gw,player_id,web_name,team_id,position,now_cost,mu,sigma,p_start,p_sub,p_60,p_10_plus,n_fixtures,actual_points,actual_minutes,did_start,captured_at,scored_at
11,1,Raya,1,GKP,59,2.6256,2.0458,0.9,0.008,0.8376,0.0,1,1,90,1,2026-08-18T09:50:29.321266+00:00,2026-08-18T09:51:31.069034+00:00
11,2,Arrizabalaga,1,GKP,42,0.1584,0.7813,0.04,0.0384,0.0403,0.0004,1,0,0,0,2026-08-18T09:50:29.321266+00:00,2026-08-18T09:51:31.069034+00:00
11,3,Hein,1,GKP,40,0,0,0.0,0.0,0.0,0,1,0,0,0,2026-08-18T09:50:29.321266+00:00,2026-08-18T09:51:31.069034+00:00
11,4,Setford,1,GKP,40,0.1236,0.5937,0.04,0.0384,0.0403,0.0,1,0,0,0,2026-08-18T09:50:29.321266+00:00,2026-08-18T09:51:31.069034+00:00
11,5,Gabriel,1,DEF,66,2.4192,2.972,0.48,0.1456,0.458,0.03,1,1,90,1,2026-08-18T09:50:29.321266+00:00,2026-08-18T09:51:31.069034+00:00
11,6,Saliba,1,DEF,60,1.7268,2.256,0.48,0.1456,0.458,0.0084,1,1,90,1,2026-08-18T09:50:29.321266+00:00,2026-08-18T09:51:31.069034+00:00
11,7,Calafiori,1,DEF,58,1.8272,2.5966,0.48,0.1456,0.458,0.02,1,1,90,1,2026-08-18T09:50:29.321266+00:00,2026-08-18T09:51:31.069034+00:00
11,8,J.Timber,1,DEF,61,1.194,2.2537,0.24,0.2128,0.2402,0.012,1,1,90,1,2026-08-18T09:50:29.321266+00:00,2026-08-18T09:51:31.069034+00:00
11,9,Kiwior,1,DEF,54,0,0,0.0,0.0,0.0,0,1,0,0,0,2026-08-18T09:50:29.321266+00:00,2026-08-18T09:51:31.069034+00:00
11,10,Lewis-Skelly,1,DEF,52,0.6668,1.3993,0.18,0.1804,0.1818,0.0016,1,0,0,0,2026-08-18T09:50:29.321266+00:00,2026-08-18T09:51:31.069034+00:00
11,11,White,1,DEF,53,0,0,0.0,0.0,0.0,0,1,0,0,0,2026-08-18T09:50:29.321266+00:00,2026-08-18T09:51:31.069034+00:00
11,13,Clarke,1,DEF,39,0.4664,1.0702,0.1,0.198,0.1088,0.0004,1,0,0,0,2026-08-18T09:50:29.321266+00:00,2026-08-18T09:51:31.069034+00:00
11,14,Kacurri,1,DEF,39,0,0,0.0,0.0,0.0,0,1,0,0,0,2026-08-18T09:50:29.321266+00:00,2026-08-18T09:51:31.069034+00:00
11,15,Nichols,1,DEF,39,0.4704,1.1405,0.1,0.198,0.1088,0.0008,1,0,0,0,2026-08-18T09:50:29.321266+00:00,2026-08-18T09:51:31.069034+00:00
11,16,Saka,1,MID,101,1.5924,2.6265,0.28,0.2016,0.2765,0.02,1,12,90,1,2026-08-18T09:50:29.321266+00:00,2026-08-18T09:51:31.069034+00:00
11,17,Ødegaard,1,MID,78,1.3148,2.0769,0.28,0.2016,0.2765,0.0076,1,0,0,0,2026-08-18T09:50:29.321266+00:00,2026-08-18T09:51:31.069034+00:00
11,18,Madueke,1,MID,68,1.068,1.6851,0.28,0.2016,0.2765,0.0024,1,0,0,0,2026-08-18T09:50:29.321266+00:00,2026-08-18T09:51:31.069034+00:00
11,19,Martinelli,1,MID,68,1.6324,2.0761,0.45,0.154,0.4308,0.0076,1,0,0,0,2026-08-18T09:50:29.321266+00:00,2026-08-18T09:51:31.069034+00:00
11,20,Trossard,1,MID,69,1.308,2.0962,0.28,0.2016,0.2765,0.01,1,9,90,1,2026-08-18T09:50:29.321266+00:00,2026-08-18T09:51:31.069034+00:00
11,21,Rice,1,MID,68,2.3824,2.6959,0.48,0.1456,0.458,0.0196,1,2,90,1,2026-08-18T09:50:29.321266+00:00,2026-08-18T09:51:31.069034+00:00
11,22,Merino,1,MID,59,1.1252,1.704,0.28,0.2016,0.2765,0.0028,1,5,90,1,2026-08-18T09:50:29.321266+00:00,2026-08-18T09:51:31.069034+00:00
11,23,Fábio Vieira,1,MID,54,0,0,0.0,0.0,0.0,0,1,0,0,0,2026-08-18T09:50:29.321266+00:00,2026-08-18T09:51:31.069034+00:00
11,24,Nørgaard,1,MID,52,1.054,1.9216,0.18,0.1804,0.1818,0.004,1,0,0,0,2026-08-18T09:50:29.321266+00:00,2026-08-18T09:51:31.069034+00:00
11,25,Nwaneri,1,MID,52,0,0,0.0,0.0,0.0,0,1,0,0,0,2026-08-18T09:50:29.321266+00:00,2026-08-18T09:51:31.069034+00:00
11,26,Zubimendi,1,MID,54,1.552,1.8687,0.48,0.1144,0.4556,0.004,1,5,90,1,2026-08-18T09:50:29.321266+00:00,2026-08-18T09:51:31.069034+00:00
11,28,Kabia,1,MID,45,0,0,0.0,0.0,0.0,0,1,0,0,0,2026-08-18T09:50:29.321266+00:00,2026-08-18T09:51:31.069034+00:00
11,29,Sambi,1,MID,45,0,0,0.0,0.0,0.0,0,1,0,0,0,2026-08-18T09:50:29.321266+00:00,2026-08-18T09:51:31.069034+00:00
11,30,Havertz,1,FWD,73,2.446,2.1909,0.72,0.0784,0.6759,0.0096,1,0,0,0,2026-08-18T09:50:29.321266+00:00,2026-08-18T09:51:31.069034+00:00
11,31,G.Jesus,1,FWD,64,1.2556,2.0117,0.28,0.2016,0.2765,0.008,1,0,0,0,2026-08-18T09:50:29.321266+00:00,2026-08-18T09:51:31.069034+00:00
11,266,Eze,1,MID,76,1.33,2.1258,0.28,0.2016,0.2765,0.008,1,2,87,1,2026-08-18T09:50:29.321266+00:00,2026-08-18T09:51:31.069034+00:00
11,662,Mosquera,1,DEF,54,0.8048,1.624,0.18,0.1804,0.1818,0.002,1,1,2,0,2026-08-18T09:50:29.321266+00:00,2026-08-18T09:51:31.069034+00:00
11,666,Gyökeres,1,FWD,89,2.0812,2.568,0.48,0.1456,0.458,0.0204,1,0,0,0,2026-08-18T09:50:29.321266+00:00,2026-08-18T09:51:31.069034+00:00
11,700,Dowman,1,MID,43,0.4704,0.9943,0.1,0.198,0.1088,0.0,1,0,0,0,2026-08-18T09:50:29.321266+00:00,2026-08-18T09:51:31.069034+00:00
11,711,Harriman-Annous,1,MID,45,0.4496,0.9711,0.1,0.198,0.1088,0.0008,1,0,0,0,2026-08-18T09:50:29.321266+00:00,2026-08-18T09:51:31.069034+00:00
11,725,Hincapie,1,DEF,54,0.7252,1.4662,0.18,0.1804,0.1818,0.0008,1,0,0,0,2026-08-18T09:50:29.321266+00:00,2026-08-18T09:51:31.069034+00:00
11,759,Salmon,1,DEF,40,0.4792,1.1252,0.1,0.198,0.1088,0.0,1,,,,2026-08-18T09:50:29.321266+00:00,
11,32,Martinez,2,GKP,50,2.9408,2.2431,0.88,0.0096,0.8192,0.0008,1,14,90,1,2026-08-18T09:50:29.321266+00:00,2026-08-18T09:51:31.069034+00:00
11,33,M.Bizot,2,GKP,43,0.2,0.8525,0.04,0.0384,0.0403,0.0,1,0,0,0,2026-08-18T09:50:29.321266+00:00,2026-08-18T09:51:31.069034+00:00
11,34,Gauci,2,GKP,40,0,0,0.0,0.0,0.0,0,1,0,0,0,2026-08-18T09:50:29.321266+00:00,2026-08-18T09:51:31.069034+00:00
11,35,Marschall,2,GKP,40,0,0,0.0,0.0,0.0,0,1,0,0,0,2026-08-18T09:50:29.321266+00:00,2026-08-18T09:51:31.069034+00:00
11,36,Cash,2,DEF,46,1.7852,2.4242,0.48,0.1144,0.4556,0.0068,1,6,90,1,2026-08-18T09:50:29.321266+00:00,2026-08-18T09:51:31.069034+00:00
11,37,Digne,2,DEF,45,0.848,1.6889,0.22,0.1716,0.2183,0.0024,1,9,90,1,2026-08-18T09:50:29.321266+00:00,2026-08-18T09:51:31.069034+00:00
11,38,Konsa,2,DEF,44,0.8952,1.6804,0.22,0.1716,0.2183,0.0012,1,6,90,1,2026-08-18T09:50:29.321266+00:00,2026-08-18T09:51:31.069034+00:00
11,39,Maatsen,2,DEF,43,0.6064,1.4766,0.1,0.198,0.1088,0.0032,1,0,0,0,2026-08-18T09:50:29.321266+00:00,2026-08-18T09:51:31.069034+00:00
11,40,Mings,2,DEF,44,0.9904,1.8929,0.22,0.1716,0.2183,0.0036,1,0,0,0,2026-08-18T09:50:29.321266+00:00,2026-08-18T09:51:31.069034+00:00
11,41,Pau,2,DEF,43,1.0568,1.9598,0.22,0.1716,0.2183,0.004,1,6,90,1,2026-08-18T09:50:29.321266+00:00,2026-08-18T09:51:31.069034+00:00
11,42,A.García,2,DEF,39,0.8516,1.5759,0.22,0.1716,0.2183,0.0004,1,0,0,0,2026-08-18T09:50:29.321266+00:00,2026-08-18T09:51:31.069034+00:00
11,43,Alex Moreno,2,DEF,40,0,0,0.0,0.0,0.0,0,1,0,0,0,2026-08-18T09:50:29.321266+00:00,2026-08-18T09:51:31.069034+00:00
11,44,Bogarde,2,DEF,40,0.8176,1.5421,0.22,0.1716,0.2183,0.0012,1,1,9,0,2026-08-18T09:50:29.321266+00:00,2026-08-18T09:51:31.069034+00:00
11,45,Sousa,2,DEF,39,0,0,0.0,0.0,0.0,0,1,0,0,0,2026-08-18T09:50:29.321266+00:00,2026-08-18T09:51:31.069034+00:00
11,46,Yasin,2,DEF,40,0,0,0.0,0.0,0.0,0,1,0,0,0,2026-08-18T09:50:29.321266+00:00,2026-08-18T09:51:31.069034+00:00
11,47,Rogers,2,MID,68,1.6464,2.0341,0.48,0.1456,0.458,0.0064,1,2,85,1,2026-08-18T09:50:29.321266+00:00,2026-08-18T09:51:31.069034+00:00
11,48,Tielemans,2,MID,59,1.1052,1.6902,0.28,0.2016,0.2765,0.0052,1,4,19,0,2026-08-18T09:50:29.321266+00:00,2026-08-18T09:51:31.069034+00:00
11,49,Bailey,2,MID,55,1.7992,2.23,0.48,0.1456,0.458,0.0088,1,0,0,0,2026-08-18T09:50:29.321266+00:00,2026-08-18T09:51:31.069034+00:00
11,50,Buendía,2,MID,53,1.1364,1.8809,0.28,0.1584,0.2731,0.0044,1,11,70,1,2026-08-18T09:50:29.321266+00:00,2026-08-18T09:51:31.069034+00:00
11,51,Iling Jr,2,MID,55,0,0,0.0,0.0,0.0,0,1,0,0,0,2026-08-18T09:50:29.321266+00:00,2026-08-18T09:51:31.069034+00:00
11,53,Malen,2,MID,51,0,0,0.0,0.0,0.0,0,1,6,9,0,2026-08-18T09:50:29.321266+00:00,2026-08-18T09:51:31.069034+00:00
11,54,McGinn,2,MID,54,1.634,2.0199,0.48,0.1144,0.4556,0.0064,1,3,70,1,2026-08-18T09:50:29.321266+00:00,2026-08-18T09:51:31.069034+00:00
11,55,Barkley,2,MID,48,0.7932,1.5087,0.18,0.1804,0.1818,0.002,1,6,19,0,2026-08-18T09:50:29.321266+00:00,2026-08-18T09:51:31.069034+00:00
11,56,Barrenechea,2,MID,50,0,0,0.0,0.0,0.0,0,1,0,0,0,2026-08-18T09:50:29.321266+00:00,2026-08-18T09:51:31.069034+00:00
11,57,Dobbin,2,MID,50,0,0,0.0,0.0,0.0,0,1,0,0,0,2026-08-18T09:50:29.321266+00:00,2026-08-18T09:51:31.069034+00:00
11,58,Kamara,2,MID,49,0,0,0.0,0.0,0.0,0,1,2,80,1,2026-08-18T09:50:29.321266+00:00,2026-08-18T09:51:31.069034+00:00
11,59,Onana,2,MID,48,1.1912,1.8159,0.28,0.1584,0.2731,0.0016,1,9,70,1,2026-08-18T09:50:29.321266+00:00,2026-08-18T09:51:31.069034+00:00
11,60,Broggio,2,MID,45,0,0,0.0,0.0,0.0,0,1,0,0,0,2026-08-18T09:50:29.321266+00:00,2026-08-18T09:51:31.069034+00:00
11,61,Dendoncker,2,MID,45,0,0,0.0,0.0,0.0,0,1,0,0,0,2026-08-18T09:50:29.321266+00:00,2026-08-18T09:51:31.069034+00:00
11,62,Jimoh-Aloba,2,MID,45,0,0,0.0,0.0,0.0,0,1,0,0,0,2026-08-18T09:50:29.321266+00:00,2026-08-18T09:51:31.069034+00:00
11,63,Young,2,MID,44,0,0,0.0,0.0,0.0,0,1,0,0,0,2026-08-18T09:50:29.321266+00:00,2026-08-18T09:51:31.069034+00:00
11,64,Watkins,2,FWD,85,1.9668,2.3695,0.48,0.1456,0.458,0.0176,1,2,80,1,2026-08-18T09:50:29.321266+00:00,2026-08-18T09:51:31.069034+00:00
11,65,Redmond,2,FWD,45,0,0,0.0,0.0,0.0,0,1,0,0,0,2026-08-18T09:50:29.321266+00:00,2026-08-18T09:51:31.069034+00:00
11,389,Elliott,2,MID,54,0.6716,1.2363,0.18,0.1804,0.1818,0.0008,1,0,0,0,2026-08-18T09:50:29.321266+00:00,2026-08-18T09:51:31.069034+00:00
11,456,Sancho,2,MID,58,1.572,1.9785,0.45,0.154,0.4308,0.0044,1,1,19,0,2026-08-18T09:50:29.321266+00:00,2026-08-18T09:51:31.069034+00:00
11,688,Wright,2,GKP,40,0.1808,0.7871,0.04,0.0384,0.0403,0.0,1,0,0,0,2026-08-18T09:50:29.321266+00:00,2026-08-18T09:51:31.069034+00:00
11,699,Douglas Luiz,2,MID,50,1.0252,1.6219,0.28,0.1584,0.2731,0.002,1,0,0,0,2026-08-18T09:50:29.321266+00:00,2026-08-18T09:51:31.069034+00:00
11,701,Rowe,2,DEF,40,0,0,0.0,0.0,0.0,0,1,0,0,0,2026-08-18T09:50:29.321266+00:00,2026-08-18T09:51:31.069034+00:00
11,702,Burrowes,2,MID,45,0.4608,0.9786,0.1,0.198,0.1088,0.0004,1,0,0,0,2026-08-18T09:50:29.321266+00:00,2026-08-18T09:51:31.069034+00:00
11,703,Proctor,2,GKP,40,0.1588,0.7312,0.04,0.0384,0.0403,0.0,1,0,0,0,2026-08-18T09:50:29.321266+00:00,2026-08-18T09:51:31.069034+00:00
11,710,Patterson,2,DEF,39,0.5476,1.282,0.1,0.198,0.1088,0.0008,1,0,0,0,2026-08-18T09:50:29.321266+00:00,2026-08-18T09:51:31.069034+00:00
11,719,Lindelöf,2,DEF,45,0.502,1.1758,0.1,0.198,0.1088,0.0008,1,0,0,0,2026-08-18T09:50:29.321266+00:00,2026-08-18T09:51:31.069034+00:00
11,754,George Hemmings,2,MID,45,0.4832,0.9743,0.1,0.198,0.1088,0.0004,1,,,,2026-08-18T09:50:29.321266+00:00,
11,757,Hollingshead,2,GKP,40,0.1832,0.8146,0.04,0.0384,0.0403,0.0,1,,,,2026-08-18T09:50:29.321266+00:00,
11,768,Leon Routh,2,DEF,40,0.544,1.2502,0.1,0.198,0.1088,0.0004,1,,,,2026-08-18T09:50:29.321266+00:00,
11,781,Carroll,2,DEF,40,0.4988,1.1917,0.1,0.198,0.1088,0.0008,1,,,,2026-08-18T09:50:29.321266+00:00,
11,792,Alysson,2,MID,50,0,0,0.0,0.0,0.0,0,1,,,,2026-08-18T09:50:29.321266+00:00,
11,808,Abraham,2,FWD,57,1.4168,1.7105,0.45,0.154,0.4308,0.0028,1,,,,2026-08-18T09:50:29.321266+00:00,
11,183,Weiss,3,GKP,44,0.1564,0.6929,0.04,0.0384,0.0403,0.0,1,0,0,0,2026-08-18T09:50:29.321266+00:00,2026-08-18T09:51:31.069034+00:00
11,184,Green,3,GKP,40,0,0,0.0,0.0,0.0,0,1,0,0,0,2026-08-18T09:50:29.321266+00:00,2026-08-18T09:51:31.069034+00:00
11,185,Hladký,3,GKP,40,0.1624,0.7168,0.04,0.0384,0.0403,0.0,1,0,0,0,2026-08-18T09:50:29.321266+00:00,2026-08-18T09:51:31.069034+00:00
11,186,Roberts,3,DEF,44,0.4736,1.1201,0.1,0.198,0.1088,0.0004,1,0,0,0,2026-08-18T09:50:29.321266+00:00,2026-08-18T09:51:31.069034+00:00
11,187,Walker,3,DEF,44,0.8816,1.6795,0.22,0.1716,0.2183,0.0004,1,0,90,1,2026-08-18T09:50:29.321266+00:00,2026-08-18T09:51:31.069034+00:00
11,188,Delcroix,3,DEF,39,0,0,0.0,0.0,0.0,0,1,0,0,0,2026-08-18T09:50:29.321266+00:00,2026-08-18T09:51:31.069034+00:00
11,189,Dodgson,3,DEF,40,0,0,0.0,0.0,0.0,0,1,0,0,0,2026-08-18T09:50:29.321266+00:00,2026-08-18T09:51:31.069034+00:00
11,190,Ekdal,3,DEF,40,0.9856,1.8427,0.22,0.1716,0.2183,0.0024,1,0,0,0,2026-08-18T09:50:29.321266+00:00,2026-08-18T09:51:31.069034+00:00
11,191,Estève,3,DEF,40,0.9008,1.7203,0.22,0.1716,0.2183,0.0012,1,3,90,1,2026-08-18T09:50:29.321266+00:00,2026-08-18T09:51:31.069034+00:00
11,192,Hartman,3,DEF,40,0.7856,1.5207,0.22,0.1716,0.2183,0.0008,1,1,80,1,2026-08-18T09:50:29.321266+00:00,2026-08-18T09:51:31.069034+00:00
11,193,Humphreys,3,DEF,40,0.508,1.2258,0.1,0.198,0.1088,0.0,1,0,0,0,2026-08-18T09:50:29.321266+00:00,2026-08-18T09:51:31.069034+00:00
11,194,Jordan,3,DEF,40,0,0,0.0,0.0,0.0,0,1,0,0,0,2026-08-18T09:50:29.321266+00:00,2026-08-18T09:51:31.069034+00:00
11,195,Lucas Pires,3,DEF,39,0.4332,1.0356,0.1,0.198,0.1088,0.0,1,1,9,0,2026-08-18T09:50:29.321266+00:00,2026-08-18T09:51:31.069034+00:00
11,196,Sambo,3,DEF,40,0,0,0.0,0.0,0.0,0,1,0,0,0,2026-08-18T09:50:29.321266+00:00,2026-08-18T09:51:31.069034+00:00
11,197,Sonne,3,DEF,39,0,0,0.0,0.0,0.0,0,1,0,0,0,2026-08-18T09:50:29.321266+00:00,2026-08-18T09:51:31.069034+00:00
11,198,Tuanzebe,3,DEF,39,1.0692,1.896,0.22,0.1716,0.2183,0.0012,1,3,90,1,2026-08-18T09:50:29.321266+00:00,2026-08-18T09:51:31.069034+00:00
11,199,Worrall,3,DEF,39,0.728,1.5674,0.1,0.198,0.1088,0.0008,1,0,0,0,2026-08-18T09:50:29.321266+00:00,2026-08-18T09:51:31.069034+00:00
11,200,Anthony,3,MID,57,1.8816,2.3097,0.48,0.1456,0.458,0.0124,1,2,80,1,2026-08-18T09:50:29.321266+00:00,2026-08-18T09:51:31.069034+00:00
11,201,Benson,3,MID,54,0,0,0.0,0.0,0.0,0,1,0,0,0,2026-08-18T09:50:29.321266+00:00,2026-08-18T09:51:31.069034+00:00
11,202,Bruun Larsen,3,MID,53,0.9132,1.4199,0.28,0.1584,0.2731,0.0008,1,1,23,0,2026-08-18T09:50:29.321266+00:00,2026-08-18T09:51:31.069034+00:00
11,203,Boateng,3,MID,48,0.6588,1.1726,0.18,0.1804,0.1818,0.0004,1,0,0,0,2026-08-18T09:50:29.321266+00:00,2026-08-18T09:51:31.069034+00:00
11,204,Churlinov,3,MID,49,0,0,0.0,0.0,0.0,0,1,0,0,0,2026-08-18T09:50:29.321266+00:00,2026-08-18T09:51:31.069034+00:00
11,205,Cullen,3,MID,50,0,0,0.0,0.0,0.0,0,1,10,90,1,2026-08-18T09:50:29.321266+00:00,2026-08-18T09:51:31.069034+00:00
11,206,Edwards,3,MID,47,0.6572,1.1799,0.18,0.1804,0.1818,0.0,1,1,9,0,2026-08-18T09:50:29.321266+00:00,2026-08-18T09:51:31.069034+00:00
11,207,Hannibal,3,MID,48,0.9508,1.5322,0.28,0.1584,0.2731,0.0016,1,4,19,0,2026-08-18T09:50:29.321266+00:00,2026-08-18T09:51:31.069034+00:00
11,208,Koleosho,3,MID,50,0,0,0.0,0.0,0.0,0,1,0,0,0,2026-08-18T09:50:29.321266+00:00,2026-08-18T09:51:31.069034+00:00
11,209,Laurent,3,MID,49,0.89,1.3246,0.28,0.1584,0.2731,0.0008,1,0,0,0,2026-08-18T09:50:29.321266+00:00,2026-08-18T09:51:31.069034+00:00
11,210,Tchaouna,3,MID,49,0.9044,1.3986,0.28,0.1584,0.2731,0.0012,1,2,66,1,2026-08-18T09:50:29.321266+00:00,2026-08-18T09:51:31.069034+00:00
11,211,A.Ramsey,3,MID,44,0,0,0.0,0.0,0.0,0,1,0,0,0,2026-08-18T09:50:29.321266+00:00,2026-08-18T09:51:31.069034+00:00
11,212,Adewumi,3,MID,45,0,0,0.0,0.0,0.0,0,1,0,0,0,2026-08-18T09:50:29.321266+00:00,2026-08-18T09:51:31.069034+00:00
11,213,Banel,3,MID,45,0,0,0.0,0.0,0.0,0,1,0,0,0,2026-08-18T09:50:29.321266+00:00,2026-08-18T09:51:31.069034+00:00
11,214,Trésor,3,MID,44,0.434,0.9132,0.1,0.198,0.1088,0.0004,1,0,0,0,2026-08-18T09:50:29.321266+00:00,2026-08-18T09:51:31.069034+00:00
11,215,Flemming,3,FWD,53,1.0368,1.7929,0.28,0.1584,0.2731,0.0096,1,5,70,1,2026-08-18T09:50:29.321266+00:00,2026-08-18T09:51:31.069034+00:00
11,216,Amdouni,3,FWD,48,0.6312,1.1123,0.18,0.1804,0.1818,0.0004,1,0,0,0,2026-08-18T09:50:29.321266+00:00,2026-08-18T09:51:31.069034+00:00
11,217,Foster,3,FWD,50,0.9636,1.5477,0.28,0.1584,0.2731,0.0016,1,0,0,0,2026-08-18T09:50:29.321266+00:00,2026-08-18T09:51:31.069034+00:00
11,218,Barnes,3,FWD,43,0.572,1.2556,0.1,0.198,0.1088,0.0008,1,0,0,0,2026-08-18T09:50:29.321266+00:00,2026-08-18T09:51:31.069034+00:00
11,219,Obafemi,3,FWD,44,0,0,0.0,0.0,0.0,0,1,0,0,0,2026-08-18T09:50:29.321266+00:00,2026-08-18T09:51:31.069034+00:00
11,470,Dúbravka,3,GKP,40,3.4524,2.1949,0.9,0.004,0.8373,0.0024,1,2,90,1,2026-08-18T09:50:29.321266+00:00,2026-08-18T09:51:31.069034+00:00
11,614,Ward-Prowse,3,MID,57,1.0728,1.6404,0.28,0.2016,0.2765,0.0044,1,0,0,0,2026-08-18T09:50:29.321266+00:00,2026-08-18T09:51:31.069034+00:00
11,676,Ugochukwu,3,MID,50,1.0664,1.663,0.28,0.1584,0.2731,0.0008,1,5,70,1,2026-08-18T09:50:29.321266+00:00,2026-08-18T09:51:31.069034+00:00
11,680,Broja,3,FWD,52,0.648,1.1986,0.18,0.1804,0.1818,0.0008,1,1,19,0,2026-08-18T09:50:29.321266+00:00,2026-08-18T09:51:31.069034+00:00
11,722,Florentino,3,MID,50,1.0932,1.7046,0.28,0.1584,0.2731,0.002,1,4,90,1,2026-08-18T09:50:29.321266+00:00,2026-08-18T09:51:31.069034+00:00
11,776,Pimlott,3,MID,45,0.4632,0.9484,0.1,0.198,0.1088,0.0008,1,,,,2026-08-18T09:50:29.321266+00:00,
11,784,Brierley,3,MID,45,0.482,0.9598,0.1,0.198,0.1088,0.0,1,,,,2026-08-18T09:50:29.321266+00:00,
11,820,McMahon-Brown,3,MID,45,0.4704,0.941,0.1,0.198,0.1088,0.0,1,,,,2026-08-18T09:50:29.321266+00:00,
11,66,Neto,4,GKP,45,0,0,0.0,0.0,0.0,0,1,0,0,0,2026-08-18T09:50:29.321266+00:00,2026-08-18T09:51:31.069034+00:00
11,67,Petrović,4,GKP,45,2.8692,2.0422,0.9,0.004,0.8373,0.0012,1,1,90,1,2026-08-18T09:50:29.321266+00:00,2026-08-18T09:51:31.069034+00:00
11,68,Dennis,4,GKP,40,0,0,0.0,0.0,0.0,0,1,0,0,0,2026-08-18T09:50:29.321266+00:00,2026-08-18T09:51:31.069034+00:00
11,69,McKenna,4,GKP,40,0.1448,0.6917,0.04,0.0384,0.0403,0.0,1,0,0,0,2026-08-18T09:50:29.321266+00:00,2026-08-18T09:51:31.069034+00:00
11,70,Paulsen,4,GKP,40,0,0,0.0,0.0,0.0,0,1,0,0,0,2026-08-18T09:50:29.321266+00:00,2026-08-18T09:51:31.069034+00:00
11,71,Zabarnyi,4,DEF,50,0,0,0.0,0.0,0.0,0,1,0,0,0,2026-08-18T09:50:29.321266+00:00,2026-08-18T09:51:31.069034+00:00
11,72,Senesi,4,DEF,50,2.3944,2.8653,0.48,0.1144,0.4556,0.0184,1,2,90,1,2026-08-18T09:50:29.321266+00:00,2026-08-18T09:51:31.069034+00:00
11,73,Smith,4,DEF,44,0.6828,1.3187,0.22,0.1716,0.2183,0.0004,1,1,9,0,2026-08-18T09:50:29.321266+00:00,2026-08-18T09:51:31.069034+00:00
11,74,Truffert,4,DEF,45,0.8976,1.7011,0.22,0.1716,0.2183,0.0024,1,0,62,1,2026-08-18T09:50:29.321266+00:00,2026-08-18T09:51:31.069034+00:00
11,75,Akinmboni,4,DEF,39,0.4732,1.1244,0.1,0.198,0.1088,0.0004,1,0,0,0,2026-08-18T09:50:29.321266+00:00,2026-08-18T09:51:31.069034+00:00
11,76,Bevan,4,DEF,39,0.4456,1.063,0.1,0.198,0.1088,0.0008,1,0,0,0,2026-08-18T09:50:29.321266+00:00,2026-08-18T09:51:31.069034+00:00
11,77,Hill,4,DEF,40,0.4892,1.1683,0.1,0.198,0.1088,0.0008,1,0,0,0,2026-08-18T09:50:29.321266+00:00,2026-08-18T09:51:31.069034+00:00
11,78,J.Araujo,4,DEF,39,0,0,0.0,0.0,0.0,0,1,0,0,0,2026-08-18T09:50:29.321266+00:00,2026-08-18T09:51:31.069034+00:00
11,79,Mepham,4,DEF,40,0,0,0.0,0.0,0.0,0,1,0,0,0,2026-08-18T09:50:29.321266+00:00,2026-08-18T09:51:31.069034+00:00
11,80,Soler,4,DEF,40,0.4632,1.1108,0.1,0.198,0.1088,0.0,1,0,0,0,2026-08-18T09:50:29.321266+00:00,2026-08-18T09:51:31.069034+00:00
11,81,Kluivert,4,MID,70,1.2696,2.1327,0.28,0.2016,0.2765,0.0108,1,2,62,1,2026-08-18T09:50:29.321266+00:00,2026-08-18T09:51:31.069034+00:00
11,84,Tavernier,4,MID,55,2.0008,2.2658,0.48,0.1456,0.458,0.01,1,2,90,1,2026-08-18T09:50:29.321266+00:00,2026-08-18T09:51:31.069034+00:00
11,85,Adams,4,MID,50,1.6936,1.9814,0.48,0.1144,0.4556,0.0032,1,2,90,1,2026-08-18T09:50:29.321266+00:00,2026-08-18T09:51:31.069034+00:00
11,86,Brooks,4,MID,50,0.9156,1.537,0.28,0.1584,0.2731,0.0016,1,1,13,0,2026-08-18T09:50:29.321266+00:00,2026-08-18T09:51:31.069034+00:00
11,87,Christie,4,MID,50,0,0,0.0,0.0,0.0,0,1,1,27,0,2026-08-18T09:50:29.321266+00:00,2026-08-18T09:51:31.069034+00:00
11,88,Cook,4,MID,49,0.988,1.822,0.18,0.1804,0.1818,0.0036,1,1,45,1,2026-08-18T09:50:29.321266+00:00,2026-08-18T09:51:31.069034+00:00
11,89,Philip,4,MID,49,0,0,0.0,0.0,0.0,0,1,0,0,0,2026-08-18T09:50:29.321266+00:00,2026-08-18T09:51:31.069034+00:00
11,90,Scott,4,MID,50,1.6788,1.9546,0.48,0.1144,0.4556,0.004,1,2,62,1,2026-08-18T09:50:29.321266+00:00,2026-08-18T09:51:31.069034+00:00
11,91,Sinisterra,4,MID,50,0,0,0.0,0.0,0.0,0,1,0,0,0,2026-08-18T09:50:29.321266+00:00,2026-08-18T09:51:31.069034+00:00
11,92,Faivre,4,MID,45,0,0,0.0,0.0,0.0,0,1,0,0,0,2026-08-18T09:50:29.321266+00:00,2026-08-18T09:51:31.069034+00:00
11,93,H.Traorè,4,MID,45,0,0,0.0,0.0,0.0,0,1,0,0,0,2026-08-18T09:50:29.321266+00:00,2026-08-18T09:51:31.069034+00:00
11,94,Sadi,4,MID,45,0,0,0.0,0.0,0.0,0,1,0,0,0,2026-08-18T09:50:29.321266+00:00,2026-08-18T09:51:31.069034+00:00
11,95,Silcott-Duberry,4,MID,44,0,0,0.0,0.0,0.0,0,1,0,0,0,2026-08-18T09:50:29.321266+00:00,2026-08-18T09:51:31.069034+00:00
11,96,Winterburn,4,MID,45,0,0,0.0,0.0,0.0,0,1,0,0,0,2026-08-18T09:50:29.321266+00:00,2026-08-18T09:51:31.069034+00:00
11,97,Evanilson,4,FWD,70,1.1332,1.7713,0.28,0.2016,0.2765,0.0044,1,2,76,1,2026-08-18T09:50:29.321266+00:00,2026-08-18T09:51:31.069034+00:00
11,98,Enes Ünal,4,FWD,54,0.6848,1.237,0.18,0.1804,0.1818,0.0008,1,0,0,0,2026-08-18T09:50:29.321266+00:00,2026-08-18T09:51:31.069034+00:00
11,99,Adu-Adjei,4,FWD,44,0,0,0.0,0.0,0.0,0,1,0,0,0,2026-08-18T09:50:29.321266+00:00,2026-08-18T09:51:31.069034+00:00
11,100,Kroupi.Jr,4,FWD,46,0.974,1.5947,0.28,0.1584,0.2731,0.004,1,1,27,0,2026-08-18T09:50:29.321266+00:00,2026-08-18T09:51:31.069034+00:00
11,391,Gannon-Doak,4,MID,49,0.676,1.2025,0.18,0.1804,0.1818,0.0008,1,0,0,0,2026-08-18T09:50:29.321266+00:00,2026-08-18T09:51:31.069034+00:00
11,685,Diakité,4,DEF,45,0.9092,1.7248,0.22,0.1716,0.2183,0.0012,1,0,0,0,2026-08-18T09:50:29.321266+00:00,2026-08-18T09:51:31.069034+00:00
11,687,Rees-Dottin,4,MID,44,0.4432,0.9269,0.1,0.198,0.1088,0.0,1,0,0,0,2026-08-18T09:50:29.321266+00:00,2026-08-18T09:51:31.069034+00:00
11,697,Adli,4,MID,54,0.9828,1.7776,0.18,0.1804,0.1818,0.0016,1,1,27,0,2026-08-18T09:50:29.321266+00:00,2026-08-18T09:51:31.069034+00:00
11,713,A.Jimenez,4,DEF,45,0.7592,1.5191,0.22,0.1716,0.2183,0.0012,1,-1,35,0,2026-08-18T09:50:29.321266+00:00,2026-08-18T09:51:31.069034+00:00
11,721,Milosavljević,4,DEF,45,0.52,1.2357,0.1,0.198,0.1088,0.0004,1,2,90,1,2026-08-18T09:50:29.321266+00:00,2026-08-18T09:51:31.069034+00:00
11,756,DaCosta,4,MID,45,0.4588,0.9528,0.1,0.198,0.1088,0.0,1,,,,2026-08-18T09:50:29.321266+00:00,
11,782,Forster,4,GKP,40,0.1968,0.8704,0.04,0.0384,0.0403,0.0,1,,,,2026-08-18T09:50:29.321266+00:00,
11,799,Stevens,4,MID,45,0.4444,0.8845,0.1,0.198,0.1088,0.0,1,,,,2026-08-18T09:50:29.321266+00:00,
11,801,Tóth.A,4,MID,49,0.7028,1.2135,0.18,0.1804,0.1818,0.0,1,,,,2026-08-18T09:50:29.321266+00:00,
11,806,Mandas,4,GKP,40,0.1388,0.6792,0.04,0.0384,0.0403,0.0,1,,,,2026-08-18T09:50:29.321266+00:00,
11,807,Rayan,4,MID,54,0.7176,1.3586,0.18,0.1804,0.1818,0.0,1,,,,2026-08-18T09:50:29.321266+00:00,
11,27,Nelson,5,MID,48,1.0348,1.9177,0.18,0.1804,0.1818,0.0044,1,1,1,0,2026-08-18T09:50:29.321266+00:00,2026-08-18T09:51:31.069034+00:00
11,83,O.Dango,5,MID,60,1.4408,2.371,0.28,0.2016,0.2765,0.012,1,4,90,1,2026-08-18T09:50:29.321266+00:00,2026-08-18T09:51:31.069034+00:00
11,101,Kelleher,5,GKP,45,3.0048,2.1722,0.9,0.004,0.8373,0.0004,1,2,90,1,2026-08-18T09:50:29.321266+00:00,2026-08-18T09:51:31.069034+00:00
11,102,Balcombe,5,GKP,40,0.1724,0.8332,0.04,0.0384,0.0403,0.0,1,0,0,0,2026-08-18T09:50:29.321266+00:00,2026-08-18T09:51:31.069034+00:00
11,103,Cox,5,GKP,40,0,0,0.0,0.0,0.0,0,1,0,0,0,2026-08-18T09:50:29.321266+00:00,2026-08-18T09:51:31.069034+00:00
11,104,Eyestone,5,GKP,40,0.1892,0.8528,0.04,0.0384,0.0403,0.0,1,0,0,0,2026-08-18T09:50:29.321266+00:00,2026-08-18T09:51:31.069034+00:00
11,105,Valdimarsson,5,GKP,39,0.1708,0.7942,0.04,0.0384,0.0403,0.0,1,0,0,0,2026-08-18T09:50:29.321266+00:00,2026-08-18T09:51:31.069034+00:00
11,106,Collins,5,DEF,49,2.1232,2.7308,0.48,0.1144,0.4556,0.014,1,2,90,1,2026-08-18T09:50:29.321266+00:00,2026-08-18T09:51:31.069034+00:00
11,107,Lewis-Potter,5,DEF,49,1.0708,1.9073,0.28,0.1584,0.2731,0.0052,1,0,0,0,2026-08-18T09:50:29.321266+00:00,2026-08-18T09:51:31.069034+00:00
11,108,Ajer,5,DEF,44,1.0096,1.9438,0.22,0.1716,0.2183,0.0064,1,0,0,0,2026-08-18T09:50:29.321266+00:00,2026-08-18T09:51:31.069034+00:00
11,109,Henry,5,DEF,43,0,0,0.0,0.0,0.0,0,1,1,20,0,2026-08-18T09:50:29.321266+00:00,2026-08-18T09:51:31.069034+00:00
11,110,Kayode,5,DEF,45,1.1532,2.1174,0.22,0.1716,0.2183,0.0052,1,4,90,1,2026-08-18T09:50:29.321266+00:00,2026-08-18T09:51:31.069034+00:00
11,111,Pinnock,5,DEF,43,0.5624,1.3457,0.1,0.198,0.1088,0.0004,1,0,0,0,2026-08-18T09:50:29.321266+00:00,2026-08-18T09:51:31.069034+00:00
11,112,Roerslev,5,DEF,45,0,0,0.0,0.0,0.0,0,1,0,0,0,2026-08-18T09:50:29.321266+00:00,2026-08-18T09:51:31.069034+00:00
11,113,Van den Berg,5,DEF,45,1.06,2.1147,0.22,0.1716,0.2183,0.01,1,2,90,1,2026-08-18T09:50:29.321266+00:00,2026-08-18T09:51:31.069034+00:00
11,114,Arthur,5,DEF,39,0,0,0.0,0.0,0.0,0,1,0,0,0,2026-08-18T09:50:29.321266+00:00,2026-08-18T09:51:31.069034+00:00
11,115,Fredrick,5,DEF,40,0,0,0.0,0.0,0.0,0,1,0,0,0,2026-08-18T09:50:29.321266+00:00,2026-08-18T09:51:31.069034+00:00
11,116,Hickey,5,DEF,40,0.4892,1.191,0.1,0.198,0.1088,0.0016,1,2,69,1,2026-08-18T09:50:29.321266+00:00,2026-08-18T09:51:31.069034+00:00
11,117,Ji-soo,5,DEF,39,0,0,0.0,0.0,0.0,0,1,0,0,0,2026-08-18T09:50:29.321266+00:00,2026-08-18T09:51:31.069034+00:00
11,118,Meghoma,5,DEF,40,0,0,0.0,0.0,0.0,0,1,0,0,0,2026-08-18T09:50:29.321266+00:00,2026-08-18T09:51:31.069034+00:00
11,120,Schade,5,MID,70,1.9196,2.6044,0.48,0.1456,0.458,0.0192,1,8,90,1,2026-08-18T09:50:29.321266+00:00,2026-08-18T09:51:31.069034+00:00
11,121,Damsgaard,5,MID,58,1.9944,2.3475,0.48,0.1456,0.458,0.012,1,2,83,1,2026-08-18T09:50:29.321266+00:00,2026-08-18T09:51:31.069034+00:00
11,122,Milambo,5,MID,53,0,0,0.0,0.0,0.0,0,1,0,0,0,2026-08-18T09:50:29.321266+00:00,2026-08-18T09:51:31.069034+00:00
11,123,Carvalho,5,MID,49,0,0,0.0,0.0,0.0,0,1,0,0,0,2026-08-18T09:50:29.321266+00:00,2026-08-18T09:51:31.069034+00:00
11,124,Henderson,5,MID,50,1.542,1.7787,0.48,0.1144,0.4556,0.002,1,2,90,1,2026-08-18T09:50:29.321266+00:00,2026-08-18T09:51:31.069034+00:00
11,125,Janelt,5,MID,49,0.9492,1.789,0.18,0.1804,0.1818,0.004,1,1,6,0,2026-08-18T09:50:29.321266+00:00,2026-08-18T09:51:31.069034+00:00
11,126,Jensen,5,MID,49,0.8652,1.6481,0.18,0.1804,0.1818,0.0012,1,1,6,0,2026-08-18T09:50:29.321266+00:00,2026-08-18T09:51:31.069034+00:00
11,127,Nunes,5,MID,49,0,0,0.0,0.0,0.0,0,1,0,0,0,2026-08-18T09:50:29.321266+00:00,2026-08-18T09:51:31.069034+00:00
11,128,Onyeka,5,MID,49,0,0,0.0,0.0,0.0,0,1,0,0,0,2026-08-18T09:50:29.321266+00:00,2026-08-18T09:51:31.069034+00:00
11,129,Yarmoliuk,5,MID,50,1.7584,1.9851,0.48,0.1144,0.4556,0.0016,1,4,83,1,2026-08-18T09:50:29.321266+00:00,2026-08-18T09:51:31.069034+00:00
11,130,Donovan,5,MID,45,0.4616,0.9675,0.1,0.198,0.1088,0.0,1,0,0,0,2026-08-18T09:50:29.321266+00:00,2026-08-18T09:51:31.069034+00:00
11,131,Konak,5,MID,44,0,0,0.0,0.0,0.0,0,1,0,0,0,2026-08-18T09:50:29.321266+00:00,2026-08-18T09:51:31.069034+00:00
11,132,Maghoma,5,MID,45,0,0,0.0,0.0,0.0,0,1,0,0,0,2026-08-18T09:50:29.321266+00:00,2026-08-18T09:51:31.069034+00:00
11,133,Peart-Harris,5,MID,44,0,0,0.0,0.0,0.0,0,1,0,0,0,2026-08-18T09:50:29.321266+00:00,2026-08-18T09:51:31.069034+00:00
11,134,Trevitt,5,MID,45,0,0,0.0,0.0,0.0,0,1,0,0,0,2026-08-18T09:50:29.321266+00:00,2026-08-18T09:51:31.069034+00:00
11,136,Thiago,5,FWD,62,2.114,2.6334,0.48,0.1456,0.458,0.0216,1,13,90,1,2026-08-18T09:50:29.321266+00:00,2026-08-18T09:51:31.069034+00:00
11,137,Morgan,5,FWD,44,0,0,0.0,0.0,0.0,0,1,0,0,0,2026-08-18T09:50:29.321266+00:00,2026-08-18T09:51:31.069034+00:00
11,748,Dasilva,5,MID,50,0.7016,1.3493,0.18,0.1804,0.1818,0.002,1,0,0,0,2026-08-18T09:50:29.321266+00:00,2026-08-18T09:51:31.069034+00:00
11,797,Furo,5,FWD,45,0.438,0.9074,0.1,0.198,0.1088,0.0008,1,,,,2026-08-18T09:50:29.321266+00:00,
11,810,Bentt,5,MID,45,0.468,0.9837,0.1,0.198,0.1088,0.0004,1,,,,2026-08-18T09:50:29.321266+00:00,
11,819,Shield,5,DEF,40,0.5316,1.28,0.1,0.198,0.1088,0.0008,1,,,,2026-08-18T09:50:29.321266+00:00,
11,823,Stephenson,5,DEF,40,0.5636,1.331,0.1,0.198,0.1088,0.0012,1,,,,2026-08-18T09:50:29.321266+00:00,
11,824,McManus,5,DEF,40,0.492,1.1822,0.1,0.198,0.1088,0.0,1,,,,2026-08-18T09:50:29.321266+00:00,
11,826,Owen,5,MID,45,0.464,0.9467,0.1,0.198,0.1088,0.0004,1,,,,2026-08-18T09:50:29.321266+00:00,
11,138,Steele,6,GKP,43,0.1428,0.6713,0.04,0.0384,0.0403,0.0,1,0,0,0,2026-08-18T09:50:29.321266+00:00,2026-08-18T09:51:31.069034+00:00
11,139,Verbruggen,6,GKP,44,2.6488,1.9929,0.9,0.004,0.8373,0.0008,1,6,90,1,2026-08-18T09:50:29.321266+00:00,2026-08-18T09:51:31.069034+00:00
11,140,McGill,6,GKP,40,0.1656,0.7419,0.04,0.0384,0.0403,0.0,1,0,0,0,2026-08-18T09:50:29.321266+00:00,2026-08-18T09:51:31.069034+00:00
11,141,Rushworth,6,GKP,40,0,0,0.0,0.0,0.0,0,1,0,0,0,2026-08-18T09:50:29.321266+00:00,2026-08-18T09:51:31.069034+00:00
11,142,Scherpen,6,GKP,40,0,0,0.0,0.0,0.0,0,1,0,0,0,2026-08-18T09:50:29.321266+00:00,2026-08-18T09:51:31.069034+00:00
11,143,Boscagli,6,DEF,43,0.436,1.017,0.1,0.198,0.1088,0.0004,1,0,0,0,2026-08-18T09:50:29.321266+00:00,2026-08-18T09:51:31.069034+00:00
11,144,Coppola,6,DEF,43,0,0,0.0,0.0,0.0,0,1,0,0,0,2026-08-18T09:50:29.321266+00:00,2026-08-18T09:51:31.069034+00:00
11,145,De Cuyper,6,DEF,43,0.7948,1.597,0.22,0.1716,0.2183,0.0016,1,1,5,0,2026-08-18T09:50:29.321266+00:00,2026-08-18T09:51:31.069034+00:00
11,146,Dunk,6,DEF,45,0.7812,1.576,0.22,0.1716,0.2183,0.0024,1,6,90,1,2026-08-18T09:50:29.321266+00:00,2026-08-18T09:51:31.069034+00:00
11,147,Estupiñan,6,DEF,45,0,0,0.0,0.0,0.0,0,1,0,0,0,2026-08-18T09:50:29.321266+00:00,2026-08-18T09:51:31.069034+00:00
11,148,F.Kadıoğlu,6,DEF,44,0.6956,1.4195,0.22,0.1716,0.2183,0.0004,1,6,90,1,2026-08-18T09:50:29.321266+00:00,2026-08-18T09:51:31.069034+00:00
11,149,Igor,6,DEF,45,0.4652,1.1051,0.1,0.198,0.1088,0.0004,1,1,7,0,2026-08-18T09:50:29.321266+00:00,2026-08-18T09:51:31.069034+00:00
11,150,Lamptey,6,DEF,44,0,0,0.0,0.0,0.0,0,1,0,0,0,2026-08-18T09:50:29.321266+00:00,2026-08-18T09:51:31.069034+00:00
11,151,Van Hecke,6,DEF,44,1.0204,1.976,0.22,0.1716,0.2183,0.0064,1,5,90,1,2026-08-18T09:50:29.321266+00:00,2026-08-18T09:51:31.069034+00:00
11,152,Veltman,6,DEF,43,0.9276,1.7622,0.22,0.1716,0.2183,0.0024,1,0,15,0,2026-08-18T09:50:29.321266+00:00,2026-08-18T09:51:31.069034+00:00
11,153,Webster,6,DEF,44,0,0,0.0,0.0,0.0,0,1,0,0,0,2026-08-18T09:50:29.321266+00:00,2026-08-18T09:51:31.069034+00:00
11,154,Cashin,6,DEF,40,0,0,0.0,0.0,0.0,0,1,0,0,0,2026-08-18T09:50:29.321266+00:00,2026-08-18T09:51:31.069034+00:00
11,155,Slater,6,DEF,40,0,0,0.0,0.0,0.0,0,1,0,0,0,2026-08-18T09:50:29.321266+00:00,2026-08-18T09:51:31.069034+00:00
11,156,Tasker,6,DEF,39,0.464,1.0645,0.1,0.198,0.1088,0.0,1,0,0,0,2026-08-18T09:50:29.321266+00:00,2026-08-18T09:51:31.069034+00:00
11,157,Mitoma,6,MID,62,0,0,0.0,0.0,0.0,0,1,0,0,0,2026-08-18T09:50:29.321266+00:00,2026-08-18T09:51:31.069034+00:00
11,158,Georginio,6,MID,57,1.0632,1.6476,0.28,0.2016,0.2765,0.0032,1,2,74,1,2026-08-18T09:50:29.321266+00:00,2026-08-18T09:51:31.069034+00:00
11,159,March,6,MID,58,1.4628,1.7443,0.45,0.154,0.4308,0.0032,1,0,0,0,2026-08-18T09:50:29.321266+00:00,2026-08-18T09:51:31.069034+00:00
11,160,Minteh,6,MID,60,1.9796,2.2892,0.48,0.1456,0.458,0.0108,1,3,90,1,2026-08-18T09:50:29.321266+00:00,2026-08-18T09:51:31.069034+00:00
11,161,Enciso,6,MID,54,0,0,0.0,0.0,0.0,0,1,0,0,0,2026-08-18T09:50:29.321266+00:00,2026-08-18T09:51:31.069034+00:00
11,162,Gruda,6,MID,54,0,0,0.0,0.0,0.0,0,1,0,0,0,2026-08-18T09:50:29.321266+00:00,2026-08-18T09:51:31.069034+00:00
11,163,Hinshelwood,6,MID,51,0.7176,1.3137,0.18,0.1804,0.1818,0.0012,1,0,0,0,2026-08-18T09:50:29.321266+00:00,2026-08-18T09:51:31.069034+00:00
11,164,O'Riley,6,MID,55,1.434,1.7674,0.45,0.154,0.4308,0.0032,1,0,0,0,2026-08-18T09:50:29.321266+00:00,2026-08-18T09:51:31.069034+00:00
11,165,Sima,6,MID,54,0,0,0.0,0.0,0.0,0,1,0,0,0,2026-08-18T09:50:29.321266+00:00,2026-08-18T09:51:31.069034+00:00
11,166,Ayari,6,MID,49,1.702,2.0059,0.48,0.1144,0.4556,0.004,1,3,90,1,2026-08-18T09:50:29.321266+00:00,2026-08-18T09:51:31.069034+00:00
11,167,Baleba,6,MID,47,1.4172,1.731,0.48,0.1144,0.4556,0.0024,1,2,74,1,2026-08-18T09:50:29.321266+00:00,2026-08-18T09:51:31.069034+00:00
11,169,Gomez,6,MID,49,1.192,2.0976,0.28,0.1584,0.2731,0.0072,1,3,84,1,2026-08-18T09:50:29.321266+00:00,2026-08-18T09:51:31.069034+00:00
11,170,Milner,6,MID,50,0.822,1.6401,0.18,0.1804,0.1818,0.002,1,0,0,0,2026-08-18T09:50:29.321266+00:00,2026-08-18T09:51:31.069034+00:00
11,171,Sarmiento,6,MID,49,0,0,0.0,0.0,0.0,0,1,0,0,0,2026-08-18T09:50:29.321266+00:00,2026-08-18T09:51:31.069034+00:00
11,172,Watson,6,MID,49,0,0,0.0,0.0,0.0,0,1,0,0,0,2026-08-18T09:50:29.321266+00:00,2026-08-18T09:51:31.069034+00:00
11,173,Wieffer,6,MID,49,1.2772,2.0346,0.28,0.1584,0.2731,0.0044,1,3,90,1,2026-08-18T09:50:29.321266+00:00,2026-08-18T09:51:31.069034+00:00
11,174,Yalcouye,6,MID,50,0,0,0.0,0.0,0.0,0,1,0,0,0,2026-08-18T09:50:29.321266+00:00,2026-08-18T09:51:31.069034+00:00
11,175,Knight,6,MID,45,0,0,0.0,0.0,0.0,0,1,0,0,0,2026-08-18T09:50:29.321266+00:00,2026-08-18T09:51:31.069034+00:00
11,176,Mazilu,6,MID,45,0,0,0.0,0.0,0.0,0,1,0,0,0,2026-08-18T09:50:29.321266+00:00,2026-08-18T09:51:31.069034+00:00
11,177,Moran,6,MID,45,0,0,0.0,0.0,0.0,0,1,0,0,0,2026-08-18T09:50:29.321266+00:00,2026-08-18T09:51:31.069034+00:00
11,178,Welbeck,6,FWD,65,1.3024,2.0963,0.28,0.2016,0.2765,0.006,1,2,84,1,2026-08-18T09:50:29.321266+00:00,2026-08-18T09:51:31.069034+00:00
11,179,Ferguson,6,FWD,55,0,0,0.0,0.0,0.0,0,1,0,0,0,2026-08-18T09:50:29.321266+00:00,2026-08-18T09:51:31.069034+00:00
11,180,Tzimas,6,FWD,53,0,0,0.0,0.0,0.0,0,1,1,5,0,2026-08-18T09:50:29.321266+00:00,2026-08-18T09:51:31.069034+00:00
11,181,Kostoulas,6,FWD,48,0.8324,1.5351,0.18,0.1804,0.1818,0.0012,1,1,15,0,2026-08-18T09:50:29.321266+00:00,2026-08-18T09:51:31.069034+00:00
11,744,Oriola,6,MID,45,0.4812,0.9894,0.1,0.198,0.1088,0.0004,1,0,0,0,2026-08-18T09:50:29.321266+00:00,2026-08-18T09:51:31.069034+00:00
11,761,Simmonds,6,DEF,40,0.432,1.0199,0.1,0.198,0.1088,0.0,1,,,,2026-08-18T09:50:29.321266+00:00,
11,783,Groß,6,MID,56,1.4928,1.7987,0.45,0.154,0.4308,0.002,1,,,,2026-08-18T09:50:29.321266+00:00,
11,795,Howell,6,MID,45,0.4352,0.8568,0.1,0.198,0.1088,0.0,1,,,,2026-08-18T09:50:29.321266+00:00,
11,220,Sánchez,7,GKP,48,2.952,2.2487,0.88,0.0096,0.8192,0.0008,1,6,90,1,2026-08-18T09:50:29.321266+00:00,2026-08-18T09:51:31.069034+00:00
11,221,Jörgensen,7,GKP,44,0.1804,0.7885,0.04,0.0384,0.0403,0.0,1,0,0,0,2026-08-18T09:50:29.321266+00:00,2026-08-18T09:51:31.069034+00:00
11,222,Penders,7,GKP,40,0,0,0.0,0.0,0.0,0,1,0,0,0,2026-08-18T09:50:29.321266+00:00,2026-08-18T09:51:31.069034+00:00
11,223,Slonina,7,GKP,39,0.1692,0.7736,0.04,0.0384,0.0403,0.0,1,0,0,0,2026-08-18T09:50:29.321266+00:00,2026-08-18T09:51:31.069034+00:00
11,224,Cucurella,7,DEF,61,2.1456,2.6833,0.48,0.1456,0.458,0.0112,1,6,90,1,2026-08-18T09:50:29.321266+00:00,2026-08-18T09:51:31.069034+00:00
11,225,James,7,DEF,55,1.3056,2.2298,0.28,0.2016,0.2765,0.008,1,1,13,0,2026-08-18T09:50:29.321266+00:00,2026-08-18T09:51:31.069034+00:00
11,226,Chalobah,7,DEF,51,2.0988,2.7188,0.48,0.1144,0.4556,0.0132,1,6,90,1,2026-08-18T09:50:29.321266+00:00,2026-08-18T09:51:31.069034+00:00
11,227,Colwill,7,DEF,48,3.0524,2.5724,0.9,0.018,0.8384,0.016,1,0,0,0,2026-08-18T09:50:29.321266+00:00,2026-08-18T09:51:31.069034+00:00
11,228,Gusto,7,DEF,49,1.0572,1.8522,0.28,0.1584,0.2731,0.0028,1,15,76,1,2026-08-18T09:50:29.321266+00:00,2026-08-18T09:51:31.069034+00:00
11,229,B.Badiashile,7,DEF,44,0.5364,1.2973,0.1,0.198,0.1088,0.0,1,0,0,0,2026-08-18T09:50:29.321266+00:00,2026-08-18T09:51:31.069034+00:00
11,230,Fofana,7,DEF,44,0,0,0.0,0.0,0.0,0,1,6,90,1,2026-08-18T09:50:29.321266+00:00,2026-08-18T09:51:31.069034+00:00
11,231,M.Sarr,7,DEF,45,0.5692,1.3858,0.1,0.198,0.1088,0.0008,1,0,0,0,2026-08-18T09:50:29.321266+00:00,2026-08-18T09:51:31.069034+00:00
11,232,Tosin,7,DEF,43,1.0172,1.915,0.22,0.1716,0.2183,0.0016,1,0,0,0,2026-08-18T09:50:29.321266+00:00,2026-08-18T09:51:31.069034+00:00
11,233,Acheampong,7,DEF,39,0.9596,1.8033,0.22,0.1716,0.2183,0.0028,1,0,0,0,2026-08-18T09:50:29.321266+00:00,2026-08-18T09:51:31.069034+00:00
11,234,Anselmino,7,DEF,40,0,0,0.0,0.0,0.0,0,1,0,0,0,2026-08-18T09:50:29.321266+00:00,2026-08-18T09:51:31.069034+00:00
11,235,Palmer,7,MID,103,3.9632,3.9581,0.72,0.0784,0.6759,0.1012,1,0,0,0,2026-08-18T09:50:29.321266+00:00,2026-08-18T09:51:31.069034+00:00
11,236,Neto,7,MID,71,2.2632,2.788,0.48,0.1456,0.458,0.024,1,9,76,1,2026-08-18T09:50:29.321266+00:00,2026-08-18T09:51:31.069034+00:00
11,237,Enzo,7,MID,67,2.3688,2.9946,0.48,0.1456,0.458,0.0308,1,3,82,1,2026-08-18T09:50:29.321266+00:00,2026-08-18T09:51:31.069034+00:00
11,238,Estêvão,7,MID,65,0,0,0.0,0.0,0.0,0,1,4,26,0,2026-08-18T09:50:29.321266+00:00,2026-08-18T09:51:31.069034+00:00
11,239,Gittens,7,MID,61,0.9988,1.7369,0.225,0.217,0.2266,0.0044,1,1,7,0,2026-08-18T09:50:29.321266+00:00,2026-08-18T09:51:31.069034+00:00
11,240,Nkunku,7,MID,59,0,0,0.0,0.0,0.0,0,1,0,0,0,2026-08-18T09:50:29.321266+00:00,2026-08-18T09:51:31.069034+00:00
11,241,Caicedo,7,MID,60,2.5416,2.8585,0.48,0.1456,0.458,0.0216,1,2,90,1,2026-08-18T09:50:29.321266+00:00,2026-08-18T09:51:31.069034+00:00
11,244,Lavia,7,MID,49,0.5196,1.1851,0.09,0.2002,0.0997,0.0008,1,0,0,0,2026-08-18T09:50:29.321266+00:00,2026-08-18T09:51:31.069034+00:00
11,245,Mudryk,7,MID,50,0,0,0.0,0.0,0.0,0,1,0,0,0,2026-08-18T09:50:29.321266+00:00,2026-08-18T09:51:31.069034+00:00
11,246,Andrey Santos,7,MID,45,0.5232,1.1508,0.1,0.198,0.1088,0.0004,1,1,7,0,2026-08-18T09:50:29.321266+00:00,2026-08-18T09:51:31.069034+00:00
11,247,D.Essugo,7,MID,43,0.4736,0.9745,0.1,0.198,0.1088,0.0,1,0,0,0,2026-08-18T09:50:29.321266+00:00,2026-08-18T09:51:31.069034+00:00
11,248,Paez,7,MID,45,0,0,0.0,0.0,0.0,0,1,0,0,0,2026-08-18T09:50:29.321266+00:00,2026-08-18T09:51:31.069034+00:00
11,249,João Pedro,7,FWD,74,2.224,2.6159,0.48,0.1456,0.458,0.0196,1,7,82,1,2026-08-18T09:50:29.321266+00:00,2026-08-18T09:51:31.069034+00:00
11,250,Delap,7,FWD,62,1.5216,1.8806,0.45,0.154,0.4308,0.0044,1,2,63,1,2026-08-18T09:50:29.321266+00:00,2026-08-18T09:51:31.069034+00:00
11,251,N.Jackson,7,FWD,65,0,0,0.0,0.0,0.0,0,1,0,0,0,2026-08-18T09:50:29.321266+00:00,2026-08-18T09:51:31.069034+00:00
11,252,Marc Guiu,7,FWD,42,0.4364,0.9068,0.1,0.198,0.1088,0.0008,1,1,13,0,2026-08-18T09:50:29.321266+00:00,2026-08-18T09:51:31.069034+00:00
11,453,Garnacho,7,MID,64,1.2012,1.9164,0.28,0.2016,0.2765,0.0056,1,11,90,1,2026-08-18T09:50:29.321266+00:00,2026-08-18T09:51:31.069034+00:00
11,672,Hato,7,DEF,47,0.6944,1.4868,0.18,0.1804,0.1818,0.002,1,0,0,0,2026-08-18T09:50:29.321266+00:00,2026-08-18T09:51:31.069034+00:00
11,743,Emenalo,7,MID,45,0.502,1.0636,0.1,0.198,0.1088,0.0004,1,0,0,0,2026-08-18T09:50:29.321266+00:00,2026-08-18T09:51:31.069034+00:00
11,789,Merrick,7,GKP,40,0.172,0.8296,0.04,0.0384,0.0403,0.0,1,,,,2026-08-18T09:50:29.321266+00:00,
11,803,Sharman-Lowe,7,GKP,40,0.224,0.9578,0.04,0.0384,0.0403,0.0,1,,,,2026-08-18T09:50:29.321266+00:00,
11,829,Derry,7,MID,45,0.4736,0.9843,0.1,0.198,0.1088,0.0,1,,,,2026-08-18T09:50:29.321266+00:00,
11,833,Eboué,7,MID,45,0.4848,1.011,0.1,0.198,0.1088,0.0004,1,,,,2026-08-18T09:50:29.321266+00:00,
11,834,Kavuma-McQueen,7,MID,45,0.4604,1.0311,0.1,0.198,0.1088,0.0012,1,,,,2026-08-18T09:50:29.321266+00:00,
11,840,Mheuka,7,FWD,45,0.4568,0.9702,0.1,0.198,0.1088,0.0008,1,,,,2026-08-18T09:50:29.321266+00:00,
11,253,Henderson,8,GKP,50,2.982,2.1675,0.9,0.008,0.8376,0.0004,1,9,90,1,2026-08-18T09:50:29.321266+00:00,2026-08-18T09:51:31.069034+00:00
11,254,Benitez,8,GKP,40,0.1784,0.8058,0.04,0.0384,0.0403,0.0,1,0,0,0,2026-08-18T09:50:29.321266+00:00,2026-08-18T09:51:31.069034+00:00
11,255,Matthews,8,GKP,40,0.1796,0.7856,0.04,0.0384,0.0403,0.0,1,0,0,0,2026-08-18T09:50:29.321266+00:00,2026-08-18T09:51:31.069034+00:00
11,256,Muñoz,8,DEF,57,1.9996,2.6625,0.48,0.1456,0.458,0.0172,1,6,90,1,2026-08-18T09:50:29.321266+00:00,2026-08-18T09:51:31.069034+00:00
11,257,Lacroix,8,DEF,50,2.3432,2.8166,0.48,0.1144,0.4556,0.0144,1,6,90,1,2026-08-18T09:50:29.321266+00:00,2026-08-18T09:51:31.069034+00:00
11,258,Mitchell,8,DEF,50,1.9112,2.5239,0.48,0.1144,0.4556,0.0088,1,11,90,1,2026-08-18T09:50:29.321266+00:00,2026-08-18T09:51:31.069034+00:00
11,259,Sosa,8,DEF,48,0.5008,1.2637,0.09,0.2002,0.0997,0.0008,1,0,0,0,2026-08-18T09:50:29.321266+00:00,2026-08-18T09:51:31.069034+00:00
11,261,Richards,8,DEF,45,0,0,0.0,0.0,0.0,0,1,8,90,1,2026-08-18T09:50:29.321266+00:00,2026-08-18T09:51:31.069034+00:00
11,262,Chadi Riad,8,DEF,40,0.5132,1.2397,0.1,0.198,0.1088,0.0004,1,0,0,0,2026-08-18T09:50:29.321266+00:00,2026-08-18T09:51:31.069034+00:00
11,263,Clyne,8,DEF,39,0.9,1.8062,0.1,0.198,0.1088,0.002,1,0,0,0,2026-08-18T09:50:29.321266+00:00,2026-08-18T09:51:31.069034+00:00
11,264,Holding,8,DEF,40,0,0,0.0,0.0,0.0,0,1,0,0,0,2026-08-18T09:50:29.321266+00:00,2026-08-18T09:51:31.069034+00:00
11,265,Kporha,8,DEF,40,0.5508,1.2996,0.1,0.198,0.1088,0.0008,1,0,0,0,2026-08-18T09:50:29.321266+00:00,2026-08-18T09:51:31.069034+00:00
11,267,Sarr,8,MID,67,2.3956,3.0614,0.48,0.1456,0.458,0.0324,1,3,90,1,2026-08-18T09:50:29.321266+00:00,2026-08-18T09:51:31.069034+00:00
11,268,Doucouré,8,MID,49,0,0,0.0,0.0,0.0,0,1,0,0,0,2026-08-18T09:50:29.321266+00:00,2026-08-18T09:51:31.069034+00:00
11,269,Esse,8,MID,47,0,0,0.0,0.0,0.0,0,1,0,0,0,2026-08-18T09:50:29.321266+00:00,2026-08-18T09:51:31.069034+00:00
11,270,Hughes,8,MID,48,0.9856,1.5323,0.28,0.1584,0.2731,0.0016,1,1,7,0,2026-08-18T09:50:29.321266+00:00,2026-08-18T09:51:31.069034+00:00
11,271,Kamada,8,MID,50,1.7588,2.0879,0.48,0.1144,0.4556,0.0068,1,3,82,1,2026-08-18T09:50:29.321266+00:00,2026-08-18T09:51:31.069034+00:00
11,272,Lerma,8,MID,49,0.8344,1.6127,0.18,0.1804,0.1818,0.0032,1,2,90,1,2026-08-18T09:50:29.321266+00:00,2026-08-18T09:51:31.069034+00:00
11,273,Wharton,8,MID,50,1.7584,2.0108,0.48,0.1144,0.4556,0.0044,1,3,65,1,2026-08-18T09:50:29.321266+00:00,2026-08-18T09:51:31.069034+00:00
11,274,Agbinone,8,MID,44,0.488,0.9983,0.1,0.198,0.1088,0.0004,1,0,0,0,2026-08-18T09:50:29.321266+00:00,2026-08-18T09:51:31.069034+00:00
11,275,Ahamada,8,MID,44,0,0,0.0,0.0,0.0,0,1,0,0,0,2026-08-18T09:50:29.321266+00:00,2026-08-18T09:51:31.069034+00:00
11,276,Devenny,8,MID,43,0.5092,1.1538,0.1,0.198,0.1088,0.0,1,0,0,0,2026-08-18T09:50:29.321266+00:00,2026-08-18T09:51:31.069034+00:00
11,277,Ebiowei,8,MID,45,0,0,0.0,0.0,0.0,0,1,0,0,0,2026-08-18T09:50:29.321266+00:00,2026-08-18T09:51:31.069034+00:00
11,278,J.Rak-Sakyi,8,MID,44,0,0,0.0,0.0,0.0,0,1,0,0,0,2026-08-18T09:50:29.321266+00:00,2026-08-18T09:51:31.069034+00:00
11,279,M.França,8,MID,45,0,0,0.0,0.0,0.0,0,1,0,0,0,2026-08-18T09:50:29.321266+00:00,2026-08-18T09:51:31.069034+00:00
11,280,Ozoh,8,MID,45,0,0,0.0,0.0,0.0,0,1,0,0,0,2026-08-18T09:50:29.321266+00:00,2026-08-18T09:51:31.069034+00:00
11,281,Rodney,8,MID,45,0.4616,0.9592,0.1,0.198,0.1088,0.0004,1,0,0,0,2026-08-18T09:50:29.321266+00:00,2026-08-18T09:51:31.069034+00:00
11,282,Umeh,8,MID,45,0,0,0.0,0.0,0.0,0,1,0,0,0,2026-08-18T09:50:29.321266+00:00,2026-08-18T09:51:31.069034+00:00
11,283,Mateta,8,FWD,80,2.7168,3.4104,0.48,0.1456,0.458,0.0656,1,2,90,1,2026-08-18T09:50:29.321266+00:00,2026-08-18T09:51:31.069034+00:00
11,284,Nketiah,8,FWD,54,0,0,0.0,0.0,0.0,0,1,0,0,0,2026-08-18T09:50:29.321266+00:00,2026-08-18T09:51:31.069034+00:00
11,285,Édouard,8,FWD,50,0,0,0.0,0.0,0.0,0,1,0,0,0,2026-08-18T09:50:29.321266+00:00,2026-08-18T09:51:31.069034+00:00
11,286,Marsh,8,FWD,45,0.4652,0.9193,0.1,0.198,0.1088,0.0004,1,0,0,0,2026-08-18T09:50:29.321266+00:00,2026-08-18T09:51:31.069034+00:00
11,580,Johnson,8,MID,67,1.2776,2.1232,0.28,0.2016,0.2765,0.0096,1,1,90,1,2026-08-18T09:50:29.321266+00:00,2026-08-18T09:51:31.069034+00:00
11,654,Strand Larsen,8,FWD,63,1.1176,1.7525,0.28,0.2016,0.2765,0.0068,1,2,90,1,2026-08-18T09:50:29.321266+00:00,2026-08-18T09:51:31.069034+00:00
11,677,Guessand,8,MID,63,1.2124,1.9761,0.28,0.2016,0.2765,0.0068,1,1,4,0,2026-08-18T09:50:29.321266+00:00,2026-08-18T09:51:31.069034+00:00
11,690,Cardines,8,MID,44,0.4748,0.9791,0.1,0.198,0.1088,0.0,1,0,0,0,2026-08-18T09:50:29.321266+00:00,2026-08-18T09:51:31.069034+00:00
11,712,Yeremy,8,MID,58,1.156,1.8587,0.28,0.2016,0.2765,0.006,1,1,24,0,2026-08-18T09:50:29.321266+00:00,2026-08-18T09:51:31.069034+00:00
11,723,Canvot,8,DEF,45,0.5412,1.2716,0.1,0.198,0.1088,0.0004,1,10,90,1,2026-08-18T09:50:29.321266+00:00,2026-08-18T09:51:31.069034+00:00
11,732,Uche,8,FWD,55,2.332,2.5655,0.45,0.154,0.4308,0.0084,1,0,0,0,2026-08-18T09:50:29.321266+00:00,2026-08-18T09:51:31.069034+00:00
11,762,Drakes-Thomas,8,MID,45,0.4916,0.9499,0.1,0.198,0.1088,0.0004,1,,,,2026-08-18T09:50:29.321266+00:00,
11,773,Benamar,8,DEF,40,0.5228,1.2537,0.1,0.198,0.1088,0.0008,1,,,,2026-08-18T09:50:29.321266+00:00,
11,780,Casey,8,FWD,45,0.4668,0.946,0.1,0.198,0.1088,0.0004,1,,,,2026-08-18T09:50:29.321266+00:00,
11,793,King,8,DEF,40,0.5184,1.2341,0.1,0.198,0.1088,0.0004,1,,,,2026-08-18T09:50:29.321266+00:00,
11,798,Imray,8,DEF,40,0,0,0.0,0.0,0.0,0,1,,,,2026-08-18T09:50:29.321266+00:00,
11,242,Dewsbury-Hall,9,MID,49,1.612,2.0234,0.48,0.1144,0.4556,0.0052,1,9,88,1,2026-08-18T09:50:29.321266+00:00,2026-08-18T09:51:31.069034+00:00
11,243,George,9,MID,49,0.6932,1.2537,0.18,0.1804,0.1818,0.0,1,0,0,0,2026-08-18T09:50:29.321266+00:00,2026-08-18T09:51:31.069034+00:00
11,287,Pickford,9,GKP,55,3.394,2.2944,0.9,0.008,0.8376,0.002,1,7,90,1,2026-08-18T09:50:29.321266+00:00,2026-08-18T09:51:31.069034+00:00
11,288,Travers,9,GKP,44,0.1884,0.8688,0.04,0.0384,0.0403,0.0008,1,0,0,0,2026-08-18T09:50:29.321266+00:00,2026-08-18T09:51:31.069034+00:00
11,289,Tyrer,9,GKP,39,0,0,0.0,0.0,0.0,0,1,0,0,0,2026-08-18T09:50:29.321266+00:00,2026-08-18T09:51:31.069034+00:00
11,290,Branthwaite,9,DEF,53,0,0,0.0,0.0,0.0,0,1,0,0,0,2026-08-18T09:50:29.321266+00:00,2026-08-18T09:51:31.069034+00:00
11,291,Tarkowski,9,DEF,54,2.2328,2.711,0.48,0.1144,0.4556,0.0092,1,5,90,1,2026-08-18T09:50:29.321266+00:00,2026-08-18T09:51:31.069034+00:00
11,292,Mykolenko,9,DEF,49,0.9956,1.7709,0.28,0.1584,0.2731,0.0032,1,6,90,1,2026-08-18T09:50:29.321266+00:00,2026-08-18T09:51:31.069034+00:00
11,293,O'Brien,9,DEF,49,1.8712,2.41,0.48,0.1144,0.4556,0.0064,1,1,1,0,2026-08-18T09:50:29.321266+00:00,2026-08-18T09:51:31.069034+00:00
11,294,Coleman,9,DEF,43,0.566,1.3203,0.1,0.198,0.1088,0.0008,1,0,0,0,2026-08-18T09:50:29.321266+00:00,2026-08-18T09:51:31.069034+00:00
11,295,Keane,9,DEF,45,1.2352,2.2824,0.22,0.1716,0.2183,0.0092,1,15,90,1,2026-08-18T09:50:29.321266+00:00,2026-08-18T09:51:31.069034+00:00
11,296,Patterson,9,DEF,44,0.8444,1.6804,0.22,0.1716,0.2183,0.0016,1,0,0,0,2026-08-18T09:50:29.321266+00:00,2026-08-18T09:51:31.069034+00:00
11,297,Dixon,9,DEF,39,0,0,0.0,0.0,0.0,0,1,0,0,0,2026-08-18T09:50:29.321266+00:00,2026-08-18T09:51:31.069034+00:00
11,298,Welch,9,DEF,39,0.54,1.281,0.1,0.198,0.1088,0.0012,1,0,0,0,2026-08-18T09:50:29.321266+00:00,2026-08-18T09:51:31.069034+00:00
11,299,Ndiaye,9,MID,65,2.3992,2.9643,0.48,0.1456,0.458,0.032,1,3,90,1,2026-08-18T09:50:29.321266+00:00,2026-08-18T09:51:31.069034+00:00
11,300,McNeil,9,MID,56,1.5508,1.9119,0.45,0.154,0.4308,0.0064,1,0,0,0,2026-08-18T09:50:29.321266+00:00,2026-08-18T09:51:31.069034+00:00
11,301,Alcaraz,9,MID,52,0.7324,1.3682,0.18,0.1804,0.1818,0.0012,1,0,0,0,2026-08-18T09:50:29.321266+00:00,2026-08-18T09:51:31.069034+00:00
11,302,Gana,9,MID,54,1.052,1.7891,0.24,0.1672,0.2366,0.0044,1,10,90,1,2026-08-18T09:50:29.321266+00:00,2026-08-18T09:51:31.069034+00:00
11,303,Garner,9,MID,50,1.9684,2.3729,0.48,0.1144,0.4556,0.0128,1,3,90,1,2026-08-18T09:50:29.321266+00:00,2026-08-18T09:51:31.069034+00:00
11,304,Iroegbunam,9,MID,49,1.128,1.7711,0.28,0.1584,0.2731,0.002,1,5,66,1,2026-08-18T09:50:29.321266+00:00,2026-08-18T09:51:31.069034+00:00
11,305,Armstrong,9,MID,45,0.4952,1.0454,0.1,0.198,0.1088,0.0,1,0,0,0,2026-08-18T09:50:29.321266+00:00,2026-08-18T09:51:31.069034+00:00
11,306,Bates,9,MID,44,0.4808,0.9784,0.1,0.198,0.1088,0.0004,1,0,0,0,2026-08-18T09:50:29.321266+00:00,2026-08-18T09:51:31.069034+00:00
11,307,Ebere,9,MID,44,0.4836,1.0035,0.1,0.198,0.1088,0.0,1,0,0,0,2026-08-18T09:50:29.321266+00:00,2026-08-18T09:51:31.069034+00:00
11,308,Heath,9,MID,45,0,0,0.0,0.0,0.0,0,1,0,0,0,2026-08-18T09:50:29.321266+00:00,2026-08-18T09:51:31.069034+00:00
11,309,Metcalfe,9,MID,45,0,0,0.0,0.0,0.0,0,1,0,0,0,2026-08-18T09:50:29.321266+00:00,2026-08-18T09:51:31.069034+00:00
11,310,Barry,9,FWD,57,1.0092,1.5509,0.28,0.2016,0.2765,0.004,1,2,78,1,2026-08-18T09:50:29.321266+00:00,2026-08-18T09:51:31.069034+00:00
11,311,Beto,9,FWD,52,1.0756,1.8513,0.28,0.1584,0.2731,0.008,1,1,11,0,2026-08-18T09:50:29.321266+00:00,2026-08-18T09:51:31.069034+00:00
11,312,Y.Chermiti,9,FWD,49,0,0,0.0,0.0,0.0,0,1,0,0,0,2026-08-18T09:50:29.321266+00:00,2026-08-18T09:51:31.069034+00:00
11,313,Sherif,9,FWD,44,0,0,0.0,0.0,0.0,0,1,0,0,0,2026-08-18T09:50:29.321266+00:00,2026-08-18T09:51:31.069034+00:00
11,419,Grealish,9,MID,68,0,0,0.0,0.0,0.0,0,1,3,90,1,2026-08-18T09:50:29.321266+00:00,2026-08-18T09:51:31.069034+00:00
11,630,King,9,GKP,39,0.1976,0.8568,0.04,0.0384,0.0403,0.0,1,0,0,0,2026-08-18T09:50:29.321266+00:00,2026-08-18T09:51:31.069034+00:00
11,667,Aznou,9,DEF,43,0.5724,1.3117,0.1,0.198,0.1088,0.0004,1,0,0,0,2026-08-18T09:50:29.321266+00:00,2026-08-18T09:51:31.069034+00:00
11,704,Onyango,9,MID,45,0,0,0.0,0.0,0.0,0,1,0,0,0,2026-08-18T09:50:29.321266+00:00,2026-08-18T09:51:31.069034+00:00
11,705,Campbell,9,DEF,39,0,0,0.0,0.0,0.0,0,1,0,0,0,2026-08-18T09:50:29.321266+00:00,2026-08-18T09:51:31.069034+00:00
11,707,Dibling,9,MID,54,0.8524,1.6141,0.18,0.1804,0.1818,0.0032,1,0,0,0,2026-08-18T09:50:29.321266+00:00,2026-08-18T09:51:31.069034+00:00
11,728,Röhl,9,MID,50,0.878,1.6165,0.18,0.1804,0.1818,0.0016,1,1,23,0,2026-08-18T09:50:29.321266+00:00,2026-08-18T09:51:31.069034+00:00
11,779,Graham,9,FWD,45,0.448,0.9577,0.1,0.198,0.1088,0.0,1,,,,2026-08-18T09:50:29.321266+00:00,
11,314,Leno,10,GKP,50,2.8984,2.081,0.9,0.008,0.8376,0.0008,1,2,90,1,2026-08-18T09:50:29.321266+00:00,2026-08-18T09:51:31.069034+00:00
11,315,Benda,10,GKP,40,0,0,0.0,0.0,0.0,0,1,0,0,0,2026-08-18T09:50:29.321266+00:00,2026-08-18T09:51:31.069034+00:00
11,316,Robinson,10,DEF,49,0.6308,1.2797,0.18,0.1804,0.1818,0.0004,1,0,0,0,2026-08-18T09:50:29.321266+00:00,2026-08-18T09:51:31.069034+00:00
11,317,Andersen,10,DEF,45,0,0,0.0,0.0,0.0,0,1,3,90,1,2026-08-18T09:50:29.321266+00:00,2026-08-18T09:51:31.069034+00:00
11,318,Bassey,10,DEF,45,0.808,1.5774,0.22,0.1716,0.2183,0.0016,1,2,90,1,2026-08-18T09:50:29.321266+00:00,2026-08-18T09:51:31.069034+00:00
11,319,Castagne,10,DEF,44,0.8208,1.5988,0.22,0.1716,0.2183,0.0028,1,0,0,0,2026-08-18T09:50:29.321266+00:00,2026-08-18T09:51:31.069034+00:00
11,320,Diop,10,DEF,44,0.4816,1.1488,0.1,0.198,0.1088,0.0004,1,0,0,0,2026-08-18T09:50:29.321266+00:00,2026-08-18T09:51:31.069034+00:00
11,321,J.Cuenca,10,DEF,44,0.4904,1.232,0.1,0.198,0.1088,0.0004,1,0,0,0,2026-08-18T09:50:29.321266+00:00,2026-08-18T09:51:31.069034+00:00
11,322,Tete,10,DEF,45,0.8072,1.5584,0.22,0.1716,0.2183,0.0008,1,3,90,1,2026-08-18T09:50:29.321266+00:00,2026-08-18T09:51:31.069034+00:00
11,323,Amissah,10,DEF,39,0.4516,1.035,0.1,0.198,0.1088,0.0,1,0,0,0,2026-08-18T09:50:29.321266+00:00,2026-08-18T09:51:31.069034+00:00
11,324,Iwobi,10,MID,65,1.7832,2.0389,0.48,0.1456,0.458,0.006,1,2,90,1,2026-08-18T09:50:29.321266+00:00,2026-08-18T09:51:31.069034+00:00
11,325,Smith Rowe,10,MID,56,1.4964,1.9138,0.45,0.154,0.4308,0.0068,1,1,3,0,2026-08-18T09:50:29.321266+00:00,2026-08-18T09:51:31.069034+00:00
11,327,Andreas,10,MID,53,0,0,0.0,0.0,0.0,0,1,0,0,0,2026-08-18T09:50:29.321266+00:00,2026-08-18T09:51:31.069034+00:00
11,328,Sessegnon,10,MID,54,1.988,2.313,0.48,0.1144,0.4556,0.0076,1,4,90,1,2026-08-18T09:50:29.321266+00:00,2026-08-18T09:51:31.069034+00:00
11,329,Wilson,10,MID,52,1.1044,1.7583,0.28,0.1584,0.2731,0.0028,1,1,58,1,2026-08-18T09:50:29.321266+00:00,2026-08-18T09:51:31.069034+00:00
11,330,Berge,10,MID,49,1.3216,1.544,0.48,0.1144,0.4556,0.002,1,2,90,1,2026-08-18T09:50:29.321266+00:00,2026-08-18T09:51:31.069034+00:00
11,331,Cairney,10,MID,49,0.6472,1.172,0.18,0.1804,0.1818,0.0008,1,0,0,0,2026-08-18T09:50:29.321266+00:00,2026-08-18T09:51:31.069034+00:00
11,332,Lukić,10,MID,50,1.6044,2.0175,0.48,0.1144,0.4556,0.006,1,0,45,1,2026-08-18T09:50:29.321266+00:00,2026-08-18T09:51:31.069034+00:00
11,333,Godo,10,MID,45,0,0,0.0,0.0,0.0,0,1,0,0,0,2026-08-18T09:50:29.321266+00:00,2026-08-18T09:51:31.069034+00:00
11,334,Harris,10,MID,45,0,0,0.0,0.0,0.0,0,1,0,0,0,2026-08-18T09:50:29.321266+00:00,2026-08-18T09:51:31.069034+00:00
11,335,King,10,MID,45,1.3,1.5602,0.48,0.1144,0.4556,0.0016,1,1,45,1,2026-08-18T09:50:29.321266+00:00,2026-08-18T09:51:31.069034+00:00
11,336,Reed,10,MID,44,0.4764,1.0057,0.1,0.198,0.1088,0.0004,1,0,0,0,2026-08-18T09:50:29.321266+00:00,2026-08-18T09:51:31.069034+00:00
11,337,Raúl,10,FWD,62,1.1772,1.887,0.28,0.2016,0.2765,0.0092,1,1,57,1,2026-08-18T09:50:29.321266+00:00,2026-08-18T09:51:31.069034+00:00
11,338,Muniz,10,FWD,54,0.8884,1.4136,0.28,0.1584,0.2731,0.0028,1,1,16,0,2026-08-18T09:50:29.321266+00:00,2026-08-18T09:51:31.069034+00:00
11,424,Bobb,10,MID,53,1.0248,1.5114,0.28,0.1584,0.2731,0.002,1,0,0,0,2026-08-18T09:50:29.321266+00:00,2026-08-18T09:51:31.069034+00:00
11,664,Lecomte,10,GKP,40,0.1656,0.7663,0.04,0.0384,0.0403,0.0004,1,0,0,0,2026-08-18T09:50:29.321266+00:00,2026-08-18T09:51:31.069034+00:00
11,727,Chukwueze,10,MID,53,0.72,1.3699,0.18,0.1804,0.1818,0.0024,1,1,31,0,2026-08-18T09:50:29.321266+00:00,2026-08-18T09:51:31.069034+00:00
11,731,Kevin,10,MID,60,1.5756,1.9213,0.45,0.154,0.4308,0.004,1,2,86,1,2026-08-18T09:50:29.321266+00:00,2026-08-18T09:51:31.069034+00:00
11,737,Kusi-Asare,10,FWD,45,0,0,0.0,0.0,0.0,0,1,0,0,0,2026-08-18T09:50:29.321266+00:00,2026-08-18T09:51:31.069034+00:00
11,770,Ridgeon,10,MID,45,0.4544,0.914,0.1,0.198,0.1088,0.0,1,,,,2026-08-18T09:50:29.321266+00:00,
11,786,McNally,10,GKP,40,0.1444,0.7086,0.04,0.0384,0.0403,0.0,1,,,,2026-08-18T09:50:29.321266+00:00,
11,168,Buonanotte,11,MID,47,0.6332,1.1132,0.18,0.1804,0.1818,0.0,1,0,0,0,2026-08-18T09:50:29.321266+00:00,2026-08-18T09:51:31.069034+00:00
11,339,Meslier,11,GKP,43,0.1404,0.653,0.04,0.0384,0.0403,0.0,1,0,0,0,2026-08-18T09:50:29.321266+00:00,2026-08-18T09:51:31.069034+00:00
11,340,Cairns,11,GKP,40,0.1548,0.7165,0.04,0.0384,0.0403,0.0,1,0,0,0,2026-08-18T09:50:29.321266+00:00,2026-08-18T09:51:31.069034+00:00
11,341,Darlow,11,GKP,40,0.1628,0.7374,0.04,0.0384,0.0403,0.0,1,0,0,0,2026-08-18T09:50:29.321266+00:00,2026-08-18T09:51:31.069034+00:00
11,342,Bogle,11,DEF,45,0.7904,1.5754,0.22,0.1716,0.2183,0.0016,1,1,90,1,2026-08-18T09:50:29.321266+00:00,2026-08-18T09:51:31.069034+00:00
11,343,Struijk,11,DEF,44,0.9256,1.7773,0.22,0.1716,0.2183,0.0032,1,1,8,0,2026-08-18T09:50:29.321266+00:00,2026-08-18T09:51:31.069034+00:00
11,344,Bijol,11,DEF,39,0.5336,1.28,0.1,0.198,0.1088,0.0012,1,1,81,1,2026-08-18T09:50:29.321266+00:00,2026-08-18T09:51:31.069034+00:00
11,345,Bornauw,11,DEF,39,0.4636,1.1076,0.1,0.198,0.1088,0.0004,1,0,0,0,2026-08-18T09:50:29.321266+00:00,2026-08-18T09:51:31.069034+00:00
11,346,Byram,11,DEF,39,0.482,1.1376,0.1,0.198,0.1088,0.0004,1,0,0,0,2026-08-18T09:50:29.321266+00:00,2026-08-18T09:51:31.069034+00:00
11,347,Gudmundsson,11,DEF,40,0,0,0.0,0.0,0.0,0,1,1,81,1,2026-08-18T09:50:29.321266+00:00,2026-08-18T09:51:31.069034+00:00
11,348,Rodon,11,DEF,41,1.022,1.9101,0.22,0.1716,0.2183,0.004,1,1,90,1,2026-08-18T09:50:29.321266+00:00,2026-08-18T09:51:31.069034+00:00
11,349,Schmidt,11,DEF,40,0,0,0.0,0.0,0.0,0,1,0,0,0,2026-08-18T09:50:29.321266+00:00,2026-08-18T09:51:31.069034+00:00
11,350,Aaronson,11,MID,54,1.1876,1.9054,0.28,0.1584,0.2731,0.0036,1,7,73,1,2026-08-18T09:50:29.321266+00:00,2026-08-18T09:51:31.069034+00:00
11,351,Gnonto,11,MID,52,0.8852,1.4054,0.28,0.1584,0.2731,0.0008,1,0,0,0,2026-08-18T09:50:29.321266+00:00,2026-08-18T09:51:31.069034+00:00
11,352,Harrison,11,MID,52,0,0,0.0,0.0,0.0,0,1,1,8,0,2026-08-18T09:50:29.321266+00:00,2026-08-18T09:51:31.069034+00:00
11,353,James,11,MID,53,0.8968,1.4226,0.28,0.1584,0.2731,0.0012,1,1,16,0,2026-08-18T09:50:29.321266+00:00,2026-08-18T09:51:31.069034+00:00
11,354,Ampadu,11,MID,49,1.558,1.864,0.48,0.1144,0.4556,0.0028,1,2,90,1,2026-08-18T09:50:29.321266+00:00,2026-08-18T09:51:31.069034+00:00
11,355,Greenwood,11,MID,49,0,0,0.0,0.0,0.0,0,1,0,0,0,2026-08-18T09:50:29.321266+00:00,2026-08-18T09:51:31.069034+00:00
11,356,Gruev,11,MID,48,0,0,0.0,0.0,0.0,0,1,0,0,0,2026-08-18T09:50:29.321266+00:00,2026-08-18T09:51:31.069034+00:00
11,357,Ramazani,11,MID,49,0,0,0.0,0.0,0.0,0,1,0,0,0,2026-08-18T09:50:29.321266+00:00,2026-08-18T09:51:31.069034+00:00
11,358,Tanaka,11,MID,48,0.9332,1.4094,0.28,0.1584,0.2731,0.0012,1,0,0,0,2026-08-18T09:50:29.321266+00:00,2026-08-18T09:51:31.069034+00:00
11,359,Crew,11,MID,45,0,0,0.0,0.0,0.0,0,1,0,0,0,2026-08-18T09:50:29.321266+00:00,2026-08-18T09:51:31.069034+00:00
11,360,Gelhardt,11,MID,45,0,0,0.0,0.0,0.0,0,1,0,0,0,2026-08-18T09:50:29.321266+00:00,2026-08-18T09:51:31.069034+00:00
11,361,Gyabi,11,MID,45,0,0,0.0,0.0,0.0,0,1,0,0,0,2026-08-18T09:50:29.321266+00:00,2026-08-18T09:51:31.069034+00:00
11,362,Piroe,11,FWD,50,0.6656,1.1603,0.18,0.1804,0.1818,0.0004,1,1,16,0,2026-08-18T09:50:29.321266+00:00,2026-08-18T09:51:31.069034+00:00
11,363,Bamford,11,FWD,49,0,0,0.0,0.0,0.0,0,1,0,0,0,2026-08-18T09:50:29.321266+00:00,2026-08-18T09:51:31.069034+00:00
11,364,Mateo Joseph,11,FWD,50,0,0,0.0,0.0,0.0,0,1,0,0,0,2026-08-18T09:50:29.321266+00:00,2026-08-18T09:51:31.069034+00:00
11,365,Nmecha,11,FWD,50,0.7568,1.4086,0.18,0.1804,0.1818,0.0028,1,8,73,1,2026-08-18T09:50:29.321266+00:00,2026-08-18T09:51:31.069034+00:00
11,493,Longstaff,11,MID,49,1.8936,2.172,0.48,0.1144,0.4556,0.0068,1,1,73,1,2026-08-18T09:50:29.321266+00:00,2026-08-18T09:51:31.069034+00:00
11,660,Stach,11,MID,49,0,0,0.0,0.0,0.0,0,1,4,90,1,2026-08-18T09:50:29.321266+00:00,2026-08-18T09:51:31.069034+00:00
11,665,Perri,11,GKP,45,2.3636,2.0108,0.88,0.0048,0.8188,0.0,1,2,90,1,2026-08-18T09:50:29.321266+00:00,2026-08-18T09:51:31.069034+00:00
11,691,Calvert-Lewin,11,FWD,55,1.084,1.6291,0.28,0.2016,0.2765,0.0032,1,1,16,0,2026-08-18T09:50:29.321266+00:00,2026-08-18T09:51:31.069034+00:00
11,698,Okafor,11,MID,55,0,0,0.0,0.0,0.0,0,1,2,90,1,2026-08-18T09:50:29.321266+00:00,2026-08-18T09:51:31.069034+00:00
11,706,Justin,11,DEF,40,0.566,1.3425,0.1,0.198,0.1088,0.0004,1,0,0,0,2026-08-18T09:50:29.321266+00:00,2026-08-18T09:51:31.069034+00:00
11,741,Gray,11,FWD,45,0,0,0.0,0.0,0.0,0,1,0,0,0,2026-08-18T09:50:29.321266+00:00,2026-08-18T09:51:31.069034+00:00
11,787,Chambers,11,MID,44,0.4692,0.9294,0.1,0.198,0.1088,0.0,1,,,,2026-08-18T09:50:29.321266+00:00,
11,837,Lienou,11,DEF,40,0.4668,1.0829,0.1,0.198,0.1088,0.0004,1,,,,2026-08-18T09:50:29.321266+00:00,
11,838,Chadwick,11,MID,45,0.4644,0.9602,0.1,0.198,0.1088,0.0,1,,,,2026-08-18T09:50:29.321266+00:00,
11,839,Cresswell,11,MID,45,0.4704,0.9777,0.1,0.198,0.1088,0.0004,1,,,,2026-08-18T09:50:29.321266+00:00,
11,366,A.Becker,12,GKP,54,2.6868,2.0692,0.88,0.0096,0.8192,0.0004,1,0,0,0,2026-08-18T09:50:29.321266+00:00,2026-08-18T09:51:31.069034+00:00
11,367,Mamardashvili,12,GKP,43,0.19,0.8578,0.04,0.0384,0.0403,0.0,1,7,90,1,2026-08-18T09:50:29.321266+00:00,2026-08-18T09:51:31.069034+00:00
11,368,Pécsi,12,GKP,39,0.14,0.6904,0.04,0.0384,0.0403,0.0,1,0,0,0,2026-08-18T09:50:29.321266+00:00,2026-08-18T09:51:31.069034+00:00
11,369,Woodman,12,GKP,39,0.1392,0.6639,0.04,0.0384,0.0403,0.0,1,0,0,0,2026-08-18T09:50:29.321266+00:00,2026-08-18T09:51:31.069034+00:00
11,370,Frimpong,12,DEF,58,1.518,2.1114,0.45,0.154,0.4308,0.0048,1,0,0,0,2026-08-18T09:50:29.321266+00:00,2026-08-18T09:51:31.069034+00:00
11,371,Kerkez,12,DEF,57,1.5656,2.2295,0.48,0.1456,0.458,0.0092,1,1,34,0,2026-08-18T09:50:29.321266+00:00,2026-08-18T09:51:31.069034+00:00
11,372,Robertson,12,DEF,58,1.4792,2.1741,0.45,0.154,0.4308,0.0092,1,0,55,1,2026-08-18T09:50:29.321266+00:00,2026-08-18T09:51:31.069034+00:00
11,373,Virgil,12,DEF,59,2.2368,2.6739,0.48,0.1456,0.458,0.0136,1,1,90,1,2026-08-18T09:50:29.321266+00:00,2026-08-18T09:51:31.069034+00:00
11,374,Konaté,12,DEF,54,1.9588,2.5766,0.48,0.1144,0.4556,0.0132,1,1,90,1,2026-08-18T09:50:29.321266+00:00,2026-08-18T09:51:31.069034+00:00
11,375,Bradley,12,DEF,50,0,0,0.0,0.0,0.0,0,1,0,82,1,2026-08-18T09:50:29.321266+00:00,2026-08-18T09:51:31.069034+00:00
11,376,Gomez,12,DEF,49,0.9376,1.8484,0.18,0.1804,0.1818,0.0028,1,1,7,0,2026-08-18T09:50:29.321266+00:00,2026-08-18T09:51:31.069034+00:00
11,377,Tsimikas,12,DEF,48,0,0,0.0,0.0,0.0,0,1,0,0,0,2026-08-18T09:50:29.321266+00:00,2026-08-18T09:51:31.069034+00:00
11,378,Nallo,12,DEF,38,0.4772,1.1029,0.1,0.198,0.1088,0.0008,1,0,0,0,2026-08-18T09:50:29.321266+00:00,2026-08-18T09:51:31.069034+00:00
11,379,R.Williams,12,DEF,38,0.458,1.0903,0.1,0.198,0.1088,0.0,1,0,0,0,2026-08-18T09:50:29.321266+00:00,2026-08-18T09:51:31.069034+00:00
11,380,Ramsay,12,DEF,38,0.5,1.1917,0.1,0.198,0.1088,0.0,1,0,0,0,2026-08-18T09:50:29.321266+00:00,2026-08-18T09:51:31.069034+00:00
11,381,M.Salah,12,MID,142,2.5828,3.2532,0.48,0.1456,0.458,0.042,1,2,90,1,2026-08-18T09:50:29.321266+00:00,2026-08-18T09:51:31.069034+00:00
11,382,Wirtz,12,MID,80,1.2388,1.9594,0.28,0.2016,0.2765,0.0056,1,2,82,1,2026-08-18T09:50:29.321266+00:00,2026-08-18T09:51:31.069034+00:00
11,383,Luis Díaz,12,MID,80,0,0,0.0,0.0,0.0,0,1,0,0,0,2026-08-18T09:50:29.321266+00:00,2026-08-18T09:51:31.069034+00:00
11,384,Gakpo,12,MID,76,2.176,2.6456,0.48,0.1456,0.458,0.0204,1,1,34,0,2026-08-18T09:50:29.321266+00:00,2026-08-18T09:51:31.069034+00:00
11,385,Chiesa,12,MID,64,1.6972,2.1381,0.45,0.154,0.4308,0.0084,1,1,7,0,2026-08-18T09:50:29.321266+00:00,2026-08-18T09:51:31.069034+00:00
11,386,Mac Allister,12,MID,63,1.6064,1.8487,0.48,0.1456,0.458,0.0044,1,1,73,1,2026-08-18T09:50:29.321266+00:00,2026-08-18T09:51:31.069034+00:00
11,387,Szoboszlai,12,MID,66,2.2716,2.6984,0.48,0.1456,0.458,0.0244,1,1,90,1,2026-08-18T09:50:29.321266+00:00,2026-08-18T09:51:31.069034+00:00
11,388,C.Jones,12,MID,54,1.1436,1.8252,0.28,0.1584,0.2731,0.004,1,0,16,0,2026-08-18T09:50:29.321266+00:00,2026-08-18T09:51:31.069034+00:00
11,390,Gravenberch,12,MID,56,2.0536,2.3326,0.48,0.1456,0.458,0.0104,1,2,90,1,2026-08-18T09:50:29.321266+00:00,2026-08-18T09:51:31.069034+00:00
11,392,Endo,12,MID,49,0.5728,1.3449,0.09,0.2002,0.0997,0.0024,1,0,0,0,2026-08-18T09:50:29.321266+00:00,2026-08-18T09:51:31.069034+00:00
11,393,Bajcetic,12,MID,43,0,0,0.0,0.0,0.0,0,1,0,0,0,2026-08-18T09:50:29.321266+00:00,2026-08-18T09:51:31.069034+00:00
11,394,McConnell,12,MID,44,0,0,0.0,0.0,0.0,0,1,0,0,0,2026-08-18T09:50:29.321266+00:00,2026-08-18T09:51:31.069034+00:00
11,395,Morton,12,MID,45,0,0,0.0,0.0,0.0,0,1,0,0,0,2026-08-18T09:50:29.321266+00:00,2026-08-18T09:51:31.069034+00:00
11,396,Nyoni,12,MID,43,0.5008,1.035,0.1,0.198,0.1088,0.0004,1,0,0,0,2026-08-18T09:50:29.321266+00:00,2026-08-18T09:51:31.069034+00:00
11,397,Darwin,12,FWD,65,0,0,0.0,0.0,0.0,0,1,0,0,0,2026-08-18T09:50:29.321266+00:00,2026-08-18T09:51:31.069034+00:00
11,398,Danns,12,FWD,44,0,0,0.0,0.0,0.0,0,1,0,0,0,2026-08-18T09:50:29.321266+00:00,2026-08-18T09:51:31.069034+00:00
11,499,Isak,12,FWD,104,1.2348,2.0329,0.28,0.2016,0.2765,0.0088,1,0,0,0,2026-08-18T09:50:29.321266+00:00,2026-08-18T09:51:31.069034+00:00
11,661,Ekitiké,12,FWD,86,0,0,0.0,0.0,0.0,0,1,1,55,1,2026-08-18T09:50:29.321266+00:00,2026-08-18T09:51:31.069034+00:00
11,686,Ngumoha,12,MID,45,0.4652,0.9357,0.1,0.198,0.1088,0.0,1,0,0,0,2026-08-18T09:50:29.321266+00:00,2026-08-18T09:51:31.069034+00:00
11,692,Leoni,12,DEF,49,0,0,0.0,0.0,0.0,0,1,0,0,0,2026-08-18T09:50:29.321266+00:00,2026-08-18T09:51:31.069034+00:00
11,746,Morrison,12,MID,45,0.4576,0.9268,0.1,0.198,0.1088,0.0004,1,0,0,0,2026-08-18T09:50:29.321266+00:00,2026-08-18T09:51:31.069034+00:00
11,760,Lucky,12,DEF,40,0.504,1.1967,0.1,0.198,0.1088,0.0004,1,,,,2026-08-18T09:50:29.321266+00:00,
11,830,Wright,12,FWD,45,0.4348,0.8642,0.1,0.198,0.1088,0.0,1,,,,2026-08-18T09:50:29.321266+00:00,
11,832,Ndiaye,12,DEF,40,0.4508,1.0545,0.1,0.198,0.1088,0.0008,1,,,,2026-08-18T09:50:29.321266+00:00,
11,82,Semenyo,13,MID,81,2.6216,3.357,0.48,0.1456,0.458,0.0472,1,0,90,1,2026-08-18T09:50:29.321266+00:00,2026-08-18T09:51:31.069034+00:00
11,182,Trafford,13,GKP,47,0.398,1.2294,0.08,0.0736,0.0803,0.0004,1,0,0,0,2026-08-18T09:50:29.321266+00:00,2026-08-18T09:51:31.069034+00:00
11,260,Guéhi,13,DEF,51,2.31,2.9321,0.48,0.1144,0.4556,0.0264,1,0,0,0,2026-08-18T09:50:29.321266+00:00,2026-08-18T09:51:31.069034+00:00
11,399,Ederson M.,13,GKP,53,0,0,0.0,0.0,0.0,0,1,0,0,0,2026-08-18T09:50:29.321266+00:00,2026-08-18T09:51:31.069034+00:00
11,401,Bettinelli,13,GKP,40,0.138,0.6922,0.04,0.0384,0.0403,0.0,1,0,0,0,2026-08-18T09:50:29.321266+00:00,2026-08-18T09:51:31.069034+00:00
11,402,Aït-Nouri,13,DEF,58,1.3552,2.2517,0.28,0.2016,0.2765,0.006,1,0,0,0,2026-08-18T09:50:29.321266+00:00,2026-08-18T09:51:31.069034+00:00
11,403,Gvardiol,13,DEF,58,1.3484,2.2194,0.28,0.2016,0.2765,0.0104,1,6,90,1,2026-08-18T09:50:29.321266+00:00,2026-08-18T09:51:31.069034+00:00
11,404,Akanji,13,DEF,54,0,0,0.0,0.0,0.0,0,1,0,0,0,2026-08-18T09:50:29.321266+00:00,2026-08-18T09:51:31.069034+00:00
11,405,Aké,13,DEF,53,0.8124,1.7251,0.18,0.1804,0.1818,0.0044,1,0,0,0,2026-08-18T09:50:29.321266+00:00,2026-08-18T09:51:31.069034+00:00
11,406,Khusanov,13,DEF,54,1.256,2.1782,0.28,0.1584,0.2731,0.0036,1,0,0,0,2026-08-18T09:50:29.321266+00:00,2026-08-18T09:51:31.069034+00:00
11,407,Matheus N.,13,DEF,53,1.11,1.9959,0.28,0.1584,0.2731,0.004,1,13,90,1,2026-08-18T09:50:29.321266+00:00,2026-08-18T09:51:31.069034+00:00
11,408,Rúben,13,DEF,55,2.0496,2.4475,0.48,0.1456,0.458,0.0072,1,6,90,1,2026-08-18T09:50:29.321266+00:00,2026-08-18T09:51:31.069034+00:00
11,409,Stones,13,DEF,55,1.1256,1.8702,0.28,0.2016,0.2765,0.0032,1,0,0,0,2026-08-18T09:50:29.321266+00:00,2026-08-18T09:51:31.069034+00:00
11,410,Lewis,13,DEF,48,0.8216,1.6583,0.18,0.1804,0.1818,0.002,1,0,0,0,2026-08-18T09:50:29.321266+00:00,2026-08-18T09:51:31.069034+00:00
11,411,O'Reilly,13,DEF,49,1.2892,2.2595,0.28,0.1584,0.2731,0.0096,1,11,90,1,2026-08-18T09:50:29.321266+00:00,2026-08-18T09:51:31.069034+00:00
11,412,Vitor Reis,13,DEF,50,0,0,0.0,0.0,0.0,0,1,0,0,0,2026-08-18T09:50:29.321266+00:00,2026-08-18T09:51:31.069034+00:00
11,413,Marmoush,13,MID,83,3.1512,3.0367,0.72,0.0784,0.6759,0.0456,1,1,16,0,2026-08-18T09:50:29.321266+00:00,2026-08-18T09:51:31.069034+00:00
11,414,Foden,13,MID,80,1.326,2.3163,0.28,0.2016,0.2765,0.0148,1,3,90,1,2026-08-18T09:50:29.321266+00:00,2026-08-18T09:51:31.069034+00:00
11,415,Savinho,13,MID,69,1.1656,1.8998,0.28,0.2016,0.2765,0.0072,1,1,37,0,2026-08-18T09:50:29.321266+00:00,2026-08-18T09:51:31.069034+00:00
11,416,Bernardo,13,MID,63,1.1756,1.9055,0.28,0.2016,0.2765,0.0056,1,5,90,1,2026-08-18T09:50:29.321266+00:00,2026-08-18T09:51:31.069034+00:00
11,417,Cherki,13,MID,63,1.8752,2.4051,0.45,0.154,0.4308,0.0156,1,1,52,1,2026-08-18T09:50:29.321266+00:00,2026-08-18T09:51:31.069034+00:00
11,418,Doku,13,MID,64,1.4672,2.2922,0.28,0.2016,0.2765,0.01,1,11,73,1,2026-08-18T09:50:29.321266+00:00,2026-08-18T09:51:31.069034+00:00
11,420,Gündoğan,13,MID,63,0,0,0.0,0.0,0.0,0,1,0,0,0,2026-08-18T09:50:29.321266+00:00,2026-08-18T09:51:31.069034+00:00
11,421,Rodrigo,13,MID,63,1.296,2.1019,0.28,0.2016,0.2765,0.0076,1,0,0,0,2026-08-18T09:50:29.321266+00:00,2026-08-18T09:51:31.069034+00:00
11,422,Kovačić,13,MID,59,1.5376,1.9632,0.45,0.154,0.4308,0.0064,1,0,0,0,2026-08-18T09:50:29.321266+00:00,2026-08-18T09:51:31.069034+00:00
11,423,N.Gonzalez,13,MID,59,1.2716,2.0267,0.28,0.2016,0.2765,0.0072,1,8,90,1,2026-08-18T09:50:29.321266+00:00,2026-08-18T09:51:31.069034+00:00
11,425,Echeverri,13,MID,54,0,0,0.0,0.0,0.0,0,1,0,0,0,2026-08-18T09:50:29.321266+00:00,2026-08-18T09:51:31.069034+00:00
11,427,Reijnders,13,MID,55,1.7824,2.2122,0.48,0.1456,0.458,0.0068,1,0,0,0,2026-08-18T09:50:29.321266+00:00,2026-08-18T09:51:31.069034+00:00
11,428,Nypan,13,MID,50,0.7128,1.3371,0.18,0.1804,0.1818,0.0012,1,0,0,0,2026-08-18T09:50:29.321266+00:00,2026-08-18T09:51:31.069034+00:00
11,429,Phillips,13,MID,48,0,0,0.0,0.0,0.0,0,1,0,0,0,2026-08-18T09:50:29.321266+00:00,2026-08-18T09:51:31.069034+00:00
11,430,Haaland,13,FWD,148,3.5664,4.3372,0.48,0.1456,0.458,0.1164,1,4,90,1,2026-08-18T09:50:29.321266+00:00,2026-08-18T09:51:31.069034+00:00
11,736,Donnarumma,13,GKP,57,2.6324,2.1607,0.88,0.0096,0.8192,0.0004,1,6,90,1,2026-08-18T09:50:29.321266+00:00,2026-08-18T09:51:31.069034+00:00
11,739,Mukasa,13,MID,45,0,0,0.0,0.0,0.0,0,1,0,0,0,2026-08-18T09:50:29.321266+00:00,2026-08-18T09:51:31.069034+00:00
11,740,Mfuni,13,DEF,40,0,0,0.0,0.0,0.0,0,1,0,0,0,2026-08-18T09:50:29.321266+00:00,2026-08-18T09:51:31.069034+00:00
11,742,McAidoo,13,MID,45,0.5028,1.0557,0.1,0.198,0.1088,0.0008,1,0,0,0,2026-08-18T09:50:29.321266+00:00,2026-08-18T09:51:31.069034+00:00
11,763,Gray,13,MID,45,0.4356,0.9637,0.1,0.198,0.1088,0.0004,1,,,,2026-08-18T09:50:29.321266+00:00,
11,764,Heskey,13,MID,45,0.512,1.0658,0.1,0.198,0.1088,0.0008,1,,,,2026-08-18T09:50:29.321266+00:00,
11,794,Alleyne,13,DEF,39,0.502,1.213,0.1,0.198,0.1088,0.0012,1,,,,2026-08-18T09:50:29.321266+00:00,
11,119,Mbeumo,14,MID,84,2.4416,2.9806,0.48,0.1456,0.458,0.032,1,7,90,1,2026-08-18T09:50:29.321266+00:00,2026-08-18T09:51:31.069034+00:00
11,431,Bayindir,14,GKP,48,2.5892,2.0399,0.88,0.0096,0.8192,0.0004,1,0,0,0,2026-08-18T09:50:29.321266+00:00,2026-08-18T09:51:31.069034+00:00
11,432,Onana,14,GKP,49,0,0,0.0,0.0,0.0,0,1,0,0,0,2026-08-18T09:50:29.321266+00:00,2026-08-18T09:51:31.069034+00:00
11,433,Harrison,14,GKP,40,0,0,0.0,0.0,0.0,0,1,0,0,0,2026-08-18T09:50:29.321266+00:00,2026-08-18T09:51:31.069034+00:00
11,434,Heaton,14,GKP,39,0.1512,0.6857,0.04,0.0384,0.0403,0.0,1,0,0,0,2026-08-18T09:50:29.321266+00:00,2026-08-18T09:51:31.069034+00:00
11,435,Mee,14,GKP,39,0.1428,0.6519,0.04,0.0384,0.0403,0.0,1,0,0,0,2026-08-18T09:50:29.321266+00:00,2026-08-18T09:51:31.069034+00:00
11,436,De Ligt,14,DEF,50,0,0,0.0,0.0,0.0,0,1,9,90,1,2026-08-18T09:50:29.321266+00:00,2026-08-18T09:51:31.069034+00:00
11,437,Martinez,14,DEF,48,2.0364,2.3899,0.68,0.0576,0.637,0.0092,1,0,0,0,2026-08-18T09:50:29.321266+00:00,2026-08-18T09:51:31.069034+00:00
11,438,Mazraoui,14,DEF,49,0.7652,1.5372,0.18,0.1804,0.1818,0.002,1,1,57,1,2026-08-18T09:50:29.321266+00:00,2026-08-18T09:51:31.069034+00:00
11,439,D.Leon,14,DEF,43,0.4692,1.0707,0.1,0.198,0.1088,0.0004,1,0,0,0,2026-08-18T09:50:29.321266+00:00,2026-08-18T09:51:31.069034+00:00
11,440,Dalot,14,DEF,44,0.7804,1.4954,0.22,0.1716,0.2183,0.0024,1,0,10,0,2026-08-18T09:50:29.321266+00:00,2026-08-18T09:51:31.069034+00:00
11,441,Dorgu,14,DEF,43,0.7388,1.5103,0.22,0.1716,0.2183,0.0008,1,5,79,1,2026-08-18T09:50:29.321266+00:00,2026-08-18T09:51:31.069034+00:00
11,442,Maguire,14,DEF,44,0.8016,1.5786,0.22,0.1716,0.2183,0.0028,1,6,71,1,2026-08-18T09:50:29.321266+00:00,2026-08-18T09:51:31.069034+00:00
11,443,Shaw,14,DEF,45,0.7784,1.484,0.22,0.1716,0.2183,0.0008,1,1,90,1,2026-08-18T09:50:29.321266+00:00,2026-08-18T09:51:31.069034+00:00
11,444,Yoro,14,DEF,44,0.9128,1.7307,0.22,0.1716,0.2183,0.0024,1,0,18,0,2026-08-18T09:50:29.321266+00:00,2026-08-18T09:51:31.069034+00:00
11,445,Amass,14,DEF,40,0,0,0.0,0.0,0.0,0,1,0,0,0,2026-08-18T09:50:29.321266+00:00,2026-08-18T09:51:31.069034+00:00
11,446,Fredricson,14,DEF,39,0.4812,1.1306,0.1,0.198,0.1088,0.0,1,0,0,0,2026-08-18T09:50:29.321266+00:00,2026-08-18T09:51:31.069034+00:00
11,447,Heaven,14,DEF,38,0.5784,1.3847,0.1,0.198,0.1088,0.0008,1,0,0,0,2026-08-18T09:50:29.321266+00:00,2026-08-18T09:51:31.069034+00:00
11,448,Malacia,14,DEF,39,0.4808,1.1358,0.1,0.198,0.1088,0.0008,1,0,0,0,2026-08-18T09:50:29.321266+00:00,2026-08-18T09:51:31.069034+00:00
11,449,B.Fernandes,14,MID,89,2.8044,3.4424,0.48,0.1456,0.458,0.0532,1,5,90,1,2026-08-18T09:50:29.321266+00:00,2026-08-18T09:51:31.069034+00:00
11,450,Cunha,14,MID,79,1.3684,2.2329,0.28,0.2016,0.2765,0.012,1,3,71,1,2026-08-18T09:50:29.321266+00:00,2026-08-18T09:51:31.069034+00:00
11,451,Rashford,14,MID,70,0,0,0.0,0.0,0.0,0,1,0,0,0,2026-08-18T09:50:29.321266+00:00,2026-08-18T09:51:31.069034+00:00
11,452,Amad,14,MID,63,2.0288,2.4844,0.48,0.1456,0.458,0.0116,1,8,90,1,2026-08-18T09:50:29.321266+00:00,2026-08-18T09:51:31.069034+00:00
11,454,Antony,14,MID,59,0,0,0.0,0.0,0.0,0,1,0,0,0,2026-08-18T09:50:29.321266+00:00,2026-08-18T09:51:31.069034+00:00
11,455,Mount,14,MID,59,1.0628,1.6072,0.28,0.2016,0.2765,0.0016,1,1,18,0,2026-08-18T09:50:29.321266+00:00,2026-08-18T09:51:31.069034+00:00
11,457,Casemiro,14,MID,55,2.154,2.5473,0.48,0.1456,0.458,0.0152,1,5,71,1,2026-08-18T09:50:29.321266+00:00,2026-08-18T09:51:31.069034+00:00
11,458,Mainoo,14,MID,47,0.7764,1.4541,0.18,0.1804,0.1818,0.0012,1,0,0,0,2026-08-18T09:50:29.321266+00:00,2026-08-18T09:51:31.069034+00:00
11,459,Ugarte,14,MID,48,0.9316,1.6855,0.18,0.1804,0.1818,0.0024,1,1,18,0,2026-08-18T09:50:29.321266+00:00,2026-08-18T09:51:31.069034+00:00
11,460,Collyer,14,MID,45,0,0,0.0,0.0,0.0,0,1,0,0,0,2026-08-18T09:50:29.321266+00:00,2026-08-18T09:51:31.069034+00:00
11,461,Fitzgerald,14,MID,44,0.4868,0.9715,0.1,0.198,0.1088,0.0,1,0,0,0,2026-08-18T09:50:29.321266+00:00,2026-08-18T09:51:31.069034+00:00
11,462,J.Fletcher,14,MID,44,0.4828,0.9727,0.1,0.198,0.1088,0.0004,1,0,0,0,2026-08-18T09:50:29.321266+00:00,2026-08-18T09:51:31.069034+00:00
11,463,Kone,14,MID,44,0,0,0.0,0.0,0.0,0,1,0,0,0,2026-08-18T09:50:29.321266+00:00,2026-08-18T09:51:31.069034+00:00
11,464,Moorhouse,14,MID,45,0,0,0.0,0.0,0.0,0,1,0,0,0,2026-08-18T09:50:29.321266+00:00,2026-08-18T09:51:31.069034+00:00
11,465,Højlund,14,FWD,63,0,0,0.0,0.0,0.0,0,1,0,0,0,2026-08-18T09:50:29.321266+00:00,2026-08-18T09:51:31.069034+00:00
11,466,Zirkzee,14,FWD,58,1.438,1.8281,0.45,0.154,0.4308,0.006,1,0,0,0,2026-08-18T09:50:29.321266+00:00,2026-08-18T09:51:31.069034+00:00
11,467,Obi,14,FWD,43,0.4608,0.9466,0.1,0.198,0.1088,0.0004,1,0,0,0,2026-08-18T09:50:29.321266+00:00,2026-08-18T09:51:31.069034+00:00
11,468,Wheatley,14,FWD,45,0,0,0.0,0.0,0.0,0,1,0,0,0,2026-08-18T09:50:29.321266+00:00,2026-08-18T09:51:31.069034+00:00
11,681,Šeško,14,FWD,73,0.8484,1.591,0.14,0.2408,0.1495,0.0024,1,1,32,0,2026-08-18T09:50:29.321266+00:00,2026-08-18T09:51:31.069034+00:00
11,733,Lammens,14,GKP,50,0.3224,0.9982,0.08,0.0736,0.0803,0.0,1,1,90,1,2026-08-18T09:50:29.321266+00:00,2026-08-18T09:51:31.069034+00:00
11,755,Lacey,14,MID,45,0.442,0.8929,0.1,0.198,0.1088,0.0,1,,,,2026-08-18T09:50:29.321266+00:00,
11,769,Bendito Mantato,14,MID,45,0.4764,0.9458,0.1,0.198,0.1088,0.0,1,,,,2026-08-18T09:50:29.321266+00:00,
11,771,Fletcher,14,MID,44,0.4816,0.9648,0.1,0.198,0.1088,0.0004,1,,,,2026-08-18T09:50:29.321266+00:00,
11,788,Kukonki,14,DEF,40,0.4652,1.1259,0.1,0.198,0.1088,0.0004,1,,,,2026-08-18T09:50:29.321266+00:00,
11,827,Thwaites,14,MID,45,0.456,0.9167,0.1,0.198,0.1088,0.0,1,,,,2026-08-18T09:50:29.321266+00:00,
11,52,J.Ramsey,15,MID,53,0.8088,1.496,0.18,0.1804,0.1818,0.0012,1,2,66,1,2026-08-18T09:50:29.321266+00:00,2026-08-18T09:51:31.069034+00:00
11,135,Wissa,15,FWD,73,4.4676,3.1841,0.9,0.018,0.8384,0.078,1,0,0,0,2026-08-18T09:50:29.321266+00:00,2026-08-18T09:51:31.069034+00:00
11,469,Pope,15,GKP,52,3.0448,2.1171,0.9,0.008,0.8376,0.0,1,3,76,1,2026-08-18T09:50:29.321266+00:00,2026-08-18T09:51:31.069034+00:00
11,471,Gillespie,15,GKP,40,0.1456,0.6996,0.04,0.0384,0.0403,0.0,1,0,0,0,2026-08-18T09:50:29.321266+00:00,2026-08-18T09:51:31.069034+00:00
11,472,Odysseas,15,GKP,40,0,0,0.0,0.0,0.0,0,1,0,0,0,2026-08-18T09:50:29.321266+00:00,2026-08-18T09:51:31.069034+00:00
11,473,Hall,15,DEF,52,0.7152,1.4918,0.18,0.1804,0.1818,0.0016,1,0,13,0,2026-08-18T09:50:29.321266+00:00,2026-08-18T09:51:31.069034+00:00
11,474,Schär,15,DEF,54,0,0,0.0,0.0,0.0,0,1,0,0,0,2026-08-18T09:50:29.321266+00:00,2026-08-18T09:51:31.069034+00:00
11,475,Botman,15,DEF,49,1.2136,2.0638,0.28,0.1584,0.2731,0.0052,1,3,90,1,2026-08-18T09:50:29.321266+00:00,2026-08-18T09:51:31.069034+00:00
11,476,Burn,15,DEF,52,1.5428,2.1165,0.48,0.1144,0.4556,0.0056,1,0,72,1,2026-08-18T09:50:29.321266+00:00,2026-08-18T09:51:31.069034+00:00
11,477,Livramento,15,DEF,49,0,0,0.0,0.0,0.0,0,1,0,0,0,2026-08-18T09:50:29.321266+00:00,2026-08-18T09:51:31.069034+00:00
11,478,Trippier,15,DEF,50,1.0004,1.7304,0.28,0.1584,0.2731,0.0008,1,0,90,1,2026-08-18T09:50:29.321266+00:00,2026-08-18T09:51:31.069034+00:00
11,479,Krafth,15,DEF,43,0,0,0.0,0.0,0.0,0,1,0,0,0,2026-08-18T09:50:29.321266+00:00,2026-08-18T09:51:31.069034+00:00
11,480,Lascelles,15,DEF,43,0,0,0.0,0.0,0.0,0,1,0,0,0,2026-08-18T09:50:29.321266+00:00,2026-08-18T09:51:31.069034+00:00
11,481,A.Murphy,15,DEF,39,0.4768,1.1519,0.1,0.198,0.1088,0.0016,1,0,0,0,2026-08-18T09:50:29.321266+00:00,2026-08-18T09:51:31.069034+00:00
11,482,Ashby,15,DEF,39,0,0,0.0,0.0,0.0,0,1,0,0,0,2026-08-18T09:50:29.321266+00:00,2026-08-18T09:51:31.069034+00:00
11,483,Pivas,15,DEF,39,0.4352,1.0468,0.1,0.198,0.1088,0.0004,1,0,0,0,2026-08-18T09:50:29.321266+00:00,2026-08-18T09:51:31.069034+00:00
11,484,Targett,15,DEF,40,0,0,0.0,0.0,0.0,0,1,0,0,0,2026-08-18T09:50:29.321266+00:00,2026-08-18T09:51:31.069034+00:00
11,485,Gordon,15,MID,74,1.172,1.9291,0.28,0.2016,0.2765,0.0076,1,0,0,0,2026-08-18T09:50:29.321266+00:00,2026-08-18T09:51:31.069034+00:00
11,486,Elanga,15,MID,67,1.1136,1.8477,0.28,0.2016,0.2765,0.0064,1,1,13,0,2026-08-18T09:50:29.321266+00:00,2026-08-18T09:51:31.069034+00:00
11,487,Barnes,15,MID,63,1.0628,1.6608,0.28,0.2016,0.2765,0.0032,1,9,76,1,2026-08-18T09:50:29.321266+00:00,2026-08-18T09:51:31.069034+00:00
11,488,Bruno G.,15,MID,66,1.976,2.3793,0.48,0.1456,0.458,0.0108,1,4,90,1,2026-08-18T09:50:29.321266+00:00,2026-08-18T09:51:31.069034+00:00
11,489,J.Murphy,15,MID,61,1.226,1.9415,0.28,0.2016,0.2765,0.0048,1,2,76,1,2026-08-18T09:50:29.321266+00:00,2026-08-18T09:51:31.069034+00:00
11,490,Joelinton,15,MID,59,0,0,0.0,0.0,0.0,0,1,1,23,0,2026-08-18T09:50:29.321266+00:00,2026-08-18T09:51:31.069034+00:00
11,491,Tonali,15,MID,54,0.9264,1.4965,0.24,0.1672,0.2366,0.0012,1,4,76,1,2026-08-18T09:50:29.321266+00:00,2026-08-18T09:51:31.069034+00:00
11,492,Antoñito C.,15,MID,49,0,0,0.0,0.0,0.0,0,1,0,0,0,2026-08-18T09:50:29.321266+00:00,2026-08-18T09:51:31.069034+00:00
11,494,Willock,15,MID,50,0.7512,1.4276,0.18,0.1804,0.1818,0.0012,1,1,13,0,2026-08-18T09:50:29.321266+00:00,2026-08-18T09:51:31.069034+00:00
11,495,Hayden,15,MID,45,0,0,0.0,0.0,0.0,0,1,0,0,0,2026-08-18T09:50:29.321266+00:00,2026-08-18T09:51:31.069034+00:00
11,496,Kuol,15,MID,44,0,0,0.0,0.0,0.0,0,1,0,0,0,2026-08-18T09:50:29.321266+00:00,2026-08-18T09:51:31.069034+00:00
11,497,L.Miley,15,MID,44,0,0,0.0,0.0,0.0,0,1,1,1,0,2026-08-18T09:50:29.321266+00:00,2026-08-18T09:51:31.069034+00:00
11,498,White,15,MID,45,0,0,0.0,0.0,0.0,0,1,0,0,0,2026-08-18T09:50:29.321266+00:00,2026-08-18T09:51:31.069034+00:00
11,500,Osula,15,FWD,55,1.3232,1.5788,0.45,0.154,0.4308,0.0024,1,0,0,0,2026-08-18T09:50:29.321266+00:00,2026-08-18T09:51:31.069034+00:00
11,501,Neave,15,FWD,44,0.4696,0.9809,0.1,0.198,0.1088,0.0004,1,0,0,0,2026-08-18T09:50:29.321266+00:00,2026-08-18T09:51:31.069034+00:00
11,674,Ramsdale,15,GKP,48,0.3616,1.1406,0.08,0.0736,0.0803,0.0004,1,0,13,0,2026-08-18T09:50:29.321266+00:00,2026-08-18T09:51:31.069034+00:00
11,684,Thiaw,15,DEF,49,1.122,2.0361,0.28,0.1584,0.2731,0.0052,1,3,90,1,2026-08-18T09:50:29.321266+00:00,2026-08-18T09:51:31.069034+00:00
11,689,Seung soo,15,MID,44,0.4504,0.9059,0.1,0.198,0.1088,0.0,1,0,0,0,2026-08-18T09:50:29.321266+00:00,2026-08-18T09:51:31.069034+00:00
11,714,Woltemade,15,FWD,75,1.4888,2.205,0.28,0.2016,0.2765,0.0068,1,5,90,1,2026-08-18T09:50:29.321266+00:00,2026-08-18T09:51:31.069034+00:00
11,753,Ruddy,15,GKP,40,0.1624,0.7855,0.04,0.0384,0.0403,0.0,1,,,,2026-08-18T09:50:29.321266+00:00,
11,765,Shahar,15,DEF,40,0.492,1.1437,0.1,0.198,0.1088,0.0004,1,,,,2026-08-18T09:50:29.321266+00:00,
11,772,Alabi,15,MID,45,0.4672,0.9489,0.1,0.198,0.1088,0.0004,1,,,,2026-08-18T09:50:29.321266+00:00,
11,12,Zinchenko,16,DEF,49,0,0,0.0,0.0,0.0,0,1,0,0,0,2026-08-18T09:50:29.321266+00:00,2026-08-18T09:51:31.069034+00:00
11,400,Ortega Moreno,16,GKP,48,0.3432,1.0731,0.08,0.0736,0.0803,0.0,1,0,0,0,2026-08-18T09:50:29.321266+00:00,2026-08-18T09:51:31.069034+00:00
11,426,McAtee,16,MID,51,0.6912,1.2101,0.18,0.1804,0.1818,0.0004,1,0,0,0,2026-08-18T09:50:29.321266+00:00,2026-08-18T09:51:31.069034+00:00
11,502,Sels,16,GKP,48,3.3276,2.2779,0.9,0.008,0.8376,0.0012,1,2,90,1,2026-08-18T09:50:29.321266+00:00,2026-08-18T09:51:31.069034+00:00
11,503,C.Miguel,16,GKP,40,0,0,0.0,0.0,0.0,0,1,0,0,0,2026-08-18T09:50:29.321266+00:00,2026-08-18T09:51:31.069034+00:00
11,504,Turner,16,GKP,40,0,0,0.0,0.0,0.0,0,1,0,0,0,2026-08-18T09:50:29.321266+00:00,2026-08-18T09:51:31.069034+00:00
11,505,Milenković,16,DEF,52,1.7656,2.3469,0.48,0.1144,0.4556,0.0068,1,4,90,1,2026-08-18T09:50:29.321266+00:00,2026-08-18T09:51:31.069034+00:00
11,506,Murillo,16,DEF,53,0,0,0.0,0.0,0.0,0,1,1,90,1,2026-08-18T09:50:29.321266+00:00,2026-08-18T09:51:31.069034+00:00
11,507,Aina,16,DEF,47,0.666,1.5373,0.14,0.1892,0.1453,0.0032,1,0,0,0,2026-08-18T09:50:29.321266+00:00,2026-08-18T09:51:31.069034+00:00
11,508,N.Williams,16,DEF,47,1.7168,2.4449,0.48,0.1144,0.4556,0.012,1,2,90,1,2026-08-18T09:50:29.321266+00:00,2026-08-18T09:51:31.069034+00:00
11,509,David Carmo,16,DEF,45,0,0,0.0,0.0,0.0,0,1,0,0,0,2026-08-18T09:50:29.321266+00:00,2026-08-18T09:51:31.069034+00:00
11,510,Jair Cunha,16,DEF,43,0.6176,1.4651,0.1,0.198,0.1088,0.002,1,0,0,0,2026-08-18T09:50:29.321266+00:00,2026-08-18T09:51:31.069034+00:00
11,511,Morato,16,DEF,44,0.9144,1.7594,0.22,0.1716,0.2183,0.0004,1,1,2,0,2026-08-18T09:50:29.321266+00:00,2026-08-18T09:51:31.069034+00:00
11,512,O.Richards,16,DEF,45,0,0,0.0,0.0,0.0,0,1,0,0,0,2026-08-18T09:50:29.321266+00:00,2026-08-18T09:51:31.069034+00:00
11,513,Abbott,16,DEF,39,0.5256,1.2855,0.1,0.198,0.1088,0.0004,1,0,0,0,2026-08-18T09:50:29.321266+00:00,2026-08-18T09:51:31.069034+00:00
11,514,Boly,16,DEF,39,0,0,0.0,0.0,0.0,0,1,0,0,0,2026-08-18T09:50:29.321266+00:00,2026-08-18T09:51:31.069034+00:00
11,515,Gibbs-White,16,MID,73,2.0312,2.5157,0.48,0.1456,0.458,0.018,1,10,87,1,2026-08-18T09:50:29.321266+00:00,2026-08-18T09:51:31.069034+00:00
11,516,Hudson-Odoi,16,MID,58,0,0,0.0,0.0,0.0,0,1,0,0,0,2026-08-18T09:50:29.321266+00:00,2026-08-18T09:51:31.069034+00:00
11,517,Anderson,16,MID,53,2.1024,2.4021,0.48,0.1144,0.4556,0.0092,1,9,90,1,2026-08-18T09:50:29.321266+00:00,2026-08-18T09:51:31.069034+00:00
11,518,Jota,16,MID,54,0,0,0.0,0.0,0.0,0,1,0,0,0,2026-08-18T09:50:29.321266+00:00,2026-08-18T09:51:31.069034+00:00
11,519,Dominguez,16,MID,50,0.7008,1.2358,0.18,0.1804,0.1818,0.0008,1,1,58,1,2026-08-18T09:50:29.321266+00:00,2026-08-18T09:51:31.069034+00:00
11,520,O'Brien,16,MID,50,0,0,0.0,0.0,0.0,0,1,0,0,0,2026-08-18T09:50:29.321266+00:00,2026-08-18T09:51:31.069034+00:00
11,521,Sangaré,16,MID,49,1.1332,1.7426,0.28,0.1584,0.2731,0.0032,1,5,58,1,2026-08-18T09:50:29.321266+00:00,2026-08-18T09:51:31.069034+00:00
11,522,Yates,16,MID,47,0.682,1.2699,0.18,0.1804,0.1818,0.0,1,1,31,0,2026-08-18T09:50:29.321266+00:00,2026-08-18T09:51:31.069034+00:00
11,523,Da Silva Moreira,16,MID,45,0.4616,0.9326,0.1,0.198,0.1088,0.0,1,0,0,0,2026-08-18T09:50:29.321266+00:00,2026-08-18T09:51:31.069034+00:00
11,524,Stamenic,16,MID,45,0,0,0.0,0.0,0.0,0,1,0,0,0,2026-08-18T09:50:29.321266+00:00,2026-08-18T09:51:31.069034+00:00
11,525,Wood,16,FWD,72,1.426,2.158,0.28,0.2016,0.2765,0.0108,1,0,0,0,2026-08-18T09:50:29.321266+00:00,2026-08-18T09:51:31.069034+00:00
11,526,Igor Jesus,16,FWD,58,1.4564,1.831,0.45,0.154,0.4308,0.0036,1,1,58,1,2026-08-18T09:50:29.321266+00:00,2026-08-18T09:51:31.069034+00:00
11,527,Awoniyi,16,FWD,52,0.654,1.2249,0.18,0.1804,0.1818,0.0016,1,1,31,0,2026-08-18T09:50:29.321266+00:00,2026-08-18T09:51:31.069034+00:00
11,669,Ndoye,16,MID,57,1.844,2.1021,0.48,0.1456,0.458,0.008,1,5,90,1,2026-08-18T09:50:29.321266+00:00,2026-08-18T09:51:31.069034+00:00
11,675,Gunn,16,GKP,40,0.166,0.7789,0.04,0.0384,0.0403,0.0004,1,0,0,0,2026-08-18T09:50:29.321266+00:00,2026-08-18T09:51:31.069034+00:00
11,693,Hutchinson,16,MID,54,0.7732,1.5376,0.18,0.1804,0.1818,0.0032,1,8,31,0,2026-08-18T09:50:29.321266+00:00,2026-08-18T09:51:31.069034+00:00
11,696,Kalimuendo,16,FWD,60,0,0,0.0,0.0,0.0,0,1,0,0,0,2026-08-18T09:50:29.321266+00:00,2026-08-18T09:51:31.069034+00:00
11,715,John,16,GKP,40,0.1656,0.7715,0.04,0.0384,0.0403,0.0,1,0,0,0,2026-08-18T09:50:29.321266+00:00,2026-08-18T09:51:31.069034+00:00
11,716,Savona,16,DEF,45,0,0,0.0,0.0,0.0,0,1,2,90,1,2026-08-18T09:50:29.321266+00:00,2026-08-18T09:51:31.069034+00:00
11,729,Cuiabano,16,DEF,45,0,0,0.0,0.0,0.0,0,1,0,0,0,2026-08-18T09:50:29.321266+00:00,2026-08-18T09:51:31.069034+00:00
11,734,Bakwa,16,MID,60,1.6444,2.0136,0.45,0.154,0.4308,0.0072,1,0,0,0,2026-08-18T09:50:29.321266+00:00,2026-08-18T09:51:31.069034+00:00
11,805,Lucca,16,FWD,53,0.6772,1.2484,0.18,0.1804,0.1818,0.0012,1,,,,2026-08-18T09:50:29.321266+00:00,
11,814,Netz,16,DEF,45,0.5204,1.2824,0.1,0.198,0.1088,0.0008,1,,,,2026-08-18T09:50:29.321266+00:00,
11,835,Whitehall,16,MID,45,0.4732,0.9778,0.1,0.198,0.1088,0.0004,1,,,,2026-08-18T09:50:29.321266+00:00,
11,836,Sinclair,16,MID,45,0.4808,0.9581,0.1,0.198,0.1088,0.0,1,,,,2026-08-18T09:50:29.321266+00:00,
11,841,Sillah,16,FWD,45,0.4424,0.9281,0.1,0.198,0.1088,0.0004,1,,,,2026-08-18T09:50:29.321266+00:00,
11,528,Patterson,17,GKP,43,0,0,0.0,0.0,0.0,0,1,0,0,0,2026-08-18T09:50:29.321266+00:00,2026-08-18T09:51:31.069034+00:00
11,529,Moore,17,GKP,39,0.1408,0.7085,0.04,0.0384,0.0403,0.0,1,0,0,0,2026-08-18T09:50:29.321266+00:00,2026-08-18T09:51:31.069034+00:00
11,530,Nna Noukeu,17,GKP,39,0,0,0.0,0.0,0.0,0,1,0,0,0,2026-08-18T09:50:29.321266+00:00,2026-08-18T09:51:31.069034+00:00
11,531,Ballard,17,DEF,46,1.8184,2.913,0.28,0.1584,0.2731,0.0224,1,10,90,1,2026-08-18T09:50:29.321266+00:00,2026-08-18T09:51:31.069034+00:00
11,532,Hume,17,DEF,45,1.0344,1.9889,0.22,0.1716,0.2183,0.0072,1,1,90,1,2026-08-18T09:50:29.321266+00:00,2026-08-18T09:51:31.069034+00:00
11,533,Alese,17,DEF,40,0,0,0.0,0.0,0.0,0,1,0,0,0,2026-08-18T09:50:29.321266+00:00,2026-08-18T09:51:31.069034+00:00
11,534,Anderson,17,DEF,39,0,0,0.0,0.0,0.0,0,1,0,0,0,2026-08-18T09:50:29.321266+00:00,2026-08-18T09:51:31.069034+00:00
11,535,Cirkin,17,DEF,40,0.5308,1.249,0.1,0.198,0.1088,0.0008,1,0,0,0,2026-08-18T09:50:29.321266+00:00,2026-08-18T09:51:31.069034+00:00
11,536,Hjelde,17,DEF,40,0,0,0.0,0.0,0.0,0,1,0,0,0,2026-08-18T09:50:29.321266+00:00,2026-08-18T09:51:31.069034+00:00
11,537,Huggins,17,DEF,40,0,0,0.0,0.0,0.0,0,1,0,0,0,2026-08-18T09:50:29.321266+00:00,2026-08-18T09:51:31.069034+00:00
11,538,Johnson,17,DEF,39,0,0,0.0,0.0,0.0,0,1,0,0,0,2026-08-18T09:50:29.321266+00:00,2026-08-18T09:51:31.069034+00:00
11,539,O'Nien,17,DEF,40,0.5472,1.3165,0.1,0.198,0.1088,0.0012,1,0,0,0,2026-08-18T09:50:29.321266+00:00,2026-08-18T09:51:31.069034+00:00
11,540,Pembele,17,DEF,39,0,0,0.0,0.0,0.0,0,1,0,0,0,2026-08-18T09:50:29.321266+00:00,2026-08-18T09:51:31.069034+00:00
11,541,Reinildo,17,DEF,40,0.9548,1.8156,0.22,0.1716,0.2183,0.0024,1,0,90,1,2026-08-18T09:50:29.321266+00:00,2026-08-18T09:51:31.069034+00:00
11,542,Seelt,17,DEF,40,0,0,0.0,0.0,0.0,0,1,0,0,0,2026-08-18T09:50:29.321266+00:00,2026-08-18T09:51:31.069034+00:00
11,543,Adingra,17,MID,51,0,0,0.0,0.0,0.0,0,1,1,26,0,2026-08-18T09:50:29.321266+00:00,2026-08-18T09:51:31.069034+00:00
11,544,Diarra,17,MID,53,1.2112,2.1015,0.28,0.1584,0.2731,0.01,1,0,0,0,2026-08-18T09:50:29.321266+00:00,2026-08-18T09:51:31.069034+00:00
11,545,Roberts,17,MID,54,0,0,0.0,0.0,0.0,0,1,0,0,0,2026-08-18T09:50:29.321266+00:00,2026-08-18T09:51:31.069034+00:00
11,546,Aleksić,17,MID,49,0.7228,1.3575,0.18,0.1804,0.1818,0.0024,1,0,0,0,2026-08-18T09:50:29.321266+00:00,2026-08-18T09:51:31.069034+00:00
11,547,E.Le Fée,17,MID,49,1.2672,2.0441,0.28,0.1584,0.2731,0.0056,1,2,63,1,2026-08-18T09:50:29.321266+00:00,2026-08-18T09:51:31.069034+00:00
11,548,Mundle,17,MID,49,0,0,0.0,0.0,0.0,0,1,0,0,0,2026-08-18T09:50:29.321266+00:00,2026-08-18T09:51:31.069034+00:00
11,549,Neil,17,MID,48,0,0,0.0,0.0,0.0,0,1,0,0,0,2026-08-18T09:50:29.321266+00:00,2026-08-18T09:51:31.069034+00:00
11,550,Poveda,17,MID,48,0.718,1.3288,0.18,0.1804,0.1818,0.0008,1,0,0,0,2026-08-18T09:50:29.321266+00:00,2026-08-18T09:51:31.069034+00:00
11,551,Rigg,17,MID,48,0.9256,1.4057,0.28,0.1584,0.2731,0.0008,1,0,0,0,2026-08-18T09:50:29.321266+00:00,2026-08-18T09:51:31.069034+00:00
11,552,Sadiki,17,MID,50,1.2788,1.5571,0.48,0.1144,0.4556,0.0008,1,4,90,1,2026-08-18T09:50:29.321266+00:00,2026-08-18T09:51:31.069034+00:00
11,553,Talbi,17,MID,50,0,0,0.0,0.0,0.0,0,1,1,26,0,2026-08-18T09:50:29.321266+00:00,2026-08-18T09:51:31.069034+00:00
11,554,Ba,17,MID,43,0.458,0.9882,0.1,0.198,0.1088,0.0,1,0,0,0,2026-08-18T09:50:29.321266+00:00,2026-08-18T09:51:31.069034+00:00
11,555,Browne,17,MID,45,0,0,0.0,0.0,0.0,0,1,0,0,0,2026-08-18T09:50:29.321266+00:00,2026-08-18T09:51:31.069034+00:00
11,556,Ekwah,17,MID,45,0,0,0.0,0.0,0.0,0,1,0,0,0,2026-08-18T09:50:29.321266+00:00,2026-08-18T09:51:31.069034+00:00
11,557,H.Jones,17,MID,44,0.444,0.9533,0.1,0.198,0.1088,0.0004,1,0,0,0,2026-08-18T09:50:29.321266+00:00,2026-08-18T09:51:31.069034+00:00
11,558,Matete,17,MID,44,0,0,0.0,0.0,0.0,0,1,0,0,0,2026-08-18T09:50:29.321266+00:00,2026-08-18T09:51:31.069034+00:00
11,559,Triantis,17,MID,44,0,0,0.0,0.0,0.0,0,1,0,0,0,2026-08-18T09:50:29.321266+00:00,2026-08-18T09:51:31.069034+00:00
11,560,Isidor,17,FWD,56,1.384,2.0788,0.28,0.2016,0.2765,0.0048,1,2,62,1,2026-08-18T09:50:29.321266+00:00,2026-08-18T09:51:31.069034+00:00
11,561,Mayenda,17,FWD,54,0.9616,1.505,0.28,0.1584,0.2731,0.0028,1,1,3,0,2026-08-18T09:50:29.321266+00:00,2026-08-18T09:51:31.069034+00:00
11,562,Abdullahi,17,FWD,43,0.43,0.8717,0.1,0.198,0.1088,0.0,1,0,0,0,2026-08-18T09:50:29.321266+00:00,2026-08-18T09:51:31.069034+00:00
11,563,Luís Hemir,17,FWD,44,0,0,0.0,0.0,0.0,0,1,0,0,0,2026-08-18T09:50:29.321266+00:00,2026-08-18T09:51:31.069034+00:00
11,564,Rusyn,17,FWD,44,0,0,0.0,0.0,0.0,0,1,0,0,0,2026-08-18T09:50:29.321266+00:00,2026-08-18T09:51:31.069034+00:00
11,668,Xhaka,17,MID,51,2.0536,2.3889,0.48,0.1144,0.4556,0.008,1,3,90,1,2026-08-18T09:50:29.321266+00:00,2026-08-18T09:51:31.069034+00:00
11,670,Roefs,17,GKP,47,3.8064,2.4257,0.9,0.008,0.8376,0.008,1,2,90,1,2026-08-18T09:50:29.321266+00:00,2026-08-18T09:51:31.069034+00:00
11,678,Masuaku,17,DEF,39,0,0,0.0,0.0,0.0,0,1,0,0,0,2026-08-18T09:50:29.321266+00:00,2026-08-18T09:51:31.069034+00:00
11,683,Alderete,17,DEF,41,0.6852,1.6226,0.11,0.1958,0.118,0.002,1,0,0,0,2026-08-18T09:50:29.321266+00:00,2026-08-18T09:51:31.069034+00:00
11,694,Mukiele,17,DEF,42,1.1764,2.3159,0.22,0.1716,0.2183,0.0116,1,4,90,1,2026-08-18T09:50:29.321266+00:00,2026-08-18T09:51:31.069034+00:00
11,724,Geertruida,17,DEF,45,0.5136,1.3008,0.1,0.198,0.1088,0.0008,1,1,86,1,2026-08-18T09:50:29.321266+00:00,2026-08-18T09:51:31.069034+00:00
11,730,Brobbey,17,FWD,55,1.6048,2.0103,0.45,0.154,0.4308,0.0056,1,5,27,0,2026-08-18T09:50:29.321266+00:00,2026-08-18T09:51:31.069034+00:00
11,735,Traoré,17,MID,55,1.0488,1.5443,0.28,0.2016,0.2765,0.002,1,2,63,1,2026-08-18T09:50:29.321266+00:00,2026-08-18T09:51:31.069034+00:00
11,774,Jenson Jones,17,DEF,40,0.506,1.1967,0.1,0.198,0.1088,0.0004,1,,,,2026-08-18T09:50:29.321266+00:00,
11,775,Tutierov,17,MID,45,0,0,0.0,0.0,0.0,0,1,,,,2026-08-18T09:50:29.321266+00:00,
11,800,Jocelin.T,17,MID,49,0.7176,1.2611,0.18,0.1804,0.1818,0.0004,1,,,,2026-08-18T09:50:29.321266+00:00,
11,812,Ellborg,17,GKP,40,0.1924,0.8436,0.04,0.0384,0.0403,0.0,1,,,,2026-08-18T09:50:29.321266+00:00,
11,813,Angulo,17,MID,50,0.7192,1.2993,0.18,0.1804,0.1818,0.0004,1,,,,2026-08-18T09:50:29.321266+00:00,
11,821,Whittaker,17,MID,45,0.4724,0.9916,0.1,0.198,0.1088,0.0004,1,,,,2026-08-18T09:50:29.321266+00:00,
11,822,Jones,17,MID,45,0.5364,1.1116,0.1,0.198,0.1088,0.0004,1,,,,2026-08-18T09:50:29.321266+00:00,
11,565,Vicario,18,GKP,51,3.8492,2.4057,0.9,0.008,0.8376,0.0072,1,1,90,1,2026-08-18T09:50:29.321266+00:00,2026-08-18T09:51:31.069034+00:00
11,566,Austin,18,GKP,39,0.1708,0.7901,0.04,0.0384,0.0403,0.0,1,0,0,0,2026-08-18T09:50:29.321266+00:00,2026-08-18T09:51:31.069034+00:00
11,567,Kinsky,18,GKP,39,0.1948,0.8865,0.04,0.0384,0.0403,0.0,1,0,0,0,2026-08-18T09:50:29.321266+00:00,2026-08-18T09:51:31.069034+00:00
11,568,Pedro Porro,18,DEF,55,2.0028,2.4615,0.48,0.1456,0.458,0.008,1,2,66,1,2026-08-18T09:50:29.321266+00:00,2026-08-18T09:51:31.069034+00:00
11,569,Romero,18,DEF,50,0,0,0.0,0.0,0.0,0,1,1,87,1,2026-08-18T09:50:29.321266+00:00,2026-08-18T09:51:31.069034+00:00
11,570,Danso,18,DEF,43,1.1556,2.1571,0.22,0.1716,0.2183,0.0056,1,0,2,0,2026-08-18T09:50:29.321266+00:00,2026-08-18T09:51:31.069034+00:00
11,571,Davies,18,DEF,43,0,0,0.0,0.0,0.0,0,1,0,0,0,2026-08-18T09:50:29.321266+00:00,2026-08-18T09:51:31.069034+00:00
11,572,Dragusin,18,DEF,45,0.9332,1.7011,0.22,0.1716,0.2183,0.0004,1,0,0,0,2026-08-18T09:50:29.321266+00:00,2026-08-18T09:51:31.069034+00:00
11,573,Spence,18,DEF,45,0.8124,1.6079,0.22,0.1716,0.2183,0.0012,1,1,90,1,2026-08-18T09:50:29.321266+00:00,2026-08-18T09:51:31.069034+00:00
11,574,Udogie,18,DEF,44,0.8128,1.5754,0.22,0.1716,0.2183,0.0016,1,4,23,0,2026-08-18T09:50:29.321266+00:00,2026-08-18T09:51:31.069034+00:00
11,575,Van de Ven,18,DEF,48,2.1428,2.8553,0.48,0.1144,0.4556,0.0232,1,1,90,1,2026-08-18T09:50:29.321266+00:00,2026-08-18T09:51:31.069034+00:00
11,576,Phillips,18,DEF,40,0,0,0.0,0.0,0.0,0,1,0,0,0,2026-08-18T09:50:29.321266+00:00,2026-08-18T09:51:31.069034+00:00
11,577,Takai,18,DEF,40,0,0,0.0,0.0,0.0,0,1,0,0,0,2026-08-18T09:50:29.321266+00:00,2026-08-18T09:51:31.069034+00:00
11,578,Vuskovic,18,DEF,39,0,0,0.0,0.0,0.0,0,1,0,0,0,2026-08-18T09:50:29.321266+00:00,2026-08-18T09:51:31.069034+00:00
11,579,Son,18,MID,85,0,0,0.0,0.0,0.0,0,1,0,0,0,2026-08-18T09:50:29.321266+00:00,2026-08-18T09:51:31.069034+00:00
11,581,Maddison,18,MID,69,3.6588,3.6028,0.68,0.0576,0.637,0.076,1,0,0,0,2026-08-18T09:50:29.321266+00:00,2026-08-18T09:51:31.069034+00:00
11,582,Kudus,18,MID,66,0,0,0.0,0.0,0.0,0,1,0,0,0,2026-08-18T09:50:29.321266+00:00,2026-08-18T09:51:31.069034+00:00
11,583,Kulusevski,18,MID,64,0,0,0.0,0.0,0.0,0,1,0,0,0,2026-08-18T09:50:29.321266+00:00,2026-08-18T09:51:31.069034+00:00
11,584,Tel,18,MID,63,1.176,1.8804,0.28,0.2016,0.2765,0.0064,1,6,11,0,2026-08-18T09:50:29.321266+00:00,2026-08-18T09:51:31.069034+00:00
11,585,Bentancur,18,MID,53,2.0644,2.393,0.48,0.1144,0.4556,0.0088,1,1,11,0,2026-08-18T09:50:29.321266+00:00,2026-08-18T09:51:31.069034+00:00
11,586,Bergvall,18,MID,54,1.064,1.745,0.28,0.1584,0.2731,0.0032,1,0,0,0,2026-08-18T09:50:29.321266+00:00,2026-08-18T09:51:31.069034+00:00
11,587,Bissouma,18,MID,52,1.8864,1.6829,0.68,0.0704,0.638,0.0008,1,0,0,0,2026-08-18T09:50:29.321266+00:00,2026-08-18T09:51:31.069034+00:00
11,588,Odobert,18,MID,53,0,0,0.0,0.0,0.0,0,1,7,45,1,2026-08-18T09:50:29.321266+00:00,2026-08-18T09:51:31.069034+00:00
11,589,Solomon,18,MID,54,0,0,0.0,0.0,0.0,0,1,0,0,0,2026-08-18T09:50:29.321266+00:00,2026-08-18T09:51:31.069034+00:00
11,590,Bryan,18,MID,49,0,0,0.0,0.0,0.0,0,1,0,0,0,2026-08-18T09:50:29.321266+00:00,2026-08-18T09:51:31.069034+00:00
11,591,Gray,18,MID,48,0.79,1.4635,0.18,0.1804,0.1818,0.0016,1,0,0,0,2026-08-18T09:50:29.321266+00:00,2026-08-18T09:51:31.069034+00:00
11,592,Moore,18,MID,50,0,0,0.0,0.0,0.0,0,1,0,0,0,2026-08-18T09:50:29.321266+00:00,2026-08-18T09:51:31.069034+00:00
11,593,P.M.Sarr,18,MID,49,1.1556,1.7951,0.28,0.1584,0.2731,0.0024,1,2,90,1,2026-08-18T09:50:29.321266+00:00,2026-08-18T09:51:31.069034+00:00
11,594,Min-hyeok,18,MID,45,0,0,0.0,0.0,0.0,0,1,0,0,0,2026-08-18T09:50:29.321266+00:00,2026-08-18T09:51:31.069034+00:00
11,595,Olusesi,18,MID,44,0.4548,0.9543,0.1,0.198,0.1088,0.0004,1,0,0,0,2026-08-18T09:50:29.321266+00:00,2026-08-18T09:51:31.069034+00:00
11,596,Solanke,18,FWD,72,2.4892,2.387,0.72,0.0784,0.6759,0.0184,1,0,0,0,2026-08-18T09:50:29.321266+00:00,2026-08-18T09:51:31.069034+00:00
11,597,Richarlison,18,FWD,64,1.4392,2.2238,0.28,0.2016,0.2765,0.0084,1,6,90,1,2026-08-18T09:50:29.321266+00:00,2026-08-18T09:51:31.069034+00:00
11,598,Lankshear,18,FWD,45,0,0,0.0,0.0,0.0,0,1,0,0,0,2026-08-18T09:50:29.321266+00:00,2026-08-18T09:51:31.069034+00:00
11,599,Scarlett,18,FWD,43,0,0,0.0,0.0,0.0,0,1,0,0,0,2026-08-18T09:50:29.321266+00:00,2026-08-18T09:51:31.069034+00:00
11,673,J.Palhinha,18,MID,55,2.2828,2.6442,0.48,0.1456,0.458,0.0172,1,3,78,1,2026-08-18T09:50:29.321266+00:00,2026-08-18T09:51:31.069034+00:00
11,717,Xavi,18,MID,67,0,0,0.0,0.0,0.0,0,1,2,78,1,2026-08-18T09:50:29.321266+00:00,2026-08-18T09:51:31.069034+00:00
11,726,Kolo Muani,18,FWD,69,1.566,2.0126,0.45,0.154,0.4308,0.0096,1,1,45,1,2026-08-18T09:50:29.321266+00:00,2026-08-18T09:51:31.069034+00:00
11,745,Byfield,18,DEF,40,0.5636,1.3015,0.1,0.198,0.1088,0.0004,1,0,0,0,2026-08-18T09:50:29.321266+00:00,2026-08-18T09:51:31.069034+00:00
11,750,Rowswell,18,DEF,40,0.512,1.2329,0.1,0.198,0.1088,0.0008,1,0,0,0,2026-08-18T09:50:29.321266+00:00,2026-08-18T09:51:31.069034+00:00
11,751,Akhamrich,18,MID,45,0,0,0.0,0.0,0.0,0,1,0,0,0,2026-08-18T09:50:29.321266+00:00,2026-08-18T09:51:31.069034+00:00
11,790,Williams-Barnett,18,MID,45,0.4768,0.9811,0.1,0.198,0.1088,0.0004,1,,,,2026-08-18T09:50:29.321266+00:00,
11,796,Gallagher,18,MID,50,0.6944,1.2949,0.18,0.1804,0.1818,0.0008,1,,,,2026-08-18T09:50:29.321266+00:00,
11,804,Souza,18,DEF,40,0.552,1.3118,0.1,0.198,0.1088,0.0012,1,,,,2026-08-18T09:50:29.321266+00:00,
11,811,Kyerematen,18,MID,45,0.5124,1.0552,0.1,0.198,0.1088,0.0,1,,,,2026-08-18T09:50:29.321266+00:00,
11,818,Wilson,18,FWD,45,0.4664,0.8964,0.1,0.198,0.1088,0.0,1,,,,2026-08-18T09:50:29.321266+00:00,
11,326,Adama,19,MID,52,0.4708,1.07,0.09,0.2002,0.0997,0.0,1,1,15,0,2026-08-18T09:50:29.321266+00:00,2026-08-18T09:51:31.069034+00:00
11,600,Areola,19,GKP,43,0.1864,0.8342,0.04,0.0384,0.0403,0.0,1,2,90,1,2026-08-18T09:50:29.321266+00:00,2026-08-18T09:51:31.069034+00:00
11,601,Foderingham,19,GKP,40,0,0,0.0,0.0,0.0,0,1,0,0,0,2026-08-18T09:50:29.321266+00:00,2026-08-18T09:51:31.069034+00:00
11,602,Hegyi,19,GKP,39,0,0,0.0,0.0,0.0,0,1,0,0,0,2026-08-18T09:50:29.321266+00:00,2026-08-18T09:51:31.069034+00:00
11,603,Diouf,19,DEF,43,0.9416,1.8466,0.22,0.1716,0.2183,0.0032,1,1,90,1,2026-08-18T09:50:29.321266+00:00,2026-08-18T09:51:31.069034+00:00
11,604,Emerson,19,DEF,44,0,0,0.0,0.0,0.0,0,1,0,0,0,2026-08-18T09:50:29.321266+00:00,2026-08-18T09:51:31.069034+00:00
11,605,Kilman,19,DEF,43,0.9428,1.8539,0.22,0.1716,0.2183,0.0044,1,1,90,1,2026-08-18T09:50:29.321266+00:00,2026-08-18T09:51:31.069034+00:00
11,606,Mavropanos,19,DEF,44,1.0408,2.0193,0.22,0.1716,0.2183,0.0044,1,0,0,0,2026-08-18T09:50:29.321266+00:00,2026-08-18T09:51:31.069034+00:00
11,607,N.Aguerd,19,DEF,44,0,0,0.0,0.0,0.0,0,1,0,0,0,2026-08-18T09:50:29.321266+00:00,2026-08-18T09:51:31.069034+00:00
11,608,Scarles,19,DEF,44,0.5244,1.2911,0.1,0.198,0.1088,0.0016,1,0,0,0,2026-08-18T09:50:29.321266+00:00,2026-08-18T09:51:31.069034+00:00
11,609,Todibo,19,DEF,43,0.9504,1.8473,0.22,0.1716,0.2183,0.0024,1,1,90,1,2026-08-18T09:50:29.321266+00:00,2026-08-18T09:51:31.069034+00:00
11,610,Wan-Bissaka,19,DEF,43,0.8836,1.6536,0.22,0.1716,0.2183,0.0008,1,3,90,1,2026-08-18T09:50:29.321266+00:00,2026-08-18T09:51:31.069034+00:00
11,611,Casey,19,DEF,40,0,0,0.0,0.0,0.0,0,1,0,0,0,2026-08-18T09:50:29.321266+00:00,2026-08-18T09:51:31.069034+00:00
11,612,L.Paquetá,19,MID,59,0,0,0.0,0.0,0.0,0,1,4,82,1,2026-08-18T09:50:29.321266+00:00,2026-08-18T09:51:31.069034+00:00
11,613,Souček,19,MID,57,1.1896,1.9629,0.28,0.2016,0.2765,0.0076,1,12,28,0,2026-08-18T09:50:29.321266+00:00,2026-08-18T09:51:31.069034+00:00
11,615,Summerville,19,MID,55,1.0112,1.6917,0.28,0.2016,0.2765,0.0036,1,5,82,1,2026-08-18T09:50:29.321266+00:00,2026-08-18T09:51:31.069034+00:00
11,616,Álvarez,19,MID,49,0,0,0.0,0.0,0.0,0,1,0,0,0,2026-08-18T09:50:29.321266+00:00,2026-08-18T09:51:31.069034+00:00
11,617,Cornet,19,MID,49,0,0,0.0,0.0,0.0,0,1,0,0,0,2026-08-18T09:50:29.321266+00:00,2026-08-18T09:51:31.069034+00:00
11,618,G.Rodriguez,19,MID,48,0,0,0.0,0.0,0.0,0,1,0,0,0,2026-08-18T09:50:29.321266+00:00,2026-08-18T09:51:31.069034+00:00
11,619,L.Guilherme,19,MID,49,0,0,0.0,0.0,0.0,0,1,0,0,0,2026-08-18T09:50:29.321266+00:00,2026-08-18T09:51:31.069034+00:00
11,620,Earthy,19,MID,45,0,0,0.0,0.0,0.0,0,1,0,0,0,2026-08-18T09:50:29.321266+00:00,2026-08-18T09:51:31.069034+00:00
11,621,Irving,19,MID,44,0,0,0.0,0.0,0.0,0,1,0,0,0,2026-08-18T09:50:29.321266+00:00,2026-08-18T09:51:31.069034+00:00
11,622,Orford,19,MID,44,0,0,0.0,0.0,0.0,0,1,0,0,0,2026-08-18T09:50:29.321266+00:00,2026-08-18T09:51:31.069034+00:00
11,623,Potts,19,MID,44,0.526,1.0508,0.1,0.198,0.1088,0.0,1,4,61,1,2026-08-18T09:50:29.321266+00:00,2026-08-18T09:51:31.069034+00:00
11,624,Bowen,19,FWD,77,2.2372,2.499,0.48,0.1456,0.458,0.0132,1,2,90,1,2026-08-18T09:50:29.321266+00:00,2026-08-18T09:51:31.069034+00:00
11,625,Füllkrug,19,FWD,56,0,0,0.0,0.0,0.0,0,1,0,0,0,2026-08-18T09:50:29.321266+00:00,2026-08-18T09:51:31.069034+00:00
11,626,Marshall,19,FWD,44,0,0,0.0,0.0,0.0,0,1,0,0,0,2026-08-18T09:50:29.321266+00:00,2026-08-18T09:51:31.069034+00:00
11,659,Walker-Peters,19,DEF,43,0.8124,1.5638,0.22,0.1716,0.2183,0.002,1,7,7,0,2026-08-18T09:50:29.321266+00:00,2026-08-18T09:51:31.069034+00:00
11,671,Wilson,19,FWD,58,1.4944,1.8348,0.45,0.154,0.4308,0.0048,1,7,70,1,2026-08-18T09:50:29.321266+00:00,2026-08-18T09:51:31.069034+00:00
11,679,Hermansen,19,GKP,44,0.166,0.7528,0.04,0.0384,0.0403,0.0,1,0,0,0,2026-08-18T09:50:29.321266+00:00,2026-08-18T09:51:31.069034+00:00
11,708,M.Fernandes,19,MID,55,1.2252,1.8749,0.28,0.2016,0.2765,0.0048,1,1,90,1,2026-08-18T09:50:29.321266+00:00,2026-08-18T09:51:31.069034+00:00
11,718,S.Magassa,19,MID,50,0.8212,1.5109,0.18,0.1804,0.1818,0.0016,1,1,19,0,2026-08-18T09:50:29.321266+00:00,2026-08-18T09:51:31.069034+00:00
11,738,Fabianski,19,GKP,45,3.362,2.3359,0.88,0.0048,0.8188,0.0008,1,0,0,0,2026-08-18T09:50:29.321266+00:00,2026-08-18T09:51:31.069034+00:00
11,747,Mayers,19,DEF,40,0.4976,1.2031,0.1,0.198,0.1088,0.0012,1,0,0,0,2026-08-18T09:50:29.321266+00:00,2026-08-18T09:51:31.069034+00:00
11,752,Golambeckis,19,DEF,40,0.5516,1.2499,0.1,0.198,0.1088,0.0004,1,0,0,0,2026-08-18T09:50:29.321266+00:00,2026-08-18T09:51:31.069034+00:00
11,758,Mohamadou Kanté,19,MID,45,0.5068,1.0767,0.1,0.198,0.1088,0.0008,1,,,,2026-08-18T09:50:29.321266+00:00,
11,785,Pablo,19,FWD,54,0.658,1.2329,0.18,0.1804,0.1818,0.0008,1,,,,2026-08-18T09:50:29.321266+00:00,
11,791,Taty,19,FWD,55,1.3636,1.6689,0.45,0.154,0.4308,0.004,1,,,,2026-08-18T09:50:29.321266+00:00,
11,802,Lamadrid,19,MID,50,0.6964,1.3042,0.18,0.1804,0.1818,0.0012,1,,,,2026-08-18T09:50:29.321266+00:00,
11,815,Disasi,19,DEF,45,0.8104,1.6335,0.22,0.1716,0.2183,0.002,1,,,,2026-08-18T09:50:29.321266+00:00,
11,825,Herrick,19,GKP,40,0.1936,0.8821,0.04,0.0384,0.0403,0.0,1,,,,2026-08-18T09:50:29.321266+00:00,
11,627,Johnstone,20,GKP,45,0,0,0.0,0.0,0.0,0,1,2,90,1,2026-08-18T09:50:29.321266+00:00,2026-08-18T09:51:31.069034+00:00
11,628,José Sá,20,GKP,43,2.2912,1.9118,0.88,0.0048,0.8188,0.0004,1,0,0,0,2026-08-18T09:50:29.321266+00:00,2026-08-18T09:51:31.069034+00:00
11,629,Bentley,20,GKP,40,0.1688,0.7816,0.04,0.0384,0.0403,0.0,1,0,0,0,2026-08-18T09:50:29.321266+00:00,2026-08-18T09:51:31.069034+00:00
11,631,Agbadou,20,DEF,43,0,0,0.0,0.0,0.0,0,1,0,0,0,2026-08-18T09:50:29.321266+00:00,2026-08-18T09:51:31.069034+00:00
11,632,Doherty,20,DEF,44,0,0,0.0,0.0,0.0,0,1,0,0,0,2026-08-18T09:50:29.321266+00:00,2026-08-18T09:51:31.069034+00:00
11,633,H.Bueno,20,DEF,44,0.9188,1.7285,0.22,0.1716,0.2183,0.0024,1,1,90,1,2026-08-18T09:50:29.321266+00:00,2026-08-18T09:51:31.069034+00:00
11,634,Mosquera,20,DEF,43,0.4572,1.1041,0.1,0.198,0.1088,0.0008,1,0,0,0,2026-08-18T09:50:29.321266+00:00,2026-08-18T09:51:31.069034+00:00
11,635,R.Gomes,20,DEF,45,0.8328,1.6694,0.22,0.1716,0.2183,0.0032,1,0,0,0,2026-08-18T09:50:29.321266+00:00,2026-08-18T09:51:31.069034+00:00
11,636,S.Bueno,20,DEF,44,0.9404,1.8288,0.22,0.1716,0.2183,0.004,1,1,90,1,2026-08-18T09:50:29.321266+00:00,2026-08-18T09:51:31.069034+00:00
11,637,Toti,20,DEF,43,0.7868,1.5388,0.22,0.1716,0.2183,0.0012,1,1,90,1,2026-08-18T09:50:29.321266+00:00,2026-08-18T09:51:31.069034+00:00
11,638,Hoever,20,DEF,39,0,0,0.0,0.0,0.0,0,1,0,0,0,2026-08-18T09:50:29.321266+00:00,2026-08-18T09:51:31.069034+00:00
11,639,Meupiyou,20,DEF,40,0,0,0.0,0.0,0.0,0,1,0,0,0,2026-08-18T09:50:29.321266+00:00,2026-08-18T09:51:31.069034+00:00
11,640,Pedro Lima,20,DEF,40,0.4352,1.0368,0.1,0.198,0.1088,0.0,1,0,0,0,2026-08-18T09:50:29.321266+00:00,2026-08-18T09:51:31.069034+00:00
11,641,Pond,20,DEF,39,0,0,0.0,0.0,0.0,0,1,0,0,0,2026-08-18T09:50:29.321266+00:00,2026-08-18T09:51:31.069034+00:00
11,642,Hee Chan,20,MID,58,0.9844,1.5588,0.28,0.2016,0.2765,0.0044,1,2,69,1,2026-08-18T09:50:29.321266+00:00,2026-08-18T09:51:31.069034+00:00
11,643,André,20,MID,53,1.218,1.8488,0.28,0.1584,0.2731,0.0024,1,1,90,1,2026-08-18T09:50:29.321266+00:00,2026-08-18T09:51:31.069034+00:00
11,644,Bellegarde,20,MID,52,0.942,1.4831,0.28,0.1584,0.2731,0.0016,1,2,69,1,2026-08-18T09:50:29.321266+00:00,2026-08-18T09:51:31.069034+00:00
11,645,Fer López,20,MID,52,0,0,0.0,0.0,0.0,0,1,0,0,0,2026-08-18T09:50:29.321266+00:00,2026-08-18T09:51:31.069034+00:00
11,646,J.Gomes,20,MID,53,1.696,1.9979,0.48,0.1144,0.4556,0.0032,1,2,90,1,2026-08-18T09:50:29.321266+00:00,2026-08-18T09:51:31.069034+00:00
11,647,Guedes,20,MID,55,0,0,0.0,0.0,0.0,0,1,0,0,0,2026-08-18T09:50:29.321266+00:00,2026-08-18T09:51:31.069034+00:00
11,648,Munetsi,20,MID,54,0,0,0.0,0.0,0.0,0,1,0,20,0,2026-08-18T09:50:29.321266+00:00,2026-08-18T09:51:31.069034+00:00
11,649,B.Traore,20,MID,50,0,0,0.0,0.0,0.0,0,1,0,0,0,2026-08-18T09:50:29.321266+00:00,2026-08-18T09:51:31.069034+00:00
11,650,Chirewa,20,MID,44,0,0,0.0,0.0,0.0,0,1,0,0,0,2026-08-18T09:50:29.321266+00:00,2026-08-18T09:51:31.069034+00:00
11,651,Edozie,20,MID,44,0.4572,0.9315,0.1,0.198,0.1088,0.0,1,0,0,0,2026-08-18T09:50:29.321266+00:00,2026-08-18T09:51:31.069034+00:00
11,652,Gonzalez,20,MID,44,0.4712,0.9474,0.1,0.198,0.1088,0.0,1,0,0,0,2026-08-18T09:50:29.321266+00:00,2026-08-18T09:51:31.069034+00:00
11,653,Hodge,20,MID,45,0,0,0.0,0.0,0.0,0,1,0,0,0,2026-08-18T09:50:29.321266+00:00,2026-08-18T09:51:31.069034+00:00
11,655,Fábio Silva,20,FWD,49,0,0,0.0,0.0,0.0,0,1,0,0,0,2026-08-18T09:50:29.321266+00:00,2026-08-18T09:51:31.069034+00:00
11,656,Kalajdžić,20,FWD,49,0,0,0.0,0.0,0.0,0,1,0,0,0,2026-08-18T09:50:29.321266+00:00,2026-08-18T09:51:31.069034+00:00
11,657,Chiwome,20,FWD,44,0.4444,0.9546,0.1,0.198,0.1088,0.0008,1,0,0,0,2026-08-18T09:50:29.321266+00:00,2026-08-18T09:51:31.069034+00:00
11,658,Fraser,20,FWD,44,0.4492,0.8577,0.1,0.198,0.1088,0.0,1,0,0,0,2026-08-18T09:50:29.321266+00:00,2026-08-18T09:51:31.069034+00:00
11,663,J.Arias,20,MID,51,0,0,0.0,0.0,0.0,0,1,0,0,0,2026-08-18T09:50:29.321266+00:00,2026-08-18T09:51:31.069034+00:00
11,682,Møller Wolfe,20,DEF,44,0.4736,1.1417,0.1,0.198,0.1088,0.0004,1,0,0,0,2026-08-18T09:50:29.321266+00:00,2026-08-18T09:51:31.069034+00:00
11,695,Tchatchoua,20,DEF,45,0.784,1.526,0.22,0.1716,0.2183,0.002,1,3,90,1,2026-08-18T09:50:29.321266+00:00,2026-08-18T09:51:31.069034+00:00
11,709,Krejčí,20,DEF,45,0.8668,1.7389,0.22,0.1716,0.2183,0.0036,1,1,90,1,2026-08-18T09:50:29.321266+00:00,2026-08-18T09:51:31.069034+00:00
11,720,Tolu,20,FWD,55,1.2608,1.5229,0.45,0.154,0.4308,0.0028,1,0,0,0,2026-08-18T09:50:29.321266+00:00,2026-08-18T09:51:31.069034+00:00
11,749,Mané,20,FWD,45,0.432,0.8589,0.1,0.198,0.1088,0.0,1,1,20,0,2026-08-18T09:50:29.321266+00:00,2026-08-18T09:51:31.069034+00:00
11,766,Olagunju,20,DEF,40,0.4868,1.1686,0.1,0.198,0.1088,0.0008,1,,,,2026-08-18T09:50:29.321266+00:00,
11,767,Rawlings,20,MID,45,0.494,0.9988,0.1,0.198,0.1088,0.0004,1,,,,2026-08-18T09:50:29.321266+00:00,
11,777,Ojinnaka,20,MID,45,0,0,0.0,0.0,0.0,0,1,,,,2026-08-18T09:50:29.321266+00:00,
11,778,Sutherland,20,MID,45,0.4796,0.9425,0.1,0.198,0.1088,0.0004,1,,,,2026-08-18T09:50:29.321266+00:00,
11,809,Abbey,20,MID,45,0.468,0.9405,0.1,0.198,0.1088,0.0004,1,,,,2026-08-18T09:50:29.321266+00:00,
11,816,Angel,20,MID,46,0.6504,1.1983,0.18,0.1804,0.1818,0.0012,1,,,,2026-08-18T09:50:29.321266+00:00,
11,817,Armstrong,20,FWD,51,1.4276,1.799,0.48,0.1144,0.4556,0.0052,1,,,,2026-08-18T09:50:29.321266+00:00,
11,828,Brooks,20,GKP,40,0.1672,0.7825,0.04,0.0384,0.0403,0.0,1,,,,2026-08-18T09:50:29.321266+00:00,
11,831,Gracey,20,GKP,40,0.1212,0.5659,0.04,0.0384,0.0403,0.0,1,,,,2026-08-18T09:50:29.321266+00:00,
