gw,player_id,web_name,team_id,position,now_cost,mu,sigma,p_start,p_sub,p_60,p_10_plus,n_fixtures,actual_points,actual_minutes,did_start,captured_at,scored_at
12,1,Raya,1,GKP,59,2.9492,2.2126,0.9,0.008,0.8376,0.0012,1,2,90,1,2026-08-18T09:50:31.046317+00:00,2026-08-18T09:51:31.100328+00:00
12,2,Arrizabalaga,1,GKP,42,0.1768,0.8252,0.04,0.0384,0.0403,0.0,1,0,0,0,2026-08-18T09:50:31.046317+00:00,2026-08-18T09:51:31.100328+00:00
12,3,Hein,1,GKP,40,0,0,0.0,0.0,0.0,0,1,0,0,0,2026-08-18T09:50:31.046317+00:00,2026-08-18T09:51:31.100328+00:00
12,4,Setford,1,GKP,40,0.184,0.8266,0.04,0.0384,0.0403,0.0,1,0,0,0,2026-08-18T09:50:31.046317+00:00,2026-08-18T09:51:31.100328+00:00
12,5,Gabriel,1,DEF,65,2.7656,3.2427,0.48,0.1456,0.458,0.0424,1,0,0,0,2026-08-18T09:50:31.046317+00:00,2026-08-18T09:51:31.100328+00:00
12,6,Saliba,1,DEF,60,1.922,2.4824,0.48,0.1456,0.458,0.0108,1,2,90,1,2026-08-18T09:50:31.046317+00:00,2026-08-18T09:51:31.100328+00:00
12,7,Calafiori,1,DEF,58,2.1416,2.9261,0.48,0.1456,0.458,0.0252,1,2,90,1,2026-08-18T09:50:31.046317+00:00,2026-08-18T09:51:31.100328+00:00
12,8,J.Timber,1,DEF,62,1.4356,2.5924,0.24,0.2128,0.2402,0.0196,1,5,90,1,2026-08-18T09:50:31.046317+00:00,2026-08-18T09:51:31.100328+00:00
12,9,Kiwior,1,DEF,54,0,0,0.0,0.0,0.0,0,1,0,0,0,2026-08-18T09:50:31.046317+00:00,2026-08-18T09:51:31.100328+00:00
12,10,Lewis-Skelly,1,DEF,51,0.7396,1.5158,0.18,0.1804,0.1818,0.0012,1,1,1,0,2026-08-18T09:50:31.046317+00:00,2026-08-18T09:51:31.100328+00:00
12,11,White,1,DEF,53,0,0,0.0,0.0,0.0,0,1,0,0,0,2026-08-18T09:50:31.046317+00:00,2026-08-18T09:51:31.100328+00:00
12,13,Clarke,1,DEF,38,0.5492,1.3033,0.1,0.198,0.1088,0.0008,1,0,0,0,2026-08-18T09:50:31.046317+00:00,2026-08-18T09:51:31.100328+00:00
12,14,Kacurri,1,DEF,39,0,0,0.0,0.0,0.0,0,1,0,0,0,2026-08-18T09:50:31.046317+00:00,2026-08-18T09:51:31.100328+00:00
12,15,Nichols,1,DEF,39,0.518,1.2493,0.1,0.198,0.1088,0.0004,1,0,0,0,2026-08-18T09:50:31.046317+00:00,2026-08-18T09:51:31.100328+00:00
12,16,Saka,1,MID,101,2.8816,3.4515,0.48,0.1456,0.458,0.0516,1,4,90,1,2026-08-18T09:50:31.046317+00:00,2026-08-18T09:51:31.100328+00:00
12,17,Ødegaard,1,MID,78,1.3256,2.1934,0.28,0.2016,0.2765,0.0092,1,0,0,0,2026-08-18T09:50:31.046317+00:00,2026-08-18T09:51:31.100328+00:00
12,18,Madueke,1,MID,68,1.2408,1.9358,0.28,0.2016,0.2765,0.0048,1,1,12,0,2026-08-18T09:50:31.046317+00:00,2026-08-18T09:51:31.100328+00:00
12,19,Martinelli,1,MID,68,1.776,2.2492,0.45,0.154,0.4308,0.0104,1,0,0,0,2026-08-18T09:50:31.046317+00:00,2026-08-18T09:51:31.100328+00:00
12,20,Trossard,1,MID,69,1.5724,2.4262,0.28,0.2016,0.2765,0.0148,1,12,77,1,2026-08-18T09:50:31.046317+00:00,2026-08-18T09:51:31.100328+00:00
12,21,Rice,1,MID,69,2.6612,2.9986,0.48,0.1456,0.458,0.0344,1,6,90,1,2026-08-18T09:50:31.046317+00:00,2026-08-18T09:51:31.100328+00:00
12,22,Merino,1,MID,59,1.224,1.9352,0.28,0.2016,0.2765,0.006,1,5,87,1,2026-08-18T09:50:31.046317+00:00,2026-08-18T09:51:31.100328+00:00
12,23,Fábio Vieira,1,MID,54,0,0,0.0,0.0,0.0,0,1,0,0,0,2026-08-18T09:50:31.046317+00:00,2026-08-18T09:51:31.100328+00:00
12,24,Nørgaard,1,MID,52,1.0528,1.9568,0.18,0.1804,0.1818,0.006,1,0,0,0,2026-08-18T09:50:31.046317+00:00,2026-08-18T09:51:31.100328+00:00
12,25,Nwaneri,1,MID,51,0,0,0.0,0.0,0.0,0,1,1,2,0,2026-08-18T09:50:31.046317+00:00,2026-08-18T09:51:31.100328+00:00
12,26,Zubimendi,1,MID,54,1.6684,2.0187,0.48,0.1144,0.4556,0.004,1,2,90,1,2026-08-18T09:50:31.046317+00:00,2026-08-18T09:51:31.100328+00:00
12,28,Kabia,1,MID,45,0,0,0.0,0.0,0.0,0,1,0,0,0,2026-08-18T09:50:31.046317+00:00,2026-08-18T09:51:31.100328+00:00
12,29,Sambi,1,MID,45,0,0,0.0,0.0,0.0,0,1,0,0,0,2026-08-18T09:50:31.046317+00:00,2026-08-18T09:51:31.100328+00:00
12,30,Havertz,1,FWD,73,2.6232,2.3372,0.72,0.0784,0.6759,0.016,1,0,0,0,2026-08-18T09:50:31.046317+00:00,2026-08-18T09:51:31.100328+00:00
12,31,G.Jesus,1,FWD,64,1.2704,2.1226,0.28,0.2016,0.2765,0.0092,1,0,0,0,2026-08-18T09:50:31.046317+00:00,2026-08-18T09:51:31.100328+00:00
12,266,Eze,1,MID,76,2.4096,2.8717,0.48,0.1456,0.458,0.0284,1,20,90,1,2026-08-18T09:50:31.046317+00:00,2026-08-18T09:51:31.100328+00:00
12,662,Mosquera,1,DEF,54,0.8696,1.8059,0.18,0.1804,0.1818,0.0044,1,1,2,0,2026-08-18T09:50:31.046317+00:00,2026-08-18T09:51:31.100328+00:00
12,666,Gyökeres,1,FWD,88,2.302,2.9287,0.48,0.1456,0.458,0.044,1,0,0,0,2026-08-18T09:50:31.046317+00:00,2026-08-18T09:51:31.100328+00:00
12,700,Dowman,1,MID,43,0.5772,1.2119,0.1,0.198,0.1088,0.0012,1,0,0,0,2026-08-18T09:50:31.046317+00:00,2026-08-18T09:51:31.100328+00:00
12,711,Harriman-Annous,1,MID,45,0.5064,1.0519,0.1,0.198,0.1088,0.0004,1,0,0,0,2026-08-18T09:50:31.046317+00:00,2026-08-18T09:51:31.100328+00:00
12,725,Hincapie,1,DEF,54,0.8,1.6602,0.18,0.1804,0.1818,0.002,1,2,87,1,2026-08-18T09:50:31.046317+00:00,2026-08-18T09:51:31.100328+00:00
12,759,Salmon,1,DEF,40,0.5088,1.2074,0.1,0.198,0.1088,0.0004,1,,,,2026-08-18T09:50:31.046317+00:00,
12,32,Martinez,2,GKP,50,2.732,2.0697,0.88,0.0096,0.8192,0.0008,1,3,90,1,2026-08-18T09:50:31.046317+00:00,2026-08-18T09:51:31.100328+00:00
12,33,M.Bizot,2,GKP,43,0.1364,0.6277,0.04,0.0384,0.0403,0.0,1,0,0,0,2026-08-18T09:50:31.046317+00:00,2026-08-18T09:51:31.100328+00:00
12,34,Gauci,2,GKP,40,0,0,0.0,0.0,0.0,0,1,0,0,0,2026-08-18T09:50:31.046317+00:00,2026-08-18T09:51:31.100328+00:00
12,35,Marschall,2,GKP,40,0,0,0.0,0.0,0.0,0,1,0,0,0,2026-08-18T09:50:31.046317+00:00,2026-08-18T09:51:31.100328+00:00
12,36,Cash,2,DEF,46,1.54,2.1309,0.48,0.1144,0.4556,0.004,1,2,90,1,2026-08-18T09:50:31.046317+00:00,2026-08-18T09:51:31.100328+00:00
12,37,Digne,2,DEF,45,0.7572,1.4675,0.22,0.1716,0.2183,0.0012,1,1,45,1,2026-08-18T09:50:31.046317+00:00,2026-08-18T09:51:31.100328+00:00
12,38,Konsa,2,DEF,44,0.8228,1.579,0.22,0.1716,0.2183,0.0024,1,2,90,1,2026-08-18T09:50:31.046317+00:00,2026-08-18T09:51:31.100328+00:00
12,39,Maatsen,2,DEF,42,0.5496,1.2879,0.1,0.198,0.1088,0.0008,1,1,45,1,2026-08-18T09:50:31.046317+00:00,2026-08-18T09:51:31.100328+00:00
12,40,Mings,2,DEF,44,0.9276,1.7331,0.22,0.1716,0.2183,0.0016,1,0,0,0,2026-08-18T09:50:31.046317+00:00,2026-08-18T09:51:31.100328+00:00
12,41,Pau,2,DEF,43,0.8964,1.6691,0.22,0.1716,0.2183,0.0004,1,4,90,1,2026-08-18T09:50:31.046317+00:00,2026-08-18T09:51:31.100328+00:00
12,42,A.García,2,DEF,39,0.7424,1.4481,0.22,0.1716,0.2183,0.0008,1,0,0,0,2026-08-18T09:50:31.046317+00:00,2026-08-18T09:51:31.100328+00:00
12,43,Alex Moreno,2,DEF,40,0,0,0.0,0.0,0.0,0,1,0,0,0,2026-08-18T09:50:31.046317+00:00,2026-08-18T09:51:31.100328+00:00
12,44,Bogarde,2,DEF,40,0.6888,1.3419,0.22,0.1716,0.2183,0.0004,1,1,6,0,2026-08-18T09:50:31.046317+00:00,2026-08-18T09:51:31.100328+00:00
12,45,Sousa,2,DEF,39,0,0,0.0,0.0,0.0,0,1,0,0,0,2026-08-18T09:50:31.046317+00:00,2026-08-18T09:51:31.100328+00:00
12,46,Yasin,2,DEF,40,0,0,0.0,0.0,0.0,0,1,0,0,0,2026-08-18T09:50:31.046317+00:00,2026-08-18T09:51:31.100328+00:00
12,47,Rogers,2,MID,68,1.4896,1.8002,0.48,0.1456,0.458,0.0044,1,15,90,1,2026-08-18T09:50:31.046317+00:00,2026-08-18T09:51:31.100328+00:00
12,48,Tielemans,2,MID,59,1.0352,1.5714,0.28,0.2016,0.2765,0.0024,1,2,83,1,2026-08-18T09:50:31.046317+00:00,2026-08-18T09:51:31.100328+00:00
12,49,Bailey,2,MID,55,1.7188,2.0951,0.48,0.1456,0.458,0.0108,1,0,0,0,2026-08-18T09:50:31.046317+00:00,2026-08-18T09:51:31.100328+00:00
12,50,Buendía,2,MID,53,1.102,1.7754,0.28,0.1584,0.2731,0.004,1,1,45,1,2026-08-18T09:50:31.046317+00:00,2026-08-18T09:51:31.100328+00:00
12,51,Iling Jr,2,MID,55,0,0,0.0,0.0,0.0,0,1,0,0,0,2026-08-18T09:50:31.046317+00:00,2026-08-18T09:51:31.100328+00:00
12,53,Malen,2,MID,51,0,0,0.0,0.0,0.0,0,1,4,45,1,2026-08-18T09:50:31.046317+00:00,2026-08-18T09:51:31.100328+00:00
12,54,McGinn,2,MID,54,1.5244,1.8296,0.48,0.1144,0.4556,0.0032,1,1,67,1,2026-08-18T09:50:31.046317+00:00,2026-08-18T09:51:31.100328+00:00
12,55,Barkley,2,MID,48,0.828,1.6138,0.18,0.1804,0.1818,0.0032,1,4,22,0,2026-08-18T09:50:31.046317+00:00,2026-08-18T09:51:31.100328+00:00
12,56,Barrenechea,2,MID,50,0,0,0.0,0.0,0.0,0,1,0,0,0,2026-08-18T09:50:31.046317+00:00,2026-08-18T09:51:31.100328+00:00
12,57,Dobbin,2,MID,50,0,0,0.0,0.0,0.0,0,1,0,0,0,2026-08-18T09:50:31.046317+00:00,2026-08-18T09:51:31.100328+00:00
12,58,Kamara,2,MID,49,0,0,0.0,0.0,0.0,0,1,4,90,1,2026-08-18T09:50:31.046317+00:00,2026-08-18T09:51:31.100328+00:00
12,59,Onana,2,MID,48,1.0372,1.7145,0.28,0.1584,0.2731,0.0016,1,0,0,0,2026-08-18T09:50:31.046317+00:00,2026-08-18T09:51:31.100328+00:00
12,60,Broggio,2,MID,45,0,0,0.0,0.0,0.0,0,1,0,0,0,2026-08-18T09:50:31.046317+00:00,2026-08-18T09:51:31.100328+00:00
12,61,Dendoncker,2,MID,45,0,0,0.0,0.0,0.0,0,1,0,0,0,2026-08-18T09:50:31.046317+00:00,2026-08-18T09:51:31.100328+00:00
12,62,Jimoh-Aloba,2,MID,45,0,0,0.0,0.0,0.0,0,1,0,0,0,2026-08-18T09:50:31.046317+00:00,2026-08-18T09:51:31.100328+00:00
12,63,Young,2,MID,44,0,0,0.0,0.0,0.0,0,1,0,0,0,2026-08-18T09:50:31.046317+00:00,2026-08-18T09:51:31.100328+00:00
12,64,Watkins,2,FWD,85,1.906,2.2386,0.48,0.1456,0.458,0.014,1,2,67,1,2026-08-18T09:50:31.046317+00:00,2026-08-18T09:51:31.100328+00:00
12,65,Redmond,2,FWD,45,0,0,0.0,0.0,0.0,0,1,0,0,0,2026-08-18T09:50:31.046317+00:00,2026-08-18T09:51:31.100328+00:00
12,389,Elliott,2,MID,54,0.6672,1.2807,0.18,0.1804,0.1818,0.0012,1,0,0,0,2026-08-18T09:50:31.046317+00:00,2026-08-18T09:51:31.100328+00:00
12,456,Sancho,2,MID,58,1.4396,1.7831,0.45,0.154,0.4308,0.0048,1,1,22,0,2026-08-18T09:50:31.046317+00:00,2026-08-18T09:51:31.100328+00:00
12,688,Wright,2,GKP,40,0.1556,0.7324,0.04,0.0384,0.0403,0.0,1,0,0,0,2026-08-18T09:50:31.046317+00:00,2026-08-18T09:51:31.100328+00:00
12,699,Douglas Luiz,2,MID,50,0.9988,1.5576,0.28,0.1584,0.2731,0.002,1,0,0,0,2026-08-18T09:50:31.046317+00:00,2026-08-18T09:51:31.100328+00:00
12,701,Rowe,2,DEF,40,0,0,0.0,0.0,0.0,0,1,0,0,0,2026-08-18T09:50:31.046317+00:00,2026-08-18T09:51:31.100328+00:00
12,702,Burrowes,2,MID,44,0.452,0.8639,0.1,0.198,0.1088,0.0,1,0,0,0,2026-08-18T09:50:31.046317+00:00,2026-08-18T09:51:31.100328+00:00
12,703,Proctor,2,GKP,40,0.1544,0.6931,0.04,0.0384,0.0403,0.0,1,0,0,0,2026-08-18T09:50:31.046317+00:00,2026-08-18T09:51:31.100328+00:00
12,710,Patterson,2,DEF,39,0.4632,1.0667,0.1,0.198,0.1088,0.0,1,0,0,0,2026-08-18T09:50:31.046317+00:00,2026-08-18T09:51:31.100328+00:00
12,719,Lindelöf,2,DEF,45,0.4724,1.0737,0.1,0.198,0.1088,0.0,1,0,0,0,2026-08-18T09:50:31.046317+00:00,2026-08-18T09:51:31.100328+00:00
12,754,George Hemmings,2,MID,45,0.474,0.9892,0.1,0.198,0.1088,0.0004,1,0,0,0,2026-08-18T09:50:31.046317+00:00,2026-08-18T09:51:31.100328+00:00
12,757,Hollingshead,2,GKP,40,0.1592,0.7175,0.04,0.0384,0.0403,0.0004,1,,,,2026-08-18T09:50:31.046317+00:00,
12,768,Leon Routh,2,DEF,40,0.484,1.144,0.1,0.198,0.1088,0.0,1,,,,2026-08-18T09:50:31.046317+00:00,
12,781,Carroll,2,DEF,40,0.4712,1.1275,0.1,0.198,0.1088,0.0,1,,,,2026-08-18T09:50:31.046317+00:00,
12,792,Alysson,2,MID,50,0,0,0.0,0.0,0.0,0,1,,,,2026-08-18T09:50:31.046317+00:00,
12,808,Abraham,2,FWD,57,1.3544,1.6001,0.45,0.154,0.4308,0.0028,1,,,,2026-08-18T09:50:31.046317+00:00,
12,183,Weiss,3,GKP,43,0.1736,0.7821,0.04,0.0384,0.0403,0.0,1,0,0,0,2026-08-18T09:50:31.046317+00:00,2026-08-18T09:51:31.100328+00:00
12,184,Green,3,GKP,40,0,0,0.0,0.0,0.0,0,1,0,0,0,2026-08-18T09:50:31.046317+00:00,2026-08-18T09:51:31.100328+00:00
12,185,Hladký,3,GKP,40,0.2012,0.9206,0.04,0.0384,0.0403,0.0,1,0,0,0,2026-08-18T09:50:31.046317+00:00,2026-08-18T09:51:31.100328+00:00
12,186,Roberts,3,DEF,44,0.5004,1.1809,0.1,0.198,0.1088,0.0,1,0,0,0,2026-08-18T09:50:31.046317+00:00,2026-08-18T09:51:31.100328+00:00
12,187,Walker,3,DEF,44,0.9788,1.8819,0.22,0.1716,0.2183,0.004,1,0,90,1,2026-08-18T09:50:31.046317+00:00,2026-08-18T09:51:31.100328+00:00
12,188,Delcroix,3,DEF,39,0,0,0.0,0.0,0.0,0,1,0,0,0,2026-08-18T09:50:31.046317+00:00,2026-08-18T09:51:31.100328+00:00
12,189,Dodgson,3,DEF,40,0,0,0.0,0.0,0.0,0,1,0,0,0,2026-08-18T09:50:31.046317+00:00,2026-08-18T09:51:31.100328+00:00
12,190,Ekdal,3,DEF,40,1.2168,2.1738,0.22,0.1716,0.2183,0.0048,1,0,0,0,2026-08-18T09:50:31.046317+00:00,2026-08-18T09:51:31.100328+00:00
12,191,Estève,3,DEF,39,1.0076,1.9067,0.22,0.1716,0.2183,0.0036,1,3,90,1,2026-08-18T09:50:31.046317+00:00,2026-08-18T09:51:31.100328+00:00
12,192,Hartman,3,DEF,40,0.9748,1.8206,0.22,0.1716,0.2183,0.0016,1,1,90,1,2026-08-18T09:50:31.046317+00:00,2026-08-18T09:51:31.100328+00:00
12,193,Humphreys,3,DEF,40,0.5212,1.2315,0.1,0.198,0.1088,0.0,1,0,0,0,2026-08-18T09:50:31.046317+00:00,2026-08-18T09:51:31.100328+00:00
12,194,Jordan,3,DEF,40,0,0,0.0,0.0,0.0,0,1,0,0,0,2026-08-18T09:50:31.046317+00:00,2026-08-18T09:51:31.100328+00:00
12,195,Lucas Pires,3,DEF,39,0.4932,1.1652,0.1,0.198,0.1088,0.0004,1,0,0,0,2026-08-18T09:50:31.046317+00:00,2026-08-18T09:51:31.100328+00:00
12,196,Sambo,3,DEF,40,0,0,0.0,0.0,0.0,0,1,0,0,0,2026-08-18T09:50:31.046317+00:00,2026-08-18T09:51:31.100328+00:00
12,197,Sonne,3,DEF,39,0,0,0.0,0.0,0.0,0,1,0,0,0,2026-08-18T09:50:31.046317+00:00,2026-08-18T09:51:31.100328+00:00
12,198,Tuanzebe,3,DEF,39,1.2408,2.1727,0.22,0.1716,0.2183,0.0028,1,1,90,1,2026-08-18T09:50:31.046317+00:00,2026-08-18T09:51:31.100328+00:00
12,199,Worrall,3,DEF,39,0.7748,1.7796,0.1,0.198,0.1088,0.002,1,0,0,0,2026-08-18T09:50:31.046317+00:00,2026-08-18T09:51:31.100328+00:00
12,200,Anthony,3,MID,56,2.0384,2.4577,0.48,0.1456,0.458,0.012,1,2,71,1,2026-08-18T09:50:31.046317+00:00,2026-08-18T09:51:31.100328+00:00
12,201,Benson,3,MID,54,0,0,0.0,0.0,0.0,0,1,0,0,0,2026-08-18T09:50:31.046317+00:00,2026-08-18T09:51:31.100328+00:00
12,202,Bruun Larsen,3,MID,53,0.9792,1.5808,0.28,0.1584,0.2731,0.0032,1,1,14,0,2026-08-18T09:50:31.046317+00:00,2026-08-18T09:51:31.100328+00:00
12,203,Boateng,3,MID,48,0.6876,1.2634,0.18,0.1804,0.1818,0.0004,1,0,0,0,2026-08-18T09:50:31.046317+00:00,2026-08-18T09:51:31.100328+00:00
12,204,Churlinov,3,MID,49,0,0,0.0,0.0,0.0,0,1,0,0,0,2026-08-18T09:50:31.046317+00:00,2026-08-18T09:51:31.100328+00:00
12,205,Cullen,3,MID,50,0,0,0.0,0.0,0.0,0,1,2,90,1,2026-08-18T09:50:31.046317+00:00,2026-08-18T09:51:31.100328+00:00
12,206,Edwards,3,MID,47,0.654,1.2144,0.18,0.1804,0.1818,0.0,1,0,0,0,2026-08-18T09:50:31.046317+00:00,2026-08-18T09:51:31.100328+00:00
12,207,Hannibal,3,MID,48,0.9664,1.507,0.28,0.1584,0.2731,0.0024,1,0,18,0,2026-08-18T09:50:31.046317+00:00,2026-08-18T09:51:31.100328+00:00
12,208,Koleosho,3,MID,50,0,0,0.0,0.0,0.0,0,1,0,0,0,2026-08-18T09:50:31.046317+00:00,2026-08-18T09:51:31.100328+00:00
12,209,Laurent,3,MID,49,0.9612,1.4958,0.28,0.1584,0.2731,0.002,1,1,6,0,2026-08-18T09:50:31.046317+00:00,2026-08-18T09:51:31.100328+00:00
12,210,Tchaouna,3,MID,49,0.9128,1.4474,0.28,0.1584,0.2731,0.0016,1,2,75,1,2026-08-18T09:50:31.046317+00:00,2026-08-18T09:51:31.100328+00:00
12,211,A.Ramsey,3,MID,44,0,0,0.0,0.0,0.0,0,1,0,0,0,2026-08-18T09:50:31.046317+00:00,2026-08-18T09:51:31.100328+00:00
12,212,Adewumi,3,MID,45,0,0,0.0,0.0,0.0,0,1,0,0,0,2026-08-18T09:50:31.046317+00:00,2026-08-18T09:51:31.100328+00:00
12,213,Banel,3,MID,45,0,0,0.0,0.0,0.0,0,1,0,0,0,2026-08-18T09:50:31.046317+00:00,2026-08-18T09:51:31.100328+00:00
12,214,Trésor,3,MID,44,0.506,1.0342,0.1,0.198,0.1088,0.0,1,0,0,0,2026-08-18T09:50:31.046317+00:00,2026-08-18T09:51:31.100328+00:00
12,215,Flemming,3,FWD,53,1.0892,1.8653,0.28,0.1584,0.2731,0.0076,1,2,71,1,2026-08-18T09:50:31.046317+00:00,2026-08-18T09:51:31.100328+00:00
12,216,Amdouni,3,FWD,48,0.6828,1.2376,0.18,0.1804,0.1818,0.0008,1,0,0,0,2026-08-18T09:50:31.046317+00:00,2026-08-18T09:51:31.100328+00:00
12,217,Foster,3,FWD,50,1.0308,1.6754,0.28,0.1584,0.2731,0.0036,1,1,18,0,2026-08-18T09:50:31.046317+00:00,2026-08-18T09:51:31.100328+00:00
12,218,Barnes,3,FWD,43,0.55,1.203,0.1,0.198,0.1088,0.0008,1,0,0,0,2026-08-18T09:50:31.046317+00:00,2026-08-18T09:51:31.100328+00:00
12,219,Obafemi,3,FWD,44,0,0,0.0,0.0,0.0,0,1,0,0,0,2026-08-18T09:50:31.046317+00:00,2026-08-18T09:51:31.100328+00:00
12,470,Dúbravka,3,GKP,40,3.6956,2.3653,0.9,0.004,0.8373,0.0028,1,2,90,1,2026-08-18T09:50:31.046317+00:00,2026-08-18T09:51:31.100328+00:00
12,614,Ward-Prowse,3,MID,56,1.0892,1.694,0.28,0.2016,0.2765,0.004,1,0,0,0,2026-08-18T09:50:31.046317+00:00,2026-08-18T09:51:31.100328+00:00
12,676,Ugochukwu,3,MID,50,1.1948,1.8536,0.28,0.1584,0.2731,0.0024,1,2,71,1,2026-08-18T09:50:31.046317+00:00,2026-08-18T09:51:31.100328+00:00
12,680,Broja,3,FWD,52,0.702,1.345,0.18,0.1804,0.1818,0.0016,1,1,18,0,2026-08-18T09:50:31.046317+00:00,2026-08-18T09:51:31.100328+00:00
12,722,Florentino,3,MID,50,1.2156,1.9173,0.28,0.1584,0.2731,0.0048,1,2,83,1,2026-08-18T09:50:31.046317+00:00,2026-08-18T09:51:31.100328+00:00
12,776,Pimlott,3,MID,45,0.4552,0.9472,0.1,0.198,0.1088,0.0004,1,,,,2026-08-18T09:50:31.046317+00:00,
12,784,Brierley,3,MID,45,0.4876,1.0035,0.1,0.198,0.1088,0.0,1,,,,2026-08-18T09:50:31.046317+00:00,
12,820,McMahon-Brown,3,MID,45,0.4928,1.0186,0.1,0.198,0.1088,0.0008,1,,,,2026-08-18T09:50:31.046317+00:00,
12,66,Neto,4,GKP,45,0,0,0.0,0.0,0.0,0,1,0,0,0,2026-08-18T09:50:31.046317+00:00,2026-08-18T09:51:31.100328+00:00
12,67,Petrović,4,GKP,45,3.2632,2.2519,0.9,0.004,0.8373,0.0,1,1,90,1,2026-08-18T09:50:31.046317+00:00,2026-08-18T09:51:31.100328+00:00
12,68,Dennis,4,GKP,40,0,0,0.0,0.0,0.0,0,1,0,0,0,2026-08-18T09:50:31.046317+00:00,2026-08-18T09:51:31.100328+00:00
12,69,McKenna,4,GKP,40,0.1928,0.8593,0.04,0.0384,0.0403,0.0,1,0,0,0,2026-08-18T09:50:31.046317+00:00,2026-08-18T09:51:31.100328+00:00
12,70,Paulsen,4,GKP,40,0,0,0.0,0.0,0.0,0,1,0,0,0,2026-08-18T09:50:31.046317+00:00,2026-08-18T09:51:31.100328+00:00
12,71,Zabarnyi,4,DEF,50,0,0,0.0,0.0,0.0,0,1,0,0,0,2026-08-18T09:50:31.046317+00:00,2026-08-18T09:51:31.100328+00:00
12,72,Senesi,4,DEF,50,2.636,3.0908,0.48,0.1144,0.4556,0.0216,1,3,90,1,2026-08-18T09:50:31.046317+00:00,2026-08-18T09:51:31.100328+00:00
12,73,Smith,4,DEF,44,0.886,1.7024,0.22,0.1716,0.2183,0.0028,1,1,4,0,2026-08-18T09:50:31.046317+00:00,2026-08-18T09:51:31.100328+00:00
12,74,Truffert,4,DEF,45,1.0656,2.0001,0.22,0.1716,0.2183,0.0032,1,0,90,1,2026-08-18T09:50:31.046317+00:00,2026-08-18T09:51:31.100328+00:00
12,75,Akinmboni,4,DEF,39,0.5364,1.2942,0.1,0.198,0.1088,0.0024,1,0,0,0,2026-08-18T09:50:31.046317+00:00,2026-08-18T09:51:31.100328+00:00
12,76,Bevan,4,DEF,39,0.5272,1.2456,0.1,0.198,0.1088,0.0,1,0,0,0,2026-08-18T09:50:31.046317+00:00,2026-08-18T09:51:31.100328+00:00
12,77,Hill,4,DEF,40,0.5376,1.3003,0.1,0.198,0.1088,0.0004,1,0,0,0,2026-08-18T09:50:31.046317+00:00,2026-08-18T09:51:31.100328+00:00
12,78,J.Araujo,4,DEF,39,0,0,0.0,0.0,0.0,0,1,0,0,0,2026-08-18T09:50:31.046317+00:00,2026-08-18T09:51:31.100328+00:00
12,79,Mepham,4,DEF,40,0,0,0.0,0.0,0.0,0,1,0,0,0,2026-08-18T09:50:31.046317+00:00,2026-08-18T09:51:31.100328+00:00
12,80,Soler,4,DEF,40,0.542,1.3088,0.1,0.198,0.1088,0.0012,1,0,0,0,2026-08-18T09:50:31.046317+00:00,2026-08-18T09:51:31.100328+00:00
12,81,Kluivert,4,MID,70,1.5116,2.4525,0.28,0.2016,0.2765,0.02,1,0,0,0,2026-08-18T09:50:31.046317+00:00,2026-08-18T09:51:31.100328+00:00
12,84,Tavernier,4,MID,55,2.1928,2.52,0.48,0.1456,0.458,0.0156,1,7,90,1,2026-08-18T09:50:31.046317+00:00,2026-08-18T09:51:31.100328+00:00
12,85,Adams,4,MID,50,1.682,1.9657,0.48,0.1144,0.4556,0.0048,1,2,79,1,2026-08-18T09:50:31.046317+00:00,2026-08-18T09:51:31.100328+00:00
12,86,Brooks,4,MID,50,1.0384,1.7647,0.28,0.1584,0.2731,0.004,1,1,60,1,2026-08-18T09:50:31.046317+00:00,2026-08-18T09:51:31.100328+00:00
12,87,Christie,4,MID,50,0,0,0.0,0.0,0.0,0,1,1,45,1,2026-08-18T09:50:31.046317+00:00,2026-08-18T09:51:31.100328+00:00
12,88,Cook,4,MID,49,0.9484,1.7888,0.18,0.1804,0.1818,0.0024,1,4,90,1,2026-08-18T09:50:31.046317+00:00,2026-08-18T09:51:31.100328+00:00
12,89,Philip,4,MID,49,0,0,0.0,0.0,0.0,0,1,0,0,0,2026-08-18T09:50:31.046317+00:00,2026-08-18T09:51:31.100328+00:00
12,90,Scott,4,MID,50,1.8304,2.1519,0.48,0.1144,0.4556,0.0052,1,1,45,1,2026-08-18T09:50:31.046317+00:00,2026-08-18T09:51:31.100328+00:00
12,91,Sinisterra,4,MID,50,0,0,0.0,0.0,0.0,0,1,0,0,0,2026-08-18T09:50:31.046317+00:00,2026-08-18T09:51:31.100328+00:00
12,92,Faivre,4,MID,45,0,0,0.0,0.0,0.0,0,1,0,0,0,2026-08-18T09:50:31.046317+00:00,2026-08-18T09:51:31.100328+00:00
12,93,H.Traorè,4,MID,45,0,0,0.0,0.0,0.0,0,1,0,0,0,2026-08-18T09:50:31.046317+00:00,2026-08-18T09:51:31.100328+00:00
12,94,Sadi,4,MID,45,0,0,0.0,0.0,0.0,0,1,0,0,0,2026-08-18T09:50:31.046317+00:00,2026-08-18T09:51:31.100328+00:00
12,95,Silcott-Duberry,4,MID,44,0,0,0.0,0.0,0.0,0,1,0,0,0,2026-08-18T09:50:31.046317+00:00,2026-08-18T09:51:31.100328+00:00
12,96,Winterburn,4,MID,45,0,0,0.0,0.0,0.0,0,1,0,0,0,2026-08-18T09:50:31.046317+00:00,2026-08-18T09:51:31.100328+00:00
12,97,Evanilson,4,FWD,70,1.7488,2.1144,0.48,0.1456,0.458,0.0104,1,5,90,1,2026-08-18T09:50:31.046317+00:00,2026-08-18T09:51:31.100328+00:00
12,98,Enes Ünal,4,FWD,54,0.6728,1.2706,0.18,0.1804,0.1818,0.0012,1,6,10,0,2026-08-18T09:50:31.046317+00:00,2026-08-18T09:51:31.100328+00:00
12,99,Adu-Adjei,4,FWD,44,0,0,0.0,0.0,0.0,0,1,0,0,0,2026-08-18T09:50:31.046317+00:00,2026-08-18T09:51:31.100328+00:00
12,100,Kroupi.Jr,4,FWD,46,1.0396,1.7454,0.28,0.1584,0.2731,0.0052,1,2,85,1,2026-08-18T09:50:31.046317+00:00,2026-08-18T09:51:31.100328+00:00
12,391,Gannon-Doak,4,MID,49,0.7212,1.2732,0.18,0.1804,0.1818,0.0012,1,0,0,0,2026-08-18T09:50:31.046317+00:00,2026-08-18T09:51:31.100328+00:00
12,685,Diakité,4,DEF,45,1.0108,1.9658,0.22,0.1716,0.2183,0.0028,1,0,45,1,2026-08-18T09:50:31.046317+00:00,2026-08-18T09:51:31.100328+00:00
12,687,Rees-Dottin,4,MID,44,0.5008,1.0488,0.1,0.198,0.1088,0.0008,1,0,0,0,2026-08-18T09:50:31.046317+00:00,2026-08-18T09:51:31.100328+00:00
12,697,Adli,4,MID,54,1.002,1.8552,0.18,0.1804,0.1818,0.0024,1,1,29,0,2026-08-18T09:50:31.046317+00:00,2026-08-18T09:51:31.100328+00:00
12,713,A.Jimenez,4,DEF,45,0.824,1.6079,0.22,0.1716,0.2183,0.0016,1,1,45,1,2026-08-18T09:50:31.046317+00:00,2026-08-18T09:51:31.100328+00:00
12,721,Milosavljević,4,DEF,45,1.082,1.9906,0.22,0.1716,0.2183,0.004,1,0,0,0,2026-08-18T09:50:31.046317+00:00,2026-08-18T09:51:31.100328+00:00
12,756,DaCosta,4,MID,45,0.4844,0.9926,0.1,0.198,0.1088,0.0,1,,,,2026-08-18T09:50:31.046317+00:00,
12,782,Forster,4,GKP,40,0.1988,0.8991,0.04,0.0384,0.0403,0.0,1,,,,2026-08-18T09:50:31.046317+00:00,
12,799,Stevens,4,MID,45,0.4548,0.9417,0.1,0.198,0.1088,0.0,1,,,,2026-08-18T09:50:31.046317+00:00,
12,801,Tóth.A,4,MID,49,0.6828,1.2714,0.18,0.1804,0.1818,0.0008,1,,,,2026-08-18T09:50:31.046317+00:00,
12,806,Mandas,4,GKP,40,0.1896,0.8793,0.04,0.0384,0.0403,0.0004,1,,,,2026-08-18T09:50:31.046317+00:00,
12,807,Rayan,4,MID,54,0.8032,1.5262,0.18,0.1804,0.1818,0.0036,1,,,,2026-08-18T09:50:31.046317+00:00,
12,27,Nelson,5,MID,48,0.99,1.7788,0.18,0.1804,0.1818,0.0024,1,0,0,0,2026-08-18T09:50:31.046317+00:00,2026-08-18T09:51:31.100328+00:00
12,83,O.Dango,5,MID,60,1.2636,2.0216,0.28,0.2016,0.2765,0.0076,1,5,64,1,2026-08-18T09:50:31.046317+00:00,2026-08-18T09:51:31.100328+00:00
12,101,Kelleher,5,GKP,45,2.5628,1.9967,0.9,0.004,0.8373,0.0,1,2,90,1,2026-08-18T09:50:31.046317+00:00,2026-08-18T09:51:31.100328+00:00
12,102,Balcombe,5,GKP,40,0.1516,0.6888,0.04,0.0384,0.0403,0.0,1,0,0,0,2026-08-18T09:50:31.046317+00:00,2026-08-18T09:51:31.100328+00:00
12,103,Cox,5,GKP,40,0,0,0.0,0.0,0.0,0,1,0,0,0,2026-08-18T09:50:31.046317+00:00,2026-08-18T09:51:31.100328+00:00
12,104,Eyestone,5,GKP,39,0.148,0.7059,0.04,0.0384,0.0403,0.0,1,0,0,0,2026-08-18T09:50:31.046317+00:00,2026-08-18T09:51:31.100328+00:00
12,105,Valdimarsson,5,GKP,39,0.1568,0.7186,0.04,0.0384,0.0403,0.0,1,0,0,0,2026-08-18T09:50:31.046317+00:00,2026-08-18T09:51:31.100328+00:00
12,106,Collins,5,DEF,49,1.7396,2.3463,0.48,0.1144,0.4556,0.008,1,1,90,1,2026-08-18T09:50:31.046317+00:00,2026-08-18T09:51:31.100328+00:00
12,107,Lewis-Potter,5,DEF,49,0.954,1.6478,0.28,0.1584,0.2731,0.0012,1,0,25,0,2026-08-18T09:50:31.046317+00:00,2026-08-18T09:51:31.100328+00:00
12,108,Ajer,5,DEF,44,0.844,1.662,0.22,0.1716,0.2183,0.0024,1,4,79,1,2026-08-18T09:50:31.046317+00:00,2026-08-18T09:51:31.100328+00:00
12,109,Henry,5,DEF,43,0,0,0.0,0.0,0.0,0,1,0,0,0,2026-08-18T09:50:31.046317+00:00,2026-08-18T09:51:31.100328+00:00
12,110,Kayode,5,DEF,45,0.8848,1.6925,0.22,0.1716,0.2183,0.0012,1,1,90,1,2026-08-18T09:50:31.046317+00:00,2026-08-18T09:51:31.100328+00:00
12,111,Pinnock,5,DEF,43,0.4668,1.0906,0.1,0.198,0.1088,0.0,1,0,0,0,2026-08-18T09:50:31.046317+00:00,2026-08-18T09:51:31.100328+00:00
12,112,Roerslev,5,DEF,45,0,0,0.0,0.0,0.0,0,1,0,0,0,2026-08-18T09:50:31.046317+00:00,2026-08-18T09:51:31.100328+00:00
12,113,Van den Berg,5,DEF,45,0.942,1.823,0.22,0.1716,0.2183,0.0052,1,3,90,1,2026-08-18T09:50:31.046317+00:00,2026-08-18T09:51:31.100328+00:00
12,114,Arthur,5,DEF,39,0,0,0.0,0.0,0.0,0,1,0,0,0,2026-08-18T09:50:31.046317+00:00,2026-08-18T09:51:31.100328+00:00
12,115,Fredrick,5,DEF,40,0,0,0.0,0.0,0.0,0,1,0,0,0,2026-08-18T09:50:31.046317+00:00,2026-08-18T09:51:31.100328+00:00
12,116,Hickey,5,DEF,40,0.7688,1.4086,0.22,0.1716,0.2183,0.0004,1,1,10,0,2026-08-18T09:50:31.046317+00:00,2026-08-18T09:51:31.100328+00:00
12,117,Ji-soo,5,DEF,39,0,0,0.0,0.0,0.0,0,1,0,0,0,2026-08-18T09:50:31.046317+00:00,2026-08-18T09:51:31.100328+00:00
12,118,Meghoma,5,DEF,40,0,0,0.0,0.0,0.0,0,1,0,0,0,2026-08-18T09:50:31.046317+00:00,2026-08-18T09:51:31.100328+00:00
12,120,Schade,5,MID,70,1.8436,2.3654,0.48,0.1456,0.458,0.0124,1,2,90,1,2026-08-18T09:50:31.046317+00:00,2026-08-18T09:51:31.100328+00:00
12,121,Damsgaard,5,MID,58,1.8652,2.1005,0.48,0.1456,0.458,0.0048,1,2,79,1,2026-08-18T09:50:31.046317+00:00,2026-08-18T09:51:31.100328+00:00
12,122,Milambo,5,MID,52,0,0,0.0,0.0,0.0,0,1,0,0,0,2026-08-18T09:50:31.046317+00:00,2026-08-18T09:51:31.100328+00:00
12,123,Carvalho,5,MID,48,0,0,0.0,0.0,0.0,0,1,0,0,0,2026-08-18T09:50:31.046317+00:00,2026-08-18T09:51:31.100328+00:00
12,124,Henderson,5,MID,50,1.4268,1.6748,0.48,0.1144,0.4556,0.0024,1,2,90,1,2026-08-18T09:50:31.046317+00:00,2026-08-18T09:51:31.100328+00:00
12,125,Janelt,5,MID,49,0.87,1.6666,0.18,0.1804,0.1818,0.0024,1,0,10,0,2026-08-18T09:50:31.046317+00:00,2026-08-18T09:51:31.100328+00:00
12,126,Jensen,5,MID,49,0.8036,1.5431,0.18,0.1804,0.1818,0.0012,1,1,10,0,2026-08-18T09:50:31.046317+00:00,2026-08-18T09:51:31.100328+00:00
12,127,Nunes,5,MID,49,0,0,0.0,0.0,0.0,0,1,0,0,0,2026-08-18T09:50:31.046317+00:00,2026-08-18T09:51:31.100328+00:00
12,128,Onyeka,5,MID,49,0,0,0.0,0.0,0.0,0,1,0,0,0,2026-08-18T09:50:31.046317+00:00,2026-08-18T09:51:31.100328+00:00
12,129,Yarmoliuk,5,MID,50,1.6656,1.9204,0.48,0.1144,0.4556,0.0016,1,2,79,1,2026-08-18T09:50:31.046317+00:00,2026-08-18T09:51:31.100328+00:00
12,130,Donovan,5,MID,45,0.4528,0.939,0.1,0.198,0.1088,0.0,1,0,0,0,2026-08-18T09:50:31.046317+00:00,2026-08-18T09:51:31.100328+00:00
12,131,Konak,5,MID,44,0,0,0.0,0.0,0.0,0,1,0,0,0,2026-08-18T09:50:31.046317+00:00,2026-08-18T09:51:31.100328+00:00
12,132,Maghoma,5,MID,45,0,0,0.0,0.0,0.0,0,1,0,0,0,2026-08-18T09:50:31.046317+00:00,2026-08-18T09:51:31.100328+00:00
12,133,Peart-Harris,5,MID,44,0,0,0.0,0.0,0.0,0,1,0,0,0,2026-08-18T09:50:31.046317+00:00,2026-08-18T09:51:31.100328+00:00
12,134,Trevitt,5,MID,45,0,0,0.0,0.0,0.0,0,1,0,0,0,2026-08-18T09:50:31.046317+00:00,2026-08-18T09:51:31.100328+00:00
12,136,Thiago,5,FWD,64,2.1916,2.6642,0.48,0.1456,0.458,0.0228,1,4,90,1,2026-08-18T09:50:31.046317+00:00,2026-08-18T09:51:31.100328+00:00
12,137,Morgan,5,FWD,44,0,0,0.0,0.0,0.0,0,1,0,0,0,2026-08-18T09:50:31.046317+00:00,2026-08-18T09:51:31.100328+00:00
12,748,Dasilva,5,MID,50,0.6656,1.1818,0.18,0.1804,0.1818,0.0,1,0,0,0,2026-08-18T09:50:31.046317+00:00,2026-08-18T09:51:31.100328+00:00
12,797,Furo,5,FWD,45,0.4388,0.9305,0.1,0.198,0.1088,0.0012,1,,,,2026-08-18T09:50:31.046317+00:00,
12,810,Bentt,5,MID,45,0.4144,0.8739,0.1,0.198,0.1088,0.0,1,,,,2026-08-18T09:50:31.046317+00:00,
12,819,Shield,5,DEF,40,0.458,1.0976,0.1,0.198,0.1088,0.0004,1,,,,2026-08-18T09:50:31.046317+00:00,
12,823,Stephenson,5,DEF,40,0.4764,1.1162,0.1,0.198,0.1088,0.0004,1,,,,2026-08-18T09:50:31.046317+00:00,
12,824,McManus,5,DEF,40,0.502,1.1917,0.1,0.198,0.1088,0.0008,1,,,,2026-08-18T09:50:31.046317+00:00,
12,826,Owen,5,MID,45,0.4848,0.9511,0.1,0.198,0.1088,0.0,1,,,,2026-08-18T09:50:31.046317+00:00,
12,138,Steele,6,GKP,43,0.2088,0.9095,0.04,0.0384,0.0403,0.0004,1,0,0,0,2026-08-18T09:50:31.046317+00:00,2026-08-18T09:51:31.100328+00:00
12,139,Verbruggen,6,GKP,44,3.0076,2.1824,0.9,0.004,0.8373,0.0004,1,7,90,1,2026-08-18T09:50:31.046317+00:00,2026-08-18T09:51:31.100328+00:00
12,140,McGill,6,GKP,40,0.1508,0.7415,0.04,0.0384,0.0403,0.0,1,0,0,0,2026-08-18T09:50:31.046317+00:00,2026-08-18T09:51:31.100328+00:00
12,141,Rushworth,6,GKP,40,0,0,0.0,0.0,0.0,0,1,0,0,0,2026-08-18T09:50:31.046317+00:00,2026-08-18T09:51:31.100328+00:00
12,142,Scherpen,6,GKP,40,0,0,0.0,0.0,0.0,0,1,0,0,0,2026-08-18T09:50:31.046317+00:00,2026-08-18T09:51:31.100328+00:00
12,143,Boscagli,6,DEF,43,0.52,1.2936,0.1,0.198,0.1088,0.0024,1,0,45,1,2026-08-18T09:50:31.046317+00:00,2026-08-18T09:51:31.100328+00:00
12,144,Coppola,6,DEF,43,0,0,0.0,0.0,0.0,0,1,0,0,0,2026-08-18T09:50:31.046317+00:00,2026-08-18T09:51:31.100328+00:00
12,145,De Cuyper,6,DEF,43,0.9452,1.8087,0.22,0.1716,0.2183,0.0028,1,1,45,1,2026-08-18T09:50:31.046317+00:00,2026-08-18T09:51:31.100328+00:00
12,146,Dunk,6,DEF,45,0.8884,1.7954,0.22,0.1716,0.2183,0.0028,1,1,45,1,2026-08-18T09:50:31.046317+00:00,2026-08-18T09:51:31.100328+00:00
12,147,Estupiñan,6,DEF,45,0,0,0.0,0.0,0.0,0,1,0,0,0,2026-08-18T09:50:31.046317+00:00,2026-08-18T09:51:31.100328+00:00
12,148,F.Kadıoğlu,6,DEF,44,0.8512,1.7352,0.22,0.1716,0.2183,0.0028,1,2,90,1,2026-08-18T09:50:31.046317+00:00,2026-08-18T09:51:31.100328+00:00
12,149,Igor,6,DEF,45,0.526,1.2776,0.1,0.198,0.1088,0.0008,1,3,90,1,2026-08-18T09:50:31.046317+00:00,2026-08-18T09:51:31.100328+00:00
12,150,Lamptey,6,DEF,44,0,0,0.0,0.0,0.0,0,1,0,0,0,2026-08-18T09:50:31.046317+00:00,2026-08-18T09:51:31.100328+00:00
12,151,Van Hecke,6,DEF,44,1.11,2.1248,0.22,0.1716,0.2183,0.006,1,2,90,1,2026-08-18T09:50:31.046317+00:00,2026-08-18T09:51:31.100328+00:00
12,152,Veltman,6,DEF,43,0.9988,1.8608,0.22,0.1716,0.2183,0.0024,1,1,1,0,2026-08-18T09:50:31.046317+00:00,2026-08-18T09:51:31.100328+00:00
12,153,Webster,6,DEF,44,0,0,0.0,0.0,0.0,0,1,0,0,0,2026-08-18T09:50:31.046317+00:00,2026-08-18T09:51:31.100328+00:00
12,154,Cashin,6,DEF,40,0,0,0.0,0.0,0.0,0,1,0,0,0,2026-08-18T09:50:31.046317+00:00,2026-08-18T09:51:31.100328+00:00
12,155,Slater,6,DEF,40,0,0,0.0,0.0,0.0,0,1,0,0,0,2026-08-18T09:50:31.046317+00:00,2026-08-18T09:51:31.100328+00:00
12,156,Tasker,6,DEF,39,0.538,1.278,0.1,0.198,0.1088,0.0016,1,0,0,0,2026-08-18T09:50:31.046317+00:00,2026-08-18T09:51:31.100328+00:00
12,157,Mitoma,6,MID,61,0,0,0.0,0.0,0.0,0,1,0,0,0,2026-08-18T09:50:31.046317+00:00,2026-08-18T09:51:31.100328+00:00
12,158,Georginio,6,MID,57,1.6828,1.9652,0.48,0.1456,0.458,0.0052,1,2,88,1,2026-08-18T09:50:31.046317+00:00,2026-08-18T09:51:31.100328+00:00
12,159,March,6,MID,58,1.5824,1.976,0.45,0.154,0.4308,0.0056,1,0,0,0,2026-08-18T09:50:31.046317+00:00,2026-08-18T09:51:31.100328+00:00
12,160,Minteh,6,MID,61,2.14,2.5257,0.48,0.1456,0.458,0.0156,1,11,88,1,2026-08-18T09:50:31.046317+00:00,2026-08-18T09:51:31.100328+00:00
12,161,Enciso,6,MID,54,0,0,0.0,0.0,0.0,0,1,0,0,0,2026-08-18T09:50:31.046317+00:00,2026-08-18T09:51:31.100328+00:00
12,162,Gruda,6,MID,54,0,0,0.0,0.0,0.0,0,1,0,1,0,2026-08-18T09:50:31.046317+00:00,2026-08-18T09:51:31.100328+00:00
12,163,Hinshelwood,6,MID,51,0.7136,1.3423,0.18,0.1804,0.1818,0.0004,1,7,20,0,2026-08-18T09:50:31.046317+00:00,2026-08-18T09:51:31.100328+00:00
12,164,O'Riley,6,MID,55,1.6832,2.101,0.45,0.154,0.4308,0.0084,1,0,0,0,2026-08-18T09:50:31.046317+00:00,2026-08-18T09:51:31.100328+00:00
12,165,Sima,6,MID,54,0,0,0.0,0.0,0.0,0,1,0,0,0,2026-08-18T09:50:31.046317+00:00,2026-08-18T09:51:31.100328+00:00
12,166,Ayari,6,MID,49,1.8052,2.1791,0.48,0.1144,0.4556,0.01,1,4,90,1,2026-08-18T09:50:31.046317+00:00,2026-08-18T09:51:31.100328+00:00
12,167,Baleba,6,MID,47,1.426,1.6645,0.48,0.1144,0.4556,0.0012,1,1,45,1,2026-08-18T09:50:31.046317+00:00,2026-08-18T09:51:31.100328+00:00
12,169,Gomez,6,MID,49,1.3404,2.2438,0.28,0.1584,0.2731,0.0108,1,1,69,1,2026-08-18T09:50:31.046317+00:00,2026-08-18T09:51:31.100328+00:00
12,170,Milner,6,MID,49,0.9564,1.9347,0.18,0.1804,0.1818,0.0064,1,0,0,0,2026-08-18T09:50:31.046317+00:00,2026-08-18T09:51:31.100328+00:00
12,171,Sarmiento,6,MID,49,0,0,0.0,0.0,0.0,0,1,0,0,0,2026-08-18T09:50:31.046317+00:00,2026-08-18T09:51:31.100328+00:00
12,172,Watson,6,MID,49,0,0,0.0,0.0,0.0,0,1,0,0,0,2026-08-18T09:50:31.046317+00:00,2026-08-18T09:51:31.100328+00:00
12,173,Wieffer,6,MID,49,1.316,2.0557,0.28,0.1584,0.2731,0.0044,1,4,90,1,2026-08-18T09:50:31.046317+00:00,2026-08-18T09:51:31.100328+00:00
12,174,Yalcouye,6,MID,50,0,0,0.0,0.0,0.0,0,1,0,0,0,2026-08-18T09:50:31.046317+00:00,2026-08-18T09:51:31.100328+00:00
12,175,Knight,6,MID,45,0,0,0.0,0.0,0.0,0,1,0,0,0,2026-08-18T09:50:31.046317+00:00,2026-08-18T09:51:31.100328+00:00
12,176,Mazilu,6,MID,45,0,0,0.0,0.0,0.0,0,1,0,0,0,2026-08-18T09:50:31.046317+00:00,2026-08-18T09:51:31.100328+00:00
12,177,Moran,6,MID,45,0,0,0.0,0.0,0.0,0,1,0,0,0,2026-08-18T09:50:31.046317+00:00,2026-08-18T09:51:31.100328+00:00
12,178,Welbeck,6,FWD,65,2.1808,2.6401,0.48,0.1456,0.458,0.0196,1,8,90,1,2026-08-18T09:50:31.046317+00:00,2026-08-18T09:51:31.100328+00:00
12,179,Ferguson,6,FWD,55,0,0,0.0,0.0,0.0,0,1,0,0,0,2026-08-18T09:50:31.046317+00:00,2026-08-18T09:51:31.100328+00:00
12,180,Tzimas,6,FWD,53,0,0,0.0,0.0,0.0,0,1,0,0,0,2026-08-18T09:50:31.046317+00:00,2026-08-18T09:51:31.100328+00:00
12,181,Kostoulas,6,FWD,48,1.0164,1.8428,0.18,0.1804,0.1818,0.0012,1,0,0,0,2026-08-18T09:50:31.046317+00:00,2026-08-18T09:51:31.100328+00:00
12,744,Oriola,6,MID,45,0.4924,0.9964,0.1,0.198,0.1088,0.0004,1,0,0,0,2026-08-18T09:50:31.046317+00:00,2026-08-18T09:51:31.100328+00:00
12,761,Simmonds,6,DEF,40,0.5024,1.2398,0.1,0.198,0.1088,0.0008,1,,,,2026-08-18T09:50:31.046317+00:00,
12,783,Groß,6,MID,56,1.6224,2.0523,0.45,0.154,0.4308,0.0096,1,,,,2026-08-18T09:50:31.046317+00:00,
12,795,Howell,6,MID,45,0.48,0.9374,0.1,0.198,0.1088,0.0,1,,,,2026-08-18T09:50:31.046317+00:00,
12,220,Sánchez,7,GKP,48,2.4932,2.0067,0.9,0.008,0.8376,0.0,1,6,90,1,2026-08-18T09:50:31.046317+00:00,2026-08-18T09:51:31.100328+00:00
12,221,Jörgensen,7,GKP,43,0.1536,0.6898,0.04,0.0384,0.0403,0.0,1,0,0,0,2026-08-18T09:50:31.046317+00:00,2026-08-18T09:51:31.100328+00:00
12,222,Penders,7,GKP,40,0,0,0.0,0.0,0.0,0,1,0,0,0,2026-08-18T09:50:31.046317+00:00,2026-08-18T09:51:31.100328+00:00
12,223,Slonina,7,GKP,39,0.15,0.722,0.04,0.0384,0.0403,0.0,1,0,0,0,2026-08-18T09:50:31.046317+00:00,2026-08-18T09:51:31.100328+00:00
12,224,Cucurella,7,DEF,61,1.876,2.4853,0.48,0.1456,0.458,0.0152,1,6,90,1,2026-08-18T09:50:31.046317+00:00,2026-08-18T09:51:31.100328+00:00
12,225,James,7,DEF,56,1.148,1.9867,0.28,0.2016,0.2765,0.0064,1,1,45,1,2026-08-18T09:50:31.046317+00:00,2026-08-18T09:51:31.100328+00:00
12,226,Chalobah,7,DEF,51,1.7964,2.4664,0.48,0.1144,0.4556,0.0112,1,6,90,1,2026-08-18T09:50:31.046317+00:00,2026-08-18T09:51:31.100328+00:00
12,227,Colwill,7,DEF,48,2.576,2.3882,0.9,0.018,0.8384,0.0116,1,0,0,0,2026-08-18T09:50:31.046317+00:00,2026-08-18T09:51:31.100328+00:00
12,228,Gusto,7,DEF,49,1.142,1.9633,0.28,0.1584,0.2731,0.0036,1,1,23,0,2026-08-18T09:50:31.046317+00:00,2026-08-18T09:51:31.100328+00:00
12,229,B.Badiashile,7,DEF,44,0.464,1.0828,0.1,0.198,0.1088,0.0,1,0,45,1,2026-08-18T09:50:31.046317+00:00,2026-08-18T09:51:31.100328+00:00
12,230,Fofana,7,DEF,44,0,0,0.0,0.0,0.0,0,1,0,0,0,2026-08-18T09:50:31.046317+00:00,2026-08-18T09:51:31.100328+00:00
12,231,M.Sarr,7,DEF,45,0.5012,1.1762,0.1,0.198,0.1088,0.0008,1,0,0,0,2026-08-18T09:50:31.046317+00:00,2026-08-18T09:51:31.100328+00:00
12,232,Tosin,7,DEF,42,0.9292,1.7584,0.22,0.1716,0.2183,0.002,1,10,90,1,2026-08-18T09:50:31.046317+00:00,2026-08-18T09:51:31.100328+00:00
12,233,Acheampong,7,DEF,39,0.8208,1.6578,0.22,0.1716,0.2183,0.0048,1,0,0,0,2026-08-18T09:50:31.046317+00:00,2026-08-18T09:51:31.100328+00:00
12,234,Anselmino,7,DEF,40,0,0,0.0,0.0,0.0,0,1,0,0,0,2026-08-18T09:50:31.046317+00:00,2026-08-18T09:51:31.100328+00:00
12,235,Palmer,7,MID,103,3.4172,3.4247,0.72,0.0784,0.6759,0.0684,1,0,0,0,2026-08-18T09:50:31.046317+00:00,2026-08-18T09:51:31.100328+00:00
12,236,Neto,7,MID,71,2.0836,2.5033,0.48,0.1456,0.458,0.0164,1,8,90,1,2026-08-18T09:50:31.046317+00:00,2026-08-18T09:51:31.100328+00:00
12,237,Enzo,7,MID,67,2.1624,2.8246,0.48,0.1456,0.458,0.026,1,11,90,1,2026-08-18T09:50:31.046317+00:00,2026-08-18T09:51:31.100328+00:00
12,238,Estêvão,7,MID,65,0,0,0.0,0.0,0.0,0,1,0,0,0,2026-08-18T09:50:31.046317+00:00,2026-08-18T09:51:31.100328+00:00
12,239,Gittens,7,MID,61,0.9016,1.5523,0.225,0.217,0.2266,0.002,1,6,90,1,2026-08-18T09:50:31.046317+00:00,2026-08-18T09:51:31.100328+00:00
12,240,Nkunku,7,MID,59,0,0,0.0,0.0,0.0,0,1,0,0,0,2026-08-18T09:50:31.046317+00:00,2026-08-18T09:51:31.100328+00:00
12,241,Caicedo,7,MID,61,2.4652,2.6841,0.48,0.1456,0.458,0.0196,1,0,0,0,2026-08-18T09:50:31.046317+00:00,2026-08-18T09:51:31.100328+00:00
12,244,Lavia,7,MID,49,0.4604,0.9984,0.09,0.2002,0.0997,0.0,1,0,0,0,2026-08-18T09:50:31.046317+00:00,2026-08-18T09:51:31.100328+00:00
12,245,Mudryk,7,MID,49,0,0,0.0,0.0,0.0,0,1,0,0,0,2026-08-18T09:50:31.046317+00:00,2026-08-18T09:51:31.100328+00:00
12,246,Andrey Santos,7,MID,45,0.4976,1.0131,0.1,0.198,0.1088,0.0004,1,5,90,1,2026-08-18T09:50:31.046317+00:00,2026-08-18T09:51:31.100328+00:00
12,247,D.Essugo,7,MID,43,0.4444,0.9165,0.1,0.198,0.1088,0.0,1,0,0,0,2026-08-18T09:50:31.046317+00:00,2026-08-18T09:51:31.100328+00:00
12,248,Paez,7,MID,45,0,0,0.0,0.0,0.0,0,1,0,0,0,2026-08-18T09:50:31.046317+00:00,2026-08-18T09:51:31.100328+00:00
12,249,João Pedro,7,FWD,75,2.2224,2.6096,0.48,0.1456,0.458,0.0172,1,1,75,1,2026-08-18T09:50:31.046317+00:00,2026-08-18T09:51:31.100328+00:00
12,250,Delap,7,FWD,62,0.9572,1.4836,0.28,0.2016,0.2765,0.0024,1,2,66,1,2026-08-18T09:50:31.046317+00:00,2026-08-18T09:51:31.100328+00:00
12,251,N.Jackson,7,FWD,65,0,0,0.0,0.0,0.0,0,1,0,0,0,2026-08-18T09:50:31.046317+00:00,2026-08-18T09:51:31.100328+00:00
12,252,Marc Guiu,7,FWD,42,0.4728,0.9875,0.1,0.198,0.1088,0.0004,1,4,14,0,2026-08-18T09:50:31.046317+00:00,2026-08-18T09:51:31.100328+00:00
12,453,Garnacho,7,MID,64,1.1488,1.8247,0.28,0.2016,0.2765,0.006,1,0,0,0,2026-08-18T09:50:31.046317+00:00,2026-08-18T09:51:31.100328+00:00
12,672,Hato,7,DEF,47,0.6592,1.3614,0.18,0.1804,0.1818,0.0004,1,0,0,0,2026-08-18T09:50:31.046317+00:00,2026-08-18T09:51:31.100328+00:00
12,743,Emenalo,7,MID,45,0.4468,0.9206,0.1,0.198,0.1088,0.0004,1,0,0,0,2026-08-18T09:50:31.046317+00:00,2026-08-18T09:51:31.100328+00:00
12,789,Merrick,7,GKP,40,0.1728,0.7642,0.04,0.0384,0.0403,0.0,1,,,,2026-08-18T09:50:31.046317+00:00,
12,803,Sharman-Lowe,7,GKP,40,0.15,0.6821,0.04,0.0384,0.0403,0.0,1,,,,2026-08-18T09:50:31.046317+00:00,
12,829,Derry,7,MID,45,0.4536,0.9149,0.1,0.198,0.1088,0.0004,1,,,,2026-08-18T09:50:31.046317+00:00,
12,833,Eboué,7,MID,45,0.4456,0.9288,0.1,0.198,0.1088,0.0004,1,,,,2026-08-18T09:50:31.046317+00:00,
12,834,Kavuma-McQueen,7,MID,45,0.4416,0.9155,0.1,0.198,0.1088,0.0,1,,,,2026-08-18T09:50:31.046317+00:00,
12,840,Mheuka,7,FWD,45,0.4196,0.8138,0.1,0.198,0.1088,0.0,1,,,,2026-08-18T09:50:31.046317+00:00,
12,253,Henderson,8,GKP,50,2.7576,2.0703,0.9,0.008,0.8376,0.0004,1,6,90,1,2026-08-18T09:50:31.046317+00:00,2026-08-18T09:51:31.100328+00:00
12,254,Benitez,8,GKP,40,0.1728,0.7925,0.04,0.0384,0.0403,0.0,1,0,0,0,2026-08-18T09:50:31.046317+00:00,2026-08-18T09:51:31.100328+00:00
12,255,Matthews,8,GKP,39,0.1656,0.7178,0.04,0.0384,0.0403,0.0,1,0,0,0,2026-08-18T09:50:31.046317+00:00,2026-08-18T09:51:31.100328+00:00
12,256,Muñoz,8,DEF,58,1.7676,2.4845,0.48,0.1456,0.458,0.0144,1,14,90,1,2026-08-18T09:50:31.046317+00:00,2026-08-18T09:51:31.100328+00:00
12,257,Lacroix,8,DEF,50,1.9636,2.4588,0.48,0.1144,0.4556,0.0072,1,11,90,1,2026-08-18T09:50:31.046317+00:00,2026-08-18T09:51:31.100328+00:00
12,258,Mitchell,8,DEF,50,1.8308,2.3438,0.48,0.1144,0.4556,0.0068,1,6,90,1,2026-08-18T09:50:31.046317+00:00,2026-08-18T09:51:31.100328+00:00
12,259,Sosa,8,DEF,48,0.4472,1.1192,0.09,0.2002,0.0997,0.0012,1,0,0,0,2026-08-18T09:50:31.046317+00:00,2026-08-18T09:51:31.100328+00:00
12,261,Richards,8,DEF,45,0,0,0.0,0.0,0.0,0,1,6,82,1,2026-08-18T09:50:31.046317+00:00,2026-08-18T09:51:31.100328+00:00
12,262,Chadi Riad,8,DEF,40,0.4488,1.0361,0.1,0.198,0.1088,0.0004,1,0,0,0,2026-08-18T09:50:31.046317+00:00,2026-08-18T09:51:31.100328+00:00
12,263,Clyne,8,DEF,39,0.8648,1.6842,0.1,0.198,0.1088,0.0012,1,0,0,0,2026-08-18T09:50:31.046317+00:00,2026-08-18T09:51:31.100328+00:00
12,264,Holding,8,DEF,40,0,0,0.0,0.0,0.0,0,1,0,0,0,2026-08-18T09:50:31.046317+00:00,2026-08-18T09:51:31.100328+00:00
12,265,Kporha,8,DEF,40,0.4552,1.0938,0.1,0.198,0.1088,0.0012,1,0,0,0,2026-08-18T09:50:31.046317+00:00,2026-08-18T09:51:31.100328+00:00
12,267,Sarr,8,MID,67,2.186,2.7201,0.48,0.1456,0.458,0.02,1,3,90,1,2026-08-18T09:50:31.046317+00:00,2026-08-18T09:51:31.100328+00:00
12,268,Doucouré,8,MID,49,0,0,0.0,0.0,0.0,0,1,0,0,0,2026-08-18T09:50:31.046317+00:00,2026-08-18T09:51:31.100328+00:00
12,269,Esse,8,MID,47,0,0,0.0,0.0,0.0,0,1,0,0,0,2026-08-18T09:50:31.046317+00:00,2026-08-18T09:51:31.100328+00:00
12,270,Hughes,8,MID,48,0.94,1.4172,0.28,0.1584,0.2731,0.0008,1,1,1,0,2026-08-18T09:50:31.046317+00:00,2026-08-18T09:51:31.100328+00:00
12,271,Kamada,8,MID,50,1.712,1.971,0.48,0.1144,0.4556,0.0056,1,3,80,1,2026-08-18T09:50:31.046317+00:00,2026-08-18T09:51:31.100328+00:00
12,272,Lerma,8,MID,49,1.0932,1.7548,0.28,0.1584,0.2731,0.0036,1,1,9,0,2026-08-18T09:50:31.046317+00:00,2026-08-18T09:51:31.100328+00:00
12,273,Wharton,8,MID,50,1.676,1.8606,0.48,0.1144,0.4556,0.0012,1,6,90,1,2026-08-18T09:50:31.046317+00:00,2026-08-18T09:51:31.100328+00:00
12,274,Agbinone,8,MID,44,0.466,0.9049,0.1,0.198,0.1088,0.0,1,0,0,0,2026-08-18T09:50:31.046317+00:00,2026-08-18T09:51:31.100328+00:00
12,275,Ahamada,8,MID,44,0,0,0.0,0.0,0.0,0,1,0,0,0,2026-08-18T09:50:31.046317+00:00,2026-08-18T09:51:31.100328+00:00
12,276,Devenny,8,MID,43,0.5204,1.14,0.1,0.198,0.1088,0.0008,1,1,9,0,2026-08-18T09:50:31.046317+00:00,2026-08-18T09:51:31.100328+00:00
12,277,Ebiowei,8,MID,45,0,0,0.0,0.0,0.0,0,1,0,0,0,2026-08-18T09:50:31.046317+00:00,2026-08-18T09:51:31.100328+00:00
12,278,J.Rak-Sakyi,8,MID,44,0,0,0.0,0.0,0.0,0,1,0,0,0,2026-08-18T09:50:31.046317+00:00,2026-08-18T09:51:31.100328+00:00
12,279,M.França,8,MID,45,0,0,0.0,0.0,0.0,0,1,0,0,0,2026-08-18T09:50:31.046317+00:00,2026-08-18T09:51:31.100328+00:00
12,280,Ozoh,8,MID,45,0,0,0.0,0.0,0.0,0,1,0,0,0,2026-08-18T09:50:31.046317+00:00,2026-08-18T09:51:31.100328+00:00
12,281,Rodney,8,MID,45,0.4736,0.917,0.1,0.198,0.1088,0.0,1,0,0,0,2026-08-18T09:50:31.046317+00:00,2026-08-18T09:51:31.100328+00:00
12,282,Umeh,8,MID,45,0,0,0.0,0.0,0.0,0,1,0,0,0,2026-08-18T09:50:31.046317+00:00,2026-08-18T09:51:31.100328+00:00
12,283,Mateta,8,FWD,81,2.328,2.9395,0.48,0.1456,0.458,0.0396,1,1,59,1,2026-08-18T09:50:31.046317+00:00,2026-08-18T09:51:31.100328+00:00
12,284,Nketiah,8,FWD,54,0,0,0.0,0.0,0.0,0,1,1,30,0,2026-08-18T09:50:31.046317+00:00,2026-08-18T09:51:31.100328+00:00
12,285,Édouard,8,FWD,50,0,0,0.0,0.0,0.0,0,1,0,0,0,2026-08-18T09:50:31.046317+00:00,2026-08-18T09:51:31.100328+00:00
12,286,Marsh,8,FWD,45,0.442,0.868,0.1,0.198,0.1088,0.0004,1,0,0,0,2026-08-18T09:50:31.046317+00:00,2026-08-18T09:51:31.100328+00:00
12,580,Johnson,8,MID,66,1.0552,1.7843,0.28,0.2016,0.2765,0.0056,1,1,12,0,2026-08-18T09:50:31.046317+00:00,2026-08-18T09:51:31.100328+00:00
12,654,Strand Larsen,8,FWD,63,1.5428,1.7989,0.48,0.1456,0.458,0.006,1,2,90,1,2026-08-18T09:50:31.046317+00:00,2026-08-18T09:51:31.100328+00:00
12,677,Guessand,8,MID,62,1.124,1.7268,0.28,0.2016,0.2765,0.0032,1,0,0,0,2026-08-18T09:50:31.046317+00:00,2026-08-18T09:51:31.100328+00:00
12,690,Cardines,8,MID,44,0.4896,0.9744,0.1,0.198,0.1088,0.0004,1,0,0,0,2026-08-18T09:50:31.046317+00:00,2026-08-18T09:51:31.100328+00:00
12,712,Yeremy,8,MID,58,1.0532,1.7669,0.28,0.2016,0.2765,0.0056,1,8,80,1,2026-08-18T09:50:31.046317+00:00,2026-08-18T09:51:31.100328+00:00
12,723,Canvot,8,DEF,45,0.6172,1.4292,0.1,0.198,0.1088,0.0016,1,1,7,0,2026-08-18T09:50:31.046317+00:00,2026-08-18T09:51:31.100328+00:00
12,732,Uche,8,FWD,55,2.2064,2.3249,0.45,0.154,0.4308,0.004,1,0,0,0,2026-08-18T09:50:31.046317+00:00,2026-08-18T09:51:31.100328+00:00
12,762,Drakes-Thomas,8,MID,45,0.4724,0.9308,0.1,0.198,0.1088,0.0,1,,,,2026-08-18T09:50:31.046317+00:00,
12,773,Benamar,8,DEF,40,0.5012,1.2104,0.1,0.198,0.1088,0.0012,1,,,,2026-08-18T09:50:31.046317+00:00,
12,780,Casey,8,FWD,45,0.4468,0.9391,0.1,0.198,0.1088,0.0012,1,,,,2026-08-18T09:50:31.046317+00:00,
12,793,King,8,DEF,40,0.4716,1.1413,0.1,0.198,0.1088,0.0008,1,,,,2026-08-18T09:50:31.046317+00:00,
12,798,Imray,8,DEF,40,0,0,0.0,0.0,0.0,0,1,,,,2026-08-18T09:50:31.046317+00:00,
12,242,Dewsbury-Hall,9,MID,49,1.4872,1.9033,0.48,0.1144,0.4556,0.004,1,13,87,1,2026-08-18T09:50:31.046317+00:00,2026-08-18T09:51:31.100328+00:00
12,243,George,9,MID,49,0.6276,1.1592,0.18,0.1804,0.1818,0.0008,1,0,0,0,2026-08-18T09:50:31.046317+00:00,2026-08-18T09:51:31.100328+00:00
12,287,Pickford,9,GKP,55,2.97,2.1158,0.9,0.008,0.8376,0.0008,1,10,90,1,2026-08-18T09:50:31.046317+00:00,2026-08-18T09:51:31.100328+00:00
12,288,Travers,9,GKP,44,0.2112,0.9063,0.04,0.0384,0.0403,0.0,1,0,0,0,2026-08-18T09:50:31.046317+00:00,2026-08-18T09:51:31.100328+00:00
12,289,Tyrer,9,GKP,39,0,0,0.0,0.0,0.0,0,1,0,0,0,2026-08-18T09:50:31.046317+00:00,2026-08-18T09:51:31.100328+00:00
12,290,Branthwaite,9,DEF,53,0,0,0.0,0.0,0.0,0,1,0,0,0,2026-08-18T09:50:31.046317+00:00,2026-08-18T09:51:31.100328+00:00
12,291,Tarkowski,9,DEF,54,1.9052,2.4523,0.48,0.1144,0.4556,0.0072,1,8,90,1,2026-08-18T09:50:31.046317+00:00,2026-08-18T09:51:31.100328+00:00
12,292,Mykolenko,9,DEF,49,1.4852,2.0308,0.48,0.1144,0.4556,0.004,1,9,90,1,2026-08-18T09:50:31.046317+00:00,2026-08-18T09:51:31.100328+00:00
12,293,O'Brien,9,DEF,49,1.5568,2.0845,0.48,0.1144,0.4556,0.0056,1,6,80,1,2026-08-18T09:50:31.046317+00:00,2026-08-18T09:51:31.100328+00:00
12,294,Coleman,9,DEF,43,0.4244,1.0055,0.1,0.198,0.1088,0.0,1,1,9,0,2026-08-18T09:50:31.046317+00:00,2026-08-18T09:51:31.100328+00:00
12,295,Keane,9,DEF,45,1.0504,2.0087,0.22,0.1716,0.2183,0.0052,1,9,90,1,2026-08-18T09:50:31.046317+00:00,2026-08-18T09:51:31.100328+00:00
12,296,Patterson,9,DEF,44,0.7776,1.4814,0.22,0.1716,0.2183,0.0004,1,0,0,0,2026-08-18T09:50:31.046317+00:00,2026-08-18T09:51:31.100328+00:00
12,297,Dixon,9,DEF,39,0,0,0.0,0.0,0.0,0,1,0,0,0,2026-08-18T09:50:31.046317+00:00,2026-08-18T09:51:31.100328+00:00
12,298,Welch,9,DEF,39,0.4928,1.1618,0.1,0.198,0.1088,0.0004,1,0,0,0,2026-08-18T09:50:31.046317+00:00,2026-08-18T09:51:31.100328+00:00
12,299,Ndiaye,9,MID,66,2.1832,2.672,0.48,0.1456,0.458,0.022,1,3,80,1,2026-08-18T09:50:31.046317+00:00,2026-08-18T09:51:31.100328+00:00
12,300,McNeil,9,MID,55,1.3888,1.6665,0.45,0.154,0.4308,0.002,1,1,3,0,2026-08-18T09:50:31.046317+00:00,2026-08-18T09:51:31.100328+00:00
12,301,Alcaraz,9,MID,52,0.7288,1.297,0.18,0.1804,0.1818,0.0012,1,1,2,0,2026-08-18T09:50:31.046317+00:00,2026-08-18T09:51:31.100328+00:00
12,302,Gana,9,MID,54,1.0616,1.7922,0.24,0.1672,0.2366,0.0036,1,-2,12,0,2026-08-18T09:50:31.046317+00:00,2026-08-18T09:51:31.100328+00:00
12,303,Garner,9,MID,50,1.876,2.2174,0.48,0.1144,0.4556,0.0076,1,6,90,1,2026-08-18T09:50:31.046317+00:00,2026-08-18T09:51:31.100328+00:00
12,304,Iroegbunam,9,MID,49,1.076,1.6449,0.28,0.1584,0.2731,0.0016,1,1,9,0,2026-08-18T09:50:31.046317+00:00,2026-08-18T09:51:31.100328+00:00
12,305,Armstrong,9,MID,45,0.4708,0.9329,0.1,0.198,0.1088,0.0,1,0,0,0,2026-08-18T09:50:31.046317+00:00,2026-08-18T09:51:31.100328+00:00
12,306,Bates,9,MID,44,0.4364,0.8699,0.1,0.198,0.1088,0.0,1,0,0,0,2026-08-18T09:50:31.046317+00:00,2026-08-18T09:51:31.100328+00:00
12,307,Ebere,9,MID,44,0.452,0.9165,0.1,0.198,0.1088,0.0,1,0,0,0,2026-08-18T09:50:31.046317+00:00,2026-08-18T09:51:31.100328+00:00
12,308,Heath,9,MID,45,0,0,0.0,0.0,0.0,0,1,0,0,0,2026-08-18T09:50:31.046317+00:00,2026-08-18T09:51:31.100328+00:00
12,309,Metcalfe,9,MID,45,0,0,0.0,0.0,0.0,0,1,0,0,0,2026-08-18T09:50:31.046317+00:00,2026-08-18T09:51:31.100328+00:00
12,310,Barry,9,FWD,57,1.014,1.6029,0.28,0.2016,0.2765,0.0048,1,2,80,1,2026-08-18T09:50:31.046317+00:00,2026-08-18T09:51:31.100328+00:00
12,311,Beto,9,FWD,52,1.0336,1.7824,0.28,0.1584,0.2731,0.0072,1,1,9,0,2026-08-18T09:50:31.046317+00:00,2026-08-18T09:51:31.100328+00:00
12,312,Y.Chermiti,9,FWD,49,0,0,0.0,0.0,0.0,0,1,0,0,0,2026-08-18T09:50:31.046317+00:00,2026-08-18T09:51:31.100328+00:00
12,313,Sherif,9,FWD,44,0,0,0.0,0.0,0.0,0,1,0,0,0,2026-08-18T09:50:31.046317+00:00,2026-08-18T09:51:31.100328+00:00
12,419,Grealish,9,MID,67,0,0,0.0,0.0,0.0,0,1,3,87,1,2026-08-18T09:50:31.046317+00:00,2026-08-18T09:51:31.100328+00:00
12,630,King,9,GKP,39,0.1332,0.6484,0.04,0.0384,0.0403,0.0,1,0,0,0,2026-08-18T09:50:31.046317+00:00,2026-08-18T09:51:31.100328+00:00
12,667,Aznou,9,DEF,43,0.4624,1.1108,0.1,0.198,0.1088,0.0008,1,0,0,0,2026-08-18T09:50:31.046317+00:00,2026-08-18T09:51:31.100328+00:00
12,704,Onyango,9,MID,45,0,0,0.0,0.0,0.0,0,1,0,0,0,2026-08-18T09:50:31.046317+00:00,2026-08-18T09:51:31.100328+00:00
12,705,Campbell,9,DEF,39,0,0,0.0,0.0,0.0,0,1,0,0,0,2026-08-18T09:50:31.046317+00:00,2026-08-18T09:51:31.100328+00:00
12,707,Dibling,9,MID,54,0.7844,1.5246,0.18,0.1804,0.1818,0.0016,1,0,0,0,2026-08-18T09:50:31.046317+00:00,2026-08-18T09:51:31.100328+00:00
12,728,Röhl,9,MID,50,0.8628,1.6133,0.18,0.1804,0.1818,0.0028,1,0,0,0,2026-08-18T09:50:31.046317+00:00,2026-08-18T09:51:31.100328+00:00
12,779,Graham,9,FWD,45,0.4408,0.8516,0.1,0.198,0.1088,0.0,1,,,,2026-08-18T09:50:31.046317+00:00,
12,314,Leno,10,GKP,50,3.2876,2.2536,0.9,0.008,0.8376,0.0016,1,5,90,1,2026-08-18T09:50:31.046317+00:00,2026-08-18T09:51:31.100328+00:00
12,315,Benda,10,GKP,40,0,0,0.0,0.0,0.0,0,1,0,0,0,2026-08-18T09:50:31.046317+00:00,2026-08-18T09:51:31.100328+00:00
12,316,Robinson,10,DEF,49,0.6984,1.4928,0.18,0.1804,0.1818,0.0012,1,0,0,0,2026-08-18T09:50:31.046317+00:00,2026-08-18T09:51:31.100328+00:00
12,317,Andersen,10,DEF,45,0,0,0.0,0.0,0.0,0,1,10,90,1,2026-08-18T09:50:31.046317+00:00,2026-08-18T09:51:31.100328+00:00
12,318,Bassey,10,DEF,45,0.926,1.7961,0.22,0.1716,0.2183,0.0024,1,9,90,1,2026-08-18T09:50:31.046317+00:00,2026-08-18T09:51:31.100328+00:00
12,319,Castagne,10,DEF,44,0.9904,1.9024,0.22,0.1716,0.2183,0.0036,1,1,1,0,2026-08-18T09:50:31.046317+00:00,2026-08-18T09:51:31.100328+00:00
12,320,Diop,10,DEF,44,0.5644,1.358,0.1,0.198,0.1088,0.0024,1,0,0,0,2026-08-18T09:50:31.046317+00:00,2026-08-18T09:51:31.100328+00:00
12,321,J.Cuenca,10,DEF,44,0.6432,1.5205,0.1,0.198,0.1088,0.0024,1,0,0,0,2026-08-18T09:50:31.046317+00:00,2026-08-18T09:51:31.100328+00:00
12,322,Tete,10,DEF,45,0.928,1.8237,0.22,0.1716,0.2183,0.0024,1,6,90,1,2026-08-18T09:50:31.046317+00:00,2026-08-18T09:51:31.100328+00:00
12,323,Amissah,10,DEF,39,0.518,1.2296,0.1,0.198,0.1088,0.0004,1,0,0,0,2026-08-18T09:50:31.046317+00:00,2026-08-18T09:51:31.100328+00:00
12,324,Iwobi,10,MID,65,1.9872,2.3246,0.48,0.1456,0.458,0.0116,1,3,88,1,2026-08-18T09:50:31.046317+00:00,2026-08-18T09:51:31.100328+00:00
12,325,Smith Rowe,10,MID,56,1.6112,2.0679,0.45,0.154,0.4308,0.006,1,1,26,0,2026-08-18T09:50:31.046317+00:00,2026-08-18T09:51:31.100328+00:00
12,327,Andreas,10,MID,53,0,0,0.0,0.0,0.0,0,1,0,0,0,2026-08-18T09:50:31.046317+00:00,2026-08-18T09:51:31.100328+00:00
12,328,Sessegnon,10,MID,54,2.1192,2.3406,0.48,0.1144,0.4556,0.0064,1,3,90,1,2026-08-18T09:50:31.046317+00:00,2026-08-18T09:51:31.100328+00:00
12,329,Wilson,10,MID,52,1.8472,2.3135,0.48,0.1144,0.4556,0.0092,1,2,90,1,2026-08-18T09:50:31.046317+00:00,2026-08-18T09:51:31.100328+00:00
12,330,Berge,10,MID,49,1.4144,1.697,0.48,0.1144,0.4556,0.002,1,3,90,1,2026-08-18T09:50:31.046317+00:00,2026-08-18T09:51:31.100328+00:00
12,331,Cairney,10,MID,49,0.7124,1.2989,0.18,0.1804,0.1818,0.0012,1,0,0,0,2026-08-18T09:50:31.046317+00:00,2026-08-18T09:51:31.100328+00:00
12,332,Lukić,10,MID,50,1.7512,2.2404,0.48,0.1144,0.4556,0.0096,1,0,0,0,2026-08-18T09:50:31.046317+00:00,2026-08-18T09:51:31.100328+00:00
12,333,Godo,10,MID,45,0,0,0.0,0.0,0.0,0,1,0,0,0,2026-08-18T09:50:31.046317+00:00,2026-08-18T09:51:31.100328+00:00
12,334,Harris,10,MID,45,0,0,0.0,0.0,0.0,0,1,0,0,0,2026-08-18T09:50:31.046317+00:00,2026-08-18T09:51:31.100328+00:00
12,335,King,10,MID,45,1.3036,1.5956,0.48,0.1144,0.4556,0.0016,1,3,63,1,2026-08-18T09:50:31.046317+00:00,2026-08-18T09:51:31.100328+00:00
12,336,Reed,10,MID,43,0.506,1.1006,0.1,0.198,0.1088,0.0012,1,1,1,0,2026-08-18T09:50:31.046317+00:00,2026-08-18T09:51:31.100328+00:00
12,337,Raúl,10,FWD,62,1.1236,2.0083,0.28,0.2016,0.2765,0.012,1,6,90,1,2026-08-18T09:50:31.046317+00:00,2026-08-18T09:51:31.100328+00:00
12,338,Muniz,10,FWD,54,0.9384,1.5013,0.28,0.1584,0.2731,0.0008,1,0,0,0,2026-08-18T09:50:31.046317+00:00,2026-08-18T09:51:31.100328+00:00
12,424,Bobb,10,MID,53,1.0252,1.5756,0.28,0.1584,0.2731,0.0016,1,0,13,0,2026-08-18T09:50:31.046317+00:00,2026-08-18T09:51:31.100328+00:00
12,664,Lecomte,10,GKP,39,0.1724,0.8293,0.04,0.0384,0.0403,0.0004,1,0,0,0,2026-08-18T09:50:31.046317+00:00,2026-08-18T09:51:31.100328+00:00
12,727,Chukwueze,10,MID,53,0.7768,1.4344,0.18,0.1804,0.1818,0.0012,1,4,26,0,2026-08-18T09:50:31.046317+00:00,2026-08-18T09:51:31.100328+00:00
12,731,Kevin,10,MID,59,1.0672,1.639,0.28,0.2016,0.2765,0.002,1,3,63,1,2026-08-18T09:50:31.046317+00:00,2026-08-18T09:51:31.100328+00:00
12,737,Kusi-Asare,10,FWD,45,0,0,0.0,0.0,0.0,0,1,0,0,0,2026-08-18T09:50:31.046317+00:00,2026-08-18T09:51:31.100328+00:00
12,770,Ridgeon,10,MID,45,0.4752,0.9762,0.1,0.198,0.1088,0.0004,1,,,,2026-08-18T09:50:31.046317+00:00,
12,786,McNally,10,GKP,40,0.1932,0.8751,0.04,0.0384,0.0403,0.0,1,,,,2026-08-18T09:50:31.046317+00:00,
12,168,Buonanotte,11,MID,47,0.702,1.2516,0.18,0.1804,0.1818,0.0,1,0,0,0,2026-08-18T09:50:31.046317+00:00,2026-08-18T09:51:31.100328+00:00
12,339,Meslier,11,GKP,43,0.1656,0.7995,0.04,0.0384,0.0403,0.0,1,0,0,0,2026-08-18T09:50:31.046317+00:00,2026-08-18T09:51:31.100328+00:00
12,340,Cairns,11,GKP,40,0.1872,0.8393,0.04,0.0384,0.0403,0.0,1,0,0,0,2026-08-18T09:50:31.046317+00:00,2026-08-18T09:51:31.100328+00:00
12,341,Darlow,11,GKP,40,0.1692,0.7905,0.04,0.0384,0.0403,0.0,1,0,0,0,2026-08-18T09:50:31.046317+00:00,2026-08-18T09:51:31.100328+00:00
12,342,Bogle,11,DEF,45,0.9348,1.8071,0.22,0.1716,0.2183,0.0036,1,0,90,1,2026-08-18T09:50:31.046317+00:00,2026-08-18T09:51:31.100328+00:00
12,343,Struijk,11,DEF,44,0.9964,1.9751,0.22,0.1716,0.2183,0.0036,1,0,90,1,2026-08-18T09:50:31.046317+00:00,2026-08-18T09:51:31.100328+00:00
12,344,Bijol,11,DEF,39,0.9284,1.7839,0.22,0.1716,0.2183,0.0024,1,0,0,0,2026-08-18T09:50:31.046317+00:00,2026-08-18T09:51:31.100328+00:00
12,345,Bornauw,11,DEF,39,0.508,1.195,0.1,0.198,0.1088,0.0008,1,0,0,0,2026-08-18T09:50:31.046317+00:00,2026-08-18T09:51:31.100328+00:00
12,346,Byram,11,DEF,39,0.5044,1.2251,0.1,0.198,0.1088,0.0016,1,0,0,0,2026-08-18T09:50:31.046317+00:00,2026-08-18T09:51:31.100328+00:00
12,347,Gudmundsson,11,DEF,40,0,0,0.0,0.0,0.0,0,1,1,90,1,2026-08-18T09:50:31.046317+00:00,2026-08-18T09:51:31.100328+00:00
12,348,Rodon,11,DEF,41,1.1612,2.1756,0.22,0.1716,0.2183,0.006,1,3,90,1,2026-08-18T09:50:31.046317+00:00,2026-08-18T09:51:31.100328+00:00
12,349,Schmidt,11,DEF,40,0,0,0.0,0.0,0.0,0,1,0,0,0,2026-08-18T09:50:31.046317+00:00,2026-08-18T09:51:31.100328+00:00
12,350,Aaronson,11,MID,54,2.0552,2.5865,0.48,0.1144,0.4556,0.0168,1,2,79,1,2026-08-18T09:50:31.046317+00:00,2026-08-18T09:51:31.100328+00:00
12,351,Gnonto,11,MID,52,0.9668,1.5772,0.28,0.1584,0.2731,0.0028,1,0,10,0,2026-08-18T09:50:31.046317+00:00,2026-08-18T09:51:31.100328+00:00
12,352,Harrison,11,MID,52,0,0,0.0,0.0,0.0,0,1,0,0,0,2026-08-18T09:50:31.046317+00:00,2026-08-18T09:51:31.100328+00:00
12,353,James,11,MID,53,0.9756,1.6182,0.28,0.1584,0.2731,0.002,1,1,19,0,2026-08-18T09:50:31.046317+00:00,2026-08-18T09:51:31.100328+00:00
12,354,Ampadu,11,MID,49,1.6256,1.9559,0.48,0.1144,0.4556,0.0024,1,4,90,1,2026-08-18T09:50:31.046317+00:00,2026-08-18T09:51:31.100328+00:00
12,355,Greenwood,11,MID,49,0,0,0.0,0.0,0.0,0,1,0,0,0,2026-08-18T09:50:31.046317+00:00,2026-08-18T09:51:31.100328+00:00
12,356,Gruev,11,MID,48,0,0,0.0,0.0,0.0,0,1,0,0,0,2026-08-18T09:50:31.046317+00:00,2026-08-18T09:51:31.100328+00:00
12,357,Ramazani,11,MID,49,0,0,0.0,0.0,0.0,0,1,0,0,0,2026-08-18T09:50:31.046317+00:00,2026-08-18T09:51:31.100328+00:00
12,358,Tanaka,11,MID,48,0.9464,1.4736,0.28,0.1584,0.2731,0.0008,1,2,47,1,2026-08-18T09:50:31.046317+00:00,2026-08-18T09:51:31.100328+00:00
12,359,Crew,11,MID,45,0,0,0.0,0.0,0.0,0,1,0,0,0,2026-08-18T09:50:31.046317+00:00,2026-08-18T09:51:31.100328+00:00
12,360,Gelhardt,11,MID,45,0,0,0.0,0.0,0.0,0,1,0,0,0,2026-08-18T09:50:31.046317+00:00,2026-08-18T09:51:31.100328+00:00
12,361,Gyabi,11,MID,45,0,0,0.0,0.0,0.0,0,1,0,0,0,2026-08-18T09:50:31.046317+00:00,2026-08-18T09:51:31.100328+00:00
12,362,Piroe,11,FWD,50,0.6864,1.2322,0.18,0.1804,0.1818,0.0004,1,1,10,0,2026-08-18T09:50:31.046317+00:00,2026-08-18T09:51:31.100328+00:00
12,363,Bamford,11,FWD,49,0,0,0.0,0.0,0.0,0,1,0,0,0,2026-08-18T09:50:31.046317+00:00,2026-08-18T09:51:31.100328+00:00
12,364,Mateo Joseph,11,FWD,50,0,0,0.0,0.0,0.0,0,1,0,0,0,2026-08-18T09:50:31.046317+00:00,2026-08-18T09:51:31.100328+00:00
12,365,Nmecha,11,FWD,50,0.7396,1.4184,0.18,0.1804,0.1818,0.0028,1,8,70,1,2026-08-18T09:50:31.046317+00:00,2026-08-18T09:51:31.100328+00:00
12,493,Longstaff,11,MID,49,1.9684,2.24,0.48,0.1144,0.4556,0.0072,1,2,90,1,2026-08-18T09:50:31.046317+00:00,2026-08-18T09:51:31.100328+00:00
12,660,Stach,11,MID,49,0,0,0.0,0.0,0.0,0,1,4,22,0,2026-08-18T09:50:31.046317+00:00,2026-08-18T09:51:31.100328+00:00
12,665,Perri,11,GKP,45,2.8368,2.2201,0.88,0.0048,0.8188,0.0004,1,1,90,1,2026-08-18T09:50:31.046317+00:00,2026-08-18T09:51:31.100328+00:00
12,691,Calvert-Lewin,11,FWD,55,1.1344,1.7691,0.28,0.2016,0.2765,0.0052,1,1,19,0,2026-08-18T09:50:31.046317+00:00,2026-08-18T09:51:31.100328+00:00
12,698,Okafor,11,MID,55,0,0,0.0,0.0,0.0,0,1,2,79,1,2026-08-18T09:50:31.046317+00:00,2026-08-18T09:51:31.100328+00:00
12,706,Justin,11,DEF,39,0.6156,1.4786,0.1,0.198,0.1088,0.0012,1,0,0,0,2026-08-18T09:50:31.046317+00:00,2026-08-18T09:51:31.100328+00:00
12,741,Gray,11,FWD,45,0,0,0.0,0.0,0.0,0,1,0,0,0,2026-08-18T09:50:31.046317+00:00,2026-08-18T09:51:31.100328+00:00
12,787,Chambers,11,MID,44,0.5048,1.0088,0.1,0.198,0.1088,0.0008,1,,,,2026-08-18T09:50:31.046317+00:00,
12,837,Lienou,11,DEF,40,0.5452,1.3233,0.1,0.198,0.1088,0.0008,1,,,,2026-08-18T09:50:31.046317+00:00,
12,838,Chadwick,11,MID,45,0.4956,1.08,0.1,0.198,0.1088,0.0012,1,,,,2026-08-18T09:50:31.046317+00:00,
12,839,Cresswell,11,MID,45,0.4864,0.9591,0.1,0.198,0.1088,0.0,1,,,,2026-08-18T09:50:31.046317+00:00,
12,366,A.Becker,12,GKP,54,3.1308,2.2763,0.88,0.0096,0.8192,0.0008,1,2,90,1,2026-08-18T09:50:31.046317+00:00,2026-08-18T09:51:31.100328+00:00
12,367,Mamardashvili,12,GKP,43,0.1868,0.832,0.04,0.0384,0.0403,0.0,1,0,0,0,2026-08-18T09:50:31.046317+00:00,2026-08-18T09:51:31.100328+00:00
12,368,Pécsi,12,GKP,39,0.1916,0.8518,0.04,0.0384,0.0403,0.0,1,0,0,0,2026-08-18T09:50:31.046317+00:00,2026-08-18T09:51:31.100328+00:00
12,369,Woodman,12,GKP,39,0.1836,0.836,0.04,0.0384,0.0403,0.0,1,0,0,0,2026-08-18T09:50:31.046317+00:00,2026-08-18T09:51:31.100328+00:00
12,370,Frimpong,12,DEF,57,1.8084,2.4582,0.45,0.154,0.4308,0.012,1,0,0,0,2026-08-18T09:50:31.046317+00:00,2026-08-18T09:51:31.100328+00:00
12,371,Kerkez,12,DEF,57,1.818,2.4536,0.48,0.1456,0.458,0.012,1,1,67,1,2026-08-18T09:50:31.046317+00:00,2026-08-18T09:51:31.100328+00:00
12,372,Robertson,12,DEF,58,1.704,2.3269,0.45,0.154,0.4308,0.0076,1,1,22,0,2026-08-18T09:50:31.046317+00:00,2026-08-18T09:51:31.100328+00:00
12,373,Virgil,12,DEF,60,2.292,2.8409,0.48,0.1456,0.458,0.0192,1,3,90,1,2026-08-18T09:50:31.046317+00:00,2026-08-18T09:51:31.100328+00:00
12,374,Konaté,12,DEF,54,2.1256,2.7766,0.48,0.1144,0.4556,0.0168,1,0,54,1,2026-08-18T09:50:31.046317+00:00,2026-08-18T09:51:31.100328+00:00
12,375,Bradley,12,DEF,50,0,0,0.0,0.0,0.0,0,1,0,0,0,2026-08-18T09:50:31.046317+00:00,2026-08-18T09:51:31.100328+00:00
12,376,Gomez,12,DEF,49,1.188,2.2783,0.18,0.1804,0.1818,0.0092,1,0,0,0,2026-08-18T09:50:31.046317+00:00,2026-08-18T09:51:31.100328+00:00
12,377,Tsimikas,12,DEF,48,0,0,0.0,0.0,0.0,0,1,0,0,0,2026-08-18T09:50:31.046317+00:00,2026-08-18T09:51:31.100328+00:00
12,378,Nallo,12,DEF,38,0.5196,1.2181,0.1,0.198,0.1088,0.0008,1,0,0,0,2026-08-18T09:50:31.046317+00:00,2026-08-18T09:51:31.100328+00:00
12,379,R.Williams,12,DEF,38,0.5284,1.2854,0.1,0.198,0.1088,0.0008,1,0,0,0,2026-08-18T09:50:31.046317+00:00,2026-08-18T09:51:31.100328+00:00
12,380,Ramsay,12,DEF,38,0.53,1.2922,0.1,0.198,0.1088,0.0016,1,0,0,0,2026-08-18T09:50:31.046317+00:00,2026-08-18T09:51:31.100328+00:00
12,381,M.Salah,12,MID,142,2.8324,3.6245,0.48,0.1456,0.458,0.0612,1,2,90,1,2026-08-18T09:50:31.046317+00:00,2026-08-18T09:51:31.100328+00:00
12,382,Wirtz,12,MID,80,1.338,2.2386,0.28,0.2016,0.2765,0.0132,1,0,0,0,2026-08-18T09:50:31.046317+00:00,2026-08-18T09:51:31.100328+00:00
12,383,Luis Díaz,12,MID,80,0,0,0.0,0.0,0.0,0,1,0,0,0,2026-08-18T09:50:31.046317+00:00,2026-08-18T09:51:31.100328+00:00
12,384,Gakpo,12,MID,75,2.412,3.0075,0.48,0.1456,0.458,0.032,1,2,90,1,2026-08-18T09:50:31.046317+00:00,2026-08-18T09:51:31.100328+00:00
12,385,Chiesa,12,MID,64,1.8488,2.4094,0.45,0.154,0.4308,0.0152,1,0,22,0,2026-08-18T09:50:31.046317+00:00,2026-08-18T09:51:31.100328+00:00
12,386,Mac Allister,12,MID,63,1.6288,1.9575,0.48,0.1456,0.458,0.0036,1,2,90,1,2026-08-18T09:50:31.046317+00:00,2026-08-18T09:51:31.100328+00:00
12,387,Szoboszlai,12,MID,66,2.2472,2.7203,0.48,0.1456,0.458,0.0208,1,2,90,1,2026-08-18T09:50:31.046317+00:00,2026-08-18T09:51:31.100328+00:00
12,388,C.Jones,12,MID,54,1.228,1.9922,0.28,0.1584,0.2731,0.0068,1,2,77,1,2026-08-18T09:50:31.046317+00:00,2026-08-18T09:51:31.100328+00:00
12,390,Gravenberch,12,MID,56,2.016,2.3437,0.48,0.1456,0.458,0.0104,1,1,90,1,2026-08-18T09:50:31.046317+00:00,2026-08-18T09:51:31.100328+00:00
12,392,Endo,12,MID,49,0.5824,1.2946,0.09,0.2002,0.0997,0.0008,1,0,0,0,2026-08-18T09:50:31.046317+00:00,2026-08-18T09:51:31.100328+00:00
12,393,Bajcetic,12,MID,43,0,0,0.0,0.0,0.0,0,1,0,0,0,2026-08-18T09:50:31.046317+00:00,2026-08-18T09:51:31.100328+00:00
12,394,McConnell,12,MID,44,0,0,0.0,0.0,0.0,0,1,0,0,0,2026-08-18T09:50:31.046317+00:00,2026-08-18T09:51:31.100328+00:00
12,395,Morton,12,MID,45,0,0,0.0,0.0,0.0,0,1,0,0,0,2026-08-18T09:50:31.046317+00:00,2026-08-18T09:51:31.100328+00:00
12,396,Nyoni,12,MID,43,0.4972,1.0218,0.1,0.198,0.1088,0.0004,1,0,0,0,2026-08-18T09:50:31.046317+00:00,2026-08-18T09:51:31.100328+00:00
12,397,Darwin,12,FWD,65,0,0,0.0,0.0,0.0,0,1,0,0,0,2026-08-18T09:50:31.046317+00:00,2026-08-18T09:51:31.100328+00:00
12,398,Danns,12,FWD,44,0,0,0.0,0.0,0.0,0,1,0,0,0,2026-08-18T09:50:31.046317+00:00,2026-08-18T09:51:31.100328+00:00
12,499,Isak,12,FWD,104,1.4732,2.4122,0.28,0.2016,0.2765,0.0196,1,2,67,1,2026-08-18T09:50:31.046317+00:00,2026-08-18T09:51:31.100328+00:00
12,661,Ekitiké,12,FWD,86,0,0,0.0,0.0,0.0,0,1,1,35,0,2026-08-18T09:50:31.046317+00:00,2026-08-18T09:51:31.100328+00:00
12,686,Ngumoha,12,MID,45,0.4856,1.0011,0.1,0.198,0.1088,0.0,1,1,12,0,2026-08-18T09:50:31.046317+00:00,2026-08-18T09:51:31.100328+00:00
12,692,Leoni,12,DEF,49,0,0,0.0,0.0,0.0,0,1,0,0,0,2026-08-18T09:50:31.046317+00:00,2026-08-18T09:51:31.100328+00:00
12,746,Morrison,12,MID,45,0.516,1.0387,0.1,0.198,0.1088,0.0004,1,0,0,0,2026-08-18T09:50:31.046317+00:00,2026-08-18T09:51:31.100328+00:00
12,760,Lucky,12,DEF,40,0.5404,1.2904,0.1,0.198,0.1088,0.0,1,,,,2026-08-18T09:50:31.046317+00:00,
12,830,Wright,12,FWD,45,0.4584,0.9653,0.1,0.198,0.1088,0.0004,1,,,,2026-08-18T09:50:31.046317+00:00,
12,832,Ndiaye,12,DEF,40,0.5328,1.2361,0.1,0.198,0.1088,0.0004,1,,,,2026-08-18T09:50:31.046317+00:00,
12,82,Semenyo,13,MID,80,2.4152,3.0217,0.48,0.1456,0.458,0.03,1,0,0,0,2026-08-18T09:50:31.046317+00:00,2026-08-18T09:51:31.100328+00:00
12,182,Trafford,13,GKP,46,0.3172,0.9746,0.08,0.0736,0.0803,0.0,1,0,0,0,2026-08-18T09:50:31.046317+00:00,2026-08-18T09:51:31.100328+00:00
12,260,Guéhi,13,DEF,51,2.0744,2.6364,0.48,0.1144,0.4556,0.016,1,5,90,1,2026-08-18T09:50:31.046317+00:00,2026-08-18T09:51:31.100328+00:00
12,399,Ederson M.,13,GKP,53,0,0,0.0,0.0,0.0,0,1,0,0,0,2026-08-18T09:50:31.046317+00:00,2026-08-18T09:51:31.100328+00:00
12,401,Bettinelli,13,GKP,40,0.1612,0.7633,0.04,0.0384,0.0403,0.0,1,0,0,0,2026-08-18T09:50:31.046317+00:00,2026-08-18T09:51:31.100328+00:00
12,402,Aït-Nouri,13,DEF,57,1.2368,2.0457,0.28,0.2016,0.2765,0.0052,1,0,0,0,2026-08-18T09:50:31.046317+00:00,2026-08-18T09:51:31.100328+00:00
12,403,Gvardiol,13,DEF,58,1.1544,1.898,0.28,0.2016,0.2765,0.004,1,1,90,1,2026-08-18T09:50:31.046317+00:00,2026-08-18T09:51:31.100328+00:00
12,404,Akanji,13,DEF,54,0,0,0.0,0.0,0.0,0,1,0,0,0,2026-08-18T09:50:31.046317+00:00,2026-08-18T09:51:31.100328+00:00
12,405,Aké,13,DEF,53,0.6776,1.4289,0.18,0.1804,0.1818,0.0008,1,0,0,0,2026-08-18T09:50:31.046317+00:00,2026-08-18T09:51:31.100328+00:00
12,406,Khusanov,13,DEF,54,1.0556,1.8431,0.28,0.1584,0.2731,0.002,1,0,0,0,2026-08-18T09:50:31.046317+00:00,2026-08-18T09:51:31.100328+00:00
12,407,Matheus N.,13,DEF,53,1.0792,1.8804,0.28,0.1584,0.2731,0.0036,1,1,90,1,2026-08-18T09:50:31.046317+00:00,2026-08-18T09:51:31.100328+00:00
12,408,Rúben,13,DEF,55,1.686,2.1782,0.48,0.1456,0.458,0.0072,1,7,90,1,2026-08-18T09:50:31.046317+00:00,2026-08-18T09:51:31.100328+00:00
12,409,Stones,13,DEF,54,0.8836,1.6127,0.28,0.1584,0.2731,0.0012,1,0,0,0,2026-08-18T09:50:31.046317+00:00,2026-08-18T09:51:31.100328+00:00
12,410,Lewis,13,DEF,48,0.7224,1.5171,0.18,0.1804,0.1818,0.0012,1,0,0,0,2026-08-18T09:50:31.046317+00:00,2026-08-18T09:51:31.100328+00:00
12,411,O'Reilly,13,DEF,50,1.1624,2.1357,0.28,0.1584,0.2731,0.0084,1,1,90,1,2026-08-18T09:50:31.046317+00:00,2026-08-18T09:51:31.100328+00:00
12,412,Vitor Reis,13,DEF,50,0,0,0.0,0.0,0.0,0,1,0,0,0,2026-08-18T09:50:31.046317+00:00,2026-08-18T09:51:31.100328+00:00
12,413,Marmoush,13,MID,83,2.7044,2.624,0.72,0.0784,0.6759,0.0272,1,1,3,0,2026-08-18T09:50:31.046317+00:00,2026-08-18T09:51:31.100328+00:00
12,414,Foden,13,MID,80,1.83,2.3813,0.48,0.1456,0.458,0.0136,1,2,86,1,2026-08-18T09:50:31.046317+00:00,2026-08-18T09:51:31.100328+00:00
12,415,Savinho,13,MID,69,1.0908,1.7821,0.28,0.2016,0.2765,0.0056,1,1,14,0,2026-08-18T09:50:31.046317+00:00,2026-08-18T09:51:31.100328+00:00
12,416,Bernardo,13,MID,63,1.0292,1.5912,0.28,0.2016,0.2765,0.002,1,1,76,1,2026-08-18T09:50:31.046317+00:00,2026-08-18T09:51:31.100328+00:00
12,417,Cherki,13,MID,64,1.1004,1.7795,0.28,0.2016,0.2765,0.0064,1,7,76,1,2026-08-18T09:50:31.046317+00:00,2026-08-18T09:51:31.100328+00:00
12,418,Doku,13,MID,65,1.4356,2.1659,0.28,0.2016,0.2765,0.006,1,2,75,1,2026-08-18T09:50:31.046317+00:00,2026-08-18T09:51:31.100328+00:00
12,420,Gündoğan,13,MID,63,0,0,0.0,0.0,0.0,0,1,0,0,0,2026-08-18T09:50:31.046317+00:00,2026-08-18T09:51:31.100328+00:00
12,421,Rodrigo,13,MID,63,1.3776,2.0307,0.28,0.2016,0.2765,0.006,1,0,0,0,2026-08-18T09:50:31.046317+00:00,2026-08-18T09:51:31.100328+00:00
12,422,Kovačić,13,MID,59,1.5228,1.8388,0.45,0.154,0.4308,0.0032,1,0,0,0,2026-08-18T09:50:31.046317+00:00,2026-08-18T09:51:31.100328+00:00
12,423,N.Gonzalez,13,MID,59,1.1804,1.8063,0.28,0.2016,0.2765,0.0024,1,2,90,1,2026-08-18T09:50:31.046317+00:00,2026-08-18T09:51:31.100328+00:00
12,425,Echeverri,13,MID,54,0,0,0.0,0.0,0.0,0,1,0,0,0,2026-08-18T09:50:31.046317+00:00,2026-08-18T09:51:31.100328+00:00
12,427,Reijnders,13,MID,54,1.4604,1.8762,0.48,0.1144,0.4556,0.0028,1,1,13,0,2026-08-18T09:50:31.046317+00:00,2026-08-18T09:51:31.100328+00:00
12,428,Nypan,13,MID,50,0.6284,1.1797,0.18,0.1804,0.1818,0.0008,1,0,0,0,2026-08-18T09:50:31.046317+00:00,2026-08-18T09:51:31.100328+00:00
12,429,Phillips,13,MID,48,0,0,0.0,0.0,0.0,0,1,0,0,0,2026-08-18T09:50:31.046317+00:00,2026-08-18T09:51:31.100328+00:00
12,430,Haaland,13,FWD,149,3.364,3.8657,0.48,0.1456,0.458,0.0892,1,2,90,1,2026-08-18T09:50:31.046317+00:00,2026-08-18T09:51:31.100328+00:00
12,736,Donnarumma,13,GKP,57,2.2592,1.9569,0.88,0.0096,0.8192,0.0004,1,1,90,1,2026-08-18T09:50:31.046317+00:00,2026-08-18T09:51:31.100328+00:00
12,739,Mukasa,13,MID,45,0,0,0.0,0.0,0.0,0,1,0,0,0,2026-08-18T09:50:31.046317+00:00,2026-08-18T09:51:31.100328+00:00
12,740,Mfuni,13,DEF,40,0,0,0.0,0.0,0.0,0,1,0,0,0,2026-08-18T09:50:31.046317+00:00,2026-08-18T09:51:31.100328+00:00
12,742,McAidoo,13,MID,45,0.4936,0.9625,0.1,0.198,0.1088,0.0,1,0,0,0,2026-08-18T09:50:31.046317+00:00,2026-08-18T09:51:31.100328+00:00
12,763,Gray,13,MID,45,0.4268,0.8491,0.1,0.198,0.1088,0.0,1,,,,2026-08-18T09:50:31.046317+00:00,
12,764,Heskey,13,MID,45,0.4752,0.9844,0.1,0.198,0.1088,0.0004,1,,,,2026-08-18T09:50:31.046317+00:00,
12,794,Alleyne,13,DEF,39,0.4864,1.1328,0.1,0.198,0.1088,0.0004,1,,,,2026-08-18T09:50:31.046317+00:00,
12,119,Mbeumo,14,MID,86,2.6676,3.2827,0.48,0.1456,0.458,0.044,1,1,90,1,2026-08-18T09:50:31.046317+00:00,2026-08-18T09:51:31.100328+00:00
12,431,Bayindir,14,GKP,48,2.9916,2.1773,0.88,0.0096,0.8192,0.0008,1,0,0,0,2026-08-18T09:50:31.046317+00:00,2026-08-18T09:51:31.100328+00:00
12,432,Onana,14,GKP,49,0,0,0.0,0.0,0.0,0,1,0,0,0,2026-08-18T09:50:31.046317+00:00,2026-08-18T09:51:31.100328+00:00
12,433,Harrison,14,GKP,40,0,0,0.0,0.0,0.0,0,1,0,0,0,2026-08-18T09:50:31.046317+00:00,2026-08-18T09:51:31.100328+00:00
12,434,Heaton,14,GKP,39,0.1976,0.8292,0.04,0.0384,0.0403,0.0,1,0,0,0,2026-08-18T09:50:31.046317+00:00,2026-08-18T09:51:31.100328+00:00
12,435,Mee,14,GKP,39,0.1736,0.8269,0.04,0.0384,0.0403,0.0,1,0,0,0,2026-08-18T09:50:31.046317+00:00,2026-08-18T09:51:31.100328+00:00
12,436,De Ligt,14,DEF,50,0,0,0.0,0.0,0.0,0,1,2,90,1,2026-08-18T09:50:31.046317+00:00,2026-08-18T09:51:31.100328+00:00
12,437,Martinez,14,DEF,48,2.468,2.738,0.68,0.0576,0.637,0.0192,1,0,0,0,2026-08-18T09:50:31.046317+00:00,2026-08-18T09:51:31.100328+00:00
12,438,Mazraoui,14,DEF,49,1.2076,2.0595,0.28,0.1584,0.2731,0.0044,1,1,45,1,2026-08-18T09:50:31.046317+00:00,2026-08-18T09:51:31.100328+00:00
12,439,D.Leon,14,DEF,42,0.5368,1.3263,0.1,0.198,0.1088,0.0016,1,0,0,0,2026-08-18T09:50:31.046317+00:00,2026-08-18T09:51:31.100328+00:00
12,440,Dalot,14,DEF,44,0.9512,1.8106,0.22,0.1716,0.2183,0.0028,1,1,32,0,2026-08-18T09:50:31.046317+00:00,2026-08-18T09:51:31.100328+00:00
12,441,Dorgu,14,DEF,42,0.894,1.7993,0.22,0.1716,0.2183,0.004,1,1,57,1,2026-08-18T09:50:31.046317+00:00,2026-08-18T09:51:31.100328+00:00
12,442,Maguire,14,DEF,44,0.8816,1.7228,0.22,0.1716,0.2183,0.0024,1,0,0,0,2026-08-18T09:50:31.046317+00:00,2026-08-18T09:51:31.100328+00:00
12,443,Shaw,14,DEF,45,0.8912,1.6474,0.22,0.1716,0.2183,0.002,1,2,90,1,2026-08-18T09:50:31.046317+00:00,2026-08-18T09:51:31.100328+00:00
12,444,Yoro,14,DEF,44,0.992,1.9103,0.22,0.1716,0.2183,0.0036,1,2,90,1,2026-08-18T09:50:31.046317+00:00,2026-08-18T09:51:31.100328+00:00
12,445,Amass,14,DEF,40,0,0,0.0,0.0,0.0,0,1,0,0,0,2026-08-18T09:50:31.046317+00:00,2026-08-18T09:51:31.100328+00:00
12,446,Fredricson,14,DEF,38,0.4932,1.1833,0.1,0.198,0.1088,0.0004,1,0,0,0,2026-08-18T09:50:31.046317+00:00,2026-08-18T09:51:31.100328+00:00
12,447,Heaven,14,DEF,38,0.6784,1.5608,0.1,0.198,0.1088,0.0016,1,0,0,0,2026-08-18T09:50:31.046317+00:00,2026-08-18T09:51:31.100328+00:00
12,448,Malacia,14,DEF,38,0.5152,1.2393,0.1,0.198,0.1088,0.0012,1,0,0,0,2026-08-18T09:50:31.046317+00:00,2026-08-18T09:51:31.100328+00:00
12,449,B.Fernandes,14,MID,89,2.9432,3.6746,0.48,0.1456,0.458,0.0632,1,2,90,1,2026-08-18T09:50:31.046317+00:00,2026-08-18T09:51:31.100328+00:00
12,450,Cunha,14,MID,79,2.1708,2.6855,0.48,0.1456,0.458,0.022,1,0,0,0,2026-08-18T09:50:31.046317+00:00,2026-08-18T09:51:31.100328+00:00
12,451,Rashford,14,MID,70,0,0,0.0,0.0,0.0,0,1,0,0,0,2026-08-18T09:50:31.046317+00:00,2026-08-18T09:51:31.100328+00:00
12,452,Amad,14,MID,63,2.4072,2.8741,0.48,0.1456,0.458,0.0268,1,2,90,1,2026-08-18T09:50:31.046317+00:00,2026-08-18T09:51:31.100328+00:00
12,454,Antony,14,MID,59,0,0,0.0,0.0,0.0,0,1,0,0,0,2026-08-18T09:50:31.046317+00:00,2026-08-18T09:51:31.100328+00:00
12,455,Mount,14,MID,59,1.0776,1.6668,0.28,0.2016,0.2765,0.0028,1,1,45,1,2026-08-18T09:50:31.046317+00:00,2026-08-18T09:51:31.100328+00:00
12,457,Casemiro,14,MID,55,2.2804,2.7278,0.48,0.1456,0.458,0.0212,1,0,57,1,2026-08-18T09:50:31.046317+00:00,2026-08-18T09:51:31.100328+00:00
12,458,Mainoo,14,MID,47,0.8304,1.4881,0.18,0.1804,0.1818,0.0008,1,1,32,0,2026-08-18T09:50:31.046317+00:00,2026-08-18T09:51:31.100328+00:00
12,459,Ugarte,14,MID,48,0.9096,1.6671,0.18,0.1804,0.1818,0.0024,1,0,0,0,2026-08-18T09:50:31.046317+00:00,2026-08-18T09:51:31.100328+00:00
12,460,Collyer,14,MID,45,0,0,0.0,0.0,0.0,0,1,0,0,0,2026-08-18T09:50:31.046317+00:00,2026-08-18T09:51:31.100328+00:00
12,461,Fitzgerald,14,MID,44,0.4436,0.9466,0.1,0.198,0.1088,0.0004,1,0,0,0,2026-08-18T09:50:31.046317+00:00,2026-08-18T09:51:31.100328+00:00
12,462,J.Fletcher,14,MID,43,0.4828,1.0491,0.1,0.198,0.1088,0.0008,1,0,0,0,2026-08-18T09:50:31.046317+00:00,2026-08-18T09:51:31.100328+00:00
12,463,Kone,14,MID,44,0,0,0.0,0.0,0.0,0,1,0,0,0,2026-08-18T09:50:31.046317+00:00,2026-08-18T09:51:31.100328+00:00
12,464,Moorhouse,14,MID,45,0,0,0.0,0.0,0.0,0,1,0,0,0,2026-08-18T09:50:31.046317+00:00,2026-08-18T09:51:31.100328+00:00
12,465,Højlund,14,FWD,63,0,0,0.0,0.0,0.0,0,1,0,0,0,2026-08-18T09:50:31.046317+00:00,2026-08-18T09:51:31.100328+00:00
12,466,Zirkzee,14,FWD,58,1.4828,1.8562,0.45,0.154,0.4308,0.004,1,2,90,1,2026-08-18T09:50:31.046317+00:00,2026-08-18T09:51:31.100328+00:00
12,467,Obi,14,FWD,43,0.4472,0.9514,0.1,0.198,0.1088,0.0008,1,0,0,0,2026-08-18T09:50:31.046317+00:00,2026-08-18T09:51:31.100328+00:00
12,468,Wheatley,14,FWD,45,0,0,0.0,0.0,0.0,0,1,0,0,0,2026-08-18T09:50:31.046317+00:00,2026-08-18T09:51:31.100328+00:00
12,681,Šeško,14,FWD,73,0.8456,1.7007,0.14,0.2408,0.1495,0.0056,1,0,0,0,2026-08-18T09:50:31.046317+00:00,2026-08-18T09:51:31.100328+00:00
12,733,Lammens,14,GKP,50,0.4088,1.2502,0.08,0.0736,0.0803,0.0004,1,2,90,1,2026-08-18T09:50:31.046317+00:00,2026-08-18T09:51:31.100328+00:00
12,755,Lacey,14,MID,45,0.5112,1.0087,0.1,0.198,0.1088,0.0008,1,0,0,0,2026-08-18T09:50:31.046317+00:00,2026-08-18T09:51:31.100328+00:00
12,769,Bendito Mantato,14,MID,45,0.438,0.9411,0.1,0.198,0.1088,0.0004,1,,,,2026-08-18T09:50:31.046317+00:00,
12,771,Fletcher,14,MID,44,0.4456,0.9572,0.1,0.198,0.1088,0.0004,1,,,,2026-08-18T09:50:31.046317+00:00,
12,788,Kukonki,14,DEF,40,0.5364,1.2632,0.1,0.198,0.1088,0.0004,1,,,,2026-08-18T09:50:31.046317+00:00,
12,827,Thwaites,14,MID,45,0.4948,0.9703,0.1,0.198,0.1088,0.0,1,,,,2026-08-18T09:50:31.046317+00:00,
12,52,J.Ramsey,15,MID,53,0.8344,1.512,0.18,0.1804,0.1818,0.0016,1,0,0,0,2026-08-18T09:50:31.046317+00:00,2026-08-18T09:51:31.100328+00:00
12,135,Wissa,15,FWD,73,5.012,3.5031,0.9,0.018,0.8384,0.1216,1,0,0,0,2026-08-18T09:50:31.046317+00:00,2026-08-18T09:51:31.100328+00:00
12,469,Pope,15,GKP,52,3.5088,2.3599,0.9,0.008,0.8376,0.0024,1,3,90,1,2026-08-18T09:50:31.046317+00:00,2026-08-18T09:51:31.100328+00:00
12,471,Gillespie,15,GKP,39,0.176,0.8083,0.04,0.0384,0.0403,0.0,1,0,0,0,2026-08-18T09:50:31.046317+00:00,2026-08-18T09:51:31.100328+00:00
12,472,Odysseas,15,GKP,40,0,0,0.0,0.0,0.0,0,1,0,0,0,2026-08-18T09:50:31.046317+00:00,2026-08-18T09:51:31.100328+00:00
12,473,Hall,15,DEF,52,0.9424,1.9419,0.18,0.1804,0.1818,0.0048,1,2,76,1,2026-08-18T09:50:31.046317+00:00,2026-08-18T09:51:31.100328+00:00
12,474,Schär,15,DEF,53,0,0,0.0,0.0,0.0,0,1,4,90,1,2026-08-18T09:50:31.046317+00:00,2026-08-18T09:51:31.100328+00:00
12,475,Botman,15,DEF,49,2.2208,2.7536,0.48,0.1144,0.4556,0.0156,1,1,13,0,2026-08-18T09:50:31.046317+00:00,2026-08-18T09:51:31.100328+00:00
12,476,Burn,15,DEF,51,1.8284,2.3902,0.48,0.1144,0.4556,0.0048,1,0,0,0,2026-08-18T09:50:31.046317+00:00,2026-08-18T09:51:31.100328+00:00
12,477,Livramento,15,DEF,49,0,0,0.0,0.0,0.0,0,1,2,90,1,2026-08-18T09:50:31.046317+00:00,2026-08-18T09:51:31.100328+00:00
12,478,Trippier,15,DEF,50,1.7672,2.2641,0.48,0.1144,0.4556,0.0028,1,0,0,0,2026-08-18T09:50:31.046317+00:00,2026-08-18T09:51:31.100328+00:00
12,479,Krafth,15,DEF,43,0,0,0.0,0.0,0.0,0,1,0,0,0,2026-08-18T09:50:31.046317+00:00,2026-08-18T09:51:31.100328+00:00
12,480,Lascelles,15,DEF,43,0,0,0.0,0.0,0.0,0,1,0,0,0,2026-08-18T09:50:31.046317+00:00,2026-08-18T09:51:31.100328+00:00
12,481,A.Murphy,15,DEF,39,0.4964,1.1806,0.1,0.198,0.1088,0.0,1,0,0,0,2026-08-18T09:50:31.046317+00:00,2026-08-18T09:51:31.100328+00:00
12,482,Ashby,15,DEF,39,0,0,0.0,0.0,0.0,0,1,0,0,0,2026-08-18T09:50:31.046317+00:00,2026-08-18T09:51:31.100328+00:00
12,483,Pivas,15,DEF,39,0.5488,1.3536,0.1,0.198,0.1088,0.0016,1,0,0,0,2026-08-18T09:50:31.046317+00:00,2026-08-18T09:51:31.100328+00:00
12,484,Targett,15,DEF,40,0,0,0.0,0.0,0.0,0,1,0,0,0,2026-08-18T09:50:31.046317+00:00,2026-08-18T09:51:31.100328+00:00
12,485,Gordon,15,MID,73,1.2892,2.1053,0.28,0.2016,0.2765,0.0108,1,0,0,0,2026-08-18T09:50:31.046317+00:00,2026-08-18T09:51:31.100328+00:00
12,486,Elanga,15,MID,66,1.2464,1.9749,0.28,0.2016,0.2765,0.0064,1,1,5,0,2026-08-18T09:50:31.046317+00:00,2026-08-18T09:51:31.100328+00:00
12,487,Barnes,15,MID,63,1.3964,2.1915,0.28,0.2016,0.2765,0.012,1,15,84,1,2026-08-18T09:50:31.046317+00:00,2026-08-18T09:51:31.100328+00:00
12,488,Bruno G.,15,MID,66,2.1788,2.6236,0.48,0.1456,0.458,0.0204,1,10,90,1,2026-08-18T09:50:31.046317+00:00,2026-08-18T09:51:31.100328+00:00
12,489,J.Murphy,15,MID,61,1.37,2.1932,0.28,0.2016,0.2765,0.0084,1,2,90,1,2026-08-18T09:50:31.046317+00:00,2026-08-18T09:51:31.100328+00:00
12,490,Joelinton,15,MID,59,0,0,0.0,0.0,0.0,0,1,3,90,1,2026-08-18T09:50:31.046317+00:00,2026-08-18T09:51:31.100328+00:00
12,491,Tonali,15,MID,54,0.978,1.6408,0.24,0.1672,0.2366,0.0024,1,4,90,1,2026-08-18T09:50:31.046317+00:00,2026-08-18T09:51:31.100328+00:00
12,492,Antoñito C.,15,MID,49,0,0,0.0,0.0,0.0,0,1,0,0,0,2026-08-18T09:50:31.046317+00:00,2026-08-18T09:51:31.100328+00:00
12,494,Willock,15,MID,50,0.7384,1.422,0.18,0.1804,0.1818,0.0008,1,1,5,0,2026-08-18T09:50:31.046317+00:00,2026-08-18T09:51:31.100328+00:00
12,495,Hayden,15,MID,45,0,0,0.0,0.0,0.0,0,1,0,0,0,2026-08-18T09:50:31.046317+00:00,2026-08-18T09:51:31.100328+00:00
12,496,Kuol,15,MID,44,0,0,0.0,0.0,0.0,0,1,0,0,0,2026-08-18T09:50:31.046317+00:00,2026-08-18T09:51:31.100328+00:00
12,497,L.Miley,15,MID,44,0,0,0.0,0.0,0.0,0,1,0,0,0,2026-08-18T09:50:31.046317+00:00,2026-08-18T09:51:31.100328+00:00
12,498,White,15,MID,45,0,0,0.0,0.0,0.0,0,1,0,0,0,2026-08-18T09:50:31.046317+00:00,2026-08-18T09:51:31.100328+00:00
12,500,Osula,15,FWD,55,1.408,1.7054,0.45,0.154,0.4308,0.0024,1,0,0,0,2026-08-18T09:50:31.046317+00:00,2026-08-18T09:51:31.100328+00:00
12,501,Neave,15,FWD,44,0.4588,0.9574,0.1,0.198,0.1088,0.0008,1,0,0,0,2026-08-18T09:50:31.046317+00:00,2026-08-18T09:51:31.100328+00:00
12,674,Ramsdale,15,GKP,48,0.5212,1.569,0.08,0.0736,0.0803,0.002,1,0,0,0,2026-08-18T09:50:31.046317+00:00,2026-08-18T09:51:31.100328+00:00
12,684,Thiaw,15,DEF,49,1.358,2.4135,0.28,0.1584,0.2731,0.0104,1,4,90,1,2026-08-18T09:50:31.046317+00:00,2026-08-18T09:51:31.100328+00:00
12,689,Seung soo,15,MID,44,0.446,0.9484,0.1,0.198,0.1088,0.0004,1,0,0,0,2026-08-18T09:50:31.046317+00:00,2026-08-18T09:51:31.100328+00:00
12,714,Woltemade,15,FWD,74,2.2832,2.693,0.48,0.1456,0.458,0.0192,1,2,84,1,2026-08-18T09:50:31.046317+00:00,2026-08-18T09:51:31.100328+00:00
12,753,Ruddy,15,GKP,40,0.154,0.7245,0.04,0.0384,0.0403,0.0,1,0,0,0,2026-08-18T09:50:31.046317+00:00,2026-08-18T09:51:31.100328+00:00
12,765,Shahar,15,DEF,40,0.55,1.2697,0.1,0.198,0.1088,0.0,1,,,,2026-08-18T09:50:31.046317+00:00,
12,772,Alabi,15,MID,45,0.4472,0.9349,0.1,0.198,0.1088,0.0,1,,,,2026-08-18T09:50:31.046317+00:00,
12,12,Zinchenko,16,DEF,49,0,0,0.0,0.0,0.0,0,1,0,0,0,2026-08-18T09:50:31.046317+00:00,2026-08-18T09:51:31.100328+00:00
12,400,Ortega Moreno,16,GKP,48,0.318,0.9784,0.08,0.0736,0.0803,0.0,1,0,0,0,2026-08-18T09:50:31.046317+00:00,2026-08-18T09:51:31.100328+00:00
12,426,McAtee,16,MID,51,0.6408,1.179,0.18,0.1804,0.1818,0.0004,1,0,0,0,2026-08-18T09:50:31.046317+00:00,2026-08-18T09:51:31.100328+00:00
12,502,Sels,16,GKP,47,2.8696,2.0767,0.9,0.008,0.8376,0.0004,1,7,90,1,2026-08-18T09:50:31.046317+00:00,2026-08-18T09:51:31.100328+00:00
12,503,C.Miguel,16,GKP,40,0,0,0.0,0.0,0.0,0,1,0,0,0,2026-08-18T09:50:31.046317+00:00,2026-08-18T09:51:31.100328+00:00
12,504,Turner,16,GKP,40,0,0,0.0,0.0,0.0,0,1,0,0,0,2026-08-18T09:50:31.046317+00:00,2026-08-18T09:51:31.100328+00:00
12,505,Milenković,16,DEF,52,1.5424,2.088,0.48,0.1144,0.4556,0.0044,1,8,90,1,2026-08-18T09:50:31.046317+00:00,2026-08-18T09:51:31.100328+00:00
12,506,Murillo,16,DEF,53,0,0,0.0,0.0,0.0,0,1,17,90,1,2026-08-18T09:50:31.046317+00:00,2026-08-18T09:51:31.100328+00:00
12,507,Aina,16,DEF,47,0.5696,1.2835,0.14,0.1892,0.1453,0.0016,1,0,0,0,2026-08-18T09:50:31.046317+00:00,2026-08-18T09:51:31.100328+00:00
12,508,N.Williams,16,DEF,47,1.5572,2.2107,0.48,0.1144,0.4556,0.0064,1,13,90,1,2026-08-18T09:50:31.046317+00:00,2026-08-18T09:51:31.100328+00:00
12,509,David Carmo,16,DEF,45,0,0,0.0,0.0,0.0,0,1,0,0,0,2026-08-18T09:50:31.046317+00:00,2026-08-18T09:51:31.100328+00:00
12,510,Jair Cunha,16,DEF,43,0.5632,1.3101,0.1,0.198,0.1088,0.0004,1,0,0,0,2026-08-18T09:50:31.046317+00:00,2026-08-18T09:51:31.100328+00:00
12,511,Morato,16,DEF,43,0.8228,1.6094,0.22,0.1716,0.2183,0.0016,1,0,0,0,2026-08-18T09:50:31.046317+00:00,2026-08-18T09:51:31.100328+00:00
12,512,O.Richards,16,DEF,45,0,0,0.0,0.0,0.0,0,1,0,0,0,2026-08-18T09:50:31.046317+00:00,2026-08-18T09:51:31.100328+00:00
12,513,Abbott,16,DEF,39,0.4948,1.1114,0.1,0.198,0.1088,0.0,1,0,0,0,2026-08-18T09:50:31.046317+00:00,2026-08-18T09:51:31.100328+00:00
12,514,Boly,16,DEF,39,0,0,0.0,0.0,0.0,0,1,0,0,0,2026-08-18T09:50:31.046317+00:00,2026-08-18T09:51:31.100328+00:00
12,515,Gibbs-White,16,MID,73,1.938,2.4716,0.48,0.1456,0.458,0.0148,1,8,90,1,2026-08-18T09:50:31.046317+00:00,2026-08-18T09:51:31.100328+00:00
12,516,Hudson-Odoi,16,MID,57,0,0,0.0,0.0,0.0,0,1,1,4,0,2026-08-18T09:50:31.046317+00:00,2026-08-18T09:51:31.100328+00:00
12,517,Anderson,16,MID,53,2.0196,2.3941,0.48,0.1144,0.4556,0.0104,1,9,90,1,2026-08-18T09:50:31.046317+00:00,2026-08-18T09:51:31.100328+00:00
12,518,Jota,16,MID,54,0,0,0.0,0.0,0.0,0,1,0,0,0,2026-08-18T09:50:31.046317+00:00,2026-08-18T09:51:31.100328+00:00
12,519,Dominguez,16,MID,50,0.7244,1.2767,0.18,0.1804,0.1818,0.0008,1,3,60,1,2026-08-18T09:50:31.046317+00:00,2026-08-18T09:51:31.100328+00:00
12,520,O'Brien,16,MID,50,0,0,0.0,0.0,0.0,0,1,0,0,0,2026-08-18T09:50:31.046317+00:00,2026-08-18T09:51:31.100328+00:00
12,521,Sangaré,16,MID,49,0.9304,1.5425,0.28,0.1584,0.2731,0.002,1,3,90,1,2026-08-18T09:50:31.046317+00:00,2026-08-18T09:51:31.100328+00:00
12,522,Yates,16,MID,47,0.7604,1.315,0.18,0.1804,0.1818,0.0004,1,1,4,0,2026-08-18T09:50:31.046317+00:00,2026-08-18T09:51:31.100328+00:00
12,523,Da Silva Moreira,16,MID,45,0.4816,0.9644,0.1,0.198,0.1088,0.0,1,0,0,0,2026-08-18T09:50:31.046317+00:00,2026-08-18T09:51:31.100328+00:00
12,524,Stamenic,16,MID,45,0,0,0.0,0.0,0.0,0,1,0,0,0,2026-08-18T09:50:31.046317+00:00,2026-08-18T09:51:31.100328+00:00
12,525,Wood,16,FWD,72,1.3068,2.1043,0.28,0.2016,0.2765,0.0108,1,0,0,0,2026-08-18T09:50:31.046317+00:00,2026-08-18T09:51:31.100328+00:00
12,526,Igor Jesus,16,FWD,58,1.0056,1.567,0.28,0.2016,0.2765,0.0044,1,2,85,1,2026-08-18T09:50:31.046317+00:00,2026-08-18T09:51:31.100328+00:00
12,527,Awoniyi,16,FWD,52,0.6556,1.1638,0.18,0.1804,0.1818,0.0,1,0,0,0,2026-08-18T09:50:31.046317+00:00,2026-08-18T09:51:31.100328+00:00
12,669,Ndoye,16,MID,56,1.688,1.8875,0.48,0.1456,0.458,0.002,1,3,85,1,2026-08-18T09:50:31.046317+00:00,2026-08-18T09:51:31.100328+00:00
12,675,Gunn,16,GKP,40,0.1464,0.6654,0.04,0.0384,0.0403,0.0,1,0,0,0,2026-08-18T09:50:31.046317+00:00,2026-08-18T09:51:31.100328+00:00
12,693,Hutchinson,16,MID,54,0.7124,1.3854,0.18,0.1804,0.1818,0.0024,1,4,29,0,2026-08-18T09:50:31.046317+00:00,2026-08-18T09:51:31.100328+00:00
12,696,Kalimuendo,16,FWD,60,0,0,0.0,0.0,0.0,0,1,0,0,0,2026-08-18T09:50:31.046317+00:00,2026-08-18T09:51:31.100328+00:00
12,715,John,16,GKP,40,0.1592,0.7131,0.04,0.0384,0.0403,0.0,1,0,0,0,2026-08-18T09:50:31.046317+00:00,2026-08-18T09:51:31.100328+00:00
12,716,Savona,16,DEF,45,0,0,0.0,0.0,0.0,0,1,12,90,1,2026-08-18T09:50:31.046317+00:00,2026-08-18T09:51:31.100328+00:00
12,729,Cuiabano,16,DEF,45,0,0,0.0,0.0,0.0,0,1,0,0,0,2026-08-18T09:50:31.046317+00:00,2026-08-18T09:51:31.100328+00:00
12,734,Bakwa,16,MID,60,1.5012,1.8093,0.45,0.154,0.4308,0.0044,1,0,0,0,2026-08-18T09:50:31.046317+00:00,2026-08-18T09:51:31.100328+00:00
12,805,Lucca,16,FWD,53,0.6588,1.1491,0.18,0.1804,0.1818,0.0004,1,,,,2026-08-18T09:50:31.046317+00:00,
12,814,Netz,16,DEF,45,0.508,1.201,0.1,0.198,0.1088,0.0,1,,,,2026-08-18T09:50:31.046317+00:00,
12,835,Whitehall,16,MID,45,0.43,0.9299,0.1,0.198,0.1088,0.0,1,,,,2026-08-18T09:50:31.046317+00:00,
12,836,Sinclair,16,MID,45,0.4548,0.9206,0.1,0.198,0.1088,0.0,1,,,,2026-08-18T09:50:31.046317+00:00,
12,841,Sillah,16,FWD,45,0.4316,0.8227,0.1,0.198,0.1088,0.0,1,,,,2026-08-18T09:50:31.046317+00:00,
12,528,Patterson,17,GKP,43,0,0,0.0,0.0,0.0,0,1,0,0,0,2026-08-18T09:50:31.046317+00:00,2026-08-18T09:51:31.100328+00:00
12,529,Moore,17,GKP,39,0.138,0.6633,0.04,0.0384,0.0403,0.0,1,0,0,0,2026-08-18T09:50:31.046317+00:00,2026-08-18T09:51:31.100328+00:00
12,530,Nna Noukeu,17,GKP,39,0,0,0.0,0.0,0.0,0,1,0,0,0,2026-08-18T09:50:31.046317+00:00,2026-08-18T09:51:31.100328+00:00
12,531,Ballard,17,DEF,46,1.6236,2.694,0.28,0.1584,0.2731,0.0196,1,1,90,1,2026-08-18T09:50:31.046317+00:00,2026-08-18T09:51:31.100328+00:00
12,532,Hume,17,DEF,45,0.83,1.5879,0.22,0.1716,0.2183,0.0008,1,1,89,1,2026-08-18T09:50:31.046317+00:00,2026-08-18T09:51:31.100328+00:00
12,533,Alese,17,DEF,40,0,0,0.0,0.0,0.0,0,1,0,0,0,2026-08-18T09:50:31.046317+00:00,2026-08-18T09:51:31.100328+00:00
12,534,Anderson,17,DEF,39,0,0,0.0,0.0,0.0,0,1,0,0,0,2026-08-18T09:50:31.046317+00:00,2026-08-18T09:51:31.100328+00:00
12,535,Cirkin,17,DEF,40,0.4664,1.0604,0.1,0.198,0.1088,0.0,1,0,0,0,2026-08-18T09:50:31.046317+00:00,2026-08-18T09:51:31.100328+00:00
12,536,Hjelde,17,DEF,40,0,0,0.0,0.0,0.0,0,1,0,0,0,2026-08-18T09:50:31.046317+00:00,2026-08-18T09:51:31.100328+00:00
12,537,Huggins,17,DEF,40,0,0,0.0,0.0,0.0,0,1,0,0,0,2026-08-18T09:50:31.046317+00:00,2026-08-18T09:51:31.100328+00:00
12,538,Johnson,17,DEF,39,0,0,0.0,0.0,0.0,0,1,0,0,0,2026-08-18T09:50:31.046317+00:00,2026-08-18T09:51:31.100328+00:00
12,539,O'Nien,17,DEF,40,0.4392,1.0379,0.1,0.198,0.1088,0.0004,1,0,0,0,2026-08-18T09:50:31.046317+00:00,2026-08-18T09:51:31.100328+00:00
12,540,Pembele,17,DEF,39,0,0,0.0,0.0,0.0,0,1,0,0,0,2026-08-18T09:50:31.046317+00:00,2026-08-18T09:51:31.100328+00:00
12,541,Reinildo,17,DEF,40,0.8148,1.5522,0.22,0.1716,0.2183,0.0008,1,1,90,1,2026-08-18T09:50:31.046317+00:00,2026-08-18T09:51:31.100328+00:00
12,542,Seelt,17,DEF,40,0,0,0.0,0.0,0.0,0,1,0,0,0,2026-08-18T09:50:31.046317+00:00,2026-08-18T09:51:31.100328+00:00
12,543,Adingra,17,MID,51,0,0,0.0,0.0,0.0,0,1,1,1,0,2026-08-18T09:50:31.046317+00:00,2026-08-18T09:51:31.100328+00:00
12,544,Diarra,17,MID,53,1.0724,1.8637,0.28,0.1584,0.2731,0.0056,1,0,0,0,2026-08-18T09:50:31.046317+00:00,2026-08-18T09:51:31.100328+00:00
12,545,Roberts,17,MID,54,0,0,0.0,0.0,0.0,0,1,0,0,0,2026-08-18T09:50:31.046317+00:00,2026-08-18T09:51:31.100328+00:00
12,546,Aleksić,17,MID,49,0.69,1.2336,0.18,0.1804,0.1818,0.0004,1,0,0,0,2026-08-18T09:50:31.046317+00:00,2026-08-18T09:51:31.100328+00:00
12,547,E.Le Fée,17,MID,49,1.9728,2.2941,0.48,0.1144,0.4556,0.01,1,2,89,1,2026-08-18T09:50:31.046317+00:00,2026-08-18T09:51:31.100328+00:00
12,548,Mundle,17,MID,49,0,0,0.0,0.0,0.0,0,1,0,0,0,2026-08-18T09:50:31.046317+00:00,2026-08-18T09:51:31.100328+00:00
12,549,Neil,17,MID,48,0,0,0.0,0.0,0.0,0,1,0,0,0,2026-08-18T09:50:31.046317+00:00,2026-08-18T09:51:31.100328+00:00
12,550,Poveda,17,MID,48,0.6552,1.1907,0.18,0.1804,0.1818,0.0,1,0,0,0,2026-08-18T09:50:31.046317+00:00,2026-08-18T09:51:31.100328+00:00
12,551,Rigg,17,MID,48,0.8728,1.3493,0.28,0.1584,0.2731,0.0004,1,0,0,0,2026-08-18T09:50:31.046317+00:00,2026-08-18T09:51:31.100328+00:00
12,552,Sadiki,17,MID,50,1.2668,1.4834,0.48,0.1144,0.4556,0.0008,1,2,90,1,2026-08-18T09:50:31.046317+00:00,2026-08-18T09:51:31.100328+00:00
12,553,Talbi,17,MID,50,0,0,0.0,0.0,0.0,0,1,1,26,0,2026-08-18T09:50:31.046317+00:00,2026-08-18T09:51:31.100328+00:00
12,554,Ba,17,MID,43,0.468,0.9523,0.1,0.198,0.1088,0.0004,1,0,0,0,2026-08-18T09:50:31.046317+00:00,2026-08-18T09:51:31.100328+00:00
12,555,Browne,17,MID,45,0,0,0.0,0.0,0.0,0,1,0,0,0,2026-08-18T09:50:31.046317+00:00,2026-08-18T09:51:31.100328+00:00
12,556,Ekwah,17,MID,45,0,0,0.0,0.0,0.0,0,1,0,0,0,2026-08-18T09:50:31.046317+00:00,2026-08-18T09:51:31.100328+00:00
12,557,H.Jones,17,MID,44,0.4468,0.9249,0.1,0.198,0.1088,0.0004,1,0,0,0,2026-08-18T09:50:31.046317+00:00,2026-08-18T09:51:31.100328+00:00
12,558,Matete,17,MID,44,0,0,0.0,0.0,0.0,0,1,0,0,0,2026-08-18T09:50:31.046317+00:00,2026-08-18T09:51:31.100328+00:00
12,559,Triantis,17,MID,44,0,0,0.0,0.0,0.0,0,1,0,0,0,2026-08-18T09:50:31.046317+00:00,2026-08-18T09:51:31.100328+00:00
12,560,Isidor,17,FWD,56,1.9768,2.2581,0.48,0.1456,0.458,0.008,1,2,63,1,2026-08-18T09:50:31.046317+00:00,2026-08-18T09:51:31.100328+00:00
12,561,Mayenda,17,FWD,54,0.8372,1.327,0.28,0.1584,0.2731,0.0012,1,1,1,0,2026-08-18T09:50:31.046317+00:00,2026-08-18T09:51:31.100328+00:00
12,562,Abdullahi,17,FWD,43,0.4396,0.8548,0.1,0.198,0.1088,0.0004,1,0,0,0,2026-08-18T09:50:31.046317+00:00,2026-08-18T09:51:31.100328+00:00
12,563,Luís Hemir,17,FWD,44,0,0,0.0,0.0,0.0,0,1,0,0,0,2026-08-18T09:50:31.046317+00:00,2026-08-18T09:51:31.100328+00:00
12,564,Rusyn,17,FWD,44,0,0,0.0,0.0,0.0,0,1,0,0,0,2026-08-18T09:50:31.046317+00:00,2026-08-18T09:51:31.100328+00:00
12,668,Xhaka,17,MID,52,1.93,2.1246,0.48,0.1144,0.4556,0.0024,1,2,90,1,2026-08-18T09:50:31.046317+00:00,2026-08-18T09:51:31.100328+00:00
12,670,Roefs,17,GKP,47,3.4504,2.3025,0.9,0.008,0.8376,0.004,1,3,90,1,2026-08-18T09:50:31.046317+00:00,2026-08-18T09:51:31.100328+00:00
12,678,Masuaku,17,DEF,39,0,0,0.0,0.0,0.0,0,1,0,0,0,2026-08-18T09:50:31.046317+00:00,2026-08-18T09:51:31.100328+00:00
12,683,Alderete,17,DEF,41,0.6168,1.5555,0.11,0.1958,0.118,0.004,1,0,0,0,2026-08-18T09:50:31.046317+00:00,2026-08-18T09:51:31.100328+00:00
12,694,Mukiele,17,DEF,42,1.1168,2.1028,0.22,0.1716,0.2183,0.0088,1,4,90,1,2026-08-18T09:50:31.046317+00:00,2026-08-18T09:51:31.100328+00:00
12,724,Geertruida,17,DEF,45,0.7904,1.5193,0.22,0.1716,0.2183,0.0004,1,2,90,1,2026-08-18T09:50:31.046317+00:00,2026-08-18T09:51:31.100328+00:00
12,730,Brobbey,17,FWD,55,1.374,1.7044,0.45,0.154,0.4308,0.0028,1,1,26,0,2026-08-18T09:50:31.046317+00:00,2026-08-18T09:51:31.100328+00:00
12,735,Traoré,17,MID,55,0.9896,1.4269,0.28,0.2016,0.2765,0.0008,1,3,63,1,2026-08-18T09:50:31.046317+00:00,2026-08-18T09:51:31.100328+00:00
12,774,Jenson Jones,17,DEF,40,0.478,1.1309,0.1,0.198,0.1088,0.0004,1,,,,2026-08-18T09:50:31.046317+00:00,
12,775,Tutierov,17,MID,45,0,0,0.0,0.0,0.0,0,1,,,,2026-08-18T09:50:31.046317+00:00,
12,800,Jocelin.T,17,MID,49,0.662,1.221,0.18,0.1804,0.1818,0.0004,1,,,,2026-08-18T09:50:31.046317+00:00,
12,812,Ellborg,17,GKP,40,0.1732,0.7559,0.04,0.0384,0.0403,0.0,1,,,,2026-08-18T09:50:31.046317+00:00,
12,813,Angulo,17,MID,50,0.6492,1.124,0.18,0.1804,0.1818,0.0004,1,,,,2026-08-18T09:50:31.046317+00:00,
12,821,Whittaker,17,MID,45,0.4508,0.9042,0.1,0.198,0.1088,0.0,1,,,,2026-08-18T09:50:31.046317+00:00,
12,822,Jones,17,MID,45,0.47,0.9566,0.1,0.198,0.1088,0.0004,1,,,,2026-08-18T09:50:31.046317+00:00,
12,565,Vicario,18,GKP,50,3.2428,2.1858,0.9,0.008,0.8376,0.0016,1,1,90,1,2026-08-18T09:50:31.046317+00:00,2026-08-18T09:51:31.100328+00:00
12,566,Austin,18,GKP,39,0.1472,0.6658,0.04,0.0384,0.0403,0.0,1,0,0,0,2026-08-18T09:50:31.046317+00:00,2026-08-18T09:51:31.100328+00:00
12,567,Kinsky,18,GKP,39,0.1688,0.7994,0.04,0.0384,0.0403,0.0004,1,0,0,0,2026-08-18T09:50:31.046317+00:00,2026-08-18T09:51:31.100328+00:00
12,568,Pedro Porro,18,DEF,55,1.618,2.0904,0.48,0.1456,0.458,0.0024,1,0,12,0,2026-08-18T09:50:31.046317+00:00,2026-08-18T09:51:31.100328+00:00
12,569,Romero,18,DEF,50,0,0,0.0,0.0,0.0,0,1,1,90,1,2026-08-18T09:50:31.046317+00:00,2026-08-18T09:51:31.100328+00:00
12,570,Danso,18,DEF,43,1.0816,1.9509,0.22,0.1716,0.2183,0.0012,1,0,45,1,2026-08-18T09:50:31.046317+00:00,2026-08-18T09:51:31.100328+00:00
12,571,Davies,18,DEF,43,0,0,0.0,0.0,0.0,0,1,0,0,0,2026-08-18T09:50:31.046317+00:00,2026-08-18T09:51:31.100328+00:00
12,572,Dragusin,18,DEF,45,0.7348,1.4113,0.22,0.1716,0.2183,0.0004,1,0,0,0,2026-08-18T09:50:31.046317+00:00,2026-08-18T09:51:31.100328+00:00
12,573,Spence,18,DEF,45,0.7124,1.41,0.22,0.1716,0.2183,0.0012,1,0,77,1,2026-08-18T09:50:31.046317+00:00,2026-08-18T09:51:31.100328+00:00
12,574,Udogie,18,DEF,44,0.7004,1.3773,0.22,0.1716,0.2183,0.0008,1,0,90,1,2026-08-18T09:50:31.046317+00:00,2026-08-18T09:51:31.100328+00:00
12,575,Van de Ven,18,DEF,48,1.858,2.6066,0.48,0.1144,0.4556,0.0164,1,0,90,1,2026-08-18T09:50:31.046317+00:00,2026-08-18T09:51:31.100328+00:00
12,576,Phillips,18,DEF,40,0,0,0.0,0.0,0.0,0,1,0,0,0,2026-08-18T09:50:31.046317+00:00,2026-08-18T09:51:31.100328+00:00
12,577,Takai,18,DEF,40,0,0,0.0,0.0,0.0,0,1,0,0,0,2026-08-18T09:50:31.046317+00:00,2026-08-18T09:51:31.100328+00:00
12,578,Vuskovic,18,DEF,39,0,0,0.0,0.0,0.0,0,1,0,0,0,2026-08-18T09:50:31.046317+00:00,2026-08-18T09:51:31.100328+00:00
12,579,Son,18,MID,85,0,0,0.0,0.0,0.0,0,1,0,0,0,2026-08-18T09:50:31.046317+00:00,2026-08-18T09:51:31.100328+00:00
12,581,Maddison,18,MID,68,3.2732,3.2294,0.68,0.0576,0.637,0.0488,1,0,0,0,2026-08-18T09:50:31.046317+00:00,2026-08-18T09:51:31.100328+00:00
12,582,Kudus,18,MID,65,0,0,0.0,0.0,0.0,0,1,2,77,1,2026-08-18T09:50:31.046317+00:00,2026-08-18T09:51:31.100328+00:00
12,583,Kulusevski,18,MID,64,0,0,0.0,0.0,0.0,0,1,0,0,0,2026-08-18T09:50:31.046317+00:00,2026-08-18T09:51:31.100328+00:00
12,584,Tel,18,MID,63,1.0544,1.7167,0.28,0.2016,0.2765,0.0032,1,0,0,0,2026-08-18T09:50:31.046317+00:00,2026-08-18T09:51:31.100328+00:00
12,585,Bentancur,18,MID,53,2.0544,2.3644,0.48,0.1144,0.4556,0.0112,1,1,65,1,2026-08-18T09:50:31.046317+00:00,2026-08-18T09:51:31.100328+00:00
12,586,Bergvall,18,MID,54,1.016,1.6334,0.28,0.1584,0.2731,0.0024,1,0,0,0,2026-08-18T09:50:31.046317+00:00,2026-08-18T09:51:31.100328+00:00
12,587,Bissouma,18,MID,52,1.7012,1.5636,0.68,0.0704,0.638,0.0012,1,0,0,0,2026-08-18T09:50:31.046317+00:00,2026-08-18T09:51:31.100328+00:00
12,588,Odobert,18,MID,53,0,0,0.0,0.0,0.0,0,1,2,65,1,2026-08-18T09:50:31.046317+00:00,2026-08-18T09:51:31.100328+00:00
12,589,Solomon,18,MID,54,0,0,0.0,0.0,0.0,0,1,0,0,0,2026-08-18T09:50:31.046317+00:00,2026-08-18T09:51:31.100328+00:00
12,590,Bryan,18,MID,49,0,0,0.0,0.0,0.0,0,1,0,0,0,2026-08-18T09:50:31.046317+00:00,2026-08-18T09:51:31.100328+00:00
12,591,Gray,18,MID,48,0.7272,1.3084,0.18,0.1804,0.1818,0.0004,1,0,0,0,2026-08-18T09:50:31.046317+00:00,2026-08-18T09:51:31.100328+00:00
12,592,Moore,18,MID,50,0,0,0.0,0.0,0.0,0,1,0,0,0,2026-08-18T09:50:31.046317+00:00,2026-08-18T09:51:31.100328+00:00
12,593,P.M.Sarr,18,MID,48,1.0752,1.6896,0.28,0.1584,0.2731,0.0016,1,1,24,0,2026-08-18T09:50:31.046317+00:00,2026-08-18T09:51:31.100328+00:00
12,594,Min-hyeok,18,MID,45,0,0,0.0,0.0,0.0,0,1,0,0,0,2026-08-18T09:50:31.046317+00:00,2026-08-18T09:51:31.100328+00:00
12,595,Olusesi,18,MID,44,0.4844,0.9784,0.1,0.198,0.1088,0.0,1,0,0,0,2026-08-18T09:50:31.046317+00:00,2026-08-18T09:51:31.100328+00:00
12,596,Solanke,18,FWD,72,2.3328,2.141,0.72,0.0784,0.6759,0.01,1,0,0,0,2026-08-18T09:50:31.046317+00:00,2026-08-18T09:51:31.100328+00:00
12,597,Richarlison,18,FWD,64,1.2848,2.0344,0.28,0.2016,0.2765,0.0064,1,6,90,1,2026-08-18T09:50:31.046317+00:00,2026-08-18T09:51:31.100328+00:00
12,598,Lankshear,18,FWD,45,0,0,0.0,0.0,0.0,0,1,0,0,0,2026-08-18T09:50:31.046317+00:00,2026-08-18T09:51:31.100328+00:00
12,599,Scarlett,18,FWD,43,0,0,0.0,0.0,0.0,0,1,0,0,0,2026-08-18T09:50:31.046317+00:00,2026-08-18T09:51:31.100328+00:00
12,673,J.Palhinha,18,MID,55,2.0912,2.3951,0.48,0.1456,0.458,0.0108,1,8,90,1,2026-08-18T09:50:31.046317+00:00,2026-08-18T09:51:31.100328+00:00
12,717,Xavi,18,MID,67,0,0,0.0,0.0,0.0,0,1,1,45,1,2026-08-18T09:50:31.046317+00:00,2026-08-18T09:51:31.100328+00:00
12,726,Kolo Muani,18,FWD,69,1.0576,1.593,0.28,0.2016,0.2765,0.004,1,1,24,0,2026-08-18T09:50:31.046317+00:00,2026-08-18T09:51:31.100328+00:00
12,745,Byfield,18,DEF,40,0.4172,0.956,0.1,0.198,0.1088,0.0,1,0,0,0,2026-08-18T09:50:31.046317+00:00,2026-08-18T09:51:31.100328+00:00
12,750,Rowswell,18,DEF,40,0.5104,1.19,0.1,0.198,0.1088,0.0,1,0,0,0,2026-08-18T09:50:31.046317+00:00,2026-08-18T09:51:31.100328+00:00
12,751,Akhamrich,18,MID,45,0,0,0.0,0.0,0.0,0,1,0,0,0,2026-08-18T09:50:31.046317+00:00,2026-08-18T09:51:31.100328+00:00
12,790,Williams-Barnett,18,MID,45,0.4448,0.9479,0.1,0.198,0.1088,0.0,1,,,,2026-08-18T09:50:31.046317+00:00,
12,796,Gallagher,18,MID,50,0.6672,1.1931,0.18,0.1804,0.1818,0.0004,1,,,,2026-08-18T09:50:31.046317+00:00,
12,804,Souza,18,DEF,40,0.4992,1.21,0.1,0.198,0.1088,0.0004,1,,,,2026-08-18T09:50:31.046317+00:00,
12,811,Kyerematen,18,MID,45,0.4636,0.9092,0.1,0.198,0.1088,0.0,1,,,,2026-08-18T09:50:31.046317+00:00,
12,818,Wilson,18,FWD,45,0.4196,0.8735,0.1,0.198,0.1088,0.0004,1,,,,2026-08-18T09:50:31.046317+00:00,
12,326,Adama,19,MID,52,0.4828,1.0189,0.09,0.2002,0.0997,0.0008,1,0,0,0,2026-08-18T09:50:31.046317+00:00,2026-08-18T09:51:31.100328+00:00
12,600,Areola,19,GKP,43,0.1524,0.7041,0.04,0.0384,0.0403,0.0,1,9,90,1,2026-08-18T09:50:31.046317+00:00,2026-08-18T09:51:31.100328+00:00
12,601,Foderingham,19,GKP,40,0,0,0.0,0.0,0.0,0,1,0,0,0,2026-08-18T09:50:31.046317+00:00,2026-08-18T09:51:31.100328+00:00
12,602,Hegyi,19,GKP,39,0,0,0.0,0.0,0.0,0,1,0,0,0,2026-08-18T09:50:31.046317+00:00,2026-08-18T09:51:31.100328+00:00
12,603,Diouf,19,DEF,43,0.7808,1.5422,0.22,0.1716,0.2183,0.002,1,3,90,1,2026-08-18T09:50:31.046317+00:00,2026-08-18T09:51:31.100328+00:00
12,604,Emerson,19,DEF,44,0,0,0.0,0.0,0.0,0,1,0,0,0,2026-08-18T09:50:31.046317+00:00,2026-08-18T09:51:31.100328+00:00
12,605,Kilman,19,DEF,43,0.8336,1.6797,0.22,0.1716,0.2183,0.0016,1,3,90,1,2026-08-18T09:50:31.046317+00:00,2026-08-18T09:51:31.100328+00:00
12,606,Mavropanos,19,DEF,44,1.0252,1.9136,0.22,0.1716,0.2183,0.004,1,0,0,0,2026-08-18T09:50:31.046317+00:00,2026-08-18T09:51:31.100328+00:00
12,607,N.Aguerd,19,DEF,44,0,0,0.0,0.0,0.0,0,1,0,0,0,2026-08-18T09:50:31.046317+00:00,2026-08-18T09:51:31.100328+00:00
12,608,Scarles,19,DEF,44,0.4548,1.1195,0.1,0.198,0.1088,0.0008,1,0,0,0,2026-08-18T09:50:31.046317+00:00,2026-08-18T09:51:31.100328+00:00
12,609,Todibo,19,DEF,43,0.8136,1.5894,0.22,0.1716,0.2183,0.0004,1,5,90,1,2026-08-18T09:50:31.046317+00:00,2026-08-18T09:51:31.100328+00:00
12,610,Wan-Bissaka,19,DEF,43,0.8076,1.5188,0.22,0.1716,0.2183,0.0012,1,2,90,1,2026-08-18T09:50:31.046317+00:00,2026-08-18T09:51:31.100328+00:00
12,611,Casey,19,DEF,40,0,0,0.0,0.0,0.0,0,1,0,0,0,2026-08-18T09:50:31.046317+00:00,2026-08-18T09:51:31.100328+00:00
12,612,L.Paquetá,19,MID,59,0,0,0.0,0.0,0.0,0,1,0,0,0,2026-08-18T09:50:31.046317+00:00,2026-08-18T09:51:31.100328+00:00
12,613,Souček,19,MID,57,1.2156,1.9428,0.28,0.2016,0.2765,0.0072,1,1,38,0,2026-08-18T09:50:31.046317+00:00,2026-08-18T09:51:31.100328+00:00
12,615,Summerville,19,MID,55,1.508,1.8991,0.48,0.1456,0.458,0.0064,1,0,0,0,2026-08-18T09:50:31.046317+00:00,2026-08-18T09:51:31.100328+00:00
12,616,Álvarez,19,MID,49,0,0,0.0,0.0,0.0,0,1,0,0,0,2026-08-18T09:50:31.046317+00:00,2026-08-18T09:51:31.100328+00:00
12,617,Cornet,19,MID,49,0,0,0.0,0.0,0.0,0,1,0,0,0,2026-08-18T09:50:31.046317+00:00,2026-08-18T09:51:31.100328+00:00
12,618,G.Rodriguez,19,MID,48,0,0,0.0,0.0,0.0,0,1,0,0,0,2026-08-18T09:50:31.046317+00:00,2026-08-18T09:51:31.100328+00:00
12,619,L.Guilherme,19,MID,49,0,0,0.0,0.0,0.0,0,1,1,45,1,2026-08-18T09:50:31.046317+00:00,2026-08-18T09:51:31.100328+00:00
12,620,Earthy,19,MID,45,0,0,0.0,0.0,0.0,0,1,0,0,0,2026-08-18T09:50:31.046317+00:00,2026-08-18T09:51:31.100328+00:00
12,621,Irving,19,MID,44,0,0,0.0,0.0,0.0,0,1,0,0,0,2026-08-18T09:50:31.046317+00:00,2026-08-18T09:51:31.100328+00:00
12,622,Orford,19,MID,44,0,0,0.0,0.0,0.0,0,1,0,0,0,2026-08-18T09:50:31.046317+00:00,2026-08-18T09:51:31.100328+00:00
12,623,Potts,19,MID,44,0.5292,1.1239,0.1,0.198,0.1088,0.0,1,2,90,1,2026-08-18T09:50:31.046317+00:00,2026-08-18T09:51:31.100328+00:00
12,624,Bowen,19,FWD,77,2.018,2.3361,0.48,0.1456,0.458,0.014,1,4,90,1,2026-08-18T09:50:31.046317+00:00,2026-08-18T09:51:31.100328+00:00
12,625,Füllkrug,19,FWD,56,0,0,0.0,0.0,0.0,0,1,1,16,0,2026-08-18T09:50:31.046317+00:00,2026-08-18T09:51:31.100328+00:00
12,626,Marshall,19,FWD,44,0,0,0.0,0.0,0.0,0,1,0,0,0,2026-08-18T09:50:31.046317+00:00,2026-08-18T09:51:31.100328+00:00
12,659,Walker-Peters,19,DEF,43,0.8328,1.688,0.22,0.1716,0.2183,0.004,1,0,45,1,2026-08-18T09:50:31.046317+00:00,2026-08-18T09:51:31.100328+00:00
12,671,Wilson,19,FWD,58,1.0552,1.6547,0.28,0.2016,0.2765,0.004,1,12,51,1,2026-08-18T09:50:31.046317+00:00,2026-08-18T09:51:31.100328+00:00
12,679,Hermansen,19,GKP,44,0.1732,0.7835,0.04,0.0384,0.0403,0.0,1,0,0,0,2026-08-18T09:50:31.046317+00:00,2026-08-18T09:51:31.100328+00:00
12,708,M.Fernandes,19,MID,55,1.644,1.9088,0.48,0.1456,0.458,0.0036,1,4,73,1,2026-08-18T09:50:31.046317+00:00,2026-08-18T09:51:31.100328+00:00
12,718,S.Magassa,19,MID,50,0.7664,1.4232,0.18,0.1804,0.1818,0.0008,1,0,0,0,2026-08-18T09:50:31.046317+00:00,2026-08-18T09:51:31.100328+00:00
12,738,Fabianski,19,GKP,45,3.02,2.1594,0.88,0.0048,0.8188,0.0012,1,0,0,0,2026-08-18T09:50:31.046317+00:00,2026-08-18T09:51:31.100328+00:00
12,747,Mayers,19,DEF,40,0.4472,1.0475,0.1,0.198,0.1088,0.0004,1,0,0,0,2026-08-18T09:50:31.046317+00:00,2026-08-18T09:51:31.100328+00:00
12,752,Golambeckis,19,DEF,40,0.4604,1.097,0.1,0.198,0.1088,0.0008,1,0,0,0,2026-08-18T09:50:31.046317+00:00,2026-08-18T09:51:31.100328+00:00
12,758,Mohamadou Kanté,19,MID,45,0.4456,0.9153,0.1,0.198,0.1088,0.0,1,,,,2026-08-18T09:50:31.046317+00:00,
12,785,Pablo,19,FWD,54,0.6628,1.2172,0.18,0.1804,0.1818,0.0008,1,,,,2026-08-18T09:50:31.046317+00:00,
12,791,Taty,19,FWD,55,1.3404,1.5922,0.45,0.154,0.4308,0.0032,1,,,,2026-08-18T09:50:31.046317+00:00,
12,802,Lamadrid,19,MID,50,0.6668,1.2187,0.18,0.1804,0.1818,0.0008,1,,,,2026-08-18T09:50:31.046317+00:00,
12,815,Disasi,19,DEF,45,0.7252,1.4855,0.22,0.1716,0.2183,0.0024,1,,,,2026-08-18T09:50:31.046317+00:00,
12,825,Herrick,19,GKP,40,0.1684,0.7623,0.04,0.0384,0.0403,0.0,1,,,,2026-08-18T09:50:31.046317+00:00,
12,627,Johnstone,20,GKP,45,0,0,0.0,0.0,0.0,0,1,1,90,1,2026-08-18T09:50:31.046317+00:00,2026-08-18T09:51:31.100328+00:00
12,628,José Sá,20,GKP,43,2.6612,2.1138,0.88,0.0048,0.8188,0.0004,1,0,0,0,2026-08-18T09:50:31.046317+00:00,2026-08-18T09:51:31.100328+00:00
12,629,Bentley,20,GKP,40,0.1828,0.8362,0.04,0.0384,0.0403,0.0004,1,0,0,0,2026-08-18T09:50:31.046317+00:00,2026-08-18T09:51:31.100328+00:00
12,631,Agbadou,20,DEF,43,0,0,0.0,0.0,0.0,0,1,3,90,1,2026-08-18T09:50:31.046317+00:00,2026-08-18T09:51:31.100328+00:00
12,632,Doherty,20,DEF,44,0,0,0.0,0.0,0.0,0,1,0,0,0,2026-08-18T09:50:31.046317+00:00,2026-08-18T09:51:31.100328+00:00
12,633,H.Bueno,20,DEF,44,0.9264,1.8104,0.22,0.1716,0.2183,0.0044,1,1,2,0,2026-08-18T09:50:31.046317+00:00,2026-08-18T09:51:31.100328+00:00
12,634,Mosquera,20,DEF,43,0.4952,1.1789,0.1,0.198,0.1088,0.0004,1,0,0,0,2026-08-18T09:50:31.046317+00:00,2026-08-18T09:51:31.100328+00:00
12,635,R.Gomes,20,DEF,44,0.8584,1.7849,0.22,0.1716,0.2183,0.0052,1,0,0,0,2026-08-18T09:50:31.046317+00:00,2026-08-18T09:51:31.100328+00:00
12,636,S.Bueno,20,DEF,44,1.0576,2.0921,0.22,0.1716,0.2183,0.006,1,0,0,0,2026-08-18T09:50:31.046317+00:00,2026-08-18T09:51:31.100328+00:00
12,637,Toti,20,DEF,43,0.858,1.6282,0.22,0.1716,0.2183,0.0016,1,3,90,1,2026-08-18T09:50:31.046317+00:00,2026-08-18T09:51:31.100328+00:00
12,638,Hoever,20,DEF,39,0,0,0.0,0.0,0.0,0,1,0,0,0,2026-08-18T09:50:31.046317+00:00,2026-08-18T09:51:31.100328+00:00
12,639,Meupiyou,20,DEF,40,0,0,0.0,0.0,0.0,0,1,0,0,0,2026-08-18T09:50:31.046317+00:00,2026-08-18T09:51:31.100328+00:00
12,640,Pedro Lima,20,DEF,40,0.5048,1.2163,0.1,0.198,0.1088,0.0004,1,0,0,0,2026-08-18T09:50:31.046317+00:00,2026-08-18T09:51:31.100328+00:00
12,641,Pond,20,DEF,39,0,0,0.0,0.0,0.0,0,1,0,0,0,2026-08-18T09:50:31.046317+00:00,2026-08-18T09:51:31.100328+00:00
12,642,Hee Chan,20,MID,57,1.0572,1.6589,0.28,0.2016,0.2765,0.0032,1,1,24,0,2026-08-18T09:50:31.046317+00:00,2026-08-18T09:51:31.100328+00:00
12,643,André,20,MID,53,1.9404,2.2133,0.48,0.1144,0.4556,0.006,1,4,90,1,2026-08-18T09:50:31.046317+00:00,2026-08-18T09:51:31.100328+00:00
12,644,Bellegarde,20,MID,52,0.9776,1.5921,0.28,0.1584,0.2731,0.0024,1,1,24,0,2026-08-18T09:50:31.046317+00:00,2026-08-18T09:51:31.100328+00:00
12,645,Fer López,20,MID,52,0,0,0.0,0.0,0.0,0,1,0,0,0,2026-08-18T09:50:31.046317+00:00,2026-08-18T09:51:31.100328+00:00
12,646,J.Gomes,20,MID,53,1.8032,2.1128,0.48,0.1144,0.4556,0.0076,1,3,90,1,2026-08-18T09:50:31.046317+00:00,2026-08-18T09:51:31.100328+00:00
12,647,Guedes,20,MID,55,0,0,0.0,0.0,0.0,0,1,0,0,0,2026-08-18T09:50:31.046317+00:00,2026-08-18T09:51:31.100328+00:00
12,648,Munetsi,20,MID,54,0,0,0.0,0.0,0.0,0,1,2,65,1,2026-08-18T09:50:31.046317+00:00,2026-08-18T09:51:31.100328+00:00
12,649,B.Traore,20,MID,50,0,0,0.0,0.0,0.0,0,1,0,0,0,2026-08-18T09:50:31.046317+00:00,2026-08-18T09:51:31.100328+00:00
12,650,Chirewa,20,MID,43,0,0,0.0,0.0,0.0,0,1,0,0,0,2026-08-18T09:50:31.046317+00:00,2026-08-18T09:51:31.100328+00:00
12,651,Edozie,20,MID,44,0.4676,0.9561,0.1,0.198,0.1088,0.0,1,0,0,0,2026-08-18T09:50:31.046317+00:00,2026-08-18T09:51:31.100328+00:00
12,652,Gonzalez,20,MID,44,0.464,1.0065,0.1,0.198,0.1088,0.0008,1,0,0,0,2026-08-18T09:50:31.046317+00:00,2026-08-18T09:51:31.100328+00:00
12,653,Hodge,20,MID,45,0,0,0.0,0.0,0.0,0,1,0,0,0,2026-08-18T09:50:31.046317+00:00,2026-08-18T09:51:31.100328+00:00
12,655,Fábio Silva,20,FWD,49,0,0,0.0,0.0,0.0,0,1,0,0,0,2026-08-18T09:50:31.046317+00:00,2026-08-18T09:51:31.100328+00:00
12,656,Kalajdžić,20,FWD,49,0,0,0.0,0.0,0.0,0,1,0,0,0,2026-08-18T09:50:31.046317+00:00,2026-08-18T09:51:31.100328+00:00
12,657,Chiwome,20,FWD,44,0.4496,0.926,0.1,0.198,0.1088,0.0004,1,0,0,0,2026-08-18T09:50:31.046317+00:00,2026-08-18T09:51:31.100328+00:00
12,658,Fraser,20,FWD,43,0.4356,0.9151,0.1,0.198,0.1088,0.0008,1,0,0,0,2026-08-18T09:50:31.046317+00:00,2026-08-18T09:51:31.100328+00:00
12,663,J.Arias,20,MID,51,0,0,0.0,0.0,0.0,0,1,1,15,0,2026-08-18T09:50:31.046317+00:00,2026-08-18T09:51:31.100328+00:00
12,682,Møller Wolfe,20,DEF,43,0.4568,1.1099,0.1,0.198,0.1088,0.0004,1,1,87,1,2026-08-18T09:50:31.046317+00:00,2026-08-18T09:51:31.100328+00:00
12,695,Tchatchoua,20,DEF,45,1.0312,1.8667,0.22,0.1716,0.2183,0.0032,1,1,90,1,2026-08-18T09:50:31.046317+00:00,2026-08-18T09:51:31.100328+00:00
12,709,Krejčí,20,DEF,45,0.9816,1.9458,0.22,0.1716,0.2183,0.0044,1,1,74,1,2026-08-18T09:50:31.046317+00:00,2026-08-18T09:51:31.100328+00:00
12,720,Tolu,20,FWD,55,1.3704,1.6407,0.45,0.154,0.4308,0.0036,1,1,65,1,2026-08-18T09:50:31.046317+00:00,2026-08-18T09:51:31.100328+00:00
12,749,Mané,20,FWD,45,0.4592,0.941,0.1,0.198,0.1088,0.0004,1,0,0,0,2026-08-18T09:50:31.046317+00:00,2026-08-18T09:51:31.100328+00:00
12,766,Olagunju,20,DEF,40,0.5436,1.2706,0.1,0.198,0.1088,0.0008,1,,,,2026-08-18T09:50:31.046317+00:00,
12,767,Rawlings,20,MID,45,0.4712,0.9687,0.1,0.198,0.1088,0.0,1,,,,2026-08-18T09:50:31.046317+00:00,
12,777,Ojinnaka,20,MID,45,0,0,0.0,0.0,0.0,0,1,,,,2026-08-18T09:50:31.046317+00:00,
12,778,Sutherland,20,MID,45,0.4736,0.9398,0.1,0.198,0.1088,0.0008,1,,,,2026-08-18T09:50:31.046317+00:00,
12,809,Abbey,20,MID,45,0.5208,1.036,0.1,0.198,0.1088,0.0,1,,,,2026-08-18T09:50:31.046317+00:00,
12,816,Angel,20,MID,46,0.77,1.2993,0.18,0.1804,0.1818,0.0,1,,,,2026-08-18T09:50:31.046317+00:00,
12,817,Armstrong,20,FWD,51,1.4356,1.8858,0.48,0.1144,0.4556,0.0064,1,,,,2026-08-18T09:50:31.046317+00:00,
12,828,Brooks,20,GKP,40,0.1776,0.7914,0.04,0.0384,0.0403,0.0,1,,,,2026-08-18T09:50:31.046317+00:00,
12,831,Gracey,20,GKP,40,0.1952,0.9099,0.04,0.0384,0.0403,0.0,1,,,,2026-08-18T09:50:31.046317+00:00,
