gw,player_id,web_name,team_id,position,now_cost,mu,sigma,p_start,p_sub,p_60,p_10_plus,n_fixtures,actual_points,actual_minutes,did_start,captured_at,scored_at
14,1,Raya,1,GKP,59,3.004,2.1498,0.9,0.008,0.8376,0.0004,1,6,90,1,2026-08-18T09:50:34.661142+00:00,2026-08-18T09:51:31.167755+00:00
14,2,Arrizabalaga,1,GKP,42,0.1996,0.9074,0.04,0.0384,0.0403,0.0,1,0,0,0,2026-08-18T09:50:34.661142+00:00,2026-08-18T09:51:31.167755+00:00
14,3,Hein,1,GKP,40,0,0,0.0,0.0,0.0,0,1,0,0,0,2026-08-18T09:50:34.661142+00:00,2026-08-18T09:51:31.167755+00:00
14,4,Setford,1,GKP,39,0.1996,0.8631,0.04,0.0384,0.0403,0.0,1,0,0,0,2026-08-18T09:50:34.661142+00:00,2026-08-18T09:51:31.167755+00:00
14,5,Gabriel,1,DEF,63,2.5352,3.0053,0.48,0.1456,0.458,0.0228,1,0,0,0,2026-08-18T09:50:34.661142+00:00,2026-08-18T09:51:31.167755+00:00
14,6,Saliba,1,DEF,60,1.91,2.4122,0.48,0.1456,0.458,0.008,1,0,0,0,2026-08-18T09:50:34.661142+00:00,2026-08-18T09:51:31.167755+00:00
14,7,Calafiori,1,DEF,58,2.0616,2.9105,0.48,0.1456,0.458,0.0264,1,7,90,1,2026-08-18T09:50:34.661142+00:00,2026-08-18T09:51:31.167755+00:00
14,8,J.Timber,1,DEF,64,1.4248,2.6298,0.24,0.2128,0.2402,0.0212,1,1,46,1,2026-08-18T09:50:34.661142+00:00,2026-08-18T09:51:31.167755+00:00
14,9,Kiwior,1,DEF,54,0,0,0.0,0.0,0.0,0,1,0,0,0,2026-08-18T09:50:34.661142+00:00,2026-08-18T09:51:31.167755+00:00
14,10,Lewis-Skelly,1,DEF,51,0.7792,1.6158,0.18,0.1804,0.1818,0.0032,1,0,0,0,2026-08-18T09:50:34.661142+00:00,2026-08-18T09:51:31.167755+00:00
14,11,White,1,DEF,53,0,0,0.0,0.0,0.0,0,1,14,90,1,2026-08-18T09:50:34.661142+00:00,2026-08-18T09:51:31.167755+00:00
14,13,Clarke,1,DEF,38,0.5468,1.3049,0.1,0.198,0.1088,0.0004,1,0,0,0,2026-08-18T09:50:34.661142+00:00,2026-08-18T09:51:31.167755+00:00
14,14,Kacurri,1,DEF,39,0,0,0.0,0.0,0.0,0,1,0,0,0,2026-08-18T09:50:34.661142+00:00,2026-08-18T09:51:31.167755+00:00
14,15,Nichols,1,DEF,38,0.5064,1.1839,0.1,0.198,0.1088,0.0004,1,0,0,0,2026-08-18T09:50:34.661142+00:00,2026-08-18T09:51:31.167755+00:00
14,16,Saka,1,MID,101,2.8064,3.4918,0.48,0.1456,0.458,0.0568,1,6,29,0,2026-08-18T09:50:34.661142+00:00,2026-08-18T09:51:31.167755+00:00
14,17,Ødegaard,1,MID,78,1.29,2.1203,0.28,0.2016,0.2765,0.0108,1,3,90,1,2026-08-18T09:50:34.661142+00:00,2026-08-18T09:51:31.167755+00:00
14,18,Madueke,1,MID,68,1.2144,1.9949,0.28,0.2016,0.2765,0.0092,1,3,60,1,2026-08-18T09:50:34.661142+00:00,2026-08-18T09:51:31.167755+00:00
14,19,Martinelli,1,MID,68,1.2808,2.0803,0.28,0.2016,0.2765,0.0092,1,3,60,1,2026-08-18T09:50:34.661142+00:00,2026-08-18T09:51:31.167755+00:00
14,20,Trossard,1,MID,69,2.36,2.8508,0.48,0.1456,0.458,0.028,1,0,0,0,2026-08-18T09:50:34.661142+00:00,2026-08-18T09:51:31.167755+00:00
14,21,Rice,1,MID,70,2.6304,3.0139,0.48,0.1456,0.458,0.03,1,3,82,1,2026-08-18T09:50:34.661142+00:00,2026-08-18T09:51:31.167755+00:00
14,22,Merino,1,MID,59,1.364,2.1357,0.28,0.2016,0.2765,0.0076,1,13,90,1,2026-08-18T09:50:34.661142+00:00,2026-08-18T09:51:31.167755+00:00
14,23,Fábio Vieira,1,MID,54,0,0,0.0,0.0,0.0,0,1,0,0,0,2026-08-18T09:50:34.661142+00:00,2026-08-18T09:51:31.167755+00:00
14,24,Nørgaard,1,MID,52,1.1552,2.0209,0.18,0.1804,0.1818,0.0048,1,0,0,0,2026-08-18T09:50:34.661142+00:00,2026-08-18T09:51:31.167755+00:00
14,25,Nwaneri,1,MID,51,0,0,0.0,0.0,0.0,0,1,0,0,0,2026-08-18T09:50:34.661142+00:00,2026-08-18T09:51:31.167755+00:00
14,26,Zubimendi,1,MID,53,1.6828,2.0113,0.48,0.1144,0.4556,0.006,1,3,90,1,2026-08-18T09:50:34.661142+00:00,2026-08-18T09:51:31.167755+00:00
14,28,Kabia,1,MID,45,0,0,0.0,0.0,0.0,0,1,0,0,0,2026-08-18T09:50:34.661142+00:00,2026-08-18T09:51:31.167755+00:00
14,29,Sambi,1,MID,45,0,0,0.0,0.0,0.0,0,1,0,0,0,2026-08-18T09:50:34.661142+00:00,2026-08-18T09:51:31.167755+00:00
14,30,Havertz,1,FWD,73,2.498,2.3509,0.72,0.0784,0.6759,0.0144,1,0,0,0,2026-08-18T09:50:34.661142+00:00,2026-08-18T09:51:31.167755+00:00
14,31,G.Jesus,1,FWD,64,1.264,2.0744,0.28,0.2016,0.2765,0.0088,1,0,0,0,2026-08-18T09:50:34.661142+00:00,2026-08-18T09:51:31.167755+00:00
14,266,Eze,1,MID,78,2.53,3.0288,0.48,0.1456,0.458,0.0328,1,1,29,0,2026-08-18T09:50:34.661142+00:00,2026-08-18T09:51:31.167755+00:00
14,662,Mosquera,1,DEF,54,1.1744,1.9952,0.28,0.1584,0.2731,0.0016,1,1,43,0,2026-08-18T09:50:34.661142+00:00,2026-08-18T09:51:31.167755+00:00
14,666,Gyökeres,1,FWD,88,2.2072,2.759,0.48,0.1456,0.458,0.0288,1,1,7,0,2026-08-18T09:50:34.661142+00:00,2026-08-18T09:51:31.167755+00:00
14,700,Dowman,1,MID,43,0.5168,1.107,0.1,0.198,0.1088,0.0004,1,0,0,0,2026-08-18T09:50:34.661142+00:00,2026-08-18T09:51:31.167755+00:00
14,711,Harriman-Annous,1,MID,45,0.4668,0.9706,0.1,0.198,0.1088,0.0004,1,0,0,0,2026-08-18T09:50:34.661142+00:00,2026-08-18T09:51:31.167755+00:00
14,725,Hincapie,1,DEF,54,0.7708,1.5753,0.18,0.1804,0.1818,0.002,1,8,90,1,2026-08-18T09:50:34.661142+00:00,2026-08-18T09:51:31.167755+00:00
14,759,Salmon,1,DEF,40,0.4888,1.1377,0.1,0.198,0.1088,0.0,1,,,,2026-08-18T09:50:34.661142+00:00,
14,32,Martinez,2,GKP,51,2.8384,2.1101,0.9,0.008,0.8376,0.0004,1,0,0,0,2026-08-18T09:50:34.661142+00:00,2026-08-18T09:51:31.167755+00:00
14,33,M.Bizot,2,GKP,43,0.1736,0.7801,0.04,0.0384,0.0403,0.0,1,1,90,1,2026-08-18T09:50:34.661142+00:00,2026-08-18T09:51:31.167755+00:00
14,34,Gauci,2,GKP,40,0,0,0.0,0.0,0.0,0,1,0,0,0,2026-08-18T09:50:34.661142+00:00,2026-08-18T09:51:31.167755+00:00
14,35,Marschall,2,GKP,40,0,0,0.0,0.0,0.0,0,1,0,0,0,2026-08-18T09:50:34.661142+00:00,2026-08-18T09:51:31.167755+00:00
14,36,Cash,2,DEF,47,1.5772,2.2133,0.48,0.1144,0.4556,0.0052,1,4,90,1,2026-08-18T09:50:34.661142+00:00,2026-08-18T09:51:31.167755+00:00
14,37,Digne,2,DEF,45,0.7872,1.5637,0.22,0.1716,0.2183,0.0008,1,1,20,0,2026-08-18T09:50:34.661142+00:00,2026-08-18T09:51:31.167755+00:00
14,38,Konsa,2,DEF,44,0.8516,1.5667,0.22,0.1716,0.2183,0.0012,1,1,90,1,2026-08-18T09:50:34.661142+00:00,2026-08-18T09:51:31.167755+00:00
14,39,Maatsen,2,DEF,42,0.4592,1.1528,0.1,0.198,0.1088,0.0008,1,1,69,1,2026-08-18T09:50:34.661142+00:00,2026-08-18T09:51:31.167755+00:00
14,40,Mings,2,DEF,43,0.9108,1.7381,0.22,0.1716,0.2183,0.0024,1,0,0,0,2026-08-18T09:50:34.661142+00:00,2026-08-18T09:51:31.167755+00:00
14,41,Pau,2,DEF,43,0.9232,1.7452,0.22,0.1716,0.2183,0.0028,1,-1,90,1,2026-08-18T09:50:34.661142+00:00,2026-08-18T09:51:31.167755+00:00
14,42,A.García,2,DEF,39,0.7576,1.4598,0.22,0.1716,0.2183,0.0016,1,0,0,0,2026-08-18T09:50:34.661142+00:00,2026-08-18T09:51:31.167755+00:00
14,43,Alex Moreno,2,DEF,40,0,0,0.0,0.0,0.0,0,1,0,0,0,2026-08-18T09:50:34.661142+00:00,2026-08-18T09:51:31.167755+00:00
14,44,Bogarde,2,DEF,40,0.706,1.3495,0.22,0.1716,0.2183,0.0,1,1,4,0,2026-08-18T09:50:34.661142+00:00,2026-08-18T09:51:31.167755+00:00
14,45,Sousa,2,DEF,39,0,0,0.0,0.0,0.0,0,1,0,0,0,2026-08-18T09:50:34.661142+00:00,2026-08-18T09:51:31.167755+00:00
14,46,Yasin,2,DEF,40,0,0,0.0,0.0,0.0,0,1,0,0,0,2026-08-18T09:50:34.661142+00:00,2026-08-18T09:51:31.167755+00:00
14,47,Rogers,2,MID,69,1.6304,1.93,0.48,0.1456,0.458,0.0048,1,6,90,1,2026-08-18T09:50:34.661142+00:00,2026-08-18T09:51:31.167755+00:00
14,48,Tielemans,2,MID,59,1.0712,1.5753,0.28,0.2016,0.2765,0.0016,1,1,20,0,2026-08-18T09:50:34.661142+00:00,2026-08-18T09:51:31.167755+00:00
14,49,Bailey,2,MID,55,1.676,2.0734,0.48,0.1456,0.458,0.0068,1,0,0,0,2026-08-18T09:50:34.661142+00:00,2026-08-18T09:51:31.167755+00:00
14,50,Buendía,2,MID,53,1.316,2.1357,0.28,0.1584,0.2731,0.0092,1,1,4,0,2026-08-18T09:50:34.661142+00:00,2026-08-18T09:51:31.167755+00:00
14,51,Iling Jr,2,MID,55,0,0,0.0,0.0,0.0,0,1,0,0,0,2026-08-18T09:50:34.661142+00:00,2026-08-18T09:51:31.167755+00:00
14,53,Malen,2,MID,51,0,0,0.0,0.0,0.0,0,1,6,13,0,2026-08-18T09:50:34.661142+00:00,2026-08-18T09:51:31.167755+00:00
14,54,McGinn,2,MID,54,1.5504,1.9254,0.48,0.1144,0.4556,0.0052,1,1,76,1,2026-08-18T09:50:34.661142+00:00,2026-08-18T09:51:31.167755+00:00
14,55,Barkley,2,MID,48,0.8288,1.5704,0.18,0.1804,0.1818,0.0016,1,0,0,0,2026-08-18T09:50:34.661142+00:00,2026-08-18T09:51:31.167755+00:00
14,56,Barrenechea,2,MID,50,0,0,0.0,0.0,0.0,0,1,0,0,0,2026-08-18T09:50:34.661142+00:00,2026-08-18T09:51:31.167755+00:00
14,57,Dobbin,2,MID,50,0,0,0.0,0.0,0.0,0,1,0,0,0,2026-08-18T09:50:34.661142+00:00,2026-08-18T09:51:31.167755+00:00
14,58,Kamara,2,MID,49,0,0,0.0,0.0,0.0,0,1,2,69,1,2026-08-18T09:50:34.661142+00:00,2026-08-18T09:51:31.167755+00:00
14,59,Onana,2,MID,48,1.1092,1.7568,0.28,0.1584,0.2731,0.0028,1,11,90,1,2026-08-18T09:50:34.661142+00:00,2026-08-18T09:51:31.167755+00:00
14,60,Broggio,2,MID,45,0,0,0.0,0.0,0.0,0,1,0,0,0,2026-08-18T09:50:34.661142+00:00,2026-08-18T09:51:31.167755+00:00
14,61,Dendoncker,2,MID,45,0,0,0.0,0.0,0.0,0,1,0,0,0,2026-08-18T09:50:34.661142+00:00,2026-08-18T09:51:31.167755+00:00
14,62,Jimoh-Aloba,2,MID,45,0,0,0.0,0.0,0.0,0,1,0,0,0,2026-08-18T09:50:34.661142+00:00,2026-08-18T09:51:31.167755+00:00
14,63,Young,2,MID,44,0,0,0.0,0.0,0.0,0,1,0,0,0,2026-08-18T09:50:34.661142+00:00,2026-08-18T09:51:31.167755+00:00
14,64,Watkins,2,FWD,85,1.8216,2.173,0.48,0.1456,0.458,0.0132,1,13,85,1,2026-08-18T09:50:34.661142+00:00,2026-08-18T09:51:31.167755+00:00
14,65,Redmond,2,FWD,45,0,0,0.0,0.0,0.0,0,1,0,0,0,2026-08-18T09:50:34.661142+00:00,2026-08-18T09:51:31.167755+00:00
14,389,Elliott,2,MID,53,0.692,1.3343,0.18,0.1804,0.1818,0.002,1,0,0,0,2026-08-18T09:50:34.661142+00:00,2026-08-18T09:51:31.167755+00:00
14,456,Sancho,2,MID,58,1.4772,1.7907,0.45,0.154,0.4308,0.0024,1,0,0,0,2026-08-18T09:50:34.661142+00:00,2026-08-18T09:51:31.167755+00:00
14,688,Wright,2,GKP,39,0.1708,0.7675,0.04,0.0384,0.0403,0.0,1,0,0,0,2026-08-18T09:50:34.661142+00:00,2026-08-18T09:51:31.167755+00:00
14,699,Douglas Luiz,2,MID,49,0.9356,1.4755,0.28,0.1584,0.2731,0.0008,1,0,0,0,2026-08-18T09:50:34.661142+00:00,2026-08-18T09:51:31.167755+00:00
14,701,Rowe,2,DEF,40,0,0,0.0,0.0,0.0,0,1,0,0,0,2026-08-18T09:50:34.661142+00:00,2026-08-18T09:51:31.167755+00:00
14,702,Burrowes,2,MID,44,0.422,0.8046,0.1,0.198,0.1088,0.0,1,0,0,0,2026-08-18T09:50:34.661142+00:00,2026-08-18T09:51:31.167755+00:00
14,703,Proctor,2,GKP,40,0.1436,0.6741,0.04,0.0384,0.0403,0.0,1,0,0,0,2026-08-18T09:50:34.661142+00:00,2026-08-18T09:51:31.167755+00:00
14,710,Patterson,2,DEF,39,0.4644,1.0494,0.1,0.198,0.1088,0.0,1,0,0,0,2026-08-18T09:50:34.661142+00:00,2026-08-18T09:51:31.167755+00:00
14,719,Lindelöf,2,DEF,45,0.4544,1.0336,0.1,0.198,0.1088,0.0,1,0,0,0,2026-08-18T09:50:34.661142+00:00,2026-08-18T09:51:31.167755+00:00
14,754,George Hemmings,2,MID,45,0.4704,0.9899,0.1,0.198,0.1088,0.0008,1,0,0,0,2026-08-18T09:50:34.661142+00:00,2026-08-18T09:51:31.167755+00:00
14,757,Hollingshead,2,GKP,40,0.1564,0.7184,0.04,0.0384,0.0403,0.0,1,0,0,0,2026-08-18T09:50:34.661142+00:00,2026-08-18T09:51:31.167755+00:00
14,768,Leon Routh,2,DEF,40,0.5164,1.1716,0.1,0.198,0.1088,0.0,1,,,,2026-08-18T09:50:34.661142+00:00,
14,781,Carroll,2,DEF,40,0.4392,1.0348,0.1,0.198,0.1088,0.0004,1,,,,2026-08-18T09:50:34.661142+00:00,
14,792,Alysson,2,MID,50,0,0,0.0,0.0,0.0,0,1,,,,2026-08-18T09:50:34.661142+00:00,
14,808,Abraham,2,FWD,57,1.3276,1.5734,0.45,0.154,0.4308,0.0016,1,,,,2026-08-18T09:50:34.661142+00:00,
14,183,Weiss,3,GKP,43,0.1816,0.8575,0.04,0.0384,0.0403,0.0,1,0,0,0,2026-08-18T09:50:34.661142+00:00,2026-08-18T09:51:31.167755+00:00
14,184,Green,3,GKP,40,0,0,0.0,0.0,0.0,0,1,0,0,0,2026-08-18T09:50:34.661142+00:00,2026-08-18T09:51:31.167755+00:00
14,185,Hladký,3,GKP,39,0.1788,0.8014,0.04,0.0384,0.0403,0.0,1,0,0,0,2026-08-18T09:50:34.661142+00:00,2026-08-18T09:51:31.167755+00:00
14,186,Roberts,3,DEF,44,0.5316,1.2528,0.1,0.198,0.1088,0.0004,1,0,0,0,2026-08-18T09:50:34.661142+00:00,2026-08-18T09:51:31.167755+00:00
14,187,Walker,3,DEF,44,0.9128,1.7922,0.22,0.1716,0.2183,0.0008,1,2,90,1,2026-08-18T09:50:34.661142+00:00,2026-08-18T09:51:31.167755+00:00
14,188,Delcroix,3,DEF,38,0,0,0.0,0.0,0.0,0,1,0,0,0,2026-08-18T09:50:34.661142+00:00,2026-08-18T09:51:31.167755+00:00
14,189,Dodgson,3,DEF,40,0,0,0.0,0.0,0.0,0,1,0,0,0,2026-08-18T09:50:34.661142+00:00,2026-08-18T09:51:31.167755+00:00
14,190,Ekdal,3,DEF,40,1.1664,2.1679,0.22,0.1716,0.2183,0.0052,1,4,90,1,2026-08-18T09:50:34.661142+00:00,2026-08-18T09:51:31.167755+00:00
14,191,Estève,3,DEF,39,1.0524,1.9553,0.22,0.1716,0.2183,0.0024,1,4,90,1,2026-08-18T09:50:34.661142+00:00,2026-08-18T09:51:31.167755+00:00
14,192,Hartman,3,DEF,40,0.9004,1.7574,0.22,0.1716,0.2183,0.0032,1,2,90,1,2026-08-18T09:50:34.661142+00:00,2026-08-18T09:51:31.167755+00:00
14,193,Humphreys,3,DEF,39,0.5444,1.2912,0.1,0.198,0.1088,0.0012,1,0,0,0,2026-08-18T09:50:34.661142+00:00,2026-08-18T09:51:31.167755+00:00
14,194,Jordan,3,DEF,40,0,0,0.0,0.0,0.0,0,1,0,0,0,2026-08-18T09:50:34.661142+00:00,2026-08-18T09:51:31.167755+00:00
14,195,Lucas Pires,3,DEF,38,0.52,1.2155,0.1,0.198,0.1088,0.0004,1,0,0,0,2026-08-18T09:50:34.661142+00:00,2026-08-18T09:51:31.167755+00:00
14,196,Sambo,3,DEF,40,0,0,0.0,0.0,0.0,0,1,0,0,0,2026-08-18T09:50:34.661142+00:00,2026-08-18T09:51:31.167755+00:00
14,197,Sonne,3,DEF,39,0,0,0.0,0.0,0.0,0,1,0,0,0,2026-08-18T09:50:34.661142+00:00,2026-08-18T09:51:31.167755+00:00
14,198,Tuanzebe,3,DEF,39,1.0024,1.9463,0.22,0.1716,0.2183,0.002,1,0,0,0,2026-08-18T09:50:34.661142+00:00,2026-08-18T09:51:31.167755+00:00
14,199,Worrall,3,DEF,39,0.7228,1.6321,0.1,0.198,0.1088,0.0028,1,0,0,0,2026-08-18T09:50:34.661142+00:00,2026-08-18T09:51:31.167755+00:00
14,200,Anthony,3,MID,55,1.9712,2.4301,0.48,0.1456,0.458,0.014,1,1,57,1,2026-08-18T09:50:34.661142+00:00,2026-08-18T09:51:31.167755+00:00
14,201,Benson,3,MID,54,0,0,0.0,0.0,0.0,0,1,0,0,0,2026-08-18T09:50:34.661142+00:00,2026-08-18T09:51:31.167755+00:00
14,202,Bruun Larsen,3,MID,53,0.9752,1.5516,0.28,0.1584,0.2731,0.0016,1,1,45,1,2026-08-18T09:50:34.661142+00:00,2026-08-18T09:51:31.167755+00:00
14,203,Boateng,3,MID,48,0.7312,1.2861,0.18,0.1804,0.1818,0.0004,1,0,0,0,2026-08-18T09:50:34.661142+00:00,2026-08-18T09:51:31.167755+00:00
14,204,Churlinov,3,MID,49,0,0,0.0,0.0,0.0,0,1,0,0,0,2026-08-18T09:50:34.661142+00:00,2026-08-18T09:51:31.167755+00:00
14,205,Cullen,3,MID,50,0,0,0.0,0.0,0.0,0,1,4,80,1,2026-08-18T09:50:34.661142+00:00,2026-08-18T09:51:31.167755+00:00
14,206,Edwards,3,MID,47,0.668,1.2043,0.18,0.1804,0.1818,0.0016,1,1,32,0,2026-08-18T09:50:34.661142+00:00,2026-08-18T09:51:31.167755+00:00
14,207,Hannibal,3,MID,48,1.0368,1.5594,0.28,0.1584,0.2731,0.0024,1,1,31,0,2026-08-18T09:50:34.661142+00:00,2026-08-18T09:51:31.167755+00:00
14,208,Koleosho,3,MID,50,0,0,0.0,0.0,0.0,0,1,0,0,0,2026-08-18T09:50:34.661142+00:00,2026-08-18T09:51:31.167755+00:00
14,209,Laurent,3,MID,49,0.9252,1.4223,0.28,0.1584,0.2731,0.0016,1,0,0,0,2026-08-18T09:50:34.661142+00:00,2026-08-18T09:51:31.167755+00:00
14,210,Tchaouna,3,MID,49,0.9256,1.4943,0.28,0.1584,0.2731,0.0028,1,1,45,1,2026-08-18T09:50:34.661142+00:00,2026-08-18T09:51:31.167755+00:00
14,211,A.Ramsey,3,MID,44,0,0,0.0,0.0,0.0,0,1,0,0,0,2026-08-18T09:50:34.661142+00:00,2026-08-18T09:51:31.167755+00:00
14,212,Adewumi,3,MID,45,0,0,0.0,0.0,0.0,0,1,0,0,0,2026-08-18T09:50:34.661142+00:00,2026-08-18T09:51:31.167755+00:00
14,213,Banel,3,MID,45,0,0,0.0,0.0,0.0,0,1,0,0,0,2026-08-18T09:50:34.661142+00:00,2026-08-18T09:51:31.167755+00:00
14,214,Trésor,3,MID,44,0.4824,1.0441,0.1,0.198,0.1088,0.0008,1,0,0,0,2026-08-18T09:50:34.661142+00:00,2026-08-18T09:51:31.167755+00:00
14,215,Flemming,3,FWD,53,1.0668,1.7692,0.28,0.1584,0.2731,0.0044,1,1,58,1,2026-08-18T09:50:34.661142+00:00,2026-08-18T09:51:31.167755+00:00
14,216,Amdouni,3,FWD,48,0.6524,1.192,0.18,0.1804,0.1818,0.0004,1,0,0,0,2026-08-18T09:50:34.661142+00:00,2026-08-18T09:51:31.167755+00:00
14,217,Foster,3,FWD,50,1.5768,1.8834,0.48,0.1144,0.4556,0.0028,1,2,90,1,2026-08-18T09:50:34.661142+00:00,2026-08-18T09:51:31.167755+00:00
14,218,Barnes,3,FWD,43,0.5836,1.2138,0.1,0.198,0.1088,0.0,1,0,0,0,2026-08-18T09:50:34.661142+00:00,2026-08-18T09:51:31.167755+00:00
14,219,Obafemi,3,FWD,44,0,0,0.0,0.0,0.0,0,1,0,0,0,2026-08-18T09:50:34.661142+00:00,2026-08-18T09:51:31.167755+00:00
14,470,Dúbravka,3,GKP,40,3.5348,2.2943,0.9,0.004,0.8373,0.002,1,2,90,1,2026-08-18T09:50:34.661142+00:00,2026-08-18T09:51:31.167755+00:00
14,614,Ward-Prowse,3,MID,56,1.1364,1.704,0.28,0.2016,0.2765,0.002,1,0,0,0,2026-08-18T09:50:34.661142+00:00,2026-08-18T09:51:31.167755+00:00
14,676,Ugochukwu,3,MID,50,1.7652,2.0264,0.48,0.1144,0.4556,0.0064,1,1,19,0,2026-08-18T09:50:34.661142+00:00,2026-08-18T09:51:31.167755+00:00
14,680,Broja,3,FWD,52,0.6756,1.293,0.18,0.1804,0.1818,0.0016,1,1,9,0,2026-08-18T09:50:34.661142+00:00,2026-08-18T09:51:31.167755+00:00
14,722,Florentino,3,MID,50,1.968,2.1966,0.48,0.1144,0.4556,0.006,1,2,70,1,2026-08-18T09:50:34.661142+00:00,2026-08-18T09:51:31.167755+00:00
14,776,Pimlott,3,MID,45,0.5372,1.0916,0.1,0.198,0.1088,0.0,1,,,,2026-08-18T09:50:34.661142+00:00,
14,784,Brierley,3,MID,45,0.4644,1.0113,0.1,0.198,0.1088,0.0004,1,,,,2026-08-18T09:50:34.661142+00:00,
14,820,McMahon-Brown,3,MID,45,0.4848,1.0232,0.1,0.198,0.1088,0.0004,1,,,,2026-08-18T09:50:34.661142+00:00,
14,66,Neto,4,GKP,45,0,0,0.0,0.0,0.0,0,1,0,0,0,2026-08-18T09:50:34.661142+00:00,2026-08-18T09:51:31.167755+00:00
14,67,Petrović,4,GKP,45,3.2176,2.2324,0.9,0.004,0.8373,0.0004,1,2,90,1,2026-08-18T09:50:34.661142+00:00,2026-08-18T09:51:31.167755+00:00
14,68,Dennis,4,GKP,40,0,0,0.0,0.0,0.0,0,1,0,0,0,2026-08-18T09:50:34.661142+00:00,2026-08-18T09:51:31.167755+00:00
14,69,McKenna,4,GKP,40,0.1544,0.7502,0.04,0.0384,0.0403,0.0004,1,0,0,0,2026-08-18T09:50:34.661142+00:00,2026-08-18T09:51:31.167755+00:00
14,70,Paulsen,4,GKP,40,0,0,0.0,0.0,0.0,0,1,0,0,0,2026-08-18T09:50:34.661142+00:00,2026-08-18T09:51:31.167755+00:00
14,71,Zabarnyi,4,DEF,50,0,0,0.0,0.0,0.0,0,1,0,0,0,2026-08-18T09:50:34.661142+00:00,2026-08-18T09:51:31.167755+00:00
14,72,Senesi,4,DEF,50,2.5652,3.1194,0.48,0.1144,0.4556,0.0304,1,0,0,0,2026-08-18T09:50:34.661142+00:00,2026-08-18T09:51:31.167755+00:00
14,73,Smith,4,DEF,44,0.8668,1.6692,0.22,0.1716,0.2183,0.0024,1,0,0,0,2026-08-18T09:50:34.661142+00:00,2026-08-18T09:51:31.167755+00:00
14,74,Truffert,4,DEF,45,0.964,1.8989,0.22,0.1716,0.2183,0.0032,1,4,90,1,2026-08-18T09:50:34.661142+00:00,2026-08-18T09:51:31.167755+00:00
14,75,Akinmboni,4,DEF,39,0.5132,1.275,0.1,0.198,0.1088,0.0008,1,0,0,0,2026-08-18T09:50:34.661142+00:00,2026-08-18T09:51:31.167755+00:00
14,76,Bevan,4,DEF,39,0.49,1.1748,0.1,0.198,0.1088,0.0008,1,0,0,0,2026-08-18T09:50:34.661142+00:00,2026-08-18T09:51:31.167755+00:00
14,77,Hill,4,DEF,40,0.5424,1.3203,0.1,0.198,0.1088,0.0008,1,0,0,0,2026-08-18T09:50:34.661142+00:00,2026-08-18T09:51:31.167755+00:00
14,78,J.Araujo,4,DEF,39,0,0,0.0,0.0,0.0,0,1,0,0,0,2026-08-18T09:50:34.661142+00:00,2026-08-18T09:51:31.167755+00:00
14,79,Mepham,4,DEF,40,0,0,0.0,0.0,0.0,0,1,0,0,0,2026-08-18T09:50:34.661142+00:00,2026-08-18T09:51:31.167755+00:00
14,80,Soler,4,DEF,40,0.5348,1.3425,0.1,0.198,0.1088,0.0012,1,1,20,0,2026-08-18T09:50:34.661142+00:00,2026-08-18T09:51:31.167755+00:00
14,81,Kluivert,4,MID,70,1.4132,2.4282,0.28,0.2016,0.2765,0.018,1,2,69,1,2026-08-18T09:50:34.661142+00:00,2026-08-18T09:51:31.167755+00:00
14,84,Tavernier,4,MID,55,2.2892,2.7646,0.48,0.1456,0.458,0.0284,1,1,30,0,2026-08-18T09:50:34.661142+00:00,2026-08-18T09:51:31.167755+00:00
14,85,Adams,4,MID,50,1.726,2.0968,0.48,0.1144,0.4556,0.0048,1,1,90,1,2026-08-18T09:50:34.661142+00:00,2026-08-18T09:51:31.167755+00:00
14,86,Brooks,4,MID,50,1.6676,2.2003,0.48,0.1144,0.4556,0.0096,1,0,0,0,2026-08-18T09:50:34.661142+00:00,2026-08-18T09:51:31.167755+00:00
14,87,Christie,4,MID,50,0,0,0.0,0.0,0.0,0,1,0,0,0,2026-08-18T09:50:34.661142+00:00,2026-08-18T09:51:31.167755+00:00
14,88,Cook,4,MID,49,0.9876,1.7729,0.18,0.1804,0.1818,0.002,1,0,0,0,2026-08-18T09:50:34.661142+00:00,2026-08-18T09:51:31.167755+00:00
14,89,Philip,4,MID,49,0,0,0.0,0.0,0.0,0,1,0,0,0,2026-08-18T09:50:34.661142+00:00,2026-08-18T09:51:31.167755+00:00
14,90,Scott,4,MID,50,1.686,2.0652,0.48,0.1144,0.4556,0.0048,1,4,79,1,2026-08-18T09:50:34.661142+00:00,2026-08-18T09:51:31.167755+00:00
14,91,Sinisterra,4,MID,50,0,0,0.0,0.0,0.0,0,1,0,0,0,2026-08-18T09:50:34.661142+00:00,2026-08-18T09:51:31.167755+00:00
14,92,Faivre,4,MID,45,0,0,0.0,0.0,0.0,0,1,0,0,0,2026-08-18T09:50:34.661142+00:00,2026-08-18T09:51:31.167755+00:00
14,93,H.Traorè,4,MID,45,0,0,0.0,0.0,0.0,0,1,0,0,0,2026-08-18T09:50:34.661142+00:00,2026-08-18T09:51:31.167755+00:00
14,94,Sadi,4,MID,45,0,0,0.0,0.0,0.0,0,1,0,0,0,2026-08-18T09:50:34.661142+00:00,2026-08-18T09:51:31.167755+00:00
14,95,Silcott-Duberry,4,MID,44,0,0,0.0,0.0,0.0,0,1,0,0,0,2026-08-18T09:50:34.661142+00:00,2026-08-18T09:51:31.167755+00:00
14,96,Winterburn,4,MID,45,0,0,0.0,0.0,0.0,0,1,0,0,0,2026-08-18T09:50:34.661142+00:00,2026-08-18T09:51:31.167755+00:00
14,97,Evanilson,4,FWD,70,1.8256,2.328,0.48,0.1456,0.458,0.0196,1,1,29,0,2026-08-18T09:50:34.661142+00:00,2026-08-18T09:51:31.167755+00:00
14,98,Enes Ünal,4,FWD,54,0.6852,1.2991,0.18,0.1804,0.1818,0.0008,1,0,10,0,2026-08-18T09:50:34.661142+00:00,2026-08-18T09:51:31.167755+00:00
14,99,Adu-Adjei,4,FWD,44,0,0,0.0,0.0,0.0,0,1,0,0,0,2026-08-18T09:50:34.661142+00:00,2026-08-18T09:51:31.167755+00:00
14,100,Kroupi.Jr,4,FWD,46,1.2852,2.1011,0.28,0.1584,0.2731,0.0076,1,2,60,1,2026-08-18T09:50:34.661142+00:00,2026-08-18T09:51:31.167755+00:00
14,391,Gannon-Doak,4,MID,49,0.708,1.3228,0.18,0.1804,0.1818,0.0004,1,0,0,0,2026-08-18T09:50:34.661142+00:00,2026-08-18T09:51:31.167755+00:00
14,685,Diakité,4,DEF,44,0.9572,1.8648,0.22,0.1716,0.2183,0.0028,1,4,90,1,2026-08-18T09:50:34.661142+00:00,2026-08-18T09:51:31.167755+00:00
14,687,Rees-Dottin,4,MID,44,0.4576,0.959,0.1,0.198,0.1088,0.0,1,0,0,0,2026-08-18T09:50:34.661142+00:00,2026-08-18T09:51:31.167755+00:00
14,697,Adli,4,MID,54,1.3532,2.2277,0.28,0.1584,0.2731,0.0108,1,1,59,1,2026-08-18T09:50:34.661142+00:00,2026-08-18T09:51:31.167755+00:00
14,713,A.Jimenez,4,DEF,45,0.7932,1.5746,0.22,0.1716,0.2183,0.0004,1,4,90,1,2026-08-18T09:50:34.661142+00:00,2026-08-18T09:51:31.167755+00:00
14,721,Milosavljević,4,DEF,45,1.0068,1.9121,0.22,0.1716,0.2183,0.0012,1,4,90,1,2026-08-18T09:50:34.661142+00:00,2026-08-18T09:51:31.167755+00:00
14,756,DaCosta,4,MID,45,0.4724,0.9733,0.1,0.198,0.1088,0.0,1,0,0,0,2026-08-18T09:50:34.661142+00:00,2026-08-18T09:51:31.167755+00:00
14,782,Forster,4,GKP,40,0.1864,0.8832,0.04,0.0384,0.0403,0.0,1,,,,2026-08-18T09:50:34.661142+00:00,
14,799,Stevens,4,MID,45,0.4736,0.9737,0.1,0.198,0.1088,0.0,1,,,,2026-08-18T09:50:34.661142+00:00,
14,801,Tóth.A,4,MID,49,0.676,1.2698,0.18,0.1804,0.1818,0.0008,1,,,,2026-08-18T09:50:34.661142+00:00,
14,806,Mandas,4,GKP,40,0.1792,0.8006,0.04,0.0384,0.0403,0.0,1,,,,2026-08-18T09:50:34.661142+00:00,
14,807,Rayan,4,MID,54,0.7056,1.3307,0.18,0.1804,0.1818,0.0012,1,,,,2026-08-18T09:50:34.661142+00:00,
14,27,Nelson,5,MID,48,1.0068,1.8199,0.18,0.1804,0.1818,0.0024,1,0,0,0,2026-08-18T09:50:34.661142+00:00,2026-08-18T09:51:31.167755+00:00
14,83,O.Dango,5,MID,60,2.1072,2.6844,0.48,0.1456,0.458,0.022,1,2,90,1,2026-08-18T09:50:34.661142+00:00,2026-08-18T09:51:31.167755+00:00
14,101,Kelleher,5,GKP,45,2.5468,2.0091,0.9,0.004,0.8373,0.0008,1,2,90,1,2026-08-18T09:50:34.661142+00:00,2026-08-18T09:51:31.167755+00:00
14,102,Balcombe,5,GKP,40,0.1612,0.7463,0.04,0.0384,0.0403,0.0,1,0,0,0,2026-08-18T09:50:34.661142+00:00,2026-08-18T09:51:31.167755+00:00
14,103,Cox,5,GKP,40,0,0,0.0,0.0,0.0,0,1,0,0,0,2026-08-18T09:50:34.661142+00:00,2026-08-18T09:51:31.167755+00:00
14,104,Eyestone,5,GKP,39,0.176,0.7973,0.04,0.0384,0.0403,0.0,1,0,0,0,2026-08-18T09:50:34.661142+00:00,2026-08-18T09:51:31.167755+00:00
14,105,Valdimarsson,5,GKP,39,0.168,0.7563,0.04,0.0384,0.0403,0.0,1,0,0,0,2026-08-18T09:50:34.661142+00:00,2026-08-18T09:51:31.167755+00:00
14,106,Collins,5,DEF,49,2.0464,2.6391,0.48,0.1144,0.4556,0.0164,1,1,16,0,2026-08-18T09:50:34.661142+00:00,2026-08-18T09:51:31.167755+00:00
14,107,Lewis-Potter,5,DEF,48,0.8496,1.5409,0.28,0.1584,0.2731,0.0012,1,1,16,0,2026-08-18T09:50:34.661142+00:00,2026-08-18T09:51:31.167755+00:00
14,108,Ajer,5,DEF,44,0.9244,1.7369,0.22,0.1716,0.2183,0.0036,1,1,90,1,2026-08-18T09:50:34.661142+00:00,2026-08-18T09:51:31.167755+00:00
14,109,Henry,5,DEF,43,0,0,0.0,0.0,0.0,0,1,2,73,1,2026-08-18T09:50:34.661142+00:00,2026-08-18T09:51:31.167755+00:00
14,110,Kayode,5,DEF,45,0.8268,1.6286,0.22,0.1716,0.2183,0.0004,1,1,90,1,2026-08-18T09:50:34.661142+00:00,2026-08-18T09:51:31.167755+00:00
14,111,Pinnock,5,DEF,43,0.476,1.1396,0.1,0.198,0.1088,0.0,1,4,73,1,2026-08-18T09:50:34.661142+00:00,2026-08-18T09:51:31.167755+00:00
14,112,Roerslev,5,DEF,45,0,0,0.0,0.0,0.0,0,1,0,0,0,2026-08-18T09:50:34.661142+00:00,2026-08-18T09:51:31.167755+00:00
14,113,Van den Berg,5,DEF,45,1.0456,1.9715,0.22,0.1716,0.2183,0.0068,1,1,90,1,2026-08-18T09:50:34.661142+00:00,2026-08-18T09:51:31.167755+00:00
14,114,Arthur,5,DEF,39,0,0,0.0,0.0,0.0,0,1,0,0,0,2026-08-18T09:50:34.661142+00:00,2026-08-18T09:51:31.167755+00:00
14,115,Fredrick,5,DEF,40,0,0,0.0,0.0,0.0,0,1,0,0,0,2026-08-18T09:50:34.661142+00:00,2026-08-18T09:51:31.167755+00:00
14,116,Hickey,5,DEF,40,0.7812,1.478,0.22,0.1716,0.2183,0.0,1,0,0,0,2026-08-18T09:50:34.661142+00:00,2026-08-18T09:51:31.167755+00:00
14,117,Ji-soo,5,DEF,39,0,0,0.0,0.0,0.0,0,1,0,0,0,2026-08-18T09:50:34.661142+00:00,2026-08-18T09:51:31.167755+00:00
14,118,Meghoma,5,DEF,40,0,0,0.0,0.0,0.0,0,1,0,0,0,2026-08-18T09:50:34.661142+00:00,2026-08-18T09:51:31.167755+00:00
14,120,Schade,5,MID,70,1.8256,2.3411,0.48,0.1456,0.458,0.0144,1,1,59,1,2026-08-18T09:50:34.661142+00:00,2026-08-18T09:51:31.167755+00:00
14,121,Damsgaard,5,MID,58,1.8364,2.1443,0.48,0.1456,0.458,0.0068,1,1,29,0,2026-08-18T09:50:34.661142+00:00,2026-08-18T09:51:31.167755+00:00
14,122,Milambo,5,MID,52,0,0,0.0,0.0,0.0,0,1,0,0,0,2026-08-18T09:50:34.661142+00:00,2026-08-18T09:51:31.167755+00:00
14,123,Carvalho,5,MID,48,0,0,0.0,0.0,0.0,0,1,0,0,0,2026-08-18T09:50:34.661142+00:00,2026-08-18T09:51:31.167755+00:00
14,124,Henderson,5,MID,50,1.4932,1.7193,0.48,0.1144,0.4556,0.0012,1,1,29,0,2026-08-18T09:50:34.661142+00:00,2026-08-18T09:51:31.167755+00:00
14,125,Janelt,5,MID,49,0.9496,1.7342,0.18,0.1804,0.1818,0.002,1,2,60,1,2026-08-18T09:50:34.661142+00:00,2026-08-18T09:51:31.167755+00:00
14,126,Jensen,5,MID,49,1.0388,1.6635,0.28,0.1584,0.2731,0.002,1,2,60,1,2026-08-18T09:50:34.661142+00:00,2026-08-18T09:51:31.167755+00:00
14,127,Nunes,5,MID,49,0,0,0.0,0.0,0.0,0,1,0,0,0,2026-08-18T09:50:34.661142+00:00,2026-08-18T09:51:31.167755+00:00
14,128,Onyeka,5,MID,48,0,0,0.0,0.0,0.0,0,1,0,0,0,2026-08-18T09:50:34.661142+00:00,2026-08-18T09:51:31.167755+00:00
14,129,Yarmoliuk,5,MID,50,1.6316,1.8345,0.48,0.1144,0.4556,0.0016,1,1,90,1,2026-08-18T09:50:34.661142+00:00,2026-08-18T09:51:31.167755+00:00
14,130,Donovan,5,MID,45,0.4568,0.9194,0.1,0.198,0.1088,0.0,1,0,0,0,2026-08-18T09:50:34.661142+00:00,2026-08-18T09:51:31.167755+00:00
14,131,Konak,5,MID,43,0,0,0.0,0.0,0.0,0,1,0,0,0,2026-08-18T09:50:34.661142+00:00,2026-08-18T09:51:31.167755+00:00
14,132,Maghoma,5,MID,45,0,0,0.0,0.0,0.0,0,1,0,0,0,2026-08-18T09:50:34.661142+00:00,2026-08-18T09:51:31.167755+00:00
14,133,Peart-Harris,5,MID,44,0,0,0.0,0.0,0.0,0,1,0,0,0,2026-08-18T09:50:34.661142+00:00,2026-08-18T09:51:31.167755+00:00
14,134,Trevitt,5,MID,45,0,0,0.0,0.0,0.0,0,1,0,0,0,2026-08-18T09:50:34.661142+00:00,2026-08-18T09:51:31.167755+00:00
14,136,Thiago,5,FWD,67,2.286,2.8171,0.48,0.1456,0.458,0.0256,1,1,30,0,2026-08-18T09:50:34.661142+00:00,2026-08-18T09:51:31.167755+00:00
14,137,Morgan,5,FWD,44,0,0,0.0,0.0,0.0,0,1,0,0,0,2026-08-18T09:50:34.661142+00:00,2026-08-18T09:51:31.167755+00:00
14,748,Dasilva,5,MID,50,0.6336,1.1692,0.18,0.1804,0.1818,0.0,1,0,0,0,2026-08-18T09:50:34.661142+00:00,2026-08-18T09:51:31.167755+00:00
14,797,Furo,5,FWD,45,0.4524,0.9274,0.1,0.198,0.1088,0.0,1,,,,2026-08-18T09:50:34.661142+00:00,
14,810,Bentt,5,MID,45,0.4716,0.9508,0.1,0.198,0.1088,0.0,1,,,,2026-08-18T09:50:34.661142+00:00,
14,819,Shield,5,DEF,40,0.5076,1.1782,0.1,0.198,0.1088,0.0,1,,,,2026-08-18T09:50:34.661142+00:00,
14,823,Stephenson,5,DEF,40,0.4656,1.1033,0.1,0.198,0.1088,0.0004,1,,,,2026-08-18T09:50:34.661142+00:00,
14,824,McManus,5,DEF,40,0.4692,1.0929,0.1,0.198,0.1088,0.0004,1,,,,2026-08-18T09:50:34.661142+00:00,
14,826,Owen,5,MID,45,0.4784,1.0042,0.1,0.198,0.1088,0.0004,1,,,,2026-08-18T09:50:34.661142+00:00,
14,138,Steele,6,GKP,43,0.1536,0.7154,0.04,0.0384,0.0403,0.0,1,0,0,0,2026-08-18T09:50:34.661142+00:00,2026-08-18T09:51:31.167755+00:00
14,139,Verbruggen,6,GKP,44,3.0496,2.2257,0.9,0.004,0.8373,0.0,1,1,90,1,2026-08-18T09:50:34.661142+00:00,2026-08-18T09:51:31.167755+00:00
14,140,McGill,6,GKP,40,0.1624,0.7799,0.04,0.0384,0.0403,0.0,1,0,0,0,2026-08-18T09:50:34.661142+00:00,2026-08-18T09:51:31.167755+00:00
14,141,Rushworth,6,GKP,40,0,0,0.0,0.0,0.0,0,1,0,0,0,2026-08-18T09:50:34.661142+00:00,2026-08-18T09:51:31.167755+00:00
14,142,Scherpen,6,GKP,40,0,0,0.0,0.0,0.0,0,1,0,0,0,2026-08-18T09:50:34.661142+00:00,2026-08-18T09:51:31.167755+00:00
14,143,Boscagli,6,DEF,42,0.692,1.6373,0.1,0.198,0.1088,0.0024,1,0,0,0,2026-08-18T09:50:34.661142+00:00,2026-08-18T09:51:31.167755+00:00
14,144,Coppola,6,DEF,43,0,0,0.0,0.0,0.0,0,1,0,0,0,2026-08-18T09:50:34.661142+00:00,2026-08-18T09:51:31.167755+00:00
14,145,De Cuyper,6,DEF,43,1.1796,2.2576,0.22,0.1716,0.2183,0.0092,1,0,90,1,2026-08-18T09:50:34.661142+00:00,2026-08-18T09:51:31.167755+00:00
14,146,Dunk,6,DEF,45,0.8968,1.7358,0.22,0.1716,0.2183,0.0016,1,0,90,1,2026-08-18T09:50:34.661142+00:00,2026-08-18T09:51:31.167755+00:00
14,147,Estupiñan,6,DEF,45,0,0,0.0,0.0,0.0,0,1,0,0,0,2026-08-18T09:50:34.661142+00:00,2026-08-18T09:51:31.167755+00:00
14,148,F.Kadıoğlu,6,DEF,44,0.8988,1.7775,0.22,0.1716,0.2183,0.0048,1,1,66,1,2026-08-18T09:50:34.661142+00:00,2026-08-18T09:51:31.167755+00:00
14,149,Igor,6,DEF,45,0.67,1.6274,0.1,0.198,0.1088,0.0036,1,0,0,0,2026-08-18T09:50:34.661142+00:00,2026-08-18T09:51:31.167755+00:00
14,150,Lamptey,6,DEF,44,0,0,0.0,0.0,0.0,0,1,0,0,0,2026-08-18T09:50:34.661142+00:00,2026-08-18T09:51:31.167755+00:00
14,151,Van Hecke,6,DEF,44,0.9184,1.8835,0.22,0.1716,0.2183,0.0036,1,12,90,1,2026-08-18T09:50:34.661142+00:00,2026-08-18T09:51:31.167755+00:00
14,152,Veltman,6,DEF,43,1.0504,1.9567,0.22,0.1716,0.2183,0.0024,1,1,12,0,2026-08-18T09:50:34.661142+00:00,2026-08-18T09:51:31.167755+00:00
14,153,Webster,6,DEF,44,0,0,0.0,0.0,0.0,0,1,0,0,0,2026-08-18T09:50:34.661142+00:00,2026-08-18T09:51:31.167755+00:00
14,154,Cashin,6,DEF,40,0,0,0.0,0.0,0.0,0,1,0,0,0,2026-08-18T09:50:34.661142+00:00,2026-08-18T09:51:31.167755+00:00
14,155,Slater,6,DEF,40,0,0,0.0,0.0,0.0,0,1,0,0,0,2026-08-18T09:50:34.661142+00:00,2026-08-18T09:51:31.167755+00:00
14,156,Tasker,6,DEF,39,0.538,1.2619,0.1,0.198,0.1088,0.0004,1,0,0,0,2026-08-18T09:50:34.661142+00:00,2026-08-18T09:51:31.167755+00:00
14,157,Mitoma,6,MID,61,0,0,0.0,0.0,0.0,0,1,0,0,0,2026-08-18T09:50:34.661142+00:00,2026-08-18T09:51:31.167755+00:00
14,158,Georginio,6,MID,57,1.69,2.051,0.48,0.1456,0.458,0.0076,1,0,0,0,2026-08-18T09:50:34.661142+00:00,2026-08-18T09:51:31.167755+00:00
14,159,March,6,MID,58,1.5488,1.9023,0.45,0.154,0.4308,0.004,1,0,0,0,2026-08-18T09:50:34.661142+00:00,2026-08-18T09:51:31.167755+00:00
14,160,Minteh,6,MID,62,2.2964,2.746,0.48,0.1456,0.458,0.022,1,2,90,1,2026-08-18T09:50:34.661142+00:00,2026-08-18T09:51:31.167755+00:00
14,161,Enciso,6,MID,54,0,0,0.0,0.0,0.0,0,1,0,0,0,2026-08-18T09:50:34.661142+00:00,2026-08-18T09:51:31.167755+00:00
14,162,Gruda,6,MID,54,0,0,0.0,0.0,0.0,0,1,2,76,1,2026-08-18T09:50:34.661142+00:00,2026-08-18T09:51:31.167755+00:00
14,163,Hinshelwood,6,MID,51,0.7712,1.4655,0.18,0.1804,0.1818,0.0012,1,8,66,1,2026-08-18T09:50:34.661142+00:00,2026-08-18T09:51:31.167755+00:00
14,164,O'Riley,6,MID,55,1.638,2.0875,0.45,0.154,0.4308,0.0068,1,0,0,0,2026-08-18T09:50:34.661142+00:00,2026-08-18T09:51:31.167755+00:00
14,165,Sima,6,MID,54,0,0,0.0,0.0,0.0,0,1,0,0,0,2026-08-18T09:50:34.661142+00:00,2026-08-18T09:51:31.167755+00:00
14,166,Ayari,6,MID,49,1.806,2.1548,0.48,0.1144,0.4556,0.0076,1,0,0,0,2026-08-18T09:50:34.661142+00:00,2026-08-18T09:51:31.167755+00:00
14,167,Baleba,6,MID,47,1.4704,1.7371,0.48,0.1144,0.4556,0.0012,1,4,77,1,2026-08-18T09:50:34.661142+00:00,2026-08-18T09:51:31.167755+00:00
14,169,Gomez,6,MID,49,1.9744,2.5137,0.48,0.1144,0.4556,0.0152,1,1,90,1,2026-08-18T09:50:34.661142+00:00,2026-08-18T09:51:31.167755+00:00
14,170,Milner,6,MID,49,0.9444,1.9501,0.18,0.1804,0.1818,0.01,1,0,0,0,2026-08-18T09:50:34.661142+00:00,2026-08-18T09:51:31.167755+00:00
14,171,Sarmiento,6,MID,49,0,0,0.0,0.0,0.0,0,1,0,0,0,2026-08-18T09:50:34.661142+00:00,2026-08-18T09:51:31.167755+00:00
14,172,Watson,6,MID,48,0,0,0.0,0.0,0.0,0,1,0,0,0,2026-08-18T09:50:34.661142+00:00,2026-08-18T09:51:31.167755+00:00
14,173,Wieffer,6,MID,49,2.1092,2.4312,0.48,0.1144,0.4556,0.0084,1,8,90,1,2026-08-18T09:50:34.661142+00:00,2026-08-18T09:51:31.167755+00:00
14,174,Yalcouye,6,MID,50,0,0,0.0,0.0,0.0,0,1,0,0,0,2026-08-18T09:50:34.661142+00:00,2026-08-18T09:51:31.167755+00:00
14,175,Knight,6,MID,45,0,0,0.0,0.0,0.0,0,1,0,0,0,2026-08-18T09:50:34.661142+00:00,2026-08-18T09:51:31.167755+00:00
14,176,Mazilu,6,MID,45,0,0,0.0,0.0,0.0,0,1,0,0,0,2026-08-18T09:50:34.661142+00:00,2026-08-18T09:51:31.167755+00:00
14,177,Moran,6,MID,45,0,0,0.0,0.0,0.0,0,1,0,0,0,2026-08-18T09:50:34.661142+00:00,2026-08-18T09:51:31.167755+00:00
14,178,Welbeck,6,FWD,66,2.2672,2.7896,0.48,0.1456,0.458,0.028,1,1,23,0,2026-08-18T09:50:34.661142+00:00,2026-08-18T09:51:31.167755+00:00
14,179,Ferguson,6,FWD,55,0,0,0.0,0.0,0.0,0,1,0,0,0,2026-08-18T09:50:34.661142+00:00,2026-08-18T09:51:31.167755+00:00
14,180,Tzimas,6,FWD,53,0,0,0.0,0.0,0.0,0,1,1,23,0,2026-08-18T09:50:34.661142+00:00,2026-08-18T09:51:31.167755+00:00
14,181,Kostoulas,6,FWD,48,1.0664,1.8849,0.18,0.1804,0.1818,0.004,1,1,13,0,2026-08-18T09:50:34.661142+00:00,2026-08-18T09:51:31.167755+00:00
14,744,Oriola,6,MID,45,0.5004,0.9903,0.1,0.198,0.1088,0.0004,1,0,0,0,2026-08-18T09:50:34.661142+00:00,2026-08-18T09:51:31.167755+00:00
14,761,Simmonds,6,DEF,40,0.522,1.2052,0.1,0.198,0.1088,0.0004,1,,,,2026-08-18T09:50:34.661142+00:00,
14,783,Groß,6,MID,56,1.6592,2.0183,0.45,0.154,0.4308,0.0076,1,,,,2026-08-18T09:50:34.661142+00:00,
14,795,Howell,6,MID,45,0.4732,0.9815,0.1,0.198,0.1088,0.0,1,,,,2026-08-18T09:50:34.661142+00:00,
14,220,Sánchez,7,GKP,48,2.4928,1.9763,0.9,0.008,0.8376,0.0004,1,1,90,1,2026-08-18T09:50:34.661142+00:00,2026-08-18T09:51:31.167755+00:00
14,221,Jörgensen,7,GKP,43,0.1392,0.6511,0.04,0.0384,0.0403,0.0,1,0,0,0,2026-08-18T09:50:34.661142+00:00,2026-08-18T09:51:31.167755+00:00
14,222,Penders,7,GKP,40,0,0,0.0,0.0,0.0,0,1,0,0,0,2026-08-18T09:50:34.661142+00:00,2026-08-18T09:51:31.167755+00:00
14,223,Slonina,7,GKP,39,0.1396,0.625,0.04,0.0384,0.0403,0.0,1,0,0,0,2026-08-18T09:50:34.661142+00:00,2026-08-18T09:51:31.167755+00:00
14,224,Cucurella,7,DEF,62,1.7804,2.394,0.48,0.1456,0.458,0.0128,1,1,90,1,2026-08-18T09:50:34.661142+00:00,2026-08-18T09:51:31.167755+00:00
14,225,James,7,DEF,56,1.9404,2.4607,0.48,0.1456,0.458,0.01,1,0,0,0,2026-08-18T09:50:34.661142+00:00,2026-08-18T09:51:31.167755+00:00
14,226,Chalobah,7,DEF,52,1.7948,2.4472,0.48,0.1144,0.4556,0.01,1,1,90,1,2026-08-18T09:50:34.661142+00:00,2026-08-18T09:51:31.167755+00:00
14,227,Colwill,7,DEF,48,2.5092,2.3705,0.9,0.018,0.8384,0.0132,1,0,0,0,2026-08-18T09:50:34.661142+00:00,2026-08-18T09:51:31.167755+00:00
14,228,Gusto,7,DEF,49,1.1416,2.004,0.28,0.1584,0.2731,0.0056,1,1,45,1,2026-08-18T09:50:34.661142+00:00,2026-08-18T09:51:31.167755+00:00
14,229,B.Badiashile,7,DEF,44,0.45,1.1016,0.1,0.198,0.1088,0.0,1,0,45,1,2026-08-18T09:50:34.661142+00:00,2026-08-18T09:51:31.167755+00:00
14,230,Fofana,7,DEF,44,0,0,0.0,0.0,0.0,0,1,0,0,0,2026-08-18T09:50:34.661142+00:00,2026-08-18T09:51:31.167755+00:00
14,231,M.Sarr,7,DEF,45,0.4908,1.1873,0.1,0.198,0.1088,0.002,1,0,0,0,2026-08-18T09:50:34.661142+00:00,2026-08-18T09:51:31.167755+00:00
14,232,Tosin,7,DEF,42,1.0464,1.9387,0.22,0.1716,0.2183,0.004,1,3,90,1,2026-08-18T09:50:34.661142+00:00,2026-08-18T09:51:31.167755+00:00
14,233,Acheampong,7,DEF,39,0.7536,1.5137,0.22,0.1716,0.2183,0.0024,1,0,0,0,2026-08-18T09:50:34.661142+00:00,2026-08-18T09:51:31.167755+00:00
14,234,Anselmino,7,DEF,40,0,0,0.0,0.0,0.0,0,1,0,0,0,2026-08-18T09:50:34.661142+00:00,2026-08-18T09:51:31.167755+00:00
14,235,Palmer,7,MID,103,3.3752,3.3254,0.72,0.0784,0.6759,0.06,1,1,29,0,2026-08-18T09:50:34.661142+00:00,2026-08-18T09:51:31.167755+00:00
14,236,Neto,7,MID,72,2.1372,2.6478,0.48,0.1456,0.458,0.0188,1,6,45,1,2026-08-18T09:50:34.661142+00:00,2026-08-18T09:51:31.167755+00:00
14,237,Enzo,7,MID,67,2.3244,2.9934,0.48,0.1456,0.458,0.0356,1,2,90,1,2026-08-18T09:50:34.661142+00:00,2026-08-18T09:51:31.167755+00:00
14,238,Estêvão,7,MID,65,0,0,0.0,0.0,0.0,0,1,0,45,1,2026-08-18T09:50:34.661142+00:00,2026-08-18T09:51:31.167755+00:00
14,239,Gittens,7,MID,61,0.7084,1.3494,0.14,0.2408,0.1495,0.0016,1,5,60,1,2026-08-18T09:50:34.661142+00:00,2026-08-18T09:51:31.167755+00:00
14,240,Nkunku,7,MID,59,0,0,0.0,0.0,0.0,0,1,0,0,0,2026-08-18T09:50:34.661142+00:00,2026-08-18T09:51:31.167755+00:00
14,241,Caicedo,7,MID,59,2.408,2.6364,0.48,0.1456,0.458,0.0148,1,0,0,0,2026-08-18T09:50:34.661142+00:00,2026-08-18T09:51:31.167755+00:00
14,244,Lavia,7,MID,49,0.4556,0.9751,0.09,0.2002,0.0997,0.0,1,0,0,0,2026-08-18T09:50:34.661142+00:00,2026-08-18T09:51:31.167755+00:00
14,245,Mudryk,7,MID,49,0,0,0.0,0.0,0.0,0,1,0,0,0,2026-08-18T09:50:34.661142+00:00,2026-08-18T09:51:31.167755+00:00
14,246,Andrey Santos,7,MID,45,1.128,1.7991,0.28,0.1584,0.2731,0.0028,1,2,76,1,2026-08-18T09:50:34.661142+00:00,2026-08-18T09:51:31.167755+00:00
14,247,D.Essugo,7,MID,43,0.468,0.9523,0.1,0.198,0.1088,0.0008,1,0,0,0,2026-08-18T09:50:34.661142+00:00,2026-08-18T09:51:31.167755+00:00
14,248,Paez,7,MID,45,0,0,0.0,0.0,0.0,0,1,0,0,0,2026-08-18T09:50:34.661142+00:00,2026-08-18T09:51:31.167755+00:00
14,249,João Pedro,7,FWD,74,2.2544,2.6199,0.48,0.1456,0.458,0.0156,1,2,90,1,2026-08-18T09:50:34.661142+00:00,2026-08-18T09:51:31.167755+00:00
14,250,Delap,7,FWD,62,0.9776,1.4379,0.28,0.2016,0.2765,0.0024,1,2,60,1,2026-08-18T09:50:34.661142+00:00,2026-08-18T09:51:31.167755+00:00
14,251,N.Jackson,7,FWD,65,0,0,0.0,0.0,0.0,0,1,0,0,0,2026-08-18T09:50:34.661142+00:00,2026-08-18T09:51:31.167755+00:00
14,252,Marc Guiu,7,FWD,42,0.444,0.9033,0.1,0.198,0.1088,0.0,1,1,13,0,2026-08-18T09:50:34.661142+00:00,2026-08-18T09:51:31.167755+00:00
14,453,Garnacho,7,MID,64,1.1908,1.8899,0.28,0.2016,0.2765,0.0068,1,1,29,0,2026-08-18T09:50:34.661142+00:00,2026-08-18T09:51:31.167755+00:00
14,672,Hato,7,DEF,47,0.6308,1.3072,0.18,0.1804,0.1818,0.0012,1,0,0,0,2026-08-18T09:50:34.661142+00:00,2026-08-18T09:51:31.167755+00:00
14,743,Emenalo,7,MID,45,0.482,0.9573,0.1,0.198,0.1088,0.0,1,0,0,0,2026-08-18T09:50:34.661142+00:00,2026-08-18T09:51:31.167755+00:00
14,789,Merrick,7,GKP,40,0.1336,0.6511,0.04,0.0384,0.0403,0.0,1,,,,2026-08-18T09:50:34.661142+00:00,
14,803,Sharman-Lowe,7,GKP,40,0.1344,0.6429,0.04,0.0384,0.0403,0.0,1,,,,2026-08-18T09:50:34.661142+00:00,
14,829,Derry,7,MID,45,0.4592,0.962,0.1,0.198,0.1088,0.0004,1,,,,2026-08-18T09:50:34.661142+00:00,
14,833,Eboué,7,MID,45,0.4808,0.9796,0.1,0.198,0.1088,0.0,1,,,,2026-08-18T09:50:34.661142+00:00,
14,834,Kavuma-McQueen,7,MID,45,0.4664,0.9648,0.1,0.198,0.1088,0.0,1,,,,2026-08-18T09:50:34.661142+00:00,
14,840,Mheuka,7,FWD,45,0.4492,0.9138,0.1,0.198,0.1088,0.0004,1,,,,2026-08-18T09:50:34.661142+00:00,
14,253,Henderson,8,GKP,50,2.6516,2.0605,0.9,0.008,0.8376,0.0004,1,7,90,1,2026-08-18T09:50:34.661142+00:00,2026-08-18T09:51:31.167755+00:00
14,254,Benitez,8,GKP,40,0.1576,0.7038,0.04,0.0384,0.0403,0.0,1,0,0,0,2026-08-18T09:50:34.661142+00:00,2026-08-18T09:51:31.167755+00:00
14,255,Matthews,8,GKP,39,0.1436,0.694,0.04,0.0384,0.0403,0.0,1,0,0,0,2026-08-18T09:50:34.661142+00:00,2026-08-18T09:51:31.167755+00:00
14,256,Muñoz,8,DEF,60,1.9268,2.5886,0.48,0.1456,0.458,0.0172,1,14,90,1,2026-08-18T09:50:34.661142+00:00,2026-08-18T09:51:31.167755+00:00
14,257,Lacroix,8,DEF,51,2.0712,2.5331,0.48,0.1144,0.4556,0.0092,1,8,90,1,2026-08-18T09:50:34.661142+00:00,2026-08-18T09:51:31.167755+00:00
14,258,Mitchell,8,DEF,50,1.6872,2.2869,0.48,0.1144,0.4556,0.0056,1,6,90,1,2026-08-18T09:50:34.661142+00:00,2026-08-18T09:51:31.167755+00:00
14,259,Sosa,8,DEF,48,0.4632,1.141,0.09,0.2002,0.0997,0.0008,1,0,0,0,2026-08-18T09:50:34.661142+00:00,2026-08-18T09:51:31.167755+00:00
14,261,Richards,8,DEF,46,0,0,0.0,0.0,0.0,0,1,9,90,1,2026-08-18T09:50:34.661142+00:00,2026-08-18T09:51:31.167755+00:00
14,262,Chadi Riad,8,DEF,40,0.4532,1.0378,0.1,0.198,0.1088,0.0,1,0,0,0,2026-08-18T09:50:34.661142+00:00,2026-08-18T09:51:31.167755+00:00
14,263,Clyne,8,DEF,38,0.8208,1.5933,0.1,0.198,0.1088,0.0004,1,0,0,0,2026-08-18T09:50:34.661142+00:00,2026-08-18T09:51:31.167755+00:00
14,264,Holding,8,DEF,40,0,0,0.0,0.0,0.0,0,1,0,0,0,2026-08-18T09:50:34.661142+00:00,2026-08-18T09:51:31.167755+00:00
14,265,Kporha,8,DEF,40,0.472,1.1458,0.1,0.198,0.1088,0.0012,1,0,0,0,2026-08-18T09:50:34.661142+00:00,2026-08-18T09:51:31.167755+00:00
14,267,Sarr,8,MID,66,2.1292,2.5904,0.48,0.1456,0.458,0.0164,1,0,0,0,2026-08-18T09:50:34.661142+00:00,2026-08-18T09:51:31.167755+00:00
14,268,Doucouré,8,MID,49,0,0,0.0,0.0,0.0,0,1,0,0,0,2026-08-18T09:50:34.661142+00:00,2026-08-18T09:51:31.167755+00:00
14,269,Esse,8,MID,47,0,0,0.0,0.0,0.0,0,1,0,0,0,2026-08-18T09:50:34.661142+00:00,2026-08-18T09:51:31.167755+00:00
14,270,Hughes,8,MID,47,0.788,1.2559,0.28,0.1584,0.2731,0.0,1,1,14,0,2026-08-18T09:50:34.661142+00:00,2026-08-18T09:51:31.167755+00:00
14,271,Kamada,8,MID,50,1.66,2.019,0.48,0.1144,0.4556,0.0056,1,3,88,1,2026-08-18T09:50:34.661142+00:00,2026-08-18T09:51:31.167755+00:00
14,272,Lerma,8,MID,49,0.9832,1.6159,0.28,0.1584,0.2731,0.0036,1,5,90,1,2026-08-18T09:50:34.661142+00:00,2026-08-18T09:51:31.167755+00:00
14,273,Wharton,8,MID,50,1.6948,1.9314,0.48,0.1144,0.4556,0.0032,1,3,75,1,2026-08-18T09:50:34.661142+00:00,2026-08-18T09:51:31.167755+00:00
14,274,Agbinone,8,MID,44,0.4452,0.917,0.1,0.198,0.1088,0.0004,1,0,0,0,2026-08-18T09:50:34.661142+00:00,2026-08-18T09:51:31.167755+00:00
14,275,Ahamada,8,MID,44,0,0,0.0,0.0,0.0,0,1,0,0,0,2026-08-18T09:50:34.661142+00:00,2026-08-18T09:51:31.167755+00:00
14,276,Devenny,8,MID,43,0.4956,1.0334,0.1,0.198,0.1088,0.0,1,1,26,0,2026-08-18T09:50:34.661142+00:00,2026-08-18T09:51:31.167755+00:00
14,277,Ebiowei,8,MID,45,0,0,0.0,0.0,0.0,0,1,0,0,0,2026-08-18T09:50:34.661142+00:00,2026-08-18T09:51:31.167755+00:00
14,278,J.Rak-Sakyi,8,MID,44,0,0,0.0,0.0,0.0,0,1,0,0,0,2026-08-18T09:50:34.661142+00:00,2026-08-18T09:51:31.167755+00:00
14,279,M.França,8,MID,45,0,0,0.0,0.0,0.0,0,1,0,0,0,2026-08-18T09:50:34.661142+00:00,2026-08-18T09:51:31.167755+00:00
14,280,Ozoh,8,MID,45,0,0,0.0,0.0,0.0,0,1,0,0,0,2026-08-18T09:50:34.661142+00:00,2026-08-18T09:51:31.167755+00:00
14,281,Rodney,8,MID,45,0.458,0.8739,0.1,0.198,0.1088,0.0,1,0,0,0,2026-08-18T09:50:34.661142+00:00,2026-08-18T09:51:31.167755+00:00
14,282,Umeh,8,MID,45,0,0,0.0,0.0,0.0,0,1,0,0,0,2026-08-18T09:50:34.661142+00:00,2026-08-18T09:51:31.167755+00:00
14,283,Mateta,8,FWD,81,2.4284,3.016,0.48,0.1456,0.458,0.0428,1,2,63,1,2026-08-18T09:50:34.661142+00:00,2026-08-18T09:51:31.167755+00:00
14,284,Nketiah,8,FWD,54,0,0,0.0,0.0,0.0,0,1,1,26,0,2026-08-18T09:50:34.661142+00:00,2026-08-18T09:51:31.167755+00:00
14,285,Édouard,8,FWD,50,0,0,0.0,0.0,0.0,0,1,0,0,0,2026-08-18T09:50:34.661142+00:00,2026-08-18T09:51:31.167755+00:00
14,286,Marsh,8,FWD,45,0.4416,0.873,0.1,0.198,0.1088,0.0,1,0,0,0,2026-08-18T09:50:34.661142+00:00,2026-08-18T09:51:31.167755+00:00
14,580,Johnson,8,MID,66,1.1468,1.8528,0.28,0.2016,0.2765,0.0048,1,2,76,1,2026-08-18T09:50:34.661142+00:00,2026-08-18T09:51:31.167755+00:00
14,654,Strand Larsen,8,FWD,63,1.4652,1.7361,0.48,0.1456,0.458,0.004,1,2,90,1,2026-08-18T09:50:34.661142+00:00,2026-08-18T09:51:31.167755+00:00
14,677,Guessand,8,MID,62,1.18,1.7862,0.28,0.2016,0.2765,0.0044,1,8,85,1,2026-08-18T09:50:34.661142+00:00,2026-08-18T09:51:31.167755+00:00
14,690,Cardines,8,MID,44,0.4532,0.9135,0.1,0.198,0.1088,0.0,1,0,0,0,2026-08-18T09:50:34.661142+00:00,2026-08-18T09:51:31.167755+00:00
14,712,Yeremy,8,MID,58,1.5676,2.0643,0.48,0.1456,0.458,0.0064,1,3,63,1,2026-08-18T09:50:34.661142+00:00,2026-08-18T09:51:31.167755+00:00
14,723,Canvot,8,DEF,45,0.656,1.6063,0.1,0.198,0.1088,0.0028,1,1,2,0,2026-08-18T09:50:34.661142+00:00,2026-08-18T09:51:31.167755+00:00
14,732,Uche,8,FWD,55,1.4356,1.7785,0.45,0.154,0.4308,0.0032,1,0,0,0,2026-08-18T09:50:34.661142+00:00,2026-08-18T09:51:31.167755+00:00
14,762,Drakes-Thomas,8,MID,45,0.4596,0.9461,0.1,0.198,0.1088,0.0,1,,,,2026-08-18T09:50:34.661142+00:00,
14,773,Benamar,8,DEF,40,0.4776,1.104,0.1,0.198,0.1088,0.0,1,,,,2026-08-18T09:50:34.661142+00:00,
14,780,Casey,8,FWD,45,0.4204,0.7934,0.1,0.198,0.1088,0.0,1,,,,2026-08-18T09:50:34.661142+00:00,
14,793,King,8,DEF,40,0.4552,1.081,0.1,0.198,0.1088,0.0004,1,,,,2026-08-18T09:50:34.661142+00:00,
14,798,Imray,8,DEF,40,0,0,0.0,0.0,0.0,0,1,,,,2026-08-18T09:50:34.661142+00:00,
14,242,Dewsbury-Hall,9,MID,49,1.77,2.1248,0.48,0.1144,0.4556,0.0044,1,3,90,1,2026-08-18T09:50:34.661142+00:00,2026-08-18T09:51:31.167755+00:00
14,243,George,9,MID,49,0.6656,1.1866,0.18,0.1804,0.1818,0.002,1,0,0,0,2026-08-18T09:50:34.661142+00:00,2026-08-18T09:51:31.167755+00:00
14,287,Pickford,9,GKP,55,3.2052,2.2165,0.9,0.008,0.8376,0.004,1,7,90,1,2026-08-18T09:50:34.661142+00:00,2026-08-18T09:51:31.167755+00:00
14,288,Travers,9,GKP,44,0.1924,0.8137,0.04,0.0384,0.0403,0.0,1,0,0,0,2026-08-18T09:50:34.661142+00:00,2026-08-18T09:51:31.167755+00:00
14,289,Tyrer,9,GKP,39,0,0,0.0,0.0,0.0,0,1,0,0,0,2026-08-18T09:50:34.661142+00:00,2026-08-18T09:51:31.167755+00:00
14,290,Branthwaite,9,DEF,53,0,0,0.0,0.0,0.0,0,1,0,0,0,2026-08-18T09:50:34.661142+00:00,2026-08-18T09:51:31.167755+00:00
14,291,Tarkowski,9,DEF,54,2.0392,2.5146,0.48,0.1144,0.4556,0.0068,1,10,90,1,2026-08-18T09:50:34.661142+00:00,2026-08-18T09:51:31.167755+00:00
14,292,Mykolenko,9,DEF,49,1.6308,2.11,0.48,0.1144,0.4556,0.002,1,5,90,1,2026-08-18T09:50:34.661142+00:00,2026-08-18T09:51:31.167755+00:00
14,293,O'Brien,9,DEF,49,1.5156,2.0259,0.48,0.1144,0.4556,0.0024,1,6,90,1,2026-08-18T09:50:34.661142+00:00,2026-08-18T09:51:31.167755+00:00
14,294,Coleman,9,DEF,43,0.4664,1.0924,0.1,0.198,0.1088,0.0004,1,0,0,0,2026-08-18T09:50:34.661142+00:00,2026-08-18T09:51:31.167755+00:00
14,295,Keane,9,DEF,46,2.0696,2.6895,0.48,0.1144,0.4556,0.016,1,0,0,0,2026-08-18T09:50:34.661142+00:00,2026-08-18T09:51:31.167755+00:00
14,296,Patterson,9,DEF,44,0.7676,1.4868,0.22,0.1716,0.2183,0.0008,1,0,0,0,2026-08-18T09:50:34.661142+00:00,2026-08-18T09:51:31.167755+00:00
14,297,Dixon,9,DEF,39,0,0,0.0,0.0,0.0,0,1,0,0,0,2026-08-18T09:50:34.661142+00:00,2026-08-18T09:51:31.167755+00:00
14,298,Welch,9,DEF,39,0.4636,1.1043,0.1,0.198,0.1088,0.0008,1,0,0,0,2026-08-18T09:50:34.661142+00:00,2026-08-18T09:51:31.167755+00:00
14,299,Ndiaye,9,MID,66,2.1424,2.5928,0.48,0.1456,0.458,0.0176,1,3,90,1,2026-08-18T09:50:34.661142+00:00,2026-08-18T09:51:31.167755+00:00
14,300,McNeil,9,MID,55,1.412,1.6922,0.45,0.154,0.4308,0.0016,1,1,10,0,2026-08-18T09:50:34.661142+00:00,2026-08-18T09:51:31.167755+00:00
14,301,Alcaraz,9,MID,52,0.6852,1.2301,0.18,0.1804,0.1818,0.0004,1,5,79,1,2026-08-18T09:50:34.661142+00:00,2026-08-18T09:51:31.167755+00:00
14,302,Gana,9,MID,54,1.0204,1.7329,0.24,0.1672,0.2366,0.0032,1,0,0,0,2026-08-18T09:50:34.661142+00:00,2026-08-18T09:51:31.167755+00:00
14,303,Garner,9,MID,50,1.7884,2.196,0.48,0.1144,0.4556,0.0084,1,3,90,1,2026-08-18T09:50:34.661142+00:00,2026-08-18T09:51:31.167755+00:00
14,304,Iroegbunam,9,MID,48,0.9944,1.5456,0.28,0.1584,0.2731,0.0016,1,4,90,1,2026-08-18T09:50:34.661142+00:00,2026-08-18T09:51:31.167755+00:00
14,305,Armstrong,9,MID,45,0.4624,0.9617,0.1,0.198,0.1088,0.0008,1,0,0,0,2026-08-18T09:50:34.661142+00:00,2026-08-18T09:51:31.167755+00:00
14,306,Bates,9,MID,44,0.4488,0.9238,0.1,0.198,0.1088,0.0,1,0,0,0,2026-08-18T09:50:34.661142+00:00,2026-08-18T09:51:31.167755+00:00
14,307,Ebere,9,MID,44,0.4676,0.9172,0.1,0.198,0.1088,0.0,1,0,0,0,2026-08-18T09:50:34.661142+00:00,2026-08-18T09:51:31.167755+00:00
14,308,Heath,9,MID,45,0,0,0.0,0.0,0.0,0,1,0,0,0,2026-08-18T09:50:34.661142+00:00,2026-08-18T09:51:31.167755+00:00
14,309,Metcalfe,9,MID,45,0,0,0.0,0.0,0.0,0,1,0,0,0,2026-08-18T09:50:34.661142+00:00,2026-08-18T09:51:31.167755+00:00
14,310,Barry,9,FWD,57,0.9716,1.4909,0.28,0.2016,0.2765,0.002,1,2,79,1,2026-08-18T09:50:34.661142+00:00,2026-08-18T09:51:31.167755+00:00
14,311,Beto,9,FWD,51,1.046,1.7753,0.28,0.1584,0.2731,0.006,1,1,10,0,2026-08-18T09:50:34.661142+00:00,2026-08-18T09:51:31.167755+00:00
14,312,Y.Chermiti,9,FWD,49,0,0,0.0,0.0,0.0,0,1,0,0,0,2026-08-18T09:50:34.661142+00:00,2026-08-18T09:51:31.167755+00:00
14,313,Sherif,9,FWD,44,0,0,0.0,0.0,0.0,0,1,0,0,0,2026-08-18T09:50:34.661142+00:00,2026-08-18T09:51:31.167755+00:00
14,419,Grealish,9,MID,66,0,0,0.0,0.0,0.0,0,1,11,90,1,2026-08-18T09:50:34.661142+00:00,2026-08-18T09:51:31.167755+00:00
14,630,King,9,GKP,39,0.16,0.7072,0.04,0.0384,0.0403,0.0,1,0,0,0,2026-08-18T09:50:34.661142+00:00,2026-08-18T09:51:31.167755+00:00
14,667,Aznou,9,DEF,43,0.4832,1.1586,0.1,0.198,0.1088,0.0008,1,0,0,0,2026-08-18T09:50:34.661142+00:00,2026-08-18T09:51:31.167755+00:00
14,704,Onyango,9,MID,45,0,0,0.0,0.0,0.0,0,1,0,0,0,2026-08-18T09:50:34.661142+00:00,2026-08-18T09:51:31.167755+00:00
14,705,Campbell,9,DEF,39,0,0,0.0,0.0,0.0,0,1,0,0,0,2026-08-18T09:50:34.661142+00:00,2026-08-18T09:51:31.167755+00:00
14,707,Dibling,9,MID,53,0.8088,1.5238,0.18,0.1804,0.1818,0.0012,1,0,0,0,2026-08-18T09:50:34.661142+00:00,2026-08-18T09:51:31.167755+00:00
14,728,Röhl,9,MID,50,0.8992,1.654,0.18,0.1804,0.1818,0.0016,1,0,0,0,2026-08-18T09:50:34.661142+00:00,2026-08-18T09:51:31.167755+00:00
14,779,Graham,9,FWD,45,0.4428,0.8625,0.1,0.198,0.1088,0.0,1,,,,2026-08-18T09:50:34.661142+00:00,
14,314,Leno,10,GKP,49,3.1012,2.2667,0.9,0.008,0.8376,0.0012,1,0,90,1,2026-08-18T09:50:34.661142+00:00,2026-08-18T09:51:31.167755+00:00
14,315,Benda,10,GKP,40,0,0,0.0,0.0,0.0,0,1,0,0,0,2026-08-18T09:50:34.661142+00:00,2026-08-18T09:51:31.167755+00:00
14,316,Robinson,10,DEF,49,0.724,1.5556,0.18,0.1804,0.1818,0.0032,1,0,0,0,2026-08-18T09:50:34.661142+00:00,2026-08-18T09:51:31.167755+00:00
14,317,Andersen,10,DEF,45,0,0,0.0,0.0,0.0,0,1,0,90,1,2026-08-18T09:50:34.661142+00:00,2026-08-18T09:51:31.167755+00:00
14,318,Bassey,10,DEF,45,0.9284,1.8002,0.22,0.1716,0.2183,0.0016,1,2,90,1,2026-08-18T09:50:34.661142+00:00,2026-08-18T09:51:31.167755+00:00
14,319,Castagne,10,DEF,43,0.9228,1.7326,0.22,0.1716,0.2183,0.0012,1,3,45,1,2026-08-18T09:50:34.661142+00:00,2026-08-18T09:51:31.167755+00:00
14,320,Diop,10,DEF,43,0.5324,1.2946,0.1,0.198,0.1088,0.0008,1,0,0,0,2026-08-18T09:50:34.661142+00:00,2026-08-18T09:51:31.167755+00:00
14,321,J.Cuenca,10,DEF,43,0.5856,1.3912,0.1,0.198,0.1088,0.0008,1,0,0,0,2026-08-18T09:50:34.661142+00:00,2026-08-18T09:51:31.167755+00:00
14,322,Tete,10,DEF,45,1.0588,1.9928,0.22,0.1716,0.2183,0.0044,1,0,45,1,2026-08-18T09:50:34.661142+00:00,2026-08-18T09:51:31.167755+00:00
14,323,Amissah,10,DEF,39,0.56,1.3111,0.1,0.198,0.1088,0.0008,1,0,0,0,2026-08-18T09:50:34.661142+00:00,2026-08-18T09:51:31.167755+00:00
14,324,Iwobi,10,MID,64,1.8172,2.0792,0.48,0.1456,0.458,0.006,1,7,90,1,2026-08-18T09:50:34.661142+00:00,2026-08-18T09:51:31.167755+00:00
14,325,Smith Rowe,10,MID,56,1.622,2.1392,0.45,0.154,0.4308,0.008,1,7,73,1,2026-08-18T09:50:34.661142+00:00,2026-08-18T09:51:31.167755+00:00
14,327,Andreas,10,MID,53,0,0,0.0,0.0,0.0,0,1,0,0,0,2026-08-18T09:50:34.661142+00:00,2026-08-18T09:51:31.167755+00:00
14,328,Sessegnon,10,MID,54,2.0436,2.4155,0.48,0.1144,0.4556,0.0124,1,2,90,1,2026-08-18T09:50:34.661142+00:00,2026-08-18T09:51:31.167755+00:00
14,329,Wilson,10,MID,52,1.956,2.3864,0.48,0.1144,0.4556,0.0112,1,8,81,1,2026-08-18T09:50:34.661142+00:00,2026-08-18T09:51:31.167755+00:00
14,330,Berge,10,MID,49,1.4584,1.7322,0.48,0.1144,0.4556,0.0028,1,0,90,1,2026-08-18T09:50:34.661142+00:00,2026-08-18T09:51:31.167755+00:00
14,331,Cairney,10,MID,48,0.6588,1.2194,0.18,0.1804,0.1818,0.0004,1,0,0,0,2026-08-18T09:50:34.661142+00:00,2026-08-18T09:51:31.167755+00:00
14,332,Lukić,10,MID,50,1.7948,2.2196,0.48,0.1144,0.4556,0.0084,1,1,45,1,2026-08-18T09:50:34.661142+00:00,2026-08-18T09:51:31.167755+00:00
14,333,Godo,10,MID,45,0,0,0.0,0.0,0.0,0,1,0,0,0,2026-08-18T09:50:34.661142+00:00,2026-08-18T09:51:31.167755+00:00
14,334,Harris,10,MID,45,0,0,0.0,0.0,0.0,0,1,0,0,0,2026-08-18T09:50:34.661142+00:00,2026-08-18T09:51:31.167755+00:00
14,335,King,10,MID,45,1.4592,1.7183,0.48,0.1144,0.4556,0.0036,1,1,16,0,2026-08-18T09:50:34.661142+00:00,2026-08-18T09:51:31.167755+00:00
14,336,Reed,10,MID,43,1.0252,1.6973,0.1,0.198,0.1088,0.0008,1,0,0,0,2026-08-18T09:50:34.661142+00:00,2026-08-18T09:51:31.167755+00:00
14,337,Raúl,10,FWD,62,1.6852,2.1232,0.48,0.1456,0.458,0.0104,1,2,73,1,2026-08-18T09:50:34.661142+00:00,2026-08-18T09:51:31.167755+00:00
14,338,Muniz,10,FWD,54,0.8928,1.4937,0.28,0.1584,0.2731,0.0036,1,0,0,0,2026-08-18T09:50:34.661142+00:00,2026-08-18T09:51:31.167755+00:00
14,424,Bobb,10,MID,52,0.9768,1.5645,0.28,0.1584,0.2731,0.0016,1,0,0,0,2026-08-18T09:50:34.661142+00:00,2026-08-18T09:51:31.167755+00:00
14,664,Lecomte,10,GKP,39,0.1708,0.785,0.04,0.0384,0.0403,0.0,1,0,0,0,2026-08-18T09:50:34.661142+00:00,2026-08-18T09:51:31.167755+00:00
14,727,Chukwueze,10,MID,53,0.8228,1.5989,0.18,0.1804,0.1818,0.004,1,12,45,1,2026-08-18T09:50:34.661142+00:00,2026-08-18T09:51:31.167755+00:00
14,731,Kevin,10,MID,58,1.1252,1.7988,0.28,0.2016,0.2765,0.0048,1,1,8,0,2026-08-18T09:50:34.661142+00:00,2026-08-18T09:51:31.167755+00:00
14,737,Kusi-Asare,10,FWD,45,0,0,0.0,0.0,0.0,0,1,1,17,0,2026-08-18T09:50:34.661142+00:00,2026-08-18T09:51:31.167755+00:00
14,770,Ridgeon,10,MID,45,0.4868,0.9661,0.1,0.198,0.1088,0.0004,1,,,,2026-08-18T09:50:34.661142+00:00,
14,786,McNally,10,GKP,40,0.1524,0.7342,0.04,0.0384,0.0403,0.0,1,,,,2026-08-18T09:50:34.661142+00:00,
14,168,Buonanotte,11,MID,46,0.6788,1.1717,0.18,0.1804,0.1818,0.0004,1,0,0,0,2026-08-18T09:50:34.661142+00:00,2026-08-18T09:51:31.167755+00:00
14,339,Meslier,11,GKP,42,0.1804,0.8382,0.04,0.0384,0.0403,0.0004,1,0,0,0,2026-08-18T09:50:34.661142+00:00,2026-08-18T09:51:31.167755+00:00
14,340,Cairns,11,GKP,39,0.1552,0.7184,0.04,0.0384,0.0403,0.0,1,0,0,0,2026-08-18T09:50:34.661142+00:00,2026-08-18T09:51:31.167755+00:00
14,341,Darlow,11,GKP,40,0.1584,0.7424,0.04,0.0384,0.0403,0.0,1,0,0,0,2026-08-18T09:50:34.661142+00:00,2026-08-18T09:51:31.167755+00:00
14,342,Bogle,11,DEF,45,0.8452,1.6743,0.22,0.1716,0.2183,0.0008,1,5,86,1,2026-08-18T09:50:34.661142+00:00,2026-08-18T09:51:31.167755+00:00
14,343,Struijk,11,DEF,43,1.0116,1.9933,0.22,0.1716,0.2183,0.0044,1,2,90,1,2026-08-18T09:50:34.661142+00:00,2026-08-18T09:51:31.167755+00:00
14,344,Bijol,11,DEF,39,0.9088,1.8474,0.22,0.1716,0.2183,0.004,1,12,90,1,2026-08-18T09:50:34.661142+00:00,2026-08-18T09:51:31.167755+00:00
14,345,Bornauw,11,DEF,39,0.5432,1.263,0.1,0.198,0.1088,0.0008,1,1,1,0,2026-08-18T09:50:34.661142+00:00,2026-08-18T09:51:31.167755+00:00
14,346,Byram,11,DEF,39,0.5064,1.1947,0.1,0.198,0.1088,0.0004,1,0,0,0,2026-08-18T09:50:34.661142+00:00,2026-08-18T09:51:31.167755+00:00
14,347,Gudmundsson,11,DEF,40,0,0,0.0,0.0,0.0,0,1,4,90,1,2026-08-18T09:50:34.661142+00:00,2026-08-18T09:51:31.167755+00:00
14,348,Rodon,11,DEF,41,1.2232,2.25,0.22,0.1716,0.2183,0.008,1,2,90,1,2026-08-18T09:50:34.661142+00:00,2026-08-18T09:51:31.167755+00:00
14,349,Schmidt,11,DEF,40,0,0,0.0,0.0,0.0,0,1,0,0,0,2026-08-18T09:50:34.661142+00:00,2026-08-18T09:51:31.167755+00:00
14,350,Aaronson,11,MID,54,2.0672,2.5947,0.48,0.1144,0.4556,0.0192,1,0,0,0,2026-08-18T09:50:34.661142+00:00,2026-08-18T09:51:31.167755+00:00
14,351,Gnonto,11,MID,52,1.0476,1.5791,0.28,0.1584,0.2731,0.002,1,0,0,0,2026-08-18T09:50:34.661142+00:00,2026-08-18T09:51:31.167755+00:00
14,352,Harrison,11,MID,51,0,0,0.0,0.0,0.0,0,1,0,0,0,2026-08-18T09:50:34.661142+00:00,2026-08-18T09:51:31.167755+00:00
14,353,James,11,MID,53,0.9836,1.652,0.28,0.1584,0.2731,0.004,1,0,0,0,2026-08-18T09:50:34.661142+00:00,2026-08-18T09:51:31.167755+00:00
14,354,Ampadu,11,MID,49,1.7284,2.0662,0.48,0.1144,0.4556,0.006,1,4,90,1,2026-08-18T09:50:34.661142+00:00,2026-08-18T09:51:31.167755+00:00
14,355,Greenwood,11,MID,49,0,0,0.0,0.0,0.0,0,1,0,0,0,2026-08-18T09:50:34.661142+00:00,2026-08-18T09:51:31.167755+00:00
14,356,Gruev,11,MID,48,0,0,0.0,0.0,0.0,0,1,1,23,0,2026-08-18T09:50:34.661142+00:00,2026-08-18T09:51:31.167755+00:00
14,357,Ramazani,11,MID,49,0,0,0.0,0.0,0.0,0,1,0,0,0,2026-08-18T09:50:34.661142+00:00,2026-08-18T09:51:31.167755+00:00
14,358,Tanaka,11,MID,48,1.0896,1.7056,0.28,0.1584,0.2731,0.0028,1,9,66,1,2026-08-18T09:50:34.661142+00:00,2026-08-18T09:51:31.167755+00:00
14,359,Crew,11,MID,45,0,0,0.0,0.0,0.0,0,1,0,0,0,2026-08-18T09:50:34.661142+00:00,2026-08-18T09:51:31.167755+00:00
14,360,Gelhardt,11,MID,45,0,0,0.0,0.0,0.0,0,1,0,0,0,2026-08-18T09:50:34.661142+00:00,2026-08-18T09:51:31.167755+00:00
14,361,Gyabi,11,MID,45,0,0,0.0,0.0,0.0,0,1,0,0,0,2026-08-18T09:50:34.661142+00:00,2026-08-18T09:51:31.167755+00:00
14,362,Piroe,11,FWD,50,0.6884,1.2671,0.18,0.1804,0.1818,0.0008,1,1,4,0,2026-08-18T09:50:34.661142+00:00,2026-08-18T09:51:31.167755+00:00
14,363,Bamford,11,FWD,49,0,0,0.0,0.0,0.0,0,1,0,0,0,2026-08-18T09:50:34.661142+00:00,2026-08-18T09:51:31.167755+00:00
14,364,Mateo Joseph,11,FWD,50,0,0,0.0,0.0,0.0,0,1,0,0,0,2026-08-18T09:50:34.661142+00:00,2026-08-18T09:51:31.167755+00:00
14,365,Nmecha,11,FWD,50,1.176,2.0001,0.28,0.1584,0.2731,0.0108,1,2,66,1,2026-08-18T09:50:34.661142+00:00,2026-08-18T09:51:31.167755+00:00
14,493,Longstaff,11,MID,49,1.9104,2.2804,0.48,0.1144,0.4556,0.0104,1,0,0,0,2026-08-18T09:50:34.661142+00:00,2026-08-18T09:51:31.167755+00:00
14,660,Stach,11,MID,48,0,0,0.0,0.0,0.0,0,1,6,90,1,2026-08-18T09:50:34.661142+00:00,2026-08-18T09:51:31.167755+00:00
14,665,Perri,11,GKP,45,2.9384,2.2213,0.88,0.0048,0.8188,0.0004,1,2,90,1,2026-08-18T09:50:34.661142+00:00,2026-08-18T09:51:31.167755+00:00
14,691,Calvert-Lewin,11,FWD,55,1.2112,1.8904,0.28,0.2016,0.2765,0.008,1,9,85,1,2026-08-18T09:50:34.661142+00:00,2026-08-18T09:51:31.167755+00:00
14,698,Okafor,11,MID,55,0,0,0.0,0.0,0.0,0,1,4,23,0,2026-08-18T09:50:34.661142+00:00,2026-08-18T09:51:31.167755+00:00
14,706,Justin,11,DEF,39,0.5928,1.4571,0.1,0.198,0.1088,0.002,1,1,3,0,2026-08-18T09:50:34.661142+00:00,2026-08-18T09:51:31.167755+00:00
14,741,Gray,11,FWD,45,0,0,0.0,0.0,0.0,0,1,0,0,0,2026-08-18T09:50:34.661142+00:00,2026-08-18T09:51:31.167755+00:00
14,787,Chambers,11,MID,44,0.5116,1.059,0.1,0.198,0.1088,0.0,1,,,,2026-08-18T09:50:34.661142+00:00,
14,837,Lienou,11,DEF,40,0.5344,1.2441,0.1,0.198,0.1088,0.0,1,,,,2026-08-18T09:50:34.661142+00:00,
14,838,Chadwick,11,MID,45,0.4596,0.938,0.1,0.198,0.1088,0.0,1,,,,2026-08-18T09:50:34.661142+00:00,
14,839,Cresswell,11,MID,45,0.5212,1.0425,0.1,0.198,0.1088,0.0,1,,,,2026-08-18T09:50:34.661142+00:00,
14,366,A.Becker,12,GKP,54,3.0516,2.254,0.88,0.0096,0.8192,0.0004,1,3,90,1,2026-08-18T09:50:34.661142+00:00,2026-08-18T09:51:31.167755+00:00
14,367,Mamardashvili,12,GKP,43,0.1568,0.7702,0.04,0.0384,0.0403,0.0,1,0,0,0,2026-08-18T09:50:34.661142+00:00,2026-08-18T09:51:31.167755+00:00
14,368,Pécsi,12,GKP,39,0.1748,0.8053,0.04,0.0384,0.0403,0.0,1,0,0,0,2026-08-18T09:50:34.661142+00:00,2026-08-18T09:51:31.167755+00:00
14,369,Woodman,12,GKP,39,0.1688,0.754,0.04,0.0384,0.0403,0.0,1,0,0,0,2026-08-18T09:50:34.661142+00:00,2026-08-18T09:51:31.167755+00:00
14,370,Frimpong,12,DEF,57,1.7896,2.4403,0.45,0.154,0.4308,0.0092,1,0,0,0,2026-08-18T09:50:34.661142+00:00,2026-08-18T09:51:31.167755+00:00
14,371,Kerkez,12,DEF,57,1.8,2.4765,0.48,0.1456,0.458,0.0128,1,1,4,0,2026-08-18T09:50:34.661142+00:00,2026-08-18T09:51:31.167755+00:00
14,372,Robertson,12,DEF,58,1.1824,2.0291,0.28,0.2016,0.2765,0.0056,1,2,85,1,2026-08-18T09:50:34.661142+00:00,2026-08-18T09:51:31.167755+00:00
14,373,Virgil,12,DEF,60,2.2096,2.7594,0.48,0.1456,0.458,0.0148,1,4,90,1,2026-08-18T09:50:34.661142+00:00,2026-08-18T09:51:31.167755+00:00
14,374,Konaté,12,DEF,54,2.2676,2.9114,0.48,0.1144,0.4556,0.0212,1,4,90,1,2026-08-18T09:50:34.661142+00:00,2026-08-18T09:51:31.167755+00:00
14,375,Bradley,12,DEF,50,0,0,0.0,0.0,0.0,0,1,0,0,0,2026-08-18T09:50:34.661142+00:00,2026-08-18T09:51:31.167755+00:00
14,376,Gomez,12,DEF,49,0.9212,1.8867,0.18,0.1804,0.1818,0.0044,1,5,64,1,2026-08-18T09:50:34.661142+00:00,2026-08-18T09:51:31.167755+00:00
14,377,Tsimikas,12,DEF,48,0,0,0.0,0.0,0.0,0,1,0,0,0,2026-08-18T09:50:34.661142+00:00,2026-08-18T09:51:31.167755+00:00
14,378,Nallo,12,DEF,38,0.5572,1.3061,0.1,0.198,0.1088,0.0004,1,0,0,0,2026-08-18T09:50:34.661142+00:00,2026-08-18T09:51:31.167755+00:00
14,379,R.Williams,12,DEF,38,0.5124,1.1686,0.1,0.198,0.1088,0.0,1,0,0,0,2026-08-18T09:50:34.661142+00:00,2026-08-18T09:51:31.167755+00:00
14,380,Ramsay,12,DEF,38,0.5556,1.2717,0.1,0.198,0.1088,0.0004,1,0,0,0,2026-08-18T09:50:34.661142+00:00,2026-08-18T09:51:31.167755+00:00
14,381,M.Salah,12,MID,141,2.9432,3.6928,0.48,0.1456,0.458,0.0616,1,1,45,1,2026-08-18T09:50:34.661142+00:00,2026-08-18T09:51:31.167755+00:00
14,382,Wirtz,12,MID,80,1.9844,2.5416,0.48,0.1456,0.458,0.0192,1,7,90,1,2026-08-18T09:50:34.661142+00:00,2026-08-18T09:51:31.167755+00:00
14,383,Luis Díaz,12,MID,80,0,0,0.0,0.0,0.0,0,1,0,0,0,2026-08-18T09:50:34.661142+00:00,2026-08-18T09:51:31.167755+00:00
14,384,Gakpo,12,MID,75,2.642,3.2186,0.48,0.1456,0.458,0.0404,1,1,45,1,2026-08-18T09:50:34.661142+00:00,2026-08-18T09:51:31.167755+00:00
14,385,Chiesa,12,MID,63,1.7416,2.3183,0.45,0.154,0.4308,0.0128,1,1,4,0,2026-08-18T09:50:34.661142+00:00,2026-08-18T09:51:31.167755+00:00
14,386,Mac Allister,12,MID,63,1.782,2.1543,0.48,0.1456,0.458,0.0108,1,2,73,1,2026-08-18T09:50:34.661142+00:00,2026-08-18T09:51:31.167755+00:00
14,387,Szoboszlai,12,MID,66,2.29,2.6713,0.48,0.1456,0.458,0.0184,1,2,90,1,2026-08-18T09:50:34.661142+00:00,2026-08-18T09:51:31.167755+00:00
14,388,C.Jones,12,MID,54,1.2608,1.9869,0.28,0.1584,0.2731,0.0048,1,1,25,0,2026-08-18T09:50:34.661142+00:00,2026-08-18T09:51:31.167755+00:00
14,390,Gravenberch,12,MID,56,2.0096,2.2815,0.48,0.1456,0.458,0.0096,1,5,90,1,2026-08-18T09:50:34.661142+00:00,2026-08-18T09:51:31.167755+00:00
14,392,Endo,12,MID,49,0.546,1.2626,0.09,0.2002,0.0997,0.0008,1,0,0,0,2026-08-18T09:50:34.661142+00:00,2026-08-18T09:51:31.167755+00:00
14,393,Bajcetic,12,MID,43,0,0,0.0,0.0,0.0,0,1,0,0,0,2026-08-18T09:50:34.661142+00:00,2026-08-18T09:51:31.167755+00:00
14,394,McConnell,12,MID,44,0,0,0.0,0.0,0.0,0,1,0,0,0,2026-08-18T09:50:34.661142+00:00,2026-08-18T09:51:31.167755+00:00
14,395,Morton,12,MID,45,0,0,0.0,0.0,0.0,0,1,0,0,0,2026-08-18T09:50:34.661142+00:00,2026-08-18T09:51:31.167755+00:00
14,396,Nyoni,12,MID,43,0.4744,1.0167,0.1,0.198,0.1088,0.0,1,0,0,0,2026-08-18T09:50:34.661142+00:00,2026-08-18T09:51:31.167755+00:00
14,397,Darwin,12,FWD,65,0,0,0.0,0.0,0.0,0,1,0,0,0,2026-08-18T09:50:34.661142+00:00,2026-08-18T09:51:31.167755+00:00
14,398,Danns,12,FWD,43,0,0,0.0,0.0,0.0,0,1,0,0,0,2026-08-18T09:50:34.661142+00:00,2026-08-18T09:51:31.167755+00:00
14,499,Isak,12,FWD,104,1.4972,2.4504,0.28,0.2016,0.2765,0.0236,1,2,85,1,2026-08-18T09:50:34.661142+00:00,2026-08-18T09:51:31.167755+00:00
14,661,Ekitiké,12,FWD,85,0,0,0.0,0.0,0.0,0,1,1,16,0,2026-08-18T09:50:34.661142+00:00,2026-08-18T09:51:31.167755+00:00
14,686,Ngumoha,12,MID,44,0.472,0.979,0.1,0.198,0.1088,0.0,1,0,0,0,2026-08-18T09:50:34.661142+00:00,2026-08-18T09:51:31.167755+00:00
14,692,Leoni,12,DEF,49,0,0,0.0,0.0,0.0,0,1,0,0,0,2026-08-18T09:50:34.661142+00:00,2026-08-18T09:51:31.167755+00:00
14,746,Morrison,12,MID,45,0.4624,0.9638,0.1,0.198,0.1088,0.0,1,0,0,0,2026-08-18T09:50:34.661142+00:00,2026-08-18T09:51:31.167755+00:00
14,760,Lucky,12,DEF,40,0.4844,1.1534,0.1,0.198,0.1088,0.0,1,,,,2026-08-18T09:50:34.661142+00:00,
14,830,Wright,12,FWD,45,0.4456,0.9361,0.1,0.198,0.1088,0.0004,1,,,,2026-08-18T09:50:34.661142+00:00,
14,832,Ndiaye,12,DEF,40,0.5336,1.2825,0.1,0.198,0.1088,0.0016,1,,,,2026-08-18T09:50:34.661142+00:00,
14,82,Semenyo,13,MID,78,2.3544,3.0039,0.48,0.1456,0.458,0.0296,1,4,90,1,2026-08-18T09:50:34.661142+00:00,2026-08-18T09:51:31.167755+00:00
14,182,Trafford,13,GKP,46,0.3376,1.0446,0.08,0.0736,0.0803,0.0,1,0,0,0,2026-08-18T09:50:34.661142+00:00,2026-08-18T09:51:31.167755+00:00
14,260,Guéhi,13,DEF,51,1.8972,2.5498,0.48,0.1144,0.4556,0.0132,1,14,90,1,2026-08-18T09:50:34.661142+00:00,2026-08-18T09:51:31.167755+00:00
14,399,Ederson M.,13,GKP,53,0,0,0.0,0.0,0.0,0,1,0,0,0,2026-08-18T09:50:34.661142+00:00,2026-08-18T09:51:31.167755+00:00
14,401,Bettinelli,13,GKP,40,0.156,0.7166,0.04,0.0384,0.0403,0.0,1,0,0,0,2026-08-18T09:50:34.661142+00:00,2026-08-18T09:51:31.167755+00:00
14,402,Aït-Nouri,13,DEF,57,1.2452,2.022,0.28,0.2016,0.2765,0.0044,1,0,0,0,2026-08-18T09:50:34.661142+00:00,2026-08-18T09:51:31.167755+00:00
14,403,Gvardiol,13,DEF,58,1.802,2.4185,0.48,0.1456,0.458,0.01,1,0,90,1,2026-08-18T09:50:34.661142+00:00,2026-08-18T09:51:31.167755+00:00
14,404,Akanji,13,DEF,54,0,0,0.0,0.0,0.0,0,1,0,0,0,2026-08-18T09:50:34.661142+00:00,2026-08-18T09:51:31.167755+00:00
14,405,Aké,13,DEF,53,0.7352,1.4987,0.18,0.1804,0.1818,0.0012,1,1,1,0,2026-08-18T09:50:34.661142+00:00,2026-08-18T09:51:31.167755+00:00
14,406,Khusanov,13,DEF,54,0.9844,1.7828,0.28,0.1584,0.2731,0.0012,1,0,0,0,2026-08-18T09:50:34.661142+00:00,2026-08-18T09:51:31.167755+00:00
14,407,Matheus N.,13,DEF,53,1.6532,2.2285,0.48,0.1144,0.4556,0.006,1,2,90,1,2026-08-18T09:50:34.661142+00:00,2026-08-18T09:51:31.167755+00:00
14,408,Rúben,13,DEF,56,1.5952,2.0731,0.48,0.1456,0.458,0.004,1,0,90,1,2026-08-18T09:50:34.661142+00:00,2026-08-18T09:51:31.167755+00:00
14,409,Stones,13,DEF,54,0.8996,1.6491,0.28,0.1584,0.2731,0.0024,1,0,26,0,2026-08-18T09:50:34.661142+00:00,2026-08-18T09:51:31.167755+00:00
14,410,Lewis,13,DEF,48,0.698,1.4415,0.18,0.1804,0.1818,0.0012,1,0,0,0,2026-08-18T09:50:34.661142+00:00,2026-08-18T09:51:31.167755+00:00
14,411,O'Reilly,13,DEF,52,1.7916,2.5693,0.48,0.1144,0.4556,0.0184,1,0,90,1,2026-08-18T09:50:34.661142+00:00,2026-08-18T09:51:31.167755+00:00
14,412,Vitor Reis,13,DEF,50,0,0,0.0,0.0,0.0,0,1,0,0,0,2026-08-18T09:50:34.661142+00:00,2026-08-18T09:51:31.167755+00:00
14,413,Marmoush,13,MID,83,2.8212,2.8068,0.72,0.0784,0.6759,0.0324,1,0,0,0,2026-08-18T09:50:34.661142+00:00,2026-08-18T09:51:31.167755+00:00
14,414,Foden,13,MID,81,2.1988,2.7169,0.48,0.1456,0.458,0.024,1,17,90,1,2026-08-18T09:50:34.661142+00:00,2026-08-18T09:51:31.167755+00:00
14,415,Savinho,13,MID,69,1.1428,1.7944,0.28,0.2016,0.2765,0.0044,1,1,26,0,2026-08-18T09:50:34.661142+00:00,2026-08-18T09:51:31.167755+00:00
14,416,Bernardo,13,MID,62,1.4192,1.7684,0.48,0.1456,0.458,0.0032,1,2,90,1,2026-08-18T09:50:34.661142+00:00,2026-08-18T09:51:31.167755+00:00
14,417,Cherki,13,MID,64,1.14,1.8269,0.28,0.2016,0.2765,0.0068,1,0,8,0,2026-08-18T09:50:34.661142+00:00,2026-08-18T09:51:31.167755+00:00
14,418,Doku,13,MID,66,2.108,2.4095,0.48,0.1456,0.458,0.0108,1,8,63,1,2026-08-18T09:50:34.661142+00:00,2026-08-18T09:51:31.167755+00:00
14,420,Gündoğan,13,MID,63,0,0,0.0,0.0,0.0,0,1,0,0,0,2026-08-18T09:50:34.661142+00:00,2026-08-18T09:51:31.167755+00:00
14,421,Rodrigo,13,MID,63,1.3376,2.0281,0.28,0.2016,0.2765,0.0056,1,0,0,0,2026-08-18T09:50:34.661142+00:00,2026-08-18T09:51:31.167755+00:00
14,422,Kovačić,13,MID,59,1.4412,1.7497,0.45,0.154,0.4308,0.0036,1,0,0,0,2026-08-18T09:50:34.661142+00:00,2026-08-18T09:51:31.167755+00:00
14,423,N.Gonzalez,13,MID,59,1.738,2.0197,0.48,0.1456,0.458,0.0024,1,2,63,1,2026-08-18T09:50:34.661142+00:00,2026-08-18T09:51:31.167755+00:00
14,425,Echeverri,13,MID,54,0,0,0.0,0.0,0.0,0,1,0,0,0,2026-08-18T09:50:34.661142+00:00,2026-08-18T09:51:31.167755+00:00
14,427,Reijnders,13,MID,53,1.704,2.1258,0.48,0.1144,0.4556,0.0072,1,7,81,1,2026-08-18T09:50:34.661142+00:00,2026-08-18T09:51:31.167755+00:00
14,428,Nypan,13,MID,50,0.7292,1.2821,0.18,0.1804,0.1818,0.0012,1,0,0,0,2026-08-18T09:50:34.661142+00:00,2026-08-18T09:51:31.167755+00:00
14,429,Phillips,13,MID,48,0,0,0.0,0.0,0.0,0,1,0,0,0,2026-08-18T09:50:34.661142+00:00,2026-08-18T09:51:31.167755+00:00
14,430,Haaland,13,FWD,149,3.2012,3.8635,0.48,0.1456,0.458,0.082,1,14,90,1,2026-08-18T09:50:34.661142+00:00,2026-08-18T09:51:31.167755+00:00
14,736,Donnarumma,13,GKP,57,2.2148,1.995,0.9,0.008,0.8376,0.0004,1,0,90,1,2026-08-18T09:50:34.661142+00:00,2026-08-18T09:51:31.167755+00:00
14,739,Mukasa,13,MID,45,0,0,0.0,0.0,0.0,0,1,0,0,0,2026-08-18T09:50:34.661142+00:00,2026-08-18T09:51:31.167755+00:00
14,740,Mfuni,13,DEF,40,0,0,0.0,0.0,0.0,0,1,0,0,0,2026-08-18T09:50:34.661142+00:00,2026-08-18T09:51:31.167755+00:00
14,742,McAidoo,13,MID,45,0.446,0.8878,0.1,0.198,0.1088,0.0,1,0,0,0,2026-08-18T09:50:34.661142+00:00,2026-08-18T09:51:31.167755+00:00
14,763,Gray,13,MID,45,0.428,0.8553,0.1,0.198,0.1088,0.0,1,,,,2026-08-18T09:50:34.661142+00:00,
14,764,Heskey,13,MID,45,0.4684,0.9397,0.1,0.198,0.1088,0.0,1,,,,2026-08-18T09:50:34.661142+00:00,
14,794,Alleyne,13,DEF,39,0.4816,1.1012,0.1,0.198,0.1088,0.0,1,,,,2026-08-18T09:50:34.661142+00:00,
14,119,Mbeumo,14,MID,86,2.5312,3.143,0.48,0.1456,0.458,0.0404,1,2,90,1,2026-08-18T09:50:34.661142+00:00,2026-08-18T09:51:31.167755+00:00
14,431,Bayindir,14,GKP,48,0.3132,1.0405,0.08,0.0736,0.0803,0.0,1,0,0,0,2026-08-18T09:50:34.661142+00:00,2026-08-18T09:51:31.167755+00:00
14,432,Onana,14,GKP,49,0,0,0.0,0.0,0.0,0,1,0,0,0,2026-08-18T09:50:34.661142+00:00,2026-08-18T09:51:31.167755+00:00
14,433,Harrison,14,GKP,40,0,0,0.0,0.0,0.0,0,1,0,0,0,2026-08-18T09:50:34.661142+00:00,2026-08-18T09:51:31.167755+00:00
14,434,Heaton,14,GKP,39,0.1876,0.8332,0.04,0.0384,0.0403,0.0004,1,0,0,0,2026-08-18T09:50:34.661142+00:00,2026-08-18T09:51:31.167755+00:00
14,435,Mee,14,GKP,39,0.176,0.7877,0.04,0.0384,0.0403,0.0,1,0,0,0,2026-08-18T09:50:34.661142+00:00,2026-08-18T09:51:31.167755+00:00
14,436,De Ligt,14,DEF,50,0,0,0.0,0.0,0.0,0,1,0,0,0,2026-08-18T09:50:34.661142+00:00,2026-08-18T09:51:31.167755+00:00
14,437,Martinez,14,DEF,48,1.0188,1.994,0.18,0.1804,0.1818,0.0032,1,1,2,0,2026-08-18T09:50:34.661142+00:00,2026-08-18T09:51:31.167755+00:00
14,438,Mazraoui,14,DEF,49,1.17,2.0049,0.28,0.1584,0.2731,0.0052,1,3,90,1,2026-08-18T09:50:34.661142+00:00,2026-08-18T09:51:31.167755+00:00
14,439,D.Leon,14,DEF,42,0.5036,1.2701,0.1,0.198,0.1088,0.0012,1,0,0,0,2026-08-18T09:50:34.661142+00:00,2026-08-18T09:51:31.167755+00:00
14,440,Dalot,14,DEF,44,0.9092,1.7396,0.22,0.1716,0.2183,0.002,1,15,67,1,2026-08-18T09:50:34.661142+00:00,2026-08-18T09:51:31.167755+00:00
14,441,Dorgu,14,DEF,42,0.8272,1.7001,0.22,0.1716,0.2183,0.002,1,1,22,0,2026-08-18T09:50:34.661142+00:00,2026-08-18T09:51:31.167755+00:00
14,442,Maguire,14,DEF,44,0.9236,1.8313,0.22,0.1716,0.2183,0.0064,1,0,0,0,2026-08-18T09:50:34.661142+00:00,2026-08-18T09:51:31.167755+00:00
14,443,Shaw,14,DEF,45,0.854,1.607,0.22,0.1716,0.2183,0.0004,1,1,87,1,2026-08-18T09:50:34.661142+00:00,2026-08-18T09:51:31.167755+00:00
14,444,Yoro,14,DEF,43,0.9884,1.8278,0.22,0.1716,0.2183,0.002,1,1,45,1,2026-08-18T09:50:34.661142+00:00,2026-08-18T09:51:31.167755+00:00
14,445,Amass,14,DEF,40,0,0,0.0,0.0,0.0,0,1,0,0,0,2026-08-18T09:50:34.661142+00:00,2026-08-18T09:51:31.167755+00:00
14,446,Fredricson,14,DEF,38,0.4808,1.1453,0.1,0.198,0.1088,0.0004,1,0,0,0,2026-08-18T09:50:34.661142+00:00,2026-08-18T09:51:31.167755+00:00
14,447,Heaven,14,DEF,38,0.6592,1.611,0.1,0.198,0.1088,0.002,1,0,45,1,2026-08-18T09:50:34.661142+00:00,2026-08-18T09:51:31.167755+00:00
14,448,Malacia,14,DEF,38,0.496,1.2156,0.1,0.198,0.1088,0.0012,1,0,0,0,2026-08-18T09:50:34.661142+00:00,2026-08-18T09:51:31.167755+00:00
14,449,B.Fernandes,14,MID,89,3.0384,3.7083,0.48,0.1456,0.458,0.072,1,4,90,1,2026-08-18T09:50:34.661142+00:00,2026-08-18T09:51:31.167755+00:00
14,450,Cunha,14,MID,79,2.1316,2.6825,0.48,0.1456,0.458,0.026,1,3,76,1,2026-08-18T09:50:34.661142+00:00,2026-08-18T09:51:31.167755+00:00
14,451,Rashford,14,MID,70,0,0,0.0,0.0,0.0,0,1,0,0,0,2026-08-18T09:50:34.661142+00:00,2026-08-18T09:51:31.167755+00:00
14,452,Amad,14,MID,63,2.1956,2.6068,0.48,0.1456,0.458,0.016,1,2,90,1,2026-08-18T09:50:34.661142+00:00,2026-08-18T09:51:31.167755+00:00
14,454,Antony,14,MID,59,0,0,0.0,0.0,0.0,0,1,0,0,0,2026-08-18T09:50:34.661142+00:00,2026-08-18T09:51:31.167755+00:00
14,455,Mount,14,MID,59,1.3108,2.0266,0.28,0.2016,0.2765,0.0072,1,1,12,0,2026-08-18T09:50:34.661142+00:00,2026-08-18T09:51:31.167755+00:00
14,457,Casemiro,14,MID,55,2.1448,2.6754,0.48,0.1456,0.458,0.0224,1,8,90,1,2026-08-18T09:50:34.661142+00:00,2026-08-18T09:51:31.167755+00:00
14,458,Mainoo,14,MID,47,0.7692,1.4193,0.18,0.1804,0.1818,0.0012,1,0,0,0,2026-08-18T09:50:34.661142+00:00,2026-08-18T09:51:31.167755+00:00
14,459,Ugarte,14,MID,47,0.9264,1.7301,0.18,0.1804,0.1818,0.002,1,1,13,0,2026-08-18T09:50:34.661142+00:00,2026-08-18T09:51:31.167755+00:00
14,460,Collyer,14,MID,45,0,0,0.0,0.0,0.0,0,1,0,0,0,2026-08-18T09:50:34.661142+00:00,2026-08-18T09:51:31.167755+00:00
14,461,Fitzgerald,14,MID,44,0.4892,1.0087,0.1,0.198,0.1088,0.0004,1,0,0,0,2026-08-18T09:50:34.661142+00:00,2026-08-18T09:51:31.167755+00:00
14,462,J.Fletcher,14,MID,43,0.5084,1.0636,0.1,0.198,0.1088,0.0016,1,0,0,0,2026-08-18T09:50:34.661142+00:00,2026-08-18T09:51:31.167755+00:00
14,463,Kone,14,MID,43,0,0,0.0,0.0,0.0,0,1,0,0,0,2026-08-18T09:50:34.661142+00:00,2026-08-18T09:51:31.167755+00:00
14,464,Moorhouse,14,MID,45,0,0,0.0,0.0,0.0,0,1,0,0,0,2026-08-18T09:50:34.661142+00:00,2026-08-18T09:51:31.167755+00:00
14,465,Højlund,14,FWD,63,0,0,0.0,0.0,0.0,0,1,0,0,0,2026-08-18T09:50:34.661142+00:00,2026-08-18T09:51:31.167755+00:00
14,466,Zirkzee,14,FWD,58,1.5092,1.9531,0.45,0.154,0.4308,0.0076,1,2,77,1,2026-08-18T09:50:34.661142+00:00,2026-08-18T09:51:31.167755+00:00
14,467,Obi,14,FWD,43,0.4732,0.9952,0.1,0.198,0.1088,0.0008,1,0,0,0,2026-08-18T09:50:34.661142+00:00,2026-08-18T09:51:31.167755+00:00
14,468,Wheatley,14,FWD,45,0,0,0.0,0.0,0.0,0,1,0,0,0,2026-08-18T09:50:34.661142+00:00,2026-08-18T09:51:31.167755+00:00
14,681,Šeško,14,FWD,72,0.8276,1.6856,0.14,0.2408,0.1495,0.0064,1,0,0,0,2026-08-18T09:50:34.661142+00:00,2026-08-18T09:51:31.167755+00:00
14,733,Lammens,14,GKP,50,3.26,2.2629,0.88,0.0096,0.8192,0.0016,1,2,90,1,2026-08-18T09:50:34.661142+00:00,2026-08-18T09:51:31.167755+00:00
14,755,Lacey,14,MID,45,0.4568,0.9417,0.1,0.198,0.1088,0.0004,1,0,0,0,2026-08-18T09:50:34.661142+00:00,2026-08-18T09:51:31.167755+00:00
14,769,Bendito Mantato,14,MID,45,0.4688,0.9641,0.1,0.198,0.1088,0.0004,1,,,,2026-08-18T09:50:34.661142+00:00,
14,771,Fletcher,14,MID,44,0.492,1.059,0.1,0.198,0.1088,0.0004,1,,,,2026-08-18T09:50:34.661142+00:00,
14,788,Kukonki,14,DEF,40,0.5484,1.3355,0.1,0.198,0.1088,0.0024,1,,,,2026-08-18T09:50:34.661142+00:00,
14,827,Thwaites,14,MID,45,0.4768,1.0219,0.1,0.198,0.1088,0.0008,1,,,,2026-08-18T09:50:34.661142+00:00,
14,52,J.Ramsey,15,MID,53,0.772,1.4817,0.18,0.1804,0.1818,0.0024,1,0,0,0,2026-08-18T09:50:34.661142+00:00,2026-08-18T09:51:31.167755+00:00
14,135,Wissa,15,FWD,73,4.8984,3.5939,0.9,0.018,0.8384,0.1204,1,0,0,0,2026-08-18T09:50:34.661142+00:00,2026-08-18T09:51:31.167755+00:00
14,469,Pope,15,GKP,52,3.4228,2.3099,0.9,0.008,0.8376,0.0024,1,0,0,0,2026-08-18T09:50:34.661142+00:00,2026-08-18T09:51:31.167755+00:00
14,471,Gillespie,15,GKP,39,0.1768,0.7996,0.04,0.0384,0.0403,0.0,1,0,0,0,2026-08-18T09:50:34.661142+00:00,2026-08-18T09:51:31.167755+00:00
14,472,Odysseas,15,GKP,40,0,0,0.0,0.0,0.0,0,1,0,0,0,2026-08-18T09:50:34.661142+00:00,2026-08-18T09:51:31.167755+00:00
14,473,Hall,15,DEF,52,1.1432,2.0434,0.28,0.1584,0.2731,0.0052,1,3,90,1,2026-08-18T09:50:34.661142+00:00,2026-08-18T09:51:31.167755+00:00
14,474,Schär,15,DEF,53,0,0,0.0,0.0,0.0,0,1,1,1,0,2026-08-18T09:50:34.661142+00:00,2026-08-18T09:51:31.167755+00:00
14,475,Botman,15,DEF,49,2.2228,2.7376,0.48,0.1144,0.4556,0.0132,1,0,0,0,2026-08-18T09:50:34.661142+00:00,2026-08-18T09:51:31.167755+00:00
14,476,Burn,15,DEF,51,1.8636,2.3668,0.48,0.1144,0.4556,0.0064,1,6,90,1,2026-08-18T09:50:34.661142+00:00,2026-08-18T09:51:31.167755+00:00
14,477,Livramento,15,DEF,49,0,0,0.0,0.0,0.0,0,1,3,90,1,2026-08-18T09:50:34.661142+00:00,2026-08-18T09:51:31.167755+00:00
14,478,Trippier,15,DEF,50,1.8316,2.3442,0.48,0.1144,0.4556,0.006,1,0,0,0,2026-08-18T09:50:34.661142+00:00,2026-08-18T09:51:31.167755+00:00
14,479,Krafth,15,DEF,43,0,0,0.0,0.0,0.0,0,1,0,0,0,2026-08-18T09:50:34.661142+00:00,2026-08-18T09:51:31.167755+00:00
14,480,Lascelles,15,DEF,43,0,0,0.0,0.0,0.0,0,1,0,0,0,2026-08-18T09:50:34.661142+00:00,2026-08-18T09:51:31.167755+00:00
14,481,A.Murphy,15,DEF,38,0.5628,1.3328,0.1,0.198,0.1088,0.0012,1,0,0,0,2026-08-18T09:50:34.661142+00:00,2026-08-18T09:51:31.167755+00:00
14,482,Ashby,15,DEF,39,0,0,0.0,0.0,0.0,0,1,0,0,0,2026-08-18T09:50:34.661142+00:00,2026-08-18T09:51:31.167755+00:00
14,483,Pivas,15,DEF,38,0.5228,1.2537,0.1,0.198,0.1088,0.0016,1,0,0,0,2026-08-18T09:50:34.661142+00:00,2026-08-18T09:51:31.167755+00:00
14,484,Targett,15,DEF,40,0,0,0.0,0.0,0.0,0,1,0,0,0,2026-08-18T09:50:34.661142+00:00,2026-08-18T09:51:31.167755+00:00
14,485,Gordon,15,MID,72,1.3112,2.1946,0.28,0.2016,0.2765,0.014,1,6,24,0,2026-08-18T09:50:34.661142+00:00,2026-08-18T09:51:31.167755+00:00
14,486,Elanga,15,MID,66,1.192,1.9218,0.28,0.2016,0.2765,0.008,1,1,24,0,2026-08-18T09:50:34.661142+00:00,2026-08-18T09:51:31.167755+00:00
14,487,Barnes,15,MID,64,1.6232,2.6242,0.28,0.2016,0.2765,0.0232,1,3,65,1,2026-08-18T09:50:34.661142+00:00,2026-08-18T09:51:31.167755+00:00
14,488,Bruno G.,15,MID,67,2.1956,2.6181,0.48,0.1456,0.458,0.0212,1,7,45,1,2026-08-18T09:50:34.661142+00:00,2026-08-18T09:51:31.167755+00:00
14,489,J.Murphy,15,MID,61,2.1452,2.5677,0.48,0.1456,0.458,0.0172,1,3,65,1,2026-08-18T09:50:34.661142+00:00,2026-08-18T09:51:31.167755+00:00
14,490,Joelinton,15,MID,59,0,0,0.0,0.0,0.0,0,1,4,90,1,2026-08-18T09:50:34.661142+00:00,2026-08-18T09:51:31.167755+00:00
14,491,Tonali,15,MID,54,0.9684,1.668,0.24,0.1672,0.2366,0.0032,1,1,45,1,2026-08-18T09:50:34.661142+00:00,2026-08-18T09:51:31.167755+00:00
14,492,Antoñito C.,15,MID,49,0,0,0.0,0.0,0.0,0,1,0,0,0,2026-08-18T09:50:34.661142+00:00,2026-08-18T09:51:31.167755+00:00
14,494,Willock,15,MID,50,0.79,1.4679,0.18,0.1804,0.1818,0.0024,1,0,0,0,2026-08-18T09:50:34.661142+00:00,2026-08-18T09:51:31.167755+00:00
14,495,Hayden,15,MID,45,0,0,0.0,0.0,0.0,0,1,0,0,0,2026-08-18T09:50:34.661142+00:00,2026-08-18T09:51:31.167755+00:00
14,496,Kuol,15,MID,44,0,0,0.0,0.0,0.0,0,1,0,0,0,2026-08-18T09:50:34.661142+00:00,2026-08-18T09:51:31.167755+00:00
14,497,L.Miley,15,MID,44,0,0,0.0,0.0,0.0,0,1,2,90,1,2026-08-18T09:50:34.661142+00:00,2026-08-18T09:51:31.167755+00:00
14,498,White,15,MID,45,0,0,0.0,0.0,0.0,0,1,0,0,0,2026-08-18T09:50:34.661142+00:00,2026-08-18T09:51:31.167755+00:00
14,500,Osula,15,FWD,54,0.7056,1.3451,0.18,0.1804,0.1818,0.0016,1,0,0,0,2026-08-18T09:50:34.661142+00:00,2026-08-18T09:51:31.167755+00:00
14,501,Neave,15,FWD,44,0.4752,0.9559,0.1,0.198,0.1088,0.0008,1,0,0,0,2026-08-18T09:50:34.661142+00:00,2026-08-18T09:51:31.167755+00:00
14,674,Ramsdale,15,GKP,48,0.3184,1.0567,0.08,0.0736,0.0803,0.0,1,1,90,1,2026-08-18T09:50:34.661142+00:00,2026-08-18T09:51:31.167755+00:00
14,684,Thiaw,15,DEF,49,2.406,3.0379,0.48,0.1144,0.4556,0.0284,1,1,90,1,2026-08-18T09:50:34.661142+00:00,2026-08-18T09:51:31.167755+00:00
14,689,Seung soo,15,MID,44,0.4552,0.9353,0.1,0.198,0.1088,0.0004,1,0,0,0,2026-08-18T09:50:34.661142+00:00,2026-08-18T09:51:31.167755+00:00
14,714,Woltemade,15,FWD,74,2.3432,2.8449,0.48,0.1456,0.458,0.0288,1,5,90,1,2026-08-18T09:50:34.661142+00:00,2026-08-18T09:51:31.167755+00:00
14,753,Ruddy,15,GKP,40,0.1748,0.8196,0.04,0.0384,0.0403,0.0004,1,0,0,0,2026-08-18T09:50:34.661142+00:00,2026-08-18T09:51:31.167755+00:00
14,765,Shahar,15,DEF,40,0.5572,1.2548,0.1,0.198,0.1088,0.0008,1,,,,2026-08-18T09:50:34.661142+00:00,
14,772,Alabi,15,MID,45,0.4856,0.9975,0.1,0.198,0.1088,0.0,1,,,,2026-08-18T09:50:34.661142+00:00,
14,12,Zinchenko,16,DEF,49,0,0,0.0,0.0,0.0,0,1,0,0,0,2026-08-18T09:50:34.661142+00:00,2026-08-18T09:51:31.167755+00:00
14,400,Ortega Moreno,16,GKP,48,0.3192,1.0084,0.08,0.0736,0.0803,0.0,1,0,0,0,2026-08-18T09:50:34.661142+00:00,2026-08-18T09:51:31.167755+00:00
14,426,McAtee,16,MID,51,0.612,1.1382,0.18,0.1804,0.1818,0.0004,1,0,0,0,2026-08-18T09:50:34.661142+00:00,2026-08-18T09:51:31.167755+00:00
14,502,Sels,16,GKP,47,2.8452,2.0776,0.9,0.008,0.8376,0.0004,1,6,90,1,2026-08-18T09:50:34.661142+00:00,2026-08-18T09:51:31.167755+00:00
14,503,C.Miguel,16,GKP,40,0,0,0.0,0.0,0.0,0,1,0,0,0,2026-08-18T09:50:34.661142+00:00,2026-08-18T09:51:31.167755+00:00
14,504,Turner,16,GKP,40,0,0,0.0,0.0,0.0,0,1,0,0,0,2026-08-18T09:50:34.661142+00:00,2026-08-18T09:51:31.167755+00:00
14,505,Milenković,16,DEF,52,1.558,2.1488,0.48,0.1144,0.4556,0.0056,1,6,90,1,2026-08-18T09:50:34.661142+00:00,2026-08-18T09:51:31.167755+00:00
14,506,Murillo,16,DEF,53,0,0,0.0,0.0,0.0,0,1,0,0,0,2026-08-18T09:50:34.661142+00:00,2026-08-18T09:51:31.167755+00:00
14,507,Aina,16,DEF,47,0.5792,1.3,0.14,0.1892,0.1453,0.0008,1,0,0,0,2026-08-18T09:50:34.661142+00:00,2026-08-18T09:51:31.167755+00:00
14,508,N.Williams,16,DEF,47,1.5976,2.3055,0.48,0.1144,0.4556,0.0096,1,8,90,1,2026-08-18T09:50:34.661142+00:00,2026-08-18T09:51:31.167755+00:00
14,509,David Carmo,16,DEF,45,0,0,0.0,0.0,0.0,0,1,0,0,0,2026-08-18T09:50:34.661142+00:00,2026-08-18T09:51:31.167755+00:00
14,510,Jair Cunha,16,DEF,43,0.5656,1.3709,0.1,0.198,0.1088,0.0016,1,0,0,0,2026-08-18T09:50:34.661142+00:00,2026-08-18T09:51:31.167755+00:00
14,511,Morato,16,DEF,43,0.8496,1.6395,0.22,0.1716,0.2183,0.0012,1,7,90,1,2026-08-18T09:50:34.661142+00:00,2026-08-18T09:51:31.167755+00:00
14,512,O.Richards,16,DEF,45,0,0,0.0,0.0,0.0,0,1,0,0,0,2026-08-18T09:50:34.661142+00:00,2026-08-18T09:51:31.167755+00:00
14,513,Abbott,16,DEF,39,0.4676,1.1023,0.1,0.198,0.1088,0.0004,1,0,0,0,2026-08-18T09:50:34.661142+00:00,2026-08-18T09:51:31.167755+00:00
14,514,Boly,16,DEF,39,0,0,0.0,0.0,0.0,0,1,0,0,0,2026-08-18T09:50:34.661142+00:00,2026-08-18T09:51:31.167755+00:00
14,515,Gibbs-White,16,MID,73,2.1108,2.6681,0.48,0.1456,0.458,0.024,1,3,90,1,2026-08-18T09:50:34.661142+00:00,2026-08-18T09:51:31.167755+00:00
14,516,Hudson-Odoi,16,MID,57,0,0,0.0,0.0,0.0,0,1,1,23,0,2026-08-18T09:50:34.661142+00:00,2026-08-18T09:51:31.167755+00:00
14,517,Anderson,16,MID,54,2.2728,2.6507,0.48,0.1144,0.4556,0.0184,1,2,90,1,2026-08-18T09:50:34.661142+00:00,2026-08-18T09:51:31.167755+00:00
14,518,Jota,16,MID,54,0,0,0.0,0.0,0.0,0,1,0,0,0,2026-08-18T09:50:34.661142+00:00,2026-08-18T09:51:31.167755+00:00
14,519,Dominguez,16,MID,50,0.9224,1.4295,0.28,0.1584,0.2731,0.0012,1,1,1,0,2026-08-18T09:50:34.661142+00:00,2026-08-18T09:51:31.167755+00:00
14,520,O'Brien,16,MID,50,0,0,0.0,0.0,0.0,0,1,0,0,0,2026-08-18T09:50:34.661142+00:00,2026-08-18T09:51:31.167755+00:00
14,521,Sangaré,16,MID,49,1.6052,1.9172,0.48,0.1144,0.4556,0.0044,1,3,66,1,2026-08-18T09:50:34.661142+00:00,2026-08-18T09:51:31.167755+00:00
14,522,Yates,16,MID,47,0.6724,1.2474,0.18,0.1804,0.1818,0.0008,1,1,23,0,2026-08-18T09:50:34.661142+00:00,2026-08-18T09:51:31.167755+00:00
14,523,Da Silva Moreira,16,MID,45,0.4544,0.9175,0.1,0.198,0.1088,0.0,1,0,0,0,2026-08-18T09:50:34.661142+00:00,2026-08-18T09:51:31.167755+00:00
14,524,Stamenic,16,MID,45,0,0,0.0,0.0,0.0,0,1,0,0,0,2026-08-18T09:50:34.661142+00:00,2026-08-18T09:51:31.167755+00:00
14,525,Wood,16,FWD,72,1.2708,1.9827,0.28,0.2016,0.2765,0.008,1,0,0,0,2026-08-18T09:50:34.661142+00:00,2026-08-18T09:51:31.167755+00:00
14,526,Igor Jesus,16,FWD,58,0.9884,1.5228,0.28,0.2016,0.2765,0.002,1,9,90,1,2026-08-18T09:50:34.661142+00:00,2026-08-18T09:51:31.167755+00:00
14,527,Awoniyi,16,FWD,52,0.6588,1.2095,0.18,0.1804,0.1818,0.0012,1,0,0,0,2026-08-18T09:50:34.661142+00:00,2026-08-18T09:51:31.167755+00:00
14,669,Ndoye,16,MID,56,1.7292,1.9405,0.48,0.1456,0.458,0.004,1,3,66,1,2026-08-18T09:50:34.661142+00:00,2026-08-18T09:51:31.167755+00:00
14,675,Gunn,16,GKP,40,0.1532,0.7056,0.04,0.0384,0.0403,0.0,1,0,0,0,2026-08-18T09:50:34.661142+00:00,2026-08-18T09:51:31.167755+00:00
14,693,Hutchinson,16,MID,54,0.8032,1.5597,0.18,0.1804,0.1818,0.0036,1,6,90,1,2026-08-18T09:50:34.661142+00:00,2026-08-18T09:51:31.167755+00:00
14,696,Kalimuendo,16,FWD,60,0,0,0.0,0.0,0.0,0,1,0,0,0,2026-08-18T09:50:34.661142+00:00,2026-08-18T09:51:31.167755+00:00
14,715,John,16,GKP,40,0.1524,0.7471,0.04,0.0384,0.0403,0.0,1,0,0,0,2026-08-18T09:50:34.661142+00:00,2026-08-18T09:51:31.167755+00:00
14,716,Savona,16,DEF,45,0,0,0.0,0.0,0.0,0,1,6,90,1,2026-08-18T09:50:34.661142+00:00,2026-08-18T09:51:31.167755+00:00
14,729,Cuiabano,16,DEF,45,0,0,0.0,0.0,0.0,0,1,0,0,0,2026-08-18T09:50:34.661142+00:00,2026-08-18T09:51:31.167755+00:00
14,734,Bakwa,16,MID,59,1.4368,1.768,0.45,0.154,0.4308,0.0016,1,0,0,0,2026-08-18T09:50:34.661142+00:00,2026-08-18T09:51:31.167755+00:00
14,805,Lucca,16,FWD,53,0.6756,1.2151,0.18,0.1804,0.1818,0.0012,1,,,,2026-08-18T09:50:34.661142+00:00,
14,814,Netz,16,DEF,45,0.4784,1.1163,0.1,0.198,0.1088,0.0,1,,,,2026-08-18T09:50:34.661142+00:00,
14,835,Whitehall,16,MID,45,0.4824,0.9506,0.1,0.198,0.1088,0.0004,1,,,,2026-08-18T09:50:34.661142+00:00,
14,836,Sinclair,16,MID,45,0.4596,0.8926,0.1,0.198,0.1088,0.0,1,,,,2026-08-18T09:50:34.661142+00:00,
14,841,Sillah,16,FWD,45,0.42,0.8294,0.1,0.198,0.1088,0.0004,1,,,,2026-08-18T09:50:34.661142+00:00,
14,528,Patterson,17,GKP,43,0,0,0.0,0.0,0.0,0,1,0,0,0,2026-08-18T09:50:34.661142+00:00,2026-08-18T09:51:31.167755+00:00
14,529,Moore,17,GKP,39,0.1768,0.7976,0.04,0.0384,0.0403,0.0,1,0,0,0,2026-08-18T09:50:34.661142+00:00,2026-08-18T09:51:31.167755+00:00
14,530,Nna Noukeu,17,GKP,39,0,0,0.0,0.0,0.0,0,1,0,0,0,2026-08-18T09:50:34.661142+00:00,2026-08-18T09:51:31.167755+00:00
14,531,Ballard,17,DEF,46,2.2392,2.8316,0.48,0.1144,0.4556,0.02,1,4,90,1,2026-08-18T09:50:34.661142+00:00,2026-08-18T09:51:31.167755+00:00
14,532,Hume,17,DEF,45,0.818,1.6138,0.22,0.1716,0.2183,0.0028,1,2,90,1,2026-08-18T09:50:34.661142+00:00,2026-08-18T09:51:31.167755+00:00
14,533,Alese,17,DEF,40,0,0,0.0,0.0,0.0,0,1,0,0,0,2026-08-18T09:50:34.661142+00:00,2026-08-18T09:51:31.167755+00:00
14,534,Anderson,17,DEF,39,0,0,0.0,0.0,0.0,0,1,0,0,0,2026-08-18T09:50:34.661142+00:00,2026-08-18T09:51:31.167755+00:00
14,535,Cirkin,17,DEF,40,0.4916,1.189,0.1,0.198,0.1088,0.0004,1,0,0,0,2026-08-18T09:50:34.661142+00:00,2026-08-18T09:51:31.167755+00:00
14,536,Hjelde,17,DEF,40,0,0,0.0,0.0,0.0,0,1,0,0,0,2026-08-18T09:50:34.661142+00:00,2026-08-18T09:51:31.167755+00:00
14,537,Huggins,17,DEF,40,0,0,0.0,0.0,0.0,0,1,0,0,0,2026-08-18T09:50:34.661142+00:00,2026-08-18T09:51:31.167755+00:00
14,538,Johnson,17,DEF,39,0,0,0.0,0.0,0.0,0,1,0,0,0,2026-08-18T09:50:34.661142+00:00,2026-08-18T09:51:31.167755+00:00
14,539,O'Nien,17,DEF,40,0.5004,1.1434,0.1,0.198,0.1088,0.0,1,1,1,0,2026-08-18T09:50:34.661142+00:00,2026-08-18T09:51:31.167755+00:00
14,540,Pembele,17,DEF,39,0,0,0.0,0.0,0.0,0,1,0,0,0,2026-08-18T09:50:34.661142+00:00,2026-08-18T09:51:31.167755+00:00
14,541,Reinildo,17,DEF,40,0.7096,1.4521,0.22,0.1716,0.2183,0.0008,1,4,90,1,2026-08-18T09:50:34.661142+00:00,2026-08-18T09:51:31.167755+00:00
14,542,Seelt,17,DEF,40,0,0,0.0,0.0,0.0,0,1,0,0,0,2026-08-18T09:50:34.661142+00:00,2026-08-18T09:51:31.167755+00:00
14,543,Adingra,17,MID,50,0,0,0.0,0.0,0.0,0,1,0,0,0,2026-08-18T09:50:34.661142+00:00,2026-08-18T09:51:31.167755+00:00
14,544,Diarra,17,MID,53,1.0932,1.9111,0.28,0.1584,0.2731,0.0036,1,0,0,0,2026-08-18T09:50:34.661142+00:00,2026-08-18T09:51:31.167755+00:00
14,545,Roberts,17,MID,54,0,0,0.0,0.0,0.0,0,1,0,0,0,2026-08-18T09:50:34.661142+00:00,2026-08-18T09:51:31.167755+00:00
14,546,Aleksić,17,MID,49,0.6956,1.2418,0.18,0.1804,0.1818,0.0012,1,0,0,0,2026-08-18T09:50:34.661142+00:00,2026-08-18T09:51:31.167755+00:00
14,547,E.Le Fée,17,MID,49,2.0392,2.4802,0.48,0.1144,0.4556,0.016,1,5,79,1,2026-08-18T09:50:34.661142+00:00,2026-08-18T09:51:31.167755+00:00
14,548,Mundle,17,MID,49,0,0,0.0,0.0,0.0,0,1,0,0,0,2026-08-18T09:50:34.661142+00:00,2026-08-18T09:51:31.167755+00:00
14,549,Neil,17,MID,48,0,0,0.0,0.0,0.0,0,1,0,0,0,2026-08-18T09:50:34.661142+00:00,2026-08-18T09:51:31.167755+00:00
14,550,Poveda,17,MID,48,0.6696,1.1646,0.18,0.1804,0.1818,0.0,1,0,0,0,2026-08-18T09:50:34.661142+00:00,2026-08-18T09:51:31.167755+00:00
14,551,Rigg,17,MID,48,0.898,1.3492,0.28,0.1584,0.2731,0.0012,1,0,0,0,2026-08-18T09:50:34.661142+00:00,2026-08-18T09:51:31.167755+00:00
14,552,Sadiki,17,MID,50,1.2768,1.4219,0.48,0.1144,0.4556,0.0004,1,2,90,1,2026-08-18T09:50:34.661142+00:00,2026-08-18T09:51:31.167755+00:00
14,553,Talbi,17,MID,50,0,0,0.0,0.0,0.0,0,1,10,90,1,2026-08-18T09:50:34.661142+00:00,2026-08-18T09:51:31.167755+00:00
14,554,Ba,17,MID,43,0.478,1.0065,0.1,0.198,0.1088,0.0012,1,0,0,0,2026-08-18T09:50:34.661142+00:00,2026-08-18T09:51:31.167755+00:00
14,555,Browne,17,MID,45,0,0,0.0,0.0,0.0,0,1,0,0,0,2026-08-18T09:50:34.661142+00:00,2026-08-18T09:51:31.167755+00:00
14,556,Ekwah,17,MID,45,0,0,0.0,0.0,0.0,0,1,0,0,0,2026-08-18T09:50:34.661142+00:00,2026-08-18T09:51:31.167755+00:00
14,557,H.Jones,17,MID,44,0.4588,0.9225,0.1,0.198,0.1088,0.0,1,0,0,0,2026-08-18T09:50:34.661142+00:00,2026-08-18T09:51:31.167755+00:00
14,558,Matete,17,MID,44,0,0,0.0,0.0,0.0,0,1,0,0,0,2026-08-18T09:50:34.661142+00:00,2026-08-18T09:51:31.167755+00:00
14,559,Triantis,17,MID,44,0,0,0.0,0.0,0.0,0,1,0,0,0,2026-08-18T09:50:34.661142+00:00,2026-08-18T09:51:31.167755+00:00
14,560,Isidor,17,FWD,56,1.9068,2.1583,0.48,0.1456,0.458,0.0076,1,1,28,0,2026-08-18T09:50:34.661142+00:00,2026-08-18T09:51:31.167755+00:00
14,561,Mayenda,17,FWD,53,0.862,1.3454,0.28,0.1584,0.2731,0.0008,1,0,0,0,2026-08-18T09:50:34.661142+00:00,2026-08-18T09:51:31.167755+00:00
14,562,Abdullahi,17,FWD,43,0.4336,0.9206,0.1,0.198,0.1088,0.0008,1,0,0,0,2026-08-18T09:50:34.661142+00:00,2026-08-18T09:51:31.167755+00:00
14,563,Luís Hemir,17,FWD,44,0,0,0.0,0.0,0.0,0,1,0,0,0,2026-08-18T09:50:34.661142+00:00,2026-08-18T09:51:31.167755+00:00
14,564,Rusyn,17,FWD,44,0,0,0.0,0.0,0.0,0,1,0,0,0,2026-08-18T09:50:34.661142+00:00,2026-08-18T09:51:31.167755+00:00
14,668,Xhaka,17,MID,52,1.7852,2.0427,0.48,0.1144,0.4556,0.0028,1,4,90,1,2026-08-18T09:50:34.661142+00:00,2026-08-18T09:51:31.167755+00:00
14,670,Roefs,17,GKP,47,3.3668,2.2712,0.9,0.008,0.8376,0.0028,1,3,90,1,2026-08-18T09:50:34.661142+00:00,2026-08-18T09:51:31.167755+00:00
14,678,Masuaku,17,DEF,39,0,0,0.0,0.0,0.0,0,1,0,0,0,2026-08-18T09:50:34.661142+00:00,2026-08-18T09:51:31.167755+00:00
14,683,Alderete,17,DEF,41,0.6596,1.5512,0.11,0.1958,0.118,0.0032,1,4,90,1,2026-08-18T09:50:34.661142+00:00,2026-08-18T09:51:31.167755+00:00
14,694,Mukiele,17,DEF,42,1.1292,2.1183,0.22,0.1716,0.2183,0.0076,1,0,90,1,2026-08-18T09:50:34.661142+00:00,2026-08-18T09:51:31.167755+00:00
14,724,Geertruida,17,DEF,45,0.786,1.6081,0.22,0.1716,0.2183,0.0016,1,1,11,0,2026-08-18T09:50:34.661142+00:00,2026-08-18T09:51:31.167755+00:00
14,730,Brobbey,17,FWD,55,1.4784,1.7919,0.45,0.154,0.4308,0.0024,1,2,61,1,2026-08-18T09:50:34.661142+00:00,2026-08-18T09:51:31.167755+00:00
14,735,Traoré,17,MID,55,0.9552,1.4758,0.28,0.2016,0.2765,0.0016,1,0,0,0,2026-08-18T09:50:34.661142+00:00,2026-08-18T09:51:31.167755+00:00
14,774,Jenson Jones,17,DEF,40,0.4836,1.1355,0.1,0.198,0.1088,0.0004,1,,,,2026-08-18T09:50:34.661142+00:00,
14,775,Tutierov,17,MID,45,0,0,0.0,0.0,0.0,0,1,,,,2026-08-18T09:50:34.661142+00:00,
14,800,Jocelin.T,17,MID,49,0.6604,1.202,0.18,0.1804,0.1818,0.0004,1,,,,2026-08-18T09:50:34.661142+00:00,
14,812,Ellborg,17,GKP,40,0.1472,0.676,0.04,0.0384,0.0403,0.0,1,,,,2026-08-18T09:50:34.661142+00:00,
14,813,Angulo,17,MID,50,0.718,1.2943,0.18,0.1804,0.1818,0.0,1,,,,2026-08-18T09:50:34.661142+00:00,
14,821,Whittaker,17,MID,45,0.4764,0.9589,0.1,0.198,0.1088,0.0,1,,,,2026-08-18T09:50:34.661142+00:00,
14,822,Jones,17,MID,45,0.4568,0.9246,0.1,0.198,0.1088,0.0004,1,,,,2026-08-18T09:50:34.661142+00:00,
14,565,Vicario,18,GKP,50,3.15,2.2023,0.9,0.008,0.8376,0.0032,1,2,90,1,2026-08-18T09:50:34.661142+00:00,2026-08-18T09:51:31.167755+00:00
14,566,Austin,18,GKP,39,0.1388,0.6703,0.04,0.0384,0.0403,0.0,1,0,0,0,2026-08-18T09:50:34.661142+00:00,2026-08-18T09:51:31.167755+00:00
14,567,Kinsky,18,GKP,39,0.2116,0.8944,0.04,0.0384,0.0403,0.0,1,0,0,0,2026-08-18T09:50:34.661142+00:00,2026-08-18T09:51:31.167755+00:00
14,568,Pedro Porro,18,DEF,54,1.546,2.0686,0.48,0.1144,0.4556,0.0032,1,1,90,1,2026-08-18T09:50:34.661142+00:00,2026-08-18T09:51:31.167755+00:00
14,569,Romero,18,DEF,50,0,0,0.0,0.0,0.0,0,1,17,90,1,2026-08-18T09:50:34.661142+00:00,2026-08-18T09:51:31.167755+00:00
14,570,Danso,18,DEF,43,0.9652,1.8388,0.22,0.1716,0.2183,0.0016,1,3,90,1,2026-08-18T09:50:34.661142+00:00,2026-08-18T09:51:31.167755+00:00
14,571,Davies,18,DEF,43,0,0,0.0,0.0,0.0,0,1,0,0,0,2026-08-18T09:50:34.661142+00:00,2026-08-18T09:51:31.167755+00:00
14,572,Dragusin,18,DEF,45,0.7516,1.4106,0.22,0.1716,0.2183,0.0004,1,0,0,0,2026-08-18T09:50:34.661142+00:00,2026-08-18T09:51:31.167755+00:00
14,573,Spence,18,DEF,44,0.71,1.4021,0.22,0.1716,0.2183,0.0008,1,0,0,0,2026-08-18T09:50:34.661142+00:00,2026-08-18T09:51:31.167755+00:00
14,574,Udogie,18,DEF,44,0.7508,1.4843,0.22,0.1716,0.2183,0.0016,1,1,90,1,2026-08-18T09:50:34.661142+00:00,2026-08-18T09:51:31.167755+00:00
14,575,Van de Ven,18,DEF,48,1.8344,2.5398,0.48,0.1144,0.4556,0.014,1,0,0,0,2026-08-18T09:50:34.661142+00:00,2026-08-18T09:51:31.167755+00:00
14,576,Phillips,18,DEF,40,0,0,0.0,0.0,0.0,0,1,0,0,0,2026-08-18T09:50:34.661142+00:00,2026-08-18T09:51:31.167755+00:00
14,577,Takai,18,DEF,40,0,0,0.0,0.0,0.0,0,1,0,0,0,2026-08-18T09:50:34.661142+00:00,2026-08-18T09:51:31.167755+00:00
14,578,Vuskovic,18,DEF,39,0,0,0.0,0.0,0.0,0,1,0,0,0,2026-08-18T09:50:34.661142+00:00,2026-08-18T09:51:31.167755+00:00
14,579,Son,18,MID,85,0,0,0.0,0.0,0.0,0,1,0,0,0,2026-08-18T09:50:34.661142+00:00,2026-08-18T09:51:31.167755+00:00
14,581,Maddison,18,MID,68,3.2568,3.1684,0.68,0.0576,0.637,0.0444,1,0,0,0,2026-08-18T09:50:34.661142+00:00,2026-08-18T09:51:31.167755+00:00
14,582,Kudus,18,MID,65,0,0,0.0,0.0,0.0,0,1,7,86,1,2026-08-18T09:50:34.661142+00:00,2026-08-18T09:51:31.167755+00:00
14,583,Kulusevski,18,MID,64,0,0,0.0,0.0,0.0,0,1,0,0,0,2026-08-18T09:50:34.661142+00:00,2026-08-18T09:51:31.167755+00:00
14,584,Tel,18,MID,63,1.058,1.625,0.28,0.2016,0.2765,0.0024,1,4,13,0,2026-08-18T09:50:34.661142+00:00,2026-08-18T09:51:31.167755+00:00
14,585,Bentancur,18,MID,53,1.8608,2.1788,0.48,0.1144,0.4556,0.0068,1,3,90,1,2026-08-18T09:50:34.661142+00:00,2026-08-18T09:51:31.167755+00:00
14,586,Bergvall,18,MID,54,0.9804,1.5938,0.28,0.1584,0.2731,0.0032,1,2,76,1,2026-08-18T09:50:34.661142+00:00,2026-08-18T09:51:31.167755+00:00
14,587,Bissouma,18,MID,52,1.6864,1.5711,0.68,0.0704,0.638,0.0012,1,0,0,0,2026-08-18T09:50:34.661142+00:00,2026-08-18T09:51:31.167755+00:00
14,588,Odobert,18,MID,53,0,0,0.0,0.0,0.0,0,1,1,3,0,2026-08-18T09:50:34.661142+00:00,2026-08-18T09:51:31.167755+00:00
14,589,Solomon,18,MID,54,0,0,0.0,0.0,0.0,0,1,0,0,0,2026-08-18T09:50:34.661142+00:00,2026-08-18T09:51:31.167755+00:00
14,590,Bryan,18,MID,49,0,0,0.0,0.0,0.0,0,1,0,0,0,2026-08-18T09:50:34.661142+00:00,2026-08-18T09:51:31.167755+00:00
14,591,Gray,18,MID,48,0.7276,1.3936,0.18,0.1804,0.1818,0.002,1,1,3,0,2026-08-18T09:50:34.661142+00:00,2026-08-18T09:51:31.167755+00:00
14,592,Moore,18,MID,50,0,0,0.0,0.0,0.0,0,1,0,0,0,2026-08-18T09:50:34.661142+00:00,2026-08-18T09:51:31.167755+00:00
14,593,P.M.Sarr,18,MID,48,1.054,1.6435,0.28,0.1584,0.2731,0.0008,1,2,86,1,2026-08-18T09:50:34.661142+00:00,2026-08-18T09:51:31.167755+00:00
14,594,Min-hyeok,18,MID,45,0,0,0.0,0.0,0.0,0,1,0,0,0,2026-08-18T09:50:34.661142+00:00,2026-08-18T09:51:31.167755+00:00
14,595,Olusesi,18,MID,43,0.4744,0.9953,0.1,0.198,0.1088,0.0,1,0,0,0,2026-08-18T09:50:34.661142+00:00,2026-08-18T09:51:31.167755+00:00
14,596,Solanke,18,FWD,72,2.4328,2.2447,0.72,0.0784,0.6759,0.0148,1,0,0,0,2026-08-18T09:50:34.661142+00:00,2026-08-18T09:51:31.167755+00:00
14,597,Richarlison,18,FWD,64,1.9244,2.2807,0.48,0.1456,0.458,0.0112,1,0,13,0,2026-08-18T09:50:34.661142+00:00,2026-08-18T09:51:31.167755+00:00
14,598,Lankshear,18,FWD,45,0,0,0.0,0.0,0.0,0,1,0,0,0,2026-08-18T09:50:34.661142+00:00,2026-08-18T09:51:31.167755+00:00
14,599,Scarlett,18,FWD,43,0,0,0.0,0.0,0.0,0,1,0,0,0,2026-08-18T09:50:34.661142+00:00,2026-08-18T09:51:31.167755+00:00
14,673,J.Palhinha,18,MID,55,2.154,2.3921,0.48,0.1456,0.458,0.0104,1,0,0,0,2026-08-18T09:50:34.661142+00:00,2026-08-18T09:51:31.167755+00:00
14,717,Xavi,18,MID,66,0,0,0.0,0.0,0.0,0,1,1,13,0,2026-08-18T09:50:34.661142+00:00,2026-08-18T09:51:31.167755+00:00
14,726,Kolo Muani,18,FWD,69,1.0336,1.5808,0.28,0.2016,0.2765,0.0036,1,2,76,1,2026-08-18T09:50:34.661142+00:00,2026-08-18T09:51:31.167755+00:00
14,745,Byfield,18,DEF,40,0.46,1.0893,0.1,0.198,0.1088,0.0,1,0,0,0,2026-08-18T09:50:34.661142+00:00,2026-08-18T09:51:31.167755+00:00
14,750,Rowswell,18,DEF,40,0.4564,1.0521,0.1,0.198,0.1088,0.0,1,0,0,0,2026-08-18T09:50:34.661142+00:00,2026-08-18T09:51:31.167755+00:00
14,751,Akhamrich,18,MID,45,0,0,0.0,0.0,0.0,0,1,0,0,0,2026-08-18T09:50:34.661142+00:00,2026-08-18T09:51:31.167755+00:00
14,790,Williams-Barnett,18,MID,45,0.4396,0.9241,0.1,0.198,0.1088,0.0,1,,,,2026-08-18T09:50:34.661142+00:00,
14,796,Gallagher,18,MID,50,0.618,1.1943,0.18,0.1804,0.1818,0.002,1,,,,2026-08-18T09:50:34.661142+00:00,
14,804,Souza,18,DEF,40,0.4508,1.1573,0.1,0.198,0.1088,0.0008,1,,,,2026-08-18T09:50:34.661142+00:00,
14,811,Kyerematen,18,MID,45,0.468,0.9272,0.1,0.198,0.1088,0.0,1,,,,2026-08-18T09:50:34.661142+00:00,
14,818,Wilson,18,FWD,45,0.428,0.9079,0.1,0.198,0.1088,0.0004,1,,,,2026-08-18T09:50:34.661142+00:00,
14,326,Adama,19,MID,52,0.4484,0.9324,0.09,0.2002,0.0997,0.0,1,0,0,0,2026-08-18T09:50:34.661142+00:00,2026-08-18T09:51:31.167755+00:00
14,600,Areola,19,GKP,43,0.1872,0.8132,0.04,0.0384,0.0403,0.0,1,3,90,1,2026-08-18T09:50:34.661142+00:00,2026-08-18T09:51:31.167755+00:00
14,601,Foderingham,19,GKP,40,0,0,0.0,0.0,0.0,0,1,0,0,0,2026-08-18T09:50:34.661142+00:00,2026-08-18T09:51:31.167755+00:00
14,602,Hegyi,19,GKP,39,0,0,0.0,0.0,0.0,0,1,0,0,0,2026-08-18T09:50:34.661142+00:00,2026-08-18T09:51:31.167755+00:00
14,603,Diouf,19,DEF,42,0.8604,1.6777,0.22,0.1716,0.2183,0.0032,1,3,90,1,2026-08-18T09:50:34.661142+00:00,2026-08-18T09:51:31.167755+00:00
14,604,Emerson,19,DEF,44,0,0,0.0,0.0,0.0,0,1,0,0,0,2026-08-18T09:50:34.661142+00:00,2026-08-18T09:51:31.167755+00:00
14,605,Kilman,19,DEF,43,0.8548,1.6799,0.22,0.1716,0.2183,0.0008,1,1,3,0,2026-08-18T09:50:34.661142+00:00,2026-08-18T09:51:31.167755+00:00
14,606,Mavropanos,19,DEF,44,1.0,1.9193,0.22,0.1716,0.2183,0.0044,1,4,90,1,2026-08-18T09:50:34.661142+00:00,2026-08-18T09:51:31.167755+00:00
14,607,N.Aguerd,19,DEF,44,0,0,0.0,0.0,0.0,0,1,0,0,0,2026-08-18T09:50:34.661142+00:00,2026-08-18T09:51:31.167755+00:00
14,608,Scarles,19,DEF,43,0.4964,1.1493,0.1,0.198,0.1088,0.0008,1,0,0,0,2026-08-18T09:50:34.661142+00:00,2026-08-18T09:51:31.167755+00:00
14,609,Todibo,19,DEF,43,0.816,1.5535,0.22,0.1716,0.2183,0.0008,1,4,90,1,2026-08-18T09:50:34.661142+00:00,2026-08-18T09:51:31.167755+00:00
14,610,Wan-Bissaka,19,DEF,42,0.7964,1.5202,0.22,0.1716,0.2183,0.0012,1,3,90,1,2026-08-18T09:50:34.661142+00:00,2026-08-18T09:51:31.167755+00:00
14,611,Casey,19,DEF,40,0,0,0.0,0.0,0.0,0,1,0,0,0,2026-08-18T09:50:34.661142+00:00,2026-08-18T09:51:31.167755+00:00
14,612,L.Paquetá,19,MID,59,0,0,0.0,0.0,0.0,0,1,0,0,0,2026-08-18T09:50:34.661142+00:00,2026-08-18T09:51:31.167755+00:00
14,613,Souček,19,MID,57,1.4748,2.1893,0.28,0.2016,0.2765,0.0072,1,2,82,1,2026-08-18T09:50:34.661142+00:00,2026-08-18T09:51:31.167755+00:00
14,615,Summerville,19,MID,55,1.4576,1.8706,0.48,0.1456,0.458,0.0044,1,0,0,0,2026-08-18T09:50:34.661142+00:00,2026-08-18T09:51:31.167755+00:00
14,616,Álvarez,19,MID,49,0,0,0.0,0.0,0.0,0,1,0,0,0,2026-08-18T09:50:34.661142+00:00,2026-08-18T09:51:31.167755+00:00
14,617,Cornet,19,MID,49,0,0,0.0,0.0,0.0,0,1,0,0,0,2026-08-18T09:50:34.661142+00:00,2026-08-18T09:51:31.167755+00:00
14,618,G.Rodriguez,19,MID,48,0,0,0.0,0.0,0.0,0,1,0,0,0,2026-08-18T09:50:34.661142+00:00,2026-08-18T09:51:31.167755+00:00
14,619,L.Guilherme,19,MID,49,0,0,0.0,0.0,0.0,0,1,0,0,0,2026-08-18T09:50:34.661142+00:00,2026-08-18T09:51:31.167755+00:00
14,620,Earthy,19,MID,45,0,0,0.0,0.0,0.0,0,1,0,0,0,2026-08-18T09:50:34.661142+00:00,2026-08-18T09:51:31.167755+00:00
14,621,Irving,19,MID,44,0,0,0.0,0.0,0.0,0,1,1,7,0,2026-08-18T09:50:34.661142+00:00,2026-08-18T09:51:31.167755+00:00
14,622,Orford,19,MID,44,0,0,0.0,0.0,0.0,0,1,0,0,0,2026-08-18T09:50:34.661142+00:00,2026-08-18T09:51:31.167755+00:00
14,623,Potts,19,MID,44,0.9964,1.4917,0.28,0.1584,0.2731,0.0004,1,2,82,1,2026-08-18T09:50:34.661142+00:00,2026-08-18T09:51:31.167755+00:00
14,624,Bowen,19,FWD,76,1.8872,2.1614,0.48,0.1456,0.458,0.0064,1,5,90,1,2026-08-18T09:50:34.661142+00:00,2026-08-18T09:51:31.167755+00:00
14,625,Füllkrug,19,FWD,56,0,0,0.0,0.0,0.0,0,1,0,0,0,2026-08-18T09:50:34.661142+00:00,2026-08-18T09:51:31.167755+00:00
14,626,Marshall,19,FWD,43,0,0,0.0,0.0,0.0,0,1,0,0,0,2026-08-18T09:50:34.661142+00:00,2026-08-18T09:51:31.167755+00:00
14,659,Walker-Peters,19,DEF,43,0.812,1.6879,0.22,0.1716,0.2183,0.0048,1,0,0,0,2026-08-18T09:50:34.661142+00:00,2026-08-18T09:51:31.167755+00:00
14,671,Wilson,19,FWD,58,1.4184,2.0902,0.28,0.2016,0.2765,0.0056,1,2,86,1,2026-08-18T09:50:34.661142+00:00,2026-08-18T09:51:31.167755+00:00
14,679,Hermansen,19,GKP,43,0.174,0.7904,0.04,0.0384,0.0403,0.0,1,0,0,0,2026-08-18T09:50:34.661142+00:00,2026-08-18T09:51:31.167755+00:00
14,708,M.Fernandes,19,MID,55,1.7352,1.9664,0.48,0.1456,0.458,0.0056,1,4,90,1,2026-08-18T09:50:34.661142+00:00,2026-08-18T09:51:31.167755+00:00
14,718,S.Magassa,19,MID,50,1.0784,1.6576,0.28,0.1584,0.2731,0.0024,1,11,90,1,2026-08-18T09:50:34.661142+00:00,2026-08-18T09:51:31.167755+00:00
14,738,Fabianski,19,GKP,45,2.968,2.1613,0.88,0.0048,0.8188,0.0024,1,0,0,0,2026-08-18T09:50:34.661142+00:00,2026-08-18T09:51:31.167755+00:00
14,747,Mayers,19,DEF,40,0.4896,1.1538,0.1,0.198,0.1088,0.0,1,0,0,0,2026-08-18T09:50:34.661142+00:00,2026-08-18T09:51:31.167755+00:00
14,752,Golambeckis,19,DEF,40,0.4812,1.1217,0.1,0.198,0.1088,0.0,1,0,0,0,2026-08-18T09:50:34.661142+00:00,2026-08-18T09:51:31.167755+00:00
14,758,Mohamadou Kanté,19,MID,45,0.4752,0.9274,0.1,0.198,0.1088,0.0004,1,1,7,0,2026-08-18T09:50:34.661142+00:00,2026-08-18T09:51:31.167755+00:00
14,785,Pablo,19,FWD,54,0.65,1.1693,0.18,0.1804,0.1818,0.0008,1,,,,2026-08-18T09:50:34.661142+00:00,
14,791,Taty,19,FWD,55,1.2852,1.5208,0.45,0.154,0.4308,0.0028,1,,,,2026-08-18T09:50:34.661142+00:00,
14,802,Lamadrid,19,MID,50,0.7196,1.2435,0.18,0.1804,0.1818,0.0008,1,,,,2026-08-18T09:50:34.661142+00:00,
14,815,Disasi,19,DEF,45,0.694,1.4346,0.22,0.1716,0.2183,0.0008,1,,,,2026-08-18T09:50:34.661142+00:00,
14,825,Herrick,19,GKP,40,0.1656,0.7288,0.04,0.0384,0.0403,0.0,1,,,,2026-08-18T09:50:34.661142+00:00,
14,627,Johnstone,20,GKP,45,0,0,0.0,0.0,0.0,0,1,2,90,1,2026-08-18T09:50:34.661142+00:00,2026-08-18T09:51:31.167755+00:00
14,628,José Sá,20,GKP,43,2.7268,2.1396,0.88,0.0048,0.8188,0.0008,1,0,0,0,2026-08-18T09:50:34.661142+00:00,2026-08-18T09:51:31.167755+00:00
14,629,Bentley,20,GKP,40,0.1804,0.8198,0.04,0.0384,0.0403,0.0,1,0,0,0,2026-08-18T09:50:34.661142+00:00,2026-08-18T09:51:31.167755+00:00
14,631,Agbadou,20,DEF,43,0,0,0.0,0.0,0.0,0,1,2,90,1,2026-08-18T09:50:34.661142+00:00,2026-08-18T09:51:31.167755+00:00
14,632,Doherty,20,DEF,44,0,0,0.0,0.0,0.0,0,1,0,0,0,2026-08-18T09:50:34.661142+00:00,2026-08-18T09:51:31.167755+00:00
14,633,H.Bueno,20,DEF,44,1.0492,1.9836,0.22,0.1716,0.2183,0.0044,1,0,0,0,2026-08-18T09:50:34.661142+00:00,2026-08-18T09:51:31.167755+00:00
14,634,Mosquera,20,DEF,43,0.874,1.6534,0.22,0.1716,0.2183,0.0004,1,1,80,1,2026-08-18T09:50:34.661142+00:00,2026-08-18T09:51:31.167755+00:00
14,635,R.Gomes,20,DEF,44,0.9432,1.9193,0.22,0.1716,0.2183,0.0064,1,0,0,0,2026-08-18T09:50:34.661142+00:00,2026-08-18T09:51:31.167755+00:00
14,636,S.Bueno,20,DEF,44,1.14,2.16,0.22,0.1716,0.2183,0.008,1,0,0,0,2026-08-18T09:50:34.661142+00:00,2026-08-18T09:51:31.167755+00:00
14,637,Toti,20,DEF,43,0.8892,1.7266,0.22,0.1716,0.2183,0.0024,1,2,90,1,2026-08-18T09:50:34.661142+00:00,2026-08-18T09:51:31.167755+00:00
14,638,Hoever,20,DEF,39,0,0,0.0,0.0,0.0,0,1,1,9,0,2026-08-18T09:50:34.661142+00:00,2026-08-18T09:51:31.167755+00:00
14,639,Meupiyou,20,DEF,40,0,0,0.0,0.0,0.0,0,1,0,0,0,2026-08-18T09:50:34.661142+00:00,2026-08-18T09:51:31.167755+00:00
14,640,Pedro Lima,20,DEF,40,0.5108,1.1832,0.1,0.198,0.1088,0.0,1,0,0,0,2026-08-18T09:50:34.661142+00:00,2026-08-18T09:51:31.167755+00:00
14,641,Pond,20,DEF,39,0,0,0.0,0.0,0.0,0,1,0,0,0,2026-08-18T09:50:34.661142+00:00,2026-08-18T09:51:31.167755+00:00
14,642,Hee Chan,20,MID,57,1.0592,1.681,0.28,0.2016,0.2765,0.0032,1,1,23,0,2026-08-18T09:50:34.661142+00:00,2026-08-18T09:51:31.167755+00:00
14,643,André,20,MID,53,1.9448,2.1402,0.48,0.1144,0.4556,0.004,1,2,90,1,2026-08-18T09:50:34.661142+00:00,2026-08-18T09:51:31.167755+00:00
14,644,Bellegarde,20,MID,52,0.9948,1.5909,0.28,0.1584,0.2731,0.0004,1,3,66,1,2026-08-18T09:50:34.661142+00:00,2026-08-18T09:51:31.167755+00:00
14,645,Fer López,20,MID,52,0,0,0.0,0.0,0.0,0,1,0,0,0,2026-08-18T09:50:34.661142+00:00,2026-08-18T09:51:31.167755+00:00
14,646,J.Gomes,20,MID,53,1.808,2.2447,0.48,0.1144,0.4556,0.0084,1,1,84,1,2026-08-18T09:50:34.661142+00:00,2026-08-18T09:51:31.167755+00:00
14,647,Guedes,20,MID,55,0,0,0.0,0.0,0.0,0,1,0,0,0,2026-08-18T09:50:34.661142+00:00,2026-08-18T09:51:31.167755+00:00
14,648,Munetsi,20,MID,54,0,0,0.0,0.0,0.0,0,1,1,5,0,2026-08-18T09:50:34.661142+00:00,2026-08-18T09:51:31.167755+00:00
14,649,B.Traore,20,MID,50,0,0,0.0,0.0,0.0,0,1,0,0,0,2026-08-18T09:50:34.661142+00:00,2026-08-18T09:51:31.167755+00:00
14,650,Chirewa,20,MID,43,0,0,0.0,0.0,0.0,0,1,0,0,0,2026-08-18T09:50:34.661142+00:00,2026-08-18T09:51:31.167755+00:00
14,651,Edozie,20,MID,43,0.5112,1.0334,0.1,0.198,0.1088,0.0004,1,0,0,0,2026-08-18T09:50:34.661142+00:00,2026-08-18T09:51:31.167755+00:00
14,652,Gonzalez,20,MID,44,0.4844,0.9963,0.1,0.198,0.1088,0.0008,1,0,0,0,2026-08-18T09:50:34.661142+00:00,2026-08-18T09:51:31.167755+00:00
14,653,Hodge,20,MID,45,0,0,0.0,0.0,0.0,0,1,0,0,0,2026-08-18T09:50:34.661142+00:00,2026-08-18T09:51:31.167755+00:00
14,655,Fábio Silva,20,FWD,49,0,0,0.0,0.0,0.0,0,1,0,0,0,2026-08-18T09:50:34.661142+00:00,2026-08-18T09:51:31.167755+00:00
14,656,Kalajdžić,20,FWD,49,0,0,0.0,0.0,0.0,0,1,0,0,0,2026-08-18T09:50:34.661142+00:00,2026-08-18T09:51:31.167755+00:00
14,657,Chiwome,20,FWD,44,0.4624,0.9056,0.1,0.198,0.1088,0.0,1,0,0,0,2026-08-18T09:50:34.661142+00:00,2026-08-18T09:51:31.167755+00:00
14,658,Fraser,20,FWD,43,0.4608,0.9504,0.1,0.198,0.1088,0.0004,1,0,0,0,2026-08-18T09:50:34.661142+00:00,2026-08-18T09:51:31.167755+00:00
14,663,J.Arias,20,MID,50,0,0,0.0,0.0,0.0,0,1,2,80,1,2026-08-18T09:50:34.661142+00:00,2026-08-18T09:51:31.167755+00:00
14,682,Møller Wolfe,20,DEF,43,0.862,1.7362,0.22,0.1716,0.2183,0.0036,1,2,90,1,2026-08-18T09:50:34.661142+00:00,2026-08-18T09:51:31.167755+00:00
14,695,Tchatchoua,20,DEF,45,0.9412,1.7861,0.22,0.1716,0.2183,0.0028,1,2,80,1,2026-08-18T09:50:34.661142+00:00,2026-08-18T09:51:31.167755+00:00
14,709,Krejčí,20,DEF,45,1.0428,2.1224,0.22,0.1716,0.2183,0.0096,1,0,0,0,2026-08-18T09:50:34.661142+00:00,2026-08-18T09:51:31.167755+00:00
14,720,Tolu,20,FWD,55,1.0356,1.5526,0.28,0.2016,0.2765,0.004,1,1,9,0,2026-08-18T09:50:34.661142+00:00,2026-08-18T09:51:31.167755+00:00
14,749,Mané,20,FWD,45,0.4576,0.9607,0.1,0.198,0.1088,0.0008,1,1,9,0,2026-08-18T09:50:34.661142+00:00,2026-08-18T09:51:31.167755+00:00
14,766,Olagunju,20,DEF,40,0.5152,1.2816,0.1,0.198,0.1088,0.0012,1,,,,2026-08-18T09:50:34.661142+00:00,
14,767,Rawlings,20,MID,45,0.4524,0.9679,0.1,0.198,0.1088,0.0004,1,,,,2026-08-18T09:50:34.661142+00:00,
14,777,Ojinnaka,20,MID,45,0,0,0.0,0.0,0.0,0,1,,,,2026-08-18T09:50:34.661142+00:00,
14,778,Sutherland,20,MID,45,0.4716,0.9359,0.1,0.198,0.1088,0.0,1,,,,2026-08-18T09:50:34.661142+00:00,
14,809,Abbey,20,MID,45,0.472,0.9204,0.1,0.198,0.1088,0.0004,1,,,,2026-08-18T09:50:34.661142+00:00,
14,816,Angel,20,MID,46,0.6636,1.2253,0.18,0.1804,0.1818,0.0,1,,,,2026-08-18T09:50:34.661142+00:00,
14,817,Armstrong,20,FWD,51,1.5512,2.0028,0.48,0.1144,0.4556,0.006,1,,,,2026-08-18T09:50:34.661142+00:00,
14,828,Brooks,20,GKP,40,0.19,0.8601,0.04,0.0384,0.0403,0.0008,1,,,,2026-08-18T09:50:34.661142+00:00,
14,831,Gracey,20,GKP,40,0.1872,0.8336,0.04,0.0384,0.0403,0.0,1,,,,2026-08-18T09:50:34.661142+00:00,
