gw,player_id,web_name,team_id,position,now_cost,mu,sigma,p_start,p_sub,p_60,p_10_plus,n_fixtures,actual_points,actual_minutes,did_start,captured_at,scored_at
15,1,Raya,1,GKP,59,2.6436,2.0254,0.9,0.008,0.8376,0.0004,1,2,90,1,2026-08-18T09:50:36.400056+00:00,2026-08-18T09:51:31.201133+00:00
15,2,Arrizabalaga,1,GKP,42,0.1708,0.7916,0.04,0.0384,0.0403,0.0,1,0,0,0,2026-08-18T09:50:36.400056+00:00,2026-08-18T09:51:31.201133+00:00
15,3,Hein,1,GKP,40,0,0,0.0,0.0,0.0,0,1,0,0,0,2026-08-18T09:50:36.400056+00:00,2026-08-18T09:51:31.201133+00:00
15,4,Setford,1,GKP,39,0.1552,0.71,0.04,0.0384,0.0403,0.0,1,0,0,0,2026-08-18T09:50:36.400056+00:00,2026-08-18T09:51:31.201133+00:00
15,5,Gabriel,1,DEF,63,2.3284,2.8175,0.48,0.1456,0.458,0.0228,1,0,0,0,2026-08-18T09:50:36.400056+00:00,2026-08-18T09:51:31.201133+00:00
15,6,Saliba,1,DEF,60,1.6248,2.1398,0.48,0.1456,0.458,0.0056,1,0,0,0,2026-08-18T09:50:36.400056+00:00,2026-08-18T09:51:31.201133+00:00
15,7,Calafiori,1,DEF,58,2.0076,2.8333,0.48,0.1456,0.458,0.0232,1,1,85,1,2026-08-18T09:50:36.400056+00:00,2026-08-18T09:51:31.201133+00:00
15,8,J.Timber,1,DEF,64,1.1836,2.3039,0.24,0.2128,0.2402,0.0156,1,3,90,1,2026-08-18T09:50:36.400056+00:00,2026-08-18T09:51:31.201133+00:00
15,9,Kiwior,1,DEF,54,0,0,0.0,0.0,0.0,0,1,0,0,0,2026-08-18T09:50:36.400056+00:00,2026-08-18T09:51:31.201133+00:00
15,10,Lewis-Skelly,1,DEF,51,0.6584,1.4252,0.18,0.1804,0.1818,0.0028,1,1,4,0,2026-08-18T09:50:36.400056+00:00,2026-08-18T09:51:31.201133+00:00
15,11,White,1,DEF,53,0,0,0.0,0.0,0.0,0,1,1,90,1,2026-08-18T09:50:36.400056+00:00,2026-08-18T09:51:31.201133+00:00
15,13,Clarke,1,DEF,38,0.454,1.1018,0.1,0.198,0.1088,0.0008,1,0,0,0,2026-08-18T09:50:36.400056+00:00,2026-08-18T09:51:31.201133+00:00
15,14,Kacurri,1,DEF,39,0,0,0.0,0.0,0.0,0,1,0,0,0,2026-08-18T09:50:36.400056+00:00,2026-08-18T09:51:31.201133+00:00
15,15,Nichols,1,DEF,38,0.4804,1.1059,0.1,0.198,0.1088,0.0,1,0,0,0,2026-08-18T09:50:36.400056+00:00,2026-08-18T09:51:31.201133+00:00
15,16,Saka,1,MID,101,2.5256,3.0529,0.48,0.1456,0.458,0.0336,1,4,78,1,2026-08-18T09:50:36.400056+00:00,2026-08-18T09:51:31.201133+00:00
15,17,Ødegaard,1,MID,78,1.2304,1.9668,0.28,0.2016,0.2765,0.006,1,2,90,1,2026-08-18T09:50:36.400056+00:00,2026-08-18T09:51:31.201133+00:00
15,18,Madueke,1,MID,68,1.1216,1.8294,0.28,0.2016,0.2765,0.006,1,1,11,0,2026-08-18T09:50:36.400056+00:00,2026-08-18T09:51:31.201133+00:00
15,19,Martinelli,1,MID,68,1.1464,1.8661,0.28,0.2016,0.2765,0.006,1,1,4,0,2026-08-18T09:50:36.400056+00:00,2026-08-18T09:51:31.201133+00:00
15,20,Trossard,1,MID,69,2.1644,2.5173,0.48,0.1456,0.458,0.0152,1,6,40,0,2026-08-18T09:50:36.400056+00:00,2026-08-18T09:51:31.201133+00:00
15,21,Rice,1,MID,71,2.2532,2.662,0.48,0.1456,0.458,0.0212,1,6,90,1,2026-08-18T09:50:36.400056+00:00,2026-08-18T09:51:31.201133+00:00
15,22,Merino,1,MID,60,1.4164,2.1937,0.28,0.2016,0.2765,0.0104,1,1,45,1,2026-08-18T09:50:36.400056+00:00,2026-08-18T09:51:31.201133+00:00
15,23,Fábio Vieira,1,MID,54,0,0,0.0,0.0,0.0,0,1,0,0,0,2026-08-18T09:50:36.400056+00:00,2026-08-18T09:51:31.201133+00:00
15,24,Nørgaard,1,MID,52,0.8908,1.7202,0.18,0.1804,0.1818,0.0016,1,0,0,0,2026-08-18T09:50:36.400056+00:00,2026-08-18T09:51:31.201133+00:00
15,25,Nwaneri,1,MID,51,0,0,0.0,0.0,0.0,0,1,0,0,0,2026-08-18T09:50:36.400056+00:00,2026-08-18T09:51:31.201133+00:00
15,26,Zubimendi,1,MID,53,1.4936,1.816,0.48,0.1144,0.4556,0.0024,1,2,90,1,2026-08-18T09:50:36.400056+00:00,2026-08-18T09:51:31.201133+00:00
15,28,Kabia,1,MID,45,0,0,0.0,0.0,0.0,0,1,0,0,0,2026-08-18T09:50:36.400056+00:00,2026-08-18T09:51:31.201133+00:00
15,29,Sambi,1,MID,45,0,0,0.0,0.0,0.0,0,1,0,0,0,2026-08-18T09:50:36.400056+00:00,2026-08-18T09:51:31.201133+00:00
15,30,Havertz,1,FWD,73,2.41,2.1784,0.72,0.0784,0.6759,0.0104,1,0,0,0,2026-08-18T09:50:36.400056+00:00,2026-08-18T09:51:31.201133+00:00
15,31,G.Jesus,1,FWD,64,1.1964,1.9777,0.28,0.2016,0.2765,0.0076,1,0,0,0,2026-08-18T09:50:36.400056+00:00,2026-08-18T09:51:31.201133+00:00
15,266,Eze,1,MID,78,2.2424,2.6596,0.48,0.1456,0.458,0.0176,1,1,45,1,2026-08-18T09:50:36.400056+00:00,2026-08-18T09:51:31.201133+00:00
15,662,Mosquera,1,DEF,54,1.044,1.8052,0.28,0.1584,0.2731,0.0016,1,0,0,0,2026-08-18T09:50:36.400056+00:00,2026-08-18T09:51:31.201133+00:00
15,666,Gyökeres,1,FWD,88,1.9984,2.4773,0.48,0.1456,0.458,0.0188,1,1,45,1,2026-08-18T09:50:36.400056+00:00,2026-08-18T09:51:31.201133+00:00
15,700,Dowman,1,MID,43,0.4824,1.0138,0.1,0.198,0.1088,0.0004,1,0,0,0,2026-08-18T09:50:36.400056+00:00,2026-08-18T09:51:31.201133+00:00
15,711,Harriman-Annous,1,MID,45,0.4368,0.8466,0.1,0.198,0.1088,0.0,1,0,0,0,2026-08-18T09:50:36.400056+00:00,2026-08-18T09:51:31.201133+00:00
15,725,Hincapie,1,DEF,54,0.9644,1.6915,0.28,0.1584,0.2731,0.0004,1,3,90,1,2026-08-18T09:50:36.400056+00:00,2026-08-18T09:51:31.201133+00:00
15,759,Salmon,1,DEF,40,0.488,1.144,0.1,0.198,0.1088,0.0,1,0,0,0,2026-08-18T09:50:36.400056+00:00,2026-08-18T09:51:31.201133+00:00
15,32,Martinez,2,GKP,51,3.298,2.2846,0.9,0.008,0.8376,0.002,1,4,90,1,2026-08-18T09:50:36.400056+00:00,2026-08-18T09:51:31.201133+00:00
15,33,M.Bizot,2,GKP,43,0.158,0.7645,0.04,0.0384,0.0403,0.0,1,0,0,0,2026-08-18T09:50:36.400056+00:00,2026-08-18T09:51:31.201133+00:00
15,34,Gauci,2,GKP,40,0,0,0.0,0.0,0.0,0,1,0,0,0,2026-08-18T09:50:36.400056+00:00,2026-08-18T09:51:31.201133+00:00
15,35,Marschall,2,GKP,40,0,0,0.0,0.0,0.0,0,1,0,0,0,2026-08-18T09:50:36.400056+00:00,2026-08-18T09:51:31.201133+00:00
15,36,Cash,2,DEF,47,1.8416,2.4489,0.48,0.1144,0.4556,0.0092,1,9,86,1,2026-08-18T09:50:36.400056+00:00,2026-08-18T09:51:31.201133+00:00
15,37,Digne,2,DEF,45,0.8516,1.7298,0.22,0.1716,0.2183,0.0048,1,0,0,0,2026-08-18T09:50:36.400056+00:00,2026-08-18T09:51:31.201133+00:00
15,38,Konsa,2,DEF,44,0.9732,1.8114,0.22,0.1716,0.2183,0.0032,1,2,90,1,2026-08-18T09:50:36.400056+00:00,2026-08-18T09:51:31.201133+00:00
15,39,Maatsen,2,DEF,42,0.5968,1.4859,0.1,0.198,0.1088,0.0016,1,2,90,1,2026-08-18T09:50:36.400056+00:00,2026-08-18T09:51:31.201133+00:00
15,40,Mings,2,DEF,43,0.9972,1.904,0.22,0.1716,0.2183,0.004,1,0,0,0,2026-08-18T09:50:36.400056+00:00,2026-08-18T09:51:31.201133+00:00
15,41,Pau,2,DEF,43,0.892,1.7343,0.22,0.1716,0.2183,0.0004,1,5,85,1,2026-08-18T09:50:36.400056+00:00,2026-08-18T09:51:31.201133+00:00
15,42,A.García,2,DEF,39,0.838,1.6117,0.22,0.1716,0.2183,0.002,1,0,0,0,2026-08-18T09:50:36.400056+00:00,2026-08-18T09:51:31.201133+00:00
15,43,Alex Moreno,2,DEF,40,0,0,0.0,0.0,0.0,0,1,0,0,0,2026-08-18T09:50:36.400056+00:00,2026-08-18T09:51:31.201133+00:00
15,44,Bogarde,2,DEF,40,0.848,1.6123,0.22,0.1716,0.2183,0.0012,1,1,15,0,2026-08-18T09:50:36.400056+00:00,2026-08-18T09:51:31.201133+00:00
15,45,Sousa,2,DEF,39,0,0,0.0,0.0,0.0,0,1,0,0,0,2026-08-18T09:50:36.400056+00:00,2026-08-18T09:51:31.201133+00:00
15,46,Yasin,2,DEF,40,0,0,0.0,0.0,0.0,0,1,0,0,0,2026-08-18T09:50:36.400056+00:00,2026-08-18T09:51:31.201133+00:00
15,47,Rogers,2,MID,69,1.8256,2.1715,0.48,0.1456,0.458,0.01,1,2,90,1,2026-08-18T09:50:36.400056+00:00,2026-08-18T09:51:31.201133+00:00
15,48,Tielemans,2,MID,59,1.2132,1.8292,0.28,0.2016,0.2765,0.0052,1,2,90,1,2026-08-18T09:50:36.400056+00:00,2026-08-18T09:51:31.201133+00:00
15,49,Bailey,2,MID,55,1.8992,2.4468,0.48,0.1456,0.458,0.0164,1,0,0,0,2026-08-18T09:50:36.400056+00:00,2026-08-18T09:51:31.201133+00:00
15,50,Buendía,2,MID,53,1.3308,2.2404,0.28,0.1584,0.2731,0.0116,1,6,3,0,2026-08-18T09:50:36.400056+00:00,2026-08-18T09:51:31.201133+00:00
15,51,Iling Jr,2,MID,55,0,0,0.0,0.0,0.0,0,1,0,0,0,2026-08-18T09:50:36.400056+00:00,2026-08-18T09:51:31.201133+00:00
15,53,Malen,2,MID,51,0,0,0.0,0.0,0.0,0,1,1,24,0,2026-08-18T09:50:36.400056+00:00,2026-08-18T09:51:31.201133+00:00
15,54,McGinn,2,MID,54,1.5544,1.9419,0.48,0.1144,0.4556,0.0076,1,2,74,1,2026-08-18T09:50:36.400056+00:00,2026-08-18T09:51:31.201133+00:00
15,55,Barkley,2,MID,48,0.8144,1.4956,0.18,0.1804,0.1818,0.0016,1,0,0,0,2026-08-18T09:50:36.400056+00:00,2026-08-18T09:51:31.201133+00:00
15,56,Barrenechea,2,MID,50,0,0,0.0,0.0,0.0,0,1,0,0,0,2026-08-18T09:50:36.400056+00:00,2026-08-18T09:51:31.201133+00:00
15,57,Dobbin,2,MID,50,0,0,0.0,0.0,0.0,0,1,0,0,0,2026-08-18T09:50:36.400056+00:00,2026-08-18T09:51:31.201133+00:00
15,58,Kamara,2,MID,49,0,0,0.0,0.0,0.0,0,1,10,90,1,2026-08-18T09:50:36.400056+00:00,2026-08-18T09:51:31.201133+00:00
15,59,Onana,2,MID,48,1.2708,2.0378,0.28,0.1584,0.2731,0.0032,1,2,74,1,2026-08-18T09:50:36.400056+00:00,2026-08-18T09:51:31.201133+00:00
15,60,Broggio,2,MID,45,0,0,0.0,0.0,0.0,0,1,0,0,0,2026-08-18T09:50:36.400056+00:00,2026-08-18T09:51:31.201133+00:00
15,61,Dendoncker,2,MID,45,0,0,0.0,0.0,0.0,0,1,0,0,0,2026-08-18T09:50:36.400056+00:00,2026-08-18T09:51:31.201133+00:00
15,62,Jimoh-Aloba,2,MID,45,0,0,0.0,0.0,0.0,0,1,0,0,0,2026-08-18T09:50:36.400056+00:00,2026-08-18T09:51:31.201133+00:00
15,63,Young,2,MID,44,0,0,0.0,0.0,0.0,0,1,0,0,0,2026-08-18T09:50:36.400056+00:00,2026-08-18T09:51:31.201133+00:00
15,64,Watkins,2,FWD,85,2.1444,2.5972,0.48,0.1456,0.458,0.0208,1,2,65,1,2026-08-18T09:50:36.400056+00:00,2026-08-18T09:51:31.201133+00:00
15,65,Redmond,2,FWD,45,0,0,0.0,0.0,0.0,0,1,0,0,0,2026-08-18T09:50:36.400056+00:00,2026-08-18T09:51:31.201133+00:00
15,389,Elliott,2,MID,53,0.6988,1.2893,0.18,0.1804,0.1818,0.0016,1,0,0,0,2026-08-18T09:50:36.400056+00:00,2026-08-18T09:51:31.201133+00:00
15,456,Sancho,2,MID,58,1.5664,1.9557,0.45,0.154,0.4308,0.0052,1,1,15,0,2026-08-18T09:50:36.400056+00:00,2026-08-18T09:51:31.201133+00:00
15,688,Wright,2,GKP,39,0.1752,0.8148,0.04,0.0384,0.0403,0.0004,1,0,0,0,2026-08-18T09:50:36.400056+00:00,2026-08-18T09:51:31.201133+00:00
15,699,Douglas Luiz,2,MID,49,0.9808,1.5826,0.28,0.1584,0.2731,0.0028,1,0,0,0,2026-08-18T09:50:36.400056+00:00,2026-08-18T09:51:31.201133+00:00
15,701,Rowe,2,DEF,40,0,0,0.0,0.0,0.0,0,1,0,0,0,2026-08-18T09:50:36.400056+00:00,2026-08-18T09:51:31.201133+00:00
15,702,Burrowes,2,MID,44,0.4648,0.945,0.1,0.198,0.1088,0.0,1,0,0,0,2026-08-18T09:50:36.400056+00:00,2026-08-18T09:51:31.201133+00:00
15,703,Proctor,2,GKP,40,0.2128,0.9465,0.04,0.0384,0.0403,0.0004,1,0,0,0,2026-08-18T09:50:36.400056+00:00,2026-08-18T09:51:31.201133+00:00
15,710,Patterson,2,DEF,39,0.5356,1.2774,0.1,0.198,0.1088,0.0004,1,0,0,0,2026-08-18T09:50:36.400056+00:00,2026-08-18T09:51:31.201133+00:00
15,719,Lindelöf,2,DEF,45,0.5116,1.1559,0.1,0.198,0.1088,0.0004,1,1,4,0,2026-08-18T09:50:36.400056+00:00,2026-08-18T09:51:31.201133+00:00
15,754,George Hemmings,2,MID,45,0.5076,1.0484,0.1,0.198,0.1088,0.0,1,0,0,0,2026-08-18T09:50:36.400056+00:00,2026-08-18T09:51:31.201133+00:00
15,757,Hollingshead,2,GKP,40,0.1776,0.8251,0.04,0.0384,0.0403,0.0,1,0,0,0,2026-08-18T09:50:36.400056+00:00,2026-08-18T09:51:31.201133+00:00
15,768,Leon Routh,2,DEF,40,0.4984,1.209,0.1,0.198,0.1088,0.0012,1,,,,2026-08-18T09:50:36.400056+00:00,
15,781,Carroll,2,DEF,40,0.5044,1.2261,0.1,0.198,0.1088,0.0016,1,,,,2026-08-18T09:50:36.400056+00:00,
15,792,Alysson,2,MID,50,0,0,0.0,0.0,0.0,0,1,,,,2026-08-18T09:50:36.400056+00:00,
15,808,Abraham,2,FWD,57,1.4208,1.7525,0.45,0.154,0.4308,0.0044,1,,,,2026-08-18T09:50:36.400056+00:00,
15,183,Weiss,3,GKP,43,0.178,0.8046,0.04,0.0384,0.0403,0.0,1,0,0,0,2026-08-18T09:50:36.400056+00:00,2026-08-18T09:51:31.201133+00:00
15,184,Green,3,GKP,40,0,0,0.0,0.0,0.0,0,1,0,0,0,2026-08-18T09:50:36.400056+00:00,2026-08-18T09:51:31.201133+00:00
15,185,Hladký,3,GKP,39,0.1576,0.6718,0.04,0.0384,0.0403,0.0,1,0,0,0,2026-08-18T09:50:36.400056+00:00,2026-08-18T09:51:31.201133+00:00
15,186,Roberts,3,DEF,44,0.4704,1.1132,0.1,0.198,0.1088,0.0004,1,0,0,0,2026-08-18T09:50:36.400056+00:00,2026-08-18T09:51:31.201133+00:00
15,187,Walker,3,DEF,44,0.8472,1.6085,0.22,0.1716,0.2183,0.002,1,0,90,1,2026-08-18T09:50:36.400056+00:00,2026-08-18T09:51:31.201133+00:00
15,188,Delcroix,3,DEF,38,0,0,0.0,0.0,0.0,0,1,0,0,0,2026-08-18T09:50:36.400056+00:00,2026-08-18T09:51:31.201133+00:00
15,189,Dodgson,3,DEF,40,0,0,0.0,0.0,0.0,0,1,0,0,0,2026-08-18T09:50:36.400056+00:00,2026-08-18T09:51:31.201133+00:00
15,190,Ekdal,3,DEF,40,1.002,1.8786,0.22,0.1716,0.2183,0.002,1,1,90,1,2026-08-18T09:50:36.400056+00:00,2026-08-18T09:51:31.201133+00:00
15,191,Estève,3,DEF,39,0.986,1.8221,0.22,0.1716,0.2183,0.0016,1,3,90,1,2026-08-18T09:50:36.400056+00:00,2026-08-18T09:51:31.201133+00:00
15,192,Hartman,3,DEF,40,0.7796,1.506,0.22,0.1716,0.2183,0.0,1,0,0,0,2026-08-18T09:50:36.400056+00:00,2026-08-18T09:51:31.201133+00:00
15,193,Humphreys,3,DEF,39,0.4832,1.1993,0.1,0.198,0.1088,0.0016,1,0,0,0,2026-08-18T09:50:36.400056+00:00,2026-08-18T09:51:31.201133+00:00
15,194,Jordan,3,DEF,40,0,0,0.0,0.0,0.0,0,1,0,0,0,2026-08-18T09:50:36.400056+00:00,2026-08-18T09:51:31.201133+00:00
15,195,Lucas Pires,3,DEF,38,0.4956,1.2097,0.1,0.198,0.1088,0.0016,1,-3,42,0,2026-08-18T09:50:36.400056+00:00,2026-08-18T09:51:31.201133+00:00
15,196,Sambo,3,DEF,40,0,0,0.0,0.0,0.0,0,1,0,0,0,2026-08-18T09:50:36.400056+00:00,2026-08-18T09:51:31.201133+00:00
15,197,Sonne,3,DEF,39,0,0,0.0,0.0,0.0,0,1,0,0,0,2026-08-18T09:50:36.400056+00:00,2026-08-18T09:51:31.201133+00:00
15,198,Tuanzebe,3,DEF,39,0.8756,1.653,0.22,0.1716,0.2183,0.0,1,0,0,0,2026-08-18T09:50:36.400056+00:00,2026-08-18T09:51:31.201133+00:00
15,199,Worrall,3,DEF,39,0.6696,1.4831,0.1,0.198,0.1088,0.0016,1,1,45,1,2026-08-18T09:50:36.400056+00:00,2026-08-18T09:51:31.201133+00:00
15,200,Anthony,3,MID,54,1.8332,2.2482,0.48,0.1144,0.4556,0.0088,1,1,4,0,2026-08-18T09:50:36.400056+00:00,2026-08-18T09:51:31.201133+00:00
15,201,Benson,3,MID,54,0,0,0.0,0.0,0.0,0,1,0,0,0,2026-08-18T09:50:36.400056+00:00,2026-08-18T09:51:31.201133+00:00
15,202,Bruun Larsen,3,MID,53,0.9172,1.4319,0.28,0.1584,0.2731,0.002,1,2,85,1,2026-08-18T09:50:36.400056+00:00,2026-08-18T09:51:31.201133+00:00
15,203,Boateng,3,MID,48,0.6632,1.1986,0.18,0.1804,0.1818,0.0,1,0,0,0,2026-08-18T09:50:36.400056+00:00,2026-08-18T09:51:31.201133+00:00
15,204,Churlinov,3,MID,49,0,0,0.0,0.0,0.0,0,1,0,0,0,2026-08-18T09:50:36.400056+00:00,2026-08-18T09:51:31.201133+00:00
15,205,Cullen,3,MID,50,0,0,0.0,0.0,0.0,0,1,2,90,1,2026-08-18T09:50:36.400056+00:00,2026-08-18T09:51:31.201133+00:00
15,206,Edwards,3,MID,47,0.6372,1.1109,0.18,0.1804,0.1818,0.0004,1,1,1,0,2026-08-18T09:50:36.400056+00:00,2026-08-18T09:51:31.201133+00:00
15,207,Hannibal,3,MID,48,0.9564,1.43,0.28,0.1584,0.2731,0.0008,1,0,0,0,2026-08-18T09:50:36.400056+00:00,2026-08-18T09:51:31.201133+00:00
15,208,Koleosho,3,MID,50,0,0,0.0,0.0,0.0,0,1,0,0,0,2026-08-18T09:50:36.400056+00:00,2026-08-18T09:51:31.201133+00:00
15,209,Laurent,3,MID,48,0.9228,1.3764,0.28,0.1584,0.2731,0.0004,1,0,25,0,2026-08-18T09:50:36.400056+00:00,2026-08-18T09:51:31.201133+00:00
15,210,Tchaouna,3,MID,49,1.3256,1.5117,0.48,0.1144,0.4556,0.0012,1,0,0,0,2026-08-18T09:50:36.400056+00:00,2026-08-18T09:51:31.201133+00:00
15,211,A.Ramsey,3,MID,44,0,0,0.0,0.0,0.0,0,1,0,0,0,2026-08-18T09:50:36.400056+00:00,2026-08-18T09:51:31.201133+00:00
15,212,Adewumi,3,MID,45,0,0,0.0,0.0,0.0,0,1,0,0,0,2026-08-18T09:50:36.400056+00:00,2026-08-18T09:51:31.201133+00:00
15,213,Banel,3,MID,45,0,0,0.0,0.0,0.0,0,1,0,0,0,2026-08-18T09:50:36.400056+00:00,2026-08-18T09:51:31.201133+00:00
15,214,Trésor,3,MID,44,0.5012,1.0004,0.1,0.198,0.1088,0.0004,1,0,0,0,2026-08-18T09:50:36.400056+00:00,2026-08-18T09:51:31.201133+00:00
15,215,Flemming,3,FWD,53,0.9984,1.6367,0.28,0.1584,0.2731,0.002,1,5,4,0,2026-08-18T09:50:36.400056+00:00,2026-08-18T09:51:31.201133+00:00
15,216,Amdouni,3,FWD,48,0.5984,1.0564,0.18,0.1804,0.1818,0.0,1,0,0,0,2026-08-18T09:50:36.400056+00:00,2026-08-18T09:51:31.201133+00:00
15,217,Foster,3,FWD,50,1.3988,1.6779,0.48,0.1144,0.4556,0.002,1,1,45,1,2026-08-18T09:50:36.400056+00:00,2026-08-18T09:51:31.201133+00:00
15,218,Barnes,3,FWD,43,0.5616,1.2098,0.1,0.198,0.1088,0.0008,1,0,0,0,2026-08-18T09:50:36.400056+00:00,2026-08-18T09:51:31.201133+00:00
15,219,Obafemi,3,FWD,44,0,0,0.0,0.0,0.0,0,1,0,0,0,2026-08-18T09:50:36.400056+00:00,2026-08-18T09:51:31.201133+00:00
15,470,Dúbravka,3,GKP,40,3.1604,2.1527,0.9,0.004,0.8373,0.0036,1,3,90,1,2026-08-18T09:50:36.400056+00:00,2026-08-18T09:51:31.201133+00:00
15,614,Ward-Prowse,3,MID,56,1.016,1.5468,0.28,0.2016,0.2765,0.002,1,0,0,0,2026-08-18T09:50:36.400056+00:00,2026-08-18T09:51:31.201133+00:00
15,676,Ugochukwu,3,MID,50,1.6868,1.964,0.48,0.1144,0.4556,0.0036,1,2,90,1,2026-08-18T09:50:36.400056+00:00,2026-08-18T09:51:31.201133+00:00
15,680,Broja,3,FWD,52,0.6444,1.1642,0.18,0.1804,0.1818,0.0008,1,2,85,1,2026-08-18T09:50:36.400056+00:00,2026-08-18T09:51:31.201133+00:00
15,722,Florentino,3,MID,50,1.894,2.1128,0.48,0.1144,0.4556,0.0044,1,2,64,1,2026-08-18T09:50:36.400056+00:00,2026-08-18T09:51:31.201133+00:00
15,776,Pimlott,3,MID,45,0.4704,0.8961,0.1,0.198,0.1088,0.0,1,,,,2026-08-18T09:50:36.400056+00:00,
15,784,Brierley,3,MID,45,0.4804,0.9918,0.1,0.198,0.1088,0.0,1,,,,2026-08-18T09:50:36.400056+00:00,
15,820,McMahon-Brown,3,MID,45,0.4556,0.9585,0.1,0.198,0.1088,0.0,1,,,,2026-08-18T09:50:36.400056+00:00,
15,66,Neto,4,GKP,45,0,0,0.0,0.0,0.0,0,1,0,0,0,2026-08-18T09:50:36.400056+00:00,2026-08-18T09:51:31.201133+00:00
15,67,Petrović,4,GKP,45,3.2412,2.2248,0.9,0.004,0.8373,0.0004,1,7,90,1,2026-08-18T09:50:36.400056+00:00,2026-08-18T09:51:31.201133+00:00
15,68,Dennis,4,GKP,40,0,0,0.0,0.0,0.0,0,1,0,0,0,2026-08-18T09:50:36.400056+00:00,2026-08-18T09:51:31.201133+00:00
15,69,McKenna,4,GKP,40,0.1928,0.8881,0.04,0.0384,0.0403,0.0,1,0,0,0,2026-08-18T09:50:36.400056+00:00,2026-08-18T09:51:31.201133+00:00
15,70,Paulsen,4,GKP,40,0,0,0.0,0.0,0.0,0,1,0,0,0,2026-08-18T09:50:36.400056+00:00,2026-08-18T09:51:31.201133+00:00
15,71,Zabarnyi,4,DEF,50,0,0,0.0,0.0,0.0,0,1,0,0,0,2026-08-18T09:50:36.400056+00:00,2026-08-18T09:51:31.201133+00:00
15,72,Senesi,4,DEF,50,2.558,3.0267,0.48,0.1144,0.4556,0.0208,1,8,61,1,2026-08-18T09:50:36.400056+00:00,2026-08-18T09:51:31.201133+00:00
15,73,Smith,4,DEF,44,0.822,1.568,0.22,0.1716,0.2183,0.0004,1,6,90,1,2026-08-18T09:50:36.400056+00:00,2026-08-18T09:51:31.201133+00:00
15,74,Truffert,4,DEF,45,1.0136,1.9599,0.22,0.1716,0.2183,0.0044,1,6,90,1,2026-08-18T09:50:36.400056+00:00,2026-08-18T09:51:31.201133+00:00
15,75,Akinmboni,4,DEF,39,0.5168,1.2293,0.1,0.198,0.1088,0.0004,1,0,0,0,2026-08-18T09:50:36.400056+00:00,2026-08-18T09:51:31.201133+00:00
15,76,Bevan,4,DEF,39,0.5676,1.3184,0.1,0.198,0.1088,0.0004,1,0,0,0,2026-08-18T09:50:36.400056+00:00,2026-08-18T09:51:31.201133+00:00
15,77,Hill,4,DEF,40,0.5492,1.3289,0.1,0.198,0.1088,0.0004,1,1,28,0,2026-08-18T09:50:36.400056+00:00,2026-08-18T09:51:31.201133+00:00
15,78,J.Araujo,4,DEF,38,0,0,0.0,0.0,0.0,0,1,0,0,0,2026-08-18T09:50:36.400056+00:00,2026-08-18T09:51:31.201133+00:00
15,79,Mepham,4,DEF,40,0,0,0.0,0.0,0.0,0,1,0,0,0,2026-08-18T09:50:36.400056+00:00,2026-08-18T09:51:31.201133+00:00
15,80,Soler,4,DEF,40,0.5684,1.3391,0.1,0.198,0.1088,0.0016,1,0,0,0,2026-08-18T09:50:36.400056+00:00,2026-08-18T09:51:31.201133+00:00
15,81,Kluivert,4,MID,70,1.1056,1.8365,0.28,0.2016,0.2765,0.0048,1,3,73,1,2026-08-18T09:50:36.400056+00:00,2026-08-18T09:51:31.201133+00:00
15,84,Tavernier,4,MID,55,2.1056,2.6449,0.48,0.1456,0.458,0.0192,1,5,90,1,2026-08-18T09:50:36.400056+00:00,2026-08-18T09:51:31.201133+00:00
15,85,Adams,4,MID,50,1.7068,1.9561,0.48,0.1144,0.4556,0.0024,1,0,0,0,2026-08-18T09:50:36.400056+00:00,2026-08-18T09:51:31.201133+00:00
15,86,Brooks,4,MID,50,1.6244,2.1564,0.48,0.1144,0.4556,0.0096,1,1,16,0,2026-08-18T09:50:36.400056+00:00,2026-08-18T09:51:31.201133+00:00
15,87,Christie,4,MID,50,0,0,0.0,0.0,0.0,0,1,0,0,0,2026-08-18T09:50:36.400056+00:00,2026-08-18T09:51:31.201133+00:00
15,88,Cook,4,MID,49,1.002,1.8036,0.18,0.1804,0.1818,0.0036,1,0,0,0,2026-08-18T09:50:36.400056+00:00,2026-08-18T09:51:31.201133+00:00
15,89,Philip,4,MID,49,0,0,0.0,0.0,0.0,0,1,0,0,0,2026-08-18T09:50:36.400056+00:00,2026-08-18T09:51:31.201133+00:00
15,90,Scott,4,MID,50,1.7252,2.075,0.48,0.1144,0.4556,0.004,1,5,90,1,2026-08-18T09:50:36.400056+00:00,2026-08-18T09:51:31.201133+00:00
15,91,Sinisterra,4,MID,50,0,0,0.0,0.0,0.0,0,1,0,0,0,2026-08-18T09:50:36.400056+00:00,2026-08-18T09:51:31.201133+00:00
15,92,Faivre,4,MID,45,0,0,0.0,0.0,0.0,0,1,0,0,0,2026-08-18T09:50:36.400056+00:00,2026-08-18T09:51:31.201133+00:00
15,93,H.Traorè,4,MID,45,0,0,0.0,0.0,0.0,0,1,0,0,0,2026-08-18T09:50:36.400056+00:00,2026-08-18T09:51:31.201133+00:00
15,94,Sadi,4,MID,45,0,0,0.0,0.0,0.0,0,1,0,0,0,2026-08-18T09:50:36.400056+00:00,2026-08-18T09:51:31.201133+00:00
15,95,Silcott-Duberry,4,MID,44,0,0,0.0,0.0,0.0,0,1,0,0,0,2026-08-18T09:50:36.400056+00:00,2026-08-18T09:51:31.201133+00:00
15,96,Winterburn,4,MID,45,0,0,0.0,0.0,0.0,0,1,0,0,0,2026-08-18T09:50:36.400056+00:00,2026-08-18T09:51:31.201133+00:00
15,97,Evanilson,4,FWD,70,1.912,2.3362,0.48,0.1456,0.458,0.0172,1,2,86,1,2026-08-18T09:50:36.400056+00:00,2026-08-18T09:51:31.201133+00:00
15,98,Enes Ünal,4,FWD,54,0.7308,1.3876,0.18,0.1804,0.1818,0.0032,1,1,3,0,2026-08-18T09:50:36.400056+00:00,2026-08-18T09:51:31.201133+00:00
15,99,Adu-Adjei,4,FWD,44,0,0,0.0,0.0,0.0,0,1,0,0,0,2026-08-18T09:50:36.400056+00:00,2026-08-18T09:51:31.201133+00:00
15,100,Kroupi.Jr,4,FWD,46,1.422,2.3424,0.28,0.1584,0.2731,0.0152,1,0,0,0,2026-08-18T09:50:36.400056+00:00,2026-08-18T09:51:31.201133+00:00
15,391,Gannon-Doak,4,MID,49,0.7064,1.3324,0.18,0.1804,0.1818,0.0024,1,0,0,0,2026-08-18T09:50:36.400056+00:00,2026-08-18T09:51:31.201133+00:00
15,685,Diakité,4,DEF,44,0.9788,1.8443,0.22,0.1716,0.2183,0.0008,1,6,90,1,2026-08-18T09:50:36.400056+00:00,2026-08-18T09:51:31.201133+00:00
15,687,Rees-Dottin,4,MID,44,0.4548,0.9505,0.1,0.198,0.1088,0.0,1,0,0,0,2026-08-18T09:50:36.400056+00:00,2026-08-18T09:51:31.201133+00:00
15,697,Adli,4,MID,54,1.3188,2.1661,0.28,0.1584,0.2731,0.01,1,1,16,0,2026-08-18T09:50:36.400056+00:00,2026-08-18T09:51:31.201133+00:00
15,713,A.Jimenez,4,DEF,45,0.8016,1.6449,0.22,0.1716,0.2183,0.002,1,6,73,1,2026-08-18T09:50:36.400056+00:00,2026-08-18T09:51:31.201133+00:00
15,721,Milosavljević,4,DEF,45,1.0632,1.9647,0.22,0.1716,0.2183,0.0024,1,0,0,0,2026-08-18T09:50:36.400056+00:00,2026-08-18T09:51:31.201133+00:00
15,756,DaCosta,4,MID,45,0.4764,1.0136,0.1,0.198,0.1088,0.0004,1,0,0,0,2026-08-18T09:50:36.400056+00:00,2026-08-18T09:51:31.201133+00:00
15,782,Forster,4,GKP,40,0.2044,0.9242,0.04,0.0384,0.0403,0.0,1,,,,2026-08-18T09:50:36.400056+00:00,
15,799,Stevens,4,MID,45,0.4804,1.0306,0.1,0.198,0.1088,0.0008,1,,,,2026-08-18T09:50:36.400056+00:00,
15,801,Tóth.A,4,MID,49,0.7032,1.3093,0.18,0.1804,0.1818,0.0016,1,,,,2026-08-18T09:50:36.400056+00:00,
15,806,Mandas,4,GKP,40,0.1868,0.8353,0.04,0.0384,0.0403,0.0,1,,,,2026-08-18T09:50:36.400056+00:00,
15,807,Rayan,4,MID,54,0.7584,1.4478,0.18,0.1804,0.1818,0.0016,1,,,,2026-08-18T09:50:36.400056+00:00,
15,27,Nelson,5,MID,48,0.9716,1.7707,0.18,0.1804,0.1818,0.0012,1,0,0,0,2026-08-18T09:50:36.400056+00:00,2026-08-18T09:51:31.201133+00:00
15,83,O.Dango,5,MID,60,2.0224,2.6026,0.48,0.1456,0.458,0.0184,1,4,87,1,2026-08-18T09:50:36.400056+00:00,2026-08-18T09:51:31.201133+00:00
15,101,Kelleher,5,GKP,45,2.696,2.0405,0.9,0.004,0.8373,0.0,1,2,90,1,2026-08-18T09:50:36.400056+00:00,2026-08-18T09:51:31.201133+00:00
15,102,Balcombe,5,GKP,40,0.1544,0.7107,0.04,0.0384,0.0403,0.0,1,0,0,0,2026-08-18T09:50:36.400056+00:00,2026-08-18T09:51:31.201133+00:00
15,103,Cox,5,GKP,40,0,0,0.0,0.0,0.0,0,1,0,0,0,2026-08-18T09:50:36.400056+00:00,2026-08-18T09:51:31.201133+00:00
15,104,Eyestone,5,GKP,39,0.1512,0.7237,0.04,0.0384,0.0403,0.0,1,0,0,0,2026-08-18T09:50:36.400056+00:00,2026-08-18T09:51:31.201133+00:00
15,105,Valdimarsson,5,GKP,39,0.1508,0.6895,0.04,0.0384,0.0403,0.0,1,0,0,0,2026-08-18T09:50:36.400056+00:00,2026-08-18T09:51:31.201133+00:00
15,106,Collins,5,DEF,49,1.9656,2.6321,0.48,0.1144,0.4556,0.0172,1,3,90,1,2026-08-18T09:50:36.400056+00:00,2026-08-18T09:51:31.201133+00:00
15,107,Lewis-Potter,5,DEF,48,0.8808,1.5976,0.28,0.1584,0.2731,0.002,1,1,2,0,2026-08-18T09:50:36.400056+00:00,2026-08-18T09:51:31.201133+00:00
15,108,Ajer,5,DEF,44,0.9208,1.7726,0.22,0.1716,0.2183,0.0032,1,-1,45,1,2026-08-18T09:50:36.400056+00:00,2026-08-18T09:51:31.201133+00:00
15,109,Henry,5,DEF,43,0,0,0.0,0.0,0.0,0,1,1,45,1,2026-08-18T09:50:36.400056+00:00,2026-08-18T09:51:31.201133+00:00
15,110,Kayode,5,DEF,45,0.8908,1.7022,0.22,0.1716,0.2183,0.002,1,0,75,1,2026-08-18T09:50:36.400056+00:00,2026-08-18T09:51:31.201133+00:00
15,111,Pinnock,5,DEF,43,0.9664,1.7983,0.22,0.1716,0.2183,0.0012,1,0,0,0,2026-08-18T09:50:36.400056+00:00,2026-08-18T09:51:31.201133+00:00
15,112,Roerslev,5,DEF,45,0,0,0.0,0.0,0.0,0,1,0,0,0,2026-08-18T09:50:36.400056+00:00,2026-08-18T09:51:31.201133+00:00
15,113,Van den Berg,5,DEF,45,0.9808,1.9213,0.22,0.1716,0.2183,0.0056,1,1,90,1,2026-08-18T09:50:36.400056+00:00,2026-08-18T09:51:31.201133+00:00
15,114,Arthur,5,DEF,39,0,0,0.0,0.0,0.0,0,1,0,0,0,2026-08-18T09:50:36.400056+00:00,2026-08-18T09:51:31.201133+00:00
15,115,Fredrick,5,DEF,40,0,0,0.0,0.0,0.0,0,1,0,0,0,2026-08-18T09:50:36.400056+00:00,2026-08-18T09:51:31.201133+00:00
15,116,Hickey,5,DEF,40,0.7256,1.4546,0.22,0.1716,0.2183,0.0012,1,1,14,0,2026-08-18T09:50:36.400056+00:00,2026-08-18T09:51:31.201133+00:00
15,117,Ji-soo,5,DEF,39,0,0,0.0,0.0,0.0,0,1,0,0,0,2026-08-18T09:50:36.400056+00:00,2026-08-18T09:51:31.201133+00:00
15,118,Meghoma,5,DEF,40,0,0,0.0,0.0,0.0,0,1,0,0,0,2026-08-18T09:50:36.400056+00:00,2026-08-18T09:51:31.201133+00:00
15,120,Schade,5,MID,70,1.718,2.3143,0.48,0.1456,0.458,0.0116,1,1,90,1,2026-08-18T09:50:36.400056+00:00,2026-08-18T09:51:31.201133+00:00
15,121,Damsgaard,5,MID,58,1.84,2.1072,0.48,0.1456,0.458,0.0052,1,2,60,1,2026-08-18T09:50:36.400056+00:00,2026-08-18T09:51:31.201133+00:00
15,122,Milambo,5,MID,52,0,0,0.0,0.0,0.0,0,1,0,0,0,2026-08-18T09:50:36.400056+00:00,2026-08-18T09:51:31.201133+00:00
15,123,Carvalho,5,MID,48,0,0,0.0,0.0,0.0,0,1,0,0,0,2026-08-18T09:50:36.400056+00:00,2026-08-18T09:51:31.201133+00:00
15,124,Henderson,5,MID,50,1.5204,1.6967,0.48,0.1144,0.4556,0.002,1,4,90,1,2026-08-18T09:50:36.400056+00:00,2026-08-18T09:51:31.201133+00:00
15,125,Janelt,5,MID,49,0.9108,1.6282,0.18,0.1804,0.1818,0.0032,1,1,14,0,2026-08-18T09:50:36.400056+00:00,2026-08-18T09:51:31.201133+00:00
15,126,Jensen,5,MID,49,1.0024,1.5588,0.28,0.1584,0.2731,0.0016,1,1,29,0,2026-08-18T09:50:36.400056+00:00,2026-08-18T09:51:31.201133+00:00
15,127,Nunes,5,MID,49,0,0,0.0,0.0,0.0,0,1,0,0,0,2026-08-18T09:50:36.400056+00:00,2026-08-18T09:51:31.201133+00:00
15,128,Onyeka,5,MID,48,0,0,0.0,0.0,0.0,0,1,0,0,0,2026-08-18T09:50:36.400056+00:00,2026-08-18T09:51:31.201133+00:00
15,129,Yarmoliuk,5,MID,50,1.6024,1.8537,0.48,0.1144,0.4556,0.0044,1,1,75,1,2026-08-18T09:50:36.400056+00:00,2026-08-18T09:51:31.201133+00:00
15,130,Donovan,5,MID,44,0.4512,0.8904,0.1,0.198,0.1088,0.0,1,0,0,0,2026-08-18T09:50:36.400056+00:00,2026-08-18T09:51:31.201133+00:00
15,131,Konak,5,MID,43,0,0,0.0,0.0,0.0,0,1,0,0,0,2026-08-18T09:50:36.400056+00:00,2026-08-18T09:51:31.201133+00:00
15,132,Maghoma,5,MID,45,0,0,0.0,0.0,0.0,0,1,0,0,0,2026-08-18T09:50:36.400056+00:00,2026-08-18T09:51:31.201133+00:00
15,133,Peart-Harris,5,MID,44,0,0,0.0,0.0,0.0,0,1,0,0,0,2026-08-18T09:50:36.400056+00:00,2026-08-18T09:51:31.201133+00:00
15,134,Trevitt,5,MID,45,0,0,0.0,0.0,0.0,0,1,0,0,0,2026-08-18T09:50:36.400056+00:00,2026-08-18T09:51:31.201133+00:00
15,136,Thiago,5,FWD,68,2.5172,3.021,0.48,0.1456,0.458,0.0308,1,2,90,1,2026-08-18T09:50:36.400056+00:00,2026-08-18T09:51:31.201133+00:00
15,137,Morgan,5,FWD,44,0,0,0.0,0.0,0.0,0,1,0,0,0,2026-08-18T09:50:36.400056+00:00,2026-08-18T09:51:31.201133+00:00
15,748,Dasilva,5,MID,49,0.6812,1.2333,0.18,0.1804,0.1818,0.0004,1,0,0,0,2026-08-18T09:50:36.400056+00:00,2026-08-18T09:51:31.201133+00:00
15,797,Furo,5,FWD,45,0.4468,0.9092,0.1,0.198,0.1088,0.0008,1,,,,2026-08-18T09:50:36.400056+00:00,
15,810,Bentt,5,MID,45,0.4904,0.9736,0.1,0.198,0.1088,0.0,1,,,,2026-08-18T09:50:36.400056+00:00,
15,819,Shield,5,DEF,40,0.4636,1.0971,0.1,0.198,0.1088,0.0004,1,,,,2026-08-18T09:50:36.400056+00:00,
15,823,Stephenson,5,DEF,40,0.4884,1.1693,0.1,0.198,0.1088,0.0008,1,,,,2026-08-18T09:50:36.400056+00:00,
15,824,McManus,5,DEF,40,0.4676,1.1048,0.1,0.198,0.1088,0.0004,1,,,,2026-08-18T09:50:36.400056+00:00,
15,826,Owen,5,MID,45,0.4808,0.9552,0.1,0.198,0.1088,0.0,1,,,,2026-08-18T09:50:36.400056+00:00,
15,138,Steele,6,GKP,43,0.174,0.752,0.04,0.0384,0.0403,0.0,1,0,0,0,2026-08-18T09:50:36.400056+00:00,2026-08-18T09:51:31.201133+00:00
15,139,Verbruggen,6,GKP,44,3.0304,2.1737,0.9,0.004,0.8373,0.0,1,3,90,1,2026-08-18T09:50:36.400056+00:00,2026-08-18T09:51:31.201133+00:00
15,140,McGill,6,GKP,40,0.1736,0.7713,0.04,0.0384,0.0403,0.0,1,0,0,0,2026-08-18T09:50:36.400056+00:00,2026-08-18T09:51:31.201133+00:00
15,141,Rushworth,6,GKP,40,0,0,0.0,0.0,0.0,0,1,0,0,0,2026-08-18T09:50:36.400056+00:00,2026-08-18T09:51:31.201133+00:00
15,142,Scherpen,6,GKP,40,0,0,0.0,0.0,0.0,0,1,0,0,0,2026-08-18T09:50:36.400056+00:00,2026-08-18T09:51:31.201133+00:00
15,143,Boscagli,6,DEF,42,0.6756,1.619,0.1,0.198,0.1088,0.0028,1,1,7,0,2026-08-18T09:50:36.400056+00:00,2026-08-18T09:51:31.201133+00:00
15,144,Coppola,6,DEF,43,0,0,0.0,0.0,0.0,0,1,0,0,0,2026-08-18T09:50:36.400056+00:00,2026-08-18T09:51:31.201133+00:00
15,145,De Cuyper,6,DEF,43,1.0396,2.0674,0.22,0.1716,0.2183,0.0068,1,8,71,1,2026-08-18T09:50:36.400056+00:00,2026-08-18T09:51:31.201133+00:00
15,146,Dunk,6,DEF,45,0.8516,1.6841,0.22,0.1716,0.2183,0.0012,1,1,90,1,2026-08-18T09:50:36.400056+00:00,2026-08-18T09:51:31.201133+00:00
15,147,Estupiñan,6,DEF,45,0,0,0.0,0.0,0.0,0,1,0,0,0,2026-08-18T09:50:36.400056+00:00,2026-08-18T09:51:31.201133+00:00
15,148,F.Kadıoğlu,6,DEF,44,0.8648,1.7599,0.22,0.1716,0.2183,0.004,1,1,82,1,2026-08-18T09:50:36.400056+00:00,2026-08-18T09:51:31.201133+00:00
15,149,Igor,6,DEF,45,0.6236,1.4498,0.1,0.198,0.1088,0.0004,1,0,0,0,2026-08-18T09:50:36.400056+00:00,2026-08-18T09:51:31.201133+00:00
15,150,Lamptey,6,DEF,44,0,0,0.0,0.0,0.0,0,1,0,0,0,2026-08-18T09:50:36.400056+00:00,2026-08-18T09:51:31.201133+00:00
15,151,Van Hecke,6,DEF,45,1.1416,2.3334,0.22,0.1716,0.2183,0.0128,1,5,90,1,2026-08-18T09:50:36.400056+00:00,2026-08-18T09:51:31.201133+00:00
15,152,Veltman,6,DEF,43,1.028,1.9849,0.22,0.1716,0.2183,0.0044,1,0,0,0,2026-08-18T09:50:36.400056+00:00,2026-08-18T09:51:31.201133+00:00
15,153,Webster,6,DEF,44,0,0,0.0,0.0,0.0,0,1,0,0,0,2026-08-18T09:50:36.400056+00:00,2026-08-18T09:51:31.201133+00:00
15,154,Cashin,6,DEF,40,0,0,0.0,0.0,0.0,0,1,0,0,0,2026-08-18T09:50:36.400056+00:00,2026-08-18T09:51:31.201133+00:00
15,155,Slater,6,DEF,40,0,0,0.0,0.0,0.0,0,1,0,0,0,2026-08-18T09:50:36.400056+00:00,2026-08-18T09:51:31.201133+00:00
15,156,Tasker,6,DEF,39,0.5296,1.2044,0.1,0.198,0.1088,0.0,1,0,0,0,2026-08-18T09:50:36.400056+00:00,2026-08-18T09:51:31.201133+00:00
15,157,Mitoma,6,MID,61,0,0,0.0,0.0,0.0,0,1,0,0,0,2026-08-18T09:50:36.400056+00:00,2026-08-18T09:51:31.201133+00:00
15,158,Georginio,6,MID,57,1.6776,2.0333,0.48,0.1456,0.458,0.0068,1,8,90,1,2026-08-18T09:50:36.400056+00:00,2026-08-18T09:51:31.201133+00:00
15,159,March,6,MID,58,1.5676,1.9772,0.45,0.154,0.4308,0.0064,1,0,0,0,2026-08-18T09:50:36.400056+00:00,2026-08-18T09:51:31.201133+00:00
15,160,Minteh,6,MID,63,2.2372,2.696,0.48,0.1456,0.458,0.02,1,3,71,1,2026-08-18T09:50:36.400056+00:00,2026-08-18T09:51:31.201133+00:00
15,161,Enciso,6,MID,54,0,0,0.0,0.0,0.0,0,1,0,0,0,2026-08-18T09:50:36.400056+00:00,2026-08-18T09:51:31.201133+00:00
15,162,Gruda,6,MID,54,0,0,0.0,0.0,0.0,0,1,1,18,0,2026-08-18T09:50:36.400056+00:00,2026-08-18T09:51:31.201133+00:00
15,163,Hinshelwood,6,MID,51,0.8224,1.5419,0.18,0.1804,0.1818,0.002,1,1,30,0,2026-08-18T09:50:36.400056+00:00,2026-08-18T09:51:31.201133+00:00
15,164,O'Riley,6,MID,55,1.614,2.0324,0.45,0.154,0.4308,0.0064,1,0,0,0,2026-08-18T09:50:36.400056+00:00,2026-08-18T09:51:31.201133+00:00
15,165,Sima,6,MID,54,0,0,0.0,0.0,0.0,0,1,0,0,0,2026-08-18T09:50:36.400056+00:00,2026-08-18T09:51:31.201133+00:00
15,166,Ayari,6,MID,49,1.908,2.1834,0.48,0.1144,0.4556,0.0088,1,0,0,0,2026-08-18T09:50:36.400056+00:00,2026-08-18T09:51:31.201133+00:00
15,167,Baleba,6,MID,47,1.4936,1.7447,0.48,0.1144,0.4556,0.0008,1,1,59,1,2026-08-18T09:50:36.400056+00:00,2026-08-18T09:51:31.201133+00:00
15,169,Gomez,6,MID,49,1.8096,2.2909,0.48,0.1144,0.4556,0.01,1,2,90,1,2026-08-18T09:50:36.400056+00:00,2026-08-18T09:51:31.201133+00:00
15,170,Milner,6,MID,49,0.8784,1.8298,0.18,0.1804,0.1818,0.0064,1,0,0,0,2026-08-18T09:50:36.400056+00:00,2026-08-18T09:51:31.201133+00:00
15,171,Sarmiento,6,MID,49,0,0,0.0,0.0,0.0,0,1,0,0,0,2026-08-18T09:50:36.400056+00:00,2026-08-18T09:51:31.201133+00:00
15,172,Watson,6,MID,48,0,0,0.0,0.0,0.0,0,1,0,0,0,2026-08-18T09:50:36.400056+00:00,2026-08-18T09:51:31.201133+00:00
15,173,Wieffer,6,MID,49,2.2184,2.3858,0.48,0.1144,0.4556,0.004,1,2,90,1,2026-08-18T09:50:36.400056+00:00,2026-08-18T09:51:31.201133+00:00
15,174,Yalcouye,6,MID,50,0,0,0.0,0.0,0.0,0,1,0,0,0,2026-08-18T09:50:36.400056+00:00,2026-08-18T09:51:31.201133+00:00
15,175,Knight,6,MID,45,0,0,0.0,0.0,0.0,0,1,0,0,0,2026-08-18T09:50:36.400056+00:00,2026-08-18T09:51:31.201133+00:00
15,176,Mazilu,6,MID,45,0,0,0.0,0.0,0.0,0,1,0,0,0,2026-08-18T09:50:36.400056+00:00,2026-08-18T09:51:31.201133+00:00
15,177,Moran,6,MID,45,0,0,0.0,0.0,0.0,0,1,0,0,0,2026-08-18T09:50:36.400056+00:00,2026-08-18T09:51:31.201133+00:00
15,178,Welbeck,6,FWD,66,2.5388,3.0297,0.48,0.1456,0.458,0.0376,1,2,90,1,2026-08-18T09:50:36.400056+00:00,2026-08-18T09:51:31.201133+00:00
15,179,Ferguson,6,FWD,55,0,0,0.0,0.0,0.0,0,1,0,0,0,2026-08-18T09:50:36.400056+00:00,2026-08-18T09:51:31.201133+00:00
15,180,Tzimas,6,FWD,53,0,0,0.0,0.0,0.0,0,1,0,0,0,2026-08-18T09:50:36.400056+00:00,2026-08-18T09:51:31.201133+00:00
15,181,Kostoulas,6,FWD,48,1.0308,1.8841,0.18,0.1804,0.1818,0.0008,1,1,18,0,2026-08-18T09:50:36.400056+00:00,2026-08-18T09:51:31.201133+00:00
15,744,Oriola,6,MID,45,0.4692,0.9666,0.1,0.198,0.1088,0.0004,1,0,0,0,2026-08-18T09:50:36.400056+00:00,2026-08-18T09:51:31.201133+00:00
15,761,Simmonds,6,DEF,40,0.504,1.243,0.1,0.198,0.1088,0.0012,1,,,,2026-08-18T09:50:36.400056+00:00,
15,783,Groß,6,MID,56,1.6836,2.1152,0.45,0.154,0.4308,0.0084,1,,,,2026-08-18T09:50:36.400056+00:00,
15,795,Howell,6,MID,45,0.4976,1.0265,0.1,0.198,0.1088,0.0,1,,,,2026-08-18T09:50:36.400056+00:00,
15,220,Sánchez,7,GKP,48,2.438,1.9703,0.9,0.008,0.8376,0.0,1,10,90,1,2026-08-18T09:50:36.400056+00:00,2026-08-18T09:51:31.201133+00:00
15,221,Jörgensen,7,GKP,43,0.1392,0.6585,0.04,0.0384,0.0403,0.0,1,0,0,0,2026-08-18T09:50:36.400056+00:00,2026-08-18T09:51:31.201133+00:00
15,222,Penders,7,GKP,40,0,0,0.0,0.0,0.0,0,1,0,0,0,2026-08-18T09:50:36.400056+00:00,2026-08-18T09:51:31.201133+00:00
15,223,Slonina,7,GKP,39,0.166,0.7372,0.04,0.0384,0.0403,0.0,1,0,0,0,2026-08-18T09:50:36.400056+00:00,2026-08-18T09:51:31.201133+00:00
15,224,Cucurella,7,DEF,62,1.85,2.4075,0.48,0.1456,0.458,0.0108,1,6,90,1,2026-08-18T09:50:36.400056+00:00,2026-08-18T09:51:31.201133+00:00
15,225,James,7,DEF,56,1.8688,2.4168,0.48,0.1456,0.458,0.0108,1,6,90,1,2026-08-18T09:50:36.400056+00:00,2026-08-18T09:51:31.201133+00:00
15,226,Chalobah,7,DEF,52,1.888,2.5482,0.48,0.1144,0.4556,0.0148,1,11,90,1,2026-08-18T09:50:36.400056+00:00,2026-08-18T09:51:31.201133+00:00
15,227,Colwill,7,DEF,48,2.5376,2.2948,0.9,0.018,0.8384,0.0092,1,0,0,0,2026-08-18T09:50:36.400056+00:00,2026-08-18T09:51:31.201133+00:00
15,228,Gusto,7,DEF,49,1.2016,2.1017,0.28,0.1584,0.2731,0.0076,1,7,90,1,2026-08-18T09:50:36.400056+00:00,2026-08-18T09:51:31.201133+00:00
15,229,B.Badiashile,7,DEF,44,0.4364,1.0572,0.1,0.198,0.1088,0.0004,1,0,0,0,2026-08-18T09:50:36.400056+00:00,2026-08-18T09:51:31.201133+00:00
15,230,Fofana,7,DEF,44,0,0,0.0,0.0,0.0,0,1,9,90,1,2026-08-18T09:50:36.400056+00:00,2026-08-18T09:51:31.201133+00:00
15,231,M.Sarr,7,DEF,45,0.4356,1.0796,0.1,0.198,0.1088,0.0,1,0,0,0,2026-08-18T09:50:36.400056+00:00,2026-08-18T09:51:31.201133+00:00
15,232,Tosin,7,DEF,42,0.9944,1.8825,0.22,0.1716,0.2183,0.0028,1,0,0,0,2026-08-18T09:50:36.400056+00:00,2026-08-18T09:51:31.201133+00:00
15,233,Acheampong,7,DEF,39,0.7632,1.5316,0.22,0.1716,0.2183,0.0032,1,0,0,0,2026-08-18T09:50:36.400056+00:00,2026-08-18T09:51:31.201133+00:00
15,234,Anselmino,7,DEF,40,0,0,0.0,0.0,0.0,0,1,0,0,0,2026-08-18T09:50:36.400056+00:00,2026-08-18T09:51:31.201133+00:00
15,235,Palmer,7,MID,103,3.5132,3.3735,0.72,0.0784,0.6759,0.0648,1,1,57,1,2026-08-18T09:50:36.400056+00:00,2026-08-18T09:51:31.201133+00:00
15,236,Neto,7,MID,72,2.1388,2.6205,0.48,0.1456,0.458,0.0204,1,2,90,1,2026-08-18T09:50:36.400056+00:00,2026-08-18T09:51:31.201133+00:00
15,237,Enzo,7,MID,67,2.3168,2.9704,0.48,0.1456,0.458,0.0324,1,3,90,1,2026-08-18T09:50:36.400056+00:00,2026-08-18T09:51:31.201133+00:00
15,238,Estêvão,7,MID,66,0,0,0.0,0.0,0.0,0,1,1,13,0,2026-08-18T09:50:36.400056+00:00,2026-08-18T09:51:31.201133+00:00
15,239,Gittens,7,MID,61,0.6756,1.355,0.14,0.2408,0.1495,0.004,1,0,0,0,2026-08-18T09:50:36.400056+00:00,2026-08-18T09:51:31.201133+00:00
15,240,Nkunku,7,MID,59,0,0,0.0,0.0,0.0,0,1,0,0,0,2026-08-18T09:50:36.400056+00:00,2026-08-18T09:51:31.201133+00:00
15,241,Caicedo,7,MID,58,2.2804,2.5613,0.48,0.1456,0.458,0.0144,1,0,0,0,2026-08-18T09:50:36.400056+00:00,2026-08-18T09:51:31.201133+00:00
15,244,Lavia,7,MID,49,0.4944,1.07,0.09,0.2002,0.0997,0.0008,1,0,0,0,2026-08-18T09:50:36.400056+00:00,2026-08-18T09:51:31.201133+00:00
15,245,Mudryk,7,MID,49,0,0,0.0,0.0,0.0,0,1,0,0,0,2026-08-18T09:50:36.400056+00:00,2026-08-18T09:51:31.201133+00:00
15,246,Andrey Santos,7,MID,45,1.0312,1.6505,0.28,0.1584,0.2731,0.0016,1,0,0,0,2026-08-18T09:50:36.400056+00:00,2026-08-18T09:51:31.201133+00:00
15,247,D.Essugo,7,MID,43,0.4784,0.9668,0.1,0.198,0.1088,0.0004,1,0,0,0,2026-08-18T09:50:36.400056+00:00,2026-08-18T09:51:31.201133+00:00
15,248,Paez,7,MID,45,0,0,0.0,0.0,0.0,0,1,0,0,0,2026-08-18T09:50:36.400056+00:00,2026-08-18T09:51:31.201133+00:00
15,249,João Pedro,7,FWD,74,2.0216,2.4828,0.48,0.1456,0.458,0.0132,1,1,32,0,2026-08-18T09:50:36.400056+00:00,2026-08-18T09:51:31.201133+00:00
15,250,Delap,7,FWD,62,0.9068,1.4416,0.28,0.2016,0.2765,0.0028,1,1,31,0,2026-08-18T09:50:36.400056+00:00,2026-08-18T09:51:31.201133+00:00
15,251,N.Jackson,7,FWD,65,0,0,0.0,0.0,0.0,0,1,0,0,0,2026-08-18T09:50:36.400056+00:00,2026-08-18T09:51:31.201133+00:00
15,252,Marc Guiu,7,FWD,42,0.4772,1.0101,0.1,0.198,0.1088,0.0008,1,0,58,1,2026-08-18T09:50:36.400056+00:00,2026-08-18T09:51:31.201133+00:00
15,453,Garnacho,7,MID,64,1.1236,1.7293,0.28,0.2016,0.2765,0.0048,1,3,76,1,2026-08-18T09:50:36.400056+00:00,2026-08-18T09:51:31.201133+00:00
15,672,Hato,7,DEF,47,0.63,1.356,0.18,0.1804,0.1818,0.0012,1,0,0,0,2026-08-18T09:50:36.400056+00:00,2026-08-18T09:51:31.201133+00:00
15,743,Emenalo,7,MID,45,0.4696,0.9268,0.1,0.198,0.1088,0.0,1,0,0,0,2026-08-18T09:50:36.400056+00:00,2026-08-18T09:51:31.201133+00:00
15,789,Merrick,7,GKP,40,0.1508,0.6808,0.04,0.0384,0.0403,0.0,1,,,,2026-08-18T09:50:36.400056+00:00,
15,803,Sharman-Lowe,7,GKP,40,0.1608,0.7828,0.04,0.0384,0.0403,0.0,1,,,,2026-08-18T09:50:36.400056+00:00,
15,829,Derry,7,MID,45,0.454,0.8941,0.1,0.198,0.1088,0.0004,1,,,,2026-08-18T09:50:36.400056+00:00,
15,833,Eboué,7,MID,45,0.4524,0.9157,0.1,0.198,0.1088,0.0004,1,,,,2026-08-18T09:50:36.400056+00:00,
15,834,Kavuma-McQueen,7,MID,45,0.4516,0.8913,0.1,0.198,0.1088,0.0,1,,,,2026-08-18T09:50:36.400056+00:00,
15,840,Mheuka,7,FWD,45,0.4216,0.8295,0.1,0.198,0.1088,0.0,1,,,,2026-08-18T09:50:36.400056+00:00,
15,253,Henderson,8,GKP,51,2.7504,2.0718,0.9,0.008,0.8376,0.0008,1,3,90,1,2026-08-18T09:50:36.400056+00:00,2026-08-18T09:51:31.201133+00:00
15,254,Benitez,8,GKP,40,0.1572,0.7166,0.04,0.0384,0.0403,0.0,1,0,0,0,2026-08-18T09:50:36.400056+00:00,2026-08-18T09:51:31.201133+00:00
15,255,Matthews,8,GKP,39,0.1312,0.6304,0.04,0.0384,0.0403,0.0,1,0,0,0,2026-08-18T09:50:36.400056+00:00,2026-08-18T09:51:31.201133+00:00
15,256,Muñoz,8,DEF,61,1.9288,2.7022,0.48,0.1456,0.458,0.0232,1,0,0,0,2026-08-18T09:50:36.400056+00:00,2026-08-18T09:51:31.201133+00:00
15,257,Lacroix,8,DEF,51,2.0368,2.5432,0.48,0.1144,0.4556,0.0108,1,2,90,1,2026-08-18T09:50:36.400056+00:00,2026-08-18T09:51:31.201133+00:00
15,258,Mitchell,8,DEF,50,1.6648,2.2025,0.48,0.1144,0.4556,0.0032,1,2,90,1,2026-08-18T09:50:36.400056+00:00,2026-08-18T09:51:31.201133+00:00
15,259,Sosa,8,DEF,48,0.4244,1.0759,0.09,0.2002,0.0997,0.0012,1,0,0,0,2026-08-18T09:50:36.400056+00:00,2026-08-18T09:51:31.201133+00:00
15,261,Richards,8,DEF,46,0,0,0.0,0.0,0.0,0,1,4,90,1,2026-08-18T09:50:36.400056+00:00,2026-08-18T09:51:31.201133+00:00
15,262,Chadi Riad,8,DEF,40,0.4604,1.0245,0.1,0.198,0.1088,0.0004,1,0,0,0,2026-08-18T09:50:36.400056+00:00,2026-08-18T09:51:31.201133+00:00
15,263,Clyne,8,DEF,38,0.8644,1.6627,0.1,0.198,0.1088,0.0016,1,2,76,1,2026-08-18T09:50:36.400056+00:00,2026-08-18T09:51:31.201133+00:00
15,264,Holding,8,DEF,40,0,0,0.0,0.0,0.0,0,1,0,0,0,2026-08-18T09:50:36.400056+00:00,2026-08-18T09:51:31.201133+00:00
15,265,Kporha,8,DEF,40,0.5132,1.2146,0.1,0.198,0.1088,0.0,1,0,0,0,2026-08-18T09:50:36.400056+00:00,2026-08-18T09:51:31.201133+00:00
15,267,Sarr,8,MID,65,2.1772,2.7226,0.48,0.1456,0.458,0.0228,1,0,0,0,2026-08-18T09:50:36.400056+00:00,2026-08-18T09:51:31.201133+00:00
15,268,Doucouré,8,MID,49,0,0,0.0,0.0,0.0,0,1,0,0,0,2026-08-18T09:50:36.400056+00:00,2026-08-18T09:51:31.201133+00:00
15,269,Esse,8,MID,47,0,0,0.0,0.0,0.0,0,1,0,0,0,2026-08-18T09:50:36.400056+00:00,2026-08-18T09:51:31.201133+00:00
15,270,Hughes,8,MID,47,0.8184,1.2988,0.28,0.1584,0.2731,0.0,1,0,0,0,2026-08-18T09:50:36.400056+00:00,2026-08-18T09:51:31.201133+00:00
15,271,Kamada,8,MID,50,1.7044,1.8796,0.48,0.1144,0.4556,0.0036,1,2,90,1,2026-08-18T09:50:36.400056+00:00,2026-08-18T09:51:31.201133+00:00
15,272,Lerma,8,MID,49,1.0436,1.6474,0.28,0.1584,0.2731,0.0024,1,1,25,0,2026-08-18T09:50:36.400056+00:00,2026-08-18T09:51:31.201133+00:00
15,273,Wharton,8,MID,50,1.7068,1.9628,0.48,0.1144,0.4556,0.0036,1,9,90,1,2026-08-18T09:50:36.400056+00:00,2026-08-18T09:51:31.201133+00:00
15,274,Agbinone,8,MID,44,0.4348,0.9054,0.1,0.198,0.1088,0.0004,1,0,0,0,2026-08-18T09:50:36.400056+00:00,2026-08-18T09:51:31.201133+00:00
15,275,Ahamada,8,MID,44,0,0,0.0,0.0,0.0,0,1,0,0,0,2026-08-18T09:50:36.400056+00:00,2026-08-18T09:51:31.201133+00:00
15,276,Devenny,8,MID,43,0.5016,1.09,0.1,0.198,0.1088,0.0004,1,1,1,0,2026-08-18T09:50:36.400056+00:00,2026-08-18T09:51:31.201133+00:00
15,277,Ebiowei,8,MID,45,0,0,0.0,0.0,0.0,0,1,0,0,0,2026-08-18T09:50:36.400056+00:00,2026-08-18T09:51:31.201133+00:00
15,278,J.Rak-Sakyi,8,MID,44,0,0,0.0,0.0,0.0,0,1,0,0,0,2026-08-18T09:50:36.400056+00:00,2026-08-18T09:51:31.201133+00:00
15,279,M.França,8,MID,45,0,0,0.0,0.0,0.0,0,1,0,0,0,2026-08-18T09:50:36.400056+00:00,2026-08-18T09:51:31.201133+00:00
15,280,Ozoh,8,MID,45,0,0,0.0,0.0,0.0,0,1,0,0,0,2026-08-18T09:50:36.400056+00:00,2026-08-18T09:51:31.201133+00:00
15,281,Rodney,8,MID,44,0.4868,1.0063,0.1,0.198,0.1088,0.0008,1,0,0,0,2026-08-18T09:50:36.400056+00:00,2026-08-18T09:51:31.201133+00:00
15,282,Umeh,8,MID,45,0,0,0.0,0.0,0.0,0,1,0,0,0,2026-08-18T09:50:36.400056+00:00,2026-08-18T09:51:31.201133+00:00
15,283,Mateta,8,FWD,81,2.3696,2.951,0.48,0.1456,0.458,0.038,1,2,65,1,2026-08-18T09:50:36.400056+00:00,2026-08-18T09:51:31.201133+00:00
15,284,Nketiah,8,FWD,54,0,0,0.0,0.0,0.0,0,1,9,64,1,2026-08-18T09:50:36.400056+00:00,2026-08-18T09:51:31.201133+00:00
15,285,Édouard,8,FWD,50,0,0,0.0,0.0,0.0,0,1,0,0,0,2026-08-18T09:50:36.400056+00:00,2026-08-18T09:51:31.201133+00:00
15,286,Marsh,8,FWD,45,0.4632,0.9109,0.1,0.198,0.1088,0.0004,1,0,0,0,2026-08-18T09:50:36.400056+00:00,2026-08-18T09:51:31.201133+00:00
15,580,Johnson,8,MID,66,1.1588,1.8956,0.28,0.2016,0.2765,0.0052,1,0,0,0,2026-08-18T09:50:36.400056+00:00,2026-08-18T09:51:31.201133+00:00
15,654,Strand Larsen,8,FWD,62,1.4224,1.5715,0.48,0.1456,0.458,0.0016,1,1,68,1,2026-08-18T09:50:36.400056+00:00,2026-08-18T09:51:31.201133+00:00
15,677,Guessand,8,MID,62,1.0668,1.6566,0.28,0.2016,0.2765,0.002,1,0,0,0,2026-08-18T09:50:36.400056+00:00,2026-08-18T09:51:31.201133+00:00
15,690,Cardines,8,MID,44,0.4408,0.9661,0.1,0.198,0.1088,0.0008,1,0,0,0,2026-08-18T09:50:36.400056+00:00,2026-08-18T09:51:31.201133+00:00
15,712,Yeremy,8,MID,58,1.7424,2.1983,0.48,0.1456,0.458,0.012,1,5,90,1,2026-08-18T09:50:36.400056+00:00,2026-08-18T09:51:31.201133+00:00
15,723,Canvot,8,DEF,45,0.6236,1.4725,0.1,0.198,0.1088,0.0016,1,1,13,0,2026-08-18T09:50:36.400056+00:00,2026-08-18T09:51:31.201133+00:00
15,732,Uche,8,FWD,55,1.5244,1.8427,0.45,0.154,0.4308,0.0044,1,1,24,0,2026-08-18T09:50:36.400056+00:00,2026-08-18T09:51:31.201133+00:00
15,762,Drakes-Thomas,8,MID,45,0.4312,0.8868,0.1,0.198,0.1088,0.0,1,,,,2026-08-18T09:50:36.400056+00:00,
15,773,Benamar,8,DEF,40,0.4688,1.12,0.1,0.198,0.1088,0.0,1,,,,2026-08-18T09:50:36.400056+00:00,
15,780,Casey,8,FWD,45,0.422,0.8444,0.1,0.198,0.1088,0.0,1,,,,2026-08-18T09:50:36.400056+00:00,
15,793,King,8,DEF,40,0.4484,1.0939,0.1,0.198,0.1088,0.0,1,,,,2026-08-18T09:50:36.400056+00:00,
15,798,Imray,8,DEF,40,0,0,0.0,0.0,0.0,0,1,,,,2026-08-18T09:50:36.400056+00:00,
15,242,Dewsbury-Hall,9,MID,50,1.86,2.3181,0.48,0.1144,0.4556,0.0096,1,16,90,1,2026-08-18T09:50:36.400056+00:00,2026-08-18T09:51:31.201133+00:00
15,243,George,9,MID,49,0.684,1.2681,0.18,0.1804,0.1818,0.0012,1,0,0,0,2026-08-18T09:50:36.400056+00:00,2026-08-18T09:51:31.201133+00:00
15,287,Pickford,9,GKP,55,3.7316,2.3917,0.9,0.008,0.8376,0.0064,1,6,90,1,2026-08-18T09:50:36.400056+00:00,2026-08-18T09:51:31.201133+00:00
15,288,Travers,9,GKP,44,0.1768,0.8622,0.04,0.0384,0.0403,0.0,1,0,0,0,2026-08-18T09:50:36.400056+00:00,2026-08-18T09:51:31.201133+00:00
15,289,Tyrer,9,GKP,39,0,0,0.0,0.0,0.0,0,1,0,0,0,2026-08-18T09:50:36.400056+00:00,2026-08-18T09:51:31.201133+00:00
15,290,Branthwaite,9,DEF,53,0,0,0.0,0.0,0.0,0,1,0,0,0,2026-08-18T09:50:36.400056+00:00,2026-08-18T09:51:31.201133+00:00
15,291,Tarkowski,9,DEF,54,2.2488,2.7919,0.48,0.1144,0.4556,0.0132,1,9,90,1,2026-08-18T09:50:36.400056+00:00,2026-08-18T09:51:31.201133+00:00
15,292,Mykolenko,9,DEF,49,1.7588,2.2907,0.48,0.1144,0.4556,0.0024,1,5,90,1,2026-08-18T09:50:36.400056+00:00,2026-08-18T09:51:31.201133+00:00
15,293,O'Brien,9,DEF,49,1.8652,2.4048,0.48,0.1144,0.4556,0.0076,1,8,90,1,2026-08-18T09:50:36.400056+00:00,2026-08-18T09:51:31.201133+00:00
15,294,Coleman,9,DEF,43,0.5372,1.2575,0.1,0.198,0.1088,0.0004,1,0,0,0,2026-08-18T09:50:36.400056+00:00,2026-08-18T09:51:31.201133+00:00
15,295,Keane,9,DEF,46,2.4188,3.0493,0.48,0.1144,0.4556,0.028,1,9,90,1,2026-08-18T09:50:36.400056+00:00,2026-08-18T09:51:31.201133+00:00
15,296,Patterson,9,DEF,44,0.8544,1.6862,0.22,0.1716,0.2183,0.002,1,0,0,0,2026-08-18T09:50:36.400056+00:00,2026-08-18T09:51:31.201133+00:00
15,297,Dixon,9,DEF,39,0,0,0.0,0.0,0.0,0,1,0,0,0,2026-08-18T09:50:36.400056+00:00,2026-08-18T09:51:31.201133+00:00
15,298,Welch,9,DEF,39,0.524,1.2226,0.1,0.198,0.1088,0.0,1,0,0,0,2026-08-18T09:50:36.400056+00:00,2026-08-18T09:51:31.201133+00:00
15,299,Ndiaye,9,MID,65,2.424,2.928,0.48,0.1456,0.458,0.032,1,8,90,1,2026-08-18T09:50:36.400056+00:00,2026-08-18T09:51:31.201133+00:00
15,300,McNeil,9,MID,55,1.5508,1.9408,0.45,0.154,0.4308,0.004,1,1,17,0,2026-08-18T09:50:36.400056+00:00,2026-08-18T09:51:31.201133+00:00
15,301,Alcaraz,9,MID,52,0.9948,1.5914,0.28,0.1584,0.2731,0.0028,1,3,72,1,2026-08-18T09:50:36.400056+00:00,2026-08-18T09:51:31.201133+00:00
15,302,Gana,9,MID,54,1.0364,1.8746,0.24,0.1672,0.2366,0.0068,1,0,0,0,2026-08-18T09:50:36.400056+00:00,2026-08-18T09:51:31.201133+00:00
15,303,Garner,9,MID,50,1.9116,2.3259,0.48,0.1144,0.4556,0.0108,1,3,90,1,2026-08-18T09:50:36.400056+00:00,2026-08-18T09:51:31.201133+00:00
15,304,Iroegbunam,9,MID,48,1.0092,1.6094,0.28,0.1584,0.2731,0.0016,1,0,0,0,2026-08-18T09:50:36.400056+00:00,2026-08-18T09:51:31.201133+00:00
15,305,Armstrong,9,MID,45,0.4592,0.952,0.1,0.198,0.1088,0.0004,1,0,0,0,2026-08-18T09:50:36.400056+00:00,2026-08-18T09:51:31.201133+00:00
15,306,Bates,9,MID,44,0.4532,0.9479,0.1,0.198,0.1088,0.0,1,0,0,0,2026-08-18T09:50:36.400056+00:00,2026-08-18T09:51:31.201133+00:00
15,307,Ebere,9,MID,44,0.4632,0.9668,0.1,0.198,0.1088,0.0,1,0,0,0,2026-08-18T09:50:36.400056+00:00,2026-08-18T09:51:31.201133+00:00
15,308,Heath,9,MID,45,0,0,0.0,0.0,0.0,0,1,0,0,0,2026-08-18T09:50:36.400056+00:00,2026-08-18T09:51:31.201133+00:00
15,309,Metcalfe,9,MID,45,0,0,0.0,0.0,0.0,0,1,0,0,0,2026-08-18T09:50:36.400056+00:00,2026-08-18T09:51:31.201133+00:00
15,310,Barry,9,FWD,57,1.028,1.696,0.28,0.2016,0.2765,0.0052,1,5,61,1,2026-08-18T09:50:36.400056+00:00,2026-08-18T09:51:31.201133+00:00
15,311,Beto,9,FWD,51,1.1032,1.9088,0.28,0.1584,0.2731,0.0096,1,1,28,0,2026-08-18T09:50:36.400056+00:00,2026-08-18T09:51:31.201133+00:00
15,312,Y.Chermiti,9,FWD,49,0,0,0.0,0.0,0.0,0,1,0,0,0,2026-08-18T09:50:36.400056+00:00,2026-08-18T09:51:31.201133+00:00
15,313,Sherif,9,FWD,44,0,0,0.0,0.0,0.0,0,1,0,0,0,2026-08-18T09:50:36.400056+00:00,2026-08-18T09:51:31.201133+00:00
15,419,Grealish,9,MID,66,0,0,0.0,0.0,0.0,0,1,3,85,1,2026-08-18T09:50:36.400056+00:00,2026-08-18T09:51:31.201133+00:00
15,630,King,9,GKP,39,0.1712,0.7708,0.04,0.0384,0.0403,0.0,1,0,0,0,2026-08-18T09:50:36.400056+00:00,2026-08-18T09:51:31.201133+00:00
15,667,Aznou,9,DEF,43,0.5176,1.2383,0.1,0.198,0.1088,0.0008,1,0,0,0,2026-08-18T09:50:36.400056+00:00,2026-08-18T09:51:31.201133+00:00
15,704,Onyango,9,MID,45,0,0,0.0,0.0,0.0,0,1,0,0,0,2026-08-18T09:50:36.400056+00:00,2026-08-18T09:51:31.201133+00:00
15,705,Campbell,9,DEF,39,0,0,0.0,0.0,0.0,0,1,0,0,0,2026-08-18T09:50:36.400056+00:00,2026-08-18T09:51:31.201133+00:00
15,707,Dibling,9,MID,53,0.8512,1.6081,0.18,0.1804,0.1818,0.0032,1,1,4,0,2026-08-18T09:50:36.400056+00:00,2026-08-18T09:51:31.201133+00:00
15,728,Röhl,9,MID,50,0.9624,1.7636,0.18,0.1804,0.1818,0.0024,1,0,0,0,2026-08-18T09:50:36.400056+00:00,2026-08-18T09:51:31.201133+00:00
15,779,Graham,9,FWD,45,0.466,0.9581,0.1,0.198,0.1088,0.0004,1,,,,2026-08-18T09:50:36.400056+00:00,
15,314,Leno,10,GKP,49,3.016,2.2076,0.9,0.008,0.8376,0.0004,1,2,90,1,2026-08-18T09:50:36.400056+00:00,2026-08-18T09:51:31.201133+00:00
15,315,Benda,10,GKP,40,0,0,0.0,0.0,0.0,0,1,0,0,0,2026-08-18T09:50:36.400056+00:00,2026-08-18T09:51:31.201133+00:00
15,316,Robinson,10,DEF,49,0.7228,1.4987,0.18,0.1804,0.1818,0.0012,1,0,0,0,2026-08-18T09:50:36.400056+00:00,2026-08-18T09:51:31.201133+00:00
15,317,Andersen,10,DEF,45,0,0,0.0,0.0,0.0,0,1,1,90,1,2026-08-18T09:50:36.400056+00:00,2026-08-18T09:51:31.201133+00:00
15,318,Bassey,10,DEF,45,1.03,1.9582,0.22,0.1716,0.2183,0.0024,1,3,90,1,2026-08-18T09:50:36.400056+00:00,2026-08-18T09:51:31.201133+00:00
15,319,Castagne,10,DEF,43,1.0004,1.9387,0.22,0.1716,0.2183,0.004,1,1,90,1,2026-08-18T09:50:36.400056+00:00,2026-08-18T09:51:31.201133+00:00
15,320,Diop,10,DEF,43,0.5604,1.3853,0.1,0.198,0.1088,0.0016,1,0,0,0,2026-08-18T09:50:36.400056+00:00,2026-08-18T09:51:31.201133+00:00
15,321,J.Cuenca,10,DEF,43,0.6392,1.5493,0.1,0.198,0.1088,0.002,1,0,0,0,2026-08-18T09:50:36.400056+00:00,2026-08-18T09:51:31.201133+00:00
15,322,Tete,10,DEF,45,1.0412,1.9594,0.22,0.1716,0.2183,0.0036,1,3,90,1,2026-08-18T09:50:36.400056+00:00,2026-08-18T09:51:31.201133+00:00
15,323,Amissah,10,DEF,38,0.5584,1.3384,0.1,0.198,0.1088,0.0012,1,0,0,0,2026-08-18T09:50:36.400056+00:00,2026-08-18T09:51:31.201133+00:00
15,324,Iwobi,10,MID,64,1.8204,2.1299,0.48,0.1456,0.458,0.0088,1,2,88,1,2026-08-18T09:50:36.400056+00:00,2026-08-18T09:51:31.201133+00:00
15,325,Smith Rowe,10,MID,56,1.184,1.8118,0.28,0.2016,0.2765,0.0044,1,2,67,1,2026-08-18T09:50:36.400056+00:00,2026-08-18T09:51:31.201133+00:00
15,327,Andreas,10,MID,53,0,0,0.0,0.0,0.0,0,1,0,0,0,2026-08-18T09:50:36.400056+00:00,2026-08-18T09:51:31.201133+00:00
15,328,Sessegnon,10,MID,54,2.02,2.3719,0.48,0.1144,0.4556,0.0128,1,0,0,0,2026-08-18T09:50:36.400056+00:00,2026-08-18T09:51:31.201133+00:00
15,329,Wilson,10,MID,52,1.9188,2.3661,0.48,0.1144,0.4556,0.0112,1,8,88,1,2026-08-18T09:50:36.400056+00:00,2026-08-18T09:51:31.201133+00:00
15,330,Berge,10,MID,49,1.4584,1.692,0.48,0.1144,0.4556,0.0028,1,2,75,1,2026-08-18T09:50:36.400056+00:00,2026-08-18T09:51:31.201133+00:00
15,331,Cairney,10,MID,48,0.722,1.2849,0.18,0.1804,0.1818,0.0008,1,1,2,0,2026-08-18T09:50:36.400056+00:00,2026-08-18T09:51:31.201133+00:00
15,332,Lukić,10,MID,50,1.744,2.2673,0.48,0.1144,0.4556,0.0084,1,1,14,0,2026-08-18T09:50:36.400056+00:00,2026-08-18T09:51:31.201133+00:00
15,333,Godo,10,MID,45,0,0,0.0,0.0,0.0,0,1,0,0,0,2026-08-18T09:50:36.400056+00:00,2026-08-18T09:51:31.201133+00:00
15,334,Harris,10,MID,45,0,0,0.0,0.0,0.0,0,1,0,0,0,2026-08-18T09:50:36.400056+00:00,2026-08-18T09:51:31.201133+00:00
15,335,King,10,MID,45,1.3576,1.6844,0.48,0.1144,0.4556,0.0032,1,1,14,0,2026-08-18T09:50:36.400056+00:00,2026-08-18T09:51:31.201133+00:00
15,336,Reed,10,MID,43,1.0836,1.7867,0.1,0.198,0.1088,0.0008,1,0,0,0,2026-08-18T09:50:36.400056+00:00,2026-08-18T09:51:31.201133+00:00
15,337,Raúl,10,FWD,62,1.7512,2.2329,0.48,0.1456,0.458,0.0108,1,5,90,1,2026-08-18T09:50:36.400056+00:00,2026-08-18T09:51:31.201133+00:00
15,338,Muniz,10,FWD,54,0.9828,1.5716,0.28,0.1584,0.2731,0.0044,1,0,0,0,2026-08-18T09:50:36.400056+00:00,2026-08-18T09:51:31.201133+00:00
15,424,Bobb,10,MID,52,0.9484,1.5642,0.28,0.1584,0.2731,0.0012,1,0,0,0,2026-08-18T09:50:36.400056+00:00,2026-08-18T09:51:31.201133+00:00
15,664,Lecomte,10,GKP,39,0.1612,0.8061,0.04,0.0384,0.0403,0.0004,1,0,0,0,2026-08-18T09:50:36.400056+00:00,2026-08-18T09:51:31.201133+00:00
15,727,Chukwueze,10,MID,53,0.8224,1.5927,0.18,0.1804,0.1818,0.0032,1,2,75,1,2026-08-18T09:50:36.400056+00:00,2026-08-18T09:51:31.201133+00:00
15,731,Kevin,10,MID,58,1.1972,1.8727,0.28,0.2016,0.2765,0.0052,1,1,22,0,2026-08-18T09:50:36.400056+00:00,2026-08-18T09:51:31.201133+00:00
15,737,Kusi-Asare,10,FWD,45,0,0,0.0,0.0,0.0,0,1,0,0,0,2026-08-18T09:50:36.400056+00:00,2026-08-18T09:51:31.201133+00:00
15,770,Ridgeon,10,MID,45,0.5064,1.0465,0.1,0.198,0.1088,0.0008,1,,,,2026-08-18T09:50:36.400056+00:00,
15,786,McNally,10,GKP,40,0.1852,0.8207,0.04,0.0384,0.0403,0.0,1,,,,2026-08-18T09:50:36.400056+00:00,
15,168,Buonanotte,11,MID,46,0.6104,1.1359,0.18,0.1804,0.1818,0.0004,1,0,0,0,2026-08-18T09:50:36.400056+00:00,2026-08-18T09:51:31.201133+00:00
15,339,Meslier,11,GKP,42,0.1468,0.7132,0.04,0.0384,0.0403,0.0,1,0,0,0,2026-08-18T09:50:36.400056+00:00,2026-08-18T09:51:31.201133+00:00
15,340,Cairns,11,GKP,39,0.196,0.8701,0.04,0.0384,0.0403,0.0,1,0,0,0,2026-08-18T09:50:36.400056+00:00,2026-08-18T09:51:31.201133+00:00
15,341,Darlow,11,GKP,40,0.1792,0.8449,0.04,0.0384,0.0403,0.0,1,0,0,0,2026-08-18T09:50:36.400056+00:00,2026-08-18T09:51:31.201133+00:00
15,342,Bogle,11,DEF,44,0.9124,1.7899,0.22,0.1716,0.2183,0.004,1,0,90,1,2026-08-18T09:50:36.400056+00:00,2026-08-18T09:51:31.201133+00:00
15,343,Struijk,11,DEF,43,1.04,2.0514,0.22,0.1716,0.2183,0.0084,1,0,90,1,2026-08-18T09:50:36.400056+00:00,2026-08-18T09:51:31.201133+00:00
15,344,Bijol,11,DEF,39,1.0248,1.9547,0.22,0.1716,0.2183,0.0044,1,1,64,1,2026-08-18T09:50:36.400056+00:00,2026-08-18T09:51:31.201133+00:00
15,345,Bornauw,11,DEF,38,0.51,1.2801,0.1,0.198,0.1088,0.0008,1,1,1,0,2026-08-18T09:50:36.400056+00:00,2026-08-18T09:51:31.201133+00:00
15,346,Byram,11,DEF,39,0.4996,1.2238,0.1,0.198,0.1088,0.0008,1,0,0,0,2026-08-18T09:50:36.400056+00:00,2026-08-18T09:51:31.201133+00:00
15,347,Gudmundsson,11,DEF,39,0,0,0.0,0.0,0.0,0,1,0,90,1,2026-08-18T09:50:36.400056+00:00,2026-08-18T09:51:31.201133+00:00
15,348,Rodon,11,DEF,41,1.1012,2.0507,0.22,0.1716,0.2183,0.0044,1,1,90,1,2026-08-18T09:50:36.400056+00:00,2026-08-18T09:51:31.201133+00:00
15,349,Schmidt,11,DEF,40,0,0,0.0,0.0,0.0,0,1,0,0,0,2026-08-18T09:50:36.400056+00:00,2026-08-18T09:51:31.201133+00:00
15,350,Aaronson,11,MID,54,2.014,2.5447,0.48,0.1144,0.4556,0.0188,1,4,25,0,2026-08-18T09:50:36.400056+00:00,2026-08-18T09:51:31.201133+00:00
15,351,Gnonto,11,MID,52,1.004,1.611,0.28,0.1584,0.2731,0.0012,1,4,25,0,2026-08-18T09:50:36.400056+00:00,2026-08-18T09:51:31.201133+00:00
15,352,Harrison,11,MID,51,0,0,0.0,0.0,0.0,0,1,0,0,0,2026-08-18T09:50:36.400056+00:00,2026-08-18T09:51:31.201133+00:00
15,353,James,11,MID,53,1.1404,1.8297,0.28,0.1584,0.2731,0.0056,1,0,0,0,2026-08-18T09:50:36.400056+00:00,2026-08-18T09:51:31.201133+00:00
15,354,Ampadu,11,MID,49,1.7672,2.0656,0.48,0.1144,0.4556,0.0052,1,2,86,1,2026-08-18T09:50:36.400056+00:00,2026-08-18T09:51:31.201133+00:00
15,355,Greenwood,11,MID,49,0,0,0.0,0.0,0.0,0,1,0,0,0,2026-08-18T09:50:36.400056+00:00,2026-08-18T09:51:31.201133+00:00
15,356,Gruev,11,MID,48,0,0,0.0,0.0,0.0,0,1,2,64,1,2026-08-18T09:50:36.400056+00:00,2026-08-18T09:51:31.201133+00:00
15,357,Ramazani,11,MID,49,0,0,0.0,0.0,0.0,0,1,0,0,0,2026-08-18T09:50:36.400056+00:00,2026-08-18T09:51:31.201133+00:00
15,358,Tanaka,11,MID,48,1.1184,1.8151,0.28,0.1584,0.2731,0.0036,1,6,25,0,2026-08-18T09:50:36.400056+00:00,2026-08-18T09:51:31.201133+00:00
15,359,Crew,11,MID,45,0,0,0.0,0.0,0.0,0,1,0,0,0,2026-08-18T09:50:36.400056+00:00,2026-08-18T09:51:31.201133+00:00
15,360,Gelhardt,11,MID,45,0,0,0.0,0.0,0.0,0,1,0,0,0,2026-08-18T09:50:36.400056+00:00,2026-08-18T09:51:31.201133+00:00
15,361,Gyabi,11,MID,45,0,0,0.0,0.0,0.0,0,1,0,0,0,2026-08-18T09:50:36.400056+00:00,2026-08-18T09:51:31.201133+00:00
15,362,Piroe,11,FWD,50,0.6432,1.2174,0.18,0.1804,0.1818,0.0008,1,1,3,0,2026-08-18T09:50:36.400056+00:00,2026-08-18T09:51:31.201133+00:00
15,363,Bamford,11,FWD,49,0,0,0.0,0.0,0.0,0,1,0,0,0,2026-08-18T09:50:36.400056+00:00,2026-08-18T09:51:31.201133+00:00
15,364,Mateo Joseph,11,FWD,50,0,0,0.0,0.0,0.0,0,1,0,0,0,2026-08-18T09:50:36.400056+00:00,2026-08-18T09:51:31.201133+00:00
15,365,Nmecha,11,FWD,50,1.4164,2.3645,0.28,0.1584,0.2731,0.0168,1,0,0,0,2026-08-18T09:50:36.400056+00:00,2026-08-18T09:51:31.201133+00:00
15,493,Longstaff,11,MID,49,1.862,2.2415,0.48,0.1144,0.4556,0.0084,1,0,0,0,2026-08-18T09:50:36.400056+00:00,2026-08-18T09:51:31.201133+00:00
15,660,Stach,11,MID,48,0,0,0.0,0.0,0.0,0,1,12,90,1,2026-08-18T09:50:36.400056+00:00,2026-08-18T09:51:31.201133+00:00
15,665,Perri,11,GKP,45,2.9056,2.1909,0.88,0.0048,0.8188,0.0008,1,2,90,1,2026-08-18T09:50:36.400056+00:00,2026-08-18T09:51:31.201133+00:00
15,691,Calvert-Lewin,11,FWD,55,2.1188,2.5108,0.48,0.1456,0.458,0.0148,1,6,90,1,2026-08-18T09:50:36.400056+00:00,2026-08-18T09:51:31.201133+00:00
15,698,Okafor,11,MID,55,0,0,0.0,0.0,0.0,0,1,2,64,1,2026-08-18T09:50:36.400056+00:00,2026-08-18T09:51:31.201133+00:00
15,706,Justin,11,DEF,39,0.6036,1.4244,0.1,0.198,0.1088,0.0,1,0,0,0,2026-08-18T09:50:36.400056+00:00,2026-08-18T09:51:31.201133+00:00
15,741,Gray,11,FWD,45,0,0,0.0,0.0,0.0,0,1,0,0,0,2026-08-18T09:50:36.400056+00:00,2026-08-18T09:51:31.201133+00:00
15,787,Chambers,11,MID,44,0.472,0.9716,0.1,0.198,0.1088,0.0,1,,,,2026-08-18T09:50:36.400056+00:00,
15,837,Lienou,11,DEF,40,0.496,1.1846,0.1,0.198,0.1088,0.0004,1,,,,2026-08-18T09:50:36.400056+00:00,
15,838,Chadwick,11,MID,45,0.4756,0.9945,0.1,0.198,0.1088,0.0,1,,,,2026-08-18T09:50:36.400056+00:00,
15,839,Cresswell,11,MID,45,0.4816,1.0468,0.1,0.198,0.1088,0.0008,1,,,,2026-08-18T09:50:36.400056+00:00,
15,366,A.Becker,12,GKP,54,2.7276,2.1085,0.88,0.0096,0.8192,0.0012,1,1,90,1,2026-08-18T09:50:36.400056+00:00,2026-08-18T09:51:31.201133+00:00
15,367,Mamardashvili,12,GKP,43,0.1712,0.7577,0.04,0.0384,0.0403,0.0,1,0,0,0,2026-08-18T09:50:36.400056+00:00,2026-08-18T09:51:31.201133+00:00
15,368,Pécsi,12,GKP,39,0.1672,0.7224,0.04,0.0384,0.0403,0.0,1,0,0,0,2026-08-18T09:50:36.400056+00:00,2026-08-18T09:51:31.201133+00:00
15,369,Woodman,12,GKP,39,0.1728,0.7808,0.04,0.0384,0.0403,0.0,1,0,0,0,2026-08-18T09:50:36.400056+00:00,2026-08-18T09:51:31.201133+00:00
15,370,Frimpong,12,DEF,57,1.5436,2.1754,0.45,0.154,0.4308,0.006,1,0,0,0,2026-08-18T09:50:36.400056+00:00,2026-08-18T09:51:31.201133+00:00
15,371,Kerkez,12,DEF,57,1.4384,2.1423,0.48,0.1456,0.458,0.0096,1,1,90,1,2026-08-18T09:50:36.400056+00:00,2026-08-18T09:51:31.201133+00:00
15,372,Robertson,12,DEF,58,0.9768,1.7111,0.28,0.2016,0.2765,0.002,1,0,0,0,2026-08-18T09:50:36.400056+00:00,2026-08-18T09:51:31.201133+00:00
15,373,Virgil,12,DEF,60,2.0728,2.552,0.48,0.1456,0.458,0.0088,1,2,90,1,2026-08-18T09:50:36.400056+00:00,2026-08-18T09:51:31.201133+00:00
15,374,Konaté,12,DEF,54,1.8768,2.4855,0.48,0.1144,0.4556,0.0116,1,1,90,1,2026-08-18T09:50:36.400056+00:00,2026-08-18T09:51:31.201133+00:00
15,375,Bradley,12,DEF,50,0,0,0.0,0.0,0.0,0,1,5,67,1,2026-08-18T09:50:36.400056+00:00,2026-08-18T09:51:31.201133+00:00
15,376,Gomez,12,DEF,49,0.6556,1.33,0.18,0.1804,0.1818,0.0,1,-1,22,0,2026-08-18T09:50:36.400056+00:00,2026-08-18T09:51:31.201133+00:00
15,377,Tsimikas,12,DEF,48,0,0,0.0,0.0,0.0,0,1,0,0,0,2026-08-18T09:50:36.400056+00:00,2026-08-18T09:51:31.201133+00:00
15,378,Nallo,12,DEF,38,0.4848,1.1492,0.1,0.198,0.1088,0.0004,1,0,0,0,2026-08-18T09:50:36.400056+00:00,2026-08-18T09:51:31.201133+00:00
15,379,R.Williams,12,DEF,38,0.498,1.1765,0.1,0.198,0.1088,0.0004,1,0,0,0,2026-08-18T09:50:36.400056+00:00,2026-08-18T09:51:31.201133+00:00
15,380,Ramsay,12,DEF,38,0.474,1.186,0.1,0.198,0.1088,0.0012,1,0,0,0,2026-08-18T09:50:36.400056+00:00,2026-08-18T09:51:31.201133+00:00
15,381,M.Salah,12,MID,141,2.5396,3.1511,0.48,0.1456,0.458,0.0372,1,0,0,0,2026-08-18T09:50:36.400056+00:00,2026-08-18T09:51:31.201133+00:00
15,382,Wirtz,12,MID,80,1.9136,2.4141,0.48,0.1456,0.458,0.014,1,3,67,1,2026-08-18T09:50:36.400056+00:00,2026-08-18T09:51:31.201133+00:00
15,383,Luis Díaz,12,MID,80,0,0,0.0,0.0,0.0,0,1,0,0,0,2026-08-18T09:50:36.400056+00:00,2026-08-18T09:51:31.201133+00:00
15,384,Gakpo,12,MID,75,2.3256,2.9043,0.48,0.1456,0.458,0.0288,1,2,82,1,2026-08-18T09:50:36.400056+00:00,2026-08-18T09:51:31.201133+00:00
15,385,Chiesa,12,MID,63,1.754,2.2259,0.45,0.154,0.4308,0.0104,1,0,0,0,2026-08-18T09:50:36.400056+00:00,2026-08-18T09:51:31.201133+00:00
15,386,Mac Allister,12,MID,63,1.6428,2.0171,0.48,0.1456,0.458,0.006,1,1,22,0,2026-08-18T09:50:36.400056+00:00,2026-08-18T09:51:31.201133+00:00
15,387,Szoboszlai,12,MID,66,2.0828,2.3985,0.48,0.1456,0.458,0.0128,1,8,90,1,2026-08-18T09:50:36.400056+00:00,2026-08-18T09:51:31.201133+00:00
15,388,C.Jones,12,MID,54,1.134,1.8106,0.28,0.1584,0.2731,0.0032,1,2,90,1,2026-08-18T09:50:36.400056+00:00,2026-08-18T09:51:31.201133+00:00
15,390,Gravenberch,12,MID,56,1.9364,2.2141,0.48,0.1456,0.458,0.0072,1,5,90,1,2026-08-18T09:50:36.400056+00:00,2026-08-18T09:51:31.201133+00:00
15,392,Endo,12,MID,49,0.5692,1.2735,0.09,0.2002,0.0997,0.0004,1,1,7,0,2026-08-18T09:50:36.400056+00:00,2026-08-18T09:51:31.201133+00:00
15,393,Bajcetic,12,MID,43,0,0,0.0,0.0,0.0,0,1,0,0,0,2026-08-18T09:50:36.400056+00:00,2026-08-18T09:51:31.201133+00:00
15,394,McConnell,12,MID,44,0,0,0.0,0.0,0.0,0,1,0,0,0,2026-08-18T09:50:36.400056+00:00,2026-08-18T09:51:31.201133+00:00
15,395,Morton,12,MID,45,0,0,0.0,0.0,0.0,0,1,0,0,0,2026-08-18T09:50:36.400056+00:00,2026-08-18T09:51:31.201133+00:00
15,396,Nyoni,12,MID,43,0.4352,0.8794,0.1,0.198,0.1088,0.0,1,0,0,0,2026-08-18T09:50:36.400056+00:00,2026-08-18T09:51:31.201133+00:00
15,397,Darwin,12,FWD,65,0,0,0.0,0.0,0.0,0,1,0,0,0,2026-08-18T09:50:36.400056+00:00,2026-08-18T09:51:31.201133+00:00
15,398,Danns,12,FWD,43,0,0,0.0,0.0,0.0,0,1,0,0,0,2026-08-18T09:50:36.400056+00:00,2026-08-18T09:51:31.201133+00:00
15,499,Isak,12,FWD,104,1.3516,2.1604,0.28,0.2016,0.2765,0.0136,1,1,6,0,2026-08-18T09:50:36.400056+00:00,2026-08-18T09:51:31.201133+00:00
15,661,Ekitiké,12,FWD,84,0,0,0.0,0.0,0.0,0,1,13,83,1,2026-08-18T09:50:36.400056+00:00,2026-08-18T09:51:31.201133+00:00
15,686,Ngumoha,12,MID,44,0.4496,0.9164,0.1,0.198,0.1088,0.0,1,0,0,0,2026-08-18T09:50:36.400056+00:00,2026-08-18T09:51:31.201133+00:00
15,692,Leoni,12,DEF,49,0,0,0.0,0.0,0.0,0,1,0,0,0,2026-08-18T09:50:36.400056+00:00,2026-08-18T09:51:31.201133+00:00
15,746,Morrison,12,MID,45,0.472,0.998,0.1,0.198,0.1088,0.0,1,0,0,0,2026-08-18T09:50:36.400056+00:00,2026-08-18T09:51:31.201133+00:00
15,760,Lucky,12,DEF,40,0.4664,1.0832,0.1,0.198,0.1088,0.0,1,,,,2026-08-18T09:50:36.400056+00:00,
15,830,Wright,12,FWD,45,0.4584,0.8898,0.1,0.198,0.1088,0.0004,1,,,,2026-08-18T09:50:36.400056+00:00,
15,832,Ndiaye,12,DEF,40,0.474,1.0727,0.1,0.198,0.1088,0.0,1,,,,2026-08-18T09:50:36.400056+00:00,
15,82,Semenyo,13,MID,77,2.5024,3.216,0.48,0.1456,0.458,0.038,1,3,90,1,2026-08-18T09:50:36.400056+00:00,2026-08-18T09:51:31.201133+00:00
15,182,Trafford,13,GKP,46,0.374,1.2485,0.08,0.0736,0.0803,0.0008,1,0,0,0,2026-08-18T09:50:36.400056+00:00,2026-08-18T09:51:31.201133+00:00
15,260,Guéhi,13,DEF,51,2.3392,3.0198,0.48,0.1144,0.4556,0.0284,1,8,90,1,2026-08-18T09:50:36.400056+00:00,2026-08-18T09:51:31.201133+00:00
15,399,Ederson M.,13,GKP,53,0,0,0.0,0.0,0.0,0,1,0,0,0,2026-08-18T09:50:36.400056+00:00,2026-08-18T09:51:31.201133+00:00
15,401,Bettinelli,13,GKP,39,0.1648,0.7665,0.04,0.0384,0.0403,0.0,1,0,0,0,2026-08-18T09:50:36.400056+00:00,2026-08-18T09:51:31.201133+00:00
15,402,Aït-Nouri,13,DEF,57,1.3812,2.23,0.28,0.2016,0.2765,0.0048,1,0,0,0,2026-08-18T09:50:36.400056+00:00,2026-08-18T09:51:31.201133+00:00
15,403,Gvardiol,13,DEF,58,1.978,2.6316,0.48,0.1456,0.458,0.0172,1,12,69,1,2026-08-18T09:50:36.400056+00:00,2026-08-18T09:51:31.201133+00:00
15,404,Akanji,13,DEF,54,0,0,0.0,0.0,0.0,0,1,0,0,0,2026-08-18T09:50:36.400056+00:00,2026-08-18T09:51:31.201133+00:00
15,405,Aké,13,DEF,53,0.8024,1.7113,0.18,0.1804,0.1818,0.0044,1,1,20,0,2026-08-18T09:50:36.400056+00:00,2026-08-18T09:51:31.201133+00:00
15,406,Khusanov,13,DEF,54,1.264,2.113,0.28,0.1584,0.2731,0.0032,1,0,0,0,2026-08-18T09:50:36.400056+00:00,2026-08-18T09:51:31.201133+00:00
15,407,Matheus N.,13,DEF,53,1.9472,2.4952,0.48,0.1144,0.4556,0.0096,1,6,90,1,2026-08-18T09:50:36.400056+00:00,2026-08-18T09:51:31.201133+00:00
15,408,Rúben,13,DEF,56,1.8636,2.3595,0.48,0.1456,0.458,0.006,1,14,90,1,2026-08-18T09:50:36.400056+00:00,2026-08-18T09:51:31.201133+00:00
15,409,Stones,13,DEF,54,1.0528,1.8743,0.28,0.1584,0.2731,0.0036,1,0,0,0,2026-08-18T09:50:36.400056+00:00,2026-08-18T09:51:31.201133+00:00
15,410,Lewis,13,DEF,47,0.7348,1.5889,0.18,0.1804,0.1818,0.002,1,1,8,0,2026-08-18T09:50:36.400056+00:00,2026-08-18T09:51:31.201133+00:00
15,411,O'Reilly,13,DEF,52,2.1172,2.8792,0.48,0.1144,0.4556,0.026,1,6,90,1,2026-08-18T09:50:36.400056+00:00,2026-08-18T09:51:31.201133+00:00
15,412,Vitor Reis,13,DEF,50,0,0,0.0,0.0,0.0,0,1,0,0,0,2026-08-18T09:50:36.400056+00:00,2026-08-18T09:51:31.201133+00:00
15,413,Marmoush,13,MID,83,3.0912,2.9116,0.72,0.0784,0.6759,0.034,1,1,21,0,2026-08-18T09:50:36.400056+00:00,2026-08-18T09:51:31.201133+00:00
15,414,Foden,13,MID,84,2.4928,3.1261,0.48,0.1456,0.458,0.0384,1,12,68,1,2026-08-18T09:50:36.400056+00:00,2026-08-18T09:51:31.201133+00:00
15,415,Savinho,13,MID,69,1.1292,1.8585,0.28,0.2016,0.2765,0.0068,1,1,8,0,2026-08-18T09:50:36.400056+00:00,2026-08-18T09:51:31.201133+00:00
15,416,Bernardo,13,MID,62,1.5248,1.8788,0.48,0.1456,0.458,0.004,1,3,81,1,2026-08-18T09:50:36.400056+00:00,2026-08-18T09:51:31.201133+00:00
15,417,Cherki,13,MID,64,1.1988,2.0042,0.28,0.2016,0.2765,0.0084,1,12,81,1,2026-08-18T09:50:36.400056+00:00,2026-08-18T09:51:31.201133+00:00
15,418,Doku,13,MID,66,2.3192,2.7432,0.48,0.1456,0.458,0.0256,1,3,90,1,2026-08-18T09:50:36.400056+00:00,2026-08-18T09:51:31.201133+00:00
15,420,Gündoğan,13,MID,63,0,0,0.0,0.0,0.0,0,1,0,0,0,2026-08-18T09:50:36.400056+00:00,2026-08-18T09:51:31.201133+00:00
15,421,Rodrigo,13,MID,63,1.4852,2.231,0.28,0.2016,0.2765,0.0092,1,0,0,0,2026-08-18T09:50:36.400056+00:00,2026-08-18T09:51:31.201133+00:00
15,422,Kovačić,13,MID,59,1.6296,1.977,0.45,0.154,0.4308,0.006,1,0,0,0,2026-08-18T09:50:36.400056+00:00,2026-08-18T09:51:31.201133+00:00
15,423,N.Gonzalez,13,MID,59,1.8824,2.2232,0.48,0.1456,0.458,0.0096,1,3,90,1,2026-08-18T09:50:36.400056+00:00,2026-08-18T09:51:31.201133+00:00
15,425,Echeverri,13,MID,54,0,0,0.0,0.0,0.0,0,1,0,0,0,2026-08-18T09:50:36.400056+00:00,2026-08-18T09:51:31.201133+00:00
15,427,Reijnders,13,MID,53,1.8764,2.3865,0.48,0.1144,0.4556,0.014,1,1,21,0,2026-08-18T09:50:36.400056+00:00,2026-08-18T09:51:31.201133+00:00
15,428,Nypan,13,MID,50,0.724,1.3089,0.18,0.1804,0.1818,0.0012,1,0,0,0,2026-08-18T09:50:36.400056+00:00,2026-08-18T09:51:31.201133+00:00
15,429,Phillips,13,MID,48,0,0,0.0,0.0,0.0,0,1,0,0,0,2026-08-18T09:50:36.400056+00:00,2026-08-18T09:51:31.201133+00:00
15,430,Haaland,13,FWD,150,3.6696,4.3162,0.48,0.1456,0.458,0.1244,1,2,68,1,2026-08-18T09:50:36.400056+00:00,2026-08-18T09:51:31.201133+00:00
15,736,Donnarumma,13,GKP,57,2.586,2.1303,0.9,0.008,0.8376,0.0,1,6,90,1,2026-08-18T09:50:36.400056+00:00,2026-08-18T09:51:31.201133+00:00
15,739,Mukasa,13,MID,45,0,0,0.0,0.0,0.0,0,1,0,0,0,2026-08-18T09:50:36.400056+00:00,2026-08-18T09:51:31.201133+00:00
15,740,Mfuni,13,DEF,40,0,0,0.0,0.0,0.0,0,1,0,0,0,2026-08-18T09:50:36.400056+00:00,2026-08-18T09:51:31.201133+00:00
15,742,McAidoo,13,MID,45,0.4748,0.9989,0.1,0.198,0.1088,0.0,1,0,0,0,2026-08-18T09:50:36.400056+00:00,2026-08-18T09:51:31.201133+00:00
15,763,Gray,13,MID,45,0.4744,0.9555,0.1,0.198,0.1088,0.0004,1,,,,2026-08-18T09:50:36.400056+00:00,
15,764,Heskey,13,MID,45,0.4744,0.9941,0.1,0.198,0.1088,0.0,1,,,,2026-08-18T09:50:36.400056+00:00,
15,794,Alleyne,13,DEF,39,0.5292,1.2323,0.1,0.198,0.1088,0.0004,1,,,,2026-08-18T09:50:36.400056+00:00,
15,119,Mbeumo,14,MID,85,2.3,2.9071,0.48,0.1456,0.458,0.0312,1,8,90,1,2026-08-18T09:50:36.400056+00:00,2026-08-18T09:51:31.201133+00:00
15,431,Bayindir,14,GKP,48,0.3,1.0214,0.08,0.0736,0.0803,0.0,1,0,0,0,2026-08-18T09:50:36.400056+00:00,2026-08-18T09:51:31.201133+00:00
15,432,Onana,14,GKP,49,0,0,0.0,0.0,0.0,0,1,0,0,0,2026-08-18T09:50:36.400056+00:00,2026-08-18T09:51:31.201133+00:00
15,433,Harrison,14,GKP,40,0,0,0.0,0.0,0.0,0,1,0,0,0,2026-08-18T09:50:36.400056+00:00,2026-08-18T09:51:31.201133+00:00
15,434,Heaton,14,GKP,39,0.1544,0.718,0.04,0.0384,0.0403,0.0004,1,0,0,0,2026-08-18T09:50:36.400056+00:00,2026-08-18T09:51:31.201133+00:00
15,435,Mee,14,GKP,39,0.1488,0.672,0.04,0.0384,0.0403,0.0,1,0,0,0,2026-08-18T09:50:36.400056+00:00,2026-08-18T09:51:31.201133+00:00
15,436,De Ligt,14,DEF,50,0,0,0.0,0.0,0.0,0,1,0,0,0,2026-08-18T09:50:36.400056+00:00,2026-08-18T09:51:31.201133+00:00
15,437,Martinez,14,DEF,48,1.0672,2.0641,0.18,0.1804,0.1818,0.0044,1,1,21,0,2026-08-18T09:50:36.400056+00:00,2026-08-18T09:51:31.201133+00:00
15,438,Mazraoui,14,DEF,49,1.0572,1.8457,0.28,0.1584,0.2731,0.0028,1,2,68,1,2026-08-18T09:50:36.400056+00:00,2026-08-18T09:51:31.201133+00:00
15,439,D.Leon,14,DEF,42,0.4764,1.1014,0.1,0.198,0.1088,0.0,1,0,0,0,2026-08-18T09:50:36.400056+00:00,2026-08-18T09:51:31.201133+00:00
15,440,Dalot,14,DEF,44,0.902,1.7123,0.22,0.1716,0.2183,0.0032,1,5,83,1,2026-08-18T09:50:36.400056+00:00,2026-08-18T09:51:31.201133+00:00
15,441,Dorgu,14,DEF,42,0.7616,1.6544,0.22,0.1716,0.2183,0.0036,1,1,6,0,2026-08-18T09:50:36.400056+00:00,2026-08-18T09:51:31.201133+00:00
15,442,Maguire,14,DEF,44,0.7236,1.4408,0.22,0.1716,0.2183,0.0008,1,0,0,0,2026-08-18T09:50:36.400056+00:00,2026-08-18T09:51:31.201133+00:00
15,443,Shaw,14,DEF,45,0.7408,1.3908,0.22,0.1716,0.2183,0.0004,1,2,90,1,2026-08-18T09:50:36.400056+00:00,2026-08-18T09:51:31.201133+00:00
15,444,Yoro,14,DEF,43,0.8212,1.5887,0.22,0.1716,0.2183,0.0016,1,1,21,0,2026-08-18T09:50:36.400056+00:00,2026-08-18T09:51:31.201133+00:00
15,445,Amass,14,DEF,40,0,0,0.0,0.0,0.0,0,1,0,0,0,2026-08-18T09:50:36.400056+00:00,2026-08-18T09:51:31.201133+00:00
15,446,Fredricson,14,DEF,38,0.46,1.1261,0.1,0.198,0.1088,0.0004,1,0,0,0,2026-08-18T09:50:36.400056+00:00,2026-08-18T09:51:31.201133+00:00
15,447,Heaven,14,DEF,38,0.5732,1.3599,0.1,0.198,0.1088,0.0004,1,2,68,1,2026-08-18T09:50:36.400056+00:00,2026-08-18T09:51:31.201133+00:00
15,448,Malacia,14,DEF,38,0.4736,1.1251,0.1,0.198,0.1088,0.0004,1,0,0,0,2026-08-18T09:50:36.400056+00:00,2026-08-18T09:51:31.201133+00:00
15,449,B.Fernandes,14,MID,90,2.96,3.5133,0.48,0.1456,0.458,0.0588,1,18,90,1,2026-08-18T09:50:36.400056+00:00,2026-08-18T09:51:31.201133+00:00
15,450,Cunha,14,MID,79,1.9656,2.436,0.48,0.1456,0.458,0.016,1,5,90,1,2026-08-18T09:50:36.400056+00:00,2026-08-18T09:51:31.201133+00:00
15,451,Rashford,14,MID,70,0,0,0.0,0.0,0.0,0,1,0,0,0,2026-08-18T09:50:36.400056+00:00,2026-08-18T09:51:31.201133+00:00
15,452,Amad,14,MID,63,1.9676,2.3561,0.48,0.1456,0.458,0.0132,1,6,90,1,2026-08-18T09:50:36.400056+00:00,2026-08-18T09:51:31.201133+00:00
15,454,Antony,14,MID,59,0,0,0.0,0.0,0.0,0,1,0,0,0,2026-08-18T09:50:36.400056+00:00,2026-08-18T09:51:31.201133+00:00
15,455,Mount,14,MID,59,1.2412,1.8613,0.28,0.2016,0.2765,0.0028,1,7,83,1,2026-08-18T09:50:36.400056+00:00,2026-08-18T09:51:31.201133+00:00
15,457,Casemiro,14,MID,55,2.1284,2.5129,0.48,0.1456,0.458,0.0132,1,2,77,1,2026-08-18T09:50:36.400056+00:00,2026-08-18T09:51:31.201133+00:00
15,458,Mainoo,14,MID,47,0.7504,1.37,0.18,0.1804,0.1818,0.0008,1,1,12,0,2026-08-18T09:50:36.400056+00:00,2026-08-18T09:51:31.201133+00:00
15,459,Ugarte,14,MID,47,1.2656,1.8675,0.28,0.1584,0.2731,0.0008,1,0,0,0,2026-08-18T09:50:36.400056+00:00,2026-08-18T09:51:31.201133+00:00
15,460,Collyer,14,MID,45,0,0,0.0,0.0,0.0,0,1,0,0,0,2026-08-18T09:50:36.400056+00:00,2026-08-18T09:51:31.201133+00:00
15,461,Fitzgerald,14,MID,44,0.5004,1.0167,0.1,0.198,0.1088,0.0,1,0,0,0,2026-08-18T09:50:36.400056+00:00,2026-08-18T09:51:31.201133+00:00
15,462,J.Fletcher,14,MID,43,0.4932,0.9637,0.1,0.198,0.1088,0.0004,1,0,0,0,2026-08-18T09:50:36.400056+00:00,2026-08-18T09:51:31.201133+00:00
15,463,Kone,14,MID,43,0,0,0.0,0.0,0.0,0,1,0,0,0,2026-08-18T09:50:36.400056+00:00,2026-08-18T09:51:31.201133+00:00
15,464,Moorhouse,14,MID,45,0,0,0.0,0.0,0.0,0,1,0,0,0,2026-08-18T09:50:36.400056+00:00,2026-08-18T09:51:31.201133+00:00
15,465,Højlund,14,FWD,63,0,0,0.0,0.0,0.0,0,1,0,0,0,2026-08-18T09:50:36.400056+00:00,2026-08-18T09:51:31.201133+00:00
15,466,Zirkzee,14,FWD,58,1.0016,1.5308,0.28,0.2016,0.2765,0.002,1,0,6,0,2026-08-18T09:50:36.400056+00:00,2026-08-18T09:51:31.201133+00:00
15,467,Obi,14,FWD,43,0.476,1.0077,0.1,0.198,0.1088,0.0012,1,0,0,0,2026-08-18T09:50:36.400056+00:00,2026-08-18T09:51:31.201133+00:00
15,468,Wheatley,14,FWD,45,0,0,0.0,0.0,0.0,0,1,0,0,0,2026-08-18T09:50:36.400056+00:00,2026-08-18T09:51:31.201133+00:00
15,681,Šeško,14,FWD,72,0.8152,1.5537,0.14,0.2408,0.1495,0.0028,1,0,0,0,2026-08-18T09:50:36.400056+00:00,2026-08-18T09:51:31.201133+00:00
15,733,Lammens,14,GKP,51,2.8028,2.1526,0.88,0.0096,0.8192,0.0008,1,2,90,1,2026-08-18T09:50:36.400056+00:00,2026-08-18T09:51:31.201133+00:00
15,755,Lacey,14,MID,45,0.458,0.9616,0.1,0.198,0.1088,0.0,1,0,0,0,2026-08-18T09:50:36.400056+00:00,2026-08-18T09:51:31.201133+00:00
15,769,Bendito Mantato,14,MID,45,0.4908,0.9867,0.1,0.198,0.1088,0.0004,1,,,,2026-08-18T09:50:36.400056+00:00,
15,771,Fletcher,14,MID,44,0.4796,0.9909,0.1,0.198,0.1088,0.0004,1,,,,2026-08-18T09:50:36.400056+00:00,
15,788,Kukonki,14,DEF,40,0.4836,1.1579,0.1,0.198,0.1088,0.0004,1,,,,2026-08-18T09:50:36.400056+00:00,
15,827,Thwaites,14,MID,45,0.4552,0.9171,0.1,0.198,0.1088,0.0004,1,,,,2026-08-18T09:50:36.400056+00:00,
15,52,J.Ramsey,15,MID,53,0.7752,1.4344,0.18,0.1804,0.1818,0.0012,1,1,90,1,2026-08-18T09:50:36.400056+00:00,2026-08-18T09:51:31.201133+00:00
15,135,Wissa,15,FWD,73,4.8604,3.4155,0.9,0.018,0.8384,0.1068,1,1,16,0,2026-08-18T09:50:36.400056+00:00,2026-08-18T09:51:31.201133+00:00
15,469,Pope,15,GKP,51,3.4792,2.3354,0.9,0.008,0.8376,0.0036,1,0,0,0,2026-08-18T09:50:36.400056+00:00,2026-08-18T09:51:31.201133+00:00
15,471,Gillespie,15,GKP,39,0.1916,0.8795,0.04,0.0384,0.0403,0.0008,1,0,0,0,2026-08-18T09:50:36.400056+00:00,2026-08-18T09:51:31.201133+00:00
15,472,Odysseas,15,GKP,40,0,0,0.0,0.0,0.0,0,1,0,0,0,2026-08-18T09:50:36.400056+00:00,2026-08-18T09:51:31.201133+00:00
15,473,Hall,15,DEF,52,1.2576,2.2268,0.28,0.1584,0.2731,0.0084,1,1,27,0,2026-08-18T09:50:36.400056+00:00,2026-08-18T09:51:31.201133+00:00
15,474,Schär,15,DEF,53,0,0,0.0,0.0,0.0,0,1,2,90,1,2026-08-18T09:50:36.400056+00:00,2026-08-18T09:51:31.201133+00:00
15,475,Botman,15,DEF,49,2.278,2.8048,0.48,0.1144,0.4556,0.0128,1,0,0,0,2026-08-18T09:50:36.400056+00:00,2026-08-18T09:51:31.201133+00:00
15,476,Burn,15,DEF,51,2.0484,2.5597,0.48,0.1144,0.4556,0.0084,1,7,62,1,2026-08-18T09:50:36.400056+00:00,2026-08-18T09:51:31.201133+00:00
15,477,Livramento,15,DEF,49,0,0,0.0,0.0,0.0,0,1,1,90,1,2026-08-18T09:50:36.400056+00:00,2026-08-18T09:51:31.201133+00:00
15,478,Trippier,15,DEF,49,1.7028,2.1502,0.48,0.1144,0.4556,0.002,1,0,0,0,2026-08-18T09:50:36.400056+00:00,2026-08-18T09:51:31.201133+00:00
15,479,Krafth,15,DEF,43,0,0,0.0,0.0,0.0,0,1,0,0,0,2026-08-18T09:50:36.400056+00:00,2026-08-18T09:51:31.201133+00:00
15,480,Lascelles,15,DEF,43,0,0,0.0,0.0,0.0,0,1,0,0,0,2026-08-18T09:50:36.400056+00:00,2026-08-18T09:51:31.201133+00:00
15,481,A.Murphy,15,DEF,38,0.5472,1.283,0.1,0.198,0.1088,0.0004,1,0,0,0,2026-08-18T09:50:36.400056+00:00,2026-08-18T09:51:31.201133+00:00
15,482,Ashby,15,DEF,39,0,0,0.0,0.0,0.0,0,1,0,0,0,2026-08-18T09:50:36.400056+00:00,2026-08-18T09:51:31.201133+00:00
15,483,Pivas,15,DEF,38,0.492,1.1697,0.1,0.198,0.1088,0.0004,1,0,0,0,2026-08-18T09:50:36.400056+00:00,2026-08-18T09:51:31.201133+00:00
15,484,Targett,15,DEF,40,0,0,0.0,0.0,0.0,0,1,0,0,0,2026-08-18T09:50:36.400056+00:00,2026-08-18T09:51:31.201133+00:00
15,485,Gordon,15,MID,72,1.3896,2.3303,0.28,0.2016,0.2765,0.0152,1,10,73,1,2026-08-18T09:50:36.400056+00:00,2026-08-18T09:51:31.201133+00:00
15,486,Elanga,15,MID,66,1.2484,1.8989,0.28,0.2016,0.2765,0.004,1,2,90,1,2026-08-18T09:50:36.400056+00:00,2026-08-18T09:51:31.201133+00:00
15,487,Barnes,15,MID,64,1.608,2.4954,0.28,0.2016,0.2765,0.0164,1,0,0,0,2026-08-18T09:50:36.400056+00:00,2026-08-18T09:51:31.201133+00:00
15,488,Bruno G.,15,MID,68,2.24,2.6901,0.48,0.1456,0.458,0.0224,1,10,90,1,2026-08-18T09:50:36.400056+00:00,2026-08-18T09:51:31.201133+00:00
15,489,J.Murphy,15,MID,61,2.0268,2.5067,0.48,0.1456,0.458,0.0148,1,0,0,0,2026-08-18T09:50:36.400056+00:00,2026-08-18T09:51:31.201133+00:00
15,490,Joelinton,15,MID,59,0,0,0.0,0.0,0.0,0,1,1,16,0,2026-08-18T09:50:36.400056+00:00,2026-08-18T09:51:31.201133+00:00
15,491,Tonali,15,MID,54,1.0384,1.6944,0.24,0.1672,0.2366,0.0024,1,1,1,0,2026-08-18T09:50:36.400056+00:00,2026-08-18T09:51:31.201133+00:00
15,492,Antoñito C.,15,MID,49,0,0,0.0,0.0,0.0,0,1,0,0,0,2026-08-18T09:50:36.400056+00:00,2026-08-18T09:51:31.201133+00:00
15,494,Willock,15,MID,50,0.8052,1.51,0.18,0.1804,0.1818,0.0016,1,3,62,1,2026-08-18T09:50:36.400056+00:00,2026-08-18T09:51:31.201133+00:00
15,495,Hayden,15,MID,45,0,0,0.0,0.0,0.0,0,1,0,0,0,2026-08-18T09:50:36.400056+00:00,2026-08-18T09:51:31.201133+00:00
15,496,Kuol,15,MID,44,0,0,0.0,0.0,0.0,0,1,0,0,0,2026-08-18T09:50:36.400056+00:00,2026-08-18T09:51:31.201133+00:00
15,497,L.Miley,15,MID,44,0,0,0.0,0.0,0.0,0,1,1,27,0,2026-08-18T09:50:36.400056+00:00,2026-08-18T09:51:31.201133+00:00
15,498,White,15,MID,45,0,0,0.0,0.0,0.0,0,1,0,0,0,2026-08-18T09:50:36.400056+00:00,2026-08-18T09:51:31.201133+00:00
15,500,Osula,15,FWD,54,0.68,1.2435,0.18,0.1804,0.1818,0.0004,1,0,0,0,2026-08-18T09:50:36.400056+00:00,2026-08-18T09:51:31.201133+00:00
15,501,Neave,15,FWD,44,0.4416,0.9611,0.1,0.198,0.1088,0.0008,1,0,0,0,2026-08-18T09:50:36.400056+00:00,2026-08-18T09:51:31.201133+00:00
15,674,Ramsdale,15,GKP,48,0.3216,1.0207,0.08,0.0736,0.0803,0.0,1,2,90,1,2026-08-18T09:50:36.400056+00:00,2026-08-18T09:51:31.201133+00:00
15,684,Thiaw,15,DEF,50,2.3496,3.015,0.48,0.1144,0.4556,0.028,1,2,90,1,2026-08-18T09:50:36.400056+00:00,2026-08-18T09:51:31.201133+00:00
15,689,Seung soo,15,MID,44,0.4624,0.9475,0.1,0.198,0.1088,0.0,1,0,0,0,2026-08-18T09:50:36.400056+00:00,2026-08-18T09:51:31.201133+00:00
15,714,Woltemade,15,FWD,75,2.3204,2.9146,0.48,0.1456,0.458,0.036,1,2,73,1,2026-08-18T09:50:36.400056+00:00,2026-08-18T09:51:31.201133+00:00
15,753,Ruddy,15,GKP,40,0.1836,0.855,0.04,0.0384,0.0403,0.0004,1,0,0,0,2026-08-18T09:50:36.400056+00:00,2026-08-18T09:51:31.201133+00:00
15,765,Shahar,15,DEF,40,0.52,1.2318,0.1,0.198,0.1088,0.0,1,,,,2026-08-18T09:50:36.400056+00:00,
15,772,Alabi,15,MID,45,0.4812,0.9861,0.1,0.198,0.1088,0.0004,1,,,,2026-08-18T09:50:36.400056+00:00,
15,12,Zinchenko,16,DEF,49,0,0,0.0,0.0,0.0,0,1,0,0,0,2026-08-18T09:50:36.400056+00:00,2026-08-18T09:51:31.201133+00:00
15,400,Ortega Moreno,16,GKP,48,0.29,0.957,0.08,0.0736,0.0803,0.0,1,0,0,0,2026-08-18T09:50:36.400056+00:00,2026-08-18T09:51:31.201133+00:00
15,426,McAtee,16,MID,51,0.676,1.1598,0.18,0.1804,0.1818,0.0,1,0,0,0,2026-08-18T09:50:36.400056+00:00,2026-08-18T09:51:31.201133+00:00
15,502,Sels,16,GKP,47,2.84,2.0862,0.9,0.008,0.8376,0.0004,1,2,90,1,2026-08-18T09:50:36.400056+00:00,2026-08-18T09:51:31.201133+00:00
15,503,C.Miguel,16,GKP,40,0,0,0.0,0.0,0.0,0,1,0,0,0,2026-08-18T09:50:36.400056+00:00,2026-08-18T09:51:31.201133+00:00
15,504,Turner,16,GKP,40,0,0,0.0,0.0,0.0,0,1,0,0,0,2026-08-18T09:50:36.400056+00:00,2026-08-18T09:51:31.201133+00:00
15,505,Milenković,16,DEF,52,1.4852,2.0881,0.48,0.1144,0.4556,0.0044,1,0,90,1,2026-08-18T09:50:36.400056+00:00,2026-08-18T09:51:31.201133+00:00
15,506,Murillo,16,DEF,53,0,0,0.0,0.0,0.0,0,1,0,0,0,2026-08-18T09:50:36.400056+00:00,2026-08-18T09:51:31.201133+00:00
15,507,Aina,16,DEF,47,0.5952,1.3694,0.14,0.1892,0.1453,0.0012,1,0,0,0,2026-08-18T09:50:36.400056+00:00,2026-08-18T09:51:31.201133+00:00
15,508,N.Williams,16,DEF,47,1.624,2.2684,0.48,0.1144,0.4556,0.0076,1,1,90,1,2026-08-18T09:50:36.400056+00:00,2026-08-18T09:51:31.201133+00:00
15,509,David Carmo,16,DEF,45,0,0,0.0,0.0,0.0,0,1,0,0,0,2026-08-18T09:50:36.400056+00:00,2026-08-18T09:51:31.201133+00:00
15,510,Jair Cunha,16,DEF,43,0.5204,1.2658,0.1,0.198,0.1088,0.0008,1,0,0,0,2026-08-18T09:50:36.400056+00:00,2026-08-18T09:51:31.201133+00:00
15,511,Morato,16,DEF,43,0.8536,1.6675,0.22,0.1716,0.2183,0.0012,1,2,90,1,2026-08-18T09:50:36.400056+00:00,2026-08-18T09:51:31.201133+00:00
15,512,O.Richards,16,DEF,45,0,0,0.0,0.0,0.0,0,1,0,0,0,2026-08-18T09:50:36.400056+00:00,2026-08-18T09:51:31.201133+00:00
15,513,Abbott,16,DEF,39,0.4528,1.0527,0.1,0.198,0.1088,0.0,1,1,45,1,2026-08-18T09:50:36.400056+00:00,2026-08-18T09:51:31.201133+00:00
15,514,Boly,16,DEF,39,0,0,0.0,0.0,0.0,0,1,0,0,0,2026-08-18T09:50:36.400056+00:00,2026-08-18T09:51:31.201133+00:00
15,515,Gibbs-White,16,MID,73,1.9436,2.4135,0.48,0.1456,0.458,0.0152,1,2,90,1,2026-08-18T09:50:36.400056+00:00,2026-08-18T09:51:31.201133+00:00
15,516,Hudson-Odoi,16,MID,57,0,0,0.0,0.0,0.0,0,1,1,45,1,2026-08-18T09:50:36.400056+00:00,2026-08-18T09:51:31.201133+00:00
15,517,Anderson,16,MID,54,2.0884,2.4486,0.48,0.1144,0.4556,0.0128,1,4,90,1,2026-08-18T09:50:36.400056+00:00,2026-08-18T09:51:31.201133+00:00
15,518,Jota,16,MID,54,0,0,0.0,0.0,0.0,0,1,0,0,0,2026-08-18T09:50:36.400056+00:00,2026-08-18T09:51:31.201133+00:00
15,519,Dominguez,16,MID,50,0.9856,1.5286,0.28,0.1584,0.2731,0.0004,1,1,28,0,2026-08-18T09:50:36.400056+00:00,2026-08-18T09:51:31.201133+00:00
15,520,O'Brien,16,MID,50,0,0,0.0,0.0,0.0,0,1,0,0,0,2026-08-18T09:50:36.400056+00:00,2026-08-18T09:51:31.201133+00:00
15,521,Sangaré,16,MID,49,1.586,1.8389,0.48,0.1144,0.4556,0.002,1,1,45,1,2026-08-18T09:50:36.400056+00:00,2026-08-18T09:51:31.201133+00:00
15,522,Yates,16,MID,47,0.7236,1.3072,0.18,0.1804,0.1818,0.0004,1,1,16,0,2026-08-18T09:50:36.400056+00:00,2026-08-18T09:51:31.201133+00:00
15,523,Da Silva Moreira,16,MID,45,0.4788,0.9589,0.1,0.198,0.1088,0.0004,1,0,0,0,2026-08-18T09:50:36.400056+00:00,2026-08-18T09:51:31.201133+00:00
15,524,Stamenic,16,MID,45,0,0,0.0,0.0,0.0,0,1,0,0,0,2026-08-18T09:50:36.400056+00:00,2026-08-18T09:51:31.201133+00:00
15,525,Wood,16,FWD,72,1.3304,2.0139,0.28,0.2016,0.2765,0.006,1,0,0,0,2026-08-18T09:50:36.400056+00:00,2026-08-18T09:51:31.201133+00:00
15,526,Igor Jesus,16,FWD,58,1.2364,1.8752,0.28,0.2016,0.2765,0.0044,1,2,90,1,2026-08-18T09:50:36.400056+00:00,2026-08-18T09:51:31.201133+00:00
15,527,Awoniyi,16,FWD,52,0.6056,1.159,0.18,0.1804,0.1818,0.0012,1,0,0,0,2026-08-18T09:50:36.400056+00:00,2026-08-18T09:51:31.201133+00:00
15,669,Ndoye,16,MID,56,1.7948,2.0177,0.48,0.1456,0.458,0.0068,1,1,45,1,2026-08-18T09:50:36.400056+00:00,2026-08-18T09:51:31.201133+00:00
15,675,Gunn,16,GKP,40,0.1524,0.6733,0.04,0.0384,0.0403,0.0,1,0,0,0,2026-08-18T09:50:36.400056+00:00,2026-08-18T09:51:31.201133+00:00
15,693,Hutchinson,16,MID,54,0.784,1.5081,0.18,0.1804,0.1818,0.0016,1,2,90,1,2026-08-18T09:50:36.400056+00:00,2026-08-18T09:51:31.201133+00:00
15,696,Kalimuendo,16,FWD,60,0,0,0.0,0.0,0.0,0,1,0,0,0,2026-08-18T09:50:36.400056+00:00,2026-08-18T09:51:31.201133+00:00
15,715,John,16,GKP,40,0.1624,0.7129,0.04,0.0384,0.0403,0.0,1,0,0,0,2026-08-18T09:50:36.400056+00:00,2026-08-18T09:51:31.201133+00:00
15,716,Savona,16,DEF,45,0,0,0.0,0.0,0.0,0,1,-1,45,1,2026-08-18T09:50:36.400056+00:00,2026-08-18T09:51:31.201133+00:00
15,729,Cuiabano,16,DEF,45,0,0,0.0,0.0,0.0,0,1,0,0,0,2026-08-18T09:50:36.400056+00:00,2026-08-18T09:51:31.201133+00:00
15,734,Bakwa,16,MID,59,1.4604,1.7826,0.45,0.154,0.4308,0.0036,1,0,0,0,2026-08-18T09:50:36.400056+00:00,2026-08-18T09:51:31.201133+00:00
15,805,Lucca,16,FWD,53,0.6292,1.2044,0.18,0.1804,0.1818,0.0008,1,,,,2026-08-18T09:50:36.400056+00:00,
15,814,Netz,16,DEF,45,0.5124,1.1792,0.1,0.198,0.1088,0.0004,1,,,,2026-08-18T09:50:36.400056+00:00,
15,835,Whitehall,16,MID,45,0.4836,0.9999,0.1,0.198,0.1088,0.0004,1,,,,2026-08-18T09:50:36.400056+00:00,
15,836,Sinclair,16,MID,45,0.4672,0.9565,0.1,0.198,0.1088,0.0,1,,,,2026-08-18T09:50:36.400056+00:00,
15,841,Sillah,16,FWD,45,0.4396,0.9123,0.1,0.198,0.1088,0.0,1,,,,2026-08-18T09:50:36.400056+00:00,
15,528,Patterson,17,GKP,43,0,0,0.0,0.0,0.0,0,1,0,0,0,2026-08-18T09:50:36.400056+00:00,2026-08-18T09:51:31.201133+00:00
15,529,Moore,17,GKP,39,0.1652,0.7063,0.04,0.0384,0.0403,0.0,1,0,0,0,2026-08-18T09:50:36.400056+00:00,2026-08-18T09:51:31.201133+00:00
15,530,Nna Noukeu,17,GKP,39,0,0,0.0,0.0,0.0,0,1,0,0,0,2026-08-18T09:50:36.400056+00:00,2026-08-18T09:51:31.201133+00:00
15,531,Ballard,17,DEF,46,2.416,2.9845,0.48,0.1144,0.4556,0.0288,1,1,90,1,2026-08-18T09:50:36.400056+00:00,2026-08-18T09:51:31.201133+00:00
15,532,Hume,17,DEF,45,0.8136,1.6466,0.22,0.1716,0.2183,0.0028,1,1,87,1,2026-08-18T09:50:36.400056+00:00,2026-08-18T09:51:31.201133+00:00
15,533,Alese,17,DEF,40,0,0,0.0,0.0,0.0,0,1,0,0,0,2026-08-18T09:50:36.400056+00:00,2026-08-18T09:51:31.201133+00:00
15,534,Anderson,17,DEF,39,0,0,0.0,0.0,0.0,0,1,0,0,0,2026-08-18T09:50:36.400056+00:00,2026-08-18T09:51:31.201133+00:00
15,535,Cirkin,17,DEF,40,0.438,1.0742,0.1,0.198,0.1088,0.0,1,0,0,0,2026-08-18T09:50:36.400056+00:00,2026-08-18T09:51:31.201133+00:00
15,536,Hjelde,17,DEF,40,0,0,0.0,0.0,0.0,0,1,0,0,0,2026-08-18T09:50:36.400056+00:00,2026-08-18T09:51:31.201133+00:00
15,537,Huggins,17,DEF,40,0,0,0.0,0.0,0.0,0,1,0,0,0,2026-08-18T09:50:36.400056+00:00,2026-08-18T09:51:31.201133+00:00
15,538,Johnson,17,DEF,39,0,0,0.0,0.0,0.0,0,1,0,0,0,2026-08-18T09:50:36.400056+00:00,2026-08-18T09:51:31.201133+00:00
15,539,O'Nien,17,DEF,40,1.088,1.8324,0.1,0.198,0.1088,0.002,1,-2,3,0,2026-08-18T09:50:36.400056+00:00,2026-08-18T09:51:31.201133+00:00
15,540,Pembele,17,DEF,39,0,0,0.0,0.0,0.0,0,1,0,0,0,2026-08-18T09:50:36.400056+00:00,2026-08-18T09:51:31.201133+00:00
15,541,Reinildo,17,DEF,40,0.7196,1.4782,0.22,0.1716,0.2183,0.0016,1,0,0,0,2026-08-18T09:50:36.400056+00:00,2026-08-18T09:51:31.201133+00:00
15,542,Seelt,17,DEF,40,0,0,0.0,0.0,0.0,0,1,0,0,0,2026-08-18T09:50:36.400056+00:00,2026-08-18T09:51:31.201133+00:00
15,543,Adingra,17,MID,50,0,0,0.0,0.0,0.0,0,1,1,18,0,2026-08-18T09:50:36.400056+00:00,2026-08-18T09:51:31.201133+00:00
15,544,Diarra,17,MID,53,1.042,1.8311,0.28,0.1584,0.2731,0.0052,1,0,0,0,2026-08-18T09:50:36.400056+00:00,2026-08-18T09:51:31.201133+00:00
15,545,Roberts,17,MID,54,0,0,0.0,0.0,0.0,0,1,0,0,0,2026-08-18T09:50:36.400056+00:00,2026-08-18T09:51:31.201133+00:00
15,546,Aleksić,17,MID,49,0.6564,1.2415,0.18,0.1804,0.1818,0.0012,1,0,0,0,2026-08-18T09:50:36.400056+00:00,2026-08-18T09:51:31.201133+00:00
15,547,E.Le Fée,17,MID,49,1.9116,2.3579,0.48,0.1144,0.4556,0.0156,1,2,90,1,2026-08-18T09:50:36.400056+00:00,2026-08-18T09:51:31.201133+00:00
15,548,Mundle,17,MID,49,0,0,0.0,0.0,0.0,0,1,1,17,0,2026-08-18T09:50:36.400056+00:00,2026-08-18T09:51:31.201133+00:00
15,549,Neil,17,MID,48,0,0,0.0,0.0,0.0,0,1,0,0,0,2026-08-18T09:50:36.400056+00:00,2026-08-18T09:51:31.201133+00:00
15,550,Poveda,17,MID,48,0.6764,1.2258,0.18,0.1804,0.1818,0.0004,1,0,0,0,2026-08-18T09:50:36.400056+00:00,2026-08-18T09:51:31.201133+00:00
15,551,Rigg,17,MID,48,0.8756,1.3618,0.28,0.1584,0.2731,0.0008,1,0,0,0,2026-08-18T09:50:36.400056+00:00,2026-08-18T09:51:31.201133+00:00
15,552,Sadiki,17,MID,50,1.2768,1.4442,0.48,0.1144,0.4556,0.0004,1,2,71,1,2026-08-18T09:50:36.400056+00:00,2026-08-18T09:51:31.201133+00:00
15,553,Talbi,17,MID,50,0,0,0.0,0.0,0.0,0,1,1,34,0,2026-08-18T09:50:36.400056+00:00,2026-08-18T09:51:31.201133+00:00
15,554,Ba,17,MID,43,0.4592,0.9001,0.1,0.198,0.1088,0.0,1,0,0,0,2026-08-18T09:50:36.400056+00:00,2026-08-18T09:51:31.201133+00:00
15,555,Browne,17,MID,45,0,0,0.0,0.0,0.0,0,1,0,0,0,2026-08-18T09:50:36.400056+00:00,2026-08-18T09:51:31.201133+00:00
15,556,Ekwah,17,MID,45,0,0,0.0,0.0,0.0,0,1,0,0,0,2026-08-18T09:50:36.400056+00:00,2026-08-18T09:51:31.201133+00:00
15,557,H.Jones,17,MID,44,0.478,0.9421,0.1,0.198,0.1088,0.0,1,0,0,0,2026-08-18T09:50:36.400056+00:00,2026-08-18T09:51:31.201133+00:00
15,558,Matete,17,MID,44,0,0,0.0,0.0,0.0,0,1,0,0,0,2026-08-18T09:50:36.400056+00:00,2026-08-18T09:51:31.201133+00:00
15,559,Triantis,17,MID,44,0,0,0.0,0.0,0.0,0,1,0,0,0,2026-08-18T09:50:36.400056+00:00,2026-08-18T09:51:31.201133+00:00
15,560,Isidor,17,FWD,56,1.888,2.2,0.48,0.1456,0.458,0.0076,1,1,55,1,2026-08-18T09:50:36.400056+00:00,2026-08-18T09:51:31.201133+00:00
15,561,Mayenda,17,FWD,53,0.8504,1.3105,0.28,0.1584,0.2731,0.0008,1,0,0,0,2026-08-18T09:50:36.400056+00:00,2026-08-18T09:51:31.201133+00:00
15,562,Abdullahi,17,FWD,43,0.448,0.8991,0.1,0.198,0.1088,0.0,1,0,0,0,2026-08-18T09:50:36.400056+00:00,2026-08-18T09:51:31.201133+00:00
15,563,Luís Hemir,17,FWD,44,0,0,0.0,0.0,0.0,0,1,0,0,0,2026-08-18T09:50:36.400056+00:00,2026-08-18T09:51:31.201133+00:00
15,564,Rusyn,17,FWD,44,0,0,0.0,0.0,0.0,0,1,0,0,0,2026-08-18T09:50:36.400056+00:00,2026-08-18T09:51:31.201133+00:00
15,668,Xhaka,17,MID,52,1.792,2.0394,0.48,0.1144,0.4556,0.004,1,2,72,1,2026-08-18T09:50:36.400056+00:00,2026-08-18T09:51:31.201133+00:00
15,670,Roefs,17,GKP,47,3.1964,2.2206,0.9,0.008,0.8376,0.0032,1,1,90,1,2026-08-18T09:50:36.400056+00:00,2026-08-18T09:51:31.201133+00:00
15,678,Masuaku,17,DEF,39,0,0,0.0,0.0,0.0,0,1,0,0,0,2026-08-18T09:50:36.400056+00:00,2026-08-18T09:51:31.201133+00:00
15,683,Alderete,17,DEF,41,0.6496,1.5275,0.11,0.1958,0.118,0.002,1,1,90,1,2026-08-18T09:50:36.400056+00:00,2026-08-18T09:51:31.201133+00:00
15,694,Mukiele,17,DEF,42,1.0676,2.029,0.22,0.1716,0.2183,0.0056,1,1,90,1,2026-08-18T09:50:36.400056+00:00,2026-08-18T09:51:31.201133+00:00
15,724,Geertruida,17,DEF,45,0.836,1.6608,0.22,0.1716,0.2183,0.0032,1,1,90,1,2026-08-18T09:50:36.400056+00:00,2026-08-18T09:51:31.201133+00:00
15,730,Brobbey,17,FWD,55,1.3068,1.5746,0.45,0.154,0.4308,0.0016,1,1,34,0,2026-08-18T09:50:36.400056+00:00,2026-08-18T09:51:31.201133+00:00
15,735,Traoré,17,MID,55,1.044,1.5846,0.28,0.2016,0.2765,0.0012,1,1,55,1,2026-08-18T09:50:36.400056+00:00,2026-08-18T09:51:31.201133+00:00
15,774,Jenson Jones,17,DEF,40,0.5044,1.1785,0.1,0.198,0.1088,0.0008,1,,,,2026-08-18T09:50:36.400056+00:00,
15,775,Tutierov,17,MID,45,0,0,0.0,0.0,0.0,0,1,,,,2026-08-18T09:50:36.400056+00:00,
15,800,Jocelin.T,17,MID,49,0.6768,1.1987,0.18,0.1804,0.1818,0.0004,1,,,,2026-08-18T09:50:36.400056+00:00,
15,812,Ellborg,17,GKP,40,0.1828,0.7828,0.04,0.0384,0.0403,0.0,1,,,,2026-08-18T09:50:36.400056+00:00,
15,813,Angulo,17,MID,50,0.642,1.1603,0.18,0.1804,0.1818,0.0004,1,,,,2026-08-18T09:50:36.400056+00:00,
15,821,Whittaker,17,MID,45,0.454,0.9292,0.1,0.198,0.1088,0.0,1,,,,2026-08-18T09:50:36.400056+00:00,
15,822,Jones,17,MID,45,0.4472,0.9327,0.1,0.198,0.1088,0.0004,1,,,,2026-08-18T09:50:36.400056+00:00,
15,565,Vicario,18,GKP,50,3.6084,2.3154,0.9,0.008,0.8376,0.0032,1,6,90,1,2026-08-18T09:50:36.400056+00:00,2026-08-18T09:51:31.201133+00:00
15,566,Austin,18,GKP,39,0.1808,0.8107,0.04,0.0384,0.0403,0.0004,1,0,0,0,2026-08-18T09:50:36.400056+00:00,2026-08-18T09:51:31.201133+00:00
15,567,Kinsky,18,GKP,39,0.198,0.9143,0.04,0.0384,0.0403,0.0,1,0,0,0,2026-08-18T09:50:36.400056+00:00,2026-08-18T09:51:31.201133+00:00
15,568,Pedro Porro,18,DEF,54,1.8176,2.3492,0.48,0.1144,0.4556,0.004,1,5,90,1,2026-08-18T09:50:36.400056+00:00,2026-08-18T09:51:31.201133+00:00
15,569,Romero,18,DEF,50,0,0,0.0,0.0,0.0,0,1,6,80,1,2026-08-18T09:50:36.400056+00:00,2026-08-18T09:51:31.201133+00:00
15,570,Danso,18,DEF,43,1.1584,2.194,0.22,0.1716,0.2183,0.006,1,1,9,0,2026-08-18T09:50:36.400056+00:00,2026-08-18T09:51:31.201133+00:00
15,571,Davies,18,DEF,43,0,0,0.0,0.0,0.0,0,1,0,0,0,2026-08-18T09:50:36.400056+00:00,2026-08-18T09:51:31.201133+00:00
15,572,Dragusin,18,DEF,45,0.8568,1.6049,0.22,0.1716,0.2183,0.0008,1,0,0,0,2026-08-18T09:50:36.400056+00:00,2026-08-18T09:51:31.201133+00:00
15,573,Spence,18,DEF,44,0.8768,1.6593,0.22,0.1716,0.2183,0.0016,1,6,90,1,2026-08-18T09:50:36.400056+00:00,2026-08-18T09:51:31.201133+00:00
15,574,Udogie,18,DEF,44,0.8356,1.6283,0.22,0.1716,0.2183,0.0012,1,0,0,0,2026-08-18T09:50:36.400056+00:00,2026-08-18T09:51:31.201133+00:00
15,575,Van de Ven,18,DEF,47,2.0648,2.845,0.48,0.1144,0.4556,0.0268,1,6,90,1,2026-08-18T09:50:36.400056+00:00,2026-08-18T09:51:31.201133+00:00
15,576,Phillips,18,DEF,40,0,0,0.0,0.0,0.0,0,1,0,0,0,2026-08-18T09:50:36.400056+00:00,2026-08-18T09:51:31.201133+00:00
15,577,Takai,18,DEF,40,0,0,0.0,0.0,0.0,0,1,0,0,0,2026-08-18T09:50:36.400056+00:00,2026-08-18T09:51:31.201133+00:00
15,578,Vuskovic,18,DEF,39,0,0,0.0,0.0,0.0,0,1,0,0,0,2026-08-18T09:50:36.400056+00:00,2026-08-18T09:51:31.201133+00:00
15,579,Son,18,MID,85,0,0,0.0,0.0,0.0,0,1,0,0,0,2026-08-18T09:50:36.400056+00:00,2026-08-18T09:51:31.201133+00:00
15,581,Maddison,18,MID,68,3.718,3.6382,0.68,0.0576,0.637,0.0756,1,0,0,0,2026-08-18T09:50:36.400056+00:00,2026-08-18T09:51:31.201133+00:00
15,582,Kudus,18,MID,65,0,0,0.0,0.0,0.0,0,1,3,79,1,2026-08-18T09:50:36.400056+00:00,2026-08-18T09:51:31.201133+00:00
15,583,Kulusevski,18,MID,64,0,0,0.0,0.0,0.0,0,1,0,0,0,2026-08-18T09:50:36.400056+00:00,2026-08-18T09:51:31.201133+00:00
15,584,Tel,18,MID,63,1.2308,1.8933,0.28,0.2016,0.2765,0.0044,1,0,0,0,2026-08-18T09:50:36.400056+00:00,2026-08-18T09:51:31.201133+00:00
15,585,Bentancur,18,MID,53,2.016,2.2848,0.48,0.1144,0.4556,0.0088,1,5,64,1,2026-08-18T09:50:36.400056+00:00,2026-08-18T09:51:31.201133+00:00
15,586,Bergvall,18,MID,54,1.0268,1.662,0.28,0.1584,0.2731,0.0028,1,0,0,0,2026-08-18T09:50:36.400056+00:00,2026-08-18T09:51:31.201133+00:00
15,587,Bissouma,18,MID,52,1.8168,1.7087,0.68,0.0704,0.638,0.0032,1,0,0,0,2026-08-18T09:50:36.400056+00:00,2026-08-18T09:51:31.201133+00:00
15,588,Odobert,18,MID,53,0,0,0.0,0.0,0.0,0,1,1,16,0,2026-08-18T09:50:36.400056+00:00,2026-08-18T09:51:31.201133+00:00
15,589,Solomon,18,MID,54,0,0,0.0,0.0,0.0,0,1,0,0,0,2026-08-18T09:50:36.400056+00:00,2026-08-18T09:51:31.201133+00:00
15,590,Bryan,18,MID,49,0,0,0.0,0.0,0.0,0,1,0,0,0,2026-08-18T09:50:36.400056+00:00,2026-08-18T09:51:31.201133+00:00
15,591,Gray,18,MID,48,0.8024,1.4643,0.18,0.1804,0.1818,0.0012,1,2,90,1,2026-08-18T09:50:36.400056+00:00,2026-08-18T09:51:31.201133+00:00
15,592,Moore,18,MID,50,0,0,0.0,0.0,0.0,0,1,0,0,0,2026-08-18T09:50:36.400056+00:00,2026-08-18T09:51:31.201133+00:00
15,593,P.M.Sarr,18,MID,47,1.1404,1.7653,0.28,0.1584,0.2731,0.0032,1,1,10,0,2026-08-18T09:50:36.400056+00:00,2026-08-18T09:51:31.201133+00:00
15,594,Min-hyeok,18,MID,45,0,0,0.0,0.0,0.0,0,1,0,0,0,2026-08-18T09:50:36.400056+00:00,2026-08-18T09:51:31.201133+00:00
15,595,Olusesi,18,MID,43,0.4736,0.9753,0.1,0.198,0.1088,0.0008,1,0,0,0,2026-08-18T09:50:36.400056+00:00,2026-08-18T09:51:31.201133+00:00
15,596,Solanke,18,FWD,72,2.6516,2.4941,0.72,0.0784,0.6759,0.0216,1,0,0,0,2026-08-18T09:50:36.400056+00:00,2026-08-18T09:51:31.201133+00:00
15,597,Richarlison,18,FWD,64,1.8696,2.2787,0.48,0.1456,0.458,0.008,1,8,90,1,2026-08-18T09:50:36.400056+00:00,2026-08-18T09:51:31.201133+00:00
15,598,Lankshear,18,FWD,45,0,0,0.0,0.0,0.0,0,1,0,0,0,2026-08-18T09:50:36.400056+00:00,2026-08-18T09:51:31.201133+00:00
15,599,Scarlett,18,FWD,43,0,0,0.0,0.0,0.0,0,1,0,0,0,2026-08-18T09:50:36.400056+00:00,2026-08-18T09:51:31.201133+00:00
15,673,J.Palhinha,18,MID,55,2.2244,2.5024,0.48,0.1456,0.458,0.0128,1,1,25,0,2026-08-18T09:50:36.400056+00:00,2026-08-18T09:51:31.201133+00:00
15,717,Xavi,18,MID,65,0,0,0.0,0.0,0.0,0,1,14,90,1,2026-08-18T09:50:36.400056+00:00,2026-08-18T09:51:31.201133+00:00
15,726,Kolo Muani,18,FWD,69,1.0912,1.6954,0.28,0.2016,0.2765,0.0044,1,2,73,1,2026-08-18T09:50:36.400056+00:00,2026-08-18T09:51:31.201133+00:00
15,745,Byfield,18,DEF,40,0.4964,1.2258,0.1,0.198,0.1088,0.0008,1,0,0,0,2026-08-18T09:50:36.400056+00:00,2026-08-18T09:51:31.201133+00:00
15,750,Rowswell,18,DEF,40,0.4884,1.1538,0.1,0.198,0.1088,0.0008,1,0,0,0,2026-08-18T09:50:36.400056+00:00,2026-08-18T09:51:31.201133+00:00
15,751,Akhamrich,18,MID,45,0,0,0.0,0.0,0.0,0,1,0,0,0,2026-08-18T09:50:36.400056+00:00,2026-08-18T09:51:31.201133+00:00
15,790,Williams-Barnett,18,MID,45,0.4748,0.9868,0.1,0.198,0.1088,0.0004,1,,,,2026-08-18T09:50:36.400056+00:00,
15,796,Gallagher,18,MID,50,0.6908,1.2768,0.18,0.1804,0.1818,0.0008,1,,,,2026-08-18T09:50:36.400056+00:00,
15,804,Souza,18,DEF,40,0.5472,1.2985,0.1,0.198,0.1088,0.0004,1,,,,2026-08-18T09:50:36.400056+00:00,
15,811,Kyerematen,18,MID,45,0.5112,1.0174,0.1,0.198,0.1088,0.0,1,,,,2026-08-18T09:50:36.400056+00:00,
15,818,Wilson,18,FWD,45,0.4436,0.9269,0.1,0.198,0.1088,0.0004,1,,,,2026-08-18T09:50:36.400056+00:00,
15,326,Adama,19,MID,51,0.4772,1.0227,0.09,0.2002,0.0997,0.0004,1,1,1,0,2026-08-18T09:50:36.400056+00:00,2026-08-18T09:51:31.201133+00:00
15,600,Areola,19,GKP,43,3.338,2.1913,0.9,0.004,0.8373,0.0024,1,3,90,1,2026-08-18T09:50:36.400056+00:00,2026-08-18T09:51:31.201133+00:00
15,601,Foderingham,19,GKP,40,0,0,0.0,0.0,0.0,0,1,0,0,0,2026-08-18T09:50:36.400056+00:00,2026-08-18T09:51:31.201133+00:00
15,602,Hegyi,19,GKP,39,0,0,0.0,0.0,0.0,0,1,0,0,0,2026-08-18T09:50:36.400056+00:00,2026-08-18T09:51:31.201133+00:00
15,603,Diouf,19,DEF,42,0.752,1.4876,0.22,0.1716,0.2183,0.0004,1,6,82,1,2026-08-18T09:50:36.400056+00:00,2026-08-18T09:51:31.201133+00:00
15,604,Emerson,19,DEF,44,0,0,0.0,0.0,0.0,0,1,0,0,0,2026-08-18T09:50:36.400056+00:00,2026-08-18T09:51:31.201133+00:00
15,605,Kilman,19,DEF,42,0.88,1.6811,0.22,0.1716,0.2183,0.0012,1,4,90,1,2026-08-18T09:50:36.400056+00:00,2026-08-18T09:51:31.201133+00:00
15,606,Mavropanos,19,DEF,44,0.9408,1.8316,0.22,0.1716,0.2183,0.004,1,4,90,1,2026-08-18T09:50:36.400056+00:00,2026-08-18T09:51:31.201133+00:00
15,607,N.Aguerd,19,DEF,44,0,0,0.0,0.0,0.0,0,1,0,0,0,2026-08-18T09:50:36.400056+00:00,2026-08-18T09:51:31.201133+00:00
15,608,Scarles,19,DEF,43,0.5304,1.2202,0.1,0.198,0.1088,0.0004,1,0,0,0,2026-08-18T09:50:36.400056+00:00,2026-08-18T09:51:31.201133+00:00
15,609,Todibo,19,DEF,43,0.8844,1.6726,0.22,0.1716,0.2183,0.0008,1,2,90,1,2026-08-18T09:50:36.400056+00:00,2026-08-18T09:51:31.201133+00:00
15,610,Wan-Bissaka,19,DEF,42,0.756,1.5191,0.22,0.1716,0.2183,0.0012,1,4,90,1,2026-08-18T09:50:36.400056+00:00,2026-08-18T09:51:31.201133+00:00
15,611,Casey,19,DEF,40,0,0,0.0,0.0,0.0,0,1,0,0,0,2026-08-18T09:50:36.400056+00:00,2026-08-18T09:51:31.201133+00:00
15,612,L.Paquetá,19,MID,59,0,0,0.0,0.0,0.0,0,1,3,81,1,2026-08-18T09:50:36.400056+00:00,2026-08-18T09:51:31.201133+00:00
15,613,Souček,19,MID,57,1.356,2.185,0.28,0.2016,0.2765,0.0112,1,1,8,0,2026-08-18T09:50:36.400056+00:00,2026-08-18T09:51:31.201133+00:00
15,615,Summerville,19,MID,55,1.4524,1.7793,0.48,0.1456,0.458,0.002,1,3,71,1,2026-08-18T09:50:36.400056+00:00,2026-08-18T09:51:31.201133+00:00
15,616,Álvarez,19,MID,49,0,0,0.0,0.0,0.0,0,1,0,0,0,2026-08-18T09:50:36.400056+00:00,2026-08-18T09:51:31.201133+00:00
15,617,Cornet,19,MID,49,0,0,0.0,0.0,0.0,0,1,0,0,0,2026-08-18T09:50:36.400056+00:00,2026-08-18T09:51:31.201133+00:00
15,618,G.Rodriguez,19,MID,48,0,0,0.0,0.0,0.0,0,1,2,63,1,2026-08-18T09:50:36.400056+00:00,2026-08-18T09:51:31.201133+00:00
15,619,L.Guilherme,19,MID,49,0,0,0.0,0.0,0.0,0,1,0,0,0,2026-08-18T09:50:36.400056+00:00,2026-08-18T09:51:31.201133+00:00
15,620,Earthy,19,MID,45,0,0,0.0,0.0,0.0,0,1,0,0,0,2026-08-18T09:50:36.400056+00:00,2026-08-18T09:51:31.201133+00:00
15,621,Irving,19,MID,44,0,0,0.0,0.0,0.0,0,1,0,0,0,2026-08-18T09:50:36.400056+00:00,2026-08-18T09:51:31.201133+00:00
15,622,Orford,19,MID,44,0,0,0.0,0.0,0.0,0,1,0,0,0,2026-08-18T09:50:36.400056+00:00,2026-08-18T09:51:31.201133+00:00
15,623,Potts,19,MID,44,1.0212,1.4983,0.28,0.1584,0.2731,0.0,1,0,26,0,2026-08-18T09:50:36.400056+00:00,2026-08-18T09:51:31.201133+00:00
15,624,Bowen,19,FWD,75,1.9012,2.1751,0.48,0.1456,0.458,0.008,1,9,90,1,2026-08-18T09:50:36.400056+00:00,2026-08-18T09:51:31.201133+00:00
15,625,Füllkrug,19,FWD,56,0,0,0.0,0.0,0.0,0,1,0,0,0,2026-08-18T09:50:36.400056+00:00,2026-08-18T09:51:31.201133+00:00
15,626,Marshall,19,FWD,43,0,0,0.0,0.0,0.0,0,1,0,0,0,2026-08-18T09:50:36.400056+00:00,2026-08-18T09:51:31.201133+00:00
15,659,Walker-Peters,19,DEF,43,0.8064,1.6737,0.22,0.1716,0.2183,0.0036,1,0,0,0,2026-08-18T09:50:36.400056+00:00,2026-08-18T09:51:31.201133+00:00
15,671,Wilson,19,FWD,58,1.3432,2.0827,0.28,0.2016,0.2765,0.0072,1,4,18,0,2026-08-18T09:50:36.400056+00:00,2026-08-18T09:51:31.201133+00:00
15,679,Hermansen,19,GKP,43,0.1488,0.6797,0.04,0.0384,0.0403,0.0,1,0,0,0,2026-08-18T09:50:36.400056+00:00,2026-08-18T09:51:31.201133+00:00
15,708,M.Fernandes,19,MID,55,1.6972,1.9293,0.48,0.1456,0.458,0.0036,1,5,81,1,2026-08-18T09:50:36.400056+00:00,2026-08-18T09:51:31.201133+00:00
15,718,S.Magassa,19,MID,50,1.2,1.8253,0.28,0.1584,0.2731,0.0032,1,1,8,0,2026-08-18T09:50:36.400056+00:00,2026-08-18T09:51:31.201133+00:00
15,738,Fabianski,19,GKP,45,0.174,0.805,0.04,0.0384,0.0403,0.0,1,0,0,0,2026-08-18T09:50:36.400056+00:00,2026-08-18T09:51:31.201133+00:00
15,747,Mayers,19,DEF,40,0.4924,1.1232,0.1,0.198,0.1088,0.0004,1,1,7,0,2026-08-18T09:50:36.400056+00:00,2026-08-18T09:51:31.201133+00:00
15,752,Golambeckis,19,DEF,40,0.4624,1.1169,0.1,0.198,0.1088,0.0004,1,0,0,0,2026-08-18T09:50:36.400056+00:00,2026-08-18T09:51:31.201133+00:00
15,758,Mohamadou Kanté,19,MID,45,0.4496,0.9238,0.1,0.198,0.1088,0.0,1,0,0,0,2026-08-18T09:50:36.400056+00:00,2026-08-18T09:51:31.201133+00:00
15,785,Pablo,19,FWD,54,0.636,1.2205,0.18,0.1804,0.1818,0.002,1,,,,2026-08-18T09:50:36.400056+00:00,
15,791,Taty,19,FWD,55,1.2872,1.5479,0.45,0.154,0.4308,0.0012,1,,,,2026-08-18T09:50:36.400056+00:00,
15,802,Lamadrid,19,MID,50,0.6712,1.2373,0.18,0.1804,0.1818,0.0,1,,,,2026-08-18T09:50:36.400056+00:00,
15,815,Disasi,19,DEF,45,0.6884,1.4456,0.22,0.1716,0.2183,0.0028,1,,,,2026-08-18T09:50:36.400056+00:00,
15,825,Herrick,19,GKP,40,0.1564,0.7089,0.04,0.0384,0.0403,0.0,1,,,,2026-08-18T09:50:36.400056+00:00,
15,627,Johnstone,20,GKP,45,0,0,0.0,0.0,0.0,0,1,1,90,1,2026-08-18T09:50:36.400056+00:00,2026-08-18T09:51:31.201133+00:00
15,628,José Sá,20,GKP,43,2.7004,2.131,0.88,0.0048,0.8188,0.0004,1,0,0,0,2026-08-18T09:50:36.400056+00:00,2026-08-18T09:51:31.201133+00:00
15,629,Bentley,20,GKP,40,0.1836,0.8781,0.04,0.0384,0.0403,0.0004,1,0,0,0,2026-08-18T09:50:36.400056+00:00,2026-08-18T09:51:31.201133+00:00
15,631,Agbadou,20,DEF,43,0,0,0.0,0.0,0.0,0,1,2,90,1,2026-08-18T09:50:36.400056+00:00,2026-08-18T09:51:31.201133+00:00
15,632,Doherty,20,DEF,44,0,0,0.0,0.0,0.0,0,1,0,0,0,2026-08-18T09:50:36.400056+00:00,2026-08-18T09:51:31.201133+00:00
15,633,H.Bueno,20,DEF,44,0.9672,1.8552,0.22,0.1716,0.2183,0.0036,1,1,20,0,2026-08-18T09:50:36.400056+00:00,2026-08-18T09:51:31.201133+00:00
15,634,Mosquera,20,DEF,43,0.8808,1.6911,0.22,0.1716,0.2183,0.0036,1,-1,90,1,2026-08-18T09:50:36.400056+00:00,2026-08-18T09:51:31.201133+00:00
15,635,R.Gomes,20,DEF,44,0.91,1.8267,0.22,0.1716,0.2183,0.0052,1,0,0,0,2026-08-18T09:50:36.400056+00:00,2026-08-18T09:51:31.201133+00:00
15,636,S.Bueno,20,DEF,44,1.116,2.176,0.22,0.1716,0.2183,0.0076,1,0,0,0,2026-08-18T09:50:36.400056+00:00,2026-08-18T09:51:31.201133+00:00
15,637,Toti,20,DEF,43,0.9332,1.7464,0.22,0.1716,0.2183,0.002,1,1,69,1,2026-08-18T09:50:36.400056+00:00,2026-08-18T09:51:31.201133+00:00
15,638,Hoever,20,DEF,39,0,0,0.0,0.0,0.0,0,1,0,85,1,2026-08-18T09:50:36.400056+00:00,2026-08-18T09:51:31.201133+00:00
15,639,Meupiyou,20,DEF,40,0,0,0.0,0.0,0.0,0,1,0,0,0,2026-08-18T09:50:36.400056+00:00,2026-08-18T09:51:31.201133+00:00
15,640,Pedro Lima,20,DEF,40,0.5276,1.2767,0.1,0.198,0.1088,0.0012,1,0,0,0,2026-08-18T09:50:36.400056+00:00,2026-08-18T09:51:31.201133+00:00
15,641,Pond,20,DEF,39,0,0,0.0,0.0,0.0,0,1,0,0,0,2026-08-18T09:50:36.400056+00:00,2026-08-18T09:51:31.201133+00:00
15,642,Hee Chan,20,MID,57,1.0356,1.6452,0.28,0.2016,0.2765,0.0028,1,0,0,0,2026-08-18T09:50:36.400056+00:00,2026-08-18T09:51:31.201133+00:00
15,643,André,20,MID,53,1.8716,2.1543,0.48,0.1144,0.4556,0.0048,1,2,90,1,2026-08-18T09:50:36.400056+00:00,2026-08-18T09:51:31.201133+00:00
15,644,Bellegarde,20,MID,52,1.472,1.7772,0.48,0.1144,0.4556,0.0032,1,6,53,1,2026-08-18T09:50:36.400056+00:00,2026-08-18T09:51:31.201133+00:00
15,645,Fer López,20,MID,52,0,0,0.0,0.0,0.0,0,1,1,36,0,2026-08-18T09:50:36.400056+00:00,2026-08-18T09:51:31.201133+00:00
15,646,J.Gomes,20,MID,53,1.7252,2.0349,0.48,0.1144,0.4556,0.0044,1,0,0,0,2026-08-18T09:50:36.400056+00:00,2026-08-18T09:51:31.201133+00:00
15,647,Guedes,20,MID,55,0,0,0.0,0.0,0.0,0,1,0,0,0,2026-08-18T09:50:36.400056+00:00,2026-08-18T09:51:31.201133+00:00
15,648,Munetsi,20,MID,54,0,0,0.0,0.0,0.0,0,1,0,0,0,2026-08-18T09:50:36.400056+00:00,2026-08-18T09:51:31.201133+00:00
15,649,B.Traore,20,MID,50,0,0,0.0,0.0,0.0,0,1,0,0,0,2026-08-18T09:50:36.400056+00:00,2026-08-18T09:51:31.201133+00:00
15,650,Chirewa,20,MID,43,0,0,0.0,0.0,0.0,0,1,0,0,0,2026-08-18T09:50:36.400056+00:00,2026-08-18T09:51:31.201133+00:00
15,651,Edozie,20,MID,43,0.4504,0.9251,0.1,0.198,0.1088,0.0004,1,0,0,0,2026-08-18T09:50:36.400056+00:00,2026-08-18T09:51:31.201133+00:00
15,652,Gonzalez,20,MID,43,0.4584,0.9307,0.1,0.198,0.1088,0.0,1,0,0,0,2026-08-18T09:50:36.400056+00:00,2026-08-18T09:51:31.201133+00:00
15,653,Hodge,20,MID,45,0,0,0.0,0.0,0.0,0,1,0,0,0,2026-08-18T09:50:36.400056+00:00,2026-08-18T09:51:31.201133+00:00
15,655,Fábio Silva,20,FWD,49,0,0,0.0,0.0,0.0,0,1,0,0,0,2026-08-18T09:50:36.400056+00:00,2026-08-18T09:51:31.201133+00:00
15,656,Kalajdžić,20,FWD,49,0,0,0.0,0.0,0.0,0,1,0,0,0,2026-08-18T09:50:36.400056+00:00,2026-08-18T09:51:31.201133+00:00
15,657,Chiwome,20,FWD,44,0.4912,1.0067,0.1,0.198,0.1088,0.0,1,0,0,0,2026-08-18T09:50:36.400056+00:00,2026-08-18T09:51:31.201133+00:00
15,658,Fraser,20,FWD,43,0.4872,0.9891,0.1,0.198,0.1088,0.0004,1,0,0,0,2026-08-18T09:50:36.400056+00:00,2026-08-18T09:51:31.201133+00:00
15,663,J.Arias,20,MID,50,0,0,0.0,0.0,0.0,0,1,2,69,1,2026-08-18T09:50:36.400056+00:00,2026-08-18T09:51:31.201133+00:00
15,682,Møller Wolfe,20,DEF,43,0.8044,1.6132,0.22,0.1716,0.2183,0.002,1,3,90,1,2026-08-18T09:50:36.400056+00:00,2026-08-18T09:51:31.201133+00:00
15,695,Tchatchoua,20,DEF,45,0.934,1.8139,0.22,0.1716,0.2183,0.0032,1,1,4,0,2026-08-18T09:50:36.400056+00:00,2026-08-18T09:51:31.201133+00:00
15,709,Krejčí,20,DEF,45,1.1448,2.2802,0.22,0.1716,0.2183,0.014,1,1,90,1,2026-08-18T09:50:36.400056+00:00,2026-08-18T09:51:31.201133+00:00
15,720,Tolu,20,FWD,54,0.954,1.5993,0.28,0.1584,0.2731,0.0028,1,1,21,0,2026-08-18T09:50:36.400056+00:00,2026-08-18T09:51:31.201133+00:00
15,749,Mané,20,FWD,45,0.4344,0.8706,0.1,0.198,0.1088,0.0,1,1,20,0,2026-08-18T09:50:36.400056+00:00,2026-08-18T09:51:31.201133+00:00
15,766,Olagunju,20,DEF,40,0.5696,1.3231,0.1,0.198,0.1088,0.0012,1,,,,2026-08-18T09:50:36.400056+00:00,
15,767,Rawlings,20,MID,45,0.4996,1.0143,0.1,0.198,0.1088,0.0008,1,,,,2026-08-18T09:50:36.400056+00:00,
15,777,Ojinnaka,20,MID,45,0,0,0.0,0.0,0.0,0,1,,,,2026-08-18T09:50:36.400056+00:00,
15,778,Sutherland,20,MID,45,0.484,1.0333,0.1,0.198,0.1088,0.0008,1,,,,2026-08-18T09:50:36.400056+00:00,
15,809,Abbey,20,MID,45,0.4416,0.9332,0.1,0.198,0.1088,0.0008,1,,,,2026-08-18T09:50:36.400056+00:00,
15,816,Angel,20,MID,46,0.7144,1.2859,0.18,0.1804,0.1818,0.0004,1,,,,2026-08-18T09:50:36.400056+00:00,
15,817,Armstrong,20,FWD,51,1.5728,2.0056,0.48,0.1144,0.4556,0.006,1,,,,2026-08-18T09:50:36.400056+00:00,
15,828,Brooks,20,GKP,40,0.1736,0.7598,0.04,0.0384,0.0403,0.0,1,,,,2026-08-18T09:50:36.400056+00:00,
15,831,Gracey,20,GKP,40,0.2064,0.9218,0.04,0.0384,0.0403,0.0,1,,,,2026-08-18T09:50:36.400056+00:00,
