gw,player_id,web_name,team_id,position,now_cost,mu,sigma,p_start,p_sub,p_60,p_10_plus,n_fixtures,actual_points,actual_minutes,did_start,captured_at,scored_at
16,1,Raya,1,GKP,60,2.9284,2.1739,0.9,0.008,0.8376,0.0008,1,2,90,1,2026-08-18T09:50:38.171876+00:00,2026-08-18T09:51:31.234996+00:00
16,2,Arrizabalaga,1,GKP,41,0.1824,0.8423,0.04,0.0384,0.0403,0.0,1,0,0,0,2026-08-18T09:50:38.171876+00:00,2026-08-18T09:51:31.234996+00:00
16,3,Hein,1,GKP,40,0,0,0.0,0.0,0.0,0,1,0,0,0,2026-08-18T09:50:38.171876+00:00,2026-08-18T09:51:31.234996+00:00
16,4,Setford,1,GKP,39,0.1832,0.8007,0.04,0.0384,0.0403,0.0004,1,0,0,0,2026-08-18T09:50:38.171876+00:00,2026-08-18T09:51:31.234996+00:00
16,5,Gabriel,1,DEF,62,2.5772,3.1677,0.48,0.1456,0.458,0.0304,1,0,0,0,2026-08-18T09:50:38.171876+00:00,2026-08-18T09:51:31.234996+00:00
16,6,Saliba,1,DEF,60,1.9244,2.4862,0.48,0.1456,0.458,0.0108,1,2,90,1,2026-08-18T09:50:38.171876+00:00,2026-08-18T09:51:31.234996+00:00
16,7,Calafiori,1,DEF,57,2.0812,2.8706,0.48,0.1456,0.458,0.0256,1,0,0,0,2026-08-18T09:50:38.171876+00:00,2026-08-18T09:51:31.234996+00:00
16,8,J.Timber,1,DEF,65,1.3492,2.5851,0.24,0.2128,0.2402,0.0204,1,2,90,1,2026-08-18T09:50:38.171876+00:00,2026-08-18T09:51:31.234996+00:00
16,9,Kiwior,1,DEF,54,0,0,0.0,0.0,0.0,0,1,0,0,0,2026-08-18T09:50:38.171876+00:00,2026-08-18T09:51:31.234996+00:00
16,10,Lewis-Skelly,1,DEF,51,0.7816,1.6171,0.18,0.1804,0.1818,0.0016,1,1,59,1,2026-08-18T09:50:38.171876+00:00,2026-08-18T09:51:31.234996+00:00
16,11,White,1,DEF,54,0,0,0.0,0.0,0.0,0,1,1,30,0,2026-08-18T09:50:38.171876+00:00,2026-08-18T09:51:31.234996+00:00
16,13,Clarke,1,DEF,38,0.494,1.1409,0.1,0.198,0.1088,0.0004,1,0,0,0,2026-08-18T09:50:38.171876+00:00,2026-08-18T09:51:31.234996+00:00
16,14,Kacurri,1,DEF,39,0,0,0.0,0.0,0.0,0,1,0,0,0,2026-08-18T09:50:38.171876+00:00,2026-08-18T09:51:31.234996+00:00
16,15,Nichols,1,DEF,38,0.5364,1.2746,0.1,0.198,0.1088,0.0004,1,0,0,0,2026-08-18T09:50:38.171876+00:00,2026-08-18T09:51:31.234996+00:00
16,16,Saka,1,MID,102,3.0328,3.8013,0.48,0.1456,0.458,0.0716,1,11,90,1,2026-08-18T09:50:38.171876+00:00,2026-08-18T09:51:31.234996+00:00
16,17,Ødegaard,1,MID,78,1.3456,2.1667,0.28,0.2016,0.2765,0.0104,1,1,33,0,2026-08-18T09:50:38.171876+00:00,2026-08-18T09:51:31.234996+00:00
16,18,Madueke,1,MID,68,1.1988,1.9407,0.28,0.2016,0.2765,0.0088,1,0,0,0,2026-08-18T09:50:38.171876+00:00,2026-08-18T09:51:31.234996+00:00
16,19,Martinelli,1,MID,68,1.2368,1.9665,0.28,0.2016,0.2765,0.0072,1,1,56,1,2026-08-18T09:50:38.171876+00:00,2026-08-18T09:51:31.234996+00:00
16,20,Trossard,1,MID,69,2.5096,2.9423,0.48,0.1456,0.458,0.0296,1,1,33,0,2026-08-18T09:50:38.171876+00:00,2026-08-18T09:51:31.234996+00:00
16,21,Rice,1,MID,71,2.56,3.0159,0.48,0.1456,0.458,0.0292,1,2,90,1,2026-08-18T09:50:38.171876+00:00,2026-08-18T09:51:31.234996+00:00
16,22,Merino,1,MID,61,2.2104,2.6518,0.48,0.1456,0.458,0.02,1,1,32,0,2026-08-18T09:50:38.171876+00:00,2026-08-18T09:51:31.234996+00:00
16,23,Fábio Vieira,1,MID,54,0,0,0.0,0.0,0.0,0,1,0,0,0,2026-08-18T09:50:38.171876+00:00,2026-08-18T09:51:31.234996+00:00
16,24,Nørgaard,1,MID,52,1.1056,1.9712,0.18,0.1804,0.1818,0.0032,1,0,0,0,2026-08-18T09:50:38.171876+00:00,2026-08-18T09:51:31.234996+00:00
16,25,Nwaneri,1,MID,51,0,0,0.0,0.0,0.0,0,1,0,0,0,2026-08-18T09:50:38.171876+00:00,2026-08-18T09:51:31.234996+00:00
16,26,Zubimendi,1,MID,53,1.6172,1.9196,0.48,0.1144,0.4556,0.0044,1,1,57,1,2026-08-18T09:50:38.171876+00:00,2026-08-18T09:51:31.234996+00:00
16,28,Kabia,1,MID,45,0,0,0.0,0.0,0.0,0,1,0,0,0,2026-08-18T09:50:38.171876+00:00,2026-08-18T09:51:31.234996+00:00
16,29,Sambi,1,MID,45,0,0,0.0,0.0,0.0,0,1,0,0,0,2026-08-18T09:50:38.171876+00:00,2026-08-18T09:51:31.234996+00:00
16,30,Havertz,1,FWD,73,2.582,2.4078,0.72,0.0784,0.6759,0.016,1,0,0,0,2026-08-18T09:50:38.171876+00:00,2026-08-18T09:51:31.234996+00:00
16,31,G.Jesus,1,FWD,64,1.3024,2.1288,0.28,0.2016,0.2765,0.01,1,1,9,0,2026-08-18T09:50:38.171876+00:00,2026-08-18T09:51:31.234996+00:00
16,266,Eze,1,MID,78,2.3996,2.965,0.48,0.1456,0.458,0.0352,1,1,56,1,2026-08-18T09:50:38.171876+00:00,2026-08-18T09:51:31.234996+00:00
16,662,Mosquera,1,DEF,54,1.1532,1.9584,0.28,0.1584,0.2731,0.0032,1,0,0,0,2026-08-18T09:50:38.171876+00:00,2026-08-18T09:51:31.234996+00:00
16,666,Gyökeres,1,FWD,88,2.1708,2.7687,0.48,0.1456,0.458,0.03,1,2,80,1,2026-08-18T09:50:38.171876+00:00,2026-08-18T09:51:31.234996+00:00
16,700,Dowman,1,MID,43,0.4988,1.0969,0.1,0.198,0.1088,0.0004,1,0,0,0,2026-08-18T09:50:38.171876+00:00,2026-08-18T09:51:31.234996+00:00
16,711,Harriman-Annous,1,MID,45,0.4832,0.9747,0.1,0.198,0.1088,0.0,1,0,0,0,2026-08-18T09:50:38.171876+00:00,2026-08-18T09:51:31.234996+00:00
16,725,Hincapie,1,DEF,55,1.2156,2.0966,0.28,0.2016,0.2765,0.0056,1,4,90,1,2026-08-18T09:50:38.171876+00:00,2026-08-18T09:51:31.234996+00:00
16,759,Salmon,1,DEF,40,0.5004,1.1728,0.1,0.198,0.1088,0.0,1,0,0,0,2026-08-18T09:50:38.171876+00:00,2026-08-18T09:51:31.234996+00:00
16,32,Martinez,2,GKP,51,2.9256,2.1011,0.9,0.008,0.8376,0.0008,1,0,0,0,2026-08-18T09:50:38.171876+00:00,2026-08-18T09:51:31.234996+00:00
16,33,M.Bizot,2,GKP,42,0.1492,0.6805,0.04,0.0384,0.0403,0.0,1,1,90,1,2026-08-18T09:50:38.171876+00:00,2026-08-18T09:51:31.234996+00:00
16,34,Gauci,2,GKP,40,0,0,0.0,0.0,0.0,0,1,0,0,0,2026-08-18T09:50:38.171876+00:00,2026-08-18T09:51:31.234996+00:00
16,35,Marschall,2,GKP,40,0,0,0.0,0.0,0.0,0,1,0,0,0,2026-08-18T09:50:38.171876+00:00,2026-08-18T09:51:31.234996+00:00
16,36,Cash,2,DEF,49,1.6572,2.2407,0.48,0.1144,0.4556,0.0052,1,0,90,1,2026-08-18T09:50:38.171876+00:00,2026-08-18T09:51:31.234996+00:00
16,37,Digne,2,DEF,45,0.7596,1.5467,0.22,0.1716,0.2183,0.0012,1,1,15,0,2026-08-18T09:50:38.171876+00:00,2026-08-18T09:51:31.234996+00:00
16,38,Konsa,2,DEF,44,0.7956,1.5172,0.22,0.1716,0.2183,0.002,1,1,90,1,2026-08-18T09:50:38.171876+00:00,2026-08-18T09:51:31.234996+00:00
16,39,Maatsen,2,DEF,42,0.9116,1.7768,0.22,0.1716,0.2183,0.0036,1,1,74,1,2026-08-18T09:50:38.171876+00:00,2026-08-18T09:51:31.234996+00:00
16,40,Mings,2,DEF,43,0.8556,1.7652,0.22,0.1716,0.2183,0.0032,1,0,0,0,2026-08-18T09:50:38.171876+00:00,2026-08-18T09:51:31.234996+00:00
16,41,Pau,2,DEF,43,0.8604,1.6289,0.22,0.1716,0.2183,0.0012,1,0,0,0,2026-08-18T09:50:38.171876+00:00,2026-08-18T09:51:31.234996+00:00
16,42,A.García,2,DEF,39,0.7368,1.4674,0.22,0.1716,0.2183,0.0008,1,0,0,0,2026-08-18T09:50:38.171876+00:00,2026-08-18T09:51:31.234996+00:00
16,43,Alex Moreno,2,DEF,40,0,0,0.0,0.0,0.0,0,1,0,0,0,2026-08-18T09:50:38.171876+00:00,2026-08-18T09:51:31.234996+00:00
16,44,Bogarde,2,DEF,40,0.696,1.3325,0.22,0.1716,0.2183,0.0,1,0,0,0,2026-08-18T09:50:38.171876+00:00,2026-08-18T09:51:31.234996+00:00
16,45,Sousa,2,DEF,39,0,0,0.0,0.0,0.0,0,1,0,0,0,2026-08-18T09:50:38.171876+00:00,2026-08-18T09:51:31.234996+00:00
16,46,Yasin,2,DEF,40,0,0,0.0,0.0,0.0,0,1,0,0,0,2026-08-18T09:50:38.171876+00:00,2026-08-18T09:51:31.234996+00:00
16,47,Rogers,2,MID,70,1.6252,1.9357,0.48,0.1456,0.458,0.0056,1,15,90,1,2026-08-18T09:50:38.171876+00:00,2026-08-18T09:51:31.234996+00:00
16,48,Tielemans,2,MID,59,1.1648,1.778,0.28,0.2016,0.2765,0.004,1,6,90,1,2026-08-18T09:50:38.171876+00:00,2026-08-18T09:51:31.234996+00:00
16,49,Bailey,2,MID,55,1.6688,1.9952,0.48,0.1456,0.458,0.0036,1,0,0,0,2026-08-18T09:50:38.171876+00:00,2026-08-18T09:51:31.234996+00:00
16,50,Buendía,2,MID,53,1.4296,2.3086,0.28,0.1584,0.2731,0.0104,1,1,15,0,2026-08-18T09:50:38.171876+00:00,2026-08-18T09:51:31.234996+00:00
16,51,Iling Jr,2,MID,55,0,0,0.0,0.0,0.0,0,1,0,0,0,2026-08-18T09:50:38.171876+00:00,2026-08-18T09:51:31.234996+00:00
16,53,Malen,2,MID,51,0,0,0.0,0.0,0.0,0,1,1,26,0,2026-08-18T09:50:38.171876+00:00,2026-08-18T09:51:31.234996+00:00
16,54,McGinn,2,MID,54,1.4808,1.8079,0.48,0.1144,0.4556,0.0044,1,2,90,1,2026-08-18T09:50:38.171876+00:00,2026-08-18T09:51:31.234996+00:00
16,55,Barkley,2,MID,48,0.8124,1.5468,0.18,0.1804,0.1818,0.0024,1,0,0,0,2026-08-18T09:50:38.171876+00:00,2026-08-18T09:51:31.234996+00:00
16,56,Barrenechea,2,MID,50,0,0,0.0,0.0,0.0,0,1,0,0,0,2026-08-18T09:50:38.171876+00:00,2026-08-18T09:51:31.234996+00:00
16,57,Dobbin,2,MID,50,0,0,0.0,0.0,0.0,0,1,0,0,0,2026-08-18T09:50:38.171876+00:00,2026-08-18T09:51:31.234996+00:00
16,58,Kamara,2,MID,49,0,0,0.0,0.0,0.0,0,1,1,90,1,2026-08-18T09:50:38.171876+00:00,2026-08-18T09:51:31.234996+00:00
16,59,Onana,2,MID,48,1.916,2.2114,0.48,0.1144,0.4556,0.0052,1,2,63,1,2026-08-18T09:50:38.171876+00:00,2026-08-18T09:51:31.234996+00:00
16,60,Broggio,2,MID,45,0,0,0.0,0.0,0.0,0,1,0,0,0,2026-08-18T09:50:38.171876+00:00,2026-08-18T09:51:31.234996+00:00
16,61,Dendoncker,2,MID,45,0,0,0.0,0.0,0.0,0,1,0,0,0,2026-08-18T09:50:38.171876+00:00,2026-08-18T09:51:31.234996+00:00
16,62,Jimoh-Aloba,2,MID,45,0,0,0.0,0.0,0.0,0,1,0,0,0,2026-08-18T09:50:38.171876+00:00,2026-08-18T09:51:31.234996+00:00
16,63,Young,2,MID,43,0,0,0.0,0.0,0.0,0,1,0,0,0,2026-08-18T09:50:38.171876+00:00,2026-08-18T09:51:31.234996+00:00
16,64,Watkins,2,FWD,85,1.9604,2.3695,0.48,0.1456,0.458,0.02,1,5,74,1,2026-08-18T09:50:38.171876+00:00,2026-08-18T09:51:31.234996+00:00
16,65,Redmond,2,FWD,45,0,0,0.0,0.0,0.0,0,1,0,0,0,2026-08-18T09:50:38.171876+00:00,2026-08-18T09:51:31.234996+00:00
16,389,Elliott,2,MID,52,0.6804,1.2075,0.18,0.1804,0.1818,0.0004,1,0,0,0,2026-08-18T09:50:38.171876+00:00,2026-08-18T09:51:31.234996+00:00
16,456,Sancho,2,MID,58,1.5268,1.9059,0.45,0.154,0.4308,0.0064,1,0,0,0,2026-08-18T09:50:38.171876+00:00,2026-08-18T09:51:31.234996+00:00
16,688,Wright,2,GKP,39,0.1556,0.7253,0.04,0.0384,0.0403,0.0,1,0,0,0,2026-08-18T09:50:38.171876+00:00,2026-08-18T09:51:31.234996+00:00
16,699,Douglas Luiz,2,MID,49,0.9308,1.4501,0.28,0.1584,0.2731,0.0016,1,1,5,0,2026-08-18T09:50:38.171876+00:00,2026-08-18T09:51:31.234996+00:00
16,701,Rowe,2,DEF,40,0,0,0.0,0.0,0.0,0,1,0,0,0,2026-08-18T09:50:38.171876+00:00,2026-08-18T09:51:31.234996+00:00
16,702,Burrowes,2,MID,44,0.4588,0.9217,0.1,0.198,0.1088,0.0,1,0,0,0,2026-08-18T09:50:38.171876+00:00,2026-08-18T09:51:31.234996+00:00
16,703,Proctor,2,GKP,39,0.1604,0.776,0.04,0.0384,0.0403,0.0004,1,0,0,0,2026-08-18T09:50:38.171876+00:00,2026-08-18T09:51:31.234996+00:00
16,710,Patterson,2,DEF,39,0.4764,1.1344,0.1,0.198,0.1088,0.0004,1,0,0,0,2026-08-18T09:50:38.171876+00:00,2026-08-18T09:51:31.234996+00:00
16,719,Lindelöf,2,DEF,45,0.4796,1.075,0.1,0.198,0.1088,0.0,1,4,90,1,2026-08-18T09:50:38.171876+00:00,2026-08-18T09:51:31.234996+00:00
16,754,George Hemmings,2,MID,45,0.4736,0.9192,0.1,0.198,0.1088,0.0,1,0,0,0,2026-08-18T09:50:38.171876+00:00,2026-08-18T09:51:31.234996+00:00
16,757,Hollingshead,2,GKP,40,0.1692,0.7589,0.04,0.0384,0.0403,0.0,1,0,0,0,2026-08-18T09:50:38.171876+00:00,2026-08-18T09:51:31.234996+00:00
16,768,Leon Routh,2,DEF,40,0.4976,1.1346,0.1,0.198,0.1088,0.0,1,,,,2026-08-18T09:50:38.171876+00:00,
16,781,Carroll,2,DEF,40,0.4856,1.162,0.1,0.198,0.1088,0.0004,1,,,,2026-08-18T09:50:38.171876+00:00,
16,792,Alysson,2,MID,50,0,0,0.0,0.0,0.0,0,1,,,,2026-08-18T09:50:38.171876+00:00,
16,808,Abraham,2,FWD,57,1.33,1.6311,0.45,0.154,0.4308,0.0008,1,,,,2026-08-18T09:50:38.171876+00:00,
16,183,Weiss,3,GKP,43,0.1596,0.7626,0.04,0.0384,0.0403,0.0,1,0,0,0,2026-08-18T09:50:38.171876+00:00,2026-08-18T09:51:31.234996+00:00
16,184,Green,3,GKP,40,0,0,0.0,0.0,0.0,0,1,0,0,0,2026-08-18T09:50:38.171876+00:00,2026-08-18T09:51:31.234996+00:00
16,185,Hladký,3,GKP,39,0.1632,0.7694,0.04,0.0384,0.0403,0.0,1,0,0,0,2026-08-18T09:50:38.171876+00:00,2026-08-18T09:51:31.234996+00:00
16,186,Roberts,3,DEF,44,0.5224,1.2227,0.1,0.198,0.1088,0.0008,1,0,0,0,2026-08-18T09:50:38.171876+00:00,2026-08-18T09:51:31.234996+00:00
16,187,Walker,3,DEF,44,0.8524,1.6608,0.22,0.1716,0.2183,0.0016,1,0,0,0,2026-08-18T09:50:38.171876+00:00,2026-08-18T09:51:31.234996+00:00
16,188,Delcroix,3,DEF,38,0,0,0.0,0.0,0.0,0,1,0,0,0,2026-08-18T09:50:38.171876+00:00,2026-08-18T09:51:31.234996+00:00
16,189,Dodgson,3,DEF,40,0,0,0.0,0.0,0.0,0,1,0,0,0,2026-08-18T09:50:38.171876+00:00,2026-08-18T09:51:31.234996+00:00
16,190,Ekdal,3,DEF,39,1.1256,2.0812,0.22,0.1716,0.2183,0.0032,1,1,90,1,2026-08-18T09:50:38.171876+00:00,2026-08-18T09:51:31.234996+00:00
16,191,Estève,3,DEF,39,1.1112,2.0476,0.22,0.1716,0.2183,0.004,1,1,90,1,2026-08-18T09:50:38.171876+00:00,2026-08-18T09:51:31.234996+00:00
16,192,Hartman,3,DEF,40,0.9584,1.7925,0.22,0.1716,0.2183,0.0016,1,4,90,1,2026-08-18T09:50:38.171876+00:00,2026-08-18T09:51:31.234996+00:00
16,193,Humphreys,3,DEF,39,0.5156,1.2254,0.1,0.198,0.1088,0.0008,1,0,0,0,2026-08-18T09:50:38.171876+00:00,2026-08-18T09:51:31.234996+00:00
16,194,Jordan,3,DEF,40,0,0,0.0,0.0,0.0,0,1,0,0,0,2026-08-18T09:50:38.171876+00:00,2026-08-18T09:51:31.234996+00:00
16,195,Lucas Pires,3,DEF,38,0.44,1.0235,0.1,0.198,0.1088,0.0,1,0,0,0,2026-08-18T09:50:38.171876+00:00,2026-08-18T09:51:31.234996+00:00
16,196,Sambo,3,DEF,40,0,0,0.0,0.0,0.0,0,1,0,0,0,2026-08-18T09:50:38.171876+00:00,2026-08-18T09:51:31.234996+00:00
16,197,Sonne,3,DEF,38,0,0,0.0,0.0,0.0,0,1,7,13,0,2026-08-18T09:50:38.171876+00:00,2026-08-18T09:51:31.234996+00:00
16,198,Tuanzebe,3,DEF,39,0.9852,1.8317,0.22,0.1716,0.2183,0.0008,1,1,76,1,2026-08-18T09:50:38.171876+00:00,2026-08-18T09:51:31.234996+00:00
16,199,Worrall,3,DEF,39,0.6512,1.5428,0.1,0.198,0.1088,0.0016,1,0,0,0,2026-08-18T09:50:38.171876+00:00,2026-08-18T09:51:31.234996+00:00
16,200,Anthony,3,MID,53,1.9912,2.4439,0.48,0.1144,0.4556,0.0128,1,1,13,0,2026-08-18T09:50:38.171876+00:00,2026-08-18T09:51:31.234996+00:00
16,201,Benson,3,MID,54,0,0,0.0,0.0,0.0,0,1,0,0,0,2026-08-18T09:50:38.171876+00:00,2026-08-18T09:51:31.234996+00:00
16,202,Bruun Larsen,3,MID,53,1.0576,1.6945,0.28,0.1584,0.2731,0.0028,1,2,76,1,2026-08-18T09:50:38.171876+00:00,2026-08-18T09:51:31.234996+00:00
16,203,Boateng,3,MID,47,0.6932,1.2645,0.18,0.1804,0.1818,0.0008,1,0,0,0,2026-08-18T09:50:38.171876+00:00,2026-08-18T09:51:31.234996+00:00
16,204,Churlinov,3,MID,49,0,0,0.0,0.0,0.0,0,1,0,0,0,2026-08-18T09:50:38.171876+00:00,2026-08-18T09:51:31.234996+00:00
16,205,Cullen,3,MID,50,0,0,0.0,0.0,0.0,0,1,4,90,1,2026-08-18T09:50:38.171876+00:00,2026-08-18T09:51:31.234996+00:00
16,206,Edwards,3,MID,47,0.672,1.2127,0.18,0.1804,0.1818,0.0004,1,1,28,0,2026-08-18T09:50:38.171876+00:00,2026-08-18T09:51:31.234996+00:00
16,207,Hannibal,3,MID,48,0.9844,1.514,0.28,0.1584,0.2731,0.0008,1,0,0,0,2026-08-18T09:50:38.171876+00:00,2026-08-18T09:51:31.234996+00:00
16,208,Koleosho,3,MID,50,0,0,0.0,0.0,0.0,0,1,0,0,0,2026-08-18T09:50:38.171876+00:00,2026-08-18T09:51:31.234996+00:00
16,209,Laurent,3,MID,48,0.9168,1.437,0.28,0.1584,0.2731,0.0,1,0,0,0,2026-08-18T09:50:38.171876+00:00,2026-08-18T09:51:31.234996+00:00
16,210,Tchaouna,3,MID,49,1.3904,1.636,0.48,0.1144,0.4556,0.0012,1,0,0,0,2026-08-18T09:50:38.171876+00:00,2026-08-18T09:51:31.234996+00:00
16,211,A.Ramsey,3,MID,44,0,0,0.0,0.0,0.0,0,1,0,0,0,2026-08-18T09:50:38.171876+00:00,2026-08-18T09:51:31.234996+00:00
16,212,Adewumi,3,MID,45,0,0,0.0,0.0,0.0,0,1,0,0,0,2026-08-18T09:50:38.171876+00:00,2026-08-18T09:51:31.234996+00:00
16,213,Banel,3,MID,45,0,0,0.0,0.0,0.0,0,1,0,0,0,2026-08-18T09:50:38.171876+00:00,2026-08-18T09:51:31.234996+00:00
16,214,Trésor,3,MID,44,0.4452,0.9038,0.1,0.198,0.1088,0.0004,1,1,7,0,2026-08-18T09:50:38.171876+00:00,2026-08-18T09:51:31.234996+00:00
16,215,Flemming,3,FWD,53,1.1324,1.8803,0.28,0.1584,0.2731,0.0052,1,1,28,0,2026-08-18T09:50:38.171876+00:00,2026-08-18T09:51:31.234996+00:00
16,216,Amdouni,3,FWD,48,0.638,1.1581,0.18,0.1804,0.1818,0.0008,1,0,0,0,2026-08-18T09:50:38.171876+00:00,2026-08-18T09:51:31.234996+00:00
16,217,Foster,3,FWD,50,1.5844,1.9414,0.48,0.1144,0.4556,0.0044,1,2,61,1,2026-08-18T09:50:38.171876+00:00,2026-08-18T09:51:31.234996+00:00
16,218,Barnes,3,FWD,43,0.594,1.2704,0.1,0.198,0.1088,0.0008,1,0,0,0,2026-08-18T09:50:38.171876+00:00,2026-08-18T09:51:31.234996+00:00
16,219,Obafemi,3,FWD,44,0,0,0.0,0.0,0.0,0,1,0,0,0,2026-08-18T09:50:38.171876+00:00,2026-08-18T09:51:31.234996+00:00
16,470,Dúbravka,3,GKP,40,3.6116,2.3085,0.9,0.004,0.8373,0.0012,1,1,90,1,2026-08-18T09:50:38.171876+00:00,2026-08-18T09:51:31.234996+00:00
16,614,Ward-Prowse,3,MID,56,1.0836,1.7416,0.28,0.2016,0.2765,0.0044,1,0,0,0,2026-08-18T09:50:38.171876+00:00,2026-08-18T09:51:31.234996+00:00
16,676,Ugochukwu,3,MID,50,1.676,1.9829,0.48,0.1144,0.4556,0.0024,1,9,82,1,2026-08-18T09:50:38.171876+00:00,2026-08-18T09:51:31.234996+00:00
16,680,Broja,3,FWD,52,0.7468,1.3773,0.18,0.1804,0.1818,0.0024,1,2,90,1,2026-08-18T09:50:38.171876+00:00,2026-08-18T09:51:31.234996+00:00
16,722,Florentino,3,MID,50,1.9292,2.1798,0.48,0.1144,0.4556,0.0056,1,2,61,1,2026-08-18T09:50:38.171876+00:00,2026-08-18T09:51:31.234996+00:00
16,776,Pimlott,3,MID,45,0.452,0.9407,0.1,0.198,0.1088,0.0,1,,,,2026-08-18T09:50:38.171876+00:00,
16,784,Brierley,3,MID,45,0.4736,0.9819,0.1,0.198,0.1088,0.0,1,,,,2026-08-18T09:50:38.171876+00:00,
16,820,McMahon-Brown,3,MID,45,0.448,0.9259,0.1,0.198,0.1088,0.0004,1,,,,2026-08-18T09:50:38.171876+00:00,
16,66,Neto,4,GKP,45,0,0,0.0,0.0,0.0,0,1,0,0,0,2026-08-18T09:50:38.171876+00:00,2026-08-18T09:51:31.234996+00:00
16,67,Petrović,4,GKP,45,2.8216,2.0615,0.9,0.004,0.8373,0.0,1,1,90,1,2026-08-18T09:50:38.171876+00:00,2026-08-18T09:51:31.234996+00:00
16,68,Dennis,4,GKP,40,0,0,0.0,0.0,0.0,0,1,0,0,0,2026-08-18T09:50:38.171876+00:00,2026-08-18T09:51:31.234996+00:00
16,69,McKenna,4,GKP,40,0.1516,0.6765,0.04,0.0384,0.0403,0.0,1,0,0,0,2026-08-18T09:50:38.171876+00:00,2026-08-18T09:51:31.234996+00:00
16,70,Paulsen,4,GKP,40,0,0,0.0,0.0,0.0,0,1,0,0,0,2026-08-18T09:50:38.171876+00:00,2026-08-18T09:51:31.234996+00:00
16,71,Zabarnyi,4,DEF,50,0,0,0.0,0.0,0.0,0,1,0,0,0,2026-08-18T09:50:38.171876+00:00,2026-08-18T09:51:31.234996+00:00
16,72,Senesi,4,DEF,50,2.344,2.7734,0.48,0.1144,0.4556,0.0136,1,1,90,1,2026-08-18T09:50:38.171876+00:00,2026-08-18T09:51:31.234996+00:00
16,73,Smith,4,DEF,44,0.752,1.4525,0.22,0.1716,0.2183,0.0012,1,2,90,1,2026-08-18T09:50:38.171876+00:00,2026-08-18T09:51:31.234996+00:00
16,74,Truffert,4,DEF,45,0.94,1.8051,0.22,0.1716,0.2183,0.0032,1,0,90,1,2026-08-18T09:50:38.171876+00:00,2026-08-18T09:51:31.234996+00:00
16,75,Akinmboni,4,DEF,38,0.4688,1.1239,0.1,0.198,0.1088,0.0004,1,0,0,0,2026-08-18T09:50:38.171876+00:00,2026-08-18T09:51:31.234996+00:00
16,76,Bevan,4,DEF,39,0.4296,1.0193,0.1,0.198,0.1088,0.0,1,0,0,0,2026-08-18T09:50:38.171876+00:00,2026-08-18T09:51:31.234996+00:00
16,77,Hill,4,DEF,39,0.8748,1.6696,0.22,0.1716,0.2183,0.002,1,1,1,0,2026-08-18T09:50:38.171876+00:00,2026-08-18T09:51:31.234996+00:00
16,78,J.Araujo,4,DEF,38,0,0,0.0,0.0,0.0,0,1,0,0,0,2026-08-18T09:50:38.171876+00:00,2026-08-18T09:51:31.234996+00:00
16,79,Mepham,4,DEF,40,0,0,0.0,0.0,0.0,0,1,0,0,0,2026-08-18T09:50:38.171876+00:00,2026-08-18T09:51:31.234996+00:00
16,80,Soler,4,DEF,40,0.5024,1.1894,0.1,0.198,0.1088,0.0012,1,0,0,0,2026-08-18T09:50:38.171876+00:00,2026-08-18T09:51:31.234996+00:00
16,81,Kluivert,4,MID,70,0.966,1.6677,0.28,0.2016,0.2765,0.0028,1,2,90,1,2026-08-18T09:50:38.171876+00:00,2026-08-18T09:51:31.234996+00:00
16,84,Tavernier,4,MID,55,2.0176,2.454,0.48,0.1456,0.458,0.0128,1,12,90,1,2026-08-18T09:50:38.171876+00:00,2026-08-18T09:51:31.234996+00:00
16,85,Adams,4,MID,50,1.602,1.9151,0.48,0.1144,0.4556,0.0024,1,1,4,0,2026-08-18T09:50:38.171876+00:00,2026-08-18T09:51:31.234996+00:00
16,86,Brooks,4,MID,50,1.5556,1.9957,0.48,0.1144,0.4556,0.0052,1,1,1,0,2026-08-18T09:50:38.171876+00:00,2026-08-18T09:51:31.234996+00:00
16,87,Christie,4,MID,49,0,0,0.0,0.0,0.0,0,1,0,0,0,2026-08-18T09:50:38.171876+00:00,2026-08-18T09:51:31.234996+00:00
16,88,Cook,4,MID,49,0.9056,1.6491,0.18,0.1804,0.1818,0.002,1,0,0,0,2026-08-18T09:50:38.171876+00:00,2026-08-18T09:51:31.234996+00:00
16,89,Philip,4,MID,49,0,0,0.0,0.0,0.0,0,1,0,0,0,2026-08-18T09:50:38.171876+00:00,2026-08-18T09:51:31.234996+00:00
16,90,Scott,4,MID,50,1.7416,2.0091,0.48,0.1144,0.4556,0.004,1,2,85,1,2026-08-18T09:50:38.171876+00:00,2026-08-18T09:51:31.234996+00:00
16,91,Sinisterra,4,MID,50,0,0,0.0,0.0,0.0,0,1,0,0,0,2026-08-18T09:50:38.171876+00:00,2026-08-18T09:51:31.234996+00:00
16,92,Faivre,4,MID,45,0,0,0.0,0.0,0.0,0,1,0,0,0,2026-08-18T09:50:38.171876+00:00,2026-08-18T09:51:31.234996+00:00
16,93,H.Traorè,4,MID,45,0,0,0.0,0.0,0.0,0,1,0,0,0,2026-08-18T09:50:38.171876+00:00,2026-08-18T09:51:31.234996+00:00
16,94,Sadi,4,MID,45,0,0,0.0,0.0,0.0,0,1,0,0,0,2026-08-18T09:50:38.171876+00:00,2026-08-18T09:51:31.234996+00:00
16,95,Silcott-Duberry,4,MID,44,0,0,0.0,0.0,0.0,0,1,0,0,0,2026-08-18T09:50:38.171876+00:00,2026-08-18T09:51:31.234996+00:00
16,96,Winterburn,4,MID,45,0,0,0.0,0.0,0.0,0,1,0,0,0,2026-08-18T09:50:38.171876+00:00,2026-08-18T09:51:31.234996+00:00
16,97,Evanilson,4,FWD,70,1.7348,2.1622,0.48,0.1456,0.458,0.012,1,6,77,1,2026-08-18T09:50:38.171876+00:00,2026-08-18T09:51:31.234996+00:00
16,98,Enes Ünal,4,FWD,54,0.7288,1.3665,0.18,0.1804,0.1818,0.0016,1,0,0,0,2026-08-18T09:50:38.171876+00:00,2026-08-18T09:51:31.234996+00:00
16,99,Adu-Adjei,4,FWD,44,0,0,0.0,0.0,0.0,0,1,0,0,0,2026-08-18T09:50:38.171876+00:00,2026-08-18T09:51:31.234996+00:00
16,100,Kroupi.Jr,4,FWD,46,1.2628,2.1108,0.28,0.1584,0.2731,0.0092,1,5,12,0,2026-08-18T09:50:38.171876+00:00,2026-08-18T09:51:31.234996+00:00
16,391,Gannon-Doak,4,MID,48,0.6412,1.1201,0.18,0.1804,0.1818,0.0,1,0,0,0,2026-08-18T09:50:38.171876+00:00,2026-08-18T09:51:31.234996+00:00
16,685,Diakité,4,DEF,44,0.8672,1.6693,0.22,0.1716,0.2183,0.0012,1,0,90,1,2026-08-18T09:50:38.171876+00:00,2026-08-18T09:51:31.234996+00:00
16,687,Rees-Dottin,4,MID,44,0.4968,0.9687,0.1,0.198,0.1088,0.0,1,0,0,0,2026-08-18T09:50:38.171876+00:00,2026-08-18T09:51:31.234996+00:00
16,697,Adli,4,MID,54,1.206,1.9253,0.28,0.1584,0.2731,0.004,1,0,0,0,2026-08-18T09:50:38.171876+00:00,2026-08-18T09:51:31.234996+00:00
16,713,A.Jimenez,4,DEF,45,0.5988,1.3429,0.22,0.1716,0.2183,0.0016,1,3,90,1,2026-08-18T09:50:38.171876+00:00,2026-08-18T09:51:31.234996+00:00
16,721,Milosavljević,4,DEF,45,0.8928,1.7147,0.22,0.1716,0.2183,0.002,1,0,0,0,2026-08-18T09:50:38.171876+00:00,2026-08-18T09:51:31.234996+00:00
16,756,DaCosta,4,MID,45,0.4708,0.9736,0.1,0.198,0.1088,0.0008,1,0,0,0,2026-08-18T09:50:38.171876+00:00,2026-08-18T09:51:31.234996+00:00
16,782,Forster,4,GKP,40,0.1988,0.8412,0.04,0.0384,0.0403,0.0,1,,,,2026-08-18T09:50:38.171876+00:00,
16,799,Stevens,4,MID,45,0.472,0.9499,0.1,0.198,0.1088,0.0,1,,,,2026-08-18T09:50:38.171876+00:00,
16,801,Tóth.A,4,MID,49,0.67,1.2404,0.18,0.1804,0.1818,0.0008,1,,,,2026-08-18T09:50:38.171876+00:00,
16,806,Mandas,4,GKP,40,0.1676,0.7786,0.04,0.0384,0.0403,0.0,1,,,,2026-08-18T09:50:38.171876+00:00,
16,807,Rayan,4,MID,54,0.7148,1.2985,0.18,0.1804,0.1818,0.0008,1,,,,2026-08-18T09:50:38.171876+00:00,
16,27,Nelson,5,MID,48,0.9776,1.8122,0.18,0.1804,0.1818,0.0024,1,0,0,0,2026-08-18T09:50:38.171876+00:00,2026-08-18T09:51:31.234996+00:00
16,83,O.Dango,5,MID,61,2.3132,2.8259,0.48,0.1456,0.458,0.0296,1,2,90,1,2026-08-18T09:50:38.171876+00:00,2026-08-18T09:51:31.234996+00:00
16,101,Kelleher,5,GKP,45,3.138,2.198,0.9,0.004,0.8373,0.0,1,3,90,1,2026-08-18T09:50:38.171876+00:00,2026-08-18T09:51:31.234996+00:00
16,102,Balcombe,5,GKP,40,0.1832,0.833,0.04,0.0384,0.0403,0.0,1,0,0,0,2026-08-18T09:50:38.171876+00:00,2026-08-18T09:51:31.234996+00:00
16,103,Cox,5,GKP,39,0,0,0.0,0.0,0.0,0,1,0,0,0,2026-08-18T09:50:38.171876+00:00,2026-08-18T09:51:31.234996+00:00
16,104,Eyestone,5,GKP,39,0.1484,0.7442,0.04,0.0384,0.0403,0.0,1,0,0,0,2026-08-18T09:50:38.171876+00:00,2026-08-18T09:51:31.234996+00:00
16,105,Valdimarsson,5,GKP,39,0.1448,0.6928,0.04,0.0384,0.0403,0.0,1,0,0,0,2026-08-18T09:50:38.171876+00:00,2026-08-18T09:51:31.234996+00:00
16,106,Collins,5,DEF,49,2.3216,2.9573,0.48,0.1144,0.4556,0.0256,1,4,90,1,2026-08-18T09:50:38.171876+00:00,2026-08-18T09:51:31.234996+00:00
16,107,Lewis-Potter,5,DEF,48,1.0176,1.8034,0.28,0.1584,0.2731,0.0036,1,6,60,1,2026-08-18T09:50:38.171876+00:00,2026-08-18T09:51:31.234996+00:00
16,108,Ajer,5,DEF,44,1.054,2.0026,0.22,0.1716,0.2183,0.0056,1,1,9,0,2026-08-18T09:50:38.171876+00:00,2026-08-18T09:51:31.234996+00:00
16,109,Henry,5,DEF,43,0,0,0.0,0.0,0.0,0,1,4,29,0,2026-08-18T09:50:38.171876+00:00,2026-08-18T09:51:31.234996+00:00
16,110,Kayode,5,DEF,45,1.0036,1.8424,0.22,0.1716,0.2183,0.002,1,5,90,1,2026-08-18T09:50:38.171876+00:00,2026-08-18T09:51:31.234996+00:00
16,111,Pinnock,5,DEF,42,1.1444,2.0995,0.22,0.1716,0.2183,0.0024,1,0,0,0,2026-08-18T09:50:38.171876+00:00,2026-08-18T09:51:31.234996+00:00
16,112,Roerslev,5,DEF,45,0,0,0.0,0.0,0.0,0,1,0,0,0,2026-08-18T09:50:38.171876+00:00,2026-08-18T09:51:31.234996+00:00
16,113,Van den Berg,5,DEF,45,1.1064,2.2692,0.22,0.1716,0.2183,0.0148,1,4,90,1,2026-08-18T09:50:38.171876+00:00,2026-08-18T09:51:31.234996+00:00
16,114,Arthur,5,DEF,39,0,0,0.0,0.0,0.0,0,1,0,0,0,2026-08-18T09:50:38.171876+00:00,2026-08-18T09:51:31.234996+00:00
16,115,Fredrick,5,DEF,40,0,0,0.0,0.0,0.0,0,1,0,0,0,2026-08-18T09:50:38.171876+00:00,2026-08-18T09:51:31.234996+00:00
16,116,Hickey,5,DEF,40,0.8692,1.7324,0.22,0.1716,0.2183,0.0032,1,6,60,1,2026-08-18T09:50:38.171876+00:00,2026-08-18T09:51:31.234996+00:00
16,117,Ji-soo,5,DEF,39,0,0,0.0,0.0,0.0,0,1,0,0,0,2026-08-18T09:50:38.171876+00:00,2026-08-18T09:51:31.234996+00:00
16,118,Meghoma,5,DEF,40,0,0,0.0,0.0,0.0,0,1,0,0,0,2026-08-18T09:50:38.171876+00:00,2026-08-18T09:51:31.234996+00:00
16,120,Schade,5,MID,70,1.8932,2.4926,0.48,0.1456,0.458,0.016,1,0,0,0,2026-08-18T09:50:38.171876+00:00,2026-08-18T09:51:31.234996+00:00
16,121,Damsgaard,5,MID,58,2.0388,2.253,0.48,0.1456,0.458,0.01,1,1,29,0,2026-08-18T09:50:38.171876+00:00,2026-08-18T09:51:31.234996+00:00
16,122,Milambo,5,MID,52,0,0,0.0,0.0,0.0,0,1,0,0,0,2026-08-18T09:50:38.171876+00:00,2026-08-18T09:51:31.234996+00:00
16,123,Carvalho,5,MID,47,0,0,0.0,0.0,0.0,0,1,0,0,0,2026-08-18T09:50:38.171876+00:00,2026-08-18T09:51:31.234996+00:00
16,124,Henderson,5,MID,50,1.5624,1.81,0.48,0.1144,0.4556,0.0008,1,9,90,1,2026-08-18T09:50:38.171876+00:00,2026-08-18T09:51:31.234996+00:00
16,125,Janelt,5,MID,49,0.9036,1.631,0.18,0.1804,0.1818,0.0008,1,3,79,1,2026-08-18T09:50:38.171876+00:00,2026-08-18T09:51:31.234996+00:00
16,126,Jensen,5,MID,49,1.0732,1.7133,0.28,0.1584,0.2731,0.0032,1,3,80,1,2026-08-18T09:50:38.171876+00:00,2026-08-18T09:51:31.234996+00:00
16,127,Nunes,5,MID,49,0,0,0.0,0.0,0.0,0,1,0,0,0,2026-08-18T09:50:38.171876+00:00,2026-08-18T09:51:31.234996+00:00
16,128,Onyeka,5,MID,48,0,0,0.0,0.0,0.0,0,1,0,0,0,2026-08-18T09:50:38.171876+00:00,2026-08-18T09:51:31.234996+00:00
16,129,Yarmoliuk,5,MID,50,1.5528,1.8397,0.48,0.1144,0.4556,0.0032,1,1,10,0,2026-08-18T09:50:38.171876+00:00,2026-08-18T09:51:31.234996+00:00
16,130,Donovan,5,MID,44,0.454,0.9378,0.1,0.198,0.1088,0.0004,1,0,0,0,2026-08-18T09:50:38.171876+00:00,2026-08-18T09:51:31.234996+00:00
16,131,Konak,5,MID,43,0,0,0.0,0.0,0.0,0,1,0,0,0,2026-08-18T09:50:38.171876+00:00,2026-08-18T09:51:31.234996+00:00
16,132,Maghoma,5,MID,45,0,0,0.0,0.0,0.0,0,1,0,0,0,2026-08-18T09:50:38.171876+00:00,2026-08-18T09:51:31.234996+00:00
16,133,Peart-Harris,5,MID,44,0,0,0.0,0.0,0.0,0,1,0,0,0,2026-08-18T09:50:38.171876+00:00,2026-08-18T09:51:31.234996+00:00
16,134,Trevitt,5,MID,45,0,0,0.0,0.0,0.0,0,1,0,0,0,2026-08-18T09:50:38.171876+00:00,2026-08-18T09:51:31.234996+00:00
16,136,Thiago,5,FWD,71,2.69,3.3048,0.48,0.1456,0.458,0.0544,1,2,90,1,2026-08-18T09:50:38.171876+00:00,2026-08-18T09:51:31.234996+00:00
16,137,Morgan,5,FWD,44,0,0,0.0,0.0,0.0,0,1,0,0,0,2026-08-18T09:50:38.171876+00:00,2026-08-18T09:51:31.234996+00:00
16,748,Dasilva,5,MID,49,0.6924,1.2878,0.18,0.1804,0.1818,0.0012,1,0,0,0,2026-08-18T09:50:38.171876+00:00,2026-08-18T09:51:31.234996+00:00
16,797,Furo,5,FWD,45,0.4724,0.9381,0.1,0.198,0.1088,0.0,1,,,,2026-08-18T09:50:38.171876+00:00,
16,810,Bentt,5,MID,45,0.4936,1.0048,0.1,0.198,0.1088,0.0,1,,,,2026-08-18T09:50:38.171876+00:00,
16,819,Shield,5,DEF,40,0.5184,1.2312,0.1,0.198,0.1088,0.0004,1,,,,2026-08-18T09:50:38.171876+00:00,
16,823,Stephenson,5,DEF,40,0.5728,1.3484,0.1,0.198,0.1088,0.0012,1,,,,2026-08-18T09:50:38.171876+00:00,
16,824,McManus,5,DEF,40,0.518,1.2066,0.1,0.198,0.1088,0.0008,1,,,,2026-08-18T09:50:38.171876+00:00,
16,826,Owen,5,MID,45,0.4872,1.0091,0.1,0.198,0.1088,0.0,1,,,,2026-08-18T09:50:38.171876+00:00,
16,138,Steele,6,GKP,43,0.1212,0.5819,0.04,0.0384,0.0403,0.0,1,0,0,0,2026-08-18T09:50:38.171876+00:00,2026-08-18T09:51:31.234996+00:00
16,139,Verbruggen,6,GKP,44,2.5796,1.9991,0.9,0.004,0.8373,0.0,1,1,90,1,2026-08-18T09:50:38.171876+00:00,2026-08-18T09:51:31.234996+00:00
16,140,McGill,6,GKP,39,0.1592,0.7142,0.04,0.0384,0.0403,0.0,1,0,0,0,2026-08-18T09:50:38.171876+00:00,2026-08-18T09:51:31.234996+00:00
16,141,Rushworth,6,GKP,40,0,0,0.0,0.0,0.0,0,1,0,0,0,2026-08-18T09:50:38.171876+00:00,2026-08-18T09:51:31.234996+00:00
16,142,Scherpen,6,GKP,40,0,0,0.0,0.0,0.0,0,1,0,0,0,2026-08-18T09:50:38.171876+00:00,2026-08-18T09:51:31.234996+00:00
16,143,Boscagli,6,DEF,42,0.638,1.448,0.1,0.198,0.1088,0.0012,1,0,0,0,2026-08-18T09:50:38.171876+00:00,2026-08-18T09:51:31.234996+00:00
16,144,Coppola,6,DEF,42,0,0,0.0,0.0,0.0,0,1,0,0,0,2026-08-18T09:50:38.171876+00:00,2026-08-18T09:51:31.234996+00:00
16,145,De Cuyper,6,DEF,43,0.9904,1.9191,0.22,0.1716,0.2183,0.0068,1,0,0,0,2026-08-18T09:50:38.171876+00:00,2026-08-18T09:51:31.234996+00:00
16,146,Dunk,6,DEF,45,0.7504,1.4914,0.22,0.1716,0.2183,0.0012,1,0,90,1,2026-08-18T09:50:38.171876+00:00,2026-08-18T09:51:31.234996+00:00
16,147,Estupiñan,6,DEF,45,0,0,0.0,0.0,0.0,0,1,0,0,0,2026-08-18T09:50:38.171876+00:00,2026-08-18T09:51:31.234996+00:00
16,148,F.Kadıoğlu,6,DEF,44,0.7692,1.5313,0.22,0.1716,0.2183,0.0012,1,1,90,1,2026-08-18T09:50:38.171876+00:00,2026-08-18T09:51:31.234996+00:00
16,149,Igor,6,DEF,45,0.5824,1.4291,0.1,0.198,0.1088,0.0016,1,0,0,0,2026-08-18T09:50:38.171876+00:00,2026-08-18T09:51:31.234996+00:00
16,150,Lamptey,6,DEF,44,0,0,0.0,0.0,0.0,0,1,0,0,0,2026-08-18T09:50:38.171876+00:00,2026-08-18T09:51:31.234996+00:00
16,151,Van Hecke,6,DEF,45,0.9372,1.882,0.22,0.1716,0.2183,0.0056,1,1,90,1,2026-08-18T09:50:38.171876+00:00,2026-08-18T09:51:31.234996+00:00
16,152,Veltman,6,DEF,43,0.9544,1.7893,0.22,0.1716,0.2183,0.002,1,0,0,0,2026-08-18T09:50:38.171876+00:00,2026-08-18T09:51:31.234996+00:00
16,153,Webster,6,DEF,44,0,0,0.0,0.0,0.0,0,1,0,0,0,2026-08-18T09:50:38.171876+00:00,2026-08-18T09:51:31.234996+00:00
16,154,Cashin,6,DEF,40,0,0,0.0,0.0,0.0,0,1,0,0,0,2026-08-18T09:50:38.171876+00:00,2026-08-18T09:51:31.234996+00:00
16,155,Slater,6,DEF,40,0,0,0.0,0.0,0.0,0,1,0,0,0,2026-08-18T09:50:38.171876+00:00,2026-08-18T09:51:31.234996+00:00
16,156,Tasker,6,DEF,39,0.4492,1.0185,0.1,0.198,0.1088,0.0,1,0,0,0,2026-08-18T09:50:38.171876+00:00,2026-08-18T09:51:31.234996+00:00
16,157,Mitoma,6,MID,61,0,0,0.0,0.0,0.0,0,1,1,26,0,2026-08-18T09:50:38.171876+00:00,2026-08-18T09:51:31.234996+00:00
16,158,Georginio,6,MID,56,1.6856,2.0588,0.48,0.1456,0.458,0.0072,1,2,81,1,2026-08-18T09:50:38.171876+00:00,2026-08-18T09:51:31.234996+00:00
16,159,March,6,MID,58,1.4916,1.7924,0.45,0.154,0.4308,0.004,1,0,0,0,2026-08-18T09:50:38.171876+00:00,2026-08-18T09:51:31.234996+00:00
16,160,Minteh,6,MID,62,2.0132,2.3563,0.48,0.1456,0.458,0.0104,1,2,90,1,2026-08-18T09:50:38.171876+00:00,2026-08-18T09:51:31.234996+00:00
16,161,Enciso,6,MID,54,0,0,0.0,0.0,0.0,0,1,0,0,0,2026-08-18T09:50:38.171876+00:00,2026-08-18T09:51:31.234996+00:00
16,162,Gruda,6,MID,54,0,0,0.0,0.0,0.0,0,1,2,63,1,2026-08-18T09:50:38.171876+00:00,2026-08-18T09:51:31.234996+00:00
16,163,Hinshelwood,6,MID,51,0.7232,1.437,0.18,0.1804,0.1818,0.002,1,2,81,1,2026-08-18T09:50:38.171876+00:00,2026-08-18T09:51:31.234996+00:00
16,164,O'Riley,6,MID,55,1.52,1.915,0.45,0.154,0.4308,0.0052,1,0,0,0,2026-08-18T09:50:38.171876+00:00,2026-08-18T09:51:31.234996+00:00
16,165,Sima,6,MID,54,0,0,0.0,0.0,0.0,0,1,0,0,0,2026-08-18T09:50:38.171876+00:00,2026-08-18T09:51:31.234996+00:00
16,166,Ayari,6,MID,49,1.7328,2.0083,0.48,0.1144,0.4556,0.0072,1,1,26,0,2026-08-18T09:50:38.171876+00:00,2026-08-18T09:51:31.234996+00:00
16,167,Baleba,6,MID,46,1.4276,1.659,0.48,0.1144,0.4556,0.002,1,2,63,1,2026-08-18T09:50:38.171876+00:00,2026-08-18T09:51:31.234996+00:00
16,169,Gomez,6,MID,49,1.7176,2.1992,0.48,0.1144,0.4556,0.0108,1,1,86,1,2026-08-18T09:50:38.171876+00:00,2026-08-18T09:51:31.234996+00:00
16,170,Milner,6,MID,49,0.8956,1.8748,0.18,0.1804,0.1818,0.0084,1,1,3,0,2026-08-18T09:50:38.171876+00:00,2026-08-18T09:51:31.234996+00:00
16,171,Sarmiento,6,MID,49,0,0,0.0,0.0,0.0,0,1,0,0,0,2026-08-18T09:50:38.171876+00:00,2026-08-18T09:51:31.234996+00:00
16,172,Watson,6,MID,48,0,0,0.0,0.0,0.0,0,1,0,0,0,2026-08-18T09:50:38.171876+00:00,2026-08-18T09:51:31.234996+00:00
16,173,Wieffer,6,MID,49,2.0896,2.4607,0.48,0.1144,0.4556,0.0108,1,2,90,1,2026-08-18T09:50:38.171876+00:00,2026-08-18T09:51:31.234996+00:00
16,174,Yalcouye,6,MID,50,0,0,0.0,0.0,0.0,0,1,0,0,0,2026-08-18T09:50:38.171876+00:00,2026-08-18T09:51:31.234996+00:00
16,175,Knight,6,MID,44,0,0,0.0,0.0,0.0,0,1,0,0,0,2026-08-18T09:50:38.171876+00:00,2026-08-18T09:51:31.234996+00:00
16,176,Mazilu,6,MID,45,0,0,0.0,0.0,0.0,0,1,0,0,0,2026-08-18T09:50:38.171876+00:00,2026-08-18T09:51:31.234996+00:00
16,177,Moran,6,MID,45,0,0,0.0,0.0,0.0,0,1,0,0,0,2026-08-18T09:50:38.171876+00:00,2026-08-18T09:51:31.234996+00:00
16,178,Welbeck,6,FWD,65,2.2108,2.6379,0.48,0.1456,0.458,0.0232,1,1,8,0,2026-08-18T09:50:38.171876+00:00,2026-08-18T09:51:31.234996+00:00
16,179,Ferguson,6,FWD,55,0,0,0.0,0.0,0.0,0,1,0,0,0,2026-08-18T09:50:38.171876+00:00,2026-08-18T09:51:31.234996+00:00
16,180,Tzimas,6,FWD,53,0,0,0.0,0.0,0.0,0,1,0,0,0,2026-08-18T09:50:38.171876+00:00,2026-08-18T09:51:31.234996+00:00
16,181,Kostoulas,6,FWD,48,1.0036,1.8318,0.18,0.1804,0.1818,0.0028,1,1,8,0,2026-08-18T09:50:38.171876+00:00,2026-08-18T09:51:31.234996+00:00
16,744,Oriola,6,MID,45,0.4856,0.9727,0.1,0.198,0.1088,0.0,1,0,0,0,2026-08-18T09:50:38.171876+00:00,2026-08-18T09:51:31.234996+00:00
16,761,Simmonds,6,DEF,40,0.4988,1.191,0.1,0.198,0.1088,0.0008,1,,,,2026-08-18T09:50:38.171876+00:00,
16,783,Groß,6,MID,56,1.5188,1.8946,0.45,0.154,0.4308,0.0064,1,,,,2026-08-18T09:50:38.171876+00:00,
16,795,Howell,6,MID,45,0.4952,1.0465,0.1,0.198,0.1088,0.0004,1,,,,2026-08-18T09:50:38.171876+00:00,
16,220,Sánchez,7,GKP,49,3.1832,2.2455,0.9,0.008,0.8376,0.0004,1,6,90,1,2026-08-18T09:50:38.171876+00:00,2026-08-18T09:51:31.234996+00:00
16,221,Jörgensen,7,GKP,43,0.176,0.7841,0.04,0.0384,0.0403,0.0,1,0,0,0,2026-08-18T09:50:38.171876+00:00,2026-08-18T09:51:31.234996+00:00
16,222,Penders,7,GKP,40,0,0,0.0,0.0,0.0,0,1,0,0,0,2026-08-18T09:50:38.171876+00:00,2026-08-18T09:51:31.234996+00:00
16,223,Slonina,7,GKP,39,0.1528,0.7322,0.04,0.0384,0.0403,0.0,1,0,0,0,2026-08-18T09:50:38.171876+00:00,2026-08-18T09:51:31.234996+00:00
16,224,Cucurella,7,DEF,62,2.0728,2.6438,0.48,0.1456,0.458,0.0152,1,6,90,1,2026-08-18T09:50:38.171876+00:00,2026-08-18T09:51:31.234996+00:00
16,225,James,7,DEF,56,2.0828,2.7204,0.48,0.1456,0.458,0.0188,1,6,90,1,2026-08-18T09:50:38.171876+00:00,2026-08-18T09:51:31.234996+00:00
16,226,Chalobah,7,DEF,54,2.2644,2.8097,0.48,0.1144,0.4556,0.0172,1,9,90,1,2026-08-18T09:50:38.171876+00:00,2026-08-18T09:51:31.234996+00:00
16,227,Colwill,7,DEF,48,2.9504,2.5384,0.9,0.018,0.8384,0.0156,1,0,0,0,2026-08-18T09:50:38.171876+00:00,2026-08-18T09:51:31.234996+00:00
16,228,Gusto,7,DEF,49,2.0984,2.6232,0.48,0.1144,0.4556,0.01,1,18,90,1,2026-08-18T09:50:38.171876+00:00,2026-08-18T09:51:31.234996+00:00
16,229,B.Badiashile,7,DEF,44,0.55,1.3131,0.1,0.198,0.1088,0.0008,1,0,0,0,2026-08-18T09:50:38.171876+00:00,2026-08-18T09:51:31.234996+00:00
16,230,Fofana,7,DEF,44,0,0,0.0,0.0,0.0,0,1,9,90,1,2026-08-18T09:50:38.171876+00:00,2026-08-18T09:51:31.234996+00:00
16,231,M.Sarr,7,DEF,45,0.5484,1.2953,0.1,0.198,0.1088,0.0008,1,0,0,0,2026-08-18T09:50:38.171876+00:00,2026-08-18T09:51:31.234996+00:00
16,232,Tosin,7,DEF,41,1.1196,2.0871,0.22,0.1716,0.2183,0.004,1,0,0,0,2026-08-18T09:50:38.171876+00:00,2026-08-18T09:51:31.234996+00:00
16,233,Acheampong,7,DEF,39,0.8624,1.7267,0.22,0.1716,0.2183,0.0032,1,0,0,0,2026-08-18T09:50:38.171876+00:00,2026-08-18T09:51:31.234996+00:00
16,234,Anselmino,7,DEF,40,0,0,0.0,0.0,0.0,0,1,0,0,0,2026-08-18T09:50:38.171876+00:00,2026-08-18T09:51:31.234996+00:00
16,235,Palmer,7,MID,103,1.794,3.0181,0.28,0.2016,0.2765,0.0416,1,6,57,1,2026-08-18T09:50:38.171876+00:00,2026-08-18T09:51:31.234996+00:00
16,236,Neto,7,MID,73,2.3568,2.7855,0.48,0.1456,0.458,0.0284,1,6,90,1,2026-08-18T09:50:38.171876+00:00,2026-08-18T09:51:31.234996+00:00
16,237,Enzo,7,MID,66,2.5772,3.3082,0.48,0.1456,0.458,0.04,1,3,90,1,2026-08-18T09:50:38.171876+00:00,2026-08-18T09:51:31.234996+00:00
16,238,Estêvão,7,MID,65,0,0,0.0,0.0,0.0,0,1,1,9,0,2026-08-18T09:50:38.171876+00:00,2026-08-18T09:51:31.234996+00:00
16,239,Gittens,7,MID,61,0.7672,1.5087,0.14,0.2408,0.1495,0.0028,1,1,25,0,2026-08-18T09:50:38.171876+00:00,2026-08-18T09:51:31.234996+00:00
16,240,Nkunku,7,MID,59,0,0,0.0,0.0,0.0,0,1,0,0,0,2026-08-18T09:50:38.171876+00:00,2026-08-18T09:51:31.234996+00:00
16,241,Caicedo,7,MID,57,2.51,2.7011,0.48,0.1456,0.458,0.0172,1,0,0,0,2026-08-18T09:50:38.171876+00:00,2026-08-18T09:51:31.234996+00:00
16,244,Lavia,7,MID,49,0.444,1.0116,0.09,0.2002,0.0997,0.0004,1,0,0,0,2026-08-18T09:50:38.171876+00:00,2026-08-18T09:51:31.234996+00:00
16,245,Mudryk,7,MID,49,0,0,0.0,0.0,0.0,0,1,0,0,0,2026-08-18T09:50:38.171876+00:00,2026-08-18T09:51:31.234996+00:00
16,246,Andrey Santos,7,MID,45,1.1048,1.7772,0.28,0.1584,0.2731,0.004,1,1,32,0,2026-08-18T09:50:38.171876+00:00,2026-08-18T09:51:31.234996+00:00
16,247,D.Essugo,7,MID,43,0.4752,0.9937,0.1,0.198,0.1088,0.0,1,0,0,0,2026-08-18T09:50:38.171876+00:00,2026-08-18T09:51:31.234996+00:00
16,248,Paez,7,MID,45,0,0,0.0,0.0,0.0,0,1,0,0,0,2026-08-18T09:50:38.171876+00:00,2026-08-18T09:51:31.234996+00:00
16,249,João Pedro,7,FWD,73,2.3552,2.8469,0.48,0.1456,0.458,0.0268,1,2,80,1,2026-08-18T09:50:38.171876+00:00,2026-08-18T09:51:31.234996+00:00
16,250,Delap,7,FWD,62,1.0556,1.7493,0.28,0.2016,0.2765,0.0056,1,0,0,0,2026-08-18T09:50:38.171876+00:00,2026-08-18T09:51:31.234996+00:00
16,251,N.Jackson,7,FWD,65,0,0,0.0,0.0,0.0,0,1,0,0,0,2026-08-18T09:50:38.171876+00:00,2026-08-18T09:51:31.234996+00:00
16,252,Marc Guiu,7,FWD,42,0.5372,1.1725,0.1,0.198,0.1088,0.002,1,0,0,0,2026-08-18T09:50:38.171876+00:00,2026-08-18T09:51:31.234996+00:00
16,453,Garnacho,7,MID,64,1.438,2.2424,0.28,0.2016,0.2765,0.0132,1,3,64,1,2026-08-18T09:50:38.171876+00:00,2026-08-18T09:51:31.234996+00:00
16,672,Hato,7,DEF,47,0.7028,1.4773,0.18,0.1804,0.1818,0.0012,1,0,0,0,2026-08-18T09:50:38.171876+00:00,2026-08-18T09:51:31.234996+00:00
16,743,Emenalo,7,MID,45,0.4856,1.0384,0.1,0.198,0.1088,0.0004,1,0,0,0,2026-08-18T09:50:38.171876+00:00,2026-08-18T09:51:31.234996+00:00
16,789,Merrick,7,GKP,40,0.1784,0.8008,0.04,0.0384,0.0403,0.0,1,,,,2026-08-18T09:50:38.171876+00:00,
16,803,Sharman-Lowe,7,GKP,40,0.2048,0.9055,0.04,0.0384,0.0403,0.0,1,,,,2026-08-18T09:50:38.171876+00:00,
16,829,Derry,7,MID,45,0.4728,0.9617,0.1,0.198,0.1088,0.0,1,,,,2026-08-18T09:50:38.171876+00:00,
16,833,Eboué,7,MID,45,0.5096,1.0131,0.1,0.198,0.1088,0.0004,1,,,,2026-08-18T09:50:38.171876+00:00,
16,834,Kavuma-McQueen,7,MID,45,0.4532,0.899,0.1,0.198,0.1088,0.0,1,,,,2026-08-18T09:50:38.171876+00:00,
16,840,Mheuka,7,FWD,45,0.4932,1.0056,0.1,0.198,0.1088,0.0,1,,,,2026-08-18T09:50:38.171876+00:00,
16,253,Henderson,8,GKP,51,3.092,2.2147,0.9,0.008,0.8376,0.0,1,1,90,1,2026-08-18T09:50:38.171876+00:00,2026-08-18T09:51:31.234996+00:00
16,254,Benitez,8,GKP,40,0.1468,0.7482,0.04,0.0384,0.0403,0.0,1,0,0,0,2026-08-18T09:50:38.171876+00:00,2026-08-18T09:51:31.234996+00:00
16,255,Matthews,8,GKP,39,0.1896,0.8692,0.04,0.0384,0.0403,0.0,1,0,0,0,2026-08-18T09:50:38.171876+00:00,2026-08-18T09:51:31.234996+00:00
16,256,Muñoz,8,DEF,60,2.2608,2.9837,0.48,0.1456,0.458,0.0276,1,0,0,0,2026-08-18T09:50:38.171876+00:00,2026-08-18T09:51:31.234996+00:00
16,257,Lacroix,8,DEF,51,2.226,2.7985,0.48,0.1144,0.4556,0.0156,1,1,90,1,2026-08-18T09:50:38.171876+00:00,2026-08-18T09:51:31.234996+00:00
16,258,Mitchell,8,DEF,50,1.9432,2.4591,0.48,0.1144,0.4556,0.0064,1,1,90,1,2026-08-18T09:50:38.171876+00:00,2026-08-18T09:51:31.234996+00:00
16,259,Sosa,8,DEF,48,0.53,1.2516,0.09,0.2002,0.0997,0.0008,1,0,0,0,2026-08-18T09:50:38.171876+00:00,2026-08-18T09:51:31.234996+00:00
16,261,Richards,8,DEF,46,0,0,0.0,0.0,0.0,0,1,1,90,1,2026-08-18T09:50:38.171876+00:00,2026-08-18T09:51:31.234996+00:00
16,262,Chadi Riad,8,DEF,40,0.5012,1.184,0.1,0.198,0.1088,0.0004,1,0,0,0,2026-08-18T09:50:38.171876+00:00,2026-08-18T09:51:31.234996+00:00
16,263,Clyne,8,DEF,38,0.6816,1.5901,0.1,0.198,0.1088,0.0016,1,1,76,1,2026-08-18T09:50:38.171876+00:00,2026-08-18T09:51:31.234996+00:00
16,264,Holding,8,DEF,40,0,0,0.0,0.0,0.0,0,1,0,0,0,2026-08-18T09:50:38.171876+00:00,2026-08-18T09:51:31.234996+00:00
16,265,Kporha,8,DEF,40,0.5228,1.2259,0.1,0.198,0.1088,0.0004,1,0,0,0,2026-08-18T09:50:38.171876+00:00,2026-08-18T09:51:31.234996+00:00
16,267,Sarr,8,MID,64,2.256,2.8239,0.48,0.1456,0.458,0.0228,1,2,90,1,2026-08-18T09:50:38.171876+00:00,2026-08-18T09:51:31.234996+00:00
16,268,Doucouré,8,MID,49,0,0,0.0,0.0,0.0,0,1,0,0,0,2026-08-18T09:50:38.171876+00:00,2026-08-18T09:51:31.234996+00:00
16,269,Esse,8,MID,47,0,0,0.0,0.0,0.0,0,1,0,0,0,2026-08-18T09:50:38.171876+00:00,2026-08-18T09:51:31.234996+00:00
16,270,Hughes,8,MID,47,0.856,1.4123,0.28,0.1584,0.2731,0.0012,1,1,23,0,2026-08-18T09:50:38.171876+00:00,2026-08-18T09:51:31.234996+00:00
16,271,Kamada,8,MID,50,1.8076,2.1669,0.48,0.1144,0.4556,0.01,1,1,66,1,2026-08-18T09:50:38.171876+00:00,2026-08-18T09:51:31.234996+00:00
16,272,Lerma,8,MID,49,1.1188,1.8088,0.28,0.1584,0.2731,0.0032,1,0,0,0,2026-08-18T09:50:38.171876+00:00,2026-08-18T09:51:31.234996+00:00
16,273,Wharton,8,MID,50,1.966,2.3132,0.48,0.1144,0.4556,0.0092,1,4,90,1,2026-08-18T09:50:38.171876+00:00,2026-08-18T09:51:31.234996+00:00
16,274,Agbinone,8,MID,43,0.4908,1.0087,0.1,0.198,0.1088,0.0,1,0,0,0,2026-08-18T09:50:38.171876+00:00,2026-08-18T09:51:31.234996+00:00
16,275,Ahamada,8,MID,43,0,0,0.0,0.0,0.0,0,1,0,0,0,2026-08-18T09:50:38.171876+00:00,2026-08-18T09:51:31.234996+00:00
16,276,Devenny,8,MID,43,0.5364,1.1766,0.1,0.198,0.1088,0.002,1,0,0,0,2026-08-18T09:50:38.171876+00:00,2026-08-18T09:51:31.234996+00:00
16,277,Ebiowei,8,MID,45,0,0,0.0,0.0,0.0,0,1,0,0,0,2026-08-18T09:50:38.171876+00:00,2026-08-18T09:51:31.234996+00:00
16,278,J.Rak-Sakyi,8,MID,44,0,0,0.0,0.0,0.0,0,1,0,0,0,2026-08-18T09:50:38.171876+00:00,2026-08-18T09:51:31.234996+00:00
16,279,M.França,8,MID,45,0,0,0.0,0.0,0.0,0,1,0,0,0,2026-08-18T09:50:38.171876+00:00,2026-08-18T09:51:31.234996+00:00
16,280,Ozoh,8,MID,45,0,0,0.0,0.0,0.0,0,1,0,0,0,2026-08-18T09:50:38.171876+00:00,2026-08-18T09:51:31.234996+00:00
16,281,Rodney,8,MID,44,0.4716,0.981,0.1,0.198,0.1088,0.0004,1,0,0,0,2026-08-18T09:50:38.171876+00:00,2026-08-18T09:51:31.234996+00:00
16,282,Umeh,8,MID,45,0,0,0.0,0.0,0.0,0,1,0,0,0,2026-08-18T09:50:38.171876+00:00,2026-08-18T09:51:31.234996+00:00
16,283,Mateta,8,FWD,79,2.5744,3.3037,0.48,0.1456,0.458,0.0536,1,2,62,1,2026-08-18T09:50:38.171876+00:00,2026-08-18T09:51:31.234996+00:00
16,284,Nketiah,8,FWD,54,0,0,0.0,0.0,0.0,0,1,1,27,0,2026-08-18T09:50:38.171876+00:00,2026-08-18T09:51:31.234996+00:00
16,285,Édouard,8,FWD,50,0,0,0.0,0.0,0.0,0,1,0,0,0,2026-08-18T09:50:38.171876+00:00,2026-08-18T09:51:31.234996+00:00
16,286,Marsh,8,FWD,45,0.4652,0.9463,0.1,0.198,0.1088,0.0008,1,0,0,0,2026-08-18T09:50:38.171876+00:00,2026-08-18T09:51:31.234996+00:00
16,580,Johnson,8,MID,65,1.25,2.0206,0.28,0.2016,0.2765,0.0056,1,1,10,0,2026-08-18T09:50:38.171876+00:00,2026-08-18T09:51:31.234996+00:00
16,654,Strand Larsen,8,FWD,62,1.4592,1.716,0.48,0.1456,0.458,0.0024,1,2,68,1,2026-08-18T09:50:38.171876+00:00,2026-08-18T09:51:31.234996+00:00
16,677,Guessand,8,MID,62,1.154,1.8204,0.28,0.2016,0.2765,0.0044,1,0,0,0,2026-08-18T09:50:38.171876+00:00,2026-08-18T09:51:31.234996+00:00
16,690,Cardines,8,MID,44,0.4704,0.9591,0.1,0.198,0.1088,0.0,1,0,0,0,2026-08-18T09:50:38.171876+00:00,2026-08-18T09:51:31.234996+00:00
16,712,Yeremy,8,MID,58,1.8972,2.4211,0.48,0.1456,0.458,0.0172,1,2,90,1,2026-08-18T09:50:38.171876+00:00,2026-08-18T09:51:31.234996+00:00
16,723,Canvot,8,DEF,45,0.7088,1.7096,0.1,0.198,0.1088,0.0028,1,0,0,0,2026-08-18T09:50:38.171876+00:00,2026-08-18T09:51:31.234996+00:00
16,732,Uche,8,FWD,55,1.4804,1.8039,0.45,0.154,0.4308,0.0032,1,1,13,0,2026-08-18T09:50:38.171876+00:00,2026-08-18T09:51:31.234996+00:00
16,762,Drakes-Thomas,8,MID,45,0.4572,0.9456,0.1,0.198,0.1088,0.0,1,,,,2026-08-18T09:50:38.171876+00:00,
16,773,Benamar,8,DEF,40,0.4976,1.1632,0.1,0.198,0.1088,0.0,1,,,,2026-08-18T09:50:38.171876+00:00,
16,780,Casey,8,FWD,45,0.4356,0.8961,0.1,0.198,0.1088,0.0,1,,,,2026-08-18T09:50:38.171876+00:00,
16,793,King,8,DEF,40,0.4836,1.1949,0.1,0.198,0.1088,0.0012,1,,,,2026-08-18T09:50:38.171876+00:00,
16,798,Imray,8,DEF,40,0,0,0.0,0.0,0.0,0,1,,,,2026-08-18T09:50:38.171876+00:00,
16,242,Dewsbury-Hall,9,MID,51,1.8224,2.2839,0.48,0.1144,0.4556,0.0072,1,1,15,0,2026-08-18T09:50:38.171876+00:00,2026-08-18T09:51:31.234996+00:00
16,243,George,9,MID,48,0.6384,1.1663,0.18,0.1804,0.1818,0.0012,1,0,0,0,2026-08-18T09:50:38.171876+00:00,2026-08-18T09:51:31.234996+00:00
16,287,Pickford,9,GKP,55,3.1568,2.1363,0.9,0.008,0.8376,0.0016,1,2,90,1,2026-08-18T09:50:38.171876+00:00,2026-08-18T09:51:31.234996+00:00
16,288,Travers,9,GKP,43,0.1988,0.8553,0.04,0.0384,0.0403,0.0004,1,0,0,0,2026-08-18T09:50:38.171876+00:00,2026-08-18T09:51:31.234996+00:00
16,289,Tyrer,9,GKP,39,0,0,0.0,0.0,0.0,0,1,0,0,0,2026-08-18T09:50:38.171876+00:00,2026-08-18T09:51:31.234996+00:00
16,290,Branthwaite,9,DEF,53,0,0,0.0,0.0,0.0,0,1,0,0,0,2026-08-18T09:50:38.171876+00:00,2026-08-18T09:51:31.234996+00:00
16,291,Tarkowski,9,DEF,55,2.1872,2.5981,0.48,0.1456,0.458,0.0112,1,1,90,1,2026-08-18T09:50:38.171876+00:00,2026-08-18T09:51:31.234996+00:00
16,292,Mykolenko,9,DEF,49,1.5648,2.0937,0.48,0.1144,0.4556,0.0028,1,1,90,1,2026-08-18T09:50:38.171876+00:00,2026-08-18T09:51:31.234996+00:00
16,293,O'Brien,9,DEF,49,1.556,2.1605,0.48,0.1144,0.4556,0.0068,1,1,90,1,2026-08-18T09:50:38.171876+00:00,2026-08-18T09:51:31.234996+00:00
16,294,Coleman,9,DEF,43,0.4924,1.1934,0.1,0.198,0.1088,0.0004,1,0,0,0,2026-08-18T09:50:38.171876+00:00,2026-08-18T09:51:31.234996+00:00
16,295,Keane,9,DEF,46,2.2032,2.8115,0.48,0.1144,0.4556,0.014,1,1,90,1,2026-08-18T09:50:38.171876+00:00,2026-08-18T09:51:31.234996+00:00
16,296,Patterson,9,DEF,44,0.6972,1.404,0.22,0.1716,0.2183,0.0008,1,0,0,0,2026-08-18T09:50:38.171876+00:00,2026-08-18T09:51:31.234996+00:00
16,297,Dixon,9,DEF,38,0,0,0.0,0.0,0.0,0,1,0,0,0,2026-08-18T09:50:38.171876+00:00,2026-08-18T09:51:31.234996+00:00
16,298,Welch,9,DEF,38,0.5008,1.1511,0.1,0.198,0.1088,0.0,1,0,0,0,2026-08-18T09:50:38.171876+00:00,2026-08-18T09:51:31.234996+00:00
16,299,Ndiaye,9,MID,64,2.21,2.6419,0.48,0.1456,0.458,0.0232,1,2,90,1,2026-08-18T09:50:38.171876+00:00,2026-08-18T09:51:31.234996+00:00
16,300,McNeil,9,MID,55,1.8412,2.1506,0.45,0.154,0.4308,0.0088,1,0,0,0,2026-08-18T09:50:38.171876+00:00,2026-08-18T09:51:31.234996+00:00
16,301,Alcaraz,9,MID,52,0.9412,1.5151,0.28,0.1584,0.2731,0.0008,1,2,74,1,2026-08-18T09:50:38.171876+00:00,2026-08-18T09:51:31.234996+00:00
16,302,Gana,9,MID,54,1.0068,1.6395,0.24,0.1672,0.2366,0.0008,1,4,90,1,2026-08-18T09:50:38.171876+00:00,2026-08-18T09:51:31.234996+00:00
16,303,Garner,9,MID,50,1.7696,2.1576,0.48,0.1144,0.4556,0.0036,1,4,83,1,2026-08-18T09:50:38.171876+00:00,2026-08-18T09:51:31.234996+00:00
16,304,Iroegbunam,9,MID,48,0.9548,1.5664,0.28,0.1584,0.2731,0.002,1,1,6,0,2026-08-18T09:50:38.171876+00:00,2026-08-18T09:51:31.234996+00:00
16,305,Armstrong,9,MID,45,0.4388,0.9144,0.1,0.198,0.1088,0.0,1,0,0,0,2026-08-18T09:50:38.171876+00:00,2026-08-18T09:51:31.234996+00:00
16,306,Bates,9,MID,44,0.4788,1.007,0.1,0.198,0.1088,0.0012,1,0,0,0,2026-08-18T09:50:38.171876+00:00,2026-08-18T09:51:31.234996+00:00
16,307,Ebere,9,MID,44,0.4596,0.9234,0.1,0.198,0.1088,0.0,1,0,0,0,2026-08-18T09:50:38.171876+00:00,2026-08-18T09:51:31.234996+00:00
16,308,Heath,9,MID,45,0,0,0.0,0.0,0.0,0,1,0,0,0,2026-08-18T09:50:38.171876+00:00,2026-08-18T09:51:31.234996+00:00
16,309,Metcalfe,9,MID,45,0,0,0.0,0.0,0.0,0,1,0,0,0,2026-08-18T09:50:38.171876+00:00,2026-08-18T09:51:31.234996+00:00
16,310,Barry,9,FWD,57,1.4628,1.8261,0.48,0.1456,0.458,0.0072,1,2,67,1,2026-08-18T09:50:38.171876+00:00,2026-08-18T09:51:31.234996+00:00
16,311,Beto,9,FWD,50,0.9676,1.6039,0.28,0.1584,0.2731,0.004,1,1,22,0,2026-08-18T09:50:38.171876+00:00,2026-08-18T09:51:31.234996+00:00
16,312,Y.Chermiti,9,FWD,49,0,0,0.0,0.0,0.0,0,1,0,0,0,2026-08-18T09:50:38.171876+00:00,2026-08-18T09:51:31.234996+00:00
16,313,Sherif,9,FWD,44,0,0,0.0,0.0,0.0,0,1,0,0,0,2026-08-18T09:50:38.171876+00:00,2026-08-18T09:51:31.234996+00:00
16,419,Grealish,9,MID,66,0,0,0.0,0.0,0.0,0,1,2,83,1,2026-08-18T09:50:38.171876+00:00,2026-08-18T09:51:31.234996+00:00
16,630,King,9,GKP,39,0.15,0.7137,0.04,0.0384,0.0403,0.0,1,0,0,0,2026-08-18T09:50:38.171876+00:00,2026-08-18T09:51:31.234996+00:00
16,667,Aznou,9,DEF,43,0.4692,1.1034,0.1,0.198,0.1088,0.0,1,0,0,0,2026-08-18T09:50:38.171876+00:00,2026-08-18T09:51:31.234996+00:00
16,704,Onyango,9,MID,45,0,0,0.0,0.0,0.0,0,1,0,0,0,2026-08-18T09:50:38.171876+00:00,2026-08-18T09:51:31.234996+00:00
16,705,Campbell,9,DEF,39,0,0,0.0,0.0,0.0,0,1,0,0,0,2026-08-18T09:50:38.171876+00:00,2026-08-18T09:51:31.234996+00:00
16,707,Dibling,9,MID,53,0.7864,1.4806,0.18,0.1804,0.1818,0.0008,1,1,6,0,2026-08-18T09:50:38.171876+00:00,2026-08-18T09:51:31.234996+00:00
16,728,Röhl,9,MID,50,0.9456,1.7417,0.18,0.1804,0.1818,0.0036,1,0,0,0,2026-08-18T09:50:38.171876+00:00,2026-08-18T09:51:31.234996+00:00
16,779,Graham,9,FWD,45,0.4468,0.8622,0.1,0.198,0.1088,0.0,1,,,,2026-08-18T09:50:38.171876+00:00,
16,314,Leno,10,GKP,49,2.6972,2.1179,0.9,0.008,0.8376,0.0,1,3,90,1,2026-08-18T09:50:38.171876+00:00,2026-08-18T09:51:31.234996+00:00
16,315,Benda,10,GKP,40,0,0,0.0,0.0,0.0,0,1,0,0,0,2026-08-18T09:50:38.171876+00:00,2026-08-18T09:51:31.234996+00:00
16,316,Robinson,10,DEF,49,0.6232,1.3079,0.18,0.1804,0.1818,0.0004,1,3,90,1,2026-08-18T09:50:38.171876+00:00,2026-08-18T09:51:31.234996+00:00
16,317,Andersen,10,DEF,46,0,0,0.0,0.0,0.0,0,1,2,90,1,2026-08-18T09:50:38.171876+00:00,2026-08-18T09:51:31.234996+00:00
16,318,Bassey,10,DEF,45,0.9192,1.7149,0.22,0.1716,0.2183,0.0008,1,9,90,1,2026-08-18T09:50:38.171876+00:00,2026-08-18T09:51:31.234996+00:00
16,319,Castagne,10,DEF,43,0.8428,1.6483,0.22,0.1716,0.2183,0.0028,1,1,1,0,2026-08-18T09:50:38.171876+00:00,2026-08-18T09:51:31.234996+00:00
16,320,Diop,10,DEF,43,0.504,1.1724,0.1,0.198,0.1088,0.0004,1,0,0,0,2026-08-18T09:50:38.171876+00:00,2026-08-18T09:51:31.234996+00:00
16,321,J.Cuenca,10,DEF,43,0.5568,1.3228,0.1,0.198,0.1088,0.0004,1,0,0,0,2026-08-18T09:50:38.171876+00:00,2026-08-18T09:51:31.234996+00:00
16,322,Tete,10,DEF,45,0.9288,1.7965,0.22,0.1716,0.2183,0.0036,1,2,90,1,2026-08-18T09:50:38.171876+00:00,2026-08-18T09:51:31.234996+00:00
16,323,Amissah,10,DEF,38,0.4644,1.085,0.1,0.198,0.1088,0.0,1,0,0,0,2026-08-18T09:50:38.171876+00:00,2026-08-18T09:51:31.234996+00:00
16,324,Iwobi,10,MID,64,1.7044,1.9447,0.48,0.1456,0.458,0.0044,1,2,78,1,2026-08-18T09:50:38.171876+00:00,2026-08-18T09:51:31.234996+00:00
16,325,Smith Rowe,10,MID,56,1.0852,1.7564,0.28,0.2016,0.2765,0.006,1,8,88,1,2026-08-18T09:50:38.171876+00:00,2026-08-18T09:51:31.234996+00:00
16,327,Andreas,10,MID,53,0,0,0.0,0.0,0.0,0,1,0,0,0,2026-08-18T09:50:38.171876+00:00,2026-08-18T09:51:31.234996+00:00
16,328,Sessegnon,10,MID,54,1.9088,2.1552,0.48,0.1144,0.4556,0.0068,1,0,0,0,2026-08-18T09:50:38.171876+00:00,2026-08-18T09:51:31.234996+00:00
16,329,Wilson,10,MID,54,1.7848,2.2335,0.48,0.1144,0.4556,0.0084,1,16,88,1,2026-08-18T09:50:38.171876+00:00,2026-08-18T09:51:31.234996+00:00
16,330,Berge,10,MID,49,1.3928,1.5542,0.48,0.1144,0.4556,0.0016,1,2,90,1,2026-08-18T09:50:38.171876+00:00,2026-08-18T09:51:31.234996+00:00
16,331,Cairney,10,MID,48,0.6288,1.1173,0.18,0.1804,0.1818,0.0,1,0,0,0,2026-08-18T09:50:38.171876+00:00,2026-08-18T09:51:31.234996+00:00
16,332,Lukić,10,MID,50,1.6952,2.1343,0.48,0.1144,0.4556,0.0084,1,1,11,0,2026-08-18T09:50:38.171876+00:00,2026-08-18T09:51:31.234996+00:00
16,333,Godo,10,MID,45,0,0,0.0,0.0,0.0,0,1,0,0,0,2026-08-18T09:50:38.171876+00:00,2026-08-18T09:51:31.234996+00:00
16,334,Harris,10,MID,45,0,0,0.0,0.0,0.0,0,1,0,0,0,2026-08-18T09:50:38.171876+00:00,2026-08-18T09:51:31.234996+00:00
16,335,King,10,MID,45,1.326,1.5857,0.48,0.1144,0.4556,0.0016,1,1,11,0,2026-08-18T09:50:38.171876+00:00,2026-08-18T09:51:31.234996+00:00
16,336,Reed,10,MID,43,1.0384,1.6785,0.1,0.198,0.1088,0.0,1,0,0,0,2026-08-18T09:50:38.171876+00:00,2026-08-18T09:51:31.234996+00:00
16,337,Raúl,10,FWD,63,1.5808,1.9906,0.48,0.1456,0.458,0.0072,1,2,78,1,2026-08-18T09:50:38.171876+00:00,2026-08-18T09:51:31.234996+00:00
16,338,Muniz,10,FWD,54,0.8824,1.3855,0.28,0.1584,0.2731,0.002,1,0,0,0,2026-08-18T09:50:38.171876+00:00,2026-08-18T09:51:31.234996+00:00
16,424,Bobb,10,MID,52,0.9572,1.5457,0.28,0.1584,0.2731,0.002,1,0,0,0,2026-08-18T09:50:38.171876+00:00,2026-08-18T09:51:31.234996+00:00
16,664,Lecomte,10,GKP,39,0.1652,0.7231,0.04,0.0384,0.0403,0.0,1,0,0,0,2026-08-18T09:50:38.171876+00:00,2026-08-18T09:51:31.234996+00:00
16,727,Chukwueze,10,MID,53,1.0744,1.7701,0.28,0.1584,0.2731,0.0044,1,5,90,1,2026-08-18T09:50:38.171876+00:00,2026-08-18T09:51:31.234996+00:00
16,731,Kevin,10,MID,58,1.0972,1.6556,0.28,0.2016,0.2765,0.0028,1,0,0,0,2026-08-18T09:50:38.171876+00:00,2026-08-18T09:51:31.234996+00:00
16,737,Kusi-Asare,10,FWD,45,0,0,0.0,0.0,0.0,0,1,0,0,0,2026-08-18T09:50:38.171876+00:00,2026-08-18T09:51:31.234996+00:00
16,770,Ridgeon,10,MID,45,0.4596,0.9444,0.1,0.198,0.1088,0.0004,1,,,,2026-08-18T09:50:38.171876+00:00,
16,786,McNally,10,GKP,40,0.1592,0.7561,0.04,0.0384,0.0403,0.0,1,,,,2026-08-18T09:50:38.171876+00:00,
16,168,Buonanotte,11,MID,46,0.6164,1.0572,0.18,0.1804,0.1818,0.0,1,0,0,0,2026-08-18T09:50:38.171876+00:00,2026-08-18T09:51:31.234996+00:00
16,339,Meslier,11,GKP,42,0.1696,0.7743,0.04,0.0384,0.0403,0.0,1,0,0,0,2026-08-18T09:50:38.171876+00:00,2026-08-18T09:51:31.234996+00:00
16,340,Cairns,11,GKP,39,0.1504,0.677,0.04,0.0384,0.0403,0.0,1,0,0,0,2026-08-18T09:50:38.171876+00:00,2026-08-18T09:51:31.234996+00:00
16,341,Darlow,11,GKP,39,0.1932,0.8477,0.04,0.0384,0.0403,0.0,1,0,0,0,2026-08-18T09:50:38.171876+00:00,2026-08-18T09:51:31.234996+00:00
16,342,Bogle,11,DEF,44,0.7472,1.473,0.22,0.1716,0.2183,0.0016,1,2,90,1,2026-08-18T09:50:38.171876+00:00,2026-08-18T09:51:31.234996+00:00
16,343,Struijk,11,DEF,43,0.9048,1.8279,0.22,0.1716,0.2183,0.0056,1,4,90,1,2026-08-18T09:50:38.171876+00:00,2026-08-18T09:51:31.234996+00:00
16,344,Bijol,11,DEF,39,0.9936,1.8499,0.22,0.1716,0.2183,0.0032,1,2,72,1,2026-08-18T09:50:38.171876+00:00,2026-08-18T09:51:31.234996+00:00
16,345,Bornauw,11,DEF,38,0.4596,1.0987,0.1,0.198,0.1088,0.0012,1,0,0,0,2026-08-18T09:50:38.171876+00:00,2026-08-18T09:51:31.234996+00:00
16,346,Byram,11,DEF,38,0.48,1.1408,0.1,0.198,0.1088,0.0008,1,0,0,0,2026-08-18T09:50:38.171876+00:00,2026-08-18T09:51:31.234996+00:00
16,347,Gudmundsson,11,DEF,39,0,0,0.0,0.0,0.0,0,1,2,88,1,2026-08-18T09:50:38.171876+00:00,2026-08-18T09:51:31.234996+00:00
16,348,Rodon,11,DEF,41,0.9804,1.8268,0.22,0.1716,0.2183,0.0028,1,2,90,1,2026-08-18T09:50:38.171876+00:00,2026-08-18T09:51:31.234996+00:00
16,349,Schmidt,11,DEF,40,0,0,0.0,0.0,0.0,0,1,0,0,0,2026-08-18T09:50:38.171876+00:00,2026-08-18T09:51:31.234996+00:00
16,350,Aaronson,11,MID,54,1.9192,2.2972,0.48,0.1144,0.4556,0.0108,1,1,17,0,2026-08-18T09:50:38.171876+00:00,2026-08-18T09:51:31.234996+00:00
16,351,Gnonto,11,MID,52,0.9184,1.459,0.28,0.1584,0.2731,0.0016,1,4,17,0,2026-08-18T09:50:38.171876+00:00,2026-08-18T09:51:31.234996+00:00
16,352,Harrison,11,MID,51,0,0,0.0,0.0,0.0,0,1,1,1,0,2026-08-18T09:50:38.171876+00:00,2026-08-18T09:51:31.234996+00:00
16,353,James,11,MID,53,0.9584,1.5644,0.28,0.1584,0.2731,0.0024,1,0,0,0,2026-08-18T09:50:38.171876+00:00,2026-08-18T09:51:31.234996+00:00
16,354,Ampadu,11,MID,49,1.5964,1.8748,0.48,0.1144,0.4556,0.002,1,2,90,1,2026-08-18T09:50:38.171876+00:00,2026-08-18T09:51:31.234996+00:00
16,355,Greenwood,11,MID,49,0,0,0.0,0.0,0.0,0,1,0,0,0,2026-08-18T09:50:38.171876+00:00,2026-08-18T09:51:31.234996+00:00
16,356,Gruev,11,MID,47,0,0,0.0,0.0,0.0,0,1,0,0,0,2026-08-18T09:50:38.171876+00:00,2026-08-18T09:51:31.234996+00:00
16,357,Ramazani,11,MID,49,0,0,0.0,0.0,0.0,0,1,0,0,0,2026-08-18T09:50:38.171876+00:00,2026-08-18T09:51:31.234996+00:00
16,358,Tanaka,11,MID,48,1.1372,1.7384,0.28,0.1584,0.2731,0.002,1,2,72,1,2026-08-18T09:50:38.171876+00:00,2026-08-18T09:51:31.234996+00:00
16,359,Crew,11,MID,45,0,0,0.0,0.0,0.0,0,1,0,0,0,2026-08-18T09:50:38.171876+00:00,2026-08-18T09:51:31.234996+00:00
16,360,Gelhardt,11,MID,45,0,0,0.0,0.0,0.0,0,1,0,0,0,2026-08-18T09:50:38.171876+00:00,2026-08-18T09:51:31.234996+00:00
16,361,Gyabi,11,MID,45,0,0,0.0,0.0,0.0,0,1,0,0,0,2026-08-18T09:50:38.171876+00:00,2026-08-18T09:51:31.234996+00:00
16,362,Piroe,11,FWD,50,0.656,1.1661,0.18,0.1804,0.1818,0.0008,1,0,0,0,2026-08-18T09:50:38.171876+00:00,2026-08-18T09:51:31.234996+00:00
16,363,Bamford,11,FWD,49,0,0,0.0,0.0,0.0,0,1,0,0,0,2026-08-18T09:50:38.171876+00:00,2026-08-18T09:51:31.234996+00:00
16,364,Mateo Joseph,11,FWD,50,0,0,0.0,0.0,0.0,0,1,0,0,0,2026-08-18T09:50:38.171876+00:00,2026-08-18T09:51:31.234996+00:00
16,365,Nmecha,11,FWD,50,1.342,2.1668,0.28,0.1584,0.2731,0.0104,1,0,0,0,2026-08-18T09:50:38.171876+00:00,2026-08-18T09:51:31.234996+00:00
16,493,Longstaff,11,MID,49,1.9164,2.1375,0.48,0.1144,0.4556,0.0056,1,0,0,0,2026-08-18T09:50:38.171876+00:00,2026-08-18T09:51:31.234996+00:00
16,660,Stach,11,MID,48,0,0,0.0,0.0,0.0,0,1,2,90,1,2026-08-18T09:50:38.171876+00:00,2026-08-18T09:51:31.234996+00:00
16,665,Perri,11,GKP,45,2.612,2.0361,0.88,0.0048,0.8188,0.0004,1,2,90,1,2026-08-18T09:50:38.171876+00:00,2026-08-18T09:51:31.234996+00:00
16,691,Calvert-Lewin,11,FWD,56,2.0508,2.383,0.48,0.1456,0.458,0.0136,1,9,90,1,2026-08-18T09:50:38.171876+00:00,2026-08-18T09:51:31.234996+00:00
16,698,Okafor,11,MID,55,0,0,0.0,0.0,0.0,0,1,2,90,1,2026-08-18T09:50:38.171876+00:00,2026-08-18T09:51:31.234996+00:00
16,706,Justin,11,DEF,39,0.5176,1.2557,0.1,0.198,0.1088,0.0004,1,1,1,0,2026-08-18T09:50:38.171876+00:00,2026-08-18T09:51:31.234996+00:00
16,741,Gray,11,FWD,45,0,0,0.0,0.0,0.0,0,1,0,0,0,2026-08-18T09:50:38.171876+00:00,2026-08-18T09:51:31.234996+00:00
16,787,Chambers,11,MID,44,0.4364,0.8858,0.1,0.198,0.1088,0.0,1,,,,2026-08-18T09:50:38.171876+00:00,
16,837,Lienou,11,DEF,40,0.4776,1.1036,0.1,0.198,0.1088,0.0004,1,,,,2026-08-18T09:50:38.171876+00:00,
16,838,Chadwick,11,MID,45,0.4768,0.9885,0.1,0.198,0.1088,0.0004,1,,,,2026-08-18T09:50:38.171876+00:00,
16,839,Cresswell,11,MID,45,0.4792,1.0093,0.1,0.198,0.1088,0.0004,1,,,,2026-08-18T09:50:38.171876+00:00,
16,366,A.Becker,12,GKP,54,3.0988,2.1956,0.9,0.008,0.8376,0.0004,1,7,90,1,2026-08-18T09:50:38.171876+00:00,2026-08-18T09:51:31.234996+00:00
16,367,Mamardashvili,12,GKP,43,0.1908,0.8363,0.04,0.0384,0.0403,0.0,1,0,0,0,2026-08-18T09:50:38.171876+00:00,2026-08-18T09:51:31.234996+00:00
16,368,Pécsi,12,GKP,39,0.1504,0.7746,0.04,0.0384,0.0403,0.0,1,0,0,0,2026-08-18T09:50:38.171876+00:00,2026-08-18T09:51:31.234996+00:00
16,369,Woodman,12,GKP,39,0.1888,0.8569,0.04,0.0384,0.0403,0.0004,1,0,0,0,2026-08-18T09:50:38.171876+00:00,2026-08-18T09:51:31.234996+00:00
16,370,Frimpong,12,DEF,57,1.818,2.4047,0.45,0.154,0.4308,0.0072,1,0,0,0,2026-08-18T09:50:38.171876+00:00,2026-08-18T09:51:31.234996+00:00
16,371,Kerkez,12,DEF,56,1.7164,2.4462,0.48,0.1456,0.458,0.0124,1,7,90,1,2026-08-18T09:50:38.171876+00:00,2026-08-18T09:51:31.234996+00:00
16,372,Robertson,12,DEF,58,1.2172,2.1188,0.28,0.2016,0.2765,0.0088,1,1,12,0,2026-08-18T09:50:38.171876+00:00,2026-08-18T09:51:31.234996+00:00
16,373,Virgil,12,DEF,59,2.4204,2.8791,0.48,0.1456,0.458,0.0188,1,6,90,1,2026-08-18T09:50:38.171876+00:00,2026-08-18T09:51:31.234996+00:00
16,374,Konaté,12,DEF,54,2.168,2.7948,0.48,0.1144,0.4556,0.0156,1,9,90,1,2026-08-18T09:50:38.171876+00:00,2026-08-18T09:51:31.234996+00:00
16,375,Bradley,12,DEF,50,0,0,0.0,0.0,0.0,0,1,0,0,0,2026-08-18T09:50:38.171876+00:00,2026-08-18T09:51:31.234996+00:00
16,376,Gomez,12,DEF,49,0.82,1.7249,0.18,0.1804,0.1818,0.0044,1,4,25,0,2026-08-18T09:50:38.171876+00:00,2026-08-18T09:51:31.234996+00:00
16,377,Tsimikas,12,DEF,48,0,0,0.0,0.0,0.0,0,1,0,0,0,2026-08-18T09:50:38.171876+00:00,2026-08-18T09:51:31.234996+00:00
16,378,Nallo,12,DEF,38,0.5836,1.3587,0.1,0.198,0.1088,0.0008,1,0,0,0,2026-08-18T09:50:38.171876+00:00,2026-08-18T09:51:31.234996+00:00
16,379,R.Williams,12,DEF,38,0.4912,1.2516,0.1,0.198,0.1088,0.0012,1,0,0,0,2026-08-18T09:50:38.171876+00:00,2026-08-18T09:51:31.234996+00:00
16,380,Ramsay,12,DEF,38,0.504,1.1907,0.1,0.198,0.1088,0.0004,1,0,0,0,2026-08-18T09:50:38.171876+00:00,2026-08-18T09:51:31.234996+00:00
16,381,M.Salah,12,MID,140,2.7748,3.4452,0.48,0.1456,0.458,0.0548,1,7,64,1,2026-08-18T09:50:38.171876+00:00,2026-08-18T09:51:31.234996+00:00
16,382,Wirtz,12,MID,80,2.1184,2.5918,0.48,0.1456,0.458,0.016,1,5,77,1,2026-08-18T09:50:38.171876+00:00,2026-08-18T09:51:31.234996+00:00
16,383,Luis Díaz,12,MID,80,0,0,0.0,0.0,0.0,0,1,0,0,0,2026-08-18T09:50:38.171876+00:00,2026-08-18T09:51:31.234996+00:00
16,384,Gakpo,12,MID,74,2.3376,3.0641,0.48,0.1456,0.458,0.0348,1,0,0,0,2026-08-18T09:50:38.171876+00:00,2026-08-18T09:51:31.234996+00:00
16,385,Chiesa,12,MID,63,1.938,2.5135,0.45,0.154,0.4308,0.016,1,1,7,0,2026-08-18T09:50:38.171876+00:00,2026-08-18T09:51:31.234996+00:00
16,386,Mac Allister,12,MID,62,1.7472,2.1619,0.48,0.1456,0.458,0.0096,1,3,90,1,2026-08-18T09:50:38.171876+00:00,2026-08-18T09:51:31.234996+00:00
16,387,Szoboszlai,12,MID,67,2.2804,2.7291,0.48,0.1456,0.458,0.022,1,3,82,1,2026-08-18T09:50:38.171876+00:00,2026-08-18T09:51:31.234996+00:00
16,388,C.Jones,12,MID,54,1.2088,1.8896,0.28,0.1584,0.2731,0.0032,1,3,90,1,2026-08-18T09:50:38.171876+00:00,2026-08-18T09:51:31.234996+00:00
16,390,Gravenberch,12,MID,56,1.94,2.2682,0.48,0.1456,0.458,0.0096,1,5,90,1,2026-08-18T09:50:38.171876+00:00,2026-08-18T09:51:31.234996+00:00
16,392,Endo,12,MID,49,0.6064,1.3417,0.09,0.2002,0.0997,0.0012,1,0,0,0,2026-08-18T09:50:38.171876+00:00,2026-08-18T09:51:31.234996+00:00
16,393,Bajcetic,12,MID,43,0,0,0.0,0.0,0.0,0,1,0,0,0,2026-08-18T09:50:38.171876+00:00,2026-08-18T09:51:31.234996+00:00
16,394,McConnell,12,MID,44,0,0,0.0,0.0,0.0,0,1,0,0,0,2026-08-18T09:50:38.171876+00:00,2026-08-18T09:51:31.234996+00:00
16,395,Morton,12,MID,45,0,0,0.0,0.0,0.0,0,1,0,0,0,2026-08-18T09:50:38.171876+00:00,2026-08-18T09:51:31.234996+00:00
16,396,Nyoni,12,MID,43,0.5012,0.9883,0.1,0.198,0.1088,0.0,1,0,0,0,2026-08-18T09:50:38.171876+00:00,2026-08-18T09:51:31.234996+00:00
16,397,Darwin,12,FWD,65,0,0,0.0,0.0,0.0,0,1,0,0,0,2026-08-18T09:50:38.171876+00:00,2026-08-18T09:51:31.234996+00:00
16,398,Danns,12,FWD,43,0,0,0.0,0.0,0.0,0,1,0,0,0,2026-08-18T09:50:38.171876+00:00,2026-08-18T09:51:31.234996+00:00
16,499,Isak,12,FWD,104,1.4592,2.4105,0.28,0.2016,0.2765,0.022,1,1,12,0,2026-08-18T09:50:38.171876+00:00,2026-08-18T09:51:31.234996+00:00
16,661,Ekitiké,12,FWD,85,0,0,0.0,0.0,0.0,0,1,13,77,1,2026-08-18T09:50:38.171876+00:00,2026-08-18T09:51:31.234996+00:00
16,686,Ngumoha,12,MID,43,0.4924,1.0804,0.1,0.198,0.1088,0.0008,1,0,0,0,2026-08-18T09:50:38.171876+00:00,2026-08-18T09:51:31.234996+00:00
16,692,Leoni,12,DEF,49,0,0,0.0,0.0,0.0,0,1,0,0,0,2026-08-18T09:50:38.171876+00:00,2026-08-18T09:51:31.234996+00:00
16,746,Morrison,12,MID,45,0.4352,0.9137,0.1,0.198,0.1088,0.0,1,0,0,0,2026-08-18T09:50:38.171876+00:00,2026-08-18T09:51:31.234996+00:00
16,760,Lucky,12,DEF,40,0.5416,1.3339,0.1,0.198,0.1088,0.002,1,0,0,0,2026-08-18T09:50:38.171876+00:00,2026-08-18T09:51:31.234996+00:00
16,830,Wright,12,FWD,45,0.46,0.9529,0.1,0.198,0.1088,0.0008,1,,,,2026-08-18T09:50:38.171876+00:00,
16,832,Ndiaye,12,DEF,40,0.52,1.2364,0.1,0.198,0.1088,0.0012,1,,,,2026-08-18T09:50:38.171876+00:00,
16,82,Semenyo,13,MID,76,2.278,2.8661,0.48,0.1456,0.458,0.0232,1,6,90,1,2026-08-18T09:50:38.171876+00:00,2026-08-18T09:51:31.234996+00:00
16,182,Trafford,13,GKP,46,0.4104,1.2307,0.08,0.0736,0.0803,0.0004,1,0,0,0,2026-08-18T09:50:38.171876+00:00,2026-08-18T09:51:31.234996+00:00
16,260,Guéhi,13,DEF,52,1.966,2.6442,0.48,0.1144,0.4556,0.016,1,1,90,1,2026-08-18T09:50:38.171876+00:00,2026-08-18T09:51:31.234996+00:00
16,399,Ederson M.,13,GKP,53,0,0,0.0,0.0,0.0,0,1,0,0,0,2026-08-18T09:50:38.171876+00:00,2026-08-18T09:51:31.234996+00:00
16,401,Bettinelli,13,GKP,39,0.1432,0.6484,0.04,0.0384,0.0403,0.0,1,0,0,0,2026-08-18T09:50:38.171876+00:00,2026-08-18T09:51:31.234996+00:00
16,402,Aït-Nouri,13,DEF,57,1.232,1.9929,0.28,0.2016,0.2765,0.0036,1,1,1,0,2026-08-18T09:50:38.171876+00:00,2026-08-18T09:51:31.234996+00:00
16,403,Gvardiol,13,DEF,59,1.7592,2.4289,0.48,0.1456,0.458,0.0112,1,8,90,1,2026-08-18T09:50:38.171876+00:00,2026-08-18T09:51:31.234996+00:00
16,404,Akanji,13,DEF,54,0,0,0.0,0.0,0.0,0,1,0,0,0,2026-08-18T09:50:38.171876+00:00,2026-08-18T09:51:31.234996+00:00
16,405,Aké,13,DEF,53,0.6964,1.4709,0.18,0.1804,0.1818,0.0024,1,0,0,0,2026-08-18T09:50:38.171876+00:00,2026-08-18T09:51:31.234996+00:00
16,406,Khusanov,13,DEF,54,1.074,1.8544,0.28,0.1584,0.2731,0.0024,1,0,0,0,2026-08-18T09:50:38.171876+00:00,2026-08-18T09:51:31.234996+00:00
16,407,Matheus N.,13,DEF,53,1.6908,2.2581,0.48,0.1144,0.4556,0.0052,1,11,90,1,2026-08-18T09:50:38.171876+00:00,2026-08-18T09:51:31.234996+00:00
16,408,Rúben,13,DEF,56,1.7028,2.1782,0.48,0.1456,0.458,0.004,1,8,90,1,2026-08-18T09:50:38.171876+00:00,2026-08-18T09:51:31.234996+00:00
16,409,Stones,13,DEF,54,0.9,1.5927,0.28,0.1584,0.2731,0.0004,1,0,0,0,2026-08-18T09:50:38.171876+00:00,2026-08-18T09:51:31.234996+00:00
16,410,Lewis,13,DEF,47,0.7376,1.5675,0.18,0.1804,0.1818,0.0032,1,1,1,0,2026-08-18T09:50:38.171876+00:00,2026-08-18T09:51:31.234996+00:00
16,411,O'Reilly,13,DEF,52,1.8656,2.6915,0.48,0.1144,0.4556,0.022,1,6,90,1,2026-08-18T09:50:38.171876+00:00,2026-08-18T09:51:31.234996+00:00
16,412,Vitor Reis,13,DEF,50,0,0,0.0,0.0,0.0,0,1,0,0,0,2026-08-18T09:50:38.171876+00:00,2026-08-18T09:51:31.234996+00:00
16,413,Marmoush,13,MID,83,2.7264,2.6692,0.72,0.0784,0.6759,0.024,1,1,1,0,2026-08-18T09:50:38.171876+00:00,2026-08-18T09:51:31.234996+00:00
16,414,Foden,13,MID,87,2.4656,2.9411,0.48,0.1456,0.458,0.0296,1,11,90,1,2026-08-18T09:50:38.171876+00:00,2026-08-18T09:51:31.234996+00:00
16,415,Savinho,13,MID,69,1.1444,1.8146,0.28,0.2016,0.2765,0.0048,1,4,5,0,2026-08-18T09:50:38.171876+00:00,2026-08-18T09:51:31.234996+00:00
16,416,Bernardo,13,MID,62,1.4208,1.6819,0.48,0.1456,0.458,0.0024,1,3,90,1,2026-08-18T09:50:38.171876+00:00,2026-08-18T09:51:31.234996+00:00
16,417,Cherki,13,MID,64,1.2,1.9293,0.28,0.2016,0.2765,0.0076,1,6,90,1,2026-08-18T09:50:38.171876+00:00,2026-08-18T09:51:31.234996+00:00
16,418,Doku,13,MID,66,2.136,2.5968,0.48,0.1456,0.458,0.018,1,0,0,0,2026-08-18T09:50:38.171876+00:00,2026-08-18T09:51:31.234996+00:00
16,420,Gündoğan,13,MID,63,0,0,0.0,0.0,0.0,0,1,0,0,0,2026-08-18T09:50:38.171876+00:00,2026-08-18T09:51:31.234996+00:00
16,421,Rodrigo,13,MID,63,1.3396,2.0389,0.28,0.2016,0.2765,0.008,1,0,0,0,2026-08-18T09:50:38.171876+00:00,2026-08-18T09:51:31.234996+00:00
16,422,Kovačić,13,MID,59,1.4676,1.8269,0.45,0.154,0.4308,0.0032,1,0,0,0,2026-08-18T09:50:38.171876+00:00,2026-08-18T09:51:31.234996+00:00
16,423,N.Gonzalez,13,MID,59,1.6792,1.9751,0.48,0.1456,0.458,0.004,1,5,90,1,2026-08-18T09:50:38.171876+00:00,2026-08-18T09:51:31.234996+00:00
16,425,Echeverri,13,MID,54,0,0,0.0,0.0,0.0,0,1,0,0,0,2026-08-18T09:50:38.171876+00:00,2026-08-18T09:51:31.234996+00:00
16,427,Reijnders,13,MID,52,1.6676,2.1258,0.48,0.1144,0.4556,0.0064,1,3,84,1,2026-08-18T09:50:38.171876+00:00,2026-08-18T09:51:31.234996+00:00
16,428,Nypan,13,MID,50,0.6932,1.2379,0.18,0.1804,0.1818,0.0004,1,0,0,0,2026-08-18T09:50:38.171876+00:00,2026-08-18T09:51:31.234996+00:00
16,429,Phillips,13,MID,48,0,0,0.0,0.0,0.0,0,1,0,0,0,2026-08-18T09:50:38.171876+00:00,2026-08-18T09:51:31.234996+00:00
16,430,Haaland,13,FWD,150,3.1836,3.834,0.48,0.1456,0.458,0.0864,1,13,90,1,2026-08-18T09:50:38.171876+00:00,2026-08-18T09:51:31.234996+00:00
16,736,Donnarumma,13,GKP,57,2.242,1.9362,0.9,0.008,0.8376,0.0,1,7,90,1,2026-08-18T09:50:38.171876+00:00,2026-08-18T09:51:31.234996+00:00
16,739,Mukasa,13,MID,44,0,0,0.0,0.0,0.0,0,1,0,0,0,2026-08-18T09:50:38.171876+00:00,2026-08-18T09:51:31.234996+00:00
16,740,Mfuni,13,DEF,40,0,0,0.0,0.0,0.0,0,1,0,0,0,2026-08-18T09:50:38.171876+00:00,2026-08-18T09:51:31.234996+00:00
16,742,McAidoo,13,MID,45,0.422,0.8724,0.1,0.198,0.1088,0.0,1,0,0,0,2026-08-18T09:50:38.171876+00:00,2026-08-18T09:51:31.234996+00:00
16,763,Gray,13,MID,45,0.4608,0.9291,0.1,0.198,0.1088,0.0,1,,,,2026-08-18T09:50:38.171876+00:00,
16,764,Heskey,13,MID,45,0.5224,1.0375,0.1,0.198,0.1088,0.0,1,,,,2026-08-18T09:50:38.171876+00:00,
16,794,Alleyne,13,DEF,39,0.474,1.1158,0.1,0.198,0.1088,0.0004,1,,,,2026-08-18T09:50:38.171876+00:00,
16,119,Mbeumo,14,MID,83,2.7088,3.4245,0.48,0.1456,0.458,0.0504,1,2,90,1,2026-08-18T09:50:38.171876+00:00,2026-08-18T09:51:31.234996+00:00
16,431,Bayindir,14,GKP,48,0.3888,1.2214,0.08,0.0736,0.0803,0.0,1,0,0,0,2026-08-18T09:50:38.171876+00:00,2026-08-18T09:51:31.234996+00:00
16,432,Onana,14,GKP,49,0,0,0.0,0.0,0.0,0,1,0,0,0,2026-08-18T09:50:38.171876+00:00,2026-08-18T09:51:31.234996+00:00
16,433,Harrison,14,GKP,40,0,0,0.0,0.0,0.0,0,1,0,0,0,2026-08-18T09:50:38.171876+00:00,2026-08-18T09:51:31.234996+00:00
16,434,Heaton,14,GKP,39,0.164,0.7646,0.04,0.0384,0.0403,0.0,1,0,0,0,2026-08-18T09:50:38.171876+00:00,2026-08-18T09:51:31.234996+00:00
16,435,Mee,14,GKP,39,0.2,0.8933,0.04,0.0384,0.0403,0.0,1,0,0,0,2026-08-18T09:50:38.171876+00:00,2026-08-18T09:51:31.234996+00:00
16,436,De Ligt,14,DEF,50,0,0,0.0,0.0,0.0,0,1,0,0,0,2026-08-18T09:50:38.171876+00:00,2026-08-18T09:51:31.234996+00:00
16,437,Martinez,14,DEF,48,0.9852,1.9692,0.18,0.1804,0.1818,0.0032,1,1,21,0,2026-08-18T09:50:38.171876+00:00,2026-08-18T09:51:31.234996+00:00
16,438,Mazraoui,14,DEF,49,1.2596,2.1411,0.28,0.1584,0.2731,0.0056,1,0,0,0,2026-08-18T09:50:38.171876+00:00,2026-08-18T09:51:31.234996+00:00
16,439,D.Leon,14,DEF,42,0.5388,1.2947,0.1,0.198,0.1088,0.0012,1,0,0,0,2026-08-18T09:50:38.171876+00:00,2026-08-18T09:51:31.234996+00:00
16,440,Dalot,14,DEF,44,1.0688,1.9751,0.22,0.1716,0.2183,0.0036,1,2,90,1,2026-08-18T09:50:38.171876+00:00,2026-08-18T09:51:31.234996+00:00
16,441,Dorgu,14,DEF,41,0.9192,1.8143,0.22,0.1716,0.2183,0.0048,1,1,1,0,2026-08-18T09:50:38.171876+00:00,2026-08-18T09:51:31.234996+00:00
16,442,Maguire,14,DEF,43,0.8588,1.674,0.22,0.1716,0.2183,0.0032,1,0,0,0,2026-08-18T09:50:38.171876+00:00,2026-08-18T09:51:31.234996+00:00
16,443,Shaw,14,DEF,45,0.924,1.6895,0.22,0.1716,0.2183,0.0012,1,0,90,1,2026-08-18T09:50:38.171876+00:00,2026-08-18T09:51:31.234996+00:00
16,444,Yoro,14,DEF,43,0.9888,1.8692,0.22,0.1716,0.2183,0.0036,1,1,68,1,2026-08-18T09:50:38.171876+00:00,2026-08-18T09:51:31.234996+00:00
16,445,Amass,14,DEF,40,0,0,0.0,0.0,0.0,0,1,0,0,0,2026-08-18T09:50:38.171876+00:00,2026-08-18T09:51:31.234996+00:00
16,446,Fredricson,14,DEF,38,0.506,1.1897,0.1,0.198,0.1088,0.0008,1,0,0,0,2026-08-18T09:50:38.171876+00:00,2026-08-18T09:51:31.234996+00:00
16,447,Heaven,14,DEF,38,0.5652,1.4035,0.1,0.198,0.1088,0.0012,1,2,90,1,2026-08-18T09:50:38.171876+00:00,2026-08-18T09:51:31.234996+00:00
16,448,Malacia,14,DEF,38,0.508,1.2602,0.1,0.198,0.1088,0.0008,1,0,0,0,2026-08-18T09:50:38.171876+00:00,2026-08-18T09:51:31.234996+00:00
16,449,B.Fernandes,14,MID,92,3.4188,4.122,0.48,0.1456,0.458,0.0972,1,13,90,1,2026-08-18T09:50:38.171876+00:00,2026-08-18T09:51:31.234996+00:00
16,450,Cunha,14,MID,79,2.266,2.8265,0.48,0.1456,0.458,0.0276,1,8,90,1,2026-08-18T09:50:38.171876+00:00,2026-08-18T09:51:31.234996+00:00
16,451,Rashford,14,MID,70,0,0,0.0,0.0,0.0,0,1,0,0,0,2026-08-18T09:50:38.171876+00:00,2026-08-18T09:51:31.234996+00:00
16,452,Amad,14,MID,63,2.3312,2.7777,0.48,0.1456,0.458,0.0264,1,7,90,1,2026-08-18T09:50:38.171876+00:00,2026-08-18T09:51:31.234996+00:00
16,454,Antony,14,MID,59,0,0,0.0,0.0,0.0,0,1,0,0,0,2026-08-18T09:50:38.171876+00:00,2026-08-18T09:51:31.234996+00:00
16,455,Mount,14,MID,59,1.3788,2.1206,0.28,0.2016,0.2765,0.008,1,2,68,1,2026-08-18T09:50:38.171876+00:00,2026-08-18T09:51:31.234996+00:00
16,457,Casemiro,14,MID,55,2.2144,2.6643,0.48,0.1456,0.458,0.0236,1,6,60,1,2026-08-18T09:50:38.171876+00:00,2026-08-18T09:51:31.234996+00:00
16,458,Mainoo,14,MID,46,0.716,1.2884,0.18,0.1804,0.1818,0.0,1,1,29,0,2026-08-18T09:50:38.171876+00:00,2026-08-18T09:51:31.234996+00:00
16,459,Ugarte,14,MID,47,1.3204,2.042,0.28,0.1584,0.2731,0.0032,1,0,0,0,2026-08-18T09:50:38.171876+00:00,2026-08-18T09:51:31.234996+00:00
16,460,Collyer,14,MID,45,0,0,0.0,0.0,0.0,0,1,0,0,0,2026-08-18T09:50:38.171876+00:00,2026-08-18T09:51:31.234996+00:00
16,461,Fitzgerald,14,MID,44,0.5008,1.0048,0.1,0.198,0.1088,0.0004,1,0,0,0,2026-08-18T09:50:38.171876+00:00,2026-08-18T09:51:31.234996+00:00
16,462,J.Fletcher,14,MID,43,0.486,1.0453,0.1,0.198,0.1088,0.0012,1,0,0,0,2026-08-18T09:50:38.171876+00:00,2026-08-18T09:51:31.234996+00:00
16,463,Kone,14,MID,43,0,0,0.0,0.0,0.0,0,1,0,0,0,2026-08-18T09:50:38.171876+00:00,2026-08-18T09:51:31.234996+00:00
16,464,Moorhouse,14,MID,45,0,0,0.0,0.0,0.0,0,1,0,0,0,2026-08-18T09:50:38.171876+00:00,2026-08-18T09:51:31.234996+00:00
16,465,Højlund,14,FWD,63,0,0,0.0,0.0,0.0,0,1,0,0,0,2026-08-18T09:50:38.171876+00:00,2026-08-18T09:51:31.234996+00:00
16,466,Zirkzee,14,FWD,58,1.1436,1.7509,0.28,0.2016,0.2765,0.0044,1,1,1,0,2026-08-18T09:50:38.171876+00:00,2026-08-18T09:51:31.234996+00:00
16,467,Obi,14,FWD,42,0.4924,1.0778,0.1,0.198,0.1088,0.0012,1,0,0,0,2026-08-18T09:50:38.171876+00:00,2026-08-18T09:51:31.234996+00:00
16,468,Wheatley,14,FWD,45,0,0,0.0,0.0,0.0,0,1,0,0,0,2026-08-18T09:50:38.171876+00:00,2026-08-18T09:51:31.234996+00:00
16,681,Šeško,14,FWD,72,0.8272,1.6263,0.14,0.2408,0.1495,0.0028,1,4,21,0,2026-08-18T09:50:38.171876+00:00,2026-08-18T09:51:31.234996+00:00
16,733,Lammens,14,GKP,51,3.066,2.2417,0.88,0.0096,0.8192,0.0008,1,1,90,1,2026-08-18T09:50:38.171876+00:00,2026-08-18T09:51:31.234996+00:00
16,755,Lacey,14,MID,45,0.4628,0.9538,0.1,0.198,0.1088,0.0,1,0,0,0,2026-08-18T09:50:38.171876+00:00,2026-08-18T09:51:31.234996+00:00
16,769,Bendito Mantato,14,MID,45,0.4668,0.995,0.1,0.198,0.1088,0.0,1,,,,2026-08-18T09:50:38.171876+00:00,
16,771,Fletcher,14,MID,44,0.476,0.9572,0.1,0.198,0.1088,0.0,1,,,,2026-08-18T09:50:38.171876+00:00,
16,788,Kukonki,14,DEF,40,0.5148,1.2445,0.1,0.198,0.1088,0.0016,1,,,,2026-08-18T09:50:38.171876+00:00,
16,827,Thwaites,14,MID,45,0.4568,0.9084,0.1,0.198,0.1088,0.0,1,,,,2026-08-18T09:50:38.171876+00:00,
16,52,J.Ramsey,15,MID,53,0.7832,1.4489,0.18,0.1804,0.1818,0.0024,1,0,0,0,2026-08-18T09:50:38.171876+00:00,2026-08-18T09:51:31.234996+00:00
16,135,Wissa,15,FWD,73,2.156,2.0297,0.72,0.0784,0.6759,0.0112,1,1,15,0,2026-08-18T09:50:38.171876+00:00,2026-08-18T09:51:31.234996+00:00
16,469,Pope,15,GKP,51,3.1004,2.1814,0.9,0.008,0.8376,0.002,1,0,0,0,2026-08-18T09:50:38.171876+00:00,2026-08-18T09:51:31.234996+00:00
16,471,Gillespie,15,GKP,39,0.158,0.74,0.04,0.0384,0.0403,0.0008,1,0,0,0,2026-08-18T09:50:38.171876+00:00,2026-08-18T09:51:31.234996+00:00
16,472,Odysseas,15,GKP,40,0,0,0.0,0.0,0.0,0,1,0,0,0,2026-08-18T09:50:38.171876+00:00,2026-08-18T09:51:31.234996+00:00
16,473,Hall,15,DEF,52,1.0868,1.881,0.28,0.1584,0.2731,0.0032,1,4,90,1,2026-08-18T09:50:38.171876+00:00,2026-08-18T09:51:31.234996+00:00
16,474,Schär,15,DEF,53,0,0,0.0,0.0,0.0,0,1,1,48,1,2026-08-18T09:50:38.171876+00:00,2026-08-18T09:51:31.234996+00:00
16,475,Botman,15,DEF,49,2.0004,2.4838,0.48,0.1144,0.4556,0.0092,1,0,0,0,2026-08-18T09:50:38.171876+00:00,2026-08-18T09:51:31.234996+00:00
16,476,Burn,15,DEF,52,1.694,2.2233,0.48,0.1144,0.4556,0.004,1,1,41,0,2026-08-18T09:50:38.171876+00:00,2026-08-18T09:51:31.234996+00:00
16,477,Livramento,15,DEF,49,0,0,0.0,0.0,0.0,0,1,2,90,1,2026-08-18T09:50:38.171876+00:00,2026-08-18T09:51:31.234996+00:00
16,478,Trippier,15,DEF,49,1.496,2.0079,0.48,0.1144,0.4556,0.002,1,0,0,0,2026-08-18T09:50:38.171876+00:00,2026-08-18T09:51:31.234996+00:00
16,479,Krafth,15,DEF,43,0,0,0.0,0.0,0.0,0,1,0,0,0,2026-08-18T09:50:38.171876+00:00,2026-08-18T09:51:31.234996+00:00
16,480,Lascelles,15,DEF,43,0,0,0.0,0.0,0.0,0,1,0,0,0,2026-08-18T09:50:38.171876+00:00,2026-08-18T09:51:31.234996+00:00
16,481,A.Murphy,15,DEF,38,0.4724,1.142,0.1,0.198,0.1088,0.0,1,0,0,0,2026-08-18T09:50:38.171876+00:00,2026-08-18T09:51:31.234996+00:00
16,482,Ashby,15,DEF,39,0,0,0.0,0.0,0.0,0,1,0,0,0,2026-08-18T09:50:38.171876+00:00,2026-08-18T09:51:31.234996+00:00
16,483,Pivas,15,DEF,38,0.4796,1.1432,0.1,0.198,0.1088,0.0004,1,0,0,0,2026-08-18T09:50:38.171876+00:00,2026-08-18T09:51:31.234996+00:00
16,484,Targett,15,DEF,40,0,0,0.0,0.0,0.0,0,1,0,0,0,2026-08-18T09:50:38.171876+00:00,2026-08-18T09:51:31.234996+00:00
16,485,Gordon,15,MID,72,2.1352,2.7012,0.48,0.1456,0.458,0.024,1,1,58,1,2026-08-18T09:50:38.171876+00:00,2026-08-18T09:51:31.234996+00:00
16,486,Elanga,15,MID,66,1.1116,1.7999,0.28,0.2016,0.2765,0.0048,1,1,58,1,2026-08-18T09:50:38.171876+00:00,2026-08-18T09:51:31.234996+00:00
16,487,Barnes,15,MID,64,1.4916,2.3668,0.28,0.2016,0.2765,0.0156,1,1,31,0,2026-08-18T09:50:38.171876+00:00,2026-08-18T09:51:31.234996+00:00
16,488,Bruno G.,15,MID,70,2.1272,2.509,0.48,0.1456,0.458,0.0176,1,1,90,1,2026-08-18T09:50:38.171876+00:00,2026-08-18T09:51:31.234996+00:00
16,489,J.Murphy,15,MID,61,1.9672,2.3478,0.48,0.1456,0.458,0.0132,1,1,31,0,2026-08-18T09:50:38.171876+00:00,2026-08-18T09:51:31.234996+00:00
16,490,Joelinton,15,MID,59,0,0,0.0,0.0,0.0,0,1,0,0,0,2026-08-18T09:50:38.171876+00:00,2026-08-18T09:51:31.234996+00:00
16,491,Tonali,15,MID,53,0.9476,1.5412,0.24,0.1672,0.2366,0.0012,1,0,58,1,2026-08-18T09:50:38.171876+00:00,2026-08-18T09:51:31.234996+00:00
16,492,Antoñito C.,15,MID,49,0,0,0.0,0.0,0.0,0,1,0,0,0,2026-08-18T09:50:38.171876+00:00,2026-08-18T09:51:31.234996+00:00
16,494,Willock,15,MID,50,0.7072,1.2771,0.18,0.1804,0.1818,0.0016,1,0,31,0,2026-08-18T09:50:38.171876+00:00,2026-08-18T09:51:31.234996+00:00
16,495,Hayden,15,MID,45,0,0,0.0,0.0,0.0,0,1,0,0,0,2026-08-18T09:50:38.171876+00:00,2026-08-18T09:51:31.234996+00:00
16,496,Kuol,15,MID,44,0,0,0.0,0.0,0.0,0,1,0,0,0,2026-08-18T09:50:38.171876+00:00,2026-08-18T09:51:31.234996+00:00
16,497,L.Miley,15,MID,44,0,0,0.0,0.0,0.0,0,1,2,90,1,2026-08-18T09:50:38.171876+00:00,2026-08-18T09:51:31.234996+00:00
16,498,White,15,MID,45,0,0,0.0,0.0,0.0,0,1,0,0,0,2026-08-18T09:50:38.171876+00:00,2026-08-18T09:51:31.234996+00:00
16,500,Osula,15,FWD,54,0.6992,1.2626,0.18,0.1804,0.1818,0.0012,1,0,0,0,2026-08-18T09:50:38.171876+00:00,2026-08-18T09:51:31.234996+00:00
16,501,Neave,15,FWD,44,0.458,0.9094,0.1,0.198,0.1088,0.0,1,0,0,0,2026-08-18T09:50:38.171876+00:00,2026-08-18T09:51:31.234996+00:00
16,674,Ramsdale,15,GKP,48,0.2964,0.9244,0.08,0.0736,0.0803,0.0,1,2,90,1,2026-08-18T09:50:38.171876+00:00,2026-08-18T09:51:31.234996+00:00
16,684,Thiaw,15,DEF,50,2.0472,2.6241,0.48,0.1144,0.4556,0.0172,1,3,90,1,2026-08-18T09:50:38.171876+00:00,2026-08-18T09:51:31.234996+00:00
16,689,Seung soo,15,MID,44,0.4828,1.0054,0.1,0.198,0.1088,0.0004,1,0,0,0,2026-08-18T09:50:38.171876+00:00,2026-08-18T09:51:31.234996+00:00
16,714,Woltemade,15,FWD,75,2.142,2.5532,0.48,0.1456,0.458,0.0196,1,0,74,1,2026-08-18T09:50:38.171876+00:00,2026-08-18T09:51:31.234996+00:00
16,753,Ruddy,15,GKP,40,0.1716,0.761,0.04,0.0384,0.0403,0.0,1,0,0,0,2026-08-18T09:50:38.171876+00:00,2026-08-18T09:51:31.234996+00:00
16,765,Shahar,15,DEF,40,0.4396,1.0208,0.1,0.198,0.1088,0.0,1,,,,2026-08-18T09:50:38.171876+00:00,
16,772,Alabi,15,MID,45,0.4508,0.9368,0.1,0.198,0.1088,0.0,1,,,,2026-08-18T09:50:38.171876+00:00,
16,12,Zinchenko,16,DEF,49,0,0,0.0,0.0,0.0,0,1,0,0,0,2026-08-18T09:50:38.171876+00:00,2026-08-18T09:51:31.234996+00:00
16,400,Ortega Moreno,16,GKP,47,0.3296,1.0729,0.08,0.0736,0.0803,0.0,1,0,0,0,2026-08-18T09:50:38.171876+00:00,2026-08-18T09:51:31.234996+00:00
16,426,McAtee,16,MID,51,0.7092,1.3037,0.18,0.1804,0.1818,0.0012,1,0,0,0,2026-08-18T09:50:38.171876+00:00,2026-08-18T09:51:31.234996+00:00
16,502,Sels,16,GKP,47,3.268,2.246,0.9,0.008,0.8376,0.0008,1,0,0,0,2026-08-18T09:50:38.171876+00:00,2026-08-18T09:51:31.234996+00:00
16,503,C.Miguel,16,GKP,40,0,0,0.0,0.0,0.0,0,1,0,0,0,2026-08-18T09:50:38.171876+00:00,2026-08-18T09:51:31.234996+00:00
16,504,Turner,16,GKP,40,0,0,0.0,0.0,0.0,0,1,0,0,0,2026-08-18T09:50:38.171876+00:00,2026-08-18T09:51:31.234996+00:00
16,505,Milenković,16,DEF,51,1.8344,2.4429,0.48,0.1144,0.4556,0.0088,1,8,90,1,2026-08-18T09:50:38.171876+00:00,2026-08-18T09:51:31.234996+00:00
16,506,Murillo,16,DEF,52,0,0,0.0,0.0,0.0,0,1,6,90,1,2026-08-18T09:50:38.171876+00:00,2026-08-18T09:51:31.234996+00:00
16,507,Aina,16,DEF,47,0.6684,1.529,0.14,0.1892,0.1453,0.002,1,0,0,0,2026-08-18T09:50:38.171876+00:00,2026-08-18T09:51:31.234996+00:00
16,508,N.Williams,16,DEF,47,2.016,2.6796,0.48,0.1144,0.4556,0.0168,1,7,90,1,2026-08-18T09:50:38.171876+00:00,2026-08-18T09:51:31.234996+00:00
16,509,David Carmo,16,DEF,45,0,0,0.0,0.0,0.0,0,1,0,0,0,2026-08-18T09:50:38.171876+00:00,2026-08-18T09:51:31.234996+00:00
16,510,Jair Cunha,16,DEF,43,0.65,1.5146,0.1,0.198,0.1088,0.0,1,0,0,0,2026-08-18T09:50:38.171876+00:00,2026-08-18T09:51:31.234996+00:00
16,511,Morato,16,DEF,43,0.902,1.7851,0.22,0.1716,0.2183,0.0024,1,0,0,0,2026-08-18T09:50:38.171876+00:00,2026-08-18T09:51:31.234996+00:00
16,512,O.Richards,16,DEF,45,0,0,0.0,0.0,0.0,0,1,0,0,0,2026-08-18T09:50:38.171876+00:00,2026-08-18T09:51:31.234996+00:00
16,513,Abbott,16,DEF,38,0.696,1.6178,0.1,0.198,0.1088,0.002,1,0,0,0,2026-08-18T09:50:38.171876+00:00,2026-08-18T09:51:31.234996+00:00
16,514,Boly,16,DEF,38,0,0,0.0,0.0,0.0,0,1,0,0,0,2026-08-18T09:50:38.171876+00:00,2026-08-18T09:51:31.234996+00:00
16,515,Gibbs-White,16,MID,73,2.0656,2.5625,0.48,0.1456,0.458,0.0152,1,3,90,1,2026-08-18T09:50:38.171876+00:00,2026-08-18T09:51:31.234996+00:00
16,516,Hudson-Odoi,16,MID,57,0,0,0.0,0.0,0.0,0,1,19,90,1,2026-08-18T09:50:38.171876+00:00,2026-08-18T09:51:31.234996+00:00
16,517,Anderson,16,MID,54,2.296,2.668,0.48,0.1144,0.4556,0.0156,1,3,90,1,2026-08-18T09:50:38.171876+00:00,2026-08-18T09:51:31.234996+00:00
16,518,Jota,16,MID,54,0,0,0.0,0.0,0.0,0,1,0,0,0,2026-08-18T09:50:38.171876+00:00,2026-08-18T09:51:31.234996+00:00
16,519,Dominguez,16,MID,50,1.0564,1.6738,0.28,0.1584,0.2731,0.0036,1,0,0,0,2026-08-18T09:50:38.171876+00:00,2026-08-18T09:51:31.234996+00:00
16,520,O'Brien,16,MID,50,0,0,0.0,0.0,0.0,0,1,0,0,0,2026-08-18T09:50:38.171876+00:00,2026-08-18T09:51:31.234996+00:00
16,521,Sangaré,16,MID,49,1.6564,2.006,0.48,0.1144,0.4556,0.0048,1,18,90,1,2026-08-18T09:50:38.171876+00:00,2026-08-18T09:51:31.234996+00:00
16,522,Yates,16,MID,47,0.7212,1.3369,0.18,0.1804,0.1818,0.0008,1,0,0,0,2026-08-18T09:50:38.171876+00:00,2026-08-18T09:51:31.234996+00:00
16,523,Da Silva Moreira,16,MID,45,0.4956,0.9814,0.1,0.198,0.1088,0.0,1,0,0,0,2026-08-18T09:50:38.171876+00:00,2026-08-18T09:51:31.234996+00:00
16,524,Stamenic,16,MID,45,0,0,0.0,0.0,0.0,0,1,0,0,0,2026-08-18T09:50:38.171876+00:00,2026-08-18T09:51:31.234996+00:00
16,525,Wood,16,FWD,72,1.3472,2.1038,0.28,0.2016,0.2765,0.0096,1,0,0,0,2026-08-18T09:50:38.171876+00:00,2026-08-18T09:51:31.234996+00:00
16,526,Igor Jesus,16,FWD,58,1.2536,1.8671,0.28,0.2016,0.2765,0.0052,1,2,84,1,2026-08-18T09:50:38.171876+00:00,2026-08-18T09:51:31.234996+00:00
16,527,Awoniyi,16,FWD,52,0.666,1.2521,0.18,0.1804,0.1818,0.0008,1,0,0,0,2026-08-18T09:50:38.171876+00:00,2026-08-18T09:51:31.234996+00:00
16,669,Ndoye,16,MID,55,1.7916,2.0979,0.48,0.1456,0.458,0.0068,1,1,1,0,2026-08-18T09:50:38.171876+00:00,2026-08-18T09:51:31.234996+00:00
16,675,Gunn,16,GKP,40,0.188,0.8571,0.04,0.0384,0.0403,0.0,1,0,0,0,2026-08-18T09:50:38.171876+00:00,2026-08-18T09:51:31.234996+00:00
16,693,Hutchinson,16,MID,54,1.0576,1.8185,0.28,0.1584,0.2731,0.0072,1,5,90,1,2026-08-18T09:50:38.171876+00:00,2026-08-18T09:51:31.234996+00:00
16,696,Kalimuendo,16,FWD,60,0,0,0.0,0.0,0.0,0,1,0,0,0,2026-08-18T09:50:38.171876+00:00,2026-08-18T09:51:31.234996+00:00
16,715,John,16,GKP,40,0.1868,0.8631,0.04,0.0384,0.0403,0.0,1,6,90,1,2026-08-18T09:50:38.171876+00:00,2026-08-18T09:51:31.234996+00:00
16,716,Savona,16,DEF,45,0,0,0.0,0.0,0.0,0,1,5,90,1,2026-08-18T09:50:38.171876+00:00,2026-08-18T09:51:31.234996+00:00
16,729,Cuiabano,16,DEF,45,0,0,0.0,0.0,0.0,0,1,0,0,0,2026-08-18T09:50:38.171876+00:00,2026-08-18T09:51:31.234996+00:00
16,734,Bakwa,16,MID,59,1.5516,2.0298,0.45,0.154,0.4308,0.0084,1,0,0,0,2026-08-18T09:50:38.171876+00:00,2026-08-18T09:51:31.234996+00:00
16,805,Lucca,16,FWD,53,0.7156,1.2959,0.18,0.1804,0.1818,0.0004,1,,,,2026-08-18T09:50:38.171876+00:00,
16,814,Netz,16,DEF,45,0.5168,1.1953,0.1,0.198,0.1088,0.0004,1,,,,2026-08-18T09:50:38.171876+00:00,
16,835,Whitehall,16,MID,45,0.5036,1.0522,0.1,0.198,0.1088,0.0,1,,,,2026-08-18T09:50:38.171876+00:00,
16,836,Sinclair,16,MID,45,0.4808,0.966,0.1,0.198,0.1088,0.0,1,,,,2026-08-18T09:50:38.171876+00:00,
16,841,Sillah,16,FWD,45,0.4676,0.976,0.1,0.198,0.1088,0.0004,1,,,,2026-08-18T09:50:38.171876+00:00,
16,528,Patterson,17,GKP,43,0,0,0.0,0.0,0.0,0,1,0,0,0,2026-08-18T09:50:38.171876+00:00,2026-08-18T09:51:31.234996+00:00
16,529,Moore,17,GKP,39,0.188,0.8981,0.04,0.0384,0.0403,0.0,1,0,0,0,2026-08-18T09:50:38.171876+00:00,2026-08-18T09:51:31.234996+00:00
16,530,Nna Noukeu,17,GKP,39,0,0,0.0,0.0,0.0,0,1,0,0,0,2026-08-18T09:50:38.171876+00:00,2026-08-18T09:51:31.234996+00:00
16,531,Ballard,17,DEF,46,2.6616,3.1547,0.48,0.1144,0.4556,0.0344,1,8,90,1,2026-08-18T09:50:38.171876+00:00,2026-08-18T09:51:31.234996+00:00
16,532,Hume,17,DEF,45,0.896,1.7759,0.22,0.1716,0.2183,0.0036,1,1,20,0,2026-08-18T09:50:38.171876+00:00,2026-08-18T09:51:31.234996+00:00
16,533,Alese,17,DEF,40,0,0,0.0,0.0,0.0,0,1,0,0,0,2026-08-18T09:50:38.171876+00:00,2026-08-18T09:51:31.234996+00:00
16,534,Anderson,17,DEF,39,0,0,0.0,0.0,0.0,0,1,0,0,0,2026-08-18T09:50:38.171876+00:00,2026-08-18T09:51:31.234996+00:00
16,535,Cirkin,17,DEF,40,0.5228,1.267,0.1,0.198,0.1088,0.0012,1,0,0,0,2026-08-18T09:50:38.171876+00:00,2026-08-18T09:51:31.234996+00:00
16,536,Hjelde,17,DEF,40,0,0,0.0,0.0,0.0,0,1,0,0,0,2026-08-18T09:50:38.171876+00:00,2026-08-18T09:51:31.234996+00:00
16,537,Huggins,17,DEF,40,0,0,0.0,0.0,0.0,0,1,0,0,0,2026-08-18T09:50:38.171876+00:00,2026-08-18T09:51:31.234996+00:00
16,538,Johnson,17,DEF,39,0,0,0.0,0.0,0.0,0,1,0,0,0,2026-08-18T09:50:38.171876+00:00,2026-08-18T09:51:31.234996+00:00
16,539,O'Nien,17,DEF,40,0.888,1.8186,0.1,0.198,0.1088,0.0036,1,0,0,0,2026-08-18T09:50:38.171876+00:00,2026-08-18T09:51:31.234996+00:00
16,540,Pembele,17,DEF,39,0,0,0.0,0.0,0.0,0,1,0,0,0,2026-08-18T09:50:38.171876+00:00,2026-08-18T09:51:31.234996+00:00
16,541,Reinildo,17,DEF,39,0.838,1.656,0.22,0.1716,0.2183,0.0012,1,10,90,1,2026-08-18T09:50:38.171876+00:00,2026-08-18T09:51:31.234996+00:00
16,542,Seelt,17,DEF,40,0,0,0.0,0.0,0.0,0,1,0,0,0,2026-08-18T09:50:38.171876+00:00,2026-08-18T09:51:31.234996+00:00
16,543,Adingra,17,MID,49,0,0,0.0,0.0,0.0,0,1,0,0,0,2026-08-18T09:50:38.171876+00:00,2026-08-18T09:51:31.234996+00:00
16,544,Diarra,17,MID,53,1.2244,2.1511,0.28,0.1584,0.2731,0.0084,1,0,0,0,2026-08-18T09:50:38.171876+00:00,2026-08-18T09:51:31.234996+00:00
16,545,Roberts,17,MID,54,0,0,0.0,0.0,0.0,0,1,0,0,0,2026-08-18T09:50:38.171876+00:00,2026-08-18T09:51:31.234996+00:00
16,546,Aleksić,17,MID,49,0.726,1.3569,0.18,0.1804,0.1818,0.002,1,0,0,0,2026-08-18T09:50:38.171876+00:00,2026-08-18T09:51:31.234996+00:00
16,547,E.Le Fée,17,MID,49,2.0572,2.5029,0.48,0.1144,0.4556,0.0168,1,2,90,1,2026-08-18T09:50:38.171876+00:00,2026-08-18T09:51:31.234996+00:00
16,548,Mundle,17,MID,49,0,0,0.0,0.0,0.0,0,1,1,7,0,2026-08-18T09:50:38.171876+00:00,2026-08-18T09:51:31.234996+00:00
16,549,Neil,17,MID,48,0,0,0.0,0.0,0.0,0,1,0,0,0,2026-08-18T09:50:38.171876+00:00,2026-08-18T09:51:31.234996+00:00
16,550,Poveda,17,MID,48,0.7024,1.2503,0.18,0.1804,0.1818,0.0004,1,0,0,0,2026-08-18T09:50:38.171876+00:00,2026-08-18T09:51:31.234996+00:00
16,551,Rigg,17,MID,47,0.958,1.489,0.28,0.1584,0.2731,0.0024,1,0,0,0,2026-08-18T09:50:38.171876+00:00,2026-08-18T09:51:31.234996+00:00
16,552,Sadiki,17,MID,50,1.308,1.4979,0.48,0.1144,0.4556,0.0008,1,3,90,1,2026-08-18T09:50:38.171876+00:00,2026-08-18T09:51:31.234996+00:00
16,553,Talbi,17,MID,50,0,0,0.0,0.0,0.0,0,1,3,82,1,2026-08-18T09:50:38.171876+00:00,2026-08-18T09:51:31.234996+00:00
16,554,Ba,17,MID,43,0.4596,0.9587,0.1,0.198,0.1088,0.0004,1,0,0,0,2026-08-18T09:50:38.171876+00:00,2026-08-18T09:51:31.234996+00:00
16,555,Browne,17,MID,45,0,0,0.0,0.0,0.0,0,1,0,0,0,2026-08-18T09:50:38.171876+00:00,2026-08-18T09:51:31.234996+00:00
16,556,Ekwah,17,MID,45,0,0,0.0,0.0,0.0,0,1,0,0,0,2026-08-18T09:50:38.171876+00:00,2026-08-18T09:51:31.234996+00:00
16,557,H.Jones,17,MID,43,0.49,1.0079,0.1,0.198,0.1088,0.0,1,0,0,0,2026-08-18T09:50:38.171876+00:00,2026-08-18T09:51:31.234996+00:00
16,558,Matete,17,MID,43,0,0,0.0,0.0,0.0,0,1,0,0,0,2026-08-18T09:50:38.171876+00:00,2026-08-18T09:51:31.234996+00:00
16,559,Triantis,17,MID,44,0,0,0.0,0.0,0.0,0,1,0,0,0,2026-08-18T09:50:38.171876+00:00,2026-08-18T09:51:31.234996+00:00
16,560,Isidor,17,FWD,55,2.004,2.3561,0.48,0.1456,0.458,0.0136,1,0,20,0,2026-08-18T09:50:38.171876+00:00,2026-08-18T09:51:31.234996+00:00
16,561,Mayenda,17,FWD,53,0.9168,1.5032,0.28,0.1584,0.2731,0.0036,1,0,0,0,2026-08-18T09:50:38.171876+00:00,2026-08-18T09:51:31.234996+00:00
16,562,Abdullahi,17,FWD,43,0.4236,0.8753,0.1,0.198,0.1088,0.0008,1,0,0,0,2026-08-18T09:50:38.171876+00:00,2026-08-18T09:51:31.234996+00:00
16,563,Luís Hemir,17,FWD,44,0,0,0.0,0.0,0.0,0,1,0,0,0,2026-08-18T09:50:38.171876+00:00,2026-08-18T09:51:31.234996+00:00
16,564,Rusyn,17,FWD,44,0,0,0.0,0.0,0.0,0,1,0,0,0,2026-08-18T09:50:38.171876+00:00,2026-08-18T09:51:31.234996+00:00
16,668,Xhaka,17,MID,52,1.8856,2.1753,0.48,0.1144,0.4556,0.0048,1,3,90,1,2026-08-18T09:50:38.171876+00:00,2026-08-18T09:51:31.234996+00:00
16,670,Roefs,17,GKP,47,3.6292,2.4203,0.9,0.008,0.8376,0.0052,1,9,90,1,2026-08-18T09:50:38.171876+00:00,2026-08-18T09:51:31.234996+00:00
16,678,Masuaku,17,DEF,39,0,0,0.0,0.0,0.0,0,1,0,0,0,2026-08-18T09:50:38.171876+00:00,2026-08-18T09:51:31.234996+00:00
16,683,Alderete,17,DEF,40,0.7084,1.7003,0.11,0.1958,0.118,0.0036,1,7,90,1,2026-08-18T09:50:38.171876+00:00,2026-08-18T09:51:31.234996+00:00
16,694,Mukiele,17,DEF,42,1.2176,2.2916,0.22,0.1716,0.2183,0.0092,1,8,90,1,2026-08-18T09:50:38.171876+00:00,2026-08-18T09:51:31.234996+00:00
16,724,Geertruida,17,DEF,45,1.0152,1.9057,0.22,0.1716,0.2183,0.0028,1,0,0,0,2026-08-18T09:50:38.171876+00:00,2026-08-18T09:51:31.234996+00:00
16,730,Brobbey,17,FWD,55,1.3708,1.6613,0.45,0.154,0.4308,0.0024,1,1,69,1,2026-08-18T09:50:38.171876+00:00,2026-08-18T09:51:31.234996+00:00
16,735,Traoré,17,MID,55,1.6956,1.9491,0.48,0.1456,0.458,0.0048,1,3,69,1,2026-08-18T09:50:38.171876+00:00,2026-08-18T09:51:31.234996+00:00
16,774,Jenson Jones,17,DEF,40,0.5436,1.3212,0.1,0.198,0.1088,0.0004,1,,,,2026-08-18T09:50:38.171876+00:00,
16,775,Tutierov,17,MID,45,0,0,0.0,0.0,0.0,0,1,,,,2026-08-18T09:50:38.171876+00:00,
16,800,Jocelin.T,17,MID,49,0.7168,1.3086,0.18,0.1804,0.1818,0.002,1,,,,2026-08-18T09:50:38.171876+00:00,
16,812,Ellborg,17,GKP,40,0.1752,0.773,0.04,0.0384,0.0403,0.0,1,,,,2026-08-18T09:50:38.171876+00:00,
16,813,Angulo,17,MID,50,0.7372,1.3494,0.18,0.1804,0.1818,0.0004,1,,,,2026-08-18T09:50:38.171876+00:00,
16,821,Whittaker,17,MID,45,0.4796,1.0227,0.1,0.198,0.1088,0.0004,1,,,,2026-08-18T09:50:38.171876+00:00,
16,822,Jones,17,MID,45,0.4728,0.9757,0.1,0.198,0.1088,0.0008,1,,,,2026-08-18T09:50:38.171876+00:00,
16,565,Vicario,18,GKP,49,3.0228,2.1611,0.9,0.008,0.8376,0.0024,1,2,90,1,2026-08-18T09:50:38.171876+00:00,2026-08-18T09:51:31.234996+00:00
16,566,Austin,18,GKP,39,0.1252,0.5987,0.04,0.0384,0.0403,0.0,1,0,0,0,2026-08-18T09:50:38.171876+00:00,2026-08-18T09:51:31.234996+00:00
16,567,Kinsky,18,GKP,39,0.1728,0.8139,0.04,0.0384,0.0403,0.0,1,0,0,0,2026-08-18T09:50:38.171876+00:00,2026-08-18T09:51:31.234996+00:00
16,568,Pedro Porro,18,DEF,53,1.682,2.2771,0.48,0.1144,0.4556,0.0068,1,0,90,1,2026-08-18T09:50:38.171876+00:00,2026-08-18T09:51:31.234996+00:00
16,569,Romero,18,DEF,50,0,0,0.0,0.0,0.0,0,1,1,90,1,2026-08-18T09:50:38.171876+00:00,2026-08-18T09:51:31.234996+00:00
16,570,Danso,18,DEF,43,1.04,1.9353,0.22,0.1716,0.2183,0.0032,1,0,0,0,2026-08-18T09:50:38.171876+00:00,2026-08-18T09:51:31.234996+00:00
16,571,Davies,18,DEF,43,0,0,0.0,0.0,0.0,0,1,1,31,0,2026-08-18T09:50:38.171876+00:00,2026-08-18T09:51:31.234996+00:00
16,572,Dragusin,18,DEF,45,0.7476,1.3856,0.22,0.1716,0.2183,0.0004,1,0,0,0,2026-08-18T09:50:38.171876+00:00,2026-08-18T09:51:31.234996+00:00
16,573,Spence,18,DEF,43,0.7404,1.4976,0.22,0.1716,0.2183,0.0016,1,0,58,1,2026-08-18T09:50:38.171876+00:00,2026-08-18T09:51:31.234996+00:00
16,574,Udogie,18,DEF,44,0.682,1.3398,0.22,0.1716,0.2183,0.0008,1,0,0,0,2026-08-18T09:50:38.171876+00:00,2026-08-18T09:51:31.234996+00:00
16,575,Van de Ven,18,DEF,47,1.69,2.477,0.48,0.1144,0.4556,0.014,1,1,90,1,2026-08-18T09:50:38.171876+00:00,2026-08-18T09:51:31.234996+00:00
16,576,Phillips,18,DEF,40,0,0,0.0,0.0,0.0,0,1,0,0,0,2026-08-18T09:50:38.171876+00:00,2026-08-18T09:51:31.234996+00:00
16,577,Takai,18,DEF,40,0,0,0.0,0.0,0.0,0,1,0,0,0,2026-08-18T09:50:38.171876+00:00,2026-08-18T09:51:31.234996+00:00
16,578,Vuskovic,18,DEF,39,0,0,0.0,0.0,0.0,0,1,0,0,0,2026-08-18T09:50:38.171876+00:00,2026-08-18T09:51:31.234996+00:00
16,579,Son,18,MID,85,0,0,0.0,0.0,0.0,0,1,0,0,0,2026-08-18T09:50:38.171876+00:00,2026-08-18T09:51:31.234996+00:00
16,581,Maddison,18,MID,68,3.3108,3.3593,0.68,0.0576,0.637,0.062,1,0,0,0,2026-08-18T09:50:38.171876+00:00,2026-08-18T09:51:31.234996+00:00
16,582,Kudus,18,MID,65,0,0,0.0,0.0,0.0,0,1,2,79,1,2026-08-18T09:50:38.171876+00:00,2026-08-18T09:51:31.234996+00:00
16,583,Kulusevski,18,MID,64,0,0,0.0,0.0,0.0,0,1,0,0,0,2026-08-18T09:50:38.171876+00:00,2026-08-18T09:51:31.234996+00:00
16,584,Tel,18,MID,62,1.0848,1.665,0.28,0.2016,0.2765,0.0032,1,1,10,0,2026-08-18T09:50:38.171876+00:00,2026-08-18T09:51:31.234996+00:00
16,585,Bentancur,18,MID,53,1.9744,2.2224,0.48,0.1144,0.4556,0.0068,1,1,58,1,2026-08-18T09:50:38.171876+00:00,2026-08-18T09:51:31.234996+00:00
16,586,Bergvall,18,MID,53,0.9596,1.5982,0.28,0.1584,0.2731,0.0036,1,0,31,0,2026-08-18T09:50:38.171876+00:00,2026-08-18T09:51:31.234996+00:00
16,587,Bissouma,18,MID,52,1.71,1.5974,0.68,0.0704,0.638,0.0004,1,0,0,0,2026-08-18T09:50:38.171876+00:00,2026-08-18T09:51:31.234996+00:00
16,588,Odobert,18,MID,53,0,0,0.0,0.0,0.0,0,1,0,0,0,2026-08-18T09:50:38.171876+00:00,2026-08-18T09:51:31.234996+00:00
16,589,Solomon,18,MID,54,0,0,0.0,0.0,0.0,0,1,0,0,0,2026-08-18T09:50:38.171876+00:00,2026-08-18T09:51:31.234996+00:00
16,590,Bryan,18,MID,49,0,0,0.0,0.0,0.0,0,1,0,0,0,2026-08-18T09:50:38.171876+00:00,2026-08-18T09:51:31.234996+00:00
16,591,Gray,18,MID,48,0.9808,1.5067,0.28,0.1584,0.2731,0.0016,1,0,58,1,2026-08-18T09:50:38.171876+00:00,2026-08-18T09:51:31.234996+00:00
16,592,Moore,18,MID,50,0,0,0.0,0.0,0.0,0,1,0,0,0,2026-08-18T09:50:38.171876+00:00,2026-08-18T09:51:31.234996+00:00
16,593,P.M.Sarr,18,MID,46,1.0548,1.6253,0.28,0.1584,0.2731,0.0008,1,0,0,0,2026-08-18T09:50:38.171876+00:00,2026-08-18T09:51:31.234996+00:00
16,594,Min-hyeok,18,MID,45,0,0,0.0,0.0,0.0,0,1,0,0,0,2026-08-18T09:50:38.171876+00:00,2026-08-18T09:51:31.234996+00:00
16,595,Olusesi,18,MID,43,0.4536,0.9065,0.1,0.198,0.1088,0.0,1,0,0,0,2026-08-18T09:50:38.171876+00:00,2026-08-18T09:51:31.234996+00:00
16,596,Solanke,18,FWD,72,2.3788,2.2313,0.72,0.0784,0.6759,0.0136,1,0,0,0,2026-08-18T09:50:38.171876+00:00,2026-08-18T09:51:31.234996+00:00
16,597,Richarlison,18,FWD,64,1.8784,2.2749,0.48,0.1456,0.458,0.0084,1,2,90,1,2026-08-18T09:50:38.171876+00:00,2026-08-18T09:51:31.234996+00:00
16,598,Lankshear,18,FWD,45,0,0,0.0,0.0,0.0,0,1,0,0,0,2026-08-18T09:50:38.171876+00:00,2026-08-18T09:51:31.234996+00:00
16,599,Scarlett,18,FWD,43,0,0,0.0,0.0,0.0,0,1,0,0,0,2026-08-18T09:50:38.171876+00:00,2026-08-18T09:51:31.234996+00:00
16,673,J.Palhinha,18,MID,55,2.1168,2.3501,0.48,0.1456,0.458,0.0076,1,1,31,0,2026-08-18T09:50:38.171876+00:00,2026-08-18T09:51:31.234996+00:00
16,717,Xavi,18,MID,65,0,0,0.0,0.0,0.0,0,1,4,90,1,2026-08-18T09:50:38.171876+00:00,2026-08-18T09:51:31.234996+00:00
16,726,Kolo Muani,18,FWD,69,0.9568,1.5043,0.28,0.2016,0.2765,0.002,1,2,79,1,2026-08-18T09:50:38.171876+00:00,2026-08-18T09:51:31.234996+00:00
16,745,Byfield,18,DEF,40,0.4632,1.0879,0.1,0.198,0.1088,0.0,1,0,0,0,2026-08-18T09:50:38.171876+00:00,2026-08-18T09:51:31.234996+00:00
16,750,Rowswell,18,DEF,40,0.4752,1.1241,0.1,0.198,0.1088,0.0004,1,0,0,0,2026-08-18T09:50:38.171876+00:00,2026-08-18T09:51:31.234996+00:00
16,751,Akhamrich,18,MID,45,0,0,0.0,0.0,0.0,0,1,0,0,0,2026-08-18T09:50:38.171876+00:00,2026-08-18T09:51:31.234996+00:00
16,790,Williams-Barnett,18,MID,45,0.4688,0.9255,0.1,0.198,0.1088,0.0,1,,,,2026-08-18T09:50:38.171876+00:00,
16,796,Gallagher,18,MID,50,0.6852,1.2111,0.18,0.1804,0.1818,0.0004,1,,,,2026-08-18T09:50:38.171876+00:00,
16,804,Souza,18,DEF,40,0.478,1.1205,0.1,0.198,0.1088,0.0008,1,,,,2026-08-18T09:50:38.171876+00:00,
16,811,Kyerematen,18,MID,45,0.4688,0.9511,0.1,0.198,0.1088,0.0,1,,,,2026-08-18T09:50:38.171876+00:00,
16,818,Wilson,18,FWD,45,0.44,0.8973,0.1,0.198,0.1088,0.0004,1,,,,2026-08-18T09:50:38.171876+00:00,
16,326,Adama,19,MID,51,0.5,1.1243,0.09,0.2002,0.0997,0.0016,1,1,1,0,2026-08-18T09:50:38.171876+00:00,2026-08-18T09:51:31.234996+00:00
16,600,Areola,19,GKP,43,3.7084,2.3515,0.9,0.004,0.8373,0.0036,1,1,90,1,2026-08-18T09:50:38.171876+00:00,2026-08-18T09:51:31.234996+00:00
16,601,Foderingham,19,GKP,40,0,0,0.0,0.0,0.0,0,1,0,0,0,2026-08-18T09:50:38.171876+00:00,2026-08-18T09:51:31.234996+00:00
16,602,Hegyi,19,GKP,39,0,0,0.0,0.0,0.0,0,1,0,0,0,2026-08-18T09:50:38.171876+00:00,2026-08-18T09:51:31.234996+00:00
16,603,Diouf,19,DEF,41,0.9188,1.7545,0.22,0.1716,0.2183,0.0008,1,0,90,1,2026-08-18T09:50:38.171876+00:00,2026-08-18T09:51:31.234996+00:00
16,604,Emerson,19,DEF,44,0,0,0.0,0.0,0.0,0,1,0,0,0,2026-08-18T09:50:38.171876+00:00,2026-08-18T09:51:31.234996+00:00
16,605,Kilman,19,DEF,42,1.1016,2.0636,0.22,0.1716,0.2183,0.0048,1,0,0,0,2026-08-18T09:50:38.171876+00:00,2026-08-18T09:51:31.234996+00:00
16,606,Mavropanos,19,DEF,44,1.1028,2.0924,0.22,0.1716,0.2183,0.004,1,1,90,1,2026-08-18T09:50:38.171876+00:00,2026-08-18T09:51:31.234996+00:00
16,607,N.Aguerd,19,DEF,44,0,0,0.0,0.0,0.0,0,1,0,0,0,2026-08-18T09:50:38.171876+00:00,2026-08-18T09:51:31.234996+00:00
16,608,Scarles,19,DEF,43,0.5476,1.3058,0.1,0.198,0.1088,0.0012,1,0,0,0,2026-08-18T09:50:38.171876+00:00,2026-08-18T09:51:31.234996+00:00
16,609,Todibo,19,DEF,43,0.9636,1.8345,0.22,0.1716,0.2183,0.0024,1,1,90,1,2026-08-18T09:50:38.171876+00:00,2026-08-18T09:51:31.234996+00:00
16,610,Wan-Bissaka,19,DEF,42,0.9248,1.7939,0.22,0.1716,0.2183,0.0032,1,1,90,1,2026-08-18T09:50:38.171876+00:00,2026-08-18T09:51:31.234996+00:00
16,611,Casey,19,DEF,40,0,0,0.0,0.0,0.0,0,1,0,0,0,2026-08-18T09:50:38.171876+00:00,2026-08-18T09:51:31.234996+00:00
16,612,L.Paquetá,19,MID,59,0,0,0.0,0.0,0.0,0,1,2,88,1,2026-08-18T09:50:38.171876+00:00,2026-08-18T09:51:31.234996+00:00
16,613,Souček,19,MID,57,1.4908,2.4249,0.28,0.2016,0.2765,0.0172,1,1,2,0,2026-08-18T09:50:38.171876+00:00,2026-08-18T09:51:31.234996+00:00
16,615,Summerville,19,MID,55,1.5568,1.9058,0.48,0.1456,0.458,0.0044,1,2,87,1,2026-08-18T09:50:38.171876+00:00,2026-08-18T09:51:31.234996+00:00
16,616,Álvarez,19,MID,49,0,0,0.0,0.0,0.0,0,1,0,0,0,2026-08-18T09:50:38.171876+00:00,2026-08-18T09:51:31.234996+00:00
16,617,Cornet,19,MID,49,0,0,0.0,0.0,0.0,0,1,0,0,0,2026-08-18T09:50:38.171876+00:00,2026-08-18T09:51:31.234996+00:00
16,618,G.Rodriguez,19,MID,48,0,0,0.0,0.0,0.0,0,1,1,1,0,2026-08-18T09:50:38.171876+00:00,2026-08-18T09:51:31.234996+00:00
16,619,L.Guilherme,19,MID,49,0,0,0.0,0.0,0.0,0,1,0,0,0,2026-08-18T09:50:38.171876+00:00,2026-08-18T09:51:31.234996+00:00
16,620,Earthy,19,MID,45,0,0,0.0,0.0,0.0,0,1,0,0,0,2026-08-18T09:50:38.171876+00:00,2026-08-18T09:51:31.234996+00:00
16,621,Irving,19,MID,44,0,0,0.0,0.0,0.0,0,1,0,0,0,2026-08-18T09:50:38.171876+00:00,2026-08-18T09:51:31.234996+00:00
16,622,Orford,19,MID,44,0,0,0.0,0.0,0.0,0,1,0,0,0,2026-08-18T09:50:38.171876+00:00,2026-08-18T09:51:31.234996+00:00
16,623,Potts,19,MID,44,1.01,1.4834,0.28,0.1584,0.2731,0.0004,1,5,87,1,2026-08-18T09:50:38.171876+00:00,2026-08-18T09:51:31.234996+00:00
16,624,Bowen,19,FWD,75,2.1136,2.4529,0.48,0.1456,0.458,0.0128,1,8,90,1,2026-08-18T09:50:38.171876+00:00,2026-08-18T09:51:31.234996+00:00
16,625,Füllkrug,19,FWD,56,0,0,0.0,0.0,0.0,0,1,0,0,0,2026-08-18T09:50:38.171876+00:00,2026-08-18T09:51:31.234996+00:00
16,626,Marshall,19,FWD,43,0,0,0.0,0.0,0.0,0,1,0,0,0,2026-08-18T09:50:38.171876+00:00,2026-08-18T09:51:31.234996+00:00
16,659,Walker-Peters,19,DEF,43,0.9176,1.8463,0.22,0.1716,0.2183,0.006,1,0,0,0,2026-08-18T09:50:38.171876+00:00,2026-08-18T09:51:31.234996+00:00
16,671,Wilson,19,FWD,58,1.3968,2.149,0.28,0.2016,0.2765,0.0064,1,1,9,0,2026-08-18T09:50:38.171876+00:00,2026-08-18T09:51:31.234996+00:00
16,679,Hermansen,19,GKP,43,0.1556,0.7624,0.04,0.0384,0.0403,0.0,1,0,0,0,2026-08-18T09:50:38.171876+00:00,2026-08-18T09:51:31.234996+00:00
16,708,M.Fernandes,19,MID,55,1.944,2.211,0.48,0.1456,0.458,0.008,1,9,90,1,2026-08-18T09:50:38.171876+00:00,2026-08-18T09:51:31.234996+00:00
16,718,S.Magassa,19,MID,50,1.2096,1.8573,0.28,0.1584,0.2731,0.0032,1,4,80,1,2026-08-18T09:50:38.171876+00:00,2026-08-18T09:51:31.234996+00:00
16,738,Fabianski,19,GKP,45,0.16,0.7506,0.04,0.0384,0.0403,0.0,1,0,0,0,2026-08-18T09:50:38.171876+00:00,2026-08-18T09:51:31.234996+00:00
16,747,Mayers,19,DEF,40,0.726,1.69,0.1,0.198,0.1088,0.0012,1,0,0,0,2026-08-18T09:50:38.171876+00:00,2026-08-18T09:51:31.234996+00:00
16,752,Golambeckis,19,DEF,40,0.5116,1.2532,0.1,0.198,0.1088,0.0004,1,0,0,0,2026-08-18T09:50:38.171876+00:00,2026-08-18T09:51:31.234996+00:00
16,758,Mohamadou Kanté,19,MID,45,0.4756,0.977,0.1,0.198,0.1088,0.0,1,1,2,0,2026-08-18T09:50:38.171876+00:00,2026-08-18T09:51:31.234996+00:00
16,785,Pablo,19,FWD,54,0.6516,1.1948,0.18,0.1804,0.1818,0.0016,1,,,,2026-08-18T09:50:38.171876+00:00,
16,791,Taty,19,FWD,55,1.3784,1.6071,0.45,0.154,0.4308,0.0016,1,,,,2026-08-18T09:50:38.171876+00:00,
16,802,Lamadrid,19,MID,50,0.6716,1.3101,0.18,0.1804,0.1818,0.0012,1,,,,2026-08-18T09:50:38.171876+00:00,
16,815,Disasi,19,DEF,45,0.8496,1.6714,0.22,0.1716,0.2183,0.0036,1,,,,2026-08-18T09:50:38.171876+00:00,
16,825,Herrick,19,GKP,40,0.162,0.7584,0.04,0.0384,0.0403,0.0,1,,,,2026-08-18T09:50:38.171876+00:00,
16,627,Johnstone,20,GKP,45,0,0,0.0,0.0,0.0,0,1,-1,90,1,2026-08-18T09:50:38.171876+00:00,2026-08-18T09:51:31.234996+00:00
16,628,José Sá,20,GKP,42,2.3412,1.9769,0.88,0.0048,0.8188,0.0,1,0,0,0,2026-08-18T09:50:38.171876+00:00,2026-08-18T09:51:31.234996+00:00
16,629,Bentley,20,GKP,40,0.1436,0.6675,0.04,0.0384,0.0403,0.0,1,0,0,0,2026-08-18T09:50:38.171876+00:00,2026-08-18T09:51:31.234996+00:00
16,631,Agbadou,20,DEF,43,0,0,0.0,0.0,0.0,0,1,0,90,1,2026-08-18T09:50:38.171876+00:00,2026-08-18T09:51:31.234996+00:00
16,632,Doherty,20,DEF,44,0,0,0.0,0.0,0.0,0,1,5,68,1,2026-08-18T09:50:38.171876+00:00,2026-08-18T09:51:31.234996+00:00
16,633,H.Bueno,20,DEF,44,0.7928,1.5668,0.22,0.1716,0.2183,0.002,1,0,0,0,2026-08-18T09:50:38.171876+00:00,2026-08-18T09:51:31.234996+00:00
16,634,Mosquera,20,DEF,43,0.764,1.4823,0.22,0.1716,0.2183,0.002,1,0,90,1,2026-08-18T09:50:38.171876+00:00,2026-08-18T09:51:31.234996+00:00
16,635,R.Gomes,20,DEF,44,0.8,1.6534,0.22,0.1716,0.2183,0.0048,1,0,0,0,2026-08-18T09:50:38.171876+00:00,2026-08-18T09:51:31.234996+00:00
16,636,S.Bueno,20,DEF,44,0.9532,1.8939,0.22,0.1716,0.2183,0.0064,1,0,0,0,2026-08-18T09:50:38.171876+00:00,2026-08-18T09:51:31.234996+00:00
16,637,Toti,20,DEF,43,0.822,1.5708,0.22,0.1716,0.2183,0.0016,1,4,85,1,2026-08-18T09:50:38.171876+00:00,2026-08-18T09:51:31.234996+00:00
16,638,Hoever,20,DEF,38,0,0,0.0,0.0,0.0,0,1,0,0,0,2026-08-18T09:50:38.171876+00:00,2026-08-18T09:51:31.234996+00:00
16,639,Meupiyou,20,DEF,40,0,0,0.0,0.0,0.0,0,1,0,0,0,2026-08-18T09:50:38.171876+00:00,2026-08-18T09:51:31.234996+00:00
16,640,Pedro Lima,20,DEF,40,0.4528,1.055,0.1,0.198,0.1088,0.0,1,0,0,0,2026-08-18T09:50:38.171876+00:00,2026-08-18T09:51:31.234996+00:00
16,641,Pond,20,DEF,39,0,0,0.0,0.0,0.0,0,1,0,0,0,2026-08-18T09:50:38.171876+00:00,2026-08-18T09:51:31.234996+00:00
16,642,Hee Chan,20,MID,56,0.968,1.4488,0.28,0.2016,0.2765,0.0008,1,1,79,1,2026-08-18T09:50:38.171876+00:00,2026-08-18T09:51:31.234996+00:00
16,643,André,20,MID,53,1.8136,1.965,0.48,0.1144,0.4556,0.0024,1,4,90,1,2026-08-18T09:50:38.171876+00:00,2026-08-18T09:51:31.234996+00:00
16,644,Bellegarde,20,MID,52,1.4648,1.7642,0.48,0.1144,0.4556,0.0048,1,0,0,0,2026-08-18T09:50:38.171876+00:00,2026-08-18T09:51:31.234996+00:00
16,645,Fer López,20,MID,52,0,0,0.0,0.0,0.0,0,1,1,10,0,2026-08-18T09:50:38.171876+00:00,2026-08-18T09:51:31.234996+00:00
16,646,J.Gomes,20,MID,53,1.654,2.0014,0.48,0.1144,0.4556,0.004,1,5,90,1,2026-08-18T09:50:38.171876+00:00,2026-08-18T09:51:31.234996+00:00
16,647,Guedes,20,MID,55,0,0,0.0,0.0,0.0,0,1,0,0,0,2026-08-18T09:50:38.171876+00:00,2026-08-18T09:51:31.234996+00:00
16,648,Munetsi,20,MID,54,0,0,0.0,0.0,0.0,0,1,0,0,0,2026-08-18T09:50:38.171876+00:00,2026-08-18T09:51:31.234996+00:00
16,649,B.Traore,20,MID,50,0,0,0.0,0.0,0.0,0,1,0,0,0,2026-08-18T09:50:38.171876+00:00,2026-08-18T09:51:31.234996+00:00
16,650,Chirewa,20,MID,43,0,0,0.0,0.0,0.0,0,1,0,0,0,2026-08-18T09:50:38.171876+00:00,2026-08-18T09:51:31.234996+00:00
16,651,Edozie,20,MID,43,0.458,0.8907,0.1,0.198,0.1088,0.0,1,0,0,0,2026-08-18T09:50:38.171876+00:00,2026-08-18T09:51:31.234996+00:00
16,652,Gonzalez,20,MID,43,0.4492,0.8979,0.1,0.198,0.1088,0.0004,1,0,0,0,2026-08-18T09:50:38.171876+00:00,2026-08-18T09:51:31.234996+00:00
16,653,Hodge,20,MID,45,0,0,0.0,0.0,0.0,0,1,0,0,0,2026-08-18T09:50:38.171876+00:00,2026-08-18T09:51:31.234996+00:00
16,655,Fábio Silva,20,FWD,49,0,0,0.0,0.0,0.0,0,1,0,0,0,2026-08-18T09:50:38.171876+00:00,2026-08-18T09:51:31.234996+00:00
16,656,Kalajdžić,20,FWD,49,0,0,0.0,0.0,0.0,0,1,0,0,0,2026-08-18T09:50:38.171876+00:00,2026-08-18T09:51:31.234996+00:00
16,657,Chiwome,20,FWD,44,0.45,0.8758,0.1,0.198,0.1088,0.0,1,0,0,0,2026-08-18T09:50:38.171876+00:00,2026-08-18T09:51:31.234996+00:00
16,658,Fraser,20,FWD,43,0.4224,0.8581,0.1,0.198,0.1088,0.0,1,0,0,0,2026-08-18T09:50:38.171876+00:00,2026-08-18T09:51:31.234996+00:00
16,663,J.Arias,20,MID,50,0,0,0.0,0.0,0.0,0,1,1,10,0,2026-08-18T09:50:38.171876+00:00,2026-08-18T09:51:31.234996+00:00
16,682,Møller Wolfe,20,DEF,43,0.716,1.3738,0.22,0.1716,0.2183,0.0008,1,1,90,1,2026-08-18T09:50:38.171876+00:00,2026-08-18T09:51:31.234996+00:00
16,695,Tchatchoua,20,DEF,45,0.8596,1.652,0.22,0.1716,0.2183,0.0028,1,0,21,0,2026-08-18T09:50:38.171876+00:00,2026-08-18T09:51:31.234996+00:00
16,709,Krejčí,20,DEF,45,0.948,1.9103,0.22,0.1716,0.2183,0.0076,1,2,79,1,2026-08-18T09:50:38.171876+00:00,2026-08-18T09:51:31.234996+00:00
16,720,Tolu,20,FWD,54,0.9132,1.4541,0.28,0.1584,0.2731,0.0012,1,7,21,0,2026-08-18T09:50:38.171876+00:00,2026-08-18T09:51:31.234996+00:00
16,749,Mané,20,FWD,45,0.4832,1.011,0.1,0.198,0.1088,0.0004,1,4,4,0,2026-08-18T09:50:38.171876+00:00,2026-08-18T09:51:31.234996+00:00
16,766,Olagunju,20,DEF,40,0.4724,1.1346,0.1,0.198,0.1088,0.0016,1,,,,2026-08-18T09:50:38.171876+00:00,
16,767,Rawlings,20,MID,45,0.4536,0.8778,0.1,0.198,0.1088,0.0,1,,,,2026-08-18T09:50:38.171876+00:00,
16,777,Ojinnaka,20,MID,45,0,0,0.0,0.0,0.0,0,1,,,,2026-08-18T09:50:38.171876+00:00,
16,778,Sutherland,20,MID,45,0.41,0.8648,0.1,0.198,0.1088,0.0,1,,,,2026-08-18T09:50:38.171876+00:00,
16,809,Abbey,20,MID,45,0.4328,0.886,0.1,0.198,0.1088,0.0,1,,,,2026-08-18T09:50:38.171876+00:00,
16,816,Angel,20,MID,46,0.686,1.1747,0.18,0.1804,0.1818,0.0,1,,,,2026-08-18T09:50:38.171876+00:00,
16,817,Armstrong,20,FWD,51,1.4104,1.7679,0.48,0.1144,0.4556,0.004,1,,,,2026-08-18T09:50:38.171876+00:00,
16,828,Brooks,20,GKP,40,0.1576,0.7344,0.04,0.0384,0.0403,0.0,1,,,,2026-08-18T09:50:38.171876+00:00,
16,831,Gracey,20,GKP,40,0.1496,0.6987,0.04,0.0384,0.0403,0.0,1,,,,2026-08-18T09:50:38.171876+00:00,
