gw,player_id,web_name,team_id,position,now_cost,mu,sigma,p_start,p_sub,p_60,p_10_plus,n_fixtures,actual_points,actual_minutes,did_start,captured_at,scored_at
19,1,Raya,1,GKP,60,2.9996,2.1637,0.9,0.008,0.8376,0.0,1,2,90,1,2026-08-18T09:50:43.584066+00:00,2026-08-18T09:51:31.340005+00:00
19,2,Arrizabalaga,1,GKP,41,0.194,0.8863,0.04,0.0384,0.0403,0.0,1,0,0,0,2026-08-18T09:50:43.584066+00:00,2026-08-18T09:51:31.340005+00:00
19,3,Hein,1,GKP,40,0,0,0.0,0.0,0.0,0,1,0,0,0,2026-08-18T09:50:43.584066+00:00,2026-08-18T09:51:31.340005+00:00
19,4,Setford,1,GKP,39,0.1796,0.8195,0.04,0.0384,0.0403,0.0,1,0,0,0,2026-08-18T09:50:43.584066+00:00,2026-08-18T09:51:31.340005+00:00
19,5,Gabriel,1,DEF,63,2.6072,3.1566,0.48,0.1456,0.458,0.0368,1,15,76,1,2026-08-18T09:50:43.584066+00:00,2026-08-18T09:51:31.340005+00:00
19,6,Saliba,1,DEF,59,1.8468,2.3385,0.48,0.1456,0.458,0.0068,1,2,90,1,2026-08-18T09:50:43.584066+00:00,2026-08-18T09:51:31.340005+00:00
19,7,Calafiori,1,DEF,57,2.7356,3.0262,0.68,0.0896,0.6396,0.0276,1,0,0,0,2026-08-18T09:50:43.584066+00:00,2026-08-18T09:51:31.340005+00:00
19,8,J.Timber,1,DEF,64,1.4164,2.6456,0.24,0.2128,0.2402,0.022,1,9,82,1,2026-08-18T09:50:43.584066+00:00,2026-08-18T09:51:31.340005+00:00
19,9,Kiwior,1,DEF,54,0,0,0.0,0.0,0.0,0,1,0,0,0,2026-08-18T09:50:43.584066+00:00,2026-08-18T09:51:31.340005+00:00
19,10,Lewis-Skelly,1,DEF,51,0.7572,1.559,0.18,0.1804,0.1818,0.0016,1,1,13,0,2026-08-18T09:50:43.584066+00:00,2026-08-18T09:51:31.340005+00:00
19,11,White,1,DEF,51,0,0,0.0,0.0,0.0,0,1,1,7,0,2026-08-18T09:50:43.584066+00:00,2026-08-18T09:51:31.340005+00:00
19,13,Clarke,1,DEF,38,0.5044,1.2189,0.1,0.198,0.1088,0.0004,1,0,0,0,2026-08-18T09:50:43.584066+00:00,2026-08-18T09:51:31.340005+00:00
19,14,Kacurri,1,DEF,39,0,0,0.0,0.0,0.0,0,1,0,0,0,2026-08-18T09:50:43.584066+00:00,2026-08-18T09:51:31.340005+00:00
19,15,Nichols,1,DEF,38,0.5352,1.2594,0.1,0.198,0.1088,0.0004,1,0,0,0,2026-08-18T09:50:43.584066+00:00,2026-08-18T09:51:31.340005+00:00
19,16,Saka,1,MID,103,2.9636,3.7252,0.48,0.1456,0.458,0.0688,1,6,82,1,2026-08-18T09:50:43.584066+00:00,2026-08-18T09:51:31.340005+00:00
19,17,Ødegaard,1,MID,78,2.2424,2.6548,0.48,0.1456,0.458,0.0192,1,5,90,1,2026-08-18T09:50:43.584066+00:00,2026-08-18T09:51:31.340005+00:00
19,18,Madueke,1,MID,68,1.21,1.9152,0.28,0.2016,0.2765,0.0064,1,1,7,0,2026-08-18T09:50:43.584066+00:00,2026-08-18T09:51:31.340005+00:00
19,19,Martinelli,1,MID,68,1.218,2.0555,0.28,0.2016,0.2765,0.0084,1,0,0,0,2026-08-18T09:50:43.584066+00:00,2026-08-18T09:51:31.340005+00:00
19,20,Trossard,1,MID,69,2.408,2.977,0.48,0.1456,0.458,0.0336,1,13,90,1,2026-08-18T09:50:43.584066+00:00,2026-08-18T09:51:31.340005+00:00
19,21,Rice,1,MID,72,3.5356,3.184,0.68,0.0576,0.637,0.0496,1,0,0,0,2026-08-18T09:50:43.584066+00:00,2026-08-18T09:51:31.340005+00:00
19,22,Merino,1,MID,58,2.1656,2.67,0.48,0.1456,0.458,0.026,1,2,72,1,2026-08-18T09:50:43.584066+00:00,2026-08-18T09:51:31.340005+00:00
19,23,Fábio Vieira,1,MID,54,0,0,0.0,0.0,0.0,0,1,0,0,0,2026-08-18T09:50:43.584066+00:00,2026-08-18T09:51:31.340005+00:00
19,24,Nørgaard,1,MID,51,1.0212,1.8419,0.18,0.1804,0.1818,0.0016,1,1,17,0,2026-08-18T09:50:43.584066+00:00,2026-08-18T09:51:31.340005+00:00
19,25,Nwaneri,1,MID,51,0,0,0.0,0.0,0.0,0,1,0,0,0,2026-08-18T09:50:43.584066+00:00,2026-08-18T09:51:31.340005+00:00
19,26,Zubimendi,1,MID,52,2.2412,2.0767,0.68,0.0576,0.637,0.0068,1,8,90,1,2026-08-18T09:50:43.584066+00:00,2026-08-18T09:51:31.340005+00:00
19,28,Kabia,1,MID,45,0,0,0.0,0.0,0.0,0,1,0,0,0,2026-08-18T09:50:43.584066+00:00,2026-08-18T09:51:31.340005+00:00
19,29,Sambi,1,MID,45,0,0,0.0,0.0,0.0,0,1,0,0,0,2026-08-18T09:50:43.584066+00:00,2026-08-18T09:51:31.340005+00:00
19,30,Havertz,1,FWD,73,2.6992,2.4544,0.72,0.0784,0.6759,0.0172,1,0,0,0,2026-08-18T09:50:43.584066+00:00,2026-08-18T09:51:31.340005+00:00
19,31,G.Jesus,1,FWD,64,1.7332,2.194,0.45,0.154,0.4308,0.0088,1,4,13,0,2026-08-18T09:50:43.584066+00:00,2026-08-18T09:51:31.340005+00:00
19,266,Eze,1,MID,75,2.248,2.7778,0.48,0.1456,0.458,0.0236,1,0,0,0,2026-08-18T09:50:43.584066+00:00,2026-08-18T09:51:31.340005+00:00
19,662,Mosquera,1,DEF,54,1.1412,2.0113,0.28,0.1584,0.2731,0.0044,1,0,0,0,2026-08-18T09:50:43.584066+00:00,2026-08-18T09:51:31.340005+00:00
19,666,Gyökeres,1,FWD,88,2.2748,2.912,0.48,0.1456,0.458,0.0344,1,2,76,1,2026-08-18T09:50:43.584066+00:00,2026-08-18T09:51:31.340005+00:00
19,700,Dowman,1,MID,43,0.5336,1.1432,0.1,0.198,0.1088,0.0004,1,0,0,0,2026-08-18T09:50:43.584066+00:00,2026-08-18T09:51:31.340005+00:00
19,711,Harriman-Annous,1,MID,45,0.5096,1.048,0.1,0.198,0.1088,0.0004,1,0,0,0,2026-08-18T09:50:43.584066+00:00,2026-08-18T09:51:31.340005+00:00
19,725,Hincapie,1,DEF,55,1.2668,2.1389,0.28,0.2016,0.2765,0.0048,1,2,90,1,2026-08-18T09:50:43.584066+00:00,2026-08-18T09:51:31.340005+00:00
19,759,Salmon,1,DEF,40,0.5516,1.2881,0.1,0.198,0.1088,0.0,1,0,0,0,2026-08-18T09:50:43.584066+00:00,2026-08-18T09:51:31.340005+00:00
19,32,Martinez,2,GKP,50,2.8984,2.0469,0.9,0.008,0.8376,0.002,1,1,90,1,2026-08-18T09:50:43.584066+00:00,2026-08-18T09:51:31.340005+00:00
19,33,M.Bizot,2,GKP,42,0.1336,0.6788,0.04,0.0384,0.0403,0.0,1,0,0,0,2026-08-18T09:50:43.584066+00:00,2026-08-18T09:51:31.340005+00:00
19,34,Gauci,2,GKP,40,0,0,0.0,0.0,0.0,0,1,0,0,0,2026-08-18T09:50:43.584066+00:00,2026-08-18T09:51:31.340005+00:00
19,35,Marschall,2,GKP,40,0,0,0.0,0.0,0.0,0,1,0,0,0,2026-08-18T09:50:43.584066+00:00,2026-08-18T09:51:31.340005+00:00
19,36,Cash,2,DEF,49,2.1176,2.3335,0.68,0.0576,0.637,0.006,1,0,0,0,2026-08-18T09:50:43.584066+00:00,2026-08-18T09:51:31.340005+00:00
19,37,Digne,2,DEF,45,0.8168,1.6274,0.22,0.1716,0.2183,0.002,1,0,90,1,2026-08-18T09:50:43.584066+00:00,2026-08-18T09:51:31.340005+00:00
19,38,Konsa,2,DEF,44,0.7244,1.4515,0.22,0.1404,0.2158,0.0004,1,0,90,1,2026-08-18T09:50:43.584066+00:00,2026-08-18T09:51:31.340005+00:00
19,39,Maatsen,2,DEF,42,0.8312,1.6487,0.22,0.1716,0.2183,0.002,1,0,0,0,2026-08-18T09:50:43.584066+00:00,2026-08-18T09:51:31.340005+00:00
19,40,Mings,2,DEF,43,0.9264,1.7361,0.22,0.1716,0.2183,0.002,1,0,0,0,2026-08-18T09:50:43.584066+00:00,2026-08-18T09:51:31.340005+00:00
19,41,Pau,2,DEF,43,0.9128,1.7188,0.22,0.1716,0.2183,0.0016,1,0,0,0,2026-08-18T09:50:43.584066+00:00,2026-08-18T09:51:31.340005+00:00
19,42,A.García,2,DEF,39,0.7244,1.3904,0.22,0.1716,0.2183,0.0008,1,0,29,0,2026-08-18T09:50:43.584066+00:00,2026-08-18T09:51:31.340005+00:00
19,43,Alex Moreno,2,DEF,40,0,0,0.0,0.0,0.0,0,1,0,0,0,2026-08-18T09:50:43.584066+00:00,2026-08-18T09:51:31.340005+00:00
19,44,Bogarde,2,DEF,40,0.766,1.44,0.22,0.1716,0.2183,0.0,1,-1,90,1,2026-08-18T09:50:43.584066+00:00,2026-08-18T09:51:31.340005+00:00
19,45,Sousa,2,DEF,39,0,0,0.0,0.0,0.0,0,1,0,0,0,2026-08-18T09:50:43.584066+00:00,2026-08-18T09:51:31.340005+00:00
19,46,Yasin,2,DEF,40,0,0,0.0,0.0,0.0,0,1,0,0,0,2026-08-18T09:50:43.584066+00:00,2026-08-18T09:51:31.340005+00:00
19,47,Rogers,2,MID,74,2.612,2.5015,0.68,0.0576,0.637,0.0196,1,1,81,1,2026-08-18T09:50:43.584066+00:00,2026-08-18T09:51:31.340005+00:00
19,48,Tielemans,2,MID,59,1.7636,2.0185,0.48,0.1456,0.458,0.0036,1,2,81,1,2026-08-18T09:50:43.584066+00:00,2026-08-18T09:51:31.340005+00:00
19,49,Bailey,2,MID,55,1.6712,2.0449,0.48,0.1456,0.458,0.0072,1,0,0,0,2026-08-18T09:50:43.584066+00:00,2026-08-18T09:51:31.340005+00:00
19,50,Buendía,2,MID,53,1.3872,2.2704,0.28,0.1584,0.2731,0.0108,1,2,60,1,2026-08-18T09:50:43.584066+00:00,2026-08-18T09:51:31.340005+00:00
19,51,Iling Jr,2,MID,55,0,0,0.0,0.0,0.0,0,1,0,0,0,2026-08-18T09:50:43.584066+00:00,2026-08-18T09:51:31.340005+00:00
19,53,Malen,2,MID,51,0,0,0.0,0.0,0.0,0,1,4,29,0,2026-08-18T09:50:43.584066+00:00,2026-08-18T09:51:31.340005+00:00
19,54,McGinn,2,MID,54,2.012,1.8869,0.68,0.0704,0.638,0.0044,1,1,45,1,2026-08-18T09:50:43.584066+00:00,2026-08-18T09:51:31.340005+00:00
19,55,Barkley,2,MID,48,0.8152,1.5462,0.18,0.1804,0.1818,0.002,1,0,0,0,2026-08-18T09:50:43.584066+00:00,2026-08-18T09:51:31.340005+00:00
19,56,Barrenechea,2,MID,50,0,0,0.0,0.0,0.0,0,1,0,0,0,2026-08-18T09:50:43.584066+00:00,2026-08-18T09:51:31.340005+00:00
19,57,Dobbin,2,MID,50,0,0,0.0,0.0,0.0,0,1,0,0,0,2026-08-18T09:50:43.584066+00:00,2026-08-18T09:51:31.340005+00:00
19,58,Kamara,2,MID,49,0,0,0.0,0.0,0.0,0,1,0,0,0,2026-08-18T09:50:43.584066+00:00,2026-08-18T09:51:31.340005+00:00
19,59,Onana,2,MID,48,1.9024,2.1593,0.48,0.1144,0.4556,0.0048,1,1,45,1,2026-08-18T09:50:43.584066+00:00,2026-08-18T09:51:31.340005+00:00
19,60,Broggio,2,MID,45,0,0,0.0,0.0,0.0,0,1,0,0,0,2026-08-18T09:50:43.584066+00:00,2026-08-18T09:51:31.340005+00:00
19,61,Dendoncker,2,MID,45,0,0,0.0,0.0,0.0,0,1,0,0,0,2026-08-18T09:50:43.584066+00:00,2026-08-18T09:51:31.340005+00:00
19,62,Jimoh-Aloba,2,MID,45,0,0,0.0,0.0,0.0,0,1,1,8,0,2026-08-18T09:50:43.584066+00:00,2026-08-18T09:51:31.340005+00:00
19,63,Young,2,MID,43,0,0,0.0,0.0,0.0,0,1,0,0,0,2026-08-18T09:50:43.584066+00:00,2026-08-18T09:51:31.340005+00:00
19,64,Watkins,2,FWD,85,2.1792,2.5564,0.48,0.1456,0.458,0.0224,1,5,90,1,2026-08-18T09:50:43.584066+00:00,2026-08-18T09:51:31.340005+00:00
19,65,Redmond,2,FWD,45,0,0,0.0,0.0,0.0,0,1,0,0,0,2026-08-18T09:50:43.584066+00:00,2026-08-18T09:51:31.340005+00:00
19,389,Elliott,2,MID,52,0.7132,1.2827,0.18,0.1804,0.1818,0.0008,1,0,0,0,2026-08-18T09:50:43.584066+00:00,2026-08-18T09:51:31.340005+00:00
19,456,Sancho,2,MID,58,1.4796,1.7656,0.45,0.154,0.4308,0.004,1,2,60,1,2026-08-18T09:50:43.584066+00:00,2026-08-18T09:51:31.340005+00:00
19,688,Wright,2,GKP,39,0.1684,0.7496,0.04,0.0384,0.0403,0.0,1,0,0,0,2026-08-18T09:50:43.584066+00:00,2026-08-18T09:51:31.340005+00:00
19,699,Douglas Luiz,2,MID,49,1.0708,1.6878,0.28,0.1584,0.2731,0.0012,1,0,45,1,2026-08-18T09:50:43.584066+00:00,2026-08-18T09:51:31.340005+00:00
19,701,Rowe,2,DEF,40,0,0,0.0,0.0,0.0,0,1,0,0,0,2026-08-18T09:50:43.584066+00:00,2026-08-18T09:51:31.340005+00:00
19,702,Burrowes,2,MID,44,0.416,0.8778,0.1,0.198,0.1088,0.0,1,0,0,0,2026-08-18T09:50:43.584066+00:00,2026-08-18T09:51:31.340005+00:00
19,703,Proctor,2,GKP,39,0.1436,0.6449,0.04,0.0384,0.0403,0.0,1,0,0,0,2026-08-18T09:50:43.584066+00:00,2026-08-18T09:51:31.340005+00:00
19,710,Patterson,2,DEF,39,0.4716,1.1211,0.1,0.198,0.1088,0.0012,1,0,0,0,2026-08-18T09:50:43.584066+00:00,2026-08-18T09:51:31.340005+00:00
19,719,Lindelöf,2,DEF,45,0.7316,1.4393,0.22,0.1716,0.2183,0.0012,1,0,90,1,2026-08-18T09:50:43.584066+00:00,2026-08-18T09:51:31.340005+00:00
19,754,George Hemmings,2,MID,45,0.4388,0.9309,0.1,0.198,0.1088,0.0004,1,1,8,0,2026-08-18T09:50:43.584066+00:00,2026-08-18T09:51:31.340005+00:00
19,757,Hollingshead,2,GKP,40,0.1456,0.6769,0.04,0.0384,0.0403,0.0,1,0,0,0,2026-08-18T09:50:43.584066+00:00,2026-08-18T09:51:31.340005+00:00
19,768,Leon Routh,2,DEF,40,0.4492,1.0601,0.1,0.198,0.1088,0.0,1,0,0,0,2026-08-18T09:50:43.584066+00:00,2026-08-18T09:51:31.340005+00:00
19,781,Carroll,2,DEF,40,0.4888,1.1049,0.1,0.198,0.1088,0.0004,1,,,,2026-08-18T09:50:43.584066+00:00,
19,792,Alysson,2,MID,50,0,0,0.0,0.0,0.0,0,1,,,,2026-08-18T09:50:43.584066+00:00,
19,808,Abraham,2,FWD,57,1.3768,1.6434,0.45,0.154,0.4308,0.0032,1,,,,2026-08-18T09:50:43.584066+00:00,
19,183,Weiss,3,GKP,43,0.1324,0.6781,0.04,0.0384,0.0403,0.0,1,0,0,0,2026-08-18T09:50:43.584066+00:00,2026-08-18T09:51:31.340005+00:00
19,184,Green,3,GKP,40,0,0,0.0,0.0,0.0,0,1,0,0,0,2026-08-18T09:50:43.584066+00:00,2026-08-18T09:51:31.340005+00:00
19,185,Hladký,3,GKP,39,0.1852,0.8574,0.04,0.0384,0.0403,0.0,1,0,0,0,2026-08-18T09:50:43.584066+00:00,2026-08-18T09:51:31.340005+00:00
19,186,Roberts,3,DEF,44,0.5756,1.4368,0.1,0.198,0.1088,0.0032,1,0,0,0,2026-08-18T09:50:43.584066+00:00,2026-08-18T09:51:31.340005+00:00
19,187,Walker,3,DEF,44,0.7716,1.6156,0.22,0.1404,0.2158,0.0012,1,0,90,1,2026-08-18T09:50:43.584066+00:00,2026-08-18T09:51:31.340005+00:00
19,188,Delcroix,3,DEF,38,0,0,0.0,0.0,0.0,0,1,0,0,0,2026-08-18T09:50:43.584066+00:00,2026-08-18T09:51:31.340005+00:00
19,189,Dodgson,3,DEF,40,0,0,0.0,0.0,0.0,0,1,0,0,0,2026-08-18T09:50:43.584066+00:00,2026-08-18T09:51:31.340005+00:00
19,190,Ekdal,3,DEF,39,1.1084,2.0775,0.22,0.1716,0.2183,0.0048,1,3,90,1,2026-08-18T09:50:43.584066+00:00,2026-08-18T09:51:31.340005+00:00
19,191,Estève,3,DEF,39,1.1456,2.1023,0.22,0.1716,0.2183,0.0044,1,0,14,0,2026-08-18T09:50:43.584066+00:00,2026-08-18T09:51:31.340005+00:00
19,192,Hartman,3,DEF,40,1.0028,1.8416,0.22,0.1716,0.2183,0.0028,1,0,0,0,2026-08-18T09:50:43.584066+00:00,2026-08-18T09:51:31.340005+00:00
19,193,Humphreys,3,DEF,39,0.5572,1.337,0.1,0.198,0.1088,0.0012,1,2,75,1,2026-08-18T09:50:43.584066+00:00,2026-08-18T09:51:31.340005+00:00
19,194,Jordan,3,DEF,39,0,0,0.0,0.0,0.0,0,1,0,0,0,2026-08-18T09:50:43.584066+00:00,2026-08-18T09:51:31.340005+00:00
19,195,Lucas Pires,3,DEF,38,0.8604,1.6699,0.22,0.1716,0.2183,0.0016,1,1,90,1,2026-08-18T09:50:43.584066+00:00,2026-08-18T09:51:31.340005+00:00
19,196,Sambo,3,DEF,40,0,0,0.0,0.0,0.0,0,1,0,0,0,2026-08-18T09:50:43.584066+00:00,2026-08-18T09:51:31.340005+00:00
19,197,Sonne,3,DEF,38,0,0,0.0,0.0,0.0,0,1,0,0,0,2026-08-18T09:50:43.584066+00:00,2026-08-18T09:51:31.340005+00:00
19,198,Tuanzebe,3,DEF,39,0.9616,1.817,0.22,0.1716,0.2183,0.0,1,0,0,0,2026-08-18T09:50:43.584066+00:00,2026-08-18T09:51:31.340005+00:00
19,199,Worrall,3,DEF,38,0.644,1.5856,0.1,0.198,0.1088,0.0004,1,0,0,0,2026-08-18T09:50:43.584066+00:00,2026-08-18T09:51:31.340005+00:00
19,200,Anthony,3,MID,52,1.9636,2.4421,0.48,0.1144,0.4556,0.012,1,0,0,0,2026-08-18T09:50:43.584066+00:00,2026-08-18T09:51:31.340005+00:00
19,201,Benson,3,MID,54,0,0,0.0,0.0,0.0,0,1,0,0,0,2026-08-18T09:50:43.584066+00:00,2026-08-18T09:51:31.340005+00:00
19,202,Bruun Larsen,3,MID,53,1.6992,2.1418,0.48,0.1144,0.4556,0.01,1,1,16,0,2026-08-18T09:50:43.584066+00:00,2026-08-18T09:51:31.340005+00:00
19,203,Boateng,3,MID,47,0.6744,1.243,0.18,0.1804,0.1818,0.0004,1,0,0,0,2026-08-18T09:50:43.584066+00:00,2026-08-18T09:51:31.340005+00:00
19,204,Churlinov,3,MID,49,0,0,0.0,0.0,0.0,0,1,0,0,0,2026-08-18T09:50:43.584066+00:00,2026-08-18T09:51:31.340005+00:00
19,205,Cullen,3,MID,50,0,0,0.0,0.0,0.0,0,1,0,0,0,2026-08-18T09:50:43.584066+00:00,2026-08-18T09:51:31.340005+00:00
19,206,Edwards,3,MID,47,0.7556,1.4336,0.18,0.1804,0.1818,0.0016,1,2,90,1,2026-08-18T09:50:43.584066+00:00,2026-08-18T09:51:31.340005+00:00
19,207,Hannibal,3,MID,47,0.988,1.4794,0.28,0.1584,0.2731,0.0008,1,0,0,0,2026-08-18T09:50:43.584066+00:00,2026-08-18T09:51:31.340005+00:00
19,208,Koleosho,3,MID,50,0,0,0.0,0.0,0.0,0,1,0,0,0,2026-08-18T09:50:43.584066+00:00,2026-08-18T09:51:31.340005+00:00
19,209,Laurent,3,MID,48,1.4384,1.7147,0.48,0.1144,0.4556,0.0024,1,10,90,1,2026-08-18T09:50:43.584066+00:00,2026-08-18T09:51:31.340005+00:00
19,210,Tchaouna,3,MID,49,1.4432,1.739,0.48,0.1144,0.4556,0.0044,1,2,73,1,2026-08-18T09:50:43.584066+00:00,2026-08-18T09:51:31.340005+00:00
19,211,A.Ramsey,3,MID,44,0,0,0.0,0.0,0.0,0,1,0,0,0,2026-08-18T09:50:43.584066+00:00,2026-08-18T09:51:31.340005+00:00
19,212,Adewumi,3,MID,45,0,0,0.0,0.0,0.0,0,1,0,0,0,2026-08-18T09:50:43.584066+00:00,2026-08-18T09:51:31.340005+00:00
19,213,Banel,3,MID,45,0,0,0.0,0.0,0.0,0,1,0,0,0,2026-08-18T09:50:43.584066+00:00,2026-08-18T09:51:31.340005+00:00
19,214,Trésor,3,MID,44,0.4904,0.9867,0.1,0.198,0.1088,0.0,1,1,2,0,2026-08-18T09:50:43.584066+00:00,2026-08-18T09:51:31.340005+00:00
19,215,Flemming,3,FWD,53,1.6284,2.1513,0.48,0.1144,0.4556,0.01,1,0,0,0,2026-08-18T09:50:43.584066+00:00,2026-08-18T09:51:31.340005+00:00
19,216,Amdouni,3,FWD,48,0.644,1.1659,0.18,0.1804,0.1818,0.0004,1,0,0,0,2026-08-18T09:50:43.584066+00:00,2026-08-18T09:51:31.340005+00:00
19,217,Foster,3,FWD,49,1.502,1.8342,0.48,0.1144,0.4556,0.0028,1,0,0,0,2026-08-18T09:50:43.584066+00:00,2026-08-18T09:51:31.340005+00:00
19,218,Barnes,3,FWD,43,0.5572,1.2047,0.1,0.198,0.1088,0.0008,1,1,2,0,2026-08-18T09:50:43.584066+00:00,2026-08-18T09:51:31.340005+00:00
19,219,Obafemi,3,FWD,44,0,0,0.0,0.0,0.0,0,1,0,0,0,2026-08-18T09:50:43.584066+00:00,2026-08-18T09:51:31.340005+00:00
19,470,Dúbravka,3,GKP,40,3.6196,2.3565,0.9,0.004,0.8373,0.0036,1,2,90,1,2026-08-18T09:50:43.584066+00:00,2026-08-18T09:51:31.340005+00:00
19,614,Ward-Prowse,3,MID,56,1.1464,1.7485,0.28,0.2016,0.2765,0.0032,1,0,0,0,2026-08-18T09:50:43.584066+00:00,2026-08-18T09:51:31.340005+00:00
19,676,Ugochukwu,3,MID,50,1.982,2.3603,0.48,0.1144,0.4556,0.0096,1,4,87,1,2026-08-18T09:50:43.584066+00:00,2026-08-18T09:51:31.340005+00:00
19,680,Broja,3,FWD,52,0.9356,1.5119,0.28,0.1584,0.2731,0.0032,1,7,90,1,2026-08-18T09:50:43.584066+00:00,2026-08-18T09:51:31.340005+00:00
19,722,Florentino,3,MID,50,1.9128,2.1507,0.48,0.1144,0.4556,0.0044,1,3,87,1,2026-08-18T09:50:43.584066+00:00,2026-08-18T09:51:31.340005+00:00
19,776,Pimlott,3,MID,45,0.4428,0.9303,0.1,0.198,0.1088,0.0,1,0,0,0,2026-08-18T09:50:43.584066+00:00,2026-08-18T09:51:31.340005+00:00
19,784,Brierley,3,MID,45,0.5176,1.0134,0.1,0.198,0.1088,0.0,1,,,,2026-08-18T09:50:43.584066+00:00,
19,820,McMahon-Brown,3,MID,45,0.4924,0.9814,0.1,0.198,0.1088,0.0,1,,,,2026-08-18T09:50:43.584066+00:00,
19,66,Neto,4,GKP,45,0,0,0.0,0.0,0.0,0,1,0,0,0,2026-08-18T09:50:43.584066+00:00,2026-08-18T09:51:31.340005+00:00
19,67,Petrović,4,GKP,45,2.7876,2.0526,0.9,0.004,0.8373,0.0,1,1,90,1,2026-08-18T09:50:43.584066+00:00,2026-08-18T09:51:31.340005+00:00
19,68,Dennis,4,GKP,40,0,0,0.0,0.0,0.0,0,1,0,0,0,2026-08-18T09:50:43.584066+00:00,2026-08-18T09:51:31.340005+00:00
19,69,McKenna,4,GKP,39,0.1608,0.7008,0.04,0.0384,0.0403,0.0,1,0,0,0,2026-08-18T09:50:43.584066+00:00,2026-08-18T09:51:31.340005+00:00
19,70,Paulsen,4,GKP,40,0,0,0.0,0.0,0.0,0,1,0,0,0,2026-08-18T09:50:43.584066+00:00,2026-08-18T09:51:31.340005+00:00
19,71,Zabarnyi,4,DEF,50,0,0,0.0,0.0,0.0,0,1,0,0,0,2026-08-18T09:50:43.584066+00:00,2026-08-18T09:51:31.340005+00:00
19,72,Senesi,4,DEF,49,3.2784,2.9775,0.68,0.0704,0.638,0.028,1,3,90,1,2026-08-18T09:50:43.584066+00:00,2026-08-18T09:51:31.340005+00:00
19,73,Smith,4,DEF,44,0.6668,1.3153,0.22,0.1716,0.2183,0.0,1,1,1,0,2026-08-18T09:50:43.584066+00:00,2026-08-18T09:51:31.340005+00:00
19,74,Truffert,4,DEF,45,0.8744,1.7843,0.22,0.1404,0.2158,0.0024,1,3,90,1,2026-08-18T09:50:43.584066+00:00,2026-08-18T09:51:31.340005+00:00
19,75,Akinmboni,4,DEF,38,0.4884,1.1458,0.1,0.198,0.1088,0.0,1,0,0,0,2026-08-18T09:50:43.584066+00:00,2026-08-18T09:51:31.340005+00:00
19,76,Bevan,4,DEF,39,0.456,1.0567,0.1,0.198,0.1088,0.0004,1,0,0,0,2026-08-18T09:50:43.584066+00:00,2026-08-18T09:51:31.340005+00:00
19,77,Hill,4,DEF,39,0.7928,1.5314,0.22,0.1716,0.2183,0.002,1,3,90,1,2026-08-18T09:50:43.584066+00:00,2026-08-18T09:51:31.340005+00:00
19,78,J.Araujo,4,DEF,38,0,0,0.0,0.0,0.0,0,1,0,0,0,2026-08-18T09:50:43.584066+00:00,2026-08-18T09:51:31.340005+00:00
19,79,Mepham,4,DEF,40,0,0,0.0,0.0,0.0,0,1,0,0,0,2026-08-18T09:50:43.584066+00:00,2026-08-18T09:51:31.340005+00:00
19,80,Soler,4,DEF,40,0.45,1.0774,0.1,0.198,0.1088,0.0,1,0,0,0,2026-08-18T09:50:43.584066+00:00,2026-08-18T09:51:31.340005+00:00
19,81,Kluivert,4,MID,70,1.5956,2.0549,0.48,0.1456,0.458,0.0072,1,9,90,1,2026-08-18T09:50:43.584066+00:00,2026-08-18T09:51:31.340005+00:00
19,84,Tavernier,4,MID,56,2.8796,2.705,0.68,0.0896,0.6396,0.0252,1,3,90,1,2026-08-18T09:50:43.584066+00:00,2026-08-18T09:51:31.340005+00:00
19,85,Adams,4,MID,50,1.5736,1.8522,0.48,0.1144,0.4556,0.0012,1,0,0,0,2026-08-18T09:50:43.584066+00:00,2026-08-18T09:51:31.340005+00:00
19,86,Brooks,4,MID,50,1.6004,2.1401,0.48,0.1144,0.4556,0.0084,1,10,77,1,2026-08-18T09:50:43.584066+00:00,2026-08-18T09:51:31.340005+00:00
19,87,Christie,4,MID,49,0,0,0.0,0.0,0.0,0,1,0,0,0,2026-08-18T09:50:43.584066+00:00,2026-08-18T09:51:31.340005+00:00
19,88,Cook,4,MID,49,1.3216,1.9421,0.28,0.1584,0.2731,0.0024,1,0,0,0,2026-08-18T09:50:43.584066+00:00,2026-08-18T09:51:31.340005+00:00
19,89,Philip,4,MID,49,0,0,0.0,0.0,0.0,0,1,0,0,0,2026-08-18T09:50:43.584066+00:00,2026-08-18T09:51:31.340005+00:00
19,90,Scott,4,MID,50,1.8048,2.1173,0.48,0.1144,0.4556,0.0056,1,2,90,1,2026-08-18T09:50:43.584066+00:00,2026-08-18T09:51:31.340005+00:00
19,91,Sinisterra,4,MID,50,0,0,0.0,0.0,0.0,0,1,0,0,0,2026-08-18T09:50:43.584066+00:00,2026-08-18T09:51:31.340005+00:00
19,92,Faivre,4,MID,45,0,0,0.0,0.0,0.0,0,1,0,0,0,2026-08-18T09:50:43.584066+00:00,2026-08-18T09:51:31.340005+00:00
19,93,H.Traorè,4,MID,45,0,0,0.0,0.0,0.0,0,1,0,0,0,2026-08-18T09:50:43.584066+00:00,2026-08-18T09:51:31.340005+00:00
19,94,Sadi,4,MID,45,0,0,0.0,0.0,0.0,0,1,0,0,0,2026-08-18T09:50:43.584066+00:00,2026-08-18T09:51:31.340005+00:00
19,95,Silcott-Duberry,4,MID,44,0,0,0.0,0.0,0.0,0,1,0,0,0,2026-08-18T09:50:43.584066+00:00,2026-08-18T09:51:31.340005+00:00
19,96,Winterburn,4,MID,45,0,0,0.0,0.0,0.0,0,1,0,0,0,2026-08-18T09:50:43.584066+00:00,2026-08-18T09:51:31.340005+00:00
19,97,Evanilson,4,FWD,70,1.8404,2.2779,0.48,0.1456,0.458,0.0152,1,2,81,1,2026-08-18T09:50:43.584066+00:00,2026-08-18T09:51:31.340005+00:00
19,98,Enes Ünal,4,FWD,54,0.6972,1.3038,0.18,0.1804,0.1818,0.0016,1,1,8,0,2026-08-18T09:50:43.584066+00:00,2026-08-18T09:51:31.340005+00:00
19,99,Adu-Adjei,4,FWD,44,0,0,0.0,0.0,0.0,0,1,0,0,0,2026-08-18T09:50:43.584066+00:00,2026-08-18T09:51:31.340005+00:00
19,100,Kroupi.Jr,4,FWD,46,1.9612,2.4506,0.48,0.1144,0.4556,0.0144,1,0,0,0,2026-08-18T09:50:43.584066+00:00,2026-08-18T09:51:31.340005+00:00
19,391,Gannon-Doak,4,MID,48,0.6552,1.1583,0.18,0.1804,0.1818,0.0004,1,0,0,0,2026-08-18T09:50:43.584066+00:00,2026-08-18T09:51:31.340005+00:00
19,685,Diakité,4,DEF,44,0.854,1.6103,0.22,0.1716,0.2183,0.0016,1,0,0,0,2026-08-18T09:50:43.584066+00:00,2026-08-18T09:51:31.340005+00:00
19,687,Rees-Dottin,4,MID,44,0.4528,0.8864,0.1,0.198,0.1088,0.0,1,0,0,0,2026-08-18T09:50:43.584066+00:00,2026-08-18T09:51:31.340005+00:00
19,697,Adli,4,MID,54,1.246,1.9791,0.28,0.1584,0.2731,0.0044,1,1,12,0,2026-08-18T09:50:43.584066+00:00,2026-08-18T09:51:31.340005+00:00
19,713,A.Jimenez,4,DEF,45,0.6912,1.4524,0.22,0.1716,0.2183,0.0024,1,3,90,1,2026-08-18T09:50:43.584066+00:00,2026-08-18T09:51:31.340005+00:00
19,721,Milosavljević,4,DEF,44,0.9236,1.7417,0.22,0.1716,0.2183,0.0028,1,0,0,0,2026-08-18T09:50:43.584066+00:00,2026-08-18T09:51:31.340005+00:00
19,756,DaCosta,4,MID,45,0.4716,0.9278,0.1,0.198,0.1088,0.0004,1,0,0,0,2026-08-18T09:50:43.584066+00:00,2026-08-18T09:51:31.340005+00:00
19,782,Forster,4,GKP,40,0.1604,0.7237,0.04,0.0384,0.0403,0.0,1,,,,2026-08-18T09:50:43.584066+00:00,
19,799,Stevens,4,MID,45,0.484,1.0015,0.1,0.198,0.1088,0.0008,1,,,,2026-08-18T09:50:43.584066+00:00,
19,801,Tóth.A,4,MID,49,0.6804,1.2428,0.18,0.1804,0.1818,0.0016,1,,,,2026-08-18T09:50:43.584066+00:00,
19,806,Mandas,4,GKP,40,0.192,0.812,0.04,0.0384,0.0403,0.0,1,,,,2026-08-18T09:50:43.584066+00:00,
19,807,Rayan,4,MID,54,0.7524,1.4477,0.18,0.1804,0.1818,0.0032,1,,,,2026-08-18T09:50:43.584066+00:00,
19,27,Nelson,5,MID,48,1.1496,1.9545,0.18,0.1804,0.1818,0.0036,1,1,10,0,2026-08-18T09:50:43.584066+00:00,2026-08-18T09:51:31.340005+00:00
19,83,O.Dango,5,MID,59,2.2148,2.7434,0.48,0.1456,0.458,0.0216,1,0,0,0,2026-08-18T09:50:43.584066+00:00,2026-08-18T09:51:31.340005+00:00
19,101,Kelleher,5,GKP,45,3.2772,2.2346,0.9,0.004,0.8373,0.0,1,6,90,1,2026-08-18T09:50:43.584066+00:00,2026-08-18T09:51:31.340005+00:00
19,102,Balcombe,5,GKP,39,0.1668,0.804,0.04,0.0384,0.0403,0.0,1,0,0,0,2026-08-18T09:50:43.584066+00:00,2026-08-18T09:51:31.340005+00:00
19,103,Cox,5,GKP,39,0,0,0.0,0.0,0.0,0,1,0,0,0,2026-08-18T09:50:43.584066+00:00,2026-08-18T09:51:31.340005+00:00
19,104,Eyestone,5,GKP,39,0.1524,0.7221,0.04,0.0384,0.0403,0.0,1,0,0,0,2026-08-18T09:50:43.584066+00:00,2026-08-18T09:51:31.340005+00:00
19,105,Valdimarsson,5,GKP,39,0.1672,0.7496,0.04,0.0384,0.0403,0.0,1,0,0,0,2026-08-18T09:50:43.584066+00:00,2026-08-18T09:51:31.340005+00:00
19,106,Collins,5,DEF,49,3.2652,3.0705,0.68,0.0576,0.637,0.0308,1,9,90,1,2026-08-18T09:50:43.584066+00:00,2026-08-18T09:51:31.340005+00:00
19,107,Lewis-Potter,5,DEF,49,1.9248,2.5563,0.48,0.1144,0.4556,0.012,1,6,90,1,2026-08-18T09:50:43.584066+00:00,2026-08-18T09:51:31.340005+00:00
19,108,Ajer,5,DEF,44,1.068,2.0565,0.22,0.1716,0.2183,0.006,1,9,90,1,2026-08-18T09:50:43.584066+00:00,2026-08-18T09:51:31.340005+00:00
19,109,Henry,5,DEF,43,0,0,0.0,0.0,0.0,0,1,6,90,1,2026-08-18T09:50:43.584066+00:00,2026-08-18T09:51:31.340005+00:00
19,110,Kayode,5,DEF,45,0.9648,1.8926,0.22,0.1404,0.2158,0.0012,1,6,90,1,2026-08-18T09:50:43.584066+00:00,2026-08-18T09:51:31.340005+00:00
19,111,Pinnock,5,DEF,42,1.0836,2.0319,0.22,0.1716,0.2183,0.0028,1,0,0,0,2026-08-18T09:50:43.584066+00:00,2026-08-18T09:51:31.340005+00:00
19,112,Roerslev,5,DEF,45,0,0,0.0,0.0,0.0,0,1,0,0,0,2026-08-18T09:50:43.584066+00:00,2026-08-18T09:51:31.340005+00:00
19,113,Van den Berg,5,DEF,45,1.0788,2.1619,0.22,0.1404,0.2158,0.0096,1,0,0,0,2026-08-18T09:50:43.584066+00:00,2026-08-18T09:51:31.340005+00:00
19,114,Arthur,5,DEF,39,0,0,0.0,0.0,0.0,0,1,0,0,0,2026-08-18T09:50:43.584066+00:00,2026-08-18T09:51:31.340005+00:00
19,115,Fredrick,5,DEF,40,0,0,0.0,0.0,0.0,0,1,0,0,0,2026-08-18T09:50:43.584066+00:00,2026-08-18T09:51:31.340005+00:00
19,116,Hickey,5,DEF,40,0.8924,1.7683,0.22,0.1716,0.2183,0.0032,1,0,0,0,2026-08-18T09:50:43.584066+00:00,2026-08-18T09:51:31.340005+00:00
19,117,Ji-soo,5,DEF,39,0,0,0.0,0.0,0.0,0,1,0,0,0,2026-08-18T09:50:43.584066+00:00,2026-08-18T09:51:31.340005+00:00
19,118,Meghoma,5,DEF,40,0,0,0.0,0.0,0.0,0,1,0,0,0,2026-08-18T09:50:43.584066+00:00,2026-08-18T09:51:31.340005+00:00
19,120,Schade,5,MID,70,3.2984,3.4528,0.68,0.0896,0.6396,0.0516,1,3,79,1,2026-08-18T09:50:43.584066+00:00,2026-08-18T09:51:31.340005+00:00
19,121,Damsgaard,5,MID,58,2.1504,2.4609,0.48,0.1456,0.458,0.0136,1,0,0,0,2026-08-18T09:50:43.584066+00:00,2026-08-18T09:51:31.340005+00:00
19,122,Milambo,5,MID,52,0,0,0.0,0.0,0.0,0,1,0,0,0,2026-08-18T09:50:43.584066+00:00,2026-08-18T09:51:31.340005+00:00
19,123,Carvalho,5,MID,47,0,0,0.0,0.0,0.0,0,1,0,0,0,2026-08-18T09:50:43.584066+00:00,2026-08-18T09:51:31.340005+00:00
19,124,Henderson,5,MID,50,1.6688,1.9216,0.48,0.1144,0.4556,0.0024,1,2,90,1,2026-08-18T09:50:43.584066+00:00,2026-08-18T09:51:31.340005+00:00
19,125,Janelt,5,MID,49,1.3548,2.1934,0.28,0.1584,0.2731,0.0088,1,5,90,1,2026-08-18T09:50:43.584066+00:00,2026-08-18T09:51:31.340005+00:00
19,126,Jensen,5,MID,49,1.0588,1.7311,0.28,0.1584,0.2731,0.0044,1,1,10,0,2026-08-18T09:50:43.584066+00:00,2026-08-18T09:51:31.340005+00:00
19,127,Nunes,5,MID,49,0,0,0.0,0.0,0.0,0,1,0,0,0,2026-08-18T09:50:43.584066+00:00,2026-08-18T09:51:31.340005+00:00
19,128,Onyeka,5,MID,48,0,0,0.0,0.0,0.0,0,1,0,0,0,2026-08-18T09:50:43.584066+00:00,2026-08-18T09:51:31.340005+00:00
19,129,Yarmoliuk,5,MID,50,2.2708,1.9764,0.68,0.0704,0.638,0.0044,1,5,79,1,2026-08-18T09:50:43.584066+00:00,2026-08-18T09:51:31.340005+00:00
19,130,Donovan,5,MID,44,0.5172,1.0224,0.1,0.198,0.1088,0.0,1,0,0,0,2026-08-18T09:50:43.584066+00:00,2026-08-18T09:51:31.340005+00:00
19,131,Konak,5,MID,43,0,0,0.0,0.0,0.0,0,1,0,0,0,2026-08-18T09:50:43.584066+00:00,2026-08-18T09:51:31.340005+00:00
19,132,Maghoma,5,MID,45,0,0,0.0,0.0,0.0,0,1,0,0,0,2026-08-18T09:50:43.584066+00:00,2026-08-18T09:51:31.340005+00:00
19,133,Peart-Harris,5,MID,44,0,0,0.0,0.0,0.0,0,1,0,0,0,2026-08-18T09:50:43.584066+00:00,2026-08-18T09:51:31.340005+00:00
19,134,Trevitt,5,MID,45,0,0,0.0,0.0,0.0,0,1,0,0,0,2026-08-18T09:50:43.584066+00:00,2026-08-18T09:51:31.340005+00:00
19,136,Thiago,5,FWD,70,3.4992,3.321,0.68,0.0896,0.6396,0.0736,1,2,90,1,2026-08-18T09:50:43.584066+00:00,2026-08-18T09:51:31.340005+00:00
19,137,Morgan,5,FWD,44,0,0,0.0,0.0,0.0,0,1,0,0,0,2026-08-18T09:50:43.584066+00:00,2026-08-18T09:51:31.340005+00:00
19,748,Dasilva,5,MID,49,0.6608,1.2136,0.18,0.1804,0.1818,0.0008,1,0,0,0,2026-08-18T09:50:43.584066+00:00,2026-08-18T09:51:31.340005+00:00
19,797,Furo,5,FWD,45,0.448,0.8947,0.1,0.198,0.1088,0.0,1,,,,2026-08-18T09:50:43.584066+00:00,
19,810,Bentt,5,MID,45,0.4668,0.9886,0.1,0.198,0.1088,0.0004,1,,,,2026-08-18T09:50:43.584066+00:00,
19,819,Shield,5,DEF,40,0.5536,1.3505,0.1,0.198,0.1088,0.0012,1,,,,2026-08-18T09:50:43.584066+00:00,
19,823,Stephenson,5,DEF,40,0.5508,1.2442,0.1,0.198,0.1088,0.0004,1,,,,2026-08-18T09:50:43.584066+00:00,
19,824,McManus,5,DEF,40,0.54,1.303,0.1,0.198,0.1088,0.0016,1,,,,2026-08-18T09:50:43.584066+00:00,
19,826,Owen,5,MID,45,0.4812,0.9489,0.1,0.198,0.1088,0.0,1,,,,2026-08-18T09:50:43.584066+00:00,
19,138,Steele,6,GKP,42,0.142,0.6515,0.04,0.0384,0.0403,0.0,1,0,0,0,2026-08-18T09:50:43.584066+00:00,2026-08-18T09:51:31.340005+00:00
19,139,Verbruggen,6,GKP,44,2.7972,2.0774,0.9,0.004,0.8373,0.0,1,1,90,1,2026-08-18T09:50:43.584066+00:00,2026-08-18T09:51:31.340005+00:00
19,140,McGill,6,GKP,39,0.1504,0.7144,0.04,0.0384,0.0403,0.0,1,0,0,0,2026-08-18T09:50:43.584066+00:00,2026-08-18T09:51:31.340005+00:00
19,141,Rushworth,6,GKP,40,0,0,0.0,0.0,0.0,0,1,0,0,0,2026-08-18T09:50:43.584066+00:00,2026-08-18T09:51:31.340005+00:00
19,142,Scherpen,6,GKP,40,0,0,0.0,0.0,0.0,0,1,0,0,0,2026-08-18T09:50:43.584066+00:00,2026-08-18T09:51:31.340005+00:00
19,143,Boscagli,6,DEF,42,0.51,1.2222,0.1,0.198,0.1088,0.0004,1,0,0,0,2026-08-18T09:50:43.584066+00:00,2026-08-18T09:51:31.340005+00:00
19,144,Coppola,6,DEF,42,0,0,0.0,0.0,0.0,0,1,0,0,0,2026-08-18T09:50:43.584066+00:00,2026-08-18T09:51:31.340005+00:00
19,145,De Cuyper,6,DEF,43,0.954,1.9139,0.22,0.1716,0.2183,0.004,1,0,57,1,2026-08-18T09:50:43.584066+00:00,2026-08-18T09:51:31.340005+00:00
19,146,Dunk,6,DEF,45,0.7104,1.4583,0.22,0.1716,0.2183,0.0012,1,2,90,1,2026-08-18T09:50:43.584066+00:00,2026-08-18T09:51:31.340005+00:00
19,147,Estupiñan,6,DEF,45,0,0,0.0,0.0,0.0,0,1,0,0,0,2026-08-18T09:50:43.584066+00:00,2026-08-18T09:51:31.340005+00:00
19,148,F.Kadıoğlu,6,DEF,44,0.7936,1.5809,0.22,0.1716,0.2183,0.0016,1,4,90,1,2026-08-18T09:50:43.584066+00:00,2026-08-18T09:51:31.340005+00:00
19,149,Igor,6,DEF,45,0.5672,1.3934,0.1,0.198,0.1088,0.0012,1,0,0,0,2026-08-18T09:50:43.584066+00:00,2026-08-18T09:51:31.340005+00:00
19,150,Lamptey,6,DEF,44,0,0,0.0,0.0,0.0,0,1,0,0,0,2026-08-18T09:50:43.584066+00:00,2026-08-18T09:51:31.340005+00:00
19,151,Van Hecke,6,DEF,45,0.9736,2.0203,0.22,0.1404,0.2158,0.0092,1,0,90,1,2026-08-18T09:50:43.584066+00:00,2026-08-18T09:51:31.340005+00:00
19,152,Veltman,6,DEF,43,0.934,1.7567,0.22,0.1716,0.2183,0.0012,1,10,90,1,2026-08-18T09:50:43.584066+00:00,2026-08-18T09:51:31.340005+00:00
19,153,Webster,6,DEF,44,0,0,0.0,0.0,0.0,0,1,0,0,0,2026-08-18T09:50:43.584066+00:00,2026-08-18T09:51:31.340005+00:00
19,154,Cashin,6,DEF,40,0,0,0.0,0.0,0.0,0,1,0,0,0,2026-08-18T09:50:43.584066+00:00,2026-08-18T09:51:31.340005+00:00
19,155,Slater,6,DEF,40,0,0,0.0,0.0,0.0,0,1,0,0,0,2026-08-18T09:50:43.584066+00:00,2026-08-18T09:51:31.340005+00:00
19,156,Tasker,6,DEF,39,0.4612,1.0697,0.1,0.198,0.1088,0.0004,1,0,0,0,2026-08-18T09:50:43.584066+00:00,2026-08-18T09:51:31.340005+00:00
19,157,Mitoma,6,MID,61,0,0,0.0,0.0,0.0,0,1,1,32,0,2026-08-18T09:50:43.584066+00:00,2026-08-18T09:51:31.340005+00:00
19,158,Georginio,6,MID,56,1.6944,1.9625,0.48,0.1456,0.458,0.004,1,1,18,0,2026-08-18T09:50:43.584066+00:00,2026-08-18T09:51:31.340005+00:00
19,159,March,6,MID,58,1.474,1.8147,0.45,0.154,0.4308,0.002,1,0,0,0,2026-08-18T09:50:43.584066+00:00,2026-08-18T09:51:31.340005+00:00
19,160,Minteh,6,MID,60,2.6648,2.4706,0.68,0.0896,0.6396,0.0204,1,4,57,1,2026-08-18T09:50:43.584066+00:00,2026-08-18T09:51:31.340005+00:00
19,161,Enciso,6,MID,54,0,0,0.0,0.0,0.0,0,1,0,0,0,2026-08-18T09:50:43.584066+00:00,2026-08-18T09:51:31.340005+00:00
19,162,Gruda,6,MID,54,0,0,0.0,0.0,0.0,0,1,1,32,0,2026-08-18T09:50:43.584066+00:00,2026-08-18T09:51:31.340005+00:00
19,163,Hinshelwood,6,MID,51,1.0328,1.5839,0.28,0.1584,0.2731,0.004,1,1,18,0,2026-08-18T09:50:43.584066+00:00,2026-08-18T09:51:31.340005+00:00
19,164,O'Riley,6,MID,55,1.5316,1.9399,0.45,0.154,0.4308,0.0072,1,0,0,0,2026-08-18T09:50:43.584066+00:00,2026-08-18T09:51:31.340005+00:00
19,165,Sima,6,MID,54,0,0,0.0,0.0,0.0,0,1,0,0,0,2026-08-18T09:50:43.584066+00:00,2026-08-18T09:51:31.340005+00:00
19,166,Ayari,6,MID,48,1.8624,2.1832,0.48,0.1144,0.4556,0.0048,1,4,90,1,2026-08-18T09:50:43.584066+00:00,2026-08-18T09:51:31.340005+00:00
19,167,Baleba,6,MID,46,1.3844,1.6204,0.48,0.1144,0.4556,0.0012,1,0,0,0,2026-08-18T09:50:43.584066+00:00,2026-08-18T09:51:31.340005+00:00
19,169,Gomez,6,MID,49,1.9252,2.5592,0.48,0.1144,0.4556,0.0196,1,2,71,1,2026-08-18T09:50:43.584066+00:00,2026-08-18T09:51:31.340005+00:00
19,170,Milner,6,MID,49,0.926,1.8871,0.18,0.1804,0.1818,0.008,1,1,71,1,2026-08-18T09:50:43.584066+00:00,2026-08-18T09:51:31.340005+00:00
19,171,Sarmiento,6,MID,49,0,0,0.0,0.0,0.0,0,1,0,0,0,2026-08-18T09:50:43.584066+00:00,2026-08-18T09:51:31.340005+00:00
19,172,Watson,6,MID,48,0,0,0.0,0.0,0.0,0,1,0,0,0,2026-08-18T09:50:43.584066+00:00,2026-08-18T09:51:31.340005+00:00
19,173,Wieffer,6,MID,49,2.0968,2.4875,0.48,0.1144,0.4556,0.0156,1,0,0,0,2026-08-18T09:50:43.584066+00:00,2026-08-18T09:51:31.340005+00:00
19,174,Yalcouye,6,MID,50,0,0,0.0,0.0,0.0,0,1,0,0,0,2026-08-18T09:50:43.584066+00:00,2026-08-18T09:51:31.340005+00:00
19,175,Knight,6,MID,44,0,0,0.0,0.0,0.0,0,1,0,0,0,2026-08-18T09:50:43.584066+00:00,2026-08-18T09:51:31.340005+00:00
19,176,Mazilu,6,MID,45,0,0,0.0,0.0,0.0,0,1,0,0,0,2026-08-18T09:50:43.584066+00:00,2026-08-18T09:51:31.340005+00:00
19,177,Moran,6,MID,45,0,0,0.0,0.0,0.0,0,1,0,0,0,2026-08-18T09:50:43.584066+00:00,2026-08-18T09:51:31.340005+00:00
19,178,Welbeck,6,FWD,63,2.056,2.4984,0.48,0.1456,0.458,0.0164,1,3,82,1,2026-08-18T09:50:43.584066+00:00,2026-08-18T09:51:31.340005+00:00
19,179,Ferguson,6,FWD,55,0,0,0.0,0.0,0.0,0,1,0,0,0,2026-08-18T09:50:43.584066+00:00,2026-08-18T09:51:31.340005+00:00
19,180,Tzimas,6,FWD,52,0,0,0.0,0.0,0.0,0,1,0,0,0,2026-08-18T09:50:43.584066+00:00,2026-08-18T09:51:31.340005+00:00
19,181,Kostoulas,6,FWD,48,0.9968,1.811,0.18,0.1804,0.1818,0.0028,1,0,7,0,2026-08-18T09:50:43.584066+00:00,2026-08-18T09:51:31.340005+00:00
19,744,Oriola,6,MID,45,0.4676,0.9302,0.1,0.198,0.1088,0.0,1,0,0,0,2026-08-18T09:50:43.584066+00:00,2026-08-18T09:51:31.340005+00:00
19,761,Simmonds,6,DEF,40,0.452,1.1021,0.1,0.198,0.1088,0.0004,1,0,0,0,2026-08-18T09:50:43.584066+00:00,2026-08-18T09:51:31.340005+00:00
19,783,Groß,6,MID,56,1.5536,1.8703,0.45,0.154,0.4308,0.0028,1,,,,2026-08-18T09:50:43.584066+00:00,
19,795,Howell,6,MID,45,0.4692,0.9699,0.1,0.198,0.1088,0.0,1,,,,2026-08-18T09:50:43.584066+00:00,
19,220,Sánchez,7,GKP,49,3.1208,2.2316,0.9,0.008,0.8376,0.0012,1,2,90,1,2026-08-18T09:50:43.584066+00:00,2026-08-18T09:51:31.340005+00:00
19,221,Jörgensen,7,GKP,43,0.1592,0.7203,0.04,0.0384,0.0403,0.0,1,0,0,0,2026-08-18T09:50:43.584066+00:00,2026-08-18T09:51:31.340005+00:00
19,222,Penders,7,GKP,40,0,0,0.0,0.0,0.0,0,1,0,0,0,2026-08-18T09:50:43.584066+00:00,2026-08-18T09:51:31.340005+00:00
19,223,Slonina,7,GKP,39,0.1644,0.7772,0.04,0.0384,0.0403,0.0,1,0,0,0,2026-08-18T09:50:43.584066+00:00,2026-08-18T09:51:31.340005+00:00
19,224,Cucurella,7,DEF,62,2.6508,2.7239,0.68,0.0576,0.637,0.0152,1,0,0,0,2026-08-18T09:50:43.584066+00:00,2026-08-18T09:51:31.340005+00:00
19,225,James,7,DEF,57,2.1364,2.7493,0.48,0.1456,0.458,0.0188,1,1,45,1,2026-08-18T09:50:43.584066+00:00,2026-08-18T09:51:31.340005+00:00
19,226,Chalobah,7,DEF,56,2.9292,2.8798,0.68,0.0896,0.6396,0.0188,1,1,90,1,2026-08-18T09:50:43.584066+00:00,2026-08-18T09:51:31.340005+00:00
19,227,Colwill,7,DEF,48,3.0676,2.5926,0.9,0.018,0.8384,0.0164,1,0,0,0,2026-08-18T09:50:43.584066+00:00,2026-08-18T09:51:31.340005+00:00
19,228,Gusto,7,DEF,50,2.12,2.7777,0.48,0.1144,0.4556,0.0176,1,1,90,1,2026-08-18T09:50:43.584066+00:00,2026-08-18T09:51:31.340005+00:00
19,229,B.Badiashile,7,DEF,44,0.8244,1.6182,0.22,0.1716,0.2183,0.0016,1,0,0,0,2026-08-18T09:50:43.584066+00:00,2026-08-18T09:51:31.340005+00:00
19,230,Fofana,7,DEF,44,0,0,0.0,0.0,0.0,0,1,3,90,1,2026-08-18T09:50:43.584066+00:00,2026-08-18T09:51:31.340005+00:00
19,231,M.Sarr,7,DEF,45,0.5332,1.3221,0.1,0.198,0.1088,0.0012,1,0,0,0,2026-08-18T09:50:43.584066+00:00,2026-08-18T09:51:31.340005+00:00
19,232,Tosin,7,DEF,41,1.148,2.1679,0.22,0.1716,0.2183,0.008,1,0,0,0,2026-08-18T09:50:43.584066+00:00,2026-08-18T09:51:31.340005+00:00
19,233,Acheampong,7,DEF,38,0.9588,1.8168,0.22,0.1716,0.2183,0.002,1,0,45,1,2026-08-18T09:50:43.584066+00:00,2026-08-18T09:51:31.340005+00:00
19,234,Anselmino,7,DEF,40,0,0,0.0,0.0,0.0,0,1,0,0,0,2026-08-18T09:50:43.584066+00:00,2026-08-18T09:51:31.340005+00:00
19,235,Palmer,7,MID,104,1.7552,3.0237,0.28,0.2016,0.2765,0.0336,1,7,62,1,2026-08-18T09:50:43.584066+00:00,2026-08-18T09:51:31.340005+00:00
19,236,Neto,7,MID,73,2.9604,2.9185,0.68,0.0896,0.6396,0.0356,1,1,45,1,2026-08-18T09:50:43.584066+00:00,2026-08-18T09:51:31.340005+00:00
19,237,Enzo,7,MID,64,3.5172,3.5625,0.68,0.0896,0.6396,0.0652,1,9,90,1,2026-08-18T09:50:43.584066+00:00,2026-08-18T09:51:31.340005+00:00
19,238,Estêvão,7,MID,64,0,0,0.0,0.0,0.0,0,1,5,90,1,2026-08-18T09:50:43.584066+00:00,2026-08-18T09:51:31.340005+00:00
19,239,Gittens,7,MID,60,0.7512,1.4931,0.14,0.2408,0.1495,0.0016,1,1,1,0,2026-08-18T09:50:43.584066+00:00,2026-08-18T09:51:31.340005+00:00
19,240,Nkunku,7,MID,59,0,0,0.0,0.0,0.0,0,1,0,0,0,2026-08-18T09:50:43.584066+00:00,2026-08-18T09:51:31.340005+00:00
19,241,Caicedo,7,MID,57,2.3352,2.562,0.48,0.1456,0.458,0.0124,1,1,90,1,2026-08-18T09:50:43.584066+00:00,2026-08-18T09:51:31.340005+00:00
19,244,Lavia,7,MID,49,0.4576,1.0506,0.09,0.2002,0.0997,0.0004,1,0,0,0,2026-08-18T09:50:43.584066+00:00,2026-08-18T09:51:31.340005+00:00
19,245,Mudryk,7,MID,49,0,0,0.0,0.0,0.0,0,1,0,0,0,2026-08-18T09:50:43.584066+00:00,2026-08-18T09:51:31.340005+00:00
19,246,Andrey Santos,7,MID,45,1.1728,1.857,0.28,0.1584,0.2731,0.0044,1,1,3,0,2026-08-18T09:50:43.584066+00:00,2026-08-18T09:51:31.340005+00:00
19,247,D.Essugo,7,MID,43,0.478,1.027,0.1,0.198,0.1088,0.0004,1,0,0,0,2026-08-18T09:50:43.584066+00:00,2026-08-18T09:51:31.340005+00:00
19,248,Paez,7,MID,45,0,0,0.0,0.0,0.0,0,1,0,0,0,2026-08-18T09:50:43.584066+00:00,2026-08-18T09:51:31.340005+00:00
19,249,João Pedro,7,FWD,72,3.2668,3.0898,0.68,0.0896,0.6396,0.0456,1,1,27,0,2026-08-18T09:50:43.584066+00:00,2026-08-18T09:51:31.340005+00:00
19,250,Delap,7,FWD,62,1.0252,1.6216,0.28,0.2016,0.2765,0.004,1,2,86,1,2026-08-18T09:50:43.584066+00:00,2026-08-18T09:51:31.340005+00:00
19,251,N.Jackson,7,FWD,65,0,0,0.0,0.0,0.0,0,1,0,0,0,2026-08-18T09:50:43.584066+00:00,2026-08-18T09:51:31.340005+00:00
19,252,Marc Guiu,7,FWD,43,0.478,1.0842,0.1,0.198,0.1088,0.0012,1,0,0,0,2026-08-18T09:50:43.584066+00:00,2026-08-18T09:51:31.340005+00:00
19,453,Garnacho,7,MID,64,2.172,2.6028,0.48,0.1456,0.458,0.0216,1,4,45,1,2026-08-18T09:50:43.584066+00:00,2026-08-18T09:51:31.340005+00:00
19,672,Hato,7,DEF,46,0.7188,1.4592,0.18,0.1804,0.1818,0.0,1,0,0,0,2026-08-18T09:50:43.584066+00:00,2026-08-18T09:51:31.340005+00:00
19,743,Emenalo,7,MID,45,0.4256,0.917,0.1,0.198,0.1088,0.0,1,0,0,0,2026-08-18T09:50:43.584066+00:00,2026-08-18T09:51:31.340005+00:00
19,789,Merrick,7,GKP,40,0.1816,0.8491,0.04,0.0384,0.0403,0.0,1,,,,2026-08-18T09:50:43.584066+00:00,
19,803,Sharman-Lowe,7,GKP,40,0.1628,0.7775,0.04,0.0384,0.0403,0.0,1,,,,2026-08-18T09:50:43.584066+00:00,
19,829,Derry,7,MID,45,0.4984,1.0327,0.1,0.198,0.1088,0.0012,1,,,,2026-08-18T09:50:43.584066+00:00,
19,833,Eboué,7,MID,45,0.486,0.9781,0.1,0.198,0.1088,0.0004,1,,,,2026-08-18T09:50:43.584066+00:00,
19,834,Kavuma-McQueen,7,MID,45,0.4788,0.9526,0.1,0.198,0.1088,0.0,1,,,,2026-08-18T09:50:43.584066+00:00,
19,840,Mheuka,7,FWD,45,0.456,0.964,0.1,0.198,0.1088,0.0012,1,,,,2026-08-18T09:50:43.584066+00:00,
19,253,Henderson,8,GKP,51,3.0744,2.1986,0.9,0.008,0.8376,0.0004,1,3,90,1,2026-08-18T09:50:43.584066+00:00,2026-08-18T09:51:31.340005+00:00
19,254,Benitez,8,GKP,40,0.1556,0.7459,0.04,0.0384,0.0403,0.0,1,0,0,0,2026-08-18T09:50:43.584066+00:00,2026-08-18T09:51:31.340005+00:00
19,255,Matthews,8,GKP,39,0.1848,0.8152,0.04,0.0384,0.0403,0.0,1,0,0,0,2026-08-18T09:50:43.584066+00:00,2026-08-18T09:51:31.340005+00:00
19,256,Muñoz,8,DEF,58,2.194,2.9741,0.48,0.1456,0.458,0.0304,1,0,0,0,2026-08-18T09:50:43.584066+00:00,2026-08-18T09:51:31.340005+00:00
19,257,Lacroix,8,DEF,52,3.12,2.9954,0.68,0.0576,0.637,0.0272,1,2,90,1,2026-08-18T09:50:43.584066+00:00,2026-08-18T09:51:31.340005+00:00
19,258,Mitchell,8,DEF,50,2.5812,2.6614,0.68,0.0576,0.637,0.0136,1,4,90,1,2026-08-18T09:50:43.584066+00:00,2026-08-18T09:51:31.340005+00:00
19,259,Sosa,8,DEF,48,0.536,1.3853,0.09,0.2002,0.0997,0.002,1,1,1,0,2026-08-18T09:50:43.584066+00:00,2026-08-18T09:51:31.340005+00:00
19,261,Richards,8,DEF,45,0,0,0.0,0.0,0.0,0,1,0,0,0,2026-08-18T09:50:43.584066+00:00,2026-08-18T09:51:31.340005+00:00
19,262,Chadi Riad,8,DEF,40,0.5392,1.2978,0.1,0.198,0.1088,0.0008,1,0,0,0,2026-08-18T09:50:43.584066+00:00,2026-08-18T09:51:31.340005+00:00
19,263,Clyne,8,DEF,38,0.8848,1.7545,0.22,0.1716,0.2183,0.0032,1,7,90,1,2026-08-18T09:50:43.584066+00:00,2026-08-18T09:51:31.340005+00:00
19,264,Holding,8,DEF,40,0,0,0.0,0.0,0.0,0,1,0,0,0,2026-08-18T09:50:43.584066+00:00,2026-08-18T09:51:31.340005+00:00
19,265,Kporha,8,DEF,40,0.5068,1.2238,0.1,0.198,0.1088,0.0004,1,0,0,0,2026-08-18T09:50:43.584066+00:00,2026-08-18T09:51:31.340005+00:00
19,267,Sarr,8,MID,64,2.3724,2.903,0.48,0.1456,0.458,0.0264,1,0,0,0,2026-08-18T09:50:43.584066+00:00,2026-08-18T09:51:31.340005+00:00
19,268,Doucouré,8,MID,49,0,0,0.0,0.0,0.0,0,1,0,0,0,2026-08-18T09:50:43.584066+00:00,2026-08-18T09:51:31.340005+00:00
19,269,Esse,8,MID,47,0,0,0.0,0.0,0.0,0,1,1,8,0,2026-08-18T09:50:43.584066+00:00,2026-08-18T09:51:31.340005+00:00
19,270,Hughes,8,MID,47,0.9484,1.5074,0.28,0.1584,0.2731,0.0028,1,1,56,1,2026-08-18T09:50:43.584066+00:00,2026-08-18T09:51:31.340005+00:00
19,271,Kamada,8,MID,50,1.73,2.0614,0.48,0.1144,0.4556,0.0056,1,0,0,0,2026-08-18T09:50:43.584066+00:00,2026-08-18T09:51:31.340005+00:00
19,272,Lerma,8,MID,49,1.0664,1.7447,0.28,0.1584,0.2731,0.002,1,2,90,1,2026-08-18T09:50:43.584066+00:00,2026-08-18T09:51:31.340005+00:00
19,273,Wharton,8,MID,50,2.8376,2.5582,0.68,0.0704,0.638,0.0176,1,2,90,1,2026-08-18T09:50:43.584066+00:00,2026-08-18T09:51:31.340005+00:00
19,274,Agbinone,8,MID,43,0.4776,1.0009,0.1,0.198,0.1088,0.0,1,0,0,0,2026-08-18T09:50:43.584066+00:00,2026-08-18T09:51:31.340005+00:00
19,275,Ahamada,8,MID,43,0,0,0.0,0.0,0.0,0,1,0,0,0,2026-08-18T09:50:43.584066+00:00,2026-08-18T09:51:31.340005+00:00
19,276,Devenny,8,MID,43,0.534,1.2563,0.1,0.198,0.1088,0.0016,1,2,81,1,2026-08-18T09:50:43.584066+00:00,2026-08-18T09:51:31.340005+00:00
19,277,Ebiowei,8,MID,45,0,0,0.0,0.0,0.0,0,1,0,0,0,2026-08-18T09:50:43.584066+00:00,2026-08-18T09:51:31.340005+00:00
19,278,J.Rak-Sakyi,8,MID,44,0,0,0.0,0.0,0.0,0,1,0,0,0,2026-08-18T09:50:43.584066+00:00,2026-08-18T09:51:31.340005+00:00
19,279,M.França,8,MID,45,0,0,0.0,0.0,0.0,0,1,0,0,0,2026-08-18T09:50:43.584066+00:00,2026-08-18T09:51:31.340005+00:00
19,280,Ozoh,8,MID,45,0,0,0.0,0.0,0.0,0,1,0,0,0,2026-08-18T09:50:43.584066+00:00,2026-08-18T09:51:31.340005+00:00
19,281,Rodney,8,MID,44,0.4624,0.9454,0.1,0.198,0.1088,0.0,1,0,0,0,2026-08-18T09:50:43.584066+00:00,2026-08-18T09:51:31.340005+00:00
19,282,Umeh,8,MID,45,0,0,0.0,0.0,0.0,0,1,0,0,0,2026-08-18T09:50:43.584066+00:00,2026-08-18T09:51:31.340005+00:00
19,283,Mateta,8,FWD,77,3.4856,3.4142,0.68,0.0896,0.6396,0.0808,1,9,90,1,2026-08-18T09:50:43.584066+00:00,2026-08-18T09:51:31.340005+00:00
19,284,Nketiah,8,FWD,54,0,0,0.0,0.0,0.0,0,1,0,0,0,2026-08-18T09:50:43.584066+00:00,2026-08-18T09:51:31.340005+00:00
19,285,Édouard,8,FWD,50,0,0,0.0,0.0,0.0,0,1,0,0,0,2026-08-18T09:50:43.584066+00:00,2026-08-18T09:51:31.340005+00:00
19,286,Marsh,8,FWD,45,0.4616,0.9483,0.1,0.198,0.1088,0.0004,1,0,0,0,2026-08-18T09:50:43.584066+00:00,2026-08-18T09:51:31.340005+00:00
19,580,Johnson,8,MID,65,1.1756,1.9076,0.28,0.2016,0.2765,0.006,1,0,0,0,2026-08-18T09:50:43.584066+00:00,2026-08-18T09:51:31.340005+00:00
19,654,Strand Larsen,8,FWD,61,1.6056,1.9927,0.48,0.1456,0.458,0.0112,1,0,26,0,2026-08-18T09:50:43.584066+00:00,2026-08-18T09:51:31.340005+00:00
19,677,Guessand,8,MID,62,1.2924,1.9679,0.28,0.2016,0.2765,0.0052,1,0,0,0,2026-08-18T09:50:43.584066+00:00,2026-08-18T09:51:31.340005+00:00
19,690,Cardines,8,MID,44,0.4496,0.932,0.1,0.198,0.1088,0.0004,1,0,0,0,2026-08-18T09:50:43.584066+00:00,2026-08-18T09:51:31.340005+00:00
19,712,Yeremy,8,MID,58,2.1668,2.7255,0.48,0.1456,0.458,0.0236,1,2,81,1,2026-08-18T09:50:43.584066+00:00,2026-08-18T09:51:31.340005+00:00
19,723,Canvot,8,DEF,45,0.7008,1.6901,0.1,0.198,0.1088,0.0024,1,1,33,0,2026-08-18T09:50:43.584066+00:00,2026-08-18T09:51:31.340005+00:00
19,732,Uche,8,FWD,55,1.3356,1.6315,0.45,0.154,0.4308,0.0028,1,1,8,0,2026-08-18T09:50:43.584066+00:00,2026-08-18T09:51:31.340005+00:00
19,762,Drakes-Thomas,8,MID,45,0.7188,1.531,0.1,0.198,0.1088,0.0012,1,0,0,0,2026-08-18T09:50:43.584066+00:00,2026-08-18T09:51:31.340005+00:00
19,773,Benamar,8,DEF,40,0.4932,1.1638,0.1,0.198,0.1088,0.0,1,0,0,0,2026-08-18T09:50:43.584066+00:00,2026-08-18T09:51:31.340005+00:00
19,780,Casey,8,FWD,45,0.4552,0.928,0.1,0.198,0.1088,0.0,1,0,0,0,2026-08-18T09:50:43.584066+00:00,2026-08-18T09:51:31.340005+00:00
19,793,King,8,DEF,40,0.5224,1.1949,0.1,0.198,0.1088,0.0004,1,,,,2026-08-18T09:50:43.584066+00:00,
19,798,Imray,8,DEF,40,0,0,0.0,0.0,0.0,0,1,,,,2026-08-18T09:50:43.584066+00:00,
19,242,Dewsbury-Hall,9,MID,50,1.8324,2.2631,0.48,0.1144,0.4556,0.0076,1,0,0,0,2026-08-18T09:50:43.584066+00:00,2026-08-18T09:51:31.340005+00:00
19,243,George,9,MID,48,0.6764,1.2262,0.18,0.1804,0.1818,0.0004,1,0,0,0,2026-08-18T09:50:43.584066+00:00,2026-08-18T09:51:31.340005+00:00
19,287,Pickford,9,GKP,55,3.1116,2.175,0.9,0.008,0.8376,0.0016,1,10,90,1,2026-08-18T09:50:43.584066+00:00,2026-08-18T09:51:31.340005+00:00
19,288,Travers,9,GKP,43,0.2044,0.8844,0.04,0.0384,0.0403,0.0,1,0,0,0,2026-08-18T09:50:43.584066+00:00,2026-08-18T09:51:31.340005+00:00
19,289,Tyrer,9,GKP,39,0,0,0.0,0.0,0.0,0,1,0,0,0,2026-08-18T09:50:43.584066+00:00,2026-08-18T09:51:31.340005+00:00
19,290,Branthwaite,9,DEF,53,0,0,0.0,0.0,0.0,0,1,0,0,0,2026-08-18T09:50:43.584066+00:00,2026-08-18T09:51:31.340005+00:00
19,291,Tarkowski,9,DEF,55,2.69,2.6001,0.68,0.0576,0.637,0.008,1,9,90,1,2026-08-18T09:50:43.584066+00:00,2026-08-18T09:51:31.340005+00:00
19,292,Mykolenko,9,DEF,49,1.4988,2.0742,0.48,0.1144,0.4556,0.004,1,8,90,1,2026-08-18T09:50:43.584066+00:00,2026-08-18T09:51:31.340005+00:00
19,293,O'Brien,9,DEF,49,1.9732,2.1817,0.68,0.0704,0.638,0.0048,1,8,90,1,2026-08-18T09:50:43.584066+00:00,2026-08-18T09:51:31.340005+00:00
19,294,Coleman,9,DEF,42,0.4676,1.0847,0.1,0.198,0.1088,0.0,1,0,0,0,2026-08-18T09:50:43.584066+00:00,2026-08-18T09:51:31.340005+00:00
19,295,Keane,9,DEF,48,3.116,2.8964,0.68,0.0576,0.637,0.0256,1,0,0,0,2026-08-18T09:50:43.584066+00:00,2026-08-18T09:51:31.340005+00:00
19,296,Patterson,9,DEF,44,0.8668,1.6506,0.1,0.198,0.1088,0.0012,1,8,71,1,2026-08-18T09:50:43.584066+00:00,2026-08-18T09:51:31.340005+00:00
19,297,Dixon,9,DEF,38,0,0,0.0,0.0,0.0,0,1,0,0,0,2026-08-18T09:50:43.584066+00:00,2026-08-18T09:51:31.340005+00:00
19,298,Welch,9,DEF,38,0.4556,1.1134,0.1,0.198,0.1088,0.0008,1,0,0,0,2026-08-18T09:50:43.584066+00:00,2026-08-18T09:51:31.340005+00:00
19,299,Ndiaye,9,MID,62,2.9328,2.7123,0.68,0.0896,0.6396,0.0232,1,0,0,0,2026-08-18T09:50:43.584066+00:00,2026-08-18T09:51:31.340005+00:00
19,300,McNeil,9,MID,55,1.5968,1.9532,0.45,0.154,0.4308,0.0044,1,6,90,1,2026-08-18T09:50:43.584066+00:00,2026-08-18T09:51:31.340005+00:00
19,301,Alcaraz,9,MID,52,0.8908,1.4327,0.28,0.1584,0.2731,0.0016,1,0,0,0,2026-08-18T09:50:43.584066+00:00,2026-08-18T09:51:31.340005+00:00
19,302,Gana,9,MID,54,1.0856,1.8355,0.24,0.1672,0.2366,0.0032,1,0,0,0,2026-08-18T09:50:43.584066+00:00,2026-08-18T09:51:31.340005+00:00
19,303,Garner,9,MID,50,2.51,2.2382,0.68,0.0576,0.637,0.0096,1,16,90,1,2026-08-18T09:50:43.584066+00:00,2026-08-18T09:51:31.340005+00:00
19,304,Iroegbunam,9,MID,48,1.5032,1.8254,0.48,0.1144,0.4556,0.0024,1,5,90,1,2026-08-18T09:50:43.584066+00:00,2026-08-18T09:51:31.340005+00:00
19,305,Armstrong,9,MID,45,0.4456,0.9218,0.1,0.198,0.1088,0.0,1,0,0,0,2026-08-18T09:50:43.584066+00:00,2026-08-18T09:51:31.340005+00:00
19,306,Bates,9,MID,43,0.484,0.9906,0.1,0.198,0.1088,0.0004,1,0,0,0,2026-08-18T09:50:43.584066+00:00,2026-08-18T09:51:31.340005+00:00
19,307,Ebere,9,MID,44,0.4516,0.965,0.1,0.198,0.1088,0.0004,1,0,0,0,2026-08-18T09:50:43.584066+00:00,2026-08-18T09:51:31.340005+00:00
19,308,Heath,9,MID,45,0,0,0.0,0.0,0.0,0,1,0,0,0,2026-08-18T09:50:43.584066+00:00,2026-08-18T09:51:31.340005+00:00
19,309,Metcalfe,9,MID,45,0,0,0.0,0.0,0.0,0,1,0,0,0,2026-08-18T09:50:43.584066+00:00,2026-08-18T09:51:31.340005+00:00
19,310,Barry,9,FWD,57,1.3556,1.7209,0.48,0.1456,0.458,0.0056,1,6,84,1,2026-08-18T09:50:43.584066+00:00,2026-08-18T09:51:31.340005+00:00
19,311,Beto,9,FWD,50,1.7016,2.101,0.48,0.1144,0.4556,0.01,1,1,5,0,2026-08-18T09:50:43.584066+00:00,2026-08-18T09:51:31.340005+00:00
19,312,Y.Chermiti,9,FWD,49,0,0,0.0,0.0,0.0,0,1,0,0,0,2026-08-18T09:50:43.584066+00:00,2026-08-18T09:51:31.340005+00:00
19,313,Sherif,9,FWD,44,0,0,0.0,0.0,0.0,0,1,0,0,0,2026-08-18T09:50:43.584066+00:00,2026-08-18T09:51:31.340005+00:00
19,419,Grealish,9,MID,65,0,0,0.0,0.0,0.0,0,1,1,18,0,2026-08-18T09:50:43.584066+00:00,2026-08-18T09:51:31.340005+00:00
19,630,King,9,GKP,39,0.1876,0.7873,0.04,0.0384,0.0403,0.0,1,0,0,0,2026-08-18T09:50:43.584066+00:00,2026-08-18T09:51:31.340005+00:00
19,667,Aznou,9,DEF,42,0.464,1.1245,0.1,0.198,0.1088,0.0008,1,0,0,0,2026-08-18T09:50:43.584066+00:00,2026-08-18T09:51:31.340005+00:00
19,704,Onyango,9,MID,45,0,0,0.0,0.0,0.0,0,1,0,0,0,2026-08-18T09:50:43.584066+00:00,2026-08-18T09:51:31.340005+00:00
19,705,Campbell,9,DEF,39,0,0,0.0,0.0,0.0,0,1,0,0,0,2026-08-18T09:50:43.584066+00:00,2026-08-18T09:51:31.340005+00:00
19,707,Dibling,9,MID,53,0.7924,1.4482,0.18,0.1804,0.1818,0.0008,1,5,90,1,2026-08-18T09:50:43.584066+00:00,2026-08-18T09:51:31.340005+00:00
19,728,Röhl,9,MID,50,0.9356,1.7364,0.18,0.1804,0.1818,0.0016,1,5,90,1,2026-08-18T09:50:43.584066+00:00,2026-08-18T09:51:31.340005+00:00
19,779,Graham,9,FWD,45,0.4472,0.865,0.1,0.198,0.1088,0.0,1,0,0,0,2026-08-18T09:50:43.584066+00:00,2026-08-18T09:51:31.340005+00:00
19,314,Leno,10,GKP,49,2.7848,2.0698,0.9,0.008,0.8376,0.0,1,2,90,1,2026-08-18T09:50:43.584066+00:00,2026-08-18T09:51:31.340005+00:00
19,315,Benda,10,GKP,40,0,0,0.0,0.0,0.0,0,1,0,0,0,2026-08-18T09:50:43.584066+00:00,2026-08-18T09:51:31.340005+00:00
19,316,Robinson,10,DEF,49,1.1496,1.9781,0.28,0.1584,0.2731,0.0056,1,2,90,1,2026-08-18T09:50:43.584066+00:00,2026-08-18T09:51:31.340005+00:00
19,317,Andersen,10,DEF,46,0,0,0.0,0.0,0.0,0,1,3,90,1,2026-08-18T09:50:43.584066+00:00,2026-08-18T09:51:31.340005+00:00
19,318,Bassey,10,DEF,45,0.94,1.8304,0.22,0.1716,0.2183,0.0044,1,0,0,0,2026-08-18T09:50:43.584066+00:00,2026-08-18T09:51:31.340005+00:00
19,319,Castagne,10,DEF,43,0.8992,1.7251,0.22,0.1716,0.2183,0.0024,1,0,39,0,2026-08-18T09:50:43.584066+00:00,2026-08-18T09:51:31.340005+00:00
19,320,Diop,10,DEF,43,0.5236,1.2511,0.1,0.198,0.1088,0.0004,1,0,0,0,2026-08-18T09:50:43.584066+00:00,2026-08-18T09:51:31.340005+00:00
19,321,J.Cuenca,10,DEF,43,0.9828,1.862,0.22,0.1716,0.2183,0.0016,1,3,90,1,2026-08-18T09:50:43.584066+00:00,2026-08-18T09:51:31.340005+00:00
19,322,Tete,10,DEF,45,1.0516,1.96,0.22,0.1716,0.2183,0.0048,1,1,50,1,2026-08-18T09:50:43.584066+00:00,2026-08-18T09:51:31.340005+00:00
19,323,Amissah,10,DEF,38,0.514,1.1785,0.1,0.198,0.1088,0.0,1,0,0,0,2026-08-18T09:50:43.584066+00:00,2026-08-18T09:51:31.340005+00:00
19,324,Iwobi,10,MID,63,2.264,2.0304,0.68,0.0896,0.6396,0.006,1,0,0,0,2026-08-18T09:50:43.584066+00:00,2026-08-18T09:51:31.340005+00:00
19,325,Smith Rowe,10,MID,56,1.2168,1.7884,0.28,0.2016,0.2765,0.0024,1,1,90,1,2026-08-18T09:50:43.584066+00:00,2026-08-18T09:51:31.340005+00:00
19,327,Andreas,10,MID,53,0,0,0.0,0.0,0.0,0,1,0,0,0,2026-08-18T09:50:43.584066+00:00,2026-08-18T09:51:31.340005+00:00
19,328,Sessegnon,10,MID,54,1.8696,2.2436,0.48,0.1144,0.4556,0.006,1,0,0,0,2026-08-18T09:50:43.584066+00:00,2026-08-18T09:51:31.340005+00:00
19,329,Wilson,10,MID,58,2.0088,2.4045,0.48,0.1456,0.458,0.0084,1,2,84,1,2026-08-18T09:50:43.584066+00:00,2026-08-18T09:51:31.340005+00:00
19,330,Berge,10,MID,49,1.8024,1.5888,0.68,0.0576,0.637,0.0012,1,2,67,1,2026-08-18T09:50:43.584066+00:00,2026-08-18T09:51:31.340005+00:00
19,331,Cairney,10,MID,48,0.6928,1.2009,0.18,0.1804,0.1818,0.0,1,6,22,0,2026-08-18T09:50:43.584066+00:00,2026-08-18T09:51:31.340005+00:00
19,332,Lukić,10,MID,49,1.6172,2.0273,0.48,0.1144,0.4556,0.004,1,6,90,1,2026-08-18T09:50:43.584066+00:00,2026-08-18T09:51:31.340005+00:00
19,333,Godo,10,MID,45,0,0,0.0,0.0,0.0,0,1,0,0,0,2026-08-18T09:50:43.584066+00:00,2026-08-18T09:51:31.340005+00:00
19,334,Harris,10,MID,45,0,0,0.0,0.0,0.0,0,1,0,0,0,2026-08-18T09:50:43.584066+00:00,2026-08-18T09:51:31.340005+00:00
19,335,King,10,MID,45,1.3428,1.6186,0.48,0.1144,0.4556,0.0012,1,0,0,0,2026-08-18T09:50:43.584066+00:00,2026-08-18T09:51:31.340005+00:00
19,336,Reed,10,MID,43,1.0824,1.7221,0.1,0.198,0.1088,0.0016,1,1,5,0,2026-08-18T09:50:43.584066+00:00,2026-08-18T09:51:31.340005+00:00
19,337,Raúl,10,FWD,63,1.8396,2.2756,0.48,0.1456,0.458,0.0096,1,2,90,1,2026-08-18T09:50:43.584066+00:00,2026-08-18T09:51:31.340005+00:00
19,338,Muniz,10,FWD,53,0.8696,1.3844,0.28,0.1584,0.2731,0.0016,1,0,0,0,2026-08-18T09:50:43.584066+00:00,2026-08-18T09:51:31.340005+00:00
19,424,Bobb,10,MID,51,0.8852,1.3685,0.28,0.1584,0.2731,0.0008,1,0,0,0,2026-08-18T09:50:43.584066+00:00,2026-08-18T09:51:31.340005+00:00
19,664,Lecomte,10,GKP,39,0.1728,0.806,0.04,0.0384,0.0403,0.0,1,0,0,0,2026-08-18T09:50:43.584066+00:00,2026-08-18T09:51:31.340005+00:00
19,727,Chukwueze,10,MID,53,1.0616,1.7654,0.28,0.1584,0.2731,0.0032,1,0,0,0,2026-08-18T09:50:43.584066+00:00,2026-08-18T09:51:31.340005+00:00
19,731,Kevin,10,MID,58,0.9784,1.5024,0.28,0.2016,0.2765,0.0024,1,2,84,1,2026-08-18T09:50:43.584066+00:00,2026-08-18T09:51:31.340005+00:00
19,737,Kusi-Asare,10,FWD,45,0,0,0.0,0.0,0.0,0,1,0,0,0,2026-08-18T09:50:43.584066+00:00,2026-08-18T09:51:31.340005+00:00
19,770,Ridgeon,10,MID,45,0.4712,0.897,0.1,0.198,0.1088,0.0,1,0,0,0,2026-08-18T09:50:43.584066+00:00,2026-08-18T09:51:31.340005+00:00
19,786,McNally,10,GKP,40,0.1672,0.7448,0.04,0.0384,0.0403,0.0,1,,,,2026-08-18T09:50:43.584066+00:00,
19,168,Buonanotte,11,MID,46,0.6476,1.1264,0.18,0.1804,0.1818,0.0004,1,0,0,0,2026-08-18T09:50:43.584066+00:00,2026-08-18T09:51:31.340005+00:00
19,339,Meslier,11,GKP,42,0.1312,0.6342,0.04,0.0384,0.0403,0.0,1,0,0,0,2026-08-18T09:50:43.584066+00:00,2026-08-18T09:51:31.340005+00:00
19,340,Cairns,11,GKP,39,0.1596,0.6922,0.04,0.0384,0.0403,0.0,1,0,0,0,2026-08-18T09:50:43.584066+00:00,2026-08-18T09:51:31.340005+00:00
19,341,Darlow,11,GKP,39,0.1608,0.772,0.04,0.0384,0.0403,0.0,1,0,0,0,2026-08-18T09:50:43.584066+00:00,2026-08-18T09:51:31.340005+00:00
19,342,Bogle,11,DEF,44,0.7376,1.6628,0.22,0.1404,0.2158,0.004,1,1,7,0,2026-08-18T09:50:43.584066+00:00,2026-08-18T09:51:31.340005+00:00
19,343,Struijk,11,DEF,43,0.9328,1.936,0.22,0.1716,0.2183,0.008,1,8,90,1,2026-08-18T09:50:43.584066+00:00,2026-08-18T09:51:31.340005+00:00
19,344,Bijol,11,DEF,39,0.9072,1.7276,0.22,0.1716,0.2183,0.002,1,7,90,1,2026-08-18T09:50:43.584066+00:00,2026-08-18T09:51:31.340005+00:00
19,345,Bornauw,11,DEF,38,0.4472,1.1249,0.1,0.198,0.1088,0.0008,1,6,82,1,2026-08-18T09:50:43.584066+00:00,2026-08-18T09:51:31.340005+00:00
19,346,Byram,11,DEF,38,0.496,1.1607,0.1,0.198,0.1088,0.0004,1,0,0,0,2026-08-18T09:50:43.584066+00:00,2026-08-18T09:51:31.340005+00:00
19,347,Gudmundsson,11,DEF,38,0,0,0.0,0.0,0.0,0,1,8,90,1,2026-08-18T09:50:43.584066+00:00,2026-08-18T09:51:31.340005+00:00
19,348,Rodon,11,DEF,40,0.9168,1.8758,0.22,0.1404,0.2158,0.0044,1,0,0,0,2026-08-18T09:50:43.584066+00:00,2026-08-18T09:51:31.340005+00:00
19,349,Schmidt,11,DEF,40,0,0,0.0,0.0,0.0,0,1,0,0,0,2026-08-18T09:50:43.584066+00:00,2026-08-18T09:51:31.340005+00:00
19,350,Aaronson,11,MID,54,1.812,2.3197,0.48,0.1144,0.4556,0.012,1,3,69,1,2026-08-18T09:50:43.584066+00:00,2026-08-18T09:51:31.340005+00:00
19,351,Gnonto,11,MID,52,1.0324,1.6494,0.28,0.1584,0.2731,0.0028,1,0,0,0,2026-08-18T09:50:43.584066+00:00,2026-08-18T09:51:31.340005+00:00
19,352,Harrison,11,MID,51,0,0,0.0,0.0,0.0,0,1,0,0,0,2026-08-18T09:50:43.584066+00:00,2026-08-18T09:51:31.340005+00:00
19,353,James,11,MID,53,0.976,1.5737,0.28,0.1584,0.2731,0.0024,1,0,0,0,2026-08-18T09:50:43.584066+00:00,2026-08-18T09:51:31.340005+00:00
19,354,Ampadu,11,MID,49,2.5072,2.1675,0.68,0.0704,0.638,0.0072,1,4,90,1,2026-08-18T09:50:43.584066+00:00,2026-08-18T09:51:31.340005+00:00
19,355,Greenwood,11,MID,49,0,0,0.0,0.0,0.0,0,1,0,0,0,2026-08-18T09:50:43.584066+00:00,2026-08-18T09:51:31.340005+00:00
19,356,Gruev,11,MID,47,0,0,0.0,0.0,0.0,0,1,3,90,1,2026-08-18T09:50:43.584066+00:00,2026-08-18T09:51:31.340005+00:00
19,357,Ramazani,11,MID,49,0,0,0.0,0.0,0.0,0,1,0,0,0,2026-08-18T09:50:43.584066+00:00,2026-08-18T09:51:31.340005+00:00
19,358,Tanaka,11,MID,48,1.0948,1.6586,0.28,0.1584,0.2731,0.0024,1,1,1,0,2026-08-18T09:50:43.584066+00:00,2026-08-18T09:51:31.340005+00:00
19,359,Crew,11,MID,45,0,0,0.0,0.0,0.0,0,1,0,0,0,2026-08-18T09:50:43.584066+00:00,2026-08-18T09:51:31.340005+00:00
19,360,Gelhardt,11,MID,45,0,0,0.0,0.0,0.0,0,1,0,0,0,2026-08-18T09:50:43.584066+00:00,2026-08-18T09:51:31.340005+00:00
19,361,Gyabi,11,MID,45,0,0,0.0,0.0,0.0,0,1,0,0,0,2026-08-18T09:50:43.584066+00:00,2026-08-18T09:51:31.340005+00:00
19,362,Piroe,11,FWD,49,0.652,1.1535,0.18,0.1804,0.1818,0.0008,1,0,0,0,2026-08-18T09:50:43.584066+00:00,2026-08-18T09:51:31.340005+00:00
19,363,Bamford,11,FWD,49,0,0,0.0,0.0,0.0,0,1,0,0,0,2026-08-18T09:50:43.584066+00:00,2026-08-18T09:51:31.340005+00:00
19,364,Mateo Joseph,11,FWD,50,0,0,0.0,0.0,0.0,0,1,0,0,0,2026-08-18T09:50:43.584066+00:00,2026-08-18T09:51:31.340005+00:00
19,365,Nmecha,11,FWD,50,1.2344,2.02,0.28,0.1584,0.2731,0.0084,1,2,69,1,2026-08-18T09:50:43.584066+00:00,2026-08-18T09:51:31.340005+00:00
19,493,Longstaff,11,MID,48,1.832,2.1277,0.48,0.1144,0.4556,0.0072,1,0,0,0,2026-08-18T09:50:43.584066+00:00,2026-08-18T09:51:31.340005+00:00
19,660,Stach,11,MID,49,0,0,0.0,0.0,0.0,0,1,5,90,1,2026-08-18T09:50:43.584066+00:00,2026-08-18T09:51:31.340005+00:00
19,665,Perri,11,GKP,45,2.4252,2.0143,0.88,0.0048,0.8188,0.0004,1,10,90,1,2026-08-18T09:50:43.584066+00:00,2026-08-18T09:51:31.340005+00:00
19,691,Calvert-Lewin,11,FWD,58,2.4172,2.8451,0.48,0.1456,0.458,0.026,1,1,20,0,2026-08-18T09:50:43.584066+00:00,2026-08-18T09:51:31.340005+00:00
19,698,Okafor,11,MID,55,0,0,0.0,0.0,0.0,0,1,1,20,0,2026-08-18T09:50:43.584066+00:00,2026-08-18T09:51:31.340005+00:00
19,706,Justin,11,DEF,39,0.5656,1.3245,0.1,0.198,0.1088,0.0012,1,6,90,1,2026-08-18T09:50:43.584066+00:00,2026-08-18T09:51:31.340005+00:00
19,741,Gray,11,FWD,45,0,0,0.0,0.0,0.0,0,1,0,0,0,2026-08-18T09:50:43.584066+00:00,2026-08-18T09:51:31.340005+00:00
19,787,Chambers,11,MID,44,0.4268,0.886,0.1,0.198,0.1088,0.0004,1,,,,2026-08-18T09:50:43.584066+00:00,
19,837,Lienou,11,DEF,40,0.4872,1.1655,0.1,0.198,0.1088,0.0016,1,,,,2026-08-18T09:50:43.584066+00:00,
19,838,Chadwick,11,MID,45,0.4784,0.9828,0.1,0.198,0.1088,0.0,1,,,,2026-08-18T09:50:43.584066+00:00,
19,839,Cresswell,11,MID,45,0.4356,0.8578,0.1,0.198,0.1088,0.0,1,,,,2026-08-18T09:50:43.584066+00:00,
19,366,A.Becker,12,GKP,54,3.2312,2.2494,0.9,0.008,0.8376,0.0024,1,6,90,1,2026-08-18T09:50:43.584066+00:00,2026-08-18T09:51:31.340005+00:00
19,367,Mamardashvili,12,GKP,42,0.1684,0.7921,0.04,0.0384,0.0403,0.0,1,0,0,0,2026-08-18T09:50:43.584066+00:00,2026-08-18T09:51:31.340005+00:00
19,368,Pécsi,12,GKP,39,0.194,0.8836,0.04,0.0384,0.0403,0.0,1,0,0,0,2026-08-18T09:50:43.584066+00:00,2026-08-18T09:51:31.340005+00:00
19,369,Woodman,12,GKP,39,0.146,0.7217,0.04,0.0384,0.0403,0.0,1,0,0,0,2026-08-18T09:50:43.584066+00:00,2026-08-18T09:51:31.340005+00:00
19,370,Frimpong,12,DEF,57,1.6864,2.2741,0.45,0.154,0.4308,0.0044,1,6,83,1,2026-08-18T09:50:43.584066+00:00,2026-08-18T09:51:31.340005+00:00
19,371,Kerkez,12,DEF,56,1.8648,2.5135,0.48,0.1456,0.458,0.0152,1,1,24,0,2026-08-18T09:50:43.584066+00:00,2026-08-18T09:51:31.340005+00:00
19,372,Robertson,12,DEF,58,1.15,1.9412,0.28,0.2016,0.2765,0.0044,1,6,65,1,2026-08-18T09:50:43.584066+00:00,2026-08-18T09:51:31.340005+00:00
19,373,Virgil,12,DEF,59,2.8828,2.8834,0.68,0.0576,0.637,0.0216,1,6,90,1,2026-08-18T09:50:43.584066+00:00,2026-08-18T09:51:31.340005+00:00
19,374,Konaté,12,DEF,54,2.8424,2.8482,0.68,0.0576,0.637,0.0188,1,7,90,1,2026-08-18T09:50:43.584066+00:00,2026-08-18T09:51:31.340005+00:00
19,375,Bradley,12,DEF,50,0,0,0.0,0.0,0.0,0,1,6,78,1,2026-08-18T09:50:43.584066+00:00,2026-08-18T09:51:31.340005+00:00
19,376,Gomez,12,DEF,49,1.1088,1.9781,0.28,0.1584,0.2731,0.0036,1,0,0,0,2026-08-18T09:50:43.584066+00:00,2026-08-18T09:51:31.340005+00:00
19,377,Tsimikas,12,DEF,48,0,0,0.0,0.0,0.0,0,1,0,0,0,2026-08-18T09:50:43.584066+00:00,2026-08-18T09:51:31.340005+00:00
19,378,Nallo,12,DEF,37,0.5084,1.2375,0.1,0.198,0.1088,0.0012,1,0,0,0,2026-08-18T09:50:43.584066+00:00,2026-08-18T09:51:31.340005+00:00
19,379,R.Williams,12,DEF,38,0.534,1.263,0.1,0.198,0.1088,0.0008,1,0,0,0,2026-08-18T09:50:43.584066+00:00,2026-08-18T09:51:31.340005+00:00
19,380,Ramsay,12,DEF,38,0.5672,1.3552,0.1,0.198,0.1088,0.0024,1,0,0,0,2026-08-18T09:50:43.584066+00:00,2026-08-18T09:51:31.340005+00:00
19,381,M.Salah,12,MID,140,2.9392,3.6688,0.48,0.1456,0.458,0.0644,1,0,0,0,2026-08-18T09:50:43.584066+00:00,2026-08-18T09:51:31.340005+00:00
19,382,Wirtz,12,MID,82,2.4332,2.9596,0.48,0.1456,0.458,0.0324,1,3,65,1,2026-08-18T09:50:43.584066+00:00,2026-08-18T09:51:31.340005+00:00
19,383,Luis Díaz,12,MID,80,0,0,0.0,0.0,0.0,0,1,0,0,0,2026-08-18T09:50:43.584066+00:00,2026-08-18T09:51:31.340005+00:00
19,384,Gakpo,12,MID,73,2.5168,3.1477,0.48,0.1456,0.458,0.0392,1,1,24,0,2026-08-18T09:50:43.584066+00:00,2026-08-18T09:51:31.340005+00:00
19,385,Chiesa,12,MID,63,1.98,2.4833,0.45,0.154,0.4308,0.0156,1,1,11,0,2026-08-18T09:50:43.584066+00:00,2026-08-18T09:51:31.340005+00:00
19,386,Mac Allister,12,MID,62,1.6916,2.1029,0.48,0.1456,0.458,0.0064,1,1,24,0,2026-08-18T09:50:43.584066+00:00,2026-08-18T09:51:31.340005+00:00
19,387,Szoboszlai,12,MID,66,2.9848,2.8176,0.68,0.0576,0.637,0.03,1,3,90,1,2026-08-18T09:50:43.584066+00:00,2026-08-18T09:51:31.340005+00:00
19,388,C.Jones,12,MID,54,1.8956,2.1873,0.48,0.1144,0.4556,0.0068,1,3,65,1,2026-08-18T09:50:43.584066+00:00,2026-08-18T09:51:31.340005+00:00
19,390,Gravenberch,12,MID,57,2.7604,2.3354,0.68,0.0896,0.6396,0.0108,1,5,90,1,2026-08-18T09:50:43.584066+00:00,2026-08-18T09:51:31.340005+00:00
19,392,Endo,12,MID,49,0.5988,1.3633,0.09,0.2002,0.0997,0.0016,1,0,0,0,2026-08-18T09:50:43.584066+00:00,2026-08-18T09:51:31.340005+00:00
19,393,Bajcetic,12,MID,43,0,0,0.0,0.0,0.0,0,1,0,0,0,2026-08-18T09:50:43.584066+00:00,2026-08-18T09:51:31.340005+00:00
19,394,McConnell,12,MID,44,0,0,0.0,0.0,0.0,0,1,0,0,0,2026-08-18T09:50:43.584066+00:00,2026-08-18T09:51:31.340005+00:00
19,395,Morton,12,MID,45,0,0,0.0,0.0,0.0,0,1,0,0,0,2026-08-18T09:50:43.584066+00:00,2026-08-18T09:51:31.340005+00:00
19,396,Nyoni,12,MID,43,0.52,1.06,0.1,0.198,0.1088,0.0,1,0,0,0,2026-08-18T09:50:43.584066+00:00,2026-08-18T09:51:31.340005+00:00
19,397,Darwin,12,FWD,65,0,0,0.0,0.0,0.0,0,1,0,0,0,2026-08-18T09:50:43.584066+00:00,2026-08-18T09:51:31.340005+00:00
19,398,Danns,12,FWD,43,0,0,0.0,0.0,0.0,0,1,0,0,0,2026-08-18T09:50:43.584066+00:00,2026-08-18T09:51:31.340005+00:00
19,499,Isak,12,FWD,103,1.4328,2.3253,0.28,0.2016,0.2765,0.0164,1,0,0,0,2026-08-18T09:50:43.584066+00:00,2026-08-18T09:51:31.340005+00:00
19,661,Ekitiké,12,FWD,91,0,0,0.0,0.0,0.0,0,1,2,90,1,2026-08-18T09:50:43.584066+00:00,2026-08-18T09:51:31.340005+00:00
19,686,Ngumoha,12,MID,43,0.504,1.067,0.1,0.198,0.1088,0.0008,1,1,6,0,2026-08-18T09:50:43.584066+00:00,2026-08-18T09:51:31.340005+00:00
19,692,Leoni,12,DEF,49,0,0,0.0,0.0,0.0,0,1,0,0,0,2026-08-18T09:50:43.584066+00:00,2026-08-18T09:51:31.340005+00:00
19,746,Morrison,12,MID,45,0.458,0.9574,0.1,0.198,0.1088,0.0,1,0,0,0,2026-08-18T09:50:43.584066+00:00,2026-08-18T09:51:31.340005+00:00
19,760,Lucky,12,DEF,40,0.5224,1.2482,0.1,0.198,0.1088,0.0008,1,0,0,0,2026-08-18T09:50:43.584066+00:00,2026-08-18T09:51:31.340005+00:00
19,830,Wright,12,FWD,45,0.4544,0.9387,0.1,0.198,0.1088,0.0004,1,,,,2026-08-18T09:50:43.584066+00:00,
19,832,Ndiaye,12,DEF,40,0.5476,1.2717,0.1,0.198,0.1088,0.0008,1,,,,2026-08-18T09:50:43.584066+00:00,
19,82,Semenyo,13,MID,77,3.2288,3.1659,0.68,0.0576,0.637,0.044,1,5,90,1,2026-08-18T09:50:43.584066+00:00,2026-08-18T09:51:31.340005+00:00
19,182,Trafford,13,GKP,46,0.3736,1.1416,0.08,0.0736,0.0803,0.0,1,0,0,0,2026-08-18T09:50:43.584066+00:00,2026-08-18T09:51:31.340005+00:00
19,260,Guéhi,13,DEF,53,2.7244,2.8463,0.68,0.0576,0.637,0.0292,1,2,90,1,2026-08-18T09:50:43.584066+00:00,2026-08-18T09:51:31.340005+00:00
19,399,Ederson M.,13,GKP,53,0,0,0.0,0.0,0.0,0,1,0,0,0,2026-08-18T09:50:43.584066+00:00,2026-08-18T09:51:31.340005+00:00
19,401,Bettinelli,13,GKP,39,0.1176,0.544,0.04,0.0384,0.0403,0.0,1,0,0,0,2026-08-18T09:50:43.584066+00:00,2026-08-18T09:51:31.340005+00:00
19,402,Aït-Nouri,13,DEF,57,1.288,2.0916,0.28,0.2016,0.2765,0.0064,1,0,0,0,2026-08-18T09:50:43.584066+00:00,2026-08-18T09:51:31.340005+00:00
19,403,Gvardiol,13,DEF,60,1.8848,2.5408,0.48,0.1456,0.458,0.0144,1,1,33,0,2026-08-18T09:50:43.584066+00:00,2026-08-18T09:51:31.340005+00:00
19,404,Akanji,13,DEF,54,0,0,0.0,0.0,0.0,0,1,0,0,0,2026-08-18T09:50:43.584066+00:00,2026-08-18T09:51:31.340005+00:00
19,405,Aké,13,DEF,53,0.6708,1.4066,0.18,0.1804,0.1818,0.0012,1,8,90,1,2026-08-18T09:50:43.584066+00:00,2026-08-18T09:51:31.340005+00:00
19,406,Khusanov,13,DEF,54,1.0568,1.8397,0.28,0.1584,0.2731,0.004,1,0,0,0,2026-08-18T09:50:43.584066+00:00,2026-08-18T09:51:31.340005+00:00
19,407,Matheus N.,13,DEF,54,1.8048,2.4095,0.48,0.1144,0.4556,0.0084,1,11,90,1,2026-08-18T09:50:43.584066+00:00,2026-08-18T09:51:31.340005+00:00
19,408,Rúben,13,DEF,57,2.1592,2.2435,0.68,0.0576,0.637,0.0052,1,6,90,1,2026-08-18T09:50:43.584066+00:00,2026-08-18T09:51:31.340005+00:00
19,409,Stones,13,DEF,54,0.8668,1.5096,0.28,0.1584,0.2731,0.0004,1,0,0,0,2026-08-18T09:50:43.584066+00:00,2026-08-18T09:51:31.340005+00:00
19,410,Lewis,13,DEF,47,0.7484,1.5408,0.18,0.1804,0.1818,0.0028,1,0,0,0,2026-08-18T09:50:43.584066+00:00,2026-08-18T09:51:31.340005+00:00
19,411,O'Reilly,13,DEF,53,1.7868,2.6473,0.48,0.1144,0.4556,0.0216,1,1,56,1,2026-08-18T09:50:43.584066+00:00,2026-08-18T09:51:31.340005+00:00
19,412,Vitor Reis,13,DEF,50,0,0,0.0,0.0,0.0,0,1,0,0,0,2026-08-18T09:50:43.584066+00:00,2026-08-18T09:51:31.340005+00:00
19,413,Marmoush,13,MID,83,2.7528,2.6441,0.72,0.0784,0.6759,0.024,1,0,0,0,2026-08-18T09:50:43.584066+00:00,2026-08-18T09:51:31.340005+00:00
19,414,Foden,13,MID,90,2.354,3.0036,0.48,0.1456,0.458,0.0308,1,3,90,1,2026-08-18T09:50:43.584066+00:00,2026-08-18T09:51:31.340005+00:00
19,415,Savinho,13,MID,69,1.082,1.7255,0.28,0.2016,0.2765,0.0028,1,1,50,1,2026-08-18T09:50:43.584066+00:00,2026-08-18T09:51:31.340005+00:00
19,416,Bernardo,13,MID,62,1.432,1.6803,0.48,0.1456,0.458,0.002,1,3,84,1,2026-08-18T09:50:43.584066+00:00,2026-08-18T09:51:31.340005+00:00
19,417,Cherki,13,MID,67,2.3672,2.7716,0.48,0.1456,0.458,0.0212,1,5,90,1,2026-08-18T09:50:43.584066+00:00,2026-08-18T09:51:31.340005+00:00
19,418,Doku,13,MID,64,2.1292,2.576,0.48,0.1456,0.458,0.0192,1,1,39,0,2026-08-18T09:50:43.584066+00:00,2026-08-18T09:51:31.340005+00:00
19,420,Gündoğan,13,MID,63,0,0,0.0,0.0,0.0,0,1,0,0,0,2026-08-18T09:50:43.584066+00:00,2026-08-18T09:51:31.340005+00:00
19,421,Rodrigo,13,MID,63,1.2696,1.9477,0.28,0.2016,0.2765,0.0048,1,1,45,1,2026-08-18T09:50:43.584066+00:00,2026-08-18T09:51:31.340005+00:00
19,422,Kovačić,13,MID,59,1.5256,1.8501,0.45,0.154,0.4308,0.0028,1,0,0,0,2026-08-18T09:50:43.584066+00:00,2026-08-18T09:51:31.340005+00:00
19,423,N.Gonzalez,13,MID,59,1.7856,2.0344,0.48,0.1456,0.458,0.0048,1,1,45,1,2026-08-18T09:50:43.584066+00:00,2026-08-18T09:51:31.340005+00:00
19,425,Echeverri,13,MID,54,0,0,0.0,0.0,0.0,0,1,0,0,0,2026-08-18T09:50:43.584066+00:00,2026-08-18T09:51:31.340005+00:00
19,427,Reijnders,13,MID,52,1.9,2.3353,0.48,0.1144,0.4556,0.0096,1,1,5,0,2026-08-18T09:50:43.584066+00:00,2026-08-18T09:51:31.340005+00:00
19,428,Nypan,13,MID,50,0.6824,1.2373,0.18,0.1804,0.1818,0.0,1,0,0,0,2026-08-18T09:50:43.584066+00:00,2026-08-18T09:51:31.340005+00:00
19,429,Phillips,13,MID,48,0,0,0.0,0.0,0.0,0,1,0,0,0,2026-08-18T09:50:43.584066+00:00,2026-08-18T09:51:31.340005+00:00
19,430,Haaland,13,FWD,151,4.3832,4.1122,0.68,0.0576,0.637,0.1284,1,2,90,1,2026-08-18T09:50:43.584066+00:00,2026-08-18T09:51:31.340005+00:00
19,736,Donnarumma,13,GKP,57,2.2828,1.9678,0.9,0.008,0.8376,0.0,1,7,90,1,2026-08-18T09:50:43.584066+00:00,2026-08-18T09:51:31.340005+00:00
19,739,Mukasa,13,MID,44,0,0,0.0,0.0,0.0,0,1,0,0,0,2026-08-18T09:50:43.584066+00:00,2026-08-18T09:51:31.340005+00:00
19,740,Mfuni,13,DEF,39,0,0,0.0,0.0,0.0,0,1,0,0,0,2026-08-18T09:50:43.584066+00:00,2026-08-18T09:51:31.340005+00:00
19,742,McAidoo,13,MID,45,0.4944,0.9562,0.1,0.198,0.1088,0.0,1,0,0,0,2026-08-18T09:50:43.584066+00:00,2026-08-18T09:51:31.340005+00:00
19,763,Gray,13,MID,45,0.4656,0.9075,0.1,0.198,0.1088,0.0004,1,0,0,0,2026-08-18T09:50:43.584066+00:00,2026-08-18T09:51:31.340005+00:00
19,764,Heskey,13,MID,45,0.4688,0.905,0.1,0.198,0.1088,0.0,1,0,0,0,2026-08-18T09:50:43.584066+00:00,2026-08-18T09:51:31.340005+00:00
19,794,Alleyne,13,DEF,39,0.4648,1.0971,0.1,0.198,0.1088,0.0004,1,,,,2026-08-18T09:50:43.584066+00:00,
19,119,Mbeumo,14,MID,81,3.6196,3.4864,0.68,0.0896,0.6396,0.0652,1,0,0,0,2026-08-18T09:50:43.584066+00:00,2026-08-18T09:51:31.340005+00:00
19,431,Bayindir,14,GKP,48,0.3656,1.1885,0.08,0.0736,0.0803,0.0,1,0,0,0,2026-08-18T09:50:43.584066+00:00,2026-08-18T09:51:31.340005+00:00
19,432,Onana,14,GKP,49,0,0,0.0,0.0,0.0,0,1,0,0,0,2026-08-18T09:50:43.584066+00:00,2026-08-18T09:51:31.340005+00:00
19,433,Harrison,14,GKP,40,0,0,0.0,0.0,0.0,0,1,0,0,0,2026-08-18T09:50:43.584066+00:00,2026-08-18T09:51:31.340005+00:00
19,434,Heaton,14,GKP,39,0.214,0.9255,0.04,0.0384,0.0403,0.0,1,0,0,0,2026-08-18T09:50:43.584066+00:00,2026-08-18T09:51:31.340005+00:00
19,435,Mee,14,GKP,39,0.164,0.7651,0.04,0.0384,0.0403,0.0,1,0,0,0,2026-08-18T09:50:43.584066+00:00,2026-08-18T09:51:31.340005+00:00
19,436,De Ligt,14,DEF,49,0,0,0.0,0.0,0.0,0,1,0,0,0,2026-08-18T09:50:43.584066+00:00,2026-08-18T09:51:31.340005+00:00
19,437,Martinez,14,DEF,48,0.804,1.7082,0.18,0.1804,0.1818,0.0028,1,2,90,1,2026-08-18T09:50:43.584066+00:00,2026-08-18T09:51:31.340005+00:00
19,438,Mazraoui,14,DEF,49,1.2068,2.0681,0.28,0.1584,0.2731,0.0056,1,0,0,0,2026-08-18T09:50:43.584066+00:00,2026-08-18T09:51:31.340005+00:00
19,439,D.Leon,14,DEF,42,0.5304,1.275,0.1,0.198,0.1088,0.0016,1,0,0,0,2026-08-18T09:50:43.584066+00:00,2026-08-18T09:51:31.340005+00:00
19,440,Dalot,14,DEF,45,1.0032,1.9647,0.22,0.1716,0.2183,0.004,1,2,90,1,2026-08-18T09:50:43.584066+00:00,2026-08-18T09:51:31.340005+00:00
19,441,Dorgu,14,DEF,42,1.0116,2.0326,0.22,0.1716,0.2183,0.008,1,2,90,1,2026-08-18T09:50:43.584066+00:00,2026-08-18T09:51:31.340005+00:00
19,442,Maguire,14,DEF,43,0.96,1.8464,0.22,0.1716,0.2183,0.0048,1,0,0,0,2026-08-18T09:50:43.584066+00:00,2026-08-18T09:51:31.340005+00:00
19,443,Shaw,14,DEF,45,0.8448,1.652,0.22,0.1404,0.2158,0.0008,1,2,90,1,2026-08-18T09:50:43.584066+00:00,2026-08-18T09:51:31.340005+00:00
19,444,Yoro,14,DEF,43,0.9844,1.8376,0.22,0.1716,0.2183,0.0032,1,1,15,0,2026-08-18T09:50:43.584066+00:00,2026-08-18T09:51:31.340005+00:00
19,445,Amass,14,DEF,40,0,0,0.0,0.0,0.0,0,1,0,0,0,2026-08-18T09:50:43.584066+00:00,2026-08-18T09:51:31.340005+00:00
19,446,Fredricson,14,DEF,38,1.1044,1.8752,0.1,0.198,0.1088,0.0016,1,0,0,0,2026-08-18T09:50:43.584066+00:00,2026-08-18T09:51:31.340005+00:00
19,447,Heaven,14,DEF,38,1.0652,1.9694,0.22,0.1716,0.2183,0.0028,1,2,74,1,2026-08-18T09:50:43.584066+00:00,2026-08-18T09:51:31.340005+00:00
19,448,Malacia,14,DEF,38,1.0816,1.8544,0.1,0.198,0.1088,0.0008,1,0,0,0,2026-08-18T09:50:43.584066+00:00,2026-08-18T09:51:31.340005+00:00
19,449,B.Fernandes,14,MID,91,4.6768,4.3253,0.68,0.0896,0.6396,0.1432,1,0,0,0,2026-08-18T09:50:43.584066+00:00,2026-08-18T09:51:31.340005+00:00
19,450,Cunha,14,MID,81,2.4724,3.1109,0.48,0.1456,0.458,0.0348,1,2,90,1,2026-08-18T09:50:43.584066+00:00,2026-08-18T09:51:31.340005+00:00
19,451,Rashford,14,MID,70,0,0,0.0,0.0,0.0,0,1,0,0,0,2026-08-18T09:50:43.584066+00:00,2026-08-18T09:51:31.340005+00:00
19,452,Amad,14,MID,63,2.4668,3.0384,0.48,0.1456,0.458,0.0372,1,0,0,0,2026-08-18T09:50:43.584066+00:00,2026-08-18T09:51:31.340005+00:00
19,454,Antony,14,MID,59,0,0,0.0,0.0,0.0,0,1,0,0,0,2026-08-18T09:50:43.584066+00:00,2026-08-18T09:51:31.340005+00:00
19,455,Mount,14,MID,59,2.1292,2.5098,0.48,0.1456,0.458,0.016,1,0,0,0,2026-08-18T09:50:43.584066+00:00,2026-08-18T09:51:31.340005+00:00
19,457,Casemiro,14,MID,55,2.1932,2.6473,0.48,0.1456,0.458,0.02,1,6,90,1,2026-08-18T09:50:43.584066+00:00,2026-08-18T09:51:31.340005+00:00
19,458,Mainoo,14,MID,46,0.752,1.3342,0.18,0.1804,0.1818,0.0004,1,0,0,0,2026-08-18T09:50:43.584066+00:00,2026-08-18T09:51:31.340005+00:00
19,459,Ugarte,14,MID,47,1.2836,1.9679,0.28,0.1584,0.2731,0.0036,1,2,74,1,2026-08-18T09:50:43.584066+00:00,2026-08-18T09:51:31.340005+00:00
19,460,Collyer,14,MID,45,0,0,0.0,0.0,0.0,0,1,0,0,0,2026-08-18T09:50:43.584066+00:00,2026-08-18T09:51:31.340005+00:00
19,461,Fitzgerald,14,MID,44,0.4856,0.959,0.1,0.198,0.1088,0.0,1,0,0,0,2026-08-18T09:50:43.584066+00:00,2026-08-18T09:51:31.340005+00:00
19,462,J.Fletcher,14,MID,43,0.49,1.0522,0.1,0.198,0.1088,0.0,1,1,45,1,2026-08-18T09:50:43.584066+00:00,2026-08-18T09:51:31.340005+00:00
19,463,Kone,14,MID,43,0,0,0.0,0.0,0.0,0,1,0,0,0,2026-08-18T09:50:43.584066+00:00,2026-08-18T09:51:31.340005+00:00
19,464,Moorhouse,14,MID,45,0,0,0.0,0.0,0.0,0,1,0,0,0,2026-08-18T09:50:43.584066+00:00,2026-08-18T09:51:31.340005+00:00
19,465,Højlund,14,FWD,63,0,0,0.0,0.0,0.0,0,1,0,0,0,2026-08-18T09:50:43.584066+00:00,2026-08-18T09:51:31.340005+00:00
19,466,Zirkzee,14,FWD,58,1.044,1.6956,0.28,0.2016,0.2765,0.0068,1,8,45,1,2026-08-18T09:50:43.584066+00:00,2026-08-18T09:51:31.340005+00:00
19,467,Obi,14,FWD,42,0.4948,1.0681,0.1,0.198,0.1088,0.0004,1,0,0,0,2026-08-18T09:50:43.584066+00:00,2026-08-18T09:51:31.340005+00:00
19,468,Wheatley,14,FWD,45,0,0,0.0,0.0,0.0,0,1,0,0,0,2026-08-18T09:50:43.584066+00:00,2026-08-18T09:51:31.340005+00:00
19,681,Šeško,14,FWD,72,1.17,1.9959,0.24,0.2128,0.2402,0.0108,1,2,90,1,2026-08-18T09:50:43.584066+00:00,2026-08-18T09:51:31.340005+00:00
19,733,Lammens,14,GKP,50,3.3748,2.2775,0.9,0.008,0.8376,0.0008,1,3,90,1,2026-08-18T09:50:43.584066+00:00,2026-08-18T09:51:31.340005+00:00
19,755,Lacey,14,MID,45,0.4604,0.9612,0.1,0.198,0.1088,0.0012,1,0,0,0,2026-08-18T09:50:43.584066+00:00,2026-08-18T09:51:31.340005+00:00
19,769,Bendito Mantato,14,MID,45,0.4736,0.9733,0.1,0.198,0.1088,0.0004,1,1,15,0,2026-08-18T09:50:43.584066+00:00,2026-08-18T09:51:31.340005+00:00
19,771,Fletcher,14,MID,45,0.5244,1.0974,0.1,0.198,0.1088,0.0012,1,0,0,0,2026-08-18T09:50:43.584066+00:00,2026-08-18T09:51:31.340005+00:00
19,788,Kukonki,14,DEF,40,0.53,1.257,0.1,0.198,0.1088,0.0004,1,,,,2026-08-18T09:50:43.584066+00:00,
19,827,Thwaites,14,MID,45,0.5048,1.0392,0.1,0.198,0.1088,0.0,1,,,,2026-08-18T09:50:43.584066+00:00,
19,52,J.Ramsey,15,MID,53,0.982,1.5759,0.28,0.1584,0.2731,0.002,1,1,10,0,2026-08-18T09:50:43.584066+00:00,2026-08-18T09:51:31.340005+00:00
19,135,Wissa,15,FWD,73,2.2552,2.0825,0.72,0.0784,0.6759,0.012,1,6,79,1,2026-08-18T09:50:43.584066+00:00,2026-08-18T09:51:31.340005+00:00
19,469,Pope,15,GKP,51,3.1524,2.1391,0.9,0.008,0.8376,0.0012,1,2,90,1,2026-08-18T09:50:43.584066+00:00,2026-08-18T09:51:31.340005+00:00
19,471,Gillespie,15,GKP,39,0.148,0.7019,0.04,0.0384,0.0403,0.0,1,0,0,0,2026-08-18T09:50:43.584066+00:00,2026-08-18T09:51:31.340005+00:00
19,472,Odysseas,15,GKP,40,0,0,0.0,0.0,0.0,0,1,0,0,0,2026-08-18T09:50:43.584066+00:00,2026-08-18T09:51:31.340005+00:00
19,473,Hall,15,DEF,52,1.1004,2.0092,0.28,0.1584,0.2731,0.0056,1,4,90,1,2026-08-18T09:50:43.584066+00:00,2026-08-18T09:51:31.340005+00:00
19,474,Schär,15,DEF,53,0,0,0.0,0.0,0.0,0,1,4,90,1,2026-08-18T09:50:43.584066+00:00,2026-08-18T09:51:31.340005+00:00
19,475,Botman,15,DEF,49,1.9776,2.4913,0.48,0.1144,0.4556,0.0092,1,0,0,0,2026-08-18T09:50:43.584066+00:00,2026-08-18T09:51:31.340005+00:00
19,476,Burn,15,DEF,51,1.7812,2.3097,0.48,0.1144,0.4556,0.0044,1,0,0,0,2026-08-18T09:50:43.584066+00:00,2026-08-18T09:51:31.340005+00:00
19,477,Livramento,15,DEF,49,0,0,0.0,0.0,0.0,0,1,0,0,0,2026-08-18T09:50:43.584066+00:00,2026-08-18T09:51:31.340005+00:00
19,478,Trippier,15,DEF,49,1.5272,2.0759,0.48,0.1144,0.4556,0.0036,1,0,0,0,2026-08-18T09:50:43.584066+00:00,2026-08-18T09:51:31.340005+00:00
19,479,Krafth,15,DEF,43,0,0,0.0,0.0,0.0,0,1,0,0,0,2026-08-18T09:50:43.584066+00:00,2026-08-18T09:51:31.340005+00:00
19,480,Lascelles,15,DEF,43,0,0,0.0,0.0,0.0,0,1,0,0,0,2026-08-18T09:50:43.584066+00:00,2026-08-18T09:51:31.340005+00:00
19,481,A.Murphy,15,DEF,38,0.4952,1.1476,0.1,0.198,0.1088,0.0,1,0,0,0,2026-08-18T09:50:43.584066+00:00,2026-08-18T09:51:31.340005+00:00
19,482,Ashby,15,DEF,39,0,0,0.0,0.0,0.0,0,1,0,0,0,2026-08-18T09:50:43.584066+00:00,2026-08-18T09:51:31.340005+00:00
19,483,Pivas,15,DEF,38,0.4356,1.056,0.1,0.198,0.1088,0.0,1,0,0,0,2026-08-18T09:50:43.584066+00:00,2026-08-18T09:51:31.340005+00:00
19,484,Targett,15,DEF,40,0,0,0.0,0.0,0.0,0,1,0,0,0,2026-08-18T09:50:43.584066+00:00,2026-08-18T09:51:31.340005+00:00
19,485,Gordon,15,MID,74,2.4052,2.9153,0.48,0.1456,0.458,0.0252,1,5,79,1,2026-08-18T09:50:43.584066+00:00,2026-08-18T09:51:31.340005+00:00
19,486,Elanga,15,MID,65,1.1384,1.7227,0.28,0.2016,0.2765,0.002,1,0,0,0,2026-08-18T09:50:43.584066+00:00,2026-08-18T09:51:31.340005+00:00
19,487,Barnes,15,MID,61,1.5016,2.3423,0.28,0.2016,0.2765,0.0152,1,2,71,1,2026-08-18T09:50:43.584066+00:00,2026-08-18T09:51:31.340005+00:00
19,488,Bruno G.,15,MID,70,2.7764,2.5818,0.68,0.0896,0.6396,0.0204,1,10,90,1,2026-08-18T09:50:43.584066+00:00,2026-08-18T09:51:31.340005+00:00
19,489,J.Murphy,15,MID,60,1.988,2.3689,0.48,0.1456,0.458,0.012,1,1,18,0,2026-08-18T09:50:43.584066+00:00,2026-08-18T09:51:31.340005+00:00
19,490,Joelinton,15,MID,59,0,0,0.0,0.0,0.0,0,1,8,90,1,2026-08-18T09:50:43.584066+00:00,2026-08-18T09:51:31.340005+00:00
19,491,Tonali,15,MID,53,0.8684,1.4767,0.24,0.1672,0.2366,0.0016,1,2,90,1,2026-08-18T09:50:43.584066+00:00,2026-08-18T09:51:31.340005+00:00
19,492,Antoñito C.,15,MID,49,0,0,0.0,0.0,0.0,0,1,0,0,0,2026-08-18T09:50:43.584066+00:00,2026-08-18T09:51:31.340005+00:00
19,494,Willock,15,MID,50,0.6972,1.3071,0.18,0.1804,0.1818,0.0012,1,1,1,0,2026-08-18T09:50:43.584066+00:00,2026-08-18T09:51:31.340005+00:00
19,495,Hayden,15,MID,45,0,0,0.0,0.0,0.0,0,1,0,0,0,2026-08-18T09:50:43.584066+00:00,2026-08-18T09:51:31.340005+00:00
19,496,Kuol,15,MID,44,0,0,0.0,0.0,0.0,0,1,0,0,0,2026-08-18T09:50:43.584066+00:00,2026-08-18T09:51:31.340005+00:00
19,497,L.Miley,15,MID,45,0,0,0.0,0.0,0.0,0,1,4,90,1,2026-08-18T09:50:43.584066+00:00,2026-08-18T09:51:31.340005+00:00
19,498,White,15,MID,45,0,0,0.0,0.0,0.0,0,1,0,0,0,2026-08-18T09:50:43.584066+00:00,2026-08-18T09:51:31.340005+00:00
19,500,Osula,15,FWD,54,0.6532,1.1953,0.18,0.1804,0.1818,0.0012,1,0,0,0,2026-08-18T09:50:43.584066+00:00,2026-08-18T09:51:31.340005+00:00
19,501,Neave,15,FWD,43,0.4448,0.9016,0.1,0.198,0.1088,0.0004,1,0,0,0,2026-08-18T09:50:43.584066+00:00,2026-08-18T09:51:31.340005+00:00
19,674,Ramsdale,15,GKP,48,0.2908,0.9149,0.08,0.0736,0.0803,0.0,1,0,0,0,2026-08-18T09:50:43.584066+00:00,2026-08-18T09:51:31.340005+00:00
19,684,Thiaw,15,DEF,50,1.9376,2.5441,0.48,0.1144,0.4556,0.0104,1,4,90,1,2026-08-18T09:50:43.584066+00:00,2026-08-18T09:51:31.340005+00:00
19,689,Seung soo,15,MID,44,0.4468,0.9228,0.1,0.198,0.1088,0.0,1,0,0,0,2026-08-18T09:50:43.584066+00:00,2026-08-18T09:51:31.340005+00:00
19,714,Woltemade,15,FWD,74,2.2228,2.5955,0.48,0.1456,0.458,0.02,1,1,10,0,2026-08-18T09:50:43.584066+00:00,2026-08-18T09:51:31.340005+00:00
19,753,Ruddy,15,GKP,40,0.1884,0.8268,0.04,0.0384,0.0403,0.0,1,0,0,0,2026-08-18T09:50:43.584066+00:00,2026-08-18T09:51:31.340005+00:00
19,765,Shahar,15,DEF,40,0.4576,1.1178,0.1,0.198,0.1088,0.0008,1,0,0,0,2026-08-18T09:50:43.584066+00:00,2026-08-18T09:51:31.340005+00:00
19,772,Alabi,15,MID,45,0.4772,0.9668,0.1,0.198,0.1088,0.0,1,0,0,0,2026-08-18T09:50:43.584066+00:00,2026-08-18T09:51:31.340005+00:00
19,12,Zinchenko,16,DEF,49,0,0,0.0,0.0,0.0,0,1,1,90,1,2026-08-18T09:50:43.584066+00:00,2026-08-18T09:51:31.340005+00:00
19,400,Ortega Moreno,16,GKP,47,0.3272,1.0821,0.08,0.0736,0.0803,0.0004,1,0,0,0,2026-08-18T09:50:43.584066+00:00,2026-08-18T09:51:31.340005+00:00
19,426,McAtee,16,MID,50,0.6804,1.2288,0.18,0.1804,0.1818,0.0012,1,0,0,0,2026-08-18T09:50:43.584066+00:00,2026-08-18T09:51:31.340005+00:00
19,502,Sels,16,GKP,46,3.1948,2.2155,0.9,0.008,0.8376,0.0008,1,0,0,0,2026-08-18T09:50:43.584066+00:00,2026-08-18T09:51:31.340005+00:00
19,503,C.Miguel,16,GKP,40,0,0,0.0,0.0,0.0,0,1,0,0,0,2026-08-18T09:50:43.584066+00:00,2026-08-18T09:51:31.340005+00:00
19,504,Turner,16,GKP,40,0,0,0.0,0.0,0.0,0,1,0,0,0,2026-08-18T09:50:43.584066+00:00,2026-08-18T09:51:31.340005+00:00
19,505,Milenković,16,DEF,51,2.3964,2.5264,0.68,0.0576,0.637,0.0088,1,1,90,1,2026-08-18T09:50:43.584066+00:00,2026-08-18T09:51:31.340005+00:00
19,506,Murillo,16,DEF,52,0,0,0.0,0.0,0.0,0,1,1,90,1,2026-08-18T09:50:43.584066+00:00,2026-08-18T09:51:31.340005+00:00
19,507,Aina,16,DEF,47,0.638,1.4732,0.14,0.1892,0.1453,0.0012,1,0,0,0,2026-08-18T09:50:43.584066+00:00,2026-08-18T09:51:31.340005+00:00
19,508,N.Williams,16,DEF,47,2.726,2.8603,0.68,0.0576,0.637,0.022,1,1,90,1,2026-08-18T09:50:43.584066+00:00,2026-08-18T09:51:31.340005+00:00
19,509,David Carmo,16,DEF,45,0,0,0.0,0.0,0.0,0,1,0,0,0,2026-08-18T09:50:43.584066+00:00,2026-08-18T09:51:31.340005+00:00
19,510,Jair Cunha,16,DEF,43,0.6384,1.5027,0.1,0.198,0.1088,0.0004,1,0,0,0,2026-08-18T09:50:43.584066+00:00,2026-08-18T09:51:31.340005+00:00
19,511,Morato,16,DEF,43,0.9124,1.7585,0.22,0.1716,0.2183,0.0012,1,0,0,0,2026-08-18T09:50:43.584066+00:00,2026-08-18T09:51:31.340005+00:00
19,512,O.Richards,16,DEF,45,0,0,0.0,0.0,0.0,0,1,0,0,0,2026-08-18T09:50:43.584066+00:00,2026-08-18T09:51:31.340005+00:00
19,513,Abbott,16,DEF,38,0.6224,1.4805,0.1,0.198,0.1088,0.0008,1,0,0,0,2026-08-18T09:50:43.584066+00:00,2026-08-18T09:51:31.340005+00:00
19,514,Boly,16,DEF,38,0,0,0.0,0.0,0.0,0,1,0,0,0,2026-08-18T09:50:43.584066+00:00,2026-08-18T09:51:31.340005+00:00
19,515,Gibbs-White,16,MID,73,2.8512,2.7762,0.68,0.0576,0.637,0.0224,1,2,90,1,2026-08-18T09:50:43.584066+00:00,2026-08-18T09:51:31.340005+00:00
19,516,Hudson-Odoi,16,MID,57,0,0,0.0,0.0,0.0,0,1,2,74,1,2026-08-18T09:50:43.584066+00:00,2026-08-18T09:51:31.340005+00:00
19,517,Anderson,16,MID,53,3.0568,2.7605,0.68,0.0576,0.637,0.0268,1,4,90,1,2026-08-18T09:50:43.584066+00:00,2026-08-18T09:51:31.340005+00:00
19,518,Jota,16,MID,54,0,0,0.0,0.0,0.0,0,1,0,0,0,2026-08-18T09:50:43.584066+00:00,2026-08-18T09:51:31.340005+00:00
19,519,Dominguez,16,MID,50,1.0156,1.5813,0.28,0.1584,0.2731,0.002,1,1,45,1,2026-08-18T09:50:43.584066+00:00,2026-08-18T09:51:31.340005+00:00
19,520,O'Brien,16,MID,50,0,0,0.0,0.0,0.0,0,1,0,0,0,2026-08-18T09:50:43.584066+00:00,2026-08-18T09:51:31.340005+00:00
19,521,Sangaré,16,MID,49,1.9156,2.3027,0.48,0.1144,0.4556,0.0084,1,0,0,0,2026-08-18T09:50:43.584066+00:00,2026-08-18T09:51:31.340005+00:00
19,522,Yates,16,MID,47,0.7692,1.4221,0.18,0.1804,0.1818,0.0012,1,0,0,0,2026-08-18T09:50:43.584066+00:00,2026-08-18T09:51:31.340005+00:00
19,523,Da Silva Moreira,16,MID,45,0.4772,0.9929,0.1,0.198,0.1088,0.0,1,0,0,0,2026-08-18T09:50:43.584066+00:00,2026-08-18T09:51:31.340005+00:00
19,524,Stamenic,16,MID,45,0,0,0.0,0.0,0.0,0,1,0,0,0,2026-08-18T09:50:43.584066+00:00,2026-08-18T09:51:31.340005+00:00
19,525,Wood,16,FWD,72,1.4184,2.2898,0.28,0.2016,0.2765,0.0148,1,0,0,0,2026-08-18T09:50:43.584066+00:00,2026-08-18T09:51:31.340005+00:00
19,526,Igor Jesus,16,FWD,58,1.86,2.2393,0.48,0.1456,0.458,0.0124,1,2,61,1,2026-08-18T09:50:43.584066+00:00,2026-08-18T09:51:31.340005+00:00
19,527,Awoniyi,16,FWD,52,0.6556,1.2368,0.18,0.1804,0.1818,0.0008,1,1,28,0,2026-08-18T09:50:43.584066+00:00,2026-08-18T09:51:31.340005+00:00
19,669,Ndoye,16,MID,55,1.7832,2.0418,0.48,0.1456,0.458,0.0044,1,0,0,0,2026-08-18T09:50:43.584066+00:00,2026-08-18T09:51:31.340005+00:00
19,675,Gunn,16,GKP,40,0.1784,0.8161,0.04,0.0384,0.0403,0.0,1,0,0,0,2026-08-18T09:50:43.584066+00:00,2026-08-18T09:51:31.340005+00:00
19,693,Hutchinson,16,MID,54,1.2896,2.0743,0.28,0.1584,0.2731,0.0064,1,2,90,1,2026-08-18T09:50:43.584066+00:00,2026-08-18T09:51:31.340005+00:00
19,696,Kalimuendo,16,FWD,60,0,0,0.0,0.0,0.0,0,1,0,0,0,2026-08-18T09:50:43.584066+00:00,2026-08-18T09:51:31.340005+00:00
19,715,John,16,GKP,40,0.1532,0.6977,0.04,0.0384,0.0403,0.0,1,1,90,1,2026-08-18T09:50:43.584066+00:00,2026-08-18T09:51:31.340005+00:00
19,716,Savona,16,DEF,45,0,0,0.0,0.0,0.0,0,1,0,0,0,2026-08-18T09:50:43.584066+00:00,2026-08-18T09:51:31.340005+00:00
19,729,Cuiabano,16,DEF,45,0,0,0.0,0.0,0.0,0,1,0,0,0,2026-08-18T09:50:43.584066+00:00,2026-08-18T09:51:31.340005+00:00
19,734,Bakwa,16,MID,59,1.4872,1.9043,0.45,0.154,0.4308,0.004,1,1,15,0,2026-08-18T09:50:43.584066+00:00,2026-08-18T09:51:31.340005+00:00
19,805,Lucca,16,FWD,53,0.6988,1.2509,0.18,0.1804,0.1818,0.0012,1,,,,2026-08-18T09:50:43.584066+00:00,
19,814,Netz,16,DEF,45,0.572,1.3181,0.1,0.198,0.1088,0.0012,1,,,,2026-08-18T09:50:43.584066+00:00,
19,835,Whitehall,16,MID,45,0.4964,1.0159,0.1,0.198,0.1088,0.0008,1,,,,2026-08-18T09:50:43.584066+00:00,
19,836,Sinclair,16,MID,45,0.488,0.9591,0.1,0.198,0.1088,0.0,1,,,,2026-08-18T09:50:43.584066+00:00,
19,841,Sillah,16,FWD,45,0.4884,1.0107,0.1,0.198,0.1088,0.0004,1,,,,2026-08-18T09:50:43.584066+00:00,
19,528,Patterson,17,GKP,42,0,0,0.0,0.0,0.0,0,1,0,0,0,2026-08-18T09:50:43.584066+00:00,2026-08-18T09:51:31.340005+00:00
19,529,Moore,17,GKP,39,0.1536,0.7098,0.04,0.0384,0.0403,0.0,1,0,0,0,2026-08-18T09:50:43.584066+00:00,2026-08-18T09:51:31.340005+00:00
19,530,Nna Noukeu,17,GKP,39,0,0,0.0,0.0,0.0,0,1,0,0,0,2026-08-18T09:50:43.584066+00:00,2026-08-18T09:51:31.340005+00:00
19,531,Ballard,17,DEF,47,2.548,3.1664,0.48,0.1144,0.4556,0.0296,1,0,0,0,2026-08-18T09:50:43.584066+00:00,2026-08-18T09:51:31.340005+00:00
19,532,Hume,17,DEF,45,0.9772,1.922,0.22,0.1716,0.2183,0.004,1,6,90,1,2026-08-18T09:50:43.584066+00:00,2026-08-18T09:51:31.340005+00:00
19,533,Alese,17,DEF,40,0,0,0.0,0.0,0.0,0,1,0,0,0,2026-08-18T09:50:43.584066+00:00,2026-08-18T09:51:31.340005+00:00
19,534,Anderson,17,DEF,39,0,0,0.0,0.0,0.0,0,1,0,0,0,2026-08-18T09:50:43.584066+00:00,2026-08-18T09:51:31.340005+00:00
19,535,Cirkin,17,DEF,40,0.6036,1.4583,0.1,0.198,0.1088,0.0008,1,8,90,1,2026-08-18T09:50:43.584066+00:00,2026-08-18T09:51:31.340005+00:00
19,536,Hjelde,17,DEF,40,0,0,0.0,0.0,0.0,0,1,0,0,0,2026-08-18T09:50:43.584066+00:00,2026-08-18T09:51:31.340005+00:00
19,537,Huggins,17,DEF,40,0,0,0.0,0.0,0.0,0,1,0,0,0,2026-08-18T09:50:43.584066+00:00,2026-08-18T09:51:31.340005+00:00
19,538,Johnson,17,DEF,39,0,0,0.0,0.0,0.0,0,1,0,0,0,2026-08-18T09:50:43.584066+00:00,2026-08-18T09:51:31.340005+00:00
19,539,O'Nien,17,DEF,40,0.9136,1.773,0.1,0.198,0.1088,0.0004,1,0,0,0,2026-08-18T09:50:43.584066+00:00,2026-08-18T09:51:31.340005+00:00
19,540,Pembele,17,DEF,39,0,0,0.0,0.0,0.0,0,1,0,0,0,2026-08-18T09:50:43.584066+00:00,2026-08-18T09:51:31.340005+00:00
19,541,Reinildo,17,DEF,39,0.9164,1.777,0.22,0.1716,0.2183,0.0016,1,0,0,0,2026-08-18T09:50:43.584066+00:00,2026-08-18T09:51:31.340005+00:00
19,542,Seelt,17,DEF,40,0,0,0.0,0.0,0.0,0,1,0,0,0,2026-08-18T09:50:43.584066+00:00,2026-08-18T09:51:31.340005+00:00
19,543,Adingra,17,MID,49,0,0,0.0,0.0,0.0,0,1,2,71,1,2026-08-18T09:50:43.584066+00:00,2026-08-18T09:51:31.340005+00:00
19,544,Diarra,17,MID,53,1.2372,2.1489,0.28,0.1584,0.2731,0.0096,1,0,0,0,2026-08-18T09:50:43.584066+00:00,2026-08-18T09:51:31.340005+00:00
19,545,Roberts,17,MID,54,0,0,0.0,0.0,0.0,0,1,0,0,0,2026-08-18T09:50:43.584066+00:00,2026-08-18T09:51:31.340005+00:00
19,546,Aleksić,17,MID,49,0.7284,1.3756,0.18,0.1804,0.1818,0.002,1,0,0,0,2026-08-18T09:50:43.584066+00:00,2026-08-18T09:51:31.340005+00:00
19,547,E.Le Fée,17,MID,49,1.8928,2.4561,0.48,0.1144,0.4556,0.0152,1,5,90,1,2026-08-18T09:50:43.584066+00:00,2026-08-18T09:51:31.340005+00:00
19,548,Mundle,17,MID,49,0,0,0.0,0.0,0.0,0,1,1,18,0,2026-08-18T09:50:43.584066+00:00,2026-08-18T09:51:31.340005+00:00
19,549,Neil,17,MID,48,0,0,0.0,0.0,0.0,0,1,0,0,0,2026-08-18T09:50:43.584066+00:00,2026-08-18T09:51:31.340005+00:00
19,550,Poveda,17,MID,48,0.6932,1.2295,0.18,0.1804,0.1818,0.0,1,0,0,0,2026-08-18T09:50:43.584066+00:00,2026-08-18T09:51:31.340005+00:00
19,551,Rigg,17,MID,47,0.914,1.4893,0.28,0.1584,0.2731,0.0012,1,0,0,0,2026-08-18T09:50:43.584066+00:00,2026-08-18T09:51:31.340005+00:00
19,552,Sadiki,17,MID,50,1.7804,1.5886,0.68,0.0704,0.638,0.0016,1,0,0,0,2026-08-18T09:50:43.584066+00:00,2026-08-18T09:51:31.340005+00:00
19,553,Talbi,17,MID,49,0,0,0.0,0.0,0.0,0,1,0,0,0,2026-08-18T09:50:43.584066+00:00,2026-08-18T09:51:31.340005+00:00
19,554,Ba,17,MID,43,0.4804,1.009,0.1,0.198,0.1088,0.0004,1,0,0,0,2026-08-18T09:50:43.584066+00:00,2026-08-18T09:51:31.340005+00:00
19,555,Browne,17,MID,45,0,0,0.0,0.0,0.0,0,1,0,0,0,2026-08-18T09:50:43.584066+00:00,2026-08-18T09:51:31.340005+00:00
19,556,Ekwah,17,MID,45,0,0,0.0,0.0,0.0,0,1,0,0,0,2026-08-18T09:50:43.584066+00:00,2026-08-18T09:51:31.340005+00:00
19,557,H.Jones,17,MID,43,0.5036,1.0595,0.1,0.198,0.1088,0.0,1,0,0,0,2026-08-18T09:50:43.584066+00:00,2026-08-18T09:51:31.340005+00:00
19,558,Matete,17,MID,43,0,0,0.0,0.0,0.0,0,1,0,0,0,2026-08-18T09:50:43.584066+00:00,2026-08-18T09:51:31.340005+00:00
19,559,Triantis,17,MID,44,0,0,0.0,0.0,0.0,0,1,0,0,0,2026-08-18T09:50:43.584066+00:00,2026-08-18T09:51:31.340005+00:00
19,560,Isidor,17,FWD,54,1.91,2.2622,0.48,0.1144,0.4556,0.0108,1,1,32,0,2026-08-18T09:50:43.584066+00:00,2026-08-18T09:51:31.340005+00:00
19,561,Mayenda,17,FWD,52,0.95,1.4649,0.28,0.1584,0.2731,0.0028,1,2,90,1,2026-08-18T09:50:43.584066+00:00,2026-08-18T09:51:31.340005+00:00
19,562,Abdullahi,17,FWD,43,0.4564,0.9168,0.1,0.198,0.1088,0.0,1,0,0,0,2026-08-18T09:50:43.584066+00:00,2026-08-18T09:51:31.340005+00:00
19,563,Luís Hemir,17,FWD,44,0,0,0.0,0.0,0.0,0,1,0,0,0,2026-08-18T09:50:43.584066+00:00,2026-08-18T09:51:31.340005+00:00
19,564,Rusyn,17,FWD,44,0,0,0.0,0.0,0.0,0,1,0,0,0,2026-08-18T09:50:43.584066+00:00,2026-08-18T09:51:31.340005+00:00
19,668,Xhaka,17,MID,52,2.6032,2.2545,0.68,0.0576,0.637,0.0072,1,5,90,1,2026-08-18T09:50:43.584066+00:00,2026-08-18T09:51:31.340005+00:00
19,670,Roefs,17,GKP,48,3.6752,2.3811,0.9,0.008,0.8376,0.0052,1,7,90,1,2026-08-18T09:50:43.584066+00:00,2026-08-18T09:51:31.340005+00:00
19,678,Masuaku,17,DEF,39,0,0,0.0,0.0,0.0,0,1,0,0,0,2026-08-18T09:50:43.584066+00:00,2026-08-18T09:51:31.340005+00:00
19,683,Alderete,17,DEF,40,0.6716,1.6519,0.11,0.1958,0.118,0.0036,1,8,90,1,2026-08-18T09:50:43.584066+00:00,2026-08-18T09:51:31.340005+00:00
19,694,Mukiele,17,DEF,42,1.1728,2.2304,0.22,0.1716,0.2183,0.0084,1,11,90,1,2026-08-18T09:50:43.584066+00:00,2026-08-18T09:51:31.340005+00:00
19,724,Geertruida,17,DEF,45,0.9364,1.762,0.22,0.1716,0.2183,0.0016,1,6,90,1,2026-08-18T09:50:43.584066+00:00,2026-08-18T09:51:31.340005+00:00
19,730,Brobbey,17,FWD,55,1.0164,1.5918,0.28,0.2016,0.2765,0.0044,1,1,57,1,2026-08-18T09:50:43.584066+00:00,2026-08-18T09:51:31.340005+00:00
19,735,Traoré,17,MID,55,1.5912,1.8015,0.48,0.1456,0.458,0.0032,1,0,0,0,2026-08-18T09:50:43.584066+00:00,2026-08-18T09:51:31.340005+00:00
19,774,Jenson Jones,17,DEF,40,0.5192,1.2416,0.1,0.198,0.1088,0.0,1,0,0,0,2026-08-18T09:50:43.584066+00:00,2026-08-18T09:51:31.340005+00:00
19,775,Tutierov,17,MID,45,0,0,0.0,0.0,0.0,0,1,0,0,0,2026-08-18T09:50:43.584066+00:00,2026-08-18T09:51:31.340005+00:00
19,800,Jocelin.T,17,MID,49,0.7324,1.3813,0.18,0.1804,0.1818,0.0008,1,,,,2026-08-18T09:50:43.584066+00:00,
19,812,Ellborg,17,GKP,40,0.1408,0.6761,0.04,0.0384,0.0403,0.0,1,,,,2026-08-18T09:50:43.584066+00:00,
19,813,Angulo,17,MID,50,0.7912,1.3887,0.18,0.1804,0.1818,0.0012,1,,,,2026-08-18T09:50:43.584066+00:00,
19,821,Whittaker,17,MID,45,0.4664,1.0145,0.1,0.198,0.1088,0.0004,1,,,,2026-08-18T09:50:43.584066+00:00,
19,822,Jones,17,MID,45,0.4684,0.9862,0.1,0.198,0.1088,0.0008,1,,,,2026-08-18T09:50:43.584066+00:00,
19,565,Vicario,18,GKP,48,3.0604,2.1573,0.9,0.008,0.8376,0.0012,1,5,90,1,2026-08-18T09:50:43.584066+00:00,2026-08-18T09:51:31.340005+00:00
19,566,Austin,18,GKP,39,0.1548,0.7013,0.04,0.0384,0.0403,0.0,1,0,0,0,2026-08-18T09:50:43.584066+00:00,2026-08-18T09:51:31.340005+00:00
19,567,Kinsky,18,GKP,39,0.1932,0.8645,0.04,0.0384,0.0403,0.0,1,0,0,0,2026-08-18T09:50:43.584066+00:00,2026-08-18T09:51:31.340005+00:00
19,568,Pedro Porro,18,DEF,52,2.1232,2.2799,0.68,0.0704,0.638,0.0044,1,10,90,1,2026-08-18T09:50:43.584066+00:00,2026-08-18T09:51:31.340005+00:00
19,569,Romero,18,DEF,50,0,0,0.0,0.0,0.0,0,1,9,90,1,2026-08-18T09:50:43.584066+00:00,2026-08-18T09:51:31.340005+00:00
19,570,Danso,18,DEF,42,0.996,1.8708,0.22,0.1716,0.2183,0.0028,1,0,0,0,2026-08-18T09:50:43.584066+00:00,2026-08-18T09:51:31.340005+00:00
19,571,Davies,18,DEF,43,0,0,0.0,0.0,0.0,0,1,0,0,0,2026-08-18T09:50:43.584066+00:00,2026-08-18T09:51:31.340005+00:00
19,572,Dragusin,18,DEF,45,0.6064,1.4979,0.1,0.198,0.1088,0.0024,1,0,0,0,2026-08-18T09:50:43.584066+00:00,2026-08-18T09:51:31.340005+00:00
19,573,Spence,18,DEF,43,0.804,1.5477,0.22,0.1716,0.2183,0.0012,1,6,90,1,2026-08-18T09:50:43.584066+00:00,2026-08-18T09:51:31.340005+00:00
19,574,Udogie,18,DEF,43,0.7228,1.375,0.22,0.1716,0.2183,0.0008,1,0,0,0,2026-08-18T09:50:43.584066+00:00,2026-08-18T09:51:31.340005+00:00
19,575,Van de Ven,18,DEF,45,0.906,1.8837,0.22,0.1404,0.2158,0.0064,1,6,90,1,2026-08-18T09:50:43.584066+00:00,2026-08-18T09:51:31.340005+00:00
19,576,Phillips,18,DEF,40,0,0,0.0,0.0,0.0,0,1,0,0,0,2026-08-18T09:50:43.584066+00:00,2026-08-18T09:51:31.340005+00:00
19,577,Takai,18,DEF,40,0,0,0.0,0.0,0.0,0,1,0,0,0,2026-08-18T09:50:43.584066+00:00,2026-08-18T09:51:31.340005+00:00
19,578,Vuskovic,18,DEF,39,0,0,0.0,0.0,0.0,0,1,0,0,0,2026-08-18T09:50:43.584066+00:00,2026-08-18T09:51:31.340005+00:00
19,579,Son,18,MID,85,0,0,0.0,0.0,0.0,0,1,0,0,0,2026-08-18T09:50:43.584066+00:00,2026-08-18T09:51:31.340005+00:00
19,581,Maddison,18,MID,68,3.1708,3.182,0.68,0.0576,0.637,0.046,1,0,0,0,2026-08-18T09:50:43.584066+00:00,2026-08-18T09:51:31.340005+00:00
19,582,Kudus,18,MID,64,0,0,0.0,0.0,0.0,0,1,3,90,1,2026-08-18T09:50:43.584066+00:00,2026-08-18T09:51:31.340005+00:00
19,583,Kulusevski,18,MID,64,0,0,0.0,0.0,0.0,0,1,0,0,0,2026-08-18T09:50:43.584066+00:00,2026-08-18T09:51:31.340005+00:00
19,584,Tel,18,MID,62,1.1556,1.8221,0.28,0.2016,0.2765,0.0044,1,1,10,0,2026-08-18T09:50:43.584066+00:00,2026-08-18T09:51:31.340005+00:00
19,585,Bentancur,18,MID,53,1.9104,2.1388,0.48,0.1144,0.4556,0.0044,1,5,90,1,2026-08-18T09:50:43.584066+00:00,2026-08-18T09:51:31.340005+00:00
19,586,Bergvall,18,MID,53,1.3992,1.7393,0.48,0.1144,0.4556,0.0032,1,0,0,0,2026-08-18T09:50:43.584066+00:00,2026-08-18T09:51:31.340005+00:00
19,587,Bissouma,18,MID,52,1.7168,1.5497,0.68,0.0704,0.638,0.0004,1,0,0,0,2026-08-18T09:50:43.584066+00:00,2026-08-18T09:51:31.340005+00:00
19,588,Odobert,18,MID,53,0,0,0.0,0.0,0.0,0,1,3,66,1,2026-08-18T09:50:43.584066+00:00,2026-08-18T09:51:31.340005+00:00
19,589,Solomon,18,MID,54,0,0,0.0,0.0,0.0,0,1,0,0,0,2026-08-18T09:50:43.584066+00:00,2026-08-18T09:51:31.340005+00:00
19,590,Bryan,18,MID,49,0,0,0.0,0.0,0.0,0,1,0,0,0,2026-08-18T09:50:43.584066+00:00,2026-08-18T09:51:31.340005+00:00
19,591,Gray,18,MID,48,0.9836,1.5243,0.28,0.1584,0.2731,0.0012,1,3,90,1,2026-08-18T09:50:43.584066+00:00,2026-08-18T09:51:31.340005+00:00
19,592,Moore,18,MID,50,0,0,0.0,0.0,0.0,0,1,0,0,0,2026-08-18T09:50:43.584066+00:00,2026-08-18T09:51:31.340005+00:00
19,593,P.M.Sarr,18,MID,45,1.1012,1.7011,0.28,0.1584,0.2731,0.0028,1,0,0,0,2026-08-18T09:50:43.584066+00:00,2026-08-18T09:51:31.340005+00:00
19,594,Min-hyeok,18,MID,45,0,0,0.0,0.0,0.0,0,1,0,0,0,2026-08-18T09:50:43.584066+00:00,2026-08-18T09:51:31.340005+00:00
19,595,Olusesi,18,MID,43,0.4728,0.9187,0.1,0.198,0.1088,0.0004,1,0,0,0,2026-08-18T09:50:43.584066+00:00,2026-08-18T09:51:31.340005+00:00
19,596,Solanke,18,FWD,72,2.432,2.2598,0.72,0.0784,0.6759,0.0148,1,0,0,0,2026-08-18T09:50:43.584066+00:00,2026-08-18T09:51:31.340005+00:00
19,597,Richarlison,18,FWD,64,1.922,2.3249,0.48,0.1456,0.458,0.0116,1,2,90,1,2026-08-18T09:50:43.584066+00:00,2026-08-18T09:51:31.340005+00:00
19,598,Lankshear,18,FWD,45,0,0,0.0,0.0,0.0,0,1,0,0,0,2026-08-18T09:50:43.584066+00:00,2026-08-18T09:51:31.340005+00:00
19,599,Scarlett,18,FWD,43,0,0,0.0,0.0,0.0,0,1,0,0,0,2026-08-18T09:50:43.584066+00:00,2026-08-18T09:51:31.340005+00:00
19,673,J.Palhinha,18,MID,55,2.1812,2.4099,0.48,0.1456,0.458,0.008,1,2,79,1,2026-08-18T09:50:43.584066+00:00,2026-08-18T09:51:31.340005+00:00
19,717,Xavi,18,MID,65,0,0,0.0,0.0,0.0,0,1,0,0,0,2026-08-18T09:50:43.584066+00:00,2026-08-18T09:51:31.340005+00:00
19,726,Kolo Muani,18,FWD,69,1.5192,1.8198,0.48,0.1456,0.458,0.0056,1,1,23,0,2026-08-18T09:50:43.584066+00:00,2026-08-18T09:51:31.340005+00:00
19,745,Byfield,18,DEF,40,0.43,1.0291,0.1,0.198,0.1088,0.0004,1,0,0,0,2026-08-18T09:50:43.584066+00:00,2026-08-18T09:51:31.340005+00:00
19,750,Rowswell,18,DEF,40,0.4472,1.0664,0.1,0.198,0.1088,0.0004,1,0,0,0,2026-08-18T09:50:43.584066+00:00,2026-08-18T09:51:31.340005+00:00
19,751,Akhamrich,18,MID,45,0,0,0.0,0.0,0.0,0,1,0,0,0,2026-08-18T09:50:43.584066+00:00,2026-08-18T09:51:31.340005+00:00
19,790,Williams-Barnett,18,MID,45,0.4628,0.9157,0.1,0.198,0.1088,0.0,1,,,,2026-08-18T09:50:43.584066+00:00,
19,796,Gallagher,18,MID,50,0.6864,1.2383,0.18,0.1804,0.1818,0.0004,1,,,,2026-08-18T09:50:43.584066+00:00,
19,804,Souza,18,DEF,40,0.4316,1.0738,0.1,0.198,0.1088,0.0016,1,,,,2026-08-18T09:50:43.584066+00:00,
19,811,Kyerematen,18,MID,45,0.4536,0.9622,0.1,0.198,0.1088,0.0004,1,,,,2026-08-18T09:50:43.584066+00:00,
19,818,Wilson,18,FWD,45,0.438,0.8635,0.1,0.198,0.1088,0.0,1,,,,2026-08-18T09:50:43.584066+00:00,
19,326,Adama,19,MID,51,0.4616,0.9985,0.09,0.2002,0.0997,0.0,1,1,5,0,2026-08-18T09:50:43.584066+00:00,2026-08-18T09:51:31.340005+00:00
19,600,Areola,19,GKP,43,3.6184,2.3263,0.9,0.004,0.8373,0.0016,1,2,90,1,2026-08-18T09:50:43.584066+00:00,2026-08-18T09:51:31.340005+00:00
19,601,Foderingham,19,GKP,40,0,0,0.0,0.0,0.0,0,1,0,0,0,2026-08-18T09:50:43.584066+00:00,2026-08-18T09:51:31.340005+00:00
19,602,Hegyi,19,GKP,39,0,0,0.0,0.0,0.0,0,1,0,0,0,2026-08-18T09:50:43.584066+00:00,2026-08-18T09:51:31.340005+00:00
19,603,Diouf,19,DEF,40,0.9176,1.727,0.22,0.1716,0.2183,0.0016,1,0,0,0,2026-08-18T09:50:43.584066+00:00,2026-08-18T09:51:31.340005+00:00
19,604,Emerson,19,DEF,44,0,0,0.0,0.0,0.0,0,1,0,0,0,2026-08-18T09:50:43.584066+00:00,2026-08-18T09:51:31.340005+00:00
19,605,Kilman,19,DEF,42,1.0188,1.8975,0.22,0.1716,0.2183,0.002,1,0,90,1,2026-08-18T09:50:43.584066+00:00,2026-08-18T09:51:31.340005+00:00
19,606,Mavropanos,19,DEF,44,1.1252,2.1386,0.22,0.1716,0.2183,0.0056,1,1,45,1,2026-08-18T09:50:43.584066+00:00,2026-08-18T09:51:31.340005+00:00
19,607,N.Aguerd,19,DEF,44,0,0,0.0,0.0,0.0,0,1,0,0,0,2026-08-18T09:50:43.584066+00:00,2026-08-18T09:51:31.340005+00:00
19,608,Scarles,19,DEF,43,0.8624,1.6625,0.22,0.1716,0.2183,0.0008,1,3,90,1,2026-08-18T09:50:43.584066+00:00,2026-08-18T09:51:31.340005+00:00
19,609,Todibo,19,DEF,43,0.8452,1.6514,0.22,0.1716,0.2183,0.0004,1,1,45,1,2026-08-18T09:50:43.584066+00:00,2026-08-18T09:51:31.340005+00:00
19,610,Wan-Bissaka,19,DEF,42,0.8888,1.7118,0.22,0.1716,0.2183,0.0004,1,0,0,0,2026-08-18T09:50:43.584066+00:00,2026-08-18T09:51:31.340005+00:00
19,611,Casey,19,DEF,40,0,0,0.0,0.0,0.0,0,1,0,0,0,2026-08-18T09:50:43.584066+00:00,2026-08-18T09:51:31.340005+00:00
19,612,L.Paquetá,19,MID,59,0,0,0.0,0.0,0.0,0,1,13,82,1,2026-08-18T09:50:43.584066+00:00,2026-08-18T09:51:31.340005+00:00
19,613,Souček,19,MID,57,1.5328,2.4354,0.28,0.2016,0.2765,0.0184,1,1,8,0,2026-08-18T09:50:43.584066+00:00,2026-08-18T09:51:31.340005+00:00
19,615,Summerville,19,MID,55,1.6464,2.0771,0.48,0.1456,0.458,0.0108,1,1,27,0,2026-08-18T09:50:43.584066+00:00,2026-08-18T09:51:31.340005+00:00
19,616,Álvarez,19,MID,49,0,0,0.0,0.0,0.0,0,1,0,0,0,2026-08-18T09:50:43.584066+00:00,2026-08-18T09:51:31.340005+00:00
19,617,Cornet,19,MID,49,0,0,0.0,0.0,0.0,0,1,0,0,0,2026-08-18T09:50:43.584066+00:00,2026-08-18T09:51:31.340005+00:00
19,618,G.Rodriguez,19,MID,48,0,0,0.0,0.0,0.0,0,1,0,0,0,2026-08-18T09:50:43.584066+00:00,2026-08-18T09:51:31.340005+00:00
19,619,L.Guilherme,19,MID,49,0,0,0.0,0.0,0.0,0,1,0,0,0,2026-08-18T09:50:43.584066+00:00,2026-08-18T09:51:31.340005+00:00
19,620,Earthy,19,MID,45,0,0,0.0,0.0,0.0,0,1,0,0,0,2026-08-18T09:50:43.584066+00:00,2026-08-18T09:51:31.340005+00:00
19,621,Irving,19,MID,43,0,0,0.0,0.0,0.0,0,1,0,0,0,2026-08-18T09:50:43.584066+00:00,2026-08-18T09:51:31.340005+00:00
19,622,Orford,19,MID,44,0,0,0.0,0.0,0.0,0,1,0,0,0,2026-08-18T09:50:43.584066+00:00,2026-08-18T09:51:31.340005+00:00
19,623,Potts,19,MID,44,1.5304,1.6935,0.48,0.1144,0.4556,0.0008,1,2,90,1,2026-08-18T09:50:43.584066+00:00,2026-08-18T09:51:31.340005+00:00
19,624,Bowen,19,FWD,76,2.6376,2.5478,0.68,0.0576,0.637,0.0164,1,7,90,1,2026-08-18T09:50:43.584066+00:00,2026-08-18T09:51:31.340005+00:00
19,625,Füllkrug,19,FWD,56,0,0,0.0,0.0,0.0,0,1,0,0,0,2026-08-18T09:50:43.584066+00:00,2026-08-18T09:51:31.340005+00:00
19,626,Marshall,19,FWD,43,0,0,0.0,0.0,0.0,0,1,0,0,0,2026-08-18T09:50:43.584066+00:00,2026-08-18T09:51:31.340005+00:00
19,659,Walker-Peters,19,DEF,42,0.9504,1.8992,0.22,0.1716,0.2183,0.006,1,1,82,1,2026-08-18T09:50:43.584066+00:00,2026-08-18T09:51:31.340005+00:00
19,671,Wilson,19,FWD,58,1.452,2.206,0.28,0.2016,0.2765,0.01,1,5,62,1,2026-08-18T09:50:43.584066+00:00,2026-08-18T09:51:31.340005+00:00
19,679,Hermansen,19,GKP,43,0.172,0.8076,0.04,0.0384,0.0403,0.0,1,0,0,0,2026-08-18T09:50:43.584066+00:00,2026-08-18T09:51:31.340005+00:00
19,708,M.Fernandes,19,MID,55,1.9208,2.2101,0.48,0.1456,0.458,0.0092,1,3,90,1,2026-08-18T09:50:43.584066+00:00,2026-08-18T09:51:31.340005+00:00
19,718,S.Magassa,19,MID,50,1.1692,1.8786,0.28,0.1584,0.2731,0.0024,1,2,81,1,2026-08-18T09:50:43.584066+00:00,2026-08-18T09:51:31.340005+00:00
19,738,Fabianski,19,GKP,45,0.1924,0.8983,0.04,0.0384,0.0403,0.0,1,0,0,0,2026-08-18T09:50:43.584066+00:00,2026-08-18T09:51:31.340005+00:00
19,747,Mayers,19,DEF,40,0.5244,1.3053,0.1,0.198,0.1088,0.0012,1,1,7,0,2026-08-18T09:50:43.584066+00:00,2026-08-18T09:51:31.340005+00:00
19,752,Golambeckis,19,DEF,40,0.5268,1.251,0.1,0.198,0.1088,0.0004,1,0,0,0,2026-08-18T09:50:43.584066+00:00,2026-08-18T09:51:31.340005+00:00
19,758,Mohamadou Kanté,19,MID,45,0.6656,1.5008,0.1,0.198,0.1088,0.0028,1,1,7,0,2026-08-18T09:50:43.584066+00:00,2026-08-18T09:51:31.340005+00:00
19,785,Pablo,19,FWD,54,0.7652,1.3967,0.18,0.1804,0.1818,0.0012,1,,,,2026-08-18T09:50:43.584066+00:00,
19,791,Taty,19,FWD,55,1.322,1.6449,0.45,0.154,0.4308,0.0036,1,,,,2026-08-18T09:50:43.584066+00:00,
19,802,Lamadrid,19,MID,50,0.7088,1.3476,0.18,0.1804,0.1818,0.0012,1,,,,2026-08-18T09:50:43.584066+00:00,
19,815,Disasi,19,DEF,45,0.8472,1.7079,0.22,0.1716,0.2183,0.0024,1,,,,2026-08-18T09:50:43.584066+00:00,
19,825,Herrick,19,GKP,40,0.196,0.8315,0.04,0.0384,0.0403,0.0,1,,,,2026-08-18T09:50:43.584066+00:00,
19,627,Johnstone,20,GKP,44,0,0,0.0,0.0,0.0,0,1,0,0,0,2026-08-18T09:50:43.584066+00:00,2026-08-18T09:51:31.340005+00:00
19,628,José Sá,20,GKP,42,2.508,1.9798,0.88,0.0048,0.8188,0.0008,1,4,90,1,2026-08-18T09:50:43.584066+00:00,2026-08-18T09:51:31.340005+00:00
19,629,Bentley,20,GKP,39,0.1804,0.811,0.04,0.0384,0.0403,0.0,1,0,0,0,2026-08-18T09:50:43.584066+00:00,2026-08-18T09:51:31.340005+00:00
19,631,Agbadou,20,DEF,43,0,0,0.0,0.0,0.0,0,1,0,0,0,2026-08-18T09:50:43.584066+00:00,2026-08-18T09:51:31.340005+00:00
19,632,Doherty,20,DEF,44,0,0,0.0,0.0,0.0,0,1,2,90,1,2026-08-18T09:50:43.584066+00:00,2026-08-18T09:51:31.340005+00:00
19,633,H.Bueno,20,DEF,43,0.8404,1.6206,0.22,0.1716,0.2183,0.0012,1,5,90,1,2026-08-18T09:50:43.584066+00:00,2026-08-18T09:51:31.340005+00:00
19,634,Mosquera,20,DEF,43,0.7248,1.5088,0.22,0.1716,0.2183,0.0012,1,4,90,1,2026-08-18T09:50:43.584066+00:00,2026-08-18T09:51:31.340005+00:00
19,635,R.Gomes,20,DEF,44,0.8568,1.7081,0.22,0.1716,0.2183,0.0048,1,0,0,0,2026-08-18T09:50:43.584066+00:00,2026-08-18T09:51:31.340005+00:00
19,636,S.Bueno,20,DEF,44,0.9688,2.0131,0.22,0.1716,0.2183,0.0092,1,0,0,0,2026-08-18T09:50:43.584066+00:00,2026-08-18T09:51:31.340005+00:00
19,637,Toti,20,DEF,42,0.8372,1.5879,0.22,0.1716,0.2183,0.0012,1,0,0,0,2026-08-18T09:50:43.584066+00:00,2026-08-18T09:51:31.340005+00:00
19,638,Hoever,20,DEF,38,0,0,0.0,0.0,0.0,0,1,0,0,0,2026-08-18T09:50:43.584066+00:00,2026-08-18T09:51:31.340005+00:00
19,639,Meupiyou,20,DEF,40,0,0,0.0,0.0,0.0,0,1,0,0,0,2026-08-18T09:50:43.584066+00:00,2026-08-18T09:51:31.340005+00:00
19,640,Pedro Lima,20,DEF,40,0.488,1.1299,0.1,0.198,0.1088,0.0,1,0,0,0,2026-08-18T09:50:43.584066+00:00,2026-08-18T09:51:31.340005+00:00
19,641,Pond,20,DEF,39,0,0,0.0,0.0,0.0,0,1,0,0,0,2026-08-18T09:50:43.584066+00:00,2026-08-18T09:51:31.340005+00:00
19,642,Hee Chan,20,MID,56,1.4644,1.8143,0.48,0.1456,0.458,0.004,1,2,87,1,2026-08-18T09:50:43.584066+00:00,2026-08-18T09:51:31.340005+00:00
19,643,André,20,MID,53,1.77,1.9498,0.48,0.1144,0.4556,0.0012,1,0,0,0,2026-08-18T09:50:43.584066+00:00,2026-08-18T09:51:31.340005+00:00
19,644,Bellegarde,20,MID,52,1.474,1.7548,0.48,0.1144,0.4556,0.0024,1,0,0,0,2026-08-18T09:50:43.584066+00:00,2026-08-18T09:51:31.340005+00:00
19,645,Fer López,20,MID,52,0,0,0.0,0.0,0.0,0,1,1,2,0,2026-08-18T09:50:43.584066+00:00,2026-08-18T09:51:31.340005+00:00
19,646,J.Gomes,20,MID,53,1.7412,1.9933,0.48,0.1144,0.4556,0.0036,1,4,90,1,2026-08-18T09:50:43.584066+00:00,2026-08-18T09:51:31.340005+00:00
19,647,Guedes,20,MID,55,0,0,0.0,0.0,0.0,0,1,0,0,0,2026-08-18T09:50:43.584066+00:00,2026-08-18T09:51:31.340005+00:00
19,648,Munetsi,20,MID,53,0,0,0.0,0.0,0.0,0,1,0,0,0,2026-08-18T09:50:43.584066+00:00,2026-08-18T09:51:31.340005+00:00
19,649,B.Traore,20,MID,50,0,0,0.0,0.0,0.0,0,1,0,0,0,2026-08-18T09:50:43.584066+00:00,2026-08-18T09:51:31.340005+00:00
19,650,Chirewa,20,MID,43,0,0,0.0,0.0,0.0,0,1,0,0,0,2026-08-18T09:50:43.584066+00:00,2026-08-18T09:51:31.340005+00:00
19,651,Edozie,20,MID,43,0.468,0.9379,0.1,0.198,0.1088,0.0,1,0,0,0,2026-08-18T09:50:43.584066+00:00,2026-08-18T09:51:31.340005+00:00
19,652,Gonzalez,20,MID,43,0.4188,0.9324,0.1,0.198,0.1088,0.0004,1,0,0,0,2026-08-18T09:50:43.584066+00:00,2026-08-18T09:51:31.340005+00:00
19,653,Hodge,20,MID,45,0,0,0.0,0.0,0.0,0,1,0,0,0,2026-08-18T09:50:43.584066+00:00,2026-08-18T09:51:31.340005+00:00
19,655,Fábio Silva,20,FWD,49,0,0,0.0,0.0,0.0,0,1,0,0,0,2026-08-18T09:50:43.584066+00:00,2026-08-18T09:51:31.340005+00:00
19,656,Kalajdžić,20,FWD,49,0,0,0.0,0.0,0.0,0,1,0,0,0,2026-08-18T09:50:43.584066+00:00,2026-08-18T09:51:31.340005+00:00
19,657,Chiwome,20,FWD,44,0.44,0.8915,0.1,0.198,0.1088,0.0,1,0,0,0,2026-08-18T09:50:43.584066+00:00,2026-08-18T09:51:31.340005+00:00
19,658,Fraser,20,FWD,43,0.4324,0.8603,0.1,0.198,0.1088,0.0,1,0,0,0,2026-08-18T09:50:43.584066+00:00,2026-08-18T09:51:31.340005+00:00
19,663,J.Arias,20,MID,49,0,0,0.0,0.0,0.0,0,1,4,90,1,2026-08-18T09:50:43.584066+00:00,2026-08-18T09:51:31.340005+00:00
19,682,Møller Wolfe,20,DEF,43,0.702,1.3935,0.22,0.1716,0.2183,0.0008,1,1,1,0,2026-08-18T09:50:43.584066+00:00,2026-08-18T09:51:31.340005+00:00
19,695,Tchatchoua,20,DEF,44,0.7964,1.5463,0.22,0.1716,0.2183,0.0008,1,1,90,1,2026-08-18T09:50:43.584066+00:00,2026-08-18T09:51:31.340005+00:00
19,709,Krejčí,20,DEF,45,0.9332,1.9045,0.22,0.1716,0.2183,0.0056,1,8,90,1,2026-08-18T09:50:43.584066+00:00,2026-08-18T09:51:31.340005+00:00
19,720,Tolu,20,FWD,54,0.8936,1.4497,0.28,0.1584,0.2731,0.002,1,2,63,1,2026-08-18T09:50:43.584066+00:00,2026-08-18T09:51:31.340005+00:00
19,749,Mané,20,FWD,45,0.4488,0.8821,0.1,0.198,0.1088,0.0004,1,2,90,1,2026-08-18T09:50:43.584066+00:00,2026-08-18T09:51:31.340005+00:00
19,766,Olagunju,20,DEF,40,0.4464,1.0505,0.1,0.198,0.1088,0.0,1,0,0,0,2026-08-18T09:50:43.584066+00:00,2026-08-18T09:51:31.340005+00:00
19,767,Rawlings,20,MID,45,0.4556,0.8995,0.1,0.198,0.1088,0.0,1,0,0,0,2026-08-18T09:50:43.584066+00:00,2026-08-18T09:51:31.340005+00:00
19,777,Ojinnaka,20,MID,45,0,0,0.0,0.0,0.0,0,1,0,0,0,2026-08-18T09:50:43.584066+00:00,2026-08-18T09:51:31.340005+00:00
19,778,Sutherland,20,MID,45,0.5008,0.9952,0.1,0.198,0.1088,0.0,1,0,0,0,2026-08-18T09:50:43.584066+00:00,2026-08-18T09:51:31.340005+00:00
19,809,Abbey,20,MID,45,0.456,0.9022,0.1,0.198,0.1088,0.0,1,,,,2026-08-18T09:50:43.584066+00:00,
19,816,Angel,20,MID,46,0.6504,1.1737,0.18,0.1804,0.1818,0.0008,1,,,,2026-08-18T09:50:43.584066+00:00,
19,817,Armstrong,20,FWD,51,1.4292,1.83,0.48,0.1144,0.4556,0.0052,1,,,,2026-08-18T09:50:43.584066+00:00,
19,828,Brooks,20,GKP,40,0.1528,0.7026,0.04,0.0384,0.0403,0.0,1,,,,2026-08-18T09:50:43.584066+00:00,
19,831,Gracey,20,GKP,40,0.1552,0.7184,0.04,0.0384,0.0403,0.0,1,,,,2026-08-18T09:50:43.584066+00:00,
