gw,player_id,web_name,team_id,position,now_cost,mu,sigma,p_start,p_sub,p_60,p_10_plus,n_fixtures,actual_points,actual_minutes,did_start,captured_at,scored_at
21,1,Raya,1,GKP,60,3.0904,2.1683,0.9,0.008,0.8376,0.0,1,6,90,1,2026-08-18T09:50:47.121275+00:00,2026-08-18T09:51:31.405120+00:00
21,2,Arrizabalaga,1,GKP,41,0.2076,0.9007,0.04,0.0384,0.0403,0.0,1,0,0,0,2026-08-18T09:50:47.121275+00:00,2026-08-18T09:51:31.405120+00:00
21,3,Hein,1,GKP,40,0,0,0.0,0.0,0.0,0,1,0,0,0,2026-08-18T09:50:47.121275+00:00,2026-08-18T09:51:31.405120+00:00
21,4,Setford,1,GKP,39,0.17,0.7806,0.04,0.0384,0.0403,0.0,1,0,0,0,2026-08-18T09:50:47.121275+00:00,2026-08-18T09:51:31.405120+00:00
21,5,Gabriel,1,DEF,66,2.8312,3.446,0.48,0.1456,0.458,0.0512,1,6,90,1,2026-08-18T09:50:47.121275+00:00,2026-08-18T09:51:31.405120+00:00
21,6,Saliba,1,DEF,59,1.73,2.2355,0.48,0.1456,0.458,0.0048,1,7,90,1,2026-08-18T09:50:47.121275+00:00,2026-08-18T09:51:31.405120+00:00
21,7,Calafiori,1,DEF,56,2.7636,3.0717,0.68,0.0896,0.6396,0.036,1,0,0,0,2026-08-18T09:50:47.121275+00:00,2026-08-18T09:51:31.405120+00:00
21,8,J.Timber,1,DEF,63,1.862,3.1179,0.34,0.1188,0.3257,0.0336,1,6,90,1,2026-08-18T09:50:47.121275+00:00,2026-08-18T09:51:31.405120+00:00
21,9,Kiwior,1,DEF,54,0,0,0.0,0.0,0.0,0,1,0,0,0,2026-08-18T09:50:47.121275+00:00,2026-08-18T09:51:31.405120+00:00
21,10,Lewis-Skelly,1,DEF,51,0.7496,1.5375,0.18,0.1804,0.1818,0.0012,1,1,33,0,2026-08-18T09:50:47.121275+00:00,2026-08-18T09:51:31.405120+00:00
21,11,White,1,DEF,51,0,0,0.0,0.0,0.0,0,1,0,0,0,2026-08-18T09:50:47.121275+00:00,2026-08-18T09:51:31.405120+00:00
21,13,Clarke,1,DEF,38,0.4888,1.1826,0.1,0.198,0.1088,0.0008,1,0,0,0,2026-08-18T09:50:47.121275+00:00,2026-08-18T09:51:31.405120+00:00
21,14,Kacurri,1,DEF,39,0,0,0.0,0.0,0.0,0,1,0,0,0,2026-08-18T09:50:47.121275+00:00,2026-08-18T09:51:31.405120+00:00
21,15,Nichols,1,DEF,38,0.5208,1.2585,0.1,0.198,0.1088,0.0008,1,0,0,0,2026-08-18T09:50:47.121275+00:00,2026-08-18T09:51:31.405120+00:00
21,16,Saka,1,MID,102,2.8812,3.5587,0.48,0.1456,0.458,0.0604,1,3,77,1,2026-08-18T09:50:47.121275+00:00,2026-08-18T09:51:31.405120+00:00
21,17,Ødegaard,1,MID,78,2.288,2.7516,0.48,0.1456,0.458,0.0256,1,3,77,1,2026-08-18T09:50:47.121275+00:00,2026-08-18T09:51:31.405120+00:00
21,18,Madueke,1,MID,68,1.2412,1.938,0.28,0.2016,0.2765,0.0052,1,1,12,0,2026-08-18T09:50:47.121275+00:00,2026-08-18T09:51:31.405120+00:00
21,19,Martinelli,1,MID,68,1.3164,2.2476,0.28,0.2016,0.2765,0.014,1,0,26,0,2026-08-18T09:50:47.121275+00:00,2026-08-18T09:51:31.405120+00:00
21,20,Trossard,1,MID,70,2.5488,3.1305,0.48,0.1456,0.458,0.0364,1,2,63,1,2026-08-18T09:50:47.121275+00:00,2026-08-18T09:51:31.405120+00:00
21,21,Rice,1,MID,72,3.7444,3.3342,0.68,0.0576,0.637,0.0632,1,3,90,1,2026-08-18T09:50:47.121275+00:00,2026-08-18T09:51:31.405120+00:00
21,22,Merino,1,MID,57,2.162,2.6121,0.48,0.1456,0.458,0.0168,1,0,0,0,2026-08-18T09:50:47.121275+00:00,2026-08-18T09:51:31.405120+00:00
21,23,Fábio Vieira,1,MID,54,0,0,0.0,0.0,0.0,0,1,0,0,0,2026-08-18T09:50:47.121275+00:00,2026-08-18T09:51:31.405120+00:00
21,24,Nørgaard,1,MID,51,1.1396,2.0383,0.18,0.1804,0.1818,0.0072,1,0,0,0,2026-08-18T09:50:47.121275+00:00,2026-08-18T09:51:31.405120+00:00
21,25,Nwaneri,1,MID,50,0,0,0.0,0.0,0.0,0,1,0,0,0,2026-08-18T09:50:47.121275+00:00,2026-08-18T09:51:31.405120+00:00
21,26,Zubimendi,1,MID,52,2.4684,2.374,0.68,0.0576,0.637,0.0144,1,5,90,1,2026-08-18T09:50:47.121275+00:00,2026-08-18T09:51:31.405120+00:00
21,28,Kabia,1,MID,45,0,0,0.0,0.0,0.0,0,1,0,0,0,2026-08-18T09:50:47.121275+00:00,2026-08-18T09:51:31.405120+00:00
21,29,Sambi,1,MID,45,0,0,0.0,0.0,0.0,0,1,0,0,0,2026-08-18T09:50:47.121275+00:00,2026-08-18T09:51:31.405120+00:00
21,30,Havertz,1,FWD,73,2.6292,2.436,0.72,0.0784,0.6759,0.0192,1,0,0,0,2026-08-18T09:50:47.121275+00:00,2026-08-18T09:51:31.405120+00:00
21,31,G.Jesus,1,FWD,64,2.098,2.4814,0.45,0.154,0.4308,0.0108,1,1,26,0,2026-08-18T09:50:47.121275+00:00,2026-08-18T09:51:31.405120+00:00
21,266,Eze,1,MID,74,2.3028,2.7123,0.48,0.1456,0.458,0.0224,1,1,12,0,2026-08-18T09:50:47.121275+00:00,2026-08-18T09:51:31.405120+00:00
21,662,Mosquera,1,DEF,53,1.0928,1.9198,0.28,0.1584,0.2731,0.0032,1,0,0,0,2026-08-18T09:50:47.121275+00:00,2026-08-18T09:51:31.405120+00:00
21,666,Gyökeres,1,FWD,88,2.2168,2.9407,0.48,0.1456,0.458,0.0384,1,2,63,1,2026-08-18T09:50:47.121275+00:00,2026-08-18T09:51:31.405120+00:00
21,700,Dowman,1,MID,43,0.5396,1.1741,0.1,0.198,0.1088,0.0008,1,0,0,0,2026-08-18T09:50:47.121275+00:00,2026-08-18T09:51:31.405120+00:00
21,711,Harriman-Annous,1,MID,45,0.4772,0.9989,0.1,0.198,0.1088,0.0004,1,0,0,0,2026-08-18T09:50:47.121275+00:00,2026-08-18T09:51:31.405120+00:00
21,725,Hincapie,1,DEF,53,1.8396,2.4226,0.48,0.1144,0.4556,0.006,1,1,56,1,2026-08-18T09:50:47.121275+00:00,2026-08-18T09:51:31.405120+00:00
21,759,Salmon,1,DEF,40,0.5012,1.1961,0.1,0.198,0.1088,0.0,1,0,0,0,2026-08-18T09:50:47.121275+00:00,2026-08-18T09:51:31.405120+00:00
21,32,Martinez,2,GKP,50,2.952,2.1051,0.9,0.008,0.8376,0.0008,1,1,45,1,2026-08-18T09:50:47.121275+00:00,2026-08-18T09:51:31.405120+00:00
21,33,M.Bizot,2,GKP,42,0.1508,0.6884,0.04,0.0384,0.0403,0.0,1,2,45,1,2026-08-18T09:50:47.121275+00:00,2026-08-18T09:51:31.405120+00:00
21,34,Gauci,2,GKP,40,0,0,0.0,0.0,0.0,0,1,0,0,0,2026-08-18T09:50:47.121275+00:00,2026-08-18T09:51:31.405120+00:00
21,35,Marschall,2,GKP,40,0,0,0.0,0.0,0.0,0,1,0,0,0,2026-08-18T09:50:47.121275+00:00,2026-08-18T09:51:31.405120+00:00
21,36,Cash,2,DEF,48,2.1808,2.4446,0.68,0.0576,0.637,0.0076,1,6,90,1,2026-08-18T09:50:47.121275+00:00,2026-08-18T09:51:31.405120+00:00
21,37,Digne,2,DEF,45,0.8112,1.6069,0.22,0.1716,0.2183,0.0024,1,9,72,1,2026-08-18T09:50:47.121275+00:00,2026-08-18T09:51:31.405120+00:00
21,38,Konsa,2,DEF,44,0.7704,1.5124,0.22,0.1404,0.2158,0.0012,1,7,90,1,2026-08-18T09:50:47.121275+00:00,2026-08-18T09:51:31.405120+00:00
21,39,Maatsen,2,DEF,42,0.8768,1.7405,0.22,0.1716,0.2183,0.0036,1,1,17,0,2026-08-18T09:50:47.121275+00:00,2026-08-18T09:51:31.405120+00:00
21,40,Mings,2,DEF,43,0.9004,1.7117,0.22,0.1716,0.2183,0.002,1,0,0,0,2026-08-18T09:50:47.121275+00:00,2026-08-18T09:51:31.405120+00:00
21,41,Pau,2,DEF,43,0.8488,1.6375,0.22,0.1716,0.2183,0.0024,1,0,0,0,2026-08-18T09:50:47.121275+00:00,2026-08-18T09:51:31.405120+00:00
21,42,A.García,2,DEF,39,0.5084,1.1628,0.1,0.198,0.1088,0.0004,1,0,0,0,2026-08-18T09:50:47.121275+00:00,2026-08-18T09:51:31.405120+00:00
21,43,Alex Moreno,2,DEF,40,0,0,0.0,0.0,0.0,0,1,0,0,0,2026-08-18T09:50:47.121275+00:00,2026-08-18T09:51:31.405120+00:00
21,44,Bogarde,2,DEF,40,0.7092,1.3537,0.22,0.1716,0.2183,0.0004,1,1,8,0,2026-08-18T09:50:47.121275+00:00,2026-08-18T09:51:31.405120+00:00
21,45,Sousa,2,DEF,39,0,0,0.0,0.0,0.0,0,1,0,0,0,2026-08-18T09:50:47.121275+00:00,2026-08-18T09:51:31.405120+00:00
21,46,Yasin,2,DEF,40,0,0,0.0,0.0,0.0,0,1,0,0,0,2026-08-18T09:50:47.121275+00:00,2026-08-18T09:51:31.405120+00:00
21,47,Rogers,2,MID,76,2.5024,2.4952,0.68,0.0576,0.637,0.018,1,3,90,1,2026-08-18T09:50:47.121275+00:00,2026-08-18T09:51:31.405120+00:00
21,48,Tielemans,2,MID,59,1.8512,2.1034,0.48,0.1456,0.458,0.006,1,3,90,1,2026-08-18T09:50:47.121275+00:00,2026-08-18T09:51:31.405120+00:00
21,49,Bailey,2,MID,55,1.7252,2.1385,0.48,0.1456,0.458,0.0088,1,0,0,0,2026-08-18T09:50:47.121275+00:00,2026-08-18T09:51:31.405120+00:00
21,50,Buendía,2,MID,53,2.1732,2.556,0.48,0.1144,0.4556,0.0176,1,1,25,0,2026-08-18T09:50:47.121275+00:00,2026-08-18T09:51:31.405120+00:00
21,51,Iling Jr,2,MID,55,0,0,0.0,0.0,0.0,0,1,0,0,0,2026-08-18T09:50:47.121275+00:00,2026-08-18T09:51:31.405120+00:00
21,53,Malen,2,MID,51,0,0,0.0,0.0,0.0,0,1,1,17,0,2026-08-18T09:50:47.121275+00:00,2026-08-18T09:51:31.405120+00:00
21,54,McGinn,2,MID,54,2.3396,2.2578,0.68,0.0576,0.637,0.0112,1,3,72,1,2026-08-18T09:50:47.121275+00:00,2026-08-18T09:51:31.405120+00:00
21,55,Barkley,2,MID,48,0.8352,1.5415,0.18,0.1804,0.1818,0.0008,1,0,0,0,2026-08-18T09:50:47.121275+00:00,2026-08-18T09:51:31.405120+00:00
21,56,Barrenechea,2,MID,50,0,0,0.0,0.0,0.0,0,1,0,0,0,2026-08-18T09:50:47.121275+00:00,2026-08-18T09:51:31.405120+00:00
21,57,Dobbin,2,MID,50,0,0,0.0,0.0,0.0,0,1,0,0,0,2026-08-18T09:50:47.121275+00:00,2026-08-18T09:51:31.405120+00:00
21,58,Kamara,2,MID,49,0,0,0.0,0.0,0.0,0,1,3,81,1,2026-08-18T09:50:47.121275+00:00,2026-08-18T09:51:31.405120+00:00
21,59,Onana,2,MID,48,1.8652,2.0759,0.48,0.1144,0.4556,0.0028,1,0,0,0,2026-08-18T09:50:47.121275+00:00,2026-08-18T09:51:31.405120+00:00
21,60,Broggio,2,MID,44,0,0,0.0,0.0,0.0,0,1,0,0,0,2026-08-18T09:50:47.121275+00:00,2026-08-18T09:51:31.405120+00:00
21,61,Dendoncker,2,MID,45,0,0,0.0,0.0,0.0,0,1,0,0,0,2026-08-18T09:50:47.121275+00:00,2026-08-18T09:51:31.405120+00:00
21,62,Jimoh-Aloba,2,MID,45,0,0,0.0,0.0,0.0,0,1,0,0,0,2026-08-18T09:50:47.121275+00:00,2026-08-18T09:51:31.405120+00:00
21,63,Young,2,MID,43,0,0,0.0,0.0,0.0,0,1,0,0,0,2026-08-18T09:50:47.121275+00:00,2026-08-18T09:51:31.405120+00:00
21,64,Watkins,2,FWD,87,2.9616,2.8245,0.68,0.0896,0.6396,0.038,1,2,90,1,2026-08-18T09:50:47.121275+00:00,2026-08-18T09:51:31.405120+00:00
21,65,Redmond,2,FWD,45,0,0,0.0,0.0,0.0,0,1,0,0,0,2026-08-18T09:50:47.121275+00:00,2026-08-18T09:51:31.405120+00:00
21,389,Elliott,2,MID,51,0.6604,1.1597,0.18,0.1804,0.1818,0.0004,1,0,0,0,2026-08-18T09:50:47.121275+00:00,2026-08-18T09:51:31.405120+00:00
21,456,Sancho,2,MID,58,1.4668,1.809,0.45,0.154,0.4308,0.0024,1,3,64,1,2026-08-18T09:50:47.121275+00:00,2026-08-18T09:51:31.405120+00:00
21,688,Wright,2,GKP,39,0.162,0.7456,0.04,0.0384,0.0403,0.0,1,0,0,0,2026-08-18T09:50:47.121275+00:00,2026-08-18T09:51:31.405120+00:00
21,699,Douglas Luiz,2,MID,49,1.1116,1.7514,0.28,0.1584,0.2731,0.0028,1,0,0,0,2026-08-18T09:50:47.121275+00:00,2026-08-18T09:51:31.405120+00:00
21,701,Rowe,2,DEF,40,0,0,0.0,0.0,0.0,0,1,0,0,0,2026-08-18T09:50:47.121275+00:00,2026-08-18T09:51:31.405120+00:00
21,702,Burrowes,2,MID,44,0.46,0.9773,0.1,0.198,0.1088,0.0004,1,0,0,0,2026-08-18T09:50:47.121275+00:00,2026-08-18T09:51:31.405120+00:00
21,703,Proctor,2,GKP,39,0.1588,0.7633,0.04,0.0384,0.0403,0.0,1,0,0,0,2026-08-18T09:50:47.121275+00:00,2026-08-18T09:51:31.405120+00:00
21,710,Patterson,2,DEF,39,0.5048,1.1697,0.1,0.198,0.1088,0.0,1,0,0,0,2026-08-18T09:50:47.121275+00:00,2026-08-18T09:51:31.405120+00:00
21,719,Lindelöf,2,DEF,45,0.7876,1.5337,0.22,0.1716,0.2183,0.0012,1,6,90,1,2026-08-18T09:50:47.121275+00:00,2026-08-18T09:51:31.405120+00:00
21,754,George Hemmings,2,MID,45,0.4556,0.9301,0.1,0.198,0.1088,0.0004,1,0,0,0,2026-08-18T09:50:47.121275+00:00,2026-08-18T09:51:31.405120+00:00
21,757,Hollingshead,2,GKP,40,0.1652,0.7567,0.04,0.0384,0.0403,0.0,1,0,0,0,2026-08-18T09:50:47.121275+00:00,2026-08-18T09:51:31.405120+00:00
21,768,Leon Routh,2,DEF,40,0.4856,1.1394,0.1,0.198,0.1088,0.0004,1,0,0,0,2026-08-18T09:50:47.121275+00:00,2026-08-18T09:51:31.405120+00:00
21,781,Carroll,2,DEF,40,0.4772,1.1491,0.1,0.198,0.1088,0.0012,1,0,0,0,2026-08-18T09:50:47.121275+00:00,2026-08-18T09:51:31.405120+00:00
21,792,Alysson,2,MID,50,0,0,0.0,0.0,0.0,0,1,0,0,0,2026-08-18T09:50:47.121275+00:00,2026-08-18T09:51:31.405120+00:00
21,808,Abraham,2,FWD,57,1.368,1.5712,0.45,0.154,0.4308,0.0032,1,,,,2026-08-18T09:50:47.121275+00:00,
21,183,Weiss,3,GKP,43,0.1824,0.8559,0.04,0.0384,0.0403,0.0,1,0,0,0,2026-08-18T09:50:47.121275+00:00,2026-08-18T09:51:31.405120+00:00
21,184,Green,3,GKP,40,0,0,0.0,0.0,0.0,0,1,0,0,0,2026-08-18T09:50:47.121275+00:00,2026-08-18T09:51:31.405120+00:00
21,185,Hladký,3,GKP,39,0.1628,0.7729,0.04,0.0384,0.0403,0.0004,1,0,0,0,2026-08-18T09:50:47.121275+00:00,2026-08-18T09:51:31.405120+00:00
21,186,Roberts,3,DEF,44,0.578,1.3859,0.1,0.198,0.1088,0.0016,1,0,0,0,2026-08-18T09:50:47.121275+00:00,2026-08-18T09:51:31.405120+00:00
21,187,Walker,3,DEF,44,0.8172,1.6829,0.22,0.1404,0.2158,0.0016,1,1,90,1,2026-08-18T09:50:47.121275+00:00,2026-08-18T09:51:31.405120+00:00
21,188,Delcroix,3,DEF,38,0,0,0.0,0.0,0.0,0,1,0,0,0,2026-08-18T09:50:47.121275+00:00,2026-08-18T09:51:31.405120+00:00
21,189,Dodgson,3,DEF,40,0,0,0.0,0.0,0.0,0,1,0,0,0,2026-08-18T09:50:47.121275+00:00,2026-08-18T09:51:31.405120+00:00
21,190,Ekdal,3,DEF,39,1.0824,2.0287,0.22,0.1716,0.2183,0.0028,1,0,0,0,2026-08-18T09:50:47.121275+00:00,2026-08-18T09:51:31.405120+00:00
21,191,Estève,3,DEF,39,1.0596,1.9783,0.22,0.1716,0.2183,0.002,1,3,90,1,2026-08-18T09:50:47.121275+00:00,2026-08-18T09:51:31.405120+00:00
21,192,Hartman,3,DEF,40,0.952,1.7964,0.22,0.1716,0.2183,0.0032,1,0,0,0,2026-08-18T09:50:47.121275+00:00,2026-08-18T09:51:31.405120+00:00
21,193,Humphreys,3,DEF,39,0.5648,1.3553,0.1,0.198,0.1088,0.002,1,6,90,1,2026-08-18T09:50:47.121275+00:00,2026-08-18T09:51:31.405120+00:00
21,194,Jordan,3,DEF,39,0,0,0.0,0.0,0.0,0,1,0,0,0,2026-08-18T09:50:47.121275+00:00,2026-08-18T09:51:31.405120+00:00
21,195,Lucas Pires,3,DEF,38,0.92,1.8288,0.22,0.1716,0.2183,0.0048,1,1,90,1,2026-08-18T09:50:47.121275+00:00,2026-08-18T09:51:31.405120+00:00
21,196,Sambo,3,DEF,40,0,0,0.0,0.0,0.0,0,1,0,0,0,2026-08-18T09:50:47.121275+00:00,2026-08-18T09:51:31.405120+00:00
21,197,Sonne,3,DEF,38,0,0,0.0,0.0,0.0,0,1,1,1,0,2026-08-18T09:50:47.121275+00:00,2026-08-18T09:51:31.405120+00:00
21,198,Tuanzebe,3,DEF,39,1.0124,1.8452,0.22,0.1716,0.2183,0.0008,1,0,0,0,2026-08-18T09:50:47.121275+00:00,2026-08-18T09:51:31.405120+00:00
21,199,Worrall,3,DEF,38,0.6376,1.5271,0.1,0.198,0.1088,0.0012,1,0,0,0,2026-08-18T09:50:47.121275+00:00,2026-08-18T09:51:31.405120+00:00
21,200,Anthony,3,MID,51,1.8956,2.4392,0.48,0.1144,0.4556,0.0132,1,6,32,0,2026-08-18T09:50:47.121275+00:00,2026-08-18T09:51:31.405120+00:00
21,201,Benson,3,MID,54,0,0,0.0,0.0,0.0,0,1,0,0,0,2026-08-18T09:50:47.121275+00:00,2026-08-18T09:51:31.405120+00:00
21,202,Bruun Larsen,3,MID,53,1.7292,2.1071,0.48,0.1144,0.4556,0.008,1,0,0,0,2026-08-18T09:50:47.121275+00:00,2026-08-18T09:51:31.405120+00:00
21,203,Boateng,3,MID,47,0.6872,1.2848,0.18,0.1804,0.1818,0.002,1,0,0,0,2026-08-18T09:50:47.121275+00:00,2026-08-18T09:51:31.405120+00:00
21,204,Churlinov,3,MID,49,0,0,0.0,0.0,0.0,0,1,0,0,0,2026-08-18T09:50:47.121275+00:00,2026-08-18T09:51:31.405120+00:00
21,205,Cullen,3,MID,50,0,0,0.0,0.0,0.0,0,1,0,0,0,2026-08-18T09:50:47.121275+00:00,2026-08-18T09:51:31.405120+00:00
21,206,Edwards,3,MID,47,1.004,1.593,0.28,0.1584,0.2731,0.0024,1,5,90,1,2026-08-18T09:50:47.121275+00:00,2026-08-18T09:51:31.405120+00:00
21,207,Hannibal,3,MID,47,1.016,1.5564,0.28,0.1584,0.2731,0.0004,1,0,57,1,2026-08-18T09:50:47.121275+00:00,2026-08-18T09:51:31.405120+00:00
21,208,Koleosho,3,MID,50,0,0,0.0,0.0,0.0,0,1,0,0,0,2026-08-18T09:50:47.121275+00:00,2026-08-18T09:51:31.405120+00:00
21,209,Laurent,3,MID,48,1.6092,1.9126,0.48,0.1144,0.4556,0.004,1,4,90,1,2026-08-18T09:50:47.121275+00:00,2026-08-18T09:51:31.405120+00:00
21,210,Tchaouna,3,MID,49,1.4656,1.7715,0.48,0.1144,0.4556,0.0044,1,0,0,0,2026-08-18T09:50:47.121275+00:00,2026-08-18T09:51:31.405120+00:00
21,211,A.Ramsey,3,MID,44,0,0,0.0,0.0,0.0,0,1,0,0,0,2026-08-18T09:50:47.121275+00:00,2026-08-18T09:51:31.405120+00:00
21,212,Adewumi,3,MID,45,0,0,0.0,0.0,0.0,0,1,0,0,0,2026-08-18T09:50:47.121275+00:00,2026-08-18T09:51:31.405120+00:00
21,213,Banel,3,MID,45,0,0,0.0,0.0,0.0,0,1,0,0,0,2026-08-18T09:50:47.121275+00:00,2026-08-18T09:51:31.405120+00:00
21,214,Trésor,3,MID,44,0.5204,1.0798,0.1,0.198,0.1088,0.0004,1,0,0,0,2026-08-18T09:50:47.121275+00:00,2026-08-18T09:51:31.405120+00:00
21,215,Flemming,3,FWD,53,1.62,2.0803,0.48,0.1144,0.4556,0.0084,1,0,0,0,2026-08-18T09:50:47.121275+00:00,2026-08-18T09:51:31.405120+00:00
21,216,Amdouni,3,FWD,48,0.6428,1.1932,0.18,0.1804,0.1818,0.0012,1,0,0,0,2026-08-18T09:50:47.121275+00:00,2026-08-18T09:51:31.405120+00:00
21,217,Foster,3,FWD,49,1.5544,1.8121,0.48,0.1144,0.4556,0.002,1,0,14,0,2026-08-18T09:50:47.121275+00:00,2026-08-18T09:51:31.405120+00:00
21,218,Barnes,3,FWD,42,0.4956,1.0602,0.1,0.198,0.1088,0.0004,1,0,0,0,2026-08-18T09:50:47.121275+00:00,2026-08-18T09:51:31.405120+00:00
21,219,Obafemi,3,FWD,44,0,0,0.0,0.0,0.0,0,1,0,0,0,2026-08-18T09:50:47.121275+00:00,2026-08-18T09:51:31.405120+00:00
21,470,Dúbravka,3,GKP,40,3.6412,2.3738,0.9,0.004,0.8373,0.0012,1,3,90,1,2026-08-18T09:50:47.121275+00:00,2026-08-18T09:51:31.405120+00:00
21,614,Ward-Prowse,3,MID,56,1.1064,1.6822,0.28,0.2016,0.2765,0.0016,1,0,0,0,2026-08-18T09:50:47.121275+00:00,2026-08-18T09:51:31.405120+00:00
21,676,Ugochukwu,3,MID,50,1.9144,2.3254,0.48,0.1144,0.4556,0.0104,1,4,90,1,2026-08-18T09:50:47.121275+00:00,2026-08-18T09:51:31.405120+00:00
21,680,Broja,3,FWD,52,1.1316,1.8442,0.28,0.1584,0.2731,0.0056,1,2,75,1,2026-08-18T09:50:47.121275+00:00,2026-08-18T09:51:31.405120+00:00
21,722,Florentino,3,MID,50,1.8724,2.1144,0.48,0.1144,0.4556,0.0056,1,2,90,1,2026-08-18T09:50:47.121275+00:00,2026-08-18T09:51:31.405120+00:00
21,776,Pimlott,3,MID,45,0.4644,0.9713,0.1,0.198,0.1088,0.0004,1,0,0,0,2026-08-18T09:50:47.121275+00:00,2026-08-18T09:51:31.405120+00:00
21,784,Brierley,3,MID,45,0.4604,0.998,0.1,0.198,0.1088,0.0004,1,0,0,0,2026-08-18T09:50:47.121275+00:00,2026-08-18T09:51:31.405120+00:00
21,820,McMahon-Brown,3,MID,45,0.4916,1.0323,0.1,0.198,0.1088,0.0,1,,,,2026-08-18T09:50:47.121275+00:00,
21,66,Neto,4,GKP,45,0,0,0.0,0.0,0.0,0,1,0,0,0,2026-08-18T09:50:47.121275+00:00,2026-08-18T09:51:31.405120+00:00
21,67,Petrović,4,GKP,45,3.1724,2.2107,0.9,0.004,0.8373,0.0,1,1,90,1,2026-08-18T09:50:47.121275+00:00,2026-08-18T09:51:31.405120+00:00
21,68,Dennis,4,GKP,40,0,0,0.0,0.0,0.0,0,1,0,0,0,2026-08-18T09:50:47.121275+00:00,2026-08-18T09:51:31.405120+00:00
21,69,McKenna,4,GKP,39,0.1828,0.84,0.04,0.0384,0.0403,0.0,1,0,0,0,2026-08-18T09:50:47.121275+00:00,2026-08-18T09:51:31.405120+00:00
21,70,Paulsen,4,GKP,40,0,0,0.0,0.0,0.0,0,1,0,0,0,2026-08-18T09:50:47.121275+00:00,2026-08-18T09:51:31.405120+00:00
21,71,Zabarnyi,4,DEF,50,0,0,0.0,0.0,0.0,0,1,0,0,0,2026-08-18T09:50:47.121275+00:00,2026-08-18T09:51:31.405120+00:00
21,72,Senesi,4,DEF,48,3.6532,3.2323,0.68,0.0576,0.637,0.0448,1,6,90,1,2026-08-18T09:50:47.121275+00:00,2026-08-18T09:51:31.405120+00:00
21,73,Smith,4,DEF,44,0.7852,1.5649,0.22,0.1716,0.2183,0.002,1,0,0,0,2026-08-18T09:50:47.121275+00:00,2026-08-18T09:51:31.405120+00:00
21,74,Truffert,4,DEF,45,0.994,1.9713,0.22,0.1404,0.2158,0.0036,1,1,90,1,2026-08-18T09:50:47.121275+00:00,2026-08-18T09:51:31.405120+00:00
21,75,Akinmboni,4,DEF,38,0.5264,1.2446,0.1,0.198,0.1088,0.0004,1,0,0,0,2026-08-18T09:50:47.121275+00:00,2026-08-18T09:51:31.405120+00:00
21,76,Bevan,4,DEF,38,0.546,1.309,0.1,0.198,0.1088,0.0012,1,0,0,0,2026-08-18T09:50:47.121275+00:00,2026-08-18T09:51:31.405120+00:00
21,77,Hill,4,DEF,39,1.0764,2.0225,0.22,0.1716,0.2183,0.0028,1,3,90,1,2026-08-18T09:50:47.121275+00:00,2026-08-18T09:51:31.405120+00:00
21,78,J.Araujo,4,DEF,38,0,0,0.0,0.0,0.0,0,1,0,0,0,2026-08-18T09:50:47.121275+00:00,2026-08-18T09:51:31.405120+00:00
21,79,Mepham,4,DEF,40,0,0,0.0,0.0,0.0,0,1,0,0,0,2026-08-18T09:50:47.121275+00:00,2026-08-18T09:51:31.405120+00:00
21,80,Soler,4,DEF,40,0.4588,1.0965,0.1,0.198,0.1088,0.0,1,0,0,0,2026-08-18T09:50:47.121275+00:00,2026-08-18T09:51:31.405120+00:00
21,81,Kluivert,4,MID,70,1.9984,2.6351,0.48,0.1456,0.458,0.0188,1,0,0,0,2026-08-18T09:50:47.121275+00:00,2026-08-18T09:51:31.405120+00:00
21,84,Tavernier,4,MID,56,3.0468,3.0943,0.68,0.0576,0.637,0.0416,1,5,86,1,2026-08-18T09:50:47.121275+00:00,2026-08-18T09:51:31.405120+00:00
21,85,Adams,4,MID,50,1.6988,2.0225,0.48,0.1144,0.4556,0.0056,1,0,0,0,2026-08-18T09:50:47.121275+00:00,2026-08-18T09:51:31.405120+00:00
21,86,Brooks,4,MID,50,2.1356,2.854,0.48,0.1144,0.4556,0.0256,1,4,26,0,2026-08-18T09:50:47.121275+00:00,2026-08-18T09:51:31.405120+00:00
21,87,Christie,4,MID,49,0,0,0.0,0.0,0.0,0,1,0,0,0,2026-08-18T09:50:47.121275+00:00,2026-08-18T09:51:31.405120+00:00
21,88,Cook,4,MID,49,1.3124,2.0483,0.28,0.1584,0.2731,0.0072,1,3,90,1,2026-08-18T09:50:47.121275+00:00,2026-08-18T09:51:31.405120+00:00
21,89,Philip,4,MID,49,0,0,0.0,0.0,0.0,0,1,0,0,0,2026-08-18T09:50:47.121275+00:00,2026-08-18T09:51:31.405120+00:00
21,90,Scott,4,MID,50,2.6304,2.2978,0.68,0.0704,0.638,0.01,1,4,90,1,2026-08-18T09:50:47.121275+00:00,2026-08-18T09:51:31.405120+00:00
21,91,Sinisterra,4,MID,50,0,0,0.0,0.0,0.0,0,1,0,0,0,2026-08-18T09:50:47.121275+00:00,2026-08-18T09:51:31.405120+00:00
21,92,Faivre,4,MID,45,0,0,0.0,0.0,0.0,0,1,0,0,0,2026-08-18T09:50:47.121275+00:00,2026-08-18T09:51:31.405120+00:00
21,93,H.Traorè,4,MID,45,0,0,0.0,0.0,0.0,0,1,0,0,0,2026-08-18T09:50:47.121275+00:00,2026-08-18T09:51:31.405120+00:00
21,94,Sadi,4,MID,45,0,0,0.0,0.0,0.0,0,1,0,0,0,2026-08-18T09:50:47.121275+00:00,2026-08-18T09:51:31.405120+00:00
21,95,Silcott-Duberry,4,MID,44,0,0,0.0,0.0,0.0,0,1,0,0,0,2026-08-18T09:50:47.121275+00:00,2026-08-18T09:51:31.405120+00:00
21,96,Winterburn,4,MID,45,0,0,0.0,0.0,0.0,0,1,0,0,0,2026-08-18T09:50:47.121275+00:00,2026-08-18T09:51:31.405120+00:00
21,97,Evanilson,4,FWD,70,1.9924,2.4636,0.48,0.1456,0.458,0.0224,1,6,63,1,2026-08-18T09:50:47.121275+00:00,2026-08-18T09:51:31.405120+00:00
21,98,Enes Ünal,4,FWD,54,0.7556,1.3948,0.18,0.1804,0.1818,0.0032,1,1,26,0,2026-08-18T09:50:47.121275+00:00,2026-08-18T09:51:31.405120+00:00
21,99,Adu-Adjei,4,FWD,44,0,0,0.0,0.0,0.0,0,1,0,0,0,2026-08-18T09:50:47.121275+00:00,2026-08-18T09:51:31.405120+00:00
21,100,Kroupi.Jr,4,FWD,46,2.1444,2.6503,0.48,0.1144,0.4556,0.0196,1,7,63,1,2026-08-18T09:50:47.121275+00:00,2026-08-18T09:51:31.405120+00:00
21,391,Gannon-Doak,4,MID,48,0.6656,1.2522,0.18,0.1804,0.1818,0.0008,1,0,0,0,2026-08-18T09:50:47.121275+00:00,2026-08-18T09:51:31.405120+00:00
21,685,Diakité,4,DEF,43,0.8996,1.7143,0.22,0.1716,0.2183,0.0016,1,1,3,0,2026-08-18T09:50:47.121275+00:00,2026-08-18T09:51:31.405120+00:00
21,687,Rees-Dottin,4,MID,44,0.474,0.9896,0.1,0.198,0.1088,0.0004,1,0,0,0,2026-08-18T09:50:47.121275+00:00,2026-08-18T09:51:31.405120+00:00
21,697,Adli,4,MID,54,1.2552,2.039,0.28,0.1584,0.2731,0.004,1,1,3,0,2026-08-18T09:50:47.121275+00:00,2026-08-18T09:51:31.405120+00:00
21,713,A.Jimenez,4,DEF,45,0.8144,1.644,0.22,0.1716,0.2183,0.0028,1,0,86,1,2026-08-18T09:50:47.121275+00:00,2026-08-18T09:51:31.405120+00:00
21,721,Milosavljević,4,DEF,44,1.0296,1.9295,0.22,0.1716,0.2183,0.0028,1,1,1,0,2026-08-18T09:50:47.121275+00:00,2026-08-18T09:51:31.405120+00:00
21,756,DaCosta,4,MID,45,0.4448,0.8985,0.1,0.198,0.1088,0.0,1,0,0,0,2026-08-18T09:50:47.121275+00:00,2026-08-18T09:51:31.405120+00:00
21,782,Forster,4,GKP,40,0.2256,0.985,0.04,0.0384,0.0403,0.0004,1,0,0,0,2026-08-18T09:50:47.121275+00:00,2026-08-18T09:51:31.405120+00:00
21,799,Stevens,4,MID,45,0.5048,1.0198,0.1,0.198,0.1088,0.0004,1,,,,2026-08-18T09:50:47.121275+00:00,
21,801,Tóth.A,4,MID,49,0.6868,1.2689,0.18,0.1804,0.1818,0.0,1,,,,2026-08-18T09:50:47.121275+00:00,
21,806,Mandas,4,GKP,40,0.1636,0.7437,0.04,0.0384,0.0403,0.0,1,,,,2026-08-18T09:50:47.121275+00:00,
21,807,Rayan,4,MID,54,0.7492,1.3916,0.18,0.1804,0.1818,0.002,1,,,,2026-08-18T09:50:47.121275+00:00,
21,27,Nelson,5,MID,48,1.042,1.9296,0.18,0.1804,0.1818,0.002,1,1,8,0,2026-08-18T09:50:47.121275+00:00,2026-08-18T09:51:31.405120+00:00
21,83,O.Dango,5,MID,58,2.1724,2.7134,0.48,0.1456,0.458,0.0244,1,0,0,0,2026-08-18T09:50:47.121275+00:00,2026-08-18T09:51:31.405120+00:00
21,101,Kelleher,5,GKP,45,3.232,2.2484,0.9,0.004,0.8373,0.0004,1,13,90,1,2026-08-18T09:50:47.121275+00:00,2026-08-18T09:51:31.405120+00:00
21,102,Balcombe,5,GKP,39,0.1868,0.8463,0.04,0.0384,0.0403,0.0,1,0,0,0,2026-08-18T09:50:47.121275+00:00,2026-08-18T09:51:31.405120+00:00
21,103,Cox,5,GKP,39,0,0,0.0,0.0,0.0,0,1,0,0,0,2026-08-18T09:50:47.121275+00:00,2026-08-18T09:51:31.405120+00:00
21,104,Eyestone,5,GKP,39,0.1856,0.7664,0.04,0.0384,0.0403,0.0,1,0,0,0,2026-08-18T09:50:47.121275+00:00,2026-08-18T09:51:31.405120+00:00
21,105,Valdimarsson,5,GKP,39,0.1632,0.7552,0.04,0.0384,0.0403,0.0,1,0,0,0,2026-08-18T09:50:47.121275+00:00,2026-08-18T09:51:31.405120+00:00
21,106,Collins,5,DEF,49,3.2772,3.1162,0.68,0.0576,0.637,0.0328,1,13,90,1,2026-08-18T09:50:47.121275+00:00,2026-08-18T09:51:31.405120+00:00
21,107,Lewis-Potter,5,DEF,49,1.9352,2.6204,0.48,0.1144,0.4556,0.0164,1,6,60,1,2026-08-18T09:50:47.121275+00:00,2026-08-18T09:51:31.405120+00:00
21,108,Ajer,5,DEF,44,1.1168,2.151,0.22,0.1716,0.2183,0.006,1,6,90,1,2026-08-18T09:50:47.121275+00:00,2026-08-18T09:51:31.405120+00:00
21,109,Henry,5,DEF,43,0,0,0.0,0.0,0.0,0,1,6,90,1,2026-08-18T09:50:47.121275+00:00,2026-08-18T09:51:31.405120+00:00
21,110,Kayode,5,DEF,45,0.9204,1.8949,0.22,0.1404,0.2158,0.0048,1,6,81,1,2026-08-18T09:50:47.121275+00:00,2026-08-18T09:51:31.405120+00:00
21,111,Pinnock,5,DEF,42,1.2052,2.1825,0.22,0.1716,0.2183,0.0052,1,0,0,0,2026-08-18T09:50:47.121275+00:00,2026-08-18T09:51:31.405120+00:00
21,112,Roerslev,5,DEF,45,0,0,0.0,0.0,0.0,0,1,0,0,0,2026-08-18T09:50:47.121275+00:00,2026-08-18T09:51:31.405120+00:00
21,113,Van den Berg,5,DEF,45,1.1036,2.236,0.22,0.1404,0.2158,0.01,1,0,0,0,2026-08-18T09:50:47.121275+00:00,2026-08-18T09:51:31.405120+00:00
21,114,Arthur,5,DEF,39,0,0,0.0,0.0,0.0,0,1,0,0,0,2026-08-18T09:50:47.121275+00:00,2026-08-18T09:51:31.405120+00:00
21,115,Fredrick,5,DEF,40,0,0,0.0,0.0,0.0,0,1,0,0,0,2026-08-18T09:50:47.121275+00:00,2026-08-18T09:51:31.405120+00:00
21,116,Hickey,5,DEF,40,0.8256,1.6481,0.22,0.1716,0.2183,0.0032,1,1,8,0,2026-08-18T09:50:47.121275+00:00,2026-08-18T09:51:31.405120+00:00
21,117,Ji-soo,5,DEF,39,0,0,0.0,0.0,0.0,0,1,0,0,0,2026-08-18T09:50:47.121275+00:00,2026-08-18T09:51:31.405120+00:00
21,118,Meghoma,5,DEF,40,0,0,0.0,0.0,0.0,0,1,0,0,0,2026-08-18T09:50:47.121275+00:00,2026-08-18T09:51:31.405120+00:00
21,120,Schade,5,MID,71,3.2812,3.4936,0.68,0.0576,0.637,0.0636,1,6,90,1,2026-08-18T09:50:47.121275+00:00,2026-08-18T09:51:31.405120+00:00
21,121,Damsgaard,5,MID,58,2.1048,2.5129,0.48,0.1456,0.458,0.0128,1,1,29,0,2026-08-18T09:50:47.121275+00:00,2026-08-18T09:51:31.405120+00:00
21,122,Milambo,5,MID,52,0,0,0.0,0.0,0.0,0,1,0,0,0,2026-08-18T09:50:47.121275+00:00,2026-08-18T09:51:31.405120+00:00
21,123,Carvalho,5,MID,47,0,0,0.0,0.0,0.0,0,1,0,0,0,2026-08-18T09:50:47.121275+00:00,2026-08-18T09:51:31.405120+00:00
21,124,Henderson,5,MID,50,1.6396,1.9037,0.48,0.1144,0.4556,0.0024,1,1,14,0,2026-08-18T09:50:47.121275+00:00,2026-08-18T09:51:31.405120+00:00
21,125,Janelt,5,MID,49,1.4572,2.2319,0.28,0.1584,0.2731,0.0064,1,7,90,1,2026-08-18T09:50:47.121275+00:00,2026-08-18T09:51:31.405120+00:00
21,126,Jensen,5,MID,49,1.6844,2.0249,0.48,0.1144,0.4556,0.0048,1,3,75,1,2026-08-18T09:50:47.121275+00:00,2026-08-18T09:51:31.405120+00:00
21,127,Nunes,5,MID,49,0,0,0.0,0.0,0.0,0,1,0,0,0,2026-08-18T09:50:47.121275+00:00,2026-08-18T09:51:31.405120+00:00
21,128,Onyeka,5,MID,48,0,0,0.0,0.0,0.0,0,1,0,0,0,2026-08-18T09:50:47.121275+00:00,2026-08-18T09:51:31.405120+00:00
21,129,Yarmoliuk,5,MID,50,2.3964,2.0692,0.68,0.0704,0.638,0.004,1,8,90,1,2026-08-18T09:50:47.121275+00:00,2026-08-18T09:51:31.405120+00:00
21,130,Donovan,5,MID,44,0.5116,1.0438,0.1,0.198,0.1088,0.0012,1,0,0,0,2026-08-18T09:50:47.121275+00:00,2026-08-18T09:51:31.405120+00:00
21,131,Konak,5,MID,43,0,0,0.0,0.0,0.0,0,1,0,0,0,2026-08-18T09:50:47.121275+00:00,2026-08-18T09:51:31.405120+00:00
21,132,Maghoma,5,MID,45,0,0,0.0,0.0,0.0,0,1,0,0,0,2026-08-18T09:50:47.121275+00:00,2026-08-18T09:51:31.405120+00:00
21,133,Peart-Harris,5,MID,44,0,0,0.0,0.0,0.0,0,1,0,0,0,2026-08-18T09:50:47.121275+00:00,2026-08-18T09:51:31.405120+00:00
21,134,Trevitt,5,MID,45,0,0,0.0,0.0,0.0,0,1,0,0,0,2026-08-18T09:50:47.121275+00:00,2026-08-18T09:51:31.405120+00:00
21,136,Thiago,5,FWD,70,3.6248,3.5715,0.68,0.0576,0.637,0.0804,1,12,81,1,2026-08-18T09:50:47.121275+00:00,2026-08-18T09:51:31.405120+00:00
21,137,Morgan,5,FWD,44,0,0,0.0,0.0,0.0,0,1,0,0,0,2026-08-18T09:50:47.121275+00:00,2026-08-18T09:51:31.405120+00:00
21,748,Dasilva,5,MID,49,0.6816,1.2734,0.18,0.1804,0.1818,0.0,1,0,0,0,2026-08-18T09:50:47.121275+00:00,2026-08-18T09:51:31.405120+00:00
21,797,Furo,5,FWD,45,0.4544,0.9258,0.1,0.198,0.1088,0.0008,1,,,,2026-08-18T09:50:47.121275+00:00,
21,810,Bentt,5,MID,45,0.4596,0.9503,0.1,0.198,0.1088,0.0,1,,,,2026-08-18T09:50:47.121275+00:00,
21,819,Shield,5,DEF,40,0.54,1.2851,0.1,0.198,0.1088,0.0008,1,,,,2026-08-18T09:50:47.121275+00:00,
21,823,Stephenson,5,DEF,40,0.5412,1.2417,0.1,0.198,0.1088,0.0004,1,,,,2026-08-18T09:50:47.121275+00:00,
21,824,McManus,5,DEF,40,0.5668,1.3617,0.1,0.198,0.1088,0.0028,1,,,,2026-08-18T09:50:47.121275+00:00,
21,826,Owen,5,MID,45,0.4496,0.949,0.1,0.198,0.1088,0.0004,1,,,,2026-08-18T09:50:47.121275+00:00,
21,138,Steele,6,GKP,42,0.144,0.6689,0.04,0.0384,0.0403,0.0,1,0,0,0,2026-08-18T09:50:47.121275+00:00,2026-08-18T09:51:31.405120+00:00
21,139,Verbruggen,6,GKP,45,2.8112,2.1231,0.9,0.004,0.8373,0.0004,1,3,90,1,2026-08-18T09:50:47.121275+00:00,2026-08-18T09:51:31.405120+00:00
21,140,McGill,6,GKP,39,0.1664,0.7401,0.04,0.0384,0.0403,0.0,1,0,0,0,2026-08-18T09:50:47.121275+00:00,2026-08-18T09:51:31.405120+00:00
21,141,Rushworth,6,GKP,40,0,0,0.0,0.0,0.0,0,1,0,0,0,2026-08-18T09:50:47.121275+00:00,2026-08-18T09:51:31.405120+00:00
21,142,Scherpen,6,GKP,40,0,0,0.0,0.0,0.0,0,1,0,0,0,2026-08-18T09:50:47.121275+00:00,2026-08-18T09:51:31.405120+00:00
21,143,Boscagli,6,DEF,42,0.514,1.2592,0.1,0.198,0.1088,0.0008,1,0,0,0,2026-08-18T09:50:47.121275+00:00,2026-08-18T09:51:31.405120+00:00
21,144,Coppola,6,DEF,42,0,0,0.0,0.0,0.0,0,1,0,0,0,2026-08-18T09:50:47.121275+00:00,2026-08-18T09:51:31.405120+00:00
21,145,De Cuyper,6,DEF,43,1.004,1.9516,0.22,0.1716,0.2183,0.0064,1,1,90,1,2026-08-18T09:50:47.121275+00:00,2026-08-18T09:51:31.405120+00:00
21,146,Dunk,6,DEF,45,0.7392,1.593,0.22,0.1404,0.2158,0.0024,1,3,90,1,2026-08-18T09:50:47.121275+00:00,2026-08-18T09:51:31.405120+00:00
21,147,Estupiñan,6,DEF,45,0,0,0.0,0.0,0.0,0,1,0,0,0,2026-08-18T09:50:47.121275+00:00,2026-08-18T09:51:31.405120+00:00
21,148,F.Kadıoğlu,6,DEF,44,0.8424,1.7354,0.22,0.1404,0.2158,0.0048,1,2,90,1,2026-08-18T09:50:47.121275+00:00,2026-08-18T09:51:31.405120+00:00
21,149,Igor,6,DEF,45,0.5356,1.3446,0.1,0.198,0.1088,0.0012,1,0,0,0,2026-08-18T09:50:47.121275+00:00,2026-08-18T09:51:31.405120+00:00
21,150,Lamptey,6,DEF,44,0,0,0.0,0.0,0.0,0,1,0,0,0,2026-08-18T09:50:47.121275+00:00,2026-08-18T09:51:31.405120+00:00
21,151,Van Hecke,6,DEF,45,0.9748,2.0684,0.22,0.1404,0.2158,0.0088,1,3,90,1,2026-08-18T09:50:47.121275+00:00,2026-08-18T09:51:31.405120+00:00
21,152,Veltman,6,DEF,43,1.02,1.9476,0.22,0.1716,0.2183,0.0052,1,0,0,0,2026-08-18T09:50:47.121275+00:00,2026-08-18T09:51:31.405120+00:00
21,153,Webster,6,DEF,44,0,0,0.0,0.0,0.0,0,1,0,0,0,2026-08-18T09:50:47.121275+00:00,2026-08-18T09:51:31.405120+00:00
21,154,Cashin,6,DEF,40,0,0,0.0,0.0,0.0,0,1,0,0,0,2026-08-18T09:50:47.121275+00:00,2026-08-18T09:51:31.405120+00:00
21,155,Slater,6,DEF,40,0,0,0.0,0.0,0.0,0,1,0,0,0,2026-08-18T09:50:47.121275+00:00,2026-08-18T09:51:31.405120+00:00
21,156,Tasker,6,DEF,38,0.504,1.1994,0.1,0.198,0.1088,0.0012,1,0,0,0,2026-08-18T09:50:47.121275+00:00,2026-08-18T09:51:31.405120+00:00
21,157,Mitoma,6,MID,61,0,0,0.0,0.0,0.0,0,1,8,82,1,2026-08-18T09:50:47.121275+00:00,2026-08-18T09:51:31.405120+00:00
21,158,Georginio,6,MID,56,1.6332,2.0071,0.48,0.1456,0.458,0.006,1,2,76,1,2026-08-18T09:50:47.121275+00:00,2026-08-18T09:51:31.405120+00:00
21,159,March,6,MID,58,1.4236,1.7276,0.45,0.154,0.4308,0.0044,1,0,0,0,2026-08-18T09:50:47.121275+00:00,2026-08-18T09:51:31.405120+00:00
21,160,Minteh,6,MID,59,2.664,2.5407,0.68,0.0576,0.637,0.0168,1,0,0,0,2026-08-18T09:50:47.121275+00:00,2026-08-18T09:51:31.405120+00:00
21,161,Enciso,6,MID,54,0,0,0.0,0.0,0.0,0,1,0,0,0,2026-08-18T09:50:47.121275+00:00,2026-08-18T09:51:31.405120+00:00
21,162,Gruda,6,MID,54,0,0,0.0,0.0,0.0,0,1,1,13,0,2026-08-18T09:50:47.121275+00:00,2026-08-18T09:51:31.405120+00:00
21,163,Hinshelwood,6,MID,51,0.9576,1.4864,0.28,0.1584,0.2731,0.0012,1,5,90,1,2026-08-18T09:50:47.121275+00:00,2026-08-18T09:51:31.405120+00:00
21,164,O'Riley,6,MID,55,1.4192,1.8567,0.45,0.154,0.4308,0.0064,1,0,0,0,2026-08-18T09:50:47.121275+00:00,2026-08-18T09:51:31.405120+00:00
21,165,Sima,6,MID,54,0,0,0.0,0.0,0.0,0,1,0,0,0,2026-08-18T09:50:47.121275+00:00,2026-08-18T09:51:31.405120+00:00
21,166,Ayari,6,MID,48,2.8104,2.5488,0.68,0.0704,0.638,0.018,1,5,82,1,2026-08-18T09:50:47.121275+00:00,2026-08-18T09:51:31.405120+00:00
21,167,Baleba,6,MID,46,1.4,1.6476,0.48,0.1144,0.4556,0.002,1,0,0,0,2026-08-18T09:50:47.121275+00:00,2026-08-18T09:51:31.405120+00:00
21,169,Gomez,6,MID,49,1.8744,2.3617,0.48,0.1144,0.4556,0.012,1,2,76,1,2026-08-18T09:50:47.121275+00:00,2026-08-18T09:51:31.405120+00:00
21,170,Milner,6,MID,49,0.876,1.7921,0.18,0.1804,0.1818,0.0056,1,1,7,0,2026-08-18T09:50:47.121275+00:00,2026-08-18T09:51:31.405120+00:00
21,171,Sarmiento,6,MID,49,0,0,0.0,0.0,0.0,0,1,0,0,0,2026-08-18T09:50:47.121275+00:00,2026-08-18T09:51:31.405120+00:00
21,172,Watson,6,MID,48,0,0,0.0,0.0,0.0,0,1,0,7,0,2026-08-18T09:50:47.121275+00:00,2026-08-18T09:51:31.405120+00:00
21,173,Wieffer,6,MID,49,2.0672,2.4137,0.48,0.1144,0.4556,0.0084,1,0,0,0,2026-08-18T09:50:47.121275+00:00,2026-08-18T09:51:31.405120+00:00
21,174,Yalcouye,6,MID,50,0,0,0.0,0.0,0.0,0,1,0,0,0,2026-08-18T09:50:47.121275+00:00,2026-08-18T09:51:31.405120+00:00
21,175,Knight,6,MID,44,0,0,0.0,0.0,0.0,0,1,0,0,0,2026-08-18T09:50:47.121275+00:00,2026-08-18T09:51:31.405120+00:00
21,176,Mazilu,6,MID,45,0,0,0.0,0.0,0.0,0,1,0,0,0,2026-08-18T09:50:47.121275+00:00,2026-08-18T09:51:31.405120+00:00
21,177,Moran,6,MID,45,0,0,0.0,0.0,0.0,0,1,0,0,0,2026-08-18T09:50:47.121275+00:00,2026-08-18T09:51:31.405120+00:00
21,178,Welbeck,6,FWD,63,2.1556,2.6662,0.48,0.1456,0.458,0.026,1,1,13,0,2026-08-18T09:50:47.121275+00:00,2026-08-18T09:51:31.405120+00:00
21,179,Ferguson,6,FWD,55,0,0,0.0,0.0,0.0,0,1,0,0,0,2026-08-18T09:50:47.121275+00:00,2026-08-18T09:51:31.405120+00:00
21,180,Tzimas,6,FWD,52,0,0,0.0,0.0,0.0,0,1,0,0,0,2026-08-18T09:50:47.121275+00:00,2026-08-18T09:51:31.405120+00:00
21,181,Kostoulas,6,FWD,48,0.838,1.5816,0.18,0.1804,0.1818,0.0004,1,0,0,0,2026-08-18T09:50:47.121275+00:00,2026-08-18T09:51:31.405120+00:00
21,744,Oriola,6,MID,45,0.452,0.9265,0.1,0.198,0.1088,0.0004,1,0,0,0,2026-08-18T09:50:47.121275+00:00,2026-08-18T09:51:31.405120+00:00
21,761,Simmonds,6,DEF,40,0.4752,1.105,0.1,0.198,0.1088,0.0008,1,0,0,0,2026-08-18T09:50:47.121275+00:00,2026-08-18T09:51:31.405120+00:00
21,783,Groß,6,MID,55,1.4272,1.725,0.45,0.154,0.4308,0.0008,1,1,90,1,2026-08-18T09:50:47.121275+00:00,2026-08-18T09:51:31.405120+00:00
21,795,Howell,6,MID,45,0.4444,0.9304,0.1,0.198,0.1088,0.0,1,0,0,0,2026-08-18T09:50:47.121275+00:00,2026-08-18T09:51:31.405120+00:00
21,220,Sánchez,7,GKP,49,2.8536,2.0969,0.9,0.008,0.8376,0.0004,1,2,90,1,2026-08-18T09:50:47.121275+00:00,2026-08-18T09:51:31.405120+00:00
21,221,Jörgensen,7,GKP,43,0.132,0.6508,0.04,0.0384,0.0403,0.0,1,0,0,0,2026-08-18T09:50:47.121275+00:00,2026-08-18T09:51:31.405120+00:00
21,222,Penders,7,GKP,40,0,0,0.0,0.0,0.0,0,1,0,0,0,2026-08-18T09:50:47.121275+00:00,2026-08-18T09:51:31.405120+00:00
21,223,Slonina,7,GKP,39,0.152,0.7372,0.04,0.0384,0.0403,0.0,1,0,0,0,2026-08-18T09:50:47.121275+00:00,2026-08-18T09:51:31.405120+00:00
21,224,Cucurella,7,DEF,61,2.2164,2.4056,0.68,0.0576,0.637,0.0096,1,-3,21,0,2026-08-18T09:50:47.121275+00:00,2026-08-18T09:51:31.405120+00:00
21,225,James,7,DEF,57,1.976,2.6231,0.48,0.1456,0.458,0.0172,1,1,25,0,2026-08-18T09:50:47.121275+00:00,2026-08-18T09:51:31.405120+00:00
21,226,Chalobah,7,DEF,55,2.53,2.6637,0.68,0.0576,0.637,0.0148,1,3,90,1,2026-08-18T09:50:47.121275+00:00,2026-08-18T09:51:31.405120+00:00
21,227,Colwill,7,DEF,48,2.6016,2.4432,0.9,0.018,0.8384,0.0136,1,0,0,0,2026-08-18T09:50:47.121275+00:00,2026-08-18T09:51:31.405120+00:00
21,228,Gusto,7,DEF,50,1.862,2.5647,0.48,0.1144,0.4556,0.0148,1,2,75,1,2026-08-18T09:50:47.121275+00:00,2026-08-18T09:51:31.405120+00:00
21,229,B.Badiashile,7,DEF,44,0.78,1.5395,0.22,0.1716,0.2183,0.0008,1,0,0,0,2026-08-18T09:50:47.121275+00:00,2026-08-18T09:51:31.405120+00:00
21,230,Fofana,7,DEF,44,0,0,0.0,0.0,0.0,0,1,0,0,0,2026-08-18T09:50:47.121275+00:00,2026-08-18T09:51:31.405120+00:00
21,231,M.Sarr,7,DEF,45,0.514,1.2093,0.1,0.198,0.1088,0.0,1,0,0,0,2026-08-18T09:50:47.121275+00:00,2026-08-18T09:51:31.405120+00:00
21,232,Tosin,7,DEF,41,1.0312,1.9251,0.22,0.1716,0.2183,0.0028,1,0,90,1,2026-08-18T09:50:47.121275+00:00,2026-08-18T09:51:31.405120+00:00
21,233,Acheampong,7,DEF,38,1.048,1.9535,0.22,0.1716,0.2183,0.0048,1,1,14,0,2026-08-18T09:50:47.121275+00:00,2026-08-18T09:51:31.405120+00:00
21,234,Anselmino,7,DEF,40,0,0,0.0,0.0,0.0,0,1,0,0,0,2026-08-18T09:50:47.121275+00:00,2026-08-18T09:51:31.405120+00:00
21,235,Palmer,7,MID,104,2.2532,2.8053,0.48,0.1456,0.458,0.026,1,1,74,1,2026-08-18T09:50:47.121275+00:00,2026-08-18T09:51:31.405120+00:00
21,236,Neto,7,MID,72,2.7596,2.6716,0.68,0.0576,0.637,0.0232,1,5,90,1,2026-08-18T09:50:47.121275+00:00,2026-08-18T09:51:31.405120+00:00
21,237,Enzo,7,MID,64,3.5548,3.5988,0.68,0.0576,0.637,0.068,1,1,64,1,2026-08-18T09:50:47.121275+00:00,2026-08-18T09:51:31.405120+00:00
21,238,Estêvão,7,MID,64,0,0,0.0,0.0,0.0,0,1,0,0,0,2026-08-18T09:50:47.121275+00:00,2026-08-18T09:51:31.405120+00:00
21,239,Gittens,7,MID,60,0.6792,1.2984,0.14,0.2408,0.1495,0.0012,1,0,0,0,2026-08-18T09:50:47.121275+00:00,2026-08-18T09:51:31.405120+00:00
21,240,Nkunku,7,MID,59,0,0,0.0,0.0,0.0,0,1,0,0,0,2026-08-18T09:50:47.121275+00:00,2026-08-18T09:51:31.405120+00:00
21,241,Caicedo,7,MID,57,2.0748,2.3818,0.48,0.1456,0.458,0.01,1,4,90,1,2026-08-18T09:50:47.121275+00:00,2026-08-18T09:51:31.405120+00:00
21,244,Lavia,7,MID,49,0.4936,1.1125,0.09,0.2002,0.0997,0.0016,1,0,0,0,2026-08-18T09:50:47.121275+00:00,2026-08-18T09:51:31.405120+00:00
21,245,Mudryk,7,MID,49,0,0,0.0,0.0,0.0,0,1,0,0,0,2026-08-18T09:50:47.121275+00:00,2026-08-18T09:51:31.405120+00:00
21,246,Andrey Santos,7,MID,45,1.0532,1.7087,0.28,0.1584,0.2731,0.002,1,1,27,0,2026-08-18T09:50:47.121275+00:00,2026-08-18T09:51:31.405120+00:00
21,247,D.Essugo,7,MID,43,0.4608,0.9608,0.1,0.198,0.1088,0.0004,1,0,0,0,2026-08-18T09:50:47.121275+00:00,2026-08-18T09:51:31.405120+00:00
21,248,Paez,7,MID,45,0,0,0.0,0.0,0.0,0,1,0,0,0,2026-08-18T09:50:47.121275+00:00,2026-08-18T09:51:31.405120+00:00
21,249,João Pedro,7,FWD,72,2.9812,2.8195,0.68,0.0576,0.637,0.03,1,1,15,0,2026-08-18T09:50:47.121275+00:00,2026-08-18T09:51:31.405120+00:00
21,250,Delap,7,FWD,62,0.9384,1.5029,0.28,0.2016,0.2765,0.002,1,7,90,1,2026-08-18T09:50:47.121275+00:00,2026-08-18T09:51:31.405120+00:00
21,251,N.Jackson,7,FWD,65,0,0,0.0,0.0,0.0,0,1,0,0,0,2026-08-18T09:50:47.121275+00:00,2026-08-18T09:51:31.405120+00:00
21,252,Marc Guiu,7,FWD,43,0.4636,0.9717,0.1,0.198,0.1088,0.0004,1,0,0,0,2026-08-18T09:50:47.121275+00:00,2026-08-18T09:51:31.405120+00:00
21,453,Garnacho,7,MID,64,1.9688,2.376,0.48,0.1456,0.458,0.014,1,0,0,0,2026-08-18T09:50:47.121275+00:00,2026-08-18T09:51:31.405120+00:00
21,672,Hato,7,DEF,46,0.658,1.3941,0.18,0.1804,0.1818,0.002,1,1,62,1,2026-08-18T09:50:47.121275+00:00,2026-08-18T09:51:31.405120+00:00
21,743,Emenalo,7,MID,45,0.4816,0.9882,0.1,0.198,0.1088,0.0008,1,0,0,0,2026-08-18T09:50:47.121275+00:00,2026-08-18T09:51:31.405120+00:00
21,789,Merrick,7,GKP,40,0.1568,0.7302,0.04,0.0384,0.0403,0.0,1,0,0,0,2026-08-18T09:50:47.121275+00:00,2026-08-18T09:51:31.405120+00:00
21,803,Sharman-Lowe,7,GKP,40,0.1384,0.6837,0.04,0.0384,0.0403,0.0,1,,,,2026-08-18T09:50:47.121275+00:00,
21,829,Derry,7,MID,45,0.4432,0.8831,0.1,0.198,0.1088,0.0,1,,,,2026-08-18T09:50:47.121275+00:00,
21,833,Eboué,7,MID,45,0.4772,0.9026,0.1,0.198,0.1088,0.0,1,,,,2026-08-18T09:50:47.121275+00:00,
21,834,Kavuma-McQueen,7,MID,45,0.4616,0.917,0.1,0.198,0.1088,0.0,1,,,,2026-08-18T09:50:47.121275+00:00,
21,840,Mheuka,7,FWD,45,0.4376,0.8509,0.1,0.198,0.1088,0.0,1,,,,2026-08-18T09:50:47.121275+00:00,
21,253,Henderson,8,GKP,51,3.1608,2.2327,0.9,0.008,0.8376,0.0004,1,7,90,1,2026-08-18T09:50:47.121275+00:00,2026-08-18T09:51:31.405120+00:00
21,254,Benitez,8,GKP,40,0.18,0.8004,0.04,0.0384,0.0403,0.0,1,0,0,0,2026-08-18T09:50:47.121275+00:00,2026-08-18T09:51:31.405120+00:00
21,255,Matthews,8,GKP,39,0.1704,0.7823,0.04,0.0384,0.0403,0.0,1,0,0,0,2026-08-18T09:50:47.121275+00:00,2026-08-18T09:51:31.405120+00:00
21,256,Muñoz,8,DEF,58,2.3448,3.1656,0.48,0.1456,0.458,0.0356,1,0,0,0,2026-08-18T09:50:47.121275+00:00,2026-08-18T09:51:31.405120+00:00
21,257,Lacroix,8,DEF,51,3.0996,3.0164,0.68,0.0576,0.637,0.0232,1,8,90,1,2026-08-18T09:50:47.121275+00:00,2026-08-18T09:51:31.405120+00:00
21,258,Mitchell,8,DEF,50,2.6196,2.664,0.68,0.0576,0.637,0.0132,1,5,90,1,2026-08-18T09:50:47.121275+00:00,2026-08-18T09:51:31.405120+00:00
21,259,Sosa,8,DEF,48,0.5296,1.3367,0.09,0.2002,0.0997,0.002,1,1,1,0,2026-08-18T09:50:47.121275+00:00,2026-08-18T09:51:31.405120+00:00
21,261,Richards,8,DEF,44,0,0,0.0,0.0,0.0,0,1,0,0,0,2026-08-18T09:50:47.121275+00:00,2026-08-18T09:51:31.405120+00:00
21,262,Chadi Riad,8,DEF,40,0.5328,1.2023,0.1,0.198,0.1088,0.0004,1,0,0,0,2026-08-18T09:50:47.121275+00:00,2026-08-18T09:51:31.405120+00:00
21,263,Clyne,8,DEF,38,0.9236,1.8256,0.22,0.1716,0.2183,0.0028,1,0,0,0,2026-08-18T09:50:47.121275+00:00,2026-08-18T09:51:31.405120+00:00
21,264,Holding,8,DEF,40,0,0,0.0,0.0,0.0,0,1,0,0,0,2026-08-18T09:50:47.121275+00:00,2026-08-18T09:51:31.405120+00:00
21,265,Kporha,8,DEF,40,0.5228,1.2727,0.1,0.198,0.1088,0.0012,1,0,0,0,2026-08-18T09:50:47.121275+00:00,2026-08-18T09:51:31.405120+00:00
21,267,Sarr,8,MID,64,2.242,2.8738,0.48,0.1456,0.458,0.0228,1,0,0,0,2026-08-18T09:50:47.121275+00:00,2026-08-18T09:51:31.405120+00:00
21,268,Doucouré,8,MID,49,0,0,0.0,0.0,0.0,0,1,0,0,0,2026-08-18T09:50:47.121275+00:00,2026-08-18T09:51:31.405120+00:00
21,269,Esse,8,MID,47,0,0,0.0,0.0,0.0,0,1,0,0,0,2026-08-18T09:50:47.121275+00:00,2026-08-18T09:51:31.405120+00:00
21,270,Hughes,8,MID,47,1.4568,1.813,0.48,0.1144,0.4556,0.002,1,3,90,1,2026-08-18T09:50:47.121275+00:00,2026-08-18T09:51:31.405120+00:00
21,271,Kamada,8,MID,50,1.6888,2.0582,0.48,0.1144,0.4556,0.0076,1,0,0,0,2026-08-18T09:50:47.121275+00:00,2026-08-18T09:51:31.405120+00:00
21,272,Lerma,8,MID,49,1.1108,1.8104,0.28,0.1584,0.2731,0.0032,1,0,0,0,2026-08-18T09:50:47.121275+00:00,2026-08-18T09:51:31.405120+00:00
21,273,Wharton,8,MID,50,2.856,2.5718,0.68,0.0704,0.638,0.0168,1,3,90,1,2026-08-18T09:50:47.121275+00:00,2026-08-18T09:51:31.405120+00:00
21,274,Agbinone,8,MID,43,0.4984,0.9847,0.1,0.198,0.1088,0.0,1,0,0,0,2026-08-18T09:50:47.121275+00:00,2026-08-18T09:51:31.405120+00:00
21,275,Ahamada,8,MID,43,0,0,0.0,0.0,0.0,0,1,0,0,0,2026-08-18T09:50:47.121275+00:00,2026-08-18T09:51:31.405120+00:00
21,276,Devenny,8,MID,43,1.1176,1.9191,0.28,0.1584,0.2731,0.0072,1,3,89,1,2026-08-18T09:50:47.121275+00:00,2026-08-18T09:51:31.405120+00:00
21,277,Ebiowei,8,MID,45,0,0,0.0,0.0,0.0,0,1,0,0,0,2026-08-18T09:50:47.121275+00:00,2026-08-18T09:51:31.405120+00:00
21,278,J.Rak-Sakyi,8,MID,44,0,0,0.0,0.0,0.0,0,1,0,0,0,2026-08-18T09:50:47.121275+00:00,2026-08-18T09:51:31.405120+00:00
21,279,M.França,8,MID,45,0,0,0.0,0.0,0.0,0,1,0,0,0,2026-08-18T09:50:47.121275+00:00,2026-08-18T09:51:31.405120+00:00
21,280,Ozoh,8,MID,45,0,0,0.0,0.0,0.0,0,1,0,0,0,2026-08-18T09:50:47.121275+00:00,2026-08-18T09:51:31.405120+00:00
21,281,Rodney,8,MID,44,0.498,1.0365,0.1,0.198,0.1088,0.0004,1,0,0,0,2026-08-18T09:50:47.121275+00:00,2026-08-18T09:51:31.405120+00:00
21,282,Umeh,8,MID,45,0,0,0.0,0.0,0.0,0,1,0,0,0,2026-08-18T09:50:47.121275+00:00,2026-08-18T09:51:31.405120+00:00
21,283,Mateta,8,FWD,76,3.5348,3.5735,0.68,0.0576,0.637,0.0816,1,2,90,1,2026-08-18T09:50:47.121275+00:00,2026-08-18T09:51:31.405120+00:00
21,284,Nketiah,8,FWD,54,0,0,0.0,0.0,0.0,0,1,0,0,0,2026-08-18T09:50:47.121275+00:00,2026-08-18T09:51:31.405120+00:00
21,285,Édouard,8,FWD,50,0,0,0.0,0.0,0.0,0,1,0,0,0,2026-08-18T09:50:47.121275+00:00,2026-08-18T09:51:31.405120+00:00
21,286,Marsh,8,FWD,45,0.4612,0.9082,0.1,0.198,0.1088,0.0,1,0,0,0,2026-08-18T09:50:47.121275+00:00,2026-08-18T09:51:31.405120+00:00
21,580,Johnson,8,MID,65,1.1664,1.9457,0.28,0.2016,0.2765,0.0084,1,2,90,1,2026-08-18T09:50:47.121275+00:00,2026-08-18T09:51:31.405120+00:00
21,654,Strand Larsen,8,FWD,61,1.482,1.8889,0.48,0.1456,0.458,0.0096,1,4,23,0,2026-08-18T09:50:47.121275+00:00,2026-08-18T09:51:31.405120+00:00
21,677,Guessand,8,MID,62,1.2636,1.9476,0.28,0.2016,0.2765,0.006,1,0,0,0,2026-08-18T09:50:47.121275+00:00,2026-08-18T09:51:31.405120+00:00
21,690,Cardines,8,MID,44,0.4852,1.0047,0.1,0.198,0.1088,0.0004,1,0,0,0,2026-08-18T09:50:47.121275+00:00,2026-08-18T09:51:31.405120+00:00
21,712,Yeremy,8,MID,58,2.6568,2.6573,0.68,0.0896,0.6396,0.0212,1,3,90,1,2026-08-18T09:50:47.121275+00:00,2026-08-18T09:51:31.405120+00:00
21,723,Canvot,8,DEF,45,0.7524,1.7603,0.1,0.198,0.1088,0.0032,1,10,90,1,2026-08-18T09:50:47.121275+00:00,2026-08-18T09:51:31.405120+00:00
21,732,Uche,8,FWD,55,1.374,1.7286,0.45,0.154,0.4308,0.0064,1,0,0,0,2026-08-18T09:50:47.121275+00:00,2026-08-18T09:51:31.405120+00:00
21,762,Drakes-Thomas,8,MID,45,0.7464,1.526,0.1,0.198,0.1088,0.0032,1,0,0,0,2026-08-18T09:50:47.121275+00:00,2026-08-18T09:51:31.405120+00:00
21,773,Benamar,8,DEF,40,0.5628,1.287,0.1,0.198,0.1088,0.0008,1,0,0,0,2026-08-18T09:50:47.121275+00:00,2026-08-18T09:51:31.405120+00:00
21,780,Casey,8,FWD,45,0.4752,1.032,0.1,0.198,0.1088,0.0004,1,0,0,0,2026-08-18T09:50:47.121275+00:00,2026-08-18T09:51:31.405120+00:00
21,793,King,8,DEF,40,0.5232,1.2405,0.1,0.198,0.1088,0.0004,1,0,0,0,2026-08-18T09:50:47.121275+00:00,2026-08-18T09:51:31.405120+00:00
21,798,Imray,8,DEF,40,0,0,0.0,0.0,0.0,0,1,,,,2026-08-18T09:50:47.121275+00:00,
21,242,Dewsbury-Hall,9,MID,50,2.0064,2.5442,0.48,0.1144,0.4556,0.02,1,0,0,0,2026-08-18T09:50:47.121275+00:00,2026-08-18T09:51:31.405120+00:00
21,243,George,9,MID,48,0.6812,1.1957,0.18,0.1804,0.1818,0.0008,1,0,0,0,2026-08-18T09:50:47.121275+00:00,2026-08-18T09:51:31.405120+00:00
21,287,Pickford,9,GKP,56,3.5076,2.2964,0.9,0.008,0.8376,0.0012,1,3,90,1,2026-08-18T09:50:47.121275+00:00,2026-08-18T09:51:31.405120+00:00
21,288,Travers,9,GKP,43,0.2156,0.9939,0.04,0.0384,0.0403,0.0004,1,0,0,0,2026-08-18T09:50:47.121275+00:00,2026-08-18T09:51:31.405120+00:00
21,289,Tyrer,9,GKP,39,0,0,0.0,0.0,0.0,0,1,0,0,0,2026-08-18T09:50:47.121275+00:00,2026-08-18T09:51:31.405120+00:00
21,290,Branthwaite,9,DEF,53,0,0,0.0,0.0,0.0,0,1,0,0,0,2026-08-18T09:50:47.121275+00:00,2026-08-18T09:51:31.405120+00:00
21,291,Tarkowski,9,DEF,57,3.3432,3.16,0.68,0.0576,0.637,0.0348,1,4,90,1,2026-08-18T09:50:47.121275+00:00,2026-08-18T09:51:31.405120+00:00
21,292,Mykolenko,9,DEF,49,2.3668,2.4445,0.68,0.0576,0.637,0.0076,1,2,90,1,2026-08-18T09:50:47.121275+00:00,2026-08-18T09:51:31.405120+00:00
21,293,O'Brien,9,DEF,49,2.4624,2.5052,0.68,0.0576,0.637,0.0104,1,2,90,1,2026-08-18T09:50:47.121275+00:00,2026-08-18T09:51:31.405120+00:00
21,294,Coleman,9,DEF,42,0.5324,1.2621,0.1,0.198,0.1088,0.0008,1,0,0,0,2026-08-18T09:50:47.121275+00:00,2026-08-18T09:51:31.405120+00:00
21,295,Keane,9,DEF,48,3.4828,3.2167,0.68,0.0576,0.637,0.0364,1,5,82,1,2026-08-18T09:50:47.121275+00:00,2026-08-18T09:51:31.405120+00:00
21,296,Patterson,9,DEF,44,0.6584,1.6001,0.1,0.198,0.1088,0.0016,1,1,3,0,2026-08-18T09:50:47.121275+00:00,2026-08-18T09:51:31.405120+00:00
21,297,Dixon,9,DEF,38,0,0,0.0,0.0,0.0,0,1,0,0,0,2026-08-18T09:50:47.121275+00:00,2026-08-18T09:51:31.405120+00:00
21,298,Welch,9,DEF,38,0.5092,1.2436,0.1,0.198,0.1088,0.0004,1,0,0,0,2026-08-18T09:50:47.121275+00:00,2026-08-18T09:51:31.405120+00:00
21,299,Ndiaye,9,MID,62,3.0284,2.9259,0.68,0.0896,0.6396,0.0384,1,0,0,0,2026-08-18T09:50:47.121275+00:00,2026-08-18T09:51:31.405120+00:00
21,300,McNeil,9,MID,55,1.1104,1.7383,0.28,0.2016,0.2765,0.0028,1,2,90,1,2026-08-18T09:50:47.121275+00:00,2026-08-18T09:51:31.405120+00:00
21,301,Alcaraz,9,MID,52,0.956,1.6324,0.28,0.1584,0.2731,0.0024,1,0,0,0,2026-08-18T09:50:47.121275+00:00,2026-08-18T09:51:31.405120+00:00
21,302,Gana,9,MID,54,1.0932,1.8114,0.24,0.1672,0.2366,0.0032,1,0,0,0,2026-08-18T09:50:47.121275+00:00,2026-08-18T09:51:31.405120+00:00
21,303,Garner,9,MID,51,2.8936,2.6132,0.68,0.0576,0.637,0.0208,1,6,90,1,2026-08-18T09:50:47.121275+00:00,2026-08-18T09:51:31.405120+00:00
21,304,Iroegbunam,9,MID,48,1.6428,1.9541,0.48,0.1144,0.4556,0.0032,1,7,90,1,2026-08-18T09:50:47.121275+00:00,2026-08-18T09:51:31.405120+00:00
21,305,Armstrong,9,MID,45,0.598,1.2882,0.1,0.198,0.1088,0.0008,1,4,86,1,2026-08-18T09:50:47.121275+00:00,2026-08-18T09:51:31.405120+00:00
21,306,Bates,9,MID,43,0.4852,1.0003,0.1,0.198,0.1088,0.0,1,0,0,0,2026-08-18T09:50:47.121275+00:00,2026-08-18T09:51:31.405120+00:00
21,307,Ebere,9,MID,44,0.4844,1.0102,0.1,0.198,0.1088,0.0008,1,0,0,0,2026-08-18T09:50:47.121275+00:00,2026-08-18T09:51:31.405120+00:00
21,308,Heath,9,MID,45,0,0,0.0,0.0,0.0,0,1,0,0,0,2026-08-18T09:50:47.121275+00:00,2026-08-18T09:51:31.405120+00:00
21,309,Metcalfe,9,MID,45,0,0,0.0,0.0,0.0,0,1,0,0,0,2026-08-18T09:50:47.121275+00:00,2026-08-18T09:51:31.405120+00:00
21,310,Barry,9,FWD,57,1.5792,2.053,0.48,0.1456,0.458,0.0128,1,2,86,1,2026-08-18T09:50:47.121275+00:00,2026-08-18T09:51:31.405120+00:00
21,311,Beto,9,FWD,50,1.7196,2.1892,0.48,0.1144,0.4556,0.0156,1,1,3,0,2026-08-18T09:50:47.121275+00:00,2026-08-18T09:51:31.405120+00:00
21,312,Y.Chermiti,9,FWD,49,0,0,0.0,0.0,0.0,0,1,0,0,0,2026-08-18T09:50:47.121275+00:00,2026-08-18T09:51:31.405120+00:00
21,313,Sherif,9,FWD,44,0,0,0.0,0.0,0.0,0,1,0,0,0,2026-08-18T09:50:47.121275+00:00,2026-08-18T09:51:31.405120+00:00
21,419,Grealish,9,MID,65,0,0,0.0,0.0,0.0,0,1,-1,89,1,2026-08-18T09:50:47.121275+00:00,2026-08-18T09:51:31.405120+00:00
21,630,King,9,GKP,39,0.1888,0.8517,0.04,0.0384,0.0403,0.0,1,0,0,0,2026-08-18T09:50:47.121275+00:00,2026-08-18T09:51:31.405120+00:00
21,667,Aznou,9,DEF,42,0.5408,1.2747,0.1,0.198,0.1088,0.0004,1,0,0,0,2026-08-18T09:50:47.121275+00:00,2026-08-18T09:51:31.405120+00:00
21,704,Onyango,9,MID,45,0,0,0.0,0.0,0.0,0,1,0,0,0,2026-08-18T09:50:47.121275+00:00,2026-08-18T09:51:31.405120+00:00
21,705,Campbell,9,DEF,39,0,0,0.0,0.0,0.0,0,1,0,0,0,2026-08-18T09:50:47.121275+00:00,2026-08-18T09:51:31.405120+00:00
21,707,Dibling,9,MID,53,1.1088,1.7863,0.28,0.1584,0.2731,0.0048,1,0,0,0,2026-08-18T09:50:47.121275+00:00,2026-08-18T09:51:31.405120+00:00
21,728,Röhl,9,MID,50,0.852,1.6045,0.18,0.1804,0.1818,0.0016,1,1,1,0,2026-08-18T09:50:47.121275+00:00,2026-08-18T09:51:31.405120+00:00
21,779,Graham,9,FWD,45,0.4688,0.9345,0.1,0.198,0.1088,0.0,1,0,0,0,2026-08-18T09:50:47.121275+00:00,2026-08-18T09:51:31.405120+00:00
21,314,Leno,10,GKP,49,3.0916,2.2205,0.9,0.008,0.8376,0.0004,1,3,90,1,2026-08-18T09:50:47.121275+00:00,2026-08-18T09:51:31.405120+00:00
21,315,Benda,10,GKP,40,0,0,0.0,0.0,0.0,0,1,0,0,0,2026-08-18T09:50:47.121275+00:00,2026-08-18T09:51:31.405120+00:00
21,316,Robinson,10,DEF,49,1.414,2.3409,0.28,0.1584,0.2731,0.0088,1,2,72,1,2026-08-18T09:50:47.121275+00:00,2026-08-18T09:51:31.405120+00:00
21,317,Andersen,10,DEF,46,0,0,0.0,0.0,0.0,0,1,2,90,1,2026-08-18T09:50:47.121275+00:00,2026-08-18T09:51:31.405120+00:00
21,318,Bassey,10,DEF,44,1.096,2.0495,0.22,0.1716,0.2183,0.0072,1,0,0,0,2026-08-18T09:50:47.121275+00:00,2026-08-18T09:51:31.405120+00:00
21,319,Castagne,10,DEF,43,1.0884,2.0701,0.22,0.1716,0.2183,0.006,1,1,90,1,2026-08-18T09:50:47.121275+00:00,2026-08-18T09:51:31.405120+00:00
21,320,Diop,10,DEF,43,0.9916,1.8203,0.22,0.1716,0.2183,0.0016,1,2,90,1,2026-08-18T09:50:47.121275+00:00,2026-08-18T09:51:31.405120+00:00
21,321,J.Cuenca,10,DEF,43,1.0256,1.9844,0.22,0.1716,0.2183,0.0032,1,0,45,1,2026-08-18T09:50:47.121275+00:00,2026-08-18T09:51:31.405120+00:00
21,322,Tete,10,DEF,45,1.1052,2.1333,0.22,0.1716,0.2183,0.0076,1,0,0,0,2026-08-18T09:50:47.121275+00:00,2026-08-18T09:51:31.405120+00:00
21,323,Amissah,10,DEF,38,0.5012,1.1714,0.1,0.198,0.1088,0.0004,1,0,0,0,2026-08-18T09:50:47.121275+00:00,2026-08-18T09:51:31.405120+00:00
21,324,Iwobi,10,MID,63,2.3628,2.1671,0.68,0.0896,0.6396,0.0108,1,0,0,0,2026-08-18T09:50:47.121275+00:00,2026-08-18T09:51:31.405120+00:00
21,325,Smith Rowe,10,MID,56,1.9688,2.5393,0.48,0.1456,0.458,0.0188,1,5,82,1,2026-08-18T09:50:47.121275+00:00,2026-08-18T09:51:31.405120+00:00
21,327,Andreas,10,MID,53,0,0,0.0,0.0,0.0,0,1,0,0,0,2026-08-18T09:50:47.121275+00:00,2026-08-18T09:51:31.405120+00:00
21,328,Sessegnon,10,MID,54,2.0528,2.3541,0.48,0.1144,0.4556,0.0096,1,1,17,0,2026-08-18T09:50:47.121275+00:00,2026-08-18T09:51:31.405120+00:00
21,329,Wilson,10,MID,58,3.0352,2.8819,0.68,0.0896,0.6396,0.0352,1,9,90,1,2026-08-18T09:50:47.121275+00:00,2026-08-18T09:51:31.405120+00:00
21,330,Berge,10,MID,49,1.9504,1.7567,0.68,0.0576,0.637,0.0024,1,10,90,1,2026-08-18T09:50:47.121275+00:00,2026-08-18T09:51:31.405120+00:00
21,331,Cairney,10,MID,48,0.98,1.5468,0.28,0.1584,0.2731,0.0028,1,2,72,1,2026-08-18T09:50:47.121275+00:00,2026-08-18T09:51:31.405120+00:00
21,332,Lukić,10,MID,49,1.7808,2.2729,0.48,0.1144,0.4556,0.0088,1,1,17,0,2026-08-18T09:50:47.121275+00:00,2026-08-18T09:51:31.405120+00:00
21,333,Godo,10,MID,45,0,0,0.0,0.0,0.0,0,1,0,0,0,2026-08-18T09:50:47.121275+00:00,2026-08-18T09:51:31.405120+00:00
21,334,Harris,10,MID,45,0,0,0.0,0.0,0.0,0,1,0,0,0,2026-08-18T09:50:47.121275+00:00,2026-08-18T09:51:31.405120+00:00
21,335,King,10,MID,44,1.4264,1.7844,0.48,0.1144,0.4556,0.0032,1,0,0,0,2026-08-18T09:50:47.121275+00:00,2026-08-18T09:51:31.405120+00:00
21,336,Reed,10,MID,43,0.568,1.2482,0.1,0.198,0.1088,0.0008,1,1,7,0,2026-08-18T09:50:47.121275+00:00,2026-08-18T09:51:31.405120+00:00
21,337,Raúl,10,FWD,62,1.946,2.4764,0.48,0.1456,0.458,0.0192,1,5,90,1,2026-08-18T09:50:47.121275+00:00,2026-08-18T09:51:31.405120+00:00
21,338,Muniz,10,FWD,53,0.9908,1.527,0.28,0.1584,0.2731,0.0024,1,0,0,0,2026-08-18T09:50:47.121275+00:00,2026-08-18T09:51:31.405120+00:00
21,424,Bobb,10,MID,51,1.0284,1.5924,0.28,0.1584,0.2731,0.0028,1,0,0,0,2026-08-18T09:50:47.121275+00:00,2026-08-18T09:51:31.405120+00:00
21,664,Lecomte,10,GKP,39,0.1792,0.787,0.04,0.0384,0.0403,0.0,1,0,0,0,2026-08-18T09:50:47.121275+00:00,2026-08-18T09:51:31.405120+00:00
21,727,Chukwueze,10,MID,53,1.1888,1.9548,0.28,0.1584,0.2731,0.006,1,0,0,0,2026-08-18T09:50:47.121275+00:00,2026-08-18T09:51:31.405120+00:00
21,731,Kevin,10,MID,58,1.1724,1.8319,0.28,0.2016,0.2765,0.0044,1,1,45,1,2026-08-18T09:50:47.121275+00:00,2026-08-18T09:51:31.405120+00:00
21,737,Kusi-Asare,10,FWD,45,0,0,0.0,0.0,0.0,0,1,0,0,0,2026-08-18T09:50:47.121275+00:00,2026-08-18T09:51:31.405120+00:00
21,770,Ridgeon,10,MID,45,0.4932,1.0083,0.1,0.198,0.1088,0.0004,1,0,0,0,2026-08-18T09:50:47.121275+00:00,2026-08-18T09:51:31.405120+00:00
21,786,McNally,10,GKP,40,0.1976,0.8707,0.04,0.0384,0.0403,0.0,1,0,0,0,2026-08-18T09:50:47.121275+00:00,2026-08-18T09:51:31.405120+00:00
21,168,Buonanotte,11,MID,46,0.6412,1.1201,0.18,0.1804,0.1818,0.0008,1,0,0,0,2026-08-18T09:50:47.121275+00:00,2026-08-18T09:51:31.405120+00:00
21,339,Meslier,11,GKP,42,0.1616,0.7395,0.04,0.0384,0.0403,0.0,1,0,0,0,2026-08-18T09:50:47.121275+00:00,2026-08-18T09:51:31.405120+00:00
21,340,Cairns,11,GKP,39,0.1704,0.7736,0.04,0.0384,0.0403,0.0,1,0,0,0,2026-08-18T09:50:47.121275+00:00,2026-08-18T09:51:31.405120+00:00
21,341,Darlow,11,GKP,39,0.1584,0.7621,0.04,0.0384,0.0403,0.0,1,0,0,0,2026-08-18T09:50:47.121275+00:00,2026-08-18T09:51:31.405120+00:00
21,342,Bogle,11,DEF,44,0.7392,1.5713,0.22,0.1404,0.2158,0.0032,1,0,0,0,2026-08-18T09:50:47.121275+00:00,2026-08-18T09:51:31.405120+00:00
21,343,Struijk,11,DEF,43,1.0312,2.0763,0.22,0.1404,0.2158,0.0092,1,2,90,1,2026-08-18T09:50:47.121275+00:00,2026-08-18T09:51:31.405120+00:00
21,344,Bijol,11,DEF,39,0.968,1.8094,0.22,0.1716,0.2183,0.002,1,3,90,1,2026-08-18T09:50:47.121275+00:00,2026-08-18T09:51:31.405120+00:00
21,345,Bornauw,11,DEF,38,0.4916,1.1441,0.1,0.198,0.1088,0.0,1,1,1,0,2026-08-18T09:50:47.121275+00:00,2026-08-18T09:51:31.405120+00:00
21,346,Byram,11,DEF,38,0.4428,1.1164,0.1,0.198,0.1088,0.0012,1,0,0,0,2026-08-18T09:50:47.121275+00:00,2026-08-18T09:51:31.405120+00:00
21,347,Gudmundsson,11,DEF,38,0,0,0.0,0.0,0.0,0,1,0,90,1,2026-08-18T09:50:47.121275+00:00,2026-08-18T09:51:31.405120+00:00
21,348,Rodon,11,DEF,39,0.97,1.8938,0.22,0.1404,0.2158,0.004,1,1,90,1,2026-08-18T09:50:47.121275+00:00,2026-08-18T09:51:31.405120+00:00
21,349,Schmidt,11,DEF,40,0,0,0.0,0.0,0.0,0,1,0,0,0,2026-08-18T09:50:47.121275+00:00,2026-08-18T09:51:31.405120+00:00
21,350,Aaronson,11,MID,54,1.9232,2.3655,0.48,0.1144,0.4556,0.012,1,14,90,1,2026-08-18T09:50:47.121275+00:00,2026-08-18T09:51:31.405120+00:00
21,351,Gnonto,11,MID,52,1.0144,1.6808,0.28,0.1584,0.2731,0.0036,1,1,1,0,2026-08-18T09:50:47.121275+00:00,2026-08-18T09:51:31.405120+00:00
21,352,Harrison,11,MID,51,0,0,0.0,0.0,0.0,0,1,0,0,0,2026-08-18T09:50:47.121275+00:00,2026-08-18T09:51:31.405120+00:00
21,353,James,11,MID,52,0.9508,1.5191,0.28,0.1584,0.2731,0.0016,1,0,0,0,2026-08-18T09:50:47.121275+00:00,2026-08-18T09:51:31.405120+00:00
21,354,Ampadu,11,MID,49,2.556,2.3138,0.68,0.0704,0.638,0.0116,1,3,90,1,2026-08-18T09:50:47.121275+00:00,2026-08-18T09:51:31.405120+00:00
21,355,Greenwood,11,MID,49,0,0,0.0,0.0,0.0,0,1,0,0,0,2026-08-18T09:50:47.121275+00:00,2026-08-18T09:51:31.405120+00:00
21,356,Gruev,11,MID,47,0,0,0.0,0.0,0.0,0,1,7,90,1,2026-08-18T09:50:47.121275+00:00,2026-08-18T09:51:31.405120+00:00
21,357,Ramazani,11,MID,49,0,0,0.0,0.0,0.0,0,1,0,0,0,2026-08-18T09:50:47.121275+00:00,2026-08-18T09:51:31.405120+00:00
21,358,Tanaka,11,MID,48,1.1104,1.7809,0.28,0.1584,0.2731,0.0032,1,1,1,0,2026-08-18T09:50:47.121275+00:00,2026-08-18T09:51:31.405120+00:00
21,359,Crew,11,MID,45,0,0,0.0,0.0,0.0,0,1,0,0,0,2026-08-18T09:50:47.121275+00:00,2026-08-18T09:51:31.405120+00:00
21,360,Gelhardt,11,MID,45,0,0,0.0,0.0,0.0,0,1,0,0,0,2026-08-18T09:50:47.121275+00:00,2026-08-18T09:51:31.405120+00:00
21,361,Gyabi,11,MID,45,0,0,0.0,0.0,0.0,0,1,0,0,0,2026-08-18T09:50:47.121275+00:00,2026-08-18T09:51:31.405120+00:00
21,362,Piroe,11,FWD,49,0.6688,1.2233,0.18,0.1804,0.1818,0.0024,1,0,0,0,2026-08-18T09:50:47.121275+00:00,2026-08-18T09:51:31.405120+00:00
21,363,Bamford,11,FWD,49,0,0,0.0,0.0,0.0,0,1,0,0,0,2026-08-18T09:50:47.121275+00:00,2026-08-18T09:51:31.405120+00:00
21,364,Mateo Joseph,11,FWD,50,0,0,0.0,0.0,0.0,0,1,0,0,0,2026-08-18T09:50:47.121275+00:00,2026-08-18T09:51:31.405120+00:00
21,365,Nmecha,11,FWD,50,1.2836,2.058,0.28,0.1584,0.2731,0.0084,1,1,3,0,2026-08-18T09:50:47.121275+00:00,2026-08-18T09:51:31.405120+00:00
21,493,Longstaff,11,MID,48,1.8064,2.1163,0.48,0.1144,0.4556,0.0072,1,0,0,0,2026-08-18T09:50:47.121275+00:00,2026-08-18T09:51:31.405120+00:00
21,660,Stach,11,MID,49,0,0,0.0,0.0,0.0,0,1,2,79,1,2026-08-18T09:50:47.121275+00:00,2026-08-18T09:51:31.405120+00:00
21,665,Perri,11,GKP,45,2.5692,2.0421,0.88,0.0048,0.8188,0.0,1,1,90,1,2026-08-18T09:50:47.121275+00:00,2026-08-18T09:51:31.405120+00:00
21,691,Calvert-Lewin,11,FWD,59,2.2528,2.7677,0.48,0.1456,0.458,0.0216,1,8,86,1,2026-08-18T09:50:47.121275+00:00,2026-08-18T09:51:31.405120+00:00
21,698,Okafor,11,MID,55,0,0,0.0,0.0,0.0,0,1,1,10,0,2026-08-18T09:50:47.121275+00:00,2026-08-18T09:51:31.405120+00:00
21,706,Justin,11,DEF,39,0.968,1.8036,0.22,0.1716,0.2183,0.0016,1,0,90,1,2026-08-18T09:50:47.121275+00:00,2026-08-18T09:51:31.405120+00:00
21,741,Gray,11,FWD,45,0,0,0.0,0.0,0.0,0,1,0,0,0,2026-08-18T09:50:47.121275+00:00,2026-08-18T09:51:31.405120+00:00
21,787,Chambers,11,MID,45,0.4708,0.9469,0.1,0.198,0.1088,0.0,1,0,0,0,2026-08-18T09:50:47.121275+00:00,2026-08-18T09:51:31.405120+00:00
21,837,Lienou,11,DEF,40,0.4652,1.1533,0.1,0.198,0.1088,0.0008,1,,,,2026-08-18T09:50:47.121275+00:00,
21,838,Chadwick,11,MID,45,0.4412,0.9168,0.1,0.198,0.1088,0.0,1,,,,2026-08-18T09:50:47.121275+00:00,
21,839,Cresswell,11,MID,45,0.4652,0.9857,0.1,0.198,0.1088,0.0004,1,,,,2026-08-18T09:50:47.121275+00:00,
21,366,A.Becker,12,GKP,54,2.7532,2.0332,0.9,0.008,0.8376,0.0008,1,10,90,1,2026-08-18T09:50:47.121275+00:00,2026-08-18T09:51:31.405120+00:00
21,367,Mamardashvili,12,GKP,42,0.1712,0.7908,0.04,0.0384,0.0403,0.0,1,0,0,0,2026-08-18T09:50:47.121275+00:00,2026-08-18T09:51:31.405120+00:00
21,368,Pécsi,12,GKP,39,0.1704,0.7376,0.04,0.0384,0.0403,0.0,1,0,0,0,2026-08-18T09:50:47.121275+00:00,2026-08-18T09:51:31.405120+00:00
21,369,Woodman,12,GKP,39,0.1568,0.7242,0.04,0.0384,0.0403,0.0,1,0,0,0,2026-08-18T09:50:47.121275+00:00,2026-08-18T09:51:31.405120+00:00
21,370,Frimpong,12,DEF,57,0.98,1.7062,0.28,0.2016,0.2765,0.002,1,6,90,1,2026-08-18T09:50:47.121275+00:00,2026-08-18T09:51:31.405120+00:00
21,371,Kerkez,12,DEF,56,2.1464,2.3876,0.68,0.0896,0.6396,0.014,1,9,90,1,2026-08-18T09:50:47.121275+00:00,2026-08-18T09:51:31.405120+00:00
21,372,Robertson,12,DEF,58,1.1616,1.9073,0.28,0.2016,0.2765,0.0044,1,0,0,0,2026-08-18T09:50:47.121275+00:00,2026-08-18T09:51:31.405120+00:00
21,373,Virgil,12,DEF,59,2.6564,2.6553,0.68,0.0576,0.637,0.0144,1,6,90,1,2026-08-18T09:50:47.121275+00:00,2026-08-18T09:51:31.405120+00:00
21,374,Konaté,12,DEF,54,2.6172,2.695,0.68,0.0576,0.637,0.0172,1,7,90,1,2026-08-18T09:50:47.121275+00:00,2026-08-18T09:51:31.405120+00:00
21,375,Bradley,12,DEF,50,0,0,0.0,0.0,0.0,0,1,6,90,1,2026-08-18T09:50:47.121275+00:00,2026-08-18T09:51:31.405120+00:00
21,376,Gomez,12,DEF,49,0.9808,1.7781,0.28,0.1584,0.2731,0.004,1,1,1,0,2026-08-18T09:50:47.121275+00:00,2026-08-18T09:51:31.405120+00:00
21,377,Tsimikas,12,DEF,48,0,0,0.0,0.0,0.0,0,1,0,0,0,2026-08-18T09:50:47.121275+00:00,2026-08-18T09:51:31.405120+00:00
21,378,Nallo,12,DEF,37,0.468,1.0755,0.1,0.198,0.1088,0.0,1,0,0,0,2026-08-18T09:50:47.121275+00:00,2026-08-18T09:51:31.405120+00:00
21,379,R.Williams,12,DEF,38,0.456,1.1051,0.1,0.198,0.1088,0.0008,1,0,0,0,2026-08-18T09:50:47.121275+00:00,2026-08-18T09:51:31.405120+00:00
21,380,Ramsay,12,DEF,38,0.4156,1.0696,0.1,0.198,0.1088,0.0008,1,0,0,0,2026-08-18T09:50:47.121275+00:00,2026-08-18T09:51:31.405120+00:00
21,381,M.Salah,12,MID,140,2.6068,3.2401,0.48,0.1456,0.458,0.0424,1,0,0,0,2026-08-18T09:50:47.121275+00:00,2026-08-18T09:51:31.405120+00:00
21,382,Wirtz,12,MID,82,2.396,2.9079,0.48,0.1456,0.458,0.028,1,3,90,1,2026-08-18T09:50:47.121275+00:00,2026-08-18T09:51:31.405120+00:00
21,383,Luis Díaz,12,MID,80,0,0,0.0,0.0,0.0,0,1,0,0,0,2026-08-18T09:50:47.121275+00:00,2026-08-18T09:51:31.405120+00:00
21,384,Gakpo,12,MID,73,2.188,2.8405,0.48,0.1456,0.458,0.0296,1,3,90,1,2026-08-18T09:50:47.121275+00:00,2026-08-18T09:51:31.405120+00:00
21,385,Chiesa,12,MID,63,1.824,2.3372,0.45,0.154,0.4308,0.0132,1,0,0,0,2026-08-18T09:50:47.121275+00:00,2026-08-18T09:51:31.405120+00:00
21,386,Mac Allister,12,MID,62,2.1212,2.0444,0.68,0.0896,0.6396,0.0064,1,2,90,1,2026-08-18T09:50:47.121275+00:00,2026-08-18T09:51:31.405120+00:00
21,387,Szoboszlai,12,MID,66,2.6312,2.556,0.68,0.0576,0.637,0.0184,1,3,90,1,2026-08-18T09:50:47.121275+00:00,2026-08-18T09:51:31.405120+00:00
21,388,C.Jones,12,MID,54,1.7744,2.0866,0.48,0.1144,0.4556,0.0052,1,0,0,0,2026-08-18T09:50:47.121275+00:00,2026-08-18T09:51:31.405120+00:00
21,390,Gravenberch,12,MID,57,2.526,2.1563,0.68,0.0576,0.637,0.0084,1,3,90,1,2026-08-18T09:50:47.121275+00:00,2026-08-18T09:51:31.405120+00:00
21,392,Endo,12,MID,49,0.514,1.1963,0.09,0.2002,0.0997,0.0,1,0,0,0,2026-08-18T09:50:47.121275+00:00,2026-08-18T09:51:31.405120+00:00
21,393,Bajcetic,12,MID,43,0,0,0.0,0.0,0.0,0,1,0,0,0,2026-08-18T09:50:47.121275+00:00,2026-08-18T09:51:31.405120+00:00
21,394,McConnell,12,MID,44,0,0,0.0,0.0,0.0,0,1,0,0,0,2026-08-18T09:50:47.121275+00:00,2026-08-18T09:51:31.405120+00:00
21,395,Morton,12,MID,45,0,0,0.0,0.0,0.0,0,1,0,0,0,2026-08-18T09:50:47.121275+00:00,2026-08-18T09:51:31.405120+00:00
21,396,Nyoni,12,MID,43,0.4708,0.9838,0.1,0.198,0.1088,0.0008,1,0,0,0,2026-08-18T09:50:47.121275+00:00,2026-08-18T09:51:31.405120+00:00
21,397,Darwin,12,FWD,65,0,0,0.0,0.0,0.0,0,1,0,0,0,2026-08-18T09:50:47.121275+00:00,2026-08-18T09:51:31.405120+00:00
21,398,Danns,12,FWD,43,0,0,0.0,0.0,0.0,0,1,0,0,0,2026-08-18T09:50:47.121275+00:00,2026-08-18T09:51:31.405120+00:00
21,499,Isak,12,FWD,103,1.3432,2.1362,0.28,0.2016,0.2765,0.0124,1,0,0,0,2026-08-18T09:50:47.121275+00:00,2026-08-18T09:51:31.405120+00:00
21,661,Ekitiké,12,FWD,90,0,0,0.0,0.0,0.0,0,1,0,0,0,2026-08-18T09:50:47.121275+00:00,2026-08-18T09:51:31.405120+00:00
21,686,Ngumoha,12,MID,43,0.4496,0.9384,0.1,0.198,0.1088,0.0,1,0,0,0,2026-08-18T09:50:47.121275+00:00,2026-08-18T09:51:31.405120+00:00
21,692,Leoni,12,DEF,49,0,0,0.0,0.0,0.0,0,1,0,0,0,2026-08-18T09:50:47.121275+00:00,2026-08-18T09:51:31.405120+00:00
21,746,Morrison,12,MID,45,0.4584,0.9277,0.1,0.198,0.1088,0.0,1,0,0,0,2026-08-18T09:50:47.121275+00:00,2026-08-18T09:51:31.405120+00:00
21,760,Lucky,12,DEF,40,0.4948,1.115,0.1,0.198,0.1088,0.0004,1,0,0,0,2026-08-18T09:50:47.121275+00:00,2026-08-18T09:51:31.405120+00:00
21,830,Wright,12,FWD,45,0.434,0.8464,0.1,0.198,0.1088,0.0,1,,,,2026-08-18T09:50:47.121275+00:00,
21,832,Ndiaye,12,DEF,40,0.484,1.1637,0.1,0.198,0.1088,0.0004,1,,,,2026-08-18T09:50:47.121275+00:00,
21,82,Semenyo,13,MID,76,3.5556,3.6171,0.68,0.0576,0.637,0.0688,1,6,90,1,2026-08-18T09:50:47.121275+00:00,2026-08-18T09:51:31.405120+00:00
21,182,Trafford,13,GKP,45,0.1772,0.8181,0.04,0.0384,0.0403,0.0,1,0,0,0,2026-08-18T09:50:47.121275+00:00,2026-08-18T09:51:31.405120+00:00
21,260,Guéhi,13,DEF,53,3.2356,3.3029,0.68,0.0576,0.637,0.0444,1,6,90,1,2026-08-18T09:50:47.121275+00:00,2026-08-18T09:51:31.405120+00:00
21,399,Ederson M.,13,GKP,53,0,0,0.0,0.0,0.0,0,1,0,0,0,2026-08-18T09:50:47.121275+00:00,2026-08-18T09:51:31.405120+00:00
21,401,Bettinelli,13,GKP,39,0.2008,0.9069,0.04,0.0384,0.0403,0.0,1,0,0,0,2026-08-18T09:50:47.121275+00:00,2026-08-18T09:51:31.405120+00:00
21,402,Aït-Nouri,13,DEF,57,1.3484,2.2106,0.28,0.2016,0.2765,0.0068,1,0,0,0,2026-08-18T09:50:47.121275+00:00,2026-08-18T09:51:31.405120+00:00
21,403,Gvardiol,13,DEF,61,2.3752,3.0763,0.48,0.1456,0.458,0.0336,1,0,0,0,2026-08-18T09:50:47.121275+00:00,2026-08-18T09:51:31.405120+00:00
21,404,Akanji,13,DEF,54,0,0,0.0,0.0,0.0,0,1,0,0,0,2026-08-18T09:50:47.121275+00:00,2026-08-18T09:51:31.405120+00:00
21,405,Aké,13,DEF,53,1.1752,2.1075,0.28,0.1584,0.2731,0.0056,1,2,72,1,2026-08-18T09:50:47.121275+00:00,2026-08-18T09:51:31.405120+00:00
21,406,Khusanov,13,DEF,54,1.0984,2.0153,0.28,0.1584,0.2731,0.0056,1,2,90,1,2026-08-18T09:50:47.121275+00:00,2026-08-18T09:51:31.405120+00:00
21,407,Matheus N.,13,DEF,55,2.8908,2.7719,0.68,0.0576,0.637,0.0152,1,2,72,1,2026-08-18T09:50:47.121275+00:00,2026-08-18T09:51:31.405120+00:00
21,408,Rúben,13,DEF,57,2.5768,2.5693,0.68,0.0576,0.637,0.0092,1,0,0,0,2026-08-18T09:50:47.121275+00:00,2026-08-18T09:51:31.405120+00:00
21,409,Stones,13,DEF,54,1.0256,1.8293,0.28,0.1584,0.2731,0.0016,1,0,0,0,2026-08-18T09:50:47.121275+00:00,2026-08-18T09:51:31.405120+00:00
21,410,Lewis,13,DEF,47,0.768,1.6152,0.18,0.1804,0.1818,0.0024,1,1,17,0,2026-08-18T09:50:47.121275+00:00,2026-08-18T09:51:31.405120+00:00
21,411,O'Reilly,13,DEF,53,2.926,3.1476,0.68,0.0704,0.638,0.0384,1,1,17,0,2026-08-18T09:50:47.121275+00:00,2026-08-18T09:51:31.405120+00:00
21,412,Vitor Reis,13,DEF,50,0,0,0.0,0.0,0.0,0,1,0,0,0,2026-08-18T09:50:47.121275+00:00,2026-08-18T09:51:31.405120+00:00
21,413,Marmoush,13,MID,83,3.1296,3.0646,0.72,0.0784,0.6759,0.0424,1,0,0,0,2026-08-18T09:50:47.121275+00:00,2026-08-18T09:51:31.405120+00:00
21,414,Foden,13,MID,88,3.5188,3.4752,0.68,0.0896,0.6396,0.0636,1,2,72,1,2026-08-18T09:50:47.121275+00:00,2026-08-18T09:51:31.405120+00:00
21,415,Savinho,13,MID,69,1.3156,2.2589,0.28,0.2016,0.2765,0.016,1,0,0,0,2026-08-18T09:50:47.121275+00:00,2026-08-18T09:51:31.405120+00:00
21,416,Bernardo,13,MID,62,2.0144,1.913,0.68,0.0896,0.6396,0.0048,1,2,90,1,2026-08-18T09:50:47.121275+00:00,2026-08-18T09:51:31.405120+00:00
21,417,Cherki,13,MID,68,2.5988,3.0842,0.48,0.1456,0.458,0.0316,1,1,17,0,2026-08-18T09:50:47.121275+00:00,2026-08-18T09:51:31.405120+00:00
21,418,Doku,13,MID,64,2.4208,2.8221,0.48,0.1456,0.458,0.0288,1,8,90,1,2026-08-18T09:50:47.121275+00:00,2026-08-18T09:51:31.405120+00:00
21,420,Gündoğan,13,MID,63,0,0,0.0,0.0,0.0,0,1,0,0,0,2026-08-18T09:50:47.121275+00:00,2026-08-18T09:51:31.405120+00:00
21,421,Rodrigo,13,MID,63,1.4244,2.204,0.28,0.2016,0.2765,0.008,1,1,26,0,2026-08-18T09:50:47.121275+00:00,2026-08-18T09:51:31.405120+00:00
21,422,Kovačić,13,MID,59,1.6304,2.0387,0.45,0.154,0.4308,0.0072,1,0,0,0,2026-08-18T09:50:47.121275+00:00,2026-08-18T09:51:31.405120+00:00
21,423,N.Gonzalez,13,MID,59,1.8672,2.0957,0.48,0.1456,0.458,0.004,1,4,63,1,2026-08-18T09:50:47.121275+00:00,2026-08-18T09:51:31.405120+00:00
21,425,Echeverri,13,MID,54,0,0,0.0,0.0,0.0,0,1,0,0,0,2026-08-18T09:50:47.121275+00:00,2026-08-18T09:51:31.405120+00:00
21,427,Reijnders,13,MID,52,2.1196,2.6697,0.48,0.1144,0.4556,0.02,1,2,90,1,2026-08-18T09:50:47.121275+00:00,2026-08-18T09:51:31.405120+00:00
21,428,Nypan,13,MID,50,0.74,1.3456,0.18,0.1804,0.1818,0.0008,1,0,0,0,2026-08-18T09:50:47.121275+00:00,2026-08-18T09:51:31.405120+00:00
21,429,Phillips,13,MID,48,0,0,0.0,0.0,0.0,0,1,0,0,0,2026-08-18T09:50:47.121275+00:00,2026-08-18T09:51:31.405120+00:00
21,430,Haaland,13,FWD,151,4.7756,4.4356,0.68,0.0576,0.637,0.162,1,6,90,1,2026-08-18T09:50:47.121275+00:00,2026-08-18T09:51:31.405120+00:00
21,736,Donnarumma,13,GKP,57,2.7344,2.136,0.9,0.008,0.8376,0.0,1,1,90,1,2026-08-18T09:50:47.121275+00:00,2026-08-18T09:51:31.405120+00:00
21,739,Mukasa,13,MID,44,0,0,0.0,0.0,0.0,0,1,0,0,0,2026-08-18T09:50:47.121275+00:00,2026-08-18T09:51:31.405120+00:00
21,740,Mfuni,13,DEF,39,0,0,0.0,0.0,0.0,0,1,0,0,0,2026-08-18T09:50:47.121275+00:00,2026-08-18T09:51:31.405120+00:00
21,742,McAidoo,13,MID,45,0.502,1.0519,0.1,0.198,0.1088,0.0004,1,0,0,0,2026-08-18T09:50:47.121275+00:00,2026-08-18T09:51:31.405120+00:00
21,763,Gray,13,MID,45,0.4564,0.9739,0.1,0.198,0.1088,0.0004,1,0,0,0,2026-08-18T09:50:47.121275+00:00,2026-08-18T09:51:31.405120+00:00
21,764,Heskey,13,MID,45,0.4676,0.9409,0.1,0.198,0.1088,0.0,1,0,0,0,2026-08-18T09:50:47.121275+00:00,2026-08-18T09:51:31.405120+00:00
21,794,Alleyne,13,DEF,45,0.5364,1.2951,0.1,0.198,0.1088,0.0012,1,4,90,1,2026-08-18T09:50:47.121275+00:00,2026-08-18T09:51:31.405120+00:00
21,119,Mbeumo,14,MID,81,3.266,3.2513,0.68,0.0896,0.6396,0.0464,1,0,0,0,2026-08-18T09:50:47.121275+00:00,2026-08-18T09:51:31.405120+00:00
21,431,Bayindir,14,GKP,48,0.2964,0.9309,0.08,0.0736,0.0803,0.0,1,0,0,0,2026-08-18T09:50:47.121275+00:00,2026-08-18T09:51:31.405120+00:00
21,432,Onana,14,GKP,49,0,0,0.0,0.0,0.0,0,1,0,0,0,2026-08-18T09:50:47.121275+00:00,2026-08-18T09:51:31.405120+00:00
21,433,Harrison,14,GKP,40,0,0,0.0,0.0,0.0,0,1,0,0,0,2026-08-18T09:50:47.121275+00:00,2026-08-18T09:51:31.405120+00:00
21,434,Heaton,14,GKP,39,0.162,0.7337,0.04,0.0384,0.0403,0.0,1,0,0,0,2026-08-18T09:50:47.121275+00:00,2026-08-18T09:51:31.405120+00:00
21,435,Mee,14,GKP,39,0.1472,0.6877,0.04,0.0384,0.0403,0.0,1,0,0,0,2026-08-18T09:50:47.121275+00:00,2026-08-18T09:51:31.405120+00:00
21,436,De Ligt,14,DEF,49,0,0,0.0,0.0,0.0,0,1,0,0,0,2026-08-18T09:50:47.121275+00:00,2026-08-18T09:51:31.405120+00:00
21,437,Martinez,14,DEF,48,1.0252,1.8085,0.28,0.1584,0.2731,0.0028,1,1,90,1,2026-08-18T09:50:47.121275+00:00,2026-08-18T09:51:31.405120+00:00
21,438,Mazraoui,14,DEF,49,0.9696,1.7491,0.28,0.1584,0.2731,0.0016,1,0,0,0,2026-08-18T09:50:47.121275+00:00,2026-08-18T09:51:31.405120+00:00
21,439,D.Leon,14,DEF,42,0.476,1.1223,0.1,0.198,0.1088,0.0008,1,0,0,0,2026-08-18T09:50:47.121275+00:00,2026-08-18T09:51:31.405120+00:00
21,440,Dalot,14,DEF,45,1.0024,1.9386,0.22,0.1716,0.2183,0.0076,1,1,90,1,2026-08-18T09:50:47.121275+00:00,2026-08-18T09:51:31.405120+00:00
21,441,Dorgu,14,DEF,42,0.8928,1.8127,0.22,0.1716,0.2183,0.0052,1,5,90,1,2026-08-18T09:50:47.121275+00:00,2026-08-18T09:51:31.405120+00:00
21,442,Maguire,14,DEF,43,0.752,1.4692,0.22,0.1716,0.2183,0.0004,1,0,0,0,2026-08-18T09:50:47.121275+00:00,2026-08-18T09:51:31.405120+00:00
21,443,Shaw,14,DEF,45,0.6964,1.4575,0.22,0.1404,0.2158,0.0012,1,1,90,1,2026-08-18T09:50:47.121275+00:00,2026-08-18T09:51:31.405120+00:00
21,444,Yoro,14,DEF,42,0.88,1.687,0.22,0.1716,0.2183,0.0032,1,1,29,0,2026-08-18T09:50:47.121275+00:00,2026-08-18T09:51:31.405120+00:00
21,445,Amass,14,DEF,40,0,0,0.0,0.0,0.0,0,1,0,0,0,2026-08-18T09:50:47.121275+00:00,2026-08-18T09:51:31.405120+00:00
21,446,Fredricson,14,DEF,38,1.0736,1.8348,0.1,0.198,0.1088,0.002,1,0,0,0,2026-08-18T09:50:47.121275+00:00,2026-08-18T09:51:31.405120+00:00
21,447,Heaven,14,DEF,39,0.9532,1.82,0.22,0.1716,0.2183,0.0012,1,0,60,1,2026-08-18T09:50:47.121275+00:00,2026-08-18T09:51:31.405120+00:00
21,448,Malacia,14,DEF,38,1.0288,1.8229,0.1,0.198,0.1088,0.0008,1,0,0,0,2026-08-18T09:50:47.121275+00:00,2026-08-18T09:51:31.405120+00:00
21,449,B.Fernandes,14,MID,91,4.154,3.8383,0.68,0.0896,0.6396,0.1036,1,7,60,1,2026-08-18T09:50:47.121275+00:00,2026-08-18T09:51:31.405120+00:00
21,450,Cunha,14,MID,82,2.3184,2.8682,0.48,0.1456,0.458,0.0264,1,2,73,1,2026-08-18T09:50:47.121275+00:00,2026-08-18T09:51:31.405120+00:00
21,451,Rashford,14,MID,70,0,0,0.0,0.0,0.0,0,1,0,0,0,2026-08-18T09:50:47.121275+00:00,2026-08-18T09:51:31.405120+00:00
21,452,Amad,14,MID,63,2.2124,2.6856,0.48,0.1456,0.458,0.0212,1,0,0,0,2026-08-18T09:50:47.121275+00:00,2026-08-18T09:51:31.405120+00:00
21,454,Antony,14,MID,59,0,0,0.0,0.0,0.0,0,1,0,0,0,2026-08-18T09:50:47.121275+00:00,2026-08-18T09:51:31.405120+00:00
21,455,Mount,14,MID,59,1.8508,2.1064,0.48,0.1456,0.458,0.0072,1,1,29,0,2026-08-18T09:50:47.121275+00:00,2026-08-18T09:51:31.405120+00:00
21,457,Casemiro,14,MID,55,3.1704,2.8593,0.68,0.0896,0.6396,0.0288,1,4,73,1,2026-08-18T09:50:47.121275+00:00,2026-08-18T09:51:31.405120+00:00
21,458,Mainoo,14,MID,46,0.7392,1.3434,0.18,0.1804,0.1818,0.0012,1,1,16,0,2026-08-18T09:50:47.121275+00:00,2026-08-18T09:51:31.405120+00:00
21,459,Ugarte,14,MID,47,1.248,1.9056,0.28,0.1584,0.2731,0.0032,1,2,83,1,2026-08-18T09:50:47.121275+00:00,2026-08-18T09:51:31.405120+00:00
21,460,Collyer,14,MID,45,0,0,0.0,0.0,0.0,0,1,0,0,0,2026-08-18T09:50:47.121275+00:00,2026-08-18T09:51:31.405120+00:00
21,461,Fitzgerald,14,MID,44,0.424,0.8331,0.1,0.198,0.1088,0.0,1,0,0,0,2026-08-18T09:50:47.121275+00:00,2026-08-18T09:51:31.405120+00:00
21,462,J.Fletcher,14,MID,43,0.48,0.951,0.1,0.198,0.1088,0.0004,1,0,0,0,2026-08-18T09:50:47.121275+00:00,2026-08-18T09:51:31.405120+00:00
21,463,Kone,14,MID,43,0,0,0.0,0.0,0.0,0,1,0,0,0,2026-08-18T09:50:47.121275+00:00,2026-08-18T09:51:31.405120+00:00
21,464,Moorhouse,14,MID,45,0,0,0.0,0.0,0.0,0,1,0,0,0,2026-08-18T09:50:47.121275+00:00,2026-08-18T09:51:31.405120+00:00
21,465,Højlund,14,FWD,63,0,0,0.0,0.0,0.0,0,1,0,0,0,2026-08-18T09:50:47.121275+00:00,2026-08-18T09:51:31.405120+00:00
21,466,Zirkzee,14,FWD,58,1.3476,2.0332,0.28,0.2016,0.2765,0.0044,1,1,16,0,2026-08-18T09:50:47.121275+00:00,2026-08-18T09:51:31.405120+00:00
21,467,Obi,14,FWD,42,0.466,0.911,0.1,0.198,0.1088,0.0,1,0,0,0,2026-08-18T09:50:47.121275+00:00,2026-08-18T09:51:31.405120+00:00
21,468,Wheatley,14,FWD,45,0,0,0.0,0.0,0.0,0,1,0,0,0,2026-08-18T09:50:47.121275+00:00,2026-08-18T09:51:31.405120+00:00
21,681,Šeško,14,FWD,72,1.0992,1.8147,0.24,0.2128,0.2402,0.0056,1,13,90,1,2026-08-18T09:50:47.121275+00:00,2026-08-18T09:51:31.405120+00:00
21,733,Lammens,14,GKP,50,2.8916,2.0833,0.9,0.008,0.8376,0.0012,1,1,90,1,2026-08-18T09:50:47.121275+00:00,2026-08-18T09:51:31.405120+00:00
21,755,Lacey,14,MID,45,0.4612,0.9377,0.1,0.198,0.1088,0.0,1,1,6,0,2026-08-18T09:50:47.121275+00:00,2026-08-18T09:51:31.405120+00:00
21,769,Bendito Mantato,14,MID,45,0.4796,0.9693,0.1,0.198,0.1088,0.0004,1,0,0,0,2026-08-18T09:50:47.121275+00:00,2026-08-18T09:51:31.405120+00:00
21,771,Fletcher,14,MID,45,0.4464,0.9039,0.1,0.198,0.1088,0.0,1,0,0,0,2026-08-18T09:50:47.121275+00:00,2026-08-18T09:51:31.405120+00:00
21,788,Kukonki,14,DEF,40,0.4584,1.0914,0.1,0.198,0.1088,0.0004,1,0,0,0,2026-08-18T09:50:47.121275+00:00,2026-08-18T09:51:31.405120+00:00
21,827,Thwaites,14,MID,45,0.4332,0.8964,0.1,0.198,0.1088,0.0004,1,,,,2026-08-18T09:50:47.121275+00:00,
21,52,J.Ramsey,15,MID,53,1.1224,1.9039,0.28,0.1584,0.2731,0.0028,1,1,14,0,2026-08-18T09:50:47.121275+00:00,2026-08-18T09:51:31.405120+00:00
21,135,Wissa,15,FWD,73,2.5272,2.4396,0.72,0.0784,0.6759,0.0244,1,1,15,0,2026-08-18T09:50:47.121275+00:00,2026-08-18T09:51:31.405120+00:00
21,469,Pope,15,GKP,51,3.2896,2.2449,0.9,0.008,0.8376,0.0012,1,2,90,1,2026-08-18T09:50:47.121275+00:00,2026-08-18T09:51:31.405120+00:00
21,471,Gillespie,15,GKP,39,0.168,0.7828,0.04,0.0384,0.0403,0.0,1,0,0,0,2026-08-18T09:50:47.121275+00:00,2026-08-18T09:51:31.405120+00:00
21,472,Odysseas,15,GKP,40,0,0,0.0,0.0,0.0,0,1,0,0,0,2026-08-18T09:50:47.121275+00:00,2026-08-18T09:51:31.405120+00:00
21,473,Hall,15,DEF,53,2.0808,2.6458,0.48,0.1144,0.4556,0.0116,1,4,90,1,2026-08-18T09:50:47.121275+00:00,2026-08-18T09:51:31.405120+00:00
21,474,Schär,15,DEF,53,0,0,0.0,0.0,0.0,0,1,3,75,1,2026-08-18T09:50:47.121275+00:00,2026-08-18T09:51:31.405120+00:00
21,475,Botman,15,DEF,49,2.3228,2.788,0.48,0.1144,0.4556,0.0108,1,4,45,1,2026-08-18T09:50:47.121275+00:00,2026-08-18T09:51:31.405120+00:00
21,476,Burn,15,DEF,50,1.9452,2.5377,0.48,0.1144,0.4556,0.0096,1,0,0,0,2026-08-18T09:50:47.121275+00:00,2026-08-18T09:51:31.405120+00:00
21,477,Livramento,15,DEF,49,0,0,0.0,0.0,0.0,0,1,1,45,1,2026-08-18T09:50:47.121275+00:00,2026-08-18T09:51:31.405120+00:00
21,478,Trippier,15,DEF,49,1.7892,2.3549,0.48,0.1144,0.4556,0.0064,1,0,0,0,2026-08-18T09:50:47.121275+00:00,2026-08-18T09:51:31.405120+00:00
21,479,Krafth,15,DEF,43,0,0,0.0,0.0,0.0,0,1,0,0,0,2026-08-18T09:50:47.121275+00:00,2026-08-18T09:51:31.405120+00:00
21,480,Lascelles,15,DEF,43,0,0,0.0,0.0,0.0,0,1,0,0,0,2026-08-18T09:50:47.121275+00:00,2026-08-18T09:51:31.405120+00:00
21,481,A.Murphy,15,DEF,38,0.5156,1.2241,0.1,0.198,0.1088,0.0004,1,0,0,0,2026-08-18T09:50:47.121275+00:00,2026-08-18T09:51:31.405120+00:00
21,482,Ashby,15,DEF,39,0,0,0.0,0.0,0.0,0,1,0,0,0,2026-08-18T09:50:47.121275+00:00,2026-08-18T09:51:31.405120+00:00
21,483,Pivas,15,DEF,38,0.5308,1.2497,0.1,0.198,0.1088,0.0004,1,0,0,0,2026-08-18T09:50:47.121275+00:00,2026-08-18T09:51:31.405120+00:00
21,484,Targett,15,DEF,40,0,0,0.0,0.0,0.0,0,1,0,0,0,2026-08-18T09:50:47.121275+00:00,2026-08-18T09:51:31.405120+00:00
21,485,Gordon,15,MID,74,2.4736,3.154,0.48,0.1456,0.458,0.0376,1,1,80,1,2026-08-18T09:50:47.121275+00:00,2026-08-18T09:51:31.405120+00:00
21,486,Elanga,15,MID,65,1.1392,1.7878,0.28,0.2016,0.2765,0.0036,1,0,0,0,2026-08-18T09:50:47.121275+00:00,2026-08-18T09:51:31.405120+00:00
21,487,Barnes,15,MID,61,2.4948,3.0761,0.48,0.1456,0.458,0.0348,1,15,90,1,2026-08-18T09:50:47.121275+00:00,2026-08-18T09:51:31.405120+00:00
21,488,Bruno G.,15,MID,71,3.2424,3.0638,0.68,0.0576,0.637,0.0404,1,11,90,1,2026-08-18T09:50:47.121275+00:00,2026-08-18T09:51:31.405120+00:00
21,489,J.Murphy,15,MID,60,2.096,2.628,0.48,0.1456,0.458,0.0192,1,1,9,0,2026-08-18T09:50:47.121275+00:00,2026-08-18T09:51:31.405120+00:00
21,490,Joelinton,15,MID,59,0,0,0.0,0.0,0.0,0,1,8,90,1,2026-08-18T09:50:47.121275+00:00,2026-08-18T09:51:31.405120+00:00
21,491,Tonali,15,MID,53,1.3016,1.8608,0.34,0.1452,0.3278,0.004,1,1,45,1,2026-08-18T09:50:47.121275+00:00,2026-08-18T09:51:31.405120+00:00
21,492,Antoñito C.,15,MID,49,0,0,0.0,0.0,0.0,0,1,0,0,0,2026-08-18T09:50:47.121275+00:00,2026-08-18T09:51:31.405120+00:00
21,494,Willock,15,MID,50,0.8052,1.5402,0.18,0.1804,0.1818,0.002,1,0,0,0,2026-08-18T09:50:47.121275+00:00,2026-08-18T09:51:31.405120+00:00
21,495,Hayden,15,MID,45,0,0,0.0,0.0,0.0,0,1,0,0,0,2026-08-18T09:50:47.121275+00:00,2026-08-18T09:51:31.405120+00:00
21,496,Kuol,15,MID,44,0,0,0.0,0.0,0.0,0,1,0,0,0,2026-08-18T09:50:47.121275+00:00,2026-08-18T09:51:31.405120+00:00
21,497,L.Miley,15,MID,45,0,0,0.0,0.0,0.0,0,1,4,90,1,2026-08-18T09:50:47.121275+00:00,2026-08-18T09:51:31.405120+00:00
21,498,White,15,MID,45,0,0,0.0,0.0,0.0,0,1,0,0,0,2026-08-18T09:50:47.121275+00:00,2026-08-18T09:51:31.405120+00:00
21,500,Osula,15,FWD,54,0.7172,1.3774,0.18,0.1804,0.1818,0.0024,1,0,0,0,2026-08-18T09:50:47.121275+00:00,2026-08-18T09:51:31.405120+00:00
21,501,Neave,15,FWD,43,0.4668,0.9685,0.1,0.198,0.1088,0.0,1,0,0,0,2026-08-18T09:50:47.121275+00:00,2026-08-18T09:51:31.405120+00:00
21,674,Ramsdale,15,GKP,48,0.3688,1.1557,0.08,0.0736,0.0803,0.0,1,0,0,0,2026-08-18T09:50:47.121275+00:00,2026-08-18T09:51:31.405120+00:00
21,684,Thiaw,15,DEF,51,3.4664,3.3116,0.68,0.0704,0.638,0.0492,1,-1,45,1,2026-08-18T09:50:47.121275+00:00,2026-08-18T09:51:31.405120+00:00
21,689,Seung soo,15,MID,43,0.4756,1.0136,0.1,0.198,0.1088,0.0008,1,0,0,0,2026-08-18T09:50:47.121275+00:00,2026-08-18T09:51:31.405120+00:00
21,714,Woltemade,15,FWD,73,2.364,2.8255,0.48,0.1456,0.458,0.0304,1,5,74,1,2026-08-18T09:50:47.121275+00:00,2026-08-18T09:51:31.405120+00:00
21,753,Ruddy,15,GKP,40,0.1724,0.763,0.04,0.0384,0.0403,0.0,1,0,0,0,2026-08-18T09:50:47.121275+00:00,2026-08-18T09:51:31.405120+00:00
21,765,Shahar,15,DEF,40,0.5496,1.3198,0.1,0.198,0.1088,0.0016,1,0,0,0,2026-08-18T09:50:47.121275+00:00,2026-08-18T09:51:31.405120+00:00
21,772,Alabi,15,MID,45,0.4716,1.0028,0.1,0.198,0.1088,0.0,1,0,0,0,2026-08-18T09:50:47.121275+00:00,2026-08-18T09:51:31.405120+00:00
21,12,Zinchenko,16,DEF,49,0,0,0.0,0.0,0.0,0,1,0,0,0,2026-08-18T09:50:47.121275+00:00,2026-08-18T09:51:31.405120+00:00
21,400,Ortega Moreno,16,GKP,47,0.3016,1.0023,0.08,0.0736,0.0803,0.0,1,0,0,0,2026-08-18T09:50:47.121275+00:00,2026-08-18T09:51:31.405120+00:00
21,426,McAtee,16,MID,50,0.6912,1.2187,0.18,0.1804,0.1818,0.0008,1,0,0,0,2026-08-18T09:50:47.121275+00:00,2026-08-18T09:51:31.405120+00:00
21,502,Sels,16,GKP,46,2.7508,2.0568,0.9,0.008,0.8376,0.0004,1,3,90,1,2026-08-18T09:50:47.121275+00:00,2026-08-18T09:51:31.405120+00:00
21,503,C.Miguel,16,GKP,40,0,0,0.0,0.0,0.0,0,1,0,0,0,2026-08-18T09:50:47.121275+00:00,2026-08-18T09:51:31.405120+00:00
21,504,Turner,16,GKP,40,0,0,0.0,0.0,0.0,0,1,0,0,0,2026-08-18T09:50:47.121275+00:00,2026-08-18T09:51:31.405120+00:00
21,505,Milenković,16,DEF,51,2.1584,2.3652,0.68,0.0576,0.637,0.0068,1,2,90,1,2026-08-18T09:50:47.121275+00:00,2026-08-18T09:51:31.405120+00:00
21,506,Murillo,16,DEF,52,0,0,0.0,0.0,0.0,0,1,2,90,1,2026-08-18T09:50:47.121275+00:00,2026-08-18T09:51:31.405120+00:00
21,507,Aina,16,DEF,47,0.6868,1.4552,0.14,0.1892,0.1453,0.0012,1,2,90,1,2026-08-18T09:50:47.121275+00:00,2026-08-18T09:51:31.405120+00:00
21,508,N.Williams,16,DEF,47,2.4068,2.6359,0.68,0.0576,0.637,0.0156,1,4,90,1,2026-08-18T09:50:47.121275+00:00,2026-08-18T09:51:31.405120+00:00
21,509,David Carmo,16,DEF,45,0,0,0.0,0.0,0.0,0,1,0,0,0,2026-08-18T09:50:47.121275+00:00,2026-08-18T09:51:31.405120+00:00
21,510,Jair Cunha,16,DEF,43,0.552,1.2862,0.1,0.198,0.1088,0.0012,1,0,0,0,2026-08-18T09:50:47.121275+00:00,2026-08-18T09:51:31.405120+00:00
21,511,Morato,16,DEF,43,0.7856,1.5236,0.22,0.1716,0.2183,0.0004,1,1,1,0,2026-08-18T09:50:47.121275+00:00,2026-08-18T09:51:31.405120+00:00
21,512,O.Richards,16,DEF,45,0,0,0.0,0.0,0.0,0,1,0,0,0,2026-08-18T09:50:47.121275+00:00,2026-08-18T09:51:31.405120+00:00
21,513,Abbott,16,DEF,38,0.654,1.4905,0.1,0.198,0.1088,0.0008,1,0,0,0,2026-08-18T09:50:47.121275+00:00,2026-08-18T09:51:31.405120+00:00
21,514,Boly,16,DEF,38,0,0,0.0,0.0,0.0,0,1,0,0,0,2026-08-18T09:50:47.121275+00:00,2026-08-18T09:51:31.405120+00:00
21,515,Gibbs-White,16,MID,73,2.726,2.728,0.68,0.0576,0.637,0.0224,1,9,90,1,2026-08-18T09:50:47.121275+00:00,2026-08-18T09:51:31.405120+00:00
21,516,Hudson-Odoi,16,MID,57,0,0,0.0,0.0,0.0,0,1,2,90,1,2026-08-18T09:50:47.121275+00:00,2026-08-18T09:51:31.405120+00:00
21,517,Anderson,16,MID,53,2.8536,2.5207,0.68,0.0576,0.637,0.0144,1,7,90,1,2026-08-18T09:50:47.121275+00:00,2026-08-18T09:51:31.405120+00:00
21,518,Jota,16,MID,54,0,0,0.0,0.0,0.0,0,1,0,0,0,2026-08-18T09:50:47.121275+00:00,2026-08-18T09:51:31.405120+00:00
21,519,Dominguez,16,MID,50,0.9172,1.4683,0.28,0.1584,0.2731,0.0016,1,10,90,1,2026-08-18T09:50:47.121275+00:00,2026-08-18T09:51:31.405120+00:00
21,520,O'Brien,16,MID,50,0,0,0.0,0.0,0.0,0,1,0,0,0,2026-08-18T09:50:47.121275+00:00,2026-08-18T09:51:31.405120+00:00
21,521,Sangaré,16,MID,49,1.8088,2.0814,0.48,0.1144,0.4556,0.0044,1,0,0,0,2026-08-18T09:50:47.121275+00:00,2026-08-18T09:51:31.405120+00:00
21,522,Yates,16,MID,47,0.684,1.2718,0.18,0.1804,0.1818,0.0008,1,0,0,0,2026-08-18T09:50:47.121275+00:00,2026-08-18T09:51:31.405120+00:00
21,523,Da Silva Moreira,16,MID,45,0.49,0.9728,0.1,0.198,0.1088,0.0,1,0,0,0,2026-08-18T09:50:47.121275+00:00,2026-08-18T09:51:31.405120+00:00
21,524,Stamenic,16,MID,45,0,0,0.0,0.0,0.0,0,1,0,0,0,2026-08-18T09:50:47.121275+00:00,2026-08-18T09:51:31.405120+00:00
21,525,Wood,16,FWD,72,1.3436,2.0414,0.28,0.2016,0.2765,0.008,1,0,0,0,2026-08-18T09:50:47.121275+00:00,2026-08-18T09:51:31.405120+00:00
21,526,Igor Jesus,16,FWD,58,1.7128,2.0361,0.48,0.1456,0.458,0.0088,1,2,90,1,2026-08-18T09:50:47.121275+00:00,2026-08-18T09:51:31.405120+00:00
21,527,Awoniyi,16,FWD,52,0.6576,1.1717,0.18,0.1804,0.1818,0.0004,1,0,0,0,2026-08-18T09:50:47.121275+00:00,2026-08-18T09:51:31.405120+00:00
21,669,Ndoye,16,MID,55,1.7004,1.9486,0.48,0.1456,0.458,0.0044,1,0,0,0,2026-08-18T09:50:47.121275+00:00,2026-08-18T09:51:31.405120+00:00
21,675,Gunn,16,GKP,40,0.1592,0.7275,0.04,0.0384,0.0403,0.0,1,0,0,0,2026-08-18T09:50:47.121275+00:00,2026-08-18T09:51:31.405120+00:00
21,693,Hutchinson,16,MID,54,1.8888,2.2357,0.48,0.1144,0.4556,0.0092,1,1,45,1,2026-08-18T09:50:47.121275+00:00,2026-08-18T09:51:31.405120+00:00
21,696,Kalimuendo,16,FWD,60,0,0,0.0,0.0,0.0,0,1,0,0,0,2026-08-18T09:50:47.121275+00:00,2026-08-18T09:51:31.405120+00:00
21,715,John,16,GKP,40,0.1528,0.6853,0.04,0.0384,0.0403,0.0,1,0,0,0,2026-08-18T09:50:47.121275+00:00,2026-08-18T09:51:31.405120+00:00
21,716,Savona,16,DEF,45,0,0,0.0,0.0,0.0,0,1,0,0,0,2026-08-18T09:50:47.121275+00:00,2026-08-18T09:51:31.405120+00:00
21,729,Cuiabano,16,DEF,45,0,0,0.0,0.0,0.0,0,1,0,0,0,2026-08-18T09:50:47.121275+00:00,2026-08-18T09:51:31.405120+00:00
21,734,Bakwa,16,MID,59,1.1116,1.7124,0.28,0.2016,0.2765,0.004,1,1,46,1,2026-08-18T09:50:47.121275+00:00,2026-08-18T09:51:31.405120+00:00
21,805,Lucca,16,FWD,53,0.6416,1.2156,0.18,0.1804,0.1818,0.0012,1,,,,2026-08-18T09:50:47.121275+00:00,
21,814,Netz,16,DEF,45,0.5268,1.2417,0.1,0.198,0.1088,0.0012,1,,,,2026-08-18T09:50:47.121275+00:00,
21,835,Whitehall,16,MID,45,0.4512,0.941,0.1,0.198,0.1088,0.0004,1,,,,2026-08-18T09:50:47.121275+00:00,
21,836,Sinclair,16,MID,45,0.466,0.9258,0.1,0.198,0.1088,0.0,1,,,,2026-08-18T09:50:47.121275+00:00,
21,841,Sillah,16,FWD,45,0.4652,0.9149,0.1,0.198,0.1088,0.0004,1,,,,2026-08-18T09:50:47.121275+00:00,
21,528,Patterson,17,GKP,42,0,0,0.0,0.0,0.0,0,1,0,0,0,2026-08-18T09:50:47.121275+00:00,2026-08-18T09:51:31.405120+00:00
21,529,Moore,17,GKP,39,0.1464,0.6977,0.04,0.0384,0.0403,0.0,1,0,0,0,2026-08-18T09:50:47.121275+00:00,2026-08-18T09:51:31.405120+00:00
21,530,Nna Noukeu,17,GKP,39,0,0,0.0,0.0,0.0,0,1,0,0,0,2026-08-18T09:50:47.121275+00:00,2026-08-18T09:51:31.405120+00:00
21,531,Ballard,17,DEF,46,2.2764,2.8781,0.48,0.1144,0.4556,0.02,1,1,78,1,2026-08-18T09:50:47.121275+00:00,2026-08-18T09:51:31.405120+00:00
21,532,Hume,17,DEF,45,0.7968,1.6163,0.22,0.1404,0.2158,0.0016,1,0,90,1,2026-08-18T09:50:47.121275+00:00,2026-08-18T09:51:31.405120+00:00
21,533,Alese,17,DEF,40,0,0,0.0,0.0,0.0,0,1,0,0,0,2026-08-18T09:50:47.121275+00:00,2026-08-18T09:51:31.405120+00:00
21,534,Anderson,17,DEF,38,0,0,0.0,0.0,0.0,0,1,0,0,0,2026-08-18T09:50:47.121275+00:00,2026-08-18T09:51:31.405120+00:00
21,535,Cirkin,17,DEF,40,0.8456,1.6499,0.22,0.1716,0.2183,0.0016,1,1,11,0,2026-08-18T09:50:47.121275+00:00,2026-08-18T09:51:31.405120+00:00
21,536,Hjelde,17,DEF,40,0,0,0.0,0.0,0.0,0,1,0,0,0,2026-08-18T09:50:47.121275+00:00,2026-08-18T09:51:31.405120+00:00
21,537,Huggins,17,DEF,40,0,0,0.0,0.0,0.0,0,1,0,0,0,2026-08-18T09:50:47.121275+00:00,2026-08-18T09:51:31.405120+00:00
21,538,Johnson,17,DEF,38,0,0,0.0,0.0,0.0,0,1,0,0,0,2026-08-18T09:50:47.121275+00:00,2026-08-18T09:51:31.405120+00:00
21,539,O'Nien,17,DEF,40,0.8824,1.7193,0.1,0.198,0.1088,0.0012,1,1,7,0,2026-08-18T09:50:47.121275+00:00,2026-08-18T09:51:31.405120+00:00
21,540,Pembele,17,DEF,39,0,0,0.0,0.0,0.0,0,1,0,0,0,2026-08-18T09:50:47.121275+00:00,2026-08-18T09:51:31.405120+00:00
21,541,Reinildo,17,DEF,38,0.7848,1.5591,0.22,0.1716,0.2183,0.0008,1,0,0,0,2026-08-18T09:50:47.121275+00:00,2026-08-18T09:51:31.405120+00:00
21,542,Seelt,17,DEF,40,0,0,0.0,0.0,0.0,0,1,0,0,0,2026-08-18T09:50:47.121275+00:00,2026-08-18T09:51:31.405120+00:00
21,543,Adingra,17,MID,49,0,0,0.0,0.0,0.0,0,1,1,51,1,2026-08-18T09:50:47.121275+00:00,2026-08-18T09:51:31.405120+00:00
21,544,Diarra,17,MID,53,1.1224,1.9108,0.28,0.1584,0.2731,0.0052,1,0,0,0,2026-08-18T09:50:47.121275+00:00,2026-08-18T09:51:31.405120+00:00
21,545,Roberts,17,MID,54,0,0,0.0,0.0,0.0,0,1,0,0,0,2026-08-18T09:50:47.121275+00:00,2026-08-18T09:51:31.405120+00:00
21,546,Aleksić,17,MID,49,0.6952,1.2575,0.18,0.1804,0.1818,0.0012,1,0,0,0,2026-08-18T09:50:47.121275+00:00,2026-08-18T09:51:31.405120+00:00
21,547,E.Le Fée,17,MID,49,2.4124,2.4309,0.68,0.0704,0.638,0.0168,1,0,90,1,2026-08-18T09:50:47.121275+00:00,2026-08-18T09:51:31.405120+00:00
21,548,Mundle,17,MID,49,0,0,0.0,0.0,0.0,0,1,1,38,0,2026-08-18T09:50:47.121275+00:00,2026-08-18T09:51:31.405120+00:00
21,549,Neil,17,MID,48,0,0,0.0,0.0,0.0,0,1,1,11,0,2026-08-18T09:50:47.121275+00:00,2026-08-18T09:51:31.405120+00:00
21,550,Poveda,17,MID,48,0.6484,1.1526,0.18,0.1804,0.1818,0.0,1,0,0,0,2026-08-18T09:50:47.121275+00:00,2026-08-18T09:51:31.405120+00:00
21,551,Rigg,17,MID,47,0.8536,1.3224,0.28,0.1584,0.2731,0.0,1,1,51,1,2026-08-18T09:50:47.121275+00:00,2026-08-18T09:51:31.405120+00:00
21,552,Sadiki,17,MID,49,1.6952,1.4389,0.68,0.0704,0.638,0.0004,1,0,0,0,2026-08-18T09:50:47.121275+00:00,2026-08-18T09:51:31.405120+00:00
21,553,Talbi,17,MID,49,0,0,0.0,0.0,0.0,0,1,0,0,0,2026-08-18T09:50:47.121275+00:00,2026-08-18T09:51:31.405120+00:00
21,554,Ba,17,MID,43,0.4276,0.8932,0.1,0.198,0.1088,0.0,1,0,0,0,2026-08-18T09:50:47.121275+00:00,2026-08-18T09:51:31.405120+00:00
21,555,Browne,17,MID,45,0,0,0.0,0.0,0.0,0,1,0,0,0,2026-08-18T09:50:47.121275+00:00,2026-08-18T09:51:31.405120+00:00
21,556,Ekwah,17,MID,45,0,0,0.0,0.0,0.0,0,1,0,0,0,2026-08-18T09:50:47.121275+00:00,2026-08-18T09:51:31.405120+00:00
21,557,H.Jones,17,MID,43,0.4556,0.9994,0.1,0.198,0.1088,0.0008,1,0,0,0,2026-08-18T09:50:47.121275+00:00,2026-08-18T09:51:31.405120+00:00
21,558,Matete,17,MID,43,0,0,0.0,0.0,0.0,0,1,0,0,0,2026-08-18T09:50:47.121275+00:00,2026-08-18T09:51:31.405120+00:00
21,559,Triantis,17,MID,44,0,0,0.0,0.0,0.0,0,1,0,0,0,2026-08-18T09:50:47.121275+00:00,2026-08-18T09:51:31.405120+00:00
21,560,Isidor,17,FWD,53,1.7812,2.1388,0.48,0.1144,0.4556,0.0084,1,0,0,0,2026-08-18T09:50:47.121275+00:00,2026-08-18T09:51:31.405120+00:00
21,561,Mayenda,17,FWD,52,1.004,1.55,0.28,0.1584,0.2731,0.0024,1,1,38,0,2026-08-18T09:50:47.121275+00:00,2026-08-18T09:51:31.405120+00:00
21,562,Abdullahi,17,FWD,43,0.4416,0.892,0.1,0.198,0.1088,0.0,1,0,0,0,2026-08-18T09:50:47.121275+00:00,2026-08-18T09:51:31.405120+00:00
21,563,Luís Hemir,17,FWD,44,0,0,0.0,0.0,0.0,0,1,0,0,0,2026-08-18T09:50:47.121275+00:00,2026-08-18T09:51:31.405120+00:00
21,564,Rusyn,17,FWD,44,0,0,0.0,0.0,0.0,0,1,0,0,0,2026-08-18T09:50:47.121275+00:00,2026-08-18T09:51:31.405120+00:00
21,668,Xhaka,17,MID,52,2.33,2.0557,0.68,0.0576,0.637,0.0044,1,2,90,1,2026-08-18T09:50:47.121275+00:00,2026-08-18T09:51:31.405120+00:00
21,670,Roefs,17,GKP,49,3.2216,2.2151,0.9,0.008,0.8376,0.0044,1,2,90,1,2026-08-18T09:50:47.121275+00:00,2026-08-18T09:51:31.405120+00:00
21,678,Masuaku,17,DEF,39,0,0,0.0,0.0,0.0,0,1,0,0,0,2026-08-18T09:50:47.121275+00:00,2026-08-18T09:51:31.405120+00:00
21,683,Alderete,17,DEF,41,0.7128,1.6652,0.11,0.1958,0.118,0.0036,1,1,82,1,2026-08-18T09:50:47.121275+00:00,2026-08-18T09:51:31.405120+00:00
21,694,Mukiele,17,DEF,43,1.0492,2.0438,0.22,0.1404,0.2158,0.0064,1,3,90,1,2026-08-18T09:50:47.121275+00:00,2026-08-18T09:51:31.405120+00:00
21,724,Geertruida,17,DEF,45,0.8132,1.5751,0.22,0.1716,0.2183,0.002,1,1,78,1,2026-08-18T09:50:47.121275+00:00,2026-08-18T09:51:31.405120+00:00
21,730,Brobbey,17,FWD,55,1.044,1.5367,0.28,0.2016,0.2765,0.0008,1,2,90,1,2026-08-18T09:50:47.121275+00:00,2026-08-18T09:51:31.405120+00:00
21,735,Traoré,17,MID,55,1.4784,1.7581,0.48,0.1456,0.458,0.0044,1,0,0,0,2026-08-18T09:50:47.121275+00:00,2026-08-18T09:51:31.405120+00:00
21,774,Jenson Jones,17,DEF,40,0.4428,1.077,0.1,0.198,0.1088,0.0004,1,0,0,0,2026-08-18T09:50:47.121275+00:00,2026-08-18T09:51:31.405120+00:00
21,775,Tutierov,17,MID,45,0,0,0.0,0.0,0.0,0,1,0,0,0,2026-08-18T09:50:47.121275+00:00,2026-08-18T09:51:31.405120+00:00
21,800,Jocelin.T,17,MID,49,0.6844,1.2122,0.18,0.1804,0.1818,0.0008,1,,,,2026-08-18T09:50:47.121275+00:00,
21,812,Ellborg,17,GKP,40,0.1628,0.7401,0.04,0.0384,0.0403,0.0,1,,,,2026-08-18T09:50:47.121275+00:00,
21,813,Angulo,17,MID,50,0.7008,1.2718,0.18,0.1804,0.1818,0.0008,1,,,,2026-08-18T09:50:47.121275+00:00,
21,821,Whittaker,17,MID,45,0.4532,0.9113,0.1,0.198,0.1088,0.0,1,,,,2026-08-18T09:50:47.121275+00:00,
21,822,Jones,17,MID,45,0.476,0.9517,0.1,0.198,0.1088,0.0,1,,,,2026-08-18T09:50:47.121275+00:00,
21,565,Vicario,18,GKP,48,2.956,2.1143,0.9,0.008,0.8376,0.0012,1,1,90,1,2026-08-18T09:50:47.121275+00:00,2026-08-18T09:51:31.405120+00:00
21,566,Austin,18,GKP,39,0.154,0.715,0.04,0.0384,0.0403,0.0,1,0,0,0,2026-08-18T09:50:47.121275+00:00,2026-08-18T09:51:31.405120+00:00
21,567,Kinsky,18,GKP,39,0.1892,0.8164,0.04,0.0384,0.0403,0.0,1,0,0,0,2026-08-18T09:50:47.121275+00:00,2026-08-18T09:51:31.405120+00:00
21,568,Pedro Porro,18,DEF,52,2.1816,2.4212,0.68,0.0576,0.637,0.0076,1,0,90,1,2026-08-18T09:50:47.121275+00:00,2026-08-18T09:51:31.405120+00:00
21,569,Romero,18,DEF,50,0,0,0.0,0.0,0.0,0,1,3,90,1,2026-08-18T09:50:47.121275+00:00,2026-08-18T09:51:31.405120+00:00
21,570,Danso,18,DEF,42,0.996,1.8663,0.22,0.1716,0.2183,0.0032,1,0,0,0,2026-08-18T09:50:47.121275+00:00,2026-08-18T09:51:31.405120+00:00
21,571,Davies,18,DEF,43,0,0,0.0,0.0,0.0,0,1,0,0,0,2026-08-18T09:50:47.121275+00:00,2026-08-18T09:51:31.405120+00:00
21,572,Dragusin,18,DEF,45,0.6208,1.4492,0.1,0.198,0.1088,0.0008,1,0,0,0,2026-08-18T09:50:47.121275+00:00,2026-08-18T09:51:31.405120+00:00
21,573,Spence,18,DEF,43,0.768,1.5411,0.22,0.1716,0.2183,0.0028,1,1,90,1,2026-08-18T09:50:47.121275+00:00,2026-08-18T09:51:31.405120+00:00
21,574,Udogie,18,DEF,43,0.7412,1.4626,0.22,0.1716,0.2183,0.0004,1,0,0,0,2026-08-18T09:50:47.121275+00:00,2026-08-18T09:51:31.405120+00:00
21,575,Van de Ven,18,DEF,45,0.916,1.91,0.22,0.1404,0.2158,0.006,1,0,90,1,2026-08-18T09:50:47.121275+00:00,2026-08-18T09:51:31.405120+00:00
21,576,Phillips,18,DEF,40,0,0,0.0,0.0,0.0,0,1,0,0,0,2026-08-18T09:50:47.121275+00:00,2026-08-18T09:51:31.405120+00:00
21,577,Takai,18,DEF,40,0,0,0.0,0.0,0.0,0,1,0,0,0,2026-08-18T09:50:47.121275+00:00,2026-08-18T09:51:31.405120+00:00
21,578,Vuskovic,18,DEF,39,0,0,0.0,0.0,0.0,0,1,0,0,0,2026-08-18T09:50:47.121275+00:00,2026-08-18T09:51:31.405120+00:00
21,579,Son,18,MID,85,0,0,0.0,0.0,0.0,0,1,0,0,0,2026-08-18T09:50:47.121275+00:00,2026-08-18T09:51:31.405120+00:00
21,581,Maddison,18,MID,68,3.2376,3.2718,0.68,0.0576,0.637,0.054,1,0,0,0,2026-08-18T09:50:47.121275+00:00,2026-08-18T09:51:31.405120+00:00
21,582,Kudus,18,MID,64,0,0,0.0,0.0,0.0,0,1,0,0,0,2026-08-18T09:50:47.121275+00:00,2026-08-18T09:51:31.405120+00:00
21,583,Kulusevski,18,MID,64,0,0,0.0,0.0,0.0,0,1,0,0,0,2026-08-18T09:50:47.121275+00:00,2026-08-18T09:51:31.405120+00:00
21,584,Tel,18,MID,62,1.094,1.694,0.28,0.2016,0.2765,0.0036,1,10,90,1,2026-08-18T09:50:47.121275+00:00,2026-08-18T09:51:31.405120+00:00
21,585,Bentancur,18,MID,53,2.5288,2.1143,0.68,0.0704,0.638,0.0052,1,2,85,1,2026-08-18T09:50:47.121275+00:00,2026-08-18T09:51:31.405120+00:00
21,586,Bergvall,18,MID,53,1.4448,1.75,0.48,0.1144,0.4556,0.0036,1,1,56,1,2026-08-18T09:50:47.121275+00:00,2026-08-18T09:51:31.405120+00:00
21,587,Bissouma,18,MID,52,1.7284,1.5896,0.68,0.0704,0.638,0.0016,1,0,0,0,2026-08-18T09:50:47.121275+00:00,2026-08-18T09:51:31.405120+00:00
21,588,Odobert,18,MID,53,0,0,0.0,0.0,0.0,0,1,1,33,0,2026-08-18T09:50:47.121275+00:00,2026-08-18T09:51:31.405120+00:00
21,589,Solomon,18,MID,54,0,0,0.0,0.0,0.0,0,1,0,0,0,2026-08-18T09:50:47.121275+00:00,2026-08-18T09:51:31.405120+00:00
21,590,Bryan,18,MID,49,0,0,0.0,0.0,0.0,0,1,0,0,0,2026-08-18T09:50:47.121275+00:00,2026-08-18T09:51:31.405120+00:00
21,591,Gray,18,MID,48,1.4856,1.8159,0.48,0.1144,0.4556,0.0028,1,1,4,0,2026-08-18T09:50:47.121275+00:00,2026-08-18T09:51:31.405120+00:00
21,592,Moore,18,MID,50,0,0,0.0,0.0,0.0,0,1,0,0,0,2026-08-18T09:50:47.121275+00:00,2026-08-18T09:51:31.405120+00:00
21,593,P.M.Sarr,18,MID,45,1.138,1.8081,0.28,0.1584,0.2731,0.0052,1,0,0,0,2026-08-18T09:50:47.121275+00:00,2026-08-18T09:51:31.405120+00:00
21,594,Min-hyeok,18,MID,45,0,0,0.0,0.0,0.0,0,1,0,0,0,2026-08-18T09:50:47.121275+00:00,2026-08-18T09:51:31.405120+00:00
21,595,Olusesi,18,MID,43,0.4872,0.9397,0.1,0.198,0.1088,0.0,1,0,0,0,2026-08-18T09:50:47.121275+00:00,2026-08-18T09:51:31.405120+00:00
21,596,Solanke,18,FWD,72,2.3492,2.216,0.72,0.0784,0.6759,0.0136,1,0,0,0,2026-08-18T09:50:47.121275+00:00,2026-08-18T09:51:31.405120+00:00
21,597,Richarlison,18,FWD,64,1.9484,2.3053,0.48,0.1456,0.458,0.0108,1,1,23,0,2026-08-18T09:50:47.121275+00:00,2026-08-18T09:51:31.405120+00:00
21,598,Lankshear,18,FWD,45,0,0,0.0,0.0,0.0,0,1,0,0,0,2026-08-18T09:50:47.121275+00:00,2026-08-18T09:51:31.405120+00:00
21,599,Scarlett,18,FWD,43,0,0,0.0,0.0,0.0,0,1,0,0,0,2026-08-18T09:50:47.121275+00:00,2026-08-18T09:51:31.405120+00:00
21,673,J.Palhinha,18,MID,55,2.0632,2.3082,0.48,0.1456,0.458,0.0084,1,9,90,1,2026-08-18T09:50:47.121275+00:00,2026-08-18T09:51:31.405120+00:00
21,717,Xavi,18,MID,65,0,0,0.0,0.0,0.0,0,1,5,90,1,2026-08-18T09:50:47.121275+00:00,2026-08-18T09:51:31.405120+00:00
21,726,Kolo Muani,18,FWD,69,1.5072,1.7853,0.48,0.1456,0.458,0.0048,1,1,66,1,2026-08-18T09:50:47.121275+00:00,2026-08-18T09:51:31.405120+00:00
21,745,Byfield,18,DEF,40,0.4696,1.0947,0.1,0.198,0.1088,0.0004,1,0,0,0,2026-08-18T09:50:47.121275+00:00,2026-08-18T09:51:31.405120+00:00
21,750,Rowswell,18,DEF,40,0.4092,0.9963,0.1,0.198,0.1088,0.0008,1,0,0,0,2026-08-18T09:50:47.121275+00:00,2026-08-18T09:51:31.405120+00:00
21,751,Akhamrich,18,MID,45,0,0,0.0,0.0,0.0,0,1,0,0,0,2026-08-18T09:50:47.121275+00:00,2026-08-18T09:51:31.405120+00:00
21,790,Williams-Barnett,18,MID,45,0.4444,0.8782,0.1,0.198,0.1088,0.0,1,0,0,0,2026-08-18T09:50:47.121275+00:00,2026-08-18T09:51:31.405120+00:00
21,796,Gallagher,18,MID,50,0.6788,1.2459,0.18,0.1804,0.1818,0.0012,1,,,,2026-08-18T09:50:47.121275+00:00,
21,804,Souza,18,DEF,40,0.5116,1.207,0.1,0.198,0.1088,0.0004,1,,,,2026-08-18T09:50:47.121275+00:00,
21,811,Kyerematen,18,MID,45,0.4676,0.9582,0.1,0.198,0.1088,0.0,1,,,,2026-08-18T09:50:47.121275+00:00,
21,818,Wilson,18,FWD,45,0.4568,0.8947,0.1,0.198,0.1088,0.0,1,,,,2026-08-18T09:50:47.121275+00:00,
21,326,Adama,19,MID,51,0.4908,1.0488,0.09,0.2002,0.0997,0.0008,1,1,1,0,2026-08-18T09:50:47.121275+00:00,2026-08-18T09:51:31.405120+00:00
21,600,Areola,19,GKP,43,3.6872,2.3405,0.9,0.004,0.8373,0.0008,1,2,90,1,2026-08-18T09:50:47.121275+00:00,2026-08-18T09:51:31.405120+00:00
21,601,Foderingham,19,GKP,40,0,0,0.0,0.0,0.0,0,1,0,0,0,2026-08-18T09:50:47.121275+00:00,2026-08-18T09:51:31.405120+00:00
21,602,Hegyi,19,GKP,39,0,0,0.0,0.0,0.0,0,1,0,0,0,2026-08-18T09:50:47.121275+00:00,2026-08-18T09:51:31.405120+00:00
21,603,Diouf,19,DEF,40,0.9328,1.8597,0.22,0.1716,0.2183,0.0048,1,0,0,0,2026-08-18T09:50:47.121275+00:00,2026-08-18T09:51:31.405120+00:00
21,604,Emerson,19,DEF,44,0,0,0.0,0.0,0.0,0,1,0,0,0,2026-08-18T09:50:47.121275+00:00,2026-08-18T09:51:31.405120+00:00
21,605,Kilman,19,DEF,42,0.9084,1.8547,0.22,0.1404,0.2158,0.0032,1,0,0,0,2026-08-18T09:50:47.121275+00:00,2026-08-18T09:51:31.405120+00:00
21,606,Mavropanos,19,DEF,44,1.17,2.1753,0.22,0.1716,0.2183,0.006,1,2,90,1,2026-08-18T09:50:47.121275+00:00,2026-08-18T09:51:31.405120+00:00
21,607,N.Aguerd,19,DEF,44,0,0,0.0,0.0,0.0,0,1,0,0,0,2026-08-18T09:50:47.121275+00:00,2026-08-18T09:51:31.405120+00:00
21,608,Scarles,19,DEF,43,0.9688,1.8632,0.22,0.1716,0.2183,0.0032,1,4,62,1,2026-08-18T09:50:47.121275+00:00,2026-08-18T09:51:31.405120+00:00
21,609,Todibo,19,DEF,43,0.934,1.7073,0.22,0.1716,0.2183,0.0016,1,2,90,1,2026-08-18T09:50:47.121275+00:00,2026-08-18T09:51:31.405120+00:00
21,610,Wan-Bissaka,19,DEF,41,0.902,1.7253,0.22,0.1716,0.2183,0.0012,1,0,0,0,2026-08-18T09:50:47.121275+00:00,2026-08-18T09:51:31.405120+00:00
21,611,Casey,19,DEF,40,0,0,0.0,0.0,0.0,0,1,0,0,0,2026-08-18T09:50:47.121275+00:00,2026-08-18T09:51:31.405120+00:00
21,612,L.Paquetá,19,MID,59,0,0,0.0,0.0,0.0,0,1,2,62,1,2026-08-18T09:50:47.121275+00:00,2026-08-18T09:51:31.405120+00:00
21,613,Souček,19,MID,57,1.5496,2.3585,0.28,0.2016,0.2765,0.014,1,6,90,1,2026-08-18T09:50:47.121275+00:00,2026-08-18T09:51:31.405120+00:00
21,615,Summerville,19,MID,55,1.5776,2.0465,0.48,0.1456,0.458,0.0052,1,4,90,1,2026-08-18T09:50:47.121275+00:00,2026-08-18T09:51:31.405120+00:00
21,616,Álvarez,19,MID,49,0,0,0.0,0.0,0.0,0,1,0,0,0,2026-08-18T09:50:47.121275+00:00,2026-08-18T09:51:31.405120+00:00
21,617,Cornet,19,MID,49,0,0,0.0,0.0,0.0,0,1,0,0,0,2026-08-18T09:50:47.121275+00:00,2026-08-18T09:51:31.405120+00:00
21,618,G.Rodriguez,19,MID,48,0,0,0.0,0.0,0.0,0,1,0,0,0,2026-08-18T09:50:47.121275+00:00,2026-08-18T09:51:31.405120+00:00
21,619,L.Guilherme,19,MID,49,0,0,0.0,0.0,0.0,0,1,0,0,0,2026-08-18T09:50:47.121275+00:00,2026-08-18T09:51:31.405120+00:00
21,620,Earthy,19,MID,45,0,0,0.0,0.0,0.0,0,1,0,0,0,2026-08-18T09:50:47.121275+00:00,2026-08-18T09:51:31.405120+00:00
21,621,Irving,19,MID,43,0,0,0.0,0.0,0.0,0,1,0,0,0,2026-08-18T09:50:47.121275+00:00,2026-08-18T09:51:31.405120+00:00
21,622,Orford,19,MID,44,0,0,0.0,0.0,0.0,0,1,0,0,0,2026-08-18T09:50:47.121275+00:00,2026-08-18T09:51:31.405120+00:00
21,623,Potts,19,MID,44,1.4444,1.6378,0.48,0.1144,0.4556,0.0012,1,1,10,0,2026-08-18T09:50:47.121275+00:00,2026-08-18T09:51:31.405120+00:00
21,624,Bowen,19,FWD,77,2.7372,2.5044,0.68,0.0576,0.637,0.0152,1,2,90,1,2026-08-18T09:50:47.121275+00:00,2026-08-18T09:51:31.405120+00:00
21,625,Füllkrug,19,FWD,56,0,0,0.0,0.0,0.0,0,1,0,0,0,2026-08-18T09:50:47.121275+00:00,2026-08-18T09:51:31.405120+00:00
21,626,Marshall,19,FWD,43,0,0,0.0,0.0,0.0,0,1,0,0,0,2026-08-18T09:50:47.121275+00:00,2026-08-18T09:51:31.405120+00:00
21,659,Walker-Peters,19,DEF,42,0.9816,1.9073,0.22,0.1716,0.2183,0.006,1,0,90,1,2026-08-18T09:50:47.121275+00:00,2026-08-18T09:51:31.405120+00:00
21,671,Wilson,19,FWD,58,1.9848,2.4093,0.48,0.1456,0.458,0.014,1,0,0,0,2026-08-18T09:50:47.121275+00:00,2026-08-18T09:51:31.405120+00:00
21,679,Hermansen,19,GKP,42,0.1916,0.8768,0.04,0.0384,0.0403,0.0004,1,0,0,0,2026-08-18T09:50:47.121275+00:00,2026-08-18T09:51:31.405120+00:00
21,708,M.Fernandes,19,MID,55,2.5224,2.2008,0.68,0.0896,0.6396,0.0076,1,2,79,1,2026-08-18T09:50:47.121275+00:00,2026-08-18T09:51:31.405120+00:00
21,718,S.Magassa,19,MID,50,1.9968,2.2408,0.48,0.1144,0.4556,0.0056,1,0,0,0,2026-08-18T09:50:47.121275+00:00,2026-08-18T09:51:31.405120+00:00
21,738,Fabianski,19,GKP,45,0.2328,0.9797,0.04,0.0384,0.0403,0.0,1,0,0,0,2026-08-18T09:50:47.121275+00:00,2026-08-18T09:51:31.405120+00:00
21,747,Mayers,19,DEF,40,0.5188,1.2505,0.1,0.198,0.1088,0.0012,1,1,27,0,2026-08-18T09:50:47.121275+00:00,2026-08-18T09:51:31.405120+00:00
21,752,Golambeckis,19,DEF,40,0.5336,1.268,0.1,0.198,0.1088,0.0004,1,0,0,0,2026-08-18T09:50:47.121275+00:00,2026-08-18T09:51:31.405120+00:00
21,758,Mohamadou Kanté,19,MID,45,0.6528,1.4523,0.1,0.198,0.1088,0.0028,1,0,0,0,2026-08-18T09:50:47.121275+00:00,2026-08-18T09:51:31.405120+00:00
21,785,Pablo,19,FWD,55,1.3804,1.6876,0.45,0.154,0.4308,0.0024,1,1,27,0,2026-08-18T09:50:47.121275+00:00,2026-08-18T09:51:31.405120+00:00
21,791,Taty,19,FWD,55,1.4108,1.7646,0.45,0.154,0.4308,0.0052,1,2,90,1,2026-08-18T09:50:47.121275+00:00,2026-08-18T09:51:31.405120+00:00
21,802,Lamadrid,19,MID,50,0.7468,1.3788,0.18,0.1804,0.1818,0.0008,1,,,,2026-08-18T09:50:47.121275+00:00,
21,815,Disasi,19,DEF,45,0.822,1.7264,0.22,0.1716,0.2183,0.0044,1,,,,2026-08-18T09:50:47.121275+00:00,
21,825,Herrick,19,GKP,40,0.174,0.7899,0.04,0.0384,0.0403,0.0,1,,,,2026-08-18T09:50:47.121275+00:00,
21,627,Johnstone,20,GKP,44,0,0,0.0,0.0,0.0,0,1,0,0,0,2026-08-18T09:50:47.121275+00:00,2026-08-18T09:51:31.405120+00:00
21,628,José Sá,20,GKP,42,2.5736,2.0439,0.88,0.0048,0.8188,0.0008,1,1,90,1,2026-08-18T09:50:47.121275+00:00,2026-08-18T09:51:31.405120+00:00
21,629,Bentley,20,GKP,39,0.1804,0.8125,0.04,0.0384,0.0403,0.0,1,0,0,0,2026-08-18T09:50:47.121275+00:00,2026-08-18T09:51:31.405120+00:00
21,631,Agbadou,20,DEF,42,0,0,0.0,0.0,0.0,0,1,0,0,0,2026-08-18T09:50:47.121275+00:00,2026-08-18T09:51:31.405120+00:00
21,632,Doherty,20,DEF,44,0,0,0.0,0.0,0.0,0,1,0,0,0,2026-08-18T09:50:47.121275+00:00,2026-08-18T09:51:31.405120+00:00
21,633,H.Bueno,20,DEF,43,0.9284,1.7416,0.22,0.1716,0.2183,0.0024,1,2,90,1,2026-08-18T09:50:47.121275+00:00,2026-08-18T09:51:31.405120+00:00
21,634,Mosquera,20,DEF,43,0.8272,1.6824,0.22,0.1716,0.2183,0.002,1,3,90,1,2026-08-18T09:50:47.121275+00:00,2026-08-18T09:51:31.405120+00:00
21,635,R.Gomes,20,DEF,44,0.7564,1.5961,0.22,0.1716,0.2183,0.0032,1,0,0,0,2026-08-18T09:50:47.121275+00:00,2026-08-18T09:51:31.405120+00:00
21,636,S.Bueno,20,DEF,44,1.0052,2.0703,0.22,0.1716,0.2183,0.0084,1,2,90,1,2026-08-18T09:50:47.121275+00:00,2026-08-18T09:51:31.405120+00:00
21,637,Toti,20,DEF,42,0.8456,1.618,0.22,0.1716,0.2183,0.0008,1,0,0,0,2026-08-18T09:50:47.121275+00:00,2026-08-18T09:51:31.405120+00:00
21,638,Hoever,20,DEF,38,0,0,0.0,0.0,0.0,0,1,0,0,0,2026-08-18T09:50:47.121275+00:00,2026-08-18T09:51:31.405120+00:00
21,639,Meupiyou,20,DEF,40,0,0,0.0,0.0,0.0,0,1,0,0,0,2026-08-18T09:50:47.121275+00:00,2026-08-18T09:51:31.405120+00:00
21,640,Pedro Lima,20,DEF,40,0.4724,1.1364,0.1,0.198,0.1088,0.0004,1,1,1,0,2026-08-18T09:50:47.121275+00:00,2026-08-18T09:51:31.405120+00:00
21,641,Pond,20,DEF,39,0,0,0.0,0.0,0.0,0,1,0,0,0,2026-08-18T09:50:47.121275+00:00,2026-08-18T09:51:31.405120+00:00
21,642,Hee Chan,20,MID,56,1.5144,1.898,0.48,0.1456,0.458,0.0048,1,1,90,1,2026-08-18T09:50:47.121275+00:00,2026-08-18T09:51:31.405120+00:00
21,643,André,20,MID,53,1.7732,1.9175,0.48,0.1144,0.4556,0.0012,1,1,45,1,2026-08-18T09:50:47.121275+00:00,2026-08-18T09:51:31.405120+00:00
21,644,Bellegarde,20,MID,52,1.4784,1.7919,0.48,0.1144,0.4556,0.0032,1,0,0,0,2026-08-18T09:50:47.121275+00:00,2026-08-18T09:51:31.405120+00:00
21,645,Fer López,20,MID,52,0,0,0.0,0.0,0.0,0,1,0,0,0,2026-08-18T09:50:47.121275+00:00,2026-08-18T09:51:31.405120+00:00
21,646,J.Gomes,20,MID,53,2.2772,1.9828,0.68,0.0576,0.637,0.0036,1,4,90,1,2026-08-18T09:50:47.121275+00:00,2026-08-18T09:51:31.405120+00:00
21,647,Guedes,20,MID,55,0,0,0.0,0.0,0.0,0,1,0,0,0,2026-08-18T09:50:47.121275+00:00,2026-08-18T09:51:31.405120+00:00
21,648,Munetsi,20,MID,53,0,0,0.0,0.0,0.0,0,1,0,0,0,2026-08-18T09:50:47.121275+00:00,2026-08-18T09:51:31.405120+00:00
21,649,B.Traore,20,MID,50,0,0,0.0,0.0,0.0,0,1,0,0,0,2026-08-18T09:50:47.121275+00:00,2026-08-18T09:51:31.405120+00:00
21,650,Chirewa,20,MID,43,0,0,0.0,0.0,0.0,0,1,0,0,0,2026-08-18T09:50:47.121275+00:00,2026-08-18T09:51:31.405120+00:00
21,651,Edozie,20,MID,43,0.4856,0.9768,0.1,0.198,0.1088,0.0,1,0,0,0,2026-08-18T09:50:47.121275+00:00,2026-08-18T09:51:31.405120+00:00
21,652,Gonzalez,20,MID,43,0.4464,0.871,0.1,0.198,0.1088,0.0004,1,0,0,0,2026-08-18T09:50:47.121275+00:00,2026-08-18T09:51:31.405120+00:00
21,653,Hodge,20,MID,45,0,0,0.0,0.0,0.0,0,1,0,0,0,2026-08-18T09:50:47.121275+00:00,2026-08-18T09:51:31.405120+00:00
21,655,Fábio Silva,20,FWD,49,0,0,0.0,0.0,0.0,0,1,0,0,0,2026-08-18T09:50:47.121275+00:00,2026-08-18T09:51:31.405120+00:00
21,656,Kalajdžić,20,FWD,49,0,0,0.0,0.0,0.0,0,1,0,0,0,2026-08-18T09:50:47.121275+00:00,2026-08-18T09:51:31.405120+00:00
21,657,Chiwome,20,FWD,44,0.4356,0.8862,0.1,0.198,0.1088,0.0004,1,0,0,0,2026-08-18T09:50:47.121275+00:00,2026-08-18T09:51:31.405120+00:00
21,658,Fraser,20,FWD,43,0.4444,0.856,0.1,0.198,0.1088,0.0004,1,0,0,0,2026-08-18T09:50:47.121275+00:00,2026-08-18T09:51:31.405120+00:00
21,663,J.Arias,20,MID,49,0,0,0.0,0.0,0.0,0,1,1,45,1,2026-08-18T09:50:47.121275+00:00,2026-08-18T09:51:31.405120+00:00
21,682,Møller Wolfe,20,DEF,43,0.7344,1.4781,0.22,0.1716,0.2183,0.0016,1,0,0,0,2026-08-18T09:50:47.121275+00:00,2026-08-18T09:51:31.405120+00:00
21,695,Tchatchoua,20,DEF,44,0.7444,1.4977,0.22,0.1716,0.2183,0.0004,1,2,90,1,2026-08-18T09:50:47.121275+00:00,2026-08-18T09:51:31.405120+00:00
21,709,Krejčí,20,DEF,45,0.95,1.9383,0.22,0.1716,0.2183,0.0068,1,2,67,1,2026-08-18T09:50:47.121275+00:00,2026-08-18T09:51:31.405120+00:00
21,720,Tolu,20,FWD,54,0.9252,1.4775,0.28,0.1584,0.2731,0.0008,1,2,90,1,2026-08-18T09:50:47.121275+00:00,2026-08-18T09:51:31.405120+00:00
21,749,Mané,20,FWD,45,0.8528,1.2582,0.28,0.1584,0.2731,0.0004,1,9,90,1,2026-08-18T09:50:47.121275+00:00,2026-08-18T09:51:31.405120+00:00
21,766,Olagunju,20,DEF,40,0.498,1.0929,0.1,0.198,0.1088,0.0,1,0,0,0,2026-08-18T09:50:47.121275+00:00,2026-08-18T09:51:31.405120+00:00
21,767,Rawlings,20,MID,45,0.4512,0.9208,0.1,0.198,0.1088,0.0,1,0,0,0,2026-08-18T09:50:47.121275+00:00,2026-08-18T09:51:31.405120+00:00
21,777,Ojinnaka,20,MID,45,0,0,0.0,0.0,0.0,0,1,0,0,0,2026-08-18T09:50:47.121275+00:00,2026-08-18T09:51:31.405120+00:00
21,778,Sutherland,20,MID,45,0.4644,0.9421,0.1,0.198,0.1088,0.0,1,0,0,0,2026-08-18T09:50:47.121275+00:00,2026-08-18T09:51:31.405120+00:00
21,809,Abbey,20,MID,45,0.4644,0.9816,0.1,0.198,0.1088,0.0004,1,,,,2026-08-18T09:50:47.121275+00:00,
21,816,Angel,20,MID,46,0.6716,1.2061,0.18,0.1804,0.1818,0.0012,1,,,,2026-08-18T09:50:47.121275+00:00,
21,817,Armstrong,20,FWD,51,1.4,1.7876,0.48,0.1144,0.4556,0.0044,1,,,,2026-08-18T09:50:47.121275+00:00,
21,828,Brooks,20,GKP,40,0.1688,0.7749,0.04,0.0384,0.0403,0.0,1,,,,2026-08-18T09:50:47.121275+00:00,
21,831,Gracey,20,GKP,40,0.1632,0.731,0.04,0.0384,0.0403,0.0,1,,,,2026-08-18T09:50:47.121275+00:00,
