gw,player_id,web_name,team_id,position,now_cost,mu,sigma,p_start,p_sub,p_60,p_10_plus,n_fixtures,actual_points,actual_minutes,did_start,captured_at,scored_at
30,1,Raya,1,GKP,60,2.9636,2.1667,0.9,0.008,0.8376,0.0,1,7,90,1,2026-08-18T09:51:03.485535+00:00,2026-08-18T09:51:31.711249+00:00
30,2,Arrizabalaga,1,GKP,41,0.1832,0.8296,0.04,0.0384,0.0403,0.0,1,0,0,0,2026-08-18T09:51:03.485535+00:00,2026-08-18T09:51:31.711249+00:00
30,3,Hein,1,GKP,40,0,0,0.0,0.0,0.0,0,1,0,0,0,2026-08-18T09:51:03.485535+00:00,2026-08-18T09:51:31.711249+00:00
30,4,Setford,1,GKP,39,0.1368,0.6367,0.04,0.0384,0.0403,0.0,1,0,0,0,2026-08-18T09:51:03.485535+00:00,2026-08-18T09:51:31.711249+00:00
30,5,Gabriel,1,DEF,72,4.4372,3.3464,0.82,0.0324,0.7652,0.0688,1,9,90,1,2026-08-18T09:51:03.485535+00:00,2026-08-18T09:51:31.711249+00:00
30,6,Saliba,1,DEF,61,2.646,2.6561,0.68,0.0576,0.637,0.0128,1,11,90,1,2026-08-18T09:51:03.485535+00:00,2026-08-18T09:51:31.711249+00:00
30,7,Calafiori,1,DEF,56,2.838,3.164,0.68,0.0896,0.6396,0.0424,1,6,73,1,2026-08-18T09:51:03.485535+00:00,2026-08-18T09:51:31.711249+00:00
30,8,J.Timber,1,DEF,63,2.0116,3.1349,0.41,0.1062,0.3898,0.0348,1,1,37,0,2026-08-18T09:51:03.485535+00:00,2026-08-18T09:51:31.711249+00:00
30,9,Kiwior,1,DEF,54,0,0,0.0,0.0,0.0,0,1,0,0,0,2026-08-18T09:51:03.485535+00:00,2026-08-18T09:51:31.711249+00:00
30,10,Lewis-Skelly,1,DEF,51,1.0444,1.8321,0.28,0.1584,0.2731,0.002,1,0,0,0,2026-08-18T09:51:03.485535+00:00,2026-08-18T09:51:31.711249+00:00
30,11,White,1,DEF,51,0,0,0.0,0.0,0.0,0,1,0,0,0,2026-08-18T09:51:03.485535+00:00,2026-08-18T09:51:31.711249+00:00
30,13,Clarke,1,DEF,38,0.5232,1.2447,0.1,0.198,0.1088,0.0004,1,0,0,0,2026-08-18T09:51:03.485535+00:00,2026-08-18T09:51:31.711249+00:00
30,14,Kacurri,1,DEF,39,0,0,0.0,0.0,0.0,0,1,0,0,0,2026-08-18T09:51:03.485535+00:00,2026-08-18T09:51:31.711249+00:00
30,15,Nichols,1,DEF,37,0.5196,1.2276,0.1,0.198,0.1088,0.0008,1,0,0,0,2026-08-18T09:51:03.485535+00:00,2026-08-18T09:51:31.711249+00:00
30,16,Saka,1,MID,98,3.8848,3.8159,0.68,0.0576,0.637,0.0908,1,3,90,1,2026-08-18T09:51:03.485535+00:00,2026-08-18T09:51:31.711249+00:00
30,17,Ødegaard,1,MID,78,2.234,2.7023,0.48,0.1456,0.458,0.0228,1,0,0,0,2026-08-18T09:51:03.485535+00:00,2026-08-18T09:51:31.711249+00:00
30,18,Madueke,1,MID,68,2.1232,2.4768,0.48,0.1456,0.458,0.014,1,3,60,1,2026-08-18T09:51:03.485535+00:00,2026-08-18T09:51:31.711249+00:00
30,19,Martinelli,1,MID,68,2.14,2.8286,0.48,0.1456,0.458,0.024,1,4,29,0,2026-08-18T09:51:03.485535+00:00,2026-08-18T09:51:31.711249+00:00
30,20,Trossard,1,MID,66,3.3072,3.2659,0.68,0.0576,0.637,0.0504,1,0,0,0,2026-08-18T09:51:03.485535+00:00,2026-08-18T09:51:31.711249+00:00
30,21,Rice,1,MID,74,4.2432,3.1343,0.82,0.0324,0.7652,0.0672,1,3,90,1,2026-08-18T09:51:03.485535+00:00,2026-08-18T09:51:31.711249+00:00
30,22,Merino,1,MID,54,2.2692,2.8756,0.48,0.1144,0.4556,0.0268,1,0,0,0,2026-08-18T09:51:03.485535+00:00,2026-08-18T09:51:31.711249+00:00
30,23,Fábio Vieira,1,MID,54,0,0,0.0,0.0,0.0,0,1,0,0,0,2026-08-18T09:51:03.485535+00:00,2026-08-18T09:51:31.711249+00:00
30,24,Nørgaard,1,MID,51,1.0144,1.8602,0.18,0.1804,0.1818,0.0044,1,0,0,0,2026-08-18T09:51:03.485535+00:00,2026-08-18T09:51:31.711249+00:00
30,25,Nwaneri,1,MID,50,0,0,0.0,0.0,0.0,0,1,0,0,0,2026-08-18T09:51:03.485535+00:00,2026-08-18T09:51:31.711249+00:00
30,26,Zubimendi,1,MID,52,3.1144,2.3494,0.82,0.0324,0.7652,0.016,1,3,73,1,2026-08-18T09:51:03.485535+00:00,2026-08-18T09:51:31.711249+00:00
30,28,Kabia,1,MID,45,0,0,0.0,0.0,0.0,0,1,0,0,0,2026-08-18T09:51:03.485535+00:00,2026-08-18T09:51:31.711249+00:00
30,29,Sambi,1,MID,45,0,0,0.0,0.0,0.0,0,1,0,0,0,2026-08-18T09:51:03.485535+00:00,2026-08-18T09:51:31.711249+00:00
30,30,Havertz,1,FWD,73,2.3792,2.2652,0.72,0.0784,0.6759,0.0184,1,2,60,1,2026-08-18T09:51:03.485535+00:00,2026-08-18T09:51:31.711249+00:00
30,31,G.Jesus,1,FWD,64,1.2164,1.9152,0.28,0.2016,0.2765,0.006,1,0,0,0,2026-08-18T09:51:03.485535+00:00,2026-08-18T09:51:31.711249+00:00
30,266,Eze,1,MID,72,3.2596,3.147,0.68,0.0896,0.6396,0.0452,1,3,90,1,2026-08-18T09:51:03.485535+00:00,2026-08-18T09:51:31.711249+00:00
30,662,Mosquera,1,DEF,53,1.22,2.1598,0.28,0.1584,0.2731,0.0048,1,1,52,1,2026-08-18T09:51:03.485535+00:00,2026-08-18T09:51:31.711249+00:00
30,666,Gyökeres,1,FWD,88,2.9656,3.0358,0.68,0.0576,0.637,0.044,1,7,29,0,2026-08-18T09:51:03.485535+00:00,2026-08-18T09:51:31.711249+00:00
30,700,Dowman,1,MID,42,0.5088,1.0446,0.1,0.198,0.1088,0.0,1,6,16,0,2026-08-18T09:51:03.485535+00:00,2026-08-18T09:51:31.711249+00:00
30,711,Harriman-Annous,1,MID,44,0.478,1.0184,0.1,0.198,0.1088,0.0004,1,0,0,0,2026-08-18T09:51:03.485535+00:00,2026-08-18T09:51:31.711249+00:00
30,725,Hincapie,1,DEF,51,2.852,2.7524,0.68,0.0704,0.638,0.0152,1,4,16,0,2026-08-18T09:51:03.485535+00:00,2026-08-18T09:51:31.711249+00:00
30,759,Salmon,1,DEF,40,0.5108,1.1849,0.1,0.198,0.1088,0.0004,1,0,0,0,2026-08-18T09:51:03.485535+00:00,2026-08-18T09:51:31.711249+00:00
30,32,Martinez,2,GKP,51,3.0288,2.1877,0.9,0.008,0.8376,0.002,1,2,90,1,2026-08-18T09:51:03.485535+00:00,2026-08-18T09:51:31.711249+00:00
30,33,M.Bizot,2,GKP,42,0.1632,0.7647,0.04,0.0384,0.0403,0.0,1,0,0,0,2026-08-18T09:51:03.485535+00:00,2026-08-18T09:51:31.711249+00:00
30,34,Gauci,2,GKP,40,0,0,0.0,0.0,0.0,0,1,0,0,0,2026-08-18T09:51:03.485535+00:00,2026-08-18T09:51:31.711249+00:00
30,35,Marschall,2,GKP,40,0,0,0.0,0.0,0.0,0,1,0,0,0,2026-08-18T09:51:03.485535+00:00,2026-08-18T09:51:31.711249+00:00
30,36,Cash,2,DEF,48,2.4416,2.3696,0.82,0.0324,0.7652,0.0076,1,0,0,0,2026-08-18T09:51:03.485535+00:00,2026-08-18T09:51:31.711249+00:00
30,37,Digne,2,DEF,45,0.8132,1.6534,0.22,0.1716,0.2183,0.004,1,4,81,1,2026-08-18T09:51:03.485535+00:00,2026-08-18T09:51:31.711249+00:00
30,38,Konsa,2,DEF,44,0.76,1.5799,0.22,0.1404,0.2158,0.0028,1,1,90,1,2026-08-18T09:51:03.485535+00:00,2026-08-18T09:51:31.711249+00:00
30,39,Maatsen,2,DEF,42,0.8688,1.732,0.22,0.1716,0.2183,0.0044,1,1,8,0,2026-08-18T09:51:03.485535+00:00,2026-08-18T09:51:31.711249+00:00
30,40,Mings,2,DEF,43,0.982,1.8642,0.22,0.1716,0.2183,0.0044,1,3,90,1,2026-08-18T09:51:03.485535+00:00,2026-08-18T09:51:31.711249+00:00
30,41,Pau,2,DEF,43,0.8208,1.6023,0.22,0.1716,0.2183,0.0024,1,0,0,0,2026-08-18T09:51:03.485535+00:00,2026-08-18T09:51:31.711249+00:00
30,42,A.García,2,DEF,39,0.5048,1.1914,0.1,0.198,0.1088,0.0008,1,1,4,0,2026-08-18T09:51:03.485535+00:00,2026-08-18T09:51:31.711249+00:00
30,43,Alex Moreno,2,DEF,40,0,0,0.0,0.0,0.0,0,1,0,0,0,2026-08-18T09:51:03.485535+00:00,2026-08-18T09:51:31.711249+00:00
30,44,Bogarde,2,DEF,40,0.7832,1.5358,0.22,0.1716,0.2183,0.0024,1,1,90,1,2026-08-18T09:51:03.485535+00:00,2026-08-18T09:51:31.711249+00:00
30,45,Sousa,2,DEF,38,0,0,0.0,0.0,0.0,0,1,0,0,0,2026-08-18T09:51:03.485535+00:00,2026-08-18T09:51:31.711249+00:00
30,46,Yasin,2,DEF,40,0,0,0.0,0.0,0.0,0,1,0,0,0,2026-08-18T09:51:03.485535+00:00,2026-08-18T09:51:31.711249+00:00
30,47,Rogers,2,MID,75,3.0564,2.4707,0.82,0.0324,0.7652,0.0196,1,2,90,1,2026-08-18T09:51:03.485535+00:00,2026-08-18T09:51:31.711249+00:00
30,48,Tielemans,2,MID,59,1.8576,2.1761,0.48,0.1456,0.458,0.0064,1,0,0,0,2026-08-18T09:51:03.485535+00:00,2026-08-18T09:51:31.711249+00:00
30,49,Bailey,2,MID,55,1.5472,1.9448,0.45,0.154,0.4308,0.0068,1,1,29,0,2026-08-18T09:51:03.485535+00:00,2026-08-18T09:51:31.711249+00:00
30,50,Buendía,2,MID,53,2.6424,2.5137,0.68,0.0704,0.638,0.0188,1,3,85,1,2026-08-18T09:51:03.485535+00:00,2026-08-18T09:51:31.711249+00:00
30,51,Iling Jr,2,MID,55,0,0,0.0,0.0,0.0,0,1,0,0,0,2026-08-18T09:51:03.485535+00:00,2026-08-18T09:51:31.711249+00:00
30,53,Malen,2,MID,51,0,0,0.0,0.0,0.0,0,1,0,0,0,2026-08-18T09:51:03.485535+00:00,2026-08-18T09:51:31.711249+00:00
30,54,McGinn,2,MID,53,2.3444,2.2803,0.68,0.0576,0.637,0.0096,1,2,60,1,2026-08-18T09:51:03.485535+00:00,2026-08-18T09:51:31.711249+00:00
30,55,Barkley,2,MID,48,0.7664,1.4254,0.18,0.1804,0.1818,0.002,1,12,81,1,2026-08-18T09:51:03.485535+00:00,2026-08-18T09:51:31.711249+00:00
30,56,Barrenechea,2,MID,50,0,0,0.0,0.0,0.0,0,1,0,0,0,2026-08-18T09:51:03.485535+00:00,2026-08-18T09:51:31.711249+00:00
30,57,Dobbin,2,MID,50,0,0,0.0,0.0,0.0,0,1,0,0,0,2026-08-18T09:51:03.485535+00:00,2026-08-18T09:51:31.711249+00:00
30,58,Kamara,2,MID,49,0,0,0.0,0.0,0.0,0,1,0,0,0,2026-08-18T09:51:03.485535+00:00,2026-08-18T09:51:31.711249+00:00
30,59,Onana,2,MID,48,2.4264,2.1382,0.68,0.0704,0.638,0.0076,1,2,90,1,2026-08-18T09:51:03.485535+00:00,2026-08-18T09:51:31.711249+00:00
30,60,Broggio,2,MID,44,0,0,0.0,0.0,0.0,0,1,0,0,0,2026-08-18T09:51:03.485535+00:00,2026-08-18T09:51:31.711249+00:00
30,61,Dendoncker,2,MID,45,0,0,0.0,0.0,0.0,0,1,0,0,0,2026-08-18T09:51:03.485535+00:00,2026-08-18T09:51:31.711249+00:00
30,62,Jimoh-Aloba,2,MID,45,0,0,0.0,0.0,0.0,0,1,0,0,0,2026-08-18T09:51:03.485535+00:00,2026-08-18T09:51:31.711249+00:00
30,63,Young,2,MID,43,0,0,0.0,0.0,0.0,0,1,0,0,0,2026-08-18T09:51:03.485535+00:00,2026-08-18T09:51:31.711249+00:00
30,64,Watkins,2,FWD,85,3.2532,2.6839,0.82,0.0324,0.7652,0.0416,1,0,59,1,2026-08-18T09:51:03.485535+00:00,2026-08-18T09:51:31.711249+00:00
30,65,Redmond,2,FWD,45,0,0,0.0,0.0,0.0,0,1,0,0,0,2026-08-18T09:51:03.485535+00:00,2026-08-18T09:51:31.711249+00:00
30,389,Elliott,2,MID,51,0.6776,1.2569,0.18,0.1804,0.1818,0.0008,1,0,0,0,2026-08-18T09:51:03.485535+00:00,2026-08-18T09:51:31.711249+00:00
30,456,Sancho,2,MID,58,1.0836,1.6589,0.28,0.2016,0.2765,0.0024,1,0,0,0,2026-08-18T09:51:03.485535+00:00,2026-08-18T09:51:31.711249+00:00
30,688,Wright,2,GKP,39,0.168,0.7803,0.04,0.0384,0.0403,0.0,1,0,0,0,2026-08-18T09:51:03.485535+00:00,2026-08-18T09:51:31.711249+00:00
30,699,Douglas Luiz,2,MID,49,1.6076,1.9129,0.48,0.1144,0.4556,0.0028,1,1,8,0,2026-08-18T09:51:03.485535+00:00,2026-08-18T09:51:31.711249+00:00
30,701,Rowe,2,DEF,40,0,0,0.0,0.0,0.0,0,1,0,0,0,2026-08-18T09:51:03.485535+00:00,2026-08-18T09:51:31.711249+00:00
30,702,Burrowes,2,MID,44,0.4336,0.8664,0.1,0.198,0.1088,0.0004,1,0,0,0,2026-08-18T09:51:03.485535+00:00,2026-08-18T09:51:31.711249+00:00
30,703,Proctor,2,GKP,39,0.1664,0.7878,0.04,0.0384,0.0403,0.0004,1,0,0,0,2026-08-18T09:51:03.485535+00:00,2026-08-18T09:51:31.711249+00:00
30,710,Patterson,2,DEF,39,0.5148,1.1761,0.1,0.198,0.1088,0.0012,1,0,0,0,2026-08-18T09:51:03.485535+00:00,2026-08-18T09:51:31.711249+00:00
30,719,Lindelöf,2,DEF,45,0.7624,1.4655,0.22,0.1716,0.2183,0.0012,1,0,0,0,2026-08-18T09:51:03.485535+00:00,2026-08-18T09:51:31.711249+00:00
30,754,George Hemmings,2,MID,45,0.4328,0.8262,0.1,0.198,0.1088,0.0,1,0,0,0,2026-08-18T09:51:03.485535+00:00,2026-08-18T09:51:31.711249+00:00
30,757,Hollingshead,2,GKP,40,0.1692,0.7321,0.04,0.0384,0.0403,0.0,1,0,0,0,2026-08-18T09:51:03.485535+00:00,2026-08-18T09:51:31.711249+00:00
30,768,Leon Routh,2,DEF,40,0.4328,1.034,0.1,0.198,0.1088,0.0,1,0,0,0,2026-08-18T09:51:03.485535+00:00,2026-08-18T09:51:31.711249+00:00
30,781,Carroll,2,DEF,40,0.5024,1.2232,0.1,0.198,0.1088,0.0008,1,0,0,0,2026-08-18T09:51:03.485535+00:00,2026-08-18T09:51:31.711249+00:00
30,792,Alysson,2,MID,50,0,0,0.0,0.0,0.0,0,1,0,0,0,2026-08-18T09:51:03.485535+00:00,2026-08-18T09:51:31.711249+00:00
30,808,Abraham,2,FWD,60,1.3632,1.6763,0.45,0.154,0.4308,0.0032,1,1,30,0,2026-08-18T09:51:03.485535+00:00,2026-08-18T09:51:31.711249+00:00
30,183,Weiss,3,GKP,43,0.1804,0.8334,0.04,0.0384,0.0403,0.0008,1,0,0,0,2026-08-18T09:51:03.485535+00:00,2026-08-18T09:51:31.711249+00:00
30,184,Green,3,GKP,40,0,0,0.0,0.0,0.0,0,1,0,0,0,2026-08-18T09:51:03.485535+00:00,2026-08-18T09:51:31.711249+00:00
30,185,Hladký,3,GKP,39,0.1812,0.8409,0.04,0.0384,0.0403,0.0004,1,0,0,0,2026-08-18T09:51:03.485535+00:00,2026-08-18T09:51:31.711249+00:00
30,186,Roberts,3,DEF,43,0.5316,1.2791,0.1,0.198,0.1088,0.0004,1,0,0,0,2026-08-18T09:51:03.485535+00:00,2026-08-18T09:51:31.711249+00:00
30,187,Walker,3,DEF,44,0.7588,1.5497,0.22,0.1404,0.2158,0.0004,1,6,90,1,2026-08-18T09:51:03.485535+00:00,2026-08-18T09:51:31.711249+00:00
30,188,Delcroix,3,DEF,38,0,0,0.0,0.0,0.0,0,1,0,0,0,2026-08-18T09:51:03.485535+00:00,2026-08-18T09:51:31.711249+00:00
30,189,Dodgson,3,DEF,40,0,0,0.0,0.0,0.0,0,1,0,0,0,2026-08-18T09:51:03.485535+00:00,2026-08-18T09:51:31.711249+00:00
30,190,Ekdal,3,DEF,38,1.1684,2.1539,0.22,0.1716,0.2183,0.0056,1,0,0,0,2026-08-18T09:51:03.485535+00:00,2026-08-18T09:51:31.711249+00:00
30,191,Estève,3,DEF,39,1.0052,1.9447,0.22,0.1404,0.2158,0.0012,1,6,73,1,2026-08-18T09:51:03.485535+00:00,2026-08-18T09:51:31.711249+00:00
30,192,Hartman,3,DEF,40,0.9296,1.7478,0.22,0.1716,0.2183,0.0024,1,6,73,1,2026-08-18T09:51:03.485535+00:00,2026-08-18T09:51:31.711249+00:00
30,193,Humphreys,3,DEF,39,0.898,1.7596,0.22,0.1716,0.2183,0.0012,1,6,90,1,2026-08-18T09:51:03.485535+00:00,2026-08-18T09:51:31.711249+00:00
30,194,Jordan,3,DEF,39,0,0,0.0,0.0,0.0,0,1,0,0,0,2026-08-18T09:51:03.485535+00:00,2026-08-18T09:51:31.711249+00:00
30,195,Lucas Pires,3,DEF,38,1.0108,1.8532,0.22,0.1716,0.2183,0.0028,1,1,16,0,2026-08-18T09:51:03.485535+00:00,2026-08-18T09:51:31.711249+00:00
30,196,Sambo,3,DEF,40,0,0,0.0,0.0,0.0,0,1,0,0,0,2026-08-18T09:51:03.485535+00:00,2026-08-18T09:51:31.711249+00:00
30,197,Sonne,3,DEF,38,0,0,0.0,0.0,0.0,0,1,0,0,0,2026-08-18T09:51:03.485535+00:00,2026-08-18T09:51:31.711249+00:00
30,198,Tuanzebe,3,DEF,39,1.0308,1.9574,0.22,0.1716,0.2183,0.0048,1,0,0,0,2026-08-18T09:51:03.485535+00:00,2026-08-18T09:51:31.711249+00:00
30,199,Worrall,3,DEF,38,1.2444,2.2183,0.22,0.1716,0.2183,0.0028,1,1,16,0,2026-08-18T09:51:03.485535+00:00,2026-08-18T09:51:31.711249+00:00
30,200,Anthony,3,MID,50,2.7472,2.7295,0.68,0.0576,0.637,0.0232,1,3,90,1,2026-08-18T09:51:03.485535+00:00,2026-08-18T09:51:31.711249+00:00
30,201,Benson,3,MID,54,0,0,0.0,0.0,0.0,0,1,0,0,0,2026-08-18T09:51:03.485535+00:00,2026-08-18T09:51:31.711249+00:00
30,202,Bruun Larsen,3,MID,53,1.6816,2.0604,0.48,0.1144,0.4556,0.0088,1,0,0,0,2026-08-18T09:51:03.485535+00:00,2026-08-18T09:51:31.711249+00:00
30,203,Boateng,3,MID,47,0.7056,1.2613,0.18,0.1804,0.1818,0.0004,1,0,0,0,2026-08-18T09:51:03.485535+00:00,2026-08-18T09:51:31.711249+00:00
30,204,Churlinov,3,MID,49,0,0,0.0,0.0,0.0,0,1,0,0,0,2026-08-18T09:51:03.485535+00:00,2026-08-18T09:51:31.711249+00:00
30,205,Cullen,3,MID,49,0,0,0.0,0.0,0.0,0,1,0,0,0,2026-08-18T09:51:03.485535+00:00,2026-08-18T09:51:31.711249+00:00
30,206,Edwards,3,MID,47,1.8052,2.1375,0.48,0.1144,0.4556,0.0072,1,1,24,0,2026-08-18T09:51:03.485535+00:00,2026-08-18T09:51:31.711249+00:00
30,207,Hannibal,3,MID,47,1.6764,2.0643,0.48,0.1144,0.4556,0.0052,1,2,90,1,2026-08-18T09:51:03.485535+00:00,2026-08-18T09:51:31.711249+00:00
30,208,Koleosho,3,MID,50,0,0,0.0,0.0,0.0,0,1,0,0,0,2026-08-18T09:51:03.485535+00:00,2026-08-18T09:51:31.711249+00:00
30,209,Laurent,3,MID,48,1.4136,1.666,0.48,0.1144,0.4556,0.0008,1,3,87,1,2026-08-18T09:51:03.485535+00:00,2026-08-18T09:51:31.711249+00:00
30,210,Tchaouna,3,MID,49,1.4984,1.7491,0.48,0.1144,0.4556,0.002,1,0,0,0,2026-08-18T09:51:03.485535+00:00,2026-08-18T09:51:31.711249+00:00
30,211,A.Ramsey,3,MID,44,0,0,0.0,0.0,0.0,0,1,0,0,0,2026-08-18T09:51:03.485535+00:00,2026-08-18T09:51:31.711249+00:00
30,212,Adewumi,3,MID,45,0,0,0.0,0.0,0.0,0,1,0,0,0,2026-08-18T09:51:03.485535+00:00,2026-08-18T09:51:31.711249+00:00
30,213,Banel,3,MID,45,0,0,0.0,0.0,0.0,0,1,0,0,0,2026-08-18T09:51:03.485535+00:00,2026-08-18T09:51:31.711249+00:00
30,214,Trésor,3,MID,43,0.4956,1.0492,0.1,0.198,0.1088,0.0008,1,0,0,0,2026-08-18T09:51:03.485535+00:00,2026-08-18T09:51:31.711249+00:00
30,215,Flemming,3,FWD,53,1.8544,2.4107,0.48,0.1144,0.4556,0.0144,1,2,87,1,2026-08-18T09:51:03.485535+00:00,2026-08-18T09:51:31.711249+00:00
30,216,Amdouni,3,FWD,48,0.6352,1.1297,0.18,0.1804,0.1818,0.0012,1,0,0,0,2026-08-18T09:51:03.485535+00:00,2026-08-18T09:51:31.711249+00:00
30,217,Foster,3,FWD,49,1.504,1.9757,0.48,0.1144,0.4556,0.0064,1,2,65,1,2026-08-18T09:51:03.485535+00:00,2026-08-18T09:51:31.711249+00:00
30,218,Barnes,3,FWD,42,0.4932,1.0272,0.1,0.198,0.1088,0.0,1,0,0,0,2026-08-18T09:51:03.485535+00:00,2026-08-18T09:51:31.711249+00:00
30,219,Obafemi,3,FWD,44,0,0,0.0,0.0,0.0,0,1,0,0,0,2026-08-18T09:51:03.485535+00:00,2026-08-18T09:51:31.711249+00:00
30,470,Dúbravka,3,GKP,40,3.6072,2.359,0.9,0.004,0.8373,0.0024,1,6,90,1,2026-08-18T09:51:03.485535+00:00,2026-08-18T09:51:31.711249+00:00
30,614,Ward-Prowse,3,MID,56,1.1008,1.6235,0.28,0.2016,0.2765,0.0028,1,5,90,1,2026-08-18T09:51:03.485535+00:00,2026-08-18T09:51:31.711249+00:00
30,676,Ugochukwu,3,MID,50,2.4284,2.2258,0.68,0.0576,0.637,0.0064,1,1,2,0,2026-08-18T09:51:03.485535+00:00,2026-08-18T09:51:31.711249+00:00
30,680,Broja,3,FWD,52,1.616,1.9115,0.48,0.1144,0.4556,0.006,1,1,2,0,2026-08-18T09:51:03.485535+00:00,2026-08-18T09:51:31.711249+00:00
30,722,Florentino,3,MID,50,2.5476,2.1134,0.68,0.0576,0.637,0.0056,1,0,0,0,2026-08-18T09:51:03.485535+00:00,2026-08-18T09:51:31.711249+00:00
30,776,Pimlott,3,MID,45,0.4548,0.9522,0.1,0.198,0.1088,0.0,1,0,0,0,2026-08-18T09:51:03.485535+00:00,2026-08-18T09:51:31.711249+00:00
30,784,Brierley,3,MID,45,0.5116,1.0007,0.1,0.198,0.1088,0.0,1,0,0,0,2026-08-18T09:51:03.485535+00:00,2026-08-18T09:51:31.711249+00:00
30,820,McMahon-Brown,3,MID,45,0.456,0.9865,0.1,0.198,0.1088,0.0,1,0,0,0,2026-08-18T09:51:03.485535+00:00,2026-08-18T09:51:31.711249+00:00
30,66,Neto,4,GKP,45,0,0,0.0,0.0,0.0,0,1,0,0,0,2026-08-18T09:51:03.485535+00:00,2026-08-18T09:51:31.711249+00:00
30,67,Petrović,4,GKP,45,2.9388,2.0938,0.9,0.004,0.8373,0.0,1,6,90,1,2026-08-18T09:51:03.485535+00:00,2026-08-18T09:51:31.711249+00:00
30,68,Dennis,4,GKP,40,0,0,0.0,0.0,0.0,0,1,0,0,0,2026-08-18T09:51:03.485535+00:00,2026-08-18T09:51:31.711249+00:00
30,69,McKenna,4,GKP,39,0.1244,0.6121,0.04,0.0384,0.0403,0.0,1,0,0,0,2026-08-18T09:51:03.485535+00:00,2026-08-18T09:51:31.711249+00:00
30,70,Paulsen,4,GKP,40,0,0,0.0,0.0,0.0,0,1,0,0,0,2026-08-18T09:51:03.485535+00:00,2026-08-18T09:51:31.711249+00:00
30,71,Zabarnyi,4,DEF,50,0,0,0.0,0.0,0.0,0,1,0,0,0,2026-08-18T09:51:03.485535+00:00,2026-08-18T09:51:31.711249+00:00
30,72,Senesi,4,DEF,50,3.7744,2.9528,0.82,0.0324,0.7652,0.0348,1,10,90,1,2026-08-18T09:51:03.485535+00:00,2026-08-18T09:51:31.711249+00:00
30,73,Smith,4,DEF,44,0.7268,1.4196,0.22,0.1716,0.2183,0.0008,1,8,60,1,2026-08-18T09:51:03.485535+00:00,2026-08-18T09:51:31.711249+00:00
30,74,Truffert,4,DEF,46,2.8832,2.4239,0.82,0.0324,0.7652,0.008,1,11,90,1,2026-08-18T09:51:03.485535+00:00,2026-08-18T09:51:31.711249+00:00
30,75,Akinmboni,4,DEF,38,0.462,1.0886,0.1,0.198,0.1088,0.0012,1,0,0,0,2026-08-18T09:51:03.485535+00:00,2026-08-18T09:51:31.711249+00:00
30,76,Bevan,4,DEF,38,0.4916,1.1412,0.1,0.198,0.1088,0.0004,1,0,0,0,2026-08-18T09:51:03.485535+00:00,2026-08-18T09:51:31.711249+00:00
30,77,Hill,4,DEF,42,1.0828,1.9972,0.22,0.1716,0.2183,0.0036,1,8,90,1,2026-08-18T09:51:03.485535+00:00,2026-08-18T09:51:31.711249+00:00
30,78,J.Araujo,4,DEF,38,0,0,0.0,0.0,0.0,0,1,0,0,0,2026-08-18T09:51:03.485535+00:00,2026-08-18T09:51:31.711249+00:00
30,79,Mepham,4,DEF,40,0,0,0.0,0.0,0.0,0,1,0,0,0,2026-08-18T09:51:03.485535+00:00,2026-08-18T09:51:31.711249+00:00
30,80,Soler,4,DEF,40,0.4748,1.0808,0.1,0.198,0.1088,0.0004,1,0,0,0,2026-08-18T09:51:03.485535+00:00,2026-08-18T09:51:31.711249+00:00
30,81,Kluivert,4,MID,69,1.8072,2.3142,0.48,0.1456,0.458,0.0136,1,0,0,0,2026-08-18T09:51:03.485535+00:00,2026-08-18T09:51:31.711249+00:00
30,84,Tavernier,4,MID,53,3.0616,3.0795,0.68,0.0576,0.637,0.0384,1,3,90,1,2026-08-18T09:51:03.485535+00:00,2026-08-18T09:51:31.711249+00:00
30,85,Adams,4,MID,49,2.216,1.9053,0.68,0.0704,0.638,0.0016,1,0,0,0,2026-08-18T09:51:03.485535+00:00,2026-08-18T09:51:31.711249+00:00
30,86,Brooks,4,MID,50,1.9972,2.6474,0.48,0.1144,0.4556,0.0216,1,1,10,0,2026-08-18T09:51:03.485535+00:00,2026-08-18T09:51:31.711249+00:00
30,87,Christie,4,MID,49,0,0,0.0,0.0,0.0,0,1,5,60,1,2026-08-18T09:51:03.485535+00:00,2026-08-18T09:51:31.711249+00:00
30,88,Cook,4,MID,49,1.99,2.1395,0.48,0.1144,0.4556,0.002,1,0,0,0,2026-08-18T09:51:03.485535+00:00,2026-08-18T09:51:31.711249+00:00
30,89,Philip,4,MID,49,0,0,0.0,0.0,0.0,0,1,0,0,0,2026-08-18T09:51:03.485535+00:00,2026-08-18T09:51:31.711249+00:00
30,90,Scott,4,MID,51,3.3924,2.506,0.82,0.0324,0.7652,0.0288,1,5,90,1,2026-08-18T09:51:03.485535+00:00,2026-08-18T09:51:31.711249+00:00
30,91,Sinisterra,4,MID,50,0,0,0.0,0.0,0.0,0,1,0,0,0,2026-08-18T09:51:03.485535+00:00,2026-08-18T09:51:31.711249+00:00
30,92,Faivre,4,MID,45,0,0,0.0,0.0,0.0,0,1,0,0,0,2026-08-18T09:51:03.485535+00:00,2026-08-18T09:51:31.711249+00:00
30,93,H.Traorè,4,MID,45,0,0,0.0,0.0,0.0,0,1,0,0,0,2026-08-18T09:51:03.485535+00:00,2026-08-18T09:51:31.711249+00:00
30,94,Sadi,4,MID,45,0,0,0.0,0.0,0.0,0,1,0,0,0,2026-08-18T09:51:03.485535+00:00,2026-08-18T09:51:31.711249+00:00
30,95,Silcott-Duberry,4,MID,44,0,0,0.0,0.0,0.0,0,1,0,0,0,2026-08-18T09:51:03.485535+00:00,2026-08-18T09:51:31.711249+00:00
30,96,Winterburn,4,MID,45,0,0,0.0,0.0,0.0,0,1,0,0,0,2026-08-18T09:51:03.485535+00:00,2026-08-18T09:51:31.711249+00:00
30,97,Evanilson,4,FWD,68,2.8808,2.3656,0.82,0.0324,0.7652,0.022,1,2,90,1,2026-08-18T09:51:03.485535+00:00,2026-08-18T09:51:31.711249+00:00
30,98,Enes Ünal,4,FWD,54,0.7116,1.3456,0.18,0.1804,0.1818,0.0012,1,1,3,0,2026-08-18T09:51:03.485535+00:00,2026-08-18T09:51:31.711249+00:00
30,99,Adu-Adjei,4,FWD,44,0,0,0.0,0.0,0.0,0,1,0,0,0,2026-08-18T09:51:03.485535+00:00,2026-08-18T09:51:31.711249+00:00
30,100,Kroupi.Jr,4,FWD,47,2.1248,2.6324,0.48,0.1144,0.4556,0.0188,1,2,79,1,2026-08-18T09:51:03.485535+00:00,2026-08-18T09:51:31.711249+00:00
30,391,Gannon-Doak,4,MID,48,0.6316,1.1202,0.18,0.1804,0.1818,0.0,1,0,0,0,2026-08-18T09:51:03.485535+00:00,2026-08-18T09:51:31.711249+00:00
30,685,Diakité,4,DEF,42,0.8384,1.5964,0.22,0.1716,0.2183,0.0008,1,0,0,0,2026-08-18T09:51:03.485535+00:00,2026-08-18T09:51:31.711249+00:00
30,687,Rees-Dottin,4,MID,43,0.4532,0.9038,0.1,0.198,0.1088,0.0008,1,0,0,0,2026-08-18T09:51:03.485535+00:00,2026-08-18T09:51:31.711249+00:00
30,697,Adli,4,MID,54,2.02,2.5029,0.48,0.1144,0.4556,0.0144,1,1,29,0,2026-08-18T09:51:03.485535+00:00,2026-08-18T09:51:31.711249+00:00
30,713,A.Jimenez,4,DEF,45,0.7568,1.6068,0.22,0.1404,0.2158,0.0028,1,1,29,0,2026-08-18T09:51:03.485535+00:00,2026-08-18T09:51:31.711249+00:00
30,721,Milosavljević,4,DEF,44,0.8932,1.6991,0.22,0.1716,0.2183,0.0016,1,0,0,0,2026-08-18T09:51:03.485535+00:00,2026-08-18T09:51:31.711249+00:00
30,756,DaCosta,4,MID,45,0.4652,0.9738,0.1,0.198,0.1088,0.0004,1,0,0,0,2026-08-18T09:51:03.485535+00:00,2026-08-18T09:51:31.711249+00:00
30,782,Forster,4,GKP,40,0.1904,0.8154,0.04,0.0384,0.0403,0.0004,1,0,0,0,2026-08-18T09:51:03.485535+00:00,2026-08-18T09:51:31.711249+00:00
30,799,Stevens,4,MID,45,0.476,0.9313,0.1,0.198,0.1088,0.0,1,0,0,0,2026-08-18T09:51:03.485535+00:00,2026-08-18T09:51:31.711249+00:00
30,801,Tóth.A,4,MID,49,0.722,1.3335,0.18,0.1804,0.1818,0.0008,1,0,0,0,2026-08-18T09:51:03.485535+00:00,2026-08-18T09:51:31.711249+00:00
30,806,Mandas,4,GKP,40,0.1556,0.7125,0.04,0.0384,0.0403,0.0,1,0,0,0,2026-08-18T09:51:03.485535+00:00,2026-08-18T09:51:31.711249+00:00
30,807,Rayan,4,MID,56,1.1232,1.7446,0.28,0.2016,0.2765,0.0024,1,3,86,1,2026-08-18T09:51:03.485535+00:00,2026-08-18T09:51:31.711249+00:00
30,27,Nelson,5,MID,48,1.068,1.989,0.18,0.1804,0.1818,0.0056,1,1,5,0,2026-08-18T09:51:03.485535+00:00,2026-08-18T09:51:31.711249+00:00
30,83,O.Dango,5,MID,60,3.2532,3.2719,0.68,0.0576,0.637,0.0464,1,8,84,1,2026-08-18T09:51:03.485535+00:00,2026-08-18T09:51:31.711249+00:00
30,101,Kelleher,5,GKP,48,3.3392,2.26,0.9,0.008,0.8376,0.0012,1,1,90,1,2026-08-18T09:51:03.485535+00:00,2026-08-18T09:51:31.711249+00:00
30,102,Balcombe,5,GKP,39,0.1884,0.8734,0.04,0.0384,0.0403,0.0,1,0,0,0,2026-08-18T09:51:03.485535+00:00,2026-08-18T09:51:31.711249+00:00
30,103,Cox,5,GKP,39,0,0,0.0,0.0,0.0,0,1,0,0,0,2026-08-18T09:51:03.485535+00:00,2026-08-18T09:51:31.711249+00:00
30,104,Eyestone,5,GKP,39,0.1656,0.793,0.04,0.0384,0.0403,0.0,1,0,0,0,2026-08-18T09:51:03.485535+00:00,2026-08-18T09:51:31.711249+00:00
30,105,Valdimarsson,5,GKP,39,0.1552,0.7173,0.04,0.0384,0.0403,0.0,1,0,0,0,2026-08-18T09:51:03.485535+00:00,2026-08-18T09:51:31.711249+00:00
30,106,Collins,5,DEF,49,3.754,3.0731,0.82,0.0324,0.7652,0.042,1,0,90,1,2026-08-18T09:51:03.485535+00:00,2026-08-18T09:51:31.711249+00:00
30,107,Lewis-Potter,5,DEF,48,2.116,2.8697,0.48,0.1144,0.4556,0.0228,1,4,90,1,2026-08-18T09:51:03.485535+00:00,2026-08-18T09:51:31.711249+00:00
30,108,Ajer,5,DEF,44,1.0352,2.0275,0.22,0.1404,0.2158,0.004,1,0,18,0,2026-08-18T09:51:03.485535+00:00,2026-08-18T09:51:31.711249+00:00
30,109,Henry,5,DEF,43,0,0,0.0,0.0,0.0,0,1,0,0,0,2026-08-18T09:51:03.485535+00:00,2026-08-18T09:51:31.711249+00:00
30,110,Kayode,5,DEF,45,0.9804,1.8637,0.22,0.1404,0.2158,0.0028,1,8,90,1,2026-08-18T09:51:03.485535+00:00,2026-08-18T09:51:31.711249+00:00
30,111,Pinnock,5,DEF,42,1.198,2.1579,0.22,0.1716,0.2183,0.0044,1,0,0,0,2026-08-18T09:51:03.485535+00:00,2026-08-18T09:51:31.711249+00:00
30,112,Roerslev,5,DEF,45,0,0,0.0,0.0,0.0,0,1,0,0,0,2026-08-18T09:51:03.485535+00:00,2026-08-18T09:51:31.711249+00:00
30,113,Van den Berg,5,DEF,45,1.1412,2.3238,0.22,0.1404,0.2158,0.0116,1,1,90,1,2026-08-18T09:51:03.485535+00:00,2026-08-18T09:51:31.711249+00:00
30,114,Arthur,5,DEF,38,0,0,0.0,0.0,0.0,0,1,0,0,0,2026-08-18T09:51:03.485535+00:00,2026-08-18T09:51:31.711249+00:00
30,115,Fredrick,5,DEF,40,0,0,0.0,0.0,0.0,0,1,0,0,0,2026-08-18T09:51:03.485535+00:00,2026-08-18T09:51:31.711249+00:00
30,116,Hickey,5,DEF,40,0.828,1.6411,0.22,0.1716,0.2183,0.0032,1,0,0,0,2026-08-18T09:51:03.485535+00:00,2026-08-18T09:51:31.711249+00:00
30,117,Ji-soo,5,DEF,39,0,0,0.0,0.0,0.0,0,1,0,0,0,2026-08-18T09:51:03.485535+00:00,2026-08-18T09:51:31.711249+00:00
30,118,Meghoma,5,DEF,40,0,0,0.0,0.0,0.0,0,1,0,0,0,2026-08-18T09:51:03.485535+00:00,2026-08-18T09:51:31.711249+00:00
30,120,Schade,5,MID,69,4.086,3.6758,0.82,0.0324,0.7652,0.0828,1,2,67,1,2026-08-18T09:51:03.485535+00:00,2026-08-18T09:51:31.711249+00:00
30,121,Damsgaard,5,MID,56,3.1184,2.8068,0.68,0.0896,0.6396,0.0308,1,2,71,1,2026-08-18T09:51:03.485535+00:00,2026-08-18T09:51:31.711249+00:00
30,122,Milambo,5,MID,52,0,0,0.0,0.0,0.0,0,1,0,0,0,2026-08-18T09:51:03.485535+00:00,2026-08-18T09:51:31.711249+00:00
30,123,Carvalho,5,MID,47,0,0,0.0,0.0,0.0,0,1,0,0,0,2026-08-18T09:51:03.485535+00:00,2026-08-18T09:51:31.711249+00:00
30,124,Henderson,5,MID,50,2.2252,1.9289,0.68,0.0576,0.637,0.0028,1,2,90,1,2026-08-18T09:51:03.485535+00:00,2026-08-18T09:51:31.711249+00:00
30,125,Janelt,5,MID,49,1.9436,2.2855,0.48,0.1144,0.4556,0.0084,1,0,0,0,2026-08-18T09:51:03.485535+00:00,2026-08-18T09:51:31.711249+00:00
30,126,Jensen,5,MID,49,2.4844,2.4346,0.68,0.0704,0.638,0.0144,1,2,90,1,2026-08-18T09:51:03.485535+00:00,2026-08-18T09:51:31.711249+00:00
30,127,Nunes,5,MID,49,0,0,0.0,0.0,0.0,0,1,0,0,0,2026-08-18T09:51:03.485535+00:00,2026-08-18T09:51:31.711249+00:00
30,128,Onyeka,5,MID,48,0,0,0.0,0.0,0.0,0,1,0,0,0,2026-08-18T09:51:03.485535+00:00,2026-08-18T09:51:31.711249+00:00
30,129,Yarmoliuk,5,MID,50,2.7876,2.0209,0.82,0.0324,0.7652,0.0064,1,1,22,0,2026-08-18T09:51:03.485535+00:00,2026-08-18T09:51:31.711249+00:00
30,130,Donovan,5,MID,44,0.5684,1.2353,0.1,0.198,0.1088,0.0008,1,0,0,0,2026-08-18T09:51:03.485535+00:00,2026-08-18T09:51:31.711249+00:00
30,131,Konak,5,MID,43,0,0,0.0,0.0,0.0,0,1,0,0,0,2026-08-18T09:51:03.485535+00:00,2026-08-18T09:51:31.711249+00:00
30,132,Maghoma,5,MID,45,0,0,0.0,0.0,0.0,0,1,0,0,0,2026-08-18T09:51:03.485535+00:00,2026-08-18T09:51:31.711249+00:00
30,133,Peart-Harris,5,MID,44,0,0,0.0,0.0,0.0,0,1,0,0,0,2026-08-18T09:51:03.485535+00:00,2026-08-18T09:51:31.711249+00:00
30,134,Trevitt,5,MID,45,0,0,0.0,0.0,0.0,0,1,0,0,0,2026-08-18T09:51:03.485535+00:00,2026-08-18T09:51:31.711249+00:00
30,136,Thiago,5,FWD,72,4.3156,3.5315,0.82,0.0324,0.7652,0.102,1,6,90,1,2026-08-18T09:51:03.485535+00:00,2026-08-18T09:51:31.711249+00:00
30,137,Morgan,5,FWD,44,0,0,0.0,0.0,0.0,0,1,0,0,0,2026-08-18T09:51:03.485535+00:00,2026-08-18T09:51:31.711249+00:00
30,748,Dasilva,5,MID,49,0.6832,1.2922,0.18,0.1804,0.1818,0.0012,1,0,0,0,2026-08-18T09:51:03.485535+00:00,2026-08-18T09:51:31.711249+00:00
30,797,Furo,5,FWD,45,0.4804,0.9623,0.1,0.198,0.1088,0.0,1,0,0,0,2026-08-18T09:51:03.485535+00:00,2026-08-18T09:51:31.711249+00:00
30,810,Bentt,5,MID,45,0.5056,1.0091,0.1,0.198,0.1088,0.0,1,0,0,0,2026-08-18T09:51:03.485535+00:00,2026-08-18T09:51:31.711249+00:00
30,819,Shield,5,DEF,40,0.5256,1.2301,0.1,0.198,0.1088,0.0004,1,0,0,0,2026-08-18T09:51:03.485535+00:00,2026-08-18T09:51:31.711249+00:00
30,823,Stephenson,5,DEF,40,0.5168,1.2,0.1,0.198,0.1088,0.0,1,,,,2026-08-18T09:51:03.485535+00:00,
30,824,McManus,5,DEF,40,0.4936,1.1964,0.1,0.198,0.1088,0.0,1,,,,2026-08-18T09:51:03.485535+00:00,
30,826,Owen,5,MID,45,0.4964,0.972,0.1,0.198,0.1088,0.0,1,,,,2026-08-18T09:51:03.485535+00:00,
30,138,Steele,6,GKP,42,0.1436,0.6951,0.04,0.0384,0.0403,0.0,1,0,0,0,2026-08-18T09:51:03.485535+00:00,2026-08-18T09:51:31.711249+00:00
30,139,Verbruggen,6,GKP,45,2.8064,2.0524,0.9,0.004,0.8373,0.0,1,7,90,1,2026-08-18T09:51:03.485535+00:00,2026-08-18T09:51:31.711249+00:00
30,140,McGill,6,GKP,39,0.1624,0.7469,0.04,0.0384,0.0403,0.0,1,0,0,0,2026-08-18T09:51:03.485535+00:00,2026-08-18T09:51:31.711249+00:00
30,141,Rushworth,6,GKP,40,0,0,0.0,0.0,0.0,0,1,0,0,0,2026-08-18T09:51:03.485535+00:00,2026-08-18T09:51:31.711249+00:00
30,142,Scherpen,6,GKP,40,0,0,0.0,0.0,0.0,0,1,0,0,0,2026-08-18T09:51:03.485535+00:00,2026-08-18T09:51:31.711249+00:00
30,143,Boscagli,6,DEF,42,0.8548,1.6501,0.22,0.1716,0.2183,0.002,1,0,0,0,2026-08-18T09:51:03.485535+00:00,2026-08-18T09:51:31.711249+00:00
30,144,Coppola,6,DEF,42,0,0,0.0,0.0,0.0,0,1,0,0,0,2026-08-18T09:51:03.485535+00:00,2026-08-18T09:51:31.711249+00:00
30,145,De Cuyper,6,DEF,43,1.012,2.0406,0.22,0.1716,0.2183,0.0084,1,1,14,0,2026-08-18T09:51:03.485535+00:00,2026-08-18T09:51:31.711249+00:00
30,146,Dunk,6,DEF,45,0.7656,1.5981,0.22,0.1404,0.2158,0.0036,1,11,90,1,2026-08-18T09:51:03.485535+00:00,2026-08-18T09:51:31.711249+00:00
30,147,Estupiñan,6,DEF,45,0,0,0.0,0.0,0.0,0,1,0,0,0,2026-08-18T09:51:03.485535+00:00,2026-08-18T09:51:31.711249+00:00
30,148,F.Kadıoğlu,6,DEF,44,0.8352,1.7421,0.22,0.1404,0.2158,0.0044,1,8,90,1,2026-08-18T09:51:03.485535+00:00,2026-08-18T09:51:31.711249+00:00
30,149,Igor,6,DEF,45,0.564,1.3601,0.1,0.198,0.1088,0.0004,1,0,0,0,2026-08-18T09:51:03.485535+00:00,2026-08-18T09:51:31.711249+00:00
30,150,Lamptey,6,DEF,44,0,0,0.0,0.0,0.0,0,1,0,0,0,2026-08-18T09:51:03.485535+00:00,2026-08-18T09:51:31.711249+00:00
30,151,Van Hecke,6,DEF,44,0.9664,2.0222,0.22,0.1404,0.2158,0.0084,1,9,90,1,2026-08-18T09:51:03.485535+00:00,2026-08-18T09:51:31.711249+00:00
30,152,Veltman,6,DEF,43,0.9292,1.8627,0.22,0.1716,0.2183,0.006,1,1,1,0,2026-08-18T09:51:03.485535+00:00,2026-08-18T09:51:31.711249+00:00
30,153,Webster,6,DEF,44,0,0,0.0,0.0,0.0,0,1,0,0,0,2026-08-18T09:51:03.485535+00:00,2026-08-18T09:51:31.711249+00:00
30,154,Cashin,6,DEF,40,0,0,0.0,0.0,0.0,0,1,0,0,0,2026-08-18T09:51:03.485535+00:00,2026-08-18T09:51:31.711249+00:00
30,155,Slater,6,DEF,40,0,0,0.0,0.0,0.0,0,1,0,0,0,2026-08-18T09:51:03.485535+00:00,2026-08-18T09:51:31.711249+00:00
30,156,Tasker,6,DEF,38,0.474,1.0715,0.1,0.198,0.1088,0.0,1,0,0,0,2026-08-18T09:51:03.485535+00:00,2026-08-18T09:51:31.711249+00:00
30,157,Mitoma,6,MID,61,0,0,0.0,0.0,0.0,0,1,0,0,0,2026-08-18T09:51:03.485535+00:00,2026-08-18T09:51:31.711249+00:00
30,158,Georginio,6,MID,56,2.2432,2.1796,0.68,0.0576,0.637,0.0088,1,0,0,0,2026-08-18T09:51:03.485535+00:00,2026-08-18T09:51:31.711249+00:00
30,159,March,6,MID,58,1.4848,1.813,0.45,0.154,0.4308,0.0028,1,0,0,0,2026-08-18T09:51:03.485535+00:00,2026-08-18T09:51:31.711249+00:00
30,160,Minteh,6,MID,55,2.6356,2.4502,0.68,0.0576,0.637,0.0148,1,9,75,1,2026-08-18T09:51:03.485535+00:00,2026-08-18T09:51:31.711249+00:00
30,161,Enciso,6,MID,54,0,0,0.0,0.0,0.0,0,1,0,0,0,2026-08-18T09:51:03.485535+00:00,2026-08-18T09:51:31.711249+00:00
30,162,Gruda,6,MID,54,0,0,0.0,0.0,0.0,0,1,0,0,0,2026-08-18T09:51:03.485535+00:00,2026-08-18T09:51:31.711249+00:00
30,163,Hinshelwood,6,MID,51,1.598,1.8653,0.48,0.1144,0.4556,0.0032,1,3,87,1,2026-08-18T09:51:03.485535+00:00,2026-08-18T09:51:31.711249+00:00
30,164,O'Riley,6,MID,55,1.5104,1.8599,0.45,0.154,0.4308,0.0044,1,1,1,0,2026-08-18T09:51:03.485535+00:00,2026-08-18T09:51:31.711249+00:00
30,165,Sima,6,MID,54,0,0,0.0,0.0,0.0,0,1,0,0,0,2026-08-18T09:51:03.485535+00:00,2026-08-18T09:51:31.711249+00:00
30,166,Ayari,6,MID,48,2.68,2.4879,0.68,0.0576,0.637,0.018,1,1,2,0,2026-08-18T09:51:03.485535+00:00,2026-08-18T09:51:31.711249+00:00
30,167,Baleba,6,MID,45,1.982,1.7386,0.68,0.0704,0.638,0.002,1,0,0,0,2026-08-18T09:51:03.485535+00:00,2026-08-18T09:51:31.711249+00:00
30,169,Gomez,6,MID,49,2.7524,2.7985,0.68,0.0576,0.637,0.0272,1,4,90,1,2026-08-18T09:51:03.485535+00:00,2026-08-18T09:51:31.711249+00:00
30,170,Milner,6,MID,49,0.956,1.5635,0.28,0.1584,0.2731,0.0024,1,3,90,1,2026-08-18T09:51:03.485535+00:00,2026-08-18T09:51:31.711249+00:00
30,171,Sarmiento,6,MID,49,0,0,0.0,0.0,0.0,0,1,0,0,0,2026-08-18T09:51:03.485535+00:00,2026-08-18T09:51:31.711249+00:00
30,172,Watson,6,MID,48,0,0,0.0,0.0,0.0,0,1,0,0,0,2026-08-18T09:51:03.485535+00:00,2026-08-18T09:51:31.711249+00:00
30,173,Wieffer,6,MID,49,2.786,2.4384,0.68,0.0704,0.638,0.014,1,5,90,1,2026-08-18T09:51:03.485535+00:00,2026-08-18T09:51:31.711249+00:00
30,174,Yalcouye,6,MID,50,0,0,0.0,0.0,0.0,0,1,0,0,0,2026-08-18T09:51:03.485535+00:00,2026-08-18T09:51:31.711249+00:00
30,175,Knight,6,MID,44,0,0,0.0,0.0,0.0,0,1,0,0,0,2026-08-18T09:51:03.485535+00:00,2026-08-18T09:51:31.711249+00:00
30,176,Mazilu,6,MID,45,0,0,0.0,0.0,0.0,0,1,0,0,0,2026-08-18T09:51:03.485535+00:00,2026-08-18T09:51:31.711249+00:00
30,177,Moran,6,MID,45,0,0,0.0,0.0,0.0,0,1,0,0,0,2026-08-18T09:51:03.485535+00:00,2026-08-18T09:51:31.711249+00:00
30,178,Welbeck,6,FWD,61,3.03,2.9478,0.68,0.0576,0.637,0.0396,1,2,90,1,2026-08-18T09:51:03.485535+00:00,2026-08-18T09:51:31.711249+00:00
30,179,Ferguson,6,FWD,55,0,0,0.0,0.0,0.0,0,1,0,0,0,2026-08-18T09:51:03.485535+00:00,2026-08-18T09:51:31.711249+00:00
30,180,Tzimas,6,FWD,52,0,0,0.0,0.0,0.0,0,1,0,0,0,2026-08-18T09:51:03.485535+00:00,2026-08-18T09:51:31.711249+00:00
30,181,Kostoulas,6,FWD,48,0.876,1.6425,0.18,0.1804,0.1818,0.0024,1,0,0,0,2026-08-18T09:51:03.485535+00:00,2026-08-18T09:51:31.711249+00:00
30,744,Oriola,6,MID,45,0.4492,0.8911,0.1,0.198,0.1088,0.0,1,0,0,0,2026-08-18T09:51:03.485535+00:00,2026-08-18T09:51:31.711249+00:00
30,761,Simmonds,6,DEF,40,0.4472,1.1274,0.1,0.198,0.1088,0.0008,1,0,0,0,2026-08-18T09:51:03.485535+00:00,2026-08-18T09:51:31.711249+00:00
30,783,Groß,6,MID,55,1.7604,2.0458,0.48,0.1456,0.458,0.0056,1,8,90,1,2026-08-18T09:51:03.485535+00:00,2026-08-18T09:51:31.711249+00:00
30,795,Howell,6,MID,45,0.4364,0.8625,0.1,0.198,0.1088,0.0,1,0,0,0,2026-08-18T09:51:03.485535+00:00,2026-08-18T09:51:31.711249+00:00
30,220,Sánchez,7,GKP,48,3.2732,2.3165,0.9,0.008,0.8376,0.0012,1,3,90,1,2026-08-18T09:51:03.485535+00:00,2026-08-18T09:51:31.711249+00:00
30,221,Jörgensen,7,GKP,43,0.1628,0.7063,0.04,0.0384,0.0403,0.0,1,0,0,0,2026-08-18T09:51:03.485535+00:00,2026-08-18T09:51:31.711249+00:00
30,222,Penders,7,GKP,40,0,0,0.0,0.0,0.0,0,1,0,0,0,2026-08-18T09:51:03.485535+00:00,2026-08-18T09:51:31.711249+00:00
30,223,Slonina,7,GKP,39,0.1872,0.8637,0.04,0.0384,0.0403,0.0,1,0,0,0,2026-08-18T09:51:03.485535+00:00,2026-08-18T09:51:31.711249+00:00
30,224,Cucurella,7,DEF,60,2.9308,3.109,0.68,0.0576,0.637,0.0332,1,2,90,1,2026-08-18T09:51:03.485535+00:00,2026-08-18T09:51:31.711249+00:00
30,225,James,7,DEF,56,2.824,2.8979,0.68,0.0576,0.637,0.0204,1,2,90,1,2026-08-18T09:51:03.485535+00:00,2026-08-18T09:51:31.711249+00:00
30,226,Chalobah,7,DEF,56,3.4772,2.8668,0.82,0.0324,0.7652,0.0256,1,2,90,1,2026-08-18T09:51:03.485535+00:00,2026-08-18T09:51:31.711249+00:00
30,227,Colwill,7,DEF,47,2.9832,2.5816,0.9,0.018,0.8384,0.0176,1,0,0,0,2026-08-18T09:51:03.485535+00:00,2026-08-18T09:51:31.711249+00:00
30,228,Gusto,7,DEF,49,2.9292,3.0627,0.68,0.0576,0.637,0.0312,1,1,45,1,2026-08-18T09:51:03.485535+00:00,2026-08-18T09:51:31.711249+00:00
30,229,B.Badiashile,7,DEF,44,0.8464,1.6911,0.22,0.1716,0.2183,0.0016,1,0,0,0,2026-08-18T09:51:03.485535+00:00,2026-08-18T09:51:31.711249+00:00
30,230,Fofana,7,DEF,44,0,0,0.0,0.0,0.0,0,1,3,81,1,2026-08-18T09:51:03.485535+00:00,2026-08-18T09:51:31.711249+00:00
30,231,M.Sarr,7,DEF,45,0.5476,1.3549,0.1,0.198,0.1088,0.0012,1,0,0,0,2026-08-18T09:51:03.485535+00:00,2026-08-18T09:51:31.711249+00:00
30,232,Tosin,7,DEF,40,1.1172,2.0604,0.22,0.1716,0.2183,0.002,1,0,0,0,2026-08-18T09:51:03.485535+00:00,2026-08-18T09:51:31.711249+00:00
30,233,Acheampong,7,DEF,37,1.0504,2.002,0.22,0.1716,0.2183,0.0032,1,0,0,0,2026-08-18T09:51:03.485535+00:00,2026-08-18T09:51:31.711249+00:00
30,234,Anselmino,7,DEF,40,0,0,0.0,0.0,0.0,0,1,0,0,0,2026-08-18T09:51:03.485535+00:00,2026-08-18T09:51:31.711249+00:00
30,235,Palmer,7,MID,106,4.2304,4.1619,0.68,0.0896,0.6396,0.1084,1,2,90,1,2026-08-18T09:51:03.485535+00:00,2026-08-18T09:51:31.711249+00:00
30,236,Neto,7,MID,70,3.6252,2.8785,0.82,0.0324,0.7652,0.0396,1,0,0,0,2026-08-18T09:51:03.485535+00:00,2026-08-18T09:51:31.711249+00:00
30,237,Enzo,7,MID,66,4.4808,3.7881,0.82,0.0324,0.7652,0.098,1,2,90,1,2026-08-18T09:51:03.485535+00:00,2026-08-18T09:51:31.711249+00:00
30,238,Estêvão,7,MID,64,0,0,0.0,0.0,0.0,0,1,0,0,0,2026-08-18T09:51:03.485535+00:00,2026-08-18T09:51:31.711249+00:00
30,239,Gittens,7,MID,60,0.7564,1.4072,0.14,0.2408,0.1495,0.002,1,0,0,0,2026-08-18T09:51:03.485535+00:00,2026-08-18T09:51:31.711249+00:00
30,240,Nkunku,7,MID,59,0,0,0.0,0.0,0.0,0,1,0,0,0,2026-08-18T09:51:03.485535+00:00,2026-08-18T09:51:31.711249+00:00
30,241,Caicedo,7,MID,57,3.4056,2.3964,0.82,0.0324,0.7652,0.0156,1,1,60,1,2026-08-18T09:51:03.485535+00:00,2026-08-18T09:51:31.711249+00:00
30,244,Lavia,7,MID,49,0.466,1.0066,0.09,0.2002,0.0997,0.0008,1,1,29,0,2026-08-18T09:51:03.485535+00:00,2026-08-18T09:51:31.711249+00:00
30,245,Mudryk,7,MID,49,0,0,0.0,0.0,0.0,0,1,0,0,0,2026-08-18T09:51:03.485535+00:00,2026-08-18T09:51:31.711249+00:00
30,246,Andrey Santos,7,MID,45,1.7112,2.1162,0.48,0.1144,0.4556,0.008,1,0,0,0,2026-08-18T09:51:03.485535+00:00,2026-08-18T09:51:31.711249+00:00
30,247,D.Essugo,7,MID,43,0.478,0.9763,0.1,0.198,0.1088,0.0,1,0,0,0,2026-08-18T09:51:03.485535+00:00,2026-08-18T09:51:31.711249+00:00
30,248,Paez,7,MID,45,0,0,0.0,0.0,0.0,0,1,0,0,0,2026-08-18T09:51:03.485535+00:00,2026-08-18T09:51:31.711249+00:00
30,249,João Pedro,7,FWD,77,4.5668,3.6228,0.82,0.0324,0.7652,0.1016,1,2,90,1,2026-08-18T09:51:03.485535+00:00,2026-08-18T09:51:31.711249+00:00
30,250,Delap,7,FWD,62,1.7468,2.2387,0.48,0.1456,0.458,0.0164,1,1,45,1,2026-08-18T09:51:03.485535+00:00,2026-08-18T09:51:31.711249+00:00
30,251,N.Jackson,7,FWD,65,0,0,0.0,0.0,0.0,0,1,0,0,0,2026-08-18T09:51:03.485535+00:00,2026-08-18T09:51:31.711249+00:00
30,252,Marc Guiu,7,FWD,41,0.4908,1.0885,0.1,0.198,0.1088,0.0004,1,0,0,0,2026-08-18T09:51:03.485535+00:00,2026-08-18T09:51:31.711249+00:00
30,453,Garnacho,7,MID,64,2.3016,2.86,0.48,0.1456,0.458,0.0284,1,2,90,1,2026-08-18T09:51:03.485535+00:00,2026-08-18T09:51:31.711249+00:00
30,672,Hato,7,DEF,46,1.1428,2.0586,0.28,0.1584,0.2731,0.006,1,1,8,0,2026-08-18T09:51:03.485535+00:00,2026-08-18T09:51:31.711249+00:00
30,743,Emenalo,7,MID,45,0.482,1.0118,0.1,0.198,0.1088,0.0,1,0,0,0,2026-08-18T09:51:03.485535+00:00,2026-08-18T09:51:31.711249+00:00
30,789,Merrick,7,GKP,40,0.1708,0.7936,0.04,0.0384,0.0403,0.0,1,0,0,0,2026-08-18T09:51:03.485535+00:00,2026-08-18T09:51:31.711249+00:00
30,803,Sharman-Lowe,7,GKP,40,0.1596,0.7386,0.04,0.0384,0.0403,0.0,1,0,0,0,2026-08-18T09:51:03.485535+00:00,2026-08-18T09:51:31.711249+00:00
30,829,Derry,7,MID,45,0.4876,0.9838,0.1,0.198,0.1088,0.0,1,,,,2026-08-18T09:51:03.485535+00:00,
30,833,Eboué,7,MID,45,0.4772,0.9791,0.1,0.198,0.1088,0.0,1,,,,2026-08-18T09:51:03.485535+00:00,
30,834,Kavuma-McQueen,7,MID,45,0.4712,0.9516,0.1,0.198,0.1088,0.0,1,,,,2026-08-18T09:51:03.485535+00:00,
30,840,Mheuka,7,FWD,45,0.484,1.0236,0.1,0.198,0.1088,0.0004,1,,,,2026-08-18T09:51:03.485535+00:00,
30,253,Henderson,8,GKP,50,3.338,2.3028,0.9,0.008,0.8376,0.0016,1,0,0,0,2026-08-18T09:51:03.485535+00:00,2026-08-18T09:51:31.711249+00:00
30,254,Benitez,8,GKP,40,0.2012,0.8769,0.04,0.0384,0.0403,0.0,1,7,90,1,2026-08-18T09:51:03.485535+00:00,2026-08-18T09:51:31.711249+00:00
30,255,Matthews,8,GKP,39,0.1676,0.8167,0.04,0.0384,0.0403,0.0,1,0,0,0,2026-08-18T09:51:03.485535+00:00,2026-08-18T09:51:31.711249+00:00
30,256,Muñoz,8,DEF,59,3.278,3.4239,0.68,0.0576,0.637,0.0572,1,0,0,0,2026-08-18T09:51:03.485535+00:00,2026-08-18T09:51:31.711249+00:00
30,257,Lacroix,8,DEF,51,3.904,3.0238,0.82,0.0324,0.7652,0.036,1,9,90,1,2026-08-18T09:51:03.485535+00:00,2026-08-18T09:51:31.711249+00:00
30,258,Mitchell,8,DEF,50,3.0752,2.6647,0.82,0.0324,0.7652,0.018,1,6,90,1,2026-08-18T09:51:03.485535+00:00,2026-08-18T09:51:31.711249+00:00
30,259,Sosa,8,DEF,48,0.6212,1.541,0.09,0.2002,0.0997,0.0024,1,0,0,0,2026-08-18T09:51:03.485535+00:00,2026-08-18T09:51:31.711249+00:00
30,261,Richards,8,DEF,44,0,0,0.0,0.0,0.0,0,1,10,90,1,2026-08-18T09:51:03.485535+00:00,2026-08-18T09:51:31.711249+00:00
30,262,Chadi Riad,8,DEF,40,0.8688,1.6883,0.22,0.1716,0.2183,0.002,1,0,0,0,2026-08-18T09:51:03.485535+00:00,2026-08-18T09:51:31.711249+00:00
30,263,Clyne,8,DEF,38,0.9524,1.9919,0.22,0.1716,0.2183,0.0072,1,0,0,0,2026-08-18T09:51:03.485535+00:00,2026-08-18T09:51:31.711249+00:00
30,264,Holding,8,DEF,40,0,0,0.0,0.0,0.0,0,1,0,0,0,2026-08-18T09:51:03.485535+00:00,2026-08-18T09:51:31.711249+00:00
30,265,Kporha,8,DEF,40,0.52,1.2454,0.1,0.198,0.1088,0.0016,1,0,0,0,2026-08-18T09:51:03.485535+00:00,2026-08-18T09:51:31.711249+00:00
30,267,Sarr,8,MID,63,3.5868,3.5825,0.68,0.0576,0.637,0.0672,1,3,90,1,2026-08-18T09:51:03.485535+00:00,2026-08-18T09:51:31.711249+00:00
30,268,Doucouré,8,MID,49,0,0,0.0,0.0,0.0,0,1,0,0,0,2026-08-18T09:51:03.485535+00:00,2026-08-18T09:51:31.711249+00:00
30,269,Esse,8,MID,47,0,0,0.0,0.0,0.0,0,1,0,0,0,2026-08-18T09:51:03.485535+00:00,2026-08-18T09:51:31.711249+00:00
30,270,Hughes,8,MID,47,1.5172,1.9389,0.48,0.1144,0.4556,0.0044,1,0,59,1,2026-08-18T09:51:03.485535+00:00,2026-08-18T09:51:31.711249+00:00
30,271,Kamada,8,MID,50,2.4616,2.2668,0.68,0.0704,0.638,0.0112,1,1,10,0,2026-08-18T09:51:03.485535+00:00,2026-08-18T09:51:31.711249+00:00
30,272,Lerma,8,MID,49,1.7356,2.1798,0.48,0.1144,0.4556,0.008,1,3,90,1,2026-08-18T09:51:03.485535+00:00,2026-08-18T09:51:31.711249+00:00
30,273,Wharton,8,MID,50,3.408,2.5114,0.82,0.0324,0.7652,0.022,1,1,30,0,2026-08-18T09:51:03.485535+00:00,2026-08-18T09:51:31.711249+00:00
30,274,Agbinone,8,MID,43,0.4796,1.009,0.1,0.198,0.1088,0.0,1,0,0,0,2026-08-18T09:51:03.485535+00:00,2026-08-18T09:51:31.711249+00:00
30,275,Ahamada,8,MID,43,0,0,0.0,0.0,0.0,0,1,0,0,0,2026-08-18T09:51:03.485535+00:00,2026-08-18T09:51:31.711249+00:00
30,276,Devenny,8,MID,43,1.1556,1.9451,0.28,0.1584,0.2731,0.0064,1,0,0,0,2026-08-18T09:51:03.485535+00:00,2026-08-18T09:51:31.711249+00:00
30,277,Ebiowei,8,MID,45,0,0,0.0,0.0,0.0,0,1,0,0,0,2026-08-18T09:51:03.485535+00:00,2026-08-18T09:51:31.711249+00:00
30,278,J.Rak-Sakyi,8,MID,44,0,0,0.0,0.0,0.0,0,1,0,0,0,2026-08-18T09:51:03.485535+00:00,2026-08-18T09:51:31.711249+00:00
30,279,M.França,8,MID,45,0,0,0.0,0.0,0.0,0,1,0,0,0,2026-08-18T09:51:03.485535+00:00,2026-08-18T09:51:31.711249+00:00
30,280,Ozoh,8,MID,45,0,0,0.0,0.0,0.0,0,1,0,0,0,2026-08-18T09:51:03.485535+00:00,2026-08-18T09:51:31.711249+00:00
30,281,Rodney,8,MID,44,0.4968,0.9724,0.1,0.198,0.1088,0.0,1,0,0,0,2026-08-18T09:51:03.485535+00:00,2026-08-18T09:51:31.711249+00:00
30,282,Umeh,8,MID,45,0,0,0.0,0.0,0.0,0,1,0,0,0,2026-08-18T09:51:03.485535+00:00,2026-08-18T09:51:31.711249+00:00
30,283,Mateta,8,FWD,75,3.48,3.477,0.68,0.0576,0.637,0.0764,1,1,30,0,2026-08-18T09:51:03.485535+00:00,2026-08-18T09:51:31.711249+00:00
30,284,Nketiah,8,FWD,54,0,0,0.0,0.0,0.0,0,1,0,0,0,2026-08-18T09:51:03.485535+00:00,2026-08-18T09:51:31.711249+00:00
30,285,Édouard,8,FWD,50,0,0,0.0,0.0,0.0,0,1,0,0,0,2026-08-18T09:51:03.485535+00:00,2026-08-18T09:51:31.711249+00:00
30,286,Marsh,8,FWD,44,0.476,0.984,0.1,0.198,0.1088,0.0,1,0,0,0,2026-08-18T09:51:03.485535+00:00,2026-08-18T09:51:31.711249+00:00
30,580,Johnson,8,MID,65,1.7204,2.1598,0.48,0.1456,0.458,0.0088,1,2,79,1,2026-08-18T09:51:03.485535+00:00,2026-08-18T09:51:31.711249+00:00
30,654,Strand Larsen,8,FWD,61,2.076,2.1215,0.68,0.0576,0.637,0.0092,1,1,59,1,2026-08-18T09:51:03.485535+00:00,2026-08-18T09:51:31.711249+00:00
30,677,Guessand,8,MID,62,1.966,2.3359,0.48,0.1456,0.458,0.0116,1,3,90,1,2026-08-18T09:51:03.485535+00:00,2026-08-18T09:51:31.711249+00:00
30,690,Cardines,8,MID,44,0.4924,0.9678,0.1,0.198,0.1088,0.0,1,0,0,0,2026-08-18T09:51:03.485535+00:00,2026-08-18T09:51:31.711249+00:00
30,712,Yeremy,8,MID,58,3.08,3.142,0.68,0.0576,0.637,0.044,1,1,10,0,2026-08-18T09:51:03.485535+00:00,2026-08-18T09:51:31.711249+00:00
30,723,Canvot,8,DEF,45,1.2692,2.3829,0.22,0.1716,0.2183,0.01,1,11,79,1,2026-08-18T09:51:03.485535+00:00,2026-08-18T09:51:31.711249+00:00
30,732,Uche,8,FWD,55,1.496,1.8662,0.45,0.154,0.4308,0.0056,1,0,0,0,2026-08-18T09:51:03.485535+00:00,2026-08-18T09:51:31.711249+00:00
30,762,Drakes-Thomas,8,MID,45,0.7676,1.5245,0.1,0.198,0.1088,0.002,1,0,0,0,2026-08-18T09:51:03.485535+00:00,2026-08-18T09:51:31.711249+00:00
30,773,Benamar,8,DEF,40,0.5328,1.2519,0.1,0.198,0.1088,0.0004,1,0,0,0,2026-08-18T09:51:03.485535+00:00,2026-08-18T09:51:31.711249+00:00
30,780,Casey,8,FWD,45,0.45,0.949,0.1,0.198,0.1088,0.0008,1,0,0,0,2026-08-18T09:51:03.485535+00:00,2026-08-18T09:51:31.711249+00:00
30,793,King,8,DEF,40,0.5444,1.2912,0.1,0.198,0.1088,0.0012,1,0,0,0,2026-08-18T09:51:03.485535+00:00,2026-08-18T09:51:31.711249+00:00
30,798,Imray,8,DEF,40,0,0,0.0,0.0,0.0,0,1,0,0,0,2026-08-18T09:51:03.485535+00:00,2026-08-18T09:51:31.711249+00:00
30,242,Dewsbury-Hall,9,MID,51,2.7376,2.6508,0.68,0.0576,0.637,0.0212,1,2,90,1,2026-08-18T09:51:03.485535+00:00,2026-08-18T09:51:31.711249+00:00
30,243,George,9,MID,48,0.6656,1.2306,0.18,0.1804,0.1818,0.0004,1,1,1,0,2026-08-18T09:51:03.485535+00:00,2026-08-18T09:51:31.711249+00:00
30,287,Pickford,9,GKP,56,2.9772,2.1384,0.9,0.008,0.8376,0.0012,1,2,90,1,2026-08-18T09:51:03.485535+00:00,2026-08-18T09:51:31.711249+00:00
30,288,Travers,9,GKP,43,0.1932,0.85,0.04,0.0384,0.0403,0.0,1,0,0,0,2026-08-18T09:51:03.485535+00:00,2026-08-18T09:51:31.711249+00:00
30,289,Tyrer,9,GKP,39,0,0,0.0,0.0,0.0,0,1,0,0,0,2026-08-18T09:51:03.485535+00:00,2026-08-18T09:51:31.711249+00:00
30,290,Branthwaite,9,DEF,53,0,0,0.0,0.0,0.0,0,1,0,0,0,2026-08-18T09:51:03.485535+00:00,2026-08-18T09:51:31.711249+00:00
30,291,Tarkowski,9,DEF,57,3.5112,2.9359,0.82,0.0324,0.7652,0.0344,1,0,0,0,2026-08-18T09:51:03.485535+00:00,2026-08-18T09:51:31.711249+00:00
30,292,Mykolenko,9,DEF,49,2.4192,2.2432,0.82,0.0324,0.7652,0.0036,1,1,90,1,2026-08-18T09:51:03.485535+00:00,2026-08-18T09:51:31.711249+00:00
30,293,O'Brien,9,DEF,49,2.442,2.2437,0.82,0.0324,0.7652,0.0052,1,3,90,1,2026-08-18T09:51:03.485535+00:00,2026-08-18T09:51:31.711249+00:00
30,294,Coleman,9,DEF,42,0.4692,1.1363,0.1,0.198,0.1088,0.0012,1,0,0,0,2026-08-18T09:51:03.485535+00:00,2026-08-18T09:51:31.711249+00:00
30,295,Keane,9,DEF,46,3.0116,2.9701,0.68,0.0576,0.637,0.0296,1,3,90,1,2026-08-18T09:51:03.485535+00:00,2026-08-18T09:51:31.711249+00:00
30,296,Patterson,9,DEF,44,1.03,1.8906,0.22,0.1716,0.2183,0.0032,1,0,0,0,2026-08-18T09:51:03.485535+00:00,2026-08-18T09:51:31.711249+00:00
30,297,Dixon,9,DEF,38,0,0,0.0,0.0,0.0,0,1,0,0,0,2026-08-18T09:51:03.485535+00:00,2026-08-18T09:51:31.711249+00:00
30,298,Welch,9,DEF,38,0.4868,1.1468,0.1,0.198,0.1088,0.0004,1,0,0,0,2026-08-18T09:51:03.485535+00:00,2026-08-18T09:51:31.711249+00:00
30,299,Ndiaye,9,MID,62,3.0168,2.9728,0.68,0.0576,0.637,0.0372,1,2,90,1,2026-08-18T09:51:03.485535+00:00,2026-08-18T09:51:31.711249+00:00
30,300,McNeil,9,MID,55,1.69,1.9836,0.48,0.1456,0.458,0.004,1,3,85,1,2026-08-18T09:51:03.485535+00:00,2026-08-18T09:51:31.711249+00:00
30,301,Alcaraz,9,MID,52,0.9404,1.6165,0.28,0.1584,0.2731,0.0028,1,0,0,0,2026-08-18T09:51:03.485535+00:00,2026-08-18T09:51:31.711249+00:00
30,302,Gana,9,MID,54,1.2416,1.8412,0.34,0.1188,0.3257,0.0036,1,4,90,1,2026-08-18T09:51:03.485535+00:00,2026-08-18T09:51:31.711249+00:00
30,303,Garner,9,MID,52,3.466,2.4632,0.82,0.0324,0.7652,0.0168,1,4,90,1,2026-08-18T09:51:03.485535+00:00,2026-08-18T09:51:31.711249+00:00
30,304,Iroegbunam,9,MID,48,1.6196,1.8792,0.48,0.1144,0.4556,0.002,1,3,85,1,2026-08-18T09:51:03.485535+00:00,2026-08-18T09:51:31.711249+00:00
30,305,Armstrong,9,MID,45,0.9832,1.5223,0.28,0.1584,0.2731,0.0012,1,1,4,0,2026-08-18T09:51:03.485535+00:00,2026-08-18T09:51:31.711249+00:00
30,306,Bates,9,MID,43,0.4676,0.9586,0.1,0.198,0.1088,0.0,1,0,0,0,2026-08-18T09:51:03.485535+00:00,2026-08-18T09:51:31.711249+00:00
30,307,Ebere,9,MID,44,0.4552,0.9429,0.1,0.198,0.1088,0.0,1,0,0,0,2026-08-18T09:51:03.485535+00:00,2026-08-18T09:51:31.711249+00:00
30,308,Heath,9,MID,45,0,0,0.0,0.0,0.0,0,1,0,0,0,2026-08-18T09:51:03.485535+00:00,2026-08-18T09:51:31.711249+00:00
30,309,Metcalfe,9,MID,45,0,0,0.0,0.0,0.0,0,1,0,0,0,2026-08-18T09:51:03.485535+00:00,2026-08-18T09:51:31.711249+00:00
30,310,Barry,9,FWD,57,2.3812,2.3223,0.68,0.0576,0.637,0.0172,1,1,21,0,2026-08-18T09:51:03.485535+00:00,2026-08-18T09:51:31.711249+00:00
30,311,Beto,9,FWD,50,1.9308,2.4603,0.48,0.1144,0.4556,0.0184,1,2,68,1,2026-08-18T09:51:03.485535+00:00,2026-08-18T09:51:31.711249+00:00
30,312,Y.Chermiti,9,FWD,49,0,0,0.0,0.0,0.0,0,1,0,0,0,2026-08-18T09:51:03.485535+00:00,2026-08-18T09:51:31.711249+00:00
30,313,Sherif,9,FWD,44,0,0,0.0,0.0,0.0,0,1,0,0,0,2026-08-18T09:51:03.485535+00:00,2026-08-18T09:51:31.711249+00:00
30,419,Grealish,9,MID,63,0,0,0.0,0.0,0.0,0,1,0,0,0,2026-08-18T09:51:03.485535+00:00,2026-08-18T09:51:31.711249+00:00
30,630,King,9,GKP,39,0.1484,0.6784,0.04,0.0384,0.0403,0.0,1,0,0,0,2026-08-18T09:51:03.485535+00:00,2026-08-18T09:51:31.711249+00:00
30,667,Aznou,9,DEF,42,0.4828,1.1224,0.1,0.198,0.1088,0.0,1,0,0,0,2026-08-18T09:51:03.485535+00:00,2026-08-18T09:51:31.711249+00:00
30,704,Onyango,9,MID,45,0,0,0.0,0.0,0.0,0,1,0,0,0,2026-08-18T09:51:03.485535+00:00,2026-08-18T09:51:31.711249+00:00
30,705,Campbell,9,DEF,39,0,0,0.0,0.0,0.0,0,1,0,0,0,2026-08-18T09:51:03.485535+00:00,2026-08-18T09:51:31.711249+00:00
30,707,Dibling,9,MID,53,0.9992,1.6542,0.28,0.1584,0.2731,0.0024,1,0,0,0,2026-08-18T09:51:03.485535+00:00,2026-08-18T09:51:31.711249+00:00
30,728,Röhl,9,MID,50,1.0836,1.7263,0.28,0.1584,0.2731,0.0024,1,1,4,0,2026-08-18T09:51:03.485535+00:00,2026-08-18T09:51:31.711249+00:00
30,779,Graham,9,FWD,45,0.4432,0.8657,0.1,0.198,0.1088,0.0004,1,0,0,0,2026-08-18T09:51:03.485535+00:00,2026-08-18T09:51:31.711249+00:00
30,314,Leno,10,GKP,49,2.6292,2.0159,0.9,0.008,0.8376,0.0,1,7,90,1,2026-08-18T09:51:03.485535+00:00,2026-08-18T09:51:31.711249+00:00
30,315,Benda,10,GKP,40,0,0,0.0,0.0,0.0,0,1,0,0,0,2026-08-18T09:51:03.485535+00:00,2026-08-18T09:51:31.711249+00:00
30,316,Robinson,10,DEF,49,1.8,2.4025,0.48,0.1144,0.4556,0.0104,1,5,90,1,2026-08-18T09:51:03.485535+00:00,2026-08-18T09:51:31.711249+00:00
30,317,Andersen,10,DEF,45,0,0,0.0,0.0,0.0,0,1,7,90,1,2026-08-18T09:51:03.485535+00:00,2026-08-18T09:51:31.711249+00:00
30,318,Bassey,10,DEF,44,0.9148,1.8964,0.22,0.1404,0.2158,0.0056,1,9,90,1,2026-08-18T09:51:03.485535+00:00,2026-08-18T09:51:31.711249+00:00
30,319,Castagne,10,DEF,43,0.8304,1.6784,0.22,0.1716,0.2183,0.004,1,0,0,0,2026-08-18T09:51:03.485535+00:00,2026-08-18T09:51:31.711249+00:00
30,320,Diop,10,DEF,43,0.7712,1.5109,0.22,0.1716,0.2183,0.0004,1,0,0,0,2026-08-18T09:51:03.485535+00:00,2026-08-18T09:51:31.711249+00:00
30,321,J.Cuenca,10,DEF,43,0.9436,1.7967,0.22,0.1716,0.2183,0.0024,1,0,0,0,2026-08-18T09:51:03.485535+00:00,2026-08-18T09:51:31.711249+00:00
30,322,Tete,10,DEF,45,0.8548,1.7875,0.22,0.1404,0.2158,0.0048,1,6,90,1,2026-08-18T09:51:03.485535+00:00,2026-08-18T09:51:31.711249+00:00
30,323,Amissah,10,DEF,38,0.5124,1.2179,0.1,0.198,0.1088,0.0012,1,0,0,0,2026-08-18T09:51:03.485535+00:00,2026-08-18T09:51:31.711249+00:00
30,324,Iwobi,10,MID,64,2.5064,2.2702,0.68,0.0576,0.637,0.0104,1,3,90,1,2026-08-18T09:51:03.485535+00:00,2026-08-18T09:51:31.711249+00:00
30,325,Smith Rowe,10,MID,56,2.4308,2.5193,0.68,0.0896,0.6396,0.018,1,0,0,0,2026-08-18T09:51:03.485535+00:00,2026-08-18T09:51:31.711249+00:00
30,327,Andreas,10,MID,53,0,0,0.0,0.0,0.0,0,1,0,0,0,2026-08-18T09:51:03.485535+00:00,2026-08-18T09:51:31.711249+00:00
30,328,Sessegnon,10,MID,54,2.486,2.2047,0.68,0.0576,0.637,0.0084,1,1,1,0,2026-08-18T09:51:03.485535+00:00,2026-08-18T09:51:31.711249+00:00
30,329,Wilson,10,MID,60,3.4116,2.8029,0.82,0.0324,0.7652,0.0376,1,3,90,1,2026-08-18T09:51:03.485535+00:00,2026-08-18T09:51:31.711249+00:00
30,330,Berge,10,MID,49,2.4292,1.7017,0.82,0.0324,0.7652,0.0024,1,2,77,1,2026-08-18T09:51:03.485535+00:00,2026-08-18T09:51:31.711249+00:00
30,331,Cairney,10,MID,48,0.8404,1.4175,0.28,0.1584,0.2731,0.002,1,1,12,0,2026-08-18T09:51:03.485535+00:00,2026-08-18T09:51:31.711249+00:00
30,332,Lukić,10,MID,49,1.6708,2.1293,0.48,0.1144,0.4556,0.0084,1,1,27,0,2026-08-18T09:51:03.485535+00:00,2026-08-18T09:51:31.711249+00:00
30,333,Godo,10,MID,45,0,0,0.0,0.0,0.0,0,1,0,0,0,2026-08-18T09:51:03.485535+00:00,2026-08-18T09:51:31.711249+00:00
30,334,Harris,10,MID,45,0,0,0.0,0.0,0.0,0,1,0,0,0,2026-08-18T09:51:03.485535+00:00,2026-08-18T09:51:31.711249+00:00
30,335,King,10,MID,44,1.4732,1.8414,0.48,0.1144,0.4556,0.0056,1,3,62,1,2026-08-18T09:51:03.485535+00:00,2026-08-18T09:51:31.711249+00:00
30,336,Reed,10,MID,43,0.4592,0.9604,0.1,0.198,0.1088,0.0004,1,0,0,0,2026-08-18T09:51:03.485535+00:00,2026-08-18T09:51:31.711249+00:00
30,337,Raúl,10,FWD,62,3.172,2.7998,0.82,0.0324,0.7652,0.0424,1,2,61,1,2026-08-18T09:51:03.485535+00:00,2026-08-18T09:51:31.711249+00:00
30,338,Muniz,10,FWD,53,1.0712,1.6791,0.28,0.1584,0.2731,0.002,1,1,28,0,2026-08-18T09:51:03.485535+00:00,2026-08-18T09:51:31.711249+00:00
30,424,Bobb,10,MID,51,0.8892,1.4725,0.28,0.1584,0.2731,0.0028,1,3,61,1,2026-08-18T09:51:03.485535+00:00,2026-08-18T09:51:31.711249+00:00
30,664,Lecomte,10,GKP,39,0.1352,0.6327,0.04,0.0384,0.0403,0.0,1,0,0,0,2026-08-18T09:51:03.485535+00:00,2026-08-18T09:51:31.711249+00:00
30,727,Chukwueze,10,MID,53,1.2096,1.9281,0.28,0.1584,0.2731,0.004,1,1,28,0,2026-08-18T09:51:03.485535+00:00,2026-08-18T09:51:31.711249+00:00
30,731,Kevin,10,MID,58,1.5876,1.8613,0.48,0.1456,0.458,0.0036,1,0,0,0,2026-08-18T09:51:03.485535+00:00,2026-08-18T09:51:31.711249+00:00
30,737,Kusi-Asare,10,FWD,45,0,0,0.0,0.0,0.0,0,1,0,0,0,2026-08-18T09:51:03.485535+00:00,2026-08-18T09:51:31.711249+00:00
30,770,Ridgeon,10,MID,45,0.4644,0.9318,0.1,0.198,0.1088,0.0,1,0,0,0,2026-08-18T09:51:03.485535+00:00,2026-08-18T09:51:31.711249+00:00
30,786,McNally,10,GKP,40,0.1724,0.7713,0.04,0.0384,0.0403,0.0,1,0,0,0,2026-08-18T09:51:03.485535+00:00,2026-08-18T09:51:31.711249+00:00
30,168,Buonanotte,11,MID,46,0.6032,1.0582,0.18,0.1804,0.1818,0.0,1,0,0,0,2026-08-18T09:51:03.485535+00:00,2026-08-18T09:51:31.711249+00:00
30,339,Meslier,11,GKP,41,0.1696,0.7861,0.04,0.0384,0.0403,0.0,1,0,0,0,2026-08-18T09:51:03.485535+00:00,2026-08-18T09:51:31.711249+00:00
30,340,Cairns,11,GKP,39,0.1708,0.7506,0.04,0.0384,0.0403,0.0,1,0,0,0,2026-08-18T09:51:03.485535+00:00,2026-08-18T09:51:31.711249+00:00
30,341,Darlow,11,GKP,39,2.688,2.0395,0.9,0.004,0.8373,0.0004,1,6,90,1,2026-08-18T09:51:03.485535+00:00,2026-08-18T09:51:31.711249+00:00
30,342,Bogle,11,DEF,44,0.804,1.7494,0.22,0.1404,0.2158,0.006,1,1,45,1,2026-08-18T09:51:03.485535+00:00,2026-08-18T09:51:31.711249+00:00
30,343,Struijk,11,DEF,43,1.0064,1.9857,0.22,0.1404,0.2158,0.0064,1,8,90,1,2026-08-18T09:51:03.485535+00:00,2026-08-18T09:51:31.711249+00:00
30,344,Bijol,11,DEF,39,0.912,1.735,0.22,0.1716,0.2183,0.002,1,7,90,1,2026-08-18T09:51:03.485535+00:00,2026-08-18T09:51:31.711249+00:00
30,345,Bornauw,11,DEF,38,1.022,1.9089,0.22,0.1716,0.2183,0.0024,1,0,0,0,2026-08-18T09:51:03.485535+00:00,2026-08-18T09:51:31.711249+00:00
30,346,Byram,11,DEF,37,0.4872,1.1444,0.1,0.198,0.1088,0.0004,1,0,0,0,2026-08-18T09:51:03.485535+00:00,2026-08-18T09:51:31.711249+00:00
30,347,Gudmundsson,11,DEF,38,0,0,0.0,0.0,0.0,0,1,-2,49,1,2026-08-18T09:51:03.485535+00:00,2026-08-18T09:51:31.711249+00:00
30,348,Rodon,11,DEF,39,0.8412,1.7236,0.22,0.1404,0.2158,0.0032,1,8,90,1,2026-08-18T09:51:03.485535+00:00,2026-08-18T09:51:31.711249+00:00
30,349,Schmidt,11,DEF,40,0,0,0.0,0.0,0.0,0,1,0,0,0,2026-08-18T09:51:03.485535+00:00,2026-08-18T09:51:31.711249+00:00
30,350,Aaronson,11,MID,54,2.758,2.6506,0.68,0.0576,0.637,0.0248,1,1,45,1,2026-08-18T09:51:03.485535+00:00,2026-08-18T09:51:31.711249+00:00
30,351,Gnonto,11,MID,52,1.0116,1.6153,0.28,0.1584,0.2731,0.0008,1,0,0,0,2026-08-18T09:51:03.485535+00:00,2026-08-18T09:51:31.711249+00:00
30,352,Harrison,11,MID,51,0,0,0.0,0.0,0.0,0,1,0,0,0,2026-08-18T09:51:03.485535+00:00,2026-08-18T09:51:31.711249+00:00
30,353,James,11,MID,52,0.9732,1.5543,0.28,0.1584,0.2731,0.0028,1,0,0,0,2026-08-18T09:51:03.485535+00:00,2026-08-18T09:51:31.711249+00:00
30,354,Ampadu,11,MID,49,3.0676,2.1275,0.82,0.0324,0.7652,0.0076,1,5,90,1,2026-08-18T09:51:03.485535+00:00,2026-08-18T09:51:31.711249+00:00
30,355,Greenwood,11,MID,49,0,0,0.0,0.0,0.0,0,1,0,0,0,2026-08-18T09:51:03.485535+00:00,2026-08-18T09:51:31.711249+00:00
30,356,Gruev,11,MID,47,0,0,0.0,0.0,0.0,0,1,1,45,1,2026-08-18T09:51:03.485535+00:00,2026-08-18T09:51:31.711249+00:00
30,357,Ramazani,11,MID,49,0,0,0.0,0.0,0.0,0,1,0,0,0,2026-08-18T09:51:03.485535+00:00,2026-08-18T09:51:31.711249+00:00
30,358,Tanaka,11,MID,48,1.156,1.7896,0.28,0.1584,0.2731,0.0048,1,0,0,0,2026-08-18T09:51:03.485535+00:00,2026-08-18T09:51:31.711249+00:00
30,359,Crew,11,MID,45,0,0,0.0,0.0,0.0,0,1,0,0,0,2026-08-18T09:51:03.485535+00:00,2026-08-18T09:51:31.711249+00:00
30,360,Gelhardt,11,MID,45,0,0,0.0,0.0,0.0,0,1,0,0,0,2026-08-18T09:51:03.485535+00:00,2026-08-18T09:51:31.711249+00:00
30,361,Gyabi,11,MID,45,0,0,0.0,0.0,0.0,0,1,0,0,0,2026-08-18T09:51:03.485535+00:00,2026-08-18T09:51:31.711249+00:00
30,362,Piroe,11,FWD,49,0.6744,1.2352,0.18,0.1804,0.1818,0.0016,1,0,0,0,2026-08-18T09:51:03.485535+00:00,2026-08-18T09:51:31.711249+00:00
30,363,Bamford,11,FWD,49,0,0,0.0,0.0,0.0,0,1,0,0,0,2026-08-18T09:51:03.485535+00:00,2026-08-18T09:51:31.711249+00:00
30,364,Mateo Joseph,11,FWD,50,0,0,0.0,0.0,0.0,0,1,0,0,0,2026-08-18T09:51:03.485535+00:00,2026-08-18T09:51:31.711249+00:00
30,365,Nmecha,11,FWD,50,1.4432,2.3252,0.28,0.1584,0.2731,0.014,1,1,45,1,2026-08-18T09:51:03.485535+00:00,2026-08-18T09:51:31.711249+00:00
30,493,Longstaff,11,MID,48,1.7784,2.0873,0.48,0.1144,0.4556,0.0072,1,0,0,0,2026-08-18T09:51:03.485535+00:00,2026-08-18T09:51:31.711249+00:00
30,660,Stach,11,MID,47,0,0,0.0,0.0,0.0,0,1,5,90,1,2026-08-18T09:51:03.485535+00:00,2026-08-18T09:51:31.711249+00:00
30,665,Perri,11,GKP,45,0.1632,0.7584,0.04,0.0384,0.0403,0.0,1,0,0,0,2026-08-18T09:51:03.485535+00:00,2026-08-18T09:51:31.711249+00:00
30,691,Calvert-Lewin,11,FWD,57,3.0004,2.9028,0.68,0.0576,0.637,0.0372,1,0,90,1,2026-08-18T09:51:03.485535+00:00,2026-08-18T09:51:31.711249+00:00
30,698,Okafor,11,MID,55,0,0,0.0,0.0,0.0,0,1,0,0,0,2026-08-18T09:51:03.485535+00:00,2026-08-18T09:51:31.711249+00:00
30,706,Justin,11,DEF,39,1.0116,2.0027,0.22,0.1716,0.2183,0.006,1,6,90,1,2026-08-18T09:51:03.485535+00:00,2026-08-18T09:51:31.711249+00:00
30,741,Gray,11,FWD,45,0,0,0.0,0.0,0.0,0,1,0,0,0,2026-08-18T09:51:03.485535+00:00,2026-08-18T09:51:31.711249+00:00
30,787,Chambers,11,MID,44,0.4616,0.92,0.1,0.198,0.1088,0.0,1,0,0,0,2026-08-18T09:51:03.485535+00:00,2026-08-18T09:51:31.711249+00:00
30,837,Lienou,11,DEF,40,0.45,1.0729,0.1,0.198,0.1088,0.0004,1,,,,2026-08-18T09:51:03.485535+00:00,
30,838,Chadwick,11,MID,45,0.4792,0.9652,0.1,0.198,0.1088,0.0004,1,,,,2026-08-18T09:51:03.485535+00:00,
30,839,Cresswell,11,MID,45,0.46,0.9147,0.1,0.198,0.1088,0.0004,1,,,,2026-08-18T09:51:03.485535+00:00,
30,366,A.Becker,12,GKP,54,3.2728,2.2502,0.9,0.008,0.8376,0.0004,1,4,90,1,2026-08-18T09:51:03.485535+00:00,2026-08-18T09:51:31.711249+00:00
30,367,Mamardashvili,12,GKP,41,0.2068,0.9193,0.04,0.0384,0.0403,0.0,1,0,0,0,2026-08-18T09:51:03.485535+00:00,2026-08-18T09:51:31.711249+00:00
30,368,Pécsi,12,GKP,38,0.214,0.9375,0.04,0.0384,0.0403,0.0,1,0,0,0,2026-08-18T09:51:03.485535+00:00,2026-08-18T09:51:31.711249+00:00
30,369,Woodman,12,GKP,39,0.1788,0.8089,0.04,0.0384,0.0403,0.0,1,0,0,0,2026-08-18T09:51:03.485535+00:00,2026-08-18T09:51:31.711249+00:00
30,370,Frimpong,12,DEF,57,1.196,1.988,0.28,0.2016,0.2765,0.0036,1,6,63,1,2026-08-18T09:51:03.485535+00:00,2026-08-18T09:51:31.711249+00:00
30,371,Kerkez,12,DEF,56,2.898,2.5241,0.82,0.0324,0.7652,0.0124,1,0,0,0,2026-08-18T09:51:03.485535+00:00,2026-08-18T09:51:31.711249+00:00
30,372,Robertson,12,DEF,57,1.3708,2.1976,0.28,0.2016,0.2765,0.0076,1,2,90,1,2026-08-18T09:51:03.485535+00:00,2026-08-18T09:51:31.711249+00:00
30,373,Virgil,12,DEF,62,3.8708,3.2042,0.82,0.0324,0.7652,0.0464,1,2,90,1,2026-08-18T09:51:03.485535+00:00,2026-08-18T09:51:31.711249+00:00
30,374,Konaté,12,DEF,55,3.416,2.834,0.82,0.0324,0.7652,0.0216,1,0,0,0,2026-08-18T09:51:03.485535+00:00,2026-08-18T09:51:31.711249+00:00
30,375,Bradley,12,DEF,49,0,0,0.0,0.0,0.0,0,1,0,0,0,2026-08-18T09:51:03.485535+00:00,2026-08-18T09:51:31.711249+00:00
30,376,Gomez,12,DEF,49,1.206,2.0057,0.28,0.1584,0.2731,0.0032,1,2,90,1,2026-08-18T09:51:03.485535+00:00,2026-08-18T09:51:31.711249+00:00
30,377,Tsimikas,12,DEF,48,0,0,0.0,0.0,0.0,0,1,0,0,0,2026-08-18T09:51:03.485535+00:00,2026-08-18T09:51:31.711249+00:00
30,378,Nallo,12,DEF,37,0.5296,1.2602,0.1,0.198,0.1088,0.0008,1,0,0,0,2026-08-18T09:51:03.485535+00:00,2026-08-18T09:51:31.711249+00:00
30,379,R.Williams,12,DEF,37,0.5096,1.2494,0.1,0.198,0.1088,0.0008,1,0,0,0,2026-08-18T09:51:03.485535+00:00,2026-08-18T09:51:31.711249+00:00
30,380,Ramsay,12,DEF,38,0.5244,1.3043,0.1,0.198,0.1088,0.002,1,0,0,0,2026-08-18T09:51:03.485535+00:00,2026-08-18T09:51:31.711249+00:00
30,381,M.Salah,12,MID,140,3.5388,3.6174,0.68,0.0576,0.637,0.0676,1,1,26,0,2026-08-18T09:51:03.485535+00:00,2026-08-18T09:51:31.711249+00:00
30,382,Wirtz,12,MID,83,3.6276,3.5189,0.68,0.0576,0.637,0.0736,1,3,63,1,2026-08-18T09:51:03.485535+00:00,2026-08-18T09:51:31.711249+00:00
30,383,Luis Díaz,12,MID,80,0,0,0.0,0.0,0.0,0,1,0,0,0,2026-08-18T09:51:03.485535+00:00,2026-08-18T09:51:31.711249+00:00
30,384,Gakpo,12,MID,73,3.3332,3.3854,0.68,0.0576,0.637,0.06,1,3,82,1,2026-08-18T09:51:03.485535+00:00,2026-08-18T09:51:31.711249+00:00
30,385,Chiesa,12,MID,63,1.8384,2.3654,0.45,0.154,0.4308,0.014,1,1,1,0,2026-08-18T09:51:03.485535+00:00,2026-08-18T09:51:31.711249+00:00
30,386,Mac Allister,12,MID,63,2.8832,2.4119,0.82,0.0324,0.7652,0.016,1,8,90,1,2026-08-18T09:51:03.485535+00:00,2026-08-18T09:51:31.711249+00:00
30,387,Szoboszlai,12,MID,69,3.6212,2.8873,0.82,0.0324,0.7652,0.0444,1,11,90,1,2026-08-18T09:51:03.485535+00:00,2026-08-18T09:51:31.711249+00:00
30,388,C.Jones,12,MID,54,1.9628,2.4073,0.48,0.1144,0.4556,0.0152,1,1,26,0,2026-08-18T09:51:03.485535+00:00,2026-08-18T09:51:31.711249+00:00
30,390,Gravenberch,12,MID,55,3.0056,2.2042,0.82,0.0324,0.7652,0.0112,1,2,90,1,2026-08-18T09:51:03.485535+00:00,2026-08-18T09:51:31.711249+00:00
30,392,Endo,12,MID,49,0.5396,1.1991,0.09,0.2002,0.0997,0.0004,1,0,0,0,2026-08-18T09:51:03.485535+00:00,2026-08-18T09:51:31.711249+00:00
30,393,Bajcetic,12,MID,42,0,0,0.0,0.0,0.0,0,1,0,0,0,2026-08-18T09:51:03.485535+00:00,2026-08-18T09:51:31.711249+00:00
30,394,McConnell,12,MID,44,0,0,0.0,0.0,0.0,0,1,0,0,0,2026-08-18T09:51:03.485535+00:00,2026-08-18T09:51:31.711249+00:00
30,395,Morton,12,MID,45,0,0,0.0,0.0,0.0,0,1,0,0,0,2026-08-18T09:51:03.485535+00:00,2026-08-18T09:51:31.711249+00:00
30,396,Nyoni,12,MID,43,0.6552,1.4306,0.1,0.198,0.1088,0.0016,1,1,7,0,2026-08-18T09:51:03.485535+00:00,2026-08-18T09:51:31.711249+00:00
30,397,Darwin,12,FWD,65,0,0,0.0,0.0,0.0,0,1,0,0,0,2026-08-18T09:51:03.485535+00:00,2026-08-18T09:51:31.711249+00:00
30,398,Danns,12,FWD,43,0,0,0.0,0.0,0.0,0,1,0,0,0,2026-08-18T09:51:03.485535+00:00,2026-08-18T09:51:31.711249+00:00
30,499,Isak,12,FWD,103,1.462,2.3652,0.28,0.2016,0.2765,0.0176,1,0,0,0,2026-08-18T09:51:03.485535+00:00,2026-08-18T09:51:31.711249+00:00
30,661,Ekitiké,12,FWD,92,0,0,0.0,0.0,0.0,0,1,1,26,0,2026-08-18T09:51:03.485535+00:00,2026-08-18T09:51:31.711249+00:00
30,686,Ngumoha,12,MID,43,0.5236,1.0768,0.1,0.198,0.1088,0.0,1,3,63,1,2026-08-18T09:51:03.485535+00:00,2026-08-18T09:51:31.711249+00:00
30,692,Leoni,12,DEF,49,0,0,0.0,0.0,0.0,0,1,0,0,0,2026-08-18T09:51:03.485535+00:00,2026-08-18T09:51:31.711249+00:00
30,746,Morrison,12,MID,45,0.4988,1.0331,0.1,0.198,0.1088,0.0004,1,0,0,0,2026-08-18T09:51:03.485535+00:00,2026-08-18T09:51:31.711249+00:00
30,760,Lucky,12,DEF,40,0.5544,1.3311,0.1,0.198,0.1088,0.0012,1,0,0,0,2026-08-18T09:51:03.485535+00:00,2026-08-18T09:51:31.711249+00:00
30,830,Wright,12,FWD,45,0.4752,0.9667,0.1,0.198,0.1088,0.0004,1,,,,2026-08-18T09:51:03.485535+00:00,
30,832,Ndiaye,12,DEF,40,0.4628,1.1216,0.1,0.198,0.1088,0.0,1,,,,2026-08-18T09:51:03.485535+00:00,
30,82,Semenyo,13,MID,83,3.7592,3.1388,0.82,0.0324,0.7652,0.0524,1,2,74,1,2026-08-18T09:51:03.485535+00:00,2026-08-18T09:51:31.711249+00:00
30,182,Trafford,13,GKP,45,0.176,0.8008,0.04,0.0384,0.0403,0.0,1,0,0,0,2026-08-18T09:51:03.485535+00:00,2026-08-18T09:51:31.711249+00:00
30,260,Guéhi,13,DEF,52,3.39,3.1024,0.82,0.0324,0.7652,0.0412,1,2,90,1,2026-08-18T09:51:03.485535+00:00,2026-08-18T09:51:31.711249+00:00
30,399,Ederson M.,13,GKP,53,0,0,0.0,0.0,0.0,0,1,0,0,0,2026-08-18T09:51:03.485535+00:00,2026-08-18T09:51:31.711249+00:00
30,401,Bettinelli,13,GKP,38,0.1532,0.6931,0.04,0.0384,0.0403,0.0,1,0,0,0,2026-08-18T09:51:03.485535+00:00,2026-08-18T09:51:31.711249+00:00
30,402,Aït-Nouri,13,DEF,57,1.9664,2.541,0.48,0.1456,0.458,0.014,1,1,59,1,2026-08-18T09:51:03.485535+00:00,2026-08-18T09:51:31.711249+00:00
30,403,Gvardiol,13,DEF,59,1.8388,2.6211,0.48,0.1456,0.458,0.0168,1,0,0,0,2026-08-18T09:51:03.485535+00:00,2026-08-18T09:51:31.711249+00:00
30,404,Akanji,13,DEF,54,0,0,0.0,0.0,0.0,0,1,0,0,0,2026-08-18T09:51:03.485535+00:00,2026-08-18T09:51:31.711249+00:00
30,405,Aké,13,DEF,52,1.0852,1.8972,0.28,0.1584,0.2731,0.0032,1,0,0,0,2026-08-18T09:51:03.485535+00:00,2026-08-18T09:51:31.711249+00:00
30,406,Khusanov,13,DEF,54,1.5516,2.1634,0.48,0.1144,0.4556,0.0056,1,2,90,1,2026-08-18T09:51:03.485535+00:00,2026-08-18T09:51:31.711249+00:00
30,407,Matheus N.,13,DEF,54,2.9084,2.4329,0.82,0.0324,0.7652,0.0116,1,2,90,1,2026-08-18T09:51:03.485535+00:00,2026-08-18T09:51:31.711249+00:00
30,408,Rúben,13,DEF,55,2.5664,2.3263,0.82,0.0324,0.7652,0.008,1,0,0,0,2026-08-18T09:51:03.485535+00:00,2026-08-18T09:51:31.711249+00:00
30,409,Stones,13,DEF,54,0.942,1.723,0.28,0.1584,0.2731,0.0028,1,0,0,0,2026-08-18T09:51:03.485535+00:00,2026-08-18T09:51:31.711249+00:00
30,410,Lewis,13,DEF,46,0.91,1.6321,0.28,0.1584,0.2731,0.0008,1,0,0,0,2026-08-18T09:51:03.485535+00:00,2026-08-18T09:51:31.711249+00:00
30,411,O'Reilly,13,DEF,51,3.0592,3.0121,0.82,0.0324,0.7652,0.038,1,2,90,1,2026-08-18T09:51:03.485535+00:00,2026-08-18T09:51:31.711249+00:00
30,412,Vitor Reis,13,DEF,50,0,0,0.0,0.0,0.0,0,1,0,0,0,2026-08-18T09:51:03.485535+00:00,2026-08-18T09:51:31.711249+00:00
30,413,Marmoush,13,MID,83,1.492,2.4271,0.28,0.2016,0.2765,0.0164,1,3,59,1,2026-08-18T09:51:03.485535+00:00,2026-08-18T09:51:31.711249+00:00
30,414,Foden,13,MID,81,2.9308,3.033,0.68,0.0576,0.637,0.0372,1,1,16,0,2026-08-18T09:51:03.485535+00:00,2026-08-18T09:51:31.711249+00:00
30,415,Savinho,13,MID,69,1.1992,1.943,0.28,0.2016,0.2765,0.006,1,0,0,0,2026-08-18T09:51:03.485535+00:00,2026-08-18T09:51:31.711249+00:00
30,416,Bernardo,13,MID,62,2.3216,1.9351,0.82,0.0324,0.7652,0.006,1,9,74,1,2026-08-18T09:51:03.485535+00:00,2026-08-18T09:51:31.711249+00:00
30,417,Cherki,13,MID,64,2.6244,3.0299,0.48,0.1456,0.458,0.0352,1,1,30,0,2026-08-18T09:51:03.485535+00:00,2026-08-18T09:51:31.711249+00:00
30,418,Doku,13,MID,64,2.2148,2.5865,0.48,0.1456,0.458,0.0204,1,1,30,0,2026-08-18T09:51:03.485535+00:00,2026-08-18T09:51:31.711249+00:00
30,420,Gündoğan,13,MID,63,0,0,0.0,0.0,0.0,0,1,0,0,0,2026-08-18T09:51:03.485535+00:00,2026-08-18T09:51:31.711249+00:00
30,421,Rodrigo,13,MID,63,2.158,2.386,0.48,0.1456,0.458,0.0088,1,4,90,1,2026-08-18T09:51:03.485535+00:00,2026-08-18T09:51:31.711249+00:00
30,422,Kovačić,13,MID,58,1.5044,1.8171,0.45,0.154,0.4308,0.0068,1,0,0,0,2026-08-18T09:51:03.485535+00:00,2026-08-18T09:51:31.711249+00:00
30,423,N.Gonzalez,13,MID,59,1.6544,1.9369,0.48,0.1456,0.458,0.0028,1,0,0,0,2026-08-18T09:51:03.485535+00:00,2026-08-18T09:51:31.711249+00:00
30,425,Echeverri,13,MID,54,0,0,0.0,0.0,0.0,0,1,0,0,0,2026-08-18T09:51:03.485535+00:00,2026-08-18T09:51:31.711249+00:00
30,427,Reijnders,13,MID,50,2.6052,2.5995,0.68,0.0704,0.638,0.0184,1,1,15,0,2026-08-18T09:51:03.485535+00:00,2026-08-18T09:51:31.711249+00:00
30,428,Nypan,13,MID,50,0.646,1.2085,0.18,0.1804,0.1818,0.0,1,0,0,0,2026-08-18T09:51:03.485535+00:00,2026-08-18T09:51:31.711249+00:00
30,429,Phillips,13,MID,47,0,0,0.0,0.0,0.0,0,1,0,0,0,2026-08-18T09:51:03.485535+00:00,2026-08-18T09:51:31.711249+00:00
30,430,Haaland,13,FWD,146,4.7668,3.7597,0.82,0.0324,0.7652,0.1232,1,2,90,1,2026-08-18T09:51:03.485535+00:00,2026-08-18T09:51:31.711249+00:00
30,736,Donnarumma,13,GKP,56,2.6624,2.0291,0.9,0.008,0.8376,0.0,1,2,90,1,2026-08-18T09:51:03.485535+00:00,2026-08-18T09:51:31.711249+00:00
30,739,Mukasa,13,MID,44,0,0,0.0,0.0,0.0,0,1,0,0,0,2026-08-18T09:51:03.485535+00:00,2026-08-18T09:51:31.711249+00:00
30,740,Mfuni,13,DEF,39,0,0,0.0,0.0,0.0,0,1,0,0,0,2026-08-18T09:51:03.485535+00:00,2026-08-18T09:51:31.711249+00:00
30,742,McAidoo,13,MID,45,0.4568,0.9207,0.1,0.198,0.1088,0.0004,1,0,0,0,2026-08-18T09:51:03.485535+00:00,2026-08-18T09:51:31.711249+00:00
30,763,Gray,13,MID,45,0.4704,0.9474,0.1,0.198,0.1088,0.0,1,0,0,0,2026-08-18T09:51:03.485535+00:00,2026-08-18T09:51:31.711249+00:00
30,764,Heskey,13,MID,45,0.4568,0.896,0.1,0.198,0.1088,0.0,1,0,0,0,2026-08-18T09:51:03.485535+00:00,2026-08-18T09:51:31.711249+00:00
30,794,Alleyne,13,DEF,40,0.4852,1.0932,0.1,0.198,0.1088,0.0,1,0,0,0,2026-08-18T09:51:03.485535+00:00,2026-08-18T09:51:31.711249+00:00
30,119,Mbeumo,14,MID,87,4.4888,3.7012,0.82,0.0324,0.7652,0.09,1,2,74,1,2026-08-18T09:51:03.485535+00:00,2026-08-18T09:51:31.711249+00:00
30,431,Bayindir,14,GKP,47,0.3592,1.1094,0.08,0.0736,0.0803,0.0,1,0,0,0,2026-08-18T09:51:03.485535+00:00,2026-08-18T09:51:31.711249+00:00
30,432,Onana,14,GKP,49,0,0,0.0,0.0,0.0,0,1,0,0,0,2026-08-18T09:51:03.485535+00:00,2026-08-18T09:51:31.711249+00:00
30,433,Harrison,14,GKP,40,0,0,0.0,0.0,0.0,0,1,0,0,0,2026-08-18T09:51:03.485535+00:00,2026-08-18T09:51:31.711249+00:00
30,434,Heaton,14,GKP,39,0.1928,0.8404,0.04,0.0384,0.0403,0.0004,1,0,0,0,2026-08-18T09:51:03.485535+00:00,2026-08-18T09:51:31.711249+00:00
30,435,Mee,14,GKP,39,0.1756,0.8349,0.04,0.0384,0.0403,0.0004,1,0,0,0,2026-08-18T09:51:03.485535+00:00,2026-08-18T09:51:31.711249+00:00
30,436,De Ligt,14,DEF,49,0,0,0.0,0.0,0.0,0,1,0,0,0,2026-08-18T09:51:03.485535+00:00,2026-08-18T09:51:31.711249+00:00
30,437,Martinez,14,DEF,48,1.902,2.3805,0.48,0.1144,0.4556,0.0056,1,0,0,0,2026-08-18T09:51:03.485535+00:00,2026-08-18T09:51:31.711249+00:00
30,438,Mazraoui,14,DEF,49,1.2324,2.1682,0.28,0.1584,0.2731,0.0048,1,0,0,0,2026-08-18T09:51:03.485535+00:00,2026-08-18T09:51:31.711249+00:00
30,439,D.Leon,14,DEF,42,0.5164,1.2403,0.1,0.198,0.1088,0.0004,1,0,0,0,2026-08-18T09:51:03.485535+00:00,2026-08-18T09:51:31.711249+00:00
30,440,Dalot,14,DEF,46,3.2568,2.8673,0.82,0.0324,0.7652,0.0276,1,2,90,1,2026-08-18T09:51:03.485535+00:00,2026-08-18T09:51:31.711249+00:00
30,441,Dorgu,14,DEF,42,1.1024,2.2071,0.22,0.1716,0.2183,0.01,1,0,0,0,2026-08-18T09:51:03.485535+00:00,2026-08-18T09:51:31.711249+00:00
30,442,Maguire,14,DEF,44,1.01,1.9876,0.22,0.1716,0.2183,0.006,1,1,90,1,2026-08-18T09:51:03.485535+00:00,2026-08-18T09:51:31.711249+00:00
30,443,Shaw,14,DEF,45,0.7696,1.5852,0.22,0.1404,0.2158,0.0016,1,4,90,1,2026-08-18T09:51:03.485535+00:00,2026-08-18T09:51:31.711249+00:00
30,444,Yoro,14,DEF,41,0.9804,1.9018,0.22,0.1716,0.2183,0.0044,1,3,90,1,2026-08-18T09:51:03.485535+00:00,2026-08-18T09:51:31.711249+00:00
30,445,Amass,14,DEF,40,0,0,0.0,0.0,0.0,0,1,0,0,0,2026-08-18T09:51:03.485535+00:00,2026-08-18T09:51:31.711249+00:00
30,446,Fredricson,14,DEF,37,1.092,1.8928,0.1,0.198,0.1088,0.0016,1,0,0,0,2026-08-18T09:51:03.485535+00:00,2026-08-18T09:51:31.711249+00:00
30,447,Heaven,14,DEF,37,1.0048,1.9347,0.22,0.1716,0.2183,0.0044,1,0,0,0,2026-08-18T09:51:03.485535+00:00,2026-08-18T09:51:31.711249+00:00
30,448,Malacia,14,DEF,38,0.7428,1.6486,0.1,0.198,0.1088,0.0012,1,0,0,0,2026-08-18T09:51:03.485535+00:00,2026-08-18T09:51:31.711249+00:00
30,449,B.Fernandes,14,MID,101,5.1796,4.0791,0.82,0.0324,0.7652,0.1484,1,10,90,1,2026-08-18T09:51:03.485535+00:00,2026-08-18T09:51:31.711249+00:00
30,450,Cunha,14,MID,80,3.3804,3.3067,0.68,0.0576,0.637,0.0552,1,8,90,1,2026-08-18T09:51:03.485535+00:00,2026-08-18T09:51:31.711249+00:00
30,451,Rashford,14,MID,70,0,0,0.0,0.0,0.0,0,1,0,0,0,2026-08-18T09:51:03.485535+00:00,2026-08-18T09:51:31.711249+00:00
30,452,Amad,14,MID,62,3.1484,3.1763,0.68,0.0576,0.637,0.0468,1,2,90,1,2026-08-18T09:51:03.485535+00:00,2026-08-18T09:51:31.711249+00:00
30,454,Antony,14,MID,59,0,0,0.0,0.0,0.0,0,1,0,0,0,2026-08-18T09:51:03.485535+00:00,2026-08-18T09:51:31.711249+00:00
30,455,Mount,14,MID,59,1.9736,2.3764,0.48,0.1456,0.458,0.0124,1,0,0,0,2026-08-18T09:51:03.485535+00:00,2026-08-18T09:51:31.711249+00:00
30,457,Casemiro,14,MID,56,4.3204,3.2868,0.82,0.0324,0.7652,0.0788,1,6,90,1,2026-08-18T09:51:03.485535+00:00,2026-08-18T09:51:31.711249+00:00
30,458,Mainoo,14,MID,46,1.5792,1.7275,0.48,0.1144,0.4556,0.0024,1,4,90,1,2026-08-18T09:51:03.485535+00:00,2026-08-18T09:51:31.711249+00:00
30,459,Ugarte,14,MID,47,1.2988,1.9774,0.28,0.1584,0.2731,0.0036,1,1,1,0,2026-08-18T09:51:03.485535+00:00,2026-08-18T09:51:31.711249+00:00
30,460,Collyer,14,MID,45,0,0,0.0,0.0,0.0,0,1,0,0,0,2026-08-18T09:51:03.485535+00:00,2026-08-18T09:51:31.711249+00:00
30,461,Fitzgerald,14,MID,43,0.4564,0.9739,0.1,0.198,0.1088,0.0,1,0,0,0,2026-08-18T09:51:03.485535+00:00,2026-08-18T09:51:31.711249+00:00
30,462,J.Fletcher,14,MID,43,0.5244,1.0734,0.1,0.198,0.1088,0.0008,1,0,0,0,2026-08-18T09:51:03.485535+00:00,2026-08-18T09:51:31.711249+00:00
30,463,Kone,14,MID,43,0,0,0.0,0.0,0.0,0,1,0,0,0,2026-08-18T09:51:03.485535+00:00,2026-08-18T09:51:31.711249+00:00
30,464,Moorhouse,14,MID,45,0,0,0.0,0.0,0.0,0,1,0,0,0,2026-08-18T09:51:03.485535+00:00,2026-08-18T09:51:31.711249+00:00
30,465,Højlund,14,FWD,63,0,0,0.0,0.0,0.0,0,1,0,0,0,2026-08-18T09:51:03.485535+00:00,2026-08-18T09:51:31.711249+00:00
30,466,Zirkzee,14,FWD,58,1.4392,2.2082,0.28,0.2016,0.2765,0.01,1,0,0,0,2026-08-18T09:51:03.485535+00:00,2026-08-18T09:51:31.711249+00:00
30,467,Obi,14,FWD,42,0.4484,0.969,0.1,0.198,0.1088,0.0008,1,0,0,0,2026-08-18T09:51:03.485535+00:00,2026-08-18T09:51:31.711249+00:00
30,468,Wheatley,14,FWD,45,0,0,0.0,0.0,0.0,0,1,0,0,0,2026-08-18T09:51:03.485535+00:00,2026-08-18T09:51:31.711249+00:00
30,681,Šeško,14,FWD,73,1.4644,2.4148,0.24,0.2128,0.2402,0.012,1,5,15,0,2026-08-18T09:51:03.485535+00:00,2026-08-18T09:51:31.711249+00:00
30,733,Lammens,14,GKP,50,3.2576,2.2526,0.9,0.008,0.8376,0.0004,1,2,90,1,2026-08-18T09:51:03.485535+00:00,2026-08-18T09:51:31.711249+00:00
30,755,Lacey,14,MID,45,0.488,1.0003,0.1,0.198,0.1088,0.0008,1,0,0,0,2026-08-18T09:51:03.485535+00:00,2026-08-18T09:51:31.711249+00:00
30,769,Bendito Mantato,14,MID,45,0.4864,1.0063,0.1,0.198,0.1088,0.0,1,0,0,0,2026-08-18T09:51:03.485535+00:00,2026-08-18T09:51:31.711249+00:00
30,771,Fletcher,14,MID,44,0.4844,0.9902,0.1,0.198,0.1088,0.0,1,0,0,0,2026-08-18T09:51:03.485535+00:00,2026-08-18T09:51:31.711249+00:00
30,788,Kukonki,14,DEF,40,0.5004,1.1934,0.1,0.198,0.1088,0.0,1,0,0,0,2026-08-18T09:51:03.485535+00:00,2026-08-18T09:51:31.711249+00:00
30,827,Thwaites,14,MID,45,0.4856,0.9615,0.1,0.198,0.1088,0.0,1,,,,2026-08-18T09:51:03.485535+00:00,
30,52,J.Ramsey,15,MID,53,1.5484,1.924,0.48,0.1144,0.4556,0.0048,1,3,90,1,2026-08-18T09:51:03.485535+00:00,2026-08-18T09:51:31.711249+00:00
30,135,Wissa,15,FWD,73,1.1304,1.7885,0.28,0.2016,0.2765,0.006,1,0,0,0,2026-08-18T09:51:03.485535+00:00,2026-08-18T09:51:31.711249+00:00
30,469,Pope,15,GKP,51,2.8732,2.1078,0.9,0.008,0.8376,0.0016,1,0,0,0,2026-08-18T09:51:03.485535+00:00,2026-08-18T09:51:31.711249+00:00
30,471,Gillespie,15,GKP,39,0.162,0.7435,0.04,0.0384,0.0403,0.0,1,0,0,0,2026-08-18T09:51:03.485535+00:00,2026-08-18T09:51:31.711249+00:00
30,472,Odysseas,15,GKP,40,0,0,0.0,0.0,0.0,0,1,0,0,0,2026-08-18T09:51:03.485535+00:00,2026-08-18T09:51:31.711249+00:00
30,473,Hall,15,DEF,53,2.5208,2.5859,0.68,0.0576,0.637,0.0152,1,5,90,1,2026-08-18T09:51:03.485535+00:00,2026-08-18T09:51:31.711249+00:00
30,474,Schär,15,DEF,52,0,0,0.0,0.0,0.0,0,1,0,0,0,2026-08-18T09:51:03.485535+00:00,2026-08-18T09:51:31.711249+00:00
30,475,Botman,15,DEF,49,1.9996,2.6049,0.48,0.1144,0.4556,0.0128,1,10,90,1,2026-08-18T09:51:03.485535+00:00,2026-08-18T09:51:31.711249+00:00
30,476,Burn,15,DEF,50,2.238,2.3714,0.68,0.0576,0.637,0.0032,1,1,13,0,2026-08-18T09:51:03.485535+00:00,2026-08-18T09:51:31.711249+00:00
30,477,Livramento,15,DEF,49,0,0,0.0,0.0,0.0,0,1,6,90,1,2026-08-18T09:51:03.485535+00:00,2026-08-18T09:51:31.711249+00:00
30,478,Trippier,15,DEF,49,1.996,2.1351,0.68,0.0704,0.638,0.0024,1,0,0,0,2026-08-18T09:51:03.485535+00:00,2026-08-18T09:51:31.711249+00:00
30,479,Krafth,15,DEF,43,0,0,0.0,0.0,0.0,0,1,0,0,0,2026-08-18T09:51:03.485535+00:00,2026-08-18T09:51:31.711249+00:00
30,480,Lascelles,15,DEF,43,0,0,0.0,0.0,0.0,0,1,0,0,0,2026-08-18T09:51:03.485535+00:00,2026-08-18T09:51:31.711249+00:00
30,481,A.Murphy,15,DEF,38,1.0192,1.7564,0.1,0.198,0.1088,0.0012,1,0,0,0,2026-08-18T09:51:03.485535+00:00,2026-08-18T09:51:31.711249+00:00
30,482,Ashby,15,DEF,39,0,0,0.0,0.0,0.0,0,1,0,0,0,2026-08-18T09:51:03.485535+00:00,2026-08-18T09:51:31.711249+00:00
30,483,Pivas,15,DEF,38,0.444,1.0253,0.1,0.198,0.1088,0.0,1,0,0,0,2026-08-18T09:51:03.485535+00:00,2026-08-18T09:51:31.711249+00:00
30,484,Targett,15,DEF,40,0,0,0.0,0.0,0.0,0,1,0,0,0,2026-08-18T09:51:03.485535+00:00,2026-08-18T09:51:31.711249+00:00
30,485,Gordon,15,MID,72,3.0492,3.1795,0.68,0.0576,0.637,0.046,1,11,90,1,2026-08-18T09:51:03.485535+00:00,2026-08-18T09:51:31.711249+00:00
30,486,Elanga,15,MID,65,1.6116,1.9262,0.48,0.1456,0.458,0.0072,1,1,12,0,2026-08-18T09:51:03.485535+00:00,2026-08-18T09:51:31.711249+00:00
30,487,Barnes,15,MID,61,3.126,2.9531,0.68,0.0896,0.6396,0.034,1,3,90,1,2026-08-18T09:51:03.485535+00:00,2026-08-18T09:51:31.711249+00:00
30,488,Bruno G.,15,MID,68,3.6976,2.9109,0.82,0.0324,0.7652,0.0452,1,0,0,0,2026-08-18T09:51:03.485535+00:00,2026-08-18T09:51:31.711249+00:00
30,489,J.Murphy,15,MID,59,1.8496,2.2783,0.48,0.1456,0.458,0.0124,1,3,77,1,2026-08-18T09:51:03.485535+00:00,2026-08-18T09:51:31.711249+00:00
30,490,Joelinton,15,MID,59,0,0,0.0,0.0,0.0,0,1,1,23,0,2026-08-18T09:51:03.485535+00:00,2026-08-18T09:51:31.711249+00:00
30,491,Tonali,15,MID,53,1.4248,1.8498,0.41,0.1062,0.3898,0.0012,1,0,0,0,2026-08-18T09:51:03.485535+00:00,2026-08-18T09:51:31.711249+00:00
30,492,Antoñito C.,15,MID,49,0,0,0.0,0.0,0.0,0,1,0,0,0,2026-08-18T09:51:03.485535+00:00,2026-08-18T09:51:31.711249+00:00
30,494,Willock,15,MID,50,0.9612,1.5607,0.28,0.1584,0.2731,0.0032,1,6,76,1,2026-08-18T09:51:03.485535+00:00,2026-08-18T09:51:31.711249+00:00
30,495,Hayden,15,MID,45,0,0,0.0,0.0,0.0,0,1,0,0,0,2026-08-18T09:51:03.485535+00:00,2026-08-18T09:51:31.711249+00:00
30,496,Kuol,15,MID,44,0,0,0.0,0.0,0.0,0,1,0,0,0,2026-08-18T09:51:03.485535+00:00,2026-08-18T09:51:31.711249+00:00
30,497,L.Miley,15,MID,44,0,0,0.0,0.0,0.0,0,1,0,0,0,2026-08-18T09:51:03.485535+00:00,2026-08-18T09:51:31.711249+00:00
30,498,White,15,MID,45,0,0,0.0,0.0,0.0,0,1,0,0,0,2026-08-18T09:51:03.485535+00:00,2026-08-18T09:51:31.711249+00:00
30,500,Osula,15,FWD,54,0.6908,1.2276,0.18,0.1804,0.1818,0.002,1,0,0,0,2026-08-18T09:51:03.485535+00:00,2026-08-18T09:51:31.711249+00:00
30,501,Neave,15,FWD,43,0.4344,0.8996,0.1,0.198,0.1088,0.0004,1,0,0,0,2026-08-18T09:51:03.485535+00:00,2026-08-18T09:51:31.711249+00:00
30,674,Ramsdale,15,GKP,48,0.3256,1.0,0.08,0.0736,0.0803,0.0,1,7,90,1,2026-08-18T09:51:03.485535+00:00,2026-08-18T09:51:31.711249+00:00
30,684,Thiaw,15,DEF,50,3.432,3.0738,0.82,0.0324,0.7652,0.0444,1,9,90,1,2026-08-18T09:51:03.485535+00:00,2026-08-18T09:51:31.711249+00:00
30,689,Seung soo,15,MID,43,0.4892,1.0111,0.1,0.198,0.1088,0.0,1,0,0,0,2026-08-18T09:51:03.485535+00:00,2026-08-18T09:51:31.711249+00:00
30,714,Woltemade,15,FWD,67,2.7712,2.6948,0.68,0.0576,0.637,0.0276,1,2,66,1,2026-08-18T09:51:03.485535+00:00,2026-08-18T09:51:31.711249+00:00
30,753,Ruddy,15,GKP,40,0.166,0.7586,0.04,0.0384,0.0403,0.0,1,0,0,0,2026-08-18T09:51:03.485535+00:00,2026-08-18T09:51:31.711249+00:00
30,765,Shahar,15,DEF,40,0.4736,1.1226,0.1,0.198,0.1088,0.0004,1,0,0,0,2026-08-18T09:51:03.485535+00:00,2026-08-18T09:51:31.711249+00:00
30,772,Alabi,15,MID,45,0.4804,0.9873,0.1,0.198,0.1088,0.0004,1,0,0,0,2026-08-18T09:51:03.485535+00:00,2026-08-18T09:51:31.711249+00:00
30,12,Zinchenko,16,DEF,49,0,0,0.0,0.0,0.0,0,1,0,0,0,2026-08-18T09:51:03.485535+00:00,2026-08-18T09:51:31.711249+00:00
30,400,Ortega Moreno,16,GKP,47,0.3516,1.1018,0.08,0.0736,0.0803,0.0,1,0,0,0,2026-08-18T09:51:03.485535+00:00,2026-08-18T09:51:31.711249+00:00
30,426,McAtee,16,MID,50,0.7176,1.2766,0.18,0.1804,0.1818,0.0012,1,1,2,0,2026-08-18T09:51:03.485535+00:00,2026-08-18T09:51:31.711249+00:00
30,502,Sels,16,GKP,46,3.3924,2.2936,0.9,0.008,0.8376,0.0012,1,6,90,1,2026-08-18T09:51:03.485535+00:00,2026-08-18T09:51:31.711249+00:00
30,503,C.Miguel,16,GKP,40,0,0,0.0,0.0,0.0,0,1,0,0,0,2026-08-18T09:51:03.485535+00:00,2026-08-18T09:51:31.711249+00:00
30,504,Turner,16,GKP,40,0,0,0.0,0.0,0.0,0,1,0,0,0,2026-08-18T09:51:03.485535+00:00,2026-08-18T09:51:31.711249+00:00
30,505,Milenković,16,DEF,51,2.8608,2.5476,0.82,0.0324,0.7652,0.0108,1,6,90,1,2026-08-18T09:51:03.485535+00:00,2026-08-18T09:51:31.711249+00:00
30,506,Murillo,16,DEF,52,0,0,0.0,0.0,0.0,0,1,6,90,1,2026-08-18T09:51:03.485535+00:00,2026-08-18T09:51:31.711249+00:00
30,507,Aina,16,DEF,47,0.9712,1.836,0.24,0.1672,0.2366,0.0024,1,10,90,1,2026-08-18T09:51:03.485535+00:00,2026-08-18T09:51:31.711249+00:00
30,508,N.Williams,16,DEF,47,3.3276,2.8917,0.82,0.0324,0.7652,0.0324,1,5,90,1,2026-08-18T09:51:03.485535+00:00,2026-08-18T09:51:31.711249+00:00
30,509,David Carmo,16,DEF,45,0,0,0.0,0.0,0.0,0,1,0,0,0,2026-08-18T09:51:03.485535+00:00,2026-08-18T09:51:31.711249+00:00
30,510,Jair Cunha,16,DEF,42,0.552,1.3476,0.1,0.198,0.1088,0.002,1,0,0,0,2026-08-18T09:51:03.485535+00:00,2026-08-18T09:51:31.711249+00:00
30,511,Morato,16,DEF,43,1.0356,2.0084,0.22,0.1716,0.2183,0.0044,1,0,0,0,2026-08-18T09:51:03.485535+00:00,2026-08-18T09:51:31.711249+00:00
30,512,O.Richards,16,DEF,45,0,0,0.0,0.0,0.0,0,1,0,0,0,2026-08-18T09:51:03.485535+00:00,2026-08-18T09:51:31.711249+00:00
30,513,Abbott,16,DEF,38,0.566,1.2974,0.1,0.198,0.1088,0.0004,1,0,0,0,2026-08-18T09:51:03.485535+00:00,2026-08-18T09:51:31.711249+00:00
30,514,Boly,16,DEF,38,0,0,0.0,0.0,0.0,0,1,0,0,0,2026-08-18T09:51:03.485535+00:00,2026-08-18T09:51:31.711249+00:00
30,515,Gibbs-White,16,MID,73,3.624,3.0813,0.82,0.0324,0.7652,0.0448,1,3,73,1,2026-08-18T09:51:03.485535+00:00,2026-08-18T09:51:31.711249+00:00
30,516,Hudson-Odoi,16,MID,57,0,0,0.0,0.0,0.0,0,1,1,45,1,2026-08-18T09:51:03.485535+00:00,2026-08-18T09:51:31.711249+00:00
30,517,Anderson,16,MID,55,3.8808,2.6413,0.82,0.0324,0.7652,0.032,1,2,87,1,2026-08-18T09:51:03.485535+00:00,2026-08-18T09:51:31.711249+00:00
30,518,Jota,16,MID,54,0,0,0.0,0.0,0.0,0,1,0,0,0,2026-08-18T09:51:03.485535+00:00,2026-08-18T09:51:31.711249+00:00
30,519,Dominguez,16,MID,50,1.7748,2.1486,0.48,0.1144,0.4556,0.008,1,1,45,1,2026-08-18T09:51:03.485535+00:00,2026-08-18T09:51:31.711249+00:00
30,520,O'Brien,16,MID,50,0,0,0.0,0.0,0.0,0,1,0,0,0,2026-08-18T09:51:03.485535+00:00,2026-08-18T09:51:31.711249+00:00
30,521,Sangaré,16,MID,49,2.3644,2.2244,0.68,0.0576,0.637,0.0076,1,3,90,1,2026-08-18T09:51:03.485535+00:00,2026-08-18T09:51:31.711249+00:00
30,522,Yates,16,MID,47,0.9944,1.5873,0.28,0.1584,0.2731,0.0032,1,1,16,0,2026-08-18T09:51:03.485535+00:00,2026-08-18T09:51:31.711249+00:00
30,523,Da Silva Moreira,16,MID,45,0.4788,0.9514,0.1,0.198,0.1088,0.0,1,0,0,0,2026-08-18T09:51:03.485535+00:00,2026-08-18T09:51:31.711249+00:00
30,524,Stamenic,16,MID,45,0,0,0.0,0.0,0.0,0,1,0,0,0,2026-08-18T09:51:03.485535+00:00,2026-08-18T09:51:31.711249+00:00
30,525,Wood,16,FWD,71,1.3584,2.159,0.28,0.2016,0.2765,0.0124,1,0,0,0,2026-08-18T09:51:03.485535+00:00,2026-08-18T09:51:31.711249+00:00
30,526,Igor Jesus,16,FWD,58,2.4812,2.405,0.68,0.0576,0.637,0.0228,1,2,62,1,2026-08-18T09:51:03.485535+00:00,2026-08-18T09:51:31.711249+00:00
30,527,Awoniyi,16,FWD,52,0.6964,1.2953,0.18,0.1804,0.1818,0.0004,1,1,27,0,2026-08-18T09:51:03.485535+00:00,2026-08-18T09:51:31.711249+00:00
30,669,Ndoye,16,MID,55,1.9108,2.2233,0.48,0.1456,0.458,0.01,1,1,45,1,2026-08-18T09:51:03.485535+00:00,2026-08-18T09:51:31.711249+00:00
30,675,Gunn,16,GKP,40,0.1964,0.873,0.04,0.0384,0.0403,0.0,1,0,0,0,2026-08-18T09:51:03.485535+00:00,2026-08-18T09:51:31.711249+00:00
30,693,Hutchinson,16,MID,54,1.9536,2.4059,0.48,0.1144,0.4556,0.0136,1,1,45,1,2026-08-18T09:51:03.485535+00:00,2026-08-18T09:51:31.711249+00:00
30,696,Kalimuendo,16,FWD,60,0,0,0.0,0.0,0.0,0,1,0,0,0,2026-08-18T09:51:03.485535+00:00,2026-08-18T09:51:31.711249+00:00
30,715,John,16,GKP,40,0.1512,0.6673,0.04,0.0384,0.0403,0.0,1,0,0,0,2026-08-18T09:51:03.485535+00:00,2026-08-18T09:51:31.711249+00:00
30,716,Savona,16,DEF,45,0,0,0.0,0.0,0.0,0,1,0,0,0,2026-08-18T09:51:03.485535+00:00,2026-08-18T09:51:31.711249+00:00
30,729,Cuiabano,16,DEF,45,0,0,0.0,0.0,0.0,0,1,0,0,0,2026-08-18T09:51:03.485535+00:00,2026-08-18T09:51:31.711249+00:00
30,734,Bakwa,16,MID,59,1.1152,1.7648,0.28,0.2016,0.2765,0.0032,1,0,0,0,2026-08-18T09:51:03.485535+00:00,2026-08-18T09:51:31.711249+00:00
30,805,Lucca,16,FWD,55,1.44,1.8176,0.45,0.154,0.4308,0.0056,1,0,0,0,2026-08-18T09:51:03.485535+00:00,2026-08-18T09:51:31.711249+00:00
30,814,Netz,16,DEF,45,0.4776,1.155,0.1,0.198,0.1088,0.0008,1,0,0,0,2026-08-18T09:51:03.485535+00:00,2026-08-18T09:51:31.711249+00:00
30,835,Whitehall,16,MID,45,0.5052,1.0863,0.1,0.198,0.1088,0.0004,1,,,,2026-08-18T09:51:03.485535+00:00,
30,836,Sinclair,16,MID,45,0.4912,1.0692,0.1,0.198,0.1088,0.0008,1,,,,2026-08-18T09:51:03.485535+00:00,
30,841,Sillah,16,FWD,45,0.46,0.9398,0.1,0.198,0.1088,0.0,1,,,,2026-08-18T09:51:03.485535+00:00,
30,528,Patterson,17,GKP,42,0,0,0.0,0.0,0.0,0,1,0,0,0,2026-08-18T09:51:03.485535+00:00,2026-08-18T09:51:31.711249+00:00
30,529,Moore,17,GKP,39,0.1888,0.8313,0.04,0.0384,0.0403,0.0,1,0,0,0,2026-08-18T09:51:03.485535+00:00,2026-08-18T09:51:31.711249+00:00
30,530,Nna Noukeu,17,GKP,39,0,0,0.0,0.0,0.0,0,1,0,0,0,2026-08-18T09:51:03.485535+00:00,2026-08-18T09:51:31.711249+00:00
30,531,Ballard,17,DEF,47,3.7764,3.5604,0.68,0.0576,0.637,0.0576,1,4,63,1,2026-08-18T09:51:03.485535+00:00,2026-08-18T09:51:31.711249+00:00
30,532,Hume,17,DEF,45,0.9716,2.0125,0.22,0.1404,0.2158,0.0064,1,2,90,1,2026-08-18T09:51:03.485535+00:00,2026-08-18T09:51:31.711249+00:00
30,533,Alese,17,DEF,40,0,0,0.0,0.0,0.0,0,1,0,0,0,2026-08-18T09:51:03.485535+00:00,2026-08-18T09:51:31.711249+00:00
30,534,Anderson,17,DEF,38,0,0,0.0,0.0,0.0,0,1,0,0,0,2026-08-18T09:51:03.485535+00:00,2026-08-18T09:51:31.711249+00:00
30,535,Cirkin,17,DEF,40,0.9368,1.7968,0.22,0.1716,0.2183,0.0024,1,1,5,0,2026-08-18T09:51:03.485535+00:00,2026-08-18T09:51:31.711249+00:00
30,536,Hjelde,17,DEF,40,0,0,0.0,0.0,0.0,0,1,0,0,0,2026-08-18T09:51:03.485535+00:00,2026-08-18T09:51:31.711249+00:00
30,537,Huggins,17,DEF,40,0,0,0.0,0.0,0.0,0,1,0,0,0,2026-08-18T09:51:03.485535+00:00,2026-08-18T09:51:31.711249+00:00
30,538,Johnson,17,DEF,38,0,0,0.0,0.0,0.0,0,1,0,0,0,2026-08-18T09:51:03.485535+00:00,2026-08-18T09:51:31.711249+00:00
30,539,O'Nien,17,DEF,40,0.5172,1.2461,0.1,0.198,0.1088,0.0008,1,1,26,0,2026-08-18T09:51:03.485535+00:00,2026-08-18T09:51:31.711249+00:00
30,540,Pembele,17,DEF,39,0,0,0.0,0.0,0.0,0,1,0,0,0,2026-08-18T09:51:03.485535+00:00,2026-08-18T09:51:31.711249+00:00
30,541,Reinildo,17,DEF,38,0.8648,1.729,0.22,0.1716,0.2183,0.0016,1,0,0,0,2026-08-18T09:51:03.485535+00:00,2026-08-18T09:51:31.711249+00:00
30,542,Seelt,17,DEF,40,0,0,0.0,0.0,0.0,0,1,0,0,0,2026-08-18T09:51:03.485535+00:00,2026-08-18T09:51:31.711249+00:00
30,543,Adingra,17,MID,49,0,0,0.0,0.0,0.0,0,1,0,0,0,2026-08-18T09:51:03.485535+00:00,2026-08-18T09:51:31.711249+00:00
30,544,Diarra,17,MID,53,1.6936,2.1956,0.48,0.1144,0.4556,0.0092,1,2,90,1,2026-08-18T09:51:03.485535+00:00,2026-08-18T09:51:31.711249+00:00
30,545,Roberts,17,MID,54,0,0,0.0,0.0,0.0,0,1,0,0,0,2026-08-18T09:51:03.485535+00:00,2026-08-18T09:51:31.711249+00:00
30,546,Aleksić,17,MID,49,0.7812,1.4189,0.18,0.1804,0.1818,0.0008,1,0,0,0,2026-08-18T09:51:03.485535+00:00,2026-08-18T09:51:31.711249+00:00
30,547,E.Le Fée,17,MID,50,3.4512,2.9108,0.82,0.0324,0.7652,0.0396,1,0,0,0,2026-08-18T09:51:03.485535+00:00,2026-08-18T09:51:31.711249+00:00
30,548,Mundle,17,MID,49,0,0,0.0,0.0,0.0,0,1,0,0,0,2026-08-18T09:51:03.485535+00:00,2026-08-18T09:51:31.711249+00:00
30,549,Neil,17,MID,48,0,0,0.0,0.0,0.0,0,1,0,0,0,2026-08-18T09:51:03.485535+00:00,2026-08-18T09:51:31.711249+00:00
30,550,Poveda,17,MID,48,0.7224,1.2917,0.18,0.1804,0.1818,0.0008,1,0,0,0,2026-08-18T09:51:03.485535+00:00,2026-08-18T09:51:31.711249+00:00
30,551,Rigg,17,MID,47,0.98,1.4845,0.28,0.1584,0.2731,0.0016,1,2,90,1,2026-08-18T09:51:03.485535+00:00,2026-08-18T09:51:31.711249+00:00
30,552,Sadiki,17,MID,49,2.0576,1.4238,0.82,0.0324,0.7652,0.0012,1,2,90,1,2026-08-18T09:51:03.485535+00:00,2026-08-18T09:51:31.711249+00:00
30,553,Talbi,17,MID,49,0,0,0.0,0.0,0.0,0,1,2,84,1,2026-08-18T09:51:03.485535+00:00,2026-08-18T09:51:31.711249+00:00
30,554,Ba,17,MID,43,0.4744,0.9517,0.1,0.198,0.1088,0.0,1,0,0,0,2026-08-18T09:51:03.485535+00:00,2026-08-18T09:51:31.711249+00:00
30,555,Browne,17,MID,45,0,0,0.0,0.0,0.0,0,1,0,0,0,2026-08-18T09:51:03.485535+00:00,2026-08-18T09:51:31.711249+00:00
30,556,Ekwah,17,MID,45,0,0,0.0,0.0,0.0,0,1,0,0,0,2026-08-18T09:51:03.485535+00:00,2026-08-18T09:51:31.711249+00:00
30,557,H.Jones,17,MID,43,0.5008,1.0354,0.1,0.198,0.1088,0.0004,1,0,0,0,2026-08-18T09:51:03.485535+00:00,2026-08-18T09:51:31.711249+00:00
30,558,Matete,17,MID,43,0,0,0.0,0.0,0.0,0,1,0,0,0,2026-08-18T09:51:03.485535+00:00,2026-08-18T09:51:31.711249+00:00
30,559,Triantis,17,MID,44,0,0,0.0,0.0,0.0,0,1,0,0,0,2026-08-18T09:51:03.485535+00:00,2026-08-18T09:51:31.711249+00:00
30,560,Isidor,17,FWD,51,1.8868,2.2935,0.48,0.1144,0.4556,0.0084,1,0,0,0,2026-08-18T09:51:03.485535+00:00,2026-08-18T09:51:31.711249+00:00
30,561,Mayenda,17,FWD,52,1.8428,2.2029,0.48,0.1144,0.4556,0.0108,1,1,12,0,2026-08-18T09:51:03.485535+00:00,2026-08-18T09:51:31.711249+00:00
30,562,Abdullahi,17,FWD,42,0.436,0.9142,0.1,0.198,0.1088,0.0004,1,0,0,0,2026-08-18T09:51:03.485535+00:00,2026-08-18T09:51:31.711249+00:00
30,563,Luís Hemir,17,FWD,44,0,0,0.0,0.0,0.0,0,1,0,0,0,2026-08-18T09:51:03.485535+00:00,2026-08-18T09:51:31.711249+00:00
30,564,Rusyn,17,FWD,44,0,0,0.0,0.0,0.0,0,1,0,0,0,2026-08-18T09:51:03.485535+00:00,2026-08-18T09:51:31.711249+00:00
30,668,Xhaka,17,MID,51,2.9616,2.0483,0.82,0.0324,0.7652,0.0072,1,1,90,1,2026-08-18T09:51:03.485535+00:00,2026-08-18T09:51:31.711249+00:00
30,670,Roefs,17,GKP,48,3.496,2.3837,0.9,0.008,0.8376,0.0032,1,0,0,0,2026-08-18T09:51:03.485535+00:00,2026-08-18T09:51:31.711249+00:00
30,678,Masuaku,17,DEF,39,0,0,0.0,0.0,0.0,0,1,0,0,0,2026-08-18T09:51:03.485535+00:00,2026-08-18T09:51:31.711249+00:00
30,683,Alderete,17,DEF,41,0.6588,1.7075,0.11,0.1602,0.1151,0.0052,1,2,90,1,2026-08-18T09:51:03.485535+00:00,2026-08-18T09:51:31.711249+00:00
30,694,Mukiele,17,DEF,45,1.126,2.2225,0.22,0.1404,0.2158,0.0084,1,0,0,0,2026-08-18T09:51:03.485535+00:00,2026-08-18T09:51:31.711249+00:00
30,724,Geertruida,17,DEF,45,0.93,1.7862,0.22,0.1716,0.2183,0.002,1,2,90,1,2026-08-18T09:51:03.485535+00:00,2026-08-18T09:51:31.711249+00:00
30,730,Brobbey,17,FWD,54,1.7216,2.1952,0.48,0.1144,0.4556,0.0116,1,2,77,1,2026-08-18T09:51:03.485535+00:00,2026-08-18T09:51:31.711249+00:00
30,735,Traoré,17,MID,55,1.4988,1.7591,0.48,0.1456,0.458,0.0044,1,0,0,0,2026-08-18T09:51:03.485535+00:00,2026-08-18T09:51:31.711249+00:00
30,774,Jenson Jones,17,DEF,40,0.5468,1.2654,0.1,0.198,0.1088,0.0008,1,0,0,0,2026-08-18T09:51:03.485535+00:00,2026-08-18T09:51:31.711249+00:00
30,775,Tutierov,17,MID,45,0,0,0.0,0.0,0.0,0,1,0,0,0,2026-08-18T09:51:03.485535+00:00,2026-08-18T09:51:31.711249+00:00
30,800,Jocelin.T,17,MID,50,0.7144,1.3056,0.18,0.1804,0.1818,0.0004,1,0,0,0,2026-08-18T09:51:03.485535+00:00,2026-08-18T09:51:31.711249+00:00
30,812,Ellborg,17,GKP,40,0.1968,0.889,0.04,0.0384,0.0403,0.0,1,3,90,1,2026-08-18T09:51:03.485535+00:00,2026-08-18T09:51:31.711249+00:00
30,813,Angulo,17,MID,50,1.0176,1.6736,0.28,0.1584,0.2731,0.0036,1,0,0,0,2026-08-18T09:51:03.485535+00:00,2026-08-18T09:51:31.711249+00:00
30,821,Whittaker,17,MID,45,0.4784,0.9618,0.1,0.198,0.1088,0.0,1,0,0,0,2026-08-18T09:51:03.485535+00:00,2026-08-18T09:51:31.711249+00:00
30,822,Jones,17,MID,45,0.4616,0.95,0.1,0.198,0.1088,0.0004,1,0,0,0,2026-08-18T09:51:03.485535+00:00,2026-08-18T09:51:31.711249+00:00
30,565,Vicario,18,GKP,47,2.8704,2.1007,0.9,0.008,0.8376,0.0,1,3,90,1,2026-08-18T09:51:03.485535+00:00,2026-08-18T09:51:31.711249+00:00
30,566,Austin,18,GKP,39,0.1464,0.6684,0.04,0.0384,0.0403,0.0,1,0,0,0,2026-08-18T09:51:03.485535+00:00,2026-08-18T09:51:31.711249+00:00
30,567,Kinsky,18,GKP,39,0.2012,0.8382,0.04,0.0384,0.0403,0.0,1,0,0,0,2026-08-18T09:51:03.485535+00:00,2026-08-18T09:51:31.711249+00:00
30,568,Pedro Porro,18,DEF,51,2.2016,2.4382,0.68,0.0576,0.637,0.0088,1,2,90,1,2026-08-18T09:51:03.485535+00:00,2026-08-18T09:51:31.711249+00:00
30,569,Romero,18,DEF,50,0,0,0.0,0.0,0.0,0,1,0,0,0,2026-08-18T09:51:03.485535+00:00,2026-08-18T09:51:31.711249+00:00
30,570,Danso,18,DEF,42,1.0528,1.9425,0.22,0.1716,0.2183,0.0028,1,4,90,1,2026-08-18T09:51:03.485535+00:00,2026-08-18T09:51:31.711249+00:00
30,571,Davies,18,DEF,43,0,0,0.0,0.0,0.0,0,1,0,0,0,2026-08-18T09:51:03.485535+00:00,2026-08-18T09:51:31.711249+00:00
30,572,Dragusin,18,DEF,45,1.018,1.9217,0.22,0.1716,0.2183,0.0024,1,4,90,1,2026-08-18T09:51:03.485535+00:00,2026-08-18T09:51:31.711249+00:00
30,573,Spence,18,DEF,42,0.7856,1.6255,0.22,0.1404,0.2158,0.0012,1,4,75,1,2026-08-18T09:51:03.485535+00:00,2026-08-18T09:51:31.711249+00:00
30,574,Udogie,18,DEF,43,0.728,1.4175,0.22,0.1716,0.2183,0.0012,1,0,0,0,2026-08-18T09:51:03.485535+00:00,2026-08-18T09:51:31.711249+00:00
30,575,Van de Ven,18,DEF,44,0.9164,1.9644,0.22,0.1404,0.2158,0.0072,1,0,0,0,2026-08-18T09:51:03.485535+00:00,2026-08-18T09:51:31.711249+00:00
30,576,Phillips,18,DEF,40,0,0,0.0,0.0,0.0,0,1,0,0,0,2026-08-18T09:51:03.485535+00:00,2026-08-18T09:51:31.711249+00:00
30,577,Takai,18,DEF,40,0,0,0.0,0.0,0.0,0,1,0,0,0,2026-08-18T09:51:03.485535+00:00,2026-08-18T09:51:31.711249+00:00
30,578,Vuskovic,18,DEF,39,0,0,0.0,0.0,0.0,0,1,0,0,0,2026-08-18T09:51:03.485535+00:00,2026-08-18T09:51:31.711249+00:00
30,579,Son,18,MID,85,0,0,0.0,0.0,0.0,0,1,0,0,0,2026-08-18T09:51:03.485535+00:00,2026-08-18T09:51:31.711249+00:00
30,581,Maddison,18,MID,68,3.2504,3.2212,0.68,0.0576,0.637,0.0504,1,0,0,0,2026-08-18T09:51:03.485535+00:00,2026-08-18T09:51:31.711249+00:00
30,582,Kudus,18,MID,64,0,0,0.0,0.0,0.0,0,1,0,0,0,2026-08-18T09:51:03.485535+00:00,2026-08-18T09:51:31.711249+00:00
30,583,Kulusevski,18,MID,64,0,0,0.0,0.0,0.0,0,1,0,0,0,2026-08-18T09:51:03.485535+00:00,2026-08-18T09:51:31.711249+00:00
30,584,Tel,18,MID,62,1.3672,2.1594,0.28,0.2016,0.2765,0.0104,1,2,74,1,2026-08-18T09:51:03.485535+00:00,2026-08-18T09:51:31.711249+00:00
30,585,Bentancur,18,MID,52,2.5916,2.1478,0.68,0.0704,0.638,0.0044,1,0,0,0,2026-08-18T09:51:03.485535+00:00,2026-08-18T09:51:31.711249+00:00
30,586,Bergvall,18,MID,52,1.4252,1.6892,0.48,0.1144,0.4556,0.0016,1,0,0,0,2026-08-18T09:51:03.485535+00:00,2026-08-18T09:51:31.711249+00:00
30,587,Bissouma,18,MID,52,1.116,1.7713,0.28,0.1584,0.2731,0.0024,1,0,0,0,2026-08-18T09:51:03.485535+00:00,2026-08-18T09:51:31.711249+00:00
30,588,Odobert,18,MID,53,0,0,0.0,0.0,0.0,0,1,0,0,0,2026-08-18T09:51:03.485535+00:00,2026-08-18T09:51:31.711249+00:00
30,589,Solomon,18,MID,54,0,0,0.0,0.0,0.0,0,1,0,0,0,2026-08-18T09:51:03.485535+00:00,2026-08-18T09:51:31.711249+00:00
30,590,Bryan,18,MID,49,0,0,0.0,0.0,0.0,0,1,0,0,0,2026-08-18T09:51:03.485535+00:00,2026-08-18T09:51:31.711249+00:00
30,591,Gray,18,MID,48,1.61,1.9498,0.48,0.1144,0.4556,0.0044,1,2,90,1,2026-08-18T09:51:03.485535+00:00,2026-08-18T09:51:31.711249+00:00
30,592,Moore,18,MID,50,0,0,0.0,0.0,0.0,0,1,0,0,0,2026-08-18T09:51:03.485535+00:00,2026-08-18T09:51:31.711249+00:00
30,593,P.M.Sarr,18,MID,45,1.9896,2.2623,0.48,0.1144,0.4556,0.0068,1,4,90,1,2026-08-18T09:51:03.485535+00:00,2026-08-18T09:51:31.711249+00:00
30,594,Min-hyeok,18,MID,45,0,0,0.0,0.0,0.0,0,1,0,0,0,2026-08-18T09:51:03.485535+00:00,2026-08-18T09:51:31.711249+00:00
30,595,Olusesi,18,MID,43,0.4708,0.9469,0.1,0.198,0.1088,0.0,1,1,14,0,2026-08-18T09:51:03.485535+00:00,2026-08-18T09:51:31.711249+00:00
30,596,Solanke,18,FWD,72,1.2416,1.8965,0.28,0.2016,0.2765,0.0044,1,2,90,1,2026-08-18T09:51:03.485535+00:00,2026-08-18T09:51:31.711249+00:00
30,597,Richarlison,18,FWD,63,1.938,2.5227,0.48,0.1456,0.458,0.018,1,9,90,1,2026-08-18T09:51:03.485535+00:00,2026-08-18T09:51:31.711249+00:00
30,598,Lankshear,18,FWD,45,0,0,0.0,0.0,0.0,0,1,0,0,0,2026-08-18T09:51:03.485535+00:00,2026-08-18T09:51:31.711249+00:00
30,599,Scarlett,18,FWD,43,0,0,0.0,0.0,0.0,0,1,0,0,0,2026-08-18T09:51:03.485535+00:00,2026-08-18T09:51:31.711249+00:00
30,673,J.Palhinha,18,MID,55,2.7128,2.3294,0.68,0.0576,0.637,0.01,1,0,0,0,2026-08-18T09:51:03.485535+00:00,2026-08-18T09:51:31.711249+00:00
30,717,Xavi,18,MID,65,0,0,0.0,0.0,0.0,0,1,1,34,0,2026-08-18T09:51:03.485535+00:00,2026-08-18T09:51:31.711249+00:00
30,726,Kolo Muani,18,FWD,69,1.4876,1.7538,0.48,0.1456,0.458,0.0048,1,4,15,0,2026-08-18T09:51:03.485535+00:00,2026-08-18T09:51:31.711249+00:00
30,745,Byfield,18,DEF,40,0.5168,1.1842,0.1,0.198,0.1088,0.0,1,0,0,0,2026-08-18T09:51:03.485535+00:00,2026-08-18T09:51:31.711249+00:00
30,750,Rowswell,18,DEF,40,0.4656,1.0802,0.1,0.198,0.1088,0.0004,1,1,1,0,2026-08-18T09:51:03.485535+00:00,2026-08-18T09:51:31.711249+00:00
30,751,Akhamrich,18,MID,45,0,0,0.0,0.0,0.0,0,1,0,0,0,2026-08-18T09:51:03.485535+00:00,2026-08-18T09:51:31.711249+00:00
30,790,Williams-Barnett,18,MID,45,0.4796,0.9738,0.1,0.198,0.1088,0.0004,1,0,0,0,2026-08-18T09:51:03.485535+00:00,2026-08-18T09:51:31.711249+00:00
30,796,Gallagher,18,MID,52,1.0268,1.6282,0.28,0.1584,0.2731,0.0024,1,0,0,0,2026-08-18T09:51:03.485535+00:00,2026-08-18T09:51:31.711249+00:00
30,804,Souza,18,DEF,40,0.4336,1.0145,0.1,0.198,0.1088,0.0,1,1,55,1,2026-08-18T09:51:03.485535+00:00,2026-08-18T09:51:31.711249+00:00
30,811,Kyerematen,18,MID,45,0.4376,0.9122,0.1,0.198,0.1088,0.0004,1,0,0,0,2026-08-18T09:51:03.485535+00:00,2026-08-18T09:51:31.711249+00:00
30,818,Wilson,18,FWD,45,0.4372,0.8494,0.1,0.198,0.1088,0.0,1,0,0,0,2026-08-18T09:51:03.485535+00:00,2026-08-18T09:51:31.711249+00:00
30,326,Adama,19,MID,51,0.4632,0.9701,0.09,0.2002,0.0997,0.0004,1,1,15,0,2026-08-18T09:51:03.485535+00:00,2026-08-18T09:51:31.711249+00:00
30,600,Areola,19,GKP,43,3.4756,2.3249,0.9,0.004,0.8373,0.0012,1,0,0,0,2026-08-18T09:51:03.485535+00:00,2026-08-18T09:51:31.711249+00:00
30,601,Foderingham,19,GKP,40,0,0,0.0,0.0,0.0,0,1,0,0,0,2026-08-18T09:51:03.485535+00:00,2026-08-18T09:51:31.711249+00:00
30,602,Hegyi,19,GKP,39,0,0,0.0,0.0,0.0,0,1,0,0,0,2026-08-18T09:51:03.485535+00:00,2026-08-18T09:51:31.711249+00:00
30,603,Diouf,19,DEF,40,1.0184,1.9955,0.22,0.1404,0.2158,0.0072,1,2,90,1,2026-08-18T09:51:03.485535+00:00,2026-08-18T09:51:31.711249+00:00
30,604,Emerson,19,DEF,44,0,0,0.0,0.0,0.0,0,1,0,0,0,2026-08-18T09:51:03.485535+00:00,2026-08-18T09:51:31.711249+00:00
30,605,Kilman,19,DEF,41,1.0032,1.9863,0.22,0.1404,0.2158,0.0044,1,0,0,0,2026-08-18T09:51:03.485535+00:00,2026-08-18T09:51:31.711249+00:00
30,606,Mavropanos,19,DEF,44,1.1496,2.3486,0.22,0.1404,0.2158,0.0128,1,12,90,1,2026-08-18T09:51:03.485535+00:00,2026-08-18T09:51:31.711249+00:00
30,607,N.Aguerd,19,DEF,44,0,0,0.0,0.0,0.0,0,1,0,0,0,2026-08-18T09:51:03.485535+00:00,2026-08-18T09:51:31.711249+00:00
30,608,Scarles,19,DEF,43,1.0728,2.0579,0.22,0.1716,0.2183,0.0052,1,0,0,0,2026-08-18T09:51:03.485535+00:00,2026-08-18T09:51:31.711249+00:00
30,609,Todibo,19,DEF,43,0.8828,1.7792,0.22,0.1404,0.2158,0.0028,1,4,90,1,2026-08-18T09:51:03.485535+00:00,2026-08-18T09:51:31.711249+00:00
30,610,Wan-Bissaka,19,DEF,41,0.8892,1.7269,0.22,0.1404,0.2158,0.0008,1,2,90,1,2026-08-18T09:51:03.485535+00:00,2026-08-18T09:51:31.711249+00:00
30,611,Casey,19,DEF,40,0,0,0.0,0.0,0.0,0,1,0,0,0,2026-08-18T09:51:03.485535+00:00,2026-08-18T09:51:31.711249+00:00
30,612,L.Paquetá,19,MID,59,0,0,0.0,0.0,0.0,0,1,0,0,0,2026-08-18T09:51:03.485535+00:00,2026-08-18T09:51:31.711249+00:00
30,613,Souček,19,MID,57,3.1084,2.9639,0.68,0.0896,0.6396,0.0368,1,4,90,1,2026-08-18T09:51:03.485535+00:00,2026-08-18T09:51:31.711249+00:00
30,615,Summerville,19,MID,57,3.0628,3.0178,0.68,0.0576,0.637,0.0404,1,0,0,0,2026-08-18T09:51:03.485535+00:00,2026-08-18T09:51:31.711249+00:00
30,616,Álvarez,19,MID,49,0,0,0.0,0.0,0.0,0,1,0,0,0,2026-08-18T09:51:03.485535+00:00,2026-08-18T09:51:31.711249+00:00
30,617,Cornet,19,MID,49,0,0,0.0,0.0,0.0,0,1,0,0,0,2026-08-18T09:51:03.485535+00:00,2026-08-18T09:51:31.711249+00:00
30,618,G.Rodriguez,19,MID,48,0,0,0.0,0.0,0.0,0,1,0,0,0,2026-08-18T09:51:03.485535+00:00,2026-08-18T09:51:31.711249+00:00
30,619,L.Guilherme,19,MID,49,0,0,0.0,0.0,0.0,0,1,0,0,0,2026-08-18T09:51:03.485535+00:00,2026-08-18T09:51:31.711249+00:00
30,620,Earthy,19,MID,45,0,0,0.0,0.0,0.0,0,1,0,0,0,2026-08-18T09:51:03.485535+00:00,2026-08-18T09:51:31.711249+00:00
30,621,Irving,19,MID,43,0,0,0.0,0.0,0.0,0,1,0,0,0,2026-08-18T09:51:03.485535+00:00,2026-08-18T09:51:31.711249+00:00
30,622,Orford,19,MID,44,0,0,0.0,0.0,0.0,0,1,0,0,0,2026-08-18T09:51:03.485535+00:00,2026-08-18T09:51:31.711249+00:00
30,623,Potts,19,MID,44,1.5404,1.7216,0.48,0.1144,0.4556,0.0012,1,0,0,0,2026-08-18T09:51:03.485535+00:00,2026-08-18T09:51:31.711249+00:00
30,624,Bowen,19,FWD,75,3.3296,2.6039,0.82,0.0324,0.7652,0.0236,1,6,90,1,2026-08-18T09:51:03.485535+00:00,2026-08-18T09:51:31.711249+00:00
30,625,Füllkrug,19,FWD,56,0,0,0.0,0.0,0.0,0,1,0,0,0,2026-08-18T09:51:03.485535+00:00,2026-08-18T09:51:31.711249+00:00
30,626,Marshall,19,FWD,43,0,0,0.0,0.0,0.0,0,1,0,0,0,2026-08-18T09:51:03.485535+00:00,2026-08-18T09:51:31.711249+00:00
30,659,Walker-Peters,19,DEF,42,0.9628,1.9189,0.22,0.1716,0.2183,0.0052,1,0,0,0,2026-08-18T09:51:03.485535+00:00,2026-08-18T09:51:31.711249+00:00
30,671,Wilson,19,FWD,58,2.3976,2.9193,0.48,0.1456,0.458,0.0304,1,0,0,0,2026-08-18T09:51:03.485535+00:00,2026-08-18T09:51:31.711249+00:00
30,679,Hermansen,19,GKP,42,0.236,1.0699,0.04,0.0384,0.0403,0.0012,1,3,90,1,2026-08-18T09:51:03.485535+00:00,2026-08-18T09:51:31.711249+00:00
30,708,M.Fernandes,19,MID,55,3.048,2.1988,0.82,0.0324,0.7652,0.012,1,1,90,1,2026-08-18T09:51:03.485535+00:00,2026-08-18T09:51:31.711249+00:00
30,718,S.Magassa,19,MID,50,1.8676,2.1891,0.48,0.1144,0.4556,0.0056,1,0,26,0,2026-08-18T09:51:03.485535+00:00,2026-08-18T09:51:31.711249+00:00
30,738,Fabianski,19,GKP,45,0.2148,0.927,0.04,0.0384,0.0403,0.0,1,0,0,0,2026-08-18T09:51:03.485535+00:00,2026-08-18T09:51:31.711249+00:00
30,747,Mayers,19,DEF,40,0.5296,1.1758,0.1,0.198,0.1088,0.0008,1,0,0,0,2026-08-18T09:51:03.485535+00:00,2026-08-18T09:51:31.711249+00:00
30,752,Golambeckis,19,DEF,40,0.5328,1.2483,0.1,0.198,0.1088,0.0,1,0,0,0,2026-08-18T09:51:03.485535+00:00,2026-08-18T09:51:31.711249+00:00
30,758,Mohamadou Kanté,19,MID,45,0.7632,1.5399,0.1,0.198,0.1088,0.0008,1,1,1,0,2026-08-18T09:51:03.485535+00:00,2026-08-18T09:51:31.711249+00:00
30,785,Pablo,19,FWD,54,0.9792,1.6181,0.28,0.1584,0.2731,0.0024,1,2,63,1,2026-08-18T09:51:03.485535+00:00,2026-08-18T09:51:31.711249+00:00
30,791,Taty,19,FWD,55,1.5944,2.0263,0.48,0.1456,0.458,0.0084,1,2,74,1,2026-08-18T09:51:03.485535+00:00,2026-08-18T09:51:31.711249+00:00
30,802,Lamadrid,19,MID,50,0.6864,1.2493,0.18,0.1804,0.1818,0.0008,1,0,0,0,2026-08-18T09:51:03.485535+00:00,2026-08-18T09:51:31.711249+00:00
30,815,Disasi,19,DEF,45,0.9588,1.8346,0.22,0.1716,0.2183,0.0024,1,2,90,1,2026-08-18T09:51:03.485535+00:00,2026-08-18T09:51:31.711249+00:00
30,825,Herrick,19,GKP,40,0.16,0.7463,0.04,0.0384,0.0403,0.0,1,,,,2026-08-18T09:51:03.485535+00:00,
30,627,Johnstone,20,GKP,44,0,0,0.0,0.0,0.0,0,1,0,0,0,2026-08-18T09:51:03.485535+00:00,2026-08-18T09:51:31.711249+00:00
30,628,José Sá,20,GKP,42,2.9956,2.1095,0.9,0.004,0.8373,0.0012,1,0,90,1,2026-08-18T09:51:03.485535+00:00,2026-08-18T09:51:31.711249+00:00
30,629,Bentley,20,GKP,39,0.2236,0.9556,0.04,0.0384,0.0403,0.0,1,0,0,0,2026-08-18T09:51:03.485535+00:00,2026-08-18T09:51:31.711249+00:00
30,631,Agbadou,20,DEF,42,0,0,0.0,0.0,0.0,0,1,0,0,0,2026-08-18T09:51:03.485535+00:00,2026-08-18T09:51:31.711249+00:00
30,632,Doherty,20,DEF,44,0,0,0.0,0.0,0.0,0,1,0,0,0,2026-08-18T09:51:03.485535+00:00,2026-08-18T09:51:31.711249+00:00
30,633,H.Bueno,20,DEF,43,0.8516,1.7245,0.22,0.1404,0.2158,0.0036,1,1,90,1,2026-08-18T09:51:03.485535+00:00,2026-08-18T09:51:31.711249+00:00
30,634,Mosquera,20,DEF,43,0.9032,1.9154,0.22,0.1404,0.2158,0.0072,1,1,90,1,2026-08-18T09:51:03.485535+00:00,2026-08-18T09:51:31.711249+00:00
30,635,R.Gomes,20,DEF,44,0.9264,1.8374,0.22,0.1716,0.2183,0.0044,1,1,3,0,2026-08-18T09:51:03.485535+00:00,2026-08-18T09:51:31.711249+00:00
30,636,S.Bueno,20,DEF,44,0.8604,1.813,0.22,0.1404,0.2158,0.0064,1,1,90,1,2026-08-18T09:51:03.485535+00:00,2026-08-18T09:51:31.711249+00:00
30,637,Toti,20,DEF,42,0.8332,1.5882,0.22,0.1716,0.2183,0.0024,1,0,0,0,2026-08-18T09:51:03.485535+00:00,2026-08-18T09:51:31.711249+00:00
30,638,Hoever,20,DEF,38,0,0,0.0,0.0,0.0,0,1,0,0,0,2026-08-18T09:51:03.485535+00:00,2026-08-18T09:51:31.711249+00:00
30,639,Meupiyou,20,DEF,40,0,0,0.0,0.0,0.0,0,1,0,0,0,2026-08-18T09:51:03.485535+00:00,2026-08-18T09:51:31.711249+00:00
30,640,Pedro Lima,20,DEF,40,0.474,1.1111,0.1,0.198,0.1088,0.0,1,0,0,0,2026-08-18T09:51:03.485535+00:00,2026-08-18T09:51:31.711249+00:00
30,641,Pond,20,DEF,39,0,0,0.0,0.0,0.0,0,1,0,0,0,2026-08-18T09:51:03.485535+00:00,2026-08-18T09:51:31.711249+00:00
30,642,Hee Chan,20,MID,56,1.5392,1.9768,0.48,0.1456,0.458,0.0084,1,0,0,0,2026-08-18T09:51:03.485535+00:00,2026-08-18T09:51:31.711249+00:00
30,643,André,20,MID,52,2.7728,1.828,0.82,0.0324,0.7652,0.0016,1,2,90,1,2026-08-18T09:51:03.485535+00:00,2026-08-18T09:51:31.711249+00:00
30,644,Bellegarde,20,MID,51,1.3268,1.6791,0.48,0.1144,0.4556,0.0024,1,5,73,1,2026-08-18T09:51:03.485535+00:00,2026-08-18T09:51:31.711249+00:00
30,645,Fer López,20,MID,51,0,0,0.0,0.0,0.0,0,1,0,0,0,2026-08-18T09:51:03.485535+00:00,2026-08-18T09:51:31.711249+00:00
30,646,J.Gomes,20,MID,53,2.8996,1.9819,0.82,0.0324,0.7652,0.006,1,7,90,1,2026-08-18T09:51:03.485535+00:00,2026-08-18T09:51:31.711249+00:00
30,647,Guedes,20,MID,55,0,0,0.0,0.0,0.0,0,1,0,0,0,2026-08-18T09:51:03.485535+00:00,2026-08-18T09:51:31.711249+00:00
30,648,Munetsi,20,MID,53,0,0,0.0,0.0,0.0,0,1,0,0,0,2026-08-18T09:51:03.485535+00:00,2026-08-18T09:51:31.711249+00:00
30,649,B.Traore,20,MID,50,0,0,0.0,0.0,0.0,0,1,0,0,0,2026-08-18T09:51:03.485535+00:00,2026-08-18T09:51:31.711249+00:00
30,650,Chirewa,20,MID,43,0,0,0.0,0.0,0.0,0,1,0,0,0,2026-08-18T09:51:03.485535+00:00,2026-08-18T09:51:31.711249+00:00
30,651,Edozie,20,MID,43,0.4552,0.9816,0.1,0.198,0.1088,0.0008,1,0,0,0,2026-08-18T09:51:03.485535+00:00,2026-08-18T09:51:31.711249+00:00
30,652,Gonzalez,20,MID,43,0.4656,0.9293,0.1,0.198,0.1088,0.0004,1,0,0,0,2026-08-18T09:51:03.485535+00:00,2026-08-18T09:51:31.711249+00:00
30,653,Hodge,20,MID,45,0,0,0.0,0.0,0.0,0,1,0,0,0,2026-08-18T09:51:03.485535+00:00,2026-08-18T09:51:31.711249+00:00
30,655,Fábio Silva,20,FWD,49,0,0,0.0,0.0,0.0,0,1,0,0,0,2026-08-18T09:51:03.485535+00:00,2026-08-18T09:51:31.711249+00:00
30,656,Kalajdžić,20,FWD,49,0,0,0.0,0.0,0.0,0,1,0,0,0,2026-08-18T09:51:03.485535+00:00,2026-08-18T09:51:31.711249+00:00
30,657,Chiwome,20,FWD,44,0.4564,0.9405,0.1,0.198,0.1088,0.0004,1,0,0,0,2026-08-18T09:51:03.485535+00:00,2026-08-18T09:51:31.711249+00:00
30,658,Fraser,20,FWD,42,0.4228,0.8204,0.1,0.198,0.1088,0.0,1,0,0,0,2026-08-18T09:51:03.485535+00:00,2026-08-18T09:51:31.711249+00:00
30,663,J.Arias,20,MID,49,0,0,0.0,0.0,0.0,0,1,0,0,0,2026-08-18T09:51:03.485535+00:00,2026-08-18T09:51:31.711249+00:00
30,682,Møller Wolfe,20,DEF,42,0.7572,1.4386,0.22,0.1716,0.2183,0.0008,1,0,0,0,2026-08-18T09:51:03.485535+00:00,2026-08-18T09:51:31.711249+00:00
30,695,Tchatchoua,20,DEF,44,0.7764,1.5976,0.22,0.1404,0.2158,0.0028,1,1,90,1,2026-08-18T09:51:03.485535+00:00,2026-08-18T09:51:31.711249+00:00
30,709,Krejčí,20,DEF,45,0.8524,1.7826,0.22,0.1404,0.2158,0.0048,1,0,90,1,2026-08-18T09:51:03.485535+00:00,2026-08-18T09:51:31.711249+00:00
30,720,Tolu,20,FWD,54,1.6812,2.0238,0.48,0.1144,0.4556,0.0064,1,5,16,0,2026-08-18T09:51:03.485535+00:00,2026-08-18T09:51:31.711249+00:00
30,749,Mané,20,FWD,45,1.6764,1.8754,0.48,0.1144,0.4556,0.0044,1,1,45,1,2026-08-18T09:51:03.485535+00:00,2026-08-18T09:51:31.711249+00:00
30,766,Olagunju,20,DEF,40,0.4856,1.1569,0.1,0.198,0.1088,0.0004,1,0,0,0,2026-08-18T09:51:03.485535+00:00,2026-08-18T09:51:31.711249+00:00
30,767,Rawlings,20,MID,45,0.4632,0.9614,0.1,0.198,0.1088,0.0004,1,0,0,0,2026-08-18T09:51:03.485535+00:00,2026-08-18T09:51:31.711249+00:00
30,777,Ojinnaka,20,MID,45,0,0,0.0,0.0,0.0,0,1,0,0,0,2026-08-18T09:51:03.485535+00:00,2026-08-18T09:51:31.711249+00:00
30,778,Sutherland,20,MID,45,0.4248,0.9041,0.1,0.198,0.1088,0.0008,1,0,0,0,2026-08-18T09:51:03.485535+00:00,2026-08-18T09:51:31.711249+00:00
30,809,Abbey,20,MID,45,0.46,0.9612,0.1,0.198,0.1088,0.0008,1,0,0,0,2026-08-18T09:51:03.485535+00:00,2026-08-18T09:51:31.711249+00:00
30,816,Angel,20,MID,48,0.9408,1.395,0.28,0.1584,0.2731,0.0,1,0,45,1,2026-08-18T09:51:03.485535+00:00,2026-08-18T09:51:31.711249+00:00
30,817,Armstrong,20,FWD,53,0.8088,1.2567,0.28,0.1584,0.2731,0.0008,1,5,86,1,2026-08-18T09:51:03.485535+00:00,2026-08-18T09:51:31.711249+00:00
30,828,Brooks,20,GKP,40,0.1464,0.7186,0.04,0.0384,0.0403,0.0004,1,,,,2026-08-18T09:51:03.485535+00:00,
30,831,Gracey,20,GKP,40,0.1688,0.7192,0.04,0.0384,0.0403,0.0,1,,,,2026-08-18T09:51:03.485535+00:00,
