gw,player_id,web_name,team_id,position,now_cost,mu,sigma,p_start,p_sub,p_60,p_10_plus,n_fixtures,actual_points,actual_minutes,did_start,captured_at,scored_at
37,1,Raya,1,GKP,61,3.1168,2.214,0.9,0.008,0.8376,0.0008,1,6,90,1,2026-08-18T09:51:16.424147+00:00,2026-08-18T09:51:31.945116+00:00
37,2,Arrizabalaga,1,GKP,40,0.2084,0.9379,0.04,0.0384,0.0403,0.0,1,0,0,0,2026-08-18T09:51:16.424147+00:00,2026-08-18T09:51:31.945116+00:00
37,3,Hein,1,GKP,40,0,0,0.0,0.0,0.0,0,1,0,0,0,2026-08-18T09:51:16.424147+00:00,2026-08-18T09:51:31.945116+00:00
37,4,Setford,1,GKP,39,0.1924,0.9014,0.04,0.0384,0.0403,0.0004,1,0,0,0,2026-08-18T09:51:16.424147+00:00,2026-08-18T09:51:31.945116+00:00
37,5,Gabriel,1,DEF,73,4.4116,3.5992,0.82,0.0324,0.7652,0.086,1,6,90,1,2026-08-18T09:51:16.424147+00:00,2026-08-18T09:51:31.945116+00:00
37,6,Saliba,1,DEF,62,3.1652,2.6395,0.82,0.0324,0.7652,0.0148,1,8,90,1,2026-08-18T09:51:16.424147+00:00,2026-08-18T09:51:31.945116+00:00
37,7,Calafiori,1,DEF,56,2.9476,3.3084,0.68,0.0576,0.637,0.0452,1,8,71,1,2026-08-18T09:51:16.424147+00:00,2026-08-18T09:51:31.945116+00:00
37,8,J.Timber,1,DEF,60,1.9208,3.038,0.41,0.1062,0.3898,0.0292,1,0,0,0,2026-08-18T09:51:16.424147+00:00,2026-08-18T09:51:31.945116+00:00
37,9,Kiwior,1,DEF,54,0,0,0.0,0.0,0.0,0,1,0,0,0,2026-08-18T09:51:16.424147+00:00,2026-08-18T09:51:31.945116+00:00
37,10,Lewis-Skelly,1,DEF,50,0.9064,1.683,0.28,0.1584,0.2731,0.002,1,1,17,0,2026-08-18T09:51:16.424147+00:00,2026-08-18T09:51:31.945116+00:00
37,11,White,1,DEF,51,0,0,0.0,0.0,0.0,0,1,0,0,0,2026-08-18T09:51:16.424147+00:00,2026-08-18T09:51:31.945116+00:00
37,13,Clarke,1,DEF,37,0.57,1.3228,0.1,0.198,0.1088,0.0004,1,0,0,0,2026-08-18T09:51:16.424147+00:00,2026-08-18T09:51:31.945116+00:00
37,14,Kacurri,1,DEF,39,0,0,0.0,0.0,0.0,0,1,0,0,0,2026-08-18T09:51:16.424147+00:00,2026-08-18T09:51:31.945116+00:00
37,15,Nichols,1,DEF,37,0.5088,1.2123,0.1,0.198,0.1088,0.0004,1,0,0,0,2026-08-18T09:51:16.424147+00:00,2026-08-18T09:51:31.945116+00:00
37,16,Saka,1,MID,100,4.6412,3.7702,0.82,0.0324,0.7652,0.1084,1,10,90,1,2026-08-18T09:51:16.424147+00:00,2026-08-18T09:51:31.945116+00:00
37,17,Ødegaard,1,MID,78,2.2204,2.5489,0.48,0.1456,0.458,0.0144,1,3,90,1,2026-08-18T09:51:16.424147+00:00,2026-08-18T09:51:31.945116+00:00
37,18,Madueke,1,MID,68,2.1816,2.5912,0.48,0.1456,0.458,0.0168,1,0,0,0,2026-08-18T09:51:16.424147+00:00,2026-08-18T09:51:31.945116+00:00
37,19,Martinelli,1,MID,68,2.1876,2.8147,0.48,0.1456,0.458,0.0248,1,1,1,0,2026-08-18T09:51:16.424147+00:00,2026-08-18T09:51:31.945116+00:00
37,20,Trossard,1,MID,65,3.4508,3.2988,0.68,0.0576,0.637,0.0544,1,3,90,1,2026-08-18T09:51:16.424147+00:00,2026-08-18T09:51:31.945116+00:00
37,21,Rice,1,MID,72,4.4064,2.8412,0.9,0.018,0.8384,0.056,1,5,90,1,2026-08-18T09:51:16.424147+00:00,2026-08-18T09:51:31.945116+00:00
37,22,Merino,1,MID,53,2.3576,2.8579,0.48,0.1144,0.4556,0.0296,1,0,0,0,2026-08-18T09:51:16.424147+00:00,2026-08-18T09:51:31.945116+00:00
37,23,Fábio Vieira,1,MID,54,0,0,0.0,0.0,0.0,0,1,0,0,0,2026-08-18T09:51:16.424147+00:00,2026-08-18T09:51:31.945116+00:00
37,24,Nørgaard,1,MID,51,1.016,1.9084,0.18,0.1804,0.1818,0.0056,1,0,0,0,2026-08-18T09:51:16.424147+00:00,2026-08-18T09:51:31.945116+00:00
37,25,Nwaneri,1,MID,50,0,0,0.0,0.0,0.0,0,1,0,0,0,2026-08-18T09:51:16.424147+00:00,2026-08-18T09:51:31.945116+00:00
37,26,Zubimendi,1,MID,49,3.2436,2.1881,0.9,0.018,0.8384,0.0124,1,1,1,0,2026-08-18T09:51:16.424147+00:00,2026-08-18T09:51:31.945116+00:00
37,28,Kabia,1,MID,45,0,0,0.0,0.0,0.0,0,1,0,0,0,2026-08-18T09:51:16.424147+00:00,2026-08-18T09:51:31.945116+00:00
37,29,Sambi,1,MID,45,0,0,0.0,0.0,0.0,0,1,0,0,0,2026-08-18T09:51:16.424147+00:00,2026-08-18T09:51:31.945116+00:00
37,30,Havertz,1,FWD,73,1.282,2.0318,0.28,0.2016,0.2765,0.0116,1,8,72,1,2026-08-18T09:51:16.424147+00:00,2026-08-18T09:51:31.945116+00:00
37,31,G.Jesus,1,FWD,64,1.1308,1.8086,0.28,0.2016,0.2765,0.0064,1,0,0,0,2026-08-18T09:51:16.424147+00:00,2026-08-18T09:51:31.945116+00:00
37,266,Eze,1,MID,73,3.074,3.0456,0.68,0.0576,0.637,0.0396,1,3,72,1,2026-08-18T09:51:16.424147+00:00,2026-08-18T09:51:31.945116+00:00
37,662,Mosquera,1,DEF,53,1.824,2.3588,0.48,0.1144,0.4556,0.0048,1,6,90,1,2026-08-18T09:51:16.424147+00:00,2026-08-18T09:51:31.945116+00:00
37,666,Gyökeres,1,FWD,90,3.9136,3.2543,0.82,0.0324,0.7652,0.0696,1,1,17,0,2026-08-18T09:51:16.424147+00:00,2026-08-18T09:51:31.945116+00:00
37,700,Dowman,1,MID,42,0.5768,1.284,0.1,0.198,0.1088,0.0016,1,0,0,0,2026-08-18T09:51:16.424147+00:00,2026-08-18T09:51:31.945116+00:00
37,711,Harriman-Annous,1,MID,44,0.4908,0.9854,0.1,0.198,0.1088,0.0004,1,0,0,0,2026-08-18T09:51:16.424147+00:00,2026-08-18T09:51:31.945116+00:00
37,725,Hincapie,1,DEF,51,2.928,2.8685,0.68,0.0576,0.637,0.0176,1,1,18,0,2026-08-18T09:51:16.424147+00:00,2026-08-18T09:51:31.945116+00:00
37,759,Salmon,1,DEF,40,0.5792,1.3516,0.1,0.198,0.1088,0.0012,1,0,0,0,2026-08-18T09:51:16.424147+00:00,2026-08-18T09:51:31.945116+00:00
37,32,Martinez,2,GKP,51,3.5472,2.3337,0.9,0.008,0.8376,0.0028,1,2,90,1,2026-08-18T09:51:16.424147+00:00,2026-08-18T09:51:31.945116+00:00
37,33,M.Bizot,2,GKP,42,0.1504,0.7327,0.04,0.0384,0.0403,0.0,1,0,0,0,2026-08-18T09:51:16.424147+00:00,2026-08-18T09:51:31.945116+00:00
37,34,Gauci,2,GKP,40,0,0,0.0,0.0,0.0,0,1,0,0,0,2026-08-18T09:51:16.424147+00:00,2026-08-18T09:51:31.945116+00:00
37,35,Marschall,2,GKP,40,0,0,0.0,0.0,0.0,0,1,0,0,0,2026-08-18T09:51:16.424147+00:00,2026-08-18T09:51:31.945116+00:00
37,36,Cash,2,DEF,47,3.1916,2.6399,0.9,0.018,0.8384,0.018,1,0,90,1,2026-08-18T09:51:16.424147+00:00,2026-08-18T09:51:31.945116+00:00
37,37,Digne,2,DEF,45,1.0136,2.0294,0.22,0.1404,0.2158,0.0072,1,4,90,1,2026-08-18T09:51:16.424147+00:00,2026-08-18T09:51:31.945116+00:00
37,38,Konsa,2,DEF,44,0.9204,1.7882,0.22,0.1404,0.2158,0.004,1,1,90,1,2026-08-18T09:51:16.424147+00:00,2026-08-18T09:51:31.945116+00:00
37,39,Maatsen,2,DEF,42,1.0576,2.0881,0.22,0.1716,0.2183,0.0104,1,1,5,0,2026-08-18T09:51:16.424147+00:00,2026-08-18T09:51:31.945116+00:00
37,40,Mings,2,DEF,43,1.0964,2.1754,0.22,0.1716,0.2183,0.0084,1,0,0,0,2026-08-18T09:51:16.424147+00:00,2026-08-18T09:51:31.945116+00:00
37,41,Pau,2,DEF,43,0.8832,1.8189,0.22,0.1404,0.2158,0.0052,1,4,90,1,2026-08-18T09:51:16.424147+00:00,2026-08-18T09:51:31.945116+00:00
37,42,A.García,2,DEF,39,0.504,1.1659,0.1,0.198,0.1088,0.0,1,0,0,0,2026-08-18T09:51:16.424147+00:00,2026-08-18T09:51:31.945116+00:00
37,43,Alex Moreno,2,DEF,40,0,0,0.0,0.0,0.0,0,1,0,0,0,2026-08-18T09:51:16.424147+00:00,2026-08-18T09:51:31.945116+00:00
37,44,Bogarde,2,DEF,40,0.8744,1.6768,0.22,0.1716,0.2183,0.0012,1,0,0,0,2026-08-18T09:51:16.424147+00:00,2026-08-18T09:51:31.945116+00:00
37,45,Sousa,2,DEF,38,0,0,0.0,0.0,0.0,0,1,0,0,0,2026-08-18T09:51:16.424147+00:00,2026-08-18T09:51:31.945116+00:00
37,46,Yasin,2,DEF,40,0,0,0.0,0.0,0.0,0,1,0,0,0,2026-08-18T09:51:16.424147+00:00,2026-08-18T09:51:31.945116+00:00
37,47,Rogers,2,MID,74,3.7112,2.7503,0.9,0.018,0.8384,0.0376,1,12,90,1,2026-08-18T09:51:16.424147+00:00,2026-08-18T09:51:31.945116+00:00
37,48,Tielemans,2,MID,59,2.6596,2.4107,0.68,0.0576,0.637,0.016,1,2,89,1,2026-08-18T09:51:16.424147+00:00,2026-08-18T09:51:31.945116+00:00
37,49,Bailey,2,MID,55,1.1768,1.836,0.28,0.2016,0.2765,0.0064,1,0,0,0,2026-08-18T09:51:16.424147+00:00,2026-08-18T09:51:31.945116+00:00
37,50,Buendía,2,MID,53,2.9388,2.8305,0.68,0.0576,0.637,0.0268,1,2,84,1,2026-08-18T09:51:16.424147+00:00,2026-08-18T09:51:31.945116+00:00
37,51,Iling Jr,2,MID,55,0,0,0.0,0.0,0.0,0,1,0,0,0,2026-08-18T09:51:16.424147+00:00,2026-08-18T09:51:31.945116+00:00
37,53,Malen,2,MID,51,0,0,0.0,0.0,0.0,0,1,0,0,0,2026-08-18T09:51:16.424147+00:00,2026-08-18T09:51:31.945116+00:00
37,54,McGinn,2,MID,53,3.1032,2.616,0.82,0.0324,0.7652,0.0292,1,6,89,1,2026-08-18T09:51:16.424147+00:00,2026-08-18T09:51:31.945116+00:00
37,55,Barkley,2,MID,48,1.306,2.1613,0.28,0.1584,0.2731,0.0088,1,1,45,1,2026-08-18T09:51:16.424147+00:00,2026-08-18T09:51:31.945116+00:00
37,56,Barrenechea,2,MID,50,0,0,0.0,0.0,0.0,0,1,0,0,0,2026-08-18T09:51:16.424147+00:00,2026-08-18T09:51:31.945116+00:00
37,57,Dobbin,2,MID,50,0,0,0.0,0.0,0.0,0,1,0,0,0,2026-08-18T09:51:16.424147+00:00,2026-08-18T09:51:31.945116+00:00
37,58,Kamara,2,MID,49,0,0,0.0,0.0,0.0,0,1,0,0,0,2026-08-18T09:51:16.424147+00:00,2026-08-18T09:51:31.945116+00:00
37,59,Onana,2,MID,48,2.6108,2.3955,0.68,0.0576,0.637,0.014,1,0,0,0,2026-08-18T09:51:16.424147+00:00,2026-08-18T09:51:31.945116+00:00
37,60,Broggio,2,MID,44,0,0,0.0,0.0,0.0,0,1,0,0,0,2026-08-18T09:51:16.424147+00:00,2026-08-18T09:51:31.945116+00:00
37,61,Dendoncker,2,MID,45,0,0,0.0,0.0,0.0,0,1,0,0,0,2026-08-18T09:51:16.424147+00:00,2026-08-18T09:51:31.945116+00:00
37,62,Jimoh-Aloba,2,MID,45,0,0,0.0,0.0,0.0,0,1,0,0,0,2026-08-18T09:51:16.424147+00:00,2026-08-18T09:51:31.945116+00:00
37,63,Young,2,MID,43,0,0,0.0,0.0,0.0,0,1,0,0,0,2026-08-18T09:51:16.424147+00:00,2026-08-18T09:51:31.945116+00:00
37,64,Watkins,2,FWD,87,3.7024,3.0321,0.82,0.0324,0.7652,0.0556,1,15,90,1,2026-08-18T09:51:16.424147+00:00,2026-08-18T09:51:31.945116+00:00
37,65,Redmond,2,FWD,45,0,0,0.0,0.0,0.0,0,1,0,0,0,2026-08-18T09:51:16.424147+00:00,2026-08-18T09:51:31.945116+00:00
37,389,Elliott,2,MID,51,0.724,1.3314,0.18,0.1804,0.1818,0.0004,1,0,0,0,2026-08-18T09:51:16.424147+00:00,2026-08-18T09:51:31.945116+00:00
37,456,Sancho,2,MID,58,1.732,2.0408,0.48,0.1456,0.458,0.0064,1,1,1,0,2026-08-18T09:51:16.424147+00:00,2026-08-18T09:51:31.945116+00:00
37,688,Wright,2,GKP,39,0.2232,0.9196,0.04,0.0384,0.0403,0.0,1,0,0,0,2026-08-18T09:51:16.424147+00:00,2026-08-18T09:51:31.945116+00:00
37,699,Douglas Luiz,2,MID,49,1.6232,1.9865,0.48,0.1144,0.4556,0.0044,1,1,1,0,2026-08-18T09:51:16.424147+00:00,2026-08-18T09:51:31.945116+00:00
37,701,Rowe,2,DEF,40,0,0,0.0,0.0,0.0,0,1,0,0,0,2026-08-18T09:51:16.424147+00:00,2026-08-18T09:51:31.945116+00:00
37,702,Burrowes,2,MID,43,0.4548,0.9425,0.1,0.198,0.1088,0.0,1,0,0,0,2026-08-18T09:51:16.424147+00:00,2026-08-18T09:51:31.945116+00:00
37,703,Proctor,2,GKP,39,0.1764,0.8309,0.04,0.0384,0.0403,0.0,1,0,0,0,2026-08-18T09:51:16.424147+00:00,2026-08-18T09:51:31.945116+00:00
37,710,Patterson,2,DEF,39,0.506,1.2041,0.1,0.198,0.1088,0.0004,1,0,0,0,2026-08-18T09:51:16.424147+00:00,2026-08-18T09:51:31.945116+00:00
37,719,Lindelöf,2,DEF,45,0.8912,1.693,0.22,0.1716,0.2183,0.0008,1,1,45,1,2026-08-18T09:51:16.424147+00:00,2026-08-18T09:51:31.945116+00:00
37,754,George Hemmings,2,MID,45,0.4852,0.9715,0.1,0.198,0.1088,0.0004,1,0,0,0,2026-08-18T09:51:16.424147+00:00,2026-08-18T09:51:31.945116+00:00
37,757,Hollingshead,2,GKP,40,0.21,0.8803,0.04,0.0384,0.0403,0.0,1,0,0,0,2026-08-18T09:51:16.424147+00:00,2026-08-18T09:51:31.945116+00:00
37,768,Leon Routh,2,DEF,40,0.5676,1.3472,0.1,0.198,0.1088,0.0004,1,0,0,0,2026-08-18T09:51:16.424147+00:00,2026-08-18T09:51:31.945116+00:00
37,781,Carroll,2,DEF,40,0.4872,1.1124,0.1,0.198,0.1088,0.0008,1,0,0,0,2026-08-18T09:51:16.424147+00:00,2026-08-18T09:51:31.945116+00:00
37,792,Alysson,2,MID,50,0,0,0.0,0.0,0.0,0,1,0,0,0,2026-08-18T09:51:16.424147+00:00,2026-08-18T09:51:31.945116+00:00
37,808,Abraham,2,FWD,57,1.6128,2.1141,0.45,0.154,0.4308,0.0096,1,0,0,0,2026-08-18T09:51:16.424147+00:00,2026-08-18T09:51:31.945116+00:00
37,183,Weiss,3,GKP,42,0.1684,0.7901,0.04,0.0384,0.0403,0.0,1,2,90,1,2026-08-18T09:51:16.424147+00:00,2026-08-18T09:51:31.945116+00:00
37,184,Green,3,GKP,40,0,0,0.0,0.0,0.0,0,1,0,0,0,2026-08-18T09:51:16.424147+00:00,2026-08-18T09:51:31.945116+00:00
37,185,Hladký,3,GKP,39,0.15,0.6744,0.04,0.0384,0.0403,0.0,1,0,0,0,2026-08-18T09:51:16.424147+00:00,2026-08-18T09:51:31.945116+00:00
37,186,Roberts,3,DEF,43,0.442,1.0453,0.1,0.198,0.1088,0.0004,1,0,0,0,2026-08-18T09:51:16.424147+00:00,2026-08-18T09:51:31.945116+00:00
37,187,Walker,3,DEF,44,0.7348,1.4631,0.22,0.1404,0.2158,0.0008,1,2,90,1,2026-08-18T09:51:16.424147+00:00,2026-08-18T09:51:31.945116+00:00
37,188,Delcroix,3,DEF,38,0,0,0.0,0.0,0.0,0,1,0,0,0,2026-08-18T09:51:16.424147+00:00,2026-08-18T09:51:31.945116+00:00
37,189,Dodgson,3,DEF,40,0,0,0.0,0.0,0.0,0,1,0,0,0,2026-08-18T09:51:16.424147+00:00,2026-08-18T09:51:31.945116+00:00
37,190,Ekdal,3,DEF,38,1.0268,1.9458,0.22,0.1404,0.2158,0.002,1,0,0,0,2026-08-18T09:51:16.424147+00:00,2026-08-18T09:51:31.945116+00:00
37,191,Estève,3,DEF,39,0.9652,1.7952,0.22,0.1404,0.2158,0.0016,1,2,81,1,2026-08-18T09:51:16.424147+00:00,2026-08-18T09:51:31.945116+00:00
37,192,Hartman,3,DEF,40,0.8036,1.5951,0.22,0.1404,0.2158,0.0008,1,0,0,0,2026-08-18T09:51:16.424147+00:00,2026-08-18T09:51:31.945116+00:00
37,193,Humphreys,3,DEF,39,0.7844,1.626,0.22,0.1716,0.2183,0.0032,1,1,8,0,2026-08-18T09:51:16.424147+00:00,2026-08-18T09:51:31.945116+00:00
37,194,Jordan,3,DEF,39,0,0,0.0,0.0,0.0,0,1,0,0,0,2026-08-18T09:51:16.424147+00:00,2026-08-18T09:51:31.945116+00:00
37,195,Lucas Pires,3,DEF,38,0.8036,1.6009,0.22,0.1716,0.2183,0.002,1,1,90,1,2026-08-18T09:51:16.424147+00:00,2026-08-18T09:51:31.945116+00:00
37,196,Sambo,3,DEF,40,0,0,0.0,0.0,0.0,0,1,0,0,0,2026-08-18T09:51:16.424147+00:00,2026-08-18T09:51:31.945116+00:00
37,197,Sonne,3,DEF,38,0,0,0.0,0.0,0.0,0,1,0,0,0,2026-08-18T09:51:16.424147+00:00,2026-08-18T09:51:31.945116+00:00
37,198,Tuanzebe,3,DEF,39,0.93,1.7378,0.22,0.1716,0.2183,0.0032,1,2,90,1,2026-08-18T09:51:16.424147+00:00,2026-08-18T09:51:31.945116+00:00
37,199,Worrall,3,DEF,38,1.0564,1.9564,0.22,0.1716,0.2183,0.0008,1,0,0,0,2026-08-18T09:51:16.424147+00:00,2026-08-18T09:51:31.945116+00:00
37,200,Anthony,3,MID,50,2.8992,2.4502,0.82,0.0324,0.7652,0.0204,1,2,90,1,2026-08-18T09:51:16.424147+00:00,2026-08-18T09:51:31.945116+00:00
37,201,Benson,3,MID,54,0,0,0.0,0.0,0.0,0,1,0,0,0,2026-08-18T09:51:16.424147+00:00,2026-08-18T09:51:31.945116+00:00
37,202,Bruun Larsen,3,MID,52,1.5156,1.8168,0.48,0.1144,0.4556,0.0032,1,1,8,0,2026-08-18T09:51:16.424147+00:00,2026-08-18T09:51:31.945116+00:00
37,203,Boateng,3,MID,47,0.658,1.173,0.18,0.1804,0.1818,0.0008,1,0,0,0,2026-08-18T09:51:16.424147+00:00,2026-08-18T09:51:31.945116+00:00
37,204,Churlinov,3,MID,49,0,0,0.0,0.0,0.0,0,1,0,0,0,2026-08-18T09:51:16.424147+00:00,2026-08-18T09:51:31.945116+00:00
37,205,Cullen,3,MID,49,0,0,0.0,0.0,0.0,0,1,0,0,0,2026-08-18T09:51:16.424147+00:00,2026-08-18T09:51:31.945116+00:00
37,206,Edwards,3,MID,47,1.6468,1.9574,0.48,0.1144,0.4556,0.0052,1,0,0,0,2026-08-18T09:51:16.424147+00:00,2026-08-18T09:51:31.945116+00:00
37,207,Hannibal,3,MID,47,1.4992,1.8546,0.48,0.1144,0.4556,0.0028,1,1,69,1,2026-08-18T09:51:16.424147+00:00,2026-08-18T09:51:31.945116+00:00
37,208,Koleosho,3,MID,50,0,0,0.0,0.0,0.0,0,1,0,0,0,2026-08-18T09:51:16.424147+00:00,2026-08-18T09:51:31.945116+00:00
37,209,Laurent,3,MID,48,1.9376,1.774,0.68,0.0576,0.637,0.0016,1,1,19,0,2026-08-18T09:51:16.424147+00:00,2026-08-18T09:51:31.945116+00:00
37,210,Tchaouna,3,MID,48,1.4136,1.7271,0.48,0.1144,0.4556,0.0028,1,2,81,1,2026-08-18T09:51:16.424147+00:00,2026-08-18T09:51:31.945116+00:00
37,211,A.Ramsey,3,MID,44,0,0,0.0,0.0,0.0,0,1,0,0,0,2026-08-18T09:51:16.424147+00:00,2026-08-18T09:51:31.945116+00:00
37,212,Adewumi,3,MID,45,0,0,0.0,0.0,0.0,0,1,0,0,0,2026-08-18T09:51:16.424147+00:00,2026-08-18T09:51:31.945116+00:00
37,213,Banel,3,MID,45,0,0,0.0,0.0,0.0,0,1,0,0,0,2026-08-18T09:51:16.424147+00:00,2026-08-18T09:51:31.945116+00:00
37,214,Trésor,3,MID,43,0.58,1.21,0.1,0.198,0.1088,0.0004,1,0,0,0,2026-08-18T09:51:16.424147+00:00,2026-08-18T09:51:31.945116+00:00
37,215,Flemming,3,FWD,53,2.61,2.6695,0.68,0.0576,0.637,0.0256,1,1,90,1,2026-08-18T09:51:16.424147+00:00,2026-08-18T09:51:31.945116+00:00
37,216,Amdouni,3,FWD,48,0.6456,1.1736,0.18,0.1804,0.1818,0.0012,1,1,20,0,2026-08-18T09:51:16.424147+00:00,2026-08-18T09:51:31.945116+00:00
37,217,Foster,3,FWD,49,1.4552,1.7678,0.48,0.1144,0.4556,0.0032,1,0,0,0,2026-08-18T09:51:16.424147+00:00,2026-08-18T09:51:31.945116+00:00
37,218,Barnes,3,FWD,42,0.4412,0.8628,0.1,0.198,0.1088,0.0,1,0,0,0,2026-08-18T09:51:16.424147+00:00,2026-08-18T09:51:31.945116+00:00
37,219,Obafemi,3,FWD,44,0,0,0.0,0.0,0.0,0,1,0,0,0,2026-08-18T09:51:16.424147+00:00,2026-08-18T09:51:31.945116+00:00
37,470,Dúbravka,3,GKP,40,3.1452,2.1608,0.9,0.004,0.8373,0.0016,1,0,0,0,2026-08-18T09:51:16.424147+00:00,2026-08-18T09:51:31.945116+00:00
37,614,Ward-Prowse,3,MID,56,1.6144,1.7979,0.48,0.1456,0.458,0.0048,1,1,12,0,2026-08-18T09:51:16.424147+00:00,2026-08-18T09:51:31.945116+00:00
37,676,Ugochukwu,3,MID,50,2.6396,1.931,0.82,0.0324,0.7652,0.0056,1,2,70,1,2026-08-18T09:51:16.424147+00:00,2026-08-18T09:51:31.945116+00:00
37,680,Broja,3,FWD,52,1.5652,1.8146,0.48,0.1144,0.4556,0.0044,1,0,0,0,2026-08-18T09:51:16.424147+00:00,2026-08-18T09:51:31.945116+00:00
37,722,Florentino,3,MID,50,2.3048,1.9626,0.68,0.0576,0.637,0.0028,1,4,77,1,2026-08-18T09:51:16.424147+00:00,2026-08-18T09:51:31.945116+00:00
37,776,Pimlott,3,MID,45,0.4292,0.8464,0.1,0.198,0.1088,0.0,1,0,0,0,2026-08-18T09:51:16.424147+00:00,2026-08-18T09:51:31.945116+00:00
37,784,Brierley,3,MID,45,0.4712,0.944,0.1,0.198,0.1088,0.0,1,0,0,0,2026-08-18T09:51:16.424147+00:00,2026-08-18T09:51:31.945116+00:00
37,820,McMahon-Brown,3,MID,45,0.4868,0.9707,0.1,0.198,0.1088,0.0004,1,0,0,0,2026-08-18T09:51:16.424147+00:00,2026-08-18T09:51:31.945116+00:00
37,66,Neto,4,GKP,45,0,0,0.0,0.0,0.0,0,1,0,0,0,2026-08-18T09:51:16.424147+00:00,2026-08-18T09:51:31.945116+00:00
37,67,Petrović,4,GKP,46,3.2712,2.2328,0.9,0.008,0.8376,0.0004,1,3,90,1,2026-08-18T09:51:16.424147+00:00,2026-08-18T09:51:31.945116+00:00
37,68,Dennis,4,GKP,40,0,0,0.0,0.0,0.0,0,1,0,0,0,2026-08-18T09:51:16.424147+00:00,2026-08-18T09:51:31.945116+00:00
37,69,McKenna,4,GKP,39,0.164,0.8264,0.04,0.0384,0.0403,0.0,1,0,0,0,2026-08-18T09:51:16.424147+00:00,2026-08-18T09:51:31.945116+00:00
37,70,Paulsen,4,GKP,40,0,0,0.0,0.0,0.0,0,1,0,0,0,2026-08-18T09:51:16.424147+00:00,2026-08-18T09:51:31.945116+00:00
37,71,Zabarnyi,4,DEF,50,0,0,0.0,0.0,0.0,0,1,0,0,0,2026-08-18T09:51:16.424147+00:00,2026-08-18T09:51:31.945116+00:00
37,72,Senesi,4,DEF,52,4.8152,3.1915,0.9,0.018,0.8384,0.0744,1,4,90,1,2026-08-18T09:51:16.424147+00:00,2026-08-18T09:51:31.945116+00:00
37,73,Smith,4,DEF,44,0.8448,1.6995,0.22,0.1716,0.2183,0.0024,1,6,89,1,2026-08-18T09:51:16.424147+00:00,2026-08-18T09:51:31.945116+00:00
37,74,Truffert,4,DEF,47,3.948,2.8473,0.9,0.018,0.8384,0.034,1,4,90,1,2026-08-18T09:51:16.424147+00:00,2026-08-18T09:51:31.945116+00:00
37,75,Akinmboni,4,DEF,38,0.5304,1.2586,0.1,0.198,0.1088,0.0,1,0,0,0,2026-08-18T09:51:16.424147+00:00,2026-08-18T09:51:31.945116+00:00
37,76,Bevan,4,DEF,38,0.5464,1.3123,0.1,0.198,0.1088,0.0016,1,0,0,0,2026-08-18T09:51:16.424147+00:00,2026-08-18T09:51:31.945116+00:00
37,77,Hill,4,DEF,42,1.1456,2.223,0.22,0.1404,0.2158,0.0064,1,1,90,1,2026-08-18T09:51:16.424147+00:00,2026-08-18T09:51:31.945116+00:00
37,78,J.Araujo,4,DEF,38,0,0,0.0,0.0,0.0,0,1,0,0,0,2026-08-18T09:51:16.424147+00:00,2026-08-18T09:51:31.945116+00:00
37,79,Mepham,4,DEF,40,0,0,0.0,0.0,0.0,0,1,0,0,0,2026-08-18T09:51:16.424147+00:00,2026-08-18T09:51:31.945116+00:00
37,80,Soler,4,DEF,39,0.5032,1.1748,0.1,0.198,0.1088,0.0004,1,0,0,0,2026-08-18T09:51:16.424147+00:00,2026-08-18T09:51:31.945116+00:00
37,81,Kluivert,4,MID,69,2.0248,2.553,0.48,0.1456,0.458,0.0192,1,0,14,0,2026-08-18T09:51:16.424147+00:00,2026-08-18T09:51:31.945116+00:00
37,84,Tavernier,4,MID,54,4.0668,3.4316,0.82,0.0324,0.7652,0.0756,1,2,90,1,2026-08-18T09:51:16.424147+00:00,2026-08-18T09:51:31.945116+00:00
37,85,Adams,4,MID,49,2.2396,2.0527,0.68,0.0576,0.637,0.0036,1,3,90,1,2026-08-18T09:51:16.424147+00:00,2026-08-18T09:51:31.945116+00:00
37,86,Brooks,4,MID,50,2.412,3.1852,0.48,0.1144,0.4556,0.0352,1,1,6,0,2026-08-18T09:51:16.424147+00:00,2026-08-18T09:51:31.945116+00:00
37,87,Christie,4,MID,49,0,0,0.0,0.0,0.0,0,1,0,0,0,2026-08-18T09:51:16.424147+00:00,2026-08-18T09:51:31.945116+00:00
37,88,Cook,4,MID,49,2.07,2.2357,0.48,0.1144,0.4556,0.0056,1,1,1,0,2026-08-18T09:51:16.424147+00:00,2026-08-18T09:51:31.945116+00:00
37,89,Philip,4,MID,49,0,0,0.0,0.0,0.0,0,1,0,0,0,2026-08-18T09:51:16.424147+00:00,2026-08-18T09:51:31.945116+00:00
37,90,Scott,4,MID,50,3.9324,2.5946,0.9,0.018,0.8384,0.0376,1,4,90,1,2026-08-18T09:51:16.424147+00:00,2026-08-18T09:51:31.945116+00:00
37,91,Sinisterra,4,MID,50,0,0,0.0,0.0,0.0,0,1,0,0,0,2026-08-18T09:51:16.424147+00:00,2026-08-18T09:51:31.945116+00:00
37,92,Faivre,4,MID,45,0,0,0.0,0.0,0.0,0,1,0,0,0,2026-08-18T09:51:16.424147+00:00,2026-08-18T09:51:31.945116+00:00
37,93,H.Traorè,4,MID,45,0,0,0.0,0.0,0.0,0,1,0,0,0,2026-08-18T09:51:16.424147+00:00,2026-08-18T09:51:31.945116+00:00
37,94,Sadi,4,MID,45,0,0,0.0,0.0,0.0,0,1,0,0,0,2026-08-18T09:51:16.424147+00:00,2026-08-18T09:51:31.945116+00:00
37,95,Silcott-Duberry,4,MID,44,0,0,0.0,0.0,0.0,0,1,0,0,0,2026-08-18T09:51:16.424147+00:00,2026-08-18T09:51:31.945116+00:00
37,96,Winterburn,4,MID,45,0,0,0.0,0.0,0.0,0,1,0,0,0,2026-08-18T09:51:16.424147+00:00,2026-08-18T09:51:31.945116+00:00
37,97,Evanilson,4,FWD,67,3.1468,2.7476,0.82,0.0324,0.7652,0.0436,1,2,88,1,2026-08-18T09:51:16.424147+00:00,2026-08-18T09:51:31.945116+00:00
37,98,Enes Ünal,4,FWD,54,0.7632,1.515,0.18,0.1804,0.1818,0.0036,1,1,1,0,2026-08-18T09:51:16.424147+00:00,2026-08-18T09:51:31.945116+00:00
37,99,Adu-Adjei,4,FWD,44,0,0,0.0,0.0,0.0,0,1,0,0,0,2026-08-18T09:51:16.424147+00:00,2026-08-18T09:51:31.945116+00:00
37,100,Kroupi.Jr,4,FWD,46,3.3296,3.3286,0.68,0.0576,0.637,0.056,1,8,75,1,2026-08-18T09:51:16.424147+00:00,2026-08-18T09:51:31.945116+00:00
37,391,Gannon-Doak,4,MID,48,0.8376,1.5718,0.18,0.1804,0.1818,0.0024,1,0,0,0,2026-08-18T09:51:16.424147+00:00,2026-08-18T09:51:31.945116+00:00
37,685,Diakité,4,DEF,41,1.0064,1.8493,0.22,0.1716,0.2183,0.0,1,0,0,0,2026-08-18T09:51:16.424147+00:00,2026-08-18T09:51:31.945116+00:00
37,687,Rees-Dottin,4,MID,43,0.4836,1.0287,0.1,0.198,0.1088,0.0,1,0,0,0,2026-08-18T09:51:16.424147+00:00,2026-08-18T09:51:31.945116+00:00
37,697,Adli,4,MID,54,2.1752,2.7178,0.48,0.1144,0.4556,0.022,1,0,0,0,2026-08-18T09:51:16.424147+00:00,2026-08-18T09:51:31.945116+00:00
37,713,A.Jimenez,4,DEF,45,0.8528,1.8377,0.22,0.1404,0.2158,0.0052,1,0,0,0,2026-08-18T09:51:16.424147+00:00,2026-08-18T09:51:31.945116+00:00
37,721,Milosavljević,4,DEF,44,1.0656,2.0405,0.22,0.1716,0.2183,0.0048,1,0,0,0,2026-08-18T09:51:16.424147+00:00,2026-08-18T09:51:31.945116+00:00
37,756,DaCosta,4,MID,45,0.4484,0.9036,0.1,0.198,0.1088,0.0,1,0,0,0,2026-08-18T09:51:16.424147+00:00,2026-08-18T09:51:31.945116+00:00
37,782,Forster,4,GKP,40,0.1936,0.8929,0.04,0.0384,0.0403,0.0,1,0,0,0,2026-08-18T09:51:16.424147+00:00,2026-08-18T09:51:31.945116+00:00
37,799,Stevens,4,MID,45,0.466,0.9514,0.1,0.198,0.1088,0.0,1,0,0,0,2026-08-18T09:51:16.424147+00:00,2026-08-18T09:51:31.945116+00:00
37,801,Tóth.A,4,MID,49,0.9532,1.7039,0.18,0.1804,0.1818,0.0008,1,0,0,0,2026-08-18T09:51:16.424147+00:00,2026-08-18T09:51:31.945116+00:00
37,806,Mandas,4,GKP,40,0.1648,0.749,0.04,0.0384,0.0403,0.0,1,0,0,0,2026-08-18T09:51:16.424147+00:00,2026-08-18T09:51:31.945116+00:00
37,807,Rayan,4,MID,54,1.9396,2.4555,0.48,0.1144,0.4556,0.0148,1,3,83,1,2026-08-18T09:51:16.424147+00:00,2026-08-18T09:51:31.945116+00:00
37,27,Nelson,5,MID,48,1.0164,1.871,0.18,0.1804,0.1818,0.0032,1,0,0,0,2026-08-18T09:51:16.424147+00:00,2026-08-18T09:51:31.945116+00:00
37,83,O.Dango,5,MID,57,4.0648,3.4242,0.82,0.0324,0.7652,0.0748,1,15,90,1,2026-08-18T09:51:16.424147+00:00,2026-08-18T09:51:31.945116+00:00
37,101,Kelleher,5,GKP,48,3.4728,2.2942,0.9,0.008,0.8376,0.0032,1,2,90,1,2026-08-18T09:51:16.424147+00:00,2026-08-18T09:51:31.945116+00:00
37,102,Balcombe,5,GKP,39,0.1976,0.8549,0.04,0.0384,0.0403,0.0,1,0,0,0,2026-08-18T09:51:16.424147+00:00,2026-08-18T09:51:31.945116+00:00
37,103,Cox,5,GKP,39,0,0,0.0,0.0,0.0,0,1,0,0,0,2026-08-18T09:51:16.424147+00:00,2026-08-18T09:51:31.945116+00:00
37,104,Eyestone,5,GKP,39,0.1716,0.7673,0.04,0.0384,0.0403,0.0,1,0,0,0,2026-08-18T09:51:16.424147+00:00,2026-08-18T09:51:31.945116+00:00
37,105,Valdimarsson,5,GKP,38,0.1352,0.666,0.04,0.0384,0.0403,0.0,1,0,0,0,2026-08-18T09:51:16.424147+00:00,2026-08-18T09:51:31.945116+00:00
37,106,Collins,5,DEF,49,4.0176,2.935,0.9,0.018,0.8384,0.0388,1,3,90,1,2026-08-18T09:51:16.424147+00:00,2026-08-18T09:51:31.945116+00:00
37,107,Lewis-Potter,5,DEF,48,3.186,3.3931,0.68,0.0576,0.637,0.0508,1,1,90,1,2026-08-18T09:51:16.424147+00:00,2026-08-18T09:51:31.945116+00:00
37,108,Ajer,5,DEF,44,1.046,2.0692,0.22,0.1404,0.2158,0.0052,1,3,81,1,2026-08-18T09:51:16.424147+00:00,2026-08-18T09:51:31.945116+00:00
37,109,Henry,5,DEF,43,0,0,0.0,0.0,0.0,0,1,0,0,0,2026-08-18T09:51:16.424147+00:00,2026-08-18T09:51:31.945116+00:00
37,110,Kayode,5,DEF,46,3.3784,2.7182,0.9,0.018,0.8384,0.022,1,0,90,1,2026-08-18T09:51:16.424147+00:00,2026-08-18T09:51:31.945116+00:00
37,111,Pinnock,5,DEF,42,1.1812,2.0722,0.22,0.1716,0.2183,0.0024,1,0,0,0,2026-08-18T09:51:16.424147+00:00,2026-08-18T09:51:31.945116+00:00
37,112,Roerslev,5,DEF,45,0,0,0.0,0.0,0.0,0,1,0,0,0,2026-08-18T09:51:16.424147+00:00,2026-08-18T09:51:31.945116+00:00
37,113,Van den Berg,5,DEF,44,1.072,2.2512,0.22,0.1404,0.2158,0.0112,1,4,8,0,2026-08-18T09:51:16.424147+00:00,2026-08-18T09:51:31.945116+00:00
37,114,Arthur,5,DEF,38,0,0,0.0,0.0,0.0,0,1,0,0,0,2026-08-18T09:51:16.424147+00:00,2026-08-18T09:51:31.945116+00:00
37,115,Fredrick,5,DEF,40,0,0,0.0,0.0,0.0,0,1,0,0,0,2026-08-18T09:51:16.424147+00:00,2026-08-18T09:51:31.945116+00:00
37,116,Hickey,5,DEF,40,0.902,1.7491,0.22,0.1716,0.2183,0.002,1,0,0,0,2026-08-18T09:51:16.424147+00:00,2026-08-18T09:51:31.945116+00:00
37,117,Ji-soo,5,DEF,39,0,0,0.0,0.0,0.0,0,1,0,0,0,2026-08-18T09:51:16.424147+00:00,2026-08-18T09:51:31.945116+00:00
37,118,Meghoma,5,DEF,40,0,0,0.0,0.0,0.0,0,1,0,0,0,2026-08-18T09:51:16.424147+00:00,2026-08-18T09:51:31.945116+00:00
37,120,Schade,5,MID,68,3.8292,3.5145,0.82,0.0324,0.7652,0.0628,1,1,27,0,2026-08-18T09:51:16.424147+00:00,2026-08-18T09:51:31.945116+00:00
37,121,Damsgaard,5,MID,56,3.3272,3.0151,0.68,0.0576,0.637,0.0412,1,2,90,1,2026-08-18T09:51:16.424147+00:00,2026-08-18T09:51:31.945116+00:00
37,122,Milambo,5,MID,52,0,0,0.0,0.0,0.0,0,1,0,0,0,2026-08-18T09:51:16.424147+00:00,2026-08-18T09:51:31.945116+00:00
37,123,Carvalho,5,MID,46,0,0,0.0,0.0,0.0,0,1,0,0,0,2026-08-18T09:51:16.424147+00:00,2026-08-18T09:51:31.945116+00:00
37,124,Henderson,5,MID,50,2.1724,1.9157,0.68,0.0576,0.637,0.0028,1,1,27,0,2026-08-18T09:51:16.424147+00:00,2026-08-18T09:51:31.945116+00:00
37,125,Janelt,5,MID,49,1.9196,2.2905,0.48,0.1144,0.4556,0.0056,1,2,62,1,2026-08-18T09:51:16.424147+00:00,2026-08-18T09:51:31.945116+00:00
37,126,Jensen,5,MID,49,3.0444,2.4113,0.82,0.0324,0.7652,0.0164,1,2,62,1,2026-08-18T09:51:16.424147+00:00,2026-08-18T09:51:31.945116+00:00
37,127,Nunes,5,MID,49,0,0,0.0,0.0,0.0,0,1,0,0,0,2026-08-18T09:51:16.424147+00:00,2026-08-18T09:51:31.945116+00:00
37,128,Onyeka,5,MID,48,0,0,0.0,0.0,0.0,0,1,0,0,0,2026-08-18T09:51:16.424147+00:00,2026-08-18T09:51:31.945116+00:00
37,129,Yarmoliuk,5,MID,50,2.6804,1.9911,0.82,0.0324,0.7652,0.008,1,8,88,1,2026-08-18T09:51:16.424147+00:00,2026-08-18T09:51:31.945116+00:00
37,130,Donovan,5,MID,44,0.584,1.2948,0.1,0.198,0.1088,0.0008,1,0,0,0,2026-08-18T09:51:16.424147+00:00,2026-08-18T09:51:31.945116+00:00
37,131,Konak,5,MID,43,0,0,0.0,0.0,0.0,0,1,0,0,0,2026-08-18T09:51:16.424147+00:00,2026-08-18T09:51:31.945116+00:00
37,132,Maghoma,5,MID,45,0,0,0.0,0.0,0.0,0,1,0,0,0,2026-08-18T09:51:16.424147+00:00,2026-08-18T09:51:31.945116+00:00
37,133,Peart-Harris,5,MID,44,0,0,0.0,0.0,0.0,0,1,0,0,0,2026-08-18T09:51:16.424147+00:00,2026-08-18T09:51:31.945116+00:00
37,134,Trevitt,5,MID,45,0,0,0.0,0.0,0.0,0,1,0,0,0,2026-08-18T09:51:16.424147+00:00,2026-08-18T09:51:31.945116+00:00
37,136,Thiago,5,FWD,73,4.5976,3.4786,0.9,0.018,0.8384,0.1064,1,2,90,1,2026-08-18T09:51:16.424147+00:00,2026-08-18T09:51:31.945116+00:00
37,137,Morgan,5,FWD,44,0,0,0.0,0.0,0.0,0,1,0,0,0,2026-08-18T09:51:16.424147+00:00,2026-08-18T09:51:31.945116+00:00
37,748,Dasilva,5,MID,49,0.6992,1.309,0.18,0.1804,0.1818,0.0016,1,1,1,0,2026-08-18T09:51:16.424147+00:00,2026-08-18T09:51:31.945116+00:00
37,797,Furo,5,FWD,45,0.4596,0.9695,0.1,0.198,0.1088,0.0008,1,0,0,0,2026-08-18T09:51:16.424147+00:00,2026-08-18T09:51:31.945116+00:00
37,810,Bentt,5,MID,45,0.456,0.9115,0.1,0.198,0.1088,0.0,1,0,0,0,2026-08-18T09:51:16.424147+00:00,2026-08-18T09:51:31.945116+00:00
37,819,Shield,5,DEF,40,0.494,1.2261,0.1,0.198,0.1088,0.0004,1,0,0,0,2026-08-18T09:51:16.424147+00:00,2026-08-18T09:51:31.945116+00:00
37,823,Stephenson,5,DEF,40,0.514,1.2455,0.1,0.198,0.1088,0.0004,1,0,0,0,2026-08-18T09:51:16.424147+00:00,2026-08-18T09:51:31.945116+00:00
37,824,McManus,5,DEF,40,0.524,1.292,0.1,0.198,0.1088,0.002,1,0,0,0,2026-08-18T09:51:16.424147+00:00,2026-08-18T09:51:31.945116+00:00
37,826,Owen,5,MID,45,0.478,0.9925,0.1,0.198,0.1088,0.0004,1,0,0,0,2026-08-18T09:51:16.424147+00:00,2026-08-18T09:51:31.945116+00:00
37,138,Steele,6,GKP,42,0.1568,0.7454,0.04,0.0384,0.0403,0.0,1,0,0,0,2026-08-18T09:51:16.424147+00:00,2026-08-18T09:51:31.945116+00:00
37,139,Verbruggen,6,GKP,46,2.8384,2.1008,0.9,0.008,0.8376,0.0,1,2,90,1,2026-08-18T09:51:16.424147+00:00,2026-08-18T09:51:31.945116+00:00
37,140,McGill,6,GKP,39,0.1396,0.6501,0.04,0.0384,0.0403,0.0,1,0,0,0,2026-08-18T09:51:16.424147+00:00,2026-08-18T09:51:31.945116+00:00
37,141,Rushworth,6,GKP,40,0,0,0.0,0.0,0.0,0,1,0,0,0,2026-08-18T09:51:16.424147+00:00,2026-08-18T09:51:31.945116+00:00
37,142,Scherpen,6,GKP,40,0,0,0.0,0.0,0.0,0,1,0,0,0,2026-08-18T09:51:16.424147+00:00,2026-08-18T09:51:31.945116+00:00
37,143,Boscagli,6,DEF,42,0.982,1.8997,0.22,0.1716,0.2183,0.0044,1,0,0,0,2026-08-18T09:51:16.424147+00:00,2026-08-18T09:51:31.945116+00:00
37,144,Coppola,6,DEF,42,0,0,0.0,0.0,0.0,0,1,0,0,0,2026-08-18T09:51:16.424147+00:00,2026-08-18T09:51:31.945116+00:00
37,145,De Cuyper,6,DEF,43,1.0864,2.1797,0.22,0.1716,0.2183,0.0124,1,2,90,1,2026-08-18T09:51:16.424147+00:00,2026-08-18T09:51:31.945116+00:00
37,146,Dunk,6,DEF,45,0.808,1.6858,0.22,0.1404,0.2158,0.0012,1,2,90,1,2026-08-18T09:51:16.424147+00:00,2026-08-18T09:51:31.945116+00:00
37,147,Estupiñan,6,DEF,45,0,0,0.0,0.0,0.0,0,1,0,0,0,2026-08-18T09:51:16.424147+00:00,2026-08-18T09:51:31.945116+00:00
37,148,F.Kadıoğlu,6,DEF,44,0.8176,1.6987,0.22,0.1404,0.2158,0.0036,1,2,90,1,2026-08-18T09:51:16.424147+00:00,2026-08-18T09:51:31.945116+00:00
37,149,Igor,6,DEF,45,0.5764,1.3387,0.1,0.198,0.1088,0.0008,1,0,0,0,2026-08-18T09:51:16.424147+00:00,2026-08-18T09:51:31.945116+00:00
37,150,Lamptey,6,DEF,44,0,0,0.0,0.0,0.0,0,1,0,0,0,2026-08-18T09:51:16.424147+00:00,2026-08-18T09:51:31.945116+00:00
37,151,Van Hecke,6,DEF,47,3.392,2.8297,0.9,0.018,0.8384,0.0304,1,2,90,1,2026-08-18T09:51:16.424147+00:00,2026-08-18T09:51:31.945116+00:00
37,152,Veltman,6,DEF,43,0.7888,1.6915,0.22,0.1716,0.2183,0.0044,1,6,64,1,2026-08-18T09:51:16.424147+00:00,2026-08-18T09:51:31.945116+00:00
37,153,Webster,6,DEF,44,0,0,0.0,0.0,0.0,0,1,0,0,0,2026-08-18T09:51:16.424147+00:00,2026-08-18T09:51:31.945116+00:00
37,154,Cashin,6,DEF,40,0,0,0.0,0.0,0.0,0,1,0,0,0,2026-08-18T09:51:16.424147+00:00,2026-08-18T09:51:31.945116+00:00
37,155,Slater,6,DEF,40,0,0,0.0,0.0,0.0,0,1,0,0,0,2026-08-18T09:51:16.424147+00:00,2026-08-18T09:51:31.945116+00:00
37,156,Tasker,6,DEF,38,0.5024,1.1991,0.1,0.198,0.1088,0.0016,1,0,0,0,2026-08-18T09:51:16.424147+00:00,2026-08-18T09:51:31.945116+00:00
37,157,Mitoma,6,MID,61,0,0,0.0,0.0,0.0,0,1,0,0,0,2026-08-18T09:51:16.424147+00:00,2026-08-18T09:51:31.945116+00:00
37,158,Georginio,6,MID,56,2.2408,2.1806,0.68,0.0576,0.637,0.0096,1,1,25,0,2026-08-18T09:51:16.424147+00:00,2026-08-18T09:51:31.945116+00:00
37,159,March,6,MID,58,1.4664,1.8251,0.45,0.154,0.4308,0.0044,1,1,1,0,2026-08-18T09:51:16.424147+00:00,2026-08-18T09:51:31.945116+00:00
37,160,Minteh,6,MID,55,3.0736,2.4261,0.82,0.0324,0.7652,0.0156,1,3,90,1,2026-08-18T09:51:16.424147+00:00,2026-08-18T09:51:31.945116+00:00
37,161,Enciso,6,MID,54,0,0,0.0,0.0,0.0,0,1,0,0,0,2026-08-18T09:51:16.424147+00:00,2026-08-18T09:51:31.945116+00:00
37,162,Gruda,6,MID,54,0,0,0.0,0.0,0.0,0,1,0,0,0,2026-08-18T09:51:16.424147+00:00,2026-08-18T09:51:31.945116+00:00
37,163,Hinshelwood,6,MID,52,2.5792,2.7057,0.68,0.0576,0.637,0.0272,1,3,81,1,2026-08-18T09:51:16.424147+00:00,2026-08-18T09:51:31.945116+00:00
37,164,O'Riley,6,MID,55,1.4704,1.8537,0.45,0.154,0.4308,0.0036,1,0,0,0,2026-08-18T09:51:16.424147+00:00,2026-08-18T09:51:31.945116+00:00
37,165,Sima,6,MID,54,0,0,0.0,0.0,0.0,0,1,0,0,0,2026-08-18T09:51:16.424147+00:00,2026-08-18T09:51:31.945116+00:00
37,166,Ayari,6,MID,48,2.714,2.4818,0.68,0.0576,0.637,0.0184,1,1,8,0,2026-08-18T09:51:16.424147+00:00,2026-08-18T09:51:31.945116+00:00
37,167,Baleba,6,MID,45,2.1192,1.8513,0.68,0.0576,0.637,0.0024,1,3,81,1,2026-08-18T09:51:16.424147+00:00,2026-08-18T09:51:31.945116+00:00
37,169,Gomez,6,MID,49,3.292,2.7857,0.82,0.0324,0.7652,0.0332,1,1,25,0,2026-08-18T09:51:16.424147+00:00,2026-08-18T09:51:31.945116+00:00
37,170,Milner,6,MID,49,0.9984,1.5936,0.28,0.1584,0.2731,0.0008,1,0,0,0,2026-08-18T09:51:16.424147+00:00,2026-08-18T09:51:31.945116+00:00
37,171,Sarmiento,6,MID,49,0,0,0.0,0.0,0.0,0,1,0,0,0,2026-08-18T09:51:16.424147+00:00,2026-08-18T09:51:31.945116+00:00
37,172,Watson,6,MID,48,0,0,0.0,0.0,0.0,0,1,0,0,0,2026-08-18T09:51:16.424147+00:00,2026-08-18T09:51:31.945116+00:00
37,173,Wieffer,6,MID,49,2.7008,2.4858,0.68,0.0576,0.637,0.0144,1,0,0,0,2026-08-18T09:51:16.424147+00:00,2026-08-18T09:51:31.945116+00:00
37,174,Yalcouye,6,MID,50,0,0,0.0,0.0,0.0,0,1,0,0,0,2026-08-18T09:51:16.424147+00:00,2026-08-18T09:51:31.945116+00:00
37,175,Knight,6,MID,44,0,0,0.0,0.0,0.0,0,1,0,0,0,2026-08-18T09:51:16.424147+00:00,2026-08-18T09:51:31.945116+00:00
37,176,Mazilu,6,MID,45,0,0,0.0,0.0,0.0,0,1,0,0,0,2026-08-18T09:51:16.424147+00:00,2026-08-18T09:51:31.945116+00:00
37,177,Moran,6,MID,45,0,0,0.0,0.0,0.0,0,1,0,0,0,2026-08-18T09:51:16.424147+00:00,2026-08-18T09:51:31.945116+00:00
37,178,Welbeck,6,FWD,64,3.7632,3.1677,0.82,0.0324,0.7652,0.0628,1,2,64,1,2026-08-18T09:51:16.424147+00:00,2026-08-18T09:51:31.945116+00:00
37,179,Ferguson,6,FWD,55,0,0,0.0,0.0,0.0,0,1,0,0,0,2026-08-18T09:51:16.424147+00:00,2026-08-18T09:51:31.945116+00:00
37,180,Tzimas,6,FWD,52,0,0,0.0,0.0,0.0,0,1,0,0,0,2026-08-18T09:51:16.424147+00:00,2026-08-18T09:51:31.945116+00:00
37,181,Kostoulas,6,FWD,48,1.086,1.7313,0.28,0.1584,0.2731,0.0016,1,1,8,0,2026-08-18T09:51:16.424147+00:00,2026-08-18T09:51:31.945116+00:00
37,744,Oriola,6,MID,45,0.4672,0.9853,0.1,0.198,0.1088,0.0,1,0,0,0,2026-08-18T09:51:16.424147+00:00,2026-08-18T09:51:31.945116+00:00
37,761,Simmonds,6,DEF,40,0.478,1.1619,0.1,0.198,0.1088,0.0004,1,0,0,0,2026-08-18T09:51:16.424147+00:00,2026-08-18T09:51:31.945116+00:00
37,783,Groß,6,MID,56,2.536,2.2596,0.68,0.0896,0.6396,0.0072,1,3,90,1,2026-08-18T09:51:16.424147+00:00,2026-08-18T09:51:31.945116+00:00
37,795,Howell,6,MID,45,0.424,0.8916,0.1,0.198,0.1088,0.0004,1,0,0,0,2026-08-18T09:51:16.424147+00:00,2026-08-18T09:51:31.945116+00:00
37,220,Sánchez,7,GKP,48,3.274,2.2963,0.9,0.008,0.8376,0.0024,1,2,90,1,2026-08-18T09:51:16.424147+00:00,2026-08-18T09:51:31.945116+00:00
37,221,Jörgensen,7,GKP,43,0.1856,0.8106,0.04,0.0384,0.0403,0.0,1,0,0,0,2026-08-18T09:51:16.424147+00:00,2026-08-18T09:51:31.945116+00:00
37,222,Penders,7,GKP,40,0,0,0.0,0.0,0.0,0,1,0,0,0,2026-08-18T09:51:16.424147+00:00,2026-08-18T09:51:31.945116+00:00
37,223,Slonina,7,GKP,39,0.18,0.7827,0.04,0.0384,0.0403,0.0,1,0,0,0,2026-08-18T09:51:16.424147+00:00,2026-08-18T09:51:31.945116+00:00
37,224,Cucurella,7,DEF,61,3.4404,3.094,0.82,0.0324,0.7652,0.0396,1,1,90,1,2026-08-18T09:51:16.424147+00:00,2026-08-18T09:51:31.945116+00:00
37,225,James,7,DEF,56,2.9648,3.0017,0.68,0.0576,0.637,0.0312,1,0,0,0,2026-08-18T09:51:16.424147+00:00,2026-08-18T09:51:31.945116+00:00
37,226,Chalobah,7,DEF,54,3.7708,2.7463,0.9,0.018,0.8384,0.0272,1,1,16,0,2026-08-18T09:51:16.424147+00:00,2026-08-18T09:51:31.945116+00:00
37,227,Colwill,7,DEF,47,0.7984,1.6849,0.18,0.1804,0.1818,0.0024,1,0,0,0,2026-08-18T09:51:16.424147+00:00,2026-08-18T09:51:31.945116+00:00
37,228,Gusto,7,DEF,48,3.2128,2.8481,0.82,0.0324,0.7652,0.0276,1,0,0,0,2026-08-18T09:51:16.424147+00:00,2026-08-18T09:51:31.945116+00:00
37,229,B.Badiashile,7,DEF,44,0.884,1.7361,0.22,0.1716,0.2183,0.0012,1,0,0,0,2026-08-18T09:51:16.424147+00:00,2026-08-18T09:51:31.945116+00:00
37,230,Fofana,7,DEF,44,0,0,0.0,0.0,0.0,0,1,2,80,1,2026-08-18T09:51:16.424147+00:00,2026-08-18T09:51:31.945116+00:00
37,231,M.Sarr,7,DEF,45,0.5748,1.4237,0.1,0.198,0.1088,0.002,1,1,9,0,2026-08-18T09:51:16.424147+00:00,2026-08-18T09:51:31.945116+00:00
37,232,Tosin,7,DEF,40,1.11,2.0697,0.22,0.1716,0.2183,0.0044,1,0,0,0,2026-08-18T09:51:16.424147+00:00,2026-08-18T09:51:31.945116+00:00
37,233,Acheampong,7,DEF,37,1.1156,2.1018,0.22,0.1716,0.2183,0.0068,1,2,73,1,2026-08-18T09:51:16.424147+00:00,2026-08-18T09:51:31.945116+00:00
37,234,Anselmino,7,DEF,40,0,0,0.0,0.0,0.0,0,1,0,0,0,2026-08-18T09:51:16.424147+00:00,2026-08-18T09:51:31.945116+00:00
37,235,Palmer,7,MID,103,4.006,4.2099,0.68,0.0576,0.637,0.1052,1,2,88,1,2026-08-18T09:51:16.424147+00:00,2026-08-18T09:51:31.945116+00:00
37,236,Neto,7,MID,70,3.5192,2.8899,0.82,0.0324,0.7652,0.0452,1,5,88,1,2026-08-18T09:51:16.424147+00:00,2026-08-18T09:51:31.945116+00:00
37,237,Enzo,7,MID,64,4.6124,3.5,0.9,0.018,0.8384,0.0952,1,13,90,1,2026-08-18T09:51:16.424147+00:00,2026-08-18T09:51:31.945116+00:00
37,238,Estêvão,7,MID,64,0,0,0.0,0.0,0.0,0,1,0,0,0,2026-08-18T09:51:16.424147+00:00,2026-08-18T09:51:31.945116+00:00
37,239,Gittens,7,MID,60,0.7844,1.4807,0.14,0.2408,0.1495,0.0024,1,0,0,0,2026-08-18T09:51:16.424147+00:00,2026-08-18T09:51:31.945116+00:00
37,240,Nkunku,7,MID,59,0,0,0.0,0.0,0.0,0,1,0,0,0,2026-08-18T09:51:16.424147+00:00,2026-08-18T09:51:31.945116+00:00
37,241,Caicedo,7,MID,57,3.1124,2.2221,0.82,0.0324,0.7652,0.0116,1,2,90,1,2026-08-18T09:51:16.424147+00:00,2026-08-18T09:51:31.945116+00:00
37,244,Lavia,7,MID,49,0.618,1.2737,0.14,0.1892,0.1453,0.0008,1,0,0,0,2026-08-18T09:51:16.424147+00:00,2026-08-18T09:51:31.945116+00:00
37,245,Mudryk,7,MID,49,0,0,0.0,0.0,0.0,0,1,0,0,0,2026-08-18T09:51:16.424147+00:00,2026-08-18T09:51:31.945116+00:00
37,246,Andrey Santos,7,MID,44,1.6428,2.1246,0.48,0.1144,0.4556,0.006,1,10,90,1,2026-08-18T09:51:16.424147+00:00,2026-08-18T09:51:31.945116+00:00
37,247,D.Essugo,7,MID,43,0.6144,1.392,0.1,0.198,0.1088,0.0008,1,0,1,0,2026-08-18T09:51:16.424147+00:00,2026-08-18T09:51:31.945116+00:00
37,248,Paez,7,MID,45,0,0,0.0,0.0,0.0,0,1,0,0,0,2026-08-18T09:51:16.424147+00:00,2026-08-18T09:51:31.945116+00:00
37,249,João Pedro,7,FWD,75,4.3704,3.5551,0.82,0.0324,0.7652,0.0928,1,0,0,0,2026-08-18T09:51:16.424147+00:00,2026-08-18T09:51:31.945116+00:00
37,250,Delap,7,FWD,62,1.8404,2.3403,0.48,0.1456,0.458,0.0172,1,1,88,1,2026-08-18T09:51:16.424147+00:00,2026-08-18T09:51:31.945116+00:00
37,251,N.Jackson,7,FWD,65,0,0,0.0,0.0,0.0,0,1,0,0,0,2026-08-18T09:51:16.424147+00:00,2026-08-18T09:51:31.945116+00:00
37,252,Marc Guiu,7,FWD,40,0.498,1.0008,0.1,0.198,0.1088,0.0004,1,0,0,0,2026-08-18T09:51:16.424147+00:00,2026-08-18T09:51:31.945116+00:00
37,453,Garnacho,7,MID,64,2.1828,2.7825,0.48,0.1456,0.458,0.0288,1,1,1,0,2026-08-18T09:51:16.424147+00:00,2026-08-18T09:51:31.945116+00:00
37,672,Hato,7,DEF,46,1.684,2.3742,0.48,0.1144,0.4556,0.0104,1,1,90,1,2026-08-18T09:51:16.424147+00:00,2026-08-18T09:51:31.945116+00:00
37,743,Emenalo,7,MID,45,0.4672,0.954,0.1,0.198,0.1088,0.0,1,0,0,0,2026-08-18T09:51:16.424147+00:00,2026-08-18T09:51:31.945116+00:00
37,789,Merrick,7,GKP,40,0.1636,0.7469,0.04,0.0384,0.0403,0.0,1,0,0,0,2026-08-18T09:51:16.424147+00:00,2026-08-18T09:51:31.945116+00:00
37,803,Sharman-Lowe,7,GKP,40,0.178,0.8257,0.04,0.0384,0.0403,0.0,1,0,0,0,2026-08-18T09:51:16.424147+00:00,2026-08-18T09:51:31.945116+00:00
37,829,Derry,7,MID,45,0.4732,0.9638,0.1,0.198,0.1088,0.0,1,0,0,0,2026-08-18T09:51:16.424147+00:00,2026-08-18T09:51:31.945116+00:00
37,833,Eboué,7,MID,45,0.4728,0.9567,0.1,0.198,0.1088,0.0004,1,0,0,0,2026-08-18T09:51:16.424147+00:00,2026-08-18T09:51:31.945116+00:00
37,834,Kavuma-McQueen,7,MID,45,0.472,0.981,0.1,0.198,0.1088,0.0004,1,0,0,0,2026-08-18T09:51:16.424147+00:00,2026-08-18T09:51:31.945116+00:00
37,840,Mheuka,7,FWD,45,0.4564,0.9237,0.1,0.198,0.1088,0.0004,1,1,1,0,2026-08-18T09:51:16.424147+00:00,2026-08-18T09:51:31.945116+00:00
37,253,Henderson,8,GKP,51,2.8164,2.0814,0.9,0.008,0.8376,0.0016,1,0,90,1,2026-08-18T09:51:16.424147+00:00,2026-08-18T09:51:31.945116+00:00
37,254,Benitez,8,GKP,39,0.1588,0.7409,0.04,0.0384,0.0403,0.0,1,0,0,0,2026-08-18T09:51:16.424147+00:00,2026-08-18T09:51:31.945116+00:00
37,255,Matthews,8,GKP,39,0.1908,0.8012,0.04,0.0384,0.0403,0.0,1,0,0,0,2026-08-18T09:51:16.424147+00:00,2026-08-18T09:51:31.945116+00:00
37,256,Muñoz,8,DEF,59,3.1144,2.9414,0.82,0.0324,0.7652,0.0348,1,6,90,1,2026-08-18T09:51:16.424147+00:00,2026-08-18T09:51:31.945116+00:00
37,257,Lacroix,8,DEF,52,3.8048,2.7913,0.9,0.018,0.8384,0.0328,1,2,60,1,2026-08-18T09:51:16.424147+00:00,2026-08-18T09:51:31.945116+00:00
37,258,Mitchell,8,DEF,50,2.8512,2.4216,0.9,0.018,0.8384,0.0116,1,1,90,1,2026-08-18T09:51:16.424147+00:00,2026-08-18T09:51:31.945116+00:00
37,259,Sosa,8,DEF,48,0.4848,1.2159,0.09,0.2002,0.0997,0.0008,1,0,0,0,2026-08-18T09:51:16.424147+00:00,2026-08-18T09:51:31.945116+00:00
37,261,Richards,8,DEF,44,0,0,0.0,0.0,0.0,0,1,0,29,0,2026-08-18T09:51:16.424147+00:00,2026-08-18T09:51:31.945116+00:00
37,262,Chadi Riad,8,DEF,40,0.7132,1.4153,0.22,0.1716,0.2183,0.0012,1,2,73,1,2026-08-18T09:51:16.424147+00:00,2026-08-18T09:51:31.945116+00:00
37,263,Clyne,8,DEF,38,0.9612,1.823,0.22,0.1716,0.2183,0.004,1,0,0,0,2026-08-18T09:51:16.424147+00:00,2026-08-18T09:51:31.945116+00:00
37,264,Holding,8,DEF,40,0,0,0.0,0.0,0.0,0,1,0,0,0,2026-08-18T09:51:16.424147+00:00,2026-08-18T09:51:31.945116+00:00
37,265,Kporha,8,DEF,40,0.4484,1.0891,0.1,0.198,0.1088,0.0008,1,0,0,0,2026-08-18T09:51:16.424147+00:00,2026-08-18T09:51:31.945116+00:00
37,267,Sarr,8,MID,64,3.922,3.3878,0.82,0.0324,0.7652,0.0568,1,7,90,1,2026-08-18T09:51:16.424147+00:00,2026-08-18T09:51:31.945116+00:00
37,268,Doucouré,8,MID,49,0,0,0.0,0.0,0.0,0,1,0,0,0,2026-08-18T09:51:16.424147+00:00,2026-08-18T09:51:31.945116+00:00
37,269,Esse,8,MID,47,0,0,0.0,0.0,0.0,0,1,0,0,0,2026-08-18T09:51:16.424147+00:00,2026-08-18T09:51:31.945116+00:00
37,270,Hughes,8,MID,47,1.8908,1.8528,0.68,0.0704,0.638,0.0032,1,0,0,0,2026-08-18T09:51:16.424147+00:00,2026-08-18T09:51:31.945116+00:00
37,271,Kamada,8,MID,50,2.2268,2.162,0.68,0.0576,0.637,0.01,1,4,90,1,2026-08-18T09:51:16.424147+00:00,2026-08-18T09:51:31.945116+00:00
37,272,Lerma,8,MID,49,2.3888,2.2433,0.68,0.0576,0.637,0.0076,1,0,16,0,2026-08-18T09:51:16.424147+00:00,2026-08-18T09:51:31.945116+00:00
37,273,Wharton,8,MID,50,3.2484,2.386,0.82,0.0324,0.7652,0.0164,1,11,90,1,2026-08-18T09:51:16.424147+00:00,2026-08-18T09:51:31.945116+00:00
37,274,Agbinone,8,MID,43,0.4644,0.9459,0.1,0.198,0.1088,0.0,1,0,0,0,2026-08-18T09:51:16.424147+00:00,2026-08-18T09:51:31.945116+00:00
37,275,Ahamada,8,MID,43,0,0,0.0,0.0,0.0,0,1,0,0,0,2026-08-18T09:51:16.424147+00:00,2026-08-18T09:51:31.945116+00:00
37,276,Devenny,8,MID,43,1.11,1.7566,0.28,0.1584,0.2731,0.0028,1,0,0,0,2026-08-18T09:51:16.424147+00:00,2026-08-18T09:51:31.945116+00:00
37,277,Ebiowei,8,MID,45,0,0,0.0,0.0,0.0,0,1,0,0,0,2026-08-18T09:51:16.424147+00:00,2026-08-18T09:51:31.945116+00:00
37,278,J.Rak-Sakyi,8,MID,44,0,0,0.0,0.0,0.0,0,1,0,0,0,2026-08-18T09:51:16.424147+00:00,2026-08-18T09:51:31.945116+00:00
37,279,M.França,8,MID,45,0,0,0.0,0.0,0.0,0,1,0,0,0,2026-08-18T09:51:16.424147+00:00,2026-08-18T09:51:31.945116+00:00
37,280,Ozoh,8,MID,45,0,0,0.0,0.0,0.0,0,1,0,0,0,2026-08-18T09:51:16.424147+00:00,2026-08-18T09:51:31.945116+00:00
37,281,Rodney,8,MID,44,0.4548,0.9408,0.1,0.198,0.1088,0.0004,1,0,0,0,2026-08-18T09:51:16.424147+00:00,2026-08-18T09:51:31.945116+00:00
37,282,Umeh,8,MID,45,0,0,0.0,0.0,0.0,0,1,0,0,0,2026-08-18T09:51:16.424147+00:00,2026-08-18T09:51:31.945116+00:00
37,283,Mateta,8,FWD,76,3.8948,3.2125,0.82,0.0324,0.7652,0.0764,1,1,29,0,2026-08-18T09:51:16.424147+00:00,2026-08-18T09:51:31.945116+00:00
37,284,Nketiah,8,FWD,54,0,0,0.0,0.0,0.0,0,1,0,0,0,2026-08-18T09:51:16.424147+00:00,2026-08-18T09:51:31.945116+00:00
37,285,Édouard,8,FWD,50,0,0,0.0,0.0,0.0,0,1,0,0,0,2026-08-18T09:51:16.424147+00:00,2026-08-18T09:51:31.945116+00:00
37,286,Marsh,8,FWD,44,0.4464,0.8687,0.1,0.198,0.1088,0.0004,1,0,0,0,2026-08-18T09:51:16.424147+00:00,2026-08-18T09:51:31.945116+00:00
37,580,Johnson,8,MID,65,1.962,2.0513,0.68,0.0576,0.637,0.0088,1,1,45,1,2026-08-18T09:51:16.424147+00:00,2026-08-18T09:51:31.945116+00:00
37,654,Strand Larsen,8,FWD,59,2.3648,1.9977,0.82,0.0324,0.7652,0.0124,1,2,60,1,2026-08-18T09:51:16.424147+00:00,2026-08-18T09:51:31.945116+00:00
37,677,Guessand,8,MID,62,1.7204,2.05,0.48,0.1456,0.458,0.0068,1,1,1,0,2026-08-18T09:51:16.424147+00:00,2026-08-18T09:51:31.945116+00:00
37,690,Cardines,8,MID,44,0.4616,0.9351,0.1,0.198,0.1088,0.0,1,0,0,0,2026-08-18T09:51:16.424147+00:00,2026-08-18T09:51:31.945116+00:00
37,712,Yeremy,8,MID,58,3.214,2.7639,0.82,0.0324,0.7652,0.032,1,1,45,1,2026-08-18T09:51:16.424147+00:00,2026-08-18T09:51:31.945116+00:00
37,723,Canvot,8,DEF,45,1.1936,2.2561,0.22,0.1716,0.2183,0.0124,1,3,90,1,2026-08-18T09:51:16.424147+00:00,2026-08-18T09:51:31.945116+00:00
37,732,Uche,8,FWD,55,1.4204,1.6997,0.45,0.154,0.4308,0.0044,1,0,0,0,2026-08-18T09:51:16.424147+00:00,2026-08-18T09:51:31.945116+00:00
37,762,Drakes-Thomas,8,MID,45,0.6772,1.4032,0.1,0.198,0.1088,0.0008,1,0,0,0,2026-08-18T09:51:16.424147+00:00,2026-08-18T09:51:31.945116+00:00
37,773,Benamar,8,DEF,40,0.5136,1.1764,0.1,0.198,0.1088,0.0,1,0,0,0,2026-08-18T09:51:16.424147+00:00,2026-08-18T09:51:31.945116+00:00
37,780,Casey,8,FWD,45,0.4344,0.8473,0.1,0.198,0.1088,0.0,1,0,0,0,2026-08-18T09:51:16.424147+00:00,2026-08-18T09:51:31.945116+00:00
37,793,King,8,DEF,40,0.4328,0.9969,0.1,0.198,0.1088,0.0,1,0,0,0,2026-08-18T09:51:16.424147+00:00,2026-08-18T09:51:31.945116+00:00
37,798,Imray,8,DEF,40,0,0,0.0,0.0,0.0,0,1,0,0,0,2026-08-18T09:51:16.424147+00:00,2026-08-18T09:51:31.945116+00:00
37,242,Dewsbury-Hall,9,MID,53,3.6204,2.9128,0.82,0.0324,0.7652,0.0448,1,2,90,1,2026-08-18T09:51:16.424147+00:00,2026-08-18T09:51:31.945116+00:00
37,243,George,9,MID,48,1.0372,1.6483,0.28,0.1584,0.2731,0.0016,1,1,17,0,2026-08-18T09:51:16.424147+00:00,2026-08-18T09:51:31.945116+00:00
37,287,Pickford,9,GKP,56,3.378,2.2953,0.9,0.008,0.8376,0.0024,1,1,90,1,2026-08-18T09:51:16.424147+00:00,2026-08-18T09:51:31.945116+00:00
37,288,Travers,9,GKP,42,0.194,0.913,0.04,0.0384,0.0403,0.0,1,0,0,0,2026-08-18T09:51:16.424147+00:00,2026-08-18T09:51:31.945116+00:00
37,289,Tyrer,9,GKP,39,0,0,0.0,0.0,0.0,0,1,0,0,0,2026-08-18T09:51:16.424147+00:00,2026-08-18T09:51:31.945116+00:00
37,290,Branthwaite,9,DEF,53,0,0,0.0,0.0,0.0,0,1,0,0,0,2026-08-18T09:51:16.424147+00:00,2026-08-18T09:51:31.945116+00:00
37,291,Tarkowski,9,DEF,57,4.2084,3.038,0.9,0.018,0.8384,0.0508,1,3,90,1,2026-08-18T09:51:16.424147+00:00,2026-08-18T09:51:31.945116+00:00
37,292,Mykolenko,9,DEF,49,3.078,2.4636,0.9,0.018,0.8384,0.0092,1,1,90,1,2026-08-18T09:51:16.424147+00:00,2026-08-18T09:51:31.945116+00:00
37,293,O'Brien,9,DEF,49,3.122,2.4773,0.9,0.018,0.8384,0.0092,1,0,87,1,2026-08-18T09:51:16.424147+00:00,2026-08-18T09:51:31.945116+00:00
37,294,Coleman,9,DEF,42,0.5224,1.2428,0.1,0.198,0.1088,0.0012,1,1,2,0,2026-08-18T09:51:16.424147+00:00,2026-08-18T09:51:31.945116+00:00
37,295,Keane,9,DEF,45,1.18,2.3171,0.22,0.1404,0.2158,0.0108,1,4,90,1,2026-08-18T09:51:16.424147+00:00,2026-08-18T09:51:31.945116+00:00
37,296,Patterson,9,DEF,44,1.1136,2.0779,0.22,0.1716,0.2183,0.004,1,0,0,0,2026-08-18T09:51:16.424147+00:00,2026-08-18T09:51:31.945116+00:00
37,297,Dixon,9,DEF,38,0,0,0.0,0.0,0.0,0,1,0,0,0,2026-08-18T09:51:16.424147+00:00,2026-08-18T09:51:31.945116+00:00
37,298,Welch,9,DEF,38,0.4948,1.1823,0.1,0.198,0.1088,0.0004,1,0,0,0,2026-08-18T09:51:16.424147+00:00,2026-08-18T09:51:31.945116+00:00
37,299,Ndiaye,9,MID,62,3.8348,3.2117,0.82,0.0324,0.7652,0.0644,1,2,90,1,2026-08-18T09:51:16.424147+00:00,2026-08-18T09:51:31.945116+00:00
37,300,McNeil,9,MID,55,1.8688,2.1808,0.48,0.1456,0.458,0.0088,1,1,2,0,2026-08-18T09:51:16.424147+00:00,2026-08-18T09:51:31.945116+00:00
37,301,Alcaraz,9,MID,52,0.9744,1.6735,0.28,0.1584,0.2731,0.002,1,0,0,0,2026-08-18T09:51:16.424147+00:00,2026-08-18T09:51:31.945116+00:00
37,302,Gana,9,MID,54,1.5332,2.0877,0.41,0.1062,0.3898,0.0064,1,0,0,0,2026-08-18T09:51:16.424147+00:00,2026-08-18T09:51:31.945116+00:00
37,303,Garner,9,MID,52,3.8024,2.4386,0.9,0.018,0.8384,0.028,1,1,90,1,2026-08-18T09:51:16.424147+00:00,2026-08-18T09:51:31.945116+00:00
37,304,Iroegbunam,9,MID,48,1.606,1.9016,0.48,0.1144,0.4556,0.0032,1,1,72,1,2026-08-18T09:51:16.424147+00:00,2026-08-18T09:51:31.945116+00:00
37,305,Armstrong,9,MID,45,1.0428,1.5954,0.28,0.1584,0.2731,0.0004,1,0,0,0,2026-08-18T09:51:16.424147+00:00,2026-08-18T09:51:31.945116+00:00
37,306,Bates,9,MID,43,0.4816,1.0137,0.1,0.198,0.1088,0.0004,1,0,0,0,2026-08-18T09:51:16.424147+00:00,2026-08-18T09:51:31.945116+00:00
37,307,Ebere,9,MID,44,0.4812,1.0078,0.1,0.198,0.1088,0.0004,1,0,0,0,2026-08-18T09:51:16.424147+00:00,2026-08-18T09:51:31.945116+00:00
37,308,Heath,9,MID,45,0,0,0.0,0.0,0.0,0,1,0,0,0,2026-08-18T09:51:16.424147+00:00,2026-08-18T09:51:31.945116+00:00
37,309,Metcalfe,9,MID,45,0,0,0.0,0.0,0.0,0,1,0,0,0,2026-08-18T09:51:16.424147+00:00,2026-08-18T09:51:31.945116+00:00
37,310,Barry,9,FWD,57,2.9256,3.0179,0.68,0.0576,0.637,0.0468,1,1,17,0,2026-08-18T09:51:16.424147+00:00,2026-08-18T09:51:31.945116+00:00
37,311,Beto,9,FWD,50,3.2096,3.1567,0.68,0.0704,0.638,0.0528,1,2,72,1,2026-08-18T09:51:16.424147+00:00,2026-08-18T09:51:31.945116+00:00
37,312,Y.Chermiti,9,FWD,49,0,0,0.0,0.0,0.0,0,1,0,0,0,2026-08-18T09:51:16.424147+00:00,2026-08-18T09:51:31.945116+00:00
37,313,Sherif,9,FWD,44,0,0,0.0,0.0,0.0,0,1,0,0,0,2026-08-18T09:51:16.424147+00:00,2026-08-18T09:51:31.945116+00:00
37,419,Grealish,9,MID,63,0,0,0.0,0.0,0.0,0,1,0,0,0,2026-08-18T09:51:16.424147+00:00,2026-08-18T09:51:31.945116+00:00
37,630,King,9,GKP,39,0.1792,0.791,0.04,0.0384,0.0403,0.0,1,0,0,0,2026-08-18T09:51:16.424147+00:00,2026-08-18T09:51:31.945116+00:00
37,667,Aznou,9,DEF,42,0.5504,1.2445,0.1,0.198,0.1088,0.0,1,0,0,0,2026-08-18T09:51:16.424147+00:00,2026-08-18T09:51:31.945116+00:00
37,704,Onyango,9,MID,45,0,0,0.0,0.0,0.0,0,1,0,0,0,2026-08-18T09:51:16.424147+00:00,2026-08-18T09:51:31.945116+00:00
37,705,Campbell,9,DEF,39,0,0,0.0,0.0,0.0,0,1,0,0,0,2026-08-18T09:51:16.424147+00:00,2026-08-18T09:51:31.945116+00:00
37,707,Dibling,9,MID,53,1.1376,1.7938,0.28,0.1584,0.2731,0.0044,1,0,0,0,2026-08-18T09:51:16.424147+00:00,2026-08-18T09:51:31.945116+00:00
37,728,Röhl,9,MID,50,1.0572,1.716,0.28,0.1584,0.2731,0.0036,1,9,87,1,2026-08-18T09:51:16.424147+00:00,2026-08-18T09:51:31.945116+00:00
37,779,Graham,9,FWD,45,0.4372,0.8854,0.1,0.198,0.1088,0.0004,1,0,0,0,2026-08-18T09:51:16.424147+00:00,2026-08-18T09:51:31.945116+00:00
37,314,Leno,10,GKP,50,2.8772,2.1451,0.9,0.008,0.8376,0.0,1,2,90,1,2026-08-18T09:51:16.424147+00:00,2026-08-18T09:51:31.945116+00:00
37,315,Benda,10,GKP,40,0,0,0.0,0.0,0.0,0,1,0,0,0,2026-08-18T09:51:16.424147+00:00,2026-08-18T09:51:31.945116+00:00
37,316,Robinson,10,DEF,49,1.7908,2.3996,0.48,0.1144,0.4556,0.0076,1,12,90,1,2026-08-18T09:51:16.424147+00:00,2026-08-18T09:51:31.945116+00:00
37,317,Andersen,10,DEF,45,0,0,0.0,0.0,0.0,0,1,0,0,0,2026-08-18T09:51:16.424147+00:00,2026-08-18T09:51:31.945116+00:00
37,318,Bassey,10,DEF,44,0.9604,1.9278,0.22,0.1404,0.2158,0.0044,1,2,90,1,2026-08-18T09:51:16.424147+00:00,2026-08-18T09:51:31.945116+00:00
37,319,Castagne,10,DEF,43,0.8104,1.7338,0.22,0.1404,0.2158,0.0048,1,5,90,1,2026-08-18T09:51:16.424147+00:00,2026-08-18T09:51:31.945116+00:00
37,320,Diop,10,DEF,43,0.724,1.4419,0.22,0.1716,0.2183,0.0004,1,2,90,1,2026-08-18T09:51:16.424147+00:00,2026-08-18T09:51:31.945116+00:00
37,321,J.Cuenca,10,DEF,43,0.8972,1.7731,0.22,0.1716,0.2183,0.0024,1,0,0,0,2026-08-18T09:51:16.424147+00:00,2026-08-18T09:51:31.945116+00:00
37,322,Tete,10,DEF,45,0.9284,1.8866,0.22,0.1404,0.2158,0.0052,1,0,0,0,2026-08-18T09:51:16.424147+00:00,2026-08-18T09:51:31.945116+00:00
37,323,Amissah,10,DEF,38,0.4844,1.1733,0.1,0.198,0.1088,0.0012,1,0,0,0,2026-08-18T09:51:16.424147+00:00,2026-08-18T09:51:31.945116+00:00
37,324,Iwobi,10,MID,61,2.8784,2.1384,0.82,0.0324,0.7652,0.012,1,2,66,1,2026-08-18T09:51:16.424147+00:00,2026-08-18T09:51:31.945116+00:00
37,325,Smith Rowe,10,MID,56,2.4508,2.5805,0.68,0.0576,0.637,0.0208,1,2,78,1,2026-08-18T09:51:16.424147+00:00,2026-08-18T09:51:31.945116+00:00
37,327,Andreas,10,MID,53,0,0,0.0,0.0,0.0,0,1,0,0,0,2026-08-18T09:51:16.424147+00:00,2026-08-18T09:51:31.945116+00:00
37,328,Sessegnon,10,MID,54,2.7124,2.4687,0.68,0.0576,0.637,0.016,1,0,0,0,2026-08-18T09:51:16.424147+00:00,2026-08-18T09:51:31.945116+00:00
37,329,Wilson,10,MID,59,3.7392,2.7042,0.9,0.018,0.8384,0.0412,1,1,11,0,2026-08-18T09:51:16.424147+00:00,2026-08-18T09:51:31.945116+00:00
37,330,Berge,10,MID,49,2.542,1.6205,0.9,0.018,0.8384,0.0032,1,1,45,1,2026-08-18T09:51:16.424147+00:00,2026-08-18T09:51:31.945116+00:00
37,331,Cairney,10,MID,48,0.8904,1.4491,0.28,0.1584,0.2731,0.0016,1,0,0,0,2026-08-18T09:51:16.424147+00:00,2026-08-18T09:51:31.945116+00:00
37,332,Lukić,10,MID,49,2.1892,2.1863,0.68,0.0576,0.637,0.0076,1,5,90,1,2026-08-18T09:51:16.424147+00:00,2026-08-18T09:51:31.945116+00:00
37,333,Godo,10,MID,45,0,0,0.0,0.0,0.0,0,1,0,0,0,2026-08-18T09:51:16.424147+00:00,2026-08-18T09:51:31.945116+00:00
37,334,Harris,10,MID,45,0,0,0.0,0.0,0.0,0,1,0,0,0,2026-08-18T09:51:16.424147+00:00,2026-08-18T09:51:31.945116+00:00
37,335,King,10,MID,44,1.5528,1.9606,0.48,0.1144,0.4556,0.0044,1,1,23,0,2026-08-18T09:51:16.424147+00:00,2026-08-18T09:51:31.945116+00:00
37,336,Reed,10,MID,43,0.4352,0.8582,0.1,0.198,0.1088,0.0,1,0,0,0,2026-08-18T09:51:16.424147+00:00,2026-08-18T09:51:31.945116+00:00
37,337,Raúl,10,FWD,60,3.1764,2.7709,0.82,0.0324,0.7652,0.0448,1,1,23,0,2026-08-18T09:51:16.424147+00:00,2026-08-18T09:51:31.945116+00:00
37,338,Muniz,10,FWD,53,1.5228,1.9378,0.48,0.1144,0.4556,0.0064,1,2,66,1,2026-08-18T09:51:16.424147+00:00,2026-08-18T09:51:31.945116+00:00
37,424,Bobb,10,MID,51,1.5896,1.9031,0.48,0.1144,0.4556,0.0056,1,2,78,1,2026-08-18T09:51:16.424147+00:00,2026-08-18T09:51:31.945116+00:00
37,664,Lecomte,10,GKP,39,0.1484,0.7328,0.04,0.0384,0.0403,0.0,1,0,0,0,2026-08-18T09:51:16.424147+00:00,2026-08-18T09:51:31.945116+00:00
37,727,Chukwueze,10,MID,53,1.7692,2.1524,0.48,0.1144,0.4556,0.0076,1,1,11,0,2026-08-18T09:51:16.424147+00:00,2026-08-18T09:51:31.945116+00:00
37,731,Kevin,10,MID,57,1.5244,1.8531,0.48,0.1456,0.458,0.0056,1,1,45,1,2026-08-18T09:51:16.424147+00:00,2026-08-18T09:51:31.945116+00:00
37,737,Kusi-Asare,10,FWD,45,0,0,0.0,0.0,0.0,0,1,0,0,0,2026-08-18T09:51:16.424147+00:00,2026-08-18T09:51:31.945116+00:00
37,770,Ridgeon,10,MID,45,0.4148,0.8721,0.1,0.198,0.1088,0.0,1,0,0,0,2026-08-18T09:51:16.424147+00:00,2026-08-18T09:51:31.945116+00:00
37,786,McNally,10,GKP,40,0.1556,0.7186,0.04,0.0384,0.0403,0.0,1,0,0,0,2026-08-18T09:51:16.424147+00:00,2026-08-18T09:51:31.945116+00:00
37,168,Buonanotte,11,MID,46,0.6512,1.1623,0.18,0.1804,0.1818,0.0008,1,0,0,0,2026-08-18T09:51:16.424147+00:00,2026-08-18T09:51:31.945116+00:00
37,339,Meslier,11,GKP,41,0.1868,0.8576,0.04,0.0384,0.0403,0.0004,1,0,0,0,2026-08-18T09:51:16.424147+00:00,2026-08-18T09:51:31.945116+00:00
37,340,Cairns,11,GKP,39,0.1844,0.8444,0.04,0.0384,0.0403,0.0,1,0,0,0,2026-08-18T09:51:16.424147+00:00,2026-08-18T09:51:31.945116+00:00
37,341,Darlow,11,GKP,40,3.1024,2.1847,0.9,0.004,0.8373,0.0,1,11,90,1,2026-08-18T09:51:16.424147+00:00,2026-08-18T09:51:31.945116+00:00
37,342,Bogle,11,DEF,44,0.9852,2.0782,0.22,0.1404,0.2158,0.0112,1,0,0,0,2026-08-18T09:51:16.424147+00:00,2026-08-18T09:51:31.945116+00:00
37,343,Struijk,11,DEF,42,1.2864,2.4636,0.22,0.1404,0.2158,0.016,1,0,0,0,2026-08-18T09:51:16.424147+00:00,2026-08-18T09:51:31.945116+00:00
37,344,Bijol,11,DEF,39,1.1248,2.1784,0.22,0.1404,0.2158,0.0068,1,8,90,1,2026-08-18T09:51:16.424147+00:00,2026-08-18T09:51:31.945116+00:00
37,345,Bornauw,11,DEF,38,1.0844,2.0163,0.22,0.1716,0.2183,0.002,1,6,90,1,2026-08-18T09:51:16.424147+00:00,2026-08-18T09:51:31.945116+00:00
37,346,Byram,11,DEF,37,0.5536,1.3136,0.1,0.198,0.1088,0.0012,1,1,1,0,2026-08-18T09:51:16.424147+00:00,2026-08-18T09:51:31.945116+00:00
37,347,Gudmundsson,11,DEF,38,0,0,0.0,0.0,0.0,0,1,0,0,0,2026-08-18T09:51:16.424147+00:00,2026-08-18T09:51:31.945116+00:00
37,348,Rodon,11,DEF,39,1.0384,2.0449,0.22,0.1404,0.2158,0.0076,1,6,90,1,2026-08-18T09:51:16.424147+00:00,2026-08-18T09:51:31.945116+00:00
37,349,Schmidt,11,DEF,40,0,0,0.0,0.0,0.0,0,1,0,0,0,2026-08-18T09:51:16.424147+00:00,2026-08-18T09:51:31.945116+00:00
37,350,Aaronson,11,MID,54,3.2964,2.7201,0.82,0.0324,0.7652,0.032,1,1,59,1,2026-08-18T09:51:16.424147+00:00,2026-08-18T09:51:31.945116+00:00
37,351,Gnonto,11,MID,51,1.0532,1.7049,0.28,0.1584,0.2731,0.0028,1,1,30,0,2026-08-18T09:51:16.424147+00:00,2026-08-18T09:51:31.945116+00:00
37,352,Harrison,11,MID,51,0,0,0.0,0.0,0.0,0,1,0,0,0,2026-08-18T09:51:16.424147+00:00,2026-08-18T09:51:31.945116+00:00
37,353,James,11,MID,52,0.994,1.5904,0.28,0.1584,0.2731,0.002,1,1,59,1,2026-08-18T09:51:16.424147+00:00,2026-08-18T09:51:31.945116+00:00
37,354,Ampadu,11,MID,49,3.5732,2.2752,0.9,0.018,0.8384,0.0192,1,3,90,1,2026-08-18T09:51:16.424147+00:00,2026-08-18T09:51:31.945116+00:00
37,355,Greenwood,11,MID,49,0,0,0.0,0.0,0.0,0,1,0,0,0,2026-08-18T09:51:16.424147+00:00,2026-08-18T09:51:31.945116+00:00
37,356,Gruev,11,MID,47,0,0,0.0,0.0,0.0,0,1,0,0,0,2026-08-18T09:51:16.424147+00:00,2026-08-18T09:51:31.945116+00:00
37,357,Ramazani,11,MID,49,0,0,0.0,0.0,0.0,0,1,0,0,0,2026-08-18T09:51:16.424147+00:00,2026-08-18T09:51:31.945116+00:00
37,358,Tanaka,11,MID,48,1.9928,2.4118,0.48,0.1144,0.4556,0.0104,1,1,59,1,2026-08-18T09:51:16.424147+00:00,2026-08-18T09:51:31.945116+00:00
37,359,Crew,11,MID,45,0,0,0.0,0.0,0.0,0,1,0,0,0,2026-08-18T09:51:16.424147+00:00,2026-08-18T09:51:31.945116+00:00
37,360,Gelhardt,11,MID,45,0,0,0.0,0.0,0.0,0,1,0,0,0,2026-08-18T09:51:16.424147+00:00,2026-08-18T09:51:31.945116+00:00
37,361,Gyabi,11,MID,45,0,0,0.0,0.0,0.0,0,1,0,0,0,2026-08-18T09:51:16.424147+00:00,2026-08-18T09:51:31.945116+00:00
37,362,Piroe,11,FWD,49,0.6968,1.285,0.18,0.1804,0.1818,0.002,1,1,16,0,2026-08-18T09:51:16.424147+00:00,2026-08-18T09:51:31.945116+00:00
37,363,Bamford,11,FWD,49,0,0,0.0,0.0,0.0,0,1,0,0,0,2026-08-18T09:51:16.424147+00:00,2026-08-18T09:51:31.945116+00:00
37,364,Mateo Joseph,11,FWD,50,0,0,0.0,0.0,0.0,0,1,0,0,0,2026-08-18T09:51:16.424147+00:00,2026-08-18T09:51:31.945116+00:00
37,365,Nmecha,11,FWD,50,2.394,3.1036,0.48,0.1144,0.4556,0.0404,1,1,30,0,2026-08-18T09:51:16.424147+00:00,2026-08-18T09:51:31.945116+00:00
37,493,Longstaff,11,MID,48,2.0644,2.4588,0.48,0.1144,0.4556,0.0132,1,1,30,0,2026-08-18T09:51:16.424147+00:00,2026-08-18T09:51:31.945116+00:00
37,660,Stach,11,MID,48,0,0,0.0,0.0,0.0,0,1,3,73,1,2026-08-18T09:51:16.424147+00:00,2026-08-18T09:51:31.945116+00:00
37,665,Perri,11,GKP,44,0.1776,0.7878,0.04,0.0384,0.0403,0.0,1,0,0,0,2026-08-18T09:51:16.424147+00:00,2026-08-18T09:51:31.945116+00:00
37,691,Calvert-Lewin,11,FWD,58,4.0576,3.3869,0.82,0.0324,0.7652,0.0868,1,7,90,1,2026-08-18T09:51:16.424147+00:00,2026-08-18T09:51:31.945116+00:00
37,698,Okafor,11,MID,55,0,0,0.0,0.0,0.0,0,1,0,0,0,2026-08-18T09:51:16.424147+00:00,2026-08-18T09:51:31.945116+00:00
37,706,Justin,11,DEF,40,1.1116,2.205,0.22,0.1404,0.2158,0.0088,1,6,90,1,2026-08-18T09:51:16.424147+00:00,2026-08-18T09:51:31.945116+00:00
37,741,Gray,11,FWD,45,0,0,0.0,0.0,0.0,0,1,0,0,0,2026-08-18T09:51:16.424147+00:00,2026-08-18T09:51:31.945116+00:00
37,787,Chambers,11,MID,44,0.464,0.9606,0.1,0.198,0.1088,0.0004,1,0,0,0,2026-08-18T09:51:16.424147+00:00,2026-08-18T09:51:31.945116+00:00
37,837,Lienou,11,DEF,40,0.5552,1.2635,0.1,0.198,0.1088,0.0012,1,0,0,0,2026-08-18T09:51:16.424147+00:00,2026-08-18T09:51:31.945116+00:00
37,838,Chadwick,11,MID,45,0.494,1.0159,0.1,0.198,0.1088,0.0004,1,0,0,0,2026-08-18T09:51:16.424147+00:00,2026-08-18T09:51:31.945116+00:00
37,839,Cresswell,11,MID,45,0.464,0.9981,0.1,0.198,0.1088,0.0016,1,0,0,0,2026-08-18T09:51:16.424147+00:00,2026-08-18T09:51:31.945116+00:00
37,366,A.Becker,12,GKP,54,2.86,2.1217,0.9,0.008,0.8376,0.0012,1,0,0,0,2026-08-18T09:51:16.424147+00:00,2026-08-18T09:51:31.945116+00:00
37,367,Mamardashvili,12,GKP,41,0.1372,0.6326,0.04,0.0384,0.0403,0.0,1,1,90,1,2026-08-18T09:51:16.424147+00:00,2026-08-18T09:51:31.945116+00:00
37,368,Pécsi,12,GKP,38,0.158,0.7017,0.04,0.0384,0.0403,0.0,1,0,0,0,2026-08-18T09:51:16.424147+00:00,2026-08-18T09:51:31.945116+00:00
37,369,Woodman,12,GKP,39,0.192,0.8291,0.04,0.0384,0.0403,0.0,1,0,0,0,2026-08-18T09:51:16.424147+00:00,2026-08-18T09:51:31.945116+00:00
37,370,Frimpong,12,DEF,57,1.5688,2.1447,0.48,0.1456,0.458,0.0068,1,0,0,0,2026-08-18T09:51:16.424147+00:00,2026-08-18T09:51:31.945116+00:00
37,371,Kerkez,12,DEF,56,2.4404,2.4359,0.82,0.0324,0.7652,0.0124,1,0,90,1,2026-08-18T09:51:16.424147+00:00,2026-08-18T09:51:31.945116+00:00
37,372,Robertson,12,DEF,57,1.8468,2.465,0.48,0.1456,0.458,0.0116,1,0,0,0,2026-08-18T09:51:16.424147+00:00,2026-08-18T09:51:31.945116+00:00
37,373,Virgil,12,DEF,61,3.6768,2.8669,0.9,0.018,0.8384,0.0376,1,14,90,1,2026-08-18T09:51:16.424147+00:00,2026-08-18T09:51:31.945116+00:00
37,374,Konaté,12,DEF,54,3.144,2.4695,0.9,0.018,0.8384,0.0132,1,0,90,1,2026-08-18T09:51:16.424147+00:00,2026-08-18T09:51:31.945116+00:00
37,375,Bradley,12,DEF,49,0,0,0.0,0.0,0.0,0,1,0,0,0,2026-08-18T09:51:16.424147+00:00,2026-08-18T09:51:31.945116+00:00
37,376,Gomez,12,DEF,49,0.974,1.8272,0.28,0.1584,0.2731,0.0028,1,0,65,1,2026-08-18T09:51:16.424147+00:00,2026-08-18T09:51:31.945116+00:00
37,377,Tsimikas,12,DEF,48,0,0,0.0,0.0,0.0,0,1,0,0,0,2026-08-18T09:51:16.424147+00:00,2026-08-18T09:51:31.945116+00:00
37,378,Nallo,12,DEF,37,0.4876,1.1342,0.1,0.198,0.1088,0.0004,1,0,0,0,2026-08-18T09:51:16.424147+00:00,2026-08-18T09:51:31.945116+00:00
37,379,R.Williams,12,DEF,37,0.4416,1.0287,0.1,0.198,0.1088,0.0004,1,0,0,0,2026-08-18T09:51:16.424147+00:00,2026-08-18T09:51:31.945116+00:00
37,380,Ramsay,12,DEF,37,0.4732,1.0977,0.1,0.198,0.1088,0.0,1,0,0,0,2026-08-18T09:51:16.424147+00:00,2026-08-18T09:51:31.945116+00:00
37,381,M.Salah,12,MID,140,3.8192,3.2516,0.82,0.0324,0.7652,0.0524,1,1,16,0,2026-08-18T09:51:16.424147+00:00,2026-08-18T09:51:31.945116+00:00
37,382,Wirtz,12,MID,83,3.7912,2.9952,0.82,0.0324,0.7652,0.048,1,1,24,0,2026-08-18T09:51:16.424147+00:00,2026-08-18T09:51:31.945116+00:00
37,383,Luis Díaz,12,MID,80,0,0,0.0,0.0,0.0,0,1,0,0,0,2026-08-18T09:51:16.424147+00:00,2026-08-18T09:51:31.945116+00:00
37,384,Gakpo,12,MID,73,3.224,2.7456,0.82,0.0324,0.7652,0.0356,1,2,73,1,2026-08-18T09:51:16.424147+00:00,2026-08-18T09:51:31.945116+00:00
37,385,Chiesa,12,MID,63,1.7576,2.1989,0.45,0.154,0.4308,0.0096,1,1,24,0,2026-08-18T09:51:16.424147+00:00,2026-08-18T09:51:31.945116+00:00
37,386,Mac Allister,12,MID,61,2.65,2.1387,0.82,0.0324,0.7652,0.0116,1,4,90,1,2026-08-18T09:51:16.424147+00:00,2026-08-18T09:51:31.945116+00:00
37,387,Szoboszlai,12,MID,70,3.6624,2.5219,0.9,0.018,0.8384,0.0292,1,9,90,1,2026-08-18T09:51:16.424147+00:00,2026-08-18T09:51:31.945116+00:00
37,388,C.Jones,12,MID,54,2.6776,2.4075,0.68,0.0576,0.637,0.014,1,2,90,1,2026-08-18T09:51:16.424147+00:00,2026-08-18T09:51:31.945116+00:00
37,390,Gravenberch,12,MID,54,3.0368,1.9286,0.9,0.018,0.8384,0.0068,1,2,65,1,2026-08-18T09:51:16.424147+00:00,2026-08-18T09:51:31.945116+00:00
37,392,Endo,12,MID,49,0.5644,1.1696,0.09,0.2002,0.0997,0.0008,1,0,0,0,2026-08-18T09:51:16.424147+00:00,2026-08-18T09:51:31.945116+00:00
37,393,Bajcetic,12,MID,42,0,0,0.0,0.0,0.0,0,1,0,0,0,2026-08-18T09:51:16.424147+00:00,2026-08-18T09:51:31.945116+00:00
37,394,McConnell,12,MID,44,0,0,0.0,0.0,0.0,0,1,0,0,0,2026-08-18T09:51:16.424147+00:00,2026-08-18T09:51:31.945116+00:00
37,395,Morton,12,MID,45,0,0,0.0,0.0,0.0,0,1,0,0,0,2026-08-18T09:51:16.424147+00:00,2026-08-18T09:51:31.945116+00:00
37,396,Nyoni,12,MID,43,0.5948,1.2894,0.1,0.198,0.1088,0.0012,1,0,0,0,2026-08-18T09:51:16.424147+00:00,2026-08-18T09:51:31.945116+00:00
37,397,Darwin,12,FWD,65,0,0,0.0,0.0,0.0,0,1,0,0,0,2026-08-18T09:51:16.424147+00:00,2026-08-18T09:51:31.945116+00:00
37,398,Danns,12,FWD,43,0,0,0.0,0.0,0.0,0,1,0,0,0,2026-08-18T09:51:16.424147+00:00,2026-08-18T09:51:31.945116+00:00
37,499,Isak,12,FWD,103,2.1176,2.4835,0.48,0.1456,0.458,0.0184,1,0,0,0,2026-08-18T09:51:16.424147+00:00,2026-08-18T09:51:31.945116+00:00
37,661,Ekitiké,12,FWD,90,0,0,0.0,0.0,0.0,0,1,0,0,0,2026-08-18T09:51:16.424147+00:00,2026-08-18T09:51:31.945116+00:00
37,686,Ngumoha,12,MID,43,0.9848,1.5834,0.28,0.1584,0.2731,0.0028,1,2,90,1,2026-08-18T09:51:16.424147+00:00,2026-08-18T09:51:31.945116+00:00
37,692,Leoni,12,DEF,49,0,0,0.0,0.0,0.0,0,1,0,0,0,2026-08-18T09:51:16.424147+00:00,2026-08-18T09:51:31.945116+00:00
37,746,Morrison,12,MID,45,0.4216,0.8429,0.1,0.198,0.1088,0.0,1,0,0,0,2026-08-18T09:51:16.424147+00:00,2026-08-18T09:51:31.945116+00:00
37,760,Lucky,12,DEF,40,0.496,1.17,0.1,0.198,0.1088,0.0008,1,0,0,0,2026-08-18T09:51:16.424147+00:00,2026-08-18T09:51:31.945116+00:00
37,830,Wright,12,FWD,45,0.4492,0.861,0.1,0.198,0.1088,0.0,1,0,0,0,2026-08-18T09:51:16.424147+00:00,2026-08-18T09:51:31.945116+00:00
37,832,Ndiaye,12,DEF,40,0.4604,1.0629,0.1,0.198,0.1088,0.0004,1,0,0,0,2026-08-18T09:51:16.424147+00:00,2026-08-18T09:51:31.945116+00:00
37,82,Semenyo,13,MID,81,3.8644,3.0487,0.9,0.018,0.8384,0.0496,1,1,55,1,2026-08-18T09:51:16.424147+00:00,2026-08-18T09:51:31.945116+00:00
37,182,Trafford,13,GKP,45,0.1948,0.8449,0.04,0.0384,0.0403,0.0,1,0,0,0,2026-08-18T09:51:16.424147+00:00,2026-08-18T09:51:31.945116+00:00
37,260,Guéhi,13,DEF,51,3.6468,2.9708,0.9,0.018,0.8384,0.04,1,2,90,1,2026-08-18T09:51:16.424147+00:00,2026-08-18T09:51:31.945116+00:00
37,399,Ederson M.,13,GKP,53,0,0,0.0,0.0,0.0,0,1,0,0,0,2026-08-18T09:51:16.424147+00:00,2026-08-18T09:51:31.945116+00:00
37,401,Bettinelli,13,GKP,38,0.1356,0.6516,0.04,0.0384,0.0403,0.0,1,0,0,0,2026-08-18T09:51:16.424147+00:00,2026-08-18T09:51:31.945116+00:00
37,402,Aït-Nouri,13,DEF,57,1.984,2.4943,0.48,0.1456,0.458,0.014,1,0,0,0,2026-08-18T09:51:16.424147+00:00,2026-08-18T09:51:31.945116+00:00
37,403,Gvardiol,13,DEF,58,2.5736,2.8079,0.68,0.0896,0.6396,0.0248,1,0,0,0,2026-08-18T09:51:16.424147+00:00,2026-08-18T09:51:31.945116+00:00
37,404,Akanji,13,DEF,54,0,0,0.0,0.0,0.0,0,1,0,0,0,2026-08-18T09:51:16.424147+00:00,2026-08-18T09:51:31.945116+00:00
37,405,Aké,13,DEF,52,0.9992,1.8316,0.28,0.1584,0.2731,0.0028,1,0,0,0,2026-08-18T09:51:16.424147+00:00,2026-08-18T09:51:31.945116+00:00
37,406,Khusanov,13,DEF,54,1.6564,2.3054,0.48,0.1144,0.4556,0.0072,1,2,90,1,2026-08-18T09:51:16.424147+00:00,2026-08-18T09:51:31.945116+00:00
37,407,Matheus N.,13,DEF,53,2.9352,2.255,0.9,0.018,0.8384,0.0076,1,2,90,1,2026-08-18T09:51:16.424147+00:00,2026-08-18T09:51:31.945116+00:00
37,408,Rúben,13,DEF,55,2.4824,2.2584,0.82,0.0324,0.7652,0.004,1,0,0,0,2026-08-18T09:51:16.424147+00:00,2026-08-18T09:51:31.945116+00:00
37,409,Stones,13,DEF,54,0.8888,1.6567,0.28,0.1584,0.2731,0.0032,1,0,0,0,2026-08-18T09:51:16.424147+00:00,2026-08-18T09:51:31.945116+00:00
37,410,Lewis,13,DEF,46,0.928,1.6304,0.28,0.1584,0.2731,0.002,1,0,0,0,2026-08-18T09:51:16.424147+00:00,2026-08-18T09:51:31.945116+00:00
37,411,O'Reilly,13,DEF,53,3.3356,3.2829,0.82,0.0324,0.7652,0.0464,1,2,90,1,2026-08-18T09:51:16.424147+00:00,2026-08-18T09:51:31.945116+00:00
37,412,Vitor Reis,13,DEF,50,0,0,0.0,0.0,0.0,0,1,0,0,0,2026-08-18T09:51:16.424147+00:00,2026-08-18T09:51:31.945116+00:00
37,413,Marmoush,13,MID,83,2.0456,2.6277,0.48,0.1456,0.458,0.0172,1,1,14,0,2026-08-18T09:51:16.424147+00:00,2026-08-18T09:51:31.945116+00:00
37,414,Foden,13,MID,80,3.1984,3.2173,0.68,0.0576,0.637,0.0464,1,1,34,0,2026-08-18T09:51:16.424147+00:00,2026-08-18T09:51:31.945116+00:00
37,415,Savinho,13,MID,69,1.14,1.8953,0.28,0.2016,0.2765,0.006,1,1,34,0,2026-08-18T09:51:16.424147+00:00,2026-08-18T09:51:31.945116+00:00
37,416,Bernardo,13,MID,62,2.6744,2.0212,0.9,0.018,0.8384,0.0096,1,1,55,1,2026-08-18T09:51:16.424147+00:00,2026-08-18T09:51:31.945116+00:00
37,417,Cherki,13,MID,66,3.5852,3.431,0.68,0.0576,0.637,0.0676,1,1,34,0,2026-08-18T09:51:16.424147+00:00,2026-08-18T09:51:31.945116+00:00
37,418,Doku,13,MID,65,3.092,2.8491,0.68,0.0576,0.637,0.0276,1,2,75,1,2026-08-18T09:51:16.424147+00:00,2026-08-18T09:51:31.945116+00:00
37,420,Gündoğan,13,MID,63,0,0,0.0,0.0,0.0,0,1,0,0,0,2026-08-18T09:51:16.424147+00:00,2026-08-18T09:51:31.945116+00:00
37,421,Rodrigo,13,MID,63,2.8192,2.4163,0.68,0.0896,0.6396,0.0144,1,7,90,1,2026-08-18T09:51:16.424147+00:00,2026-08-18T09:51:31.945116+00:00
37,422,Kovačić,13,MID,58,1.892,2.2107,0.45,0.154,0.4308,0.0076,1,1,55,1,2026-08-18T09:51:16.424147+00:00,2026-08-18T09:51:31.945116+00:00
37,423,N.Gonzalez,13,MID,59,2.2808,2.0168,0.68,0.0896,0.6396,0.004,1,0,0,0,2026-08-18T09:51:16.424147+00:00,2026-08-18T09:51:31.945116+00:00
37,425,Echeverri,13,MID,54,0,0,0.0,0.0,0.0,0,1,0,0,0,2026-08-18T09:51:16.424147+00:00,2026-08-18T09:51:31.945116+00:00
37,427,Reijnders,13,MID,50,2.562,2.5781,0.68,0.0576,0.637,0.0168,1,0,0,0,2026-08-18T09:51:16.424147+00:00,2026-08-18T09:51:31.945116+00:00
37,428,Nypan,13,MID,50,0.6532,1.1842,0.18,0.1804,0.1818,0.0004,1,0,0,0,2026-08-18T09:51:16.424147+00:00,2026-08-18T09:51:31.945116+00:00
37,429,Phillips,13,MID,47,0,0,0.0,0.0,0.0,0,1,0,0,0,2026-08-18T09:51:16.424147+00:00,2026-08-18T09:51:31.945116+00:00
37,430,Haaland,13,FWD,147,5.2596,3.6291,0.9,0.018,0.8384,0.1336,1,9,90,1,2026-08-18T09:51:16.424147+00:00,2026-08-18T09:51:31.945116+00:00
37,736,Donnarumma,13,GKP,56,2.6052,2.0721,0.9,0.008,0.8376,0.0,1,1,90,1,2026-08-18T09:51:16.424147+00:00,2026-08-18T09:51:31.945116+00:00
37,739,Mukasa,13,MID,44,0,0,0.0,0.0,0.0,0,1,0,0,0,2026-08-18T09:51:16.424147+00:00,2026-08-18T09:51:31.945116+00:00
37,740,Mfuni,13,DEF,39,0,0,0.0,0.0,0.0,0,1,0,0,0,2026-08-18T09:51:16.424147+00:00,2026-08-18T09:51:31.945116+00:00
37,742,McAidoo,13,MID,45,0.4528,0.9012,0.1,0.198,0.1088,0.0,1,0,0,0,2026-08-18T09:51:16.424147+00:00,2026-08-18T09:51:31.945116+00:00
37,763,Gray,13,MID,45,0.4728,0.9347,0.1,0.198,0.1088,0.0,1,0,0,0,2026-08-18T09:51:16.424147+00:00,2026-08-18T09:51:31.945116+00:00
37,764,Heskey,13,MID,45,0.464,0.9284,0.1,0.198,0.1088,0.0004,1,0,0,0,2026-08-18T09:51:16.424147+00:00,2026-08-18T09:51:31.945116+00:00
37,794,Alleyne,13,DEF,39,0.4972,1.2163,0.1,0.198,0.1088,0.002,1,0,0,0,2026-08-18T09:51:16.424147+00:00,2026-08-18T09:51:31.945116+00:00
37,119,Mbeumo,14,MID,83,4.1428,3.4233,0.82,0.0324,0.7652,0.0704,1,7,79,1,2026-08-18T09:51:16.424147+00:00,2026-08-18T09:51:31.945116+00:00
37,431,Bayindir,14,GKP,47,0.3824,1.1913,0.08,0.0736,0.0803,0.0,1,0,0,0,2026-08-18T09:51:16.424147+00:00,2026-08-18T09:51:31.945116+00:00
37,432,Onana,14,GKP,49,0,0,0.0,0.0,0.0,0,1,0,0,0,2026-08-18T09:51:16.424147+00:00,2026-08-18T09:51:31.945116+00:00
37,433,Harrison,14,GKP,40,0,0,0.0,0.0,0.0,0,1,0,0,0,2026-08-18T09:51:16.424147+00:00,2026-08-18T09:51:31.945116+00:00
37,434,Heaton,14,GKP,38,0.202,0.9221,0.04,0.0384,0.0403,0.0008,1,0,0,0,2026-08-18T09:51:16.424147+00:00,2026-08-18T09:51:31.945116+00:00
37,435,Mee,14,GKP,39,0.178,0.8081,0.04,0.0384,0.0403,0.0,1,0,0,0,2026-08-18T09:51:16.424147+00:00,2026-08-18T09:51:31.945116+00:00
37,436,De Ligt,14,DEF,49,0,0,0.0,0.0,0.0,0,1,0,0,0,2026-08-18T09:51:16.424147+00:00,2026-08-18T09:51:31.945116+00:00
37,437,Martinez,14,DEF,48,1.9608,2.4448,0.48,0.1144,0.4556,0.0056,1,3,90,1,2026-08-18T09:51:16.424147+00:00,2026-08-18T09:51:31.945116+00:00
37,438,Mazraoui,14,DEF,49,2.0904,2.6559,0.48,0.1144,0.4556,0.0088,1,0,0,0,2026-08-18T09:51:16.424147+00:00,2026-08-18T09:51:31.945116+00:00
37,439,D.Leon,14,DEF,41,0.5528,1.2955,0.1,0.198,0.1088,0.0008,1,0,0,0,2026-08-18T09:51:16.424147+00:00,2026-08-18T09:51:31.945116+00:00
37,440,Dalot,14,DEF,45,0.9968,2.0205,0.22,0.1404,0.2158,0.0072,1,1,90,1,2026-08-18T09:51:16.424147+00:00,2026-08-18T09:51:31.945116+00:00
37,441,Dorgu,14,DEF,41,1.0652,2.2321,0.22,0.1716,0.2183,0.0116,1,1,10,0,2026-08-18T09:51:16.424147+00:00,2026-08-18T09:51:31.945116+00:00
37,442,Maguire,14,DEF,44,1.0088,1.9954,0.22,0.1716,0.2183,0.006,1,3,90,1,2026-08-18T09:51:16.424147+00:00,2026-08-18T09:51:31.945116+00:00
37,443,Shaw,14,DEF,45,0.934,1.7937,0.22,0.1404,0.2158,0.0016,1,6,90,1,2026-08-18T09:51:16.424147+00:00,2026-08-18T09:51:31.945116+00:00
37,444,Yoro,14,DEF,41,0.9832,1.9997,0.22,0.1404,0.2158,0.0088,1,0,0,0,2026-08-18T09:51:16.424147+00:00,2026-08-18T09:51:31.945116+00:00
37,445,Amass,14,DEF,40,0,0,0.0,0.0,0.0,0,1,0,0,0,2026-08-18T09:51:16.424147+00:00,2026-08-18T09:51:31.945116+00:00
37,446,Fredricson,14,DEF,37,1.164,1.9981,0.1,0.198,0.1088,0.0012,1,0,0,0,2026-08-18T09:51:16.424147+00:00,2026-08-18T09:51:31.945116+00:00
37,447,Heaven,14,DEF,37,0.992,1.8963,0.22,0.1716,0.2183,0.0016,1,0,0,0,2026-08-18T09:51:16.424147+00:00,2026-08-18T09:51:31.945116+00:00
37,448,Malacia,14,DEF,37,0.7628,1.7552,0.1,0.198,0.1088,0.0016,1,0,0,0,2026-08-18T09:51:16.424147+00:00,2026-08-18T09:51:31.945116+00:00
37,449,B.Fernandes,14,MID,104,5.6376,3.8759,0.9,0.018,0.8384,0.1588,1,9,90,1,2026-08-18T09:51:16.424147+00:00,2026-08-18T09:51:31.945116+00:00
37,450,Cunha,14,MID,81,3.7016,3.1203,0.82,0.0324,0.7652,0.0508,1,9,79,1,2026-08-18T09:51:16.424147+00:00,2026-08-18T09:51:31.945116+00:00
37,451,Rashford,14,MID,70,0,0,0.0,0.0,0.0,0,1,0,0,0,2026-08-18T09:51:16.424147+00:00,2026-08-18T09:51:31.945116+00:00
37,452,Amad,14,MID,62,3.5604,2.9632,0.82,0.0324,0.7652,0.042,1,2,90,1,2026-08-18T09:51:16.424147+00:00,2026-08-18T09:51:31.945116+00:00
37,454,Antony,14,MID,59,0,0,0.0,0.0,0.0,0,1,0,0,0,2026-08-18T09:51:16.424147+00:00,2026-08-18T09:51:31.945116+00:00
37,455,Mount,14,MID,59,1.9756,2.3591,0.48,0.1456,0.458,0.0112,1,1,9,0,2026-08-18T09:51:16.424147+00:00,2026-08-18T09:51:31.945116+00:00
37,457,Casemiro,14,MID,59,4.672,3.1558,0.9,0.018,0.8384,0.0784,1,1,80,1,2026-08-18T09:51:16.424147+00:00,2026-08-18T09:51:31.945116+00:00
37,458,Mainoo,14,MID,47,2.3056,1.9609,0.68,0.0704,0.638,0.0032,1,4,90,1,2026-08-18T09:51:16.424147+00:00,2026-08-18T09:51:31.945116+00:00
37,459,Ugarte,14,MID,47,2.2096,2.3647,0.48,0.1144,0.4556,0.01,1,0,0,0,2026-08-18T09:51:16.424147+00:00,2026-08-18T09:51:31.945116+00:00
37,460,Collyer,14,MID,45,0,0,0.0,0.0,0.0,0,1,0,0,0,2026-08-18T09:51:16.424147+00:00,2026-08-18T09:51:31.945116+00:00
37,461,Fitzgerald,14,MID,43,0.492,1.0123,0.1,0.198,0.1088,0.0,1,0,0,0,2026-08-18T09:51:16.424147+00:00,2026-08-18T09:51:31.945116+00:00
37,462,J.Fletcher,14,MID,43,0.5264,1.1122,0.1,0.198,0.1088,0.0008,1,0,0,0,2026-08-18T09:51:16.424147+00:00,2026-08-18T09:51:31.945116+00:00
37,463,Kone,14,MID,43,0,0,0.0,0.0,0.0,0,1,0,0,0,2026-08-18T09:51:16.424147+00:00,2026-08-18T09:51:31.945116+00:00
37,464,Moorhouse,14,MID,45,0,0,0.0,0.0,0.0,0,1,0,0,0,2026-08-18T09:51:16.424147+00:00,2026-08-18T09:51:31.945116+00:00
37,465,Højlund,14,FWD,63,0,0,0.0,0.0,0.0,0,1,0,0,0,2026-08-18T09:51:16.424147+00:00,2026-08-18T09:51:31.945116+00:00
37,466,Zirkzee,14,FWD,58,1.2524,2.0016,0.28,0.2016,0.2765,0.0056,1,1,10,0,2026-08-18T09:51:16.424147+00:00,2026-08-18T09:51:31.945116+00:00
37,467,Obi,14,FWD,42,0.4992,1.0538,0.1,0.198,0.1088,0.0012,1,0,0,0,2026-08-18T09:51:16.424147+00:00,2026-08-18T09:51:31.945116+00:00
37,468,Wheatley,14,FWD,45,0,0,0.0,0.0,0.0,0,1,0,0,0,2026-08-18T09:51:16.424147+00:00,2026-08-18T09:51:31.945116+00:00
37,681,Šeško,14,FWD,73,1.8624,2.9506,0.34,0.1188,0.3257,0.0336,1,0,0,0,2026-08-18T09:51:16.424147+00:00,2026-08-18T09:51:31.945116+00:00
37,733,Lammens,14,GKP,51,3.4756,2.2813,0.9,0.008,0.8376,0.0008,1,1,90,1,2026-08-18T09:51:16.424147+00:00,2026-08-18T09:51:31.945116+00:00
37,755,Lacey,14,MID,45,0.4912,1.0264,0.1,0.198,0.1088,0.0004,1,0,0,0,2026-08-18T09:51:16.424147+00:00,2026-08-18T09:51:31.945116+00:00
37,769,Bendito Mantato,14,MID,45,0.4636,0.9953,0.1,0.198,0.1088,0.0004,1,0,0,0,2026-08-18T09:51:16.424147+00:00,2026-08-18T09:51:31.945116+00:00
37,771,Fletcher,14,MID,44,0.4644,1.0073,0.1,0.198,0.1088,0.0004,1,0,0,0,2026-08-18T09:51:16.424147+00:00,2026-08-18T09:51:31.945116+00:00
37,788,Kukonki,14,DEF,40,0.512,1.2548,0.1,0.198,0.1088,0.0008,1,0,0,0,2026-08-18T09:51:16.424147+00:00,2026-08-18T09:51:31.945116+00:00
37,827,Thwaites,14,MID,45,0.4824,0.9829,0.1,0.198,0.1088,0.0004,1,0,0,0,2026-08-18T09:51:16.424147+00:00,2026-08-18T09:51:31.945116+00:00
37,52,J.Ramsey,15,MID,53,1.7192,2.0888,0.48,0.1144,0.4556,0.0092,1,9,90,1,2026-08-18T09:51:16.424147+00:00,2026-08-18T09:51:31.945116+00:00
37,135,Wissa,15,FWD,73,1.2212,1.992,0.28,0.2016,0.2765,0.0096,1,1,5,0,2026-08-18T09:51:16.424147+00:00,2026-08-18T09:51:31.945116+00:00
37,469,Pope,15,GKP,50,3.3752,2.3218,0.9,0.008,0.8376,0.0012,1,4,90,1,2026-08-18T09:51:16.424147+00:00,2026-08-18T09:51:31.945116+00:00
37,471,Gillespie,15,GKP,39,0.1824,0.8245,0.04,0.0384,0.0403,0.0,1,0,0,0,2026-08-18T09:51:16.424147+00:00,2026-08-18T09:51:31.945116+00:00
37,472,Odysseas,15,GKP,40,0,0,0.0,0.0,0.0,0,1,0,0,0,2026-08-18T09:51:16.424147+00:00,2026-08-18T09:51:31.945116+00:00
37,473,Hall,15,DEF,53,2.73,2.805,0.68,0.0576,0.637,0.0204,1,1,90,1,2026-08-18T09:51:16.424147+00:00,2026-08-18T09:51:31.945116+00:00
37,474,Schär,15,DEF,52,0,0,0.0,0.0,0.0,0,1,0,0,0,2026-08-18T09:51:16.424147+00:00,2026-08-18T09:51:31.945116+00:00
37,475,Botman,15,DEF,49,3.4344,3.2575,0.68,0.0576,0.637,0.0464,1,4,90,1,2026-08-18T09:51:16.424147+00:00,2026-08-18T09:51:31.945116+00:00
37,476,Burn,15,DEF,50,3.3408,2.894,0.82,0.0324,0.7652,0.0256,1,1,15,0,2026-08-18T09:51:16.424147+00:00,2026-08-18T09:51:31.945116+00:00
37,477,Livramento,15,DEF,49,0,0,0.0,0.0,0.0,0,1,0,0,0,2026-08-18T09:51:16.424147+00:00,2026-08-18T09:51:31.945116+00:00
37,478,Trippier,15,DEF,49,2.2156,2.3505,0.68,0.0576,0.637,0.0044,1,2,84,1,2026-08-18T09:51:16.424147+00:00,2026-08-18T09:51:31.945116+00:00
37,479,Krafth,15,DEF,43,0,0,0.0,0.0,0.0,0,1,0,0,0,2026-08-18T09:51:16.424147+00:00,2026-08-18T09:51:31.945116+00:00
37,480,Lascelles,15,DEF,43,0,0,0.0,0.0,0.0,0,1,0,0,0,2026-08-18T09:51:16.424147+00:00,2026-08-18T09:51:31.945116+00:00
37,481,A.Murphy,15,DEF,38,1.0644,1.8849,0.1,0.198,0.1088,0.002,1,0,0,0,2026-08-18T09:51:16.424147+00:00,2026-08-18T09:51:31.945116+00:00
37,482,Ashby,15,DEF,39,0,0,0.0,0.0,0.0,0,1,0,0,0,2026-08-18T09:51:16.424147+00:00,2026-08-18T09:51:31.945116+00:00
37,483,Pivas,15,DEF,38,0.502,1.2587,0.1,0.198,0.1088,0.0008,1,0,0,0,2026-08-18T09:51:16.424147+00:00,2026-08-18T09:51:31.945116+00:00
37,484,Targett,15,DEF,40,0,0,0.0,0.0,0.0,0,1,0,0,0,2026-08-18T09:51:16.424147+00:00,2026-08-18T09:51:31.945116+00:00
37,485,Gordon,15,MID,73,4.6304,3.955,0.82,0.0324,0.7652,0.1124,1,0,0,0,2026-08-18T09:51:16.424147+00:00,2026-08-18T09:51:31.945116+00:00
37,486,Elanga,15,MID,65,1.9184,2.2706,0.48,0.1456,0.458,0.0108,1,1,5,0,2026-08-18T09:51:16.424147+00:00,2026-08-18T09:51:31.945116+00:00
37,487,Barnes,15,MID,61,3.3812,3.4368,0.68,0.0576,0.637,0.0612,1,5,74,1,2026-08-18T09:51:16.424147+00:00,2026-08-18T09:51:31.945116+00:00
37,488,Bruno G.,15,MID,69,4.2508,3.2912,0.82,0.0324,0.7652,0.078,1,4,90,1,2026-08-18T09:51:16.424147+00:00,2026-08-18T09:51:31.945116+00:00
37,489,J.Murphy,15,MID,59,2.7668,2.7461,0.68,0.0576,0.637,0.0208,1,1,15,0,2026-08-18T09:51:16.424147+00:00,2026-08-18T09:51:31.945116+00:00
37,490,Joelinton,15,MID,59,0,0,0.0,0.0,0.0,0,1,0,0,0,2026-08-18T09:51:16.424147+00:00,2026-08-18T09:51:31.945116+00:00
37,491,Tonali,15,MID,53,1.4904,1.9781,0.41,0.1062,0.3898,0.0056,1,1,52,1,2026-08-18T09:51:16.424147+00:00,2026-08-18T09:51:31.945116+00:00
37,492,Antoñito C.,15,MID,49,0,0,0.0,0.0,0.0,0,1,0,0,0,2026-08-18T09:51:16.424147+00:00,2026-08-18T09:51:31.945116+00:00
37,494,Willock,15,MID,50,1.5776,1.9693,0.48,0.1144,0.4556,0.0048,1,4,37,0,2026-08-18T09:51:16.424147+00:00,2026-08-18T09:51:31.945116+00:00
37,495,Hayden,15,MID,45,0,0,0.0,0.0,0.0,0,1,0,0,0,2026-08-18T09:51:16.424147+00:00,2026-08-18T09:51:31.945116+00:00
37,496,Kuol,15,MID,44,0,0,0.0,0.0,0.0,0,1,0,0,0,2026-08-18T09:51:16.424147+00:00,2026-08-18T09:51:31.945116+00:00
37,497,L.Miley,15,MID,44,0,0,0.0,0.0,0.0,0,1,0,0,0,2026-08-18T09:51:16.424147+00:00,2026-08-18T09:51:31.945116+00:00
37,498,White,15,MID,45,0,0,0.0,0.0,0.0,0,1,0,0,0,2026-08-18T09:51:16.424147+00:00,2026-08-18T09:51:31.945116+00:00
37,500,Osula,15,FWD,54,1.3784,2.2344,0.28,0.1584,0.2731,0.0108,1,13,84,1,2026-08-18T09:51:16.424147+00:00,2026-08-18T09:51:31.945116+00:00
37,501,Neave,15,FWD,43,0.48,0.9938,0.1,0.198,0.1088,0.0004,1,0,0,0,2026-08-18T09:51:16.424147+00:00,2026-08-18T09:51:31.945116+00:00
37,674,Ramsdale,15,GKP,48,0.3224,1.1073,0.08,0.0736,0.0803,0.0,1,0,0,0,2026-08-18T09:51:16.424147+00:00,2026-08-18T09:51:31.945116+00:00
37,684,Thiaw,15,DEF,49,4.5408,3.4946,0.9,0.018,0.8384,0.078,1,2,90,1,2026-08-18T09:51:16.424147+00:00,2026-08-18T09:51:31.945116+00:00
37,689,Seung soo,15,MID,43,0.4716,0.9883,0.1,0.198,0.1088,0.0004,1,0,0,0,2026-08-18T09:51:16.424147+00:00,2026-08-18T09:51:31.945116+00:00
37,714,Woltemade,15,FWD,67,2.9068,2.828,0.68,0.0576,0.637,0.0372,1,8,74,1,2026-08-18T09:51:16.424147+00:00,2026-08-18T09:51:31.945116+00:00
37,753,Ruddy,15,GKP,40,0.1612,0.7992,0.04,0.0384,0.0403,0.0,1,0,0,0,2026-08-18T09:51:16.424147+00:00,2026-08-18T09:51:31.945116+00:00
37,765,Shahar,15,DEF,40,0.5108,1.2542,0.1,0.198,0.1088,0.0008,1,0,0,0,2026-08-18T09:51:16.424147+00:00,2026-08-18T09:51:31.945116+00:00
37,772,Alabi,15,MID,45,0.4856,1.0177,0.1,0.198,0.1088,0.0008,1,0,0,0,2026-08-18T09:51:16.424147+00:00,2026-08-18T09:51:31.945116+00:00
37,12,Zinchenko,16,DEF,49,0,0,0.0,0.0,0.0,0,1,0,0,0,2026-08-18T09:51:16.424147+00:00,2026-08-18T09:51:31.945116+00:00
37,400,Ortega Moreno,16,GKP,47,0.2856,0.9548,0.08,0.0736,0.0803,0.0004,1,0,0,0,2026-08-18T09:51:16.424147+00:00,2026-08-18T09:51:31.945116+00:00
37,426,McAtee,16,MID,50,0.7144,1.3072,0.18,0.1804,0.1818,0.0012,1,1,6,0,2026-08-18T09:51:16.424147+00:00,2026-08-18T09:51:31.945116+00:00
37,502,Sels,16,GKP,46,2.892,2.1312,0.9,0.008,0.8376,0.0004,1,2,90,1,2026-08-18T09:51:16.424147+00:00,2026-08-18T09:51:31.945116+00:00
37,503,C.Miguel,16,GKP,40,0,0,0.0,0.0,0.0,0,1,0,0,0,2026-08-18T09:51:16.424147+00:00,2026-08-18T09:51:31.945116+00:00
37,504,Turner,16,GKP,40,0,0,0.0,0.0,0.0,0,1,0,0,0,2026-08-18T09:51:16.424147+00:00,2026-08-18T09:51:31.945116+00:00
37,505,Milenković,16,DEF,51,2.8108,2.2603,0.9,0.018,0.8384,0.0048,1,1,90,1,2026-08-18T09:51:16.424147+00:00,2026-08-18T09:51:31.945116+00:00
37,506,Murillo,16,DEF,52,0,0,0.0,0.0,0.0,0,1,0,0,0,2026-08-18T09:51:16.424147+00:00,2026-08-18T09:51:31.945116+00:00
37,507,Aina,16,DEF,47,1.1608,1.9662,0.34,0.1188,0.3257,0.0036,1,0,0,0,2026-08-18T09:51:16.424147+00:00,2026-08-18T09:51:31.945116+00:00
37,508,N.Williams,16,DEF,48,3.2192,2.675,0.9,0.018,0.8384,0.0236,1,1,90,1,2026-08-18T09:51:16.424147+00:00,2026-08-18T09:51:31.945116+00:00
37,509,David Carmo,16,DEF,45,0,0,0.0,0.0,0.0,0,1,0,0,0,2026-08-18T09:51:16.424147+00:00,2026-08-18T09:51:31.945116+00:00
37,510,Jair Cunha,16,DEF,42,0.8544,1.668,0.22,0.1716,0.2183,0.0024,1,1,6,0,2026-08-18T09:51:16.424147+00:00,2026-08-18T09:51:31.945116+00:00
37,511,Morato,16,DEF,43,0.9172,1.7972,0.22,0.1716,0.2183,0.004,1,9,90,1,2026-08-18T09:51:16.424147+00:00,2026-08-18T09:51:31.945116+00:00
37,512,O.Richards,16,DEF,45,0,0,0.0,0.0,0.0,0,1,0,0,0,2026-08-18T09:51:16.424147+00:00,2026-08-18T09:51:31.945116+00:00
37,513,Abbott,16,DEF,38,0.4576,1.0594,0.1,0.198,0.1088,0.0,1,0,0,0,2026-08-18T09:51:16.424147+00:00,2026-08-18T09:51:31.945116+00:00
37,514,Boly,16,DEF,38,0,0,0.0,0.0,0.0,0,1,0,0,0,2026-08-18T09:51:16.424147+00:00,2026-08-18T09:51:31.945116+00:00
37,515,Gibbs-White,16,MID,75,3.894,2.9638,0.9,0.018,0.8384,0.0456,1,7,90,1,2026-08-18T09:51:16.424147+00:00,2026-08-18T09:51:31.945116+00:00
37,516,Hudson-Odoi,16,MID,57,0,0,0.0,0.0,0.0,0,1,0,0,0,2026-08-18T09:51:16.424147+00:00,2026-08-18T09:51:31.945116+00:00
37,517,Anderson,16,MID,56,3.9944,2.2822,0.9,0.018,0.8384,0.0236,1,12,90,1,2026-08-18T09:51:16.424147+00:00,2026-08-18T09:51:31.945116+00:00
37,518,Jota,16,MID,54,0,0,0.0,0.0,0.0,0,1,0,0,0,2026-08-18T09:51:16.424147+00:00,2026-08-18T09:51:31.945116+00:00
37,519,Dominguez,16,MID,50,2.4336,2.2218,0.68,0.0704,0.638,0.0104,1,2,69,1,2026-08-18T09:51:16.424147+00:00,2026-08-18T09:51:31.945116+00:00
37,520,O'Brien,16,MID,50,0,0,0.0,0.0,0.0,0,1,0,0,0,2026-08-18T09:51:16.424147+00:00,2026-08-18T09:51:31.945116+00:00
37,521,Sangaré,16,MID,49,2.7344,1.9984,0.82,0.0324,0.7652,0.0044,1,1,20,0,2026-08-18T09:51:16.424147+00:00,2026-08-18T09:51:31.945116+00:00
37,522,Yates,16,MID,47,0.8344,1.4254,0.28,0.1584,0.2731,0.0004,1,0,0,0,2026-08-18T09:51:16.424147+00:00,2026-08-18T09:51:31.945116+00:00
37,523,Da Silva Moreira,16,MID,45,0.4672,0.9332,0.1,0.198,0.1088,0.0,1,0,0,0,2026-08-18T09:51:16.424147+00:00,2026-08-18T09:51:31.945116+00:00
37,524,Stamenic,16,MID,45,0,0,0.0,0.0,0.0,0,1,0,0,0,2026-08-18T09:51:16.424147+00:00,2026-08-18T09:51:31.945116+00:00
37,525,Wood,16,FWD,71,1.9476,2.3047,0.48,0.1456,0.458,0.0116,1,2,69,1,2026-08-18T09:51:16.424147+00:00,2026-08-18T09:51:31.945116+00:00
37,526,Igor Jesus,16,FWD,59,2.9664,2.3247,0.82,0.0324,0.7652,0.018,1,2,83,1,2026-08-18T09:51:16.424147+00:00,2026-08-18T09:51:31.945116+00:00
37,527,Awoniyi,16,FWD,52,1.004,1.6846,0.28,0.1584,0.2731,0.0064,1,1,20,0,2026-08-18T09:51:16.424147+00:00,2026-08-18T09:51:31.945116+00:00
37,669,Ndoye,16,MID,55,1.7356,1.9996,0.48,0.1456,0.458,0.0044,1,0,0,0,2026-08-18T09:51:16.424147+00:00,2026-08-18T09:51:31.945116+00:00
37,675,Gunn,16,GKP,40,0.1772,0.7465,0.04,0.0384,0.0403,0.0,1,0,0,0,2026-08-18T09:51:16.424147+00:00,2026-08-18T09:51:31.945116+00:00
37,693,Hutchinson,16,MID,54,2.3396,2.3166,0.68,0.0576,0.637,0.016,1,2,69,1,2026-08-18T09:51:16.424147+00:00,2026-08-18T09:51:31.945116+00:00
37,696,Kalimuendo,16,FWD,60,0,0,0.0,0.0,0.0,0,1,0,0,0,2026-08-18T09:51:16.424147+00:00,2026-08-18T09:51:31.945116+00:00
37,715,John,16,GKP,40,0.1276,0.5969,0.04,0.0384,0.0403,0.0,1,0,0,0,2026-08-18T09:51:16.424147+00:00,2026-08-18T09:51:31.945116+00:00
37,716,Savona,16,DEF,45,0,0,0.0,0.0,0.0,0,1,0,0,0,2026-08-18T09:51:16.424147+00:00,2026-08-18T09:51:31.945116+00:00
37,729,Cuiabano,16,DEF,45,0,0,0.0,0.0,0.0,0,1,0,0,0,2026-08-18T09:51:16.424147+00:00,2026-08-18T09:51:31.945116+00:00
37,734,Bakwa,16,MID,59,1.1156,1.7075,0.28,0.2016,0.2765,0.0024,1,1,20,0,2026-08-18T09:51:16.424147+00:00,2026-08-18T09:51:31.945116+00:00
37,805,Lucca,16,FWD,53,0.6768,1.2888,0.18,0.1804,0.1818,0.002,1,0,0,0,2026-08-18T09:51:16.424147+00:00,2026-08-18T09:51:31.945116+00:00
37,814,Netz,16,DEF,45,0.4976,1.1937,0.1,0.198,0.1088,0.0004,1,1,83,1,2026-08-18T09:51:16.424147+00:00,2026-08-18T09:51:31.945116+00:00
37,835,Whitehall,16,MID,45,0.4396,0.8811,0.1,0.198,0.1088,0.0,1,0,0,0,2026-08-18T09:51:16.424147+00:00,2026-08-18T09:51:31.945116+00:00
37,836,Sinclair,16,MID,45,0.4376,0.902,0.1,0.198,0.1088,0.0,1,0,0,0,2026-08-18T09:51:16.424147+00:00,2026-08-18T09:51:31.945116+00:00
37,841,Sillah,16,FWD,45,0.4692,0.9545,0.1,0.198,0.1088,0.0004,1,,,,2026-08-18T09:51:16.424147+00:00,
37,528,Patterson,17,GKP,42,0,0,0.0,0.0,0.0,0,1,0,0,0,2026-08-18T09:51:16.424147+00:00,2026-08-18T09:51:31.945116+00:00
37,529,Moore,17,GKP,39,0.158,0.708,0.04,0.0384,0.0403,0.0,1,0,0,0,2026-08-18T09:51:16.424147+00:00,2026-08-18T09:51:31.945116+00:00
37,530,Nna Noukeu,17,GKP,39,0,0,0.0,0.0,0.0,0,1,0,0,0,2026-08-18T09:51:16.424147+00:00,2026-08-18T09:51:31.945116+00:00
37,531,Ballard,17,DEF,47,3.7096,2.9417,0.82,0.0324,0.7652,0.0388,1,0,0,0,2026-08-18T09:51:16.424147+00:00,2026-08-18T09:51:31.945116+00:00
37,532,Hume,17,DEF,45,0.7676,1.7059,0.22,0.1404,0.2158,0.0048,1,1,59,1,2026-08-18T09:51:16.424147+00:00,2026-08-18T09:51:31.945116+00:00
37,533,Alese,17,DEF,40,0,0,0.0,0.0,0.0,0,1,0,0,0,2026-08-18T09:51:16.424147+00:00,2026-08-18T09:51:31.945116+00:00
37,534,Anderson,17,DEF,38,0,0,0.0,0.0,0.0,0,1,0,0,0,2026-08-18T09:51:16.424147+00:00,2026-08-18T09:51:31.945116+00:00
37,535,Cirkin,17,DEF,40,0.8448,1.6874,0.22,0.1716,0.2183,0.0032,1,0,0,0,2026-08-18T09:51:16.424147+00:00,2026-08-18T09:51:31.945116+00:00
37,536,Hjelde,17,DEF,40,0,0,0.0,0.0,0.0,0,1,0,0,0,2026-08-18T09:51:16.424147+00:00,2026-08-18T09:51:31.945116+00:00
37,537,Huggins,17,DEF,40,0,0,0.0,0.0,0.0,0,1,0,0,0,2026-08-18T09:51:16.424147+00:00,2026-08-18T09:51:31.945116+00:00
37,538,Johnson,17,DEF,38,0,0,0.0,0.0,0.0,0,1,0,0,0,2026-08-18T09:51:16.424147+00:00,2026-08-18T09:51:31.945116+00:00
37,539,O'Nien,17,DEF,40,0.706,1.4194,0.22,0.1716,0.2183,0.0004,1,4,67,1,2026-08-18T09:51:16.424147+00:00,2026-08-18T09:51:31.945116+00:00
37,540,Pembele,17,DEF,39,0,0,0.0,0.0,0.0,0,1,0,0,0,2026-08-18T09:51:16.424147+00:00,2026-08-18T09:51:31.945116+00:00
37,541,Reinildo,17,DEF,38,0.79,1.576,0.22,0.1404,0.2158,0.0008,1,2,90,1,2026-08-18T09:51:16.424147+00:00,2026-08-18T09:51:31.945116+00:00
37,542,Seelt,17,DEF,40,0,0,0.0,0.0,0.0,0,1,0,0,0,2026-08-18T09:51:16.424147+00:00,2026-08-18T09:51:31.945116+00:00
37,543,Adingra,17,MID,49,0,0,0.0,0.0,0.0,0,1,0,0,0,2026-08-18T09:51:16.424147+00:00,2026-08-18T09:51:31.945116+00:00
37,544,Diarra,17,MID,53,1.5896,2.078,0.48,0.1144,0.4556,0.006,1,4,13,0,2026-08-18T09:51:16.424147+00:00,2026-08-18T09:51:31.945116+00:00
37,545,Roberts,17,MID,54,0,0,0.0,0.0,0.0,0,1,0,0,0,2026-08-18T09:51:16.424147+00:00,2026-08-18T09:51:31.945116+00:00
37,546,Aleksić,17,MID,49,0.6912,1.2379,0.18,0.1804,0.1818,0.0,1,0,0,0,2026-08-18T09:51:16.424147+00:00,2026-08-18T09:51:31.945116+00:00
37,547,E.Le Fée,17,MID,48,3.5756,2.504,0.9,0.018,0.8384,0.0276,1,13,90,1,2026-08-18T09:51:16.424147+00:00,2026-08-18T09:51:31.945116+00:00
37,548,Mundle,17,MID,49,0,0,0.0,0.0,0.0,0,1,0,0,0,2026-08-18T09:51:16.424147+00:00,2026-08-18T09:51:31.945116+00:00
37,549,Neil,17,MID,48,0,0,0.0,0.0,0.0,0,1,0,0,0,2026-08-18T09:51:16.424147+00:00,2026-08-18T09:51:31.945116+00:00
37,550,Poveda,17,MID,47,0.6424,1.1288,0.18,0.1804,0.1818,0.0004,1,0,0,0,2026-08-18T09:51:16.424147+00:00,2026-08-18T09:51:31.945116+00:00
37,551,Rigg,17,MID,47,1.4756,1.6976,0.48,0.1144,0.4556,0.0016,1,4,13,0,2026-08-18T09:51:16.424147+00:00,2026-08-18T09:51:31.945116+00:00
37,552,Sadiki,17,MID,49,2.3292,1.5883,0.9,0.018,0.8384,0.0032,1,2,76,1,2026-08-18T09:51:16.424147+00:00,2026-08-18T09:51:31.945116+00:00
37,553,Talbi,17,MID,49,0,0,0.0,0.0,0.0,0,1,1,30,0,2026-08-18T09:51:16.424147+00:00,2026-08-18T09:51:31.945116+00:00
37,554,Ba,17,MID,43,0.4712,0.9818,0.1,0.198,0.1088,0.0004,1,0,0,0,2026-08-18T09:51:16.424147+00:00,2026-08-18T09:51:31.945116+00:00
37,555,Browne,17,MID,45,0,0,0.0,0.0,0.0,0,1,0,0,0,2026-08-18T09:51:16.424147+00:00,2026-08-18T09:51:31.945116+00:00
37,556,Ekwah,17,MID,45,0,0,0.0,0.0,0.0,0,1,0,0,0,2026-08-18T09:51:16.424147+00:00,2026-08-18T09:51:31.945116+00:00
37,557,H.Jones,17,MID,43,0.4524,0.9445,0.1,0.198,0.1088,0.0,1,0,0,0,2026-08-18T09:51:16.424147+00:00,2026-08-18T09:51:31.945116+00:00
37,558,Matete,17,MID,43,0,0,0.0,0.0,0.0,0,1,0,0,0,2026-08-18T09:51:16.424147+00:00,2026-08-18T09:51:31.945116+00:00
37,559,Triantis,17,MID,44,0,0,0.0,0.0,0.0,0,1,0,0,0,2026-08-18T09:51:16.424147+00:00,2026-08-18T09:51:31.945116+00:00
37,560,Isidor,17,FWD,50,1.7552,2.1541,0.48,0.1144,0.4556,0.0088,1,5,13,0,2026-08-18T09:51:16.424147+00:00,2026-08-18T09:51:31.945116+00:00
37,561,Mayenda,17,FWD,51,1.7184,2.0474,0.48,0.1144,0.4556,0.0064,1,0,0,0,2026-08-18T09:51:16.424147+00:00,2026-08-18T09:51:31.945116+00:00
37,562,Abdullahi,17,FWD,42,0.4516,0.9226,0.1,0.198,0.1088,0.0008,1,0,0,0,2026-08-18T09:51:16.424147+00:00,2026-08-18T09:51:31.945116+00:00
37,563,Luís Hemir,17,FWD,44,0,0,0.0,0.0,0.0,0,1,0,0,0,2026-08-18T09:51:16.424147+00:00,2026-08-18T09:51:31.945116+00:00
37,564,Rusyn,17,FWD,44,0,0,0.0,0.0,0.0,0,1,0,0,0,2026-08-18T09:51:16.424147+00:00,2026-08-18T09:51:31.945116+00:00
37,668,Xhaka,17,MID,51,3.1148,1.9673,0.9,0.018,0.8384,0.0068,1,2,90,1,2026-08-18T09:51:16.424147+00:00,2026-08-18T09:51:31.945116+00:00
37,670,Roefs,17,GKP,48,3.1992,2.1817,0.9,0.008,0.8376,0.0012,1,3,90,1,2026-08-18T09:51:16.424147+00:00,2026-08-18T09:51:31.945116+00:00
37,678,Masuaku,17,DEF,39,0,0,0.0,0.0,0.0,0,1,0,0,0,2026-08-18T09:51:16.424147+00:00,2026-08-18T09:51:31.945116+00:00
37,683,Alderete,17,DEF,41,0.5724,1.4422,0.11,0.1602,0.1151,0.0024,1,1,22,0,2026-08-18T09:51:16.424147+00:00,2026-08-18T09:51:31.945116+00:00
37,694,Mukiele,17,DEF,46,3.1772,2.7586,0.82,0.0324,0.7652,0.0232,1,2,90,1,2026-08-18T09:51:16.424147+00:00,2026-08-18T09:51:31.945116+00:00
37,724,Geertruida,17,DEF,45,0.7872,1.5838,0.22,0.1404,0.2158,0.0012,1,2,90,1,2026-08-18T09:51:16.424147+00:00,2026-08-18T09:51:31.945116+00:00
37,730,Brobbey,17,FWD,53,2.3088,2.2648,0.68,0.0576,0.637,0.0124,1,7,76,1,2026-08-18T09:51:16.424147+00:00,2026-08-18T09:51:31.945116+00:00
37,735,Traoré,17,MID,55,1.5004,1.7438,0.48,0.1456,0.458,0.002,1,0,0,0,2026-08-18T09:51:16.424147+00:00,2026-08-18T09:51:31.945116+00:00
37,774,Jenson Jones,17,DEF,40,0.4552,1.1127,0.1,0.198,0.1088,0.0004,1,0,0,0,2026-08-18T09:51:16.424147+00:00,2026-08-18T09:51:31.945116+00:00
37,775,Tutierov,17,MID,45,0,0,0.0,0.0,0.0,0,1,0,0,0,2026-08-18T09:51:16.424147+00:00,2026-08-18T09:51:31.945116+00:00
37,800,Jocelin.T,17,MID,49,0.6392,1.1475,0.18,0.1804,0.1818,0.0008,1,0,0,0,2026-08-18T09:51:16.424147+00:00,2026-08-18T09:51:31.945116+00:00
37,812,Ellborg,17,GKP,40,0.1444,0.6673,0.04,0.0384,0.0403,0.0,1,0,0,0,2026-08-18T09:51:16.424147+00:00,2026-08-18T09:51:31.945116+00:00
37,813,Angulo,17,MID,50,0.9232,1.4669,0.28,0.1584,0.2731,0.0008,1,2,76,1,2026-08-18T09:51:16.424147+00:00,2026-08-18T09:51:31.945116+00:00
37,821,Whittaker,17,MID,45,0.4852,0.9632,0.1,0.198,0.1088,0.0004,1,0,0,0,2026-08-18T09:51:16.424147+00:00,2026-08-18T09:51:31.945116+00:00
37,822,Jones,17,MID,45,0.4668,0.9263,0.1,0.198,0.1088,0.0,1,0,0,0,2026-08-18T09:51:16.424147+00:00,2026-08-18T09:51:31.945116+00:00
37,565,Vicario,18,GKP,47,2.9216,2.1275,0.9,0.008,0.8376,0.0008,1,0,0,0,2026-08-18T09:51:16.424147+00:00,2026-08-18T09:51:31.945116+00:00
37,566,Austin,18,GKP,39,0.1444,0.6534,0.04,0.0384,0.0403,0.0,1,0,0,0,2026-08-18T09:51:16.424147+00:00,2026-08-18T09:51:31.945116+00:00
37,567,Kinsky,18,GKP,39,0.1264,0.6061,0.04,0.0384,0.0403,0.0,1,1,90,1,2026-08-18T09:51:16.424147+00:00,2026-08-18T09:51:31.945116+00:00
37,568,Pedro Porro,18,DEF,52,2.6816,2.5153,0.82,0.0324,0.7652,0.0128,1,0,90,1,2026-08-18T09:51:16.424147+00:00,2026-08-18T09:51:31.945116+00:00
37,569,Romero,18,DEF,50,0,0,0.0,0.0,0.0,0,1,0,0,0,2026-08-18T09:51:16.424147+00:00,2026-08-18T09:51:31.945116+00:00
37,570,Danso,18,DEF,42,0.9688,1.8138,0.22,0.1716,0.2183,0.0028,1,3,90,1,2026-08-18T09:51:16.424147+00:00,2026-08-18T09:51:31.945116+00:00
37,571,Davies,18,DEF,43,0,0,0.0,0.0,0.0,0,1,0,0,0,2026-08-18T09:51:16.424147+00:00,2026-08-18T09:51:31.945116+00:00
37,572,Dragusin,18,DEF,45,1.0728,1.9788,0.22,0.1716,0.2183,0.0028,1,0,0,0,2026-08-18T09:51:16.424147+00:00,2026-08-18T09:51:31.945116+00:00
37,573,Spence,18,DEF,41,0.7696,1.5725,0.22,0.1404,0.2158,0.0008,1,1,21,0,2026-08-18T09:51:16.424147+00:00,2026-08-18T09:51:31.945116+00:00
37,574,Udogie,18,DEF,43,0.6904,1.3662,0.22,0.1716,0.2183,0.0,1,0,68,1,2026-08-18T09:51:16.424147+00:00,2026-08-18T09:51:31.945116+00:00
37,575,Van de Ven,18,DEF,44,0.8372,1.752,0.22,0.1404,0.2158,0.0048,1,0,90,1,2026-08-18T09:51:16.424147+00:00,2026-08-18T09:51:31.945116+00:00
37,576,Phillips,18,DEF,40,0,0,0.0,0.0,0.0,0,1,0,0,0,2026-08-18T09:51:16.424147+00:00,2026-08-18T09:51:31.945116+00:00
37,577,Takai,18,DEF,40,0,0,0.0,0.0,0.0,0,1,0,0,0,2026-08-18T09:51:16.424147+00:00,2026-08-18T09:51:31.945116+00:00
37,578,Vuskovic,18,DEF,39,0,0,0.0,0.0,0.0,0,1,0,0,0,2026-08-18T09:51:16.424147+00:00,2026-08-18T09:51:31.945116+00:00
37,579,Son,18,MID,85,0,0,0.0,0.0,0.0,0,1,0,0,0,2026-08-18T09:51:16.424147+00:00,2026-08-18T09:51:31.945116+00:00
37,581,Maddison,18,MID,68,2.4296,2.6897,0.45,0.154,0.4308,0.0164,1,1,21,0,2026-08-18T09:51:16.424147+00:00,2026-08-18T09:51:31.945116+00:00
37,582,Kudus,18,MID,64,0,0,0.0,0.0,0.0,0,1,0,0,0,2026-08-18T09:51:16.424147+00:00,2026-08-18T09:51:31.945116+00:00
37,583,Kulusevski,18,MID,64,0,0,0.0,0.0,0.0,0,1,0,0,0,2026-08-18T09:51:16.424147+00:00,2026-08-18T09:51:31.945116+00:00
37,584,Tel,18,MID,62,2.0324,2.4275,0.48,0.1456,0.458,0.0128,1,2,90,1,2026-08-18T09:51:16.424147+00:00,2026-08-18T09:51:31.945116+00:00
37,585,Bentancur,18,MID,52,2.524,2.0907,0.68,0.0576,0.637,0.0032,1,2,90,1,2026-08-18T09:51:16.424147+00:00,2026-08-18T09:51:31.945116+00:00
37,586,Bergvall,18,MID,52,1.4892,1.8411,0.48,0.1144,0.4556,0.0072,1,0,0,0,2026-08-18T09:51:16.424147+00:00,2026-08-18T09:51:31.945116+00:00
37,587,Bissouma,18,MID,52,0.994,1.6139,0.28,0.1584,0.2731,0.0004,1,0,0,0,2026-08-18T09:51:16.424147+00:00,2026-08-18T09:51:31.945116+00:00
37,588,Odobert,18,MID,53,0,0,0.0,0.0,0.0,0,1,0,0,0,2026-08-18T09:51:16.424147+00:00,2026-08-18T09:51:31.945116+00:00
37,589,Solomon,18,MID,54,0,0,0.0,0.0,0.0,0,1,0,0,0,2026-08-18T09:51:16.424147+00:00,2026-08-18T09:51:31.945116+00:00
37,590,Bryan,18,MID,49,0,0,0.0,0.0,0.0,0,1,0,0,0,2026-08-18T09:51:16.424147+00:00,2026-08-18T09:51:31.945116+00:00
37,591,Gray,18,MID,48,2.2024,2.0821,0.68,0.0704,0.638,0.0072,1,0,0,0,2026-08-18T09:51:16.424147+00:00,2026-08-18T09:51:31.945116+00:00
37,592,Moore,18,MID,50,0,0,0.0,0.0,0.0,0,1,0,0,0,2026-08-18T09:51:16.424147+00:00,2026-08-18T09:51:31.945116+00:00
37,593,P.M.Sarr,18,MID,45,1.9452,2.2513,0.48,0.1144,0.4556,0.0096,1,4,21,0,2026-08-18T09:51:16.424147+00:00,2026-08-18T09:51:31.945116+00:00
37,594,Min-hyeok,18,MID,45,0,0,0.0,0.0,0.0,0,1,0,0,0,2026-08-18T09:51:16.424147+00:00,2026-08-18T09:51:31.945116+00:00
37,595,Olusesi,18,MID,43,0.5776,1.224,0.1,0.198,0.1088,0.0004,1,0,0,0,2026-08-18T09:51:16.424147+00:00,2026-08-18T09:51:31.945116+00:00
37,596,Solanke,18,FWD,71,1.7608,2.1524,0.48,0.1456,0.458,0.0112,1,0,0,0,2026-08-18T09:51:16.424147+00:00,2026-08-18T09:51:31.945116+00:00
37,597,Richarlison,18,FWD,64,2.9212,2.8974,0.68,0.0576,0.637,0.036,1,7,90,1,2026-08-18T09:51:16.424147+00:00,2026-08-18T09:51:31.945116+00:00
37,598,Lankshear,18,FWD,45,0,0,0.0,0.0,0.0,0,1,0,0,0,2026-08-18T09:51:16.424147+00:00,2026-08-18T09:51:31.945116+00:00
37,599,Scarlett,18,FWD,43,0,0,0.0,0.0,0.0,0,1,0,0,0,2026-08-18T09:51:16.424147+00:00,2026-08-18T09:51:31.945116+00:00
37,673,J.Palhinha,18,MID,55,3.3952,2.4059,0.82,0.0324,0.7652,0.022,1,4,68,1,2026-08-18T09:51:16.424147+00:00,2026-08-18T09:51:31.945116+00:00
37,717,Xavi,18,MID,64,0,0,0.0,0.0,0.0,0,1,0,0,0,2026-08-18T09:51:16.424147+00:00,2026-08-18T09:51:31.945116+00:00
37,726,Kolo Muani,18,FWD,69,1.9136,1.8197,0.68,0.0576,0.637,0.004,1,2,68,1,2026-08-18T09:51:16.424147+00:00,2026-08-18T09:51:31.945116+00:00
37,745,Byfield,18,DEF,40,0.4952,1.1321,0.1,0.198,0.1088,0.0004,1,0,0,0,2026-08-18T09:51:16.424147+00:00,2026-08-18T09:51:31.945116+00:00
37,750,Rowswell,18,DEF,40,0.4724,1.1556,0.1,0.198,0.1088,0.0004,1,0,0,0,2026-08-18T09:51:16.424147+00:00,2026-08-18T09:51:31.945116+00:00
37,751,Akhamrich,18,MID,45,0,0,0.0,0.0,0.0,0,1,0,0,0,2026-08-18T09:51:16.424147+00:00,2026-08-18T09:51:31.945116+00:00
37,790,Williams-Barnett,18,MID,45,0.4416,0.8679,0.1,0.198,0.1088,0.0,1,0,0,0,2026-08-18T09:51:16.424147+00:00,2026-08-18T09:51:31.945116+00:00
37,796,Gallagher,18,MID,50,1.6424,1.9604,0.48,0.1144,0.4556,0.0036,1,2,90,1,2026-08-18T09:51:16.424147+00:00,2026-08-18T09:51:31.945116+00:00
37,804,Souza,18,DEF,40,0.4776,1.096,0.1,0.198,0.1088,0.0008,1,0,0,0,2026-08-18T09:51:16.424147+00:00,2026-08-18T09:51:31.945116+00:00
37,811,Kyerematen,18,MID,45,0.4884,0.9736,0.1,0.198,0.1088,0.0,1,0,0,0,2026-08-18T09:51:16.424147+00:00,2026-08-18T09:51:31.945116+00:00
37,818,Wilson,18,FWD,45,0.4384,0.8405,0.1,0.198,0.1088,0.0,1,0,0,0,2026-08-18T09:51:16.424147+00:00,2026-08-18T09:51:31.945116+00:00
37,326,Adama,19,MID,51,0.5828,1.1606,0.14,0.1892,0.1453,0.0012,1,0,0,0,2026-08-18T09:51:16.424147+00:00,2026-08-18T09:51:31.945116+00:00
37,600,Areola,19,GKP,42,3.0888,2.1055,0.9,0.004,0.8373,0.0,1,0,0,0,2026-08-18T09:51:16.424147+00:00,2026-08-18T09:51:31.945116+00:00
37,601,Foderingham,19,GKP,40,0,0,0.0,0.0,0.0,0,1,0,0,0,2026-08-18T09:51:16.424147+00:00,2026-08-18T09:51:31.945116+00:00
37,602,Hegyi,19,GKP,39,0,0,0.0,0.0,0.0,0,1,0,0,0,2026-08-18T09:51:16.424147+00:00,2026-08-18T09:51:31.945116+00:00
37,603,Diouf,19,DEF,41,0.774,1.606,0.22,0.1404,0.2158,0.002,1,0,90,1,2026-08-18T09:51:16.424147+00:00,2026-08-18T09:51:31.945116+00:00
37,604,Emerson,19,DEF,44,0,0,0.0,0.0,0.0,0,1,0,0,0,2026-08-18T09:51:16.424147+00:00,2026-08-18T09:51:31.945116+00:00
37,605,Kilman,19,DEF,41,0.8292,1.6337,0.22,0.1404,0.2158,0.0008,1,0,0,0,2026-08-18T09:51:16.424147+00:00,2026-08-18T09:51:31.945116+00:00
37,606,Mavropanos,19,DEF,45,1.1688,2.2877,0.22,0.1404,0.2158,0.0136,1,3,90,1,2026-08-18T09:51:16.424147+00:00,2026-08-18T09:51:31.945116+00:00
37,607,N.Aguerd,19,DEF,44,0,0,0.0,0.0,0.0,0,1,0,0,0,2026-08-18T09:51:16.424147+00:00,2026-08-18T09:51:31.945116+00:00
37,608,Scarles,19,DEF,43,0.9728,1.8095,0.22,0.1716,0.2183,0.0012,1,0,0,0,2026-08-18T09:51:16.424147+00:00,2026-08-18T09:51:31.945116+00:00
37,609,Todibo,19,DEF,43,0.8016,1.5847,0.22,0.1404,0.2158,0.0004,1,0,25,0,2026-08-18T09:51:16.424147+00:00,2026-08-18T09:51:31.945116+00:00
37,610,Wan-Bissaka,19,DEF,41,0.7928,1.5506,0.22,0.1404,0.2158,0.0,1,1,62,1,2026-08-18T09:51:16.424147+00:00,2026-08-18T09:51:31.945116+00:00
37,611,Casey,19,DEF,40,0,0,0.0,0.0,0.0,0,1,0,0,0,2026-08-18T09:51:16.424147+00:00,2026-08-18T09:51:31.945116+00:00
37,612,L.Paquetá,19,MID,59,0,0,0.0,0.0,0.0,0,1,0,0,0,2026-08-18T09:51:16.424147+00:00,2026-08-18T09:51:31.945116+00:00
37,613,Souček,19,MID,57,3.1956,2.56,0.82,0.0324,0.7652,0.0204,1,1,62,1,2026-08-18T09:51:16.424147+00:00,2026-08-18T09:51:31.945116+00:00
37,615,Summerville,19,MID,54,3.1624,2.6749,0.82,0.0324,0.7652,0.0332,1,2,90,1,2026-08-18T09:51:16.424147+00:00,2026-08-18T09:51:31.945116+00:00
37,616,Álvarez,19,MID,49,0,0,0.0,0.0,0.0,0,1,0,0,0,2026-08-18T09:51:16.424147+00:00,2026-08-18T09:51:31.945116+00:00
37,617,Cornet,19,MID,49,0,0,0.0,0.0,0.0,0,1,0,0,0,2026-08-18T09:51:16.424147+00:00,2026-08-18T09:51:31.945116+00:00
37,618,G.Rodriguez,19,MID,48,0,0,0.0,0.0,0.0,0,1,0,0,0,2026-08-18T09:51:16.424147+00:00,2026-08-18T09:51:31.945116+00:00
37,619,L.Guilherme,19,MID,49,0,0,0.0,0.0,0.0,0,1,0,0,0,2026-08-18T09:51:16.424147+00:00,2026-08-18T09:51:31.945116+00:00
37,620,Earthy,19,MID,45,0,0,0.0,0.0,0.0,0,1,0,0,0,2026-08-18T09:51:16.424147+00:00,2026-08-18T09:51:31.945116+00:00
37,621,Irving,19,MID,43,0,0,0.0,0.0,0.0,0,1,0,0,0,2026-08-18T09:51:16.424147+00:00,2026-08-18T09:51:31.945116+00:00
37,622,Orford,19,MID,44,0,0,0.0,0.0,0.0,0,1,0,0,0,2026-08-18T09:51:16.424147+00:00,2026-08-18T09:51:31.945116+00:00
37,623,Potts,19,MID,43,1.468,1.6031,0.48,0.1144,0.4556,0.0008,1,0,0,0,2026-08-18T09:51:16.424147+00:00,2026-08-18T09:51:31.945116+00:00
37,624,Bowen,19,FWD,77,3.414,2.2821,0.9,0.018,0.8384,0.02,1,2,90,1,2026-08-18T09:51:16.424147+00:00,2026-08-18T09:51:31.945116+00:00
37,625,Füllkrug,19,FWD,56,0,0,0.0,0.0,0.0,0,1,0,0,0,2026-08-18T09:51:16.424147+00:00,2026-08-18T09:51:31.945116+00:00
37,626,Marshall,19,FWD,43,0,0,0.0,0.0,0.0,0,1,0,0,0,2026-08-18T09:51:16.424147+00:00,2026-08-18T09:51:31.945116+00:00
37,659,Walker-Peters,19,DEF,42,0.7936,1.6364,0.22,0.1716,0.2183,0.0024,1,0,0,0,2026-08-18T09:51:16.424147+00:00,2026-08-18T09:51:31.945116+00:00
37,671,Wilson,19,FWD,58,2.1416,2.5812,0.48,0.1456,0.458,0.0212,1,2,90,1,2026-08-18T09:51:16.424147+00:00,2026-08-18T09:51:31.945116+00:00
37,679,Hermansen,19,GKP,42,0.1736,0.8053,0.04,0.0384,0.0403,0.0004,1,5,90,1,2026-08-18T09:51:16.424147+00:00,2026-08-18T09:51:31.945116+00:00
37,708,M.Fernandes,19,MID,55,3.1256,1.9818,0.9,0.018,0.8384,0.0088,1,4,90,1,2026-08-18T09:51:16.424147+00:00,2026-08-18T09:51:31.945116+00:00
37,718,S.Magassa,19,MID,50,1.7272,1.9807,0.48,0.1144,0.4556,0.0036,1,0,0,0,2026-08-18T09:51:16.424147+00:00,2026-08-18T09:51:31.945116+00:00
37,738,Fabianski,19,GKP,45,0.182,0.7732,0.04,0.0384,0.0403,0.0,1,0,0,0,2026-08-18T09:51:16.424147+00:00,2026-08-18T09:51:31.945116+00:00
37,747,Mayers,19,DEF,40,0.456,1.0839,0.1,0.198,0.1088,0.0004,1,0,0,0,2026-08-18T09:51:16.424147+00:00,2026-08-18T09:51:31.945116+00:00
37,752,Golambeckis,19,DEF,40,0.484,1.1153,0.1,0.198,0.1088,0.0,1,0,0,0,2026-08-18T09:51:16.424147+00:00,2026-08-18T09:51:31.945116+00:00
37,758,Mohamadou Kanté,19,MID,45,0.6528,1.3918,0.1,0.198,0.1088,0.0008,1,0,27,0,2026-08-18T09:51:16.424147+00:00,2026-08-18T09:51:31.945116+00:00
37,785,Pablo,19,FWD,54,1.4796,1.6739,0.48,0.1144,0.4556,0.0012,1,1,27,0,2026-08-18T09:51:16.424147+00:00,2026-08-18T09:51:31.945116+00:00
37,791,Taty,19,FWD,55,2.0248,2.0872,0.68,0.0896,0.6396,0.0088,1,6,64,1,2026-08-18T09:51:16.424147+00:00,2026-08-18T09:51:31.945116+00:00
37,802,Lamadrid,19,MID,50,0.6716,1.2917,0.18,0.1804,0.1818,0.0012,1,0,0,0,2026-08-18T09:51:16.424147+00:00,2026-08-18T09:51:31.945116+00:00
37,815,Disasi,19,DEF,45,0.8344,1.6784,0.22,0.1716,0.2183,0.004,1,1,90,1,2026-08-18T09:51:16.424147+00:00,2026-08-18T09:51:31.945116+00:00
37,825,Herrick,19,GKP,40,0.1264,0.5486,0.04,0.0384,0.0403,0.0,1,0,0,0,2026-08-18T09:51:16.424147+00:00,2026-08-18T09:51:31.945116+00:00
37,627,Johnstone,20,GKP,44,0,0,0.0,0.0,0.0,0,1,0,0,0,2026-08-18T09:51:16.424147+00:00,2026-08-18T09:51:31.945116+00:00
37,628,José Sá,20,GKP,42,3.3364,2.2827,0.9,0.004,0.8373,0.0008,1,3,90,1,2026-08-18T09:51:16.424147+00:00,2026-08-18T09:51:31.945116+00:00
37,629,Bentley,20,GKP,39,0.1432,0.7598,0.04,0.0384,0.0403,0.0,1,0,0,0,2026-08-18T09:51:16.424147+00:00,2026-08-18T09:51:31.945116+00:00
37,631,Agbadou,20,DEF,42,0,0,0.0,0.0,0.0,0,1,0,0,0,2026-08-18T09:51:16.424147+00:00,2026-08-18T09:51:31.945116+00:00
37,632,Doherty,20,DEF,44,0,0,0.0,0.0,0.0,0,1,0,0,0,2026-08-18T09:51:16.424147+00:00,2026-08-18T09:51:31.945116+00:00
37,633,H.Bueno,20,DEF,43,0.978,2.0353,0.22,0.1404,0.2158,0.006,1,1,5,0,2026-08-18T09:51:16.424147+00:00,2026-08-18T09:51:31.945116+00:00
37,634,Mosquera,20,DEF,43,1.0132,2.1705,0.22,0.1404,0.2158,0.0096,1,2,90,1,2026-08-18T09:51:16.424147+00:00,2026-08-18T09:51:31.945116+00:00
37,635,R.Gomes,20,DEF,44,1.0404,1.9983,0.22,0.1716,0.2183,0.0076,1,2,84,1,2026-08-18T09:51:16.424147+00:00,2026-08-18T09:51:31.945116+00:00
37,636,S.Bueno,20,DEF,44,1.0964,2.2381,0.22,0.1404,0.2158,0.0096,1,2,90,1,2026-08-18T09:51:16.424147+00:00,2026-08-18T09:51:31.945116+00:00
37,637,Toti,20,DEF,42,1.032,1.9689,0.22,0.1716,0.2183,0.0044,1,0,0,0,2026-08-18T09:51:16.424147+00:00,2026-08-18T09:51:31.945116+00:00
37,638,Hoever,20,DEF,38,0,0,0.0,0.0,0.0,0,1,0,0,0,2026-08-18T09:51:16.424147+00:00,2026-08-18T09:51:31.945116+00:00
37,639,Meupiyou,20,DEF,40,0,0,0.0,0.0,0.0,0,1,0,0,0,2026-08-18T09:51:16.424147+00:00,2026-08-18T09:51:31.945116+00:00
37,640,Pedro Lima,20,DEF,40,0.8992,1.7137,0.22,0.1716,0.2183,0.0024,1,1,5,0,2026-08-18T09:51:16.424147+00:00,2026-08-18T09:51:31.945116+00:00
37,641,Pond,20,DEF,39,0,0,0.0,0.0,0.0,0,1,0,0,0,2026-08-18T09:51:16.424147+00:00,2026-08-18T09:51:31.945116+00:00
37,642,Hee Chan,20,MID,56,2.1324,2.2536,0.68,0.0896,0.6396,0.0128,1,5,78,1,2026-08-18T09:51:16.424147+00:00,2026-08-18T09:51:31.945116+00:00
37,643,André,20,MID,52,2.768,1.8707,0.82,0.0324,0.7652,0.0044,1,3,90,1,2026-08-18T09:51:16.424147+00:00,2026-08-18T09:51:31.945116+00:00
37,644,Bellegarde,20,MID,51,1.4104,1.7307,0.48,0.1144,0.4556,0.0024,1,1,11,0,2026-08-18T09:51:16.424147+00:00,2026-08-18T09:51:31.945116+00:00
37,645,Fer López,20,MID,51,0,0,0.0,0.0,0.0,0,1,0,0,0,2026-08-18T09:51:16.424147+00:00,2026-08-18T09:51:31.945116+00:00
37,646,J.Gomes,20,MID,53,3.3404,2.0179,0.9,0.018,0.8384,0.0108,1,2,90,1,2026-08-18T09:51:16.424147+00:00,2026-08-18T09:51:31.945116+00:00
37,647,Guedes,20,MID,55,0,0,0.0,0.0,0.0,0,1,0,0,0,2026-08-18T09:51:16.424147+00:00,2026-08-18T09:51:31.945116+00:00
37,648,Munetsi,20,MID,53,0,0,0.0,0.0,0.0,0,1,0,0,0,2026-08-18T09:51:16.424147+00:00,2026-08-18T09:51:31.945116+00:00
37,649,B.Traore,20,MID,50,0,0,0.0,0.0,0.0,0,1,0,0,0,2026-08-18T09:51:16.424147+00:00,2026-08-18T09:51:31.945116+00:00
37,650,Chirewa,20,MID,43,0,0,0.0,0.0,0.0,0,1,0,0,0,2026-08-18T09:51:16.424147+00:00,2026-08-18T09:51:31.945116+00:00
37,651,Edozie,20,MID,43,0.4732,0.9823,0.1,0.198,0.1088,0.0,1,0,0,0,2026-08-18T09:51:16.424147+00:00,2026-08-18T09:51:31.945116+00:00
37,652,Gonzalez,20,MID,43,0.4676,0.9772,0.1,0.198,0.1088,0.0008,1,0,0,0,2026-08-18T09:51:16.424147+00:00,2026-08-18T09:51:31.945116+00:00
37,653,Hodge,20,MID,45,0,0,0.0,0.0,0.0,0,1,0,0,0,2026-08-18T09:51:16.424147+00:00,2026-08-18T09:51:31.945116+00:00
37,655,Fábio Silva,20,FWD,49,0,0,0.0,0.0,0.0,0,1,0,0,0,2026-08-18T09:51:16.424147+00:00,2026-08-18T09:51:31.945116+00:00
37,656,Kalajdžić,20,FWD,49,0,0,0.0,0.0,0.0,0,1,0,0,0,2026-08-18T09:51:16.424147+00:00,2026-08-18T09:51:31.945116+00:00
37,657,Chiwome,20,FWD,44,0.464,0.9344,0.1,0.198,0.1088,0.0004,1,0,0,0,2026-08-18T09:51:16.424147+00:00,2026-08-18T09:51:31.945116+00:00
37,658,Fraser,20,FWD,42,0.482,0.9426,0.1,0.198,0.1088,0.0,1,0,0,0,2026-08-18T09:51:16.424147+00:00,2026-08-18T09:51:31.945116+00:00
37,663,J.Arias,20,MID,49,0,0,0.0,0.0,0.0,0,1,0,0,0,2026-08-18T09:51:16.424147+00:00,2026-08-18T09:51:31.945116+00:00
37,682,Møller Wolfe,20,DEF,42,0.8464,1.5924,0.22,0.1716,0.2183,0.0008,1,2,84,1,2026-08-18T09:51:16.424147+00:00,2026-08-18T09:51:31.945116+00:00
37,695,Tchatchoua,20,DEF,44,0.8392,1.6999,0.22,0.1404,0.2158,0.0024,1,0,0,0,2026-08-18T09:51:16.424147+00:00,2026-08-18T09:51:31.945116+00:00
37,709,Krejčí,20,DEF,45,1.052,2.1358,0.22,0.1404,0.2158,0.0108,1,2,90,1,2026-08-18T09:51:16.424147+00:00,2026-08-18T09:51:31.945116+00:00
37,720,Tolu,20,FWD,51,1.8784,2.4122,0.48,0.1144,0.4556,0.0184,1,1,18,0,2026-08-18T09:51:16.424147+00:00,2026-08-18T09:51:31.945116+00:00
37,749,Mané,20,FWD,42,2.2836,2.1066,0.68,0.0576,0.637,0.0084,1,11,90,1,2026-08-18T09:51:16.424147+00:00,2026-08-18T09:51:31.945116+00:00
37,766,Olagunju,20,DEF,40,0.5248,1.2298,0.1,0.198,0.1088,0.0004,1,0,0,0,2026-08-18T09:51:16.424147+00:00,2026-08-18T09:51:31.945116+00:00
37,767,Rawlings,20,MID,45,0.4932,1.0388,0.1,0.198,0.1088,0.0004,1,0,0,0,2026-08-18T09:51:16.424147+00:00,2026-08-18T09:51:31.945116+00:00
37,777,Ojinnaka,20,MID,45,0,0,0.0,0.0,0.0,0,1,0,0,0,2026-08-18T09:51:16.424147+00:00,2026-08-18T09:51:31.945116+00:00
37,778,Sutherland,20,MID,45,0.4688,0.9486,0.1,0.198,0.1088,0.0,1,0,0,0,2026-08-18T09:51:16.424147+00:00,2026-08-18T09:51:31.945116+00:00
37,809,Abbey,20,MID,45,0.494,0.9919,0.1,0.198,0.1088,0.0004,1,0,0,0,2026-08-18T09:51:16.424147+00:00,2026-08-18T09:51:31.945116+00:00
37,816,Angel,20,MID,46,0.9236,1.3773,0.28,0.1584,0.2731,0.0004,1,0,0,0,2026-08-18T09:51:16.424147+00:00,2026-08-18T09:51:31.945116+00:00
37,817,Armstrong,20,FWD,52,1.316,1.6828,0.48,0.1144,0.4556,0.0036,1,2,71,1,2026-08-18T09:51:16.424147+00:00,2026-08-18T09:51:31.945116+00:00
37,828,Brooks,20,GKP,40,0.1812,0.8177,0.04,0.0384,0.0403,0.0,1,0,0,0,2026-08-18T09:51:16.424147+00:00,2026-08-18T09:51:31.945116+00:00
37,831,Gracey,20,GKP,40,0.1472,0.7032,0.04,0.0384,0.0403,0.0,1,0,0,0,2026-08-18T09:51:16.424147+00:00,2026-08-18T09:51:31.945116+00:00
