gw,player_id,web_name,team_id,position,now_cost,mu,sigma,p_start,p_sub,p_60,p_10_plus,n_fixtures,actual_points,actual_minutes,did_start,captured_at,scored_at
4,1,Balogun,1,FWD,44,0,0,0.0,0.0,0.0,0,1,0,0,0,2026-08-19T06:18:50.050164+00:00,2026-08-19T06:19:58.725311+00:00
4,2,Cédric,1,DEF,40,0.5116,1.1676,0.1,0.198,0.1088,0.0,1,0,0,0,2026-08-19T06:18:50.050164+00:00,2026-08-19T06:19:58.725311+00:00
4,3,M.Elneny,1,MID,44,0.4784,0.9327,0.1,0.198,0.1088,0.0,1,0,0,0,2026-08-19T06:18:50.050164+00:00,2026-08-19T06:19:58.725311+00:00
4,4,Fábio Vieira,1,MID,54,0.7652,1.4315,0.18,0.1804,0.1818,0.002,1,4,13,0,2026-08-19T06:18:50.050164+00:00,2026-08-19T06:19:58.725311+00:00
4,5,Gabriel,1,DEF,48,0.7712,1.6092,0.18,0.1804,0.1818,0.002,1,2,90,1,2026-08-19T06:18:50.050164+00:00,2026-08-19T06:19:58.725311+00:00
4,6,Havertz,1,MID,73,1.2688,2.023,0.28,0.2016,0.2765,0.008,1,2,76,1,2026-08-19T06:18:50.050164+00:00,2026-08-19T06:19:58.725311+00:00
4,8,G.Jesus,1,FWD,79,2.564,2.4461,0.72,0.0784,0.6759,0.0252,1,6,14,0,2026-08-19T06:18:50.050164+00:00,2026-08-19T06:19:58.725311+00:00
4,9,Jorginho,1,MID,54,0.7652,1.4402,0.18,0.1804,0.1818,0.0016,1,1,1,0,2026-08-19T06:18:50.050164+00:00,2026-08-19T06:19:58.725311+00:00
4,10,Kiwior,1,DEF,44,0.5144,1.2156,0.1,0.198,0.1088,0.0008,1,0,0,0,2026-08-19T06:18:50.050164+00:00,2026-08-19T06:19:58.725311+00:00
4,11,Marquinhos,1,MID,45,0,0,0.0,0.0,0.0,0,1,0,0,0,2026-08-19T06:18:50.050164+00:00,2026-08-19T06:19:58.725311+00:00
4,12,Martinelli,1,MID,80,1.3996,2.2794,0.28,0.2016,0.2765,0.0128,1,5,89,1,2026-08-19T06:18:50.050164+00:00,2026-08-19T06:19:58.725311+00:00
4,13,Nketiah,1,FWD,56,1.5564,1.9867,0.45,0.154,0.4308,0.0076,1,2,75,1,2026-08-19T06:18:50.050164+00:00,2026-08-19T06:19:58.725311+00:00
4,14,Ødegaard,1,MID,85,1.4404,2.3448,0.28,0.2016,0.2765,0.0144,1,7,90,1,2026-08-19T06:18:50.050164+00:00,2026-08-19T06:19:58.725311+00:00
4,15,Thomas,1,MID,49,0.9476,1.4615,0.28,0.1584,0.2731,0.002,1,0,0,0,2026-08-19T06:18:50.050164+00:00,2026-08-19T06:19:58.725311+00:00
4,16,Pepe,1,MID,49,0,0,0.0,0.0,0.0,0,1,0,0,0,2026-08-19T06:18:50.050164+00:00,2026-08-19T06:19:58.725311+00:00
4,17,Ramsdale,1,GKP,50,0.3448,1.106,0.08,0.0736,0.0803,0.0,1,2,90,1,2026-08-19T06:18:50.050164+00:00,2026-08-19T06:19:58.725311+00:00
4,18,Rúnarsson,1,GKP,40,0,0,0.0,0.0,0.0,0,1,0,0,0,2026-08-19T06:18:50.050164+00:00,2026-08-19T06:19:58.725311+00:00
4,19,Saka,1,MID,87,1.2284,2.5973,0.14,0.2408,0.1495,0.024,1,4,90,1,2026-08-19T06:18:50.050164+00:00,2026-08-19T06:19:58.725311+00:00
4,20,Saliba,1,DEF,52,1.0344,1.8133,0.28,0.1584,0.2731,0.0036,1,2,90,1,2026-08-19T06:18:50.050164+00:00,2026-08-19T06:19:58.725311+00:00
4,22,Smith Rowe,1,MID,54,0.756,1.4413,0.18,0.1804,0.1818,0.0016,1,0,0,0,2026-08-19T06:18:50.050164+00:00,2026-08-19T06:19:58.725311+00:00
4,24,Tierney,1,DEF,44,0,0,0.0,0.0,0.0,0,1,0,0,0,2026-08-19T06:18:50.050164+00:00,2026-08-19T06:19:58.725311+00:00
4,25,Tomiyasu,1,DEF,45,0.502,1.2229,0.1,0.198,0.1088,0.0008,1,1,14,0,2026-08-19T06:18:50.050164+00:00,2026-08-19T06:19:58.725311+00:00
4,26,Trossard,1,MID,67,1.7756,2.2183,0.45,0.154,0.4308,0.0096,1,0,0,0,2026-08-19T06:18:50.050164+00:00,2026-08-19T06:19:58.725311+00:00
4,29,White,1,DEF,55,1.02,1.7456,0.28,0.2016,0.2765,0.0012,1,2,90,1,2026-08-19T06:18:50.050164+00:00,2026-08-19T06:19:58.725311+00:00
4,30,Xhaka,1,MID,60,0,0,0.0,0.0,0.0,0,1,0,0,0,2026-08-19T06:18:50.050164+00:00,2026-08-19T06:19:58.725311+00:00
4,31,Zinchenko,1,DEF,49,0.8256,1.7292,0.18,0.1804,0.1818,0.0028,1,2,75,1,2026-08-19T06:18:50.050164+00:00,2026-08-19T06:19:58.725311+00:00
4,113,Raya,1,GKP,48,3.97,2.5104,0.9,0.008,0.8376,0.0152,1,0,0,0,2026-08-19T06:18:50.050164+00:00,2026-08-19T06:19:58.725311+00:00
4,540,Rice,1,MID,54,1.0,1.6335,0.28,0.1584,0.2731,0.004,1,10,90,1,2026-08-19T06:18:50.050164+00:00,2026-08-19T06:19:58.725311+00:00
4,578,Nelson,1,MID,49,0.7684,1.4812,0.18,0.1804,0.1818,0.0024,1,1,1,0,2026-08-19T06:18:50.050164+00:00,2026-08-19T06:19:58.725311+00:00
4,585,J.Timber,1,DEF,48,0.7736,1.588,0.18,0.1804,0.1818,0.0016,1,0,0,0,2026-08-19T06:18:50.050164+00:00,2026-08-19T06:19:58.725311+00:00
4,646,Hein,1,GKP,40,0.1948,0.8711,0.04,0.0384,0.0403,0.0,1,0,0,0,2026-08-19T06:18:50.050164+00:00,2026-08-19T06:19:58.725311+00:00
4,735,Sagoe,1,MID,45,0,0,0.0,0.0,0.0,0,1,,,,2026-08-19T06:18:50.050164+00:00,
4,736,Walters,1,DEF,40,0.516,1.249,0.1,0.198,0.1088,0.0008,1,,,,2026-08-19T06:18:50.050164+00:00,
4,737,Ibrahim,1,MID,45,0,0,0.0,0.0,0.0,0,1,,,,2026-08-19T06:18:50.050164+00:00,
4,764,Lewis-Skelly,1,MID,45,0.4792,0.98,0.1,0.198,0.1088,0.0004,1,,,,2026-08-19T06:18:50.050164+00:00,
4,772,Nwaneri,1,MID,45,0.4336,0.9088,0.1,0.198,0.1088,0.0,1,,,,2026-08-19T06:18:50.050164+00:00,
4,815,Bandeira,1,MID,45,0.5248,1.0219,0.1,0.198,0.1088,0.0004,1,,,,2026-08-19T06:18:50.050164+00:00,
4,817,Sweet,1,DEF,40,0.5532,1.4173,0.1,0.198,0.1088,0.0028,1,,,,2026-08-19T06:18:50.050164+00:00,
4,32,Alex Moreno,2,DEF,50,0.8956,1.753,0.24,0.1672,0.2366,0.0044,1,0,0,0,2026-08-19T06:18:50.050164+00:00,2026-08-19T06:19:58.725311+00:00
4,34,Bailey,2,MID,55,1.462,1.8349,0.45,0.154,0.4308,0.004,1,1,46,1,2026-08-19T06:18:50.050164+00:00,2026-08-19T06:19:58.725311+00:00
4,35,Buendia,2,MID,58,0,0,0.0,0.0,0.0,0,1,0,0,0,2026-08-19T06:18:50.050164+00:00,2026-08-19T06:19:58.725311+00:00
4,36,Cash,2,DEF,46,0,0,0.0,0.0,0.0,0,1,-1,90,1,2026-08-19T06:18:50.050164+00:00,2026-08-19T06:19:58.725311+00:00
4,37,Chambers,2,DEF,40,0.71,1.4426,0.22,0.1716,0.2183,0.0008,1,0,0,0,2026-08-19T06:18:50.050164+00:00,2026-08-19T06:19:58.725311+00:00
4,38,Coutinho,2,MID,59,0,0,0.0,0.0,0.0,0,1,0,0,0,2026-08-19T06:18:50.050164+00:00,2026-08-19T06:19:58.725311+00:00
4,39,Davis,2,FWD,49,0,0,0.0,0.0,0.0,0,1,0,0,0,2026-08-19T06:18:50.050164+00:00,2026-08-19T06:19:58.725311+00:00
4,40,Dendoncker,2,MID,49,0,0,0.0,0.0,0.0,0,1,0,0,0,2026-08-19T06:18:50.050164+00:00,2026-08-19T06:19:58.725311+00:00
4,41,Diego Carlos,2,DEF,45,0.4528,1.114,0.1,0.198,0.1088,0.0,1,1,18,0,2026-08-19T06:18:50.050164+00:00,2026-08-19T06:19:58.725311+00:00
4,42,Digne,2,DEF,45,0.7636,1.4321,0.22,0.1716,0.2183,0.0004,1,1,90,1,2026-08-19T06:18:50.050164+00:00,2026-08-19T06:19:58.725311+00:00
4,43,Douglas Luiz,2,MID,54,1.2128,2.1529,0.28,0.1584,0.2731,0.0124,1,2,71,1,2026-08-19T06:18:50.050164+00:00,2026-08-19T06:19:58.725311+00:00
4,44,Duran,2,FWD,50,0.6784,1.266,0.18,0.1804,0.1818,0.002,1,1,17,0,2026-08-19T06:18:50.050164+00:00,2026-08-19T06:19:58.725311+00:00
4,45,Hause,2,DEF,40,0.4192,1.0338,0.1,0.198,0.1088,0.0,1,0,0,0,2026-08-19T06:18:50.050164+00:00,2026-08-19T06:19:58.725311+00:00
4,46,Iroegbunam,2,MID,44,0.4588,0.949,0.1,0.198,0.1088,0.0,1,0,0,0,2026-08-19T06:18:50.050164+00:00,2026-08-19T06:19:58.725311+00:00
4,47,Kamara,2,MID,50,0,0,0.0,0.0,0.0,0,1,1,90,1,2026-08-19T06:18:50.050164+00:00,2026-08-19T06:19:58.725311+00:00
4,48,Konsa,2,DEF,45,0.7264,1.4208,0.22,0.1716,0.2183,0.0008,1,1,90,1,2026-08-19T06:18:50.050164+00:00,2026-08-19T06:19:58.725311+00:00
4,49,Martinez,2,GKP,50,3.1944,2.2205,0.88,0.0096,0.8192,0.0028,1,1,90,1,2026-08-19T06:18:50.050164+00:00,2026-08-19T06:19:58.725311+00:00
4,50,McGinn,2,MID,55,1.0348,1.6058,0.28,0.2016,0.2765,0.0024,1,2,90,1,2026-08-19T06:18:50.050164+00:00,2026-08-19T06:19:58.725311+00:00
4,51,Mings,2,DEF,43,0,0,0.0,0.0,0.0,0,1,0,0,0,2026-08-19T06:18:50.050164+00:00,2026-08-19T06:19:58.725311+00:00
4,53,Olsen,2,GKP,40,0.1372,0.6445,0.04,0.0384,0.0403,0.0,1,0,0,0,2026-08-19T06:18:50.050164+00:00,2026-08-19T06:19:58.725311+00:00
4,54,Philogene,2,MID,45,0,0,0.0,0.0,0.0,0,1,0,0,0,2026-08-19T06:18:50.050164+00:00,2026-08-19T06:19:58.725311+00:00
4,55,J.Ramsey,2,MID,59,0,0,0.0,0.0,0.0,0,1,0,0,0,2026-08-19T06:18:50.050164+00:00,2026-08-19T06:19:58.725311+00:00
4,56,Sanson,2,MID,45,0,0,0.0,0.0,0.0,0,1,0,0,0,2026-08-19T06:18:50.050164+00:00,2026-08-19T06:19:58.725311+00:00
4,57,Sinisalo,2,GKP,40,0,0,0.0,0.0,0.0,0,1,0,0,0,2026-08-19T06:18:50.050164+00:00,2026-08-19T06:19:58.725311+00:00
4,58,Tielemans,2,MID,59,0,0,0.0,0.0,0.0,0,1,1,18,0,2026-08-19T06:18:50.050164+00:00,2026-08-19T06:19:58.725311+00:00
4,59,Bertrand Traoré,2,MID,50,0,0,0.0,0.0,0.0,0,1,0,0,0,2026-08-19T06:18:50.050164+00:00,2026-08-19T06:19:58.725311+00:00
4,60,Watkins,2,FWD,80,1.0824,1.7479,0.28,0.2016,0.2765,0.006,1,2,72,1,2026-08-19T06:18:50.050164+00:00,2026-08-19T06:19:58.725311+00:00
4,61,Wesley,2,FWD,50,0,0,0.0,0.0,0.0,0,1,0,0,0,2026-08-19T06:18:50.050164+00:00,2026-08-19T06:19:58.725311+00:00
4,584,Pau,2,DEF,45,0.5072,1.1947,0.1,0.198,0.1088,0.0012,1,1,90,1,2026-08-19T06:18:50.050164+00:00,2026-08-19T06:19:58.725311+00:00
4,599,Diaby,2,MID,66,1.1032,1.7889,0.28,0.2016,0.2765,0.0048,1,2,90,1,2026-08-19T06:18:50.050164+00:00,2026-08-19T06:19:58.725311+00:00
4,618,Kellyman,2,MID,45,0.464,0.9454,0.1,0.198,0.1088,0.0,1,0,0,0,2026-08-19T06:18:50.050164+00:00,2026-08-19T06:19:58.725311+00:00
4,670,Marschall,2,GKP,40,0,0,0.0,0.0,0.0,0,1,0,0,0,2026-08-19T06:18:50.050164+00:00,2026-08-19T06:19:58.725311+00:00
4,672,Zaniolo,2,MID,55,0,0,0.0,0.0,0.0,0,1,1,25,0,2026-08-19T06:18:50.050164+00:00,2026-08-19T06:19:58.725311+00:00
4,686,Zych,2,GKP,40,0,0,0.0,0.0,0.0,0,1,0,0,0,2026-08-19T06:18:50.050164+00:00,2026-08-19T06:19:58.725311+00:00
4,699,Lenglet,2,DEF,45,0.732,1.4839,0.22,0.1404,0.2158,0.0012,1,0,0,0,2026-08-19T06:18:50.050164+00:00,2026-08-19T06:19:58.725311+00:00
4,765,Proctor,2,GKP,40,0.1764,0.8025,0.04,0.0384,0.0403,0.0,1,,,,2026-08-19T06:18:50.050164+00:00,
4,767,O'Reilly,2,MID,45,0,0,0.0,0.0,0.0,0,1,,,,2026-08-19T06:18:50.050164+00:00,
4,778,Wright,2,GKP,40,0.1416,0.6706,0.04,0.0384,0.0403,0.0,1,,,,2026-08-19T06:18:50.050164+00:00,
4,793,Kesler-Hayden,2,DEF,40,0.466,1.1145,0.1,0.198,0.1088,0.0004,1,,,,2026-08-19T06:18:50.050164+00:00,
4,803,Rogers,2,MID,50,0,0,0.0,0.0,0.0,0,1,,,,2026-08-19T06:18:50.050164+00:00,
4,818,Gauci,2,GKP,39,0.1692,0.751,0.04,0.0384,0.0403,0.0,1,,,,2026-08-19T06:18:50.050164+00:00,
4,854,Munroe,2,DEF,40,0.4912,1.1395,0.1,0.198,0.1088,0.0004,1,,,,2026-08-19T06:18:50.050164+00:00,
4,865,Young,2,MID,45,0.4764,0.9848,0.1,0.198,0.1088,0.0004,1,,,,2026-08-19T06:18:50.050164+00:00,
4,866,Emery,2,GKP,40,0.1796,0.8127,0.04,0.0384,0.0403,0.0,1,,,,2026-08-19T06:18:50.050164+00:00,
4,62,Anthony,3,MID,49,0,0,0.0,0.0,0.0,0,1,0,0,0,2026-08-19T06:18:50.050164+00:00,2026-08-19T06:19:58.725311+00:00
4,63,Billing,3,MID,54,0.9332,1.5129,0.28,0.1584,0.2731,0.002,1,2,90,1,2026-08-19T06:18:50.050164+00:00,2026-08-19T06:19:58.725311+00:00
4,64,Brooks,3,MID,49,0,0,0.0,0.0,0.0,0,1,8,30,0,2026-08-19T06:18:50.050164+00:00,2026-08-19T06:19:58.725311+00:00
4,65,Christie,3,MID,50,0.8552,1.2988,0.28,0.1584,0.2731,0.0,1,2,86,1,2026-08-19T06:18:50.050164+00:00,2026-08-19T06:19:58.725311+00:00
4,66,L.Cook,3,MID,50,0.6788,1.2206,0.18,0.1804,0.1818,0.0004,1,2,90,1,2026-08-19T06:18:50.050164+00:00,2026-08-19T06:19:58.725311+00:00
4,67,Siriki,3,MID,45,0,0,0.0,0.0,0.0,0,1,0,0,0,2026-08-19T06:18:50.050164+00:00,2026-08-19T06:19:58.725311+00:00
4,68,Fredericks,3,DEF,44,0,0,0.0,0.0,0.0,0,1,0,0,0,2026-08-19T06:18:50.050164+00:00,2026-08-19T06:19:58.725311+00:00
4,69,Hill,3,DEF,40,0.4724,1.1388,0.1,0.198,0.1088,0.0004,1,0,0,0,2026-08-19T06:18:50.050164+00:00,2026-08-19T06:19:58.725311+00:00
4,70,Kelly,3,DEF,45,0.4476,1.0806,0.1,0.198,0.1088,0.0008,1,0,0,0,2026-08-19T06:18:50.050164+00:00,2026-08-19T06:19:58.725311+00:00
4,71,Kilkenny,3,MID,44,0,0,0.0,0.0,0.0,0,1,0,0,0,2026-08-19T06:18:50.050164+00:00,2026-08-19T06:19:58.725311+00:00
4,72,Kluivert,3,MID,49,0.6632,1.1692,0.18,0.1804,0.1818,0.0004,1,2,70,1,2026-08-19T06:18:50.050164+00:00,2026-08-19T06:19:58.725311+00:00
4,73,Lowe,3,MID,49,0,0,0.0,0.0,0.0,0,1,0,0,0,2026-08-19T06:18:50.050164+00:00,2026-08-19T06:19:58.725311+00:00
4,74,Marcondes,3,MID,44,0,0,0.0,0.0,0.0,0,1,0,0,0,2026-08-19T06:18:50.050164+00:00,2026-08-19T06:19:58.725311+00:00
4,75,Mepham,3,DEF,44,0.3316,0.8392,0.05,0.209,0.0632,0.0,1,1,3,0,2026-08-19T06:18:50.050164+00:00,2026-08-19T06:19:58.725311+00:00
4,76,Moore,3,FWD,49,0,0,0.0,0.0,0.0,0,1,0,0,0,2026-08-19T06:18:50.050164+00:00,2026-08-19T06:19:58.725311+00:00
4,77,Neto,3,GKP,45,0.1992,0.8508,0.04,0.0384,0.0403,0.0004,1,1,90,1,2026-08-19T06:18:50.050164+00:00,2026-08-19T06:19:58.725311+00:00
4,78,O.Dango,3,MID,49,1.8792,2.3643,0.48,0.1144,0.4556,0.0096,1,0,0,0,2026-08-19T06:18:50.050164+00:00,2026-08-19T06:19:58.725311+00:00
4,79,Pearson,3,MID,45,0,0,0.0,0.0,0.0,0,1,0,0,0,2026-08-19T06:18:50.050164+00:00,2026-08-19T06:19:58.725311+00:00
4,80,Randolph,3,GKP,40,0.16,0.7453,0.04,0.0384,0.0403,0.0,1,0,0,0,2026-08-19T06:18:50.050164+00:00,2026-08-19T06:19:58.725311+00:00
4,81,Rothwell,3,MID,50,0,0,0.0,0.0,0.0,0,1,0,0,0,2026-08-19T06:18:50.050164+00:00,2026-08-19T06:19:58.725311+00:00
4,82,Semenyo,3,FWD,45,0.4476,0.9066,0.1,0.198,0.1088,0.0004,1,1,59,1,2026-08-19T06:18:50.050164+00:00,2026-08-19T06:19:58.725311+00:00
4,83,Senesi,3,DEF,44,0.44,1.0795,0.1,0.198,0.1088,0.0008,1,4,90,1,2026-08-19T06:18:50.050164+00:00,2026-08-19T06:19:58.725311+00:00
4,84,Smith,3,DEF,44,0.686,1.4202,0.22,0.1404,0.2158,0.0,1,0,0,0,2026-08-19T06:18:50.050164+00:00,2026-08-19T06:19:58.725311+00:00
4,85,Solanke,3,FWD,65,1.1988,1.9432,0.28,0.2016,0.2765,0.01,1,7,90,1,2026-08-19T06:18:50.050164+00:00,2026-08-19T06:19:58.725311+00:00
4,86,Tavernier,3,MID,54,2.32,2.0796,0.68,0.0576,0.637,0.0052,1,4,19,0,2026-08-19T06:18:50.050164+00:00,2026-08-19T06:19:58.725311+00:00
4,87,Hamed Traorè,3,MID,49,0,0,0.0,0.0,0.0,0,1,0,0,0,2026-08-19T06:18:50.050164+00:00,2026-08-19T06:19:58.725311+00:00
4,88,Travers,3,GKP,40,2.8744,2.0704,0.88,0.0048,0.8188,0.0008,1,0,0,0,2026-08-19T06:18:50.050164+00:00,2026-08-19T06:19:58.725311+00:00
4,89,Zabarnyi,3,DEF,45,0.6984,1.3568,0.22,0.1716,0.2183,0.0004,1,1,90,1,2026-08-19T06:18:50.050164+00:00,2026-08-19T06:19:58.725311+00:00
4,595,Kerkez,3,DEF,45,0.7184,1.4068,0.22,0.1716,0.2183,0.0008,1,1,90,1,2026-08-19T06:18:50.050164+00:00,2026-08-19T06:19:58.725311+00:00
4,607,Radu,3,GKP,45,0.1476,0.7063,0.04,0.0384,0.0403,0.0,1,0,0,0,2026-08-19T06:18:50.050164+00:00,2026-08-19T06:19:58.725311+00:00
4,619,Greenwood,3,DEF,40,0,0,0.0,0.0,0.0,0,1,0,0,0,2026-08-19T06:18:50.050164+00:00,2026-08-19T06:19:58.725311+00:00
4,643,Aarons,3,DEF,45,0.7164,1.4017,0.22,0.1716,0.2183,0.0008,1,0,90,1,2026-08-19T06:18:50.050164+00:00,2026-08-19T06:19:58.725311+00:00
4,644,Scott,3,MID,50,0.6504,1.1544,0.18,0.1804,0.1818,0.0004,1,0,0,0,2026-08-19T06:18:50.050164+00:00,2026-08-19T06:19:58.725311+00:00
4,673,Adams,3,MID,50,1.8292,1.046,0.82,0.0324,0.7652,0.0,1,0,0,0,2026-08-19T06:18:50.050164+00:00,2026-08-19T06:19:58.725311+00:00
4,705,Sinisterra,3,MID,55,0,0,0.0,0.0,0.0,0,1,,,,2026-08-19T06:18:50.050164+00:00,
4,799,Faivre,3,MID,50,0.724,1.3338,0.18,0.1804,0.1818,0.0004,1,,,,2026-08-19T06:18:50.050164+00:00,
4,802,Kinsey,3,DEF,40,0.4856,1.0972,0.1,0.198,0.1088,0.0004,1,,,,2026-08-19T06:18:50.050164+00:00,
4,804,Enes Ünal,3,FWD,50,0.62,1.11,0.18,0.1804,0.1818,0.0008,1,,,,2026-08-19T06:18:50.050164+00:00,
4,811,Sadi,3,MID,45,0.4628,0.9074,0.1,0.198,0.1088,0.0,1,,,,2026-08-19T06:18:50.050164+00:00,
4,849,Dacosta Gonzalez,3,MID,45,0.472,0.9436,0.1,0.198,0.1088,0.0,1,,,,2026-08-19T06:18:50.050164+00:00,
4,855,McKenna,3,GKP,40,0.1636,0.7512,0.04,0.0384,0.0403,0.0,1,,,,2026-08-19T06:18:50.050164+00:00,
4,90,Ajer,4,DEF,45,0.5548,1.3268,0.1,0.198,0.1088,0.0008,1,1,9,0,2026-08-19T06:18:50.050164+00:00,2026-08-19T06:19:58.725311+00:00
4,91,Balcombe,4,GKP,40,0.168,0.8173,0.04,0.0384,0.0403,0.0,1,0,0,0,2026-08-19T06:18:50.050164+00:00,2026-08-19T06:19:58.725311+00:00
4,92,Baptiste,4,MID,45,0.4776,0.9631,0.1,0.198,0.1088,0.0004,1,0,0,0,2026-08-19T06:18:50.050164+00:00,2026-08-19T06:19:58.725311+00:00
4,93,Bech,4,DEF,40,0,0,0.0,0.0,0.0,0,1,0,0,0,2026-08-19T06:18:50.050164+00:00,2026-08-19T06:19:58.725311+00:00
4,94,Bidstrup,4,MID,45,0,0,0.0,0.0,0.0,0,1,0,0,0,2026-08-19T06:18:50.050164+00:00,2026-08-19T06:19:58.725311+00:00
4,95,Canós,4,MID,50,0,0,0.0,0.0,0.0,0,1,0,0,0,2026-08-19T06:18:50.050164+00:00,2026-08-19T06:19:58.725311+00:00
4,96,Collins,4,DEF,45,0.5188,1.2351,0.11,0.1958,0.118,0.0012,1,4,9,0,2026-08-19T06:18:50.050164+00:00,2026-08-19T06:19:58.725311+00:00
4,97,Cox,4,GKP,40,0,0,0.0,0.0,0.0,0,1,0,0,0,2026-08-19T06:18:50.050164+00:00,2026-08-19T06:19:58.725311+00:00
4,98,Damsgaard,4,MID,49,0.682,1.2633,0.18,0.1804,0.1818,0.0004,1,0,0,0,2026-08-19T06:18:50.050164+00:00,2026-08-19T06:19:58.725311+00:00
4,99,Dasilva,4,MID,49,0,0,0.0,0.0,0.0,0,1,0,0,0,2026-08-19T06:18:50.050164+00:00,2026-08-19T06:19:58.725311+00:00
4,100,Dervişoğlu,4,FWD,45,0,0,0.0,0.0,0.0,0,1,0,0,0,2026-08-19T06:18:50.050164+00:00,2026-08-19T06:19:58.725311+00:00
4,101,Flekken,4,GKP,45,3.2416,2.3387,0.88,0.0048,0.8188,0.0028,1,2,90,1,2026-08-19T06:18:50.050164+00:00,2026-08-19T06:19:58.725311+00:00
4,102,Goode,4,DEF,40,0,0,0.0,0.0,0.0,0,1,0,0,0,2026-08-19T06:18:50.050164+00:00,2026-08-19T06:19:58.725311+00:00
4,103,Henry,4,DEF,46,0,0,0.0,0.0,0.0,0,1,1,90,1,2026-08-19T06:18:50.050164+00:00,2026-08-19T06:19:58.725311+00:00
4,104,Hickey,4,DEF,45,0,0,0.0,0.0,0.0,0,1,1,81,1,2026-08-19T06:18:50.050164+00:00,2026-08-19T06:19:58.725311+00:00
4,105,Janelt,4,MID,55,1.038,1.5648,0.28,0.2016,0.2765,0.0012,1,2,70,1,2026-08-19T06:18:50.050164+00:00,2026-08-19T06:19:58.725311+00:00
4,106,Jensen,4,MID,54,0.9828,1.6404,0.28,0.1584,0.2731,0.0036,1,9,80,1,2026-08-19T06:18:50.050164+00:00,2026-08-19T06:19:58.725311+00:00
4,107,Lewis-Potter,4,MID,49,0.7076,1.3301,0.18,0.1804,0.1818,0.0016,1,1,19,0,2026-08-19T06:18:50.050164+00:00,2026-08-19T06:19:58.725311+00:00
4,108,Mbeumo,4,MID,68,1.5396,2.5665,0.28,0.2016,0.2765,0.0224,1,8,90,1,2026-08-19T06:18:50.050164+00:00,2026-08-19T06:19:58.725311+00:00
4,109,Mee,4,DEF,49,0,0,0.0,0.0,0.0,0,1,1,80,1,2026-08-19T06:18:50.050164+00:00,2026-08-19T06:19:58.725311+00:00
4,110,Nørgaard,4,MID,55,1.01,1.5591,0.28,0.2016,0.2765,0.0016,1,2,90,1,2026-08-19T06:18:50.050164+00:00,2026-08-19T06:19:58.725311+00:00
4,111,Onyeka,4,MID,49,0.4736,0.9972,0.09,0.2002,0.0997,0.0004,1,1,19,0,2026-08-19T06:18:50.050164+00:00,2026-08-19T06:19:58.725311+00:00
4,112,Pinnock,4,DEF,45,0.876,1.718,0.22,0.1716,0.2183,0.0024,1,1,90,1,2026-08-19T06:18:50.050164+00:00,2026-08-19T06:19:58.725311+00:00
4,114,Roerslev,4,DEF,45,0.5476,1.2951,0.1,0.198,0.1088,0.0012,1,0,0,0,2026-08-19T06:18:50.050164+00:00,2026-08-19T06:19:58.725311+00:00
4,115,Schade,4,MID,54,0.7568,1.4322,0.18,0.1804,0.1818,0.002,1,5,70,1,2026-08-19T06:18:50.050164+00:00,2026-08-19T06:19:58.725311+00:00
4,116,Strakosha,4,GKP,40,0.1636,0.767,0.04,0.0384,0.0403,0.0,1,0,0,0,2026-08-19T06:18:50.050164+00:00,2026-08-19T06:19:58.725311+00:00
4,117,Toney,4,FWD,79,4.1776,3.0136,0.9,0.018,0.8384,0.0616,1,0,0,0,2026-08-19T06:18:50.050164+00:00,2026-08-19T06:19:58.725311+00:00
4,118,Trevitt,4,MID,45,0,0,0.0,0.0,0.0,0,1,0,0,0,2026-08-19T06:18:50.050164+00:00,2026-08-19T06:19:58.725311+00:00
4,119,Wissa,4,FWD,62,1.1568,1.8569,0.28,0.2016,0.2765,0.0068,1,2,90,1,2026-08-19T06:18:50.050164+00:00,2026-08-19T06:19:58.725311+00:00
4,120,Yarmoliuk,4,MID,44,0.4976,1.0323,0.1,0.198,0.1088,0.0,1,0,0,0,2026-08-19T06:18:50.050164+00:00,2026-08-19T06:19:58.725311+00:00
4,121,Zanka,4,DEF,45,0.5208,1.2553,0.1,0.198,0.1088,0.0,1,0,0,0,2026-08-19T06:18:50.050164+00:00,2026-08-19T06:19:58.725311+00:00
4,258,Maupay,4,FWD,49,0.736,1.3902,0.18,0.1804,0.1818,0.0016,1,0,0,0,2026-08-19T06:18:50.050164+00:00,2026-08-19T06:19:58.725311+00:00
4,508,Reguilón,4,DEF,44,0.582,1.4,0.1,0.198,0.1088,0.0024,1,0,0,0,2026-08-19T06:18:50.050164+00:00,2026-08-19T06:19:58.725311+00:00
4,620,Olakigbe,4,MID,45,0,0,0.0,0.0,0.0,0,1,1,8,0,2026-08-19T06:18:50.050164+00:00,2026-08-19T06:19:58.725311+00:00
4,684,Brierley,4,MID,45,0.4924,1.053,0.1,0.198,0.1088,0.0012,1,0,0,0,2026-08-19T06:18:50.050164+00:00,2026-08-19T06:19:58.725311+00:00
4,701,Ghoddos,4,MID,45,0.494,1.0299,0.1,0.198,0.1088,0.0004,1,0,0,0,2026-08-19T06:18:50.050164+00:00,2026-08-19T06:19:58.725311+00:00
4,725,Kim Ji-Soo,4,DEF,40,0.5064,1.2342,0.1,0.198,0.1088,0.0008,1,,,,2026-08-19T06:18:50.050164+00:00,
4,733,Adedokun,4,DEF,40,0.512,1.207,0.1,0.198,0.1088,0.0008,1,,,,2026-08-19T06:18:50.050164+00:00,
4,744,Peart-Harris,4,MID,45,0,0,0.0,0.0,0.0,0,1,,,,2026-08-19T06:18:50.050164+00:00,
4,752,Angelini,4,GKP,40,0.1868,0.8199,0.04,0.0384,0.0403,0.0,1,,,,2026-08-19T06:18:50.050164+00:00,
4,789,Valdimarsson,4,GKP,40,0.1932,0.8608,0.04,0.0384,0.0403,0.0004,1,,,,2026-08-19T06:18:50.050164+00:00,
4,797,Fredrick,4,DEF,40,0.5216,1.2409,0.1,0.198,0.1088,0.0016,1,,,,2026-08-19T06:18:50.050164+00:00,
4,834,Arthur,4,DEF,40,0.5696,1.3277,0.1,0.198,0.1088,0.0008,1,,,,2026-08-19T06:18:50.050164+00:00,
4,864,Konak,4,MID,45,0.4712,0.9757,0.1,0.198,0.1088,0.0004,1,,,,2026-08-19T06:18:50.050164+00:00,
4,122,Adingra,5,MID,50,0.7008,1.3218,0.18,0.1804,0.1818,0.0008,1,1,1,0,2026-08-19T06:18:50.050164+00:00,2026-08-19T06:19:58.725311+00:00
4,123,Alzate,5,MID,44,0,0,0.0,0.0,0.0,0,1,0,0,0,2026-08-19T06:18:50.050164+00:00,2026-08-19T06:19:58.725311+00:00
4,124,Ayari,5,MID,45,0,0,0.0,0.0,0.0,0,1,0,0,0,2026-08-19T06:18:50.050164+00:00,2026-08-19T06:19:58.725311+00:00
4,125,Buonanotte,5,MID,49,1.036,1.6572,0.28,0.1584,0.2731,0.0012,1,0,0,0,2026-08-19T06:18:50.050164+00:00,2026-08-19T06:19:58.725311+00:00
4,127,Connolly,5,FWD,45,0,0,0.0,0.0,0.0,0,1,0,0,0,2026-08-19T06:18:50.050164+00:00,2026-08-19T06:19:58.725311+00:00
4,128,Dahoud,5,MID,49,0,0,0.0,0.0,0.0,0,1,0,13,0,2026-08-19T06:18:50.050164+00:00,2026-08-19T06:19:58.725311+00:00
4,129,Dunk,5,DEF,50,0,0,0.0,0.0,0.0,0,1,2,90,1,2026-08-19T06:18:50.050164+00:00,2026-08-19T06:19:58.725311+00:00
4,130,Enciso,5,MID,53,0.7324,1.3446,0.18,0.1804,0.1818,0.0004,1,0,0,0,2026-08-19T06:18:50.050164+00:00,2026-08-19T06:19:58.725311+00:00
4,131,Estupiñan,5,DEF,53,0,0,0.0,0.0,0.0,0,1,2,90,1,2026-08-19T06:18:50.050164+00:00,2026-08-19T06:19:58.725311+00:00
4,132,Ferguson,5,FWD,59,0,0,0.0,0.0,0.0,0,1,17,80,1,2026-08-19T06:18:50.050164+00:00,2026-08-19T06:19:58.725311+00:00
4,133,Gilmour,5,MID,50,0.7224,1.2836,0.18,0.1804,0.1818,0.0008,1,11,76,1,2026-08-19T06:18:50.050164+00:00,2026-08-19T06:19:58.725311+00:00
4,134,Gross,5,MID,64,1.2624,2.0435,0.28,0.2016,0.2765,0.0072,1,3,88,1,2026-08-19T06:18:50.050164+00:00,2026-08-19T06:19:58.725311+00:00
4,135,João Pedro,5,FWD,55,1.8124,2.4032,0.45,0.154,0.4308,0.0216,1,2,76,1,2026-08-19T06:18:50.050164+00:00,2026-08-19T06:19:58.725311+00:00
4,136,Karbownik,5,DEF,40,0,0,0.0,0.0,0.0,0,1,0,0,0,2026-08-19T06:18:50.050164+00:00,2026-08-19T06:19:58.725311+00:00
4,137,Kozłowski,5,MID,45,0,0,0.0,0.0,0.0,0,1,0,0,0,2026-08-19T06:18:50.050164+00:00,2026-08-19T06:19:58.725311+00:00
4,138,Lallana,5,MID,49,0.7332,1.3459,0.18,0.1804,0.1818,0.0012,1,0,9,0,2026-08-19T06:18:50.050164+00:00,2026-08-19T06:19:58.725311+00:00
4,139,Lamptey,5,DEF,39,0.8848,1.6947,0.22,0.1716,0.2183,0.0032,1,0,13,0,2026-08-19T06:18:50.050164+00:00,2026-08-19T06:19:58.725311+00:00
4,140,March,5,MID,66,0,0,0.0,0.0,0.0,0,1,3,80,1,2026-08-19T06:18:50.050164+00:00,2026-08-19T06:19:58.725311+00:00
4,141,McGill,5,GKP,40,0.1548,0.7199,0.04,0.0384,0.0403,0.0,1,0,0,0,2026-08-19T06:18:50.050164+00:00,2026-08-19T06:19:58.725311+00:00
4,142,Milner,5,MID,49,0,0,0.0,0.0,0.0,0,1,0,9,0,2026-08-19T06:18:50.050164+00:00,2026-08-19T06:19:58.725311+00:00
4,143,Mitoma,5,MID,66,0,0,0.0,0.0,0.0,0,1,5,90,1,2026-08-19T06:18:50.050164+00:00,2026-08-19T06:19:58.725311+00:00
4,144,Moder,5,MID,44,0.4776,0.9873,0.1,0.198,0.1088,0.0,1,0,0,0,2026-08-19T06:18:50.050164+00:00,2026-08-19T06:19:58.725311+00:00
4,146,Sarmiento,5,MID,45,0,0,0.0,0.0,0.0,0,1,0,0,0,2026-08-19T06:18:50.050164+00:00,2026-08-19T06:19:58.725311+00:00
4,147,Scherpen,5,GKP,40,0,0,0.0,0.0,0.0,0,1,0,0,0,2026-08-19T06:18:50.050164+00:00,2026-08-19T06:19:58.725311+00:00
4,148,Steele,5,GKP,45,3.1396,2.2901,0.88,0.0048,0.8188,0.002,1,0,0,0,2026-08-19T06:18:50.050164+00:00,2026-08-19T06:19:58.725311+00:00
4,149,Undav,5,FWD,55,0,0,0.0,0.0,0.0,0,1,0,0,0,2026-08-19T06:18:50.050164+00:00,2026-08-19T06:19:58.725311+00:00
4,150,Van Hecke,5,DEF,40,0,0,0.0,0.0,0.0,0,1,2,90,1,2026-08-19T06:18:50.050164+00:00,2026-08-19T06:19:58.725311+00:00
4,151,Veltman,5,DEF,44,0,0,0.0,0.0,0.0,0,1,2,90,1,2026-08-19T06:18:50.050164+00:00,2026-08-19T06:19:58.725311+00:00
4,152,Verbruggen,5,GKP,44,0.198,0.898,0.04,0.0384,0.0403,0.0,1,2,90,1,2026-08-19T06:18:50.050164+00:00,2026-08-19T06:19:58.725311+00:00
4,153,Webster,5,DEF,44,0.5212,1.2128,0.1,0.198,0.1088,0.0008,1,0,0,0,2026-08-19T06:18:50.050164+00:00,2026-08-19T06:19:58.725311+00:00
4,154,Welbeck,5,FWD,59,1.0048,1.6401,0.28,0.2016,0.2765,0.004,1,0,0,0,2026-08-19T06:18:50.050164+00:00,2026-08-19T06:19:58.725311+00:00
4,155,Zeqiri,5,FWD,44,0,0,0.0,0.0,0.0,0,1,0,0,0,2026-08-19T06:18:50.050164+00:00,2026-08-19T06:19:58.725311+00:00
4,606,Igor,5,DEF,44,0.5256,1.2647,0.1,0.198,0.1088,0.0008,1,0,0,0,2026-08-19T06:18:50.050164+00:00,2026-08-19T06:19:58.725311+00:00
4,621,Hinshelwood,5,MID,45,0,0,0.0,0.0,0.0,0,1,0,0,0,2026-08-19T06:18:50.050164+00:00,2026-08-19T06:19:58.725311+00:00
4,690,Baleba,5,MID,45,0.5,1.0147,0.1,0.198,0.1088,0.0004,1,0,0,0,2026-08-19T06:18:50.050164+00:00,2026-08-19T06:19:58.725311+00:00
4,700,Ansu Fati,5,MID,65,1.7692,2.2616,0.45,0.154,0.4308,0.0108,1,0,0,0,2026-08-19T06:18:50.050164+00:00,2026-08-19T06:19:58.725311+00:00
4,741,O’Mahony,5,FWD,45,0.4668,0.9665,0.1,0.198,0.1088,0.0008,1,,,,2026-08-19T06:18:50.050164+00:00,
4,742,Baker-Boaitey,5,MID,45,0.4576,0.9515,0.1,0.198,0.1088,0.0,1,,,,2026-08-19T06:18:50.050164+00:00,
4,746,Jackson,5,DEF,40,0.526,1.2714,0.1,0.198,0.1088,0.0008,1,,,,2026-08-19T06:18:50.050164+00:00,
4,747,Duffus,5,MID,44,0.4596,0.9537,0.1,0.198,0.1088,0.0,1,,,,2026-08-19T06:18:50.050164+00:00,
4,753,Kavanagh,5,DEF,40,0.5656,1.3963,0.1,0.198,0.1088,0.0028,1,,,,2026-08-19T06:18:50.050164+00:00,
4,755,Barrington,5,MID,45,0.4836,1.011,0.1,0.198,0.1088,0.0008,1,,,,2026-08-19T06:18:50.050164+00:00,
4,786,Peupion,5,MID,45,0.4768,0.9803,0.1,0.198,0.1088,0.0008,1,,,,2026-08-19T06:18:50.050164+00:00,
4,816,Barco,5,DEF,40,0.5116,1.2772,0.1,0.198,0.1088,0.0012,1,,,,2026-08-19T06:18:50.050164+00:00,
4,843,Chouchane,5,MID,45,0.4828,1.0205,0.1,0.198,0.1088,0.0,1,,,,2026-08-19T06:18:50.050164+00:00,
4,845,Offiah,5,DEF,40,0.5092,1.2218,0.1,0.198,0.1088,0.0004,1,,,,2026-08-19T06:18:50.050164+00:00,
4,861,Atom,5,DEF,40,0.5544,1.3108,0.1,0.198,0.1088,0.0012,1,,,,2026-08-19T06:18:50.050164+00:00,
4,156,Agyei,6,MID,44,0.4836,1.0078,0.1,0.198,0.1088,0.0,1,0,0,0,2026-08-19T06:18:50.050164+00:00,2026-08-19T06:19:58.725311+00:00
4,157,Al-Dakhil,6,DEF,40,0,0,0.0,0.0,0.0,0,1,0,90,1,2026-08-19T06:18:50.050164+00:00,2026-08-19T06:19:58.725311+00:00
4,158,Bastien,6,MID,49,0,0,0.0,0.0,0.0,0,1,0,0,0,2026-08-19T06:18:50.050164+00:00,2026-08-19T06:19:58.725311+00:00
4,159,Benson,6,MID,54,0.7304,1.347,0.18,0.1804,0.1818,0.0008,1,0,0,0,2026-08-19T06:18:50.050164+00:00,2026-08-19T06:19:58.725311+00:00
4,160,Beyer,6,DEF,40,0,0,0.0,0.0,0.0,0,1,-1,73,1,2026-08-19T06:18:50.050164+00:00,2026-08-19T06:19:58.725311+00:00
4,161,Brownhill,6,MID,49,0.7424,1.3726,0.18,0.1804,0.1818,0.0024,1,5,45,1,2026-08-19T06:18:50.050164+00:00,2026-08-19T06:19:58.725311+00:00
4,162,Churlinov,6,MID,44,0,0,0.0,0.0,0.0,0,1,0,0,0,2026-08-19T06:18:50.050164+00:00,2026-08-19T06:19:58.725311+00:00
4,163,Cork,6,MID,49,0.694,1.2551,0.18,0.1804,0.1818,0.0008,1,1,16,0,2026-08-19T06:18:50.050164+00:00,2026-08-19T06:19:58.725311+00:00
4,164,Costelloe,6,MID,45,0,0,0.0,0.0,0.0,0,1,0,0,0,2026-08-19T06:18:50.050164+00:00,2026-08-19T06:19:58.725311+00:00
4,165,Cullen,6,MID,50,0.7264,1.3337,0.18,0.1804,0.1818,0.002,1,5,90,1,2026-08-19T06:18:50.050164+00:00,2026-08-19T06:19:58.725311+00:00
4,166,Egan-Riley,6,DEF,40,0,0,0.0,0.0,0.0,0,1,0,0,0,2026-08-19T06:18:50.050164+00:00,2026-08-19T06:19:58.725311+00:00
4,167,Ekdal,6,DEF,40,0.5244,1.3205,0.1,0.198,0.1088,0.002,1,0,0,0,2026-08-19T06:18:50.050164+00:00,2026-08-19T06:19:58.725311+00:00
4,168,Foster,6,FWD,50,0.6532,1.2023,0.18,0.1804,0.1818,0.0004,1,6,90,1,2026-08-19T06:18:50.050164+00:00,2026-08-19T06:19:58.725311+00:00
4,169,Franchi,6,GKP,40,0,0,0.0,0.0,0.0,0,1,0,0,0,2026-08-19T06:18:50.050164+00:00,2026-08-19T06:19:58.725311+00:00
4,170,Gudmundsson,6,MID,49,0.7176,1.2611,0.18,0.1804,0.1818,0.0008,1,0,45,1,2026-08-19T06:18:50.050164+00:00,2026-08-19T06:19:58.725311+00:00
4,171,McNally,6,DEF,40,0,0,0.0,0.0,0.0,0,1,0,0,0,2026-08-19T06:18:50.050164+00:00,2026-08-19T06:19:58.725311+00:00
4,172,Muric,6,GKP,44,0.206,0.8966,0.04,0.0384,0.0403,0.0,1,0,0,0,2026-08-19T06:18:50.050164+00:00,2026-08-19T06:19:58.725311+00:00
4,173,O'Shea,6,DEF,45,0.4948,1.1569,0.1,0.198,0.1088,0.0008,1,0,90,1,2026-08-19T06:18:50.050164+00:00,2026-08-19T06:19:58.725311+00:00
4,174,Obafemi,6,FWD,49,0,0,0.0,0.0,0.0,0,1,0,0,0,2026-08-19T06:18:50.050164+00:00,2026-08-19T06:19:58.725311+00:00
4,175,Peacock-Farrell,6,GKP,40,0,0,0.0,0.0,0.0,0,1,0,0,0,2026-08-19T06:18:50.050164+00:00,2026-08-19T06:19:58.725311+00:00
4,176,Roberts,6,DEF,45,0,0,0.0,0.0,0.0,0,1,0,90,1,2026-08-19T06:18:50.050164+00:00,2026-08-19T06:19:58.725311+00:00
4,177,Rodriguez,6,FWD,54,0.7936,1.5651,0.18,0.1804,0.1818,0.0044,1,0,0,0,2026-08-19T06:18:50.050164+00:00,2026-08-19T06:19:58.725311+00:00
4,178,Taylor,6,DEF,40,0.5,1.1937,0.1,0.198,0.1088,0.0004,1,0,0,0,2026-08-19T06:18:50.050164+00:00,2026-08-19T06:19:58.725311+00:00
4,179,Thomas,6,DEF,40,0,0,0.0,0.0,0.0,0,1,0,0,0,2026-08-19T06:18:50.050164+00:00,2026-08-19T06:19:58.725311+00:00
4,180,Twine,6,MID,49,0,0,0.0,0.0,0.0,0,1,0,0,0,2026-08-19T06:18:50.050164+00:00,2026-08-19T06:19:58.725311+00:00
4,181,Vigouroux,6,GKP,40,0.1936,0.8743,0.04,0.0384,0.0403,0.0,1,0,0,0,2026-08-19T06:18:50.050164+00:00,2026-08-19T06:19:58.725311+00:00
4,182,Vitinho,6,DEF,45,0.5256,1.2376,0.1,0.198,0.1088,0.0012,1,0,0,0,2026-08-19T06:18:50.050164+00:00,2026-08-19T06:19:58.725311+00:00
4,183,Weghorst,6,FWD,55,0,0,0.0,0.0,0.0,0,1,0,0,0,2026-08-19T06:18:50.050164+00:00,2026-08-19T06:19:58.725311+00:00
4,184,Zaroury,6,MID,49,0,0,0.0,0.0,0.0,0,1,0,0,0,2026-08-19T06:18:50.050164+00:00,2026-08-19T06:19:58.725311+00:00
4,200,D.D.Fofana,6,FWD,50,0.7044,1.2747,0.18,0.1804,0.1818,0.0016,1,0,0,0,2026-08-19T06:18:50.050164+00:00,2026-08-19T06:19:58.725311+00:00
4,475,Berge,6,MID,49,0.6636,1.1892,0.18,0.1804,0.1818,0.0,1,1,45,1,2026-08-19T06:18:50.050164+00:00,2026-08-19T06:19:58.725311+00:00
4,594,Amdouni,6,FWD,55,1.3628,1.6349,0.45,0.154,0.4308,0.002,1,1,59,1,2026-08-19T06:18:50.050164+00:00,2026-08-19T06:19:58.725311+00:00
4,596,Trafford,6,GKP,45,3.424,2.2996,0.88,0.0048,0.8188,0.002,1,1,90,1,2026-08-19T06:18:50.050164+00:00,2026-08-19T06:19:58.725311+00:00
4,600,Redmond,6,MID,49,0,0,0.0,0.0,0.0,0,1,1,30,0,2026-08-19T06:18:50.050164+00:00,2026-08-19T06:19:58.725311+00:00
4,605,Koleosho,6,MID,50,0.4724,0.979,0.09,0.2002,0.0997,0.0,1,5,67,1,2026-08-19T06:18:50.050164+00:00,2026-08-19T06:19:58.725311+00:00
4,608,Bruun Larsen,6,MID,49,0.7024,1.2592,0.18,0.1804,0.1818,0.0008,1,1,22,0,2026-08-19T06:18:50.050164+00:00,2026-08-19T06:19:58.725311+00:00
4,622,Dodgson,6,DEF,40,0,0,0.0,0.0,0.0,0,1,0,0,0,2026-08-19T06:18:50.050164+00:00,2026-08-19T06:19:58.725311+00:00
4,660,Odobert,6,MID,50,0.7212,1.2807,0.18,0.1804,0.1818,0.0,1,0,0,0,2026-08-19T06:18:50.050164+00:00,2026-08-19T06:19:58.725311+00:00
4,674,Delcroix,6,DEF,40,0.5052,1.2391,0.1,0.198,0.1088,0.0012,1,-1,45,1,2026-08-19T06:18:50.050164+00:00,2026-08-19T06:19:58.725311+00:00
4,675,A.Ramsey,6,MID,50,0,0,0.0,0.0,0.0,0,1,0,0,0,2026-08-19T06:18:50.050164+00:00,2026-08-19T06:19:58.725311+00:00
4,694,Massengo,6,MID,50,0.7072,1.297,0.18,0.1804,0.1818,0.0012,1,0,0,0,2026-08-19T06:18:50.050164+00:00,2026-08-19T06:19:58.725311+00:00
4,706,M.Trésor,6,MID,52,0.7444,1.4252,0.18,0.1804,0.1818,0.0012,1,,,,2026-08-19T06:18:50.050164+00:00,
4,805,Assignon,6,DEF,40,0.5132,1.25,0.1,0.198,0.1088,0.0012,1,,,,2026-08-19T06:18:50.050164+00:00,
4,806,Estève,6,DEF,40,0.536,1.2733,0.1,0.198,0.1088,0.0004,1,,,,2026-08-19T06:18:50.050164+00:00,
4,126,Caicedo,7,MID,49,0.7072,1.3077,0.18,0.1804,0.1818,0.0012,1,2,76,1,2026-08-19T06:18:50.050164+00:00,2026-08-19T06:19:58.725311+00:00
4,145,Sanchez,7,GKP,45,0.1088,0.582,0.02,0.0392,0.0217,0.0,1,2,90,1,2026-08-19T06:18:50.050164+00:00,2026-08-19T06:19:58.725311+00:00
4,185,Ampadu,7,DEF,40,0,0,0.0,0.0,0.0,0,1,0,0,0,2026-08-19T06:18:50.050164+00:00,2026-08-19T06:19:58.725311+00:00
4,186,Andrey,7,MID,44,0,0,0.0,0.0,0.0,0,1,0,0,0,2026-08-19T06:18:50.050164+00:00,2026-08-19T06:19:58.725311+00:00
4,187,Arrizabalaga,7,GKP,50,0,0,0.0,0.0,0.0,0,1,0,0,0,2026-08-19T06:18:50.050164+00:00,2026-08-19T06:19:58.725311+00:00
4,188,Aubameyang,7,FWD,65,0,0,0.0,0.0,0.0,0,1,0,0,0,2026-08-19T06:18:50.050164+00:00,2026-08-19T06:19:58.725311+00:00
4,189,Azpilicueta,7,DEF,45,0,0,0.0,0.0,0.0,0,1,0,0,0,2026-08-19T06:18:50.050164+00:00,2026-08-19T06:19:58.725311+00:00
4,190,Baba,7,DEF,40,0,0,0.0,0.0,0.0,0,1,0,0,0,2026-08-19T06:18:50.050164+00:00,2026-08-19T06:19:58.725311+00:00
4,191,B.Badiashile,7,DEF,44,0.9332,1.8279,0.22,0.1716,0.2183,0.0036,1,0,0,0,2026-08-19T06:18:50.050164+00:00,2026-08-19T06:19:58.725311+00:00
4,192,Bettinelli,7,GKP,40,0.1668,0.76,0.04,0.0384,0.0403,0.0,1,0,0,0,2026-08-19T06:18:50.050164+00:00,2026-08-19T06:19:58.725311+00:00
4,194,Chalobah,7,DEF,43,0.8132,1.591,0.22,0.1404,0.2158,0.0012,1,0,0,0,2026-08-19T06:18:50.050164+00:00,2026-08-19T06:19:58.725311+00:00
4,195,Chilwell,7,DEF,58,1.324,2.2374,0.28,0.2016,0.2765,0.0096,1,1,61,1,2026-08-19T06:18:50.050164+00:00,2026-08-19T06:19:58.725311+00:00
4,196,Chukwuemeka,7,MID,44,0.4624,0.9074,0.1,0.198,0.1088,0.0,1,0,0,0,2026-08-19T06:18:50.050164+00:00,2026-08-19T06:19:58.725311+00:00
4,197,Colwill,7,DEF,45,0.8908,1.7154,0.22,0.1716,0.2183,0.0024,1,2,90,1,2026-08-19T06:18:50.050164+00:00,2026-08-19T06:19:58.725311+00:00
4,198,Cucurella,7,DEF,49,2.08,2.1862,0.68,0.0576,0.637,0.002,1,0,0,0,2026-08-19T06:18:50.050164+00:00,2026-08-19T06:19:58.725311+00:00
4,199,Enzo,7,MID,50,0,0,0.0,0.0,0.0,0,1,2,90,1,2026-08-19T06:18:50.050164+00:00,2026-08-19T06:19:58.725311+00:00
4,201,W.Fofana,7,DEF,44,0,0,0.0,0.0,0.0,0,1,0,0,0,2026-08-19T06:18:50.050164+00:00,2026-08-19T06:19:58.725311+00:00
4,202,Gallagher,7,MID,55,1.132,1.7922,0.28,0.2016,0.2765,0.0048,1,1,61,1,2026-08-19T06:18:50.050164+00:00,2026-08-19T06:19:58.725311+00:00
4,203,Gusto,7,DEF,41,0.5012,1.2021,0.1,0.198,0.1088,0.0004,1,2,76,1,2026-08-19T06:18:50.050164+00:00,2026-08-19T06:19:58.725311+00:00
4,206,James,7,DEF,54,0,0,0.0,0.0,0.0,0,1,0,0,0,2026-08-19T06:18:50.050164+00:00,2026-08-19T06:19:58.725311+00:00
4,207,Lukaku,7,FWD,68,0,0,0.0,0.0,0.0,0,1,0,0,0,2026-08-19T06:18:50.050164+00:00,2026-08-19T06:19:58.725311+00:00
4,208,Madueke,7,MID,54,0.7804,1.5188,0.18,0.1804,0.1818,0.0028,1,1,28,0,2026-08-19T06:18:50.050164+00:00,2026-08-19T06:19:58.725311+00:00
4,210,Mudryk,7,MID,64,0,0,0.0,0.0,0.0,0,1,1,13,0,2026-08-19T06:18:50.050164+00:00,2026-08-19T06:19:58.725311+00:00
4,211,N.Jackson,7,FWD,71,1.2836,2.1362,0.28,0.2016,0.2765,0.0124,1,1,90,1,2026-08-19T06:18:50.050164+00:00,2026-08-19T06:19:58.725311+00:00
4,212,Nkunku,7,FWD,74,2.338,2.2067,0.72,0.0784,0.6759,0.0124,1,0,0,0,2026-08-19T06:18:50.050164+00:00,2026-08-19T06:19:58.725311+00:00
4,213,Pulisic,7,MID,55,0,0,0.0,0.0,0.0,0,1,0,0,0,2026-08-19T06:18:50.050164+00:00,2026-08-19T06:19:58.725311+00:00
4,214,M.Sarr,7,DEF,45,0.5324,1.2958,0.1,0.198,0.1088,0.0016,1,0,0,0,2026-08-19T06:18:50.050164+00:00,2026-08-19T06:19:58.725311+00:00
4,215,Slonina,7,GKP,40,0,0,0.0,0.0,0.0,0,1,0,0,0,2026-08-19T06:18:50.050164+00:00,2026-08-19T06:19:58.725311+00:00
4,216,Sterling,7,MID,72,1.2736,2.0979,0.28,0.2016,0.2765,0.0096,1,2,90,1,2026-08-19T06:18:50.050164+00:00,2026-08-19T06:19:58.725311+00:00
4,217,T.Silva,7,DEF,50,1.04,1.8253,0.28,0.1584,0.2731,0.0024,1,2,90,1,2026-08-19T06:18:50.050164+00:00,2026-08-19T06:19:58.725311+00:00
4,218,Ziyech,7,MID,54,0,0,0.0,0.0,0.0,0,1,0,0,0,2026-08-19T06:18:50.050164+00:00,2026-08-19T06:19:58.725311+00:00
4,362,Palmer,7,MID,49,0.8316,1.6761,0.18,0.1804,0.1818,0.0036,1,1,28,0,2026-08-19T06:18:50.050164+00:00,2026-08-19T06:19:58.725311+00:00
4,589,Ângelo,7,MID,50,0,0,0.0,0.0,0.0,0,1,0,0,0,2026-08-19T06:18:50.050164+00:00,2026-08-19T06:19:58.725311+00:00
4,609,Maatsen,7,MID,53,0,0,0.0,0.0,0.0,0,1,1,13,0,2026-08-19T06:18:50.050164+00:00,2026-08-19T06:19:58.725311+00:00
4,611,Disasi,7,DEF,51,1.0608,1.8775,0.28,0.1584,0.2731,0.0036,1,2,90,1,2026-08-19T06:18:50.050164+00:00,2026-08-19T06:19:58.725311+00:00
4,613,Ugochukwu,7,MID,45,0.4748,0.975,0.1,0.198,0.1088,0.0,1,0,0,0,2026-08-19T06:18:50.050164+00:00,2026-08-19T06:19:58.725311+00:00
4,623,Burstow,7,FWD,45,0,0,0.0,0.0,0.0,0,1,0,0,0,2026-08-19T06:18:50.050164+00:00,2026-08-19T06:19:58.725311+00:00
4,659,Bergström,7,GKP,40,0,0,0.0,0.0,0.0,0,1,0,0,0,2026-08-19T06:18:50.050164+00:00,2026-08-19T06:19:58.725311+00:00
4,667,Lavia,7,MID,50,0,0,0.0,0.0,0.0,0,1,0,0,0,2026-08-19T06:18:50.050164+00:00,2026-08-19T06:19:58.725311+00:00
4,671,Humphreys,7,DEF,40,0,0,0.0,0.0,0.0,0,1,0,0,0,2026-08-19T06:18:50.050164+00:00,2026-08-19T06:19:58.725311+00:00
4,677,Deivid,7,FWD,45,0.4484,0.9392,0.1,0.198,0.1088,0.0004,1,0,0,0,2026-08-19T06:18:50.050164+00:00,2026-08-19T06:19:58.725311+00:00
4,680,Beach,7,GKP,40,0,0,0.0,0.0,0.0,0,1,0,0,0,2026-08-19T06:18:50.050164+00:00,2026-08-19T06:19:58.725311+00:00
4,681,Diego Moreira,7,MID,45,0.4724,0.9774,0.1,0.198,0.1088,0.0004,1,0,0,0,2026-08-19T06:18:50.050164+00:00,2026-08-19T06:19:58.725311+00:00
4,687,Petrović,7,GKP,45,3.08,2.2424,0.88,0.0048,0.8188,0.0004,1,0,0,0,2026-08-19T06:18:50.050164+00:00,2026-08-19T06:19:58.725311+00:00
4,716,Gilchrist,7,DEF,40,0.5396,1.2507,0.1,0.198,0.1088,0.0012,1,,,,2026-08-19T06:18:50.050164+00:00,
4,717,Stutter,7,FWD,45,0.428,0.8879,0.1,0.198,0.1088,0.0,1,,,,2026-08-19T06:18:50.050164+00:00,
4,718,Matos,7,MID,45,0,0,0.0,0.0,0.0,0,1,,,,2026-08-19T06:18:50.050164+00:00,
4,723,Brooking,7,DEF,40,0.5432,1.2643,0.1,0.198,0.1088,0.0012,1,,,,2026-08-19T06:18:50.050164+00:00,
4,758,Castledine,7,MID,45,0.4776,0.9865,0.1,0.198,0.1088,0.0004,1,,,,2026-08-19T06:18:50.050164+00:00,
4,791,Casadei,7,MID,45,0.4936,1.0229,0.1,0.198,0.1088,0.0,1,,,,2026-08-19T06:18:50.050164+00:00,
4,819,Samuels-Smith,7,DEF,40,0.532,1.2681,0.1,0.198,0.1088,0.0004,1,,,,2026-08-19T06:18:50.050164+00:00,
4,820,Harrison,7,MID,45,0.5164,1.0298,0.1,0.198,0.1088,0.0004,1,,,,2026-08-19T06:18:50.050164+00:00,
4,830,Tauriainen,7,MID,45,0.492,0.9587,0.1,0.198,0.1088,0.0,1,,,,2026-08-19T06:18:50.050164+00:00,
4,838,Acheampong,7,DEF,40,0.5428,1.28,0.1,0.198,0.1088,0.0012,1,,,,2026-08-19T06:18:50.050164+00:00,
4,847,Sharman-Lowe,7,GKP,40,0.1672,0.7544,0.04,0.0384,0.0403,0.0,1,,,,2026-08-19T06:18:50.050164+00:00,
4,851,George,7,FWD,45,0.46,0.9077,0.1,0.198,0.1088,0.0,1,,,,2026-08-19T06:18:50.050164+00:00,
4,852,Dyer,7,MID,45,0.5,1.0632,0.1,0.198,0.1088,0.0004,1,,,,2026-08-19T06:18:50.050164+00:00,
4,858,Curd,7,GKP,40,0.2068,0.8756,0.04,0.0384,0.0403,0.0,1,,,,2026-08-19T06:18:50.050164+00:00,
4,859,Sturge,7,DEF,40,0.5304,1.2397,0.1,0.198,0.1088,0.0008,1,,,,2026-08-19T06:18:50.050164+00:00,
4,7,Holding,8,DEF,44,0.5412,1.2797,0.11,0.1958,0.118,0.0016,1,0,0,0,2026-08-19T06:18:50.050164+00:00,2026-08-19T06:19:58.725311+00:00
4,219,Ahamada,8,MID,44,0.4776,1.0041,0.1,0.198,0.1088,0.0004,1,0,0,0,2026-08-19T06:18:50.050164+00:00,2026-08-19T06:19:58.725311+00:00
4,220,Andersen,8,DEF,46,1.0448,1.8871,0.28,0.1584,0.2731,0.0028,1,1,90,1,2026-08-19T06:18:50.050164+00:00,2026-08-19T06:19:58.725311+00:00
4,221,J.Ayew,8,MID,55,1.1044,1.659,0.28,0.2016,0.2765,0.002,1,2,90,1,2026-08-19T06:18:50.050164+00:00,2026-08-19T06:19:58.725311+00:00
4,222,Clyne,8,DEF,44,0.7968,1.5714,0.22,0.1404,0.2158,0.0,1,0,0,0,2026-08-19T06:18:50.050164+00:00,2026-08-19T06:19:58.725311+00:00
4,223,C.Doucouré,8,MID,50,0,0,0.0,0.0,0.0,0,1,2,90,1,2026-08-19T06:18:50.050164+00:00,2026-08-19T06:19:58.725311+00:00
4,224,Ebiowei,8,MID,45,0,0,0.0,0.0,0.0,0,1,0,0,0,2026-08-19T06:18:50.050164+00:00,2026-08-19T06:19:58.725311+00:00
4,225,Edouard,8,FWD,55,1.058,1.6411,0.28,0.2016,0.2765,0.006,1,13,89,1,2026-08-19T06:18:50.050164+00:00,2026-08-19T06:19:58.725311+00:00
4,226,Eze,8,MID,64,1.4968,2.6217,0.28,0.2016,0.2765,0.024,1,8,90,1,2026-08-19T06:18:50.050164+00:00,2026-08-19T06:19:58.725311+00:00
4,227,Guaita,8,GKP,44,0,0,0.0,0.0,0.0,0,1,0,0,0,2026-08-19T06:18:50.050164+00:00,2026-08-19T06:19:58.725311+00:00
4,228,Guéhi,8,DEF,45,0.8312,1.6666,0.22,0.1716,0.2183,0.002,1,1,90,1,2026-08-19T06:18:50.050164+00:00,2026-08-19T06:19:58.725311+00:00
4,229,Hughes,8,MID,49,0,0,0.0,0.0,0.0,0,1,1,1,0,2026-08-19T06:18:50.050164+00:00,2026-08-19T06:19:58.725311+00:00
4,230,Johnstone,8,GKP,45,0,0,0.0,0.0,0.0,0,1,1,90,1,2026-08-19T06:18:50.050164+00:00,2026-08-19T06:19:58.725311+00:00
4,231,Lerma,8,MID,49,0.9068,1.42,0.28,0.1584,0.2731,0.0008,1,2,90,1,2026-08-19T06:18:50.050164+00:00,2026-08-19T06:19:58.725311+00:00
4,232,Mateta,8,FWD,49,0.63,1.1182,0.18,0.1804,0.1818,0.0,1,7,19,0,2026-08-19T06:18:50.050164+00:00,2026-08-19T06:19:58.725311+00:00
4,233,Matthews,8,GKP,40,0.194,0.8451,0.04,0.0384,0.0403,0.0,1,0,0,0,2026-08-19T06:18:50.050164+00:00,2026-08-19T06:19:58.725311+00:00
4,234,Mitchell,8,DEF,45,0.864,1.6758,0.22,0.1716,0.2183,0.0028,1,4,90,1,2026-08-19T06:18:50.050164+00:00,2026-08-19T06:19:58.725311+00:00
4,235,O'Brien,8,DEF,40,0,0,0.0,0.0,0.0,0,1,0,0,0,2026-08-19T06:18:50.050164+00:00,2026-08-19T06:19:58.725311+00:00
4,236,Olise,8,MID,59,3.3228,2.1244,0.9,0.018,0.8384,0.0116,1,0,0,0,2026-08-19T06:18:50.050164+00:00,2026-08-19T06:19:58.725311+00:00
4,237,Plange,8,FWD,45,0,0,0.0,0.0,0.0,0,1,0,0,0,2026-08-19T06:18:50.050164+00:00,2026-08-19T06:19:58.725311+00:00
4,238,C.Richards,8,DEF,40,0.812,1.643,0.22,0.1716,0.2183,0.0028,1,0,0,0,2026-08-19T06:18:50.050164+00:00,2026-08-19T06:19:58.725311+00:00
4,239,Riedewald,8,MID,44,0.4844,0.985,0.1,0.198,0.1088,0.0,1,0,0,0,2026-08-19T06:18:50.050164+00:00,2026-08-19T06:19:58.725311+00:00
4,240,Schlupp,8,MID,50,0.9472,1.4463,0.28,0.1584,0.2731,0.0004,1,2,70,1,2026-08-19T06:18:50.050164+00:00,2026-08-19T06:19:58.725311+00:00
4,241,Tomkins,8,DEF,40,0.4832,1.174,0.1,0.198,0.1088,0.0004,1,0,0,0,2026-08-19T06:18:50.050164+00:00,2026-08-19T06:19:58.725311+00:00
4,242,Ward,8,DEF,45,0.8456,1.6051,0.22,0.1716,0.2183,0.002,1,0,90,1,2026-08-19T06:18:50.050164+00:00,2026-08-19T06:19:58.725311+00:00
4,243,Whitworth,8,GKP,40,0.1832,0.8497,0.04,0.0384,0.0403,0.0,1,0,0,0,2026-08-19T06:18:50.050164+00:00,2026-08-19T06:19:58.725311+00:00
4,385,Henderson,8,GKP,45,3.7208,2.4266,0.9,0.004,0.8373,0.0052,1,0,0,0,2026-08-19T06:18:50.050164+00:00,2026-08-19T06:19:58.725311+00:00
4,615,Matheus França,8,MID,50,0,0,0.0,0.0,0.0,0,1,0,0,0,2026-08-19T06:18:50.050164+00:00,2026-08-19T06:19:58.725311+00:00
4,657,Rak-Sakyi,8,MID,45,0.4836,1.0078,0.1,0.198,0.1088,0.0008,1,0,0,0,2026-08-19T06:18:50.050164+00:00,2026-08-19T06:19:58.725311+00:00
4,658,Gordon,8,FWD,45,0,0,0.0,0.0,0.0,0,1,0,0,0,2026-08-19T06:18:50.050164+00:00,2026-08-19T06:19:58.725311+00:00
4,720,Ola-Adebomi,8,FWD,45,0,0,0.0,0.0,0.0,0,1,,,,2026-08-19T06:18:50.050164+00:00,
4,721,Ozoh,8,MID,45,0.5044,1.0024,0.1,0.198,0.1088,0.0,1,,,,2026-08-19T06:18:50.050164+00:00,
4,724,Raymond,8,MID,45,0.4784,1.0317,0.1,0.198,0.1088,0.0008,1,,,,2026-08-19T06:18:50.050164+00:00,
4,763,Adaramola,8,DEF,40,0,0,0.0,0.0,0.0,0,1,,,,2026-08-19T06:18:50.050164+00:00,
4,792,Muñoz,8,DEF,45,0.5092,1.207,0.1,0.198,0.1088,0.0004,1,,,,2026-08-19T06:18:50.050164+00:00,
4,807,Wharton,8,MID,50,0.7124,1.3072,0.18,0.1804,0.1818,0.0,1,,,,2026-08-19T06:18:50.050164+00:00,
4,821,Umeh-Chibueze,8,FWD,45,0.4408,0.959,0.1,0.198,0.1088,0.0,1,,,,2026-08-19T06:18:50.050164+00:00,
4,825,Rodney,8,MID,45,0.48,1.022,0.1,0.198,0.1088,0.0004,1,,,,2026-08-19T06:18:50.050164+00:00,
4,842,Mathurin,8,MID,44,0.4784,0.9848,0.1,0.198,0.1088,0.0,1,,,,2026-08-19T06:18:50.050164+00:00,
4,244,André Gomes,9,MID,44,0.326,0.7238,0.05,0.209,0.0632,0.0,1,0,0,0,2026-08-19T06:18:50.050164+00:00,2026-08-19T06:19:58.725311+00:00
4,245,Branthwaite,9,DEF,40,0.4692,1.1689,0.1,0.198,0.1088,0.0004,1,0,90,1,2026-08-19T06:18:50.050164+00:00,2026-08-19T06:19:58.725311+00:00
4,246,Calvert-Lewin,9,FWD,58,1.6016,2.0507,0.45,0.154,0.4308,0.0108,1,0,0,0,2026-08-19T06:18:50.050164+00:00,2026-08-19T06:19:58.725311+00:00
4,247,Coleman,9,DEF,44,0.7612,1.4536,0.22,0.1404,0.2158,0.0008,1,0,0,0,2026-08-19T06:18:50.050164+00:00,2026-08-19T06:19:58.725311+00:00
4,248,Dele,9,MID,49,0,0,0.0,0.0,0.0,0,1,0,0,0,2026-08-19T06:18:50.050164+00:00,2026-08-19T06:19:58.725311+00:00
4,249,A.Doucoure,9,MID,55,1.0864,1.7063,0.28,0.2016,0.2765,0.0048,1,8,90,1,2026-08-19T06:18:50.050164+00:00,2026-08-19T06:19:58.725311+00:00
4,250,Garner,9,MID,50,0.902,1.3889,0.28,0.1584,0.2731,0.0,1,2,74,1,2026-08-19T06:18:50.050164+00:00,2026-08-19T06:19:58.725311+00:00
4,251,Gbamin,9,MID,44,0,0,0.0,0.0,0.0,0,1,0,0,0,2026-08-19T06:18:50.050164+00:00,2026-08-19T06:19:58.725311+00:00
4,252,Godfrey,9,DEF,44,0.7756,1.6169,0.22,0.1716,0.2183,0.0032,1,1,1,0,2026-08-19T06:18:50.050164+00:00,2026-08-19T06:19:58.725311+00:00
4,253,Gray,9,MID,53,0,0,0.0,0.0,0.0,0,1,0,0,0,2026-08-19T06:18:50.050164+00:00,2026-08-19T06:19:58.725311+00:00
4,254,Gana,9,MID,49,0.8824,1.3129,0.28,0.1584,0.2731,0.0004,1,2,90,1,2026-08-19T06:18:50.050164+00:00,2026-08-19T06:19:58.725311+00:00
4,257,Keane,9,DEF,45,0.4552,1.0585,0.1,0.198,0.1088,0.0004,1,0,0,0,2026-08-19T06:18:50.050164+00:00,2026-08-19T06:19:58.725311+00:00
4,259,McNeil,9,MID,54,2.8332,2.1444,0.82,0.0324,0.7652,0.008,1,1,15,0,2026-08-19T06:18:50.050164+00:00,2026-08-19T06:19:58.725311+00:00
4,260,Mykolenko,9,DEF,44,0,0,0.0,0.0,0.0,0,1,0,0,0,2026-08-19T06:18:50.050164+00:00,2026-08-19T06:19:58.725311+00:00
4,261,Onana,9,MID,49,0.9024,1.3503,0.28,0.1584,0.2731,0.0004,1,2,90,1,2026-08-19T06:18:50.050164+00:00,2026-08-19T06:19:58.725311+00:00
4,262,Patterson,9,DEF,45,0,0,0.0,0.0,0.0,0,1,6,90,1,2026-08-19T06:18:50.050164+00:00,2026-08-19T06:19:58.725311+00:00
4,263,Pickford,9,GKP,45,2.4436,1.9745,0.88,0.0048,0.8188,0.0,1,1,90,1,2026-08-19T06:18:50.050164+00:00,2026-08-19T06:19:58.725311+00:00
4,264,Simms,9,FWD,45,0,0,0.0,0.0,0.0,0,1,0,0,0,2026-08-19T06:18:50.050164+00:00,2026-08-19T06:19:58.725311+00:00
4,265,Tarkowski,9,DEF,45,0.7556,1.5076,0.22,0.1716,0.2183,0.0028,1,1,90,1,2026-08-19T06:18:50.050164+00:00,2026-08-19T06:19:58.725311+00:00
4,266,J.Virginia,9,GKP,40,0.1764,0.7782,0.04,0.0384,0.0403,0.0,1,0,0,0,2026-08-19T06:18:50.050164+00:00,2026-08-19T06:19:58.725311+00:00
4,579,Lonergan,9,GKP,40,0.1516,0.7376,0.04,0.0384,0.0403,0.0,1,0,0,0,2026-08-19T06:18:50.050164+00:00,2026-08-19T06:19:58.725311+00:00
4,588,Young,9,DEF,45,0.7924,1.4891,0.22,0.1716,0.2183,0.0008,1,1,90,1,2026-08-19T06:18:50.050164+00:00,2026-08-19T06:19:58.725311+00:00
4,601,Danjuma,9,MID,55,1.418,1.7292,0.45,0.154,0.4308,0.002,1,7,90,1,2026-08-19T06:18:50.050164+00:00,2026-08-19T06:19:58.725311+00:00
4,624,Dobbin,9,MID,45,0.422,0.81,0.1,0.198,0.1088,0.0,1,0,0,0,2026-08-19T06:18:50.050164+00:00,2026-08-19T06:19:58.725311+00:00
4,645,Y. Chermiti,9,FWD,50,0.6524,1.1839,0.18,0.1804,0.1818,0.0008,1,0,0,0,2026-08-19T06:18:50.050164+00:00,2026-08-19T06:19:58.725311+00:00
4,649,Cannon,9,FWD,45,0,0,0.0,0.0,0.0,0,1,0,0,0,2026-08-19T06:18:50.050164+00:00,2026-08-19T06:19:58.725311+00:00
4,650,Onyango,9,MID,45,0.442,0.8739,0.1,0.198,0.1088,0.0,1,0,0,0,2026-08-19T06:18:50.050164+00:00,2026-08-19T06:19:58.725311+00:00
4,661,Harrison,9,MID,55,0,0,0.0,0.0,0.0,0,1,0,0,0,2026-08-19T06:18:50.050164+00:00,2026-08-19T06:19:58.725311+00:00
4,691,Beto,9,FWD,60,1.33,1.6625,0.45,0.154,0.4308,0.0036,1,2,90,1,2026-08-19T06:18:50.050164+00:00,2026-08-19T06:19:58.725311+00:00
4,719,Hunt,9,MID,45,0.468,0.9349,0.1,0.198,0.1088,0.0,1,,,,2026-08-19T06:18:50.050164+00:00,
4,760,Metcalfe,9,MID,45,0.4672,0.9565,0.1,0.198,0.1088,0.0,1,,,,2026-08-19T06:18:50.050164+00:00,
4,761,Campbell,9,DEF,40,0,0,0.0,0.0,0.0,0,1,,,,2026-08-19T06:18:50.050164+00:00,
4,841,Warrington,9,MID,45,0.4568,0.8656,0.1,0.198,0.1088,0.0,1,,,,2026-08-19T06:18:50.050164+00:00,
4,863,Crellin,9,GKP,40,0.1468,0.6956,0.04,0.0384,0.0403,0.0,1,,,,2026-08-19T06:18:50.050164+00:00,
4,193,Broja,10,FWD,49,0.6064,1.0932,0.18,0.1804,0.1818,0.0,1,0,0,0,2026-08-19T06:18:50.050164+00:00,2026-08-19T06:19:58.725311+00:00
4,256,Iwobi,10,MID,54,0.732,1.3782,0.18,0.1804,0.1818,0.0028,1,0,0,0,2026-08-19T06:18:50.050164+00:00,2026-08-19T06:19:58.725311+00:00
4,267,Andreas,10,MID,55,1.4512,1.6709,0.45,0.154,0.4308,0.0012,1,1,90,1,2026-08-19T06:18:50.050164+00:00,2026-08-19T06:19:58.725311+00:00
4,268,Cairney,10,MID,50,0.6548,1.1521,0.18,0.1804,0.1818,0.0004,1,1,15,0,2026-08-19T06:18:50.050164+00:00,2026-08-19T06:19:58.725311+00:00
4,269,I.Cavaleiro,10,MID,50,0,0,0.0,0.0,0.0,0,1,0,0,0,2026-08-19T06:18:50.050164+00:00,2026-08-19T06:19:58.725311+00:00
4,270,De Cordova-Reid,10,MID,55,1.5188,1.9314,0.45,0.154,0.4308,0.0044,1,4,72,1,2026-08-19T06:18:50.050164+00:00,2026-08-19T06:19:58.725311+00:00
4,271,Diop,10,DEF,45,0.7252,1.4445,0.22,0.1716,0.2183,0.0004,1,-1,90,1,2026-08-19T06:18:50.050164+00:00,2026-08-19T06:19:58.725311+00:00
4,272,Francois,10,MID,44,0,0,0.0,0.0,0.0,0,1,0,0,0,2026-08-19T06:18:50.050164+00:00,2026-08-19T06:19:58.725311+00:00
4,273,Knockaert,10,MID,44,0,0,0.0,0.0,0.0,0,1,0,0,0,2026-08-19T06:18:50.050164+00:00,2026-08-19T06:19:58.725311+00:00
4,274,Kongolo,10,DEF,40,0,0,0.0,0.0,0.0,0,1,0,0,0,2026-08-19T06:18:50.050164+00:00,2026-08-19T06:19:58.725311+00:00
4,275,Leno,10,GKP,45,3.9304,2.4428,0.88,0.0048,0.8188,0.0108,1,0,90,1,2026-08-19T06:18:50.050164+00:00,2026-08-19T06:19:58.725311+00:00
4,276,Lukić,10,MID,45,0,0,0.0,0.0,0.0,0,1,0,0,0,2026-08-19T06:18:50.050164+00:00,2026-08-19T06:19:58.725311+00:00
4,277,Mbabu,10,DEF,40,0,0,0.0,0.0,0.0,0,1,0,0,0,2026-08-19T06:18:50.050164+00:00,2026-08-19T06:19:58.725311+00:00
4,278,Mitrović,10,FWD,74,0,0,0.0,0.0,0.0,0,1,0,0,0,2026-08-19T06:18:50.050164+00:00,2026-08-19T06:19:58.725311+00:00
4,279,Muniz,10,FWD,44,0.4372,0.8962,0.1,0.198,0.1088,0.0,1,1,9,0,2026-08-19T06:18:50.050164+00:00,2026-08-19T06:19:58.725311+00:00
4,280,J.Palhinha,10,MID,50,0.674,1.2411,0.18,0.1804,0.1818,0.0012,1,0,0,0,2026-08-19T06:18:50.050164+00:00,2026-08-19T06:19:58.725311+00:00
4,281,Ream,10,DEF,45,0.4596,1.0655,0.1,0.198,0.1088,0.0008,1,7,90,1,2026-08-19T06:18:50.050164+00:00,2026-08-19T06:19:58.725311+00:00
4,282,Reed,10,MID,49,0.6232,1.114,0.18,0.1804,0.1818,0.0004,1,2,90,1,2026-08-19T06:18:50.050164+00:00,2026-08-19T06:19:58.725311+00:00
4,283,Robinson,10,DEF,45,0.7328,1.4288,0.22,0.1716,0.2183,0.0008,1,-1,90,1,2026-08-19T06:18:50.050164+00:00,2026-08-19T06:19:58.725311+00:00
4,284,Rodák,10,GKP,40,0.1628,0.7303,0.04,0.0384,0.0403,0.0,1,0,0,0,2026-08-19T06:18:50.050164+00:00,2026-08-19T06:19:58.725311+00:00
4,285,Tete,10,DEF,45,0.7304,1.4063,0.22,0.1716,0.2183,0.0004,1,0,72,1,2026-08-19T06:18:50.050164+00:00,2026-08-19T06:19:58.725311+00:00
4,286,Tosin,10,DEF,44,0.4664,1.117,0.1,0.198,0.1088,0.0008,1,0,0,0,2026-08-19T06:18:50.050164+00:00,2026-08-19T06:19:58.725311+00:00
4,287,Vinícius,10,FWD,49,0,0,0.0,0.0,0.0,0,1,0,0,0,2026-08-19T06:18:50.050164+00:00,2026-08-19T06:19:58.725311+00:00
4,288,Wilson,10,MID,54,0.9256,1.4825,0.28,0.1584,0.2731,0.002,1,2,80,1,2026-08-19T06:18:50.050164+00:00,2026-08-19T06:19:58.725311+00:00
4,558,Raúl,10,FWD,54,0.87,1.3536,0.28,0.1584,0.2731,0.0016,1,2,80,1,2026-08-19T06:18:50.050164+00:00,2026-08-19T06:19:58.725311+00:00
4,591,Willian,10,MID,53,0.8228,1.6313,0.18,0.1804,0.1818,0.0028,1,1,17,0,2026-08-19T06:18:50.050164+00:00,2026-08-19T06:19:58.725311+00:00
4,610,Bassey,10,DEF,45,0.4768,1.1305,0.1,0.198,0.1088,0.0008,1,0,0,0,2026-08-19T06:18:50.050164+00:00,2026-08-19T06:19:58.725311+00:00
4,625,De Fougerolles,10,DEF,40,0.4644,1.0942,0.1,0.198,0.1088,0.0004,1,0,0,0,2026-08-19T06:18:50.050164+00:00,2026-08-19T06:19:58.725311+00:00
4,651,Stansfield,10,FWD,45,0,0,0.0,0.0,0.0,0,1,0,0,0,2026-08-19T06:18:50.050164+00:00,2026-08-19T06:19:58.725311+00:00
4,652,Dibley-Dias,10,MID,45,0.4944,0.9541,0.1,0.198,0.1088,0.0,1,0,0,0,2026-08-19T06:18:50.050164+00:00,2026-08-19T06:19:58.725311+00:00
4,662,Adama,10,MID,50,0.6436,1.18,0.18,0.1804,0.1818,0.0008,1,1,9,0,2026-08-19T06:18:50.050164+00:00,2026-08-19T06:19:58.725311+00:00
4,683,Harris,10,MID,45,0,0,0.0,0.0,0.0,0,1,2,74,1,2026-08-19T06:18:50.050164+00:00,2026-08-19T06:19:58.725311+00:00
4,688,Castagne,10,DEF,45,0.7992,1.5826,0.22,0.1404,0.2158,0.0012,1,1,17,0,2026-08-19T06:18:50.050164+00:00,2026-08-19T06:19:58.725311+00:00
4,692,Benda,10,GKP,40,0.1776,0.8044,0.04,0.0384,0.0403,0.0,1,0,0,0,2026-08-19T06:18:50.050164+00:00,2026-08-19T06:19:58.725311+00:00
4,707,Ballo-Touré,10,DEF,45,0.4952,1.1792,0.1,0.198,0.1088,0.0004,1,,,,2026-08-19T06:18:50.050164+00:00,
4,732,Tanton,10,DEF,40,0.4708,1.115,0.1,0.198,0.1088,0.0004,1,,,,2026-08-19T06:18:50.050164+00:00,
4,796,Sekularac,10,MID,44,0.4736,0.9542,0.1,0.198,0.1088,0.0004,1,,,,2026-08-19T06:18:50.050164+00:00,
4,810,King,10,MID,45,0.4716,0.9571,0.1,0.198,0.1088,0.0,1,,,,2026-08-19T06:18:50.050164+00:00,
4,289,Adrián,11,GKP,40,0.172,0.7962,0.04,0.0384,0.0403,0.0,1,0,0,0,2026-08-19T06:18:50.050164+00:00,2026-08-19T06:19:58.725311+00:00
4,290,Alexander-Arnold,11,DEF,79,1.22,2.1391,0.28,0.2016,0.2765,0.008,1,12,71,1,2026-08-19T06:18:50.050164+00:00,2026-08-19T06:19:58.725311+00:00
4,291,A.Becker,11,GKP,55,3.7528,2.4124,0.88,0.0096,0.8192,0.0044,1,8,90,1,2026-08-19T06:18:50.050164+00:00,2026-08-19T06:19:58.725311+00:00
4,292,Bajcetic,11,MID,49,0.9256,1.5825,0.28,0.1584,0.2731,0.0028,1,0,0,0,2026-08-19T06:18:50.050164+00:00,2026-08-19T06:19:58.725311+00:00
4,293,Darwin,11,FWD,73,2.4616,2.3999,0.72,0.0784,0.6759,0.0212,1,8,64,1,2026-08-19T06:18:50.050164+00:00,2026-08-19T06:19:58.725311+00:00
4,294,Diogo J.,11,MID,80,2.994,2.8974,0.72,0.0784,0.6759,0.0396,1,1,25,0,2026-08-19T06:18:50.050164+00:00,2026-08-19T06:19:58.725311+00:00
4,295,Elliott,11,MID,49,0.6732,1.2364,0.18,0.1804,0.1818,0.0012,1,1,26,0,2026-08-19T06:18:50.050164+00:00,2026-08-19T06:19:58.725311+00:00
4,296,Fabinho,11,MID,50,0,0,0.0,0.0,0.0,0,1,0,0,0,2026-08-19T06:18:50.050164+00:00,2026-08-19T06:19:58.725311+00:00
4,297,Gakpo,11,FWD,74,1.1308,1.8185,0.28,0.2016,0.2765,0.0048,1,1,25,0,2026-08-19T06:18:50.050164+00:00,2026-08-19T06:19:58.725311+00:00
4,298,Gomez,11,DEF,45,0.5392,1.2723,0.1,0.198,0.1088,0.0004,1,6,90,1,2026-08-19T06:18:50.050164+00:00,2026-08-19T06:19:58.725311+00:00
4,299,Henderson,11,MID,50,0,0,0.0,0.0,0.0,0,1,0,0,0,2026-08-19T06:18:50.050164+00:00,2026-08-19T06:19:58.725311+00:00
4,300,Jones,11,MID,49,0.7232,1.2931,0.18,0.1804,0.1818,0.0004,1,3,63,1,2026-08-19T06:18:50.050164+00:00,2026-08-19T06:19:58.725311+00:00
4,301,Kelleher,11,GKP,40,0.2096,0.9375,0.04,0.0384,0.0403,0.0004,1,0,0,0,2026-08-19T06:18:50.050164+00:00,2026-08-19T06:19:58.725311+00:00
4,302,Konaté,11,DEF,50,0.7804,1.5924,0.18,0.1804,0.1818,0.0012,1,0,0,0,2026-08-19T06:18:50.050164+00:00,2026-08-19T06:19:58.725311+00:00
4,303,Luis Díaz,11,MID,77,1.3132,2.2044,0.28,0.2016,0.2765,0.012,1,3,64,1,2026-08-19T06:18:50.050164+00:00,2026-08-19T06:19:58.725311+00:00
4,304,Mac Allister,11,MID,60,1.0656,1.7346,0.28,0.2016,0.2765,0.0044,1,3,86,1,2026-08-19T06:18:50.050164+00:00,2026-08-19T06:19:58.725311+00:00
4,305,Matip,11,DEF,49,0,0,0.0,0.0,0.0,0,1,6,90,1,2026-08-19T06:18:50.050164+00:00,2026-08-19T06:19:58.725311+00:00
4,306,Phillips,11,DEF,40,0,0,0.0,0.0,0.0,0,1,0,0,0,2026-08-19T06:18:50.050164+00:00,2026-08-19T06:19:58.725311+00:00
4,307,Robertson,11,DEF,65,1.1164,1.9115,0.28,0.2016,0.2765,0.0044,1,6,90,1,2026-08-19T06:18:50.050164+00:00,2026-08-19T06:19:58.725311+00:00
4,308,Salah,11,MID,125,1.7976,3.0245,0.28,0.2016,0.2765,0.0388,1,8,90,1,2026-08-19T06:18:50.050164+00:00,2026-08-19T06:19:58.725311+00:00
4,309,Szoboszlai,11,MID,70,1.2228,1.9913,0.28,0.2016,0.2765,0.0072,1,10,90,1,2026-08-19T06:18:50.050164+00:00,2026-08-19T06:19:58.725311+00:00
4,310,Thiago,11,MID,49,0.7764,1.2263,0.24,0.1672,0.2366,0.0004,1,0,0,0,2026-08-19T06:18:50.050164+00:00,2026-08-19T06:19:58.725311+00:00
4,311,Tsimikas,11,DEF,44,0.53,1.2378,0.1,0.198,0.1088,0.0004,1,0,0,0,2026-08-19T06:18:50.050164+00:00,2026-08-19T06:19:58.725311+00:00
4,312,Van den Berg,11,DEF,40,0,0,0.0,0.0,0.0,0,1,0,0,0,2026-08-19T06:18:50.050164+00:00,2026-08-19T06:19:58.725311+00:00
4,313,Virgil,11,DEF,60,1.092,1.8805,0.28,0.2016,0.2765,0.0024,1,0,0,0,2026-08-19T06:18:50.050164+00:00,2026-08-19T06:19:58.725311+00:00
4,626,Quansah,11,DEF,40,0.464,1.2072,0.1,0.198,0.1088,0.002,1,1,19,0,2026-08-19T06:18:50.050164+00:00,2026-08-19T06:19:58.725311+00:00
4,627,Clark,11,MID,45,0.444,0.9196,0.1,0.198,0.1088,0.0004,1,0,0,0,2026-08-19T06:18:50.050164+00:00,2026-08-19T06:19:58.725311+00:00
4,628,Doak,11,MID,45,0,0,0.0,0.0,0.0,0,1,0,0,0,2026-08-19T06:18:50.050164+00:00,2026-08-19T06:19:58.725311+00:00
4,629,McConnell,11,MID,45,0.4888,0.9991,0.1,0.198,0.1088,0.0004,1,0,0,0,2026-08-19T06:18:50.050164+00:00,2026-08-19T06:19:58.725311+00:00
4,668,Endo,11,MID,55,1.506,1.8681,0.45,0.154,0.4308,0.0056,1,1,3,0,2026-08-19T06:18:50.050164+00:00,2026-08-19T06:19:58.725311+00:00
4,708,Gravenberch,11,MID,50,0.7132,1.2817,0.18,0.1804,0.1818,0.0008,1,,,,2026-08-19T06:18:50.050164+00:00,
4,726,Chambers,11,DEF,40,0,0,0.0,0.0,0.0,0,1,,,,2026-08-19T06:18:50.050164+00:00,
4,728,Scanlon,11,DEF,39,0.542,1.2519,0.1,0.198,0.1088,0.0008,1,,,,2026-08-19T06:18:50.050164+00:00,
4,743,Nyoni,11,MID,45,0.4756,0.977,0.1,0.198,0.1088,0.0004,1,,,,2026-08-19T06:18:50.050164+00:00,
4,756,Pitaluga,11,GKP,40,0,0,0.0,0.0,0.0,0,1,,,,2026-08-19T06:18:50.050164+00:00,
4,757,Bradley,11,DEF,41,0.522,1.2444,0.1,0.198,0.1088,0.0008,1,,,,2026-08-19T06:18:50.050164+00:00,
4,782,Beck,11,DEF,45,0,0,0.0,0.0,0.0,0,1,,,,2026-08-19T06:18:50.050164+00:00,
4,783,Gordon,11,MID,45,0.48,0.98,0.1,0.198,0.1088,0.0,1,,,,2026-08-19T06:18:50.050164+00:00,
4,812,Koumas,11,FWD,45,0.4516,0.9381,0.1,0.198,0.1088,0.0004,1,,,,2026-08-19T06:18:50.050164+00:00,
4,813,Mrozek,11,GKP,40,0.156,0.7546,0.04,0.0384,0.0403,0.0,1,,,,2026-08-19T06:18:50.050164+00:00,
4,824,Danns,11,FWD,43,0.4592,0.9182,0.1,0.198,0.1088,0.0004,1,,,,2026-08-19T06:18:50.050164+00:00,
4,837,Nallo,11,DEF,40,0.4872,1.1524,0.1,0.198,0.1088,0.0004,1,,,,2026-08-19T06:18:50.050164+00:00,
4,21,Sambi,12,MID,49,0.8588,1.3265,0.28,0.1584,0.2731,0.0012,1,0,0,0,2026-08-19T06:18:50.050164+00:00,2026-08-19T06:19:58.725311+00:00
4,52,Nakamba,12,MID,45,0,0,0.0,0.0,0.0,0,1,1,90,1,2026-08-19T06:18:50.050164+00:00,2026-08-19T06:19:58.725311+00:00
4,314,Adebayo,12,FWD,49,0.648,1.1929,0.18,0.1804,0.1818,0.0008,1,2,70,1,2026-08-19T06:18:50.050164+00:00,2026-08-19T06:19:58.725311+00:00
4,315,Andersen,12,DEF,40,0.336,0.8334,0.05,0.209,0.0632,0.0,1,8,90,1,2026-08-19T06:18:50.050164+00:00,2026-08-19T06:19:58.725311+00:00
4,316,Bell,12,DEF,40,0,0,0.0,0.0,0.0,0,1,1,90,1,2026-08-19T06:18:50.050164+00:00,2026-08-19T06:19:58.725311+00:00
4,317,Berry,12,MID,49,0.7256,1.2914,0.18,0.1804,0.1818,0.0012,1,0,0,0,2026-08-19T06:18:50.050164+00:00,2026-08-19T06:19:58.725311+00:00
4,318,Burke,12,DEF,40,0,0,0.0,0.0,0.0,0,1,1,90,1,2026-08-19T06:18:50.050164+00:00,2026-08-19T06:19:58.725311+00:00
4,319,Campbell,12,MID,49,0,0,0.0,0.0,0.0,0,1,0,0,0,2026-08-19T06:18:50.050164+00:00,2026-08-19T06:19:58.725311+00:00
4,320,Clark,12,MID,49,0.712,1.2875,0.18,0.1804,0.1818,0.0008,1,0,0,0,2026-08-19T06:18:50.050164+00:00,2026-08-19T06:19:58.725311+00:00
4,321,Doughty,12,DEF,44,0.5432,1.3387,0.1,0.198,0.1088,0.0008,1,2,77,1,2026-08-19T06:18:50.050164+00:00,2026-08-19T06:19:58.725311+00:00
4,322,Freeman,12,MID,49,0,0,0.0,0.0,0.0,0,1,0,0,0,2026-08-19T06:18:50.050164+00:00,2026-08-19T06:19:58.725311+00:00
4,323,Macey,12,GKP,40,0,0,0.0,0.0,0.0,0,1,0,0,0,2026-08-19T06:18:50.050164+00:00,2026-08-19T06:19:58.725311+00:00
4,324,McAtee,12,FWD,45,0,0,0.0,0.0,0.0,0,1,0,0,0,2026-08-19T06:18:50.050164+00:00,2026-08-19T06:19:58.725311+00:00
4,325,Mendes,12,MID,45,0,0,0.0,0.0,0.0,0,1,0,0,0,2026-08-19T06:18:50.050164+00:00,2026-08-19T06:19:58.725311+00:00
4,326,Morris,12,FWD,55,1.7872,2.4002,0.45,0.154,0.4308,0.0212,1,5,90,1,2026-08-19T06:18:50.050164+00:00,2026-08-19T06:19:58.725311+00:00
4,327,Muskwe,12,FWD,45,0,0,0.0,0.0,0.0,0,1,0,0,0,2026-08-19T06:18:50.050164+00:00,2026-08-19T06:19:58.725311+00:00
4,328,Ogbene,12,FWD,49,0.6176,1.0965,0.18,0.1804,0.1818,0.0008,1,1,12,0,2026-08-19T06:18:50.050164+00:00,2026-08-19T06:19:58.725311+00:00
4,329,Onyedinma,12,MID,50,0.7636,1.4169,0.18,0.1804,0.1818,0.0016,1,0,0,0,2026-08-19T06:18:50.050164+00:00,2026-08-19T06:19:58.725311+00:00
4,330,Osho,12,DEF,45,0.512,1.2816,0.1,0.198,0.1088,0.002,1,0,0,0,2026-08-19T06:18:50.050164+00:00,2026-08-19T06:19:58.725311+00:00
4,331,Pepple,12,FWD,45,0,0,0.0,0.0,0.0,0,1,0,0,0,2026-08-19T06:18:50.050164+00:00,2026-08-19T06:19:58.725311+00:00
4,332,Pereira,12,MID,44,0,0,0.0,0.0,0.0,0,1,0,0,0,2026-08-19T06:18:50.050164+00:00,2026-08-19T06:19:58.725311+00:00
4,333,Potts,12,DEF,40,0.3616,0.9466,0.05,0.209,0.0632,0.0004,1,0,0,0,2026-08-19T06:18:50.050164+00:00,2026-08-19T06:19:58.725311+00:00
4,334,Rea,12,MID,44,0,0,0.0,0.0,0.0,0,1,0,0,0,2026-08-19T06:18:50.050164+00:00,2026-08-19T06:19:58.725311+00:00
4,335,Shea,12,GKP,45,0.1776,0.8294,0.04,0.0384,0.0403,0.0,1,0,0,0,2026-08-19T06:18:50.050164+00:00,2026-08-19T06:19:58.725311+00:00
4,336,Taylor,12,FWD,45,0,0,0.0,0.0,0.0,0,1,0,0,0,2026-08-19T06:18:50.050164+00:00,2026-08-19T06:19:58.725311+00:00
4,337,Thorpe,12,MID,45,0,0,0.0,0.0,0.0,0,1,0,0,0,2026-08-19T06:18:50.050164+00:00,2026-08-19T06:19:58.725311+00:00
4,338,Walton,12,GKP,40,0,0,0.0,0.0,0.0,0,1,0,0,0,2026-08-19T06:18:50.050164+00:00,2026-08-19T06:19:58.725311+00:00
4,339,Watson,12,MID,44,0,0,0.0,0.0,0.0,0,1,0,0,0,2026-08-19T06:18:50.050164+00:00,2026-08-19T06:19:58.725311+00:00
4,340,Woodrow,12,FWD,45,0.454,0.9214,0.1,0.198,0.1088,0.0,1,1,6,0,2026-08-19T06:18:50.050164+00:00,2026-08-19T06:19:58.725311+00:00
4,393,Mengi,12,DEF,39,0.4932,1.2245,0.1,0.198,0.1088,0.0008,1,0,0,0,2026-08-19T06:18:50.050164+00:00,2026-08-19T06:19:58.725311+00:00
4,553,Giles,12,DEF,45,0,0,0.0,0.0,0.0,0,1,2,70,1,2026-08-19T06:18:50.050164+00:00,2026-08-19T06:19:58.725311+00:00
4,575,Lockyer,12,DEF,44,0,0,0.0,0.0,0.0,0,1,0,0,0,2026-08-19T06:18:50.050164+00:00,2026-08-19T06:19:58.725311+00:00
4,582,Mpanzu,12,MID,49,0.658,1.2403,0.18,0.1804,0.1818,0.0008,1,1,19,0,2026-08-19T06:18:50.050164+00:00,2026-08-19T06:19:58.725311+00:00
4,586,Chong,12,MID,50,0.6892,1.234,0.18,0.1804,0.1818,0.0004,1,2,83,1,2026-08-19T06:18:50.050164+00:00,2026-08-19T06:19:58.725311+00:00
4,602,Kaboré,12,DEF,40,0,0,0.0,0.0,0.0,0,1,1,19,0,2026-08-19T06:18:50.050164+00:00,2026-08-19T06:19:58.725311+00:00
4,614,Kaminski,12,GKP,45,4.1016,2.487,0.88,0.0048,0.8188,0.0084,1,1,90,1,2026-08-19T06:18:50.050164+00:00,2026-08-19T06:19:58.725311+00:00
4,630,Barkley,12,MID,50,0,0,0.0,0.0,0.0,0,1,2,70,1,2026-08-19T06:18:50.050164+00:00,2026-08-19T06:19:58.725311+00:00
4,631,Brown,12,FWD,50,0,0,0.0,0.0,0.0,0,1,1,19,0,2026-08-19T06:18:50.050164+00:00,2026-08-19T06:19:58.725311+00:00
4,648,Francis-Clarke,12,DEF,40,0,0,0.0,0.0,0.0,0,1,0,0,0,2026-08-19T06:18:50.050164+00:00,2026-08-19T06:19:58.725311+00:00
4,665,Krul,12,GKP,45,0.1776,0.8009,0.04,0.0384,0.0403,0.0,1,0,0,0,2026-08-19T06:18:50.050164+00:00,2026-08-19T06:19:58.725311+00:00
4,682,Johnson,12,DEF,40,0.494,1.1521,0.1,0.198,0.1088,0.0004,1,0,0,0,2026-08-19T06:18:50.050164+00:00,2026-08-19T06:19:58.725311+00:00
4,727,Townsend,12,MID,50,0.6872,1.266,0.18,0.1804,0.1818,0.0004,1,,,,2026-08-19T06:18:50.050164+00:00,
4,729,Luker,12,MID,45,0,0,0.0,0.0,0.0,0,1,,,,2026-08-19T06:18:50.050164+00:00,
4,734,Nelson,12,MID,45,0.496,1.0155,0.1,0.198,0.1088,0.0,1,,,,2026-08-19T06:18:50.050164+00:00,
4,798,Hashioka,12,DEF,40,0.5772,1.3547,0.1,0.198,0.1088,0.0024,1,,,,2026-08-19T06:18:50.050164+00:00,
4,831,Piesold,12,MID,45,0.4708,0.9491,0.1,0.198,0.1088,0.0,1,,,,2026-08-19T06:18:50.050164+00:00,
4,839,Martins,12,MID,45,0.4876,0.9842,0.1,0.198,0.1088,0.0,1,,,,2026-08-19T06:18:50.050164+00:00,
4,844,Chigozie,12,DEF,40,0.5596,1.3245,0.1,0.198,0.1088,0.0012,1,,,,2026-08-19T06:18:50.050164+00:00,
4,848,Harris,12,FWD,45,0.4224,0.9114,0.1,0.198,0.1088,0.0004,1,,,,2026-08-19T06:18:50.050164+00:00,
4,341,Akanji,13,DEF,51,0.7972,1.6108,0.18,0.1804,0.1818,0.0012,1,2,90,1,2026-08-19T06:18:50.050164+00:00,2026-08-19T06:19:58.725311+00:00
4,342,Aké,13,DEF,51,0.7332,1.5401,0.18,0.1804,0.1818,0.0016,1,8,90,1,2026-08-19T06:18:50.050164+00:00,2026-08-19T06:19:58.725311+00:00
4,343,J.Alvarez,13,FWD,66,1.1232,1.8456,0.28,0.2016,0.2765,0.008,1,14,89,1,2026-08-19T06:18:50.050164+00:00,2026-08-19T06:19:58.725311+00:00
4,344,Bernardo,13,MID,64,1.692,2.119,0.45,0.154,0.4308,0.0064,1,0,14,0,2026-08-19T06:18:50.050164+00:00,2026-08-19T06:19:58.725311+00:00
4,345,Bobb,13,MID,44,0.4696,0.949,0.1,0.198,0.1088,0.0,1,1,1,0,2026-08-19T06:18:50.050164+00:00,2026-08-19T06:19:58.725311+00:00
4,346,Cancelo,13,DEF,58,0,0,0.0,0.0,0.0,0,1,0,0,0,2026-08-19T06:18:50.050164+00:00,2026-08-19T06:19:58.725311+00:00
4,347,Carson,13,GKP,40,0.1888,0.8313,0.04,0.0384,0.0403,0.0,1,0,0,0,2026-08-19T06:18:50.050164+00:00,2026-08-19T06:19:58.725311+00:00
4,348,Charles,13,MID,45,0,0,0.0,0.0,0.0,0,1,0,0,0,2026-08-19T06:18:50.050164+00:00,2026-08-19T06:19:58.725311+00:00
4,349,De Bruyne,13,MID,103,3.6352,3.4893,0.72,0.0784,0.6759,0.068,1,0,0,0,2026-08-19T06:18:50.050164+00:00,2026-08-19T06:19:58.725311+00:00
4,350,Rúben,13,DEF,55,1.628,2.2574,0.45,0.154,0.4308,0.0068,1,2,90,1,2026-08-19T06:18:50.050164+00:00,2026-08-19T06:19:58.725311+00:00
4,352,Ederson M.,13,GKP,56,0,0,0.0,0.0,0.0,0,1,3,90,1,2026-08-19T06:18:50.050164+00:00,2026-08-19T06:19:58.725311+00:00
4,353,Foden,13,MID,76,2.8888,2.7919,0.72,0.0784,0.6759,0.0332,1,5,89,1,2026-08-19T06:18:50.050164+00:00,2026-08-19T06:19:58.725311+00:00
4,354,Grealish,13,MID,74,2.6548,2.5215,0.72,0.0784,0.6759,0.0212,1,0,0,0,2026-08-19T06:18:50.050164+00:00,2026-08-19T06:19:58.725311+00:00
4,355,Haaland,13,FWD,140,1.9356,3.2485,0.28,0.2016,0.2765,0.058,1,20,90,1,2026-08-19T06:18:50.050164+00:00,2026-08-19T06:19:58.725311+00:00
4,356,Kovačić,13,MID,50,0.7712,1.3939,0.18,0.1804,0.1818,0.0012,1,2,83,1,2026-08-19T06:18:50.050164+00:00,2026-08-19T06:19:58.725311+00:00
4,357,Laporte,13,DEF,49,0,0,0.0,0.0,0.0,0,1,0,0,0,2026-08-19T06:18:50.050164+00:00,2026-08-19T06:19:58.725311+00:00
4,358,R.Lewis,13,DEF,45,0.5876,1.3902,0.1,0.198,0.1088,0.002,1,1,1,0,2026-08-19T06:18:50.050164+00:00,2026-08-19T06:19:58.725311+00:00
4,359,Mahrez,13,MID,75,0,0,0.0,0.0,0.0,0,1,0,0,0,2026-08-19T06:18:50.050164+00:00,2026-08-19T06:19:58.725311+00:00
4,361,Ortega Moreno,13,GKP,40,3.6256,2.4043,0.88,0.0048,0.8188,0.0044,1,0,0,0,2026-08-19T06:18:50.050164+00:00,2026-08-19T06:19:58.725311+00:00
4,363,Perrone,13,MID,44,0,0,0.0,0.0,0.0,0,1,0,0,0,2026-08-19T06:18:50.050164+00:00,2026-08-19T06:19:58.725311+00:00
4,365,Rodrigo,13,MID,57,1.1288,1.7408,0.28,0.2016,0.2765,0.0032,1,1,75,1,2026-08-19T06:18:50.050164+00:00,2026-08-19T06:19:58.725311+00:00
4,366,Sergio Gómez,13,DEF,39,0.8572,1.6865,0.22,0.1716,0.2183,0.0024,1,4,14,0,2026-08-19T06:18:50.050164+00:00,2026-08-19T06:19:58.725311+00:00
4,367,Steffen,13,GKP,40,0,0,0.0,0.0,0.0,0,1,0,0,0,2026-08-19T06:18:50.050164+00:00,2026-08-19T06:19:58.725311+00:00
4,368,Stones,13,DEF,53,2.6472,2.6608,0.68,0.0576,0.637,0.0116,1,0,0,0,2026-08-19T06:18:50.050164+00:00,2026-08-19T06:19:58.725311+00:00
4,369,Walker,13,DEF,52,1.0868,1.9773,0.28,0.1584,0.2731,0.0052,1,2,90,1,2026-08-19T06:18:50.050164+00:00,2026-08-19T06:19:58.725311+00:00
4,566,Matheus N.,13,MID,50,0.6948,1.275,0.18,0.1804,0.1818,0.0,1,0,0,0,2026-08-19T06:18:50.050164+00:00,2026-08-19T06:19:58.725311+00:00
4,616,Gvardiol,13,DEF,51,0.7628,1.6083,0.18,0.1804,0.1818,0.002,1,0,0,0,2026-08-19T06:18:50.050164+00:00,2026-08-19T06:19:58.725311+00:00
4,678,Doku,13,MID,65,1.7328,2.1713,0.45,0.154,0.4308,0.0092,1,2,75,1,2026-08-19T06:18:50.050164+00:00,2026-08-19T06:19:58.725311+00:00
4,762,Susoho,13,MID,45,0.4288,0.8766,0.1,0.198,0.1088,0.0,1,,,,2026-08-19T06:18:50.050164+00:00,
4,771,Hamilton,13,MID,45,0.4516,0.9377,0.1,0.198,0.1088,0.0008,1,,,,2026-08-19T06:18:50.050164+00:00,
4,814,Wright,13,MID,45,0.4548,0.9647,0.1,0.198,0.1088,0.0,1,,,,2026-08-19T06:18:50.050164+00:00,
4,209,Mount,14,MID,68,0.8992,1.5901,0.225,0.217,0.2266,0.0036,1,0,0,0,2026-08-19T06:18:50.050164+00:00,2026-08-19T06:19:58.725311+00:00
4,370,Alex Telles,14,DEF,45,0,0,0.0,0.0,0.0,0,1,0,0,0,2026-08-19T06:18:50.050164+00:00,2026-08-19T06:19:58.725311+00:00
4,371,Amad,14,MID,44,0.4632,0.9526,0.1,0.198,0.1088,0.0004,1,0,0,0,2026-08-19T06:18:50.050164+00:00,2026-08-19T06:19:58.725311+00:00
4,372,Antony,14,MID,69,1.1816,1.9367,0.28,0.2016,0.2765,0.0092,1,2,83,1,2026-08-19T06:18:50.050164+00:00,2026-08-19T06:19:58.725311+00:00
4,373,B.Fernandes,14,MID,85,1.4824,2.6073,0.28,0.2016,0.2765,0.0232,1,2,90,1,2026-08-19T06:18:50.050164+00:00,2026-08-19T06:19:58.725311+00:00
4,374,B.Williams,14,DEF,40,0,0,0.0,0.0,0.0,0,1,0,0,0,2026-08-19T06:18:50.050164+00:00,2026-08-19T06:19:58.725311+00:00
4,375,Bailly,14,DEF,40,0,0,0.0,0.0,0.0,0,1,0,0,0,2026-08-19T06:18:50.050164+00:00,2026-08-19T06:19:58.725311+00:00
4,376,Casemiro,14,MID,54,1.0136,1.6398,0.28,0.1584,0.2731,0.002,1,2,90,1,2026-08-19T06:18:50.050164+00:00,2026-08-19T06:19:58.725311+00:00
4,377,Dalot,14,DEF,49,0.658,1.4149,0.18,0.1804,0.1818,0.0016,1,1,90,1,2026-08-19T06:18:50.050164+00:00,2026-08-19T06:19:58.725311+00:00
4,379,Eriksen,14,MID,59,1.4204,1.7729,0.45,0.154,0.4308,0.0036,1,7,90,1,2026-08-19T06:18:50.050164+00:00,2026-08-19T06:19:58.725311+00:00
4,380,Fernandez,14,DEF,40,0,0,0.0,0.0,0.0,0,1,0,0,0,2026-08-19T06:18:50.050164+00:00,2026-08-19T06:19:58.725311+00:00
4,381,Fred,14,MID,50,0,0,0.0,0.0,0.0,0,1,0,0,0,2026-08-19T06:18:50.050164+00:00,2026-08-19T06:19:58.725311+00:00
4,382,Garnacho,14,MID,49,0.6436,1.1442,0.18,0.1804,0.1818,0.0004,1,1,6,0,2026-08-19T06:18:50.050164+00:00,2026-08-19T06:19:58.725311+00:00
4,383,Hannibal,14,MID,44,0,0,0.0,0.0,0.0,0,1,0,0,0,2026-08-19T06:18:50.050164+00:00,2026-08-19T06:19:58.725311+00:00
4,384,Heaton,14,GKP,40,0.1508,0.7022,0.04,0.0384,0.0403,0.0,1,0,0,0,2026-08-19T06:18:50.050164+00:00,2026-08-19T06:19:58.725311+00:00
4,386,Lindelof,14,DEF,45,0.3124,0.8039,0.05,0.209,0.0632,0.0,1,1,83,1,2026-08-19T06:18:50.050164+00:00,2026-08-19T06:19:58.725311+00:00
4,387,Maguire,14,DEF,44,0,0,0.0,0.0,0.0,0,1,0,23,0,2026-08-19T06:18:50.050164+00:00,2026-08-19T06:19:58.725311+00:00
4,388,Mainoo,14,MID,44,0.4716,0.916,0.1,0.198,0.1088,0.0,1,0,0,0,2026-08-19T06:18:50.050164+00:00,2026-08-19T06:19:58.725311+00:00
4,389,Malacia,14,DEF,44,0,0,0.0,0.0,0.0,0,1,0,0,0,2026-08-19T06:18:50.050164+00:00,2026-08-19T06:19:58.725311+00:00
4,390,Martial,14,FWD,65,0.8848,1.4772,0.225,0.217,0.2266,0.0024,1,2,66,1,2026-08-19T06:18:50.050164+00:00,2026-08-19T06:19:58.725311+00:00
4,391,Martinez,14,DEF,49,0.8124,1.5078,0.28,0.1584,0.2731,0.0016,1,1,66,1,2026-08-19T06:18:50.050164+00:00,2026-08-19T06:19:58.725311+00:00
4,392,McTominay,14,MID,49,0.7068,1.2341,0.18,0.1804,0.1818,0.0004,1,0,0,0,2026-08-19T06:18:50.050164+00:00,2026-08-19T06:19:58.725311+00:00
4,394,Pellistri,14,MID,45,0,0,0.0,0.0,0.0,0,1,0,0,0,2026-08-19T06:18:50.050164+00:00,2026-08-19T06:19:58.725311+00:00
4,395,R.Varane,14,DEF,51,0.954,1.7719,0.28,0.1584,0.2731,0.004,1,0,0,0,2026-08-19T06:18:50.050164+00:00,2026-08-19T06:19:58.725311+00:00
4,396,Rashford,14,MID,90,1.216,2.0027,0.28,0.2016,0.2765,0.0076,1,7,90,1,2026-08-19T06:18:50.050164+00:00,2026-08-19T06:19:58.725311+00:00
4,397,Sancho,14,MID,69,0,0,0.0,0.0,0.0,0,1,0,0,0,2026-08-19T06:18:50.050164+00:00,2026-08-19T06:19:58.725311+00:00
4,398,Shaw,14,DEF,54,0,0,0.0,0.0,0.0,0,1,0,0,0,2026-08-19T06:18:50.050164+00:00,2026-08-19T06:19:58.725311+00:00
4,399,Shoretire,14,FWD,44,0.4704,0.9474,0.1,0.198,0.1088,0.0008,1,0,0,0,2026-08-19T06:18:50.050164+00:00,2026-08-19T06:19:58.725311+00:00
4,400,Van de Beek,14,MID,49,0,0,0.0,0.0,0.0,0,1,0,0,0,2026-08-19T06:18:50.050164+00:00,2026-08-19T06:19:58.725311+00:00
4,401,Wan-Bissaka,14,DEF,46,0.9792,1.6954,0.28,0.1584,0.2731,0.0008,1,1,90,1,2026-08-19T06:18:50.050164+00:00,2026-08-19T06:19:58.725311+00:00
4,597,Onana,14,GKP,50,3.1656,2.2214,0.88,0.0096,0.8192,0.0024,1,0,90,1,2026-08-19T06:18:50.050164+00:00,2026-08-19T06:19:58.725311+00:00
4,617,Højlund,14,FWD,70,2.1924,2.0598,0.72,0.0784,0.6759,0.0108,1,1,23,0,2026-08-19T06:18:50.050164+00:00,2026-08-19T06:19:58.725311+00:00
4,632,Forson,14,MID,45,0.4936,0.9838,0.1,0.198,0.1088,0.0004,1,0,0,0,2026-08-19T06:18:50.050164+00:00,2026-08-19T06:19:58.725311+00:00
4,669,Vítek,14,GKP,40,0,0,0.0,0.0,0.0,0,1,0,0,0,2026-08-19T06:18:50.050164+00:00,2026-08-19T06:19:58.725311+00:00
4,685,Gore,14,MID,45,0,0,0.0,0.0,0.0,0,1,0,0,0,2026-08-19T06:18:50.050164+00:00,2026-08-19T06:19:58.725311+00:00
4,695,Altay,14,GKP,40,0.1596,0.7657,0.04,0.0384,0.0403,0.0,1,0,0,0,2026-08-19T06:18:50.050164+00:00,2026-08-19T06:19:58.725311+00:00
4,703,Evans,14,DEF,40,0.7344,1.357,0.22,0.1716,0.2183,0.0004,1,0,6,0,2026-08-19T06:18:50.050164+00:00,2026-08-19T06:19:58.725311+00:00
4,709,Amrabat,14,MID,50,0.6728,1.2303,0.18,0.1804,0.1818,0.0008,1,,,,2026-08-19T06:18:50.050164+00:00,
4,748,Hugill,14,FWD,45,0,0,0.0,0.0,0.0,0,1,,,,2026-08-19T06:18:50.050164+00:00,
4,766,Kambwala,14,DEF,39,0.4788,1.1255,0.1,0.198,0.1088,0.0,1,,,,2026-08-19T06:18:50.050164+00:00,
4,768,Bennett,14,DEF,40,0,0,0.0,0.0,0.0,0,1,,,,2026-08-19T06:18:50.050164+00:00,
4,826,Collyer,14,MID,45,0.4276,0.8435,0.1,0.198,0.1088,0.0004,1,,,,2026-08-19T06:18:50.050164+00:00,
4,833,Ogunneye,14,DEF,40,0.4488,1.0468,0.1,0.198,0.1088,0.0,1,,,,2026-08-19T06:18:50.050164+00:00,
4,835,Mee,14,GKP,40,0.1516,0.7009,0.04,0.0384,0.0403,0.0,1,,,,2026-08-19T06:18:50.050164+00:00,
4,846,Amass,14,DEF,40,0.4876,1.0987,0.1,0.198,0.1088,0.0,1,,,,2026-08-19T06:18:50.050164+00:00,
4,850,Wheatley,14,FWD,45,0.4552,0.9245,0.1,0.198,0.1088,0.0008,1,,,,2026-08-19T06:18:50.050164+00:00,
4,856,Jackson,14,DEF,40,0.4892,1.0973,0.1,0.198,0.1088,0.0,1,,,,2026-08-19T06:18:50.050164+00:00,
4,204,Hall,15,DEF,45,0.9092,1.7986,0.22,0.1716,0.2183,0.0048,1,0,0,0,2026-08-19T06:18:50.050164+00:00,2026-08-19T06:19:58.725311+00:00
4,402,Almirón,15,MID,64,0.9964,1.6284,0.28,0.2016,0.2765,0.0032,1,1,57,1,2026-08-19T06:18:50.050164+00:00,2026-08-19T06:19:58.725311+00:00
4,403,Anderson,15,MID,44,0.458,0.9268,0.1,0.198,0.1088,0.0004,1,1,32,0,2026-08-19T06:18:50.050164+00:00,2026-08-19T06:19:58.725311+00:00
4,404,Ashby,15,DEF,40,0,0,0.0,0.0,0.0,0,1,0,0,0,2026-08-19T06:18:50.050164+00:00,2026-08-19T06:19:58.725311+00:00
4,405,Botman,15,DEF,45,0,0,0.0,0.0,0.0,0,1,0,0,0,2026-08-19T06:18:50.050164+00:00,2026-08-19T06:19:58.725311+00:00
4,406,Bruno G.,15,MID,59,0.9788,1.5192,0.28,0.2016,0.2765,0.002,1,2,90,1,2026-08-19T06:18:50.050164+00:00,2026-08-19T06:19:58.725311+00:00
4,407,Burn,15,DEF,45,0.7276,1.4969,0.22,0.1716,0.2183,0.0032,1,0,90,1,2026-08-19T06:18:50.050164+00:00,2026-08-19T06:19:58.725311+00:00
4,408,Darlow,15,GKP,40,0,0,0.0,0.0,0.0,0,1,0,0,0,2026-08-19T06:18:50.050164+00:00,2026-08-19T06:19:58.725311+00:00
4,409,Dubravka,15,GKP,40,0.2564,1.0892,0.04,0.0384,0.0403,0.0,1,0,0,0,2026-08-19T06:18:50.050164+00:00,2026-08-19T06:19:58.725311+00:00
4,410,Fraser,15,MID,49,0,0,0.0,0.0,0.0,0,1,0,0,0,2026-08-19T06:18:50.050164+00:00,2026-08-19T06:19:58.725311+00:00
4,411,Gillespie,15,GKP,40,0.1412,0.6571,0.04,0.0384,0.0403,0.0,1,0,0,0,2026-08-19T06:18:50.050164+00:00,2026-08-19T06:19:58.725311+00:00
4,412,Gordon,15,MID,55,0.6936,1.3358,0.14,0.2408,0.1495,0.002,1,1,90,1,2026-08-19T06:18:50.050164+00:00,2026-08-19T06:19:58.725311+00:00
4,413,Hayden,15,MID,44,0,0,0.0,0.0,0.0,0,1,0,0,0,2026-08-19T06:18:50.050164+00:00,2026-08-19T06:19:58.725311+00:00
4,414,Hendrick,15,MID,44,0,0,0.0,0.0,0.0,0,1,0,0,0,2026-08-19T06:18:50.050164+00:00,2026-08-19T06:19:58.725311+00:00
4,415,Isak,15,FWD,77,1.1304,1.7876,0.28,0.2016,0.2765,0.0052,1,2,73,1,2026-08-19T06:18:50.050164+00:00,2026-08-19T06:19:58.725311+00:00
4,416,Joelinton,15,MID,59,1.0712,1.6221,0.28,0.2016,0.2765,0.0024,1,1,57,1,2026-08-19T06:18:50.050164+00:00,2026-08-19T06:19:58.725311+00:00
4,417,Krafth,15,DEF,44,0.492,1.1349,0.1,0.198,0.1088,0.0,1,0,0,0,2026-08-19T06:18:50.050164+00:00,2026-08-19T06:19:58.725311+00:00
4,418,Kuol,15,MID,45,0,0,0.0,0.0,0.0,0,1,0,0,0,2026-08-19T06:18:50.050164+00:00,2026-08-19T06:19:58.725311+00:00
4,419,Lascelles,15,DEF,40,0,0,0.0,0.0,0.0,0,1,1,16,0,2026-08-19T06:18:50.050164+00:00,2026-08-19T06:19:58.725311+00:00
4,420,J.Lewis,15,DEF,40,0,0,0.0,0.0,0.0,0,1,0,0,0,2026-08-19T06:18:50.050164+00:00,2026-08-19T06:19:58.725311+00:00
4,421,Longstaff,15,MID,49,0.6776,1.1889,0.18,0.1804,0.1818,0.0,1,4,32,0,2026-08-19T06:18:50.050164+00:00,2026-08-19T06:19:58.725311+00:00
4,422,Manquillo,15,DEF,40,0,0,0.0,0.0,0.0,0,1,0,0,0,2026-08-19T06:18:50.050164+00:00,2026-08-19T06:19:58.725311+00:00
4,423,J.Murphy,15,MID,49,0.6496,1.1669,0.18,0.1804,0.1818,0.0004,1,0,0,0,2026-08-19T06:18:50.050164+00:00,2026-08-19T06:19:58.725311+00:00
4,424,Pope,15,GKP,55,2.778,2.0554,0.88,0.0096,0.8192,0.0,1,2,90,1,2026-08-19T06:18:50.050164+00:00,2026-08-19T06:19:58.725311+00:00
4,425,Ritchie,15,MID,44,0.466,0.9258,0.1,0.198,0.1088,0.0,1,0,0,0,2026-08-19T06:18:50.050164+00:00,2026-08-19T06:19:58.725311+00:00
4,426,Saint-Maximin,15,MID,60,0,0,0.0,0.0,0.0,0,1,0,0,0,2026-08-19T06:18:50.050164+00:00,2026-08-19T06:19:58.725311+00:00
4,427,Schär,15,DEF,50,0.9204,1.6189,0.28,0.1584,0.2731,0.0012,1,0,90,1,2026-08-19T06:18:50.050164+00:00,2026-08-19T06:19:58.725311+00:00
4,428,Targett,15,DEF,44,0,0,0.0,0.0,0.0,0,1,0,73,1,2026-08-19T06:18:50.050164+00:00,2026-08-19T06:19:58.725311+00:00
4,429,Tonali,15,MID,55,0,0,0.0,0.0,0.0,0,1,1,57,1,2026-08-19T06:18:50.050164+00:00,2026-08-19T06:19:58.725311+00:00
4,430,Trippier,15,DEF,65,1.0228,1.7755,0.28,0.2016,0.2765,0.0052,1,1,90,1,2026-08-19T06:18:50.050164+00:00,2026-08-19T06:19:58.725311+00:00
4,431,Watts,15,DEF,40,0,0,0.0,0.0,0.0,0,1,0,0,0,2026-08-19T06:18:50.050164+00:00,2026-08-19T06:19:58.725311+00:00
4,432,Willock,15,MID,54,0,0,0.0,0.0,0.0,0,1,0,0,0,2026-08-19T06:18:50.050164+00:00,2026-08-19T06:19:58.725311+00:00
4,433,Wilson,15,FWD,79,2.7504,2.6375,0.72,0.0784,0.6759,0.0348,1,6,32,0,2026-08-19T06:18:50.050164+00:00,2026-08-19T06:19:58.725311+00:00
4,580,Karius,15,GKP,40,0.1816,0.793,0.04,0.0384,0.0403,0.0,1,0,0,0,2026-08-19T06:18:50.050164+00:00,2026-08-19T06:19:58.725311+00:00
4,581,Dummett,15,DEF,40,0.4892,1.1268,0.1,0.198,0.1088,0.0,1,0,0,0,2026-08-19T06:18:50.050164+00:00,2026-08-19T06:19:58.725311+00:00
4,603,Barnes,15,MID,65,1.672,2.147,0.45,0.154,0.4308,0.0068,1,1,16,0,2026-08-19T06:18:50.050164+00:00,2026-08-19T06:19:58.725311+00:00
4,633,Livramento,15,DEF,45,0,0,0.0,0.0,0.0,0,1,0,0,0,2026-08-19T06:18:50.050164+00:00,2026-08-19T06:19:58.725311+00:00
4,634,A.Murphy,15,DEF,40,0.4528,1.1007,0.1,0.198,0.1088,0.0004,1,0,0,0,2026-08-19T06:18:50.050164+00:00,2026-08-19T06:19:58.725311+00:00
4,635,Miley,15,MID,45,0,0,0.0,0.0,0.0,0,1,0,0,0,2026-08-19T06:18:50.050164+00:00,2026-08-19T06:19:58.725311+00:00
4,738,Diallo,15,MID,45,0.4552,0.9284,0.1,0.198,0.1088,0.0,1,,,,2026-08-19T06:18:50.050164+00:00,
4,739,Parkinson,15,FWD,45,0.45,0.901,0.1,0.198,0.1088,0.0,1,,,,2026-08-19T06:18:50.050164+00:00,
4,745,Ndiweni,15,FWD,44,0,0,0.0,0.0,0.0,0,1,,,,2026-08-19T06:18:50.050164+00:00,
4,794,White,15,MID,45,0.4504,0.8921,0.1,0.198,0.1088,0.0,1,,,,2026-08-19T06:18:50.050164+00:00,
4,795,Hernes,15,MID,45,0.4728,0.9737,0.1,0.198,0.1088,0.0004,1,,,,2026-08-19T06:18:50.050164+00:00,
4,23,Tavares,16,DEF,40,0.4872,1.1686,0.1,0.198,0.1088,0.0,1,0,18,0,2026-08-19T06:18:50.050164+00:00,2026-08-19T06:19:58.725311+00:00
4,28,Turner,16,GKP,40,0.2008,0.9011,0.04,0.0384,0.0403,0.0004,1,5,90,1,2026-08-19T06:18:50.050164+00:00,2026-08-19T06:19:58.725311+00:00
4,205,Hudson-Odoi,16,MID,49,0.6736,1.1487,0.18,0.1804,0.1818,0.0,1,0,0,0,2026-08-19T06:18:50.050164+00:00,2026-08-19T06:19:58.725311+00:00
4,378,Elanga,16,MID,50,0.7112,1.2855,0.18,0.1804,0.1818,0.0008,1,7,45,1,2026-08-19T06:18:50.050164+00:00,2026-08-19T06:19:58.725311+00:00
4,434,B.Aguilera,16,MID,45,0,0,0.0,0.0,0.0,0,1,0,0,0,2026-08-19T06:18:50.050164+00:00,2026-08-19T06:19:58.725311+00:00
4,435,Arter,16,MID,44,0.4384,0.8887,0.1,0.198,0.1088,0.0,1,0,0,0,2026-08-19T06:18:50.050164+00:00,2026-08-19T06:19:58.725311+00:00
4,436,Aurier,16,DEF,45,0,0,0.0,0.0,0.0,0,1,6,71,1,2026-08-19T06:18:50.050164+00:00,2026-08-19T06:19:58.725311+00:00
4,437,Awoniyi,16,FWD,65,1.4876,1.8817,0.45,0.154,0.4308,0.0056,1,5,64,1,2026-08-19T06:18:50.050164+00:00,2026-08-19T06:19:58.725311+00:00
4,438,Biancone,16,DEF,40,0,0,0.0,0.0,0.0,0,1,0,0,0,2026-08-19T06:18:50.050164+00:00,2026-08-19T06:19:58.725311+00:00
4,439,Boly,16,DEF,45,0.7912,1.5957,0.22,0.1716,0.2183,0.0024,1,9,90,1,2026-08-19T06:18:50.050164+00:00,2026-08-19T06:19:58.725311+00:00
4,440,Bowler,16,MID,45,0,0,0.0,0.0,0.0,0,1,0,0,0,2026-08-19T06:18:50.050164+00:00,2026-08-19T06:19:58.725311+00:00
4,441,Cook,16,DEF,45,0,0,0.0,0.0,0.0,0,1,0,0,0,2026-08-19T06:18:50.050164+00:00,2026-08-19T06:19:58.725311+00:00
4,442,Danilo,16,MID,54,0.9068,1.4229,0.28,0.1584,0.2731,0.0004,1,1,45,1,2026-08-19T06:18:50.050164+00:00,2026-08-19T06:19:58.725311+00:00
4,443,Dennis,16,FWD,49,0,0,0.0,0.0,0.0,0,1,0,0,0,2026-08-19T06:18:50.050164+00:00,2026-08-19T06:19:58.725311+00:00
4,444,Dräger,16,DEF,40,0,0,0.0,0.0,0.0,0,1,0,0,0,2026-08-19T06:18:50.050164+00:00,2026-08-19T06:19:58.725311+00:00
4,445,Felipe,16,DEF,44,0.7888,1.6014,0.22,0.1716,0.2183,0.002,1,0,0,0,2026-08-19T06:18:50.050164+00:00,2026-08-19T06:19:58.725311+00:00
4,446,Freuler,16,MID,49,0,0,0.0,0.0,0.0,0,1,0,0,0,2026-08-19T06:18:50.050164+00:00,2026-08-19T06:19:58.725311+00:00
4,447,Gibbs-White,16,MID,59,1.2156,2.0553,0.28,0.2016,0.2765,0.0088,1,3,90,1,2026-08-19T06:18:50.050164+00:00,2026-08-19T06:19:58.725311+00:00
4,448,Hennessey,16,GKP,40,2.7948,2.0756,0.88,0.0048,0.8188,0.0008,1,0,0,0,2026-08-19T06:18:50.050164+00:00,2026-08-19T06:19:58.725311+00:00
4,449,Horvath,16,GKP,44,0,0,0.0,0.0,0.0,0,1,0,0,0,2026-08-19T06:18:50.050164+00:00,2026-08-19T06:19:58.725311+00:00
4,451,Kouyaté,16,MID,49,0.6456,1.1568,0.18,0.1804,0.1818,0.0008,1,1,17,0,2026-08-19T06:18:50.050164+00:00,2026-08-19T06:19:58.725311+00:00
4,452,Laryea,16,DEF,45,0,0,0.0,0.0,0.0,0,1,0,0,0,2026-08-19T06:18:50.050164+00:00,2026-08-19T06:19:58.725311+00:00
4,453,Mangala,16,MID,50,0,0,0.0,0.0,0.0,0,1,3,71,1,2026-08-19T06:18:50.050164+00:00,2026-08-19T06:19:58.725311+00:00
4,454,Mbe Soh,16,DEF,40,0,0,0.0,0.0,0.0,0,1,0,0,0,2026-08-19T06:18:50.050164+00:00,2026-08-19T06:19:58.725311+00:00
4,455,McKenna,16,DEF,45,0,0,0.0,0.0,0.0,0,1,7,90,1,2026-08-19T06:18:50.050164+00:00,2026-08-19T06:19:58.725311+00:00
4,456,Mighten,16,MID,44,0,0,0.0,0.0,0.0,0,1,0,0,0,2026-08-19T06:18:50.050164+00:00,2026-08-19T06:19:58.725311+00:00
4,457,Niakhaté,16,DEF,45,0.46,1.1215,0.1,0.198,0.1088,0.0008,1,0,0,0,2026-08-19T06:18:50.050164+00:00,2026-08-19T06:19:58.725311+00:00
4,458,O'Brien,16,MID,49,0,0,0.0,0.0,0.0,0,1,0,0,0,2026-08-19T06:18:50.050164+00:00,2026-08-19T06:19:58.725311+00:00
4,459,Ojeda,16,MID,45,0,0,0.0,0.0,0.0,0,1,0,0,0,2026-08-19T06:18:50.050164+00:00,2026-08-19T06:19:58.725311+00:00
4,460,Panzo,16,DEF,40,0,0,0.0,0.0,0.0,0,1,0,0,0,2026-08-19T06:18:50.050164+00:00,2026-08-19T06:19:58.725311+00:00
4,461,O.Richards,16,DEF,44,0,0,0.0,0.0,0.0,0,1,0,0,0,2026-08-19T06:18:50.050164+00:00,2026-08-19T06:19:58.725311+00:00
4,462,G.Scarpa,16,MID,45,0,0,0.0,0.0,0.0,0,1,0,0,0,2026-08-19T06:18:50.050164+00:00,2026-08-19T06:19:58.725311+00:00
4,463,J.Shelvey,16,MID,49,0,0,0.0,0.0,0.0,0,1,0,0,0,2026-08-19T06:18:50.050164+00:00,2026-08-19T06:19:58.725311+00:00
4,464,Surridge,16,FWD,45,0,0,0.0,0.0,0.0,0,1,0,0,0,2026-08-19T06:18:50.050164+00:00,2026-08-19T06:19:58.725311+00:00
4,465,Toffolo,16,DEF,44,0.6856,1.3504,0.22,0.1716,0.2183,0.0008,1,0,0,0,2026-08-19T06:18:50.050164+00:00,2026-08-19T06:19:58.725311+00:00
4,466,Ui-jo,16,FWD,44,0,0,0.0,0.0,0.0,0,1,0,0,0,2026-08-19T06:18:50.050164+00:00,2026-08-19T06:19:58.725311+00:00
4,467,Williams,16,DEF,45,0,0,0.0,0.0,0.0,0,1,0,0,0,2026-08-19T06:18:50.050164+00:00,2026-08-19T06:19:58.725311+00:00
4,468,Wood,16,FWD,50,0.6424,1.1092,0.18,0.1804,0.1818,0.0,1,1,25,0,2026-08-19T06:18:50.050164+00:00,2026-08-19T06:19:58.725311+00:00
4,469,Worrall,16,DEF,45,0,0,0.0,0.0,0.0,0,1,9,90,1,2026-08-19T06:18:50.050164+00:00,2026-08-19T06:19:58.725311+00:00
4,470,Yates,16,MID,49,0.6452,1.1341,0.18,0.1804,0.1818,0.0,1,2,90,1,2026-08-19T06:18:50.050164+00:00,2026-08-19T06:19:58.725311+00:00
4,604,Aina,16,DEF,45,0.4132,1.0122,0.1,0.198,0.1088,0.0004,1,5,72,1,2026-08-19T06:18:50.050164+00:00,2026-08-19T06:19:58.725311+00:00
4,636,G.Shelvey,16,GKP,40,0,0,0.0,0.0,0.0,0,1,0,0,0,2026-08-19T06:18:50.050164+00:00,2026-08-19T06:19:58.725311+00:00
4,637,Powell,16,DEF,40,0.4396,1.0857,0.1,0.198,0.1088,0.0004,1,0,0,0,2026-08-19T06:18:50.050164+00:00,2026-08-19T06:19:58.725311+00:00
4,679,G.Montiel,16,DEF,45,0.4504,1.0867,0.1,0.198,0.1088,0.0004,1,1,18,0,2026-08-19T06:18:50.050164+00:00,2026-08-19T06:19:58.725311+00:00
4,696,Murillo,16,DEF,45,0.4988,1.1666,0.1,0.198,0.1088,0.0016,1,0,0,0,2026-08-19T06:18:50.050164+00:00,2026-08-19T06:19:58.725311+00:00
4,710,Odysseas,16,GKP,45,0.178,0.8252,0.04,0.0384,0.0403,0.0,1,,,,2026-08-19T06:18:50.050164+00:00,
4,711,Omobamidele,16,DEF,45,0.516,1.2643,0.1,0.198,0.1088,0.0016,1,,,,2026-08-19T06:18:50.050164+00:00,
4,712,Dominguez,16,MID,50,0,0,0.0,0.0,0.0,0,1,,,,2026-08-19T06:18:50.050164+00:00,
4,713,Sangaré,16,MID,49,0.7044,1.3342,0.18,0.1804,0.1818,0.0016,1,,,,2026-08-19T06:18:50.050164+00:00,
4,714,Origi,16,FWD,50,0.6308,1.095,0.18,0.1804,0.1818,0.0008,1,,,,2026-08-19T06:18:50.050164+00:00,
4,779,McDonnell,16,MID,45,0.4812,0.9464,0.1,0.198,0.1088,0.0,1,,,,2026-08-19T06:18:50.050164+00:00,
4,780,Osong,16,FWD,45,0.4364,0.8513,0.1,0.198,0.1088,0.0,1,,,,2026-08-19T06:18:50.050164+00:00,
4,781,Gardner,16,FWD,45,0.4624,0.8841,0.1,0.198,0.1088,0.0,1,,,,2026-08-19T06:18:50.050164+00:00,
4,801,Reyna,16,MID,46,0.7028,1.1774,0.18,0.1804,0.1818,0.0,1,,,,2026-08-19T06:18:50.050164+00:00,
4,808,Sels,16,GKP,45,0.1612,0.7659,0.04,0.0384,0.0403,0.0,1,,,,2026-08-19T06:18:50.050164+00:00,
4,809,Ribeiro,16,FWD,45,0.418,0.8297,0.1,0.198,0.1088,0.0,1,,,,2026-08-19T06:18:50.050164+00:00,
4,27,Trusty,17,DEF,40,0.512,1.242,0.1,0.198,0.1088,0.0008,1,0,0,0,2026-08-19T06:18:50.050164+00:00,2026-08-19T06:19:58.725311+00:00
4,33,Archer,17,FWD,45,0.4572,0.9194,0.1,0.198,0.1088,0.0008,1,12,74,1,2026-08-19T06:18:50.050164+00:00,2026-08-19T06:19:58.725311+00:00
4,255,Holgate,17,DEF,40,0.966,1.8719,0.22,0.1716,0.2183,0.0036,1,0,0,0,2026-08-19T06:18:50.050164+00:00,2026-08-19T06:19:58.725311+00:00
4,360,McAtee,17,MID,44,0.5044,1.0427,0.1,0.198,0.1088,0.0004,1,0,0,0,2026-08-19T06:18:50.050164+00:00,2026-08-19T06:19:58.725311+00:00
4,471,Ahmedhodžić,17,DEF,45,0.9124,1.7653,0.22,0.1716,0.2183,0.0028,1,0,90,1,2026-08-19T06:18:50.050164+00:00,2026-08-19T06:19:58.725311+00:00
4,472,Amissah,17,GKP,40,0.1596,0.7684,0.04,0.0384,0.0403,0.0004,1,0,0,0,2026-08-19T06:18:50.050164+00:00,2026-08-19T06:19:58.725311+00:00
4,473,Baldock,17,DEF,40,0,0,0.0,0.0,0.0,0,1,1,90,1,2026-08-19T06:18:50.050164+00:00,2026-08-19T06:19:58.725311+00:00
4,474,Basham,17,DEF,40,0,0,0.0,0.0,0.0,0,1,1,22,0,2026-08-19T06:18:50.050164+00:00,2026-08-19T06:19:58.725311+00:00
4,476,Bogle,17,DEF,45,0.5192,1.2357,0.1,0.198,0.1088,0.0012,1,0,0,0,2026-08-19T06:18:50.050164+00:00,2026-08-19T06:19:58.725311+00:00
4,477,Brewster,17,FWD,49,0.642,1.1771,0.18,0.1804,0.1818,0.002,1,0,0,0,2026-08-19T06:18:50.050164+00:00,2026-08-19T06:19:58.725311+00:00
4,478,Coulibaly,17,MID,44,0,0,0.0,0.0,0.0,0,1,0,0,0,2026-08-19T06:18:50.050164+00:00,2026-08-19T06:19:58.725311+00:00
4,479,A.Davies,17,GKP,40,0.172,0.8012,0.04,0.0384,0.0403,0.0,1,0,0,0,2026-08-19T06:18:50.050164+00:00,2026-08-19T06:19:58.725311+00:00
4,480,Egan,17,DEF,45,0.5392,1.272,0.11,0.1958,0.118,0.0008,1,1,67,1,2026-08-19T06:18:50.050164+00:00,2026-08-19T06:19:58.725311+00:00
4,481,Fleck,17,MID,49,0,0,0.0,0.0,0.0,0,1,0,0,0,2026-08-19T06:18:50.050164+00:00,2026-08-19T06:19:58.725311+00:00
4,482,Foderingham,17,GKP,45,3.7788,2.4435,0.88,0.0048,0.8188,0.0044,1,2,90,1,2026-08-19T06:18:50.050164+00:00,2026-08-19T06:19:58.725311+00:00
4,483,Jebbison,17,FWD,49,0.6968,1.2566,0.18,0.1804,0.1818,0.0004,1,0,0,0,2026-08-19T06:18:50.050164+00:00,2026-08-19T06:19:58.725311+00:00
4,484,Lowe,17,DEF,45,0.5584,1.3161,0.1,0.198,0.1088,0.0012,1,0,0,0,2026-08-19T06:18:50.050164+00:00,2026-08-19T06:19:58.725311+00:00
4,485,McBurnie,17,FWD,54,0.8112,1.5806,0.18,0.1804,0.1818,0.0044,1,5,90,1,2026-08-19T06:18:50.050164+00:00,2026-08-19T06:19:58.725311+00:00
4,486,Ndiaye,17,FWD,55,0,0,0.0,0.0,0.0,0,1,0,0,0,2026-08-19T06:18:50.050164+00:00,2026-08-19T06:19:58.725311+00:00
4,487,Norrington-Davies,17,DEF,40,0,0,0.0,0.0,0.0,0,1,0,0,0,2026-08-19T06:18:50.050164+00:00,2026-08-19T06:19:58.725311+00:00
4,488,Norwood,17,MID,50,0.9476,1.4328,0.28,0.1584,0.2731,0.0016,1,2,90,1,2026-08-19T06:18:50.050164+00:00,2026-08-19T06:19:58.725311+00:00
4,489,Osborn,17,MID,49,0.6016,1.1938,0.14,0.1892,0.1453,0.002,1,0,0,0,2026-08-19T06:18:50.050164+00:00,2026-08-19T06:19:58.725311+00:00
4,490,Osula,17,FWD,45,0.828,1.3063,0.28,0.1584,0.2731,0.0008,1,0,0,0,2026-08-19T06:18:50.050164+00:00,2026-08-19T06:19:58.725311+00:00
4,576,Robinson,17,DEF,45,0.8764,1.648,0.22,0.1716,0.2183,0.0012,1,1,90,1,2026-08-19T06:18:50.050164+00:00,2026-08-19T06:19:58.725311+00:00
4,587,Slimane,17,MID,49,0.6732,1.1969,0.18,0.1804,0.1818,0.0008,1,0,0,0,2026-08-19T06:18:50.050164+00:00,2026-08-19T06:19:58.725311+00:00
4,592,Larouci,17,DEF,45,0.5024,1.2317,0.1,0.198,0.1088,0.0016,1,1,67,1,2026-08-19T06:18:50.050164+00:00,2026-08-19T06:19:58.725311+00:00
4,593,T.Bénie,17,FWD,55,0,0,0.0,0.0,0.0,0,1,1,15,0,2026-08-19T06:18:50.050164+00:00,2026-08-19T06:19:58.725311+00:00
4,638,Vini Souza,17,MID,50,0.7176,1.295,0.18,0.1804,0.1818,0.0004,1,2,90,1,2026-08-19T06:18:50.050164+00:00,2026-08-19T06:19:58.725311+00:00
4,653,Seriki,17,DEF,40,0,0,0.0,0.0,0.0,0,1,0,0,0,2026-08-19T06:18:50.050164+00:00,2026-08-19T06:19:58.725311+00:00
4,654,Marsh,17,FWD,45,0,0,0.0,0.0,0.0,0,1,0,0,0,2026-08-19T06:18:50.050164+00:00,2026-08-19T06:19:58.725311+00:00
4,655,Brooks,17,MID,45,0.466,0.9812,0.1,0.198,0.1088,0.0,1,0,0,0,2026-08-19T06:18:50.050164+00:00,2026-08-19T06:19:58.725311+00:00
4,656,Hackford,17,FWD,45,0,0,0.0,0.0,0.0,0,1,0,0,0,2026-08-19T06:18:50.050164+00:00,2026-08-19T06:19:58.725311+00:00
4,663,Hamer,17,MID,50,0.6572,1.2173,0.18,0.1804,0.1818,0.0012,1,2,90,1,2026-08-19T06:18:50.050164+00:00,2026-08-19T06:19:58.725311+00:00
4,666,T.Davies,17,MID,50,0.5644,1.2381,0.14,0.1892,0.1453,0.0016,1,0,0,0,2026-08-19T06:18:50.050164+00:00,2026-08-19T06:19:58.725311+00:00
4,693,Thomas,17,DEF,40,0,0,0.0,0.0,0.0,0,1,1,22,0,2026-08-19T06:18:50.050164+00:00,2026-08-19T06:19:58.725311+00:00
4,730,Oné,17,MID,44,0.4528,0.9509,0.1,0.198,0.1088,0.0,1,,,,2026-08-19T06:18:50.050164+00:00,
4,731,Buyabu,17,DEF,40,0,0,0.0,0.0,0.0,0,1,,,,2026-08-19T06:18:50.050164+00:00,
4,759,Peck,17,MID,44,0.4388,0.8914,0.1,0.198,0.1088,0.0,1,,,,2026-08-19T06:18:50.050164+00:00,
4,775,Brereton Díaz,17,MID,50,0.7188,1.3061,0.18,0.1804,0.1818,0.0012,1,,,,2026-08-19T06:18:50.050164+00:00,
4,790,Grbić,17,GKP,45,0.1816,0.829,0.04,0.0384,0.0403,0.0004,1,,,,2026-08-19T06:18:50.050164+00:00,
4,822,Blacker,17,FWD,45,0.4636,0.9981,0.1,0.198,0.1088,0.0004,1,,,,2026-08-19T06:18:50.050164+00:00,
4,823,Arblaster,17,MID,45,0.456,0.9837,0.1,0.198,0.1088,0.0,1,,,,2026-08-19T06:18:50.050164+00:00,
4,827,Sasnauskas,17,DEF,40,0.5676,1.3722,0.1,0.198,0.1088,0.0016,1,,,,2026-08-19T06:18:50.050164+00:00,
4,828,Curtis,17,DEF,40,0.5168,1.2139,0.1,0.198,0.1088,0.0004,1,,,,2026-08-19T06:18:50.050164+00:00,
4,857,Hampson,17,MID,45,0.4708,0.981,0.1,0.198,0.1088,0.0004,1,,,,2026-08-19T06:18:50.050164+00:00,
4,450,Johnson,18,MID,59,0.9812,1.506,0.28,0.2016,0.2765,0.0012,1,0,0,0,2026-08-19T06:18:50.050164+00:00,2026-08-19T06:19:58.725311+00:00
4,491,Austin,18,GKP,40,0.144,0.6276,0.04,0.0384,0.0403,0.0,1,0,0,0,2026-08-19T06:18:50.050164+00:00,2026-08-19T06:19:58.725311+00:00
4,492,Bentancur,18,MID,55,1.8136,1.6712,0.68,0.0576,0.637,0.0008,1,0,0,0,2026-08-19T06:18:50.050164+00:00,2026-08-19T06:19:58.725311+00:00
4,493,Bissouma,18,MID,50,0,0,0.0,0.0,0.0,0,1,2,90,1,2026-08-19T06:18:50.050164+00:00,2026-08-19T06:19:58.725311+00:00
4,494,Bryan,18,MID,50,0.6424,1.1492,0.18,0.1804,0.1818,0.0,1,0,0,0,2026-08-19T06:18:50.050164+00:00,2026-08-19T06:19:58.725311+00:00
4,495,Davies,18,DEF,45,0,0,0.0,0.0,0.0,0,1,0,0,0,2026-08-19T06:18:50.050164+00:00,2026-08-19T06:19:58.725311+00:00
4,496,Dier,18,DEF,44,0,0,0.0,0.0,0.0,0,1,0,0,0,2026-08-19T06:18:50.050164+00:00,2026-08-19T06:19:58.725311+00:00
4,497,E.Royal,18,DEF,45,0.442,1.0751,0.1,0.198,0.1088,0.0008,1,1,4,0,2026-08-19T06:18:50.050164+00:00,2026-08-19T06:19:58.725311+00:00
4,498,Forster,18,GKP,40,0,0,0.0,0.0,0.0,0,1,0,0,0,2026-08-19T06:18:50.050164+00:00,2026-08-19T06:19:58.725311+00:00
4,499,Højbjerg,18,MID,54,0.7172,1.2745,0.18,0.1804,0.1818,0.0,1,0,22,0,2026-08-19T06:18:50.050164+00:00,2026-08-19T06:19:58.725311+00:00
4,500,Kane,18,FWD,125,0,0,0.0,0.0,0.0,0,1,0,0,0,2026-08-19T06:18:50.050164+00:00,2026-08-19T06:19:58.725311+00:00
4,501,Kulusevski,18,MID,70,1.1408,1.8055,0.28,0.2016,0.2765,0.008,1,1,85,1,2026-08-19T06:18:50.050164+00:00,2026-08-19T06:19:58.725311+00:00
4,502,Lloris,18,GKP,49,0,0,0.0,0.0,0.0,0,1,0,0,0,2026-08-19T06:18:50.050164+00:00,2026-08-19T06:19:58.725311+00:00
4,503,Lo Celso,18,MID,48,0.4404,0.9506,0.09,0.2002,0.0997,0.0,1,0,0,0,2026-08-19T06:18:50.050164+00:00,2026-08-19T06:19:58.725311+00:00
4,504,Maddison,18,MID,77,1.3408,2.1984,0.28,0.2016,0.2765,0.0124,1,7,85,1,2026-08-19T06:18:50.050164+00:00,2026-08-19T06:19:58.725311+00:00
4,505,Ndombele,18,MID,44,0,0,0.0,0.0,0.0,0,1,0,0,0,2026-08-19T06:18:50.050164+00:00,2026-08-19T06:19:58.725311+00:00
4,506,Pedro Porro,18,DEF,49,0.664,1.413,0.18,0.1804,0.1818,0.0012,1,4,90,1,2026-08-19T06:18:50.050164+00:00,2026-08-19T06:19:58.725311+00:00
4,507,Perišić,18,DEF,49,0,0,0.0,0.0,0.0,0,1,1,22,0,2026-08-19T06:18:50.050164+00:00,2026-08-19T06:19:58.725311+00:00
4,509,Richarlison,18,MID,69,0,0,0.0,0.0,0.0,0,1,1,18,0,2026-08-19T06:18:50.050164+00:00,2026-08-19T06:19:58.725311+00:00
4,510,Rodon,18,DEF,40,0,0,0.0,0.0,0.0,0,1,0,0,0,2026-08-19T06:18:50.050164+00:00,2026-08-19T06:19:58.725311+00:00
4,511,Romero,18,DEF,46,0.9892,1.7399,0.28,0.1584,0.2731,0.0032,1,7,90,1,2026-08-19T06:18:50.050164+00:00,2026-08-19T06:19:58.725311+00:00
4,512,Sánchez,18,DEF,44,0,0,0.0,0.0,0.0,0,1,0,0,0,2026-08-19T06:18:50.050164+00:00,2026-08-19T06:19:58.725311+00:00
4,513,Sarr,18,MID,45,0.492,1.0545,0.1,0.198,0.1088,0.0008,1,1,67,1,2026-08-19T06:18:50.050164+00:00,2026-08-19T06:19:58.725311+00:00
4,514,Sessegnon,18,DEF,45,0,0,0.0,0.0,0.0,0,1,0,0,0,2026-08-19T06:18:50.050164+00:00,2026-08-19T06:19:58.725311+00:00
4,515,Skipp,18,MID,48,0.638,1.1677,0.18,0.1804,0.1818,0.0004,1,1,4,0,2026-08-19T06:18:50.050164+00:00,2026-08-19T06:19:58.725311+00:00
4,516,Son,18,MID,90,1.4168,2.4459,0.28,0.2016,0.2765,0.0168,1,20,71,1,2026-08-19T06:18:50.050164+00:00,2026-08-19T06:19:58.725311+00:00
4,517,Spence,18,DEF,40,0,0,0.0,0.0,0.0,0,1,0,0,0,2026-08-19T06:18:50.050164+00:00,2026-08-19T06:19:58.725311+00:00
4,518,Tanganga,18,DEF,40,0,0,0.0,0.0,0.0,0,1,0,0,0,2026-08-19T06:18:50.050164+00:00,2026-08-19T06:19:58.725311+00:00
4,519,Udogie,18,DEF,46,0,0,0.0,0.0,0.0,0,1,5,90,1,2026-08-19T06:18:50.050164+00:00,2026-08-19T06:19:58.725311+00:00
4,520,Vicario,18,GKP,51,3.122,2.1665,0.88,0.0096,0.8192,0.0024,1,2,90,1,2026-08-19T06:18:50.050164+00:00,2026-08-19T06:19:58.725311+00:00
4,521,Whiteman,18,GKP,40,0.1648,0.7565,0.04,0.0384,0.0403,0.0,1,0,0,0,2026-08-19T06:18:50.050164+00:00,2026-08-19T06:19:58.725311+00:00
4,583,Solomon,18,MID,54,0,0,0.0,0.0,0.0,0,1,10,67,1,2026-08-19T06:18:50.050164+00:00,2026-08-19T06:19:58.725311+00:00
4,639,Van de Ven,18,DEF,45,0.7236,1.396,0.22,0.1716,0.2183,0.0004,1,1,90,1,2026-08-19T06:18:50.050164+00:00,2026-08-19T06:19:58.725311+00:00
4,640,Scarlett,18,FWD,45,0.4472,0.8901,0.1,0.198,0.1088,0.0,1,0,0,0,2026-08-19T06:18:50.050164+00:00,2026-08-19T06:19:58.725311+00:00
4,641,Veliz,18,FWD,55,0,0,0.0,0.0,0.0,0,1,0,0,0,2026-08-19T06:18:50.050164+00:00,2026-08-19T06:19:58.725311+00:00
4,702,Phillips,18,DEF,40,0,0,0.0,0.0,0.0,0,1,0,0,0,2026-08-19T06:18:50.050164+00:00,2026-08-19T06:19:58.725311+00:00
4,722,Donley,18,FWD,45,0.4388,0.9118,0.1,0.198,0.1088,0.0004,1,,,,2026-08-19T06:18:50.050164+00:00,
4,740,Dorrington,18,DEF,40,0.4812,1.1436,0.1,0.198,0.1088,0.0008,1,,,,2026-08-19T06:18:50.050164+00:00,
4,754,Yago Santiago,18,MID,45,0.4616,0.9104,0.1,0.198,0.1088,0.0,1,,,,2026-08-19T06:18:50.050164+00:00,
4,776,Werner,18,FWD,63,0,0,0.0,0.0,0.0,0,1,,,,2026-08-19T06:18:50.050164+00:00,
4,777,Drăgușin,18,DEF,42,0.4456,1.105,0.1,0.198,0.1088,0.0008,1,,,,2026-08-19T06:18:50.050164+00:00,
4,860,Moore,18,MID,45,0.4516,0.8998,0.1,0.198,0.1088,0.0,1,,,,2026-08-19T06:18:50.050164+00:00,
4,862,Hall,18,MID,45,0.454,0.8887,0.1,0.198,0.1088,0.0,1,,,,2026-08-19T06:18:50.050164+00:00,
4,364,Phillips,19,MID,49,0.6684,1.1791,0.18,0.1804,0.1818,0.0004,1,1,6,0,2026-08-19T06:18:50.050164+00:00,2026-08-19T06:19:58.725311+00:00
4,522,N.Aguerd,19,DEF,45,0.3144,0.7913,0.05,0.209,0.0632,0.0,1,2,90,1,2026-08-19T06:18:50.050164+00:00,2026-08-19T06:19:58.725311+00:00
4,523,Antonio,19,FWD,61,1.0048,1.5695,0.28,0.2016,0.2765,0.0036,1,2,79,1,2026-08-19T06:18:50.050164+00:00,2026-08-19T06:19:58.725311+00:00
4,524,Areola,19,GKP,41,0.1936,0.872,0.04,0.0384,0.0403,0.0,1,2,90,1,2026-08-19T06:18:50.050164+00:00,2026-08-19T06:19:58.725311+00:00
4,525,Benrahma,19,MID,59,0,0,0.0,0.0,0.0,0,1,3,70,1,2026-08-19T06:18:50.050164+00:00,2026-08-19T06:19:58.725311+00:00
4,526,Bowen,19,MID,71,1.268,2.0828,0.28,0.2016,0.2765,0.0108,1,7,90,1,2026-08-19T06:18:50.050164+00:00,2026-08-19T06:19:58.725311+00:00
4,527,Cornet,19,MID,54,0.7552,1.3697,0.18,0.1804,0.1818,0.0008,1,0,0,0,2026-08-19T06:18:50.050164+00:00,2026-08-19T06:19:58.725311+00:00
4,528,Coufal,19,DEF,45,0.7212,1.377,0.22,0.1716,0.2183,0.0004,1,2,90,1,2026-08-19T06:18:50.050164+00:00,2026-08-19T06:19:58.725311+00:00
4,529,Coventry,19,MID,44,0,0,0.0,0.0,0.0,0,1,0,0,0,2026-08-19T06:18:50.050164+00:00,2026-08-19T06:19:58.725311+00:00
4,530,Cresswell,19,DEF,44,0.8132,1.5809,0.22,0.1404,0.2158,0.0008,1,0,0,0,2026-08-19T06:18:50.050164+00:00,2026-08-19T06:19:58.725311+00:00
4,531,Downes,19,MID,50,0,0,0.0,0.0,0.0,0,1,0,0,0,2026-08-19T06:18:50.050164+00:00,2026-08-19T06:19:58.725311+00:00
4,532,Emerson,19,DEF,45,0.8012,1.5227,0.22,0.1716,0.2183,0.0012,1,1,90,1,2026-08-19T06:18:50.050164+00:00,2026-08-19T06:19:58.725311+00:00
4,533,Fabianski,19,GKP,44,3.0456,2.1764,0.88,0.0048,0.8188,0.0016,1,0,0,0,2026-08-19T06:18:50.050164+00:00,2026-08-19T06:19:58.725311+00:00
4,534,P.Fornals,19,MID,49,0,0,0.0,0.0,0.0,0,1,1,19,0,2026-08-19T06:18:50.050164+00:00,2026-08-19T06:19:58.725311+00:00
4,535,Ings,19,FWD,59,1.3904,1.7125,0.45,0.154,0.4308,0.0044,1,1,10,0,2026-08-19T06:18:50.050164+00:00,2026-08-19T06:19:58.725311+00:00
4,536,Johnson,19,DEF,44,0.8192,1.5042,0.22,0.1716,0.2183,0.0008,1,0,0,0,2026-08-19T06:18:50.050164+00:00,2026-08-19T06:19:58.725311+00:00
4,537,Kehrer,19,DEF,44,0,0,0.0,0.0,0.0,0,1,0,0,0,2026-08-19T06:18:50.050164+00:00,2026-08-19T06:19:58.725311+00:00
4,538,Mubama,19,FWD,44,0.4344,0.8888,0.1,0.198,0.1088,0.0,1,0,0,0,2026-08-19T06:18:50.050164+00:00,2026-08-19T06:19:58.725311+00:00
4,539,L.Paquetá,19,MID,60,1.0968,1.7334,0.28,0.2016,0.2765,0.004,1,6,90,1,2026-08-19T06:18:50.050164+00:00,2026-08-19T06:19:58.725311+00:00
4,541,Scamacca,19,FWD,60,0,0,0.0,0.0,0.0,0,1,0,0,0,2026-08-19T06:18:50.050164+00:00,2026-08-19T06:19:58.725311+00:00
4,542,Souček,19,MID,50,0.9516,1.4783,0.28,0.1584,0.2731,0.0024,1,0,0,0,2026-08-19T06:18:50.050164+00:00,2026-08-19T06:19:58.725311+00:00
4,543,Vlašić,19,MID,45,0,0,0.0,0.0,0.0,0,1,0,0,0,2026-08-19T06:18:50.050164+00:00,2026-08-19T06:19:58.725311+00:00
4,544,Zouma,19,DEF,45,0.7768,1.4729,0.22,0.1716,0.2183,0.0004,1,11,90,1,2026-08-19T06:18:50.050164+00:00,2026-08-19T06:19:58.725311+00:00
4,577,Ogbonna,19,DEF,45,0.4504,1.1211,0.1,0.198,0.1088,0.0008,1,0,0,0,2026-08-19T06:18:50.050164+00:00,2026-08-19T06:19:58.725311+00:00
4,642,Álvarez,19,MID,50,0.6268,1.1416,0.18,0.1804,0.1818,0.0008,1,2,90,1,2026-08-19T06:18:50.050164+00:00,2026-08-19T06:19:58.725311+00:00
4,647,Anang,19,GKP,40,0.146,0.7376,0.04,0.0384,0.0403,0.0,1,0,0,0,2026-08-19T06:18:50.050164+00:00,2026-08-19T06:19:58.725311+00:00
4,664,Ward-Prowse,19,MID,60,1.9116,2.4685,0.45,0.154,0.4308,0.0156,1,7,90,1,2026-08-19T06:18:50.050164+00:00,2026-08-19T06:19:58.725311+00:00
4,676,Mavropanos,19,DEF,45,0.4956,1.2156,0.1,0.198,0.1088,0.0012,1,0,0,0,2026-08-19T06:18:50.050164+00:00,2026-08-19T06:19:58.725311+00:00
4,689,Kudus,19,MID,65,1.5828,2.0062,0.45,0.154,0.4308,0.0068,1,1,1,0,2026-08-19T06:18:50.050164+00:00,2026-08-19T06:19:58.725311+00:00
4,773,Orford,19,MID,45,0.468,0.9485,0.1,0.198,0.1088,0.0004,1,,,,2026-08-19T06:18:50.050164+00:00,
4,774,Casey,19,DEF,40,0.5044,1.1971,0.1,0.198,0.1088,0.0012,1,,,,2026-08-19T06:18:50.050164+00:00,
4,784,Scarles,19,DEF,40,0.4444,1.0508,0.1,0.198,0.1088,0.0,1,,,,2026-08-19T06:18:50.050164+00:00,
4,785,Marshall,19,FWD,45,0,0,0.0,0.0,0.0,0,1,,,,2026-08-19T06:18:50.050164+00:00,
4,829,Earthy,19,MID,45,0.4416,0.8911,0.1,0.198,0.1088,0.0,1,,,,2026-08-19T06:18:50.050164+00:00,
4,351,Doyle,20,MID,44,0.4616,0.9248,0.1,0.198,0.1088,0.0,1,0,0,0,2026-08-19T06:18:50.050164+00:00,2026-08-19T06:19:58.725311+00:00
4,545,Aït-Nouri,20,DEF,45,0.4508,1.1136,0.1,0.198,0.1088,0.0012,1,0,81,1,2026-08-19T06:18:50.050164+00:00,2026-08-19T06:19:58.725311+00:00
4,546,Bentley,20,GKP,40,0.1968,0.8537,0.04,0.0384,0.0403,0.0,1,0,0,0,2026-08-19T06:18:50.050164+00:00,2026-08-19T06:19:58.725311+00:00
4,547,Bolla,20,DEF,40,0,0,0.0,0.0,0.0,0,1,0,0,0,2026-08-19T06:18:50.050164+00:00,2026-08-19T06:19:58.725311+00:00
4,548,H.Bueno,20,DEF,45,0.4432,1.1006,0.1,0.198,0.1088,0.0004,1,1,8,0,2026-08-19T06:18:50.050164+00:00,2026-08-19T06:19:58.725311+00:00
4,549,Chiquinho,20,MID,45,0,0,0.0,0.0,0.0,0,1,0,0,0,2026-08-19T06:18:50.050164+00:00,2026-08-19T06:19:58.725311+00:00
4,550,Cundle,20,MID,45,0,0,0.0,0.0,0.0,0,1,0,0,0,2026-08-19T06:18:50.050164+00:00,2026-08-19T06:19:58.725311+00:00
4,551,Dawson,20,DEF,45,0,0,0.0,0.0,0.0,0,1,1,90,1,2026-08-19T06:18:50.050164+00:00,2026-08-19T06:19:58.725311+00:00
4,552,Fábio Silva,20,FWD,55,0,0,0.0,0.0,0.0,0,1,2,73,1,2026-08-19T06:18:50.050164+00:00,2026-08-19T06:19:58.725311+00:00
4,554,Guedes,20,MID,54,0,0,0.0,0.0,0.0,0,1,0,0,0,2026-08-19T06:18:50.050164+00:00,2026-08-19T06:19:58.725311+00:00
4,555,Hodge,20,MID,44,0,0,0.0,0.0,0.0,0,1,0,0,0,2026-08-19T06:18:50.050164+00:00,2026-08-19T06:19:58.725311+00:00
4,556,Hoever,20,DEF,40,0,0,0.0,0.0,0.0,0,1,0,0,0,2026-08-19T06:18:50.050164+00:00,2026-08-19T06:19:58.725311+00:00
4,557,Hee Chan,20,MID,55,1.7888,2.4063,0.45,0.154,0.4308,0.0148,1,6,30,0,2026-08-19T06:18:50.050164+00:00,2026-08-19T06:19:58.725311+00:00
4,559,João Gomes,20,MID,50,0.8788,1.3431,0.28,0.1584,0.2731,0.0012,1,1,80,1,2026-08-19T06:18:50.050164+00:00,2026-08-19T06:19:58.725311+00:00
4,560,J.Otto,20,DEF,44,0,0,0.0,0.0,0.0,0,1,0,0,0,2026-08-19T06:18:50.050164+00:00,2026-08-19T06:19:58.725311+00:00
4,561,Jordão,20,MID,44,0.4504,0.9273,0.1,0.198,0.1088,0.0,1,0,0,0,2026-08-19T06:18:50.050164+00:00,2026-08-19T06:19:58.725311+00:00
4,562,Kalajdžić,20,FWD,50,0,0,0.0,0.0,0.0,0,1,1,9,0,2026-08-19T06:18:50.050164+00:00,2026-08-19T06:19:58.725311+00:00
4,563,Kilman,20,DEF,45,0.7268,1.4577,0.22,0.1716,0.2183,0.0008,1,1,90,1,2026-08-19T06:18:50.050164+00:00,2026-08-19T06:19:58.725311+00:00
4,564,King,20,GKP,40,0.162,0.7316,0.04,0.0384,0.0403,0.0,1,0,0,0,2026-08-19T06:18:50.050164+00:00,2026-08-19T06:19:58.725311+00:00
4,565,Mario Jr.,20,MID,50,0.944,1.4795,0.28,0.1584,0.2731,0.0004,1,2,90,1,2026-08-19T06:18:50.050164+00:00,2026-08-19T06:19:58.725311+00:00
4,567,Neto,20,MID,55,1.1524,1.7682,0.28,0.2016,0.2765,0.0032,1,10,90,1,2026-08-19T06:18:50.050164+00:00,2026-08-19T06:19:58.725311+00:00
4,568,Podence,20,MID,54,0,0,0.0,0.0,0.0,0,1,0,0,0,2026-08-19T06:18:50.050164+00:00,2026-08-19T06:19:58.725311+00:00
4,569,José Sá,20,GKP,50,3.1132,2.228,0.88,0.0096,0.8192,0.0016,1,3,90,1,2026-08-19T06:18:50.050164+00:00,2026-08-19T06:19:58.725311+00:00
4,570,Sarabia,20,MID,50,0.4704,1.0639,0.09,0.2002,0.0997,0.0004,1,1,59,1,2026-08-19T06:18:50.050164+00:00,2026-08-19T06:19:58.725311+00:00
4,571,Šarkić,20,GKP,40,0,0,0.0,0.0,0.0,0,1,0,0,0,2026-08-19T06:18:50.050164+00:00,2026-08-19T06:19:58.725311+00:00
4,572,N.Semedo,20,DEF,45,0,0,0.0,0.0,0.0,0,1,0,90,1,2026-08-19T06:18:50.050164+00:00,2026-08-19T06:19:58.725311+00:00
4,573,Toti,20,DEF,44,0.482,1.1415,0.1,0.198,0.1088,0.0004,1,0,0,0,2026-08-19T06:18:50.050164+00:00,2026-08-19T06:19:58.725311+00:00
4,574,Boubacar Traore,20,MID,44,0.8536,1.2247,0.28,0.1584,0.2731,0.0008,1,1,16,0,2026-08-19T06:18:50.050164+00:00,2026-08-19T06:19:58.725311+00:00
4,590,Cunha,20,FWD,55,0.9864,1.446,0.28,0.2016,0.2765,0.0008,1,6,90,1,2026-08-19T06:18:50.050164+00:00,2026-08-19T06:19:58.725311+00:00
4,598,Doherty,20,DEF,44,0.7776,1.4317,0.22,0.1716,0.2183,0.0008,1,0,0,0,2026-08-19T06:18:50.050164+00:00,2026-08-19T06:19:58.725311+00:00
4,697,S.Bueno,20,DEF,45,0.488,1.1641,0.1,0.198,0.1088,0.0004,1,0,0,0,2026-08-19T06:18:50.050164+00:00,2026-08-19T06:19:58.725311+00:00
4,698,González,20,MID,50,0.7,1.2615,0.18,0.1804,0.1818,0.0004,1,0,0,0,2026-08-19T06:18:50.050164+00:00,2026-08-19T06:19:58.725311+00:00
4,704,Fraser,20,FWD,45,0.4504,0.9125,0.1,0.198,0.1088,0.0,1,0,0,0,2026-08-19T06:18:50.050164+00:00,2026-08-19T06:19:58.725311+00:00
4,715,Bellegarde,20,MID,49,0.6564,1.1871,0.18,0.1804,0.1818,0.0,1,,,,2026-08-19T06:18:50.050164+00:00,
4,749,Whittingham,20,MID,45,0.45,0.941,0.1,0.198,0.1088,0.0004,1,,,,2026-08-19T06:18:50.050164+00:00,
4,750,Chirewa,20,MID,44,0.4864,0.9519,0.1,0.198,0.1088,0.0,1,,,,2026-08-19T06:18:50.050164+00:00,
4,751,Hubner,20,DEF,40,0.4644,1.1393,0.1,0.198,0.1088,0.0,1,,,,2026-08-19T06:18:50.050164+00:00,
4,769,Hesketh,20,MID,45,0,0,0.0,0.0,0.0,0,1,,,,2026-08-19T06:18:50.050164+00:00,
4,770,Barnett,20,MID,45,0.4764,0.9856,0.1,0.198,0.1088,0.0,1,,,,2026-08-19T06:18:50.050164+00:00,
4,787,Griffiths,20,MID,45,0.454,0.8851,0.1,0.198,0.1088,0.0,1,,,,2026-08-19T06:18:50.050164+00:00,
4,788,Mosquera,20,DEF,40,0,0,0.0,0.0,0.0,0,1,,,,2026-08-19T06:18:50.050164+00:00,
4,800,N.Lemina,20,MID,50,0.6704,1.2881,0.18,0.1804,0.1818,0.0012,1,,,,2026-08-19T06:18:50.050164+00:00,
4,832,Okoduwa,20,DEF,40,0.4528,1.0849,0.1,0.198,0.1088,0.0004,1,,,,2026-08-19T06:18:50.050164+00:00,
4,836,Chiwome,20,FWD,45,0,0,0.0,0.0,0.0,0,1,,,,2026-08-19T06:18:50.050164+00:00,
4,840,Holman,20,FWD,45,0.4504,0.8817,0.1,0.198,0.1088,0.0004,1,,,,2026-08-19T06:18:50.050164+00:00,
4,853,Ojinnaka,20,MID,45,0.4664,0.934,0.1,0.198,0.1088,0.0004,1,,,,2026-08-19T06:18:50.050164+00:00,
