gw,player_id,web_name,team_id,position,now_cost,mu,sigma,p_start,p_sub,p_60,p_10_plus,n_fixtures,actual_points,actual_minutes,did_start,captured_at,scored_at
5,1,Balogun,1,FWD,44,0,0,0.0,0.0,0.0,0,1,0,0,0,2026-08-19T06:18:51.624401+00:00,2026-08-19T06:19:58.757070+00:00
5,2,Cédric,1,DEF,39,0.4584,1.0669,0.1,0.198,0.1088,0.0004,1,0,0,0,2026-08-19T06:18:51.624401+00:00,2026-08-19T06:19:58.757070+00:00
5,3,M.Elneny,1,MID,44,0.4376,0.8809,0.1,0.198,0.1088,0.0,1,0,0,0,2026-08-19T06:18:51.624401+00:00,2026-08-19T06:19:58.757070+00:00
5,4,Fábio Vieira,1,MID,54,0.7232,1.3441,0.18,0.1804,0.1818,0.0008,1,3,79,1,2026-08-19T06:18:51.624401+00:00,2026-08-19T06:19:58.757070+00:00
5,5,Gabriel,1,DEF,48,0.6716,1.3982,0.18,0.1804,0.1818,0.0008,1,5,90,1,2026-08-19T06:18:51.624401+00:00,2026-08-19T06:19:58.757070+00:00
5,6,Havertz,1,MID,72,1.1332,1.8137,0.28,0.2016,0.2765,0.0032,1,1,10,0,2026-08-19T06:18:51.624401+00:00,2026-08-19T06:19:58.757070+00:00
5,8,G.Jesus,1,FWD,79,2.4124,2.2653,0.72,0.0784,0.6759,0.0184,1,1,24,0,2026-08-19T06:18:51.624401+00:00,2026-08-19T06:19:58.757070+00:00
5,9,Jorginho,1,MID,54,0.7036,1.2773,0.18,0.1804,0.1818,0.0004,1,0,0,0,2026-08-19T06:18:51.624401+00:00,2026-08-19T06:19:58.757070+00:00
5,10,Kiwior,1,DEF,44,0.504,1.2061,0.1,0.198,0.1088,0.0004,1,0,0,0,2026-08-19T06:18:51.624401+00:00,2026-08-19T06:19:58.757070+00:00
5,11,Marquinhos,1,MID,45,0,0,0.0,0.0,0.0,0,1,0,0,0,2026-08-19T06:18:51.624401+00:00,2026-08-19T06:19:58.757070+00:00
5,12,Martinelli,1,MID,79,1.1768,1.8763,0.28,0.2016,0.2765,0.0048,1,1,23,0,2026-08-19T06:18:51.624401+00:00,2026-08-19T06:19:58.757070+00:00
5,13,Nketiah,1,FWD,56,1.0128,1.5801,0.28,0.2016,0.2765,0.0032,1,2,65,1,2026-08-19T06:18:51.624401+00:00,2026-08-19T06:19:58.757070+00:00
5,14,Ødegaard,1,MID,85,1.2924,2.1993,0.28,0.2016,0.2765,0.0144,1,3,90,1,2026-08-19T06:18:51.624401+00:00,2026-08-19T06:19:58.757070+00:00
5,15,Thomas,1,MID,49,0.9148,1.4087,0.28,0.1584,0.2731,0.0008,1,0,0,0,2026-08-19T06:18:51.624401+00:00,2026-08-19T06:19:58.757070+00:00
5,16,Pepe,1,MID,49,0,0,0.0,0.0,0.0,0,1,0,0,0,2026-08-19T06:18:51.624401+00:00,2026-08-19T06:19:58.757070+00:00
5,17,Ramsdale,1,GKP,50,0.294,0.9558,0.08,0.0736,0.0803,0.0,1,0,0,0,2026-08-19T06:18:51.624401+00:00,2026-08-19T06:19:58.757070+00:00
5,18,Rúnarsson,1,GKP,40,0,0,0.0,0.0,0.0,0,1,0,0,0,2026-08-19T06:18:51.624401+00:00,2026-08-19T06:19:58.757070+00:00
5,19,Saka,1,MID,87,0.988,2.1183,0.14,0.2408,0.1495,0.012,1,6,90,1,2026-08-19T06:18:51.624401+00:00,2026-08-19T06:19:58.757070+00:00
5,20,Saliba,1,DEF,52,0.87,1.5934,0.28,0.1584,0.2731,0.002,1,6,90,1,2026-08-19T06:18:51.624401+00:00,2026-08-19T06:19:58.757070+00:00
5,22,Smith Rowe,1,MID,53,0.6644,1.2278,0.18,0.1804,0.1818,0.0004,1,0,0,0,2026-08-19T06:18:51.624401+00:00,2026-08-19T06:19:58.757070+00:00
5,24,Tierney,1,DEF,44,0,0,0.0,0.0,0.0,0,1,0,0,0,2026-08-19T06:18:51.624401+00:00,2026-08-19T06:19:58.757070+00:00
5,25,Tomiyasu,1,DEF,45,0.4724,1.1104,0.1,0.198,0.1088,0.0004,1,1,10,0,2026-08-19T06:18:51.624401+00:00,2026-08-19T06:19:58.757070+00:00
5,26,Trossard,1,MID,66,1.626,2.0153,0.45,0.154,0.4308,0.0056,1,11,66,1,2026-08-19T06:18:51.624401+00:00,2026-08-19T06:19:58.757070+00:00
5,29,White,1,DEF,55,0.9376,1.558,0.28,0.2016,0.2765,0.0004,1,7,90,1,2026-08-19T06:18:51.624401+00:00,2026-08-19T06:19:58.757070+00:00
5,30,Xhaka,1,MID,60,0,0,0.0,0.0,0.0,0,1,0,0,0,2026-08-19T06:18:51.624401+00:00,2026-08-19T06:19:58.757070+00:00
5,31,Zinchenko,1,DEF,49,0.6336,1.3405,0.18,0.1804,0.1818,0.0008,1,7,79,1,2026-08-19T06:18:51.624401+00:00,2026-08-19T06:19:58.757070+00:00
5,113,Raya,1,GKP,48,3.6212,2.3293,0.9,0.008,0.8376,0.006,1,8,90,1,2026-08-19T06:18:51.624401+00:00,2026-08-19T06:19:58.757070+00:00
5,540,Rice,1,MID,54,0.9176,1.4493,0.28,0.1584,0.2731,0.002,1,3,90,1,2026-08-19T06:18:51.624401+00:00,2026-08-19T06:19:58.757070+00:00
5,578,Nelson,1,MID,49,0.6416,1.1618,0.18,0.1804,0.1818,0.0008,1,0,0,0,2026-08-19T06:18:51.624401+00:00,2026-08-19T06:19:58.757070+00:00
5,585,J.Timber,1,DEF,47,0.656,1.3641,0.18,0.1804,0.1818,0.0004,1,0,0,0,2026-08-19T06:18:51.624401+00:00,2026-08-19T06:19:58.757070+00:00
5,646,Hein,1,GKP,40,0.144,0.6814,0.04,0.0384,0.0403,0.0,1,0,0,0,2026-08-19T06:18:51.624401+00:00,2026-08-19T06:19:58.757070+00:00
5,735,Sagoe,1,MID,45,0,0,0.0,0.0,0.0,0,1,,,,2026-08-19T06:18:51.624401+00:00,
5,736,Walters,1,DEF,40,0.502,1.2114,0.1,0.198,0.1088,0.0004,1,,,,2026-08-19T06:18:51.624401+00:00,
5,737,Ibrahim,1,MID,45,0,0,0.0,0.0,0.0,0,1,,,,2026-08-19T06:18:51.624401+00:00,
5,764,Lewis-Skelly,1,MID,45,0.4632,0.9589,0.1,0.198,0.1088,0.0008,1,,,,2026-08-19T06:18:51.624401+00:00,
5,772,Nwaneri,1,MID,45,0.4804,0.9849,0.1,0.198,0.1088,0.0,1,,,,2026-08-19T06:18:51.624401+00:00,
5,815,Bandeira,1,MID,45,0.482,0.9581,0.1,0.198,0.1088,0.0008,1,,,,2026-08-19T06:18:51.624401+00:00,
5,817,Sweet,1,DEF,40,0.4592,1.1016,0.1,0.198,0.1088,0.0004,1,,,,2026-08-19T06:18:51.624401+00:00,
5,32,Alex Moreno,2,DEF,50,1.1276,2.1123,0.24,0.1672,0.2366,0.006,1,0,0,0,2026-08-19T06:18:51.624401+00:00,2026-08-19T06:19:58.757070+00:00
5,34,Bailey,2,MID,55,1.556,1.9328,0.45,0.154,0.4308,0.006,1,5,33,0,2026-08-19T06:18:51.624401+00:00,2026-08-19T06:19:58.757070+00:00
5,35,Buendia,2,MID,58,0,0,0.0,0.0,0.0,0,1,0,0,0,2026-08-19T06:18:51.624401+00:00,2026-08-19T06:19:58.757070+00:00
5,36,Cash,2,DEF,47,0,0,0.0,0.0,0.0,0,1,1,90,1,2026-08-19T06:18:51.624401+00:00,2026-08-19T06:19:58.757070+00:00
5,37,Chambers,2,DEF,40,0.7884,1.5395,0.22,0.1716,0.2183,0.0004,1,0,0,0,2026-08-19T06:18:51.624401+00:00,2026-08-19T06:19:58.757070+00:00
5,38,Coutinho,2,MID,58,0,0,0.0,0.0,0.0,0,1,0,0,0,2026-08-19T06:18:51.624401+00:00,2026-08-19T06:19:58.757070+00:00
5,39,Davis,2,FWD,49,0,0,0.0,0.0,0.0,0,1,0,0,0,2026-08-19T06:18:51.624401+00:00,2026-08-19T06:19:58.757070+00:00
5,40,Dendoncker,2,MID,49,0,0,0.0,0.0,0.0,0,1,1,1,0,2026-08-19T06:18:51.624401+00:00,2026-08-19T06:19:58.757070+00:00
5,41,Diego Carlos,2,DEF,45,0.5664,1.3626,0.1,0.198,0.1088,0.0024,1,0,0,0,2026-08-19T06:18:51.624401+00:00,2026-08-19T06:19:58.757070+00:00
5,42,Digne,2,DEF,45,0.8848,1.6355,0.22,0.1716,0.2183,0.0012,1,5,90,1,2026-08-19T06:18:51.624401+00:00,2026-08-19T06:19:58.757070+00:00
5,43,Douglas Luiz,2,MID,54,1.2812,2.2965,0.28,0.1584,0.2731,0.0152,1,10,90,1,2026-08-19T06:18:51.624401+00:00,2026-08-19T06:19:58.757070+00:00
5,44,Duran,2,FWD,50,0.6524,1.2609,0.18,0.1804,0.1818,0.0016,1,5,19,0,2026-08-19T06:18:51.624401+00:00,2026-08-19T06:19:58.757070+00:00
5,45,Hause,2,DEF,40,0.4752,1.1322,0.1,0.198,0.1088,0.0,1,0,0,0,2026-08-19T06:18:51.624401+00:00,2026-08-19T06:19:58.757070+00:00
5,46,Iroegbunam,2,MID,44,0.4784,0.9577,0.1,0.198,0.1088,0.0004,1,0,0,0,2026-08-19T06:18:51.624401+00:00,2026-08-19T06:19:58.757070+00:00
5,47,Kamara,2,MID,50,0,0,0.0,0.0,0.0,0,1,1,57,1,2026-08-19T06:18:51.624401+00:00,2026-08-19T06:19:58.757070+00:00
5,48,Konsa,2,DEF,45,0.8628,1.6839,0.22,0.1716,0.2183,0.0024,1,2,90,1,2026-08-19T06:18:51.624401+00:00,2026-08-19T06:19:58.757070+00:00
5,49,Martinez,2,GKP,49,3.3256,2.3001,0.88,0.0096,0.8192,0.0024,1,2,90,1,2026-08-19T06:18:51.624401+00:00,2026-08-19T06:19:58.757070+00:00
5,50,McGinn,2,MID,55,1.1324,1.8496,0.28,0.2016,0.2765,0.0064,1,1,70,1,2026-08-19T06:18:51.624401+00:00,2026-08-19T06:19:58.757070+00:00
5,51,Mings,2,DEF,43,0,0,0.0,0.0,0.0,0,1,0,0,0,2026-08-19T06:18:51.624401+00:00,2026-08-19T06:19:58.757070+00:00
5,53,Olsen,2,GKP,40,0.12,0.5456,0.04,0.0384,0.0403,0.0,1,0,0,0,2026-08-19T06:18:51.624401+00:00,2026-08-19T06:19:58.757070+00:00
5,54,Philogene,2,MID,45,0,0,0.0,0.0,0.0,0,1,0,0,0,2026-08-19T06:18:51.624401+00:00,2026-08-19T06:19:58.757070+00:00
5,55,J.Ramsey,2,MID,59,0,0,0.0,0.0,0.0,0,1,0,0,0,2026-08-19T06:18:51.624401+00:00,2026-08-19T06:19:58.757070+00:00
5,56,Sanson,2,MID,45,0,0,0.0,0.0,0.0,0,1,0,0,0,2026-08-19T06:18:51.624401+00:00,2026-08-19T06:19:58.757070+00:00
5,57,Sinisalo,2,GKP,40,0,0,0.0,0.0,0.0,0,1,0,0,0,2026-08-19T06:18:51.624401+00:00,2026-08-19T06:19:58.757070+00:00
5,58,Tielemans,2,MID,58,0,0,0.0,0.0,0.0,0,1,1,32,0,2026-08-19T06:18:51.624401+00:00,2026-08-19T06:19:58.757070+00:00
5,59,Bertrand Traoré,2,MID,50,0,0,0.0,0.0,0.0,0,1,0,0,0,2026-08-19T06:18:51.624401+00:00,2026-08-19T06:19:58.757070+00:00
5,60,Watkins,2,FWD,80,1.2308,2.0467,0.28,0.2016,0.2765,0.0104,1,5,90,1,2026-08-19T06:18:51.624401+00:00,2026-08-19T06:19:58.757070+00:00
5,61,Wesley,2,FWD,50,0,0,0.0,0.0,0.0,0,1,0,0,0,2026-08-19T06:18:51.624401+00:00,2026-08-19T06:19:58.757070+00:00
5,584,Pau,2,DEF,45,0.8404,1.6179,0.22,0.1716,0.2183,0.002,1,2,90,1,2026-08-19T06:18:51.624401+00:00,2026-08-19T06:19:58.757070+00:00
5,599,Diaby,2,MID,66,1.2204,1.9667,0.28,0.2016,0.2765,0.0056,1,5,90,1,2026-08-19T06:18:51.624401+00:00,2026-08-19T06:19:58.757070+00:00
5,618,Kellyman,2,MID,45,0.5052,1.0602,0.1,0.198,0.1088,0.0004,1,0,0,0,2026-08-19T06:18:51.624401+00:00,2026-08-19T06:19:58.757070+00:00
5,670,Marschall,2,GKP,40,0,0,0.0,0.0,0.0,0,1,0,0,0,2026-08-19T06:18:51.624401+00:00,2026-08-19T06:19:58.757070+00:00
5,672,Zaniolo,2,MID,55,0,0,0.0,0.0,0.0,0,1,0,56,1,2026-08-19T06:18:51.624401+00:00,2026-08-19T06:19:58.757070+00:00
5,686,Zych,2,GKP,40,0,0,0.0,0.0,0.0,0,1,0,0,0,2026-08-19T06:18:51.624401+00:00,2026-08-19T06:19:58.757070+00:00
5,699,Lenglet,2,DEF,45,0.8164,1.6237,0.22,0.1404,0.2158,0.0004,1,0,0,0,2026-08-19T06:18:51.624401+00:00,2026-08-19T06:19:58.757070+00:00
5,765,Proctor,2,GKP,40,0.1724,0.7561,0.04,0.0384,0.0403,0.0,1,,,,2026-08-19T06:18:51.624401+00:00,
5,767,O'Reilly,2,MID,45,0,0,0.0,0.0,0.0,0,1,,,,2026-08-19T06:18:51.624401+00:00,
5,778,Wright,2,GKP,40,0.2108,0.9446,0.04,0.0384,0.0403,0.0,1,,,,2026-08-19T06:18:51.624401+00:00,
5,793,Kesler-Hayden,2,DEF,40,0.5012,1.2117,0.1,0.198,0.1088,0.0004,1,,,,2026-08-19T06:18:51.624401+00:00,
5,803,Rogers,2,MID,50,0,0,0.0,0.0,0.0,0,1,,,,2026-08-19T06:18:51.624401+00:00,
5,818,Gauci,2,GKP,39,0.1804,0.8198,0.04,0.0384,0.0403,0.0,1,,,,2026-08-19T06:18:51.624401+00:00,
5,854,Munroe,2,DEF,40,0.508,1.2235,0.1,0.198,0.1088,0.0,1,,,,2026-08-19T06:18:51.624401+00:00,
5,865,Young,2,MID,45,0.4776,1.0278,0.1,0.198,0.1088,0.0,1,,,,2026-08-19T06:18:51.624401+00:00,
5,866,Emery,2,GKP,40,0.194,0.8456,0.04,0.0384,0.0403,0.0,1,,,,2026-08-19T06:18:51.624401+00:00,
5,62,Anthony,3,MID,49,0,0,0.0,0.0,0.0,0,1,0,0,0,2026-08-19T06:18:51.624401+00:00,2026-08-19T06:19:58.757070+00:00
5,63,Billing,3,MID,53,0.972,1.5918,0.28,0.1584,0.2731,0.0028,1,3,90,1,2026-08-19T06:18:51.624401+00:00,2026-08-19T06:19:58.757070+00:00
5,64,Brooks,3,MID,49,0,0,0.0,0.0,0.0,0,1,1,1,0,2026-08-19T06:18:51.624401+00:00,2026-08-19T06:19:58.757070+00:00
5,65,Christie,3,MID,50,0.9288,1.4198,0.28,0.1584,0.2731,0.0004,1,3,88,1,2026-08-19T06:18:51.624401+00:00,2026-08-19T06:19:58.757070+00:00
5,66,L.Cook,3,MID,50,0.7108,1.2976,0.18,0.1804,0.1818,0.0012,1,3,90,1,2026-08-19T06:18:51.624401+00:00,2026-08-19T06:19:58.757070+00:00
5,67,Siriki,3,MID,45,0,0,0.0,0.0,0.0,0,1,0,0,0,2026-08-19T06:18:51.624401+00:00,2026-08-19T06:19:58.757070+00:00
5,68,Fredericks,3,DEF,44,0,0,0.0,0.0,0.0,0,1,0,0,0,2026-08-19T06:18:51.624401+00:00,2026-08-19T06:19:58.757070+00:00
5,69,Hill,3,DEF,40,0.5108,1.2551,0.1,0.198,0.1088,0.0012,1,0,0,0,2026-08-19T06:18:51.624401+00:00,2026-08-19T06:19:58.757070+00:00
5,70,Kelly,3,DEF,45,0.4816,1.1404,0.1,0.198,0.1088,0.0004,1,8,90,1,2026-08-19T06:18:51.624401+00:00,2026-08-19T06:19:58.757070+00:00
5,71,Kilkenny,3,MID,44,0,0,0.0,0.0,0.0,0,1,0,0,0,2026-08-19T06:18:51.624401+00:00,2026-08-19T06:19:58.757070+00:00
5,72,Kluivert,3,MID,48,0.6992,1.2686,0.18,0.1804,0.1818,0.0004,1,1,27,0,2026-08-19T06:18:51.624401+00:00,2026-08-19T06:19:58.757070+00:00
5,73,Lowe,3,MID,49,0,0,0.0,0.0,0.0,0,1,0,0,0,2026-08-19T06:18:51.624401+00:00,2026-08-19T06:19:58.757070+00:00
5,74,Marcondes,3,MID,44,0,0,0.0,0.0,0.0,0,1,0,0,0,2026-08-19T06:18:51.624401+00:00,2026-08-19T06:19:58.757070+00:00
5,75,Mepham,3,DEF,44,0.3708,0.9753,0.05,0.209,0.0632,0.0,1,0,0,0,2026-08-19T06:18:51.624401+00:00,2026-08-19T06:19:58.757070+00:00
5,76,Moore,3,FWD,48,0,0,0.0,0.0,0.0,0,1,0,0,0,2026-08-19T06:18:51.624401+00:00,2026-08-19T06:19:58.757070+00:00
5,77,Neto,3,GKP,45,0.1952,0.8871,0.04,0.0384,0.0403,0.0,1,10,90,1,2026-08-19T06:18:51.624401+00:00,2026-08-19T06:19:58.757070+00:00
5,78,O.Dango,3,MID,48,2.024,2.6296,0.48,0.1144,0.4556,0.0192,1,3,62,1,2026-08-19T06:18:51.624401+00:00,2026-08-19T06:19:58.757070+00:00
5,79,Pearson,3,MID,45,0,0,0.0,0.0,0.0,0,1,0,0,0,2026-08-19T06:18:51.624401+00:00,2026-08-19T06:19:58.757070+00:00
5,80,Randolph,3,GKP,40,0.16,0.7543,0.04,0.0384,0.0403,0.0,1,0,0,0,2026-08-19T06:18:51.624401+00:00,2026-08-19T06:19:58.757070+00:00
5,81,Rothwell,3,MID,49,0,0,0.0,0.0,0.0,0,1,0,0,0,2026-08-19T06:18:51.624401+00:00,2026-08-19T06:19:58.757070+00:00
5,82,Semenyo,3,FWD,45,0.8636,1.3369,0.28,0.1584,0.2731,0.0016,1,0,0,0,2026-08-19T06:18:51.624401+00:00,2026-08-19T06:19:58.757070+00:00
5,83,Senesi,3,DEF,44,0.846,1.6342,0.22,0.1716,0.2183,0.0024,1,1,16,0,2026-08-19T06:18:51.624401+00:00,2026-08-19T06:19:58.757070+00:00
5,84,Smith,3,DEF,44,0.7816,1.578,0.22,0.1404,0.2158,0.0004,1,0,0,0,2026-08-19T06:18:51.624401+00:00,2026-08-19T06:19:58.757070+00:00
5,85,Solanke,3,FWD,65,1.2984,2.1498,0.28,0.2016,0.2765,0.0148,1,2,90,1,2026-08-19T06:18:51.624401+00:00,2026-08-19T06:19:58.757070+00:00
5,86,Tavernier,3,MID,54,0.7964,1.4915,0.18,0.1804,0.1818,0.0028,1,3,72,1,2026-08-19T06:18:51.624401+00:00,2026-08-19T06:19:58.757070+00:00
5,87,Hamed Traorè,3,MID,49,0,0,0.0,0.0,0.0,0,1,0,0,0,2026-08-19T06:18:51.624401+00:00,2026-08-19T06:19:58.757070+00:00
5,88,Travers,3,GKP,40,3.2776,2.2721,0.88,0.0048,0.8188,0.002,1,0,0,0,2026-08-19T06:18:51.624401+00:00,2026-08-19T06:19:58.757070+00:00
5,89,Zabarnyi,3,DEF,45,0.834,1.5946,0.22,0.1716,0.2183,0.0012,1,6,90,1,2026-08-19T06:18:51.624401+00:00,2026-08-19T06:19:58.757070+00:00
5,595,Kerkez,3,DEF,45,0.8504,1.6667,0.22,0.1716,0.2183,0.002,1,5,73,1,2026-08-19T06:18:51.624401+00:00,2026-08-19T06:19:58.757070+00:00
5,607,Radu,3,GKP,44,0.1536,0.7364,0.04,0.0384,0.0403,0.0,1,0,0,0,2026-08-19T06:18:51.624401+00:00,2026-08-19T06:19:58.757070+00:00
5,619,Greenwood,3,DEF,40,0,0,0.0,0.0,0.0,0,1,0,0,0,2026-08-19T06:18:51.624401+00:00,2026-08-19T06:19:58.757070+00:00
5,643,Aarons,3,DEF,45,0.8312,1.5833,0.22,0.1716,0.2183,0.0004,1,6,90,1,2026-08-19T06:18:51.624401+00:00,2026-08-19T06:19:58.757070+00:00
5,644,Scott,3,MID,50,0.7268,1.3384,0.18,0.1804,0.1818,0.0012,1,0,0,0,2026-08-19T06:18:51.624401+00:00,2026-08-19T06:19:58.757070+00:00
5,673,Adams,3,MID,50,1.9348,1.0884,0.82,0.0324,0.7652,0.0,1,0,0,0,2026-08-19T06:18:51.624401+00:00,2026-08-19T06:19:58.757070+00:00
5,705,Sinisterra,3,MID,55,0,0,0.0,0.0,0.0,0,1,1,17,0,2026-08-19T06:18:51.624401+00:00,2026-08-19T06:19:58.757070+00:00
5,799,Faivre,3,MID,50,0.7104,1.3744,0.18,0.1804,0.1818,0.0016,1,,,,2026-08-19T06:18:51.624401+00:00,
5,802,Kinsey,3,DEF,40,0.4808,1.2019,0.1,0.198,0.1088,0.0,1,,,,2026-08-19T06:18:51.624401+00:00,
5,804,Enes Ünal,3,FWD,50,0.6424,1.1063,0.18,0.1804,0.1818,0.0004,1,,,,2026-08-19T06:18:51.624401+00:00,
5,811,Sadi,3,MID,45,0.4768,0.9742,0.1,0.198,0.1088,0.0004,1,,,,2026-08-19T06:18:51.624401+00:00,
5,849,Dacosta Gonzalez,3,MID,45,0.472,0.9814,0.1,0.198,0.1088,0.0008,1,,,,2026-08-19T06:18:51.624401+00:00,
5,855,McKenna,3,GKP,40,0.1884,0.8633,0.04,0.0384,0.0403,0.0008,1,,,,2026-08-19T06:18:51.624401+00:00,
5,90,Ajer,4,DEF,45,0.5,1.2255,0.1,0.198,0.1088,0.0016,1,0,0,0,2026-08-19T06:18:51.624401+00:00,2026-08-19T06:19:58.757070+00:00
5,91,Balcombe,4,GKP,40,0.1876,0.7704,0.04,0.0384,0.0403,0.0,1,0,0,0,2026-08-19T06:18:51.624401+00:00,2026-08-19T06:19:58.757070+00:00
5,92,Baptiste,4,MID,44,0.448,0.8982,0.1,0.198,0.1088,0.0004,1,0,0,0,2026-08-19T06:18:51.624401+00:00,2026-08-19T06:19:58.757070+00:00
5,93,Bech,4,DEF,40,0,0,0.0,0.0,0.0,0,1,0,0,0,2026-08-19T06:18:51.624401+00:00,2026-08-19T06:19:58.757070+00:00
5,94,Bidstrup,4,MID,45,0,0,0.0,0.0,0.0,0,1,0,0,0,2026-08-19T06:18:51.624401+00:00,2026-08-19T06:19:58.757070+00:00
5,95,Canós,4,MID,50,0,0,0.0,0.0,0.0,0,1,0,0,0,2026-08-19T06:18:51.624401+00:00,2026-08-19T06:19:58.757070+00:00
5,96,Collins,4,DEF,45,0.476,1.134,0.11,0.1958,0.118,0.0008,1,1,90,1,2026-08-19T06:18:51.624401+00:00,2026-08-19T06:19:58.757070+00:00
5,97,Cox,4,GKP,40,0,0,0.0,0.0,0.0,0,1,0,0,0,2026-08-19T06:18:51.624401+00:00,2026-08-19T06:19:58.757070+00:00
5,98,Damsgaard,4,MID,49,0.7432,1.2907,0.18,0.1804,0.1818,0.0004,1,0,0,0,2026-08-19T06:18:51.624401+00:00,2026-08-19T06:19:58.757070+00:00
5,99,Dasilva,4,MID,48,0,0,0.0,0.0,0.0,0,1,0,0,0,2026-08-19T06:18:51.624401+00:00,2026-08-19T06:19:58.757070+00:00
5,100,Dervişoğlu,4,FWD,45,0,0,0.0,0.0,0.0,0,1,0,0,0,2026-08-19T06:18:51.624401+00:00,2026-08-19T06:19:58.757070+00:00
5,101,Flekken,4,GKP,45,2.848,2.1218,0.88,0.0048,0.8188,0.002,1,1,90,1,2026-08-19T06:18:51.624401+00:00,2026-08-19T06:19:58.757070+00:00
5,102,Goode,4,DEF,40,0,0,0.0,0.0,0.0,0,1,0,0,0,2026-08-19T06:18:51.624401+00:00,2026-08-19T06:19:58.757070+00:00
5,103,Henry,4,DEF,46,0,0,0.0,0.0,0.0,0,1,1,41,0,2026-08-19T06:18:51.624401+00:00,2026-08-19T06:19:58.757070+00:00
5,104,Hickey,4,DEF,45,0,0,0.0,0.0,0.0,0,1,1,81,1,2026-08-19T06:18:51.624401+00:00,2026-08-19T06:19:58.757070+00:00
5,105,Janelt,4,MID,54,0.926,1.4721,0.28,0.1584,0.2731,0.0016,1,2,71,1,2026-08-19T06:18:51.624401+00:00,2026-08-19T06:19:58.757070+00:00
5,106,Jensen,4,MID,54,0.9088,1.4127,0.28,0.1584,0.2731,0.0004,1,2,90,1,2026-08-19T06:18:51.624401+00:00,2026-08-19T06:19:58.757070+00:00
5,107,Lewis-Potter,4,MID,49,0.692,1.3492,0.18,0.1804,0.1818,0.0012,1,1,8,0,2026-08-19T06:18:51.624401+00:00,2026-08-19T06:19:58.757070+00:00
5,108,Mbeumo,4,MID,68,1.308,2.2452,0.28,0.2016,0.2765,0.0144,1,2,90,1,2026-08-19T06:18:51.624401+00:00,2026-08-19T06:19:58.757070+00:00
5,109,Mee,4,DEF,49,0,0,0.0,0.0,0.0,0,1,2,71,1,2026-08-19T06:18:51.624401+00:00,2026-08-19T06:19:58.757070+00:00
5,110,Nørgaard,4,MID,55,0.9952,1.4932,0.28,0.2016,0.2765,0.0012,1,1,71,1,2026-08-19T06:18:51.624401+00:00,2026-08-19T06:19:58.757070+00:00
5,111,Onyeka,4,MID,49,0.4696,1.0138,0.09,0.2002,0.0997,0.0004,1,1,18,0,2026-08-19T06:18:51.624401+00:00,2026-08-19T06:19:58.757070+00:00
5,112,Pinnock,4,DEF,45,0.798,1.5732,0.22,0.1716,0.2183,0.0012,1,2,90,1,2026-08-19T06:18:51.624401+00:00,2026-08-19T06:19:58.757070+00:00
5,114,Roerslev,4,DEF,44,0.4564,1.1138,0.1,0.198,0.1088,0.0008,1,1,48,1,2026-08-19T06:18:51.624401+00:00,2026-08-19T06:19:58.757070+00:00
5,115,Schade,4,MID,54,0.9788,1.5857,0.28,0.1584,0.2731,0.0024,1,1,18,0,2026-08-19T06:18:51.624401+00:00,2026-08-19T06:19:58.757070+00:00
5,116,Strakosha,4,GKP,40,0.1724,0.7661,0.04,0.0384,0.0403,0.0,1,0,0,0,2026-08-19T06:18:51.624401+00:00,2026-08-19T06:19:58.757070+00:00
5,117,Toney,4,FWD,79,3.7336,2.5921,0.9,0.018,0.8384,0.03,1,0,0,0,2026-08-19T06:18:51.624401+00:00,2026-08-19T06:19:58.757070+00:00
5,118,Trevitt,4,MID,45,0,0,0.0,0.0,0.0,0,1,0,0,0,2026-08-19T06:18:51.624401+00:00,2026-08-19T06:19:58.757070+00:00
5,119,Wissa,4,FWD,61,1.0836,1.7612,0.28,0.2016,0.2765,0.006,1,1,90,1,2026-08-19T06:18:51.624401+00:00,2026-08-19T06:19:58.757070+00:00
5,120,Yarmoliuk,4,MID,44,0.4432,0.9095,0.1,0.198,0.1088,0.0,1,0,0,0,2026-08-19T06:18:51.624401+00:00,2026-08-19T06:19:58.757070+00:00
5,121,Zanka,4,DEF,44,0.4992,1.1914,0.1,0.198,0.1088,0.0004,1,0,0,0,2026-08-19T06:18:51.624401+00:00,2026-08-19T06:19:58.757070+00:00
5,258,Maupay,4,FWD,49,0.7132,1.2935,0.18,0.1804,0.1818,0.0004,1,1,18,0,2026-08-19T06:18:51.624401+00:00,2026-08-19T06:19:58.757070+00:00
5,508,Reguilón,4,DEF,44,0.5048,1.1883,0.1,0.198,0.1088,0.0008,1,1,84,1,2026-08-19T06:18:51.624401+00:00,2026-08-19T06:19:58.757070+00:00
5,620,Olakigbe,4,MID,45,0,0,0.0,0.0,0.0,0,1,0,0,0,2026-08-19T06:18:51.624401+00:00,2026-08-19T06:19:58.757070+00:00
5,684,Brierley,4,MID,45,0.4456,0.858,0.1,0.198,0.1088,0.0,1,0,0,0,2026-08-19T06:18:51.624401+00:00,2026-08-19T06:19:58.757070+00:00
5,701,Ghoddos,4,MID,45,0.494,0.9312,0.1,0.198,0.1088,0.0,1,0,0,0,2026-08-19T06:18:51.624401+00:00,2026-08-19T06:19:58.757070+00:00
5,725,Kim Ji-Soo,4,DEF,40,0.482,1.1263,0.1,0.198,0.1088,0.0,1,,,,2026-08-19T06:18:51.624401+00:00,
5,733,Adedokun,4,DEF,40,0.4944,1.1528,0.1,0.198,0.1088,0.0,1,,,,2026-08-19T06:18:51.624401+00:00,
5,744,Peart-Harris,4,MID,45,0,0,0.0,0.0,0.0,0,1,,,,2026-08-19T06:18:51.624401+00:00,
5,752,Angelini,4,GKP,40,0.1432,0.6792,0.04,0.0384,0.0403,0.0,1,,,,2026-08-19T06:18:51.624401+00:00,
5,789,Valdimarsson,4,GKP,40,0.1572,0.7499,0.04,0.0384,0.0403,0.0,1,,,,2026-08-19T06:18:51.624401+00:00,
5,797,Fredrick,4,DEF,40,0.446,1.0309,0.1,0.198,0.1088,0.0,1,,,,2026-08-19T06:18:51.624401+00:00,
5,834,Arthur,4,DEF,40,0.4572,1.0906,0.1,0.198,0.1088,0.0,1,,,,2026-08-19T06:18:51.624401+00:00,
5,864,Konak,4,MID,45,0.4344,0.9443,0.1,0.198,0.1088,0.0004,1,,,,2026-08-19T06:18:51.624401+00:00,
5,122,Adingra,5,MID,50,0.71,1.3137,0.18,0.1804,0.1818,0.0016,1,5,84,1,2026-08-19T06:18:51.624401+00:00,2026-08-19T06:19:58.757070+00:00
5,123,Alzate,5,MID,44,0,0,0.0,0.0,0.0,0,1,0,0,0,2026-08-19T06:18:51.624401+00:00,2026-08-19T06:19:58.757070+00:00
5,124,Ayari,5,MID,45,0,0,0.0,0.0,0.0,0,1,0,0,0,2026-08-19T06:18:51.624401+00:00,2026-08-19T06:19:58.757070+00:00
5,125,Buonanotte,5,MID,48,1.0076,1.6111,0.28,0.1584,0.2731,0.002,1,0,0,0,2026-08-19T06:18:51.624401+00:00,2026-08-19T06:19:58.757070+00:00
5,127,Connolly,5,FWD,45,0,0,0.0,0.0,0.0,0,1,0,0,0,2026-08-19T06:18:51.624401+00:00,2026-08-19T06:19:58.757070+00:00
5,128,Dahoud,5,MID,48,0,0,0.0,0.0,0.0,0,1,2,76,1,2026-08-19T06:18:51.624401+00:00,2026-08-19T06:19:58.757070+00:00
5,129,Dunk,5,DEF,50,0,0,0.0,0.0,0.0,0,1,2,90,1,2026-08-19T06:18:51.624401+00:00,2026-08-19T06:19:58.757070+00:00
5,130,Enciso,5,MID,52,0.6944,1.3194,0.18,0.1804,0.1818,0.0008,1,0,0,0,2026-08-19T06:18:51.624401+00:00,2026-08-19T06:19:58.757070+00:00
5,131,Estupiñan,5,DEF,53,0,0,0.0,0.0,0.0,0,1,0,0,0,2026-08-19T06:18:51.624401+00:00,2026-08-19T06:19:58.757070+00:00
5,132,Ferguson,5,FWD,60,0,0,0.0,0.0,0.0,0,1,1,5,0,2026-08-19T06:18:51.624401+00:00,2026-08-19T06:19:58.757070+00:00
5,133,Gilmour,5,MID,49,0.9048,1.3666,0.28,0.1584,0.2731,0.0004,1,1,13,0,2026-08-19T06:18:51.624401+00:00,2026-08-19T06:19:58.757070+00:00
5,134,Gross,5,MID,63,1.1288,1.7953,0.28,0.2016,0.2765,0.0052,1,10,90,1,2026-08-19T06:18:51.624401+00:00,2026-08-19T06:19:58.757070+00:00
5,135,João Pedro,5,FWD,54,0.7576,1.5504,0.18,0.1804,0.1818,0.0048,1,7,26,0,2026-08-19T06:18:51.624401+00:00,2026-08-19T06:19:58.757070+00:00
5,136,Karbownik,5,DEF,40,0,0,0.0,0.0,0.0,0,1,0,0,0,2026-08-19T06:18:51.624401+00:00,2026-08-19T06:19:58.757070+00:00
5,137,Kozłowski,5,MID,45,0,0,0.0,0.0,0.0,0,1,0,0,0,2026-08-19T06:18:51.624401+00:00,2026-08-19T06:19:58.757070+00:00
5,138,Lallana,5,MID,49,0.6384,1.1406,0.18,0.1804,0.1818,0.0,1,3,63,1,2026-08-19T06:18:51.624401+00:00,2026-08-19T06:19:58.757070+00:00
5,139,Lamptey,5,DEF,39,0.4108,0.9462,0.1,0.198,0.1088,0.0,1,7,76,1,2026-08-19T06:18:51.624401+00:00,2026-08-19T06:19:58.757070+00:00
5,140,March,5,MID,66,0,0,0.0,0.0,0.0,0,1,0,0,0,2026-08-19T06:18:51.624401+00:00,2026-08-19T06:19:58.757070+00:00
5,141,McGill,5,GKP,40,0.1748,0.764,0.04,0.0384,0.0403,0.0,1,0,0,0,2026-08-19T06:18:51.624401+00:00,2026-08-19T06:19:58.757070+00:00
5,142,Milner,5,MID,49,0,0,0.0,0.0,0.0,0,1,1,13,0,2026-08-19T06:18:51.624401+00:00,2026-08-19T06:19:58.757070+00:00
5,143,Mitoma,5,MID,65,0,0,0.0,0.0,0.0,0,1,2,90,1,2026-08-19T06:18:51.624401+00:00,2026-08-19T06:19:58.757070+00:00
5,144,Moder,5,MID,44,0.4784,0.9627,0.1,0.198,0.1088,0.0,1,0,0,0,2026-08-19T06:18:51.624401+00:00,2026-08-19T06:19:58.757070+00:00
5,146,Sarmiento,5,MID,45,0,0,0.0,0.0,0.0,0,1,0,0,0,2026-08-19T06:18:51.624401+00:00,2026-08-19T06:19:58.757070+00:00
5,147,Scherpen,5,GKP,40,0,0,0.0,0.0,0.0,0,1,0,0,0,2026-08-19T06:18:51.624401+00:00,2026-08-19T06:19:58.757070+00:00
5,148,Steele,5,GKP,44,2.6972,2.0558,0.88,0.0048,0.8188,0.0004,1,3,90,1,2026-08-19T06:18:51.624401+00:00,2026-08-19T06:19:58.757070+00:00
5,149,Undav,5,FWD,55,0,0,0.0,0.0,0.0,0,1,0,0,0,2026-08-19T06:18:51.624401+00:00,2026-08-19T06:19:58.757070+00:00
5,150,Van Hecke,5,DEF,40,0,0,0.0,0.0,0.0,0,1,1,90,1,2026-08-19T06:18:51.624401+00:00,2026-08-19T06:19:58.757070+00:00
5,151,Veltman,5,DEF,44,0,0,0.0,0.0,0.0,0,1,2,90,1,2026-08-19T06:18:51.624401+00:00,2026-08-19T06:19:58.757070+00:00
5,152,Verbruggen,5,GKP,44,0.1728,0.7854,0.04,0.0384,0.0403,0.0,1,0,0,0,2026-08-19T06:18:51.624401+00:00,2026-08-19T06:19:58.757070+00:00
5,153,Webster,5,DEF,44,0.4344,1.0593,0.1,0.198,0.1088,0.0,1,0,0,0,2026-08-19T06:18:51.624401+00:00,2026-08-19T06:19:58.757070+00:00
5,154,Welbeck,5,FWD,58,0.95,1.4398,0.28,0.2016,0.2765,0.0016,1,7,63,1,2026-08-19T06:18:51.624401+00:00,2026-08-19T06:19:58.757070+00:00
5,155,Zeqiri,5,FWD,44,0,0,0.0,0.0,0.0,0,1,0,0,0,2026-08-19T06:18:51.624401+00:00,2026-08-19T06:19:58.757070+00:00
5,606,Igor,5,DEF,43,0.4936,1.1987,0.1,0.198,0.1088,0.002,1,0,0,0,2026-08-19T06:18:51.624401+00:00,2026-08-19T06:19:58.757070+00:00
5,621,Hinshelwood,5,MID,45,0,0,0.0,0.0,0.0,0,1,0,0,0,2026-08-19T06:18:51.624401+00:00,2026-08-19T06:19:58.757070+00:00
5,690,Baleba,5,MID,45,0.4804,0.8973,0.1,0.198,0.1088,0.0,1,0,0,0,2026-08-19T06:18:51.624401+00:00,2026-08-19T06:19:58.757070+00:00
5,700,Ansu Fati,5,MID,65,1.5652,1.9866,0.45,0.154,0.4308,0.0052,1,1,26,0,2026-08-19T06:18:51.624401+00:00,2026-08-19T06:19:58.757070+00:00
5,741,O’Mahony,5,FWD,45,0.4484,0.8915,0.1,0.198,0.1088,0.0,1,,,,2026-08-19T06:18:51.624401+00:00,
5,742,Baker-Boaitey,5,MID,45,0.488,0.9649,0.1,0.198,0.1088,0.0,1,,,,2026-08-19T06:18:51.624401+00:00,
5,746,Jackson,5,DEF,40,0.4692,1.1005,0.1,0.198,0.1088,0.0,1,,,,2026-08-19T06:18:51.624401+00:00,
5,747,Duffus,5,MID,44,0.4468,0.921,0.1,0.198,0.1088,0.0,1,,,,2026-08-19T06:18:51.624401+00:00,
5,753,Kavanagh,5,DEF,40,0.5096,1.187,0.1,0.198,0.1088,0.0004,1,,,,2026-08-19T06:18:51.624401+00:00,
5,755,Barrington,5,MID,45,0.4656,0.982,0.1,0.198,0.1088,0.0004,1,,,,2026-08-19T06:18:51.624401+00:00,
5,786,Peupion,5,MID,45,0.4716,0.9895,0.1,0.198,0.1088,0.0008,1,,,,2026-08-19T06:18:51.624401+00:00,
5,816,Barco,5,DEF,40,0.4616,1.086,0.1,0.198,0.1088,0.0004,1,,,,2026-08-19T06:18:51.624401+00:00,
5,843,Chouchane,5,MID,45,0.466,1.0333,0.1,0.198,0.1088,0.0004,1,,,,2026-08-19T06:18:51.624401+00:00,
5,845,Offiah,5,DEF,40,0.4852,1.1264,0.1,0.198,0.1088,0.0,1,,,,2026-08-19T06:18:51.624401+00:00,
5,861,Atom,5,DEF,40,0.4608,1.0711,0.1,0.198,0.1088,0.0,1,,,,2026-08-19T06:18:51.624401+00:00,
5,156,Agyei,6,MID,44,0.5092,0.981,0.1,0.198,0.1088,0.0,1,0,0,0,2026-08-19T06:18:51.624401+00:00,2026-08-19T06:19:58.757070+00:00
5,157,Al-Dakhil,6,DEF,40,0,0,0.0,0.0,0.0,0,1,2,90,1,2026-08-19T06:18:51.624401+00:00,2026-08-19T06:19:58.757070+00:00
5,158,Bastien,6,MID,49,0,0,0.0,0.0,0.0,0,1,0,0,0,2026-08-19T06:18:51.624401+00:00,2026-08-19T06:19:58.757070+00:00
5,159,Benson,6,MID,53,0.6716,1.259,0.18,0.1804,0.1818,0.0012,1,0,0,0,2026-08-19T06:18:51.624401+00:00,2026-08-19T06:19:58.757070+00:00
5,160,Beyer,6,DEF,40,0,0,0.0,0.0,0.0,0,1,3,87,1,2026-08-19T06:18:51.624401+00:00,2026-08-19T06:19:58.757070+00:00
5,161,Brownhill,6,MID,48,0.702,1.2804,0.18,0.1804,0.1818,0.0012,1,2,90,1,2026-08-19T06:18:51.624401+00:00,2026-08-19T06:19:58.757070+00:00
5,162,Churlinov,6,MID,44,0,0,0.0,0.0,0.0,0,1,0,0,0,2026-08-19T06:18:51.624401+00:00,2026-08-19T06:19:58.757070+00:00
5,163,Cork,6,MID,49,0.7008,1.2374,0.18,0.1804,0.1818,0.0004,1,0,0,0,2026-08-19T06:18:51.624401+00:00,2026-08-19T06:19:58.757070+00:00
5,164,Costelloe,6,MID,45,0,0,0.0,0.0,0.0,0,1,0,0,0,2026-08-19T06:18:51.624401+00:00,2026-08-19T06:19:58.757070+00:00
5,165,Cullen,6,MID,50,0.8644,1.3119,0.28,0.1584,0.2731,0.0012,1,1,90,1,2026-08-19T06:18:51.624401+00:00,2026-08-19T06:19:58.757070+00:00
5,166,Egan-Riley,6,DEF,39,0,0,0.0,0.0,0.0,0,1,0,0,0,2026-08-19T06:18:51.624401+00:00,2026-08-19T06:19:58.757070+00:00
5,167,Ekdal,6,DEF,40,0.454,1.0898,0.1,0.198,0.1088,0.0008,1,0,0,0,2026-08-19T06:18:51.624401+00:00,2026-08-19T06:19:58.757070+00:00
5,168,Foster,6,FWD,50,0.8748,1.357,0.28,0.1584,0.2731,0.0,1,2,90,1,2026-08-19T06:18:51.624401+00:00,2026-08-19T06:19:58.757070+00:00
5,169,Franchi,6,GKP,40,0,0,0.0,0.0,0.0,0,1,0,0,0,2026-08-19T06:18:51.624401+00:00,2026-08-19T06:19:58.757070+00:00
5,170,Gudmundsson,6,MID,49,0.65,1.1805,0.18,0.1804,0.1818,0.0,1,2,62,1,2026-08-19T06:18:51.624401+00:00,2026-08-19T06:19:58.757070+00:00
5,171,McNally,6,DEF,40,0,0,0.0,0.0,0.0,0,1,0,0,0,2026-08-19T06:18:51.624401+00:00,2026-08-19T06:19:58.757070+00:00
5,172,Muric,6,GKP,44,0.1672,0.735,0.04,0.0384,0.0403,0.0,1,0,0,0,2026-08-19T06:18:51.624401+00:00,2026-08-19T06:19:58.757070+00:00
5,173,O'Shea,6,DEF,45,0.6804,1.3573,0.22,0.1716,0.2183,0.0004,1,0,0,0,2026-08-19T06:18:51.624401+00:00,2026-08-19T06:19:58.757070+00:00
5,174,Obafemi,6,FWD,49,0,0,0.0,0.0,0.0,0,1,0,0,0,2026-08-19T06:18:51.624401+00:00,2026-08-19T06:19:58.757070+00:00
5,175,Peacock-Farrell,6,GKP,40,0,0,0.0,0.0,0.0,0,1,0,0,0,2026-08-19T06:18:51.624401+00:00,2026-08-19T06:19:58.757070+00:00
5,176,Roberts,6,DEF,44,0,0,0.0,0.0,0.0,0,1,1,90,1,2026-08-19T06:18:51.624401+00:00,2026-08-19T06:19:58.757070+00:00
5,177,Rodriguez,6,FWD,53,0.7892,1.5378,0.18,0.1804,0.1818,0.0036,1,0,0,0,2026-08-19T06:18:51.624401+00:00,2026-08-19T06:19:58.757070+00:00
5,178,Taylor,6,DEF,40,0.5312,1.2649,0.1,0.198,0.1088,0.0012,1,2,90,1,2026-08-19T06:18:51.624401+00:00,2026-08-19T06:19:58.757070+00:00
5,179,Thomas,6,DEF,40,0,0,0.0,0.0,0.0,0,1,0,0,0,2026-08-19T06:18:51.624401+00:00,2026-08-19T06:19:58.757070+00:00
5,180,Twine,6,MID,49,0,0,0.0,0.0,0.0,0,1,0,0,0,2026-08-19T06:18:51.624401+00:00,2026-08-19T06:19:58.757070+00:00
5,181,Vigouroux,6,GKP,40,0.172,0.7565,0.04,0.0384,0.0403,0.0,1,0,0,0,2026-08-19T06:18:51.624401+00:00,2026-08-19T06:19:58.757070+00:00
5,182,Vitinho,6,DEF,44,0.4612,1.0454,0.1,0.198,0.1088,0.0,1,0,0,0,2026-08-19T06:18:51.624401+00:00,2026-08-19T06:19:58.757070+00:00
5,183,Weghorst,6,FWD,55,0,0,0.0,0.0,0.0,0,1,0,0,0,2026-08-19T06:18:51.624401+00:00,2026-08-19T06:19:58.757070+00:00
5,184,Zaroury,6,MID,49,0,0,0.0,0.0,0.0,0,1,1,27,0,2026-08-19T06:18:51.624401+00:00,2026-08-19T06:19:58.757070+00:00
5,200,D.D.Fofana,6,FWD,50,0.6812,1.1977,0.18,0.1804,0.1818,0.0004,1,0,0,0,2026-08-19T06:18:51.624401+00:00,2026-08-19T06:19:58.757070+00:00
5,475,Berge,6,MID,49,0.8684,1.3332,0.28,0.1584,0.2731,0.0008,1,1,26,0,2026-08-19T06:18:51.624401+00:00,2026-08-19T06:19:58.757070+00:00
5,594,Amdouni,6,FWD,54,0.8608,1.296,0.28,0.1584,0.2731,0.0012,1,8,63,1,2026-08-19T06:18:51.624401+00:00,2026-08-19T06:19:58.757070+00:00
5,596,Trafford,6,GKP,45,3.1604,2.2081,0.88,0.0048,0.8188,0.0028,1,2,90,1,2026-08-19T06:18:51.624401+00:00,2026-08-19T06:19:58.757070+00:00
5,600,Redmond,6,MID,48,0,0,0.0,0.0,0.0,0,1,0,0,0,2026-08-19T06:18:51.624401+00:00,2026-08-19T06:19:58.757070+00:00
5,605,Koleosho,6,MID,50,0.614,1.1464,0.14,0.1892,0.1453,0.0008,1,2,75,1,2026-08-19T06:18:51.624401+00:00,2026-08-19T06:19:58.757070+00:00
5,608,Bruun Larsen,6,MID,49,0.6596,1.1877,0.18,0.1804,0.1818,0.0008,1,0,0,0,2026-08-19T06:18:51.624401+00:00,2026-08-19T06:19:58.757070+00:00
5,622,Dodgson,6,DEF,40,0,0,0.0,0.0,0.0,0,1,0,0,0,2026-08-19T06:18:51.624401+00:00,2026-08-19T06:19:58.757070+00:00
5,660,Odobert,6,MID,50,0.656,1.1572,0.18,0.1804,0.1818,0.0004,1,0,0,0,2026-08-19T06:18:51.624401+00:00,2026-08-19T06:19:58.757070+00:00
5,674,Delcroix,6,DEF,40,0.4772,1.1358,0.1,0.198,0.1088,0.002,1,1,3,0,2026-08-19T06:18:51.624401+00:00,2026-08-19T06:19:58.757070+00:00
5,675,A.Ramsey,6,MID,50,0,0,0.0,0.0,0.0,0,1,0,0,0,2026-08-19T06:18:51.624401+00:00,2026-08-19T06:19:58.757070+00:00
5,694,Massengo,6,MID,50,0.6892,1.2498,0.18,0.1804,0.1818,0.0004,1,0,0,0,2026-08-19T06:18:51.624401+00:00,2026-08-19T06:19:58.757070+00:00
5,706,M.Trésor,6,MID,55,1.428,1.7108,0.45,0.154,0.4308,0.0012,1,1,14,0,2026-08-19T06:18:51.624401+00:00,2026-08-19T06:19:58.757070+00:00
5,805,Assignon,6,DEF,40,0.4532,1.0927,0.1,0.198,0.1088,0.0012,1,,,,2026-08-19T06:18:51.624401+00:00,
5,806,Estève,6,DEF,40,0.4484,1.1295,0.1,0.198,0.1088,0.0004,1,,,,2026-08-19T06:18:51.624401+00:00,
5,126,Caicedo,7,MID,49,0.6352,1.148,0.18,0.1804,0.1818,0.0008,1,0,0,0,2026-08-19T06:18:51.624401+00:00,2026-08-19T06:19:58.757070+00:00
5,145,Sanchez,7,GKP,45,0.08,0.4383,0.02,0.0392,0.0217,0.0,1,10,90,1,2026-08-19T06:18:51.624401+00:00,2026-08-19T06:19:58.757070+00:00
5,185,Ampadu,7,DEF,40,0,0,0.0,0.0,0.0,0,1,0,0,0,2026-08-19T06:18:51.624401+00:00,2026-08-19T06:19:58.757070+00:00
5,186,Andrey,7,MID,44,0,0,0.0,0.0,0.0,0,1,0,0,0,2026-08-19T06:18:51.624401+00:00,2026-08-19T06:19:58.757070+00:00
5,187,Arrizabalaga,7,GKP,50,0,0,0.0,0.0,0.0,0,1,0,0,0,2026-08-19T06:18:51.624401+00:00,2026-08-19T06:19:58.757070+00:00
5,188,Aubameyang,7,FWD,65,0,0,0.0,0.0,0.0,0,1,0,0,0,2026-08-19T06:18:51.624401+00:00,2026-08-19T06:19:58.757070+00:00
5,189,Azpilicueta,7,DEF,45,0,0,0.0,0.0,0.0,0,1,0,0,0,2026-08-19T06:18:51.624401+00:00,2026-08-19T06:19:58.757070+00:00
5,190,Baba,7,DEF,40,0,0,0.0,0.0,0.0,0,1,0,0,0,2026-08-19T06:18:51.624401+00:00,2026-08-19T06:19:58.757070+00:00
5,191,B.Badiashile,7,DEF,44,0.7884,1.6463,0.22,0.1716,0.2183,0.004,1,0,0,0,2026-08-19T06:18:51.624401+00:00,2026-08-19T06:19:58.757070+00:00
5,192,Bettinelli,7,GKP,40,0.1292,0.6399,0.04,0.0384,0.0403,0.0,1,0,0,0,2026-08-19T06:18:51.624401+00:00,2026-08-19T06:19:58.757070+00:00
5,194,Chalobah,7,DEF,43,0.6604,1.3901,0.22,0.1404,0.2158,0.0012,1,0,0,0,2026-08-19T06:18:51.624401+00:00,2026-08-19T06:19:58.757070+00:00
5,195,Chilwell,7,DEF,58,1.1704,2.0542,0.28,0.2016,0.2765,0.0068,1,0,10,0,2026-08-19T06:18:51.624401+00:00,2026-08-19T06:19:58.757070+00:00
5,196,Chukwuemeka,7,MID,44,0.474,0.9398,0.1,0.198,0.1088,0.0,1,0,0,0,2026-08-19T06:18:51.624401+00:00,2026-08-19T06:19:58.757070+00:00
5,197,Colwill,7,DEF,45,0.7956,1.5516,0.22,0.1716,0.2183,0.0024,1,6,79,1,2026-08-19T06:18:51.624401+00:00,2026-08-19T06:19:58.757070+00:00
5,198,Cucurella,7,DEF,49,1.7452,1.9306,0.68,0.0576,0.637,0.0,1,0,0,0,2026-08-19T06:18:51.624401+00:00,2026-08-19T06:19:58.757070+00:00
5,199,Enzo,7,MID,50,0,0,0.0,0.0,0.0,0,1,3,80,1,2026-08-19T06:18:51.624401+00:00,2026-08-19T06:19:58.757070+00:00
5,201,W.Fofana,7,DEF,44,0,0,0.0,0.0,0.0,0,1,0,0,0,2026-08-19T06:18:51.624401+00:00,2026-08-19T06:19:58.757070+00:00
5,202,Gallagher,7,MID,55,1.006,1.5813,0.28,0.2016,0.2765,0.0028,1,3,90,1,2026-08-19T06:18:51.624401+00:00,2026-08-19T06:19:58.757070+00:00
5,203,Gusto,7,DEF,42,0.7516,1.4627,0.22,0.1716,0.2183,0.0,1,6,90,1,2026-08-19T06:18:51.624401+00:00,2026-08-19T06:19:58.757070+00:00
5,206,James,7,DEF,53,0,0,0.0,0.0,0.0,0,1,0,0,0,2026-08-19T06:18:51.624401+00:00,2026-08-19T06:19:58.757070+00:00
5,207,Lukaku,7,FWD,68,0,0,0.0,0.0,0.0,0,1,0,0,0,2026-08-19T06:18:51.624401+00:00,2026-08-19T06:19:58.757070+00:00
5,208,Madueke,7,MID,54,0.72,1.3764,0.18,0.1804,0.1818,0.0016,1,0,0,0,2026-08-19T06:18:51.624401+00:00,2026-08-19T06:19:58.757070+00:00
5,210,Mudryk,7,MID,64,0,0,0.0,0.0,0.0,0,1,2,62,1,2026-08-19T06:18:51.624401+00:00,2026-08-19T06:19:58.757070+00:00
5,211,N.Jackson,7,FWD,71,1.2684,1.9798,0.28,0.2016,0.2765,0.008,1,1,90,1,2026-08-19T06:18:51.624401+00:00,2026-08-19T06:19:58.757070+00:00
5,212,Nkunku,7,FWD,73,2.1512,2.0049,0.72,0.0784,0.6759,0.0104,1,0,0,0,2026-08-19T06:18:51.624401+00:00,2026-08-19T06:19:58.757070+00:00
5,213,Pulisic,7,MID,55,0,0,0.0,0.0,0.0,0,1,0,0,0,2026-08-19T06:18:51.624401+00:00,2026-08-19T06:19:58.757070+00:00
5,214,M.Sarr,7,DEF,44,0.4564,1.095,0.1,0.198,0.1088,0.0004,1,0,0,0,2026-08-19T06:18:51.624401+00:00,2026-08-19T06:19:58.757070+00:00
5,215,Slonina,7,GKP,40,0,0,0.0,0.0,0.0,0,1,0,0,0,2026-08-19T06:18:51.624401+00:00,2026-08-19T06:19:58.757070+00:00
5,216,Sterling,7,MID,72,1.1648,1.97,0.28,0.2016,0.2765,0.0088,1,2,90,1,2026-08-19T06:18:51.624401+00:00,2026-08-19T06:19:58.757070+00:00
5,217,T.Silva,7,DEF,50,0.8508,1.5571,0.28,0.1584,0.2731,0.0024,1,6,90,1,2026-08-19T06:18:51.624401+00:00,2026-08-19T06:19:58.757070+00:00
5,218,Ziyech,7,MID,54,0,0,0.0,0.0,0.0,0,1,0,0,0,2026-08-19T06:18:51.624401+00:00,2026-08-19T06:19:58.757070+00:00
5,362,Palmer,7,MID,49,0.8388,1.6763,0.18,0.1804,0.1818,0.0044,1,1,27,0,2026-08-19T06:18:51.624401+00:00,2026-08-19T06:19:58.757070+00:00
5,589,Ângelo,7,MID,50,0,0,0.0,0.0,0.0,0,1,0,0,0,2026-08-19T06:18:51.624401+00:00,2026-08-19T06:19:58.757070+00:00
5,609,Maatsen,7,MID,53,0,0,0.0,0.0,0.0,0,1,1,9,0,2026-08-19T06:18:51.624401+00:00,2026-08-19T06:19:58.757070+00:00
5,611,Disasi,7,DEF,51,0.9208,1.7517,0.28,0.1584,0.2731,0.0044,1,5,90,1,2026-08-19T06:18:51.624401+00:00,2026-08-19T06:19:58.757070+00:00
5,613,Ugochukwu,7,MID,44,0.4604,0.9394,0.1,0.198,0.1088,0.0,1,3,90,1,2026-08-19T06:18:51.624401+00:00,2026-08-19T06:19:58.757070+00:00
5,623,Burstow,7,FWD,45,0,0,0.0,0.0,0.0,0,1,0,0,0,2026-08-19T06:18:51.624401+00:00,2026-08-19T06:19:58.757070+00:00
5,659,Bergström,7,GKP,40,0,0,0.0,0.0,0.0,0,1,0,0,0,2026-08-19T06:18:51.624401+00:00,2026-08-19T06:19:58.757070+00:00
5,667,Lavia,7,MID,50,0,0,0.0,0.0,0.0,0,1,0,0,0,2026-08-19T06:18:51.624401+00:00,2026-08-19T06:19:58.757070+00:00
5,671,Humphreys,7,DEF,40,0,0,0.0,0.0,0.0,0,1,0,0,0,2026-08-19T06:18:51.624401+00:00,2026-08-19T06:19:58.757070+00:00
5,677,Deivid,7,FWD,45,0.4668,0.8897,0.1,0.198,0.1088,0.0,1,0,0,0,2026-08-19T06:18:51.624401+00:00,2026-08-19T06:19:58.757070+00:00
5,680,Beach,7,GKP,40,0,0,0.0,0.0,0.0,0,1,0,0,0,2026-08-19T06:18:51.624401+00:00,2026-08-19T06:19:58.757070+00:00
5,681,Diego Moreira,7,MID,45,0.4384,0.9007,0.1,0.198,0.1088,0.0004,1,0,0,0,2026-08-19T06:18:51.624401+00:00,2026-08-19T06:19:58.757070+00:00
5,687,Petrović,7,GKP,45,2.6304,2.0219,0.88,0.0048,0.8188,0.0012,1,0,0,0,2026-08-19T06:18:51.624401+00:00,2026-08-19T06:19:58.757070+00:00
5,716,Gilchrist,7,DEF,40,0.5156,1.2099,0.1,0.198,0.1088,0.0012,1,0,0,0,2026-08-19T06:18:51.624401+00:00,2026-08-19T06:19:58.757070+00:00
5,717,Stutter,7,FWD,45,0.4388,0.9197,0.1,0.198,0.1088,0.0,1,0,0,0,2026-08-19T06:18:51.624401+00:00,2026-08-19T06:19:58.757070+00:00
5,718,Matos,7,MID,45,0,0,0.0,0.0,0.0,0,1,0,0,0,2026-08-19T06:18:51.624401+00:00,2026-08-19T06:19:58.757070+00:00
5,723,Brooking,7,DEF,40,0.4904,1.1562,0.1,0.198,0.1088,0.0004,1,,,,2026-08-19T06:18:51.624401+00:00,
5,758,Castledine,7,MID,45,0.4424,0.8657,0.1,0.198,0.1088,0.0004,1,,,,2026-08-19T06:18:51.624401+00:00,
5,791,Casadei,7,MID,45,0.4436,0.9252,0.1,0.198,0.1088,0.0004,1,,,,2026-08-19T06:18:51.624401+00:00,
5,819,Samuels-Smith,7,DEF,40,0.5004,1.1645,0.1,0.198,0.1088,0.0004,1,,,,2026-08-19T06:18:51.624401+00:00,
5,820,Harrison,7,MID,45,0.4672,0.9409,0.1,0.198,0.1088,0.0,1,,,,2026-08-19T06:18:51.624401+00:00,
5,830,Tauriainen,7,MID,45,0.436,0.9077,0.1,0.198,0.1088,0.0004,1,,,,2026-08-19T06:18:51.624401+00:00,
5,838,Acheampong,7,DEF,40,0.4888,1.1412,0.1,0.198,0.1088,0.0004,1,,,,2026-08-19T06:18:51.624401+00:00,
5,847,Sharman-Lowe,7,GKP,40,0.1552,0.7167,0.04,0.0384,0.0403,0.0,1,,,,2026-08-19T06:18:51.624401+00:00,
5,851,George,7,FWD,45,0.4552,0.8964,0.1,0.198,0.1088,0.0,1,,,,2026-08-19T06:18:51.624401+00:00,
5,852,Dyer,7,MID,45,0.4756,0.9725,0.1,0.198,0.1088,0.0,1,,,,2026-08-19T06:18:51.624401+00:00,
5,858,Curd,7,GKP,40,0.1656,0.7531,0.04,0.0384,0.0403,0.0,1,,,,2026-08-19T06:18:51.624401+00:00,
5,859,Sturge,7,DEF,40,0.4548,1.0459,0.1,0.198,0.1088,0.0,1,,,,2026-08-19T06:18:51.624401+00:00,
5,7,Holding,8,DEF,44,0.468,1.0994,0.11,0.1958,0.118,0.0012,1,0,0,0,2026-08-19T06:18:51.624401+00:00,2026-08-19T06:19:58.757070+00:00
5,219,Ahamada,8,MID,44,0.4516,0.9508,0.1,0.198,0.1088,0.0004,1,1,1,0,2026-08-19T06:18:51.624401+00:00,2026-08-19T06:19:58.757070+00:00
5,220,Andersen,8,DEF,46,0.8644,1.5992,0.28,0.1584,0.2731,0.0008,1,1,90,1,2026-08-19T06:18:51.624401+00:00,2026-08-19T06:19:58.757070+00:00
5,221,J.Ayew,8,MID,55,0.9964,1.5897,0.28,0.2016,0.2765,0.002,1,1,24,0,2026-08-19T06:18:51.624401+00:00,2026-08-19T06:19:58.757070+00:00
5,222,Clyne,8,DEF,44,0.6896,1.389,0.22,0.1404,0.2158,0.0,1,0,0,0,2026-08-19T06:18:51.624401+00:00,2026-08-19T06:19:58.757070+00:00
5,223,C.Doucouré,8,MID,50,0,0,0.0,0.0,0.0,0,1,2,90,1,2026-08-19T06:18:51.624401+00:00,2026-08-19T06:19:58.757070+00:00
5,224,Ebiowei,8,MID,45,0,0,0.0,0.0,0.0,0,1,0,0,0,2026-08-19T06:18:51.624401+00:00,2026-08-19T06:19:58.757070+00:00
5,225,Edouard,8,FWD,55,1.0628,1.6596,0.28,0.2016,0.2765,0.0044,1,8,89,1,2026-08-19T06:18:51.624401+00:00,2026-08-19T06:19:58.757070+00:00
5,226,Eze,8,MID,63,1.5072,2.4778,0.28,0.2016,0.2765,0.0168,1,1,90,1,2026-08-19T06:18:51.624401+00:00,2026-08-19T06:19:58.757070+00:00
5,227,Guaita,8,GKP,44,0,0,0.0,0.0,0.0,0,1,0,0,0,2026-08-19T06:18:51.624401+00:00,2026-08-19T06:19:58.757070+00:00
5,228,Guéhi,8,DEF,45,0.7392,1.4272,0.22,0.1716,0.2183,0.0004,1,0,0,0,2026-08-19T06:18:51.624401+00:00,2026-08-19T06:19:58.757070+00:00
5,229,Hughes,8,MID,49,0,0,0.0,0.0,0.0,0,1,1,90,1,2026-08-19T06:18:51.624401+00:00,2026-08-19T06:19:58.757070+00:00
5,230,Johnstone,8,GKP,45,0,0,0.0,0.0,0.0,0,1,1,90,1,2026-08-19T06:18:51.624401+00:00,2026-08-19T06:19:58.757070+00:00
5,231,Lerma,8,MID,49,0.864,1.3087,0.28,0.1584,0.2731,0.0008,1,0,0,0,2026-08-19T06:18:51.624401+00:00,2026-08-19T06:19:58.757070+00:00
5,232,Mateta,8,FWD,49,0.6708,1.1362,0.18,0.1804,0.1818,0.0004,1,5,65,1,2026-08-19T06:18:51.624401+00:00,2026-08-19T06:19:58.757070+00:00
5,233,Matthews,8,GKP,40,0.1564,0.7479,0.04,0.0384,0.0403,0.0,1,0,0,0,2026-08-19T06:18:51.624401+00:00,2026-08-19T06:19:58.757070+00:00
5,234,Mitchell,8,DEF,45,0.7556,1.4322,0.22,0.1716,0.2183,0.0,1,1,90,1,2026-08-19T06:18:51.624401+00:00,2026-08-19T06:19:58.757070+00:00
5,235,O'Brien,8,DEF,40,0,0,0.0,0.0,0.0,0,1,0,0,0,2026-08-19T06:18:51.624401+00:00,2026-08-19T06:19:58.757070+00:00
5,236,Olise,8,MID,59,3.1124,2.0439,0.9,0.018,0.8384,0.0096,1,0,0,0,2026-08-19T06:18:51.624401+00:00,2026-08-19T06:19:58.757070+00:00
5,237,Plange,8,FWD,45,0,0,0.0,0.0,0.0,0,1,0,0,0,2026-08-19T06:18:51.624401+00:00,2026-08-19T06:19:58.757070+00:00
5,238,C.Richards,8,DEF,39,0.7516,1.4739,0.22,0.1716,0.2183,0.0004,1,1,90,1,2026-08-19T06:18:51.624401+00:00,2026-08-19T06:19:58.757070+00:00
5,239,Riedewald,8,MID,44,0.4692,0.9032,0.1,0.198,0.1088,0.0,1,0,0,0,2026-08-19T06:18:51.624401+00:00,2026-08-19T06:19:58.757070+00:00
5,240,Schlupp,8,MID,49,0.8936,1.3365,0.28,0.1584,0.2731,0.0004,1,2,90,1,2026-08-19T06:18:51.624401+00:00,2026-08-19T06:19:58.757070+00:00
5,241,Tomkins,8,DEF,40,0.4488,1.1048,0.1,0.198,0.1088,0.0004,1,0,0,0,2026-08-19T06:18:51.624401+00:00,2026-08-19T06:19:58.757070+00:00
5,242,Ward,8,DEF,45,0.7804,1.4627,0.22,0.1716,0.2183,0.0012,1,0,90,1,2026-08-19T06:18:51.624401+00:00,2026-08-19T06:19:58.757070+00:00
5,243,Whitworth,8,GKP,40,0.176,0.7872,0.04,0.0384,0.0403,0.0,1,0,0,0,2026-08-19T06:18:51.624401+00:00,2026-08-19T06:19:58.757070+00:00
5,385,Henderson,8,GKP,45,3.3584,2.2949,0.9,0.004,0.8373,0.0028,1,0,0,0,2026-08-19T06:18:51.624401+00:00,2026-08-19T06:19:58.757070+00:00
5,615,Matheus França,8,MID,50,0,0,0.0,0.0,0.0,0,1,0,0,0,2026-08-19T06:18:51.624401+00:00,2026-08-19T06:19:58.757070+00:00
5,657,Rak-Sakyi,8,MID,45,0.448,0.9198,0.1,0.198,0.1088,0.0,1,1,1,0,2026-08-19T06:18:51.624401+00:00,2026-08-19T06:19:58.757070+00:00
5,658,Gordon,8,FWD,45,0,0,0.0,0.0,0.0,0,1,0,0,0,2026-08-19T06:18:51.624401+00:00,2026-08-19T06:19:58.757070+00:00
5,720,Ola-Adebomi,8,FWD,45,0,0,0.0,0.0,0.0,0,1,,,,2026-08-19T06:18:51.624401+00:00,
5,721,Ozoh,8,MID,45,0.4568,0.9111,0.1,0.198,0.1088,0.0,1,,,,2026-08-19T06:18:51.624401+00:00,
5,724,Raymond,8,MID,45,0.438,0.9025,0.1,0.198,0.1088,0.0,1,,,,2026-08-19T06:18:51.624401+00:00,
5,763,Adaramola,8,DEF,40,0,0,0.0,0.0,0.0,0,1,,,,2026-08-19T06:18:51.624401+00:00,
5,792,Muñoz,8,DEF,45,0.4896,1.1384,0.1,0.198,0.1088,0.0,1,,,,2026-08-19T06:18:51.624401+00:00,
5,807,Wharton,8,MID,50,0.7056,1.2895,0.18,0.1804,0.1818,0.0,1,,,,2026-08-19T06:18:51.624401+00:00,
5,821,Umeh-Chibueze,8,FWD,45,0.4512,0.9086,0.1,0.198,0.1088,0.0004,1,,,,2026-08-19T06:18:51.624401+00:00,
5,825,Rodney,8,MID,45,0.5,1.0115,0.1,0.198,0.1088,0.0,1,,,,2026-08-19T06:18:51.624401+00:00,
5,842,Mathurin,8,MID,44,0.4704,0.9695,0.1,0.198,0.1088,0.0,1,,,,2026-08-19T06:18:51.624401+00:00,
5,244,André Gomes,9,MID,44,0.358,0.8107,0.05,0.209,0.0632,0.0,1,0,0,0,2026-08-19T06:18:51.624401+00:00,2026-08-19T06:19:58.757070+00:00
5,245,Branthwaite,9,DEF,40,0.5196,1.3242,0.1,0.198,0.1088,0.0024,1,2,90,1,2026-08-19T06:18:51.624401+00:00,2026-08-19T06:19:58.757070+00:00
5,246,Calvert-Lewin,9,FWD,58,1.73,2.2929,0.45,0.154,0.4308,0.0152,1,1,24,0,2026-08-19T06:18:51.624401+00:00,2026-08-19T06:19:58.757070+00:00
5,247,Coleman,9,DEF,44,0.8464,1.6726,0.22,0.1404,0.2158,0.002,1,0,0,0,2026-08-19T06:18:51.624401+00:00,2026-08-19T06:19:58.757070+00:00
5,248,Dele,9,MID,49,0,0,0.0,0.0,0.0,0,1,0,0,0,2026-08-19T06:18:51.624401+00:00,2026-08-19T06:19:58.757070+00:00
5,249,A.Doucoure,9,MID,55,1.1384,1.8506,0.28,0.2016,0.2765,0.0044,1,2,79,1,2026-08-19T06:18:51.624401+00:00,2026-08-19T06:19:58.757070+00:00
5,250,Garner,9,MID,49,0.9072,1.3863,0.28,0.1584,0.2731,0.0004,1,1,10,0,2026-08-19T06:18:51.624401+00:00,2026-08-19T06:19:58.757070+00:00
5,251,Gbamin,9,MID,44,0,0,0.0,0.0,0.0,0,1,0,0,0,2026-08-19T06:18:51.624401+00:00,2026-08-19T06:19:58.757070+00:00
5,252,Godfrey,9,DEF,44,0.508,1.2516,0.1,0.198,0.1088,0.0008,1,0,0,0,2026-08-19T06:18:51.624401+00:00,2026-08-19T06:19:58.757070+00:00
5,253,Gray,9,MID,53,0,0,0.0,0.0,0.0,0,1,0,0,0,2026-08-19T06:18:51.624401+00:00,2026-08-19T06:19:58.757070+00:00
5,254,Gana,9,MID,49,0.8896,1.3861,0.28,0.1584,0.2731,0.0004,1,2,90,1,2026-08-19T06:18:51.624401+00:00,2026-08-19T06:19:58.757070+00:00
5,257,Keane,9,DEF,44,0.4968,1.2245,0.1,0.198,0.1088,0.0008,1,0,0,0,2026-08-19T06:18:51.624401+00:00,2026-08-19T06:19:58.757070+00:00
5,259,McNeil,9,MID,54,0.7788,1.4769,0.18,0.1804,0.1818,0.0024,1,2,87,1,2026-08-19T06:18:51.624401+00:00,2026-08-19T06:19:58.757070+00:00
5,260,Mykolenko,9,DEF,43,0,0,0.0,0.0,0.0,0,1,2,90,1,2026-08-19T06:18:51.624401+00:00,2026-08-19T06:19:58.757070+00:00
5,261,Onana,9,MID,49,0.966,1.464,0.28,0.1584,0.2731,0.0012,1,2,90,1,2026-08-19T06:18:51.624401+00:00,2026-08-19T06:19:58.757070+00:00
5,262,Patterson,9,DEF,45,0,0,0.0,0.0,0.0,0,1,1,3,0,2026-08-19T06:18:51.624401+00:00,2026-08-19T06:19:58.757070+00:00
5,263,Pickford,9,GKP,44,3.1444,2.2963,0.88,0.0048,0.8188,0.0016,1,3,90,1,2026-08-19T06:18:51.624401+00:00,2026-08-19T06:19:58.757070+00:00
5,264,Simms,9,FWD,45,0,0,0.0,0.0,0.0,0,1,0,0,0,2026-08-19T06:18:51.624401+00:00,2026-08-19T06:19:58.757070+00:00
5,265,Tarkowski,9,DEF,44,0.8272,1.6324,0.22,0.1716,0.2183,0.0012,1,2,90,1,2026-08-19T06:18:51.624401+00:00,2026-08-19T06:19:58.757070+00:00
5,266,J.Virginia,9,GKP,39,0.1636,0.7586,0.04,0.0384,0.0403,0.0,1,0,0,0,2026-08-19T06:18:51.624401+00:00,2026-08-19T06:19:58.757070+00:00
5,579,Lonergan,9,GKP,40,0.152,0.7135,0.04,0.0384,0.0403,0.0,1,0,0,0,2026-08-19T06:18:51.624401+00:00,2026-08-19T06:19:58.757070+00:00
5,588,Young,9,DEF,44,0.8828,1.7113,0.22,0.1716,0.2183,0.0016,1,1,86,1,2026-08-19T06:18:51.624401+00:00,2026-08-19T06:19:58.757070+00:00
5,601,Danjuma,9,MID,55,1.7004,2.1533,0.45,0.154,0.4308,0.0072,1,2,90,1,2026-08-19T06:18:51.624401+00:00,2026-08-19T06:19:58.757070+00:00
5,624,Dobbin,9,MID,45,0.4344,0.8987,0.1,0.198,0.1088,0.0,1,0,0,0,2026-08-19T06:18:51.624401+00:00,2026-08-19T06:19:58.757070+00:00
5,645,Y. Chermiti,9,FWD,49,0.6668,1.2141,0.18,0.1804,0.1818,0.0004,1,1,2,0,2026-08-19T06:18:51.624401+00:00,2026-08-19T06:19:58.757070+00:00
5,649,Cannon,9,FWD,45,0,0,0.0,0.0,0.0,0,1,0,0,0,2026-08-19T06:18:51.624401+00:00,2026-08-19T06:19:58.757070+00:00
5,650,Onyango,9,MID,45,0.4796,1.0216,0.1,0.198,0.1088,0.0,1,0,0,0,2026-08-19T06:18:51.624401+00:00,2026-08-19T06:19:58.757070+00:00
5,661,Harrison,9,MID,55,0,0,0.0,0.0,0.0,0,1,0,0,0,2026-08-19T06:18:51.624401+00:00,2026-08-19T06:19:58.757070+00:00
5,691,Beto,9,FWD,60,1.4532,1.8047,0.45,0.154,0.4308,0.0044,1,2,65,1,2026-08-19T06:18:51.624401+00:00,2026-08-19T06:19:58.757070+00:00
5,719,Hunt,9,MID,45,0.5208,1.0344,0.1,0.198,0.1088,0.0004,1,,,,2026-08-19T06:18:51.624401+00:00,
5,760,Metcalfe,9,MID,45,0.5136,1.0376,0.1,0.198,0.1088,0.0004,1,,,,2026-08-19T06:18:51.624401+00:00,
5,761,Campbell,9,DEF,40,0,0,0.0,0.0,0.0,0,1,,,,2026-08-19T06:18:51.624401+00:00,
5,841,Warrington,9,MID,45,0.4432,0.9073,0.1,0.198,0.1088,0.0,1,,,,2026-08-19T06:18:51.624401+00:00,
5,863,Crellin,9,GKP,40,0.1764,0.8227,0.04,0.0384,0.0403,0.0004,1,,,,2026-08-19T06:18:51.624401+00:00,
5,193,Broja,10,FWD,49,0.6456,1.1383,0.18,0.1804,0.1818,0.0004,1,0,0,0,2026-08-19T06:18:51.624401+00:00,2026-08-19T06:19:58.757070+00:00
5,256,Iwobi,10,MID,54,0.8092,1.4986,0.18,0.1804,0.1818,0.0012,1,1,28,0,2026-08-19T06:18:51.624401+00:00,2026-08-19T06:19:58.757070+00:00
5,267,Andreas,10,MID,55,1.0444,1.6981,0.28,0.2016,0.2765,0.004,1,3,80,1,2026-08-19T06:18:51.624401+00:00,2026-08-19T06:19:58.757070+00:00
5,268,Cairney,10,MID,49,0.72,1.3431,0.18,0.1804,0.1818,0.0012,1,1,9,0,2026-08-19T06:18:51.624401+00:00,2026-08-19T06:19:58.757070+00:00
5,269,I.Cavaleiro,10,MID,50,0,0,0.0,0.0,0.0,0,1,0,0,0,2026-08-19T06:18:51.624401+00:00,2026-08-19T06:19:58.757070+00:00
5,270,De Cordova-Reid,10,MID,55,1.1652,1.925,0.28,0.2016,0.2765,0.0068,1,1,9,0,2026-08-19T06:18:51.624401+00:00,2026-08-19T06:19:58.757070+00:00
5,271,Diop,10,DEF,45,0.8244,1.6222,0.22,0.1716,0.2183,0.0012,1,5,90,1,2026-08-19T06:18:51.624401+00:00,2026-08-19T06:19:58.757070+00:00
5,272,Francois,10,MID,44,0,0,0.0,0.0,0.0,0,1,0,0,0,2026-08-19T06:18:51.624401+00:00,2026-08-19T06:19:58.757070+00:00
5,273,Knockaert,10,MID,44,0,0,0.0,0.0,0.0,0,1,0,0,0,2026-08-19T06:18:51.624401+00:00,2026-08-19T06:19:58.757070+00:00
5,274,Kongolo,10,DEF,40,0,0,0.0,0.0,0.0,0,1,0,0,0,2026-08-19T06:18:51.624401+00:00,2026-08-19T06:19:58.757070+00:00
5,275,Leno,10,GKP,46,3.8736,2.4426,0.88,0.0096,0.8192,0.0056,1,6,90,1,2026-08-19T06:18:51.624401+00:00,2026-08-19T06:19:58.757070+00:00
5,276,Lukić,10,MID,45,0,0,0.0,0.0,0.0,0,1,0,0,0,2026-08-19T06:18:51.624401+00:00,2026-08-19T06:19:58.757070+00:00
5,277,Mbabu,10,DEF,40,0,0,0.0,0.0,0.0,0,1,0,0,0,2026-08-19T06:18:51.624401+00:00,2026-08-19T06:19:58.757070+00:00
5,278,Mitrović,10,FWD,74,0,0,0.0,0.0,0.0,0,1,0,0,0,2026-08-19T06:18:51.624401+00:00,2026-08-19T06:19:58.757070+00:00
5,279,Muniz,10,FWD,44,0.454,0.9305,0.1,0.198,0.1088,0.0004,1,0,0,0,2026-08-19T06:18:51.624401+00:00,2026-08-19T06:19:58.757070+00:00
5,280,J.Palhinha,10,MID,50,0.7212,1.3636,0.18,0.1804,0.1818,0.0008,1,3,90,1,2026-08-19T06:18:51.624401+00:00,2026-08-19T06:19:58.757070+00:00
5,281,Ream,10,DEF,45,0.9388,1.8619,0.22,0.1716,0.2183,0.0044,1,8,90,1,2026-08-19T06:18:51.624401+00:00,2026-08-19T06:19:58.757070+00:00
5,282,Reed,10,MID,48,0.8632,1.3122,0.28,0.1584,0.2731,0.0012,1,3,61,1,2026-08-19T06:18:51.624401+00:00,2026-08-19T06:19:58.757070+00:00
5,283,Robinson,10,DEF,45,0.8008,1.5501,0.22,0.1716,0.2183,0.0012,1,0,0,0,2026-08-19T06:18:51.624401+00:00,2026-08-19T06:19:58.757070+00:00
5,284,Rodák,10,GKP,40,0.1664,0.7739,0.04,0.0384,0.0403,0.0,1,0,0,0,2026-08-19T06:18:51.624401+00:00,2026-08-19T06:19:58.757070+00:00
5,285,Tete,10,DEF,45,0.8384,1.6203,0.22,0.1716,0.2183,0.0016,1,6,90,1,2026-08-19T06:18:51.624401+00:00,2026-08-19T06:19:58.757070+00:00
5,286,Tosin,10,DEF,44,0.5224,1.2421,0.1,0.198,0.1088,0.0012,1,0,0,0,2026-08-19T06:18:51.624401+00:00,2026-08-19T06:19:58.757070+00:00
5,287,Vinícius,10,FWD,48,0,0,0.0,0.0,0.0,0,1,7,28,0,2026-08-19T06:18:51.624401+00:00,2026-08-19T06:19:58.757070+00:00
5,288,Wilson,10,MID,54,0.9012,1.4744,0.28,0.1584,0.2731,0.0024,1,3,80,1,2026-08-19T06:18:51.624401+00:00,2026-08-19T06:19:58.757070+00:00
5,558,Raúl,10,FWD,54,0.952,1.5534,0.28,0.1584,0.2731,0.0032,1,2,61,1,2026-08-19T06:18:51.624401+00:00,2026-08-19T06:19:58.757070+00:00
5,591,Willian,10,MID,53,0.8496,1.706,0.18,0.1804,0.1818,0.0044,1,6,90,1,2026-08-19T06:18:51.624401+00:00,2026-08-19T06:19:58.757070+00:00
5,610,Bassey,10,DEF,45,0.4876,1.208,0.1,0.198,0.1088,0.0012,1,1,1,0,2026-08-19T06:18:51.624401+00:00,2026-08-19T06:19:58.757070+00:00
5,625,De Fougerolles,10,DEF,40,0.5088,1.1754,0.1,0.198,0.1088,0.0,1,0,0,0,2026-08-19T06:18:51.624401+00:00,2026-08-19T06:19:58.757070+00:00
5,651,Stansfield,10,FWD,45,0,0,0.0,0.0,0.0,0,1,0,0,0,2026-08-19T06:18:51.624401+00:00,2026-08-19T06:19:58.757070+00:00
5,652,Dibley-Dias,10,MID,45,0.4532,0.9593,0.1,0.198,0.1088,0.0004,1,0,0,0,2026-08-19T06:18:51.624401+00:00,2026-08-19T06:19:58.757070+00:00
5,662,Adama,10,MID,50,0.7012,1.3227,0.18,0.1804,0.1818,0.0004,1,0,0,0,2026-08-19T06:18:51.624401+00:00,2026-08-19T06:19:58.757070+00:00
5,683,Harris,10,MID,45,0,0,0.0,0.0,0.0,0,1,0,0,0,2026-08-19T06:18:51.624401+00:00,2026-08-19T06:19:58.757070+00:00
5,688,Castagne,10,DEF,45,0.56,1.3714,0.1,0.198,0.1088,0.0024,1,8,90,1,2026-08-19T06:18:51.624401+00:00,2026-08-19T06:19:58.757070+00:00
5,692,Benda,10,GKP,40,0.166,0.7712,0.04,0.0384,0.0403,0.0,1,0,0,0,2026-08-19T06:18:51.624401+00:00,2026-08-19T06:19:58.757070+00:00
5,707,Ballo-Touré,10,DEF,45,0.562,1.3569,0.1,0.198,0.1088,0.0012,1,0,0,0,2026-08-19T06:18:51.624401+00:00,2026-08-19T06:19:58.757070+00:00
5,732,Tanton,10,DEF,40,0.5236,1.2818,0.1,0.198,0.1088,0.002,1,,,,2026-08-19T06:18:51.624401+00:00,
5,796,Sekularac,10,MID,44,0.5096,1.059,0.1,0.198,0.1088,0.0008,1,,,,2026-08-19T06:18:51.624401+00:00,
5,810,King,10,MID,45,0.4612,0.9847,0.1,0.198,0.1088,0.0008,1,,,,2026-08-19T06:18:51.624401+00:00,
5,289,Adrián,11,GKP,40,0.1648,0.7575,0.04,0.0384,0.0403,0.0004,1,0,0,0,2026-08-19T06:18:51.624401+00:00,2026-08-19T06:19:58.757070+00:00
5,290,Alexander-Arnold,11,DEF,79,1.064,1.8518,0.28,0.2016,0.2765,0.004,1,0,0,0,2026-08-19T06:18:51.624401+00:00,2026-08-19T06:19:58.757070+00:00
5,291,A.Becker,11,GKP,55,3.106,2.2179,0.88,0.0096,0.8192,0.0016,1,2,90,1,2026-08-19T06:18:51.624401+00:00,2026-08-19T06:19:58.757070+00:00
5,292,Bajcetic,11,MID,48,0.8504,1.362,0.28,0.1584,0.2731,0.0004,1,0,0,0,2026-08-19T06:18:51.624401+00:00,2026-08-19T06:19:58.757070+00:00
5,293,Darwin,11,FWD,74,2.4068,2.3268,0.72,0.0784,0.6759,0.0212,1,1,34,0,2026-08-19T06:18:51.624401+00:00,2026-08-19T06:19:58.757070+00:00
5,294,Diogo J.,11,MID,79,2.706,2.5989,0.72,0.0784,0.6759,0.0248,1,1,55,1,2026-08-19T06:18:51.624401+00:00,2026-08-19T06:19:58.757070+00:00
5,295,Elliott,11,MID,48,0.6252,1.1227,0.18,0.1804,0.1818,0.0012,1,3,34,0,2026-08-19T06:18:51.624401+00:00,2026-08-19T06:19:58.757070+00:00
5,296,Fabinho,11,MID,50,0,0,0.0,0.0,0.0,0,1,0,0,0,2026-08-19T06:18:51.624401+00:00,2026-08-19T06:19:58.757070+00:00
5,297,Gakpo,11,FWD,73,1.018,1.5991,0.28,0.2016,0.2765,0.0036,1,6,55,1,2026-08-19T06:18:51.624401+00:00,2026-08-19T06:19:58.757070+00:00
5,298,Gomez,11,DEF,45,0.4568,1.095,0.1,0.198,0.1088,0.0004,1,2,90,1,2026-08-19T06:18:51.624401+00:00,2026-08-19T06:19:58.757070+00:00
5,299,Henderson,11,MID,50,0,0,0.0,0.0,0.0,0,1,0,0,0,2026-08-19T06:18:51.624401+00:00,2026-08-19T06:19:58.757070+00:00
5,300,Jones,11,MID,49,0.6672,1.1542,0.18,0.1804,0.1818,0.0004,1,1,90,1,2026-08-19T06:18:51.624401+00:00,2026-08-19T06:19:58.757070+00:00
5,301,Kelleher,11,GKP,40,0.26,1.0692,0.04,0.0384,0.0403,0.0,1,0,0,0,2026-08-19T06:18:51.624401+00:00,2026-08-19T06:19:58.757070+00:00
5,302,Konaté,11,DEF,49,0.684,1.396,0.18,0.1804,0.1818,0.0008,1,1,7,0,2026-08-19T06:18:51.624401+00:00,2026-08-19T06:19:58.757070+00:00
5,303,Luis Díaz,11,MID,77,1.1872,2.0144,0.28,0.2016,0.2765,0.01,1,1,45,1,2026-08-19T06:18:51.624401+00:00,2026-08-19T06:19:58.757070+00:00
5,304,Mac Allister,11,MID,60,0.9896,1.4881,0.28,0.2016,0.2765,0.0016,1,0,45,1,2026-08-19T06:18:51.624401+00:00,2026-08-19T06:19:58.757070+00:00
5,305,Matip,11,DEF,49,0,0,0.0,0.0,0.0,0,1,2,90,1,2026-08-19T06:18:51.624401+00:00,2026-08-19T06:19:58.757070+00:00
5,306,Phillips,11,DEF,40,0,0,0.0,0.0,0.0,0,1,0,0,0,2026-08-19T06:18:51.624401+00:00,2026-08-19T06:19:58.757070+00:00
5,307,Robertson,11,DEF,65,1.0292,1.7648,0.28,0.2016,0.2765,0.0044,1,11,90,1,2026-08-19T06:18:51.624401+00:00,2026-08-19T06:19:58.757070+00:00
5,308,Salah,11,MID,125,1.6884,2.7776,0.28,0.2016,0.2765,0.0248,1,10,90,1,2026-08-19T06:18:51.624401+00:00,2026-08-19T06:19:58.757070+00:00
5,309,Szoboszlai,11,MID,70,1.044,1.6356,0.28,0.2016,0.2765,0.0016,1,2,90,1,2026-08-19T06:18:51.624401+00:00,2026-08-19T06:19:58.757070+00:00
5,310,Thiago,11,MID,48,0.7496,1.1921,0.24,0.1672,0.2366,0.0004,1,0,0,0,2026-08-19T06:18:51.624401+00:00,2026-08-19T06:19:58.757070+00:00
5,311,Tsimikas,11,DEF,44,0.5292,1.2471,0.1,0.198,0.1088,0.0016,1,0,0,0,2026-08-19T06:18:51.624401+00:00,2026-08-19T06:19:58.757070+00:00
5,312,Van den Berg,11,DEF,40,0,0,0.0,0.0,0.0,0,1,0,0,0,2026-08-19T06:18:51.624401+00:00,2026-08-19T06:19:58.757070+00:00
5,313,Virgil,11,DEF,60,0.984,1.7505,0.28,0.2016,0.2765,0.0032,1,0,0,0,2026-08-19T06:18:51.624401+00:00,2026-08-19T06:19:58.757070+00:00
5,626,Quansah,11,DEF,40,0.4728,1.124,0.1,0.198,0.1088,0.0004,1,2,82,1,2026-08-19T06:18:51.624401+00:00,2026-08-19T06:19:58.757070+00:00
5,627,Clark,11,MID,45,0.468,0.9384,0.1,0.198,0.1088,0.0004,1,0,0,0,2026-08-19T06:18:51.624401+00:00,2026-08-19T06:19:58.757070+00:00
5,628,Doak,11,MID,45,0,0,0.0,0.0,0.0,0,1,0,0,0,2026-08-19T06:18:51.624401+00:00,2026-08-19T06:19:58.757070+00:00
5,629,McConnell,11,MID,45,0.444,0.9033,0.1,0.198,0.1088,0.0004,1,0,0,0,2026-08-19T06:18:51.624401+00:00,2026-08-19T06:19:58.757070+00:00
5,668,Endo,11,MID,55,1.42,1.7074,0.45,0.154,0.4308,0.0024,1,0,0,0,2026-08-19T06:18:51.624401+00:00,2026-08-19T06:19:58.757070+00:00
5,708,Gravenberch,11,MID,50,0.7,1.3021,0.18,0.1804,0.1818,0.002,1,1,1,0,2026-08-19T06:18:51.624401+00:00,2026-08-19T06:19:58.757070+00:00
5,726,Chambers,11,DEF,40,0,0,0.0,0.0,0.0,0,1,,,,2026-08-19T06:18:51.624401+00:00,
5,728,Scanlon,11,DEF,39,0.454,1.0428,0.1,0.198,0.1088,0.0004,1,,,,2026-08-19T06:18:51.624401+00:00,
5,743,Nyoni,11,MID,45,0.4496,0.8979,0.1,0.198,0.1088,0.0,1,,,,2026-08-19T06:18:51.624401+00:00,
5,756,Pitaluga,11,GKP,40,0,0,0.0,0.0,0.0,0,1,,,,2026-08-19T06:18:51.624401+00:00,
5,757,Bradley,11,DEF,41,0.5096,1.195,0.1,0.198,0.1088,0.0012,1,,,,2026-08-19T06:18:51.624401+00:00,
5,782,Beck,11,DEF,45,0,0,0.0,0.0,0.0,0,1,,,,2026-08-19T06:18:51.624401+00:00,
5,783,Gordon,11,MID,45,0.4728,0.9338,0.1,0.198,0.1088,0.0,1,,,,2026-08-19T06:18:51.624401+00:00,
5,812,Koumas,11,FWD,45,0.4364,0.8863,0.1,0.198,0.1088,0.0004,1,,,,2026-08-19T06:18:51.624401+00:00,
5,813,Mrozek,11,GKP,40,0.1484,0.705,0.04,0.0384,0.0403,0.0,1,,,,2026-08-19T06:18:51.624401+00:00,
5,824,Danns,11,FWD,43,0.4668,0.9089,0.1,0.198,0.1088,0.0,1,,,,2026-08-19T06:18:51.624401+00:00,
5,837,Nallo,11,DEF,40,0.4972,1.1843,0.1,0.198,0.1088,0.0008,1,,,,2026-08-19T06:18:51.624401+00:00,
5,21,Sambi,12,MID,49,0.7936,1.2233,0.28,0.1584,0.2731,0.0004,1,2,74,1,2026-08-19T06:18:51.624401+00:00,2026-08-19T06:19:58.757070+00:00
5,52,Nakamba,12,MID,44,0,0,0.0,0.0,0.0,0,1,2,90,1,2026-08-19T06:18:51.624401+00:00,2026-08-19T06:19:58.757070+00:00
5,314,Adebayo,12,FWD,49,0.842,1.31,0.28,0.1584,0.2731,0.0012,1,1,15,0,2026-08-19T06:18:51.624401+00:00,2026-08-19T06:19:58.757070+00:00
5,315,Andersen,12,DEF,40,0.3504,0.9247,0.05,0.209,0.0632,0.0008,1,2,90,1,2026-08-19T06:18:51.624401+00:00,2026-08-19T06:19:58.757070+00:00
5,316,Bell,12,DEF,40,0,0,0.0,0.0,0.0,0,1,2,90,1,2026-08-19T06:18:51.624401+00:00,2026-08-19T06:19:58.757070+00:00
5,317,Berry,12,MID,48,0.6472,1.201,0.18,0.1804,0.1818,0.0004,1,0,0,0,2026-08-19T06:18:51.624401+00:00,2026-08-19T06:19:58.757070+00:00
5,318,Burke,12,DEF,40,0,0,0.0,0.0,0.0,0,1,2,81,1,2026-08-19T06:18:51.624401+00:00,2026-08-19T06:19:58.757070+00:00
5,319,Campbell,12,MID,49,0,0,0.0,0.0,0.0,0,1,0,0,0,2026-08-19T06:18:51.624401+00:00,2026-08-19T06:19:58.757070+00:00
5,320,Clark,12,MID,49,0.6612,1.2171,0.18,0.1804,0.1818,0.0008,1,0,0,0,2026-08-19T06:18:51.624401+00:00,2026-08-19T06:19:58.757070+00:00
5,321,Doughty,12,DEF,44,0.4564,1.095,0.1,0.198,0.1088,0.0004,1,1,16,0,2026-08-19T06:18:51.624401+00:00,2026-08-19T06:19:58.757070+00:00
5,322,Freeman,12,MID,49,0,0,0.0,0.0,0.0,0,1,0,0,0,2026-08-19T06:18:51.624401+00:00,2026-08-19T06:19:58.757070+00:00
5,323,Macey,12,GKP,40,0,0,0.0,0.0,0.0,0,1,0,0,0,2026-08-19T06:18:51.624401+00:00,2026-08-19T06:19:58.757070+00:00
5,324,McAtee,12,FWD,45,0,0,0.0,0.0,0.0,0,1,0,0,0,2026-08-19T06:18:51.624401+00:00,2026-08-19T06:19:58.757070+00:00
5,325,Mendes,12,MID,45,0,0,0.0,0.0,0.0,0,1,0,0,0,2026-08-19T06:18:51.624401+00:00,2026-08-19T06:19:58.757070+00:00
5,326,Morris,12,FWD,55,1.1452,1.8062,0.28,0.2016,0.2765,0.0072,1,2,73,1,2026-08-19T06:18:51.624401+00:00,2026-08-19T06:19:58.757070+00:00
5,327,Muskwe,12,FWD,45,0,0,0.0,0.0,0.0,0,1,0,0,0,2026-08-19T06:18:51.624401+00:00,2026-08-19T06:19:58.757070+00:00
5,328,Ogbene,12,FWD,49,0.624,1.1416,0.18,0.1804,0.1818,0.0016,1,1,16,0,2026-08-19T06:18:51.624401+00:00,2026-08-19T06:19:58.757070+00:00
5,329,Onyedinma,12,MID,50,0.6668,1.246,0.18,0.1804,0.1818,0.0004,1,0,0,0,2026-08-19T06:18:51.624401+00:00,2026-08-19T06:19:58.757070+00:00
5,330,Osho,12,DEF,44,0.4928,1.1349,0.1,0.198,0.1088,0.0,1,0,0,0,2026-08-19T06:18:51.624401+00:00,2026-08-19T06:19:58.757070+00:00
5,331,Pepple,12,FWD,45,0,0,0.0,0.0,0.0,0,1,0,0,0,2026-08-19T06:18:51.624401+00:00,2026-08-19T06:19:58.757070+00:00
5,332,Pereira,12,MID,44,0,0,0.0,0.0,0.0,0,1,0,0,0,2026-08-19T06:18:51.624401+00:00,2026-08-19T06:19:58.757070+00:00
5,333,Potts,12,DEF,40,0.3544,0.8824,0.05,0.209,0.0632,0.0,1,0,0,0,2026-08-19T06:18:51.624401+00:00,2026-08-19T06:19:58.757070+00:00
5,334,Rea,12,MID,44,0,0,0.0,0.0,0.0,0,1,0,0,0,2026-08-19T06:18:51.624401+00:00,2026-08-19T06:19:58.757070+00:00
5,335,Shea,12,GKP,44,0.1436,0.6893,0.04,0.0384,0.0403,0.0004,1,0,0,0,2026-08-19T06:18:51.624401+00:00,2026-08-19T06:19:58.757070+00:00
5,336,Taylor,12,FWD,45,0,0,0.0,0.0,0.0,0,1,0,0,0,2026-08-19T06:18:51.624401+00:00,2026-08-19T06:19:58.757070+00:00
5,337,Thorpe,12,MID,45,0,0,0.0,0.0,0.0,0,1,0,0,0,2026-08-19T06:18:51.624401+00:00,2026-08-19T06:19:58.757070+00:00
5,338,Walton,12,GKP,40,0,0,0.0,0.0,0.0,0,1,0,0,0,2026-08-19T06:18:51.624401+00:00,2026-08-19T06:19:58.757070+00:00
5,339,Watson,12,MID,44,0,0,0.0,0.0,0.0,0,1,0,0,0,2026-08-19T06:18:51.624401+00:00,2026-08-19T06:19:58.757070+00:00
5,340,Woodrow,12,FWD,45,0.462,0.9056,0.1,0.198,0.1088,0.0,1,1,9,0,2026-08-19T06:18:51.624401+00:00,2026-08-19T06:19:58.757070+00:00
5,393,Mengi,12,DEF,39,0.4936,1.2057,0.1,0.198,0.1088,0.0008,1,0,0,0,2026-08-19T06:18:51.624401+00:00,2026-08-19T06:19:58.757070+00:00
5,553,Giles,12,DEF,45,0,0,0.0,0.0,0.0,0,1,0,0,0,2026-08-19T06:18:51.624401+00:00,2026-08-19T06:19:58.757070+00:00
5,575,Lockyer,12,DEF,44,0,0,0.0,0.0,0.0,0,1,2,90,1,2026-08-19T06:18:51.624401+00:00,2026-08-19T06:19:58.757070+00:00
5,582,Mpanzu,12,MID,49,0.7056,1.3271,0.18,0.1804,0.1818,0.0012,1,1,15,0,2026-08-19T06:18:51.624401+00:00,2026-08-19T06:19:58.757070+00:00
5,586,Chong,12,MID,49,0.8688,1.345,0.28,0.1584,0.2731,0.0004,1,1,74,1,2026-08-19T06:18:51.624401+00:00,2026-08-19T06:19:58.757070+00:00
5,602,Kaboré,12,DEF,40,0,0,0.0,0.0,0.0,0,1,2,90,1,2026-08-19T06:18:51.624401+00:00,2026-08-19T06:19:58.757070+00:00
5,614,Kaminski,12,GKP,45,3.1548,2.1854,0.88,0.0048,0.8188,0.0016,1,1,90,1,2026-08-19T06:18:51.624401+00:00,2026-08-19T06:19:58.757070+00:00
5,630,Barkley,12,MID,50,0,0,0.0,0.0,0.0,0,1,0,0,0,2026-08-19T06:18:51.624401+00:00,2026-08-19T06:19:58.757070+00:00
5,631,Brown,12,FWD,49,0,0,0.0,0.0,0.0,0,1,2,73,1,2026-08-19T06:18:51.624401+00:00,2026-08-19T06:19:58.757070+00:00
5,648,Francis-Clarke,12,DEF,40,0,0,0.0,0.0,0.0,0,1,0,0,0,2026-08-19T06:18:51.624401+00:00,2026-08-19T06:19:58.757070+00:00
5,665,Krul,12,GKP,45,0.152,0.7301,0.04,0.0384,0.0403,0.0,1,0,0,0,2026-08-19T06:18:51.624401+00:00,2026-08-19T06:19:58.757070+00:00
5,682,Johnson,12,DEF,40,0.4504,1.0688,0.1,0.198,0.1088,0.0,1,0,0,0,2026-08-19T06:18:51.624401+00:00,2026-08-19T06:19:58.757070+00:00
5,727,Townsend,12,MID,50,0.6748,1.2205,0.18,0.1804,0.1818,0.0004,1,,,,2026-08-19T06:18:51.624401+00:00,
5,729,Luker,12,MID,45,0,0,0.0,0.0,0.0,0,1,,,,2026-08-19T06:18:51.624401+00:00,
5,734,Nelson,12,MID,45,0.4784,0.9035,0.1,0.198,0.1088,0.0,1,,,,2026-08-19T06:18:51.624401+00:00,
5,798,Hashioka,12,DEF,40,0.4428,1.0621,0.1,0.198,0.1088,0.0,1,,,,2026-08-19T06:18:51.624401+00:00,
5,831,Piesold,12,MID,45,0.46,0.9604,0.1,0.198,0.1088,0.0004,1,,,,2026-08-19T06:18:51.624401+00:00,
5,839,Martins,12,MID,45,0.4552,0.9106,0.1,0.198,0.1088,0.0,1,,,,2026-08-19T06:18:51.624401+00:00,
5,844,Chigozie,12,DEF,40,0.4508,1.0415,0.1,0.198,0.1088,0.0004,1,,,,2026-08-19T06:18:51.624401+00:00,
5,848,Harris,12,FWD,45,0.44,0.9066,0.1,0.198,0.1088,0.0,1,,,,2026-08-19T06:18:51.624401+00:00,
5,341,Akanji,13,DEF,51,0.9332,1.6848,0.28,0.1584,0.2731,0.0024,1,2,90,1,2026-08-19T06:18:51.624401+00:00,2026-08-19T06:19:58.757070+00:00
5,342,Aké,13,DEF,51,0.9568,1.7011,0.28,0.1584,0.2731,0.0012,1,1,1,0,2026-08-19T06:18:51.624401+00:00,2026-08-19T06:19:58.757070+00:00
5,343,J.Alvarez,13,FWD,67,1.084,1.746,0.28,0.2016,0.2765,0.006,1,9,90,1,2026-08-19T06:18:51.624401+00:00,2026-08-19T06:19:58.757070+00:00
5,344,Bernardo,13,MID,64,1.5148,1.8938,0.45,0.154,0.4308,0.006,1,13,90,1,2026-08-19T06:18:51.624401+00:00,2026-08-19T06:19:58.757070+00:00
5,345,Bobb,13,MID,44,0.458,0.8844,0.1,0.198,0.1088,0.0,1,1,1,0,2026-08-19T06:18:51.624401+00:00,2026-08-19T06:19:58.757070+00:00
5,346,Cancelo,13,DEF,58,0,0,0.0,0.0,0.0,0,1,0,0,0,2026-08-19T06:18:51.624401+00:00,2026-08-19T06:19:58.757070+00:00
5,347,Carson,13,GKP,40,0.1548,0.7019,0.04,0.0384,0.0403,0.0,1,0,0,0,2026-08-19T06:18:51.624401+00:00,2026-08-19T06:19:58.757070+00:00
5,348,Charles,13,MID,45,0,0,0.0,0.0,0.0,0,1,0,0,0,2026-08-19T06:18:51.624401+00:00,2026-08-19T06:19:58.757070+00:00
5,349,De Bruyne,13,MID,102,3.1652,3.0301,0.72,0.0784,0.6759,0.0432,1,0,0,0,2026-08-19T06:18:51.624401+00:00,2026-08-19T06:19:58.757070+00:00
5,350,Rúben,13,DEF,55,0.8976,1.5124,0.28,0.2016,0.2765,0.0016,1,2,90,1,2026-08-19T06:18:51.624401+00:00,2026-08-19T06:19:58.757070+00:00
5,352,Ederson M.,13,GKP,56,0,0,0.0,0.0,0.0,0,1,2,90,1,2026-08-19T06:18:51.624401+00:00,2026-08-19T06:19:58.757070+00:00
5,353,Foden,13,MID,76,1.16,1.9097,0.28,0.2016,0.2765,0.0076,1,2,66,1,2026-08-19T06:18:51.624401+00:00,2026-08-19T06:19:58.757070+00:00
5,354,Grealish,13,MID,73,2.4868,2.2572,0.72,0.0784,0.6759,0.014,1,0,0,0,2026-08-19T06:18:51.624401+00:00,2026-08-19T06:19:58.757070+00:00
5,355,Haaland,13,FWD,141,1.7868,2.9277,0.28,0.2016,0.2765,0.0376,1,6,90,1,2026-08-19T06:18:51.624401+00:00,2026-08-19T06:19:58.757070+00:00
5,356,Kovačić,13,MID,49,0.852,1.3274,0.28,0.1584,0.2731,0.0008,1,0,0,0,2026-08-19T06:18:51.624401+00:00,2026-08-19T06:19:58.757070+00:00
5,357,Laporte,13,DEF,49,0,0,0.0,0.0,0.0,0,1,0,0,0,2026-08-19T06:18:51.624401+00:00,2026-08-19T06:19:58.757070+00:00
5,358,R.Lewis,13,DEF,45,0.442,1.0762,0.1,0.198,0.1088,0.0004,1,1,1,0,2026-08-19T06:18:51.624401+00:00,2026-08-19T06:19:58.757070+00:00
5,359,Mahrez,13,MID,75,0,0,0.0,0.0,0.0,0,1,0,0,0,2026-08-19T06:18:51.624401+00:00,2026-08-19T06:19:58.757070+00:00
5,361,Ortega Moreno,13,GKP,39,3.2872,2.2149,0.88,0.0048,0.8188,0.0008,1,0,0,0,2026-08-19T06:18:51.624401+00:00,2026-08-19T06:19:58.757070+00:00
5,363,Perrone,13,MID,44,0,0,0.0,0.0,0.0,0,1,0,0,0,2026-08-19T06:18:51.624401+00:00,2026-08-19T06:19:58.757070+00:00
5,365,Rodrigo,13,MID,57,1.0704,1.6349,0.28,0.2016,0.2765,0.0028,1,1,90,1,2026-08-19T06:18:51.624401+00:00,2026-08-19T06:19:58.757070+00:00
5,366,Sergio Gómez,13,DEF,39,0.4668,1.117,0.1,0.198,0.1088,0.0008,1,1,1,0,2026-08-19T06:18:51.624401+00:00,2026-08-19T06:19:58.757070+00:00
5,367,Steffen,13,GKP,40,0,0,0.0,0.0,0.0,0,1,0,0,0,2026-08-19T06:18:51.624401+00:00,2026-08-19T06:19:58.757070+00:00
5,368,Stones,13,DEF,53,2.2944,2.3584,0.68,0.0576,0.637,0.0048,1,0,0,0,2026-08-19T06:18:51.624401+00:00,2026-08-19T06:19:58.757070+00:00
5,369,Walker,13,DEF,52,0.8556,1.5714,0.28,0.1584,0.2731,0.0008,1,2,90,1,2026-08-19T06:18:51.624401+00:00,2026-08-19T06:19:58.757070+00:00
5,566,Matheus N.,13,MID,50,0.642,1.1679,0.18,0.1804,0.1818,0.0012,1,1,23,0,2026-08-19T06:18:51.624401+00:00,2026-08-19T06:19:58.757070+00:00
5,616,Gvardiol,13,DEF,51,0.658,1.3727,0.18,0.1804,0.1818,0.0008,1,1,90,1,2026-08-19T06:18:51.624401+00:00,2026-08-19T06:19:58.757070+00:00
5,678,Doku,13,MID,65,1.5744,2.0127,0.45,0.154,0.4308,0.0056,1,9,89,1,2026-08-19T06:18:51.624401+00:00,2026-08-19T06:19:58.757070+00:00
5,762,Susoho,13,MID,45,0.454,0.9408,0.1,0.198,0.1088,0.0,1,,,,2026-08-19T06:18:51.624401+00:00,
5,771,Hamilton,13,MID,45,0.4504,0.8908,0.1,0.198,0.1088,0.0,1,,,,2026-08-19T06:18:51.624401+00:00,
5,814,Wright,13,MID,45,0.4656,0.9853,0.1,0.198,0.1088,0.0004,1,,,,2026-08-19T06:18:51.624401+00:00,
5,209,Mount,14,MID,68,1.0076,1.7595,0.225,0.217,0.2266,0.0056,1,0,0,0,2026-08-19T06:18:51.624401+00:00,2026-08-19T06:19:58.757070+00:00
5,370,Alex Telles,14,DEF,45,0,0,0.0,0.0,0.0,0,1,0,0,0,2026-08-19T06:18:51.624401+00:00,2026-08-19T06:19:58.757070+00:00
5,371,Amad,14,MID,44,0.5244,1.0652,0.1,0.198,0.1088,0.0012,1,0,0,0,2026-08-19T06:18:51.624401+00:00,2026-08-19T06:19:58.757070+00:00
5,372,Antony,14,MID,68,1.1936,1.9471,0.28,0.2016,0.2765,0.0052,1,0,0,0,2026-08-19T06:18:51.624401+00:00,2026-08-19T06:19:58.757070+00:00
5,373,B.Fernandes,14,MID,84,1.744,2.985,0.28,0.2016,0.2765,0.034,1,1,90,1,2026-08-19T06:18:51.624401+00:00,2026-08-19T06:19:58.757070+00:00
5,374,B.Williams,14,DEF,40,0,0,0.0,0.0,0.0,0,1,0,0,0,2026-08-19T06:18:51.624401+00:00,2026-08-19T06:19:58.757070+00:00
5,375,Bailly,14,DEF,40,0,0,0.0,0.0,0.0,0,1,0,0,0,2026-08-19T06:18:51.624401+00:00,2026-08-19T06:19:58.757070+00:00
5,376,Casemiro,14,MID,54,1.0584,1.7811,0.28,0.1584,0.2731,0.0036,1,2,63,1,2026-08-19T06:18:51.624401+00:00,2026-08-19T06:19:58.757070+00:00
5,377,Dalot,14,DEF,49,0.7516,1.5545,0.18,0.1804,0.1818,0.002,1,1,90,1,2026-08-19T06:18:51.624401+00:00,2026-08-19T06:19:58.757070+00:00
5,379,Eriksen,14,MID,59,1.5496,1.9451,0.45,0.154,0.4308,0.004,1,2,90,1,2026-08-19T06:18:51.624401+00:00,2026-08-19T06:19:58.757070+00:00
5,380,Fernandez,14,DEF,40,0,0,0.0,0.0,0.0,0,1,0,0,0,2026-08-19T06:18:51.624401+00:00,2026-08-19T06:19:58.757070+00:00
5,381,Fred,14,MID,50,0,0,0.0,0.0,0.0,0,1,0,0,0,2026-08-19T06:18:51.624401+00:00,2026-08-19T06:19:58.757070+00:00
5,382,Garnacho,14,MID,49,0.7044,1.2912,0.18,0.1804,0.1818,0.0012,1,1,5,0,2026-08-19T06:18:51.624401+00:00,2026-08-19T06:19:58.757070+00:00
5,383,Hannibal,14,MID,44,0,0,0.0,0.0,0.0,0,1,5,26,0,2026-08-19T06:18:51.624401+00:00,2026-08-19T06:19:58.757070+00:00
5,384,Heaton,14,GKP,40,0.1536,0.7919,0.04,0.0384,0.0403,0.0,1,0,0,0,2026-08-19T06:18:51.624401+00:00,2026-08-19T06:19:58.757070+00:00
5,386,Lindelof,14,DEF,45,0.3632,0.9093,0.05,0.209,0.0632,0.0,1,1,90,1,2026-08-19T06:18:51.624401+00:00,2026-08-19T06:19:58.757070+00:00
5,387,Maguire,14,DEF,43,0,0,0.0,0.0,0.0,0,1,0,0,0,2026-08-19T06:18:51.624401+00:00,2026-08-19T06:19:58.757070+00:00
5,388,Mainoo,14,MID,44,0.4948,1.0944,0.1,0.198,0.1088,0.0004,1,0,0,0,2026-08-19T06:18:51.624401+00:00,2026-08-19T06:19:58.757070+00:00
5,389,Malacia,14,DEF,44,0,0,0.0,0.0,0.0,0,1,0,0,0,2026-08-19T06:18:51.624401+00:00,2026-08-19T06:19:58.757070+00:00
5,390,Martial,14,FWD,65,0.9736,1.6081,0.225,0.217,0.2266,0.0032,1,1,26,0,2026-08-19T06:18:51.624401+00:00,2026-08-19T06:19:58.757070+00:00
5,391,Martinez,14,DEF,48,0.9796,1.7063,0.28,0.1584,0.2731,0.0012,1,4,84,1,2026-08-19T06:18:51.624401+00:00,2026-08-19T06:19:58.757070+00:00
5,392,McTominay,14,MID,49,0.7388,1.3556,0.18,0.1804,0.1818,0.0008,1,2,84,1,2026-08-19T06:18:51.624401+00:00,2026-08-19T06:19:58.757070+00:00
5,394,Pellistri,14,MID,44,0,0,0.0,0.0,0.0,0,1,1,5,0,2026-08-19T06:18:51.624401+00:00,2026-08-19T06:19:58.757070+00:00
5,395,R.Varane,14,DEF,50,1.0956,1.9293,0.28,0.1584,0.2731,0.0032,1,0,0,0,2026-08-19T06:18:51.624401+00:00,2026-08-19T06:19:58.757070+00:00
5,396,Rashford,14,MID,89,1.5648,2.624,0.28,0.2016,0.2765,0.0204,1,2,90,1,2026-08-19T06:18:51.624401+00:00,2026-08-19T06:19:58.757070+00:00
5,397,Sancho,14,MID,68,0,0,0.0,0.0,0.0,0,1,0,0,0,2026-08-19T06:18:51.624401+00:00,2026-08-19T06:19:58.757070+00:00
5,398,Shaw,14,DEF,53,0,0,0.0,0.0,0.0,0,1,0,0,0,2026-08-19T06:18:51.624401+00:00,2026-08-19T06:19:58.757070+00:00
5,399,Shoretire,14,FWD,44,0.4548,0.8959,0.1,0.198,0.1088,0.0004,1,0,0,0,2026-08-19T06:18:51.624401+00:00,2026-08-19T06:19:58.757070+00:00
5,400,Van de Beek,14,MID,48,0,0,0.0,0.0,0.0,0,1,0,0,0,2026-08-19T06:18:51.624401+00:00,2026-08-19T06:19:58.757070+00:00
5,401,Wan-Bissaka,14,DEF,46,1.0436,1.8434,0.28,0.1584,0.2731,0.0012,1,1,5,0,2026-08-19T06:18:51.624401+00:00,2026-08-19T06:19:58.757070+00:00
5,597,Onana,14,GKP,50,3.3316,2.3158,0.88,0.0096,0.8192,0.0036,1,2,90,1,2026-08-19T06:18:51.624401+00:00,2026-08-19T06:19:58.757070+00:00
5,617,Højlund,14,FWD,70,2.3536,2.2431,0.72,0.0784,0.6759,0.0136,1,2,63,1,2026-08-19T06:18:51.624401+00:00,2026-08-19T06:19:58.757070+00:00
5,632,Forson,14,MID,45,0.4864,0.9553,0.1,0.198,0.1088,0.0004,1,0,0,0,2026-08-19T06:18:51.624401+00:00,2026-08-19T06:19:58.757070+00:00
5,669,Vítek,14,GKP,40,0,0,0.0,0.0,0.0,0,1,0,0,0,2026-08-19T06:18:51.624401+00:00,2026-08-19T06:19:58.757070+00:00
5,685,Gore,14,MID,45,0,0,0.0,0.0,0.0,0,1,0,0,0,2026-08-19T06:18:51.624401+00:00,2026-08-19T06:19:58.757070+00:00
5,695,Altay,14,GKP,40,0.186,0.8446,0.04,0.0384,0.0403,0.0004,1,0,0,0,2026-08-19T06:18:51.624401+00:00,2026-08-19T06:19:58.757070+00:00
5,703,Evans,14,DEF,40,0.5168,1.2257,0.1,0.198,0.1088,0.0004,1,0,0,0,2026-08-19T06:18:51.624401+00:00,2026-08-19T06:19:58.757070+00:00
5,709,Amrabat,14,MID,50,0.7016,1.3247,0.18,0.1804,0.1818,0.0008,1,0,0,0,2026-08-19T06:18:51.624401+00:00,2026-08-19T06:19:58.757070+00:00
5,748,Hugill,14,FWD,45,0,0,0.0,0.0,0.0,0,1,,,,2026-08-19T06:18:51.624401+00:00,
5,766,Kambwala,14,DEF,39,0.5552,1.292,0.1,0.198,0.1088,0.0004,1,,,,2026-08-19T06:18:51.624401+00:00,
5,768,Bennett,14,DEF,40,0,0,0.0,0.0,0.0,0,1,,,,2026-08-19T06:18:51.624401+00:00,
5,826,Collyer,14,MID,45,0.4972,1.0163,0.1,0.198,0.1088,0.0,1,,,,2026-08-19T06:18:51.624401+00:00,
5,833,Ogunneye,14,DEF,40,0.548,1.2833,0.1,0.198,0.1088,0.0,1,,,,2026-08-19T06:18:51.624401+00:00,
5,835,Mee,14,GKP,40,0.1836,0.8647,0.04,0.0384,0.0403,0.0,1,,,,2026-08-19T06:18:51.624401+00:00,
5,846,Amass,14,DEF,40,0.4924,1.2127,0.1,0.198,0.1088,0.0008,1,,,,2026-08-19T06:18:51.624401+00:00,
5,850,Wheatley,14,FWD,45,0.454,0.9437,0.1,0.198,0.1088,0.0,1,,,,2026-08-19T06:18:51.624401+00:00,
5,856,Jackson,14,DEF,40,0.4876,1.1472,0.1,0.198,0.1088,0.0004,1,,,,2026-08-19T06:18:51.624401+00:00,
5,204,Hall,15,DEF,45,1.0512,2.0632,0.22,0.1716,0.2183,0.0096,1,0,0,0,2026-08-19T06:18:51.624401+00:00,2026-08-19T06:19:58.757070+00:00
5,402,Almirón,15,MID,63,1.0708,1.7241,0.28,0.2016,0.2765,0.0036,1,1,7,0,2026-08-19T06:18:51.624401+00:00,2026-08-19T06:19:58.757070+00:00
5,403,Anderson,15,MID,44,0.5144,1.0506,0.1,0.198,0.1088,0.0,1,3,90,1,2026-08-19T06:18:51.624401+00:00,2026-08-19T06:19:58.757070+00:00
5,404,Ashby,15,DEF,40,0,0,0.0,0.0,0.0,0,1,0,0,0,2026-08-19T06:18:51.624401+00:00,2026-08-19T06:19:58.757070+00:00
5,405,Botman,15,DEF,45,0,0,0.0,0.0,0.0,0,1,9,90,1,2026-08-19T06:18:51.624401+00:00,2026-08-19T06:19:58.757070+00:00
5,406,Bruno G.,15,MID,58,1.0272,1.5739,0.28,0.2016,0.2765,0.0008,1,2,90,1,2026-08-19T06:18:51.624401+00:00,2026-08-19T06:19:58.757070+00:00
5,407,Burn,15,DEF,45,0.8404,1.6265,0.22,0.1716,0.2183,0.0016,1,6,90,1,2026-08-19T06:18:51.624401+00:00,2026-08-19T06:19:58.757070+00:00
5,408,Darlow,15,GKP,40,0,0,0.0,0.0,0.0,0,1,0,0,0,2026-08-19T06:18:51.624401+00:00,2026-08-19T06:19:58.757070+00:00
5,409,Dubravka,15,GKP,40,0.198,0.9169,0.04,0.0384,0.0403,0.0,1,0,0,0,2026-08-19T06:18:51.624401+00:00,2026-08-19T06:19:58.757070+00:00
5,410,Fraser,15,MID,49,0,0,0.0,0.0,0.0,0,1,0,0,0,2026-08-19T06:18:51.624401+00:00,2026-08-19T06:19:58.757070+00:00
5,411,Gillespie,15,GKP,40,0.1704,0.7828,0.04,0.0384,0.0403,0.0,1,0,0,0,2026-08-19T06:18:51.624401+00:00,2026-08-19T06:19:58.757070+00:00
5,412,Gordon,15,MID,55,0.7224,1.3649,0.14,0.2408,0.1495,0.002,1,5,90,1,2026-08-19T06:18:51.624401+00:00,2026-08-19T06:19:58.757070+00:00
5,413,Hayden,15,MID,44,0,0,0.0,0.0,0.0,0,1,0,0,0,2026-08-19T06:18:51.624401+00:00,2026-08-19T06:19:58.757070+00:00
5,414,Hendrick,15,MID,44,0,0,0.0,0.0,0.0,0,1,0,0,0,2026-08-19T06:18:51.624401+00:00,2026-08-19T06:19:58.757070+00:00
5,415,Isak,15,FWD,77,1.2412,2.0093,0.28,0.2016,0.2765,0.008,1,0,0,0,2026-08-19T06:18:51.624401+00:00,2026-08-19T06:19:58.757070+00:00
5,416,Joelinton,15,MID,59,1.1248,1.7495,0.28,0.2016,0.2765,0.0044,1,0,0,0,2026-08-19T06:18:51.624401+00:00,2026-08-19T06:19:58.757070+00:00
5,417,Krafth,15,DEF,44,0.5492,1.2798,0.1,0.198,0.1088,0.0008,1,0,0,0,2026-08-19T06:18:51.624401+00:00,2026-08-19T06:19:58.757070+00:00
5,418,Kuol,15,MID,45,0,0,0.0,0.0,0.0,0,1,0,0,0,2026-08-19T06:18:51.624401+00:00,2026-08-19T06:19:58.757070+00:00
5,419,Lascelles,15,DEF,40,0,0,0.0,0.0,0.0,0,1,0,0,0,2026-08-19T06:18:51.624401+00:00,2026-08-19T06:19:58.757070+00:00
5,420,J.Lewis,15,DEF,40,0,0,0.0,0.0,0.0,0,1,0,0,0,2026-08-19T06:18:51.624401+00:00,2026-08-19T06:19:58.757070+00:00
5,421,Longstaff,15,MID,49,0.7084,1.2756,0.18,0.1804,0.1818,0.0012,1,3,90,1,2026-08-19T06:18:51.624401+00:00,2026-08-19T06:19:58.757070+00:00
5,422,Manquillo,15,DEF,40,0,0,0.0,0.0,0.0,0,1,0,0,0,2026-08-19T06:18:51.624401+00:00,2026-08-19T06:19:58.757070+00:00
5,423,J.Murphy,15,MID,49,0.7,1.2593,0.18,0.1804,0.1818,0.0012,1,0,0,0,2026-08-19T06:18:51.624401+00:00,2026-08-19T06:19:58.757070+00:00
5,424,Pope,15,GKP,55,3.2936,2.3105,0.88,0.0096,0.8192,0.0012,1,6,90,1,2026-08-19T06:18:51.624401+00:00,2026-08-19T06:19:58.757070+00:00
5,425,Ritchie,15,MID,44,0.4812,0.9918,0.1,0.198,0.1088,0.0,1,0,0,0,2026-08-19T06:18:51.624401+00:00,2026-08-19T06:19:58.757070+00:00
5,426,Saint-Maximin,15,MID,60,0,0,0.0,0.0,0.0,0,1,0,0,0,2026-08-19T06:18:51.624401+00:00,2026-08-19T06:19:58.757070+00:00
5,427,Schär,15,DEF,50,1.0372,1.8193,0.28,0.1584,0.2731,0.0016,1,7,90,1,2026-08-19T06:18:51.624401+00:00,2026-08-19T06:19:58.757070+00:00
5,428,Targett,15,DEF,44,0,0,0.0,0.0,0.0,0,1,0,0,0,2026-08-19T06:18:51.624401+00:00,2026-08-19T06:19:58.757070+00:00
5,429,Tonali,15,MID,55,0,0,0.0,0.0,0.0,0,1,0,0,0,2026-08-19T06:18:51.624401+00:00,2026-08-19T06:19:58.757070+00:00
5,430,Trippier,15,DEF,65,1.0884,1.9744,0.28,0.2016,0.2765,0.0064,1,8,90,1,2026-08-19T06:18:51.624401+00:00,2026-08-19T06:19:58.757070+00:00
5,431,Watts,15,DEF,40,0,0,0.0,0.0,0.0,0,1,0,0,0,2026-08-19T06:18:51.624401+00:00,2026-08-19T06:19:58.757070+00:00
5,432,Willock,15,MID,54,0,0,0.0,0.0,0.0,0,1,0,0,0,2026-08-19T06:18:51.624401+00:00,2026-08-19T06:19:58.757070+00:00
5,433,Wilson,15,FWD,78,3.0688,3.0029,0.72,0.0784,0.6759,0.05,1,5,90,1,2026-08-19T06:18:51.624401+00:00,2026-08-19T06:19:58.757070+00:00
5,580,Karius,15,GKP,40,0.1808,0.8161,0.04,0.0384,0.0403,0.0,1,0,0,0,2026-08-19T06:18:51.624401+00:00,2026-08-19T06:19:58.757070+00:00
5,581,Dummett,15,DEF,40,0.512,1.2077,0.1,0.198,0.1088,0.0004,1,0,0,0,2026-08-19T06:18:51.624401+00:00,2026-08-19T06:19:58.757070+00:00
5,603,Barnes,15,MID,64,1.7828,2.2876,0.45,0.154,0.4308,0.0132,1,3,82,1,2026-08-19T06:18:51.624401+00:00,2026-08-19T06:19:58.757070+00:00
5,633,Livramento,15,DEF,44,0,0,0.0,0.0,0.0,0,1,0,0,0,2026-08-19T06:18:51.624401+00:00,2026-08-19T06:19:58.757070+00:00
5,634,A.Murphy,15,DEF,40,0.4996,1.1556,0.1,0.198,0.1088,0.0,1,0,0,0,2026-08-19T06:18:51.624401+00:00,2026-08-19T06:19:58.757070+00:00
5,635,Miley,15,MID,45,0,0,0.0,0.0,0.0,0,1,0,0,0,2026-08-19T06:18:51.624401+00:00,2026-08-19T06:19:58.757070+00:00
5,738,Diallo,15,MID,45,0.4868,1.0248,0.1,0.198,0.1088,0.0008,1,,,,2026-08-19T06:18:51.624401+00:00,
5,739,Parkinson,15,FWD,45,0.4648,0.956,0.1,0.198,0.1088,0.0008,1,,,,2026-08-19T06:18:51.624401+00:00,
5,745,Ndiweni,15,FWD,44,0,0,0.0,0.0,0.0,0,1,,,,2026-08-19T06:18:51.624401+00:00,
5,794,White,15,MID,45,0.4624,0.9888,0.1,0.198,0.1088,0.0004,1,,,,2026-08-19T06:18:51.624401+00:00,
5,795,Hernes,15,MID,45,0.496,1.0358,0.1,0.198,0.1088,0.0,1,,,,2026-08-19T06:18:51.624401+00:00,
5,23,Tavares,16,DEF,40,0.5384,1.2498,0.1,0.198,0.1088,0.0008,1,1,37,0,2026-08-19T06:18:51.624401+00:00,2026-08-19T06:19:58.757070+00:00
5,28,Turner,16,GKP,40,3.438,2.3552,0.88,0.0048,0.8188,0.0028,1,2,90,1,2026-08-19T06:18:51.624401+00:00,2026-08-19T06:19:58.757070+00:00
5,205,Hudson-Odoi,16,MID,49,0.7084,1.2962,0.18,0.1804,0.1818,0.0008,1,10,70,1,2026-08-19T06:18:51.624401+00:00,2026-08-19T06:19:58.757070+00:00
5,378,Elanga,16,MID,50,0.76,1.4566,0.18,0.1804,0.1818,0.0028,1,2,90,1,2026-08-19T06:18:51.624401+00:00,2026-08-19T06:19:58.757070+00:00
5,434,B.Aguilera,16,MID,45,0,0,0.0,0.0,0.0,0,1,0,0,0,2026-08-19T06:18:51.624401+00:00,2026-08-19T06:19:58.757070+00:00
5,435,Arter,16,MID,44,0.4724,1.0084,0.1,0.198,0.1088,0.0004,1,0,0,0,2026-08-19T06:18:51.624401+00:00,2026-08-19T06:19:58.757070+00:00
5,436,Aurier,16,DEF,45,0,0,0.0,0.0,0.0,0,1,0,0,0,2026-08-19T06:18:51.624401+00:00,2026-08-19T06:19:58.757070+00:00
5,437,Awoniyi,16,FWD,66,1.2008,1.9782,0.28,0.2016,0.2765,0.0104,1,5,87,1,2026-08-19T06:18:51.624401+00:00,2026-08-19T06:19:58.757070+00:00
5,438,Biancone,16,DEF,40,0,0,0.0,0.0,0.0,0,1,0,0,0,2026-08-19T06:18:51.624401+00:00,2026-08-19T06:19:58.757070+00:00
5,439,Boly,16,DEF,45,0.8836,1.8941,0.22,0.1716,0.2183,0.0064,1,0,0,0,2026-08-19T06:18:51.624401+00:00,2026-08-19T06:19:58.757070+00:00
5,440,Bowler,16,MID,45,0,0,0.0,0.0,0.0,0,1,0,0,0,2026-08-19T06:18:51.624401+00:00,2026-08-19T06:19:58.757070+00:00
5,441,Cook,16,DEF,45,0,0,0.0,0.0,0.0,0,1,0,0,0,2026-08-19T06:18:51.624401+00:00,2026-08-19T06:19:58.757070+00:00
5,442,Danilo,16,MID,54,0.9848,1.471,0.28,0.1584,0.2731,0.0012,1,0,0,0,2026-08-19T06:18:51.624401+00:00,2026-08-19T06:19:58.757070+00:00
5,443,Dennis,16,FWD,48,0,0,0.0,0.0,0.0,0,1,0,0,0,2026-08-19T06:18:51.624401+00:00,2026-08-19T06:19:58.757070+00:00
5,444,Dräger,16,DEF,40,0,0,0.0,0.0,0.0,0,1,0,0,0,2026-08-19T06:18:51.624401+00:00,2026-08-19T06:19:58.757070+00:00
5,445,Felipe,16,DEF,44,0.9176,1.8403,0.22,0.1716,0.2183,0.0052,1,0,0,0,2026-08-19T06:18:51.624401+00:00,2026-08-19T06:19:58.757070+00:00
5,446,Freuler,16,MID,49,0,0,0.0,0.0,0.0,0,1,0,0,0,2026-08-19T06:18:51.624401+00:00,2026-08-19T06:19:58.757070+00:00
5,447,Gibbs-White,16,MID,59,1.3464,2.2487,0.28,0.2016,0.2765,0.0148,1,2,90,1,2026-08-19T06:18:51.624401+00:00,2026-08-19T06:19:58.757070+00:00
5,448,Hennessey,16,GKP,40,0.1964,0.8767,0.04,0.0384,0.0403,0.0,1,0,0,0,2026-08-19T06:18:51.624401+00:00,2026-08-19T06:19:58.757070+00:00
5,449,Horvath,16,GKP,44,0,0,0.0,0.0,0.0,0,1,0,0,0,2026-08-19T06:18:51.624401+00:00,2026-08-19T06:19:58.757070+00:00
5,451,Kouyaté,16,MID,49,0.694,1.2978,0.18,0.1804,0.1818,0.0004,1,0,0,0,2026-08-19T06:18:51.624401+00:00,2026-08-19T06:19:58.757070+00:00
5,452,Laryea,16,DEF,45,0,0,0.0,0.0,0.0,0,1,0,0,0,2026-08-19T06:18:51.624401+00:00,2026-08-19T06:19:58.757070+00:00
5,453,Mangala,16,MID,50,0,0,0.0,0.0,0.0,0,1,1,70,1,2026-08-19T06:18:51.624401+00:00,2026-08-19T06:19:58.757070+00:00
5,454,Mbe Soh,16,DEF,40,0,0,0.0,0.0,0.0,0,1,0,0,0,2026-08-19T06:18:51.624401+00:00,2026-08-19T06:19:58.757070+00:00
5,455,McKenna,16,DEF,45,0,0,0.0,0.0,0.0,0,1,2,90,1,2026-08-19T06:18:51.624401+00:00,2026-08-19T06:19:58.757070+00:00
5,456,Mighten,16,MID,44,0,0,0.0,0.0,0.0,0,1,0,0,0,2026-08-19T06:18:51.624401+00:00,2026-08-19T06:19:58.757070+00:00
5,457,Niakhaté,16,DEF,45,0.5536,1.3175,0.1,0.198,0.1088,0.0004,1,0,0,0,2026-08-19T06:18:51.624401+00:00,2026-08-19T06:19:58.757070+00:00
5,458,O'Brien,16,MID,49,0,0,0.0,0.0,0.0,0,1,0,0,0,2026-08-19T06:18:51.624401+00:00,2026-08-19T06:19:58.757070+00:00
5,459,Ojeda,16,MID,45,0,0,0.0,0.0,0.0,0,1,0,0,0,2026-08-19T06:18:51.624401+00:00,2026-08-19T06:19:58.757070+00:00
5,460,Panzo,16,DEF,40,0,0,0.0,0.0,0.0,0,1,0,0,0,2026-08-19T06:18:51.624401+00:00,2026-08-19T06:19:58.757070+00:00
5,461,O.Richards,16,DEF,44,0,0,0.0,0.0,0.0,0,1,0,0,0,2026-08-19T06:18:51.624401+00:00,2026-08-19T06:19:58.757070+00:00
5,462,G.Scarpa,16,MID,45,0,0,0.0,0.0,0.0,0,1,0,0,0,2026-08-19T06:18:51.624401+00:00,2026-08-19T06:19:58.757070+00:00
5,463,J.Shelvey,16,MID,48,0,0,0.0,0.0,0.0,0,1,0,0,0,2026-08-19T06:18:51.624401+00:00,2026-08-19T06:19:58.757070+00:00
5,464,Surridge,16,FWD,45,0,0,0.0,0.0,0.0,0,1,0,0,0,2026-08-19T06:18:51.624401+00:00,2026-08-19T06:19:58.757070+00:00
5,465,Toffolo,16,DEF,44,0.8568,1.6467,0.22,0.1716,0.2183,0.002,1,0,0,0,2026-08-19T06:18:51.624401+00:00,2026-08-19T06:19:58.757070+00:00
5,466,Ui-jo,16,FWD,44,0,0,0.0,0.0,0.0,0,1,0,0,0,2026-08-19T06:18:51.624401+00:00,2026-08-19T06:19:58.757070+00:00
5,467,Williams,16,DEF,44,0,0,0.0,0.0,0.0,0,1,0,0,0,2026-08-19T06:18:51.624401+00:00,2026-08-19T06:19:58.757070+00:00
5,468,Wood,16,FWD,50,0.6944,1.2614,0.18,0.1804,0.1818,0.0012,1,1,2,0,2026-08-19T06:18:51.624401+00:00,2026-08-19T06:19:58.757070+00:00
5,469,Worrall,16,DEF,45,0,0,0.0,0.0,0.0,0,1,2,90,1,2026-08-19T06:18:51.624401+00:00,2026-08-19T06:19:58.757070+00:00
5,470,Yates,16,MID,49,0.8808,1.3432,0.28,0.1584,0.2731,0.0,1,1,19,0,2026-08-19T06:18:51.624401+00:00,2026-08-19T06:19:58.757070+00:00
5,604,Aina,16,DEF,45,0.8932,1.7148,0.22,0.1716,0.2183,0.0024,1,2,90,1,2026-08-19T06:18:51.624401+00:00,2026-08-19T06:19:58.757070+00:00
5,636,G.Shelvey,16,GKP,40,0,0,0.0,0.0,0.0,0,1,0,0,0,2026-08-19T06:18:51.624401+00:00,2026-08-19T06:19:58.757070+00:00
5,637,Powell,16,DEF,40,0.5092,1.2484,0.1,0.198,0.1088,0.0008,1,0,0,0,2026-08-19T06:18:51.624401+00:00,2026-08-19T06:19:58.757070+00:00
5,679,G.Montiel,16,DEF,45,0.5188,1.2759,0.1,0.198,0.1088,0.0012,1,0,52,1,2026-08-19T06:18:51.624401+00:00,2026-08-19T06:19:58.757070+00:00
5,696,Murillo,16,DEF,45,0.5168,1.2731,0.1,0.198,0.1088,0.0012,1,0,0,0,2026-08-19T06:18:51.624401+00:00,2026-08-19T06:19:58.757070+00:00
5,710,Odysseas,16,GKP,45,0.158,0.7518,0.04,0.0384,0.0403,0.0,1,0,0,0,2026-08-19T06:18:51.624401+00:00,2026-08-19T06:19:58.757070+00:00
5,711,Omobamidele,16,DEF,45,0.5292,1.2242,0.1,0.198,0.1088,0.0004,1,0,0,0,2026-08-19T06:18:51.624401+00:00,2026-08-19T06:19:58.757070+00:00
5,712,Dominguez,16,MID,50,0,0,0.0,0.0,0.0,0,1,0,0,0,2026-08-19T06:18:51.624401+00:00,2026-08-19T06:19:58.757070+00:00
5,713,Sangaré,16,MID,50,0.7632,1.4082,0.18,0.1804,0.1818,0.002,1,2,90,1,2026-08-19T06:18:51.624401+00:00,2026-08-19T06:19:58.757070+00:00
5,714,Origi,16,FWD,50,0.6752,1.2633,0.18,0.1804,0.1818,0.002,1,1,19,0,2026-08-19T06:18:51.624401+00:00,2026-08-19T06:19:58.757070+00:00
5,779,McDonnell,16,MID,45,0.4816,0.978,0.1,0.198,0.1088,0.0004,1,,,,2026-08-19T06:18:51.624401+00:00,
5,780,Osong,16,FWD,45,0.4556,0.8856,0.1,0.198,0.1088,0.0,1,,,,2026-08-19T06:18:51.624401+00:00,
5,781,Gardner,16,FWD,45,0.4344,0.8888,0.1,0.198,0.1088,0.0004,1,,,,2026-08-19T06:18:51.624401+00:00,
5,801,Reyna,16,MID,46,0.696,1.271,0.18,0.1804,0.1818,0.0012,1,,,,2026-08-19T06:18:51.624401+00:00,
5,808,Sels,16,GKP,45,0.1676,0.8152,0.04,0.0384,0.0403,0.0,1,,,,2026-08-19T06:18:51.624401+00:00,
5,809,Ribeiro,16,FWD,45,0.4532,0.9266,0.1,0.198,0.1088,0.0004,1,,,,2026-08-19T06:18:51.624401+00:00,
5,27,Trusty,17,DEF,40,0.44,1.0653,0.1,0.198,0.1088,0.0004,1,0,4,0,2026-08-19T06:18:51.624401+00:00,2026-08-19T06:19:58.757070+00:00
5,33,Archer,17,FWD,45,0.4472,0.8576,0.1,0.198,0.1088,0.0,1,1,90,1,2026-08-19T06:18:51.624401+00:00,2026-08-19T06:19:58.757070+00:00
5,255,Holgate,17,DEF,40,0.7956,1.5848,0.22,0.1716,0.2183,0.0016,1,0,0,0,2026-08-19T06:18:51.624401+00:00,2026-08-19T06:19:58.757070+00:00
5,360,McAtee,17,MID,44,0.4824,0.9986,0.1,0.198,0.1088,0.0008,1,3,69,1,2026-08-19T06:18:51.624401+00:00,2026-08-19T06:19:58.757070+00:00
5,471,Ahmedhodžić,17,DEF,44,0.738,1.4516,0.22,0.1716,0.2183,0.002,1,1,90,1,2026-08-19T06:18:51.624401+00:00,2026-08-19T06:19:58.757070+00:00
5,472,Amissah,17,GKP,40,0.16,0.7377,0.04,0.0384,0.0403,0.0004,1,0,0,0,2026-08-19T06:18:51.624401+00:00,2026-08-19T06:19:58.757070+00:00
5,473,Baldock,17,DEF,40,0,0,0.0,0.0,0.0,0,1,0,0,0,2026-08-19T06:18:51.624401+00:00,2026-08-19T06:19:58.757070+00:00
5,474,Basham,17,DEF,40,0,0,0.0,0.0,0.0,0,1,0,90,1,2026-08-19T06:18:51.624401+00:00,2026-08-19T06:19:58.757070+00:00
5,476,Bogle,17,DEF,45,0.502,1.2024,0.1,0.198,0.1088,0.0012,1,6,85,1,2026-08-19T06:18:51.624401+00:00,2026-08-19T06:19:58.757070+00:00
5,477,Brewster,17,FWD,49,0.618,1.0913,0.18,0.1804,0.1818,0.0004,1,0,0,0,2026-08-19T06:18:51.624401+00:00,2026-08-19T06:19:58.757070+00:00
5,478,Coulibaly,17,MID,44,0,0,0.0,0.0,0.0,0,1,0,0,0,2026-08-19T06:18:51.624401+00:00,2026-08-19T06:19:58.757070+00:00
5,479,A.Davies,17,GKP,40,0.1696,0.7464,0.04,0.0384,0.0403,0.0,1,0,0,0,2026-08-19T06:18:51.624401+00:00,2026-08-19T06:19:58.757070+00:00
5,480,Egan,17,DEF,45,0.4492,1.0229,0.11,0.1958,0.118,0.0,1,0,0,0,2026-08-19T06:18:51.624401+00:00,2026-08-19T06:19:58.757070+00:00
5,481,Fleck,17,MID,49,0,0,0.0,0.0,0.0,0,1,0,0,0,2026-08-19T06:18:51.624401+00:00,2026-08-19T06:19:58.757070+00:00
5,482,Foderingham,17,GKP,45,3.2564,2.2323,0.88,0.0048,0.8188,0.0016,1,3,90,1,2026-08-19T06:18:51.624401+00:00,2026-08-19T06:19:58.757070+00:00
5,483,Jebbison,17,FWD,49,0.628,1.1066,0.18,0.1804,0.1818,0.0004,1,0,0,0,2026-08-19T06:18:51.624401+00:00,2026-08-19T06:19:58.757070+00:00
5,484,Lowe,17,DEF,44,0.4688,1.0925,0.1,0.198,0.1088,0.0004,1,0,0,0,2026-08-19T06:18:51.624401+00:00,2026-08-19T06:19:58.757070+00:00
5,485,McBurnie,17,FWD,54,0.8028,1.5761,0.18,0.1804,0.1818,0.0044,1,-1,90,1,2026-08-19T06:18:51.624401+00:00,2026-08-19T06:19:58.757070+00:00
5,486,Ndiaye,17,FWD,55,0,0,0.0,0.0,0.0,0,1,0,0,0,2026-08-19T06:18:51.624401+00:00,2026-08-19T06:19:58.757070+00:00
5,487,Norrington-Davies,17,DEF,40,0,0,0.0,0.0,0.0,0,1,0,0,0,2026-08-19T06:18:51.624401+00:00,2026-08-19T06:19:58.757070+00:00
5,488,Norwood,17,MID,50,0.8116,1.2658,0.28,0.1584,0.2731,0.0,1,1,20,0,2026-08-19T06:18:51.624401+00:00,2026-08-19T06:19:58.757070+00:00
5,489,Osborn,17,MID,49,0.5852,1.13,0.14,0.1892,0.1453,0.0,1,0,0,0,2026-08-19T06:18:51.624401+00:00,2026-08-19T06:19:58.757070+00:00
5,490,Osula,17,FWD,45,0.836,1.2,0.28,0.1584,0.2731,0.0004,1,0,0,0,2026-08-19T06:18:51.624401+00:00,2026-08-19T06:19:58.757070+00:00
5,576,Robinson,17,DEF,45,0.736,1.4996,0.22,0.1716,0.2183,0.002,1,3,90,1,2026-08-19T06:18:51.624401+00:00,2026-08-19T06:19:58.757070+00:00
5,587,Slimane,17,MID,49,0.7208,1.3162,0.18,0.1804,0.1818,0.0016,1,0,0,0,2026-08-19T06:18:51.624401+00:00,2026-08-19T06:19:58.757070+00:00
5,592,Larouci,17,DEF,44,0.4432,1.0307,0.1,0.198,0.1088,0.0004,1,0,0,0,2026-08-19T06:18:51.624401+00:00,2026-08-19T06:19:58.757070+00:00
5,593,T.Bénie,17,FWD,54,0,0,0.0,0.0,0.0,0,1,0,0,0,2026-08-19T06:18:51.624401+00:00,2026-08-19T06:19:58.757070+00:00
5,638,Vini Souza,17,MID,50,0.86,1.307,0.28,0.1584,0.2731,0.0,1,2,90,1,2026-08-19T06:18:51.624401+00:00,2026-08-19T06:19:58.757070+00:00
5,653,Seriki,17,DEF,40,0,0,0.0,0.0,0.0,0,1,0,0,0,2026-08-19T06:18:51.624401+00:00,2026-08-19T06:19:58.757070+00:00
5,654,Marsh,17,FWD,45,0,0,0.0,0.0,0.0,0,1,0,0,0,2026-08-19T06:18:51.624401+00:00,2026-08-19T06:19:58.757070+00:00
5,655,Brooks,17,MID,45,0.4656,0.9163,0.1,0.198,0.1088,0.0004,1,0,0,0,2026-08-19T06:18:51.624401+00:00,2026-08-19T06:19:58.757070+00:00
5,656,Hackford,17,FWD,45,0,0,0.0,0.0,0.0,0,1,0,0,0,2026-08-19T06:18:51.624401+00:00,2026-08-19T06:19:58.757070+00:00
5,663,Hamer,17,MID,50,0.926,1.4718,0.28,0.1584,0.2731,0.0016,1,10,80,1,2026-08-19T06:18:51.624401+00:00,2026-08-19T06:19:58.757070+00:00
5,666,T.Davies,17,MID,50,0.5316,1.0669,0.14,0.1892,0.1453,0.0008,1,0,9,0,2026-08-19T06:18:51.624401+00:00,2026-08-19T06:19:58.757070+00:00
5,693,Thomas,17,DEF,40,0,0,0.0,0.0,0.0,0,1,1,90,1,2026-08-19T06:18:51.624401+00:00,2026-08-19T06:19:58.757070+00:00
5,730,Oné,17,MID,44,0.4868,1.0138,0.1,0.198,0.1088,0.0,1,,,,2026-08-19T06:18:51.624401+00:00,
5,731,Buyabu,17,DEF,40,0,0,0.0,0.0,0.0,0,1,,,,2026-08-19T06:18:51.624401+00:00,
5,759,Peck,17,MID,44,0.4088,0.8609,0.1,0.198,0.1088,0.0,1,,,,2026-08-19T06:18:51.624401+00:00,
5,775,Brereton Díaz,17,MID,50,0.68,1.2762,0.18,0.1804,0.1818,0.0012,1,,,,2026-08-19T06:18:51.624401+00:00,
5,790,Grbić,17,GKP,45,0.172,0.7628,0.04,0.0384,0.0403,0.0,1,,,,2026-08-19T06:18:51.624401+00:00,
5,822,Blacker,17,FWD,45,0.4232,0.8674,0.1,0.198,0.1088,0.0004,1,,,,2026-08-19T06:18:51.624401+00:00,
5,823,Arblaster,17,MID,45,0.4832,0.9735,0.1,0.198,0.1088,0.0004,1,,,,2026-08-19T06:18:51.624401+00:00,
5,827,Sasnauskas,17,DEF,40,0.4684,1.131,0.1,0.198,0.1088,0.0004,1,,,,2026-08-19T06:18:51.624401+00:00,
5,828,Curtis,17,DEF,40,0.4648,1.0735,0.1,0.198,0.1088,0.0,1,,,,2026-08-19T06:18:51.624401+00:00,
5,857,Hampson,17,MID,45,0.494,0.981,0.1,0.198,0.1088,0.0008,1,,,,2026-08-19T06:18:51.624401+00:00,
5,450,Johnson,18,MID,59,1.0592,1.6702,0.28,0.2016,0.2765,0.0044,1,1,10,0,2026-08-19T06:18:51.624401+00:00,2026-08-19T06:19:58.757070+00:00
5,491,Austin,18,GKP,40,0.1596,0.7531,0.04,0.0384,0.0403,0.0,1,0,0,0,2026-08-19T06:18:51.624401+00:00,2026-08-19T06:19:58.757070+00:00
5,492,Bentancur,18,MID,54,1.9528,1.8802,0.68,0.0576,0.637,0.0048,1,0,0,0,2026-08-19T06:18:51.624401+00:00,2026-08-19T06:19:58.757070+00:00
5,493,Bissouma,18,MID,50,0,0,0.0,0.0,0.0,0,1,1,90,1,2026-08-19T06:18:51.624401+00:00,2026-08-19T06:19:58.757070+00:00
5,494,Bryan,18,MID,49,0.6912,1.2324,0.18,0.1804,0.1818,0.0008,1,0,0,0,2026-08-19T06:18:51.624401+00:00,2026-08-19T06:19:58.757070+00:00
5,495,Davies,18,DEF,44,0,0,0.0,0.0,0.0,0,1,0,0,0,2026-08-19T06:18:51.624401+00:00,2026-08-19T06:19:58.757070+00:00
5,496,Dier,18,DEF,43,0,0,0.0,0.0,0.0,0,1,0,0,0,2026-08-19T06:18:51.624401+00:00,2026-08-19T06:19:58.757070+00:00
5,497,E.Royal,18,DEF,45,0.4824,1.1627,0.1,0.198,0.1088,0.0,1,1,1,0,2026-08-19T06:18:51.624401+00:00,2026-08-19T06:19:58.757070+00:00
5,498,Forster,18,GKP,40,0,0,0.0,0.0,0.0,0,1,0,0,0,2026-08-19T06:18:51.624401+00:00,2026-08-19T06:19:58.757070+00:00
5,499,Højbjerg,18,MID,53,0.728,1.4001,0.18,0.1804,0.1818,0.002,1,1,1,0,2026-08-19T06:18:51.624401+00:00,2026-08-19T06:19:58.757070+00:00
5,500,Kane,18,FWD,125,0,0,0.0,0.0,0.0,0,1,0,0,0,2026-08-19T06:18:51.624401+00:00,2026-08-19T06:19:58.757070+00:00
5,501,Kulusevski,18,MID,70,1.1588,1.8061,0.28,0.2016,0.2765,0.0064,1,10,90,1,2026-08-19T06:18:51.624401+00:00,2026-08-19T06:19:58.757070+00:00
5,502,Lloris,18,GKP,49,0,0,0.0,0.0,0.0,0,1,0,0,0,2026-08-19T06:18:51.624401+00:00,2026-08-19T06:19:58.757070+00:00
5,503,Lo Celso,18,MID,48,0.486,1.0162,0.09,0.2002,0.0997,0.0,1,0,0,0,2026-08-19T06:18:51.624401+00:00,2026-08-19T06:19:58.757070+00:00
5,504,Maddison,18,MID,78,1.5116,2.5576,0.28,0.2016,0.2765,0.0228,1,1,90,1,2026-08-19T06:18:51.624401+00:00,2026-08-19T06:19:58.757070+00:00
5,505,Ndombele,18,MID,44,0,0,0.0,0.0,0.0,0,1,0,0,0,2026-08-19T06:18:51.624401+00:00,2026-08-19T06:19:58.757070+00:00
5,506,Pedro Porro,18,DEF,50,1.1072,1.9913,0.28,0.1584,0.2731,0.006,1,2,90,1,2026-08-19T06:18:51.624401+00:00,2026-08-19T06:19:58.757070+00:00
5,507,Perišić,18,DEF,49,0,0,0.0,0.0,0.0,0,1,3,10,0,2026-08-19T06:18:51.624401+00:00,2026-08-19T06:19:58.757070+00:00
5,509,Richarlison,18,MID,68,0,0,0.0,0.0,0.0,0,1,8,10,0,2026-08-19T06:18:51.624401+00:00,2026-08-19T06:19:58.757070+00:00
5,510,Rodon,18,DEF,40,0,0,0.0,0.0,0.0,0,1,0,0,0,2026-08-19T06:18:51.624401+00:00,2026-08-19T06:19:58.757070+00:00
5,511,Romero,18,DEF,47,1.0824,1.9519,0.28,0.1584,0.2731,0.0052,1,2,90,1,2026-08-19T06:18:51.624401+00:00,2026-08-19T06:19:58.757070+00:00
5,512,Sánchez,18,DEF,44,0,0,0.0,0.0,0.0,0,1,0,0,0,2026-08-19T06:18:51.624401+00:00,2026-08-19T06:19:58.757070+00:00
5,513,Sarr,18,MID,46,0.95,1.5442,0.28,0.1584,0.2731,0.0016,1,2,79,1,2026-08-19T06:18:51.624401+00:00,2026-08-19T06:19:58.757070+00:00
5,514,Sessegnon,18,DEF,44,0,0,0.0,0.0,0.0,0,1,0,0,0,2026-08-19T06:18:51.624401+00:00,2026-08-19T06:19:58.757070+00:00
5,515,Skipp,18,MID,48,0.7092,1.3365,0.18,0.1804,0.1818,0.0008,1,0,0,0,2026-08-19T06:18:51.624401+00:00,2026-08-19T06:19:58.757070+00:00
5,516,Son,18,MID,91,1.784,3.0091,0.28,0.2016,0.2765,0.0372,1,2,79,1,2026-08-19T06:18:51.624401+00:00,2026-08-19T06:19:58.757070+00:00
5,517,Spence,18,DEF,40,0,0,0.0,0.0,0.0,0,1,0,0,0,2026-08-19T06:18:51.624401+00:00,2026-08-19T06:19:58.757070+00:00
5,518,Tanganga,18,DEF,40,0,0,0.0,0.0,0.0,0,1,0,0,0,2026-08-19T06:18:51.624401+00:00,2026-08-19T06:19:58.757070+00:00
5,519,Udogie,18,DEF,47,0,0,0.0,0.0,0.0,0,1,2,90,1,2026-08-19T06:18:51.624401+00:00,2026-08-19T06:19:58.757070+00:00
5,520,Vicario,18,GKP,51,3.4668,2.3106,0.88,0.0096,0.8192,0.0028,1,3,90,1,2026-08-19T06:18:51.624401+00:00,2026-08-19T06:19:58.757070+00:00
5,521,Whiteman,18,GKP,40,0.1916,0.869,0.04,0.0384,0.0403,0.0004,1,0,0,0,2026-08-19T06:18:51.624401+00:00,2026-08-19T06:19:58.757070+00:00
5,583,Solomon,18,MID,53,0,0,0.0,0.0,0.0,0,1,1,79,1,2026-08-19T06:18:51.624401+00:00,2026-08-19T06:19:58.757070+00:00
5,639,Van de Ven,18,DEF,45,0.8812,1.6464,0.22,0.1716,0.2183,0.0012,1,1,90,1,2026-08-19T06:18:51.624401+00:00,2026-08-19T06:19:58.757070+00:00
5,640,Scarlett,18,FWD,45,0.4404,0.8825,0.1,0.198,0.1088,0.0,1,0,0,0,2026-08-19T06:18:51.624401+00:00,2026-08-19T06:19:58.757070+00:00
5,641,Veliz,18,FWD,54,0,0,0.0,0.0,0.0,0,1,0,0,0,2026-08-19T06:18:51.624401+00:00,2026-08-19T06:19:58.757070+00:00
5,702,Phillips,18,DEF,40,0,0,0.0,0.0,0.0,0,1,0,0,0,2026-08-19T06:18:51.624401+00:00,2026-08-19T06:19:58.757070+00:00
5,722,Donley,18,FWD,45,0.4448,0.8832,0.1,0.198,0.1088,0.0,1,,,,2026-08-19T06:18:51.624401+00:00,
5,740,Dorrington,18,DEF,40,0.5508,1.33,0.1,0.198,0.1088,0.0008,1,,,,2026-08-19T06:18:51.624401+00:00,
5,754,Yago Santiago,18,MID,45,0.4524,0.9016,0.1,0.198,0.1088,0.0,1,,,,2026-08-19T06:18:51.624401+00:00,
5,776,Werner,18,FWD,63,0,0,0.0,0.0,0.0,0,1,,,,2026-08-19T06:18:51.624401+00:00,
5,777,Drăgușin,18,DEF,42,0.536,1.2821,0.1,0.198,0.1088,0.0012,1,,,,2026-08-19T06:18:51.624401+00:00,
5,860,Moore,18,MID,45,0.4376,0.8953,0.1,0.198,0.1088,0.0,1,,,,2026-08-19T06:18:51.624401+00:00,
5,862,Hall,18,MID,45,0.4772,0.9993,0.1,0.198,0.1088,0.0,1,,,,2026-08-19T06:18:51.624401+00:00,
5,364,Phillips,19,MID,49,0.7356,1.3512,0.18,0.1804,0.1818,0.0016,1,0,0,0,2026-08-19T06:18:51.624401+00:00,2026-08-19T06:19:58.757070+00:00
5,522,N.Aguerd,19,DEF,45,0.5292,1.2751,0.11,0.1958,0.118,0.0012,1,1,90,1,2026-08-19T06:18:51.624401+00:00,2026-08-19T06:19:58.757070+00:00
5,523,Antonio,19,FWD,60,1.0908,1.6794,0.28,0.2016,0.2765,0.0048,1,2,66,1,2026-08-19T06:18:51.624401+00:00,2026-08-19T06:19:58.757070+00:00
5,524,Areola,19,GKP,41,0.1996,0.8677,0.04,0.0384,0.0403,0.0,1,4,90,1,2026-08-19T06:18:51.624401+00:00,2026-08-19T06:19:58.757070+00:00
5,525,Benrahma,19,MID,59,0,0,0.0,0.0,0.0,0,1,1,22,0,2026-08-19T06:18:51.624401+00:00,2026-08-19T06:19:58.757070+00:00
5,526,Bowen,19,MID,71,1.4892,2.3566,0.28,0.2016,0.2765,0.0144,1,2,90,1,2026-08-19T06:18:51.624401+00:00,2026-08-19T06:19:58.757070+00:00
5,527,Cornet,19,MID,53,0.7568,1.423,0.18,0.1804,0.1818,0.0012,1,0,0,0,2026-08-19T06:18:51.624401+00:00,2026-08-19T06:19:58.757070+00:00
5,528,Coufal,19,DEF,45,0.8584,1.643,0.22,0.1716,0.2183,0.0004,1,4,86,1,2026-08-19T06:18:51.624401+00:00,2026-08-19T06:19:58.757070+00:00
5,529,Coventry,19,MID,44,0,0,0.0,0.0,0.0,0,1,0,0,0,2026-08-19T06:18:51.624401+00:00,2026-08-19T06:19:58.757070+00:00
5,530,Cresswell,19,DEF,43,0.9088,1.794,0.22,0.1404,0.2158,0.0028,1,0,0,0,2026-08-19T06:18:51.624401+00:00,2026-08-19T06:19:58.757070+00:00
5,531,Downes,19,MID,50,0,0,0.0,0.0,0.0,0,1,0,0,0,2026-08-19T06:18:51.624401+00:00,2026-08-19T06:19:58.757070+00:00
5,532,Emerson,19,DEF,45,0.8984,1.6939,0.22,0.1716,0.2183,0.0028,1,1,90,1,2026-08-19T06:18:51.624401+00:00,2026-08-19T06:19:58.757070+00:00
5,533,Fabianski,19,GKP,44,3.3852,2.3584,0.88,0.0048,0.8188,0.0024,1,0,0,0,2026-08-19T06:18:51.624401+00:00,2026-08-19T06:19:58.757070+00:00
5,534,P.Fornals,19,MID,49,0,0,0.0,0.0,0.0,0,1,0,0,0,2026-08-19T06:18:51.624401+00:00,2026-08-19T06:19:58.757070+00:00
5,535,Ings,19,FWD,58,1.4196,1.8389,0.45,0.154,0.4308,0.0072,1,1,3,0,2026-08-19T06:18:51.624401+00:00,2026-08-19T06:19:58.757070+00:00
5,536,Johnson,19,DEF,44,0.894,1.6586,0.22,0.1716,0.2183,0.0004,1,0,0,0,2026-08-19T06:18:51.624401+00:00,2026-08-19T06:19:58.757070+00:00
5,537,Kehrer,19,DEF,44,0,0,0.0,0.0,0.0,0,1,1,3,0,2026-08-19T06:18:51.624401+00:00,2026-08-19T06:19:58.757070+00:00
5,538,Mubama,19,FWD,44,0.4376,0.9308,0.1,0.198,0.1088,0.0008,1,0,0,0,2026-08-19T06:18:51.624401+00:00,2026-08-19T06:19:58.757070+00:00
5,539,L.Paquetá,19,MID,60,1.162,1.9534,0.28,0.2016,0.2765,0.0088,1,1,90,1,2026-08-19T06:18:51.624401+00:00,2026-08-19T06:19:58.757070+00:00
5,541,Scamacca,19,FWD,60,0,0,0.0,0.0,0.0,0,1,0,0,0,2026-08-19T06:18:51.624401+00:00,2026-08-19T06:19:58.757070+00:00
5,542,Souček,19,MID,49,0.9944,1.5492,0.28,0.1584,0.2731,0.0036,1,1,86,1,2026-08-19T06:18:51.624401+00:00,2026-08-19T06:19:58.757070+00:00
5,543,Vlašić,19,MID,45,0,0,0.0,0.0,0.0,0,1,0,0,0,2026-08-19T06:18:51.624401+00:00,2026-08-19T06:19:58.757070+00:00
5,544,Zouma,19,DEF,45,0.8924,1.6974,0.22,0.1716,0.2183,0.0024,1,1,90,1,2026-08-19T06:18:51.624401+00:00,2026-08-19T06:19:58.757070+00:00
5,577,Ogbonna,19,DEF,44,0.5552,1.3355,0.1,0.198,0.1088,0.0012,1,0,0,0,2026-08-19T06:18:51.624401+00:00,2026-08-19T06:19:58.757070+00:00
5,642,Álvarez,19,MID,50,0.7132,1.2923,0.18,0.1804,0.1818,0.0004,1,1,67,1,2026-08-19T06:18:51.624401+00:00,2026-08-19T06:19:58.757070+00:00
5,647,Anang,19,GKP,40,0.1704,0.8222,0.04,0.0384,0.0403,0.0,1,0,0,0,2026-08-19T06:18:51.624401+00:00,2026-08-19T06:19:58.757070+00:00
5,664,Ward-Prowse,19,MID,61,1.4184,2.4417,0.28,0.2016,0.2765,0.0152,1,7,90,1,2026-08-19T06:18:51.624401+00:00,2026-08-19T06:19:58.757070+00:00
5,676,Mavropanos,19,DEF,45,0.5416,1.3045,0.1,0.198,0.1088,0.0016,1,0,0,0,2026-08-19T06:18:51.624401+00:00,2026-08-19T06:19:58.757070+00:00
5,689,Kudus,19,MID,65,1.7236,2.2313,0.45,0.154,0.4308,0.0096,1,1,23,0,2026-08-19T06:18:51.624401+00:00,2026-08-19T06:19:58.757070+00:00
5,773,Orford,19,MID,45,0.5,1.0381,0.1,0.198,0.1088,0.0004,1,,,,2026-08-19T06:18:51.624401+00:00,
5,774,Casey,19,DEF,40,0.5252,1.2498,0.1,0.198,0.1088,0.0012,1,,,,2026-08-19T06:18:51.624401+00:00,
5,784,Scarles,19,DEF,40,0.5088,1.2143,0.1,0.198,0.1088,0.0008,1,,,,2026-08-19T06:18:51.624401+00:00,
5,785,Marshall,19,FWD,45,0,0,0.0,0.0,0.0,0,1,,,,2026-08-19T06:18:51.624401+00:00,
5,829,Earthy,19,MID,45,0.4816,0.9882,0.1,0.198,0.1088,0.0004,1,,,,2026-08-19T06:18:51.624401+00:00,
5,351,Doyle,20,MID,44,0.4632,0.968,0.1,0.198,0.1088,0.0004,1,1,13,0,2026-08-19T06:18:51.624401+00:00,2026-08-19T06:19:58.757070+00:00
5,545,Aït-Nouri,20,DEF,45,0.89,1.7369,0.22,0.1716,0.2183,0.0028,1,2,64,1,2026-08-19T06:18:51.624401+00:00,2026-08-19T06:19:58.757070+00:00
5,546,Bentley,20,GKP,40,0.2404,1.0586,0.04,0.0384,0.0403,0.0004,1,0,0,0,2026-08-19T06:18:51.624401+00:00,2026-08-19T06:19:58.757070+00:00
5,547,Bolla,20,DEF,40,0,0,0.0,0.0,0.0,0,1,0,0,0,2026-08-19T06:18:51.624401+00:00,2026-08-19T06:19:58.757070+00:00
5,548,H.Bueno,20,DEF,45,0.502,1.2186,0.1,0.198,0.1088,0.0008,1,-2,25,0,2026-08-19T06:18:51.624401+00:00,2026-08-19T06:19:58.757070+00:00
5,549,Chiquinho,20,MID,45,0,0,0.0,0.0,0.0,0,1,0,0,0,2026-08-19T06:18:51.624401+00:00,2026-08-19T06:19:58.757070+00:00
5,550,Cundle,20,MID,45,0,0,0.0,0.0,0.0,0,1,0,0,0,2026-08-19T06:18:51.624401+00:00,2026-08-19T06:19:58.757070+00:00
5,551,Dawson,20,DEF,45,0,0,0.0,0.0,0.0,0,1,1,90,1,2026-08-19T06:18:51.624401+00:00,2026-08-19T06:19:58.757070+00:00
5,552,Fábio Silva,20,FWD,54,0,0,0.0,0.0,0.0,0,1,1,29,0,2026-08-19T06:18:51.624401+00:00,2026-08-19T06:19:58.757070+00:00
5,554,Guedes,20,MID,54,0,0,0.0,0.0,0.0,0,1,0,0,0,2026-08-19T06:18:51.624401+00:00,2026-08-19T06:19:58.757070+00:00
5,555,Hodge,20,MID,44,0,0,0.0,0.0,0.0,0,1,0,0,0,2026-08-19T06:18:51.624401+00:00,2026-08-19T06:19:58.757070+00:00
5,556,Hoever,20,DEF,40,0,0,0.0,0.0,0.0,0,1,0,0,0,2026-08-19T06:18:51.624401+00:00,2026-08-19T06:19:58.757070+00:00
5,557,Hee Chan,20,MID,54,0.9248,1.9581,0.18,0.1804,0.1818,0.01,1,6,59,1,2026-08-19T06:18:51.624401+00:00,2026-08-19T06:19:58.757070+00:00
5,559,João Gomes,20,MID,49,0.8628,1.3899,0.28,0.1584,0.2731,0.0012,1,2,90,1,2026-08-19T06:18:51.624401+00:00,2026-08-19T06:19:58.757070+00:00
5,560,J.Otto,20,DEF,44,0,0,0.0,0.0,0.0,0,1,0,0,0,2026-08-19T06:18:51.624401+00:00,2026-08-19T06:19:58.757070+00:00
5,561,Jordão,20,MID,44,0.4512,0.9174,0.1,0.198,0.1088,0.0,1,0,0,0,2026-08-19T06:18:51.624401+00:00,2026-08-19T06:19:58.757070+00:00
5,562,Kalajdžić,20,FWD,50,0,0,0.0,0.0,0.0,0,1,0,0,0,2026-08-19T06:18:51.624401+00:00,2026-08-19T06:19:58.757070+00:00
5,563,Kilman,20,DEF,45,0.8224,1.6439,0.22,0.1716,0.2183,0.0024,1,1,90,1,2026-08-19T06:18:51.624401+00:00,2026-08-19T06:19:58.757070+00:00
5,564,King,20,GKP,40,0.162,0.7631,0.04,0.0384,0.0403,0.0,1,0,0,0,2026-08-19T06:18:51.624401+00:00,2026-08-19T06:19:58.757070+00:00
5,565,Mario Jr.,20,MID,50,0.9876,1.5894,0.28,0.1584,0.2731,0.0024,1,2,77,1,2026-08-19T06:18:51.624401+00:00,2026-08-19T06:19:58.757070+00:00
5,567,Neto,20,MID,55,1.1652,1.9426,0.28,0.2016,0.2765,0.0072,1,5,90,1,2026-08-19T06:18:51.624401+00:00,2026-08-19T06:19:58.757070+00:00
5,568,Podence,20,MID,53,0,0,0.0,0.0,0.0,0,1,0,0,0,2026-08-19T06:18:51.624401+00:00,2026-08-19T06:19:58.757070+00:00
5,569,José Sá,20,GKP,50,3.67,2.4099,0.88,0.0096,0.8192,0.0068,1,2,90,1,2026-08-19T06:18:51.624401+00:00,2026-08-19T06:19:58.757070+00:00
5,570,Sarabia,20,MID,50,0.4928,1.1486,0.09,0.2002,0.0997,0.0008,1,0,0,0,2026-08-19T06:18:51.624401+00:00,2026-08-19T06:19:58.757070+00:00
5,571,Šarkić,20,GKP,40,0,0,0.0,0.0,0.0,0,1,0,0,0,2026-08-19T06:18:51.624401+00:00,2026-08-19T06:19:58.757070+00:00
5,572,N.Semedo,20,DEF,45,0,0,0.0,0.0,0.0,0,1,0,90,1,2026-08-19T06:18:51.624401+00:00,2026-08-19T06:19:58.757070+00:00
5,573,Toti,20,DEF,44,0.5244,1.2667,0.1,0.198,0.1088,0.0004,1,0,0,0,2026-08-19T06:18:51.624401+00:00,2026-08-19T06:19:58.757070+00:00
5,574,Boubacar Traore,20,MID,44,0.4848,0.9578,0.1,0.198,0.1088,0.0004,1,1,12,0,2026-08-19T06:18:51.624401+00:00,2026-08-19T06:19:58.757070+00:00
5,590,Cunha,20,FWD,55,1.0204,1.681,0.28,0.2016,0.2765,0.0056,1,2,60,1,2026-08-19T06:18:51.624401+00:00,2026-08-19T06:19:58.757070+00:00
5,598,Doherty,20,DEF,44,0.9868,1.8588,0.22,0.1716,0.2183,0.0032,1,0,30,0,2026-08-19T06:18:51.624401+00:00,2026-08-19T06:19:58.757070+00:00
5,697,S.Bueno,20,DEF,45,0.53,1.2971,0.1,0.198,0.1088,0.0012,1,0,0,0,2026-08-19T06:18:51.624401+00:00,2026-08-19T06:19:58.757070+00:00
5,698,González,20,MID,50,0.6944,1.3088,0.18,0.1804,0.1818,0.0008,1,0,0,0,2026-08-19T06:18:51.624401+00:00,2026-08-19T06:19:58.757070+00:00
5,704,Fraser,20,FWD,45,0.4604,0.965,0.1,0.198,0.1088,0.0004,1,0,0,0,2026-08-19T06:18:51.624401+00:00,2026-08-19T06:19:58.757070+00:00
5,715,Bellegarde,20,MID,50,0.7264,1.3837,0.18,0.1804,0.1818,0.0012,1,2,76,1,2026-08-19T06:18:51.624401+00:00,2026-08-19T06:19:58.757070+00:00
5,749,Whittingham,20,MID,45,0.4896,1.0003,0.1,0.198,0.1088,0.0004,1,,,,2026-08-19T06:18:51.624401+00:00,
5,750,Chirewa,20,MID,44,0.47,1.0091,0.1,0.198,0.1088,0.0,1,,,,2026-08-19T06:18:51.624401+00:00,
5,751,Hubner,20,DEF,40,0.532,1.256,0.1,0.198,0.1088,0.0008,1,,,,2026-08-19T06:18:51.624401+00:00,
5,769,Hesketh,20,MID,45,0,0,0.0,0.0,0.0,0,1,,,,2026-08-19T06:18:51.624401+00:00,
5,770,Barnett,20,MID,45,0.5112,1.1038,0.1,0.198,0.1088,0.0008,1,,,,2026-08-19T06:18:51.624401+00:00,
5,787,Griffiths,20,MID,45,0.4556,0.9497,0.1,0.198,0.1088,0.0008,1,,,,2026-08-19T06:18:51.624401+00:00,
5,788,Mosquera,20,DEF,40,0,0,0.0,0.0,0.0,0,1,,,,2026-08-19T06:18:51.624401+00:00,
5,800,N.Lemina,20,MID,50,0.7292,1.3673,0.18,0.1804,0.1818,0.0032,1,,,,2026-08-19T06:18:51.624401+00:00,
5,832,Okoduwa,20,DEF,40,0.52,1.2712,0.1,0.198,0.1088,0.0016,1,,,,2026-08-19T06:18:51.624401+00:00,
5,836,Chiwome,20,FWD,45,0,0,0.0,0.0,0.0,0,1,,,,2026-08-19T06:18:51.624401+00:00,
5,840,Holman,20,FWD,45,0.4736,0.9432,0.1,0.198,0.1088,0.0,1,,,,2026-08-19T06:18:51.624401+00:00,
5,853,Ojinnaka,20,MID,45,0.4924,0.9911,0.1,0.198,0.1088,0.0004,1,,,,2026-08-19T06:18:51.624401+00:00,
