gw,player_id,web_name,team_id,position,now_cost,mu,sigma,p_start,p_sub,p_60,p_10_plus,n_fixtures,actual_points,actual_minutes,did_start,captured_at,scored_at
12,1,Balogun,1,FWD,44,0,0,0.0,0.0,0.0,0,1,0,0,0,2026-08-19T06:19:02.421466+00:00,2026-08-19T06:19:58.971647+00:00
12,2,Cédric,1,DEF,39,0.528,1.2323,0.1,0.198,0.1088,0.0012,1,0,0,0,2026-08-19T06:19:02.421466+00:00,2026-08-19T06:19:58.971647+00:00
12,3,M.Elneny,1,MID,44,0.4692,0.9511,0.1,0.198,0.1088,0.0,1,0,0,0,2026-08-19T06:19:02.421466+00:00,2026-08-19T06:19:58.971647+00:00
12,4,Fábio Vieira,1,MID,54,0.7752,1.5409,0.18,0.1804,0.1818,0.0024,1,-2,23,0,2026-08-19T06:19:02.421466+00:00,2026-08-19T06:19:58.971647+00:00
12,5,Gabriel,1,DEF,48,1.1256,1.9108,0.28,0.1584,0.2731,0.0032,1,2,90,1,2026-08-19T06:19:02.421466+00:00,2026-08-19T06:19:58.971647+00:00
12,6,Havertz,1,MID,71,1.1512,2.0475,0.28,0.2016,0.2765,0.008,1,1,58,1,2026-08-19T06:19:02.421466+00:00,2026-08-19T06:19:58.971647+00:00
12,8,G.Jesus,1,FWD,78,1.2488,2.0599,0.28,0.2016,0.2765,0.008,1,0,0,0,2026-08-19T06:19:02.421466+00:00,2026-08-19T06:19:58.971647+00:00
12,9,Jorginho,1,MID,53,0.9324,1.4897,0.28,0.1584,0.2731,0.002,1,2,90,1,2026-08-19T06:19:02.421466+00:00,2026-08-19T06:19:58.971647+00:00
12,10,Kiwior,1,DEF,43,0.5556,1.3028,0.1,0.198,0.1088,0.0012,1,1,1,0,2026-08-19T06:19:02.421466+00:00,2026-08-19T06:19:58.971647+00:00
12,11,Marquinhos,1,MID,45,0,0,0.0,0.0,0.0,0,1,0,0,0,2026-08-19T06:19:02.421466+00:00,2026-08-19T06:19:58.971647+00:00
12,12,Martinelli,1,MID,78,1.994,2.4878,0.48,0.1456,0.458,0.0164,1,2,88,1,2026-08-19T06:19:02.421466+00:00,2026-08-19T06:19:58.971647+00:00
12,13,Nketiah,1,FWD,57,1.9264,2.3772,0.48,0.1456,0.458,0.0164,1,1,9,0,2026-08-19T06:19:02.421466+00:00,2026-08-19T06:19:58.971647+00:00
12,14,Ødegaard,1,MID,84,2.5324,3.1536,0.48,0.1456,0.458,0.0408,1,0,0,0,2026-08-19T06:19:02.421466+00:00,2026-08-19T06:19:58.971647+00:00
12,15,Thomas,1,MID,48,0.9604,1.4979,0.28,0.1584,0.2731,0.002,1,0,0,0,2026-08-19T06:19:02.421466+00:00,2026-08-19T06:19:58.971647+00:00
12,16,Pepe,1,MID,49,0,0,0.0,0.0,0.0,0,1,0,0,0,2026-08-19T06:19:02.421466+00:00,2026-08-19T06:19:58.971647+00:00
12,17,Ramsdale,1,GKP,47,0.3076,1.0047,0.08,0.0736,0.0803,0.0,1,0,0,0,2026-08-19T06:19:02.421466+00:00,2026-08-19T06:19:58.971647+00:00
12,18,Rúnarsson,1,GKP,40,0,0,0.0,0.0,0.0,0,1,0,0,0,2026-08-19T06:19:02.421466+00:00,2026-08-19T06:19:58.971647+00:00
12,19,Saka,1,MID,86,1.6576,2.8797,0.24,0.2128,0.2402,0.0308,1,5,80,1,2026-08-19T06:19:02.421466+00:00,2026-08-19T06:19:58.971647+00:00
12,20,Saliba,1,DEF,53,1.8016,2.286,0.48,0.1144,0.4556,0.004,1,9,90,1,2026-08-19T06:19:02.421466+00:00,2026-08-19T06:19:58.971647+00:00
12,22,Smith Rowe,1,MID,53,0.7568,1.4563,0.18,0.1804,0.1818,0.0024,1,0,0,0,2026-08-19T06:19:02.421466+00:00,2026-08-19T06:19:58.971647+00:00
12,24,Tierney,1,DEF,44,0,0,0.0,0.0,0.0,0,1,0,0,0,2026-08-19T06:19:02.421466+00:00,2026-08-19T06:19:58.971647+00:00
12,25,Tomiyasu,1,DEF,45,0.9332,1.805,0.22,0.1716,0.2183,0.0032,1,2,90,1,2026-08-19T06:19:02.421466+00:00,2026-08-19T06:19:58.971647+00:00
12,26,Trossard,1,MID,65,1.7412,2.2232,0.45,0.154,0.4308,0.012,1,13,80,1,2026-08-19T06:19:02.421466+00:00,2026-08-19T06:19:58.971647+00:00
12,29,White,1,DEF,58,2.0556,2.6088,0.48,0.1456,0.458,0.0124,1,0,0,0,2026-08-19T06:19:02.421466+00:00,2026-08-19T06:19:58.971647+00:00
12,30,Xhaka,1,MID,60,0,0,0.0,0.0,0.0,0,1,0,0,0,2026-08-19T06:19:02.421466+00:00,2026-08-19T06:19:58.971647+00:00
12,31,Zinchenko,1,DEF,49,1.194,2.0747,0.28,0.1584,0.2731,0.0048,1,10,90,1,2026-08-19T06:19:02.421466+00:00,2026-08-19T06:19:58.971647+00:00
12,113,Raya,1,GKP,49,3.0072,2.1926,0.88,0.0096,0.8192,0.0008,1,3,90,1,2026-08-19T06:19:02.421466+00:00,2026-08-19T06:19:58.971647+00:00
12,540,Rice,1,MID,54,1.8268,2.1182,0.48,0.1144,0.4556,0.004,1,2,90,1,2026-08-19T06:19:02.421466+00:00,2026-08-19T06:19:58.971647+00:00
12,578,Nelson,1,MID,49,0.7016,1.2689,0.18,0.1804,0.1818,0.0012,1,1,9,0,2026-08-19T06:19:02.421466+00:00,2026-08-19T06:19:58.971647+00:00
12,585,J.Timber,1,DEF,46,0.7724,1.6378,0.18,0.1804,0.1818,0.0036,1,0,0,0,2026-08-19T06:19:02.421466+00:00,2026-08-19T06:19:58.971647+00:00
12,646,Hein,1,GKP,40,0.186,0.8545,0.04,0.0384,0.0403,0.0,1,0,0,0,2026-08-19T06:19:02.421466+00:00,2026-08-19T06:19:58.971647+00:00
12,735,Sagoe,1,MID,45,0,0,0.0,0.0,0.0,0,1,0,0,0,2026-08-19T06:19:02.421466+00:00,2026-08-19T06:19:58.971647+00:00
12,736,Walters,1,DEF,40,0.504,1.2258,0.1,0.198,0.1088,0.0004,1,0,0,0,2026-08-19T06:19:02.421466+00:00,2026-08-19T06:19:58.971647+00:00
12,737,Ibrahim,1,MID,45,0,0,0.0,0.0,0.0,0,1,0,0,0,2026-08-19T06:19:02.421466+00:00,2026-08-19T06:19:58.971647+00:00
12,764,Lewis-Skelly,1,MID,45,0.4652,0.9828,0.1,0.198,0.1088,0.0004,1,,,,2026-08-19T06:19:02.421466+00:00,
12,772,Nwaneri,1,MID,45,0.4732,0.9558,0.1,0.198,0.1088,0.0,1,,,,2026-08-19T06:19:02.421466+00:00,
12,815,Bandeira,1,MID,45,0.4788,1.0212,0.1,0.198,0.1088,0.0004,1,,,,2026-08-19T06:19:02.421466+00:00,
12,817,Sweet,1,DEF,40,0.5264,1.2495,0.1,0.198,0.1088,0.0008,1,,,,2026-08-19T06:19:02.421466+00:00,
12,32,Alex Moreno,2,DEF,50,1.0376,2.0142,0.24,0.1672,0.2366,0.006,1,0,0,0,2026-08-19T06:19:02.421466+00:00,2026-08-19T06:19:58.971647+00:00
12,34,Bailey,2,MID,55,1.2164,1.9797,0.28,0.2016,0.2765,0.0088,1,4,28,0,2026-08-19T06:19:02.421466+00:00,2026-08-19T06:19:58.971647+00:00
12,35,Buendia,2,MID,57,0,0,0.0,0.0,0.0,0,1,0,0,0,2026-08-19T06:19:02.421466+00:00,2026-08-19T06:19:58.971647+00:00
12,36,Cash,2,DEF,52,0,0,0.0,0.0,0.0,0,1,2,90,1,2026-08-19T06:19:02.421466+00:00,2026-08-19T06:19:58.971647+00:00
12,37,Chambers,2,DEF,39,0.816,1.5597,0.22,0.1716,0.2183,0.0012,1,0,0,0,2026-08-19T06:19:02.421466+00:00,2026-08-19T06:19:58.971647+00:00
12,38,Coutinho,2,MID,58,0,0,0.0,0.0,0.0,0,1,0,0,0,2026-08-19T06:19:02.421466+00:00,2026-08-19T06:19:58.971647+00:00
12,39,Davis,2,FWD,49,0,0,0.0,0.0,0.0,0,1,0,0,0,2026-08-19T06:19:02.421466+00:00,2026-08-19T06:19:58.971647+00:00
12,40,Dendoncker,2,MID,49,0,0,0.0,0.0,0.0,0,1,0,0,0,2026-08-19T06:19:02.421466+00:00,2026-08-19T06:19:58.971647+00:00
12,41,Diego Carlos,2,DEF,44,0.9296,1.7466,0.22,0.1716,0.2183,0.0032,1,0,0,0,2026-08-19T06:19:02.421466+00:00,2026-08-19T06:19:58.971647+00:00
12,42,Digne,2,DEF,47,1.7096,2.3477,0.48,0.1144,0.4556,0.0092,1,2,90,1,2026-08-19T06:19:02.421466+00:00,2026-08-19T06:19:58.971647+00:00
12,43,Douglas Luiz,2,MID,56,2.2908,2.7724,0.48,0.1456,0.458,0.0232,1,2,90,1,2026-08-19T06:19:02.421466+00:00,2026-08-19T06:19:58.971647+00:00
12,44,Duran,2,FWD,50,0.7016,1.2562,0.18,0.1804,0.1818,0.0012,1,0,0,0,2026-08-19T06:19:02.421466+00:00,2026-08-19T06:19:58.971647+00:00
12,45,Hause,2,DEF,40,0.528,1.2548,0.1,0.198,0.1088,0.0008,1,0,0,0,2026-08-19T06:19:02.421466+00:00,2026-08-19T06:19:58.971647+00:00
12,46,Iroegbunam,2,MID,44,0.4396,0.9812,0.1,0.198,0.1088,0.0008,1,0,0,0,2026-08-19T06:19:02.421466+00:00,2026-08-19T06:19:58.971647+00:00
12,47,Kamara,2,MID,50,0,0,0.0,0.0,0.0,0,1,2,90,1,2026-08-19T06:19:02.421466+00:00,2026-08-19T06:19:58.971647+00:00
12,48,Konsa,2,DEF,45,0.9016,1.7441,0.22,0.1716,0.2183,0.0016,1,1,90,1,2026-08-19T06:19:02.421466+00:00,2026-08-19T06:19:58.971647+00:00
12,49,Martinez,2,GKP,49,3.2308,2.3268,0.9,0.008,0.8376,0.0028,1,3,90,1,2026-08-19T06:19:02.421466+00:00,2026-08-19T06:19:58.971647+00:00
12,50,McGinn,2,MID,55,1.8212,2.23,0.48,0.1456,0.458,0.0072,1,10,90,1,2026-08-19T06:19:02.421466+00:00,2026-08-19T06:19:58.971647+00:00
12,51,Mings,2,DEF,41,0,0,0.0,0.0,0.0,0,1,0,0,0,2026-08-19T06:19:02.421466+00:00,2026-08-19T06:19:58.971647+00:00
12,53,Olsen,2,GKP,40,0.1644,0.7595,0.04,0.0384,0.0403,0.0,1,0,0,0,2026-08-19T06:19:02.421466+00:00,2026-08-19T06:19:58.971647+00:00
12,54,Philogene,2,MID,45,0,0,0.0,0.0,0.0,0,1,0,0,0,2026-08-19T06:19:02.421466+00:00,2026-08-19T06:19:58.971647+00:00
12,55,J.Ramsey,2,MID,59,0,0,0.0,0.0,0.0,0,1,0,0,0,2026-08-19T06:19:02.421466+00:00,2026-08-19T06:19:58.971647+00:00
12,56,Sanson,2,MID,45,0,0,0.0,0.0,0.0,0,1,0,0,0,2026-08-19T06:19:02.421466+00:00,2026-08-19T06:19:58.971647+00:00
12,57,Sinisalo,2,GKP,40,0,0,0.0,0.0,0.0,0,1,0,0,0,2026-08-19T06:19:02.421466+00:00,2026-08-19T06:19:58.971647+00:00
12,58,Tielemans,2,MID,57,0,0,0.0,0.0,0.0,0,1,2,90,1,2026-08-19T06:19:02.421466+00:00,2026-08-19T06:19:58.971647+00:00
12,59,Bertrand Traoré,2,MID,50,0,0,0.0,0.0,0.0,0,1,0,0,0,2026-08-19T06:19:02.421466+00:00,2026-08-19T06:19:58.971647+00:00
12,60,Watkins,2,FWD,84,2.4992,2.9501,0.48,0.1456,0.458,0.0308,1,6,90,1,2026-08-19T06:19:02.421466+00:00,2026-08-19T06:19:58.971647+00:00
12,61,Wesley,2,FWD,50,0,0,0.0,0.0,0.0,0,1,0,0,0,2026-08-19T06:19:02.421466+00:00,2026-08-19T06:19:58.971647+00:00
12,584,Pau,2,DEF,46,1.8588,2.3307,0.48,0.1144,0.4556,0.006,1,2,90,1,2026-08-19T06:19:02.421466+00:00,2026-08-19T06:19:58.971647+00:00
12,599,Diaby,2,MID,68,2.2324,2.6932,0.48,0.1456,0.458,0.0208,1,6,61,1,2026-08-19T06:19:02.421466+00:00,2026-08-19T06:19:58.971647+00:00
12,618,Kellyman,2,MID,45,0.4876,1.0272,0.1,0.198,0.1088,0.0,1,0,0,0,2026-08-19T06:19:02.421466+00:00,2026-08-19T06:19:58.971647+00:00
12,670,Marschall,2,GKP,40,0,0,0.0,0.0,0.0,0,1,0,0,0,2026-08-19T06:19:02.421466+00:00,2026-08-19T06:19:58.971647+00:00
12,672,Zaniolo,2,MID,55,0,0,0.0,0.0,0.0,0,1,0,0,0,2026-08-19T06:19:02.421466+00:00,2026-08-19T06:19:58.971647+00:00
12,686,Zych,2,GKP,40,0,0,0.0,0.0,0.0,0,1,0,0,0,2026-08-19T06:19:02.421466+00:00,2026-08-19T06:19:58.971647+00:00
12,699,Lenglet,2,DEF,45,0.8612,1.7412,0.22,0.1404,0.2158,0.002,1,0,0,0,2026-08-19T06:19:02.421466+00:00,2026-08-19T06:19:58.971647+00:00
12,765,Proctor,2,GKP,40,0.1468,0.7216,0.04,0.0384,0.0403,0.0,1,,,,2026-08-19T06:19:02.421466+00:00,
12,767,O'Reilly,2,MID,45,0,0,0.0,0.0,0.0,0,1,,,,2026-08-19T06:19:02.421466+00:00,
12,778,Wright,2,GKP,40,0.19,0.8341,0.04,0.0384,0.0403,0.0004,1,,,,2026-08-19T06:19:02.421466+00:00,
12,793,Kesler-Hayden,2,DEF,40,0.5,1.2202,0.1,0.198,0.1088,0.002,1,,,,2026-08-19T06:19:02.421466+00:00,
12,803,Rogers,2,MID,50,0,0,0.0,0.0,0.0,0,1,,,,2026-08-19T06:19:02.421466+00:00,
12,818,Gauci,2,GKP,39,0.1764,0.8148,0.04,0.0384,0.0403,0.0,1,,,,2026-08-19T06:19:02.421466+00:00,
12,854,Munroe,2,DEF,40,0.5224,1.1979,0.1,0.198,0.1088,0.0,1,,,,2026-08-19T06:19:02.421466+00:00,
12,865,Young,2,MID,45,0.4784,0.9693,0.1,0.198,0.1088,0.0,1,,,,2026-08-19T06:19:02.421466+00:00,
12,866,Emery,2,GKP,40,0.1764,0.8129,0.04,0.0384,0.0403,0.0,1,,,,2026-08-19T06:19:02.421466+00:00,
12,62,Anthony,3,MID,49,0,0,0.0,0.0,0.0,0,1,0,0,0,2026-08-19T06:19:02.421466+00:00,2026-08-19T06:19:58.971647+00:00
12,63,Billing,3,MID,52,1.684,2.0868,0.48,0.1144,0.4556,0.0064,1,0,0,0,2026-08-19T06:19:02.421466+00:00,2026-08-19T06:19:58.971647+00:00
12,64,Brooks,3,MID,49,0,0,0.0,0.0,0.0,0,1,0,0,0,2026-08-19T06:19:02.421466+00:00,2026-08-19T06:19:58.971647+00:00
12,65,Christie,3,MID,50,1.508,1.6951,0.48,0.1144,0.4556,0.0012,1,3,90,1,2026-08-19T06:19:02.421466+00:00,2026-08-19T06:19:58.971647+00:00
12,66,L.Cook,3,MID,50,0.938,1.3962,0.28,0.1584,0.2731,0.0012,1,2,90,1,2026-08-19T06:19:02.421466+00:00,2026-08-19T06:19:58.971647+00:00
12,67,Siriki,3,MID,45,0,0,0.0,0.0,0.0,0,1,0,0,0,2026-08-19T06:19:02.421466+00:00,2026-08-19T06:19:58.971647+00:00
12,68,Fredericks,3,DEF,44,0,0,0.0,0.0,0.0,0,1,0,0,0,2026-08-19T06:19:02.421466+00:00,2026-08-19T06:19:58.971647+00:00
12,69,Hill,3,DEF,40,0.5524,1.3026,0.1,0.198,0.1088,0.0008,1,0,0,0,2026-08-19T06:19:02.421466+00:00,2026-08-19T06:19:58.971647+00:00
12,70,Kelly,3,DEF,45,0.9596,1.7967,0.22,0.1716,0.2183,0.002,1,7,90,1,2026-08-19T06:19:02.421466+00:00,2026-08-19T06:19:58.971647+00:00
12,71,Kilkenny,3,MID,44,0,0,0.0,0.0,0.0,0,1,0,0,0,2026-08-19T06:19:02.421466+00:00,2026-08-19T06:19:58.971647+00:00
12,72,Kluivert,3,MID,46,0.9516,1.5067,0.28,0.1584,0.2731,0.0024,1,3,67,1,2026-08-19T06:19:02.421466+00:00,2026-08-19T06:19:58.971647+00:00
12,73,Lowe,3,MID,49,0,0,0.0,0.0,0.0,0,1,0,0,0,2026-08-19T06:19:02.421466+00:00,2026-08-19T06:19:58.971647+00:00
12,74,Marcondes,3,MID,44,0,0,0.0,0.0,0.0,0,1,0,0,0,2026-08-19T06:19:02.421466+00:00,2026-08-19T06:19:58.971647+00:00
12,75,Mepham,3,DEF,43,0.3396,0.8948,0.05,0.209,0.0632,0.0004,1,0,0,0,2026-08-19T06:19:02.421466+00:00,2026-08-19T06:19:58.971647+00:00
12,76,Moore,3,FWD,47,0,0,0.0,0.0,0.0,0,1,0,0,0,2026-08-19T06:19:02.421466+00:00,2026-08-19T06:19:58.971647+00:00
12,77,Neto,3,GKP,45,0.2368,1.0486,0.04,0.0384,0.0403,0.0016,1,9,90,1,2026-08-19T06:19:02.421466+00:00,2026-08-19T06:19:58.971647+00:00
12,78,O.Dango,3,MID,48,0.7048,1.3102,0.18,0.1804,0.1818,0.0012,1,1,9,0,2026-08-19T06:19:02.421466+00:00,2026-08-19T06:19:58.971647+00:00
12,79,Pearson,3,MID,45,0,0,0.0,0.0,0.0,0,1,0,0,0,2026-08-19T06:19:02.421466+00:00,2026-08-19T06:19:58.971647+00:00
12,80,Randolph,3,GKP,40,0.1792,0.8491,0.04,0.0384,0.0403,0.0,1,0,0,0,2026-08-19T06:19:02.421466+00:00,2026-08-19T06:19:58.971647+00:00
12,81,Rothwell,3,MID,48,0,0,0.0,0.0,0.0,0,1,1,1,0,2026-08-19T06:19:02.421466+00:00,2026-08-19T06:19:58.971647+00:00
12,82,Semenyo,3,FWD,45,0.918,1.4334,0.28,0.1584,0.2731,0.0004,1,2,80,1,2026-08-19T06:19:02.421466+00:00,2026-08-19T06:19:58.971647+00:00
12,83,Senesi,3,DEF,43,0.8124,1.5653,0.22,0.1716,0.2183,0.0,1,5,90,1,2026-08-19T06:19:02.421466+00:00,2026-08-19T06:19:58.971647+00:00
12,84,Smith,3,DEF,44,0.4992,1.2117,0.1,0.198,0.1088,0.0004,1,1,22,0,2026-08-19T06:19:02.421466+00:00,2026-08-19T06:19:58.971647+00:00
12,85,Solanke,3,FWD,64,1.9152,2.3787,0.48,0.1456,0.458,0.0204,1,13,90,1,2026-08-19T06:19:02.421466+00:00,2026-08-19T06:19:58.971647+00:00
12,86,Tavernier,3,MID,54,1.0104,1.6125,0.28,0.1584,0.2731,0.0016,1,3,90,1,2026-08-19T06:19:02.421466+00:00,2026-08-19T06:19:58.971647+00:00
12,87,Hamed Traorè,3,MID,47,0,0,0.0,0.0,0.0,0,1,0,0,0,2026-08-19T06:19:02.421466+00:00,2026-08-19T06:19:58.971647+00:00
12,88,Travers,3,GKP,40,3.3288,2.2813,0.88,0.0048,0.8188,0.0008,1,0,0,0,2026-08-19T06:19:02.421466+00:00,2026-08-19T06:19:58.971647+00:00
12,89,Zabarnyi,3,DEF,44,0.8592,1.6504,0.22,0.1716,0.2183,0.0032,1,6,90,1,2026-08-19T06:19:02.421466+00:00,2026-08-19T06:19:58.971647+00:00
12,595,Kerkez,3,DEF,44,0.8984,1.6279,0.22,0.1716,0.2183,0.0004,1,0,0,0,2026-08-19T06:19:02.421466+00:00,2026-08-19T06:19:58.971647+00:00
12,607,Radu,3,GKP,44,0.1536,0.7461,0.04,0.0384,0.0403,0.0,1,0,0,0,2026-08-19T06:19:02.421466+00:00,2026-08-19T06:19:58.971647+00:00
12,619,Greenwood,3,DEF,40,0,0,0.0,0.0,0.0,0,1,0,0,0,2026-08-19T06:19:02.421466+00:00,2026-08-19T06:19:58.971647+00:00
12,643,Aarons,3,DEF,45,0.8484,1.6315,0.22,0.1716,0.2183,0.0012,1,6,67,1,2026-08-19T06:19:02.421466+00:00,2026-08-19T06:19:58.971647+00:00
12,644,Scott,3,MID,49,0.9548,1.4031,0.28,0.1584,0.2731,0.0016,1,0,0,0,2026-08-19T06:19:02.421466+00:00,2026-08-19T06:19:58.971647+00:00
12,673,Adams,3,MID,49,1.8976,1.0901,0.82,0.0324,0.7652,0.0,1,0,0,0,2026-08-19T06:19:02.421466+00:00,2026-08-19T06:19:58.971647+00:00
12,705,Sinisterra,3,MID,55,0,0,0.0,0.0,0.0,0,1,1,22,0,2026-08-19T06:19:02.421466+00:00,2026-08-19T06:19:58.971647+00:00
12,799,Faivre,3,MID,50,0.7012,1.2893,0.18,0.1804,0.1818,0.0012,1,,,,2026-08-19T06:19:02.421466+00:00,
12,802,Kinsey,3,DEF,40,0.5448,1.2908,0.1,0.198,0.1088,0.0004,1,,,,2026-08-19T06:19:02.421466+00:00,
12,804,Enes Ünal,3,FWD,50,0.6648,1.2867,0.18,0.1804,0.1818,0.0016,1,,,,2026-08-19T06:19:02.421466+00:00,
12,811,Sadi,3,MID,45,0.45,0.9203,0.1,0.198,0.1088,0.0,1,,,,2026-08-19T06:19:02.421466+00:00,
12,849,Dacosta Gonzalez,3,MID,45,0.4664,0.9438,0.1,0.198,0.1088,0.0004,1,,,,2026-08-19T06:19:02.421466+00:00,
12,855,McKenna,3,GKP,40,0.1508,0.7196,0.04,0.0384,0.0403,0.0,1,,,,2026-08-19T06:19:02.421466+00:00,
12,90,Ajer,4,DEF,45,0.7596,1.5805,0.22,0.1716,0.2183,0.0012,1,0,90,1,2026-08-19T06:19:02.421466+00:00,2026-08-19T06:19:58.971647+00:00
12,91,Balcombe,4,GKP,39,0.1504,0.7403,0.04,0.0384,0.0403,0.0,1,0,0,0,2026-08-19T06:19:02.421466+00:00,2026-08-19T06:19:58.971647+00:00
12,92,Baptiste,4,MID,43,0.4528,0.91,0.1,0.198,0.1088,0.0,1,0,0,0,2026-08-19T06:19:02.421466+00:00,2026-08-19T06:19:58.971647+00:00
12,93,Bech,4,DEF,40,0,0,0.0,0.0,0.0,0,1,0,0,0,2026-08-19T06:19:02.421466+00:00,2026-08-19T06:19:58.971647+00:00
12,94,Bidstrup,4,MID,45,0,0,0.0,0.0,0.0,0,1,0,0,0,2026-08-19T06:19:02.421466+00:00,2026-08-19T06:19:58.971647+00:00
12,95,Canós,4,MID,50,0,0,0.0,0.0,0.0,0,1,0,0,0,2026-08-19T06:19:02.421466+00:00,2026-08-19T06:19:58.971647+00:00
12,96,Collins,4,DEF,45,0.516,1.228,0.11,0.1958,0.118,0.0004,1,1,90,1,2026-08-19T06:19:02.421466+00:00,2026-08-19T06:19:58.971647+00:00
12,97,Cox,4,GKP,40,0,0,0.0,0.0,0.0,0,1,0,0,0,2026-08-19T06:19:02.421466+00:00,2026-08-19T06:19:58.971647+00:00
12,98,Damsgaard,4,MID,48,0.6308,1.1623,0.18,0.1804,0.1818,0.0004,1,0,0,0,2026-08-19T06:19:02.421466+00:00,2026-08-19T06:19:58.971647+00:00
12,99,Dasilva,4,MID,47,0,0,0.0,0.0,0.0,0,1,0,0,0,2026-08-19T06:19:02.421466+00:00,2026-08-19T06:19:58.971647+00:00
12,100,Dervişoğlu,4,FWD,45,0,0,0.0,0.0,0.0,0,1,0,0,0,2026-08-19T06:19:02.421466+00:00,2026-08-19T06:19:58.971647+00:00
12,101,Flekken,4,GKP,45,2.5732,2.0692,0.88,0.0048,0.8188,0.0004,1,3,90,1,2026-08-19T06:19:02.421466+00:00,2026-08-19T06:19:58.971647+00:00
12,102,Goode,4,DEF,39,0,0,0.0,0.0,0.0,0,1,0,0,0,2026-08-19T06:19:02.421466+00:00,2026-08-19T06:19:58.971647+00:00
12,103,Henry,4,DEF,44,0,0,0.0,0.0,0.0,0,1,0,0,0,2026-08-19T06:19:02.421466+00:00,2026-08-19T06:19:58.971647+00:00
12,104,Hickey,4,DEF,45,0,0,0.0,0.0,0.0,0,1,0,0,0,2026-08-19T06:19:02.421466+00:00,2026-08-19T06:19:58.971647+00:00
12,105,Janelt,4,MID,53,1.3272,1.5876,0.48,0.1144,0.4556,0.0012,1,1,45,1,2026-08-19T06:19:02.421466+00:00,2026-08-19T06:19:58.971647+00:00
12,106,Jensen,4,MID,54,1.802,2.1303,0.48,0.1144,0.4556,0.0052,1,2,71,1,2026-08-19T06:19:02.421466+00:00,2026-08-19T06:19:58.971647+00:00
12,107,Lewis-Potter,4,MID,47,0.7284,1.3831,0.18,0.1804,0.1818,0.002,1,0,0,0,2026-08-19T06:19:02.421466+00:00,2026-08-19T06:19:58.971647+00:00
12,108,Mbeumo,4,MID,68,2.716,3.302,0.48,0.1456,0.458,0.0416,1,2,90,1,2026-08-19T06:19:02.421466+00:00,2026-08-19T06:19:58.971647+00:00
12,109,Mee,4,DEF,48,0,0,0.0,0.0,0.0,0,1,1,90,1,2026-08-19T06:19:02.421466+00:00,2026-08-19T06:19:58.971647+00:00
12,110,Nørgaard,4,MID,55,1.6064,1.9142,0.48,0.1456,0.458,0.0044,1,1,90,1,2026-08-19T06:19:02.421466+00:00,2026-08-19T06:19:58.971647+00:00
12,111,Onyeka,4,MID,49,0.5828,1.1736,0.14,0.1892,0.1453,0.0016,1,1,45,1,2026-08-19T06:19:02.421466+00:00,2026-08-19T06:19:58.971647+00:00
12,112,Pinnock,4,DEF,45,0.9332,1.7526,0.22,0.1716,0.2183,0.002,1,1,90,1,2026-08-19T06:19:02.421466+00:00,2026-08-19T06:19:58.971647+00:00
12,114,Roerslev,4,DEF,44,0.7208,1.3815,0.22,0.1716,0.2183,0.0004,1,1,72,1,2026-08-19T06:19:02.421466+00:00,2026-08-19T06:19:58.971647+00:00
12,115,Schade,4,MID,53,0.9592,1.4975,0.28,0.1584,0.2731,0.0012,1,0,0,0,2026-08-19T06:19:02.421466+00:00,2026-08-19T06:19:58.971647+00:00
12,116,Strakosha,4,GKP,39,0.1888,0.8703,0.04,0.0384,0.0403,0.0004,1,0,0,0,2026-08-19T06:19:02.421466+00:00,2026-08-19T06:19:58.971647+00:00
12,117,Toney,4,FWD,79,3.7828,2.6227,0.9,0.018,0.8384,0.0328,1,0,0,0,2026-08-19T06:19:02.421466+00:00,2026-08-19T06:19:58.971647+00:00
12,118,Trevitt,4,MID,45,0,0,0.0,0.0,0.0,0,1,0,0,0,2026-08-19T06:19:02.421466+00:00,2026-08-19T06:19:58.971647+00:00
12,119,Wissa,4,FWD,59,2.0096,2.4219,0.48,0.1456,0.458,0.0152,1,2,71,1,2026-08-19T06:19:02.421466+00:00,2026-08-19T06:19:58.971647+00:00
12,120,Yarmoliuk,4,MID,44,0.4456,0.9618,0.1,0.198,0.1088,0.0,1,1,18,0,2026-08-19T06:19:02.421466+00:00,2026-08-19T06:19:58.971647+00:00
12,121,Zanka,4,DEF,43,0.4988,1.1758,0.1,0.198,0.1088,0.0008,1,0,0,0,2026-08-19T06:19:02.421466+00:00,2026-08-19T06:19:58.971647+00:00
12,258,Maupay,4,FWD,49,0.9948,1.6747,0.28,0.1584,0.2731,0.0044,1,1,18,0,2026-08-19T06:19:02.421466+00:00,2026-08-19T06:19:58.971647+00:00
12,508,Reguilón,4,DEF,44,0.4432,0.9895,0.1,0.198,0.1088,0.0,1,8,78,1,2026-08-19T06:19:02.421466+00:00,2026-08-19T06:19:58.971647+00:00
12,620,Olakigbe,4,MID,45,0,0,0.0,0.0,0.0,0,1,0,0,0,2026-08-19T06:19:02.421466+00:00,2026-08-19T06:19:58.971647+00:00
12,684,Brierley,4,MID,45,0.4568,0.896,0.1,0.198,0.1088,0.0,1,0,0,0,2026-08-19T06:19:02.421466+00:00,2026-08-19T06:19:58.971647+00:00
12,701,Ghoddos,4,MID,45,0.504,1.0016,0.1,0.198,0.1088,0.0004,1,1,18,0,2026-08-19T06:19:02.421466+00:00,2026-08-19T06:19:58.971647+00:00
12,725,Kim Ji-Soo,4,DEF,40,0.4808,1.1516,0.1,0.198,0.1088,0.0008,1,0,0,0,2026-08-19T06:19:02.421466+00:00,2026-08-19T06:19:58.971647+00:00
12,733,Adedokun,4,DEF,40,0.4648,1.1227,0.1,0.198,0.1088,0.0008,1,0,0,0,2026-08-19T06:19:02.421466+00:00,2026-08-19T06:19:58.971647+00:00
12,744,Peart-Harris,4,MID,45,0,0,0.0,0.0,0.0,0,1,0,0,0,2026-08-19T06:19:02.421466+00:00,2026-08-19T06:19:58.971647+00:00
12,752,Angelini,4,GKP,40,0.1496,0.6999,0.04,0.0384,0.0403,0.0,1,,,,2026-08-19T06:19:02.421466+00:00,
12,789,Valdimarsson,4,GKP,40,0.1592,0.7492,0.04,0.0384,0.0403,0.0,1,,,,2026-08-19T06:19:02.421466+00:00,
12,797,Fredrick,4,DEF,40,0.4612,1.0801,0.1,0.198,0.1088,0.0004,1,,,,2026-08-19T06:19:02.421466+00:00,
12,834,Arthur,4,DEF,40,0.4948,1.1559,0.1,0.198,0.1088,0.0008,1,,,,2026-08-19T06:19:02.421466+00:00,
12,864,Konak,4,MID,45,0.4888,1.0035,0.1,0.198,0.1088,0.0008,1,,,,2026-08-19T06:19:02.421466+00:00,
12,122,Adingra,5,MID,50,1.0564,1.6424,0.28,0.1584,0.2731,0.002,1,9,90,1,2026-08-19T06:19:02.421466+00:00,2026-08-19T06:19:58.971647+00:00
12,123,Alzate,5,MID,44,0,0,0.0,0.0,0.0,0,1,0,0,0,2026-08-19T06:19:02.421466+00:00,2026-08-19T06:19:58.971647+00:00
12,124,Ayari,5,MID,45,0,0,0.0,0.0,0.0,0,1,0,0,0,2026-08-19T06:19:02.421466+00:00,2026-08-19T06:19:58.971647+00:00
12,125,Buonanotte,5,MID,47,0.7088,1.2629,0.18,0.1804,0.1818,0.0008,1,3,45,1,2026-08-19T06:19:02.421466+00:00,2026-08-19T06:19:58.971647+00:00
12,127,Connolly,5,FWD,45,0,0,0.0,0.0,0.0,0,1,0,0,0,2026-08-19T06:19:02.421466+00:00,2026-08-19T06:19:58.971647+00:00
12,128,Dahoud,5,MID,48,0,0,0.0,0.0,0.0,0,1,-1,68,1,2026-08-19T06:19:02.421466+00:00,2026-08-19T06:19:58.971647+00:00
12,129,Dunk,5,DEF,50,0,0,0.0,0.0,0.0,0,1,0,0,0,2026-08-19T06:19:02.421466+00:00,2026-08-19T06:19:58.971647+00:00
12,130,Enciso,5,MID,51,0.7188,1.3795,0.18,0.1804,0.1818,0.0012,1,0,0,0,2026-08-19T06:19:02.421466+00:00,2026-08-19T06:19:58.971647+00:00
12,131,Estupiñan,5,DEF,50,0,0,0.0,0.0,0.0,0,1,0,0,0,2026-08-19T06:19:02.421466+00:00,2026-08-19T06:19:58.971647+00:00
12,132,Ferguson,5,FWD,60,0,0,0.0,0.0,0.0,0,1,0,0,0,2026-08-19T06:19:02.421466+00:00,2026-08-19T06:19:58.971647+00:00
12,133,Gilmour,5,MID,49,1.114,1.7695,0.28,0.1584,0.2731,0.0024,1,3,70,1,2026-08-19T06:19:02.421466+00:00,2026-08-19T06:19:58.971647+00:00
12,134,Gross,5,MID,63,2.2144,2.5554,0.48,0.1456,0.458,0.0152,1,3,90,1,2026-08-19T06:19:02.421466+00:00,2026-08-19T06:19:58.971647+00:00
12,135,João Pedro,5,FWD,53,1.2648,2.0789,0.28,0.1584,0.2731,0.008,1,1,45,1,2026-08-19T06:19:02.421466+00:00,2026-08-19T06:19:58.971647+00:00
12,136,Karbownik,5,DEF,40,0,0,0.0,0.0,0.0,0,1,0,0,0,2026-08-19T06:19:02.421466+00:00,2026-08-19T06:19:58.971647+00:00
12,137,Kozłowski,5,MID,45,0,0,0.0,0.0,0.0,0,1,0,0,0,2026-08-19T06:19:02.421466+00:00,2026-08-19T06:19:58.971647+00:00
12,138,Lallana,5,MID,49,0.9476,1.4297,0.28,0.1584,0.2731,0.0004,1,1,45,1,2026-08-19T06:19:02.421466+00:00,2026-08-19T06:19:58.971647+00:00
12,139,Lamptey,5,DEF,40,0.4708,1.1186,0.1,0.198,0.1088,0.0,1,0,0,0,2026-08-19T06:19:02.421466+00:00,2026-08-19T06:19:58.971647+00:00
12,140,March,5,MID,62,0,0,0.0,0.0,0.0,0,1,0,0,0,2026-08-19T06:19:02.421466+00:00,2026-08-19T06:19:58.971647+00:00
12,141,McGill,5,GKP,39,0.2032,0.8903,0.04,0.0384,0.0403,0.0,1,0,0,0,2026-08-19T06:19:02.421466+00:00,2026-08-19T06:19:58.971647+00:00
12,142,Milner,5,MID,48,0,0,0.0,0.0,0.0,0,1,0,0,0,2026-08-19T06:19:02.421466+00:00,2026-08-19T06:19:58.971647+00:00
12,143,Mitoma,5,MID,65,0,0,0.0,0.0,0.0,0,1,1,45,1,2026-08-19T06:19:02.421466+00:00,2026-08-19T06:19:58.971647+00:00
12,144,Moder,5,MID,44,0.5032,0.9728,0.1,0.198,0.1088,0.0,1,0,0,0,2026-08-19T06:19:02.421466+00:00,2026-08-19T06:19:58.971647+00:00
12,146,Sarmiento,5,MID,45,0,0,0.0,0.0,0.0,0,1,0,0,0,2026-08-19T06:19:02.421466+00:00,2026-08-19T06:19:58.971647+00:00
12,147,Scherpen,5,GKP,40,0,0,0.0,0.0,0.0,0,1,0,0,0,2026-08-19T06:19:02.421466+00:00,2026-08-19T06:19:58.971647+00:00
12,148,Steele,5,GKP,43,3.2784,2.2606,0.88,0.0048,0.8188,0.002,1,2,90,1,2026-08-19T06:19:02.421466+00:00,2026-08-19T06:19:58.971647+00:00
12,149,Undav,5,FWD,55,0,0,0.0,0.0,0.0,0,1,0,0,0,2026-08-19T06:19:02.421466+00:00,2026-08-19T06:19:58.971647+00:00
12,150,Van Hecke,5,DEF,40,0,0,0.0,0.0,0.0,0,1,2,90,1,2026-08-19T06:19:02.421466+00:00,2026-08-19T06:19:58.971647+00:00
12,151,Veltman,5,DEF,44,0,0,0.0,0.0,0.0,0,1,1,19,0,2026-08-19T06:19:02.421466+00:00,2026-08-19T06:19:58.971647+00:00
12,152,Verbruggen,5,GKP,44,0.176,0.9019,0.04,0.0384,0.0403,0.0004,1,0,0,0,2026-08-19T06:19:02.421466+00:00,2026-08-19T06:19:58.971647+00:00
12,153,Webster,5,DEF,43,0.8044,1.6779,0.22,0.1716,0.2183,0.0036,1,0,90,1,2026-08-19T06:19:02.421466+00:00,2026-08-19T06:19:58.971647+00:00
12,154,Welbeck,5,FWD,57,1.0292,1.6606,0.28,0.2016,0.2765,0.0036,1,0,0,0,2026-08-19T06:19:02.421466+00:00,2026-08-19T06:19:58.971647+00:00
12,155,Zeqiri,5,FWD,44,0,0,0.0,0.0,0.0,0,1,0,0,0,2026-08-19T06:19:02.421466+00:00,2026-08-19T06:19:58.971647+00:00
12,606,Igor,5,DEF,43,0.8232,1.6517,0.22,0.1716,0.2183,0.002,1,3,90,1,2026-08-19T06:19:02.421466+00:00,2026-08-19T06:19:58.971647+00:00
12,621,Hinshelwood,5,MID,45,0,0,0.0,0.0,0.0,0,1,0,0,0,2026-08-19T06:19:02.421466+00:00,2026-08-19T06:19:58.971647+00:00
12,690,Baleba,5,MID,45,0.9356,1.3935,0.28,0.1584,0.2731,0.0008,1,0,19,0,2026-08-19T06:19:02.421466+00:00,2026-08-19T06:19:58.971647+00:00
12,700,Ansu Fati,5,MID,65,1.9016,2.5996,0.45,0.154,0.4308,0.0224,1,3,70,1,2026-08-19T06:19:02.421466+00:00,2026-08-19T06:19:58.971647+00:00
12,741,O’Mahony,5,FWD,45,0.4232,0.9328,0.1,0.198,0.1088,0.0008,1,0,0,0,2026-08-19T06:19:02.421466+00:00,2026-08-19T06:19:58.971647+00:00
12,742,Baker-Boaitey,5,MID,45,0.45,0.9541,0.1,0.198,0.1088,0.0,1,0,0,0,2026-08-19T06:19:02.421466+00:00,2026-08-19T06:19:58.971647+00:00
12,746,Jackson,5,DEF,40,0.4716,1.1236,0.1,0.198,0.1088,0.0,1,,,,2026-08-19T06:19:02.421466+00:00,
12,747,Duffus,5,MID,44,0.4728,0.9968,0.1,0.198,0.1088,0.0004,1,,,,2026-08-19T06:19:02.421466+00:00,
12,753,Kavanagh,5,DEF,40,0.5208,1.2683,0.1,0.198,0.1088,0.0008,1,,,,2026-08-19T06:19:02.421466+00:00,
12,755,Barrington,5,MID,45,0.4792,1.0117,0.1,0.198,0.1088,0.0008,1,,,,2026-08-19T06:19:02.421466+00:00,
12,786,Peupion,5,MID,45,0.4952,1.0365,0.1,0.198,0.1088,0.0008,1,,,,2026-08-19T06:19:02.421466+00:00,
12,816,Barco,5,DEF,40,0.522,1.2438,0.1,0.198,0.1088,0.0004,1,,,,2026-08-19T06:19:02.421466+00:00,
12,843,Chouchane,5,MID,45,0.5324,1.0762,0.1,0.198,0.1088,0.0004,1,,,,2026-08-19T06:19:02.421466+00:00,
12,845,Offiah,5,DEF,40,0.524,1.2489,0.1,0.198,0.1088,0.0012,1,,,,2026-08-19T06:19:02.421466+00:00,
12,861,Atom,5,DEF,40,0.5272,1.2504,0.1,0.198,0.1088,0.0008,1,,,,2026-08-19T06:19:02.421466+00:00,
12,156,Agyei,6,MID,43,0.4664,0.9022,0.1,0.198,0.1088,0.0004,1,0,0,0,2026-08-19T06:19:02.421466+00:00,2026-08-19T06:19:58.971647+00:00
12,157,Al-Dakhil,6,DEF,40,0,0,0.0,0.0,0.0,0,1,0,0,0,2026-08-19T06:19:02.421466+00:00,2026-08-19T06:19:58.971647+00:00
12,158,Bastien,6,MID,49,0,0,0.0,0.0,0.0,0,1,0,0,0,2026-08-19T06:19:02.421466+00:00,2026-08-19T06:19:58.971647+00:00
12,159,Benson,6,MID,52,0.7116,1.3073,0.18,0.1804,0.1818,0.0024,1,0,0,0,2026-08-19T06:19:02.421466+00:00,2026-08-19T06:19:58.971647+00:00
12,160,Beyer,6,DEF,40,0,0,0.0,0.0,0.0,0,1,1,90,1,2026-08-19T06:19:02.421466+00:00,2026-08-19T06:19:58.971647+00:00
12,161,Brownhill,6,MID,47,0.8276,1.2384,0.28,0.1584,0.2731,0.0,1,7,84,1,2026-08-19T06:19:02.421466+00:00,2026-08-19T06:19:58.971647+00:00
12,162,Churlinov,6,MID,44,0,0,0.0,0.0,0.0,0,1,0,0,0,2026-08-19T06:19:02.421466+00:00,2026-08-19T06:19:58.971647+00:00
12,163,Cork,6,MID,48,0.6548,1.1608,0.18,0.1804,0.1818,0.0004,1,0,0,0,2026-08-19T06:19:02.421466+00:00,2026-08-19T06:19:58.971647+00:00
12,164,Costelloe,6,MID,45,0,0,0.0,0.0,0.0,0,1,0,0,0,2026-08-19T06:19:02.421466+00:00,2026-08-19T06:19:58.971647+00:00
12,165,Cullen,6,MID,50,1.1984,1.4054,0.48,0.1144,0.4556,0.0012,1,0,0,0,2026-08-19T06:19:02.421466+00:00,2026-08-19T06:19:58.971647+00:00
12,166,Egan-Riley,6,DEF,39,0,0,0.0,0.0,0.0,0,1,0,0,0,2026-08-19T06:19:02.421466+00:00,2026-08-19T06:19:58.971647+00:00
12,167,Ekdal,6,DEF,39,0.464,1.0953,0.1,0.198,0.1088,0.0004,1,0,0,0,2026-08-19T06:19:02.421466+00:00,2026-08-19T06:19:58.971647+00:00
12,168,Foster,6,FWD,50,1.11,1.679,0.28,0.1584,0.2731,0.002,1,0,0,0,2026-08-19T06:19:02.421466+00:00,2026-08-19T06:19:58.971647+00:00
12,169,Franchi,6,GKP,39,0,0,0.0,0.0,0.0,0,1,0,0,0,2026-08-19T06:19:02.421466+00:00,2026-08-19T06:19:58.971647+00:00
12,170,Gudmundsson,6,MID,48,0.8768,1.3544,0.28,0.1584,0.2731,0.0004,1,1,90,1,2026-08-19T06:19:02.421466+00:00,2026-08-19T06:19:58.971647+00:00
12,171,McNally,6,DEF,40,0,0,0.0,0.0,0.0,0,1,0,0,0,2026-08-19T06:19:02.421466+00:00,2026-08-19T06:19:58.971647+00:00
12,172,Muric,6,GKP,43,0.1492,0.7177,0.04,0.0384,0.0403,0.0,1,0,0,0,2026-08-19T06:19:02.421466+00:00,2026-08-19T06:19:58.971647+00:00
12,173,O'Shea,6,DEF,44,0.7484,1.4936,0.22,0.1716,0.2183,0.0012,1,1,90,1,2026-08-19T06:19:02.421466+00:00,2026-08-19T06:19:58.971647+00:00
12,174,Obafemi,6,FWD,49,0,0,0.0,0.0,0.0,0,1,1,5,0,2026-08-19T06:19:02.421466+00:00,2026-08-19T06:19:58.971647+00:00
12,175,Peacock-Farrell,6,GKP,40,0,0,0.0,0.0,0.0,0,1,0,0,0,2026-08-19T06:19:02.421466+00:00,2026-08-19T06:19:58.971647+00:00
12,176,Roberts,6,DEF,44,0,0,0.0,0.0,0.0,0,1,0,0,0,2026-08-19T06:19:02.421466+00:00,2026-08-19T06:19:58.971647+00:00
12,177,Rodriguez,6,FWD,53,0.7624,1.488,0.18,0.1804,0.1818,0.0024,1,2,90,1,2026-08-19T06:19:02.421466+00:00,2026-08-19T06:19:58.971647+00:00
12,178,Taylor,6,DEF,40,0.6216,1.3035,0.22,0.1716,0.2183,0.0004,1,1,90,1,2026-08-19T06:19:02.421466+00:00,2026-08-19T06:19:58.971647+00:00
12,179,Thomas,6,DEF,40,0,0,0.0,0.0,0.0,0,1,0,0,0,2026-08-19T06:19:02.421466+00:00,2026-08-19T06:19:58.971647+00:00
12,180,Twine,6,MID,49,0,0,0.0,0.0,0.0,0,1,0,0,0,2026-08-19T06:19:02.421466+00:00,2026-08-19T06:19:58.971647+00:00
12,181,Vigouroux,6,GKP,40,0.1656,0.7673,0.04,0.0384,0.0403,0.0,1,0,0,0,2026-08-19T06:19:02.421466+00:00,2026-08-19T06:19:58.971647+00:00
12,182,Vitinho,6,DEF,44,0.7416,1.4418,0.22,0.1716,0.2183,0.0004,1,1,87,1,2026-08-19T06:19:02.421466+00:00,2026-08-19T06:19:58.971647+00:00
12,183,Weghorst,6,FWD,55,0,0,0.0,0.0,0.0,0,1,0,0,0,2026-08-19T06:19:02.421466+00:00,2026-08-19T06:19:58.971647+00:00
12,184,Zaroury,6,MID,48,0,0,0.0,0.0,0.0,0,1,0,0,0,2026-08-19T06:19:02.421466+00:00,2026-08-19T06:19:58.971647+00:00
12,200,D.D.Fofana,6,FWD,50,0.6536,1.1982,0.18,0.1804,0.1818,0.0,1,0,0,0,2026-08-19T06:19:02.421466+00:00,2026-08-19T06:19:58.971647+00:00
12,475,Berge,6,MID,48,1.4668,1.7567,0.48,0.1144,0.4556,0.0016,1,2,90,1,2026-08-19T06:19:02.421466+00:00,2026-08-19T06:19:58.971647+00:00
12,594,Amdouni,6,FWD,54,1.512,1.7799,0.48,0.1144,0.4556,0.0024,1,2,79,1,2026-08-19T06:19:02.421466+00:00,2026-08-19T06:19:58.971647+00:00
12,596,Trafford,6,GKP,45,2.906,2.1071,0.9,0.004,0.8373,0.0008,1,2,90,1,2026-08-19T06:19:02.421466+00:00,2026-08-19T06:19:58.971647+00:00
12,600,Redmond,6,MID,48,0,0,0.0,0.0,0.0,0,1,0,0,0,2026-08-19T06:19:02.421466+00:00,2026-08-19T06:19:58.971647+00:00
12,605,Koleosho,6,MID,50,0.8556,1.4429,0.24,0.1672,0.2366,0.0012,1,2,79,1,2026-08-19T06:19:02.421466+00:00,2026-08-19T06:19:58.971647+00:00
12,608,Bruun Larsen,6,MID,49,0.6624,1.2255,0.18,0.1804,0.1818,0.0012,1,1,10,0,2026-08-19T06:19:02.421466+00:00,2026-08-19T06:19:58.971647+00:00
12,622,Dodgson,6,DEF,40,0,0,0.0,0.0,0.0,0,1,0,0,0,2026-08-19T06:19:02.421466+00:00,2026-08-19T06:19:58.971647+00:00
12,660,Odobert,6,MID,50,0.714,1.3237,0.18,0.1804,0.1818,0.0012,1,1,2,0,2026-08-19T06:19:02.421466+00:00,2026-08-19T06:19:58.971647+00:00
12,674,Delcroix,6,DEF,40,0.476,1.1705,0.1,0.198,0.1088,0.0008,1,0,0,0,2026-08-19T06:19:02.421466+00:00,2026-08-19T06:19:58.971647+00:00
12,675,A.Ramsey,6,MID,50,0,0,0.0,0.0,0.0,0,1,1,10,0,2026-08-19T06:19:02.421466+00:00,2026-08-19T06:19:58.971647+00:00
12,694,Massengo,6,MID,50,0.6708,1.2289,0.18,0.1804,0.1818,0.0008,1,0,0,0,2026-08-19T06:19:02.421466+00:00,2026-08-19T06:19:58.971647+00:00
12,706,M.Trésor,6,MID,55,1.3572,1.6138,0.45,0.154,0.4308,0.0028,1,0,0,0,2026-08-19T06:19:02.421466+00:00,2026-08-19T06:19:58.971647+00:00
12,805,Assignon,6,DEF,40,0.468,1.1156,0.1,0.198,0.1088,0.0008,1,,,,2026-08-19T06:19:02.421466+00:00,
12,806,Estève,6,DEF,40,0.4916,1.1179,0.1,0.198,0.1088,0.0012,1,,,,2026-08-19T06:19:02.421466+00:00,
12,126,Caicedo,7,MID,47,1.296,1.5215,0.48,0.1144,0.4556,0.0012,1,1,89,1,2026-08-19T06:19:02.421466+00:00,2026-08-19T06:19:58.971647+00:00
12,145,Sanchez,7,GKP,46,0.2548,0.9203,0.04,0.0768,0.0433,0.0004,1,2,90,1,2026-08-19T06:19:02.421466+00:00,2026-08-19T06:19:58.971647+00:00
12,185,Ampadu,7,DEF,40,0,0,0.0,0.0,0.0,0,1,0,0,0,2026-08-19T06:19:02.421466+00:00,2026-08-19T06:19:58.971647+00:00
12,186,Andrey,7,MID,44,0,0,0.0,0.0,0.0,0,1,0,0,0,2026-08-19T06:19:02.421466+00:00,2026-08-19T06:19:58.971647+00:00
12,187,Arrizabalaga,7,GKP,50,0,0,0.0,0.0,0.0,0,1,0,0,0,2026-08-19T06:19:02.421466+00:00,2026-08-19T06:19:58.971647+00:00
12,188,Aubameyang,7,FWD,65,0,0,0.0,0.0,0.0,0,1,0,0,0,2026-08-19T06:19:02.421466+00:00,2026-08-19T06:19:58.971647+00:00
12,189,Azpilicueta,7,DEF,45,0,0,0.0,0.0,0.0,0,1,0,0,0,2026-08-19T06:19:02.421466+00:00,2026-08-19T06:19:58.971647+00:00
12,190,Baba,7,DEF,40,0,0,0.0,0.0,0.0,0,1,0,0,0,2026-08-19T06:19:02.421466+00:00,2026-08-19T06:19:58.971647+00:00
12,191,B.Badiashile,7,DEF,44,0.9632,1.8625,0.22,0.1716,0.2183,0.0048,1,0,0,0,2026-08-19T06:19:02.421466+00:00,2026-08-19T06:19:58.971647+00:00
12,192,Bettinelli,7,GKP,40,0.1568,0.704,0.04,0.0384,0.0403,0.0,1,0,0,0,2026-08-19T06:19:02.421466+00:00,2026-08-19T06:19:58.971647+00:00
12,194,Chalobah,7,DEF,43,0.7856,1.601,0.22,0.1404,0.2158,0.0028,1,0,0,0,2026-08-19T06:19:02.421466+00:00,2026-08-19T06:19:58.971647+00:00
12,195,Chilwell,7,DEF,54,1.1052,2.0829,0.28,0.1584,0.2731,0.008,1,0,0,0,2026-08-19T06:19:02.421466+00:00,2026-08-19T06:19:58.971647+00:00
12,196,Chukwuemeka,7,MID,43,0.4884,1.0252,0.1,0.198,0.1088,0.0004,1,0,0,0,2026-08-19T06:19:02.421466+00:00,2026-08-19T06:19:58.971647+00:00
12,197,Colwill,7,DEF,46,1.8264,2.473,0.48,0.1144,0.4556,0.012,1,0,0,0,2026-08-19T06:19:02.421466+00:00,2026-08-19T06:19:58.971647+00:00
12,198,Cucurella,7,DEF,48,1.1328,2.0725,0.28,0.1584,0.2731,0.0068,1,-1,90,1,2026-08-19T06:19:02.421466+00:00,2026-08-19T06:19:58.971647+00:00
12,199,Enzo,7,MID,48,0,0,0.0,0.0,0.0,0,1,2,63,1,2026-08-19T06:19:02.421466+00:00,2026-08-19T06:19:58.971647+00:00
12,201,W.Fofana,7,DEF,44,0,0,0.0,0.0,0.0,0,1,0,0,0,2026-08-19T06:19:02.421466+00:00,2026-08-19T06:19:58.971647+00:00
12,202,Gallagher,7,MID,54,1.6112,1.9196,0.48,0.1144,0.4556,0.004,1,10,90,1,2026-08-19T06:19:02.421466+00:00,2026-08-19T06:19:58.971647+00:00
12,203,Gusto,7,DEF,42,0.9848,1.8882,0.22,0.1716,0.2183,0.0052,1,1,26,0,2026-08-19T06:19:02.421466+00:00,2026-08-19T06:19:58.971647+00:00
12,206,James,7,DEF,53,0,0,0.0,0.0,0.0,0,1,4,63,1,2026-08-19T06:19:02.421466+00:00,2026-08-19T06:19:58.971647+00:00
12,207,Lukaku,7,FWD,68,0,0,0.0,0.0,0.0,0,1,0,0,0,2026-08-19T06:19:02.421466+00:00,2026-08-19T06:19:58.971647+00:00
12,208,Madueke,7,MID,53,0.6792,1.3384,0.18,0.1804,0.1818,0.002,1,0,0,0,2026-08-19T06:19:02.421466+00:00,2026-08-19T06:19:58.971647+00:00
12,210,Mudryk,7,MID,63,0,0,0.0,0.0,0.0,0,1,1,26,0,2026-08-19T06:19:02.421466+00:00,2026-08-19T06:19:58.971647+00:00
12,211,N.Jackson,7,FWD,68,2.3636,3.041,0.48,0.1456,0.458,0.0404,1,5,90,1,2026-08-19T06:19:02.421466+00:00,2026-08-19T06:19:58.971647+00:00
12,212,Nkunku,7,FWD,73,2.346,2.2194,0.72,0.0784,0.6759,0.0156,1,0,0,0,2026-08-19T06:19:02.421466+00:00,2026-08-19T06:19:58.971647+00:00
12,213,Pulisic,7,MID,55,0,0,0.0,0.0,0.0,0,1,0,0,0,2026-08-19T06:19:02.421466+00:00,2026-08-19T06:19:58.971647+00:00
12,214,M.Sarr,7,DEF,43,0.53,1.2978,0.1,0.198,0.1088,0.0012,1,0,0,0,2026-08-19T06:19:02.421466+00:00,2026-08-19T06:19:58.971647+00:00
12,215,Slonina,7,GKP,40,0,0,0.0,0.0,0.0,0,1,0,0,0,2026-08-19T06:19:02.421466+00:00,2026-08-19T06:19:58.971647+00:00
12,216,Sterling,7,MID,69,2.314,2.814,0.48,0.1456,0.458,0.0224,1,6,90,1,2026-08-19T06:19:02.421466+00:00,2026-08-19T06:19:58.971647+00:00
12,217,T.Silva,7,DEF,50,1.6636,2.1893,0.48,0.1144,0.4556,0.004,1,6,90,1,2026-08-19T06:19:02.421466+00:00,2026-08-19T06:19:58.971647+00:00
12,218,Ziyech,7,MID,54,0,0,0.0,0.0,0.0,0,1,0,0,0,2026-08-19T06:19:02.421466+00:00,2026-08-19T06:19:58.971647+00:00
12,362,Palmer,7,MID,51,1.3588,2.4235,0.28,0.1584,0.2731,0.0176,1,6,90,1,2026-08-19T06:19:02.421466+00:00,2026-08-19T06:19:58.971647+00:00
12,589,Ângelo,7,MID,50,0,0,0.0,0.0,0.0,0,1,0,0,0,2026-08-19T06:19:02.421466+00:00,2026-08-19T06:19:58.971647+00:00
12,609,Maatsen,7,MID,52,0,0,0.0,0.0,0.0,0,1,0,0,0,2026-08-19T06:19:02.421466+00:00,2026-08-19T06:19:58.971647+00:00
12,611,Disasi,7,DEF,50,1.8952,2.5248,0.48,0.1144,0.4556,0.0124,1,0,90,1,2026-08-19T06:19:02.421466+00:00,2026-08-19T06:19:58.971647+00:00
12,613,Ugochukwu,7,MID,44,0.4752,0.924,0.1,0.198,0.1088,0.0,1,1,1,0,2026-08-19T06:19:02.421466+00:00,2026-08-19T06:19:58.971647+00:00
12,623,Burstow,7,FWD,45,0,0,0.0,0.0,0.0,0,1,0,0,0,2026-08-19T06:19:02.421466+00:00,2026-08-19T06:19:58.971647+00:00
12,659,Bergström,7,GKP,40,0,0,0.0,0.0,0.0,0,1,0,0,0,2026-08-19T06:19:02.421466+00:00,2026-08-19T06:19:58.971647+00:00
12,667,Lavia,7,MID,49,0,0,0.0,0.0,0.0,0,1,0,0,0,2026-08-19T06:19:02.421466+00:00,2026-08-19T06:19:58.971647+00:00
12,671,Humphreys,7,DEF,40,0,0,0.0,0.0,0.0,0,1,0,0,0,2026-08-19T06:19:02.421466+00:00,2026-08-19T06:19:58.971647+00:00
12,677,Deivid,7,FWD,45,0.4584,0.9781,0.1,0.198,0.1088,0.0004,1,0,0,0,2026-08-19T06:19:02.421466+00:00,2026-08-19T06:19:58.971647+00:00
12,680,Beach,7,GKP,40,0,0,0.0,0.0,0.0,0,1,0,0,0,2026-08-19T06:19:02.421466+00:00,2026-08-19T06:19:58.971647+00:00
12,681,Diego Moreira,7,MID,45,0.5044,1.07,0.1,0.198,0.1088,0.0012,1,0,0,0,2026-08-19T06:19:02.421466+00:00,2026-08-19T06:19:58.971647+00:00
12,687,Petrović,7,GKP,45,3.0228,2.2792,0.88,0.0048,0.8188,0.0028,1,0,0,0,2026-08-19T06:19:02.421466+00:00,2026-08-19T06:19:58.971647+00:00
12,716,Gilchrist,7,DEF,40,0.518,1.2244,0.1,0.198,0.1088,0.0004,1,0,0,0,2026-08-19T06:19:02.421466+00:00,2026-08-19T06:19:58.971647+00:00
12,717,Stutter,7,FWD,45,0.4772,0.953,0.1,0.198,0.1088,0.0004,1,0,0,0,2026-08-19T06:19:02.421466+00:00,2026-08-19T06:19:58.971647+00:00
12,718,Matos,7,MID,45,0,0,0.0,0.0,0.0,0,1,0,0,0,2026-08-19T06:19:02.421466+00:00,2026-08-19T06:19:58.971647+00:00
12,723,Brooking,7,DEF,40,0.5348,1.3004,0.1,0.198,0.1088,0.002,1,0,0,0,2026-08-19T06:19:02.421466+00:00,2026-08-19T06:19:58.971647+00:00
12,758,Castledine,7,MID,45,0.5224,1.0551,0.1,0.198,0.1088,0.0004,1,,,,2026-08-19T06:19:02.421466+00:00,
12,791,Casadei,7,MID,45,0.4768,0.9425,0.1,0.198,0.1088,0.0004,1,,,,2026-08-19T06:19:02.421466+00:00,
12,819,Samuels-Smith,7,DEF,40,0.508,1.2503,0.1,0.198,0.1088,0.0012,1,,,,2026-08-19T06:19:02.421466+00:00,
12,820,Harrison,7,MID,45,0.4576,0.9711,0.1,0.198,0.1088,0.0008,1,,,,2026-08-19T06:19:02.421466+00:00,
12,830,Tauriainen,7,MID,45,0.4944,0.9838,0.1,0.198,0.1088,0.0,1,,,,2026-08-19T06:19:02.421466+00:00,
12,838,Acheampong,7,DEF,40,0.5832,1.3772,0.1,0.198,0.1088,0.0012,1,,,,2026-08-19T06:19:02.421466+00:00,
12,847,Sharman-Lowe,7,GKP,40,0.1676,0.7682,0.04,0.0384,0.0403,0.0,1,,,,2026-08-19T06:19:02.421466+00:00,
12,851,George,7,FWD,45,0.4664,0.887,0.1,0.198,0.1088,0.0,1,,,,2026-08-19T06:19:02.421466+00:00,
12,852,Dyer,7,MID,45,0.512,1.0503,0.1,0.198,0.1088,0.0,1,,,,2026-08-19T06:19:02.421466+00:00,
12,858,Curd,7,GKP,40,0.182,0.8335,0.04,0.0384,0.0403,0.0,1,,,,2026-08-19T06:19:02.421466+00:00,
12,859,Sturge,7,DEF,40,0.5568,1.3548,0.1,0.198,0.1088,0.002,1,,,,2026-08-19T06:19:02.421466+00:00,
12,7,Holding,8,DEF,43,0.558,1.2757,0.11,0.1958,0.118,0.0008,1,0,0,0,2026-08-19T06:19:02.421466+00:00,2026-08-19T06:19:58.971647+00:00
12,219,Ahamada,8,MID,43,0.4764,0.9378,0.1,0.198,0.1088,0.0,1,1,1,0,2026-08-19T06:19:02.421466+00:00,2026-08-19T06:19:58.971647+00:00
12,220,Andersen,8,DEF,51,2.1752,2.787,0.48,0.1144,0.4556,0.0156,1,1,90,1,2026-08-19T06:19:02.421466+00:00,2026-08-19T06:19:58.971647+00:00
12,221,J.Ayew,8,MID,54,1.5452,2.0971,0.48,0.1144,0.4556,0.0076,1,2,90,1,2026-08-19T06:19:02.421466+00:00,2026-08-19T06:19:58.971647+00:00
12,222,Clyne,8,DEF,44,0.5272,1.2732,0.1,0.198,0.1088,0.0012,1,0,0,0,2026-08-19T06:19:02.421466+00:00,2026-08-19T06:19:58.971647+00:00
12,223,C.Doucouré,8,MID,50,0,0,0.0,0.0,0.0,0,1,0,0,0,2026-08-19T06:19:02.421466+00:00,2026-08-19T06:19:58.971647+00:00
12,224,Ebiowei,8,MID,45,0,0,0.0,0.0,0.0,0,1,0,0,0,2026-08-19T06:19:02.421466+00:00,2026-08-19T06:19:58.971647+00:00
12,225,Edouard,8,FWD,55,1.9312,2.351,0.48,0.1456,0.458,0.0144,1,6,82,1,2026-08-19T06:19:02.421466+00:00,2026-08-19T06:19:58.971647+00:00
12,226,Eze,8,MID,61,1.3412,2.2101,0.28,0.2016,0.2765,0.012,1,6,90,1,2026-08-19T06:19:02.421466+00:00,2026-08-19T06:19:58.971647+00:00
12,227,Guaita,8,GKP,44,0,0,0.0,0.0,0.0,0,1,0,0,0,2026-08-19T06:19:02.421466+00:00,2026-08-19T06:19:58.971647+00:00
12,228,Guéhi,8,DEF,46,1.8984,2.4573,0.48,0.1144,0.4556,0.0092,1,1,90,1,2026-08-19T06:19:02.421466+00:00,2026-08-19T06:19:58.971647+00:00
12,229,Hughes,8,MID,49,0,0,0.0,0.0,0.0,0,1,2,88,1,2026-08-19T06:19:02.421466+00:00,2026-08-19T06:19:58.971647+00:00
12,230,Johnstone,8,GKP,46,0,0,0.0,0.0,0.0,0,1,1,90,1,2026-08-19T06:19:02.421466+00:00,2026-08-19T06:19:58.971647+00:00
12,231,Lerma,8,MID,47,0.8828,1.3557,0.28,0.1584,0.2731,0.0012,1,8,90,1,2026-08-19T06:19:02.421466+00:00,2026-08-19T06:19:58.971647+00:00
12,232,Mateta,8,FWD,49,0.9164,1.3968,0.28,0.1584,0.2731,0.0008,1,1,7,0,2026-08-19T06:19:02.421466+00:00,2026-08-19T06:19:58.971647+00:00
12,233,Matthews,8,GKP,40,0.1792,0.8135,0.04,0.0384,0.0403,0.0,1,0,0,0,2026-08-19T06:19:02.421466+00:00,2026-08-19T06:19:58.971647+00:00
12,234,Mitchell,8,DEF,46,1.8172,2.4368,0.48,0.1144,0.4556,0.0116,1,1,90,1,2026-08-19T06:19:02.421466+00:00,2026-08-19T06:19:58.971647+00:00
12,235,O'Brien,8,DEF,40,0,0,0.0,0.0,0.0,0,1,0,0,0,2026-08-19T06:19:02.421466+00:00,2026-08-19T06:19:58.971647+00:00
12,236,Olise,8,MID,58,3.4,2.2687,0.9,0.018,0.8384,0.022,1,1,23,0,2026-08-19T06:19:02.421466+00:00,2026-08-19T06:19:58.971647+00:00
12,237,Plange,8,FWD,45,0,0,0.0,0.0,0.0,0,1,0,0,0,2026-08-19T06:19:02.421466+00:00,2026-08-19T06:19:58.971647+00:00
12,238,C.Richards,8,DEF,39,0.4952,1.1388,0.1,0.198,0.1088,0.0,1,0,0,0,2026-08-19T06:19:02.421466+00:00,2026-08-19T06:19:58.971647+00:00
12,239,Riedewald,8,MID,44,0.4516,0.913,0.1,0.198,0.1088,0.0004,1,0,0,0,2026-08-19T06:19:02.421466+00:00,2026-08-19T06:19:58.971647+00:00
12,240,Schlupp,8,MID,49,1.6928,1.9722,0.48,0.1144,0.4556,0.0044,1,2,66,1,2026-08-19T06:19:02.421466+00:00,2026-08-19T06:19:58.971647+00:00
12,241,Tomkins,8,DEF,40,0.5316,1.2329,0.1,0.198,0.1088,0.0,1,0,0,0,2026-08-19T06:19:02.421466+00:00,2026-08-19T06:19:58.971647+00:00
12,242,Ward,8,DEF,45,0.7668,1.5704,0.22,0.1716,0.2183,0.002,1,1,90,1,2026-08-19T06:19:02.421466+00:00,2026-08-19T06:19:58.971647+00:00
12,243,Whitworth,8,GKP,40,0.1784,0.8374,0.04,0.0384,0.0403,0.0,1,0,0,0,2026-08-19T06:19:02.421466+00:00,2026-08-19T06:19:58.971647+00:00
12,385,Henderson,8,GKP,44,3.7472,2.3915,0.9,0.004,0.8373,0.004,1,0,0,0,2026-08-19T06:19:02.421466+00:00,2026-08-19T06:19:58.971647+00:00
12,615,Matheus França,8,MID,49,0,0,0.0,0.0,0.0,0,1,0,0,0,2026-08-19T06:19:02.421466+00:00,2026-08-19T06:19:58.971647+00:00
12,657,Rak-Sakyi,8,MID,45,0.5272,1.1075,0.1,0.198,0.1088,0.0,1,0,0,0,2026-08-19T06:19:02.421466+00:00,2026-08-19T06:19:58.971647+00:00
12,658,Gordon,8,FWD,45,0,0,0.0,0.0,0.0,0,1,0,0,0,2026-08-19T06:19:02.421466+00:00,2026-08-19T06:19:58.971647+00:00
12,720,Ola-Adebomi,8,FWD,45,0,0,0.0,0.0,0.0,0,1,0,0,0,2026-08-19T06:19:02.421466+00:00,2026-08-19T06:19:58.971647+00:00
12,721,Ozoh,8,MID,45,0.4652,0.9484,0.1,0.198,0.1088,0.0004,1,0,0,0,2026-08-19T06:19:02.421466+00:00,2026-08-19T06:19:58.971647+00:00
12,724,Raymond,8,MID,45,0.526,1.0424,0.1,0.198,0.1088,0.0,1,0,0,0,2026-08-19T06:19:02.421466+00:00,2026-08-19T06:19:58.971647+00:00
12,763,Adaramola,8,DEF,40,0,0,0.0,0.0,0.0,0,1,,,,2026-08-19T06:19:02.421466+00:00,
12,792,Muñoz,8,DEF,45,0.5464,1.2632,0.1,0.198,0.1088,0.0004,1,,,,2026-08-19T06:19:02.421466+00:00,
12,807,Wharton,8,MID,50,0.7176,1.3201,0.18,0.1804,0.1818,0.0016,1,,,,2026-08-19T06:19:02.421466+00:00,
12,821,Umeh-Chibueze,8,FWD,45,0.4464,0.8892,0.1,0.198,0.1088,0.0,1,,,,2026-08-19T06:19:02.421466+00:00,
12,825,Rodney,8,MID,45,0.472,0.9732,0.1,0.198,0.1088,0.0,1,,,,2026-08-19T06:19:02.421466+00:00,
12,842,Mathurin,8,MID,44,0.4864,0.9923,0.1,0.198,0.1088,0.0,1,,,,2026-08-19T06:19:02.421466+00:00,
12,244,André Gomes,9,MID,44,0.3376,0.7599,0.05,0.209,0.0632,0.0,1,0,0,0,2026-08-19T06:19:02.421466+00:00,2026-08-19T06:19:58.971647+00:00
12,245,Branthwaite,9,DEF,40,0.6996,1.4316,0.22,0.1716,0.2183,0.0012,1,1,90,1,2026-08-19T06:19:02.421466+00:00,2026-08-19T06:19:58.971647+00:00
12,246,Calvert-Lewin,9,FWD,58,1.22,1.8619,0.28,0.2016,0.2765,0.0056,1,2,76,1,2026-08-19T06:19:02.421466+00:00,2026-08-19T06:19:58.971647+00:00
12,247,Coleman,9,DEF,44,0.734,1.4607,0.22,0.1404,0.2158,0.0,1,0,0,0,2026-08-19T06:19:02.421466+00:00,2026-08-19T06:19:58.971647+00:00
12,248,Dele,9,MID,48,0,0,0.0,0.0,0.0,0,1,0,0,0,2026-08-19T06:19:02.421466+00:00,2026-08-19T06:19:58.971647+00:00
12,249,A.Doucoure,9,MID,55,1.818,2.3363,0.48,0.1456,0.458,0.0132,1,11,90,1,2026-08-19T06:19:02.421466+00:00,2026-08-19T06:19:58.971647+00:00
12,250,Garner,9,MID,49,1.5684,1.855,0.48,0.1144,0.4556,0.0048,1,1,90,1,2026-08-19T06:19:02.421466+00:00,2026-08-19T06:19:58.971647+00:00
12,251,Gbamin,9,MID,44,0,0,0.0,0.0,0.0,0,1,0,0,0,2026-08-19T06:19:02.421466+00:00,2026-08-19T06:19:58.971647+00:00
12,252,Godfrey,9,DEF,43,0.4716,1.1621,0.1,0.198,0.1088,0.0012,1,0,0,0,2026-08-19T06:19:02.421466+00:00,2026-08-19T06:19:58.971647+00:00
12,253,Gray,9,MID,53,0,0,0.0,0.0,0.0,0,1,0,0,0,2026-08-19T06:19:02.421466+00:00,2026-08-19T06:19:58.971647+00:00
12,254,Gana,9,MID,48,1.2456,1.4217,0.48,0.1144,0.4556,0.0004,1,8,45,1,2026-08-19T06:19:02.421466+00:00,2026-08-19T06:19:58.971647+00:00
12,257,Keane,9,DEF,43,0.4448,1.0607,0.1,0.198,0.1088,0.0,1,0,0,0,2026-08-19T06:19:02.421466+00:00,2026-08-19T06:19:58.971647+00:00
12,259,McNeil,9,MID,54,1.0276,1.6591,0.28,0.1584,0.2731,0.0028,1,2,90,1,2026-08-19T06:19:02.421466+00:00,2026-08-19T06:19:58.971647+00:00
12,260,Mykolenko,9,DEF,43,0,0,0.0,0.0,0.0,0,1,9,90,1,2026-08-19T06:19:02.421466+00:00,2026-08-19T06:19:58.971647+00:00
12,261,Onana,9,MID,48,1.4696,1.6788,0.48,0.1144,0.4556,0.0012,1,0,45,1,2026-08-19T06:19:02.421466+00:00,2026-08-19T06:19:58.971647+00:00
12,262,Patterson,9,DEF,44,0,0,0.0,0.0,0.0,0,1,1,1,0,2026-08-19T06:19:02.421466+00:00,2026-08-19T06:19:58.971647+00:00
12,263,Pickford,9,GKP,44,2.7132,2.0614,0.9,0.004,0.8373,0.0,1,2,90,1,2026-08-19T06:19:02.421466+00:00,2026-08-19T06:19:58.971647+00:00
12,264,Simms,9,FWD,45,0,0,0.0,0.0,0.0,0,1,0,0,0,2026-08-19T06:19:02.421466+00:00,2026-08-19T06:19:58.971647+00:00
12,265,Tarkowski,9,DEF,44,0.9216,1.8265,0.22,0.1716,0.2183,0.0044,1,1,90,1,2026-08-19T06:19:02.421466+00:00,2026-08-19T06:19:58.971647+00:00
12,266,J.Virginia,9,GKP,39,0.16,0.7415,0.04,0.0384,0.0403,0.0,1,0,0,0,2026-08-19T06:19:02.421466+00:00,2026-08-19T06:19:58.971647+00:00
12,579,Lonergan,9,GKP,40,0.1676,0.777,0.04,0.0384,0.0403,0.0,1,0,0,0,2026-08-19T06:19:02.421466+00:00,2026-08-19T06:19:58.971647+00:00
12,588,Young,9,DEF,44,0.722,1.484,0.22,0.1716,0.2183,0.0008,1,1,89,1,2026-08-19T06:19:02.421466+00:00,2026-08-19T06:19:58.971647+00:00
12,601,Danjuma,9,MID,53,0.9724,1.575,0.28,0.1584,0.2731,0.0028,1,0,0,0,2026-08-19T06:19:02.421466+00:00,2026-08-19T06:19:58.971647+00:00
12,624,Dobbin,9,MID,45,0.4832,0.9731,0.1,0.198,0.1088,0.0,1,0,0,0,2026-08-19T06:19:02.421466+00:00,2026-08-19T06:19:58.971647+00:00
12,645,Y. Chermiti,9,FWD,49,0.5896,1.0711,0.18,0.1804,0.1818,0.0012,1,0,0,0,2026-08-19T06:19:02.421466+00:00,2026-08-19T06:19:58.971647+00:00
12,649,Cannon,9,FWD,45,0,0,0.0,0.0,0.0,0,1,0,0,0,2026-08-19T06:19:02.421466+00:00,2026-08-19T06:19:58.971647+00:00
12,650,Onyango,9,MID,45,0.4744,0.9407,0.1,0.198,0.1088,0.0,1,0,0,0,2026-08-19T06:19:02.421466+00:00,2026-08-19T06:19:58.971647+00:00
12,661,Harrison,9,MID,55,0,0,0.0,0.0,0.0,0,1,5,90,1,2026-08-19T06:19:02.421466+00:00,2026-08-19T06:19:58.971647+00:00
12,691,Beto,9,FWD,58,0.9576,1.5115,0.28,0.2016,0.2765,0.0044,1,1,13,0,2026-08-19T06:19:02.421466+00:00,2026-08-19T06:19:58.971647+00:00
12,719,Hunt,9,MID,45,0.4624,0.9043,0.1,0.198,0.1088,0.0,1,0,0,0,2026-08-19T06:19:02.421466+00:00,2026-08-19T06:19:58.971647+00:00
12,760,Metcalfe,9,MID,45,0.4488,0.8902,0.1,0.198,0.1088,0.0,1,,,,2026-08-19T06:19:02.421466+00:00,
12,761,Campbell,9,DEF,40,0,0,0.0,0.0,0.0,0,1,,,,2026-08-19T06:19:02.421466+00:00,
12,841,Warrington,9,MID,45,0.4304,0.884,0.1,0.198,0.1088,0.0,1,,,,2026-08-19T06:19:02.421466+00:00,
12,863,Crellin,9,GKP,40,0.1776,0.7683,0.04,0.0384,0.0403,0.0,1,,,,2026-08-19T06:19:02.421466+00:00,
12,193,Broja,10,FWD,49,0.6272,1.1569,0.18,0.1804,0.1818,0.0008,1,4,1,0,2026-08-19T06:19:02.421466+00:00,2026-08-19T06:19:58.971647+00:00
12,256,Iwobi,10,MID,54,0.9644,1.5781,0.28,0.1584,0.2731,0.0024,1,1,81,1,2026-08-19T06:19:02.421466+00:00,2026-08-19T06:19:58.971647+00:00
12,267,Andreas,10,MID,54,1.402,1.7456,0.48,0.1144,0.4556,0.002,1,2,73,1,2026-08-19T06:19:02.421466+00:00,2026-08-19T06:19:58.971647+00:00
12,268,Cairney,10,MID,49,0.7072,1.2818,0.18,0.1804,0.1818,0.0016,1,1,16,0,2026-08-19T06:19:02.421466+00:00,2026-08-19T06:19:58.971647+00:00
12,269,I.Cavaleiro,10,MID,50,0,0,0.0,0.0,0.0,0,1,0,0,0,2026-08-19T06:19:02.421466+00:00,2026-08-19T06:19:58.971647+00:00
12,270,De Cordova-Reid,10,MID,54,1.1052,1.8578,0.28,0.1584,0.2731,0.0036,1,1,45,1,2026-08-19T06:19:02.421466+00:00,2026-08-19T06:19:58.971647+00:00
12,271,Diop,10,DEF,45,0.726,1.4759,0.22,0.1716,0.2183,0.0016,1,0,0,0,2026-08-19T06:19:02.421466+00:00,2026-08-19T06:19:58.971647+00:00
12,272,Francois,10,MID,44,0,0,0.0,0.0,0.0,0,1,0,0,0,2026-08-19T06:19:02.421466+00:00,2026-08-19T06:19:58.971647+00:00
12,273,Knockaert,10,MID,44,0,0,0.0,0.0,0.0,0,1,0,0,0,2026-08-19T06:19:02.421466+00:00,2026-08-19T06:19:58.971647+00:00
12,274,Kongolo,10,DEF,40,0,0,0.0,0.0,0.0,0,1,0,0,0,2026-08-19T06:19:02.421466+00:00,2026-08-19T06:19:58.971647+00:00
12,275,Leno,10,GKP,47,3.7208,2.3199,0.9,0.008,0.8376,0.0096,1,2,90,1,2026-08-19T06:19:02.421466+00:00,2026-08-19T06:19:58.971647+00:00
12,276,Lukić,10,MID,44,0,0,0.0,0.0,0.0,0,1,0,0,0,2026-08-19T06:19:02.421466+00:00,2026-08-19T06:19:58.971647+00:00
12,277,Mbabu,10,DEF,40,0,0,0.0,0.0,0.0,0,1,0,0,0,2026-08-19T06:19:02.421466+00:00,2026-08-19T06:19:58.971647+00:00
12,278,Mitrović,10,FWD,74,0,0,0.0,0.0,0.0,0,1,0,0,0,2026-08-19T06:19:02.421466+00:00,2026-08-19T06:19:58.971647+00:00
12,279,Muniz,10,FWD,44,0.4612,0.939,0.1,0.198,0.1088,0.0008,1,0,0,0,2026-08-19T06:19:02.421466+00:00,2026-08-19T06:19:58.971647+00:00
12,280,J.Palhinha,10,MID,50,1.5548,1.8394,0.48,0.1144,0.4556,0.0032,1,1,90,1,2026-08-19T06:19:02.421466+00:00,2026-08-19T06:19:58.971647+00:00
12,281,Ream,10,DEF,45,0.8824,1.7119,0.22,0.1716,0.2183,0.0032,1,1,90,1,2026-08-19T06:19:02.421466+00:00,2026-08-19T06:19:58.971647+00:00
12,282,Reed,10,MID,47,0.8228,1.1933,0.28,0.1584,0.2731,0.0,1,0,8,0,2026-08-19T06:19:02.421466+00:00,2026-08-19T06:19:58.971647+00:00
12,283,Robinson,10,DEF,44,0.732,1.4684,0.22,0.1716,0.2183,0.0012,1,2,90,1,2026-08-19T06:19:02.421466+00:00,2026-08-19T06:19:58.971647+00:00
12,284,Rodák,10,GKP,39,0.1408,0.6684,0.04,0.0384,0.0403,0.0,1,0,0,0,2026-08-19T06:19:02.421466+00:00,2026-08-19T06:19:58.971647+00:00
12,285,Tete,10,DEF,44,0.7188,1.4485,0.22,0.1716,0.2183,0.002,1,0,0,0,2026-08-19T06:19:02.421466+00:00,2026-08-19T06:19:58.971647+00:00
12,286,Tosin,10,DEF,43,0.4476,1.0687,0.1,0.198,0.1088,0.0008,1,0,0,0,2026-08-19T06:19:02.421466+00:00,2026-08-19T06:19:58.971647+00:00
12,287,Vinícius,10,FWD,47,0,0,0.0,0.0,0.0,0,1,0,16,0,2026-08-19T06:19:02.421466+00:00,2026-08-19T06:19:58.971647+00:00
12,288,Wilson,10,MID,53,0.8884,1.4269,0.28,0.1584,0.2731,0.002,1,1,45,1,2026-08-19T06:19:02.421466+00:00,2026-08-19T06:19:58.971647+00:00
12,558,Raúl,10,FWD,52,1.2676,1.6048,0.48,0.1144,0.4556,0.0032,1,8,73,1,2026-08-19T06:19:02.421466+00:00,2026-08-19T06:19:58.971647+00:00
12,591,Willian,10,MID,53,1.6816,2.0148,0.48,0.1144,0.4556,0.004,1,2,81,1,2026-08-19T06:19:02.421466+00:00,2026-08-19T06:19:58.971647+00:00
12,610,Bassey,10,DEF,44,0.6988,1.341,0.22,0.1716,0.2183,0.0,1,1,90,1,2026-08-19T06:19:02.421466+00:00,2026-08-19T06:19:58.971647+00:00
12,625,De Fougerolles,10,DEF,40,0.4444,1.0782,0.1,0.198,0.1088,0.0,1,0,0,0,2026-08-19T06:19:02.421466+00:00,2026-08-19T06:19:58.971647+00:00
12,651,Stansfield,10,FWD,45,0,0,0.0,0.0,0.0,0,1,0,0,0,2026-08-19T06:19:02.421466+00:00,2026-08-19T06:19:58.971647+00:00
12,652,Dibley-Dias,10,MID,45,0.4436,0.8868,0.1,0.198,0.1088,0.0,1,0,0,0,2026-08-19T06:19:02.421466+00:00,2026-08-19T06:19:58.971647+00:00
12,662,Adama,10,MID,49,0.7072,1.2774,0.18,0.1804,0.1818,0.0012,1,1,8,0,2026-08-19T06:19:02.421466+00:00,2026-08-19T06:19:58.971647+00:00
12,683,Harris,10,MID,45,0,0,0.0,0.0,0.0,0,1,0,0,0,2026-08-19T06:19:02.421466+00:00,2026-08-19T06:19:58.971647+00:00
12,688,Castagne,10,DEF,45,0.806,1.5476,0.22,0.1716,0.2183,0.0012,1,1,90,1,2026-08-19T06:19:02.421466+00:00,2026-08-19T06:19:58.971647+00:00
12,692,Benda,10,GKP,40,0.1584,0.7255,0.04,0.0384,0.0403,0.0,1,0,0,0,2026-08-19T06:19:02.421466+00:00,2026-08-19T06:19:58.971647+00:00
12,707,Ballo-Touré,10,DEF,45,0.4536,1.1123,0.1,0.198,0.1088,0.0004,1,0,0,0,2026-08-19T06:19:02.421466+00:00,2026-08-19T06:19:58.971647+00:00
12,732,Tanton,10,DEF,40,0.4312,1.008,0.1,0.198,0.1088,0.0004,1,0,0,0,2026-08-19T06:19:02.421466+00:00,2026-08-19T06:19:58.971647+00:00
12,796,Sekularac,10,MID,44,0.474,0.9534,0.1,0.198,0.1088,0.0,1,,,,2026-08-19T06:19:02.421466+00:00,
12,810,King,10,MID,45,0.4344,0.8987,0.1,0.198,0.1088,0.0,1,,,,2026-08-19T06:19:02.421466+00:00,
12,289,Adrián,11,GKP,40,0.17,0.7806,0.04,0.0384,0.0403,0.0,1,0,0,0,2026-08-19T06:19:02.421466+00:00,2026-08-19T06:19:58.971647+00:00
12,290,Alexander-Arnold,11,DEF,79,1.9344,2.5703,0.48,0.1456,0.458,0.0144,1,7,89,1,2026-08-19T06:19:02.421466+00:00,2026-08-19T06:19:58.971647+00:00
12,291,A.Becker,11,GKP,56,4.0644,2.4838,0.9,0.008,0.8376,0.0124,1,7,90,1,2026-08-19T06:19:02.421466+00:00,2026-08-19T06:19:58.971647+00:00
12,292,Bajcetic,11,MID,47,0.8864,1.4125,0.28,0.1584,0.2731,0.0004,1,0,0,0,2026-08-19T06:19:02.421466+00:00,2026-08-19T06:19:58.971647+00:00
12,293,Darwin,11,FWD,75,1.63,2.6271,0.28,0.2016,0.2765,0.0236,1,5,90,1,2026-08-19T06:19:02.421466+00:00,2026-08-19T06:19:58.971647+00:00
12,294,Diogo J.,11,MID,77,1.4808,2.5261,0.28,0.2016,0.2765,0.0188,1,8,83,1,2026-08-19T06:19:02.421466+00:00,2026-08-19T06:19:58.971647+00:00
12,295,Elliott,11,MID,48,0.7108,1.2989,0.18,0.1804,0.1818,0.0008,1,1,7,0,2026-08-19T06:19:02.421466+00:00,2026-08-19T06:19:58.971647+00:00
12,296,Fabinho,11,MID,50,0,0,0.0,0.0,0.0,0,1,0,0,0,2026-08-19T06:19:02.421466+00:00,2026-08-19T06:19:58.971647+00:00
12,297,Gakpo,11,FWD,72,1.1968,1.9615,0.28,0.2016,0.2765,0.01,1,2,82,1,2026-08-19T06:19:02.421466+00:00,2026-08-19T06:19:58.971647+00:00
12,298,Gomez,11,DEF,45,0.9072,1.7613,0.22,0.1716,0.2183,0.0044,1,0,0,0,2026-08-19T06:19:02.421466+00:00,2026-08-19T06:19:58.971647+00:00
12,299,Henderson,11,MID,50,0,0,0.0,0.0,0.0,0,1,0,0,0,2026-08-19T06:19:02.421466+00:00,2026-08-19T06:19:58.971647+00:00
12,300,Jones,11,MID,49,0.8964,1.3638,0.28,0.1584,0.2731,0.0004,1,0,0,0,2026-08-19T06:19:02.421466+00:00,2026-08-19T06:19:58.971647+00:00
12,301,Kelleher,11,GKP,39,0.2408,1.0689,0.04,0.0384,0.0403,0.0004,1,0,0,0,2026-08-19T06:19:02.421466+00:00,2026-08-19T06:19:58.971647+00:00
12,302,Konaté,11,DEF,49,1.0116,1.7731,0.28,0.1584,0.2731,0.0028,1,0,0,0,2026-08-19T06:19:02.421466+00:00,2026-08-19T06:19:58.971647+00:00
12,303,Luis Díaz,11,MID,74,2.248,2.8256,0.48,0.1456,0.458,0.0248,1,1,7,0,2026-08-19T06:19:02.421466+00:00,2026-08-19T06:19:58.971647+00:00
12,304,Mac Allister,11,MID,58,1.4572,1.7209,0.48,0.1456,0.458,0.002,1,0,0,0,2026-08-19T06:19:02.421466+00:00,2026-08-19T06:19:58.971647+00:00
12,305,Matip,11,DEF,49,0,0,0.0,0.0,0.0,0,1,5,90,1,2026-08-19T06:19:02.421466+00:00,2026-08-19T06:19:58.971647+00:00
12,306,Phillips,11,DEF,40,0,0,0.0,0.0,0.0,0,1,0,0,0,2026-08-19T06:19:02.421466+00:00,2026-08-19T06:19:58.971647+00:00
12,307,Robertson,11,DEF,64,1.95,2.5609,0.48,0.1456,0.458,0.0132,1,0,0,0,2026-08-19T06:19:02.421466+00:00,2026-08-19T06:19:58.971647+00:00
12,308,Salah,11,MID,129,3.5636,4.5096,0.48,0.1456,0.458,0.1104,1,16,90,1,2026-08-19T06:19:02.421466+00:00,2026-08-19T06:19:58.971647+00:00
12,309,Szoboszlai,11,MID,71,2.0756,2.4712,0.48,0.1456,0.458,0.0124,1,3,90,1,2026-08-19T06:19:02.421466+00:00,2026-08-19T06:19:58.971647+00:00
12,310,Thiago,11,MID,48,0.7708,1.2815,0.24,0.1672,0.2366,0.0004,1,0,0,0,2026-08-19T06:19:02.421466+00:00,2026-08-19T06:19:58.971647+00:00
12,311,Tsimikas,11,DEF,46,0.7652,1.5558,0.18,0.1804,0.1818,0.0008,1,15,90,1,2026-08-19T06:19:02.421466+00:00,2026-08-19T06:19:58.971647+00:00
12,312,Van den Berg,11,DEF,40,0,0,0.0,0.0,0.0,0,1,0,0,0,2026-08-19T06:19:02.421466+00:00,2026-08-19T06:19:58.971647+00:00
12,313,Virgil,11,DEF,61,2.0468,2.5799,0.48,0.1456,0.458,0.0104,1,6,90,1,2026-08-19T06:19:02.421466+00:00,2026-08-19T06:19:58.971647+00:00
12,626,Quansah,11,DEF,40,0.578,1.3626,0.1,0.198,0.1088,0.0016,1,1,1,0,2026-08-19T06:19:02.421466+00:00,2026-08-19T06:19:58.971647+00:00
12,627,Clark,11,MID,45,0.4736,0.9466,0.1,0.198,0.1088,0.0004,1,0,0,0,2026-08-19T06:19:02.421466+00:00,2026-08-19T06:19:58.971647+00:00
12,628,Doak,11,MID,44,0,0,0.0,0.0,0.0,0,1,0,0,0,2026-08-19T06:19:02.421466+00:00,2026-08-19T06:19:58.971647+00:00
12,629,McConnell,11,MID,44,0.4892,1.0031,0.1,0.198,0.1088,0.0,1,1,1,0,2026-08-19T06:19:02.421466+00:00,2026-08-19T06:19:58.971647+00:00
12,668,Endo,11,MID,54,0.724,1.3693,0.18,0.1804,0.1818,0.0012,1,3,90,1,2026-08-19T06:19:02.421466+00:00,2026-08-19T06:19:58.971647+00:00
12,708,Gravenberch,11,MID,50,1.016,1.6292,0.28,0.1584,0.2731,0.0024,1,0,0,0,2026-08-19T06:19:02.421466+00:00,2026-08-19T06:19:58.971647+00:00
12,726,Chambers,11,DEF,40,0,0,0.0,0.0,0.0,0,1,0,0,0,2026-08-19T06:19:02.421466+00:00,2026-08-19T06:19:58.971647+00:00
12,728,Scanlon,11,DEF,40,0.5152,1.2241,0.1,0.198,0.1088,0.0008,1,0,0,0,2026-08-19T06:19:02.421466+00:00,2026-08-19T06:19:58.971647+00:00
12,743,Nyoni,11,MID,45,0.51,1.0778,0.1,0.198,0.1088,0.0008,1,0,0,0,2026-08-19T06:19:02.421466+00:00,2026-08-19T06:19:58.971647+00:00
12,756,Pitaluga,11,GKP,40,0,0,0.0,0.0,0.0,0,1,,,,2026-08-19T06:19:02.421466+00:00,
12,757,Bradley,11,DEF,41,0.5208,1.2112,0.1,0.198,0.1088,0.0004,1,,,,2026-08-19T06:19:02.421466+00:00,
12,782,Beck,11,DEF,45,0,0,0.0,0.0,0.0,0,1,,,,2026-08-19T06:19:02.421466+00:00,
12,783,Gordon,11,MID,45,0.4872,0.9536,0.1,0.198,0.1088,0.0004,1,,,,2026-08-19T06:19:02.421466+00:00,
12,812,Koumas,11,FWD,45,0.4396,0.9552,0.1,0.198,0.1088,0.0016,1,,,,2026-08-19T06:19:02.421466+00:00,
12,813,Mrozek,11,GKP,40,0.1748,0.7529,0.04,0.0384,0.0403,0.0,1,,,,2026-08-19T06:19:02.421466+00:00,
12,824,Danns,11,FWD,43,0.4756,0.9671,0.1,0.198,0.1088,0.0004,1,,,,2026-08-19T06:19:02.421466+00:00,
12,837,Nallo,11,DEF,40,0.49,1.1812,0.1,0.198,0.1088,0.0012,1,,,,2026-08-19T06:19:02.421466+00:00,
12,21,Sambi,12,MID,49,0.6284,1.1337,0.18,0.1804,0.1818,0.0,1,0,0,0,2026-08-19T06:19:02.421466+00:00,2026-08-19T06:19:58.971647+00:00
12,52,Nakamba,12,MID,44,0,0,0.0,0.0,0.0,0,1,2,85,1,2026-08-19T06:19:02.421466+00:00,2026-08-19T06:19:58.971647+00:00
12,314,Adebayo,12,FWD,48,0.9276,1.4023,0.28,0.1584,0.2731,0.0016,1,1,3,0,2026-08-19T06:19:02.421466+00:00,2026-08-19T06:19:58.971647+00:00
12,315,Andersen,12,DEF,40,0.476,1.0992,0.11,0.1958,0.118,0.0004,1,0,0,0,2026-08-19T06:19:02.421466+00:00,2026-08-19T06:19:58.971647+00:00
12,316,Bell,12,DEF,39,0,0,0.0,0.0,0.0,0,1,0,0,0,2026-08-19T06:19:02.421466+00:00,2026-08-19T06:19:58.971647+00:00
12,317,Berry,12,MID,47,0.658,1.1658,0.18,0.1804,0.1818,0.0008,1,0,0,0,2026-08-19T06:19:02.421466+00:00,2026-08-19T06:19:58.971647+00:00
12,318,Burke,12,DEF,40,0,0,0.0,0.0,0.0,0,1,0,0,0,2026-08-19T06:19:02.421466+00:00,2026-08-19T06:19:58.971647+00:00
12,319,Campbell,12,MID,49,0,0,0.0,0.0,0.0,0,1,0,0,0,2026-08-19T06:19:02.421466+00:00,2026-08-19T06:19:58.971647+00:00
12,320,Clark,12,MID,48,0.7164,1.2964,0.18,0.1804,0.1818,0.0,1,1,17,0,2026-08-19T06:19:02.421466+00:00,2026-08-19T06:19:58.971647+00:00
12,321,Doughty,12,DEF,44,0.8792,1.651,0.22,0.1716,0.2183,0.0016,1,2,72,1,2026-08-19T06:19:02.421466+00:00,2026-08-19T06:19:58.971647+00:00
12,322,Freeman,12,MID,49,0,0,0.0,0.0,0.0,0,1,0,0,0,2026-08-19T06:19:02.421466+00:00,2026-08-19T06:19:58.971647+00:00
12,323,Macey,12,GKP,40,0,0,0.0,0.0,0.0,0,1,0,0,0,2026-08-19T06:19:02.421466+00:00,2026-08-19T06:19:58.971647+00:00
12,324,McAtee,12,FWD,45,0,0,0.0,0.0,0.0,0,1,0,0,0,2026-08-19T06:19:02.421466+00:00,2026-08-19T06:19:58.971647+00:00
12,325,Mendes,12,MID,45,0,0,0.0,0.0,0.0,0,1,0,0,0,2026-08-19T06:19:02.421466+00:00,2026-08-19T06:19:58.971647+00:00
12,326,Morris,12,FWD,54,1.818,2.2583,0.48,0.1144,0.4556,0.0124,1,2,90,1,2026-08-19T06:19:02.421466+00:00,2026-08-19T06:19:58.971647+00:00
12,327,Muskwe,12,FWD,45,0,0,0.0,0.0,0.0,0,1,0,0,0,2026-08-19T06:19:02.421466+00:00,2026-08-19T06:19:58.971647+00:00
12,328,Ogbene,12,FWD,49,0.978,1.4846,0.28,0.1584,0.2731,0.0016,1,2,85,1,2026-08-19T06:19:02.421466+00:00,2026-08-19T06:19:58.971647+00:00
12,329,Onyedinma,12,MID,50,0.7012,1.2495,0.18,0.1804,0.1818,0.0004,1,0,0,0,2026-08-19T06:19:02.421466+00:00,2026-08-19T06:19:58.971647+00:00
12,330,Osho,12,DEF,44,0.4384,1.0359,0.1,0.198,0.1088,0.0004,1,2,90,1,2026-08-19T06:19:02.421466+00:00,2026-08-19T06:19:58.971647+00:00
12,331,Pepple,12,FWD,45,0,0,0.0,0.0,0.0,0,1,0,0,0,2026-08-19T06:19:02.421466+00:00,2026-08-19T06:19:58.971647+00:00
12,332,Pereira,12,MID,44,0,0,0.0,0.0,0.0,0,1,0,0,0,2026-08-19T06:19:02.421466+00:00,2026-08-19T06:19:58.971647+00:00
12,333,Potts,12,DEF,39,0.3416,0.8683,0.05,0.209,0.0632,0.0004,1,0,0,0,2026-08-19T06:19:02.421466+00:00,2026-08-19T06:19:58.971647+00:00
12,334,Rea,12,MID,44,0,0,0.0,0.0,0.0,0,1,0,0,0,2026-08-19T06:19:02.421466+00:00,2026-08-19T06:19:58.971647+00:00
12,335,Shea,12,GKP,43,0.1628,0.712,0.04,0.0384,0.0403,0.0,1,0,0,0,2026-08-19T06:19:02.421466+00:00,2026-08-19T06:19:58.971647+00:00
12,336,Taylor,12,FWD,45,0,0,0.0,0.0,0.0,0,1,0,0,0,2026-08-19T06:19:02.421466+00:00,2026-08-19T06:19:58.971647+00:00
12,337,Thorpe,12,MID,45,0,0,0.0,0.0,0.0,0,1,0,0,0,2026-08-19T06:19:02.421466+00:00,2026-08-19T06:19:58.971647+00:00
12,338,Walton,12,GKP,40,0,0,0.0,0.0,0.0,0,1,0,0,0,2026-08-19T06:19:02.421466+00:00,2026-08-19T06:19:58.971647+00:00
12,339,Watson,12,MID,44,0,0,0.0,0.0,0.0,0,1,0,0,0,2026-08-19T06:19:02.421466+00:00,2026-08-19T06:19:58.971647+00:00
12,340,Woodrow,12,FWD,44,0.4632,0.924,0.1,0.198,0.1088,0.0004,1,0,0,0,2026-08-19T06:19:02.421466+00:00,2026-08-19T06:19:58.971647+00:00
12,393,Mengi,12,DEF,39,0.774,1.511,0.22,0.1716,0.2183,0.0008,1,2,90,1,2026-08-19T06:19:02.421466+00:00,2026-08-19T06:19:58.971647+00:00
12,553,Giles,12,DEF,43,0,0,0.0,0.0,0.0,0,1,1,4,0,2026-08-19T06:19:02.421466+00:00,2026-08-19T06:19:58.971647+00:00
12,575,Lockyer,12,DEF,43,0,0,0.0,0.0,0.0,0,1,1,90,1,2026-08-19T06:19:02.421466+00:00,2026-08-19T06:19:58.971647+00:00
12,582,Mpanzu,12,MID,48,0.8996,1.3868,0.28,0.1584,0.2731,0.0008,1,1,4,0,2026-08-19T06:19:02.421466+00:00,2026-08-19T06:19:58.971647+00:00
12,586,Chong,12,MID,48,0.7844,1.2561,0.28,0.1584,0.2731,0.0012,1,1,29,0,2026-08-19T06:19:02.421466+00:00,2026-08-19T06:19:58.971647+00:00
12,602,Kaboré,12,DEF,40,0,0,0.0,0.0,0.0,0,1,1,86,1,2026-08-19T06:19:02.421466+00:00,2026-08-19T06:19:58.971647+00:00
12,614,Kaminski,12,GKP,45,3.066,2.1202,0.9,0.004,0.8373,0.0,1,3,90,1,2026-08-19T06:19:02.421466+00:00,2026-08-19T06:19:58.971647+00:00
12,630,Barkley,12,MID,49,0,0,0.0,0.0,0.0,0,1,2,90,1,2026-08-19T06:19:02.421466+00:00,2026-08-19T06:19:58.971647+00:00
12,631,Brown,12,FWD,49,0,0,0.0,0.0,0.0,0,1,0,0,0,2026-08-19T06:19:02.421466+00:00,2026-08-19T06:19:58.971647+00:00
12,648,Francis-Clarke,12,DEF,40,0,0,0.0,0.0,0.0,0,1,0,0,0,2026-08-19T06:19:02.421466+00:00,2026-08-19T06:19:58.971647+00:00
12,665,Krul,12,GKP,44,0.1728,0.7874,0.04,0.0384,0.0403,0.0,1,0,0,0,2026-08-19T06:19:02.421466+00:00,2026-08-19T06:19:58.971647+00:00
12,682,Johnson,12,DEF,40,0.4568,1.0567,0.1,0.198,0.1088,0.0004,1,0,0,0,2026-08-19T06:19:02.421466+00:00,2026-08-19T06:19:58.971647+00:00
12,727,Townsend,12,MID,50,0.6844,1.2393,0.18,0.1804,0.1818,0.0004,1,2,60,1,2026-08-19T06:19:02.421466+00:00,2026-08-19T06:19:58.971647+00:00
12,729,Luker,12,MID,45,0,0,0.0,0.0,0.0,0,1,0,0,0,2026-08-19T06:19:02.421466+00:00,2026-08-19T06:19:58.971647+00:00
12,734,Nelson,12,MID,45,0.4584,0.9469,0.1,0.198,0.1088,0.0,1,0,0,0,2026-08-19T06:19:02.421466+00:00,2026-08-19T06:19:58.971647+00:00
12,798,Hashioka,12,DEF,40,0.4524,1.0682,0.1,0.198,0.1088,0.0004,1,,,,2026-08-19T06:19:02.421466+00:00,
12,831,Piesold,12,MID,45,0.4784,0.9693,0.1,0.198,0.1088,0.0,1,,,,2026-08-19T06:19:02.421466+00:00,
12,839,Martins,12,MID,45,0.4596,0.9431,0.1,0.198,0.1088,0.0,1,,,,2026-08-19T06:19:02.421466+00:00,
12,844,Chigozie,12,DEF,40,0.4664,1.1217,0.1,0.198,0.1088,0.0004,1,,,,2026-08-19T06:19:02.421466+00:00,
12,848,Harris,12,FWD,45,0.4568,0.9058,0.1,0.198,0.1088,0.0,1,,,,2026-08-19T06:19:02.421466+00:00,
12,341,Akanji,13,DEF,49,1.3816,1.9017,0.48,0.1144,0.4556,0.0016,1,6,90,1,2026-08-19T06:19:02.421466+00:00,2026-08-19T06:19:58.971647+00:00
12,342,Aké,13,DEF,50,1.1432,2.0295,0.28,0.1584,0.2731,0.0068,1,0,0,0,2026-08-19T06:19:02.421466+00:00,2026-08-19T06:19:58.971647+00:00
12,343,J.Alvarez,13,FWD,72,2.1464,2.5346,0.48,0.1456,0.458,0.014,1,5,78,1,2026-08-19T06:19:02.421466+00:00,2026-08-19T06:19:58.971647+00:00
12,344,Bernardo,13,MID,63,1.3052,2.0304,0.28,0.2016,0.2765,0.0068,1,7,90,1,2026-08-19T06:19:02.421466+00:00,2026-08-19T06:19:58.971647+00:00
12,345,Bobb,13,MID,44,0.4948,1.0024,0.1,0.198,0.1088,0.0008,1,0,0,0,2026-08-19T06:19:02.421466+00:00,2026-08-19T06:19:58.971647+00:00
12,346,Cancelo,13,DEF,58,0,0,0.0,0.0,0.0,0,1,0,0,0,2026-08-19T06:19:02.421466+00:00,2026-08-19T06:19:58.971647+00:00
12,347,Carson,13,GKP,39,0.1648,0.7421,0.04,0.0384,0.0403,0.0,1,0,0,0,2026-08-19T06:19:02.421466+00:00,2026-08-19T06:19:58.971647+00:00
12,348,Charles,13,MID,45,0,0,0.0,0.0,0.0,0,1,0,0,0,2026-08-19T06:19:02.421466+00:00,2026-08-19T06:19:58.971647+00:00
12,349,De Bruyne,13,MID,102,3.24,3.0586,0.72,0.0784,0.6759,0.046,1,0,0,0,2026-08-19T06:19:02.421466+00:00,2026-08-19T06:19:58.971647+00:00
12,350,Rúben,13,DEF,55,1.5324,2.0166,0.48,0.1456,0.458,0.0044,1,0,90,1,2026-08-19T06:19:02.421466+00:00,2026-08-19T06:19:58.971647+00:00
12,352,Ederson M.,13,GKP,55,0,0,0.0,0.0,0.0,0,1,1,90,1,2026-08-19T06:19:02.421466+00:00,2026-08-19T06:19:58.971647+00:00
12,353,Foden,13,MID,75,2.194,2.6748,0.48,0.1456,0.458,0.022,1,2,90,1,2026-08-19T06:19:02.421466+00:00,2026-08-19T06:19:58.971647+00:00
12,354,Grealish,13,MID,72,1.1112,1.7718,0.28,0.2016,0.2765,0.004,1,0,31,0,2026-08-19T06:19:02.421466+00:00,2026-08-19T06:19:58.971647+00:00
12,355,Haaland,13,FWD,140,3.1312,3.7472,0.48,0.1456,0.458,0.076,1,16,90,1,2026-08-19T06:19:02.421466+00:00,2026-08-19T06:19:58.971647+00:00
12,356,Kovačić,13,MID,48,0.854,1.3329,0.28,0.1584,0.2731,0.0008,1,1,11,0,2026-08-19T06:19:02.421466+00:00,2026-08-19T06:19:58.971647+00:00
12,357,Laporte,13,DEF,49,0,0,0.0,0.0,0.0,0,1,0,0,0,2026-08-19T06:19:02.421466+00:00,2026-08-19T06:19:58.971647+00:00
12,358,R.Lewis,13,DEF,43,0.4724,1.0841,0.1,0.198,0.1088,0.0004,1,0,0,0,2026-08-19T06:19:02.421466+00:00,2026-08-19T06:19:58.971647+00:00
12,359,Mahrez,13,MID,75,0,0,0.0,0.0,0.0,0,1,0,0,0,2026-08-19T06:19:02.421466+00:00,2026-08-19T06:19:58.971647+00:00
12,361,Ortega Moreno,13,GKP,39,2.4752,2.0238,0.88,0.0048,0.8188,0.0008,1,0,0,0,2026-08-19T06:19:02.421466+00:00,2026-08-19T06:19:58.971647+00:00
12,363,Perrone,13,MID,44,0,0,0.0,0.0,0.0,0,1,0,0,0,2026-08-19T06:19:02.421466+00:00,2026-08-19T06:19:58.971647+00:00
12,365,Rodrigo,13,MID,56,1.776,2.1695,0.48,0.1456,0.458,0.006,1,6,90,1,2026-08-19T06:19:02.421466+00:00,2026-08-19T06:19:58.971647+00:00
12,366,Sergio Gómez,13,DEF,39,0.5184,1.2076,0.1,0.198,0.1088,0.0008,1,0,0,0,2026-08-19T06:19:02.421466+00:00,2026-08-19T06:19:58.971647+00:00
12,367,Steffen,13,GKP,39,0,0,0.0,0.0,0.0,0,1,0,0,0,2026-08-19T06:19:02.421466+00:00,2026-08-19T06:19:58.971647+00:00
12,368,Stones,13,DEF,53,0.9624,1.6958,0.28,0.1584,0.2731,0.0028,1,0,0,0,2026-08-19T06:19:02.421466+00:00,2026-08-19T06:19:58.971647+00:00
12,369,Walker,13,DEF,53,1.6096,2.1464,0.48,0.1144,0.4556,0.0044,1,0,90,1,2026-08-19T06:19:02.421466+00:00,2026-08-19T06:19:58.971647+00:00
12,566,Matheus N.,13,MID,49,0.8236,1.266,0.28,0.1584,0.2731,0.0008,1,0,0,0,2026-08-19T06:19:02.421466+00:00,2026-08-19T06:19:58.971647+00:00
12,616,Gvardiol,13,DEF,50,0.898,1.6586,0.28,0.1584,0.2731,0.0024,1,0,90,1,2026-08-19T06:19:02.421466+00:00,2026-08-19T06:19:58.971647+00:00
12,678,Doku,13,MID,66,1.3568,2.1405,0.28,0.2016,0.2765,0.0088,1,0,58,1,2026-08-19T06:19:02.421466+00:00,2026-08-19T06:19:58.971647+00:00
12,762,Susoho,13,MID,45,0.4692,0.9674,0.1,0.198,0.1088,0.0,1,,,,2026-08-19T06:19:02.421466+00:00,
12,771,Hamilton,13,MID,45,0.4668,0.9477,0.1,0.198,0.1088,0.0004,1,,,,2026-08-19T06:19:02.421466+00:00,
12,814,Wright,13,MID,45,0.4632,0.9157,0.1,0.198,0.1088,0.0,1,,,,2026-08-19T06:19:02.421466+00:00,
12,209,Mount,14,MID,68,0.7896,1.5401,0.14,0.2408,0.1495,0.0036,1,1,50,1,2026-08-19T06:19:02.421466+00:00,2026-08-19T06:19:58.971647+00:00
12,370,Alex Telles,14,DEF,45,0,0,0.0,0.0,0.0,0,1,0,0,0,2026-08-19T06:19:02.421466+00:00,2026-08-19T06:19:58.971647+00:00
12,371,Amad,14,MID,44,0.4892,0.9842,0.1,0.198,0.1088,0.0004,1,0,0,0,2026-08-19T06:19:02.421466+00:00,2026-08-19T06:19:58.971647+00:00
12,372,Antony,14,MID,68,1.1368,1.9313,0.28,0.2016,0.2765,0.0068,1,1,22,0,2026-08-19T06:19:02.421466+00:00,2026-08-19T06:19:58.971647+00:00
12,373,B.Fernandes,14,MID,83,2.5768,3.2323,0.48,0.1456,0.458,0.0424,1,3,90,1,2026-08-19T06:19:02.421466+00:00,2026-08-19T06:19:58.971647+00:00
12,374,B.Williams,14,DEF,40,0,0,0.0,0.0,0.0,0,1,0,0,0,2026-08-19T06:19:02.421466+00:00,2026-08-19T06:19:58.971647+00:00
12,375,Bailly,14,DEF,40,0,0,0.0,0.0,0.0,0,1,0,0,0,2026-08-19T06:19:02.421466+00:00,2026-08-19T06:19:58.971647+00:00
12,376,Casemiro,14,MID,54,1.6676,2.1329,0.48,0.1144,0.4556,0.0068,1,0,0,0,2026-08-19T06:19:02.421466+00:00,2026-08-19T06:19:58.971647+00:00
12,377,Dalot,14,DEF,50,1.9176,2.5611,0.48,0.1144,0.4556,0.0112,1,6,90,1,2026-08-19T06:19:02.421466+00:00,2026-08-19T06:19:58.971647+00:00
12,379,Eriksen,14,MID,59,1.3028,1.952,0.28,0.2016,0.2765,0.0048,1,1,39,0,2026-08-19T06:19:02.421466+00:00,2026-08-19T06:19:58.971647+00:00
12,380,Fernandez,14,DEF,40,0,0,0.0,0.0,0.0,0,1,0,0,0,2026-08-19T06:19:02.421466+00:00,2026-08-19T06:19:58.971647+00:00
12,381,Fred,14,MID,50,0,0,0.0,0.0,0.0,0,1,0,0,0,2026-08-19T06:19:02.421466+00:00,2026-08-19T06:19:58.971647+00:00
12,382,Garnacho,14,MID,47,0.9644,1.4851,0.28,0.1584,0.2731,0.0008,1,3,67,1,2026-08-19T06:19:02.421466+00:00,2026-08-19T06:19:58.971647+00:00
12,383,Hannibal,14,MID,44,0,0,0.0,0.0,0.0,0,1,0,0,0,2026-08-19T06:19:02.421466+00:00,2026-08-19T06:19:58.971647+00:00
12,384,Heaton,14,GKP,40,0.1836,0.8235,0.04,0.0384,0.0403,0.0,1,0,0,0,2026-08-19T06:19:02.421466+00:00,2026-08-19T06:19:58.971647+00:00
12,386,Lindelof,14,DEF,45,0.5104,1.2067,0.11,0.1958,0.118,0.0008,1,15,90,1,2026-08-19T06:19:02.421466+00:00,2026-08-19T06:19:58.971647+00:00
12,387,Maguire,14,DEF,42,0,0,0.0,0.0,0.0,0,1,6,90,1,2026-08-19T06:19:02.421466+00:00,2026-08-19T06:19:58.971647+00:00
12,388,Mainoo,14,MID,44,0.492,1.0056,0.1,0.198,0.1088,0.0,1,0,0,0,2026-08-19T06:19:02.421466+00:00,2026-08-19T06:19:58.971647+00:00
12,389,Malacia,14,DEF,43,0,0,0.0,0.0,0.0,0,1,0,0,0,2026-08-19T06:19:02.421466+00:00,2026-08-19T06:19:58.971647+00:00
12,390,Martial,14,FWD,64,0.85,1.4132,0.225,0.217,0.2266,0.002,1,1,11,0,2026-08-19T06:19:02.421466+00:00,2026-08-19T06:19:58.971647+00:00
12,391,Martinez,14,DEF,47,0.9708,1.713,0.28,0.1584,0.2731,0.0008,1,0,0,0,2026-08-19T06:19:02.421466+00:00,2026-08-19T06:19:58.971647+00:00
12,392,McTominay,14,MID,48,0.9468,1.5549,0.28,0.1584,0.2731,0.0028,1,3,90,1,2026-08-19T06:19:02.421466+00:00,2026-08-19T06:19:58.971647+00:00
12,394,Pellistri,14,MID,44,0,0,0.0,0.0,0.0,0,1,0,0,0,2026-08-19T06:19:02.421466+00:00,2026-08-19T06:19:58.971647+00:00
12,395,R.Varane,14,DEF,50,1.1448,2.0335,0.28,0.1584,0.2731,0.0072,1,1,11,0,2026-08-19T06:19:02.421466+00:00,2026-08-19T06:19:58.971647+00:00
12,396,Rashford,14,MID,86,2.2776,2.9915,0.48,0.1456,0.458,0.0352,1,3,90,1,2026-08-19T06:19:02.421466+00:00,2026-08-19T06:19:58.971647+00:00
12,397,Sancho,14,MID,67,0,0,0.0,0.0,0.0,0,1,0,0,0,2026-08-19T06:19:02.421466+00:00,2026-08-19T06:19:58.971647+00:00
12,398,Shaw,14,DEF,52,0,0,0.0,0.0,0.0,0,1,0,0,0,2026-08-19T06:19:02.421466+00:00,2026-08-19T06:19:58.971647+00:00
12,399,Shoretire,14,FWD,44,0.4736,0.9605,0.1,0.198,0.1088,0.0,1,0,0,0,2026-08-19T06:19:02.421466+00:00,2026-08-19T06:19:58.971647+00:00
12,400,Van de Beek,14,MID,48,0,0,0.0,0.0,0.0,0,1,0,0,0,2026-08-19T06:19:02.421466+00:00,2026-08-19T06:19:58.971647+00:00
12,401,Wan-Bissaka,14,DEF,44,0.8896,1.7117,0.22,0.1716,0.2183,0.002,1,0,0,0,2026-08-19T06:19:02.421466+00:00,2026-08-19T06:19:58.971647+00:00
12,597,Onana,14,GKP,48,3.3004,2.2954,0.9,0.008,0.8376,0.0008,1,8,90,1,2026-08-19T06:19:02.421466+00:00,2026-08-19T06:19:58.971647+00:00
12,617,Højlund,14,FWD,71,1.1976,1.859,0.28,0.2016,0.2765,0.0064,1,2,78,1,2026-08-19T06:19:02.421466+00:00,2026-08-19T06:19:58.971647+00:00
12,632,Forson,14,MID,44,0.4568,0.9362,0.1,0.198,0.1088,0.0,1,0,0,0,2026-08-19T06:19:02.421466+00:00,2026-08-19T06:19:58.971647+00:00
12,669,Vítek,14,GKP,40,0,0,0.0,0.0,0.0,0,1,0,0,0,2026-08-19T06:19:02.421466+00:00,2026-08-19T06:19:58.971647+00:00
12,685,Gore,14,MID,45,0,0,0.0,0.0,0.0,0,1,0,0,0,2026-08-19T06:19:02.421466+00:00,2026-08-19T06:19:58.971647+00:00
12,695,Altay,14,GKP,40,0.1888,0.8157,0.04,0.0384,0.0403,0.0,1,0,0,0,2026-08-19T06:19:02.421466+00:00,2026-08-19T06:19:58.971647+00:00
12,703,Evans,14,DEF,40,0.7876,1.5116,0.22,0.1716,0.2183,0.0008,1,0,0,0,2026-08-19T06:19:02.421466+00:00,2026-08-19T06:19:58.971647+00:00
12,709,Amrabat,14,MID,50,0.874,1.3835,0.28,0.1584,0.2731,0.0012,1,0,0,0,2026-08-19T06:19:02.421466+00:00,2026-08-19T06:19:58.971647+00:00
12,748,Hugill,14,FWD,45,0,0,0.0,0.0,0.0,0,1,,,,2026-08-19T06:19:02.421466+00:00,
12,766,Kambwala,14,DEF,39,0.4848,1.2247,0.1,0.198,0.1088,0.0,1,,,,2026-08-19T06:19:02.421466+00:00,
12,768,Bennett,14,DEF,40,0,0,0.0,0.0,0.0,0,1,,,,2026-08-19T06:19:02.421466+00:00,
12,826,Collyer,14,MID,45,0.5164,1.0563,0.1,0.198,0.1088,0.0008,1,,,,2026-08-19T06:19:02.421466+00:00,
12,833,Ogunneye,14,DEF,40,0.5088,1.209,0.1,0.198,0.1088,0.0,1,,,,2026-08-19T06:19:02.421466+00:00,
12,835,Mee,14,GKP,40,0.1588,0.757,0.04,0.0384,0.0403,0.0,1,,,,2026-08-19T06:19:02.421466+00:00,
12,846,Amass,14,DEF,40,0.504,1.2011,0.1,0.198,0.1088,0.0008,1,,,,2026-08-19T06:19:02.421466+00:00,
12,850,Wheatley,14,FWD,45,0.4304,0.8671,0.1,0.198,0.1088,0.0,1,,,,2026-08-19T06:19:02.421466+00:00,
12,856,Jackson,14,DEF,40,0.5032,1.1762,0.1,0.198,0.1088,0.0004,1,,,,2026-08-19T06:19:02.421466+00:00,
12,204,Hall,15,DEF,43,0.4644,1.1252,0.1,0.198,0.1088,0.0008,1,1,45,1,2026-08-19T06:19:02.421466+00:00,2026-08-19T06:19:58.971647+00:00
12,402,Almirón,15,MID,63,1.7192,2.162,0.48,0.1456,0.458,0.008,1,1,30,0,2026-08-19T06:19:02.421466+00:00,2026-08-19T06:19:58.971647+00:00
12,403,Anderson,15,MID,43,0.8804,1.3262,0.28,0.1584,0.2731,0.0012,1,0,0,0,2026-08-19T06:19:02.421466+00:00,2026-08-19T06:19:58.971647+00:00
12,404,Ashby,15,DEF,40,0,0,0.0,0.0,0.0,0,1,0,0,0,2026-08-19T06:19:02.421466+00:00,2026-08-19T06:19:58.971647+00:00
12,405,Botman,15,DEF,46,0,0,0.0,0.0,0.0,0,1,0,0,0,2026-08-19T06:19:02.421466+00:00,2026-08-19T06:19:58.971647+00:00
12,406,Bruno G.,15,MID,58,1.3948,1.7228,0.48,0.1456,0.458,0.0028,1,0,0,0,2026-08-19T06:19:02.421466+00:00,2026-08-19T06:19:58.971647+00:00
12,407,Burn,15,DEF,46,1.3928,2.0282,0.48,0.1144,0.4556,0.006,1,0,0,0,2026-08-19T06:19:02.421466+00:00,2026-08-19T06:19:58.971647+00:00
12,408,Darlow,15,GKP,40,0,0,0.0,0.0,0.0,0,1,0,0,0,2026-08-19T06:19:02.421466+00:00,2026-08-19T06:19:58.971647+00:00
12,409,Dubravka,15,GKP,39,0.2096,0.9366,0.04,0.0384,0.0403,0.0,1,0,0,0,2026-08-19T06:19:02.421466+00:00,2026-08-19T06:19:58.971647+00:00
12,410,Fraser,15,MID,49,0,0,0.0,0.0,0.0,0,1,0,0,0,2026-08-19T06:19:02.421466+00:00,2026-08-19T06:19:58.971647+00:00
12,411,Gillespie,15,GKP,39,0.1604,0.7363,0.04,0.0384,0.0403,0.0,1,0,0,0,2026-08-19T06:19:02.421466+00:00,2026-08-19T06:19:58.971647+00:00
12,412,Gordon,15,MID,58,1.058,1.859,0.24,0.2128,0.2402,0.0048,1,2,90,1,2026-08-19T06:19:02.421466+00:00,2026-08-19T06:19:58.971647+00:00
12,413,Hayden,15,MID,44,0,0,0.0,0.0,0.0,0,1,0,0,0,2026-08-19T06:19:02.421466+00:00,2026-08-19T06:19:58.971647+00:00
12,414,Hendrick,15,MID,44,0,0,0.0,0.0,0.0,0,1,0,0,0,2026-08-19T06:19:02.421466+00:00,2026-08-19T06:19:58.971647+00:00
12,415,Isak,15,FWD,74,1.5376,2.3944,0.28,0.2016,0.2765,0.0156,1,0,0,0,2026-08-19T06:19:02.421466+00:00,2026-08-19T06:19:58.971647+00:00
12,416,Joelinton,15,MID,58,1.1536,1.7857,0.28,0.2016,0.2765,0.0036,1,2,90,1,2026-08-19T06:19:02.421466+00:00,2026-08-19T06:19:58.971647+00:00
12,417,Krafth,15,DEF,44,0.5096,1.1853,0.1,0.198,0.1088,0.0,1,1,1,0,2026-08-19T06:19:02.421466+00:00,2026-08-19T06:19:58.971647+00:00
12,418,Kuol,15,MID,45,0,0,0.0,0.0,0.0,0,1,0,0,0,2026-08-19T06:19:02.421466+00:00,2026-08-19T06:19:58.971647+00:00
12,419,Lascelles,15,DEF,41,0,0,0.0,0.0,0.0,0,1,0,90,1,2026-08-19T06:19:02.421466+00:00,2026-08-19T06:19:58.971647+00:00
12,420,J.Lewis,15,DEF,40,0,0,0.0,0.0,0.0,0,1,0,0,0,2026-08-19T06:19:02.421466+00:00,2026-08-19T06:19:58.971647+00:00
12,421,Longstaff,15,MID,49,0.884,1.5769,0.28,0.1584,0.2731,0.0032,1,2,90,1,2026-08-19T06:19:02.421466+00:00,2026-08-19T06:19:58.971647+00:00
12,422,Manquillo,15,DEF,40,0,0,0.0,0.0,0.0,0,1,0,0,0,2026-08-19T06:19:02.421466+00:00,2026-08-19T06:19:58.971647+00:00
12,423,J.Murphy,15,MID,48,0.6476,1.1737,0.18,0.1804,0.1818,0.0004,1,0,0,0,2026-08-19T06:19:02.421466+00:00,2026-08-19T06:19:58.971647+00:00
12,424,Pope,15,GKP,55,2.7052,2.0591,0.88,0.0096,0.8192,0.0004,1,4,90,1,2026-08-19T06:19:02.421466+00:00,2026-08-19T06:19:58.971647+00:00
12,425,Ritchie,15,MID,44,0.4384,0.8873,0.1,0.198,0.1088,0.0,1,1,59,1,2026-08-19T06:19:02.421466+00:00,2026-08-19T06:19:58.971647+00:00
12,426,Saint-Maximin,15,MID,60,0,0,0.0,0.0,0.0,0,1,0,0,0,2026-08-19T06:19:02.421466+00:00,2026-08-19T06:19:58.971647+00:00
12,427,Schär,15,DEF,52,1.4984,2.125,0.48,0.1144,0.4556,0.004,1,1,90,1,2026-08-19T06:19:02.421466+00:00,2026-08-19T06:19:58.971647+00:00
12,428,Targett,15,DEF,43,0,0,0.0,0.0,0.0,0,1,0,0,0,2026-08-19T06:19:02.421466+00:00,2026-08-19T06:19:58.971647+00:00
12,429,Tonali,15,MID,53,0,0,0.0,0.0,0.0,0,1,0,0,0,2026-08-19T06:19:02.421466+00:00,2026-08-19T06:19:58.971647+00:00
12,430,Trippier,15,DEF,70,2.066,2.5483,0.48,0.1456,0.458,0.0148,1,1,90,1,2026-08-19T06:19:02.421466+00:00,2026-08-19T06:19:58.971647+00:00
12,431,Watts,15,DEF,40,0,0,0.0,0.0,0.0,0,1,0,0,0,2026-08-19T06:19:02.421466+00:00,2026-08-19T06:19:58.971647+00:00
12,432,Willock,15,MID,53,0,0,0.0,0.0,0.0,0,1,2,90,1,2026-08-19T06:19:02.421466+00:00,2026-08-19T06:19:58.971647+00:00
12,433,Wilson,15,FWD,79,1.5824,2.5869,0.28,0.2016,0.2765,0.0208,1,0,0,0,2026-08-19T06:19:02.421466+00:00,2026-08-19T06:19:58.971647+00:00
12,580,Karius,15,GKP,39,0.1684,0.783,0.04,0.0384,0.0403,0.0,1,0,0,0,2026-08-19T06:19:02.421466+00:00,2026-08-19T06:19:58.971647+00:00
12,581,Dummett,15,DEF,39,0.478,1.113,0.1,0.198,0.1088,0.0004,1,0,0,0,2026-08-19T06:19:02.421466+00:00,2026-08-19T06:19:58.971647+00:00
12,603,Barnes,15,MID,62,1.5584,1.9529,0.45,0.154,0.4308,0.0088,1,0,0,0,2026-08-19T06:19:02.421466+00:00,2026-08-19T06:19:58.971647+00:00
12,633,Livramento,15,DEF,43,0,0,0.0,0.0,0.0,0,1,0,45,1,2026-08-19T06:19:02.421466+00:00,2026-08-19T06:19:58.971647+00:00
12,634,A.Murphy,15,DEF,39,0.4804,1.132,0.1,0.198,0.1088,0.0004,1,0,0,0,2026-08-19T06:19:02.421466+00:00,2026-08-19T06:19:58.971647+00:00
12,635,Miley,15,MID,45,0,0,0.0,0.0,0.0,0,1,2,65,1,2026-08-19T06:19:02.421466+00:00,2026-08-19T06:19:58.971647+00:00
12,738,Diallo,15,MID,45,0.4412,0.9523,0.1,0.198,0.1088,0.0004,1,0,0,0,2026-08-19T06:19:02.421466+00:00,2026-08-19T06:19:58.971647+00:00
12,739,Parkinson,15,FWD,45,0.4556,0.9071,0.1,0.198,0.1088,0.0004,1,1,24,0,2026-08-19T06:19:02.421466+00:00,2026-08-19T06:19:58.971647+00:00
12,745,Ndiweni,15,FWD,44,0,0,0.0,0.0,0.0,0,1,,,,2026-08-19T06:19:02.421466+00:00,
12,794,White,15,MID,45,0.4784,0.9738,0.1,0.198,0.1088,0.0004,1,,,,2026-08-19T06:19:02.421466+00:00,
12,795,Hernes,15,MID,45,0.4404,0.9796,0.1,0.198,0.1088,0.0012,1,,,,2026-08-19T06:19:02.421466+00:00,
12,23,Tavares,16,DEF,40,0.4412,1.0291,0.1,0.198,0.1088,0.0,1,0,0,0,2026-08-19T06:19:02.421466+00:00,2026-08-19T06:19:58.971647+00:00
12,28,Turner,16,GKP,41,2.8208,2.0554,0.9,0.004,0.8373,0.0,1,0,0,0,2026-08-19T06:19:02.421466+00:00,2026-08-19T06:19:58.971647+00:00
12,205,Hudson-Odoi,16,MID,49,0.9144,1.4045,0.28,0.1584,0.2731,0.0008,1,0,0,0,2026-08-19T06:19:02.421466+00:00,2026-08-19T06:19:58.971647+00:00
12,378,Elanga,16,MID,50,1.09,1.7364,0.28,0.1584,0.2731,0.0032,1,6,90,1,2026-08-19T06:19:02.421466+00:00,2026-08-19T06:19:58.971647+00:00
12,434,B.Aguilera,16,MID,45,0,0,0.0,0.0,0.0,0,1,0,0,0,2026-08-19T06:19:02.421466+00:00,2026-08-19T06:19:58.971647+00:00
12,435,Arter,16,MID,44,0.4816,0.9788,0.1,0.198,0.1088,0.0,1,0,0,0,2026-08-19T06:19:02.421466+00:00,2026-08-19T06:19:58.971647+00:00
12,436,Aurier,16,DEF,45,0,0,0.0,0.0,0.0,0,1,1,14,0,2026-08-19T06:19:02.421466+00:00,2026-08-19T06:19:58.971647+00:00
12,437,Awoniyi,16,FWD,64,1.2032,1.8448,0.28,0.2016,0.2765,0.0044,1,6,75,1,2026-08-19T06:19:02.421466+00:00,2026-08-19T06:19:58.971647+00:00
12,438,Biancone,16,DEF,39,0,0,0.0,0.0,0.0,0,1,0,0,0,2026-08-19T06:19:02.421466+00:00,2026-08-19T06:19:58.971647+00:00
12,439,Boly,16,DEF,45,0.9152,1.8637,0.22,0.1716,0.2183,0.0072,1,1,14,0,2026-08-19T06:19:02.421466+00:00,2026-08-19T06:19:58.971647+00:00
12,440,Bowler,16,MID,45,0,0,0.0,0.0,0.0,0,1,0,0,0,2026-08-19T06:19:02.421466+00:00,2026-08-19T06:19:58.971647+00:00
12,441,Cook,16,DEF,45,0,0,0.0,0.0,0.0,0,1,0,0,0,2026-08-19T06:19:02.421466+00:00,2026-08-19T06:19:58.971647+00:00
12,442,Danilo,16,MID,53,0.8832,1.3617,0.28,0.1584,0.2731,0.0004,1,1,45,1,2026-08-19T06:19:02.421466+00:00,2026-08-19T06:19:58.971647+00:00
12,443,Dennis,16,FWD,48,0,0,0.0,0.0,0.0,0,1,0,0,0,2026-08-19T06:19:02.421466+00:00,2026-08-19T06:19:58.971647+00:00
12,444,Dräger,16,DEF,40,0,0,0.0,0.0,0.0,0,1,0,0,0,2026-08-19T06:19:02.421466+00:00,2026-08-19T06:19:58.971647+00:00
12,445,Felipe,16,DEF,44,0.8288,1.8027,0.22,0.1716,0.2183,0.0076,1,0,0,0,2026-08-19T06:19:02.421466+00:00,2026-08-19T06:19:58.971647+00:00
12,446,Freuler,16,MID,49,0,0,0.0,0.0,0.0,0,1,0,0,0,2026-08-19T06:19:02.421466+00:00,2026-08-19T06:19:58.971647+00:00
12,447,Gibbs-White,16,MID,57,1.522,1.8546,0.48,0.1456,0.458,0.004,1,5,90,1,2026-08-19T06:19:02.421466+00:00,2026-08-19T06:19:58.971647+00:00
12,448,Hennessey,16,GKP,40,0.1732,0.8017,0.04,0.0384,0.0403,0.0,1,0,0,0,2026-08-19T06:19:02.421466+00:00,2026-08-19T06:19:58.971647+00:00
12,449,Horvath,16,GKP,43,0,0,0.0,0.0,0.0,0,1,0,0,0,2026-08-19T06:19:02.421466+00:00,2026-08-19T06:19:58.971647+00:00
12,451,Kouyaté,16,MID,48,0.6508,1.1912,0.18,0.1804,0.1818,0.0,1,0,0,0,2026-08-19T06:19:02.421466+00:00,2026-08-19T06:19:58.971647+00:00
12,452,Laryea,16,DEF,45,0,0,0.0,0.0,0.0,0,1,0,0,0,2026-08-19T06:19:02.421466+00:00,2026-08-19T06:19:58.971647+00:00
12,453,Mangala,16,MID,50,0,0,0.0,0.0,0.0,0,1,2,90,1,2026-08-19T06:19:02.421466+00:00,2026-08-19T06:19:58.971647+00:00
12,454,Mbe Soh,16,DEF,40,0,0,0.0,0.0,0.0,0,1,0,0,0,2026-08-19T06:19:02.421466+00:00,2026-08-19T06:19:58.971647+00:00
12,455,McKenna,16,DEF,45,0,0,0.0,0.0,0.0,0,1,0,0,0,2026-08-19T06:19:02.421466+00:00,2026-08-19T06:19:58.971647+00:00
12,456,Mighten,16,MID,44,0,0,0.0,0.0,0.0,0,1,0,0,0,2026-08-19T06:19:02.421466+00:00,2026-08-19T06:19:58.971647+00:00
12,457,Niakhaté,16,DEF,45,0.7468,1.455,0.22,0.1716,0.2183,0.0012,1,0,90,1,2026-08-19T06:19:02.421466+00:00,2026-08-19T06:19:58.971647+00:00
12,458,O'Brien,16,MID,49,0,0,0.0,0.0,0.0,0,1,0,0,0,2026-08-19T06:19:02.421466+00:00,2026-08-19T06:19:58.971647+00:00
12,459,Ojeda,16,MID,45,0,0,0.0,0.0,0.0,0,1,0,0,0,2026-08-19T06:19:02.421466+00:00,2026-08-19T06:19:58.971647+00:00
12,460,Panzo,16,DEF,40,0,0,0.0,0.0,0.0,0,1,0,0,0,2026-08-19T06:19:02.421466+00:00,2026-08-19T06:19:58.971647+00:00
12,461,O.Richards,16,DEF,44,0,0,0.0,0.0,0.0,0,1,0,0,0,2026-08-19T06:19:02.421466+00:00,2026-08-19T06:19:58.971647+00:00
12,462,G.Scarpa,16,MID,45,0,0,0.0,0.0,0.0,0,1,0,0,0,2026-08-19T06:19:02.421466+00:00,2026-08-19T06:19:58.971647+00:00
12,463,J.Shelvey,16,MID,48,0,0,0.0,0.0,0.0,0,1,0,0,0,2026-08-19T06:19:02.421466+00:00,2026-08-19T06:19:58.971647+00:00
12,464,Surridge,16,FWD,45,0,0,0.0,0.0,0.0,0,1,0,0,0,2026-08-19T06:19:02.421466+00:00,2026-08-19T06:19:58.971647+00:00
12,465,Toffolo,16,DEF,44,0.7724,1.5365,0.22,0.1716,0.2183,0.0032,1,1,90,1,2026-08-19T06:19:02.421466+00:00,2026-08-19T06:19:58.971647+00:00
12,466,Ui-jo,16,FWD,44,0,0,0.0,0.0,0.0,0,1,0,0,0,2026-08-19T06:19:02.421466+00:00,2026-08-19T06:19:58.971647+00:00
12,467,Williams,16,DEF,43,0,0,0.0,0.0,0.0,0,1,0,0,0,2026-08-19T06:19:02.421466+00:00,2026-08-19T06:19:58.971647+00:00
12,468,Wood,16,FWD,49,0.7048,1.3398,0.18,0.1804,0.1818,0.002,1,1,14,0,2026-08-19T06:19:02.421466+00:00,2026-08-19T06:19:58.971647+00:00
12,469,Worrall,16,DEF,44,0,0,0.0,0.0,0.0,0,1,0,0,0,2026-08-19T06:19:02.421466+00:00,2026-08-19T06:19:58.971647+00:00
12,470,Yates,16,MID,49,0.8672,1.3705,0.28,0.1584,0.2731,0.0008,1,0,0,0,2026-08-19T06:19:02.421466+00:00,2026-08-19T06:19:58.971647+00:00
12,604,Aina,16,DEF,45,0.7116,1.4769,0.22,0.1716,0.2183,0.0008,1,4,75,1,2026-08-19T06:19:02.421466+00:00,2026-08-19T06:19:58.971647+00:00
12,636,G.Shelvey,16,GKP,40,0,0,0.0,0.0,0.0,0,1,0,0,0,2026-08-19T06:19:02.421466+00:00,2026-08-19T06:19:58.971647+00:00
12,637,Powell,16,DEF,40,0.49,1.16,0.1,0.198,0.1088,0.0004,1,0,0,0,2026-08-19T06:19:02.421466+00:00,2026-08-19T06:19:58.971647+00:00
12,679,G.Montiel,16,DEF,45,0.4672,1.1217,0.1,0.198,0.1088,0.0012,1,0,0,0,2026-08-19T06:19:02.421466+00:00,2026-08-19T06:19:58.971647+00:00
12,696,Murillo,16,DEF,45,0.7852,1.594,0.22,0.1716,0.2183,0.0032,1,1,75,1,2026-08-19T06:19:02.421466+00:00,2026-08-19T06:19:58.971647+00:00
12,710,Odysseas,16,GKP,45,0.1924,0.8307,0.04,0.0384,0.0403,0.0,1,2,90,1,2026-08-19T06:19:02.421466+00:00,2026-08-19T06:19:58.971647+00:00
12,711,Omobamidele,16,DEF,45,0.486,1.1239,0.1,0.198,0.1088,0.0004,1,0,0,0,2026-08-19T06:19:02.421466+00:00,2026-08-19T06:19:58.971647+00:00
12,712,Dominguez,16,MID,50,0,0,0.0,0.0,0.0,0,1,1,45,1,2026-08-19T06:19:02.421466+00:00,2026-08-19T06:19:58.971647+00:00
12,713,Sangaré,16,MID,50,0.764,1.2123,0.28,0.1584,0.2731,0.0,1,2,89,1,2026-08-19T06:19:02.421466+00:00,2026-08-19T06:19:58.971647+00:00
12,714,Origi,16,FWD,50,0.6776,1.1852,0.18,0.1804,0.1818,0.0012,1,1,1,0,2026-08-19T06:19:02.421466+00:00,2026-08-19T06:19:58.971647+00:00
12,779,McDonnell,16,MID,45,0.474,0.9437,0.1,0.198,0.1088,0.0004,1,,,,2026-08-19T06:19:02.421466+00:00,
12,780,Osong,16,FWD,45,0.4344,0.8743,0.1,0.198,0.1088,0.0,1,,,,2026-08-19T06:19:02.421466+00:00,
12,781,Gardner,16,FWD,45,0.4388,0.9078,0.1,0.198,0.1088,0.0004,1,,,,2026-08-19T06:19:02.421466+00:00,
12,801,Reyna,16,MID,46,0.6348,1.129,0.18,0.1804,0.1818,0.0004,1,,,,2026-08-19T06:19:02.421466+00:00,
12,808,Sels,16,GKP,45,0.154,0.7256,0.04,0.0384,0.0403,0.0,1,,,,2026-08-19T06:19:02.421466+00:00,
12,809,Ribeiro,16,FWD,45,0.4452,0.9038,0.1,0.198,0.1088,0.0,1,,,,2026-08-19T06:19:02.421466+00:00,
12,27,Trusty,17,DEF,39,0.7168,1.3916,0.22,0.1716,0.2183,0.0,1,2,90,1,2026-08-19T06:19:02.421466+00:00,2026-08-19T06:19:58.971647+00:00
12,33,Archer,17,FWD,46,1.0184,1.5517,0.28,0.1584,0.2731,0.0012,1,2,90,1,2026-08-19T06:19:02.421466+00:00,2026-08-19T06:19:58.971647+00:00
12,255,Holgate,17,DEF,40,0.8192,1.5936,0.22,0.1716,0.2183,0.002,1,0,0,0,2026-08-19T06:19:02.421466+00:00,2026-08-19T06:19:58.971647+00:00
12,360,McAtee,17,MID,44,0.9124,1.3407,0.28,0.1584,0.2731,0.0004,1,2,84,1,2026-08-19T06:19:02.421466+00:00,2026-08-19T06:19:58.971647+00:00
12,471,Ahmedhodžić,17,DEF,43,0.7368,1.6119,0.22,0.1716,0.2183,0.0036,1,0,0,0,2026-08-19T06:19:02.421466+00:00,2026-08-19T06:19:58.971647+00:00
12,472,Amissah,17,GKP,39,0.15,0.7137,0.04,0.0384,0.0403,0.0,1,0,0,0,2026-08-19T06:19:02.421466+00:00,2026-08-19T06:19:58.971647+00:00
12,473,Baldock,17,DEF,38,0,0,0.0,0.0,0.0,0,1,2,90,1,2026-08-19T06:19:02.421466+00:00,2026-08-19T06:19:58.971647+00:00
12,474,Basham,17,DEF,40,0,0,0.0,0.0,0.0,0,1,0,0,0,2026-08-19T06:19:02.421466+00:00,2026-08-19T06:19:58.971647+00:00
12,476,Bogle,17,DEF,45,0.7892,1.617,0.22,0.1716,0.2183,0.0032,1,4,90,1,2026-08-19T06:19:02.421466+00:00,2026-08-19T06:19:58.971647+00:00
12,477,Brewster,17,FWD,49,0.594,1.0918,0.18,0.1804,0.1818,0.0008,1,0,0,0,2026-08-19T06:19:02.421466+00:00,2026-08-19T06:19:58.971647+00:00
12,478,Coulibaly,17,MID,44,0,0,0.0,0.0,0.0,0,1,0,0,0,2026-08-19T06:19:02.421466+00:00,2026-08-19T06:19:58.971647+00:00
12,479,A.Davies,17,GKP,40,0.1528,0.7223,0.04,0.0384,0.0403,0.0,1,0,0,0,2026-08-19T06:19:02.421466+00:00,2026-08-19T06:19:58.971647+00:00
12,480,Egan,17,DEF,43,0.424,0.9886,0.11,0.1958,0.118,0.0,1,0,0,0,2026-08-19T06:19:02.421466+00:00,2026-08-19T06:19:58.971647+00:00
12,481,Fleck,17,MID,49,0,0,0.0,0.0,0.0,0,1,0,0,0,2026-08-19T06:19:02.421466+00:00,2026-08-19T06:19:58.971647+00:00
12,482,Foderingham,17,GKP,45,3.3992,2.279,0.9,0.004,0.8373,0.006,1,5,90,1,2026-08-19T06:19:02.421466+00:00,2026-08-19T06:19:58.971647+00:00
12,483,Jebbison,17,FWD,48,0.6532,1.1644,0.18,0.1804,0.1818,0.0004,1,0,0,0,2026-08-19T06:19:02.421466+00:00,2026-08-19T06:19:58.971647+00:00
12,484,Lowe,17,DEF,43,0.5048,1.1792,0.1,0.198,0.1088,0.0,1,0,0,0,2026-08-19T06:19:02.421466+00:00,2026-08-19T06:19:58.971647+00:00
12,485,McBurnie,17,FWD,54,1.1696,1.8704,0.28,0.1584,0.2731,0.0064,1,0,0,0,2026-08-19T06:19:02.421466+00:00,2026-08-19T06:19:58.971647+00:00
12,486,Ndiaye,17,FWD,55,0,0,0.0,0.0,0.0,0,1,0,0,0,2026-08-19T06:19:02.421466+00:00,2026-08-19T06:19:58.971647+00:00
12,487,Norrington-Davies,17,DEF,39,0,0,0.0,0.0,0.0,0,1,0,0,0,2026-08-19T06:19:02.421466+00:00,2026-08-19T06:19:58.971647+00:00
12,488,Norwood,17,MID,48,1.4172,1.7284,0.48,0.1144,0.4556,0.002,1,2,90,1,2026-08-19T06:19:02.421466+00:00,2026-08-19T06:19:58.971647+00:00
12,489,Osborn,17,MID,48,0.5496,1.0408,0.14,0.1892,0.1453,0.0,1,1,38,0,2026-08-19T06:19:02.421466+00:00,2026-08-19T06:19:58.971647+00:00
12,490,Osula,17,FWD,43,0.856,1.3044,0.28,0.1584,0.2731,0.0012,1,1,1,0,2026-08-19T06:19:02.421466+00:00,2026-08-19T06:19:58.971647+00:00
12,576,Robinson,17,DEF,44,0.7324,1.4168,0.22,0.1716,0.2183,0.0012,1,1,90,1,2026-08-19T06:19:02.421466+00:00,2026-08-19T06:19:58.971647+00:00
12,587,Slimane,17,MID,47,0.7212,1.2643,0.18,0.1804,0.1818,0.0004,1,1,5,0,2026-08-19T06:19:02.421466+00:00,2026-08-19T06:19:58.971647+00:00
12,592,Larouci,17,DEF,43,0.4408,1.0521,0.1,0.198,0.1088,0.0008,1,0,0,0,2026-08-19T06:19:02.421466+00:00,2026-08-19T06:19:58.971647+00:00
12,593,T.Bénie,17,FWD,52,0,0,0.0,0.0,0.0,0,1,0,0,0,2026-08-19T06:19:02.421466+00:00,2026-08-19T06:19:58.971647+00:00
12,638,Vini Souza,17,MID,50,1.2584,1.4127,0.48,0.1144,0.4556,0.0004,1,1,51,1,2026-08-19T06:19:02.421466+00:00,2026-08-19T06:19:58.971647+00:00
12,653,Seriki,17,DEF,40,0,0,0.0,0.0,0.0,0,1,0,0,0,2026-08-19T06:19:02.421466+00:00,2026-08-19T06:19:58.971647+00:00
12,654,Marsh,17,FWD,45,0,0,0.0,0.0,0.0,0,1,0,0,0,2026-08-19T06:19:02.421466+00:00,2026-08-19T06:19:58.971647+00:00
12,655,Brooks,17,MID,45,0.458,0.9303,0.1,0.198,0.1088,0.0,1,0,0,0,2026-08-19T06:19:02.421466+00:00,2026-08-19T06:19:58.971647+00:00
12,656,Hackford,17,FWD,45,0,0,0.0,0.0,0.0,0,1,0,0,0,2026-08-19T06:19:02.421466+00:00,2026-08-19T06:19:58.971647+00:00
12,663,Hamer,17,MID,50,1.4536,1.7409,0.48,0.1144,0.4556,0.0032,1,2,90,1,2026-08-19T06:19:02.421466+00:00,2026-08-19T06:19:58.971647+00:00
12,666,T.Davies,17,MID,50,0.4472,0.951,0.09,0.2002,0.0997,0.0008,1,0,0,0,2026-08-19T06:19:02.421466+00:00,2026-08-19T06:19:58.971647+00:00
12,693,Thomas,17,DEF,40,0,0,0.0,0.0,0.0,0,1,2,90,1,2026-08-19T06:19:02.421466+00:00,2026-08-19T06:19:58.971647+00:00
12,730,Oné,17,MID,45,0.4664,0.9233,0.1,0.198,0.1088,0.0004,1,0,0,0,2026-08-19T06:19:02.421466+00:00,2026-08-19T06:19:58.971647+00:00
12,731,Buyabu,17,DEF,40,0,0,0.0,0.0,0.0,0,1,0,0,0,2026-08-19T06:19:02.421466+00:00,2026-08-19T06:19:58.971647+00:00
12,759,Peck,17,MID,44,0.4676,0.9418,0.1,0.198,0.1088,0.0,1,,,,2026-08-19T06:19:02.421466+00:00,
12,775,Brereton Díaz,17,MID,50,0.6536,1.1599,0.18,0.1804,0.1818,0.0008,1,,,,2026-08-19T06:19:02.421466+00:00,
12,790,Grbić,17,GKP,45,0.1356,0.6733,0.04,0.0384,0.0403,0.0,1,,,,2026-08-19T06:19:02.421466+00:00,
12,822,Blacker,17,FWD,45,0.4416,0.8498,0.1,0.198,0.1088,0.0,1,,,,2026-08-19T06:19:02.421466+00:00,
12,823,Arblaster,17,MID,45,0.472,1.0,0.1,0.198,0.1088,0.0008,1,,,,2026-08-19T06:19:02.421466+00:00,
12,827,Sasnauskas,17,DEF,40,0.4904,1.144,0.1,0.198,0.1088,0.0,1,,,,2026-08-19T06:19:02.421466+00:00,
12,828,Curtis,17,DEF,40,0.4928,1.1727,0.1,0.198,0.1088,0.0004,1,,,,2026-08-19T06:19:02.421466+00:00,
12,857,Hampson,17,MID,45,0.476,0.9479,0.1,0.198,0.1088,0.0,1,,,,2026-08-19T06:19:02.421466+00:00,
12,450,Johnson,18,MID,58,1.0352,1.6414,0.28,0.2016,0.2765,0.0044,1,9,74,1,2026-08-19T06:19:02.421466+00:00,2026-08-19T06:19:58.971647+00:00
12,491,Austin,18,GKP,39,0.1544,0.7164,0.04,0.0384,0.0403,0.0,1,0,0,0,2026-08-19T06:19:02.421466+00:00,2026-08-19T06:19:58.971647+00:00
12,492,Bentancur,18,MID,54,0.7152,1.3086,0.18,0.1804,0.1818,0.0004,1,0,27,0,2026-08-19T06:19:02.421466+00:00,2026-08-19T06:19:58.971647+00:00
12,493,Bissouma,18,MID,50,0,0,0.0,0.0,0.0,0,1,2,75,1,2026-08-19T06:19:02.421466+00:00,2026-08-19T06:19:58.971647+00:00
12,494,Bryan,18,MID,49,0.6448,1.2541,0.18,0.1804,0.1818,0.002,1,1,15,0,2026-08-19T06:19:02.421466+00:00,2026-08-19T06:19:58.971647+00:00
12,495,Davies,18,DEF,43,0,0,0.0,0.0,0.0,0,1,1,90,1,2026-08-19T06:19:02.421466+00:00,2026-08-19T06:19:58.971647+00:00
12,496,Dier,18,DEF,42,0,0,0.0,0.0,0.0,0,1,1,90,1,2026-08-19T06:19:02.421466+00:00,2026-08-19T06:19:58.971647+00:00
12,497,E.Royal,18,DEF,44,0.4728,1.1364,0.1,0.198,0.1088,0.0012,1,0,90,1,2026-08-19T06:19:02.421466+00:00,2026-08-19T06:19:58.971647+00:00
12,498,Forster,18,GKP,39,0,0,0.0,0.0,0.0,0,1,0,0,0,2026-08-19T06:19:02.421466+00:00,2026-08-19T06:19:58.971647+00:00
12,499,Højbjerg,18,MID,52,0.7076,1.2792,0.18,0.1804,0.1818,0.0012,1,2,90,1,2026-08-19T06:19:02.421466+00:00,2026-08-19T06:19:58.971647+00:00
12,500,Kane,18,FWD,125,0,0,0.0,0.0,0.0,0,1,0,0,0,2026-08-19T06:19:02.421466+00:00,2026-08-19T06:19:58.971647+00:00
12,501,Kulusevski,18,MID,70,1.874,2.2138,0.48,0.1456,0.458,0.0096,1,2,90,1,2026-08-19T06:19:02.421466+00:00,2026-08-19T06:19:58.971647+00:00
12,502,Lloris,18,GKP,48,0,0,0.0,0.0,0.0,0,1,0,0,0,2026-08-19T06:19:02.421466+00:00,2026-08-19T06:19:58.971647+00:00
12,503,Lo Celso,18,MID,48,0.44,0.9344,0.09,0.2002,0.0997,0.0008,1,1,15,0,2026-08-19T06:19:02.421466+00:00,2026-08-19T06:19:58.971647+00:00
12,504,Maddison,18,MID,80,2.1964,2.7497,0.48,0.1456,0.458,0.0224,1,0,0,0,2026-08-19T06:19:02.421466+00:00,2026-08-19T06:19:58.971647+00:00
12,505,Ndombele,18,MID,44,0,0,0.0,0.0,0.0,0,1,0,0,0,2026-08-19T06:19:02.421466+00:00,2026-08-19T06:19:58.971647+00:00
12,506,Pedro Porro,18,DEF,52,1.7988,2.3775,0.48,0.1144,0.4556,0.01,1,5,90,1,2026-08-19T06:19:02.421466+00:00,2026-08-19T06:19:58.971647+00:00
12,507,Perišić,18,DEF,47,0,0,0.0,0.0,0.0,0,1,0,0,0,2026-08-19T06:19:02.421466+00:00,2026-08-19T06:19:58.971647+00:00
12,509,Richarlison,18,MID,67,0,0,0.0,0.0,0.0,0,1,0,0,0,2026-08-19T06:19:02.421466+00:00,2026-08-19T06:19:58.971647+00:00
12,510,Rodon,18,DEF,40,0,0,0.0,0.0,0.0,0,1,0,0,0,2026-08-19T06:19:02.421466+00:00,2026-08-19T06:19:58.971647+00:00
12,511,Romero,18,DEF,50,1.756,2.3687,0.48,0.1144,0.4556,0.0104,1,0,0,0,2026-08-19T06:19:02.421466+00:00,2026-08-19T06:19:58.971647+00:00
12,512,Sánchez,18,DEF,44,0,0,0.0,0.0,0.0,0,1,0,0,0,2026-08-19T06:19:02.421466+00:00,2026-08-19T06:19:58.971647+00:00
12,513,Sarr,18,MID,46,1.474,1.8814,0.48,0.1144,0.4556,0.004,1,3,62,1,2026-08-19T06:19:02.421466+00:00,2026-08-19T06:19:58.971647+00:00
12,514,Sessegnon,18,DEF,44,0,0,0.0,0.0,0.0,0,1,0,0,0,2026-08-19T06:19:02.421466+00:00,2026-08-19T06:19:58.971647+00:00
12,515,Skipp,18,MID,46,0.6456,1.1252,0.18,0.1804,0.1818,0.0004,1,0,0,0,2026-08-19T06:19:02.421466+00:00,2026-08-19T06:19:58.971647+00:00
12,516,Son,18,MID,97,2.6852,3.3392,0.48,0.1456,0.458,0.0468,1,2,90,1,2026-08-19T06:19:02.421466+00:00,2026-08-19T06:19:58.971647+00:00
12,517,Spence,18,DEF,40,0,0,0.0,0.0,0.0,0,1,0,0,0,2026-08-19T06:19:02.421466+00:00,2026-08-19T06:19:58.971647+00:00
12,518,Tanganga,18,DEF,40,0,0,0.0,0.0,0.0,0,1,0,0,0,2026-08-19T06:19:02.421466+00:00,2026-08-19T06:19:58.971647+00:00
12,519,Udogie,18,DEF,48,0,0,0.0,0.0,0.0,0,1,0,0,0,2026-08-19T06:19:02.421466+00:00,2026-08-19T06:19:58.971647+00:00
12,520,Vicario,18,GKP,52,3.1956,2.2656,0.9,0.008,0.8376,0.004,1,1,90,1,2026-08-19T06:19:02.421466+00:00,2026-08-19T06:19:58.971647+00:00
12,521,Whiteman,18,GKP,39,0.182,0.7491,0.04,0.0384,0.0403,0.0,1,0,0,0,2026-08-19T06:19:02.421466+00:00,2026-08-19T06:19:58.971647+00:00
12,583,Solomon,18,MID,52,0,0,0.0,0.0,0.0,0,1,0,0,0,2026-08-19T06:19:02.421466+00:00,2026-08-19T06:19:58.971647+00:00
12,639,Van de Ven,18,DEF,47,1.5304,2.0249,0.48,0.1144,0.4556,0.0024,1,0,0,0,2026-08-19T06:19:02.421466+00:00,2026-08-19T06:19:58.971647+00:00
12,640,Scarlett,18,FWD,45,0.4332,0.8411,0.1,0.198,0.1088,0.0,1,0,0,0,2026-08-19T06:19:02.421466+00:00,2026-08-19T06:19:58.971647+00:00
12,641,Veliz,18,FWD,54,0,0,0.0,0.0,0.0,0,1,0,0,0,2026-08-19T06:19:02.421466+00:00,2026-08-19T06:19:58.971647+00:00
12,702,Phillips,18,DEF,40,0,0,0.0,0.0,0.0,0,1,0,0,0,2026-08-19T06:19:02.421466+00:00,2026-08-19T06:19:58.971647+00:00
12,722,Donley,18,FWD,45,0.4256,0.8827,0.1,0.198,0.1088,0.0004,1,0,0,0,2026-08-19T06:19:02.421466+00:00,2026-08-19T06:19:58.971647+00:00
12,740,Dorrington,18,DEF,40,0.4712,1.0966,0.1,0.198,0.1088,0.0004,1,0,0,0,2026-08-19T06:19:02.421466+00:00,2026-08-19T06:19:58.971647+00:00
12,754,Yago Santiago,18,MID,45,0.4552,0.9219,0.1,0.198,0.1088,0.0,1,,,,2026-08-19T06:19:02.421466+00:00,
12,776,Werner,18,FWD,63,0,0,0.0,0.0,0.0,0,1,,,,2026-08-19T06:19:02.421466+00:00,
12,777,Drăgușin,18,DEF,42,0.46,1.1154,0.1,0.198,0.1088,0.0004,1,,,,2026-08-19T06:19:02.421466+00:00,
12,860,Moore,18,MID,45,0.4688,0.9246,0.1,0.198,0.1088,0.0004,1,,,,2026-08-19T06:19:02.421466+00:00,
12,862,Hall,18,MID,45,0.4616,0.9667,0.1,0.198,0.1088,0.0,1,,,,2026-08-19T06:19:02.421466+00:00,
12,364,Phillips,19,MID,48,0.7116,1.296,0.18,0.1804,0.1818,0.0012,1,0,0,0,2026-08-19T06:19:02.421466+00:00,2026-08-19T06:19:58.971647+00:00
12,522,N.Aguerd,19,DEF,45,0.5232,1.2626,0.11,0.1958,0.118,0.002,1,1,90,1,2026-08-19T06:19:02.421466+00:00,2026-08-19T06:19:58.971647+00:00
12,523,Antonio,19,FWD,58,1.8064,2.1656,0.48,0.1456,0.458,0.0092,1,1,11,0,2026-08-19T06:19:02.421466+00:00,2026-08-19T06:19:58.971647+00:00
12,524,Areola,19,GKP,43,3.6448,2.3681,0.9,0.004,0.8373,0.002,1,2,90,1,2026-08-19T06:19:02.421466+00:00,2026-08-19T06:19:58.971647+00:00
12,525,Benrahma,19,MID,57,0,0,0.0,0.0,0.0,0,1,0,0,0,2026-08-19T06:19:02.421466+00:00,2026-08-19T06:19:58.971647+00:00
12,526,Bowen,19,MID,76,2.6204,3.2242,0.48,0.1456,0.458,0.0404,1,8,90,1,2026-08-19T06:19:02.421466+00:00,2026-08-19T06:19:58.971647+00:00
12,527,Cornet,19,MID,53,0.7448,1.4027,0.18,0.1804,0.1818,0.0024,1,0,0,0,2026-08-19T06:19:02.421466+00:00,2026-08-19T06:19:58.971647+00:00
12,528,Coufal,19,DEF,46,1.8384,2.3191,0.48,0.1144,0.4556,0.0044,1,0,90,1,2026-08-19T06:19:02.421466+00:00,2026-08-19T06:19:58.971647+00:00
12,529,Coventry,19,MID,44,0,0,0.0,0.0,0.0,0,1,0,0,0,2026-08-19T06:19:02.421466+00:00,2026-08-19T06:19:58.971647+00:00
12,530,Cresswell,19,DEF,42,0.4856,1.1327,0.1,0.198,0.1088,0.0004,1,1,1,0,2026-08-19T06:19:02.421466+00:00,2026-08-19T06:19:58.971647+00:00
12,531,Downes,19,MID,50,0,0,0.0,0.0,0.0,0,1,0,0,0,2026-08-19T06:19:02.421466+00:00,2026-08-19T06:19:58.971647+00:00
12,532,Emerson,19,DEF,45,0.9348,1.7868,0.22,0.1716,0.2183,0.0028,1,1,90,1,2026-08-19T06:19:02.421466+00:00,2026-08-19T06:19:58.971647+00:00
12,533,Fabianski,19,GKP,42,0.18,0.838,0.04,0.0384,0.0403,0.0,1,0,0,0,2026-08-19T06:19:02.421466+00:00,2026-08-19T06:19:58.971647+00:00
12,534,P.Fornals,19,MID,47,0,0,0.0,0.0,0.0,0,1,0,0,0,2026-08-19T06:19:02.421466+00:00,2026-08-19T06:19:58.971647+00:00
12,535,Ings,19,FWD,56,1.3596,1.7187,0.45,0.154,0.4308,0.0024,1,0,0,0,2026-08-19T06:19:02.421466+00:00,2026-08-19T06:19:58.971647+00:00
12,536,Johnson,19,DEF,44,0.8436,1.5731,0.22,0.1716,0.2183,0.0004,1,0,0,0,2026-08-19T06:19:02.421466+00:00,2026-08-19T06:19:58.971647+00:00
12,537,Kehrer,19,DEF,43,0,0,0.0,0.0,0.0,0,1,0,0,0,2026-08-19T06:19:02.421466+00:00,2026-08-19T06:19:58.971647+00:00
12,538,Mubama,19,FWD,43,0.4244,0.8522,0.1,0.198,0.1088,0.0,1,0,0,0,2026-08-19T06:19:02.421466+00:00,2026-08-19T06:19:58.971647+00:00
12,539,L.Paquetá,19,MID,60,1.6408,2.2078,0.48,0.1456,0.458,0.0088,1,9,90,1,2026-08-19T06:19:02.421466+00:00,2026-08-19T06:19:58.971647+00:00
12,541,Scamacca,19,FWD,60,0,0,0.0,0.0,0.0,0,1,0,0,0,2026-08-19T06:19:02.421466+00:00,2026-08-19T06:19:58.971647+00:00
12,542,Souček,19,MID,49,1.8452,2.3732,0.48,0.1144,0.4556,0.012,1,7,90,1,2026-08-19T06:19:02.421466+00:00,2026-08-19T06:19:58.971647+00:00
12,543,Vlašić,19,MID,45,0,0,0.0,0.0,0.0,0,1,0,0,0,2026-08-19T06:19:02.421466+00:00,2026-08-19T06:19:58.971647+00:00
12,544,Zouma,19,DEF,45,1.0032,1.9264,0.22,0.1716,0.2183,0.006,1,1,90,1,2026-08-19T06:19:02.421466+00:00,2026-08-19T06:19:58.971647+00:00
12,577,Ogbonna,19,DEF,44,0.5164,1.2731,0.1,0.198,0.1088,0.0024,1,1,1,0,2026-08-19T06:19:02.421466+00:00,2026-08-19T06:19:58.971647+00:00
12,642,Álvarez,19,MID,50,1.2412,1.5406,0.48,0.1144,0.4556,0.0008,1,2,78,1,2026-08-19T06:19:02.421466+00:00,2026-08-19T06:19:58.971647+00:00
12,647,Anang,19,GKP,40,0.1964,0.8484,0.04,0.0384,0.0403,0.0,1,0,0,0,2026-08-19T06:19:02.421466+00:00,2026-08-19T06:19:58.971647+00:00
12,664,Ward-Prowse,19,MID,61,2.1684,2.6776,0.48,0.1456,0.458,0.0208,1,11,90,1,2026-08-19T06:19:02.421466+00:00,2026-08-19T06:19:58.971647+00:00
12,676,Mavropanos,19,DEF,45,0.5116,1.2218,0.1,0.198,0.1088,0.0008,1,0,0,0,2026-08-19T06:19:02.421466+00:00,2026-08-19T06:19:58.971647+00:00
12,689,Kudus,19,MID,65,1.7172,2.1953,0.45,0.154,0.4308,0.0092,1,1,90,1,2026-08-19T06:19:02.421466+00:00,2026-08-19T06:19:58.971647+00:00
12,773,Orford,19,MID,45,0.4556,0.9353,0.1,0.198,0.1088,0.0004,1,,,,2026-08-19T06:19:02.421466+00:00,
12,774,Casey,19,DEF,40,0.5148,1.1638,0.1,0.198,0.1088,0.0,1,,,,2026-08-19T06:19:02.421466+00:00,
12,784,Scarles,19,DEF,40,0.5264,1.2631,0.1,0.198,0.1088,0.0012,1,,,,2026-08-19T06:19:02.421466+00:00,
12,785,Marshall,19,FWD,45,0,0,0.0,0.0,0.0,0,1,,,,2026-08-19T06:19:02.421466+00:00,
12,829,Earthy,19,MID,45,0.4576,0.9553,0.1,0.198,0.1088,0.0004,1,,,,2026-08-19T06:19:02.421466+00:00,
12,351,Doyle,20,MID,44,0.4732,0.9675,0.1,0.198,0.1088,0.0004,1,1,3,0,2026-08-19T06:19:02.421466+00:00,2026-08-19T06:19:58.971647+00:00
12,545,Aït-Nouri,20,DEF,45,0.8812,1.86,0.22,0.1716,0.2183,0.0072,1,1,86,1,2026-08-19T06:19:02.421466+00:00,2026-08-19T06:19:58.971647+00:00
12,546,Bentley,20,GKP,39,0.1932,0.9021,0.04,0.0384,0.0403,0.0004,1,0,0,0,2026-08-19T06:19:02.421466+00:00,2026-08-19T06:19:58.971647+00:00
12,547,Bolla,20,DEF,40,0,0,0.0,0.0,0.0,0,1,0,0,0,2026-08-19T06:19:02.421466+00:00,2026-08-19T06:19:58.971647+00:00
12,548,H.Bueno,20,DEF,44,0.5376,1.3141,0.1,0.198,0.1088,0.0008,1,0,0,0,2026-08-19T06:19:02.421466+00:00,2026-08-19T06:19:58.971647+00:00
12,549,Chiquinho,20,MID,45,0,0,0.0,0.0,0.0,0,1,0,0,0,2026-08-19T06:19:02.421466+00:00,2026-08-19T06:19:58.971647+00:00
12,550,Cundle,20,MID,45,0,0,0.0,0.0,0.0,0,1,0,0,0,2026-08-19T06:19:02.421466+00:00,2026-08-19T06:19:58.971647+00:00
12,551,Dawson,20,DEF,45,0,0,0.0,0.0,0.0,0,1,1,90,1,2026-08-19T06:19:02.421466+00:00,2026-08-19T06:19:58.971647+00:00
12,552,Fábio Silva,20,FWD,53,0,0,0.0,0.0,0.0,0,1,0,0,0,2026-08-19T06:19:02.421466+00:00,2026-08-19T06:19:58.971647+00:00
12,554,Guedes,20,MID,54,0,0,0.0,0.0,0.0,0,1,0,0,0,2026-08-19T06:19:02.421466+00:00,2026-08-19T06:19:58.971647+00:00
12,555,Hodge,20,MID,44,0,0,0.0,0.0,0.0,0,1,0,0,0,2026-08-19T06:19:02.421466+00:00,2026-08-19T06:19:58.971647+00:00
12,556,Hoever,20,DEF,40,0,0,0.0,0.0,0.0,0,1,0,0,0,2026-08-19T06:19:02.421466+00:00,2026-08-19T06:19:58.971647+00:00
12,557,Hee Chan,20,MID,55,2.0616,2.6923,0.48,0.1456,0.458,0.02,1,2,90,1,2026-08-19T06:19:02.421466+00:00,2026-08-19T06:19:58.971647+00:00
12,559,João Gomes,20,MID,49,1.2432,1.4814,0.48,0.1144,0.4556,0.0012,1,1,86,1,2026-08-19T06:19:02.421466+00:00,2026-08-19T06:19:58.971647+00:00
12,560,J.Otto,20,DEF,43,0,0,0.0,0.0,0.0,0,1,0,0,0,2026-08-19T06:19:02.421466+00:00,2026-08-19T06:19:58.971647+00:00
12,561,Jordão,20,MID,44,0.4888,1.0019,0.1,0.198,0.1088,0.0,1,0,0,0,2026-08-19T06:19:02.421466+00:00,2026-08-19T06:19:58.971647+00:00
12,562,Kalajdžić,20,FWD,49,0,0,0.0,0.0,0.0,0,1,1,17,0,2026-08-19T06:19:02.421466+00:00,2026-08-19T06:19:58.971647+00:00
12,563,Kilman,20,DEF,45,0.9336,1.8199,0.22,0.1716,0.2183,0.0044,1,2,90,1,2026-08-19T06:19:02.421466+00:00,2026-08-19T06:19:58.971647+00:00
12,564,King,20,GKP,40,0.1988,0.9066,0.04,0.0384,0.0403,0.0,1,0,0,0,2026-08-19T06:19:02.421466+00:00,2026-08-19T06:19:58.971647+00:00
12,565,Mario Jr.,20,MID,49,1.4536,1.8151,0.48,0.1144,0.4556,0.0036,1,10,90,1,2026-08-19T06:19:02.421466+00:00,2026-08-19T06:19:58.971647+00:00
12,567,Neto,20,MID,56,2.1224,2.6504,0.48,0.1456,0.458,0.0168,1,0,0,0,2026-08-19T06:19:02.421466+00:00,2026-08-19T06:19:58.971647+00:00
12,568,Podence,20,MID,53,0,0,0.0,0.0,0.0,0,1,0,0,0,2026-08-19T06:19:02.421466+00:00,2026-08-19T06:19:58.971647+00:00
12,569,José Sá,20,GKP,50,3.6832,2.3266,0.9,0.008,0.8376,0.0052,1,2,90,1,2026-08-19T06:19:02.421466+00:00,2026-08-19T06:19:58.971647+00:00
12,570,Sarabia,20,MID,47,0.4912,1.1402,0.09,0.2002,0.0997,0.0004,1,11,3,0,2026-08-19T06:19:02.421466+00:00,2026-08-19T06:19:58.971647+00:00
12,571,Šarkić,20,GKP,40,0,0,0.0,0.0,0.0,0,1,0,0,0,2026-08-19T06:19:02.421466+00:00,2026-08-19T06:19:58.971647+00:00
12,572,N.Semedo,20,DEF,45,0,0,0.0,0.0,0.0,0,1,2,66,1,2026-08-19T06:19:02.421466+00:00,2026-08-19T06:19:58.971647+00:00
12,573,Toti,20,DEF,44,0.8356,1.5912,0.22,0.1716,0.2183,0.0012,1,2,90,1,2026-08-19T06:19:02.421466+00:00,2026-08-19T06:19:58.971647+00:00
12,574,Boubacar Traore,20,MID,44,0.4364,0.8935,0.1,0.198,0.1088,0.0,1,0,0,0,2026-08-19T06:19:02.421466+00:00,2026-08-19T06:19:58.971647+00:00
12,590,Cunha,20,FWD,55,1.7128,2.0453,0.48,0.1456,0.458,0.006,1,5,90,1,2026-08-19T06:19:02.421466+00:00,2026-08-19T06:19:58.971647+00:00
12,598,Doherty,20,DEF,43,0.5208,1.2515,0.1,0.198,0.1088,0.0004,1,0,23,0,2026-08-19T06:19:02.421466+00:00,2026-08-19T06:19:58.971647+00:00
12,697,S.Bueno,20,DEF,45,0.5264,1.1958,0.1,0.198,0.1088,0.0008,1,0,0,0,2026-08-19T06:19:02.421466+00:00,2026-08-19T06:19:58.971647+00:00
12,698,González,20,MID,50,0.7428,1.3102,0.18,0.1804,0.1818,0.0004,1,0,0,0,2026-08-19T06:19:02.421466+00:00,2026-08-19T06:19:58.971647+00:00
12,704,Fraser,20,FWD,45,0.4432,0.9351,0.1,0.198,0.1088,0.0,1,0,0,0,2026-08-19T06:19:02.421466+00:00,2026-08-19T06:19:58.971647+00:00
12,715,Bellegarde,20,MID,49,0.6788,1.2212,0.18,0.1804,0.1818,0.0,1,2,72,1,2026-08-19T06:19:02.421466+00:00,2026-08-19T06:19:58.971647+00:00
12,749,Whittingham,20,MID,45,0.472,0.9839,0.1,0.198,0.1088,0.0004,1,,,,2026-08-19T06:19:02.421466+00:00,
12,750,Chirewa,20,MID,44,0.4672,0.9632,0.1,0.198,0.1088,0.0008,1,,,,2026-08-19T06:19:02.421466+00:00,
12,751,Hubner,20,DEF,40,0.5148,1.2339,0.1,0.198,0.1088,0.0,1,,,,2026-08-19T06:19:02.421466+00:00,
12,769,Hesketh,20,MID,45,0,0,0.0,0.0,0.0,0,1,,,,2026-08-19T06:19:02.421466+00:00,
12,770,Barnett,20,MID,45,0.4564,0.9455,0.1,0.198,0.1088,0.0004,1,,,,2026-08-19T06:19:02.421466+00:00,
12,787,Griffiths,20,MID,45,0.5096,0.9797,0.1,0.198,0.1088,0.0,1,,,,2026-08-19T06:19:02.421466+00:00,
12,788,Mosquera,20,DEF,40,0,0,0.0,0.0,0.0,0,1,,,,2026-08-19T06:19:02.421466+00:00,
12,800,N.Lemina,20,MID,50,0.6888,1.329,0.18,0.1804,0.1818,0.0012,1,,,,2026-08-19T06:19:02.421466+00:00,
12,832,Okoduwa,20,DEF,40,0.55,1.3054,0.1,0.198,0.1088,0.002,1,,,,2026-08-19T06:19:02.421466+00:00,
12,836,Chiwome,20,FWD,45,0,0,0.0,0.0,0.0,0,1,,,,2026-08-19T06:19:02.421466+00:00,
12,840,Holman,20,FWD,45,0.4436,0.8781,0.1,0.198,0.1088,0.0,1,,,,2026-08-19T06:19:02.421466+00:00,
12,853,Ojinnaka,20,MID,45,0.4936,1.0264,0.1,0.198,0.1088,0.0004,1,,,,2026-08-19T06:19:02.421466+00:00,
