gw,player_id,web_name,team_id,position,now_cost,mu,sigma,p_start,p_sub,p_60,p_10_plus,n_fixtures,actual_points,actual_minutes,did_start,captured_at,scored_at
15,1,Balogun,1,FWD,44,0,0,0.0,0.0,0.0,0,1,0,0,0,2026-08-19T06:19:06.996889+00:00,2026-08-19T06:19:59.065270+00:00
15,2,Cédric,1,DEF,39,0.444,1.0674,0.1,0.198,0.1088,0.0004,1,0,0,0,2026-08-19T06:19:06.996889+00:00,2026-08-19T06:19:59.065270+00:00
15,3,M.Elneny,1,MID,44,0.4756,0.9933,0.1,0.198,0.1088,0.0004,1,0,0,0,2026-08-19T06:19:06.996889+00:00,2026-08-19T06:19:59.065270+00:00
15,4,Fábio Vieira,1,MID,54,0.7416,1.4118,0.18,0.1804,0.1818,0.0012,1,0,0,0,2026-08-19T06:19:06.996889+00:00,2026-08-19T06:19:59.065270+00:00
15,5,Gabriel,1,DEF,49,1.498,2.0577,0.48,0.1144,0.4556,0.0036,1,1,90,1,2026-08-19T06:19:06.996889+00:00,2026-08-19T06:19:59.065270+00:00
15,6,Havertz,1,MID,71,1.65,2.1881,0.48,0.1456,0.458,0.0116,1,7,90,1,2026-08-19T06:19:06.996889+00:00,2026-08-19T06:19:59.065270+00:00
15,8,G.Jesus,1,FWD,79,1.1584,1.9057,0.28,0.2016,0.2765,0.0064,1,11,90,1,2026-08-19T06:19:06.996889+00:00,2026-08-19T06:19:59.065270+00:00
15,9,Jorginho,1,MID,53,0.9052,1.4501,0.28,0.1584,0.2731,0.002,1,0,0,0,2026-08-19T06:19:06.996889+00:00,2026-08-19T06:19:59.065270+00:00
15,10,Kiwior,1,DEF,43,0.5036,1.171,0.1,0.198,0.1088,0.0008,1,1,63,1,2026-08-19T06:19:06.996889+00:00,2026-08-19T06:19:59.065270+00:00
15,11,Marquinhos,1,MID,45,0,0,0.0,0.0,0.0,0,1,0,0,0,2026-08-19T06:19:06.996889+00:00,2026-08-19T06:19:59.065270+00:00
15,12,Martinelli,1,MID,78,1.8296,2.2601,0.48,0.1456,0.458,0.0116,1,7,63,1,2026-08-19T06:19:06.996889+00:00,2026-08-19T06:19:59.065270+00:00
15,13,Nketiah,1,FWD,56,1.7508,2.113,0.48,0.1456,0.458,0.01,1,0,0,0,2026-08-19T06:19:06.996889+00:00,2026-08-19T06:19:59.065270+00:00
15,14,Ødegaard,1,MID,83,2.2532,2.7146,0.48,0.1456,0.458,0.02,1,5,90,1,2026-08-19T06:19:06.996889+00:00,2026-08-19T06:19:59.065270+00:00
15,15,Thomas,1,MID,48,0.8612,1.2972,0.28,0.1584,0.2731,0.0008,1,0,0,0,2026-08-19T06:19:06.996889+00:00,2026-08-19T06:19:59.065270+00:00
15,16,Pepe,1,MID,49,0,0,0.0,0.0,0.0,0,1,0,0,0,2026-08-19T06:19:06.996889+00:00,2026-08-19T06:19:59.065270+00:00
15,17,Ramsdale,1,GKP,47,0.2812,0.8994,0.08,0.0736,0.0803,0.0,1,0,0,0,2026-08-19T06:19:06.996889+00:00,2026-08-19T06:19:59.065270+00:00
15,18,Rúnarsson,1,GKP,40,0,0,0.0,0.0,0.0,0,1,0,0,0,2026-08-19T06:19:06.996889+00:00,2026-08-19T06:19:59.065270+00:00
15,19,Saka,1,MID,89,1.5472,2.7162,0.24,0.2128,0.2402,0.0248,1,5,90,1,2026-08-19T06:19:06.996889+00:00,2026-08-19T06:19:59.065270+00:00
15,20,Saliba,1,DEF,55,1.6416,2.1572,0.48,0.1456,0.458,0.0052,1,1,90,1,2026-08-19T06:19:06.996889+00:00,2026-08-19T06:19:59.065270+00:00
15,22,Smith Rowe,1,MID,53,0.6828,1.3338,0.18,0.1804,0.1818,0.0032,1,0,0,0,2026-08-19T06:19:06.996889+00:00,2026-08-19T06:19:59.065270+00:00
15,24,Tierney,1,DEF,44,0,0,0.0,0.0,0.0,0,1,0,0,0,2026-08-19T06:19:06.996889+00:00,2026-08-19T06:19:59.065270+00:00
15,25,Tomiyasu,1,DEF,45,0.91,1.6747,0.22,0.1716,0.2183,0.002,1,0,0,0,2026-08-19T06:19:06.996889+00:00,2026-08-19T06:19:59.065270+00:00
15,26,Trossard,1,MID,65,1.4952,2.348,0.28,0.2016,0.2765,0.0148,1,1,26,0,2026-08-19T06:19:06.996889+00:00,2026-08-19T06:19:59.065270+00:00
15,29,White,1,DEF,57,1.8092,2.3217,0.48,0.1456,0.458,0.0072,1,4,90,1,2026-08-19T06:19:06.996889+00:00,2026-08-19T06:19:59.065270+00:00
15,30,Xhaka,1,MID,60,0,0,0.0,0.0,0.0,0,1,0,0,0,2026-08-19T06:19:06.996889+00:00,2026-08-19T06:19:59.065270+00:00
15,31,Zinchenko,1,DEF,52,1.9872,2.3958,0.48,0.1144,0.4556,0.006,1,1,26,0,2026-08-19T06:19:06.996889+00:00,2026-08-19T06:19:59.065270+00:00
15,113,Raya,1,GKP,49,2.554,2.0159,0.88,0.0096,0.8192,0.0008,1,1,90,1,2026-08-19T06:19:06.996889+00:00,2026-08-19T06:19:59.065270+00:00
15,540,Rice,1,MID,54,1.6552,1.9058,0.48,0.1144,0.4556,0.0036,1,9,90,1,2026-08-19T06:19:06.996889+00:00,2026-08-19T06:19:59.065270+00:00
15,578,Nelson,1,MID,49,0.6516,1.1868,0.18,0.1804,0.1818,0.0012,1,0,0,0,2026-08-19T06:19:06.996889+00:00,2026-08-19T06:19:59.065270+00:00
15,585,J.Timber,1,DEF,46,0.7128,1.4094,0.18,0.1804,0.1818,0.0008,1,0,0,0,2026-08-19T06:19:06.996889+00:00,2026-08-19T06:19:59.065270+00:00
15,646,Hein,1,GKP,40,0.1336,0.6554,0.04,0.0384,0.0403,0.0,1,0,0,0,2026-08-19T06:19:06.996889+00:00,2026-08-19T06:19:59.065270+00:00
15,735,Sagoe,1,MID,45,0,0,0.0,0.0,0.0,0,1,0,0,0,2026-08-19T06:19:06.996889+00:00,2026-08-19T06:19:59.065270+00:00
15,736,Walters,1,DEF,40,0.506,1.1479,0.1,0.198,0.1088,0.0008,1,0,0,0,2026-08-19T06:19:06.996889+00:00,2026-08-19T06:19:59.065270+00:00
15,737,Ibrahim,1,MID,45,0,0,0.0,0.0,0.0,0,1,0,0,0,2026-08-19T06:19:06.996889+00:00,2026-08-19T06:19:59.065270+00:00
15,764,Lewis-Skelly,1,MID,45,0.4716,0.9482,0.1,0.198,0.1088,0.0,1,,,,2026-08-19T06:19:06.996889+00:00,
15,772,Nwaneri,1,MID,45,0.4572,0.9177,0.1,0.198,0.1088,0.0,1,,,,2026-08-19T06:19:06.996889+00:00,
15,815,Bandeira,1,MID,45,0.462,0.9153,0.1,0.198,0.1088,0.0004,1,,,,2026-08-19T06:19:06.996889+00:00,
15,817,Sweet,1,DEF,40,0.4668,1.1373,0.1,0.198,0.1088,0.0004,1,,,,2026-08-19T06:19:06.996889+00:00,
15,32,Alex Moreno,2,DEF,50,0.5384,1.3107,0.09,0.2002,0.0997,0.002,1,1,1,0,2026-08-19T06:19:06.996889+00:00,2026-08-19T06:19:59.065270+00:00
15,34,Bailey,2,MID,55,1.3908,2.287,0.28,0.2016,0.2765,0.0136,1,9,84,1,2026-08-19T06:19:06.996889+00:00,2026-08-19T06:19:59.065270+00:00
15,35,Buendia,2,MID,57,0,0,0.0,0.0,0.0,0,1,0,0,0,2026-08-19T06:19:06.996889+00:00,2026-08-19T06:19:59.065270+00:00
15,36,Cash,2,DEF,49,0,0,0.0,0.0,0.0,0,1,0,0,0,2026-08-19T06:19:06.996889+00:00,2026-08-19T06:19:59.065270+00:00
15,37,Chambers,2,DEF,39,0.846,1.6339,0.22,0.1716,0.2183,0.002,1,0,0,0,2026-08-19T06:19:06.996889+00:00,2026-08-19T06:19:59.065270+00:00
15,38,Coutinho,2,MID,58,0,0,0.0,0.0,0.0,0,1,0,0,0,2026-08-19T06:19:06.996889+00:00,2026-08-19T06:19:59.065270+00:00
15,39,Davis,2,FWD,49,0,0,0.0,0.0,0.0,0,1,0,0,0,2026-08-19T06:19:06.996889+00:00,2026-08-19T06:19:59.065270+00:00
15,40,Dendoncker,2,MID,49,0,0,0.0,0.0,0.0,0,1,0,0,0,2026-08-19T06:19:06.996889+00:00,2026-08-19T06:19:59.065270+00:00
15,41,Diego Carlos,2,DEF,44,0.8916,1.7612,0.22,0.1716,0.2183,0.0028,1,6,90,1,2026-08-19T06:19:06.996889+00:00,2026-08-19T06:19:59.065270+00:00
15,42,Digne,2,DEF,47,1.7472,2.3622,0.48,0.1144,0.4556,0.0068,1,6,89,1,2026-08-19T06:19:06.996889+00:00,2026-08-19T06:19:59.065270+00:00
15,43,Douglas Luiz,2,MID,56,2.302,2.7899,0.48,0.1456,0.458,0.0228,1,3,90,1,2026-08-19T06:19:06.996889+00:00,2026-08-19T06:19:59.065270+00:00
15,44,Duran,2,FWD,50,0.6876,1.2941,0.18,0.1804,0.1818,0.0012,1,1,1,0,2026-08-19T06:19:06.996889+00:00,2026-08-19T06:19:59.065270+00:00
15,45,Hause,2,DEF,40,0.5276,1.2281,0.1,0.198,0.1088,0.0,1,0,0,0,2026-08-19T06:19:06.996889+00:00,2026-08-19T06:19:59.065270+00:00
15,46,Iroegbunam,2,MID,44,0.5,1.0365,0.1,0.198,0.1088,0.0,1,0,0,0,2026-08-19T06:19:06.996889+00:00,2026-08-19T06:19:59.065270+00:00
15,47,Kamara,2,MID,50,0,0,0.0,0.0,0.0,0,1,2,90,1,2026-08-19T06:19:06.996889+00:00,2026-08-19T06:19:59.065270+00:00
15,48,Konsa,2,DEF,45,0.8916,1.7701,0.22,0.1716,0.2183,0.004,1,8,90,1,2026-08-19T06:19:06.996889+00:00,2026-08-19T06:19:59.065270+00:00
15,49,Martinez,2,GKP,49,3.3348,2.3131,0.9,0.008,0.8376,0.0024,1,9,90,1,2026-08-19T06:19:06.996889+00:00,2026-08-19T06:19:59.065270+00:00
15,50,McGinn,2,MID,55,1.8632,2.2895,0.48,0.1456,0.458,0.0092,1,3,90,1,2026-08-19T06:19:06.996889+00:00,2026-08-19T06:19:59.065270+00:00
15,51,Mings,2,DEF,41,0,0,0.0,0.0,0.0,0,1,0,0,0,2026-08-19T06:19:06.996889+00:00,2026-08-19T06:19:59.065270+00:00
15,53,Olsen,2,GKP,40,0.1416,0.6998,0.04,0.0384,0.0403,0.0,1,0,0,0,2026-08-19T06:19:06.996889+00:00,2026-08-19T06:19:59.065270+00:00
15,54,Philogene,2,MID,45,0,0,0.0,0.0,0.0,0,1,0,0,0,2026-08-19T06:19:06.996889+00:00,2026-08-19T06:19:59.065270+00:00
15,55,J.Ramsey,2,MID,59,0,0,0.0,0.0,0.0,0,1,1,5,0,2026-08-19T06:19:06.996889+00:00,2026-08-19T06:19:59.065270+00:00
15,56,Sanson,2,MID,45,0,0,0.0,0.0,0.0,0,1,0,0,0,2026-08-19T06:19:06.996889+00:00,2026-08-19T06:19:59.065270+00:00
15,57,Sinisalo,2,GKP,40,0,0,0.0,0.0,0.0,0,1,0,0,0,2026-08-19T06:19:06.996889+00:00,2026-08-19T06:19:59.065270+00:00
15,58,Tielemans,2,MID,56,0,0,0.0,0.0,0.0,0,1,6,84,1,2026-08-19T06:19:06.996889+00:00,2026-08-19T06:19:59.065270+00:00
15,59,Bertrand Traoré,2,MID,50,0,0,0.0,0.0,0.0,0,1,0,0,0,2026-08-19T06:19:06.996889+00:00,2026-08-19T06:19:59.065270+00:00
15,60,Watkins,2,FWD,84,2.648,3.2871,0.48,0.1456,0.458,0.0464,1,1,89,1,2026-08-19T06:19:06.996889+00:00,2026-08-19T06:19:59.065270+00:00
15,61,Wesley,2,FWD,50,0,0,0.0,0.0,0.0,0,1,0,0,0,2026-08-19T06:19:06.996889+00:00,2026-08-19T06:19:59.065270+00:00
15,584,Pau,2,DEF,46,1.8564,2.4871,0.48,0.1144,0.4556,0.0116,1,6,90,1,2026-08-19T06:19:06.996889+00:00,2026-08-19T06:19:59.065270+00:00
15,599,Diaby,2,MID,68,2.3876,2.8887,0.48,0.1456,0.458,0.0284,1,1,5,0,2026-08-19T06:19:06.996889+00:00,2026-08-19T06:19:59.065270+00:00
15,618,Kellyman,2,MID,45,0.4656,0.9493,0.1,0.198,0.1088,0.0,1,0,0,0,2026-08-19T06:19:06.996889+00:00,2026-08-19T06:19:59.065270+00:00
15,670,Marschall,2,GKP,40,0,0,0.0,0.0,0.0,0,1,0,0,0,2026-08-19T06:19:06.996889+00:00,2026-08-19T06:19:59.065270+00:00
15,672,Zaniolo,2,MID,54,0,0,0.0,0.0,0.0,0,1,0,0,0,2026-08-19T06:19:06.996889+00:00,2026-08-19T06:19:59.065270+00:00
15,686,Zych,2,GKP,40,0,0,0.0,0.0,0.0,0,1,0,0,0,2026-08-19T06:19:06.996889+00:00,2026-08-19T06:19:59.065270+00:00
15,699,Lenglet,2,DEF,45,0.86,1.6985,0.22,0.1404,0.2158,0.0016,1,0,0,0,2026-08-19T06:19:06.996889+00:00,2026-08-19T06:19:59.065270+00:00
15,765,Proctor,2,GKP,40,0.1604,0.7968,0.04,0.0384,0.0403,0.0004,1,,,,2026-08-19T06:19:06.996889+00:00,
15,767,O'Reilly,2,MID,45,0,0,0.0,0.0,0.0,0,1,,,,2026-08-19T06:19:06.996889+00:00,
15,778,Wright,2,GKP,40,0.1824,0.8569,0.04,0.0384,0.0403,0.0,1,,,,2026-08-19T06:19:06.996889+00:00,
15,793,Kesler-Hayden,2,DEF,40,0.5144,1.2662,0.1,0.198,0.1088,0.0012,1,,,,2026-08-19T06:19:06.996889+00:00,
15,803,Rogers,2,MID,50,0,0,0.0,0.0,0.0,0,1,,,,2026-08-19T06:19:06.996889+00:00,
15,818,Gauci,2,GKP,39,0.1808,0.8195,0.04,0.0384,0.0403,0.0,1,,,,2026-08-19T06:19:06.996889+00:00,
15,854,Munroe,2,DEF,40,0.5028,1.1717,0.1,0.198,0.1088,0.0,1,,,,2026-08-19T06:19:06.996889+00:00,
15,865,Young,2,MID,45,0.47,0.9562,0.1,0.198,0.1088,0.0004,1,,,,2026-08-19T06:19:06.996889+00:00,
15,866,Emery,2,GKP,40,0.1832,0.818,0.04,0.0384,0.0403,0.0,1,,,,2026-08-19T06:19:06.996889+00:00,
15,62,Anthony,3,MID,49,0,0,0.0,0.0,0.0,0,1,0,0,0,2026-08-19T06:19:06.996889+00:00,2026-08-19T06:19:59.065270+00:00
15,63,Billing,3,MID,52,1.5496,1.9727,0.48,0.1144,0.4556,0.0048,1,4,28,0,2026-08-19T06:19:06.996889+00:00,2026-08-19T06:19:59.065270+00:00
15,64,Brooks,3,MID,48,0,0,0.0,0.0,0.0,0,1,0,0,0,2026-08-19T06:19:06.996889+00:00,2026-08-19T06:19:59.065270+00:00
15,65,Christie,3,MID,50,1.612,1.9419,0.48,0.1144,0.4556,0.0052,1,3,90,1,2026-08-19T06:19:06.996889+00:00,2026-08-19T06:19:59.065270+00:00
15,66,L.Cook,3,MID,50,1.2988,1.4683,0.48,0.1144,0.4556,0.0012,1,3,90,1,2026-08-19T06:19:06.996889+00:00,2026-08-19T06:19:59.065270+00:00
15,67,Siriki,3,MID,45,0,0,0.0,0.0,0.0,0,1,0,0,0,2026-08-19T06:19:06.996889+00:00,2026-08-19T06:19:59.065270+00:00
15,68,Fredericks,3,DEF,43,0,0,0.0,0.0,0.0,0,1,0,0,0,2026-08-19T06:19:06.996889+00:00,2026-08-19T06:19:59.065270+00:00
15,69,Hill,3,DEF,40,0.498,1.2084,0.1,0.198,0.1088,0.0,1,0,0,0,2026-08-19T06:19:06.996889+00:00,2026-08-19T06:19:59.065270+00:00
15,70,Kelly,3,DEF,45,0.804,1.5451,0.22,0.1716,0.2183,0.002,1,0,0,0,2026-08-19T06:19:06.996889+00:00,2026-08-19T06:19:59.065270+00:00
15,71,Kilkenny,3,MID,44,0,0,0.0,0.0,0.0,0,1,0,0,0,2026-08-19T06:19:06.996889+00:00,2026-08-19T06:19:59.065270+00:00
15,72,Kluivert,3,MID,46,0.982,1.5583,0.28,0.1584,0.2731,0.0028,1,3,61,1,2026-08-19T06:19:06.996889+00:00,2026-08-19T06:19:59.065270+00:00
15,73,Lowe,3,MID,49,0,0,0.0,0.0,0.0,0,1,0,0,0,2026-08-19T06:19:06.996889+00:00,2026-08-19T06:19:59.065270+00:00
15,74,Marcondes,3,MID,43,0,0,0.0,0.0,0.0,0,1,0,0,0,2026-08-19T06:19:06.996889+00:00,2026-08-19T06:19:59.065270+00:00
15,75,Mepham,3,DEF,43,0.3408,0.8682,0.05,0.209,0.0632,0.0008,1,0,0,0,2026-08-19T06:19:06.996889+00:00,2026-08-19T06:19:59.065270+00:00
15,76,Moore,3,FWD,47,0,0,0.0,0.0,0.0,0,1,7,2,0,2026-08-19T06:19:06.996889+00:00,2026-08-19T06:19:59.065270+00:00
15,77,Neto,3,GKP,45,3.4152,2.2516,0.9,0.004,0.8373,0.0052,1,8,90,1,2026-08-19T06:19:06.996889+00:00,2026-08-19T06:19:59.065270+00:00
15,78,O.Dango,3,MID,47,0.6628,1.2054,0.18,0.1804,0.1818,0.0012,1,0,11,0,2026-08-19T06:19:06.996889+00:00,2026-08-19T06:19:59.065270+00:00
15,79,Pearson,3,MID,45,0,0,0.0,0.0,0.0,0,1,0,0,0,2026-08-19T06:19:06.996889+00:00,2026-08-19T06:19:59.065270+00:00
15,80,Randolph,3,GKP,40,0.1624,0.7538,0.04,0.0384,0.0403,0.0004,1,0,0,0,2026-08-19T06:19:06.996889+00:00,2026-08-19T06:19:59.065270+00:00
15,81,Rothwell,3,MID,48,0,0,0.0,0.0,0.0,0,1,0,0,0,2026-08-19T06:19:06.996889+00:00,2026-08-19T06:19:59.065270+00:00
15,82,Semenyo,3,FWD,46,1.022,1.588,0.28,0.1584,0.2731,0.0012,1,2,61,1,2026-08-19T06:19:06.996889+00:00,2026-08-19T06:19:59.065270+00:00
15,83,Senesi,3,DEF,43,0.6552,1.3698,0.22,0.1716,0.2183,0.0,1,14,90,1,2026-08-19T06:19:06.996889+00:00,2026-08-19T06:19:59.065270+00:00
15,84,Smith,3,DEF,44,0.75,1.4815,0.22,0.1716,0.2183,0.002,1,6,90,1,2026-08-19T06:19:06.996889+00:00,2026-08-19T06:19:59.065270+00:00
15,85,Solanke,3,FWD,65,2.0416,2.5047,0.48,0.1456,0.458,0.024,1,2,87,1,2026-08-19T06:19:06.996889+00:00,2026-08-19T06:19:59.065270+00:00
15,86,Tavernier,3,MID,54,1.8868,2.2578,0.48,0.1144,0.4556,0.0092,1,1,28,0,2026-08-19T06:19:06.996889+00:00,2026-08-19T06:19:59.065270+00:00
15,87,Hamed Traorè,3,MID,47,0,0,0.0,0.0,0.0,0,1,0,0,0,2026-08-19T06:19:06.996889+00:00,2026-08-19T06:19:59.065270+00:00
15,88,Travers,3,GKP,40,0.1936,0.8535,0.04,0.0384,0.0403,0.0,1,0,0,0,2026-08-19T06:19:06.996889+00:00,2026-08-19T06:19:59.065270+00:00
15,89,Zabarnyi,3,DEF,44,0.6896,1.4132,0.22,0.1716,0.2183,0.0016,1,5,90,1,2026-08-19T06:19:06.996889+00:00,2026-08-19T06:19:59.065270+00:00
15,595,Kerkez,3,DEF,44,0.7168,1.4164,0.22,0.1716,0.2183,0.0008,1,6,90,1,2026-08-19T06:19:06.996889+00:00,2026-08-19T06:19:59.065270+00:00
15,607,Radu,3,GKP,44,0.1828,0.8593,0.04,0.0384,0.0403,0.0004,1,0,0,0,2026-08-19T06:19:06.996889+00:00,2026-08-19T06:19:59.065270+00:00
15,619,Greenwood,3,DEF,40,0,0,0.0,0.0,0.0,0,1,0,0,0,2026-08-19T06:19:06.996889+00:00,2026-08-19T06:19:59.065270+00:00
15,643,Aarons,3,DEF,45,0.734,1.3894,0.22,0.1716,0.2183,0.0008,1,0,0,0,2026-08-19T06:19:06.996889+00:00,2026-08-19T06:19:59.065270+00:00
15,644,Scott,3,MID,49,0.8556,1.3243,0.28,0.1584,0.2731,0.0004,1,0,0,0,2026-08-19T06:19:06.996889+00:00,2026-08-19T06:19:59.065270+00:00
15,673,Adams,3,MID,49,1.8536,1.0732,0.82,0.0324,0.7652,0.0,1,0,0,0,2026-08-19T06:19:06.996889+00:00,2026-08-19T06:19:59.065270+00:00
15,705,Sinisterra,3,MID,55,0,0,0.0,0.0,0.0,0,1,6,78,1,2026-08-19T06:19:06.996889+00:00,2026-08-19T06:19:59.065270+00:00
15,799,Faivre,3,MID,50,0.6588,1.2312,0.18,0.1804,0.1818,0.0012,1,,,,2026-08-19T06:19:06.996889+00:00,
15,802,Kinsey,3,DEF,40,0.4872,1.1239,0.1,0.198,0.1088,0.0004,1,,,,2026-08-19T06:19:06.996889+00:00,
15,804,Enes Ünal,3,FWD,50,0.6636,1.1983,0.18,0.1804,0.1818,0.0004,1,,,,2026-08-19T06:19:06.996889+00:00,
15,811,Sadi,3,MID,45,0.4704,0.9414,0.1,0.198,0.1088,0.0004,1,,,,2026-08-19T06:19:06.996889+00:00,
15,849,Dacosta Gonzalez,3,MID,45,0.4528,0.8864,0.1,0.198,0.1088,0.0,1,,,,2026-08-19T06:19:06.996889+00:00,
15,855,McKenna,3,GKP,40,0.1584,0.7478,0.04,0.0384,0.0403,0.0,1,,,,2026-08-19T06:19:06.996889+00:00,
15,90,Ajer,4,DEF,45,0.77,1.6032,0.22,0.1716,0.2183,0.0028,1,0,0,0,2026-08-19T06:19:06.996889+00:00,2026-08-19T06:19:59.065270+00:00
15,91,Balcombe,4,GKP,39,0.1772,0.8161,0.04,0.0384,0.0403,0.0004,1,0,0,0,2026-08-19T06:19:06.996889+00:00,2026-08-19T06:19:59.065270+00:00
15,92,Baptiste,4,MID,43,0.4812,0.9865,0.1,0.198,0.1088,0.0004,1,2,68,1,2026-08-19T06:19:06.996889+00:00,2026-08-19T06:19:59.065270+00:00
15,93,Bech,4,DEF,40,0,0,0.0,0.0,0.0,0,1,0,0,0,2026-08-19T06:19:06.996889+00:00,2026-08-19T06:19:59.065270+00:00
15,94,Bidstrup,4,MID,45,0,0,0.0,0.0,0.0,0,1,0,0,0,2026-08-19T06:19:06.996889+00:00,2026-08-19T06:19:59.065270+00:00
15,95,Canós,4,MID,50,0,0,0.0,0.0,0.0,0,1,0,0,0,2026-08-19T06:19:06.996889+00:00,2026-08-19T06:19:59.065270+00:00
15,96,Collins,4,DEF,45,0.5088,1.201,0.11,0.1958,0.118,0.0008,1,0,0,0,2026-08-19T06:19:06.996889+00:00,2026-08-19T06:19:59.065270+00:00
15,97,Cox,4,GKP,40,0,0,0.0,0.0,0.0,0,1,0,0,0,2026-08-19T06:19:06.996889+00:00,2026-08-19T06:19:59.065270+00:00
15,98,Damsgaard,4,MID,48,0.6628,1.2274,0.18,0.1804,0.1818,0.0012,1,1,21,0,2026-08-19T06:19:06.996889+00:00,2026-08-19T06:19:59.065270+00:00
15,99,Dasilva,4,MID,47,0,0,0.0,0.0,0.0,0,1,0,0,0,2026-08-19T06:19:06.996889+00:00,2026-08-19T06:19:59.065270+00:00
15,100,Dervişoğlu,4,FWD,45,0,0,0.0,0.0,0.0,0,1,0,0,0,2026-08-19T06:19:06.996889+00:00,2026-08-19T06:19:59.065270+00:00
15,101,Flekken,4,GKP,45,2.7408,2.0578,0.9,0.004,0.8373,0.0008,1,2,90,1,2026-08-19T06:19:06.996889+00:00,2026-08-19T06:19:59.065270+00:00
15,102,Goode,4,DEF,39,0,0,0.0,0.0,0.0,0,1,0,0,0,2026-08-19T06:19:06.996889+00:00,2026-08-19T06:19:59.065270+00:00
15,103,Henry,4,DEF,43,0,0,0.0,0.0,0.0,0,1,0,0,0,2026-08-19T06:19:06.996889+00:00,2026-08-19T06:19:59.065270+00:00
15,104,Hickey,4,DEF,44,0,0,0.0,0.0,0.0,0,1,0,0,0,2026-08-19T06:19:06.996889+00:00,2026-08-19T06:19:59.065270+00:00
15,105,Janelt,4,MID,53,1.4012,1.6445,0.48,0.1144,0.4556,0.002,1,6,90,1,2026-08-19T06:19:06.996889+00:00,2026-08-19T06:19:59.065270+00:00
15,106,Jensen,4,MID,54,1.7904,2.1151,0.48,0.1144,0.4556,0.0048,1,0,0,0,2026-08-19T06:19:06.996889+00:00,2026-08-19T06:19:59.065270+00:00
15,107,Lewis-Potter,4,MID,47,0.7156,1.4239,0.18,0.1804,0.1818,0.002,1,1,45,1,2026-08-19T06:19:06.996889+00:00,2026-08-19T06:19:59.065270+00:00
15,108,Mbeumo,4,MID,71,2.8312,3.516,0.48,0.1456,0.458,0.0544,1,6,39,0,2026-08-19T06:19:06.996889+00:00,2026-08-19T06:19:59.065270+00:00
15,109,Mee,4,DEF,48,0,0,0.0,0.0,0.0,0,1,1,90,1,2026-08-19T06:19:06.996889+00:00,2026-08-19T06:19:59.065270+00:00
15,110,Nørgaard,4,MID,54,1.4508,1.8719,0.48,0.1144,0.4556,0.0048,1,0,0,0,2026-08-19T06:19:06.996889+00:00,2026-08-19T06:19:59.065270+00:00
15,111,Onyeka,4,MID,49,0.5832,1.2868,0.14,0.1892,0.1453,0.002,1,2,90,1,2026-08-19T06:19:06.996889+00:00,2026-08-19T06:19:59.065270+00:00
15,112,Pinnock,4,DEF,46,1.6732,2.2789,0.48,0.1144,0.4556,0.0064,1,1,90,1,2026-08-19T06:19:06.996889+00:00,2026-08-19T06:19:59.065270+00:00
15,114,Roerslev,4,DEF,44,0.7256,1.464,0.22,0.1716,0.2183,0.0012,1,1,83,1,2026-08-19T06:19:06.996889+00:00,2026-08-19T06:19:59.065270+00:00
15,115,Schade,4,MID,53,0.9684,1.5503,0.28,0.1584,0.2731,0.0008,1,0,0,0,2026-08-19T06:19:06.996889+00:00,2026-08-19T06:19:59.065270+00:00
15,116,Strakosha,4,GKP,39,0.1652,0.7582,0.04,0.0384,0.0403,0.0,1,0,0,0,2026-08-19T06:19:06.996889+00:00,2026-08-19T06:19:59.065270+00:00
15,117,Toney,4,FWD,79,3.8464,2.7379,0.9,0.018,0.8384,0.038,1,0,0,0,2026-08-19T06:19:06.996889+00:00,2026-08-19T06:19:59.065270+00:00
15,118,Trevitt,4,MID,45,0,0,0.0,0.0,0.0,0,1,0,0,0,2026-08-19T06:19:06.996889+00:00,2026-08-19T06:19:59.065270+00:00
15,119,Wissa,4,FWD,59,1.9596,2.3517,0.48,0.1456,0.458,0.016,1,0,50,1,2026-08-19T06:19:06.996889+00:00,2026-08-19T06:19:59.065270+00:00
15,120,Yarmoliuk,4,MID,44,0.5128,1.0695,0.1,0.198,0.1088,0.0016,1,1,45,1,2026-08-19T06:19:06.996889+00:00,2026-08-19T06:19:59.065270+00:00
15,121,Zanka,4,DEF,43,0.5144,1.2126,0.1,0.198,0.1088,0.0012,1,0,0,0,2026-08-19T06:19:06.996889+00:00,2026-08-19T06:19:59.065270+00:00
15,258,Maupay,4,FWD,49,1.1968,2.06,0.28,0.1584,0.2731,0.0088,1,2,90,1,2026-08-19T06:19:06.996889+00:00,2026-08-19T06:19:59.065270+00:00
15,508,Reguilón,4,DEF,44,0.7024,1.3782,0.22,0.1716,0.2183,0.0008,1,0,45,1,2026-08-19T06:19:06.996889+00:00,2026-08-19T06:19:59.065270+00:00
15,620,Olakigbe,4,MID,45,0,0,0.0,0.0,0.0,0,1,0,0,0,2026-08-19T06:19:06.996889+00:00,2026-08-19T06:19:59.065270+00:00
15,684,Brierley,4,MID,45,0.4424,0.8794,0.1,0.198,0.1088,0.0,1,0,0,0,2026-08-19T06:19:06.996889+00:00,2026-08-19T06:19:59.065270+00:00
15,701,Ghoddos,4,MID,45,0.4608,0.9432,0.1,0.198,0.1088,0.0,1,2,90,1,2026-08-19T06:19:06.996889+00:00,2026-08-19T06:19:59.065270+00:00
15,725,Kim Ji-Soo,4,DEF,40,0.4452,1.0343,0.1,0.198,0.1088,0.0004,1,0,0,0,2026-08-19T06:19:06.996889+00:00,2026-08-19T06:19:59.065270+00:00
15,733,Adedokun,4,DEF,40,0.4672,1.1221,0.1,0.198,0.1088,0.0008,1,0,0,0,2026-08-19T06:19:06.996889+00:00,2026-08-19T06:19:59.065270+00:00
15,744,Peart-Harris,4,MID,45,0,0,0.0,0.0,0.0,0,1,1,6,0,2026-08-19T06:19:06.996889+00:00,2026-08-19T06:19:59.065270+00:00
15,752,Angelini,4,GKP,40,0.154,0.7333,0.04,0.0384,0.0403,0.0,1,0,0,0,2026-08-19T06:19:06.996889+00:00,2026-08-19T06:19:59.065270+00:00
15,789,Valdimarsson,4,GKP,40,0.1508,0.729,0.04,0.0384,0.0403,0.0,1,,,,2026-08-19T06:19:06.996889+00:00,
15,797,Fredrick,4,DEF,40,0.4784,1.1383,0.1,0.198,0.1088,0.0008,1,,,,2026-08-19T06:19:06.996889+00:00,
15,834,Arthur,4,DEF,40,0.5004,1.1378,0.1,0.198,0.1088,0.0008,1,,,,2026-08-19T06:19:06.996889+00:00,
15,864,Konak,4,MID,45,0.4372,0.8935,0.1,0.198,0.1088,0.0004,1,,,,2026-08-19T06:19:06.996889+00:00,
15,122,Adingra,5,MID,50,1.6184,2.0445,0.48,0.1144,0.4556,0.0052,1,2,83,1,2026-08-19T06:19:06.996889+00:00,2026-08-19T06:19:59.065270+00:00
15,123,Alzate,5,MID,44,0,0,0.0,0.0,0.0,0,1,0,0,0,2026-08-19T06:19:06.996889+00:00,2026-08-19T06:19:59.065270+00:00
15,124,Ayari,5,MID,45,0,0,0.0,0.0,0.0,0,1,0,0,0,2026-08-19T06:19:06.996889+00:00,2026-08-19T06:19:59.065270+00:00
15,125,Buonanotte,5,MID,47,0.938,1.4538,0.28,0.1584,0.2731,0.002,1,1,68,1,2026-08-19T06:19:06.996889+00:00,2026-08-19T06:19:59.065270+00:00
15,127,Connolly,5,FWD,45,0,0,0.0,0.0,0.0,0,1,0,0,0,2026-08-19T06:19:06.996889+00:00,2026-08-19T06:19:59.065270+00:00
15,128,Dahoud,5,MID,48,0,0,0.0,0.0,0.0,0,1,0,0,0,2026-08-19T06:19:06.996889+00:00,2026-08-19T06:19:59.065270+00:00
15,129,Dunk,5,DEF,50,0,0,0.0,0.0,0.0,0,1,0,0,0,2026-08-19T06:19:06.996889+00:00,2026-08-19T06:19:59.065270+00:00
15,130,Enciso,5,MID,51,0.7408,1.4339,0.18,0.1804,0.1818,0.0012,1,0,0,0,2026-08-19T06:19:06.996889+00:00,2026-08-19T06:19:59.065270+00:00
15,131,Estupiñan,5,DEF,50,0,0,0.0,0.0,0.0,0,1,0,0,0,2026-08-19T06:19:06.996889+00:00,2026-08-19T06:19:59.065270+00:00
15,132,Ferguson,5,FWD,61,0,0,0.0,0.0,0.0,0,1,1,21,0,2026-08-19T06:19:06.996889+00:00,2026-08-19T06:19:59.065270+00:00
15,133,Gilmour,5,MID,49,1.706,1.924,0.48,0.1144,0.4556,0.0024,1,1,90,1,2026-08-19T06:19:06.996889+00:00,2026-08-19T06:19:59.065270+00:00
15,134,Gross,5,MID,63,2.2252,2.6522,0.48,0.1456,0.458,0.0216,1,12,90,1,2026-08-19T06:19:06.996889+00:00,2026-08-19T06:19:59.065270+00:00
15,135,João Pedro,5,FWD,53,1.3532,2.2482,0.28,0.1584,0.2731,0.0116,1,2,68,1,2026-08-19T06:19:06.996889+00:00,2026-08-19T06:19:59.065270+00:00
15,136,Karbownik,5,DEF,40,0,0,0.0,0.0,0.0,0,1,0,0,0,2026-08-19T06:19:06.996889+00:00,2026-08-19T06:19:59.065270+00:00
15,137,Kozłowski,5,MID,45,0,0,0.0,0.0,0.0,0,1,0,0,0,2026-08-19T06:19:06.996889+00:00,2026-08-19T06:19:59.065270+00:00
15,138,Lallana,5,MID,49,0.9852,1.4029,0.28,0.1584,0.2731,0.0008,1,0,0,0,2026-08-19T06:19:06.996889+00:00,2026-08-19T06:19:59.065270+00:00
15,139,Lamptey,5,DEF,40,0.4944,1.2054,0.1,0.198,0.1088,0.0008,1,0,0,0,2026-08-19T06:19:06.996889+00:00,2026-08-19T06:19:59.065270+00:00
15,140,March,5,MID,61,0,0,0.0,0.0,0.0,0,1,0,0,0,2026-08-19T06:19:06.996889+00:00,2026-08-19T06:19:59.065270+00:00
15,141,McGill,5,GKP,39,0.1652,0.7953,0.04,0.0384,0.0403,0.0004,1,0,0,0,2026-08-19T06:19:06.996889+00:00,2026-08-19T06:19:59.065270+00:00
15,142,Milner,5,MID,48,0,0,0.0,0.0,0.0,0,1,1,21,0,2026-08-19T06:19:06.996889+00:00,2026-08-19T06:19:59.065270+00:00
15,143,Mitoma,5,MID,65,0,0,0.0,0.0,0.0,0,1,5,90,1,2026-08-19T06:19:06.996889+00:00,2026-08-19T06:19:59.065270+00:00
15,144,Moder,5,MID,44,0.4648,0.9812,0.1,0.198,0.1088,0.0,1,1,6,0,2026-08-19T06:19:06.996889+00:00,2026-08-19T06:19:59.065270+00:00
15,146,Sarmiento,5,MID,45,0,0,0.0,0.0,0.0,0,1,0,0,0,2026-08-19T06:19:06.996889+00:00,2026-08-19T06:19:59.065270+00:00
15,147,Scherpen,5,GKP,40,0,0,0.0,0.0,0.0,0,1,0,0,0,2026-08-19T06:19:06.996889+00:00,2026-08-19T06:19:59.065270+00:00
15,148,Steele,5,GKP,43,3.11,2.2195,0.88,0.0048,0.8188,0.0008,1,2,90,1,2026-08-19T06:19:06.996889+00:00,2026-08-19T06:19:59.065270+00:00
15,149,Undav,5,FWD,55,0,0,0.0,0.0,0.0,0,1,0,0,0,2026-08-19T06:19:06.996889+00:00,2026-08-19T06:19:59.065270+00:00
15,150,Van Hecke,5,DEF,40,0,0,0.0,0.0,0.0,0,1,1,90,1,2026-08-19T06:19:06.996889+00:00,2026-08-19T06:19:59.065270+00:00
15,151,Veltman,5,DEF,44,0,0,0.0,0.0,0.0,0,1,1,17,0,2026-08-19T06:19:06.996889+00:00,2026-08-19T06:19:59.065270+00:00
15,152,Verbruggen,5,GKP,44,0.1784,0.8229,0.04,0.0384,0.0403,0.0,1,0,0,0,2026-08-19T06:19:06.996889+00:00,2026-08-19T06:19:59.065270+00:00
15,153,Webster,5,DEF,43,0.8576,1.6649,0.22,0.1716,0.2183,0.0016,1,0,0,0,2026-08-19T06:19:06.996889+00:00,2026-08-19T06:19:59.065270+00:00
15,154,Welbeck,5,FWD,57,1.002,1.5494,0.28,0.2016,0.2765,0.0036,1,0,0,0,2026-08-19T06:19:06.996889+00:00,2026-08-19T06:19:59.065270+00:00
15,155,Zeqiri,5,FWD,44,0,0,0.0,0.0,0.0,0,1,0,0,0,2026-08-19T06:19:06.996889+00:00,2026-08-19T06:19:59.065270+00:00
15,606,Igor,5,DEF,43,0.8652,1.643,0.22,0.1716,0.2183,0.0012,1,2,90,1,2026-08-19T06:19:06.996889+00:00,2026-08-19T06:19:59.065270+00:00
15,621,Hinshelwood,5,MID,45,0,0,0.0,0.0,0.0,0,1,10,72,1,2026-08-19T06:19:06.996889+00:00,2026-08-19T06:19:59.065270+00:00
15,690,Baleba,5,MID,45,0.8732,1.3402,0.28,0.1584,0.2731,0.0,1,2,83,1,2026-08-19T06:19:06.996889+00:00,2026-08-19T06:19:59.065270+00:00
15,700,Ansu Fati,5,MID,65,1.8964,2.5527,0.45,0.154,0.4308,0.0212,1,0,0,0,2026-08-19T06:19:06.996889+00:00,2026-08-19T06:19:59.065270+00:00
15,741,O’Mahony,5,FWD,45,0.4624,0.9597,0.1,0.198,0.1088,0.0004,1,0,0,0,2026-08-19T06:19:06.996889+00:00,2026-08-19T06:19:59.065270+00:00
15,742,Baker-Boaitey,5,MID,45,0.4812,0.9635,0.1,0.198,0.1088,0.0004,1,1,6,0,2026-08-19T06:19:06.996889+00:00,2026-08-19T06:19:59.065270+00:00
15,746,Jackson,5,DEF,40,0.5428,1.294,0.1,0.198,0.1088,0.0004,1,0,0,0,2026-08-19T06:19:06.996889+00:00,2026-08-19T06:19:59.065270+00:00
15,747,Duffus,5,MID,45,0.4916,0.9842,0.1,0.198,0.1088,0.0,1,0,0,0,2026-08-19T06:19:06.996889+00:00,2026-08-19T06:19:59.065270+00:00
15,753,Kavanagh,5,DEF,40,0.5064,1.2064,0.1,0.198,0.1088,0.0,1,0,0,0,2026-08-19T06:19:06.996889+00:00,2026-08-19T06:19:59.065270+00:00
15,755,Barrington,5,MID,45,0.4784,0.9568,0.1,0.198,0.1088,0.0,1,0,0,0,2026-08-19T06:19:06.996889+00:00,2026-08-19T06:19:59.065270+00:00
15,786,Peupion,5,MID,45,0.4412,0.9233,0.1,0.198,0.1088,0.0,1,,,,2026-08-19T06:19:06.996889+00:00,
15,816,Barco,5,DEF,40,0.496,1.2206,0.1,0.198,0.1088,0.0012,1,,,,2026-08-19T06:19:06.996889+00:00,
15,843,Chouchane,5,MID,45,0.4624,0.9122,0.1,0.198,0.1088,0.0,1,,,,2026-08-19T06:19:06.996889+00:00,
15,845,Offiah,5,DEF,40,0.4928,1.1635,0.1,0.198,0.1088,0.0004,1,,,,2026-08-19T06:19:06.996889+00:00,
15,861,Atom,5,DEF,40,0.5648,1.3345,0.1,0.198,0.1088,0.0,1,,,,2026-08-19T06:19:06.996889+00:00,
15,156,Agyei,6,MID,43,0.4576,0.9789,0.1,0.198,0.1088,0.0004,1,0,0,0,2026-08-19T06:19:06.996889+00:00,2026-08-19T06:19:59.065270+00:00
15,157,Al-Dakhil,6,DEF,40,0,0,0.0,0.0,0.0,0,1,0,0,0,2026-08-19T06:19:06.996889+00:00,2026-08-19T06:19:59.065270+00:00
15,158,Bastien,6,MID,49,0,0,0.0,0.0,0.0,0,1,0,0,0,2026-08-19T06:19:06.996889+00:00,2026-08-19T06:19:59.065270+00:00
15,159,Benson,6,MID,52,0.668,1.2023,0.18,0.1804,0.1818,0.0008,1,0,0,0,2026-08-19T06:19:06.996889+00:00,2026-08-19T06:19:59.065270+00:00
15,160,Beyer,6,DEF,40,0,0,0.0,0.0,0.0,0,1,0,0,0,2026-08-19T06:19:06.996889+00:00,2026-08-19T06:19:59.065270+00:00
15,161,Brownhill,6,MID,47,1.4208,1.6017,0.48,0.1144,0.4556,0.0024,1,1,90,1,2026-08-19T06:19:06.996889+00:00,2026-08-19T06:19:59.065270+00:00
15,162,Churlinov,6,MID,44,0,0,0.0,0.0,0.0,0,1,0,0,0,2026-08-19T06:19:06.996889+00:00,2026-08-19T06:19:59.065270+00:00
15,163,Cork,6,MID,48,0.6584,1.1606,0.18,0.1804,0.1818,0.0012,1,0,0,0,2026-08-19T06:19:06.996889+00:00,2026-08-19T06:19:59.065270+00:00
15,164,Costelloe,6,MID,45,0,0,0.0,0.0,0.0,0,1,0,0,0,2026-08-19T06:19:06.996889+00:00,2026-08-19T06:19:59.065270+00:00
15,165,Cullen,6,MID,50,1.1404,1.387,0.48,0.1144,0.4556,0.0,1,0,0,0,2026-08-19T06:19:06.996889+00:00,2026-08-19T06:19:59.065270+00:00
15,166,Egan-Riley,6,DEF,39,0,0,0.0,0.0,0.0,0,1,0,0,0,2026-08-19T06:19:06.996889+00:00,2026-08-19T06:19:59.065270+00:00
15,167,Ekdal,6,DEF,39,0.4844,1.131,0.1,0.198,0.1088,0.0004,1,1,90,1,2026-08-19T06:19:06.996889+00:00,2026-08-19T06:19:59.065270+00:00
15,168,Foster,6,FWD,49,1.0684,1.6814,0.28,0.1584,0.2731,0.0028,1,0,0,0,2026-08-19T06:19:06.996889+00:00,2026-08-19T06:19:59.065270+00:00
15,169,Franchi,6,GKP,39,0,0,0.0,0.0,0.0,0,1,0,0,0,2026-08-19T06:19:06.996889+00:00,2026-08-19T06:19:59.065270+00:00
15,170,Gudmundsson,6,MID,48,0.834,1.3644,0.28,0.1584,0.2731,0.0008,1,1,54,1,2026-08-19T06:19:06.996889+00:00,2026-08-19T06:19:59.065270+00:00
15,171,McNally,6,DEF,40,0,0,0.0,0.0,0.0,0,1,0,0,0,2026-08-19T06:19:06.996889+00:00,2026-08-19T06:19:59.065270+00:00
15,172,Muric,6,GKP,43,0.1432,0.6422,0.04,0.0384,0.0403,0.0,1,0,0,0,2026-08-19T06:19:06.996889+00:00,2026-08-19T06:19:59.065270+00:00
15,173,O'Shea,6,DEF,44,0.7696,1.4859,0.22,0.1716,0.2183,0.0008,1,2,90,1,2026-08-19T06:19:06.996889+00:00,2026-08-19T06:19:59.065270+00:00
15,174,Obafemi,6,FWD,49,0,0,0.0,0.0,0.0,0,1,0,0,0,2026-08-19T06:19:06.996889+00:00,2026-08-19T06:19:59.065270+00:00
15,175,Peacock-Farrell,6,GKP,40,0,0,0.0,0.0,0.0,0,1,0,0,0,2026-08-19T06:19:06.996889+00:00,2026-08-19T06:19:59.065270+00:00
15,176,Roberts,6,DEF,44,0,0,0.0,0.0,0.0,0,1,0,0,0,2026-08-19T06:19:06.996889+00:00,2026-08-19T06:19:59.065270+00:00
15,177,Rodriguez,6,FWD,53,1.1464,1.7939,0.28,0.1584,0.2731,0.0036,1,2,90,1,2026-08-19T06:19:06.996889+00:00,2026-08-19T06:19:59.065270+00:00
15,178,Taylor,6,DEF,40,0.6904,1.3923,0.22,0.1716,0.2183,0.0008,1,1,90,1,2026-08-19T06:19:06.996889+00:00,2026-08-19T06:19:59.065270+00:00
15,179,Thomas,6,DEF,40,0,0,0.0,0.0,0.0,0,1,0,0,0,2026-08-19T06:19:06.996889+00:00,2026-08-19T06:19:59.065270+00:00
15,180,Twine,6,MID,49,0,0,0.0,0.0,0.0,0,1,0,0,0,2026-08-19T06:19:06.996889+00:00,2026-08-19T06:19:59.065270+00:00
15,181,Vigouroux,6,GKP,39,0.1456,0.695,0.04,0.0384,0.0403,0.0,1,0,0,0,2026-08-19T06:19:06.996889+00:00,2026-08-19T06:19:59.065270+00:00
15,182,Vitinho,6,DEF,44,0.7704,1.4629,0.22,0.1716,0.2183,0.0012,1,2,90,1,2026-08-19T06:19:06.996889+00:00,2026-08-19T06:19:59.065270+00:00
15,183,Weghorst,6,FWD,55,0,0,0.0,0.0,0.0,0,1,0,0,0,2026-08-19T06:19:06.996889+00:00,2026-08-19T06:19:59.065270+00:00
15,184,Zaroury,6,MID,47,0,0,0.0,0.0,0.0,0,1,0,0,0,2026-08-19T06:19:06.996889+00:00,2026-08-19T06:19:59.065270+00:00
15,200,D.D.Fofana,6,FWD,50,0.6308,1.1815,0.18,0.1804,0.1818,0.0,1,0,0,0,2026-08-19T06:19:06.996889+00:00,2026-08-19T06:19:59.065270+00:00
15,475,Berge,6,MID,48,1.4192,1.6752,0.48,0.1144,0.4556,0.0016,1,1,90,1,2026-08-19T06:19:06.996889+00:00,2026-08-19T06:19:59.065270+00:00
15,594,Amdouni,6,FWD,53,1.572,1.8325,0.48,0.1144,0.4556,0.004,1,2,90,1,2026-08-19T06:19:06.996889+00:00,2026-08-19T06:19:59.065270+00:00
15,596,Trafford,6,GKP,45,2.898,2.0742,0.9,0.004,0.8373,0.0012,1,3,90,1,2026-08-19T06:19:06.996889+00:00,2026-08-19T06:19:59.065270+00:00
15,600,Redmond,6,MID,48,0,0,0.0,0.0,0.0,0,1,1,1,0,2026-08-19T06:19:06.996889+00:00,2026-08-19T06:19:59.065270+00:00
15,605,Koleosho,6,MID,50,0.9316,1.5727,0.24,0.1672,0.2366,0.0016,1,1,35,0,2026-08-19T06:19:06.996889+00:00,2026-08-19T06:19:59.065270+00:00
15,608,Bruun Larsen,6,MID,49,0.7384,1.3507,0.18,0.1804,0.1818,0.0012,1,2,69,1,2026-08-19T06:19:06.996889+00:00,2026-08-19T06:19:59.065270+00:00
15,622,Dodgson,6,DEF,40,0,0,0.0,0.0,0.0,0,1,0,0,0,2026-08-19T06:19:06.996889+00:00,2026-08-19T06:19:59.065270+00:00
15,660,Odobert,6,MID,50,0.6988,1.2734,0.18,0.1804,0.1818,0.0,1,1,1,0,2026-08-19T06:19:06.996889+00:00,2026-08-19T06:19:59.065270+00:00
15,674,Delcroix,6,DEF,40,0.4508,1.0951,0.1,0.198,0.1088,0.0004,1,0,0,0,2026-08-19T06:19:06.996889+00:00,2026-08-19T06:19:59.065270+00:00
15,675,A.Ramsey,6,MID,50,0,0,0.0,0.0,0.0,0,1,0,0,0,2026-08-19T06:19:06.996889+00:00,2026-08-19T06:19:59.065270+00:00
15,694,Massengo,6,MID,50,0.7568,1.3185,0.18,0.1804,0.1818,0.0004,1,0,0,0,2026-08-19T06:19:06.996889+00:00,2026-08-19T06:19:59.065270+00:00
15,706,M.Trésor,6,MID,54,0.6488,1.2275,0.18,0.1804,0.1818,0.0004,1,1,20,0,2026-08-19T06:19:06.996889+00:00,2026-08-19T06:19:59.065270+00:00
15,805,Assignon,6,DEF,40,0.4792,1.1333,0.1,0.198,0.1088,0.0012,1,,,,2026-08-19T06:19:06.996889+00:00,
15,806,Estève,6,DEF,40,0.4912,1.201,0.1,0.198,0.1088,0.0008,1,,,,2026-08-19T06:19:06.996889+00:00,
15,126,Caicedo,7,MID,46,1.164,1.3186,0.48,0.1144,0.4556,0.0,1,2,90,1,2026-08-19T06:19:06.996889+00:00,2026-08-19T06:19:59.065270+00:00
15,145,Sanchez,7,GKP,46,0.2204,0.8266,0.04,0.0768,0.0433,0.0,1,11,90,1,2026-08-19T06:19:06.996889+00:00,2026-08-19T06:19:59.065270+00:00
15,185,Ampadu,7,DEF,40,0,0,0.0,0.0,0.0,0,1,0,0,0,2026-08-19T06:19:06.996889+00:00,2026-08-19T06:19:59.065270+00:00
15,186,Andrey,7,MID,43,0,0,0.0,0.0,0.0,0,1,0,0,0,2026-08-19T06:19:06.996889+00:00,2026-08-19T06:19:59.065270+00:00
15,187,Arrizabalaga,7,GKP,50,0,0,0.0,0.0,0.0,0,1,0,0,0,2026-08-19T06:19:06.996889+00:00,2026-08-19T06:19:59.065270+00:00
15,188,Aubameyang,7,FWD,65,0,0,0.0,0.0,0.0,0,1,0,0,0,2026-08-19T06:19:06.996889+00:00,2026-08-19T06:19:59.065270+00:00
15,189,Azpilicueta,7,DEF,45,0,0,0.0,0.0,0.0,0,1,0,0,0,2026-08-19T06:19:06.996889+00:00,2026-08-19T06:19:59.065270+00:00
15,190,Baba,7,DEF,40,0,0,0.0,0.0,0.0,0,1,0,0,0,2026-08-19T06:19:06.996889+00:00,2026-08-19T06:19:59.065270+00:00
15,191,B.Badiashile,7,DEF,44,0.4748,1.1244,0.1,0.198,0.1088,0.0008,1,0,0,0,2026-08-19T06:19:06.996889+00:00,2026-08-19T06:19:59.065270+00:00
15,192,Bettinelli,7,GKP,40,0.1564,0.7654,0.04,0.0384,0.0403,0.0,1,0,0,0,2026-08-19T06:19:06.996889+00:00,2026-08-19T06:19:59.065270+00:00
15,194,Chalobah,7,DEF,43,0.7,1.4208,0.22,0.1404,0.2158,0.002,1,0,0,0,2026-08-19T06:19:06.996889+00:00,2026-08-19T06:19:59.065270+00:00
15,195,Chilwell,7,DEF,54,1.1588,2.0827,0.28,0.1584,0.2731,0.0072,1,0,0,0,2026-08-19T06:19:06.996889+00:00,2026-08-19T06:19:59.065270+00:00
15,196,Chukwuemeka,7,MID,43,0.472,0.9398,0.1,0.198,0.1088,0.0008,1,0,0,0,2026-08-19T06:19:06.996889+00:00,2026-08-19T06:19:59.065270+00:00
15,197,Colwill,7,DEF,45,0.8592,1.7297,0.22,0.1716,0.2183,0.0044,1,1,90,1,2026-08-19T06:19:06.996889+00:00,2026-08-19T06:19:59.065270+00:00
15,198,Cucurella,7,DEF,48,0.8508,1.6931,0.28,0.1584,0.2731,0.0044,1,1,45,1,2026-08-19T06:19:06.996889+00:00,2026-08-19T06:19:59.065270+00:00
15,199,Enzo,7,MID,48,0,0,0.0,0.0,0.0,0,1,2,90,1,2026-08-19T06:19:06.996889+00:00,2026-08-19T06:19:59.065270+00:00
15,201,W.Fofana,7,DEF,44,0,0,0.0,0.0,0.0,0,1,0,0,0,2026-08-19T06:19:06.996889+00:00,2026-08-19T06:19:59.065270+00:00
15,202,Gallagher,7,MID,54,1.5992,1.8963,0.48,0.1144,0.4556,0.0032,1,0,0,0,2026-08-19T06:19:06.996889+00:00,2026-08-19T06:19:59.065270+00:00
15,203,Gusto,7,DEF,41,0.8052,1.5585,0.22,0.1716,0.2183,0.002,1,0,0,0,2026-08-19T06:19:06.996889+00:00,2026-08-19T06:19:59.065270+00:00
15,206,James,7,DEF,54,0,0,0.0,0.0,0.0,0,1,1,45,1,2026-08-19T06:19:06.996889+00:00,2026-08-19T06:19:59.065270+00:00
15,207,Lukaku,7,FWD,68,0,0,0.0,0.0,0.0,0,1,0,0,0,2026-08-19T06:19:06.996889+00:00,2026-08-19T06:19:59.065270+00:00
15,208,Madueke,7,MID,53,0.686,1.2828,0.18,0.1804,0.1818,0.0004,1,0,0,0,2026-08-19T06:19:06.996889+00:00,2026-08-19T06:19:59.065270+00:00
15,210,Mudryk,7,MID,63,0,0,0.0,0.0,0.0,0,1,5,76,1,2026-08-19T06:19:06.996889+00:00,2026-08-19T06:19:59.065270+00:00
15,211,N.Jackson,7,FWD,69,2.0124,2.6537,0.48,0.1456,0.458,0.024,1,2,90,1,2026-08-19T06:19:06.996889+00:00,2026-08-19T06:19:59.065270+00:00
15,212,Nkunku,7,FWD,73,2.2056,2.0451,0.72,0.0784,0.6759,0.0108,1,0,0,0,2026-08-19T06:19:06.996889+00:00,2026-08-19T06:19:59.065270+00:00
15,213,Pulisic,7,MID,55,0,0,0.0,0.0,0.0,0,1,0,0,0,2026-08-19T06:19:06.996889+00:00,2026-08-19T06:19:59.065270+00:00
15,214,M.Sarr,7,DEF,43,0.4632,1.1194,0.1,0.198,0.1088,0.0,1,0,0,0,2026-08-19T06:19:06.996889+00:00,2026-08-19T06:19:59.065270+00:00
15,215,Slonina,7,GKP,40,0,0,0.0,0.0,0.0,0,1,0,0,0,2026-08-19T06:19:06.996889+00:00,2026-08-19T06:19:59.065270+00:00
15,216,Sterling,7,MID,70,2.0004,2.5048,0.48,0.1456,0.458,0.0164,1,2,90,1,2026-08-19T06:19:06.996889+00:00,2026-08-19T06:19:59.065270+00:00
15,217,T.Silva,7,DEF,50,1.4532,1.9634,0.48,0.1144,0.4556,0.0044,1,1,90,1,2026-08-19T06:19:06.996889+00:00,2026-08-19T06:19:59.065270+00:00
15,218,Ziyech,7,MID,54,0,0,0.0,0.0,0.0,0,1,0,0,0,2026-08-19T06:19:06.996889+00:00,2026-08-19T06:19:59.065270+00:00
15,362,Palmer,7,MID,53,1.272,2.2145,0.28,0.1584,0.2731,0.0112,1,8,90,1,2026-08-19T06:19:06.996889+00:00,2026-08-19T06:19:59.065270+00:00
15,589,Ângelo,7,MID,50,0,0,0.0,0.0,0.0,0,1,0,0,0,2026-08-19T06:19:06.996889+00:00,2026-08-19T06:19:59.065270+00:00
15,609,Maatsen,7,MID,51,0,0,0.0,0.0,0.0,0,1,0,0,0,2026-08-19T06:19:06.996889+00:00,2026-08-19T06:19:59.065270+00:00
15,611,Disasi,7,DEF,50,1.5628,2.1724,0.48,0.1144,0.4556,0.0072,1,1,90,1,2026-08-19T06:19:06.996889+00:00,2026-08-19T06:19:59.065270+00:00
15,613,Ugochukwu,7,MID,44,0.4696,0.9063,0.1,0.198,0.1088,0.0004,1,0,0,0,2026-08-19T06:19:06.996889+00:00,2026-08-19T06:19:59.065270+00:00
15,623,Burstow,7,FWD,45,0,0,0.0,0.0,0.0,0,1,0,0,0,2026-08-19T06:19:06.996889+00:00,2026-08-19T06:19:59.065270+00:00
15,659,Bergström,7,GKP,40,0,0,0.0,0.0,0.0,0,1,0,0,0,2026-08-19T06:19:06.996889+00:00,2026-08-19T06:19:59.065270+00:00
15,667,Lavia,7,MID,49,0,0,0.0,0.0,0.0,0,1,0,0,0,2026-08-19T06:19:06.996889+00:00,2026-08-19T06:19:59.065270+00:00
15,671,Humphreys,7,DEF,40,0,0,0.0,0.0,0.0,0,1,0,0,0,2026-08-19T06:19:06.996889+00:00,2026-08-19T06:19:59.065270+00:00
15,677,Deivid,7,FWD,45,0.4656,0.973,0.1,0.198,0.1088,0.0012,1,0,0,0,2026-08-19T06:19:06.996889+00:00,2026-08-19T06:19:59.065270+00:00
15,680,Beach,7,GKP,40,0,0,0.0,0.0,0.0,0,1,0,0,0,2026-08-19T06:19:06.996889+00:00,2026-08-19T06:19:59.065270+00:00
15,681,Diego Moreira,7,MID,45,0.4544,0.9149,0.1,0.198,0.1088,0.0,1,0,0,0,2026-08-19T06:19:06.996889+00:00,2026-08-19T06:19:59.065270+00:00
15,687,Petrović,7,GKP,45,2.696,2.1008,0.88,0.0048,0.8188,0.0004,1,0,0,0,2026-08-19T06:19:06.996889+00:00,2026-08-19T06:19:59.065270+00:00
15,716,Gilchrist,7,DEF,40,0.4468,1.0286,0.1,0.198,0.1088,0.0004,1,0,0,0,2026-08-19T06:19:06.996889+00:00,2026-08-19T06:19:59.065270+00:00
15,717,Stutter,7,FWD,45,0.4408,0.8784,0.1,0.198,0.1088,0.0004,1,0,0,0,2026-08-19T06:19:06.996889+00:00,2026-08-19T06:19:59.065270+00:00
15,718,Matos,7,MID,45,0,0,0.0,0.0,0.0,0,1,0,0,0,2026-08-19T06:19:06.996889+00:00,2026-08-19T06:19:59.065270+00:00
15,723,Brooking,7,DEF,40,0.44,1.1213,0.1,0.198,0.1088,0.0008,1,0,0,0,2026-08-19T06:19:06.996889+00:00,2026-08-19T06:19:59.065270+00:00
15,758,Castledine,7,MID,45,0.448,0.94,0.1,0.198,0.1088,0.0,1,0,0,0,2026-08-19T06:19:06.996889+00:00,2026-08-19T06:19:59.065270+00:00
15,791,Casadei,7,MID,45,0.4708,0.9299,0.1,0.198,0.1088,0.0,1,,,,2026-08-19T06:19:06.996889+00:00,
15,819,Samuels-Smith,7,DEF,40,0.4672,1.1041,0.1,0.198,0.1088,0.0004,1,,,,2026-08-19T06:19:06.996889+00:00,
15,820,Harrison,7,MID,45,0.4852,0.9752,0.1,0.198,0.1088,0.0008,1,,,,2026-08-19T06:19:06.996889+00:00,
15,830,Tauriainen,7,MID,45,0.4576,0.9649,0.1,0.198,0.1088,0.0012,1,,,,2026-08-19T06:19:06.996889+00:00,
15,838,Acheampong,7,DEF,40,0.4668,1.1044,0.1,0.198,0.1088,0.0004,1,,,,2026-08-19T06:19:06.996889+00:00,
15,847,Sharman-Lowe,7,GKP,40,0.1596,0.7381,0.04,0.0384,0.0403,0.0004,1,,,,2026-08-19T06:19:06.996889+00:00,
15,851,George,7,FWD,45,0.4344,0.9106,0.1,0.198,0.1088,0.0,1,,,,2026-08-19T06:19:06.996889+00:00,
15,852,Dyer,7,MID,45,0.486,0.9532,0.1,0.198,0.1088,0.0,1,,,,2026-08-19T06:19:06.996889+00:00,
15,858,Curd,7,GKP,40,0.1304,0.6196,0.04,0.0384,0.0403,0.0,1,,,,2026-08-19T06:19:06.996889+00:00,
15,859,Sturge,7,DEF,40,0.4568,1.0821,0.1,0.198,0.1088,0.0004,1,,,,2026-08-19T06:19:06.996889+00:00,
15,7,Holding,8,DEF,43,0.5556,1.266,0.11,0.1958,0.118,0.0004,1,0,0,0,2026-08-19T06:19:06.996889+00:00,2026-08-19T06:19:59.065270+00:00
15,219,Ahamada,8,MID,43,0.482,0.9694,0.1,0.198,0.1088,0.0004,1,1,21,0,2026-08-19T06:19:06.996889+00:00,2026-08-19T06:19:59.065270+00:00
15,220,Andersen,8,DEF,52,1.9052,2.6041,0.48,0.1144,0.4556,0.0172,1,1,90,1,2026-08-19T06:19:06.996889+00:00,2026-08-19T06:19:59.065270+00:00
15,221,J.Ayew,8,MID,54,1.5676,2.0258,0.48,0.1144,0.4556,0.0064,1,2,90,1,2026-08-19T06:19:06.996889+00:00,2026-08-19T06:19:59.065270+00:00
15,222,Clyne,8,DEF,44,0.5344,1.2354,0.1,0.198,0.1088,0.0016,1,2,61,1,2026-08-19T06:19:06.996889+00:00,2026-08-19T06:19:59.065270+00:00
15,223,C.Doucouré,8,MID,50,0,0,0.0,0.0,0.0,0,1,0,0,0,2026-08-19T06:19:06.996889+00:00,2026-08-19T06:19:59.065270+00:00
15,224,Ebiowei,8,MID,45,0,0,0.0,0.0,0.0,0,1,0,0,0,2026-08-19T06:19:06.996889+00:00,2026-08-19T06:19:59.065270+00:00
15,225,Edouard,8,FWD,55,2.1376,2.6072,0.48,0.1456,0.458,0.0228,1,1,90,1,2026-08-19T06:19:06.996889+00:00,2026-08-19T06:19:59.065270+00:00
15,226,Eze,8,MID,61,2.028,2.6668,0.48,0.1456,0.458,0.0248,1,0,0,0,2026-08-19T06:19:06.996889+00:00,2026-08-19T06:19:59.065270+00:00
15,227,Guaita,8,GKP,44,0,0,0.0,0.0,0.0,0,1,0,0,0,2026-08-19T06:19:06.996889+00:00,2026-08-19T06:19:59.065270+00:00
15,228,Guéhi,8,DEF,47,1.8468,2.4402,0.48,0.1144,0.4556,0.01,1,1,90,1,2026-08-19T06:19:06.996889+00:00,2026-08-19T06:19:59.065270+00:00
15,229,Hughes,8,MID,49,0,0,0.0,0.0,0.0,0,1,1,21,0,2026-08-19T06:19:06.996889+00:00,2026-08-19T06:19:59.065270+00:00
15,230,Johnstone,8,GKP,47,0,0,0.0,0.0,0.0,0,1,1,90,1,2026-08-19T06:19:06.996889+00:00,2026-08-19T06:19:59.065270+00:00
15,231,Lerma,8,MID,47,1.5852,1.947,0.48,0.1144,0.4556,0.0032,1,2,85,1,2026-08-19T06:19:06.996889+00:00,2026-08-19T06:19:59.065270+00:00
15,232,Mateta,8,FWD,49,0.918,1.4605,0.28,0.1584,0.2731,0.0004,1,1,4,0,2026-08-19T06:19:06.996889+00:00,2026-08-19T06:19:59.065270+00:00
15,233,Matthews,8,GKP,39,0.1928,0.8772,0.04,0.0384,0.0403,0.0004,1,0,0,0,2026-08-19T06:19:06.996889+00:00,2026-08-19T06:19:59.065270+00:00
15,234,Mitchell,8,DEF,47,1.7696,2.4217,0.48,0.1144,0.4556,0.01,1,1,28,0,2026-08-19T06:19:06.996889+00:00,2026-08-19T06:19:59.065270+00:00
15,235,O'Brien,8,DEF,40,0,0,0.0,0.0,0.0,0,1,0,0,0,2026-08-19T06:19:06.996889+00:00,2026-08-19T06:19:59.065270+00:00
15,236,Olise,8,MID,58,1.5608,2.0302,0.45,0.154,0.4308,0.008,1,2,90,1,2026-08-19T06:19:06.996889+00:00,2026-08-19T06:19:59.065270+00:00
15,237,Plange,8,FWD,45,0,0,0.0,0.0,0.0,0,1,0,0,0,2026-08-19T06:19:06.996889+00:00,2026-08-19T06:19:59.065270+00:00
15,238,C.Richards,8,DEF,39,0.4808,1.122,0.1,0.198,0.1088,0.0,1,1,90,1,2026-08-19T06:19:06.996889+00:00,2026-08-19T06:19:59.065270+00:00
15,239,Riedewald,8,MID,44,0.4664,0.9319,0.1,0.198,0.1088,0.0,1,0,0,0,2026-08-19T06:19:06.996889+00:00,2026-08-19T06:19:59.065270+00:00
15,240,Schlupp,8,MID,49,1.6456,2.0144,0.48,0.1144,0.4556,0.0036,1,2,68,1,2026-08-19T06:19:06.996889+00:00,2026-08-19T06:19:59.065270+00:00
15,241,Tomkins,8,DEF,40,0.5456,1.3308,0.1,0.198,0.1088,0.0016,1,0,0,0,2026-08-19T06:19:06.996889+00:00,2026-08-19T06:19:59.065270+00:00
15,242,Ward,8,DEF,45,0.8348,1.7104,0.22,0.1716,0.2183,0.0032,1,2,68,1,2026-08-19T06:19:06.996889+00:00,2026-08-19T06:19:59.065270+00:00
15,243,Whitworth,8,GKP,40,0.1728,0.802,0.04,0.0384,0.0403,0.0,1,0,0,0,2026-08-19T06:19:06.996889+00:00,2026-08-19T06:19:59.065270+00:00
15,385,Henderson,8,GKP,44,3.7536,2.4247,0.9,0.004,0.8373,0.0052,1,0,0,0,2026-08-19T06:19:06.996889+00:00,2026-08-19T06:19:59.065270+00:00
15,615,Matheus França,8,MID,49,0,0,0.0,0.0,0.0,0,1,0,0,0,2026-08-19T06:19:06.996889+00:00,2026-08-19T06:19:59.065270+00:00
15,657,Rak-Sakyi,8,MID,45,0.482,1.0126,0.1,0.198,0.1088,0.0012,1,0,0,0,2026-08-19T06:19:06.996889+00:00,2026-08-19T06:19:59.065270+00:00
15,658,Gordon,8,FWD,45,0,0,0.0,0.0,0.0,0,1,0,0,0,2026-08-19T06:19:06.996889+00:00,2026-08-19T06:19:59.065270+00:00
15,720,Ola-Adebomi,8,FWD,45,0,0,0.0,0.0,0.0,0,1,0,0,0,2026-08-19T06:19:06.996889+00:00,2026-08-19T06:19:59.065270+00:00
15,721,Ozoh,8,MID,45,0.4836,0.9788,0.1,0.198,0.1088,0.0004,1,0,0,0,2026-08-19T06:19:06.996889+00:00,2026-08-19T06:19:59.065270+00:00
15,724,Raymond,8,MID,45,0.4936,1.0241,0.1,0.198,0.1088,0.0004,1,0,0,0,2026-08-19T06:19:06.996889+00:00,2026-08-19T06:19:59.065270+00:00
15,763,Adaramola,8,DEF,40,0,0,0.0,0.0,0.0,0,1,,,,2026-08-19T06:19:06.996889+00:00,
15,792,Muñoz,8,DEF,45,0.572,1.3879,0.1,0.198,0.1088,0.0016,1,,,,2026-08-19T06:19:06.996889+00:00,
15,807,Wharton,8,MID,50,0.7224,1.3098,0.18,0.1804,0.1818,0.002,1,,,,2026-08-19T06:19:06.996889+00:00,
15,821,Umeh-Chibueze,8,FWD,45,0.4576,0.9523,0.1,0.198,0.1088,0.0012,1,,,,2026-08-19T06:19:06.996889+00:00,
15,825,Rodney,8,MID,45,0.502,1.0534,0.1,0.198,0.1088,0.0012,1,,,,2026-08-19T06:19:06.996889+00:00,
15,842,Mathurin,8,MID,44,0.4792,1.0089,0.1,0.198,0.1088,0.0008,1,,,,2026-08-19T06:19:06.996889+00:00,
15,244,André Gomes,9,MID,44,0.3552,0.7811,0.05,0.209,0.0632,0.0,1,0,0,0,2026-08-19T06:19:06.996889+00:00,2026-08-19T06:19:59.065270+00:00
15,245,Branthwaite,9,DEF,41,0.9668,1.8471,0.22,0.1716,0.2183,0.002,1,6,90,1,2026-08-19T06:19:06.996889+00:00,2026-08-19T06:19:59.065270+00:00
15,246,Calvert-Lewin,9,FWD,58,1.984,2.3922,0.48,0.1456,0.458,0.0156,1,1,84,1,2026-08-19T06:19:06.996889+00:00,2026-08-19T06:19:59.065270+00:00
15,247,Coleman,9,DEF,44,0.8352,1.6158,0.22,0.1404,0.2158,0.0004,1,6,66,1,2026-08-19T06:19:06.996889+00:00,2026-08-19T06:19:59.065270+00:00
15,248,Dele,9,MID,48,0,0,0.0,0.0,0.0,0,1,0,0,0,2026-08-19T06:19:06.996889+00:00,2026-08-19T06:19:59.065270+00:00
15,249,A.Doucoure,9,MID,55,2.11,2.7726,0.48,0.1456,0.458,0.022,1,9,90,1,2026-08-19T06:19:06.996889+00:00,2026-08-19T06:19:59.065270+00:00
15,250,Garner,9,MID,49,1.6788,2.1014,0.48,0.1144,0.4556,0.008,1,0,0,0,2026-08-19T06:19:06.996889+00:00,2026-08-19T06:19:59.065270+00:00
15,251,Gbamin,9,MID,44,0,0,0.0,0.0,0.0,0,1,0,0,0,2026-08-19T06:19:06.996889+00:00,2026-08-19T06:19:59.065270+00:00
15,252,Godfrey,9,DEF,43,0.5052,1.209,0.1,0.198,0.1088,0.0008,1,0,0,0,2026-08-19T06:19:06.996889+00:00,2026-08-19T06:19:59.065270+00:00
15,253,Gray,9,MID,53,0,0,0.0,0.0,0.0,0,1,0,0,0,2026-08-19T06:19:06.996889+00:00,2026-08-19T06:19:59.065270+00:00
15,254,Gana,9,MID,48,1.4928,1.8197,0.48,0.1144,0.4556,0.0052,1,2,90,1,2026-08-19T06:19:06.996889+00:00,2026-08-19T06:19:59.065270+00:00
15,257,Keane,9,DEF,43,0.5128,1.2096,0.1,0.198,0.1088,0.0016,1,0,0,0,2026-08-19T06:19:06.996889+00:00,2026-08-19T06:19:59.065270+00:00
15,259,McNeil,9,MID,54,1.7036,2.0546,0.48,0.1144,0.4556,0.0088,1,14,90,1,2026-08-19T06:19:06.996889+00:00,2026-08-19T06:19:59.065270+00:00
15,260,Mykolenko,9,DEF,44,0,0,0.0,0.0,0.0,0,1,6,90,1,2026-08-19T06:19:06.996889+00:00,2026-08-19T06:19:59.065270+00:00
15,261,Onana,9,MID,48,1.5468,1.8905,0.48,0.1144,0.4556,0.0056,1,0,0,0,2026-08-19T06:19:06.996889+00:00,2026-08-19T06:19:59.065270+00:00
15,262,Patterson,9,DEF,44,0,0,0.0,0.0,0.0,0,1,4,23,0,2026-08-19T06:19:06.996889+00:00,2026-08-19T06:19:59.065270+00:00
15,263,Pickford,9,GKP,44,3.2008,2.2521,0.9,0.004,0.8373,0.0008,1,7,90,1,2026-08-19T06:19:06.996889+00:00,2026-08-19T06:19:59.065270+00:00
15,264,Simms,9,FWD,45,0,0,0.0,0.0,0.0,0,1,0,0,0,2026-08-19T06:19:06.996889+00:00,2026-08-19T06:19:59.065270+00:00
15,265,Tarkowski,9,DEF,44,1.0428,2.0306,0.22,0.1716,0.2183,0.0076,1,6,90,1,2026-08-19T06:19:06.996889+00:00,2026-08-19T06:19:59.065270+00:00
15,266,J.Virginia,9,GKP,39,0.1432,0.7401,0.04,0.0384,0.0403,0.0,1,0,0,0,2026-08-19T06:19:06.996889+00:00,2026-08-19T06:19:59.065270+00:00
15,579,Lonergan,9,GKP,39,0.1512,0.7041,0.04,0.0384,0.0403,0.0,1,0,0,0,2026-08-19T06:19:06.996889+00:00,2026-08-19T06:19:59.065270+00:00
15,588,Young,9,DEF,44,0.7972,1.6093,0.22,0.1716,0.2183,0.0016,1,8,90,1,2026-08-19T06:19:06.996889+00:00,2026-08-19T06:19:59.065270+00:00
15,601,Danjuma,9,MID,53,1.0916,1.7897,0.28,0.1584,0.2731,0.0024,1,0,0,0,2026-08-19T06:19:06.996889+00:00,2026-08-19T06:19:59.065270+00:00
15,624,Dobbin,9,MID,45,0.4752,0.977,0.1,0.198,0.1088,0.0,1,0,0,0,2026-08-19T06:19:06.996889+00:00,2026-08-19T06:19:59.065270+00:00
15,645,Y. Chermiti,9,FWD,49,0.6844,1.2553,0.18,0.1804,0.1818,0.0012,1,0,0,0,2026-08-19T06:19:06.996889+00:00,2026-08-19T06:19:59.065270+00:00
15,649,Cannon,9,FWD,45,0,0,0.0,0.0,0.0,0,1,0,0,0,2026-08-19T06:19:06.996889+00:00,2026-08-19T06:19:59.065270+00:00
15,650,Onyango,9,MID,45,0.488,1.015,0.1,0.198,0.1088,0.0004,1,0,0,0,2026-08-19T06:19:06.996889+00:00,2026-08-19T06:19:59.065270+00:00
15,661,Harrison,9,MID,55,0,0,0.0,0.0,0.0,0,1,3,90,1,2026-08-19T06:19:06.996889+00:00,2026-08-19T06:19:59.065270+00:00
15,691,Beto,9,FWD,57,1.114,1.7837,0.28,0.2016,0.2765,0.0052,1,4,5,0,2026-08-19T06:19:06.996889+00:00,2026-08-19T06:19:59.065270+00:00
15,719,Hunt,9,MID,45,0.4792,0.9889,0.1,0.198,0.1088,0.0004,1,0,0,0,2026-08-19T06:19:06.996889+00:00,2026-08-19T06:19:59.065270+00:00
15,760,Metcalfe,9,MID,45,0.474,0.9613,0.1,0.198,0.1088,0.0004,1,,,,2026-08-19T06:19:06.996889+00:00,
15,761,Campbell,9,DEF,40,0,0,0.0,0.0,0.0,0,1,,,,2026-08-19T06:19:06.996889+00:00,
15,841,Warrington,9,MID,45,0.4828,1.0078,0.1,0.198,0.1088,0.0,1,,,,2026-08-19T06:19:06.996889+00:00,
15,863,Crellin,9,GKP,40,0.1624,0.7799,0.04,0.0384,0.0403,0.0,1,,,,2026-08-19T06:19:06.996889+00:00,
15,193,Broja,10,FWD,49,0.6916,1.2466,0.18,0.1804,0.1818,0.0008,1,1,13,0,2026-08-19T06:19:06.996889+00:00,2026-08-19T06:19:59.065270+00:00
15,256,Iwobi,10,MID,53,1.846,2.3161,0.48,0.1144,0.4556,0.0092,1,14,75,1,2026-08-19T06:19:06.996889+00:00,2026-08-19T06:19:59.065270+00:00
15,267,Andreas,10,MID,53,1.5272,1.8915,0.48,0.1144,0.4556,0.004,1,15,90,1,2026-08-19T06:19:06.996889+00:00,2026-08-19T06:19:59.065270+00:00
15,268,Cairney,10,MID,49,0.9984,1.6058,0.28,0.1584,0.2731,0.0016,1,8,90,1,2026-08-19T06:19:06.996889+00:00,2026-08-19T06:19:59.065270+00:00
15,269,I.Cavaleiro,10,MID,50,0,0,0.0,0.0,0.0,0,1,0,0,0,2026-08-19T06:19:06.996889+00:00,2026-08-19T06:19:59.065270+00:00
15,270,De Cordova-Reid,10,MID,54,1.914,2.4578,0.48,0.1144,0.4556,0.012,1,1,14,0,2026-08-19T06:19:06.996889+00:00,2026-08-19T06:19:59.065270+00:00
15,271,Diop,10,DEF,44,0.8988,1.7632,0.22,0.1716,0.2183,0.0028,1,0,0,0,2026-08-19T06:19:06.996889+00:00,2026-08-19T06:19:59.065270+00:00
15,272,Francois,10,MID,44,0,0,0.0,0.0,0.0,0,1,0,0,0,2026-08-19T06:19:06.996889+00:00,2026-08-19T06:19:59.065270+00:00
15,273,Knockaert,10,MID,44,0,0,0.0,0.0,0.0,0,1,0,0,0,2026-08-19T06:19:06.996889+00:00,2026-08-19T06:19:59.065270+00:00
15,274,Kongolo,10,DEF,40,0,0,0.0,0.0,0.0,0,1,0,0,0,2026-08-19T06:19:06.996889+00:00,2026-08-19T06:19:59.065270+00:00
15,275,Leno,10,GKP,47,4.1648,2.5211,0.9,0.008,0.8376,0.0112,1,6,90,1,2026-08-19T06:19:06.996889+00:00,2026-08-19T06:19:59.065270+00:00
15,276,Lukić,10,MID,44,0,0,0.0,0.0,0.0,0,1,1,11,0,2026-08-19T06:19:06.996889+00:00,2026-08-19T06:19:59.065270+00:00
15,277,Mbabu,10,DEF,40,0,0,0.0,0.0,0.0,0,1,0,0,0,2026-08-19T06:19:06.996889+00:00,2026-08-19T06:19:59.065270+00:00
15,278,Mitrović,10,FWD,74,0,0,0.0,0.0,0.0,0,1,0,0,0,2026-08-19T06:19:06.996889+00:00,2026-08-19T06:19:59.065270+00:00
15,279,Muniz,10,FWD,44,0.4796,0.9869,0.1,0.198,0.1088,0.0,1,0,0,0,2026-08-19T06:19:06.996889+00:00,2026-08-19T06:19:59.065270+00:00
15,280,J.Palhinha,10,MID,50,1.526,1.8623,0.48,0.1144,0.4556,0.002,1,3,78,1,2026-08-19T06:19:06.996889+00:00,2026-08-19T06:19:59.065270+00:00
15,281,Ream,10,DEF,45,0.9608,1.8573,0.22,0.1716,0.2183,0.0036,1,0,0,0,2026-08-19T06:19:06.996889+00:00,2026-08-19T06:19:59.065270+00:00
15,282,Reed,10,MID,46,1.2888,1.4856,0.48,0.1144,0.4556,0.0012,1,0,0,0,2026-08-19T06:19:06.996889+00:00,2026-08-19T06:19:59.065270+00:00
15,283,Robinson,10,DEF,44,0.8588,1.6883,0.22,0.1716,0.2183,0.0028,1,6,74,1,2026-08-19T06:19:06.996889+00:00,2026-08-19T06:19:59.065270+00:00
15,284,Rodák,10,GKP,39,0.1684,0.735,0.04,0.0384,0.0403,0.0,1,0,0,0,2026-08-19T06:19:06.996889+00:00,2026-08-19T06:19:59.065270+00:00
15,285,Tete,10,DEF,44,0.8488,1.7316,0.22,0.1716,0.2183,0.0024,1,0,0,0,2026-08-19T06:19:06.996889+00:00,2026-08-19T06:19:59.065270+00:00
15,286,Tosin,10,DEF,43,0.5424,1.2878,0.1,0.198,0.1088,0.0008,1,6,90,1,2026-08-19T06:19:06.996889+00:00,2026-08-19T06:19:59.065270+00:00
15,287,Vinícius,10,FWD,47,0,0,0.0,0.0,0.0,0,1,1,11,0,2026-08-19T06:19:06.996889+00:00,2026-08-19T06:19:59.065270+00:00
15,288,Wilson,10,MID,53,1.4808,1.9229,0.48,0.1144,0.4556,0.0068,1,4,27,0,2026-08-19T06:19:06.996889+00:00,2026-08-19T06:19:59.065270+00:00
15,558,Raúl,10,FWD,52,1.4652,1.7943,0.48,0.1144,0.4556,0.004,1,13,78,1,2026-08-19T06:19:06.996889+00:00,2026-08-19T06:19:59.065270+00:00
15,591,Willian,10,MID,53,2.0848,2.6054,0.48,0.1144,0.4556,0.018,1,6,62,1,2026-08-19T06:19:06.996889+00:00,2026-08-19T06:19:59.065270+00:00
15,610,Bassey,10,DEF,44,0.8608,1.6075,0.22,0.1716,0.2183,0.0,1,6,90,1,2026-08-19T06:19:06.996889+00:00,2026-08-19T06:19:59.065270+00:00
15,625,De Fougerolles,10,DEF,40,0.5264,1.244,0.1,0.198,0.1088,0.0004,1,0,0,0,2026-08-19T06:19:06.996889+00:00,2026-08-19T06:19:59.065270+00:00
15,651,Stansfield,10,FWD,45,0,0,0.0,0.0,0.0,0,1,0,0,0,2026-08-19T06:19:06.996889+00:00,2026-08-19T06:19:59.065270+00:00
15,652,Dibley-Dias,10,MID,45,0.4428,0.9182,0.1,0.198,0.1088,0.0,1,0,0,0,2026-08-19T06:19:06.996889+00:00,2026-08-19T06:19:59.065270+00:00
15,662,Adama,10,MID,49,0.7096,1.3198,0.18,0.1804,0.1818,0.0004,1,0,0,0,2026-08-19T06:19:06.996889+00:00,2026-08-19T06:19:59.065270+00:00
15,683,Harris,10,MID,45,0,0,0.0,0.0,0.0,0,1,0,0,0,2026-08-19T06:19:06.996889+00:00,2026-08-19T06:19:59.065270+00:00
15,688,Castagne,10,DEF,45,0.8832,1.7231,0.22,0.1716,0.2183,0.002,1,6,90,1,2026-08-19T06:19:06.996889+00:00,2026-08-19T06:19:59.065270+00:00
15,692,Benda,10,GKP,40,0.1772,0.8156,0.04,0.0384,0.0403,0.0,1,0,0,0,2026-08-19T06:19:06.996889+00:00,2026-08-19T06:19:59.065270+00:00
15,707,Ballo-Touré,10,DEF,45,0.5604,1.3728,0.1,0.198,0.1088,0.0012,1,1,15,0,2026-08-19T06:19:06.996889+00:00,2026-08-19T06:19:59.065270+00:00
15,732,Tanton,10,DEF,40,0.5272,1.2568,0.1,0.198,0.1088,0.0012,1,0,0,0,2026-08-19T06:19:06.996889+00:00,2026-08-19T06:19:59.065270+00:00
15,796,Sekularac,10,MID,44,0.4808,1.0204,0.1,0.198,0.1088,0.0,1,,,,2026-08-19T06:19:06.996889+00:00,
15,810,King,10,MID,45,0.4812,1.0125,0.1,0.198,0.1088,0.0008,1,,,,2026-08-19T06:19:06.996889+00:00,
15,289,Adrián,11,GKP,40,0.1844,0.8243,0.04,0.0384,0.0403,0.0,1,0,0,0,2026-08-19T06:19:06.996889+00:00,2026-08-19T06:19:59.065270+00:00
15,290,Alexander-Arnold,11,DEF,80,1.892,2.5018,0.48,0.1456,0.458,0.0116,1,12,90,1,2026-08-19T06:19:06.996889+00:00,2026-08-19T06:19:59.065270+00:00
15,291,A.Becker,11,GKP,56,3.4436,2.276,0.9,0.008,0.8376,0.0052,1,0,0,0,2026-08-19T06:19:06.996889+00:00,2026-08-19T06:19:59.065270+00:00
15,292,Bajcetic,11,MID,47,0.8468,1.3014,0.28,0.1584,0.2731,0.0,1,0,0,0,2026-08-19T06:19:06.996889+00:00,2026-08-19T06:19:59.065270+00:00
15,293,Darwin,11,FWD,77,2.1892,2.7643,0.48,0.1456,0.458,0.0292,1,3,23,0,2026-08-19T06:19:06.996889+00:00,2026-08-19T06:19:59.065270+00:00
15,294,Diogo J.,11,MID,77,1.966,2.5235,0.48,0.1456,0.458,0.0212,1,0,0,0,2026-08-19T06:19:06.996889+00:00,2026-08-19T06:19:59.065270+00:00
15,295,Elliott,11,MID,48,0.7068,1.3194,0.18,0.1804,0.1818,0.002,1,1,23,0,2026-08-19T06:19:06.996889+00:00,2026-08-19T06:19:59.065270+00:00
15,296,Fabinho,11,MID,50,0,0,0.0,0.0,0.0,0,1,0,0,0,2026-08-19T06:19:06.996889+00:00,2026-08-19T06:19:59.065270+00:00
15,297,Gakpo,11,FWD,72,1.2828,2.0695,0.28,0.2016,0.2765,0.0092,1,2,85,1,2026-08-19T06:19:06.996889+00:00,2026-08-19T06:19:59.065270+00:00
15,298,Gomez,11,DEF,45,0.8004,1.5432,0.22,0.1716,0.2183,0.0008,1,6,90,1,2026-08-19T06:19:06.996889+00:00,2026-08-19T06:19:59.065270+00:00
15,299,Henderson,11,MID,50,0,0,0.0,0.0,0.0,0,1,0,0,0,2026-08-19T06:19:06.996889+00:00,2026-08-19T06:19:59.065270+00:00
15,300,Jones,11,MID,49,0.8708,1.3382,0.28,0.1584,0.2731,0.0008,1,1,31,0,2026-08-19T06:19:06.996889+00:00,2026-08-19T06:19:59.065270+00:00
15,301,Kelleher,11,GKP,40,0.1328,0.6646,0.04,0.0384,0.0403,0.0,1,6,90,1,2026-08-19T06:19:06.996889+00:00,2026-08-19T06:19:59.065270+00:00
15,302,Konaté,11,DEF,49,0.8732,1.5571,0.28,0.1584,0.2731,0.0008,1,5,90,1,2026-08-19T06:19:06.996889+00:00,2026-08-19T06:19:59.065270+00:00
15,303,Luis Díaz,11,MID,74,2.1024,2.6522,0.48,0.1456,0.458,0.0224,1,3,66,1,2026-08-19T06:19:06.996889+00:00,2026-08-19T06:19:59.065270+00:00
15,304,Mac Allister,11,MID,58,1.3824,1.6455,0.48,0.1456,0.458,0.002,1,1,58,1,2026-08-19T06:19:06.996889+00:00,2026-08-19T06:19:59.065270+00:00
15,305,Matip,11,DEF,49,0,0,0.0,0.0,0.0,0,1,0,0,0,2026-08-19T06:19:06.996889+00:00,2026-08-19T06:19:59.065270+00:00
15,306,Phillips,11,DEF,40,0,0,0.0,0.0,0.0,0,1,0,0,0,2026-08-19T06:19:06.996889+00:00,2026-08-19T06:19:59.065270+00:00
15,307,Robertson,11,DEF,64,1.6504,2.2586,0.48,0.1456,0.458,0.0104,1,0,0,0,2026-08-19T06:19:06.996889+00:00,2026-08-19T06:19:59.065270+00:00
15,308,Salah,11,MID,131,3.44,4.2941,0.48,0.1456,0.458,0.0932,1,3,66,1,2026-08-19T06:19:06.996889+00:00,2026-08-19T06:19:59.065270+00:00
15,309,Szoboszlai,11,MID,71,1.8508,2.1893,0.48,0.1456,0.458,0.0072,1,9,90,1,2026-08-19T06:19:06.996889+00:00,2026-08-19T06:19:59.065270+00:00
15,310,Thiago,11,MID,48,0.7336,1.1669,0.24,0.1672,0.2366,0.0,1,0,0,0,2026-08-19T06:19:06.996889+00:00,2026-08-19T06:19:59.065270+00:00
15,311,Tsimikas,11,DEF,48,0.852,1.5687,0.28,0.1584,0.2731,0.0012,1,0,0,0,2026-08-19T06:19:06.996889+00:00,2026-08-19T06:19:59.065270+00:00
15,312,Van den Berg,11,DEF,40,0,0,0.0,0.0,0.0,0,1,0,0,0,2026-08-19T06:19:06.996889+00:00,2026-08-19T06:19:59.065270+00:00
15,313,Virgil,11,DEF,61,1.776,2.3791,0.48,0.1456,0.458,0.01,1,14,90,1,2026-08-19T06:19:06.996889+00:00,2026-08-19T06:19:59.065270+00:00
15,626,Quansah,11,DEF,40,0.464,1.0724,0.1,0.198,0.1088,0.0004,1,0,0,0,2026-08-19T06:19:06.996889+00:00,2026-08-19T06:19:59.065270+00:00
15,627,Clark,11,MID,45,0.4616,0.9192,0.1,0.198,0.1088,0.0,1,0,0,0,2026-08-19T06:19:06.996889+00:00,2026-08-19T06:19:59.065270+00:00
15,628,Doak,11,MID,44,0,0,0.0,0.0,0.0,0,1,0,0,0,2026-08-19T06:19:06.996889+00:00,2026-08-19T06:19:59.065270+00:00
15,629,McConnell,11,MID,44,0.4756,0.9945,0.1,0.198,0.1088,0.0004,1,0,0,0,2026-08-19T06:19:06.996889+00:00,2026-08-19T06:19:59.065270+00:00
15,668,Endo,11,MID,54,0.6908,1.288,0.18,0.1804,0.1818,0.0016,1,2,90,1,2026-08-19T06:19:06.996889+00:00,2026-08-19T06:19:59.065270+00:00
15,708,Gravenberch,11,MID,50,0.9756,1.526,0.28,0.1584,0.2731,0.0008,1,1,4,0,2026-08-19T06:19:06.996889+00:00,2026-08-19T06:19:59.065270+00:00
15,726,Chambers,11,DEF,40,0,0,0.0,0.0,0.0,0,1,0,0,0,2026-08-19T06:19:06.996889+00:00,2026-08-19T06:19:59.065270+00:00
15,728,Scanlon,11,DEF,40,0.4512,1.0583,0.1,0.198,0.1088,0.0004,1,0,0,0,2026-08-19T06:19:06.996889+00:00,2026-08-19T06:19:59.065270+00:00
15,743,Nyoni,11,MID,45,0.4824,0.9498,0.1,0.198,0.1088,0.0004,1,0,0,0,2026-08-19T06:19:06.996889+00:00,2026-08-19T06:19:59.065270+00:00
15,756,Pitaluga,11,GKP,40,0,0,0.0,0.0,0.0,0,1,0,0,0,2026-08-19T06:19:06.996889+00:00,2026-08-19T06:19:59.065270+00:00
15,757,Bradley,11,DEF,40,0.452,1.1064,0.1,0.198,0.1088,0.0,1,0,0,0,2026-08-19T06:19:06.996889+00:00,2026-08-19T06:19:59.065270+00:00
15,782,Beck,11,DEF,45,0,0,0.0,0.0,0.0,0,1,,,,2026-08-19T06:19:06.996889+00:00,
15,783,Gordon,11,MID,45,0.4624,0.988,0.1,0.198,0.1088,0.0,1,,,,2026-08-19T06:19:06.996889+00:00,
15,812,Koumas,11,FWD,45,0.4112,0.8672,0.1,0.198,0.1088,0.0,1,,,,2026-08-19T06:19:06.996889+00:00,
15,813,Mrozek,11,GKP,40,0.1468,0.6553,0.04,0.0384,0.0403,0.0,1,,,,2026-08-19T06:19:06.996889+00:00,
15,824,Danns,11,FWD,43,0.4256,0.8648,0.1,0.198,0.1088,0.0004,1,,,,2026-08-19T06:19:06.996889+00:00,
15,837,Nallo,11,DEF,40,0.4828,1.1135,0.1,0.198,0.1088,0.0004,1,,,,2026-08-19T06:19:06.996889+00:00,
15,21,Sambi,12,MID,49,0.7116,1.2888,0.18,0.1804,0.1818,0.0012,1,0,0,0,2026-08-19T06:19:06.996889+00:00,2026-08-19T06:19:59.065270+00:00
15,52,Nakamba,12,MID,44,0,0,0.0,0.0,0.0,0,1,0,0,0,2026-08-19T06:19:06.996889+00:00,2026-08-19T06:19:59.065270+00:00
15,314,Adebayo,12,FWD,48,0.9332,1.4637,0.28,0.1584,0.2731,0.0012,1,6,60,1,2026-08-19T06:19:06.996889+00:00,2026-08-19T06:19:59.065270+00:00
15,315,Andersen,12,DEF,40,0.518,1.1946,0.11,0.1958,0.118,0.0012,1,0,0,0,2026-08-19T06:19:06.996889+00:00,2026-08-19T06:19:59.065270+00:00
15,316,Bell,12,DEF,39,0,0,0.0,0.0,0.0,0,1,0,90,1,2026-08-19T06:19:06.996889+00:00,2026-08-19T06:19:59.065270+00:00
15,317,Berry,12,MID,47,0.6384,1.1697,0.18,0.1804,0.1818,0.0004,1,0,0,0,2026-08-19T06:19:06.996889+00:00,2026-08-19T06:19:59.065270+00:00
15,318,Burke,12,DEF,40,0,0,0.0,0.0,0.0,0,1,0,0,0,2026-08-19T06:19:06.996889+00:00,2026-08-19T06:19:59.065270+00:00
15,319,Campbell,12,MID,49,0,0,0.0,0.0,0.0,0,1,0,0,0,2026-08-19T06:19:06.996889+00:00,2026-08-19T06:19:59.065270+00:00
15,320,Clark,12,MID,48,0.6756,1.2315,0.18,0.1804,0.1818,0.0,1,1,2,0,2026-08-19T06:19:06.996889+00:00,2026-08-19T06:19:59.065270+00:00
15,321,Doughty,12,DEF,44,1.0776,2.0297,0.22,0.1716,0.2183,0.0056,1,8,87,1,2026-08-19T06:19:06.996889+00:00,2026-08-19T06:19:59.065270+00:00
15,322,Freeman,12,MID,49,0,0,0.0,0.0,0.0,0,1,0,0,0,2026-08-19T06:19:06.996889+00:00,2026-08-19T06:19:59.065270+00:00
15,323,Macey,12,GKP,40,0,0,0.0,0.0,0.0,0,1,0,0,0,2026-08-19T06:19:06.996889+00:00,2026-08-19T06:19:59.065270+00:00
15,324,McAtee,12,FWD,45,0,0,0.0,0.0,0.0,0,1,0,0,0,2026-08-19T06:19:06.996889+00:00,2026-08-19T06:19:59.065270+00:00
15,325,Mendes,12,MID,45,0,0,0.0,0.0,0.0,0,1,0,0,0,2026-08-19T06:19:06.996889+00:00,2026-08-19T06:19:59.065270+00:00
15,326,Morris,12,FWD,53,1.9628,2.3557,0.48,0.1144,0.4556,0.0136,1,1,29,0,2026-08-19T06:19:06.996889+00:00,2026-08-19T06:19:59.065270+00:00
15,327,Muskwe,12,FWD,45,0,0,0.0,0.0,0.0,0,1,0,0,0,2026-08-19T06:19:06.996889+00:00,2026-08-19T06:19:59.065270+00:00
15,328,Ogbene,12,FWD,49,1.5908,1.843,0.48,0.1144,0.4556,0.0052,1,1,28,0,2026-08-19T06:19:06.996889+00:00,2026-08-19T06:19:59.065270+00:00
15,329,Onyedinma,12,MID,50,0.7264,1.3298,0.18,0.1804,0.1818,0.0008,1,0,0,0,2026-08-19T06:19:06.996889+00:00,2026-08-19T06:19:59.065270+00:00
15,330,Osho,12,DEF,44,0.8708,1.6748,0.22,0.1716,0.2183,0.002,1,6,90,1,2026-08-19T06:19:06.996889+00:00,2026-08-19T06:19:59.065270+00:00
15,331,Pepple,12,FWD,45,0,0,0.0,0.0,0.0,0,1,0,0,0,2026-08-19T06:19:06.996889+00:00,2026-08-19T06:19:59.065270+00:00
15,332,Pereira,12,MID,44,0,0,0.0,0.0,0.0,0,1,0,0,0,2026-08-19T06:19:06.996889+00:00,2026-08-19T06:19:59.065270+00:00
15,333,Potts,12,DEF,39,0.3844,1.0489,0.05,0.209,0.0632,0.0008,1,0,0,0,2026-08-19T06:19:06.996889+00:00,2026-08-19T06:19:59.065270+00:00
15,334,Rea,12,MID,44,0,0,0.0,0.0,0.0,0,1,0,0,0,2026-08-19T06:19:06.996889+00:00,2026-08-19T06:19:59.065270+00:00
15,335,Shea,12,GKP,43,0.1796,0.8441,0.04,0.0384,0.0403,0.0004,1,0,0,0,2026-08-19T06:19:06.996889+00:00,2026-08-19T06:19:59.065270+00:00
15,336,Taylor,12,FWD,45,0,0,0.0,0.0,0.0,0,1,0,0,0,2026-08-19T06:19:06.996889+00:00,2026-08-19T06:19:59.065270+00:00
15,337,Thorpe,12,MID,45,0,0,0.0,0.0,0.0,0,1,0,0,0,2026-08-19T06:19:06.996889+00:00,2026-08-19T06:19:59.065270+00:00
15,338,Walton,12,GKP,40,0,0,0.0,0.0,0.0,0,1,0,0,0,2026-08-19T06:19:06.996889+00:00,2026-08-19T06:19:59.065270+00:00
15,339,Watson,12,MID,44,0,0,0.0,0.0,0.0,0,1,0,0,0,2026-08-19T06:19:06.996889+00:00,2026-08-19T06:19:59.065270+00:00
15,340,Woodrow,12,FWD,44,0.5164,1.0743,0.1,0.198,0.1088,0.0008,1,0,0,0,2026-08-19T06:19:06.996889+00:00,2026-08-19T06:19:59.065270+00:00
15,393,Mengi,12,DEF,39,0.876,1.641,0.22,0.1716,0.2183,0.0004,1,0,90,1,2026-08-19T06:19:06.996889+00:00,2026-08-19T06:19:59.065270+00:00
15,553,Giles,12,DEF,43,0,0,0.0,0.0,0.0,0,1,1,2,0,2026-08-19T06:19:06.996889+00:00,2026-08-19T06:19:59.065270+00:00
15,575,Lockyer,12,DEF,43,0,0,0.0,0.0,0.0,0,1,0,0,0,2026-08-19T06:19:06.996889+00:00,2026-08-19T06:19:59.065270+00:00
15,582,Mpanzu,12,MID,47,0.9848,1.5794,0.28,0.1584,0.2731,0.0016,1,2,87,1,2026-08-19T06:19:06.996889+00:00,2026-08-19T06:19:59.065270+00:00
15,586,Chong,12,MID,48,0.908,1.5003,0.28,0.1584,0.2731,0.0028,1,1,29,0,2026-08-19T06:19:06.996889+00:00,2026-08-19T06:19:59.065270+00:00
15,602,Kaboré,12,DEF,40,0,0,0.0,0.0,0.0,0,1,0,90,1,2026-08-19T06:19:06.996889+00:00,2026-08-19T06:19:59.065270+00:00
15,614,Kaminski,12,GKP,45,3.3196,2.3012,0.9,0.004,0.8373,0.0016,1,1,90,1,2026-08-19T06:19:06.996889+00:00,2026-08-19T06:19:59.065270+00:00
15,630,Barkley,12,MID,49,0,0,0.0,0.0,0.0,0,1,6,90,1,2026-08-19T06:19:06.996889+00:00,2026-08-19T06:19:59.065270+00:00
15,631,Brown,12,FWD,49,0,0,0.0,0.0,0.0,0,1,1,60,1,2026-08-19T06:19:06.996889+00:00,2026-08-19T06:19:59.065270+00:00
15,648,Francis-Clarke,12,DEF,40,0,0,0.0,0.0,0.0,0,1,0,0,0,2026-08-19T06:19:06.996889+00:00,2026-08-19T06:19:59.065270+00:00
15,665,Krul,12,GKP,44,0.1508,0.7415,0.04,0.0384,0.0403,0.0,1,0,0,0,2026-08-19T06:19:06.996889+00:00,2026-08-19T06:19:59.065270+00:00
15,682,Johnson,12,DEF,40,0.5204,1.2958,0.1,0.198,0.1088,0.0012,1,0,0,0,2026-08-19T06:19:06.996889+00:00,2026-08-19T06:19:59.065270+00:00
15,727,Townsend,12,MID,50,0.9592,1.5039,0.28,0.1584,0.2731,0.0016,1,5,61,1,2026-08-19T06:19:06.996889+00:00,2026-08-19T06:19:59.065270+00:00
15,729,Luker,12,MID,45,0,0,0.0,0.0,0.0,0,1,0,0,0,2026-08-19T06:19:06.996889+00:00,2026-08-19T06:19:59.065270+00:00
15,734,Nelson,12,MID,45,0.4788,1.0251,0.1,0.198,0.1088,0.0016,1,0,0,0,2026-08-19T06:19:06.996889+00:00,2026-08-19T06:19:59.065270+00:00
15,798,Hashioka,12,DEF,40,0.504,1.2054,0.1,0.198,0.1088,0.0008,1,,,,2026-08-19T06:19:06.996889+00:00,
15,831,Piesold,12,MID,45,0.482,0.9926,0.1,0.198,0.1088,0.0,1,,,,2026-08-19T06:19:06.996889+00:00,
15,839,Martins,12,MID,45,0.4752,0.9795,0.1,0.198,0.1088,0.0,1,,,,2026-08-19T06:19:06.996889+00:00,
15,844,Chigozie,12,DEF,40,0.5256,1.2456,0.1,0.198,0.1088,0.0,1,,,,2026-08-19T06:19:06.996889+00:00,
15,848,Harris,12,FWD,45,0.4516,0.906,0.1,0.198,0.1088,0.0,1,,,,2026-08-19T06:19:06.996889+00:00,
15,341,Akanji,13,DEF,49,1.4904,2.0826,0.48,0.1144,0.4556,0.0052,1,2,90,1,2026-08-19T06:19:06.996889+00:00,2026-08-19T06:19:59.065270+00:00
15,342,Aké,13,DEF,50,1.164,2.1008,0.28,0.1584,0.2731,0.0076,1,0,0,0,2026-08-19T06:19:06.996889+00:00,2026-08-19T06:19:59.065270+00:00
15,343,J.Alvarez,13,FWD,70,2.1992,2.6139,0.48,0.1456,0.458,0.0188,1,2,67,1,2026-08-19T06:19:06.996889+00:00,2026-08-19T06:19:59.065270+00:00
15,344,Bernardo,13,MID,64,1.9212,2.3354,0.48,0.1456,0.458,0.0136,1,2,90,1,2026-08-19T06:19:06.996889+00:00,2026-08-19T06:19:59.065270+00:00
15,345,Bobb,13,MID,44,0.4892,0.981,0.1,0.198,0.1088,0.0,1,1,17,0,2026-08-19T06:19:06.996889+00:00,2026-08-19T06:19:59.065270+00:00
15,346,Cancelo,13,DEF,58,0,0,0.0,0.0,0.0,0,1,0,0,0,2026-08-19T06:19:06.996889+00:00,2026-08-19T06:19:59.065270+00:00
15,347,Carson,13,GKP,39,0.1512,0.6944,0.04,0.0384,0.0403,0.0,1,0,0,0,2026-08-19T06:19:06.996889+00:00,2026-08-19T06:19:59.065270+00:00
15,348,Charles,13,MID,45,0,0,0.0,0.0,0.0,0,1,0,0,0,2026-08-19T06:19:06.996889+00:00,2026-08-19T06:19:59.065270+00:00
15,349,De Bruyne,13,MID,102,3.1648,3.0783,0.72,0.0784,0.6759,0.0448,1,0,0,0,2026-08-19T06:19:06.996889+00:00,2026-08-19T06:19:59.065270+00:00
15,350,Rúben,13,DEF,55,1.568,2.0892,0.48,0.1456,0.458,0.0044,1,2,90,1,2026-08-19T06:19:06.996889+00:00,2026-08-19T06:19:59.065270+00:00
15,352,Ederson M.,13,GKP,55,0,0,0.0,0.0,0.0,0,1,4,90,1,2026-08-19T06:19:06.996889+00:00,2026-08-19T06:19:59.065270+00:00
15,353,Foden,13,MID,75,2.2392,2.8193,0.48,0.1456,0.458,0.0268,1,3,72,1,2026-08-19T06:19:06.996889+00:00,2026-08-19T06:19:59.065270+00:00
15,354,Grealish,13,MID,72,1.184,1.8636,0.28,0.2016,0.2765,0.006,1,0,0,0,2026-08-19T06:19:06.996889+00:00,2026-08-19T06:19:59.065270+00:00
15,355,Haaland,13,FWD,140,3.2024,3.8936,0.48,0.1456,0.458,0.0916,1,2,90,1,2026-08-19T06:19:06.996889+00:00,2026-08-19T06:19:59.065270+00:00
15,356,Kovačić,13,MID,47,0.8756,1.3989,0.28,0.1584,0.2731,0.0008,1,1,22,0,2026-08-19T06:19:06.996889+00:00,2026-08-19T06:19:59.065270+00:00
15,357,Laporte,13,DEF,49,0,0,0.0,0.0,0.0,0,1,0,0,0,2026-08-19T06:19:06.996889+00:00,2026-08-19T06:19:59.065270+00:00
15,358,R.Lewis,13,DEF,43,0.454,1.0497,0.1,0.198,0.1088,0.0004,1,5,67,1,2026-08-19T06:19:06.996889+00:00,2026-08-19T06:19:59.065270+00:00
15,359,Mahrez,13,MID,75,0,0,0.0,0.0,0.0,0,1,0,0,0,2026-08-19T06:19:06.996889+00:00,2026-08-19T06:19:59.065270+00:00
15,361,Ortega Moreno,13,GKP,39,2.4776,2.0111,0.88,0.0048,0.8188,0.0,1,0,0,0,2026-08-19T06:19:06.996889+00:00,2026-08-19T06:19:59.065270+00:00
15,363,Perrone,13,MID,44,0,0,0.0,0.0,0.0,0,1,0,0,0,2026-08-19T06:19:06.996889+00:00,2026-08-19T06:19:59.065270+00:00
15,365,Rodrigo,13,MID,56,1.7392,2.1748,0.48,0.1456,0.458,0.0088,1,0,0,0,2026-08-19T06:19:06.996889+00:00,2026-08-19T06:19:59.065270+00:00
15,366,Sergio Gómez,13,DEF,39,0.468,1.0646,0.1,0.198,0.1088,0.0004,1,0,0,0,2026-08-19T06:19:06.996889+00:00,2026-08-19T06:19:59.065270+00:00
15,367,Steffen,13,GKP,39,0,0,0.0,0.0,0.0,0,1,0,0,0,2026-08-19T06:19:06.996889+00:00,2026-08-19T06:19:59.065270+00:00
15,368,Stones,13,DEF,53,0.914,1.6064,0.28,0.1584,0.2731,0.0024,1,1,90,1,2026-08-19T06:19:06.996889+00:00,2026-08-19T06:19:59.065270+00:00
15,369,Walker,13,DEF,53,1.5636,2.0623,0.48,0.1144,0.4556,0.004,1,2,90,1,2026-08-19T06:19:06.996889+00:00,2026-08-19T06:19:59.065270+00:00
15,566,Matheus N.,13,MID,48,0.892,1.3177,0.28,0.1584,0.2731,0.0012,1,1,22,0,2026-08-19T06:19:06.996889+00:00,2026-08-19T06:19:59.065270+00:00
15,616,Gvardiol,13,DEF,49,1.408,1.9683,0.48,0.1144,0.4556,0.0028,1,2,90,1,2026-08-19T06:19:06.996889+00:00,2026-08-19T06:19:59.065270+00:00
15,678,Doku,13,MID,68,2.0904,2.4664,0.48,0.1456,0.458,0.012,1,0,0,0,2026-08-19T06:19:06.996889+00:00,2026-08-19T06:19:59.065270+00:00
15,762,Susoho,13,MID,45,0.4328,0.8664,0.1,0.198,0.1088,0.0,1,,,,2026-08-19T06:19:06.996889+00:00,
15,771,Hamilton,13,MID,45,0.4508,0.9372,0.1,0.198,0.1088,0.0004,1,,,,2026-08-19T06:19:06.996889+00:00,
15,814,Wright,13,MID,45,0.5052,1.0198,0.1,0.198,0.1088,0.0,1,,,,2026-08-19T06:19:06.996889+00:00,
15,209,Mount,14,MID,68,0.708,1.4371,0.14,0.2408,0.1495,0.002,1,0,0,0,2026-08-19T06:19:06.996889+00:00,2026-08-19T06:19:59.065270+00:00
15,370,Alex Telles,14,DEF,45,0,0,0.0,0.0,0.0,0,1,0,0,0,2026-08-19T06:19:06.996889+00:00,2026-08-19T06:19:59.065270+00:00
15,371,Amad,14,MID,44,0.4644,1.016,0.1,0.198,0.1088,0.0004,1,0,0,0,2026-08-19T06:19:06.996889+00:00,2026-08-19T06:19:59.065270+00:00
15,372,Antony,14,MID,68,1.106,1.8498,0.28,0.2016,0.2765,0.0048,1,2,90,1,2026-08-19T06:19:06.996889+00:00,2026-08-19T06:19:59.065270+00:00
15,373,B.Fernandes,14,MID,83,2.5576,3.1939,0.48,0.1456,0.458,0.0424,1,0,90,1,2026-08-19T06:19:06.996889+00:00,2026-08-19T06:19:59.065270+00:00
15,374,B.Williams,14,DEF,40,0,0,0.0,0.0,0.0,0,1,0,0,0,2026-08-19T06:19:06.996889+00:00,2026-08-19T06:19:59.065270+00:00
15,375,Bailly,14,DEF,40,0,0,0.0,0.0,0.0,0,1,0,0,0,2026-08-19T06:19:06.996889+00:00,2026-08-19T06:19:59.065270+00:00
15,376,Casemiro,14,MID,54,1.7264,2.1624,0.48,0.1144,0.4556,0.0092,1,0,0,0,2026-08-19T06:19:06.996889+00:00,2026-08-19T06:19:59.065270+00:00
15,377,Dalot,14,DEF,50,1.9356,2.5983,0.48,0.1144,0.4556,0.0128,1,1,90,1,2026-08-19T06:19:06.996889+00:00,2026-08-19T06:19:59.065270+00:00
15,379,Eriksen,14,MID,58,1.248,1.8992,0.28,0.2016,0.2765,0.0036,1,0,0,0,2026-08-19T06:19:06.996889+00:00,2026-08-19T06:19:59.065270+00:00
15,380,Fernandez,14,DEF,40,0,0,0.0,0.0,0.0,0,1,0,0,0,2026-08-19T06:19:06.996889+00:00,2026-08-19T06:19:59.065270+00:00
15,381,Fred,14,MID,50,0,0,0.0,0.0,0.0,0,1,0,0,0,2026-08-19T06:19:06.996889+00:00,2026-08-19T06:19:59.065270+00:00
15,382,Garnacho,14,MID,47,0.9608,1.5222,0.28,0.1584,0.2731,0.0008,1,4,90,1,2026-08-19T06:19:06.996889+00:00,2026-08-19T06:19:59.065270+00:00
15,383,Hannibal,14,MID,44,0,0,0.0,0.0,0.0,0,1,0,0,0,2026-08-19T06:19:06.996889+00:00,2026-08-19T06:19:59.065270+00:00
15,384,Heaton,14,GKP,40,0.19,0.8221,0.04,0.0384,0.0403,0.0,1,0,0,0,2026-08-19T06:19:06.996889+00:00,2026-08-19T06:19:59.065270+00:00
15,386,Lindelof,14,DEF,45,0.5572,1.3249,0.11,0.1958,0.118,0.0012,1,1,45,1,2026-08-19T06:19:06.996889+00:00,2026-08-19T06:19:59.065270+00:00
15,387,Maguire,14,DEF,43,0,0,0.0,0.0,0.0,0,1,5,90,1,2026-08-19T06:19:06.996889+00:00,2026-08-19T06:19:59.065270+00:00
15,388,Mainoo,14,MID,44,0.4496,0.9247,0.1,0.198,0.1088,0.0,1,0,0,0,2026-08-19T06:19:06.996889+00:00,2026-08-19T06:19:59.065270+00:00
15,389,Malacia,14,DEF,43,0,0,0.0,0.0,0.0,0,1,0,0,0,2026-08-19T06:19:06.996889+00:00,2026-08-19T06:19:59.065270+00:00
15,390,Martial,14,FWD,64,0.756,1.4019,0.14,0.2408,0.1495,0.0032,1,0,0,0,2026-08-19T06:19:06.996889+00:00,2026-08-19T06:19:59.065270+00:00
15,391,Martinez,14,DEF,47,1.0324,1.8082,0.28,0.1584,0.2731,0.002,1,0,0,0,2026-08-19T06:19:06.996889+00:00,2026-08-19T06:19:59.065270+00:00
15,392,McTominay,14,MID,48,1.762,1.9939,0.48,0.1144,0.4556,0.0048,1,14,90,1,2026-08-19T06:19:06.996889+00:00,2026-08-19T06:19:59.065270+00:00
15,394,Pellistri,14,MID,44,0,0,0.0,0.0,0.0,0,1,0,0,0,2026-08-19T06:19:06.996889+00:00,2026-08-19T06:19:59.065270+00:00
15,395,R.Varane,14,DEF,50,1.1208,2.0347,0.28,0.1584,0.2731,0.0076,1,0,0,0,2026-08-19T06:19:06.996889+00:00,2026-08-19T06:19:59.065270+00:00
15,396,Rashford,14,MID,85,2.4304,3.1037,0.48,0.1456,0.458,0.0352,1,1,6,0,2026-08-19T06:19:06.996889+00:00,2026-08-19T06:19:59.065270+00:00
15,397,Sancho,14,MID,67,0,0,0.0,0.0,0.0,0,1,0,0,0,2026-08-19T06:19:06.996889+00:00,2026-08-19T06:19:59.065270+00:00
15,398,Shaw,14,DEF,52,0,0,0.0,0.0,0.0,0,1,1,90,1,2026-08-19T06:19:06.996889+00:00,2026-08-19T06:19:59.065270+00:00
15,399,Shoretire,14,FWD,44,0.4684,1.0295,0.1,0.198,0.1088,0.0012,1,0,0,0,2026-08-19T06:19:06.996889+00:00,2026-08-19T06:19:59.065270+00:00
15,400,Van de Beek,14,MID,47,0,0,0.0,0.0,0.0,0,1,0,0,0,2026-08-19T06:19:06.996889+00:00,2026-08-19T06:19:59.065270+00:00
15,401,Wan-Bissaka,14,DEF,44,0.9496,1.8204,0.22,0.1716,0.2183,0.0016,1,0,0,0,2026-08-19T06:19:06.996889+00:00,2026-08-19T06:19:59.065270+00:00
15,597,Onana,14,GKP,48,3.4688,2.3707,0.9,0.008,0.8376,0.0024,1,2,90,1,2026-08-19T06:19:06.996889+00:00,2026-08-19T06:19:59.065270+00:00
15,617,Højlund,14,FWD,70,1.8668,2.3274,0.48,0.1456,0.458,0.02,1,2,83,1,2026-08-19T06:19:06.996889+00:00,2026-08-19T06:19:59.065270+00:00
15,632,Forson,14,MID,44,0.4912,1.021,0.1,0.198,0.1088,0.0,1,0,0,0,2026-08-19T06:19:06.996889+00:00,2026-08-19T06:19:59.065270+00:00
15,669,Vítek,14,GKP,40,0,0,0.0,0.0,0.0,0,1,0,0,0,2026-08-19T06:19:06.996889+00:00,2026-08-19T06:19:59.065270+00:00
15,685,Gore,14,MID,45,0,0,0.0,0.0,0.0,0,1,0,0,0,2026-08-19T06:19:06.996889+00:00,2026-08-19T06:19:59.065270+00:00
15,695,Altay,14,GKP,40,0.184,0.8556,0.04,0.0384,0.0403,0.0,1,0,0,0,2026-08-19T06:19:06.996889+00:00,2026-08-19T06:19:59.065270+00:00
15,703,Evans,14,DEF,40,0.7988,1.4902,0.22,0.1716,0.2183,0.0004,1,1,1,0,2026-08-19T06:19:06.996889+00:00,2026-08-19T06:19:59.065270+00:00
15,709,Amrabat,14,MID,50,0.8956,1.3899,0.28,0.1584,0.2731,0.0,1,2,90,1,2026-08-19T06:19:06.996889+00:00,2026-08-19T06:19:59.065270+00:00
15,748,Hugill,14,FWD,45,0,0,0.0,0.0,0.0,0,1,0,0,0,2026-08-19T06:19:06.996889+00:00,2026-08-19T06:19:59.065270+00:00
15,766,Kambwala,14,DEF,39,0.5112,1.2672,0.1,0.198,0.1088,0.0012,1,,,,2026-08-19T06:19:06.996889+00:00,
15,768,Bennett,14,DEF,40,0,0,0.0,0.0,0.0,0,1,,,,2026-08-19T06:19:06.996889+00:00,
15,826,Collyer,14,MID,45,0.4572,0.959,0.1,0.198,0.1088,0.0,1,,,,2026-08-19T06:19:06.996889+00:00,
15,833,Ogunneye,14,DEF,40,0.5524,1.3209,0.1,0.198,0.1088,0.0012,1,,,,2026-08-19T06:19:06.996889+00:00,
15,835,Mee,14,GKP,40,0.174,0.8295,0.04,0.0384,0.0403,0.0,1,,,,2026-08-19T06:19:06.996889+00:00,
15,846,Amass,14,DEF,40,0.5528,1.2686,0.1,0.198,0.1088,0.0012,1,,,,2026-08-19T06:19:06.996889+00:00,
15,850,Wheatley,14,FWD,45,0.4576,0.9238,0.1,0.198,0.1088,0.0,1,,,,2026-08-19T06:19:06.996889+00:00,
15,856,Jackson,14,DEF,40,0.4776,1.1578,0.1,0.198,0.1088,0.0008,1,,,,2026-08-19T06:19:06.996889+00:00,
15,204,Hall,15,DEF,43,0.5064,1.1741,0.1,0.198,0.1088,0.0008,1,0,0,0,2026-08-19T06:19:06.996889+00:00,2026-08-19T06:19:59.065270+00:00
15,402,Almirón,15,MID,62,1.69,2.0297,0.48,0.1456,0.458,0.0052,1,2,90,1,2026-08-19T06:19:06.996889+00:00,2026-08-19T06:19:59.065270+00:00
15,403,Anderson,15,MID,43,0.916,1.3808,0.28,0.1584,0.2731,0.0012,1,0,0,0,2026-08-19T06:19:06.996889+00:00,2026-08-19T06:19:59.065270+00:00
15,404,Ashby,15,DEF,40,0,0,0.0,0.0,0.0,0,1,0,0,0,2026-08-19T06:19:06.996889+00:00,2026-08-19T06:19:59.065270+00:00
15,405,Botman,15,DEF,45,0,0,0.0,0.0,0.0,0,1,0,0,0,2026-08-19T06:19:06.996889+00:00,2026-08-19T06:19:59.065270+00:00
15,406,Bruno G.,15,MID,58,1.548,1.8728,0.48,0.1456,0.458,0.004,1,2,90,1,2026-08-19T06:19:06.996889+00:00,2026-08-19T06:19:59.065270+00:00
15,407,Burn,15,DEF,44,0.7612,1.5701,0.22,0.1716,0.2183,0.0016,1,0,0,0,2026-08-19T06:19:06.996889+00:00,2026-08-19T06:19:59.065270+00:00
15,408,Darlow,15,GKP,40,0,0,0.0,0.0,0.0,0,1,0,0,0,2026-08-19T06:19:06.996889+00:00,2026-08-19T06:19:59.065270+00:00
15,409,Dubravka,15,GKP,40,0.1484,0.6987,0.04,0.0384,0.0403,0.0,1,2,90,1,2026-08-19T06:19:06.996889+00:00,2026-08-19T06:19:59.065270+00:00
15,410,Fraser,15,MID,49,0,0,0.0,0.0,0.0,0,1,0,0,0,2026-08-19T06:19:06.996889+00:00,2026-08-19T06:19:59.065270+00:00
15,411,Gillespie,15,GKP,39,0.1572,0.7082,0.04,0.0384,0.0403,0.0,1,0,0,0,2026-08-19T06:19:06.996889+00:00,2026-08-19T06:19:59.065270+00:00
15,412,Gordon,15,MID,60,1.1696,2.0864,0.24,0.2128,0.2402,0.0092,1,2,90,1,2026-08-19T06:19:06.996889+00:00,2026-08-19T06:19:59.065270+00:00
15,413,Hayden,15,MID,44,0,0,0.0,0.0,0.0,0,1,0,0,0,2026-08-19T06:19:06.996889+00:00,2026-08-19T06:19:59.065270+00:00
15,414,Hendrick,15,MID,44,0,0,0.0,0.0,0.0,0,1,0,0,0,2026-08-19T06:19:06.996889+00:00,2026-08-19T06:19:59.065270+00:00
15,415,Isak,15,FWD,75,2.524,2.9469,0.48,0.1456,0.458,0.0328,1,2,90,1,2026-08-19T06:19:06.996889+00:00,2026-08-19T06:19:59.065270+00:00
15,416,Joelinton,15,MID,58,1.6952,2.0508,0.48,0.1456,0.458,0.0044,1,2,90,1,2026-08-19T06:19:06.996889+00:00,2026-08-19T06:19:59.065270+00:00
15,417,Krafth,15,DEF,44,0.4632,1.1456,0.1,0.198,0.1088,0.0012,1,1,1,0,2026-08-19T06:19:06.996889+00:00,2026-08-19T06:19:59.065270+00:00
15,418,Kuol,15,MID,45,0,0,0.0,0.0,0.0,0,1,0,0,0,2026-08-19T06:19:06.996889+00:00,2026-08-19T06:19:59.065270+00:00
15,419,Lascelles,15,DEF,42,0,0,0.0,0.0,0.0,0,1,1,89,1,2026-08-19T06:19:06.996889+00:00,2026-08-19T06:19:59.065270+00:00
15,420,J.Lewis,15,DEF,40,0,0,0.0,0.0,0.0,0,1,0,0,0,2026-08-19T06:19:06.996889+00:00,2026-08-19T06:19:59.065270+00:00
15,421,Longstaff,15,MID,49,1.294,1.685,0.48,0.1144,0.4556,0.002,1,0,0,0,2026-08-19T06:19:06.996889+00:00,2026-08-19T06:19:59.065270+00:00
15,422,Manquillo,15,DEF,40,0,0,0.0,0.0,0.0,0,1,0,0,0,2026-08-19T06:19:06.996889+00:00,2026-08-19T06:19:59.065270+00:00
15,423,J.Murphy,15,MID,48,0.6496,1.1894,0.18,0.1804,0.1818,0.0004,1,0,0,0,2026-08-19T06:19:06.996889+00:00,2026-08-19T06:19:59.065270+00:00
15,424,Pope,15,GKP,55,2.778,2.0888,0.88,0.0096,0.8192,0.0004,1,0,0,0,2026-08-19T06:19:06.996889+00:00,2026-08-19T06:19:59.065270+00:00
15,425,Ritchie,15,MID,44,0.4648,0.9105,0.1,0.198,0.1088,0.0,1,1,1,0,2026-08-19T06:19:06.996889+00:00,2026-08-19T06:19:59.065270+00:00
15,426,Saint-Maximin,15,MID,60,0,0,0.0,0.0,0.0,0,1,0,0,0,2026-08-19T06:19:06.996889+00:00,2026-08-19T06:19:59.065270+00:00
15,427,Schär,15,DEF,53,1.5712,2.1892,0.48,0.1144,0.4556,0.0076,1,1,90,1,2026-08-19T06:19:06.996889+00:00,2026-08-19T06:19:59.065270+00:00
15,428,Targett,15,DEF,42,0,0,0.0,0.0,0.0,0,1,0,0,0,2026-08-19T06:19:06.996889+00:00,2026-08-19T06:19:59.065270+00:00
15,429,Tonali,15,MID,52,0,0,0.0,0.0,0.0,0,1,0,0,0,2026-08-19T06:19:06.996889+00:00,2026-08-19T06:19:59.065270+00:00
15,430,Trippier,15,DEF,70,2.112,2.7301,0.48,0.1456,0.458,0.0176,1,1,90,1,2026-08-19T06:19:06.996889+00:00,2026-08-19T06:19:59.065270+00:00
15,431,Watts,15,DEF,40,0,0,0.0,0.0,0.0,0,1,0,0,0,2026-08-19T06:19:06.996889+00:00,2026-08-19T06:19:59.065270+00:00
15,432,Willock,15,MID,53,0,0,0.0,0.0,0.0,0,1,0,0,0,2026-08-19T06:19:06.996889+00:00,2026-08-19T06:19:59.065270+00:00
15,433,Wilson,15,FWD,78,1.5264,2.4358,0.28,0.2016,0.2765,0.016,1,0,0,0,2026-08-19T06:19:06.996889+00:00,2026-08-19T06:19:59.065270+00:00
15,580,Karius,15,GKP,39,0.15,0.7181,0.04,0.0384,0.0403,0.0,1,0,0,0,2026-08-19T06:19:06.996889+00:00,2026-08-19T06:19:59.065270+00:00
15,581,Dummett,15,DEF,39,0.4884,1.1496,0.1,0.198,0.1088,0.0008,1,0,0,0,2026-08-19T06:19:06.996889+00:00,2026-08-19T06:19:59.065270+00:00
15,603,Barnes,15,MID,62,1.616,2.0403,0.45,0.154,0.4308,0.0068,1,0,0,0,2026-08-19T06:19:06.996889+00:00,2026-08-19T06:19:59.065270+00:00
15,633,Livramento,15,DEF,43,0,0,0.0,0.0,0.0,0,1,1,90,1,2026-08-19T06:19:06.996889+00:00,2026-08-19T06:19:59.065270+00:00
15,634,A.Murphy,15,DEF,39,0.4572,1.1171,0.1,0.198,0.1088,0.0008,1,0,0,0,2026-08-19T06:19:06.996889+00:00,2026-08-19T06:19:59.065270+00:00
15,635,Miley,15,MID,45,0,0,0.0,0.0,0.0,0,1,2,89,1,2026-08-19T06:19:06.996889+00:00,2026-08-19T06:19:59.065270+00:00
15,738,Diallo,15,MID,45,0.4276,0.9127,0.1,0.198,0.1088,0.0004,1,0,0,0,2026-08-19T06:19:06.996889+00:00,2026-08-19T06:19:59.065270+00:00
15,739,Parkinson,15,FWD,45,0.4432,0.8863,0.1,0.198,0.1088,0.0,1,0,0,0,2026-08-19T06:19:06.996889+00:00,2026-08-19T06:19:59.065270+00:00
15,745,Ndiweni,15,FWD,45,0,0,0.0,0.0,0.0,0,1,0,0,0,2026-08-19T06:19:06.996889+00:00,2026-08-19T06:19:59.065270+00:00
15,794,White,15,MID,45,0.4616,0.9479,0.1,0.198,0.1088,0.0,1,,,,2026-08-19T06:19:06.996889+00:00,
15,795,Hernes,15,MID,45,0.4716,0.972,0.1,0.198,0.1088,0.0004,1,,,,2026-08-19T06:19:06.996889+00:00,
15,23,Tavares,16,DEF,40,0.4728,1.1304,0.1,0.198,0.1088,0.0008,1,0,0,0,2026-08-19T06:19:06.996889+00:00,2026-08-19T06:19:59.065270+00:00
15,28,Turner,16,GKP,40,2.8276,2.0458,0.9,0.004,0.8373,0.0004,1,0,0,0,2026-08-19T06:19:06.996889+00:00,2026-08-19T06:19:59.065270+00:00
15,205,Hudson-Odoi,16,MID,48,0.9016,1.396,0.28,0.1584,0.2731,0.002,1,1,57,1,2026-08-19T06:19:06.996889+00:00,2026-08-19T06:19:59.065270+00:00
15,378,Elanga,16,MID,50,1.58,1.9492,0.48,0.1144,0.4556,0.0036,1,2,90,1,2026-08-19T06:19:06.996889+00:00,2026-08-19T06:19:59.065270+00:00
15,434,B.Aguilera,16,MID,45,0,0,0.0,0.0,0.0,0,1,0,0,0,2026-08-19T06:19:06.996889+00:00,2026-08-19T06:19:59.065270+00:00
15,435,Arter,16,MID,43,0.4604,0.9629,0.1,0.198,0.1088,0.0004,1,0,0,0,2026-08-19T06:19:06.996889+00:00,2026-08-19T06:19:59.065270+00:00
15,436,Aurier,16,DEF,45,0,0,0.0,0.0,0.0,0,1,0,0,0,2026-08-19T06:19:06.996889+00:00,2026-08-19T06:19:59.065270+00:00
15,437,Awoniyi,16,FWD,64,1.8032,2.2053,0.48,0.1456,0.458,0.012,1,0,0,0,2026-08-19T06:19:06.996889+00:00,2026-08-19T06:19:59.065270+00:00
15,438,Biancone,16,DEF,39,0,0,0.0,0.0,0.0,0,1,0,0,0,2026-08-19T06:19:06.996889+00:00,2026-08-19T06:19:59.065270+00:00
15,439,Boly,16,DEF,45,0.8868,1.7461,0.22,0.1716,0.2183,0.004,1,0,0,0,2026-08-19T06:19:06.996889+00:00,2026-08-19T06:19:59.065270+00:00
15,440,Bowler,16,MID,45,0,0,0.0,0.0,0.0,0,1,0,0,0,2026-08-19T06:19:06.996889+00:00,2026-08-19T06:19:59.065270+00:00
15,441,Cook,16,DEF,45,0,0,0.0,0.0,0.0,0,1,0,0,0,2026-08-19T06:19:06.996889+00:00,2026-08-19T06:19:59.065270+00:00
15,442,Danilo,16,MID,53,0.898,1.3548,0.28,0.1584,0.2731,0.0008,1,1,32,0,2026-08-19T06:19:06.996889+00:00,2026-08-19T06:19:59.065270+00:00
15,443,Dennis,16,FWD,48,0,0,0.0,0.0,0.0,0,1,0,0,0,2026-08-19T06:19:06.996889+00:00,2026-08-19T06:19:59.065270+00:00
15,444,Dräger,16,DEF,40,0,0,0.0,0.0,0.0,0,1,0,0,0,2026-08-19T06:19:06.996889+00:00,2026-08-19T06:19:59.065270+00:00
15,445,Felipe,16,DEF,44,0.4888,1.1416,0.1,0.198,0.1088,0.0008,1,0,75,1,2026-08-19T06:19:06.996889+00:00,2026-08-19T06:19:59.065270+00:00
15,446,Freuler,16,MID,49,0,0,0.0,0.0,0.0,0,1,0,0,0,2026-08-19T06:19:06.996889+00:00,2026-08-19T06:19:59.065270+00:00
15,447,Gibbs-White,16,MID,57,1.798,2.2398,0.48,0.1456,0.458,0.0096,1,1,45,1,2026-08-19T06:19:06.996889+00:00,2026-08-19T06:19:59.065270+00:00
15,448,Hennessey,16,GKP,40,0.1644,0.7679,0.04,0.0384,0.0403,0.0,1,0,0,0,2026-08-19T06:19:06.996889+00:00,2026-08-19T06:19:59.065270+00:00
15,449,Horvath,16,GKP,43,0,0,0.0,0.0,0.0,0,1,0,0,0,2026-08-19T06:19:06.996889+00:00,2026-08-19T06:19:59.065270+00:00
15,451,Kouyaté,16,MID,48,0.7024,1.2468,0.18,0.1804,0.1818,0.0012,1,0,0,0,2026-08-19T06:19:06.996889+00:00,2026-08-19T06:19:59.065270+00:00
15,452,Laryea,16,DEF,45,0,0,0.0,0.0,0.0,0,1,0,0,0,2026-08-19T06:19:06.996889+00:00,2026-08-19T06:19:59.065270+00:00
15,453,Mangala,16,MID,50,0,0,0.0,0.0,0.0,0,1,2,90,1,2026-08-19T06:19:06.996889+00:00,2026-08-19T06:19:59.065270+00:00
15,454,Mbe Soh,16,DEF,40,0,0,0.0,0.0,0.0,0,1,0,0,0,2026-08-19T06:19:06.996889+00:00,2026-08-19T06:19:59.065270+00:00
15,455,McKenna,16,DEF,45,0,0,0.0,0.0,0.0,0,1,0,0,0,2026-08-19T06:19:06.996889+00:00,2026-08-19T06:19:59.065270+00:00
15,456,Mighten,16,MID,44,0,0,0.0,0.0,0.0,0,1,0,0,0,2026-08-19T06:19:06.996889+00:00,2026-08-19T06:19:59.065270+00:00
15,457,Niakhaté,16,DEF,45,0.7132,1.4474,0.22,0.1716,0.2183,0.0008,1,1,14,0,2026-08-19T06:19:06.996889+00:00,2026-08-19T06:19:59.065270+00:00
15,458,O'Brien,16,MID,49,0,0,0.0,0.0,0.0,0,1,0,0,0,2026-08-19T06:19:06.996889+00:00,2026-08-19T06:19:59.065270+00:00
15,459,Ojeda,16,MID,45,0,0,0.0,0.0,0.0,0,1,0,0,0,2026-08-19T06:19:06.996889+00:00,2026-08-19T06:19:59.065270+00:00
15,460,Panzo,16,DEF,40,0,0,0.0,0.0,0.0,0,1,0,0,0,2026-08-19T06:19:06.996889+00:00,2026-08-19T06:19:59.065270+00:00
15,461,O.Richards,16,DEF,44,0,0,0.0,0.0,0.0,0,1,0,0,0,2026-08-19T06:19:06.996889+00:00,2026-08-19T06:19:59.065270+00:00
15,462,G.Scarpa,16,MID,45,0,0,0.0,0.0,0.0,0,1,0,0,0,2026-08-19T06:19:06.996889+00:00,2026-08-19T06:19:59.065270+00:00
15,463,J.Shelvey,16,MID,48,0,0,0.0,0.0,0.0,0,1,0,0,0,2026-08-19T06:19:06.996889+00:00,2026-08-19T06:19:59.065270+00:00
15,464,Surridge,16,FWD,45,0,0,0.0,0.0,0.0,0,1,0,0,0,2026-08-19T06:19:06.996889+00:00,2026-08-19T06:19:59.065270+00:00
15,465,Toffolo,16,DEF,44,0.854,1.6822,0.22,0.1716,0.2183,0.0032,1,0,90,1,2026-08-19T06:19:06.996889+00:00,2026-08-19T06:19:59.065270+00:00
15,466,Ui-jo,16,FWD,44,0,0,0.0,0.0,0.0,0,1,0,0,0,2026-08-19T06:19:06.996889+00:00,2026-08-19T06:19:59.065270+00:00
15,467,Williams,16,DEF,43,0,0,0.0,0.0,0.0,0,1,0,0,0,2026-08-19T06:19:06.996889+00:00,2026-08-19T06:19:59.065270+00:00
15,468,Wood,16,FWD,49,0.9296,1.4596,0.28,0.1584,0.2731,0.0032,1,1,32,0,2026-08-19T06:19:06.996889+00:00,2026-08-19T06:19:59.065270+00:00
15,469,Worrall,16,DEF,44,0,0,0.0,0.0,0.0,0,1,0,0,0,2026-08-19T06:19:06.996889+00:00,2026-08-19T06:19:59.065270+00:00
15,470,Yates,16,MID,49,0.8256,1.3731,0.28,0.1584,0.2731,0.0016,1,0,45,1,2026-08-19T06:19:06.996889+00:00,2026-08-19T06:19:59.065270+00:00
15,604,Aina,16,DEF,45,0.7624,1.5262,0.22,0.1716,0.2183,0.0012,1,0,90,1,2026-08-19T06:19:06.996889+00:00,2026-08-19T06:19:59.065270+00:00
15,636,G.Shelvey,16,GKP,40,0,0,0.0,0.0,0.0,0,1,0,0,0,2026-08-19T06:19:06.996889+00:00,2026-08-19T06:19:59.065270+00:00
15,637,Powell,16,DEF,40,0.4632,1.0592,0.1,0.198,0.1088,0.0004,1,0,0,0,2026-08-19T06:19:06.996889+00:00,2026-08-19T06:19:59.065270+00:00
15,679,G.Montiel,16,DEF,44,0.4404,1.0208,0.1,0.198,0.1088,0.0,1,0,0,0,2026-08-19T06:19:06.996889+00:00,2026-08-19T06:19:59.065270+00:00
15,696,Murillo,16,DEF,45,0.7992,1.517,0.22,0.1716,0.2183,0.0008,1,0,90,1,2026-08-19T06:19:06.996889+00:00,2026-08-19T06:19:59.065270+00:00
15,710,Odysseas,16,GKP,45,0.174,0.8089,0.04,0.0384,0.0403,0.0,1,0,90,1,2026-08-19T06:19:06.996889+00:00,2026-08-19T06:19:59.065270+00:00
15,711,Omobamidele,16,DEF,45,0.5344,1.223,0.1,0.198,0.1088,0.0012,1,0,0,0,2026-08-19T06:19:06.996889+00:00,2026-08-19T06:19:59.065270+00:00
15,712,Dominguez,16,MID,50,0,0,0.0,0.0,0.0,0,1,1,45,1,2026-08-19T06:19:06.996889+00:00,2026-08-19T06:19:59.065270+00:00
15,713,Sangaré,16,MID,50,1.1508,1.4235,0.48,0.1144,0.4556,0.0008,1,1,45,1,2026-08-19T06:19:06.996889+00:00,2026-08-19T06:19:59.065270+00:00
15,714,Origi,16,FWD,50,0.6412,1.1958,0.18,0.1804,0.1818,0.0016,1,1,57,1,2026-08-19T06:19:06.996889+00:00,2026-08-19T06:19:59.065270+00:00
15,779,McDonnell,16,MID,45,0.47,0.9549,0.1,0.198,0.1088,0.0004,1,,,,2026-08-19T06:19:06.996889+00:00,
15,780,Osong,16,FWD,45,0.4312,0.894,0.1,0.198,0.1088,0.0004,1,,,,2026-08-19T06:19:06.996889+00:00,
15,781,Gardner,16,FWD,45,0.4072,0.8728,0.1,0.198,0.1088,0.0,1,,,,2026-08-19T06:19:06.996889+00:00,
15,801,Reyna,16,MID,46,0.6384,1.1374,0.18,0.1804,0.1818,0.0,1,,,,2026-08-19T06:19:06.996889+00:00,
15,808,Sels,16,GKP,45,0.1568,0.7351,0.04,0.0384,0.0403,0.0004,1,,,,2026-08-19T06:19:06.996889+00:00,
15,809,Ribeiro,16,FWD,45,0.4448,0.8828,0.1,0.198,0.1088,0.0,1,,,,2026-08-19T06:19:06.996889+00:00,
15,27,Trusty,17,DEF,39,0.8484,1.6464,0.22,0.1716,0.2183,0.002,1,2,87,1,2026-08-19T06:19:06.996889+00:00,2026-08-19T06:19:59.065270+00:00
15,33,Archer,17,FWD,46,1.5308,1.7438,0.48,0.1144,0.4556,0.0008,1,2,90,1,2026-08-19T06:19:06.996889+00:00,2026-08-19T06:19:59.065270+00:00
15,255,Holgate,17,DEF,40,0.8888,1.7454,0.22,0.1716,0.2183,0.0024,1,0,0,0,2026-08-19T06:19:06.996889+00:00,2026-08-19T06:19:59.065270+00:00
15,360,McAtee,17,MID,44,0.9196,1.4278,0.28,0.1584,0.2731,0.0012,1,2,90,1,2026-08-19T06:19:06.996889+00:00,2026-08-19T06:19:59.065270+00:00
15,471,Ahmedhodžić,17,DEF,43,0.8636,1.7584,0.22,0.1716,0.2183,0.0032,1,1,90,1,2026-08-19T06:19:06.996889+00:00,2026-08-19T06:19:59.065270+00:00
15,472,Amissah,17,GKP,39,0.1716,0.7756,0.04,0.0384,0.0403,0.0,1,0,0,0,2026-08-19T06:19:06.996889+00:00,2026-08-19T06:19:59.065270+00:00
15,473,Baldock,17,DEF,39,0,0,0.0,0.0,0.0,0,1,0,0,0,2026-08-19T06:19:06.996889+00:00,2026-08-19T06:19:59.065270+00:00
15,474,Basham,17,DEF,40,0,0,0.0,0.0,0.0,0,1,0,0,0,2026-08-19T06:19:06.996889+00:00,2026-08-19T06:19:59.065270+00:00
15,476,Bogle,17,DEF,45,0.874,1.7824,0.22,0.1716,0.2183,0.0048,1,0,90,1,2026-08-19T06:19:06.996889+00:00,2026-08-19T06:19:59.065270+00:00
15,477,Brewster,17,FWD,49,0.6528,1.194,0.18,0.1804,0.1818,0.0008,1,0,0,0,2026-08-19T06:19:06.996889+00:00,2026-08-19T06:19:59.065270+00:00
15,478,Coulibaly,17,MID,44,0,0,0.0,0.0,0.0,0,1,0,0,0,2026-08-19T06:19:06.996889+00:00,2026-08-19T06:19:59.065270+00:00
15,479,A.Davies,17,GKP,40,0.1928,0.8395,0.04,0.0384,0.0403,0.0,1,0,0,0,2026-08-19T06:19:06.996889+00:00,2026-08-19T06:19:59.065270+00:00
15,480,Egan,17,DEF,43,0.5268,1.265,0.11,0.1958,0.118,0.0012,1,0,0,0,2026-08-19T06:19:06.996889+00:00,2026-08-19T06:19:59.065270+00:00
15,481,Fleck,17,MID,49,0,0,0.0,0.0,0.0,0,1,1,16,0,2026-08-19T06:19:06.996889+00:00,2026-08-19T06:19:59.065270+00:00
15,482,Foderingham,17,GKP,45,4.0324,2.4161,0.9,0.004,0.8373,0.0068,1,3,90,1,2026-08-19T06:19:06.996889+00:00,2026-08-19T06:19:59.065270+00:00
15,483,Jebbison,17,FWD,48,0.59,1.1573,0.18,0.1804,0.1818,0.0012,1,0,0,0,2026-08-19T06:19:06.996889+00:00,2026-08-19T06:19:59.065270+00:00
15,484,Lowe,17,DEF,43,0.5052,1.21,0.1,0.198,0.1088,0.0004,1,1,2,0,2026-08-19T06:19:06.996889+00:00,2026-08-19T06:19:59.065270+00:00
15,485,McBurnie,17,FWD,54,1.1192,1.8851,0.28,0.1584,0.2731,0.0056,1,0,0,0,2026-08-19T06:19:06.996889+00:00,2026-08-19T06:19:59.065270+00:00
15,486,Ndiaye,17,FWD,55,0,0,0.0,0.0,0.0,0,1,0,0,0,2026-08-19T06:19:06.996889+00:00,2026-08-19T06:19:59.065270+00:00
15,487,Norrington-Davies,17,DEF,39,0,0,0.0,0.0,0.0,0,1,0,0,0,2026-08-19T06:19:06.996889+00:00,2026-08-19T06:19:59.065270+00:00
15,488,Norwood,17,MID,48,1.538,1.872,0.48,0.1144,0.4556,0.0032,1,0,4,0,2026-08-19T06:19:06.996889+00:00,2026-08-19T06:19:59.065270+00:00
15,489,Osborn,17,MID,48,0.5916,1.1436,0.14,0.1892,0.1453,0.0,1,0,0,0,2026-08-19T06:19:06.996889+00:00,2026-08-19T06:19:59.065270+00:00
15,490,Osula,17,FWD,43,0.8244,1.3133,0.28,0.1584,0.2731,0.0008,1,2,74,1,2026-08-19T06:19:06.996889+00:00,2026-08-19T06:19:59.065270+00:00
15,576,Robinson,17,DEF,44,0.8304,1.6595,0.22,0.1716,0.2183,0.0016,1,1,90,1,2026-08-19T06:19:06.996889+00:00,2026-08-19T06:19:59.065270+00:00
15,587,Slimane,17,MID,47,0.702,1.2873,0.18,0.1804,0.1818,0.0,1,0,0,0,2026-08-19T06:19:06.996889+00:00,2026-08-19T06:19:59.065270+00:00
15,592,Larouci,17,DEF,43,0.4848,1.152,0.1,0.198,0.1088,0.0,1,0,0,0,2026-08-19T06:19:06.996889+00:00,2026-08-19T06:19:59.065270+00:00
15,593,T.Bénie,17,FWD,52,0,0,0.0,0.0,0.0,0,1,1,15,0,2026-08-19T06:19:06.996889+00:00,2026-08-19T06:19:59.065270+00:00
15,638,Vini Souza,17,MID,50,1.3952,1.5391,0.48,0.1144,0.4556,0.0012,1,2,85,1,2026-08-19T06:19:06.996889+00:00,2026-08-19T06:19:59.065270+00:00
15,653,Seriki,17,DEF,40,0,0,0.0,0.0,0.0,0,1,0,0,0,2026-08-19T06:19:06.996889+00:00,2026-08-19T06:19:59.065270+00:00
15,654,Marsh,17,FWD,45,0,0,0.0,0.0,0.0,0,1,0,0,0,2026-08-19T06:19:06.996889+00:00,2026-08-19T06:19:59.065270+00:00
15,655,Brooks,17,MID,44,0.4768,0.9876,0.1,0.198,0.1088,0.0,1,2,73,1,2026-08-19T06:19:06.996889+00:00,2026-08-19T06:19:59.065270+00:00
15,656,Hackford,17,FWD,45,0,0,0.0,0.0,0.0,0,1,0,0,0,2026-08-19T06:19:06.996889+00:00,2026-08-19T06:19:59.065270+00:00
15,663,Hamer,17,MID,50,1.6184,2.0316,0.48,0.1144,0.4556,0.0076,1,2,90,1,2026-08-19T06:19:06.996889+00:00,2026-08-19T06:19:59.065270+00:00
15,666,T.Davies,17,MID,50,0.4488,0.9702,0.09,0.2002,0.0997,0.0,1,0,0,0,2026-08-19T06:19:06.996889+00:00,2026-08-19T06:19:59.065270+00:00
15,693,Thomas,17,DEF,40,0,0,0.0,0.0,0.0,0,1,0,0,0,2026-08-19T06:19:06.996889+00:00,2026-08-19T06:19:59.065270+00:00
15,730,Oné,17,MID,45,0.4832,1.0302,0.1,0.198,0.1088,0.0016,1,0,0,0,2026-08-19T06:19:06.996889+00:00,2026-08-19T06:19:59.065270+00:00
15,731,Buyabu,17,DEF,40,0,0,0.0,0.0,0.0,0,1,0,0,0,2026-08-19T06:19:06.996889+00:00,2026-08-19T06:19:59.065270+00:00
15,759,Peck,17,MID,44,0.4908,0.9715,0.1,0.198,0.1088,0.0,1,,,,2026-08-19T06:19:06.996889+00:00,
15,775,Brereton Díaz,17,MID,50,0.7248,1.2878,0.18,0.1804,0.1818,0.0008,1,,,,2026-08-19T06:19:06.996889+00:00,
15,790,Grbić,17,GKP,45,0.1708,0.7871,0.04,0.0384,0.0403,0.0,1,,,,2026-08-19T06:19:06.996889+00:00,
15,822,Blacker,17,FWD,45,0.4804,0.9718,0.1,0.198,0.1088,0.0,1,,,,2026-08-19T06:19:06.996889+00:00,
15,823,Arblaster,17,MID,45,0.4924,0.9625,0.1,0.198,0.1088,0.0,1,,,,2026-08-19T06:19:06.996889+00:00,
15,827,Sasnauskas,17,DEF,40,0.4864,1.1658,0.1,0.198,0.1088,0.0008,1,,,,2026-08-19T06:19:06.996889+00:00,
15,828,Curtis,17,DEF,40,0.5312,1.2822,0.1,0.198,0.1088,0.002,1,,,,2026-08-19T06:19:06.996889+00:00,
15,857,Hampson,17,MID,45,0.4656,0.9978,0.1,0.198,0.1088,0.0,1,,,,2026-08-19T06:19:06.996889+00:00,
15,450,Johnson,18,MID,58,1.9168,2.351,0.48,0.1456,0.458,0.0124,1,2,83,1,2026-08-19T06:19:06.996889+00:00,2026-08-19T06:19:59.065270+00:00
15,491,Austin,18,GKP,39,0.164,0.776,0.04,0.0384,0.0403,0.0,1,0,0,0,2026-08-19T06:19:06.996889+00:00,2026-08-19T06:19:59.065270+00:00
15,492,Bentancur,18,MID,54,0.7768,1.5414,0.18,0.1804,0.1818,0.0024,1,0,0,0,2026-08-19T06:19:06.996889+00:00,2026-08-19T06:19:59.065270+00:00
15,493,Bissouma,18,MID,50,0,0,0.0,0.0,0.0,0,1,2,83,1,2026-08-19T06:19:06.996889+00:00,2026-08-19T06:19:59.065270+00:00
15,494,Bryan,18,MID,49,0.656,1.2033,0.18,0.1804,0.1818,0.0004,1,1,6,0,2026-08-19T06:19:06.996889+00:00,2026-08-19T06:19:59.065270+00:00
15,495,Davies,18,DEF,43,0,0,0.0,0.0,0.0,0,1,1,90,1,2026-08-19T06:19:06.996889+00:00,2026-08-19T06:19:59.065270+00:00
15,496,Dier,18,DEF,42,0,0,0.0,0.0,0.0,0,1,0,0,0,2026-08-19T06:19:06.996889+00:00,2026-08-19T06:19:59.065270+00:00
15,497,E.Royal,18,DEF,44,0.8524,1.6998,0.22,0.1716,0.2183,0.0024,1,0,0,0,2026-08-19T06:19:06.996889+00:00,2026-08-19T06:19:59.065270+00:00
15,498,Forster,18,GKP,39,0,0,0.0,0.0,0.0,0,1,0,0,0,2026-08-19T06:19:06.996889+00:00,2026-08-19T06:19:59.065270+00:00
15,499,Højbjerg,18,MID,52,0.8624,1.4379,0.28,0.1584,0.2731,0.0016,1,2,66,1,2026-08-19T06:19:06.996889+00:00,2026-08-19T06:19:59.065270+00:00
15,500,Kane,18,FWD,125,0,0,0.0,0.0,0.0,0,1,0,0,0,2026-08-19T06:19:06.996889+00:00,2026-08-19T06:19:59.065270+00:00
15,501,Kulusevski,18,MID,70,2.0792,2.5877,0.48,0.1456,0.458,0.0168,1,1,90,1,2026-08-19T06:19:06.996889+00:00,2026-08-19T06:19:59.065270+00:00
15,502,Lloris,18,GKP,48,0,0,0.0,0.0,0.0,0,1,0,0,0,2026-08-19T06:19:06.996889+00:00,2026-08-19T06:19:59.065270+00:00
15,503,Lo Celso,18,MID,48,0.448,0.946,0.09,0.2002,0.0997,0.0,1,2,66,1,2026-08-19T06:19:06.996889+00:00,2026-08-19T06:19:59.065270+00:00
15,504,Maddison,18,MID,78,2.3972,3.0326,0.48,0.1456,0.458,0.0328,1,0,0,0,2026-08-19T06:19:06.996889+00:00,2026-08-19T06:19:59.065270+00:00
15,505,Ndombele,18,MID,44,0,0,0.0,0.0,0.0,0,1,0,0,0,2026-08-19T06:19:06.996889+00:00,2026-08-19T06:19:59.065270+00:00
15,506,Pedro Porro,18,DEF,53,2.07,2.8106,0.48,0.1144,0.4556,0.0208,1,5,90,1,2026-08-19T06:19:06.996889+00:00,2026-08-19T06:19:59.065270+00:00
15,507,Perišić,18,DEF,47,0,0,0.0,0.0,0.0,0,1,0,0,0,2026-08-19T06:19:06.996889+00:00,2026-08-19T06:19:59.065270+00:00
15,509,Richarlison,18,MID,66,0,0,0.0,0.0,0.0,0,1,1,23,0,2026-08-19T06:19:06.996889+00:00,2026-08-19T06:19:59.065270+00:00
15,510,Rodon,18,DEF,40,0,0,0.0,0.0,0.0,0,1,0,0,0,2026-08-19T06:19:06.996889+00:00,2026-08-19T06:19:59.065270+00:00
15,511,Romero,18,DEF,49,1.9732,2.5767,0.48,0.1144,0.4556,0.0112,1,9,90,1,2026-08-19T06:19:06.996889+00:00,2026-08-19T06:19:59.065270+00:00
15,512,Sánchez,18,DEF,44,0,0,0.0,0.0,0.0,0,1,0,0,0,2026-08-19T06:19:06.996889+00:00,2026-08-19T06:19:59.065270+00:00
15,513,Sarr,18,MID,45,1.5692,1.979,0.48,0.1144,0.4556,0.0032,1,1,6,0,2026-08-19T06:19:06.996889+00:00,2026-08-19T06:19:59.065270+00:00
15,514,Sessegnon,18,DEF,44,0,0,0.0,0.0,0.0,0,1,0,0,0,2026-08-19T06:19:06.996889+00:00,2026-08-19T06:19:59.065270+00:00
15,515,Skipp,18,MID,46,0.6608,1.1471,0.18,0.1804,0.1818,0.0,1,1,23,0,2026-08-19T06:19:06.996889+00:00,2026-08-19T06:19:59.065270+00:00
15,516,Son,18,MID,96,2.8824,3.5107,0.48,0.1456,0.458,0.0572,1,2,87,1,2026-08-19T06:19:06.996889+00:00,2026-08-19T06:19:59.065270+00:00
15,517,Spence,18,DEF,40,0,0,0.0,0.0,0.0,0,1,0,0,0,2026-08-19T06:19:06.996889+00:00,2026-08-19T06:19:59.065270+00:00
15,518,Tanganga,18,DEF,40,0,0,0.0,0.0,0.0,0,1,0,0,0,2026-08-19T06:19:06.996889+00:00,2026-08-19T06:19:59.065270+00:00
15,519,Udogie,18,DEF,48,0,0,0.0,0.0,0.0,0,1,1,90,1,2026-08-19T06:19:06.996889+00:00,2026-08-19T06:19:59.065270+00:00
15,520,Vicario,18,GKP,52,3.416,2.3314,0.9,0.008,0.8376,0.0028,1,2,90,1,2026-08-19T06:19:06.996889+00:00,2026-08-19T06:19:59.065270+00:00
15,521,Whiteman,18,GKP,39,0.1752,0.795,0.04,0.0384,0.0403,0.0,1,0,0,0,2026-08-19T06:19:06.996889+00:00,2026-08-19T06:19:59.065270+00:00
15,583,Solomon,18,MID,51,0,0,0.0,0.0,0.0,0,1,0,0,0,2026-08-19T06:19:06.996889+00:00,2026-08-19T06:19:59.065270+00:00
15,639,Van de Ven,18,DEF,45,0.9528,1.7913,0.22,0.1716,0.2183,0.0028,1,0,0,0,2026-08-19T06:19:06.996889+00:00,2026-08-19T06:19:59.065270+00:00
15,640,Scarlett,18,FWD,45,0.4424,0.9041,0.1,0.198,0.1088,0.0004,1,0,0,0,2026-08-19T06:19:06.996889+00:00,2026-08-19T06:19:59.065270+00:00
15,641,Veliz,18,FWD,54,0,0,0.0,0.0,0.0,0,1,1,2,0,2026-08-19T06:19:06.996889+00:00,2026-08-19T06:19:59.065270+00:00
15,702,Phillips,18,DEF,40,0,0,0.0,0.0,0.0,0,1,0,0,0,2026-08-19T06:19:06.996889+00:00,2026-08-19T06:19:59.065270+00:00
15,722,Donley,18,FWD,45,0.4592,0.9068,0.1,0.198,0.1088,0.0,1,0,0,0,2026-08-19T06:19:06.996889+00:00,2026-08-19T06:19:59.065270+00:00
15,740,Dorrington,18,DEF,40,0.5192,1.2309,0.1,0.198,0.1088,0.0,1,0,0,0,2026-08-19T06:19:06.996889+00:00,2026-08-19T06:19:59.065270+00:00
15,754,Yago Santiago,18,MID,45,0.4664,0.9627,0.1,0.198,0.1088,0.0,1,0,0,0,2026-08-19T06:19:06.996889+00:00,2026-08-19T06:19:59.065270+00:00
15,776,Werner,18,FWD,63,0,0,0.0,0.0,0.0,0,1,,,,2026-08-19T06:19:06.996889+00:00,
15,777,Drăgușin,18,DEF,42,0.552,1.274,0.1,0.198,0.1088,0.0004,1,,,,2026-08-19T06:19:06.996889+00:00,
15,860,Moore,18,MID,45,0.4776,0.9767,0.1,0.198,0.1088,0.0,1,,,,2026-08-19T06:19:06.996889+00:00,
15,862,Hall,18,MID,45,0.5004,1.0726,0.1,0.198,0.1088,0.0,1,,,,2026-08-19T06:19:06.996889+00:00,
15,364,Phillips,19,MID,48,0.6556,1.2017,0.18,0.1804,0.1818,0.0004,1,0,0,0,2026-08-19T06:19:06.996889+00:00,2026-08-19T06:19:59.065270+00:00
15,522,N.Aguerd,19,DEF,45,0.5168,1.2878,0.11,0.1958,0.118,0.0032,1,2,90,1,2026-08-19T06:19:06.996889+00:00,2026-08-19T06:19:59.065270+00:00
15,523,Antonio,19,FWD,57,1.6584,1.9844,0.48,0.1456,0.458,0.008,1,0,0,0,2026-08-19T06:19:06.996889+00:00,2026-08-19T06:19:59.065270+00:00
15,524,Areola,19,GKP,43,3.0672,2.1598,0.9,0.004,0.8373,0.0012,1,0,0,0,2026-08-19T06:19:06.996889+00:00,2026-08-19T06:19:59.065270+00:00
15,525,Benrahma,19,MID,56,0,0,0.0,0.0,0.0,0,1,0,0,0,2026-08-19T06:19:06.996889+00:00,2026-08-19T06:19:59.065270+00:00
15,526,Bowen,19,MID,76,2.4552,3.0672,0.48,0.1456,0.458,0.0316,1,7,90,1,2026-08-19T06:19:06.996889+00:00,2026-08-19T06:19:59.065270+00:00
15,527,Cornet,19,MID,52,0.7092,1.2692,0.18,0.1804,0.1818,0.0016,1,0,0,0,2026-08-19T06:19:06.996889+00:00,2026-08-19T06:19:59.065270+00:00
15,528,Coufal,19,DEF,46,1.4828,1.9574,0.48,0.1144,0.4556,0.0012,1,2,90,1,2026-08-19T06:19:06.996889+00:00,2026-08-19T06:19:59.065270+00:00
15,529,Coventry,19,MID,44,0,0,0.0,0.0,0.0,0,1,0,0,0,2026-08-19T06:19:06.996889+00:00,2026-08-19T06:19:59.065270+00:00
15,530,Cresswell,19,DEF,42,0.4108,1.0028,0.1,0.198,0.1088,0.0,1,0,0,0,2026-08-19T06:19:06.996889+00:00,2026-08-19T06:19:59.065270+00:00
15,531,Downes,19,MID,50,0,0,0.0,0.0,0.0,0,1,0,0,0,2026-08-19T06:19:06.996889+00:00,2026-08-19T06:19:59.065270+00:00
15,532,Emerson,19,DEF,45,0.7244,1.5231,0.22,0.1716,0.2183,0.0016,1,1,90,1,2026-08-19T06:19:06.996889+00:00,2026-08-19T06:19:59.065270+00:00
15,533,Fabianski,19,GKP,42,0.1788,0.8304,0.04,0.0384,0.0403,0.0,1,3,90,1,2026-08-19T06:19:06.996889+00:00,2026-08-19T06:19:59.065270+00:00
15,534,P.Fornals,19,MID,47,0,0,0.0,0.0,0.0,0,1,1,2,0,2026-08-19T06:19:06.996889+00:00,2026-08-19T06:19:59.065270+00:00
15,535,Ings,19,FWD,56,1.3168,1.5416,0.45,0.154,0.4308,0.002,1,0,0,0,2026-08-19T06:19:06.996889+00:00,2026-08-19T06:19:59.065270+00:00
15,536,Johnson,19,DEF,44,0.7332,1.4107,0.22,0.1716,0.2183,0.0004,1,0,0,0,2026-08-19T06:19:06.996889+00:00,2026-08-19T06:19:59.065270+00:00
15,537,Kehrer,19,DEF,43,0,0,0.0,0.0,0.0,0,1,0,0,0,2026-08-19T06:19:06.996889+00:00,2026-08-19T06:19:59.065270+00:00
15,538,Mubama,19,FWD,43,0.4104,0.7908,0.1,0.198,0.1088,0.0,1,0,0,0,2026-08-19T06:19:06.996889+00:00,2026-08-19T06:19:59.065270+00:00
15,539,L.Paquetá,19,MID,60,1.6272,2.1499,0.48,0.1456,0.458,0.0104,1,2,90,1,2026-08-19T06:19:06.996889+00:00,2026-08-19T06:19:59.065270+00:00
15,541,Scamacca,19,FWD,60,0,0,0.0,0.0,0.0,0,1,0,0,0,2026-08-19T06:19:06.996889+00:00,2026-08-19T06:19:59.065270+00:00
15,542,Souček,19,MID,49,1.7956,2.3114,0.48,0.1144,0.4556,0.0108,1,2,90,1,2026-08-19T06:19:06.996889+00:00,2026-08-19T06:19:59.065270+00:00
15,543,Vlašić,19,MID,45,0,0,0.0,0.0,0.0,0,1,0,0,0,2026-08-19T06:19:06.996889+00:00,2026-08-19T06:19:59.065270+00:00
15,544,Zouma,19,DEF,45,0.862,1.6471,0.22,0.1716,0.2183,0.0012,1,2,90,1,2026-08-19T06:19:06.996889+00:00,2026-08-19T06:19:59.065270+00:00
15,577,Ogbonna,19,DEF,43,0.4848,1.1682,0.1,0.198,0.1088,0.0012,1,0,0,0,2026-08-19T06:19:06.996889+00:00,2026-08-19T06:19:59.065270+00:00
15,642,Álvarez,19,MID,50,1.0912,1.3098,0.48,0.1144,0.4556,0.0004,1,1,90,1,2026-08-19T06:19:06.996889+00:00,2026-08-19T06:19:59.065270+00:00
15,647,Anang,19,GKP,40,0.1492,0.7354,0.04,0.0384,0.0403,0.0,1,0,0,0,2026-08-19T06:19:06.996889+00:00,2026-08-19T06:19:59.065270+00:00
15,664,Ward-Prowse,19,MID,62,2.0232,2.4876,0.48,0.1456,0.458,0.0132,1,8,90,1,2026-08-19T06:19:06.996889+00:00,2026-08-19T06:19:59.065270+00:00
15,676,Mavropanos,19,DEF,45,0.4816,1.139,0.1,0.198,0.1088,0.0004,1,0,0,0,2026-08-19T06:19:06.996889+00:00,2026-08-19T06:19:59.065270+00:00
15,689,Kudus,19,MID,66,1.2736,2.0158,0.28,0.2016,0.2765,0.006,1,2,87,1,2026-08-19T06:19:06.996889+00:00,2026-08-19T06:19:59.065270+00:00
15,773,Orford,19,MID,45,0.4688,0.9595,0.1,0.198,0.1088,0.0,1,,,,2026-08-19T06:19:06.996889+00:00,
15,774,Casey,19,DEF,40,0.4876,1.1352,0.1,0.198,0.1088,0.0004,1,,,,2026-08-19T06:19:06.996889+00:00,
15,784,Scarles,19,DEF,40,0.4332,1.0066,0.1,0.198,0.1088,0.0004,1,,,,2026-08-19T06:19:06.996889+00:00,
15,785,Marshall,19,FWD,45,0,0,0.0,0.0,0.0,0,1,,,,2026-08-19T06:19:06.996889+00:00,
15,829,Earthy,19,MID,45,0.4464,0.8905,0.1,0.198,0.1088,0.0,1,,,,2026-08-19T06:19:06.996889+00:00,
15,351,Doyle,20,MID,44,0.4704,0.9583,0.1,0.198,0.1088,0.0,1,0,0,0,2026-08-19T06:19:06.996889+00:00,2026-08-19T06:19:59.065270+00:00
15,545,Aït-Nouri,20,DEF,45,0.8664,1.8527,0.22,0.1716,0.2183,0.006,1,0,0,0,2026-08-19T06:19:06.996889+00:00,2026-08-19T06:19:59.065270+00:00
15,546,Bentley,20,GKP,39,0.1912,0.8961,0.04,0.0384,0.0403,0.0,1,7,90,1,2026-08-19T06:19:06.996889+00:00,2026-08-19T06:19:59.065270+00:00
15,547,Bolla,20,DEF,40,0,0,0.0,0.0,0.0,0,1,0,0,0,2026-08-19T06:19:06.996889+00:00,2026-08-19T06:19:59.065270+00:00
15,548,H.Bueno,20,DEF,44,0.4968,1.149,0.1,0.198,0.1088,0.0004,1,6,90,1,2026-08-19T06:19:06.996889+00:00,2026-08-19T06:19:59.065270+00:00
15,549,Chiquinho,20,MID,45,0,0,0.0,0.0,0.0,0,1,0,0,0,2026-08-19T06:19:06.996889+00:00,2026-08-19T06:19:59.065270+00:00
15,550,Cundle,20,MID,45,0,0,0.0,0.0,0.0,0,1,0,0,0,2026-08-19T06:19:06.996889+00:00,2026-08-19T06:19:59.065270+00:00
15,551,Dawson,20,DEF,45,0,0,0.0,0.0,0.0,0,1,8,90,1,2026-08-19T06:19:06.996889+00:00,2026-08-19T06:19:59.065270+00:00
15,552,Fábio Silva,20,FWD,53,0,0,0.0,0.0,0.0,0,1,0,0,0,2026-08-19T06:19:06.996889+00:00,2026-08-19T06:19:59.065270+00:00
15,554,Guedes,20,MID,54,0,0,0.0,0.0,0.0,0,1,0,0,0,2026-08-19T06:19:06.996889+00:00,2026-08-19T06:19:59.065270+00:00
15,555,Hodge,20,MID,44,0,0,0.0,0.0,0.0,0,1,0,0,0,2026-08-19T06:19:06.996889+00:00,2026-08-19T06:19:59.065270+00:00
15,556,Hoever,20,DEF,40,0,0,0.0,0.0,0.0,0,1,0,0,0,2026-08-19T06:19:06.996889+00:00,2026-08-19T06:19:59.065270+00:00
15,557,Hee Chan,20,MID,56,2.2076,2.7463,0.48,0.1456,0.458,0.0196,1,10,90,1,2026-08-19T06:19:06.996889+00:00,2026-08-19T06:19:59.065270+00:00
15,559,João Gomes,20,MID,49,1.2592,1.5153,0.48,0.1144,0.4556,0.0012,1,3,90,1,2026-08-19T06:19:06.996889+00:00,2026-08-19T06:19:59.065270+00:00
15,560,J.Otto,20,DEF,43,0,0,0.0,0.0,0.0,0,1,0,0,0,2026-08-19T06:19:06.996889+00:00,2026-08-19T06:19:59.065270+00:00
15,561,Jordão,20,MID,44,0.484,1.0449,0.1,0.198,0.1088,0.0004,1,0,0,0,2026-08-19T06:19:06.996889+00:00,2026-08-19T06:19:59.065270+00:00
15,562,Kalajdžić,20,FWD,49,0,0,0.0,0.0,0.0,0,1,0,0,0,2026-08-19T06:19:06.996889+00:00,2026-08-19T06:19:59.065270+00:00
15,563,Kilman,20,DEF,45,0.9364,1.752,0.22,0.1716,0.2183,0.0028,1,5,90,1,2026-08-19T06:19:06.996889+00:00,2026-08-19T06:19:59.065270+00:00
15,564,King,20,GKP,40,0.1744,0.8204,0.04,0.0384,0.0403,0.0,1,0,0,0,2026-08-19T06:19:06.996889+00:00,2026-08-19T06:19:59.065270+00:00
15,565,Mario Jr.,20,MID,49,1.658,2.1525,0.48,0.1144,0.4556,0.0068,1,2,90,1,2026-08-19T06:19:06.996889+00:00,2026-08-19T06:19:59.065270+00:00
15,567,Neto,20,MID,56,2.0848,2.6117,0.48,0.1456,0.458,0.0188,1,0,0,0,2026-08-19T06:19:06.996889+00:00,2026-08-19T06:19:59.065270+00:00
15,568,Podence,20,MID,53,0,0,0.0,0.0,0.0,0,1,0,0,0,2026-08-19T06:19:06.996889+00:00,2026-08-19T06:19:59.065270+00:00
15,569,José Sá,20,GKP,50,3.6612,2.333,0.9,0.008,0.8376,0.0028,1,0,0,0,2026-08-19T06:19:06.996889+00:00,2026-08-19T06:19:59.065270+00:00
15,570,Sarabia,20,MID,47,0.4924,1.1136,0.09,0.2002,0.0997,0.0012,1,3,78,1,2026-08-19T06:19:06.996889+00:00,2026-08-19T06:19:59.065270+00:00
15,571,Šarkić,20,GKP,40,0,0,0.0,0.0,0.0,0,1,0,0,0,2026-08-19T06:19:06.996889+00:00,2026-08-19T06:19:59.065270+00:00
15,572,N.Semedo,20,DEF,45,0,0,0.0,0.0,0.0,0,1,6,90,1,2026-08-19T06:19:06.996889+00:00,2026-08-19T06:19:59.065270+00:00
15,573,Toti,20,DEF,44,0.94,1.7925,0.22,0.1716,0.2183,0.0028,1,9,90,1,2026-08-19T06:19:06.996889+00:00,2026-08-19T06:19:59.065270+00:00
15,574,Boubacar Traore,20,MID,44,0.8648,1.2611,0.28,0.1584,0.2731,0.0,1,1,3,0,2026-08-19T06:19:06.996889+00:00,2026-08-19T06:19:59.065270+00:00
15,590,Cunha,20,FWD,56,1.7972,2.2358,0.48,0.1456,0.458,0.0104,1,5,86,1,2026-08-19T06:19:06.996889+00:00,2026-08-19T06:19:59.065270+00:00
15,598,Doherty,20,DEF,43,0.8364,1.6568,0.22,0.1716,0.2183,0.0028,1,1,1,0,2026-08-19T06:19:06.996889+00:00,2026-08-19T06:19:59.065270+00:00
15,697,S.Bueno,20,DEF,45,0.482,1.1523,0.1,0.198,0.1088,0.0008,1,0,0,0,2026-08-19T06:19:06.996889+00:00,2026-08-19T06:19:59.065270+00:00
15,698,González,20,MID,50,0.66,1.2232,0.18,0.1804,0.1818,0.0008,1,0,0,0,2026-08-19T06:19:06.996889+00:00,2026-08-19T06:19:59.065270+00:00
15,704,Fraser,20,FWD,45,0.4528,0.933,0.1,0.198,0.1088,0.0008,1,0,0,0,2026-08-19T06:19:06.996889+00:00,2026-08-19T06:19:59.065270+00:00
15,715,Bellegarde,20,MID,49,0.892,1.4024,0.28,0.1584,0.2731,0.0012,1,1,11,0,2026-08-19T06:19:06.996889+00:00,2026-08-19T06:19:59.065270+00:00
15,749,Whittingham,20,MID,45,0.4904,1.0127,0.1,0.198,0.1088,0.0004,1,0,0,0,2026-08-19T06:19:06.996889+00:00,2026-08-19T06:19:59.065270+00:00
15,750,Chirewa,20,MID,45,0.4996,1.0392,0.1,0.198,0.1088,0.0004,1,0,0,0,2026-08-19T06:19:06.996889+00:00,2026-08-19T06:19:59.065270+00:00
15,751,Hubner,20,DEF,40,0.5156,1.2146,0.1,0.198,0.1088,0.0004,1,0,0,0,2026-08-19T06:19:06.996889+00:00,2026-08-19T06:19:59.065270+00:00
15,769,Hesketh,20,MID,45,0,0,0.0,0.0,0.0,0,1,,,,2026-08-19T06:19:06.996889+00:00,
15,770,Barnett,20,MID,45,0.4808,1.0014,0.1,0.198,0.1088,0.0,1,,,,2026-08-19T06:19:06.996889+00:00,
15,787,Griffiths,20,MID,45,0.4808,1.0185,0.1,0.198,0.1088,0.0004,1,,,,2026-08-19T06:19:06.996889+00:00,
15,788,Mosquera,20,DEF,40,0,0,0.0,0.0,0.0,0,1,,,,2026-08-19T06:19:06.996889+00:00,
15,800,N.Lemina,20,MID,50,0.7488,1.4409,0.18,0.1804,0.1818,0.0036,1,,,,2026-08-19T06:19:06.996889+00:00,
15,832,Okoduwa,20,DEF,40,0.5384,1.3232,0.1,0.198,0.1088,0.0008,1,,,,2026-08-19T06:19:06.996889+00:00,
15,836,Chiwome,20,FWD,45,0,0,0.0,0.0,0.0,0,1,,,,2026-08-19T06:19:06.996889+00:00,
15,840,Holman,20,FWD,45,0.4552,0.8946,0.1,0.198,0.1088,0.0,1,,,,2026-08-19T06:19:06.996889+00:00,
15,853,Ojinnaka,20,MID,45,0.468,0.9532,0.1,0.198,0.1088,0.0004,1,,,,2026-08-19T06:19:06.996889+00:00,
