gw,player_id,web_name,team_id,position,now_cost,mu,sigma,p_start,p_sub,p_60,p_10_plus,n_fixtures,actual_points,actual_minutes,did_start,captured_at,scored_at
16,1,Balogun,1,FWD,44,0,0,0.0,0.0,0.0,0,1,0,0,0,2026-08-19T06:19:08.606061+00:00,2026-08-19T06:19:59.095719+00:00
16,2,Cédric,1,DEF,39,0.4368,1.0446,0.1,0.198,0.1088,0.0004,1,0,0,0,2026-08-19T06:19:08.606061+00:00,2026-08-19T06:19:59.095719+00:00
16,3,M.Elneny,1,MID,44,0.4748,0.9567,0.1,0.198,0.1088,0.0,1,0,0,0,2026-08-19T06:19:08.606061+00:00,2026-08-19T06:19:59.095719+00:00
16,4,Fábio Vieira,1,MID,54,0.7292,1.4039,0.18,0.1804,0.1818,0.002,1,0,0,0,2026-08-19T06:19:08.606061+00:00,2026-08-19T06:19:59.095719+00:00
16,5,Gabriel,1,DEF,49,1.5572,2.1436,0.48,0.1144,0.4556,0.0052,1,2,90,1,2026-08-19T06:19:08.606061+00:00,2026-08-19T06:19:59.095719+00:00
16,6,Havertz,1,MID,71,1.7076,2.3271,0.48,0.1456,0.458,0.0132,1,2,90,1,2026-08-19T06:19:08.606061+00:00,2026-08-19T06:19:59.095719+00:00
16,8,G.Jesus,1,FWD,79,1.3704,2.2551,0.28,0.2016,0.2765,0.0132,1,2,81,1,2026-08-19T06:19:08.606061+00:00,2026-08-19T06:19:59.095719+00:00
16,9,Jorginho,1,MID,53,0.902,1.4118,0.28,0.1584,0.2731,0.0008,1,0,0,0,2026-08-19T06:19:08.606061+00:00,2026-08-19T06:19:59.095719+00:00
16,10,Kiwior,1,DEF,43,0.7036,1.4335,0.22,0.1716,0.2183,0.0016,1,0,0,0,2026-08-19T06:19:08.606061+00:00,2026-08-19T06:19:59.095719+00:00
16,11,Marquinhos,1,MID,45,0,0,0.0,0.0,0.0,0,1,0,0,0,2026-08-19T06:19:08.606061+00:00,2026-08-19T06:19:59.095719+00:00
16,12,Martinelli,1,MID,78,1.7648,2.2203,0.48,0.1456,0.458,0.0112,1,2,69,1,2026-08-19T06:19:08.606061+00:00,2026-08-19T06:19:59.095719+00:00
16,13,Nketiah,1,FWD,55,1.7828,2.2067,0.48,0.1456,0.458,0.0132,1,1,8,0,2026-08-19T06:19:08.606061+00:00,2026-08-19T06:19:59.095719+00:00
16,14,Ødegaard,1,MID,83,2.2616,2.7233,0.48,0.1456,0.458,0.0212,1,2,90,1,2026-08-19T06:19:08.606061+00:00,2026-08-19T06:19:59.095719+00:00
16,15,Thomas,1,MID,48,0.8976,1.3251,0.28,0.1584,0.2731,0.0,1,0,0,0,2026-08-19T06:19:08.606061+00:00,2026-08-19T06:19:59.095719+00:00
16,16,Pepe,1,MID,49,0,0,0.0,0.0,0.0,0,1,0,0,0,2026-08-19T06:19:08.606061+00:00,2026-08-19T06:19:59.095719+00:00
16,17,Ramsdale,1,GKP,46,0.2568,0.8255,0.08,0.0736,0.0803,0.0,1,0,0,0,2026-08-19T06:19:08.606061+00:00,2026-08-19T06:19:59.095719+00:00
16,18,Rúnarsson,1,GKP,40,0,0,0.0,0.0,0.0,0,1,0,0,0,2026-08-19T06:19:08.606061+00:00,2026-08-19T06:19:59.095719+00:00
16,19,Saka,1,MID,89,1.5252,2.6708,0.24,0.2128,0.2402,0.0216,1,2,90,1,2026-08-19T06:19:08.606061+00:00,2026-08-19T06:19:59.095719+00:00
16,20,Saliba,1,DEF,55,1.6604,2.1199,0.48,0.1456,0.458,0.0056,1,2,90,1,2026-08-19T06:19:08.606061+00:00,2026-08-19T06:19:59.095719+00:00
16,22,Smith Rowe,1,MID,53,0.694,1.3002,0.18,0.1804,0.1818,0.0004,1,0,0,0,2026-08-19T06:19:08.606061+00:00,2026-08-19T06:19:59.095719+00:00
16,24,Tierney,1,DEF,44,0,0,0.0,0.0,0.0,0,1,0,0,0,2026-08-19T06:19:08.606061+00:00,2026-08-19T06:19:59.095719+00:00
16,25,Tomiyasu,1,DEF,45,0.8716,1.7363,0.22,0.1716,0.2183,0.004,1,0,0,0,2026-08-19T06:19:08.606061+00:00,2026-08-19T06:19:59.095719+00:00
16,26,Trossard,1,MID,65,1.4616,2.2829,0.28,0.2016,0.2765,0.0108,1,1,20,0,2026-08-19T06:19:08.606061+00:00,2026-08-19T06:19:59.095719+00:00
16,29,White,1,DEF,56,1.7348,2.2918,0.48,0.1456,0.458,0.006,1,2,90,1,2026-08-19T06:19:08.606061+00:00,2026-08-19T06:19:59.095719+00:00
16,30,Xhaka,1,MID,60,0,0,0.0,0.0,0.0,0,1,0,0,0,2026-08-19T06:19:08.606061+00:00,2026-08-19T06:19:59.095719+00:00
16,31,Zinchenko,1,DEF,52,1.9088,2.4187,0.48,0.1144,0.4556,0.0084,1,1,90,1,2026-08-19T06:19:08.606061+00:00,2026-08-19T06:19:59.095719+00:00
16,113,Raya,1,GKP,49,2.6472,2.0067,0.9,0.008,0.8376,0.0,1,2,90,1,2026-08-19T06:19:08.606061+00:00,2026-08-19T06:19:59.095719+00:00
16,540,Rice,1,MID,54,1.6956,1.9915,0.48,0.1144,0.4556,0.0032,1,1,90,1,2026-08-19T06:19:08.606061+00:00,2026-08-19T06:19:59.095719+00:00
16,578,Nelson,1,MID,49,0.654,1.1878,0.18,0.1804,0.1818,0.0,1,1,1,0,2026-08-19T06:19:08.606061+00:00,2026-08-19T06:19:59.095719+00:00
16,585,J.Timber,1,DEF,46,0.7144,1.4325,0.18,0.1804,0.1818,0.0016,1,0,0,0,2026-08-19T06:19:08.606061+00:00,2026-08-19T06:19:59.095719+00:00
16,646,Hein,1,GKP,40,0.1728,0.7869,0.04,0.0384,0.0403,0.0004,1,0,0,0,2026-08-19T06:19:08.606061+00:00,2026-08-19T06:19:59.095719+00:00
16,735,Sagoe,1,MID,45,0,0,0.0,0.0,0.0,0,1,0,0,0,2026-08-19T06:19:08.606061+00:00,2026-08-19T06:19:59.095719+00:00
16,736,Walters,1,DEF,40,0.4436,1.0194,0.1,0.198,0.1088,0.0,1,0,0,0,2026-08-19T06:19:08.606061+00:00,2026-08-19T06:19:59.095719+00:00
16,737,Ibrahim,1,MID,45,0,0,0.0,0.0,0.0,0,1,0,0,0,2026-08-19T06:19:08.606061+00:00,2026-08-19T06:19:59.095719+00:00
16,764,Lewis-Skelly,1,MID,45,0.49,0.9393,0.1,0.198,0.1088,0.0,1,,,,2026-08-19T06:19:08.606061+00:00,
16,772,Nwaneri,1,MID,45,0.4644,0.9288,0.1,0.198,0.1088,0.0004,1,,,,2026-08-19T06:19:08.606061+00:00,
16,815,Bandeira,1,MID,45,0.462,0.9462,0.1,0.198,0.1088,0.0,1,,,,2026-08-19T06:19:08.606061+00:00,
16,817,Sweet,1,DEF,40,0.432,1.0689,0.1,0.198,0.1088,0.0008,1,,,,2026-08-19T06:19:08.606061+00:00,
16,32,Alex Moreno,2,DEF,50,0.5492,1.3826,0.09,0.2002,0.0997,0.0032,1,1,12,0,2026-08-19T06:19:08.606061+00:00,2026-08-19T06:19:59.095719+00:00
16,34,Bailey,2,MID,55,1.5704,2.525,0.28,0.2016,0.2765,0.0216,1,4,45,1,2026-08-19T06:19:08.606061+00:00,2026-08-19T06:19:59.095719+00:00
16,35,Buendia,2,MID,57,0,0,0.0,0.0,0.0,0,1,0,0,0,2026-08-19T06:19:08.606061+00:00,2026-08-19T06:19:59.095719+00:00
16,36,Cash,2,DEF,48,0,0,0.0,0.0,0.0,0,1,1,24,0,2026-08-19T06:19:08.606061+00:00,2026-08-19T06:19:59.095719+00:00
16,37,Chambers,2,DEF,39,0.8196,1.5733,0.22,0.1716,0.2183,0.0016,1,0,0,0,2026-08-19T06:19:08.606061+00:00,2026-08-19T06:19:59.095719+00:00
16,38,Coutinho,2,MID,58,0,0,0.0,0.0,0.0,0,1,0,0,0,2026-08-19T06:19:08.606061+00:00,2026-08-19T06:19:59.095719+00:00
16,39,Davis,2,FWD,49,0,0,0.0,0.0,0.0,0,1,0,0,0,2026-08-19T06:19:08.606061+00:00,2026-08-19T06:19:59.095719+00:00
16,40,Dendoncker,2,MID,49,0,0,0.0,0.0,0.0,0,1,1,24,0,2026-08-19T06:19:08.606061+00:00,2026-08-19T06:19:59.095719+00:00
16,41,Diego Carlos,2,DEF,44,0.8608,1.6973,0.22,0.1716,0.2183,0.0032,1,6,90,1,2026-08-19T06:19:08.606061+00:00,2026-08-19T06:19:59.095719+00:00
16,42,Digne,2,DEF,47,1.768,2.3311,0.48,0.1144,0.4556,0.0048,1,5,77,1,2026-08-19T06:19:08.606061+00:00,2026-08-19T06:19:59.095719+00:00
16,43,Douglas Luiz,2,MID,56,2.4368,2.992,0.48,0.1456,0.458,0.03,1,2,90,1,2026-08-19T06:19:08.606061+00:00,2026-08-19T06:19:59.095719+00:00
16,44,Duran,2,FWD,50,0.6968,1.333,0.18,0.1804,0.1818,0.002,1,0,0,0,2026-08-19T06:19:08.606061+00:00,2026-08-19T06:19:59.095719+00:00
16,45,Hause,2,DEF,40,0.5116,1.2374,0.1,0.198,0.1088,0.0004,1,0,0,0,2026-08-19T06:19:08.606061+00:00,2026-08-19T06:19:59.095719+00:00
16,46,Iroegbunam,2,MID,44,0.4272,0.9258,0.1,0.198,0.1088,0.0,1,0,0,0,2026-08-19T06:19:08.606061+00:00,2026-08-19T06:19:59.095719+00:00
16,47,Kamara,2,MID,50,0,0,0.0,0.0,0.0,0,1,3,66,1,2026-08-19T06:19:08.606061+00:00,2026-08-19T06:19:59.095719+00:00
16,48,Konsa,2,DEF,45,1.0048,2.0126,0.22,0.1716,0.2183,0.0076,1,6,65,1,2026-08-19T06:19:08.606061+00:00,2026-08-19T06:19:59.095719+00:00
16,49,Martinez,2,GKP,50,3.4696,2.3396,0.9,0.008,0.8376,0.0012,1,10,90,1,2026-08-19T06:19:08.606061+00:00,2026-08-19T06:19:59.095719+00:00
16,50,McGinn,2,MID,55,1.9684,2.391,0.48,0.1456,0.458,0.012,1,9,90,1,2026-08-19T06:19:08.606061+00:00,2026-08-19T06:19:59.095719+00:00
16,51,Mings,2,DEF,41,0,0,0.0,0.0,0.0,0,1,0,0,0,2026-08-19T06:19:08.606061+00:00,2026-08-19T06:19:59.095719+00:00
16,53,Olsen,2,GKP,39,0.1604,0.7181,0.04,0.0384,0.0403,0.0004,1,0,0,0,2026-08-19T06:19:08.606061+00:00,2026-08-19T06:19:59.095719+00:00
16,54,Philogene,2,MID,45,0,0,0.0,0.0,0.0,0,1,0,0,0,2026-08-19T06:19:08.606061+00:00,2026-08-19T06:19:59.095719+00:00
16,55,J.Ramsey,2,MID,59,0,0,0.0,0.0,0.0,0,1,1,34,0,2026-08-19T06:19:08.606061+00:00,2026-08-19T06:19:59.095719+00:00
16,56,Sanson,2,MID,45,0,0,0.0,0.0,0.0,0,1,0,0,0,2026-08-19T06:19:08.606061+00:00,2026-08-19T06:19:59.095719+00:00
16,57,Sinisalo,2,GKP,40,0,0,0.0,0.0,0.0,0,1,0,0,0,2026-08-19T06:19:08.606061+00:00,2026-08-19T06:19:59.095719+00:00
16,58,Tielemans,2,MID,56,0,0,0.0,0.0,0.0,0,1,1,55,1,2026-08-19T06:19:08.606061+00:00,2026-08-19T06:19:59.095719+00:00
16,59,Bertrand Traoré,2,MID,50,0,0,0.0,0.0,0.0,0,1,0,0,0,2026-08-19T06:19:08.606061+00:00,2026-08-19T06:19:59.095719+00:00
16,60,Watkins,2,FWD,84,2.576,3.1765,0.48,0.1456,0.458,0.0424,1,2,90,1,2026-08-19T06:19:08.606061+00:00,2026-08-19T06:19:59.095719+00:00
16,61,Wesley,2,FWD,50,0,0,0.0,0.0,0.0,0,1,0,0,0,2026-08-19T06:19:08.606061+00:00,2026-08-19T06:19:59.095719+00:00
16,584,Pau,2,DEF,46,1.8308,2.4293,0.48,0.1144,0.4556,0.0088,1,6,90,1,2026-08-19T06:19:08.606061+00:00,2026-08-19T06:19:59.095719+00:00
16,599,Diaby,2,MID,67,2.2628,2.7514,0.48,0.1456,0.458,0.0224,1,1,45,1,2026-08-19T06:19:08.606061+00:00,2026-08-19T06:19:59.095719+00:00
16,618,Kellyman,2,MID,45,0.4784,0.9664,0.1,0.198,0.1088,0.0004,1,0,0,0,2026-08-19T06:19:08.606061+00:00,2026-08-19T06:19:59.095719+00:00
16,670,Marschall,2,GKP,40,0,0,0.0,0.0,0.0,0,1,0,0,0,2026-08-19T06:19:08.606061+00:00,2026-08-19T06:19:59.095719+00:00
16,672,Zaniolo,2,MID,54,0,0,0.0,0.0,0.0,0,1,0,0,0,2026-08-19T06:19:08.606061+00:00,2026-08-19T06:19:59.095719+00:00
16,686,Zych,2,GKP,40,0,0,0.0,0.0,0.0,0,1,0,0,0,2026-08-19T06:19:08.606061+00:00,2026-08-19T06:19:59.095719+00:00
16,699,Lenglet,2,DEF,45,0.9548,1.8086,0.22,0.1404,0.2158,0.0028,1,0,0,0,2026-08-19T06:19:08.606061+00:00,2026-08-19T06:19:59.095719+00:00
16,765,Proctor,2,GKP,40,0.1856,0.8454,0.04,0.0384,0.0403,0.0,1,,,,2026-08-19T06:19:08.606061+00:00,
16,767,O'Reilly,2,MID,45,0,0,0.0,0.0,0.0,0,1,,,,2026-08-19T06:19:08.606061+00:00,
16,778,Wright,2,GKP,40,0.1372,0.7168,0.04,0.0384,0.0403,0.0,1,,,,2026-08-19T06:19:08.606061+00:00,
16,793,Kesler-Hayden,2,DEF,40,0.5312,1.2306,0.1,0.198,0.1088,0.0,1,,,,2026-08-19T06:19:08.606061+00:00,
16,803,Rogers,2,MID,50,0,0,0.0,0.0,0.0,0,1,,,,2026-08-19T06:19:08.606061+00:00,
16,818,Gauci,2,GKP,39,0.1712,0.7465,0.04,0.0384,0.0403,0.0,1,,,,2026-08-19T06:19:08.606061+00:00,
16,854,Munroe,2,DEF,40,0.5376,1.2761,0.1,0.198,0.1088,0.0004,1,,,,2026-08-19T06:19:08.606061+00:00,
16,865,Young,2,MID,45,0.426,0.8791,0.1,0.198,0.1088,0.0,1,,,,2026-08-19T06:19:08.606061+00:00,
16,866,Emery,2,GKP,40,0.1716,0.83,0.04,0.0384,0.0403,0.0,1,,,,2026-08-19T06:19:08.606061+00:00,
16,62,Anthony,3,MID,49,0,0,0.0,0.0,0.0,0,1,0,0,0,2026-08-19T06:19:08.606061+00:00,2026-08-19T06:19:59.095719+00:00
16,63,Billing,3,MID,52,1.5896,1.9544,0.48,0.1144,0.4556,0.0036,1,6,32,0,2026-08-19T06:19:08.606061+00:00,2026-08-19T06:19:59.095719+00:00
16,64,Brooks,3,MID,48,0,0,0.0,0.0,0.0,0,1,0,0,0,2026-08-19T06:19:08.606061+00:00,2026-08-19T06:19:59.095719+00:00
16,65,Christie,3,MID,50,1.6452,1.9054,0.48,0.1144,0.4556,0.0032,1,3,90,1,2026-08-19T06:19:08.606061+00:00,2026-08-19T06:19:59.095719+00:00
16,66,L.Cook,3,MID,50,1.2932,1.4395,0.48,0.1144,0.4556,0.0004,1,8,87,1,2026-08-19T06:19:08.606061+00:00,2026-08-19T06:19:59.095719+00:00
16,67,Siriki,3,MID,45,0,0,0.0,0.0,0.0,0,1,0,0,0,2026-08-19T06:19:08.606061+00:00,2026-08-19T06:19:59.095719+00:00
16,68,Fredericks,3,DEF,43,0,0,0.0,0.0,0.0,0,1,0,0,0,2026-08-19T06:19:08.606061+00:00,2026-08-19T06:19:59.095719+00:00
16,69,Hill,3,DEF,40,0.4448,1.0704,0.1,0.198,0.1088,0.0008,1,0,0,0,2026-08-19T06:19:08.606061+00:00,2026-08-19T06:19:59.095719+00:00
16,70,Kelly,3,DEF,45,0.8112,1.6062,0.22,0.1716,0.2183,0.002,1,0,0,0,2026-08-19T06:19:08.606061+00:00,2026-08-19T06:19:59.095719+00:00
16,71,Kilkenny,3,MID,44,0,0,0.0,0.0,0.0,0,1,0,0,0,2026-08-19T06:19:08.606061+00:00,2026-08-19T06:19:59.095719+00:00
16,72,Kluivert,3,MID,46,1.5308,1.7774,0.48,0.1144,0.4556,0.0024,1,3,71,1,2026-08-19T06:19:08.606061+00:00,2026-08-19T06:19:59.095719+00:00
16,73,Lowe,3,MID,49,0,0,0.0,0.0,0.0,0,1,0,0,0,2026-08-19T06:19:08.606061+00:00,2026-08-19T06:19:59.095719+00:00
16,74,Marcondes,3,MID,43,0,0,0.0,0.0,0.0,0,1,0,0,0,2026-08-19T06:19:08.606061+00:00,2026-08-19T06:19:59.095719+00:00
16,75,Mepham,3,DEF,43,0.3356,0.8005,0.05,0.209,0.0632,0.0,1,0,0,0,2026-08-19T06:19:08.606061+00:00,2026-08-19T06:19:59.095719+00:00
16,76,Moore,3,FWD,47,0,0,0.0,0.0,0.0,0,1,0,0,0,2026-08-19T06:19:08.606061+00:00,2026-08-19T06:19:59.095719+00:00
16,77,Neto,3,GKP,45,3.3536,2.348,0.9,0.004,0.8373,0.0056,1,7,90,1,2026-08-19T06:19:08.606061+00:00,2026-08-19T06:19:59.095719+00:00
16,78,O.Dango,3,MID,47,0.69,1.2407,0.18,0.1804,0.1818,0.0016,1,1,2,0,2026-08-19T06:19:08.606061+00:00,2026-08-19T06:19:59.095719+00:00
16,79,Pearson,3,MID,45,0,0,0.0,0.0,0.0,0,1,0,0,0,2026-08-19T06:19:08.606061+00:00,2026-08-19T06:19:59.095719+00:00
16,80,Randolph,3,GKP,40,0.1676,0.7656,0.04,0.0384,0.0403,0.0,1,0,0,0,2026-08-19T06:19:08.606061+00:00,2026-08-19T06:19:59.095719+00:00
16,81,Rothwell,3,MID,48,0,0,0.0,0.0,0.0,0,1,1,2,0,2026-08-19T06:19:08.606061+00:00,2026-08-19T06:19:59.095719+00:00
16,82,Semenyo,3,FWD,46,1.5088,1.8184,0.48,0.1144,0.4556,0.0024,1,1,57,1,2026-08-19T06:19:08.606061+00:00,2026-08-19T06:19:59.095719+00:00
16,83,Senesi,3,DEF,43,0.7448,1.5481,0.22,0.1716,0.2183,0.002,1,15,90,1,2026-08-19T06:19:08.606061+00:00,2026-08-19T06:19:59.095719+00:00
16,84,Smith,3,DEF,44,0.7864,1.4789,0.22,0.1716,0.2183,0.0,1,6,90,1,2026-08-19T06:19:08.606061+00:00,2026-08-19T06:19:59.095719+00:00
16,85,Solanke,3,FWD,65,2.0084,2.5615,0.48,0.1456,0.458,0.0256,1,7,90,1,2026-08-19T06:19:08.606061+00:00,2026-08-19T06:19:59.095719+00:00
16,86,Tavernier,3,MID,54,1.7828,2.1971,0.48,0.1144,0.4556,0.0088,1,9,87,1,2026-08-19T06:19:08.606061+00:00,2026-08-19T06:19:59.095719+00:00
16,87,Hamed Traorè,3,MID,47,0,0,0.0,0.0,0.0,0,1,0,0,0,2026-08-19T06:19:08.606061+00:00,2026-08-19T06:19:59.095719+00:00
16,88,Travers,3,GKP,40,0.184,0.792,0.04,0.0384,0.0403,0.0,1,0,0,0,2026-08-19T06:19:08.606061+00:00,2026-08-19T06:19:59.095719+00:00
16,89,Zabarnyi,3,DEF,44,0.7128,1.4232,0.22,0.1716,0.2183,0.0008,1,6,90,1,2026-08-19T06:19:08.606061+00:00,2026-08-19T06:19:59.095719+00:00
16,595,Kerkez,3,DEF,44,0.7832,1.5143,0.22,0.1716,0.2183,0.0012,1,6,90,1,2026-08-19T06:19:08.606061+00:00,2026-08-19T06:19:59.095719+00:00
16,607,Radu,3,GKP,44,0.1452,0.6849,0.04,0.0384,0.0403,0.0,1,0,0,0,2026-08-19T06:19:08.606061+00:00,2026-08-19T06:19:59.095719+00:00
16,619,Greenwood,3,DEF,40,0,0,0.0,0.0,0.0,0,1,0,0,0,2026-08-19T06:19:08.606061+00:00,2026-08-19T06:19:59.095719+00:00
16,643,Aarons,3,DEF,45,0.7772,1.4888,0.22,0.1716,0.2183,0.0008,1,0,0,0,2026-08-19T06:19:08.606061+00:00,2026-08-19T06:19:59.095719+00:00
16,644,Scott,3,MID,49,0.8444,1.3011,0.28,0.1584,0.2731,0.0008,1,0,0,0,2026-08-19T06:19:08.606061+00:00,2026-08-19T06:19:59.095719+00:00
16,673,Adams,3,MID,49,1.8744,1.0495,0.82,0.0324,0.7652,0.0,1,0,0,0,2026-08-19T06:19:08.606061+00:00,2026-08-19T06:19:59.095719+00:00
16,705,Sinisterra,3,MID,55,0,0,0.0,0.0,0.0,0,1,1,18,0,2026-08-19T06:19:08.606061+00:00,2026-08-19T06:19:59.095719+00:00
16,799,Faivre,3,MID,50,0.72,1.2992,0.18,0.1804,0.1818,0.0008,1,,,,2026-08-19T06:19:08.606061+00:00,
16,802,Kinsey,3,DEF,40,0.4792,1.1112,0.1,0.198,0.1088,0.0004,1,,,,2026-08-19T06:19:08.606061+00:00,
16,804,Enes Ünal,3,FWD,50,0.6284,1.1435,0.18,0.1804,0.1818,0.0012,1,,,,2026-08-19T06:19:08.606061+00:00,
16,811,Sadi,3,MID,45,0.4792,0.9635,0.1,0.198,0.1088,0.0,1,,,,2026-08-19T06:19:08.606061+00:00,
16,849,Dacosta Gonzalez,3,MID,45,0.4272,0.8673,0.1,0.198,0.1088,0.0008,1,,,,2026-08-19T06:19:08.606061+00:00,
16,855,McKenna,3,GKP,40,0.154,0.7349,0.04,0.0384,0.0403,0.0004,1,,,,2026-08-19T06:19:08.606061+00:00,
16,90,Ajer,4,DEF,45,0.774,1.6909,0.22,0.1716,0.2183,0.0052,1,0,0,0,2026-08-19T06:19:08.606061+00:00,2026-08-19T06:19:59.095719+00:00
16,91,Balcombe,4,GKP,39,0.1668,0.7746,0.04,0.0384,0.0403,0.0,1,0,0,0,2026-08-19T06:19:08.606061+00:00,2026-08-19T06:19:59.095719+00:00
16,92,Baptiste,4,MID,43,0.5032,1.0625,0.1,0.198,0.1088,0.0,1,2,64,1,2026-08-19T06:19:08.606061+00:00,2026-08-19T06:19:59.095719+00:00
16,93,Bech,4,DEF,40,0,0,0.0,0.0,0.0,0,1,0,0,0,2026-08-19T06:19:08.606061+00:00,2026-08-19T06:19:59.095719+00:00
16,94,Bidstrup,4,MID,45,0,0,0.0,0.0,0.0,0,1,0,0,0,2026-08-19T06:19:08.606061+00:00,2026-08-19T06:19:59.095719+00:00
16,95,Canós,4,MID,50,0,0,0.0,0.0,0.0,0,1,0,0,0,2026-08-19T06:19:08.606061+00:00,2026-08-19T06:19:59.095719+00:00
16,96,Collins,4,DEF,45,0.4876,1.2189,0.11,0.1958,0.118,0.0012,1,0,0,0,2026-08-19T06:19:08.606061+00:00,2026-08-19T06:19:59.095719+00:00
16,97,Cox,4,GKP,40,0,0,0.0,0.0,0.0,0,1,0,0,0,2026-08-19T06:19:08.606061+00:00,2026-08-19T06:19:59.095719+00:00
16,98,Damsgaard,4,MID,48,0.6488,1.1361,0.18,0.1804,0.1818,0.0004,1,1,25,0,2026-08-19T06:19:08.606061+00:00,2026-08-19T06:19:59.095719+00:00
16,99,Dasilva,4,MID,47,0,0,0.0,0.0,0.0,0,1,0,0,0,2026-08-19T06:19:08.606061+00:00,2026-08-19T06:19:59.095719+00:00
16,100,Dervişoğlu,4,FWD,45,0,0,0.0,0.0,0.0,0,1,0,0,0,2026-08-19T06:19:08.606061+00:00,2026-08-19T06:19:59.095719+00:00
16,101,Flekken,4,GKP,45,2.7232,2.0728,0.9,0.004,0.8373,0.0008,1,3,90,1,2026-08-19T06:19:08.606061+00:00,2026-08-19T06:19:59.095719+00:00
16,102,Goode,4,DEF,39,0,0,0.0,0.0,0.0,0,1,0,0,0,2026-08-19T06:19:08.606061+00:00,2026-08-19T06:19:59.095719+00:00
16,103,Henry,4,DEF,43,0,0,0.0,0.0,0.0,0,1,0,0,0,2026-08-19T06:19:08.606061+00:00,2026-08-19T06:19:59.095719+00:00
16,104,Hickey,4,DEF,44,0,0,0.0,0.0,0.0,0,1,0,0,0,2026-08-19T06:19:08.606061+00:00,2026-08-19T06:19:59.095719+00:00
16,105,Janelt,4,MID,53,1.4292,1.6708,0.48,0.1144,0.4556,0.0024,1,2,90,1,2026-08-19T06:19:08.606061+00:00,2026-08-19T06:19:59.095719+00:00
16,106,Jensen,4,MID,54,1.7868,2.1352,0.48,0.1144,0.4556,0.0052,1,0,0,0,2026-08-19T06:19:08.606061+00:00,2026-08-19T06:19:59.095719+00:00
16,107,Lewis-Potter,4,MID,47,0.7236,1.4275,0.18,0.1804,0.1818,0.002,1,2,65,1,2026-08-19T06:19:08.606061+00:00,2026-08-19T06:19:59.095719+00:00
16,108,Mbeumo,4,MID,70,2.8068,3.5837,0.48,0.1456,0.458,0.0604,1,0,0,0,2026-08-19T06:19:08.606061+00:00,2026-08-19T06:19:59.095719+00:00
16,109,Mee,4,DEF,48,0,0,0.0,0.0,0.0,0,1,2,90,1,2026-08-19T06:19:08.606061+00:00,2026-08-19T06:19:59.095719+00:00
16,110,Nørgaard,4,MID,54,1.5036,1.9025,0.48,0.1144,0.4556,0.0044,1,2,90,1,2026-08-19T06:19:08.606061+00:00,2026-08-19T06:19:59.095719+00:00
16,111,Onyeka,4,MID,49,0.5036,1.0726,0.14,0.1892,0.1453,0.0008,1,0,45,1,2026-08-19T06:19:08.606061+00:00,2026-08-19T06:19:59.095719+00:00
16,112,Pinnock,4,DEF,46,1.7224,2.3531,0.48,0.1144,0.4556,0.0096,1,2,90,1,2026-08-19T06:19:08.606061+00:00,2026-08-19T06:19:59.095719+00:00
16,114,Roerslev,4,DEF,44,0.7752,1.4419,0.22,0.1716,0.2183,0.0008,1,0,0,0,2026-08-19T06:19:08.606061+00:00,2026-08-19T06:19:59.095719+00:00
16,115,Schade,4,MID,53,1.0196,1.6066,0.28,0.1584,0.2731,0.0012,1,0,0,0,2026-08-19T06:19:08.606061+00:00,2026-08-19T06:19:59.095719+00:00
16,116,Strakosha,4,GKP,39,0.1716,0.7761,0.04,0.0384,0.0403,0.0,1,0,0,0,2026-08-19T06:19:08.606061+00:00,2026-08-19T06:19:59.095719+00:00
16,117,Toney,4,FWD,79,3.84,2.7633,0.9,0.018,0.8384,0.0416,1,0,0,0,2026-08-19T06:19:08.606061+00:00,2026-08-19T06:19:59.095719+00:00
16,118,Trevitt,4,MID,45,0,0,0.0,0.0,0.0,0,1,0,0,0,2026-08-19T06:19:08.606061+00:00,2026-08-19T06:19:59.095719+00:00
16,119,Wissa,4,FWD,59,1.7836,2.1941,0.48,0.1456,0.458,0.0096,1,2,90,1,2026-08-19T06:19:08.606061+00:00,2026-08-19T06:19:59.095719+00:00
16,120,Yarmoliuk,4,MID,44,0.8232,1.2908,0.28,0.1584,0.2731,0.0008,1,1,45,1,2026-08-19T06:19:08.606061+00:00,2026-08-19T06:19:59.095719+00:00
16,121,Zanka,4,DEF,43,0.4948,1.149,0.1,0.198,0.1088,0.0008,1,0,0,0,2026-08-19T06:19:08.606061+00:00,2026-08-19T06:19:59.095719+00:00
16,258,Maupay,4,FWD,49,1.2208,1.9976,0.28,0.1584,0.2731,0.0076,1,2,90,1,2026-08-19T06:19:08.606061+00:00,2026-08-19T06:19:59.095719+00:00
16,508,Reguilón,4,DEF,44,0.718,1.3963,0.22,0.1716,0.2183,0.0,1,0,90,1,2026-08-19T06:19:08.606061+00:00,2026-08-19T06:19:59.095719+00:00
16,620,Olakigbe,4,MID,45,0,0,0.0,0.0,0.0,0,1,1,24,0,2026-08-19T06:19:08.606061+00:00,2026-08-19T06:19:59.095719+00:00
16,684,Brierley,4,MID,45,0.4596,0.9431,0.1,0.198,0.1088,0.0,1,0,0,0,2026-08-19T06:19:08.606061+00:00,2026-08-19T06:19:59.095719+00:00
16,701,Ghoddos,4,MID,45,0.8548,1.2668,0.28,0.1584,0.2731,0.0004,1,2,90,1,2026-08-19T06:19:08.606061+00:00,2026-08-19T06:19:59.095719+00:00
16,725,Kim Ji-Soo,4,DEF,40,0.5304,1.2365,0.1,0.198,0.1088,0.0004,1,0,0,0,2026-08-19T06:19:08.606061+00:00,2026-08-19T06:19:59.095719+00:00
16,733,Adedokun,4,DEF,40,0.4912,1.1225,0.1,0.198,0.1088,0.0004,1,0,0,0,2026-08-19T06:19:08.606061+00:00,2026-08-19T06:19:59.095719+00:00
16,744,Peart-Harris,4,MID,45,0,0,0.0,0.0,0.0,0,1,0,0,0,2026-08-19T06:19:08.606061+00:00,2026-08-19T06:19:59.095719+00:00
16,752,Angelini,4,GKP,40,0.1552,0.7145,0.04,0.0384,0.0403,0.0,1,0,0,0,2026-08-19T06:19:08.606061+00:00,2026-08-19T06:19:59.095719+00:00
16,789,Valdimarsson,4,GKP,40,0.1464,0.6489,0.04,0.0384,0.0403,0.0,1,,,,2026-08-19T06:19:08.606061+00:00,
16,797,Fredrick,4,DEF,40,0.5008,1.1765,0.1,0.198,0.1088,0.0,1,,,,2026-08-19T06:19:08.606061+00:00,
16,834,Arthur,4,DEF,40,0.4988,1.17,0.1,0.198,0.1088,0.0004,1,,,,2026-08-19T06:19:08.606061+00:00,
16,864,Konak,4,MID,45,0.4828,1.0046,0.1,0.198,0.1088,0.0008,1,,,,2026-08-19T06:19:08.606061+00:00,
16,122,Adingra,5,MID,50,1.6624,2.0715,0.48,0.1144,0.4556,0.0052,1,10,90,1,2026-08-19T06:19:08.606061+00:00,2026-08-19T06:19:59.095719+00:00
16,123,Alzate,5,MID,44,0,0,0.0,0.0,0.0,0,1,0,0,0,2026-08-19T06:19:08.606061+00:00,2026-08-19T06:19:59.095719+00:00
16,124,Ayari,5,MID,45,0,0,0.0,0.0,0.0,0,1,0,0,0,2026-08-19T06:19:08.606061+00:00,2026-08-19T06:19:59.095719+00:00
16,125,Buonanotte,5,MID,47,0.936,1.4945,0.28,0.1584,0.2731,0.002,1,1,5,0,2026-08-19T06:19:08.606061+00:00,2026-08-19T06:19:59.095719+00:00
16,127,Connolly,5,FWD,45,0,0,0.0,0.0,0.0,0,1,0,0,0,2026-08-19T06:19:08.606061+00:00,2026-08-19T06:19:59.095719+00:00
16,128,Dahoud,5,MID,48,0,0,0.0,0.0,0.0,0,1,1,45,1,2026-08-19T06:19:08.606061+00:00,2026-08-19T06:19:59.095719+00:00
16,129,Dunk,5,DEF,50,0,0,0.0,0.0,0.0,0,1,2,84,1,2026-08-19T06:19:08.606061+00:00,2026-08-19T06:19:59.095719+00:00
16,130,Enciso,5,MID,51,0.7552,1.4017,0.18,0.1804,0.1818,0.0024,1,0,0,0,2026-08-19T06:19:08.606061+00:00,2026-08-19T06:19:59.095719+00:00
16,131,Estupiñan,5,DEF,50,0,0,0.0,0.0,0.0,0,1,0,0,0,2026-08-19T06:19:08.606061+00:00,2026-08-19T06:19:59.095719+00:00
16,132,Ferguson,5,FWD,61,0,0,0.0,0.0,0.0,0,1,2,90,1,2026-08-19T06:19:08.606061+00:00,2026-08-19T06:19:59.095719+00:00
16,133,Gilmour,5,MID,49,1.634,1.9795,0.48,0.1144,0.4556,0.0032,1,1,45,1,2026-08-19T06:19:08.606061+00:00,2026-08-19T06:19:59.095719+00:00
16,134,Gross,5,MID,63,2.298,2.7631,0.48,0.1456,0.458,0.0252,1,7,90,1,2026-08-19T06:19:08.606061+00:00,2026-08-19T06:19:59.095719+00:00
16,135,João Pedro,5,FWD,54,1.3904,2.318,0.28,0.1584,0.2731,0.012,1,2,90,1,2026-08-19T06:19:08.606061+00:00,2026-08-19T06:19:59.095719+00:00
16,136,Karbownik,5,DEF,40,0,0,0.0,0.0,0.0,0,1,0,0,0,2026-08-19T06:19:08.606061+00:00,2026-08-19T06:19:59.095719+00:00
16,137,Kozłowski,5,MID,45,0,0,0.0,0.0,0.0,0,1,0,0,0,2026-08-19T06:19:08.606061+00:00,2026-08-19T06:19:59.095719+00:00
16,138,Lallana,5,MID,49,0.9452,1.4907,0.28,0.1584,0.2731,0.0012,1,1,45,1,2026-08-19T06:19:08.606061+00:00,2026-08-19T06:19:59.095719+00:00
16,139,Lamptey,5,DEF,40,0.4864,1.1583,0.1,0.198,0.1088,0.0012,1,0,0,0,2026-08-19T06:19:08.606061+00:00,2026-08-19T06:19:59.095719+00:00
16,140,March,5,MID,61,0,0,0.0,0.0,0.0,0,1,0,0,0,2026-08-19T06:19:08.606061+00:00,2026-08-19T06:19:59.095719+00:00
16,141,McGill,5,GKP,39,0.1748,0.8166,0.04,0.0384,0.0403,0.0,1,0,0,0,2026-08-19T06:19:08.606061+00:00,2026-08-19T06:19:59.095719+00:00
16,142,Milner,5,MID,48,0,0,0.0,0.0,0.0,0,1,1,58,1,2026-08-19T06:19:08.606061+00:00,2026-08-19T06:19:59.095719+00:00
16,143,Mitoma,5,MID,65,0,0,0.0,0.0,0.0,0,1,1,45,1,2026-08-19T06:19:08.606061+00:00,2026-08-19T06:19:59.095719+00:00
16,144,Moder,5,MID,44,0.4784,0.9812,0.1,0.198,0.1088,0.0,1,0,0,0,2026-08-19T06:19:08.606061+00:00,2026-08-19T06:19:59.095719+00:00
16,146,Sarmiento,5,MID,45,0,0,0.0,0.0,0.0,0,1,0,0,0,2026-08-19T06:19:08.606061+00:00,2026-08-19T06:19:59.095719+00:00
16,147,Scherpen,5,GKP,40,0,0,0.0,0.0,0.0,0,1,0,0,0,2026-08-19T06:19:08.606061+00:00,2026-08-19T06:19:59.095719+00:00
16,148,Steele,5,GKP,43,3.0076,2.245,0.88,0.0048,0.8188,0.0008,1,0,0,0,2026-08-19T06:19:08.606061+00:00,2026-08-19T06:19:59.095719+00:00
16,149,Undav,5,FWD,55,0,0,0.0,0.0,0.0,0,1,0,0,0,2026-08-19T06:19:08.606061+00:00,2026-08-19T06:19:59.095719+00:00
16,150,Van Hecke,5,DEF,40,0,0,0.0,0.0,0.0,0,1,2,90,1,2026-08-19T06:19:08.606061+00:00,2026-08-19T06:19:59.095719+00:00
16,151,Veltman,5,DEF,44,0,0,0.0,0.0,0.0,0,1,0,0,0,2026-08-19T06:19:08.606061+00:00,2026-08-19T06:19:59.095719+00:00
16,152,Verbruggen,5,GKP,44,0.2044,0.9645,0.04,0.0384,0.0403,0.0008,1,2,90,1,2026-08-19T06:19:08.606061+00:00,2026-08-19T06:19:59.095719+00:00
16,153,Webster,5,DEF,43,0.852,1.6543,0.22,0.1716,0.2183,0.002,1,0,0,0,2026-08-19T06:19:08.606061+00:00,2026-08-19T06:19:59.095719+00:00
16,154,Welbeck,5,FWD,57,1.0772,1.6875,0.28,0.2016,0.2765,0.0036,1,0,0,0,2026-08-19T06:19:08.606061+00:00,2026-08-19T06:19:59.095719+00:00
16,155,Zeqiri,5,FWD,44,0,0,0.0,0.0,0.0,0,1,0,0,0,2026-08-19T06:19:08.606061+00:00,2026-08-19T06:19:59.095719+00:00
16,606,Igor,5,DEF,43,0.8412,1.5941,0.22,0.1716,0.2183,0.0004,1,1,31,0,2026-08-19T06:19:08.606061+00:00,2026-08-19T06:19:59.095719+00:00
16,621,Hinshelwood,5,MID,45,0,0,0.0,0.0,0.0,0,1,1,31,0,2026-08-19T06:19:08.606061+00:00,2026-08-19T06:19:59.095719+00:00
16,690,Baleba,5,MID,45,0.8896,1.304,0.28,0.1584,0.2731,0.0004,1,1,58,1,2026-08-19T06:19:08.606061+00:00,2026-08-19T06:19:59.095719+00:00
16,700,Ansu Fati,5,MID,65,1.9572,2.6102,0.45,0.154,0.4308,0.0192,1,0,0,0,2026-08-19T06:19:08.606061+00:00,2026-08-19T06:19:59.095719+00:00
16,741,O’Mahony,5,FWD,45,0.4484,0.9027,0.1,0.198,0.1088,0.0,1,0,0,0,2026-08-19T06:19:08.606061+00:00,2026-08-19T06:19:59.095719+00:00
16,742,Baker-Boaitey,5,MID,45,0.474,1.0029,0.1,0.198,0.1088,0.0008,1,0,0,0,2026-08-19T06:19:08.606061+00:00,2026-08-19T06:19:59.095719+00:00
16,746,Jackson,5,DEF,40,0.5324,1.3369,0.1,0.198,0.1088,0.0012,1,0,0,0,2026-08-19T06:19:08.606061+00:00,2026-08-19T06:19:59.095719+00:00
16,747,Duffus,5,MID,45,0.4552,0.9845,0.1,0.198,0.1088,0.0004,1,0,0,0,2026-08-19T06:19:08.606061+00:00,2026-08-19T06:19:59.095719+00:00
16,753,Kavanagh,5,DEF,40,0.4996,1.1673,0.1,0.198,0.1088,0.0,1,0,0,0,2026-08-19T06:19:08.606061+00:00,2026-08-19T06:19:59.095719+00:00
16,755,Barrington,5,MID,45,0.49,1.0182,0.1,0.198,0.1088,0.0004,1,0,0,0,2026-08-19T06:19:08.606061+00:00,2026-08-19T06:19:59.095719+00:00
16,786,Peupion,5,MID,45,0.4504,0.9637,0.1,0.198,0.1088,0.0008,1,,,,2026-08-19T06:19:08.606061+00:00,
16,816,Barco,5,DEF,40,0.5268,1.2356,0.1,0.198,0.1088,0.0004,1,,,,2026-08-19T06:19:08.606061+00:00,
16,843,Chouchane,5,MID,45,0.4628,0.9201,0.1,0.198,0.1088,0.0004,1,,,,2026-08-19T06:19:08.606061+00:00,
16,845,Offiah,5,DEF,40,0.4732,1.1504,0.1,0.198,0.1088,0.0004,1,,,,2026-08-19T06:19:08.606061+00:00,
16,861,Atom,5,DEF,40,0.47,1.1655,0.1,0.198,0.1088,0.0,1,,,,2026-08-19T06:19:08.606061+00:00,
16,156,Agyei,6,MID,43,0.4648,0.9497,0.1,0.198,0.1088,0.0008,1,0,0,0,2026-08-19T06:19:08.606061+00:00,2026-08-19T06:19:59.095719+00:00
16,157,Al-Dakhil,6,DEF,39,0,0,0.0,0.0,0.0,0,1,0,0,0,2026-08-19T06:19:08.606061+00:00,2026-08-19T06:19:59.095719+00:00
16,158,Bastien,6,MID,49,0,0,0.0,0.0,0.0,0,1,0,0,0,2026-08-19T06:19:08.606061+00:00,2026-08-19T06:19:59.095719+00:00
16,159,Benson,6,MID,52,0.6472,1.215,0.18,0.1804,0.1818,0.0004,1,0,0,0,2026-08-19T06:19:08.606061+00:00,2026-08-19T06:19:59.095719+00:00
16,160,Beyer,6,DEF,40,0,0,0.0,0.0,0.0,0,1,2,90,1,2026-08-19T06:19:08.606061+00:00,2026-08-19T06:19:59.095719+00:00
16,161,Brownhill,6,MID,47,1.3964,1.6464,0.48,0.1144,0.4556,0.0028,1,2,90,1,2026-08-19T06:19:08.606061+00:00,2026-08-19T06:19:59.095719+00:00
16,162,Churlinov,6,MID,44,0,0,0.0,0.0,0.0,0,1,0,0,0,2026-08-19T06:19:08.606061+00:00,2026-08-19T06:19:59.095719+00:00
16,163,Cork,6,MID,48,0.6316,1.1351,0.18,0.1804,0.1818,0.0,1,0,0,0,2026-08-19T06:19:08.606061+00:00,2026-08-19T06:19:59.095719+00:00
16,164,Costelloe,6,MID,45,0,0,0.0,0.0,0.0,0,1,0,0,0,2026-08-19T06:19:08.606061+00:00,2026-08-19T06:19:59.095719+00:00
16,165,Cullen,6,MID,50,1.1416,1.3547,0.48,0.1144,0.4556,0.0004,1,0,0,0,2026-08-19T06:19:08.606061+00:00,2026-08-19T06:19:59.095719+00:00
16,166,Egan-Riley,6,DEF,39,0,0,0.0,0.0,0.0,0,1,0,0,0,2026-08-19T06:19:08.606061+00:00,2026-08-19T06:19:59.095719+00:00
16,167,Ekdal,6,DEF,39,0.4788,1.0698,0.1,0.198,0.1088,0.0,1,1,8,0,2026-08-19T06:19:08.606061+00:00,2026-08-19T06:19:59.095719+00:00
16,168,Foster,6,FWD,49,1.1064,1.6834,0.28,0.1584,0.2731,0.002,1,0,0,0,2026-08-19T06:19:08.606061+00:00,2026-08-19T06:19:59.095719+00:00
16,169,Franchi,6,GKP,39,0,0,0.0,0.0,0.0,0,1,0,0,0,2026-08-19T06:19:08.606061+00:00,2026-08-19T06:19:59.095719+00:00
16,170,Gudmundsson,6,MID,48,0.8184,1.3238,0.28,0.1584,0.2731,0.0004,1,1,57,1,2026-08-19T06:19:08.606061+00:00,2026-08-19T06:19:59.095719+00:00
16,171,McNally,6,DEF,40,0,0,0.0,0.0,0.0,0,1,0,0,0,2026-08-19T06:19:08.606061+00:00,2026-08-19T06:19:59.095719+00:00
16,172,Muric,6,GKP,43,0.13,0.6484,0.04,0.0384,0.0403,0.0,1,0,0,0,2026-08-19T06:19:08.606061+00:00,2026-08-19T06:19:59.095719+00:00
16,173,O'Shea,6,DEF,44,0.7368,1.4685,0.22,0.1716,0.2183,0.0012,1,1,90,1,2026-08-19T06:19:08.606061+00:00,2026-08-19T06:19:59.095719+00:00
16,174,Obafemi,6,FWD,49,0,0,0.0,0.0,0.0,0,1,0,0,0,2026-08-19T06:19:08.606061+00:00,2026-08-19T06:19:59.095719+00:00
16,175,Peacock-Farrell,6,GKP,40,0,0,0.0,0.0,0.0,0,1,0,0,0,2026-08-19T06:19:08.606061+00:00,2026-08-19T06:19:59.095719+00:00
16,176,Roberts,6,DEF,43,0,0,0.0,0.0,0.0,0,1,1,11,0,2026-08-19T06:19:08.606061+00:00,2026-08-19T06:19:59.095719+00:00
16,177,Rodriguez,6,FWD,53,1.0904,1.788,0.28,0.1584,0.2731,0.0052,1,5,77,1,2026-08-19T06:19:08.606061+00:00,2026-08-19T06:19:59.095719+00:00
16,178,Taylor,6,DEF,40,0.6656,1.3243,0.22,0.1716,0.2183,0.0012,1,1,90,1,2026-08-19T06:19:08.606061+00:00,2026-08-19T06:19:59.095719+00:00
16,179,Thomas,6,DEF,40,0,0,0.0,0.0,0.0,0,1,0,0,0,2026-08-19T06:19:08.606061+00:00,2026-08-19T06:19:59.095719+00:00
16,180,Twine,6,MID,49,0,0,0.0,0.0,0.0,0,1,0,0,0,2026-08-19T06:19:08.606061+00:00,2026-08-19T06:19:59.095719+00:00
16,181,Vigouroux,6,GKP,39,0.1736,0.7744,0.04,0.0384,0.0403,0.0,1,0,0,0,2026-08-19T06:19:08.606061+00:00,2026-08-19T06:19:59.095719+00:00
16,182,Vitinho,6,DEF,44,0.7472,1.4536,0.22,0.1716,0.2183,0.0008,1,2,90,1,2026-08-19T06:19:08.606061+00:00,2026-08-19T06:19:59.095719+00:00
16,183,Weghorst,6,FWD,55,0,0,0.0,0.0,0.0,0,1,0,0,0,2026-08-19T06:19:08.606061+00:00,2026-08-19T06:19:59.095719+00:00
16,184,Zaroury,6,MID,47,0,0,0.0,0.0,0.0,0,1,0,0,0,2026-08-19T06:19:08.606061+00:00,2026-08-19T06:19:59.095719+00:00
16,200,D.D.Fofana,6,FWD,50,0.6384,1.2117,0.18,0.1804,0.1818,0.0008,1,0,0,0,2026-08-19T06:19:08.606061+00:00,2026-08-19T06:19:59.095719+00:00
16,475,Berge,6,MID,48,1.3292,1.5858,0.48,0.1144,0.4556,0.0016,1,2,90,1,2026-08-19T06:19:08.606061+00:00,2026-08-19T06:19:59.095719+00:00
16,594,Amdouni,6,FWD,53,1.568,1.8848,0.48,0.1144,0.4556,0.004,1,2,81,1,2026-08-19T06:19:08.606061+00:00,2026-08-19T06:19:59.095719+00:00
16,596,Trafford,6,GKP,45,2.8696,2.0696,0.9,0.004,0.8373,0.0004,1,7,90,1,2026-08-19T06:19:08.606061+00:00,2026-08-19T06:19:59.095719+00:00
16,600,Redmond,6,MID,48,0,0,0.0,0.0,0.0,0,1,0,12,0,2026-08-19T06:19:08.606061+00:00,2026-08-19T06:19:59.095719+00:00
16,605,Koleosho,6,MID,50,0.902,1.5489,0.24,0.1672,0.2366,0.0048,1,0,0,0,2026-08-19T06:19:08.606061+00:00,2026-08-19T06:19:59.095719+00:00
16,608,Bruun Larsen,6,MID,49,0.9076,1.4243,0.28,0.1584,0.2731,0.0012,1,0,0,0,2026-08-19T06:19:08.606061+00:00,2026-08-19T06:19:59.095719+00:00
16,622,Dodgson,6,DEF,40,0,0,0.0,0.0,0.0,0,1,0,0,0,2026-08-19T06:19:08.606061+00:00,2026-08-19T06:19:59.095719+00:00
16,660,Odobert,6,MID,50,0.7136,1.2189,0.18,0.1804,0.1818,0.0,1,6,77,1,2026-08-19T06:19:08.606061+00:00,2026-08-19T06:19:59.095719+00:00
16,674,Delcroix,6,DEF,40,0.4292,1.0003,0.1,0.198,0.1088,0.0004,1,0,0,0,2026-08-19T06:19:08.606061+00:00,2026-08-19T06:19:59.095719+00:00
16,675,A.Ramsey,6,MID,50,0,0,0.0,0.0,0.0,0,1,1,20,0,2026-08-19T06:19:08.606061+00:00,2026-08-19T06:19:59.095719+00:00
16,694,Massengo,6,MID,50,0.692,1.196,0.18,0.1804,0.1818,0.0,1,0,0,0,2026-08-19T06:19:08.606061+00:00,2026-08-19T06:19:59.095719+00:00
16,706,M.Trésor,6,MID,54,0.736,1.3401,0.18,0.1804,0.1818,0.0012,1,1,12,0,2026-08-19T06:19:08.606061+00:00,2026-08-19T06:19:59.095719+00:00
16,805,Assignon,6,DEF,40,0.49,1.1444,0.1,0.198,0.1088,0.0,1,,,,2026-08-19T06:19:08.606061+00:00,
16,806,Estève,6,DEF,40,0.4544,1.1223,0.1,0.198,0.1088,0.0008,1,,,,2026-08-19T06:19:08.606061+00:00,
16,126,Caicedo,7,MID,46,1.2216,1.3477,0.48,0.1144,0.4556,0.0004,1,2,90,1,2026-08-19T06:19:08.606061+00:00,2026-08-19T06:19:59.095719+00:00
16,145,Sanchez,7,GKP,46,0.198,0.7873,0.04,0.0768,0.0433,0.0,1,3,83,1,2026-08-19T06:19:08.606061+00:00,2026-08-19T06:19:59.095719+00:00
16,185,Ampadu,7,DEF,40,0,0,0.0,0.0,0.0,0,1,0,0,0,2026-08-19T06:19:08.606061+00:00,2026-08-19T06:19:59.095719+00:00
16,186,Andrey,7,MID,43,0,0,0.0,0.0,0.0,0,1,0,0,0,2026-08-19T06:19:08.606061+00:00,2026-08-19T06:19:59.095719+00:00
16,187,Arrizabalaga,7,GKP,50,0,0,0.0,0.0,0.0,0,1,0,0,0,2026-08-19T06:19:08.606061+00:00,2026-08-19T06:19:59.095719+00:00
16,188,Aubameyang,7,FWD,65,0,0,0.0,0.0,0.0,0,1,0,0,0,2026-08-19T06:19:08.606061+00:00,2026-08-19T06:19:59.095719+00:00
16,189,Azpilicueta,7,DEF,45,0,0,0.0,0.0,0.0,0,1,0,0,0,2026-08-19T06:19:08.606061+00:00,2026-08-19T06:19:59.095719+00:00
16,190,Baba,7,DEF,40,0,0,0.0,0.0,0.0,0,1,0,0,0,2026-08-19T06:19:08.606061+00:00,2026-08-19T06:19:59.095719+00:00
16,191,B.Badiashile,7,DEF,44,0.4828,1.2023,0.1,0.198,0.1088,0.002,1,1,90,1,2026-08-19T06:19:08.606061+00:00,2026-08-19T06:19:59.095719+00:00
16,192,Bettinelli,7,GKP,40,0.1704,0.773,0.04,0.0384,0.0403,0.0,1,0,0,0,2026-08-19T06:19:08.606061+00:00,2026-08-19T06:19:59.095719+00:00
16,194,Chalobah,7,DEF,43,0.7276,1.448,0.22,0.1404,0.2158,0.0008,1,0,0,0,2026-08-19T06:19:08.606061+00:00,2026-08-19T06:19:59.095719+00:00
16,195,Chilwell,7,DEF,54,1.1128,2.0006,0.28,0.1584,0.2731,0.0052,1,0,0,0,2026-08-19T06:19:08.606061+00:00,2026-08-19T06:19:59.095719+00:00
16,196,Chukwuemeka,7,MID,42,0.4712,0.952,0.1,0.198,0.1088,0.0,1,0,0,0,2026-08-19T06:19:08.606061+00:00,2026-08-19T06:19:59.095719+00:00
16,197,Colwill,7,DEF,45,0.7856,1.6032,0.22,0.1716,0.2183,0.0036,1,1,63,1,2026-08-19T06:19:08.606061+00:00,2026-08-19T06:19:59.095719+00:00
16,198,Cucurella,7,DEF,48,0.8428,1.7112,0.28,0.1584,0.2731,0.0044,1,2,83,1,2026-08-19T06:19:08.606061+00:00,2026-08-19T06:19:59.095719+00:00
16,199,Enzo,7,MID,48,0,0,0.0,0.0,0.0,0,1,2,65,1,2026-08-19T06:19:08.606061+00:00,2026-08-19T06:19:59.095719+00:00
16,201,W.Fofana,7,DEF,44,0,0,0.0,0.0,0.0,0,1,0,0,0,2026-08-19T06:19:08.606061+00:00,2026-08-19T06:19:59.095719+00:00
16,202,Gallagher,7,MID,54,1.6168,1.9457,0.48,0.1144,0.4556,0.0048,1,2,90,1,2026-08-19T06:19:08.606061+00:00,2026-08-19T06:19:59.095719+00:00
16,203,Gusto,7,DEF,41,0.8572,1.631,0.22,0.1716,0.2183,0.0016,1,0,0,0,2026-08-19T06:19:08.606061+00:00,2026-08-19T06:19:59.095719+00:00
16,206,James,7,DEF,54,0,0,0.0,0.0,0.0,0,1,1,26,0,2026-08-19T06:19:08.606061+00:00,2026-08-19T06:19:59.095719+00:00
16,207,Lukaku,7,FWD,68,0,0,0.0,0.0,0.0,0,1,0,0,0,2026-08-19T06:19:08.606061+00:00,2026-08-19T06:19:59.095719+00:00
16,208,Madueke,7,MID,53,0.684,1.2149,0.18,0.1804,0.1818,0.0008,1,0,0,0,2026-08-19T06:19:08.606061+00:00,2026-08-19T06:19:59.095719+00:00
16,210,Mudryk,7,MID,63,0,0,0.0,0.0,0.0,0,1,1,90,1,2026-08-19T06:19:08.606061+00:00,2026-08-19T06:19:59.095719+00:00
16,211,N.Jackson,7,FWD,69,2.03,2.705,0.48,0.1456,0.458,0.0272,1,1,23,0,2026-08-19T06:19:08.606061+00:00,2026-08-19T06:19:59.095719+00:00
16,212,Nkunku,7,FWD,73,2.2584,2.0393,0.72,0.0784,0.6759,0.0108,1,0,0,0,2026-08-19T06:19:08.606061+00:00,2026-08-19T06:19:59.095719+00:00
16,213,Pulisic,7,MID,55,0,0,0.0,0.0,0.0,0,1,0,0,0,2026-08-19T06:19:08.606061+00:00,2026-08-19T06:19:59.095719+00:00
16,214,M.Sarr,7,DEF,43,0.4792,1.1467,0.1,0.198,0.1088,0.0008,1,0,0,0,2026-08-19T06:19:08.606061+00:00,2026-08-19T06:19:59.095719+00:00
16,215,Slonina,7,GKP,40,0,0,0.0,0.0,0.0,0,1,0,0,0,2026-08-19T06:19:08.606061+00:00,2026-08-19T06:19:59.095719+00:00
16,216,Sterling,7,MID,71,1.9048,2.4355,0.48,0.1456,0.458,0.0168,1,1,24,0,2026-08-19T06:19:08.606061+00:00,2026-08-19T06:19:59.095719+00:00
16,217,T.Silva,7,DEF,50,1.444,1.956,0.48,0.1144,0.4556,0.002,1,0,0,0,2026-08-19T06:19:08.606061+00:00,2026-08-19T06:19:59.095719+00:00
16,218,Ziyech,7,MID,54,0,0,0.0,0.0,0.0,0,1,0,0,0,2026-08-19T06:19:08.606061+00:00,2026-08-19T06:19:59.095719+00:00
16,362,Palmer,7,MID,54,2.0044,2.6548,0.48,0.1144,0.4556,0.0188,1,1,90,1,2026-08-19T06:19:08.606061+00:00,2026-08-19T06:19:59.095719+00:00
16,589,Ângelo,7,MID,50,0,0,0.0,0.0,0.0,0,1,0,0,0,2026-08-19T06:19:08.606061+00:00,2026-08-19T06:19:59.095719+00:00
16,609,Maatsen,7,MID,51,0,0,0.0,0.0,0.0,0,1,1,6,0,2026-08-19T06:19:08.606061+00:00,2026-08-19T06:19:59.095719+00:00
16,611,Disasi,7,DEF,49,1.5648,2.2135,0.48,0.1144,0.4556,0.008,1,1,90,1,2026-08-19T06:19:08.606061+00:00,2026-08-19T06:19:59.095719+00:00
16,613,Ugochukwu,7,MID,44,0.4372,0.8984,0.1,0.198,0.1088,0.0008,1,0,0,0,2026-08-19T06:19:08.606061+00:00,2026-08-19T06:19:59.095719+00:00
16,623,Burstow,7,FWD,45,0,0,0.0,0.0,0.0,0,1,0,0,0,2026-08-19T06:19:08.606061+00:00,2026-08-19T06:19:59.095719+00:00
16,659,Bergström,7,GKP,40,0,0,0.0,0.0,0.0,0,1,0,0,0,2026-08-19T06:19:08.606061+00:00,2026-08-19T06:19:59.095719+00:00
16,667,Lavia,7,MID,49,0,0,0.0,0.0,0.0,0,1,0,0,0,2026-08-19T06:19:08.606061+00:00,2026-08-19T06:19:59.095719+00:00
16,671,Humphreys,7,DEF,40,0,0,0.0,0.0,0.0,0,1,0,0,0,2026-08-19T06:19:08.606061+00:00,2026-08-19T06:19:59.095719+00:00
16,677,Deivid,7,FWD,45,0.4188,0.8889,0.1,0.198,0.1088,0.0004,1,0,0,0,2026-08-19T06:19:08.606061+00:00,2026-08-19T06:19:59.095719+00:00
16,680,Beach,7,GKP,40,0,0,0.0,0.0,0.0,0,1,0,0,0,2026-08-19T06:19:08.606061+00:00,2026-08-19T06:19:59.095719+00:00
16,681,Diego Moreira,7,MID,45,0.4412,0.8752,0.1,0.198,0.1088,0.0004,1,0,0,0,2026-08-19T06:19:08.606061+00:00,2026-08-19T06:19:59.095719+00:00
16,687,Petrović,7,GKP,45,2.6384,2.0462,0.88,0.0048,0.8188,0.0,1,1,6,0,2026-08-19T06:19:08.606061+00:00,2026-08-19T06:19:59.095719+00:00
16,716,Gilchrist,7,DEF,40,0.4776,1.0779,0.1,0.198,0.1088,0.0,1,0,0,0,2026-08-19T06:19:08.606061+00:00,2026-08-19T06:19:59.095719+00:00
16,717,Stutter,7,FWD,45,0.4236,0.8312,0.1,0.198,0.1088,0.0004,1,0,0,0,2026-08-19T06:19:08.606061+00:00,2026-08-19T06:19:59.095719+00:00
16,718,Matos,7,MID,45,0,0,0.0,0.0,0.0,0,1,0,0,0,2026-08-19T06:19:08.606061+00:00,2026-08-19T06:19:59.095719+00:00
16,723,Brooking,7,DEF,40,0.5172,1.1634,0.1,0.198,0.1088,0.0,1,0,0,0,2026-08-19T06:19:08.606061+00:00,2026-08-19T06:19:59.095719+00:00
16,758,Castledine,7,MID,45,0.4336,0.8687,0.1,0.198,0.1088,0.0,1,0,0,0,2026-08-19T06:19:08.606061+00:00,2026-08-19T06:19:59.095719+00:00
16,791,Casadei,7,MID,45,0.4448,0.8414,0.1,0.198,0.1088,0.0,1,,,,2026-08-19T06:19:08.606061+00:00,
16,819,Samuels-Smith,7,DEF,40,0.4824,1.146,0.1,0.198,0.1088,0.0008,1,,,,2026-08-19T06:19:08.606061+00:00,
16,820,Harrison,7,MID,45,0.4752,0.9831,0.1,0.198,0.1088,0.0012,1,,,,2026-08-19T06:19:08.606061+00:00,
16,830,Tauriainen,7,MID,45,0.4504,0.9081,0.1,0.198,0.1088,0.0,1,,,,2026-08-19T06:19:08.606061+00:00,
16,838,Acheampong,7,DEF,40,0.4828,1.1419,0.1,0.198,0.1088,0.0,1,,,,2026-08-19T06:19:08.606061+00:00,
16,847,Sharman-Lowe,7,GKP,40,0.174,0.7451,0.04,0.0384,0.0403,0.0,1,,,,2026-08-19T06:19:08.606061+00:00,
16,851,George,7,FWD,45,0.454,0.9223,0.1,0.198,0.1088,0.0008,1,,,,2026-08-19T06:19:08.606061+00:00,
16,852,Dyer,7,MID,45,0.4852,0.9813,0.1,0.198,0.1088,0.0,1,,,,2026-08-19T06:19:08.606061+00:00,
16,858,Curd,7,GKP,40,0.1648,0.7388,0.04,0.0384,0.0403,0.0,1,,,,2026-08-19T06:19:08.606061+00:00,
16,859,Sturge,7,DEF,40,0.4828,1.1702,0.1,0.198,0.1088,0.0004,1,,,,2026-08-19T06:19:08.606061+00:00,
16,7,Holding,8,DEF,43,0.52,1.1797,0.11,0.1958,0.118,0.0004,1,0,0,0,2026-08-19T06:19:08.606061+00:00,2026-08-19T06:19:59.095719+00:00
16,219,Ahamada,8,MID,43,0.478,0.9705,0.1,0.198,0.1088,0.0,1,0,6,0,2026-08-19T06:19:08.606061+00:00,2026-08-19T06:19:59.095719+00:00
16,220,Andersen,8,DEF,51,2.0548,2.6844,0.48,0.1144,0.4556,0.016,1,0,90,1,2026-08-19T06:19:08.606061+00:00,2026-08-19T06:19:59.095719+00:00
16,221,J.Ayew,8,MID,54,1.5148,2.0269,0.48,0.1144,0.4556,0.006,1,-1,74,1,2026-08-19T06:19:08.606061+00:00,2026-08-19T06:19:59.095719+00:00
16,222,Clyne,8,DEF,44,0.4912,1.2238,0.1,0.198,0.1088,0.0016,1,1,90,1,2026-08-19T06:19:08.606061+00:00,2026-08-19T06:19:59.095719+00:00
16,223,C.Doucouré,8,MID,49,0,0,0.0,0.0,0.0,0,1,0,0,0,2026-08-19T06:19:08.606061+00:00,2026-08-19T06:19:59.095719+00:00
16,224,Ebiowei,8,MID,45,0,0,0.0,0.0,0.0,0,1,0,0,0,2026-08-19T06:19:08.606061+00:00,2026-08-19T06:19:59.095719+00:00
16,225,Edouard,8,FWD,55,2.0564,2.5462,0.48,0.1456,0.458,0.0164,1,1,45,1,2026-08-19T06:19:08.606061+00:00,2026-08-19T06:19:59.095719+00:00
16,226,Eze,8,MID,60,2.1704,2.7356,0.48,0.1456,0.458,0.0212,1,0,0,0,2026-08-19T06:19:08.606061+00:00,2026-08-19T06:19:59.095719+00:00
16,227,Guaita,8,GKP,44,0,0,0.0,0.0,0.0,0,1,0,0,0,2026-08-19T06:19:08.606061+00:00,2026-08-19T06:19:59.095719+00:00
16,228,Guéhi,8,DEF,46,1.8868,2.4605,0.48,0.1144,0.4556,0.0088,1,1,90,1,2026-08-19T06:19:08.606061+00:00,2026-08-19T06:19:59.095719+00:00
16,229,Hughes,8,MID,49,0,0,0.0,0.0,0.0,0,1,2,90,1,2026-08-19T06:19:08.606061+00:00,2026-08-19T06:19:59.095719+00:00
16,230,Johnstone,8,GKP,47,0,0,0.0,0.0,0.0,0,1,2,86,1,2026-08-19T06:19:08.606061+00:00,2026-08-19T06:19:59.095719+00:00
16,231,Lerma,8,MID,47,1.6984,2.091,0.48,0.1144,0.4556,0.0064,1,2,67,1,2026-08-19T06:19:08.606061+00:00,2026-08-19T06:19:59.095719+00:00
16,232,Mateta,8,FWD,49,0.952,1.4865,0.28,0.1584,0.2731,0.0004,1,7,45,1,2026-08-19T06:19:08.606061+00:00,2026-08-19T06:19:59.095719+00:00
16,233,Matthews,8,GKP,39,0.2136,0.9197,0.04,0.0384,0.0403,0.0,1,1,3,0,2026-08-19T06:19:08.606061+00:00,2026-08-19T06:19:59.095719+00:00
16,234,Mitchell,8,DEF,47,1.7164,2.2715,0.48,0.1144,0.4556,0.004,1,0,0,0,2026-08-19T06:19:08.606061+00:00,2026-08-19T06:19:59.095719+00:00
16,235,O'Brien,8,DEF,40,0,0,0.0,0.0,0.0,0,1,0,0,0,2026-08-19T06:19:08.606061+00:00,2026-08-19T06:19:59.095719+00:00
16,236,Olise,8,MID,58,1.114,1.7997,0.28,0.2016,0.2765,0.0036,1,1,22,0,2026-08-19T06:19:08.606061+00:00,2026-08-19T06:19:59.095719+00:00
16,237,Plange,8,FWD,45,0,0,0.0,0.0,0.0,0,1,0,0,0,2026-08-19T06:19:08.606061+00:00,2026-08-19T06:19:59.095719+00:00
16,238,C.Richards,8,DEF,39,0.7956,1.5706,0.22,0.1716,0.2183,0.002,1,0,90,1,2026-08-19T06:19:08.606061+00:00,2026-08-19T06:19:59.095719+00:00
16,239,Riedewald,8,MID,44,0.476,0.9318,0.1,0.198,0.1088,0.0,1,0,0,0,2026-08-19T06:19:08.606061+00:00,2026-08-19T06:19:59.095719+00:00
16,240,Schlupp,8,MID,49,1.648,1.9627,0.48,0.1144,0.4556,0.0032,1,2,83,1,2026-08-19T06:19:08.606061+00:00,2026-08-19T06:19:59.095719+00:00
16,241,Tomkins,8,DEF,40,0.5368,1.2399,0.1,0.198,0.1088,0.0004,1,0,0,0,2026-08-19T06:19:08.606061+00:00,2026-08-19T06:19:59.095719+00:00
16,242,Ward,8,DEF,45,0.8588,1.7088,0.22,0.1716,0.2183,0.004,1,0,90,1,2026-08-19T06:19:08.606061+00:00,2026-08-19T06:19:59.095719+00:00
16,243,Whitworth,8,GKP,40,0.1856,0.8296,0.04,0.0384,0.0403,0.0,1,0,0,0,2026-08-19T06:19:08.606061+00:00,2026-08-19T06:19:59.095719+00:00
16,385,Henderson,8,GKP,44,3.6112,2.3885,0.9,0.004,0.8373,0.0044,1,0,0,0,2026-08-19T06:19:08.606061+00:00,2026-08-19T06:19:59.095719+00:00
16,615,Matheus França,8,MID,49,0,0,0.0,0.0,0.0,0,1,0,0,0,2026-08-19T06:19:08.606061+00:00,2026-08-19T06:19:59.095719+00:00
16,657,Rak-Sakyi,8,MID,45,0.4772,1.0081,0.1,0.198,0.1088,0.0,1,0,0,0,2026-08-19T06:19:08.606061+00:00,2026-08-19T06:19:59.095719+00:00
16,658,Gordon,8,FWD,45,0,0,0.0,0.0,0.0,0,1,0,0,0,2026-08-19T06:19:08.606061+00:00,2026-08-19T06:19:59.095719+00:00
16,720,Ola-Adebomi,8,FWD,45,0,0,0.0,0.0,0.0,0,1,0,0,0,2026-08-19T06:19:08.606061+00:00,2026-08-19T06:19:59.095719+00:00
16,721,Ozoh,8,MID,45,0.4644,0.9572,0.1,0.198,0.1088,0.0,1,1,1,0,2026-08-19T06:19:08.606061+00:00,2026-08-19T06:19:59.095719+00:00
16,724,Raymond,8,MID,45,0.4732,0.9745,0.1,0.198,0.1088,0.0004,1,0,0,0,2026-08-19T06:19:08.606061+00:00,2026-08-19T06:19:59.095719+00:00
16,763,Adaramola,8,DEF,40,0,0,0.0,0.0,0.0,0,1,,,,2026-08-19T06:19:08.606061+00:00,
16,792,Muñoz,8,DEF,45,0.5492,1.2848,0.1,0.198,0.1088,0.0004,1,,,,2026-08-19T06:19:08.606061+00:00,
16,807,Wharton,8,MID,50,0.724,1.3129,0.18,0.1804,0.1818,0.0008,1,,,,2026-08-19T06:19:08.606061+00:00,
16,821,Umeh-Chibueze,8,FWD,45,0.4208,0.8089,0.1,0.198,0.1088,0.0,1,,,,2026-08-19T06:19:08.606061+00:00,
16,825,Rodney,8,MID,45,0.4624,1.0013,0.1,0.198,0.1088,0.0,1,,,,2026-08-19T06:19:08.606061+00:00,
16,842,Mathurin,8,MID,44,0.472,0.9976,0.1,0.198,0.1088,0.0,1,,,,2026-08-19T06:19:08.606061+00:00,
16,244,André Gomes,9,MID,44,0.3428,0.7776,0.05,0.209,0.0632,0.0,1,0,0,0,2026-08-19T06:19:08.606061+00:00,2026-08-19T06:19:59.095719+00:00
16,245,Branthwaite,9,DEF,41,0.8732,1.6873,0.22,0.1716,0.2183,0.0016,1,5,90,1,2026-08-19T06:19:08.606061+00:00,2026-08-19T06:19:59.095719+00:00
16,246,Calvert-Lewin,9,FWD,58,2.1012,2.6204,0.48,0.1456,0.458,0.0248,1,5,66,1,2026-08-19T06:19:08.606061+00:00,2026-08-19T06:19:59.095719+00:00
16,247,Coleman,9,DEF,44,0.4964,1.2024,0.1,0.198,0.1088,0.0,1,0,0,0,2026-08-19T06:19:08.606061+00:00,2026-08-19T06:19:59.095719+00:00
16,248,Dele,9,MID,48,0,0,0.0,0.0,0.0,0,1,0,0,0,2026-08-19T06:19:08.606061+00:00,2026-08-19T06:19:59.095719+00:00
16,249,A.Doucoure,9,MID,55,2.234,2.9225,0.48,0.1456,0.458,0.026,1,10,90,1,2026-08-19T06:19:08.606061+00:00,2026-08-19T06:19:59.095719+00:00
16,250,Garner,9,MID,49,1.6748,2.0365,0.48,0.1144,0.4556,0.0064,1,3,90,1,2026-08-19T06:19:08.606061+00:00,2026-08-19T06:19:59.095719+00:00
16,251,Gbamin,9,MID,44,0,0,0.0,0.0,0.0,0,1,0,0,0,2026-08-19T06:19:08.606061+00:00,2026-08-19T06:19:59.095719+00:00
16,252,Godfrey,9,DEF,43,0.54,1.3036,0.1,0.198,0.1088,0.0012,1,0,0,0,2026-08-19T06:19:08.606061+00:00,2026-08-19T06:19:59.095719+00:00
16,253,Gray,9,MID,53,0,0,0.0,0.0,0.0,0,1,0,0,0,2026-08-19T06:19:08.606061+00:00,2026-08-19T06:19:59.095719+00:00
16,254,Gana,9,MID,48,1.4012,1.762,0.48,0.1144,0.4556,0.0032,1,0,45,1,2026-08-19T06:19:08.606061+00:00,2026-08-19T06:19:59.095719+00:00
16,257,Keane,9,DEF,43,0.4952,1.1017,0.1,0.198,0.1088,0.0,1,0,0,0,2026-08-19T06:19:08.606061+00:00,2026-08-19T06:19:59.095719+00:00
16,259,McNeil,9,MID,54,1.9768,2.4205,0.48,0.1144,0.4556,0.0128,1,3,90,1,2026-08-19T06:19:08.606061+00:00,2026-08-19T06:19:59.095719+00:00
16,260,Mykolenko,9,DEF,45,0,0,0.0,0.0,0.0,0,1,7,90,1,2026-08-19T06:19:08.606061+00:00,2026-08-19T06:19:59.095719+00:00
16,261,Onana,9,MID,47,1.4624,1.7952,0.48,0.1144,0.4556,0.0048,1,1,45,1,2026-08-19T06:19:08.606061+00:00,2026-08-19T06:19:59.095719+00:00
16,262,Patterson,9,DEF,44,0,0,0.0,0.0,0.0,0,1,1,49,1,2026-08-19T06:19:08.606061+00:00,2026-08-19T06:19:59.095719+00:00
16,263,Pickford,9,GKP,44,3.1076,2.2319,0.9,0.004,0.8373,0.0016,1,10,90,1,2026-08-19T06:19:08.606061+00:00,2026-08-19T06:19:59.095719+00:00
16,264,Simms,9,FWD,45,0,0,0.0,0.0,0.0,0,1,0,0,0,2026-08-19T06:19:08.606061+00:00,2026-08-19T06:19:59.095719+00:00
16,265,Tarkowski,9,DEF,44,0.9928,1.9598,0.22,0.1716,0.2183,0.0052,1,6,90,1,2026-08-19T06:19:08.606061+00:00,2026-08-19T06:19:59.095719+00:00
16,266,J.Virginia,9,GKP,39,0.136,0.7009,0.04,0.0384,0.0403,0.0,1,0,0,0,2026-08-19T06:19:08.606061+00:00,2026-08-19T06:19:59.095719+00:00
16,579,Lonergan,9,GKP,39,0.166,0.7947,0.04,0.0384,0.0403,0.0004,1,0,0,0,2026-08-19T06:19:08.606061+00:00,2026-08-19T06:19:59.095719+00:00
16,588,Young,9,DEF,44,0.8716,1.7231,0.22,0.1716,0.2183,0.002,1,1,40,0,2026-08-19T06:19:08.606061+00:00,2026-08-19T06:19:59.095719+00:00
16,601,Danjuma,9,MID,53,1.1184,1.8796,0.28,0.1584,0.2731,0.0048,1,0,0,0,2026-08-19T06:19:08.606061+00:00,2026-08-19T06:19:59.095719+00:00
16,624,Dobbin,9,MID,45,0.4644,0.9101,0.1,0.198,0.1088,0.0,1,6,4,0,2026-08-19T06:19:08.606061+00:00,2026-08-19T06:19:59.095719+00:00
16,645,Y. Chermiti,9,FWD,49,0.684,1.2525,0.18,0.1804,0.1818,0.0012,1,0,0,0,2026-08-19T06:19:08.606061+00:00,2026-08-19T06:19:59.095719+00:00
16,649,Cannon,9,FWD,45,0,0,0.0,0.0,0.0,0,1,0,0,0,2026-08-19T06:19:08.606061+00:00,2026-08-19T06:19:59.095719+00:00
16,650,Onyango,9,MID,45,0.4828,1.0255,0.1,0.198,0.1088,0.0,1,0,0,0,2026-08-19T06:19:08.606061+00:00,2026-08-19T06:19:59.095719+00:00
16,661,Harrison,9,MID,55,0,0,0.0,0.0,0.0,0,1,3,85,1,2026-08-19T06:19:08.606061+00:00,2026-08-19T06:19:59.095719+00:00
16,691,Beto,9,FWD,57,1.0736,1.7499,0.28,0.2016,0.2765,0.006,1,1,23,0,2026-08-19T06:19:08.606061+00:00,2026-08-19T06:19:59.095719+00:00
16,719,Hunt,9,MID,45,0.5,0.9996,0.1,0.198,0.1088,0.0,1,0,0,0,2026-08-19T06:19:08.606061+00:00,2026-08-19T06:19:59.095719+00:00
16,760,Metcalfe,9,MID,45,0.468,1.0059,0.1,0.198,0.1088,0.0004,1,,,,2026-08-19T06:19:08.606061+00:00,
16,761,Campbell,9,DEF,40,0,0,0.0,0.0,0.0,0,1,,,,2026-08-19T06:19:08.606061+00:00,
16,841,Warrington,9,MID,45,0.4896,0.9927,0.1,0.198,0.1088,0.0,1,,,,2026-08-19T06:19:08.606061+00:00,
16,863,Crellin,9,GKP,40,0.1728,0.8241,0.04,0.0384,0.0403,0.0,1,,,,2026-08-19T06:19:08.606061+00:00,
16,193,Broja,10,FWD,49,0.6784,1.282,0.18,0.1804,0.1818,0.002,1,2,66,1,2026-08-19T06:19:08.606061+00:00,2026-08-19T06:19:59.095719+00:00
16,256,Iwobi,10,MID,53,2.0316,2.5535,0.48,0.1144,0.4556,0.016,1,6,78,1,2026-08-19T06:19:08.606061+00:00,2026-08-19T06:19:59.095719+00:00
16,267,Andreas,10,MID,53,1.718,2.0379,0.48,0.1144,0.4556,0.0044,1,6,90,1,2026-08-19T06:19:08.606061+00:00,2026-08-19T06:19:59.095719+00:00
16,268,Cairney,10,MID,49,0.9988,1.6726,0.28,0.1584,0.2731,0.0036,1,6,90,1,2026-08-19T06:19:08.606061+00:00,2026-08-19T06:19:59.095719+00:00
16,269,I.Cavaleiro,10,MID,50,0,0,0.0,0.0,0.0,0,1,0,0,0,2026-08-19T06:19:08.606061+00:00,2026-08-19T06:19:59.095719+00:00
16,270,De Cordova-Reid,10,MID,54,2.0048,2.5713,0.48,0.1144,0.4556,0.016,1,1,11,0,2026-08-19T06:19:08.606061+00:00,2026-08-19T06:19:59.095719+00:00
16,271,Diop,10,DEF,44,0.8668,1.6641,0.22,0.1716,0.2183,0.002,1,0,0,0,2026-08-19T06:19:08.606061+00:00,2026-08-19T06:19:59.095719+00:00
16,272,Francois,10,MID,44,0,0,0.0,0.0,0.0,0,1,0,0,0,2026-08-19T06:19:08.606061+00:00,2026-08-19T06:19:59.095719+00:00
16,273,Knockaert,10,MID,44,0,0,0.0,0.0,0.0,0,1,0,0,0,2026-08-19T06:19:08.606061+00:00,2026-08-19T06:19:59.095719+00:00
16,274,Kongolo,10,DEF,40,0,0,0.0,0.0,0.0,0,1,0,0,0,2026-08-19T06:19:08.606061+00:00,2026-08-19T06:19:59.095719+00:00
16,275,Leno,10,GKP,47,3.9816,2.4031,0.9,0.008,0.8376,0.008,1,9,90,1,2026-08-19T06:19:08.606061+00:00,2026-08-19T06:19:59.095719+00:00
16,276,Lukić,10,MID,44,0,0,0.0,0.0,0.0,0,1,0,0,0,2026-08-19T06:19:08.606061+00:00,2026-08-19T06:19:59.095719+00:00
16,277,Mbabu,10,DEF,40,0,0,0.0,0.0,0.0,0,1,0,0,0,2026-08-19T06:19:08.606061+00:00,2026-08-19T06:19:59.095719+00:00
16,278,Mitrović,10,FWD,74,0,0,0.0,0.0,0.0,0,1,0,0,0,2026-08-19T06:19:08.606061+00:00,2026-08-19T06:19:59.095719+00:00
16,279,Muniz,10,FWD,44,0.4552,0.9792,0.1,0.198,0.1088,0.0,1,0,0,0,2026-08-19T06:19:08.606061+00:00,2026-08-19T06:19:59.095719+00:00
16,280,J.Palhinha,10,MID,50,1.5788,1.885,0.48,0.1144,0.4556,0.0032,1,5,79,1,2026-08-19T06:19:08.606061+00:00,2026-08-19T06:19:59.095719+00:00
16,281,Ream,10,DEF,45,0.9532,1.8429,0.22,0.1716,0.2183,0.0048,1,0,0,0,2026-08-19T06:19:08.606061+00:00,2026-08-19T06:19:59.095719+00:00
16,282,Reed,10,MID,46,1.2592,1.4165,0.48,0.1144,0.4556,0.0,1,1,10,0,2026-08-19T06:19:08.606061+00:00,2026-08-19T06:19:59.095719+00:00
16,283,Robinson,10,DEF,44,0.894,1.7399,0.22,0.1716,0.2183,0.0024,1,6,71,1,2026-08-19T06:19:08.606061+00:00,2026-08-19T06:19:59.095719+00:00
16,284,Rodák,10,GKP,39,0.1588,0.7377,0.04,0.0384,0.0403,0.0,1,0,0,0,2026-08-19T06:19:08.606061+00:00,2026-08-19T06:19:59.095719+00:00
16,285,Tete,10,DEF,44,0.8336,1.7357,0.22,0.1716,0.2183,0.0048,1,0,0,0,2026-08-19T06:19:08.606061+00:00,2026-08-19T06:19:59.095719+00:00
16,286,Tosin,10,DEF,43,0.5236,1.2134,0.1,0.198,0.1088,0.0,1,14,90,1,2026-08-19T06:19:08.606061+00:00,2026-08-19T06:19:59.095719+00:00
16,287,Vinícius,10,FWD,47,0,0,0.0,0.0,0.0,0,1,5,18,0,2026-08-19T06:19:08.606061+00:00,2026-08-19T06:19:59.095719+00:00
16,288,Wilson,10,MID,53,1.5664,2.01,0.48,0.1144,0.4556,0.0064,1,9,45,1,2026-08-19T06:19:08.606061+00:00,2026-08-19T06:19:59.095719+00:00
16,558,Raúl,10,FWD,52,1.7632,2.2511,0.48,0.1144,0.4556,0.0124,1,9,71,1,2026-08-19T06:19:08.606061+00:00,2026-08-19T06:19:59.095719+00:00
16,591,Willian,10,MID,53,2.19,2.6716,0.48,0.1144,0.4556,0.0184,1,6,45,1,2026-08-19T06:19:08.606061+00:00,2026-08-19T06:19:59.095719+00:00
16,610,Bassey,10,DEF,44,0.8992,1.6764,0.22,0.1716,0.2183,0.0012,1,6,90,1,2026-08-19T06:19:08.606061+00:00,2026-08-19T06:19:59.095719+00:00
16,625,De Fougerolles,10,DEF,40,0.57,1.3348,0.1,0.198,0.1088,0.0012,1,0,0,0,2026-08-19T06:19:08.606061+00:00,2026-08-19T06:19:59.095719+00:00
16,651,Stansfield,10,FWD,45,0,0,0.0,0.0,0.0,0,1,0,0,0,2026-08-19T06:19:08.606061+00:00,2026-08-19T06:19:59.095719+00:00
16,652,Dibley-Dias,10,MID,45,0.488,1.0015,0.1,0.198,0.1088,0.0004,1,0,0,0,2026-08-19T06:19:08.606061+00:00,2026-08-19T06:19:59.095719+00:00
16,662,Adama,10,MID,49,0.7016,1.3229,0.18,0.1804,0.1818,0.0016,1,0,0,0,2026-08-19T06:19:08.606061+00:00,2026-08-19T06:19:59.095719+00:00
16,683,Harris,10,MID,45,0,0,0.0,0.0,0.0,0,1,0,0,0,2026-08-19T06:19:08.606061+00:00,2026-08-19T06:19:59.095719+00:00
16,688,Castagne,10,DEF,45,0.878,1.7245,0.22,0.1716,0.2183,0.004,1,6,90,1,2026-08-19T06:19:08.606061+00:00,2026-08-19T06:19:59.095719+00:00
16,692,Benda,10,GKP,40,0.1908,0.8687,0.04,0.0384,0.0403,0.0,1,0,0,0,2026-08-19T06:19:08.606061+00:00,2026-08-19T06:19:59.095719+00:00
16,707,Ballo-Touré,10,DEF,45,0.5256,1.3074,0.1,0.198,0.1088,0.0012,1,0,18,0,2026-08-19T06:19:08.606061+00:00,2026-08-19T06:19:59.095719+00:00
16,732,Tanton,10,DEF,40,0.5568,1.2981,0.1,0.198,0.1088,0.0008,1,0,0,0,2026-08-19T06:19:08.606061+00:00,2026-08-19T06:19:59.095719+00:00
16,796,Sekularac,10,MID,44,0.4948,1.0119,0.1,0.198,0.1088,0.0,1,,,,2026-08-19T06:19:08.606061+00:00,
16,810,King,10,MID,45,0.4464,0.9463,0.1,0.198,0.1088,0.0,1,,,,2026-08-19T06:19:08.606061+00:00,
16,289,Adrián,11,GKP,40,0.1656,0.7233,0.04,0.0384,0.0403,0.0,1,0,0,0,2026-08-19T06:19:08.606061+00:00,2026-08-19T06:19:59.095719+00:00
16,290,Alexander-Arnold,11,DEF,81,2.0816,2.7382,0.48,0.1456,0.458,0.0228,1,4,90,1,2026-08-19T06:19:08.606061+00:00,2026-08-19T06:19:59.095719+00:00
16,291,A.Becker,11,GKP,56,3.4984,2.2924,0.9,0.008,0.8376,0.0072,1,3,90,1,2026-08-19T06:19:08.606061+00:00,2026-08-19T06:19:59.095719+00:00
16,292,Bajcetic,11,MID,47,0.8364,1.3717,0.28,0.1584,0.2731,0.0004,1,0,0,0,2026-08-19T06:19:08.606061+00:00,2026-08-19T06:19:59.095719+00:00
16,293,Darwin,11,FWD,77,2.2424,2.7893,0.48,0.1456,0.458,0.0316,1,2,73,1,2026-08-19T06:19:08.606061+00:00,2026-08-19T06:19:59.095719+00:00
16,294,Diogo J.,11,MID,77,2.1004,2.6291,0.48,0.1456,0.458,0.0184,1,0,0,0,2026-08-19T06:19:08.606061+00:00,2026-08-19T06:19:59.095719+00:00
16,295,Elliott,11,MID,48,0.646,1.1667,0.18,0.1804,0.1818,0.0008,1,6,16,0,2026-08-19T06:19:08.606061+00:00,2026-08-19T06:19:59.095719+00:00
16,296,Fabinho,11,MID,50,0,0,0.0,0.0,0.0,0,1,0,0,0,2026-08-19T06:19:08.606061+00:00,2026-08-19T06:19:59.095719+00:00
16,297,Gakpo,11,FWD,72,1.3092,2.0231,0.28,0.2016,0.2765,0.0104,1,1,33,0,2026-08-19T06:19:08.606061+00:00,2026-08-19T06:19:59.095719+00:00
16,298,Gomez,11,DEF,45,0.8088,1.5986,0.22,0.1716,0.2183,0.002,1,0,45,1,2026-08-19T06:19:08.606061+00:00,2026-08-19T06:19:59.095719+00:00
16,299,Henderson,11,MID,50,0,0,0.0,0.0,0.0,0,1,0,0,0,2026-08-19T06:19:08.606061+00:00,2026-08-19T06:19:59.095719+00:00
16,300,Jones,11,MID,49,0.8356,1.2282,0.28,0.1584,0.2731,0.0,1,4,17,0,2026-08-19T06:19:08.606061+00:00,2026-08-19T06:19:59.095719+00:00
16,301,Kelleher,11,GKP,40,0.1388,0.6297,0.04,0.0384,0.0403,0.0,1,0,0,0,2026-08-19T06:19:08.606061+00:00,2026-08-19T06:19:59.095719+00:00
16,302,Konaté,11,DEF,49,0.8012,1.549,0.28,0.1584,0.2731,0.0012,1,1,33,0,2026-08-19T06:19:08.606061+00:00,2026-08-19T06:19:59.095719+00:00
16,303,Luis Díaz,11,MID,74,1.9524,2.4579,0.48,0.1456,0.458,0.0144,1,1,90,1,2026-08-19T06:19:08.606061+00:00,2026-08-19T06:19:59.095719+00:00
16,304,Mac Allister,11,MID,58,1.3704,1.5876,0.48,0.1456,0.458,0.0016,1,0,0,0,2026-08-19T06:19:08.606061+00:00,2026-08-19T06:19:59.095719+00:00
16,305,Matip,11,DEF,49,0,0,0.0,0.0,0.0,0,1,0,0,0,2026-08-19T06:19:08.606061+00:00,2026-08-19T06:19:59.095719+00:00
16,306,Phillips,11,DEF,40,0,0,0.0,0.0,0.0,0,1,0,0,0,2026-08-19T06:19:08.606061+00:00,2026-08-19T06:19:59.095719+00:00
16,307,Robertson,11,DEF,64,1.7244,2.2944,0.48,0.1456,0.458,0.01,1,0,0,0,2026-08-19T06:19:08.606061+00:00,2026-08-19T06:19:59.095719+00:00
16,308,Salah,11,MID,131,3.4496,4.2533,0.48,0.1456,0.458,0.0964,1,13,90,1,2026-08-19T06:19:08.606061+00:00,2026-08-19T06:19:59.095719+00:00
16,309,Szoboszlai,11,MID,71,1.9272,2.3288,0.48,0.1456,0.458,0.0124,1,2,73,1,2026-08-19T06:19:08.606061+00:00,2026-08-19T06:19:59.095719+00:00
16,310,Thiago,11,MID,48,0.7608,1.1971,0.24,0.1672,0.2366,0.0008,1,0,0,0,2026-08-19T06:19:08.606061+00:00,2026-08-19T06:19:59.095719+00:00
16,311,Tsimikas,11,DEF,49,0.9504,1.6877,0.28,0.1584,0.2731,0.0008,1,2,90,1,2026-08-19T06:19:08.606061+00:00,2026-08-19T06:19:59.095719+00:00
16,312,Van den Berg,11,DEF,40,0,0,0.0,0.0,0.0,0,1,0,0,0,2026-08-19T06:19:08.606061+00:00,2026-08-19T06:19:59.095719+00:00
16,313,Virgil,11,DEF,61,1.8692,2.4067,0.48,0.1456,0.458,0.0116,1,2,90,1,2026-08-19T06:19:08.606061+00:00,2026-08-19T06:19:59.095719+00:00
16,626,Quansah,11,DEF,40,0.4568,1.0387,0.1,0.198,0.1088,0.0004,1,1,56,1,2026-08-19T06:19:08.606061+00:00,2026-08-19T06:19:59.095719+00:00
16,627,Clark,11,MID,45,0.4688,0.9536,0.1,0.198,0.1088,0.0,1,0,0,0,2026-08-19T06:19:08.606061+00:00,2026-08-19T06:19:59.095719+00:00
16,628,Doak,11,MID,44,0,0,0.0,0.0,0.0,0,1,0,0,0,2026-08-19T06:19:08.606061+00:00,2026-08-19T06:19:59.095719+00:00
16,629,McConnell,11,MID,44,0.4632,0.9034,0.1,0.198,0.1088,0.0,1,0,0,0,2026-08-19T06:19:08.606061+00:00,2026-08-19T06:19:59.095719+00:00
16,668,Endo,11,MID,54,0.9268,1.4322,0.28,0.1584,0.2731,0.0004,1,1,45,1,2026-08-19T06:19:08.606061+00:00,2026-08-19T06:19:59.095719+00:00
16,708,Gravenberch,11,MID,50,0.9836,1.5539,0.28,0.1584,0.2731,0.0032,1,1,56,1,2026-08-19T06:19:08.606061+00:00,2026-08-19T06:19:59.095719+00:00
16,726,Chambers,11,DEF,40,0,0,0.0,0.0,0.0,0,1,0,0,0,2026-08-19T06:19:08.606061+00:00,2026-08-19T06:19:59.095719+00:00
16,728,Scanlon,11,DEF,40,0.512,1.1479,0.1,0.198,0.1088,0.0,1,0,0,0,2026-08-19T06:19:08.606061+00:00,2026-08-19T06:19:59.095719+00:00
16,743,Nyoni,11,MID,45,0.4624,0.9304,0.1,0.198,0.1088,0.0,1,0,0,0,2026-08-19T06:19:08.606061+00:00,2026-08-19T06:19:59.095719+00:00
16,756,Pitaluga,11,GKP,40,0,0,0.0,0.0,0.0,0,1,0,0,0,2026-08-19T06:19:08.606061+00:00,2026-08-19T06:19:59.095719+00:00
16,757,Bradley,11,DEF,40,0.468,1.1228,0.1,0.198,0.1088,0.0,1,0,0,0,2026-08-19T06:19:08.606061+00:00,2026-08-19T06:19:59.095719+00:00
16,782,Beck,11,DEF,45,0,0,0.0,0.0,0.0,0,1,,,,2026-08-19T06:19:08.606061+00:00,
16,783,Gordon,11,MID,45,0.4652,0.9759,0.1,0.198,0.1088,0.0004,1,,,,2026-08-19T06:19:08.606061+00:00,
16,812,Koumas,11,FWD,45,0.4468,0.8664,0.1,0.198,0.1088,0.0,1,,,,2026-08-19T06:19:08.606061+00:00,
16,813,Mrozek,11,GKP,40,0.1624,0.7659,0.04,0.0384,0.0403,0.0,1,,,,2026-08-19T06:19:08.606061+00:00,
16,824,Danns,11,FWD,43,0.4304,0.8578,0.1,0.198,0.1088,0.0,1,,,,2026-08-19T06:19:08.606061+00:00,
16,837,Nallo,11,DEF,40,0.4648,1.0916,0.1,0.198,0.1088,0.0004,1,,,,2026-08-19T06:19:08.606061+00:00,
16,21,Sambi,12,MID,49,0.6816,1.2407,0.18,0.1804,0.1818,0.0004,1,1,18,0,2026-08-19T06:19:08.606061+00:00,2026-08-19T06:19:59.095719+00:00
16,52,Nakamba,12,MID,44,0,0,0.0,0.0,0.0,0,1,1,71,1,2026-08-19T06:19:08.606061+00:00,2026-08-19T06:19:59.095719+00:00
16,314,Adebayo,12,FWD,48,1.0084,1.5974,0.28,0.1584,0.2731,0.0028,1,7,90,1,2026-08-19T06:19:08.606061+00:00,2026-08-19T06:19:59.095719+00:00
16,315,Andersen,12,DEF,39,0.5208,1.2508,0.11,0.1958,0.118,0.0008,1,0,0,0,2026-08-19T06:19:08.606061+00:00,2026-08-19T06:19:59.095719+00:00
16,316,Bell,12,DEF,39,0,0,0.0,0.0,0.0,0,1,1,90,1,2026-08-19T06:19:08.606061+00:00,2026-08-19T06:19:59.095719+00:00
16,317,Berry,12,MID,47,0.7088,1.2604,0.18,0.1804,0.1818,0.0008,1,0,0,0,2026-08-19T06:19:08.606061+00:00,2026-08-19T06:19:59.095719+00:00
16,318,Burke,12,DEF,40,0,0,0.0,0.0,0.0,0,1,0,0,0,2026-08-19T06:19:08.606061+00:00,2026-08-19T06:19:59.095719+00:00
16,319,Campbell,12,MID,49,0,0,0.0,0.0,0.0,0,1,0,0,0,2026-08-19T06:19:08.606061+00:00,2026-08-19T06:19:59.095719+00:00
16,320,Clark,12,MID,48,0.6964,1.299,0.18,0.1804,0.1818,0.0016,1,1,1,0,2026-08-19T06:19:08.606061+00:00,2026-08-19T06:19:59.095719+00:00
16,321,Doughty,12,DEF,44,1.0228,1.9653,0.22,0.1716,0.2183,0.0048,1,0,90,1,2026-08-19T06:19:08.606061+00:00,2026-08-19T06:19:59.095719+00:00
16,322,Freeman,12,MID,49,0,0,0.0,0.0,0.0,0,1,0,0,0,2026-08-19T06:19:08.606061+00:00,2026-08-19T06:19:59.095719+00:00
16,323,Macey,12,GKP,40,0,0,0.0,0.0,0.0,0,1,0,0,0,2026-08-19T06:19:08.606061+00:00,2026-08-19T06:19:59.095719+00:00
16,324,McAtee,12,FWD,45,0,0,0.0,0.0,0.0,0,1,0,0,0,2026-08-19T06:19:08.606061+00:00,2026-08-19T06:19:59.095719+00:00
16,325,Mendes,12,MID,45,0,0,0.0,0.0,0.0,0,1,0,0,0,2026-08-19T06:19:08.606061+00:00,2026-08-19T06:19:59.095719+00:00
16,326,Morris,12,FWD,52,1.8552,2.3019,0.48,0.1144,0.4556,0.014,1,1,18,0,2026-08-19T06:19:08.606061+00:00,2026-08-19T06:19:59.095719+00:00
16,327,Muskwe,12,FWD,45,0,0,0.0,0.0,0.0,0,1,0,0,0,2026-08-19T06:19:08.606061+00:00,2026-08-19T06:19:59.095719+00:00
16,328,Ogbene,12,FWD,49,1.514,1.8031,0.48,0.1144,0.4556,0.002,1,0,0,0,2026-08-19T06:19:08.606061+00:00,2026-08-19T06:19:59.095719+00:00
16,329,Onyedinma,12,MID,50,0.7,1.3814,0.18,0.1804,0.1818,0.0016,1,0,0,0,2026-08-19T06:19:08.606061+00:00,2026-08-19T06:19:59.095719+00:00
16,330,Osho,12,DEF,44,0.8536,1.6416,0.22,0.1716,0.2183,0.0024,1,0,0,0,2026-08-19T06:19:08.606061+00:00,2026-08-19T06:19:59.095719+00:00
16,331,Pepple,12,FWD,45,0,0,0.0,0.0,0.0,0,1,0,0,0,2026-08-19T06:19:08.606061+00:00,2026-08-19T06:19:59.095719+00:00
16,332,Pereira,12,MID,44,0,0,0.0,0.0,0.0,0,1,0,0,0,2026-08-19T06:19:08.606061+00:00,2026-08-19T06:19:59.095719+00:00
16,333,Potts,12,DEF,39,0.4004,0.9926,0.05,0.209,0.0632,0.0,1,0,0,0,2026-08-19T06:19:08.606061+00:00,2026-08-19T06:19:59.095719+00:00
16,334,Rea,12,MID,44,0,0,0.0,0.0,0.0,0,1,0,0,0,2026-08-19T06:19:08.606061+00:00,2026-08-19T06:19:59.095719+00:00
16,335,Shea,12,GKP,43,0.192,0.8636,0.04,0.0384,0.0403,0.0,1,0,0,0,2026-08-19T06:19:08.606061+00:00,2026-08-19T06:19:59.095719+00:00
16,336,Taylor,12,FWD,45,0,0,0.0,0.0,0.0,0,1,0,0,0,2026-08-19T06:19:08.606061+00:00,2026-08-19T06:19:59.095719+00:00
16,337,Thorpe,12,MID,45,0,0,0.0,0.0,0.0,0,1,0,0,0,2026-08-19T06:19:08.606061+00:00,2026-08-19T06:19:59.095719+00:00
16,338,Walton,12,GKP,40,0,0,0.0,0.0,0.0,0,1,0,0,0,2026-08-19T06:19:08.606061+00:00,2026-08-19T06:19:59.095719+00:00
16,339,Watson,12,MID,44,0,0,0.0,0.0,0.0,0,1,0,0,0,2026-08-19T06:19:08.606061+00:00,2026-08-19T06:19:59.095719+00:00
16,340,Woodrow,12,FWD,44,0.5028,1.0726,0.1,0.198,0.1088,0.0004,1,0,0,0,2026-08-19T06:19:08.606061+00:00,2026-08-19T06:19:59.095719+00:00
16,393,Mengi,12,DEF,39,0.9008,1.6385,0.22,0.1716,0.2183,0.0004,1,1,90,1,2026-08-19T06:19:08.606061+00:00,2026-08-19T06:19:59.095719+00:00
16,553,Giles,12,DEF,43,0,0,0.0,0.0,0.0,0,1,1,83,1,2026-08-19T06:19:08.606061+00:00,2026-08-19T06:19:59.095719+00:00
16,575,Lockyer,12,DEF,43,0,0,0.0,0.0,0.0,0,1,1,89,1,2026-08-19T06:19:08.606061+00:00,2026-08-19T06:19:59.095719+00:00
16,582,Mpanzu,12,MID,47,1.5012,1.7121,0.48,0.1144,0.4556,0.0012,1,0,0,0,2026-08-19T06:19:08.606061+00:00,2026-08-19T06:19:59.095719+00:00
16,586,Chong,12,MID,48,0.844,1.4124,0.28,0.1584,0.2731,0.002,1,1,6,0,2026-08-19T06:19:08.606061+00:00,2026-08-19T06:19:59.095719+00:00
16,602,Kaboré,12,DEF,40,0,0,0.0,0.0,0.0,0,1,0,0,0,2026-08-19T06:19:08.606061+00:00,2026-08-19T06:19:59.095719+00:00
16,614,Kaminski,12,GKP,45,3.2868,2.3017,0.9,0.004,0.8373,0.0016,1,2,90,1,2026-08-19T06:19:08.606061+00:00,2026-08-19T06:19:59.095719+00:00
16,630,Barkley,12,MID,49,0,0,0.0,0.0,0.0,0,1,2,90,1,2026-08-19T06:19:08.606061+00:00,2026-08-19T06:19:59.095719+00:00
16,631,Brown,12,FWD,49,0,0,0.0,0.0,0.0,0,1,2,90,1,2026-08-19T06:19:08.606061+00:00,2026-08-19T06:19:59.095719+00:00
16,648,Francis-Clarke,12,DEF,40,0,0,0.0,0.0,0.0,0,1,0,0,0,2026-08-19T06:19:08.606061+00:00,2026-08-19T06:19:59.095719+00:00
16,665,Krul,12,GKP,44,0.1648,0.7496,0.04,0.0384,0.0403,0.0,1,0,0,0,2026-08-19T06:19:08.606061+00:00,2026-08-19T06:19:59.095719+00:00
16,682,Johnson,12,DEF,40,0.5136,1.2189,0.1,0.198,0.1088,0.0004,1,0,0,0,2026-08-19T06:19:08.606061+00:00,2026-08-19T06:19:59.095719+00:00
16,727,Townsend,12,MID,50,0.9656,1.488,0.28,0.1584,0.2731,0.0016,1,5,71,1,2026-08-19T06:19:08.606061+00:00,2026-08-19T06:19:59.095719+00:00
16,729,Luker,12,MID,45,0,0,0.0,0.0,0.0,0,1,0,0,0,2026-08-19T06:19:08.606061+00:00,2026-08-19T06:19:59.095719+00:00
16,734,Nelson,12,MID,45,0.4924,1.0044,0.1,0.198,0.1088,0.0,1,0,0,0,2026-08-19T06:19:08.606061+00:00,2026-08-19T06:19:59.095719+00:00
16,798,Hashioka,12,DEF,40,0.5084,1.2219,0.1,0.198,0.1088,0.0008,1,,,,2026-08-19T06:19:08.606061+00:00,
16,831,Piesold,12,MID,45,0.4876,0.983,0.1,0.198,0.1088,0.0,1,,,,2026-08-19T06:19:08.606061+00:00,
16,839,Martins,12,MID,45,0.4984,1.0226,0.1,0.198,0.1088,0.0004,1,,,,2026-08-19T06:19:08.606061+00:00,
16,844,Chigozie,12,DEF,40,0.504,1.2242,0.1,0.198,0.1088,0.0,1,,,,2026-08-19T06:19:08.606061+00:00,
16,848,Harris,12,FWD,45,0.4748,0.9373,0.1,0.198,0.1088,0.0004,1,,,,2026-08-19T06:19:08.606061+00:00,
16,341,Akanji,13,DEF,49,1.4504,2.0267,0.48,0.1144,0.4556,0.0072,1,1,1,0,2026-08-19T06:19:08.606061+00:00,2026-08-19T06:19:59.095719+00:00
16,342,Aké,13,DEF,50,1.1332,2.0184,0.28,0.1584,0.2731,0.006,1,2,90,1,2026-08-19T06:19:08.606061+00:00,2026-08-19T06:19:59.095719+00:00
16,343,J.Alvarez,13,FWD,70,2.1396,2.6269,0.48,0.1456,0.458,0.0216,1,5,90,1,2026-08-19T06:19:08.606061+00:00,2026-08-19T06:19:59.095719+00:00
16,344,Bernardo,13,MID,64,1.9464,2.3919,0.48,0.1456,0.458,0.0152,1,9,90,1,2026-08-19T06:19:08.606061+00:00,2026-08-19T06:19:59.095719+00:00
16,345,Bobb,13,MID,44,0.466,0.9228,0.1,0.198,0.1088,0.0,1,0,0,0,2026-08-19T06:19:08.606061+00:00,2026-08-19T06:19:59.095719+00:00
16,346,Cancelo,13,DEF,58,0,0,0.0,0.0,0.0,0,1,0,0,0,2026-08-19T06:19:08.606061+00:00,2026-08-19T06:19:59.095719+00:00
16,347,Carson,13,GKP,39,0.1564,0.7452,0.04,0.0384,0.0403,0.0,1,0,0,0,2026-08-19T06:19:08.606061+00:00,2026-08-19T06:19:59.095719+00:00
16,348,Charles,13,MID,45,0,0,0.0,0.0,0.0,0,1,0,0,0,2026-08-19T06:19:08.606061+00:00,2026-08-19T06:19:59.095719+00:00
16,349,De Bruyne,13,MID,102,3.2036,3.0784,0.72,0.0784,0.6759,0.0436,1,0,0,0,2026-08-19T06:19:08.606061+00:00,2026-08-19T06:19:59.095719+00:00
16,350,Rúben,13,DEF,55,1.532,2.0142,0.48,0.1456,0.458,0.0036,1,2,90,1,2026-08-19T06:19:08.606061+00:00,2026-08-19T06:19:59.095719+00:00
16,352,Ederson M.,13,GKP,55,0,0,0.0,0.0,0.0,0,1,2,90,1,2026-08-19T06:19:08.606061+00:00,2026-08-19T06:19:59.095719+00:00
16,353,Foden,13,MID,76,2.3048,2.7708,0.48,0.1456,0.458,0.0264,1,2,90,1,2026-08-19T06:19:08.606061+00:00,2026-08-19T06:19:59.095719+00:00
16,354,Grealish,13,MID,72,1.2012,1.9594,0.28,0.2016,0.2765,0.008,1,10,90,1,2026-08-19T06:19:08.606061+00:00,2026-08-19T06:19:59.095719+00:00
16,355,Haaland,13,FWD,140,3.2692,3.9202,0.48,0.1456,0.458,0.0928,1,0,0,0,2026-08-19T06:19:08.606061+00:00,2026-08-19T06:19:59.095719+00:00
16,356,Kovačić,13,MID,47,0.8092,1.2341,0.28,0.1584,0.2731,0.0,1,2,82,1,2026-08-19T06:19:08.606061+00:00,2026-08-19T06:19:59.095719+00:00
16,357,Laporte,13,DEF,49,0,0,0.0,0.0,0.0,0,1,0,0,0,2026-08-19T06:19:08.606061+00:00,2026-08-19T06:19:59.095719+00:00
16,358,R.Lewis,13,DEF,43,0.698,1.3634,0.22,0.1716,0.2183,0.0008,1,0,0,0,2026-08-19T06:19:08.606061+00:00,2026-08-19T06:19:59.095719+00:00
16,359,Mahrez,13,MID,75,0,0,0.0,0.0,0.0,0,1,0,0,0,2026-08-19T06:19:08.606061+00:00,2026-08-19T06:19:59.095719+00:00
16,361,Ortega Moreno,13,GKP,39,2.5736,1.9806,0.88,0.0048,0.8188,0.0,1,0,0,0,2026-08-19T06:19:08.606061+00:00,2026-08-19T06:19:59.095719+00:00
16,363,Perrone,13,MID,44,0,0,0.0,0.0,0.0,0,1,0,0,0,2026-08-19T06:19:08.606061+00:00,2026-08-19T06:19:59.095719+00:00
16,365,Rodrigo,13,MID,56,1.646,2.063,0.48,0.1456,0.458,0.0064,1,1,90,1,2026-08-19T06:19:08.606061+00:00,2026-08-19T06:19:59.095719+00:00
16,366,Sergio Gómez,13,DEF,39,0.4728,1.1332,0.1,0.198,0.1088,0.0008,1,0,0,0,2026-08-19T06:19:08.606061+00:00,2026-08-19T06:19:59.095719+00:00
16,367,Steffen,13,GKP,39,0,0,0.0,0.0,0.0,0,1,0,0,0,2026-08-19T06:19:08.606061+00:00,2026-08-19T06:19:59.095719+00:00
16,368,Stones,13,DEF,53,0.8812,1.5657,0.28,0.1584,0.2731,0.002,1,1,21,0,2026-08-19T06:19:08.606061+00:00,2026-08-19T06:19:59.095719+00:00
16,369,Walker,13,DEF,53,1.5992,2.0787,0.48,0.1144,0.4556,0.0028,1,2,90,1,2026-08-19T06:19:08.606061+00:00,2026-08-19T06:19:59.095719+00:00
16,566,Matheus N.,13,MID,48,0.862,1.2935,0.28,0.1584,0.2731,0.0012,1,1,7,0,2026-08-19T06:19:08.606061+00:00,2026-08-19T06:19:59.095719+00:00
16,616,Gvardiol,13,DEF,49,1.4384,2.0129,0.48,0.1144,0.4556,0.0032,1,2,68,1,2026-08-19T06:19:08.606061+00:00,2026-08-19T06:19:59.095719+00:00
16,678,Doku,13,MID,67,2.134,2.5305,0.48,0.1456,0.458,0.0168,1,0,0,0,2026-08-19T06:19:08.606061+00:00,2026-08-19T06:19:59.095719+00:00
16,762,Susoho,13,MID,45,0.472,0.9558,0.1,0.198,0.1088,0.0,1,,,,2026-08-19T06:19:08.606061+00:00,
16,771,Hamilton,13,MID,45,0.4544,0.9136,0.1,0.198,0.1088,0.0,1,,,,2026-08-19T06:19:08.606061+00:00,
16,814,Wright,13,MID,45,0.4552,0.8788,0.1,0.198,0.1088,0.0,1,,,,2026-08-19T06:19:08.606061+00:00,
16,209,Mount,14,MID,68,0.7528,1.4293,0.14,0.2408,0.1495,0.0016,1,0,0,0,2026-08-19T06:19:08.606061+00:00,2026-08-19T06:19:59.095719+00:00
16,370,Alex Telles,14,DEF,45,0,0,0.0,0.0,0.0,0,1,0,0,0,2026-08-19T06:19:08.606061+00:00,2026-08-19T06:19:59.095719+00:00
16,371,Amad,14,MID,44,0.4876,1.0193,0.1,0.198,0.1088,0.0004,1,0,0,0,2026-08-19T06:19:08.606061+00:00,2026-08-19T06:19:59.095719+00:00
16,372,Antony,14,MID,68,1.1324,1.934,0.28,0.2016,0.2765,0.006,1,2,78,1,2026-08-19T06:19:08.606061+00:00,2026-08-19T06:19:59.095719+00:00
16,373,B.Fernandes,14,MID,83,2.562,3.2411,0.48,0.1456,0.458,0.0452,1,1,90,1,2026-08-19T06:19:08.606061+00:00,2026-08-19T06:19:59.095719+00:00
16,374,B.Williams,14,DEF,40,0,0,0.0,0.0,0.0,0,1,0,0,0,2026-08-19T06:19:08.606061+00:00,2026-08-19T06:19:59.095719+00:00
16,375,Bailly,14,DEF,40,0,0,0.0,0.0,0.0,0,1,0,0,0,2026-08-19T06:19:08.606061+00:00,2026-08-19T06:19:59.095719+00:00
16,376,Casemiro,14,MID,54,1.6476,2.0448,0.48,0.1144,0.4556,0.0056,1,0,0,0,2026-08-19T06:19:08.606061+00:00,2026-08-19T06:19:59.095719+00:00
16,377,Dalot,14,DEF,50,1.8764,2.503,0.48,0.1144,0.4556,0.0088,1,1,90,1,2026-08-19T06:19:08.606061+00:00,2026-08-19T06:19:59.095719+00:00
16,379,Eriksen,14,MID,58,1.288,1.8826,0.28,0.2016,0.2765,0.0036,1,0,0,0,2026-08-19T06:19:08.606061+00:00,2026-08-19T06:19:59.095719+00:00
16,380,Fernandez,14,DEF,40,0,0,0.0,0.0,0.0,0,1,0,0,0,2026-08-19T06:19:08.606061+00:00,2026-08-19T06:19:59.095719+00:00
16,381,Fred,14,MID,50,0,0,0.0,0.0,0.0,0,1,0,0,0,2026-08-19T06:19:08.606061+00:00,2026-08-19T06:19:59.095719+00:00
16,382,Garnacho,14,MID,48,1.0268,1.7725,0.28,0.1584,0.2731,0.0028,1,2,78,1,2026-08-19T06:19:08.606061+00:00,2026-08-19T06:19:59.095719+00:00
16,383,Hannibal,14,MID,44,0,0,0.0,0.0,0.0,0,1,0,0,0,2026-08-19T06:19:08.606061+00:00,2026-08-19T06:19:59.095719+00:00
16,384,Heaton,14,GKP,40,0.2088,0.9226,0.04,0.0384,0.0403,0.0,1,0,0,0,2026-08-19T06:19:08.606061+00:00,2026-08-19T06:19:59.095719+00:00
16,386,Lindelof,14,DEF,45,0.5624,1.3247,0.11,0.1958,0.118,0.0012,1,0,0,0,2026-08-19T06:19:08.606061+00:00,2026-08-19T06:19:59.095719+00:00
16,387,Maguire,14,DEF,43,0,0,0.0,0.0,0.0,0,1,1,90,1,2026-08-19T06:19:08.606061+00:00,2026-08-19T06:19:59.095719+00:00
16,388,Mainoo,14,MID,44,0.4812,0.973,0.1,0.198,0.1088,0.0,1,0,0,0,2026-08-19T06:19:08.606061+00:00,2026-08-19T06:19:59.095719+00:00
16,389,Malacia,14,DEF,43,0,0,0.0,0.0,0.0,0,1,0,0,0,2026-08-19T06:19:08.606061+00:00,2026-08-19T06:19:59.095719+00:00
16,390,Martial,14,FWD,64,0.7052,1.344,0.14,0.2408,0.1495,0.0008,1,1,55,1,2026-08-19T06:19:08.606061+00:00,2026-08-19T06:19:59.095719+00:00
16,391,Martinez,14,DEF,47,1.0632,1.8544,0.28,0.1584,0.2731,0.0024,1,0,0,0,2026-08-19T06:19:08.606061+00:00,2026-08-19T06:19:59.095719+00:00
16,392,McTominay,14,MID,49,2.108,2.5696,0.48,0.1144,0.4556,0.014,1,2,90,1,2026-08-19T06:19:08.606061+00:00,2026-08-19T06:19:59.095719+00:00
16,394,Pellistri,14,MID,44,0,0,0.0,0.0,0.0,0,1,1,11,0,2026-08-19T06:19:08.606061+00:00,2026-08-19T06:19:59.095719+00:00
16,395,R.Varane,14,DEF,49,1.0824,1.9507,0.28,0.1584,0.2731,0.0048,1,0,0,0,2026-08-19T06:19:08.606061+00:00,2026-08-19T06:19:59.095719+00:00
16,396,Rashford,14,MID,85,2.386,3.0165,0.48,0.1456,0.458,0.0336,1,1,11,0,2026-08-19T06:19:08.606061+00:00,2026-08-19T06:19:59.095719+00:00
16,397,Sancho,14,MID,67,0,0,0.0,0.0,0.0,0,1,0,0,0,2026-08-19T06:19:08.606061+00:00,2026-08-19T06:19:59.095719+00:00
16,398,Shaw,14,DEF,52,0,0,0.0,0.0,0.0,0,1,1,78,1,2026-08-19T06:19:08.606061+00:00,2026-08-19T06:19:59.095719+00:00
16,399,Shoretire,14,FWD,44,0.4416,0.8992,0.1,0.198,0.1088,0.0,1,0,0,0,2026-08-19T06:19:08.606061+00:00,2026-08-19T06:19:59.095719+00:00
16,400,Van de Beek,14,MID,47,0,0,0.0,0.0,0.0,0,1,0,0,0,2026-08-19T06:19:08.606061+00:00,2026-08-19T06:19:59.095719+00:00
16,401,Wan-Bissaka,14,DEF,44,0.9844,1.8725,0.22,0.1716,0.2183,0.0036,1,0,0,0,2026-08-19T06:19:08.606061+00:00,2026-08-19T06:19:59.095719+00:00
16,597,Onana,14,GKP,48,3.5032,2.3382,0.9,0.008,0.8376,0.0012,1,1,90,1,2026-08-19T06:19:08.606061+00:00,2026-08-19T06:19:59.095719+00:00
16,617,Højlund,14,FWD,69,1.682,2.0391,0.48,0.1456,0.458,0.0084,1,0,34,0,2026-08-19T06:19:08.606061+00:00,2026-08-19T06:19:59.095719+00:00
16,632,Forson,14,MID,44,0.486,0.989,0.1,0.198,0.1088,0.0004,1,0,0,0,2026-08-19T06:19:08.606061+00:00,2026-08-19T06:19:59.095719+00:00
16,669,Vítek,14,GKP,40,0,0,0.0,0.0,0.0,0,1,0,0,0,2026-08-19T06:19:08.606061+00:00,2026-08-19T06:19:59.095719+00:00
16,685,Gore,14,MID,45,0,0,0.0,0.0,0.0,0,1,0,0,0,2026-08-19T06:19:08.606061+00:00,2026-08-19T06:19:59.095719+00:00
16,695,Altay,14,GKP,40,0.1524,0.7013,0.04,0.0384,0.0403,0.0,1,0,0,0,2026-08-19T06:19:08.606061+00:00,2026-08-19T06:19:59.095719+00:00
16,703,Evans,14,DEF,40,0.89,1.683,0.22,0.1716,0.2183,0.0024,1,1,11,0,2026-08-19T06:19:08.606061+00:00,2026-08-19T06:19:59.095719+00:00
16,709,Amrabat,14,MID,50,0.9328,1.4154,0.28,0.1584,0.2731,0.0004,1,2,90,1,2026-08-19T06:19:08.606061+00:00,2026-08-19T06:19:59.095719+00:00
16,748,Hugill,14,FWD,45,0,0,0.0,0.0,0.0,0,1,0,0,0,2026-08-19T06:19:08.606061+00:00,2026-08-19T06:19:59.095719+00:00
16,766,Kambwala,14,DEF,39,0.518,1.2237,0.1,0.198,0.1088,0.0004,1,,,,2026-08-19T06:19:08.606061+00:00,
16,768,Bennett,14,DEF,40,0,0,0.0,0.0,0.0,0,1,,,,2026-08-19T06:19:08.606061+00:00,
16,826,Collyer,14,MID,45,0.4612,0.9542,0.1,0.198,0.1088,0.0,1,,,,2026-08-19T06:19:08.606061+00:00,
16,833,Ogunneye,14,DEF,40,0.55,1.265,0.1,0.198,0.1088,0.0012,1,,,,2026-08-19T06:19:08.606061+00:00,
16,835,Mee,14,GKP,40,0.1916,0.8672,0.04,0.0384,0.0403,0.0004,1,,,,2026-08-19T06:19:08.606061+00:00,
16,846,Amass,14,DEF,40,0.5452,1.2399,0.1,0.198,0.1088,0.0004,1,,,,2026-08-19T06:19:08.606061+00:00,
16,850,Wheatley,14,FWD,45,0.49,1.0143,0.1,0.198,0.1088,0.0004,1,,,,2026-08-19T06:19:08.606061+00:00,
16,856,Jackson,14,DEF,40,0.558,1.3057,0.1,0.198,0.1088,0.0004,1,,,,2026-08-19T06:19:08.606061+00:00,
16,204,Hall,15,DEF,43,0.46,1.1272,0.1,0.198,0.1088,0.0008,1,1,16,0,2026-08-19T06:19:08.606061+00:00,2026-08-19T06:19:59.095719+00:00
16,402,Almirón,15,MID,62,1.7376,2.1066,0.48,0.1456,0.458,0.0056,1,2,63,1,2026-08-19T06:19:08.606061+00:00,2026-08-19T06:19:59.095719+00:00
16,403,Anderson,15,MID,43,0.91,1.4359,0.28,0.1584,0.2731,0.0008,1,0,0,0,2026-08-19T06:19:08.606061+00:00,2026-08-19T06:19:59.095719+00:00
16,404,Ashby,15,DEF,40,0,0,0.0,0.0,0.0,0,1,0,0,0,2026-08-19T06:19:08.606061+00:00,2026-08-19T06:19:59.095719+00:00
16,405,Botman,15,DEF,45,0,0,0.0,0.0,0.0,0,1,0,0,0,2026-08-19T06:19:08.606061+00:00,2026-08-19T06:19:59.095719+00:00
16,406,Bruno G.,15,MID,58,1.4524,1.7766,0.48,0.1456,0.458,0.0044,1,2,90,1,2026-08-19T06:19:08.606061+00:00,2026-08-19T06:19:59.095719+00:00
16,407,Burn,15,DEF,44,0.8056,1.6013,0.22,0.1716,0.2183,0.0028,1,0,0,0,2026-08-19T06:19:08.606061+00:00,2026-08-19T06:19:59.095719+00:00
16,408,Darlow,15,GKP,40,0,0,0.0,0.0,0.0,0,1,0,0,0,2026-08-19T06:19:08.606061+00:00,2026-08-19T06:19:59.095719+00:00
16,409,Dubravka,15,GKP,41,0.1444,0.7417,0.04,0.0384,0.0403,0.0004,1,2,90,1,2026-08-19T06:19:08.606061+00:00,2026-08-19T06:19:59.095719+00:00
16,410,Fraser,15,MID,49,0,0,0.0,0.0,0.0,0,1,0,0,0,2026-08-19T06:19:08.606061+00:00,2026-08-19T06:19:59.095719+00:00
16,411,Gillespie,15,GKP,39,0.1668,0.7499,0.04,0.0384,0.0403,0.0,1,0,0,0,2026-08-19T06:19:08.606061+00:00,2026-08-19T06:19:59.095719+00:00
16,412,Gordon,15,MID,61,1.1968,2.1646,0.24,0.2128,0.2402,0.0116,1,2,73,1,2026-08-19T06:19:08.606061+00:00,2026-08-19T06:19:59.095719+00:00
16,413,Hayden,15,MID,44,0,0,0.0,0.0,0.0,0,1,0,0,0,2026-08-19T06:19:08.606061+00:00,2026-08-19T06:19:59.095719+00:00
16,414,Hendrick,15,MID,44,0,0,0.0,0.0,0.0,0,1,0,0,0,2026-08-19T06:19:08.606061+00:00,2026-08-19T06:19:59.095719+00:00
16,415,Isak,15,FWD,76,2.544,3.018,0.48,0.1456,0.458,0.0372,1,2,63,1,2026-08-19T06:19:08.606061+00:00,2026-08-19T06:19:59.095719+00:00
16,416,Joelinton,15,MID,58,1.6436,2.0204,0.48,0.1456,0.458,0.0056,1,6,90,1,2026-08-19T06:19:08.606061+00:00,2026-08-19T06:19:59.095719+00:00
16,417,Krafth,15,DEF,44,0.4816,1.1831,0.1,0.198,0.1088,0.0012,1,1,4,0,2026-08-19T06:19:08.606061+00:00,2026-08-19T06:19:59.095719+00:00
16,418,Kuol,15,MID,45,0,0,0.0,0.0,0.0,0,1,0,0,0,2026-08-19T06:19:08.606061+00:00,2026-08-19T06:19:59.095719+00:00
16,419,Lascelles,15,DEF,42,0,0,0.0,0.0,0.0,0,1,-1,90,1,2026-08-19T06:19:08.606061+00:00,2026-08-19T06:19:59.095719+00:00
16,420,J.Lewis,15,DEF,40,0,0,0.0,0.0,0.0,0,1,0,0,0,2026-08-19T06:19:08.606061+00:00,2026-08-19T06:19:59.095719+00:00
16,421,Longstaff,15,MID,49,1.2936,1.6989,0.48,0.1144,0.4556,0.0028,1,1,26,0,2026-08-19T06:19:08.606061+00:00,2026-08-19T06:19:59.095719+00:00
16,422,Manquillo,15,DEF,40,0,0,0.0,0.0,0.0,0,1,0,0,0,2026-08-19T06:19:08.606061+00:00,2026-08-19T06:19:59.095719+00:00
16,423,J.Murphy,15,MID,48,0.632,1.1378,0.18,0.1804,0.1818,0.0,1,0,0,0,2026-08-19T06:19:08.606061+00:00,2026-08-19T06:19:59.095719+00:00
16,424,Pope,15,GKP,54,2.7468,2.0862,0.88,0.0096,0.8192,0.0012,1,0,0,0,2026-08-19T06:19:08.606061+00:00,2026-08-19T06:19:59.095719+00:00
16,425,Ritchie,15,MID,44,0.4576,0.8978,0.1,0.198,0.1088,0.0,1,1,16,0,2026-08-19T06:19:08.606061+00:00,2026-08-19T06:19:59.095719+00:00
16,426,Saint-Maximin,15,MID,60,0,0,0.0,0.0,0.0,0,1,0,0,0,2026-08-19T06:19:08.606061+00:00,2026-08-19T06:19:59.095719+00:00
16,427,Schär,15,DEF,53,1.5924,2.2331,0.48,0.1144,0.4556,0.0076,1,0,90,1,2026-08-19T06:19:08.606061+00:00,2026-08-19T06:19:59.095719+00:00
16,428,Targett,15,DEF,42,0,0,0.0,0.0,0.0,0,1,0,0,0,2026-08-19T06:19:08.606061+00:00,2026-08-19T06:19:59.095719+00:00
16,429,Tonali,15,MID,52,0,0,0.0,0.0,0.0,0,1,0,0,0,2026-08-19T06:19:08.606061+00:00,2026-08-19T06:19:59.095719+00:00
16,430,Trippier,15,DEF,70,2.1344,2.6664,0.48,0.1456,0.458,0.0176,1,-1,85,1,2026-08-19T06:19:08.606061+00:00,2026-08-19T06:19:59.095719+00:00
16,431,Watts,15,DEF,40,0,0,0.0,0.0,0.0,0,1,0,0,0,2026-08-19T06:19:08.606061+00:00,2026-08-19T06:19:59.095719+00:00
16,432,Willock,15,MID,53,0,0,0.0,0.0,0.0,0,1,0,0,0,2026-08-19T06:19:08.606061+00:00,2026-08-19T06:19:59.095719+00:00
16,433,Wilson,15,FWD,78,1.526,2.4564,0.28,0.2016,0.2765,0.0144,1,4,26,0,2026-08-19T06:19:08.606061+00:00,2026-08-19T06:19:59.095719+00:00
16,580,Karius,15,GKP,39,0.1716,0.793,0.04,0.0384,0.0403,0.0004,1,0,0,0,2026-08-19T06:19:08.606061+00:00,2026-08-19T06:19:59.095719+00:00
16,581,Dummett,15,DEF,39,0.4708,1.1067,0.1,0.198,0.1088,0.0,1,0,0,0,2026-08-19T06:19:08.606061+00:00,2026-08-19T06:19:59.095719+00:00
16,603,Barnes,15,MID,62,1.5112,1.9666,0.45,0.154,0.4308,0.0052,1,0,0,0,2026-08-19T06:19:08.606061+00:00,2026-08-19T06:19:59.095719+00:00
16,633,Livramento,15,DEF,43,0,0,0.0,0.0,0.0,0,1,1,73,1,2026-08-19T06:19:08.606061+00:00,2026-08-19T06:19:59.095719+00:00
16,634,A.Murphy,15,DEF,39,0.458,1.0499,0.1,0.198,0.1088,0.0,1,0,0,0,2026-08-19T06:19:08.606061+00:00,2026-08-19T06:19:59.095719+00:00
16,635,Miley,15,MID,45,0,0,0.0,0.0,0.0,0,1,2,90,1,2026-08-19T06:19:08.606061+00:00,2026-08-19T06:19:59.095719+00:00
16,738,Diallo,15,MID,45,0.4668,0.9067,0.1,0.198,0.1088,0.0,1,0,0,0,2026-08-19T06:19:08.606061+00:00,2026-08-19T06:19:59.095719+00:00
16,739,Parkinson,15,FWD,45,0.4584,0.9247,0.1,0.198,0.1088,0.0008,1,0,0,0,2026-08-19T06:19:08.606061+00:00,2026-08-19T06:19:59.095719+00:00
16,745,Ndiweni,15,FWD,45,0,0,0.0,0.0,0.0,0,1,0,0,0,2026-08-19T06:19:08.606061+00:00,2026-08-19T06:19:59.095719+00:00
16,794,White,15,MID,45,0.4824,0.9481,0.1,0.198,0.1088,0.0,1,,,,2026-08-19T06:19:08.606061+00:00,
16,795,Hernes,15,MID,45,0.5028,1.0052,0.1,0.198,0.1088,0.0004,1,,,,2026-08-19T06:19:08.606061+00:00,
16,23,Tavares,16,DEF,40,0.4904,1.13,0.1,0.198,0.1088,0.0,1,0,0,0,2026-08-19T06:19:08.606061+00:00,2026-08-19T06:19:59.095719+00:00
16,28,Turner,16,GKP,40,2.7472,2.0874,0.9,0.004,0.8373,0.0004,1,3,90,1,2026-08-19T06:19:08.606061+00:00,2026-08-19T06:19:59.095719+00:00
16,205,Hudson-Odoi,16,MID,48,0.8912,1.2971,0.28,0.1584,0.2731,0.0004,1,0,0,0,2026-08-19T06:19:08.606061+00:00,2026-08-19T06:19:59.095719+00:00
16,378,Elanga,16,MID,50,1.6192,1.8688,0.48,0.1144,0.4556,0.0044,1,2,83,1,2026-08-19T06:19:08.606061+00:00,2026-08-19T06:19:59.095719+00:00
16,434,B.Aguilera,16,MID,45,0,0,0.0,0.0,0.0,0,1,0,0,0,2026-08-19T06:19:08.606061+00:00,2026-08-19T06:19:59.095719+00:00
16,435,Arter,16,MID,43,0.466,0.9751,0.1,0.198,0.1088,0.0004,1,0,0,0,2026-08-19T06:19:08.606061+00:00,2026-08-19T06:19:59.095719+00:00
16,436,Aurier,16,DEF,45,0,0,0.0,0.0,0.0,0,1,0,0,0,2026-08-19T06:19:08.606061+00:00,2026-08-19T06:19:59.095719+00:00
16,437,Awoniyi,16,FWD,63,1.858,2.2551,0.48,0.1456,0.458,0.0164,1,0,0,0,2026-08-19T06:19:08.606061+00:00,2026-08-19T06:19:59.095719+00:00
16,438,Biancone,16,DEF,39,0,0,0.0,0.0,0.0,0,1,0,0,0,2026-08-19T06:19:08.606061+00:00,2026-08-19T06:19:59.095719+00:00
16,439,Boly,16,DEF,45,0.9156,1.7309,0.22,0.1716,0.2183,0.0032,1,2,90,1,2026-08-19T06:19:08.606061+00:00,2026-08-19T06:19:59.095719+00:00
16,440,Bowler,16,MID,45,0,0,0.0,0.0,0.0,0,1,0,0,0,2026-08-19T06:19:08.606061+00:00,2026-08-19T06:19:59.095719+00:00
16,441,Cook,16,DEF,45,0,0,0.0,0.0,0.0,0,1,0,0,0,2026-08-19T06:19:08.606061+00:00,2026-08-19T06:19:59.095719+00:00
16,442,Danilo,16,MID,53,0.9256,1.3977,0.28,0.1584,0.2731,0.0008,1,1,27,0,2026-08-19T06:19:08.606061+00:00,2026-08-19T06:19:59.095719+00:00
16,443,Dennis,16,FWD,48,0,0,0.0,0.0,0.0,0,1,0,0,0,2026-08-19T06:19:08.606061+00:00,2026-08-19T06:19:59.095719+00:00
16,444,Dräger,16,DEF,40,0,0,0.0,0.0,0.0,0,1,0,0,0,2026-08-19T06:19:08.606061+00:00,2026-08-19T06:19:59.095719+00:00
16,445,Felipe,16,DEF,44,0.4584,1.1381,0.1,0.198,0.1088,0.0008,1,1,12,0,2026-08-19T06:19:08.606061+00:00,2026-08-19T06:19:59.095719+00:00
16,446,Freuler,16,MID,49,0,0,0.0,0.0,0.0,0,1,0,0,0,2026-08-19T06:19:08.606061+00:00,2026-08-19T06:19:59.095719+00:00
16,447,Gibbs-White,16,MID,57,1.7588,2.1753,0.48,0.1456,0.458,0.008,1,2,90,1,2026-08-19T06:19:08.606061+00:00,2026-08-19T06:19:59.095719+00:00
16,448,Hennessey,16,GKP,40,0.1776,0.8148,0.04,0.0384,0.0403,0.0,1,0,0,0,2026-08-19T06:19:08.606061+00:00,2026-08-19T06:19:59.095719+00:00
16,449,Horvath,16,GKP,43,0,0,0.0,0.0,0.0,0,1,0,0,0,2026-08-19T06:19:08.606061+00:00,2026-08-19T06:19:59.095719+00:00
16,451,Kouyaté,16,MID,48,0.7048,1.2322,0.18,0.1804,0.1818,0.0004,1,1,62,1,2026-08-19T06:19:08.606061+00:00,2026-08-19T06:19:59.095719+00:00
16,452,Laryea,16,DEF,45,0,0,0.0,0.0,0.0,0,1,0,0,0,2026-08-19T06:19:08.606061+00:00,2026-08-19T06:19:59.095719+00:00
16,453,Mangala,16,MID,50,0,0,0.0,0.0,0.0,0,1,2,90,1,2026-08-19T06:19:08.606061+00:00,2026-08-19T06:19:59.095719+00:00
16,454,Mbe Soh,16,DEF,40,0,0,0.0,0.0,0.0,0,1,0,0,0,2026-08-19T06:19:08.606061+00:00,2026-08-19T06:19:59.095719+00:00
16,455,McKenna,16,DEF,44,0,0,0.0,0.0,0.0,0,1,0,0,0,2026-08-19T06:19:08.606061+00:00,2026-08-19T06:19:59.095719+00:00
16,456,Mighten,16,MID,44,0,0,0.0,0.0,0.0,0,1,0,0,0,2026-08-19T06:19:08.606061+00:00,2026-08-19T06:19:59.095719+00:00
16,457,Niakhaté,16,DEF,45,0.7328,1.4195,0.22,0.1716,0.2183,0.0,1,2,90,1,2026-08-19T06:19:08.606061+00:00,2026-08-19T06:19:59.095719+00:00
16,458,O'Brien,16,MID,49,0,0,0.0,0.0,0.0,0,1,0,0,0,2026-08-19T06:19:08.606061+00:00,2026-08-19T06:19:59.095719+00:00
16,459,Ojeda,16,MID,45,0,0,0.0,0.0,0.0,0,1,0,0,0,2026-08-19T06:19:08.606061+00:00,2026-08-19T06:19:59.095719+00:00
16,460,Panzo,16,DEF,40,0,0,0.0,0.0,0.0,0,1,0,0,0,2026-08-19T06:19:08.606061+00:00,2026-08-19T06:19:59.095719+00:00
16,461,O.Richards,16,DEF,44,0,0,0.0,0.0,0.0,0,1,0,0,0,2026-08-19T06:19:08.606061+00:00,2026-08-19T06:19:59.095719+00:00
16,462,G.Scarpa,16,MID,45,0,0,0.0,0.0,0.0,0,1,0,0,0,2026-08-19T06:19:08.606061+00:00,2026-08-19T06:19:59.095719+00:00
16,463,J.Shelvey,16,MID,48,0,0,0.0,0.0,0.0,0,1,0,0,0,2026-08-19T06:19:08.606061+00:00,2026-08-19T06:19:59.095719+00:00
16,464,Surridge,16,FWD,45,0,0,0.0,0.0,0.0,0,1,0,0,0,2026-08-19T06:19:08.606061+00:00,2026-08-19T06:19:59.095719+00:00
16,465,Toffolo,16,DEF,44,0.876,1.6907,0.22,0.1716,0.2183,0.0032,1,8,90,1,2026-08-19T06:19:08.606061+00:00,2026-08-19T06:19:59.095719+00:00
16,466,Ui-jo,16,FWD,44,0,0,0.0,0.0,0.0,0,1,0,0,0,2026-08-19T06:19:08.606061+00:00,2026-08-19T06:19:59.095719+00:00
16,467,Williams,16,DEF,43,0,0,0.0,0.0,0.0,0,1,7,90,1,2026-08-19T06:19:08.606061+00:00,2026-08-19T06:19:59.095719+00:00
16,468,Wood,16,FWD,49,0.958,1.5805,0.28,0.1584,0.2731,0.002,1,1,6,0,2026-08-19T06:19:08.606061+00:00,2026-08-19T06:19:59.095719+00:00
16,469,Worrall,16,DEF,44,0,0,0.0,0.0,0.0,0,1,0,0,0,2026-08-19T06:19:08.606061+00:00,2026-08-19T06:19:59.095719+00:00
16,470,Yates,16,MID,49,0.8272,1.4059,0.28,0.1584,0.2731,0.002,1,2,90,1,2026-08-19T06:19:08.606061+00:00,2026-08-19T06:19:59.095719+00:00
16,604,Aina,16,DEF,45,0.7352,1.478,0.22,0.1716,0.2183,0.0016,1,0,0,0,2026-08-19T06:19:08.606061+00:00,2026-08-19T06:19:59.095719+00:00
16,636,G.Shelvey,16,GKP,40,0,0,0.0,0.0,0.0,0,1,0,0,0,2026-08-19T06:19:08.606061+00:00,2026-08-19T06:19:59.095719+00:00
16,637,Powell,16,DEF,40,0.4732,1.1497,0.1,0.198,0.1088,0.0012,1,0,0,0,2026-08-19T06:19:08.606061+00:00,2026-08-19T06:19:59.095719+00:00
16,679,G.Montiel,16,DEF,44,0.4444,1.0834,0.1,0.198,0.1088,0.0008,1,0,0,0,2026-08-19T06:19:08.606061+00:00,2026-08-19T06:19:59.095719+00:00
16,696,Murillo,16,DEF,45,0.8276,1.6826,0.22,0.1716,0.2183,0.0032,1,2,77,1,2026-08-19T06:19:08.606061+00:00,2026-08-19T06:19:59.095719+00:00
16,710,Odysseas,16,GKP,45,0.1488,0.6977,0.04,0.0384,0.0403,0.0,1,0,0,0,2026-08-19T06:19:08.606061+00:00,2026-08-19T06:19:59.095719+00:00
16,711,Omobamidele,16,DEF,45,0.4788,1.1428,0.1,0.198,0.1088,0.0012,1,0,0,0,2026-08-19T06:19:08.606061+00:00,2026-08-19T06:19:59.095719+00:00
16,712,Dominguez,16,MID,50,0,0,0.0,0.0,0.0,0,1,0,0,0,2026-08-19T06:19:08.606061+00:00,2026-08-19T06:19:59.095719+00:00
16,713,Sangaré,16,MID,50,1.196,1.4288,0.48,0.1144,0.4556,0.0016,1,0,0,0,2026-08-19T06:19:08.606061+00:00,2026-08-19T06:19:59.095719+00:00
16,714,Origi,16,FWD,50,0.5952,1.0777,0.18,0.1804,0.1818,0.0004,1,0,0,0,2026-08-19T06:19:08.606061+00:00,2026-08-19T06:19:59.095719+00:00
16,779,McDonnell,16,MID,45,0.4572,0.9216,0.1,0.198,0.1088,0.0,1,,,,2026-08-19T06:19:08.606061+00:00,
16,780,Osong,16,FWD,45,0.4572,0.9565,0.1,0.198,0.1088,0.0,1,,,,2026-08-19T06:19:08.606061+00:00,
16,781,Gardner,16,FWD,45,0.4148,0.8332,0.1,0.198,0.1088,0.0,1,,,,2026-08-19T06:19:08.606061+00:00,
16,801,Reyna,16,MID,46,0.6684,1.2276,0.18,0.1804,0.1818,0.0008,1,,,,2026-08-19T06:19:08.606061+00:00,
16,808,Sels,16,GKP,45,0.164,0.6984,0.04,0.0384,0.0403,0.0,1,,,,2026-08-19T06:19:08.606061+00:00,
16,809,Ribeiro,16,FWD,45,0.4644,0.9083,0.1,0.198,0.1088,0.0,1,,,,2026-08-19T06:19:08.606061+00:00,
16,27,Trusty,17,DEF,39,0.7948,1.4951,0.22,0.1716,0.2183,0.0008,1,5,90,1,2026-08-19T06:19:08.606061+00:00,2026-08-19T06:19:59.095719+00:00
16,33,Archer,17,FWD,46,1.5208,1.7708,0.48,0.1144,0.4556,0.0012,1,2,90,1,2026-08-19T06:19:08.606061+00:00,2026-08-19T06:19:59.095719+00:00
16,255,Holgate,17,DEF,40,0.942,1.8269,0.22,0.1716,0.2183,0.0048,1,0,0,0,2026-08-19T06:19:08.606061+00:00,2026-08-19T06:19:59.095719+00:00
16,360,McAtee,17,MID,44,1.454,1.6938,0.48,0.1144,0.4556,0.002,1,8,80,1,2026-08-19T06:19:08.606061+00:00,2026-08-19T06:19:59.095719+00:00
16,471,Ahmedhodžić,17,DEF,43,0.8584,1.7476,0.22,0.1716,0.2183,0.0044,1,8,90,1,2026-08-19T06:19:08.606061+00:00,2026-08-19T06:19:59.095719+00:00
16,472,Amissah,17,GKP,39,0.1504,0.7037,0.04,0.0384,0.0403,0.0,1,0,0,0,2026-08-19T06:19:08.606061+00:00,2026-08-19T06:19:59.095719+00:00
16,473,Baldock,17,DEF,39,0,0,0.0,0.0,0.0,0,1,0,0,0,2026-08-19T06:19:08.606061+00:00,2026-08-19T06:19:59.095719+00:00
16,474,Basham,17,DEF,40,0,0,0.0,0.0,0.0,0,1,0,0,0,2026-08-19T06:19:08.606061+00:00,2026-08-19T06:19:59.095719+00:00
16,476,Bogle,17,DEF,45,0.8456,1.7329,0.22,0.1716,0.2183,0.0028,1,5,90,1,2026-08-19T06:19:08.606061+00:00,2026-08-19T06:19:59.095719+00:00
16,477,Brewster,17,FWD,49,0.6544,1.1793,0.18,0.1804,0.1818,0.0,1,0,0,0,2026-08-19T06:19:08.606061+00:00,2026-08-19T06:19:59.095719+00:00
16,478,Coulibaly,17,MID,44,0,0,0.0,0.0,0.0,0,1,0,0,0,2026-08-19T06:19:08.606061+00:00,2026-08-19T06:19:59.095719+00:00
16,479,A.Davies,17,GKP,40,0.1848,0.8341,0.04,0.0384,0.0403,0.0004,1,0,0,0,2026-08-19T06:19:08.606061+00:00,2026-08-19T06:19:59.095719+00:00
16,480,Egan,17,DEF,43,0.4776,1.155,0.11,0.1958,0.118,0.0004,1,0,0,0,2026-08-19T06:19:08.606061+00:00,2026-08-19T06:19:59.095719+00:00
16,481,Fleck,17,MID,49,0,0,0.0,0.0,0.0,0,1,0,0,0,2026-08-19T06:19:08.606061+00:00,2026-08-19T06:19:59.095719+00:00
16,482,Foderingham,17,GKP,45,3.9508,2.4287,0.9,0.004,0.8373,0.0048,1,9,90,1,2026-08-19T06:19:08.606061+00:00,2026-08-19T06:19:59.095719+00:00
16,483,Jebbison,17,FWD,48,0.6652,1.2209,0.18,0.1804,0.1818,0.0,1,0,0,0,2026-08-19T06:19:08.606061+00:00,2026-08-19T06:19:59.095719+00:00
16,484,Lowe,17,DEF,43,0.5356,1.254,0.1,0.198,0.1088,0.0,1,1,17,0,2026-08-19T06:19:08.606061+00:00,2026-08-19T06:19:59.095719+00:00
16,485,McBurnie,17,FWD,54,1.0504,1.8112,0.28,0.1584,0.2731,0.0052,1,0,0,0,2026-08-19T06:19:08.606061+00:00,2026-08-19T06:19:59.095719+00:00
16,486,Ndiaye,17,FWD,55,0,0,0.0,0.0,0.0,0,1,0,0,0,2026-08-19T06:19:08.606061+00:00,2026-08-19T06:19:59.095719+00:00
16,487,Norrington-Davies,17,DEF,39,0,0,0.0,0.0,0.0,0,1,0,0,0,2026-08-19T06:19:08.606061+00:00,2026-08-19T06:19:59.095719+00:00
16,488,Norwood,17,MID,48,1.4748,1.8012,0.48,0.1144,0.4556,0.0028,1,0,0,0,2026-08-19T06:19:08.606061+00:00,2026-08-19T06:19:59.095719+00:00
16,489,Osborn,17,MID,48,0.5516,1.065,0.14,0.1892,0.1453,0.0004,1,0,0,0,2026-08-19T06:19:08.606061+00:00,2026-08-19T06:19:59.095719+00:00
16,490,Osula,17,FWD,43,0.8916,1.3913,0.28,0.1584,0.2731,0.0024,1,0,52,1,2026-08-19T06:19:08.606061+00:00,2026-08-19T06:19:59.095719+00:00
16,576,Robinson,17,DEF,44,0.818,1.6588,0.22,0.1716,0.2183,0.004,1,6,90,1,2026-08-19T06:19:08.606061+00:00,2026-08-19T06:19:59.095719+00:00
16,587,Slimane,17,MID,47,0.732,1.3094,0.18,0.1804,0.1818,0.0008,1,1,37,0,2026-08-19T06:19:08.606061+00:00,2026-08-19T06:19:59.095719+00:00
16,592,Larouci,17,DEF,43,0.4952,1.1576,0.1,0.198,0.1088,0.0,1,0,0,0,2026-08-19T06:19:08.606061+00:00,2026-08-19T06:19:59.095719+00:00
16,593,T.Bénie,17,FWD,52,0,0,0.0,0.0,0.0,0,1,0,0,0,2026-08-19T06:19:08.606061+00:00,2026-08-19T06:19:59.095719+00:00
16,638,Vini Souza,17,MID,50,1.3868,1.5299,0.48,0.1144,0.4556,0.0008,1,3,90,1,2026-08-19T06:19:08.606061+00:00,2026-08-19T06:19:59.095719+00:00
16,653,Seriki,17,DEF,40,0,0,0.0,0.0,0.0,0,1,0,0,0,2026-08-19T06:19:08.606061+00:00,2026-08-19T06:19:59.095719+00:00
16,654,Marsh,17,FWD,45,0,0,0.0,0.0,0.0,0,1,0,0,0,2026-08-19T06:19:08.606061+00:00,2026-08-19T06:19:59.095719+00:00
16,655,Brooks,17,MID,44,0.5,0.9912,0.1,0.198,0.1088,0.0,1,3,72,1,2026-08-19T06:19:08.606061+00:00,2026-08-19T06:19:59.095719+00:00
16,656,Hackford,17,FWD,45,0,0,0.0,0.0,0.0,0,1,0,0,0,2026-08-19T06:19:08.606061+00:00,2026-08-19T06:19:59.095719+00:00
16,663,Hamer,17,MID,50,1.61,1.9519,0.48,0.1144,0.4556,0.0032,1,6,90,1,2026-08-19T06:19:08.606061+00:00,2026-08-19T06:19:59.095719+00:00
16,666,T.Davies,17,MID,50,0.4764,1.0274,0.09,0.2002,0.0997,0.0,1,0,0,0,2026-08-19T06:19:08.606061+00:00,2026-08-19T06:19:59.095719+00:00
16,693,Thomas,17,DEF,40,0,0,0.0,0.0,0.0,0,1,0,0,0,2026-08-19T06:19:08.606061+00:00,2026-08-19T06:19:59.095719+00:00
16,730,Oné,17,MID,45,0.4548,0.9171,0.1,0.198,0.1088,0.0,1,0,0,0,2026-08-19T06:19:08.606061+00:00,2026-08-19T06:19:59.095719+00:00
16,731,Buyabu,17,DEF,40,0,0,0.0,0.0,0.0,0,1,0,0,0,2026-08-19T06:19:08.606061+00:00,2026-08-19T06:19:59.095719+00:00
16,759,Peck,17,MID,45,0.4868,1.0071,0.1,0.198,0.1088,0.0004,1,1,9,0,2026-08-19T06:19:08.606061+00:00,2026-08-19T06:19:59.095719+00:00
16,775,Brereton Díaz,17,MID,50,0.658,1.2416,0.18,0.1804,0.1818,0.0008,1,,,,2026-08-19T06:19:08.606061+00:00,
16,790,Grbić,17,GKP,45,0.1872,0.8307,0.04,0.0384,0.0403,0.0,1,,,,2026-08-19T06:19:08.606061+00:00,
16,822,Blacker,17,FWD,45,0.484,1.024,0.1,0.198,0.1088,0.0004,1,,,,2026-08-19T06:19:08.606061+00:00,
16,823,Arblaster,17,MID,45,0.5008,1.0171,0.1,0.198,0.1088,0.0008,1,,,,2026-08-19T06:19:08.606061+00:00,
16,827,Sasnauskas,17,DEF,40,0.5056,1.2488,0.1,0.198,0.1088,0.0016,1,,,,2026-08-19T06:19:08.606061+00:00,
16,828,Curtis,17,DEF,40,0.5544,1.3317,0.1,0.198,0.1088,0.0016,1,,,,2026-08-19T06:19:08.606061+00:00,
16,857,Hampson,17,MID,45,0.4708,0.9316,0.1,0.198,0.1088,0.0,1,,,,2026-08-19T06:19:08.606061+00:00,
16,450,Johnson,18,MID,58,1.8888,2.3166,0.48,0.1456,0.458,0.0124,1,3,85,1,2026-08-19T06:19:08.606061+00:00,2026-08-19T06:19:59.095719+00:00
16,491,Austin,18,GKP,39,0.1476,0.7057,0.04,0.0384,0.0403,0.0,1,0,0,0,2026-08-19T06:19:08.606061+00:00,2026-08-19T06:19:59.095719+00:00
16,492,Bentancur,18,MID,54,0.7444,1.3999,0.18,0.1804,0.1818,0.0004,1,0,0,0,2026-08-19T06:19:08.606061+00:00,2026-08-19T06:19:59.095719+00:00
16,493,Bissouma,18,MID,50,0,0,0.0,0.0,0.0,0,1,3,85,1,2026-08-19T06:19:08.606061+00:00,2026-08-19T06:19:59.095719+00:00
16,494,Bryan,18,MID,49,0.6968,1.293,0.18,0.1804,0.1818,0.0016,1,1,4,0,2026-08-19T06:19:08.606061+00:00,2026-08-19T06:19:59.095719+00:00
16,495,Davies,18,DEF,43,0,0,0.0,0.0,0.0,0,1,2,90,1,2026-08-19T06:19:08.606061+00:00,2026-08-19T06:19:59.095719+00:00
16,496,Dier,18,DEF,42,0,0,0.0,0.0,0.0,0,1,0,0,0,2026-08-19T06:19:08.606061+00:00,2026-08-19T06:19:59.095719+00:00
16,497,E.Royal,18,DEF,44,0.8388,1.6772,0.22,0.1716,0.2183,0.0024,1,0,0,0,2026-08-19T06:19:08.606061+00:00,2026-08-19T06:19:59.095719+00:00
16,498,Forster,18,GKP,39,0,0,0.0,0.0,0.0,0,1,0,0,0,2026-08-19T06:19:08.606061+00:00,2026-08-19T06:19:59.095719+00:00
16,499,Højbjerg,18,MID,52,0.8744,1.3568,0.28,0.1584,0.2731,0.0004,1,1,17,0,2026-08-19T06:19:08.606061+00:00,2026-08-19T06:19:59.095719+00:00
16,500,Kane,18,FWD,125,0,0,0.0,0.0,0.0,0,1,0,0,0,2026-08-19T06:19:08.606061+00:00,2026-08-19T06:19:59.095719+00:00
16,501,Kulusevski,18,MID,70,2.1112,2.5757,0.48,0.1456,0.458,0.0172,1,2,90,1,2026-08-19T06:19:08.606061+00:00,2026-08-19T06:19:59.095719+00:00
16,502,Lloris,18,GKP,48,0,0,0.0,0.0,0.0,0,1,0,0,0,2026-08-19T06:19:08.606061+00:00,2026-08-19T06:19:59.095719+00:00
16,503,Lo Celso,18,MID,48,0.5712,1.1699,0.14,0.1892,0.1453,0.0004,1,1,17,0,2026-08-19T06:19:08.606061+00:00,2026-08-19T06:19:59.095719+00:00
16,504,Maddison,18,MID,78,2.45,3.0886,0.48,0.1456,0.458,0.0392,1,0,0,0,2026-08-19T06:19:08.606061+00:00,2026-08-19T06:19:59.095719+00:00
16,505,Ndombele,18,MID,44,0,0,0.0,0.0,0.0,0,1,0,0,0,2026-08-19T06:19:08.606061+00:00,2026-08-19T06:19:59.095719+00:00
16,506,Pedro Porro,18,DEF,53,2.236,2.9219,0.48,0.1144,0.4556,0.0276,1,5,90,1,2026-08-19T06:19:08.606061+00:00,2026-08-19T06:19:59.095719+00:00
16,507,Perišić,18,DEF,47,0,0,0.0,0.0,0.0,0,1,0,0,0,2026-08-19T06:19:08.606061+00:00,2026-08-19T06:19:59.095719+00:00
16,509,Richarlison,18,MID,66,0,0,0.0,0.0,0.0,0,1,15,72,1,2026-08-19T06:19:08.606061+00:00,2026-08-19T06:19:59.095719+00:00
16,510,Rodon,18,DEF,40,0,0,0.0,0.0,0.0,0,1,0,0,0,2026-08-19T06:19:08.606061+00:00,2026-08-19T06:19:59.095719+00:00
16,511,Romero,18,DEF,49,2.0104,2.6939,0.48,0.1144,0.4556,0.0184,1,1,90,1,2026-08-19T06:19:08.606061+00:00,2026-08-19T06:19:59.095719+00:00
16,512,Sánchez,18,DEF,44,0,0,0.0,0.0,0.0,0,1,0,0,0,2026-08-19T06:19:08.606061+00:00,2026-08-19T06:19:59.095719+00:00
16,513,Sarr,18,MID,45,1.6208,2.0354,0.48,0.1144,0.4556,0.0048,1,3,72,1,2026-08-19T06:19:08.606061+00:00,2026-08-19T06:19:59.095719+00:00
16,514,Sessegnon,18,DEF,44,0,0,0.0,0.0,0.0,0,1,0,0,0,2026-08-19T06:19:08.606061+00:00,2026-08-19T06:19:59.095719+00:00
16,515,Skipp,18,MID,46,0.6508,1.1578,0.18,0.1804,0.1818,0.0008,1,1,4,0,2026-08-19T06:19:08.606061+00:00,2026-08-19T06:19:59.095719+00:00
16,516,Son,18,MID,96,3.124,3.672,0.48,0.1456,0.458,0.0648,1,17,90,1,2026-08-19T06:19:08.606061+00:00,2026-08-19T06:19:59.095719+00:00
16,517,Spence,18,DEF,40,0,0,0.0,0.0,0.0,0,1,0,0,0,2026-08-19T06:19:08.606061+00:00,2026-08-19T06:19:59.095719+00:00
16,518,Tanganga,18,DEF,40,0,0,0.0,0.0,0.0,0,1,0,0,0,2026-08-19T06:19:08.606061+00:00,2026-08-19T06:19:59.095719+00:00
16,519,Udogie,18,DEF,48,0,0,0.0,0.0,0.0,0,1,9,90,1,2026-08-19T06:19:08.606061+00:00,2026-08-19T06:19:59.095719+00:00
16,520,Vicario,18,GKP,52,3.466,2.3493,0.9,0.008,0.8376,0.0024,1,2,90,1,2026-08-19T06:19:08.606061+00:00,2026-08-19T06:19:59.095719+00:00
16,521,Whiteman,18,GKP,39,0.176,0.8469,0.04,0.0384,0.0403,0.0008,1,0,0,0,2026-08-19T06:19:08.606061+00:00,2026-08-19T06:19:59.095719+00:00
16,583,Solomon,18,MID,51,0,0,0.0,0.0,0.0,0,1,0,0,0,2026-08-19T06:19:08.606061+00:00,2026-08-19T06:19:59.095719+00:00
16,639,Van de Ven,18,DEF,45,0.9692,1.7778,0.22,0.1716,0.2183,0.0016,1,0,0,0,2026-08-19T06:19:08.606061+00:00,2026-08-19T06:19:59.095719+00:00
16,640,Scarlett,18,FWD,45,0.4784,0.9585,0.1,0.198,0.1088,0.0,1,0,0,0,2026-08-19T06:19:08.606061+00:00,2026-08-19T06:19:59.095719+00:00
16,641,Veliz,18,FWD,54,0,0,0.0,0.0,0.0,0,1,0,0,0,2026-08-19T06:19:08.606061+00:00,2026-08-19T06:19:59.095719+00:00
16,702,Phillips,18,DEF,40,0,0,0.0,0.0,0.0,0,1,0,0,0,2026-08-19T06:19:08.606061+00:00,2026-08-19T06:19:59.095719+00:00
16,722,Donley,18,FWD,45,0.4948,0.9879,0.1,0.198,0.1088,0.0,1,1,1,0,2026-08-19T06:19:08.606061+00:00,2026-08-19T06:19:59.095719+00:00
16,740,Dorrington,18,DEF,40,0.548,1.3382,0.1,0.198,0.1088,0.0008,1,0,0,0,2026-08-19T06:19:08.606061+00:00,2026-08-19T06:19:59.095719+00:00
16,754,Yago Santiago,18,MID,45,0.438,0.9235,0.1,0.198,0.1088,0.0004,1,0,0,0,2026-08-19T06:19:08.606061+00:00,2026-08-19T06:19:59.095719+00:00
16,776,Werner,18,FWD,63,0,0,0.0,0.0,0.0,0,1,,,,2026-08-19T06:19:08.606061+00:00,
16,777,Drăgușin,18,DEF,42,0.5064,1.213,0.1,0.198,0.1088,0.0004,1,,,,2026-08-19T06:19:08.606061+00:00,
16,860,Moore,18,MID,45,0.4808,1.0106,0.1,0.198,0.1088,0.0004,1,,,,2026-08-19T06:19:08.606061+00:00,
16,862,Hall,18,MID,45,0.4884,1.0654,0.1,0.198,0.1088,0.0004,1,,,,2026-08-19T06:19:08.606061+00:00,
16,364,Phillips,19,MID,48,0.6052,1.0926,0.18,0.1804,0.1818,0.0004,1,0,0,0,2026-08-19T06:19:08.606061+00:00,2026-08-19T06:19:59.095719+00:00
16,522,N.Aguerd,19,DEF,45,0.4976,1.1597,0.11,0.1958,0.118,0.0,1,0,90,1,2026-08-19T06:19:08.606061+00:00,2026-08-19T06:19:59.095719+00:00
16,523,Antonio,19,FWD,57,1.604,1.9198,0.48,0.1456,0.458,0.0048,1,0,0,0,2026-08-19T06:19:08.606061+00:00,2026-08-19T06:19:59.095719+00:00
16,524,Areola,19,GKP,43,3.0996,2.1252,0.9,0.004,0.8373,0.0004,1,0,0,0,2026-08-19T06:19:08.606061+00:00,2026-08-19T06:19:59.095719+00:00
16,525,Benrahma,19,MID,56,0,0,0.0,0.0,0.0,0,1,1,25,0,2026-08-19T06:19:08.606061+00:00,2026-08-19T06:19:59.095719+00:00
16,526,Bowen,19,MID,77,2.3912,2.984,0.48,0.1456,0.458,0.0332,1,2,90,1,2026-08-19T06:19:08.606061+00:00,2026-08-19T06:19:59.095719+00:00
16,527,Cornet,19,MID,52,0.6028,1.1703,0.18,0.1804,0.1818,0.0008,1,0,0,0,2026-08-19T06:19:08.606061+00:00,2026-08-19T06:19:59.095719+00:00
16,528,Coufal,19,DEF,46,1.4192,1.9521,0.48,0.1144,0.4556,0.0008,1,0,90,1,2026-08-19T06:19:08.606061+00:00,2026-08-19T06:19:59.095719+00:00
16,529,Coventry,19,MID,44,0,0,0.0,0.0,0.0,0,1,0,0,0,2026-08-19T06:19:08.606061+00:00,2026-08-19T06:19:59.095719+00:00
16,530,Cresswell,19,DEF,42,0.4516,1.0944,0.1,0.198,0.1088,0.0008,1,-1,45,1,2026-08-19T06:19:08.606061+00:00,2026-08-19T06:19:59.095719+00:00
16,531,Downes,19,MID,50,0,0,0.0,0.0,0.0,0,1,0,0,0,2026-08-19T06:19:08.606061+00:00,2026-08-19T06:19:59.095719+00:00
16,532,Emerson,19,DEF,45,0.7268,1.4925,0.22,0.1716,0.2183,0.0016,1,0,45,1,2026-08-19T06:19:08.606061+00:00,2026-08-19T06:19:59.095719+00:00
16,533,Fabianski,19,GKP,42,0.2168,0.9307,0.04,0.0384,0.0403,0.0,1,1,90,1,2026-08-19T06:19:08.606061+00:00,2026-08-19T06:19:59.095719+00:00
16,534,P.Fornals,19,MID,47,0,0,0.0,0.0,0.0,0,1,1,45,1,2026-08-19T06:19:08.606061+00:00,2026-08-19T06:19:59.095719+00:00
16,535,Ings,19,FWD,56,1.2972,1.5198,0.45,0.154,0.4308,0.002,1,0,0,0,2026-08-19T06:19:08.606061+00:00,2026-08-19T06:19:59.095719+00:00
16,536,Johnson,19,DEF,44,0.7728,1.4126,0.22,0.1716,0.2183,0.0004,1,0,0,0,2026-08-19T06:19:08.606061+00:00,2026-08-19T06:19:59.095719+00:00
16,537,Kehrer,19,DEF,43,0,0,0.0,0.0,0.0,0,1,0,0,0,2026-08-19T06:19:08.606061+00:00,2026-08-19T06:19:59.095719+00:00
16,538,Mubama,19,FWD,43,0.4184,0.8688,0.1,0.198,0.1088,0.0,1,1,26,0,2026-08-19T06:19:08.606061+00:00,2026-08-19T06:19:59.095719+00:00
16,539,L.Paquetá,19,MID,60,1.7304,2.2439,0.48,0.1456,0.458,0.0096,1,2,64,1,2026-08-19T06:19:08.606061+00:00,2026-08-19T06:19:59.095719+00:00
16,541,Scamacca,19,FWD,60,0,0,0.0,0.0,0.0,0,1,0,0,0,2026-08-19T06:19:08.606061+00:00,2026-08-19T06:19:59.095719+00:00
16,542,Souček,19,MID,49,1.7884,2.2925,0.48,0.1144,0.4556,0.0076,1,2,90,1,2026-08-19T06:19:08.606061+00:00,2026-08-19T06:19:59.095719+00:00
16,543,Vlašić,19,MID,45,0,0,0.0,0.0,0.0,0,1,0,0,0,2026-08-19T06:19:08.606061+00:00,2026-08-19T06:19:59.095719+00:00
16,544,Zouma,19,DEF,45,0.7868,1.4856,0.22,0.1716,0.2183,0.0004,1,0,63,1,2026-08-19T06:19:08.606061+00:00,2026-08-19T06:19:59.095719+00:00
16,577,Ogbonna,19,DEF,43,0.4544,1.1508,0.1,0.198,0.1088,0.0008,1,1,26,0,2026-08-19T06:19:08.606061+00:00,2026-08-19T06:19:59.095719+00:00
16,642,Álvarez,19,MID,50,1.1072,1.2991,0.48,0.1144,0.4556,0.0004,1,0,0,0,2026-08-19T06:19:08.606061+00:00,2026-08-19T06:19:59.095719+00:00
16,647,Anang,19,GKP,40,0.1388,0.6398,0.04,0.0384,0.0403,0.0004,1,0,0,0,2026-08-19T06:19:08.606061+00:00,2026-08-19T06:19:59.095719+00:00
16,664,Ward-Prowse,19,MID,61,2.1512,2.6362,0.48,0.1456,0.458,0.0188,1,2,90,1,2026-08-19T06:19:08.606061+00:00,2026-08-19T06:19:59.095719+00:00
16,676,Mavropanos,19,DEF,45,0.5152,1.2119,0.1,0.198,0.1088,0.0012,1,0,45,1,2026-08-19T06:19:08.606061+00:00,2026-08-19T06:19:59.095719+00:00
16,689,Kudus,19,MID,67,1.3072,2.0367,0.28,0.2016,0.2765,0.0084,1,2,63,1,2026-08-19T06:19:08.606061+00:00,2026-08-19T06:19:59.095719+00:00
16,773,Orford,19,MID,45,0.4648,0.9288,0.1,0.198,0.1088,0.0,1,,,,2026-08-19T06:19:08.606061+00:00,
16,774,Casey,19,DEF,40,0.4448,1.0633,0.1,0.198,0.1088,0.0008,1,,,,2026-08-19T06:19:08.606061+00:00,
16,784,Scarles,19,DEF,40,0.4544,1.0577,0.1,0.198,0.1088,0.0,1,,,,2026-08-19T06:19:08.606061+00:00,
16,785,Marshall,19,FWD,45,0,0,0.0,0.0,0.0,0,1,,,,2026-08-19T06:19:08.606061+00:00,
16,829,Earthy,19,MID,45,0.4696,0.9562,0.1,0.198,0.1088,0.0004,1,,,,2026-08-19T06:19:08.606061+00:00,
16,351,Doyle,20,MID,44,0.476,0.9601,0.1,0.198,0.1088,0.0,1,0,0,0,2026-08-19T06:19:08.606061+00:00,2026-08-19T06:19:59.095719+00:00
16,545,Aït-Nouri,20,DEF,45,0.8616,1.8391,0.22,0.1716,0.2183,0.006,1,0,0,0,2026-08-19T06:19:08.606061+00:00,2026-08-19T06:19:59.095719+00:00
16,546,Bentley,20,GKP,39,0.1792,0.7986,0.04,0.0384,0.0403,0.0,1,0,0,0,2026-08-19T06:19:08.606061+00:00,2026-08-19T06:19:59.095719+00:00
16,547,Bolla,20,DEF,40,0,0,0.0,0.0,0.0,0,1,0,0,0,2026-08-19T06:19:08.606061+00:00,2026-08-19T06:19:59.095719+00:00
16,548,H.Bueno,20,DEF,44,0.8432,1.6489,0.22,0.1716,0.2183,0.0016,1,2,68,1,2026-08-19T06:19:08.606061+00:00,2026-08-19T06:19:59.095719+00:00
16,549,Chiquinho,20,MID,45,0,0,0.0,0.0,0.0,0,1,0,0,0,2026-08-19T06:19:08.606061+00:00,2026-08-19T06:19:59.095719+00:00
16,550,Cundle,20,MID,45,0,0,0.0,0.0,0.0,0,1,0,0,0,2026-08-19T06:19:08.606061+00:00,2026-08-19T06:19:59.095719+00:00
16,551,Dawson,20,DEF,45,0,0,0.0,0.0,0.0,0,1,2,90,1,2026-08-19T06:19:08.606061+00:00,2026-08-19T06:19:59.095719+00:00
16,552,Fábio Silva,20,FWD,53,0,0,0.0,0.0,0.0,0,1,0,0,0,2026-08-19T06:19:08.606061+00:00,2026-08-19T06:19:59.095719+00:00
16,554,Guedes,20,MID,54,0,0,0.0,0.0,0.0,0,1,0,0,0,2026-08-19T06:19:08.606061+00:00,2026-08-19T06:19:59.095719+00:00
16,555,Hodge,20,MID,44,0,0,0.0,0.0,0.0,0,1,0,0,0,2026-08-19T06:19:08.606061+00:00,2026-08-19T06:19:59.095719+00:00
16,556,Hoever,20,DEF,40,0,0,0.0,0.0,0.0,0,1,0,0,0,2026-08-19T06:19:08.606061+00:00,2026-08-19T06:19:59.095719+00:00
16,557,Hee Chan,20,MID,57,2.3432,2.9413,0.48,0.1456,0.458,0.0316,1,2,90,1,2026-08-19T06:19:08.606061+00:00,2026-08-19T06:19:59.095719+00:00
16,559,João Gomes,20,MID,49,1.2208,1.4572,0.48,0.1144,0.4556,0.0004,1,2,90,1,2026-08-19T06:19:08.606061+00:00,2026-08-19T06:19:59.095719+00:00
16,560,J.Otto,20,DEF,43,0,0,0.0,0.0,0.0,0,1,0,0,0,2026-08-19T06:19:08.606061+00:00,2026-08-19T06:19:59.095719+00:00
16,561,Jordão,20,MID,44,0.4904,1.0647,0.1,0.198,0.1088,0.0016,1,0,0,0,2026-08-19T06:19:08.606061+00:00,2026-08-19T06:19:59.095719+00:00
16,562,Kalajdžić,20,FWD,49,0,0,0.0,0.0,0.0,0,1,1,1,0,2026-08-19T06:19:08.606061+00:00,2026-08-19T06:19:59.095719+00:00
16,563,Kilman,20,DEF,45,0.8556,1.7156,0.22,0.1716,0.2183,0.0028,1,2,90,1,2026-08-19T06:19:08.606061+00:00,2026-08-19T06:19:59.095719+00:00
16,564,King,20,GKP,40,0.1884,0.8506,0.04,0.0384,0.0403,0.0,1,0,0,0,2026-08-19T06:19:08.606061+00:00,2026-08-19T06:19:59.095719+00:00
16,565,Mario Jr.,20,MID,49,1.72,2.2295,0.48,0.1144,0.4556,0.0096,1,2,60,1,2026-08-19T06:19:08.606061+00:00,2026-08-19T06:19:59.095719+00:00
16,567,Neto,20,MID,56,1.9992,2.551,0.48,0.1456,0.458,0.0188,1,0,0,0,2026-08-19T06:19:08.606061+00:00,2026-08-19T06:19:59.095719+00:00
16,568,Podence,20,MID,53,0,0,0.0,0.0,0.0,0,1,0,0,0,2026-08-19T06:19:08.606061+00:00,2026-08-19T06:19:59.095719+00:00
16,569,José Sá,20,GKP,50,3.6656,2.3602,0.9,0.008,0.8376,0.0024,1,2,90,1,2026-08-19T06:19:08.606061+00:00,2026-08-19T06:19:59.095719+00:00
16,570,Sarabia,20,MID,47,0.7096,1.5239,0.14,0.1892,0.1453,0.004,1,6,68,1,2026-08-19T06:19:08.606061+00:00,2026-08-19T06:19:59.095719+00:00
16,571,Šarkić,20,GKP,40,0,0,0.0,0.0,0.0,0,1,0,0,0,2026-08-19T06:19:08.606061+00:00,2026-08-19T06:19:59.095719+00:00
16,572,N.Semedo,20,DEF,45,0,0,0.0,0.0,0.0,0,1,2,90,1,2026-08-19T06:19:08.606061+00:00,2026-08-19T06:19:59.095719+00:00
16,573,Toti,20,DEF,44,0.972,1.8273,0.22,0.1716,0.2183,0.0024,1,2,90,1,2026-08-19T06:19:08.606061+00:00,2026-08-19T06:19:59.095719+00:00
16,574,Boubacar Traore,20,MID,44,0.8876,1.2979,0.28,0.1584,0.2731,0.0004,1,1,29,0,2026-08-19T06:19:08.606061+00:00,2026-08-19T06:19:59.095719+00:00
16,590,Cunha,20,FWD,56,1.7748,2.1573,0.48,0.1456,0.458,0.0104,1,9,90,1,2026-08-19T06:19:08.606061+00:00,2026-08-19T06:19:59.095719+00:00
16,598,Doherty,20,DEF,43,0.874,1.5995,0.22,0.1716,0.2183,0.0008,1,1,21,0,2026-08-19T06:19:08.606061+00:00,2026-08-19T06:19:59.095719+00:00
16,697,S.Bueno,20,DEF,45,0.52,1.2325,0.1,0.198,0.1088,0.0008,1,0,0,0,2026-08-19T06:19:08.606061+00:00,2026-08-19T06:19:59.095719+00:00
16,698,González,20,MID,50,0.7228,1.3379,0.18,0.1804,0.1818,0.0012,1,0,0,0,2026-08-19T06:19:08.606061+00:00,2026-08-19T06:19:59.095719+00:00
16,704,Fraser,20,FWD,45,0.4272,0.8724,0.1,0.198,0.1088,0.0004,1,0,0,0,2026-08-19T06:19:08.606061+00:00,2026-08-19T06:19:59.095719+00:00
16,715,Bellegarde,20,MID,49,0.956,1.4899,0.28,0.1584,0.2731,0.0016,1,1,21,0,2026-08-19T06:19:08.606061+00:00,2026-08-19T06:19:59.095719+00:00
16,749,Whittingham,20,MID,45,0.4932,0.9625,0.1,0.198,0.1088,0.0,1,0,0,0,2026-08-19T06:19:08.606061+00:00,2026-08-19T06:19:59.095719+00:00
16,750,Chirewa,20,MID,45,0.4728,0.9398,0.1,0.198,0.1088,0.0,1,0,0,0,2026-08-19T06:19:08.606061+00:00,2026-08-19T06:19:59.095719+00:00
16,751,Hubner,20,DEF,40,0.5616,1.3016,0.1,0.198,0.1088,0.0008,1,0,0,0,2026-08-19T06:19:08.606061+00:00,2026-08-19T06:19:59.095719+00:00
16,769,Hesketh,20,MID,45,0,0,0.0,0.0,0.0,0,1,,,,2026-08-19T06:19:08.606061+00:00,
16,770,Barnett,20,MID,45,0.4948,1.0245,0.1,0.198,0.1088,0.0,1,,,,2026-08-19T06:19:08.606061+00:00,
16,787,Griffiths,20,MID,45,0.5012,1.0056,0.1,0.198,0.1088,0.0,1,,,,2026-08-19T06:19:08.606061+00:00,
16,788,Mosquera,20,DEF,40,0,0,0.0,0.0,0.0,0,1,,,,2026-08-19T06:19:08.606061+00:00,
16,800,N.Lemina,20,MID,50,0.762,1.3884,0.18,0.1804,0.1818,0.0016,1,,,,2026-08-19T06:19:08.606061+00:00,
16,832,Okoduwa,20,DEF,40,0.5304,1.2878,0.1,0.198,0.1088,0.0004,1,,,,2026-08-19T06:19:08.606061+00:00,
16,836,Chiwome,20,FWD,45,0,0,0.0,0.0,0.0,0,1,,,,2026-08-19T06:19:08.606061+00:00,
16,840,Holman,20,FWD,45,0.4468,0.887,0.1,0.198,0.1088,0.0004,1,,,,2026-08-19T06:19:08.606061+00:00,
16,853,Ojinnaka,20,MID,45,0.5052,1.0064,0.1,0.198,0.1088,0.0,1,,,,2026-08-19T06:19:08.606061+00:00,
