gw,player_id,web_name,team_id,position,now_cost,mu,sigma,p_start,p_sub,p_60,p_10_plus,n_fixtures,actual_points,actual_minutes,did_start,captured_at,scored_at
18,1,Balogun,1,FWD,44,0,0,0.0,0.0,0.0,0,1,0,0,0,2026-08-19T06:19:11.631384+00:00,2026-08-19T06:19:59.159907+00:00
18,2,Cédric,1,DEF,39,0.4248,0.9842,0.1,0.198,0.1088,0.0,1,0,0,0,2026-08-19T06:19:11.631384+00:00,2026-08-19T06:19:59.159907+00:00
18,3,M.Elneny,1,MID,44,0.4568,0.9336,0.1,0.198,0.1088,0.0,1,0,0,0,2026-08-19T06:19:11.631384+00:00,2026-08-19T06:19:59.159907+00:00
18,4,Fábio Vieira,1,MID,54,0.7616,1.4453,0.18,0.1804,0.1818,0.0024,1,0,0,0,2026-08-19T06:19:11.631384+00:00,2026-08-19T06:19:59.159907+00:00
18,5,Gabriel,1,DEF,49,1.5132,2.1372,0.48,0.1144,0.4556,0.0068,1,10,90,1,2026-08-19T06:19:11.631384+00:00,2026-08-19T06:19:59.159907+00:00
18,6,Havertz,1,MID,71,1.8324,2.582,0.48,0.1456,0.458,0.0204,1,1,90,1,2026-08-19T06:19:11.631384+00:00,2026-08-19T06:19:59.159907+00:00
18,8,G.Jesus,1,FWD,80,2.112,2.6268,0.48,0.1456,0.458,0.0176,1,2,77,1,2026-08-19T06:19:11.631384+00:00,2026-08-19T06:19:59.159907+00:00
18,9,Jorginho,1,MID,53,0.936,1.4031,0.28,0.1584,0.2731,0.0004,1,0,0,0,2026-08-19T06:19:11.631384+00:00,2026-08-19T06:19:59.159907+00:00
18,10,Kiwior,1,DEF,43,0.8084,1.5932,0.22,0.1716,0.2183,0.002,1,0,0,0,2026-08-19T06:19:11.631384+00:00,2026-08-19T06:19:59.159907+00:00
18,11,Marquinhos,1,MID,45,0,0,0.0,0.0,0.0,0,1,0,0,0,2026-08-19T06:19:11.631384+00:00,2026-08-19T06:19:59.159907+00:00
18,12,Martinelli,1,MID,77,1.8332,2.206,0.48,0.1456,0.458,0.0108,1,2,67,1,2026-08-19T06:19:11.631384+00:00,2026-08-19T06:19:59.159907+00:00
18,13,Nketiah,1,FWD,54,1.832,2.2381,0.48,0.1144,0.4556,0.0104,1,0,12,0,2026-08-19T06:19:11.631384+00:00,2026-08-19T06:19:59.159907+00:00
18,14,Ødegaard,1,MID,84,2.3576,2.8286,0.48,0.1456,0.458,0.0256,1,8,90,1,2026-08-19T06:19:11.631384+00:00,2026-08-19T06:19:59.159907+00:00
18,15,Thomas,1,MID,48,0.8712,1.302,0.28,0.1584,0.2731,0.0004,1,0,0,0,2026-08-19T06:19:11.631384+00:00,2026-08-19T06:19:59.159907+00:00
18,16,Pepe,1,MID,49,0,0,0.0,0.0,0.0,0,1,0,0,0,2026-08-19T06:19:11.631384+00:00,2026-08-19T06:19:59.159907+00:00
18,17,Ramsdale,1,GKP,46,0.2636,0.8809,0.08,0.0736,0.0803,0.0,1,0,0,0,2026-08-19T06:19:11.631384+00:00,2026-08-19T06:19:59.159907+00:00
18,18,Rúnarsson,1,GKP,40,0,0,0.0,0.0,0.0,0,1,0,0,0,2026-08-19T06:19:11.631384+00:00,2026-08-19T06:19:59.159907+00:00
18,19,Saka,1,MID,90,1.8656,2.8377,0.34,0.1848,0.331,0.0256,1,1,90,1,2026-08-19T06:19:11.631384+00:00,2026-08-19T06:19:59.159907+00:00
18,20,Saliba,1,DEF,55,2.2388,2.4072,0.68,0.0576,0.637,0.008,1,2,90,1,2026-08-19T06:19:11.631384+00:00,2026-08-19T06:19:59.159907+00:00
18,22,Smith Rowe,1,MID,53,0.7208,1.4223,0.18,0.1804,0.1818,0.0028,1,0,0,0,2026-08-19T06:19:11.631384+00:00,2026-08-19T06:19:59.159907+00:00
18,24,Tierney,1,DEF,44,0,0,0.0,0.0,0.0,0,1,0,0,0,2026-08-19T06:19:11.631384+00:00,2026-08-19T06:19:59.159907+00:00
18,25,Tomiyasu,1,DEF,45,0.9268,1.7349,0.22,0.1716,0.2183,0.002,1,0,0,0,2026-08-19T06:19:11.631384+00:00,2026-08-19T06:19:59.159907+00:00
18,26,Trossard,1,MID,65,1.4928,2.2532,0.28,0.2016,0.2765,0.0128,1,1,22,0,2026-08-19T06:19:11.631384+00:00,2026-08-19T06:19:59.159907+00:00
18,29,White,1,DEF,56,1.7248,2.2782,0.48,0.1456,0.458,0.0072,1,1,90,1,2026-08-19T06:19:11.631384+00:00,2026-08-19T06:19:59.159907+00:00
18,30,Xhaka,1,MID,60,0,0,0.0,0.0,0.0,0,1,0,0,0,2026-08-19T06:19:11.631384+00:00,2026-08-19T06:19:59.159907+00:00
18,31,Zinchenko,1,DEF,52,1.9532,2.4589,0.48,0.1144,0.4556,0.0116,1,2,90,1,2026-08-19T06:19:11.631384+00:00,2026-08-19T06:19:59.159907+00:00
18,113,Raya,1,GKP,49,2.5684,1.9617,0.9,0.008,0.8376,0.0,1,2,90,1,2026-08-19T06:19:11.631384+00:00,2026-08-19T06:19:59.159907+00:00
18,540,Rice,1,MID,54,2.1644,2.0071,0.68,0.0704,0.638,0.0048,1,1,90,1,2026-08-19T06:19:11.631384+00:00,2026-08-19T06:19:59.159907+00:00
18,578,Nelson,1,MID,48,0.6676,1.208,0.18,0.1804,0.1818,0.0008,1,0,0,0,2026-08-19T06:19:11.631384+00:00,2026-08-19T06:19:59.159907+00:00
18,585,J.Timber,1,DEF,46,0.6916,1.5001,0.18,0.1804,0.1818,0.0024,1,0,0,0,2026-08-19T06:19:11.631384+00:00,2026-08-19T06:19:59.159907+00:00
18,646,Hein,1,GKP,40,0.1832,0.8081,0.04,0.0384,0.0403,0.0,1,0,0,0,2026-08-19T06:19:11.631384+00:00,2026-08-19T06:19:59.159907+00:00
18,735,Sagoe,1,MID,45,0,0,0.0,0.0,0.0,0,1,0,0,0,2026-08-19T06:19:11.631384+00:00,2026-08-19T06:19:59.159907+00:00
18,736,Walters,1,DEF,40,0.4976,1.1607,0.1,0.198,0.1088,0.0004,1,0,0,0,2026-08-19T06:19:11.631384+00:00,2026-08-19T06:19:59.159907+00:00
18,737,Ibrahim,1,MID,45,0,0,0.0,0.0,0.0,0,1,0,0,0,2026-08-19T06:19:11.631384+00:00,2026-08-19T06:19:59.159907+00:00
18,764,Lewis-Skelly,1,MID,45,0.4528,0.9122,0.1,0.198,0.1088,0.0,1,0,0,0,2026-08-19T06:19:11.631384+00:00,2026-08-19T06:19:59.159907+00:00
18,772,Nwaneri,1,MID,45,0.44,0.8973,0.1,0.198,0.1088,0.0,1,,,,2026-08-19T06:19:11.631384+00:00,
18,815,Bandeira,1,MID,45,0.4424,0.9037,0.1,0.198,0.1088,0.0,1,,,,2026-08-19T06:19:11.631384+00:00,
18,817,Sweet,1,DEF,40,0.482,1.1341,0.1,0.198,0.1088,0.0,1,,,,2026-08-19T06:19:11.631384+00:00,
18,32,Alex Moreno,2,DEF,50,0.5476,1.4669,0.09,0.2002,0.0997,0.004,1,1,16,0,2026-08-19T06:19:11.631384+00:00,2026-08-19T06:19:59.159907+00:00
18,34,Bailey,2,MID,56,1.4208,2.3257,0.28,0.2016,0.2765,0.0116,1,2,80,1,2026-08-19T06:19:11.631384+00:00,2026-08-19T06:19:59.159907+00:00
18,35,Buendia,2,MID,57,0,0,0.0,0.0,0.0,0,1,0,0,0,2026-08-19T06:19:11.631384+00:00,2026-08-19T06:19:59.159907+00:00
18,36,Cash,2,DEF,47,0,0,0.0,0.0,0.0,0,1,1,90,1,2026-08-19T06:19:11.631384+00:00,2026-08-19T06:19:59.159907+00:00
18,37,Chambers,2,DEF,39,0.8416,1.6002,0.22,0.1716,0.2183,0.0004,1,0,0,0,2026-08-19T06:19:11.631384+00:00,2026-08-19T06:19:59.159907+00:00
18,38,Coutinho,2,MID,58,0,0,0.0,0.0,0.0,0,1,0,0,0,2026-08-19T06:19:11.631384+00:00,2026-08-19T06:19:59.159907+00:00
18,39,Davis,2,FWD,49,0,0,0.0,0.0,0.0,0,1,0,0,0,2026-08-19T06:19:11.631384+00:00,2026-08-19T06:19:59.159907+00:00
18,40,Dendoncker,2,MID,49,0,0,0.0,0.0,0.0,0,1,0,0,0,2026-08-19T06:19:11.631384+00:00,2026-08-19T06:19:59.159907+00:00
18,41,Diego Carlos,2,DEF,44,0.8876,1.7473,0.22,0.1716,0.2183,0.0036,1,0,0,0,2026-08-19T06:19:11.631384+00:00,2026-08-19T06:19:59.159907+00:00
18,42,Digne,2,DEF,47,2.3436,2.5298,0.68,0.0704,0.638,0.0112,1,6,73,1,2026-08-19T06:19:11.631384+00:00,2026-08-19T06:19:59.159907+00:00
18,43,Douglas Luiz,2,MID,55,3.17,3.0554,0.68,0.0896,0.6396,0.04,1,8,90,1,2026-08-19T06:19:11.631384+00:00,2026-08-19T06:19:59.159907+00:00
18,44,Duran,2,FWD,50,0.6812,1.3012,0.18,0.1804,0.1818,0.002,1,1,16,0,2026-08-19T06:19:11.631384+00:00,2026-08-19T06:19:59.159907+00:00
18,45,Hause,2,DEF,39,0.526,1.2346,0.1,0.198,0.1088,0.0,1,0,0,0,2026-08-19T06:19:11.631384+00:00,2026-08-19T06:19:59.159907+00:00
18,46,Iroegbunam,2,MID,44,0.5032,1.0064,0.1,0.198,0.1088,0.0,1,0,0,0,2026-08-19T06:19:11.631384+00:00,2026-08-19T06:19:59.159907+00:00
18,47,Kamara,2,MID,50,0,0,0.0,0.0,0.0,0,1,0,0,0,2026-08-19T06:19:11.631384+00:00,2026-08-19T06:19:59.159907+00:00
18,48,Konsa,2,DEF,45,0.9796,1.9789,0.22,0.1716,0.2183,0.0064,1,2,90,1,2026-08-19T06:19:11.631384+00:00,2026-08-19T06:19:59.159907+00:00
18,49,Martinez,2,GKP,51,3.574,2.3989,0.9,0.008,0.8376,0.004,1,2,90,1,2026-08-19T06:19:11.631384+00:00,2026-08-19T06:19:59.159907+00:00
18,50,McGinn,2,MID,55,2.6864,2.6028,0.68,0.0896,0.6396,0.018,1,2,90,1,2026-08-19T06:19:11.631384+00:00,2026-08-19T06:19:59.159907+00:00
18,51,Mings,2,DEF,41,0,0,0.0,0.0,0.0,0,1,0,0,0,2026-08-19T06:19:11.631384+00:00,2026-08-19T06:19:59.159907+00:00
18,53,Olsen,2,GKP,39,0.1584,0.7451,0.04,0.0384,0.0403,0.0,1,0,0,0,2026-08-19T06:19:11.631384+00:00,2026-08-19T06:19:59.159907+00:00
18,54,Philogene,2,MID,45,0,0,0.0,0.0,0.0,0,1,0,0,0,2026-08-19T06:19:11.631384+00:00,2026-08-19T06:19:59.159907+00:00
18,55,J.Ramsey,2,MID,59,0,0,0.0,0.0,0.0,0,1,2,90,1,2026-08-19T06:19:11.631384+00:00,2026-08-19T06:19:59.159907+00:00
18,56,Sanson,2,MID,45,0,0,0.0,0.0,0.0,0,1,0,0,0,2026-08-19T06:19:11.631384+00:00,2026-08-19T06:19:59.159907+00:00
18,57,Sinisalo,2,GKP,40,0,0,0.0,0.0,0.0,0,1,0,0,0,2026-08-19T06:19:11.631384+00:00,2026-08-19T06:19:59.159907+00:00
18,58,Tielemans,2,MID,56,0,0,0.0,0.0,0.0,0,1,0,0,0,2026-08-19T06:19:11.631384+00:00,2026-08-19T06:19:59.159907+00:00
18,59,Bertrand Traoré,2,MID,50,0,0,0.0,0.0,0.0,0,1,0,0,0,2026-08-19T06:19:11.631384+00:00,2026-08-19T06:19:59.159907+00:00
18,60,Watkins,2,FWD,87,3.5908,3.3927,0.68,0.0896,0.6396,0.066,1,2,90,1,2026-08-19T06:19:11.631384+00:00,2026-08-19T06:19:59.159907+00:00
18,61,Wesley,2,FWD,50,0,0,0.0,0.0,0.0,0,1,0,0,0,2026-08-19T06:19:11.631384+00:00,2026-08-19T06:19:59.159907+00:00
18,584,Pau,2,DEF,47,2.53,2.5662,0.68,0.0704,0.638,0.012,1,0,0,0,2026-08-19T06:19:11.631384+00:00,2026-08-19T06:19:59.159907+00:00
18,599,Diaby,2,MID,67,2.3728,2.9198,0.48,0.1456,0.458,0.0308,1,3,73,1,2026-08-19T06:19:11.631384+00:00,2026-08-19T06:19:59.159907+00:00
18,618,Kellyman,2,MID,45,0.4744,0.9725,0.1,0.198,0.1088,0.0,1,0,0,0,2026-08-19T06:19:11.631384+00:00,2026-08-19T06:19:59.159907+00:00
18,670,Marschall,2,GKP,40,0,0,0.0,0.0,0.0,0,1,0,0,0,2026-08-19T06:19:11.631384+00:00,2026-08-19T06:19:59.159907+00:00
18,672,Zaniolo,2,MID,54,0,0,0.0,0.0,0.0,0,1,5,9,0,2026-08-19T06:19:11.631384+00:00,2026-08-19T06:19:59.159907+00:00
18,686,Zych,2,GKP,40,0,0,0.0,0.0,0.0,0,1,0,0,0,2026-08-19T06:19:11.631384+00:00,2026-08-19T06:19:59.159907+00:00
18,699,Lenglet,2,DEF,45,0.8412,1.692,0.22,0.1404,0.2158,0.0016,1,2,90,1,2026-08-19T06:19:11.631384+00:00,2026-08-19T06:19:59.159907+00:00
18,765,Proctor,2,GKP,40,0.1624,0.748,0.04,0.0384,0.0403,0.0,1,0,0,0,2026-08-19T06:19:11.631384+00:00,2026-08-19T06:19:59.159907+00:00
18,767,O'Reilly,2,MID,45,0,0,0.0,0.0,0.0,0,1,0,0,0,2026-08-19T06:19:11.631384+00:00,2026-08-19T06:19:59.159907+00:00
18,778,Wright,2,GKP,40,0.1732,0.7886,0.04,0.0384,0.0403,0.0,1,,,,2026-08-19T06:19:11.631384+00:00,
18,793,Kesler-Hayden,2,DEF,40,0.536,1.3041,0.1,0.198,0.1088,0.0016,1,,,,2026-08-19T06:19:11.631384+00:00,
18,803,Rogers,2,MID,50,0,0,0.0,0.0,0.0,0,1,,,,2026-08-19T06:19:11.631384+00:00,
18,818,Gauci,2,GKP,39,0.1704,0.7894,0.04,0.0384,0.0403,0.0,1,,,,2026-08-19T06:19:11.631384+00:00,
18,854,Munroe,2,DEF,40,0.5404,1.2606,0.1,0.198,0.1088,0.0004,1,,,,2026-08-19T06:19:11.631384+00:00,
18,865,Young,2,MID,45,0.4452,0.91,0.1,0.198,0.1088,0.0004,1,,,,2026-08-19T06:19:11.631384+00:00,
18,866,Emery,2,GKP,40,0.1756,0.8091,0.04,0.0384,0.0403,0.0,1,,,,2026-08-19T06:19:11.631384+00:00,
18,62,Anthony,3,MID,49,0,0,0.0,0.0,0.0,0,1,0,0,0,2026-08-19T06:19:11.631384+00:00,2026-08-19T06:19:59.159907+00:00
18,63,Billing,3,MID,52,1.6524,2.0865,0.48,0.1144,0.4556,0.0072,1,5,80,1,2026-08-19T06:19:11.631384+00:00,2026-08-19T06:19:59.159907+00:00
18,64,Brooks,3,MID,48,0,0,0.0,0.0,0.0,0,1,1,9,0,2026-08-19T06:19:11.631384+00:00,2026-08-19T06:19:59.159907+00:00
18,65,Christie,3,MID,50,1.5492,1.8424,0.48,0.1144,0.4556,0.0044,1,1,90,1,2026-08-19T06:19:11.631384+00:00,2026-08-19T06:19:59.159907+00:00
18,66,L.Cook,3,MID,50,1.3668,1.5327,0.48,0.1144,0.4556,0.0,1,1,28,0,2026-08-19T06:19:11.631384+00:00,2026-08-19T06:19:59.159907+00:00
18,67,Siriki,3,MID,45,0,0,0.0,0.0,0.0,0,1,0,0,0,2026-08-19T06:19:11.631384+00:00,2026-08-19T06:19:59.159907+00:00
18,68,Fredericks,3,DEF,43,0,0,0.0,0.0,0.0,0,1,0,0,0,2026-08-19T06:19:11.631384+00:00,2026-08-19T06:19:59.159907+00:00
18,69,Hill,3,DEF,40,0.4792,1.1692,0.1,0.198,0.1088,0.0012,1,0,0,0,2026-08-19T06:19:11.631384+00:00,2026-08-19T06:19:59.159907+00:00
18,70,Kelly,3,DEF,45,0.804,1.5206,0.22,0.1716,0.2183,0.0008,1,0,0,0,2026-08-19T06:19:11.631384+00:00,2026-08-19T06:19:59.159907+00:00
18,71,Kilkenny,3,MID,43,0,0,0.0,0.0,0.0,0,1,0,0,0,2026-08-19T06:19:11.631384+00:00,2026-08-19T06:19:59.159907+00:00
18,72,Kluivert,3,MID,46,1.54,1.7878,0.48,0.1144,0.4556,0.0012,1,0,0,0,2026-08-19T06:19:11.631384+00:00,2026-08-19T06:19:59.159907+00:00
18,73,Lowe,3,MID,49,0,0,0.0,0.0,0.0,0,1,0,0,0,2026-08-19T06:19:11.631384+00:00,2026-08-19T06:19:59.159907+00:00
18,74,Marcondes,3,MID,43,0,0,0.0,0.0,0.0,0,1,0,0,0,2026-08-19T06:19:11.631384+00:00,2026-08-19T06:19:59.159907+00:00
18,75,Mepham,3,DEF,43,0.3396,0.8186,0.05,0.209,0.0632,0.0,1,0,0,0,2026-08-19T06:19:11.631384+00:00,2026-08-19T06:19:59.159907+00:00
18,76,Moore,3,FWD,47,0,0,0.0,0.0,0.0,0,1,1,8,0,2026-08-19T06:19:11.631384+00:00,2026-08-19T06:19:59.159907+00:00
18,77,Neto,3,GKP,46,3.3224,2.3421,0.9,0.008,0.8376,0.0076,1,1,90,1,2026-08-19T06:19:11.631384+00:00,2026-08-19T06:19:59.159907+00:00
18,78,O.Dango,3,MID,47,0.6892,1.2291,0.18,0.1804,0.1818,0.0012,1,2,81,1,2026-08-19T06:19:11.631384+00:00,2026-08-19T06:19:59.159907+00:00
18,79,Pearson,3,MID,45,0,0,0.0,0.0,0.0,0,1,0,0,0,2026-08-19T06:19:11.631384+00:00,2026-08-19T06:19:59.159907+00:00
18,80,Randolph,3,GKP,40,0.1372,0.7212,0.04,0.0384,0.0403,0.0004,1,0,0,0,2026-08-19T06:19:11.631384+00:00,2026-08-19T06:19:59.159907+00:00
18,81,Rothwell,3,MID,48,0,0,0.0,0.0,0.0,0,1,1,20,0,2026-08-19T06:19:11.631384+00:00,2026-08-19T06:19:59.159907+00:00
18,82,Semenyo,3,FWD,46,1.5648,1.8448,0.48,0.1144,0.4556,0.0024,1,1,69,1,2026-08-19T06:19:11.631384+00:00,2026-08-19T06:19:59.159907+00:00
18,83,Senesi,3,DEF,44,0.876,1.7072,0.22,0.1716,0.2183,0.0032,1,5,90,1,2026-08-19T06:19:11.631384+00:00,2026-08-19T06:19:59.159907+00:00
18,84,Smith,3,DEF,44,0.7864,1.4683,0.22,0.1716,0.2183,0.0012,1,4,90,1,2026-08-19T06:19:11.631384+00:00,2026-08-19T06:19:59.159907+00:00
18,85,Solanke,3,FWD,68,2.8208,2.8174,0.68,0.0896,0.6396,0.0388,1,17,90,1,2026-08-19T06:19:11.631384+00:00,2026-08-19T06:19:59.159907+00:00
18,86,Tavernier,3,MID,54,1.8516,2.331,0.48,0.1144,0.4556,0.0104,1,2,90,1,2026-08-19T06:19:11.631384+00:00,2026-08-19T06:19:59.159907+00:00
18,87,Hamed Traorè,3,MID,47,0,0,0.0,0.0,0.0,0,1,0,0,0,2026-08-19T06:19:11.631384+00:00,2026-08-19T06:19:59.159907+00:00
18,88,Travers,3,GKP,40,0.1872,0.8254,0.04,0.0384,0.0403,0.0004,1,0,0,0,2026-08-19T06:19:11.631384+00:00,2026-08-19T06:19:59.159907+00:00
18,89,Zabarnyi,3,DEF,44,0.6936,1.3745,0.22,0.1716,0.2183,0.0004,1,1,90,1,2026-08-19T06:19:11.631384+00:00,2026-08-19T06:19:59.159907+00:00
18,595,Kerkez,3,DEF,44,0.7604,1.4759,0.22,0.1716,0.2183,0.0,1,0,0,0,2026-08-19T06:19:11.631384+00:00,2026-08-19T06:19:59.159907+00:00
18,607,Radu,3,GKP,44,0.1528,0.7511,0.04,0.0384,0.0403,0.0004,1,0,0,0,2026-08-19T06:19:11.631384+00:00,2026-08-19T06:19:59.159907+00:00
18,619,Greenwood,3,DEF,40,0,0,0.0,0.0,0.0,0,1,0,0,0,2026-08-19T06:19:11.631384+00:00,2026-08-19T06:19:59.159907+00:00
18,643,Aarons,3,DEF,44,0.6852,1.3174,0.22,0.1716,0.2183,0.0,1,0,0,0,2026-08-19T06:19:11.631384+00:00,2026-08-19T06:19:59.159907+00:00
18,644,Scott,3,MID,49,0.9068,1.3996,0.28,0.1584,0.2731,0.0004,1,0,41,0,2026-08-19T06:19:11.631384+00:00,2026-08-19T06:19:59.159907+00:00
18,673,Adams,3,MID,49,1.8476,1.0598,0.82,0.0324,0.7652,0.0004,1,0,0,0,2026-08-19T06:19:11.631384+00:00,2026-08-19T06:19:59.159907+00:00
18,705,Sinisterra,3,MID,55,0,0,0.0,0.0,0.0,0,1,1,20,0,2026-08-19T06:19:11.631384+00:00,2026-08-19T06:19:59.159907+00:00
18,799,Faivre,3,MID,50,0.6872,1.2174,0.18,0.1804,0.1818,0.0008,1,,,,2026-08-19T06:19:11.631384+00:00,
18,802,Kinsey,3,DEF,40,0.472,1.15,0.1,0.198,0.1088,0.0,1,,,,2026-08-19T06:19:11.631384+00:00,
18,804,Enes Ünal,3,FWD,50,0.6396,1.1509,0.18,0.1804,0.1818,0.0004,1,,,,2026-08-19T06:19:11.631384+00:00,
18,811,Sadi,3,MID,45,0.4688,0.9486,0.1,0.198,0.1088,0.0004,1,,,,2026-08-19T06:19:11.631384+00:00,
18,849,Dacosta Gonzalez,3,MID,45,0.4956,0.9806,0.1,0.198,0.1088,0.0,1,,,,2026-08-19T06:19:11.631384+00:00,
18,855,McKenna,3,GKP,40,0.1456,0.6904,0.04,0.0384,0.0403,0.0,1,,,,2026-08-19T06:19:11.631384+00:00,
18,90,Ajer,4,DEF,44,0,0,0.22,0.1716,0.2183,0,0,,,,2026-08-19T06:19:11.631384+00:00,
18,91,Balcombe,4,GKP,39,0,0,0.04,0.0384,0.0403,0,0,,,,2026-08-19T06:19:11.631384+00:00,
18,92,Baptiste,4,MID,43,0,0,0.1,0.198,0.1088,0,0,,,,2026-08-19T06:19:11.631384+00:00,
18,93,Bech,4,DEF,40,0,0,0.0,0.0,0.0,0,0,,,,2026-08-19T06:19:11.631384+00:00,
18,94,Bidstrup,4,MID,45,0,0,0.0,0.0,0.0,0,0,,,,2026-08-19T06:19:11.631384+00:00,
18,95,Canós,4,MID,50,0,0,0.0,0.0,0.0,0,0,,,,2026-08-19T06:19:11.631384+00:00,
18,96,Collins,4,DEF,45,0,0,0.11,0.1958,0.118,0,0,,,,2026-08-19T06:19:11.631384+00:00,
18,97,Cox,4,GKP,40,0,0,0.0,0.0,0.0,0,0,,,,2026-08-19T06:19:11.631384+00:00,
18,98,Damsgaard,4,MID,48,0,0,0.18,0.1804,0.1818,0,0,,,,2026-08-19T06:19:11.631384+00:00,
18,99,Dasilva,4,MID,47,0,0,0.0,0.0,0.0,0,0,,,,2026-08-19T06:19:11.631384+00:00,
18,100,Dervişoğlu,4,FWD,45,0,0,0.0,0.0,0.0,0,0,,,,2026-08-19T06:19:11.631384+00:00,
18,101,Flekken,4,GKP,47,0,0,0.9,0.008,0.8376,0,0,,,,2026-08-19T06:19:11.631384+00:00,
18,102,Goode,4,DEF,39,0,0,0.0,0.0,0.0,0,0,,,,2026-08-19T06:19:11.631384+00:00,
18,103,Henry,4,DEF,42,0,0,0.0,0.0,0.0,0,0,,,,2026-08-19T06:19:11.631384+00:00,
18,104,Hickey,4,DEF,43,0,0,0.0,0.0,0.0,0,0,,,,2026-08-19T06:19:11.631384+00:00,
18,105,Janelt,4,MID,52,0,0,0.68,0.0704,0.638,0,0,,,,2026-08-19T06:19:11.631384+00:00,
18,106,Jensen,4,MID,52,0,0,0.48,0.1144,0.4556,0,0,,,,2026-08-19T06:19:11.631384+00:00,
18,107,Lewis-Potter,4,MID,47,0,0,0.28,0.1584,0.2731,0,0,,,,2026-08-19T06:19:11.631384+00:00,
18,108,Mbeumo,4,MID,68,0,0,0.48,0.1456,0.458,0,0,,,,2026-08-19T06:19:11.631384+00:00,
18,109,Mee,4,DEF,47,0,0,0.0,0.0,0.0,0,0,,,,2026-08-19T06:19:11.631384+00:00,
18,110,Nørgaard,4,MID,52,0,0,0.68,0.0704,0.638,0,0,,,,2026-08-19T06:19:11.631384+00:00,
18,111,Onyeka,4,MID,49,0,0,0.14,0.1892,0.1453,0,0,,,,2026-08-19T06:19:11.631384+00:00,
18,112,Pinnock,4,DEF,45,0,0,0.22,0.1404,0.2158,0,0,,,,2026-08-19T06:19:11.631384+00:00,
18,114,Roerslev,4,DEF,44,0,0,0.22,0.1716,0.2183,0,0,,,,2026-08-19T06:19:11.631384+00:00,
18,115,Schade,4,MID,52,0,0,0.28,0.1584,0.2731,0,0,,,,2026-08-19T06:19:11.631384+00:00,
18,116,Strakosha,4,GKP,39,0,0,0.04,0.0384,0.0403,0,0,,,,2026-08-19T06:19:11.631384+00:00,
18,117,Toney,4,FWD,77,0,0,0.9,0.018,0.8384,0,0,,,,2026-08-19T06:19:11.631384+00:00,
18,118,Trevitt,4,MID,45,0,0,0.0,0.0,0.0,0,0,,,,2026-08-19T06:19:11.631384+00:00,
18,119,Wissa,4,FWD,57,0,0,0.68,0.0896,0.6396,0,0,,,,2026-08-19T06:19:11.631384+00:00,
18,120,Yarmoliuk,4,MID,42,0,0,0.28,0.1584,0.2731,0,0,,,,2026-08-19T06:19:11.631384+00:00,
18,121,Zanka,4,DEF,43,0,0,0.1,0.198,0.1088,0,0,,,,2026-08-19T06:19:11.631384+00:00,
18,258,Maupay,4,FWD,49,0,0,0.28,0.1584,0.2731,0,0,,,,2026-08-19T06:19:11.631384+00:00,
18,508,Reguilón,4,DEF,44,0,0,0.22,0.1716,0.2183,0,0,1,6,0,2026-08-19T06:19:11.631384+00:00,2026-08-19T06:19:59.159907+00:00
18,620,Olakigbe,4,MID,45,0,0,0.0,0.0,0.0,0,0,,,,2026-08-19T06:19:11.631384+00:00,
18,684,Brierley,4,MID,45,0,0,0.1,0.198,0.1088,0,0,,,,2026-08-19T06:19:11.631384+00:00,
18,701,Ghoddos,4,MID,45,0,0,0.28,0.1584,0.2731,0,0,,,,2026-08-19T06:19:11.631384+00:00,
18,725,Kim Ji-Soo,4,DEF,40,0,0,0.1,0.198,0.1088,0,0,,,,2026-08-19T06:19:11.631384+00:00,
18,733,Adedokun,4,DEF,40,0,0,0.1,0.198,0.1088,0,0,,,,2026-08-19T06:19:11.631384+00:00,
18,744,Peart-Harris,4,MID,45,0,0,0.0,0.0,0.0,0,0,,,,2026-08-19T06:19:11.631384+00:00,
18,752,Angelini,4,GKP,40,0,0,0.04,0.0384,0.0403,0,0,,,,2026-08-19T06:19:11.631384+00:00,
18,789,Valdimarsson,4,GKP,40,0,0,0.04,0.0384,0.0403,0,0,,,,2026-08-19T06:19:11.631384+00:00,
18,797,Fredrick,4,DEF,40,0,0,0.1,0.198,0.1088,0,0,,,,2026-08-19T06:19:11.631384+00:00,
18,834,Arthur,4,DEF,40,0,0,0.1,0.198,0.1088,0,0,,,,2026-08-19T06:19:11.631384+00:00,
18,864,Konak,4,MID,45,0,0,0.1,0.198,0.1088,0,0,,,,2026-08-19T06:19:11.631384+00:00,
18,122,Adingra,5,MID,50,1.808,2.2283,0.48,0.1144,0.4556,0.0108,1,1,45,1,2026-08-19T06:19:11.631384+00:00,2026-08-19T06:19:59.159907+00:00
18,123,Alzate,5,MID,44,0,0,0.0,0.0,0.0,0,1,0,0,0,2026-08-19T06:19:11.631384+00:00,2026-08-19T06:19:59.159907+00:00
18,124,Ayari,5,MID,45,0,0,0.0,0.0,0.0,0,1,0,0,0,2026-08-19T06:19:11.631384+00:00,2026-08-19T06:19:59.159907+00:00
18,125,Buonanotte,5,MID,47,0.9332,1.4179,0.28,0.1584,0.2731,0.0016,1,1,45,1,2026-08-19T06:19:11.631384+00:00,2026-08-19T06:19:59.159907+00:00
18,127,Connolly,5,FWD,45,0,0,0.0,0.0,0.0,0,1,0,0,0,2026-08-19T06:19:11.631384+00:00,2026-08-19T06:19:59.159907+00:00
18,128,Dahoud,5,MID,48,0,0,0.0,0.0,0.0,0,1,0,0,0,2026-08-19T06:19:11.631384+00:00,2026-08-19T06:19:59.159907+00:00
18,129,Dunk,5,DEF,50,0,0,0.0,0.0,0.0,0,1,2,90,1,2026-08-19T06:19:11.631384+00:00,2026-08-19T06:19:59.159907+00:00
18,130,Enciso,5,MID,51,0.6744,1.233,0.18,0.1804,0.1818,0.0008,1,0,0,0,2026-08-19T06:19:11.631384+00:00,2026-08-19T06:19:59.159907+00:00
18,131,Estupiñan,5,DEF,50,0,0,0.0,0.0,0.0,0,1,0,0,0,2026-08-19T06:19:11.631384+00:00,2026-08-19T06:19:59.159907+00:00
18,132,Ferguson,5,FWD,60,0,0,0.0,0.0,0.0,0,1,0,0,0,2026-08-19T06:19:11.631384+00:00,2026-08-19T06:19:59.159907+00:00
18,133,Gilmour,5,MID,49,1.4112,1.7374,0.48,0.1144,0.4556,0.0024,1,2,90,1,2026-08-19T06:19:11.631384+00:00,2026-08-19T06:19:59.159907+00:00
18,134,Gross,5,MID,64,2.1924,2.6186,0.48,0.1456,0.458,0.0184,1,7,90,1,2026-08-19T06:19:11.631384+00:00,2026-08-19T06:19:59.159907+00:00
18,135,João Pedro,5,FWD,54,2.062,2.6373,0.48,0.1144,0.4556,0.0236,1,2,90,1,2026-08-19T06:19:11.631384+00:00,2026-08-19T06:19:59.159907+00:00
18,136,Karbownik,5,DEF,40,0,0,0.0,0.0,0.0,0,1,0,0,0,2026-08-19T06:19:11.631384+00:00,2026-08-19T06:19:59.159907+00:00
18,137,Kozłowski,5,MID,45,0,0,0.0,0.0,0.0,0,1,0,0,0,2026-08-19T06:19:11.631384+00:00,2026-08-19T06:19:59.159907+00:00
18,138,Lallana,5,MID,49,1.2776,1.431,0.48,0.1144,0.4556,0.0,1,1,15,0,2026-08-19T06:19:11.631384+00:00,2026-08-19T06:19:59.159907+00:00
18,139,Lamptey,5,DEF,40,0.4608,1.0621,0.1,0.198,0.1088,0.0008,1,0,0,0,2026-08-19T06:19:11.631384+00:00,2026-08-19T06:19:59.159907+00:00
18,140,March,5,MID,61,0,0,0.0,0.0,0.0,0,1,0,0,0,2026-08-19T06:19:11.631384+00:00,2026-08-19T06:19:59.159907+00:00
18,141,McGill,5,GKP,39,0.1552,0.7206,0.04,0.0384,0.0403,0.0,1,0,0,0,2026-08-19T06:19:11.631384+00:00,2026-08-19T06:19:59.159907+00:00
18,142,Milner,5,MID,48,0,0,0.0,0.0,0.0,0,1,0,0,0,2026-08-19T06:19:11.631384+00:00,2026-08-19T06:19:59.159907+00:00
18,143,Mitoma,5,MID,65,0,0,0.0,0.0,0.0,0,1,2,82,1,2026-08-19T06:19:11.631384+00:00,2026-08-19T06:19:59.159907+00:00
18,144,Moder,5,MID,44,0.4604,0.9381,0.1,0.198,0.1088,0.0,1,1,7,0,2026-08-19T06:19:11.631384+00:00,2026-08-19T06:19:59.159907+00:00
18,146,Sarmiento,5,MID,45,0,0,0.0,0.0,0.0,0,1,0,0,0,2026-08-19T06:19:11.631384+00:00,2026-08-19T06:19:59.159907+00:00
18,147,Scherpen,5,GKP,40,0,0,0.0,0.0,0.0,0,1,0,0,0,2026-08-19T06:19:11.631384+00:00,2026-08-19T06:19:59.159907+00:00
18,148,Steele,5,GKP,42,2.636,1.9963,0.88,0.0048,0.8188,0.0,1,0,0,0,2026-08-19T06:19:11.631384+00:00,2026-08-19T06:19:59.159907+00:00
18,149,Undav,5,FWD,55,0,0,0.0,0.0,0.0,0,1,0,0,0,2026-08-19T06:19:11.631384+00:00,2026-08-19T06:19:59.159907+00:00
18,150,Van Hecke,5,DEF,40,0,0,0.0,0.0,0.0,0,1,2,90,1,2026-08-19T06:19:11.631384+00:00,2026-08-19T06:19:59.159907+00:00
18,151,Veltman,5,DEF,44,0,0,0.0,0.0,0.0,0,1,0,0,0,2026-08-19T06:19:11.631384+00:00,2026-08-19T06:19:59.159907+00:00
18,152,Verbruggen,5,GKP,44,0.154,0.7228,0.04,0.0384,0.0403,0.0,1,2,90,1,2026-08-19T06:19:11.631384+00:00,2026-08-19T06:19:59.159907+00:00
18,153,Webster,5,DEF,42,0.7472,1.4539,0.22,0.1716,0.2183,0.0004,1,0,0,0,2026-08-19T06:19:11.631384+00:00,2026-08-19T06:19:59.159907+00:00
18,154,Welbeck,5,FWD,57,1.0084,1.5048,0.28,0.2016,0.2765,0.0024,1,8,45,1,2026-08-19T06:19:11.631384+00:00,2026-08-19T06:19:59.159907+00:00
18,155,Zeqiri,5,FWD,44,0,0,0.0,0.0,0.0,0,1,0,0,0,2026-08-19T06:19:11.631384+00:00,2026-08-19T06:19:59.159907+00:00
18,606,Igor,5,DEF,43,0.6992,1.4065,0.22,0.1716,0.2183,0.0004,1,1,90,1,2026-08-19T06:19:11.631384+00:00,2026-08-19T06:19:59.159907+00:00
18,621,Hinshelwood,5,MID,45,0,0,0.0,0.0,0.0,0,1,2,74,1,2026-08-19T06:19:11.631384+00:00,2026-08-19T06:19:59.159907+00:00
18,690,Baleba,5,MID,45,0.75,1.1268,0.28,0.1584,0.2731,0.0004,1,0,45,1,2026-08-19T06:19:11.631384+00:00,2026-08-19T06:19:59.159907+00:00
18,700,Ansu Fati,5,MID,64,1.722,2.3337,0.45,0.154,0.4308,0.012,1,0,0,0,2026-08-19T06:19:11.631384+00:00,2026-08-19T06:19:59.159907+00:00
18,741,O’Mahony,5,FWD,45,0.4636,0.9322,0.1,0.198,0.1088,0.0004,1,0,0,0,2026-08-19T06:19:11.631384+00:00,2026-08-19T06:19:59.159907+00:00
18,742,Baker-Boaitey,5,MID,45,0.4504,0.9549,0.1,0.198,0.1088,0.0,1,0,0,0,2026-08-19T06:19:11.631384+00:00,2026-08-19T06:19:59.159907+00:00
18,746,Jackson,5,DEF,40,0.4392,1.0724,0.1,0.198,0.1088,0.0004,1,0,0,0,2026-08-19T06:19:11.631384+00:00,2026-08-19T06:19:59.159907+00:00
18,747,Duffus,5,MID,44,0.4132,0.8087,0.1,0.198,0.1088,0.0,1,0,0,0,2026-08-19T06:19:11.631384+00:00,2026-08-19T06:19:59.159907+00:00
18,753,Kavanagh,5,DEF,40,0.4488,1.1074,0.1,0.198,0.1088,0.0012,1,0,0,0,2026-08-19T06:19:11.631384+00:00,2026-08-19T06:19:59.159907+00:00
18,755,Barrington,5,MID,45,0.4592,0.8863,0.1,0.198,0.1088,0.0004,1,0,0,0,2026-08-19T06:19:11.631384+00:00,2026-08-19T06:19:59.159907+00:00
18,786,Peupion,5,MID,45,0.4636,0.9459,0.1,0.198,0.1088,0.0004,1,,,,2026-08-19T06:19:11.631384+00:00,
18,816,Barco,5,DEF,40,0.4868,1.1489,0.1,0.198,0.1088,0.0004,1,,,,2026-08-19T06:19:11.631384+00:00,
18,843,Chouchane,5,MID,45,0.462,0.939,0.1,0.198,0.1088,0.0,1,,,,2026-08-19T06:19:11.631384+00:00,
18,845,Offiah,5,DEF,40,0.4396,1.0433,0.1,0.198,0.1088,0.0,1,,,,2026-08-19T06:19:11.631384+00:00,
18,861,Atom,5,DEF,40,0.4696,1.1117,0.1,0.198,0.1088,0.0,1,,,,2026-08-19T06:19:11.631384+00:00,
18,156,Agyei,6,MID,43,0.462,0.9222,0.1,0.198,0.1088,0.0,1,0,0,0,2026-08-19T06:19:11.631384+00:00,2026-08-19T06:19:59.159907+00:00
18,157,Al-Dakhil,6,DEF,39,0,0,0.0,0.0,0.0,0,1,0,0,0,2026-08-19T06:19:11.631384+00:00,2026-08-19T06:19:59.159907+00:00
18,158,Bastien,6,MID,49,0,0,0.0,0.0,0.0,0,1,0,0,0,2026-08-19T06:19:11.631384+00:00,2026-08-19T06:19:59.159907+00:00
18,159,Benson,6,MID,52,0.6712,1.1955,0.18,0.1804,0.1818,0.0008,1,0,0,0,2026-08-19T06:19:11.631384+00:00,2026-08-19T06:19:59.159907+00:00
18,160,Beyer,6,DEF,40,0,0,0.0,0.0,0.0,0,1,5,90,1,2026-08-19T06:19:11.631384+00:00,2026-08-19T06:19:59.159907+00:00
18,161,Brownhill,6,MID,47,1.33,1.5537,0.48,0.1144,0.4556,0.0016,1,3,90,1,2026-08-19T06:19:11.631384+00:00,2026-08-19T06:19:59.159907+00:00
18,162,Churlinov,6,MID,44,0,0,0.0,0.0,0.0,0,1,0,0,0,2026-08-19T06:19:11.631384+00:00,2026-08-19T06:19:59.159907+00:00
18,163,Cork,6,MID,48,0.6532,1.2557,0.18,0.1804,0.1818,0.0016,1,0,0,0,2026-08-19T06:19:11.631384+00:00,2026-08-19T06:19:59.159907+00:00
18,164,Costelloe,6,MID,45,0,0,0.0,0.0,0.0,0,1,0,0,0,2026-08-19T06:19:11.631384+00:00,2026-08-19T06:19:59.159907+00:00
18,165,Cullen,6,MID,50,1.1964,1.4345,0.48,0.1144,0.4556,0.0012,1,0,0,0,2026-08-19T06:19:11.631384+00:00,2026-08-19T06:19:59.159907+00:00
18,166,Egan-Riley,6,DEF,39,0,0,0.0,0.0,0.0,0,1,0,0,0,2026-08-19T06:19:11.631384+00:00,2026-08-19T06:19:59.159907+00:00
18,167,Ekdal,6,DEF,39,0.442,1.0545,0.1,0.198,0.1088,0.0004,1,0,0,0,2026-08-19T06:19:11.631384+00:00,2026-08-19T06:19:59.159907+00:00
18,168,Foster,6,FWD,48,1.0168,1.6302,0.28,0.1584,0.2731,0.0024,1,5,64,1,2026-08-19T06:19:11.631384+00:00,2026-08-19T06:19:59.159907+00:00
18,169,Franchi,6,GKP,39,0,0,0.0,0.0,0.0,0,1,0,0,0,2026-08-19T06:19:11.631384+00:00,2026-08-19T06:19:59.159907+00:00
18,170,Gudmundsson,6,MID,48,1.3332,1.5995,0.48,0.1144,0.4556,0.0012,1,0,0,0,2026-08-19T06:19:11.631384+00:00,2026-08-19T06:19:59.159907+00:00
18,171,McNally,6,DEF,40,0,0,0.0,0.0,0.0,0,1,0,0,0,2026-08-19T06:19:11.631384+00:00,2026-08-19T06:19:59.159907+00:00
18,172,Muric,6,GKP,43,0.1444,0.6851,0.04,0.0384,0.0403,0.0,1,0,0,0,2026-08-19T06:19:11.631384+00:00,2026-08-19T06:19:59.159907+00:00
18,173,O'Shea,6,DEF,44,0.7164,1.435,0.22,0.1716,0.2183,0.0008,1,6,90,1,2026-08-19T06:19:11.631384+00:00,2026-08-19T06:19:59.159907+00:00
18,174,Obafemi,6,FWD,49,0,0,0.0,0.0,0.0,0,1,0,0,0,2026-08-19T06:19:11.631384+00:00,2026-08-19T06:19:59.159907+00:00
18,175,Peacock-Farrell,6,GKP,40,0,0,0.0,0.0,0.0,0,1,0,0,0,2026-08-19T06:19:11.631384+00:00,2026-08-19T06:19:59.159907+00:00
18,176,Roberts,6,DEF,43,0,0,0.0,0.0,0.0,0,1,1,10,0,2026-08-19T06:19:11.631384+00:00,2026-08-19T06:19:59.159907+00:00
18,177,Rodriguez,6,FWD,53,1.1628,1.8864,0.28,0.1584,0.2731,0.0068,1,1,25,0,2026-08-19T06:19:11.631384+00:00,2026-08-19T06:19:59.159907+00:00
18,178,Taylor,6,DEF,40,0.6536,1.3514,0.22,0.1716,0.2183,0.0004,1,6,90,1,2026-08-19T06:19:11.631384+00:00,2026-08-19T06:19:59.159907+00:00
18,179,Thomas,6,DEF,40,0,0,0.0,0.0,0.0,0,1,0,0,0,2026-08-19T06:19:11.631384+00:00,2026-08-19T06:19:59.159907+00:00
18,180,Twine,6,MID,49,0,0,0.0,0.0,0.0,0,1,0,0,0,2026-08-19T06:19:11.631384+00:00,2026-08-19T06:19:59.159907+00:00
18,181,Vigouroux,6,GKP,39,0.1552,0.7083,0.04,0.0384,0.0403,0.0,1,0,0,0,2026-08-19T06:19:11.631384+00:00,2026-08-19T06:19:59.159907+00:00
18,182,Vitinho,6,DEF,44,0.7136,1.3858,0.22,0.1716,0.2183,0.0008,1,6,90,1,2026-08-19T06:19:11.631384+00:00,2026-08-19T06:19:59.159907+00:00
18,183,Weghorst,6,FWD,55,0,0,0.0,0.0,0.0,0,1,0,0,0,2026-08-19T06:19:11.631384+00:00,2026-08-19T06:19:59.159907+00:00
18,184,Zaroury,6,MID,47,0,0,0.0,0.0,0.0,0,1,0,0,0,2026-08-19T06:19:11.631384+00:00,2026-08-19T06:19:59.159907+00:00
18,200,D.D.Fofana,6,FWD,50,0.636,1.1597,0.18,0.1804,0.1818,0.0012,1,0,0,0,2026-08-19T06:19:11.631384+00:00,2026-08-19T06:19:59.159907+00:00
18,475,Berge,6,MID,47,1.3508,1.5857,0.48,0.1144,0.4556,0.0004,1,9,90,1,2026-08-19T06:19:11.631384+00:00,2026-08-19T06:19:59.159907+00:00
18,594,Amdouni,6,FWD,53,2.1048,1.9459,0.68,0.0704,0.638,0.006,1,2,79,1,2026-08-19T06:19:11.631384+00:00,2026-08-19T06:19:59.159907+00:00
18,596,Trafford,6,GKP,45,3.114,2.099,0.9,0.004,0.8373,0.0012,1,9,90,1,2026-08-19T06:19:11.631384+00:00,2026-08-19T06:19:59.159907+00:00
18,600,Redmond,6,MID,48,0,0,0.0,0.0,0.0,0,1,1,10,0,2026-08-19T06:19:11.631384+00:00,2026-08-19T06:19:59.159907+00:00
18,605,Koleosho,6,MID,49,0.8968,1.5192,0.24,0.1672,0.2366,0.0012,1,0,0,0,2026-08-19T06:19:11.631384+00:00,2026-08-19T06:19:59.159907+00:00
18,608,Bruun Larsen,6,MID,49,0.966,1.5557,0.28,0.1584,0.2731,0.0024,1,1,45,1,2026-08-19T06:19:11.631384+00:00,2026-08-19T06:19:59.159907+00:00
18,622,Dodgson,6,DEF,40,0,0,0.0,0.0,0.0,0,1,0,0,0,2026-08-19T06:19:11.631384+00:00,2026-08-19T06:19:59.159907+00:00
18,660,Odobert,6,MID,50,0.9068,1.4598,0.28,0.1584,0.2731,0.002,1,14,79,1,2026-08-19T06:19:11.631384+00:00,2026-08-19T06:19:59.159907+00:00
18,674,Delcroix,6,DEF,40,0.77,1.5209,0.22,0.1716,0.2183,0.0008,1,1,1,0,2026-08-19T06:19:11.631384+00:00,2026-08-19T06:19:59.159907+00:00
18,675,A.Ramsey,6,MID,50,0,0,0.0,0.0,0.0,0,1,0,0,0,2026-08-19T06:19:11.631384+00:00,2026-08-19T06:19:59.159907+00:00
18,694,Massengo,6,MID,50,0.684,1.2608,0.18,0.1804,0.1818,0.0016,1,0,0,0,2026-08-19T06:19:11.631384+00:00,2026-08-19T06:19:59.159907+00:00
18,706,M.Trésor,6,MID,54,0.6992,1.2889,0.18,0.1804,0.1818,0.0008,1,1,43,0,2026-08-19T06:19:11.631384+00:00,2026-08-19T06:19:59.159907+00:00
18,805,Assignon,6,DEF,40,0.492,1.1314,0.1,0.198,0.1088,0.0,1,,,,2026-08-19T06:19:11.631384+00:00,
18,806,Estève,6,DEF,40,0.4664,1.1422,0.1,0.198,0.1088,0.0008,1,,,,2026-08-19T06:19:11.631384+00:00,
18,126,Caicedo,7,MID,46,1.2096,1.3431,0.48,0.1144,0.4556,0.0004,1,0,0,0,2026-08-19T06:19:11.631384+00:00,2026-08-19T06:19:59.159907+00:00
18,145,Sanchez,7,GKP,47,0.2084,0.8407,0.04,0.0768,0.0433,0.0,1,0,0,0,2026-08-19T06:19:11.631384+00:00,2026-08-19T06:19:59.159907+00:00
18,185,Ampadu,7,DEF,40,0,0,0.0,0.0,0.0,0,1,0,0,0,2026-08-19T06:19:11.631384+00:00,2026-08-19T06:19:59.159907+00:00
18,186,Andrey,7,MID,43,0,0,0.0,0.0,0.0,0,1,0,0,0,2026-08-19T06:19:11.631384+00:00,2026-08-19T06:19:59.159907+00:00
18,187,Arrizabalaga,7,GKP,50,0,0,0.0,0.0,0.0,0,1,0,0,0,2026-08-19T06:19:11.631384+00:00,2026-08-19T06:19:59.159907+00:00
18,188,Aubameyang,7,FWD,65,0,0,0.0,0.0,0.0,0,1,0,0,0,2026-08-19T06:19:11.631384+00:00,2026-08-19T06:19:59.159907+00:00
18,189,Azpilicueta,7,DEF,45,0,0,0.0,0.0,0.0,0,1,0,0,0,2026-08-19T06:19:11.631384+00:00,2026-08-19T06:19:59.159907+00:00
18,190,Baba,7,DEF,40,0,0,0.0,0.0,0.0,0,1,0,0,0,2026-08-19T06:19:11.631384+00:00,2026-08-19T06:19:59.159907+00:00
18,191,B.Badiashile,7,DEF,44,0.7508,1.4403,0.22,0.1716,0.2183,0.002,1,1,10,0,2026-08-19T06:19:11.631384+00:00,2026-08-19T06:19:59.159907+00:00
18,192,Bettinelli,7,GKP,40,0.1384,0.6695,0.04,0.0384,0.0403,0.0,1,-1,0,0,2026-08-19T06:19:11.631384+00:00,2026-08-19T06:19:59.159907+00:00
18,194,Chalobah,7,DEF,43,0.7024,1.4174,0.22,0.1404,0.2158,0.0012,1,0,0,0,2026-08-19T06:19:11.631384+00:00,2026-08-19T06:19:59.159907+00:00
18,195,Chilwell,7,DEF,54,1.078,1.9357,0.28,0.1584,0.2731,0.0064,1,0,0,0,2026-08-19T06:19:11.631384+00:00,2026-08-19T06:19:59.159907+00:00
18,196,Chukwuemeka,7,MID,42,0.4696,0.929,0.1,0.198,0.1088,0.0,1,0,0,0,2026-08-19T06:19:11.631384+00:00,2026-08-19T06:19:59.159907+00:00
18,197,Colwill,7,DEF,46,1.5144,2.1551,0.48,0.1144,0.4556,0.0072,1,2,78,1,2026-08-19T06:19:11.631384+00:00,2026-08-19T06:19:59.159907+00:00
18,198,Cucurella,7,DEF,48,1.3484,2.0763,0.48,0.1144,0.4556,0.0072,1,0,0,0,2026-08-19T06:19:11.631384+00:00,2026-08-19T06:19:59.159907+00:00
18,199,Enzo,7,MID,48,0,0,0.0,0.0,0.0,0,1,0,0,0,2026-08-19T06:19:11.631384+00:00,2026-08-19T06:19:59.159907+00:00
18,201,W.Fofana,7,DEF,44,0,0,0.0,0.0,0.0,0,1,0,0,0,2026-08-19T06:19:11.631384+00:00,2026-08-19T06:19:59.159907+00:00
18,202,Gallagher,7,MID,54,2.1228,1.9159,0.68,0.0704,0.638,0.0036,1,1,90,1,2026-08-19T06:19:11.631384+00:00,2026-08-19T06:19:59.159907+00:00
18,203,Gusto,7,DEF,41,0.8472,1.6268,0.22,0.1716,0.2183,0.002,1,1,79,1,2026-08-19T06:19:11.631384+00:00,2026-08-19T06:19:59.159907+00:00
18,206,James,7,DEF,54,0,0,0.0,0.0,0.0,0,1,0,0,0,2026-08-19T06:19:11.631384+00:00,2026-08-19T06:19:59.159907+00:00
18,207,Lukaku,7,FWD,68,0,0,0.0,0.0,0.0,0,1,0,0,0,2026-08-19T06:19:11.631384+00:00,2026-08-19T06:19:59.159907+00:00
18,208,Madueke,7,MID,53,0.6504,1.1624,0.18,0.1804,0.1818,0.0,1,1,10,0,2026-08-19T06:19:11.631384+00:00,2026-08-19T06:19:59.159907+00:00
18,210,Mudryk,7,MID,63,0,0,0.0,0.0,0.0,0,1,1,31,0,2026-08-19T06:19:11.631384+00:00,2026-08-19T06:19:59.159907+00:00
18,211,N.Jackson,7,FWD,69,2.0884,2.7512,0.48,0.1456,0.458,0.028,1,1,79,1,2026-08-19T06:19:11.631384+00:00,2026-08-19T06:19:59.159907+00:00
18,212,Nkunku,7,FWD,73,2.1936,2.0634,0.72,0.0784,0.6759,0.0092,1,7,32,0,2026-08-19T06:19:11.631384+00:00,2026-08-19T06:19:59.159907+00:00
18,213,Pulisic,7,MID,55,0,0,0.0,0.0,0.0,0,1,0,0,0,2026-08-19T06:19:11.631384+00:00,2026-08-19T06:19:59.159907+00:00
18,214,M.Sarr,7,DEF,43,0.482,1.1341,0.1,0.198,0.1088,0.0008,1,0,0,0,2026-08-19T06:19:11.631384+00:00,2026-08-19T06:19:59.159907+00:00
18,215,Slonina,7,GKP,40,0,0,0.0,0.0,0.0,0,1,0,0,0,2026-08-19T06:19:11.631384+00:00,2026-08-19T06:19:59.159907+00:00
18,216,Sterling,7,MID,71,2.0516,2.6234,0.48,0.1456,0.458,0.018,1,4,90,1,2026-08-19T06:19:11.631384+00:00,2026-08-19T06:19:59.159907+00:00
18,217,T.Silva,7,DEF,50,2.1276,2.1893,0.68,0.0704,0.638,0.0052,1,1,90,1,2026-08-19T06:19:11.631384+00:00,2026-08-19T06:19:59.159907+00:00
18,218,Ziyech,7,MID,54,0,0,0.0,0.0,0.0,0,1,0,0,0,2026-08-19T06:19:11.631384+00:00,2026-08-19T06:19:59.159907+00:00
18,362,Palmer,7,MID,56,2.3376,2.9861,0.48,0.1456,0.458,0.0332,1,1,90,1,2026-08-19T06:19:11.631384+00:00,2026-08-19T06:19:59.159907+00:00
18,589,Ângelo,7,MID,50,0,0,0.0,0.0,0.0,0,1,0,0,0,2026-08-19T06:19:11.631384+00:00,2026-08-19T06:19:59.159907+00:00
18,609,Maatsen,7,MID,51,0,0,0.0,0.0,0.0,0,1,1,11,0,2026-08-19T06:19:11.631384+00:00,2026-08-19T06:19:59.159907+00:00
18,611,Disasi,7,DEF,49,1.5868,2.1765,0.48,0.1144,0.4556,0.006,1,2,90,1,2026-08-19T06:19:11.631384+00:00,2026-08-19T06:19:59.159907+00:00
18,613,Ugochukwu,7,MID,44,0.4732,0.9108,0.1,0.198,0.1088,0.0004,1,1,58,1,2026-08-19T06:19:11.631384+00:00,2026-08-19T06:19:59.159907+00:00
18,623,Burstow,7,FWD,45,0,0,0.0,0.0,0.0,0,1,0,0,0,2026-08-19T06:19:11.631384+00:00,2026-08-19T06:19:59.159907+00:00
18,659,Bergström,7,GKP,40,0,0,0.0,0.0,0.0,0,1,0,0,0,2026-08-19T06:19:11.631384+00:00,2026-08-19T06:19:59.159907+00:00
18,667,Lavia,7,MID,49,0,0,0.0,0.0,0.0,0,1,0,0,0,2026-08-19T06:19:11.631384+00:00,2026-08-19T06:19:59.159907+00:00
18,671,Humphreys,7,DEF,40,0,0,0.0,0.0,0.0,0,1,0,0,0,2026-08-19T06:19:11.631384+00:00,2026-08-19T06:19:59.159907+00:00
18,677,Deivid,7,FWD,45,0.452,0.9529,0.1,0.198,0.1088,0.0004,1,0,0,0,2026-08-19T06:19:11.631384+00:00,2026-08-19T06:19:59.159907+00:00
18,680,Beach,7,GKP,40,0,0,0.0,0.0,0.0,0,1,0,0,0,2026-08-19T06:19:11.631384+00:00,2026-08-19T06:19:59.159907+00:00
18,681,Diego Moreira,7,MID,45,0.4692,0.9234,0.1,0.198,0.1088,0.0,1,0,0,0,2026-08-19T06:19:11.631384+00:00,2026-08-19T06:19:59.159907+00:00
18,687,Petrović,7,GKP,45,2.304,1.9556,0.88,0.0048,0.8188,0.0,1,2,90,1,2026-08-19T06:19:11.631384+00:00,2026-08-19T06:19:59.159907+00:00
18,716,Gilchrist,7,DEF,40,0.474,1.1162,0.1,0.198,0.1088,0.0004,1,0,0,0,2026-08-19T06:19:11.631384+00:00,2026-08-19T06:19:59.159907+00:00
18,717,Stutter,7,FWD,45,0.4288,0.8857,0.1,0.198,0.1088,0.0,1,0,0,0,2026-08-19T06:19:11.631384+00:00,2026-08-19T06:19:59.159907+00:00
18,718,Matos,7,MID,45,0,0,0.0,0.0,0.0,0,1,0,0,0,2026-08-19T06:19:11.631384+00:00,2026-08-19T06:19:59.159907+00:00
18,723,Brooking,7,DEF,40,0.4536,1.0879,0.1,0.198,0.1088,0.0008,1,0,0,0,2026-08-19T06:19:11.631384+00:00,2026-08-19T06:19:59.159907+00:00
18,758,Castledine,7,MID,45,0.448,0.9137,0.1,0.198,0.1088,0.0,1,0,0,0,2026-08-19T06:19:11.631384+00:00,2026-08-19T06:19:59.159907+00:00
18,791,Casadei,7,MID,45,0.4504,0.909,0.1,0.198,0.1088,0.0,1,,,,2026-08-19T06:19:11.631384+00:00,
18,819,Samuels-Smith,7,DEF,40,0.4752,1.1155,0.1,0.198,0.1088,0.0004,1,,,,2026-08-19T06:19:11.631384+00:00,
18,820,Harrison,7,MID,45,0.4652,0.9254,0.1,0.198,0.1088,0.0004,1,,,,2026-08-19T06:19:11.631384+00:00,
18,830,Tauriainen,7,MID,45,0.4544,0.9463,0.1,0.198,0.1088,0.0004,1,,,,2026-08-19T06:19:11.631384+00:00,
18,838,Acheampong,7,DEF,40,0.4816,1.1609,0.1,0.198,0.1088,0.0,1,,,,2026-08-19T06:19:11.631384+00:00,
18,847,Sharman-Lowe,7,GKP,40,0.1408,0.6526,0.04,0.0384,0.0403,0.0,1,,,,2026-08-19T06:19:11.631384+00:00,
18,851,George,7,FWD,45,0.4344,0.892,0.1,0.198,0.1088,0.0,1,,,,2026-08-19T06:19:11.631384+00:00,
18,852,Dyer,7,MID,45,0.4584,0.9414,0.1,0.198,0.1088,0.0004,1,,,,2026-08-19T06:19:11.631384+00:00,
18,858,Curd,7,GKP,40,0.1448,0.7037,0.04,0.0384,0.0403,0.0,1,,,,2026-08-19T06:19:11.631384+00:00,
18,859,Sturge,7,DEF,40,0.4432,1.0225,0.1,0.198,0.1088,0.0004,1,,,,2026-08-19T06:19:11.631384+00:00,
18,7,Holding,8,DEF,43,0.5148,1.205,0.11,0.1958,0.118,0.0008,1,0,0,0,2026-08-19T06:19:11.631384+00:00,2026-08-19T06:19:59.159907+00:00
18,219,Ahamada,8,MID,43,0.4868,0.9694,0.1,0.198,0.1088,0.0,1,0,0,0,2026-08-19T06:19:11.631384+00:00,2026-08-19T06:19:59.159907+00:00
18,220,Andersen,8,DEF,50,2.6836,2.8639,0.68,0.0576,0.637,0.024,1,2,90,1,2026-08-19T06:19:11.631384+00:00,2026-08-19T06:19:59.159907+00:00
18,221,J.Ayew,8,MID,54,1.5808,2.0489,0.48,0.1144,0.4556,0.0068,1,8,69,1,2026-08-19T06:19:11.631384+00:00,2026-08-19T06:19:59.159907+00:00
18,222,Clyne,8,DEF,44,0.8304,1.5961,0.22,0.1716,0.2183,0.0004,1,2,90,1,2026-08-19T06:19:11.631384+00:00,2026-08-19T06:19:59.159907+00:00
18,223,C.Doucouré,8,MID,49,0,0,0.0,0.0,0.0,0,1,0,0,0,2026-08-19T06:19:11.631384+00:00,2026-08-19T06:19:59.159907+00:00
18,224,Ebiowei,8,MID,45,0,0,0.0,0.0,0.0,0,1,0,0,0,2026-08-19T06:19:11.631384+00:00,2026-08-19T06:19:59.159907+00:00
18,225,Edouard,8,FWD,54,1.9352,2.5379,0.48,0.1144,0.4556,0.0188,1,0,0,0,2026-08-19T06:19:11.631384+00:00,2026-08-19T06:19:59.159907+00:00
18,226,Eze,8,MID,60,2.1372,2.7914,0.48,0.1456,0.458,0.0268,1,1,20,0,2026-08-19T06:19:11.631384+00:00,2026-08-19T06:19:59.159907+00:00
18,227,Guaita,8,GKP,44,0,0,0.0,0.0,0.0,0,1,0,0,0,2026-08-19T06:19:11.631384+00:00,2026-08-19T06:19:59.159907+00:00
18,228,Guéhi,8,DEF,45,0.9472,1.8675,0.22,0.1716,0.2183,0.0044,1,2,90,1,2026-08-19T06:19:11.631384+00:00,2026-08-19T06:19:59.159907+00:00
18,229,Hughes,8,MID,49,0,0,0.0,0.0,0.0,0,1,0,58,1,2026-08-19T06:19:11.631384+00:00,2026-08-19T06:19:59.159907+00:00
18,230,Johnstone,8,GKP,46,0,0,0.0,0.0,0.0,0,1,0,0,0,2026-08-19T06:19:11.631384+00:00,2026-08-19T06:19:59.159907+00:00
18,231,Lerma,8,MID,47,1.6776,2.0889,0.48,0.1144,0.4556,0.0052,1,2,90,1,2026-08-19T06:19:11.631384+00:00,2026-08-19T06:19:59.159907+00:00
18,232,Mateta,8,FWD,49,1.2248,2.0028,0.28,0.1584,0.2731,0.0052,1,1,90,1,2026-08-19T06:19:11.631384+00:00,2026-08-19T06:19:59.159907+00:00
18,233,Matthews,8,GKP,39,0.1616,0.7588,0.04,0.0384,0.0403,0.0,1,0,0,0,2026-08-19T06:19:11.631384+00:00,2026-08-19T06:19:59.159907+00:00
18,234,Mitchell,8,DEF,47,2.5228,2.5616,0.68,0.0704,0.638,0.0128,1,1,90,1,2026-08-19T06:19:11.631384+00:00,2026-08-19T06:19:59.159907+00:00
18,235,O'Brien,8,DEF,40,0,0,0.0,0.0,0.0,0,1,0,0,0,2026-08-19T06:19:11.631384+00:00,2026-08-19T06:19:59.159907+00:00
18,236,Olise,8,MID,58,1.2348,1.9564,0.28,0.2016,0.2765,0.0076,1,6,90,1,2026-08-19T06:19:11.631384+00:00,2026-08-19T06:19:59.159907+00:00
18,237,Plange,8,FWD,45,0,0,0.0,0.0,0.0,0,1,0,0,0,2026-08-19T06:19:11.631384+00:00,2026-08-19T06:19:59.159907+00:00
18,238,C.Richards,8,DEF,39,0.822,1.5968,0.22,0.1716,0.2183,0.0024,1,2,90,1,2026-08-19T06:19:11.631384+00:00,2026-08-19T06:19:59.159907+00:00
18,239,Riedewald,8,MID,44,0.4676,0.9578,0.1,0.198,0.1088,0.0,1,0,0,0,2026-08-19T06:19:11.631384+00:00,2026-08-19T06:19:59.159907+00:00
18,240,Schlupp,8,MID,49,1.7108,2.057,0.48,0.1144,0.4556,0.0068,1,0,0,0,2026-08-19T06:19:11.631384+00:00,2026-08-19T06:19:59.159907+00:00
18,241,Tomkins,8,DEF,40,0.5352,1.2623,0.1,0.198,0.1088,0.0004,1,0,0,0,2026-08-19T06:19:11.631384+00:00,2026-08-19T06:19:59.159907+00:00
18,242,Ward,8,DEF,45,0.7692,1.601,0.22,0.1716,0.2183,0.0024,1,0,0,0,2026-08-19T06:19:11.631384+00:00,2026-08-19T06:19:59.159907+00:00
18,243,Whitworth,8,GKP,40,3.0244,2.2336,0.88,0.0048,0.8188,0.0012,1,0,0,0,2026-08-19T06:19:11.631384+00:00,2026-08-19T06:19:59.159907+00:00
18,385,Henderson,8,GKP,44,0.2712,1.1537,0.04,0.0384,0.0403,0.0012,1,2,90,1,2026-08-19T06:19:11.631384+00:00,2026-08-19T06:19:59.159907+00:00
18,615,Matheus França,8,MID,49,0,0,0.0,0.0,0.0,0,1,0,0,0,2026-08-19T06:19:11.631384+00:00,2026-08-19T06:19:59.159907+00:00
18,657,Rak-Sakyi,8,MID,45,0.4816,1.0566,0.1,0.198,0.1088,0.0008,1,0,0,0,2026-08-19T06:19:11.631384+00:00,2026-08-19T06:19:59.159907+00:00
18,658,Gordon,8,FWD,45,0,0,0.0,0.0,0.0,0,1,0,0,0,2026-08-19T06:19:11.631384+00:00,2026-08-19T06:19:59.159907+00:00
18,720,Ola-Adebomi,8,FWD,45,0,0,0.0,0.0,0.0,0,1,0,0,0,2026-08-19T06:19:11.631384+00:00,2026-08-19T06:19:59.159907+00:00
18,721,Ozoh,8,MID,45,0.498,0.9843,0.1,0.198,0.1088,0.0,1,0,31,0,2026-08-19T06:19:11.631384+00:00,2026-08-19T06:19:59.159907+00:00
18,724,Raymond,8,MID,45,0.482,1.0208,0.1,0.198,0.1088,0.0004,1,0,0,0,2026-08-19T06:19:11.631384+00:00,2026-08-19T06:19:59.159907+00:00
18,763,Adaramola,8,DEF,40,0,0,0.0,0.0,0.0,0,1,0,0,0,2026-08-19T06:19:11.631384+00:00,2026-08-19T06:19:59.159907+00:00
18,792,Muñoz,8,DEF,45,0.5664,1.3807,0.1,0.198,0.1088,0.002,1,,,,2026-08-19T06:19:11.631384+00:00,
18,807,Wharton,8,MID,50,0.7532,1.3929,0.18,0.1804,0.1818,0.0008,1,,,,2026-08-19T06:19:11.631384+00:00,
18,821,Umeh-Chibueze,8,FWD,45,0.462,0.9369,0.1,0.198,0.1088,0.0004,1,,,,2026-08-19T06:19:11.631384+00:00,
18,825,Rodney,8,MID,45,0.4972,0.9839,0.1,0.198,0.1088,0.0,1,,,,2026-08-19T06:19:11.631384+00:00,
18,842,Mathurin,8,MID,44,0.4776,0.9945,0.1,0.198,0.1088,0.0,1,,,,2026-08-19T06:19:11.631384+00:00,
18,244,André Gomes,9,MID,44,0.3456,0.7489,0.05,0.209,0.0632,0.0004,1,7,66,1,2026-08-19T06:19:11.631384+00:00,2026-08-19T06:19:59.159907+00:00
18,245,Branthwaite,9,DEF,41,0.7664,1.5123,0.22,0.1716,0.2183,0.002,1,1,90,1,2026-08-19T06:19:11.631384+00:00,2026-08-19T06:19:59.159907+00:00
18,246,Calvert-Lewin,9,FWD,58,1.9164,2.3986,0.48,0.1456,0.458,0.0204,1,2,90,1,2026-08-19T06:19:11.631384+00:00,2026-08-19T06:19:59.159907+00:00
18,247,Coleman,9,DEF,44,0.4552,1.036,0.1,0.198,0.1088,0.0004,1,0,0,0,2026-08-19T06:19:11.631384+00:00,2026-08-19T06:19:59.159907+00:00
18,248,Dele,9,MID,48,0,0,0.0,0.0,0.0,0,1,0,0,0,2026-08-19T06:19:11.631384+00:00,2026-08-19T06:19:59.159907+00:00
18,249,A.Doucoure,9,MID,56,2.8688,2.9257,0.68,0.0896,0.6396,0.0316,1,0,0,0,2026-08-19T06:19:11.631384+00:00,2026-08-19T06:19:59.159907+00:00
18,250,Garner,9,MID,49,1.5108,1.9749,0.48,0.1144,0.4556,0.0064,1,2,90,1,2026-08-19T06:19:11.631384+00:00,2026-08-19T06:19:59.159907+00:00
18,251,Gbamin,9,MID,44,0,0,0.0,0.0,0.0,0,1,0,0,0,2026-08-19T06:19:11.631384+00:00,2026-08-19T06:19:59.159907+00:00
18,252,Godfrey,9,DEF,43,0.5028,1.1441,0.1,0.198,0.1088,0.0,1,0,0,0,2026-08-19T06:19:11.631384+00:00,2026-08-19T06:19:59.159907+00:00
18,253,Gray,9,MID,53,0,0,0.0,0.0,0.0,0,1,0,0,0,2026-08-19T06:19:11.631384+00:00,2026-08-19T06:19:59.159907+00:00
18,254,Gana,9,MID,48,1.292,1.5836,0.48,0.1144,0.4556,0.002,1,0,23,0,2026-08-19T06:19:11.631384+00:00,2026-08-19T06:19:59.159907+00:00
18,257,Keane,9,DEF,43,0.7408,1.502,0.22,0.1716,0.2183,0.002,1,0,0,0,2026-08-19T06:19:11.631384+00:00,2026-08-19T06:19:59.159907+00:00
18,259,McNeil,9,MID,54,1.8444,2.1877,0.48,0.1144,0.4556,0.0072,1,2,90,1,2026-08-19T06:19:11.631384+00:00,2026-08-19T06:19:59.159907+00:00
18,260,Mykolenko,9,DEF,46,0,0,0.0,0.0,0.0,0,1,1,90,1,2026-08-19T06:19:11.631384+00:00,2026-08-19T06:19:59.159907+00:00
18,261,Onana,9,MID,47,1.536,1.8074,0.48,0.1144,0.4556,0.0024,1,1,78,1,2026-08-19T06:19:11.631384+00:00,2026-08-19T06:19:59.159907+00:00
18,262,Patterson,9,DEF,44,0,0,0.0,0.0,0.0,0,1,0,90,1,2026-08-19T06:19:11.631384+00:00,2026-08-19T06:19:59.159907+00:00
18,263,Pickford,9,GKP,44,2.9996,2.2213,0.9,0.004,0.8373,0.0028,1,2,90,1,2026-08-19T06:19:11.631384+00:00,2026-08-19T06:19:59.159907+00:00
18,264,Simms,9,FWD,45,0,0,0.0,0.0,0.0,0,1,0,0,0,2026-08-19T06:19:11.631384+00:00,2026-08-19T06:19:59.159907+00:00
18,265,Tarkowski,9,DEF,45,0.8664,1.7372,0.22,0.1404,0.2158,0.0024,1,1,90,1,2026-08-19T06:19:11.631384+00:00,2026-08-19T06:19:59.159907+00:00
18,266,J.Virginia,9,GKP,39,0.1736,0.7703,0.04,0.0384,0.0403,0.0,1,0,0,0,2026-08-19T06:19:11.631384+00:00,2026-08-19T06:19:59.159907+00:00
18,579,Lonergan,9,GKP,39,0.1448,0.6905,0.04,0.0384,0.0403,0.0,1,0,0,0,2026-08-19T06:19:11.631384+00:00,2026-08-19T06:19:59.159907+00:00
18,588,Young,9,DEF,44,0.7468,1.4801,0.22,0.1716,0.2183,0.0,1,0,0,0,2026-08-19T06:19:11.631384+00:00,2026-08-19T06:19:59.159907+00:00
18,601,Danjuma,9,MID,52,1.0104,1.724,0.28,0.1584,0.2731,0.0048,1,1,24,0,2026-08-19T06:19:11.631384+00:00,2026-08-19T06:19:59.159907+00:00
18,624,Dobbin,9,MID,45,0.44,0.9128,0.1,0.198,0.1088,0.0,1,0,0,0,2026-08-19T06:19:11.631384+00:00,2026-08-19T06:19:59.159907+00:00
18,645,Y. Chermiti,9,FWD,48,0.6096,1.1013,0.18,0.1804,0.1818,0.0008,1,0,0,0,2026-08-19T06:19:11.631384+00:00,2026-08-19T06:19:59.159907+00:00
18,649,Cannon,9,FWD,45,0,0,0.0,0.0,0.0,0,1,0,0,0,2026-08-19T06:19:11.631384+00:00,2026-08-19T06:19:59.159907+00:00
18,650,Onyango,9,MID,45,0.4504,0.9037,0.1,0.198,0.1088,0.0004,1,0,0,0,2026-08-19T06:19:11.631384+00:00,2026-08-19T06:19:59.159907+00:00
18,661,Harrison,9,MID,55,0,0,0.0,0.0,0.0,0,1,2,65,1,2026-08-19T06:19:11.631384+00:00,2026-08-19T06:19:59.159907+00:00
18,691,Beto,9,FWD,57,1.0032,1.5847,0.28,0.2016,0.2765,0.0048,1,1,11,0,2026-08-19T06:19:11.631384+00:00,2026-08-19T06:19:59.159907+00:00
18,719,Hunt,9,MID,45,0.4612,0.9364,0.1,0.198,0.1088,0.0004,1,0,0,0,2026-08-19T06:19:11.631384+00:00,2026-08-19T06:19:59.159907+00:00
18,760,Metcalfe,9,MID,45,0.4392,0.8963,0.1,0.198,0.1088,0.0,1,0,0,0,2026-08-19T06:19:11.631384+00:00,2026-08-19T06:19:59.159907+00:00
18,761,Campbell,9,DEF,40,0,0,0.0,0.0,0.0,0,1,0,0,0,2026-08-19T06:19:11.631384+00:00,2026-08-19T06:19:59.159907+00:00
18,841,Warrington,9,MID,45,0.4632,0.9249,0.1,0.198,0.1088,0.0,1,,,,2026-08-19T06:19:11.631384+00:00,
18,863,Crellin,9,GKP,40,0.1524,0.7237,0.04,0.0384,0.0403,0.0008,1,,,,2026-08-19T06:19:11.631384+00:00,
18,193,Broja,10,FWD,49,0.9984,1.6113,0.28,0.1584,0.2731,0.0052,1,1,58,1,2026-08-19T06:19:11.631384+00:00,2026-08-19T06:19:59.159907+00:00
18,256,Iwobi,10,MID,53,2.014,2.5313,0.48,0.1144,0.4556,0.0144,1,2,90,1,2026-08-19T06:19:11.631384+00:00,2026-08-19T06:19:59.159907+00:00
18,267,Andreas,10,MID,53,1.7912,2.1676,0.48,0.1144,0.4556,0.008,1,2,64,1,2026-08-19T06:19:11.631384+00:00,2026-08-19T06:19:59.159907+00:00
18,268,Cairney,10,MID,49,1.0696,1.6219,0.28,0.1584,0.2731,0.0024,1,2,90,1,2026-08-19T06:19:11.631384+00:00,2026-08-19T06:19:59.159907+00:00
18,269,I.Cavaleiro,10,MID,50,0,0,0.0,0.0,0.0,0,1,0,0,0,2026-08-19T06:19:11.631384+00:00,2026-08-19T06:19:59.159907+00:00
18,270,De Cordova-Reid,10,MID,54,1.832,2.367,0.48,0.1144,0.4556,0.0124,1,1,25,0,2026-08-19T06:19:11.631384+00:00,2026-08-19T06:19:59.159907+00:00
18,271,Diop,10,DEF,44,0.8324,1.6557,0.22,0.1716,0.2183,0.002,1,0,0,0,2026-08-19T06:19:11.631384+00:00,2026-08-19T06:19:59.159907+00:00
18,272,Francois,10,MID,44,0,0,0.0,0.0,0.0,0,1,0,0,0,2026-08-19T06:19:11.631384+00:00,2026-08-19T06:19:59.159907+00:00
18,273,Knockaert,10,MID,44,0,0,0.0,0.0,0.0,0,1,0,0,0,2026-08-19T06:19:11.631384+00:00,2026-08-19T06:19:59.159907+00:00
18,274,Kongolo,10,DEF,40,0,0,0.0,0.0,0.0,0,1,0,0,0,2026-08-19T06:19:11.631384+00:00,2026-08-19T06:19:59.159907+00:00
18,275,Leno,10,GKP,48,4.1196,2.5298,0.9,0.008,0.8376,0.0152,1,1,90,1,2026-08-19T06:19:11.631384+00:00,2026-08-19T06:19:59.159907+00:00
18,276,Lukić,10,MID,43,0,0,0.0,0.0,0.0,0,1,0,0,0,2026-08-19T06:19:11.631384+00:00,2026-08-19T06:19:59.159907+00:00
18,277,Mbabu,10,DEF,40,0,0,0.0,0.0,0.0,0,1,0,0,0,2026-08-19T06:19:11.631384+00:00,2026-08-19T06:19:59.159907+00:00
18,278,Mitrović,10,FWD,74,0,0,0.0,0.0,0.0,0,1,0,0,0,2026-08-19T06:19:11.631384+00:00,2026-08-19T06:19:59.159907+00:00
18,279,Muniz,10,FWD,44,0.5024,1.0404,0.1,0.198,0.1088,0.0004,1,2,63,1,2026-08-19T06:19:11.631384+00:00,2026-08-19T06:19:59.159907+00:00
18,280,J.Palhinha,10,MID,50,1.5336,1.8624,0.48,0.1144,0.4556,0.0032,1,1,81,1,2026-08-19T06:19:11.631384+00:00,2026-08-19T06:19:59.159907+00:00
18,281,Ream,10,DEF,45,0.9428,1.8225,0.22,0.1716,0.2183,0.0036,1,0,0,0,2026-08-19T06:19:11.631384+00:00,2026-08-19T06:19:59.159907+00:00
18,282,Reed,10,MID,46,1.3092,1.529,0.48,0.1144,0.4556,0.0012,1,1,8,0,2026-08-19T06:19:11.631384+00:00,2026-08-19T06:19:59.159907+00:00
18,283,Robinson,10,DEF,44,0.8984,1.7962,0.22,0.1716,0.2183,0.004,1,1,81,1,2026-08-19T06:19:11.631384+00:00,2026-08-19T06:19:59.159907+00:00
18,284,Rodák,10,GKP,39,0.1828,0.8193,0.04,0.0384,0.0403,0.0,1,0,0,0,2026-08-19T06:19:11.631384+00:00,2026-08-19T06:19:59.159907+00:00
18,285,Tete,10,DEF,44,0.7988,1.6505,0.22,0.1716,0.2183,0.0032,1,0,0,0,2026-08-19T06:19:11.631384+00:00,2026-08-19T06:19:59.159907+00:00
18,286,Tosin,10,DEF,43,0.8148,1.5732,0.22,0.1716,0.2183,0.0004,1,1,90,1,2026-08-19T06:19:11.631384+00:00,2026-08-19T06:19:59.159907+00:00
18,287,Vinícius,10,FWD,47,0,0,0.0,0.0,0.0,0,1,1,26,0,2026-08-19T06:19:11.631384+00:00,2026-08-19T06:19:59.159907+00:00
18,288,Wilson,10,MID,53,1.6736,2.0825,0.48,0.1144,0.4556,0.0072,1,2,90,1,2026-08-19T06:19:11.631384+00:00,2026-08-19T06:19:59.159907+00:00
18,558,Raúl,10,FWD,53,1.9164,2.3859,0.48,0.1144,0.4556,0.0144,1,0,0,0,2026-08-19T06:19:11.631384+00:00,2026-08-19T06:19:59.159907+00:00
18,591,Willian,10,MID,53,2.1768,2.7235,0.48,0.1144,0.4556,0.0208,1,0,0,0,2026-08-19T06:19:11.631384+00:00,2026-08-19T06:19:59.159907+00:00
18,610,Bassey,10,DEF,44,0.848,1.535,0.22,0.1716,0.2183,0.0004,1,0,90,1,2026-08-19T06:19:11.631384+00:00,2026-08-19T06:19:59.159907+00:00
18,625,De Fougerolles,10,DEF,40,0.4968,1.192,0.1,0.198,0.1088,0.0004,1,0,0,0,2026-08-19T06:19:11.631384+00:00,2026-08-19T06:19:59.159907+00:00
18,651,Stansfield,10,FWD,45,0,0,0.0,0.0,0.0,0,1,0,0,0,2026-08-19T06:19:11.631384+00:00,2026-08-19T06:19:59.159907+00:00
18,652,Dibley-Dias,10,MID,45,0.5092,1.0288,0.1,0.198,0.1088,0.0004,1,0,0,0,2026-08-19T06:19:11.631384+00:00,2026-08-19T06:19:59.159907+00:00
18,662,Adama,10,MID,49,0.6936,1.2704,0.18,0.1804,0.1818,0.0004,1,0,0,0,2026-08-19T06:19:11.631384+00:00,2026-08-19T06:19:59.159907+00:00
18,683,Harris,10,MID,45,0,0,0.0,0.0,0.0,0,1,0,0,0,2026-08-19T06:19:11.631384+00:00,2026-08-19T06:19:59.159907+00:00
18,688,Castagne,10,DEF,45,0.9052,1.6668,0.22,0.1716,0.2183,0.0012,1,1,90,1,2026-08-19T06:19:11.631384+00:00,2026-08-19T06:19:59.159907+00:00
18,692,Benda,10,GKP,40,0.168,0.7499,0.04,0.0384,0.0403,0.0,1,0,0,0,2026-08-19T06:19:11.631384+00:00,2026-08-19T06:19:59.159907+00:00
18,707,Ballo-Touré,10,DEF,45,0.5176,1.226,0.1,0.198,0.1088,0.0012,1,1,8,0,2026-08-19T06:19:11.631384+00:00,2026-08-19T06:19:59.159907+00:00
18,732,Tanton,10,DEF,40,0.5108,1.2192,0.1,0.198,0.1088,0.0004,1,0,0,0,2026-08-19T06:19:11.631384+00:00,2026-08-19T06:19:59.159907+00:00
18,796,Sekularac,10,MID,44,0.4904,1.0035,0.1,0.198,0.1088,0.0004,1,,,,2026-08-19T06:19:11.631384+00:00,
18,810,King,10,MID,45,0.4852,0.9657,0.1,0.198,0.1088,0.0,1,,,,2026-08-19T06:19:11.631384+00:00,
18,289,Adrián,11,GKP,39,0.16,0.768,0.04,0.0384,0.0403,0.0,1,0,0,0,2026-08-19T06:19:11.631384+00:00,2026-08-19T06:19:59.159907+00:00
18,290,Alexander-Arnold,11,DEF,82,2.4464,3.0801,0.48,0.1456,0.458,0.032,1,5,90,1,2026-08-19T06:19:11.631384+00:00,2026-08-19T06:19:59.159907+00:00
18,291,A.Becker,11,GKP,56,3.7136,2.3877,0.9,0.008,0.8376,0.0048,1,2,90,1,2026-08-19T06:19:11.631384+00:00,2026-08-19T06:19:59.159907+00:00
18,292,Bajcetic,11,MID,47,0.8728,1.4737,0.28,0.1584,0.2731,0.0016,1,0,0,0,2026-08-19T06:19:11.631384+00:00,2026-08-19T06:19:59.159907+00:00
18,293,Darwin,11,FWD,75,2.3492,2.9821,0.48,0.1456,0.458,0.0376,1,1,22,0,2026-08-19T06:19:11.631384+00:00,2026-08-19T06:19:59.159907+00:00
18,294,Diogo J.,11,MID,77,2.3156,2.8883,0.48,0.1456,0.458,0.0276,1,0,0,0,2026-08-19T06:19:11.631384+00:00,2026-08-19T06:19:59.159907+00:00
18,295,Elliott,11,MID,48,1.0364,1.6631,0.28,0.1584,0.2731,0.0028,1,1,22,0,2026-08-19T06:19:11.631384+00:00,2026-08-19T06:19:59.159907+00:00
18,296,Fabinho,11,MID,50,0,0,0.0,0.0,0.0,0,1,0,0,0,2026-08-19T06:19:11.631384+00:00,2026-08-19T06:19:59.159907+00:00
18,297,Gakpo,11,FWD,72,1.3464,2.1913,0.28,0.2016,0.2765,0.0136,1,2,67,1,2026-08-19T06:19:11.631384+00:00,2026-08-19T06:19:59.159907+00:00
18,298,Gomez,11,DEF,45,0.8632,1.7091,0.22,0.1716,0.2183,0.0024,1,1,55,1,2026-08-19T06:19:11.631384+00:00,2026-08-19T06:19:59.159907+00:00
18,299,Henderson,11,MID,50,0,0,0.0,0.0,0.0,0,1,0,0,0,2026-08-19T06:19:11.631384+00:00,2026-08-19T06:19:59.159907+00:00
18,300,Jones,11,MID,49,0.9504,1.4683,0.28,0.1584,0.2731,0.0008,1,2,67,1,2026-08-19T06:19:11.631384+00:00,2026-08-19T06:19:59.159907+00:00
18,301,Kelleher,11,GKP,38,0.1684,0.7799,0.04,0.0384,0.0403,0.0,1,0,0,0,2026-08-19T06:19:11.631384+00:00,2026-08-19T06:19:59.159907+00:00
18,302,Konaté,11,DEF,49,0.988,1.7651,0.28,0.1584,0.2731,0.0016,1,2,90,1,2026-08-19T06:19:11.631384+00:00,2026-08-19T06:19:59.159907+00:00
18,303,Luis Díaz,11,MID,74,2.1896,2.8504,0.48,0.1456,0.458,0.024,1,2,67,1,2026-08-19T06:19:11.631384+00:00,2026-08-19T06:19:59.159907+00:00
18,304,Mac Allister,11,MID,58,1.5216,1.8001,0.48,0.1456,0.458,0.004,1,0,0,0,2026-08-19T06:19:11.631384+00:00,2026-08-19T06:19:59.159907+00:00
18,305,Matip,11,DEF,49,0,0,0.0,0.0,0.0,0,1,0,0,0,2026-08-19T06:19:11.631384+00:00,2026-08-19T06:19:59.159907+00:00
18,306,Phillips,11,DEF,40,0,0,0.0,0.0,0.0,0,1,0,0,0,2026-08-19T06:19:11.631384+00:00,2026-08-19T06:19:59.159907+00:00
18,307,Robertson,11,DEF,64,1.8928,2.4853,0.48,0.1456,0.458,0.0108,1,0,0,0,2026-08-19T06:19:11.631384+00:00,2026-08-19T06:19:59.159907+00:00
18,308,Salah,11,MID,132,5.012,4.777,0.68,0.0896,0.6396,0.1688,1,7,90,1,2026-08-19T06:19:11.631384+00:00,2026-08-19T06:19:59.159907+00:00
18,309,Szoboszlai,11,MID,71,2.8512,2.5987,0.68,0.0896,0.6396,0.0212,1,2,90,1,2026-08-19T06:19:11.631384+00:00,2026-08-19T06:19:59.159907+00:00
18,310,Thiago,11,MID,48,0.7908,1.2584,0.24,0.1672,0.2366,0.0,1,0,0,0,2026-08-19T06:19:11.631384+00:00,2026-08-19T06:19:59.159907+00:00
18,311,Tsimikas,11,DEF,49,1.278,2.1049,0.28,0.1584,0.2731,0.0048,1,1,34,0,2026-08-19T06:19:11.631384+00:00,2026-08-19T06:19:59.159907+00:00
18,312,Van den Berg,11,DEF,40,0,0,0.0,0.0,0.0,0,1,0,0,0,2026-08-19T06:19:11.631384+00:00,2026-08-19T06:19:59.159907+00:00
18,313,Virgil,11,DEF,62,2.1468,2.7512,0.48,0.1456,0.458,0.0184,1,2,90,1,2026-08-19T06:19:11.631384+00:00,2026-08-19T06:19:59.159907+00:00
18,626,Quansah,11,DEF,40,0.5092,1.1799,0.1,0.198,0.1088,0.0008,1,0,0,0,2026-08-19T06:19:11.631384+00:00,2026-08-19T06:19:59.159907+00:00
18,627,Clark,11,MID,44,0.4848,1.0039,0.1,0.198,0.1088,0.0008,1,0,0,0,2026-08-19T06:19:11.631384+00:00,2026-08-19T06:19:59.159907+00:00
18,628,Doak,11,MID,44,0,0,0.0,0.0,0.0,0,1,0,0,0,2026-08-19T06:19:11.631384+00:00,2026-08-19T06:19:59.159907+00:00
18,629,McConnell,11,MID,44,0.4712,0.9423,0.1,0.198,0.1088,0.0004,1,0,0,0,2026-08-19T06:19:11.631384+00:00,2026-08-19T06:19:59.159907+00:00
18,668,Endo,11,MID,54,0.9444,1.5312,0.28,0.1584,0.2731,0.0016,1,1,90,1,2026-08-19T06:19:11.631384+00:00,2026-08-19T06:19:59.159907+00:00
18,708,Gravenberch,11,MID,50,1.0664,1.781,0.28,0.1584,0.2731,0.006,1,1,22,0,2026-08-19T06:19:11.631384+00:00,2026-08-19T06:19:59.159907+00:00
18,726,Chambers,11,DEF,40,0,0,0.0,0.0,0.0,0,1,0,0,0,2026-08-19T06:19:11.631384+00:00,2026-08-19T06:19:59.159907+00:00
18,728,Scanlon,11,DEF,40,0.518,1.2302,0.1,0.198,0.1088,0.0004,1,0,0,0,2026-08-19T06:19:11.631384+00:00,2026-08-19T06:19:59.159907+00:00
18,743,Nyoni,11,MID,45,0.4316,0.9011,0.1,0.198,0.1088,0.0004,1,0,0,0,2026-08-19T06:19:11.631384+00:00,2026-08-19T06:19:59.159907+00:00
18,756,Pitaluga,11,GKP,40,0,0,0.0,0.0,0.0,0,1,0,0,0,2026-08-19T06:19:11.631384+00:00,2026-08-19T06:19:59.159907+00:00
18,757,Bradley,11,DEF,40,0.494,1.264,0.1,0.198,0.1088,0.0016,1,0,0,0,2026-08-19T06:19:11.631384+00:00,2026-08-19T06:19:59.159907+00:00
18,782,Beck,11,DEF,45,0,0,0.0,0.0,0.0,0,1,,,,2026-08-19T06:19:11.631384+00:00,
18,783,Gordon,11,MID,45,0.4844,0.9959,0.1,0.198,0.1088,0.0004,1,,,,2026-08-19T06:19:11.631384+00:00,
18,812,Koumas,11,FWD,45,0.466,0.9958,0.1,0.198,0.1088,0.0004,1,,,,2026-08-19T06:19:11.631384+00:00,
18,813,Mrozek,11,GKP,40,0.1764,0.826,0.04,0.0384,0.0403,0.0,1,,,,2026-08-19T06:19:11.631384+00:00,
18,824,Danns,11,FWD,43,0.434,0.9053,0.1,0.198,0.1088,0.0,1,,,,2026-08-19T06:19:11.631384+00:00,
18,837,Nallo,11,DEF,40,0.498,1.2156,0.1,0.198,0.1088,0.0012,1,,,,2026-08-19T06:19:11.631384+00:00,
18,21,Sambi,12,MID,49,0.6892,1.2252,0.18,0.1804,0.1818,0.0004,1,3,79,1,2026-08-19T06:19:11.631384+00:00,2026-08-19T06:19:59.159907+00:00
18,52,Nakamba,12,MID,44,0,0,0.0,0.0,0.0,0,1,0,0,0,2026-08-19T06:19:11.631384+00:00,2026-08-19T06:19:59.159907+00:00
18,314,Adebayo,12,FWD,48,1.0728,1.7366,0.28,0.1584,0.2731,0.004,1,2,79,1,2026-08-19T06:19:11.631384+00:00,2026-08-19T06:19:59.159907+00:00
18,315,Andersen,12,DEF,39,0.524,1.1925,0.11,0.1958,0.118,0.0004,1,1,14,0,2026-08-19T06:19:11.631384+00:00,2026-08-19T06:19:59.159907+00:00
18,316,Bell,12,DEF,39,0,0,0.0,0.0,0.0,0,1,7,75,1,2026-08-19T06:19:11.631384+00:00,2026-08-19T06:19:59.159907+00:00
18,317,Berry,12,MID,47,0.6648,1.2038,0.18,0.1804,0.1818,0.0,1,0,0,0,2026-08-19T06:19:11.631384+00:00,2026-08-19T06:19:59.159907+00:00
18,318,Burke,12,DEF,40,0,0,0.0,0.0,0.0,0,1,0,0,0,2026-08-19T06:19:11.631384+00:00,2026-08-19T06:19:59.159907+00:00
18,319,Campbell,12,MID,49,0,0,0.0,0.0,0.0,0,1,0,0,0,2026-08-19T06:19:11.631384+00:00,2026-08-19T06:19:59.159907+00:00
18,320,Clark,12,MID,48,0.662,1.2111,0.18,0.1804,0.1818,0.0004,1,0,0,0,2026-08-19T06:19:11.631384+00:00,2026-08-19T06:19:59.159907+00:00
18,321,Doughty,12,DEF,44,1.0152,1.9147,0.22,0.1716,0.2183,0.0032,1,9,90,1,2026-08-19T06:19:11.631384+00:00,2026-08-19T06:19:59.159907+00:00
18,322,Freeman,12,MID,49,0,0,0.0,0.0,0.0,0,1,0,0,0,2026-08-19T06:19:11.631384+00:00,2026-08-19T06:19:59.159907+00:00
18,323,Macey,12,GKP,40,0,0,0.0,0.0,0.0,0,1,0,0,0,2026-08-19T06:19:11.631384+00:00,2026-08-19T06:19:59.159907+00:00
18,324,McAtee,12,FWD,45,0,0,0.0,0.0,0.0,0,1,0,0,0,2026-08-19T06:19:11.631384+00:00,2026-08-19T06:19:59.159907+00:00
18,325,Mendes,12,MID,45,0,0,0.0,0.0,0.0,0,1,0,0,0,2026-08-19T06:19:11.631384+00:00,2026-08-19T06:19:59.159907+00:00
18,326,Morris,12,FWD,51,1.9096,2.4147,0.48,0.1144,0.4556,0.0152,1,1,10,0,2026-08-19T06:19:11.631384+00:00,2026-08-19T06:19:59.159907+00:00
18,327,Muskwe,12,FWD,45,0,0,0.0,0.0,0.0,0,1,0,0,0,2026-08-19T06:19:11.631384+00:00,2026-08-19T06:19:59.159907+00:00
18,328,Ogbene,12,FWD,49,1.5296,1.7625,0.48,0.1144,0.4556,0.0024,1,1,9,0,2026-08-19T06:19:11.631384+00:00,2026-08-19T06:19:59.159907+00:00
18,329,Onyedinma,12,MID,50,0.7172,1.3628,0.18,0.1804,0.1818,0.0016,1,0,0,0,2026-08-19T06:19:11.631384+00:00,2026-08-19T06:19:59.159907+00:00
18,330,Osho,12,DEF,44,0.772,1.5129,0.22,0.1716,0.2183,0.002,1,6,90,1,2026-08-19T06:19:11.631384+00:00,2026-08-19T06:19:59.159907+00:00
18,331,Pepple,12,FWD,45,0,0,0.0,0.0,0.0,0,1,0,0,0,2026-08-19T06:19:11.631384+00:00,2026-08-19T06:19:59.159907+00:00
18,332,Pereira,12,MID,44,0,0,0.0,0.0,0.0,0,1,0,0,0,2026-08-19T06:19:11.631384+00:00,2026-08-19T06:19:59.159907+00:00
18,333,Potts,12,DEF,39,0.3672,0.9736,0.05,0.209,0.0632,0.0004,1,0,0,0,2026-08-19T06:19:11.631384+00:00,2026-08-19T06:19:59.159907+00:00
18,334,Rea,12,MID,44,0,0,0.0,0.0,0.0,0,1,0,0,0,2026-08-19T06:19:11.631384+00:00,2026-08-19T06:19:59.159907+00:00
18,335,Shea,12,GKP,43,0.1692,0.791,0.04,0.0384,0.0403,0.0,1,0,0,0,2026-08-19T06:19:11.631384+00:00,2026-08-19T06:19:59.159907+00:00
18,336,Taylor,12,FWD,45,0,0,0.0,0.0,0.0,0,1,0,0,0,2026-08-19T06:19:11.631384+00:00,2026-08-19T06:19:59.159907+00:00
18,337,Thorpe,12,MID,45,0,0,0.0,0.0,0.0,0,1,0,0,0,2026-08-19T06:19:11.631384+00:00,2026-08-19T06:19:59.159907+00:00
18,338,Walton,12,GKP,40,0,0,0.0,0.0,0.0,0,1,0,0,0,2026-08-19T06:19:11.631384+00:00,2026-08-19T06:19:59.159907+00:00
18,339,Watson,12,MID,44,0,0,0.0,0.0,0.0,0,1,0,0,0,2026-08-19T06:19:11.631384+00:00,2026-08-19T06:19:59.159907+00:00
18,340,Woodrow,12,FWD,44,0.482,1.0098,0.1,0.198,0.1088,0.0,1,0,0,0,2026-08-19T06:19:11.631384+00:00,2026-08-19T06:19:59.159907+00:00
18,393,Mengi,12,DEF,39,0.8956,1.6522,0.22,0.1716,0.2183,0.0008,1,5,90,1,2026-08-19T06:19:11.631384+00:00,2026-08-19T06:19:59.159907+00:00
18,553,Giles,12,DEF,43,0,0,0.0,0.0,0.0,0,1,1,45,1,2026-08-19T06:19:11.631384+00:00,2026-08-19T06:19:59.159907+00:00
18,575,Lockyer,12,DEF,43,0,0,0.0,0.0,0.0,0,1,0,0,0,2026-08-19T06:19:11.631384+00:00,2026-08-19T06:19:59.159907+00:00
18,582,Mpanzu,12,MID,47,1.5304,1.826,0.48,0.1144,0.4556,0.0028,1,1,10,0,2026-08-19T06:19:11.631384+00:00,2026-08-19T06:19:59.159907+00:00
18,586,Chong,12,MID,48,0.8864,1.4926,0.28,0.1584,0.2731,0.0016,1,0,0,0,2026-08-19T06:19:11.631384+00:00,2026-08-19T06:19:59.159907+00:00
18,602,Kaboré,12,DEF,40,0,0,0.0,0.0,0.0,0,1,1,45,1,2026-08-19T06:19:11.631384+00:00,2026-08-19T06:19:59.159907+00:00
18,614,Kaminski,12,GKP,45,3.362,2.2953,0.9,0.004,0.8373,0.0,1,6,90,1,2026-08-19T06:19:11.631384+00:00,2026-08-19T06:19:59.159907+00:00
18,630,Barkley,12,MID,49,0,0,0.0,0.0,0.0,0,1,5,90,1,2026-08-19T06:19:11.631384+00:00,2026-08-19T06:19:59.159907+00:00
18,631,Brown,12,FWD,49,0,0,0.0,0.0,0.0,0,1,2,90,1,2026-08-19T06:19:11.631384+00:00,2026-08-19T06:19:59.159907+00:00
18,648,Francis-Clarke,12,DEF,40,0,0,0.0,0.0,0.0,0,1,0,0,0,2026-08-19T06:19:11.631384+00:00,2026-08-19T06:19:59.159907+00:00
18,665,Krul,12,GKP,44,0.1416,0.65,0.04,0.0384,0.0403,0.0,1,0,0,0,2026-08-19T06:19:11.631384+00:00,2026-08-19T06:19:59.159907+00:00
18,682,Johnson,12,DEF,40,0.5348,1.2572,0.1,0.198,0.1088,0.0008,1,0,0,0,2026-08-19T06:19:11.631384+00:00,2026-08-19T06:19:59.159907+00:00
18,727,Townsend,12,MID,50,0.9696,1.459,0.28,0.1584,0.2731,0.0004,1,11,80,1,2026-08-19T06:19:11.631384+00:00,2026-08-19T06:19:59.159907+00:00
18,729,Luker,12,MID,45,0,0,0.0,0.0,0.0,0,1,0,0,0,2026-08-19T06:19:11.631384+00:00,2026-08-19T06:19:59.159907+00:00
18,734,Nelson,12,MID,45,0.4756,0.9445,0.1,0.198,0.1088,0.0004,1,0,0,0,2026-08-19T06:19:11.631384+00:00,2026-08-19T06:19:59.159907+00:00
18,798,Hashioka,12,DEF,40,0.482,1.1397,0.1,0.198,0.1088,0.0004,1,,,,2026-08-19T06:19:11.631384+00:00,
18,831,Piesold,12,MID,45,0.4752,1.0128,0.1,0.198,0.1088,0.0008,1,,,,2026-08-19T06:19:11.631384+00:00,
18,839,Martins,12,MID,45,0.4804,0.9788,0.1,0.198,0.1088,0.0004,1,,,,2026-08-19T06:19:11.631384+00:00,
18,844,Chigozie,12,DEF,40,0.512,1.2627,0.1,0.198,0.1088,0.0008,1,,,,2026-08-19T06:19:11.631384+00:00,
18,848,Harris,12,FWD,45,0.4572,0.9367,0.1,0.198,0.1088,0.0,1,,,,2026-08-19T06:19:11.631384+00:00,
18,341,Akanji,13,DEF,50,0,0,0.48,0.1144,0.4556,0,0,,,,2026-08-19T06:19:11.631384+00:00,
18,342,Aké,13,DEF,50,0,0,0.48,0.1144,0.4556,0,0,,,,2026-08-19T06:19:11.631384+00:00,
18,343,J.Alvarez,13,FWD,64,0,0,0.68,0.0896,0.6396,0,0,,,,2026-08-19T06:19:11.631384+00:00,
18,344,Bernardo,13,MID,62,0,0,0.48,0.1456,0.458,0,0,,,,2026-08-19T06:19:11.631384+00:00,
18,345,Bobb,13,MID,44,0,0,0.1,0.198,0.1088,0,0,,,,2026-08-19T06:19:11.631384+00:00,
18,346,Cancelo,13,DEF,58,0,0,0.0,0.0,0.0,0,0,,,,2026-08-19T06:19:11.631384+00:00,
18,347,Carson,13,GKP,38,0,0,0.04,0.0384,0.0403,0,0,,,,2026-08-19T06:19:11.631384+00:00,
18,348,Charles,13,MID,45,0,0,0.0,0.0,0.0,0,0,,,,2026-08-19T06:19:11.631384+00:00,
18,349,De Bruyne,13,MID,106,0,0,0.72,0.0784,0.6759,0,0,,,,2026-08-19T06:19:11.631384+00:00,
18,350,Rúben,13,DEF,55,0,0,0.48,0.1456,0.458,0,0,,,,2026-08-19T06:19:11.631384+00:00,
18,352,Ederson M.,13,GKP,55,0,0,0.0,0.0,0.0,0,0,,,,2026-08-19T06:19:11.631384+00:00,
18,353,Foden,13,MID,85,0,0,0.48,0.1456,0.458,0,0,,,,2026-08-19T06:19:11.631384+00:00,
18,354,Grealish,13,MID,72,0,0,0.28,0.2016,0.2765,0,0,,,,2026-08-19T06:19:11.631384+00:00,
18,355,Haaland,13,FWD,143,0,0,0.48,0.1456,0.458,0,0,,,,2026-08-19T06:19:11.631384+00:00,
18,356,Kovačić,13,MID,46,0,0,0.28,0.1584,0.2731,0,0,,,,2026-08-19T06:19:11.631384+00:00,
18,357,Laporte,13,DEF,49,0,0,0.0,0.0,0.0,0,0,,,,2026-08-19T06:19:11.631384+00:00,
18,358,R.Lewis,13,DEF,42,0,0,0.22,0.1716,0.2183,0,0,,,,2026-08-19T06:19:11.631384+00:00,
18,359,Mahrez,13,MID,75,0,0,0.0,0.0,0.0,0,0,,,,2026-08-19T06:19:11.631384+00:00,
18,361,Ortega Moreno,13,GKP,36,0,0,0.88,0.0048,0.8188,0,0,,,,2026-08-19T06:19:11.631384+00:00,
18,363,Perrone,13,MID,44,0,0,0.0,0.0,0.0,0,0,,,,2026-08-19T06:19:11.631384+00:00,
18,365,Rodrigo,13,MID,56,0,0,0.48,0.1456,0.458,0,0,,,,2026-08-19T06:19:11.631384+00:00,
18,366,Sergio Gómez,13,DEF,38,0,0,0.1,0.198,0.1088,0,0,,,,2026-08-19T06:19:11.631384+00:00,
18,367,Steffen,13,GKP,39,0,0,0.0,0.0,0.0,0,0,,,,2026-08-19T06:19:11.631384+00:00,
18,368,Stones,13,DEF,53,0,0,0.28,0.1584,0.2731,0,0,,,,2026-08-19T06:19:11.631384+00:00,
18,369,Walker,13,DEF,55,0,0,0.68,0.0576,0.637,0,0,,,,2026-08-19T06:19:11.631384+00:00,
18,566,Matheus N.,13,MID,47,0,0,0.28,0.1584,0.2731,0,0,,,,2026-08-19T06:19:11.631384+00:00,
18,616,Gvardiol,13,DEF,52,0,0,0.48,0.1144,0.4556,0,0,,,,2026-08-19T06:19:11.631384+00:00,
18,678,Doku,13,MID,64,0,0,0.48,0.1456,0.458,0,0,,,,2026-08-19T06:19:11.631384+00:00,
18,762,Susoho,13,MID,45,0,0,0.1,0.198,0.1088,0,0,,,,2026-08-19T06:19:11.631384+00:00,
18,771,Hamilton,13,MID,45,0,0,0.1,0.198,0.1088,0,0,,,,2026-08-19T06:19:11.631384+00:00,
18,814,Wright,13,MID,45,0,0,0.1,0.198,0.1088,0,0,,,,2026-08-19T06:19:11.631384+00:00,
18,209,Mount,14,MID,68,0.6652,1.2643,0.14,0.2408,0.1495,0.0012,1,0,0,0,2026-08-19T06:19:11.631384+00:00,2026-08-19T06:19:59.159907+00:00
18,370,Alex Telles,14,DEF,45,0,0,0.0,0.0,0.0,0,1,0,0,0,2026-08-19T06:19:11.631384+00:00,2026-08-19T06:19:59.159907+00:00
18,371,Amad,14,MID,44,0.4896,1.0011,0.1,0.198,0.1088,0.0,1,0,0,0,2026-08-19T06:19:11.631384+00:00,2026-08-19T06:19:59.159907+00:00
18,372,Antony,14,MID,68,1.5644,2.0645,0.48,0.1456,0.458,0.0072,1,2,72,1,2026-08-19T06:19:11.631384+00:00,2026-08-19T06:19:59.159907+00:00
18,373,B.Fernandes,14,MID,82,3.1532,3.1392,0.68,0.0896,0.6396,0.0476,1,1,90,1,2026-08-19T06:19:11.631384+00:00,2026-08-19T06:19:59.159907+00:00
18,374,B.Williams,14,DEF,40,0,0,0.0,0.0,0.0,0,1,0,0,0,2026-08-19T06:19:11.631384+00:00,2026-08-19T06:19:59.159907+00:00
18,375,Bailly,14,DEF,40,0,0,0.0,0.0,0.0,0,1,0,0,0,2026-08-19T06:19:11.631384+00:00,2026-08-19T06:19:59.159907+00:00
18,376,Casemiro,14,MID,54,1.61,2.0401,0.48,0.1144,0.4556,0.0064,1,0,0,0,2026-08-19T06:19:11.631384+00:00,2026-08-19T06:19:59.159907+00:00
18,377,Dalot,14,DEF,51,1.6288,2.2277,0.48,0.1144,0.4556,0.006,1,0,0,0,2026-08-19T06:19:11.631384+00:00,2026-08-19T06:19:59.159907+00:00
18,379,Eriksen,14,MID,58,1.2164,1.8765,0.28,0.2016,0.2765,0.0052,1,1,5,0,2026-08-19T06:19:11.631384+00:00,2026-08-19T06:19:59.159907+00:00
18,380,Fernandez,14,DEF,40,0,0,0.0,0.0,0.0,0,1,0,0,0,2026-08-19T06:19:11.631384+00:00,2026-08-19T06:19:59.159907+00:00
18,381,Fred,14,MID,50,0,0,0.0,0.0,0.0,0,1,0,0,0,2026-08-19T06:19:11.631384+00:00,2026-08-19T06:19:59.159907+00:00
18,382,Garnacho,14,MID,48,1.49,1.9267,0.48,0.1144,0.4556,0.0056,1,2,84,1,2026-08-19T06:19:11.631384+00:00,2026-08-19T06:19:59.159907+00:00
18,383,Hannibal,14,MID,44,0,0,0.0,0.0,0.0,0,1,0,0,0,2026-08-19T06:19:11.631384+00:00,2026-08-19T06:19:59.159907+00:00
18,384,Heaton,14,GKP,40,0.1384,0.6495,0.04,0.0384,0.0403,0.0,1,0,0,0,2026-08-19T06:19:11.631384+00:00,2026-08-19T06:19:59.159907+00:00
18,386,Lindelof,14,DEF,45,0.4488,1.0395,0.11,0.1958,0.118,0.0004,1,0,0,0,2026-08-19T06:19:11.631384+00:00,2026-08-19T06:19:59.159907+00:00
18,387,Maguire,14,DEF,43,0,0,0.0,0.0,0.0,0,1,0,0,0,2026-08-19T06:19:11.631384+00:00,2026-08-19T06:19:59.159907+00:00
18,388,Mainoo,14,MID,44,0.8484,1.1888,0.28,0.1584,0.2731,0.0008,1,2,90,1,2026-08-19T06:19:11.631384+00:00,2026-08-19T06:19:59.159907+00:00
18,389,Malacia,14,DEF,43,0,0,0.0,0.0,0.0,0,1,0,0,0,2026-08-19T06:19:11.631384+00:00,2026-08-19T06:19:59.159907+00:00
18,390,Martial,14,FWD,64,0.6828,1.2295,0.14,0.2408,0.1495,0.0008,1,0,0,0,2026-08-19T06:19:11.631384+00:00,2026-08-19T06:19:59.159907+00:00
18,391,Martinez,14,DEF,47,0.836,1.5434,0.28,0.1584,0.2731,0.0028,1,0,0,0,2026-08-19T06:19:11.631384+00:00,2026-08-19T06:19:59.159907+00:00
18,392,McTominay,14,MID,49,1.8764,2.2888,0.48,0.1144,0.4556,0.0088,1,2,90,1,2026-08-19T06:19:11.631384+00:00,2026-08-19T06:19:59.159907+00:00
18,394,Pellistri,14,MID,44,0,0,0.0,0.0,0.0,0,1,1,17,0,2026-08-19T06:19:11.631384+00:00,2026-08-19T06:19:59.159907+00:00
18,395,R.Varane,14,DEF,49,0.9196,1.6954,0.28,0.1584,0.2731,0.0032,1,0,0,0,2026-08-19T06:19:11.631384+00:00,2026-08-19T06:19:59.159907+00:00
18,396,Rashford,14,MID,85,2.0552,2.7294,0.48,0.1456,0.458,0.024,1,1,33,0,2026-08-19T06:19:11.631384+00:00,2026-08-19T06:19:59.159907+00:00
18,397,Sancho,14,MID,67,0,0,0.0,0.0,0.0,0,1,0,0,0,2026-08-19T06:19:11.631384+00:00,2026-08-19T06:19:59.159907+00:00
18,398,Shaw,14,DEF,52,0,0,0.0,0.0,0.0,0,1,0,90,1,2026-08-19T06:19:11.631384+00:00,2026-08-19T06:19:59.159907+00:00
18,399,Shoretire,14,FWD,44,0.4452,0.8792,0.1,0.198,0.1088,0.0,1,0,0,0,2026-08-19T06:19:11.631384+00:00,2026-08-19T06:19:59.159907+00:00
18,400,Van de Beek,14,MID,47,0,0,0.0,0.0,0.0,0,1,0,0,0,2026-08-19T06:19:11.631384+00:00,2026-08-19T06:19:59.159907+00:00
18,401,Wan-Bissaka,14,DEF,44,0.8844,1.7328,0.22,0.1716,0.2183,0.0032,1,1,90,1,2026-08-19T06:19:11.631384+00:00,2026-08-19T06:19:59.159907+00:00
18,597,Onana,14,GKP,48,3.19,2.1767,0.9,0.008,0.8376,0.0028,1,2,90,1,2026-08-19T06:19:11.631384+00:00,2026-08-19T06:19:59.159907+00:00
18,617,Højlund,14,FWD,68,1.5436,1.8738,0.48,0.1456,0.458,0.0068,1,1,56,1,2026-08-19T06:19:11.631384+00:00,2026-08-19T06:19:59.159907+00:00
18,632,Forson,14,MID,44,0.4432,0.8939,0.1,0.198,0.1088,0.0,1,0,0,0,2026-08-19T06:19:11.631384+00:00,2026-08-19T06:19:59.159907+00:00
18,669,Vítek,14,GKP,40,0,0,0.0,0.0,0.0,0,1,0,0,0,2026-08-19T06:19:11.631384+00:00,2026-08-19T06:19:59.159907+00:00
18,685,Gore,14,MID,45,0,0,0.0,0.0,0.0,0,1,0,0,0,2026-08-19T06:19:11.631384+00:00,2026-08-19T06:19:59.159907+00:00
18,695,Altay,14,GKP,40,0.1544,0.7236,0.04,0.0384,0.0403,0.0,1,0,0,0,2026-08-19T06:19:11.631384+00:00,2026-08-19T06:19:59.159907+00:00
18,703,Evans,14,DEF,40,0.8508,1.5771,0.22,0.1716,0.2183,0.0004,1,0,90,1,2026-08-19T06:19:11.631384+00:00,2026-08-19T06:19:59.159907+00:00
18,709,Amrabat,14,MID,50,0.7348,1.1525,0.28,0.1584,0.2731,0.0,1,0,0,0,2026-08-19T06:19:11.631384+00:00,2026-08-19T06:19:59.159907+00:00
18,748,Hugill,14,FWD,45,0,0,0.0,0.0,0.0,0,1,0,0,0,2026-08-19T06:19:11.631384+00:00,2026-08-19T06:19:59.159907+00:00
18,766,Kambwala,14,DEF,40,0.4564,1.099,0.1,0.198,0.1088,0.0004,1,1,83,1,2026-08-19T06:19:11.631384+00:00,2026-08-19T06:19:59.159907+00:00
18,768,Bennett,14,DEF,40,0,0,0.0,0.0,0.0,0,1,0,0,0,2026-08-19T06:19:11.631384+00:00,2026-08-19T06:19:59.159907+00:00
18,826,Collyer,14,MID,45,0.45,0.8867,0.1,0.198,0.1088,0.0,1,,,,2026-08-19T06:19:11.631384+00:00,
18,833,Ogunneye,14,DEF,40,0.472,1.0867,0.1,0.198,0.1088,0.0004,1,,,,2026-08-19T06:19:11.631384+00:00,
18,835,Mee,14,GKP,40,0.1748,0.7943,0.04,0.0384,0.0403,0.0,1,,,,2026-08-19T06:19:11.631384+00:00,
18,846,Amass,14,DEF,40,0.4568,1.0884,0.1,0.198,0.1088,0.0,1,,,,2026-08-19T06:19:11.631384+00:00,
18,850,Wheatley,14,FWD,45,0.464,0.9057,0.1,0.198,0.1088,0.0,1,,,,2026-08-19T06:19:11.631384+00:00,
18,856,Jackson,14,DEF,40,0.4576,1.0994,0.1,0.198,0.1088,0.0004,1,,,,2026-08-19T06:19:11.631384+00:00,
18,204,Hall,15,DEF,43,0.4716,1.1573,0.1,0.198,0.1088,0.0004,1,0,5,0,2026-08-19T06:19:11.631384+00:00,2026-08-19T06:19:59.159907+00:00
18,402,Almirón,15,MID,62,1.9164,2.362,0.48,0.1456,0.458,0.0104,1,2,80,1,2026-08-19T06:19:11.631384+00:00,2026-08-19T06:19:59.159907+00:00
18,403,Anderson,15,MID,42,0.9252,1.4228,0.28,0.1584,0.2731,0.0016,1,0,0,0,2026-08-19T06:19:11.631384+00:00,2026-08-19T06:19:59.159907+00:00
18,404,Ashby,15,DEF,40,0,0,0.0,0.0,0.0,0,1,0,0,0,2026-08-19T06:19:11.631384+00:00,2026-08-19T06:19:59.159907+00:00
18,405,Botman,15,DEF,45,0,0,0.0,0.0,0.0,0,1,1,53,1,2026-08-19T06:19:11.631384+00:00,2026-08-19T06:19:59.159907+00:00
18,406,Bruno G.,15,MID,58,2.0656,1.9941,0.68,0.0896,0.6396,0.006,1,2,90,1,2026-08-19T06:19:11.631384+00:00,2026-08-19T06:19:59.159907+00:00
18,407,Burn,15,DEF,44,0.9104,1.8808,0.22,0.1716,0.2183,0.0052,1,2,84,1,2026-08-19T06:19:11.631384+00:00,2026-08-19T06:19:59.159907+00:00
18,408,Darlow,15,GKP,40,0,0,0.0,0.0,0.0,0,1,0,0,0,2026-08-19T06:19:11.631384+00:00,2026-08-19T06:19:59.159907+00:00
18,409,Dubravka,15,GKP,42,0.2184,0.9156,0.04,0.0384,0.0403,0.0004,1,3,90,1,2026-08-19T06:19:11.631384+00:00,2026-08-19T06:19:59.159907+00:00
18,410,Fraser,15,MID,49,0,0,0.0,0.0,0.0,0,1,0,0,0,2026-08-19T06:19:11.631384+00:00,2026-08-19T06:19:59.159907+00:00
18,411,Gillespie,15,GKP,39,0.1704,0.7397,0.04,0.0384,0.0403,0.0,1,0,0,0,2026-08-19T06:19:11.631384+00:00,2026-08-19T06:19:59.159907+00:00
18,412,Gordon,15,MID,62,1.2272,2.208,0.24,0.2128,0.2402,0.0124,1,2,90,1,2026-08-19T06:19:11.631384+00:00,2026-08-19T06:19:59.159907+00:00
18,413,Hayden,15,MID,44,0,0,0.0,0.0,0.0,0,1,0,0,0,2026-08-19T06:19:11.631384+00:00,2026-08-19T06:19:59.159907+00:00
18,414,Hendrick,15,MID,44,0,0,0.0,0.0,0.0,0,1,0,0,0,2026-08-19T06:19:11.631384+00:00,2026-08-19T06:19:59.159907+00:00
18,415,Isak,15,FWD,76,2.506,3.0397,0.48,0.1456,0.458,0.0336,1,1,52,1,2026-08-19T06:19:11.631384+00:00,2026-08-19T06:19:59.159907+00:00
18,416,Joelinton,15,MID,58,1.6644,2.0698,0.48,0.1456,0.458,0.006,1,0,0,0,2026-08-19T06:19:11.631384+00:00,2026-08-19T06:19:59.159907+00:00
18,417,Krafth,15,DEF,44,0.4484,1.0669,0.1,0.198,0.1088,0.0008,1,0,0,0,2026-08-19T06:19:11.631384+00:00,2026-08-19T06:19:59.159907+00:00
18,418,Kuol,15,MID,45,0,0,0.0,0.0,0.0,0,1,0,0,0,2026-08-19T06:19:11.631384+00:00,2026-08-19T06:19:59.159907+00:00
18,419,Lascelles,15,DEF,42,0,0,0.0,0.0,0.0,0,1,1,36,0,2026-08-19T06:19:11.631384+00:00,2026-08-19T06:19:59.159907+00:00
18,420,J.Lewis,15,DEF,40,0,0,0.0,0.0,0.0,0,1,0,0,0,2026-08-19T06:19:11.631384+00:00,2026-08-19T06:19:59.159907+00:00
18,421,Longstaff,15,MID,49,1.3924,1.8663,0.48,0.1144,0.4556,0.0084,1,2,90,1,2026-08-19T06:19:11.631384+00:00,2026-08-19T06:19:59.159907+00:00
18,422,Manquillo,15,DEF,40,0,0,0.0,0.0,0.0,0,1,0,0,0,2026-08-19T06:19:11.631384+00:00,2026-08-19T06:19:59.159907+00:00
18,423,J.Murphy,15,MID,48,0.6656,1.1523,0.18,0.1804,0.1818,0.0,1,0,0,0,2026-08-19T06:19:11.631384+00:00,2026-08-19T06:19:59.159907+00:00
18,424,Pope,15,GKP,54,2.81,2.0458,0.88,0.0096,0.8192,0.0008,1,0,0,0,2026-08-19T06:19:11.631384+00:00,2026-08-19T06:19:59.159907+00:00
18,425,Ritchie,15,MID,44,0.4424,0.8849,0.1,0.198,0.1088,0.0004,1,0,0,0,2026-08-19T06:19:11.631384+00:00,2026-08-19T06:19:59.159907+00:00
18,426,Saint-Maximin,15,MID,60,0,0,0.0,0.0,0.0,0,1,0,0,0,2026-08-19T06:19:11.631384+00:00,2026-08-19T06:19:59.159907+00:00
18,427,Schär,15,DEF,53,2.0848,2.3181,0.68,0.0704,0.638,0.0092,1,2,90,1,2026-08-19T06:19:11.631384+00:00,2026-08-19T06:19:59.159907+00:00
18,428,Targett,15,DEF,42,0,0,0.0,0.0,0.0,0,1,0,0,0,2026-08-19T06:19:11.631384+00:00,2026-08-19T06:19:59.159907+00:00
18,429,Tonali,15,MID,52,0,0,0.0,0.0,0.0,0,1,0,0,0,2026-08-19T06:19:11.631384+00:00,2026-08-19T06:19:59.159907+00:00
18,430,Trippier,15,DEF,69,2.8956,2.831,0.68,0.0896,0.6396,0.0244,1,2,90,1,2026-08-19T06:19:11.631384+00:00,2026-08-19T06:19:59.159907+00:00
18,431,Watts,15,DEF,40,0,0,0.0,0.0,0.0,0,1,0,0,0,2026-08-19T06:19:11.631384+00:00,2026-08-19T06:19:59.159907+00:00
18,432,Willock,15,MID,53,0,0,0.0,0.0,0.0,0,1,0,0,0,2026-08-19T06:19:11.631384+00:00,2026-08-19T06:19:59.159907+00:00
18,433,Wilson,15,FWD,78,1.5712,2.5059,0.28,0.2016,0.2765,0.0192,1,2,90,1,2026-08-19T06:19:11.631384+00:00,2026-08-19T06:19:59.159907+00:00
18,580,Karius,15,GKP,39,0.14,0.6467,0.04,0.0384,0.0403,0.0,1,0,0,0,2026-08-19T06:19:11.631384+00:00,2026-08-19T06:19:59.159907+00:00
18,581,Dummett,15,DEF,39,0.5116,1.1957,0.1,0.198,0.1088,0.0004,1,0,0,0,2026-08-19T06:19:11.631384+00:00,2026-08-19T06:19:59.159907+00:00
18,603,Barnes,15,MID,62,1.6184,2.0944,0.45,0.154,0.4308,0.01,1,0,0,0,2026-08-19T06:19:11.631384+00:00,2026-08-19T06:19:59.159907+00:00
18,633,Livramento,15,DEF,44,0,0,0.0,0.0,0.0,0,1,1,9,0,2026-08-19T06:19:11.631384+00:00,2026-08-19T06:19:59.159907+00:00
18,634,A.Murphy,15,DEF,39,0.4524,1.0366,0.1,0.198,0.1088,0.0004,1,0,0,0,2026-08-19T06:19:11.631384+00:00,2026-08-19T06:19:59.159907+00:00
18,635,Miley,15,MID,45,0,0,0.0,0.0,0.0,0,1,1,37,0,2026-08-19T06:19:11.631384+00:00,2026-08-19T06:19:59.159907+00:00
18,738,Diallo,15,MID,45,0.4452,0.9007,0.1,0.198,0.1088,0.0004,1,0,0,0,2026-08-19T06:19:11.631384+00:00,2026-08-19T06:19:59.159907+00:00
18,739,Parkinson,15,FWD,45,0.4544,0.8737,0.1,0.198,0.1088,0.0,1,0,0,0,2026-08-19T06:19:11.631384+00:00,2026-08-19T06:19:59.159907+00:00
18,745,Ndiweni,15,FWD,45,0,0,0.0,0.0,0.0,0,1,0,0,0,2026-08-19T06:19:11.631384+00:00,2026-08-19T06:19:59.159907+00:00
18,794,White,15,MID,45,0.4956,0.9699,0.1,0.198,0.1088,0.0004,1,,,,2026-08-19T06:19:11.631384+00:00,
18,795,Hernes,15,MID,45,0.4928,0.9847,0.1,0.198,0.1088,0.0004,1,,,,2026-08-19T06:19:11.631384+00:00,
18,23,Tavares,16,DEF,40,0.5384,1.259,0.1,0.198,0.1088,0.0008,1,0,0,0,2026-08-19T06:19:11.631384+00:00,2026-08-19T06:19:59.159907+00:00
18,28,Turner,16,GKP,39,3.224,2.2613,0.9,0.004,0.8373,0.0004,1,2,90,1,2026-08-19T06:19:11.631384+00:00,2026-08-19T06:19:59.159907+00:00
18,205,Hudson-Odoi,16,MID,47,0.9264,1.3828,0.28,0.1584,0.2731,0.0008,1,1,45,1,2026-08-19T06:19:11.631384+00:00,2026-08-19T06:19:59.159907+00:00
18,378,Elanga,16,MID,50,1.7972,2.213,0.48,0.1144,0.4556,0.0076,1,7,90,1,2026-08-19T06:19:11.631384+00:00,2026-08-19T06:19:59.159907+00:00
18,434,B.Aguilera,16,MID,45,0,0,0.0,0.0,0.0,0,1,0,0,0,2026-08-19T06:19:11.631384+00:00,2026-08-19T06:19:59.159907+00:00
18,435,Arter,16,MID,43,0.4712,0.9907,0.1,0.198,0.1088,0.0004,1,0,0,0,2026-08-19T06:19:11.631384+00:00,2026-08-19T06:19:59.159907+00:00
18,436,Aurier,16,DEF,45,0,0,0.0,0.0,0.0,0,1,0,0,0,2026-08-19T06:19:11.631384+00:00,2026-08-19T06:19:59.159907+00:00
18,437,Awoniyi,16,FWD,63,1.99,2.5236,0.48,0.1456,0.458,0.0208,1,0,0,0,2026-08-19T06:19:11.631384+00:00,2026-08-19T06:19:59.159907+00:00
18,438,Biancone,16,DEF,39,0,0,0.0,0.0,0.0,0,1,0,0,0,2026-08-19T06:19:11.631384+00:00,2026-08-19T06:19:59.159907+00:00
18,439,Boly,16,DEF,45,1.0108,1.9381,0.22,0.1716,0.2183,0.0048,1,-3,22,0,2026-08-19T06:19:11.631384+00:00,2026-08-19T06:19:59.159907+00:00
18,440,Bowler,16,MID,45,0,0,0.0,0.0,0.0,0,1,0,0,0,2026-08-19T06:19:11.631384+00:00,2026-08-19T06:19:59.159907+00:00
18,441,Cook,16,DEF,45,0,0,0.0,0.0,0.0,0,1,0,0,0,2026-08-19T06:19:11.631384+00:00,2026-08-19T06:19:59.159907+00:00
18,442,Danilo,16,MID,53,0.9316,1.4995,0.28,0.1584,0.2731,0.0028,1,1,1,0,2026-08-19T06:19:11.631384+00:00,2026-08-19T06:19:59.159907+00:00
18,443,Dennis,16,FWD,48,0,0,0.0,0.0,0.0,0,1,0,0,0,2026-08-19T06:19:11.631384+00:00,2026-08-19T06:19:59.159907+00:00
18,444,Dräger,16,DEF,40,0,0,0.0,0.0,0.0,0,1,0,0,0,2026-08-19T06:19:11.631384+00:00,2026-08-19T06:19:59.159907+00:00
18,445,Felipe,16,DEF,44,0.5168,1.2608,0.1,0.198,0.1088,0.0016,1,0,0,0,2026-08-19T06:19:11.631384+00:00,2026-08-19T06:19:59.159907+00:00
18,446,Freuler,16,MID,49,0,0,0.0,0.0,0.0,0,1,0,0,0,2026-08-19T06:19:11.631384+00:00,2026-08-19T06:19:59.159907+00:00
18,447,Gibbs-White,16,MID,57,2.6204,2.6477,0.68,0.0896,0.6396,0.0228,1,5,90,1,2026-08-19T06:19:11.631384+00:00,2026-08-19T06:19:59.159907+00:00
18,448,Hennessey,16,GKP,40,0.1868,0.8524,0.04,0.0384,0.0403,0.0,1,0,0,0,2026-08-19T06:19:11.631384+00:00,2026-08-19T06:19:59.159907+00:00
18,449,Horvath,16,GKP,43,0,0,0.0,0.0,0.0,0,1,0,0,0,2026-08-19T06:19:11.631384+00:00,2026-08-19T06:19:59.159907+00:00
18,451,Kouyaté,16,MID,48,0.6712,1.2714,0.18,0.1804,0.1818,0.0012,1,0,0,0,2026-08-19T06:19:11.631384+00:00,2026-08-19T06:19:59.159907+00:00
18,452,Laryea,16,DEF,45,0,0,0.0,0.0,0.0,0,1,0,0,0,2026-08-19T06:19:11.631384+00:00,2026-08-19T06:19:59.159907+00:00
18,453,Mangala,16,MID,50,0,0,0.0,0.0,0.0,0,1,1,45,1,2026-08-19T06:19:11.631384+00:00,2026-08-19T06:19:59.159907+00:00
18,454,Mbe Soh,16,DEF,40,0,0,0.0,0.0,0.0,0,1,0,0,0,2026-08-19T06:19:11.631384+00:00,2026-08-19T06:19:59.159907+00:00
18,455,McKenna,16,DEF,44,0,0,0.0,0.0,0.0,0,1,0,0,0,2026-08-19T06:19:11.631384+00:00,2026-08-19T06:19:59.159907+00:00
18,456,Mighten,16,MID,44,0,0,0.0,0.0,0.0,0,1,0,0,0,2026-08-19T06:19:11.631384+00:00,2026-08-19T06:19:59.159907+00:00
18,457,Niakhaté,16,DEF,45,0.8148,1.6429,0.22,0.1716,0.2183,0.0024,1,1,64,1,2026-08-19T06:19:11.631384+00:00,2026-08-19T06:19:59.159907+00:00
18,458,O'Brien,16,MID,49,0,0,0.0,0.0,0.0,0,1,0,0,0,2026-08-19T06:19:11.631384+00:00,2026-08-19T06:19:59.159907+00:00
18,459,Ojeda,16,MID,45,0,0,0.0,0.0,0.0,0,1,0,0,0,2026-08-19T06:19:11.631384+00:00,2026-08-19T06:19:59.159907+00:00
18,460,Panzo,16,DEF,40,0,0,0.0,0.0,0.0,0,1,0,0,0,2026-08-19T06:19:11.631384+00:00,2026-08-19T06:19:59.159907+00:00
18,461,O.Richards,16,DEF,44,0,0,0.0,0.0,0.0,0,1,0,0,0,2026-08-19T06:19:11.631384+00:00,2026-08-19T06:19:59.159907+00:00
18,462,G.Scarpa,16,MID,45,0,0,0.0,0.0,0.0,0,1,0,0,0,2026-08-19T06:19:11.631384+00:00,2026-08-19T06:19:59.159907+00:00
18,463,J.Shelvey,16,MID,48,0,0,0.0,0.0,0.0,0,1,0,0,0,2026-08-19T06:19:11.631384+00:00,2026-08-19T06:19:59.159907+00:00
18,464,Surridge,16,FWD,45,0,0,0.0,0.0,0.0,0,1,0,0,0,2026-08-19T06:19:11.631384+00:00,2026-08-19T06:19:59.159907+00:00
18,465,Toffolo,16,DEF,44,0.9756,1.9439,0.22,0.1716,0.2183,0.0056,1,1,84,1,2026-08-19T06:19:11.631384+00:00,2026-08-19T06:19:59.159907+00:00
18,466,Ui-jo,16,FWD,44,0,0,0.0,0.0,0.0,0,1,0,0,0,2026-08-19T06:19:11.631384+00:00,2026-08-19T06:19:59.159907+00:00
18,467,Williams,16,DEF,43,0,0,0.0,0.0,0.0,0,1,1,90,1,2026-08-19T06:19:11.631384+00:00,2026-08-19T06:19:59.159907+00:00
18,468,Wood,16,FWD,49,1.3424,2.1029,0.28,0.1584,0.2731,0.0072,1,11,90,1,2026-08-19T06:19:11.631384+00:00,2026-08-19T06:19:59.159907+00:00
18,469,Worrall,16,DEF,44,0,0,0.0,0.0,0.0,0,1,0,0,0,2026-08-19T06:19:11.631384+00:00,2026-08-19T06:19:59.159907+00:00
18,470,Yates,16,MID,48,0.898,1.469,0.28,0.1584,0.2731,0.0004,1,2,90,1,2026-08-19T06:19:11.631384+00:00,2026-08-19T06:19:59.159907+00:00
18,604,Aina,16,DEF,45,0.836,1.6482,0.22,0.1716,0.2183,0.002,1,1,5,0,2026-08-19T06:19:11.631384+00:00,2026-08-19T06:19:59.159907+00:00
18,636,G.Shelvey,16,GKP,40,0,0,0.0,0.0,0.0,0,1,0,0,0,2026-08-19T06:19:11.631384+00:00,2026-08-19T06:19:59.159907+00:00
18,637,Powell,16,DEF,40,0.5248,1.2137,0.1,0.198,0.1088,0.0004,1,0,0,0,2026-08-19T06:19:11.631384+00:00,2026-08-19T06:19:59.159907+00:00
18,679,G.Montiel,16,DEF,44,0.4996,1.1364,0.1,0.198,0.1088,0.0,1,0,0,0,2026-08-19T06:19:11.631384+00:00,2026-08-19T06:19:59.159907+00:00
18,696,Murillo,16,DEF,45,0.9948,1.9556,0.22,0.1716,0.2183,0.0072,1,1,90,1,2026-08-19T06:19:11.631384+00:00,2026-08-19T06:19:59.159907+00:00
18,710,Odysseas,16,GKP,45,0.1736,0.8028,0.04,0.0384,0.0403,0.0,1,0,0,0,2026-08-19T06:19:11.631384+00:00,2026-08-19T06:19:59.159907+00:00
18,711,Omobamidele,16,DEF,45,0.5728,1.3233,0.1,0.198,0.1088,0.0008,1,0,0,0,2026-08-19T06:19:11.631384+00:00,2026-08-19T06:19:59.159907+00:00
18,712,Dominguez,16,MID,50,0,0,0.0,0.0,0.0,0,1,0,0,0,2026-08-19T06:19:11.631384+00:00,2026-08-19T06:19:59.159907+00:00
18,713,Sangaré,16,MID,49,1.2768,1.6071,0.48,0.1144,0.4556,0.0008,1,0,0,0,2026-08-19T06:19:11.631384+00:00,2026-08-19T06:19:59.159907+00:00
18,714,Origi,16,FWD,50,0.6772,1.2439,0.18,0.1804,0.1818,0.0004,1,1,25,0,2026-08-19T06:19:11.631384+00:00,2026-08-19T06:19:59.159907+00:00
18,779,McDonnell,16,MID,45,0.4852,0.9719,0.1,0.198,0.1088,0.0004,1,,,,2026-08-19T06:19:11.631384+00:00,
18,780,Osong,16,FWD,45,0.44,0.9202,0.1,0.198,0.1088,0.0004,1,,,,2026-08-19T06:19:11.631384+00:00,
18,781,Gardner,16,FWD,45,0.4632,0.9179,0.1,0.198,0.1088,0.0004,1,,,,2026-08-19T06:19:11.631384+00:00,
18,801,Reyna,16,MID,46,0.7048,1.2576,0.18,0.1804,0.1818,0.0008,1,,,,2026-08-19T06:19:11.631384+00:00,
18,808,Sels,16,GKP,45,0.2012,0.8883,0.04,0.0384,0.0403,0.0,1,,,,2026-08-19T06:19:11.631384+00:00,
18,809,Ribeiro,16,FWD,45,0.456,0.989,0.1,0.198,0.1088,0.0008,1,,,,2026-08-19T06:19:11.631384+00:00,
18,27,Trusty,17,DEF,39,0.6596,1.2456,0.22,0.1716,0.2183,0.0,1,1,90,1,2026-08-19T06:19:11.631384+00:00,2026-08-19T06:19:59.159907+00:00
18,33,Archer,17,FWD,46,1.5008,1.7447,0.48,0.1144,0.4556,0.0012,1,8,89,1,2026-08-19T06:19:11.631384+00:00,2026-08-19T06:19:59.159907+00:00
18,255,Holgate,17,DEF,40,0.832,1.6315,0.22,0.1716,0.2183,0.0024,1,0,0,0,2026-08-19T06:19:11.631384+00:00,2026-08-19T06:19:59.159907+00:00
18,360,McAtee,17,MID,44,1.4052,1.6257,0.48,0.1144,0.4556,0.0016,1,1,14,0,2026-08-19T06:19:11.631384+00:00,2026-08-19T06:19:59.159907+00:00
18,471,Ahmedhodžić,17,DEF,43,0.7272,1.5554,0.22,0.1716,0.2183,0.0036,1,0,0,0,2026-08-19T06:19:11.631384+00:00,2026-08-19T06:19:59.159907+00:00
18,472,Amissah,17,GKP,39,0.1444,0.6661,0.04,0.0384,0.0403,0.0,1,0,0,0,2026-08-19T06:19:11.631384+00:00,2026-08-19T06:19:59.159907+00:00
18,473,Baldock,17,DEF,39,0,0,0.0,0.0,0.0,0,1,2,90,1,2026-08-19T06:19:11.631384+00:00,2026-08-19T06:19:59.159907+00:00
18,474,Basham,17,DEF,39,0,0,0.0,0.0,0.0,0,1,0,0,0,2026-08-19T06:19:11.631384+00:00,2026-08-19T06:19:59.159907+00:00
18,476,Bogle,17,DEF,45,0.7512,1.5879,0.22,0.1716,0.2183,0.0028,1,1,90,1,2026-08-19T06:19:11.631384+00:00,2026-08-19T06:19:59.159907+00:00
18,477,Brewster,17,FWD,49,0.6316,1.1072,0.18,0.1804,0.1818,0.0008,1,0,0,0,2026-08-19T06:19:11.631384+00:00,2026-08-19T06:19:59.159907+00:00
18,478,Coulibaly,17,MID,44,0,0,0.0,0.0,0.0,0,1,0,0,0,2026-08-19T06:19:11.631384+00:00,2026-08-19T06:19:59.159907+00:00
18,479,A.Davies,17,GKP,40,0.1456,0.688,0.04,0.0384,0.0403,0.0,1,0,0,0,2026-08-19T06:19:11.631384+00:00,2026-08-19T06:19:59.159907+00:00
18,480,Egan,17,DEF,43,0.4428,1.0643,0.11,0.1958,0.118,0.0,1,0,0,0,2026-08-19T06:19:11.631384+00:00,2026-08-19T06:19:59.159907+00:00
18,481,Fleck,17,MID,49,0,0,0.0,0.0,0.0,0,1,0,0,0,2026-08-19T06:19:11.631384+00:00,2026-08-19T06:19:59.159907+00:00
18,482,Foderingham,17,GKP,45,3.5608,2.3251,0.9,0.004,0.8373,0.0068,1,3,90,1,2026-08-19T06:19:11.631384+00:00,2026-08-19T06:19:59.159907+00:00
18,483,Jebbison,17,FWD,48,0.6244,1.1102,0.18,0.1804,0.1818,0.0004,1,0,0,0,2026-08-19T06:19:11.631384+00:00,2026-08-19T06:19:59.159907+00:00
18,484,Lowe,17,DEF,43,0.686,1.3627,0.22,0.1716,0.2183,0.0004,1,1,32,0,2026-08-19T06:19:11.631384+00:00,2026-08-19T06:19:59.159907+00:00
18,485,McBurnie,17,FWD,54,0.962,1.6253,0.28,0.1584,0.2731,0.0028,1,1,1,0,2026-08-19T06:19:11.631384+00:00,2026-08-19T06:19:59.159907+00:00
18,486,Ndiaye,17,FWD,55,0,0,0.0,0.0,0.0,0,1,0,0,0,2026-08-19T06:19:11.631384+00:00,2026-08-19T06:19:59.159907+00:00
18,487,Norrington-Davies,17,DEF,39,0,0,0.0,0.0,0.0,0,1,0,0,0,2026-08-19T06:19:11.631384+00:00,2026-08-19T06:19:59.159907+00:00
18,488,Norwood,17,MID,48,1.4136,1.7481,0.48,0.1144,0.4556,0.0036,1,2,90,1,2026-08-19T06:19:11.631384+00:00,2026-08-19T06:19:59.159907+00:00
18,489,Osborn,17,MID,48,0.5116,1.0186,0.14,0.1892,0.1453,0.0,1,0,0,0,2026-08-19T06:19:11.631384+00:00,2026-08-19T06:19:59.159907+00:00
18,490,Osula,17,FWD,43,0.8392,1.3286,0.28,0.1584,0.2731,0.0008,1,0,0,0,2026-08-19T06:19:11.631384+00:00,2026-08-19T06:19:59.159907+00:00
18,576,Robinson,17,DEF,44,0.6836,1.4376,0.22,0.1716,0.2183,0.0016,1,2,90,1,2026-08-19T06:19:11.631384+00:00,2026-08-19T06:19:59.159907+00:00
18,587,Slimane,17,MID,47,0.6608,1.2544,0.18,0.1804,0.1818,0.0004,1,3,75,1,2026-08-19T06:19:11.631384+00:00,2026-08-19T06:19:59.159907+00:00
18,592,Larouci,17,DEF,43,0.4404,1.0891,0.1,0.198,0.1088,0.0004,1,0,57,1,2026-08-19T06:19:11.631384+00:00,2026-08-19T06:19:59.159907+00:00
18,593,T.Bénie,17,FWD,52,0,0,0.0,0.0,0.0,0,1,0,0,0,2026-08-19T06:19:11.631384+00:00,2026-08-19T06:19:59.159907+00:00
18,638,Vini Souza,17,MID,50,1.274,1.3754,0.48,0.1144,0.4556,0.0004,1,2,90,1,2026-08-19T06:19:11.631384+00:00,2026-08-19T06:19:59.159907+00:00
18,653,Seriki,17,DEF,40,0,0,0.0,0.0,0.0,0,1,0,0,0,2026-08-19T06:19:11.631384+00:00,2026-08-19T06:19:59.159907+00:00
18,654,Marsh,17,FWD,45,0,0,0.0,0.0,0.0,0,1,0,0,0,2026-08-19T06:19:11.631384+00:00,2026-08-19T06:19:59.159907+00:00
18,655,Brooks,17,MID,44,0.8332,1.1837,0.28,0.1584,0.2731,0.0004,1,1,57,1,2026-08-19T06:19:11.631384+00:00,2026-08-19T06:19:59.159907+00:00
18,656,Hackford,17,FWD,45,0,0,0.0,0.0,0.0,0,1,0,0,0,2026-08-19T06:19:11.631384+00:00,2026-08-19T06:19:59.159907+00:00
18,663,Hamer,17,MID,50,1.904,1.8481,0.68,0.0704,0.638,0.004,1,5,32,0,2026-08-19T06:19:11.631384+00:00,2026-08-19T06:19:59.159907+00:00
18,666,T.Davies,17,MID,50,0.4488,0.9528,0.09,0.2002,0.0997,0.0004,1,0,0,0,2026-08-19T06:19:11.631384+00:00,2026-08-19T06:19:59.159907+00:00
18,693,Thomas,17,DEF,40,0,0,0.0,0.0,0.0,0,1,0,0,0,2026-08-19T06:19:11.631384+00:00,2026-08-19T06:19:59.159907+00:00
18,730,Oné,17,MID,45,0.434,0.8297,0.1,0.198,0.1088,0.0,1,0,0,0,2026-08-19T06:19:11.631384+00:00,2026-08-19T06:19:59.159907+00:00
18,731,Buyabu,17,DEF,40,0,0,0.0,0.0,0.0,0,1,0,0,0,2026-08-19T06:19:11.631384+00:00,2026-08-19T06:19:59.159907+00:00
18,759,Peck,17,MID,45,0.4452,0.8896,0.1,0.198,0.1088,0.0,1,0,0,0,2026-08-19T06:19:11.631384+00:00,2026-08-19T06:19:59.159907+00:00
18,775,Brereton Díaz,17,MID,50,0.6444,1.2044,0.18,0.1804,0.1818,0.0008,1,,,,2026-08-19T06:19:11.631384+00:00,
18,790,Grbić,17,GKP,45,0.1688,0.7561,0.04,0.0384,0.0403,0.0,1,,,,2026-08-19T06:19:11.631384+00:00,
18,822,Blacker,17,FWD,45,0.4452,0.942,0.1,0.198,0.1088,0.0004,1,,,,2026-08-19T06:19:11.631384+00:00,
18,823,Arblaster,17,MID,45,0.46,0.9773,0.1,0.198,0.1088,0.0004,1,,,,2026-08-19T06:19:11.631384+00:00,
18,827,Sasnauskas,17,DEF,40,0.5004,1.1987,0.1,0.198,0.1088,0.0008,1,,,,2026-08-19T06:19:11.631384+00:00,
18,828,Curtis,17,DEF,40,0.476,1.1694,0.1,0.198,0.1088,0.0004,1,,,,2026-08-19T06:19:11.631384+00:00,
18,857,Hampson,17,MID,45,0.4572,0.9289,0.1,0.198,0.1088,0.0,1,,,,2026-08-19T06:19:11.631384+00:00,
18,450,Johnson,18,MID,58,1.8764,2.38,0.48,0.1456,0.458,0.0128,1,9,90,1,2026-08-19T06:19:11.631384+00:00,2026-08-19T06:19:59.159907+00:00
18,491,Austin,18,GKP,39,0.1984,0.8617,0.04,0.0384,0.0403,0.0004,1,0,0,0,2026-08-19T06:19:11.631384+00:00,2026-08-19T06:19:59.159907+00:00
18,492,Bentancur,18,MID,54,0.7868,1.4969,0.18,0.1804,0.1818,0.0032,1,0,0,0,2026-08-19T06:19:11.631384+00:00,2026-08-19T06:19:59.159907+00:00
18,493,Bissouma,18,MID,50,0,0,0.0,0.0,0.0,0,1,0,0,0,2026-08-19T06:19:11.631384+00:00,2026-08-19T06:19:59.159907+00:00
18,494,Bryan,18,MID,49,0.6696,1.2513,0.18,0.1804,0.1818,0.0004,1,0,0,0,2026-08-19T06:19:11.631384+00:00,2026-08-19T06:19:59.159907+00:00
18,495,Davies,18,DEF,43,0,0,0.0,0.0,0.0,0,1,2,90,1,2026-08-19T06:19:11.631384+00:00,2026-08-19T06:19:59.159907+00:00
18,496,Dier,18,DEF,42,0,0,0.0,0.0,0.0,0,1,1,45,1,2026-08-19T06:19:11.631384+00:00,2026-08-19T06:19:59.159907+00:00
18,497,E.Royal,18,DEF,44,0.9072,1.7517,0.22,0.1716,0.2183,0.002,1,5,90,1,2026-08-19T06:19:11.631384+00:00,2026-08-19T06:19:59.159907+00:00
18,498,Forster,18,GKP,39,0,0,0.0,0.0,0.0,0,1,0,0,0,2026-08-19T06:19:11.631384+00:00,2026-08-19T06:19:59.159907+00:00
18,499,Højbjerg,18,MID,52,0.8704,1.4626,0.28,0.1584,0.2731,0.0028,1,1,27,0,2026-08-19T06:19:11.631384+00:00,2026-08-19T06:19:59.159907+00:00
18,500,Kane,18,FWD,125,0,0,0.0,0.0,0.0,0,1,0,0,0,2026-08-19T06:19:11.631384+00:00,2026-08-19T06:19:59.159907+00:00
18,501,Kulusevski,18,MID,72,3.008,2.8512,0.68,0.0896,0.6396,0.0296,1,1,90,1,2026-08-19T06:19:11.631384+00:00,2026-08-19T06:19:59.159907+00:00
18,502,Lloris,18,GKP,48,0,0,0.0,0.0,0.0,0,1,0,0,0,2026-08-19T06:19:11.631384+00:00,2026-08-19T06:19:59.159907+00:00
18,503,Lo Celso,18,MID,48,0.5984,1.232,0.14,0.1892,0.1453,0.0016,1,1,17,0,2026-08-19T06:19:11.631384+00:00,2026-08-19T06:19:59.159907+00:00
18,504,Maddison,18,MID,78,2.4392,3.0504,0.48,0.1456,0.458,0.0348,1,0,0,0,2026-08-19T06:19:11.631384+00:00,2026-08-19T06:19:59.159907+00:00
18,505,Ndombele,18,MID,44,0,0,0.0,0.0,0.0,0,1,0,0,0,2026-08-19T06:19:11.631384+00:00,2026-08-19T06:19:59.159907+00:00
18,506,Pedro Porro,18,DEF,55,3.222,3.2739,0.68,0.0896,0.6396,0.0496,1,2,90,1,2026-08-19T06:19:11.631384+00:00,2026-08-19T06:19:59.159907+00:00
18,507,Perišić,18,DEF,47,0,0,0.0,0.0,0.0,0,1,0,0,0,2026-08-19T06:19:11.631384+00:00,2026-08-19T06:19:59.159907+00:00
18,509,Richarlison,18,MID,67,0,0,0.0,0.0,0.0,0,1,8,62,1,2026-08-19T06:19:11.631384+00:00,2026-08-19T06:19:59.159907+00:00
18,510,Rodon,18,DEF,40,0,0,0.0,0.0,0.0,0,1,0,0,0,2026-08-19T06:19:11.631384+00:00,2026-08-19T06:19:59.159907+00:00
18,511,Romero,18,DEF,49,2.1336,2.7562,0.48,0.1144,0.4556,0.0176,1,1,45,1,2026-08-19T06:19:11.631384+00:00,2026-08-19T06:19:59.159907+00:00
18,512,Sánchez,18,DEF,44,0,0,0.0,0.0,0.0,0,1,0,0,0,2026-08-19T06:19:11.631384+00:00,2026-08-19T06:19:59.159907+00:00
18,513,Sarr,18,MID,45,1.6312,2.0825,0.48,0.1144,0.4556,0.0064,1,3,72,1,2026-08-19T06:19:11.631384+00:00,2026-08-19T06:19:59.159907+00:00
18,514,Sessegnon,18,DEF,44,0,0,0.0,0.0,0.0,0,1,0,0,0,2026-08-19T06:19:11.631384+00:00,2026-08-19T06:19:59.159907+00:00
18,515,Skipp,18,MID,46,0.6912,1.2742,0.18,0.1804,0.1818,0.0,1,2,90,1,2026-08-19T06:19:11.631384+00:00,2026-08-19T06:19:59.159907+00:00
18,516,Son,18,MID,98,4.1708,3.9846,0.68,0.0896,0.6396,0.1,1,7,90,1,2026-08-19T06:19:11.631384+00:00,2026-08-19T06:19:59.159907+00:00
18,517,Spence,18,DEF,40,0,0,0.0,0.0,0.0,0,1,0,0,0,2026-08-19T06:19:11.631384+00:00,2026-08-19T06:19:59.159907+00:00
18,518,Tanganga,18,DEF,40,0,0,0.0,0.0,0.0,0,1,0,0,0,2026-08-19T06:19:11.631384+00:00,2026-08-19T06:19:59.159907+00:00
18,519,Udogie,18,DEF,48,0,0,0.0,0.0,0.0,0,1,0,0,0,2026-08-19T06:19:11.631384+00:00,2026-08-19T06:19:59.159907+00:00
18,520,Vicario,18,GKP,53,3.4388,2.3047,0.9,0.008,0.8376,0.0028,1,6,90,1,2026-08-19T06:19:11.631384+00:00,2026-08-19T06:19:59.159907+00:00
18,521,Whiteman,18,GKP,39,0.1616,0.7465,0.04,0.0384,0.0403,0.0,1,0,0,0,2026-08-19T06:19:11.631384+00:00,2026-08-19T06:19:59.159907+00:00
18,583,Solomon,18,MID,51,0,0,0.0,0.0,0.0,0,1,0,0,0,2026-08-19T06:19:11.631384+00:00,2026-08-19T06:19:59.159907+00:00
18,639,Van de Ven,18,DEF,44,0.8976,1.7254,0.22,0.1716,0.2183,0.0012,1,0,0,0,2026-08-19T06:19:11.631384+00:00,2026-08-19T06:19:59.159907+00:00
18,640,Scarlett,18,FWD,45,0.4844,1.0244,0.1,0.198,0.1088,0.0008,1,0,0,0,2026-08-19T06:19:11.631384+00:00,2026-08-19T06:19:59.159907+00:00
18,641,Veliz,18,FWD,54,0,0,0.0,0.0,0.0,0,1,0,0,0,2026-08-19T06:19:11.631384+00:00,2026-08-19T06:19:59.159907+00:00
18,702,Phillips,18,DEF,40,0,0,0.0,0.0,0.0,0,1,0,0,0,2026-08-19T06:19:11.631384+00:00,2026-08-19T06:19:59.159907+00:00
18,722,Donley,18,FWD,45,0.4504,0.9583,0.1,0.198,0.1088,0.0008,1,0,0,0,2026-08-19T06:19:11.631384+00:00,2026-08-19T06:19:59.159907+00:00
18,740,Dorrington,18,DEF,40,0.5472,1.2549,0.1,0.198,0.1088,0.0,1,0,0,0,2026-08-19T06:19:11.631384+00:00,2026-08-19T06:19:59.159907+00:00
18,754,Yago Santiago,18,MID,45,0.4704,0.9724,0.1,0.198,0.1088,0.0008,1,0,0,0,2026-08-19T06:19:11.631384+00:00,2026-08-19T06:19:59.159907+00:00
18,776,Werner,18,FWD,63,0,0,0.0,0.0,0.0,0,1,,,,2026-08-19T06:19:11.631384+00:00,
18,777,Drăgușin,18,DEF,42,0.512,1.21,0.1,0.198,0.1088,0.0008,1,,,,2026-08-19T06:19:11.631384+00:00,
18,860,Moore,18,MID,45,0.4472,0.9119,0.1,0.198,0.1088,0.0,1,,,,2026-08-19T06:19:11.631384+00:00,
18,862,Hall,18,MID,45,0.4908,1.0669,0.1,0.198,0.1088,0.0012,1,,,,2026-08-19T06:19:11.631384+00:00,
18,364,Phillips,19,MID,47,0.6208,1.1471,0.18,0.1804,0.1818,0.0004,1,,,,2026-08-19T06:19:11.631384+00:00,
18,522,N.Aguerd,19,DEF,45,0.6208,1.4597,0.11,0.1958,0.118,0.002,1,0,0,0,2026-08-19T06:19:11.631384+00:00,2026-08-19T06:19:59.159907+00:00
18,523,Antonio,19,FWD,57,1.7456,2.2043,0.48,0.1456,0.458,0.0132,1,0,0,0,2026-08-19T06:19:11.631384+00:00,2026-08-19T06:19:59.159907+00:00
18,524,Areola,19,GKP,42,3.4916,2.307,0.9,0.004,0.8373,0.0012,1,8,90,1,2026-08-19T06:19:11.631384+00:00,2026-08-19T06:19:59.159907+00:00
18,525,Benrahma,19,MID,56,0,0,0.0,0.0,0.0,0,1,0,0,0,2026-08-19T06:19:11.631384+00:00,2026-08-19T06:19:59.159907+00:00
18,526,Bowen,19,MID,78,3.6832,3.6416,0.68,0.0896,0.6396,0.0688,1,8,87,1,2026-08-19T06:19:11.631384+00:00,2026-08-19T06:19:59.159907+00:00
18,527,Cornet,19,MID,52,0.7896,1.4335,0.18,0.1804,0.1818,0.0016,1,0,0,0,2026-08-19T06:19:11.631384+00:00,2026-08-19T06:19:59.159907+00:00
18,528,Coufal,19,DEF,46,2.3692,2.3972,0.68,0.0576,0.637,0.0056,1,7,90,1,2026-08-19T06:19:11.631384+00:00,2026-08-19T06:19:59.159907+00:00
18,529,Coventry,19,MID,44,0,0,0.0,0.0,0.0,0,1,0,0,0,2026-08-19T06:19:11.631384+00:00,2026-08-19T06:19:59.159907+00:00
18,530,Cresswell,19,DEF,42,0.5216,1.2463,0.1,0.198,0.1088,0.0004,1,0,0,0,2026-08-19T06:19:11.631384+00:00,2026-08-19T06:19:59.159907+00:00
18,531,Downes,19,MID,50,0,0,0.0,0.0,0.0,0,1,0,0,0,2026-08-19T06:19:11.631384+00:00,2026-08-19T06:19:59.159907+00:00
18,532,Emerson,19,DEF,45,0.816,1.6805,0.22,0.1716,0.2183,0.0036,1,9,90,1,2026-08-19T06:19:11.631384+00:00,2026-08-19T06:19:59.159907+00:00
18,533,Fabianski,19,GKP,42,0.1724,0.7953,0.04,0.0384,0.0403,0.0,1,0,0,0,2026-08-19T06:19:11.631384+00:00,2026-08-19T06:19:59.159907+00:00
18,534,P.Fornals,19,MID,46,0,0,0.0,0.0,0.0,0,1,1,2,0,2026-08-19T06:19:11.631384+00:00,2026-08-19T06:19:59.159907+00:00
18,535,Ings,19,FWD,56,1.376,1.7348,0.45,0.154,0.4308,0.0044,1,0,0,0,2026-08-19T06:19:11.631384+00:00,2026-08-19T06:19:59.159907+00:00
18,536,Johnson,19,DEF,44,0.872,1.6519,0.22,0.1716,0.2183,0.002,1,1,1,0,2026-08-19T06:19:11.631384+00:00,2026-08-19T06:19:59.159907+00:00
18,537,Kehrer,19,DEF,43,0,0,0.0,0.0,0.0,0,1,0,0,0,2026-08-19T06:19:11.631384+00:00,2026-08-19T06:19:59.159907+00:00
18,538,Mubama,19,FWD,43,0.4536,0.9513,0.1,0.198,0.1088,0.0004,1,0,0,0,2026-08-19T06:19:11.631384+00:00,2026-08-19T06:19:59.159907+00:00
18,539,L.Paquetá,19,MID,60,2.6844,2.6567,0.68,0.0896,0.6396,0.0196,1,5,90,1,2026-08-19T06:19:11.631384+00:00,2026-08-19T06:19:59.159907+00:00
18,541,Scamacca,19,FWD,60,0,0,0.0,0.0,0.0,0,1,0,0,0,2026-08-19T06:19:11.631384+00:00,2026-08-19T06:19:59.159907+00:00
18,542,Souček,19,MID,49,1.926,2.5653,0.48,0.1144,0.4556,0.0152,1,3,90,1,2026-08-19T06:19:11.631384+00:00,2026-08-19T06:19:59.159907+00:00
18,543,Vlašić,19,MID,45,0,0,0.0,0.0,0.0,0,1,0,0,0,2026-08-19T06:19:11.631384+00:00,2026-08-19T06:19:59.159907+00:00
18,544,Zouma,19,DEF,45,0.9736,1.9678,0.22,0.1716,0.2183,0.0064,1,6,90,1,2026-08-19T06:19:11.631384+00:00,2026-08-19T06:19:59.159907+00:00
18,577,Ogbonna,19,DEF,43,0.5228,1.2982,0.1,0.198,0.1088,0.0016,1,0,0,0,2026-08-19T06:19:11.631384+00:00,2026-08-19T06:19:59.159907+00:00
18,642,Álvarez,19,MID,50,1.146,1.3896,0.48,0.1144,0.4556,0.0,1,3,90,1,2026-08-19T06:19:11.631384+00:00,2026-08-19T06:19:59.159907+00:00
18,647,Anang,19,GKP,40,0.1692,0.8114,0.04,0.0384,0.0403,0.0004,1,0,0,0,2026-08-19T06:19:11.631384+00:00,2026-08-19T06:19:59.159907+00:00
18,664,Ward-Prowse,19,MID,61,3.0832,2.9826,0.68,0.0896,0.6396,0.0384,1,3,90,1,2026-08-19T06:19:11.631384+00:00,2026-08-19T06:19:59.159907+00:00
18,676,Mavropanos,19,DEF,45,0.4948,1.1904,0.1,0.198,0.1088,0.0012,1,6,90,1,2026-08-19T06:19:11.631384+00:00,2026-08-19T06:19:59.159907+00:00
18,689,Kudus,19,MID,67,2.2724,2.7063,0.48,0.1456,0.458,0.0232,1,9,90,1,2026-08-19T06:19:11.631384+00:00,2026-08-19T06:19:59.159907+00:00
18,773,Orford,19,MID,45,0.4968,1.0439,0.1,0.198,0.1088,0.0004,1,,,,2026-08-19T06:19:11.631384+00:00,
18,774,Casey,19,DEF,40,0.5044,1.2104,0.1,0.198,0.1088,0.0,1,,,,2026-08-19T06:19:11.631384+00:00,
18,784,Scarles,19,DEF,40,0.4748,1.1619,0.1,0.198,0.1088,0.0004,1,,,,2026-08-19T06:19:11.631384+00:00,
18,785,Marshall,19,FWD,45,0,0,0.0,0.0,0.0,0,1,,,,2026-08-19T06:19:11.631384+00:00,
18,829,Earthy,19,MID,45,0.476,0.9876,0.1,0.198,0.1088,0.0,1,,,,2026-08-19T06:19:11.631384+00:00,
18,351,Doyle,20,MID,44,0.4716,0.9478,0.1,0.198,0.1088,0.0,1,1,15,0,2026-08-19T06:19:11.631384+00:00,2026-08-19T06:19:59.159907+00:00
18,545,Aït-Nouri,20,DEF,45,0.9024,1.8389,0.22,0.1716,0.2183,0.0048,1,7,86,1,2026-08-19T06:19:11.631384+00:00,2026-08-19T06:19:59.159907+00:00
18,546,Bentley,20,GKP,39,0.1852,0.8188,0.04,0.0384,0.0403,0.0,1,0,0,0,2026-08-19T06:19:11.631384+00:00,2026-08-19T06:19:59.159907+00:00
18,547,Bolla,20,DEF,40,0,0,0.0,0.0,0.0,0,1,0,0,0,2026-08-19T06:19:11.631384+00:00,2026-08-19T06:19:59.159907+00:00
18,548,H.Bueno,20,DEF,44,0.8764,1.6802,0.22,0.1716,0.2183,0.0016,1,0,3,0,2026-08-19T06:19:11.631384+00:00,2026-08-19T06:19:59.159907+00:00
18,549,Chiquinho,20,MID,45,0,0,0.0,0.0,0.0,0,1,0,0,0,2026-08-19T06:19:11.631384+00:00,2026-08-19T06:19:59.159907+00:00
18,550,Cundle,20,MID,45,0,0,0.0,0.0,0.0,0,1,0,0,0,2026-08-19T06:19:11.631384+00:00,2026-08-19T06:19:59.159907+00:00
18,551,Dawson,20,DEF,45,0,0,0.0,0.0,0.0,0,1,7,69,1,2026-08-19T06:19:11.631384+00:00,2026-08-19T06:19:59.159907+00:00
18,552,Fábio Silva,20,FWD,53,0,0,0.0,0.0,0.0,0,1,0,0,0,2026-08-19T06:19:11.631384+00:00,2026-08-19T06:19:59.159907+00:00
18,554,Guedes,20,MID,54,0,0,0.0,0.0,0.0,0,1,0,0,0,2026-08-19T06:19:11.631384+00:00,2026-08-19T06:19:59.159907+00:00
18,555,Hodge,20,MID,44,0,0,0.0,0.0,0.0,0,1,0,0,0,2026-08-19T06:19:11.631384+00:00,2026-08-19T06:19:59.159907+00:00
18,556,Hoever,20,DEF,40,0,0,0.0,0.0,0.0,0,1,0,0,0,2026-08-19T06:19:11.631384+00:00,2026-08-19T06:19:59.159907+00:00
18,557,Hee Chan,20,MID,58,2.3028,2.8629,0.48,0.1456,0.458,0.0272,1,2,90,1,2026-08-19T06:19:11.631384+00:00,2026-08-19T06:19:59.159907+00:00
18,559,João Gomes,20,MID,49,1.2912,1.4773,0.48,0.1144,0.4556,0.0004,1,2,90,1,2026-08-19T06:19:11.631384+00:00,2026-08-19T06:19:59.159907+00:00
18,560,J.Otto,20,DEF,43,0,0,0.0,0.0,0.0,0,1,0,0,0,2026-08-19T06:19:11.631384+00:00,2026-08-19T06:19:59.159907+00:00
18,561,Jordão,20,MID,43,0.4796,1.0137,0.1,0.198,0.1088,0.0008,1,0,0,0,2026-08-19T06:19:11.631384+00:00,2026-08-19T06:19:59.159907+00:00
18,562,Kalajdžić,20,FWD,49,0,0,0.0,0.0,0.0,0,1,0,0,0,2026-08-19T06:19:11.631384+00:00,2026-08-19T06:19:59.159907+00:00
18,563,Kilman,20,DEF,45,0.8392,1.717,0.22,0.1404,0.2158,0.004,1,2,90,1,2026-08-19T06:19:11.631384+00:00,2026-08-19T06:19:59.159907+00:00
18,564,King,20,GKP,39,0.1844,0.7865,0.04,0.0384,0.0403,0.0,1,0,0,0,2026-08-19T06:19:11.631384+00:00,2026-08-19T06:19:59.159907+00:00
18,565,Mario Jr.,20,MID,49,1.6976,2.1156,0.48,0.1144,0.4556,0.006,1,9,90,1,2026-08-19T06:19:11.631384+00:00,2026-08-19T06:19:59.159907+00:00
18,567,Neto,20,MID,56,2.0724,2.5803,0.48,0.1456,0.458,0.0188,1,0,0,0,2026-08-19T06:19:11.631384+00:00,2026-08-19T06:19:59.159907+00:00
18,568,Podence,20,MID,53,0,0,0.0,0.0,0.0,0,1,0,0,0,2026-08-19T06:19:11.631384+00:00,2026-08-19T06:19:59.159907+00:00
18,569,José Sá,20,GKP,50,3.5384,2.3432,0.9,0.008,0.8376,0.0012,1,3,90,1,2026-08-19T06:19:11.631384+00:00,2026-08-19T06:19:59.159907+00:00
18,570,Sarabia,20,MID,47,0.766,1.5423,0.14,0.1892,0.1453,0.0024,1,7,74,1,2026-08-19T06:19:11.631384+00:00,2026-08-19T06:19:59.159907+00:00
18,571,Šarkić,20,GKP,40,0,0,0.0,0.0,0.0,0,1,0,0,0,2026-08-19T06:19:11.631384+00:00,2026-08-19T06:19:59.159907+00:00
18,572,N.Semedo,20,DEF,45,0,0,0.0,0.0,0.0,0,1,2,90,1,2026-08-19T06:19:11.631384+00:00,2026-08-19T06:19:59.159907+00:00
18,573,Toti,20,DEF,44,0.9244,1.7399,0.22,0.1716,0.2183,0.0028,1,2,90,1,2026-08-19T06:19:11.631384+00:00,2026-08-19T06:19:59.159907+00:00
18,574,Boubacar Traore,20,MID,43,0.922,1.3611,0.28,0.1584,0.2731,0.0,1,0,0,0,2026-08-19T06:19:11.631384+00:00,2026-08-19T06:19:59.159907+00:00
18,590,Cunha,20,FWD,57,2.5952,2.5563,0.68,0.0896,0.6396,0.0228,1,1,85,1,2026-08-19T06:19:11.631384+00:00,2026-08-19T06:19:59.159907+00:00
18,598,Doherty,20,DEF,43,0.892,1.7125,0.22,0.1716,0.2183,0.002,1,8,4,0,2026-08-19T06:19:11.631384+00:00,2026-08-19T06:19:59.159907+00:00
18,697,S.Bueno,20,DEF,45,0.516,1.2371,0.1,0.198,0.1088,0.0008,1,1,20,0,2026-08-19T06:19:11.631384+00:00,2026-08-19T06:19:59.159907+00:00
18,698,González,20,MID,50,0.7028,1.3121,0.18,0.1804,0.1818,0.0,1,0,0,0,2026-08-19T06:19:11.631384+00:00,2026-08-19T06:19:59.159907+00:00
18,704,Fraser,20,FWD,45,0.4472,0.8968,0.1,0.198,0.1088,0.0008,1,0,0,0,2026-08-19T06:19:11.631384+00:00,2026-08-19T06:19:59.159907+00:00
18,715,Bellegarde,20,MID,49,1.0636,1.646,0.28,0.1584,0.2731,0.002,1,0,0,0,2026-08-19T06:19:11.631384+00:00,2026-08-19T06:19:59.159907+00:00
18,749,Whittingham,20,MID,45,0.4804,0.9673,0.1,0.198,0.1088,0.0,1,0,0,0,2026-08-19T06:19:11.631384+00:00,2026-08-19T06:19:59.159907+00:00
18,750,Chirewa,20,MID,45,0.462,0.9876,0.1,0.198,0.1088,0.0004,1,0,0,0,2026-08-19T06:19:11.631384+00:00,2026-08-19T06:19:59.159907+00:00
18,751,Hubner,20,DEF,40,0.5436,1.3054,0.1,0.198,0.1088,0.0012,1,0,0,0,2026-08-19T06:19:11.631384+00:00,2026-08-19T06:19:59.159907+00:00
18,769,Hesketh,20,MID,45,0,0,0.0,0.0,0.0,0,1,0,0,0,2026-08-19T06:19:11.631384+00:00,2026-08-19T06:19:59.159907+00:00
18,770,Barnett,20,MID,45,0.462,0.9454,0.1,0.198,0.1088,0.0,1,0,0,0,2026-08-19T06:19:11.631384+00:00,2026-08-19T06:19:59.159907+00:00
18,787,Griffiths,20,MID,45,0.4828,0.997,0.1,0.198,0.1088,0.0004,1,,,,2026-08-19T06:19:11.631384+00:00,
18,788,Mosquera,20,DEF,40,0,0,0.0,0.0,0.0,0,1,,,,2026-08-19T06:19:11.631384+00:00,
18,800,N.Lemina,20,MID,50,0.674,1.3074,0.18,0.1804,0.1818,0.002,1,,,,2026-08-19T06:19:11.631384+00:00,
18,832,Okoduwa,20,DEF,40,0.5516,1.3026,0.1,0.198,0.1088,0.0,1,,,,2026-08-19T06:19:11.631384+00:00,
18,836,Chiwome,20,FWD,45,0,0,0.0,0.0,0.0,0,1,,,,2026-08-19T06:19:11.631384+00:00,
18,840,Holman,20,FWD,45,0.4684,0.9772,0.1,0.198,0.1088,0.0004,1,,,,2026-08-19T06:19:11.631384+00:00,
18,853,Ojinnaka,20,MID,45,0.4392,0.9214,0.1,0.198,0.1088,0.0004,1,,,,2026-08-19T06:19:11.631384+00:00,
