gw,player_id,web_name,team_id,position,now_cost,mu,sigma,p_start,p_sub,p_60,p_10_plus,n_fixtures,actual_points,actual_minutes,did_start,captured_at,scored_at
19,1,Balogun,1,FWD,44,0,0,0.0,0.0,0.0,0,1,0,0,0,2026-08-19T06:19:13.254686+00:00,2026-08-19T06:19:59.190370+00:00
19,2,Cédric,1,DEF,39,0.4844,1.1492,0.1,0.198,0.1088,0.0004,1,0,0,0,2026-08-19T06:19:13.254686+00:00,2026-08-19T06:19:59.190370+00:00
19,3,M.Elneny,1,MID,44,0.504,1.0272,0.1,0.198,0.1088,0.0008,1,0,0,0,2026-08-19T06:19:13.254686+00:00,2026-08-19T06:19:59.190370+00:00
19,4,Fábio Vieira,1,MID,54,0.7496,1.4601,0.18,0.1804,0.1818,0.0024,1,0,0,0,2026-08-19T06:19:13.254686+00:00,2026-08-19T06:19:59.190370+00:00
19,5,Gabriel,1,DEF,49,1.7904,2.3885,0.48,0.1144,0.4556,0.0076,1,1,90,1,2026-08-19T06:19:13.254686+00:00,2026-08-19T06:19:59.190370+00:00
19,6,Havertz,1,MID,71,1.9532,2.7016,0.48,0.1456,0.458,0.0252,1,0,0,0,2026-08-19T06:19:13.254686+00:00,2026-08-19T06:19:59.190370+00:00
19,8,G.Jesus,1,FWD,80,2.2944,2.8704,0.48,0.1456,0.458,0.0276,1,1,90,1,2026-08-19T06:19:13.254686+00:00,2026-08-19T06:19:59.190370+00:00
19,9,Jorginho,1,MID,53,0.926,1.4907,0.28,0.1584,0.2731,0.0012,1,0,0,0,2026-08-19T06:19:13.254686+00:00,2026-08-19T06:19:59.190370+00:00
19,10,Kiwior,1,DEF,43,0.8404,1.6119,0.22,0.1716,0.2183,0.0004,1,0,0,0,2026-08-19T06:19:13.254686+00:00,2026-08-19T06:19:59.190370+00:00
19,11,Marquinhos,1,MID,45,0,0,0.0,0.0,0.0,0,1,0,0,0,2026-08-19T06:19:13.254686+00:00,2026-08-19T06:19:59.190370+00:00
19,12,Martinelli,1,MID,77,1.9384,2.4974,0.48,0.1456,0.458,0.0176,1,2,63,1,2026-08-19T06:19:13.254686+00:00,2026-08-19T06:19:59.190370+00:00
19,13,Nketiah,1,FWD,54,1.8576,2.3393,0.48,0.1144,0.4556,0.0092,1,1,26,0,2026-08-19T06:19:13.254686+00:00,2026-08-19T06:19:59.190370+00:00
19,14,Ødegaard,1,MID,84,2.6524,3.2353,0.48,0.1456,0.458,0.0424,1,2,90,1,2026-08-19T06:19:13.254686+00:00,2026-08-19T06:19:59.190370+00:00
19,15,Thomas,1,MID,48,0.8568,1.3926,0.28,0.1584,0.2731,0.0008,1,0,0,0,2026-08-19T06:19:13.254686+00:00,2026-08-19T06:19:59.190370+00:00
19,16,Pepe,1,MID,49,0,0,0.0,0.0,0.0,0,1,0,0,0,2026-08-19T06:19:13.254686+00:00,2026-08-19T06:19:59.190370+00:00
19,17,Ramsdale,1,GKP,46,0.318,1.0283,0.08,0.0736,0.0803,0.0,1,0,0,0,2026-08-19T06:19:13.254686+00:00,2026-08-19T06:19:59.190370+00:00
19,18,Rúnarsson,1,GKP,40,0,0,0.0,0.0,0.0,0,1,0,0,0,2026-08-19T06:19:13.254686+00:00,2026-08-19T06:19:59.190370+00:00
19,19,Saka,1,MID,90,2.1336,3.2098,0.34,0.1848,0.331,0.04,1,2,90,1,2026-08-19T06:19:13.254686+00:00,2026-08-19T06:19:59.190370+00:00
19,20,Saliba,1,DEF,55,2.494,2.5811,0.68,0.0576,0.637,0.0108,1,1,90,1,2026-08-19T06:19:13.254686+00:00,2026-08-19T06:19:59.190370+00:00
19,22,Smith Rowe,1,MID,53,0.7932,1.5245,0.18,0.1804,0.1818,0.0032,1,1,11,0,2026-08-19T06:19:13.254686+00:00,2026-08-19T06:19:59.190370+00:00
19,24,Tierney,1,DEF,44,0,0,0.0,0.0,0.0,0,1,0,0,0,2026-08-19T06:19:13.254686+00:00,2026-08-19T06:19:59.190370+00:00
19,25,Tomiyasu,1,DEF,45,1.004,1.9744,0.22,0.1716,0.2183,0.0044,1,0,0,0,2026-08-19T06:19:13.254686+00:00,2026-08-19T06:19:59.190370+00:00
19,26,Trossard,1,MID,65,1.5908,2.525,0.28,0.2016,0.2765,0.0132,1,2,78,1,2026-08-19T06:19:13.254686+00:00,2026-08-19T06:19:59.190370+00:00
19,29,White,1,DEF,56,1.9664,2.5636,0.48,0.1456,0.458,0.0124,1,1,90,1,2026-08-19T06:19:13.254686+00:00,2026-08-19T06:19:59.190370+00:00
19,30,Xhaka,1,MID,60,0,0,0.0,0.0,0.0,0,1,0,0,0,2026-08-19T06:19:13.254686+00:00,2026-08-19T06:19:59.190370+00:00
19,31,Zinchenko,1,DEF,52,2.2536,2.7833,0.48,0.1144,0.4556,0.018,1,1,63,1,2026-08-19T06:19:13.254686+00:00,2026-08-19T06:19:59.190370+00:00
19,113,Raya,1,GKP,49,3.032,2.1457,0.9,0.008,0.8376,0.0008,1,6,90,1,2026-08-19T06:19:13.254686+00:00,2026-08-19T06:19:59.190370+00:00
19,540,Rice,1,MID,54,2.2412,2.1236,0.68,0.0576,0.637,0.0052,1,2,90,1,2026-08-19T06:19:13.254686+00:00,2026-08-19T06:19:59.190370+00:00
19,578,Nelson,1,MID,48,0.7308,1.3263,0.18,0.1804,0.1818,0.0008,1,0,26,0,2026-08-19T06:19:13.254686+00:00,2026-08-19T06:19:59.190370+00:00
19,585,J.Timber,1,DEF,46,0.7544,1.6127,0.18,0.1804,0.1818,0.0032,1,0,0,0,2026-08-19T06:19:13.254686+00:00,2026-08-19T06:19:59.190370+00:00
19,646,Hein,1,GKP,40,0.1768,0.8101,0.04,0.0384,0.0403,0.0,1,0,0,0,2026-08-19T06:19:13.254686+00:00,2026-08-19T06:19:59.190370+00:00
19,735,Sagoe,1,MID,45,0,0,0.0,0.0,0.0,0,1,0,0,0,2026-08-19T06:19:13.254686+00:00,2026-08-19T06:19:59.190370+00:00
19,736,Walters,1,DEF,40,0.5368,1.2814,0.1,0.198,0.1088,0.0012,1,0,0,0,2026-08-19T06:19:13.254686+00:00,2026-08-19T06:19:59.190370+00:00
19,737,Ibrahim,1,MID,45,0,0,0.0,0.0,0.0,0,1,0,0,0,2026-08-19T06:19:13.254686+00:00,2026-08-19T06:19:59.190370+00:00
19,764,Lewis-Skelly,1,MID,45,0.4724,0.9295,0.1,0.198,0.1088,0.0004,1,0,0,0,2026-08-19T06:19:13.254686+00:00,2026-08-19T06:19:59.190370+00:00
19,772,Nwaneri,1,MID,45,0.4476,0.9548,0.1,0.198,0.1088,0.0004,1,0,0,0,2026-08-19T06:19:13.254686+00:00,2026-08-19T06:19:59.190370+00:00
19,815,Bandeira,1,MID,45,0.492,0.998,0.1,0.198,0.1088,0.0,1,,,,2026-08-19T06:19:13.254686+00:00,
19,817,Sweet,1,DEF,40,0.5096,1.2251,0.1,0.198,0.1088,0.0012,1,,,,2026-08-19T06:19:13.254686+00:00,
19,32,Alex Moreno,2,DEF,50,0.508,1.3316,0.09,0.2002,0.0997,0.0036,1,0,40,0,2026-08-19T06:19:13.254686+00:00,2026-08-19T06:19:59.190370+00:00
19,34,Bailey,2,MID,56,1.2104,2.0608,0.28,0.2016,0.2765,0.0084,1,2,76,1,2026-08-19T06:19:13.254686+00:00,2026-08-19T06:19:59.190370+00:00
19,35,Buendia,2,MID,57,0,0,0.0,0.0,0.0,0,1,0,0,0,2026-08-19T06:19:13.254686+00:00,2026-08-19T06:19:59.190370+00:00
19,36,Cash,2,DEF,47,0,0,0.0,0.0,0.0,0,1,0,0,0,2026-08-19T06:19:13.254686+00:00,2026-08-19T06:19:59.190370+00:00
19,37,Chambers,2,DEF,39,0.768,1.4571,0.22,0.1716,0.2183,0.0004,1,0,0,0,2026-08-19T06:19:13.254686+00:00,2026-08-19T06:19:59.190370+00:00
19,38,Coutinho,2,MID,58,0,0,0.0,0.0,0.0,0,1,0,0,0,2026-08-19T06:19:13.254686+00:00,2026-08-19T06:19:59.190370+00:00
19,39,Davis,2,FWD,49,0,0,0.0,0.0,0.0,0,1,0,0,0,2026-08-19T06:19:13.254686+00:00,2026-08-19T06:19:59.190370+00:00
19,40,Dendoncker,2,MID,49,0,0,0.0,0.0,0.0,0,1,13,85,1,2026-08-19T06:19:13.254686+00:00,2026-08-19T06:19:59.190370+00:00
19,41,Diego Carlos,2,DEF,44,0.7576,1.5186,0.22,0.1716,0.2183,0.0016,1,0,90,1,2026-08-19T06:19:13.254686+00:00,2026-08-19T06:19:59.190370+00:00
19,42,Digne,2,DEF,47,1.9852,2.2458,0.68,0.0704,0.638,0.006,1,1,49,1,2026-08-19T06:19:13.254686+00:00,2026-08-19T06:19:59.190370+00:00
19,43,Douglas Luiz,2,MID,55,2.8084,2.7311,0.68,0.0896,0.6396,0.0252,1,2,90,1,2026-08-19T06:19:13.254686+00:00,2026-08-19T06:19:59.190370+00:00
19,44,Duran,2,FWD,50,0.6408,1.1445,0.18,0.1804,0.1818,0.0004,1,1,4,0,2026-08-19T06:19:13.254686+00:00,2026-08-19T06:19:59.190370+00:00
19,45,Hause,2,DEF,39,0.4516,1.0633,0.1,0.198,0.1088,0.0,1,0,0,0,2026-08-19T06:19:13.254686+00:00,2026-08-19T06:19:59.190370+00:00
19,46,Iroegbunam,2,MID,44,0.444,0.8899,0.1,0.198,0.1088,0.0,1,1,4,0,2026-08-19T06:19:13.254686+00:00,2026-08-19T06:19:59.190370+00:00
19,47,Kamara,2,MID,50,0,0,0.0,0.0,0.0,0,1,0,0,0,2026-08-19T06:19:13.254686+00:00,2026-08-19T06:19:59.190370+00:00
19,48,Konsa,2,DEF,46,2.148,2.5609,0.68,0.0576,0.637,0.0172,1,0,90,1,2026-08-19T06:19:13.254686+00:00,2026-08-19T06:19:59.190370+00:00
19,49,Martinez,2,GKP,52,3.1656,2.2594,0.9,0.008,0.8376,0.0024,1,2,90,1,2026-08-19T06:19:13.254686+00:00,2026-08-19T06:19:59.190370+00:00
19,50,McGinn,2,MID,55,2.378,2.2607,0.68,0.0576,0.637,0.01,1,7,85,1,2026-08-19T06:19:13.254686+00:00,2026-08-19T06:19:59.190370+00:00
19,51,Mings,2,DEF,41,0,0,0.0,0.0,0.0,0,1,0,0,0,2026-08-19T06:19:13.254686+00:00,2026-08-19T06:19:59.190370+00:00
19,53,Olsen,2,GKP,39,0.1272,0.6073,0.04,0.0384,0.0403,0.0,1,0,0,0,2026-08-19T06:19:13.254686+00:00,2026-08-19T06:19:59.190370+00:00
19,54,Philogene,2,MID,45,0,0,0.0,0.0,0.0,0,1,0,0,0,2026-08-19T06:19:13.254686+00:00,2026-08-19T06:19:59.190370+00:00
19,55,J.Ramsey,2,MID,59,0,0,0.0,0.0,0.0,0,1,1,76,1,2026-08-19T06:19:13.254686+00:00,2026-08-19T06:19:59.190370+00:00
19,56,Sanson,2,MID,45,0,0,0.0,0.0,0.0,0,1,0,0,0,2026-08-19T06:19:13.254686+00:00,2026-08-19T06:19:59.190370+00:00
19,57,Sinisalo,2,GKP,40,0,0,0.0,0.0,0.0,0,1,0,0,0,2026-08-19T06:19:13.254686+00:00,2026-08-19T06:19:59.190370+00:00
19,58,Tielemans,2,MID,56,0,0,0.0,0.0,0.0,0,1,0,0,0,2026-08-19T06:19:13.254686+00:00,2026-08-19T06:19:59.190370+00:00
19,59,Bertrand Traoré,2,MID,50,0,0,0.0,0.0,0.0,0,1,0,0,0,2026-08-19T06:19:13.254686+00:00,2026-08-19T06:19:59.190370+00:00
19,60,Watkins,2,FWD,88,3.1092,3.0597,0.68,0.0576,0.637,0.0452,1,2,90,1,2026-08-19T06:19:13.254686+00:00,2026-08-19T06:19:59.190370+00:00
19,61,Wesley,2,FWD,50,0,0,0.0,0.0,0.0,0,1,0,0,0,2026-08-19T06:19:13.254686+00:00,2026-08-19T06:19:59.190370+00:00
19,584,Pau,2,DEF,47,2.1416,2.2936,0.68,0.0704,0.638,0.0064,1,0,0,0,2026-08-19T06:19:13.254686+00:00,2026-08-19T06:19:59.190370+00:00
19,599,Diaby,2,MID,66,2.0024,2.4972,0.48,0.1456,0.458,0.014,1,1,13,0,2026-08-19T06:19:13.254686+00:00,2026-08-19T06:19:59.190370+00:00
19,618,Kellyman,2,MID,45,0.446,0.9614,0.1,0.198,0.1088,0.0004,1,0,0,0,2026-08-19T06:19:13.254686+00:00,2026-08-19T06:19:59.190370+00:00
19,670,Marschall,2,GKP,40,0,0,0.0,0.0,0.0,0,1,0,0,0,2026-08-19T06:19:13.254686+00:00,2026-08-19T06:19:59.190370+00:00
19,672,Zaniolo,2,MID,54,0,0,0.0,0.0,0.0,0,1,1,13,0,2026-08-19T06:19:13.254686+00:00,2026-08-19T06:19:59.190370+00:00
19,686,Zych,2,GKP,40,0,0,0.0,0.0,0.0,0,1,0,0,0,2026-08-19T06:19:13.254686+00:00,2026-08-19T06:19:59.190370+00:00
19,699,Lenglet,2,DEF,45,0.5116,1.2172,0.1,0.198,0.1088,0.002,1,4,90,1,2026-08-19T06:19:13.254686+00:00,2026-08-19T06:19:59.190370+00:00
19,765,Proctor,2,GKP,40,0.1756,0.8091,0.04,0.0384,0.0403,0.0,1,0,0,0,2026-08-19T06:19:13.254686+00:00,2026-08-19T06:19:59.190370+00:00
19,767,O'Reilly,2,MID,45,0,0,0.0,0.0,0.0,0,1,0,0,0,2026-08-19T06:19:13.254686+00:00,2026-08-19T06:19:59.190370+00:00
19,778,Wright,2,GKP,40,0.1684,0.7533,0.04,0.0384,0.0403,0.0,1,,,,2026-08-19T06:19:13.254686+00:00,
19,793,Kesler-Hayden,2,DEF,40,0.4816,1.1366,0.1,0.198,0.1088,0.0008,1,,,,2026-08-19T06:19:13.254686+00:00,
19,803,Rogers,2,MID,50,0,0,0.0,0.0,0.0,0,1,,,,2026-08-19T06:19:13.254686+00:00,
19,818,Gauci,2,GKP,39,0.1684,0.7717,0.04,0.0384,0.0403,0.0,1,,,,2026-08-19T06:19:13.254686+00:00,
19,854,Munroe,2,DEF,40,0.492,1.1207,0.1,0.198,0.1088,0.0,1,,,,2026-08-19T06:19:13.254686+00:00,
19,865,Young,2,MID,45,0.4852,0.987,0.1,0.198,0.1088,0.0,1,,,,2026-08-19T06:19:13.254686+00:00,
19,866,Emery,2,GKP,40,0.174,0.795,0.04,0.0384,0.0403,0.0,1,,,,2026-08-19T06:19:13.254686+00:00,
19,62,Anthony,3,MID,49,0,0,0.0,0.0,0.0,0,1,0,0,0,2026-08-19T06:19:13.254686+00:00,2026-08-19T06:19:59.190370+00:00
19,63,Billing,3,MID,52,1.8392,2.3175,0.48,0.1144,0.4556,0.01,1,1,17,0,2026-08-19T06:19:13.254686+00:00,2026-08-19T06:19:59.190370+00:00
19,64,Brooks,3,MID,48,0,0,0.0,0.0,0.0,0,1,4,2,0,2026-08-19T06:19:13.254686+00:00,2026-08-19T06:19:59.190370+00:00
19,65,Christie,3,MID,50,2.1872,2.019,0.68,0.0704,0.638,0.008,1,3,90,1,2026-08-19T06:19:13.254686+00:00,2026-08-19T06:19:59.190370+00:00
19,66,L.Cook,3,MID,50,1.48,1.6237,0.48,0.1144,0.4556,0.0004,1,0,0,0,2026-08-19T06:19:13.254686+00:00,2026-08-19T06:19:59.190370+00:00
19,67,Siriki,3,MID,45,0,0,0.0,0.0,0.0,0,1,0,0,0,2026-08-19T06:19:13.254686+00:00,2026-08-19T06:19:59.190370+00:00
19,68,Fredericks,3,DEF,43,0,0,0.0,0.0,0.0,0,1,0,0,0,2026-08-19T06:19:13.254686+00:00,2026-08-19T06:19:59.190370+00:00
19,69,Hill,3,DEF,40,0.4908,1.1737,0.1,0.198,0.1088,0.0004,1,0,0,0,2026-08-19T06:19:13.254686+00:00,2026-08-19T06:19:59.190370+00:00
19,70,Kelly,3,DEF,45,0.8936,1.7358,0.22,0.1716,0.2183,0.002,1,0,0,0,2026-08-19T06:19:13.254686+00:00,2026-08-19T06:19:59.190370+00:00
19,71,Kilkenny,3,MID,43,0,0,0.0,0.0,0.0,0,1,0,0,0,2026-08-19T06:19:13.254686+00:00,2026-08-19T06:19:59.190370+00:00
19,72,Kluivert,3,MID,46,1.5864,1.838,0.48,0.1144,0.4556,0.0024,1,8,72,1,2026-08-19T06:19:13.254686+00:00,2026-08-19T06:19:59.190370+00:00
19,73,Lowe,3,MID,49,0,0,0.0,0.0,0.0,0,1,0,0,0,2026-08-19T06:19:13.254686+00:00,2026-08-19T06:19:59.190370+00:00
19,74,Marcondes,3,MID,43,0,0,0.0,0.0,0.0,0,1,0,0,0,2026-08-19T06:19:13.254686+00:00,2026-08-19T06:19:59.190370+00:00
19,75,Mepham,3,DEF,43,0.3476,0.8451,0.05,0.209,0.0632,0.0,1,0,0,0,2026-08-19T06:19:13.254686+00:00,2026-08-19T06:19:59.190370+00:00
19,76,Moore,3,FWD,47,0,0,0.0,0.0,0.0,0,1,0,0,0,2026-08-19T06:19:13.254686+00:00,2026-08-19T06:19:59.190370+00:00
19,77,Neto,3,GKP,46,3.788,2.5167,0.9,0.008,0.8376,0.0084,1,9,90,1,2026-08-19T06:19:13.254686+00:00,2026-08-19T06:19:59.190370+00:00
19,78,O.Dango,3,MID,47,1.014,1.6787,0.28,0.1584,0.2731,0.0032,1,3,90,1,2026-08-19T06:19:13.254686+00:00,2026-08-19T06:19:59.190370+00:00
19,79,Pearson,3,MID,45,0,0,0.0,0.0,0.0,0,1,0,0,0,2026-08-19T06:19:13.254686+00:00,2026-08-19T06:19:59.190370+00:00
19,80,Randolph,3,GKP,40,0.1644,0.7637,0.04,0.0384,0.0403,0.0,1,0,0,0,2026-08-19T06:19:13.254686+00:00,2026-08-19T06:19:59.190370+00:00
19,81,Rothwell,3,MID,48,0,0,0.0,0.0,0.0,0,1,0,0,0,2026-08-19T06:19:13.254686+00:00,2026-08-19T06:19:59.190370+00:00
19,82,Semenyo,3,FWD,46,1.5196,1.9696,0.48,0.1144,0.4556,0.006,1,5,71,1,2026-08-19T06:19:13.254686+00:00,2026-08-19T06:19:59.190370+00:00
19,83,Senesi,3,DEF,45,0.9924,1.9672,0.22,0.1716,0.2183,0.0052,1,6,90,1,2026-08-19T06:19:13.254686+00:00,2026-08-19T06:19:59.190370+00:00
19,84,Smith,3,DEF,44,0.9148,1.673,0.22,0.1716,0.2183,0.0004,1,6,90,1,2026-08-19T06:19:13.254686+00:00,2026-08-19T06:19:59.190370+00:00
19,85,Solanke,3,FWD,70,3.376,3.327,0.68,0.0576,0.637,0.0688,1,6,90,1,2026-08-19T06:19:13.254686+00:00,2026-08-19T06:19:59.190370+00:00
19,86,Tavernier,3,MID,54,1.9312,2.3933,0.48,0.1144,0.4556,0.0132,1,3,87,1,2026-08-19T06:19:13.254686+00:00,2026-08-19T06:19:59.190370+00:00
19,87,Hamed Traorè,3,MID,47,0,0,0.0,0.0,0.0,0,1,0,0,0,2026-08-19T06:19:13.254686+00:00,2026-08-19T06:19:59.190370+00:00
19,88,Travers,3,GKP,40,0.1948,0.8581,0.04,0.0384,0.0403,0.0,1,0,0,0,2026-08-19T06:19:13.254686+00:00,2026-08-19T06:19:59.190370+00:00
19,89,Zabarnyi,3,DEF,44,0.7776,1.5637,0.22,0.1404,0.2158,0.0012,1,7,90,1,2026-08-19T06:19:13.254686+00:00,2026-08-19T06:19:59.190370+00:00
19,595,Kerkez,3,DEF,44,0.8784,1.6533,0.22,0.1716,0.2183,0.0016,1,0,0,0,2026-08-19T06:19:13.254686+00:00,2026-08-19T06:19:59.190370+00:00
19,607,Radu,3,GKP,44,0.1824,0.8351,0.04,0.0384,0.0403,0.0,1,0,0,0,2026-08-19T06:19:13.254686+00:00,2026-08-19T06:19:59.190370+00:00
19,619,Greenwood,3,DEF,40,0,0,0.0,0.0,0.0,0,1,0,0,0,2026-08-19T06:19:13.254686+00:00,2026-08-19T06:19:59.190370+00:00
19,643,Aarons,3,DEF,44,0.7712,1.5294,0.22,0.1716,0.2183,0.0016,1,0,0,0,2026-08-19T06:19:13.254686+00:00,2026-08-19T06:19:59.190370+00:00
19,644,Scott,3,MID,49,0.9592,1.4924,0.28,0.1584,0.2731,0.0016,1,9,90,1,2026-08-19T06:19:13.254686+00:00,2026-08-19T06:19:59.190370+00:00
19,673,Adams,3,MID,49,1.9452,1.1428,0.82,0.0324,0.7652,0.0,1,0,0,0,2026-08-19T06:19:13.254686+00:00,2026-08-19T06:19:59.190370+00:00
19,705,Sinisterra,3,MID,55,0,0,0.0,0.0,0.0,0,1,6,18,0,2026-08-19T06:19:13.254686+00:00,2026-08-19T06:19:59.190370+00:00
19,799,Faivre,3,MID,50,0.6948,1.3494,0.18,0.1804,0.1818,0.0024,1,,,,2026-08-19T06:19:13.254686+00:00,
19,802,Kinsey,3,DEF,40,0.538,1.2285,0.1,0.198,0.1088,0.0004,1,,,,2026-08-19T06:19:13.254686+00:00,
19,804,Enes Ünal,3,FWD,50,0.6484,1.1753,0.18,0.1804,0.1818,0.0008,1,,,,2026-08-19T06:19:13.254686+00:00,
19,811,Sadi,3,MID,45,0.4876,0.9715,0.1,0.198,0.1088,0.0,1,,,,2026-08-19T06:19:13.254686+00:00,
19,849,Dacosta Gonzalez,3,MID,45,0.4712,0.9453,0.1,0.198,0.1088,0.0,1,,,,2026-08-19T06:19:13.254686+00:00,
19,855,McKenna,3,GKP,40,0.1964,0.8615,0.04,0.0384,0.0403,0.0,1,,,,2026-08-19T06:19:13.254686+00:00,
19,90,Ajer,4,DEF,45,0.898,1.866,0.22,0.1716,0.2183,0.0064,1,0,0,0,2026-08-19T06:19:13.254686+00:00,2026-08-19T06:19:59.190370+00:00
19,91,Balcombe,4,GKP,39,0.1832,0.8506,0.04,0.0384,0.0403,0.0004,1,0,0,0,2026-08-19T06:19:13.254686+00:00,2026-08-19T06:19:59.190370+00:00
19,92,Baptiste,4,MID,43,0.49,1.0446,0.1,0.198,0.1088,0.0008,1,0,0,0,2026-08-19T06:19:13.254686+00:00,2026-08-19T06:19:59.190370+00:00
19,93,Bech,4,DEF,40,0,0,0.0,0.0,0.0,0,1,0,0,0,2026-08-19T06:19:13.254686+00:00,2026-08-19T06:19:59.190370+00:00
19,94,Bidstrup,4,MID,45,0,0,0.0,0.0,0.0,0,1,0,0,0,2026-08-19T06:19:13.254686+00:00,2026-08-19T06:19:59.190370+00:00
19,95,Canós,4,MID,50,0,0,0.0,0.0,0.0,0,1,0,0,0,2026-08-19T06:19:13.254686+00:00,2026-08-19T06:19:59.190370+00:00
19,96,Collins,4,DEF,45,0.5668,1.3746,0.11,0.1958,0.118,0.0016,1,0,90,1,2026-08-19T06:19:13.254686+00:00,2026-08-19T06:19:59.190370+00:00
19,97,Cox,4,GKP,40,0,0,0.0,0.0,0.0,0,1,0,0,0,2026-08-19T06:19:13.254686+00:00,2026-08-19T06:19:59.190370+00:00
19,98,Damsgaard,4,MID,48,0.712,1.2807,0.18,0.1804,0.1818,0.0008,1,1,45,1,2026-08-19T06:19:13.254686+00:00,2026-08-19T06:19:59.190370+00:00
19,99,Dasilva,4,MID,47,0,0,0.0,0.0,0.0,0,1,0,0,0,2026-08-19T06:19:13.254686+00:00,2026-08-19T06:19:59.190370+00:00
19,100,Dervişoğlu,4,FWD,45,0,0,0.0,0.0,0.0,0,1,0,0,0,2026-08-19T06:19:13.254686+00:00,2026-08-19T06:19:59.190370+00:00
19,101,Flekken,4,GKP,45,3.1652,2.2432,0.9,0.004,0.8373,0.0012,1,0,90,1,2026-08-19T06:19:13.254686+00:00,2026-08-19T06:19:59.190370+00:00
19,102,Goode,4,DEF,39,0,0,0.0,0.0,0.0,0,1,0,0,0,2026-08-19T06:19:13.254686+00:00,2026-08-19T06:19:59.190370+00:00
19,103,Henry,4,DEF,43,0,0,0.0,0.0,0.0,0,1,0,0,0,2026-08-19T06:19:13.254686+00:00,2026-08-19T06:19:59.190370+00:00
19,104,Hickey,4,DEF,44,0,0,0.0,0.0,0.0,0,1,0,0,0,2026-08-19T06:19:13.254686+00:00,2026-08-19T06:19:59.190370+00:00
19,105,Janelt,4,MID,53,2.0228,1.7997,0.68,0.0704,0.638,0.0024,1,2,90,1,2026-08-19T06:19:13.254686+00:00,2026-08-19T06:19:59.190370+00:00
19,106,Jensen,4,MID,54,1.8744,2.1981,0.48,0.1144,0.4556,0.006,1,1,23,0,2026-08-19T06:19:13.254686+00:00,2026-08-19T06:19:59.190370+00:00
19,107,Lewis-Potter,4,MID,47,1.0,1.6566,0.28,0.1584,0.2731,0.0036,1,2,85,1,2026-08-19T06:19:13.254686+00:00,2026-08-19T06:19:59.190370+00:00
19,108,Mbeumo,4,MID,68,3.1548,3.9179,0.48,0.1456,0.458,0.0824,1,0,0,0,2026-08-19T06:19:13.254686+00:00,2026-08-19T06:19:59.190370+00:00
19,109,Mee,4,DEF,48,0,0,0.0,0.0,0.0,0,1,0,0,0,2026-08-19T06:19:13.254686+00:00,2026-08-19T06:19:59.190370+00:00
19,110,Nørgaard,4,MID,54,2.1592,2.2426,0.68,0.0704,0.638,0.012,1,1,90,1,2026-08-19T06:19:13.254686+00:00,2026-08-19T06:19:59.190370+00:00
19,111,Onyeka,4,MID,49,0.658,1.4106,0.14,0.1892,0.1453,0.0024,1,0,0,0,2026-08-19T06:19:13.254686+00:00,2026-08-19T06:19:59.190370+00:00
19,112,Pinnock,4,DEF,46,2.716,2.8464,0.68,0.0576,0.637,0.026,1,0,90,1,2026-08-19T06:19:13.254686+00:00,2026-08-19T06:19:59.190370+00:00
19,114,Roerslev,4,DEF,44,0.8852,1.6408,0.22,0.1716,0.2183,0.0004,1,1,66,1,2026-08-19T06:19:13.254686+00:00,2026-08-19T06:19:59.190370+00:00
19,115,Schade,4,MID,53,1.042,1.6916,0.28,0.1584,0.2731,0.002,1,0,0,0,2026-08-19T06:19:13.254686+00:00,2026-08-19T06:19:59.190370+00:00
19,116,Strakosha,4,GKP,39,0.1796,0.8497,0.04,0.0384,0.0403,0.0004,1,0,0,0,2026-08-19T06:19:13.254686+00:00,2026-08-19T06:19:59.190370+00:00
19,117,Toney,4,FWD,79,4.152,2.9758,0.9,0.018,0.8384,0.0548,1,0,0,0,2026-08-19T06:19:13.254686+00:00,2026-08-19T06:19:59.190370+00:00
19,118,Trevitt,4,MID,45,0,0,0.0,0.0,0.0,0,1,0,0,0,2026-08-19T06:19:13.254686+00:00,2026-08-19T06:19:59.190370+00:00
19,119,Wissa,4,FWD,58,2.6048,2.5096,0.68,0.0896,0.6396,0.0232,1,7,85,1,2026-08-19T06:19:13.254686+00:00,2026-08-19T06:19:59.190370+00:00
19,120,Yarmoliuk,4,MID,44,0.916,1.4844,0.28,0.1584,0.2731,0.0004,1,1,45,1,2026-08-19T06:19:13.254686+00:00,2026-08-19T06:19:59.190370+00:00
19,121,Zanka,4,DEF,43,0.5872,1.3635,0.1,0.198,0.1088,0.0016,1,0,0,0,2026-08-19T06:19:13.254686+00:00,2026-08-19T06:19:59.190370+00:00
19,258,Maupay,4,FWD,49,1.1996,2.1322,0.28,0.1584,0.2731,0.0096,1,5,90,1,2026-08-19T06:19:13.254686+00:00,2026-08-19T06:19:59.190370+00:00
19,508,Reguilón,4,DEF,44,0.8616,1.7155,0.22,0.1716,0.2183,0.0024,1,0,0,0,2026-08-19T06:19:13.254686+00:00,2026-08-19T06:19:59.190370+00:00
19,620,Olakigbe,4,MID,45,0,0,0.0,0.0,0.0,0,1,1,4,0,2026-08-19T06:19:13.254686+00:00,2026-08-19T06:19:59.190370+00:00
19,684,Brierley,4,MID,45,0.4548,0.9232,0.1,0.198,0.1088,0.0,1,0,0,0,2026-08-19T06:19:13.254686+00:00,2026-08-19T06:19:59.190370+00:00
19,701,Ghoddos,4,MID,45,0.8548,1.365,0.28,0.1584,0.2731,0.0004,1,2,90,1,2026-08-19T06:19:13.254686+00:00,2026-08-19T06:19:59.190370+00:00
19,725,Kim Ji-Soo,4,DEF,40,0.5404,1.2816,0.1,0.198,0.1088,0.0008,1,0,0,0,2026-08-19T06:19:13.254686+00:00,2026-08-19T06:19:59.190370+00:00
19,733,Adedokun,4,DEF,40,0.5088,1.2146,0.1,0.198,0.1088,0.0008,1,0,0,0,2026-08-19T06:19:13.254686+00:00,2026-08-19T06:19:59.190370+00:00
19,744,Peart-Harris,4,MID,45,0,0,0.0,0.0,0.0,0,1,1,4,0,2026-08-19T06:19:13.254686+00:00,2026-08-19T06:19:59.190370+00:00
19,752,Angelini,4,GKP,40,0.1568,0.7302,0.04,0.0384,0.0403,0.0,1,0,0,0,2026-08-19T06:19:13.254686+00:00,2026-08-19T06:19:59.190370+00:00
19,789,Valdimarsson,4,GKP,40,0.1668,0.7787,0.04,0.0384,0.0403,0.0,1,,,,2026-08-19T06:19:13.254686+00:00,
19,797,Fredrick,4,DEF,40,0.5244,1.2005,0.1,0.198,0.1088,0.0004,1,,,,2026-08-19T06:19:13.254686+00:00,
19,834,Arthur,4,DEF,40,0.5276,1.2782,0.1,0.198,0.1088,0.0012,1,,,,2026-08-19T06:19:13.254686+00:00,
19,864,Konak,4,MID,45,0.5024,1.0396,0.1,0.198,0.1088,0.0004,1,,,,2026-08-19T06:19:13.254686+00:00,
19,122,Adingra,5,MID,50,1.9784,2.4325,0.48,0.1144,0.4556,0.016,1,0,0,0,2026-08-19T06:19:13.254686+00:00,2026-08-19T06:19:59.190370+00:00
19,123,Alzate,5,MID,44,0,0,0.0,0.0,0.0,0,1,0,0,0,2026-08-19T06:19:13.254686+00:00,2026-08-19T06:19:59.190370+00:00
19,124,Ayari,5,MID,45,0,0,0.0,0.0,0.0,0,1,0,0,0,2026-08-19T06:19:13.254686+00:00,2026-08-19T06:19:59.190370+00:00
19,125,Buonanotte,5,MID,47,0.9272,1.4309,0.28,0.1584,0.2731,0.0016,1,0,58,1,2026-08-19T06:19:13.254686+00:00,2026-08-19T06:19:59.190370+00:00
19,127,Connolly,5,FWD,45,0,0,0.0,0.0,0.0,0,1,0,0,0,2026-08-19T06:19:13.254686+00:00,2026-08-19T06:19:59.190370+00:00
19,128,Dahoud,5,MID,48,0,0,0.0,0.0,0.0,0,1,0,0,0,2026-08-19T06:19:13.254686+00:00,2026-08-19T06:19:59.190370+00:00
19,129,Dunk,5,DEF,50,0,0,0.0,0.0,0.0,0,1,0,90,1,2026-08-19T06:19:13.254686+00:00,2026-08-19T06:19:59.190370+00:00
19,130,Enciso,5,MID,51,0.7012,1.3362,0.18,0.1804,0.1818,0.0012,1,0,0,0,2026-08-19T06:19:13.254686+00:00,2026-08-19T06:19:59.190370+00:00
19,131,Estupiñan,5,DEF,49,0,0,0.0,0.0,0.0,0,1,6,45,1,2026-08-19T06:19:13.254686+00:00,2026-08-19T06:19:59.190370+00:00
19,132,Ferguson,5,FWD,60,0,0,0.0,0.0,0.0,0,1,4,21,0,2026-08-19T06:19:13.254686+00:00,2026-08-19T06:19:59.190370+00:00
19,133,Gilmour,5,MID,49,1.616,1.9711,0.48,0.1144,0.4556,0.0048,1,2,90,1,2026-08-19T06:19:13.254686+00:00,2026-08-19T06:19:59.190370+00:00
19,134,Gross,5,MID,64,2.4312,2.8511,0.48,0.1456,0.458,0.0236,1,2,90,1,2026-08-19T06:19:13.254686+00:00,2026-08-19T06:19:59.190370+00:00
19,135,João Pedro,5,FWD,54,2.1392,2.7356,0.48,0.1144,0.4556,0.0232,1,16,90,1,2026-08-19T06:19:13.254686+00:00,2026-08-19T06:19:59.190370+00:00
19,136,Karbownik,5,DEF,40,0,0,0.0,0.0,0.0,0,1,0,0,0,2026-08-19T06:19:13.254686+00:00,2026-08-19T06:19:59.190370+00:00
19,137,Kozłowski,5,MID,45,0,0,0.0,0.0,0.0,0,1,0,0,0,2026-08-19T06:19:13.254686+00:00,2026-08-19T06:19:59.190370+00:00
19,138,Lallana,5,MID,49,1.3576,1.6056,0.48,0.1144,0.4556,0.0016,1,1,1,0,2026-08-19T06:19:13.254686+00:00,2026-08-19T06:19:59.190370+00:00
19,139,Lamptey,5,DEF,39,0.5028,1.186,0.1,0.198,0.1088,0.0004,1,0,0,0,2026-08-19T06:19:13.254686+00:00,2026-08-19T06:19:59.190370+00:00
19,140,March,5,MID,61,0,0,0.0,0.0,0.0,0,1,0,0,0,2026-08-19T06:19:13.254686+00:00,2026-08-19T06:19:59.190370+00:00
19,141,McGill,5,GKP,39,0.2024,0.8778,0.04,0.0384,0.0403,0.0,1,0,0,0,2026-08-19T06:19:13.254686+00:00,2026-08-19T06:19:59.190370+00:00
19,142,Milner,5,MID,48,0,0,0.0,0.0,0.0,0,1,6,68,1,2026-08-19T06:19:13.254686+00:00,2026-08-19T06:19:59.190370+00:00
19,143,Mitoma,5,MID,65,0,0,0.0,0.0,0.0,0,1,0,0,0,2026-08-19T06:19:13.254686+00:00,2026-08-19T06:19:59.190370+00:00
19,144,Moder,5,MID,44,0.4588,0.9923,0.1,0.198,0.1088,0.0004,1,0,21,0,2026-08-19T06:19:13.254686+00:00,2026-08-19T06:19:59.190370+00:00
19,146,Sarmiento,5,MID,45,0,0,0.0,0.0,0.0,0,1,0,0,0,2026-08-19T06:19:13.254686+00:00,2026-08-19T06:19:59.190370+00:00
19,147,Scherpen,5,GKP,40,0,0,0.0,0.0,0.0,0,1,0,0,0,2026-08-19T06:19:13.254686+00:00,2026-08-19T06:19:59.190370+00:00
19,148,Steele,5,GKP,42,0.1836,0.8284,0.04,0.0384,0.0403,0.0,1,1,90,1,2026-08-19T06:19:13.254686+00:00,2026-08-19T06:19:59.190370+00:00
19,149,Undav,5,FWD,55,0,0,0.0,0.0,0.0,0,1,0,0,0,2026-08-19T06:19:13.254686+00:00,2026-08-19T06:19:59.190370+00:00
19,150,Van Hecke,5,DEF,40,0,0,0.0,0.0,0.0,0,1,1,90,1,2026-08-19T06:19:13.254686+00:00,2026-08-19T06:19:59.190370+00:00
19,151,Veltman,5,DEF,44,0,0,0.0,0.0,0.0,0,1,0,0,0,2026-08-19T06:19:13.254686+00:00,2026-08-19T06:19:59.190370+00:00
19,152,Verbruggen,5,GKP,44,3.2108,2.313,0.88,0.0048,0.8188,0.0012,1,0,0,0,2026-08-19T06:19:13.254686+00:00,2026-08-19T06:19:59.190370+00:00
19,153,Webster,5,DEF,42,0.8268,1.6496,0.22,0.1716,0.2183,0.0028,1,0,0,0,2026-08-19T06:19:13.254686+00:00,2026-08-19T06:19:59.190370+00:00
19,154,Welbeck,5,FWD,57,1.1848,1.8768,0.28,0.2016,0.2765,0.0048,1,5,68,1,2026-08-19T06:19:13.254686+00:00,2026-08-19T06:19:59.190370+00:00
19,155,Zeqiri,5,FWD,44,0,0,0.0,0.0,0.0,0,1,0,0,0,2026-08-19T06:19:13.254686+00:00,2026-08-19T06:19:59.190370+00:00
19,606,Igor,5,DEF,43,0.84,1.6408,0.22,0.1716,0.2183,0.0032,1,1,45,1,2026-08-19T06:19:13.254686+00:00,2026-08-19T06:19:59.190370+00:00
19,621,Hinshelwood,5,MID,45,0,0,0.0,0.0,0.0,0,1,9,90,1,2026-08-19T06:19:13.254686+00:00,2026-08-19T06:19:59.190370+00:00
19,690,Baleba,5,MID,45,0.8028,1.2184,0.28,0.1584,0.2731,0.0,1,1,31,0,2026-08-19T06:19:13.254686+00:00,2026-08-19T06:19:59.190370+00:00
19,700,Ansu Fati,5,MID,64,1.9652,2.6048,0.45,0.154,0.4308,0.0176,1,0,0,0,2026-08-19T06:19:13.254686+00:00,2026-08-19T06:19:59.190370+00:00
19,741,O’Mahony,5,FWD,45,0.4504,0.9208,0.1,0.198,0.1088,0.0,1,0,0,0,2026-08-19T06:19:13.254686+00:00,2026-08-19T06:19:59.190370+00:00
19,742,Baker-Boaitey,5,MID,45,0.4744,1.0045,0.1,0.198,0.1088,0.0,1,0,0,0,2026-08-19T06:19:13.254686+00:00,2026-08-19T06:19:59.190370+00:00
19,746,Jackson,5,DEF,40,0.5664,1.3239,0.1,0.198,0.1088,0.0004,1,0,0,0,2026-08-19T06:19:13.254686+00:00,2026-08-19T06:19:59.190370+00:00
19,747,Duffus,5,MID,44,0.4584,1.017,0.1,0.198,0.1088,0.0004,1,0,0,0,2026-08-19T06:19:13.254686+00:00,2026-08-19T06:19:59.190370+00:00
19,753,Kavanagh,5,DEF,40,0.5096,1.251,0.1,0.198,0.1088,0.0016,1,0,0,0,2026-08-19T06:19:13.254686+00:00,2026-08-19T06:19:59.190370+00:00
19,755,Barrington,5,MID,45,0.4652,0.9306,0.1,0.198,0.1088,0.0008,1,0,0,0,2026-08-19T06:19:13.254686+00:00,2026-08-19T06:19:59.190370+00:00
19,786,Peupion,5,MID,45,0.4816,0.9966,0.1,0.198,0.1088,0.0,1,,,,2026-08-19T06:19:13.254686+00:00,
19,816,Barco,5,DEF,40,0.5704,1.3851,0.1,0.198,0.1088,0.0012,1,,,,2026-08-19T06:19:13.254686+00:00,
19,843,Chouchane,5,MID,45,0.492,0.981,0.1,0.198,0.1088,0.0008,1,,,,2026-08-19T06:19:13.254686+00:00,
19,845,Offiah,5,DEF,40,0.5308,1.2656,0.1,0.198,0.1088,0.0008,1,,,,2026-08-19T06:19:13.254686+00:00,
19,861,Atom,5,DEF,40,0.5752,1.2987,0.1,0.198,0.1088,0.0,1,,,,2026-08-19T06:19:13.254686+00:00,
19,156,Agyei,6,MID,43,0.4804,1.0325,0.1,0.198,0.1088,0.0008,1,0,0,0,2026-08-19T06:19:13.254686+00:00,2026-08-19T06:19:59.190370+00:00
19,157,Al-Dakhil,6,DEF,39,0,0,0.0,0.0,0.0,0,1,0,0,0,2026-08-19T06:19:13.254686+00:00,2026-08-19T06:19:59.190370+00:00
19,158,Bastien,6,MID,49,0,0,0.0,0.0,0.0,0,1,0,0,0,2026-08-19T06:19:13.254686+00:00,2026-08-19T06:19:59.190370+00:00
19,159,Benson,6,MID,52,0.7556,1.3635,0.18,0.1804,0.1818,0.0008,1,0,0,0,2026-08-19T06:19:13.254686+00:00,2026-08-19T06:19:59.190370+00:00
19,160,Beyer,6,DEF,40,0,0,0.0,0.0,0.0,0,1,1,90,1,2026-08-19T06:19:13.254686+00:00,2026-08-19T06:19:59.190370+00:00
19,161,Brownhill,6,MID,47,1.42,1.6632,0.48,0.1144,0.4556,0.0032,1,2,90,1,2026-08-19T06:19:13.254686+00:00,2026-08-19T06:19:59.190370+00:00
19,162,Churlinov,6,MID,44,0,0,0.0,0.0,0.0,0,1,0,0,0,2026-08-19T06:19:13.254686+00:00,2026-08-19T06:19:59.190370+00:00
19,163,Cork,6,MID,48,0.6956,1.3165,0.18,0.1804,0.1818,0.002,1,0,0,0,2026-08-19T06:19:13.254686+00:00,2026-08-19T06:19:59.190370+00:00
19,164,Costelloe,6,MID,45,0,0,0.0,0.0,0.0,0,1,0,0,0,2026-08-19T06:19:13.254686+00:00,2026-08-19T06:19:59.190370+00:00
19,165,Cullen,6,MID,50,1.206,1.4764,0.48,0.1144,0.4556,0.0008,1,0,0,0,2026-08-19T06:19:13.254686+00:00,2026-08-19T06:19:59.190370+00:00
19,166,Egan-Riley,6,DEF,39,0,0,0.0,0.0,0.0,0,1,0,0,0,2026-08-19T06:19:13.254686+00:00,2026-08-19T06:19:59.190370+00:00
19,167,Ekdal,6,DEF,39,0.4596,1.1024,0.1,0.198,0.1088,0.0004,1,0,0,0,2026-08-19T06:19:13.254686+00:00,2026-08-19T06:19:59.190370+00:00
19,168,Foster,6,FWD,48,1.7112,2.0045,0.48,0.1144,0.4556,0.0056,1,2,84,1,2026-08-19T06:19:13.254686+00:00,2026-08-19T06:19:59.190370+00:00
19,169,Franchi,6,GKP,39,0,0,0.0,0.0,0.0,0,1,0,0,0,2026-08-19T06:19:13.254686+00:00,2026-08-19T06:19:59.190370+00:00
19,170,Gudmundsson,6,MID,48,1.38,1.7399,0.48,0.1144,0.4556,0.0032,1,1,29,0,2026-08-19T06:19:13.254686+00:00,2026-08-19T06:19:59.190370+00:00
19,171,McNally,6,DEF,40,0,0,0.0,0.0,0.0,0,1,0,0,0,2026-08-19T06:19:13.254686+00:00,2026-08-19T06:19:59.190370+00:00
19,172,Muric,6,GKP,43,0.1844,0.8325,0.04,0.0384,0.0403,0.0,1,0,0,0,2026-08-19T06:19:13.254686+00:00,2026-08-19T06:19:59.190370+00:00
19,173,O'Shea,6,DEF,44,0.892,1.7193,0.22,0.1716,0.2183,0.0032,1,0,90,1,2026-08-19T06:19:13.254686+00:00,2026-08-19T06:19:59.190370+00:00
19,174,Obafemi,6,FWD,49,0,0,0.0,0.0,0.0,0,1,0,0,0,2026-08-19T06:19:13.254686+00:00,2026-08-19T06:19:59.190370+00:00
19,175,Peacock-Farrell,6,GKP,40,0,0,0.0,0.0,0.0,0,1,0,0,0,2026-08-19T06:19:13.254686+00:00,2026-08-19T06:19:59.190370+00:00
19,176,Roberts,6,DEF,43,0,0,0.0,0.0,0.0,0,1,0,0,0,2026-08-19T06:19:13.254686+00:00,2026-08-19T06:19:59.190370+00:00
19,177,Rodriguez,6,FWD,53,1.238,1.9841,0.28,0.1584,0.2731,0.008,1,0,0,0,2026-08-19T06:19:13.254686+00:00,2026-08-19T06:19:59.190370+00:00
19,178,Taylor,6,DEF,40,0.7624,1.4925,0.22,0.1716,0.2183,0.0,1,1,90,1,2026-08-19T06:19:13.254686+00:00,2026-08-19T06:19:59.190370+00:00
19,179,Thomas,6,DEF,40,0,0,0.0,0.0,0.0,0,1,0,0,0,2026-08-19T06:19:13.254686+00:00,2026-08-19T06:19:59.190370+00:00
19,180,Twine,6,MID,49,0,0,0.0,0.0,0.0,0,1,0,0,0,2026-08-19T06:19:13.254686+00:00,2026-08-19T06:19:59.190370+00:00
19,181,Vigouroux,6,GKP,39,0.1812,0.8418,0.04,0.0384,0.0403,0.0,1,0,0,0,2026-08-19T06:19:13.254686+00:00,2026-08-19T06:19:59.190370+00:00
19,182,Vitinho,6,DEF,44,0.8544,1.6719,0.22,0.1716,0.2183,0.0048,1,1,90,1,2026-08-19T06:19:13.254686+00:00,2026-08-19T06:19:59.190370+00:00
19,183,Weghorst,6,FWD,55,0,0,0.0,0.0,0.0,0,1,0,0,0,2026-08-19T06:19:13.254686+00:00,2026-08-19T06:19:59.190370+00:00
19,184,Zaroury,6,MID,47,0,0,0.0,0.0,0.0,0,1,0,0,0,2026-08-19T06:19:13.254686+00:00,2026-08-19T06:19:59.190370+00:00
19,200,D.D.Fofana,6,FWD,50,0.6912,1.3028,0.18,0.1804,0.1818,0.0016,1,0,0,0,2026-08-19T06:19:13.254686+00:00,2026-08-19T06:19:59.190370+00:00
19,475,Berge,6,MID,47,1.5404,1.8904,0.48,0.1144,0.4556,0.0052,1,1,90,1,2026-08-19T06:19:13.254686+00:00,2026-08-19T06:19:59.190370+00:00
19,594,Amdouni,6,FWD,53,2.2048,2.048,0.68,0.0704,0.638,0.0084,1,2,84,1,2026-08-19T06:19:13.254686+00:00,2026-08-19T06:19:59.190370+00:00
19,596,Trafford,6,GKP,45,3.6124,2.3765,0.9,0.004,0.8373,0.0028,1,3,90,1,2026-08-19T06:19:13.254686+00:00,2026-08-19T06:19:59.190370+00:00
19,600,Redmond,6,MID,48,0,0,0.0,0.0,0.0,0,1,1,5,0,2026-08-19T06:19:13.254686+00:00,2026-08-19T06:19:59.190370+00:00
19,605,Koleosho,6,MID,49,0.9768,1.7315,0.24,0.1672,0.2366,0.0044,1,0,0,0,2026-08-19T06:19:13.254686+00:00,2026-08-19T06:19:59.190370+00:00
19,608,Bruun Larsen,6,MID,49,1.0476,1.6931,0.28,0.1584,0.2731,0.0028,1,1,5,0,2026-08-19T06:19:13.254686+00:00,2026-08-19T06:19:59.190370+00:00
19,622,Dodgson,6,DEF,40,0,0,0.0,0.0,0.0,0,1,0,0,0,2026-08-19T06:19:13.254686+00:00,2026-08-19T06:19:59.190370+00:00
19,660,Odobert,6,MID,50,0.9972,1.5627,0.28,0.1584,0.2731,0.002,1,2,90,1,2026-08-19T06:19:13.254686+00:00,2026-08-19T06:19:59.190370+00:00
19,674,Delcroix,6,DEF,40,0.8336,1.6024,0.22,0.1716,0.2183,0.0012,1,0,0,0,2026-08-19T06:19:13.254686+00:00,2026-08-19T06:19:59.190370+00:00
19,675,A.Ramsey,6,MID,50,0,0,0.0,0.0,0.0,0,1,1,1,0,2026-08-19T06:19:13.254686+00:00,2026-08-19T06:19:59.190370+00:00
19,694,Massengo,6,MID,50,0.6932,1.2982,0.18,0.1804,0.1818,0.0004,1,0,0,0,2026-08-19T06:19:13.254686+00:00,2026-08-19T06:19:59.190370+00:00
19,706,M.Trésor,6,MID,54,0.9696,1.558,0.28,0.1584,0.2731,0.0028,1,2,60,1,2026-08-19T06:19:13.254686+00:00,2026-08-19T06:19:59.190370+00:00
19,805,Assignon,6,DEF,40,0.4988,1.1914,0.1,0.198,0.1088,0.0004,1,,,,2026-08-19T06:19:13.254686+00:00,
19,806,Estève,6,DEF,40,0.5452,1.3154,0.1,0.198,0.1088,0.0008,1,,,,2026-08-19T06:19:13.254686+00:00,
19,126,Caicedo,7,MID,46,1.3076,1.4373,0.48,0.1144,0.4556,0.0004,1,1,90,1,2026-08-19T06:19:13.254686+00:00,2026-08-19T06:19:59.190370+00:00
19,145,Sanchez,7,GKP,46,0.2236,0.8977,0.04,0.0768,0.0433,0.0,1,0,0,0,2026-08-19T06:19:13.254686+00:00,2026-08-19T06:19:59.190370+00:00
19,185,Ampadu,7,DEF,40,0,0,0.0,0.0,0.0,0,1,0,0,0,2026-08-19T06:19:13.254686+00:00,2026-08-19T06:19:59.190370+00:00
19,186,Andrey,7,MID,43,0,0,0.0,0.0,0.0,0,1,0,0,0,2026-08-19T06:19:13.254686+00:00,2026-08-19T06:19:59.190370+00:00
19,187,Arrizabalaga,7,GKP,50,0,0,0.0,0.0,0.0,0,1,0,0,0,2026-08-19T06:19:13.254686+00:00,2026-08-19T06:19:59.190370+00:00
19,188,Aubameyang,7,FWD,65,0,0,0.0,0.0,0.0,0,1,0,0,0,2026-08-19T06:19:13.254686+00:00,2026-08-19T06:19:59.190370+00:00
19,189,Azpilicueta,7,DEF,45,0,0,0.0,0.0,0.0,0,1,0,0,0,2026-08-19T06:19:13.254686+00:00,2026-08-19T06:19:59.190370+00:00
19,190,Baba,7,DEF,40,0,0,0.0,0.0,0.0,0,1,0,0,0,2026-08-19T06:19:13.254686+00:00,2026-08-19T06:19:59.190370+00:00
19,191,B.Badiashile,7,DEF,44,0.836,1.6178,0.22,0.1716,0.2183,0.0012,1,2,90,1,2026-08-19T06:19:13.254686+00:00,2026-08-19T06:19:59.190370+00:00
19,192,Bettinelli,7,GKP,40,0.1808,0.8292,0.04,0.0384,0.0403,0.0,1,0,0,0,2026-08-19T06:19:13.254686+00:00,2026-08-19T06:19:59.190370+00:00
19,194,Chalobah,7,DEF,43,0.812,1.6848,0.22,0.1404,0.2158,0.0036,1,0,0,0,2026-08-19T06:19:13.254686+00:00,2026-08-19T06:19:59.190370+00:00
19,195,Chilwell,7,DEF,54,1.2508,2.2855,0.28,0.1584,0.2731,0.0136,1,0,0,0,2026-08-19T06:19:13.254686+00:00,2026-08-19T06:19:59.190370+00:00
19,196,Chukwuemeka,7,MID,42,0.5,1.0392,0.1,0.198,0.1088,0.0004,1,0,0,0,2026-08-19T06:19:13.254686+00:00,2026-08-19T06:19:59.190370+00:00
19,197,Colwill,7,DEF,46,1.8944,2.5585,0.48,0.1144,0.4556,0.0132,1,1,57,1,2026-08-19T06:19:13.254686+00:00,2026-08-19T06:19:59.190370+00:00
19,198,Cucurella,7,DEF,48,1.6168,2.3815,0.48,0.1144,0.4556,0.0132,1,0,0,0,2026-08-19T06:19:13.254686+00:00,2026-08-19T06:19:59.190370+00:00
19,199,Enzo,7,MID,48,0,0,0.0,0.0,0.0,0,1,0,0,0,2026-08-19T06:19:13.254686+00:00,2026-08-19T06:19:59.190370+00:00
19,201,W.Fofana,7,DEF,44,0,0,0.0,0.0,0.0,0,1,0,0,0,2026-08-19T06:19:13.254686+00:00,2026-08-19T06:19:59.190370+00:00
19,202,Gallagher,7,MID,54,2.1968,2.1141,0.68,0.0704,0.638,0.0064,1,1,90,1,2026-08-19T06:19:13.254686+00:00,2026-08-19T06:19:59.190370+00:00
19,203,Gusto,7,DEF,41,0.9144,1.773,0.22,0.1716,0.2183,0.0036,1,8,90,1,2026-08-19T06:19:13.254686+00:00,2026-08-19T06:19:59.190370+00:00
19,206,James,7,DEF,53,0,0,0.0,0.0,0.0,0,1,0,0,0,2026-08-19T06:19:13.254686+00:00,2026-08-19T06:19:59.190370+00:00
19,207,Lukaku,7,FWD,68,0,0,0.0,0.0,0.0,0,1,0,0,0,2026-08-19T06:19:13.254686+00:00,2026-08-19T06:19:59.190370+00:00
19,208,Madueke,7,MID,53,0.7668,1.4013,0.18,0.1804,0.1818,0.002,1,6,19,0,2026-08-19T06:19:13.254686+00:00,2026-08-19T06:19:59.190370+00:00
19,210,Mudryk,7,MID,63,0,0,0.0,0.0,0.0,0,1,8,70,1,2026-08-19T06:19:13.254686+00:00,2026-08-19T06:19:59.190370+00:00
19,211,N.Jackson,7,FWD,69,2.3824,3.061,0.48,0.1456,0.458,0.0368,1,2,90,1,2026-08-19T06:19:13.254686+00:00,2026-08-19T06:19:59.190370+00:00
19,212,Nkunku,7,FWD,74,2.5272,2.437,0.72,0.0784,0.6759,0.0228,1,2,70,1,2026-08-19T06:19:13.254686+00:00,2026-08-19T06:19:59.190370+00:00
19,213,Pulisic,7,MID,55,0,0,0.0,0.0,0.0,0,1,0,0,0,2026-08-19T06:19:13.254686+00:00,2026-08-19T06:19:59.190370+00:00
19,214,M.Sarr,7,DEF,43,0.5416,1.2965,0.1,0.198,0.1088,0.0,1,0,0,0,2026-08-19T06:19:13.254686+00:00,2026-08-19T06:19:59.190370+00:00
19,215,Slonina,7,GKP,40,0,0,0.0,0.0,0.0,0,1,0,0,0,2026-08-19T06:19:13.254686+00:00,2026-08-19T06:19:59.190370+00:00
19,216,Sterling,7,MID,71,2.992,3.0507,0.68,0.0896,0.6396,0.04,1,0,0,0,2026-08-19T06:19:13.254686+00:00,2026-08-19T06:19:59.190370+00:00
19,217,T.Silva,7,DEF,50,2.3492,2.35,0.68,0.0576,0.637,0.0048,1,1,32,0,2026-08-19T06:19:13.254686+00:00,2026-08-19T06:19:59.190370+00:00
19,218,Ziyech,7,MID,54,0,0,0.0,0.0,0.0,0,1,0,0,0,2026-08-19T06:19:13.254686+00:00,2026-08-19T06:19:59.190370+00:00
19,362,Palmer,7,MID,56,2.5912,3.3301,0.48,0.1456,0.458,0.0488,1,0,0,0,2026-08-19T06:19:13.254686+00:00,2026-08-19T06:19:59.190370+00:00
19,589,Ângelo,7,MID,50,0,0,0.0,0.0,0.0,0,1,0,0,0,2026-08-19T06:19:13.254686+00:00,2026-08-19T06:19:59.190370+00:00
19,609,Maatsen,7,MID,51,0,0,0.0,0.0,0.0,0,1,1,57,1,2026-08-19T06:19:13.254686+00:00,2026-08-19T06:19:59.190370+00:00
19,611,Disasi,7,DEF,49,2.5296,2.6718,0.68,0.0704,0.638,0.0152,1,2,90,1,2026-08-19T06:19:13.254686+00:00,2026-08-19T06:19:59.190370+00:00
19,613,Ugochukwu,7,MID,44,0.8988,1.3159,0.28,0.1584,0.2731,0.0,1,0,0,0,2026-08-19T06:19:13.254686+00:00,2026-08-19T06:19:59.190370+00:00
19,623,Burstow,7,FWD,45,0,0,0.0,0.0,0.0,0,1,0,0,0,2026-08-19T06:19:13.254686+00:00,2026-08-19T06:19:59.190370+00:00
19,659,Bergström,7,GKP,40,0,0,0.0,0.0,0.0,0,1,0,0,0,2026-08-19T06:19:13.254686+00:00,2026-08-19T06:19:59.190370+00:00
19,667,Lavia,7,MID,49,0,0,0.0,0.0,0.0,0,1,1,32,0,2026-08-19T06:19:13.254686+00:00,2026-08-19T06:19:59.190370+00:00
19,671,Humphreys,7,DEF,40,0,0,0.0,0.0,0.0,0,1,0,0,0,2026-08-19T06:19:13.254686+00:00,2026-08-19T06:19:59.190370+00:00
19,677,Deivid,7,FWD,45,0.4796,0.9974,0.1,0.198,0.1088,0.0004,1,0,0,0,2026-08-19T06:19:13.254686+00:00,2026-08-19T06:19:59.190370+00:00
19,680,Beach,7,GKP,40,0,0,0.0,0.0,0.0,0,1,0,0,0,2026-08-19T06:19:13.254686+00:00,2026-08-19T06:19:59.190370+00:00
19,681,Diego Moreira,7,MID,45,0.466,1.0243,0.1,0.198,0.1088,0.0004,1,0,0,0,2026-08-19T06:19:13.254686+00:00,2026-08-19T06:19:59.190370+00:00
19,687,Petrović,7,GKP,45,2.9948,2.238,0.88,0.0048,0.8188,0.0008,1,3,90,1,2026-08-19T06:19:13.254686+00:00,2026-08-19T06:19:59.190370+00:00
19,716,Gilchrist,7,DEF,40,0.5556,1.2581,0.1,0.198,0.1088,0.0,1,1,1,0,2026-08-19T06:19:13.254686+00:00,2026-08-19T06:19:59.190370+00:00
19,717,Stutter,7,FWD,45,0.4888,0.9991,0.1,0.198,0.1088,0.0,1,0,0,0,2026-08-19T06:19:13.254686+00:00,2026-08-19T06:19:59.190370+00:00
19,718,Matos,7,MID,45,0,0,0.0,0.0,0.0,0,1,0,0,0,2026-08-19T06:19:13.254686+00:00,2026-08-19T06:19:59.190370+00:00
19,723,Brooking,7,DEF,40,0.5608,1.3044,0.1,0.198,0.1088,0.0008,1,0,0,0,2026-08-19T06:19:13.254686+00:00,2026-08-19T06:19:59.190370+00:00
19,758,Castledine,7,MID,45,0.4652,0.9501,0.1,0.198,0.1088,0.0,1,0,0,0,2026-08-19T06:19:13.254686+00:00,2026-08-19T06:19:59.190370+00:00
19,791,Casadei,7,MID,45,0.5132,1.0303,0.1,0.198,0.1088,0.0008,1,,,,2026-08-19T06:19:13.254686+00:00,
19,819,Samuels-Smith,7,DEF,40,0.5272,1.2523,0.1,0.198,0.1088,0.0012,1,,,,2026-08-19T06:19:13.254686+00:00,
19,820,Harrison,7,MID,45,0.4828,0.9788,0.1,0.198,0.1088,0.0004,1,,,,2026-08-19T06:19:13.254686+00:00,
19,830,Tauriainen,7,MID,45,0.484,1.0391,0.1,0.198,0.1088,0.0,1,,,,2026-08-19T06:19:13.254686+00:00,
19,838,Acheampong,7,DEF,40,0.5416,1.2959,0.1,0.198,0.1088,0.0012,1,,,,2026-08-19T06:19:13.254686+00:00,
19,847,Sharman-Lowe,7,GKP,40,0.18,0.8323,0.04,0.0384,0.0403,0.0,1,,,,2026-08-19T06:19:13.254686+00:00,
19,851,George,7,FWD,45,0.462,0.9559,0.1,0.198,0.1088,0.0,1,,,,2026-08-19T06:19:13.254686+00:00,
19,852,Dyer,7,MID,45,0.4912,0.9984,0.1,0.198,0.1088,0.0,1,,,,2026-08-19T06:19:13.254686+00:00,
19,858,Curd,7,GKP,40,0.1916,0.8616,0.04,0.0384,0.0403,0.0,1,,,,2026-08-19T06:19:13.254686+00:00,
19,859,Sturge,7,DEF,40,0.5588,1.3158,0.1,0.198,0.1088,0.0004,1,,,,2026-08-19T06:19:13.254686+00:00,
19,7,Holding,8,DEF,43,0.4976,1.13,0.11,0.1958,0.118,0.0004,1,0,0,0,2026-08-19T06:19:13.254686+00:00,2026-08-19T06:19:59.190370+00:00
19,219,Ahamada,8,MID,43,0.4468,0.9249,0.1,0.198,0.1088,0.0,1,0,0,0,2026-08-19T06:19:13.254686+00:00,2026-08-19T06:19:59.190370+00:00
19,220,Andersen,8,DEF,49,2.2376,2.4738,0.68,0.0576,0.637,0.0108,1,1,90,1,2026-08-19T06:19:13.254686+00:00,2026-08-19T06:19:59.190370+00:00
19,221,J.Ayew,8,MID,54,2.15,2.2264,0.68,0.0704,0.638,0.0124,1,5,78,1,2026-08-19T06:19:13.254686+00:00,2026-08-19T06:19:59.190370+00:00
19,222,Clyne,8,DEF,44,0.7184,1.3638,0.22,0.1716,0.2183,0.0,1,1,90,1,2026-08-19T06:19:13.254686+00:00,2026-08-19T06:19:59.190370+00:00
19,223,C.Doucouré,8,MID,49,0,0,0.0,0.0,0.0,0,1,0,0,0,2026-08-19T06:19:13.254686+00:00,2026-08-19T06:19:59.190370+00:00
19,224,Ebiowei,8,MID,45,0,0,0.0,0.0,0.0,0,1,0,0,0,2026-08-19T06:19:13.254686+00:00,2026-08-19T06:19:59.190370+00:00
19,225,Edouard,8,FWD,54,1.8664,2.3648,0.48,0.1144,0.4556,0.014,1,0,0,0,2026-08-19T06:19:13.254686+00:00,2026-08-19T06:19:59.190370+00:00
19,226,Eze,8,MID,60,1.8944,2.4273,0.48,0.1456,0.458,0.0128,1,2,90,1,2026-08-19T06:19:13.254686+00:00,2026-08-19T06:19:59.190370+00:00
19,227,Guaita,8,GKP,44,0,0,0.0,0.0,0.0,0,1,0,0,0,2026-08-19T06:19:13.254686+00:00,2026-08-19T06:19:59.190370+00:00
19,228,Guéhi,8,DEF,45,0.8428,1.6613,0.22,0.1404,0.2158,0.0032,1,1,90,1,2026-08-19T06:19:13.254686+00:00,2026-08-19T06:19:59.190370+00:00
19,229,Hughes,8,MID,49,0,0,0.0,0.0,0.0,0,1,0,0,0,2026-08-19T06:19:13.254686+00:00,2026-08-19T06:19:59.190370+00:00
19,230,Johnstone,8,GKP,45,0,0,0.0,0.0,0.0,0,1,0,0,0,2026-08-19T06:19:13.254686+00:00,2026-08-19T06:19:59.190370+00:00
19,231,Lerma,8,MID,47,1.4888,1.8898,0.48,0.1144,0.4556,0.0036,1,2,89,1,2026-08-19T06:19:13.254686+00:00,2026-08-19T06:19:59.190370+00:00
19,232,Mateta,8,FWD,49,1.114,1.7924,0.28,0.1584,0.2731,0.0044,1,2,90,1,2026-08-19T06:19:13.254686+00:00,2026-08-19T06:19:59.190370+00:00
19,233,Matthews,8,GKP,39,0.1708,0.7638,0.04,0.0384,0.0403,0.0,1,0,0,0,2026-08-19T06:19:13.254686+00:00,2026-08-19T06:19:59.190370+00:00
19,234,Mitchell,8,DEF,47,2.0484,2.185,0.68,0.0704,0.638,0.0044,1,0,90,1,2026-08-19T06:19:13.254686+00:00,2026-08-19T06:19:59.190370+00:00
19,235,O'Brien,8,DEF,40,0,0,0.0,0.0,0.0,0,1,0,0,0,2026-08-19T06:19:13.254686+00:00,2026-08-19T06:19:59.190370+00:00
19,236,Olise,8,MID,58,1.4316,2.1168,0.28,0.2016,0.2765,0.0084,1,9,90,1,2026-08-19T06:19:13.254686+00:00,2026-08-19T06:19:59.190370+00:00
19,237,Plange,8,FWD,45,0,0,0.0,0.0,0.0,0,1,0,0,0,2026-08-19T06:19:13.254686+00:00,2026-08-19T06:19:59.190370+00:00
19,238,C.Richards,8,DEF,39,0.6664,1.319,0.22,0.1716,0.2183,0.0004,1,0,90,1,2026-08-19T06:19:13.254686+00:00,2026-08-19T06:19:59.190370+00:00
19,239,Riedewald,8,MID,44,0.4632,0.9065,0.1,0.198,0.1088,0.0,1,0,0,0,2026-08-19T06:19:13.254686+00:00,2026-08-19T06:19:59.190370+00:00
19,240,Schlupp,8,MID,49,1.5384,1.8092,0.48,0.1144,0.4556,0.0036,1,1,11,0,2026-08-19T06:19:13.254686+00:00,2026-08-19T06:19:59.190370+00:00
19,241,Tomkins,8,DEF,40,0.4644,1.1312,0.1,0.198,0.1088,0.0004,1,0,0,0,2026-08-19T06:19:13.254686+00:00,2026-08-19T06:19:59.190370+00:00
19,242,Ward,8,DEF,45,0.7344,1.4902,0.22,0.1716,0.2183,0.0008,1,0,0,0,2026-08-19T06:19:13.254686+00:00,2026-08-19T06:19:59.190370+00:00
19,243,Whitworth,8,GKP,39,0.1496,0.6689,0.04,0.0384,0.0403,0.0,1,0,0,0,2026-08-19T06:19:13.254686+00:00,2026-08-19T06:19:59.190370+00:00
19,385,Henderson,8,GKP,44,3.5796,2.358,0.88,0.0048,0.8188,0.006,1,1,90,1,2026-08-19T06:19:13.254686+00:00,2026-08-19T06:19:59.190370+00:00
19,615,Matheus França,8,MID,49,0,0,0.0,0.0,0.0,0,1,1,1,0,2026-08-19T06:19:13.254686+00:00,2026-08-19T06:19:59.190370+00:00
19,657,Rak-Sakyi,8,MID,45,0.4772,0.9824,0.1,0.198,0.1088,0.0004,1,0,0,0,2026-08-19T06:19:13.254686+00:00,2026-08-19T06:19:59.190370+00:00
19,658,Gordon,8,FWD,45,0,0,0.0,0.0,0.0,0,1,0,0,0,2026-08-19T06:19:13.254686+00:00,2026-08-19T06:19:59.190370+00:00
19,720,Ola-Adebomi,8,FWD,45,0,0,0.0,0.0,0.0,0,1,0,0,0,2026-08-19T06:19:13.254686+00:00,2026-08-19T06:19:59.190370+00:00
19,721,Ozoh,8,MID,45,0.4512,0.8616,0.1,0.198,0.1088,0.0,1,0,0,0,2026-08-19T06:19:13.254686+00:00,2026-08-19T06:19:59.190370+00:00
19,724,Raymond,8,MID,45,0.454,0.9382,0.1,0.198,0.1088,0.0,1,0,0,0,2026-08-19T06:19:13.254686+00:00,2026-08-19T06:19:59.190370+00:00
19,763,Adaramola,8,DEF,40,0,0,0.0,0.0,0.0,0,1,0,0,0,2026-08-19T06:19:13.254686+00:00,2026-08-19T06:19:59.190370+00:00
19,792,Muñoz,8,DEF,45,0.5084,1.2346,0.1,0.198,0.1088,0.002,1,,,,2026-08-19T06:19:13.254686+00:00,
19,807,Wharton,8,MID,50,0.6912,1.2752,0.18,0.1804,0.1818,0.0004,1,,,,2026-08-19T06:19:13.254686+00:00,
19,821,Umeh-Chibueze,8,FWD,45,0.4576,0.8798,0.1,0.198,0.1088,0.0,1,,,,2026-08-19T06:19:13.254686+00:00,
19,825,Rodney,8,MID,45,0.4788,0.98,0.1,0.198,0.1088,0.0004,1,,,,2026-08-19T06:19:13.254686+00:00,
19,842,Mathurin,8,MID,44,0.4596,0.8813,0.1,0.198,0.1088,0.0,1,,,,2026-08-19T06:19:13.254686+00:00,
19,244,André Gomes,9,MID,44,0.38,0.8332,0.05,0.209,0.0632,0.0,1,1,64,1,2026-08-19T06:19:13.254686+00:00,2026-08-19T06:19:59.190370+00:00
19,245,Branthwaite,9,DEF,41,0.8836,1.7147,0.22,0.1716,0.2183,0.0012,1,0,90,1,2026-08-19T06:19:13.254686+00:00,2026-08-19T06:19:59.190370+00:00
19,246,Calvert-Lewin,9,FWD,58,2.1584,2.6727,0.48,0.1456,0.458,0.0296,1,1,25,0,2026-08-19T06:19:13.254686+00:00,2026-08-19T06:19:59.190370+00:00
19,247,Coleman,9,DEF,44,0.4828,1.1537,0.1,0.198,0.1088,0.0,1,0,0,0,2026-08-19T06:19:13.254686+00:00,2026-08-19T06:19:59.190370+00:00
19,248,Dele,9,MID,48,0,0,0.0,0.0,0.0,0,1,0,0,0,2026-08-19T06:19:13.254686+00:00,2026-08-19T06:19:59.190370+00:00
19,249,A.Doucoure,9,MID,55,3.142,3.2263,0.68,0.0896,0.6396,0.044,1,0,0,0,2026-08-19T06:19:13.254686+00:00,2026-08-19T06:19:59.190370+00:00
19,250,Garner,9,MID,49,2.2504,2.1568,0.68,0.0704,0.638,0.0108,1,2,90,1,2026-08-19T06:19:13.254686+00:00,2026-08-19T06:19:59.190370+00:00
19,251,Gbamin,9,MID,44,0,0,0.0,0.0,0.0,0,1,0,0,0,2026-08-19T06:19:13.254686+00:00,2026-08-19T06:19:59.190370+00:00
19,252,Godfrey,9,DEF,43,0.5376,1.2434,0.1,0.198,0.1088,0.0004,1,0,0,0,2026-08-19T06:19:13.254686+00:00,2026-08-19T06:19:59.190370+00:00
19,253,Gray,9,MID,53,0,0,0.0,0.0,0.0,0,1,0,0,0,2026-08-19T06:19:13.254686+00:00,2026-08-19T06:19:59.190370+00:00
19,254,Gana,9,MID,48,1.3436,1.7096,0.48,0.1144,0.4556,0.0012,1,0,0,0,2026-08-19T06:19:13.254686+00:00,2026-08-19T06:19:59.190370+00:00
19,257,Keane,9,DEF,43,0.8768,1.7215,0.22,0.1716,0.2183,0.002,1,1,25,0,2026-08-19T06:19:13.254686+00:00,2026-08-19T06:19:59.190370+00:00
19,259,McNeil,9,MID,54,1.9104,2.3059,0.48,0.1144,0.4556,0.0104,1,5,90,1,2026-08-19T06:19:13.254686+00:00,2026-08-19T06:19:59.190370+00:00
19,260,Mykolenko,9,DEF,46,0,0,0.0,0.0,0.0,0,1,1,90,1,2026-08-19T06:19:13.254686+00:00,2026-08-19T06:19:59.190370+00:00
19,261,Onana,9,MID,47,1.6548,2.0228,0.48,0.1144,0.4556,0.0056,1,2,90,1,2026-08-19T06:19:13.254686+00:00,2026-08-19T06:19:59.190370+00:00
19,262,Patterson,9,DEF,44,0,0,0.0,0.0,0.0,0,1,0,90,1,2026-08-19T06:19:13.254686+00:00,2026-08-19T06:19:59.190370+00:00
19,263,Pickford,9,GKP,44,3.3088,2.3146,0.9,0.004,0.8373,0.0024,1,2,90,1,2026-08-19T06:19:13.254686+00:00,2026-08-19T06:19:59.190370+00:00
19,264,Simms,9,FWD,45,0,0,0.0,0.0,0.0,0,1,0,0,0,2026-08-19T06:19:13.254686+00:00,2026-08-19T06:19:59.190370+00:00
19,265,Tarkowski,9,DEF,45,0.9452,1.9002,0.22,0.1404,0.2158,0.0036,1,1,90,1,2026-08-19T06:19:13.254686+00:00,2026-08-19T06:19:59.190370+00:00
19,266,J.Virginia,9,GKP,39,0.172,0.7404,0.04,0.0384,0.0403,0.0,1,0,0,0,2026-08-19T06:19:13.254686+00:00,2026-08-19T06:19:59.190370+00:00
19,579,Lonergan,9,GKP,39,0.1604,0.754,0.04,0.0384,0.0403,0.0,1,0,0,0,2026-08-19T06:19:13.254686+00:00,2026-08-19T06:19:59.190370+00:00
19,588,Young,9,DEF,44,0.8772,1.7093,0.22,0.1716,0.2183,0.0024,1,0,0,0,2026-08-19T06:19:13.254686+00:00,2026-08-19T06:19:59.190370+00:00
19,601,Danjuma,9,MID,52,1.092,1.9387,0.28,0.1584,0.2731,0.0064,1,1,10,0,2026-08-19T06:19:13.254686+00:00,2026-08-19T06:19:59.190370+00:00
19,624,Dobbin,9,MID,45,0.5128,1.0399,0.1,0.198,0.1088,0.0004,1,0,0,0,2026-08-19T06:19:13.254686+00:00,2026-08-19T06:19:59.190370+00:00
19,645,Y. Chermiti,9,FWD,48,0.6068,1.1267,0.18,0.1804,0.1818,0.0012,1,0,0,0,2026-08-19T06:19:13.254686+00:00,2026-08-19T06:19:59.190370+00:00
19,649,Cannon,9,FWD,45,0,0,0.0,0.0,0.0,0,1,0,0,0,2026-08-19T06:19:13.254686+00:00,2026-08-19T06:19:59.190370+00:00
19,650,Onyango,9,MID,45,0.4864,0.9801,0.1,0.198,0.1088,0.0008,1,0,0,0,2026-08-19T06:19:13.254686+00:00,2026-08-19T06:19:59.190370+00:00
19,661,Harrison,9,MID,55,0,0,0.0,0.0,0.0,0,1,7,79,1,2026-08-19T06:19:13.254686+00:00,2026-08-19T06:19:59.190370+00:00
19,691,Beto,9,FWD,57,1.128,1.8089,0.28,0.2016,0.2765,0.006,1,2,64,1,2026-08-19T06:19:13.254686+00:00,2026-08-19T06:19:59.190370+00:00
19,719,Hunt,9,MID,45,0.5132,1.0357,0.1,0.198,0.1088,0.0008,1,0,0,0,2026-08-19T06:19:13.254686+00:00,2026-08-19T06:19:59.190370+00:00
19,760,Metcalfe,9,MID,45,0.4688,0.9809,0.1,0.198,0.1088,0.0008,1,0,0,0,2026-08-19T06:19:13.254686+00:00,2026-08-19T06:19:59.190370+00:00
19,761,Campbell,9,DEF,40,0,0,0.0,0.0,0.0,0,1,0,0,0,2026-08-19T06:19:13.254686+00:00,2026-08-19T06:19:59.190370+00:00
19,841,Warrington,9,MID,45,0.4972,1.0048,0.1,0.198,0.1088,0.0,1,,,,2026-08-19T06:19:13.254686+00:00,
19,863,Crellin,9,GKP,40,0.1616,0.7572,0.04,0.0384,0.0403,0.0,1,,,,2026-08-19T06:19:13.254686+00:00,
19,193,Broja,10,FWD,49,0.908,1.4312,0.28,0.1584,0.2731,0.0016,1,1,19,0,2026-08-19T06:19:13.254686+00:00,2026-08-19T06:19:59.190370+00:00
19,256,Iwobi,10,MID,53,1.8136,2.3754,0.48,0.1144,0.4556,0.014,1,2,90,1,2026-08-19T06:19:13.254686+00:00,2026-08-19T06:19:59.190370+00:00
19,267,Andreas,10,MID,53,2.108,1.9761,0.68,0.0704,0.638,0.0084,1,1,82,1,2026-08-19T06:19:13.254686+00:00,2026-08-19T06:19:59.190370+00:00
19,268,Cairney,10,MID,49,1.008,1.5363,0.28,0.1584,0.2731,0.0028,1,2,82,1,2026-08-19T06:19:13.254686+00:00,2026-08-19T06:19:59.190370+00:00
19,269,I.Cavaleiro,10,MID,50,0,0,0.0,0.0,0.0,0,1,0,0,0,2026-08-19T06:19:13.254686+00:00,2026-08-19T06:19:59.190370+00:00
19,270,De Cordova-Reid,10,MID,54,1.7132,2.1784,0.48,0.1144,0.4556,0.0092,1,2,72,1,2026-08-19T06:19:13.254686+00:00,2026-08-19T06:19:59.190370+00:00
19,271,Diop,10,DEF,44,0.7352,1.4581,0.22,0.1716,0.2183,0.0016,1,0,0,0,2026-08-19T06:19:13.254686+00:00,2026-08-19T06:19:59.190370+00:00
19,272,Francois,10,MID,44,0,0,0.0,0.0,0.0,0,1,0,0,0,2026-08-19T06:19:13.254686+00:00,2026-08-19T06:19:59.190370+00:00
19,273,Knockaert,10,MID,44,0,0,0.0,0.0,0.0,0,1,0,0,0,2026-08-19T06:19:13.254686+00:00,2026-08-19T06:19:59.190370+00:00
19,274,Kongolo,10,DEF,40,0,0,0.0,0.0,0.0,0,1,0,0,0,2026-08-19T06:19:13.254686+00:00,2026-08-19T06:19:59.190370+00:00
19,275,Leno,10,GKP,48,3.5572,2.29,0.9,0.008,0.8376,0.0056,1,0,90,1,2026-08-19T06:19:13.254686+00:00,2026-08-19T06:19:59.190370+00:00
19,276,Lukić,10,MID,43,0,0,0.0,0.0,0.0,0,1,1,7,0,2026-08-19T06:19:13.254686+00:00,2026-08-19T06:19:59.190370+00:00
19,277,Mbabu,10,DEF,40,0,0,0.0,0.0,0.0,0,1,0,0,0,2026-08-19T06:19:13.254686+00:00,2026-08-19T06:19:59.190370+00:00
19,278,Mitrović,10,FWD,74,0,0,0.0,0.0,0.0,0,1,0,0,0,2026-08-19T06:19:13.254686+00:00,2026-08-19T06:19:59.190370+00:00
19,279,Muniz,10,FWD,44,0.4244,0.8512,0.1,0.198,0.1088,0.0,1,2,90,1,2026-08-19T06:19:13.254686+00:00,2026-08-19T06:19:59.190370+00:00
19,280,J.Palhinha,10,MID,50,1.4036,1.7016,0.48,0.1144,0.4556,0.002,1,2,90,1,2026-08-19T06:19:13.254686+00:00,2026-08-19T06:19:59.190370+00:00
19,281,Ream,10,DEF,45,0.8264,1.6166,0.22,0.1716,0.2183,0.002,1,0,0,0,2026-08-19T06:19:13.254686+00:00,2026-08-19T06:19:59.190370+00:00
19,282,Reed,10,MID,46,1.2144,1.3361,0.48,0.1144,0.4556,0.0004,1,0,0,0,2026-08-19T06:19:13.254686+00:00,2026-08-19T06:19:59.190370+00:00
19,283,Robinson,10,DEF,44,0.7704,1.5002,0.22,0.1716,0.2183,0.0004,1,1,82,1,2026-08-19T06:19:13.254686+00:00,2026-08-19T06:19:59.190370+00:00
19,284,Rodák,10,GKP,39,0.168,0.7435,0.04,0.0384,0.0403,0.0,1,0,0,0,2026-08-19T06:19:13.254686+00:00,2026-08-19T06:19:59.190370+00:00
19,285,Tete,10,DEF,44,0.66,1.3736,0.22,0.1716,0.2183,0.0012,1,1,72,1,2026-08-19T06:19:13.254686+00:00,2026-08-19T06:19:59.190370+00:00
19,286,Tosin,10,DEF,43,0.7456,1.3868,0.22,0.1716,0.2183,0.0,1,1,90,1,2026-08-19T06:19:13.254686+00:00,2026-08-19T06:19:59.190370+00:00
19,287,Vinícius,10,FWD,47,0,0,0.0,0.0,0.0,0,1,1,8,0,2026-08-19T06:19:13.254686+00:00,2026-08-19T06:19:59.190370+00:00
19,288,Wilson,10,MID,53,1.5452,1.9156,0.48,0.1144,0.4556,0.0056,1,1,17,0,2026-08-19T06:19:13.254686+00:00,2026-08-19T06:19:59.190370+00:00
19,558,Raúl,10,FWD,52,1.7824,2.1794,0.48,0.1144,0.4556,0.006,1,0,0,0,2026-08-19T06:19:13.254686+00:00,2026-08-19T06:19:59.190370+00:00
19,591,Willian,10,MID,53,2.0512,2.547,0.48,0.1144,0.4556,0.016,1,0,0,0,2026-08-19T06:19:13.254686+00:00,2026-08-19T06:19:59.190370+00:00
19,610,Bassey,10,DEF,44,0.7544,1.4287,0.22,0.1716,0.2183,0.0008,1,1,90,1,2026-08-19T06:19:13.254686+00:00,2026-08-19T06:19:59.190370+00:00
19,625,De Fougerolles,10,DEF,40,0.4424,1.0142,0.1,0.198,0.1088,0.0004,1,0,0,0,2026-08-19T06:19:13.254686+00:00,2026-08-19T06:19:59.190370+00:00
19,651,Stansfield,10,FWD,45,0,0,0.0,0.0,0.0,0,1,0,0,0,2026-08-19T06:19:13.254686+00:00,2026-08-19T06:19:59.190370+00:00
19,652,Dibley-Dias,10,MID,45,0.4588,0.9225,0.1,0.198,0.1088,0.0004,1,0,0,0,2026-08-19T06:19:13.254686+00:00,2026-08-19T06:19:59.190370+00:00
19,662,Adama,10,MID,49,0.6616,1.1942,0.18,0.1804,0.1818,0.0,1,0,0,0,2026-08-19T06:19:13.254686+00:00,2026-08-19T06:19:59.190370+00:00
19,683,Harris,10,MID,45,0,0,0.0,0.0,0.0,0,1,0,0,0,2026-08-19T06:19:13.254686+00:00,2026-08-19T06:19:59.190370+00:00
19,688,Castagne,10,DEF,45,0.8296,1.5758,0.22,0.1716,0.2183,0.0016,1,1,17,0,2026-08-19T06:19:13.254686+00:00,2026-08-19T06:19:59.190370+00:00
19,692,Benda,10,GKP,40,0.1632,0.7611,0.04,0.0384,0.0403,0.0004,1,0,0,0,2026-08-19T06:19:13.254686+00:00,2026-08-19T06:19:59.190370+00:00
19,707,Ballo-Touré,10,DEF,45,0.5092,1.1987,0.1,0.198,0.1088,0.0004,1,1,7,0,2026-08-19T06:19:13.254686+00:00,2026-08-19T06:19:59.190370+00:00
19,732,Tanton,10,DEF,40,0.514,1.171,0.1,0.198,0.1088,0.0004,1,0,0,0,2026-08-19T06:19:13.254686+00:00,2026-08-19T06:19:59.190370+00:00
19,796,Sekularac,10,MID,44,0.4828,0.9866,0.1,0.198,0.1088,0.0,1,,,,2026-08-19T06:19:13.254686+00:00,
19,810,King,10,MID,45,0.4656,0.9088,0.1,0.198,0.1088,0.0,1,,,,2026-08-19T06:19:13.254686+00:00,
19,289,Adrián,11,GKP,39,0.1796,0.7421,0.04,0.0384,0.0403,0.0,1,0,0,0,2026-08-19T06:19:13.254686+00:00,2026-08-19T06:19:59.190370+00:00
19,290,Alexander-Arnold,11,DEF,83,2.2104,2.888,0.48,0.1456,0.458,0.0284,1,8,90,1,2026-08-19T06:19:13.254686+00:00,2026-08-19T06:19:59.190370+00:00
19,291,A.Becker,11,GKP,56,3.338,2.1995,0.9,0.008,0.8376,0.0036,1,6,90,1,2026-08-19T06:19:13.254686+00:00,2026-08-19T06:19:59.190370+00:00
19,292,Bajcetic,11,MID,47,0.8596,1.4094,0.28,0.1584,0.2731,0.0016,1,0,0,0,2026-08-19T06:19:13.254686+00:00,2026-08-19T06:19:59.190370+00:00
19,293,Darwin,11,FWD,75,1.998,2.5866,0.48,0.1456,0.458,0.022,1,8,83,1,2026-08-19T06:19:13.254686+00:00,2026-08-19T06:19:59.190370+00:00
19,294,Diogo J.,11,MID,77,1.9936,2.5054,0.48,0.1456,0.458,0.0156,1,6,6,0,2026-08-19T06:19:13.254686+00:00,2026-08-19T06:19:59.190370+00:00
19,295,Elliott,11,MID,48,0.9,1.4053,0.28,0.1584,0.2731,0.0016,1,3,66,1,2026-08-19T06:19:13.254686+00:00,2026-08-19T06:19:59.190370+00:00
19,296,Fabinho,11,MID,50,0,0,0.0,0.0,0.0,0,1,0,0,0,2026-08-19T06:19:13.254686+00:00,2026-08-19T06:19:59.190370+00:00
19,297,Gakpo,11,FWD,72,1.9164,2.2397,0.48,0.1456,0.458,0.0128,1,5,66,1,2026-08-19T06:19:13.254686+00:00,2026-08-19T06:19:59.190370+00:00
19,298,Gomez,11,DEF,45,0.7144,1.5761,0.22,0.1716,0.2183,0.0036,1,6,90,1,2026-08-19T06:19:13.254686+00:00,2026-08-19T06:19:59.190370+00:00
19,299,Henderson,11,MID,50,0,0,0.0,0.0,0.0,0,1,0,0,0,2026-08-19T06:19:13.254686+00:00,2026-08-19T06:19:59.190370+00:00
19,300,Jones,11,MID,49,0.8388,1.3233,0.28,0.1584,0.2731,0.0004,1,1,24,0,2026-08-19T06:19:13.254686+00:00,2026-08-19T06:19:59.190370+00:00
19,301,Kelleher,11,GKP,38,0.1664,0.7524,0.04,0.0384,0.0403,0.0,1,0,0,0,2026-08-19T06:19:13.254686+00:00,2026-08-19T06:19:59.190370+00:00
19,302,Konaté,11,DEF,49,1.3228,1.9242,0.48,0.1144,0.4556,0.0036,1,0,0,0,2026-08-19T06:19:13.254686+00:00,2026-08-19T06:19:59.190370+00:00
19,303,Luis Díaz,11,MID,74,2.0052,2.5364,0.48,0.1456,0.458,0.0172,1,4,23,0,2026-08-19T06:19:13.254686+00:00,2026-08-19T06:19:59.190370+00:00
19,304,Mac Allister,11,MID,58,1.3444,1.5303,0.48,0.1456,0.458,0.0008,1,0,0,0,2026-08-19T06:19:13.254686+00:00,2026-08-19T06:19:59.190370+00:00
19,305,Matip,11,DEF,49,0,0,0.0,0.0,0.0,0,1,0,0,0,2026-08-19T06:19:13.254686+00:00,2026-08-19T06:19:59.190370+00:00
19,306,Phillips,11,DEF,40,0,0,0.0,0.0,0.0,0,1,0,0,0,2026-08-19T06:19:13.254686+00:00,2026-08-19T06:19:59.190370+00:00
19,307,Robertson,11,DEF,64,1.726,2.3489,0.48,0.1456,0.458,0.0104,1,0,0,0,2026-08-19T06:19:13.254686+00:00,2026-08-19T06:19:59.190370+00:00
19,308,Salah,11,MID,133,4.2492,4.2272,0.68,0.0576,0.637,0.1124,1,3,90,1,2026-08-19T06:19:13.254686+00:00,2026-08-19T06:19:59.190370+00:00
19,309,Szoboszlai,11,MID,71,2.4976,2.3957,0.68,0.0576,0.637,0.0152,1,1,23,0,2026-08-19T06:19:13.254686+00:00,2026-08-19T06:19:59.190370+00:00
19,310,Thiago,11,MID,48,0.7304,1.153,0.24,0.1672,0.2366,0.0004,1,0,0,0,2026-08-19T06:19:13.254686+00:00,2026-08-19T06:19:59.190370+00:00
19,311,Tsimikas,11,DEF,48,1.7272,2.2308,0.48,0.1144,0.4556,0.006,1,0,0,0,2026-08-19T06:19:13.254686+00:00,2026-08-19T06:19:59.190370+00:00
19,312,Van den Berg,11,DEF,40,0,0,0.0,0.0,0.0,0,1,0,0,0,2026-08-19T06:19:13.254686+00:00,2026-08-19T06:19:59.190370+00:00
19,313,Virgil,11,DEF,62,2.4956,2.6825,0.68,0.0896,0.6396,0.018,1,7,90,1,2026-08-19T06:19:13.254686+00:00,2026-08-19T06:19:59.190370+00:00
19,626,Quansah,11,DEF,40,0.4408,1.0642,0.1,0.198,0.1088,0.0008,1,6,90,1,2026-08-19T06:19:13.254686+00:00,2026-08-19T06:19:59.190370+00:00
19,627,Clark,11,MID,44,0.4128,0.8411,0.1,0.198,0.1088,0.0,1,0,0,0,2026-08-19T06:19:13.254686+00:00,2026-08-19T06:19:59.190370+00:00
19,628,Doak,11,MID,44,0,0,0.0,0.0,0.0,0,1,0,0,0,2026-08-19T06:19:13.254686+00:00,2026-08-19T06:19:59.190370+00:00
19,629,McConnell,11,MID,44,0.4596,0.9191,0.1,0.198,0.1088,0.0,1,0,0,0,2026-08-19T06:19:13.254686+00:00,2026-08-19T06:19:59.190370+00:00
19,668,Endo,11,MID,54,0.752,1.2191,0.28,0.1584,0.2731,0.0,1,3,90,1,2026-08-19T06:19:13.254686+00:00,2026-08-19T06:19:59.190370+00:00
19,708,Gravenberch,11,MID,50,1.028,1.5782,0.28,0.1584,0.2731,0.0008,1,3,65,1,2026-08-19T06:19:13.254686+00:00,2026-08-19T06:19:59.190370+00:00
19,726,Chambers,11,DEF,40,0,0,0.0,0.0,0.0,0,1,0,0,0,2026-08-19T06:19:13.254686+00:00,2026-08-19T06:19:59.190370+00:00
19,728,Scanlon,11,DEF,40,0.5048,1.143,0.1,0.198,0.1088,0.0,1,0,0,0,2026-08-19T06:19:13.254686+00:00,2026-08-19T06:19:59.190370+00:00
19,743,Nyoni,11,MID,45,0.4716,0.889,0.1,0.198,0.1088,0.0,1,0,0,0,2026-08-19T06:19:13.254686+00:00,2026-08-19T06:19:59.190370+00:00
19,756,Pitaluga,11,GKP,40,0,0,0.0,0.0,0.0,0,1,0,0,0,2026-08-19T06:19:13.254686+00:00,2026-08-19T06:19:59.190370+00:00
19,757,Bradley,11,DEF,40,0.4712,1.0715,0.1,0.198,0.1088,0.0,1,0,0,0,2026-08-19T06:19:13.254686+00:00,2026-08-19T06:19:59.190370+00:00
19,782,Beck,11,DEF,45,0,0,0.0,0.0,0.0,0,1,,,,2026-08-19T06:19:13.254686+00:00,
19,783,Gordon,11,MID,45,0.4448,0.9096,0.1,0.198,0.1088,0.0,1,,,,2026-08-19T06:19:13.254686+00:00,
19,812,Koumas,11,FWD,45,0.4504,0.8876,0.1,0.198,0.1088,0.0004,1,,,,2026-08-19T06:19:13.254686+00:00,
19,813,Mrozek,11,GKP,40,0.152,0.7618,0.04,0.0384,0.0403,0.0,1,,,,2026-08-19T06:19:13.254686+00:00,
19,824,Danns,11,FWD,43,0.4464,0.9322,0.1,0.198,0.1088,0.0012,1,,,,2026-08-19T06:19:13.254686+00:00,
19,837,Nallo,11,DEF,40,0.48,1.1554,0.1,0.198,0.1088,0.0008,1,,,,2026-08-19T06:19:13.254686+00:00,
19,21,Sambi,12,MID,49,0.8512,1.3228,0.28,0.1584,0.2731,0.0,1,6,90,1,2026-08-19T06:19:13.254686+00:00,2026-08-19T06:19:59.190370+00:00
19,52,Nakamba,12,MID,44,0,0,0.0,0.0,0.0,0,1,0,0,0,2026-08-19T06:19:13.254686+00:00,2026-08-19T06:19:59.190370+00:00
19,314,Adebayo,12,FWD,48,0.9684,1.5614,0.28,0.1584,0.2731,0.0024,1,2,70,1,2026-08-19T06:19:13.254686+00:00,2026-08-19T06:19:59.190370+00:00
19,315,Andersen,12,DEF,39,0.4576,1.1164,0.11,0.1958,0.118,0.0004,1,1,12,0,2026-08-19T06:19:13.254686+00:00,2026-08-19T06:19:59.190370+00:00
19,316,Bell,12,DEF,39,0,0,0.0,0.0,0.0,0,1,1,90,1,2026-08-19T06:19:13.254686+00:00,2026-08-19T06:19:59.190370+00:00
19,317,Berry,12,MID,47,0.648,1.1575,0.18,0.1804,0.1818,0.0008,1,0,0,0,2026-08-19T06:19:13.254686+00:00,2026-08-19T06:19:59.190370+00:00
19,318,Burke,12,DEF,40,0,0,0.0,0.0,0.0,0,1,0,0,0,2026-08-19T06:19:13.254686+00:00,2026-08-19T06:19:59.190370+00:00
19,319,Campbell,12,MID,49,0,0,0.0,0.0,0.0,0,1,0,0,0,2026-08-19T06:19:13.254686+00:00,2026-08-19T06:19:59.190370+00:00
19,320,Clark,12,MID,48,0.6096,1.0715,0.18,0.1804,0.1818,0.0,1,0,0,0,2026-08-19T06:19:13.254686+00:00,2026-08-19T06:19:59.190370+00:00
19,321,Doughty,12,DEF,44,0.9752,1.8955,0.22,0.1716,0.2183,0.0032,1,7,78,1,2026-08-19T06:19:13.254686+00:00,2026-08-19T06:19:59.190370+00:00
19,322,Freeman,12,MID,49,0,0,0.0,0.0,0.0,0,1,0,0,0,2026-08-19T06:19:13.254686+00:00,2026-08-19T06:19:59.190370+00:00
19,323,Macey,12,GKP,40,0,0,0.0,0.0,0.0,0,1,0,0,0,2026-08-19T06:19:13.254686+00:00,2026-08-19T06:19:59.190370+00:00
19,324,McAtee,12,FWD,45,0,0,0.0,0.0,0.0,0,1,0,0,0,2026-08-19T06:19:13.254686+00:00,2026-08-19T06:19:59.190370+00:00
19,325,Mendes,12,MID,45,0,0,0.0,0.0,0.0,0,1,0,0,0,2026-08-19T06:19:13.254686+00:00,2026-08-19T06:19:59.190370+00:00
19,326,Morris,12,FWD,51,1.7892,2.21,0.48,0.1144,0.4556,0.0136,1,7,19,0,2026-08-19T06:19:13.254686+00:00,2026-08-19T06:19:59.190370+00:00
19,327,Muskwe,12,FWD,45,0,0,0.0,0.0,0.0,0,1,0,0,0,2026-08-19T06:19:13.254686+00:00,2026-08-19T06:19:59.190370+00:00
19,328,Ogbene,12,FWD,49,1.4388,1.7037,0.48,0.1144,0.4556,0.0016,1,1,18,0,2026-08-19T06:19:13.254686+00:00,2026-08-19T06:19:59.190370+00:00
19,329,Onyedinma,12,MID,50,0.6816,1.2248,0.18,0.1804,0.1818,0.0004,1,0,0,0,2026-08-19T06:19:13.254686+00:00,2026-08-19T06:19:59.190370+00:00
19,330,Osho,12,DEF,44,0.714,1.4489,0.22,0.1716,0.2183,0.0016,1,1,90,1,2026-08-19T06:19:13.254686+00:00,2026-08-19T06:19:59.190370+00:00
19,331,Pepple,12,FWD,45,0,0,0.0,0.0,0.0,0,1,0,0,0,2026-08-19T06:19:13.254686+00:00,2026-08-19T06:19:59.190370+00:00
19,332,Pereira,12,MID,44,0,0,0.0,0.0,0.0,0,1,0,0,0,2026-08-19T06:19:13.254686+00:00,2026-08-19T06:19:59.190370+00:00
19,333,Potts,12,DEF,39,0.3712,0.963,0.05,0.209,0.0632,0.0008,1,0,0,0,2026-08-19T06:19:13.254686+00:00,2026-08-19T06:19:59.190370+00:00
19,334,Rea,12,MID,44,0,0,0.0,0.0,0.0,0,1,0,0,0,2026-08-19T06:19:13.254686+00:00,2026-08-19T06:19:59.190370+00:00
19,335,Shea,12,GKP,43,0.1428,0.6801,0.04,0.0384,0.0403,0.0,1,0,0,0,2026-08-19T06:19:13.254686+00:00,2026-08-19T06:19:59.190370+00:00
19,336,Taylor,12,FWD,45,0,0,0.0,0.0,0.0,0,1,0,0,0,2026-08-19T06:19:13.254686+00:00,2026-08-19T06:19:59.190370+00:00
19,337,Thorpe,12,MID,45,0,0,0.0,0.0,0.0,0,1,0,0,0,2026-08-19T06:19:13.254686+00:00,2026-08-19T06:19:59.190370+00:00
19,338,Walton,12,GKP,40,0,0,0.0,0.0,0.0,0,1,0,0,0,2026-08-19T06:19:13.254686+00:00,2026-08-19T06:19:59.190370+00:00
19,339,Watson,12,MID,44,0,0,0.0,0.0,0.0,0,1,0,0,0,2026-08-19T06:19:13.254686+00:00,2026-08-19T06:19:59.190370+00:00
19,340,Woodrow,12,FWD,44,0.4664,0.9336,0.1,0.198,0.1088,0.0,1,0,0,0,2026-08-19T06:19:13.254686+00:00,2026-08-19T06:19:59.190370+00:00
19,393,Mengi,12,DEF,40,0.7676,1.4519,0.22,0.1716,0.2183,0.0004,1,1,90,1,2026-08-19T06:19:13.254686+00:00,2026-08-19T06:19:59.190370+00:00
19,553,Giles,12,DEF,43,0,0,0.0,0.0,0.0,0,1,1,71,1,2026-08-19T06:19:13.254686+00:00,2026-08-19T06:19:59.190370+00:00
19,575,Lockyer,12,DEF,43,0,0,0.0,0.0,0.0,0,1,0,0,0,2026-08-19T06:19:13.254686+00:00,2026-08-19T06:19:59.190370+00:00
19,582,Mpanzu,12,MID,47,1.4428,1.6154,0.48,0.1144,0.4556,0.0016,1,1,6,0,2026-08-19T06:19:13.254686+00:00,2026-08-19T06:19:59.190370+00:00
19,586,Chong,12,MID,48,0.7848,1.262,0.28,0.1584,0.2731,0.0,1,0,0,0,2026-08-19T06:19:13.254686+00:00,2026-08-19T06:19:59.190370+00:00
19,602,Kaboré,12,DEF,40,0,0,0.0,0.0,0.0,0,1,0,0,0,2026-08-19T06:19:13.254686+00:00,2026-08-19T06:19:59.190370+00:00
19,614,Kaminski,12,GKP,45,2.8864,2.1195,0.9,0.004,0.8373,0.0008,1,1,90,1,2026-08-19T06:19:13.254686+00:00,2026-08-19T06:19:59.190370+00:00
19,630,Barkley,12,MID,49,0,0,0.0,0.0,0.0,0,1,2,90,1,2026-08-19T06:19:13.254686+00:00,2026-08-19T06:19:59.190370+00:00
19,631,Brown,12,FWD,49,0,0,0.0,0.0,0.0,0,1,2,90,1,2026-08-19T06:19:13.254686+00:00,2026-08-19T06:19:59.190370+00:00
19,648,Francis-Clarke,12,DEF,40,0,0,0.0,0.0,0.0,0,1,0,0,0,2026-08-19T06:19:13.254686+00:00,2026-08-19T06:19:59.190370+00:00
19,665,Krul,12,GKP,44,0.142,0.6521,0.04,0.0384,0.0403,0.0,1,0,0,0,2026-08-19T06:19:13.254686+00:00,2026-08-19T06:19:59.190370+00:00
19,682,Johnson,12,DEF,40,0.5096,1.2545,0.1,0.198,0.1088,0.0024,1,0,0,0,2026-08-19T06:19:13.254686+00:00,2026-08-19T06:19:59.190370+00:00
19,727,Townsend,12,MID,50,1.186,1.8247,0.28,0.1584,0.2731,0.0032,1,2,83,1,2026-08-19T06:19:13.254686+00:00,2026-08-19T06:19:59.190370+00:00
19,729,Luker,12,MID,45,0,0,0.0,0.0,0.0,0,1,0,0,0,2026-08-19T06:19:13.254686+00:00,2026-08-19T06:19:59.190370+00:00
19,734,Nelson,12,MID,45,0.4516,0.8962,0.1,0.198,0.1088,0.0,1,0,0,0,2026-08-19T06:19:13.254686+00:00,2026-08-19T06:19:59.190370+00:00
19,798,Hashioka,12,DEF,40,0.4416,1.0318,0.1,0.198,0.1088,0.0004,1,,,,2026-08-19T06:19:13.254686+00:00,
19,831,Piesold,12,MID,45,0.4544,0.9039,0.1,0.198,0.1088,0.0,1,,,,2026-08-19T06:19:13.254686+00:00,
19,839,Martins,12,MID,45,0.468,0.9328,0.1,0.198,0.1088,0.0004,1,,,,2026-08-19T06:19:13.254686+00:00,
19,844,Chigozie,12,DEF,40,0.486,1.2013,0.1,0.198,0.1088,0.0008,1,,,,2026-08-19T06:19:13.254686+00:00,
19,848,Harris,12,FWD,45,0.4448,0.8998,0.1,0.198,0.1088,0.0004,1,,,,2026-08-19T06:19:13.254686+00:00,
19,341,Akanji,13,DEF,49,1.4624,2.0517,0.48,0.1144,0.4556,0.0048,1,1,90,1,2026-08-19T06:19:13.254686+00:00,2026-08-19T06:19:59.190370+00:00
19,342,Aké,13,DEF,50,1.7732,2.3912,0.48,0.1144,0.4556,0.0096,1,5,90,1,2026-08-19T06:19:13.254686+00:00,2026-08-19T06:19:59.190370+00:00
19,343,J.Alvarez,13,FWD,68,2.8572,2.6641,0.68,0.0896,0.6396,0.0232,1,8,90,1,2026-08-19T06:19:13.254686+00:00,2026-08-19T06:19:59.190370+00:00
19,344,Bernardo,13,MID,64,1.9496,2.276,0.48,0.1456,0.458,0.0096,1,13,90,1,2026-08-19T06:19:13.254686+00:00,2026-08-19T06:19:59.190370+00:00
19,345,Bobb,13,MID,44,0.4596,0.9195,0.1,0.198,0.1088,0.0,1,0,0,0,2026-08-19T06:19:13.254686+00:00,2026-08-19T06:19:59.190370+00:00
19,346,Cancelo,13,DEF,58,0,0,0.0,0.0,0.0,0,1,0,0,0,2026-08-19T06:19:13.254686+00:00,2026-08-19T06:19:59.190370+00:00
19,347,Carson,13,GKP,39,0.1512,0.7109,0.04,0.0384,0.0403,0.0,1,0,0,0,2026-08-19T06:19:13.254686+00:00,2026-08-19T06:19:59.190370+00:00
19,348,Charles,13,MID,45,0,0,0.0,0.0,0.0,0,1,0,0,0,2026-08-19T06:19:13.254686+00:00,2026-08-19T06:19:59.190370+00:00
19,349,De Bruyne,13,MID,102,3.168,3.0481,0.72,0.0784,0.6759,0.042,1,0,0,0,2026-08-19T06:19:13.254686+00:00,2026-08-19T06:19:59.190370+00:00
19,350,Rúben,13,DEF,55,1.5928,2.162,0.48,0.1456,0.458,0.0088,1,0,0,0,2026-08-19T06:19:13.254686+00:00,2026-08-19T06:19:59.190370+00:00
19,352,Ederson M.,13,GKP,55,0,0,0.0,0.0,0.0,0,1,2,90,1,2026-08-19T06:19:13.254686+00:00,2026-08-19T06:19:59.190370+00:00
19,353,Foden,13,MID,76,2.1324,2.6389,0.48,0.1456,0.458,0.0212,1,8,90,1,2026-08-19T06:19:13.254686+00:00,2026-08-19T06:19:59.190370+00:00
19,354,Grealish,13,MID,72,1.3504,2.2036,0.28,0.2016,0.2765,0.0088,1,1,90,1,2026-08-19T06:19:13.254686+00:00,2026-08-19T06:19:59.190370+00:00
19,355,Haaland,13,FWD,139,3.2456,4.0142,0.48,0.1456,0.458,0.096,1,0,0,0,2026-08-19T06:19:13.254686+00:00,2026-08-19T06:19:59.190370+00:00
19,356,Kovačić,13,MID,47,0.818,1.3194,0.28,0.1584,0.2731,0.0004,1,1,25,0,2026-08-19T06:19:13.254686+00:00,2026-08-19T06:19:59.190370+00:00
19,357,Laporte,13,DEF,49,0,0,0.0,0.0,0.0,0,1,0,0,0,2026-08-19T06:19:13.254686+00:00,2026-08-19T06:19:59.190370+00:00
19,358,R.Lewis,13,DEF,43,0.7548,1.4426,0.22,0.1716,0.2183,0.0,1,0,0,0,2026-08-19T06:19:13.254686+00:00,2026-08-19T06:19:59.190370+00:00
19,359,Mahrez,13,MID,75,0,0,0.0,0.0,0.0,0,1,0,0,0,2026-08-19T06:19:13.254686+00:00,2026-08-19T06:19:59.190370+00:00
19,361,Ortega Moreno,13,GKP,38,2.4236,1.9751,0.88,0.0048,0.8188,0.0,1,0,0,0,2026-08-19T06:19:13.254686+00:00,2026-08-19T06:19:59.190370+00:00
19,363,Perrone,13,MID,44,0,0,0.0,0.0,0.0,0,1,0,0,0,2026-08-19T06:19:13.254686+00:00,2026-08-19T06:19:59.190370+00:00
19,365,Rodrigo,13,MID,56,1.732,2.1926,0.48,0.1456,0.458,0.0116,1,2,90,1,2026-08-19T06:19:13.254686+00:00,2026-08-19T06:19:59.190370+00:00
19,366,Sergio Gómez,13,DEF,39,0.48,1.1323,0.1,0.198,0.1088,0.0004,1,0,0,0,2026-08-19T06:19:13.254686+00:00,2026-08-19T06:19:59.190370+00:00
19,367,Steffen,13,GKP,39,0,0,0.0,0.0,0.0,0,1,0,0,0,2026-08-19T06:19:13.254686+00:00,2026-08-19T06:19:59.190370+00:00
19,368,Stones,13,DEF,53,0.884,1.568,0.28,0.1584,0.2731,0.0004,1,1,42,0,2026-08-19T06:19:13.254686+00:00,2026-08-19T06:19:59.190370+00:00
19,369,Walker,13,DEF,53,1.9952,2.1185,0.68,0.0576,0.637,0.004,1,2,90,1,2026-08-19T06:19:13.254686+00:00,2026-08-19T06:19:59.190370+00:00
19,566,Matheus N.,13,MID,48,0.8552,1.2889,0.28,0.1584,0.2731,0.0008,1,2,64,1,2026-08-19T06:19:13.254686+00:00,2026-08-19T06:19:59.190370+00:00
19,616,Gvardiol,13,DEF,48,1.3964,2.0066,0.48,0.1144,0.4556,0.0048,1,1,47,1,2026-08-19T06:19:13.254686+00:00,2026-08-19T06:19:59.190370+00:00
19,678,Doku,13,MID,65,2.0284,2.4342,0.48,0.1456,0.458,0.0156,1,0,0,0,2026-08-19T06:19:13.254686+00:00,2026-08-19T06:19:59.190370+00:00
19,762,Susoho,13,MID,45,0.4684,0.9674,0.1,0.198,0.1088,0.0,1,0,0,0,2026-08-19T06:19:13.254686+00:00,2026-08-19T06:19:59.190370+00:00
19,771,Hamilton,13,MID,45,0.4508,0.9376,0.1,0.198,0.1088,0.0004,1,0,0,0,2026-08-19T06:19:13.254686+00:00,2026-08-19T06:19:59.190370+00:00
19,814,Wright,13,MID,45,0.4376,0.8704,0.1,0.198,0.1088,0.0,1,,,,2026-08-19T06:19:13.254686+00:00,
19,209,Mount,14,MID,68,0.668,1.3603,0.14,0.2408,0.1495,0.0024,1,0,0,0,2026-08-19T06:19:13.254686+00:00,2026-08-19T06:19:59.190370+00:00
19,370,Alex Telles,14,DEF,45,0,0,0.0,0.0,0.0,0,1,0,0,0,2026-08-19T06:19:13.254686+00:00,2026-08-19T06:19:59.190370+00:00
19,371,Amad,14,MID,44,0.4888,1.0063,0.1,0.198,0.1088,0.0004,1,0,0,0,2026-08-19T06:19:13.254686+00:00,2026-08-19T06:19:59.190370+00:00
19,372,Antony,14,MID,68,1.7044,2.2061,0.48,0.1456,0.458,0.0084,1,1,10,0,2026-08-19T06:19:13.254686+00:00,2026-08-19T06:19:59.190370+00:00
19,373,B.Fernandes,14,MID,82,3.528,3.4444,0.68,0.0576,0.637,0.0636,1,1,90,1,2026-08-19T06:19:13.254686+00:00,2026-08-19T06:19:59.190370+00:00
19,374,B.Williams,14,DEF,40,0,0,0.0,0.0,0.0,0,1,0,0,0,2026-08-19T06:19:13.254686+00:00,2026-08-19T06:19:59.190370+00:00
19,375,Bailly,14,DEF,40,0,0,0.0,0.0,0.0,0,1,0,0,0,2026-08-19T06:19:13.254686+00:00,2026-08-19T06:19:59.190370+00:00
19,376,Casemiro,14,MID,53,1.6016,2.0697,0.48,0.1144,0.4556,0.0068,1,0,0,0,2026-08-19T06:19:13.254686+00:00,2026-08-19T06:19:59.190370+00:00
19,377,Dalot,14,DEF,51,1.9844,2.5562,0.48,0.1144,0.4556,0.0104,1,1,90,1,2026-08-19T06:19:13.254686+00:00,2026-08-19T06:19:59.190370+00:00
19,379,Eriksen,14,MID,58,1.1772,1.8026,0.28,0.2016,0.2765,0.0032,1,2,90,1,2026-08-19T06:19:13.254686+00:00,2026-08-19T06:19:59.190370+00:00
19,380,Fernandez,14,DEF,40,0,0,0.0,0.0,0.0,0,1,0,0,0,2026-08-19T06:19:13.254686+00:00,2026-08-19T06:19:59.190370+00:00
19,381,Fred,14,MID,50,0,0,0.0,0.0,0.0,0,1,0,0,0,2026-08-19T06:19:13.254686+00:00,2026-08-19T06:19:59.190370+00:00
19,382,Garnacho,14,MID,47,1.7416,2.319,0.48,0.1144,0.4556,0.0128,1,14,90,1,2026-08-19T06:19:13.254686+00:00,2026-08-19T06:19:59.190370+00:00
19,383,Hannibal,14,MID,44,0,0,0.0,0.0,0.0,0,1,1,1,0,2026-08-19T06:19:13.254686+00:00,2026-08-19T06:19:59.190370+00:00
19,384,Heaton,14,GKP,40,0.1604,0.8013,0.04,0.0384,0.0403,0.0,1,0,0,0,2026-08-19T06:19:13.254686+00:00,2026-08-19T06:19:59.190370+00:00
19,386,Lindelof,14,DEF,45,0.5924,1.3658,0.11,0.1958,0.118,0.0012,1,0,0,0,2026-08-19T06:19:13.254686+00:00,2026-08-19T06:19:59.190370+00:00
19,387,Maguire,14,DEF,42,0,0,0.0,0.0,0.0,0,1,0,0,0,2026-08-19T06:19:13.254686+00:00,2026-08-19T06:19:59.190370+00:00
19,388,Mainoo,14,MID,44,0.9028,1.3409,0.28,0.1584,0.2731,0.0012,1,2,80,1,2026-08-19T06:19:13.254686+00:00,2026-08-19T06:19:59.190370+00:00
19,389,Malacia,14,DEF,43,0,0,0.0,0.0,0.0,0,1,0,0,0,2026-08-19T06:19:13.254686+00:00,2026-08-19T06:19:59.190370+00:00
19,390,Martial,14,FWD,64,0.6828,1.2997,0.14,0.2408,0.1495,0.0024,1,0,0,0,2026-08-19T06:19:13.254686+00:00,2026-08-19T06:19:59.190370+00:00
19,391,Martinez,14,DEF,47,1.0584,1.8675,0.28,0.1584,0.2731,0.004,1,0,0,0,2026-08-19T06:19:13.254686+00:00,2026-08-19T06:19:59.190370+00:00
19,392,McTominay,14,MID,49,1.9916,2.5521,0.48,0.1144,0.4556,0.0116,1,1,9,0,2026-08-19T06:19:13.254686+00:00,2026-08-19T06:19:59.190370+00:00
19,394,Pellistri,14,MID,43,0,0,0.0,0.0,0.0,0,1,0,0,0,2026-08-19T06:19:13.254686+00:00,2026-08-19T06:19:59.190370+00:00
19,395,R.Varane,14,DEF,49,1.2224,2.1197,0.28,0.1584,0.2731,0.0076,1,1,90,1,2026-08-19T06:19:13.254686+00:00,2026-08-19T06:19:59.190370+00:00
19,396,Rashford,14,MID,84,2.2436,2.8943,0.48,0.1456,0.458,0.0296,1,5,79,1,2026-08-19T06:19:13.254686+00:00,2026-08-19T06:19:59.190370+00:00
19,397,Sancho,14,MID,67,0,0,0.0,0.0,0.0,0,1,0,0,0,2026-08-19T06:19:13.254686+00:00,2026-08-19T06:19:59.190370+00:00
19,398,Shaw,14,DEF,52,0,0,0.0,0.0,0.0,0,1,0,0,0,2026-08-19T06:19:13.254686+00:00,2026-08-19T06:19:59.190370+00:00
19,399,Shoretire,14,FWD,44,0.4744,0.939,0.1,0.198,0.1088,0.0004,1,0,0,0,2026-08-19T06:19:13.254686+00:00,2026-08-19T06:19:59.190370+00:00
19,400,Van de Beek,14,MID,47,0,0,0.0,0.0,0.0,0,1,0,0,0,2026-08-19T06:19:13.254686+00:00,2026-08-19T06:19:59.190370+00:00
19,401,Wan-Bissaka,14,DEF,44,0.9716,1.8335,0.22,0.1716,0.2183,0.002,1,1,90,1,2026-08-19T06:19:13.254686+00:00,2026-08-19T06:19:59.190370+00:00
19,597,Onana,14,GKP,48,3.4852,2.3593,0.9,0.008,0.8376,0.0016,1,1,90,1,2026-08-19T06:19:13.254686+00:00,2026-08-19T06:19:59.190370+00:00
19,617,Højlund,14,FWD,68,1.7336,2.1625,0.48,0.1456,0.458,0.0128,1,7,88,1,2026-08-19T06:19:13.254686+00:00,2026-08-19T06:19:59.190370+00:00
19,632,Forson,14,MID,44,0.4704,0.983,0.1,0.198,0.1088,0.0004,1,0,0,0,2026-08-19T06:19:13.254686+00:00,2026-08-19T06:19:59.190370+00:00
19,669,Vítek,14,GKP,40,0,0,0.0,0.0,0.0,0,1,0,0,0,2026-08-19T06:19:13.254686+00:00,2026-08-19T06:19:59.190370+00:00
19,685,Gore,14,MID,45,0,0,0.0,0.0,0.0,0,1,1,1,0,2026-08-19T06:19:13.254686+00:00,2026-08-19T06:19:59.190370+00:00
19,695,Altay,14,GKP,40,0.1824,0.8685,0.04,0.0384,0.0403,0.0004,1,0,0,0,2026-08-19T06:19:13.254686+00:00,2026-08-19T06:19:59.190370+00:00
19,703,Evans,14,DEF,40,0.9144,1.7361,0.22,0.1716,0.2183,0.0024,1,1,90,1,2026-08-19T06:19:13.254686+00:00,2026-08-19T06:19:59.190370+00:00
19,709,Amrabat,14,MID,50,0.7908,1.2161,0.28,0.1584,0.2731,0.0008,1,0,0,0,2026-08-19T06:19:13.254686+00:00,2026-08-19T06:19:59.190370+00:00
19,748,Hugill,14,FWD,45,0,0,0.0,0.0,0.0,0,1,0,0,0,2026-08-19T06:19:13.254686+00:00,2026-08-19T06:19:59.190370+00:00
19,766,Kambwala,14,DEF,40,0.5412,1.2487,0.1,0.198,0.1088,0.0004,1,1,1,0,2026-08-19T06:19:13.254686+00:00,2026-08-19T06:19:59.190370+00:00
19,768,Bennett,14,DEF,40,0,0,0.0,0.0,0.0,0,1,0,0,0,2026-08-19T06:19:13.254686+00:00,2026-08-19T06:19:59.190370+00:00
19,826,Collyer,14,MID,45,0.5092,1.0511,0.1,0.198,0.1088,0.0,1,,,,2026-08-19T06:19:13.254686+00:00,
19,833,Ogunneye,14,DEF,40,0.5556,1.3055,0.1,0.198,0.1088,0.0008,1,,,,2026-08-19T06:19:13.254686+00:00,
19,835,Mee,14,GKP,40,0.1956,0.8841,0.04,0.0384,0.0403,0.0,1,,,,2026-08-19T06:19:13.254686+00:00,
19,846,Amass,14,DEF,40,0.5724,1.3392,0.1,0.198,0.1088,0.0004,1,,,,2026-08-19T06:19:13.254686+00:00,
19,850,Wheatley,14,FWD,45,0.46,0.9086,0.1,0.198,0.1088,0.0008,1,,,,2026-08-19T06:19:13.254686+00:00,
19,856,Jackson,14,DEF,40,0.4816,1.2099,0.1,0.198,0.1088,0.0004,1,,,,2026-08-19T06:19:13.254686+00:00,
19,204,Hall,15,DEF,43,0.564,1.3542,0.1,0.198,0.1088,0.0016,1,1,11,0,2026-08-19T06:19:13.254686+00:00,2026-08-19T06:19:59.190370+00:00
19,402,Almirón,15,MID,62,2.8612,2.781,0.68,0.0896,0.6396,0.0232,1,1,54,1,2026-08-19T06:19:13.254686+00:00,2026-08-19T06:19:59.190370+00:00
19,403,Anderson,15,MID,42,0.9564,1.5042,0.28,0.1584,0.2731,0.0012,1,0,0,0,2026-08-19T06:19:13.254686+00:00,2026-08-19T06:19:59.190370+00:00
19,404,Ashby,15,DEF,40,0,0,0.0,0.0,0.0,0,1,0,0,0,2026-08-19T06:19:13.254686+00:00,2026-08-19T06:19:59.190370+00:00
19,405,Botman,15,DEF,45,0,0,0.0,0.0,0.0,0,1,1,78,1,2026-08-19T06:19:13.254686+00:00,2026-08-19T06:19:59.190370+00:00
19,406,Bruno G.,15,MID,58,2.286,2.2489,0.68,0.0896,0.6396,0.0096,1,1,90,1,2026-08-19T06:19:13.254686+00:00,2026-08-19T06:19:59.190370+00:00
19,407,Burn,15,DEF,44,1.008,2.0476,0.22,0.1716,0.2183,0.0088,1,0,54,1,2026-08-19T06:19:13.254686+00:00,2026-08-19T06:19:59.190370+00:00
19,408,Darlow,15,GKP,40,0,0,0.0,0.0,0.0,0,1,0,0,0,2026-08-19T06:19:13.254686+00:00,2026-08-19T06:19:59.190370+00:00
19,409,Dubravka,15,GKP,42,0.196,0.9035,0.04,0.0384,0.0403,0.0004,1,2,90,1,2026-08-19T06:19:13.254686+00:00,2026-08-19T06:19:59.190370+00:00
19,410,Fraser,15,MID,49,0,0,0.0,0.0,0.0,0,1,0,0,0,2026-08-19T06:19:13.254686+00:00,2026-08-19T06:19:59.190370+00:00
19,411,Gillespie,15,GKP,39,0.204,0.9084,0.04,0.0384,0.0403,0.0,1,0,0,0,2026-08-19T06:19:13.254686+00:00,2026-08-19T06:19:59.190370+00:00
19,412,Gordon,15,MID,62,1.874,2.8442,0.34,0.1848,0.331,0.0216,1,1,90,1,2026-08-19T06:19:13.254686+00:00,2026-08-19T06:19:59.190370+00:00
19,413,Hayden,15,MID,44,0,0,0.0,0.0,0.0,0,1,0,0,0,2026-08-19T06:19:13.254686+00:00,2026-08-19T06:19:59.190370+00:00
19,414,Hendrick,15,MID,44,0,0,0.0,0.0,0.0,0,1,0,0,0,2026-08-19T06:19:13.254686+00:00,2026-08-19T06:19:59.190370+00:00
19,415,Isak,15,FWD,76,2.7376,3.2763,0.48,0.1456,0.458,0.0484,1,7,90,1,2026-08-19T06:19:13.254686+00:00,2026-08-19T06:19:59.190370+00:00
19,416,Joelinton,15,MID,58,1.7668,2.2345,0.48,0.1456,0.458,0.008,1,1,19,0,2026-08-19T06:19:13.254686+00:00,2026-08-19T06:19:59.190370+00:00
19,417,Krafth,15,DEF,44,0.5404,1.3319,0.1,0.198,0.1088,0.0024,1,0,0,0,2026-08-19T06:19:13.254686+00:00,2026-08-19T06:19:59.190370+00:00
19,418,Kuol,15,MID,45,0,0,0.0,0.0,0.0,0,1,0,0,0,2026-08-19T06:19:13.254686+00:00,2026-08-19T06:19:59.190370+00:00
19,419,Lascelles,15,DEF,42,0,0,0.0,0.0,0.0,0,1,0,0,0,2026-08-19T06:19:13.254686+00:00,2026-08-19T06:19:59.190370+00:00
19,420,J.Lewis,15,DEF,40,0,0,0.0,0.0,0.0,0,1,0,0,0,2026-08-19T06:19:13.254686+00:00,2026-08-19T06:19:59.190370+00:00
19,421,Longstaff,15,MID,49,1.5724,2.0866,0.48,0.1144,0.4556,0.0084,1,2,70,1,2026-08-19T06:19:13.254686+00:00,2026-08-19T06:19:59.190370+00:00
19,422,Manquillo,15,DEF,40,0,0,0.0,0.0,0.0,0,1,0,0,0,2026-08-19T06:19:13.254686+00:00,2026-08-19T06:19:59.190370+00:00
19,423,J.Murphy,15,MID,48,0.6736,1.3138,0.18,0.1804,0.1818,0.0012,1,0,0,0,2026-08-19T06:19:13.254686+00:00,2026-08-19T06:19:59.190370+00:00
19,424,Pope,15,GKP,54,3.2368,2.2611,0.88,0.0096,0.8192,0.0008,1,0,0,0,2026-08-19T06:19:13.254686+00:00,2026-08-19T06:19:59.190370+00:00
19,425,Ritchie,15,MID,44,0.5124,1.0598,0.1,0.198,0.1088,0.0004,1,0,0,0,2026-08-19T06:19:13.254686+00:00,2026-08-19T06:19:59.190370+00:00
19,426,Saint-Maximin,15,MID,60,0,0,0.0,0.0,0.0,0,1,0,0,0,2026-08-19T06:19:13.254686+00:00,2026-08-19T06:19:59.190370+00:00
19,427,Schär,15,DEF,53,2.496,2.661,0.68,0.0576,0.637,0.0156,1,0,90,1,2026-08-19T06:19:13.254686+00:00,2026-08-19T06:19:59.190370+00:00
19,428,Targett,15,DEF,42,0,0,0.0,0.0,0.0,0,1,0,0,0,2026-08-19T06:19:13.254686+00:00,2026-08-19T06:19:59.190370+00:00
19,429,Tonali,15,MID,52,0,0,0.0,0.0,0.0,0,1,0,0,0,2026-08-19T06:19:13.254686+00:00,2026-08-19T06:19:59.190370+00:00
19,430,Trippier,15,DEF,69,3.3224,3.2383,0.68,0.0896,0.6396,0.044,1,1,90,1,2026-08-19T06:19:13.254686+00:00,2026-08-19T06:19:59.190370+00:00
19,431,Watts,15,DEF,40,0,0,0.0,0.0,0.0,0,1,0,0,0,2026-08-19T06:19:13.254686+00:00,2026-08-19T06:19:59.190370+00:00
19,432,Willock,15,MID,53,0,0,0.0,0.0,0.0,0,1,0,0,0,2026-08-19T06:19:13.254686+00:00,2026-08-19T06:19:59.190370+00:00
19,433,Wilson,15,FWD,79,1.728,2.821,0.28,0.2016,0.2765,0.0316,1,1,35,0,2026-08-19T06:19:13.254686+00:00,2026-08-19T06:19:59.190370+00:00
19,580,Karius,15,GKP,39,0.1748,0.8137,0.04,0.0384,0.0403,0.0,1,0,0,0,2026-08-19T06:19:13.254686+00:00,2026-08-19T06:19:59.190370+00:00
19,581,Dummett,15,DEF,39,0.524,1.2444,0.1,0.198,0.1088,0.0012,1,0,0,0,2026-08-19T06:19:13.254686+00:00,2026-08-19T06:19:59.190370+00:00
19,603,Barnes,15,MID,62,1.7016,2.1414,0.45,0.154,0.4308,0.0076,1,0,0,0,2026-08-19T06:19:13.254686+00:00,2026-08-19T06:19:59.190370+00:00
19,633,Livramento,15,DEF,44,0,0,0.0,0.0,0.0,0,1,1,35,0,2026-08-19T06:19:13.254686+00:00,2026-08-19T06:19:59.190370+00:00
19,634,A.Murphy,15,DEF,39,0.5012,1.2238,0.1,0.198,0.1088,0.0016,1,0,0,0,2026-08-19T06:19:13.254686+00:00,2026-08-19T06:19:59.190370+00:00
19,635,Miley,15,MID,45,0,0,0.0,0.0,0.0,0,1,2,90,1,2026-08-19T06:19:13.254686+00:00,2026-08-19T06:19:59.190370+00:00
19,738,Diallo,15,MID,45,0.4728,0.9478,0.1,0.198,0.1088,0.0,1,0,0,0,2026-08-19T06:19:13.254686+00:00,2026-08-19T06:19:59.190370+00:00
19,739,Parkinson,15,FWD,45,0.4576,0.9561,0.1,0.198,0.1088,0.0004,1,0,0,0,2026-08-19T06:19:13.254686+00:00,2026-08-19T06:19:59.190370+00:00
19,745,Ndiweni,15,FWD,45,0,0,0.0,0.0,0.0,0,1,0,0,0,2026-08-19T06:19:13.254686+00:00,2026-08-19T06:19:59.190370+00:00
19,794,White,15,MID,45,0.47,0.9781,0.1,0.198,0.1088,0.0004,1,,,,2026-08-19T06:19:13.254686+00:00,
19,795,Hernes,15,MID,45,0.4928,1.0095,0.1,0.198,0.1088,0.0008,1,,,,2026-08-19T06:19:13.254686+00:00,
19,23,Tavares,16,DEF,40,0.4748,1.1219,0.1,0.198,0.1088,0.0004,1,0,0,0,2026-08-19T06:19:13.254686+00:00,2026-08-19T06:19:59.190370+00:00
19,28,Turner,16,GKP,39,2.9132,2.086,0.9,0.004,0.8373,0.0008,1,3,90,1,2026-08-19T06:19:13.254686+00:00,2026-08-19T06:19:59.190370+00:00
19,205,Hudson-Odoi,16,MID,47,0.8948,1.3113,0.28,0.1584,0.2731,0.0004,1,2,78,1,2026-08-19T06:19:13.254686+00:00,2026-08-19T06:19:59.190370+00:00
19,378,Elanga,16,MID,50,1.7048,2.0779,0.48,0.1144,0.4556,0.006,1,10,89,1,2026-08-19T06:19:13.254686+00:00,2026-08-19T06:19:59.190370+00:00
19,434,B.Aguilera,16,MID,45,0,0,0.0,0.0,0.0,0,1,0,0,0,2026-08-19T06:19:13.254686+00:00,2026-08-19T06:19:59.190370+00:00
19,435,Arter,16,MID,43,0.4596,0.9037,0.1,0.198,0.1088,0.0,1,0,0,0,2026-08-19T06:19:13.254686+00:00,2026-08-19T06:19:59.190370+00:00
19,436,Aurier,16,DEF,45,0,0,0.0,0.0,0.0,0,1,0,0,0,2026-08-19T06:19:13.254686+00:00,2026-08-19T06:19:59.190370+00:00
19,437,Awoniyi,16,FWD,63,1.8916,2.2555,0.48,0.1456,0.458,0.0132,1,0,0,0,2026-08-19T06:19:13.254686+00:00,2026-08-19T06:19:59.190370+00:00
19,438,Biancone,16,DEF,39,0,0,0.0,0.0,0.0,0,1,0,0,0,2026-08-19T06:19:13.254686+00:00,2026-08-19T06:19:59.190370+00:00
19,439,Boly,16,DEF,45,0.882,1.7746,0.22,0.1716,0.2183,0.0044,1,0,0,0,2026-08-19T06:19:13.254686+00:00,2026-08-19T06:19:59.190370+00:00
19,440,Bowler,16,MID,45,0,0,0.0,0.0,0.0,0,1,0,0,0,2026-08-19T06:19:13.254686+00:00,2026-08-19T06:19:59.190370+00:00
19,441,Cook,16,DEF,45,0,0,0.0,0.0,0.0,0,1,0,0,0,2026-08-19T06:19:13.254686+00:00,2026-08-19T06:19:59.190370+00:00
19,442,Danilo,16,MID,53,0.9204,1.4138,0.28,0.1584,0.2731,0.0024,1,2,89,1,2026-08-19T06:19:13.254686+00:00,2026-08-19T06:19:59.190370+00:00
19,443,Dennis,16,FWD,48,0,0,0.0,0.0,0.0,0,1,0,0,0,2026-08-19T06:19:13.254686+00:00,2026-08-19T06:19:59.190370+00:00
19,444,Dräger,16,DEF,40,0,0,0.0,0.0,0.0,0,1,0,0,0,2026-08-19T06:19:13.254686+00:00,2026-08-19T06:19:59.190370+00:00
19,445,Felipe,16,DEF,44,0.45,1.0602,0.1,0.198,0.1088,0.0004,1,0,0,0,2026-08-19T06:19:13.254686+00:00,2026-08-19T06:19:59.190370+00:00
19,446,Freuler,16,MID,49,0,0,0.0,0.0,0.0,0,1,0,0,0,2026-08-19T06:19:13.254686+00:00,2026-08-19T06:19:59.190370+00:00
19,447,Gibbs-White,16,MID,57,2.3256,2.35,0.68,0.0576,0.637,0.0128,1,2,90,1,2026-08-19T06:19:13.254686+00:00,2026-08-19T06:19:59.190370+00:00
19,448,Hennessey,16,GKP,40,0.1548,0.707,0.04,0.0384,0.0403,0.0,1,0,0,0,2026-08-19T06:19:13.254686+00:00,2026-08-19T06:19:59.190370+00:00
19,449,Horvath,16,GKP,43,0,0,0.0,0.0,0.0,0,1,0,0,0,2026-08-19T06:19:13.254686+00:00,2026-08-19T06:19:59.190370+00:00
19,451,Kouyaté,16,MID,48,0.622,1.1365,0.18,0.1804,0.1818,0.0004,1,1,1,0,2026-08-19T06:19:13.254686+00:00,2026-08-19T06:19:59.190370+00:00
19,452,Laryea,16,DEF,45,0,0,0.0,0.0,0.0,0,1,0,0,0,2026-08-19T06:19:13.254686+00:00,2026-08-19T06:19:59.190370+00:00
19,453,Mangala,16,MID,50,0,0,0.0,0.0,0.0,0,1,0,0,0,2026-08-19T06:19:13.254686+00:00,2026-08-19T06:19:59.190370+00:00
19,454,Mbe Soh,16,DEF,40,0,0,0.0,0.0,0.0,0,1,0,0,0,2026-08-19T06:19:13.254686+00:00,2026-08-19T06:19:59.190370+00:00
19,455,McKenna,16,DEF,44,0,0,0.0,0.0,0.0,0,1,0,0,0,2026-08-19T06:19:13.254686+00:00,2026-08-19T06:19:59.190370+00:00
19,456,Mighten,16,MID,44,0,0,0.0,0.0,0.0,0,1,0,0,0,2026-08-19T06:19:13.254686+00:00,2026-08-19T06:19:59.190370+00:00
19,457,Niakhaté,16,DEF,45,0.7392,1.458,0.22,0.1716,0.2183,0.0008,1,2,90,1,2026-08-19T06:19:13.254686+00:00,2026-08-19T06:19:59.190370+00:00
19,458,O'Brien,16,MID,49,0,0,0.0,0.0,0.0,0,1,0,0,0,2026-08-19T06:19:13.254686+00:00,2026-08-19T06:19:59.190370+00:00
19,459,Ojeda,16,MID,45,0,0,0.0,0.0,0.0,0,1,0,0,0,2026-08-19T06:19:13.254686+00:00,2026-08-19T06:19:59.190370+00:00
19,460,Panzo,16,DEF,40,0,0,0.0,0.0,0.0,0,1,0,0,0,2026-08-19T06:19:13.254686+00:00,2026-08-19T06:19:59.190370+00:00
19,461,O.Richards,16,DEF,44,0,0,0.0,0.0,0.0,0,1,0,0,0,2026-08-19T06:19:13.254686+00:00,2026-08-19T06:19:59.190370+00:00
19,462,G.Scarpa,16,MID,45,0,0,0.0,0.0,0.0,0,1,0,0,0,2026-08-19T06:19:13.254686+00:00,2026-08-19T06:19:59.190370+00:00
19,463,J.Shelvey,16,MID,48,0,0,0.0,0.0,0.0,0,1,0,0,0,2026-08-19T06:19:13.254686+00:00,2026-08-19T06:19:59.190370+00:00
19,464,Surridge,16,FWD,45,0,0,0.0,0.0,0.0,0,1,0,0,0,2026-08-19T06:19:13.254686+00:00,2026-08-19T06:19:59.190370+00:00
19,465,Toffolo,16,DEF,44,0.9172,1.8484,0.22,0.1716,0.2183,0.0044,1,0,0,0,2026-08-19T06:19:13.254686+00:00,2026-08-19T06:19:59.190370+00:00
19,466,Ui-jo,16,FWD,44,0,0,0.0,0.0,0.0,0,1,0,0,0,2026-08-19T06:19:13.254686+00:00,2026-08-19T06:19:59.190370+00:00
19,467,Williams,16,DEF,43,0,0,0.0,0.0,0.0,0,1,0,20,0,2026-08-19T06:19:13.254686+00:00,2026-08-19T06:19:59.190370+00:00
19,468,Wood,16,FWD,49,1.2672,1.9819,0.28,0.1584,0.2731,0.004,1,17,90,1,2026-08-19T06:19:13.254686+00:00,2026-08-19T06:19:59.190370+00:00
19,469,Worrall,16,DEF,44,0,0,0.0,0.0,0.0,0,1,1,1,0,2026-08-19T06:19:13.254686+00:00,2026-08-19T06:19:59.190370+00:00
19,470,Yates,16,MID,48,0.89,1.4015,0.28,0.1584,0.2731,0.0008,1,1,20,0,2026-08-19T06:19:13.254686+00:00,2026-08-19T06:19:59.190370+00:00
19,604,Aina,16,DEF,45,0.6964,1.3799,0.22,0.1716,0.2183,0.0,1,2,90,1,2026-08-19T06:19:13.254686+00:00,2026-08-19T06:19:59.190370+00:00
19,636,G.Shelvey,16,GKP,40,0,0,0.0,0.0,0.0,0,1,0,0,0,2026-08-19T06:19:13.254686+00:00,2026-08-19T06:19:59.190370+00:00
19,637,Powell,16,DEF,40,0.448,1.0683,0.1,0.198,0.1088,0.0004,1,0,0,0,2026-08-19T06:19:13.254686+00:00,2026-08-19T06:19:59.190370+00:00
19,679,G.Montiel,16,DEF,44,0.4764,1.1456,0.1,0.198,0.1088,0.0016,1,1,69,1,2026-08-19T06:19:13.254686+00:00,2026-08-19T06:19:59.190370+00:00
19,696,Murillo,16,DEF,45,0.7568,1.5005,0.22,0.1716,0.2183,0.0016,1,5,90,1,2026-08-19T06:19:13.254686+00:00,2026-08-19T06:19:59.190370+00:00
19,710,Odysseas,16,GKP,45,0.1592,0.6885,0.04,0.0384,0.0403,0.0,1,0,0,0,2026-08-19T06:19:13.254686+00:00,2026-08-19T06:19:59.190370+00:00
19,711,Omobamidele,16,DEF,45,0.4752,1.1028,0.1,0.198,0.1088,0.0,1,0,0,0,2026-08-19T06:19:13.254686+00:00,2026-08-19T06:19:59.190370+00:00
19,712,Dominguez,16,MID,50,0,0,0.0,0.0,0.0,0,1,1,11,0,2026-08-19T06:19:13.254686+00:00,2026-08-19T06:19:59.190370+00:00
19,713,Sangaré,16,MID,49,1.1496,1.398,0.48,0.1144,0.4556,0.0008,1,1,69,1,2026-08-19T06:19:13.254686+00:00,2026-08-19T06:19:59.190370+00:00
19,714,Origi,16,FWD,50,0.672,1.1967,0.18,0.1804,0.1818,0.0012,1,0,0,0,2026-08-19T06:19:13.254686+00:00,2026-08-19T06:19:59.190370+00:00
19,779,McDonnell,16,MID,45,0.4764,0.9488,0.1,0.198,0.1088,0.0,1,,,,2026-08-19T06:19:13.254686+00:00,
19,780,Osong,16,FWD,45,0.4504,0.901,0.1,0.198,0.1088,0.0008,1,,,,2026-08-19T06:19:13.254686+00:00,
19,781,Gardner,16,FWD,45,0.4428,0.9072,0.1,0.198,0.1088,0.0004,1,,,,2026-08-19T06:19:13.254686+00:00,
19,801,Reyna,16,MID,46,0.6692,1.185,0.18,0.1804,0.1818,0.0,1,,,,2026-08-19T06:19:13.254686+00:00,
19,808,Sels,16,GKP,45,0.1388,0.6429,0.04,0.0384,0.0403,0.0,1,,,,2026-08-19T06:19:13.254686+00:00,
19,809,Ribeiro,16,FWD,45,0.4376,0.8676,0.1,0.198,0.1088,0.0,1,,,,2026-08-19T06:19:13.254686+00:00,
19,27,Trusty,17,DEF,39,0.8248,1.5768,0.22,0.1716,0.2183,0.0004,1,1,90,1,2026-08-19T06:19:13.254686+00:00,2026-08-19T06:19:59.190370+00:00
19,33,Archer,17,FWD,46,1.7048,1.9795,0.48,0.1144,0.4556,0.0064,1,5,85,1,2026-08-19T06:19:13.254686+00:00,2026-08-19T06:19:59.190370+00:00
19,255,Holgate,17,DEF,40,0.9492,1.8584,0.22,0.1716,0.2183,0.004,1,0,0,0,2026-08-19T06:19:13.254686+00:00,2026-08-19T06:19:59.190370+00:00
19,360,McAtee,17,MID,44,1.3948,1.7123,0.48,0.1144,0.4556,0.0028,1,5,90,1,2026-08-19T06:19:13.254686+00:00,2026-08-19T06:19:59.190370+00:00
19,471,Ahmedhodžić,17,DEF,43,0.882,1.7746,0.22,0.1716,0.2183,0.0048,1,8,90,1,2026-08-19T06:19:13.254686+00:00,2026-08-19T06:19:59.190370+00:00
19,472,Amissah,17,GKP,39,0.1576,0.7559,0.04,0.0384,0.0403,0.0,1,0,0,0,2026-08-19T06:19:13.254686+00:00,2026-08-19T06:19:59.190370+00:00
19,473,Baldock,17,DEF,39,0,0,0.0,0.0,0.0,0,1,0,90,1,2026-08-19T06:19:13.254686+00:00,2026-08-19T06:19:59.190370+00:00
19,474,Basham,17,DEF,39,0,0,0.0,0.0,0.0,0,1,0,0,0,2026-08-19T06:19:13.254686+00:00,2026-08-19T06:19:59.190370+00:00
19,476,Bogle,17,DEF,45,0.842,1.7281,0.22,0.1716,0.2183,0.004,1,0,0,0,2026-08-19T06:19:13.254686+00:00,2026-08-19T06:19:59.190370+00:00
19,477,Brewster,17,FWD,49,0.6252,1.1202,0.18,0.1804,0.1818,0.0004,1,1,4,0,2026-08-19T06:19:13.254686+00:00,2026-08-19T06:19:59.190370+00:00
19,478,Coulibaly,17,MID,44,0,0,0.0,0.0,0.0,0,1,0,0,0,2026-08-19T06:19:13.254686+00:00,2026-08-19T06:19:59.190370+00:00
19,479,A.Davies,17,GKP,40,0.1568,0.7346,0.04,0.0384,0.0403,0.0,1,0,0,0,2026-08-19T06:19:13.254686+00:00,2026-08-19T06:19:59.190370+00:00
19,480,Egan,17,DEF,43,0.4768,1.1898,0.11,0.1958,0.118,0.0012,1,0,0,0,2026-08-19T06:19:13.254686+00:00,2026-08-19T06:19:59.190370+00:00
19,481,Fleck,17,MID,49,0,0,0.0,0.0,0.0,0,1,0,0,0,2026-08-19T06:19:13.254686+00:00,2026-08-19T06:19:59.190370+00:00
19,482,Foderingham,17,GKP,45,4.0364,2.5229,0.9,0.004,0.8373,0.0084,1,2,90,1,2026-08-19T06:19:13.254686+00:00,2026-08-19T06:19:59.190370+00:00
19,483,Jebbison,17,FWD,48,0.686,1.2423,0.18,0.1804,0.1818,0.0,1,0,0,0,2026-08-19T06:19:13.254686+00:00,2026-08-19T06:19:59.190370+00:00
19,484,Lowe,17,DEF,43,0.8844,1.6999,0.22,0.1716,0.2183,0.0028,1,0,45,1,2026-08-19T06:19:13.254686+00:00,2026-08-19T06:19:59.190370+00:00
19,485,McBurnie,17,FWD,54,1.0708,1.806,0.28,0.1584,0.2731,0.004,1,9,90,1,2026-08-19T06:19:13.254686+00:00,2026-08-19T06:19:59.190370+00:00
19,486,Ndiaye,17,FWD,55,0,0,0.0,0.0,0.0,0,1,0,0,0,2026-08-19T06:19:13.254686+00:00,2026-08-19T06:19:59.190370+00:00
19,487,Norrington-Davies,17,DEF,39,0,0,0.0,0.0,0.0,0,1,0,0,0,2026-08-19T06:19:13.254686+00:00,2026-08-19T06:19:59.190370+00:00
19,488,Norwood,17,MID,48,1.4856,1.8862,0.48,0.1144,0.4556,0.0044,1,0,4,0,2026-08-19T06:19:13.254686+00:00,2026-08-19T06:19:59.190370+00:00
19,489,Osborn,17,MID,48,0.5536,1.0971,0.14,0.1892,0.1453,0.0004,1,0,0,0,2026-08-19T06:19:13.254686+00:00,2026-08-19T06:19:59.190370+00:00
19,490,Osula,17,FWD,43,0.818,1.2547,0.28,0.1584,0.2731,0.0004,1,1,4,0,2026-08-19T06:19:13.254686+00:00,2026-08-19T06:19:59.190370+00:00
19,576,Robinson,17,DEF,44,0.8,1.6081,0.22,0.1716,0.2183,0.0024,1,-2,85,1,2026-08-19T06:19:13.254686+00:00,2026-08-19T06:19:59.190370+00:00
19,587,Slimane,17,MID,47,0.7404,1.4038,0.18,0.1804,0.1818,0.0024,1,-1,18,0,2026-08-19T06:19:13.254686+00:00,2026-08-19T06:19:59.190370+00:00
19,592,Larouci,17,DEF,43,0.5124,1.2624,0.1,0.198,0.1088,0.0016,1,0,0,0,2026-08-19T06:19:13.254686+00:00,2026-08-19T06:19:59.190370+00:00
19,593,T.Bénie,17,FWD,52,0,0,0.0,0.0,0.0,0,1,0,0,0,2026-08-19T06:19:13.254686+00:00,2026-08-19T06:19:59.190370+00:00
19,638,Vini Souza,17,MID,50,1.7936,1.4568,0.68,0.0704,0.638,0.0004,1,2,85,1,2026-08-19T06:19:13.254686+00:00,2026-08-19T06:19:59.190370+00:00
19,653,Seriki,17,DEF,40,0,0,0.0,0.0,0.0,0,1,0,0,0,2026-08-19T06:19:13.254686+00:00,2026-08-19T06:19:59.190370+00:00
19,654,Marsh,17,FWD,45,0,0,0.0,0.0,0.0,0,1,0,0,0,2026-08-19T06:19:13.254686+00:00,2026-08-19T06:19:59.190370+00:00
19,655,Brooks,17,MID,44,0.8584,1.2843,0.28,0.1584,0.2731,0.0004,1,1,45,1,2026-08-19T06:19:13.254686+00:00,2026-08-19T06:19:59.190370+00:00
19,656,Hackford,17,FWD,44,0,0,0.0,0.0,0.0,0,1,0,0,0,2026-08-19T06:19:13.254686+00:00,2026-08-19T06:19:59.190370+00:00
19,663,Hamer,17,MID,50,2.0644,2.045,0.68,0.0704,0.638,0.0044,1,1,71,1,2026-08-19T06:19:13.254686+00:00,2026-08-19T06:19:59.190370+00:00
19,666,T.Davies,17,MID,50,0.4828,1.0601,0.09,0.2002,0.0997,0.0004,1,0,0,0,2026-08-19T06:19:13.254686+00:00,2026-08-19T06:19:59.190370+00:00
19,693,Thomas,17,DEF,40,0,0,0.0,0.0,0.0,0,1,0,0,0,2026-08-19T06:19:13.254686+00:00,2026-08-19T06:19:59.190370+00:00
19,730,Oné,17,MID,45,0.4768,0.9501,0.1,0.198,0.1088,0.0,1,0,0,0,2026-08-19T06:19:13.254686+00:00,2026-08-19T06:19:59.190370+00:00
19,731,Buyabu,17,DEF,40,0,0,0.0,0.0,0.0,0,1,0,0,0,2026-08-19T06:19:13.254686+00:00,2026-08-19T06:19:59.190370+00:00
19,759,Peck,17,MID,45,0.472,1.0276,0.1,0.198,0.1088,0.0,1,0,0,0,2026-08-19T06:19:13.254686+00:00,2026-08-19T06:19:59.190370+00:00
19,775,Brereton Díaz,17,MID,50,0.7124,1.3254,0.18,0.1804,0.1818,0.0008,1,,,,2026-08-19T06:19:13.254686+00:00,
19,790,Grbić,17,GKP,45,0.16,0.7344,0.04,0.0384,0.0403,0.0,1,,,,2026-08-19T06:19:13.254686+00:00,
19,822,Blacker,17,FWD,45,0.4704,0.9773,0.1,0.198,0.1088,0.0004,1,,,,2026-08-19T06:19:13.254686+00:00,
19,823,Arblaster,17,MID,45,0.4612,0.9248,0.1,0.198,0.1088,0.0,1,,,,2026-08-19T06:19:13.254686+00:00,
19,827,Sasnauskas,17,DEF,40,0.5076,1.2631,0.1,0.198,0.1088,0.0008,1,,,,2026-08-19T06:19:13.254686+00:00,
19,828,Curtis,17,DEF,40,0.514,1.2675,0.1,0.198,0.1088,0.0012,1,,,,2026-08-19T06:19:13.254686+00:00,
19,857,Hampson,17,MID,45,0.4832,0.9489,0.1,0.198,0.1088,0.0,1,,,,2026-08-19T06:19:13.254686+00:00,
19,450,Johnson,18,MID,58,1.8724,2.2985,0.48,0.1456,0.458,0.0116,1,2,69,1,2026-08-19T06:19:13.254686+00:00,2026-08-19T06:19:59.190370+00:00
19,491,Austin,18,GKP,39,0.1548,0.7342,0.04,0.0384,0.0403,0.0,1,0,0,0,2026-08-19T06:19:13.254686+00:00,2026-08-19T06:19:59.190370+00:00
19,492,Bentancur,18,MID,54,0.7264,1.3834,0.18,0.1804,0.1818,0.0016,1,0,0,0,2026-08-19T06:19:13.254686+00:00,2026-08-19T06:19:59.190370+00:00
19,493,Bissouma,18,MID,50,0,0,0.0,0.0,0.0,0,1,0,0,0,2026-08-19T06:19:13.254686+00:00,2026-08-19T06:19:59.190370+00:00
19,494,Bryan,18,MID,49,0.6712,1.1817,0.18,0.1804,0.1818,0.0004,1,1,25,0,2026-08-19T06:19:13.254686+00:00,2026-08-19T06:19:59.190370+00:00
19,495,Davies,18,DEF,43,0,0,0.0,0.0,0.0,0,1,6,90,1,2026-08-19T06:19:13.254686+00:00,2026-08-19T06:19:59.190370+00:00
19,496,Dier,18,DEF,42,0,0,0.0,0.0,0.0,0,1,0,0,0,2026-08-19T06:19:13.254686+00:00,2026-08-19T06:19:59.190370+00:00
19,497,E.Royal,18,DEF,44,0.8208,1.6202,0.22,0.1716,0.2183,0.0016,1,0,90,1,2026-08-19T06:19:13.254686+00:00,2026-08-19T06:19:59.190370+00:00
19,498,Forster,18,GKP,39,0,0,0.0,0.0,0.0,0,1,0,0,0,2026-08-19T06:19:13.254686+00:00,2026-08-19T06:19:59.190370+00:00
19,499,Højbjerg,18,MID,52,0.822,1.3157,0.28,0.1584,0.2731,0.0008,1,2,90,1,2026-08-19T06:19:13.254686+00:00,2026-08-19T06:19:59.190370+00:00
19,500,Kane,18,FWD,125,0,0,0.0,0.0,0.0,0,1,0,0,0,2026-08-19T06:19:13.254686+00:00,2026-08-19T06:19:59.190370+00:00
19,501,Kulusevski,18,MID,72,2.6508,2.545,0.68,0.0576,0.637,0.0192,1,1,90,1,2026-08-19T06:19:13.254686+00:00,2026-08-19T06:19:59.190370+00:00
19,502,Lloris,18,GKP,48,0,0,0.0,0.0,0.0,0,1,0,0,0,2026-08-19T06:19:13.254686+00:00,2026-08-19T06:19:59.190370+00:00
19,503,Lo Celso,18,MID,48,0.6044,1.1435,0.14,0.1892,0.1453,0.0004,1,1,25,0,2026-08-19T06:19:13.254686+00:00,2026-08-19T06:19:59.190370+00:00
19,504,Maddison,18,MID,78,2.3476,2.8536,0.48,0.1456,0.458,0.0276,1,0,0,0,2026-08-19T06:19:13.254686+00:00,2026-08-19T06:19:59.190370+00:00
19,505,Ndombele,18,MID,44,0,0,0.0,0.0,0.0,0,1,0,0,0,2026-08-19T06:19:13.254686+00:00,2026-08-19T06:19:59.190370+00:00
19,506,Pedro Porro,18,DEF,56,2.6724,2.9157,0.68,0.0576,0.637,0.0288,1,5,90,1,2026-08-19T06:19:13.254686+00:00,2026-08-19T06:19:59.190370+00:00
19,507,Perišić,18,DEF,47,0,0,0.0,0.0,0.0,0,1,0,0,0,2026-08-19T06:19:13.254686+00:00,2026-08-19T06:19:59.190370+00:00
19,509,Richarlison,18,MID,68,0,0,0.0,0.0,0.0,0,1,1,64,1,2026-08-19T06:19:13.254686+00:00,2026-08-19T06:19:59.190370+00:00
19,510,Rodon,18,DEF,40,0,0,0.0,0.0,0.0,0,1,0,0,0,2026-08-19T06:19:13.254686+00:00,2026-08-19T06:19:59.190370+00:00
19,511,Romero,18,DEF,50,1.774,2.4349,0.48,0.1144,0.4556,0.0104,1,0,0,0,2026-08-19T06:19:13.254686+00:00,2026-08-19T06:19:59.190370+00:00
19,512,Sánchez,18,DEF,44,0,0,0.0,0.0,0.0,0,1,0,0,0,2026-08-19T06:19:13.254686+00:00,2026-08-19T06:19:59.190370+00:00
19,513,Sarr,18,MID,45,1.522,1.9642,0.48,0.1144,0.4556,0.0072,1,2,64,1,2026-08-19T06:19:13.254686+00:00,2026-08-19T06:19:59.190370+00:00
19,514,Sessegnon,18,DEF,44,0,0,0.0,0.0,0.0,0,1,0,0,0,2026-08-19T06:19:13.254686+00:00,2026-08-19T06:19:59.190370+00:00
19,515,Skipp,18,MID,46,0.8724,1.2872,0.28,0.1584,0.2731,0.0008,1,0,0,0,2026-08-19T06:19:13.254686+00:00,2026-08-19T06:19:59.190370+00:00
19,516,Son,18,MID,99,3.8136,3.7527,0.68,0.0576,0.637,0.0768,1,5,90,1,2026-08-19T06:19:13.254686+00:00,2026-08-19T06:19:59.190370+00:00
19,517,Spence,18,DEF,40,0,0,0.0,0.0,0.0,0,1,0,0,0,2026-08-19T06:19:13.254686+00:00,2026-08-19T06:19:59.190370+00:00
19,518,Tanganga,18,DEF,40,0,0,0.0,0.0,0.0,0,1,0,0,0,2026-08-19T06:19:13.254686+00:00,2026-08-19T06:19:59.190370+00:00
19,519,Udogie,18,DEF,48,0,0,0.0,0.0,0.0,0,1,0,90,1,2026-08-19T06:19:13.254686+00:00,2026-08-19T06:19:59.190370+00:00
19,520,Vicario,18,GKP,53,3.1088,2.1605,0.9,0.008,0.8376,0.0016,1,1,90,1,2026-08-19T06:19:13.254686+00:00,2026-08-19T06:19:59.190370+00:00
19,521,Whiteman,18,GKP,39,0.1644,0.7616,0.04,0.0384,0.0403,0.0,1,0,0,0,2026-08-19T06:19:13.254686+00:00,2026-08-19T06:19:59.190370+00:00
19,583,Solomon,18,MID,51,0,0,0.0,0.0,0.0,0,1,0,0,0,2026-08-19T06:19:13.254686+00:00,2026-08-19T06:19:59.190370+00:00
19,639,Van de Ven,18,DEF,44,0.8624,1.6166,0.22,0.1716,0.2183,0.0028,1,0,0,0,2026-08-19T06:19:13.254686+00:00,2026-08-19T06:19:59.190370+00:00
19,640,Scarlett,18,FWD,45,0.4096,0.8479,0.1,0.198,0.1088,0.0004,1,0,0,0,2026-08-19T06:19:13.254686+00:00,2026-08-19T06:19:59.190370+00:00
19,641,Veliz,18,FWD,54,0,0,0.0,0.0,0.0,0,1,5,20,0,2026-08-19T06:19:13.254686+00:00,2026-08-19T06:19:59.190370+00:00
19,702,Phillips,18,DEF,40,0,0,0.0,0.0,0.0,0,1,0,0,0,2026-08-19T06:19:13.254686+00:00,2026-08-19T06:19:59.190370+00:00
19,722,Donley,18,FWD,45,0.444,0.8759,0.1,0.198,0.1088,0.0,1,0,0,0,2026-08-19T06:19:13.254686+00:00,2026-08-19T06:19:59.190370+00:00
19,740,Dorrington,18,DEF,40,0.4736,1.1308,0.1,0.198,0.1088,0.0008,1,0,0,0,2026-08-19T06:19:13.254686+00:00,2026-08-19T06:19:59.190370+00:00
19,754,Yago Santiago,18,MID,45,0.4692,0.9444,0.1,0.198,0.1088,0.0,1,0,0,0,2026-08-19T06:19:13.254686+00:00,2026-08-19T06:19:59.190370+00:00
19,776,Werner,18,FWD,63,0,0,0.0,0.0,0.0,0,1,,,,2026-08-19T06:19:13.254686+00:00,
19,777,Drăgușin,18,DEF,42,0.4704,1.1676,0.1,0.198,0.1088,0.0016,1,,,,2026-08-19T06:19:13.254686+00:00,
19,860,Moore,18,MID,45,0.4608,0.9213,0.1,0.198,0.1088,0.0,1,,,,2026-08-19T06:19:13.254686+00:00,
19,862,Hall,18,MID,45,0.4548,0.9318,0.1,0.198,0.1088,0.0,1,,,,2026-08-19T06:19:13.254686+00:00,
19,364,Phillips,19,MID,47,0.6596,1.1598,0.18,0.1804,0.1818,0.0004,1,0,0,0,2026-08-19T06:19:13.254686+00:00,2026-08-19T06:19:59.190370+00:00
19,522,N.Aguerd,19,DEF,45,0.5164,1.2728,0.11,0.1958,0.118,0.0024,1,0,0,0,2026-08-19T06:19:13.254686+00:00,2026-08-19T06:19:59.190370+00:00
19,523,Antonio,19,FWD,57,1.6088,1.9326,0.48,0.1456,0.458,0.0032,1,0,0,0,2026-08-19T06:19:13.254686+00:00,2026-08-19T06:19:59.190370+00:00
19,524,Areola,19,GKP,42,3.1004,2.1189,0.9,0.004,0.8373,0.0004,1,10,90,1,2026-08-19T06:19:13.254686+00:00,2026-08-19T06:19:59.190370+00:00
19,525,Benrahma,19,MID,56,0,0,0.0,0.0,0.0,0,1,-1,57,1,2026-08-19T06:19:13.254686+00:00,2026-08-19T06:19:59.190370+00:00
19,526,Bowen,19,MID,78,3.3376,3.4617,0.68,0.0576,0.637,0.0584,1,6,90,1,2026-08-19T06:19:13.254686+00:00,2026-08-19T06:19:59.190370+00:00
19,527,Cornet,19,MID,52,0.6504,1.2512,0.18,0.1804,0.1818,0.0004,1,0,0,0,2026-08-19T06:19:13.254686+00:00,2026-08-19T06:19:59.190370+00:00
19,528,Coufal,19,DEF,46,2.0948,2.1899,0.68,0.0576,0.637,0.0032,1,6,90,1,2026-08-19T06:19:13.254686+00:00,2026-08-19T06:19:59.190370+00:00
19,529,Coventry,19,MID,44,0,0,0.0,0.0,0.0,0,1,0,0,0,2026-08-19T06:19:13.254686+00:00,2026-08-19T06:19:59.190370+00:00
19,530,Cresswell,19,DEF,42,0.4792,1.1248,0.1,0.198,0.1088,0.0012,1,0,0,0,2026-08-19T06:19:13.254686+00:00,2026-08-19T06:19:59.190370+00:00
19,531,Downes,19,MID,50,0,0,0.0,0.0,0.0,0,1,0,0,0,2026-08-19T06:19:13.254686+00:00,2026-08-19T06:19:59.190370+00:00
19,532,Emerson,19,DEF,45,0.854,1.7505,0.22,0.1716,0.2183,0.0036,1,6,90,1,2026-08-19T06:19:13.254686+00:00,2026-08-19T06:19:59.190370+00:00
19,533,Fabianski,19,GKP,42,0.1476,0.7164,0.04,0.0384,0.0403,0.0,1,0,0,0,2026-08-19T06:19:13.254686+00:00,2026-08-19T06:19:59.190370+00:00
19,534,P.Fornals,19,MID,46,0,0,0.0,0.0,0.0,0,1,0,0,0,2026-08-19T06:19:13.254686+00:00,2026-08-19T06:19:59.190370+00:00
19,535,Ings,19,FWD,56,1.3104,1.564,0.45,0.154,0.4308,0.0024,1,0,0,0,2026-08-19T06:19:13.254686+00:00,2026-08-19T06:19:59.190370+00:00
19,536,Johnson,19,DEF,44,0.4664,1.1138,0.1,0.198,0.1088,0.0012,1,0,0,0,2026-08-19T06:19:13.254686+00:00,2026-08-19T06:19:59.190370+00:00
19,537,Kehrer,19,DEF,43,0,0,0.0,0.0,0.0,0,1,0,0,0,2026-08-19T06:19:13.254686+00:00,2026-08-19T06:19:59.190370+00:00
19,538,Mubama,19,FWD,43,0.4628,0.9403,0.1,0.198,0.1088,0.0,1,0,0,0,2026-08-19T06:19:13.254686+00:00,2026-08-19T06:19:59.190370+00:00
19,539,L.Paquetá,19,MID,60,2.4032,2.3502,0.68,0.0896,0.6396,0.0136,1,1,32,0,2026-08-19T06:19:13.254686+00:00,2026-08-19T06:19:59.190370+00:00
19,541,Scamacca,19,FWD,60,0,0,0.0,0.0,0.0,0,1,0,0,0,2026-08-19T06:19:13.254686+00:00,2026-08-19T06:19:59.190370+00:00
19,542,Souček,19,MID,49,2.322,2.3414,0.68,0.0704,0.638,0.0112,1,9,90,1,2026-08-19T06:19:13.254686+00:00,2026-08-19T06:19:59.190370+00:00
19,543,Vlašić,19,MID,45,0,0,0.0,0.0,0.0,0,1,0,0,0,2026-08-19T06:19:13.254686+00:00,2026-08-19T06:19:59.190370+00:00
19,544,Zouma,19,DEF,45,0.7824,1.5662,0.22,0.1716,0.2183,0.002,1,0,0,0,2026-08-19T06:19:13.254686+00:00,2026-08-19T06:19:59.190370+00:00
19,577,Ogbonna,19,DEF,43,0.4324,1.0207,0.1,0.198,0.1088,0.0004,1,6,90,1,2026-08-19T06:19:13.254686+00:00,2026-08-19T06:19:59.190370+00:00
19,642,Álvarez,19,MID,50,1.0984,1.3062,0.48,0.1144,0.4556,0.0004,1,3,90,1,2026-08-19T06:19:13.254686+00:00,2026-08-19T06:19:59.190370+00:00
19,647,Anang,19,GKP,40,0.1556,0.6994,0.04,0.0384,0.0403,0.0,1,0,0,0,2026-08-19T06:19:13.254686+00:00,2026-08-19T06:19:59.190370+00:00
19,664,Ward-Prowse,19,MID,60,2.7148,2.6615,0.68,0.0576,0.637,0.0224,1,6,90,1,2026-08-19T06:19:13.254686+00:00,2026-08-19T06:19:59.190370+00:00
19,676,Mavropanos,19,DEF,45,0.7384,1.4214,0.22,0.1716,0.2183,0.0004,1,15,90,1,2026-08-19T06:19:13.254686+00:00,2026-08-19T06:19:59.190370+00:00
19,689,Kudus,19,MID,68,2.134,2.503,0.48,0.1456,0.458,0.0144,1,3,90,1,2026-08-19T06:19:13.254686+00:00,2026-08-19T06:19:59.190370+00:00
19,773,Orford,19,MID,45,0.4716,0.9495,0.1,0.198,0.1088,0.0004,1,,,,2026-08-19T06:19:13.254686+00:00,
19,774,Casey,19,DEF,40,0.4408,1.0325,0.1,0.198,0.1088,0.0004,1,,,,2026-08-19T06:19:13.254686+00:00,
19,784,Scarles,19,DEF,40,0.4768,1.1101,0.1,0.198,0.1088,0.0004,1,,,,2026-08-19T06:19:13.254686+00:00,
19,785,Marshall,19,FWD,45,0,0,0.0,0.0,0.0,0,1,,,,2026-08-19T06:19:13.254686+00:00,
19,829,Earthy,19,MID,45,0.4724,0.9814,0.1,0.198,0.1088,0.0004,1,,,,2026-08-19T06:19:13.254686+00:00,
19,351,Doyle,20,MID,44,0.4208,0.8764,0.1,0.198,0.1088,0.0008,1,1,25,0,2026-08-19T06:19:13.254686+00:00,2026-08-19T06:19:59.190370+00:00
19,545,Aït-Nouri,20,DEF,45,0.7456,1.6185,0.22,0.1716,0.2183,0.0044,1,2,79,1,2026-08-19T06:19:13.254686+00:00,2026-08-19T06:19:59.190370+00:00
19,546,Bentley,20,GKP,39,0.1536,0.707,0.04,0.0384,0.0403,0.0,1,0,0,0,2026-08-19T06:19:13.254686+00:00,2026-08-19T06:19:59.190370+00:00
19,547,Bolla,20,DEF,40,0,0,0.0,0.0,0.0,0,1,0,0,0,2026-08-19T06:19:13.254686+00:00,2026-08-19T06:19:59.190370+00:00
19,548,H.Bueno,20,DEF,44,0.7168,1.4229,0.22,0.1716,0.2183,0.0012,1,1,10,0,2026-08-19T06:19:13.254686+00:00,2026-08-19T06:19:59.190370+00:00
19,549,Chiquinho,20,MID,45,0,0,0.0,0.0,0.0,0,1,0,0,0,2026-08-19T06:19:13.254686+00:00,2026-08-19T06:19:59.190370+00:00
19,550,Cundle,20,MID,45,0,0,0.0,0.0,0.0,0,1,0,0,0,2026-08-19T06:19:13.254686+00:00,2026-08-19T06:19:59.190370+00:00
19,551,Dawson,20,DEF,45,0,0,0.0,0.0,0.0,0,1,0,0,0,2026-08-19T06:19:13.254686+00:00,2026-08-19T06:19:59.190370+00:00
19,552,Fábio Silva,20,FWD,53,0,0,0.0,0.0,0.0,0,1,0,0,0,2026-08-19T06:19:13.254686+00:00,2026-08-19T06:19:59.190370+00:00
19,554,Guedes,20,MID,54,0,0,0.0,0.0,0.0,0,1,0,0,0,2026-08-19T06:19:13.254686+00:00,2026-08-19T06:19:59.190370+00:00
19,555,Hodge,20,MID,44,0,0,0.0,0.0,0.0,0,1,0,0,0,2026-08-19T06:19:13.254686+00:00,2026-08-19T06:19:59.190370+00:00
19,556,Hoever,20,DEF,40,0,0,0.0,0.0,0.0,0,1,0,0,0,2026-08-19T06:19:13.254686+00:00,2026-08-19T06:19:59.190370+00:00
19,557,Hee Chan,20,MID,57,2.0288,2.5558,0.48,0.1456,0.458,0.0188,1,14,45,1,2026-08-19T06:19:13.254686+00:00,2026-08-19T06:19:59.190370+00:00
19,559,João Gomes,20,MID,49,1.1396,1.2756,0.48,0.1144,0.4556,0.0,1,2,90,1,2026-08-19T06:19:13.254686+00:00,2026-08-19T06:19:59.190370+00:00
19,560,J.Otto,20,DEF,43,0,0,0.0,0.0,0.0,0,1,0,0,0,2026-08-19T06:19:13.254686+00:00,2026-08-19T06:19:59.190370+00:00
19,561,Jordão,20,MID,43,0.4764,0.9868,0.1,0.198,0.1088,0.0,1,0,0,0,2026-08-19T06:19:13.254686+00:00,2026-08-19T06:19:59.190370+00:00
19,562,Kalajdžić,20,FWD,49,0,0,0.0,0.0,0.0,0,1,0,0,0,2026-08-19T06:19:13.254686+00:00,2026-08-19T06:19:59.190370+00:00
19,563,Kilman,20,DEF,45,0.748,1.5078,0.22,0.1404,0.2158,0.0004,1,1,90,1,2026-08-19T06:19:13.254686+00:00,2026-08-19T06:19:59.190370+00:00
19,564,King,20,GKP,39,0.1548,0.6927,0.04,0.0384,0.0403,0.0,1,0,0,0,2026-08-19T06:19:13.254686+00:00,2026-08-19T06:19:59.190370+00:00
19,565,Mario Jr.,20,MID,49,2.156,2.108,0.68,0.0704,0.638,0.0052,1,9,90,1,2026-08-19T06:19:13.254686+00:00,2026-08-19T06:19:59.190370+00:00
19,567,Neto,20,MID,56,1.8248,2.2827,0.48,0.1456,0.458,0.01,1,0,0,0,2026-08-19T06:19:13.254686+00:00,2026-08-19T06:19:59.190370+00:00
19,568,Podence,20,MID,53,0,0,0.0,0.0,0.0,0,1,0,0,0,2026-08-19T06:19:13.254686+00:00,2026-08-19T06:19:59.190370+00:00
19,569,José Sá,20,GKP,50,3.0612,2.1113,0.9,0.008,0.8376,0.0,1,3,90,1,2026-08-19T06:19:13.254686+00:00,2026-08-19T06:19:59.190370+00:00
19,570,Sarabia,20,MID,47,0.7176,1.497,0.14,0.1892,0.1453,0.0036,1,5,64,1,2026-08-19T06:19:13.254686+00:00,2026-08-19T06:19:59.190370+00:00
19,571,Šarkić,20,GKP,40,0,0,0.0,0.0,0.0,0,1,0,0,0,2026-08-19T06:19:13.254686+00:00,2026-08-19T06:19:59.190370+00:00
19,572,N.Semedo,20,DEF,45,0,0,0.0,0.0,0.0,0,1,2,63,1,2026-08-19T06:19:13.254686+00:00,2026-08-19T06:19:59.190370+00:00
19,573,Toti,20,DEF,44,0.8204,1.6387,0.22,0.1716,0.2183,0.0012,1,5,90,1,2026-08-19T06:19:13.254686+00:00,2026-08-19T06:19:59.190370+00:00
19,574,Boubacar Traore,20,MID,43,0.8524,1.2368,0.28,0.1584,0.2731,0.0,1,0,0,0,2026-08-19T06:19:13.254686+00:00,2026-08-19T06:19:59.190370+00:00
19,590,Cunha,20,FWD,58,2.3512,2.3347,0.68,0.0576,0.637,0.0144,1,5,90,1,2026-08-19T06:19:13.254686+00:00,2026-08-19T06:19:59.190370+00:00
19,598,Doherty,20,DEF,43,0.7624,1.5101,0.22,0.1716,0.2183,0.0016,1,1,26,0,2026-08-19T06:19:13.254686+00:00,2026-08-19T06:19:59.190370+00:00
19,697,S.Bueno,20,DEF,45,0.436,1.0338,0.1,0.198,0.1088,0.0004,1,2,90,1,2026-08-19T06:19:13.254686+00:00,2026-08-19T06:19:59.190370+00:00
19,698,González,20,MID,50,0.6508,1.1561,0.18,0.1804,0.1818,0.0004,1,0,0,0,2026-08-19T06:19:13.254686+00:00,2026-08-19T06:19:59.190370+00:00
19,704,Fraser,20,FWD,45,0.4184,0.8679,0.1,0.198,0.1088,0.0,1,0,0,0,2026-08-19T06:19:13.254686+00:00,2026-08-19T06:19:59.190370+00:00
19,715,Bellegarde,20,MID,49,0.9828,1.4511,0.28,0.1584,0.2731,0.0008,1,6,45,1,2026-08-19T06:19:13.254686+00:00,2026-08-19T06:19:59.190370+00:00
19,749,Whittingham,20,MID,45,0.4676,0.954,0.1,0.198,0.1088,0.0004,1,0,0,0,2026-08-19T06:19:13.254686+00:00,2026-08-19T06:19:59.190370+00:00
19,750,Chirewa,20,MID,45,0.4848,0.912,0.1,0.198,0.1088,0.0,1,0,0,0,2026-08-19T06:19:13.254686+00:00,2026-08-19T06:19:59.190370+00:00
19,751,Hubner,20,DEF,40,0.468,1.1167,0.1,0.198,0.1088,0.0008,1,0,0,0,2026-08-19T06:19:13.254686+00:00,2026-08-19T06:19:59.190370+00:00
19,769,Hesketh,20,MID,45,0,0,0.0,0.0,0.0,0,1,0,0,0,2026-08-19T06:19:13.254686+00:00,2026-08-19T06:19:59.190370+00:00
19,770,Barnett,20,MID,45,0.4804,1.0038,0.1,0.198,0.1088,0.0,1,0,0,0,2026-08-19T06:19:13.254686+00:00,2026-08-19T06:19:59.190370+00:00
19,787,Griffiths,20,MID,45,0.43,0.8675,0.1,0.198,0.1088,0.0,1,,,,2026-08-19T06:19:13.254686+00:00,
19,788,Mosquera,20,DEF,40,0,0,0.0,0.0,0.0,0,1,,,,2026-08-19T06:19:13.254686+00:00,
19,800,N.Lemina,20,MID,50,0.676,1.2434,0.18,0.1804,0.1818,0.0012,1,,,,2026-08-19T06:19:13.254686+00:00,
19,832,Okoduwa,20,DEF,40,0.4768,1.0971,0.1,0.198,0.1088,0.0,1,,,,2026-08-19T06:19:13.254686+00:00,
19,836,Chiwome,20,FWD,45,0,0,0.0,0.0,0.0,0,1,,,,2026-08-19T06:19:13.254686+00:00,
19,840,Holman,20,FWD,45,0.4268,0.8524,0.1,0.198,0.1088,0.0004,1,,,,2026-08-19T06:19:13.254686+00:00,
19,853,Ojinnaka,20,MID,45,0.4508,0.8849,0.1,0.198,0.1088,0.0,1,,,,2026-08-19T06:19:13.254686+00:00,
