gw,player_id,web_name,team_id,position,now_cost,mu,sigma,p_start,p_sub,p_60,p_10_plus,n_fixtures,actual_points,actual_minutes,did_start,captured_at,scored_at
20,1,Balogun,1,FWD,44,0,0,0.0,0.0,0.0,0,1,0,0,0,2026-08-19T06:19:14.858598+00:00,2026-08-19T06:19:59.220948+00:00
20,2,Cédric,1,DEF,39,0.434,1.0487,0.1,0.198,0.1088,0.0012,1,0,0,0,2026-08-19T06:19:14.858598+00:00,2026-08-19T06:19:59.220948+00:00
20,3,M.Elneny,1,MID,44,0.4632,0.9065,0.1,0.198,0.1088,0.0,1,0,0,0,2026-08-19T06:19:14.858598+00:00,2026-08-19T06:19:59.220948+00:00
20,4,Fábio Vieira,1,MID,54,0.7764,1.4673,0.18,0.1804,0.1818,0.0032,1,0,0,0,2026-08-19T06:19:14.858598+00:00,2026-08-19T06:19:59.220948+00:00
20,5,Gabriel,1,DEF,50,1.5772,2.2151,0.48,0.1144,0.4556,0.0072,1,1,90,1,2026-08-19T06:19:14.858598+00:00,2026-08-19T06:19:59.220948+00:00
20,6,Havertz,1,MID,71,1.7516,2.4238,0.48,0.1456,0.458,0.0136,1,2,76,1,2026-08-19T06:19:14.858598+00:00,2026-08-19T06:19:59.220948+00:00
20,8,G.Jesus,1,FWD,80,2.1804,2.598,0.48,0.1456,0.458,0.02,1,1,23,0,2026-08-19T06:19:14.858598+00:00,2026-08-19T06:19:59.220948+00:00
20,9,Jorginho,1,MID,53,0.852,1.3144,0.28,0.1584,0.2731,0.0008,1,0,0,0,2026-08-19T06:19:14.858598+00:00,2026-08-19T06:19:59.220948+00:00
20,10,Kiwior,1,DEF,43,0.7844,1.5322,0.22,0.1716,0.2183,0.002,1,1,45,1,2026-08-19T06:19:14.858598+00:00,2026-08-19T06:19:59.220948+00:00
20,11,Marquinhos,1,MID,45,0,0,0.0,0.0,0.0,0,1,0,0,0,2026-08-19T06:19:14.858598+00:00,2026-08-19T06:19:59.220948+00:00
20,12,Martinelli,1,MID,77,2.3732,2.388,0.68,0.0896,0.6396,0.0168,1,5,66,1,2026-08-19T06:19:14.858598+00:00,2026-08-19T06:19:59.220948+00:00
20,13,Nketiah,1,FWD,53,1.6548,2.155,0.48,0.1144,0.4556,0.0096,1,2,90,1,2026-08-19T06:19:14.858598+00:00,2026-08-19T06:19:59.220948+00:00
20,14,Ødegaard,1,MID,84,3.1744,2.9634,0.68,0.0896,0.6396,0.0364,1,2,90,1,2026-08-19T06:19:14.858598+00:00,2026-08-19T06:19:59.220948+00:00
20,15,Thomas,1,MID,48,0.8748,1.3499,0.28,0.1584,0.2731,0.0008,1,0,0,0,2026-08-19T06:19:14.858598+00:00,2026-08-19T06:19:59.220948+00:00
20,16,Pepe,1,MID,49,0,0,0.0,0.0,0.0,0,1,0,0,0,2026-08-19T06:19:14.858598+00:00,2026-08-19T06:19:59.220948+00:00
20,17,Ramsdale,1,GKP,46,0.2676,0.891,0.08,0.0736,0.0803,0.0,1,0,0,0,2026-08-19T06:19:14.858598+00:00,2026-08-19T06:19:59.220948+00:00
20,18,Rúnarsson,1,GKP,40,0,0,0.0,0.0,0.0,0,1,0,0,0,2026-08-19T06:19:14.858598+00:00,2026-08-19T06:19:59.220948+00:00
20,19,Saka,1,MID,90,1.9188,3.0374,0.34,0.1188,0.3257,0.0336,1,7,90,1,2026-08-19T06:19:14.858598+00:00,2026-08-19T06:19:59.220948+00:00
20,20,Saliba,1,DEF,56,2.2452,2.4348,0.68,0.0576,0.637,0.0104,1,0,90,1,2026-08-19T06:19:14.858598+00:00,2026-08-19T06:19:59.220948+00:00
20,22,Smith Rowe,1,MID,53,0.7428,1.4113,0.18,0.1804,0.1818,0.0024,1,0,0,0,2026-08-19T06:19:14.858598+00:00,2026-08-19T06:19:59.220948+00:00
20,24,Tierney,1,DEF,44,0,0,0.0,0.0,0.0,0,1,0,0,0,2026-08-19T06:19:14.858598+00:00,2026-08-19T06:19:59.220948+00:00
20,25,Tomiyasu,1,DEF,45,0.9152,1.6901,0.22,0.1716,0.2183,0.0036,1,1,45,1,2026-08-19T06:19:14.858598+00:00,2026-08-19T06:19:59.220948+00:00
20,26,Trossard,1,MID,65,1.5452,2.4235,0.28,0.2016,0.2765,0.016,1,1,23,0,2026-08-19T06:19:14.858598+00:00,2026-08-19T06:19:59.220948+00:00
20,29,White,1,DEF,56,2.2816,2.4579,0.68,0.0896,0.6396,0.0116,1,1,66,1,2026-08-19T06:19:14.858598+00:00,2026-08-19T06:19:59.220948+00:00
20,30,Xhaka,1,MID,60,0,0,0.0,0.0,0.0,0,1,0,0,0,2026-08-19T06:19:14.858598+00:00,2026-08-19T06:19:59.220948+00:00
20,31,Zinchenko,1,DEF,52,1.9024,2.4369,0.48,0.1144,0.4556,0.0088,1,0,0,0,2026-08-19T06:19:14.858598+00:00,2026-08-19T06:19:59.220948+00:00
20,113,Raya,1,GKP,49,2.5112,1.9387,0.9,0.008,0.8376,0.0,1,1,90,1,2026-08-19T06:19:14.858598+00:00,2026-08-19T06:19:59.220948+00:00
20,540,Rice,1,MID,54,2.0972,1.9603,0.68,0.0576,0.637,0.0052,1,2,90,1,2026-08-19T06:19:14.858598+00:00,2026-08-19T06:19:59.220948+00:00
20,578,Nelson,1,MID,48,0.7052,1.2376,0.18,0.1804,0.1818,0.0008,1,1,13,0,2026-08-19T06:19:14.858598+00:00,2026-08-19T06:19:59.220948+00:00
20,585,J.Timber,1,DEF,46,0.6708,1.3656,0.18,0.1804,0.1818,0.0008,1,0,0,0,2026-08-19T06:19:14.858598+00:00,2026-08-19T06:19:59.220948+00:00
20,646,Hein,1,GKP,40,0.142,0.6738,0.04,0.0384,0.0403,0.0,1,0,0,0,2026-08-19T06:19:14.858598+00:00,2026-08-19T06:19:59.220948+00:00
20,735,Sagoe,1,MID,45,0,0,0.0,0.0,0.0,0,1,0,0,0,2026-08-19T06:19:14.858598+00:00,2026-08-19T06:19:59.220948+00:00
20,736,Walters,1,DEF,40,0.4828,1.1302,0.1,0.198,0.1088,0.0008,1,0,0,0,2026-08-19T06:19:14.858598+00:00,2026-08-19T06:19:59.220948+00:00
20,737,Ibrahim,1,MID,45,0,0,0.0,0.0,0.0,0,1,0,0,0,2026-08-19T06:19:14.858598+00:00,2026-08-19T06:19:59.220948+00:00
20,764,Lewis-Skelly,1,MID,45,0.4528,0.8764,0.1,0.198,0.1088,0.0,1,0,0,0,2026-08-19T06:19:14.858598+00:00,2026-08-19T06:19:59.220948+00:00
20,772,Nwaneri,1,MID,45,0.4768,0.9526,0.1,0.198,0.1088,0.0,1,0,0,0,2026-08-19T06:19:14.858598+00:00,2026-08-19T06:19:59.220948+00:00
20,815,Bandeira,1,MID,45,0.4212,0.8658,0.1,0.198,0.1088,0.0,1,,,,2026-08-19T06:19:14.858598+00:00,
20,817,Sweet,1,DEF,40,0.4488,1.0537,0.1,0.198,0.1088,0.0,1,,,,2026-08-19T06:19:14.858598+00:00,
20,32,Alex Moreno,2,DEF,50,0.5712,1.4244,0.09,0.2002,0.0997,0.0028,1,1,90,1,2026-08-19T06:19:14.858598+00:00,2026-08-19T06:19:59.220948+00:00
20,34,Bailey,2,MID,56,1.454,2.309,0.28,0.2016,0.2765,0.014,1,8,90,1,2026-08-19T06:19:14.858598+00:00,2026-08-19T06:19:59.220948+00:00
20,35,Buendia,2,MID,57,0,0,0.0,0.0,0.0,0,1,0,0,0,2026-08-19T06:19:14.858598+00:00,2026-08-19T06:19:59.220948+00:00
20,36,Cash,2,DEF,47,0,0,0.0,0.0,0.0,0,1,0,0,0,2026-08-19T06:19:14.858598+00:00,2026-08-19T06:19:59.220948+00:00
20,37,Chambers,2,DEF,39,0.8144,1.6023,0.22,0.1716,0.2183,0.002,1,0,0,0,2026-08-19T06:19:14.858598+00:00,2026-08-19T06:19:59.220948+00:00
20,38,Coutinho,2,MID,58,0,0,0.0,0.0,0.0,0,1,0,0,0,2026-08-19T06:19:14.858598+00:00,2026-08-19T06:19:59.220948+00:00
20,39,Davis,2,FWD,49,0,0,0.0,0.0,0.0,0,1,0,0,0,2026-08-19T06:19:14.858598+00:00,2026-08-19T06:19:59.220948+00:00
20,40,Dendoncker,2,MID,49,0,0,0.0,0.0,0.0,0,1,1,1,0,2026-08-19T06:19:14.858598+00:00,2026-08-19T06:19:59.220948+00:00
20,41,Diego Carlos,2,DEF,44,0.88,1.7464,0.22,0.1716,0.2183,0.002,1,1,90,1,2026-08-19T06:19:14.858598+00:00,2026-08-19T06:19:59.220948+00:00
20,42,Digne,2,DEF,47,2.32,2.4766,0.68,0.0576,0.637,0.0104,1,0,0,0,2026-08-19T06:19:14.858598+00:00,2026-08-19T06:19:59.220948+00:00
20,43,Douglas Luiz,2,MID,55,3.0476,2.9795,0.68,0.0576,0.637,0.0368,1,10,90,1,2026-08-19T06:19:14.858598+00:00,2026-08-19T06:19:59.220948+00:00
20,44,Duran,2,FWD,50,0.6888,1.2908,0.18,0.1804,0.1818,0.0016,1,4,8,0,2026-08-19T06:19:14.858598+00:00,2026-08-19T06:19:59.220948+00:00
20,45,Hause,2,DEF,39,0.5944,1.3657,0.1,0.198,0.1088,0.0004,1,0,0,0,2026-08-19T06:19:14.858598+00:00,2026-08-19T06:19:59.220948+00:00
20,46,Iroegbunam,2,MID,44,0.4672,0.9619,0.1,0.198,0.1088,0.0004,1,0,0,0,2026-08-19T06:19:14.858598+00:00,2026-08-19T06:19:59.220948+00:00
20,47,Kamara,2,MID,50,0,0,0.0,0.0,0.0,0,1,0,0,0,2026-08-19T06:19:14.858598+00:00,2026-08-19T06:19:59.220948+00:00
20,48,Konsa,2,DEF,46,2.53,2.8266,0.68,0.0576,0.637,0.0228,1,0,90,1,2026-08-19T06:19:14.858598+00:00,2026-08-19T06:19:59.220948+00:00
20,49,Martinez,2,GKP,52,3.5004,2.3329,0.9,0.008,0.8376,0.0032,1,1,90,1,2026-08-19T06:19:14.858598+00:00,2026-08-19T06:19:59.220948+00:00
20,50,McGinn,2,MID,56,2.6864,2.7058,0.68,0.0576,0.637,0.0232,1,1,90,1,2026-08-19T06:19:14.858598+00:00,2026-08-19T06:19:59.220948+00:00
20,51,Mings,2,DEF,41,0,0,0.0,0.0,0.0,0,1,0,0,0,2026-08-19T06:19:14.858598+00:00,2026-08-19T06:19:59.220948+00:00
20,53,Olsen,2,GKP,39,0.1752,0.7694,0.04,0.0384,0.0403,0.0,1,0,0,0,2026-08-19T06:19:14.858598+00:00,2026-08-19T06:19:59.220948+00:00
20,54,Philogene,2,MID,45,0,0,0.0,0.0,0.0,0,1,0,0,0,2026-08-19T06:19:14.858598+00:00,2026-08-19T06:19:59.220948+00:00
20,55,J.Ramsey,2,MID,59,0,0,0.0,0.0,0.0,0,1,1,90,1,2026-08-19T06:19:14.858598+00:00,2026-08-19T06:19:59.220948+00:00
20,56,Sanson,2,MID,45,0,0,0.0,0.0,0.0,0,1,0,0,0,2026-08-19T06:19:14.858598+00:00,2026-08-19T06:19:59.220948+00:00
20,57,Sinisalo,2,GKP,40,0,0,0.0,0.0,0.0,0,1,0,0,0,2026-08-19T06:19:14.858598+00:00,2026-08-19T06:19:59.220948+00:00
20,58,Tielemans,2,MID,56,0,0,0.0,0.0,0.0,0,1,0,0,0,2026-08-19T06:19:14.858598+00:00,2026-08-19T06:19:59.220948+00:00
20,59,Bertrand Traoré,2,MID,50,0,0,0.0,0.0,0.0,0,1,0,0,0,2026-08-19T06:19:14.858598+00:00,2026-08-19T06:19:59.220948+00:00
20,60,Watkins,2,FWD,88,3.5472,3.4537,0.68,0.0576,0.637,0.0664,1,8,90,1,2026-08-19T06:19:14.858598+00:00,2026-08-19T06:19:59.220948+00:00
20,61,Wesley,2,FWD,50,0,0,0.0,0.0,0.0,0,1,0,0,0,2026-08-19T06:19:14.858598+00:00,2026-08-19T06:19:59.220948+00:00
20,584,Pau,2,DEF,47,2.546,2.6178,0.68,0.0704,0.638,0.0128,1,1,28,0,2026-08-19T06:19:14.858598+00:00,2026-08-19T06:19:59.220948+00:00
20,599,Diaby,2,MID,66,2.322,2.7744,0.48,0.1456,0.458,0.0252,1,7,81,1,2026-08-19T06:19:14.858598+00:00,2026-08-19T06:19:59.220948+00:00
20,618,Kellyman,2,MID,45,0.458,0.932,0.1,0.198,0.1088,0.0,1,0,0,0,2026-08-19T06:19:14.858598+00:00,2026-08-19T06:19:59.220948+00:00
20,670,Marschall,2,GKP,40,0,0,0.0,0.0,0.0,0,1,0,0,0,2026-08-19T06:19:14.858598+00:00,2026-08-19T06:19:59.220948+00:00
20,672,Zaniolo,2,MID,54,0,0,0.0,0.0,0.0,0,1,0,0,0,2026-08-19T06:19:14.858598+00:00,2026-08-19T06:19:59.220948+00:00
20,686,Zych,2,GKP,40,0,0,0.0,0.0,0.0,0,1,0,0,0,2026-08-19T06:19:14.858598+00:00,2026-08-19T06:19:59.220948+00:00
20,699,Lenglet,2,DEF,45,0.5096,1.2103,0.1,0.198,0.1088,0.0012,1,2,61,1,2026-08-19T06:19:14.858598+00:00,2026-08-19T06:19:59.220948+00:00
20,765,Proctor,2,GKP,40,0.1712,0.7577,0.04,0.0384,0.0403,0.0,1,0,0,0,2026-08-19T06:19:14.858598+00:00,2026-08-19T06:19:59.220948+00:00
20,767,O'Reilly,2,MID,45,0,0,0.0,0.0,0.0,0,1,0,0,0,2026-08-19T06:19:14.858598+00:00,2026-08-19T06:19:59.220948+00:00
20,778,Wright,2,GKP,40,0.1632,0.7376,0.04,0.0384,0.0403,0.0004,1,,,,2026-08-19T06:19:14.858598+00:00,
20,793,Kesler-Hayden,2,DEF,40,0.52,1.2696,0.1,0.198,0.1088,0.0004,1,,,,2026-08-19T06:19:14.858598+00:00,
20,803,Rogers,2,MID,50,0,0,0.0,0.0,0.0,0,1,,,,2026-08-19T06:19:14.858598+00:00,
20,818,Gauci,2,GKP,39,0.2012,0.9096,0.04,0.0384,0.0403,0.0,1,,,,2026-08-19T06:19:14.858598+00:00,
20,854,Munroe,2,DEF,40,0.5036,1.232,0.1,0.198,0.1088,0.0,1,,,,2026-08-19T06:19:14.858598+00:00,
20,865,Young,2,MID,45,0.5124,1.0688,0.1,0.198,0.1088,0.0008,1,,,,2026-08-19T06:19:14.858598+00:00,
20,866,Emery,2,GKP,40,0.184,0.8485,0.04,0.0384,0.0403,0.0004,1,,,,2026-08-19T06:19:14.858598+00:00,
20,62,Anthony,3,MID,49,0,0,0.0,0.0,0.0,0,1,0,0,0,2026-08-19T06:19:14.858598+00:00,2026-08-19T06:19:59.220948+00:00
20,63,Billing,3,MID,52,1.6048,2.0038,0.48,0.1144,0.4556,0.0068,1,1,29,0,2026-08-19T06:19:14.858598+00:00,2026-08-19T06:19:59.220948+00:00
20,64,Brooks,3,MID,48,0,0,0.0,0.0,0.0,0,1,1,8,0,2026-08-19T06:19:14.858598+00:00,2026-08-19T06:19:59.220948+00:00
20,65,Christie,3,MID,50,2.0556,1.8457,0.68,0.0704,0.638,0.0036,1,2,68,1,2026-08-19T06:19:14.858598+00:00,2026-08-19T06:19:59.220948+00:00
20,66,L.Cook,3,MID,50,1.3628,1.5192,0.48,0.1144,0.4556,0.0004,1,2,90,1,2026-08-19T06:19:14.858598+00:00,2026-08-19T06:19:59.220948+00:00
20,67,Siriki,3,MID,45,0,0,0.0,0.0,0.0,0,1,0,0,0,2026-08-19T06:19:14.858598+00:00,2026-08-19T06:19:59.220948+00:00
20,68,Fredericks,3,DEF,43,0,0,0.0,0.0,0.0,0,1,0,0,0,2026-08-19T06:19:14.858598+00:00,2026-08-19T06:19:59.220948+00:00
20,69,Hill,3,DEF,40,0.4736,1.1061,0.1,0.198,0.1088,0.0,1,0,0,0,2026-08-19T06:19:14.858598+00:00,2026-08-19T06:19:59.220948+00:00
20,70,Kelly,3,DEF,45,0.83,1.5293,0.22,0.1716,0.2183,0.0004,1,0,0,0,2026-08-19T06:19:14.858598+00:00,2026-08-19T06:19:59.220948+00:00
20,71,Kilkenny,3,MID,43,0,0,0.0,0.0,0.0,0,1,0,0,0,2026-08-19T06:19:14.858598+00:00,2026-08-19T06:19:59.220948+00:00
20,72,Kluivert,3,MID,46,1.4772,1.7494,0.48,0.1144,0.4556,0.002,1,1,60,1,2026-08-19T06:19:14.858598+00:00,2026-08-19T06:19:59.220948+00:00
20,73,Lowe,3,MID,49,0,0,0.0,0.0,0.0,0,1,0,0,0,2026-08-19T06:19:14.858598+00:00,2026-08-19T06:19:59.220948+00:00
20,74,Marcondes,3,MID,43,0,0,0.0,0.0,0.0,0,1,0,0,0,2026-08-19T06:19:14.858598+00:00,2026-08-19T06:19:59.220948+00:00
20,75,Mepham,3,DEF,43,0.3416,0.8464,0.05,0.209,0.0632,0.0,1,0,0,0,2026-08-19T06:19:14.858598+00:00,2026-08-19T06:19:59.220948+00:00
20,76,Moore,3,FWD,46,0,0,0.0,0.0,0.0,0,1,0,0,0,2026-08-19T06:19:14.858598+00:00,2026-08-19T06:19:59.220948+00:00
20,77,Neto,3,GKP,46,3.3908,2.2876,0.9,0.008,0.8376,0.0044,1,2,90,1,2026-08-19T06:19:14.858598+00:00,2026-08-19T06:19:59.220948+00:00
20,78,O.Dango,3,MID,47,0.9576,1.506,0.28,0.1584,0.2731,0.0012,1,1,45,1,2026-08-19T06:19:14.858598+00:00,2026-08-19T06:19:59.220948+00:00
20,79,Pearson,3,MID,45,0,0,0.0,0.0,0.0,0,1,0,0,0,2026-08-19T06:19:14.858598+00:00,2026-08-19T06:19:59.220948+00:00
20,80,Randolph,3,GKP,40,0.17,0.7872,0.04,0.0384,0.0403,0.0,1,0,0,0,2026-08-19T06:19:14.858598+00:00,2026-08-19T06:19:59.220948+00:00
20,81,Rothwell,3,MID,48,0,0,0.0,0.0,0.0,0,1,0,0,0,2026-08-19T06:19:14.858598+00:00,2026-08-19T06:19:59.220948+00:00
20,82,Semenyo,3,FWD,46,1.418,1.7513,0.48,0.1144,0.4556,0.0028,1,1,29,0,2026-08-19T06:19:14.858598+00:00,2026-08-19T06:19:59.220948+00:00
20,83,Senesi,3,DEF,45,0.836,1.6644,0.22,0.1716,0.2183,0.002,1,0,90,1,2026-08-19T06:19:14.858598+00:00,2026-08-19T06:19:59.220948+00:00
20,84,Smith,3,DEF,44,0.7584,1.4434,0.22,0.1716,0.2183,0.0012,1,1,81,1,2026-08-19T06:19:14.858598+00:00,2026-08-19T06:19:59.220948+00:00
20,85,Solanke,3,FWD,71,3.114,3.0777,0.68,0.0576,0.637,0.048,1,2,90,1,2026-08-19T06:19:14.858598+00:00,2026-08-19T06:19:59.220948+00:00
20,86,Tavernier,3,MID,54,1.8088,2.3129,0.48,0.1144,0.4556,0.0136,1,6,90,1,2026-08-19T06:19:14.858598+00:00,2026-08-19T06:19:59.220948+00:00
20,87,Hamed Traorè,3,MID,47,0,0,0.0,0.0,0.0,0,1,0,0,0,2026-08-19T06:19:14.858598+00:00,2026-08-19T06:19:59.220948+00:00
20,88,Travers,3,GKP,40,0.1936,0.82,0.04,0.0384,0.0403,0.0,1,0,0,0,2026-08-19T06:19:14.858598+00:00,2026-08-19T06:19:59.220948+00:00
20,89,Zabarnyi,3,DEF,44,0.7,1.4777,0.22,0.1404,0.2158,0.002,1,1,90,1,2026-08-19T06:19:14.858598+00:00,2026-08-19T06:19:59.220948+00:00
20,595,Kerkez,3,DEF,44,0.7468,1.4614,0.22,0.1716,0.2183,0.0016,1,0,0,0,2026-08-19T06:19:14.858598+00:00,2026-08-19T06:19:59.220948+00:00
20,607,Radu,3,GKP,44,0.156,0.7019,0.04,0.0384,0.0403,0.0,1,0,0,0,2026-08-19T06:19:14.858598+00:00,2026-08-19T06:19:59.220948+00:00
20,619,Greenwood,3,DEF,40,0,0,0.0,0.0,0.0,0,1,0,0,0,2026-08-19T06:19:14.858598+00:00,2026-08-19T06:19:59.220948+00:00
20,643,Aarons,3,DEF,44,0.7516,1.4371,0.22,0.1716,0.2183,0.0008,1,0,45,1,2026-08-19T06:19:14.858598+00:00,2026-08-19T06:19:59.220948+00:00
20,644,Scott,3,MID,49,0.9024,1.3075,0.28,0.1584,0.2731,0.0008,1,6,21,0,2026-08-19T06:19:14.858598+00:00,2026-08-19T06:19:59.220948+00:00
20,673,Adams,3,MID,49,1.8348,1.0319,0.82,0.0324,0.7652,0.0004,1,0,0,0,2026-08-19T06:19:14.858598+00:00,2026-08-19T06:19:59.220948+00:00
20,705,Sinisterra,3,MID,55,0,0,0.0,0.0,0.0,0,1,2,60,1,2026-08-19T06:19:14.858598+00:00,2026-08-19T06:19:59.220948+00:00
20,799,Faivre,3,MID,50,0.6752,1.2592,0.18,0.1804,0.1818,0.0004,1,,,,2026-08-19T06:19:14.858598+00:00,
20,802,Kinsey,3,DEF,40,0.4612,1.0715,0.1,0.198,0.1088,0.0008,1,,,,2026-08-19T06:19:14.858598+00:00,
20,804,Enes Ünal,3,FWD,50,0.6396,1.1405,0.18,0.1804,0.1818,0.0,1,,,,2026-08-19T06:19:14.858598+00:00,
20,811,Sadi,3,MID,45,0.4456,0.8963,0.1,0.198,0.1088,0.0,1,,,,2026-08-19T06:19:14.858598+00:00,
20,849,Dacosta Gonzalez,3,MID,45,0.4684,0.9469,0.1,0.198,0.1088,0.0,1,,,,2026-08-19T06:19:14.858598+00:00,
20,855,McKenna,3,GKP,40,0.1728,0.7756,0.04,0.0384,0.0403,0.0,1,,,,2026-08-19T06:19:14.858598+00:00,
20,90,Ajer,4,DEF,44,0.7224,1.5733,0.22,0.1716,0.2183,0.002,1,0,0,0,2026-08-19T06:19:14.858598+00:00,2026-08-19T06:19:59.220948+00:00
20,91,Balcombe,4,GKP,39,0.1424,0.6864,0.04,0.0384,0.0403,0.0,1,0,0,0,2026-08-19T06:19:14.858598+00:00,2026-08-19T06:19:59.220948+00:00
20,92,Baptiste,4,MID,43,0.472,0.9827,0.1,0.198,0.1088,0.0004,1,0,0,0,2026-08-19T06:19:14.858598+00:00,2026-08-19T06:19:59.220948+00:00
20,93,Bech,4,DEF,40,0,0,0.0,0.0,0.0,0,1,0,0,0,2026-08-19T06:19:14.858598+00:00,2026-08-19T06:19:59.220948+00:00
20,94,Bidstrup,4,MID,45,0,0,0.0,0.0,0.0,0,1,0,0,0,2026-08-19T06:19:14.858598+00:00,2026-08-19T06:19:59.220948+00:00
20,95,Canós,4,MID,50,0,0,0.0,0.0,0.0,0,1,0,0,0,2026-08-19T06:19:14.858598+00:00,2026-08-19T06:19:59.220948+00:00
20,96,Collins,4,DEF,45,0.5252,1.2901,0.11,0.1958,0.118,0.0028,1,1,90,1,2026-08-19T06:19:14.858598+00:00,2026-08-19T06:19:59.220948+00:00
20,97,Cox,4,GKP,40,0,0,0.0,0.0,0.0,0,1,0,0,0,2026-08-19T06:19:14.858598+00:00,2026-08-19T06:19:59.220948+00:00
20,98,Damsgaard,4,MID,48,0.6628,1.16,0.18,0.1804,0.1818,0.0,1,1,23,0,2026-08-19T06:19:14.858598+00:00,2026-08-19T06:19:59.220948+00:00
20,99,Dasilva,4,MID,47,0,0,0.0,0.0,0.0,0,1,0,0,0,2026-08-19T06:19:14.858598+00:00,2026-08-19T06:19:59.220948+00:00
20,100,Dervişoğlu,4,FWD,45,0,0,0.0,0.0,0.0,0,1,0,0,0,2026-08-19T06:19:14.858598+00:00,2026-08-19T06:19:59.220948+00:00
20,101,Flekken,4,GKP,45,2.6996,2.0077,0.9,0.004,0.8373,0.0,1,2,90,1,2026-08-19T06:19:14.858598+00:00,2026-08-19T06:19:59.220948+00:00
20,102,Goode,4,DEF,39,0,0,0.0,0.0,0.0,0,1,0,0,0,2026-08-19T06:19:14.858598+00:00,2026-08-19T06:19:59.220948+00:00
20,103,Henry,4,DEF,43,0,0,0.0,0.0,0.0,0,1,0,0,0,2026-08-19T06:19:14.858598+00:00,2026-08-19T06:19:59.220948+00:00
20,104,Hickey,4,DEF,44,0,0,0.0,0.0,0.0,0,1,0,0,0,2026-08-19T06:19:14.858598+00:00,2026-08-19T06:19:59.220948+00:00
20,105,Janelt,4,MID,53,1.9104,1.793,0.68,0.0704,0.638,0.0044,1,2,79,1,2026-08-19T06:19:14.858598+00:00,2026-08-19T06:19:59.220948+00:00
20,106,Jensen,4,MID,54,1.828,2.1274,0.48,0.1144,0.4556,0.006,1,2,62,1,2026-08-19T06:19:14.858598+00:00,2026-08-19T06:19:59.220948+00:00
20,107,Lewis-Potter,4,MID,47,1.1236,1.8089,0.28,0.1584,0.2731,0.0028,1,7,79,1,2026-08-19T06:19:14.858598+00:00,2026-08-19T06:19:59.220948+00:00
20,108,Mbeumo,4,MID,68,3.0,3.6742,0.48,0.1456,0.458,0.0716,1,0,0,0,2026-08-19T06:19:14.858598+00:00,2026-08-19T06:19:59.220948+00:00
20,109,Mee,4,DEF,48,0,0,0.0,0.0,0.0,0,1,0,0,0,2026-08-19T06:19:14.858598+00:00,2026-08-19T06:19:59.220948+00:00
20,110,Nørgaard,4,MID,54,1.9836,2.0918,0.68,0.0704,0.638,0.0084,1,2,66,1,2026-08-19T06:19:14.858598+00:00,2026-08-19T06:19:59.220948+00:00
20,111,Onyeka,4,MID,49,0.5436,1.1081,0.14,0.1892,0.1453,0.0,1,1,27,0,2026-08-19T06:19:14.858598+00:00,2026-08-19T06:19:59.220948+00:00
20,112,Pinnock,4,DEF,46,2.274,2.5077,0.68,0.0576,0.637,0.0124,1,1,90,1,2026-08-19T06:19:14.858598+00:00,2026-08-19T06:19:59.220948+00:00
20,114,Roerslev,4,DEF,44,0.7692,1.4546,0.22,0.1716,0.2183,0.0008,1,4,62,1,2026-08-19T06:19:14.858598+00:00,2026-08-19T06:19:59.220948+00:00
20,115,Schade,4,MID,53,0.9388,1.507,0.28,0.1584,0.2731,0.0008,1,0,0,0,2026-08-19T06:19:14.858598+00:00,2026-08-19T06:19:59.220948+00:00
20,116,Strakosha,4,GKP,39,0.1772,0.7953,0.04,0.0384,0.0403,0.0,1,0,0,0,2026-08-19T06:19:14.858598+00:00,2026-08-19T06:19:59.220948+00:00
20,117,Toney,4,FWD,79,3.8828,2.701,0.9,0.018,0.8384,0.0408,1,0,0,0,2026-08-19T06:19:14.858598+00:00,2026-08-19T06:19:59.220948+00:00
20,118,Trevitt,4,MID,45,0,0,0.0,0.0,0.0,0,1,0,0,0,2026-08-19T06:19:14.858598+00:00,2026-08-19T06:19:59.220948+00:00
20,119,Wissa,4,FWD,57,2.5852,2.4238,0.68,0.0896,0.6396,0.0188,1,2,90,1,2026-08-19T06:19:14.858598+00:00,2026-08-19T06:19:59.220948+00:00
20,120,Yarmoliuk,4,MID,43,0.8812,1.3338,0.28,0.1584,0.2731,0.0008,1,1,10,0,2026-08-19T06:19:14.858598+00:00,2026-08-19T06:19:59.220948+00:00
20,121,Zanka,4,DEF,43,0.4868,1.1906,0.1,0.198,0.1088,0.0016,1,1,90,1,2026-08-19T06:19:14.858598+00:00,2026-08-19T06:19:59.220948+00:00
20,258,Maupay,4,FWD,49,1.1092,1.9566,0.28,0.1584,0.2731,0.0092,1,1,27,0,2026-08-19T06:19:14.858598+00:00,2026-08-19T06:19:59.220948+00:00
20,508,Reguilón,4,DEF,44,0.7724,1.552,0.22,0.1716,0.2183,0.0024,1,1,1,0,2026-08-19T06:19:14.858598+00:00,2026-08-19T06:19:59.220948+00:00
20,620,Olakigbe,4,MID,45,0,0,0.0,0.0,0.0,0,1,1,10,0,2026-08-19T06:19:14.858598+00:00,2026-08-19T06:19:59.220948+00:00
20,684,Brierley,4,MID,45,0.4508,0.9325,0.1,0.198,0.1088,0.0,1,0,0,0,2026-08-19T06:19:14.858598+00:00,2026-08-19T06:19:59.220948+00:00
20,701,Ghoddos,4,MID,45,0.7716,1.1562,0.28,0.1584,0.2731,0.0,1,1,90,1,2026-08-19T06:19:14.858598+00:00,2026-08-19T06:19:59.220948+00:00
20,725,Kim Ji-Soo,4,DEF,40,0.4952,1.1576,0.1,0.198,0.1088,0.0012,1,0,0,0,2026-08-19T06:19:14.858598+00:00,2026-08-19T06:19:59.220948+00:00
20,733,Adedokun,4,DEF,40,0.4432,1.0696,0.1,0.198,0.1088,0.0004,1,0,0,0,2026-08-19T06:19:14.858598+00:00,2026-08-19T06:19:59.220948+00:00
20,744,Peart-Harris,4,MID,45,0,0,0.0,0.0,0.0,0,1,0,0,0,2026-08-19T06:19:14.858598+00:00,2026-08-19T06:19:59.220948+00:00
20,752,Angelini,4,GKP,40,0.1736,0.765,0.04,0.0384,0.0403,0.0,1,0,0,0,2026-08-19T06:19:14.858598+00:00,2026-08-19T06:19:59.220948+00:00
20,789,Valdimarsson,4,GKP,40,0.1612,0.7366,0.04,0.0384,0.0403,0.0,1,,,,2026-08-19T06:19:14.858598+00:00,
20,797,Fredrick,4,DEF,40,0.4412,1.0271,0.1,0.198,0.1088,0.0,1,,,,2026-08-19T06:19:14.858598+00:00,
20,834,Arthur,4,DEF,40,0.5068,1.171,0.1,0.198,0.1088,0.0,1,,,,2026-08-19T06:19:14.858598+00:00,
20,864,Konak,4,MID,45,0.4508,0.9006,0.1,0.198,0.1088,0.0004,1,,,,2026-08-19T06:19:14.858598+00:00,
20,122,Adingra,5,MID,50,1.6788,2.0612,0.48,0.1144,0.4556,0.0048,1,0,0,0,2026-08-19T06:19:14.858598+00:00,2026-08-19T06:19:59.220948+00:00
20,123,Alzate,5,MID,44,0,0,0.0,0.0,0.0,0,1,0,0,0,2026-08-19T06:19:14.858598+00:00,2026-08-19T06:19:59.220948+00:00
20,124,Ayari,5,MID,45,0,0,0.0,0.0,0.0,0,1,0,0,0,2026-08-19T06:19:14.858598+00:00,2026-08-19T06:19:59.220948+00:00
20,125,Buonanotte,5,MID,47,0.8872,1.3375,0.28,0.1584,0.2731,0.0004,1,3,73,1,2026-08-19T06:19:14.858598+00:00,2026-08-19T06:19:59.220948+00:00
20,127,Connolly,5,FWD,45,0,0,0.0,0.0,0.0,0,1,0,0,0,2026-08-19T06:19:14.858598+00:00,2026-08-19T06:19:59.220948+00:00
20,128,Dahoud,5,MID,48,0,0,0.0,0.0,0.0,0,1,0,0,0,2026-08-19T06:19:14.858598+00:00,2026-08-19T06:19:59.220948+00:00
20,129,Dunk,5,DEF,50,0,0,0.0,0.0,0.0,0,1,0,0,0,2026-08-19T06:19:14.858598+00:00,2026-08-19T06:19:59.220948+00:00
20,130,Enciso,5,MID,51,0.6924,1.2693,0.18,0.1804,0.1818,0.0,1,0,0,0,2026-08-19T06:19:14.858598+00:00,2026-08-19T06:19:59.220948+00:00
20,131,Estupiñan,5,DEF,49,0,0,0.0,0.0,0.0,0,1,6,90,1,2026-08-19T06:19:14.858598+00:00,2026-08-19T06:19:59.220948+00:00
20,132,Ferguson,5,FWD,59,0,0,0.0,0.0,0.0,0,1,1,23,0,2026-08-19T06:19:14.858598+00:00,2026-08-19T06:19:59.220948+00:00
20,133,Gilmour,5,MID,49,1.5376,1.7927,0.48,0.1144,0.4556,0.0024,1,3,90,1,2026-08-19T06:19:14.858598+00:00,2026-08-19T06:19:59.220948+00:00
20,134,Gross,5,MID,64,3.03,2.779,0.68,0.0896,0.6396,0.03,1,3,90,1,2026-08-19T06:19:14.858598+00:00,2026-08-19T06:19:59.220948+00:00
20,135,João Pedro,5,FWD,54,2.356,2.9064,0.48,0.1144,0.4556,0.0308,1,2,90,1,2026-08-19T06:19:14.858598+00:00,2026-08-19T06:19:59.220948+00:00
20,136,Karbownik,5,DEF,40,0,0,0.0,0.0,0.0,0,1,0,0,0,2026-08-19T06:19:14.858598+00:00,2026-08-19T06:19:59.220948+00:00
20,137,Kozłowski,5,MID,45,0,0,0.0,0.0,0.0,0,1,0,0,0,2026-08-19T06:19:14.858598+00:00,2026-08-19T06:19:59.220948+00:00
20,138,Lallana,5,MID,49,1.2736,1.4677,0.48,0.1144,0.4556,0.0008,1,1,16,0,2026-08-19T06:19:14.858598+00:00,2026-08-19T06:19:59.220948+00:00
20,139,Lamptey,5,DEF,39,0.4448,1.0053,0.1,0.198,0.1088,0.0,1,0,0,0,2026-08-19T06:19:14.858598+00:00,2026-08-19T06:19:59.220948+00:00
20,140,March,5,MID,61,0,0,0.0,0.0,0.0,0,1,0,0,0,2026-08-19T06:19:14.858598+00:00,2026-08-19T06:19:59.220948+00:00
20,141,McGill,5,GKP,39,0.1788,0.7781,0.04,0.0384,0.0403,0.0,1,0,0,0,2026-08-19T06:19:14.858598+00:00,2026-08-19T06:19:59.220948+00:00
20,142,Milner,5,MID,48,0,0,0.0,0.0,0.0,0,1,3,90,1,2026-08-19T06:19:14.858598+00:00,2026-08-19T06:19:59.220948+00:00
20,143,Mitoma,5,MID,65,0,0,0.0,0.0,0.0,0,1,0,0,0,2026-08-19T06:19:14.858598+00:00,2026-08-19T06:19:59.220948+00:00
20,144,Moder,5,MID,44,0.4492,0.9177,0.1,0.198,0.1088,0.0,1,1,16,0,2026-08-19T06:19:14.858598+00:00,2026-08-19T06:19:59.220948+00:00
20,146,Sarmiento,5,MID,45,0,0,0.0,0.0,0.0,0,1,0,0,0,2026-08-19T06:19:14.858598+00:00,2026-08-19T06:19:59.220948+00:00
20,147,Scherpen,5,GKP,40,0,0,0.0,0.0,0.0,0,1,0,0,0,2026-08-19T06:19:14.858598+00:00,2026-08-19T06:19:59.220948+00:00
20,148,Steele,5,GKP,42,2.7608,2.0391,0.9,0.004,0.8373,0.0004,1,8,90,1,2026-08-19T06:19:14.858598+00:00,2026-08-19T06:19:59.220948+00:00
20,149,Undav,5,FWD,55,0,0,0.0,0.0,0.0,0,1,0,0,0,2026-08-19T06:19:14.858598+00:00,2026-08-19T06:19:59.220948+00:00
20,150,Van Hecke,5,DEF,40,0,0,0.0,0.0,0.0,0,1,8,90,1,2026-08-19T06:19:14.858598+00:00,2026-08-19T06:19:59.220948+00:00
20,151,Veltman,5,DEF,43,0,0,0.0,0.0,0.0,0,1,0,0,0,2026-08-19T06:19:14.858598+00:00,2026-08-19T06:19:59.220948+00:00
20,152,Verbruggen,5,GKP,44,0.1908,0.8248,0.04,0.0384,0.0403,0.0,1,0,0,0,2026-08-19T06:19:14.858598+00:00,2026-08-19T06:19:59.220948+00:00
20,153,Webster,5,DEF,42,0.6932,1.3529,0.22,0.1716,0.2183,0.0004,1,6,73,1,2026-08-19T06:19:14.858598+00:00,2026-08-19T06:19:59.220948+00:00
20,154,Welbeck,5,FWD,57,1.7736,2.0504,0.48,0.1456,0.458,0.0064,1,2,66,1,2026-08-19T06:19:14.858598+00:00,2026-08-19T06:19:59.220948+00:00
20,155,Zeqiri,5,FWD,44,0,0,0.0,0.0,0.0,0,1,0,0,0,2026-08-19T06:19:14.858598+00:00,2026-08-19T06:19:59.220948+00:00
20,606,Igor,5,DEF,43,0.7016,1.4189,0.22,0.1716,0.2183,0.0012,1,0,0,0,2026-08-19T06:19:14.858598+00:00,2026-08-19T06:19:59.220948+00:00
20,621,Hinshelwood,5,MID,45,0,0,0.0,0.0,0.0,0,1,3,90,1,2026-08-19T06:19:14.858598+00:00,2026-08-19T06:19:59.220948+00:00
20,690,Baleba,5,MID,45,0.7356,1.1723,0.28,0.1584,0.2731,0.0004,1,0,0,0,2026-08-19T06:19:14.858598+00:00,2026-08-19T06:19:59.220948+00:00
20,700,Ansu Fati,5,MID,64,1.6848,2.2598,0.45,0.154,0.4308,0.0104,1,0,0,0,2026-08-19T06:19:14.858598+00:00,2026-08-19T06:19:59.220948+00:00
20,741,O’Mahony,5,FWD,45,0.4216,0.8334,0.1,0.198,0.1088,0.0004,1,0,0,0,2026-08-19T06:19:14.858598+00:00,2026-08-19T06:19:59.220948+00:00
20,742,Baker-Boaitey,5,MID,45,0.4668,0.9586,0.1,0.198,0.1088,0.0,1,0,0,0,2026-08-19T06:19:14.858598+00:00,2026-08-19T06:19:59.220948+00:00
20,746,Jackson,5,DEF,40,0.4908,1.1545,0.1,0.198,0.1088,0.0,1,0,0,0,2026-08-19T06:19:14.858598+00:00,2026-08-19T06:19:59.220948+00:00
20,747,Duffus,5,MID,44,0.4948,0.9587,0.1,0.198,0.1088,0.0,1,0,0,0,2026-08-19T06:19:14.858598+00:00,2026-08-19T06:19:59.220948+00:00
20,753,Kavanagh,5,DEF,40,0.4692,1.0792,0.1,0.198,0.1088,0.0004,1,0,0,0,2026-08-19T06:19:14.858598+00:00,2026-08-19T06:19:59.220948+00:00
20,755,Barrington,5,MID,45,0.4676,0.9702,0.1,0.198,0.1088,0.0008,1,0,0,0,2026-08-19T06:19:14.858598+00:00,2026-08-19T06:19:59.220948+00:00
20,786,Peupion,5,MID,45,0.4884,1.0127,0.1,0.198,0.1088,0.0,1,,,,2026-08-19T06:19:14.858598+00:00,
20,816,Barco,5,DEF,40,0.424,1.0283,0.1,0.198,0.1088,0.0004,1,,,,2026-08-19T06:19:14.858598+00:00,
20,843,Chouchane,5,MID,45,0.4692,0.9203,0.1,0.198,0.1088,0.0004,1,,,,2026-08-19T06:19:14.858598+00:00,
20,845,Offiah,5,DEF,40,0.476,1.1025,0.1,0.198,0.1088,0.0004,1,,,,2026-08-19T06:19:14.858598+00:00,
20,861,Atom,5,DEF,40,0.4964,1.2054,0.1,0.198,0.1088,0.0012,1,,,,2026-08-19T06:19:14.858598+00:00,
20,156,Agyei,6,MID,43,0.5012,0.9924,0.1,0.198,0.1088,0.0,1,0,0,0,2026-08-19T06:19:14.858598+00:00,2026-08-19T06:19:59.220948+00:00
20,157,Al-Dakhil,6,DEF,39,0,0,0.0,0.0,0.0,0,1,0,0,0,2026-08-19T06:19:14.858598+00:00,2026-08-19T06:19:59.220948+00:00
20,158,Bastien,6,MID,49,0,0,0.0,0.0,0.0,0,1,0,0,0,2026-08-19T06:19:14.858598+00:00,2026-08-19T06:19:59.220948+00:00
20,159,Benson,6,MID,52,0.6532,1.1946,0.18,0.1804,0.1818,0.0012,1,0,0,0,2026-08-19T06:19:14.858598+00:00,2026-08-19T06:19:59.220948+00:00
20,160,Beyer,6,DEF,40,0,0,0.0,0.0,0.0,0,1,1,16,0,2026-08-19T06:19:14.858598+00:00,2026-08-19T06:19:59.220948+00:00
20,161,Brownhill,6,MID,47,1.8272,1.6422,0.68,0.0704,0.638,0.0016,1,2,90,1,2026-08-19T06:19:14.858598+00:00,2026-08-19T06:19:59.220948+00:00
20,162,Churlinov,6,MID,44,0,0,0.0,0.0,0.0,0,1,0,0,0,2026-08-19T06:19:14.858598+00:00,2026-08-19T06:19:59.220948+00:00
20,163,Cork,6,MID,48,0.6436,1.1574,0.18,0.1804,0.1818,0.0004,1,0,0,0,2026-08-19T06:19:14.858598+00:00,2026-08-19T06:19:59.220948+00:00
20,164,Costelloe,6,MID,45,0,0,0.0,0.0,0.0,0,1,0,0,0,2026-08-19T06:19:14.858598+00:00,2026-08-19T06:19:59.220948+00:00
20,165,Cullen,6,MID,50,1.15,1.3947,0.48,0.1144,0.4556,0.0004,1,0,0,0,2026-08-19T06:19:14.858598+00:00,2026-08-19T06:19:59.220948+00:00
20,166,Egan-Riley,6,DEF,39,0,0,0.0,0.0,0.0,0,1,0,0,0,2026-08-19T06:19:14.858598+00:00,2026-08-19T06:19:59.220948+00:00
20,167,Ekdal,6,DEF,39,0.472,1.0722,0.1,0.198,0.1088,0.0,1,0,0,0,2026-08-19T06:19:14.858598+00:00,2026-08-19T06:19:59.220948+00:00
20,168,Foster,6,FWD,48,1.5552,1.8351,0.48,0.1144,0.4556,0.002,1,6,90,1,2026-08-19T06:19:14.858598+00:00,2026-08-19T06:19:59.220948+00:00
20,169,Franchi,6,GKP,39,0,0,0.0,0.0,0.0,0,1,0,0,0,2026-08-19T06:19:14.858598+00:00,2026-08-19T06:19:59.220948+00:00
20,170,Gudmundsson,6,MID,48,1.3856,1.6289,0.48,0.1144,0.4556,0.0012,1,5,73,1,2026-08-19T06:19:14.858598+00:00,2026-08-19T06:19:59.220948+00:00
20,171,McNally,6,DEF,40,0,0,0.0,0.0,0.0,0,1,0,0,0,2026-08-19T06:19:14.858598+00:00,2026-08-19T06:19:59.220948+00:00
20,172,Muric,6,GKP,43,0.1476,0.6791,0.04,0.0384,0.0403,0.0,1,0,0,0,2026-08-19T06:19:14.858598+00:00,2026-08-19T06:19:59.220948+00:00
20,173,O'Shea,6,DEF,44,0.7248,1.442,0.22,0.1716,0.2183,0.002,1,4,90,1,2026-08-19T06:19:14.858598+00:00,2026-08-19T06:19:59.220948+00:00
20,174,Obafemi,6,FWD,49,0,0,0.0,0.0,0.0,0,1,0,0,0,2026-08-19T06:19:14.858598+00:00,2026-08-19T06:19:59.220948+00:00
20,175,Peacock-Farrell,6,GKP,40,0,0,0.0,0.0,0.0,0,1,0,0,0,2026-08-19T06:19:14.858598+00:00,2026-08-19T06:19:59.220948+00:00
20,176,Roberts,6,DEF,43,0,0,0.0,0.0,0.0,0,1,1,16,0,2026-08-19T06:19:14.858598+00:00,2026-08-19T06:19:59.220948+00:00
20,177,Rodriguez,6,FWD,53,1.126,1.7712,0.28,0.1584,0.2731,0.0044,1,0,0,0,2026-08-19T06:19:14.858598+00:00,2026-08-19T06:19:59.220948+00:00
20,178,Taylor,6,DEF,40,0.7268,1.408,0.22,0.1716,0.2183,0.0008,1,0,90,1,2026-08-19T06:19:14.858598+00:00,2026-08-19T06:19:59.220948+00:00
20,179,Thomas,6,DEF,40,0,0,0.0,0.0,0.0,0,1,0,0,0,2026-08-19T06:19:14.858598+00:00,2026-08-19T06:19:59.220948+00:00
20,180,Twine,6,MID,49,0,0,0.0,0.0,0.0,0,1,0,0,0,2026-08-19T06:19:14.858598+00:00,2026-08-19T06:19:59.220948+00:00
20,181,Vigouroux,6,GKP,39,0.1472,0.6848,0.04,0.0384,0.0403,0.0,1,0,0,0,2026-08-19T06:19:14.858598+00:00,2026-08-19T06:19:59.220948+00:00
20,182,Vitinho,6,DEF,44,0.7528,1.4301,0.22,0.1716,0.2183,0.0,1,1,90,1,2026-08-19T06:19:14.858598+00:00,2026-08-19T06:19:59.220948+00:00
20,183,Weghorst,6,FWD,55,0,0,0.0,0.0,0.0,0,1,0,0,0,2026-08-19T06:19:14.858598+00:00,2026-08-19T06:19:59.220948+00:00
20,184,Zaroury,6,MID,47,0,0,0.0,0.0,0.0,0,1,0,0,0,2026-08-19T06:19:14.858598+00:00,2026-08-19T06:19:59.220948+00:00
20,200,D.D.Fofana,6,FWD,50,0.6544,1.1504,0.18,0.1804,0.1818,0.0,1,0,0,0,2026-08-19T06:19:14.858598+00:00,2026-08-19T06:19:59.220948+00:00
20,475,Berge,6,MID,47,1.8268,1.7075,0.68,0.0704,0.638,0.0024,1,-2,55,1,2026-08-19T06:19:14.858598+00:00,2026-08-19T06:19:59.220948+00:00
20,594,Amdouni,6,FWD,53,2.0856,1.9423,0.68,0.0704,0.638,0.0064,1,7,58,1,2026-08-19T06:19:14.858598+00:00,2026-08-19T06:19:59.220948+00:00
20,596,Trafford,6,GKP,45,3.2448,2.1809,0.9,0.004,0.8373,0.0016,1,2,90,1,2026-08-19T06:19:14.858598+00:00,2026-08-19T06:19:59.220948+00:00
20,600,Redmond,6,MID,48,0,0,0.0,0.0,0.0,0,1,0,0,0,2026-08-19T06:19:14.858598+00:00,2026-08-19T06:19:59.220948+00:00
20,605,Koleosho,6,MID,48,0.9412,1.6445,0.24,0.1672,0.2366,0.0044,1,0,0,0,2026-08-19T06:19:14.858598+00:00,2026-08-19T06:19:59.220948+00:00
20,608,Bruun Larsen,6,MID,49,0.9316,1.5081,0.28,0.1584,0.2731,0.0024,1,0,0,0,2026-08-19T06:19:14.858598+00:00,2026-08-19T06:19:59.220948+00:00
20,622,Dodgson,6,DEF,40,0,0,0.0,0.0,0.0,0,1,0,0,0,2026-08-19T06:19:14.858598+00:00,2026-08-19T06:19:59.220948+00:00
20,660,Odobert,6,MID,50,1.0108,1.5914,0.28,0.1584,0.2731,0.002,1,2,73,1,2026-08-19T06:19:14.858598+00:00,2026-08-19T06:19:59.220948+00:00
20,674,Delcroix,6,DEF,40,0.7532,1.5005,0.22,0.1716,0.2183,0.0004,1,1,73,1,2026-08-19T06:19:14.858598+00:00,2026-08-19T06:19:59.220948+00:00
20,675,A.Ramsey,6,MID,50,0,0,0.0,0.0,0.0,0,1,1,31,0,2026-08-19T06:19:14.858598+00:00,2026-08-19T06:19:59.220948+00:00
20,694,Massengo,6,MID,50,0.6728,1.225,0.18,0.1804,0.1818,0.0012,1,0,0,0,2026-08-19T06:19:14.858598+00:00,2026-08-19T06:19:59.220948+00:00
20,706,M.Trésor,6,MID,54,0.932,1.4594,0.28,0.1584,0.2731,0.0012,1,1,16,0,2026-08-19T06:19:14.858598+00:00,2026-08-19T06:19:59.220948+00:00
20,805,Assignon,6,DEF,40,0.4804,1.1,0.1,0.198,0.1088,0.0,1,,,,2026-08-19T06:19:14.858598+00:00,
20,806,Estève,6,DEF,40,0.4828,1.1926,0.1,0.198,0.1088,0.0008,1,,,,2026-08-19T06:19:14.858598+00:00,
20,126,Caicedo,7,MID,46,1.1836,1.3091,0.48,0.1144,0.4556,0.0,1,2,90,1,2026-08-19T06:19:14.858598+00:00,2026-08-19T06:19:59.220948+00:00
20,145,Sanchez,7,GKP,46,0.206,0.8143,0.04,0.0768,0.0433,0.0,1,0,0,0,2026-08-19T06:19:14.858598+00:00,2026-08-19T06:19:59.220948+00:00
20,185,Ampadu,7,DEF,40,0,0,0.0,0.0,0.0,0,1,0,0,0,2026-08-19T06:19:14.858598+00:00,2026-08-19T06:19:59.220948+00:00
20,186,Andrey,7,MID,43,0,0,0.0,0.0,0.0,0,1,0,0,0,2026-08-19T06:19:14.858598+00:00,2026-08-19T06:19:59.220948+00:00
20,187,Arrizabalaga,7,GKP,50,0,0,0.0,0.0,0.0,0,1,0,0,0,2026-08-19T06:19:14.858598+00:00,2026-08-19T06:19:59.220948+00:00
20,188,Aubameyang,7,FWD,65,0,0,0.0,0.0,0.0,0,1,0,0,0,2026-08-19T06:19:14.858598+00:00,2026-08-19T06:19:59.220948+00:00
20,189,Azpilicueta,7,DEF,45,0,0,0.0,0.0,0.0,0,1,0,0,0,2026-08-19T06:19:14.858598+00:00,2026-08-19T06:19:59.220948+00:00
20,190,Baba,7,DEF,40,0,0,0.0,0.0,0.0,0,1,0,0,0,2026-08-19T06:19:14.858598+00:00,2026-08-19T06:19:59.220948+00:00
20,191,B.Badiashile,7,DEF,44,0.894,1.716,0.22,0.1716,0.2183,0.0016,1,0,0,0,2026-08-19T06:19:14.858598+00:00,2026-08-19T06:19:59.220948+00:00
20,192,Bettinelli,7,GKP,40,0.1308,0.614,0.04,0.0384,0.0403,0.0,1,0,0,0,2026-08-19T06:19:14.858598+00:00,2026-08-19T06:19:59.220948+00:00
20,194,Chalobah,7,DEF,43,0.6712,1.3667,0.22,0.1404,0.2158,0.0012,1,0,0,0,2026-08-19T06:19:14.858598+00:00,2026-08-19T06:19:59.220948+00:00
20,195,Chilwell,7,DEF,54,1.0348,1.9622,0.28,0.1584,0.2731,0.0056,1,0,0,0,2026-08-19T06:19:14.858598+00:00,2026-08-19T06:19:59.220948+00:00
20,196,Chukwuemeka,7,MID,42,0.44,0.8724,0.1,0.198,0.1088,0.0,1,0,0,0,2026-08-19T06:19:14.858598+00:00,2026-08-19T06:19:59.220948+00:00
20,197,Colwill,7,DEF,47,2.1552,2.4263,0.68,0.0704,0.638,0.0096,1,1,90,1,2026-08-19T06:19:14.858598+00:00,2026-08-19T06:19:59.220948+00:00
20,198,Cucurella,7,DEF,48,1.2484,1.9309,0.48,0.1144,0.4556,0.0032,1,0,0,0,2026-08-19T06:19:14.858598+00:00,2026-08-19T06:19:59.220948+00:00
20,199,Enzo,7,MID,48,0,0,0.0,0.0,0.0,0,1,1,9,0,2026-08-19T06:19:14.858598+00:00,2026-08-19T06:19:59.220948+00:00
20,201,W.Fofana,7,DEF,44,0,0,0.0,0.0,0.0,0,1,0,0,0,2026-08-19T06:19:14.858598+00:00,2026-08-19T06:19:59.220948+00:00
20,202,Gallagher,7,MID,54,2.0568,1.976,0.68,0.0576,0.637,0.0068,1,2,90,1,2026-08-19T06:19:14.858598+00:00,2026-08-19T06:19:59.220948+00:00
20,203,Gusto,7,DEF,42,0.842,1.6797,0.22,0.1716,0.2183,0.0016,1,0,90,1,2026-08-19T06:19:14.858598+00:00,2026-08-19T06:19:59.220948+00:00
20,206,James,7,DEF,53,0,0,0.0,0.0,0.0,0,1,0,0,0,2026-08-19T06:19:14.858598+00:00,2026-08-19T06:19:59.220948+00:00
20,207,Lukaku,7,FWD,68,0,0,0.0,0.0,0.0,0,1,0,0,0,2026-08-19T06:19:14.858598+00:00,2026-08-19T06:19:59.220948+00:00
20,208,Madueke,7,MID,53,0.6944,1.3488,0.18,0.1804,0.1818,0.002,1,7,80,1,2026-08-19T06:19:14.858598+00:00,2026-08-19T06:19:59.220948+00:00
20,210,Mudryk,7,MID,63,0,0,0.0,0.0,0.0,0,1,0,0,0,2026-08-19T06:19:14.858598+00:00,2026-08-19T06:19:59.220948+00:00
20,211,N.Jackson,7,FWD,69,2.3132,2.9816,0.48,0.1456,0.458,0.0384,1,5,90,1,2026-08-19T06:19:14.858598+00:00,2026-08-19T06:19:59.220948+00:00
20,212,Nkunku,7,FWD,74,2.2136,2.0931,0.72,0.0784,0.6759,0.01,1,1,28,0,2026-08-19T06:19:14.858598+00:00,2026-08-19T06:19:59.220948+00:00
20,213,Pulisic,7,MID,55,0,0,0.0,0.0,0.0,0,1,0,0,0,2026-08-19T06:19:14.858598+00:00,2026-08-19T06:19:59.220948+00:00
20,214,M.Sarr,7,DEF,43,0.4848,1.1555,0.1,0.198,0.1088,0.0012,1,0,0,0,2026-08-19T06:19:14.858598+00:00,2026-08-19T06:19:59.220948+00:00
20,215,Slonina,7,GKP,40,0,0,0.0,0.0,0.0,0,1,0,0,0,2026-08-19T06:19:14.858598+00:00,2026-08-19T06:19:59.220948+00:00
20,216,Sterling,7,MID,71,2.8128,2.8354,0.68,0.0896,0.6396,0.0304,1,0,0,0,2026-08-19T06:19:14.858598+00:00,2026-08-19T06:19:59.220948+00:00
20,217,T.Silva,7,DEF,50,2.0716,2.1632,0.68,0.0576,0.637,0.0024,1,1,90,1,2026-08-19T06:19:14.858598+00:00,2026-08-19T06:19:59.220948+00:00
20,218,Ziyech,7,MID,54,0,0,0.0,0.0,0.0,0,1,0,0,0,2026-08-19T06:19:14.858598+00:00,2026-08-19T06:19:59.220948+00:00
20,362,Palmer,7,MID,56,2.3048,2.9954,0.48,0.1456,0.458,0.0296,1,18,90,1,2026-08-19T06:19:14.858598+00:00,2026-08-19T06:19:59.220948+00:00
20,589,Ângelo,7,MID,50,0,0,0.0,0.0,0.0,0,1,0,0,0,2026-08-19T06:19:14.858598+00:00,2026-08-19T06:19:59.220948+00:00
20,609,Maatsen,7,MID,51,0,0,0.0,0.0,0.0,0,1,0,0,0,2026-08-19T06:19:14.858598+00:00,2026-08-19T06:19:59.220948+00:00
20,611,Disasi,7,DEF,49,2.0844,2.2656,0.68,0.0576,0.637,0.004,1,0,90,1,2026-08-19T06:19:14.858598+00:00,2026-08-19T06:19:59.220948+00:00
20,613,Ugochukwu,7,MID,44,0.8404,1.2091,0.28,0.1584,0.2731,0.0,1,0,0,0,2026-08-19T06:19:14.858598+00:00,2026-08-19T06:19:59.220948+00:00
20,623,Burstow,7,FWD,45,0,0,0.0,0.0,0.0,0,1,0,0,0,2026-08-19T06:19:14.858598+00:00,2026-08-19T06:19:59.220948+00:00
20,659,Bergström,7,GKP,40,0,0,0.0,0.0,0.0,0,1,0,0,0,2026-08-19T06:19:14.858598+00:00,2026-08-19T06:19:59.220948+00:00
20,667,Lavia,7,MID,49,0,0,0.0,0.0,0.0,0,1,0,0,0,2026-08-19T06:19:14.858598+00:00,2026-08-19T06:19:59.220948+00:00
20,671,Humphreys,7,DEF,40,0,0,0.0,0.0,0.0,0,1,0,0,0,2026-08-19T06:19:14.858598+00:00,2026-08-19T06:19:59.220948+00:00
20,677,Deivid,7,FWD,45,0.4576,0.9315,0.1,0.198,0.1088,0.0004,1,0,0,0,2026-08-19T06:19:14.858598+00:00,2026-08-19T06:19:59.220948+00:00
20,680,Beach,7,GKP,40,0,0,0.0,0.0,0.0,0,1,0,0,0,2026-08-19T06:19:14.858598+00:00,2026-08-19T06:19:59.220948+00:00
20,681,Diego Moreira,7,MID,45,0.414,0.8479,0.1,0.198,0.1088,0.0,1,0,0,0,2026-08-19T06:19:14.858598+00:00,2026-08-19T06:19:59.220948+00:00
20,687,Petrović,7,GKP,45,2.7224,2.0759,0.88,0.0048,0.8188,0.0004,1,2,90,1,2026-08-19T06:19:14.858598+00:00,2026-08-19T06:19:59.220948+00:00
20,716,Gilchrist,7,DEF,40,0.4908,1.1576,0.1,0.198,0.1088,0.0012,1,1,1,0,2026-08-19T06:19:14.858598+00:00,2026-08-19T06:19:59.220948+00:00
20,717,Stutter,7,FWD,45,0.4736,0.9445,0.1,0.198,0.1088,0.0,1,0,0,0,2026-08-19T06:19:14.858598+00:00,2026-08-19T06:19:59.220948+00:00
20,718,Matos,7,MID,45,0,0,0.0,0.0,0.0,0,1,0,0,0,2026-08-19T06:19:14.858598+00:00,2026-08-19T06:19:59.220948+00:00
20,723,Brooking,7,DEF,40,0.5024,1.1728,0.1,0.198,0.1088,0.0004,1,0,0,0,2026-08-19T06:19:14.858598+00:00,2026-08-19T06:19:59.220948+00:00
20,758,Castledine,7,MID,45,0.4648,0.9189,0.1,0.198,0.1088,0.0,1,0,0,0,2026-08-19T06:19:14.858598+00:00,2026-08-19T06:19:59.220948+00:00
20,791,Casadei,7,MID,45,0.46,0.944,0.1,0.198,0.1088,0.0004,1,,,,2026-08-19T06:19:14.858598+00:00,
20,819,Samuels-Smith,7,DEF,40,0.4868,1.0884,0.1,0.198,0.1088,0.0,1,,,,2026-08-19T06:19:14.858598+00:00,
20,820,Harrison,7,MID,45,0.4656,0.9552,0.1,0.198,0.1088,0.0004,1,,,,2026-08-19T06:19:14.858598+00:00,
20,830,Tauriainen,7,MID,45,0.4812,1.0375,0.1,0.198,0.1088,0.0004,1,,,,2026-08-19T06:19:14.858598+00:00,
20,838,Acheampong,7,DEF,40,0.4904,1.1049,0.1,0.198,0.1088,0.0,1,,,,2026-08-19T06:19:14.858598+00:00,
20,847,Sharman-Lowe,7,GKP,40,0.1484,0.7251,0.04,0.0384,0.0403,0.0,1,,,,2026-08-19T06:19:14.858598+00:00,
20,851,George,7,FWD,45,0.4496,0.9037,0.1,0.198,0.1088,0.0004,1,,,,2026-08-19T06:19:14.858598+00:00,
20,852,Dyer,7,MID,45,0.4324,0.9127,0.1,0.198,0.1088,0.0,1,,,,2026-08-19T06:19:14.858598+00:00,
20,858,Curd,7,GKP,40,0.1312,0.6435,0.04,0.0384,0.0403,0.0,1,,,,2026-08-19T06:19:14.858598+00:00,
20,859,Sturge,7,DEF,40,0.462,1.0629,0.1,0.198,0.1088,0.0,1,,,,2026-08-19T06:19:14.858598+00:00,
20,7,Holding,8,DEF,43,0.578,1.3025,0.11,0.1958,0.118,0.0008,1,0,0,0,2026-08-19T06:19:14.858598+00:00,2026-08-19T06:19:59.220948+00:00
20,219,Ahamada,8,MID,43,0.4584,0.983,0.1,0.198,0.1088,0.0004,1,0,0,0,2026-08-19T06:19:14.858598+00:00,2026-08-19T06:19:59.220948+00:00
20,220,Andersen,8,DEF,49,2.608,2.7576,0.68,0.0576,0.637,0.0184,1,2,90,1,2026-08-19T06:19:14.858598+00:00,2026-08-19T06:19:59.220948+00:00
20,221,J.Ayew,8,MID,54,2.2408,2.3224,0.68,0.0704,0.638,0.016,1,5,90,1,2026-08-19T06:19:14.858598+00:00,2026-08-19T06:19:59.220948+00:00
20,222,Clyne,8,DEF,44,0.8672,1.6083,0.22,0.1716,0.2183,0.0004,1,2,90,1,2026-08-19T06:19:14.858598+00:00,2026-08-19T06:19:59.220948+00:00
20,223,C.Doucouré,8,MID,49,0,0,0.0,0.0,0.0,0,1,0,0,0,2026-08-19T06:19:14.858598+00:00,2026-08-19T06:19:59.220948+00:00
20,224,Ebiowei,8,MID,44,0,0,0.0,0.0,0.0,0,1,0,0,0,2026-08-19T06:19:14.858598+00:00,2026-08-19T06:19:59.220948+00:00
20,225,Edouard,8,FWD,54,2.0124,2.5724,0.48,0.1144,0.4556,0.0184,1,0,0,0,2026-08-19T06:19:14.858598+00:00,2026-08-19T06:19:59.220948+00:00
20,226,Eze,8,MID,60,2.0744,2.7116,0.48,0.1456,0.458,0.0228,1,9,85,1,2026-08-19T06:19:14.858598+00:00,2026-08-19T06:19:59.220948+00:00
20,227,Guaita,8,GKP,44,0,0,0.0,0.0,0.0,0,1,0,0,0,2026-08-19T06:19:14.858598+00:00,2026-08-19T06:19:59.220948+00:00
20,228,Guéhi,8,DEF,45,0.9296,1.8744,0.22,0.1404,0.2158,0.0036,1,5,90,1,2026-08-19T06:19:14.858598+00:00,2026-08-19T06:19:59.220948+00:00
20,229,Hughes,8,MID,49,0,0,0.0,0.0,0.0,0,1,1,4,0,2026-08-19T06:19:14.858598+00:00,2026-08-19T06:19:59.220948+00:00
20,230,Johnstone,8,GKP,45,0,0,0.0,0.0,0.0,0,1,0,0,0,2026-08-19T06:19:14.858598+00:00,2026-08-19T06:19:59.220948+00:00
20,231,Lerma,8,MID,47,1.6212,2.0385,0.48,0.1144,0.4556,0.0056,1,2,90,1,2026-08-19T06:19:14.858598+00:00,2026-08-19T06:19:59.220948+00:00
20,232,Mateta,8,FWD,49,1.1376,1.9108,0.28,0.1584,0.2731,0.0064,1,2,85,1,2026-08-19T06:19:14.858598+00:00,2026-08-19T06:19:59.220948+00:00
20,233,Matthews,8,GKP,39,0.1712,0.7811,0.04,0.0384,0.0403,0.0,1,0,0,0,2026-08-19T06:19:14.858598+00:00,2026-08-19T06:19:59.220948+00:00
20,234,Mitchell,8,DEF,47,2.2788,2.4294,0.68,0.0576,0.637,0.0092,1,6,90,1,2026-08-19T06:19:14.858598+00:00,2026-08-19T06:19:59.220948+00:00
20,235,O'Brien,8,DEF,40,0,0,0.0,0.0,0.0,0,1,0,0,0,2026-08-19T06:19:14.858598+00:00,2026-08-19T06:19:59.220948+00:00
20,236,Olise,8,MID,58,1.6616,2.6499,0.28,0.2016,0.2765,0.0188,1,15,90,1,2026-08-19T06:19:14.858598+00:00,2026-08-19T06:19:59.220948+00:00
20,237,Plange,8,FWD,45,0,0,0.0,0.0,0.0,0,1,0,0,0,2026-08-19T06:19:14.858598+00:00,2026-08-19T06:19:59.220948+00:00
20,238,C.Richards,8,DEF,39,0.8176,1.574,0.22,0.1716,0.2183,0.0012,1,2,90,1,2026-08-19T06:19:14.858598+00:00,2026-08-19T06:19:59.220948+00:00
20,239,Riedewald,8,MID,44,0.4708,0.9143,0.1,0.198,0.1088,0.0,1,0,0,0,2026-08-19T06:19:14.858598+00:00,2026-08-19T06:19:59.220948+00:00
20,240,Schlupp,8,MID,49,1.694,2.0462,0.48,0.1144,0.4556,0.004,1,1,1,0,2026-08-19T06:19:14.858598+00:00,2026-08-19T06:19:59.220948+00:00
20,241,Tomkins,8,DEF,40,0.5188,1.2775,0.1,0.198,0.1088,0.0012,1,0,0,0,2026-08-19T06:19:14.858598+00:00,2026-08-19T06:19:59.220948+00:00
20,242,Ward,8,DEF,45,0.828,1.6636,0.22,0.1716,0.2183,0.0028,1,0,0,0,2026-08-19T06:19:14.858598+00:00,2026-08-19T06:19:59.220948+00:00
20,243,Whitworth,8,GKP,39,0.1856,0.8358,0.04,0.0384,0.0403,0.0,1,0,0,0,2026-08-19T06:19:14.858598+00:00,2026-08-19T06:19:59.220948+00:00
20,385,Henderson,8,GKP,44,3.472,2.343,0.88,0.0048,0.8188,0.004,1,3,90,1,2026-08-19T06:19:14.858598+00:00,2026-08-19T06:19:59.220948+00:00
20,615,Matheus França,8,MID,49,0,0,0.0,0.0,0.0,0,1,1,4,0,2026-08-19T06:19:14.858598+00:00,2026-08-19T06:19:59.220948+00:00
20,657,Rak-Sakyi,8,MID,45,0.4828,1.0082,0.1,0.198,0.1088,0.0008,1,0,0,0,2026-08-19T06:19:14.858598+00:00,2026-08-19T06:19:59.220948+00:00
20,658,Gordon,8,FWD,45,0,0,0.0,0.0,0.0,0,1,0,0,0,2026-08-19T06:19:14.858598+00:00,2026-08-19T06:19:59.220948+00:00
20,720,Ola-Adebomi,8,FWD,45,0,0,0.0,0.0,0.0,0,1,0,0,0,2026-08-19T06:19:14.858598+00:00,2026-08-19T06:19:59.220948+00:00
20,721,Ozoh,8,MID,45,0.4936,0.9883,0.1,0.198,0.1088,0.0004,1,0,0,0,2026-08-19T06:19:14.858598+00:00,2026-08-19T06:19:59.220948+00:00
20,724,Raymond,8,MID,45,0.4592,0.9732,0.1,0.198,0.1088,0.0,1,0,0,0,2026-08-19T06:19:14.858598+00:00,2026-08-19T06:19:59.220948+00:00
20,763,Adaramola,8,DEF,40,0,0,0.0,0.0,0.0,0,1,0,0,0,2026-08-19T06:19:14.858598+00:00,2026-08-19T06:19:59.220948+00:00
20,792,Muñoz,8,DEF,45,0.5128,1.2583,0.1,0.198,0.1088,0.0008,1,,,,2026-08-19T06:19:14.858598+00:00,
20,807,Wharton,8,MID,50,0.6948,1.3324,0.18,0.1804,0.1818,0.0012,1,,,,2026-08-19T06:19:14.858598+00:00,
20,821,Umeh-Chibueze,8,FWD,45,0.4928,1.0311,0.1,0.198,0.1088,0.0008,1,,,,2026-08-19T06:19:14.858598+00:00,
20,825,Rodney,8,MID,45,0.4828,0.9918,0.1,0.198,0.1088,0.0,1,,,,2026-08-19T06:19:14.858598+00:00,
20,842,Mathurin,8,MID,44,0.5136,1.0781,0.1,0.198,0.1088,0.0,1,,,,2026-08-19T06:19:14.858598+00:00,
20,244,André Gomes,9,MID,44,0.3404,0.7751,0.05,0.209,0.0632,0.0008,1,1,27,0,2026-08-19T06:19:14.858598+00:00,2026-08-19T06:19:59.220948+00:00
20,245,Branthwaite,9,DEF,41,0.7536,1.489,0.22,0.1716,0.2183,0.0004,1,1,90,1,2026-08-19T06:19:14.858598+00:00,2026-08-19T06:19:59.220948+00:00
20,246,Calvert-Lewin,9,FWD,58,2.0176,2.4707,0.48,0.1456,0.458,0.02,1,2,73,1,2026-08-19T06:19:14.858598+00:00,2026-08-19T06:19:59.220948+00:00
20,247,Coleman,9,DEF,44,0.4772,1.1191,0.1,0.198,0.1088,0.0012,1,1,27,0,2026-08-19T06:19:14.858598+00:00,2026-08-19T06:19:59.220948+00:00
20,248,Dele,9,MID,48,0,0,0.0,0.0,0.0,0,1,0,0,0,2026-08-19T06:19:14.858598+00:00,2026-08-19T06:19:59.220948+00:00
20,249,A.Doucoure,9,MID,55,2.8288,2.9224,0.68,0.0896,0.6396,0.0304,1,0,0,0,2026-08-19T06:19:14.858598+00:00,2026-08-19T06:19:59.220948+00:00
20,250,Garner,9,MID,49,2.0464,1.9747,0.68,0.0576,0.637,0.0052,1,2,90,1,2026-08-19T06:19:14.858598+00:00,2026-08-19T06:19:59.220948+00:00
20,251,Gbamin,9,MID,44,0,0,0.0,0.0,0.0,0,1,0,0,0,2026-08-19T06:19:14.858598+00:00,2026-08-19T06:19:59.220948+00:00
20,252,Godfrey,9,DEF,43,0.4764,1.1266,0.1,0.198,0.1088,0.0,1,0,0,0,2026-08-19T06:19:14.858598+00:00,2026-08-19T06:19:59.220948+00:00
20,253,Gray,9,MID,53,0,0,0.0,0.0,0.0,0,1,0,0,0,2026-08-19T06:19:14.858598+00:00,2026-08-19T06:19:59.220948+00:00
20,254,Gana,9,MID,48,1.31,1.6651,0.48,0.1144,0.4556,0.0028,1,0,0,0,2026-08-19T06:19:14.858598+00:00,2026-08-19T06:19:59.220948+00:00
20,257,Keane,9,DEF,43,0.7408,1.4508,0.22,0.1716,0.2183,0.0,1,1,62,1,2026-08-19T06:19:14.858598+00:00,2026-08-19T06:19:59.220948+00:00
20,259,McNeil,9,MID,54,1.7544,2.1219,0.48,0.1144,0.4556,0.006,1,1,73,1,2026-08-19T06:19:14.858598+00:00,2026-08-19T06:19:59.220948+00:00
20,260,Mykolenko,9,DEF,46,0,0,0.0,0.0,0.0,0,1,1,90,1,2026-08-19T06:19:14.858598+00:00,2026-08-19T06:19:59.220948+00:00
20,261,Onana,9,MID,47,1.5252,1.8397,0.48,0.1144,0.4556,0.0028,1,2,90,1,2026-08-19T06:19:14.858598+00:00,2026-08-19T06:19:59.220948+00:00
20,262,Patterson,9,DEF,44,0,0,0.0,0.0,0.0,0,1,0,62,1,2026-08-19T06:19:14.858598+00:00,2026-08-19T06:19:59.220948+00:00
20,263,Pickford,9,GKP,44,2.8296,2.1175,0.9,0.004,0.8373,0.002,1,2,90,1,2026-08-19T06:19:14.858598+00:00,2026-08-19T06:19:59.220948+00:00
20,264,Simms,9,FWD,45,0,0,0.0,0.0,0.0,0,1,0,0,0,2026-08-19T06:19:14.858598+00:00,2026-08-19T06:19:59.220948+00:00
20,265,Tarkowski,9,DEF,45,0.8508,1.7109,0.22,0.1404,0.2158,0.0024,1,0,90,1,2026-08-19T06:19:14.858598+00:00,2026-08-19T06:19:59.220948+00:00
20,266,J.Virginia,9,GKP,39,0.1588,0.729,0.04,0.0384,0.0403,0.0,1,0,0,0,2026-08-19T06:19:14.858598+00:00,2026-08-19T06:19:59.220948+00:00
20,579,Lonergan,9,GKP,39,0.1532,0.6502,0.04,0.0384,0.0403,0.0,1,0,0,0,2026-08-19T06:19:14.858598+00:00,2026-08-19T06:19:59.220948+00:00
20,588,Young,9,DEF,44,0.714,1.4736,0.22,0.1716,0.2183,0.002,1,0,0,0,2026-08-19T06:19:14.858598+00:00,2026-08-19T06:19:59.220948+00:00
20,601,Danjuma,9,MID,52,1.0568,1.7999,0.28,0.1584,0.2731,0.004,1,1,16,0,2026-08-19T06:19:14.858598+00:00,2026-08-19T06:19:59.220948+00:00
20,624,Dobbin,9,MID,45,0.4496,0.8812,0.1,0.198,0.1088,0.0,1,0,0,0,2026-08-19T06:19:14.858598+00:00,2026-08-19T06:19:59.220948+00:00
20,645,Y. Chermiti,9,FWD,48,0.6236,1.1161,0.18,0.1804,0.1818,0.0008,1,0,0,0,2026-08-19T06:19:14.858598+00:00,2026-08-19T06:19:59.220948+00:00
20,649,Cannon,9,FWD,45,0,0,0.0,0.0,0.0,0,1,0,0,0,2026-08-19T06:19:14.858598+00:00,2026-08-19T06:19:59.220948+00:00
20,650,Onyango,9,MID,45,0.4756,0.9218,0.1,0.198,0.1088,0.0,1,0,0,0,2026-08-19T06:19:14.858598+00:00,2026-08-19T06:19:59.220948+00:00
20,661,Harrison,9,MID,55,0,0,0.0,0.0,0.0,0,1,2,90,1,2026-08-19T06:19:14.858598+00:00,2026-08-19T06:19:59.220948+00:00
20,691,Beto,9,FWD,57,0.9912,1.5814,0.28,0.2016,0.2765,0.0044,1,1,16,0,2026-08-19T06:19:14.858598+00:00,2026-08-19T06:19:59.220948+00:00
20,719,Hunt,9,MID,45,0.4324,0.8723,0.1,0.198,0.1088,0.0,1,0,0,0,2026-08-19T06:19:14.858598+00:00,2026-08-19T06:19:59.220948+00:00
20,760,Metcalfe,9,MID,45,0.4828,1.0216,0.1,0.198,0.1088,0.0008,1,0,0,0,2026-08-19T06:19:14.858598+00:00,2026-08-19T06:19:59.220948+00:00
20,761,Campbell,9,DEF,40,0,0,0.0,0.0,0.0,0,1,0,0,0,2026-08-19T06:19:14.858598+00:00,2026-08-19T06:19:59.220948+00:00
20,841,Warrington,9,MID,45,0.4548,0.8701,0.1,0.198,0.1088,0.0,1,,,,2026-08-19T06:19:14.858598+00:00,
20,863,Crellin,9,GKP,40,0.1684,0.7312,0.04,0.0384,0.0403,0.0,1,,,,2026-08-19T06:19:14.858598+00:00,
20,193,Broja,10,FWD,49,0.9732,1.6351,0.28,0.1584,0.2731,0.0044,1,2,61,1,2026-08-19T06:19:14.858598+00:00,2026-08-19T06:19:59.220948+00:00
20,256,Iwobi,10,MID,53,2.0668,2.6693,0.48,0.1144,0.4556,0.0196,1,2,71,1,2026-08-19T06:19:14.858598+00:00,2026-08-19T06:19:59.220948+00:00
20,267,Andreas,10,MID,53,2.262,2.0886,0.68,0.0704,0.638,0.0092,1,1,18,0,2026-08-19T06:19:14.858598+00:00,2026-08-19T06:19:59.220948+00:00
20,268,Cairney,10,MID,49,1.574,1.8737,0.48,0.1144,0.4556,0.0032,1,6,90,1,2026-08-19T06:19:14.858598+00:00,2026-08-19T06:19:59.220948+00:00
20,269,I.Cavaleiro,10,MID,50,0,0,0.0,0.0,0.0,0,1,0,0,0,2026-08-19T06:19:14.858598+00:00,2026-08-19T06:19:59.220948+00:00
20,270,De Cordova-Reid,10,MID,54,1.8568,2.4629,0.48,0.1144,0.4556,0.0156,1,10,79,1,2026-08-19T06:19:14.858598+00:00,2026-08-19T06:19:59.220948+00:00
20,271,Diop,10,DEF,44,0.9068,1.7247,0.22,0.1716,0.2183,0.0028,1,1,10,0,2026-08-19T06:19:14.858598+00:00,2026-08-19T06:19:59.220948+00:00
20,272,Francois,10,MID,44,0,0,0.0,0.0,0.0,0,1,0,0,0,2026-08-19T06:19:14.858598+00:00,2026-08-19T06:19:59.220948+00:00
20,273,Knockaert,10,MID,44,0,0,0.0,0.0,0.0,0,1,0,0,0,2026-08-19T06:19:14.858598+00:00,2026-08-19T06:19:59.220948+00:00
20,274,Kongolo,10,DEF,40,0,0,0.0,0.0,0.0,0,1,0,0,0,2026-08-19T06:19:14.858598+00:00,2026-08-19T06:19:59.220948+00:00
20,275,Leno,10,GKP,48,3.9196,2.4379,0.9,0.008,0.8376,0.006,1,1,90,1,2026-08-19T06:19:14.858598+00:00,2026-08-19T06:19:59.220948+00:00
20,276,Lukić,10,MID,43,0,0,0.0,0.0,0.0,0,1,0,0,0,2026-08-19T06:19:14.858598+00:00,2026-08-19T06:19:59.220948+00:00
20,277,Mbabu,10,DEF,40,0,0,0.0,0.0,0.0,0,1,0,0,0,2026-08-19T06:19:14.858598+00:00,2026-08-19T06:19:59.220948+00:00
20,278,Mitrović,10,FWD,74,0,0,0.0,0.0,0.0,0,1,0,0,0,2026-08-19T06:19:14.858598+00:00,2026-08-19T06:19:59.220948+00:00
20,279,Muniz,10,FWD,44,0.892,1.3797,0.28,0.1584,0.2731,0.0016,1,0,0,0,2026-08-19T06:19:14.858598+00:00,2026-08-19T06:19:59.220948+00:00
20,280,J.Palhinha,10,MID,50,1.49,1.8664,0.48,0.1144,0.4556,0.0032,1,2,90,1,2026-08-19T06:19:14.858598+00:00,2026-08-19T06:19:59.220948+00:00
20,281,Ream,10,DEF,45,1.0088,1.9464,0.22,0.1716,0.2183,0.0056,1,0,0,0,2026-08-19T06:19:14.858598+00:00,2026-08-19T06:19:59.220948+00:00
20,282,Reed,10,MID,45,1.3016,1.5072,0.48,0.1144,0.4556,0.0016,1,1,1,0,2026-08-19T06:19:14.858598+00:00,2026-08-19T06:19:59.220948+00:00
20,283,Robinson,10,DEF,44,0.8252,1.7244,0.22,0.1404,0.2158,0.0012,1,2,90,1,2026-08-19T06:19:14.858598+00:00,2026-08-19T06:19:59.220948+00:00
20,284,Rodák,10,GKP,39,0.156,0.6939,0.04,0.0384,0.0403,0.0,1,0,0,0,2026-08-19T06:19:14.858598+00:00,2026-08-19T06:19:59.220948+00:00
20,285,Tete,10,DEF,44,0.8352,1.711,0.22,0.1716,0.2183,0.004,1,0,0,0,2026-08-19T06:19:14.858598+00:00,2026-08-19T06:19:59.220948+00:00
20,286,Tosin,10,DEF,43,0.904,1.6928,0.22,0.1716,0.2183,0.0008,1,2,90,1,2026-08-19T06:19:14.858598+00:00,2026-08-19T06:19:59.220948+00:00
20,287,Vinícius,10,FWD,46,0,0,0.0,0.0,0.0,0,1,0,0,0,2026-08-19T06:19:14.858598+00:00,2026-08-19T06:19:59.220948+00:00
20,288,Wilson,10,MID,53,1.6136,2.1044,0.48,0.1144,0.4556,0.0092,1,1,10,0,2026-08-19T06:19:14.858598+00:00,2026-08-19T06:19:59.220948+00:00
20,558,Raúl,10,FWD,52,1.8976,2.2943,0.48,0.1144,0.4556,0.0112,1,7,90,1,2026-08-19T06:19:14.858598+00:00,2026-08-19T06:19:59.220948+00:00
20,591,Willian,10,MID,53,2.2032,2.8495,0.48,0.1144,0.4556,0.0236,1,2,79,1,2026-08-19T06:19:14.858598+00:00,2026-08-19T06:19:59.220948+00:00
20,610,Bassey,10,DEF,44,0.8168,1.5526,0.22,0.1716,0.2183,0.0004,1,1,90,1,2026-08-19T06:19:14.858598+00:00,2026-08-19T06:19:59.220948+00:00
20,625,De Fougerolles,10,DEF,40,0.5436,1.2937,0.1,0.198,0.1088,0.0004,1,0,0,0,2026-08-19T06:19:14.858598+00:00,2026-08-19T06:19:59.220948+00:00
20,651,Stansfield,10,FWD,45,0,0,0.0,0.0,0.0,0,1,0,0,0,2026-08-19T06:19:14.858598+00:00,2026-08-19T06:19:59.220948+00:00
20,652,Dibley-Dias,10,MID,45,0.4644,0.9994,0.1,0.198,0.1088,0.0008,1,0,0,0,2026-08-19T06:19:14.858598+00:00,2026-08-19T06:19:59.220948+00:00
20,662,Adama,10,MID,49,0.706,1.2941,0.18,0.1804,0.1818,0.0004,1,0,0,0,2026-08-19T06:19:14.858598+00:00,2026-08-19T06:19:59.220948+00:00
20,683,Harris,10,MID,45,0,0,0.0,0.0,0.0,0,1,0,0,0,2026-08-19T06:19:14.858598+00:00,2026-08-19T06:19:59.220948+00:00
20,688,Castagne,10,DEF,45,0.9732,1.8492,0.22,0.1716,0.2183,0.004,1,2,90,1,2026-08-19T06:19:14.858598+00:00,2026-08-19T06:19:59.220948+00:00
20,692,Benda,10,GKP,40,0.1692,0.7849,0.04,0.0384,0.0403,0.0004,1,0,0,0,2026-08-19T06:19:14.858598+00:00,2026-08-19T06:19:59.220948+00:00
20,707,Ballo-Touré,10,DEF,45,0.5652,1.336,0.1,0.198,0.1088,0.0012,1,0,0,0,2026-08-19T06:19:14.858598+00:00,2026-08-19T06:19:59.220948+00:00
20,732,Tanton,10,DEF,40,0.4988,1.2209,0.1,0.198,0.1088,0.0016,1,0,0,0,2026-08-19T06:19:14.858598+00:00,2026-08-19T06:19:59.220948+00:00
20,796,Sekularac,10,MID,44,0.502,1.0707,0.1,0.198,0.1088,0.0,1,,,,2026-08-19T06:19:14.858598+00:00,
20,810,King,10,MID,45,0.4656,0.9459,0.1,0.198,0.1088,0.0,1,,,,2026-08-19T06:19:14.858598+00:00,
20,289,Adrián,11,GKP,39,0.148,0.7266,0.04,0.0384,0.0403,0.0,1,0,0,0,2026-08-19T06:19:14.858598+00:00,2026-08-19T06:19:59.220948+00:00
20,290,Alexander-Arnold,11,DEF,84,3.4624,3.3931,0.68,0.0896,0.6396,0.052,1,0,90,1,2026-08-19T06:19:14.858598+00:00,2026-08-19T06:19:59.220948+00:00
20,291,A.Becker,11,GKP,56,3.63,2.3885,0.9,0.008,0.8376,0.0044,1,1,90,1,2026-08-19T06:19:14.858598+00:00,2026-08-19T06:19:59.220948+00:00
20,292,Bajcetic,11,MID,47,0.8372,1.339,0.28,0.1584,0.2731,0.0004,1,0,0,0,2026-08-19T06:19:14.858598+00:00,2026-08-19T06:19:59.220948+00:00
20,293,Darwin,11,FWD,75,2.4472,3.0385,0.48,0.1456,0.458,0.0408,1,5,63,1,2026-08-19T06:19:14.858598+00:00,2026-08-19T06:19:59.220948+00:00
20,294,Diogo J.,11,MID,77,2.3252,2.9796,0.48,0.1456,0.458,0.0304,1,7,26,0,2026-08-19T06:19:14.858598+00:00,2026-08-19T06:19:59.220948+00:00
20,295,Elliott,11,MID,48,0.9816,1.6147,0.28,0.1584,0.2731,0.0032,1,0,0,0,2026-08-19T06:19:14.858598+00:00,2026-08-19T06:19:59.220948+00:00
20,296,Fabinho,11,MID,50,0,0,0.0,0.0,0.0,0,1,0,0,0,2026-08-19T06:19:14.858598+00:00,2026-08-19T06:19:59.220948+00:00
20,297,Gakpo,11,FWD,72,2.0472,2.4469,0.48,0.1456,0.458,0.0188,1,5,26,0,2026-08-19T06:19:14.858598+00:00,2026-08-19T06:19:59.220948+00:00
20,298,Gomez,11,DEF,45,0.9112,1.7798,0.22,0.1716,0.2183,0.0024,1,1,90,1,2026-08-19T06:19:14.858598+00:00,2026-08-19T06:19:59.220948+00:00
20,299,Henderson,11,MID,50,0,0,0.0,0.0,0.0,0,1,0,0,0,2026-08-19T06:19:14.858598+00:00,2026-08-19T06:19:59.220948+00:00
20,300,Jones,11,MID,49,0.9336,1.4758,0.28,0.1584,0.2731,0.0028,1,9,90,1,2026-08-19T06:19:14.858598+00:00,2026-08-19T06:19:59.220948+00:00
20,301,Kelleher,11,GKP,38,0.1532,0.7056,0.04,0.0384,0.0403,0.0,1,0,0,0,2026-08-19T06:19:14.858598+00:00,2026-08-19T06:19:59.220948+00:00
20,302,Konaté,11,DEF,49,1.5844,2.1356,0.48,0.1144,0.4556,0.0056,1,1,90,1,2026-08-19T06:19:14.858598+00:00,2026-08-19T06:19:59.220948+00:00
20,303,Luis Díaz,11,MID,73,2.2032,2.8327,0.48,0.1456,0.458,0.0264,1,1,63,1,2026-08-19T06:19:14.858598+00:00,2026-08-19T06:19:59.220948+00:00
20,304,Mac Allister,11,MID,58,1.5244,1.805,0.48,0.1456,0.458,0.002,1,1,15,0,2026-08-19T06:19:14.858598+00:00,2026-08-19T06:19:59.220948+00:00
20,305,Matip,11,DEF,49,0,0,0.0,0.0,0.0,0,1,0,0,0,2026-08-19T06:19:14.858598+00:00,2026-08-19T06:19:59.220948+00:00
20,306,Phillips,11,DEF,40,0,0,0.0,0.0,0.0,0,1,0,0,0,2026-08-19T06:19:14.858598+00:00,2026-08-19T06:19:59.220948+00:00
20,307,Robertson,11,DEF,64,2.028,2.6146,0.48,0.1456,0.458,0.0132,1,0,0,0,2026-08-19T06:19:14.858598+00:00,2026-08-19T06:19:59.220948+00:00
20,308,Salah,11,MID,133,4.942,4.8346,0.68,0.0576,0.637,0.1688,1,16,90,1,2026-08-19T06:19:14.858598+00:00,2026-08-19T06:19:59.220948+00:00
20,309,Szoboszlai,11,MID,71,2.736,2.5517,0.68,0.0576,0.637,0.0188,1,2,63,1,2026-08-19T06:19:14.858598+00:00,2026-08-19T06:19:59.220948+00:00
20,310,Thiago,11,MID,48,0.8208,1.2705,0.24,0.1672,0.2366,0.0004,1,0,0,0,2026-08-19T06:19:14.858598+00:00,2026-08-19T06:19:59.220948+00:00
20,311,Tsimikas,11,DEF,47,2.1296,2.5759,0.48,0.1144,0.4556,0.0092,1,0,0,0,2026-08-19T06:19:14.858598+00:00,2026-08-19T06:19:59.220948+00:00
20,312,Van den Berg,11,DEF,40,0,0,0.0,0.0,0.0,0,1,0,0,0,2026-08-19T06:19:14.858598+00:00,2026-08-19T06:19:59.220948+00:00
20,313,Virgil,11,DEF,62,2.9484,2.9582,0.68,0.0896,0.6396,0.0276,1,1,90,1,2026-08-19T06:19:14.858598+00:00,2026-08-19T06:19:59.220948+00:00
20,626,Quansah,11,DEF,40,0.8216,1.5462,0.22,0.1716,0.2183,0.0,1,0,0,0,2026-08-19T06:19:14.858598+00:00,2026-08-19T06:19:59.220948+00:00
20,627,Clark,11,MID,44,0.4696,0.9418,0.1,0.198,0.1088,0.0,1,0,0,0,2026-08-19T06:19:14.858598+00:00,2026-08-19T06:19:59.220948+00:00
20,628,Doak,11,MID,44,0,0,0.0,0.0,0.0,0,1,0,0,0,2026-08-19T06:19:14.858598+00:00,2026-08-19T06:19:59.220948+00:00
20,629,McConnell,11,MID,44,0.4732,1.0104,0.1,0.198,0.1088,0.0008,1,0,0,0,2026-08-19T06:19:14.858598+00:00,2026-08-19T06:19:59.220948+00:00
20,668,Endo,11,MID,54,0.9152,1.4716,0.28,0.1584,0.2731,0.0012,1,1,74,1,2026-08-19T06:19:14.858598+00:00,2026-08-19T06:19:59.220948+00:00
20,708,Gravenberch,11,MID,50,1.084,1.743,0.28,0.1584,0.2731,0.0028,1,1,26,0,2026-08-19T06:19:14.858598+00:00,2026-08-19T06:19:59.220948+00:00
20,726,Chambers,11,DEF,40,0,0,0.0,0.0,0.0,0,1,0,0,0,2026-08-19T06:19:14.858598+00:00,2026-08-19T06:19:59.220948+00:00
20,728,Scanlon,11,DEF,40,0.5028,1.2287,0.1,0.198,0.1088,0.0012,1,0,0,0,2026-08-19T06:19:14.858598+00:00,2026-08-19T06:19:59.220948+00:00
20,743,Nyoni,11,MID,45,0.5012,1.0331,0.1,0.198,0.1088,0.0,1,0,0,0,2026-08-19T06:19:14.858598+00:00,2026-08-19T06:19:59.220948+00:00
20,756,Pitaluga,11,GKP,40,0,0,0.0,0.0,0.0,0,1,0,0,0,2026-08-19T06:19:14.858598+00:00,2026-08-19T06:19:59.220948+00:00
20,757,Bradley,11,DEF,40,0.522,1.2311,0.1,0.198,0.1088,0.0004,1,0,0,0,2026-08-19T06:19:14.858598+00:00,2026-08-19T06:19:59.220948+00:00
20,782,Beck,11,DEF,45,0,0,0.0,0.0,0.0,0,1,,,,2026-08-19T06:19:14.858598+00:00,
20,783,Gordon,11,MID,45,0.494,0.9838,0.1,0.198,0.1088,0.0004,1,,,,2026-08-19T06:19:14.858598+00:00,
20,812,Koumas,11,FWD,45,0.4276,0.9083,0.1,0.198,0.1088,0.0004,1,,,,2026-08-19T06:19:14.858598+00:00,
20,813,Mrozek,11,GKP,40,0.1512,0.7898,0.04,0.0384,0.0403,0.0,1,,,,2026-08-19T06:19:14.858598+00:00,
20,824,Danns,11,FWD,43,0.4496,0.9324,0.1,0.198,0.1088,0.0008,1,,,,2026-08-19T06:19:14.858598+00:00,
20,837,Nallo,11,DEF,40,0.5096,1.2574,0.1,0.198,0.1088,0.0004,1,,,,2026-08-19T06:19:14.858598+00:00,
20,21,Sambi,12,MID,49,0.8732,1.3313,0.28,0.1584,0.2731,0.0012,1,2,90,1,2026-08-19T06:19:14.858598+00:00,2026-08-19T06:19:59.220948+00:00
20,52,Nakamba,12,MID,44,0,0,0.0,0.0,0.0,0,1,0,0,0,2026-08-19T06:19:14.858598+00:00,2026-08-19T06:19:59.220948+00:00
20,314,Adebayo,12,FWD,48,1.6348,2.0484,0.48,0.1144,0.4556,0.0084,1,6,90,1,2026-08-19T06:19:14.858598+00:00,2026-08-19T06:19:59.220948+00:00
20,315,Andersen,12,DEF,39,0.5488,1.2346,0.11,0.1958,0.118,0.0004,1,0,0,0,2026-08-19T06:19:14.858598+00:00,2026-08-19T06:19:59.220948+00:00
20,316,Bell,12,DEF,39,0,0,0.0,0.0,0.0,0,1,1,90,1,2026-08-19T06:19:14.858598+00:00,2026-08-19T06:19:59.220948+00:00
20,317,Berry,12,MID,47,0.6748,1.2662,0.18,0.1804,0.1818,0.002,1,0,0,0,2026-08-19T06:19:14.858598+00:00,2026-08-19T06:19:59.220948+00:00
20,318,Burke,12,DEF,40,0,0,0.0,0.0,0.0,0,1,0,0,0,2026-08-19T06:19:14.858598+00:00,2026-08-19T06:19:59.220948+00:00
20,319,Campbell,12,MID,49,0,0,0.0,0.0,0.0,0,1,0,0,0,2026-08-19T06:19:14.858598+00:00,2026-08-19T06:19:59.220948+00:00
20,320,Clark,12,MID,48,0.7252,1.3324,0.18,0.1804,0.1818,0.002,1,0,0,0,2026-08-19T06:19:14.858598+00:00,2026-08-19T06:19:59.220948+00:00
20,321,Doughty,12,DEF,44,1.0608,2.0493,0.22,0.1716,0.2183,0.0056,1,9,90,1,2026-08-19T06:19:14.858598+00:00,2026-08-19T06:19:59.220948+00:00
20,322,Freeman,12,MID,49,0,0,0.0,0.0,0.0,0,1,0,0,0,2026-08-19T06:19:14.858598+00:00,2026-08-19T06:19:59.220948+00:00
20,323,Macey,12,GKP,40,0,0,0.0,0.0,0.0,0,1,0,0,0,2026-08-19T06:19:14.858598+00:00,2026-08-19T06:19:59.220948+00:00
20,324,McAtee,12,FWD,45,0,0,0.0,0.0,0.0,0,1,0,0,0,2026-08-19T06:19:14.858598+00:00,2026-08-19T06:19:59.220948+00:00
20,325,Mendes,12,MID,45,0,0,0.0,0.0,0.0,0,1,0,0,0,2026-08-19T06:19:14.858598+00:00,2026-08-19T06:19:59.220948+00:00
20,326,Morris,12,FWD,51,1.9568,2.3815,0.48,0.1144,0.4556,0.0152,1,1,28,0,2026-08-19T06:19:14.858598+00:00,2026-08-19T06:19:59.220948+00:00
20,327,Muskwe,12,FWD,45,0,0,0.0,0.0,0.0,0,1,0,0,0,2026-08-19T06:19:14.858598+00:00,2026-08-19T06:19:59.220948+00:00
20,328,Ogbene,12,FWD,49,1.598,1.8453,0.48,0.1144,0.4556,0.0032,1,1,45,1,2026-08-19T06:19:14.858598+00:00,2026-08-19T06:19:59.220948+00:00
20,329,Onyedinma,12,MID,50,0.7264,1.3222,0.18,0.1804,0.1818,0.0004,1,0,0,0,2026-08-19T06:19:14.858598+00:00,2026-08-19T06:19:59.220948+00:00
20,330,Osho,12,DEF,44,0.8432,1.6605,0.22,0.1716,0.2183,0.0032,1,1,90,1,2026-08-19T06:19:14.858598+00:00,2026-08-19T06:19:59.220948+00:00
20,331,Pepple,12,FWD,45,0,0,0.0,0.0,0.0,0,1,0,0,0,2026-08-19T06:19:14.858598+00:00,2026-08-19T06:19:59.220948+00:00
20,332,Pereira,12,MID,44,0,0,0.0,0.0,0.0,0,1,0,0,0,2026-08-19T06:19:14.858598+00:00,2026-08-19T06:19:59.220948+00:00
20,333,Potts,12,DEF,39,0.3888,1.0173,0.05,0.209,0.0632,0.0004,1,0,0,0,2026-08-19T06:19:14.858598+00:00,2026-08-19T06:19:59.220948+00:00
20,334,Rea,12,MID,44,0,0,0.0,0.0,0.0,0,1,0,0,0,2026-08-19T06:19:14.858598+00:00,2026-08-19T06:19:59.220948+00:00
20,335,Shea,12,GKP,43,0.17,0.8201,0.04,0.0384,0.0403,0.0,1,0,0,0,2026-08-19T06:19:14.858598+00:00,2026-08-19T06:19:59.220948+00:00
20,336,Taylor,12,FWD,45,0,0,0.0,0.0,0.0,0,1,0,0,0,2026-08-19T06:19:14.858598+00:00,2026-08-19T06:19:59.220948+00:00
20,337,Thorpe,12,MID,45,0,0,0.0,0.0,0.0,0,1,0,0,0,2026-08-19T06:19:14.858598+00:00,2026-08-19T06:19:59.220948+00:00
20,338,Walton,12,GKP,40,0,0,0.0,0.0,0.0,0,1,0,0,0,2026-08-19T06:19:14.858598+00:00,2026-08-19T06:19:59.220948+00:00
20,339,Watson,12,MID,44,0,0,0.0,0.0,0.0,0,1,0,0,0,2026-08-19T06:19:14.858598+00:00,2026-08-19T06:19:59.220948+00:00
20,340,Woodrow,12,FWD,44,0.4984,1.0867,0.1,0.198,0.1088,0.0012,1,1,1,0,2026-08-19T06:19:14.858598+00:00,2026-08-19T06:19:59.220948+00:00
20,393,Mengi,12,DEF,40,0.8764,1.6754,0.22,0.1716,0.2183,0.0012,1,0,90,1,2026-08-19T06:19:14.858598+00:00,2026-08-19T06:19:59.220948+00:00
20,553,Giles,12,DEF,43,0,0,0.0,0.0,0.0,0,1,0,0,0,2026-08-19T06:19:14.858598+00:00,2026-08-19T06:19:59.220948+00:00
20,575,Lockyer,12,DEF,43,0,0,0.0,0.0,0.0,0,1,0,0,0,2026-08-19T06:19:14.858598+00:00,2026-08-19T06:19:59.220948+00:00
20,582,Mpanzu,12,MID,47,1.5184,1.7834,0.48,0.1144,0.4556,0.0028,1,0,0,0,2026-08-19T06:19:14.858598+00:00,2026-08-19T06:19:59.220948+00:00
20,586,Chong,12,MID,48,0.8716,1.4593,0.28,0.1584,0.2731,0.0016,1,1,45,1,2026-08-19T06:19:14.858598+00:00,2026-08-19T06:19:59.220948+00:00
20,602,Kaboré,12,DEF,40,0,0,0.0,0.0,0.0,0,1,0,45,1,2026-08-19T06:19:14.858598+00:00,2026-08-19T06:19:59.220948+00:00
20,614,Kaminski,12,GKP,45,3.3748,2.2727,0.9,0.004,0.8373,0.0016,1,2,90,1,2026-08-19T06:19:14.858598+00:00,2026-08-19T06:19:59.220948+00:00
20,630,Barkley,12,MID,49,0,0,0.0,0.0,0.0,0,1,8,90,1,2026-08-19T06:19:14.858598+00:00,2026-08-19T06:19:59.220948+00:00
20,631,Brown,12,FWD,49,0,0,0.0,0.0,0.0,0,1,0,45,1,2026-08-19T06:19:14.858598+00:00,2026-08-19T06:19:59.220948+00:00
20,648,Francis-Clarke,12,DEF,40,0,0,0.0,0.0,0.0,0,1,0,0,0,2026-08-19T06:19:14.858598+00:00,2026-08-19T06:19:59.220948+00:00
20,665,Krul,12,GKP,44,0.1948,0.925,0.04,0.0384,0.0403,0.0,1,0,0,0,2026-08-19T06:19:14.858598+00:00,2026-08-19T06:19:59.220948+00:00
20,682,Johnson,12,DEF,40,0.544,1.2461,0.1,0.198,0.1088,0.0004,1,0,0,0,2026-08-19T06:19:14.858598+00:00,2026-08-19T06:19:59.220948+00:00
20,727,Townsend,12,MID,50,1.2452,1.9818,0.28,0.1584,0.2731,0.0064,1,2,61,1,2026-08-19T06:19:14.858598+00:00,2026-08-19T06:19:59.220948+00:00
20,729,Luker,12,MID,45,0,0,0.0,0.0,0.0,0,1,0,0,0,2026-08-19T06:19:14.858598+00:00,2026-08-19T06:19:59.220948+00:00
20,734,Nelson,12,MID,45,0.4868,0.9915,0.1,0.198,0.1088,0.0,1,0,0,0,2026-08-19T06:19:14.858598+00:00,2026-08-19T06:19:59.220948+00:00
20,798,Hashioka,12,DEF,40,0.512,1.2231,0.1,0.198,0.1088,0.0,1,,,,2026-08-19T06:19:14.858598+00:00,
20,831,Piesold,12,MID,45,0.4948,1.0331,0.1,0.198,0.1088,0.0008,1,,,,2026-08-19T06:19:14.858598+00:00,
20,839,Martins,12,MID,45,0.4716,0.9728,0.1,0.198,0.1088,0.0,1,,,,2026-08-19T06:19:14.858598+00:00,
20,844,Chigozie,12,DEF,40,0.522,1.224,0.1,0.198,0.1088,0.0008,1,,,,2026-08-19T06:19:14.858598+00:00,
20,848,Harris,12,FWD,45,0.4556,0.9093,0.1,0.198,0.1088,0.0,1,,,,2026-08-19T06:19:14.858598+00:00,
20,341,Akanji,13,DEF,49,1.6984,2.2777,0.48,0.1144,0.4556,0.006,1,6,90,1,2026-08-19T06:19:14.858598+00:00,2026-08-19T06:19:59.220948+00:00
20,342,Aké,13,DEF,50,2.0224,2.6409,0.48,0.1144,0.4556,0.012,1,6,90,1,2026-08-19T06:19:14.858598+00:00,2026-08-19T06:19:59.220948+00:00
20,343,J.Alvarez,13,FWD,69,3.436,3.1308,0.68,0.0896,0.6396,0.0512,1,7,90,1,2026-08-19T06:19:14.858598+00:00,2026-08-19T06:19:59.220948+00:00
20,344,Bernardo,13,MID,65,2.296,2.7433,0.48,0.1456,0.458,0.0208,1,3,90,1,2026-08-19T06:19:14.858598+00:00,2026-08-19T06:19:59.220948+00:00
20,345,Bobb,13,MID,44,0.4996,1.0553,0.1,0.198,0.1088,0.0,1,1,38,0,2026-08-19T06:19:14.858598+00:00,2026-08-19T06:19:59.220948+00:00
20,346,Cancelo,13,DEF,58,0,0,0.0,0.0,0.0,0,1,0,0,0,2026-08-19T06:19:14.858598+00:00,2026-08-19T06:19:59.220948+00:00
20,347,Carson,13,GKP,39,0.1604,0.7566,0.04,0.0384,0.0403,0.0,1,0,0,0,2026-08-19T06:19:14.858598+00:00,2026-08-19T06:19:59.220948+00:00
20,348,Charles,13,MID,45,0,0,0.0,0.0,0.0,0,1,0,0,0,2026-08-19T06:19:14.858598+00:00,2026-08-19T06:19:59.220948+00:00
20,349,De Bruyne,13,MID,102,3.5192,3.4138,0.72,0.0784,0.6759,0.0684,1,0,0,0,2026-08-19T06:19:14.858598+00:00,2026-08-19T06:19:59.220948+00:00
20,350,Rúben,13,DEF,55,1.8224,2.3178,0.48,0.1456,0.458,0.008,1,1,22,0,2026-08-19T06:19:14.858598+00:00,2026-08-19T06:19:59.220948+00:00
20,352,Ederson M.,13,GKP,55,0,0,0.0,0.0,0.0,0,1,6,90,1,2026-08-19T06:19:14.858598+00:00,2026-08-19T06:19:59.220948+00:00
20,353,Foden,13,MID,77,3.406,3.2908,0.68,0.0896,0.6396,0.0536,1,12,90,1,2026-08-19T06:19:14.858598+00:00,2026-08-19T06:19:59.220948+00:00
20,354,Grealish,13,MID,72,1.4896,2.4817,0.28,0.2016,0.2765,0.0168,1,1,51,1,2026-08-19T06:19:14.858598+00:00,2026-08-19T06:19:59.220948+00:00
20,355,Haaland,13,FWD,139,3.7952,4.4732,0.48,0.1456,0.458,0.1284,1,0,0,0,2026-08-19T06:19:14.858598+00:00,2026-08-19T06:19:59.220948+00:00
20,356,Kovačić,13,MID,47,0.8816,1.3892,0.28,0.1584,0.2731,0.0004,1,2,67,1,2026-08-19T06:19:14.858598+00:00,2026-08-19T06:19:59.220948+00:00
20,357,Laporte,13,DEF,49,0,0,0.0,0.0,0.0,0,1,0,0,0,2026-08-19T06:19:14.858598+00:00,2026-08-19T06:19:59.220948+00:00
20,358,R.Lewis,13,DEF,43,0.854,1.7023,0.22,0.1716,0.2183,0.0028,1,1,22,0,2026-08-19T06:19:14.858598+00:00,2026-08-19T06:19:59.220948+00:00
20,359,Mahrez,13,MID,75,0,0,0.0,0.0,0.0,0,1,0,0,0,2026-08-19T06:19:14.858598+00:00,2026-08-19T06:19:59.220948+00:00
20,361,Ortega Moreno,13,GKP,38,2.9024,2.1937,0.88,0.0048,0.8188,0.0,1,0,0,0,2026-08-19T06:19:14.858598+00:00,2026-08-19T06:19:59.220948+00:00
20,363,Perrone,13,MID,44,0,0,0.0,0.0,0.0,0,1,0,0,0,2026-08-19T06:19:14.858598+00:00,2026-08-19T06:19:59.220948+00:00
20,365,Rodrigo,13,MID,56,1.8956,2.3916,0.48,0.1456,0.458,0.0152,1,10,90,1,2026-08-19T06:19:14.858598+00:00,2026-08-19T06:19:59.220948+00:00
20,366,Sergio Gómez,13,DEF,39,0.53,1.2782,0.1,0.198,0.1088,0.0004,1,0,0,0,2026-08-19T06:19:14.858598+00:00,2026-08-19T06:19:59.220948+00:00
20,367,Steffen,13,GKP,39,0,0,0.0,0.0,0.0,0,1,0,0,0,2026-08-19T06:19:14.858598+00:00,2026-08-19T06:19:59.220948+00:00
20,368,Stones,13,DEF,53,1.078,1.8776,0.28,0.1584,0.2731,0.0036,1,0,0,0,2026-08-19T06:19:14.858598+00:00,2026-08-19T06:19:59.220948+00:00
20,369,Walker,13,DEF,53,2.3752,2.3982,0.68,0.0576,0.637,0.008,1,6,67,1,2026-08-19T06:19:14.858598+00:00,2026-08-19T06:19:59.220948+00:00
20,566,Matheus N.,13,MID,48,0.9884,1.4973,0.28,0.1584,0.2731,0.002,1,0,0,0,2026-08-19T06:19:14.858598+00:00,2026-08-19T06:19:59.220948+00:00
20,616,Gvardiol,13,DEF,48,1.7076,2.3088,0.48,0.1144,0.4556,0.0056,1,6,90,1,2026-08-19T06:19:14.858598+00:00,2026-08-19T06:19:59.220948+00:00
20,678,Doku,13,MID,65,2.3656,2.6965,0.48,0.1456,0.458,0.0212,1,0,0,0,2026-08-19T06:19:14.858598+00:00,2026-08-19T06:19:59.220948+00:00
20,762,Susoho,13,MID,45,0.4636,0.9568,0.1,0.198,0.1088,0.0,1,0,0,0,2026-08-19T06:19:14.858598+00:00,2026-08-19T06:19:59.220948+00:00
20,771,Hamilton,13,MID,45,0.4944,1.0292,0.1,0.198,0.1088,0.0004,1,0,0,0,2026-08-19T06:19:14.858598+00:00,2026-08-19T06:19:59.220948+00:00
20,814,Wright,13,MID,45,0.4908,1.002,0.1,0.198,0.1088,0.0,1,,,,2026-08-19T06:19:14.858598+00:00,
20,209,Mount,14,MID,68,0.6884,1.3568,0.14,0.2408,0.1495,0.002,1,0,0,0,2026-08-19T06:19:14.858598+00:00,2026-08-19T06:19:59.220948+00:00
20,370,Alex Telles,14,DEF,45,0,0,0.0,0.0,0.0,0,1,0,0,0,2026-08-19T06:19:14.858598+00:00,2026-08-19T06:19:59.220948+00:00
20,371,Amad,14,MID,44,0.4528,0.9214,0.1,0.198,0.1088,0.0,1,1,36,0,2026-08-19T06:19:14.858598+00:00,2026-08-19T06:19:59.220948+00:00
20,372,Antony,14,MID,68,1.5856,2.0126,0.48,0.1456,0.458,0.0064,1,1,53,1,2026-08-19T06:19:14.858598+00:00,2026-08-19T06:19:59.220948+00:00
20,373,B.Fernandes,14,MID,82,2.984,3.0887,0.68,0.0576,0.637,0.036,1,2,90,1,2026-08-19T06:19:14.858598+00:00,2026-08-19T06:19:59.220948+00:00
20,374,B.Williams,14,DEF,40,0,0,0.0,0.0,0.0,0,1,0,0,0,2026-08-19T06:19:14.858598+00:00,2026-08-19T06:19:59.220948+00:00
20,375,Bailly,14,DEF,40,0,0,0.0,0.0,0.0,0,1,0,0,0,2026-08-19T06:19:14.858598+00:00,2026-08-19T06:19:59.220948+00:00
20,376,Casemiro,14,MID,53,1.5,1.9159,0.48,0.1144,0.4556,0.0052,1,0,0,0,2026-08-19T06:19:14.858598+00:00,2026-08-19T06:19:59.220948+00:00
20,377,Dalot,14,DEF,51,2.28,2.456,0.68,0.0704,0.638,0.0116,1,0,90,1,2026-08-19T06:19:14.858598+00:00,2026-08-19T06:19:59.220948+00:00
20,379,Eriksen,14,MID,58,1.1656,1.6853,0.28,0.2016,0.2765,0.0016,1,1,90,1,2026-08-19T06:19:14.858598+00:00,2026-08-19T06:19:59.220948+00:00
20,380,Fernandez,14,DEF,40,0,0,0.0,0.0,0.0,0,1,0,0,0,2026-08-19T06:19:14.858598+00:00,2026-08-19T06:19:59.220948+00:00
20,381,Fred,14,MID,50,0,0,0.0,0.0,0.0,0,1,0,0,0,2026-08-19T06:19:14.858598+00:00,2026-08-19T06:19:59.220948+00:00
20,382,Garnacho,14,MID,48,1.6812,2.2853,0.48,0.1144,0.4556,0.0088,1,4,90,1,2026-08-19T06:19:14.858598+00:00,2026-08-19T06:19:59.220948+00:00
20,383,Hannibal,14,MID,44,0,0,0.0,0.0,0.0,0,1,0,0,0,2026-08-19T06:19:14.858598+00:00,2026-08-19T06:19:59.220948+00:00
20,384,Heaton,14,GKP,40,0.1612,0.7528,0.04,0.0384,0.0403,0.0,1,0,0,0,2026-08-19T06:19:14.858598+00:00,2026-08-19T06:19:59.220948+00:00
20,386,Lindelof,14,DEF,45,0.4996,1.114,0.11,0.1958,0.118,0.0008,1,0,0,0,2026-08-19T06:19:14.858598+00:00,2026-08-19T06:19:59.220948+00:00
20,387,Maguire,14,DEF,42,0,0,0.0,0.0,0.0,0,1,0,0,0,2026-08-19T06:19:14.858598+00:00,2026-08-19T06:19:59.220948+00:00
20,388,Mainoo,14,MID,44,0.8612,1.2766,0.28,0.1584,0.2731,0.0004,1,1,45,1,2026-08-19T06:19:14.858598+00:00,2026-08-19T06:19:59.220948+00:00
20,389,Malacia,14,DEF,43,0,0,0.0,0.0,0.0,0,1,0,0,0,2026-08-19T06:19:14.858598+00:00,2026-08-19T06:19:59.220948+00:00
20,390,Martial,14,FWD,64,0.6884,1.2709,0.14,0.2408,0.1495,0.0016,1,0,0,0,2026-08-19T06:19:14.858598+00:00,2026-08-19T06:19:59.220948+00:00
20,391,Martinez,14,DEF,47,0.9212,1.6028,0.28,0.1584,0.2731,0.0008,1,0,0,0,2026-08-19T06:19:14.858598+00:00,2026-08-19T06:19:59.220948+00:00
20,392,McTominay,14,MID,48,1.8684,2.3016,0.48,0.1144,0.4556,0.01,1,1,45,1,2026-08-19T06:19:14.858598+00:00,2026-08-19T06:19:59.220948+00:00
20,394,Pellistri,14,MID,43,0,0,0.0,0.0,0.0,0,1,0,0,0,2026-08-19T06:19:14.858598+00:00,2026-08-19T06:19:59.220948+00:00
20,395,R.Varane,14,DEF,49,1.0708,1.8932,0.28,0.1584,0.2731,0.0032,1,0,90,1,2026-08-19T06:19:14.858598+00:00,2026-08-19T06:19:59.220948+00:00
20,396,Rashford,14,MID,84,2.0104,2.649,0.48,0.1456,0.458,0.0228,1,7,90,1,2026-08-19T06:19:14.858598+00:00,2026-08-19T06:19:59.220948+00:00
20,397,Sancho,14,MID,67,0,0,0.0,0.0,0.0,0,1,0,0,0,2026-08-19T06:19:14.858598+00:00,2026-08-19T06:19:59.220948+00:00
20,398,Shaw,14,DEF,52,0,0,0.0,0.0,0.0,0,1,0,0,0,2026-08-19T06:19:14.858598+00:00,2026-08-19T06:19:59.220948+00:00
20,399,Shoretire,14,FWD,44,0.4468,0.8214,0.1,0.198,0.1088,0.0,1,0,0,0,2026-08-19T06:19:14.858598+00:00,2026-08-19T06:19:59.220948+00:00
20,400,Van de Beek,14,MID,47,0,0,0.0,0.0,0.0,0,1,0,0,0,2026-08-19T06:19:14.858598+00:00,2026-08-19T06:19:59.220948+00:00
20,401,Wan-Bissaka,14,DEF,44,0.8592,1.6873,0.22,0.1716,0.2183,0.0016,1,1,89,1,2026-08-19T06:19:14.858598+00:00,2026-08-19T06:19:59.220948+00:00
20,597,Onana,14,GKP,48,3.0604,2.1895,0.9,0.008,0.8376,0.0012,1,1,90,1,2026-08-19T06:19:14.858598+00:00,2026-08-19T06:19:59.220948+00:00
20,617,Højlund,14,FWD,68,1.6716,2.0283,0.48,0.1456,0.458,0.0108,1,0,0,0,2026-08-19T06:19:14.858598+00:00,2026-08-19T06:19:59.220948+00:00
20,632,Forson,14,MID,44,0.474,0.9381,0.1,0.198,0.1088,0.0004,1,0,0,0,2026-08-19T06:19:14.858598+00:00,2026-08-19T06:19:59.220948+00:00
20,669,Vítek,14,GKP,40,0,0,0.0,0.0,0.0,0,1,0,0,0,2026-08-19T06:19:14.858598+00:00,2026-08-19T06:19:59.220948+00:00
20,685,Gore,14,MID,45,0,0,0.0,0.0,0.0,0,1,0,0,0,2026-08-19T06:19:14.858598+00:00,2026-08-19T06:19:59.220948+00:00
20,695,Altay,14,GKP,40,0.17,0.7928,0.04,0.0384,0.0403,0.0,1,0,0,0,2026-08-19T06:19:14.858598+00:00,2026-08-19T06:19:59.220948+00:00
20,703,Evans,14,DEF,40,0.8232,1.5237,0.22,0.1716,0.2183,0.0012,1,1,90,1,2026-08-19T06:19:14.858598+00:00,2026-08-19T06:19:59.220948+00:00
20,709,Amrabat,14,MID,50,0.7444,1.1022,0.28,0.1584,0.2731,0.0,1,0,0,0,2026-08-19T06:19:14.858598+00:00,2026-08-19T06:19:59.220948+00:00
20,748,Hugill,14,FWD,45,0,0,0.0,0.0,0.0,0,1,0,0,0,2026-08-19T06:19:14.858598+00:00,2026-08-19T06:19:59.220948+00:00
20,766,Kambwala,14,DEF,40,0.4968,1.1632,0.1,0.198,0.1088,0.0004,1,0,0,0,2026-08-19T06:19:14.858598+00:00,2026-08-19T06:19:59.220948+00:00
20,768,Bennett,14,DEF,40,0,0,0.0,0.0,0.0,0,1,0,0,0,2026-08-19T06:19:14.858598+00:00,2026-08-19T06:19:59.220948+00:00
20,826,Collyer,14,MID,45,0.4484,0.8852,0.1,0.198,0.1088,0.0,1,,,,2026-08-19T06:19:14.858598+00:00,
20,833,Ogunneye,14,DEF,40,0.4436,1.0538,0.1,0.198,0.1088,0.0004,1,,,,2026-08-19T06:19:14.858598+00:00,
20,835,Mee,14,GKP,40,0.1908,0.8378,0.04,0.0384,0.0403,0.0,1,,,,2026-08-19T06:19:14.858598+00:00,
20,846,Amass,14,DEF,40,0.4924,1.2159,0.1,0.198,0.1088,0.0012,1,,,,2026-08-19T06:19:14.858598+00:00,
20,850,Wheatley,14,FWD,45,0.4696,0.8776,0.1,0.198,0.1088,0.0,1,,,,2026-08-19T06:19:14.858598+00:00,
20,856,Jackson,14,DEF,40,0.4788,1.0913,0.1,0.198,0.1088,0.0,1,,,,2026-08-19T06:19:14.858598+00:00,
20,204,Hall,15,DEF,43,0.4492,1.0788,0.1,0.198,0.1088,0.0,1,1,8,0,2026-08-19T06:19:14.858598+00:00,2026-08-19T06:19:59.220948+00:00
20,402,Almirón,15,MID,62,2.5872,2.6501,0.68,0.0896,0.6396,0.0232,1,1,36,0,2026-08-19T06:19:14.858598+00:00,2026-08-19T06:19:59.220948+00:00
20,403,Anderson,15,MID,42,0.8696,1.3567,0.28,0.1584,0.2731,0.0004,1,0,0,0,2026-08-19T06:19:14.858598+00:00,2026-08-19T06:19:59.220948+00:00
20,404,Ashby,15,DEF,40,0,0,0.0,0.0,0.0,0,1,0,0,0,2026-08-19T06:19:14.858598+00:00,2026-08-19T06:19:59.220948+00:00
20,405,Botman,15,DEF,45,0,0,0.0,0.0,0.0,0,1,6,90,1,2026-08-19T06:19:14.858598+00:00,2026-08-19T06:19:59.220948+00:00
20,406,Bruno G.,15,MID,58,1.9848,2.0337,0.68,0.0576,0.637,0.0072,1,1,90,1,2026-08-19T06:19:14.858598+00:00,2026-08-19T06:19:59.220948+00:00
20,407,Burn,15,DEF,44,0.9276,1.9518,0.22,0.1716,0.2183,0.008,1,1,81,1,2026-08-19T06:19:14.858598+00:00,2026-08-19T06:19:59.220948+00:00
20,408,Darlow,15,GKP,40,0,0,0.0,0.0,0.0,0,1,0,0,0,2026-08-19T06:19:14.858598+00:00,2026-08-19T06:19:59.220948+00:00
20,409,Dubravka,15,GKP,42,0.1608,0.7536,0.04,0.0384,0.0403,0.0,1,8,90,1,2026-08-19T06:19:14.858598+00:00,2026-08-19T06:19:59.220948+00:00
20,410,Fraser,15,MID,49,0,0,0.0,0.0,0.0,0,1,0,0,0,2026-08-19T06:19:14.858598+00:00,2026-08-19T06:19:59.220948+00:00
20,411,Gillespie,15,GKP,39,0.1396,0.6884,0.04,0.0384,0.0403,0.0,1,0,0,0,2026-08-19T06:19:14.858598+00:00,2026-08-19T06:19:59.220948+00:00
20,412,Gordon,15,MID,61,1.5472,2.4589,0.34,0.1848,0.331,0.0156,1,5,90,1,2026-08-19T06:19:14.858598+00:00,2026-08-19T06:19:59.220948+00:00
20,413,Hayden,15,MID,44,0,0,0.0,0.0,0.0,0,1,0,0,0,2026-08-19T06:19:14.858598+00:00,2026-08-19T06:19:59.220948+00:00
20,414,Hendrick,15,MID,44,0,0,0.0,0.0,0.0,0,1,0,0,0,2026-08-19T06:19:14.858598+00:00,2026-08-19T06:19:59.220948+00:00
20,415,Isak,15,FWD,76,2.5044,3.0973,0.48,0.1456,0.458,0.0388,1,6,90,1,2026-08-19T06:19:14.858598+00:00,2026-08-19T06:19:59.220948+00:00
20,416,Joelinton,15,MID,58,1.6032,1.9944,0.48,0.1456,0.458,0.006,1,1,81,1,2026-08-19T06:19:14.858598+00:00,2026-08-19T06:19:59.220948+00:00
20,417,Krafth,15,DEF,44,0.4784,1.1922,0.1,0.198,0.1088,0.0012,1,0,0,0,2026-08-19T06:19:14.858598+00:00,2026-08-19T06:19:59.220948+00:00
20,418,Kuol,15,MID,45,0,0,0.0,0.0,0.0,0,1,0,0,0,2026-08-19T06:19:14.858598+00:00,2026-08-19T06:19:59.220948+00:00
20,419,Lascelles,15,DEF,42,0,0,0.0,0.0,0.0,0,1,1,8,0,2026-08-19T06:19:14.858598+00:00,2026-08-19T06:19:59.220948+00:00
20,420,J.Lewis,15,DEF,40,0,0,0.0,0.0,0.0,0,1,0,0,0,2026-08-19T06:19:14.858598+00:00,2026-08-19T06:19:59.220948+00:00
20,421,Longstaff,15,MID,48,1.4192,1.8254,0.48,0.1144,0.4556,0.0036,1,4,90,1,2026-08-19T06:19:14.858598+00:00,2026-08-19T06:19:59.220948+00:00
20,422,Manquillo,15,DEF,40,0,0,0.0,0.0,0.0,0,1,0,0,0,2026-08-19T06:19:14.858598+00:00,2026-08-19T06:19:59.220948+00:00
20,423,J.Murphy,15,MID,48,0.6912,1.2412,0.18,0.1804,0.1818,0.0012,1,0,0,0,2026-08-19T06:19:14.858598+00:00,2026-08-19T06:19:59.220948+00:00
20,424,Pope,15,GKP,54,2.7788,2.0741,0.88,0.0096,0.8192,0.0008,1,0,0,0,2026-08-19T06:19:14.858598+00:00,2026-08-19T06:19:59.220948+00:00
20,425,Ritchie,15,MID,43,0.446,0.9497,0.1,0.198,0.1088,0.0,1,0,0,0,2026-08-19T06:19:14.858598+00:00,2026-08-19T06:19:59.220948+00:00
20,426,Saint-Maximin,15,MID,60,0,0,0.0,0.0,0.0,0,1,0,0,0,2026-08-19T06:19:14.858598+00:00,2026-08-19T06:19:59.220948+00:00
20,427,Schär,15,DEF,53,2.118,2.296,0.68,0.0576,0.637,0.0072,1,0,90,1,2026-08-19T06:19:14.858598+00:00,2026-08-19T06:19:59.220948+00:00
20,428,Targett,15,DEF,42,0,0,0.0,0.0,0.0,0,1,0,0,0,2026-08-19T06:19:14.858598+00:00,2026-08-19T06:19:59.220948+00:00
20,429,Tonali,15,MID,52,0,0,0.0,0.0,0.0,0,1,0,0,0,2026-08-19T06:19:14.858598+00:00,2026-08-19T06:19:59.220948+00:00
20,430,Trippier,15,DEF,68,2.8352,2.843,0.68,0.0576,0.637,0.0244,1,0,0,0,2026-08-19T06:19:14.858598+00:00,2026-08-19T06:19:59.220948+00:00
20,431,Watts,15,DEF,40,0,0,0.0,0.0,0.0,0,1,0,0,0,2026-08-19T06:19:14.858598+00:00,2026-08-19T06:19:59.220948+00:00
20,432,Willock,15,MID,53,0,0,0.0,0.0,0.0,0,1,0,0,0,2026-08-19T06:19:14.858598+00:00,2026-08-19T06:19:59.220948+00:00
20,433,Wilson,15,FWD,78,1.5248,2.5066,0.28,0.2016,0.2765,0.0244,1,0,0,0,2026-08-19T06:19:14.858598+00:00,2026-08-19T06:19:59.220948+00:00
20,580,Karius,15,GKP,39,0.1392,0.6369,0.04,0.0384,0.0403,0.0,1,0,0,0,2026-08-19T06:19:14.858598+00:00,2026-08-19T06:19:59.220948+00:00
20,581,Dummett,15,DEF,39,0.432,1.0116,0.1,0.198,0.1088,0.0,1,0,0,0,2026-08-19T06:19:14.858598+00:00,2026-08-19T06:19:59.220948+00:00
20,603,Barnes,15,MID,62,1.602,2.0674,0.45,0.154,0.4308,0.0076,1,0,0,0,2026-08-19T06:19:14.858598+00:00,2026-08-19T06:19:59.220948+00:00
20,633,Livramento,15,DEF,44,0,0,0.0,0.0,0.0,0,1,0,90,1,2026-08-19T06:19:14.858598+00:00,2026-08-19T06:19:59.220948+00:00
20,634,A.Murphy,15,DEF,39,0.4656,1.1159,0.1,0.198,0.1088,0.0008,1,0,0,0,2026-08-19T06:19:14.858598+00:00,2026-08-19T06:19:59.220948+00:00
20,635,Miley,15,MID,45,0,0,0.0,0.0,0.0,0,1,0,53,1,2026-08-19T06:19:14.858598+00:00,2026-08-19T06:19:59.220948+00:00
20,738,Diallo,15,MID,45,0.4648,0.9167,0.1,0.198,0.1088,0.0,1,0,0,0,2026-08-19T06:19:14.858598+00:00,2026-08-19T06:19:59.220948+00:00
20,739,Parkinson,15,FWD,45,0.4236,0.8043,0.1,0.198,0.1088,0.0,1,0,0,0,2026-08-19T06:19:14.858598+00:00,2026-08-19T06:19:59.220948+00:00
20,745,Ndiweni,15,FWD,44,0,0,0.0,0.0,0.0,0,1,0,0,0,2026-08-19T06:19:14.858598+00:00,2026-08-19T06:19:59.220948+00:00
20,794,White,15,MID,45,0.436,0.8907,0.1,0.198,0.1088,0.0,1,,,,2026-08-19T06:19:14.858598+00:00,
20,795,Hernes,15,MID,45,0.4868,0.9858,0.1,0.198,0.1088,0.0,1,,,,2026-08-19T06:19:14.858598+00:00,
20,23,Tavares,16,DEF,40,0.488,1.1768,0.1,0.198,0.1088,0.0004,1,0,0,0,2026-08-19T06:19:14.858598+00:00,2026-08-19T06:19:59.220948+00:00
20,28,Turner,16,GKP,39,3.2856,2.2575,0.9,0.004,0.8373,0.0008,1,3,90,1,2026-08-19T06:19:14.858598+00:00,2026-08-19T06:19:59.220948+00:00
20,205,Hudson-Odoi,16,MID,47,1.106,1.689,0.28,0.1584,0.2731,0.0012,1,1,11,0,2026-08-19T06:19:14.858598+00:00,2026-08-19T06:19:59.220948+00:00
20,378,Elanga,16,MID,50,1.996,2.5354,0.48,0.1144,0.4556,0.0188,1,5,86,1,2026-08-19T06:19:14.858598+00:00,2026-08-19T06:19:59.220948+00:00
20,434,B.Aguilera,16,MID,45,0,0,0.0,0.0,0.0,0,1,0,0,0,2026-08-19T06:19:14.858598+00:00,2026-08-19T06:19:59.220948+00:00
20,435,Arter,16,MID,43,0.5188,1.0456,0.1,0.198,0.1088,0.0,1,0,0,0,2026-08-19T06:19:14.858598+00:00,2026-08-19T06:19:59.220948+00:00
20,436,Aurier,16,DEF,45,0,0,0.0,0.0,0.0,0,1,0,0,0,2026-08-19T06:19:14.858598+00:00,2026-08-19T06:19:59.220948+00:00
20,437,Awoniyi,16,FWD,63,2.0376,2.5319,0.48,0.1456,0.458,0.0208,1,0,0,0,2026-08-19T06:19:14.858598+00:00,2026-08-19T06:19:59.220948+00:00
20,438,Biancone,16,DEF,39,0,0,0.0,0.0,0.0,0,1,0,0,0,2026-08-19T06:19:14.858598+00:00,2026-08-19T06:19:59.220948+00:00
20,439,Boly,16,DEF,45,0.9872,1.9178,0.22,0.1716,0.2183,0.0048,1,1,3,0,2026-08-19T06:19:14.858598+00:00,2026-08-19T06:19:59.220948+00:00
20,440,Bowler,16,MID,45,0,0,0.0,0.0,0.0,0,1,0,0,0,2026-08-19T06:19:14.858598+00:00,2026-08-19T06:19:59.220948+00:00
20,441,Cook,16,DEF,45,0,0,0.0,0.0,0.0,0,1,0,0,0,2026-08-19T06:19:14.858598+00:00,2026-08-19T06:19:59.220948+00:00
20,442,Danilo,16,MID,53,0.8684,1.3549,0.28,0.1584,0.2731,0.0008,1,2,86,1,2026-08-19T06:19:14.858598+00:00,2026-08-19T06:19:59.220948+00:00
20,443,Dennis,16,FWD,48,0,0,0.0,0.0,0.0,0,1,0,0,0,2026-08-19T06:19:14.858598+00:00,2026-08-19T06:19:59.220948+00:00
20,444,Dräger,16,DEF,40,0,0,0.0,0.0,0.0,0,1,0,0,0,2026-08-19T06:19:14.858598+00:00,2026-08-19T06:19:59.220948+00:00
20,445,Felipe,16,DEF,44,0.5088,1.2117,0.1,0.198,0.1088,0.0,1,0,0,0,2026-08-19T06:19:14.858598+00:00,2026-08-19T06:19:59.220948+00:00
20,446,Freuler,16,MID,49,0,0,0.0,0.0,0.0,0,1,0,0,0,2026-08-19T06:19:14.858598+00:00,2026-08-19T06:19:59.220948+00:00
20,447,Gibbs-White,16,MID,57,2.7192,2.7281,0.68,0.0576,0.637,0.026,1,7,90,1,2026-08-19T06:19:14.858598+00:00,2026-08-19T06:19:59.220948+00:00
20,448,Hennessey,16,GKP,40,0.1872,0.8684,0.04,0.0384,0.0403,0.0004,1,0,0,0,2026-08-19T06:19:14.858598+00:00,2026-08-19T06:19:59.220948+00:00
20,449,Horvath,16,GKP,43,0,0,0.0,0.0,0.0,0,1,0,0,0,2026-08-19T06:19:14.858598+00:00,2026-08-19T06:19:59.220948+00:00
20,451,Kouyaté,16,MID,48,0.6496,1.1954,0.18,0.1804,0.1818,0.0,1,0,0,0,2026-08-19T06:19:14.858598+00:00,2026-08-19T06:19:59.220948+00:00
20,452,Laryea,16,DEF,45,0,0,0.0,0.0,0.0,0,1,0,0,0,2026-08-19T06:19:14.858598+00:00,2026-08-19T06:19:59.220948+00:00
20,453,Mangala,16,MID,50,0,0,0.0,0.0,0.0,0,1,0,3,0,2026-08-19T06:19:14.858598+00:00,2026-08-19T06:19:59.220948+00:00
20,454,Mbe Soh,16,DEF,40,0,0,0.0,0.0,0.0,0,1,0,0,0,2026-08-19T06:19:14.858598+00:00,2026-08-19T06:19:59.220948+00:00
20,455,McKenna,16,DEF,44,0,0,0.0,0.0,0.0,0,1,0,0,0,2026-08-19T06:19:14.858598+00:00,2026-08-19T06:19:59.220948+00:00
20,456,Mighten,16,MID,44,0,0,0.0,0.0,0.0,0,1,0,0,0,2026-08-19T06:19:14.858598+00:00,2026-08-19T06:19:59.220948+00:00
20,457,Niakhaté,16,DEF,45,0.862,1.6529,0.22,0.1716,0.2183,0.0008,1,2,90,1,2026-08-19T06:19:14.858598+00:00,2026-08-19T06:19:59.220948+00:00
20,458,O'Brien,16,MID,49,0,0,0.0,0.0,0.0,0,1,0,0,0,2026-08-19T06:19:14.858598+00:00,2026-08-19T06:19:59.220948+00:00
20,459,Ojeda,16,MID,45,0,0,0.0,0.0,0.0,0,1,0,0,0,2026-08-19T06:19:14.858598+00:00,2026-08-19T06:19:59.220948+00:00
20,460,Panzo,16,DEF,40,0,0,0.0,0.0,0.0,0,1,0,0,0,2026-08-19T06:19:14.858598+00:00,2026-08-19T06:19:59.220948+00:00
20,461,O.Richards,16,DEF,44,0,0,0.0,0.0,0.0,0,1,0,0,0,2026-08-19T06:19:14.858598+00:00,2026-08-19T06:19:59.220948+00:00
20,462,G.Scarpa,16,MID,45,0,0,0.0,0.0,0.0,0,1,0,0,0,2026-08-19T06:19:14.858598+00:00,2026-08-19T06:19:59.220948+00:00
20,463,J.Shelvey,16,MID,48,0,0,0.0,0.0,0.0,0,1,0,0,0,2026-08-19T06:19:14.858598+00:00,2026-08-19T06:19:59.220948+00:00
20,464,Surridge,16,FWD,45,0,0,0.0,0.0,0.0,0,1,0,0,0,2026-08-19T06:19:14.858598+00:00,2026-08-19T06:19:59.220948+00:00
20,465,Toffolo,16,DEF,44,1.0196,1.988,0.22,0.1716,0.2183,0.0064,1,1,3,0,2026-08-19T06:19:14.858598+00:00,2026-08-19T06:19:59.220948+00:00
20,466,Ui-jo,16,FWD,44,0,0,0.0,0.0,0.0,0,1,0,0,0,2026-08-19T06:19:14.858598+00:00,2026-08-19T06:19:59.220948+00:00
20,467,Williams,16,DEF,43,0,0,0.0,0.0,0.0,0,1,1,16,0,2026-08-19T06:19:14.858598+00:00,2026-08-19T06:19:59.220948+00:00
20,468,Wood,16,FWD,49,1.5268,2.4893,0.28,0.1584,0.2731,0.0148,1,2,90,1,2026-08-19T06:19:14.858598+00:00,2026-08-19T06:19:59.220948+00:00
20,469,Worrall,16,DEF,44,0,0,0.0,0.0,0.0,0,1,0,0,0,2026-08-19T06:19:14.858598+00:00,2026-08-19T06:19:59.220948+00:00
20,470,Yates,16,MID,48,1.4036,1.7414,0.48,0.1144,0.4556,0.0036,1,2,90,1,2026-08-19T06:19:14.858598+00:00,2026-08-19T06:19:59.220948+00:00
20,604,Aina,16,DEF,45,0.9032,1.7382,0.22,0.1716,0.2183,0.0016,1,2,86,1,2026-08-19T06:19:14.858598+00:00,2026-08-19T06:19:59.220948+00:00
20,636,G.Shelvey,16,GKP,40,0,0,0.0,0.0,0.0,0,1,0,0,0,2026-08-19T06:19:14.858598+00:00,2026-08-19T06:19:59.220948+00:00
20,637,Powell,16,DEF,39,0.5096,1.2294,0.1,0.198,0.1088,0.0,1,0,0,0,2026-08-19T06:19:14.858598+00:00,2026-08-19T06:19:59.220948+00:00
20,679,G.Montiel,16,DEF,44,0.5148,1.2264,0.1,0.198,0.1088,0.0016,1,12,73,1,2026-08-19T06:19:14.858598+00:00,2026-08-19T06:19:59.220948+00:00
20,696,Murillo,16,DEF,45,0.8472,1.7407,0.22,0.1716,0.2183,0.0044,1,2,90,1,2026-08-19T06:19:14.858598+00:00,2026-08-19T06:19:59.220948+00:00
20,710,Odysseas,16,GKP,45,0.1864,0.8551,0.04,0.0384,0.0403,0.0004,1,0,0,0,2026-08-19T06:19:14.858598+00:00,2026-08-19T06:19:59.220948+00:00
20,711,Omobamidele,16,DEF,45,0.5108,1.196,0.1,0.198,0.1088,0.0004,1,0,0,0,2026-08-19T06:19:14.858598+00:00,2026-08-19T06:19:59.220948+00:00
20,712,Dominguez,16,MID,50,0,0,0.0,0.0,0.0,0,1,9,78,1,2026-08-19T06:19:14.858598+00:00,2026-08-19T06:19:59.220948+00:00
20,713,Sangaré,16,MID,49,1.2692,1.6376,0.48,0.1144,0.4556,0.0016,1,0,0,0,2026-08-19T06:19:14.858598+00:00,2026-08-19T06:19:59.220948+00:00
20,714,Origi,16,FWD,50,0.6336,1.174,0.18,0.1804,0.1818,0.0008,1,0,0,0,2026-08-19T06:19:14.858598+00:00,2026-08-19T06:19:59.220948+00:00
20,779,McDonnell,16,MID,45,0.4944,0.9944,0.1,0.198,0.1088,0.0004,1,,,,2026-08-19T06:19:14.858598+00:00,
20,780,Osong,16,FWD,45,0.4928,0.9703,0.1,0.198,0.1088,0.0,1,,,,2026-08-19T06:19:14.858598+00:00,
20,781,Gardner,16,FWD,45,0.4684,0.9409,0.1,0.198,0.1088,0.0004,1,,,,2026-08-19T06:19:14.858598+00:00,
20,801,Reyna,16,MID,46,0.6648,1.2021,0.18,0.1804,0.1818,0.0008,1,,,,2026-08-19T06:19:14.858598+00:00,
20,808,Sels,16,GKP,45,0.1712,0.7791,0.04,0.0384,0.0403,0.0,1,,,,2026-08-19T06:19:14.858598+00:00,
20,809,Ribeiro,16,FWD,45,0.4604,0.8854,0.1,0.198,0.1088,0.0,1,,,,2026-08-19T06:19:14.858598+00:00,
20,27,Trusty,17,DEF,39,0.6832,1.3298,0.22,0.1716,0.2183,0.0004,1,1,90,1,2026-08-19T06:19:14.858598+00:00,2026-08-19T06:19:59.220948+00:00
20,33,Archer,17,FWD,45,1.588,1.9233,0.48,0.1144,0.4556,0.0052,1,1,23,0,2026-08-19T06:19:14.858598+00:00,2026-08-19T06:19:59.220948+00:00
20,255,Holgate,17,DEF,40,0.8204,1.636,0.22,0.1716,0.2183,0.0032,1,0,0,0,2026-08-19T06:19:14.858598+00:00,2026-08-19T06:19:59.220948+00:00
20,360,McAtee,17,MID,44,1.3864,1.6385,0.48,0.1144,0.4556,0.002,1,0,0,0,2026-08-19T06:19:14.858598+00:00,2026-08-19T06:19:59.220948+00:00
20,471,Ahmedhodžić,17,DEF,43,0.764,1.5871,0.22,0.1716,0.2183,0.0028,1,0,0,0,2026-08-19T06:19:14.858598+00:00,2026-08-19T06:19:59.220948+00:00
20,472,Amissah,17,GKP,39,0.1592,0.722,0.04,0.0384,0.0403,0.0,1,0,0,0,2026-08-19T06:19:14.858598+00:00,2026-08-19T06:19:59.220948+00:00
20,473,Baldock,17,DEF,39,0,0,0.0,0.0,0.0,0,1,1,90,1,2026-08-19T06:19:14.858598+00:00,2026-08-19T06:19:59.220948+00:00
20,474,Basham,17,DEF,39,0,0,0.0,0.0,0.0,0,1,0,0,0,2026-08-19T06:19:14.858598+00:00,2026-08-19T06:19:59.220948+00:00
20,476,Bogle,17,DEF,45,0.7232,1.5596,0.22,0.1716,0.2183,0.0028,1,0,90,1,2026-08-19T06:19:14.858598+00:00,2026-08-19T06:19:59.220948+00:00
20,477,Brewster,17,FWD,49,0.6044,1.0798,0.18,0.1804,0.1818,0.0,1,1,23,0,2026-08-19T06:19:14.858598+00:00,2026-08-19T06:19:59.220948+00:00
20,478,Coulibaly,17,MID,44,0,0,0.0,0.0,0.0,0,1,0,0,0,2026-08-19T06:19:14.858598+00:00,2026-08-19T06:19:59.220948+00:00
20,479,A.Davies,17,GKP,40,0.134,0.6231,0.04,0.0384,0.0403,0.0,1,0,0,0,2026-08-19T06:19:14.858598+00:00,2026-08-19T06:19:59.220948+00:00
20,480,Egan,17,DEF,43,0.4516,1.0955,0.11,0.1958,0.118,0.0004,1,0,0,0,2026-08-19T06:19:14.858598+00:00,2026-08-19T06:19:59.220948+00:00
20,481,Fleck,17,MID,49,0,0,0.0,0.0,0.0,0,1,0,0,0,2026-08-19T06:19:14.858598+00:00,2026-08-19T06:19:59.220948+00:00
20,482,Foderingham,17,GKP,45,3.4908,2.273,0.9,0.004,0.8373,0.006,1,1,90,1,2026-08-19T06:19:14.858598+00:00,2026-08-19T06:19:59.220948+00:00
20,483,Jebbison,17,FWD,48,0.5876,1.0589,0.18,0.1804,0.1818,0.0008,1,0,0,0,2026-08-19T06:19:14.858598+00:00,2026-08-19T06:19:59.220948+00:00
20,484,Lowe,17,DEF,43,0.6976,1.4028,0.22,0.1716,0.2183,0.0008,1,0,0,0,2026-08-19T06:19:14.858598+00:00,2026-08-19T06:19:59.220948+00:00
20,485,McBurnie,17,FWD,54,1.7896,2.2145,0.48,0.1144,0.4556,0.0112,1,0,0,0,2026-08-19T06:19:14.858598+00:00,2026-08-19T06:19:59.220948+00:00
20,486,Ndiaye,17,FWD,55,0,0,0.0,0.0,0.0,0,1,0,0,0,2026-08-19T06:19:14.858598+00:00,2026-08-19T06:19:59.220948+00:00
20,487,Norrington-Davies,17,DEF,39,0,0,0.0,0.0,0.0,0,1,1,1,0,2026-08-19T06:19:14.858598+00:00,2026-08-19T06:19:59.220948+00:00
20,488,Norwood,17,MID,48,1.354,1.659,0.48,0.1144,0.4556,0.0016,1,2,90,1,2026-08-19T06:19:14.858598+00:00,2026-08-19T06:19:59.220948+00:00
20,489,Osborn,17,MID,48,0.5648,1.0213,0.14,0.1892,0.1453,0.0,1,1,10,0,2026-08-19T06:19:14.858598+00:00,2026-08-19T06:19:59.220948+00:00
20,490,Osula,17,FWD,43,0.7536,1.1939,0.28,0.1584,0.2731,0.0012,1,2,66,1,2026-08-19T06:19:14.858598+00:00,2026-08-19T06:19:59.220948+00:00
20,576,Robinson,17,DEF,44,0.6468,1.3961,0.22,0.1404,0.2158,0.0012,1,1,90,1,2026-08-19T06:19:14.858598+00:00,2026-08-19T06:19:59.220948+00:00
20,587,Slimane,17,MID,47,0.7108,1.2508,0.18,0.1804,0.1818,0.0012,1,2,66,1,2026-08-19T06:19:14.858598+00:00,2026-08-19T06:19:59.220948+00:00
20,592,Larouci,17,DEF,43,0.4368,1.0307,0.1,0.198,0.1088,0.0004,1,0,0,0,2026-08-19T06:19:14.858598+00:00,2026-08-19T06:19:59.220948+00:00
20,593,T.Bénie,17,FWD,52,0,0,0.0,0.0,0.0,0,1,0,0,0,2026-08-19T06:19:14.858598+00:00,2026-08-19T06:19:59.220948+00:00
20,638,Vini Souza,17,MID,50,1.7132,1.3328,0.68,0.0704,0.638,0.0,1,2,90,1,2026-08-19T06:19:14.858598+00:00,2026-08-19T06:19:59.220948+00:00
20,653,Seriki,17,DEF,40,0,0,0.0,0.0,0.0,0,1,0,0,0,2026-08-19T06:19:14.858598+00:00,2026-08-19T06:19:59.220948+00:00
20,654,Marsh,17,FWD,45,0,0,0.0,0.0,0.0,0,1,0,0,0,2026-08-19T06:19:14.858598+00:00,2026-08-19T06:19:59.220948+00:00
20,655,Brooks,17,MID,44,0.834,1.2289,0.28,0.1584,0.2731,0.0008,1,2,79,1,2026-08-19T06:19:14.858598+00:00,2026-08-19T06:19:59.220948+00:00
20,656,Hackford,17,FWD,44,0,0,0.0,0.0,0.0,0,1,0,0,0,2026-08-19T06:19:14.858598+00:00,2026-08-19T06:19:59.220948+00:00
20,663,Hamer,17,MID,50,2.0392,1.8984,0.68,0.0704,0.638,0.0032,1,0,0,0,2026-08-19T06:19:14.858598+00:00,2026-08-19T06:19:59.220948+00:00
20,666,T.Davies,17,MID,50,0.4704,1.0139,0.09,0.2002,0.0997,0.0004,1,0,0,0,2026-08-19T06:19:14.858598+00:00,2026-08-19T06:19:59.220948+00:00
20,693,Thomas,17,DEF,40,0,0,0.0,0.0,0.0,0,1,1,89,1,2026-08-19T06:19:14.858598+00:00,2026-08-19T06:19:59.220948+00:00
20,730,Oné,17,MID,45,0.4428,0.8652,0.1,0.198,0.1088,0.0004,1,0,0,0,2026-08-19T06:19:14.858598+00:00,2026-08-19T06:19:59.220948+00:00
20,731,Buyabu,17,DEF,40,0,0,0.0,0.0,0.0,0,1,0,0,0,2026-08-19T06:19:14.858598+00:00,2026-08-19T06:19:59.220948+00:00
20,759,Peck,17,MID,45,0.4256,0.8859,0.1,0.198,0.1088,0.0,1,0,0,0,2026-08-19T06:19:14.858598+00:00,2026-08-19T06:19:59.220948+00:00
20,775,Brereton Díaz,17,MID,50,0.7152,1.2932,0.18,0.1804,0.1818,0.0004,1,,,,2026-08-19T06:19:14.858598+00:00,
20,790,Grbić,17,GKP,45,0.1628,0.7487,0.04,0.0384,0.0403,0.0,1,,,,2026-08-19T06:19:14.858598+00:00,
20,822,Blacker,17,FWD,45,0.4296,0.8858,0.1,0.198,0.1088,0.0004,1,,,,2026-08-19T06:19:14.858598+00:00,
20,823,Arblaster,17,MID,45,0.4804,0.9644,0.1,0.198,0.1088,0.0004,1,,,,2026-08-19T06:19:14.858598+00:00,
20,827,Sasnauskas,17,DEF,40,0.4784,1.0709,0.1,0.198,0.1088,0.0,1,,,,2026-08-19T06:19:14.858598+00:00,
20,828,Curtis,17,DEF,40,0.4844,1.1317,0.1,0.198,0.1088,0.0008,1,,,,2026-08-19T06:19:14.858598+00:00,
20,857,Hampson,17,MID,45,0.4508,0.9103,0.1,0.198,0.1088,0.0,1,,,,2026-08-19T06:19:14.858598+00:00,
20,450,Johnson,18,MID,58,1.99,2.5272,0.48,0.1456,0.458,0.0168,1,6,81,1,2026-08-19T06:19:14.858598+00:00,2026-08-19T06:19:59.220948+00:00
20,491,Austin,18,GKP,39,0.1776,0.8153,0.04,0.0384,0.0403,0.0,1,0,0,0,2026-08-19T06:19:14.858598+00:00,2026-08-19T06:19:59.220948+00:00
20,492,Bentancur,18,MID,54,0.7732,1.5441,0.18,0.1804,0.1818,0.0048,1,1,57,1,2026-08-19T06:19:14.858598+00:00,2026-08-19T06:19:59.220948+00:00
20,493,Bissouma,18,MID,50,0,0,0.0,0.0,0.0,0,1,0,0,0,2026-08-19T06:19:14.858598+00:00,2026-08-19T06:19:59.220948+00:00
20,494,Bryan,18,MID,49,0.7032,1.2865,0.18,0.1804,0.1818,0.0008,1,1,8,0,2026-08-19T06:19:14.858598+00:00,2026-08-19T06:19:59.220948+00:00
20,495,Davies,18,DEF,43,0,0,0.0,0.0,0.0,0,1,2,90,1,2026-08-19T06:19:14.858598+00:00,2026-08-19T06:19:59.220948+00:00
20,496,Dier,18,DEF,42,0,0,0.0,0.0,0.0,0,1,1,8,0,2026-08-19T06:19:14.858598+00:00,2026-08-19T06:19:59.220948+00:00
20,497,E.Royal,18,DEF,44,0.9616,1.865,0.22,0.1716,0.2183,0.0048,1,1,90,1,2026-08-19T06:19:14.858598+00:00,2026-08-19T06:19:59.220948+00:00
20,498,Forster,18,GKP,39,0,0,0.0,0.0,0.0,0,1,0,0,0,2026-08-19T06:19:14.858598+00:00,2026-08-19T06:19:59.220948+00:00
20,499,Højbjerg,18,MID,52,0.896,1.4479,0.28,0.1584,0.2731,0.0008,1,1,32,0,2026-08-19T06:19:14.858598+00:00,2026-08-19T06:19:59.220948+00:00
20,500,Kane,18,FWD,125,0,0,0.0,0.0,0.0,0,1,0,0,0,2026-08-19T06:19:14.858598+00:00,2026-08-19T06:19:59.220948+00:00
20,501,Kulusevski,18,MID,72,2.7872,2.7668,0.68,0.0576,0.637,0.0276,1,0,0,0,2026-08-19T06:19:14.858598+00:00,2026-08-19T06:19:59.220948+00:00
20,502,Lloris,18,GKP,48,0,0,0.0,0.0,0.0,0,1,0,0,0,2026-08-19T06:19:14.858598+00:00,2026-08-19T06:19:59.220948+00:00
20,503,Lo Celso,18,MID,48,0.6252,1.2204,0.14,0.1892,0.1453,0.0012,1,11,81,1,2026-08-19T06:19:14.858598+00:00,2026-08-19T06:19:59.220948+00:00
20,504,Maddison,18,MID,78,2.4252,3.0244,0.48,0.1456,0.458,0.0332,1,0,0,0,2026-08-19T06:19:14.858598+00:00,2026-08-19T06:19:59.220948+00:00
20,505,Ndombele,18,MID,44,0,0,0.0,0.0,0.0,0,1,0,0,0,2026-08-19T06:19:14.858598+00:00,2026-08-19T06:19:59.220948+00:00
20,506,Pedro Porro,18,DEF,57,3.3076,3.4563,0.68,0.0576,0.637,0.0564,1,2,90,1,2026-08-19T06:19:14.858598+00:00,2026-08-19T06:19:59.220948+00:00
20,507,Perišić,18,DEF,47,0,0,0.0,0.0,0.0,0,1,0,0,0,2026-08-19T06:19:14.858598+00:00,2026-08-19T06:19:59.220948+00:00
20,509,Richarlison,18,MID,68,0,0,0.0,0.0,0.0,0,1,8,81,1,2026-08-19T06:19:14.858598+00:00,2026-08-19T06:19:59.220948+00:00
20,510,Rodon,18,DEF,40,0,0,0.0,0.0,0.0,0,1,0,0,0,2026-08-19T06:19:14.858598+00:00,2026-08-19T06:19:59.220948+00:00
20,511,Romero,18,DEF,50,2.002,2.6081,0.48,0.1144,0.4556,0.0116,1,0,0,0,2026-08-19T06:19:14.858598+00:00,2026-08-19T06:19:59.220948+00:00
20,512,Sánchez,18,DEF,44,0,0,0.0,0.0,0.0,0,1,0,0,0,2026-08-19T06:19:14.858598+00:00,2026-08-19T06:19:59.220948+00:00
20,513,Sarr,18,MID,45,1.5272,2.0368,0.48,0.1144,0.4556,0.0088,1,6,31,0,2026-08-19T06:19:14.858598+00:00,2026-08-19T06:19:59.220948+00:00
20,514,Sessegnon,18,DEF,44,0,0,0.0,0.0,0.0,0,1,0,0,0,2026-08-19T06:19:14.858598+00:00,2026-08-19T06:19:59.220948+00:00
20,515,Skipp,18,MID,46,0.8588,1.4118,0.28,0.1584,0.2731,0.002,1,0,58,1,2026-08-19T06:19:14.858598+00:00,2026-08-19T06:19:59.220948+00:00
20,516,Son,18,MID,99,4.3184,4.0313,0.68,0.0576,0.637,0.1148,1,9,90,1,2026-08-19T06:19:14.858598+00:00,2026-08-19T06:19:59.220948+00:00
20,517,Spence,18,DEF,40,0,0,0.0,0.0,0.0,0,1,0,0,0,2026-08-19T06:19:14.858598+00:00,2026-08-19T06:19:59.220948+00:00
20,518,Tanganga,18,DEF,40,0,0,0.0,0.0,0.0,0,1,0,0,0,2026-08-19T06:19:14.858598+00:00,2026-08-19T06:19:59.220948+00:00
20,519,Udogie,18,DEF,48,0,0,0.0,0.0,0.0,0,1,2,90,1,2026-08-19T06:19:14.858598+00:00,2026-08-19T06:19:59.220948+00:00
20,520,Vicario,18,GKP,53,3.4664,2.2976,0.9,0.008,0.8376,0.002,1,3,90,1,2026-08-19T06:19:14.858598+00:00,2026-08-19T06:19:59.220948+00:00
20,521,Whiteman,18,GKP,39,0.17,0.8013,0.04,0.0384,0.0403,0.0,1,0,0,0,2026-08-19T06:19:14.858598+00:00,2026-08-19T06:19:59.220948+00:00
20,583,Solomon,18,MID,51,0,0,0.0,0.0,0.0,0,1,0,0,0,2026-08-19T06:19:14.858598+00:00,2026-08-19T06:19:59.220948+00:00
20,639,Van de Ven,18,DEF,44,0.952,1.8441,0.22,0.1716,0.2183,0.004,1,0,0,0,2026-08-19T06:19:14.858598+00:00,2026-08-19T06:19:59.220948+00:00
20,640,Scarlett,18,FWD,45,0.4228,0.8807,0.1,0.198,0.1088,0.0,1,0,0,0,2026-08-19T06:19:14.858598+00:00,2026-08-19T06:19:59.220948+00:00
20,641,Veliz,18,FWD,54,0,0,0.0,0.0,0.0,0,1,1,8,0,2026-08-19T06:19:14.858598+00:00,2026-08-19T06:19:59.220948+00:00
20,702,Phillips,18,DEF,40,0,0,0.0,0.0,0.0,0,1,0,0,0,2026-08-19T06:19:14.858598+00:00,2026-08-19T06:19:59.220948+00:00
20,722,Donley,18,FWD,45,0.4888,0.9987,0.1,0.198,0.1088,0.0,1,0,0,0,2026-08-19T06:19:14.858598+00:00,2026-08-19T06:19:59.220948+00:00
20,740,Dorrington,18,DEF,40,0.5304,1.2287,0.1,0.198,0.1088,0.0004,1,0,0,0,2026-08-19T06:19:14.858598+00:00,2026-08-19T06:19:59.220948+00:00
20,754,Yago Santiago,18,MID,45,0.4548,0.9631,0.1,0.198,0.1088,0.0004,1,0,0,0,2026-08-19T06:19:14.858598+00:00,2026-08-19T06:19:59.220948+00:00
20,776,Werner,18,FWD,63,0,0,0.0,0.0,0.0,0,1,,,,2026-08-19T06:19:14.858598+00:00,
20,777,Drăgușin,18,DEF,42,0.508,1.1593,0.1,0.198,0.1088,0.0004,1,,,,2026-08-19T06:19:14.858598+00:00,
20,860,Moore,18,MID,45,0.462,0.9729,0.1,0.198,0.1088,0.0,1,,,,2026-08-19T06:19:14.858598+00:00,
20,862,Hall,18,MID,45,0.4928,1.0052,0.1,0.198,0.1088,0.0004,1,,,,2026-08-19T06:19:14.858598+00:00,
20,364,Phillips,19,MID,47,0.7132,1.2892,0.18,0.1804,0.1818,0.0,1,0,0,0,2026-08-19T06:19:14.858598+00:00,2026-08-19T06:19:59.220948+00:00
20,522,N.Aguerd,19,DEF,45,0.5688,1.3725,0.11,0.1958,0.118,0.0032,1,0,0,0,2026-08-19T06:19:14.858598+00:00,2026-08-19T06:19:59.220948+00:00
20,523,Antonio,19,FWD,57,1.7132,2.0825,0.48,0.1456,0.458,0.0072,1,0,0,0,2026-08-19T06:19:14.858598+00:00,2026-08-19T06:19:59.220948+00:00
20,524,Areola,19,GKP,42,3.7004,2.3771,0.9,0.004,0.8373,0.0036,1,11,90,1,2026-08-19T06:19:14.858598+00:00,2026-08-19T06:19:59.220948+00:00
20,525,Benrahma,19,MID,56,0,0,0.0,0.0,0.0,0,1,3,72,1,2026-08-19T06:19:14.858598+00:00,2026-08-19T06:19:59.220948+00:00
20,526,Bowen,19,MID,79,3.6604,3.7539,0.68,0.0576,0.637,0.0692,1,3,90,1,2026-08-19T06:19:14.858598+00:00,2026-08-19T06:19:59.220948+00:00
20,527,Cornet,19,MID,52,0.7272,1.3922,0.18,0.1804,0.1818,0.0012,1,0,0,0,2026-08-19T06:19:14.858598+00:00,2026-08-19T06:19:59.220948+00:00
20,528,Coufal,19,DEF,46,2.358,2.3912,0.68,0.0576,0.637,0.0044,1,0,0,0,2026-08-19T06:19:14.858598+00:00,2026-08-19T06:19:59.220948+00:00
20,529,Coventry,19,MID,43,0,0,0.0,0.0,0.0,0,1,0,0,0,2026-08-19T06:19:14.858598+00:00,2026-08-19T06:19:59.220948+00:00
20,530,Cresswell,19,DEF,42,0.4596,1.1472,0.1,0.198,0.1088,0.0008,1,0,0,0,2026-08-19T06:19:14.858598+00:00,2026-08-19T06:19:59.220948+00:00
20,531,Downes,19,MID,50,0,0,0.0,0.0,0.0,0,1,0,0,0,2026-08-19T06:19:14.858598+00:00,2026-08-19T06:19:59.220948+00:00
20,532,Emerson,19,DEF,45,0.9276,1.8358,0.22,0.1404,0.2158,0.0028,1,6,90,1,2026-08-19T06:19:14.858598+00:00,2026-08-19T06:19:59.220948+00:00
20,533,Fabianski,19,GKP,42,0.1892,0.8896,0.04,0.0384,0.0403,0.0004,1,0,0,0,2026-08-19T06:19:14.858598+00:00,2026-08-19T06:19:59.220948+00:00
20,534,P.Fornals,19,MID,46,0,0,0.0,0.0,0.0,0,1,3,90,1,2026-08-19T06:19:14.858598+00:00,2026-08-19T06:19:59.220948+00:00
20,535,Ings,19,FWD,56,1.4044,1.7421,0.45,0.154,0.4308,0.0056,1,0,0,0,2026-08-19T06:19:14.858598+00:00,2026-08-19T06:19:59.220948+00:00
20,536,Johnson,19,DEF,44,0.522,1.2049,0.1,0.198,0.1088,0.0,1,5,90,1,2026-08-19T06:19:14.858598+00:00,2026-08-19T06:19:59.220948+00:00
20,537,Kehrer,19,DEF,43,0,0,0.0,0.0,0.0,0,1,0,0,0,2026-08-19T06:19:14.858598+00:00,2026-08-19T06:19:59.220948+00:00
20,538,Mubama,19,FWD,43,0.4604,0.9161,0.1,0.198,0.1088,0.0,1,1,17,0,2026-08-19T06:19:14.858598+00:00,2026-08-19T06:19:59.220948+00:00
20,539,L.Paquetá,19,MID,60,2.578,2.663,0.68,0.0576,0.637,0.02,1,0,0,0,2026-08-19T06:19:14.858598+00:00,2026-08-19T06:19:59.220948+00:00
20,541,Scamacca,19,FWD,60,0,0,0.0,0.0,0.0,0,1,0,0,0,2026-08-19T06:19:14.858598+00:00,2026-08-19T06:19:59.220948+00:00
20,542,Souček,19,MID,49,2.6932,2.804,0.68,0.0704,0.638,0.0276,1,3,90,1,2026-08-19T06:19:14.858598+00:00,2026-08-19T06:19:59.220948+00:00
20,543,Vlašić,19,MID,45,0,0,0.0,0.0,0.0,0,1,0,0,0,2026-08-19T06:19:14.858598+00:00,2026-08-19T06:19:59.220948+00:00
20,544,Zouma,19,DEF,45,1.004,2.0347,0.22,0.1716,0.2183,0.0076,1,0,0,0,2026-08-19T06:19:14.858598+00:00,2026-08-19T06:19:59.220948+00:00
20,577,Ogbonna,19,DEF,43,0.4928,1.1812,0.1,0.198,0.1088,0.0008,1,6,90,1,2026-08-19T06:19:14.858598+00:00,2026-08-19T06:19:59.220948+00:00
20,642,Álvarez,19,MID,50,1.1728,1.4087,0.48,0.1144,0.4556,0.0004,1,3,90,1,2026-08-19T06:19:14.858598+00:00,2026-08-19T06:19:59.220948+00:00
20,647,Anang,19,GKP,40,0.156,0.7515,0.04,0.0384,0.0403,0.0,1,0,0,0,2026-08-19T06:19:14.858598+00:00,2026-08-19T06:19:59.220948+00:00
20,664,Ward-Prowse,19,MID,60,2.996,2.9602,0.68,0.0576,0.637,0.038,1,3,90,1,2026-08-19T06:19:14.858598+00:00,2026-08-19T06:19:59.220948+00:00
20,676,Mavropanos,19,DEF,45,0.874,1.6654,0.22,0.1716,0.2183,0.0008,1,6,90,1,2026-08-19T06:19:14.858598+00:00,2026-08-19T06:19:59.220948+00:00
20,689,Kudus,19,MID,69,2.2788,2.7696,0.48,0.1456,0.458,0.0192,1,0,0,0,2026-08-19T06:19:14.858598+00:00,2026-08-19T06:19:59.220948+00:00
20,773,Orford,19,MID,45,0.4692,0.9657,0.1,0.198,0.1088,0.0,1,0,0,0,2026-08-19T06:19:14.858598+00:00,2026-08-19T06:19:59.220948+00:00
20,774,Casey,19,DEF,40,0.5356,1.2412,0.1,0.198,0.1088,0.0008,1,0,0,0,2026-08-19T06:19:14.858598+00:00,2026-08-19T06:19:59.220948+00:00
20,784,Scarles,19,DEF,40,0.5168,1.204,0.1,0.198,0.1088,0.0004,1,,,,2026-08-19T06:19:14.858598+00:00,
20,785,Marshall,19,FWD,45,0,0,0.0,0.0,0.0,0,1,,,,2026-08-19T06:19:14.858598+00:00,
20,829,Earthy,19,MID,45,0.4908,0.9773,0.1,0.198,0.1088,0.0,1,,,,2026-08-19T06:19:14.858598+00:00,
20,351,Doyle,20,MID,44,0.9092,1.3396,0.28,0.1584,0.2731,0.0004,1,2,90,1,2026-08-19T06:19:14.858598+00:00,2026-08-19T06:19:59.220948+00:00
20,545,Aït-Nouri,20,DEF,45,0.9484,1.8955,0.22,0.1716,0.2183,0.0056,1,5,72,1,2026-08-19T06:19:14.858598+00:00,2026-08-19T06:19:59.220948+00:00
20,546,Bentley,20,GKP,39,0.1844,0.8623,0.04,0.0384,0.0403,0.0,1,0,0,0,2026-08-19T06:19:14.858598+00:00,2026-08-19T06:19:59.220948+00:00
20,547,Bolla,20,DEF,40,0,0,0.0,0.0,0.0,0,1,0,0,0,2026-08-19T06:19:14.858598+00:00,2026-08-19T06:19:59.220948+00:00
20,548,H.Bueno,20,DEF,44,0.8784,1.6348,0.22,0.1716,0.2183,0.0008,1,1,17,0,2026-08-19T06:19:14.858598+00:00,2026-08-19T06:19:59.220948+00:00
20,549,Chiquinho,20,MID,45,0,0,0.0,0.0,0.0,0,1,0,0,0,2026-08-19T06:19:14.858598+00:00,2026-08-19T06:19:59.220948+00:00
20,550,Cundle,20,MID,45,0,0,0.0,0.0,0.0,0,1,0,0,0,2026-08-19T06:19:14.858598+00:00,2026-08-19T06:19:59.220948+00:00
20,551,Dawson,20,DEF,45,0,0,0.0,0.0,0.0,0,1,14,90,1,2026-08-19T06:19:14.858598+00:00,2026-08-19T06:19:59.220948+00:00
20,552,Fábio Silva,20,FWD,52,0,0,0.0,0.0,0.0,0,1,0,0,0,2026-08-19T06:19:14.858598+00:00,2026-08-19T06:19:59.220948+00:00
20,554,Guedes,20,MID,54,0,0,0.0,0.0,0.0,0,1,0,0,0,2026-08-19T06:19:14.858598+00:00,2026-08-19T06:19:59.220948+00:00
20,555,Hodge,20,MID,44,0,0,0.0,0.0,0.0,0,1,0,0,0,2026-08-19T06:19:14.858598+00:00,2026-08-19T06:19:59.220948+00:00
20,556,Hoever,20,DEF,40,0,0,0.0,0.0,0.0,0,1,0,0,0,2026-08-19T06:19:14.858598+00:00,2026-08-19T06:19:59.220948+00:00
20,557,Hee Chan,20,MID,57,3.3492,3.3036,0.68,0.0896,0.6396,0.0536,1,6,90,1,2026-08-19T06:19:14.858598+00:00,2026-08-19T06:19:59.220948+00:00
20,559,João Gomes,20,MID,49,1.6984,1.5681,0.68,0.0704,0.638,0.0012,1,3,84,1,2026-08-19T06:19:14.858598+00:00,2026-08-19T06:19:59.220948+00:00
20,560,J.Otto,20,DEF,43,0,0,0.0,0.0,0.0,0,1,0,0,0,2026-08-19T06:19:14.858598+00:00,2026-08-19T06:19:59.220948+00:00
20,561,Jordão,20,MID,43,0.4736,1.0024,0.1,0.198,0.1088,0.0004,1,0,0,0,2026-08-19T06:19:14.858598+00:00,2026-08-19T06:19:59.220948+00:00
20,562,Kalajdžić,20,FWD,49,0,0,0.0,0.0,0.0,0,1,0,0,0,2026-08-19T06:19:14.858598+00:00,2026-08-19T06:19:59.220948+00:00
20,563,Kilman,20,DEF,45,0.8436,1.6515,0.22,0.1404,0.2158,0.0012,1,13,90,1,2026-08-19T06:19:14.858598+00:00,2026-08-19T06:19:59.220948+00:00
20,564,King,20,GKP,39,0.156,0.7216,0.04,0.0384,0.0403,0.0,1,0,0,0,2026-08-19T06:19:14.858598+00:00,2026-08-19T06:19:59.220948+00:00
20,565,Mario Jr.,20,MID,49,2.5344,2.5396,0.68,0.0704,0.638,0.0176,1,0,0,0,2026-08-19T06:19:14.858598+00:00,2026-08-19T06:19:59.220948+00:00
20,567,Neto,20,MID,56,2.1124,2.575,0.48,0.1456,0.458,0.0156,1,1,10,0,2026-08-19T06:19:14.858598+00:00,2026-08-19T06:19:59.220948+00:00
20,568,Podence,20,MID,53,0,0,0.0,0.0,0.0,0,1,0,0,0,2026-08-19T06:19:14.858598+00:00,2026-08-19T06:19:59.220948+00:00
20,569,José Sá,20,GKP,50,3.4872,2.2919,0.9,0.008,0.8376,0.0016,1,6,90,1,2026-08-19T06:19:14.858598+00:00,2026-08-19T06:19:59.220948+00:00
20,570,Sarabia,20,MID,47,0.7828,1.5959,0.14,0.1892,0.1453,0.0024,1,3,79,1,2026-08-19T06:19:14.858598+00:00,2026-08-19T06:19:59.220948+00:00
20,571,Šarkić,20,GKP,40,0,0,0.0,0.0,0.0,0,1,0,0,0,2026-08-19T06:19:14.858598+00:00,2026-08-19T06:19:59.220948+00:00
20,572,N.Semedo,20,DEF,45,0,0,0.0,0.0,0.0,0,1,6,84,1,2026-08-19T06:19:14.858598+00:00,2026-08-19T06:19:59.220948+00:00
20,573,Toti,20,DEF,44,0.9356,1.7908,0.22,0.1716,0.2183,0.0028,1,6,90,1,2026-08-19T06:19:14.858598+00:00,2026-08-19T06:19:59.220948+00:00
20,574,Boubacar Traore,20,MID,43,0.8888,1.3076,0.28,0.1584,0.2731,0.0008,1,1,5,0,2026-08-19T06:19:14.858598+00:00,2026-08-19T06:19:59.220948+00:00
20,590,Cunha,20,FWD,58,2.4964,2.5421,0.68,0.0576,0.637,0.0216,1,12,79,1,2026-08-19T06:19:14.858598+00:00,2026-08-19T06:19:59.220948+00:00
20,598,Doherty,20,DEF,43,0.9084,1.7649,0.22,0.1716,0.2183,0.0032,1,1,5,0,2026-08-19T06:19:14.858598+00:00,2026-08-19T06:19:59.220948+00:00
20,697,S.Bueno,20,DEF,45,0.5312,1.2455,0.1,0.198,0.1088,0.0,1,0,0,0,2026-08-19T06:19:14.858598+00:00,2026-08-19T06:19:59.220948+00:00
20,698,González,20,MID,50,0.6988,1.3553,0.18,0.1804,0.1818,0.002,1,0,0,0,2026-08-19T06:19:14.858598+00:00,2026-08-19T06:19:59.220948+00:00
20,704,Fraser,20,FWD,45,0.4516,0.9095,0.1,0.198,0.1088,0.0004,1,0,0,0,2026-08-19T06:19:14.858598+00:00,2026-08-19T06:19:59.220948+00:00
20,715,Bellegarde,20,MID,49,1.0184,1.5543,0.28,0.1584,0.2731,0.0008,1,1,10,0,2026-08-19T06:19:14.858598+00:00,2026-08-19T06:19:59.220948+00:00
20,749,Whittingham,20,MID,45,0.5068,0.9612,0.1,0.198,0.1088,0.0,1,0,0,0,2026-08-19T06:19:14.858598+00:00,2026-08-19T06:19:59.220948+00:00
20,750,Chirewa,20,MID,45,0.5096,1.0307,0.1,0.198,0.1088,0.0,1,0,0,0,2026-08-19T06:19:14.858598+00:00,2026-08-19T06:19:59.220948+00:00
20,751,Hubner,20,DEF,40,0.4936,1.2462,0.1,0.198,0.1088,0.0016,1,0,0,0,2026-08-19T06:19:14.858598+00:00,2026-08-19T06:19:59.220948+00:00
20,769,Hesketh,20,MID,45,0,0,0.0,0.0,0.0,0,1,0,0,0,2026-08-19T06:19:14.858598+00:00,2026-08-19T06:19:59.220948+00:00
20,770,Barnett,20,MID,45,0.4856,1.031,0.1,0.198,0.1088,0.0012,1,0,0,0,2026-08-19T06:19:14.858598+00:00,2026-08-19T06:19:59.220948+00:00
20,787,Griffiths,20,MID,45,0.4672,0.9345,0.1,0.198,0.1088,0.0,1,,,,2026-08-19T06:19:14.858598+00:00,
20,788,Mosquera,20,DEF,40,0,0,0.0,0.0,0.0,0,1,,,,2026-08-19T06:19:14.858598+00:00,
20,800,N.Lemina,20,MID,50,0.7436,1.3955,0.18,0.1804,0.1818,0.0016,1,,,,2026-08-19T06:19:14.858598+00:00,
20,832,Okoduwa,20,DEF,40,0.492,1.1937,0.1,0.198,0.1088,0.0,1,,,,2026-08-19T06:19:14.858598+00:00,
20,836,Chiwome,20,FWD,45,0,0,0.0,0.0,0.0,0,1,,,,2026-08-19T06:19:14.858598+00:00,
20,840,Holman,20,FWD,45,0.4424,0.9439,0.1,0.198,0.1088,0.0008,1,,,,2026-08-19T06:19:14.858598+00:00,
20,853,Ojinnaka,20,MID,45,0.4784,0.9893,0.1,0.198,0.1088,0.0004,1,,,,2026-08-19T06:19:14.858598+00:00,
