gw,player_id,web_name,team_id,position,now_cost,mu,sigma,p_start,p_sub,p_60,p_10_plus,n_fixtures,actual_points,actual_minutes,did_start,captured_at,scored_at
25,1,Balogun,1,FWD,44,0,0,0.0,0.0,0.0,0,1,0,0,0,2026-08-19T06:19:22.877736+00:00,2026-08-19T06:19:59.383855+00:00
25,2,Cédric,1,DEF,39,0.518,1.2132,0.1,0.198,0.1088,0.0004,1,1,21,0,2026-08-19T06:19:22.877736+00:00,2026-08-19T06:19:59.383855+00:00
25,3,M.Elneny,1,MID,44,0.4676,0.9485,0.1,0.198,0.1088,0.0004,1,0,0,0,2026-08-19T06:19:22.877736+00:00,2026-08-19T06:19:59.383855+00:00
25,4,Fábio Vieira,1,MID,54,0.7636,1.429,0.18,0.1804,0.1818,0.0016,1,0,0,0,2026-08-19T06:19:22.877736+00:00,2026-08-19T06:19:59.383855+00:00
25,5,Gabriel,1,DEF,51,2.4264,2.7385,0.68,0.0576,0.637,0.0192,1,6,90,1,2026-08-19T06:19:22.877736+00:00,2026-08-19T06:19:59.383855+00:00
25,6,Havertz,1,MID,71,2.4096,2.6506,0.68,0.0896,0.6396,0.0208,1,12,83,1,2026-08-19T06:19:22.877736+00:00,2026-08-19T06:19:59.383855+00:00
25,8,G.Jesus,1,FWD,78,2.1492,2.7198,0.48,0.1456,0.458,0.024,1,0,0,0,2026-08-19T06:19:22.877736+00:00,2026-08-19T06:19:59.383855+00:00
25,9,Jorginho,1,MID,53,0.8804,1.3762,0.28,0.1584,0.2731,0.0004,1,1,11,0,2026-08-19T06:19:22.877736+00:00,2026-08-19T06:19:59.383855+00:00
25,10,Kiwior,1,DEF,43,0.826,1.6035,0.22,0.1716,0.2183,0.0008,1,9,90,1,2026-08-19T06:19:22.877736+00:00,2026-08-19T06:19:59.383855+00:00
25,11,Marquinhos,1,MID,45,0,0,0.0,0.0,0.0,0,1,0,0,0,2026-08-19T06:19:22.877736+00:00,2026-08-19T06:19:59.383855+00:00
25,12,Martinelli,1,MID,77,2.8404,2.8607,0.68,0.0576,0.637,0.0332,1,3,90,1,2026-08-19T06:19:22.877736+00:00,2026-08-19T06:19:59.383855+00:00
25,13,Nketiah,1,FWD,51,1.6536,2.1233,0.48,0.1144,0.4556,0.0084,1,1,21,0,2026-08-19T06:19:22.877736+00:00,2026-08-19T06:19:59.383855+00:00
25,14,Ødegaard,1,MID,84,3.144,3.0507,0.68,0.0576,0.637,0.0396,1,14,90,1,2026-08-19T06:19:22.877736+00:00,2026-08-19T06:19:59.383855+00:00
25,15,Thomas,1,MID,48,0.876,1.2911,0.28,0.1584,0.2731,0.0,1,0,0,0,2026-08-19T06:19:22.877736+00:00,2026-08-19T06:19:59.383855+00:00
25,16,Pepe,1,MID,49,0,0,0.0,0.0,0.0,0,1,0,0,0,2026-08-19T06:19:22.877736+00:00,2026-08-19T06:19:59.383855+00:00
25,17,Ramsdale,1,GKP,45,0.1256,0.6206,0.04,0.0384,0.0403,0.0,1,0,0,0,2026-08-19T06:19:22.877736+00:00,2026-08-19T06:19:59.383855+00:00
25,18,Rúnarsson,1,GKP,40,0,0,0.0,0.0,0.0,0,1,0,0,0,2026-08-19T06:19:22.877736+00:00,2026-08-19T06:19:59.383855+00:00
25,19,Saka,1,MID,90,2.1696,3.4523,0.34,0.1188,0.3257,0.054,1,15,68,1,2026-08-19T06:19:22.877736+00:00,2026-08-19T06:19:59.383855+00:00
25,20,Saliba,1,DEF,56,2.4504,2.3473,0.82,0.0324,0.7652,0.0108,1,6,90,1,2026-08-19T06:19:22.877736+00:00,2026-08-19T06:19:59.383855+00:00
25,22,Smith Rowe,1,MID,53,0.7684,1.4564,0.18,0.1804,0.1818,0.002,1,1,6,0,2026-08-19T06:19:22.877736+00:00,2026-08-19T06:19:59.383855+00:00
25,24,Tierney,1,DEF,44,0,0,0.0,0.0,0.0,0,1,0,0,0,2026-08-19T06:19:22.877736+00:00,2026-08-19T06:19:59.383855+00:00
25,25,Tomiyasu,1,DEF,45,0.896,1.6907,0.22,0.1716,0.2183,0.0012,1,0,0,0,2026-08-19T06:19:22.877736+00:00,2026-08-19T06:19:59.383855+00:00
25,26,Trossard,1,MID,65,2.4484,2.9939,0.48,0.1456,0.458,0.0288,1,11,68,1,2026-08-19T06:19:22.877736+00:00,2026-08-19T06:19:59.383855+00:00
25,29,White,1,DEF,56,2.0844,2.3207,0.68,0.0576,0.637,0.0068,1,6,68,1,2026-08-19T06:19:22.877736+00:00,2026-08-19T06:19:59.383855+00:00
25,30,Xhaka,1,MID,60,0,0,0.0,0.0,0.0,0,1,0,0,0,2026-08-19T06:19:22.877736+00:00,2026-08-19T06:19:59.383855+00:00
25,31,Zinchenko,1,DEF,51,2.6016,2.5661,0.68,0.0704,0.638,0.0144,1,0,0,0,2026-08-19T06:19:22.877736+00:00,2026-08-19T06:19:59.383855+00:00
25,113,Raya,1,GKP,50,2.5684,1.9317,0.9,0.008,0.8376,0.0004,1,6,90,1,2026-08-19T06:19:22.877736+00:00,2026-08-19T06:19:59.383855+00:00
25,540,Rice,1,MID,54,2.5864,2.002,0.82,0.0324,0.7652,0.0088,1,3,78,1,2026-08-19T06:19:22.877736+00:00,2026-08-19T06:19:59.383855+00:00
25,578,Nelson,1,MID,48,0.676,1.1491,0.18,0.1804,0.1818,0.0,1,1,21,0,2026-08-19T06:19:22.877736+00:00,2026-08-19T06:19:59.383855+00:00
25,585,J.Timber,1,DEF,46,0.6352,1.3675,0.18,0.1804,0.1818,0.0012,1,0,0,0,2026-08-19T06:19:22.877736+00:00,2026-08-19T06:19:59.383855+00:00
25,646,Hein,1,GKP,40,0.1392,0.6986,0.04,0.0384,0.0403,0.0,1,0,0,0,2026-08-19T06:19:22.877736+00:00,2026-08-19T06:19:59.383855+00:00
25,735,Sagoe,1,MID,45,0,0,0.0,0.0,0.0,0,1,0,0,0,2026-08-19T06:19:22.877736+00:00,2026-08-19T06:19:59.383855+00:00
25,736,Walters,1,DEF,40,0.4816,1.1757,0.1,0.198,0.1088,0.0004,1,0,0,0,2026-08-19T06:19:22.877736+00:00,2026-08-19T06:19:59.383855+00:00
25,737,Ibrahim,1,MID,45,0,0,0.0,0.0,0.0,0,1,0,0,0,2026-08-19T06:19:22.877736+00:00,2026-08-19T06:19:59.383855+00:00
25,764,Lewis-Skelly,1,MID,45,0.4636,0.9547,0.1,0.198,0.1088,0.0008,1,0,0,0,2026-08-19T06:19:22.877736+00:00,2026-08-19T06:19:59.383855+00:00
25,772,Nwaneri,1,MID,45,0.4624,0.9517,0.1,0.198,0.1088,0.0,1,0,0,0,2026-08-19T06:19:22.877736+00:00,2026-08-19T06:19:59.383855+00:00
25,815,Bandeira,1,MID,45,0.4684,0.9669,0.1,0.198,0.1088,0.0,1,0,0,0,2026-08-19T06:19:22.877736+00:00,2026-08-19T06:19:59.383855+00:00
25,817,Sweet,1,DEF,40,0.4764,1.0835,0.1,0.198,0.1088,0.0004,1,0,0,0,2026-08-19T06:19:22.877736+00:00,2026-08-19T06:19:59.383855+00:00
25,32,Alex Moreno,2,DEF,51,0.7632,1.731,0.14,0.1892,0.1453,0.0052,1,1,80,1,2026-08-19T06:19:22.877736+00:00,2026-08-19T06:19:59.383855+00:00
25,34,Bailey,2,MID,56,2.1064,2.5813,0.48,0.1456,0.458,0.0188,1,2,80,1,2026-08-19T06:19:22.877736+00:00,2026-08-19T06:19:59.383855+00:00
25,35,Buendia,2,MID,57,0,0,0.0,0.0,0.0,0,1,0,0,0,2026-08-19T06:19:22.877736+00:00,2026-08-19T06:19:59.383855+00:00
25,36,Cash,2,DEF,46,0,0,0.0,0.0,0.0,0,1,2,90,1,2026-08-19T06:19:22.877736+00:00,2026-08-19T06:19:59.383855+00:00
25,37,Chambers,2,DEF,38,0.7192,1.393,0.22,0.1716,0.2183,0.0008,1,0,0,0,2026-08-19T06:19:22.877736+00:00,2026-08-19T06:19:59.383855+00:00
25,38,Coutinho,2,MID,58,0,0,0.0,0.0,0.0,0,1,0,0,0,2026-08-19T06:19:22.877736+00:00,2026-08-19T06:19:59.383855+00:00
25,39,Davis,2,FWD,49,0,0,0.0,0.0,0.0,0,1,0,0,0,2026-08-19T06:19:22.877736+00:00,2026-08-19T06:19:59.383855+00:00
25,40,Dendoncker,2,MID,49,0,0,0.0,0.0,0.0,0,1,0,0,0,2026-08-19T06:19:22.877736+00:00,2026-08-19T06:19:59.383855+00:00
25,41,Diego Carlos,2,DEF,44,0.7476,1.456,0.22,0.1716,0.2183,0.0004,1,0,0,0,2026-08-19T06:19:22.877736+00:00,2026-08-19T06:19:59.383855+00:00
25,42,Digne,2,DEF,46,1.9616,2.2579,0.68,0.0576,0.637,0.004,1,1,9,0,2026-08-19T06:19:22.877736+00:00,2026-08-19T06:19:59.383855+00:00
25,43,Douglas Luiz,2,MID,55,3.164,3.1484,0.68,0.0576,0.637,0.0452,1,2,90,1,2026-08-19T06:19:22.877736+00:00,2026-08-19T06:19:59.383855+00:00
25,44,Duran,2,FWD,50,0.6728,1.2387,0.18,0.1804,0.1818,0.0008,1,0,0,0,2026-08-19T06:19:22.877736+00:00,2026-08-19T06:19:59.383855+00:00
25,45,Hause,2,DEF,39,0.4528,1.1122,0.1,0.198,0.1088,0.0008,1,0,0,0,2026-08-19T06:19:22.877736+00:00,2026-08-19T06:19:59.383855+00:00
25,46,Iroegbunam,2,MID,44,0.4672,0.896,0.1,0.198,0.1088,0.0,1,1,1,0,2026-08-19T06:19:22.877736+00:00,2026-08-19T06:19:59.383855+00:00
25,47,Kamara,2,MID,50,0,0,0.0,0.0,0.0,0,1,0,0,0,2026-08-19T06:19:22.877736+00:00,2026-08-19T06:19:59.383855+00:00
25,48,Konsa,2,DEF,45,0.8008,1.6625,0.22,0.1404,0.2158,0.0036,1,0,0,0,2026-08-19T06:19:22.877736+00:00,2026-08-19T06:19:59.383855+00:00
25,49,Martinez,2,GKP,52,3.108,2.2154,0.9,0.008,0.8376,0.0008,1,3,90,1,2026-08-19T06:19:22.877736+00:00,2026-08-19T06:19:59.383855+00:00
25,50,McGinn,2,MID,55,2.9896,2.6068,0.82,0.0324,0.7652,0.0224,1,1,90,1,2026-08-19T06:19:22.877736+00:00,2026-08-19T06:19:59.383855+00:00
25,51,Mings,2,DEF,41,0,0,0.0,0.0,0.0,0,1,0,0,0,2026-08-19T06:19:22.877736+00:00,2026-08-19T06:19:59.383855+00:00
25,53,Olsen,2,GKP,39,0.1448,0.6765,0.04,0.0384,0.0403,0.0,1,0,0,0,2026-08-19T06:19:22.877736+00:00,2026-08-19T06:19:59.383855+00:00
25,54,Philogene,2,MID,45,0,0,0.0,0.0,0.0,0,1,0,0,0,2026-08-19T06:19:22.877736+00:00,2026-08-19T06:19:59.383855+00:00
25,55,J.Ramsey,2,MID,59,0,0,0.0,0.0,0.0,0,1,2,90,1,2026-08-19T06:19:22.877736+00:00,2026-08-19T06:19:59.383855+00:00
25,56,Sanson,2,MID,45,0,0,0.0,0.0,0.0,0,1,0,0,0,2026-08-19T06:19:22.877736+00:00,2026-08-19T06:19:59.383855+00:00
25,57,Sinisalo,2,GKP,40,0,0,0.0,0.0,0.0,0,1,0,0,0,2026-08-19T06:19:22.877736+00:00,2026-08-19T06:19:59.383855+00:00
25,58,Tielemans,2,MID,56,0,0,0.0,0.0,0.0,0,1,5,90,1,2026-08-19T06:19:22.877736+00:00,2026-08-19T06:19:59.383855+00:00
25,59,Bertrand Traoré,2,MID,50,0,0,0.0,0.0,0.0,0,1,0,0,0,2026-08-19T06:19:22.877736+00:00,2026-08-19T06:19:59.383855+00:00
25,60,Watkins,2,FWD,87,3.8036,3.0654,0.82,0.0324,0.7652,0.0612,1,13,90,1,2026-08-19T06:19:22.877736+00:00,2026-08-19T06:19:59.383855+00:00
25,61,Wesley,2,FWD,50,0,0,0.0,0.0,0.0,0,1,0,0,0,2026-08-19T06:19:22.877736+00:00,2026-08-19T06:19:59.383855+00:00
25,584,Pau,2,DEF,46,2.1372,2.3328,0.68,0.0576,0.637,0.006,1,2,90,1,2026-08-19T06:19:22.877736+00:00,2026-08-19T06:19:59.383855+00:00
25,599,Diaby,2,MID,64,2.9044,2.8184,0.68,0.0896,0.6396,0.0292,1,1,9,0,2026-08-19T06:19:22.877736+00:00,2026-08-19T06:19:59.383855+00:00
25,618,Kellyman,2,MID,45,0.4592,0.9164,0.1,0.198,0.1088,0.0,1,0,0,0,2026-08-19T06:19:22.877736+00:00,2026-08-19T06:19:59.383855+00:00
25,670,Marschall,2,GKP,40,0,0,0.0,0.0,0.0,0,1,0,0,0,2026-08-19T06:19:22.877736+00:00,2026-08-19T06:19:59.383855+00:00
25,672,Zaniolo,2,MID,54,0,0,0.0,0.0,0.0,0,1,0,0,0,2026-08-19T06:19:22.877736+00:00,2026-08-19T06:19:59.383855+00:00
25,686,Zych,2,GKP,40,0,0,0.0,0.0,0.0,0,1,0,0,0,2026-08-19T06:19:22.877736+00:00,2026-08-19T06:19:59.383855+00:00
25,699,Lenglet,2,DEF,45,0.6872,1.5012,0.22,0.1716,0.2183,0.0024,1,2,90,1,2026-08-19T06:19:22.877736+00:00,2026-08-19T06:19:59.383855+00:00
25,765,Proctor,2,GKP,40,0.1596,0.7616,0.04,0.0384,0.0403,0.0,1,0,0,0,2026-08-19T06:19:22.877736+00:00,2026-08-19T06:19:59.383855+00:00
25,767,O'Reilly,2,MID,45,0,0,0.0,0.0,0.0,0,1,0,0,0,2026-08-19T06:19:22.877736+00:00,2026-08-19T06:19:59.383855+00:00
25,778,Wright,2,GKP,40,0.138,0.6746,0.04,0.0384,0.0403,0.0004,1,0,0,0,2026-08-19T06:19:22.877736+00:00,2026-08-19T06:19:59.383855+00:00
25,793,Kesler-Hayden,2,DEF,40,0.452,1.0557,0.1,0.198,0.1088,0.0,1,0,0,0,2026-08-19T06:19:22.877736+00:00,2026-08-19T06:19:59.383855+00:00
25,803,Rogers,2,MID,50,0,0,0.0,0.0,0.0,0,1,0,0,0,2026-08-19T06:19:22.877736+00:00,2026-08-19T06:19:59.383855+00:00
25,818,Gauci,2,GKP,40,0.1724,0.8137,0.04,0.0384,0.0403,0.0,1,0,0,0,2026-08-19T06:19:22.877736+00:00,2026-08-19T06:19:59.383855+00:00
25,854,Munroe,2,DEF,40,0.49,1.1507,0.1,0.198,0.1088,0.0004,1,,,,2026-08-19T06:19:22.877736+00:00,
25,865,Young,2,MID,45,0.458,0.9168,0.1,0.198,0.1088,0.0,1,,,,2026-08-19T06:19:22.877736+00:00,
25,866,Emery,2,GKP,40,0.1284,0.61,0.04,0.0384,0.0403,0.0,1,,,,2026-08-19T06:19:22.877736+00:00,
25,62,Anthony,3,MID,49,0,0,0.0,0.0,0.0,0,1,0,0,0,2026-08-19T06:19:22.877736+00:00,2026-08-19T06:19:59.383855+00:00
25,63,Billing,3,MID,52,1.6016,2.0244,0.48,0.1144,0.4556,0.0048,1,0,0,0,2026-08-19T06:19:22.877736+00:00,2026-08-19T06:19:59.383855+00:00
25,64,Brooks,3,MID,47,0,0,0.0,0.0,0.0,0,1,0,0,0,2026-08-19T06:19:22.877736+00:00,2026-08-19T06:19:59.383855+00:00
25,65,Christie,3,MID,50,2.0948,1.9502,0.68,0.0576,0.637,0.0072,1,1,90,1,2026-08-19T06:19:22.877736+00:00,2026-08-19T06:19:59.383855+00:00
25,66,L.Cook,3,MID,50,1.8476,1.5051,0.68,0.0704,0.638,0.0008,1,2,90,1,2026-08-19T06:19:22.877736+00:00,2026-08-19T06:19:59.383855+00:00
25,67,Siriki,3,MID,45,0,0,0.0,0.0,0.0,0,1,0,0,0,2026-08-19T06:19:22.877736+00:00,2026-08-19T06:19:59.383855+00:00
25,68,Fredericks,3,DEF,43,0,0,0.0,0.0,0.0,0,1,0,0,0,2026-08-19T06:19:22.877736+00:00,2026-08-19T06:19:59.383855+00:00
25,69,Hill,3,DEF,40,0.5084,1.1535,0.1,0.198,0.1088,0.0004,1,0,0,0,2026-08-19T06:19:22.877736+00:00,2026-08-19T06:19:59.383855+00:00
25,70,Kelly,3,DEF,45,0.8136,1.5509,0.22,0.1716,0.2183,0.0028,1,1,90,1,2026-08-19T06:19:22.877736+00:00,2026-08-19T06:19:59.383855+00:00
25,71,Kilkenny,3,MID,43,0,0,0.0,0.0,0.0,0,1,0,0,0,2026-08-19T06:19:22.877736+00:00,2026-08-19T06:19:59.383855+00:00
25,72,Kluivert,3,MID,46,1.5192,1.9384,0.48,0.1144,0.4556,0.006,1,2,70,1,2026-08-19T06:19:22.877736+00:00,2026-08-19T06:19:59.383855+00:00
25,73,Lowe,3,MID,49,0,0,0.0,0.0,0.0,0,1,0,0,0,2026-08-19T06:19:22.877736+00:00,2026-08-19T06:19:59.383855+00:00
25,74,Marcondes,3,MID,43,0,0,0.0,0.0,0.0,0,1,0,0,0,2026-08-19T06:19:22.877736+00:00,2026-08-19T06:19:59.383855+00:00
25,75,Mepham,3,DEF,43,0.4684,1.0877,0.11,0.1958,0.118,0.0008,1,0,0,0,2026-08-19T06:19:22.877736+00:00,2026-08-19T06:19:59.383855+00:00
25,76,Moore,3,FWD,46,0,0,0.0,0.0,0.0,0,1,0,0,0,2026-08-19T06:19:22.877736+00:00,2026-08-19T06:19:59.383855+00:00
25,77,Neto,3,GKP,46,3.2464,2.1946,0.9,0.008,0.8376,0.0028,1,2,90,1,2026-08-19T06:19:22.877736+00:00,2026-08-19T06:19:59.383855+00:00
25,78,O.Dango,3,MID,47,0.8096,1.3818,0.28,0.1584,0.2731,0.0004,1,1,12,0,2026-08-19T06:19:22.877736+00:00,2026-08-19T06:19:59.383855+00:00
25,79,Pearson,3,MID,45,0,0,0.0,0.0,0.0,0,1,0,0,0,2026-08-19T06:19:22.877736+00:00,2026-08-19T06:19:59.383855+00:00
25,80,Randolph,3,GKP,40,0.1872,0.8422,0.04,0.0384,0.0403,0.0,1,0,0,0,2026-08-19T06:19:22.877736+00:00,2026-08-19T06:19:59.383855+00:00
25,81,Rothwell,3,MID,48,0,0,0.0,0.0,0.0,0,1,0,0,0,2026-08-19T06:19:22.877736+00:00,2026-08-19T06:19:59.383855+00:00
25,82,Semenyo,3,FWD,45,1.5192,1.8216,0.48,0.1144,0.4556,0.002,1,8,77,1,2026-08-19T06:19:22.877736+00:00,2026-08-19T06:19:59.383855+00:00
25,83,Senesi,3,DEF,45,0.8716,1.7856,0.22,0.1716,0.2183,0.0032,1,0,90,1,2026-08-19T06:19:22.877736+00:00,2026-08-19T06:19:59.383855+00:00
25,84,Smith,3,DEF,44,0.7896,1.4584,0.22,0.1716,0.2183,0.0008,1,1,90,1,2026-08-19T06:19:22.877736+00:00,2026-08-19T06:19:59.383855+00:00
25,85,Solanke,3,FWD,69,3.6148,3.0098,0.82,0.0324,0.7652,0.0576,1,12,90,1,2026-08-19T06:19:22.877736+00:00,2026-08-19T06:19:59.383855+00:00
25,86,Tavernier,3,MID,54,2.4676,2.4316,0.68,0.0704,0.638,0.0136,1,2,90,1,2026-08-19T06:19:22.877736+00:00,2026-08-19T06:19:59.383855+00:00
25,87,Hamed Traorè,3,MID,47,0,0,0.0,0.0,0.0,0,1,0,0,0,2026-08-19T06:19:22.877736+00:00,2026-08-19T06:19:59.383855+00:00
25,88,Travers,3,GKP,40,0.1592,0.733,0.04,0.0384,0.0403,0.0,1,0,0,0,2026-08-19T06:19:22.877736+00:00,2026-08-19T06:19:59.383855+00:00
25,89,Zabarnyi,3,DEF,44,0.6916,1.4042,0.22,0.1404,0.2158,0.0008,1,0,90,1,2026-08-19T06:19:22.877736+00:00,2026-08-19T06:19:59.383855+00:00
25,595,Kerkez,3,DEF,44,0.7648,1.4716,0.22,0.1716,0.2183,0.0016,1,0,0,0,2026-08-19T06:19:22.877736+00:00,2026-08-19T06:19:59.383855+00:00
25,607,Radu,3,GKP,44,0.1552,0.7038,0.04,0.0384,0.0403,0.0,1,0,0,0,2026-08-19T06:19:22.877736+00:00,2026-08-19T06:19:59.383855+00:00
25,619,Greenwood,3,DEF,40,0,0,0.0,0.0,0.0,0,1,0,0,0,2026-08-19T06:19:22.877736+00:00,2026-08-19T06:19:59.383855+00:00
25,643,Aarons,3,DEF,44,0.732,1.384,0.22,0.1716,0.2183,0.0004,1,0,0,0,2026-08-19T06:19:22.877736+00:00,2026-08-19T06:19:59.383855+00:00
25,644,Scott,3,MID,49,0.9528,1.5555,0.28,0.1584,0.2731,0.002,1,1,19,0,2026-08-19T06:19:22.877736+00:00,2026-08-19T06:19:59.383855+00:00
25,673,Adams,3,MID,49,1.862,1.0838,0.82,0.0324,0.7652,0.0,1,0,0,0,2026-08-19T06:19:22.877736+00:00,2026-08-19T06:19:59.383855+00:00
25,705,Sinisterra,3,MID,55,0,0,0.0,0.0,0.0,0,1,0,0,0,2026-08-19T06:19:22.877736+00:00,2026-08-19T06:19:59.383855+00:00
25,799,Faivre,3,MID,50,0.6612,1.2636,0.18,0.1804,0.1818,0.0008,1,0,0,0,2026-08-19T06:19:22.877736+00:00,2026-08-19T06:19:59.383855+00:00
25,802,Kinsey,3,DEF,40,0.4784,1.1488,0.1,0.198,0.1088,0.0004,1,0,0,0,2026-08-19T06:19:22.877736+00:00,2026-08-19T06:19:59.383855+00:00
25,804,Enes Ünal,3,FWD,50,0.6332,1.1672,0.18,0.1804,0.1818,0.0012,1,1,1,0,2026-08-19T06:19:22.877736+00:00,2026-08-19T06:19:59.383855+00:00
25,811,Sadi,3,MID,45,0.4552,0.9128,0.1,0.198,0.1088,0.0,1,0,0,0,2026-08-19T06:19:22.877736+00:00,2026-08-19T06:19:59.383855+00:00
25,849,Dacosta Gonzalez,3,MID,45,0.4496,0.8712,0.1,0.198,0.1088,0.0,1,,,,2026-08-19T06:19:22.877736+00:00,
25,855,McKenna,3,GKP,40,0.1468,0.6781,0.04,0.0384,0.0403,0.0,1,,,,2026-08-19T06:19:22.877736+00:00,
25,90,Ajer,4,DEF,44,1.6488,2.4644,0.22,0.1716,0.2183,0.0188,2,2,180,1,2026-08-19T06:19:22.877736+00:00,2026-08-19T06:19:59.383855+00:00
25,91,Balcombe,4,GKP,39,0.3004,0.9513,0.04,0.0384,0.0403,0.0,2,0,0,0,2026-08-19T06:19:22.877736+00:00,2026-08-19T06:19:59.383855+00:00
25,92,Baptiste,4,MID,43,0.9224,1.4095,0.1,0.198,0.1088,0.0012,2,0,0,0,2026-08-19T06:19:22.877736+00:00,2026-08-19T06:19:59.383855+00:00
25,93,Bech,4,DEF,40,0,0,0.0,0.0,0.0,0,2,0,0,0,2026-08-19T06:19:22.877736+00:00,2026-08-19T06:19:59.383855+00:00
25,94,Bidstrup,4,MID,45,0,0,0.0,0.0,0.0,0,2,0,0,0,2026-08-19T06:19:22.877736+00:00,2026-08-19T06:19:59.383855+00:00
25,95,Canós,4,MID,50,0,0,0.0,0.0,0.0,0,2,0,0,0,2026-08-19T06:19:22.877736+00:00,2026-08-19T06:19:59.383855+00:00
25,96,Collins,4,DEF,45,1.09,1.9562,0.11,0.1602,0.1151,0.0056,2,0,90,1,2026-08-19T06:19:22.877736+00:00,2026-08-19T06:19:59.383855+00:00
25,97,Cox,4,GKP,40,0,0,0.0,0.0,0.0,0,2,0,0,0,2026-08-19T06:19:22.877736+00:00,2026-08-19T06:19:59.383855+00:00
25,98,Damsgaard,4,MID,48,1.8396,1.9717,0.28,0.1584,0.2731,0.006,2,2,17,0,2026-08-19T06:19:22.877736+00:00,2026-08-19T06:19:59.383855+00:00
25,99,Dasilva,4,MID,47,0,0,0.0,0.0,0.0,0,2,0,0,0,2026-08-19T06:19:22.877736+00:00,2026-08-19T06:19:59.383855+00:00
25,100,Dervişoğlu,4,FWD,45,0,0,0.0,0.0,0.0,0,2,0,0,0,2026-08-19T06:19:22.877736+00:00,2026-08-19T06:19:59.383855+00:00
25,101,Flekken,4,GKP,45,6.2312,3.1167,0.9,0.004,0.8373,0.1536,2,6,180,1,2026-08-19T06:19:22.877736+00:00,2026-08-19T06:19:59.383855+00:00
25,102,Goode,4,DEF,39,0,0,0.0,0.0,0.0,0,2,0,0,0,2026-08-19T06:19:22.877736+00:00,2026-08-19T06:19:59.383855+00:00
25,103,Henry,4,DEF,43,0,0,0.0,0.0,0.0,0,2,0,0,0,2026-08-19T06:19:22.877736+00:00,2026-08-19T06:19:59.383855+00:00
25,104,Hickey,4,DEF,44,0,0,0.0,0.0,0.0,0,2,0,0,0,2026-08-19T06:19:22.877736+00:00,2026-08-19T06:19:59.383855+00:00
25,105,Janelt,4,MID,53,3.9092,2.6322,0.68,0.0576,0.637,0.0404,2,4,166,1,2026-08-19T06:19:22.877736+00:00,2026-08-19T06:19:59.383855+00:00
25,106,Jensen,4,MID,54,4.8044,3.0724,0.68,0.0704,0.638,0.084,2,3,86,1,2026-08-19T06:19:22.877736+00:00,2026-08-19T06:19:59.383855+00:00
25,107,Lewis-Potter,4,MID,47,3.67,3.2555,0.48,0.1144,0.4556,0.0572,2,2,39,0,2026-08-19T06:19:22.877736+00:00,2026-08-19T06:19:59.383855+00:00
25,108,Mbeumo,4,MID,68,5.9616,5.2037,0.48,0.1456,0.458,0.222,2,0,0,0,2026-08-19T06:19:22.877736+00:00,2026-08-19T06:19:59.383855+00:00
25,109,Mee,4,DEF,48,0,0,0.0,0.0,0.0,0,2,1,180,1,2026-08-19T06:19:22.877736+00:00,2026-08-19T06:19:59.383855+00:00
25,110,Nørgaard,4,MID,53,4.468,3.4724,0.68,0.0576,0.637,0.0864,2,4,152,1,2026-08-19T06:19:22.877736+00:00,2026-08-19T06:19:59.383855+00:00
25,111,Onyeka,4,MID,49,1.1396,1.7499,0.14,0.1892,0.1453,0.0048,2,2,115,1,2026-08-19T06:19:22.877736+00:00,2026-08-19T06:19:59.383855+00:00
25,112,Pinnock,4,DEF,46,5.7336,3.7305,0.82,0.0324,0.7652,0.1388,2,0,0,0,2026-08-19T06:19:22.877736+00:00,2026-08-19T06:19:59.383855+00:00
25,114,Roerslev,4,DEF,44,1.6136,2.2576,0.22,0.1716,0.2183,0.012,2,3,150,1,2026-08-19T06:19:22.877736+00:00,2026-08-19T06:19:59.383855+00:00
25,115,Schade,4,MID,52,2.0808,2.3933,0.28,0.1584,0.2731,0.0188,2,0,0,0,2026-08-19T06:19:22.877736+00:00,2026-08-19T06:19:59.383855+00:00
25,116,Strakosha,4,GKP,39,0.4276,1.3242,0.04,0.0384,0.0403,0.0012,2,0,0,0,2026-08-19T06:19:22.877736+00:00,2026-08-19T06:19:59.383855+00:00
25,117,Toney,4,FWD,82,2.816,3.3023,0.28,0.2016,0.2765,0.056,2,7,180,1,2026-08-19T06:19:22.877736+00:00,2026-08-19T06:19:59.383855+00:00
25,118,Trevitt,4,MID,45,0,0,0.0,0.0,0.0,0,2,0,0,0,2026-08-19T06:19:22.877736+00:00,2026-08-19T06:19:59.383855+00:00
25,119,Wissa,4,FWD,56,5.5272,3.8419,0.68,0.0576,0.637,0.1436,2,2,94,1,2026-08-19T06:19:22.877736+00:00,2026-08-19T06:19:59.383855+00:00
25,120,Yarmoliuk,4,MID,43,1.78,2.0009,0.28,0.1584,0.2731,0.0068,2,0,0,0,2026-08-19T06:19:22.877736+00:00,2026-08-19T06:19:59.383855+00:00
25,121,Zanka,4,DEF,43,0.9756,1.6891,0.1,0.198,0.1088,0.004,2,2,90,1,2026-08-19T06:19:22.877736+00:00,2026-08-19T06:19:59.383855+00:00
25,258,Maupay,4,FWD,49,3.9556,3.726,0.48,0.1144,0.4556,0.0932,2,3,84,1,2026-08-19T06:19:22.877736+00:00,2026-08-19T06:19:59.383855+00:00
25,508,Reguilón,4,DEF,44,1.852,2.5323,0.22,0.1716,0.2183,0.0124,2,5,161,1,2026-08-19T06:19:22.877736+00:00,2026-08-19T06:19:59.383855+00:00
25,620,Olakigbe,4,MID,45,0,0,0.0,0.0,0.0,0,2,0,0,0,2026-08-19T06:19:22.877736+00:00,2026-08-19T06:19:59.383855+00:00
25,684,Brierley,4,MID,45,0.9436,1.3168,0.1,0.198,0.1088,0.0004,2,0,0,0,2026-08-19T06:19:22.877736+00:00,2026-08-19T06:19:59.383855+00:00
25,701,Ghoddos,4,MID,45,1.5548,1.7473,0.28,0.1584,0.2731,0.0024,2,2,6,0,2026-08-19T06:19:22.877736+00:00,2026-08-19T06:19:59.383855+00:00
25,725,Kim Ji-Soo,4,DEF,40,0.9844,1.6581,0.1,0.198,0.1088,0.0024,2,0,0,0,2026-08-19T06:19:22.877736+00:00,2026-08-19T06:19:59.383855+00:00
25,733,Adedokun,4,DEF,40,1.0228,1.7443,0.1,0.198,0.1088,0.0048,2,0,0,0,2026-08-19T06:19:22.877736+00:00,2026-08-19T06:19:59.383855+00:00
25,744,Peart-Harris,4,MID,45,0,0,0.0,0.0,0.0,0,2,0,0,0,2026-08-19T06:19:22.877736+00:00,2026-08-19T06:19:59.383855+00:00
25,752,Angelini,4,GKP,40,0.3864,1.1927,0.04,0.0384,0.0403,0.0008,2,0,0,0,2026-08-19T06:19:22.877736+00:00,2026-08-19T06:19:59.383855+00:00
25,789,Valdimarsson,4,GKP,40,0.3784,1.1932,0.04,0.0384,0.0403,0.0004,2,0,0,0,2026-08-19T06:19:22.877736+00:00,2026-08-19T06:19:59.383855+00:00
25,797,Fredrick,4,DEF,40,1.052,1.7408,0.1,0.198,0.1088,0.0036,2,0,0,0,2026-08-19T06:19:22.877736+00:00,2026-08-19T06:19:59.383855+00:00
25,834,Arthur,4,DEF,40,1.0332,1.7574,0.1,0.198,0.1088,0.0052,2,,,,2026-08-19T06:19:22.877736+00:00,
25,864,Konak,4,MID,45,0.958,1.3785,0.1,0.198,0.1088,0.0008,2,,,,2026-08-19T06:19:22.877736+00:00,
25,122,Adingra,5,MID,50,1.7976,2.2173,0.48,0.1144,0.4556,0.0084,1,15,90,1,2026-08-19T06:19:22.877736+00:00,2026-08-19T06:19:59.383855+00:00
25,123,Alzate,5,MID,44,0,0,0.0,0.0,0.0,0,1,0,0,0,2026-08-19T06:19:22.877736+00:00,2026-08-19T06:19:59.383855+00:00
25,124,Ayari,5,MID,45,0,0,0.0,0.0,0.0,0,1,0,0,0,2026-08-19T06:19:22.877736+00:00,2026-08-19T06:19:59.383855+00:00
25,125,Buonanotte,5,MID,47,1.3012,1.659,0.48,0.1144,0.4556,0.0032,1,7,65,1,2026-08-19T06:19:22.877736+00:00,2026-08-19T06:19:59.383855+00:00
25,127,Connolly,5,FWD,45,0,0,0.0,0.0,0.0,0,1,0,0,0,2026-08-19T06:19:22.877736+00:00,2026-08-19T06:19:59.383855+00:00
25,128,Dahoud,5,MID,48,0,0,0.0,0.0,0.0,0,1,0,0,0,2026-08-19T06:19:22.877736+00:00,2026-08-19T06:19:59.383855+00:00
25,129,Dunk,5,DEF,50,0,0,0.0,0.0,0.0,0,1,12,90,1,2026-08-19T06:19:22.877736+00:00,2026-08-19T06:19:59.383855+00:00
25,130,Enciso,5,MID,50,0.6792,1.2471,0.18,0.1804,0.1818,0.0,1,0,0,0,2026-08-19T06:19:22.877736+00:00,2026-08-19T06:19:59.383855+00:00
25,131,Estupiñan,5,DEF,50,0,0,0.0,0.0,0.0,0,1,1,9,0,2026-08-19T06:19:22.877736+00:00,2026-08-19T06:19:59.383855+00:00
25,132,Ferguson,5,FWD,58,0,0,0.0,0.0,0.0,0,1,1,24,0,2026-08-19T06:19:22.877736+00:00,2026-08-19T06:19:59.383855+00:00
25,133,Gilmour,5,MID,49,1.894,1.7281,0.68,0.0576,0.637,0.0032,1,2,90,1,2026-08-19T06:19:22.877736+00:00,2026-08-19T06:19:59.383855+00:00
25,134,Gross,5,MID,64,3.2224,3.0741,0.68,0.0576,0.637,0.0368,1,8,90,1,2026-08-19T06:19:22.877736+00:00,2026-08-19T06:19:59.383855+00:00
25,135,João Pedro,5,FWD,53,2.4312,2.9834,0.48,0.1144,0.4556,0.0348,1,0,0,0,2026-08-19T06:19:22.877736+00:00,2026-08-19T06:19:59.383855+00:00
25,136,Karbownik,5,DEF,40,0,0,0.0,0.0,0.0,0,1,0,0,0,2026-08-19T06:19:22.877736+00:00,2026-08-19T06:19:59.383855+00:00
25,137,Kozłowski,5,MID,45,0,0,0.0,0.0,0.0,0,1,0,0,0,2026-08-19T06:19:22.877736+00:00,2026-08-19T06:19:59.383855+00:00
25,138,Lallana,5,MID,49,1.3416,1.5667,0.48,0.1144,0.4556,0.0012,1,0,0,0,2026-08-19T06:19:22.877736+00:00,2026-08-19T06:19:59.383855+00:00
25,139,Lamptey,5,DEF,39,0.7328,1.426,0.22,0.1716,0.2183,0.0012,1,0,45,1,2026-08-19T06:19:22.877736+00:00,2026-08-19T06:19:59.383855+00:00
25,140,March,5,MID,61,0,0,0.0,0.0,0.0,0,1,0,0,0,2026-08-19T06:19:22.877736+00:00,2026-08-19T06:19:59.383855+00:00
25,141,McGill,5,GKP,39,0.1896,0.8126,0.04,0.0384,0.0403,0.0004,1,0,0,0,2026-08-19T06:19:22.877736+00:00,2026-08-19T06:19:59.383855+00:00
25,142,Milner,5,MID,48,0,0,0.0,0.0,0.0,0,1,0,0,0,2026-08-19T06:19:22.877736+00:00,2026-08-19T06:19:59.383855+00:00
25,143,Mitoma,5,MID,64,0,0,0.0,0.0,0.0,0,1,9,75,1,2026-08-19T06:19:22.877736+00:00,2026-08-19T06:19:59.383855+00:00
25,144,Moder,5,MID,44,0.4584,0.9805,0.1,0.198,0.1088,0.0004,1,1,45,1,2026-08-19T06:19:22.877736+00:00,2026-08-19T06:19:59.383855+00:00
25,146,Sarmiento,5,MID,45,0,0,0.0,0.0,0.0,0,1,0,0,0,2026-08-19T06:19:22.877736+00:00,2026-08-19T06:19:59.383855+00:00
25,147,Scherpen,5,GKP,40,0,0,0.0,0.0,0.0,0,1,0,0,0,2026-08-19T06:19:22.877736+00:00,2026-08-19T06:19:59.383855+00:00
25,148,Steele,5,GKP,42,3.0388,2.1821,0.9,0.004,0.8373,0.0016,1,0,0,0,2026-08-19T06:19:22.877736+00:00,2026-08-19T06:19:59.383855+00:00
25,149,Undav,5,FWD,55,0,0,0.0,0.0,0.0,0,1,0,0,0,2026-08-19T06:19:22.877736+00:00,2026-08-19T06:19:59.383855+00:00
25,150,Van Hecke,5,DEF,40,0,0,0.0,0.0,0.0,0,1,6,90,1,2026-08-19T06:19:22.877736+00:00,2026-08-19T06:19:59.383855+00:00
25,151,Veltman,5,DEF,43,0,0,0.0,0.0,0.0,0,1,0,0,0,2026-08-19T06:19:22.877736+00:00,2026-08-19T06:19:59.383855+00:00
25,152,Verbruggen,5,GKP,44,0.1716,0.7595,0.04,0.0384,0.0403,0.0,1,5,90,1,2026-08-19T06:19:22.877736+00:00,2026-08-19T06:19:59.383855+00:00
25,153,Webster,5,DEF,42,0.7024,1.3941,0.22,0.1716,0.2183,0.0016,1,1,45,1,2026-08-19T06:19:22.877736+00:00,2026-08-19T06:19:59.383855+00:00
25,154,Welbeck,5,FWD,57,1.6344,2.0004,0.48,0.1456,0.458,0.0052,1,6,80,1,2026-08-19T06:19:22.877736+00:00,2026-08-19T06:19:59.383855+00:00
25,155,Zeqiri,5,FWD,44,0,0,0.0,0.0,0.0,0,1,0,0,0,2026-08-19T06:19:22.877736+00:00,2026-08-19T06:19:59.383855+00:00
25,606,Igor,5,DEF,43,0.6624,1.3216,0.22,0.1716,0.2183,0.0,1,1,45,1,2026-08-19T06:19:22.877736+00:00,2026-08-19T06:19:59.383855+00:00
25,621,Hinshelwood,5,MID,45,0,0,0.0,0.0,0.0,0,1,0,0,0,2026-08-19T06:19:22.877736+00:00,2026-08-19T06:19:59.383855+00:00
25,690,Baleba,5,MID,45,0.7852,1.1898,0.28,0.1584,0.2731,0.0012,1,0,0,0,2026-08-19T06:19:22.877736+00:00,2026-08-19T06:19:59.383855+00:00
25,700,Ansu Fati,5,MID,64,1.1792,1.9398,0.28,0.2016,0.2765,0.008,1,4,14,0,2026-08-19T06:19:22.877736+00:00,2026-08-19T06:19:59.383855+00:00
25,741,O’Mahony,5,FWD,45,0.43,0.8413,0.1,0.198,0.1088,0.0,1,0,0,0,2026-08-19T06:19:22.877736+00:00,2026-08-19T06:19:59.383855+00:00
25,742,Baker-Boaitey,5,MID,45,0.4568,0.943,0.1,0.198,0.1088,0.0012,1,0,0,0,2026-08-19T06:19:22.877736+00:00,2026-08-19T06:19:59.383855+00:00
25,746,Jackson,5,DEF,40,0.5016,1.2067,0.1,0.198,0.1088,0.0004,1,0,0,0,2026-08-19T06:19:22.877736+00:00,2026-08-19T06:19:59.383855+00:00
25,747,Duffus,5,MID,44,0.4572,0.946,0.1,0.198,0.1088,0.0,1,0,0,0,2026-08-19T06:19:22.877736+00:00,2026-08-19T06:19:59.383855+00:00
25,753,Kavanagh,5,DEF,40,0.4368,1.0534,0.1,0.198,0.1088,0.0004,1,0,0,0,2026-08-19T06:19:22.877736+00:00,2026-08-19T06:19:59.383855+00:00
25,755,Barrington,5,MID,45,0.4732,0.9634,0.1,0.198,0.1088,0.0008,1,0,0,0,2026-08-19T06:19:22.877736+00:00,2026-08-19T06:19:59.383855+00:00
25,786,Peupion,5,MID,45,0.4576,0.9341,0.1,0.198,0.1088,0.0,1,0,0,0,2026-08-19T06:19:22.877736+00:00,2026-08-19T06:19:59.383855+00:00
25,816,Barco,5,DEF,40,0.4748,1.109,0.1,0.198,0.1088,0.0004,1,0,0,0,2026-08-19T06:19:22.877736+00:00,2026-08-19T06:19:59.383855+00:00
25,843,Chouchane,5,MID,45,0.45,0.8934,0.1,0.198,0.1088,0.0,1,,,,2026-08-19T06:19:22.877736+00:00,
25,845,Offiah,5,DEF,40,0.4564,1.0555,0.1,0.198,0.1088,0.0004,1,,,,2026-08-19T06:19:22.877736+00:00,
25,861,Atom,5,DEF,40,0.4468,1.0433,0.1,0.198,0.1088,0.0004,1,,,,2026-08-19T06:19:22.877736+00:00,
25,156,Agyei,6,MID,42,0.4664,0.9119,0.1,0.198,0.1088,0.0004,1,0,0,0,2026-08-19T06:19:22.877736+00:00,2026-08-19T06:19:59.383855+00:00
25,157,Al-Dakhil,6,DEF,38,0,0,0.0,0.0,0.0,0,1,0,0,0,2026-08-19T06:19:22.877736+00:00,2026-08-19T06:19:59.383855+00:00
25,158,Bastien,6,MID,49,0,0,0.0,0.0,0.0,0,1,0,0,0,2026-08-19T06:19:22.877736+00:00,2026-08-19T06:19:59.383855+00:00
25,159,Benson,6,MID,52,0.69,1.2744,0.18,0.1804,0.1818,0.0012,1,0,0,0,2026-08-19T06:19:22.877736+00:00,2026-08-19T06:19:59.383855+00:00
25,160,Beyer,6,DEF,40,0,0,0.0,0.0,0.0,0,1,0,0,0,2026-08-19T06:19:22.877736+00:00,2026-08-19T06:19:59.383855+00:00
25,161,Brownhill,6,MID,47,2.0016,1.8299,0.68,0.0576,0.637,0.0032,1,2,90,1,2026-08-19T06:19:22.877736+00:00,2026-08-19T06:19:59.383855+00:00
25,162,Churlinov,6,MID,44,0,0,0.0,0.0,0.0,0,1,0,0,0,2026-08-19T06:19:22.877736+00:00,2026-08-19T06:19:59.383855+00:00
25,163,Cork,6,MID,48,0.7376,1.3359,0.18,0.1804,0.1818,0.0008,1,0,0,0,2026-08-19T06:19:22.877736+00:00,2026-08-19T06:19:59.383855+00:00
25,164,Costelloe,6,MID,45,0,0,0.0,0.0,0.0,0,1,0,0,0,2026-08-19T06:19:22.877736+00:00,2026-08-19T06:19:59.383855+00:00
25,165,Cullen,6,MID,50,1.2716,1.4806,0.48,0.1144,0.4556,0.0008,1,0,0,0,2026-08-19T06:19:22.877736+00:00,2026-08-19T06:19:59.383855+00:00
25,166,Egan-Riley,6,DEF,39,0,0,0.0,0.0,0.0,0,1,0,0,0,2026-08-19T06:19:22.877736+00:00,2026-08-19T06:19:59.383855+00:00
25,167,Ekdal,6,DEF,39,0.8212,1.5745,0.22,0.1716,0.2183,0.0008,1,0,0,0,2026-08-19T06:19:22.877736+00:00,2026-08-19T06:19:59.383855+00:00
25,168,Foster,6,FWD,47,1.6444,1.9248,0.48,0.1144,0.4556,0.0036,1,0,0,0,2026-08-19T06:19:22.877736+00:00,2026-08-19T06:19:59.383855+00:00
25,169,Franchi,6,GKP,39,0,0,0.0,0.0,0.0,0,1,0,0,0,2026-08-19T06:19:22.877736+00:00,2026-08-19T06:19:59.383855+00:00
25,170,Gudmundsson,6,MID,48,1.5484,1.9816,0.48,0.1144,0.4556,0.0088,1,1,45,1,2026-08-19T06:19:22.877736+00:00,2026-08-19T06:19:59.383855+00:00
25,171,McNally,6,DEF,40,0,0,0.0,0.0,0.0,0,1,0,0,0,2026-08-19T06:19:22.877736+00:00,2026-08-19T06:19:59.383855+00:00
25,172,Muric,6,GKP,43,0.1904,0.8575,0.04,0.0384,0.0403,0.0,1,0,0,0,2026-08-19T06:19:22.877736+00:00,2026-08-19T06:19:59.383855+00:00
25,173,O'Shea,6,DEF,44,0.8336,1.6646,0.22,0.1404,0.2158,0.0016,1,0,90,1,2026-08-19T06:19:22.877736+00:00,2026-08-19T06:19:59.383855+00:00
25,174,Obafemi,6,FWD,49,0,0,0.0,0.0,0.0,0,1,0,0,0,2026-08-19T06:19:22.877736+00:00,2026-08-19T06:19:59.383855+00:00
25,175,Peacock-Farrell,6,GKP,40,0,0,0.0,0.0,0.0,0,1,0,0,0,2026-08-19T06:19:22.877736+00:00,2026-08-19T06:19:59.383855+00:00
25,176,Roberts,6,DEF,43,0,0,0.0,0.0,0.0,0,1,0,0,0,2026-08-19T06:19:22.877736+00:00,2026-08-19T06:19:59.383855+00:00
25,177,Rodriguez,6,FWD,53,1.2364,1.9812,0.28,0.1584,0.2731,0.0064,1,1,27,0,2026-08-19T06:19:22.877736+00:00,2026-08-19T06:19:59.383855+00:00
25,178,Taylor,6,DEF,40,0.8596,1.6587,0.22,0.1716,0.2183,0.002,1,0,28,0,2026-08-19T06:19:22.877736+00:00,2026-08-19T06:19:59.383855+00:00
25,179,Thomas,6,DEF,40,0,0,0.0,0.0,0.0,0,1,0,0,0,2026-08-19T06:19:22.877736+00:00,2026-08-19T06:19:59.383855+00:00
25,180,Twine,6,MID,49,0,0,0.0,0.0,0.0,0,1,0,0,0,2026-08-19T06:19:22.877736+00:00,2026-08-19T06:19:59.383855+00:00
25,181,Vigouroux,6,GKP,39,0.1544,0.7313,0.04,0.0384,0.0403,0.0,1,0,0,0,2026-08-19T06:19:22.877736+00:00,2026-08-19T06:19:59.383855+00:00
25,182,Vitinho,6,DEF,44,0.8924,1.7063,0.22,0.1716,0.2183,0.0024,1,1,11,0,2026-08-19T06:19:22.877736+00:00,2026-08-19T06:19:59.383855+00:00
25,183,Weghorst,6,FWD,55,0,0,0.0,0.0,0.0,0,1,0,0,0,2026-08-19T06:19:22.877736+00:00,2026-08-19T06:19:59.383855+00:00
25,184,Zaroury,6,MID,46,0,0,0.0,0.0,0.0,0,1,0,0,0,2026-08-19T06:19:22.877736+00:00,2026-08-19T06:19:59.383855+00:00
25,200,D.D.Fofana,6,FWD,50,0.7428,1.4554,0.18,0.1804,0.1818,0.0028,1,2,90,1,2026-08-19T06:19:22.877736+00:00,2026-08-19T06:19:59.383855+00:00
25,475,Berge,6,MID,47,1.9708,1.9184,0.68,0.0576,0.637,0.0028,1,2,90,1,2026-08-19T06:19:22.877736+00:00,2026-08-19T06:19:59.383855+00:00
25,594,Amdouni,6,FWD,53,2.584,2.4512,0.68,0.0576,0.637,0.016,1,1,45,1,2026-08-19T06:19:22.877736+00:00,2026-08-19T06:19:59.383855+00:00
25,596,Trafford,6,GKP,45,3.588,2.3557,0.9,0.004,0.8373,0.0012,1,0,90,1,2026-08-19T06:19:22.877736+00:00,2026-08-19T06:19:59.383855+00:00
25,600,Redmond,6,MID,47,0,0,0.0,0.0,0.0,0,1,0,0,0,2026-08-19T06:19:22.877736+00:00,2026-08-19T06:19:59.383855+00:00
25,605,Koleosho,6,MID,48,1.0484,1.816,0.24,0.1672,0.2366,0.004,1,0,0,0,2026-08-19T06:19:22.877736+00:00,2026-08-19T06:19:59.383855+00:00
25,608,Bruun Larsen,6,MID,48,1.0368,1.6897,0.28,0.1584,0.2731,0.0024,1,1,10,0,2026-08-19T06:19:22.877736+00:00,2026-08-19T06:19:59.383855+00:00
25,622,Dodgson,6,DEF,40,0,0,0.0,0.0,0.0,0,1,0,0,0,2026-08-19T06:19:22.877736+00:00,2026-08-19T06:19:59.383855+00:00
25,660,Odobert,6,MID,50,1.7136,2.0676,0.48,0.1144,0.4556,0.0064,1,2,79,1,2026-08-19T06:19:22.877736+00:00,2026-08-19T06:19:59.383855+00:00
25,674,Delcroix,6,DEF,40,0.8816,1.6598,0.22,0.1716,0.2183,0.0028,1,0,90,1,2026-08-19T06:19:22.877736+00:00,2026-08-19T06:19:59.383855+00:00
25,675,A.Ramsey,6,MID,50,0,0,0.0,0.0,0.0,0,1,1,62,1,2026-08-19T06:19:22.877736+00:00,2026-08-19T06:19:59.383855+00:00
25,694,Massengo,6,MID,49,0.7276,1.3292,0.18,0.1804,0.1818,0.0004,1,0,0,0,2026-08-19T06:19:22.877736+00:00,2026-08-19T06:19:59.383855+00:00
25,706,M.Trésor,6,MID,53,0.9692,1.5238,0.28,0.1584,0.2731,0.0008,1,0,0,0,2026-08-19T06:19:22.877736+00:00,2026-08-19T06:19:59.383855+00:00
25,805,Assignon,6,DEF,40,0.5344,1.2537,0.1,0.198,0.1088,0.0008,1,-1,79,1,2026-08-19T06:19:22.877736+00:00,2026-08-19T06:19:59.383855+00:00
25,806,Estève,6,DEF,40,0.5152,1.2338,0.1,0.198,0.1088,0.0008,1,1,61,1,2026-08-19T06:19:22.877736+00:00,2026-08-19T06:19:59.383855+00:00
25,126,Caicedo,7,MID,45,1.5064,1.2829,0.68,0.0576,0.637,0.0,1,1,90,1,2026-08-19T06:19:22.877736+00:00,2026-08-19T06:19:59.383855+00:00
25,145,Sanchez,7,GKP,45,0.1252,0.6401,0.02,0.0392,0.0217,0.0,1,0,0,0,2026-08-19T06:19:22.877736+00:00,2026-08-19T06:19:59.383855+00:00
25,185,Ampadu,7,DEF,40,0,0,0.0,0.0,0.0,0,1,0,0,0,2026-08-19T06:19:22.877736+00:00,2026-08-19T06:19:59.383855+00:00
25,186,Andrey,7,MID,42,0,0,0.0,0.0,0.0,0,1,0,0,0,2026-08-19T06:19:22.877736+00:00,2026-08-19T06:19:59.383855+00:00
25,187,Arrizabalaga,7,GKP,50,0,0,0.0,0.0,0.0,0,1,0,0,0,2026-08-19T06:19:22.877736+00:00,2026-08-19T06:19:59.383855+00:00
25,188,Aubameyang,7,FWD,65,0,0,0.0,0.0,0.0,0,1,0,0,0,2026-08-19T06:19:22.877736+00:00,2026-08-19T06:19:59.383855+00:00
25,189,Azpilicueta,7,DEF,45,0,0,0.0,0.0,0.0,0,1,0,0,0,2026-08-19T06:19:22.877736+00:00,2026-08-19T06:19:59.383855+00:00
25,190,Baba,7,DEF,40,0,0,0.0,0.0,0.0,0,1,0,0,0,2026-08-19T06:19:22.877736+00:00,2026-08-19T06:19:59.383855+00:00
25,191,B.Badiashile,7,DEF,44,0.9436,1.7181,0.22,0.1716,0.2183,0.002,1,0,0,0,2026-08-19T06:19:22.877736+00:00,2026-08-19T06:19:59.383855+00:00
25,192,Bettinelli,7,GKP,40,0.1588,0.769,0.04,0.0384,0.0403,0.0,1,0,0,0,2026-08-19T06:19:22.877736+00:00,2026-08-19T06:19:59.383855+00:00
25,194,Chalobah,7,DEF,43,0.6796,1.4437,0.22,0.1404,0.2158,0.0012,1,1,19,0,2026-08-19T06:19:22.877736+00:00,2026-08-19T06:19:59.383855+00:00
25,195,Chilwell,7,DEF,54,0.9588,1.8413,0.28,0.1584,0.2731,0.0056,1,2,90,1,2026-08-19T06:19:22.877736+00:00,2026-08-19T06:19:59.383855+00:00
25,196,Chukwuemeka,7,MID,42,0.4544,0.9236,0.1,0.198,0.1088,0.0,1,0,0,0,2026-08-19T06:19:22.877736+00:00,2026-08-19T06:19:59.383855+00:00
25,197,Colwill,7,DEF,47,2.1576,2.3757,0.68,0.0576,0.637,0.008,1,2,90,1,2026-08-19T06:19:22.877736+00:00,2026-08-19T06:19:59.383855+00:00
25,198,Cucurella,7,DEF,48,1.2876,1.9789,0.48,0.1144,0.4556,0.004,1,0,0,0,2026-08-19T06:19:22.877736+00:00,2026-08-19T06:19:59.383855+00:00
25,199,Enzo,7,MID,48,0,0,0.0,0.0,0.0,0,1,2,90,1,2026-08-19T06:19:22.877736+00:00,2026-08-19T06:19:59.383855+00:00
25,201,W.Fofana,7,DEF,44,0,0,0.0,0.0,0.0,0,1,0,0,0,2026-08-19T06:19:22.877736+00:00,2026-08-19T06:19:59.383855+00:00
25,202,Gallagher,7,MID,54,2.262,2.1378,0.68,0.0576,0.637,0.0092,1,2,90,1,2026-08-19T06:19:22.877736+00:00,2026-08-19T06:19:59.383855+00:00
25,203,Gusto,7,DEF,42,0.8644,1.7297,0.22,0.1716,0.2183,0.0032,1,2,90,1,2026-08-19T06:19:22.877736+00:00,2026-08-19T06:19:59.383855+00:00
25,206,James,7,DEF,53,0,0,0.0,0.0,0.0,0,1,0,0,0,2026-08-19T06:19:22.877736+00:00,2026-08-19T06:19:59.383855+00:00
25,207,Lukaku,7,FWD,68,0,0,0.0,0.0,0.0,0,1,0,0,0,2026-08-19T06:19:22.877736+00:00,2026-08-19T06:19:59.383855+00:00
25,208,Madueke,7,MID,53,0.9652,1.6056,0.28,0.1584,0.2731,0.0024,1,0,0,0,2026-08-19T06:19:22.877736+00:00,2026-08-19T06:19:59.383855+00:00
25,210,Mudryk,7,MID,63,0,0,0.0,0.0,0.0,0,1,0,0,0,2026-08-19T06:19:22.877736+00:00,2026-08-19T06:19:59.383855+00:00
25,211,N.Jackson,7,FWD,68,2.8316,3.0309,0.68,0.0576,0.637,0.0444,1,5,81,1,2026-08-19T06:19:22.877736+00:00,2026-08-19T06:19:59.383855+00:00
25,212,Nkunku,7,FWD,73,2.2304,2.1475,0.72,0.0784,0.6759,0.016,1,1,26,0,2026-08-19T06:19:22.877736+00:00,2026-08-19T06:19:59.383855+00:00
25,213,Pulisic,7,MID,55,0,0,0.0,0.0,0.0,0,1,0,0,0,2026-08-19T06:19:22.877736+00:00,2026-08-19T06:19:59.383855+00:00
25,214,M.Sarr,7,DEF,43,0.4712,1.1261,0.1,0.198,0.1088,0.0008,1,0,0,0,2026-08-19T06:19:22.877736+00:00,2026-08-19T06:19:59.383855+00:00
25,215,Slonina,7,GKP,40,0,0,0.0,0.0,0.0,0,1,0,0,0,2026-08-19T06:19:22.877736+00:00,2026-08-19T06:19:59.383855+00:00
25,216,Sterling,7,MID,69,2.802,2.9183,0.68,0.0576,0.637,0.0364,1,8,63,1,2026-08-19T06:19:22.877736+00:00,2026-08-19T06:19:59.383855+00:00
25,217,T.Silva,7,DEF,50,1.904,2.072,0.68,0.0576,0.637,0.0024,1,0,0,0,2026-08-19T06:19:22.877736+00:00,2026-08-19T06:19:59.383855+00:00
25,218,Ziyech,7,MID,54,0,0,0.0,0.0,0.0,0,1,0,0,0,2026-08-19T06:19:22.877736+00:00,2026-08-19T06:19:59.383855+00:00
25,362,Palmer,7,MID,58,3.7052,3.7124,0.68,0.0576,0.637,0.0744,1,2,70,1,2026-08-19T06:19:22.877736+00:00,2026-08-19T06:19:59.383855+00:00
25,589,Ângelo,7,MID,50,0,0,0.0,0.0,0.0,0,1,0,0,0,2026-08-19T06:19:22.877736+00:00,2026-08-19T06:19:59.383855+00:00
25,609,Maatsen,7,MID,51,0,0,0.0,0.0,0.0,0,1,0,0,0,2026-08-19T06:19:22.877736+00:00,2026-08-19T06:19:59.383855+00:00
25,611,Disasi,7,DEF,49,2.0788,2.3881,0.68,0.0576,0.637,0.01,1,2,90,1,2026-08-19T06:19:22.877736+00:00,2026-08-19T06:19:59.383855+00:00
25,613,Ugochukwu,7,MID,44,0.846,1.18,0.28,0.1584,0.2731,0.0,1,0,0,0,2026-08-19T06:19:22.877736+00:00,2026-08-19T06:19:59.383855+00:00
25,623,Burstow,7,FWD,45,0,0,0.0,0.0,0.0,0,1,0,0,0,2026-08-19T06:19:22.877736+00:00,2026-08-19T06:19:59.383855+00:00
25,659,Bergström,7,GKP,39,0,0,0.0,0.0,0.0,0,1,0,0,0,2026-08-19T06:19:22.877736+00:00,2026-08-19T06:19:59.383855+00:00
25,667,Lavia,7,MID,49,0,0,0.0,0.0,0.0,0,1,0,0,0,2026-08-19T06:19:22.877736+00:00,2026-08-19T06:19:59.383855+00:00
25,671,Humphreys,7,DEF,40,0,0,0.0,0.0,0.0,0,1,0,0,0,2026-08-19T06:19:22.877736+00:00,2026-08-19T06:19:59.383855+00:00
25,677,Deivid,7,FWD,45,0.4484,0.964,0.1,0.198,0.1088,0.0004,1,0,0,0,2026-08-19T06:19:22.877736+00:00,2026-08-19T06:19:59.383855+00:00
25,680,Beach,7,GKP,40,0,0,0.0,0.0,0.0,0,1,0,0,0,2026-08-19T06:19:22.877736+00:00,2026-08-19T06:19:59.383855+00:00
25,681,Diego Moreira,7,MID,45,0.4496,0.8974,0.1,0.198,0.1088,0.0,1,0,0,0,2026-08-19T06:19:22.877736+00:00,2026-08-19T06:19:59.383855+00:00
25,687,Petrović,7,GKP,45,3.312,2.2328,0.88,0.0048,0.8188,0.0032,1,2,90,1,2026-08-19T06:19:22.877736+00:00,2026-08-19T06:19:59.383855+00:00
25,716,Gilchrist,7,DEF,40,0.4616,1.118,0.1,0.198,0.1088,0.0004,1,0,0,0,2026-08-19T06:19:22.877736+00:00,2026-08-19T06:19:59.383855+00:00
25,717,Stutter,7,FWD,45,0.4572,0.9405,0.1,0.198,0.1088,0.0004,1,0,0,0,2026-08-19T06:19:22.877736+00:00,2026-08-19T06:19:59.383855+00:00
25,718,Matos,7,MID,45,0,0,0.0,0.0,0.0,0,1,0,0,0,2026-08-19T06:19:22.877736+00:00,2026-08-19T06:19:59.383855+00:00
25,723,Brooking,7,DEF,40,0.4764,1.1054,0.1,0.198,0.1088,0.0008,1,0,0,0,2026-08-19T06:19:22.877736+00:00,2026-08-19T06:19:59.383855+00:00
25,758,Castledine,7,MID,45,0.448,0.9146,0.1,0.198,0.1088,0.0,1,0,0,0,2026-08-19T06:19:22.877736+00:00,2026-08-19T06:19:59.383855+00:00
25,791,Casadei,7,MID,45,0.4368,0.8818,0.1,0.198,0.1088,0.0004,1,1,8,0,2026-08-19T06:19:22.877736+00:00,2026-08-19T06:19:59.383855+00:00
25,819,Samuels-Smith,7,DEF,40,0.4704,1.1045,0.1,0.198,0.1088,0.0012,1,0,0,0,2026-08-19T06:19:22.877736+00:00,2026-08-19T06:19:59.383855+00:00
25,820,Harrison,7,MID,45,0.4328,0.8737,0.1,0.198,0.1088,0.0004,1,0,0,0,2026-08-19T06:19:22.877736+00:00,2026-08-19T06:19:59.383855+00:00
25,830,Tauriainen,7,MID,45,0.4408,0.934,0.1,0.198,0.1088,0.0008,1,,,,2026-08-19T06:19:22.877736+00:00,
25,838,Acheampong,7,DEF,40,0.4244,1.0514,0.1,0.198,0.1088,0.0004,1,,,,2026-08-19T06:19:22.877736+00:00,
25,847,Sharman-Lowe,7,GKP,40,0.1792,0.8036,0.04,0.0384,0.0403,0.0,1,,,,2026-08-19T06:19:22.877736+00:00,
25,851,George,7,FWD,45,0.4564,0.8902,0.1,0.198,0.1088,0.0012,1,,,,2026-08-19T06:19:22.877736+00:00,
25,852,Dyer,7,MID,45,0.4372,0.8672,0.1,0.198,0.1088,0.0,1,,,,2026-08-19T06:19:22.877736+00:00,
25,858,Curd,7,GKP,40,0.1448,0.6882,0.04,0.0384,0.0403,0.0,1,,,,2026-08-19T06:19:22.877736+00:00,
25,859,Sturge,7,DEF,40,0.4808,1.1383,0.1,0.198,0.1088,0.0004,1,,,,2026-08-19T06:19:22.877736+00:00,
25,7,Holding,8,DEF,43,0.5304,1.2189,0.11,0.1958,0.118,0.0012,1,0,0,0,2026-08-19T06:19:22.877736+00:00,2026-08-19T06:19:59.383855+00:00
25,219,Ahamada,8,MID,43,0.4576,0.9023,0.1,0.198,0.1088,0.0,1,1,18,0,2026-08-19T06:19:22.877736+00:00,2026-08-19T06:19:59.383855+00:00
25,220,Andersen,8,DEF,47,2.5872,2.4434,0.82,0.0324,0.7652,0.0132,1,2,90,1,2026-08-19T06:19:22.877736+00:00,2026-08-19T06:19:59.383855+00:00
25,221,J.Ayew,8,MID,54,2.0876,2.201,0.68,0.0576,0.637,0.0128,1,6,90,1,2026-08-19T06:19:22.877736+00:00,2026-08-19T06:19:59.383855+00:00
25,222,Clyne,8,DEF,44,0.71,1.3589,0.22,0.1716,0.2183,0.0004,1,0,0,0,2026-08-19T06:19:22.877736+00:00,2026-08-19T06:19:59.383855+00:00
25,223,C.Doucouré,8,MID,49,0,0,0.0,0.0,0.0,0,1,0,0,0,2026-08-19T06:19:22.877736+00:00,2026-08-19T06:19:59.383855+00:00
25,224,Ebiowei,8,MID,44,0,0,0.0,0.0,0.0,0,1,0,0,0,2026-08-19T06:19:22.877736+00:00,2026-08-19T06:19:59.383855+00:00
25,225,Edouard,8,FWD,54,1.8108,2.2368,0.48,0.1144,0.4556,0.0088,1,2,71,1,2026-08-19T06:19:22.877736+00:00,2026-08-19T06:19:59.383855+00:00
25,226,Eze,8,MID,60,2.2348,2.8271,0.48,0.1456,0.458,0.0256,1,0,0,0,2026-08-19T06:19:22.877736+00:00,2026-08-19T06:19:59.383855+00:00
25,227,Guaita,8,GKP,44,0,0,0.0,0.0,0.0,0,1,0,0,0,2026-08-19T06:19:22.877736+00:00,2026-08-19T06:19:59.383855+00:00
25,228,Guéhi,8,DEF,43,0.7804,1.5277,0.22,0.1404,0.2158,0.0016,1,0,0,0,2026-08-19T06:19:22.877736+00:00,2026-08-19T06:19:59.383855+00:00
25,229,Hughes,8,MID,49,0,0,0.0,0.0,0.0,0,1,0,0,0,2026-08-19T06:19:22.877736+00:00,2026-08-19T06:19:59.383855+00:00
25,230,Johnstone,8,GKP,45,0,0,0.0,0.0,0.0,0,1,3,90,1,2026-08-19T06:19:22.877736+00:00,2026-08-19T06:19:59.383855+00:00
25,231,Lerma,8,MID,47,2.0644,2.0411,0.68,0.0576,0.637,0.0068,1,1,90,1,2026-08-19T06:19:22.877736+00:00,2026-08-19T06:19:59.383855+00:00
25,232,Mateta,8,FWD,49,1.5944,1.9506,0.48,0.1144,0.4556,0.0064,1,5,90,1,2026-08-19T06:19:22.877736+00:00,2026-08-19T06:19:59.383855+00:00
25,233,Matthews,8,GKP,39,0.1724,0.8142,0.04,0.0384,0.0403,0.0,1,0,0,0,2026-08-19T06:19:22.877736+00:00,2026-08-19T06:19:59.383855+00:00
25,234,Mitchell,8,DEF,45,0.71,1.4351,0.22,0.1404,0.2158,0.0,1,2,90,1,2026-08-19T06:19:22.877736+00:00,2026-08-19T06:19:59.383855+00:00
25,235,O'Brien,8,DEF,40,0,0,0.0,0.0,0.0,0,1,0,0,0,2026-08-19T06:19:22.877736+00:00,2026-08-19T06:19:59.383855+00:00
25,236,Olise,8,MID,58,2.3784,2.8821,0.48,0.1456,0.458,0.028,1,0,0,0,2026-08-19T06:19:22.877736+00:00,2026-08-19T06:19:59.383855+00:00
25,237,Plange,8,FWD,45,0,0,0.0,0.0,0.0,0,1,0,0,0,2026-08-19T06:19:22.877736+00:00,2026-08-19T06:19:59.383855+00:00
25,238,C.Richards,8,DEF,39,0.724,1.4192,0.22,0.1716,0.2183,0.0012,1,2,90,1,2026-08-19T06:19:22.877736+00:00,2026-08-19T06:19:59.383855+00:00
25,239,Riedewald,8,MID,43,0.478,0.9162,0.1,0.198,0.1088,0.0,1,0,0,0,2026-08-19T06:19:22.877736+00:00,2026-08-19T06:19:59.383855+00:00
25,240,Schlupp,8,MID,49,2.0968,1.9073,0.68,0.0704,0.638,0.0068,1,0,0,0,2026-08-19T06:19:22.877736+00:00,2026-08-19T06:19:59.383855+00:00
25,241,Tomkins,8,DEF,40,0.5004,1.1625,0.1,0.198,0.1088,0.0004,1,0,0,0,2026-08-19T06:19:22.877736+00:00,2026-08-19T06:19:59.383855+00:00
25,242,Ward,8,DEF,45,0.7244,1.4377,0.22,0.1716,0.2183,0.0016,1,2,90,1,2026-08-19T06:19:22.877736+00:00,2026-08-19T06:19:59.383855+00:00
25,243,Whitworth,8,GKP,39,0.1828,0.794,0.04,0.0384,0.0403,0.0,1,0,0,0,2026-08-19T06:19:22.877736+00:00,2026-08-19T06:19:59.383855+00:00
25,385,Henderson,8,GKP,44,2.7852,2.1204,0.88,0.0048,0.8188,0.0004,1,0,0,0,2026-08-19T06:19:22.877736+00:00,2026-08-19T06:19:59.383855+00:00
25,615,Matheus França,8,MID,48,0,0,0.0,0.0,0.0,0,1,0,0,0,2026-08-19T06:19:22.877736+00:00,2026-08-19T06:19:59.383855+00:00
25,657,Rak-Sakyi,8,MID,45,0.4724,0.9642,0.1,0.198,0.1088,0.0004,1,0,0,0,2026-08-19T06:19:22.877736+00:00,2026-08-19T06:19:59.383855+00:00
25,658,Gordon,8,FWD,45,0,0,0.0,0.0,0.0,0,1,0,0,0,2026-08-19T06:19:22.877736+00:00,2026-08-19T06:19:59.383855+00:00
25,720,Ola-Adebomi,8,FWD,45,0,0,0.0,0.0,0.0,0,1,0,0,0,2026-08-19T06:19:22.877736+00:00,2026-08-19T06:19:59.383855+00:00
25,721,Ozoh,8,MID,45,0.4524,0.91,0.1,0.198,0.1088,0.0004,1,1,2,0,2026-08-19T06:19:22.877736+00:00,2026-08-19T06:19:59.383855+00:00
25,724,Raymond,8,MID,45,0.4736,0.9575,0.1,0.198,0.1088,0.0004,1,0,0,0,2026-08-19T06:19:22.877736+00:00,2026-08-19T06:19:59.383855+00:00
25,763,Adaramola,8,DEF,40,0,0,0.0,0.0,0.0,0,1,0,0,0,2026-08-19T06:19:22.877736+00:00,2026-08-19T06:19:59.383855+00:00
25,792,Muñoz,8,DEF,45,0.4372,1.0393,0.1,0.198,0.1088,0.0004,1,2,90,1,2026-08-19T06:19:22.877736+00:00,2026-08-19T06:19:59.383855+00:00
25,807,Wharton,8,MID,50,0.6636,1.2082,0.18,0.1804,0.1818,0.0016,1,3,87,1,2026-08-19T06:19:22.877736+00:00,2026-08-19T06:19:59.383855+00:00
25,821,Umeh-Chibueze,8,FWD,45,0.4564,0.9366,0.1,0.198,0.1088,0.0,1,0,0,0,2026-08-19T06:19:22.877736+00:00,2026-08-19T06:19:59.383855+00:00
25,825,Rodney,8,MID,45,0.4436,0.9073,0.1,0.198,0.1088,0.0,1,,,,2026-08-19T06:19:22.877736+00:00,
25,842,Mathurin,8,MID,44,0.4592,0.938,0.1,0.198,0.1088,0.0,1,,,,2026-08-19T06:19:22.877736+00:00,
25,244,André Gomes,9,MID,44,0.3516,0.7956,0.05,0.209,0.0632,0.0,1,0,0,0,2026-08-19T06:19:22.877736+00:00,2026-08-19T06:19:59.383855+00:00
25,245,Branthwaite,9,DEF,42,0.9348,1.8963,0.22,0.1404,0.2158,0.006,1,2,90,1,2026-08-19T06:19:22.877736+00:00,2026-08-19T06:19:59.383855+00:00
25,246,Calvert-Lewin,9,FWD,58,3.0056,2.9686,0.68,0.0896,0.6396,0.052,1,2,90,1,2026-08-19T06:19:22.877736+00:00,2026-08-19T06:19:59.383855+00:00
25,247,Coleman,9,DEF,44,0.5256,1.2651,0.1,0.198,0.1088,0.0016,1,0,0,0,2026-08-19T06:19:22.877736+00:00,2026-08-19T06:19:59.383855+00:00
25,248,Dele,9,MID,48,0,0,0.0,0.0,0.0,0,1,0,0,0,2026-08-19T06:19:22.877736+00:00,2026-08-19T06:19:59.383855+00:00
25,249,A.Doucoure,9,MID,55,3.0912,3.1499,0.68,0.0576,0.637,0.0352,1,2,71,1,2026-08-19T06:19:22.877736+00:00,2026-08-19T06:19:59.383855+00:00
25,250,Garner,9,MID,49,2.1528,2.0942,0.68,0.0576,0.637,0.006,1,3,90,1,2026-08-19T06:19:22.877736+00:00,2026-08-19T06:19:59.383855+00:00
25,251,Gbamin,9,MID,44,0,0,0.0,0.0,0.0,0,1,0,0,0,2026-08-19T06:19:22.877736+00:00,2026-08-19T06:19:59.383855+00:00
25,252,Godfrey,9,DEF,43,0.9272,1.817,0.22,0.1716,0.2183,0.0032,1,2,90,1,2026-08-19T06:19:22.877736+00:00,2026-08-19T06:19:59.383855+00:00
25,253,Gray,9,MID,53,0,0,0.0,0.0,0.0,0,1,0,0,0,2026-08-19T06:19:22.877736+00:00,2026-08-19T06:19:59.383855+00:00
25,254,Gana,9,MID,48,1.2996,1.623,0.48,0.1144,0.4556,0.0024,1,3,65,1,2026-08-19T06:19:22.877736+00:00,2026-08-19T06:19:59.383855+00:00
25,257,Keane,9,DEF,43,0.9204,1.779,0.22,0.1716,0.2183,0.004,1,0,0,0,2026-08-19T06:19:22.877736+00:00,2026-08-19T06:19:59.383855+00:00
25,259,McNeil,9,MID,54,2.4644,2.3671,0.68,0.0576,0.637,0.0136,1,8,90,1,2026-08-19T06:19:22.877736+00:00,2026-08-19T06:19:59.383855+00:00
25,260,Mykolenko,9,DEF,46,0,0,0.0,0.0,0.0,0,1,2,90,1,2026-08-19T06:19:22.877736+00:00,2026-08-19T06:19:59.383855+00:00
25,261,Onana,9,MID,47,2.1788,2.0271,0.68,0.0704,0.638,0.0052,1,8,24,0,2026-08-19T06:19:22.877736+00:00,2026-08-19T06:19:59.383855+00:00
25,262,Patterson,9,DEF,44,0,0,0.0,0.0,0.0,0,1,0,0,0,2026-08-19T06:19:22.877736+00:00,2026-08-19T06:19:59.383855+00:00
25,263,Pickford,9,GKP,45,3.508,2.3314,0.9,0.004,0.8373,0.0032,1,3,90,1,2026-08-19T06:19:22.877736+00:00,2026-08-19T06:19:59.383855+00:00
25,264,Simms,9,FWD,45,0,0,0.0,0.0,0.0,0,1,0,0,0,2026-08-19T06:19:22.877736+00:00,2026-08-19T06:19:59.383855+00:00
25,265,Tarkowski,9,DEF,46,3.0964,2.7769,0.82,0.0324,0.7652,0.024,1,2,90,1,2026-08-19T06:19:22.877736+00:00,2026-08-19T06:19:59.383855+00:00
25,266,J.Virginia,9,GKP,39,0.1656,0.771,0.04,0.0384,0.0403,0.0,1,0,0,0,2026-08-19T06:19:22.877736+00:00,2026-08-19T06:19:59.383855+00:00
25,579,Lonergan,9,GKP,39,0.1748,0.8093,0.04,0.0384,0.0403,0.0,1,0,0,0,2026-08-19T06:19:22.877736+00:00,2026-08-19T06:19:59.383855+00:00
25,588,Young,9,DEF,44,0.8368,1.6201,0.22,0.1716,0.2183,0.0008,1,6,65,1,2026-08-19T06:19:22.877736+00:00,2026-08-19T06:19:59.383855+00:00
25,601,Danjuma,9,MID,52,1.1692,1.9748,0.28,0.1584,0.2731,0.0064,1,0,0,0,2026-08-19T06:19:22.877736+00:00,2026-08-19T06:19:59.383855+00:00
25,624,Dobbin,9,MID,45,0.4596,0.9616,0.1,0.198,0.1088,0.0,1,0,0,0,2026-08-19T06:19:22.877736+00:00,2026-08-19T06:19:59.383855+00:00
25,645,Y. Chermiti,9,FWD,48,0.6832,1.2074,0.18,0.1804,0.1818,0.0008,1,0,0,0,2026-08-19T06:19:22.877736+00:00,2026-08-19T06:19:59.383855+00:00
25,649,Cannon,9,FWD,45,0,0,0.0,0.0,0.0,0,1,0,0,0,2026-08-19T06:19:22.877736+00:00,2026-08-19T06:19:59.383855+00:00
25,650,Onyango,9,MID,44,0.4736,1.0159,0.1,0.198,0.1088,0.0004,1,0,0,0,2026-08-19T06:19:22.877736+00:00,2026-08-19T06:19:59.383855+00:00
25,661,Harrison,9,MID,55,0,0,0.0,0.0,0.0,0,1,1,24,0,2026-08-19T06:19:22.877736+00:00,2026-08-19T06:19:59.383855+00:00
25,691,Beto,9,FWD,57,1.1336,1.857,0.28,0.2016,0.2765,0.0064,1,1,18,0,2026-08-19T06:19:22.877736+00:00,2026-08-19T06:19:59.383855+00:00
25,719,Hunt,9,MID,45,0.4876,0.9736,0.1,0.198,0.1088,0.0,1,0,0,0,2026-08-19T06:19:22.877736+00:00,2026-08-19T06:19:59.383855+00:00
25,760,Metcalfe,9,MID,45,0.4448,0.9415,0.1,0.198,0.1088,0.0,1,0,0,0,2026-08-19T06:19:22.877736+00:00,2026-08-19T06:19:59.383855+00:00
25,761,Campbell,9,DEF,40,0,0,0.0,0.0,0.0,0,1,0,0,0,2026-08-19T06:19:22.877736+00:00,2026-08-19T06:19:59.383855+00:00
25,841,Warrington,9,MID,45,0.4764,1.0069,0.1,0.198,0.1088,0.0,1,,,,2026-08-19T06:19:22.877736+00:00,
25,863,Crellin,9,GKP,40,0.18,0.8428,0.04,0.0384,0.0403,0.0004,1,,,,2026-08-19T06:19:22.877736+00:00,
25,193,Broja,10,FWD,49,0.998,1.6504,0.28,0.1584,0.2731,0.0048,1,0,0,0,2026-08-19T06:19:22.877736+00:00,2026-08-19T06:19:59.383855+00:00
25,256,Iwobi,10,MID,53,1.9972,2.5838,0.48,0.1144,0.4556,0.02,1,1,45,1,2026-08-19T06:19:22.877736+00:00,2026-08-19T06:19:59.383855+00:00
25,267,Andreas,10,MID,53,2.2964,2.2438,0.68,0.0576,0.637,0.012,1,2,74,1,2026-08-19T06:19:22.877736+00:00,2026-08-19T06:19:59.383855+00:00
25,268,Cairney,10,MID,49,1.6928,2.0156,0.48,0.1144,0.4556,0.0052,1,2,90,1,2026-08-19T06:19:22.877736+00:00,2026-08-19T06:19:59.383855+00:00
25,269,I.Cavaleiro,10,MID,50,0,0,0.0,0.0,0.0,0,1,0,0,0,2026-08-19T06:19:22.877736+00:00,2026-08-19T06:19:59.383855+00:00
25,270,De Cordova-Reid,10,MID,53,2.1212,2.7613,0.48,0.1144,0.4556,0.0248,1,2,63,1,2026-08-19T06:19:22.877736+00:00,2026-08-19T06:19:59.383855+00:00
25,271,Diop,10,DEF,44,0.9352,1.7349,0.22,0.1716,0.2183,0.0016,1,1,90,1,2026-08-19T06:19:22.877736+00:00,2026-08-19T06:19:59.383855+00:00
25,272,Francois,10,MID,44,0,0,0.0,0.0,0.0,0,1,0,0,0,2026-08-19T06:19:22.877736+00:00,2026-08-19T06:19:59.383855+00:00
25,273,Knockaert,10,MID,44,0,0,0.0,0.0,0.0,0,1,0,0,0,2026-08-19T06:19:22.877736+00:00,2026-08-19T06:19:59.383855+00:00
25,274,Kongolo,10,DEF,40,0,0,0.0,0.0,0.0,0,1,0,0,0,2026-08-19T06:19:22.877736+00:00,2026-08-19T06:19:59.383855+00:00
25,275,Leno,10,GKP,48,3.808,2.3767,0.9,0.008,0.8376,0.0036,1,1,90,1,2026-08-19T06:19:22.877736+00:00,2026-08-19T06:19:59.383855+00:00
25,276,Lukić,10,MID,43,0,0,0.0,0.0,0.0,0,1,0,1,0,2026-08-19T06:19:22.877736+00:00,2026-08-19T06:19:59.383855+00:00
25,277,Mbabu,10,DEF,40,0,0,0.0,0.0,0.0,0,1,0,0,0,2026-08-19T06:19:22.877736+00:00,2026-08-19T06:19:59.383855+00:00
25,278,Mitrović,10,FWD,74,0,0,0.0,0.0,0.0,0,1,0,0,0,2026-08-19T06:19:22.877736+00:00,2026-08-19T06:19:59.383855+00:00
25,279,Muniz,10,FWD,44,1.1188,1.8132,0.28,0.1584,0.2731,0.0028,1,8,90,1,2026-08-19T06:19:22.877736+00:00,2026-08-19T06:19:59.383855+00:00
25,280,J.Palhinha,10,MID,50,1.9492,1.9541,0.68,0.0576,0.637,0.0056,1,1,88,1,2026-08-19T06:19:22.877736+00:00,2026-08-19T06:19:59.383855+00:00
25,281,Ream,10,DEF,45,0.9496,1.849,0.22,0.1716,0.2183,0.004,1,1,75,1,2026-08-19T06:19:22.877736+00:00,2026-08-19T06:19:59.383855+00:00
25,282,Reed,10,MID,45,1.2688,1.4327,0.48,0.1144,0.4556,0.0008,1,0,0,0,2026-08-19T06:19:22.877736+00:00,2026-08-19T06:19:59.383855+00:00
25,283,Robinson,10,DEF,44,0.8796,1.7799,0.22,0.1404,0.2158,0.0028,1,5,90,1,2026-08-19T06:19:22.877736+00:00,2026-08-19T06:19:59.383855+00:00
25,284,Rodák,10,GKP,39,0.1688,0.7989,0.04,0.0384,0.0403,0.0,1,0,0,0,2026-08-19T06:19:22.877736+00:00,2026-08-19T06:19:59.383855+00:00
25,285,Tete,10,DEF,44,0.8304,1.6554,0.22,0.1716,0.2183,0.0028,1,0,0,0,2026-08-19T06:19:22.877736+00:00,2026-08-19T06:19:59.383855+00:00
25,286,Tosin,10,DEF,43,0.932,1.7029,0.22,0.1716,0.2183,0.002,1,0,0,0,2026-08-19T06:19:22.877736+00:00,2026-08-19T06:19:59.383855+00:00
25,287,Vinícius,10,FWD,45,0,0,0.0,0.0,0.0,0,1,0,0,0,2026-08-19T06:19:22.877736+00:00,2026-08-19T06:19:59.383855+00:00
25,288,Wilson,10,MID,53,1.5524,2.0779,0.48,0.1144,0.4556,0.0088,1,0,26,0,2026-08-19T06:19:22.877736+00:00,2026-08-19T06:19:59.383855+00:00
25,558,Raúl,10,FWD,51,2.7636,2.6547,0.68,0.0704,0.638,0.0256,1,0,0,0,2026-08-19T06:19:22.877736+00:00,2026-08-19T06:19:59.383855+00:00
25,591,Willian,10,MID,53,3.04,3.0824,0.68,0.0704,0.638,0.0348,1,1,45,1,2026-08-19T06:19:22.877736+00:00,2026-08-19T06:19:59.383855+00:00
25,610,Bassey,10,DEF,44,0.7924,1.5576,0.22,0.1716,0.2183,0.0016,1,1,14,0,2026-08-19T06:19:22.877736+00:00,2026-08-19T06:19:59.383855+00:00
25,625,De Fougerolles,10,DEF,39,0.502,1.2287,0.1,0.198,0.1088,0.0016,1,0,0,0,2026-08-19T06:19:22.877736+00:00,2026-08-19T06:19:59.383855+00:00
25,651,Stansfield,10,FWD,45,0,0,0.0,0.0,0.0,0,1,0,0,0,2026-08-19T06:19:22.877736+00:00,2026-08-19T06:19:59.383855+00:00
25,652,Dibley-Dias,10,MID,45,0.4708,0.9802,0.1,0.198,0.1088,0.0,1,0,0,0,2026-08-19T06:19:22.877736+00:00,2026-08-19T06:19:59.383855+00:00
25,662,Adama,10,MID,49,0.7116,1.3334,0.18,0.1804,0.1818,0.0016,1,0,15,0,2026-08-19T06:19:22.877736+00:00,2026-08-19T06:19:59.383855+00:00
25,683,Harris,10,MID,45,0,0,0.0,0.0,0.0,0,1,0,0,0,2026-08-19T06:19:22.877736+00:00,2026-08-19T06:19:59.383855+00:00
25,688,Castagne,10,DEF,45,1.0208,1.9507,0.22,0.1404,0.2158,0.0036,1,0,90,1,2026-08-19T06:19:22.877736+00:00,2026-08-19T06:19:59.383855+00:00
25,692,Benda,10,GKP,40,0.1876,0.868,0.04,0.0384,0.0403,0.0004,1,0,0,0,2026-08-19T06:19:22.877736+00:00,2026-08-19T06:19:59.383855+00:00
25,707,Ballo-Touré,10,DEF,45,0.5236,1.272,0.1,0.198,0.1088,0.0008,1,0,0,0,2026-08-19T06:19:22.877736+00:00,2026-08-19T06:19:59.383855+00:00
25,732,Tanton,10,DEF,40,0.5088,1.2637,0.1,0.198,0.1088,0.0008,1,0,0,0,2026-08-19T06:19:22.877736+00:00,2026-08-19T06:19:59.383855+00:00
25,796,Sekularac,10,MID,45,0.4808,0.9894,0.1,0.198,0.1088,0.0004,1,0,0,0,2026-08-19T06:19:22.877736+00:00,2026-08-19T06:19:59.383855+00:00
25,810,King,10,MID,45,0.4532,0.9479,0.1,0.198,0.1088,0.0,1,0,0,0,2026-08-19T06:19:22.877736+00:00,2026-08-19T06:19:59.383855+00:00
25,289,Adrián,11,GKP,39,0.3072,1.0239,0.04,0.0384,0.0403,0.0,2,0,0,0,2026-08-19T06:19:22.877736+00:00,2026-08-19T06:19:59.383855+00:00
25,290,Alexander-Arnold,11,DEF,86,6.6944,4.8439,0.68,0.0576,0.637,0.2552,2,0,0,0,2026-08-19T06:19:22.877736+00:00,2026-08-19T06:19:59.383855+00:00
25,291,A.Becker,11,GKP,58,6.548,3.1192,0.9,0.008,0.8376,0.1776,2,0,0,0,2026-08-19T06:19:22.877736+00:00,2026-08-19T06:19:59.383855+00:00
25,292,Bajcetic,11,MID,47,1.7232,2.0263,0.28,0.1584,0.2731,0.0072,2,0,0,0,2026-08-19T06:19:22.877736+00:00,2026-08-19T06:19:59.383855+00:00
25,293,Darwin,11,FWD,76,7.5076,5.2899,0.68,0.0896,0.6396,0.3204,2,5,45,1,2026-08-19T06:19:22.877736+00:00,2026-08-19T06:19:59.383855+00:00
25,294,Diogo J.,11,MID,83,4.8356,4.2355,0.48,0.1456,0.458,0.1396,2,4,43,0,2026-08-19T06:19:22.877736+00:00,2026-08-19T06:19:59.383855+00:00
25,295,Elliott,11,MID,48,2.29,2.6383,0.28,0.1584,0.2731,0.0228,2,11,97,1,2026-08-19T06:19:22.877736+00:00,2026-08-19T06:19:59.383855+00:00
25,296,Fabinho,11,MID,50,0,0,0.0,0.0,0.0,0,2,0,0,0,2026-08-19T06:19:22.877736+00:00,2026-08-19T06:19:59.383855+00:00
25,297,Gakpo,11,FWD,72,4.1284,3.6136,0.48,0.1456,0.458,0.0856,2,17,135,1,2026-08-19T06:19:22.877736+00:00,2026-08-19T06:19:59.383855+00:00
25,298,Gomez,11,DEF,46,3.2344,3.1712,0.48,0.1144,0.4556,0.0444,2,2,97,1,2026-08-19T06:19:22.877736+00:00,2026-08-19T06:19:59.383855+00:00
25,299,Henderson,11,MID,50,0,0,0.0,0.0,0.0,0,2,0,0,0,2026-08-19T06:19:22.877736+00:00,2026-08-19T06:19:59.383855+00:00
25,300,Jones,11,MID,49,3.3624,2.9926,0.48,0.1144,0.4556,0.0456,2,1,33,0,2026-08-19T06:19:22.877736+00:00,2026-08-19T06:19:59.383855+00:00
25,301,Kelleher,11,GKP,37,0.3092,1.0532,0.04,0.0384,0.0403,0.0004,2,5,180,1,2026-08-19T06:19:22.877736+00:00,2026-08-19T06:19:59.383855+00:00
25,302,Konaté,11,DEF,49,2.798,2.821,0.48,0.1144,0.4556,0.028,2,2,90,1,2026-08-19T06:19:22.877736+00:00,2026-08-19T06:19:59.383855+00:00
25,303,Luis Díaz,11,MID,75,6.274,4.4574,0.68,0.0896,0.6396,0.2168,2,12,178,1,2026-08-19T06:19:22.877736+00:00,2026-08-19T06:19:59.383855+00:00
25,304,Mac Allister,11,MID,58,3.7964,2.4381,0.68,0.0896,0.6396,0.0268,2,17,170,1,2026-08-19T06:19:22.877736+00:00,2026-08-19T06:19:59.383855+00:00
25,305,Matip,11,DEF,48,0,0,0.0,0.0,0.0,0,2,0,0,0,2026-08-19T06:19:22.877736+00:00,2026-08-19T06:19:59.383855+00:00
25,306,Phillips,11,DEF,40,0,0,0.0,0.0,0.0,0,2,0,0,0,2026-08-19T06:19:22.877736+00:00,2026-08-19T06:19:59.383855+00:00
25,307,Robertson,11,DEF,64,3.6316,3.2948,0.48,0.1456,0.458,0.0572,2,6,112,1,2026-08-19T06:19:22.877736+00:00,2026-08-19T06:19:59.383855+00:00
25,308,Salah,11,MID,130,10.1636,7.0275,0.68,0.0576,0.637,0.494,2,11,46,1,2026-08-19T06:19:22.877736+00:00,2026-08-19T06:19:59.383855+00:00
25,309,Szoboszlai,11,MID,71,5.316,3.543,0.68,0.0576,0.637,0.1284,2,0,0,0,2026-08-19T06:19:22.877736+00:00,2026-08-19T06:19:59.383855+00:00
25,310,Thiago,11,MID,47,0.9256,1.3854,0.09,0.2002,0.0997,0.0016,2,0,0,0,2026-08-19T06:19:22.877736+00:00,2026-08-19T06:19:59.383855+00:00
25,311,Tsimikas,11,DEF,45,1.872,2.5083,0.22,0.1716,0.2183,0.014,2,0,0,0,2026-08-19T06:19:22.877736+00:00,2026-08-19T06:19:59.383855+00:00
25,312,Van den Berg,11,DEF,40,0,0,0.0,0.0,0.0,0,2,0,0,0,2026-08-19T06:19:22.877736+00:00,2026-08-19T06:19:59.383855+00:00
25,313,Virgil,11,DEF,64,5.086,3.8432,0.68,0.0576,0.637,0.1204,2,10,180,1,2026-08-19T06:19:22.877736+00:00,2026-08-19T06:19:59.383855+00:00
25,626,Quansah,11,DEF,40,1.6208,2.1958,0.22,0.1716,0.2183,0.008,2,2,90,1,2026-08-19T06:19:22.877736+00:00,2026-08-19T06:19:59.383855+00:00
25,627,Clark,11,MID,44,0.9928,1.4361,0.1,0.198,0.1088,0.0012,2,1,12,0,2026-08-19T06:19:22.877736+00:00,2026-08-19T06:19:59.383855+00:00
25,628,Doak,11,MID,43,0,0,0.0,0.0,0.0,0,2,0,0,0,2026-08-19T06:19:22.877736+00:00,2026-08-19T06:19:59.383855+00:00
25,629,McConnell,11,MID,44,0.9928,1.3925,0.1,0.198,0.1088,0.0004,2,1,1,0,2026-08-19T06:19:22.877736+00:00,2026-08-19T06:19:59.383855+00:00
25,668,Endo,11,MID,54,2.486,2.1756,0.48,0.1144,0.4556,0.0092,2,3,180,1,2026-08-19T06:19:22.877736+00:00,2026-08-19T06:19:59.383855+00:00
25,708,Gravenberch,11,MID,50,3.2104,2.7845,0.48,0.1144,0.4556,0.0364,2,3,133,1,2026-08-19T06:19:22.877736+00:00,2026-08-19T06:19:59.383855+00:00
25,726,Chambers,11,DEF,40,0,0,0.0,0.0,0.0,0,2,0,0,0,2026-08-19T06:19:22.877736+00:00,2026-08-19T06:19:59.383855+00:00
25,728,Scanlon,11,DEF,39,0.9856,1.6618,0.1,0.198,0.1088,0.0028,2,0,0,0,2026-08-19T06:19:22.877736+00:00,2026-08-19T06:19:59.383855+00:00
25,743,Nyoni,11,MID,45,0.9212,1.3344,0.1,0.198,0.1088,0.0008,2,0,0,0,2026-08-19T06:19:22.877736+00:00,2026-08-19T06:19:59.383855+00:00
25,756,Pitaluga,11,GKP,40,0,0,0.0,0.0,0.0,0,2,0,0,0,2026-08-19T06:19:22.877736+00:00,2026-08-19T06:19:59.383855+00:00
25,757,Bradley,11,DEF,41,1.042,1.7998,0.1,0.198,0.1088,0.0044,2,4,149,1,2026-08-19T06:19:22.877736+00:00,2026-08-19T06:19:59.383855+00:00
25,782,Beck,11,DEF,45,0,0,0.0,0.0,0.0,0,2,0,0,0,2026-08-19T06:19:22.877736+00:00,2026-08-19T06:19:59.383855+00:00
25,783,Gordon,11,MID,45,0.9448,1.3752,0.1,0.198,0.1088,0.0008,2,0,0,0,2026-08-19T06:19:22.877736+00:00,2026-08-19T06:19:59.383855+00:00
25,812,Koumas,11,FWD,45,0.9124,1.3142,0.1,0.198,0.1088,0.0012,2,0,0,0,2026-08-19T06:19:22.877736+00:00,2026-08-19T06:19:59.383855+00:00
25,813,Mrozek,11,GKP,40,0.3464,1.0528,0.04,0.0384,0.0403,0.0,2,0,0,0,2026-08-19T06:19:22.877736+00:00,2026-08-19T06:19:59.383855+00:00
25,824,Danns,11,FWD,45,0.9188,1.2996,0.1,0.198,0.1088,0.0004,2,1,1,0,2026-08-19T06:19:22.877736+00:00,2026-08-19T06:19:59.383855+00:00
25,837,Nallo,11,DEF,40,1.0052,1.6904,0.1,0.198,0.1088,0.0028,2,,,,2026-08-19T06:19:22.877736+00:00,
25,21,Sambi,12,MID,49,2.688,2.1523,0.48,0.1144,0.4556,0.0104,2,3,135,1,2026-08-19T06:19:22.877736+00:00,2026-08-19T06:19:59.383855+00:00
25,52,Nakamba,12,MID,44,0,0,0.0,0.0,0.0,0,2,0,0,0,2026-08-19T06:19:22.877736+00:00,2026-08-19T06:19:59.383855+00:00
25,314,Adebayo,12,FWD,49,3.8368,3.3294,0.48,0.1144,0.4556,0.0712,2,0,0,0,2026-08-19T06:19:22.877736+00:00,2026-08-19T06:19:59.383855+00:00
25,315,Andersen,12,DEF,39,1.0108,1.6552,0.11,0.1958,0.118,0.0028,2,0,0,0,2026-08-19T06:19:22.877736+00:00,2026-08-19T06:19:59.383855+00:00
25,316,Bell,12,DEF,39,0,0,0.0,0.0,0.0,0,2,1,180,1,2026-08-19T06:19:22.877736+00:00,2026-08-19T06:19:59.383855+00:00
25,317,Berry,12,MID,46,1.3816,1.7521,0.18,0.1804,0.1818,0.004,2,1,8,0,2026-08-19T06:19:22.877736+00:00,2026-08-19T06:19:59.383855+00:00
25,318,Burke,12,DEF,40,0,0,0.0,0.0,0.0,0,2,0,0,0,2026-08-19T06:19:22.877736+00:00,2026-08-19T06:19:59.383855+00:00
25,319,Campbell,12,MID,49,0,0,0.0,0.0,0.0,0,2,0,0,0,2026-08-19T06:19:22.877736+00:00,2026-08-19T06:19:59.383855+00:00
25,320,Clark,12,MID,48,1.79,1.9058,0.28,0.1584,0.2731,0.008,2,2,49,0,2026-08-19T06:19:22.877736+00:00,2026-08-19T06:19:59.383855+00:00
25,321,Doughty,12,DEF,46,5.3804,3.8789,0.68,0.0576,0.637,0.1472,2,1,154,1,2026-08-19T06:19:22.877736+00:00,2026-08-19T06:19:59.383855+00:00
25,322,Freeman,12,MID,49,0,0,0.0,0.0,0.0,0,2,0,0,0,2026-08-19T06:19:22.877736+00:00,2026-08-19T06:19:59.383855+00:00
25,323,Macey,12,GKP,40,0,0,0.0,0.0,0.0,0,2,0,0,0,2026-08-19T06:19:22.877736+00:00,2026-08-19T06:19:59.383855+00:00
25,324,McAtee,12,FWD,45,0,0,0.0,0.0,0.0,0,2,0,0,0,2026-08-19T06:19:22.877736+00:00,2026-08-19T06:19:59.383855+00:00
25,325,Mendes,12,MID,45,0,0,0.0,0.0,0.0,0,2,0,0,0,2026-08-19T06:19:22.877736+00:00,2026-08-19T06:19:59.383855+00:00
25,326,Morris,12,FWD,50,5.5692,3.8694,0.68,0.0576,0.637,0.1544,2,10,180,1,2026-08-19T06:19:22.877736+00:00,2026-08-19T06:19:59.383855+00:00
25,327,Muskwe,12,FWD,45,0,0,0.0,0.0,0.0,0,2,0,0,0,2026-08-19T06:19:22.877736+00:00,2026-08-19T06:19:59.383855+00:00
25,328,Ogbene,12,FWD,49,3.4012,2.9188,0.48,0.1144,0.4556,0.0396,2,11,180,1,2026-08-19T06:19:22.877736+00:00,2026-08-19T06:19:59.383855+00:00
25,329,Onyedinma,12,MID,50,1.38,1.7374,0.18,0.1804,0.1818,0.0032,2,0,0,0,2026-08-19T06:19:22.877736+00:00,2026-08-19T06:19:59.383855+00:00
25,330,Osho,12,DEF,44,1.7132,2.3984,0.22,0.1716,0.2183,0.0144,2,0,180,1,2026-08-19T06:19:22.877736+00:00,2026-08-19T06:19:59.383855+00:00
25,331,Pepple,12,FWD,45,0,0,0.0,0.0,0.0,0,2,0,0,0,2026-08-19T06:19:22.877736+00:00,2026-08-19T06:19:59.383855+00:00
25,332,Pereira,12,MID,44,0,0,0.0,0.0,0.0,0,2,0,0,0,2026-08-19T06:19:22.877736+00:00,2026-08-19T06:19:59.383855+00:00
25,333,Potts,12,DEF,39,0.6804,1.1749,0.05,0.209,0.0632,0.0,2,0,0,0,2026-08-19T06:19:22.877736+00:00,2026-08-19T06:19:59.383855+00:00
25,334,Rea,12,MID,44,0,0,0.0,0.0,0.0,0,2,0,0,0,2026-08-19T06:19:22.877736+00:00,2026-08-19T06:19:59.383855+00:00
25,335,Shea,12,GKP,43,0.354,1.1101,0.04,0.0384,0.0403,0.0,2,0,0,0,2026-08-19T06:19:22.877736+00:00,2026-08-19T06:19:59.383855+00:00
25,336,Taylor,12,FWD,45,0,0,0.0,0.0,0.0,0,2,0,0,0,2026-08-19T06:19:22.877736+00:00,2026-08-19T06:19:59.383855+00:00
25,337,Thorpe,12,MID,45,0,0,0.0,0.0,0.0,0,2,0,0,0,2026-08-19T06:19:22.877736+00:00,2026-08-19T06:19:59.383855+00:00
25,338,Walton,12,GKP,40,0,0,0.0,0.0,0.0,0,2,0,0,0,2026-08-19T06:19:22.877736+00:00,2026-08-19T06:19:59.383855+00:00
25,339,Watson,12,MID,44,0,0,0.0,0.0,0.0,0,2,0,0,0,2026-08-19T06:19:22.877736+00:00,2026-08-19T06:19:59.383855+00:00
25,340,Woodrow,12,FWD,43,0.9512,1.3594,0.1,0.198,0.1088,0.0004,2,1,124,1,2026-08-19T06:19:22.877736+00:00,2026-08-19T06:19:59.383855+00:00
25,393,Mengi,12,DEF,39,1.6348,2.255,0.22,0.1716,0.2183,0.0104,2,1,180,1,2026-08-19T06:19:22.877736+00:00,2026-08-19T06:19:59.383855+00:00
25,553,Giles,12,DEF,42,0,0,0.0,0.0,0.0,0,2,0,0,0,2026-08-19T06:19:22.877736+00:00,2026-08-19T06:19:59.383855+00:00
25,575,Lockyer,12,DEF,42,0,0,0.0,0.0,0.0,0,2,0,0,0,2026-08-19T06:19:22.877736+00:00,2026-08-19T06:19:59.383855+00:00
25,582,Mpanzu,12,MID,47,2.9548,2.4245,0.48,0.1144,0.4556,0.0196,2,1,45,1,2026-08-19T06:19:22.877736+00:00,2026-08-19T06:19:59.383855+00:00
25,586,Chong,12,MID,47,2.6668,2.3467,0.48,0.1144,0.4556,0.014,2,10,129,1,2026-08-19T06:19:22.877736+00:00,2026-08-19T06:19:59.383855+00:00
25,602,Kaboré,12,DEF,40,0,0,0.0,0.0,0.0,0,2,0,16,0,2026-08-19T06:19:22.877736+00:00,2026-08-19T06:19:59.383855+00:00
25,614,Kaminski,12,GKP,45,6.1872,3.0282,0.9,0.004,0.8373,0.1404,2,7,180,1,2026-08-19T06:19:22.877736+00:00,2026-08-19T06:19:59.383855+00:00
25,630,Barkley,12,MID,50,0,0,0.0,0.0,0.0,0,2,3,180,1,2026-08-19T06:19:22.877736+00:00,2026-08-19T06:19:59.383855+00:00
25,631,Brown,12,FWD,49,0,0,0.0,0.0,0.0,0,2,0,0,0,2026-08-19T06:19:22.877736+00:00,2026-08-19T06:19:59.383855+00:00
25,648,Francis-Clarke,12,DEF,40,0,0,0.0,0.0,0.0,0,2,0,0,0,2026-08-19T06:19:22.877736+00:00,2026-08-19T06:19:59.383855+00:00
25,665,Krul,12,GKP,44,0.3336,1.0724,0.04,0.0384,0.0403,0.0008,2,0,0,0,2026-08-19T06:19:22.877736+00:00,2026-08-19T06:19:59.383855+00:00
25,682,Johnson,12,DEF,40,0.9996,1.6935,0.1,0.198,0.1088,0.004,2,0,0,0,2026-08-19T06:19:22.877736+00:00,2026-08-19T06:19:59.383855+00:00
25,727,Townsend,12,MID,50,3.5788,3.0259,0.48,0.1144,0.4556,0.046,2,1,54,0,2026-08-19T06:19:22.877736+00:00,2026-08-19T06:19:59.383855+00:00
25,729,Luker,12,MID,45,0,0,0.0,0.0,0.0,0,2,0,0,0,2026-08-19T06:19:22.877736+00:00,2026-08-19T06:19:59.383855+00:00
25,734,Nelson,12,MID,45,0.9512,1.4063,0.1,0.198,0.1088,0.0012,2,0,0,0,2026-08-19T06:19:22.877736+00:00,2026-08-19T06:19:59.383855+00:00
25,798,Hashioka,12,DEF,40,1.0124,1.6977,0.1,0.198,0.1088,0.0016,2,0,0,0,2026-08-19T06:19:22.877736+00:00,2026-08-19T06:19:59.383855+00:00
25,831,Piesold,12,MID,45,0.9572,1.4058,0.1,0.198,0.1088,0.0004,2,,,,2026-08-19T06:19:22.877736+00:00,
25,839,Martins,12,MID,45,0.9104,1.3356,0.1,0.198,0.1088,0.0004,2,,,,2026-08-19T06:19:22.877736+00:00,
25,844,Chigozie,12,DEF,40,1.0048,1.6894,0.1,0.198,0.1088,0.004,2,,,,2026-08-19T06:19:22.877736+00:00,
25,848,Harris,12,FWD,45,0.886,1.2859,0.1,0.198,0.1088,0.0,2,,,,2026-08-19T06:19:22.877736+00:00,
25,341,Akanji,13,DEF,49,3.496,3.3297,0.48,0.1144,0.4556,0.0564,2,11,180,1,2026-08-19T06:19:22.877736+00:00,2026-08-19T06:19:59.383855+00:00
25,342,Aké,13,DEF,51,4.2252,3.9036,0.48,0.1144,0.4556,0.0988,2,2,90,1,2026-08-19T06:19:22.877736+00:00,2026-08-19T06:19:59.383855+00:00
25,343,J.Alvarez,13,FWD,67,7.1908,4.8791,0.68,0.0576,0.637,0.2956,2,7,151,1,2026-08-19T06:19:22.877736+00:00,2026-08-19T06:19:59.383855+00:00
25,344,Bernardo,13,MID,64,6.2812,4.2252,0.68,0.0576,0.637,0.212,2,3,116,1,2026-08-19T06:19:22.877736+00:00,2026-08-19T06:19:59.383855+00:00
25,345,Bobb,13,MID,44,1.0372,1.6334,0.1,0.198,0.1088,0.0032,2,3,60,1,2026-08-19T06:19:22.877736+00:00,2026-08-19T06:19:59.383855+00:00
25,346,Cancelo,13,DEF,58,0,0,0.0,0.0,0.0,0,2,0,0,0,2026-08-19T06:19:22.877736+00:00,2026-08-19T06:19:59.383855+00:00
25,347,Carson,13,GKP,38,0.3372,1.115,0.04,0.0384,0.0403,0.0,2,0,0,0,2026-08-19T06:19:22.877736+00:00,2026-08-19T06:19:59.383855+00:00
25,348,Charles,13,MID,45,0,0,0.0,0.0,0.0,0,2,0,0,0,2026-08-19T06:19:22.877736+00:00,2026-08-19T06:19:59.383855+00:00
25,349,De Bruyne,13,MID,108,3.198,3.8916,0.28,0.2016,0.2765,0.082,2,2,90,1,2026-08-19T06:19:22.877736+00:00,2026-08-19T06:19:59.383855+00:00
25,350,Rúben,13,DEF,55,4.7644,3.6879,0.68,0.0576,0.637,0.1072,2,8,180,1,2026-08-19T06:19:22.877736+00:00,2026-08-19T06:19:59.383855+00:00
25,352,Ederson M.,13,GKP,55,0,0,0.0,0.0,0.0,0,2,11,180,1,2026-08-19T06:19:22.877736+00:00,2026-08-19T06:19:59.383855+00:00
25,353,Foden,13,MID,80,7.3968,5.0291,0.68,0.0576,0.637,0.3064,2,5,180,1,2026-08-19T06:19:22.877736+00:00,2026-08-19T06:19:59.383855+00:00
25,354,Grealish,13,MID,72,2.9096,3.428,0.28,0.2016,0.2765,0.0508,2,0,0,0,2026-08-19T06:19:22.877736+00:00,2026-08-19T06:19:59.383855+00:00
25,355,Haaland,13,FWD,144,10.2608,6.5645,0.68,0.0896,0.6396,0.4976,2,10,180,1,2026-08-19T06:19:22.877736+00:00,2026-08-19T06:19:59.383855+00:00
25,356,Kovačić,13,MID,47,2.6968,2.3402,0.48,0.1144,0.4556,0.0152,2,1,1,0,2026-08-19T06:19:22.877736+00:00,2026-08-19T06:19:59.383855+00:00
25,357,Laporte,13,DEF,49,0,0,0.0,0.0,0.0,0,2,0,0,0,2026-08-19T06:19:22.877736+00:00,2026-08-19T06:19:59.383855+00:00
25,358,R.Lewis,13,DEF,43,1.8204,2.525,0.22,0.1716,0.2183,0.0172,2,0,0,0,2026-08-19T06:19:22.877736+00:00,2026-08-19T06:19:59.383855+00:00
25,359,Mahrez,13,MID,75,0,0,0.0,0.0,0.0,0,2,0,0,0,2026-08-19T06:19:22.877736+00:00,2026-08-19T06:19:59.383855+00:00
25,361,Ortega Moreno,13,GKP,37,6.1364,3.137,0.88,0.0048,0.8188,0.1316,2,0,0,0,2026-08-19T06:19:22.877736+00:00,2026-08-19T06:19:59.383855+00:00
25,363,Perrone,13,MID,44,0,0,0.0,0.0,0.0,0,2,0,0,0,2026-08-19T06:19:22.877736+00:00,2026-08-19T06:19:59.383855+00:00
25,365,Rodrigo,13,MID,56,5.3512,3.8479,0.68,0.0576,0.637,0.1424,2,13,180,1,2026-08-19T06:19:22.877736+00:00,2026-08-19T06:19:59.383855+00:00
25,366,Sergio Gómez,13,DEF,38,1.0648,1.7429,0.1,0.198,0.1088,0.0016,2,0,0,0,2026-08-19T06:19:22.877736+00:00,2026-08-19T06:19:59.383855+00:00
25,367,Steffen,13,GKP,39,0,0,0.0,0.0,0.0,0,2,0,0,0,2026-08-19T06:19:22.877736+00:00,2026-08-19T06:19:59.383855+00:00
25,368,Stones,13,DEF,53,1.9744,2.4464,0.28,0.1584,0.2731,0.0128,2,5,90,1,2026-08-19T06:19:22.877736+00:00,2026-08-19T06:19:59.383855+00:00
25,369,Walker,13,DEF,55,5.0272,3.615,0.68,0.0576,0.637,0.118,2,12,180,1,2026-08-19T06:19:22.877736+00:00,2026-08-19T06:19:59.383855+00:00
25,566,Matheus N.,13,MID,48,2.0728,2.2868,0.28,0.1584,0.2731,0.01,2,0,0,0,2026-08-19T06:19:22.877736+00:00,2026-08-19T06:19:59.383855+00:00
25,616,Gvardiol,13,DEF,48,4.918,3.7358,0.68,0.0704,0.638,0.11,2,0,0,0,2026-08-19T06:19:22.877736+00:00,2026-08-19T06:19:59.383855+00:00
25,678,Doku,13,MID,65,4.334,3.7304,0.48,0.1456,0.458,0.102,2,3,119,1,2026-08-19T06:19:22.877736+00:00,2026-08-19T06:19:59.383855+00:00
25,762,Susoho,13,MID,45,0.954,1.3272,0.1,0.198,0.1088,0.0,2,0,0,0,2026-08-19T06:19:22.877736+00:00,2026-08-19T06:19:59.383855+00:00
25,771,Hamilton,13,MID,45,0.9424,1.3954,0.1,0.198,0.1088,0.0008,2,0,0,0,2026-08-19T06:19:22.877736+00:00,2026-08-19T06:19:59.383855+00:00
25,814,Wright,13,MID,45,0.9168,1.3747,0.1,0.198,0.1088,0.0016,2,0,0,0,2026-08-19T06:19:22.877736+00:00,2026-08-19T06:19:59.383855+00:00
25,209,Mount,14,MID,68,0.676,1.3401,0.14,0.2408,0.1495,0.002,1,0,0,0,2026-08-19T06:19:22.877736+00:00,2026-08-19T06:19:59.383855+00:00
25,370,Alex Telles,14,DEF,45,0,0,0.0,0.0,0.0,0,1,0,0,0,2026-08-19T06:19:22.877736+00:00,2026-08-19T06:19:59.383855+00:00
25,371,Amad,14,MID,44,0.4416,0.8744,0.1,0.198,0.1088,0.0,1,0,0,0,2026-08-19T06:19:22.877736+00:00,2026-08-19T06:19:59.383855+00:00
25,372,Antony,14,MID,68,1.648,2.0921,0.48,0.1456,0.458,0.0096,1,0,0,0,2026-08-19T06:19:22.877736+00:00,2026-08-19T06:19:59.383855+00:00
25,373,B.Fernandes,14,MID,82,3.4936,3.0027,0.82,0.0324,0.7652,0.0448,1,2,90,1,2026-08-19T06:19:22.877736+00:00,2026-08-19T06:19:59.383855+00:00
25,374,B.Williams,14,DEF,40,0,0,0.0,0.0,0.0,0,1,0,0,0,2026-08-19T06:19:22.877736+00:00,2026-08-19T06:19:59.383855+00:00
25,375,Bailly,14,DEF,40,0,0,0.0,0.0,0.0,0,1,0,0,0,2026-08-19T06:19:22.877736+00:00,2026-08-19T06:19:59.383855+00:00
25,376,Casemiro,14,MID,53,1.4808,1.9769,0.48,0.1144,0.4556,0.0064,1,0,45,1,2026-08-19T06:19:22.877736+00:00,2026-08-19T06:19:59.383855+00:00
25,377,Dalot,14,DEF,51,2.1956,2.3795,0.68,0.0576,0.637,0.0064,1,2,90,1,2026-08-19T06:19:22.877736+00:00,2026-08-19T06:19:59.383855+00:00
25,379,Eriksen,14,MID,58,1.7384,2.0047,0.48,0.1456,0.458,0.0048,1,0,0,0,2026-08-19T06:19:22.877736+00:00,2026-08-19T06:19:59.383855+00:00
25,380,Fernandez,14,DEF,40,0,0,0.0,0.0,0.0,0,1,0,0,0,2026-08-19T06:19:22.877736+00:00,2026-08-19T06:19:59.383855+00:00
25,381,Fred,14,MID,50,0,0,0.0,0.0,0.0,0,1,0,0,0,2026-08-19T06:19:22.877736+00:00,2026-08-19T06:19:59.383855+00:00
25,382,Garnacho,14,MID,49,2.4616,2.5533,0.68,0.0704,0.638,0.018,1,5,90,1,2026-08-19T06:19:22.877736+00:00,2026-08-19T06:19:59.383855+00:00
25,383,Hannibal,14,MID,43,0,0,0.0,0.0,0.0,0,1,0,0,0,2026-08-19T06:19:22.877736+00:00,2026-08-19T06:19:59.383855+00:00
25,384,Heaton,14,GKP,40,0.1612,0.7146,0.04,0.0384,0.0403,0.0,1,0,0,0,2026-08-19T06:19:22.877736+00:00,2026-08-19T06:19:59.383855+00:00
25,386,Lindelof,14,DEF,45,0.5096,1.2014,0.11,0.1958,0.118,0.0012,1,0,45,1,2026-08-19T06:19:22.877736+00:00,2026-08-19T06:19:59.383855+00:00
25,387,Maguire,14,DEF,42,0,0,0.0,0.0,0.0,0,1,0,45,1,2026-08-19T06:19:22.877736+00:00,2026-08-19T06:19:59.383855+00:00
25,388,Mainoo,14,MID,44,1.334,1.4757,0.48,0.1144,0.4556,0.0008,1,1,90,1,2026-08-19T06:19:22.877736+00:00,2026-08-19T06:19:59.383855+00:00
25,389,Malacia,14,DEF,43,0,0,0.0,0.0,0.0,0,1,0,0,0,2026-08-19T06:19:22.877736+00:00,2026-08-19T06:19:59.383855+00:00
25,390,Martial,14,FWD,64,0.7044,1.3402,0.14,0.2408,0.1495,0.0028,1,0,0,0,2026-08-19T06:19:22.877736+00:00,2026-08-19T06:19:59.383855+00:00
25,391,Martinez,14,DEF,47,0.768,1.4609,0.28,0.1584,0.2731,0.0008,1,0,0,0,2026-08-19T06:19:22.877736+00:00,2026-08-19T06:19:59.383855+00:00
25,392,McTominay,14,MID,46,1.9892,2.6336,0.48,0.1144,0.4556,0.0168,1,1,45,1,2026-08-19T06:19:22.877736+00:00,2026-08-19T06:19:59.383855+00:00
25,394,Pellistri,14,MID,42,0,0,0.0,0.0,0.0,0,1,0,0,0,2026-08-19T06:19:22.877736+00:00,2026-08-19T06:19:59.383855+00:00
25,395,R.Varane,14,DEF,49,1.5132,2.0592,0.48,0.1144,0.4556,0.0048,1,2,90,1,2026-08-19T06:19:22.877736+00:00,2026-08-19T06:19:59.383855+00:00
25,396,Rashford,14,MID,84,2.5452,2.7277,0.68,0.0576,0.637,0.026,1,2,90,1,2026-08-19T06:19:22.877736+00:00,2026-08-19T06:19:59.383855+00:00
25,397,Sancho,14,MID,67,0,0,0.0,0.0,0.0,0,1,0,0,0,2026-08-19T06:19:22.877736+00:00,2026-08-19T06:19:59.383855+00:00
25,398,Shaw,14,DEF,52,0,0,0.0,0.0,0.0,0,1,0,45,1,2026-08-19T06:19:22.877736+00:00,2026-08-19T06:19:59.383855+00:00
25,399,Shoretire,14,FWD,44,0.4588,0.9134,0.1,0.198,0.1088,0.0,1,0,0,0,2026-08-19T06:19:22.877736+00:00,2026-08-19T06:19:59.383855+00:00
25,400,Van de Beek,14,MID,47,0,0,0.0,0.0,0.0,0,1,0,0,0,2026-08-19T06:19:22.877736+00:00,2026-08-19T06:19:59.383855+00:00
25,401,Wan-Bissaka,14,DEF,44,0.836,1.6333,0.22,0.1716,0.2183,0.0016,1,0,0,0,2026-08-19T06:19:22.877736+00:00,2026-08-19T06:19:59.383855+00:00
25,597,Onana,14,GKP,48,3.0196,2.133,0.9,0.008,0.8376,0.0024,1,3,90,1,2026-08-19T06:19:22.877736+00:00,2026-08-19T06:19:59.383855+00:00
25,617,Højlund,14,FWD,71,2.4828,2.2426,0.68,0.0896,0.6396,0.014,1,13,85,1,2026-08-19T06:19:22.877736+00:00,2026-08-19T06:19:59.383855+00:00
25,632,Forson,14,MID,44,0.4356,0.873,0.1,0.198,0.1088,0.0,1,0,0,0,2026-08-19T06:19:22.877736+00:00,2026-08-19T06:19:59.383855+00:00
25,669,Vítek,14,GKP,40,0,0,0.0,0.0,0.0,0,1,0,0,0,2026-08-19T06:19:22.877736+00:00,2026-08-19T06:19:59.383855+00:00
25,685,Gore,14,MID,45,0,0,0.0,0.0,0.0,0,1,0,0,0,2026-08-19T06:19:22.877736+00:00,2026-08-19T06:19:59.383855+00:00
25,695,Altay,14,GKP,40,0.1436,0.6584,0.04,0.0384,0.0403,0.0,1,0,0,0,2026-08-19T06:19:22.877736+00:00,2026-08-19T06:19:59.383855+00:00
25,703,Evans,14,DEF,40,0.7596,1.4456,0.22,0.1716,0.2183,0.0008,1,1,45,1,2026-08-19T06:19:22.877736+00:00,2026-08-19T06:19:59.383855+00:00
25,709,Amrabat,14,MID,50,0.7604,1.1948,0.28,0.1584,0.2731,0.0004,1,1,4,0,2026-08-19T06:19:22.877736+00:00,2026-08-19T06:19:59.383855+00:00
25,748,Hugill,14,FWD,45,0,0,0.0,0.0,0.0,0,1,0,0,0,2026-08-19T06:19:22.877736+00:00,2026-08-19T06:19:59.383855+00:00
25,766,Kambwala,14,DEF,39,0.4692,1.1088,0.1,0.198,0.1088,0.0004,1,0,0,0,2026-08-19T06:19:22.877736+00:00,2026-08-19T06:19:59.383855+00:00
25,768,Bennett,14,DEF,40,0,0,0.0,0.0,0.0,0,1,0,0,0,2026-08-19T06:19:22.877736+00:00,2026-08-19T06:19:59.383855+00:00
25,826,Collyer,14,MID,45,0.444,0.869,0.1,0.198,0.1088,0.0,1,,,,2026-08-19T06:19:22.877736+00:00,
25,833,Ogunneye,14,DEF,40,0.494,1.1758,0.1,0.198,0.1088,0.0008,1,,,,2026-08-19T06:19:22.877736+00:00,
25,835,Mee,14,GKP,40,0.1396,0.6295,0.04,0.0384,0.0403,0.0,1,,,,2026-08-19T06:19:22.877736+00:00,
25,846,Amass,14,DEF,40,0.4768,1.1076,0.1,0.198,0.1088,0.0012,1,,,,2026-08-19T06:19:22.877736+00:00,
25,850,Wheatley,14,FWD,45,0.4836,0.9341,0.1,0.198,0.1088,0.0,1,,,,2026-08-19T06:19:22.877736+00:00,
25,856,Jackson,14,DEF,40,0.4596,1.0889,0.1,0.198,0.1088,0.0004,1,,,,2026-08-19T06:19:22.877736+00:00,
25,204,Hall,15,DEF,43,0.5624,1.3472,0.1,0.198,0.1088,0.0012,1,0,0,0,2026-08-19T06:19:22.877736+00:00,2026-08-19T06:19:59.383855+00:00
25,402,Almirón,15,MID,61,2.8636,2.8242,0.68,0.0576,0.637,0.0256,1,2,90,1,2026-08-19T06:19:22.877736+00:00,2026-08-19T06:19:59.383855+00:00
25,403,Anderson,15,MID,42,0.97,1.5511,0.28,0.1584,0.2731,0.002,1,0,0,0,2026-08-19T06:19:22.877736+00:00,2026-08-19T06:19:59.383855+00:00
25,404,Ashby,15,DEF,40,0,0,0.0,0.0,0.0,0,1,0,0,0,2026-08-19T06:19:22.877736+00:00,2026-08-19T06:19:59.383855+00:00
25,405,Botman,15,DEF,45,0,0,0.0,0.0,0.0,0,1,1,90,1,2026-08-19T06:19:22.877736+00:00,2026-08-19T06:19:59.383855+00:00
25,406,Bruno G.,15,MID,58,2.808,2.4146,0.82,0.0324,0.7652,0.0168,1,2,90,1,2026-08-19T06:19:22.877736+00:00,2026-08-19T06:19:59.383855+00:00
25,407,Burn,15,DEF,44,0.948,2.0097,0.22,0.1404,0.2158,0.0084,1,1,70,1,2026-08-19T06:19:22.877736+00:00,2026-08-19T06:19:59.383855+00:00
25,408,Darlow,15,GKP,40,0,0,0.0,0.0,0.0,0,1,0,0,0,2026-08-19T06:19:22.877736+00:00,2026-08-19T06:19:59.383855+00:00
25,409,Dubravka,15,GKP,42,3.7644,2.4562,0.9,0.004,0.8373,0.0052,1,2,90,1,2026-08-19T06:19:22.877736+00:00,2026-08-19T06:19:59.383855+00:00
25,410,Fraser,15,MID,49,0,0,0.0,0.0,0.0,0,1,0,0,0,2026-08-19T06:19:22.877736+00:00,2026-08-19T06:19:59.383855+00:00
25,411,Gillespie,15,GKP,39,0.1656,0.79,0.04,0.0384,0.0403,0.0,1,0,0,0,2026-08-19T06:19:22.877736+00:00,2026-08-19T06:19:59.383855+00:00
25,412,Gordon,15,MID,61,1.702,2.8241,0.34,0.1188,0.3257,0.0292,1,8,90,1,2026-08-19T06:19:22.877736+00:00,2026-08-19T06:19:59.383855+00:00
25,413,Hayden,15,MID,44,0,0,0.0,0.0,0.0,0,1,0,0,0,2026-08-19T06:19:22.877736+00:00,2026-08-19T06:19:59.383855+00:00
25,414,Hendrick,15,MID,44,0,0,0.0,0.0,0.0,0,1,0,0,0,2026-08-19T06:19:22.877736+00:00,2026-08-19T06:19:59.383855+00:00
25,415,Isak,15,FWD,75,2.8692,3.5337,0.48,0.1456,0.458,0.0672,1,0,0,0,2026-08-19T06:19:22.877736+00:00,2026-08-19T06:19:59.383855+00:00
25,416,Joelinton,15,MID,58,1.7456,2.269,0.48,0.1456,0.458,0.0096,1,0,0,0,2026-08-19T06:19:22.877736+00:00,2026-08-19T06:19:59.383855+00:00
25,417,Krafth,15,DEF,44,0.5392,1.3474,0.1,0.198,0.1088,0.002,1,0,0,0,2026-08-19T06:19:22.877736+00:00,2026-08-19T06:19:59.383855+00:00
25,418,Kuol,15,MID,45,0,0,0.0,0.0,0.0,0,1,0,0,0,2026-08-19T06:19:22.877736+00:00,2026-08-19T06:19:59.383855+00:00
25,419,Lascelles,15,DEF,40,0,0,0.0,0.0,0.0,0,1,0,0,0,2026-08-19T06:19:22.877736+00:00,2026-08-19T06:19:59.383855+00:00
25,420,J.Lewis,15,DEF,40,0,0,0.0,0.0,0.0,0,1,0,0,0,2026-08-19T06:19:22.877736+00:00,2026-08-19T06:19:59.383855+00:00
25,421,Longstaff,15,MID,48,2.4188,2.5602,0.68,0.0576,0.637,0.0176,1,2,90,1,2026-08-19T06:19:22.877736+00:00,2026-08-19T06:19:59.383855+00:00
25,422,Manquillo,15,DEF,40,0,0,0.0,0.0,0.0,0,1,0,0,0,2026-08-19T06:19:22.877736+00:00,2026-08-19T06:19:59.383855+00:00
25,423,J.Murphy,15,MID,48,0.9744,1.5402,0.28,0.1584,0.2731,0.0024,1,1,23,0,2026-08-19T06:19:22.877736+00:00,2026-08-19T06:19:59.383855+00:00
25,424,Pope,15,GKP,53,0.384,1.2035,0.08,0.0736,0.0803,0.0,1,0,0,0,2026-08-19T06:19:22.877736+00:00,2026-08-19T06:19:59.383855+00:00
25,425,Ritchie,15,MID,43,0.4808,1.0298,0.1,0.198,0.1088,0.0,1,6,1,0,2026-08-19T06:19:22.877736+00:00,2026-08-19T06:19:59.383855+00:00
25,426,Saint-Maximin,15,MID,60,0,0,0.0,0.0,0.0,0,1,0,0,0,2026-08-19T06:19:22.877736+00:00,2026-08-19T06:19:59.383855+00:00
25,427,Schär,15,DEF,53,3.2228,2.8856,0.82,0.0324,0.7652,0.0288,1,3,90,1,2026-08-19T06:19:22.877736+00:00,2026-08-19T06:19:59.383855+00:00
25,428,Targett,15,DEF,42,0,0,0.0,0.0,0.0,0,1,0,0,0,2026-08-19T06:19:22.877736+00:00,2026-08-19T06:19:59.383855+00:00
25,429,Tonali,15,MID,52,0,0,0.0,0.0,0.0,0,1,0,0,0,2026-08-19T06:19:22.877736+00:00,2026-08-19T06:19:59.383855+00:00
25,430,Trippier,15,DEF,69,3.3252,3.2941,0.68,0.0576,0.637,0.0448,1,1,90,1,2026-08-19T06:19:22.877736+00:00,2026-08-19T06:19:59.383855+00:00
25,431,Watts,15,DEF,40,0,0,0.0,0.0,0.0,0,1,0,0,0,2026-08-19T06:19:22.877736+00:00,2026-08-19T06:19:59.383855+00:00
25,432,Willock,15,MID,53,0,0,0.0,0.0,0.0,0,1,0,0,0,2026-08-19T06:19:22.877736+00:00,2026-08-19T06:19:59.383855+00:00
25,433,Wilson,15,FWD,78,2.4384,3.0578,0.48,0.1456,0.458,0.0472,1,0,0,0,2026-08-19T06:19:22.877736+00:00,2026-08-19T06:19:59.383855+00:00
25,580,Karius,15,GKP,39,0.1808,0.8646,0.04,0.0384,0.0403,0.0004,1,0,0,0,2026-08-19T06:19:22.877736+00:00,2026-08-19T06:19:59.383855+00:00
25,581,Dummett,15,DEF,39,0.5572,1.2189,0.1,0.198,0.1088,0.0,1,0,0,0,2026-08-19T06:19:22.877736+00:00,2026-08-19T06:19:59.383855+00:00
25,603,Barnes,15,MID,62,1.7716,2.2668,0.45,0.154,0.4308,0.0112,1,2,66,1,2026-08-19T06:19:22.877736+00:00,2026-08-19T06:19:59.383855+00:00
25,633,Livramento,15,DEF,42,0,0,0.0,0.0,0.0,0,1,1,19,0,2026-08-19T06:19:22.877736+00:00,2026-08-19T06:19:59.383855+00:00
25,634,A.Murphy,15,DEF,39,0.5432,1.3142,0.1,0.198,0.1088,0.0012,1,0,0,0,2026-08-19T06:19:22.877736+00:00,2026-08-19T06:19:59.383855+00:00
25,635,Miley,15,MID,45,0,0,0.0,0.0,0.0,0,1,2,90,1,2026-08-19T06:19:22.877736+00:00,2026-08-19T06:19:59.383855+00:00
25,738,Diallo,15,MID,45,0.49,1.0326,0.1,0.198,0.1088,0.0,1,0,0,0,2026-08-19T06:19:22.877736+00:00,2026-08-19T06:19:59.383855+00:00
25,739,Parkinson,15,FWD,45,0.478,0.9275,0.1,0.198,0.1088,0.0004,1,0,0,0,2026-08-19T06:19:22.877736+00:00,2026-08-19T06:19:59.383855+00:00
25,745,Ndiweni,15,FWD,44,0,0,0.0,0.0,0.0,0,1,0,0,0,2026-08-19T06:19:22.877736+00:00,2026-08-19T06:19:59.383855+00:00
25,794,White,15,MID,45,0.4808,0.995,0.1,0.198,0.1088,0.0008,1,1,1,0,2026-08-19T06:19:22.877736+00:00,2026-08-19T06:19:59.383855+00:00
25,795,Hernes,15,MID,45,0.4712,0.9867,0.1,0.198,0.1088,0.0,1,0,0,0,2026-08-19T06:19:22.877736+00:00,2026-08-19T06:19:59.383855+00:00
25,23,Tavares,16,DEF,40,0.8824,1.6966,0.22,0.1716,0.2183,0.0016,1,6,90,1,2026-08-19T06:19:22.877736+00:00,2026-08-19T06:19:59.383855+00:00
25,28,Turner,16,GKP,39,3.2148,2.1851,0.9,0.004,0.8373,0.0004,1,0,0,0,2026-08-19T06:19:22.877736+00:00,2026-08-19T06:19:59.383855+00:00
25,205,Hudson-Odoi,16,MID,47,1.968,2.1468,0.48,0.1144,0.4556,0.0068,1,11,90,1,2026-08-19T06:19:22.877736+00:00,2026-08-19T06:19:59.383855+00:00
25,378,Elanga,16,MID,51,2.8012,2.8013,0.68,0.0576,0.637,0.0284,1,6,90,1,2026-08-19T06:19:22.877736+00:00,2026-08-19T06:19:59.383855+00:00
25,434,B.Aguilera,16,MID,45,0,0,0.0,0.0,0.0,0,1,0,0,0,2026-08-19T06:19:22.877736+00:00,2026-08-19T06:19:59.383855+00:00
25,435,Arter,16,MID,43,0.4668,0.991,0.1,0.198,0.1088,0.0,1,0,0,0,2026-08-19T06:19:22.877736+00:00,2026-08-19T06:19:59.383855+00:00
25,436,Aurier,16,DEF,45,0,0,0.0,0.0,0.0,0,1,0,0,0,2026-08-19T06:19:22.877736+00:00,2026-08-19T06:19:59.383855+00:00
25,437,Awoniyi,16,FWD,63,1.966,2.4366,0.48,0.1456,0.458,0.0184,1,7,66,1,2026-08-19T06:19:22.877736+00:00,2026-08-19T06:19:59.383855+00:00
25,438,Biancone,16,DEF,39,0,0,0.0,0.0,0.0,0,1,0,0,0,2026-08-19T06:19:22.877736+00:00,2026-08-19T06:19:59.383855+00:00
25,439,Boly,16,DEF,45,0.9788,1.9277,0.22,0.1716,0.2183,0.0064,1,0,0,0,2026-08-19T06:19:22.877736+00:00,2026-08-19T06:19:59.383855+00:00
25,440,Bowler,16,MID,45,0,0,0.0,0.0,0.0,0,1,0,0,0,2026-08-19T06:19:22.877736+00:00,2026-08-19T06:19:59.383855+00:00
25,441,Cook,16,DEF,45,0,0,0.0,0.0,0.0,0,1,0,0,0,2026-08-19T06:19:22.877736+00:00,2026-08-19T06:19:59.383855+00:00
25,442,Danilo,16,MID,53,1.5288,1.7949,0.48,0.1144,0.4556,0.0028,1,3,90,1,2026-08-19T06:19:22.877736+00:00,2026-08-19T06:19:59.383855+00:00
25,443,Dennis,16,FWD,48,0,0,0.0,0.0,0.0,0,1,0,0,0,2026-08-19T06:19:22.877736+00:00,2026-08-19T06:19:59.383855+00:00
25,444,Dräger,16,DEF,40,0,0,0.0,0.0,0.0,0,1,0,0,0,2026-08-19T06:19:22.877736+00:00,2026-08-19T06:19:59.383855+00:00
25,445,Felipe,16,DEF,44,0.5236,1.2979,0.1,0.198,0.1088,0.0024,1,6,90,1,2026-08-19T06:19:22.877736+00:00,2026-08-19T06:19:59.383855+00:00
25,446,Freuler,16,MID,49,0,0,0.0,0.0,0.0,0,1,0,0,0,2026-08-19T06:19:22.877736+00:00,2026-08-19T06:19:59.383855+00:00
25,447,Gibbs-White,16,MID,57,2.6412,2.6964,0.68,0.0576,0.637,0.0224,1,2,90,1,2026-08-19T06:19:22.877736+00:00,2026-08-19T06:19:59.383855+00:00
25,448,Hennessey,16,GKP,40,0.1844,0.8411,0.04,0.0384,0.0403,0.0,1,0,0,0,2026-08-19T06:19:22.877736+00:00,2026-08-19T06:19:59.383855+00:00
25,449,Horvath,16,GKP,43,0,0,0.0,0.0,0.0,0,1,0,0,0,2026-08-19T06:19:22.877736+00:00,2026-08-19T06:19:59.383855+00:00
25,451,Kouyaté,16,MID,48,0.7244,1.3548,0.18,0.1804,0.1818,0.0012,1,0,0,0,2026-08-19T06:19:22.877736+00:00,2026-08-19T06:19:59.383855+00:00
25,452,Laryea,16,DEF,45,0,0,0.0,0.0,0.0,0,1,0,0,0,2026-08-19T06:19:22.877736+00:00,2026-08-19T06:19:59.383855+00:00
25,453,Mangala,16,MID,50,0,0,0.0,0.0,0.0,0,1,0,0,0,2026-08-19T06:19:22.877736+00:00,2026-08-19T06:19:59.383855+00:00
25,454,Mbe Soh,16,DEF,40,0,0,0.0,0.0,0.0,0,1,0,0,0,2026-08-19T06:19:22.877736+00:00,2026-08-19T06:19:59.383855+00:00
25,455,McKenna,16,DEF,44,0,0,0.0,0.0,0.0,0,1,0,0,0,2026-08-19T06:19:22.877736+00:00,2026-08-19T06:19:59.383855+00:00
25,456,Mighten,16,MID,44,0,0,0.0,0.0,0.0,0,1,0,0,0,2026-08-19T06:19:22.877736+00:00,2026-08-19T06:19:59.383855+00:00
25,457,Niakhaté,16,DEF,45,0.8232,1.6278,0.22,0.1716,0.2183,0.0028,1,0,0,0,2026-08-19T06:19:22.877736+00:00,2026-08-19T06:19:59.383855+00:00
25,458,O'Brien,16,MID,49,0,0,0.0,0.0,0.0,0,1,0,0,0,2026-08-19T06:19:22.877736+00:00,2026-08-19T06:19:59.383855+00:00
25,459,Ojeda,16,MID,45,0,0,0.0,0.0,0.0,0,1,0,0,0,2026-08-19T06:19:22.877736+00:00,2026-08-19T06:19:59.383855+00:00
25,460,Panzo,16,DEF,40,0,0,0.0,0.0,0.0,0,1,0,0,0,2026-08-19T06:19:22.877736+00:00,2026-08-19T06:19:59.383855+00:00
25,461,O.Richards,16,DEF,44,0,0,0.0,0.0,0.0,0,1,0,0,0,2026-08-19T06:19:22.877736+00:00,2026-08-19T06:19:59.383855+00:00
25,462,G.Scarpa,16,MID,45,0,0,0.0,0.0,0.0,0,1,0,0,0,2026-08-19T06:19:22.877736+00:00,2026-08-19T06:19:59.383855+00:00
25,463,J.Shelvey,16,MID,48,0,0,0.0,0.0,0.0,0,1,0,0,0,2026-08-19T06:19:22.877736+00:00,2026-08-19T06:19:59.383855+00:00
25,464,Surridge,16,FWD,45,0,0,0.0,0.0,0.0,0,1,0,0,0,2026-08-19T06:19:22.877736+00:00,2026-08-19T06:19:59.383855+00:00
25,465,Toffolo,16,DEF,44,0.9772,1.992,0.22,0.1716,0.2183,0.008,1,0,0,0,2026-08-19T06:19:22.877736+00:00,2026-08-19T06:19:59.383855+00:00
25,466,Ui-jo,16,FWD,44,0,0,0.0,0.0,0.0,0,1,0,0,0,2026-08-19T06:19:22.877736+00:00,2026-08-19T06:19:59.383855+00:00
25,467,Williams,16,DEF,43,0,0,0.0,0.0,0.0,0,1,5,90,1,2026-08-19T06:19:22.877736+00:00,2026-08-19T06:19:59.383855+00:00
25,468,Wood,16,FWD,48,2.3132,2.8017,0.48,0.1144,0.4556,0.0252,1,0,0,0,2026-08-19T06:19:22.877736+00:00,2026-08-19T06:19:59.383855+00:00
25,469,Worrall,16,DEF,43,0,0,0.0,0.0,0.0,0,1,0,0,0,2026-08-19T06:19:22.877736+00:00,2026-08-19T06:19:59.383855+00:00
25,470,Yates,16,MID,48,1.4796,1.8334,0.48,0.1144,0.4556,0.0032,1,1,4,0,2026-08-19T06:19:22.877736+00:00,2026-08-19T06:19:59.383855+00:00
25,604,Aina,16,DEF,45,0.8392,1.6642,0.22,0.1716,0.2183,0.0028,1,0,0,0,2026-08-19T06:19:22.877736+00:00,2026-08-19T06:19:59.383855+00:00
25,636,G.Shelvey,16,GKP,39,0,0,0.0,0.0,0.0,0,1,0,0,0,2026-08-19T06:19:22.877736+00:00,2026-08-19T06:19:59.383855+00:00
25,637,Powell,16,DEF,39,0.512,1.2,0.1,0.198,0.1088,0.0004,1,0,0,0,2026-08-19T06:19:22.877736+00:00,2026-08-19T06:19:59.383855+00:00
25,679,G.Montiel,16,DEF,44,0.916,1.8084,0.22,0.1716,0.2183,0.0032,1,0,0,0,2026-08-19T06:19:22.877736+00:00,2026-08-19T06:19:59.383855+00:00
25,696,Murillo,16,DEF,45,0.8468,1.7099,0.22,0.1404,0.2158,0.002,1,6,90,1,2026-08-19T06:19:22.877736+00:00,2026-08-19T06:19:59.383855+00:00
25,710,Odysseas,16,GKP,45,0.1768,0.7946,0.04,0.0384,0.0403,0.0,1,0,0,0,2026-08-19T06:19:22.877736+00:00,2026-08-19T06:19:59.383855+00:00
25,711,Omobamidele,16,DEF,45,0.8372,1.5921,0.22,0.1716,0.2183,0.0008,1,1,1,0,2026-08-19T06:19:22.877736+00:00,2026-08-19T06:19:59.383855+00:00
25,712,Dominguez,16,MID,50,0,0,0.0,0.0,0.0,0,1,5,85,1,2026-08-19T06:19:22.877736+00:00,2026-08-19T06:19:59.383855+00:00
25,713,Sangaré,16,MID,49,1.2384,1.5764,0.48,0.1144,0.4556,0.002,1,0,0,0,2026-08-19T06:19:22.877736+00:00,2026-08-19T06:19:59.383855+00:00
25,714,Origi,16,FWD,50,0.7052,1.2911,0.18,0.1804,0.1818,0.002,1,1,23,0,2026-08-19T06:19:22.877736+00:00,2026-08-19T06:19:59.383855+00:00
25,779,McDonnell,16,MID,45,0.4832,1.0212,0.1,0.198,0.1088,0.0004,1,0,0,0,2026-08-19T06:19:22.877736+00:00,2026-08-19T06:19:59.383855+00:00
25,780,Osong,16,FWD,45,0.4216,0.8315,0.1,0.198,0.1088,0.0,1,0,0,0,2026-08-19T06:19:22.877736+00:00,2026-08-19T06:19:59.383855+00:00
25,781,Gardner,16,FWD,45,0.4796,0.9664,0.1,0.198,0.1088,0.0004,1,0,0,0,2026-08-19T06:19:22.877736+00:00,2026-08-19T06:19:59.383855+00:00
25,801,Reyna,16,MID,50,0.7316,1.3067,0.18,0.1804,0.1818,0.0004,1,0,0,0,2026-08-19T06:19:22.877736+00:00,2026-08-19T06:19:59.383855+00:00
25,808,Sels,16,GKP,45,0.1576,0.7355,0.04,0.0384,0.0403,0.0,1,8,90,1,2026-08-19T06:19:22.877736+00:00,2026-08-19T06:19:59.383855+00:00
25,809,Ribeiro,16,FWD,45,0.4624,0.975,0.1,0.198,0.1088,0.0008,1,0,0,0,2026-08-19T06:19:22.877736+00:00,2026-08-19T06:19:59.383855+00:00
25,27,Trusty,17,DEF,39,0.7592,1.4992,0.22,0.1716,0.2183,0.0012,1,0,59,1,2026-08-19T06:19:22.877736+00:00,2026-08-19T06:19:59.383855+00:00
25,33,Archer,17,FWD,43,2.522,2.3904,0.68,0.0704,0.638,0.0188,1,0,0,0,2026-08-19T06:19:22.877736+00:00,2026-08-19T06:19:59.383855+00:00
25,255,Holgate,17,DEF,40,0.526,1.2676,0.1,0.198,0.1088,0.0012,1,-4,12,0,2026-08-19T06:19:22.877736+00:00,2026-08-19T06:19:59.383855+00:00
25,360,McAtee,17,MID,44,1.5868,2.0012,0.48,0.1144,0.4556,0.0056,1,2,78,1,2026-08-19T06:19:22.877736+00:00,2026-08-19T06:19:59.383855+00:00
25,471,Ahmedhodžić,17,DEF,43,0.928,1.9899,0.22,0.1404,0.2158,0.008,1,0,90,1,2026-08-19T06:19:22.877736+00:00,2026-08-19T06:19:59.383855+00:00
25,472,Amissah,17,GKP,39,0.16,0.7168,0.04,0.0384,0.0403,0.0,1,0,0,0,2026-08-19T06:19:22.877736+00:00,2026-08-19T06:19:59.383855+00:00
25,473,Baldock,17,DEF,38,0,0,0.0,0.0,0.0,0,1,0,0,0,2026-08-19T06:19:22.877736+00:00,2026-08-19T06:19:59.383855+00:00
25,474,Basham,17,DEF,39,0,0,0.0,0.0,0.0,0,1,0,0,0,2026-08-19T06:19:22.877736+00:00,2026-08-19T06:19:59.383855+00:00
25,476,Bogle,17,DEF,45,0.83,1.796,0.22,0.1404,0.2158,0.0052,1,0,90,1,2026-08-19T06:19:22.877736+00:00,2026-08-19T06:19:59.383855+00:00
25,477,Brewster,17,FWD,49,0.644,1.1656,0.18,0.1804,0.1818,0.0008,1,1,11,0,2026-08-19T06:19:22.877736+00:00,2026-08-19T06:19:59.383855+00:00
25,478,Coulibaly,17,MID,44,0,0,0.0,0.0,0.0,0,1,0,0,0,2026-08-19T06:19:22.877736+00:00,2026-08-19T06:19:59.383855+00:00
25,479,A.Davies,17,GKP,40,0.1496,0.785,0.04,0.0384,0.0403,0.0,1,0,0,0,2026-08-19T06:19:22.877736+00:00,2026-08-19T06:19:59.383855+00:00
25,480,Egan,17,DEF,43,0.4896,1.198,0.11,0.1958,0.118,0.0012,1,0,0,0,2026-08-19T06:19:22.877736+00:00,2026-08-19T06:19:59.383855+00:00
25,481,Fleck,17,MID,49,0,0,0.0,0.0,0.0,0,1,0,0,0,2026-08-19T06:19:22.877736+00:00,2026-08-19T06:19:59.383855+00:00
25,482,Foderingham,17,GKP,45,3.8084,2.3959,0.9,0.004,0.8373,0.006,1,2,90,1,2026-08-19T06:19:22.877736+00:00,2026-08-19T06:19:59.383855+00:00
25,483,Jebbison,17,FWD,48,0.648,1.145,0.18,0.1804,0.1818,0.0004,1,0,0,0,2026-08-19T06:19:22.877736+00:00,2026-08-19T06:19:59.383855+00:00
25,484,Lowe,17,DEF,43,0.8768,1.7359,0.22,0.1716,0.2183,0.0036,1,0,0,0,2026-08-19T06:19:22.877736+00:00,2026-08-19T06:19:59.383855+00:00
25,485,McBurnie,17,FWD,54,1.9428,2.4559,0.48,0.1144,0.4556,0.016,1,0,0,0,2026-08-19T06:19:22.877736+00:00,2026-08-19T06:19:59.383855+00:00
25,486,Ndiaye,17,FWD,55,0,0,0.0,0.0,0.0,0,1,0,0,0,2026-08-19T06:19:22.877736+00:00,2026-08-19T06:19:59.383855+00:00
25,487,Norrington-Davies,17,DEF,39,0,0,0.0,0.0,0.0,0,1,0,0,0,2026-08-19T06:19:22.877736+00:00,2026-08-19T06:19:59.383855+00:00
25,488,Norwood,17,MID,48,1.4644,1.8323,0.48,0.1144,0.4556,0.0036,1,1,11,0,2026-08-19T06:19:22.877736+00:00,2026-08-19T06:19:59.383855+00:00
25,489,Osborn,17,MID,48,0.5828,1.1484,0.14,0.1892,0.1453,0.0016,1,2,78,1,2026-08-19T06:19:22.877736+00:00,2026-08-19T06:19:59.383855+00:00
25,490,Osula,17,FWD,43,1.1892,1.5743,0.48,0.1144,0.4556,0.0016,1,1,30,0,2026-08-19T06:19:22.877736+00:00,2026-08-19T06:19:59.383855+00:00
25,576,Robinson,17,DEF,43,0.7592,1.5377,0.22,0.1404,0.2158,0.0,1,-2,90,1,2026-08-19T06:19:22.877736+00:00,2026-08-19T06:19:59.383855+00:00
25,587,Slimane,17,MID,47,0.9692,1.4981,0.28,0.1584,0.2731,0.0012,1,0,0,0,2026-08-19T06:19:22.877736+00:00,2026-08-19T06:19:59.383855+00:00
25,592,Larouci,17,DEF,43,0.5088,1.2156,0.1,0.198,0.1088,0.0008,1,1,62,1,2026-08-19T06:19:22.877736+00:00,2026-08-19T06:19:59.383855+00:00
25,593,T.Bénie,17,FWD,51,0,0,0.0,0.0,0.0,0,1,0,0,0,2026-08-19T06:19:22.877736+00:00,2026-08-19T06:19:59.383855+00:00
25,638,Vini Souza,17,MID,50,1.8324,1.4728,0.68,0.0576,0.637,0.0004,1,2,90,1,2026-08-19T06:19:22.877736+00:00,2026-08-19T06:19:59.383855+00:00
25,653,Seriki,17,DEF,39,0,0,0.0,0.0,0.0,0,1,0,0,0,2026-08-19T06:19:22.877736+00:00,2026-08-19T06:19:59.383855+00:00
25,654,Marsh,17,FWD,45,0,0,0.0,0.0,0.0,0,1,0,0,0,2026-08-19T06:19:22.877736+00:00,2026-08-19T06:19:59.383855+00:00
25,655,Brooks,17,MID,44,1.3596,1.5461,0.48,0.1144,0.4556,0.002,1,1,27,0,2026-08-19T06:19:22.877736+00:00,2026-08-19T06:19:59.383855+00:00
25,656,Hackford,17,FWD,44,0,0,0.0,0.0,0.0,0,1,0,0,0,2026-08-19T06:19:22.877736+00:00,2026-08-19T06:19:59.383855+00:00
25,663,Hamer,17,MID,50,2.1344,2.073,0.68,0.0576,0.637,0.0064,1,2,78,1,2026-08-19T06:19:22.877736+00:00,2026-08-19T06:19:59.383855+00:00
25,666,T.Davies,17,MID,50,0.4668,1.0204,0.09,0.2002,0.0997,0.0004,1,0,11,0,2026-08-19T06:19:22.877736+00:00,2026-08-19T06:19:59.383855+00:00
25,693,Thomas,17,DEF,40,0,0,0.0,0.0,0.0,0,1,0,0,0,2026-08-19T06:19:22.877736+00:00,2026-08-19T06:19:59.383855+00:00
25,730,Oné,17,MID,44,0.48,1.0109,0.1,0.198,0.1088,0.0004,1,0,0,0,2026-08-19T06:19:22.877736+00:00,2026-08-19T06:19:59.383855+00:00
25,731,Buyabu,17,DEF,40,0,0,0.0,0.0,0.0,0,1,0,0,0,2026-08-19T06:19:22.877736+00:00,2026-08-19T06:19:59.383855+00:00
25,759,Peck,17,MID,44,0.5208,1.0387,0.1,0.198,0.1088,0.0,1,0,0,0,2026-08-19T06:19:22.877736+00:00,2026-08-19T06:19:59.383855+00:00
25,775,Brereton Díaz,17,MID,50,0.9928,1.59,0.28,0.1584,0.2731,0.002,1,0,0,0,2026-08-19T06:19:22.877736+00:00,2026-08-19T06:19:59.383855+00:00
25,790,Grbić,17,GKP,45,0.184,0.8357,0.04,0.0384,0.0403,0.0,1,0,0,0,2026-08-19T06:19:22.877736+00:00,2026-08-19T06:19:59.383855+00:00
25,822,Blacker,17,FWD,45,0.484,0.9878,0.1,0.198,0.1088,0.0008,1,0,0,0,2026-08-19T06:19:22.877736+00:00,2026-08-19T06:19:59.383855+00:00
25,823,Arblaster,17,MID,45,0.48,1.0105,0.1,0.198,0.1088,0.0008,1,0,0,0,2026-08-19T06:19:22.877736+00:00,2026-08-19T06:19:59.383855+00:00
25,827,Sasnauskas,17,DEF,40,0.5432,1.3142,0.1,0.198,0.1088,0.0008,1,,,,2026-08-19T06:19:22.877736+00:00,
25,828,Curtis,17,DEF,40,0.502,1.1738,0.1,0.198,0.1088,0.0004,1,,,,2026-08-19T06:19:22.877736+00:00,
25,857,Hampson,17,MID,45,0.5084,1.0198,0.1,0.198,0.1088,0.0,1,,,,2026-08-19T06:19:22.877736+00:00,
25,450,Johnson,18,MID,58,3.132,3.1219,0.68,0.0896,0.6396,0.0424,1,1,19,0,2026-08-19T06:19:22.877736+00:00,2026-08-19T06:19:59.383855+00:00
25,491,Austin,18,GKP,39,0.15,0.7439,0.04,0.0384,0.0403,0.0,1,0,0,0,2026-08-19T06:19:22.877736+00:00,2026-08-19T06:19:59.383855+00:00
25,492,Bentancur,18,MID,54,1.0876,1.7968,0.28,0.1584,0.2731,0.0044,1,1,19,0,2026-08-19T06:19:22.877736+00:00,2026-08-19T06:19:59.383855+00:00
25,493,Bissouma,18,MID,50,0,0,0.0,0.0,0.0,0,1,2,70,1,2026-08-19T06:19:22.877736+00:00,2026-08-19T06:19:59.383855+00:00
25,494,Bryan,18,MID,49,0.69,1.33,0.18,0.1804,0.1818,0.0012,1,0,0,0,2026-08-19T06:19:22.877736+00:00,2026-08-19T06:19:59.383855+00:00
25,495,Davies,18,DEF,43,0,0,0.0,0.0,0.0,0,1,1,90,1,2026-08-19T06:19:22.877736+00:00,2026-08-19T06:19:59.383855+00:00
25,496,Dier,18,DEF,42,0,0,0.0,0.0,0.0,0,1,0,0,0,2026-08-19T06:19:22.877736+00:00,2026-08-19T06:19:59.383855+00:00
25,497,E.Royal,18,DEF,43,0.8988,1.7441,0.22,0.1716,0.2183,0.002,1,1,84,1,2026-08-19T06:19:22.877736+00:00,2026-08-19T06:19:59.383855+00:00
25,498,Forster,18,GKP,38,0,0,0.0,0.0,0.0,0,1,0,0,0,2026-08-19T06:19:22.877736+00:00,2026-08-19T06:19:59.383855+00:00
25,499,Højbjerg,18,MID,52,1.3796,1.709,0.48,0.1144,0.4556,0.0036,1,1,5,0,2026-08-19T06:19:22.877736+00:00,2026-08-19T06:19:59.383855+00:00
25,500,Kane,18,FWD,125,0,0,0.0,0.0,0.0,0,1,0,0,0,2026-08-19T06:19:22.877736+00:00,2026-08-19T06:19:59.383855+00:00
25,501,Kulusevski,18,MID,68,2.772,2.7723,0.68,0.0576,0.637,0.0268,1,9,90,1,2026-08-19T06:19:22.877736+00:00,2026-08-19T06:19:59.383855+00:00
25,502,Lloris,18,GKP,47,0,0,0.0,0.0,0.0,0,1,0,0,0,2026-08-19T06:19:22.877736+00:00,2026-08-19T06:19:59.383855+00:00
25,503,Lo Celso,18,MID,48,0.6068,1.2175,0.14,0.1892,0.1453,0.0012,1,1,5,0,2026-08-19T06:19:22.877736+00:00,2026-08-19T06:19:59.383855+00:00
25,504,Maddison,18,MID,80,2.5292,3.1528,0.48,0.1456,0.458,0.0412,1,2,85,1,2026-08-19T06:19:22.877736+00:00,2026-08-19T06:19:59.383855+00:00
25,505,Ndombele,18,MID,44,0,0,0.0,0.0,0.0,0,1,0,0,0,2026-08-19T06:19:22.877736+00:00,2026-08-19T06:19:59.383855+00:00
25,506,Pedro Porro,18,DEF,58,3.9356,3.4066,0.82,0.0324,0.7652,0.0624,1,0,0,0,2026-08-19T06:19:22.877736+00:00,2026-08-19T06:19:59.383855+00:00
25,507,Perišić,18,DEF,47,0,0,0.0,0.0,0.0,0,1,0,0,0,2026-08-19T06:19:22.877736+00:00,2026-08-19T06:19:59.383855+00:00
25,509,Richarlison,18,MID,72,0,0,0.0,0.0,0.0,0,1,2,70,1,2026-08-19T06:19:22.877736+00:00,2026-08-19T06:19:59.383855+00:00
25,510,Rodon,18,DEF,40,0,0,0.0,0.0,0.0,0,1,0,0,0,2026-08-19T06:19:22.877736+00:00,2026-08-19T06:19:59.383855+00:00
25,511,Romero,18,DEF,49,2.8472,2.9133,0.68,0.0576,0.637,0.0252,1,1,90,1,2026-08-19T06:19:22.877736+00:00,2026-08-19T06:19:59.383855+00:00
25,512,Sánchez,18,DEF,44,0,0,0.0,0.0,0.0,0,1,0,0,0,2026-08-19T06:19:22.877736+00:00,2026-08-19T06:19:59.383855+00:00
25,513,Sarr,18,MID,44,2.288,2.2738,0.68,0.0704,0.638,0.01,1,2,70,1,2026-08-19T06:19:22.877736+00:00,2026-08-19T06:19:59.383855+00:00
25,514,Sessegnon,18,DEF,44,0,0,0.0,0.0,0.0,0,1,0,0,0,2026-08-19T06:19:22.877736+00:00,2026-08-19T06:19:59.383855+00:00
25,515,Skipp,18,MID,45,0.892,1.407,0.28,0.1584,0.2731,0.0016,1,0,0,0,2026-08-19T06:19:22.877736+00:00,2026-08-19T06:19:59.383855+00:00
25,516,Son,18,MID,96,4.0176,3.9097,0.68,0.0576,0.637,0.0888,1,2,90,1,2026-08-19T06:19:22.877736+00:00,2026-08-19T06:19:59.383855+00:00
25,517,Spence,18,DEF,40,0,0,0.0,0.0,0.0,0,1,0,0,0,2026-08-19T06:19:22.877736+00:00,2026-08-19T06:19:59.383855+00:00
25,518,Tanganga,18,DEF,40,0,0,0.0,0.0,0.0,0,1,0,0,0,2026-08-19T06:19:22.877736+00:00,2026-08-19T06:19:59.383855+00:00
25,519,Udogie,18,DEF,49,0,0,0.0,0.0,0.0,0,1,0,0,0,2026-08-19T06:19:22.877736+00:00,2026-08-19T06:19:59.383855+00:00
25,520,Vicario,18,GKP,53,3.4072,2.3068,0.9,0.008,0.8376,0.0012,1,3,90,1,2026-08-19T06:19:22.877736+00:00,2026-08-19T06:19:59.383855+00:00
25,521,Whiteman,18,GKP,39,0.1948,0.8325,0.04,0.0384,0.0403,0.0004,1,0,0,0,2026-08-19T06:19:22.877736+00:00,2026-08-19T06:19:59.383855+00:00
25,583,Solomon,18,MID,51,0,0,0.0,0.0,0.0,0,1,0,0,0,2026-08-19T06:19:22.877736+00:00,2026-08-19T06:19:59.383855+00:00
25,639,Van de Ven,18,DEF,44,0.9104,1.704,0.22,0.1716,0.2183,0.002,1,1,90,1,2026-08-19T06:19:22.877736+00:00,2026-08-19T06:19:59.383855+00:00
25,640,Scarlett,18,FWD,45,0.4264,0.876,0.1,0.198,0.1088,0.0,1,0,0,0,2026-08-19T06:19:22.877736+00:00,2026-08-19T06:19:59.383855+00:00
25,641,Veliz,18,FWD,54,0,0,0.0,0.0,0.0,0,1,0,0,0,2026-08-19T06:19:22.877736+00:00,2026-08-19T06:19:59.383855+00:00
25,702,Phillips,18,DEF,40,0,0,0.0,0.0,0.0,0,1,0,0,0,2026-08-19T06:19:22.877736+00:00,2026-08-19T06:19:59.383855+00:00
25,722,Donley,18,FWD,45,0.4704,0.9715,0.1,0.198,0.1088,0.0008,1,0,0,0,2026-08-19T06:19:22.877736+00:00,2026-08-19T06:19:59.383855+00:00
25,740,Dorrington,18,DEF,40,0.5492,1.282,0.1,0.198,0.1088,0.0004,1,0,0,0,2026-08-19T06:19:22.877736+00:00,2026-08-19T06:19:59.383855+00:00
25,754,Yago Santiago,18,MID,45,0.4512,0.9389,0.1,0.198,0.1088,0.0008,1,0,0,0,2026-08-19T06:19:22.877736+00:00,2026-08-19T06:19:59.383855+00:00
25,776,Werner,18,FWD,64,0,0,0.0,0.0,0.0,0,1,1,19,0,2026-08-19T06:19:22.877736+00:00,2026-08-19T06:19:59.383855+00:00
25,777,Drăgușin,18,DEF,43,0.5268,1.2379,0.1,0.198,0.1088,0.0008,1,0,0,0,2026-08-19T06:19:22.877736+00:00,2026-08-19T06:19:59.383855+00:00
25,860,Moore,18,MID,45,0.4816,0.991,0.1,0.198,0.1088,0.0,1,,,,2026-08-19T06:19:22.877736+00:00,
25,862,Hall,18,MID,45,0.4956,1.03,0.1,0.198,0.1088,0.0,1,,,,2026-08-19T06:19:22.877736+00:00,
25,364,Phillips,19,MID,47,0.6024,1.0353,0.18,0.1804,0.1818,0.0004,1,-1,70,1,2026-08-19T06:19:22.877736+00:00,2026-08-19T06:19:59.383855+00:00
25,522,N.Aguerd,19,DEF,44,0.4684,1.2503,0.11,0.1602,0.1151,0.002,1,1,90,1,2026-08-19T06:19:22.877736+00:00,2026-08-19T06:19:59.383855+00:00
25,523,Antonio,19,FWD,57,1.646,1.9716,0.48,0.1456,0.458,0.0068,1,1,75,1,2026-08-19T06:19:22.877736+00:00,2026-08-19T06:19:59.383855+00:00
25,524,Areola,19,GKP,42,3.4024,2.2521,0.9,0.004,0.8373,0.0016,1,3,90,1,2026-08-19T06:19:22.877736+00:00,2026-08-19T06:19:59.383855+00:00
25,525,Benrahma,19,MID,56,0,0,0.0,0.0,0.0,0,1,0,0,0,2026-08-19T06:19:22.877736+00:00,2026-08-19T06:19:59.383855+00:00
25,526,Bowen,19,MID,78,3.7448,3.2965,0.82,0.0324,0.7652,0.052,1,2,90,1,2026-08-19T06:19:22.877736+00:00,2026-08-19T06:19:59.383855+00:00
25,527,Cornet,19,MID,52,0.6864,1.2655,0.18,0.1804,0.1818,0.0,1,1,14,0,2026-08-19T06:19:22.877736+00:00,2026-08-19T06:19:59.383855+00:00
25,528,Coufal,19,DEF,46,1.9976,2.1639,0.68,0.0576,0.637,0.0036,1,1,75,1,2026-08-19T06:19:22.877736+00:00,2026-08-19T06:19:59.383855+00:00
25,529,Coventry,19,MID,43,0,0,0.0,0.0,0.0,0,1,0,0,0,2026-08-19T06:19:22.877736+00:00,2026-08-19T06:19:59.383855+00:00
25,530,Cresswell,19,DEF,42,0.4608,1.0404,0.1,0.198,0.1088,0.0004,1,0,0,0,2026-08-19T06:19:22.877736+00:00,2026-08-19T06:19:59.383855+00:00
25,531,Downes,19,MID,50,0,0,0.0,0.0,0.0,0,1,0,0,0,2026-08-19T06:19:22.877736+00:00,2026-08-19T06:19:59.383855+00:00
25,532,Emerson,19,DEF,45,0.7636,1.6388,0.22,0.1404,0.2158,0.004,1,2,82,1,2026-08-19T06:19:22.877736+00:00,2026-08-19T06:19:59.383855+00:00
25,533,Fabianski,19,GKP,42,0.1608,0.7054,0.04,0.0384,0.0403,0.0,1,0,0,0,2026-08-19T06:19:22.877736+00:00,2026-08-19T06:19:59.383855+00:00
25,534,P.Fornals,19,MID,46,0,0,0.0,0.0,0.0,0,1,0,0,0,2026-08-19T06:19:22.877736+00:00,2026-08-19T06:19:59.383855+00:00
25,535,Ings,19,FWD,56,1.3908,1.6688,0.45,0.154,0.4308,0.0028,1,1,1,0,2026-08-19T06:19:22.877736+00:00,2026-08-19T06:19:59.383855+00:00
25,536,Johnson,19,DEF,44,0.75,1.4834,0.22,0.1716,0.2183,0.0012,1,1,14,0,2026-08-19T06:19:22.877736+00:00,2026-08-19T06:19:59.383855+00:00
25,537,Kehrer,19,DEF,42,0,0,0.0,0.0,0.0,0,1,0,0,0,2026-08-19T06:19:22.877736+00:00,2026-08-19T06:19:59.383855+00:00
25,538,Mubama,19,FWD,42,0.4844,0.987,0.1,0.198,0.1088,0.0012,1,0,0,0,2026-08-19T06:19:22.877736+00:00,2026-08-19T06:19:59.383855+00:00
25,539,L.Paquetá,19,MID,60,2.312,2.4216,0.68,0.0576,0.637,0.0148,1,0,0,0,2026-08-19T06:19:22.877736+00:00,2026-08-19T06:19:59.383855+00:00
25,541,Scamacca,19,FWD,60,0,0,0.0,0.0,0.0,0,1,0,0,0,2026-08-19T06:19:22.877736+00:00,2026-08-19T06:19:59.383855+00:00
25,542,Souček,19,MID,49,2.5228,2.5767,0.68,0.0576,0.637,0.0156,1,1,7,0,2026-08-19T06:19:22.877736+00:00,2026-08-19T06:19:59.383855+00:00
25,543,Vlašić,19,MID,45,0,0,0.0,0.0,0.0,0,1,0,0,0,2026-08-19T06:19:22.877736+00:00,2026-08-19T06:19:59.383855+00:00
25,544,Zouma,19,DEF,45,0.7488,1.5224,0.22,0.1404,0.2158,0.0024,1,1,90,1,2026-08-19T06:19:22.877736+00:00,2026-08-19T06:19:59.383855+00:00
25,577,Ogbonna,19,DEF,43,0.7316,1.4276,0.22,0.1716,0.2183,0.0012,1,0,0,0,2026-08-19T06:19:22.877736+00:00,2026-08-19T06:19:59.383855+00:00
25,642,Álvarez,19,MID,50,1.4956,1.3762,0.68,0.0576,0.637,0.0008,1,2,90,1,2026-08-19T06:19:22.877736+00:00,2026-08-19T06:19:59.383855+00:00
25,647,Anang,19,GKP,40,0.1688,0.7482,0.04,0.0384,0.0403,0.0004,1,0,0,0,2026-08-19T06:19:22.877736+00:00,2026-08-19T06:19:59.383855+00:00
25,664,Ward-Prowse,19,MID,60,3.5244,2.9204,0.82,0.0324,0.7652,0.0392,1,2,90,1,2026-08-19T06:19:22.877736+00:00,2026-08-19T06:19:59.383855+00:00
25,676,Mavropanos,19,DEF,45,0.786,1.5496,0.22,0.1716,0.2183,0.0012,1,0,0,0,2026-08-19T06:19:22.877736+00:00,2026-08-19T06:19:59.383855+00:00
25,689,Kudus,19,MID,68,1.9304,2.3886,0.48,0.1456,0.458,0.0128,1,1,90,1,2026-08-19T06:19:22.877736+00:00,2026-08-19T06:19:59.383855+00:00
25,773,Orford,19,MID,45,0.4656,0.9606,0.1,0.198,0.1088,0.0004,1,0,0,0,2026-08-19T06:19:22.877736+00:00,2026-08-19T06:19:59.383855+00:00
25,774,Casey,19,DEF,40,0.4404,1.0528,0.1,0.198,0.1088,0.0,1,0,0,0,2026-08-19T06:19:22.877736+00:00,2026-08-19T06:19:59.383855+00:00
25,784,Scarles,19,DEF,40,0.4944,1.1444,0.1,0.198,0.1088,0.0,1,0,0,0,2026-08-19T06:19:22.877736+00:00,2026-08-19T06:19:59.383855+00:00
25,785,Marshall,19,FWD,45,0,0,0.0,0.0,0.0,0,1,0,0,0,2026-08-19T06:19:22.877736+00:00,2026-08-19T06:19:59.383855+00:00
25,829,Earthy,19,MID,45,0.4736,0.9683,0.1,0.198,0.1088,0.0004,1,,,,2026-08-19T06:19:22.877736+00:00,
25,351,Doyle,20,MID,44,0.7632,1.1595,0.28,0.1584,0.2731,0.0004,1,0,0,0,2026-08-19T06:19:22.877736+00:00,2026-08-19T06:19:59.383855+00:00
25,545,Aït-Nouri,20,DEF,45,0.7668,1.6414,0.22,0.1716,0.2183,0.004,1,2,90,1,2026-08-19T06:19:22.877736+00:00,2026-08-19T06:19:59.383855+00:00
25,546,Bentley,20,GKP,39,0.1544,0.7214,0.04,0.0384,0.0403,0.0,1,0,0,0,2026-08-19T06:19:22.877736+00:00,2026-08-19T06:19:59.383855+00:00
25,547,Bolla,20,DEF,40,0,0,0.0,0.0,0.0,0,1,0,0,0,2026-08-19T06:19:22.877736+00:00,2026-08-19T06:19:59.383855+00:00
25,548,H.Bueno,20,DEF,44,0.764,1.4586,0.22,0.1716,0.2183,0.0008,1,0,0,0,2026-08-19T06:19:22.877736+00:00,2026-08-19T06:19:59.383855+00:00
25,549,Chiquinho,20,MID,45,0,0,0.0,0.0,0.0,0,1,0,0,0,2026-08-19T06:19:22.877736+00:00,2026-08-19T06:19:59.383855+00:00
25,550,Cundle,20,MID,45,0,0,0.0,0.0,0.0,0,1,0,0,0,2026-08-19T06:19:22.877736+00:00,2026-08-19T06:19:59.383855+00:00
25,551,Dawson,20,DEF,45,0,0,0.0,0.0,0.0,0,1,2,90,1,2026-08-19T06:19:22.877736+00:00,2026-08-19T06:19:59.383855+00:00
25,552,Fábio Silva,20,FWD,52,0,0,0.0,0.0,0.0,0,1,0,0,0,2026-08-19T06:19:22.877736+00:00,2026-08-19T06:19:59.383855+00:00
25,554,Guedes,20,MID,54,0,0,0.0,0.0,0.0,0,1,0,0,0,2026-08-19T06:19:22.877736+00:00,2026-08-19T06:19:59.383855+00:00
25,555,Hodge,20,MID,44,0,0,0.0,0.0,0.0,0,1,0,0,0,2026-08-19T06:19:22.877736+00:00,2026-08-19T06:19:59.383855+00:00
25,556,Hoever,20,DEF,40,0,0,0.0,0.0,0.0,0,1,0,0,0,2026-08-19T06:19:22.877736+00:00,2026-08-19T06:19:59.383855+00:00
25,557,Hee Chan,20,MID,55,3.1588,3.1351,0.68,0.0896,0.6396,0.04,1,2,87,1,2026-08-19T06:19:22.877736+00:00,2026-08-19T06:19:59.383855+00:00
25,559,João Gomes,20,MID,49,1.6056,1.4287,0.68,0.0576,0.637,0.0008,1,14,90,1,2026-08-19T06:19:22.877736+00:00,2026-08-19T06:19:59.383855+00:00
25,560,J.Otto,20,DEF,43,0,0,0.0,0.0,0.0,0,1,0,0,0,2026-08-19T06:19:22.877736+00:00,2026-08-19T06:19:59.383855+00:00
25,561,Jordão,20,MID,43,0.492,0.9826,0.1,0.198,0.1088,0.0004,1,0,0,0,2026-08-19T06:19:22.877736+00:00,2026-08-19T06:19:59.383855+00:00
25,562,Kalajdžić,20,FWD,49,0,0,0.0,0.0,0.0,0,1,0,0,0,2026-08-19T06:19:22.877736+00:00,2026-08-19T06:19:59.383855+00:00
25,563,Kilman,20,DEF,45,0.7592,1.6468,0.22,0.1404,0.2158,0.0032,1,2,90,1,2026-08-19T06:19:22.877736+00:00,2026-08-19T06:19:59.383855+00:00
25,564,King,20,GKP,39,0.1544,0.6779,0.04,0.0384,0.0403,0.0,1,0,0,0,2026-08-19T06:19:22.877736+00:00,2026-08-19T06:19:59.383855+00:00
25,565,Mario Jr.,20,MID,49,2.23,2.2498,0.68,0.0576,0.637,0.0096,1,2,90,1,2026-08-19T06:19:22.877736+00:00,2026-08-19T06:19:59.383855+00:00
25,567,Neto,20,MID,57,1.914,2.3387,0.48,0.1456,0.458,0.0096,1,5,90,1,2026-08-19T06:19:22.877736+00:00,2026-08-19T06:19:59.383855+00:00
25,568,Podence,20,MID,53,0,0,0.0,0.0,0.0,0,1,0,0,0,2026-08-19T06:19:22.877736+00:00,2026-08-19T06:19:59.383855+00:00
25,569,José Sá,20,GKP,50,2.9928,2.1287,0.9,0.008,0.8376,0.0004,1,3,90,1,2026-08-19T06:19:22.877736+00:00,2026-08-19T06:19:59.383855+00:00
25,570,Sarabia,20,MID,47,1.0836,1.9143,0.24,0.1672,0.2366,0.0072,1,5,72,1,2026-08-19T06:19:22.877736+00:00,2026-08-19T06:19:59.383855+00:00
25,571,Šarkić,20,GKP,40,0,0,0.0,0.0,0.0,0,1,0,0,0,2026-08-19T06:19:22.877736+00:00,2026-08-19T06:19:59.383855+00:00
25,572,N.Semedo,20,DEF,45,0,0,0.0,0.0,0.0,0,1,2,90,1,2026-08-19T06:19:22.877736+00:00,2026-08-19T06:19:59.383855+00:00
25,573,Toti,20,DEF,44,0.7584,1.5423,0.22,0.1404,0.2158,0.002,1,2,90,1,2026-08-19T06:19:22.877736+00:00,2026-08-19T06:19:59.383855+00:00
25,574,Boubacar Traore,20,MID,43,0.8632,1.1928,0.28,0.1584,0.2731,0.0,1,1,2,0,2026-08-19T06:19:22.877736+00:00,2026-08-19T06:19:59.383855+00:00
25,590,Cunha,20,FWD,57,3.2016,2.7242,0.82,0.0324,0.7652,0.0316,1,0,0,0,2026-08-19T06:19:22.877736+00:00,2026-08-19T06:19:59.383855+00:00
25,598,Doherty,20,DEF,43,0.7924,1.5448,0.22,0.1716,0.2183,0.0028,1,1,1,0,2026-08-19T06:19:22.877736+00:00,2026-08-19T06:19:59.383855+00:00
25,697,S.Bueno,20,DEF,45,0.4512,1.0955,0.1,0.198,0.1088,0.0004,1,0,0,0,2026-08-19T06:19:22.877736+00:00,2026-08-19T06:19:59.383855+00:00
25,698,González,20,MID,50,0.7196,1.2816,0.18,0.1804,0.1818,0.0,1,0,0,0,2026-08-19T06:19:22.877736+00:00,2026-08-19T06:19:59.383855+00:00
25,704,Fraser,20,FWD,45,0.4248,0.8648,0.1,0.198,0.1088,0.0,1,0,0,0,2026-08-19T06:19:22.877736+00:00,2026-08-19T06:19:59.383855+00:00
25,715,Bellegarde,20,MID,49,0.9952,1.5741,0.28,0.1584,0.2731,0.0032,1,1,17,0,2026-08-19T06:19:22.877736+00:00,2026-08-19T06:19:59.383855+00:00
25,749,Whittingham,20,MID,45,0.4656,0.94,0.1,0.198,0.1088,0.0,1,0,0,0,2026-08-19T06:19:22.877736+00:00,2026-08-19T06:19:59.383855+00:00
25,750,Chirewa,20,MID,44,0.4596,0.9072,0.1,0.198,0.1088,0.0,1,0,0,0,2026-08-19T06:19:22.877736+00:00,2026-08-19T06:19:59.383855+00:00
25,751,Hubner,20,DEF,40,0.4876,1.201,0.1,0.198,0.1088,0.0008,1,0,0,0,2026-08-19T06:19:22.877736+00:00,2026-08-19T06:19:59.383855+00:00
25,769,Hesketh,20,MID,45,0,0,0.0,0.0,0.0,0,1,0,0,0,2026-08-19T06:19:22.877736+00:00,2026-08-19T06:19:59.383855+00:00
25,770,Barnett,20,MID,45,0.452,0.9483,0.1,0.198,0.1088,0.0,1,0,0,0,2026-08-19T06:19:22.877736+00:00,2026-08-19T06:19:59.383855+00:00
25,787,Griffiths,20,MID,45,0.4616,0.9135,0.1,0.198,0.1088,0.0,1,0,0,0,2026-08-19T06:19:22.877736+00:00,2026-08-19T06:19:59.383855+00:00
25,788,Mosquera,20,DEF,40,0,0,0.0,0.0,0.0,0,1,0,0,0,2026-08-19T06:19:22.877736+00:00,2026-08-19T06:19:59.383855+00:00
25,800,N.Lemina,20,MID,50,0.644,1.1968,0.18,0.1804,0.1818,0.0008,1,0,0,0,2026-08-19T06:19:22.877736+00:00,2026-08-19T06:19:59.383855+00:00
25,832,Okoduwa,20,DEF,40,0.4692,1.111,0.1,0.198,0.1088,0.0008,1,,,,2026-08-19T06:19:22.877736+00:00,
25,836,Chiwome,20,FWD,45,0,0,0.0,0.0,0.0,0,1,,,,2026-08-19T06:19:22.877736+00:00,
25,840,Holman,20,FWD,45,0.4176,0.8788,0.1,0.198,0.1088,0.0004,1,,,,2026-08-19T06:19:22.877736+00:00,
25,853,Ojinnaka,20,MID,45,0.512,1.0392,0.1,0.198,0.1088,0.0004,1,,,,2026-08-19T06:19:22.877736+00:00,
