gw,player_id,web_name,team_id,position,now_cost,mu,sigma,p_start,p_sub,p_60,p_10_plus,n_fixtures,actual_points,actual_minutes,did_start,captured_at,scored_at
31,1,Balogun,1,FWD,44,0,0,0.0,0.0,0.0,0,1,0,0,0,2026-08-19T06:19:32.358757+00:00,2026-08-19T06:19:59.571533+00:00
31,2,Cédric,1,DEF,38,0.4728,1.1251,0.1,0.198,0.1088,0.0004,1,0,0,0,2026-08-19T06:19:32.358757+00:00,2026-08-19T06:19:59.571533+00:00
31,3,M.Elneny,1,MID,44,0.5216,1.0698,0.1,0.198,0.1088,0.0004,1,0,0,0,2026-08-19T06:19:32.358757+00:00,2026-08-19T06:19:59.571533+00:00
31,4,Fábio Vieira,1,MID,54,0.764,1.4799,0.18,0.1804,0.1818,0.0016,1,0,0,0,2026-08-19T06:19:32.358757+00:00,2026-08-19T06:19:59.571533+00:00
31,5,Gabriel,1,DEF,53,3.3388,3.0925,0.82,0.0324,0.7652,0.0412,1,6,90,1,2026-08-19T06:19:32.358757+00:00,2026-08-19T06:19:59.571533+00:00
31,6,Havertz,1,MID,72,3.2632,3.4953,0.68,0.0576,0.637,0.0544,1,5,65,1,2026-08-19T06:19:32.358757+00:00,2026-08-19T06:19:59.571533+00:00
31,8,G.Jesus,1,FWD,77,2.352,2.8909,0.48,0.1456,0.458,0.0312,1,0,0,0,2026-08-19T06:19:32.358757+00:00,2026-08-19T06:19:59.571533+00:00
31,9,Jorginho,1,MID,53,1.4496,1.7255,0.48,0.1144,0.4556,0.0032,1,1,5,0,2026-08-19T06:19:32.358757+00:00,2026-08-19T06:19:59.571533+00:00
31,10,Kiwior,1,DEF,44,0.98,1.8934,0.22,0.1716,0.2183,0.0056,1,0,0,0,2026-08-19T06:19:32.358757+00:00,2026-08-19T06:19:59.571533+00:00
31,11,Marquinhos,1,MID,45,0,0,0.0,0.0,0.0,0,1,0,0,0,2026-08-19T06:19:32.358757+00:00,2026-08-19T06:19:59.571533+00:00
31,12,Martinelli,1,MID,76,3.1944,3.2079,0.68,0.0576,0.637,0.0508,1,1,15,0,2026-08-19T06:19:32.358757+00:00,2026-08-19T06:19:59.571533+00:00
31,13,Nketiah,1,FWD,51,1.8492,2.3103,0.48,0.1144,0.4556,0.0132,1,1,24,0,2026-08-19T06:19:32.358757+00:00,2026-08-19T06:19:59.571533+00:00
31,14,Ødegaard,1,MID,85,4.1492,3.2255,0.82,0.0324,0.7652,0.0668,1,11,90,1,2026-08-19T06:19:32.358757+00:00,2026-08-19T06:19:59.571533+00:00
31,15,Thomas,1,MID,48,0.9512,1.4629,0.28,0.1584,0.2731,0.0016,1,3,66,1,2026-08-19T06:19:32.358757+00:00,2026-08-19T06:19:59.571533+00:00
31,16,Pepe,1,MID,49,0,0,0.0,0.0,0.0,0,1,0,0,0,2026-08-19T06:19:32.358757+00:00,2026-08-19T06:19:59.571533+00:00
31,17,Ramsdale,1,GKP,45,0.152,0.7274,0.04,0.0384,0.0403,0.0,1,0,0,0,2026-08-19T06:19:32.358757+00:00,2026-08-19T06:19:59.571533+00:00
31,18,Rúnarsson,1,GKP,40,0,0,0.0,0.0,0.0,0,1,0,0,0,2026-08-19T06:19:32.358757+00:00,2026-08-19T06:19:59.571533+00:00
31,19,Saka,1,MID,90,2.932,4.1085,0.41,0.1062,0.3898,0.0848,1,0,0,0,2026-08-19T06:19:32.358757+00:00,2026-08-19T06:19:59.571533+00:00
31,20,Saliba,1,DEF,58,2.8952,2.5941,0.82,0.0324,0.7652,0.0156,1,7,90,1,2026-08-19T06:19:32.358757+00:00,2026-08-19T06:19:59.571533+00:00
31,22,Smith Rowe,1,MID,53,0.83,1.6255,0.18,0.1804,0.1818,0.0032,1,6,84,1,2026-08-19T06:19:32.358757+00:00,2026-08-19T06:19:59.571533+00:00
31,24,Tierney,1,DEF,44,0,0,0.0,0.0,0.0,0,1,0,0,0,2026-08-19T06:19:32.358757+00:00,2026-08-19T06:19:59.571533+00:00
31,25,Tomiyasu,1,DEF,45,0.9568,1.8926,0.22,0.1716,0.2183,0.0052,1,1,16,0,2026-08-19T06:19:32.358757+00:00,2026-08-19T06:19:59.571533+00:00
31,26,Trossard,1,MID,65,2.7472,3.3891,0.48,0.1456,0.458,0.05,1,3,90,1,2026-08-19T06:19:32.358757+00:00,2026-08-19T06:19:59.571533+00:00
31,29,White,1,DEF,58,3.124,2.7168,0.82,0.0324,0.7652,0.0192,1,6,90,1,2026-08-19T06:19:32.358757+00:00,2026-08-19T06:19:59.571533+00:00
31,30,Xhaka,1,MID,60,0,0,0.0,0.0,0.0,0,1,0,0,0,2026-08-19T06:19:32.358757+00:00,2026-08-19T06:19:59.571533+00:00
31,31,Zinchenko,1,DEF,50,3.05,2.9346,0.68,0.0704,0.638,0.0236,1,9,73,1,2026-08-19T06:19:32.358757+00:00,2026-08-19T06:19:59.571533+00:00
31,113,Raya,1,GKP,50,2.916,2.143,0.9,0.008,0.8376,0.0,1,6,90,1,2026-08-19T06:19:32.358757+00:00,2026-08-19T06:19:59.571533+00:00
31,540,Rice,1,MID,55,2.9964,2.2714,0.82,0.0324,0.7652,0.0136,1,1,23,0,2026-08-19T06:19:32.358757+00:00,2026-08-19T06:19:59.571533+00:00
31,578,Nelson,1,MID,48,0.7404,1.2869,0.18,0.1804,0.1818,0.0004,1,3,74,1,2026-08-19T06:19:32.358757+00:00,2026-08-19T06:19:59.571533+00:00
31,585,J.Timber,1,DEF,46,0.8052,1.6403,0.18,0.1804,0.1818,0.0008,1,0,0,0,2026-08-19T06:19:32.358757+00:00,2026-08-19T06:19:59.571533+00:00
31,646,Hein,1,GKP,40,0.1668,0.7894,0.04,0.0384,0.0403,0.0,1,0,0,0,2026-08-19T06:19:32.358757+00:00,2026-08-19T06:19:59.571533+00:00
31,735,Sagoe,1,MID,45,0,0,0.0,0.0,0.0,0,1,0,0,0,2026-08-19T06:19:32.358757+00:00,2026-08-19T06:19:59.571533+00:00
31,736,Walters,1,DEF,40,0.5776,1.3212,0.1,0.198,0.1088,0.0,1,0,0,0,2026-08-19T06:19:32.358757+00:00,2026-08-19T06:19:59.571533+00:00
31,737,Ibrahim,1,MID,45,0,0,0.0,0.0,0.0,0,1,0,0,0,2026-08-19T06:19:32.358757+00:00,2026-08-19T06:19:59.571533+00:00
31,764,Lewis-Skelly,1,MID,45,0.4784,0.9467,0.1,0.198,0.1088,0.0,1,0,0,0,2026-08-19T06:19:32.358757+00:00,2026-08-19T06:19:59.571533+00:00
31,772,Nwaneri,1,MID,45,0.5312,1.0796,0.1,0.198,0.1088,0.0004,1,0,0,0,2026-08-19T06:19:32.358757+00:00,2026-08-19T06:19:59.571533+00:00
31,815,Bandeira,1,MID,45,0.4536,0.9395,0.1,0.198,0.1088,0.0,1,0,0,0,2026-08-19T06:19:32.358757+00:00,2026-08-19T06:19:59.571533+00:00
31,817,Sweet,1,DEF,40,0.5236,1.2619,0.1,0.198,0.1088,0.0008,1,0,0,0,2026-08-19T06:19:32.358757+00:00,2026-08-19T06:19:59.571533+00:00
31,32,Alex Moreno,2,DEF,52,0.9144,1.8187,0.24,0.1672,0.2366,0.0044,1,1,19,0,2026-08-19T06:19:32.358757+00:00,2026-08-19T06:19:59.571533+00:00
31,34,Bailey,2,MID,57,3.0152,3.1175,0.68,0.0576,0.637,0.0416,1,1,27,0,2026-08-19T06:19:32.358757+00:00,2026-08-19T06:19:59.571533+00:00
31,35,Buendia,2,MID,57,0,0,0.0,0.0,0.0,0,1,0,0,0,2026-08-19T06:19:32.358757+00:00,2026-08-19T06:19:59.571533+00:00
31,36,Cash,2,DEF,46,0,0,0.0,0.0,0.0,0,1,0,0,0,2026-08-19T06:19:32.358757+00:00,2026-08-19T06:19:59.571533+00:00
31,37,Chambers,2,DEF,38,0.4696,1.1135,0.1,0.198,0.1088,0.0004,1,0,26,0,2026-08-19T06:19:32.358757+00:00,2026-08-19T06:19:59.571533+00:00
31,38,Coutinho,2,MID,58,0,0,0.0,0.0,0.0,0,1,0,0,0,2026-08-19T06:19:32.358757+00:00,2026-08-19T06:19:59.571533+00:00
31,39,Davis,2,FWD,49,0,0,0.0,0.0,0.0,0,1,0,0,0,2026-08-19T06:19:32.358757+00:00,2026-08-19T06:19:59.571533+00:00
31,40,Dendoncker,2,MID,49,0,0,0.0,0.0,0.0,0,1,0,0,0,2026-08-19T06:19:32.358757+00:00,2026-08-19T06:19:59.571533+00:00
31,41,Diego Carlos,2,DEF,44,0.7584,1.5777,0.22,0.1716,0.2183,0.0036,1,0,90,1,2026-08-19T06:19:32.358757+00:00,2026-08-19T06:19:59.571533+00:00
31,42,Digne,2,DEF,46,2.0308,2.3217,0.68,0.0576,0.637,0.0072,1,0,90,1,2026-08-19T06:19:32.358757+00:00,2026-08-19T06:19:59.571533+00:00
31,43,Douglas Luiz,2,MID,57,3.4996,2.8755,0.82,0.0324,0.7652,0.0432,1,1,63,1,2026-08-19T06:19:32.358757+00:00,2026-08-19T06:19:59.571533+00:00
31,44,Duran,2,FWD,50,0.6404,1.235,0.18,0.1804,0.1818,0.0012,1,7,70,1,2026-08-19T06:19:32.358757+00:00,2026-08-19T06:19:59.571533+00:00
31,45,Hause,2,DEF,39,0.4496,1.0818,0.1,0.198,0.1088,0.0004,1,0,0,0,2026-08-19T06:19:32.358757+00:00,2026-08-19T06:19:59.571533+00:00
31,46,Iroegbunam,2,MID,44,0.4604,0.9342,0.1,0.198,0.1088,0.0004,1,2,62,1,2026-08-19T06:19:32.358757+00:00,2026-08-19T06:19:59.571533+00:00
31,47,Kamara,2,MID,50,0,0,0.0,0.0,0.0,0,1,0,0,0,2026-08-19T06:19:32.358757+00:00,2026-08-19T06:19:59.571533+00:00
31,48,Konsa,2,DEF,45,0.806,1.68,0.22,0.1404,0.2158,0.0016,1,0,90,1,2026-08-19T06:19:32.358757+00:00,2026-08-19T06:19:59.571533+00:00
31,49,Martinez,2,GKP,53,3.1668,2.1759,0.9,0.008,0.8376,0.0024,1,0,0,0,2026-08-19T06:19:32.358757+00:00,2026-08-19T06:19:59.571533+00:00
31,50,McGinn,2,MID,53,2.8952,2.5049,0.82,0.0324,0.7652,0.0212,1,0,0,0,2026-08-19T06:19:32.358757+00:00,2026-08-19T06:19:59.571533+00:00
31,51,Mings,2,DEF,41,0,0,0.0,0.0,0.0,0,1,0,0,0,2026-08-19T06:19:32.358757+00:00,2026-08-19T06:19:59.571533+00:00
31,53,Olsen,2,GKP,39,0.1552,0.7201,0.04,0.0384,0.0403,0.0,1,2,90,1,2026-08-19T06:19:32.358757+00:00,2026-08-19T06:19:59.571533+00:00
31,54,Philogene,2,MID,45,0,0,0.0,0.0,0.0,0,1,0,0,0,2026-08-19T06:19:32.358757+00:00,2026-08-19T06:19:59.571533+00:00
31,55,J.Ramsey,2,MID,59,0,0,0.0,0.0,0.0,0,1,0,0,0,2026-08-19T06:19:32.358757+00:00,2026-08-19T06:19:59.571533+00:00
31,56,Sanson,2,MID,45,0,0,0.0,0.0,0.0,0,1,0,0,0,2026-08-19T06:19:32.358757+00:00,2026-08-19T06:19:59.571533+00:00
31,57,Sinisalo,2,GKP,40,0,0,0.0,0.0,0.0,0,1,0,0,0,2026-08-19T06:19:32.358757+00:00,2026-08-19T06:19:59.571533+00:00
31,58,Tielemans,2,MID,56,0,0,0.0,0.0,0.0,0,1,1,27,0,2026-08-19T06:19:32.358757+00:00,2026-08-19T06:19:59.571533+00:00
31,59,Bertrand Traoré,2,MID,50,0,0,0.0,0.0,0.0,0,1,0,0,0,2026-08-19T06:19:32.358757+00:00,2026-08-19T06:19:59.571533+00:00
31,60,Watkins,2,FWD,89,3.9464,3.1766,0.82,0.0324,0.7652,0.0636,1,0,0,0,2026-08-19T06:19:32.358757+00:00,2026-08-19T06:19:59.571533+00:00
31,61,Wesley,2,FWD,50,0,0,0.0,0.0,0.0,0,1,0,0,0,2026-08-19T06:19:32.358757+00:00,2026-08-19T06:19:59.571533+00:00
31,584,Pau,2,DEF,46,2.074,2.2707,0.68,0.0576,0.637,0.0072,1,0,0,0,2026-08-19T06:19:32.358757+00:00,2026-08-19T06:19:59.571533+00:00
31,599,Diaby,2,MID,63,2.97,2.9419,0.68,0.0576,0.637,0.0348,1,2,62,1,2026-08-19T06:19:32.358757+00:00,2026-08-19T06:19:59.571533+00:00
31,618,Kellyman,2,MID,45,0.486,0.9328,0.1,0.198,0.1088,0.0,1,1,13,0,2026-08-19T06:19:32.358757+00:00,2026-08-19T06:19:59.571533+00:00
31,670,Marschall,2,GKP,40,0,0,0.0,0.0,0.0,0,1,0,0,0,2026-08-19T06:19:32.358757+00:00,2026-08-19T06:19:59.571533+00:00
31,672,Zaniolo,2,MID,54,0,0,0.0,0.0,0.0,0,1,2,76,1,2026-08-19T06:19:32.358757+00:00,2026-08-19T06:19:59.571533+00:00
31,686,Zych,2,GKP,40,0,0,0.0,0.0,0.0,0,1,0,0,0,2026-08-19T06:19:32.358757+00:00,2026-08-19T06:19:59.571533+00:00
31,699,Lenglet,2,DEF,45,0.7264,1.4072,0.22,0.1716,0.2183,0.0004,1,0,90,1,2026-08-19T06:19:32.358757+00:00,2026-08-19T06:19:59.571533+00:00
31,765,Proctor,2,GKP,40,0.1428,0.6256,0.04,0.0384,0.0403,0.0,1,0,0,0,2026-08-19T06:19:32.358757+00:00,2026-08-19T06:19:59.571533+00:00
31,767,O'Reilly,2,MID,45,0,0,0.0,0.0,0.0,0,1,0,0,0,2026-08-19T06:19:32.358757+00:00,2026-08-19T06:19:59.571533+00:00
31,778,Wright,2,GKP,40,0.1708,0.7855,0.04,0.0384,0.0403,0.0,1,0,0,0,2026-08-19T06:19:32.358757+00:00,2026-08-19T06:19:59.571533+00:00
31,793,Kesler-Hayden,2,DEF,40,0.5152,1.2155,0.1,0.198,0.1088,0.0004,1,0,0,0,2026-08-19T06:19:32.358757+00:00,2026-08-19T06:19:59.571533+00:00
31,803,Rogers,2,MID,50,0,0,0.0,0.0,0.0,0,1,5,90,1,2026-08-19T06:19:32.358757+00:00,2026-08-19T06:19:59.571533+00:00
31,818,Gauci,2,GKP,39,0.15,0.7142,0.04,0.0384,0.0403,0.0,1,0,0,0,2026-08-19T06:19:32.358757+00:00,2026-08-19T06:19:59.571533+00:00
31,854,Munroe,2,DEF,40,0.4848,1.1627,0.1,0.198,0.1088,0.0004,1,,,,2026-08-19T06:19:32.358757+00:00,
31,865,Young,2,MID,45,0.4568,0.9702,0.1,0.198,0.1088,0.0004,1,,,,2026-08-19T06:19:32.358757+00:00,
31,866,Emery,2,GKP,40,0.1404,0.6616,0.04,0.0384,0.0403,0.0,1,,,,2026-08-19T06:19:32.358757+00:00,
31,62,Anthony,3,MID,49,0,0,0.0,0.0,0.0,0,1,0,0,0,2026-08-19T06:19:32.358757+00:00,2026-08-19T06:19:59.571533+00:00
31,63,Billing,3,MID,51,1.7972,2.327,0.48,0.1144,0.4556,0.01,1,3,63,1,2026-08-19T06:19:32.358757+00:00,2026-08-19T06:19:59.571533+00:00
31,64,Brooks,3,MID,47,0,0,0.0,0.0,0.0,0,1,0,0,0,2026-08-19T06:19:32.358757+00:00,2026-08-19T06:19:59.571533+00:00
31,65,Christie,3,MID,50,2.7256,2.0995,0.82,0.0324,0.7652,0.0088,1,3,90,1,2026-08-19T06:19:32.358757+00:00,2026-08-19T06:19:59.571533+00:00
31,66,L.Cook,3,MID,50,2.036,1.7832,0.68,0.0576,0.637,0.002,1,3,90,1,2026-08-19T06:19:32.358757+00:00,2026-08-19T06:19:59.571533+00:00
31,67,Siriki,3,MID,45,0,0,0.0,0.0,0.0,0,1,0,0,0,2026-08-19T06:19:32.358757+00:00,2026-08-19T06:19:59.571533+00:00
31,68,Fredericks,3,DEF,43,0,0,0.0,0.0,0.0,0,1,0,0,0,2026-08-19T06:19:32.358757+00:00,2026-08-19T06:19:59.571533+00:00
31,69,Hill,3,DEF,40,0.5,1.2343,0.1,0.198,0.1088,0.0008,1,0,0,0,2026-08-19T06:19:32.358757+00:00,2026-08-19T06:19:59.571533+00:00
31,70,Kelly,3,DEF,45,0.9148,1.7618,0.22,0.1716,0.2183,0.002,1,7,90,1,2026-08-19T06:19:32.358757+00:00,2026-08-19T06:19:59.571533+00:00
31,71,Kilkenny,3,MID,43,0,0,0.0,0.0,0.0,0,1,0,0,0,2026-08-19T06:19:32.358757+00:00,2026-08-19T06:19:59.571533+00:00
31,72,Kluivert,3,MID,46,2.4096,2.5618,0.68,0.0704,0.638,0.0188,1,6,26,0,2026-08-19T06:19:32.358757+00:00,2026-08-19T06:19:59.571533+00:00
31,73,Lowe,3,MID,49,0,0,0.0,0.0,0.0,0,1,0,0,0,2026-08-19T06:19:32.358757+00:00,2026-08-19T06:19:59.571533+00:00
31,74,Marcondes,3,MID,43,0,0,0.0,0.0,0.0,0,1,0,0,0,2026-08-19T06:19:32.358757+00:00,2026-08-19T06:19:59.571533+00:00
31,75,Mepham,3,DEF,43,0.4816,1.1499,0.11,0.1958,0.118,0.0004,1,0,0,0,2026-08-19T06:19:32.358757+00:00,2026-08-19T06:19:59.571533+00:00
31,76,Moore,3,FWD,46,0,0,0.0,0.0,0.0,0,1,0,0,0,2026-08-19T06:19:32.358757+00:00,2026-08-19T06:19:59.571533+00:00
31,77,Neto,3,GKP,47,3.6272,2.3875,0.9,0.008,0.8376,0.004,1,7,90,1,2026-08-19T06:19:32.358757+00:00,2026-08-19T06:19:59.571533+00:00
31,78,O.Dango,3,MID,47,1.1368,1.8979,0.28,0.1584,0.2731,0.0048,1,3,63,1,2026-08-19T06:19:32.358757+00:00,2026-08-19T06:19:59.571533+00:00
31,79,Pearson,3,MID,45,0,0,0.0,0.0,0.0,0,1,0,0,0,2026-08-19T06:19:32.358757+00:00,2026-08-19T06:19:59.571533+00:00
31,80,Randolph,3,GKP,40,0.164,0.7816,0.04,0.0384,0.0403,0.0004,1,0,0,0,2026-08-19T06:19:32.358757+00:00,2026-08-19T06:19:59.571533+00:00
31,81,Rothwell,3,MID,48,0,0,0.0,0.0,0.0,0,1,0,0,0,2026-08-19T06:19:32.358757+00:00,2026-08-19T06:19:59.571533+00:00
31,82,Semenyo,3,FWD,45,2.4824,2.4374,0.68,0.0576,0.637,0.0144,1,3,45,1,2026-08-19T06:19:32.358757+00:00,2026-08-19T06:19:59.571533+00:00
31,83,Senesi,3,DEF,45,0.9788,1.9924,0.22,0.1404,0.2158,0.0048,1,0,0,0,2026-08-19T06:19:32.358757+00:00,2026-08-19T06:19:59.571533+00:00
31,84,Smith,3,DEF,44,0.7528,1.5011,0.22,0.1404,0.2158,0.0,1,9,89,1,2026-08-19T06:19:32.358757+00:00,2026-08-19T06:19:59.571533+00:00
31,85,Solanke,3,FWD,72,4.3892,3.6112,0.82,0.0324,0.7652,0.1048,1,2,89,1,2026-08-19T06:19:32.358757+00:00,2026-08-19T06:19:59.571533+00:00
31,86,Tavernier,3,MID,53,2.8512,2.7926,0.68,0.0576,0.637,0.0276,1,2,90,1,2026-08-19T06:19:32.358757+00:00,2026-08-19T06:19:59.571533+00:00
31,87,Hamed Traorè,3,MID,47,0,0,0.0,0.0,0.0,0,1,0,0,0,2026-08-19T06:19:32.358757+00:00,2026-08-19T06:19:59.571533+00:00
31,88,Travers,3,GKP,40,0.1748,0.777,0.04,0.0384,0.0403,0.0,1,0,0,0,2026-08-19T06:19:32.358757+00:00,2026-08-19T06:19:59.571533+00:00
31,89,Zabarnyi,3,DEF,45,0.8236,1.7397,0.22,0.1404,0.2158,0.0032,1,7,90,1,2026-08-19T06:19:32.358757+00:00,2026-08-19T06:19:59.571533+00:00
31,595,Kerkez,3,DEF,44,0.8684,1.7065,0.22,0.1404,0.2158,0.0016,1,1,27,0,2026-08-19T06:19:32.358757+00:00,2026-08-19T06:19:59.571533+00:00
31,607,Radu,3,GKP,43,0.1796,0.8052,0.04,0.0384,0.0403,0.0,1,0,0,0,2026-08-19T06:19:32.358757+00:00,2026-08-19T06:19:59.571533+00:00
31,619,Greenwood,3,DEF,40,0,0,0.0,0.0,0.0,0,1,0,0,0,2026-08-19T06:19:32.358757+00:00,2026-08-19T06:19:59.571533+00:00
31,643,Aarons,3,DEF,44,0.7948,1.5526,0.22,0.1716,0.2183,0.0004,1,1,1,0,2026-08-19T06:19:32.358757+00:00,2026-08-19T06:19:59.571533+00:00
31,644,Scott,3,MID,49,1.0832,1.7003,0.28,0.1584,0.2731,0.0028,1,1,45,1,2026-08-19T06:19:32.358757+00:00,2026-08-19T06:19:59.571533+00:00
31,673,Adams,3,MID,49,0.7052,1.2874,0.18,0.1804,0.1818,0.0012,1,0,0,0,2026-08-19T06:19:32.358757+00:00,2026-08-19T06:19:59.571533+00:00
31,705,Sinisterra,3,MID,55,0,0,0.0,0.0,0.0,0,1,0,0,0,2026-08-19T06:19:32.358757+00:00,2026-08-19T06:19:59.571533+00:00
31,799,Faivre,3,MID,50,0.746,1.3908,0.18,0.1804,0.1818,0.002,1,0,0,0,2026-08-19T06:19:32.358757+00:00,2026-08-19T06:19:59.571533+00:00
31,802,Kinsey,3,DEF,40,0.534,1.2727,0.1,0.198,0.1088,0.0012,1,0,0,0,2026-08-19T06:19:32.358757+00:00,2026-08-19T06:19:59.571533+00:00
31,804,Enes Ünal,3,FWD,50,0.6632,1.2579,0.18,0.1804,0.1818,0.0016,1,1,1,0,2026-08-19T06:19:32.358757+00:00,2026-08-19T06:19:59.571533+00:00
31,811,Sadi,3,MID,45,0.46,0.9499,0.1,0.198,0.1088,0.0,1,0,0,0,2026-08-19T06:19:32.358757+00:00,2026-08-19T06:19:59.571533+00:00
31,849,Dacosta Gonzalez,3,MID,45,0.4796,1.0121,0.1,0.198,0.1088,0.0008,1,,,,2026-08-19T06:19:32.358757+00:00,
31,855,McKenna,3,GKP,40,0.1888,0.8044,0.04,0.0384,0.0403,0.0,1,,,,2026-08-19T06:19:32.358757+00:00,
31,90,Ajer,4,DEF,44,0.9312,1.912,0.22,0.1716,0.2183,0.0072,1,6,90,1,2026-08-19T06:19:32.358757+00:00,2026-08-19T06:19:59.571533+00:00
31,91,Balcombe,4,GKP,39,0.1752,0.8256,0.04,0.0384,0.0403,0.0,1,0,0,0,2026-08-19T06:19:32.358757+00:00,2026-08-19T06:19:59.571533+00:00
31,92,Baptiste,4,MID,43,0.4956,1.1381,0.1,0.198,0.1088,0.0016,1,0,0,0,2026-08-19T06:19:32.358757+00:00,2026-08-19T06:19:59.571533+00:00
31,93,Bech,4,DEF,40,0,0,0.0,0.0,0.0,0,1,0,0,0,2026-08-19T06:19:32.358757+00:00,2026-08-19T06:19:59.571533+00:00
31,94,Bidstrup,4,MID,45,0,0,0.0,0.0,0.0,0,1,0,0,0,2026-08-19T06:19:32.358757+00:00,2026-08-19T06:19:59.571533+00:00
31,95,Canós,4,MID,50,0,0,0.0,0.0,0.0,0,1,0,0,0,2026-08-19T06:19:32.358757+00:00,2026-08-19T06:19:59.571533+00:00
31,96,Collins,4,DEF,45,0.574,1.5479,0.11,0.1602,0.1151,0.006,1,8,90,1,2026-08-19T06:19:32.358757+00:00,2026-08-19T06:19:59.571533+00:00
31,97,Cox,4,GKP,40,0,0,0.0,0.0,0.0,0,1,0,0,0,2026-08-19T06:19:32.358757+00:00,2026-08-19T06:19:59.571533+00:00
31,98,Damsgaard,4,MID,48,0.9644,1.5282,0.28,0.1584,0.2731,0.0016,1,1,26,0,2026-08-19T06:19:32.358757+00:00,2026-08-19T06:19:59.571533+00:00
31,99,Dasilva,4,MID,47,0,0,0.0,0.0,0.0,0,1,0,0,0,2026-08-19T06:19:32.358757+00:00,2026-08-19T06:19:59.571533+00:00
31,100,Dervişoğlu,4,FWD,45,0,0,0.0,0.0,0.0,0,1,0,0,0,2026-08-19T06:19:32.358757+00:00,2026-08-19T06:19:59.571533+00:00
31,101,Flekken,4,GKP,46,3.3584,2.29,0.9,0.008,0.8376,0.0008,1,11,90,1,2026-08-19T06:19:32.358757+00:00,2026-08-19T06:19:59.571533+00:00
31,102,Goode,4,DEF,39,0,0,0.0,0.0,0.0,0,1,0,0,0,2026-08-19T06:19:32.358757+00:00,2026-08-19T06:19:59.571533+00:00
31,103,Henry,4,DEF,43,0,0,0.0,0.0,0.0,0,1,0,0,0,2026-08-19T06:19:32.358757+00:00,2026-08-19T06:19:59.571533+00:00
31,104,Hickey,4,DEF,43,0,0,0.0,0.0,0.0,0,1,0,0,0,2026-08-19T06:19:32.358757+00:00,2026-08-19T06:19:59.571533+00:00
31,105,Janelt,4,MID,53,2.3232,1.8352,0.82,0.0324,0.7652,0.0068,1,2,90,1,2026-08-19T06:19:32.358757+00:00,2026-08-19T06:19:59.571533+00:00
31,106,Jensen,4,MID,53,2.4996,2.2434,0.68,0.0576,0.637,0.0084,1,3,85,1,2026-08-19T06:19:32.358757+00:00,2026-08-19T06:19:59.571533+00:00
31,107,Lewis-Potter,4,MID,47,2.054,2.6381,0.48,0.1144,0.4556,0.0192,1,3,72,1,2026-08-19T06:19:32.358757+00:00,2026-08-19T06:19:59.571533+00:00
31,108,Mbeumo,4,MID,67,3.0796,3.9747,0.48,0.1456,0.458,0.0808,1,1,17,0,2026-08-19T06:19:32.358757+00:00,2026-08-19T06:19:59.571533+00:00
31,109,Mee,4,DEF,48,0,0,0.0,0.0,0.0,0,1,0,0,0,2026-08-19T06:19:32.358757+00:00,2026-08-19T06:19:59.571533+00:00
31,110,Nørgaard,4,MID,52,2.7864,2.4645,0.82,0.0324,0.7652,0.0196,1,0,0,0,2026-08-19T06:19:32.358757+00:00,2026-08-19T06:19:59.571533+00:00
31,111,Onyeka,4,MID,49,0.802,1.4644,0.24,0.1672,0.2366,0.0012,1,1,4,0,2026-08-19T06:19:32.358757+00:00,2026-08-19T06:19:59.571533+00:00
31,112,Pinnock,4,DEF,45,0.9744,1.9467,0.22,0.1404,0.2158,0.0056,1,0,0,0,2026-08-19T06:19:32.358757+00:00,2026-08-19T06:19:59.571533+00:00
31,114,Roerslev,4,DEF,44,1.0084,2.0148,0.22,0.1404,0.2158,0.0072,1,6,90,1,2026-08-19T06:19:32.358757+00:00,2026-08-19T06:19:59.571533+00:00
31,115,Schade,4,MID,52,1.0796,1.7609,0.28,0.1584,0.2731,0.004,1,0,0,0,2026-08-19T06:19:32.358757+00:00,2026-08-19T06:19:59.571533+00:00
31,116,Strakosha,4,GKP,39,0.18,0.8625,0.04,0.0384,0.0403,0.0004,1,0,0,0,2026-08-19T06:19:32.358757+00:00,2026-08-19T06:19:59.571533+00:00
31,117,Toney,4,FWD,81,2.0952,2.647,0.48,0.1456,0.458,0.0268,1,2,90,1,2026-08-19T06:19:32.358757+00:00,2026-08-19T06:19:59.571533+00:00
31,118,Trevitt,4,MID,45,0,0,0.0,0.0,0.0,0,1,0,0,0,2026-08-19T06:19:32.358757+00:00,2026-08-19T06:19:59.571533+00:00
31,119,Wissa,4,FWD,57,2.826,2.927,0.68,0.0576,0.637,0.0412,1,2,72,1,2026-08-19T06:19:32.358757+00:00,2026-08-19T06:19:59.571533+00:00
31,120,Yarmoliuk,4,MID,43,0.9216,1.5498,0.28,0.1584,0.2731,0.0028,1,3,63,1,2026-08-19T06:19:32.358757+00:00,2026-08-19T06:19:59.571533+00:00
31,121,Zanka,4,DEF,43,0.848,1.6744,0.22,0.1716,0.2183,0.002,1,6,90,1,2026-08-19T06:19:32.358757+00:00,2026-08-19T06:19:59.571533+00:00
31,258,Maupay,4,FWD,49,2.0056,2.7364,0.48,0.1144,0.4556,0.0268,1,0,0,0,2026-08-19T06:19:32.358757+00:00,2026-08-19T06:19:59.571533+00:00
31,508,Reguilón,4,DEF,44,1.01,1.9749,0.22,0.1716,0.2183,0.0064,1,1,17,0,2026-08-19T06:19:32.358757+00:00,2026-08-19T06:19:59.571533+00:00
31,620,Olakigbe,4,MID,45,0,0,0.0,0.0,0.0,0,1,0,0,0,2026-08-19T06:19:32.358757+00:00,2026-08-19T06:19:59.571533+00:00
31,684,Brierley,4,MID,45,0.4792,1.0058,0.1,0.198,0.1088,0.0,1,0,0,0,2026-08-19T06:19:32.358757+00:00,2026-08-19T06:19:59.571533+00:00
31,701,Ghoddos,4,MID,45,0.8128,1.2766,0.28,0.1584,0.2731,0.0,1,0,0,0,2026-08-19T06:19:32.358757+00:00,2026-08-19T06:19:59.571533+00:00
31,725,Kim Ji-Soo,4,DEF,40,0.544,1.2831,0.1,0.198,0.1088,0.0,1,0,0,0,2026-08-19T06:19:32.358757+00:00,2026-08-19T06:19:59.571533+00:00
31,733,Adedokun,4,DEF,40,0.5148,1.2198,0.1,0.198,0.1088,0.0004,1,0,0,0,2026-08-19T06:19:32.358757+00:00,2026-08-19T06:19:59.571533+00:00
31,744,Peart-Harris,4,MID,45,0,0,0.0,0.0,0.0,0,1,0,0,0,2026-08-19T06:19:32.358757+00:00,2026-08-19T06:19:59.571533+00:00
31,752,Angelini,4,GKP,40,0.1828,0.8467,0.04,0.0384,0.0403,0.0004,1,0,0,0,2026-08-19T06:19:32.358757+00:00,2026-08-19T06:19:59.571533+00:00
31,789,Valdimarsson,4,GKP,40,0.1736,0.824,0.04,0.0384,0.0403,0.0,1,0,0,0,2026-08-19T06:19:32.358757+00:00,2026-08-19T06:19:59.571533+00:00
31,797,Fredrick,4,DEF,40,0.5452,1.2601,0.1,0.198,0.1088,0.0004,1,0,0,0,2026-08-19T06:19:32.358757+00:00,2026-08-19T06:19:59.571533+00:00
31,834,Arthur,4,DEF,40,0.5416,1.2794,0.1,0.198,0.1088,0.0008,1,0,0,0,2026-08-19T06:19:32.358757+00:00,2026-08-19T06:19:59.571533+00:00
31,864,Konak,4,MID,45,0.4616,0.9575,0.1,0.198,0.1088,0.0,1,,,,2026-08-19T06:19:32.358757+00:00,
31,122,Adingra,5,MID,50,2.5416,2.4582,0.68,0.0576,0.637,0.0144,1,3,73,1,2026-08-19T06:19:32.358757+00:00,2026-08-19T06:19:59.571533+00:00
31,123,Alzate,5,MID,44,0,0,0.0,0.0,0.0,0,1,0,0,0,2026-08-19T06:19:32.358757+00:00,2026-08-19T06:19:59.571533+00:00
31,124,Ayari,5,MID,45,0,0,0.0,0.0,0.0,0,1,0,0,0,2026-08-19T06:19:32.358757+00:00,2026-08-19T06:19:59.571533+00:00
31,125,Buonanotte,5,MID,47,1.408,1.7885,0.48,0.1144,0.4556,0.0036,1,2,73,1,2026-08-19T06:19:32.358757+00:00,2026-08-19T06:19:59.571533+00:00
31,127,Connolly,5,FWD,45,0,0,0.0,0.0,0.0,0,1,0,0,0,2026-08-19T06:19:32.358757+00:00,2026-08-19T06:19:59.571533+00:00
31,128,Dahoud,5,MID,48,0,0,0.0,0.0,0.0,0,1,0,0,0,2026-08-19T06:19:32.358757+00:00,2026-08-19T06:19:59.571533+00:00
31,129,Dunk,5,DEF,52,0,0,0.0,0.0,0.0,0,1,7,90,1,2026-08-19T06:19:32.358757+00:00,2026-08-19T06:19:59.571533+00:00
31,130,Enciso,5,MID,50,0.6744,1.2532,0.18,0.1804,0.1818,0.0012,1,1,26,0,2026-08-19T06:19:32.358757+00:00,2026-08-19T06:19:59.571533+00:00
31,131,Estupiñan,5,DEF,49,0,0,0.0,0.0,0.0,0,1,0,0,0,2026-08-19T06:19:32.358757+00:00,2026-08-19T06:19:59.571533+00:00
31,132,Ferguson,5,FWD,57,0,0,0.0,0.0,0.0,0,1,0,0,0,2026-08-19T06:19:32.358757+00:00,2026-08-19T06:19:59.571533+00:00
31,133,Gilmour,5,MID,48,1.9472,1.7346,0.68,0.0576,0.637,0.0008,1,0,0,0,2026-08-19T06:19:32.358757+00:00,2026-08-19T06:19:59.571533+00:00
31,134,Gross,5,MID,64,3.7448,3.0272,0.82,0.0324,0.7652,0.0496,1,3,90,1,2026-08-19T06:19:32.358757+00:00,2026-08-19T06:19:59.571533+00:00
31,135,João Pedro,5,FWD,52,2.3428,2.9752,0.48,0.1144,0.4556,0.0352,1,2,90,1,2026-08-19T06:19:32.358757+00:00,2026-08-19T06:19:59.571533+00:00
31,136,Karbownik,5,DEF,40,0,0,0.0,0.0,0.0,0,1,0,0,0,2026-08-19T06:19:32.358757+00:00,2026-08-19T06:19:59.571533+00:00
31,137,Kozłowski,5,MID,45,0,0,0.0,0.0,0.0,0,1,0,0,0,2026-08-19T06:19:32.358757+00:00,2026-08-19T06:19:59.571533+00:00
31,138,Lallana,5,MID,49,1.3532,1.6067,0.48,0.1144,0.4556,0.0016,1,3,63,1,2026-08-19T06:19:32.358757+00:00,2026-08-19T06:19:59.571533+00:00
31,139,Lamptey,5,DEF,39,0.6996,1.4985,0.22,0.1716,0.2183,0.0032,1,1,16,0,2026-08-19T06:19:32.358757+00:00,2026-08-19T06:19:59.571533+00:00
31,140,March,5,MID,61,0,0,0.0,0.0,0.0,0,1,0,0,0,2026-08-19T06:19:32.358757+00:00,2026-08-19T06:19:59.571533+00:00
31,141,McGill,5,GKP,39,0.144,0.6843,0.04,0.0384,0.0403,0.0,1,0,0,0,2026-08-19T06:19:32.358757+00:00,2026-08-19T06:19:59.571533+00:00
31,142,Milner,5,MID,48,0,0,0.0,0.0,0.0,0,1,0,0,0,2026-08-19T06:19:32.358757+00:00,2026-08-19T06:19:59.571533+00:00
31,143,Mitoma,5,MID,64,0,0,0.0,0.0,0.0,0,1,0,0,0,2026-08-19T06:19:32.358757+00:00,2026-08-19T06:19:59.571533+00:00
31,144,Moder,5,MID,44,0.4536,0.9322,0.1,0.198,0.1088,0.0004,1,1,4,0,2026-08-19T06:19:32.358757+00:00,2026-08-19T06:19:59.571533+00:00
31,146,Sarmiento,5,MID,45,0,0,0.0,0.0,0.0,0,1,0,0,0,2026-08-19T06:19:32.358757+00:00,2026-08-19T06:19:59.571533+00:00
31,147,Scherpen,5,GKP,40,0,0,0.0,0.0,0.0,0,1,0,0,0,2026-08-19T06:19:32.358757+00:00,2026-08-19T06:19:59.571533+00:00
31,148,Steele,5,GKP,41,2.9804,2.1362,0.9,0.004,0.8373,0.0008,1,0,0,0,2026-08-19T06:19:32.358757+00:00,2026-08-19T06:19:59.571533+00:00
31,149,Undav,5,FWD,55,0,0,0.0,0.0,0.0,0,1,0,0,0,2026-08-19T06:19:32.358757+00:00,2026-08-19T06:19:59.571533+00:00
31,150,Van Hecke,5,DEF,41,0,0,0.0,0.0,0.0,0,1,6,90,1,2026-08-19T06:19:32.358757+00:00,2026-08-19T06:19:59.571533+00:00
31,151,Veltman,5,DEF,43,0,0,0.0,0.0,0.0,0,1,6,85,1,2026-08-19T06:19:32.358757+00:00,2026-08-19T06:19:59.571533+00:00
31,152,Verbruggen,5,GKP,44,0.1708,0.8096,0.04,0.0384,0.0403,0.0,1,6,90,1,2026-08-19T06:19:32.358757+00:00,2026-08-19T06:19:59.571533+00:00
31,153,Webster,5,DEF,42,0.6792,1.3892,0.22,0.1716,0.2183,0.0016,1,0,0,0,2026-08-19T06:19:32.358757+00:00,2026-08-19T06:19:59.571533+00:00
31,154,Welbeck,5,FWD,57,1.724,2.07,0.48,0.1456,0.458,0.0092,1,1,16,0,2026-08-19T06:19:32.358757+00:00,2026-08-19T06:19:59.571533+00:00
31,155,Zeqiri,5,FWD,44,0,0,0.0,0.0,0.0,0,1,0,0,0,2026-08-19T06:19:32.358757+00:00,2026-08-19T06:19:59.571533+00:00
31,606,Igor,5,DEF,43,0.7256,1.4762,0.22,0.1716,0.2183,0.0024,1,6,90,1,2026-08-19T06:19:32.358757+00:00,2026-08-19T06:19:59.571533+00:00
31,621,Hinshelwood,5,MID,45,0,0,0.0,0.0,0.0,0,1,0,0,0,2026-08-19T06:19:32.358757+00:00,2026-08-19T06:19:59.571533+00:00
31,690,Baleba,5,MID,45,1.09,1.3067,0.48,0.1144,0.4556,0.0004,1,3,90,1,2026-08-19T06:19:32.358757+00:00,2026-08-19T06:19:59.571533+00:00
31,700,Ansu Fati,5,MID,64,1.1948,2.0016,0.28,0.2016,0.2765,0.0064,1,0,0,0,2026-08-19T06:19:32.358757+00:00,2026-08-19T06:19:59.571533+00:00
31,741,O’Mahony,5,FWD,45,0.436,0.8361,0.1,0.198,0.1088,0.0,1,0,0,0,2026-08-19T06:19:32.358757+00:00,2026-08-19T06:19:59.571533+00:00
31,742,Baker-Boaitey,5,MID,45,0.4332,0.8659,0.1,0.198,0.1088,0.0,1,0,0,0,2026-08-19T06:19:32.358757+00:00,2026-08-19T06:19:59.571533+00:00
31,746,Jackson,5,DEF,40,0.4784,1.1602,0.1,0.198,0.1088,0.0008,1,0,0,0,2026-08-19T06:19:32.358757+00:00,2026-08-19T06:19:59.571533+00:00
31,747,Duffus,5,MID,44,0.4456,0.9188,0.1,0.198,0.1088,0.0004,1,0,0,0,2026-08-19T06:19:32.358757+00:00,2026-08-19T06:19:59.571533+00:00
31,753,Kavanagh,5,DEF,40,0.4668,1.1167,0.1,0.198,0.1088,0.0004,1,0,0,0,2026-08-19T06:19:32.358757+00:00,2026-08-19T06:19:59.571533+00:00
31,755,Barrington,5,MID,45,0.4536,0.89,0.1,0.198,0.1088,0.0,1,0,0,0,2026-08-19T06:19:32.358757+00:00,2026-08-19T06:19:59.571533+00:00
31,786,Peupion,5,MID,45,0.458,0.9486,0.1,0.198,0.1088,0.0004,1,0,0,0,2026-08-19T06:19:32.358757+00:00,2026-08-19T06:19:59.571533+00:00
31,816,Barco,5,DEF,40,0.4924,1.1517,0.1,0.198,0.1088,0.0,1,0,0,0,2026-08-19T06:19:32.358757+00:00,2026-08-19T06:19:59.571533+00:00
31,843,Chouchane,5,MID,45,0.4472,0.9228,0.1,0.198,0.1088,0.0,1,0,0,0,2026-08-19T06:19:32.358757+00:00,2026-08-19T06:19:59.571533+00:00
31,845,Offiah,5,DEF,40,0.4832,1.1334,0.1,0.198,0.1088,0.0008,1,0,0,0,2026-08-19T06:19:32.358757+00:00,2026-08-19T06:19:59.571533+00:00
31,861,Atom,5,DEF,40,0.4936,1.1576,0.1,0.198,0.1088,0.0,1,,,,2026-08-19T06:19:32.358757+00:00,
31,156,Agyei,6,MID,42,0.458,0.9089,0.1,0.198,0.1088,0.0,1,0,0,0,2026-08-19T06:19:32.358757+00:00,2026-08-19T06:19:59.571533+00:00
31,157,Al-Dakhil,6,DEF,38,0,0,0.0,0.0,0.0,0,1,0,0,0,2026-08-19T06:19:32.358757+00:00,2026-08-19T06:19:59.571533+00:00
31,158,Bastien,6,MID,49,0,0,0.0,0.0,0.0,0,1,0,0,0,2026-08-19T06:19:32.358757+00:00,2026-08-19T06:19:59.571533+00:00
31,159,Benson,6,MID,52,0.718,1.3621,0.18,0.1804,0.1818,0.0004,1,1,4,0,2026-08-19T06:19:32.358757+00:00,2026-08-19T06:19:59.571533+00:00
31,160,Beyer,6,DEF,39,0,0,0.0,0.0,0.0,0,1,0,0,0,2026-08-19T06:19:32.358757+00:00,2026-08-19T06:19:59.571533+00:00
31,161,Brownhill,6,MID,47,2.4136,1.8902,0.82,0.0324,0.7652,0.008,1,0,0,0,2026-08-19T06:19:32.358757+00:00,2026-08-19T06:19:59.571533+00:00
31,162,Churlinov,6,MID,44,0,0,0.0,0.0,0.0,0,1,0,0,0,2026-08-19T06:19:32.358757+00:00,2026-08-19T06:19:59.571533+00:00
31,163,Cork,6,MID,48,0.6972,1.2604,0.18,0.1804,0.1818,0.0008,1,0,0,0,2026-08-19T06:19:32.358757+00:00,2026-08-19T06:19:59.571533+00:00
31,164,Costelloe,6,MID,45,0,0,0.0,0.0,0.0,0,1,0,0,0,2026-08-19T06:19:32.358757+00:00,2026-08-19T06:19:59.571533+00:00
31,165,Cullen,6,MID,50,1.3464,1.61,0.48,0.1144,0.4556,0.0004,1,2,90,1,2026-08-19T06:19:32.358757+00:00,2026-08-19T06:19:59.571533+00:00
31,166,Egan-Riley,6,DEF,39,0,0,0.0,0.0,0.0,0,1,0,0,0,2026-08-19T06:19:32.358757+00:00,2026-08-19T06:19:59.571533+00:00
31,167,Ekdal,6,DEF,39,0.8608,1.5975,0.22,0.1716,0.2183,0.0012,1,0,0,0,2026-08-19T06:19:32.358757+00:00,2026-08-19T06:19:59.571533+00:00
31,168,Foster,6,FWD,47,1.5948,1.9331,0.48,0.1144,0.4556,0.0076,1,2,85,1,2026-08-19T06:19:32.358757+00:00,2026-08-19T06:19:59.571533+00:00
31,169,Franchi,6,GKP,39,0,0,0.0,0.0,0.0,0,1,0,0,0,2026-08-19T06:19:32.358757+00:00,2026-08-19T06:19:59.571533+00:00
31,170,Gudmundsson,6,MID,48,1.5384,1.8455,0.48,0.1144,0.4556,0.0028,1,0,0,0,2026-08-19T06:19:32.358757+00:00,2026-08-19T06:19:59.571533+00:00
31,171,McNally,6,DEF,40,0,0,0.0,0.0,0.0,0,1,0,0,0,2026-08-19T06:19:32.358757+00:00,2026-08-19T06:19:59.571533+00:00
31,172,Muric,6,GKP,43,0.242,1.0899,0.04,0.0384,0.0403,0.0,1,2,90,1,2026-08-19T06:19:32.358757+00:00,2026-08-19T06:19:59.571533+00:00
31,173,O'Shea,6,DEF,44,0.8308,1.6633,0.22,0.1404,0.2158,0.0012,1,6,90,1,2026-08-19T06:19:32.358757+00:00,2026-08-19T06:19:59.571533+00:00
31,174,Obafemi,6,FWD,49,0,0,0.0,0.0,0.0,0,1,0,0,0,2026-08-19T06:19:32.358757+00:00,2026-08-19T06:19:59.571533+00:00
31,175,Peacock-Farrell,6,GKP,40,0,0,0.0,0.0,0.0,0,1,0,0,0,2026-08-19T06:19:32.358757+00:00,2026-08-19T06:19:59.571533+00:00
31,176,Roberts,6,DEF,43,0,0,0.0,0.0,0.0,0,1,0,0,0,2026-08-19T06:19:32.358757+00:00,2026-08-19T06:19:59.571533+00:00
31,177,Rodriguez,6,FWD,53,1.1652,2.0083,0.28,0.1584,0.2731,0.0108,1,1,17,0,2026-08-19T06:19:32.358757+00:00,2026-08-19T06:19:59.571533+00:00
31,178,Taylor,6,DEF,39,0.7472,1.5042,0.22,0.1404,0.2158,0.0,1,2,90,1,2026-08-19T06:19:32.358757+00:00,2026-08-19T06:19:59.571533+00:00
31,179,Thomas,6,DEF,40,0,0,0.0,0.0,0.0,0,1,0,0,0,2026-08-19T06:19:32.358757+00:00,2026-08-19T06:19:59.571533+00:00
31,180,Twine,6,MID,49,0,0,0.0,0.0,0.0,0,1,0,0,0,2026-08-19T06:19:32.358757+00:00,2026-08-19T06:19:59.571533+00:00
31,181,Vigouroux,6,GKP,39,0.1664,0.7503,0.04,0.0384,0.0403,0.0,1,0,0,0,2026-08-19T06:19:32.358757+00:00,2026-08-19T06:19:59.571533+00:00
31,182,Vitinho,6,DEF,44,0.898,1.8353,0.22,0.1404,0.2158,0.0052,1,4,90,1,2026-08-19T06:19:32.358757+00:00,2026-08-19T06:19:59.571533+00:00
31,183,Weghorst,6,FWD,55,0,0,0.0,0.0,0.0,0,1,0,0,0,2026-08-19T06:19:32.358757+00:00,2026-08-19T06:19:59.571533+00:00
31,184,Zaroury,6,MID,46,0,0,0.0,0.0,0.0,0,1,0,0,0,2026-08-19T06:19:32.358757+00:00,2026-08-19T06:19:59.571533+00:00
31,200,D.D.Fofana,6,FWD,50,1.3348,2.1398,0.28,0.1584,0.2731,0.0056,1,2,90,1,2026-08-19T06:19:32.358757+00:00,2026-08-19T06:19:59.571533+00:00
31,475,Berge,6,MID,46,2.2776,1.7996,0.82,0.0324,0.7652,0.0036,1,2,90,1,2026-08-19T06:19:32.358757+00:00,2026-08-19T06:19:59.571533+00:00
31,594,Amdouni,6,FWD,53,2.786,2.2738,0.82,0.0324,0.7652,0.0176,1,0,0,0,2026-08-19T06:19:32.358757+00:00,2026-08-19T06:19:59.571533+00:00
31,596,Trafford,6,GKP,45,3.4876,2.3283,0.9,0.004,0.8373,0.0008,1,0,0,0,2026-08-19T06:19:32.358757+00:00,2026-08-19T06:19:59.571533+00:00
31,600,Redmond,6,MID,47,0,0,0.0,0.0,0.0,0,1,0,0,0,2026-08-19T06:19:32.358757+00:00,2026-08-19T06:19:59.571533+00:00
31,605,Koleosho,6,MID,48,1.0296,1.7298,0.24,0.1672,0.2366,0.0032,1,0,0,0,2026-08-19T06:19:32.358757+00:00,2026-08-19T06:19:59.571533+00:00
31,608,Bruun Larsen,6,MID,48,2.012,2.4835,0.48,0.1144,0.4556,0.0116,1,10,72,1,2026-08-19T06:19:32.358757+00:00,2026-08-19T06:19:59.571533+00:00
31,622,Dodgson,6,DEF,40,0,0,0.0,0.0,0.0,0,1,0,0,0,2026-08-19T06:19:32.358757+00:00,2026-08-19T06:19:59.571533+00:00
31,660,Odobert,6,MID,50,2.3676,2.3269,0.68,0.0704,0.638,0.0148,1,2,90,1,2026-08-19T06:19:32.358757+00:00,2026-08-19T06:19:59.571533+00:00
31,674,Delcroix,6,DEF,40,0.8212,1.6545,0.22,0.1716,0.2183,0.0016,1,0,0,0,2026-08-19T06:19:32.358757+00:00,2026-08-19T06:19:59.571533+00:00
31,675,A.Ramsey,6,MID,50,0,0,0.0,0.0,0.0,0,1,0,0,0,2026-08-19T06:19:32.358757+00:00,2026-08-19T06:19:59.571533+00:00
31,694,Massengo,6,MID,49,0.7784,1.3789,0.18,0.1804,0.1818,0.0008,1,0,0,0,2026-08-19T06:19:32.358757+00:00,2026-08-19T06:19:59.571533+00:00
31,706,M.Trésor,6,MID,53,0.9924,1.5891,0.28,0.1584,0.2731,0.002,1,0,0,0,2026-08-19T06:19:32.358757+00:00,2026-08-19T06:19:59.571533+00:00
31,805,Assignon,6,DEF,40,0.7812,1.5533,0.22,0.1716,0.2183,0.0004,1,0,0,0,2026-08-19T06:19:32.358757+00:00,2026-08-19T06:19:59.571533+00:00
31,806,Estève,6,DEF,40,0.704,1.4435,0.22,0.1716,0.2183,0.0008,1,2,90,1,2026-08-19T06:19:32.358757+00:00,2026-08-19T06:19:59.571533+00:00
31,126,Caicedo,7,MID,45,1.9136,1.3358,0.82,0.0324,0.7652,0.0,1,1,70,1,2026-08-19T06:19:32.358757+00:00,2026-08-19T06:19:59.571533+00:00
31,145,Sanchez,7,GKP,45,0.122,0.6801,0.02,0.0392,0.0217,0.0,1,0,0,0,2026-08-19T06:19:32.358757+00:00,2026-08-19T06:19:59.571533+00:00
31,185,Ampadu,7,DEF,40,0,0,0.0,0.0,0.0,0,1,0,0,0,2026-08-19T06:19:32.358757+00:00,2026-08-19T06:19:59.571533+00:00
31,186,Andrey,7,MID,42,0,0,0.0,0.0,0.0,0,1,0,0,0,2026-08-19T06:19:32.358757+00:00,2026-08-19T06:19:59.571533+00:00
31,187,Arrizabalaga,7,GKP,50,0,0,0.0,0.0,0.0,0,1,0,0,0,2026-08-19T06:19:32.358757+00:00,2026-08-19T06:19:59.571533+00:00
31,188,Aubameyang,7,FWD,65,0,0,0.0,0.0,0.0,0,1,0,0,0,2026-08-19T06:19:32.358757+00:00,2026-08-19T06:19:59.571533+00:00
31,189,Azpilicueta,7,DEF,45,0,0,0.0,0.0,0.0,0,1,0,0,0,2026-08-19T06:19:32.358757+00:00,2026-08-19T06:19:59.571533+00:00
31,190,Baba,7,DEF,40,0,0,0.0,0.0,0.0,0,1,0,0,0,2026-08-19T06:19:32.358757+00:00,2026-08-19T06:19:59.571533+00:00
31,191,B.Badiashile,7,DEF,44,0.998,1.8565,0.22,0.1716,0.2183,0.002,1,1,90,1,2026-08-19T06:19:32.358757+00:00,2026-08-19T06:19:59.571533+00:00
31,192,Bettinelli,7,GKP,40,0.1756,0.8189,0.04,0.0384,0.0403,0.0,1,0,0,0,2026-08-19T06:19:32.358757+00:00,2026-08-19T06:19:59.571533+00:00
31,194,Chalobah,7,DEF,43,0.5116,1.1812,0.1,0.198,0.1088,0.0008,1,1,15,0,2026-08-19T06:19:32.358757+00:00,2026-08-19T06:19:59.571533+00:00
31,195,Chilwell,7,DEF,54,1.9036,2.6556,0.48,0.1144,0.4556,0.0176,1,0,0,0,2026-08-19T06:19:32.358757+00:00,2026-08-19T06:19:59.571533+00:00
31,196,Chukwuemeka,7,MID,42,0.48,0.9585,0.1,0.198,0.1088,0.0,1,1,19,0,2026-08-19T06:19:32.358757+00:00,2026-08-19T06:19:59.571533+00:00
31,197,Colwill,7,DEF,46,2.4304,2.5692,0.68,0.0576,0.637,0.0116,1,0,0,0,2026-08-19T06:19:32.358757+00:00,2026-08-19T06:19:59.571533+00:00
31,198,Cucurella,7,DEF,48,1.5128,2.2796,0.48,0.1144,0.4556,0.0104,1,4,90,1,2026-08-19T06:19:32.358757+00:00,2026-08-19T06:19:59.571533+00:00
31,199,Enzo,7,MID,48,0,0,0.0,0.0,0.0,0,1,4,90,1,2026-08-19T06:19:32.358757+00:00,2026-08-19T06:19:59.571533+00:00
31,201,W.Fofana,7,DEF,44,0,0,0.0,0.0,0.0,0,1,0,0,0,2026-08-19T06:19:32.358757+00:00,2026-08-19T06:19:59.571533+00:00
31,202,Gallagher,7,MID,54,2.7816,2.2558,0.82,0.0324,0.7652,0.0124,1,7,88,1,2026-08-19T06:19:32.358757+00:00,2026-08-19T06:19:59.571533+00:00
31,203,Gusto,7,DEF,43,1.0056,2.0375,0.22,0.1716,0.2183,0.0052,1,0,74,1,2026-08-19T06:19:32.358757+00:00,2026-08-19T06:19:59.571533+00:00
31,206,James,7,DEF,53,0,0,0.0,0.0,0.0,0,1,0,0,0,2026-08-19T06:19:32.358757+00:00,2026-08-19T06:19:59.571533+00:00
31,207,Lukaku,7,FWD,68,0,0,0.0,0.0,0.0,0,1,0,0,0,2026-08-19T06:19:32.358757+00:00,2026-08-19T06:19:59.571533+00:00
31,208,Madueke,7,MID,53,1.1076,1.8467,0.28,0.1584,0.2731,0.0056,1,4,1,0,2026-08-19T06:19:32.358757+00:00,2026-08-19T06:19:59.571533+00:00
31,210,Mudryk,7,MID,63,0,0,0.0,0.0,0.0,0,1,2,70,1,2026-08-19T06:19:32.358757+00:00,2026-08-19T06:19:59.571533+00:00
31,211,N.Jackson,7,FWD,68,3.498,3.6451,0.68,0.0576,0.637,0.082,1,2,90,1,2026-08-19T06:19:32.358757+00:00,2026-08-19T06:19:59.571533+00:00
31,212,Nkunku,7,FWD,72,1.1876,2.0073,0.28,0.2016,0.2765,0.0104,1,0,0,0,2026-08-19T06:19:32.358757+00:00,2026-08-19T06:19:59.571533+00:00
31,213,Pulisic,7,MID,55,0,0,0.0,0.0,0.0,0,1,0,0,0,2026-08-19T06:19:32.358757+00:00,2026-08-19T06:19:59.571533+00:00
31,214,M.Sarr,7,DEF,43,0.5324,1.3066,0.1,0.198,0.1088,0.0016,1,0,0,0,2026-08-19T06:19:32.358757+00:00,2026-08-19T06:19:59.571533+00:00
31,215,Slonina,7,GKP,40,0,0,0.0,0.0,0.0,0,1,0,0,0,2026-08-19T06:19:32.358757+00:00,2026-08-19T06:19:59.571533+00:00
31,216,Sterling,7,MID,69,3.2032,3.3531,0.68,0.0576,0.637,0.0524,1,1,19,0,2026-08-19T06:19:32.358757+00:00,2026-08-19T06:19:59.571533+00:00
31,217,T.Silva,7,DEF,50,2.2748,2.3291,0.68,0.0576,0.637,0.0044,1,0,0,0,2026-08-19T06:19:32.358757+00:00,2026-08-19T06:19:59.571533+00:00
31,218,Ziyech,7,MID,54,0,0,0.0,0.0,0.0,0,1,0,0,0,2026-08-19T06:19:32.358757+00:00,2026-08-19T06:19:59.571533+00:00
31,362,Palmer,7,MID,59,4.4132,4.3327,0.68,0.0576,0.637,0.1308,1,20,90,1,2026-08-19T06:19:32.358757+00:00,2026-08-19T06:19:59.571533+00:00
31,589,Ângelo,7,MID,50,0,0,0.0,0.0,0.0,0,1,0,0,0,2026-08-19T06:19:32.358757+00:00,2026-08-19T06:19:59.571533+00:00
31,609,Maatsen,7,MID,51,0,0,0.0,0.0,0.0,0,1,0,0,0,2026-08-19T06:19:32.358757+00:00,2026-08-19T06:19:59.571533+00:00
31,611,Disasi,7,DEF,49,2.9448,2.6702,0.82,0.0324,0.7652,0.02,1,1,74,1,2026-08-19T06:19:32.358757+00:00,2026-08-19T06:19:59.571533+00:00
31,613,Ugochukwu,7,MID,44,0.866,1.2753,0.28,0.1584,0.2731,0.0,1,0,0,0,2026-08-19T06:19:32.358757+00:00,2026-08-19T06:19:59.571533+00:00
31,623,Burstow,7,FWD,45,0,0,0.0,0.0,0.0,0,1,0,0,0,2026-08-19T06:19:32.358757+00:00,2026-08-19T06:19:59.571533+00:00
31,659,Bergström,7,GKP,39,0,0,0.0,0.0,0.0,0,1,0,0,0,2026-08-19T06:19:32.358757+00:00,2026-08-19T06:19:59.571533+00:00
31,667,Lavia,7,MID,49,0,0,0.0,0.0,0.0,0,1,0,0,0,2026-08-19T06:19:32.358757+00:00,2026-08-19T06:19:59.571533+00:00
31,671,Humphreys,7,DEF,40,0,0,0.0,0.0,0.0,0,1,0,0,0,2026-08-19T06:19:32.358757+00:00,2026-08-19T06:19:59.571533+00:00
31,677,Deivid,7,FWD,45,0.474,0.9692,0.1,0.198,0.1088,0.0,1,0,0,0,2026-08-19T06:19:32.358757+00:00,2026-08-19T06:19:59.571533+00:00
31,680,Beach,7,GKP,40,0,0,0.0,0.0,0.0,0,1,0,0,0,2026-08-19T06:19:32.358757+00:00,2026-08-19T06:19:59.571533+00:00
31,681,Diego Moreira,7,MID,45,0.5204,1.0547,0.1,0.198,0.1088,0.0004,1,0,0,0,2026-08-19T06:19:32.358757+00:00,2026-08-19T06:19:59.571533+00:00
31,687,Petrović,7,GKP,46,3.502,2.3488,0.9,0.008,0.8376,0.0024,1,1,90,1,2026-08-19T06:19:32.358757+00:00,2026-08-19T06:19:59.571533+00:00
31,716,Gilchrist,7,DEF,40,0.5304,1.345,0.1,0.198,0.1088,0.0016,1,1,15,0,2026-08-19T06:19:32.358757+00:00,2026-08-19T06:19:59.571533+00:00
31,717,Stutter,7,FWD,45,0.4648,0.907,0.1,0.198,0.1088,0.0008,1,0,0,0,2026-08-19T06:19:32.358757+00:00,2026-08-19T06:19:59.571533+00:00
31,718,Matos,7,MID,45,0,0,0.0,0.0,0.0,0,1,0,0,0,2026-08-19T06:19:32.358757+00:00,2026-08-19T06:19:59.571533+00:00
31,723,Brooking,7,DEF,40,0.4732,1.1118,0.1,0.198,0.1088,0.0,1,0,0,0,2026-08-19T06:19:32.358757+00:00,2026-08-19T06:19:59.571533+00:00
31,758,Castledine,7,MID,45,0.4752,0.9868,0.1,0.198,0.1088,0.0,1,0,0,0,2026-08-19T06:19:32.358757+00:00,2026-08-19T06:19:59.571533+00:00
31,791,Casadei,7,MID,45,0.4684,0.9923,0.1,0.198,0.1088,0.0,1,0,0,0,2026-08-19T06:19:32.358757+00:00,2026-08-19T06:19:59.571533+00:00
31,819,Samuels-Smith,7,DEF,40,0.5024,1.192,0.1,0.198,0.1088,0.0004,1,0,0,0,2026-08-19T06:19:32.358757+00:00,2026-08-19T06:19:59.571533+00:00
31,820,Harrison,7,MID,45,0.498,1.0024,0.1,0.198,0.1088,0.0,1,0,0,0,2026-08-19T06:19:32.358757+00:00,2026-08-19T06:19:59.571533+00:00
31,830,Tauriainen,7,MID,45,0.4548,0.9408,0.1,0.198,0.1088,0.0004,1,0,0,0,2026-08-19T06:19:32.358757+00:00,2026-08-19T06:19:59.571533+00:00
31,838,Acheampong,7,DEF,40,0.4972,1.1954,0.1,0.198,0.1088,0.0004,1,0,0,0,2026-08-19T06:19:32.358757+00:00,2026-08-19T06:19:59.571533+00:00
31,847,Sharman-Lowe,7,GKP,40,0.1636,0.7372,0.04,0.0384,0.0403,0.0,1,,,,2026-08-19T06:19:32.358757+00:00,
31,851,George,7,FWD,45,0.49,1.0019,0.1,0.198,0.1088,0.0008,1,,,,2026-08-19T06:19:32.358757+00:00,
31,852,Dyer,7,MID,45,0.4688,0.985,0.1,0.198,0.1088,0.0008,1,,,,2026-08-19T06:19:32.358757+00:00,
31,858,Curd,7,GKP,40,0.1816,0.809,0.04,0.0384,0.0403,0.0,1,,,,2026-08-19T06:19:32.358757+00:00,
31,859,Sturge,7,DEF,40,0.5212,1.2282,0.1,0.198,0.1088,0.0,1,,,,2026-08-19T06:19:32.358757+00:00,
31,7,Holding,8,DEF,43,0.5164,1.1903,0.11,0.1958,0.118,0.0012,1,0,0,0,2026-08-19T06:19:32.358757+00:00,2026-08-19T06:19:59.571533+00:00
31,219,Ahamada,8,MID,43,0.4344,0.8991,0.1,0.198,0.1088,0.0,1,0,0,0,2026-08-19T06:19:32.358757+00:00,2026-08-19T06:19:59.571533+00:00
31,220,Andersen,8,DEF,47,2.4768,2.3767,0.82,0.0324,0.7652,0.0092,1,1,90,1,2026-08-19T06:19:32.358757+00:00,2026-08-19T06:19:59.571533+00:00
31,221,J.Ayew,8,MID,54,2.6148,2.2346,0.82,0.0324,0.7652,0.0112,1,3,69,1,2026-08-19T06:19:32.358757+00:00,2026-08-19T06:19:59.571533+00:00
31,222,Clyne,8,DEF,43,0.7484,1.447,0.22,0.1716,0.2183,0.0008,1,0,0,0,2026-08-19T06:19:32.358757+00:00,2026-08-19T06:19:59.571533+00:00
31,223,C.Doucouré,8,MID,49,0,0,0.0,0.0,0.0,0,1,0,0,0,2026-08-19T06:19:32.358757+00:00,2026-08-19T06:19:59.571533+00:00
31,224,Ebiowei,8,MID,44,0,0,0.0,0.0,0.0,0,1,0,0,0,2026-08-19T06:19:32.358757+00:00,2026-08-19T06:19:59.571533+00:00
31,225,Edouard,8,FWD,53,2.5316,2.5009,0.68,0.0704,0.638,0.02,1,1,4,0,2026-08-19T06:19:32.358757+00:00,2026-08-19T06:19:59.571533+00:00
31,226,Eze,8,MID,60,3.098,3.0724,0.68,0.0896,0.6396,0.0456,1,2,90,1,2026-08-19T06:19:32.358757+00:00,2026-08-19T06:19:59.571533+00:00
31,227,Guaita,8,GKP,44,0,0,0.0,0.0,0.0,0,1,0,0,0,2026-08-19T06:19:32.358757+00:00,2026-08-19T06:19:59.571533+00:00
31,228,Guéhi,8,DEF,42,0.8212,1.6154,0.22,0.1404,0.2158,0.0012,1,0,0,0,2026-08-19T06:19:32.358757+00:00,2026-08-19T06:19:59.571533+00:00
31,229,Hughes,8,MID,49,0,0,0.0,0.0,0.0,0,1,2,69,1,2026-08-19T06:19:32.358757+00:00,2026-08-19T06:19:59.571533+00:00
31,230,Johnstone,8,GKP,44,0,0,0.0,0.0,0.0,0,1,0,0,0,2026-08-19T06:19:32.358757+00:00,2026-08-19T06:19:59.571533+00:00
31,231,Lerma,8,MID,47,2.288,1.9688,0.82,0.0324,0.7652,0.0084,1,2,90,1,2026-08-19T06:19:32.358757+00:00,2026-08-19T06:19:59.571533+00:00
31,232,Mateta,8,FWD,49,2.4076,2.3378,0.68,0.0576,0.637,0.0144,1,2,90,1,2026-08-19T06:19:32.358757+00:00,2026-08-19T06:19:59.571533+00:00
31,233,Matthews,8,GKP,39,0.1464,0.6696,0.04,0.0384,0.0403,0.0,1,0,0,0,2026-08-19T06:19:32.358757+00:00,2026-08-19T06:19:59.571533+00:00
31,234,Mitchell,8,DEF,45,0.7408,1.5039,0.22,0.1404,0.2158,0.0004,1,2,90,1,2026-08-19T06:19:32.358757+00:00,2026-08-19T06:19:59.571533+00:00
31,235,O'Brien,8,DEF,40,0,0,0.0,0.0,0.0,0,1,0,0,0,2026-08-19T06:19:32.358757+00:00,2026-08-19T06:19:59.571533+00:00
31,236,Olise,8,MID,56,2.4028,2.8832,0.48,0.1456,0.458,0.03,1,0,0,0,2026-08-19T06:19:32.358757+00:00,2026-08-19T06:19:59.571533+00:00
31,237,Plange,8,FWD,45,0,0,0.0,0.0,0.0,0,1,0,0,0,2026-08-19T06:19:32.358757+00:00,2026-08-19T06:19:59.571533+00:00
31,238,C.Richards,8,DEF,39,0.7452,1.4973,0.22,0.1404,0.2158,0.0012,1,0,0,0,2026-08-19T06:19:32.358757+00:00,2026-08-19T06:19:59.571533+00:00
31,239,Riedewald,8,MID,43,0.4336,0.8906,0.1,0.198,0.1088,0.0,1,0,0,0,2026-08-19T06:19:32.358757+00:00,2026-08-19T06:19:59.571533+00:00
31,240,Schlupp,8,MID,48,1.9484,1.8762,0.68,0.0704,0.638,0.006,1,1,20,0,2026-08-19T06:19:32.358757+00:00,2026-08-19T06:19:59.571533+00:00
31,241,Tomkins,8,DEF,40,0.4704,1.131,0.1,0.198,0.1088,0.0004,1,0,0,0,2026-08-19T06:19:32.358757+00:00,2026-08-19T06:19:59.571533+00:00
31,242,Ward,8,DEF,45,0.6772,1.3912,0.22,0.1404,0.2158,0.0004,1,2,90,1,2026-08-19T06:19:32.358757+00:00,2026-08-19T06:19:59.571533+00:00
31,243,Whitworth,8,GKP,39,0.148,0.695,0.04,0.0384,0.0403,0.0,1,0,0,0,2026-08-19T06:19:32.358757+00:00,2026-08-19T06:19:59.571533+00:00
31,385,Henderson,8,GKP,44,2.8592,2.1148,0.88,0.0048,0.8188,0.0008,1,3,90,1,2026-08-19T06:19:32.358757+00:00,2026-08-19T06:19:59.571533+00:00
31,615,Matheus França,8,MID,48,0,0,0.0,0.0,0.0,0,1,0,0,0,2026-08-19T06:19:32.358757+00:00,2026-08-19T06:19:59.571533+00:00
31,657,Rak-Sakyi,8,MID,45,0.4652,1.0165,0.1,0.198,0.1088,0.0008,1,0,0,0,2026-08-19T06:19:32.358757+00:00,2026-08-19T06:19:59.571533+00:00
31,658,Gordon,8,FWD,45,0,0,0.0,0.0,0.0,0,1,0,0,0,2026-08-19T06:19:32.358757+00:00,2026-08-19T06:19:59.571533+00:00
31,720,Ola-Adebomi,8,FWD,45,0,0,0.0,0.0,0.0,0,1,0,0,0,2026-08-19T06:19:32.358757+00:00,2026-08-19T06:19:59.571533+00:00
31,721,Ozoh,8,MID,45,0.4612,0.9428,0.1,0.198,0.1088,0.0004,1,1,20,0,2026-08-19T06:19:32.358757+00:00,2026-08-19T06:19:59.571533+00:00
31,724,Raymond,8,MID,45,0.4476,0.9198,0.1,0.198,0.1088,0.0004,1,0,0,0,2026-08-19T06:19:32.358757+00:00,2026-08-19T06:19:59.571533+00:00
31,763,Adaramola,8,DEF,40,0,0,0.0,0.0,0.0,0,1,0,0,0,2026-08-19T06:19:32.358757+00:00,2026-08-19T06:19:59.571533+00:00
31,792,Muñoz,8,DEF,45,0.6968,1.4887,0.22,0.1716,0.2183,0.0028,1,2,90,1,2026-08-19T06:19:32.358757+00:00,2026-08-19T06:19:59.571533+00:00
31,807,Wharton,8,MID,50,0.9232,1.3849,0.28,0.1584,0.2731,0.0012,1,2,85,1,2026-08-19T06:19:32.358757+00:00,2026-08-19T06:19:59.571533+00:00
31,821,Umeh-Chibueze,8,FWD,45,0.45,0.8675,0.1,0.198,0.1088,0.0,1,0,0,0,2026-08-19T06:19:32.358757+00:00,2026-08-19T06:19:59.571533+00:00
31,825,Rodney,8,MID,45,0.4788,0.9585,0.1,0.198,0.1088,0.0,1,0,0,0,2026-08-19T06:19:32.358757+00:00,2026-08-19T06:19:59.571533+00:00
31,842,Mathurin,8,MID,45,0.4636,0.9454,0.1,0.198,0.1088,0.0,1,0,0,0,2026-08-19T06:19:32.358757+00:00,2026-08-19T06:19:59.571533+00:00
31,244,André Gomes,9,MID,44,0.34,0.7466,0.05,0.209,0.0632,0.0004,1,1,30,0,2026-08-19T06:19:32.358757+00:00,2026-08-19T06:19:59.571533+00:00
31,245,Branthwaite,9,DEF,42,0.7292,1.5451,0.22,0.1404,0.2158,0.0028,1,2,90,1,2026-08-19T06:19:32.358757+00:00,2026-08-19T06:19:59.571533+00:00
31,246,Calvert-Lewin,9,FWD,58,2.7148,2.8325,0.68,0.0576,0.637,0.0416,1,6,29,0,2026-08-19T06:19:32.358757+00:00,2026-08-19T06:19:59.571533+00:00
31,247,Coleman,9,DEF,44,0.7216,1.3937,0.22,0.1716,0.2183,0.0004,1,1,1,0,2026-08-19T06:19:32.358757+00:00,2026-08-19T06:19:59.571533+00:00
31,248,Dele,9,MID,48,0,0,0.0,0.0,0.0,0,1,0,0,0,2026-08-19T06:19:32.358757+00:00,2026-08-19T06:19:59.571533+00:00
31,249,A.Doucoure,9,MID,55,2.6452,2.7721,0.68,0.0576,0.637,0.0236,1,1,59,1,2026-08-19T06:19:32.358757+00:00,2026-08-19T06:19:59.571533+00:00
31,250,Garner,9,MID,49,2.398,1.9537,0.82,0.0324,0.7652,0.0064,1,1,29,0,2026-08-19T06:19:32.358757+00:00,2026-08-19T06:19:59.571533+00:00
31,251,Gbamin,9,MID,44,0,0,0.0,0.0,0.0,0,1,0,0,0,2026-08-19T06:19:32.358757+00:00,2026-08-19T06:19:59.571533+00:00
31,252,Godfrey,9,DEF,43,0.8208,1.6988,0.22,0.1716,0.2183,0.0052,1,2,89,1,2026-08-19T06:19:32.358757+00:00,2026-08-19T06:19:59.571533+00:00
31,253,Gray,9,MID,53,0,0,0.0,0.0,0.0,0,1,0,0,0,2026-08-19T06:19:32.358757+00:00,2026-08-19T06:19:59.571533+00:00
31,254,Gana,9,MID,48,1.7,1.6034,0.68,0.0704,0.638,0.002,1,2,81,1,2026-08-19T06:19:32.358757+00:00,2026-08-19T06:19:59.571533+00:00
31,257,Keane,9,DEF,43,0.7272,1.4508,0.22,0.1716,0.2183,0.0012,1,0,0,0,2026-08-19T06:19:32.358757+00:00,2026-08-19T06:19:59.571533+00:00
31,259,McNeil,9,MID,54,2.958,2.2908,0.82,0.0324,0.7652,0.0164,1,1,90,1,2026-08-19T06:19:32.358757+00:00,2026-08-19T06:19:59.571533+00:00
31,260,Mykolenko,9,DEF,46,0,0,0.0,0.0,0.0,0,1,2,90,1,2026-08-19T06:19:32.358757+00:00,2026-08-19T06:19:59.571533+00:00
31,261,Onana,9,MID,47,1.9924,1.8474,0.68,0.0576,0.637,0.0032,1,2,60,1,2026-08-19T06:19:32.358757+00:00,2026-08-19T06:19:59.571533+00:00
31,262,Patterson,9,DEF,43,0,0,0.0,0.0,0.0,0,1,0,0,0,2026-08-19T06:19:32.358757+00:00,2026-08-19T06:19:59.571533+00:00
31,263,Pickford,9,GKP,46,3.1708,2.2428,0.9,0.008,0.8376,0.0004,1,3,90,1,2026-08-19T06:19:32.358757+00:00,2026-08-19T06:19:59.571533+00:00
31,264,Simms,9,FWD,45,0,0,0.0,0.0,0.0,0,1,0,0,0,2026-08-19T06:19:32.358757+00:00,2026-08-19T06:19:59.571533+00:00
31,265,Tarkowski,9,DEF,46,2.5992,2.5439,0.82,0.0324,0.7652,0.0156,1,1,90,1,2026-08-19T06:19:32.358757+00:00,2026-08-19T06:19:59.571533+00:00
31,266,J.Virginia,9,GKP,39,0.154,0.7173,0.04,0.0384,0.0403,0.0004,1,0,0,0,2026-08-19T06:19:32.358757+00:00,2026-08-19T06:19:59.571533+00:00
31,579,Lonergan,9,GKP,39,0.1484,0.7168,0.04,0.0384,0.0403,0.0,1,0,0,0,2026-08-19T06:19:32.358757+00:00,2026-08-19T06:19:59.571533+00:00
31,588,Young,9,DEF,44,0.7236,1.5166,0.22,0.1404,0.2158,0.0024,1,5,90,1,2026-08-19T06:19:32.358757+00:00,2026-08-19T06:19:59.571533+00:00
31,601,Danjuma,9,MID,52,1.1308,1.8321,0.28,0.1584,0.2731,0.0044,1,0,0,0,2026-08-19T06:19:32.358757+00:00,2026-08-19T06:19:59.571533+00:00
31,624,Dobbin,9,MID,45,0.4584,0.9216,0.1,0.198,0.1088,0.0,1,0,0,0,2026-08-19T06:19:32.358757+00:00,2026-08-19T06:19:59.571533+00:00
31,645,Y. Chermiti,9,FWD,48,0.6572,1.2004,0.18,0.1804,0.1818,0.0016,1,0,8,0,2026-08-19T06:19:32.358757+00:00,2026-08-19T06:19:59.571533+00:00
31,649,Cannon,9,FWD,45,0,0,0.0,0.0,0.0,0,1,0,0,0,2026-08-19T06:19:32.358757+00:00,2026-08-19T06:19:59.571533+00:00
31,650,Onyango,9,MID,44,0.4532,0.9655,0.1,0.198,0.1088,0.0,1,0,0,0,2026-08-19T06:19:32.358757+00:00,2026-08-19T06:19:59.571533+00:00
31,661,Harrison,9,MID,55,0,0,0.0,0.0,0.0,0,1,0,0,0,2026-08-19T06:19:32.358757+00:00,2026-08-19T06:19:59.571533+00:00
31,691,Beto,9,FWD,57,1.2324,1.962,0.28,0.2016,0.2765,0.0092,1,2,60,1,2026-08-19T06:19:32.358757+00:00,2026-08-19T06:19:59.571533+00:00
31,719,Hunt,9,MID,45,0.4768,0.9463,0.1,0.198,0.1088,0.0,1,0,0,0,2026-08-19T06:19:32.358757+00:00,2026-08-19T06:19:59.571533+00:00
31,760,Metcalfe,9,MID,45,0.4744,0.9856,0.1,0.198,0.1088,0.0004,1,0,0,0,2026-08-19T06:19:32.358757+00:00,2026-08-19T06:19:59.571533+00:00
31,761,Campbell,9,DEF,40,0,0,0.0,0.0,0.0,0,1,0,0,0,2026-08-19T06:19:32.358757+00:00,2026-08-19T06:19:59.571533+00:00
31,841,Warrington,9,MID,45,0.4528,0.9675,0.1,0.198,0.1088,0.0008,1,0,0,0,2026-08-19T06:19:32.358757+00:00,2026-08-19T06:19:59.571533+00:00
31,863,Crellin,9,GKP,40,0.1544,0.7394,0.04,0.0384,0.0403,0.0,1,,,,2026-08-19T06:19:32.358757+00:00,
31,193,Broja,10,FWD,49,0.9832,1.5638,0.28,0.1584,0.2731,0.0024,1,0,0,0,2026-08-19T06:19:32.358757+00:00,2026-08-19T06:19:59.571533+00:00
31,256,Iwobi,10,MID,53,2.7376,2.7668,0.68,0.0576,0.637,0.0264,1,1,32,0,2026-08-19T06:19:32.358757+00:00,2026-08-19T06:19:59.571533+00:00
31,267,Andreas,10,MID,53,2.5492,2.0824,0.82,0.0324,0.7652,0.0096,1,6,70,1,2026-08-19T06:19:32.358757+00:00,2026-08-19T06:19:59.571533+00:00
31,268,Cairney,10,MID,49,1.5512,1.8295,0.48,0.1144,0.4556,0.0036,1,1,57,1,2026-08-19T06:19:32.358757+00:00,2026-08-19T06:19:59.571533+00:00
31,269,I.Cavaleiro,10,MID,50,0,0,0.0,0.0,0.0,0,1,0,0,0,2026-08-19T06:19:32.358757+00:00,2026-08-19T06:19:59.571533+00:00
31,270,De Cordova-Reid,10,MID,53,1.9144,2.4021,0.48,0.1144,0.4556,0.0096,1,1,19,0,2026-08-19T06:19:32.358757+00:00,2026-08-19T06:19:59.571533+00:00
31,271,Diop,10,DEF,44,0.7776,1.4605,0.22,0.1716,0.2183,0.0008,1,0,0,0,2026-08-19T06:19:32.358757+00:00,2026-08-19T06:19:59.571533+00:00
31,272,Francois,10,MID,44,0,0,0.0,0.0,0.0,0,1,0,0,0,2026-08-19T06:19:32.358757+00:00,2026-08-19T06:19:59.571533+00:00
31,273,Knockaert,10,MID,44,0,0,0.0,0.0,0.0,0,1,0,0,0,2026-08-19T06:19:32.358757+00:00,2026-08-19T06:19:59.571533+00:00
31,274,Kongolo,10,DEF,40,0,0,0.0,0.0,0.0,0,1,0,0,0,2026-08-19T06:19:32.358757+00:00,2026-08-19T06:19:59.571533+00:00
31,275,Leno,10,GKP,48,3.1948,2.222,0.9,0.008,0.8376,0.0032,1,1,90,1,2026-08-19T06:19:32.358757+00:00,2026-08-19T06:19:59.571533+00:00
31,276,Lukić,10,MID,43,0,0,0.0,0.0,0.0,0,1,1,32,0,2026-08-19T06:19:32.358757+00:00,2026-08-19T06:19:59.571533+00:00
31,277,Mbabu,10,DEF,40,0,0,0.0,0.0,0.0,0,1,0,0,0,2026-08-19T06:19:32.358757+00:00,2026-08-19T06:19:59.571533+00:00
31,278,Mitrović,10,FWD,74,0,0,0.0,0.0,0.0,0,1,0,0,0,2026-08-19T06:19:32.358757+00:00,2026-08-19T06:19:59.571533+00:00
31,279,Muniz,10,FWD,47,2.1436,2.5572,0.48,0.1144,0.4556,0.0144,1,2,90,1,2026-08-19T06:19:32.358757+00:00,2026-08-19T06:19:59.571533+00:00
31,280,J.Palhinha,10,MID,50,2.346,1.9936,0.82,0.0324,0.7652,0.006,1,2,70,1,2026-08-19T06:19:32.358757+00:00,2026-08-19T06:19:59.571533+00:00
31,281,Ream,10,DEF,45,0.7788,1.5496,0.22,0.1716,0.2183,0.0024,1,0,0,0,2026-08-19T06:19:32.358757+00:00,2026-08-19T06:19:59.571533+00:00
31,282,Reed,10,MID,44,1.2244,1.3283,0.48,0.1144,0.4556,0.0008,1,1,19,0,2026-08-19T06:19:32.358757+00:00,2026-08-19T06:19:59.571533+00:00
31,283,Robinson,10,DEF,46,2.5492,2.4004,0.82,0.0324,0.7652,0.0128,1,1,90,1,2026-08-19T06:19:32.358757+00:00,2026-08-19T06:19:59.571533+00:00
31,284,Rodák,10,GKP,39,0.156,0.7053,0.04,0.0384,0.0403,0.0,1,0,0,0,2026-08-19T06:19:32.358757+00:00,2026-08-19T06:19:59.571533+00:00
31,285,Tete,10,DEF,44,0.756,1.5395,0.22,0.1716,0.2183,0.0028,1,1,90,1,2026-08-19T06:19:32.358757+00:00,2026-08-19T06:19:59.571533+00:00
31,286,Tosin,10,DEF,43,0.8,1.5662,0.22,0.1716,0.2183,0.0032,1,7,90,1,2026-08-19T06:19:32.358757+00:00,2026-08-19T06:19:59.571533+00:00
31,287,Vinícius,10,FWD,45,0,0,0.0,0.0,0.0,0,1,0,0,0,2026-08-19T06:19:32.358757+00:00,2026-08-19T06:19:59.571533+00:00
31,288,Wilson,10,MID,53,1.646,2.1509,0.48,0.1144,0.4556,0.008,1,1,32,0,2026-08-19T06:19:32.358757+00:00,2026-08-19T06:19:59.571533+00:00
31,558,Raúl,10,FWD,50,2.5252,2.3931,0.68,0.0704,0.638,0.0164,1,0,0,0,2026-08-19T06:19:32.358757+00:00,2026-08-19T06:19:59.571533+00:00
31,591,Willian,10,MID,53,2.872,2.8265,0.68,0.0576,0.637,0.0304,1,1,57,1,2026-08-19T06:19:32.358757+00:00,2026-08-19T06:19:59.571533+00:00
31,610,Bassey,10,DEF,44,0.7196,1.4739,0.22,0.1404,0.2158,0.0008,1,1,90,1,2026-08-19T06:19:32.358757+00:00,2026-08-19T06:19:59.571533+00:00
31,625,De Fougerolles,10,DEF,39,0.448,1.0979,0.1,0.198,0.1088,0.0008,1,0,0,0,2026-08-19T06:19:32.358757+00:00,2026-08-19T06:19:59.571533+00:00
31,651,Stansfield,10,FWD,45,0,0,0.0,0.0,0.0,0,1,0,0,0,2026-08-19T06:19:32.358757+00:00,2026-08-19T06:19:59.571533+00:00
31,652,Dibley-Dias,10,MID,45,0.4824,0.9202,0.1,0.198,0.1088,0.0,1,0,0,0,2026-08-19T06:19:32.358757+00:00,2026-08-19T06:19:59.571533+00:00
31,662,Adama,10,MID,49,0.7252,1.3992,0.18,0.1804,0.1818,0.0016,1,1,57,1,2026-08-19T06:19:32.358757+00:00,2026-08-19T06:19:59.571533+00:00
31,683,Harris,10,MID,45,0,0,0.0,0.0,0.0,0,1,0,0,0,2026-08-19T06:19:32.358757+00:00,2026-08-19T06:19:59.571533+00:00
31,688,Castagne,10,DEF,46,2.4708,2.344,0.82,0.0324,0.7652,0.0116,1,0,0,0,2026-08-19T06:19:32.358757+00:00,2026-08-19T06:19:59.571533+00:00
31,692,Benda,10,GKP,40,0.1464,0.713,0.04,0.0384,0.0403,0.0,1,0,0,0,2026-08-19T06:19:32.358757+00:00,2026-08-19T06:19:59.571533+00:00
31,707,Ballo-Touré,10,DEF,45,0.4988,1.1628,0.1,0.198,0.1088,0.0004,1,0,0,0,2026-08-19T06:19:32.358757+00:00,2026-08-19T06:19:59.571533+00:00
31,732,Tanton,10,DEF,40,0.4224,1.0231,0.1,0.198,0.1088,0.0004,1,0,0,0,2026-08-19T06:19:32.358757+00:00,2026-08-19T06:19:59.571533+00:00
31,796,Sekularac,10,MID,44,0.4584,0.9657,0.1,0.198,0.1088,0.0004,1,0,0,0,2026-08-19T06:19:32.358757+00:00,2026-08-19T06:19:59.571533+00:00
31,810,King,10,MID,45,0.4768,0.9488,0.1,0.198,0.1088,0.0,1,0,0,0,2026-08-19T06:19:32.358757+00:00,2026-08-19T06:19:59.571533+00:00
31,289,Adrián,11,GKP,39,0.1848,0.8498,0.04,0.0384,0.0403,0.0,1,0,0,0,2026-08-19T06:19:32.358757+00:00,2026-08-19T06:19:59.571533+00:00
31,290,Alexander-Arnold,11,DEF,84,3.5156,3.5077,0.68,0.0576,0.637,0.0592,1,0,0,0,2026-08-19T06:19:32.358757+00:00,2026-08-19T06:19:59.571533+00:00
31,291,A.Becker,11,GKP,57,3.476,2.3035,0.9,0.008,0.8376,0.0032,1,0,0,0,2026-08-19T06:19:32.358757+00:00,2026-08-19T06:19:59.571533+00:00
31,292,Bajcetic,11,MID,47,0.8736,1.3553,0.28,0.1584,0.2731,0.0,1,0,0,0,2026-08-19T06:19:32.358757+00:00,2026-08-19T06:19:59.571533+00:00
31,293,Darwin,11,FWD,76,3.9796,3.9641,0.68,0.0576,0.637,0.1204,1,6,90,1,2026-08-19T06:19:32.358757+00:00,2026-08-19T06:19:59.571533+00:00
31,294,Diogo J.,11,MID,80,2.5316,3.1226,0.48,0.1456,0.458,0.034,1,0,0,0,2026-08-19T06:19:32.358757+00:00,2026-08-19T06:19:59.571533+00:00
31,295,Elliott,11,MID,48,2.0684,2.5198,0.48,0.1144,0.4556,0.016,1,1,30,0,2026-08-19T06:19:32.358757+00:00,2026-08-19T06:19:59.571533+00:00
31,296,Fabinho,11,MID,50,0,0,0.0,0.0,0.0,0,1,0,0,0,2026-08-19T06:19:32.358757+00:00,2026-08-19T06:19:59.571533+00:00
31,297,Gakpo,11,FWD,72,2.2564,2.7735,0.48,0.1456,0.458,0.0308,1,8,17,0,2026-08-19T06:19:32.358757+00:00,2026-08-19T06:19:59.571533+00:00
31,298,Gomez,11,DEF,46,2.2344,2.5086,0.68,0.0576,0.637,0.0144,1,2,72,1,2026-08-19T06:19:32.358757+00:00,2026-08-19T06:19:59.571533+00:00
31,299,Henderson,11,MID,50,0,0,0.0,0.0,0.0,0,1,0,0,0,2026-08-19T06:19:32.358757+00:00,2026-08-19T06:19:59.571533+00:00
31,300,Jones,11,MID,49,1.7788,2.1808,0.48,0.1144,0.4556,0.0068,1,1,17,0,2026-08-19T06:19:32.358757+00:00,2026-08-19T06:19:59.571533+00:00
31,301,Kelleher,11,GKP,38,0.1652,0.7958,0.04,0.0384,0.0403,0.0,1,3,90,1,2026-08-19T06:19:32.358757+00:00,2026-08-19T06:19:59.571533+00:00
31,302,Konaté,11,DEF,49,1.6948,2.2547,0.48,0.1144,0.4556,0.0056,1,2,90,1,2026-08-19T06:19:32.358757+00:00,2026-08-19T06:19:59.571533+00:00
31,303,Luis Díaz,11,MID,75,3.7868,3.8537,0.68,0.0576,0.637,0.0848,1,6,90,1,2026-08-19T06:19:32.358757+00:00,2026-08-19T06:19:59.571533+00:00
31,304,Mac Allister,11,MID,58,2.4608,2.4605,0.68,0.0576,0.637,0.0152,1,10,90,1,2026-08-19T06:19:32.358757+00:00,2026-08-19T06:19:59.571533+00:00
31,305,Matip,11,DEF,48,0,0,0.0,0.0,0.0,0,1,0,0,0,2026-08-19T06:19:32.358757+00:00,2026-08-19T06:19:59.571533+00:00
31,306,Phillips,11,DEF,40,0,0,0.0,0.0,0.0,0,1,0,0,0,2026-08-19T06:19:32.358757+00:00,2026-08-19T06:19:59.571533+00:00
31,307,Robertson,11,DEF,64,1.8936,2.5256,0.48,0.1456,0.458,0.014,1,4,30,0,2026-08-19T06:19:32.358757+00:00,2026-08-19T06:19:59.571533+00:00
31,308,Salah,11,MID,133,5.7708,5.3541,0.68,0.0576,0.637,0.2268,1,1,59,1,2026-08-19T06:19:32.358757+00:00,2026-08-19T06:19:59.571533+00:00
31,309,Szoboszlai,11,MID,71,2.7472,2.6813,0.68,0.0576,0.637,0.026,1,2,72,1,2026-08-19T06:19:32.358757+00:00,2026-08-19T06:19:59.571533+00:00
31,310,Thiago,11,MID,47,0.4572,1.0236,0.09,0.2002,0.0997,0.0008,1,0,0,0,2026-08-19T06:19:32.358757+00:00,2026-08-19T06:19:59.571533+00:00
31,311,Tsimikas,11,DEF,45,1.026,1.8973,0.22,0.1716,0.2183,0.0024,1,0,0,0,2026-08-19T06:19:32.358757+00:00,2026-08-19T06:19:59.571533+00:00
31,312,Van den Berg,11,DEF,40,0,0,0.0,0.0,0.0,0,1,0,0,0,2026-08-19T06:19:32.358757+00:00,2026-08-19T06:19:59.571533+00:00
31,313,Virgil,11,DEF,66,3.248,2.9147,0.82,0.0324,0.7652,0.0356,1,2,90,1,2026-08-19T06:19:32.358757+00:00,2026-08-19T06:19:59.571533+00:00
31,626,Quansah,11,DEF,40,0.828,1.5456,0.22,0.1716,0.2183,0.0012,1,0,0,0,2026-08-19T06:19:32.358757+00:00,2026-08-19T06:19:59.571533+00:00
31,627,Clark,11,MID,44,0.4536,0.8981,0.1,0.198,0.1088,0.0,1,0,0,0,2026-08-19T06:19:32.358757+00:00,2026-08-19T06:19:59.571533+00:00
31,628,Doak,11,MID,43,0,0,0.0,0.0,0.0,0,1,0,0,0,2026-08-19T06:19:32.358757+00:00,2026-08-19T06:19:59.571533+00:00
31,629,McConnell,11,MID,44,0.4648,0.928,0.1,0.198,0.1088,0.0,1,0,0,0,2026-08-19T06:19:32.358757+00:00,2026-08-19T06:19:59.571533+00:00
31,668,Endo,11,MID,54,1.2884,1.5922,0.48,0.1144,0.4556,0.0028,1,0,0,0,2026-08-19T06:19:32.358757+00:00,2026-08-19T06:19:59.571533+00:00
31,708,Gravenberch,11,MID,50,1.6288,2.0282,0.48,0.1144,0.4556,0.0072,1,1,59,1,2026-08-19T06:19:32.358757+00:00,2026-08-19T06:19:59.571533+00:00
31,726,Chambers,11,DEF,40,0,0,0.0,0.0,0.0,0,1,0,0,0,2026-08-19T06:19:32.358757+00:00,2026-08-19T06:19:59.571533+00:00
31,728,Scanlon,11,DEF,39,0.5024,1.2011,0.1,0.198,0.1088,0.0004,1,0,0,0,2026-08-19T06:19:32.358757+00:00,2026-08-19T06:19:59.571533+00:00
31,743,Nyoni,11,MID,45,0.4728,1.03,0.1,0.198,0.1088,0.0,1,0,0,0,2026-08-19T06:19:32.358757+00:00,2026-08-19T06:19:59.571533+00:00
31,756,Pitaluga,11,GKP,40,0,0,0.0,0.0,0.0,0,1,0,0,0,2026-08-19T06:19:32.358757+00:00,2026-08-19T06:19:59.571533+00:00
31,757,Bradley,11,DEF,42,1.1,2.0797,0.22,0.1716,0.2183,0.0076,1,0,90,1,2026-08-19T06:19:32.358757+00:00,2026-08-19T06:19:59.571533+00:00
31,782,Beck,11,DEF,45,0,0,0.0,0.0,0.0,0,1,0,0,0,2026-08-19T06:19:32.358757+00:00,2026-08-19T06:19:59.571533+00:00
31,783,Gordon,11,MID,45,0.516,1.0884,0.1,0.198,0.1088,0.0004,1,0,0,0,2026-08-19T06:19:32.358757+00:00,2026-08-19T06:19:59.571533+00:00
31,812,Koumas,11,FWD,45,0.4468,0.9114,0.1,0.198,0.1088,0.0,1,0,0,0,2026-08-19T06:19:32.358757+00:00,2026-08-19T06:19:59.571533+00:00
31,813,Mrozek,11,GKP,40,0.1972,0.8815,0.04,0.0384,0.0403,0.0,1,0,0,0,2026-08-19T06:19:32.358757+00:00,2026-08-19T06:19:59.571533+00:00
31,824,Danns,11,FWD,43,0.4604,0.9029,0.1,0.198,0.1088,0.0004,1,0,0,0,2026-08-19T06:19:32.358757+00:00,2026-08-19T06:19:59.571533+00:00
31,837,Nallo,11,DEF,40,0.5164,1.1682,0.1,0.198,0.1088,0.0,1,0,0,0,2026-08-19T06:19:32.358757+00:00,2026-08-19T06:19:59.571533+00:00
31,21,Sambi,12,MID,49,1.356,1.5212,0.48,0.1144,0.4556,0.0012,1,0,0,0,2026-08-19T06:19:32.358757+00:00,2026-08-19T06:19:59.571533+00:00
31,52,Nakamba,12,MID,43,0,0,0.0,0.0,0.0,0,1,0,0,0,2026-08-19T06:19:32.358757+00:00,2026-08-19T06:19:59.571533+00:00
31,314,Adebayo,12,FWD,49,1.748,2.2354,0.48,0.1144,0.4556,0.014,1,0,0,0,2026-08-19T06:19:32.358757+00:00,2026-08-19T06:19:59.571533+00:00
31,315,Andersen,12,DEF,39,0.4456,1.0682,0.11,0.1958,0.118,0.0016,1,0,0,0,2026-08-19T06:19:32.358757+00:00,2026-08-19T06:19:59.571533+00:00
31,316,Bell,12,DEF,39,0,0,0.0,0.0,0.0,0,1,0,0,0,2026-08-19T06:19:32.358757+00:00,2026-08-19T06:19:59.571533+00:00
31,317,Berry,12,MID,46,0.6836,1.2218,0.18,0.1804,0.1818,0.0004,1,1,9,0,2026-08-19T06:19:32.358757+00:00,2026-08-19T06:19:59.571533+00:00
31,318,Burke,12,DEF,40,0,0,0.0,0.0,0.0,0,1,0,0,0,2026-08-19T06:19:32.358757+00:00,2026-08-19T06:19:59.571533+00:00
31,319,Campbell,12,MID,49,0,0,0.0,0.0,0.0,0,1,0,0,0,2026-08-19T06:19:32.358757+00:00,2026-08-19T06:19:59.571533+00:00
31,320,Clark,12,MID,48,1.2692,1.5582,0.48,0.1144,0.4556,0.0012,1,2,90,1,2026-08-19T06:19:32.358757+00:00,2026-08-19T06:19:59.571533+00:00
31,321,Doughty,12,DEF,47,2.9148,2.615,0.82,0.0324,0.7652,0.02,1,1,90,1,2026-08-19T06:19:32.358757+00:00,2026-08-19T06:19:59.571533+00:00
31,322,Freeman,12,MID,49,0,0,0.0,0.0,0.0,0,1,0,0,0,2026-08-19T06:19:32.358757+00:00,2026-08-19T06:19:59.571533+00:00
31,323,Macey,12,GKP,40,0,0,0.0,0.0,0.0,0,1,0,0,0,2026-08-19T06:19:32.358757+00:00,2026-08-19T06:19:59.571533+00:00
31,324,McAtee,12,FWD,45,0,0,0.0,0.0,0.0,0,1,0,0,0,2026-08-19T06:19:32.358757+00:00,2026-08-19T06:19:59.571533+00:00
31,325,Mendes,12,MID,45,0,0,0.0,0.0,0.0,0,1,0,0,0,2026-08-19T06:19:32.358757+00:00,2026-08-19T06:19:59.571533+00:00
31,326,Morris,12,FWD,51,3.3508,2.7012,0.82,0.0324,0.7652,0.0368,1,2,90,1,2026-08-19T06:19:32.358757+00:00,2026-08-19T06:19:59.571533+00:00
31,327,Muskwe,12,FWD,45,0,0,0.0,0.0,0.0,0,1,0,0,0,2026-08-19T06:19:32.358757+00:00,2026-08-19T06:19:59.571533+00:00
31,328,Ogbene,12,FWD,49,2.4512,2.3288,0.68,0.0576,0.637,0.0152,1,0,0,0,2026-08-19T06:19:32.358757+00:00,2026-08-19T06:19:59.571533+00:00
31,329,Onyedinma,12,MID,50,0.7368,1.3291,0.18,0.1804,0.1818,0.0016,1,1,74,1,2026-08-19T06:19:32.358757+00:00,2026-08-19T06:19:59.571533+00:00
31,330,Osho,12,DEF,44,0.722,1.5279,0.22,0.1716,0.2183,0.0024,1,0,0,0,2026-08-19T06:19:32.358757+00:00,2026-08-19T06:19:59.571533+00:00
31,331,Pepple,12,FWD,45,0,0,0.0,0.0,0.0,0,1,0,0,0,2026-08-19T06:19:32.358757+00:00,2026-08-19T06:19:59.571533+00:00
31,332,Pereira,12,MID,44,0,0,0.0,0.0,0.0,0,1,0,0,0,2026-08-19T06:19:32.358757+00:00,2026-08-19T06:19:59.571533+00:00
31,333,Potts,12,DEF,39,0.312,0.7862,0.05,0.209,0.0632,0.0,1,0,0,0,2026-08-19T06:19:32.358757+00:00,2026-08-19T06:19:59.571533+00:00
31,334,Rea,12,MID,44,0,0,0.0,0.0,0.0,0,1,0,0,0,2026-08-19T06:19:32.358757+00:00,2026-08-19T06:19:59.571533+00:00
31,335,Shea,12,GKP,42,0.128,0.569,0.04,0.0384,0.0403,0.0,1,0,0,0,2026-08-19T06:19:32.358757+00:00,2026-08-19T06:19:59.571533+00:00
31,336,Taylor,12,FWD,45,0,0,0.0,0.0,0.0,0,1,0,0,0,2026-08-19T06:19:32.358757+00:00,2026-08-19T06:19:59.571533+00:00
31,337,Thorpe,12,MID,45,0,0,0.0,0.0,0.0,0,1,0,0,0,2026-08-19T06:19:32.358757+00:00,2026-08-19T06:19:59.571533+00:00
31,338,Walton,12,GKP,40,0,0,0.0,0.0,0.0,0,1,0,0,0,2026-08-19T06:19:32.358757+00:00,2026-08-19T06:19:59.571533+00:00
31,339,Watson,12,MID,44,0,0,0.0,0.0,0.0,0,1,0,0,0,2026-08-19T06:19:32.358757+00:00,2026-08-19T06:19:59.571533+00:00
31,340,Woodrow,12,FWD,43,0.4544,0.9647,0.1,0.198,0.1088,0.0,1,1,15,0,2026-08-19T06:19:32.358757+00:00,2026-08-19T06:19:59.571533+00:00
31,393,Mengi,12,DEF,39,0.7132,1.4482,0.22,0.1404,0.2158,0.0012,1,1,90,1,2026-08-19T06:19:32.358757+00:00,2026-08-19T06:19:59.571533+00:00
31,553,Giles,12,DEF,42,0,0,0.0,0.0,0.0,0,1,0,0,0,2026-08-19T06:19:32.358757+00:00,2026-08-19T06:19:59.571533+00:00
31,575,Lockyer,12,DEF,42,0,0,0.0,0.0,0.0,0,1,0,0,0,2026-08-19T06:19:32.358757+00:00,2026-08-19T06:19:59.571533+00:00
31,582,Mpanzu,12,MID,46,1.4096,1.6046,0.48,0.1144,0.4556,0.0016,1,1,53,1,2026-08-19T06:19:32.358757+00:00,2026-08-19T06:19:59.571533+00:00
31,586,Chong,12,MID,47,1.4988,1.8435,0.48,0.1144,0.4556,0.0016,1,1,37,0,2026-08-19T06:19:32.358757+00:00,2026-08-19T06:19:59.571533+00:00
31,602,Kaboré,12,DEF,40,0,0,0.0,0.0,0.0,0,1,1,90,1,2026-08-19T06:19:32.358757+00:00,2026-08-19T06:19:59.571533+00:00
31,614,Kaminski,12,GKP,45,3.0848,2.1212,0.9,0.004,0.8373,0.0012,1,2,90,1,2026-08-19T06:19:32.358757+00:00,2026-08-19T06:19:59.571533+00:00
31,630,Barkley,12,MID,49,0,0,0.0,0.0,0.0,0,1,2,90,1,2026-08-19T06:19:32.358757+00:00,2026-08-19T06:19:59.571533+00:00
31,631,Brown,12,FWD,49,0,0,0.0,0.0,0.0,0,1,0,0,0,2026-08-19T06:19:32.358757+00:00,2026-08-19T06:19:59.571533+00:00
31,648,Francis-Clarke,12,DEF,40,0,0,0.0,0.0,0.0,0,1,0,0,0,2026-08-19T06:19:32.358757+00:00,2026-08-19T06:19:59.571533+00:00
31,665,Krul,12,GKP,44,0.1532,0.6988,0.04,0.0384,0.0403,0.0,1,0,0,0,2026-08-19T06:19:32.358757+00:00,2026-08-19T06:19:59.571533+00:00
31,682,Johnson,12,DEF,40,0.4608,1.0823,0.1,0.198,0.1088,0.0,1,0,0,0,2026-08-19T06:19:32.358757+00:00,2026-08-19T06:19:59.571533+00:00
31,727,Townsend,12,MID,50,1.6868,2.1115,0.48,0.1144,0.4556,0.0064,1,2,80,1,2026-08-19T06:19:32.358757+00:00,2026-08-19T06:19:59.571533+00:00
31,729,Luker,12,MID,45,0,0,0.0,0.0,0.0,0,1,0,0,0,2026-08-19T06:19:32.358757+00:00,2026-08-19T06:19:59.571533+00:00
31,734,Nelson,12,MID,45,0.4952,0.9883,0.1,0.198,0.1088,0.0004,1,0,0,0,2026-08-19T06:19:32.358757+00:00,2026-08-19T06:19:59.571533+00:00
31,798,Hashioka,12,DEF,40,0.4384,1.0455,0.1,0.198,0.1088,0.0004,1,-1,90,1,2026-08-19T06:19:32.358757+00:00,2026-08-19T06:19:59.571533+00:00
31,831,Piesold,12,MID,45,0.464,0.9844,0.1,0.198,0.1088,0.0,1,0,0,0,2026-08-19T06:19:32.358757+00:00,2026-08-19T06:19:59.571533+00:00
31,839,Martins,12,MID,45,0.4368,0.8912,0.1,0.198,0.1088,0.0,1,0,0,0,2026-08-19T06:19:32.358757+00:00,2026-08-19T06:19:59.571533+00:00
31,844,Chigozie,12,DEF,40,0.4836,1.1124,0.1,0.198,0.1088,0.0004,1,0,0,0,2026-08-19T06:19:32.358757+00:00,2026-08-19T06:19:59.571533+00:00
31,848,Harris,12,FWD,45,0.436,0.8536,0.1,0.198,0.1088,0.0004,1,,,,2026-08-19T06:19:32.358757+00:00,
31,341,Akanji,13,DEF,49,2.5792,2.6607,0.68,0.0576,0.637,0.0152,1,2,90,1,2026-08-19T06:19:32.358757+00:00,2026-08-19T06:19:59.571533+00:00
31,342,Aké,13,DEF,51,2.8996,3.0716,0.68,0.0576,0.637,0.0364,1,0,0,0,2026-08-19T06:19:32.358757+00:00,2026-08-19T06:19:59.571533+00:00
31,343,J.Alvarez,13,FWD,64,4.0248,3.2566,0.82,0.0324,0.7652,0.0736,1,2,90,1,2026-08-19T06:19:32.358757+00:00,2026-08-19T06:19:59.571533+00:00
31,344,Bernardo,13,MID,62,3.0524,2.9519,0.68,0.0576,0.637,0.0328,1,2,74,1,2026-08-19T06:19:32.358757+00:00,2026-08-19T06:19:59.571533+00:00
31,345,Bobb,13,MID,44,0.536,1.1834,0.1,0.198,0.1088,0.0008,1,1,10,0,2026-08-19T06:19:32.358757+00:00,2026-08-19T06:19:59.571533+00:00
31,346,Cancelo,13,DEF,58,0,0,0.0,0.0,0.0,0,1,0,0,0,2026-08-19T06:19:32.358757+00:00,2026-08-19T06:19:59.571533+00:00
31,347,Carson,13,GKP,38,0.166,0.7866,0.04,0.0384,0.0403,0.0004,1,0,0,0,2026-08-19T06:19:32.358757+00:00,2026-08-19T06:19:59.571533+00:00
31,348,Charles,13,MID,45,0,0,0.0,0.0,0.0,0,1,0,0,0,2026-08-19T06:19:32.358757+00:00,2026-08-19T06:19:59.571533+00:00
31,349,De Bruyne,13,MID,104,1.6532,2.774,0.28,0.2016,0.2765,0.024,1,0,0,0,2026-08-19T06:19:32.358757+00:00,2026-08-19T06:19:59.571533+00:00
31,350,Rúben,13,DEF,55,2.884,2.5419,0.82,0.0324,0.7652,0.014,1,2,90,1,2026-08-19T06:19:32.358757+00:00,2026-08-19T06:19:59.571533+00:00
31,352,Ederson M.,13,GKP,55,0,0,0.0,0.0,0.0,0,1,0,0,0,2026-08-19T06:19:32.358757+00:00,2026-08-19T06:19:59.571533+00:00
31,353,Foden,13,MID,81,4.5092,3.6886,0.82,0.0324,0.7652,0.0916,1,20,79,1,2026-08-19T06:19:32.358757+00:00,2026-08-19T06:19:59.571533+00:00
31,354,Grealish,13,MID,72,1.4192,2.3367,0.28,0.2016,0.2765,0.0128,1,1,90,1,2026-08-19T06:19:32.358757+00:00,2026-08-19T06:19:59.571533+00:00
31,355,Haaland,13,FWD,143,6.0004,4.6585,0.82,0.0324,0.7652,0.2264,1,0,0,0,2026-08-19T06:19:32.358757+00:00,2026-08-19T06:19:59.571533+00:00
31,356,Kovačić,13,MID,46,1.3692,1.6785,0.48,0.1144,0.4556,0.002,1,1,15,0,2026-08-19T06:19:32.358757+00:00,2026-08-19T06:19:59.571533+00:00
31,357,Laporte,13,DEF,49,0,0,0.0,0.0,0.0,0,1,0,0,0,2026-08-19T06:19:32.358757+00:00,2026-08-19T06:19:59.571533+00:00
31,358,R.Lewis,13,DEF,42,0.9204,1.7147,0.22,0.1716,0.2183,0.0016,1,2,90,1,2026-08-19T06:19:32.358757+00:00,2026-08-19T06:19:59.571533+00:00
31,359,Mahrez,13,MID,75,0,0,0.0,0.0,0.0,0,1,0,0,0,2026-08-19T06:19:32.358757+00:00,2026-08-19T06:19:59.571533+00:00
31,361,Ortega Moreno,13,GKP,37,3.2828,2.2919,0.88,0.0048,0.8188,0.002,1,2,90,1,2026-08-19T06:19:32.358757+00:00,2026-08-19T06:19:59.571533+00:00
31,363,Perrone,13,MID,44,0,0,0.0,0.0,0.0,0,1,0,0,0,2026-08-19T06:19:32.358757+00:00,2026-08-19T06:19:59.571533+00:00
31,365,Rodrigo,13,MID,56,3.232,2.637,0.82,0.0324,0.7652,0.0244,1,12,74,1,2026-08-19T06:19:32.358757+00:00,2026-08-19T06:19:59.571533+00:00
31,366,Sergio Gómez,13,DEF,38,0.5264,1.2904,0.1,0.198,0.1088,0.0016,1,1,10,0,2026-08-19T06:19:32.358757+00:00,2026-08-19T06:19:59.571533+00:00
31,367,Steffen,13,GKP,39,0,0,0.0,0.0,0.0,0,1,0,0,0,2026-08-19T06:19:32.358757+00:00,2026-08-19T06:19:59.571533+00:00
31,368,Stones,13,DEF,53,1.9104,2.544,0.48,0.1144,0.4556,0.0112,1,0,0,0,2026-08-19T06:19:32.358757+00:00,2026-08-19T06:19:59.571533+00:00
31,369,Walker,13,DEF,53,3.0436,2.5851,0.82,0.0324,0.7652,0.0164,1,0,0,0,2026-08-19T06:19:32.358757+00:00,2026-08-19T06:19:59.571533+00:00
31,566,Matheus N.,13,MID,47,1.668,1.9364,0.48,0.1144,0.4556,0.0032,1,1,15,0,2026-08-19T06:19:32.358757+00:00,2026-08-19T06:19:59.571533+00:00
31,616,Gvardiol,13,DEF,48,2.5656,2.8098,0.68,0.0576,0.637,0.0212,1,2,90,1,2026-08-19T06:19:32.358757+00:00,2026-08-19T06:19:59.571533+00:00
31,678,Doku,13,MID,64,2.2464,2.6258,0.48,0.1456,0.458,0.0196,1,6,79,1,2026-08-19T06:19:32.358757+00:00,2026-08-19T06:19:59.571533+00:00
31,762,Susoho,13,MID,45,0.4872,0.9727,0.1,0.198,0.1088,0.0,1,0,0,0,2026-08-19T06:19:32.358757+00:00,2026-08-19T06:19:59.571533+00:00
31,771,Hamilton,13,MID,45,0.478,0.9779,0.1,0.198,0.1088,0.0,1,0,0,0,2026-08-19T06:19:32.358757+00:00,2026-08-19T06:19:59.571533+00:00
31,814,Wright,13,MID,45,0.4664,0.9581,0.1,0.198,0.1088,0.0,1,0,0,0,2026-08-19T06:19:32.358757+00:00,2026-08-19T06:19:59.571533+00:00
31,209,Mount,14,MID,68,0.7416,1.4443,0.14,0.2408,0.1495,0.0028,1,1,4,0,2026-08-19T06:19:32.358757+00:00,2026-08-19T06:19:59.571533+00:00
31,370,Alex Telles,14,DEF,45,0,0,0.0,0.0,0.0,0,1,0,0,0,2026-08-19T06:19:32.358757+00:00,2026-08-19T06:19:59.571533+00:00
31,371,Amad,14,MID,44,0.44,0.9271,0.1,0.198,0.1088,0.0008,1,0,0,0,2026-08-19T06:19:32.358757+00:00,2026-08-19T06:19:59.571533+00:00
31,372,Antony,14,MID,68,1.5144,1.9702,0.48,0.1456,0.458,0.0064,1,5,90,1,2026-08-19T06:19:32.358757+00:00,2026-08-19T06:19:59.571533+00:00
31,373,B.Fernandes,14,MID,82,3.438,2.8853,0.82,0.0324,0.7652,0.0368,1,8,90,1,2026-08-19T06:19:32.358757+00:00,2026-08-19T06:19:59.571533+00:00
31,374,B.Williams,14,DEF,40,0,0,0.0,0.0,0.0,0,1,0,0,0,2026-08-19T06:19:32.358757+00:00,2026-08-19T06:19:59.571533+00:00
31,375,Bailly,14,DEF,40,0,0,0.0,0.0,0.0,0,1,0,0,0,2026-08-19T06:19:32.358757+00:00,2026-08-19T06:19:59.571533+00:00
31,376,Casemiro,14,MID,53,1.3948,1.8261,0.48,0.1144,0.4556,0.0036,1,2,74,1,2026-08-19T06:19:32.358757+00:00,2026-08-19T06:19:59.571533+00:00
31,377,Dalot,14,DEF,52,2.5488,2.3444,0.82,0.0324,0.7652,0.0088,1,3,90,1,2026-08-19T06:19:32.358757+00:00,2026-08-19T06:19:59.571533+00:00
31,379,Eriksen,14,MID,58,1.702,2.023,0.48,0.1456,0.458,0.0048,1,0,0,0,2026-08-19T06:19:32.358757+00:00,2026-08-19T06:19:59.571533+00:00
31,380,Fernandez,14,DEF,40,0,0,0.0,0.0,0.0,0,1,0,0,0,2026-08-19T06:19:32.358757+00:00,2026-08-19T06:19:59.571533+00:00
31,381,Fred,14,MID,50,0,0,0.0,0.0,0.0,0,1,0,0,0,2026-08-19T06:19:32.358757+00:00,2026-08-19T06:19:59.571533+00:00
31,382,Garnacho,14,MID,49,2.5988,2.7228,0.68,0.0576,0.637,0.028,1,14,85,1,2026-08-19T06:19:32.358757+00:00,2026-08-19T06:19:59.571533+00:00
31,383,Hannibal,14,MID,43,0,0,0.0,0.0,0.0,0,1,0,0,0,2026-08-19T06:19:32.358757+00:00,2026-08-19T06:19:59.571533+00:00
31,384,Heaton,14,GKP,39,0.1704,0.7478,0.04,0.0384,0.0403,0.0,1,0,0,0,2026-08-19T06:19:32.358757+00:00,2026-08-19T06:19:59.571533+00:00
31,386,Lindelof,14,DEF,45,0.5324,1.2254,0.11,0.1958,0.118,0.0004,1,0,0,0,2026-08-19T06:19:32.358757+00:00,2026-08-19T06:19:59.571533+00:00
31,387,Maguire,14,DEF,42,0,0,0.0,0.0,0.0,0,1,0,90,1,2026-08-19T06:19:32.358757+00:00,2026-08-19T06:19:59.571533+00:00
31,388,Mainoo,14,MID,44,1.348,1.4617,0.48,0.1144,0.4556,0.0004,1,2,90,1,2026-08-19T06:19:32.358757+00:00,2026-08-19T06:19:59.571533+00:00
31,389,Malacia,14,DEF,43,0,0,0.0,0.0,0.0,0,1,0,0,0,2026-08-19T06:19:32.358757+00:00,2026-08-19T06:19:59.571533+00:00
31,390,Martial,14,FWD,64,0.6904,1.306,0.14,0.2408,0.1495,0.002,1,0,0,0,2026-08-19T06:19:32.358757+00:00,2026-08-19T06:19:59.571533+00:00
31,391,Martinez,14,DEF,47,0.7696,1.4721,0.28,0.1584,0.2731,0.0008,1,0,0,0,2026-08-19T06:19:32.358757+00:00,2026-08-19T06:19:59.571533+00:00
31,392,McTominay,14,MID,46,2.5372,2.5595,0.68,0.0576,0.637,0.0144,1,1,15,0,2026-08-19T06:19:32.358757+00:00,2026-08-19T06:19:59.571533+00:00
31,394,Pellistri,14,MID,42,0,0,0.0,0.0,0.0,0,1,0,0,0,2026-08-19T06:19:32.358757+00:00,2026-08-19T06:19:59.571533+00:00
31,395,R.Varane,14,DEF,49,1.4216,2.0345,0.48,0.1144,0.4556,0.0044,1,0,45,1,2026-08-19T06:19:32.358757+00:00,2026-08-19T06:19:59.571533+00:00
31,396,Rashford,14,MID,84,3.2164,2.9092,0.82,0.0324,0.7652,0.0396,1,1,24,0,2026-08-19T06:19:32.358757+00:00,2026-08-19T06:19:59.571533+00:00
31,397,Sancho,14,MID,67,0,0,0.0,0.0,0.0,0,1,0,0,0,2026-08-19T06:19:32.358757+00:00,2026-08-19T06:19:59.571533+00:00
31,398,Shaw,14,DEF,52,0,0,0.0,0.0,0.0,0,1,0,0,0,2026-08-19T06:19:32.358757+00:00,2026-08-19T06:19:59.571533+00:00
31,399,Shoretire,14,FWD,44,0.4328,0.8705,0.1,0.198,0.1088,0.0,1,0,0,0,2026-08-19T06:19:32.358757+00:00,2026-08-19T06:19:59.571533+00:00
31,400,Van de Beek,14,MID,47,0,0,0.0,0.0,0.0,0,1,0,0,0,2026-08-19T06:19:32.358757+00:00,2026-08-19T06:19:59.571533+00:00
31,401,Wan-Bissaka,14,DEF,44,0.7964,1.5902,0.22,0.1716,0.2183,0.0004,1,0,90,1,2026-08-19T06:19:32.358757+00:00,2026-08-19T06:19:59.571533+00:00
31,597,Onana,14,GKP,49,3.2484,2.2301,0.9,0.008,0.8376,0.0012,1,2,90,1,2026-08-19T06:19:32.358757+00:00,2026-08-19T06:19:59.571533+00:00
31,617,Højlund,14,FWD,70,2.6036,2.5661,0.68,0.0576,0.637,0.0188,1,2,65,1,2026-08-19T06:19:32.358757+00:00,2026-08-19T06:19:59.571533+00:00
31,632,Forson,14,MID,44,0.4556,0.9,0.1,0.198,0.1088,0.0,1,0,0,0,2026-08-19T06:19:32.358757+00:00,2026-08-19T06:19:59.571533+00:00
31,669,Vítek,14,GKP,40,0,0,0.0,0.0,0.0,0,1,0,0,0,2026-08-19T06:19:32.358757+00:00,2026-08-19T06:19:59.571533+00:00
31,685,Gore,14,MID,45,0,0,0.0,0.0,0.0,0,1,0,0,0,2026-08-19T06:19:32.358757+00:00,2026-08-19T06:19:59.571533+00:00
31,695,Altay,14,GKP,40,0.1536,0.7171,0.04,0.0384,0.0403,0.0,1,0,0,0,2026-08-19T06:19:32.358757+00:00,2026-08-19T06:19:59.571533+00:00
31,703,Evans,14,DEF,40,0.782,1.4522,0.22,0.1716,0.2183,0.0,1,1,20,0,2026-08-19T06:19:32.358757+00:00,2026-08-19T06:19:59.571533+00:00
31,709,Amrabat,14,MID,50,0.7676,1.2056,0.28,0.1584,0.2731,0.0004,1,0,0,0,2026-08-19T06:19:32.358757+00:00,2026-08-19T06:19:59.571533+00:00
31,748,Hugill,14,FWD,45,0,0,0.0,0.0,0.0,0,1,0,0,0,2026-08-19T06:19:32.358757+00:00,2026-08-19T06:19:59.571533+00:00
31,766,Kambwala,14,DEF,39,0.4968,1.1576,0.1,0.198,0.1088,0.0012,1,0,24,0,2026-08-19T06:19:32.358757+00:00,2026-08-19T06:19:59.571533+00:00
31,768,Bennett,14,DEF,40,0,0,0.0,0.0,0.0,0,1,0,0,0,2026-08-19T06:19:32.358757+00:00,2026-08-19T06:19:59.571533+00:00
31,826,Collyer,14,MID,45,0.4676,0.9456,0.1,0.198,0.1088,0.0004,1,0,0,0,2026-08-19T06:19:32.358757+00:00,2026-08-19T06:19:59.571533+00:00
31,833,Ogunneye,14,DEF,40,0.4848,1.1916,0.1,0.198,0.1088,0.0004,1,0,0,0,2026-08-19T06:19:32.358757+00:00,2026-08-19T06:19:59.571533+00:00
31,835,Mee,14,GKP,40,0.1668,0.7178,0.04,0.0384,0.0403,0.0,1,0,0,0,2026-08-19T06:19:32.358757+00:00,2026-08-19T06:19:59.571533+00:00
31,846,Amass,14,DEF,40,0.4824,1.1471,0.1,0.198,0.1088,0.0004,1,,,,2026-08-19T06:19:32.358757+00:00,
31,850,Wheatley,14,FWD,45,0.444,0.8841,0.1,0.198,0.1088,0.0,1,,,,2026-08-19T06:19:32.358757+00:00,
31,856,Jackson,14,DEF,40,0.4448,1.0805,0.1,0.198,0.1088,0.0004,1,,,,2026-08-19T06:19:32.358757+00:00,
31,204,Hall,15,DEF,42,0.508,1.2205,0.1,0.198,0.1088,0.0012,1,9,78,1,2026-08-19T06:19:32.358757+00:00,2026-08-19T06:19:59.571533+00:00
31,402,Almirón,15,MID,60,2.6892,2.8024,0.68,0.0576,0.637,0.0288,1,0,0,0,2026-08-19T06:19:32.358757+00:00,2026-08-19T06:19:59.571533+00:00
31,403,Anderson,15,MID,42,0.9604,1.4788,0.28,0.1584,0.2731,0.0016,1,3,70,1,2026-08-19T06:19:32.358757+00:00,2026-08-19T06:19:59.571533+00:00
31,404,Ashby,15,DEF,40,0,0,0.0,0.0,0.0,0,1,0,0,0,2026-08-19T06:19:32.358757+00:00,2026-08-19T06:19:59.571533+00:00
31,405,Botman,15,DEF,45,0,0,0.0,0.0,0.0,0,1,0,0,0,2026-08-19T06:19:32.358757+00:00,2026-08-19T06:19:59.571533+00:00
31,406,Bruno G.,15,MID,58,2.7808,2.3859,0.82,0.0324,0.7652,0.0144,1,2,90,1,2026-08-19T06:19:32.358757+00:00,2026-08-19T06:19:59.571533+00:00
31,407,Burn,15,DEF,44,1.054,2.1704,0.22,0.1404,0.2158,0.0112,1,2,90,1,2026-08-19T06:19:32.358757+00:00,2026-08-19T06:19:59.571533+00:00
31,408,Darlow,15,GKP,40,0,0,0.0,0.0,0.0,0,1,0,0,0,2026-08-19T06:19:32.358757+00:00,2026-08-19T06:19:59.571533+00:00
31,409,Dubravka,15,GKP,42,3.54,2.33,0.9,0.004,0.8373,0.0028,1,2,90,1,2026-08-19T06:19:32.358757+00:00,2026-08-19T06:19:59.571533+00:00
31,410,Fraser,15,MID,49,0,0,0.0,0.0,0.0,0,1,0,0,0,2026-08-19T06:19:32.358757+00:00,2026-08-19T06:19:59.571533+00:00
31,411,Gillespie,15,GKP,39,0.162,0.7616,0.04,0.0384,0.0403,0.0,1,0,0,0,2026-08-19T06:19:32.358757+00:00,2026-08-19T06:19:59.571533+00:00
31,412,Gordon,15,MID,60,2.024,3.0534,0.41,0.1062,0.3898,0.038,1,0,0,0,2026-08-19T06:19:32.358757+00:00,2026-08-19T06:19:59.571533+00:00
31,413,Hayden,15,MID,44,0,0,0.0,0.0,0.0,0,1,0,0,0,2026-08-19T06:19:32.358757+00:00,2026-08-19T06:19:59.571533+00:00
31,414,Hendrick,15,MID,44,0,0,0.0,0.0,0.0,0,1,0,0,0,2026-08-19T06:19:32.358757+00:00,2026-08-19T06:19:59.571533+00:00
31,415,Isak,15,FWD,77,4.3328,4.0971,0.68,0.0896,0.6396,0.1236,1,8,90,1,2026-08-19T06:19:32.358757+00:00,2026-08-19T06:19:59.571533+00:00
31,416,Joelinton,15,MID,58,1.7292,2.2194,0.48,0.1456,0.458,0.0072,1,0,0,0,2026-08-19T06:19:32.358757+00:00,2026-08-19T06:19:59.571533+00:00
31,417,Krafth,15,DEF,44,0.4908,1.2333,0.1,0.198,0.1088,0.0012,1,2,90,1,2026-08-19T06:19:32.358757+00:00,2026-08-19T06:19:59.571533+00:00
31,418,Kuol,15,MID,45,0,0,0.0,0.0,0.0,0,1,0,0,0,2026-08-19T06:19:32.358757+00:00,2026-08-19T06:19:59.571533+00:00
31,419,Lascelles,15,DEF,39,0,0,0.0,0.0,0.0,0,1,0,0,0,2026-08-19T06:19:32.358757+00:00,2026-08-19T06:19:59.571533+00:00
31,420,J.Lewis,15,DEF,40,0,0,0.0,0.0,0.0,0,1,0,0,0,2026-08-19T06:19:32.358757+00:00,2026-08-19T06:19:59.571533+00:00
31,421,Longstaff,15,MID,48,2.3932,2.5736,0.68,0.0576,0.637,0.0212,1,2,90,1,2026-08-19T06:19:32.358757+00:00,2026-08-19T06:19:59.571533+00:00
31,422,Manquillo,15,DEF,40,0,0,0.0,0.0,0.0,0,1,0,0,0,2026-08-19T06:19:32.358757+00:00,2026-08-19T06:19:59.571533+00:00
31,423,J.Murphy,15,MID,48,1.166,1.9268,0.28,0.1584,0.2731,0.0052,1,2,90,1,2026-08-19T06:19:32.358757+00:00,2026-08-19T06:19:59.571533+00:00
31,424,Pope,15,GKP,53,0.3548,1.1124,0.08,0.0736,0.0803,0.0,1,0,0,0,2026-08-19T06:19:32.358757+00:00,2026-08-19T06:19:59.571533+00:00
31,425,Ritchie,15,MID,43,0.5296,1.2044,0.1,0.198,0.1088,0.0016,1,0,0,0,2026-08-19T06:19:32.358757+00:00,2026-08-19T06:19:59.571533+00:00
31,426,Saint-Maximin,15,MID,60,0,0,0.0,0.0,0.0,0,1,0,0,0,2026-08-19T06:19:32.358757+00:00,2026-08-19T06:19:59.571533+00:00
31,427,Schär,15,DEF,55,3.198,2.8818,0.82,0.0324,0.7652,0.0252,1,2,90,1,2026-08-19T06:19:32.358757+00:00,2026-08-19T06:19:59.571533+00:00
31,428,Targett,15,DEF,42,0,0,0.0,0.0,0.0,0,1,0,0,0,2026-08-19T06:19:32.358757+00:00,2026-08-19T06:19:59.571533+00:00
31,429,Tonali,15,MID,52,0,0,0.0,0.0,0.0,0,1,0,0,0,2026-08-19T06:19:32.358757+00:00,2026-08-19T06:19:59.571533+00:00
31,430,Trippier,15,DEF,67,3.8732,3.1143,0.82,0.0324,0.7652,0.0476,1,0,0,0,2026-08-19T06:19:32.358757+00:00,2026-08-19T06:19:59.571533+00:00
31,431,Watts,15,DEF,40,0,0,0.0,0.0,0.0,0,1,0,0,0,2026-08-19T06:19:32.358757+00:00,2026-08-19T06:19:59.571533+00:00
31,432,Willock,15,MID,53,0,0,0.0,0.0,0.0,0,1,1,19,0,2026-08-19T06:19:32.358757+00:00,2026-08-19T06:19:59.571533+00:00
31,433,Wilson,15,FWD,78,2.4748,3.1489,0.48,0.1456,0.458,0.0472,1,0,0,0,2026-08-19T06:19:32.358757+00:00,2026-08-19T06:19:59.571533+00:00
31,580,Karius,15,GKP,39,0.1748,0.8171,0.04,0.0384,0.0403,0.0,1,0,0,0,2026-08-19T06:19:32.358757+00:00,2026-08-19T06:19:59.571533+00:00
31,581,Dummett,15,DEF,39,0.5452,1.2911,0.1,0.198,0.1088,0.0008,1,1,11,0,2026-08-19T06:19:32.358757+00:00,2026-08-19T06:19:59.571533+00:00
31,603,Barnes,15,MID,62,1.3024,2.1711,0.28,0.2016,0.2765,0.012,1,5,90,1,2026-08-19T06:19:32.358757+00:00,2026-08-19T06:19:59.571533+00:00
31,633,Livramento,15,DEF,41,0,0,0.0,0.0,0.0,0,1,0,0,0,2026-08-19T06:19:32.358757+00:00,2026-08-19T06:19:59.571533+00:00
31,634,A.Murphy,15,DEF,39,0.5292,1.2625,0.1,0.198,0.1088,0.0004,1,0,0,0,2026-08-19T06:19:32.358757+00:00,2026-08-19T06:19:59.571533+00:00
31,635,Miley,15,MID,45,0,0,0.0,0.0,0.0,0,1,0,0,0,2026-08-19T06:19:32.358757+00:00,2026-08-19T06:19:59.571533+00:00
31,738,Diallo,15,MID,45,0.4772,1.0348,0.1,0.198,0.1088,0.0004,1,0,0,0,2026-08-19T06:19:32.358757+00:00,2026-08-19T06:19:59.571533+00:00
31,739,Parkinson,15,FWD,45,0.4604,0.9546,0.1,0.198,0.1088,0.0008,1,0,0,0,2026-08-19T06:19:32.358757+00:00,2026-08-19T06:19:59.571533+00:00
31,745,Ndiweni,15,FWD,44,0,0,0.0,0.0,0.0,0,1,0,0,0,2026-08-19T06:19:32.358757+00:00,2026-08-19T06:19:59.571533+00:00
31,794,White,15,MID,45,0.518,1.0181,0.1,0.198,0.1088,0.0,1,0,0,0,2026-08-19T06:19:32.358757+00:00,2026-08-19T06:19:59.571533+00:00
31,795,Hernes,15,MID,45,0.4664,0.9759,0.1,0.198,0.1088,0.0004,1,0,0,0,2026-08-19T06:19:32.358757+00:00,2026-08-19T06:19:59.571533+00:00
31,23,Tavares,16,DEF,40,0.786,1.5698,0.22,0.1716,0.2183,0.0012,1,0,0,0,2026-08-19T06:19:32.358757+00:00,2026-08-19T06:19:59.571533+00:00
31,28,Turner,16,GKP,38,3.2244,2.2223,0.9,0.004,0.8373,0.0,1,-1,0,0,2026-08-19T06:19:32.358757+00:00,2026-08-19T06:19:59.571533+00:00
31,205,Hudson-Odoi,16,MID,47,1.9032,2.2065,0.48,0.1144,0.4556,0.0076,1,7,69,1,2026-08-19T06:19:32.358757+00:00,2026-08-19T06:19:59.571533+00:00
31,378,Elanga,16,MID,51,3.2464,3.2052,0.68,0.0576,0.637,0.0468,1,2,82,1,2026-08-19T06:19:32.358757+00:00,2026-08-19T06:19:59.571533+00:00
31,434,B.Aguilera,16,MID,45,0,0,0.0,0.0,0.0,0,1,0,0,0,2026-08-19T06:19:32.358757+00:00,2026-08-19T06:19:59.571533+00:00
31,435,Arter,16,MID,43,0.4692,0.9694,0.1,0.198,0.1088,0.0004,1,0,0,0,2026-08-19T06:19:32.358757+00:00,2026-08-19T06:19:59.571533+00:00
31,436,Aurier,16,DEF,45,0,0,0.0,0.0,0.0,0,1,0,0,0,2026-08-19T06:19:32.358757+00:00,2026-08-19T06:19:59.571533+00:00
31,437,Awoniyi,16,FWD,63,2.0992,2.546,0.48,0.1456,0.458,0.0196,1,0,0,0,2026-08-19T06:19:32.358757+00:00,2026-08-19T06:19:59.571533+00:00
31,438,Biancone,16,DEF,39,0,0,0.0,0.0,0.0,0,1,0,0,0,2026-08-19T06:19:32.358757+00:00,2026-08-19T06:19:59.571533+00:00
31,439,Boly,16,DEF,45,1.0768,2.0775,0.22,0.1716,0.2183,0.008,1,0,0,0,2026-08-19T06:19:32.358757+00:00,2026-08-19T06:19:59.571533+00:00
31,440,Bowler,16,MID,45,0,0,0.0,0.0,0.0,0,1,0,0,0,2026-08-19T06:19:32.358757+00:00,2026-08-19T06:19:59.571533+00:00
31,441,Cook,16,DEF,45,0,0,0.0,0.0,0.0,0,1,0,0,0,2026-08-19T06:19:32.358757+00:00,2026-08-19T06:19:59.571533+00:00
31,442,Danilo,16,MID,53,1.4984,1.7931,0.48,0.1144,0.4556,0.0024,1,5,90,1,2026-08-19T06:19:32.358757+00:00,2026-08-19T06:19:59.571533+00:00
31,443,Dennis,16,FWD,48,0,0,0.0,0.0,0.0,0,1,0,0,0,2026-08-19T06:19:32.358757+00:00,2026-08-19T06:19:59.571533+00:00
31,444,Dräger,16,DEF,40,0,0,0.0,0.0,0.0,0,1,0,0,0,2026-08-19T06:19:32.358757+00:00,2026-08-19T06:19:59.571533+00:00
31,445,Felipe,16,DEF,44,0.8932,1.6913,0.22,0.1716,0.2183,0.002,1,0,0,0,2026-08-19T06:19:32.358757+00:00,2026-08-19T06:19:59.571533+00:00
31,446,Freuler,16,MID,49,0,0,0.0,0.0,0.0,0,1,0,0,0,2026-08-19T06:19:32.358757+00:00,2026-08-19T06:19:59.571533+00:00
31,447,Gibbs-White,16,MID,57,3.3816,2.906,0.82,0.0324,0.7652,0.0424,1,13,76,1,2026-08-19T06:19:32.358757+00:00,2026-08-19T06:19:59.571533+00:00
31,448,Hennessey,16,GKP,39,0.1876,0.847,0.04,0.0384,0.0403,0.0,1,0,0,0,2026-08-19T06:19:32.358757+00:00,2026-08-19T06:19:59.571533+00:00
31,449,Horvath,16,GKP,43,0,0,0.0,0.0,0.0,0,1,0,0,0,2026-08-19T06:19:32.358757+00:00,2026-08-19T06:19:59.571533+00:00
31,451,Kouyaté,16,MID,48,0.694,1.2897,0.18,0.1804,0.1818,0.0012,1,0,0,0,2026-08-19T06:19:32.358757+00:00,2026-08-19T06:19:59.571533+00:00
31,452,Laryea,16,DEF,45,0,0,0.0,0.0,0.0,0,1,0,0,0,2026-08-19T06:19:32.358757+00:00,2026-08-19T06:19:59.571533+00:00
31,453,Mangala,16,MID,50,0,0,0.0,0.0,0.0,0,1,0,0,0,2026-08-19T06:19:32.358757+00:00,2026-08-19T06:19:59.571533+00:00
31,454,Mbe Soh,16,DEF,40,0,0,0.0,0.0,0.0,0,1,0,0,0,2026-08-19T06:19:32.358757+00:00,2026-08-19T06:19:59.571533+00:00
31,455,McKenna,16,DEF,44,0,0,0.0,0.0,0.0,0,1,0,0,0,2026-08-19T06:19:32.358757+00:00,2026-08-19T06:19:59.571533+00:00
31,456,Mighten,16,MID,44,0,0,0.0,0.0,0.0,0,1,0,0,0,2026-08-19T06:19:32.358757+00:00,2026-08-19T06:19:59.571533+00:00
31,457,Niakhaté,16,DEF,45,0.9164,1.8499,0.22,0.1716,0.2183,0.006,1,0,0,0,2026-08-19T06:19:32.358757+00:00,2026-08-19T06:19:59.571533+00:00
31,458,O'Brien,16,MID,49,0,0,0.0,0.0,0.0,0,1,0,0,0,2026-08-19T06:19:32.358757+00:00,2026-08-19T06:19:59.571533+00:00
31,459,Ojeda,16,MID,45,0,0,0.0,0.0,0.0,0,1,0,0,0,2026-08-19T06:19:32.358757+00:00,2026-08-19T06:19:59.571533+00:00
31,460,Panzo,16,DEF,40,0,0,0.0,0.0,0.0,0,1,0,0,0,2026-08-19T06:19:32.358757+00:00,2026-08-19T06:19:59.571533+00:00
31,461,O.Richards,16,DEF,44,0,0,0.0,0.0,0.0,0,1,0,0,0,2026-08-19T06:19:32.358757+00:00,2026-08-19T06:19:59.571533+00:00
31,462,G.Scarpa,16,MID,45,0,0,0.0,0.0,0.0,0,1,0,0,0,2026-08-19T06:19:32.358757+00:00,2026-08-19T06:19:59.571533+00:00
31,463,J.Shelvey,16,MID,48,0,0,0.0,0.0,0.0,0,1,0,0,0,2026-08-19T06:19:32.358757+00:00,2026-08-19T06:19:59.571533+00:00
31,464,Surridge,16,FWD,45,0,0,0.0,0.0,0.0,0,1,0,0,0,2026-08-19T06:19:32.358757+00:00,2026-08-19T06:19:59.571533+00:00
31,465,Toffolo,16,DEF,44,0.9732,1.9315,0.22,0.1716,0.2183,0.0052,1,1,7,0,2026-08-19T06:19:32.358757+00:00,2026-08-19T06:19:59.571533+00:00
31,466,Ui-jo,16,FWD,44,0,0,0.0,0.0,0.0,0,1,0,0,0,2026-08-19T06:19:32.358757+00:00,2026-08-19T06:19:59.571533+00:00
31,467,Williams,16,DEF,43,0,0,0.0,0.0,0.0,0,1,2,90,1,2026-08-19T06:19:32.358757+00:00,2026-08-19T06:19:59.571533+00:00
31,468,Wood,16,FWD,48,2.4064,2.9205,0.48,0.1144,0.4556,0.0284,1,8,90,1,2026-08-19T06:19:32.358757+00:00,2026-08-19T06:19:59.571533+00:00
31,469,Worrall,16,DEF,43,0,0,0.0,0.0,0.0,0,1,0,0,0,2026-08-19T06:19:32.358757+00:00,2026-08-19T06:19:59.571533+00:00
31,470,Yates,16,MID,48,2.0696,2.063,0.68,0.0576,0.637,0.0076,1,2,90,1,2026-08-19T06:19:32.358757+00:00,2026-08-19T06:19:59.571533+00:00
31,604,Aina,16,DEF,45,0.9,1.685,0.22,0.1716,0.2183,0.0004,1,2,82,1,2026-08-19T06:19:32.358757+00:00,2026-08-19T06:19:59.571533+00:00
31,636,G.Shelvey,16,GKP,39,0,0,0.0,0.0,0.0,0,1,0,0,0,2026-08-19T06:19:32.358757+00:00,2026-08-19T06:19:59.571533+00:00
31,637,Powell,16,DEF,39,0.5,1.1632,0.1,0.198,0.1088,0.0008,1,0,0,0,2026-08-19T06:19:32.358757+00:00,2026-08-19T06:19:59.571533+00:00
31,679,G.Montiel,16,DEF,44,0.8548,1.7127,0.22,0.1716,0.2183,0.0028,1,0,0,0,2026-08-19T06:19:32.358757+00:00,2026-08-19T06:19:59.571533+00:00
31,696,Murillo,16,DEF,45,0.8016,1.7044,0.22,0.1404,0.2158,0.0036,1,5,90,1,2026-08-19T06:19:32.358757+00:00,2026-08-19T06:19:59.571533+00:00
31,710,Odysseas,16,GKP,45,0.1672,0.7717,0.04,0.0384,0.0403,0.0,1,0,0,0,2026-08-19T06:19:32.358757+00:00,2026-08-19T06:19:59.571533+00:00
31,711,Omobamidele,16,DEF,45,0.7628,1.5277,0.22,0.1716,0.2183,0.0008,1,2,90,1,2026-08-19T06:19:32.358757+00:00,2026-08-19T06:19:59.571533+00:00
31,712,Dominguez,16,MID,50,0,0,0.0,0.0,0.0,0,1,1,7,0,2026-08-19T06:19:32.358757+00:00,2026-08-19T06:19:59.571533+00:00
31,713,Sangaré,16,MID,49,1.2508,1.5598,0.48,0.1144,0.4556,0.0008,1,0,0,0,2026-08-19T06:19:32.358757+00:00,2026-08-19T06:19:59.571533+00:00
31,714,Origi,16,FWD,50,0.9488,1.5197,0.28,0.1584,0.2731,0.0028,1,1,20,0,2026-08-19T06:19:32.358757+00:00,2026-08-19T06:19:59.571533+00:00
31,779,McDonnell,16,MID,45,0.4784,1.016,0.1,0.198,0.1088,0.0008,1,0,0,0,2026-08-19T06:19:32.358757+00:00,2026-08-19T06:19:59.571533+00:00
31,780,Osong,16,FWD,45,0.4668,0.9755,0.1,0.198,0.1088,0.0008,1,0,0,0,2026-08-19T06:19:32.358757+00:00,2026-08-19T06:19:59.571533+00:00
31,781,Gardner,16,FWD,45,0.4768,0.9993,0.1,0.198,0.1088,0.0,1,0,0,0,2026-08-19T06:19:32.358757+00:00,2026-08-19T06:19:59.571533+00:00
31,801,Reyna,16,MID,47,0.6908,1.3062,0.18,0.1804,0.1818,0.0,1,1,13,0,2026-08-19T06:19:32.358757+00:00,2026-08-19T06:19:59.571533+00:00
31,808,Sels,16,GKP,45,0.152,0.7712,0.04,0.0384,0.0403,0.0,1,2,90,1,2026-08-19T06:19:32.358757+00:00,2026-08-19T06:19:59.571533+00:00
31,809,Ribeiro,16,FWD,45,0.4296,0.883,0.1,0.198,0.1088,0.0004,1,0,0,0,2026-08-19T06:19:32.358757+00:00,2026-08-19T06:19:59.571533+00:00
31,27,Trusty,17,DEF,39,0.6972,1.3985,0.22,0.1404,0.2158,0.0,1,1,77,1,2026-08-19T06:19:32.358757+00:00,2026-08-19T06:19:59.571533+00:00
31,33,Archer,17,FWD,42,2.3856,2.1484,0.68,0.0704,0.638,0.0088,1,0,0,0,2026-08-19T06:19:32.358757+00:00,2026-08-19T06:19:59.571533+00:00
31,255,Holgate,17,DEF,40,0.7536,1.4517,0.22,0.1716,0.2183,0.0004,1,1,86,1,2026-08-19T06:19:32.358757+00:00,2026-08-19T06:19:59.571533+00:00
31,360,McAtee,17,MID,44,2.0304,2.0054,0.68,0.0576,0.637,0.0076,1,2,62,1,2026-08-19T06:19:32.358757+00:00,2026-08-19T06:19:59.571533+00:00
31,471,Ahmedhodžić,17,DEF,43,0.7608,1.774,0.22,0.1404,0.2158,0.0068,1,1,90,1,2026-08-19T06:19:32.358757+00:00,2026-08-19T06:19:59.571533+00:00
31,472,Amissah,17,GKP,39,0.1576,0.6871,0.04,0.0384,0.0403,0.0,1,0,0,0,2026-08-19T06:19:32.358757+00:00,2026-08-19T06:19:59.571533+00:00
31,473,Baldock,17,DEF,38,0,0,0.0,0.0,0.0,0,1,0,0,0,2026-08-19T06:19:32.358757+00:00,2026-08-19T06:19:59.571533+00:00
31,474,Basham,17,DEF,39,0,0,0.0,0.0,0.0,0,1,0,0,0,2026-08-19T06:19:32.358757+00:00,2026-08-19T06:19:59.571533+00:00
31,476,Bogle,17,DEF,45,0.6948,1.5865,0.22,0.1404,0.2158,0.0044,1,1,90,1,2026-08-19T06:19:32.358757+00:00,2026-08-19T06:19:59.571533+00:00
31,477,Brewster,17,FWD,49,0.8136,1.2587,0.28,0.1584,0.2731,0.0004,1,0,0,0,2026-08-19T06:19:32.358757+00:00,2026-08-19T06:19:59.571533+00:00
31,478,Coulibaly,17,MID,44,0,0,0.0,0.0,0.0,0,1,0,0,0,2026-08-19T06:19:32.358757+00:00,2026-08-19T06:19:59.571533+00:00
31,479,A.Davies,17,GKP,40,0.1504,0.6997,0.04,0.0384,0.0403,0.0,1,0,0,0,2026-08-19T06:19:32.358757+00:00,2026-08-19T06:19:59.571533+00:00
31,480,Egan,17,DEF,42,0.4632,1.0908,0.11,0.1958,0.118,0.0008,1,0,0,0,2026-08-19T06:19:32.358757+00:00,2026-08-19T06:19:59.571533+00:00
31,481,Fleck,17,MID,49,0,0,0.0,0.0,0.0,0,1,0,0,0,2026-08-19T06:19:32.358757+00:00,2026-08-19T06:19:59.571533+00:00
31,482,Foderingham,17,GKP,45,3.4076,2.2183,0.9,0.004,0.8373,0.002,1,0,0,0,2026-08-19T06:19:32.358757+00:00,2026-08-19T06:19:59.571533+00:00
31,483,Jebbison,17,FWD,48,0.6036,1.0646,0.18,0.1804,0.1818,0.0004,1,0,0,0,2026-08-19T06:19:32.358757+00:00,2026-08-19T06:19:59.571533+00:00
31,484,Lowe,17,DEF,43,0.7692,1.536,0.22,0.1716,0.2183,0.0028,1,0,0,0,2026-08-19T06:19:32.358757+00:00,2026-08-19T06:19:59.571533+00:00
31,485,McBurnie,17,FWD,54,1.9128,2.37,0.48,0.1144,0.4556,0.012,1,0,27,0,2026-08-19T06:19:32.358757+00:00,2026-08-19T06:19:59.571533+00:00
31,486,Ndiaye,17,FWD,55,0,0,0.0,0.0,0.0,0,1,0,0,0,2026-08-19T06:19:32.358757+00:00,2026-08-19T06:19:59.571533+00:00
31,487,Norrington-Davies,17,DEF,39,0,0,0.0,0.0,0.0,0,1,0,0,0,2026-08-19T06:19:32.358757+00:00,2026-08-19T06:19:59.571533+00:00
31,488,Norwood,17,MID,48,1.8288,1.8091,0.68,0.0704,0.638,0.0036,1,0,0,0,2026-08-19T06:19:32.358757+00:00,2026-08-19T06:19:59.571533+00:00
31,489,Osborn,17,MID,48,0.5068,0.96,0.14,0.1892,0.1453,0.0004,1,1,28,0,2026-08-19T06:19:32.358757+00:00,2026-08-19T06:19:59.571533+00:00
31,490,Osula,17,FWD,43,1.0932,1.3713,0.48,0.1144,0.4556,0.0016,1,1,27,0,2026-08-19T06:19:32.358757+00:00,2026-08-19T06:19:59.571533+00:00
31,576,Robinson,17,DEF,43,0.6808,1.4318,0.22,0.1404,0.2158,0.0016,1,1,90,1,2026-08-19T06:19:32.358757+00:00,2026-08-19T06:19:59.571533+00:00
31,587,Slimane,17,MID,47,0.8996,1.4065,0.28,0.1584,0.2731,0.0016,1,1,3,0,2026-08-19T06:19:32.358757+00:00,2026-08-19T06:19:59.571533+00:00
31,592,Larouci,17,DEF,43,0.7856,1.5086,0.22,0.1716,0.2183,0.0016,1,0,0,0,2026-08-19T06:19:32.358757+00:00,2026-08-19T06:19:59.571533+00:00
31,593,T.Bénie,17,FWD,51,0,0,0.0,0.0,0.0,0,1,0,0,0,2026-08-19T06:19:32.358757+00:00,2026-08-19T06:19:59.571533+00:00
31,638,Vini Souza,17,MID,50,2.0872,1.2929,0.82,0.0324,0.7652,0.0004,1,2,90,1,2026-08-19T06:19:32.358757+00:00,2026-08-19T06:19:59.571533+00:00
31,653,Seriki,17,DEF,39,0,0,0.0,0.0,0.0,0,1,0,0,0,2026-08-19T06:19:32.358757+00:00,2026-08-19T06:19:59.571533+00:00
31,654,Marsh,17,FWD,45,0,0,0.0,0.0,0.0,0,1,0,0,0,2026-08-19T06:19:32.358757+00:00,2026-08-19T06:19:59.571533+00:00
31,655,Brooks,17,MID,44,1.2756,1.3841,0.48,0.1144,0.4556,0.0012,1,1,12,0,2026-08-19T06:19:32.358757+00:00,2026-08-19T06:19:59.571533+00:00
31,656,Hackford,17,FWD,44,0,0,0.0,0.0,0.0,0,1,0,0,0,2026-08-19T06:19:32.358757+00:00,2026-08-19T06:19:59.571533+00:00
31,663,Hamer,17,MID,49,2.2912,1.9423,0.82,0.0324,0.7652,0.0068,1,5,61,1,2026-08-19T06:19:32.358757+00:00,2026-08-19T06:19:59.571533+00:00
31,666,T.Davies,17,MID,50,0.4668,0.9632,0.09,0.2002,0.0997,0.0,1,0,0,0,2026-08-19T06:19:32.358757+00:00,2026-08-19T06:19:59.571533+00:00
31,693,Thomas,17,DEF,40,0,0,0.0,0.0,0.0,0,1,0,0,0,2026-08-19T06:19:32.358757+00:00,2026-08-19T06:19:59.571533+00:00
31,730,Oné,17,MID,44,0.448,0.8483,0.1,0.198,0.1088,0.0,1,0,0,0,2026-08-19T06:19:32.358757+00:00,2026-08-19T06:19:59.571533+00:00
31,731,Buyabu,17,DEF,40,0,0,0.0,0.0,0.0,0,1,0,0,0,2026-08-19T06:19:32.358757+00:00,2026-08-19T06:19:59.571533+00:00
31,759,Peck,17,MID,44,0.4808,0.9594,0.1,0.198,0.1088,0.0004,1,0,0,0,2026-08-19T06:19:32.358757+00:00,2026-08-19T06:19:59.571533+00:00
31,775,Brereton Díaz,17,MID,50,1.0668,1.7161,0.28,0.1584,0.2731,0.004,1,2,62,1,2026-08-19T06:19:32.358757+00:00,2026-08-19T06:19:59.571533+00:00
31,790,Grbić,17,GKP,45,0.194,0.8817,0.04,0.0384,0.0403,0.0,1,3,90,1,2026-08-19T06:19:32.358757+00:00,2026-08-19T06:19:59.571533+00:00
31,822,Blacker,17,FWD,45,0.4452,0.8764,0.1,0.198,0.1088,0.0,1,0,0,0,2026-08-19T06:19:32.358757+00:00,2026-08-19T06:19:59.571533+00:00
31,823,Arblaster,17,MID,45,0.4448,0.9117,0.1,0.198,0.1088,0.0004,1,2,90,1,2026-08-19T06:19:32.358757+00:00,2026-08-19T06:19:59.571533+00:00
31,827,Sasnauskas,17,DEF,40,0.48,1.1,0.1,0.198,0.1088,0.0,1,0,0,0,2026-08-19T06:19:32.358757+00:00,2026-08-19T06:19:59.571533+00:00
31,828,Curtis,17,DEF,40,0.4584,1.0936,0.1,0.198,0.1088,0.0004,1,0,0,0,2026-08-19T06:19:32.358757+00:00,2026-08-19T06:19:59.571533+00:00
31,857,Hampson,17,MID,45,0.482,0.9702,0.1,0.198,0.1088,0.0,1,,,,2026-08-19T06:19:32.358757+00:00,
31,450,Johnson,18,MID,58,3.1004,3.1807,0.68,0.0576,0.637,0.0492,1,9,89,1,2026-08-19T06:19:32.358757+00:00,2026-08-19T06:19:59.571533+00:00
31,491,Austin,18,GKP,39,0.1528,0.6929,0.04,0.0384,0.0403,0.0,1,0,0,0,2026-08-19T06:19:32.358757+00:00,2026-08-19T06:19:59.571533+00:00
31,492,Bentancur,18,MID,54,0.872,1.4794,0.28,0.1584,0.2731,0.002,1,1,69,1,2026-08-19T06:19:32.358757+00:00,2026-08-19T06:19:59.571533+00:00
31,493,Bissouma,18,MID,50,0,0,0.0,0.0,0.0,0,1,2,81,1,2026-08-19T06:19:32.358757+00:00,2026-08-19T06:19:59.571533+00:00
31,494,Bryan,18,MID,49,0.7056,1.2571,0.18,0.1804,0.1818,0.0004,1,0,0,0,2026-08-19T06:19:32.358757+00:00,2026-08-19T06:19:59.571533+00:00
31,495,Davies,18,DEF,43,0,0,0.0,0.0,0.0,0,1,0,0,0,2026-08-19T06:19:32.358757+00:00,2026-08-19T06:19:59.571533+00:00
31,496,Dier,18,DEF,42,0,0,0.0,0.0,0.0,0,1,0,0,0,2026-08-19T06:19:32.358757+00:00,2026-08-19T06:19:59.571533+00:00
31,497,E.Royal,18,DEF,43,0.7676,1.5198,0.22,0.1716,0.2183,0.0012,1,0,0,0,2026-08-19T06:19:32.358757+00:00,2026-08-19T06:19:59.571533+00:00
31,498,Forster,18,GKP,38,0,0,0.0,0.0,0.0,0,1,0,0,0,2026-08-19T06:19:32.358757+00:00,2026-08-19T06:19:59.571533+00:00
31,499,Højbjerg,18,MID,51,1.222,1.524,0.48,0.1144,0.4556,0.0024,1,1,8,0,2026-08-19T06:19:32.358757+00:00,2026-08-19T06:19:59.571533+00:00
31,500,Kane,18,FWD,125,0,0,0.0,0.0,0.0,0,1,0,0,0,2026-08-19T06:19:32.358757+00:00,2026-08-19T06:19:59.571533+00:00
31,501,Kulusevski,18,MID,68,3.02,2.5126,0.82,0.0324,0.7652,0.0256,1,1,20,0,2026-08-19T06:19:32.358757+00:00,2026-08-19T06:19:59.571533+00:00
31,502,Lloris,18,GKP,47,0,0,0.0,0.0,0.0,0,1,0,0,0,2026-08-19T06:19:32.358757+00:00,2026-08-19T06:19:59.571533+00:00
31,503,Lo Celso,18,MID,48,0.6172,1.2087,0.14,0.1892,0.1453,0.0012,1,1,1,0,2026-08-19T06:19:32.358757+00:00,2026-08-19T06:19:59.571533+00:00
31,504,Maddison,18,MID,80,3.0612,3.105,0.68,0.0576,0.637,0.0412,1,2,69,1,2026-08-19T06:19:32.358757+00:00,2026-08-19T06:19:59.571533+00:00
31,505,Ndombele,18,MID,44,0,0,0.0,0.0,0.0,0,1,0,0,0,2026-08-19T06:19:32.358757+00:00,2026-08-19T06:19:59.571533+00:00
31,506,Pedro Porro,18,DEF,59,3.1844,2.8861,0.82,0.0324,0.7652,0.0296,1,2,90,1,2026-08-19T06:19:32.358757+00:00,2026-08-19T06:19:59.571533+00:00
31,507,Perišić,18,DEF,47,0,0,0.0,0.0,0.0,0,1,0,0,0,2026-08-19T06:19:32.358757+00:00,2026-08-19T06:19:59.571533+00:00
31,509,Richarlison,18,MID,69,0,0,0.0,0.0,0.0,0,1,1,8,0,2026-08-19T06:19:32.358757+00:00,2026-08-19T06:19:59.571533+00:00
31,510,Rodon,18,DEF,40,0,0,0.0,0.0,0.0,0,1,0,0,0,2026-08-19T06:19:32.358757+00:00,2026-08-19T06:19:59.571533+00:00
31,511,Romero,18,DEF,52,2.78,2.5568,0.82,0.0324,0.7652,0.0156,1,1,90,1,2026-08-19T06:19:32.358757+00:00,2026-08-19T06:19:59.571533+00:00
31,512,Sánchez,18,DEF,44,0,0,0.0,0.0,0.0,0,1,0,0,0,2026-08-19T06:19:32.358757+00:00,2026-08-19T06:19:59.571533+00:00
31,513,Sarr,18,MID,44,2.0656,2.1934,0.68,0.0576,0.637,0.008,1,1,20,0,2026-08-19T06:19:32.358757+00:00,2026-08-19T06:19:59.571533+00:00
31,514,Sessegnon,18,DEF,44,0,0,0.0,0.0,0.0,0,1,0,0,0,2026-08-19T06:19:32.358757+00:00,2026-08-19T06:19:59.571533+00:00
31,515,Skipp,18,MID,45,0.7944,1.2283,0.28,0.1584,0.2731,0.0008,1,0,0,0,2026-08-19T06:19:32.358757+00:00,2026-08-19T06:19:59.571533+00:00
31,516,Son,18,MID,101,4.438,3.6199,0.82,0.0324,0.7652,0.0884,1,2,90,1,2026-08-19T06:19:32.358757+00:00,2026-08-19T06:19:59.571533+00:00
31,517,Spence,18,DEF,40,0,0,0.0,0.0,0.0,0,1,0,0,0,2026-08-19T06:19:32.358757+00:00,2026-08-19T06:19:59.571533+00:00
31,518,Tanganga,18,DEF,40,0,0,0.0,0.0,0.0,0,1,0,0,0,2026-08-19T06:19:32.358757+00:00,2026-08-19T06:19:59.571533+00:00
31,519,Udogie,18,DEF,50,0,0,0.0,0.0,0.0,0,1,2,90,1,2026-08-19T06:19:32.358757+00:00,2026-08-19T06:19:59.571533+00:00
31,520,Vicario,18,GKP,53,3.0096,2.1855,0.9,0.008,0.8376,0.0,1,3,90,1,2026-08-19T06:19:32.358757+00:00,2026-08-19T06:19:59.571533+00:00
31,521,Whiteman,18,GKP,39,0.1612,0.7404,0.04,0.0384,0.0403,0.0,1,0,0,0,2026-08-19T06:19:32.358757+00:00,2026-08-19T06:19:59.571533+00:00
31,583,Solomon,18,MID,51,0,0,0.0,0.0,0.0,0,1,0,0,0,2026-08-19T06:19:32.358757+00:00,2026-08-19T06:19:59.571533+00:00
31,639,Van de Ven,18,DEF,44,0.688,1.4281,0.22,0.1404,0.2158,0.0008,1,1,90,1,2026-08-19T06:19:32.358757+00:00,2026-08-19T06:19:59.571533+00:00
31,640,Scarlett,18,FWD,45,0.4444,0.8593,0.1,0.198,0.1088,0.0,1,0,0,0,2026-08-19T06:19:32.358757+00:00,2026-08-19T06:19:59.571533+00:00
31,641,Veliz,18,FWD,54,0,0,0.0,0.0,0.0,0,1,0,0,0,2026-08-19T06:19:32.358757+00:00,2026-08-19T06:19:59.571533+00:00
31,702,Phillips,18,DEF,40,0,0,0.0,0.0,0.0,0,1,0,0,0,2026-08-19T06:19:32.358757+00:00,2026-08-19T06:19:59.571533+00:00
31,722,Donley,18,FWD,45,0.4492,0.8938,0.1,0.198,0.1088,0.0004,1,0,0,0,2026-08-19T06:19:32.358757+00:00,2026-08-19T06:19:59.571533+00:00
31,740,Dorrington,18,DEF,40,0.4768,1.1011,0.1,0.198,0.1088,0.0,1,0,0,0,2026-08-19T06:19:32.358757+00:00,2026-08-19T06:19:59.571533+00:00
31,754,Yago Santiago,18,MID,45,0.5036,0.992,0.1,0.198,0.1088,0.0004,1,0,0,0,2026-08-19T06:19:32.358757+00:00,2026-08-19T06:19:59.571533+00:00
31,776,Werner,18,FWD,63,0,0,0.0,0.0,0.0,0,1,7,81,1,2026-08-19T06:19:32.358757+00:00,2026-08-19T06:19:59.571533+00:00
31,777,Drăgușin,18,DEF,42,0.4576,1.1192,0.1,0.198,0.1088,0.0004,1,0,0,0,2026-08-19T06:19:32.358757+00:00,2026-08-19T06:19:59.571533+00:00
31,860,Moore,18,MID,45,0.4896,0.9666,0.1,0.198,0.1088,0.0004,1,,,,2026-08-19T06:19:32.358757+00:00,
31,862,Hall,18,MID,45,0.4304,0.855,0.1,0.198,0.1088,0.0,1,,,,2026-08-19T06:19:32.358757+00:00,
31,364,Phillips,19,MID,47,0.8748,1.381,0.28,0.1584,0.2731,0.0008,1,0,0,0,2026-08-19T06:19:32.358757+00:00,2026-08-19T06:19:59.571533+00:00
31,522,N.Aguerd,19,DEF,44,0.554,1.3752,0.11,0.1602,0.1151,0.0016,1,0,0,0,2026-08-19T06:19:32.358757+00:00,2026-08-19T06:19:59.571533+00:00
31,523,Antonio,19,FWD,57,1.876,2.2967,0.48,0.1456,0.458,0.0144,1,1,90,1,2026-08-19T06:19:32.358757+00:00,2026-08-19T06:19:59.571533+00:00
31,524,Areola,19,GKP,43,4.0816,2.5114,0.9,0.004,0.8373,0.0092,1,0,0,0,2026-08-19T06:19:32.358757+00:00,2026-08-19T06:19:59.571533+00:00
31,525,Benrahma,19,MID,56,0,0,0.0,0.0,0.0,0,1,0,0,0,2026-08-19T06:19:32.358757+00:00,2026-08-19T06:19:59.571533+00:00
31,526,Bowen,19,MID,79,3.9244,3.3735,0.82,0.0324,0.7652,0.0648,1,5,90,1,2026-08-19T06:19:32.358757+00:00,2026-08-19T06:19:59.571533+00:00
31,527,Cornet,19,MID,52,0.75,1.4166,0.18,0.1804,0.1818,0.0016,1,0,0,0,2026-08-19T06:19:32.358757+00:00,2026-08-19T06:19:59.571533+00:00
31,528,Coufal,19,DEF,46,2.8588,2.4291,0.82,0.0324,0.7652,0.0076,1,2,90,1,2026-08-19T06:19:32.358757+00:00,2026-08-19T06:19:59.571533+00:00
31,529,Coventry,19,MID,43,0,0,0.0,0.0,0.0,0,1,0,0,0,2026-08-19T06:19:32.358757+00:00,2026-08-19T06:19:59.571533+00:00
31,530,Cresswell,19,DEF,42,0.8556,1.6911,0.22,0.1716,0.2183,0.0016,1,0,0,0,2026-08-19T06:19:32.358757+00:00,2026-08-19T06:19:59.571533+00:00
31,531,Downes,19,MID,50,0,0,0.0,0.0,0.0,0,1,0,0,0,2026-08-19T06:19:32.358757+00:00,2026-08-19T06:19:59.571533+00:00
31,532,Emerson,19,DEF,44,0.902,1.883,0.22,0.1404,0.2158,0.0068,1,2,90,1,2026-08-19T06:19:32.358757+00:00,2026-08-19T06:19:59.571533+00:00
31,533,Fabianski,19,GKP,42,0.1868,0.842,0.04,0.0384,0.0403,0.0,1,3,90,1,2026-08-19T06:19:32.358757+00:00,2026-08-19T06:19:59.571533+00:00
31,534,P.Fornals,19,MID,46,0,0,0.0,0.0,0.0,0,1,0,0,0,2026-08-19T06:19:32.358757+00:00,2026-08-19T06:19:59.571533+00:00
31,535,Ings,19,FWD,56,1.4936,1.8926,0.45,0.154,0.4308,0.0064,1,0,0,0,2026-08-19T06:19:32.358757+00:00,2026-08-19T06:19:59.571533+00:00
31,536,Johnson,19,DEF,44,0.858,1.6208,0.22,0.1716,0.2183,0.0008,1,0,0,0,2026-08-19T06:19:32.358757+00:00,2026-08-19T06:19:59.571533+00:00
31,537,Kehrer,19,DEF,42,0,0,0.0,0.0,0.0,0,1,0,0,0,2026-08-19T06:19:32.358757+00:00,2026-08-19T06:19:59.571533+00:00
31,538,Mubama,19,FWD,41,0.4512,0.9368,0.1,0.198,0.1088,0.0,1,0,0,0,2026-08-19T06:19:32.358757+00:00,2026-08-19T06:19:59.571533+00:00
31,539,L.Paquetá,19,MID,60,2.7524,2.8549,0.68,0.0576,0.637,0.032,1,2,90,1,2026-08-19T06:19:32.358757+00:00,2026-08-19T06:19:59.571533+00:00
31,541,Scamacca,19,FWD,60,0,0,0.0,0.0,0.0,0,1,0,0,0,2026-08-19T06:19:32.358757+00:00,2026-08-19T06:19:59.571533+00:00
31,542,Souček,19,MID,49,3.1,2.7328,0.82,0.0324,0.7652,0.0252,1,2,90,1,2026-08-19T06:19:32.358757+00:00,2026-08-19T06:19:59.571533+00:00
31,543,Vlašić,19,MID,45,0,0,0.0,0.0,0.0,0,1,0,0,0,2026-08-19T06:19:32.358757+00:00,2026-08-19T06:19:59.571533+00:00
31,544,Zouma,19,DEF,45,0.8892,1.853,0.22,0.1404,0.2158,0.0052,1,10,90,1,2026-08-19T06:19:32.358757+00:00,2026-08-19T06:19:59.571533+00:00
31,577,Ogbonna,19,DEF,43,0.858,1.6511,0.22,0.1716,0.2183,0.0008,1,0,0,0,2026-08-19T06:19:32.358757+00:00,2026-08-19T06:19:59.571533+00:00
31,642,Álvarez,19,MID,50,1.7936,1.8357,0.68,0.0576,0.637,0.0036,1,0,0,0,2026-08-19T06:19:32.358757+00:00,2026-08-19T06:19:59.571533+00:00
31,647,Anang,19,GKP,40,0.1664,0.7724,0.04,0.0384,0.0403,0.0,1,0,0,0,2026-08-19T06:19:32.358757+00:00,2026-08-19T06:19:59.571533+00:00
31,664,Ward-Prowse,19,MID,59,3.7724,3.1557,0.82,0.0324,0.7652,0.0552,1,2,90,1,2026-08-19T06:19:32.358757+00:00,2026-08-19T06:19:59.571533+00:00
31,676,Mavropanos,19,DEF,45,0.9228,1.8629,0.22,0.1716,0.2183,0.0044,1,2,90,1,2026-08-19T06:19:32.358757+00:00,2026-08-19T06:19:59.571533+00:00
31,689,Kudus,19,MID,68,2.9272,2.8928,0.68,0.0576,0.637,0.0316,1,2,90,1,2026-08-19T06:19:32.358757+00:00,2026-08-19T06:19:59.571533+00:00
31,773,Orford,19,MID,45,0.498,1.0088,0.1,0.198,0.1088,0.0004,1,0,0,0,2026-08-19T06:19:32.358757+00:00,2026-08-19T06:19:59.571533+00:00
31,774,Casey,19,DEF,40,0.472,1.1096,0.1,0.198,0.1088,0.0,1,0,0,0,2026-08-19T06:19:32.358757+00:00,2026-08-19T06:19:59.571533+00:00
31,784,Scarles,19,DEF,40,0.578,1.374,0.1,0.198,0.1088,0.0016,1,0,0,0,2026-08-19T06:19:32.358757+00:00,2026-08-19T06:19:59.571533+00:00
31,785,Marshall,19,FWD,45,0,0,0.0,0.0,0.0,0,1,0,0,0,2026-08-19T06:19:32.358757+00:00,2026-08-19T06:19:59.571533+00:00
31,829,Earthy,19,MID,45,0.4852,0.9615,0.1,0.198,0.1088,0.0,1,0,0,0,2026-08-19T06:19:32.358757+00:00,2026-08-19T06:19:59.571533+00:00
31,351,Doyle,20,MID,44,1.2424,1.3956,0.48,0.1144,0.4556,0.0004,1,0,0,0,2026-08-19T06:19:32.358757+00:00,2026-08-19T06:19:59.571533+00:00
31,545,Aït-Nouri,20,DEF,46,2.358,2.8413,0.68,0.0576,0.637,0.0256,1,8,90,1,2026-08-19T06:19:32.358757+00:00,2026-08-19T06:19:59.571533+00:00
31,546,Bentley,20,GKP,39,0.1636,0.7334,0.04,0.0384,0.0403,0.0,1,0,0,0,2026-08-19T06:19:32.358757+00:00,2026-08-19T06:19:59.571533+00:00
31,547,Bolla,20,DEF,40,0,0,0.0,0.0,0.0,0,1,0,0,0,2026-08-19T06:19:32.358757+00:00,2026-08-19T06:19:59.571533+00:00
31,548,H.Bueno,20,DEF,44,0.7384,1.4206,0.22,0.1716,0.2183,0.0,1,2,67,1,2026-08-19T06:19:32.358757+00:00,2026-08-19T06:19:59.571533+00:00
31,549,Chiquinho,20,MID,45,0,0,0.0,0.0,0.0,0,1,0,0,0,2026-08-19T06:19:32.358757+00:00,2026-08-19T06:19:59.571533+00:00
31,550,Cundle,20,MID,45,0,0,0.0,0.0,0.0,0,1,0,0,0,2026-08-19T06:19:32.358757+00:00,2026-08-19T06:19:59.571533+00:00
31,551,Dawson,20,DEF,45,0,0,0.0,0.0,0.0,0,1,0,0,0,2026-08-19T06:19:32.358757+00:00,2026-08-19T06:19:59.571533+00:00
31,552,Fábio Silva,20,FWD,52,0,0,0.0,0.0,0.0,0,1,0,0,0,2026-08-19T06:19:32.358757+00:00,2026-08-19T06:19:59.571533+00:00
31,554,Guedes,20,MID,54,0,0,0.0,0.0,0.0,0,1,0,0,0,2026-08-19T06:19:32.358757+00:00,2026-08-19T06:19:59.571533+00:00
31,555,Hodge,20,MID,44,0,0,0.0,0.0,0.0,0,1,0,0,0,2026-08-19T06:19:32.358757+00:00,2026-08-19T06:19:59.571533+00:00
31,556,Hoever,20,DEF,40,0,0,0.0,0.0,0.0,0,1,0,0,0,2026-08-19T06:19:32.358757+00:00,2026-08-19T06:19:59.571533+00:00
31,557,Hee Chan,20,MID,54,3.0212,3.1229,0.68,0.0576,0.637,0.0384,1,0,0,0,2026-08-19T06:19:32.358757+00:00,2026-08-19T06:19:59.571533+00:00
31,559,João Gomes,20,MID,49,1.766,1.6364,0.68,0.0576,0.637,0.0024,1,1,90,1,2026-08-19T06:19:32.358757+00:00,2026-08-19T06:19:59.571533+00:00
31,560,J.Otto,20,DEF,43,0,0,0.0,0.0,0.0,0,1,0,0,0,2026-08-19T06:19:32.358757+00:00,2026-08-19T06:19:59.571533+00:00
31,561,Jordão,20,MID,43,0.4764,0.9676,0.1,0.198,0.1088,0.0,1,0,0,0,2026-08-19T06:19:32.358757+00:00,2026-08-19T06:19:59.571533+00:00
31,562,Kalajdžić,20,FWD,49,0,0,0.0,0.0,0.0,0,1,0,0,0,2026-08-19T06:19:32.358757+00:00,2026-08-19T06:19:59.571533+00:00
31,563,Kilman,20,DEF,45,0.8272,1.6945,0.22,0.1404,0.2158,0.0036,1,2,90,1,2026-08-19T06:19:32.358757+00:00,2026-08-19T06:19:59.571533+00:00
31,564,King,20,GKP,39,0.168,0.7679,0.04,0.0384,0.0403,0.0,1,0,0,0,2026-08-19T06:19:32.358757+00:00,2026-08-19T06:19:59.571533+00:00
31,565,Mario Jr.,20,MID,49,2.616,2.1991,0.82,0.0324,0.7652,0.0088,1,2,90,1,2026-08-19T06:19:32.358757+00:00,2026-08-19T06:19:59.571533+00:00
31,567,Neto,20,MID,56,2.5816,2.6244,0.68,0.0576,0.637,0.0224,1,0,0,0,2026-08-19T06:19:32.358757+00:00,2026-08-19T06:19:59.571533+00:00
31,568,Podence,20,MID,53,0,0,0.0,0.0,0.0,0,1,0,0,0,2026-08-19T06:19:32.358757+00:00,2026-08-19T06:19:59.571533+00:00
31,569,José Sá,20,GKP,50,2.9676,2.0983,0.9,0.008,0.8376,0.0004,1,4,90,1,2026-08-19T06:19:32.358757+00:00,2026-08-19T06:19:59.571533+00:00
31,570,Sarabia,20,MID,47,1.6496,2.4762,0.34,0.1452,0.3278,0.016,1,6,82,1,2026-08-19T06:19:32.358757+00:00,2026-08-19T06:19:59.571533+00:00
31,571,Šarkić,20,GKP,40,0,0,0.0,0.0,0.0,0,1,0,0,0,2026-08-19T06:19:32.358757+00:00,2026-08-19T06:19:59.571533+00:00
31,572,N.Semedo,20,DEF,45,0,0,0.0,0.0,0.0,0,1,1,90,1,2026-08-19T06:19:32.358757+00:00,2026-08-19T06:19:59.571533+00:00
31,573,Toti,20,DEF,44,0.7284,1.5793,0.22,0.1404,0.2158,0.002,1,2,90,1,2026-08-19T06:19:32.358757+00:00,2026-08-19T06:19:59.571533+00:00
31,574,Boubacar Traore,20,MID,43,0.8176,1.1917,0.28,0.1584,0.2731,0.0004,1,1,7,0,2026-08-19T06:19:32.358757+00:00,2026-08-19T06:19:59.571533+00:00
31,590,Cunha,20,FWD,55,3.3168,2.7902,0.82,0.0324,0.7652,0.038,1,1,14,0,2026-08-19T06:19:32.358757+00:00,2026-08-19T06:19:59.571533+00:00
31,598,Doherty,20,DEF,43,0.8144,1.6471,0.22,0.1716,0.2183,0.0024,1,2,90,1,2026-08-19T06:19:32.358757+00:00,2026-08-19T06:19:59.571533+00:00
31,697,S.Bueno,20,DEF,45,0.736,1.4784,0.22,0.1716,0.2183,0.0016,1,1,22,0,2026-08-19T06:19:32.358757+00:00,2026-08-19T06:19:59.571533+00:00
31,698,González,20,MID,50,0.6864,1.2142,0.18,0.1804,0.1818,0.0004,1,0,0,0,2026-08-19T06:19:32.358757+00:00,2026-08-19T06:19:59.571533+00:00
31,704,Fraser,20,FWD,45,0.4432,0.897,0.1,0.198,0.1088,0.0,1,0,0,0,2026-08-19T06:19:32.358757+00:00,2026-08-19T06:19:59.571533+00:00
31,715,Bellegarde,20,MID,49,1.4988,1.7552,0.48,0.1144,0.4556,0.0028,1,0,0,0,2026-08-19T06:19:32.358757+00:00,2026-08-19T06:19:59.571533+00:00
31,749,Whittingham,20,MID,45,0.4428,0.901,0.1,0.198,0.1088,0.0,1,0,0,0,2026-08-19T06:19:32.358757+00:00,2026-08-19T06:19:59.571533+00:00
31,750,Chirewa,20,MID,44,0.4532,0.8945,0.1,0.198,0.1088,0.0,1,0,0,0,2026-08-19T06:19:32.358757+00:00,2026-08-19T06:19:59.571533+00:00
31,751,Hubner,20,DEF,40,0.4656,1.0993,0.1,0.198,0.1088,0.0012,1,0,0,0,2026-08-19T06:19:32.358757+00:00,2026-08-19T06:19:59.571533+00:00
31,769,Hesketh,20,MID,45,0,0,0.0,0.0,0.0,0,1,0,0,0,2026-08-19T06:19:32.358757+00:00,2026-08-19T06:19:59.571533+00:00
31,770,Barnett,20,MID,45,0.4776,0.9412,0.1,0.198,0.1088,0.0,1,0,0,0,2026-08-19T06:19:32.358757+00:00,2026-08-19T06:19:59.571533+00:00
31,787,Griffiths,20,MID,45,0.4688,0.9591,0.1,0.198,0.1088,0.0,1,0,0,0,2026-08-19T06:19:32.358757+00:00,2026-08-19T06:19:59.571533+00:00
31,788,Mosquera,20,DEF,40,0,0,0.0,0.0,0.0,0,1,0,0,0,2026-08-19T06:19:32.358757+00:00,2026-08-19T06:19:59.571533+00:00
31,800,N.Lemina,20,MID,50,0.7284,1.3231,0.18,0.1804,0.1818,0.0,1,0,0,0,2026-08-19T06:19:32.358757+00:00,2026-08-19T06:19:59.571533+00:00
31,832,Okoduwa,20,DEF,40,0.4764,1.1276,0.1,0.198,0.1088,0.0,1,0,0,0,2026-08-19T06:19:32.358757+00:00,2026-08-19T06:19:59.571533+00:00
31,836,Chiwome,20,FWD,45,0,0,0.0,0.0,0.0,0,1,2,75,1,2026-08-19T06:19:32.358757+00:00,2026-08-19T06:19:59.571533+00:00
31,840,Holman,20,FWD,45,0.4064,0.7989,0.1,0.198,0.1088,0.0,1,0,0,0,2026-08-19T06:19:32.358757+00:00,2026-08-19T06:19:59.571533+00:00
31,853,Ojinnaka,20,MID,45,0.4588,0.9587,0.1,0.198,0.1088,0.0004,1,,,,2026-08-19T06:19:32.358757+00:00,
