gw,player_id,web_name,team_id,position,now_cost,mu,sigma,p_start,p_sub,p_60,p_10_plus,n_fixtures,actual_points,actual_minutes,did_start,captured_at,scored_at
32,1,Balogun,1,FWD,44,0,0,0.0,0.0,0.0,0,1,0,0,0,2026-08-19T06:19:33.925255+00:00,2026-08-19T06:19:59.603066+00:00
32,2,Cédric,1,DEF,38,0.4764,1.0824,0.1,0.198,0.1088,0.0004,1,0,0,0,2026-08-19T06:19:33.925255+00:00,2026-08-19T06:19:59.603066+00:00
32,3,M.Elneny,1,MID,44,0.506,0.9859,0.1,0.198,0.1088,0.0,1,0,0,0,2026-08-19T06:19:33.925255+00:00,2026-08-19T06:19:59.603066+00:00
32,4,Fábio Vieira,1,MID,54,0.7608,1.4329,0.18,0.1804,0.1818,0.0016,1,1,1,0,2026-08-19T06:19:33.925255+00:00,2026-08-19T06:19:59.603066+00:00
32,5,Gabriel,1,DEF,53,2.8048,2.773,0.82,0.0324,0.7652,0.024,1,6,90,1,2026-08-19T06:19:33.925255+00:00,2026-08-19T06:19:59.603066+00:00
32,6,Havertz,1,MID,73,2.8544,3.1047,0.68,0.0576,0.637,0.038,1,14,88,1,2026-08-19T06:19:33.925255+00:00,2026-08-19T06:19:59.603066+00:00
32,8,G.Jesus,1,FWD,77,2.1168,2.5874,0.48,0.1456,0.458,0.016,1,5,63,1,2026-08-19T06:19:33.925255+00:00,2026-08-19T06:19:59.603066+00:00
32,9,Jorginho,1,MID,53,1.4184,1.5921,0.48,0.1144,0.4556,0.002,1,7,90,1,2026-08-19T06:19:33.925255+00:00,2026-08-19T06:19:59.603066+00:00
32,10,Kiwior,1,DEF,44,0.816,1.5982,0.22,0.1716,0.2183,0.0024,1,0,0,0,2026-08-19T06:19:33.925255+00:00,2026-08-19T06:19:59.603066+00:00
32,11,Marquinhos,1,MID,45,0,0,0.0,0.0,0.0,0,1,0,0,0,2026-08-19T06:19:33.925255+00:00,2026-08-19T06:19:59.603066+00:00
32,12,Martinelli,1,MID,76,2.9732,2.9543,0.68,0.0576,0.637,0.0356,1,1,26,0,2026-08-19T06:19:33.925255+00:00,2026-08-19T06:19:59.603066+00:00
32,13,Nketiah,1,FWD,51,1.7336,2.1899,0.48,0.1144,0.4556,0.0116,1,1,1,0,2026-08-19T06:19:33.925255+00:00,2026-08-19T06:19:59.603066+00:00
32,14,Ødegaard,1,MID,85,3.7572,2.9825,0.82,0.0324,0.7652,0.0452,1,3,88,1,2026-08-19T06:19:33.925255+00:00,2026-08-19T06:19:59.603066+00:00
32,15,Thomas,1,MID,48,0.9144,1.3226,0.28,0.1584,0.2731,0.0008,1,0,0,0,2026-08-19T06:19:33.925255+00:00,2026-08-19T06:19:59.603066+00:00
32,16,Pepe,1,MID,49,0,0,0.0,0.0,0.0,0,1,0,0,0,2026-08-19T06:19:33.925255+00:00,2026-08-19T06:19:59.603066+00:00
32,17,Ramsdale,1,GKP,45,0.1628,0.6966,0.04,0.0384,0.0403,0.0,1,0,0,0,2026-08-19T06:19:33.925255+00:00,2026-08-19T06:19:59.603066+00:00
32,18,Rúnarsson,1,GKP,40,0,0,0.0,0.0,0.0,0,1,0,0,0,2026-08-19T06:19:33.925255+00:00,2026-08-19T06:19:59.603066+00:00
32,19,Saka,1,MID,89,2.6644,3.6959,0.41,0.1062,0.3898,0.0664,1,10,63,1,2026-08-19T06:19:33.925255+00:00,2026-08-19T06:19:59.603066+00:00
32,20,Saliba,1,DEF,58,2.7404,2.3754,0.9,0.018,0.8384,0.0108,1,5,90,1,2026-08-19T06:19:33.925255+00:00,2026-08-19T06:19:59.603066+00:00
32,22,Smith Rowe,1,MID,53,0.9752,1.6009,0.28,0.1584,0.2731,0.0012,1,0,0,0,2026-08-19T06:19:33.925255+00:00,2026-08-19T06:19:59.603066+00:00
32,24,Tierney,1,DEF,44,0,0,0.0,0.0,0.0,0,1,0,0,0,2026-08-19T06:19:33.925255+00:00,2026-08-19T06:19:59.603066+00:00
32,25,Tomiyasu,1,DEF,45,0.8876,1.6954,0.22,0.1716,0.2183,0.0032,1,1,18,0,2026-08-19T06:19:33.925255+00:00,2026-08-19T06:19:59.603066+00:00
32,26,Trossard,1,MID,65,2.3536,2.9919,0.48,0.1456,0.458,0.0308,1,6,26,0,2026-08-19T06:19:33.925255+00:00,2026-08-19T06:19:59.603066+00:00
32,29,White,1,DEF,59,2.6236,2.4127,0.82,0.0324,0.7652,0.0112,1,5,90,1,2026-08-19T06:19:33.925255+00:00,2026-08-19T06:19:59.603066+00:00
32,30,Xhaka,1,MID,60,0,0,0.0,0.0,0.0,0,1,0,0,0,2026-08-19T06:19:33.925255+00:00,2026-08-19T06:19:59.603066+00:00
32,31,Zinchenko,1,DEF,50,2.6792,2.7439,0.68,0.0576,0.637,0.022,1,6,71,1,2026-08-19T06:19:33.925255+00:00,2026-08-19T06:19:59.603066+00:00
32,113,Raya,1,GKP,51,2.514,1.9684,0.9,0.008,0.8376,0.0,1,6,90,1,2026-08-19T06:19:33.925255+00:00,2026-08-19T06:19:59.603066+00:00
32,540,Rice,1,MID,55,2.772,2.0304,0.82,0.0324,0.7652,0.0092,1,3,90,1,2026-08-19T06:19:33.925255+00:00,2026-08-19T06:19:59.603066+00:00
32,578,Nelson,1,MID,48,0.6508,1.177,0.18,0.1804,0.1818,0.0008,1,0,0,0,2026-08-19T06:19:33.925255+00:00,2026-08-19T06:19:59.603066+00:00
32,585,J.Timber,1,DEF,46,0.6904,1.3949,0.18,0.1804,0.1818,0.0008,1,0,0,0,2026-08-19T06:19:33.925255+00:00,2026-08-19T06:19:59.603066+00:00
32,646,Hein,1,GKP,40,0.1508,0.6953,0.04,0.0384,0.0403,0.0,1,0,0,0,2026-08-19T06:19:33.925255+00:00,2026-08-19T06:19:59.603066+00:00
32,735,Sagoe,1,MID,45,0,0,0.0,0.0,0.0,0,1,0,0,0,2026-08-19T06:19:33.925255+00:00,2026-08-19T06:19:59.603066+00:00
32,736,Walters,1,DEF,40,0.452,1.0412,0.1,0.198,0.1088,0.0,1,0,0,0,2026-08-19T06:19:33.925255+00:00,2026-08-19T06:19:59.603066+00:00
32,737,Ibrahim,1,MID,45,0,0,0.0,0.0,0.0,0,1,0,0,0,2026-08-19T06:19:33.925255+00:00,2026-08-19T06:19:59.603066+00:00
32,764,Lewis-Skelly,1,MID,45,0.4416,0.8844,0.1,0.198,0.1088,0.0004,1,0,0,0,2026-08-19T06:19:33.925255+00:00,2026-08-19T06:19:59.603066+00:00
32,772,Nwaneri,1,MID,45,0.4848,0.964,0.1,0.198,0.1088,0.0008,1,0,0,0,2026-08-19T06:19:33.925255+00:00,2026-08-19T06:19:59.603066+00:00
32,815,Bandeira,1,MID,45,0.4816,0.9577,0.1,0.198,0.1088,0.0,1,0,0,0,2026-08-19T06:19:33.925255+00:00,2026-08-19T06:19:59.603066+00:00
32,817,Sweet,1,DEF,40,0.4852,1.1189,0.1,0.198,0.1088,0.0,1,0,0,0,2026-08-19T06:19:33.925255+00:00,2026-08-19T06:19:59.603066+00:00
32,32,Alex Moreno,2,DEF,51,1.1864,2.2505,0.24,0.1672,0.2366,0.008,1,1,1,0,2026-08-19T06:19:33.925255+00:00,2026-08-19T06:19:59.603066+00:00
32,34,Bailey,2,MID,56,3.4172,3.4575,0.68,0.0576,0.637,0.06,1,5,90,1,2026-08-19T06:19:33.925255+00:00,2026-08-19T06:19:59.603066+00:00
32,35,Buendia,2,MID,57,0,0,0.0,0.0,0.0,0,1,0,0,0,2026-08-19T06:19:33.925255+00:00,2026-08-19T06:19:59.603066+00:00
32,36,Cash,2,DEF,45,0,0,0.0,0.0,0.0,0,1,0,0,0,2026-08-19T06:19:33.925255+00:00,2026-08-19T06:19:59.603066+00:00
32,37,Chambers,2,DEF,38,0.5044,1.1843,0.1,0.198,0.1088,0.0,1,0,0,0,2026-08-19T06:19:33.925255+00:00,2026-08-19T06:19:59.603066+00:00
32,38,Coutinho,2,MID,58,0,0,0.0,0.0,0.0,0,1,0,0,0,2026-08-19T06:19:33.925255+00:00,2026-08-19T06:19:59.603066+00:00
32,39,Davis,2,FWD,49,0,0,0.0,0.0,0.0,0,1,0,0,0,2026-08-19T06:19:33.925255+00:00,2026-08-19T06:19:59.603066+00:00
32,40,Dendoncker,2,MID,49,0,0,0.0,0.0,0.0,0,1,0,0,0,2026-08-19T06:19:33.925255+00:00,2026-08-19T06:19:59.603066+00:00
32,41,Diego Carlos,2,DEF,44,0.868,1.6944,0.22,0.1716,0.2183,0.0036,1,0,90,1,2026-08-19T06:19:33.925255+00:00,2026-08-19T06:19:59.603066+00:00
32,42,Digne,2,DEF,46,2.3456,2.6049,0.68,0.0576,0.637,0.0104,1,1,90,1,2026-08-19T06:19:33.925255+00:00,2026-08-19T06:19:59.603066+00:00
32,43,Douglas Luiz,2,MID,56,3.7652,3.0679,0.82,0.0324,0.7652,0.0508,1,1,90,1,2026-08-19T06:19:33.925255+00:00,2026-08-19T06:19:59.603066+00:00
32,44,Duran,2,FWD,50,0.962,1.5796,0.28,0.1584,0.2731,0.0044,1,1,1,0,2026-08-19T06:19:33.925255+00:00,2026-08-19T06:19:59.603066+00:00
32,45,Hause,2,DEF,39,0.506,1.2094,0.1,0.198,0.1088,0.0,1,0,0,0,2026-08-19T06:19:33.925255+00:00,2026-08-19T06:19:59.603066+00:00
32,46,Iroegbunam,2,MID,44,0.5028,0.9867,0.1,0.198,0.1088,0.0,1,0,0,0,2026-08-19T06:19:33.925255+00:00,2026-08-19T06:19:59.603066+00:00
32,47,Kamara,2,MID,50,0,0,0.0,0.0,0.0,0,1,0,0,0,2026-08-19T06:19:33.925255+00:00,2026-08-19T06:19:59.603066+00:00
32,48,Konsa,2,DEF,45,0.9488,1.9796,0.22,0.1404,0.2158,0.008,1,1,90,1,2026-08-19T06:19:33.925255+00:00,2026-08-19T06:19:59.603066+00:00
32,49,Martinez,2,GKP,53,3.5868,2.3923,0.9,0.008,0.8376,0.0052,1,1,90,1,2026-08-19T06:19:33.925255+00:00,2026-08-19T06:19:59.603066+00:00
32,50,McGinn,2,MID,53,3.2396,2.7432,0.82,0.0324,0.7652,0.0292,1,5,90,1,2026-08-19T06:19:33.925255+00:00,2026-08-19T06:19:59.603066+00:00
32,51,Mings,2,DEF,41,0,0,0.0,0.0,0.0,0,1,0,0,0,2026-08-19T06:19:33.925255+00:00,2026-08-19T06:19:59.603066+00:00
32,53,Olsen,2,GKP,39,0.1644,0.7823,0.04,0.0384,0.0403,0.0,1,0,0,0,2026-08-19T06:19:33.925255+00:00,2026-08-19T06:19:59.603066+00:00
32,54,Philogene,2,MID,45,0,0,0.0,0.0,0.0,0,1,0,0,0,2026-08-19T06:19:33.925255+00:00,2026-08-19T06:19:59.603066+00:00
32,55,J.Ramsey,2,MID,59,0,0,0.0,0.0,0.0,0,1,0,0,0,2026-08-19T06:19:33.925255+00:00,2026-08-19T06:19:59.603066+00:00
32,56,Sanson,2,MID,45,0,0,0.0,0.0,0.0,0,1,0,0,0,2026-08-19T06:19:33.925255+00:00,2026-08-19T06:19:59.603066+00:00
32,57,Sinisalo,2,GKP,40,0,0,0.0,0.0,0.0,0,1,0,0,0,2026-08-19T06:19:33.925255+00:00,2026-08-19T06:19:59.603066+00:00
32,58,Tielemans,2,MID,56,0,0,0.0,0.0,0.0,0,1,6,90,1,2026-08-19T06:19:33.925255+00:00,2026-08-19T06:19:59.603066+00:00
32,59,Bertrand Traoré,2,MID,50,0,0,0.0,0.0,0.0,0,1,0,0,0,2026-08-19T06:19:33.925255+00:00,2026-08-19T06:19:59.603066+00:00
32,60,Watkins,2,FWD,88,4.4644,3.5701,0.82,0.0324,0.7652,0.0984,1,13,90,1,2026-08-19T06:19:33.925255+00:00,2026-08-19T06:19:59.603066+00:00
32,61,Wesley,2,FWD,50,0,0,0.0,0.0,0.0,0,1,0,0,0,2026-08-19T06:19:33.925255+00:00,2026-08-19T06:19:59.603066+00:00
32,584,Pau,2,DEF,46,2.4256,2.5215,0.68,0.0576,0.637,0.0088,1,1,90,1,2026-08-19T06:19:33.925255+00:00,2026-08-19T06:19:59.603066+00:00
32,599,Diaby,2,MID,63,3.3704,3.3362,0.68,0.0576,0.637,0.0572,1,1,1,0,2026-08-19T06:19:33.925255+00:00,2026-08-19T06:19:59.603066+00:00
32,618,Kellyman,2,MID,45,0.4916,1.0361,0.1,0.198,0.1088,0.0012,1,0,0,0,2026-08-19T06:19:33.925255+00:00,2026-08-19T06:19:59.603066+00:00
32,670,Marschall,2,GKP,40,0,0,0.0,0.0,0.0,0,1,0,0,0,2026-08-19T06:19:33.925255+00:00,2026-08-19T06:19:59.603066+00:00
32,672,Zaniolo,2,MID,54,0,0,0.0,0.0,0.0,0,1,1,21,0,2026-08-19T06:19:33.925255+00:00,2026-08-19T06:19:59.603066+00:00
32,686,Zych,2,GKP,40,0,0,0.0,0.0,0.0,0,1,0,0,0,2026-08-19T06:19:33.925255+00:00,2026-08-19T06:19:59.603066+00:00
32,699,Lenglet,2,DEF,45,0.9496,1.9112,0.22,0.1716,0.2183,0.0072,1,0,0,0,2026-08-19T06:19:33.925255+00:00,2026-08-19T06:19:59.603066+00:00
32,765,Proctor,2,GKP,40,0.1832,0.8072,0.04,0.0384,0.0403,0.0,1,0,0,0,2026-08-19T06:19:33.925255+00:00,2026-08-19T06:19:59.603066+00:00
32,767,O'Reilly,2,MID,45,0,0,0.0,0.0,0.0,0,1,0,0,0,2026-08-19T06:19:33.925255+00:00,2026-08-19T06:19:59.603066+00:00
32,778,Wright,2,GKP,40,0.1996,0.9043,0.04,0.0384,0.0403,0.0,1,0,0,0,2026-08-19T06:19:33.925255+00:00,2026-08-19T06:19:59.603066+00:00
32,793,Kesler-Hayden,2,DEF,40,0.528,1.2795,0.1,0.198,0.1088,0.0012,1,0,0,0,2026-08-19T06:19:33.925255+00:00,2026-08-19T06:19:59.603066+00:00
32,803,Rogers,2,MID,50,0,0,0.0,0.0,0.0,0,1,7,68,1,2026-08-19T06:19:33.925255+00:00,2026-08-19T06:19:59.603066+00:00
32,818,Gauci,2,GKP,39,0.1548,0.7573,0.04,0.0384,0.0403,0.0,1,0,0,0,2026-08-19T06:19:33.925255+00:00,2026-08-19T06:19:59.603066+00:00
32,854,Munroe,2,DEF,40,0.5296,1.2484,0.1,0.198,0.1088,0.0004,1,,,,2026-08-19T06:19:33.925255+00:00,
32,865,Young,2,MID,45,0.5356,1.0912,0.1,0.198,0.1088,0.0004,1,,,,2026-08-19T06:19:33.925255+00:00,
32,866,Emery,2,GKP,40,0.1736,0.7968,0.04,0.0384,0.0403,0.0,1,,,,2026-08-19T06:19:33.925255+00:00,
32,62,Anthony,3,MID,49,0,0,0.0,0.0,0.0,0,1,0,0,0,2026-08-19T06:19:33.925255+00:00,2026-08-19T06:19:59.603066+00:00
32,63,Billing,3,MID,51,1.6664,2.1162,0.48,0.1144,0.4556,0.0076,1,1,22,0,2026-08-19T06:19:33.925255+00:00,2026-08-19T06:19:59.603066+00:00
32,64,Brooks,3,MID,47,0,0,0.0,0.0,0.0,0,1,0,0,0,2026-08-19T06:19:33.925255+00:00,2026-08-19T06:19:59.603066+00:00
32,65,Christie,3,MID,50,2.5812,1.9302,0.82,0.0324,0.7652,0.008,1,2,90,1,2026-08-19T06:19:33.925255+00:00,2026-08-19T06:19:59.603066+00:00
32,66,L.Cook,3,MID,50,2.204,1.49,0.82,0.0324,0.7652,0.0008,1,2,86,1,2026-08-19T06:19:33.925255+00:00,2026-08-19T06:19:59.603066+00:00
32,67,Siriki,3,MID,45,0,0,0.0,0.0,0.0,0,1,0,0,0,2026-08-19T06:19:33.925255+00:00,2026-08-19T06:19:59.603066+00:00
32,68,Fredericks,3,DEF,43,0,0,0.0,0.0,0.0,0,1,0,0,0,2026-08-19T06:19:33.925255+00:00,2026-08-19T06:19:59.603066+00:00
32,69,Hill,3,DEF,40,0.4952,1.1147,0.1,0.198,0.1088,0.0,1,0,0,0,2026-08-19T06:19:33.925255+00:00,2026-08-19T06:19:59.603066+00:00
32,70,Kelly,3,DEF,45,0.8632,1.6793,0.22,0.1716,0.2183,0.0016,1,1,90,1,2026-08-19T06:19:33.925255+00:00,2026-08-19T06:19:59.603066+00:00
32,71,Kilkenny,3,MID,43,0,0,0.0,0.0,0.0,0,1,0,0,0,2026-08-19T06:19:33.925255+00:00,2026-08-19T06:19:59.603066+00:00
32,72,Kluivert,3,MID,46,2.2004,2.3146,0.68,0.0704,0.638,0.0132,1,6,67,1,2026-08-19T06:19:33.925255+00:00,2026-08-19T06:19:59.603066+00:00
32,73,Lowe,3,MID,49,0,0,0.0,0.0,0.0,0,1,0,0,0,2026-08-19T06:19:33.925255+00:00,2026-08-19T06:19:59.603066+00:00
32,74,Marcondes,3,MID,43,0,0,0.0,0.0,0.0,0,1,0,0,0,2026-08-19T06:19:33.925255+00:00,2026-08-19T06:19:59.603066+00:00
32,75,Mepham,3,DEF,43,0.4548,1.0739,0.11,0.1958,0.118,0.0008,1,0,0,0,2026-08-19T06:19:33.925255+00:00,2026-08-19T06:19:59.603066+00:00
32,76,Moore,3,FWD,46,0,0,0.0,0.0,0.0,0,1,0,0,0,2026-08-19T06:19:33.925255+00:00,2026-08-19T06:19:59.603066+00:00
32,77,Neto,3,GKP,47,3.3376,2.208,0.9,0.008,0.8376,0.0032,1,4,90,1,2026-08-19T06:19:33.925255+00:00,2026-08-19T06:19:59.603066+00:00
32,78,O.Dango,3,MID,47,1.044,1.7051,0.28,0.1584,0.2731,0.0024,1,1,31,0,2026-08-19T06:19:33.925255+00:00,2026-08-19T06:19:59.603066+00:00
32,79,Pearson,3,MID,45,0,0,0.0,0.0,0.0,0,1,0,0,0,2026-08-19T06:19:33.925255+00:00,2026-08-19T06:19:59.603066+00:00
32,80,Randolph,3,GKP,40,0.1616,0.7412,0.04,0.0384,0.0403,0.0,1,0,0,0,2026-08-19T06:19:33.925255+00:00,2026-08-19T06:19:59.603066+00:00
32,81,Rothwell,3,MID,48,0,0,0.0,0.0,0.0,0,1,0,0,0,2026-08-19T06:19:33.925255+00:00,2026-08-19T06:19:59.603066+00:00
32,82,Semenyo,3,FWD,45,2.2564,2.1773,0.68,0.0576,0.637,0.01,1,2,68,1,2026-08-19T06:19:33.925255+00:00,2026-08-19T06:19:59.603066+00:00
32,83,Senesi,3,DEF,44,0.8192,1.8192,0.22,0.1404,0.2158,0.0072,1,1,4,0,2026-08-19T06:19:33.925255+00:00,2026-08-19T06:19:59.603066+00:00
32,84,Smith,3,DEF,44,0.7668,1.5532,0.22,0.1404,0.2158,0.0008,1,1,90,1,2026-08-19T06:19:33.925255+00:00,2026-08-19T06:19:59.603066+00:00
32,85,Solanke,3,FWD,73,3.9188,3.244,0.82,0.0324,0.7652,0.0744,1,2,90,1,2026-08-19T06:19:33.925255+00:00,2026-08-19T06:19:59.603066+00:00
32,86,Tavernier,3,MID,52,2.5436,2.4887,0.68,0.0576,0.637,0.018,1,6,58,1,2026-08-19T06:19:33.925255+00:00,2026-08-19T06:19:59.603066+00:00
32,87,Hamed Traorè,3,MID,47,0,0,0.0,0.0,0.0,0,1,0,0,0,2026-08-19T06:19:33.925255+00:00,2026-08-19T06:19:59.603066+00:00
32,88,Travers,3,GKP,40,0.1788,0.8212,0.04,0.0384,0.0403,0.0,1,0,0,0,2026-08-19T06:19:33.925255+00:00,2026-08-19T06:19:59.603066+00:00
32,89,Zabarnyi,3,DEF,45,0.6792,1.4007,0.22,0.1404,0.2158,0.0008,1,1,90,1,2026-08-19T06:19:33.925255+00:00,2026-08-19T06:19:59.603066+00:00
32,595,Kerkez,3,DEF,44,0.7644,1.5744,0.22,0.1404,0.2158,0.0016,1,2,85,1,2026-08-19T06:19:33.925255+00:00,2026-08-19T06:19:59.603066+00:00
32,607,Radu,3,GKP,43,0.1732,0.8096,0.04,0.0384,0.0403,0.0,1,0,0,0,2026-08-19T06:19:33.925255+00:00,2026-08-19T06:19:59.603066+00:00
32,619,Greenwood,3,DEF,40,0,0,0.0,0.0,0.0,0,1,0,0,0,2026-08-19T06:19:33.925255+00:00,2026-08-19T06:19:59.603066+00:00
32,643,Aarons,3,DEF,44,0.7584,1.4453,0.22,0.1716,0.2183,0.0004,1,0,0,0,2026-08-19T06:19:33.925255+00:00,2026-08-19T06:19:59.603066+00:00
32,644,Scott,3,MID,49,1.4896,1.7695,0.48,0.1144,0.4556,0.004,1,1,3,0,2026-08-19T06:19:33.925255+00:00,2026-08-19T06:19:59.603066+00:00
32,673,Adams,3,MID,49,0.6756,1.1674,0.18,0.1804,0.1818,0.0004,1,0,0,0,2026-08-19T06:19:33.925255+00:00,2026-08-19T06:19:59.603066+00:00
32,705,Sinisterra,3,MID,55,0,0,0.0,0.0,0.0,0,1,0,0,0,2026-08-19T06:19:33.925255+00:00,2026-08-19T06:19:59.603066+00:00
32,799,Faivre,3,MID,50,0.692,1.2741,0.18,0.1804,0.1818,0.0016,1,0,0,0,2026-08-19T06:19:33.925255+00:00,2026-08-19T06:19:59.603066+00:00
32,802,Kinsey,3,DEF,40,0.4608,1.1028,0.1,0.198,0.1088,0.0,1,0,0,0,2026-08-19T06:19:33.925255+00:00,2026-08-19T06:19:59.603066+00:00
32,804,Enes Ünal,3,FWD,50,0.6712,1.222,0.18,0.1804,0.1818,0.0008,1,1,21,0,2026-08-19T06:19:33.925255+00:00,2026-08-19T06:19:59.603066+00:00
32,811,Sadi,3,MID,45,0.4672,0.9128,0.1,0.198,0.1088,0.0004,1,0,0,0,2026-08-19T06:19:33.925255+00:00,2026-08-19T06:19:59.603066+00:00
32,849,Dacosta Gonzalez,3,MID,45,0.4812,0.9297,0.1,0.198,0.1088,0.0004,1,,,,2026-08-19T06:19:33.925255+00:00,
32,855,McKenna,3,GKP,40,0.1936,0.8402,0.04,0.0384,0.0403,0.0,1,,,,2026-08-19T06:19:33.925255+00:00,
32,90,Ajer,4,DEF,44,0.9244,1.8862,0.22,0.1716,0.2183,0.0064,1,1,90,1,2026-08-19T06:19:33.925255+00:00,2026-08-19T06:19:59.603066+00:00
32,91,Balcombe,4,GKP,39,0.1484,0.7004,0.04,0.0384,0.0403,0.0,1,0,0,0,2026-08-19T06:19:33.925255+00:00,2026-08-19T06:19:59.603066+00:00
32,92,Baptiste,4,MID,43,0.486,1.0275,0.1,0.198,0.1088,0.0,1,0,0,0,2026-08-19T06:19:33.925255+00:00,2026-08-19T06:19:59.603066+00:00
32,93,Bech,4,DEF,40,0,0,0.0,0.0,0.0,0,1,0,0,0,2026-08-19T06:19:33.925255+00:00,2026-08-19T06:19:59.603066+00:00
32,94,Bidstrup,4,MID,45,0,0,0.0,0.0,0.0,0,1,0,0,0,2026-08-19T06:19:33.925255+00:00,2026-08-19T06:19:59.603066+00:00
32,95,Canós,4,MID,50,0,0,0.0,0.0,0.0,0,1,0,0,0,2026-08-19T06:19:33.925255+00:00,2026-08-19T06:19:59.603066+00:00
32,96,Collins,4,DEF,45,0.5236,1.3433,0.11,0.1602,0.1151,0.002,1,1,90,1,2026-08-19T06:19:33.925255+00:00,2026-08-19T06:19:59.603066+00:00
32,97,Cox,4,GKP,40,0,0,0.0,0.0,0.0,0,1,0,0,0,2026-08-19T06:19:33.925255+00:00,2026-08-19T06:19:59.603066+00:00
32,98,Damsgaard,4,MID,48,0.9028,1.3516,0.28,0.1584,0.2731,0.0008,1,4,80,1,2026-08-19T06:19:33.925255+00:00,2026-08-19T06:19:59.603066+00:00
32,99,Dasilva,4,MID,47,0,0,0.0,0.0,0.0,0,1,0,0,0,2026-08-19T06:19:33.925255+00:00,2026-08-19T06:19:59.603066+00:00
32,100,Dervişoğlu,4,FWD,45,0,0,0.0,0.0,0.0,0,1,0,0,0,2026-08-19T06:19:33.925255+00:00,2026-08-19T06:19:59.603066+00:00
32,101,Flekken,4,GKP,46,3.1384,2.1873,0.9,0.008,0.8376,0.002,1,1,90,1,2026-08-19T06:19:33.925255+00:00,2026-08-19T06:19:59.603066+00:00
32,102,Goode,4,DEF,39,0,0,0.0,0.0,0.0,0,1,0,0,0,2026-08-19T06:19:33.925255+00:00,2026-08-19T06:19:59.603066+00:00
32,103,Henry,4,DEF,43,0,0,0.0,0.0,0.0,0,1,0,0,0,2026-08-19T06:19:33.925255+00:00,2026-08-19T06:19:59.603066+00:00
32,104,Hickey,4,DEF,43,0,0,0.0,0.0,0.0,0,1,0,0,0,2026-08-19T06:19:33.925255+00:00,2026-08-19T06:19:59.603066+00:00
32,105,Janelt,4,MID,53,2.1424,1.6695,0.82,0.0324,0.7652,0.0032,1,2,90,1,2026-08-19T06:19:33.925255+00:00,2026-08-19T06:19:59.603066+00:00
32,106,Jensen,4,MID,53,2.3196,2.0863,0.68,0.0576,0.637,0.0068,1,2,85,1,2026-08-19T06:19:33.925255+00:00,2026-08-19T06:19:59.603066+00:00
32,107,Lewis-Potter,4,MID,47,1.8272,2.3655,0.48,0.1144,0.4556,0.0124,1,1,14,0,2026-08-19T06:19:33.925255+00:00,2026-08-19T06:19:59.603066+00:00
32,108,Mbeumo,4,MID,67,2.8604,3.5194,0.48,0.1456,0.458,0.0584,1,7,85,1,2026-08-19T06:19:33.925255+00:00,2026-08-19T06:19:59.603066+00:00
32,109,Mee,4,DEF,48,0,0,0.0,0.0,0.0,0,1,0,0,0,2026-08-19T06:19:33.925255+00:00,2026-08-19T06:19:59.603066+00:00
32,110,Nørgaard,4,MID,52,2.3464,2.0592,0.82,0.0324,0.7652,0.01,1,0,0,0,2026-08-19T06:19:33.925255+00:00,2026-08-19T06:19:59.603066+00:00
32,111,Onyeka,4,MID,49,0.8044,1.4293,0.24,0.1672,0.2366,0.0028,1,1,4,0,2026-08-19T06:19:33.925255+00:00,2026-08-19T06:19:59.603066+00:00
32,112,Pinnock,4,DEF,45,0.9164,1.8244,0.22,0.1404,0.2158,0.0044,1,0,0,0,2026-08-19T06:19:33.925255+00:00,2026-08-19T06:19:59.603066+00:00
32,114,Roerslev,4,DEF,44,0.8016,1.6283,0.22,0.1404,0.2158,0.0024,1,1,90,1,2026-08-19T06:19:33.925255+00:00,2026-08-19T06:19:59.603066+00:00
32,115,Schade,4,MID,52,0.994,1.5724,0.28,0.1584,0.2731,0.0024,1,0,0,0,2026-08-19T06:19:33.925255+00:00,2026-08-19T06:19:59.603066+00:00
32,116,Strakosha,4,GKP,39,0.1472,0.7355,0.04,0.0384,0.0403,0.0004,1,0,0,0,2026-08-19T06:19:33.925255+00:00,2026-08-19T06:19:59.603066+00:00
32,117,Toney,4,FWD,81,1.8624,2.3705,0.48,0.1456,0.458,0.016,1,1,9,0,2026-08-19T06:19:33.925255+00:00,2026-08-19T06:19:59.603066+00:00
32,118,Trevitt,4,MID,45,0,0,0.0,0.0,0.0,0,1,0,0,0,2026-08-19T06:19:33.925255+00:00,2026-08-19T06:19:59.603066+00:00
32,119,Wissa,4,FWD,57,3.0232,2.5715,0.82,0.0324,0.7652,0.03,1,5,80,1,2026-08-19T06:19:33.925255+00:00,2026-08-19T06:19:59.603066+00:00
32,120,Yarmoliuk,4,MID,43,0.8584,1.3239,0.28,0.1584,0.2731,0.0004,1,1,9,0,2026-08-19T06:19:33.925255+00:00,2026-08-19T06:19:59.603066+00:00
32,121,Zanka,4,DEF,43,0.6564,1.3652,0.22,0.1716,0.2183,0.0008,1,7,90,1,2026-08-19T06:19:33.925255+00:00,2026-08-19T06:19:59.603066+00:00
32,258,Maupay,4,FWD,49,1.7364,2.2357,0.48,0.1144,0.4556,0.01,1,1,4,0,2026-08-19T06:19:33.925255+00:00,2026-08-19T06:19:59.603066+00:00
32,508,Reguilón,4,DEF,44,0.8492,1.7117,0.22,0.1716,0.2183,0.0032,1,9,75,1,2026-08-19T06:19:33.925255+00:00,2026-08-19T06:19:59.603066+00:00
32,620,Olakigbe,4,MID,45,0,0,0.0,0.0,0.0,0,1,0,0,0,2026-08-19T06:19:33.925255+00:00,2026-08-19T06:19:59.603066+00:00
32,684,Brierley,4,MID,45,0.4528,0.9192,0.1,0.198,0.1088,0.0,1,0,0,0,2026-08-19T06:19:33.925255+00:00,2026-08-19T06:19:59.603066+00:00
32,701,Ghoddos,4,MID,45,0.7696,1.2134,0.28,0.1584,0.2731,0.0004,1,0,0,0,2026-08-19T06:19:33.925255+00:00,2026-08-19T06:19:59.603066+00:00
32,725,Kim Ji-Soo,4,DEF,40,0.4788,1.134,0.1,0.198,0.1088,0.0008,1,0,0,0,2026-08-19T06:19:33.925255+00:00,2026-08-19T06:19:59.603066+00:00
32,733,Adedokun,4,DEF,40,0.4868,1.1402,0.1,0.198,0.1088,0.0004,1,0,0,0,2026-08-19T06:19:33.925255+00:00,2026-08-19T06:19:59.603066+00:00
32,744,Peart-Harris,4,MID,45,0,0,0.0,0.0,0.0,0,1,0,0,0,2026-08-19T06:19:33.925255+00:00,2026-08-19T06:19:59.603066+00:00
32,752,Angelini,4,GKP,40,0.1712,0.7582,0.04,0.0384,0.0403,0.0,1,0,0,0,2026-08-19T06:19:33.925255+00:00,2026-08-19T06:19:59.603066+00:00
32,789,Valdimarsson,4,GKP,40,0.1444,0.6915,0.04,0.0384,0.0403,0.0,1,0,0,0,2026-08-19T06:19:33.925255+00:00,2026-08-19T06:19:59.603066+00:00
32,797,Fredrick,4,DEF,40,0.444,1.1251,0.1,0.198,0.1088,0.0016,1,0,0,0,2026-08-19T06:19:33.925255+00:00,2026-08-19T06:19:59.603066+00:00
32,834,Arthur,4,DEF,40,0.48,1.0872,0.1,0.198,0.1088,0.0,1,0,0,0,2026-08-19T06:19:33.925255+00:00,2026-08-19T06:19:59.603066+00:00
32,864,Konak,4,MID,45,0.4696,0.9469,0.1,0.198,0.1088,0.0008,1,,,,2026-08-19T06:19:33.925255+00:00,
32,122,Adingra,5,MID,50,2.684,2.6159,0.68,0.0576,0.637,0.0236,1,2,90,1,2026-08-19T06:19:33.925255+00:00,2026-08-19T06:19:59.603066+00:00
32,123,Alzate,5,MID,44,0,0,0.0,0.0,0.0,0,1,0,0,0,2026-08-19T06:19:33.925255+00:00,2026-08-19T06:19:59.603066+00:00
32,124,Ayari,5,MID,45,0,0,0.0,0.0,0.0,0,1,0,0,0,2026-08-19T06:19:33.925255+00:00,2026-08-19T06:19:59.603066+00:00
32,125,Buonanotte,5,MID,47,1.5148,1.989,0.48,0.1144,0.4556,0.0064,1,1,27,0,2026-08-19T06:19:33.925255+00:00,2026-08-19T06:19:59.603066+00:00
32,127,Connolly,5,FWD,45,0,0,0.0,0.0,0.0,0,1,0,0,0,2026-08-19T06:19:33.925255+00:00,2026-08-19T06:19:59.603066+00:00
32,128,Dahoud,5,MID,48,0,0,0.0,0.0,0.0,0,1,0,0,0,2026-08-19T06:19:33.925255+00:00,2026-08-19T06:19:59.603066+00:00
32,129,Dunk,5,DEF,52,0,0,0.0,0.0,0.0,0,1,1,90,1,2026-08-19T06:19:33.925255+00:00,2026-08-19T06:19:59.603066+00:00
32,130,Enciso,5,MID,50,0.7632,1.4196,0.18,0.1804,0.1818,0.002,1,2,62,1,2026-08-19T06:19:33.925255+00:00,2026-08-19T06:19:59.603066+00:00
32,131,Estupiñan,5,DEF,49,0,0,0.0,0.0,0.0,0,1,1,90,1,2026-08-19T06:19:33.925255+00:00,2026-08-19T06:19:59.603066+00:00
32,132,Ferguson,5,FWD,57,0,0,0.0,0.0,0.0,0,1,0,0,0,2026-08-19T06:19:33.925255+00:00,2026-08-19T06:19:59.603066+00:00
32,133,Gilmour,5,MID,48,1.9892,1.8506,0.68,0.0576,0.637,0.002,1,0,0,0,2026-08-19T06:19:33.925255+00:00,2026-08-19T06:19:59.603066+00:00
32,134,Gross,5,MID,63,4.1476,3.2419,0.82,0.0324,0.7652,0.0664,1,2,90,1,2026-08-19T06:19:33.925255+00:00,2026-08-19T06:19:59.603066+00:00
32,135,João Pedro,5,FWD,52,3.6236,3.471,0.68,0.0704,0.638,0.0728,1,1,27,0,2026-08-19T06:19:33.925255+00:00,2026-08-19T06:19:59.603066+00:00
32,136,Karbownik,5,DEF,40,0,0,0.0,0.0,0.0,0,1,0,0,0,2026-08-19T06:19:33.925255+00:00,2026-08-19T06:19:59.603066+00:00
32,137,Kozłowski,5,MID,45,0,0,0.0,0.0,0.0,0,1,0,0,0,2026-08-19T06:19:33.925255+00:00,2026-08-19T06:19:59.603066+00:00
32,138,Lallana,5,MID,49,1.4404,1.7499,0.48,0.1144,0.4556,0.002,1,0,0,0,2026-08-19T06:19:33.925255+00:00,2026-08-19T06:19:59.603066+00:00
32,139,Lamptey,5,DEF,39,0.7972,1.6293,0.22,0.1716,0.2183,0.0024,1,1,90,1,2026-08-19T06:19:33.925255+00:00,2026-08-19T06:19:59.603066+00:00
32,140,March,5,MID,61,0,0,0.0,0.0,0.0,0,1,0,0,0,2026-08-19T06:19:33.925255+00:00,2026-08-19T06:19:59.603066+00:00
32,141,McGill,5,GKP,39,0.2132,0.9538,0.04,0.0384,0.0403,0.0,1,0,0,0,2026-08-19T06:19:33.925255+00:00,2026-08-19T06:19:59.603066+00:00
32,142,Milner,5,MID,48,0,0,0.0,0.0,0.0,0,1,0,0,0,2026-08-19T06:19:33.925255+00:00,2026-08-19T06:19:59.603066+00:00
32,143,Mitoma,5,MID,64,0,0,0.0,0.0,0.0,0,1,0,0,0,2026-08-19T06:19:33.925255+00:00,2026-08-19T06:19:59.603066+00:00
32,144,Moder,5,MID,44,0.9368,1.4145,0.28,0.1584,0.2731,0.0012,1,2,62,1,2026-08-19T06:19:33.925255+00:00,2026-08-19T06:19:59.603066+00:00
32,146,Sarmiento,5,MID,45,0,0,0.0,0.0,0.0,0,1,0,0,0,2026-08-19T06:19:33.925255+00:00,2026-08-19T06:19:59.603066+00:00
32,147,Scherpen,5,GKP,40,0,0,0.0,0.0,0.0,0,1,0,0,0,2026-08-19T06:19:33.925255+00:00,2026-08-19T06:19:59.603066+00:00
32,148,Steele,5,GKP,41,3.43,2.3117,0.9,0.004,0.8373,0.0012,1,0,0,0,2026-08-19T06:19:33.925255+00:00,2026-08-19T06:19:59.603066+00:00
32,149,Undav,5,FWD,55,0,0,0.0,0.0,0.0,0,1,0,0,0,2026-08-19T06:19:33.925255+00:00,2026-08-19T06:19:59.603066+00:00
32,150,Van Hecke,5,DEF,41,0,0,0.0,0.0,0.0,0,1,1,90,1,2026-08-19T06:19:33.925255+00:00,2026-08-19T06:19:59.603066+00:00
32,151,Veltman,5,DEF,43,0,0,0.0,0.0,0.0,0,1,0,0,0,2026-08-19T06:19:33.925255+00:00,2026-08-19T06:19:59.603066+00:00
32,152,Verbruggen,5,GKP,44,0.19,0.8835,0.04,0.0384,0.0403,0.0004,1,2,90,1,2026-08-19T06:19:33.925255+00:00,2026-08-19T06:19:59.603066+00:00
32,153,Webster,5,DEF,42,0.8812,1.7011,0.22,0.1716,0.2183,0.0024,1,0,0,0,2026-08-19T06:19:33.925255+00:00,2026-08-19T06:19:59.603066+00:00
32,154,Welbeck,5,FWD,57,1.8864,2.3426,0.48,0.1456,0.458,0.0152,1,2,75,1,2026-08-19T06:19:33.925255+00:00,2026-08-19T06:19:59.603066+00:00
32,155,Zeqiri,5,FWD,44,0,0,0.0,0.0,0.0,0,1,0,0,0,2026-08-19T06:19:33.925255+00:00,2026-08-19T06:19:59.603066+00:00
32,606,Igor,5,DEF,43,0.7924,1.603,0.22,0.1716,0.2183,0.0024,1,0,0,0,2026-08-19T06:19:33.925255+00:00,2026-08-19T06:19:59.603066+00:00
32,621,Hinshelwood,5,MID,45,0,0,0.0,0.0,0.0,0,1,0,0,0,2026-08-19T06:19:33.925255+00:00,2026-08-19T06:19:59.603066+00:00
32,690,Baleba,5,MID,45,1.2228,1.4696,0.48,0.1144,0.4556,0.0004,1,1,90,1,2026-08-19T06:19:33.925255+00:00,2026-08-19T06:19:59.603066+00:00
32,700,Ansu Fati,5,MID,64,1.3936,2.3411,0.28,0.2016,0.2765,0.0144,1,1,14,0,2026-08-19T06:19:33.925255+00:00,2026-08-19T06:19:59.603066+00:00
32,741,O’Mahony,5,FWD,45,0.4844,1.0035,0.1,0.198,0.1088,0.0004,1,0,0,0,2026-08-19T06:19:33.925255+00:00,2026-08-19T06:19:59.603066+00:00
32,742,Baker-Boaitey,5,MID,45,0.4796,0.9589,0.1,0.198,0.1088,0.0,1,0,0,0,2026-08-19T06:19:33.925255+00:00,2026-08-19T06:19:59.603066+00:00
32,746,Jackson,5,DEF,40,0.4972,1.2265,0.1,0.198,0.1088,0.0004,1,0,0,0,2026-08-19T06:19:33.925255+00:00,2026-08-19T06:19:59.603066+00:00
32,747,Duffus,5,MID,44,0.5088,1.0036,0.1,0.198,0.1088,0.0004,1,0,0,0,2026-08-19T06:19:33.925255+00:00,2026-08-19T06:19:59.603066+00:00
32,753,Kavanagh,5,DEF,40,0.5008,1.2404,0.1,0.198,0.1088,0.0016,1,0,0,0,2026-08-19T06:19:33.925255+00:00,2026-08-19T06:19:59.603066+00:00
32,755,Barrington,5,MID,45,0.496,0.9907,0.1,0.198,0.1088,0.0,1,0,0,0,2026-08-19T06:19:33.925255+00:00,2026-08-19T06:19:59.603066+00:00
32,786,Peupion,5,MID,45,0.4972,1.008,0.1,0.198,0.1088,0.0,1,0,0,0,2026-08-19T06:19:33.925255+00:00,2026-08-19T06:19:59.603066+00:00
32,816,Barco,5,DEF,40,0.5044,1.2007,0.1,0.198,0.1088,0.0004,1,0,0,0,2026-08-19T06:19:33.925255+00:00,2026-08-19T06:19:59.603066+00:00
32,843,Chouchane,5,MID,45,0.4592,0.9637,0.1,0.198,0.1088,0.0,1,0,0,0,2026-08-19T06:19:33.925255+00:00,2026-08-19T06:19:59.603066+00:00
32,845,Offiah,5,DEF,40,0.4824,1.2026,0.1,0.198,0.1088,0.0008,1,0,0,0,2026-08-19T06:19:33.925255+00:00,2026-08-19T06:19:59.603066+00:00
32,861,Atom,5,DEF,40,0.5184,1.2541,0.1,0.198,0.1088,0.0008,1,,,,2026-08-19T06:19:33.925255+00:00,
32,156,Agyei,6,MID,42,0.4464,0.8928,0.1,0.198,0.1088,0.0,1,0,0,0,2026-08-19T06:19:33.925255+00:00,2026-08-19T06:19:59.603066+00:00
32,157,Al-Dakhil,6,DEF,38,0,0,0.0,0.0,0.0,0,1,0,0,0,2026-08-19T06:19:33.925255+00:00,2026-08-19T06:19:59.603066+00:00
32,158,Bastien,6,MID,49,0,0,0.0,0.0,0.0,0,1,0,0,0,2026-08-19T06:19:33.925255+00:00,2026-08-19T06:19:59.603066+00:00
32,159,Benson,6,MID,52,0.7216,1.3212,0.18,0.1804,0.1818,0.0008,1,0,0,0,2026-08-19T06:19:33.925255+00:00,2026-08-19T06:19:59.603066+00:00
32,160,Beyer,6,DEF,39,0,0,0.0,0.0,0.0,0,1,0,0,0,2026-08-19T06:19:33.925255+00:00,2026-08-19T06:19:59.603066+00:00
32,161,Brownhill,6,MID,47,2.2104,1.6798,0.82,0.0324,0.7652,0.004,1,1,21,0,2026-08-19T06:19:33.925255+00:00,2026-08-19T06:19:59.603066+00:00
32,162,Churlinov,6,MID,44,0,0,0.0,0.0,0.0,0,1,0,0,0,2026-08-19T06:19:33.925255+00:00,2026-08-19T06:19:59.603066+00:00
32,163,Cork,6,MID,48,0.6752,1.1852,0.18,0.1804,0.1818,0.0008,1,0,0,0,2026-08-19T06:19:33.925255+00:00,2026-08-19T06:19:59.603066+00:00
32,164,Costelloe,6,MID,45,0,0,0.0,0.0,0.0,0,1,0,0,0,2026-08-19T06:19:33.925255+00:00,2026-08-19T06:19:59.603066+00:00
32,165,Cullen,6,MID,50,1.7432,1.564,0.68,0.0704,0.638,0.0004,1,2,90,1,2026-08-19T06:19:33.925255+00:00,2026-08-19T06:19:59.603066+00:00
32,166,Egan-Riley,6,DEF,39,0,0,0.0,0.0,0.0,0,1,0,0,0,2026-08-19T06:19:33.925255+00:00,2026-08-19T06:19:59.603066+00:00
32,167,Ekdal,6,DEF,39,0.694,1.4078,0.22,0.1716,0.2183,0.0012,1,0,0,0,2026-08-19T06:19:33.925255+00:00,2026-08-19T06:19:59.603066+00:00
32,168,Foster,6,FWD,47,1.5328,1.8341,0.48,0.1144,0.4556,0.0044,1,2,90,1,2026-08-19T06:19:33.925255+00:00,2026-08-19T06:19:59.603066+00:00
32,169,Franchi,6,GKP,39,0,0,0.0,0.0,0.0,0,1,0,0,0,2026-08-19T06:19:33.925255+00:00,2026-08-19T06:19:59.603066+00:00
32,170,Gudmundsson,6,MID,48,1.454,1.7762,0.48,0.1144,0.4556,0.004,1,1,6,0,2026-08-19T06:19:33.925255+00:00,2026-08-19T06:19:59.603066+00:00
32,171,McNally,6,DEF,40,0,0,0.0,0.0,0.0,0,1,0,0,0,2026-08-19T06:19:33.925255+00:00,2026-08-19T06:19:59.603066+00:00
32,172,Muric,6,GKP,43,0.2012,0.8801,0.04,0.0384,0.0403,0.0,1,2,90,1,2026-08-19T06:19:33.925255+00:00,2026-08-19T06:19:59.603066+00:00
32,173,O'Shea,6,DEF,44,0.6976,1.4124,0.22,0.1404,0.2158,0.0008,1,-1,66,1,2026-08-19T06:19:33.925255+00:00,2026-08-19T06:19:59.603066+00:00
32,174,Obafemi,6,FWD,49,0,0,0.0,0.0,0.0,0,1,0,0,0,2026-08-19T06:19:33.925255+00:00,2026-08-19T06:19:59.603066+00:00
32,175,Peacock-Farrell,6,GKP,40,0,0,0.0,0.0,0.0,0,1,0,0,0,2026-08-19T06:19:33.925255+00:00,2026-08-19T06:19:59.603066+00:00
32,176,Roberts,6,DEF,43,0,0,0.0,0.0,0.0,0,1,0,0,0,2026-08-19T06:19:33.925255+00:00,2026-08-19T06:19:59.603066+00:00
32,177,Rodriguez,6,FWD,53,1.096,1.8093,0.28,0.1584,0.2731,0.0064,1,1,6,0,2026-08-19T06:19:33.925255+00:00,2026-08-19T06:19:59.603066+00:00
32,178,Taylor,6,DEF,39,0.678,1.3757,0.22,0.1404,0.2158,0.0004,1,2,83,1,2026-08-19T06:19:33.925255+00:00,2026-08-19T06:19:59.603066+00:00
32,179,Thomas,6,DEF,40,0,0,0.0,0.0,0.0,0,1,0,0,0,2026-08-19T06:19:33.925255+00:00,2026-08-19T06:19:59.603066+00:00
32,180,Twine,6,MID,49,0,0,0.0,0.0,0.0,0,1,0,0,0,2026-08-19T06:19:33.925255+00:00,2026-08-19T06:19:59.603066+00:00
32,181,Vigouroux,6,GKP,39,0.1852,0.8139,0.04,0.0384,0.0403,0.0004,1,0,0,0,2026-08-19T06:19:33.925255+00:00,2026-08-19T06:19:59.603066+00:00
32,182,Vitinho,6,DEF,44,0.8208,1.652,0.22,0.1404,0.2158,0.0028,1,1,29,0,2026-08-19T06:19:33.925255+00:00,2026-08-19T06:19:59.603066+00:00
32,183,Weghorst,6,FWD,55,0,0,0.0,0.0,0.0,0,1,0,0,0,2026-08-19T06:19:33.925255+00:00,2026-08-19T06:19:59.603066+00:00
32,184,Zaroury,6,MID,46,0,0,0.0,0.0,0.0,0,1,0,0,0,2026-08-19T06:19:33.925255+00:00,2026-08-19T06:19:59.603066+00:00
32,200,D.D.Fofana,6,FWD,50,1.3196,2.0698,0.28,0.1584,0.2731,0.006,1,2,60,1,2026-08-19T06:19:33.925255+00:00,2026-08-19T06:19:59.603066+00:00
32,475,Berge,6,MID,46,2.1544,1.6549,0.82,0.0324,0.7652,0.0016,1,1,90,1,2026-08-19T06:19:33.925255+00:00,2026-08-19T06:19:59.603066+00:00
32,594,Amdouni,6,FWD,52,2.6852,2.0828,0.82,0.0324,0.7652,0.01,1,1,6,0,2026-08-19T06:19:33.925255+00:00,2026-08-19T06:19:59.603066+00:00
32,596,Trafford,6,GKP,45,3.0924,2.1096,0.9,0.004,0.8373,0.0008,1,0,0,0,2026-08-19T06:19:33.925255+00:00,2026-08-19T06:19:59.603066+00:00
32,600,Redmond,6,MID,47,0,0,0.0,0.0,0.0,0,1,0,0,0,2026-08-19T06:19:33.925255+00:00,2026-08-19T06:19:59.603066+00:00
32,605,Koleosho,6,MID,48,0.9024,1.5034,0.24,0.1672,0.2366,0.002,1,0,0,0,2026-08-19T06:19:33.925255+00:00,2026-08-19T06:19:59.603066+00:00
32,608,Bruun Larsen,6,MID,48,2.016,2.4317,0.48,0.1144,0.4556,0.0124,1,2,68,1,2026-08-19T06:19:33.925255+00:00,2026-08-19T06:19:59.603066+00:00
32,622,Dodgson,6,DEF,40,0,0,0.0,0.0,0.0,0,1,0,0,0,2026-08-19T06:19:33.925255+00:00,2026-08-19T06:19:59.603066+00:00
32,660,Odobert,6,MID,50,2.2756,2.2156,0.68,0.0704,0.638,0.0144,1,2,83,1,2026-08-19T06:19:33.925255+00:00,2026-08-19T06:19:59.603066+00:00
32,674,Delcroix,6,DEF,40,0.6552,1.336,0.22,0.1716,0.2183,0.0008,1,0,0,0,2026-08-19T06:19:33.925255+00:00,2026-08-19T06:19:59.603066+00:00
32,675,A.Ramsey,6,MID,50,0,0,0.0,0.0,0.0,0,1,0,0,0,2026-08-19T06:19:33.925255+00:00,2026-08-19T06:19:59.603066+00:00
32,694,Massengo,6,MID,49,0.6604,1.1676,0.18,0.1804,0.1818,0.0,1,0,0,0,2026-08-19T06:19:33.925255+00:00,2026-08-19T06:19:59.603066+00:00
32,706,M.Trésor,6,MID,53,0.9008,1.4786,0.28,0.1584,0.2731,0.0016,1,0,0,0,2026-08-19T06:19:33.925255+00:00,2026-08-19T06:19:59.603066+00:00
32,805,Assignon,6,DEF,40,0.6884,1.3776,0.22,0.1716,0.2183,0.0008,1,2,83,1,2026-08-19T06:19:33.925255+00:00,2026-08-19T06:19:59.603066+00:00
32,806,Estève,6,DEF,40,0.69,1.384,0.22,0.1716,0.2183,0.0004,1,2,90,1,2026-08-19T06:19:33.925255+00:00,2026-08-19T06:19:59.603066+00:00
32,126,Caicedo,7,MID,45,1.7304,1.1852,0.82,0.0324,0.7652,0.0,1,2,90,1,2026-08-19T06:19:33.925255+00:00,2026-08-19T06:19:59.603066+00:00
32,145,Sanchez,7,GKP,45,0.1,0.5598,0.02,0.0392,0.0217,0.0,1,0,0,0,2026-08-19T06:19:33.925255+00:00,2026-08-19T06:19:59.603066+00:00
32,185,Ampadu,7,DEF,40,0,0,0.0,0.0,0.0,0,1,0,0,0,2026-08-19T06:19:33.925255+00:00,2026-08-19T06:19:59.603066+00:00
32,186,Andrey,7,MID,42,0,0,0.0,0.0,0.0,0,1,0,0,0,2026-08-19T06:19:33.925255+00:00,2026-08-19T06:19:59.603066+00:00
32,187,Arrizabalaga,7,GKP,50,0,0,0.0,0.0,0.0,0,1,0,0,0,2026-08-19T06:19:33.925255+00:00,2026-08-19T06:19:59.603066+00:00
32,188,Aubameyang,7,FWD,65,0,0,0.0,0.0,0.0,0,1,0,0,0,2026-08-19T06:19:33.925255+00:00,2026-08-19T06:19:59.603066+00:00
32,189,Azpilicueta,7,DEF,45,0,0,0.0,0.0,0.0,0,1,0,0,0,2026-08-19T06:19:33.925255+00:00,2026-08-19T06:19:59.603066+00:00
32,190,Baba,7,DEF,40,0,0,0.0,0.0,0.0,0,1,0,0,0,2026-08-19T06:19:33.925255+00:00,2026-08-19T06:19:59.603066+00:00
32,191,B.Badiashile,7,DEF,44,0.8812,1.676,0.22,0.1716,0.2183,0.002,1,1,1,0,2026-08-19T06:19:33.925255+00:00,2026-08-19T06:19:59.603066+00:00
32,192,Bettinelli,7,GKP,40,0.1468,0.6846,0.04,0.0384,0.0403,0.0004,1,0,0,0,2026-08-19T06:19:33.925255+00:00,2026-08-19T06:19:59.603066+00:00
32,194,Chalobah,7,DEF,43,0.4552,1.1026,0.1,0.198,0.1088,0.0004,1,0,90,1,2026-08-19T06:19:33.925255+00:00,2026-08-19T06:19:59.603066+00:00
32,195,Chilwell,7,DEF,54,1.5184,2.2979,0.48,0.1144,0.4556,0.0088,1,0,0,0,2026-08-19T06:19:33.925255+00:00,2026-08-19T06:19:59.603066+00:00
32,196,Chukwuemeka,7,MID,42,0.4588,0.9307,0.1,0.198,0.1088,0.0004,1,1,16,0,2026-08-19T06:19:33.925255+00:00,2026-08-19T06:19:59.603066+00:00
32,197,Colwill,7,DEF,46,2.0396,2.3333,0.68,0.0576,0.637,0.0104,1,0,0,0,2026-08-19T06:19:33.925255+00:00,2026-08-19T06:19:59.603066+00:00
32,198,Cucurella,7,DEF,48,1.3452,2.116,0.48,0.1144,0.4556,0.008,1,1,90,1,2026-08-19T06:19:33.925255+00:00,2026-08-19T06:19:59.603066+00:00
32,199,Enzo,7,MID,48,0,0,0.0,0.0,0.0,0,1,2,90,1,2026-08-19T06:19:33.925255+00:00,2026-08-19T06:19:59.603066+00:00
32,201,W.Fofana,7,DEF,44,0,0,0.0,0.0,0.0,0,1,0,0,0,2026-08-19T06:19:33.925255+00:00,2026-08-19T06:19:59.603066+00:00
32,202,Gallagher,7,MID,54,2.6152,2.1098,0.82,0.0324,0.7652,0.0124,1,5,90,1,2026-08-19T06:19:33.925255+00:00,2026-08-19T06:19:59.603066+00:00
32,203,Gusto,7,DEF,43,0.8432,1.7458,0.22,0.1404,0.2158,0.0036,1,0,0,0,2026-08-19T06:19:33.925255+00:00,2026-08-19T06:19:59.603066+00:00
32,206,James,7,DEF,53,0,0,0.0,0.0,0.0,0,1,0,0,0,2026-08-19T06:19:33.925255+00:00,2026-08-19T06:19:59.603066+00:00
32,207,Lukaku,7,FWD,68,0,0,0.0,0.0,0.0,0,1,0,0,0,2026-08-19T06:19:33.925255+00:00,2026-08-19T06:19:59.603066+00:00
32,208,Madueke,7,MID,53,0.9576,1.5927,0.28,0.1584,0.2731,0.0028,1,8,81,1,2026-08-19T06:19:33.925255+00:00,2026-08-19T06:19:59.603066+00:00
32,210,Mudryk,7,MID,63,0,0,0.0,0.0,0.0,0,1,1,8,0,2026-08-19T06:19:33.925255+00:00,2026-08-19T06:19:59.603066+00:00
32,211,N.Jackson,7,FWD,68,3.0068,3.168,0.68,0.0576,0.637,0.0552,1,2,90,1,2026-08-19T06:19:33.925255+00:00,2026-08-19T06:19:59.603066+00:00
32,212,Nkunku,7,FWD,72,1.0656,1.648,0.28,0.2016,0.2765,0.0036,1,0,0,0,2026-08-19T06:19:33.925255+00:00,2026-08-19T06:19:59.603066+00:00
32,213,Pulisic,7,MID,55,0,0,0.0,0.0,0.0,0,1,0,0,0,2026-08-19T06:19:33.925255+00:00,2026-08-19T06:19:59.603066+00:00
32,214,M.Sarr,7,DEF,43,0.4664,1.1299,0.1,0.198,0.1088,0.0004,1,0,0,0,2026-08-19T06:19:33.925255+00:00,2026-08-19T06:19:59.603066+00:00
32,215,Slonina,7,GKP,40,0,0,0.0,0.0,0.0,0,1,0,0,0,2026-08-19T06:19:33.925255+00:00,2026-08-19T06:19:59.603066+00:00
32,216,Sterling,7,MID,69,2.9128,2.976,0.68,0.0576,0.637,0.0364,1,0,0,0,2026-08-19T06:19:33.925255+00:00,2026-08-19T06:19:59.603066+00:00
32,217,T.Silva,7,DEF,50,2.0204,2.1185,0.68,0.0576,0.637,0.0016,1,10,90,1,2026-08-19T06:19:33.925255+00:00,2026-08-19T06:19:59.603066+00:00
32,218,Ziyech,7,MID,54,0,0,0.0,0.0,0.0,0,1,0,0,0,2026-08-19T06:19:33.925255+00:00,2026-08-19T06:19:59.603066+00:00
32,362,Palmer,7,MID,60,4.1944,4.2111,0.68,0.0576,0.637,0.1212,1,5,73,1,2026-08-19T06:19:33.925255+00:00,2026-08-19T06:19:59.603066+00:00
32,589,Ângelo,7,MID,50,0,0,0.0,0.0,0.0,0,1,0,0,0,2026-08-19T06:19:33.925255+00:00,2026-08-19T06:19:59.603066+00:00
32,609,Maatsen,7,MID,51,0,0,0.0,0.0,0.0,0,1,0,0,0,2026-08-19T06:19:33.925255+00:00,2026-08-19T06:19:59.603066+00:00
32,611,Disasi,7,DEF,49,2.5692,2.4875,0.82,0.0324,0.7652,0.012,1,1,90,1,2026-08-19T06:19:33.925255+00:00,2026-08-19T06:19:59.603066+00:00
32,613,Ugochukwu,7,MID,44,0.8092,1.1909,0.28,0.1584,0.2731,0.0,1,0,0,0,2026-08-19T06:19:33.925255+00:00,2026-08-19T06:19:59.603066+00:00
32,623,Burstow,7,FWD,45,0,0,0.0,0.0,0.0,0,1,0,0,0,2026-08-19T06:19:33.925255+00:00,2026-08-19T06:19:59.603066+00:00
32,659,Bergström,7,GKP,39,0,0,0.0,0.0,0.0,0,1,0,0,0,2026-08-19T06:19:33.925255+00:00,2026-08-19T06:19:59.603066+00:00
32,667,Lavia,7,MID,49,0,0,0.0,0.0,0.0,0,1,0,0,0,2026-08-19T06:19:33.925255+00:00,2026-08-19T06:19:59.603066+00:00
32,671,Humphreys,7,DEF,40,0,0,0.0,0.0,0.0,0,1,0,0,0,2026-08-19T06:19:33.925255+00:00,2026-08-19T06:19:59.603066+00:00
32,677,Deivid,7,FWD,45,0.4392,0.8977,0.1,0.198,0.1088,0.0004,1,0,0,0,2026-08-19T06:19:33.925255+00:00,2026-08-19T06:19:59.603066+00:00
32,680,Beach,7,GKP,40,0,0,0.0,0.0,0.0,0,1,0,0,0,2026-08-19T06:19:33.925255+00:00,2026-08-19T06:19:59.603066+00:00
32,681,Diego Moreira,7,MID,45,0.4668,0.9677,0.1,0.198,0.1088,0.0,1,0,0,0,2026-08-19T06:19:33.925255+00:00,2026-08-19T06:19:59.603066+00:00
32,687,Petrović,7,GKP,46,3.0968,2.2088,0.9,0.008,0.8376,0.0008,1,2,90,1,2026-08-19T06:19:33.925255+00:00,2026-08-19T06:19:59.603066+00:00
32,716,Gilchrist,7,DEF,40,0.4952,1.1268,0.1,0.198,0.1088,0.0004,1,0,0,0,2026-08-19T06:19:33.925255+00:00,2026-08-19T06:19:59.603066+00:00
32,717,Stutter,7,FWD,45,0.3804,0.7934,0.1,0.198,0.1088,0.0,1,0,0,0,2026-08-19T06:19:33.925255+00:00,2026-08-19T06:19:59.603066+00:00
32,718,Matos,7,MID,45,0,0,0.0,0.0,0.0,0,1,0,0,0,2026-08-19T06:19:33.925255+00:00,2026-08-19T06:19:59.603066+00:00
32,723,Brooking,7,DEF,40,0.448,1.099,0.1,0.198,0.1088,0.0004,1,0,0,0,2026-08-19T06:19:33.925255+00:00,2026-08-19T06:19:59.603066+00:00
32,758,Castledine,7,MID,45,0.452,0.8886,0.1,0.198,0.1088,0.0,1,0,0,0,2026-08-19T06:19:33.925255+00:00,2026-08-19T06:19:59.603066+00:00
32,791,Casadei,7,MID,45,0.478,0.9292,0.1,0.198,0.1088,0.0,1,1,1,0,2026-08-19T06:19:33.925255+00:00,2026-08-19T06:19:59.603066+00:00
32,819,Samuels-Smith,7,DEF,40,0.4744,1.1028,0.1,0.198,0.1088,0.0008,1,0,0,0,2026-08-19T06:19:33.925255+00:00,2026-08-19T06:19:59.603066+00:00
32,820,Harrison,7,MID,45,0.4584,0.9116,0.1,0.198,0.1088,0.0,1,0,0,0,2026-08-19T06:19:33.925255+00:00,2026-08-19T06:19:59.603066+00:00
32,830,Tauriainen,7,MID,45,0.4656,0.9241,0.1,0.198,0.1088,0.0,1,0,0,0,2026-08-19T06:19:33.925255+00:00,2026-08-19T06:19:59.603066+00:00
32,838,Acheampong,7,DEF,40,0.4172,0.9869,0.1,0.198,0.1088,0.0,1,0,0,0,2026-08-19T06:19:33.925255+00:00,2026-08-19T06:19:59.603066+00:00
32,847,Sharman-Lowe,7,GKP,40,0.1476,0.7017,0.04,0.0384,0.0403,0.0,1,0,0,0,2026-08-19T06:19:33.925255+00:00,2026-08-19T06:19:59.603066+00:00
32,851,George,7,FWD,45,0.43,0.8712,0.1,0.198,0.1088,0.0,1,,,,2026-08-19T06:19:33.925255+00:00,
32,852,Dyer,7,MID,45,0.4956,1.0147,0.1,0.198,0.1088,0.0012,1,,,,2026-08-19T06:19:33.925255+00:00,
32,858,Curd,7,GKP,40,0.1676,0.7713,0.04,0.0384,0.0403,0.0004,1,,,,2026-08-19T06:19:33.925255+00:00,
32,859,Sturge,7,DEF,40,0.4696,1.0962,0.1,0.198,0.1088,0.0004,1,,,,2026-08-19T06:19:33.925255+00:00,
32,7,Holding,8,DEF,43,0.538,1.218,0.11,0.1958,0.118,0.0004,1,0,0,0,2026-08-19T06:19:33.925255+00:00,2026-08-19T06:19:59.603066+00:00
32,219,Ahamada,8,MID,43,0.4724,1.0112,0.1,0.198,0.1088,0.0004,1,1,8,0,2026-08-19T06:19:33.925255+00:00,2026-08-19T06:19:59.603066+00:00
32,220,Andersen,8,DEF,47,3.2672,2.5878,0.9,0.018,0.8384,0.0164,1,0,90,1,2026-08-19T06:19:33.925255+00:00,2026-08-19T06:19:59.603066+00:00
32,221,J.Ayew,8,MID,54,2.766,2.3679,0.82,0.0324,0.7652,0.0144,1,2,73,1,2026-08-19T06:19:33.925255+00:00,2026-08-19T06:19:59.603066+00:00
32,222,Clyne,8,DEF,43,0.8344,1.5252,0.22,0.1716,0.2183,0.0008,1,1,15,0,2026-08-19T06:19:33.925255+00:00,2026-08-19T06:19:59.603066+00:00
32,223,C.Doucouré,8,MID,48,0,0,0.0,0.0,0.0,0,1,0,0,0,2026-08-19T06:19:33.925255+00:00,2026-08-19T06:19:59.603066+00:00
32,224,Ebiowei,8,MID,44,0,0,0.0,0.0,0.0,0,1,0,0,0,2026-08-19T06:19:33.925255+00:00,2026-08-19T06:19:59.603066+00:00
32,225,Edouard,8,FWD,53,2.8268,2.7881,0.68,0.0704,0.638,0.032,1,5,16,0,2026-08-19T06:19:33.925255+00:00,2026-08-19T06:19:59.603066+00:00
32,226,Eze,8,MID,60,3.424,3.4661,0.68,0.0896,0.6396,0.0648,1,2,63,1,2026-08-19T06:19:33.925255+00:00,2026-08-19T06:19:59.603066+00:00
32,227,Guaita,8,GKP,44,0,0,0.0,0.0,0.0,0,1,0,0,0,2026-08-19T06:19:33.925255+00:00,2026-08-19T06:19:59.603066+00:00
32,228,Guéhi,8,DEF,42,0.9104,1.8544,0.22,0.1404,0.2158,0.004,1,0,0,0,2026-08-19T06:19:33.925255+00:00,2026-08-19T06:19:59.603066+00:00
32,229,Hughes,8,MID,49,0,0,0.0,0.0,0.0,0,1,2,81,1,2026-08-19T06:19:33.925255+00:00,2026-08-19T06:19:59.603066+00:00
32,230,Johnstone,8,GKP,44,0,0,0.0,0.0,0.0,0,1,0,0,0,2026-08-19T06:19:33.925255+00:00,2026-08-19T06:19:59.603066+00:00
32,231,Lerma,8,MID,47,2.4872,2.0906,0.82,0.0324,0.7652,0.01,1,2,90,1,2026-08-19T06:19:33.925255+00:00,2026-08-19T06:19:59.603066+00:00
32,232,Mateta,8,FWD,49,2.7116,2.6266,0.68,0.0576,0.637,0.026,1,5,73,1,2026-08-19T06:19:33.925255+00:00,2026-08-19T06:19:59.603066+00:00
32,233,Matthews,8,GKP,39,0.1932,0.8696,0.04,0.0384,0.0403,0.0,1,0,0,0,2026-08-19T06:19:33.925255+00:00,2026-08-19T06:19:59.603066+00:00
32,234,Mitchell,8,DEF,45,0.9188,1.8214,0.22,0.1404,0.2158,0.0024,1,0,74,1,2026-08-19T06:19:33.925255+00:00,2026-08-19T06:19:59.603066+00:00
32,235,O'Brien,8,DEF,40,0,0,0.0,0.0,0.0,0,1,0,0,0,2026-08-19T06:19:33.925255+00:00,2026-08-19T06:19:59.603066+00:00
32,236,Olise,8,MID,56,2.7144,3.1993,0.48,0.1456,0.458,0.0396,1,1,16,0,2026-08-19T06:19:33.925255+00:00,2026-08-19T06:19:59.603066+00:00
32,237,Plange,8,FWD,45,0,0,0.0,0.0,0.0,0,1,0,0,0,2026-08-19T06:19:33.925255+00:00,2026-08-19T06:19:59.603066+00:00
32,238,C.Richards,8,DEF,39,0.8248,1.6181,0.22,0.1404,0.2158,0.0004,1,0,0,0,2026-08-19T06:19:33.925255+00:00,2026-08-19T06:19:59.603066+00:00
32,239,Riedewald,8,MID,43,0.48,0.9828,0.1,0.198,0.1088,0.0,1,0,0,0,2026-08-19T06:19:33.925255+00:00,2026-08-19T06:19:59.603066+00:00
32,240,Schlupp,8,MID,48,2.2088,2.1116,0.68,0.0704,0.638,0.008,1,4,26,0,2026-08-19T06:19:33.925255+00:00,2026-08-19T06:19:59.603066+00:00
32,241,Tomkins,8,DEF,40,0.4876,1.1686,0.1,0.198,0.1088,0.0,1,0,0,0,2026-08-19T06:19:33.925255+00:00,2026-08-19T06:19:59.603066+00:00
32,242,Ward,8,DEF,45,0.7984,1.6249,0.22,0.1404,0.2158,0.0024,1,0,90,1,2026-08-19T06:19:33.925255+00:00,2026-08-19T06:19:59.603066+00:00
32,243,Whitworth,8,GKP,39,0.156,0.7391,0.04,0.0384,0.0403,0.0,1,0,0,0,2026-08-19T06:19:33.925255+00:00,2026-08-19T06:19:59.603066+00:00
32,385,Henderson,8,GKP,44,3.3388,2.2681,0.9,0.004,0.8373,0.0012,1,1,90,1,2026-08-19T06:19:33.925255+00:00,2026-08-19T06:19:59.603066+00:00
32,615,Matheus França,8,MID,48,0,0,0.0,0.0,0.0,0,1,0,0,0,2026-08-19T06:19:33.925255+00:00,2026-08-19T06:19:59.603066+00:00
32,657,Rak-Sakyi,8,MID,45,0.5116,1.0837,0.1,0.198,0.1088,0.0008,1,0,0,0,2026-08-19T06:19:33.925255+00:00,2026-08-19T06:19:59.603066+00:00
32,658,Gordon,8,FWD,45,0,0,0.0,0.0,0.0,0,1,0,0,0,2026-08-19T06:19:33.925255+00:00,2026-08-19T06:19:59.603066+00:00
32,720,Ola-Adebomi,8,FWD,45,0,0,0.0,0.0,0.0,0,1,0,0,0,2026-08-19T06:19:33.925255+00:00,2026-08-19T06:19:59.603066+00:00
32,721,Ozoh,8,MID,45,0.4664,0.9857,0.1,0.198,0.1088,0.0004,1,0,0,0,2026-08-19T06:19:33.925255+00:00,2026-08-19T06:19:59.603066+00:00
32,724,Raymond,8,MID,45,0.4572,0.9523,0.1,0.198,0.1088,0.0,1,0,0,0,2026-08-19T06:19:33.925255+00:00,2026-08-19T06:19:59.603066+00:00
32,763,Adaramola,8,DEF,40,0,0,0.0,0.0,0.0,0,1,0,0,0,2026-08-19T06:19:33.925255+00:00,2026-08-19T06:19:59.603066+00:00
32,792,Muñoz,8,DEF,45,0.8888,1.7978,0.22,0.1716,0.2183,0.004,1,0,90,1,2026-08-19T06:19:33.925255+00:00,2026-08-19T06:19:59.603066+00:00
32,807,Wharton,8,MID,50,0.9684,1.5337,0.28,0.1584,0.2731,0.0024,1,5,90,1,2026-08-19T06:19:33.925255+00:00,2026-08-19T06:19:59.603066+00:00
32,821,Umeh-Chibueze,8,FWD,45,0.476,0.9484,0.1,0.198,0.1088,0.0008,1,0,0,0,2026-08-19T06:19:33.925255+00:00,2026-08-19T06:19:59.603066+00:00
32,825,Rodney,8,MID,45,0.5232,1.0634,0.1,0.198,0.1088,0.0004,1,0,0,0,2026-08-19T06:19:33.925255+00:00,2026-08-19T06:19:59.603066+00:00
32,842,Mathurin,8,MID,45,0.5064,1.0388,0.1,0.198,0.1088,0.0,1,0,0,0,2026-08-19T06:19:33.925255+00:00,2026-08-19T06:19:59.603066+00:00
32,244,André Gomes,9,MID,44,0.3404,0.7818,0.05,0.209,0.0632,0.0,1,2,90,1,2026-08-19T06:19:33.925255+00:00,2026-08-19T06:19:59.603066+00:00
32,245,Branthwaite,9,DEF,43,0.868,1.8166,0.22,0.1404,0.2158,0.0036,1,6,90,1,2026-08-19T06:19:33.925255+00:00,2026-08-19T06:19:59.603066+00:00
32,246,Calvert-Lewin,9,FWD,58,3.36,3.3434,0.68,0.0576,0.637,0.0816,1,9,82,1,2026-08-19T06:19:33.925255+00:00,2026-08-19T06:19:59.603066+00:00
32,247,Coleman,9,DEF,44,0.8292,1.6051,0.22,0.1716,0.2183,0.0012,1,8,90,1,2026-08-19T06:19:33.925255+00:00,2026-08-19T06:19:59.603066+00:00
32,248,Dele,9,MID,48,0,0,0.0,0.0,0.0,0,1,0,0,0,2026-08-19T06:19:33.925255+00:00,2026-08-19T06:19:59.603066+00:00
32,249,A.Doucoure,9,MID,55,3.5644,3.2028,0.82,0.0324,0.7652,0.0512,1,3,90,1,2026-08-19T06:19:33.925255+00:00,2026-08-19T06:19:59.603066+00:00
32,250,Garner,9,MID,49,2.5996,2.0555,0.82,0.0324,0.7652,0.0112,1,3,90,1,2026-08-19T06:19:33.925255+00:00,2026-08-19T06:19:59.603066+00:00
32,251,Gbamin,9,MID,44,0,0,0.0,0.0,0.0,0,1,0,0,0,2026-08-19T06:19:33.925255+00:00,2026-08-19T06:19:59.603066+00:00
32,252,Godfrey,9,DEF,43,0.8764,1.8104,0.22,0.1716,0.2183,0.0048,1,0,0,0,2026-08-19T06:19:33.925255+00:00,2026-08-19T06:19:59.603066+00:00
32,253,Gray,9,MID,53,0,0,0.0,0.0,0.0,0,1,0,0,0,2026-08-19T06:19:33.925255+00:00,2026-08-19T06:19:59.603066+00:00
32,254,Gana,9,MID,48,1.7716,1.7097,0.68,0.0704,0.638,0.0028,1,0,0,0,2026-08-19T06:19:33.925255+00:00,2026-08-19T06:19:59.603066+00:00
32,257,Keane,9,DEF,43,0.8744,1.7125,0.22,0.1716,0.2183,0.004,1,0,0,0,2026-08-19T06:19:33.925255+00:00,2026-08-19T06:19:59.603066+00:00
32,259,McNeil,9,MID,54,3.2068,2.6464,0.82,0.0324,0.7652,0.0276,1,3,90,1,2026-08-19T06:19:33.925255+00:00,2026-08-19T06:19:59.603066+00:00
32,260,Mykolenko,9,DEF,46,0,0,0.0,0.0,0.0,0,1,8,90,1,2026-08-19T06:19:33.925255+00:00,2026-08-19T06:19:59.603066+00:00
32,261,Onana,9,MID,47,2.208,2.1864,0.68,0.0576,0.637,0.0068,1,0,0,0,2026-08-19T06:19:33.925255+00:00,2026-08-19T06:19:59.603066+00:00
32,262,Patterson,9,DEF,43,0,0,0.0,0.0,0.0,0,1,0,0,0,2026-08-19T06:19:33.925255+00:00,2026-08-19T06:19:59.603066+00:00
32,263,Pickford,9,GKP,46,3.5908,2.342,0.9,0.008,0.8376,0.0032,1,8,90,1,2026-08-19T06:19:33.925255+00:00,2026-08-19T06:19:59.603066+00:00
32,264,Simms,9,FWD,45,0,0,0.0,0.0,0.0,0,1,0,0,0,2026-08-19T06:19:33.925255+00:00,2026-08-19T06:19:59.603066+00:00
32,265,Tarkowski,9,DEF,46,3.3144,2.8013,0.9,0.018,0.8384,0.026,1,5,90,1,2026-08-19T06:19:33.925255+00:00,2026-08-19T06:19:59.603066+00:00
32,266,J.Virginia,9,GKP,39,0.2016,0.8987,0.04,0.0384,0.0403,0.0004,1,0,0,0,2026-08-19T06:19:33.925255+00:00,2026-08-19T06:19:59.603066+00:00
32,579,Lonergan,9,GKP,39,0.1728,0.7864,0.04,0.0384,0.0403,0.0,1,0,0,0,2026-08-19T06:19:33.925255+00:00,2026-08-19T06:19:59.603066+00:00
32,588,Young,9,DEF,44,0.8744,1.7297,0.22,0.1404,0.2158,0.0024,1,6,82,1,2026-08-19T06:19:33.925255+00:00,2026-08-19T06:19:59.603066+00:00
32,601,Danjuma,9,MID,52,1.2124,2.0646,0.28,0.1584,0.2731,0.0096,1,0,0,0,2026-08-19T06:19:33.925255+00:00,2026-08-19T06:19:59.603066+00:00
32,624,Dobbin,9,MID,45,0.4848,0.9615,0.1,0.198,0.1088,0.0004,1,0,0,0,2026-08-19T06:19:33.925255+00:00,2026-08-19T06:19:59.603066+00:00
32,645,Y. Chermiti,9,FWD,48,0.6556,1.2348,0.18,0.1804,0.1818,0.0012,1,0,0,0,2026-08-19T06:19:33.925255+00:00,2026-08-19T06:19:59.603066+00:00
32,649,Cannon,9,FWD,45,0,0,0.0,0.0,0.0,0,1,0,0,0,2026-08-19T06:19:33.925255+00:00,2026-08-19T06:19:59.603066+00:00
32,650,Onyango,9,MID,44,0.4748,1.01,0.1,0.198,0.1088,0.0,1,0,0,0,2026-08-19T06:19:33.925255+00:00,2026-08-19T06:19:59.603066+00:00
32,661,Harrison,9,MID,55,0,0,0.0,0.0,0.0,0,1,1,7,0,2026-08-19T06:19:33.925255+00:00,2026-08-19T06:19:59.603066+00:00
32,691,Beto,9,FWD,57,2.0004,2.5587,0.48,0.1456,0.458,0.0244,1,1,7,0,2026-08-19T06:19:33.925255+00:00,2026-08-19T06:19:59.603066+00:00
32,719,Hunt,9,MID,45,0.4644,0.9581,0.1,0.198,0.1088,0.0004,1,0,0,0,2026-08-19T06:19:33.925255+00:00,2026-08-19T06:19:59.603066+00:00
32,760,Metcalfe,9,MID,45,0.4768,0.9692,0.1,0.198,0.1088,0.0,1,0,0,0,2026-08-19T06:19:33.925255+00:00,2026-08-19T06:19:59.603066+00:00
32,761,Campbell,9,DEF,40,0,0,0.0,0.0,0.0,0,1,0,0,0,2026-08-19T06:19:33.925255+00:00,2026-08-19T06:19:59.603066+00:00
32,841,Warrington,9,MID,45,0.4768,0.9791,0.1,0.198,0.1088,0.0004,1,0,0,0,2026-08-19T06:19:33.925255+00:00,2026-08-19T06:19:59.603066+00:00
32,863,Crellin,9,GKP,40,0.1748,0.7933,0.04,0.0384,0.0403,0.0004,1,,,,2026-08-19T06:19:33.925255+00:00,
32,193,Broja,10,FWD,49,0.9836,1.5951,0.28,0.1584,0.2731,0.0036,1,1,5,0,2026-08-19T06:19:33.925255+00:00,2026-08-19T06:19:59.603066+00:00
32,256,Iwobi,10,MID,53,3.0232,3.0265,0.68,0.0576,0.637,0.0376,1,2,90,1,2026-08-19T06:19:33.925255+00:00,2026-08-19T06:19:59.603066+00:00
32,267,Andreas,10,MID,53,2.8724,2.36,0.82,0.0324,0.7652,0.0164,1,3,64,1,2026-08-19T06:19:33.925255+00:00,2026-08-19T06:19:59.603066+00:00
32,268,Cairney,10,MID,49,1.5528,1.8521,0.48,0.1144,0.4556,0.004,1,3,64,1,2026-08-19T06:19:33.925255+00:00,2026-08-19T06:19:59.603066+00:00
32,269,I.Cavaleiro,10,MID,50,0,0,0.0,0.0,0.0,0,1,0,0,0,2026-08-19T06:19:33.925255+00:00,2026-08-19T06:19:59.603066+00:00
32,270,De Cordova-Reid,10,MID,53,2.0708,2.7351,0.48,0.1144,0.4556,0.0204,1,0,0,0,2026-08-19T06:19:33.925255+00:00,2026-08-19T06:19:59.603066+00:00
32,271,Diop,10,DEF,44,0.9552,1.8285,0.22,0.1716,0.2183,0.0016,1,0,0,0,2026-08-19T06:19:33.925255+00:00,2026-08-19T06:19:59.603066+00:00
32,272,Francois,10,MID,44,0,0,0.0,0.0,0.0,0,1,0,0,0,2026-08-19T06:19:33.925255+00:00,2026-08-19T06:19:59.603066+00:00
32,273,Knockaert,10,MID,44,0,0,0.0,0.0,0.0,0,1,0,0,0,2026-08-19T06:19:33.925255+00:00,2026-08-19T06:19:59.603066+00:00
32,274,Kongolo,10,DEF,40,0,0,0.0,0.0,0.0,0,1,0,0,0,2026-08-19T06:19:33.925255+00:00,2026-08-19T06:19:59.603066+00:00
32,275,Leno,10,GKP,48,3.5968,2.4009,0.9,0.008,0.8376,0.004,1,3,90,1,2026-08-19T06:19:33.925255+00:00,2026-08-19T06:19:59.603066+00:00
32,276,Lukić,10,MID,43,0,0,0.0,0.0,0.0,0,1,0,25,0,2026-08-19T06:19:33.925255+00:00,2026-08-19T06:19:59.603066+00:00
32,277,Mbabu,10,DEF,40,0,0,0.0,0.0,0.0,0,1,0,0,0,2026-08-19T06:19:33.925255+00:00,2026-08-19T06:19:59.603066+00:00
32,278,Mitrović,10,FWD,74,0,0,0.0,0.0,0.0,0,1,0,0,0,2026-08-19T06:19:33.925255+00:00,2026-08-19T06:19:59.603066+00:00
32,279,Muniz,10,FWD,47,2.2584,2.7751,0.48,0.1144,0.4556,0.026,1,2,85,1,2026-08-19T06:19:33.925255+00:00,2026-08-19T06:19:59.603066+00:00
32,280,J.Palhinha,10,MID,50,2.5212,2.2113,0.82,0.0324,0.7652,0.0104,1,2,84,1,2026-08-19T06:19:33.925255+00:00,2026-08-19T06:19:59.603066+00:00
32,281,Ream,10,DEF,45,0.9432,1.8808,0.22,0.1716,0.2183,0.0068,1,0,0,0,2026-08-19T06:19:33.925255+00:00,2026-08-19T06:19:59.603066+00:00
32,282,Reed,10,MID,44,1.2576,1.4889,0.48,0.1144,0.4556,0.0008,1,0,0,0,2026-08-19T06:19:33.925255+00:00,2026-08-19T06:19:59.603066+00:00
32,283,Robinson,10,DEF,46,2.9788,2.6099,0.82,0.0324,0.7652,0.0136,1,2,90,1,2026-08-19T06:19:33.925255+00:00,2026-08-19T06:19:59.603066+00:00
32,284,Rodák,10,GKP,39,0.158,0.7486,0.04,0.0384,0.0403,0.0,1,0,0,0,2026-08-19T06:19:33.925255+00:00,2026-08-19T06:19:59.603066+00:00
32,285,Tete,10,DEF,44,0.9248,1.836,0.22,0.1716,0.2183,0.0048,1,0,0,0,2026-08-19T06:19:33.925255+00:00,2026-08-19T06:19:59.603066+00:00
32,286,Tosin,10,DEF,43,0.9212,1.7687,0.22,0.1716,0.2183,0.002,1,2,90,1,2026-08-19T06:19:33.925255+00:00,2026-08-19T06:19:59.603066+00:00
32,287,Vinícius,10,FWD,45,0,0,0.0,0.0,0.0,0,1,0,0,0,2026-08-19T06:19:33.925255+00:00,2026-08-19T06:19:59.603066+00:00
32,288,Wilson,10,MID,53,2.4508,2.6084,0.68,0.0704,0.638,0.0188,1,1,25,0,2026-08-19T06:19:33.925255+00:00,2026-08-19T06:19:59.603066+00:00
32,558,Raúl,10,FWD,50,2.7208,2.6035,0.68,0.0704,0.638,0.0236,1,1,4,0,2026-08-19T06:19:33.925255+00:00,2026-08-19T06:19:59.603066+00:00
32,591,Willian,10,MID,53,3.3308,3.2989,0.68,0.0576,0.637,0.0544,1,3,64,1,2026-08-19T06:19:33.925255+00:00,2026-08-19T06:19:59.603066+00:00
32,610,Bassey,10,DEF,44,0.8144,1.6418,0.22,0.1404,0.2158,0.002,1,2,90,1,2026-08-19T06:19:33.925255+00:00,2026-08-19T06:19:59.603066+00:00
32,625,De Fougerolles,10,DEF,39,0.5252,1.253,0.1,0.198,0.1088,0.0012,1,0,0,0,2026-08-19T06:19:33.925255+00:00,2026-08-19T06:19:59.603066+00:00
32,651,Stansfield,10,FWD,45,0,0,0.0,0.0,0.0,0,1,0,0,0,2026-08-19T06:19:33.925255+00:00,2026-08-19T06:19:59.603066+00:00
32,652,Dibley-Dias,10,MID,45,0.4784,0.9709,0.1,0.198,0.1088,0.0,1,0,0,0,2026-08-19T06:19:33.925255+00:00,2026-08-19T06:19:59.603066+00:00
32,662,Adama,10,MID,49,0.714,1.4465,0.18,0.1804,0.1818,0.0012,1,1,25,0,2026-08-19T06:19:33.925255+00:00,2026-08-19T06:19:59.603066+00:00
32,683,Harris,10,MID,45,0,0,0.0,0.0,0.0,0,1,0,0,0,2026-08-19T06:19:33.925255+00:00,2026-08-19T06:19:59.603066+00:00
32,688,Castagne,10,DEF,46,3.0424,2.6329,0.82,0.0324,0.7652,0.0184,1,2,90,1,2026-08-19T06:19:33.925255+00:00,2026-08-19T06:19:59.603066+00:00
32,692,Benda,10,GKP,40,0.1732,0.7753,0.04,0.0384,0.0403,0.0,1,0,0,0,2026-08-19T06:19:33.925255+00:00,2026-08-19T06:19:59.603066+00:00
32,707,Ballo-Touré,10,DEF,45,0.5084,1.2074,0.1,0.198,0.1088,0.0004,1,0,0,0,2026-08-19T06:19:33.925255+00:00,2026-08-19T06:19:59.603066+00:00
32,732,Tanton,10,DEF,40,0.4812,1.1848,0.1,0.198,0.1088,0.0012,1,0,0,0,2026-08-19T06:19:33.925255+00:00,2026-08-19T06:19:59.603066+00:00
32,796,Sekularac,10,MID,44,0.486,0.9862,0.1,0.198,0.1088,0.0,1,0,0,0,2026-08-19T06:19:33.925255+00:00,2026-08-19T06:19:59.603066+00:00
32,810,King,10,MID,45,0.4924,1.0299,0.1,0.198,0.1088,0.0004,1,0,0,0,2026-08-19T06:19:33.925255+00:00,2026-08-19T06:19:59.603066+00:00
32,289,Adrián,11,GKP,39,0.15,0.6643,0.04,0.0384,0.0403,0.0,1,0,0,0,2026-08-19T06:19:33.925255+00:00,2026-08-19T06:19:59.603066+00:00
32,290,Alexander-Arnold,11,DEF,84,3.0592,3.2255,0.68,0.0576,0.637,0.042,1,0,0,0,2026-08-19T06:19:33.925255+00:00,2026-08-19T06:19:59.603066+00:00
32,291,A.Becker,11,GKP,57,3.0876,2.1928,0.9,0.008,0.8376,0.0016,1,0,0,0,2026-08-19T06:19:33.925255+00:00,2026-08-19T06:19:59.603066+00:00
32,292,Bajcetic,11,MID,47,0.8372,1.3393,0.28,0.1584,0.2731,0.0004,1,0,0,0,2026-08-19T06:19:33.925255+00:00,2026-08-19T06:19:59.603066+00:00
32,293,Darwin,11,FWD,77,3.3608,3.6528,0.68,0.0576,0.637,0.0824,1,5,67,1,2026-08-19T06:19:33.925255+00:00,2026-08-19T06:19:59.603066+00:00
32,294,Diogo J.,11,MID,80,2.3564,3.0153,0.48,0.1456,0.458,0.0332,1,0,0,0,2026-08-19T06:19:33.925255+00:00,2026-08-19T06:19:59.603066+00:00
32,295,Elliott,11,MID,48,1.814,2.1872,0.48,0.1144,0.4556,0.008,1,4,21,0,2026-08-19T06:19:33.925255+00:00,2026-08-19T06:19:59.603066+00:00
32,296,Fabinho,11,MID,50,0,0,0.0,0.0,0.0,0,1,0,0,0,2026-08-19T06:19:33.925255+00:00,2026-08-19T06:19:59.603066+00:00
32,297,Gakpo,11,FWD,71,2.2016,2.7045,0.48,0.1456,0.458,0.0256,1,1,22,0,2026-08-19T06:19:33.925255+00:00,2026-08-19T06:19:59.603066+00:00
32,298,Gomez,11,DEF,46,1.882,2.1763,0.68,0.0576,0.637,0.0052,1,1,24,0,2026-08-19T06:19:33.925255+00:00,2026-08-19T06:19:59.603066+00:00
32,299,Henderson,11,MID,50,0,0,0.0,0.0,0.0,0,1,0,0,0,2026-08-19T06:19:33.925255+00:00,2026-08-19T06:19:59.603066+00:00
32,300,Jones,11,MID,49,1.5896,2.0043,0.48,0.1144,0.4556,0.0056,1,0,24,0,2026-08-19T06:19:33.925255+00:00,2026-08-19T06:19:59.603066+00:00
32,301,Kelleher,11,GKP,39,0.1612,0.7157,0.04,0.0384,0.0403,0.0,1,2,90,1,2026-08-19T06:19:33.925255+00:00,2026-08-19T06:19:59.603066+00:00
32,302,Konaté,11,DEF,49,1.9196,2.1679,0.68,0.0704,0.638,0.0052,1,0,0,0,2026-08-19T06:19:33.925255+00:00,2026-08-19T06:19:59.603066+00:00
32,303,Luis Díaz,11,MID,76,3.9064,3.3696,0.82,0.0324,0.7652,0.064,1,7,90,1,2026-08-19T06:19:33.925255+00:00,2026-08-19T06:19:59.603066+00:00
32,304,Mac Allister,11,MID,59,2.814,2.2357,0.82,0.0324,0.7652,0.0116,1,2,90,1,2026-08-19T06:19:33.925255+00:00,2026-08-19T06:19:59.603066+00:00
32,305,Matip,11,DEF,48,0,0,0.0,0.0,0.0,0,1,0,0,0,2026-08-19T06:19:33.925255+00:00,2026-08-19T06:19:59.603066+00:00
32,306,Phillips,11,DEF,40,0,0,0.0,0.0,0.0,0,1,0,0,0,2026-08-19T06:19:33.925255+00:00,2026-08-19T06:19:59.603066+00:00
32,307,Robertson,11,DEF,64,1.658,2.2213,0.48,0.1456,0.458,0.0064,1,1,90,1,2026-08-19T06:19:33.925255+00:00,2026-08-19T06:19:59.603066+00:00
32,308,Salah,11,MID,134,4.7012,4.7232,0.68,0.0576,0.637,0.1456,1,8,90,1,2026-08-19T06:19:33.925255+00:00,2026-08-19T06:19:59.603066+00:00
32,309,Szoboszlai,11,MID,71,2.5164,2.3525,0.68,0.0576,0.637,0.0124,1,2,65,1,2026-08-19T06:19:33.925255+00:00,2026-08-19T06:19:59.603066+00:00
32,310,Thiago,11,MID,47,0.4536,0.9454,0.09,0.2002,0.0997,0.0,1,0,0,0,2026-08-19T06:19:33.925255+00:00,2026-08-19T06:19:59.603066+00:00
32,311,Tsimikas,11,DEF,44,0.8964,1.6725,0.22,0.1716,0.2183,0.002,1,0,0,0,2026-08-19T06:19:33.925255+00:00,2026-08-19T06:19:59.603066+00:00
32,312,Van den Berg,11,DEF,40,0,0,0.0,0.0,0.0,0,1,0,0,0,2026-08-19T06:19:33.925255+00:00,2026-08-19T06:19:59.603066+00:00
32,313,Virgil,11,DEF,66,2.7304,2.6343,0.82,0.0324,0.7652,0.0204,1,1,90,1,2026-08-19T06:19:33.925255+00:00,2026-08-19T06:19:59.603066+00:00
32,626,Quansah,11,DEF,40,0.724,1.3939,0.22,0.1716,0.2183,0.0008,1,1,90,1,2026-08-19T06:19:33.925255+00:00,2026-08-19T06:19:59.603066+00:00
32,627,Clark,11,MID,44,0.4584,0.9203,0.1,0.198,0.1088,0.0004,1,0,0,0,2026-08-19T06:19:33.925255+00:00,2026-08-19T06:19:59.603066+00:00
32,628,Doak,11,MID,43,0,0,0.0,0.0,0.0,0,1,0,0,0,2026-08-19T06:19:33.925255+00:00,2026-08-19T06:19:59.603066+00:00
32,629,McConnell,11,MID,44,0.4504,0.8908,0.1,0.198,0.1088,0.0,1,0,0,0,2026-08-19T06:19:33.925255+00:00,2026-08-19T06:19:59.603066+00:00
32,668,Endo,11,MID,54,1.2208,1.5248,0.48,0.1144,0.4556,0.002,1,2,68,1,2026-08-19T06:19:33.925255+00:00,2026-08-19T06:19:59.603066+00:00
32,708,Gravenberch,11,MID,50,1.5332,1.8661,0.48,0.1144,0.4556,0.006,1,0,0,0,2026-08-19T06:19:33.925255+00:00,2026-08-19T06:19:59.603066+00:00
32,726,Chambers,11,DEF,40,0,0,0.0,0.0,0.0,0,1,0,0,0,2026-08-19T06:19:33.925255+00:00,2026-08-19T06:19:59.603066+00:00
32,728,Scanlon,11,DEF,39,0.4752,1.1435,0.1,0.198,0.1088,0.0004,1,0,0,0,2026-08-19T06:19:33.925255+00:00,2026-08-19T06:19:59.603066+00:00
32,743,Nyoni,11,MID,45,0.4676,0.9302,0.1,0.198,0.1088,0.0,1,0,0,0,2026-08-19T06:19:33.925255+00:00,2026-08-19T06:19:59.603066+00:00
32,756,Pitaluga,11,GKP,40,0,0,0.0,0.0,0.0,0,1,0,0,0,2026-08-19T06:19:33.925255+00:00,2026-08-19T06:19:59.603066+00:00
32,757,Bradley,11,DEF,43,0.9936,1.8994,0.22,0.1716,0.2183,0.0044,1,1,65,1,2026-08-19T06:19:33.925255+00:00,2026-08-19T06:19:59.603066+00:00
32,782,Beck,11,DEF,45,0,0,0.0,0.0,0.0,0,1,0,0,0,2026-08-19T06:19:33.925255+00:00,2026-08-19T06:19:59.603066+00:00
32,783,Gordon,11,MID,45,0.4928,0.9512,0.1,0.198,0.1088,0.0,1,0,0,0,2026-08-19T06:19:33.925255+00:00,2026-08-19T06:19:59.603066+00:00
32,812,Koumas,11,FWD,45,0.4352,0.8573,0.1,0.198,0.1088,0.0004,1,0,0,0,2026-08-19T06:19:33.925255+00:00,2026-08-19T06:19:59.603066+00:00
32,813,Mrozek,11,GKP,40,0.1268,0.6142,0.04,0.0384,0.0403,0.0,1,0,0,0,2026-08-19T06:19:33.925255+00:00,2026-08-19T06:19:59.603066+00:00
32,824,Danns,11,FWD,43,0.4524,0.8985,0.1,0.198,0.1088,0.0004,1,0,0,0,2026-08-19T06:19:33.925255+00:00,2026-08-19T06:19:59.603066+00:00
32,837,Nallo,11,DEF,40,0.4868,1.1607,0.1,0.198,0.1088,0.0008,1,0,0,0,2026-08-19T06:19:33.925255+00:00,2026-08-19T06:19:59.603066+00:00
32,21,Sambi,12,MID,49,1.4164,1.6702,0.48,0.1144,0.4556,0.0024,1,0,0,0,2026-08-19T06:19:33.925255+00:00,2026-08-19T06:19:59.603066+00:00
32,52,Nakamba,12,MID,43,0,0,0.0,0.0,0.0,0,1,0,0,0,2026-08-19T06:19:33.925255+00:00,2026-08-19T06:19:59.603066+00:00
32,314,Adebayo,12,FWD,48,1.9984,2.5043,0.48,0.1144,0.4556,0.0208,1,0,0,0,2026-08-19T06:19:33.925255+00:00,2026-08-19T06:19:59.603066+00:00
32,315,Andersen,12,DEF,39,0.4912,1.1562,0.11,0.1958,0.118,0.0004,1,0,0,0,2026-08-19T06:19:33.925255+00:00,2026-08-19T06:19:59.603066+00:00
32,316,Bell,12,DEF,39,0,0,0.0,0.0,0.0,0,1,0,0,0,2026-08-19T06:19:33.925255+00:00,2026-08-19T06:19:59.603066+00:00
32,317,Berry,12,MID,46,0.6704,1.2129,0.18,0.1804,0.1818,0.0008,1,4,28,0,2026-08-19T06:19:33.925255+00:00,2026-08-19T06:19:59.603066+00:00
32,318,Burke,12,DEF,40,0,0,0.0,0.0,0.0,0,1,2,90,1,2026-08-19T06:19:33.925255+00:00,2026-08-19T06:19:59.603066+00:00
32,319,Campbell,12,MID,49,0,0,0.0,0.0,0.0,0,1,0,0,0,2026-08-19T06:19:33.925255+00:00,2026-08-19T06:19:59.603066+00:00
32,320,Clark,12,MID,48,1.3168,1.5796,0.48,0.1144,0.4556,0.002,1,10,90,1,2026-08-19T06:19:33.925255+00:00,2026-08-19T06:19:59.603066+00:00
32,321,Doughty,12,DEF,46,3.544,2.9749,0.82,0.0324,0.7652,0.036,1,2,90,1,2026-08-19T06:19:33.925255+00:00,2026-08-19T06:19:59.603066+00:00
32,322,Freeman,12,MID,49,0,0,0.0,0.0,0.0,0,1,0,0,0,2026-08-19T06:19:33.925255+00:00,2026-08-19T06:19:59.603066+00:00
32,323,Macey,12,GKP,40,0,0,0.0,0.0,0.0,0,1,0,0,0,2026-08-19T06:19:33.925255+00:00,2026-08-19T06:19:59.603066+00:00
32,324,McAtee,12,FWD,45,0,0,0.0,0.0,0.0,0,1,0,0,0,2026-08-19T06:19:33.925255+00:00,2026-08-19T06:19:59.603066+00:00
32,325,Mendes,12,MID,45,0,0,0.0,0.0,0.0,0,1,0,0,0,2026-08-19T06:19:33.925255+00:00,2026-08-19T06:19:59.603066+00:00
32,326,Morris,12,FWD,50,3.56,2.8966,0.82,0.0324,0.7652,0.0468,1,8,90,1,2026-08-19T06:19:33.925255+00:00,2026-08-19T06:19:59.603066+00:00
32,327,Muskwe,12,FWD,45,0,0,0.0,0.0,0.0,0,1,0,0,0,2026-08-19T06:19:33.925255+00:00,2026-08-19T06:19:59.603066+00:00
32,328,Ogbene,12,FWD,48,2.6332,2.5326,0.68,0.0576,0.637,0.0188,1,0,0,0,2026-08-19T06:19:33.925255+00:00,2026-08-19T06:19:59.603066+00:00
32,329,Onyedinma,12,MID,50,0.7068,1.3148,0.18,0.1804,0.1818,0.0016,1,1,28,0,2026-08-19T06:19:33.925255+00:00,2026-08-19T06:19:59.603066+00:00
32,330,Osho,12,DEF,44,0.8288,1.6711,0.22,0.1716,0.2183,0.0028,1,0,0,0,2026-08-19T06:19:33.925255+00:00,2026-08-19T06:19:59.603066+00:00
32,331,Pepple,12,FWD,45,0,0,0.0,0.0,0.0,0,1,0,0,0,2026-08-19T06:19:33.925255+00:00,2026-08-19T06:19:59.603066+00:00
32,332,Pereira,12,MID,44,0,0,0.0,0.0,0.0,0,1,0,0,0,2026-08-19T06:19:33.925255+00:00,2026-08-19T06:19:59.603066+00:00
32,333,Potts,12,DEF,39,0.3408,0.8764,0.05,0.209,0.0632,0.0004,1,0,0,0,2026-08-19T06:19:33.925255+00:00,2026-08-19T06:19:59.603066+00:00
32,334,Rea,12,MID,44,0,0,0.0,0.0,0.0,0,1,0,0,0,2026-08-19T06:19:33.925255+00:00,2026-08-19T06:19:59.603066+00:00
32,335,Shea,12,GKP,42,0.1848,0.8303,0.04,0.0384,0.0403,0.0,1,0,0,0,2026-08-19T06:19:33.925255+00:00,2026-08-19T06:19:59.603066+00:00
32,336,Taylor,12,FWD,45,0,0,0.0,0.0,0.0,0,1,0,0,0,2026-08-19T06:19:33.925255+00:00,2026-08-19T06:19:59.603066+00:00
32,337,Thorpe,12,MID,45,0,0,0.0,0.0,0.0,0,1,0,0,0,2026-08-19T06:19:33.925255+00:00,2026-08-19T06:19:59.603066+00:00
32,338,Walton,12,GKP,40,0,0,0.0,0.0,0.0,0,1,0,0,0,2026-08-19T06:19:33.925255+00:00,2026-08-19T06:19:59.603066+00:00
32,339,Watson,12,MID,44,0,0,0.0,0.0,0.0,0,1,0,0,0,2026-08-19T06:19:33.925255+00:00,2026-08-19T06:19:59.603066+00:00
32,340,Woodrow,12,FWD,43,0.908,1.4506,0.28,0.1584,0.2731,0.0008,1,4,10,0,2026-08-19T06:19:33.925255+00:00,2026-08-19T06:19:59.603066+00:00
32,393,Mengi,12,DEF,39,0.7832,1.6016,0.22,0.1404,0.2158,0.0016,1,2,90,1,2026-08-19T06:19:33.925255+00:00,2026-08-19T06:19:59.603066+00:00
32,553,Giles,12,DEF,42,0,0,0.0,0.0,0.0,0,1,0,0,0,2026-08-19T06:19:33.925255+00:00,2026-08-19T06:19:59.603066+00:00
32,575,Lockyer,12,DEF,42,0,0,0.0,0.0,0.0,0,1,0,0,0,2026-08-19T06:19:33.925255+00:00,2026-08-19T06:19:59.603066+00:00
32,582,Mpanzu,12,MID,46,1.454,1.6903,0.48,0.1144,0.4556,0.0012,1,0,0,0,2026-08-19T06:19:33.925255+00:00,2026-08-19T06:19:59.603066+00:00
32,586,Chong,12,MID,47,1.736,2.1711,0.48,0.1144,0.4556,0.006,1,2,79,1,2026-08-19T06:19:33.925255+00:00,2026-08-19T06:19:59.603066+00:00
32,602,Kaboré,12,DEF,40,0,0,0.0,0.0,0.0,0,1,2,90,1,2026-08-19T06:19:33.925255+00:00,2026-08-19T06:19:59.603066+00:00
32,614,Kaminski,12,GKP,45,3.4484,2.3009,0.9,0.004,0.8373,0.0008,1,2,90,1,2026-08-19T06:19:33.925255+00:00,2026-08-19T06:19:59.603066+00:00
32,630,Barkley,12,MID,48,0,0,0.0,0.0,0.0,0,1,2,90,1,2026-08-19T06:19:33.925255+00:00,2026-08-19T06:19:59.603066+00:00
32,631,Brown,12,FWD,49,0,0,0.0,0.0,0.0,0,1,0,0,0,2026-08-19T06:19:33.925255+00:00,2026-08-19T06:19:59.603066+00:00
32,648,Francis-Clarke,12,DEF,40,0,0,0.0,0.0,0.0,0,1,0,0,0,2026-08-19T06:19:33.925255+00:00,2026-08-19T06:19:59.603066+00:00
32,665,Krul,12,GKP,44,0.1812,0.8531,0.04,0.0384,0.0403,0.0004,1,0,0,0,2026-08-19T06:19:33.925255+00:00,2026-08-19T06:19:59.603066+00:00
32,682,Johnson,12,DEF,40,0.5216,1.2736,0.1,0.198,0.1088,0.0008,1,0,0,0,2026-08-19T06:19:33.925255+00:00,2026-08-19T06:19:59.603066+00:00
32,727,Townsend,12,MID,50,1.766,2.1476,0.48,0.1144,0.4556,0.0068,1,2,61,1,2026-08-19T06:19:33.925255+00:00,2026-08-19T06:19:59.603066+00:00
32,729,Luker,12,MID,45,0,0,0.0,0.0,0.0,0,1,0,0,0,2026-08-19T06:19:33.925255+00:00,2026-08-19T06:19:59.603066+00:00
32,734,Nelson,12,MID,45,0.4936,1.0186,0.1,0.198,0.1088,0.0004,1,0,0,0,2026-08-19T06:19:33.925255+00:00,2026-08-19T06:19:59.603066+00:00
32,798,Hashioka,12,DEF,40,0.4876,1.1338,0.1,0.198,0.1088,0.0008,1,2,61,1,2026-08-19T06:19:33.925255+00:00,2026-08-19T06:19:59.603066+00:00
32,831,Piesold,12,MID,45,0.4616,0.9445,0.1,0.198,0.1088,0.0,1,0,0,0,2026-08-19T06:19:33.925255+00:00,2026-08-19T06:19:59.603066+00:00
32,839,Martins,12,MID,45,0.5008,1.0119,0.1,0.198,0.1088,0.0008,1,0,0,0,2026-08-19T06:19:33.925255+00:00,2026-08-19T06:19:59.603066+00:00
32,844,Chigozie,12,DEF,40,0.488,1.1426,0.1,0.198,0.1088,0.0004,1,0,0,0,2026-08-19T06:19:33.925255+00:00,2026-08-19T06:19:59.603066+00:00
32,848,Harris,12,FWD,45,0.46,0.9972,0.1,0.198,0.1088,0.0008,1,,,,2026-08-19T06:19:33.925255+00:00,
32,341,Akanji,13,DEF,49,2.1472,2.3693,0.68,0.0576,0.637,0.0092,1,1,45,1,2026-08-19T06:19:33.925255+00:00,2026-08-19T06:19:59.603066+00:00
32,342,Aké,13,DEF,50,2.4408,2.6756,0.68,0.0576,0.637,0.0184,1,0,0,0,2026-08-19T06:19:33.925255+00:00,2026-08-19T06:19:59.603066+00:00
32,343,J.Alvarez,13,FWD,64,3.798,3.0511,0.82,0.0324,0.7652,0.0592,1,2,73,1,2026-08-19T06:19:33.925255+00:00,2026-08-19T06:19:59.603066+00:00
32,344,Bernardo,13,MID,62,3.3612,2.7262,0.82,0.0324,0.7652,0.0308,1,1,1,0,2026-08-19T06:19:33.925255+00:00,2026-08-19T06:19:59.603066+00:00
32,345,Bobb,13,MID,44,0.4816,1.0619,0.1,0.198,0.1088,0.0008,1,2,90,1,2026-08-19T06:19:33.925255+00:00,2026-08-19T06:19:59.603066+00:00
32,346,Cancelo,13,DEF,58,0,0,0.0,0.0,0.0,0,1,0,0,0,2026-08-19T06:19:33.925255+00:00,2026-08-19T06:19:59.603066+00:00
32,347,Carson,13,GKP,38,0.176,0.7749,0.04,0.0384,0.0403,0.0,1,0,0,0,2026-08-19T06:19:33.925255+00:00,2026-08-19T06:19:59.603066+00:00
32,348,Charles,13,MID,45,0,0,0.0,0.0,0.0,0,1,0,0,0,2026-08-19T06:19:33.925255+00:00,2026-08-19T06:19:59.603066+00:00
32,349,De Bruyne,13,MID,103,1.6912,2.6484,0.28,0.2016,0.2765,0.0204,1,18,90,1,2026-08-19T06:19:33.925255+00:00,2026-08-19T06:19:59.603066+00:00
32,350,Rúben,13,DEF,55,2.3628,2.2593,0.82,0.0324,0.7652,0.0076,1,1,90,1,2026-08-19T06:19:33.925255+00:00,2026-08-19T06:19:59.603066+00:00
32,352,Ederson M.,13,GKP,55,0,0,0.0,0.0,0.0,0,1,0,0,0,2026-08-19T06:19:33.925255+00:00,2026-08-19T06:19:59.603066+00:00
32,353,Foden,13,MID,82,4.32,3.455,0.82,0.0324,0.7652,0.0776,1,0,0,0,2026-08-19T06:19:33.925255+00:00,2026-08-19T06:19:59.603066+00:00
32,354,Grealish,13,MID,72,1.9644,2.5181,0.48,0.1456,0.458,0.0152,1,2,90,1,2026-08-19T06:19:33.925255+00:00,2026-08-19T06:19:59.603066+00:00
32,355,Haaland,13,FWD,143,5.1944,3.9913,0.82,0.0324,0.7652,0.1476,1,8,90,1,2026-08-19T06:19:33.925255+00:00,2026-08-19T06:19:59.603066+00:00
32,356,Kovačić,13,MID,46,1.2988,1.5855,0.48,0.1144,0.4556,0.0032,1,1,16,0,2026-08-19T06:19:33.925255+00:00,2026-08-19T06:19:59.603066+00:00
32,357,Laporte,13,DEF,49,0,0,0.0,0.0,0.0,0,1,0,0,0,2026-08-19T06:19:33.925255+00:00,2026-08-19T06:19:59.603066+00:00
32,358,R.Lewis,13,DEF,42,0.7868,1.5057,0.22,0.1716,0.2183,0.0004,1,8,90,1,2026-08-19T06:19:33.925255+00:00,2026-08-19T06:19:59.603066+00:00
32,359,Mahrez,13,MID,75,0,0,0.0,0.0,0.0,0,1,0,0,0,2026-08-19T06:19:33.925255+00:00,2026-08-19T06:19:59.603066+00:00
32,361,Ortega Moreno,13,GKP,37,2.7504,2.0756,0.88,0.0048,0.8188,0.0008,1,1,90,1,2026-08-19T06:19:33.925255+00:00,2026-08-19T06:19:59.603066+00:00
32,363,Perrone,13,MID,44,0,0,0.0,0.0,0.0,0,1,0,0,0,2026-08-19T06:19:33.925255+00:00,2026-08-19T06:19:59.603066+00:00
32,365,Rodrigo,13,MID,56,3.0708,2.4363,0.82,0.0324,0.7652,0.0216,1,5,73,1,2026-08-19T06:19:33.925255+00:00,2026-08-19T06:19:59.603066+00:00
32,366,Sergio Gómez,13,DEF,38,0.4676,1.116,0.1,0.198,0.1088,0.0012,1,0,0,0,2026-08-19T06:19:33.925255+00:00,2026-08-19T06:19:59.603066+00:00
32,367,Steffen,13,GKP,39,0,0,0.0,0.0,0.0,0,1,0,0,0,2026-08-19T06:19:33.925255+00:00,2026-08-19T06:19:59.603066+00:00
32,368,Stones,13,DEF,53,1.6224,2.2727,0.48,0.1144,0.4556,0.0072,1,1,90,1,2026-08-19T06:19:33.925255+00:00,2026-08-19T06:19:59.603066+00:00
32,369,Walker,13,DEF,53,2.602,2.3381,0.82,0.0324,0.7652,0.008,1,0,0,0,2026-08-19T06:19:33.925255+00:00,2026-08-19T06:19:59.603066+00:00
32,566,Matheus N.,13,MID,47,1.5564,1.7461,0.48,0.1144,0.4556,0.0024,1,1,16,0,2026-08-19T06:19:33.925255+00:00,2026-08-19T06:19:59.603066+00:00
32,616,Gvardiol,13,DEF,48,2.144,2.3727,0.68,0.0576,0.637,0.0104,1,0,45,1,2026-08-19T06:19:33.925255+00:00,2026-08-19T06:19:59.603066+00:00
32,678,Doku,13,MID,64,2.0772,2.4742,0.48,0.1456,0.458,0.0156,1,0,0,0,2026-08-19T06:19:33.925255+00:00,2026-08-19T06:19:59.603066+00:00
32,762,Susoho,13,MID,45,0.4612,0.91,0.1,0.198,0.1088,0.0,1,0,0,0,2026-08-19T06:19:33.925255+00:00,2026-08-19T06:19:59.603066+00:00
32,771,Hamilton,13,MID,45,0.4524,0.9183,0.1,0.198,0.1088,0.0004,1,0,0,0,2026-08-19T06:19:33.925255+00:00,2026-08-19T06:19:59.603066+00:00
32,814,Wright,13,MID,45,0.4572,0.9307,0.1,0.198,0.1088,0.0004,1,0,0,0,2026-08-19T06:19:33.925255+00:00,2026-08-19T06:19:59.603066+00:00
32,209,Mount,14,MID,68,0.7328,1.3693,0.14,0.2408,0.1495,0.0008,1,0,6,0,2026-08-19T06:19:33.925255+00:00,2026-08-19T06:19:59.603066+00:00
32,370,Alex Telles,14,DEF,45,0,0,0.0,0.0,0.0,0,1,0,0,0,2026-08-19T06:19:33.925255+00:00,2026-08-19T06:19:59.603066+00:00
32,371,Amad,14,MID,44,0.4688,0.9324,0.1,0.198,0.1088,0.0,1,0,0,0,2026-08-19T06:19:33.925255+00:00,2026-08-19T06:19:59.603066+00:00
32,372,Antony,14,MID,68,1.7636,2.266,0.48,0.1456,0.458,0.0104,1,0,24,0,2026-08-19T06:19:33.925255+00:00,2026-08-19T06:19:59.603066+00:00
32,373,B.Fernandes,14,MID,82,3.9268,3.2258,0.82,0.0324,0.7652,0.06,1,9,90,1,2026-08-19T06:19:33.925255+00:00,2026-08-19T06:19:59.603066+00:00
32,374,B.Williams,14,DEF,40,0,0,0.0,0.0,0.0,0,1,0,0,0,2026-08-19T06:19:33.925255+00:00,2026-08-19T06:19:59.603066+00:00
32,375,Bailly,14,DEF,40,0,0,0.0,0.0,0.0,0,1,0,0,0,2026-08-19T06:19:33.925255+00:00,2026-08-19T06:19:59.603066+00:00
32,376,Casemiro,14,MID,53,2.1764,2.3276,0.68,0.0704,0.638,0.0132,1,1,90,1,2026-08-19T06:19:33.925255+00:00,2026-08-19T06:19:59.603066+00:00
32,377,Dalot,14,DEF,52,3.0932,2.6639,0.82,0.0324,0.7652,0.0172,1,1,90,1,2026-08-19T06:19:33.925255+00:00,2026-08-19T06:19:59.603066+00:00
32,379,Eriksen,14,MID,58,1.8572,2.1493,0.48,0.1456,0.458,0.0076,1,0,0,0,2026-08-19T06:19:33.925255+00:00,2026-08-19T06:19:59.603066+00:00
32,380,Fernandez,14,DEF,40,0,0,0.0,0.0,0.0,0,1,0,0,0,2026-08-19T06:19:33.925255+00:00,2026-08-19T06:19:59.603066+00:00
32,381,Fred,14,MID,50,0,0,0.0,0.0,0.0,0,1,0,0,0,2026-08-19T06:19:33.925255+00:00,2026-08-19T06:19:59.603066+00:00
32,382,Garnacho,14,MID,49,3.0428,3.1983,0.68,0.0576,0.637,0.042,1,2,79,1,2026-08-19T06:19:33.925255+00:00,2026-08-19T06:19:59.603066+00:00
32,383,Hannibal,14,MID,43,0,0,0.0,0.0,0.0,0,1,0,0,0,2026-08-19T06:19:33.925255+00:00,2026-08-19T06:19:59.603066+00:00
32,384,Heaton,14,GKP,39,0.1776,0.8241,0.04,0.0384,0.0403,0.0,1,0,0,0,2026-08-19T06:19:33.925255+00:00,2026-08-19T06:19:59.603066+00:00
32,386,Lindelof,14,DEF,45,0.584,1.3829,0.11,0.1958,0.118,0.0012,1,0,0,0,2026-08-19T06:19:33.925255+00:00,2026-08-19T06:19:59.603066+00:00
32,387,Maguire,14,DEF,42,0,0,0.0,0.0,0.0,0,1,1,90,1,2026-08-19T06:19:33.925255+00:00,2026-08-19T06:19:59.603066+00:00
32,388,Mainoo,14,MID,44,1.8816,1.5841,0.68,0.0704,0.638,0.0012,1,10,84,1,2026-08-19T06:19:33.925255+00:00,2026-08-19T06:19:59.603066+00:00
32,389,Malacia,14,DEF,43,0,0,0.0,0.0,0.0,0,1,0,0,0,2026-08-19T06:19:33.925255+00:00,2026-08-19T06:19:59.603066+00:00
32,390,Martial,14,FWD,64,0.6956,1.3418,0.14,0.2408,0.1495,0.0032,1,0,0,0,2026-08-19T06:19:33.925255+00:00,2026-08-19T06:19:59.603066+00:00
32,391,Martinez,14,DEF,47,0.9296,1.7112,0.28,0.1584,0.2731,0.0024,1,0,0,0,2026-08-19T06:19:33.925255+00:00,2026-08-19T06:19:59.603066+00:00
32,392,McTominay,14,MID,46,2.8688,2.9955,0.68,0.0576,0.637,0.0288,1,0,0,0,2026-08-19T06:19:33.925255+00:00,2026-08-19T06:19:59.603066+00:00
32,394,Pellistri,14,MID,42,0,0,0.0,0.0,0.0,0,1,0,0,0,2026-08-19T06:19:33.925255+00:00,2026-08-19T06:19:59.603066+00:00
32,395,R.Varane,14,DEF,49,2.3636,2.4945,0.68,0.0704,0.638,0.01,1,0,0,0,2026-08-19T06:19:33.925255+00:00,2026-08-19T06:19:59.603066+00:00
32,396,Rashford,14,MID,84,3.5784,3.174,0.82,0.0324,0.7652,0.0536,1,2,65,1,2026-08-19T06:19:33.925255+00:00,2026-08-19T06:19:59.603066+00:00
32,397,Sancho,14,MID,67,0,0,0.0,0.0,0.0,0,1,0,0,0,2026-08-19T06:19:33.925255+00:00,2026-08-19T06:19:59.603066+00:00
32,398,Shaw,14,DEF,52,0,0,0.0,0.0,0.0,0,1,0,0,0,2026-08-19T06:19:33.925255+00:00,2026-08-19T06:19:59.603066+00:00
32,399,Shoretire,14,FWD,44,0.4632,0.9513,0.1,0.198,0.1088,0.0008,1,0,0,0,2026-08-19T06:19:33.925255+00:00,2026-08-19T06:19:59.603066+00:00
32,400,Van de Beek,14,MID,47,0,0,0.0,0.0,0.0,0,1,0,0,0,2026-08-19T06:19:33.925255+00:00,2026-08-19T06:19:59.603066+00:00
32,401,Wan-Bissaka,14,DEF,44,0.9204,1.8252,0.22,0.1716,0.2183,0.004,1,4,90,1,2026-08-19T06:19:33.925255+00:00,2026-08-19T06:19:59.603066+00:00
32,597,Onana,14,GKP,49,3.6048,2.3743,0.9,0.008,0.8376,0.002,1,2,90,1,2026-08-19T06:19:33.925255+00:00,2026-08-19T06:19:59.603066+00:00
32,617,Højlund,14,FWD,70,2.9628,2.8319,0.68,0.0576,0.637,0.034,1,2,90,1,2026-08-19T06:19:33.925255+00:00,2026-08-19T06:19:59.603066+00:00
32,632,Forson,14,MID,44,0.4552,0.8553,0.1,0.198,0.1088,0.0,1,0,0,0,2026-08-19T06:19:33.925255+00:00,2026-08-19T06:19:59.603066+00:00
32,669,Vítek,14,GKP,40,0,0,0.0,0.0,0.0,0,1,0,0,0,2026-08-19T06:19:33.925255+00:00,2026-08-19T06:19:59.603066+00:00
32,685,Gore,14,MID,45,0,0,0.0,0.0,0.0,0,1,0,0,0,2026-08-19T06:19:33.925255+00:00,2026-08-19T06:19:59.603066+00:00
32,695,Altay,14,GKP,40,0.1728,0.8212,0.04,0.0384,0.0403,0.0004,1,0,0,0,2026-08-19T06:19:33.925255+00:00,2026-08-19T06:19:59.603066+00:00
32,703,Evans,14,DEF,40,0.8568,1.6458,0.22,0.1716,0.2183,0.0012,1,0,0,0,2026-08-19T06:19:33.925255+00:00,2026-08-19T06:19:59.603066+00:00
32,709,Amrabat,14,MID,50,0.7752,1.2575,0.28,0.1584,0.2731,0.0012,1,1,11,0,2026-08-19T06:19:33.925255+00:00,2026-08-19T06:19:59.603066+00:00
32,748,Hugill,14,FWD,45,0,0,0.0,0.0,0.0,0,1,0,0,0,2026-08-19T06:19:33.925255+00:00,2026-08-19T06:19:59.603066+00:00
32,766,Kambwala,14,DEF,39,0.5116,1.2212,0.1,0.198,0.1088,0.0,1,0,90,1,2026-08-19T06:19:33.925255+00:00,2026-08-19T06:19:59.603066+00:00
32,768,Bennett,14,DEF,40,0,0,0.0,0.0,0.0,0,1,0,0,0,2026-08-19T06:19:33.925255+00:00,2026-08-19T06:19:59.603066+00:00
32,826,Collyer,14,MID,45,0.5064,1.0147,0.1,0.198,0.1088,0.0004,1,0,0,0,2026-08-19T06:19:33.925255+00:00,2026-08-19T06:19:59.603066+00:00
32,833,Ogunneye,14,DEF,40,0.4752,1.1543,0.1,0.198,0.1088,0.0004,1,0,0,0,2026-08-19T06:19:33.925255+00:00,2026-08-19T06:19:59.603066+00:00
32,835,Mee,14,GKP,40,0.2,0.8897,0.04,0.0384,0.0403,0.0,1,0,0,0,2026-08-19T06:19:33.925255+00:00,2026-08-19T06:19:59.603066+00:00
32,846,Amass,14,DEF,40,0.5264,1.3034,0.1,0.198,0.1088,0.002,1,0,0,0,2026-08-19T06:19:33.925255+00:00,2026-08-19T06:19:59.603066+00:00
32,850,Wheatley,14,FWD,45,0.4624,0.9795,0.1,0.198,0.1088,0.0008,1,,,,2026-08-19T06:19:33.925255+00:00,
32,856,Jackson,14,DEF,40,0.5328,1.3008,0.1,0.198,0.1088,0.0012,1,,,,2026-08-19T06:19:33.925255+00:00,
32,204,Hall,15,DEF,42,0.4792,1.1369,0.1,0.198,0.1088,0.0008,1,6,90,1,2026-08-19T06:19:33.925255+00:00,2026-08-19T06:19:59.603066+00:00
32,402,Almirón,15,MID,60,2.5936,2.578,0.68,0.0576,0.637,0.0196,1,0,0,0,2026-08-19T06:19:33.925255+00:00,2026-08-19T06:19:59.603066+00:00
32,403,Anderson,15,MID,42,0.916,1.406,0.28,0.1584,0.2731,0.0012,1,1,50,1,2026-08-19T06:19:33.925255+00:00,2026-08-19T06:19:59.603066+00:00
32,404,Ashby,15,DEF,40,0,0,0.0,0.0,0.0,0,1,0,0,0,2026-08-19T06:19:33.925255+00:00,2026-08-19T06:19:59.603066+00:00
32,405,Botman,15,DEF,45,0,0,0.0,0.0,0.0,0,1,0,0,0,2026-08-19T06:19:33.925255+00:00,2026-08-19T06:19:59.603066+00:00
32,406,Bruno G.,15,MID,58,2.576,2.1666,0.82,0.0324,0.7652,0.0136,1,11,90,1,2026-08-19T06:19:33.925255+00:00,2026-08-19T06:19:59.603066+00:00
32,407,Burn,15,DEF,45,0.884,1.8908,0.22,0.1404,0.2158,0.0052,1,6,90,1,2026-08-19T06:19:33.925255+00:00,2026-08-19T06:19:59.603066+00:00
32,408,Darlow,15,GKP,40,0,0,0.0,0.0,0.0,0,1,0,0,0,2026-08-19T06:19:33.925255+00:00,2026-08-19T06:19:59.603066+00:00
32,409,Dubravka,15,GKP,42,3.1572,2.1018,0.9,0.004,0.8373,0.002,1,9,90,1,2026-08-19T06:19:33.925255+00:00,2026-08-19T06:19:59.603066+00:00
32,410,Fraser,15,MID,49,0,0,0.0,0.0,0.0,0,1,0,0,0,2026-08-19T06:19:33.925255+00:00,2026-08-19T06:19:59.603066+00:00
32,411,Gillespie,15,GKP,39,0.156,0.7573,0.04,0.0384,0.0403,0.0,1,0,0,0,2026-08-19T06:19:33.925255+00:00,2026-08-19T06:19:59.603066+00:00
32,412,Gordon,15,MID,60,1.764,2.601,0.41,0.1062,0.3898,0.0188,1,3,90,1,2026-08-19T06:19:33.925255+00:00,2026-08-19T06:19:59.603066+00:00
32,413,Hayden,15,MID,44,0,0,0.0,0.0,0.0,0,1,0,0,0,2026-08-19T06:19:33.925255+00:00,2026-08-19T06:19:59.603066+00:00
32,414,Hendrick,15,MID,44,0,0,0.0,0.0,0.0,0,1,0,0,0,2026-08-19T06:19:33.925255+00:00,2026-08-19T06:19:59.603066+00:00
32,415,Isak,15,FWD,79,3.9492,3.7745,0.68,0.0576,0.637,0.0952,1,2,90,1,2026-08-19T06:19:33.925255+00:00,2026-08-19T06:19:59.603066+00:00
32,416,Joelinton,15,MID,58,1.588,2.0447,0.48,0.1456,0.458,0.0072,1,0,0,0,2026-08-19T06:19:33.925255+00:00,2026-08-19T06:19:59.603066+00:00
32,417,Krafth,15,DEF,44,0.4476,1.0642,0.1,0.198,0.1088,0.0012,1,5,90,1,2026-08-19T06:19:33.925255+00:00,2026-08-19T06:19:59.603066+00:00
32,418,Kuol,15,MID,45,0,0,0.0,0.0,0.0,0,1,0,0,0,2026-08-19T06:19:33.925255+00:00,2026-08-19T06:19:59.603066+00:00
32,419,Lascelles,15,DEF,39,0,0,0.0,0.0,0.0,0,1,0,0,0,2026-08-19T06:19:33.925255+00:00,2026-08-19T06:19:59.603066+00:00
32,420,J.Lewis,15,DEF,40,0,0,0.0,0.0,0.0,0,1,0,0,0,2026-08-19T06:19:33.925255+00:00,2026-08-19T06:19:59.603066+00:00
32,421,Longstaff,15,MID,48,2.6088,2.3285,0.82,0.0324,0.7652,0.0164,1,2,90,1,2026-08-19T06:19:33.925255+00:00,2026-08-19T06:19:59.603066+00:00
32,422,Manquillo,15,DEF,40,0,0,0.0,0.0,0.0,0,1,0,0,0,2026-08-19T06:19:33.925255+00:00,2026-08-19T06:19:59.603066+00:00
32,423,J.Murphy,15,MID,48,1.1208,1.7822,0.28,0.1584,0.2731,0.0032,1,3,64,1,2026-08-19T06:19:33.925255+00:00,2026-08-19T06:19:59.603066+00:00
32,424,Pope,15,GKP,53,0.3304,1.0561,0.08,0.0736,0.0803,0.0,1,0,0,0,2026-08-19T06:19:33.925255+00:00,2026-08-19T06:19:59.603066+00:00
32,425,Ritchie,15,MID,43,0.4976,1.0477,0.1,0.198,0.1088,0.0,1,1,1,0,2026-08-19T06:19:33.925255+00:00,2026-08-19T06:19:59.603066+00:00
32,426,Saint-Maximin,15,MID,60,0,0,0.0,0.0,0.0,0,1,0,0,0,2026-08-19T06:19:33.925255+00:00,2026-08-19T06:19:59.603066+00:00
32,427,Schär,15,DEF,55,2.7012,2.5279,0.82,0.0324,0.7652,0.0164,1,7,90,1,2026-08-19T06:19:33.925255+00:00,2026-08-19T06:19:59.603066+00:00
32,428,Targett,15,DEF,42,0,0,0.0,0.0,0.0,0,1,0,0,0,2026-08-19T06:19:33.925255+00:00,2026-08-19T06:19:59.603066+00:00
32,429,Tonali,15,MID,52,0,0,0.0,0.0,0.0,0,1,0,0,0,2026-08-19T06:19:33.925255+00:00,2026-08-19T06:19:59.603066+00:00
32,430,Trippier,15,DEF,66,3.4688,2.8469,0.82,0.0324,0.7652,0.0324,1,0,0,0,2026-08-19T06:19:33.925255+00:00,2026-08-19T06:19:59.603066+00:00
32,431,Watts,15,DEF,40,0,0,0.0,0.0,0.0,0,1,0,0,0,2026-08-19T06:19:33.925255+00:00,2026-08-19T06:19:59.603066+00:00
32,432,Willock,15,MID,53,0,0,0.0,0.0,0.0,0,1,1,39,0,2026-08-19T06:19:33.925255+00:00,2026-08-19T06:19:59.603066+00:00
32,433,Wilson,15,FWD,78,2.2628,2.8549,0.48,0.1456,0.458,0.0344,1,0,0,0,2026-08-19T06:19:33.925255+00:00,2026-08-19T06:19:59.603066+00:00
32,580,Karius,15,GKP,39,0.166,0.7722,0.04,0.0384,0.0403,0.0,1,0,0,0,2026-08-19T06:19:33.925255+00:00,2026-08-19T06:19:59.603066+00:00
32,581,Dummett,15,DEF,39,0.4624,1.1386,0.1,0.198,0.1088,0.0004,1,1,1,0,2026-08-19T06:19:33.925255+00:00,2026-08-19T06:19:59.603066+00:00
32,603,Barnes,15,MID,62,1.3448,2.2634,0.28,0.2016,0.2765,0.0168,1,1,25,0,2026-08-19T06:19:33.925255+00:00,2026-08-19T06:19:59.603066+00:00
32,633,Livramento,15,DEF,41,0,0,0.0,0.0,0.0,0,1,0,0,0,2026-08-19T06:19:33.925255+00:00,2026-08-19T06:19:59.603066+00:00
32,634,A.Murphy,15,DEF,39,0.4556,1.0502,0.1,0.198,0.1088,0.0008,1,0,0,0,2026-08-19T06:19:33.925255+00:00,2026-08-19T06:19:59.603066+00:00
32,635,Miley,15,MID,45,0,0,0.0,0.0,0.0,0,1,0,0,0,2026-08-19T06:19:33.925255+00:00,2026-08-19T06:19:59.603066+00:00
32,738,Diallo,15,MID,45,0.5,1.0143,0.1,0.198,0.1088,0.0004,1,0,0,0,2026-08-19T06:19:33.925255+00:00,2026-08-19T06:19:59.603066+00:00
32,739,Parkinson,15,FWD,45,0.4432,0.9117,0.1,0.198,0.1088,0.0004,1,0,0,0,2026-08-19T06:19:33.925255+00:00,2026-08-19T06:19:59.603066+00:00
32,745,Ndiweni,15,FWD,44,0,0,0.0,0.0,0.0,0,1,0,0,0,2026-08-19T06:19:33.925255+00:00,2026-08-19T06:19:59.603066+00:00
32,794,White,15,MID,45,0.454,0.9412,0.1,0.198,0.1088,0.0004,1,0,0,0,2026-08-19T06:19:33.925255+00:00,2026-08-19T06:19:59.603066+00:00
32,795,Hernes,15,MID,45,0.4832,0.9189,0.1,0.198,0.1088,0.0,1,0,0,0,2026-08-19T06:19:33.925255+00:00,2026-08-19T06:19:59.603066+00:00
32,23,Tavares,16,DEF,40,0.6904,1.4261,0.22,0.1716,0.2183,0.0012,1,0,0,0,2026-08-19T06:19:33.925255+00:00,2026-08-19T06:19:59.603066+00:00
32,28,Turner,16,GKP,38,2.7896,2.0558,0.9,0.004,0.8373,0.0,1,0,0,0,2026-08-19T06:19:33.925255+00:00,2026-08-19T06:19:59.603066+00:00
32,205,Hudson-Odoi,16,MID,47,1.9316,2.2313,0.48,0.1144,0.4556,0.0084,1,2,90,1,2026-08-19T06:19:33.925255+00:00,2026-08-19T06:19:59.603066+00:00
32,378,Elanga,16,MID,51,3.3448,2.8264,0.82,0.0324,0.7652,0.0332,1,6,90,1,2026-08-19T06:19:33.925255+00:00,2026-08-19T06:19:59.603066+00:00
32,434,B.Aguilera,16,MID,45,0,0,0.0,0.0,0.0,0,1,0,0,0,2026-08-19T06:19:33.925255+00:00,2026-08-19T06:19:59.603066+00:00
32,435,Arter,16,MID,43,0.4568,0.9341,0.1,0.198,0.1088,0.0,1,0,0,0,2026-08-19T06:19:33.925255+00:00,2026-08-19T06:19:59.603066+00:00
32,436,Aurier,16,DEF,45,0,0,0.0,0.0,0.0,0,1,0,0,0,2026-08-19T06:19:33.925255+00:00,2026-08-19T06:19:59.603066+00:00
32,437,Awoniyi,16,FWD,63,1.9768,2.4471,0.48,0.1456,0.458,0.0168,1,0,0,0,2026-08-19T06:19:33.925255+00:00,2026-08-19T06:19:59.603066+00:00
32,438,Biancone,16,DEF,39,0,0,0.0,0.0,0.0,0,1,0,0,0,2026-08-19T06:19:33.925255+00:00,2026-08-19T06:19:59.603066+00:00
32,439,Boly,16,DEF,45,0.8904,1.7266,0.22,0.1716,0.2183,0.0036,1,0,0,0,2026-08-19T06:19:33.925255+00:00,2026-08-19T06:19:59.603066+00:00
32,440,Bowler,16,MID,45,0,0,0.0,0.0,0.0,0,1,0,0,0,2026-08-19T06:19:33.925255+00:00,2026-08-19T06:19:59.603066+00:00
32,441,Cook,16,DEF,45,0,0,0.0,0.0,0.0,0,1,0,0,0,2026-08-19T06:19:33.925255+00:00,2026-08-19T06:19:59.603066+00:00
32,442,Danilo,16,MID,53,1.35,1.6331,0.48,0.1144,0.4556,0.0024,1,1,80,1,2026-08-19T06:19:33.925255+00:00,2026-08-19T06:19:59.603066+00:00
32,443,Dennis,16,FWD,48,0,0,0.0,0.0,0.0,0,1,0,0,0,2026-08-19T06:19:33.925255+00:00,2026-08-19T06:19:59.603066+00:00
32,444,Dräger,16,DEF,40,0,0,0.0,0.0,0.0,0,1,0,0,0,2026-08-19T06:19:33.925255+00:00,2026-08-19T06:19:59.603066+00:00
32,445,Felipe,16,DEF,44,0.7276,1.4505,0.22,0.1716,0.2183,0.0012,1,0,0,0,2026-08-19T06:19:33.925255+00:00,2026-08-19T06:19:59.603066+00:00
32,446,Freuler,16,MID,49,0,0,0.0,0.0,0.0,0,1,0,0,0,2026-08-19T06:19:33.925255+00:00,2026-08-19T06:19:59.603066+00:00
32,447,Gibbs-White,16,MID,57,3.1116,2.7092,0.82,0.0324,0.7652,0.0312,1,1,67,1,2026-08-19T06:19:33.925255+00:00,2026-08-19T06:19:59.603066+00:00
32,448,Hennessey,16,GKP,39,0.1744,0.7617,0.04,0.0384,0.0403,0.0,1,0,0,0,2026-08-19T06:19:33.925255+00:00,2026-08-19T06:19:59.603066+00:00
32,449,Horvath,16,GKP,43,0,0,0.0,0.0,0.0,0,1,0,0,0,2026-08-19T06:19:33.925255+00:00,2026-08-19T06:19:59.603066+00:00
32,451,Kouyaté,16,MID,48,0.664,1.1449,0.18,0.1804,0.1818,0.0,1,0,0,0,2026-08-19T06:19:33.925255+00:00,2026-08-19T06:19:59.603066+00:00
32,452,Laryea,16,DEF,45,0,0,0.0,0.0,0.0,0,1,0,0,0,2026-08-19T06:19:33.925255+00:00,2026-08-19T06:19:59.603066+00:00
32,453,Mangala,16,MID,50,0,0,0.0,0.0,0.0,0,1,0,0,0,2026-08-19T06:19:33.925255+00:00,2026-08-19T06:19:59.603066+00:00
32,454,Mbe Soh,16,DEF,40,0,0,0.0,0.0,0.0,0,1,0,0,0,2026-08-19T06:19:33.925255+00:00,2026-08-19T06:19:59.603066+00:00
32,455,McKenna,16,DEF,44,0,0,0.0,0.0,0.0,0,1,0,0,0,2026-08-19T06:19:33.925255+00:00,2026-08-19T06:19:59.603066+00:00
32,456,Mighten,16,MID,44,0,0,0.0,0.0,0.0,0,1,0,0,0,2026-08-19T06:19:33.925255+00:00,2026-08-19T06:19:59.603066+00:00
32,457,Niakhaté,16,DEF,45,0.7952,1.6235,0.22,0.1716,0.2183,0.0032,1,0,0,0,2026-08-19T06:19:33.925255+00:00,2026-08-19T06:19:59.603066+00:00
32,458,O'Brien,16,MID,49,0,0,0.0,0.0,0.0,0,1,0,0,0,2026-08-19T06:19:33.925255+00:00,2026-08-19T06:19:59.603066+00:00
32,459,Ojeda,16,MID,45,0,0,0.0,0.0,0.0,0,1,0,0,0,2026-08-19T06:19:33.925255+00:00,2026-08-19T06:19:59.603066+00:00
32,460,Panzo,16,DEF,40,0,0,0.0,0.0,0.0,0,1,0,0,0,2026-08-19T06:19:33.925255+00:00,2026-08-19T06:19:59.603066+00:00
32,461,O.Richards,16,DEF,44,0,0,0.0,0.0,0.0,0,1,0,0,0,2026-08-19T06:19:33.925255+00:00,2026-08-19T06:19:59.603066+00:00
32,462,G.Scarpa,16,MID,45,0,0,0.0,0.0,0.0,0,1,0,0,0,2026-08-19T06:19:33.925255+00:00,2026-08-19T06:19:59.603066+00:00
32,463,J.Shelvey,16,MID,48,0,0,0.0,0.0,0.0,0,1,0,0,0,2026-08-19T06:19:33.925255+00:00,2026-08-19T06:19:59.603066+00:00
32,464,Surridge,16,FWD,45,0,0,0.0,0.0,0.0,0,1,0,0,0,2026-08-19T06:19:33.925255+00:00,2026-08-19T06:19:59.603066+00:00
32,465,Toffolo,16,DEF,44,0.814,1.6227,0.22,0.1716,0.2183,0.0032,1,0,0,0,2026-08-19T06:19:33.925255+00:00,2026-08-19T06:19:59.603066+00:00
32,466,Ui-jo,16,FWD,44,0,0,0.0,0.0,0.0,0,1,0,0,0,2026-08-19T06:19:33.925255+00:00,2026-08-19T06:19:59.603066+00:00
32,467,Williams,16,DEF,43,0,0,0.0,0.0,0.0,0,1,0,86,1,2026-08-19T06:19:33.925255+00:00,2026-08-19T06:19:59.603066+00:00
32,468,Wood,16,FWD,48,2.2536,2.7885,0.48,0.1144,0.4556,0.024,1,6,67,1,2026-08-19T06:19:33.925255+00:00,2026-08-19T06:19:59.603066+00:00
32,469,Worrall,16,DEF,43,0,0,0.0,0.0,0.0,0,1,0,0,0,2026-08-19T06:19:33.925255+00:00,2026-08-19T06:19:59.603066+00:00
32,470,Yates,16,MID,48,1.8516,1.8325,0.68,0.0576,0.637,0.0036,1,1,80,1,2026-08-19T06:19:33.925255+00:00,2026-08-19T06:19:59.603066+00:00
32,604,Aina,16,DEF,45,0.7872,1.4997,0.22,0.1716,0.2183,0.0008,1,1,90,1,2026-08-19T06:19:33.925255+00:00,2026-08-19T06:19:59.603066+00:00
32,636,G.Shelvey,16,GKP,39,0,0,0.0,0.0,0.0,0,1,0,0,0,2026-08-19T06:19:33.925255+00:00,2026-08-19T06:19:59.603066+00:00
32,637,Powell,16,DEF,39,0.48,1.1048,0.1,0.198,0.1088,0.0008,1,0,0,0,2026-08-19T06:19:33.925255+00:00,2026-08-19T06:19:59.603066+00:00
32,679,G.Montiel,16,DEF,44,0.804,1.5898,0.22,0.1716,0.2183,0.0016,1,1,3,0,2026-08-19T06:19:33.925255+00:00,2026-08-19T06:19:59.603066+00:00
32,696,Murillo,16,DEF,45,0.7816,1.581,0.22,0.1404,0.2158,0.0008,1,-1,90,1,2026-08-19T06:19:33.925255+00:00,2026-08-19T06:19:59.603066+00:00
32,710,Odysseas,16,GKP,45,0.1444,0.6932,0.04,0.0384,0.0403,0.0,1,0,0,0,2026-08-19T06:19:33.925255+00:00,2026-08-19T06:19:59.603066+00:00
32,711,Omobamidele,16,DEF,45,0.6988,1.3668,0.22,0.1716,0.2183,0.0008,1,1,90,1,2026-08-19T06:19:33.925255+00:00,2026-08-19T06:19:59.603066+00:00
32,712,Dominguez,16,MID,50,0,0,0.0,0.0,0.0,0,1,1,22,0,2026-08-19T06:19:33.925255+00:00,2026-08-19T06:19:59.603066+00:00
32,713,Sangaré,16,MID,49,1.1364,1.437,0.48,0.1144,0.4556,0.0012,1,1,9,0,2026-08-19T06:19:33.925255+00:00,2026-08-19T06:19:59.603066+00:00
32,714,Origi,16,FWD,50,0.8112,1.3146,0.28,0.1584,0.2731,0.0012,1,1,22,0,2026-08-19T06:19:33.925255+00:00,2026-08-19T06:19:59.603066+00:00
32,779,McDonnell,16,MID,45,0.4768,0.9184,0.1,0.198,0.1088,0.0,1,0,0,0,2026-08-19T06:19:33.925255+00:00,2026-08-19T06:19:59.603066+00:00
32,780,Osong,16,FWD,45,0.464,0.9539,0.1,0.198,0.1088,0.0,1,0,0,0,2026-08-19T06:19:33.925255+00:00,2026-08-19T06:19:59.603066+00:00
32,781,Gardner,16,FWD,45,0.4588,0.9046,0.1,0.198,0.1088,0.0,1,0,0,0,2026-08-19T06:19:33.925255+00:00,2026-08-19T06:19:59.603066+00:00
32,801,Reyna,16,MID,47,0.6664,1.2121,0.18,0.1804,0.1818,0.0004,1,1,9,0,2026-08-19T06:19:33.925255+00:00,2026-08-19T06:19:59.603066+00:00
32,808,Sels,16,GKP,45,0.17,0.7619,0.04,0.0384,0.0403,0.0,1,2,90,1,2026-08-19T06:19:33.925255+00:00,2026-08-19T06:19:59.603066+00:00
32,809,Ribeiro,16,FWD,45,0.4228,0.834,0.1,0.198,0.1088,0.0004,1,0,0,0,2026-08-19T06:19:33.925255+00:00,2026-08-19T06:19:59.603066+00:00
32,27,Trusty,17,DEF,39,0.7804,1.5506,0.22,0.1404,0.2158,0.0012,1,1,86,1,2026-08-19T06:19:33.925255+00:00,2026-08-19T06:19:59.603066+00:00
32,33,Archer,17,FWD,42,2.4996,2.3771,0.68,0.0704,0.638,0.0132,1,4,3,0,2026-08-19T06:19:33.925255+00:00,2026-08-19T06:19:59.603066+00:00
32,255,Holgate,17,DEF,40,0.8888,1.6654,0.22,0.1716,0.2183,0.0024,1,1,76,1,2026-08-19T06:19:33.925255+00:00,2026-08-19T06:19:59.603066+00:00
32,360,McAtee,17,MID,44,2.3428,2.3805,0.68,0.0576,0.637,0.0164,1,1,14,0,2026-08-19T06:19:33.925255+00:00,2026-08-19T06:19:59.603066+00:00
32,471,Ahmedhodžić,17,DEF,43,0.8968,1.9489,0.22,0.1404,0.2158,0.008,1,0,90,1,2026-08-19T06:19:33.925255+00:00,2026-08-19T06:19:59.603066+00:00
32,472,Amissah,17,GKP,39,0.1788,0.8371,0.04,0.0384,0.0403,0.0,1,0,0,0,2026-08-19T06:19:33.925255+00:00,2026-08-19T06:19:59.603066+00:00
32,473,Baldock,17,DEF,38,0,0,0.0,0.0,0.0,0,1,0,0,0,2026-08-19T06:19:33.925255+00:00,2026-08-19T06:19:59.603066+00:00
32,474,Basham,17,DEF,39,0,0,0.0,0.0,0.0,0,1,0,0,0,2026-08-19T06:19:33.925255+00:00,2026-08-19T06:19:59.603066+00:00
32,476,Bogle,17,DEF,45,0.8088,1.7495,0.22,0.1404,0.2158,0.004,1,7,90,1,2026-08-19T06:19:33.925255+00:00,2026-08-19T06:19:59.603066+00:00
32,477,Brewster,17,FWD,49,0.8952,1.4026,0.28,0.1584,0.2731,0.0012,1,0,0,0,2026-08-19T06:19:33.925255+00:00,2026-08-19T06:19:59.603066+00:00
32,478,Coulibaly,17,MID,44,0,0,0.0,0.0,0.0,0,1,0,0,0,2026-08-19T06:19:33.925255+00:00,2026-08-19T06:19:59.603066+00:00
32,479,A.Davies,17,GKP,40,0.1888,0.8903,0.04,0.0384,0.0403,0.0004,1,0,0,0,2026-08-19T06:19:33.925255+00:00,2026-08-19T06:19:59.603066+00:00
32,480,Egan,17,DEF,42,0.4796,1.1606,0.11,0.1958,0.118,0.0004,1,0,0,0,2026-08-19T06:19:33.925255+00:00,2026-08-19T06:19:59.603066+00:00
32,481,Fleck,17,MID,49,0,0,0.0,0.0,0.0,0,1,0,0,0,2026-08-19T06:19:33.925255+00:00,2026-08-19T06:19:59.603066+00:00
32,482,Foderingham,17,GKP,44,3.8572,2.3988,0.9,0.004,0.8373,0.0048,1,0,0,0,2026-08-19T06:19:33.925255+00:00,2026-08-19T06:19:59.603066+00:00
32,483,Jebbison,17,FWD,48,0.6456,1.2207,0.18,0.1804,0.1818,0.0016,1,0,0,0,2026-08-19T06:19:33.925255+00:00,2026-08-19T06:19:59.603066+00:00
32,484,Lowe,17,DEF,43,0.8764,1.6937,0.22,0.1716,0.2183,0.0032,1,0,0,0,2026-08-19T06:19:33.925255+00:00,2026-08-19T06:19:59.603066+00:00
32,485,McBurnie,17,FWD,54,2.1432,2.7746,0.48,0.1144,0.4556,0.0264,1,8,90,1,2026-08-19T06:19:33.925255+00:00,2026-08-19T06:19:59.603066+00:00
32,486,Ndiaye,17,FWD,55,0,0,0.0,0.0,0.0,0,1,0,0,0,2026-08-19T06:19:33.925255+00:00,2026-08-19T06:19:59.603066+00:00
32,487,Norrington-Davies,17,DEF,39,0,0,0.0,0.0,0.0,0,1,0,0,0,2026-08-19T06:19:33.925255+00:00,2026-08-19T06:19:59.603066+00:00
32,488,Norwood,17,MID,48,1.9108,1.9222,0.68,0.0704,0.638,0.008,1,0,0,0,2026-08-19T06:19:33.925255+00:00,2026-08-19T06:19:59.603066+00:00
32,489,Osborn,17,MID,48,0.7556,1.2421,0.24,0.1672,0.2366,0.0008,1,2,90,1,2026-08-19T06:19:33.925255+00:00,2026-08-19T06:19:59.603066+00:00
32,490,Osula,17,FWD,43,1.21,1.5465,0.48,0.1144,0.4556,0.0012,1,0,0,0,2026-08-19T06:19:33.925255+00:00,2026-08-19T06:19:59.603066+00:00
32,576,Robinson,17,DEF,43,0.8072,1.7235,0.22,0.1404,0.2158,0.0032,1,0,90,1,2026-08-19T06:19:33.925255+00:00,2026-08-19T06:19:59.603066+00:00
32,587,Slimane,17,MID,47,0.9876,1.5504,0.28,0.1584,0.2731,0.002,1,0,0,0,2026-08-19T06:19:33.925255+00:00,2026-08-19T06:19:59.603066+00:00
32,592,Larouci,17,DEF,43,0.8408,1.647,0.22,0.1716,0.2183,0.0012,1,0,0,0,2026-08-19T06:19:33.925255+00:00,2026-08-19T06:19:59.603066+00:00
32,593,T.Bénie,17,FWD,51,0,0,0.0,0.0,0.0,0,1,0,0,0,2026-08-19T06:19:33.925255+00:00,2026-08-19T06:19:59.603066+00:00
32,638,Vini Souza,17,MID,50,2.2156,1.31,0.82,0.0324,0.7652,0.0,1,1,1,0,2026-08-19T06:19:33.925255+00:00,2026-08-19T06:19:59.603066+00:00
32,653,Seriki,17,DEF,39,0,0,0.0,0.0,0.0,0,1,0,0,0,2026-08-19T06:19:33.925255+00:00,2026-08-19T06:19:59.603066+00:00
32,654,Marsh,17,FWD,45,0,0,0.0,0.0,0.0,0,1,0,0,0,2026-08-19T06:19:33.925255+00:00,2026-08-19T06:19:59.603066+00:00
32,655,Brooks,17,MID,44,1.3248,1.4364,0.48,0.1144,0.4556,0.0,1,0,0,0,2026-08-19T06:19:33.925255+00:00,2026-08-19T06:19:59.603066+00:00
32,656,Hackford,17,FWD,44,0,0,0.0,0.0,0.0,0,1,0,0,0,2026-08-19T06:19:33.925255+00:00,2026-08-19T06:19:59.603066+00:00
32,663,Hamer,17,MID,49,2.5456,2.1289,0.82,0.0324,0.7652,0.0096,1,5,90,1,2026-08-19T06:19:33.925255+00:00,2026-08-19T06:19:59.603066+00:00
32,666,T.Davies,17,MID,50,0.4848,1.0411,0.09,0.2002,0.0997,0.0,1,0,0,0,2026-08-19T06:19:33.925255+00:00,2026-08-19T06:19:59.603066+00:00
32,693,Thomas,17,DEF,40,0,0,0.0,0.0,0.0,0,1,0,0,0,2026-08-19T06:19:33.925255+00:00,2026-08-19T06:19:59.603066+00:00
32,730,Oné,17,MID,44,0.5036,1.0651,0.1,0.198,0.1088,0.0004,1,0,0,0,2026-08-19T06:19:33.925255+00:00,2026-08-19T06:19:59.603066+00:00
32,731,Buyabu,17,DEF,40,0,0,0.0,0.0,0.0,0,1,0,0,0,2026-08-19T06:19:33.925255+00:00,2026-08-19T06:19:59.603066+00:00
32,759,Peck,17,MID,44,0.4504,0.9591,0.1,0.198,0.1088,0.0004,1,0,0,0,2026-08-19T06:19:33.925255+00:00,2026-08-19T06:19:59.603066+00:00
32,775,Brereton Díaz,17,MID,50,1.0336,1.7817,0.28,0.1584,0.2731,0.0036,1,1,90,1,2026-08-19T06:19:33.925255+00:00,2026-08-19T06:19:59.603066+00:00
32,790,Grbić,17,GKP,45,0.2088,0.9806,0.04,0.0384,0.0403,0.0,1,1,90,1,2026-08-19T06:19:33.925255+00:00,2026-08-19T06:19:59.603066+00:00
32,822,Blacker,17,FWD,45,0.4804,0.9539,0.1,0.198,0.1088,0.0008,1,0,0,0,2026-08-19T06:19:33.925255+00:00,2026-08-19T06:19:59.603066+00:00
32,823,Arblaster,17,MID,45,0.9152,1.3139,0.28,0.1584,0.2731,0.0004,1,1,90,1,2026-08-19T06:19:33.925255+00:00,2026-08-19T06:19:59.603066+00:00
32,827,Sasnauskas,17,DEF,40,0.5636,1.286,0.1,0.198,0.1088,0.0008,1,0,0,0,2026-08-19T06:19:33.925255+00:00,2026-08-19T06:19:59.603066+00:00
32,828,Curtis,17,DEF,40,0.5052,1.2497,0.1,0.198,0.1088,0.0012,1,0,0,0,2026-08-19T06:19:33.925255+00:00,2026-08-19T06:19:59.603066+00:00
32,857,Hampson,17,MID,45,0.476,0.9696,0.1,0.198,0.1088,0.0004,1,,,,2026-08-19T06:19:33.925255+00:00,
32,450,Johnson,18,MID,58,3.5648,3.6313,0.68,0.0576,0.637,0.0704,1,2,88,1,2026-08-19T06:19:33.925255+00:00,2026-08-19T06:19:59.603066+00:00
32,491,Austin,18,GKP,39,0.1824,0.8142,0.04,0.0384,0.0403,0.0,1,0,0,0,2026-08-19T06:19:33.925255+00:00,2026-08-19T06:19:59.603066+00:00
32,492,Bentancur,18,MID,54,1.474,1.9249,0.48,0.1144,0.4556,0.0056,1,3,45,1,2026-08-19T06:19:33.925255+00:00,2026-08-19T06:19:59.603066+00:00
32,493,Bissouma,18,MID,50,0,0,0.0,0.0,0.0,0,1,1,45,1,2026-08-19T06:19:33.925255+00:00,2026-08-19T06:19:59.603066+00:00
32,494,Bryan,18,MID,49,0.7164,1.352,0.18,0.1804,0.1818,0.0016,1,0,0,0,2026-08-19T06:19:33.925255+00:00,2026-08-19T06:19:59.603066+00:00
32,495,Davies,18,DEF,43,0,0,0.0,0.0,0.0,0,1,0,0,0,2026-08-19T06:19:33.925255+00:00,2026-08-19T06:19:59.603066+00:00
32,496,Dier,18,DEF,42,0,0,0.0,0.0,0.0,0,1,0,0,0,2026-08-19T06:19:33.925255+00:00,2026-08-19T06:19:59.603066+00:00
32,497,E.Royal,18,DEF,43,0.9444,1.7911,0.22,0.1716,0.2183,0.0028,1,0,0,0,2026-08-19T06:19:33.925255+00:00,2026-08-19T06:19:59.603066+00:00
32,498,Forster,18,GKP,38,0,0,0.0,0.0,0.0,0,1,0,0,0,2026-08-19T06:19:33.925255+00:00,2026-08-19T06:19:59.603066+00:00
32,499,Højbjerg,18,MID,51,1.3888,1.7287,0.48,0.1144,0.4556,0.002,1,1,45,1,2026-08-19T06:19:33.925255+00:00,2026-08-19T06:19:59.603066+00:00
32,500,Kane,18,FWD,125,0,0,0.0,0.0,0.0,0,1,0,0,0,2026-08-19T06:19:33.925255+00:00,2026-08-19T06:19:59.603066+00:00
32,501,Kulusevski,18,MID,68,3.3916,2.8058,0.82,0.0324,0.7652,0.032,1,1,14,0,2026-08-19T06:19:33.925255+00:00,2026-08-19T06:19:59.603066+00:00
32,502,Lloris,18,GKP,47,0,0,0.0,0.0,0.0,0,1,0,0,0,2026-08-19T06:19:33.925255+00:00,2026-08-19T06:19:59.603066+00:00
32,503,Lo Celso,18,MID,48,0.6188,1.2902,0.14,0.1892,0.1453,0.002,1,1,14,0,2026-08-19T06:19:33.925255+00:00,2026-08-19T06:19:59.603066+00:00
32,504,Maddison,18,MID,79,3.3048,3.3322,0.68,0.0576,0.637,0.058,1,2,75,1,2026-08-19T06:19:33.925255+00:00,2026-08-19T06:19:59.603066+00:00
32,505,Ndombele,18,MID,44,0,0,0.0,0.0,0.0,0,1,0,0,0,2026-08-19T06:19:33.925255+00:00,2026-08-19T06:19:59.603066+00:00
32,506,Pedro Porro,18,DEF,59,3.8184,3.3263,0.82,0.0324,0.7652,0.0536,1,11,90,1,2026-08-19T06:19:33.925255+00:00,2026-08-19T06:19:59.603066+00:00
32,507,Perišić,18,DEF,47,0,0,0.0,0.0,0.0,0,1,0,0,0,2026-08-19T06:19:33.925255+00:00,2026-08-19T06:19:59.603066+00:00
32,509,Richarlison,18,MID,69,0,0,0.0,0.0,0.0,0,1,0,0,0,2026-08-19T06:19:33.925255+00:00,2026-08-19T06:19:59.603066+00:00
32,510,Rodon,18,DEF,40,0,0,0.0,0.0,0.0,0,1,0,0,0,2026-08-19T06:19:33.925255+00:00,2026-08-19T06:19:59.603066+00:00
32,511,Romero,18,DEF,52,3.2724,2.8878,0.82,0.0324,0.7652,0.0288,1,2,90,1,2026-08-19T06:19:33.925255+00:00,2026-08-19T06:19:59.603066+00:00
32,512,Sánchez,18,DEF,44,0,0,0.0,0.0,0.0,0,1,0,0,0,2026-08-19T06:19:33.925255+00:00,2026-08-19T06:19:59.603066+00:00
32,513,Sarr,18,MID,44,2.2996,2.3878,0.68,0.0576,0.637,0.0104,1,1,45,1,2026-08-19T06:19:33.925255+00:00,2026-08-19T06:19:59.603066+00:00
32,514,Sessegnon,18,DEF,44,0,0,0.0,0.0,0.0,0,1,0,0,0,2026-08-19T06:19:33.925255+00:00,2026-08-19T06:19:59.603066+00:00
32,515,Skipp,18,MID,45,0.8592,1.412,0.28,0.1584,0.2731,0.0016,1,0,0,0,2026-08-19T06:19:33.925255+00:00,2026-08-19T06:19:59.603066+00:00
32,516,Son,18,MID,101,4.8572,3.827,0.82,0.0324,0.7652,0.116,1,5,90,1,2026-08-19T06:19:33.925255+00:00,2026-08-19T06:19:59.603066+00:00
32,517,Spence,18,DEF,40,0,0,0.0,0.0,0.0,0,1,0,0,0,2026-08-19T06:19:33.925255+00:00,2026-08-19T06:19:59.603066+00:00
32,518,Tanganga,18,DEF,40,0,0,0.0,0.0,0.0,0,1,0,0,0,2026-08-19T06:19:33.925255+00:00,2026-08-19T06:19:59.603066+00:00
32,519,Udogie,18,DEF,50,0,0,0.0,0.0,0.0,0,1,2,90,1,2026-08-19T06:19:33.925255+00:00,2026-08-19T06:19:59.603066+00:00
32,520,Vicario,18,GKP,53,3.3236,2.2406,0.9,0.008,0.8376,0.0004,1,4,90,1,2026-08-19T06:19:33.925255+00:00,2026-08-19T06:19:59.603066+00:00
32,521,Whiteman,18,GKP,39,0.1768,0.787,0.04,0.0384,0.0403,0.0,1,0,0,0,2026-08-19T06:19:33.925255+00:00,2026-08-19T06:19:59.603066+00:00
32,583,Solomon,18,MID,51,0,0,0.0,0.0,0.0,0,1,0,0,0,2026-08-19T06:19:33.925255+00:00,2026-08-19T06:19:59.603066+00:00
32,639,Van de Ven,18,DEF,44,0.9152,1.7127,0.22,0.1404,0.2158,0.0004,1,11,90,1,2026-08-19T06:19:33.925255+00:00,2026-08-19T06:19:59.603066+00:00
32,640,Scarlett,18,FWD,45,0.4524,0.9896,0.1,0.198,0.1088,0.0012,1,1,1,0,2026-08-19T06:19:33.925255+00:00,2026-08-19T06:19:59.603066+00:00
32,641,Veliz,18,FWD,54,0,0,0.0,0.0,0.0,0,1,0,0,0,2026-08-19T06:19:33.925255+00:00,2026-08-19T06:19:59.603066+00:00
32,702,Phillips,18,DEF,40,0,0,0.0,0.0,0.0,0,1,0,0,0,2026-08-19T06:19:33.925255+00:00,2026-08-19T06:19:59.603066+00:00
32,722,Donley,18,FWD,45,0.4456,0.9223,0.1,0.198,0.1088,0.0004,1,0,0,0,2026-08-19T06:19:33.925255+00:00,2026-08-19T06:19:59.603066+00:00
32,740,Dorrington,18,DEF,40,0.5,1.2343,0.1,0.198,0.1088,0.0016,1,0,0,0,2026-08-19T06:19:33.925255+00:00,2026-08-19T06:19:59.603066+00:00
32,754,Yago Santiago,18,MID,45,0.4788,0.9836,0.1,0.198,0.1088,0.0,1,0,0,0,2026-08-19T06:19:33.925255+00:00,2026-08-19T06:19:59.603066+00:00
32,776,Werner,18,FWD,63,0,0,0.0,0.0,0.0,0,1,4,75,1,2026-08-19T06:19:33.925255+00:00,2026-08-19T06:19:59.603066+00:00
32,777,Drăgușin,18,DEF,42,0.5484,1.2814,0.1,0.198,0.1088,0.0008,1,0,0,0,2026-08-19T06:19:33.925255+00:00,2026-08-19T06:19:59.603066+00:00
32,860,Moore,18,MID,45,0.464,0.9551,0.1,0.198,0.1088,0.0,1,,,,2026-08-19T06:19:33.925255+00:00,
32,862,Hall,18,MID,45,0.5,1.0194,0.1,0.198,0.1088,0.0,1,,,,2026-08-19T06:19:33.925255+00:00,
32,364,Phillips,19,MID,47,0.824,1.2551,0.28,0.1584,0.2731,0.0004,1,0,0,0,2026-08-19T06:19:33.925255+00:00,2026-08-19T06:19:59.603066+00:00
32,522,N.Aguerd,19,DEF,44,0.4496,1.1963,0.11,0.1602,0.1151,0.0012,1,0,0,0,2026-08-19T06:19:33.925255+00:00,2026-08-19T06:19:59.603066+00:00
32,523,Antonio,19,FWD,57,1.6744,2.0579,0.48,0.1456,0.458,0.0068,1,1,45,1,2026-08-19T06:19:33.925255+00:00,2026-08-19T06:19:59.603066+00:00
32,524,Areola,19,GKP,42,3.6372,2.2621,0.9,0.004,0.8373,0.0032,1,0,0,0,2026-08-19T06:19:33.925255+00:00,2026-08-19T06:19:59.603066+00:00
32,525,Benrahma,19,MID,56,0,0,0.0,0.0,0.0,0,1,0,0,0,2026-08-19T06:19:33.925255+00:00,2026-08-19T06:19:59.603066+00:00
32,526,Bowen,19,MID,79,3.5608,3.0914,0.82,0.0324,0.7652,0.0512,1,1,53,1,2026-08-19T06:19:33.925255+00:00,2026-08-19T06:19:59.603066+00:00
32,527,Cornet,19,MID,52,0.6648,1.2504,0.18,0.1804,0.1818,0.0016,1,0,0,0,2026-08-19T06:19:33.925255+00:00,2026-08-19T06:19:59.603066+00:00
32,528,Coufal,19,DEF,46,2.3748,2.1285,0.82,0.0324,0.7652,0.0036,1,1,45,1,2026-08-19T06:19:33.925255+00:00,2026-08-19T06:19:59.603066+00:00
32,529,Coventry,19,MID,43,0,0,0.0,0.0,0.0,0,1,0,0,0,2026-08-19T06:19:33.925255+00:00,2026-08-19T06:19:59.603066+00:00
32,530,Cresswell,19,DEF,42,0.72,1.4403,0.22,0.1716,0.2183,0.0012,1,1,36,0,2026-08-19T06:19:33.925255+00:00,2026-08-19T06:19:59.603066+00:00
32,531,Downes,19,MID,50,0,0,0.0,0.0,0.0,0,1,0,0,0,2026-08-19T06:19:33.925255+00:00,2026-08-19T06:19:59.603066+00:00
32,532,Emerson,19,DEF,44,0.8112,1.6637,0.22,0.1404,0.2158,0.0028,1,4,90,1,2026-08-19T06:19:33.925255+00:00,2026-08-19T06:19:59.603066+00:00
32,533,Fabianski,19,GKP,42,0.1556,0.7297,0.04,0.0384,0.0403,0.0,1,4,90,1,2026-08-19T06:19:33.925255+00:00,2026-08-19T06:19:59.603066+00:00
32,534,P.Fornals,19,MID,46,0,0,0.0,0.0,0.0,0,1,0,0,0,2026-08-19T06:19:33.925255+00:00,2026-08-19T06:19:59.603066+00:00
32,535,Ings,19,FWD,56,1.4136,1.715,0.45,0.154,0.4308,0.004,1,0,0,0,2026-08-19T06:19:33.925255+00:00,2026-08-19T06:19:59.603066+00:00
32,536,Johnson,19,DEF,44,0.7644,1.4857,0.22,0.1716,0.2183,0.0016,1,1,45,1,2026-08-19T06:19:33.925255+00:00,2026-08-19T06:19:59.603066+00:00
32,537,Kehrer,19,DEF,42,0,0,0.0,0.0,0.0,0,1,0,0,0,2026-08-19T06:19:33.925255+00:00,2026-08-19T06:19:59.603066+00:00
32,538,Mubama,19,FWD,41,0.4712,0.9303,0.1,0.198,0.1088,0.0,1,0,0,0,2026-08-19T06:19:33.925255+00:00,2026-08-19T06:19:59.603066+00:00
32,539,L.Paquetá,19,MID,60,2.9016,2.599,0.82,0.0324,0.7652,0.0244,1,8,90,1,2026-08-19T06:19:33.925255+00:00,2026-08-19T06:19:59.603066+00:00
32,541,Scamacca,19,FWD,60,0,0,0.0,0.0,0.0,0,1,0,0,0,2026-08-19T06:19:33.925255+00:00,2026-08-19T06:19:59.603066+00:00
32,542,Souček,19,MID,49,2.8792,2.5124,0.82,0.0324,0.7652,0.0164,1,1,45,1,2026-08-19T06:19:33.925255+00:00,2026-08-19T06:19:59.603066+00:00
32,543,Vlašić,19,MID,45,0,0,0.0,0.0,0.0,0,1,0,0,0,2026-08-19T06:19:33.925255+00:00,2026-08-19T06:19:59.603066+00:00
32,544,Zouma,19,DEF,45,0.8688,1.8051,0.22,0.1404,0.2158,0.0048,1,2,90,1,2026-08-19T06:19:33.925255+00:00,2026-08-19T06:19:59.603066+00:00
32,577,Ogbonna,19,DEF,42,0.6456,1.3317,0.22,0.1716,0.2183,0.0008,1,0,0,0,2026-08-19T06:19:33.925255+00:00,2026-08-19T06:19:59.603066+00:00
32,642,Álvarez,19,MID,50,1.6604,1.5614,0.68,0.0576,0.637,0.0012,1,2,90,1,2026-08-19T06:19:33.925255+00:00,2026-08-19T06:19:59.603066+00:00
32,647,Anang,19,GKP,40,0.16,0.741,0.04,0.0384,0.0403,0.0,1,0,0,0,2026-08-19T06:19:33.925255+00:00,2026-08-19T06:19:59.603066+00:00
32,664,Ward-Prowse,19,MID,58,3.3824,2.7304,0.82,0.0324,0.7652,0.0312,1,10,90,1,2026-08-19T06:19:33.925255+00:00,2026-08-19T06:19:59.603066+00:00
32,676,Mavropanos,19,DEF,45,0.756,1.4985,0.22,0.1716,0.2183,0.002,1,2,90,1,2026-08-19T06:19:33.925255+00:00,2026-08-19T06:19:59.603066+00:00
32,689,Kudus,19,MID,68,2.6256,2.6293,0.68,0.0576,0.637,0.0168,1,2,90,1,2026-08-19T06:19:33.925255+00:00,2026-08-19T06:19:59.603066+00:00
32,773,Orford,19,MID,45,0.4964,0.952,0.1,0.198,0.1088,0.0,1,0,0,0,2026-08-19T06:19:33.925255+00:00,2026-08-19T06:19:59.603066+00:00
32,774,Casey,19,DEF,40,0.4704,1.1332,0.1,0.198,0.1088,0.0,1,0,0,0,2026-08-19T06:19:33.925255+00:00,2026-08-19T06:19:59.603066+00:00
32,784,Scarles,19,DEF,40,0.4912,1.197,0.1,0.198,0.1088,0.0012,1,0,0,0,2026-08-19T06:19:33.925255+00:00,2026-08-19T06:19:59.603066+00:00
32,785,Marshall,19,FWD,45,0,0,0.0,0.0,0.0,0,1,0,0,0,2026-08-19T06:19:33.925255+00:00,2026-08-19T06:19:59.603066+00:00
32,829,Earthy,19,MID,45,0.472,0.9646,0.1,0.198,0.1088,0.0004,1,0,0,0,2026-08-19T06:19:33.925255+00:00,2026-08-19T06:19:59.603066+00:00
32,351,Doyle,20,MID,44,1.2416,1.4511,0.48,0.1144,0.4556,0.0008,1,2,86,1,2026-08-19T06:19:33.925255+00:00,2026-08-19T06:19:59.603066+00:00
32,545,Aït-Nouri,20,DEF,47,2.8532,3.2427,0.68,0.0576,0.637,0.0432,1,4,54,1,2026-08-19T06:19:33.925255+00:00,2026-08-19T06:19:59.603066+00:00
32,546,Bentley,20,GKP,39,0.182,0.7962,0.04,0.0384,0.0403,0.0,1,0,0,0,2026-08-19T06:19:33.925255+00:00,2026-08-19T06:19:59.603066+00:00
32,547,Bolla,20,DEF,40,0,0,0.0,0.0,0.0,0,1,0,0,0,2026-08-19T06:19:33.925255+00:00,2026-08-19T06:19:59.603066+00:00
32,548,H.Bueno,20,DEF,44,0.8972,1.7382,0.22,0.1716,0.2183,0.0028,1,1,3,0,2026-08-19T06:19:33.925255+00:00,2026-08-19T06:19:59.603066+00:00
32,549,Chiquinho,20,MID,45,0,0,0.0,0.0,0.0,0,1,0,0,0,2026-08-19T06:19:33.925255+00:00,2026-08-19T06:19:59.603066+00:00
32,550,Cundle,20,MID,45,0,0,0.0,0.0,0.0,0,1,0,0,0,2026-08-19T06:19:33.925255+00:00,2026-08-19T06:19:59.603066+00:00
32,551,Dawson,20,DEF,45,0,0,0.0,0.0,0.0,0,1,0,0,0,2026-08-19T06:19:33.925255+00:00,2026-08-19T06:19:59.603066+00:00
32,552,Fábio Silva,20,FWD,52,0,0,0.0,0.0,0.0,0,1,0,0,0,2026-08-19T06:19:33.925255+00:00,2026-08-19T06:19:59.603066+00:00
32,554,Guedes,20,MID,54,0,0,0.0,0.0,0.0,0,1,0,0,0,2026-08-19T06:19:33.925255+00:00,2026-08-19T06:19:59.603066+00:00
32,555,Hodge,20,MID,44,0,0,0.0,0.0,0.0,0,1,0,0,0,2026-08-19T06:19:33.925255+00:00,2026-08-19T06:19:59.603066+00:00
32,556,Hoever,20,DEF,40,0,0,0.0,0.0,0.0,0,1,0,0,0,2026-08-19T06:19:33.925255+00:00,2026-08-19T06:19:59.603066+00:00
32,557,Hee Chan,20,MID,54,3.3868,3.4691,0.68,0.0576,0.637,0.0616,1,0,0,0,2026-08-19T06:19:33.925255+00:00,2026-08-19T06:19:59.603066+00:00
32,559,João Gomes,20,MID,49,2.254,1.8123,0.82,0.0324,0.7652,0.0048,1,1,90,1,2026-08-19T06:19:33.925255+00:00,2026-08-19T06:19:59.603066+00:00
32,560,J.Otto,20,DEF,43,0,0,0.0,0.0,0.0,0,1,0,0,0,2026-08-19T06:19:33.925255+00:00,2026-08-19T06:19:59.603066+00:00
32,561,Jordão,20,MID,43,0.4804,1.0294,0.1,0.198,0.1088,0.0004,1,0,0,0,2026-08-19T06:19:33.925255+00:00,2026-08-19T06:19:59.603066+00:00
32,562,Kalajdžić,20,FWD,49,0,0,0.0,0.0,0.0,0,1,0,0,0,2026-08-19T06:19:33.925255+00:00,2026-08-19T06:19:59.603066+00:00
32,563,Kilman,20,DEF,45,0.8732,1.8396,0.22,0.1404,0.2158,0.0052,1,1,90,1,2026-08-19T06:19:33.925255+00:00,2026-08-19T06:19:59.603066+00:00
32,564,King,20,GKP,39,0.1912,0.8526,0.04,0.0384,0.0403,0.0,1,0,0,0,2026-08-19T06:19:33.925255+00:00,2026-08-19T06:19:59.603066+00:00
32,565,Mario Jr.,20,MID,49,2.8496,2.4722,0.82,0.0324,0.7652,0.0184,1,2,74,1,2026-08-19T06:19:33.925255+00:00,2026-08-19T06:19:59.603066+00:00
32,567,Neto,20,MID,55,2.884,2.8468,0.68,0.0576,0.637,0.0264,1,0,0,0,2026-08-19T06:19:33.925255+00:00,2026-08-19T06:19:59.603066+00:00
32,568,Podence,20,MID,53,0,0,0.0,0.0,0.0,0,1,0,0,0,2026-08-19T06:19:33.925255+00:00,2026-08-19T06:19:59.603066+00:00
32,569,José Sá,20,GKP,50,3.5248,2.3427,0.9,0.008,0.8376,0.0016,1,1,90,1,2026-08-19T06:19:33.925255+00:00,2026-08-19T06:19:59.603066+00:00
32,570,Sarabia,20,MID,47,1.9168,2.8207,0.34,0.1452,0.3278,0.0256,1,7,75,1,2026-08-19T06:19:33.925255+00:00,2026-08-19T06:19:59.603066+00:00
32,571,Šarkić,20,GKP,40,0,0,0.0,0.0,0.0,0,1,0,0,0,2026-08-19T06:19:33.925255+00:00,2026-08-19T06:19:59.603066+00:00
32,572,N.Semedo,20,DEF,45,0,0,0.0,0.0,0.0,0,1,1,90,1,2026-08-19T06:19:33.925255+00:00,2026-08-19T06:19:59.603066+00:00
32,573,Toti,20,DEF,44,0.8704,1.7264,0.22,0.1404,0.2158,0.0024,1,0,90,1,2026-08-19T06:19:33.925255+00:00,2026-08-19T06:19:59.603066+00:00
32,574,Boubacar Traore,20,MID,43,0.888,1.3185,0.28,0.1584,0.2731,0.0008,1,0,15,0,2026-08-19T06:19:33.925255+00:00,2026-08-19T06:19:59.603066+00:00
32,590,Cunha,20,FWD,55,3.5348,3.0261,0.82,0.0324,0.7652,0.05,1,0,35,0,2026-08-19T06:19:33.925255+00:00,2026-08-19T06:19:59.603066+00:00
32,598,Doherty,20,DEF,43,0.9732,1.8713,0.22,0.1716,0.2183,0.0036,1,1,86,1,2026-08-19T06:19:33.925255+00:00,2026-08-19T06:19:59.603066+00:00
32,697,S.Bueno,20,DEF,45,0.8096,1.5783,0.22,0.1716,0.2183,0.0012,1,1,90,1,2026-08-19T06:19:33.925255+00:00,2026-08-19T06:19:59.603066+00:00
32,698,González,20,MID,50,0.7096,1.3083,0.18,0.1804,0.1818,0.0008,1,0,0,0,2026-08-19T06:19:33.925255+00:00,2026-08-19T06:19:59.603066+00:00
32,704,Fraser,20,FWD,45,0.4492,0.9503,0.1,0.198,0.1088,0.0,1,0,0,0,2026-08-19T06:19:33.925255+00:00,2026-08-19T06:19:59.603066+00:00
32,715,Bellegarde,20,MID,49,1.67,1.9513,0.48,0.1144,0.4556,0.0036,1,0,0,0,2026-08-19T06:19:33.925255+00:00,2026-08-19T06:19:59.603066+00:00
32,749,Whittingham,20,MID,45,0.4692,0.9384,0.1,0.198,0.1088,0.0004,1,0,0,0,2026-08-19T06:19:33.925255+00:00,2026-08-19T06:19:59.603066+00:00
32,750,Chirewa,20,MID,44,0.5092,1.0669,0.1,0.198,0.1088,0.0,1,1,3,0,2026-08-19T06:19:33.925255+00:00,2026-08-19T06:19:59.603066+00:00
32,751,Hubner,20,DEF,40,0.5828,1.3496,0.1,0.198,0.1088,0.0008,1,0,0,0,2026-08-19T06:19:33.925255+00:00,2026-08-19T06:19:59.603066+00:00
32,769,Hesketh,20,MID,45,0,0,0.0,0.0,0.0,0,1,0,0,0,2026-08-19T06:19:33.925255+00:00,2026-08-19T06:19:59.603066+00:00
32,770,Barnett,20,MID,45,0.4804,0.9796,0.1,0.198,0.1088,0.0,1,0,0,0,2026-08-19T06:19:33.925255+00:00,2026-08-19T06:19:59.603066+00:00
32,787,Griffiths,20,MID,45,0.4872,1.0677,0.1,0.198,0.1088,0.0012,1,0,0,0,2026-08-19T06:19:33.925255+00:00,2026-08-19T06:19:59.603066+00:00
32,788,Mosquera,20,DEF,40,0,0,0.0,0.0,0.0,0,1,0,0,0,2026-08-19T06:19:33.925255+00:00,2026-08-19T06:19:59.603066+00:00
32,800,N.Lemina,20,MID,50,0.6808,1.3478,0.18,0.1804,0.1818,0.0012,1,0,0,0,2026-08-19T06:19:33.925255+00:00,2026-08-19T06:19:59.603066+00:00
32,832,Okoduwa,20,DEF,40,0.5548,1.351,0.1,0.198,0.1088,0.0008,1,0,0,0,2026-08-19T06:19:33.925255+00:00,2026-08-19T06:19:59.603066+00:00
32,836,Chiwome,20,FWD,45,0,0,0.0,0.0,0.0,0,1,1,15,0,2026-08-19T06:19:33.925255+00:00,2026-08-19T06:19:59.603066+00:00
32,840,Holman,20,FWD,45,0.456,0.9796,0.1,0.198,0.1088,0.0008,1,0,0,0,2026-08-19T06:19:33.925255+00:00,2026-08-19T06:19:59.603066+00:00
32,853,Ojinnaka,20,MID,45,0.4412,0.8942,0.1,0.198,0.1088,0.0,1,,,,2026-08-19T06:19:33.925255+00:00,
