gw,player_id,web_name,team_id,position,now_cost,mu,sigma,p_start,p_sub,p_60,p_10_plus,n_fixtures,actual_points,actual_minutes,did_start,captured_at,scored_at
33,1,Balogun,1,FWD,44,0,0,0.0,0.0,0.0,0,1,0,0,0,2026-08-19T06:19:35.549685+00:00,2026-08-19T06:19:59.635604+00:00
33,2,Cédric,1,DEF,38,0.5012,1.1907,0.1,0.198,0.1088,0.0012,1,0,0,0,2026-08-19T06:19:35.549685+00:00,2026-08-19T06:19:59.635604+00:00
33,3,M.Elneny,1,MID,44,0.4384,0.9056,0.1,0.198,0.1088,0.0,1,0,0,0,2026-08-19T06:19:35.549685+00:00,2026-08-19T06:19:59.635604+00:00
33,4,Fábio Vieira,1,MID,54,0.86,1.6833,0.18,0.1804,0.1818,0.004,1,0,0,0,2026-08-19T06:19:35.549685+00:00,2026-08-19T06:19:59.635604+00:00
33,5,Gabriel,1,DEF,54,3.266,3.1074,0.82,0.0324,0.7652,0.0364,1,0,90,1,2026-08-19T06:19:35.549685+00:00,2026-08-19T06:19:59.635604+00:00
33,6,Havertz,1,MID,74,4.1508,3.6191,0.82,0.0324,0.7652,0.0752,1,1,90,1,2026-08-19T06:19:35.549685+00:00,2026-08-19T06:19:59.635604+00:00
33,8,G.Jesus,1,FWD,77,2.2444,2.9134,0.48,0.1456,0.458,0.032,1,2,78,1,2026-08-19T06:19:35.549685+00:00,2026-08-19T06:19:59.635604+00:00
33,9,Jorginho,1,MID,53,1.5944,1.8862,0.48,0.1144,0.4556,0.0048,1,1,11,0,2026-08-19T06:19:35.549685+00:00,2026-08-19T06:19:59.635604+00:00
33,10,Kiwior,1,DEF,44,0.9444,1.8407,0.22,0.1716,0.2183,0.0036,1,0,0,0,2026-08-19T06:19:35.549685+00:00,2026-08-19T06:19:59.635604+00:00
33,11,Marquinhos,1,MID,45,0,0,0.0,0.0,0.0,0,1,0,0,0,2026-08-19T06:19:35.549685+00:00,2026-08-19T06:19:59.635604+00:00
33,12,Martinelli,1,MID,76,3.306,3.386,0.68,0.0576,0.637,0.0576,1,1,23,0,2026-08-19T06:19:35.549685+00:00,2026-08-19T06:19:59.635604+00:00
33,13,Nketiah,1,FWD,50,1.8592,2.3786,0.48,0.1144,0.4556,0.02,1,1,3,0,2026-08-19T06:19:35.549685+00:00,2026-08-19T06:19:59.635604+00:00
33,14,Ødegaard,1,MID,86,4.1956,3.2787,0.82,0.0324,0.7652,0.0692,1,3,78,1,2026-08-19T06:19:35.549685+00:00,2026-08-19T06:19:59.635604+00:00
33,15,Thomas,1,MID,48,0.9364,1.3736,0.28,0.1584,0.2731,0.0008,1,0,0,0,2026-08-19T06:19:35.549685+00:00,2026-08-19T06:19:59.635604+00:00
33,16,Pepe,1,MID,49,0,0,0.0,0.0,0.0,0,1,0,0,0,2026-08-19T06:19:35.549685+00:00,2026-08-19T06:19:59.635604+00:00
33,17,Ramsdale,1,GKP,45,0.1832,0.8027,0.04,0.0384,0.0403,0.0,1,0,0,0,2026-08-19T06:19:35.549685+00:00,2026-08-19T06:19:59.635604+00:00
33,18,Rúnarsson,1,GKP,40,0,0,0.0,0.0,0.0,0,1,0,0,0,2026-08-19T06:19:35.549685+00:00,2026-08-19T06:19:59.635604+00:00
33,19,Saka,1,MID,89,2.9484,4.1883,0.41,0.1062,0.3898,0.0908,1,2,90,1,2026-08-19T06:19:35.549685+00:00,2026-08-19T06:19:59.635604+00:00
33,20,Saliba,1,DEF,59,3.1512,2.5601,0.9,0.018,0.8384,0.0176,1,1,90,1,2026-08-19T06:19:35.549685+00:00,2026-08-19T06:19:59.635604+00:00
33,22,Smith Rowe,1,MID,53,1.0768,1.7802,0.28,0.1584,0.2731,0.0032,1,1,11,0,2026-08-19T06:19:35.549685+00:00,2026-08-19T06:19:59.635604+00:00
33,24,Tierney,1,DEF,44,0,0,0.0,0.0,0.0,0,1,0,0,0,2026-08-19T06:19:35.549685+00:00,2026-08-19T06:19:59.635604+00:00
33,25,Tomiyasu,1,DEF,45,1.0664,1.9939,0.22,0.1716,0.2183,0.0056,1,0,23,0,2026-08-19T06:19:35.549685+00:00,2026-08-19T06:19:59.635604+00:00
33,26,Trossard,1,MID,65,2.7596,3.3892,0.48,0.1456,0.458,0.046,1,3,66,1,2026-08-19T06:19:35.549685+00:00,2026-08-19T06:19:59.635604+00:00
33,29,White,1,DEF,59,3.0588,2.6231,0.82,0.0324,0.7652,0.0148,1,5,66,1,2026-08-19T06:19:35.549685+00:00,2026-08-19T06:19:59.635604+00:00
33,30,Xhaka,1,MID,60,0,0,0.0,0.0,0.0,0,1,0,0,0,2026-08-19T06:19:35.549685+00:00,2026-08-19T06:19:59.635604+00:00
33,31,Zinchenko,1,DEF,50,3.0024,2.8853,0.68,0.0576,0.637,0.0216,1,1,86,1,2026-08-19T06:19:35.549685+00:00,2026-08-19T06:19:59.635604+00:00
33,113,Raya,1,GKP,51,2.958,2.141,0.9,0.008,0.8376,0.0,1,1,90,1,2026-08-19T06:19:35.549685+00:00,2026-08-19T06:19:59.635604+00:00
33,540,Rice,1,MID,55,2.9052,2.2137,0.82,0.0324,0.7652,0.014,1,2,90,1,2026-08-19T06:19:35.549685+00:00,2026-08-19T06:19:59.635604+00:00
33,578,Nelson,1,MID,48,0.6736,1.2098,0.18,0.1804,0.1818,0.0004,1,0,0,0,2026-08-19T06:19:35.549685+00:00,2026-08-19T06:19:59.635604+00:00
33,585,J.Timber,1,DEF,46,0.8156,1.6384,0.18,0.1804,0.1818,0.0024,1,0,0,0,2026-08-19T06:19:35.549685+00:00,2026-08-19T06:19:59.635604+00:00
33,646,Hein,1,GKP,40,0.1736,0.7983,0.04,0.0384,0.0403,0.0,1,0,0,0,2026-08-19T06:19:35.549685+00:00,2026-08-19T06:19:59.635604+00:00
33,735,Sagoe,1,MID,45,0,0,0.0,0.0,0.0,0,1,0,0,0,2026-08-19T06:19:35.549685+00:00,2026-08-19T06:19:59.635604+00:00
33,736,Walters,1,DEF,40,0.4992,1.1381,0.1,0.198,0.1088,0.0,1,0,0,0,2026-08-19T06:19:35.549685+00:00,2026-08-19T06:19:59.635604+00:00
33,737,Ibrahim,1,MID,45,0,0,0.0,0.0,0.0,0,1,0,0,0,2026-08-19T06:19:35.549685+00:00,2026-08-19T06:19:59.635604+00:00
33,764,Lewis-Skelly,1,MID,45,0.4836,0.9845,0.1,0.198,0.1088,0.0004,1,0,0,0,2026-08-19T06:19:35.549685+00:00,2026-08-19T06:19:59.635604+00:00
33,772,Nwaneri,1,MID,45,0.4864,1.0461,0.1,0.198,0.1088,0.0004,1,0,0,0,2026-08-19T06:19:35.549685+00:00,2026-08-19T06:19:59.635604+00:00
33,815,Bandeira,1,MID,45,0.4916,0.9935,0.1,0.198,0.1088,0.0004,1,0,0,0,2026-08-19T06:19:35.549685+00:00,2026-08-19T06:19:59.635604+00:00
33,817,Sweet,1,DEF,40,0.564,1.2978,0.1,0.198,0.1088,0.0004,1,0,0,0,2026-08-19T06:19:35.549685+00:00,2026-08-19T06:19:59.635604+00:00
33,32,Alex Moreno,2,DEF,50,0.986,1.8745,0.24,0.1672,0.2366,0.0048,1,1,10,0,2026-08-19T06:19:35.549685+00:00,2026-08-19T06:19:59.635604+00:00
33,34,Bailey,2,MID,55,3.0152,3.0804,0.68,0.0576,0.637,0.0424,1,6,29,0,2026-08-19T06:19:35.549685+00:00,2026-08-19T06:19:59.635604+00:00
33,35,Buendia,2,MID,57,0,0,0.0,0.0,0.0,0,1,0,0,0,2026-08-19T06:19:35.549685+00:00,2026-08-19T06:19:59.635604+00:00
33,36,Cash,2,DEF,45,0,0,0.0,0.0,0.0,0,1,0,0,0,2026-08-19T06:19:35.549685+00:00,2026-08-19T06:19:59.635604+00:00
33,37,Chambers,2,DEF,38,0.4924,1.1482,0.1,0.198,0.1088,0.0008,1,0,0,0,2026-08-19T06:19:35.549685+00:00,2026-08-19T06:19:59.635604+00:00
33,38,Coutinho,2,MID,58,0,0,0.0,0.0,0.0,0,1,0,0,0,2026-08-19T06:19:35.549685+00:00,2026-08-19T06:19:59.635604+00:00
33,39,Davis,2,FWD,49,0,0,0.0,0.0,0.0,0,1,0,0,0,2026-08-19T06:19:35.549685+00:00,2026-08-19T06:19:59.635604+00:00
33,40,Dendoncker,2,MID,49,0,0,0.0,0.0,0.0,0,1,0,0,0,2026-08-19T06:19:35.549685+00:00,2026-08-19T06:19:59.635604+00:00
33,41,Diego Carlos,2,DEF,44,0.724,1.4516,0.22,0.1716,0.2183,0.0016,1,6,90,1,2026-08-19T06:19:35.549685+00:00,2026-08-19T06:19:59.635604+00:00
33,42,Digne,2,DEF,46,2.0304,2.2685,0.68,0.0576,0.637,0.006,1,12,90,1,2026-08-19T06:19:35.549685+00:00,2026-08-19T06:19:59.635604+00:00
33,43,Douglas Luiz,2,MID,55,3.4836,2.8664,0.82,0.0324,0.7652,0.0412,1,0,0,0,2026-08-19T06:19:35.549685+00:00,2026-08-19T06:19:59.635604+00:00
33,44,Duran,2,FWD,50,0.8964,1.4525,0.28,0.1584,0.2731,0.0024,1,0,0,0,2026-08-19T06:19:35.549685+00:00,2026-08-19T06:19:59.635604+00:00
33,45,Hause,2,DEF,39,0.4536,1.0875,0.1,0.198,0.1088,0.0,1,0,0,0,2026-08-19T06:19:35.549685+00:00,2026-08-19T06:19:59.635604+00:00
33,46,Iroegbunam,2,MID,44,0.456,0.9202,0.1,0.198,0.1088,0.0,1,0,0,0,2026-08-19T06:19:35.549685+00:00,2026-08-19T06:19:59.635604+00:00
33,47,Kamara,2,MID,50,0,0,0.0,0.0,0.0,0,1,0,0,0,2026-08-19T06:19:35.549685+00:00,2026-08-19T06:19:59.635604+00:00
33,48,Konsa,2,DEF,45,0.8432,1.794,0.22,0.1404,0.2158,0.0044,1,6,90,1,2026-08-19T06:19:35.549685+00:00,2026-08-19T06:19:59.635604+00:00
33,49,Martinez,2,GKP,53,3.1292,2.2375,0.9,0.008,0.8376,0.0044,1,9,90,1,2026-08-19T06:19:35.549685+00:00,2026-08-19T06:19:59.635604+00:00
33,50,McGinn,2,MID,53,2.882,2.4179,0.82,0.0324,0.7652,0.0192,1,3,90,1,2026-08-19T06:19:35.549685+00:00,2026-08-19T06:19:59.635604+00:00
33,51,Mings,2,DEF,41,0,0,0.0,0.0,0.0,0,1,0,0,0,2026-08-19T06:19:35.549685+00:00,2026-08-19T06:19:59.635604+00:00
33,53,Olsen,2,GKP,39,0.1412,0.6686,0.04,0.0384,0.0403,0.0,1,0,0,0,2026-08-19T06:19:35.549685+00:00,2026-08-19T06:19:59.635604+00:00
33,54,Philogene,2,MID,45,0,0,0.0,0.0,0.0,0,1,0,0,0,2026-08-19T06:19:35.549685+00:00,2026-08-19T06:19:59.635604+00:00
33,55,J.Ramsey,2,MID,59,0,0,0.0,0.0,0.0,0,1,0,0,0,2026-08-19T06:19:35.549685+00:00,2026-08-19T06:19:59.635604+00:00
33,56,Sanson,2,MID,45,0,0,0.0,0.0,0.0,0,1,0,0,0,2026-08-19T06:19:35.549685+00:00,2026-08-19T06:19:59.635604+00:00
33,57,Sinisalo,2,GKP,40,0,0,0.0,0.0,0.0,0,1,0,0,0,2026-08-19T06:19:35.549685+00:00,2026-08-19T06:19:59.635604+00:00
33,58,Tielemans,2,MID,56,0,0,0.0,0.0,0.0,0,1,6,90,1,2026-08-19T06:19:35.549685+00:00,2026-08-19T06:19:59.635604+00:00
33,59,Bertrand Traoré,2,MID,50,0,0,0.0,0.0,0.0,0,1,0,0,0,2026-08-19T06:19:35.549685+00:00,2026-08-19T06:19:59.635604+00:00
33,60,Watkins,2,FWD,88,4.316,3.0681,0.9,0.018,0.8384,0.064,1,7,90,1,2026-08-19T06:19:35.549685+00:00,2026-08-19T06:19:59.635604+00:00
33,61,Wesley,2,FWD,50,0,0,0.0,0.0,0.0,0,1,0,0,0,2026-08-19T06:19:35.549685+00:00,2026-08-19T06:19:59.635604+00:00
33,584,Pau,2,DEF,46,2.4876,2.3046,0.82,0.0324,0.7652,0.008,1,6,90,1,2026-08-19T06:19:35.549685+00:00,2026-08-19T06:19:59.635604+00:00
33,599,Diaby,2,MID,63,2.844,2.8616,0.68,0.0576,0.637,0.0264,1,3,60,1,2026-08-19T06:19:35.549685+00:00,2026-08-19T06:19:59.635604+00:00
33,618,Kellyman,2,MID,45,0.4456,0.8855,0.1,0.198,0.1088,0.0,1,0,0,0,2026-08-19T06:19:35.549685+00:00,2026-08-19T06:19:59.635604+00:00
33,670,Marschall,2,GKP,40,0,0,0.0,0.0,0.0,0,1,0,0,0,2026-08-19T06:19:35.549685+00:00,2026-08-19T06:19:59.635604+00:00
33,672,Zaniolo,2,MID,54,0,0,0.0,0.0,0.0,0,1,3,79,1,2026-08-19T06:19:35.549685+00:00,2026-08-19T06:19:59.635604+00:00
33,686,Zych,2,GKP,40,0,0,0.0,0.0,0.0,0,1,0,0,0,2026-08-19T06:19:35.549685+00:00,2026-08-19T06:19:59.635604+00:00
33,699,Lenglet,2,DEF,45,0.7656,1.5529,0.22,0.1716,0.2183,0.002,1,0,0,0,2026-08-19T06:19:35.549685+00:00,2026-08-19T06:19:59.635604+00:00
33,765,Proctor,2,GKP,40,0.1456,0.6716,0.04,0.0384,0.0403,0.0,1,0,0,0,2026-08-19T06:19:35.549685+00:00,2026-08-19T06:19:59.635604+00:00
33,767,O'Reilly,2,MID,45,0,0,0.0,0.0,0.0,0,1,0,0,0,2026-08-19T06:19:35.549685+00:00,2026-08-19T06:19:59.635604+00:00
33,778,Wright,2,GKP,40,0.1692,0.76,0.04,0.0384,0.0403,0.0,1,0,0,0,2026-08-19T06:19:35.549685+00:00,2026-08-19T06:19:59.635604+00:00
33,793,Kesler-Hayden,2,DEF,40,0.4396,1.057,0.1,0.198,0.1088,0.0004,1,0,0,0,2026-08-19T06:19:35.549685+00:00,2026-08-19T06:19:59.635604+00:00
33,803,Rogers,2,MID,50,0,0,0.0,0.0,0.0,0,1,2,90,1,2026-08-19T06:19:35.549685+00:00,2026-08-19T06:19:59.635604+00:00
33,818,Gauci,2,GKP,39,0.1528,0.72,0.04,0.0384,0.0403,0.0004,1,0,0,0,2026-08-19T06:19:35.549685+00:00,2026-08-19T06:19:59.635604+00:00
33,854,Munroe,2,DEF,40,0.5048,1.1649,0.1,0.198,0.1088,0.0004,1,,,,2026-08-19T06:19:35.549685+00:00,
33,865,Young,2,MID,45,0.4292,0.8721,0.1,0.198,0.1088,0.0,1,,,,2026-08-19T06:19:35.549685+00:00,
33,866,Emery,2,GKP,40,0.1636,0.768,0.04,0.0384,0.0403,0.0,1,,,,2026-08-19T06:19:35.549685+00:00,
33,62,Anthony,3,MID,49,0,0,0.0,0.0,0.0,0,1,0,0,0,2026-08-19T06:19:35.549685+00:00,2026-08-19T06:19:59.635604+00:00
33,63,Billing,3,MID,51,1.734,2.2931,0.48,0.1144,0.4556,0.0096,1,0,0,0,2026-08-19T06:19:35.549685+00:00,2026-08-19T06:19:59.635604+00:00
33,64,Brooks,3,MID,47,0,0,0.0,0.0,0.0,0,1,0,0,0,2026-08-19T06:19:35.549685+00:00,2026-08-19T06:19:59.635604+00:00
33,65,Christie,3,MID,50,2.69,2.0941,0.82,0.0324,0.7652,0.008,1,1,90,1,2026-08-19T06:19:35.549685+00:00,2026-08-19T06:19:59.635604+00:00
33,66,L.Cook,3,MID,50,2.4096,1.6685,0.82,0.0324,0.7652,0.0016,1,1,90,1,2026-08-19T06:19:35.549685+00:00,2026-08-19T06:19:59.635604+00:00
33,67,Siriki,3,MID,45,0,0,0.0,0.0,0.0,0,1,0,0,0,2026-08-19T06:19:35.549685+00:00,2026-08-19T06:19:59.635604+00:00
33,68,Fredericks,3,DEF,43,0,0,0.0,0.0,0.0,0,1,0,0,0,2026-08-19T06:19:35.549685+00:00,2026-08-19T06:19:59.635604+00:00
33,69,Hill,3,DEF,40,0.4924,1.1751,0.1,0.198,0.1088,0.0012,1,0,0,0,2026-08-19T06:19:35.549685+00:00,2026-08-19T06:19:59.635604+00:00
33,70,Kelly,3,DEF,45,0.954,1.8065,0.22,0.1716,0.2183,0.002,1,1,51,1,2026-08-19T06:19:35.549685+00:00,2026-08-19T06:19:59.635604+00:00
33,71,Kilkenny,3,MID,43,0,0,0.0,0.0,0.0,0,1,0,0,0,2026-08-19T06:19:35.549685+00:00,2026-08-19T06:19:59.635604+00:00
33,72,Kluivert,3,MID,46,2.5316,2.6522,0.68,0.0704,0.638,0.0236,1,7,75,1,2026-08-19T06:19:35.549685+00:00,2026-08-19T06:19:59.635604+00:00
33,73,Lowe,3,MID,49,0,0,0.0,0.0,0.0,0,1,0,0,0,2026-08-19T06:19:35.549685+00:00,2026-08-19T06:19:59.635604+00:00
33,74,Marcondes,3,MID,43,0,0,0.0,0.0,0.0,0,1,0,0,0,2026-08-19T06:19:35.549685+00:00,2026-08-19T06:19:59.635604+00:00
33,75,Mepham,3,DEF,43,0.4964,1.189,0.11,0.1958,0.118,0.0,1,0,0,0,2026-08-19T06:19:35.549685+00:00,2026-08-19T06:19:59.635604+00:00
33,76,Moore,3,FWD,46,0,0,0.0,0.0,0.0,0,1,0,0,0,2026-08-19T06:19:35.549685+00:00,2026-08-19T06:19:59.635604+00:00
33,77,Neto,3,GKP,47,3.7316,2.4132,0.9,0.008,0.8376,0.0056,1,0,90,1,2026-08-19T06:19:35.549685+00:00,2026-08-19T06:19:59.635604+00:00
33,78,O.Dango,3,MID,47,1.1576,1.9137,0.28,0.1584,0.2731,0.0068,1,2,69,1,2026-08-19T06:19:35.549685+00:00,2026-08-19T06:19:59.635604+00:00
33,79,Pearson,3,MID,45,0,0,0.0,0.0,0.0,0,1,0,0,0,2026-08-19T06:19:35.549685+00:00,2026-08-19T06:19:59.635604+00:00
33,80,Randolph,3,GKP,39,0.1808,0.7977,0.04,0.0384,0.0403,0.0,1,0,0,0,2026-08-19T06:19:35.549685+00:00,2026-08-19T06:19:59.635604+00:00
33,81,Rothwell,3,MID,48,0,0,0.0,0.0,0.0,0,1,0,0,0,2026-08-19T06:19:35.549685+00:00,2026-08-19T06:19:59.635604+00:00
33,82,Semenyo,3,FWD,45,2.498,2.4066,0.68,0.0576,0.637,0.0164,1,0,0,0,2026-08-19T06:19:35.549685+00:00,2026-08-19T06:19:59.635604+00:00
33,83,Senesi,3,DEF,44,0.8904,1.8982,0.22,0.1404,0.2158,0.0048,1,8,90,1,2026-08-19T06:19:35.549685+00:00,2026-08-19T06:19:59.635604+00:00
33,84,Smith,3,DEF,44,0.8532,1.685,0.22,0.1404,0.2158,0.0004,1,1,69,1,2026-08-19T06:19:35.549685+00:00,2026-08-19T06:19:59.635604+00:00
33,85,Solanke,3,FWD,72,4.6936,3.4104,0.9,0.018,0.8384,0.1144,1,7,90,1,2026-08-19T06:19:35.549685+00:00,2026-08-19T06:19:59.635604+00:00
33,86,Tavernier,3,MID,51,3.26,2.7216,0.82,0.0324,0.7652,0.0304,1,0,0,0,2026-08-19T06:19:35.549685+00:00,2026-08-19T06:19:59.635604+00:00
33,87,Hamed Traorè,3,MID,47,0,0,0.0,0.0,0.0,0,1,0,0,0,2026-08-19T06:19:35.549685+00:00,2026-08-19T06:19:59.635604+00:00
33,88,Travers,3,GKP,40,0.2144,0.9329,0.04,0.0384,0.0403,0.0,1,0,0,0,2026-08-19T06:19:35.549685+00:00,2026-08-19T06:19:59.635604+00:00
33,89,Zabarnyi,3,DEF,45,0.83,1.7041,0.22,0.1404,0.2158,0.0024,1,1,90,1,2026-08-19T06:19:35.549685+00:00,2026-08-19T06:19:59.635604+00:00
33,595,Kerkez,3,DEF,44,0.826,1.6947,0.22,0.1404,0.2158,0.0024,1,1,90,1,2026-08-19T06:19:35.549685+00:00,2026-08-19T06:19:59.635604+00:00
33,607,Radu,3,GKP,43,0.1588,0.7926,0.04,0.0384,0.0403,0.0,1,0,0,0,2026-08-19T06:19:35.549685+00:00,2026-08-19T06:19:59.635604+00:00
33,619,Greenwood,3,DEF,40,0,0,0.0,0.0,0.0,0,1,0,0,0,2026-08-19T06:19:35.549685+00:00,2026-08-19T06:19:59.635604+00:00
33,643,Aarons,3,DEF,44,0.866,1.6359,0.22,0.1716,0.2183,0.0008,1,1,20,0,2026-08-19T06:19:35.549685+00:00,2026-08-19T06:19:59.635604+00:00
33,644,Scott,3,MID,49,1.588,1.9345,0.48,0.1144,0.4556,0.004,1,0,0,0,2026-08-19T06:19:35.549685+00:00,2026-08-19T06:19:59.635604+00:00
33,673,Adams,3,MID,49,0.7048,1.3476,0.18,0.1804,0.1818,0.0016,1,0,0,0,2026-08-19T06:19:35.549685+00:00,2026-08-19T06:19:59.635604+00:00
33,705,Sinisterra,3,MID,55,0,0,0.0,0.0,0.0,0,1,1,38,0,2026-08-19T06:19:35.549685+00:00,2026-08-19T06:19:59.635604+00:00
33,799,Faivre,3,MID,50,0.7512,1.3867,0.18,0.1804,0.1818,0.0004,1,1,20,0,2026-08-19T06:19:35.549685+00:00,2026-08-19T06:19:59.635604+00:00
33,802,Kinsey,3,DEF,40,0.5468,1.296,0.1,0.198,0.1088,0.0,1,0,0,0,2026-08-19T06:19:35.549685+00:00,2026-08-19T06:19:59.635604+00:00
33,804,Enes Ünal,3,FWD,50,0.73,1.3393,0.18,0.1804,0.1818,0.0024,1,1,14,0,2026-08-19T06:19:35.549685+00:00,2026-08-19T06:19:59.635604+00:00
33,811,Sadi,3,MID,45,0.5012,1.0373,0.1,0.198,0.1088,0.0012,1,0,0,0,2026-08-19T06:19:35.549685+00:00,2026-08-19T06:19:59.635604+00:00
33,849,Dacosta Gonzalez,3,MID,45,0.4684,1.0185,0.1,0.198,0.1088,0.0004,1,0,0,0,2026-08-19T06:19:35.549685+00:00,2026-08-19T06:19:59.635604+00:00
33,855,McKenna,3,GKP,40,0.1788,0.8289,0.04,0.0384,0.0403,0.0,1,,,,2026-08-19T06:19:35.549685+00:00,
33,90,Ajer,4,DEF,44,0.948,2.06,0.22,0.1404,0.2158,0.0092,1,0,0,0,2026-08-19T06:19:35.549685+00:00,2026-08-19T06:19:59.635604+00:00
33,91,Balcombe,4,GKP,39,0.1816,0.8125,0.04,0.0384,0.0403,0.0,1,0,0,0,2026-08-19T06:19:35.549685+00:00,2026-08-19T06:19:59.635604+00:00
33,92,Baptiste,4,MID,43,0.5224,1.0989,0.1,0.198,0.1088,0.0008,1,0,0,0,2026-08-19T06:19:35.549685+00:00,2026-08-19T06:19:59.635604+00:00
33,93,Bech,4,DEF,40,0,0,0.0,0.0,0.0,0,1,0,0,0,2026-08-19T06:19:35.549685+00:00,2026-08-19T06:19:59.635604+00:00
33,94,Bidstrup,4,MID,45,0,0,0.0,0.0,0.0,0,1,0,0,0,2026-08-19T06:19:35.549685+00:00,2026-08-19T06:19:59.635604+00:00
33,95,Canós,4,MID,50,0,0,0.0,0.0,0.0,0,1,0,0,0,2026-08-19T06:19:35.549685+00:00,2026-08-19T06:19:59.635604+00:00
33,96,Collins,4,DEF,45,0.5552,1.4341,0.11,0.1602,0.1151,0.0024,1,6,90,1,2026-08-19T06:19:35.549685+00:00,2026-08-19T06:19:59.635604+00:00
33,97,Cox,4,GKP,40,0,0,0.0,0.0,0.0,0,1,0,0,0,2026-08-19T06:19:35.549685+00:00,2026-08-19T06:19:59.635604+00:00
33,98,Damsgaard,4,MID,48,0.9288,1.4653,0.28,0.1584,0.2731,0.0012,1,6,78,1,2026-08-19T06:19:35.549685+00:00,2026-08-19T06:19:59.635604+00:00
33,99,Dasilva,4,MID,47,0,0,0.0,0.0,0.0,0,1,0,0,0,2026-08-19T06:19:35.549685+00:00,2026-08-19T06:19:59.635604+00:00
33,100,Dervişoğlu,4,FWD,45,0,0,0.0,0.0,0.0,0,1,0,0,0,2026-08-19T06:19:35.549685+00:00,2026-08-19T06:19:59.635604+00:00
33,101,Flekken,4,GKP,46,3.5688,2.3408,0.9,0.008,0.8376,0.002,1,7,90,1,2026-08-19T06:19:35.549685+00:00,2026-08-19T06:19:59.635604+00:00
33,102,Goode,4,DEF,39,0,0,0.0,0.0,0.0,0,1,0,0,0,2026-08-19T06:19:35.549685+00:00,2026-08-19T06:19:59.635604+00:00
33,103,Henry,4,DEF,43,0,0,0.0,0.0,0.0,0,1,0,0,0,2026-08-19T06:19:35.549685+00:00,2026-08-19T06:19:59.635604+00:00
33,104,Hickey,4,DEF,43,0,0,0.0,0.0,0.0,0,1,0,0,0,2026-08-19T06:19:35.549685+00:00,2026-08-19T06:19:59.635604+00:00
33,105,Janelt,4,MID,53,2.2648,1.8441,0.82,0.0324,0.7652,0.004,1,2,90,1,2026-08-19T06:19:35.549685+00:00,2026-08-19T06:19:59.635604+00:00
33,106,Jensen,4,MID,53,2.4132,2.1793,0.68,0.0576,0.637,0.0072,1,3,90,1,2026-08-19T06:19:35.549685+00:00,2026-08-19T06:19:59.635604+00:00
33,107,Lewis-Potter,4,MID,47,2.0124,2.5797,0.48,0.1144,0.4556,0.0188,1,1,11,0,2026-08-19T06:19:35.549685+00:00,2026-08-19T06:19:59.635604+00:00
33,108,Mbeumo,4,MID,67,4.3276,4.2525,0.68,0.0896,0.6396,0.1184,1,3,89,1,2026-08-19T06:19:35.549685+00:00,2026-08-19T06:19:59.635604+00:00
33,109,Mee,4,DEF,48,0,0,0.0,0.0,0.0,0,1,0,0,0,2026-08-19T06:19:35.549685+00:00,2026-08-19T06:19:59.635604+00:00
33,110,Nørgaard,4,MID,52,2.7692,2.4474,0.82,0.0324,0.7652,0.0208,1,0,0,0,2026-08-19T06:19:35.549685+00:00,2026-08-19T06:19:59.635604+00:00
33,111,Onyeka,4,MID,49,0.8632,1.5699,0.24,0.1672,0.2366,0.002,1,6,1,0,2026-08-19T06:19:35.549685+00:00,2026-08-19T06:19:59.635604+00:00
33,112,Pinnock,4,DEF,45,0.9788,1.9651,0.22,0.1404,0.2158,0.0068,1,1,1,0,2026-08-19T06:19:35.549685+00:00,2026-08-19T06:19:59.635604+00:00
33,114,Roerslev,4,DEF,44,0.9368,1.8829,0.22,0.1404,0.2158,0.004,1,5,90,1,2026-08-19T06:19:35.549685+00:00,2026-08-19T06:19:59.635604+00:00
33,115,Schade,4,MID,52,1.0576,1.6985,0.28,0.1584,0.2731,0.002,1,4,1,0,2026-08-19T06:19:35.549685+00:00,2026-08-19T06:19:59.635604+00:00
33,116,Strakosha,4,GKP,39,0.1832,0.833,0.04,0.0384,0.0403,0.0,1,0,0,0,2026-08-19T06:19:35.549685+00:00,2026-08-19T06:19:59.635604+00:00
33,117,Toney,4,FWD,81,2.0292,2.5294,0.48,0.1456,0.458,0.0208,1,0,0,0,2026-08-19T06:19:35.549685+00:00,2026-08-19T06:19:59.635604+00:00
33,118,Trevitt,4,MID,45,0,0,0.0,0.0,0.0,0,1,0,0,0,2026-08-19T06:19:35.549685+00:00,2026-08-19T06:19:59.635604+00:00
33,119,Wissa,4,FWD,57,3.414,3.0143,0.82,0.0324,0.7652,0.0568,1,2,89,1,2026-08-19T06:19:35.549685+00:00,2026-08-19T06:19:59.635604+00:00
33,120,Yarmoliuk,4,MID,43,0.9512,1.5028,0.28,0.1584,0.2731,0.0024,1,1,11,0,2026-08-19T06:19:35.549685+00:00,2026-08-19T06:19:59.635604+00:00
33,121,Zanka,4,DEF,43,0.8308,1.7712,0.22,0.1716,0.2183,0.0056,1,9,90,1,2026-08-19T06:19:35.549685+00:00,2026-08-19T06:19:59.635604+00:00
33,258,Maupay,4,FWD,49,2.0516,2.6368,0.48,0.1144,0.4556,0.0196,1,1,78,1,2026-08-19T06:19:35.549685+00:00,2026-08-19T06:19:59.635604+00:00
33,508,Reguilón,4,DEF,44,1.0184,2.0602,0.22,0.1716,0.2183,0.0084,1,8,90,1,2026-08-19T06:19:35.549685+00:00,2026-08-19T06:19:59.635604+00:00
33,620,Olakigbe,4,MID,45,0,0,0.0,0.0,0.0,0,1,0,0,0,2026-08-19T06:19:35.549685+00:00,2026-08-19T06:19:59.635604+00:00
33,684,Brierley,4,MID,45,0.4712,0.9875,0.1,0.198,0.1088,0.0,1,0,0,0,2026-08-19T06:19:35.549685+00:00,2026-08-19T06:19:59.635604+00:00
33,701,Ghoddos,4,MID,45,0.8336,1.3768,0.28,0.1584,0.2731,0.0008,1,0,0,0,2026-08-19T06:19:35.549685+00:00,2026-08-19T06:19:59.635604+00:00
33,725,Kim Ji-Soo,4,DEF,40,0.5064,1.1642,0.1,0.198,0.1088,0.0,1,0,0,0,2026-08-19T06:19:35.549685+00:00,2026-08-19T06:19:59.635604+00:00
33,733,Adedokun,4,DEF,40,0.5256,1.2581,0.1,0.198,0.1088,0.0004,1,0,0,0,2026-08-19T06:19:35.549685+00:00,2026-08-19T06:19:59.635604+00:00
33,744,Peart-Harris,4,MID,45,0,0,0.0,0.0,0.0,0,1,0,0,0,2026-08-19T06:19:35.549685+00:00,2026-08-19T06:19:59.635604+00:00
33,752,Angelini,4,GKP,40,0.1576,0.7538,0.04,0.0384,0.0403,0.0,1,0,0,0,2026-08-19T06:19:35.549685+00:00,2026-08-19T06:19:59.635604+00:00
33,789,Valdimarsson,4,GKP,40,0.21,0.9595,0.04,0.0384,0.0403,0.0004,1,0,0,0,2026-08-19T06:19:35.549685+00:00,2026-08-19T06:19:59.635604+00:00
33,797,Fredrick,4,DEF,40,0.508,1.2442,0.1,0.198,0.1088,0.0008,1,0,0,0,2026-08-19T06:19:35.549685+00:00,2026-08-19T06:19:59.635604+00:00
33,834,Arthur,4,DEF,40,0.5524,1.3145,0.1,0.198,0.1088,0.0004,1,0,0,0,2026-08-19T06:19:35.549685+00:00,2026-08-19T06:19:59.635604+00:00
33,864,Konak,4,MID,45,0.504,1.0202,0.1,0.198,0.1088,0.0,1,,,,2026-08-19T06:19:35.549685+00:00,
33,122,Adingra,5,MID,50,2.5276,2.4443,0.68,0.0576,0.637,0.0136,1,2,76,1,2026-08-19T06:19:35.549685+00:00,2026-08-19T06:19:59.635604+00:00
33,123,Alzate,5,MID,44,0,0,0.0,0.0,0.0,0,1,0,0,0,2026-08-19T06:19:35.549685+00:00,2026-08-19T06:19:59.635604+00:00
33,124,Ayari,5,MID,45,0,0,0.0,0.0,0.0,0,1,0,0,0,2026-08-19T06:19:35.549685+00:00,2026-08-19T06:19:59.635604+00:00
33,125,Buonanotte,5,MID,47,1.3756,1.7577,0.48,0.1144,0.4556,0.0028,1,1,13,0,2026-08-19T06:19:35.549685+00:00,2026-08-19T06:19:59.635604+00:00
33,127,Connolly,5,FWD,45,0,0,0.0,0.0,0.0,0,1,0,0,0,2026-08-19T06:19:35.549685+00:00,2026-08-19T06:19:59.635604+00:00
33,128,Dahoud,5,MID,48,0,0,0.0,0.0,0.0,0,1,0,0,0,2026-08-19T06:19:35.549685+00:00,2026-08-19T06:19:59.635604+00:00
33,129,Dunk,5,DEF,52,0,0,0.0,0.0,0.0,0,1,3,90,1,2026-08-19T06:19:35.549685+00:00,2026-08-19T06:19:59.635604+00:00
33,130,Enciso,5,MID,50,0.956,1.4982,0.28,0.1584,0.2731,0.0016,1,0,0,0,2026-08-19T06:19:35.549685+00:00,2026-08-19T06:19:59.635604+00:00
33,131,Estupiñan,5,DEF,48,0,0,0.0,0.0,0.0,0,1,1,12,0,2026-08-19T06:19:35.549685+00:00,2026-08-19T06:19:59.635604+00:00
33,132,Ferguson,5,FWD,57,0,0,0.0,0.0,0.0,0,1,0,0,0,2026-08-19T06:19:35.549685+00:00,2026-08-19T06:19:59.635604+00:00
33,133,Gilmour,5,MID,48,1.904,1.7518,0.68,0.0576,0.637,0.0028,1,0,0,0,2026-08-19T06:19:35.549685+00:00,2026-08-19T06:19:59.635604+00:00
33,134,Gross,5,MID,63,3.7652,2.9596,0.82,0.0324,0.7652,0.0464,1,3,90,1,2026-08-19T06:19:35.549685+00:00,2026-08-19T06:19:59.635604+00:00
33,135,João Pedro,5,FWD,52,3.2,3.0911,0.68,0.0576,0.637,0.0456,1,2,88,1,2026-08-19T06:19:35.549685+00:00,2026-08-19T06:19:59.635604+00:00
33,136,Karbownik,5,DEF,40,0,0,0.0,0.0,0.0,0,1,0,0,0,2026-08-19T06:19:35.549685+00:00,2026-08-19T06:19:59.635604+00:00
33,137,Kozłowski,5,MID,45,0,0,0.0,0.0,0.0,0,1,0,0,0,2026-08-19T06:19:35.549685+00:00,2026-08-19T06:19:59.635604+00:00
33,138,Lallana,5,MID,49,1.3724,1.687,0.48,0.1144,0.4556,0.0016,1,1,13,0,2026-08-19T06:19:35.549685+00:00,2026-08-19T06:19:59.635604+00:00
33,139,Lamptey,5,DEF,39,0.7016,1.4335,0.22,0.1716,0.2183,0.0012,1,0,0,0,2026-08-19T06:19:35.549685+00:00,2026-08-19T06:19:59.635604+00:00
33,140,March,5,MID,61,0,0,0.0,0.0,0.0,0,1,0,0,0,2026-08-19T06:19:35.549685+00:00,2026-08-19T06:19:59.635604+00:00
33,141,McGill,5,GKP,39,0.1556,0.696,0.04,0.0384,0.0403,0.0,1,0,0,0,2026-08-19T06:19:35.549685+00:00,2026-08-19T06:19:59.635604+00:00
33,142,Milner,5,MID,48,0,0,0.0,0.0,0.0,0,1,0,0,0,2026-08-19T06:19:35.549685+00:00,2026-08-19T06:19:59.635604+00:00
33,143,Mitoma,5,MID,64,0,0,0.0,0.0,0.0,0,1,0,0,0,2026-08-19T06:19:35.549685+00:00,2026-08-19T06:19:59.635604+00:00
33,144,Moder,5,MID,44,0.8912,1.4086,0.28,0.1584,0.2731,0.002,1,2,76,1,2026-08-19T06:19:35.549685+00:00,2026-08-19T06:19:59.635604+00:00
33,146,Sarmiento,5,MID,45,0,0,0.0,0.0,0.0,0,1,0,0,0,2026-08-19T06:19:35.549685+00:00,2026-08-19T06:19:59.635604+00:00
33,147,Scherpen,5,GKP,40,0,0,0.0,0.0,0.0,0,1,0,0,0,2026-08-19T06:19:35.549685+00:00,2026-08-19T06:19:59.635604+00:00
33,148,Steele,5,GKP,41,3.0316,2.1271,0.9,0.004,0.8373,0.0016,1,0,0,0,2026-08-19T06:19:35.549685+00:00,2026-08-19T06:19:59.635604+00:00
33,149,Undav,5,FWD,55,0,0,0.0,0.0,0.0,0,1,0,0,0,2026-08-19T06:19:35.549685+00:00,2026-08-19T06:19:59.635604+00:00
33,150,Van Hecke,5,DEF,41,0,0,0.0,0.0,0.0,0,1,2,90,1,2026-08-19T06:19:35.549685+00:00,2026-08-19T06:19:59.635604+00:00
33,151,Veltman,5,DEF,43,0,0,0.0,0.0,0.0,0,1,1,90,1,2026-08-19T06:19:35.549685+00:00,2026-08-19T06:19:59.635604+00:00
33,152,Verbruggen,5,GKP,44,0.1688,0.7646,0.04,0.0384,0.0403,0.0,1,2,90,1,2026-08-19T06:19:35.549685+00:00,2026-08-19T06:19:59.635604+00:00
33,153,Webster,5,DEF,42,0.7648,1.5489,0.22,0.1716,0.2183,0.0024,1,0,0,0,2026-08-19T06:19:35.549685+00:00,2026-08-19T06:19:59.635604+00:00
33,154,Welbeck,5,FWD,57,2.3084,2.2404,0.68,0.0896,0.6396,0.0124,1,2,76,1,2026-08-19T06:19:35.549685+00:00,2026-08-19T06:19:59.635604+00:00
33,155,Zeqiri,5,FWD,44,0,0,0.0,0.0,0.0,0,1,0,0,0,2026-08-19T06:19:35.549685+00:00,2026-08-19T06:19:59.635604+00:00
33,606,Igor,5,DEF,43,0.7096,1.4033,0.22,0.1716,0.2183,0.0004,1,2,77,1,2026-08-19T06:19:35.549685+00:00,2026-08-19T06:19:59.635604+00:00
33,621,Hinshelwood,5,MID,45,0,0,0.0,0.0,0.0,0,1,0,0,0,2026-08-19T06:19:35.549685+00:00,2026-08-19T06:19:59.635604+00:00
33,690,Baleba,5,MID,45,1.0984,1.3543,0.48,0.1144,0.4556,0.0008,1,2,90,1,2026-08-19T06:19:35.549685+00:00,2026-08-19T06:19:59.635604+00:00
33,700,Ansu Fati,5,MID,64,1.1764,2.0287,0.28,0.2016,0.2765,0.0072,1,1,13,0,2026-08-19T06:19:35.549685+00:00,2026-08-19T06:19:59.635604+00:00
33,741,O’Mahony,5,FWD,45,0.4316,0.8736,0.1,0.198,0.1088,0.0,1,0,1,0,2026-08-19T06:19:35.549685+00:00,2026-08-19T06:19:59.635604+00:00
33,742,Baker-Boaitey,5,MID,45,0.4772,0.9386,0.1,0.198,0.1088,0.0004,1,0,0,0,2026-08-19T06:19:35.549685+00:00,2026-08-19T06:19:59.635604+00:00
33,746,Jackson,5,DEF,40,0.4916,1.1676,0.1,0.198,0.1088,0.0004,1,0,0,0,2026-08-19T06:19:35.549685+00:00,2026-08-19T06:19:59.635604+00:00
33,747,Duffus,5,MID,44,0.4756,0.9576,0.1,0.198,0.1088,0.0,1,0,0,0,2026-08-19T06:19:35.549685+00:00,2026-08-19T06:19:59.635604+00:00
33,753,Kavanagh,5,DEF,40,0.4436,1.0288,0.1,0.198,0.1088,0.0,1,0,0,0,2026-08-19T06:19:35.549685+00:00,2026-08-19T06:19:59.635604+00:00
33,755,Barrington,5,MID,45,0.4888,1.0039,0.1,0.198,0.1088,0.0004,1,0,0,0,2026-08-19T06:19:35.549685+00:00,2026-08-19T06:19:59.635604+00:00
33,786,Peupion,5,MID,45,0.4892,0.9666,0.1,0.198,0.1088,0.0,1,0,0,0,2026-08-19T06:19:35.549685+00:00,2026-08-19T06:19:59.635604+00:00
33,816,Barco,5,DEF,40,0.4848,1.1317,0.1,0.198,0.1088,0.0,1,0,0,0,2026-08-19T06:19:35.549685+00:00,2026-08-19T06:19:59.635604+00:00
33,843,Chouchane,5,MID,45,0.4508,0.952,0.1,0.198,0.1088,0.0004,1,0,0,0,2026-08-19T06:19:35.549685+00:00,2026-08-19T06:19:59.635604+00:00
33,845,Offiah,5,DEF,40,0.4852,1.1299,0.1,0.198,0.1088,0.0008,1,0,0,0,2026-08-19T06:19:35.549685+00:00,2026-08-19T06:19:59.635604+00:00
33,861,Atom,5,DEF,40,0.5016,1.1395,0.1,0.198,0.1088,0.0004,1,,,,2026-08-19T06:19:35.549685+00:00,
33,156,Agyei,6,MID,42,0.4972,1.0088,0.1,0.198,0.1088,0.0,1,0,0,0,2026-08-19T06:19:35.549685+00:00,2026-08-19T06:19:59.635604+00:00
33,157,Al-Dakhil,6,DEF,38,0,0,0.0,0.0,0.0,0,1,0,0,0,2026-08-19T06:19:35.549685+00:00,2026-08-19T06:19:59.635604+00:00
33,158,Bastien,6,MID,49,0,0,0.0,0.0,0.0,0,1,0,0,0,2026-08-19T06:19:35.549685+00:00,2026-08-19T06:19:59.635604+00:00
33,159,Benson,6,MID,52,0.7372,1.3078,0.18,0.1804,0.1818,0.0008,1,0,0,0,2026-08-19T06:19:35.549685+00:00,2026-08-19T06:19:59.635604+00:00
33,160,Beyer,6,DEF,39,0,0,0.0,0.0,0.0,0,1,0,0,0,2026-08-19T06:19:35.549685+00:00,2026-08-19T06:19:59.635604+00:00
33,161,Brownhill,6,MID,47,2.3596,1.7999,0.82,0.0324,0.7652,0.0048,1,8,23,0,2026-08-19T06:19:35.549685+00:00,2026-08-19T06:19:59.635604+00:00
33,162,Churlinov,6,MID,44,0,0,0.0,0.0,0.0,0,1,0,0,0,2026-08-19T06:19:35.549685+00:00,2026-08-19T06:19:59.635604+00:00
33,163,Cork,6,MID,48,0.6868,1.2597,0.18,0.1804,0.1818,0.0008,1,0,0,0,2026-08-19T06:19:35.549685+00:00,2026-08-19T06:19:59.635604+00:00
33,164,Costelloe,6,MID,45,0,0,0.0,0.0,0.0,0,1,0,0,0,2026-08-19T06:19:35.549685+00:00,2026-08-19T06:19:59.635604+00:00
33,165,Cullen,6,MID,50,1.8904,1.7867,0.68,0.0576,0.637,0.0032,1,1,90,1,2026-08-19T06:19:35.549685+00:00,2026-08-19T06:19:59.635604+00:00
33,166,Egan-Riley,6,DEF,39,0,0,0.0,0.0,0.0,0,1,0,0,0,2026-08-19T06:19:35.549685+00:00,2026-08-19T06:19:59.635604+00:00
33,167,Ekdal,6,DEF,39,0.8928,1.6848,0.22,0.1716,0.2183,0.0016,1,9,66,1,2026-08-19T06:19:35.549685+00:00,2026-08-19T06:19:59.635604+00:00
33,168,Foster,6,FWD,47,2.1,1.9753,0.68,0.0704,0.638,0.01,1,2,90,1,2026-08-19T06:19:35.549685+00:00,2026-08-19T06:19:59.635604+00:00
33,169,Franchi,6,GKP,39,0,0,0.0,0.0,0.0,0,1,0,0,0,2026-08-19T06:19:35.549685+00:00,2026-08-19T06:19:59.635604+00:00
33,170,Gudmundsson,6,MID,48,1.546,1.9114,0.48,0.1144,0.4556,0.0052,1,0,0,0,2026-08-19T06:19:35.549685+00:00,2026-08-19T06:19:59.635604+00:00
33,171,McNally,6,DEF,40,0,0,0.0,0.0,0.0,0,1,0,0,0,2026-08-19T06:19:35.549685+00:00,2026-08-19T06:19:59.635604+00:00
33,172,Muric,6,GKP,43,0.1796,0.8614,0.04,0.0384,0.0403,0.0,1,3,90,1,2026-08-19T06:19:35.549685+00:00,2026-08-19T06:19:59.635604+00:00
33,173,O'Shea,6,DEF,44,0.818,1.6667,0.22,0.1404,0.2158,0.0028,1,0,0,0,2026-08-19T06:19:35.549685+00:00,2026-08-19T06:19:59.635604+00:00
33,174,Obafemi,6,FWD,49,0,0,0.0,0.0,0.0,0,1,0,0,0,2026-08-19T06:19:35.549685+00:00,2026-08-19T06:19:59.635604+00:00
33,175,Peacock-Farrell,6,GKP,40,0,0,0.0,0.0,0.0,0,1,0,0,0,2026-08-19T06:19:35.549685+00:00,2026-08-19T06:19:59.635604+00:00
33,176,Roberts,6,DEF,43,0,0,0.0,0.0,0.0,0,1,0,0,0,2026-08-19T06:19:35.549685+00:00,2026-08-19T06:19:59.635604+00:00
33,177,Rodriguez,6,FWD,53,1.238,2.0045,0.28,0.1584,0.2731,0.0068,1,1,28,0,2026-08-19T06:19:35.549685+00:00,2026-08-19T06:19:59.635604+00:00
33,178,Taylor,6,DEF,39,0.822,1.6236,0.22,0.1404,0.2158,0.0008,1,1,45,1,2026-08-19T06:19:35.549685+00:00,2026-08-19T06:19:59.635604+00:00
33,179,Thomas,6,DEF,40,0,0,0.0,0.0,0.0,0,1,0,0,0,2026-08-19T06:19:35.549685+00:00,2026-08-19T06:19:59.635604+00:00
33,180,Twine,6,MID,49,0,0,0.0,0.0,0.0,0,1,0,0,0,2026-08-19T06:19:35.549685+00:00,2026-08-19T06:19:59.635604+00:00
33,181,Vigouroux,6,GKP,39,0.1892,0.8514,0.04,0.0384,0.0403,0.0,1,0,0,0,2026-08-19T06:19:35.549685+00:00,2026-08-19T06:19:59.635604+00:00
33,182,Vitinho,6,DEF,44,0.9476,1.8908,0.22,0.1404,0.2158,0.0048,1,1,45,1,2026-08-19T06:19:35.549685+00:00,2026-08-19T06:19:59.635604+00:00
33,183,Weghorst,6,FWD,55,0,0,0.0,0.0,0.0,0,1,0,0,0,2026-08-19T06:19:35.549685+00:00,2026-08-19T06:19:59.635604+00:00
33,184,Zaroury,6,MID,46,0,0,0.0,0.0,0.0,0,1,0,0,0,2026-08-19T06:19:35.549685+00:00,2026-08-19T06:19:59.635604+00:00
33,200,D.D.Fofana,6,FWD,50,2.1556,2.6812,0.48,0.1144,0.4556,0.02,1,2,61,1,2026-08-19T06:19:35.549685+00:00,2026-08-19T06:19:59.635604+00:00
33,475,Berge,6,MID,46,2.2216,1.7523,0.82,0.0324,0.7652,0.0036,1,2,90,1,2026-08-19T06:19:35.549685+00:00,2026-08-19T06:19:59.635604+00:00
33,594,Amdouni,6,FWD,52,2.828,2.2189,0.82,0.0324,0.7652,0.0164,1,0,0,0,2026-08-19T06:19:35.549685+00:00,2026-08-19T06:19:59.635604+00:00
33,596,Trafford,6,GKP,45,3.4868,2.3397,0.9,0.004,0.8373,0.0016,1,0,0,0,2026-08-19T06:19:35.549685+00:00,2026-08-19T06:19:59.635604+00:00
33,600,Redmond,6,MID,47,0,0,0.0,0.0,0.0,0,1,0,0,0,2026-08-19T06:19:35.549685+00:00,2026-08-19T06:19:59.635604+00:00
33,605,Koleosho,6,MID,48,1.0068,1.7188,0.24,0.1672,0.2366,0.0024,1,0,0,0,2026-08-19T06:19:35.549685+00:00,2026-08-19T06:19:59.635604+00:00
33,608,Bruun Larsen,6,MID,48,2.2416,2.7123,0.48,0.1144,0.4556,0.0184,1,2,85,1,2026-08-19T06:19:35.549685+00:00,2026-08-19T06:19:59.635604+00:00
33,622,Dodgson,6,DEF,40,0,0,0.0,0.0,0.0,0,1,0,0,0,2026-08-19T06:19:35.549685+00:00,2026-08-19T06:19:59.635604+00:00
33,660,Odobert,6,MID,50,2.3468,2.3408,0.68,0.0576,0.637,0.0136,1,2,90,1,2026-08-19T06:19:35.549685+00:00,2026-08-19T06:19:59.635604+00:00
33,674,Delcroix,6,DEF,40,0.792,1.5695,0.22,0.1716,0.2183,0.0012,1,0,0,0,2026-08-19T06:19:35.549685+00:00,2026-08-19T06:19:59.635604+00:00
33,675,A.Ramsey,6,MID,50,0,0,0.0,0.0,0.0,0,1,0,0,0,2026-08-19T06:19:35.549685+00:00,2026-08-19T06:19:59.635604+00:00
33,694,Massengo,6,MID,49,0.6588,1.1979,0.18,0.1804,0.1818,0.0004,1,0,0,0,2026-08-19T06:19:35.549685+00:00,2026-08-19T06:19:59.635604+00:00
33,706,M.Trésor,6,MID,53,1.004,1.6068,0.28,0.1584,0.2731,0.0012,1,1,4,0,2026-08-19T06:19:35.549685+00:00,2026-08-19T06:19:59.635604+00:00
33,805,Assignon,6,DEF,40,0.8148,1.6273,0.22,0.1716,0.2183,0.002,1,2,90,1,2026-08-19T06:19:35.549685+00:00,2026-08-19T06:19:59.635604+00:00
33,806,Estève,6,DEF,40,0.762,1.4732,0.22,0.1716,0.2183,0.0008,1,2,90,1,2026-08-19T06:19:35.549685+00:00,2026-08-19T06:19:59.635604+00:00
33,126,Caicedo,7,MID,45,1.8744,1.3435,0.82,0.0324,0.7652,0.0004,1,3,90,1,2026-08-19T06:19:35.549685+00:00,2026-08-19T06:19:59.635604+00:00
33,145,Sanchez,7,GKP,45,0.108,0.589,0.02,0.0392,0.0217,0.0,1,0,0,0,2026-08-19T06:19:35.549685+00:00,2026-08-19T06:19:59.635604+00:00
33,185,Ampadu,7,DEF,40,0,0,0.0,0.0,0.0,0,1,0,0,0,2026-08-19T06:19:35.549685+00:00,2026-08-19T06:19:59.635604+00:00
33,186,Andrey,7,MID,42,0,0,0.0,0.0,0.0,0,1,0,0,0,2026-08-19T06:19:35.549685+00:00,2026-08-19T06:19:59.635604+00:00
33,187,Arrizabalaga,7,GKP,50,0,0,0.0,0.0,0.0,0,1,0,0,0,2026-08-19T06:19:35.549685+00:00,2026-08-19T06:19:59.635604+00:00
33,188,Aubameyang,7,FWD,65,0,0,0.0,0.0,0.0,0,1,0,0,0,2026-08-19T06:19:35.549685+00:00,2026-08-19T06:19:59.635604+00:00
33,189,Azpilicueta,7,DEF,45,0,0,0.0,0.0,0.0,0,1,0,0,0,2026-08-19T06:19:35.549685+00:00,2026-08-19T06:19:59.635604+00:00
33,190,Baba,7,DEF,40,0,0,0.0,0.0,0.0,0,1,0,0,0,2026-08-19T06:19:35.549685+00:00,2026-08-19T06:19:59.635604+00:00
33,191,B.Badiashile,7,DEF,44,0.9604,1.8518,0.22,0.1716,0.2183,0.0028,1,0,0,0,2026-08-19T06:19:35.549685+00:00,2026-08-19T06:19:59.635604+00:00
33,192,Bettinelli,7,GKP,40,0.1868,0.8664,0.04,0.0384,0.0403,0.0004,1,0,0,0,2026-08-19T06:19:35.549685+00:00,2026-08-19T06:19:59.635604+00:00
33,194,Chalobah,7,DEF,43,0.8608,1.6471,0.22,0.1716,0.2183,0.0016,1,6,90,1,2026-08-19T06:19:35.549685+00:00,2026-08-19T06:19:59.635604+00:00
33,195,Chilwell,7,DEF,54,1.8436,2.6117,0.48,0.1144,0.4556,0.0168,1,4,10,0,2026-08-19T06:19:35.549685+00:00,2026-08-19T06:19:59.635604+00:00
33,196,Chukwuemeka,7,MID,42,0.4612,0.9287,0.1,0.198,0.1088,0.0,1,1,18,0,2026-08-19T06:19:35.549685+00:00,2026-08-19T06:19:59.635604+00:00
33,197,Colwill,7,DEF,46,2.4156,2.6222,0.68,0.0576,0.637,0.0156,1,0,0,0,2026-08-19T06:19:35.549685+00:00,2026-08-19T06:19:59.635604+00:00
33,198,Cucurella,7,DEF,48,1.5664,2.3325,0.48,0.1144,0.4556,0.0096,1,10,90,1,2026-08-19T06:19:35.549685+00:00,2026-08-19T06:19:59.635604+00:00
33,199,Enzo,7,MID,48,0,0,0.0,0.0,0.0,0,1,0,0,0,2026-08-19T06:19:35.549685+00:00,2026-08-19T06:19:59.635604+00:00
33,201,W.Fofana,7,DEF,44,0,0,0.0,0.0,0.0,0,1,0,0,0,2026-08-19T06:19:35.549685+00:00,2026-08-19T06:19:59.635604+00:00
33,202,Gallagher,7,MID,54,2.8468,2.2701,0.82,0.0324,0.7652,0.0144,1,3,90,1,2026-08-19T06:19:35.549685+00:00,2026-08-19T06:19:59.635604+00:00
33,203,Gusto,7,DEF,43,0.9724,2.0256,0.22,0.1404,0.2158,0.0072,1,6,87,1,2026-08-19T06:19:35.549685+00:00,2026-08-19T06:19:59.635604+00:00
33,206,James,7,DEF,53,0,0,0.0,0.0,0.0,0,1,0,0,0,2026-08-19T06:19:35.549685+00:00,2026-08-19T06:19:59.635604+00:00
33,207,Lukaku,7,FWD,68,0,0,0.0,0.0,0.0,0,1,0,0,0,2026-08-19T06:19:35.549685+00:00,2026-08-19T06:19:59.635604+00:00
33,208,Madueke,7,MID,53,1.17,1.9175,0.28,0.1584,0.2731,0.0044,1,3,71,1,2026-08-19T06:19:35.549685+00:00,2026-08-19T06:19:59.635604+00:00
33,210,Mudryk,7,MID,63,0,0,0.0,0.0,0.0,0,1,2,79,1,2026-08-19T06:19:35.549685+00:00,2026-08-19T06:19:59.635604+00:00
33,211,N.Jackson,7,FWD,68,3.8924,3.4302,0.82,0.0324,0.7652,0.0836,1,14,87,1,2026-08-19T06:19:35.549685+00:00,2026-08-19T06:19:59.635604+00:00
33,212,Nkunku,7,FWD,72,1.2028,1.9884,0.28,0.2016,0.2765,0.0112,1,0,0,0,2026-08-19T06:19:35.549685+00:00,2026-08-19T06:19:59.635604+00:00
33,213,Pulisic,7,MID,55,0,0,0.0,0.0,0.0,0,1,0,0,0,2026-08-19T06:19:35.549685+00:00,2026-08-19T06:19:59.635604+00:00
33,214,M.Sarr,7,DEF,43,0.494,1.2186,0.1,0.198,0.1088,0.0004,1,0,0,0,2026-08-19T06:19:35.549685+00:00,2026-08-19T06:19:59.635604+00:00
33,215,Slonina,7,GKP,40,0,0,0.0,0.0,0.0,0,1,0,0,0,2026-08-19T06:19:35.549685+00:00,2026-08-19T06:19:59.635604+00:00
33,216,Sterling,7,MID,68,3.2948,3.5479,0.68,0.0576,0.637,0.0668,1,0,0,0,2026-08-19T06:19:35.549685+00:00,2026-08-19T06:19:59.635604+00:00
33,217,T.Silva,7,DEF,50,2.8544,2.4389,0.82,0.0324,0.7652,0.0072,1,6,90,1,2026-08-19T06:19:35.549685+00:00,2026-08-19T06:19:59.635604+00:00
33,218,Ziyech,7,MID,54,0,0,0.0,0.0,0.0,0,1,0,0,0,2026-08-19T06:19:35.549685+00:00,2026-08-19T06:19:59.635604+00:00
33,362,Palmer,7,MID,61,5.5804,4.5454,0.82,0.0324,0.7652,0.184,1,26,79,1,2026-08-19T06:19:35.549685+00:00,2026-08-19T06:19:59.635604+00:00
33,589,Ângelo,7,MID,50,0,0,0.0,0.0,0.0,0,1,0,0,0,2026-08-19T06:19:35.549685+00:00,2026-08-19T06:19:59.635604+00:00
33,609,Maatsen,7,MID,51,0,0,0.0,0.0,0.0,0,1,0,0,0,2026-08-19T06:19:35.549685+00:00,2026-08-19T06:19:59.635604+00:00
33,611,Disasi,7,DEF,49,2.8692,2.6249,0.82,0.0324,0.7652,0.0204,1,0,0,0,2026-08-19T06:19:35.549685+00:00,2026-08-19T06:19:59.635604+00:00
33,613,Ugochukwu,7,MID,44,0.8208,1.2177,0.28,0.1584,0.2731,0.0,1,0,0,0,2026-08-19T06:19:35.549685+00:00,2026-08-19T06:19:59.635604+00:00
33,623,Burstow,7,FWD,45,0,0,0.0,0.0,0.0,0,1,0,0,0,2026-08-19T06:19:35.549685+00:00,2026-08-19T06:19:59.635604+00:00
33,659,Bergström,7,GKP,39,0,0,0.0,0.0,0.0,0,1,0,0,0,2026-08-19T06:19:35.549685+00:00,2026-08-19T06:19:59.635604+00:00
33,667,Lavia,7,MID,49,0,0,0.0,0.0,0.0,0,1,0,0,0,2026-08-19T06:19:35.549685+00:00,2026-08-19T06:19:59.635604+00:00
33,671,Humphreys,7,DEF,40,0,0,0.0,0.0,0.0,0,1,0,0,0,2026-08-19T06:19:35.549685+00:00,2026-08-19T06:19:59.635604+00:00
33,677,Deivid,7,FWD,45,0.4964,1.0408,0.1,0.198,0.1088,0.0,1,1,2,0,2026-08-19T06:19:35.549685+00:00,2026-08-19T06:19:59.635604+00:00
33,680,Beach,7,GKP,40,0,0,0.0,0.0,0.0,0,1,0,0,0,2026-08-19T06:19:35.549685+00:00,2026-08-19T06:19:59.635604+00:00
33,681,Diego Moreira,7,MID,45,0.4984,0.9871,0.1,0.198,0.1088,0.0004,1,0,0,0,2026-08-19T06:19:35.549685+00:00,2026-08-19T06:19:59.635604+00:00
33,687,Petrović,7,GKP,46,3.4496,2.3174,0.9,0.008,0.8376,0.0024,1,6,90,1,2026-08-19T06:19:35.549685+00:00,2026-08-19T06:19:59.635604+00:00
33,716,Gilchrist,7,DEF,40,0.5112,1.2542,0.1,0.198,0.1088,0.0016,1,7,2,0,2026-08-19T06:19:35.549685+00:00,2026-08-19T06:19:59.635604+00:00
33,717,Stutter,7,FWD,45,0.4408,0.9194,0.1,0.198,0.1088,0.0004,1,0,0,0,2026-08-19T06:19:35.549685+00:00,2026-08-19T06:19:59.635604+00:00
33,718,Matos,7,MID,45,0,0,0.0,0.0,0.0,0,1,0,0,0,2026-08-19T06:19:35.549685+00:00,2026-08-19T06:19:59.635604+00:00
33,723,Brooking,7,DEF,40,0.5108,1.2529,0.1,0.198,0.1088,0.0012,1,0,0,0,2026-08-19T06:19:35.549685+00:00,2026-08-19T06:19:59.635604+00:00
33,758,Castledine,7,MID,45,0.484,1.0074,0.1,0.198,0.1088,0.0004,1,0,0,0,2026-08-19T06:19:35.549685+00:00,2026-08-19T06:19:59.635604+00:00
33,791,Casadei,7,MID,45,0.476,1.0378,0.1,0.198,0.1088,0.0012,1,1,10,0,2026-08-19T06:19:35.549685+00:00,2026-08-19T06:19:59.635604+00:00
33,819,Samuels-Smith,7,DEF,40,0.5228,1.1989,0.1,0.198,0.1088,0.0012,1,0,0,0,2026-08-19T06:19:35.549685+00:00,2026-08-19T06:19:59.635604+00:00
33,820,Harrison,7,MID,45,0.4812,0.9776,0.1,0.198,0.1088,0.0,1,0,0,0,2026-08-19T06:19:35.549685+00:00,2026-08-19T06:19:59.635604+00:00
33,830,Tauriainen,7,MID,45,0.4916,0.9736,0.1,0.198,0.1088,0.0004,1,0,0,0,2026-08-19T06:19:35.549685+00:00,2026-08-19T06:19:59.635604+00:00
33,838,Acheampong,7,DEF,40,0.5316,1.2471,0.1,0.198,0.1088,0.0008,1,0,0,0,2026-08-19T06:19:35.549685+00:00,2026-08-19T06:19:59.635604+00:00
33,847,Sharman-Lowe,7,GKP,40,0.1856,0.8751,0.04,0.0384,0.0403,0.0004,1,0,0,0,2026-08-19T06:19:35.549685+00:00,2026-08-19T06:19:59.635604+00:00
33,851,George,7,FWD,45,0.4408,0.8567,0.1,0.198,0.1088,0.0,1,0,0,0,2026-08-19T06:19:35.549685+00:00,2026-08-19T06:19:59.635604+00:00
33,852,Dyer,7,MID,45,0.4824,0.9906,0.1,0.198,0.1088,0.0,1,0,0,0,2026-08-19T06:19:35.549685+00:00,2026-08-19T06:19:59.635604+00:00
33,858,Curd,7,GKP,40,0.1712,0.7983,0.04,0.0384,0.0403,0.0,1,,,,2026-08-19T06:19:35.549685+00:00,
33,859,Sturge,7,DEF,40,0.4956,1.1833,0.1,0.198,0.1088,0.0,1,,,,2026-08-19T06:19:35.549685+00:00,
33,7,Holding,8,DEF,43,0.4768,1.0879,0.11,0.1958,0.118,0.0004,1,0,0,0,2026-08-19T06:19:35.549685+00:00,2026-08-19T06:19:59.635604+00:00
33,219,Ahamada,8,MID,43,0.4672,0.9739,0.1,0.198,0.1088,0.0004,1,0,0,0,2026-08-19T06:19:35.549685+00:00,2026-08-19T06:19:59.635604+00:00
33,220,Andersen,8,DEF,47,2.638,2.318,0.9,0.018,0.8384,0.0088,1,8,90,1,2026-08-19T06:19:35.549685+00:00,2026-08-19T06:19:59.635604+00:00
33,221,J.Ayew,8,MID,54,2.5032,2.1499,0.82,0.0324,0.7652,0.0132,1,1,22,0,2026-08-19T06:19:35.549685+00:00,2026-08-19T06:19:59.635604+00:00
33,222,Clyne,8,DEF,43,0.7416,1.3898,0.22,0.1716,0.2183,0.0004,1,6,76,1,2026-08-19T06:19:35.549685+00:00,2026-08-19T06:19:59.635604+00:00
33,223,C.Doucouré,8,MID,48,0,0,0.0,0.0,0.0,0,1,0,0,0,2026-08-19T06:19:35.549685+00:00,2026-08-19T06:19:59.635604+00:00
33,224,Ebiowei,8,MID,44,0,0,0.0,0.0,0.0,0,1,0,0,0,2026-08-19T06:19:35.549685+00:00,2026-08-19T06:19:59.635604+00:00
33,225,Edouard,8,FWD,53,2.624,2.4969,0.68,0.0704,0.638,0.0208,1,1,1,0,2026-08-19T06:19:35.549685+00:00,2026-08-19T06:19:59.635604+00:00
33,226,Eze,8,MID,60,3.0508,3.2169,0.68,0.0576,0.637,0.0452,1,10,76,1,2026-08-19T06:19:35.549685+00:00,2026-08-19T06:19:59.635604+00:00
33,227,Guaita,8,GKP,44,0,0,0.0,0.0,0.0,0,1,0,0,0,2026-08-19T06:19:35.549685+00:00,2026-08-19T06:19:59.635604+00:00
33,228,Guéhi,8,DEF,42,0.8052,1.6026,0.22,0.1404,0.2158,0.0012,1,0,0,0,2026-08-19T06:19:35.549685+00:00,2026-08-19T06:19:59.635604+00:00
33,229,Hughes,8,MID,49,0,0,0.0,0.0,0.0,0,1,3,76,1,2026-08-19T06:19:35.549685+00:00,2026-08-19T06:19:59.635604+00:00
33,230,Johnstone,8,GKP,44,0,0,0.0,0.0,0.0,0,1,0,0,0,2026-08-19T06:19:35.549685+00:00,2026-08-19T06:19:59.635604+00:00
33,231,Lerma,8,MID,47,2.2848,1.9699,0.82,0.0324,0.7652,0.0076,1,2,90,1,2026-08-19T06:19:35.549685+00:00,2026-08-19T06:19:59.635604+00:00
33,232,Mateta,8,FWD,50,2.5048,2.4546,0.68,0.0576,0.637,0.02,1,2,89,1,2026-08-19T06:19:35.549685+00:00,2026-08-19T06:19:59.635604+00:00
33,233,Matthews,8,GKP,39,0.172,0.749,0.04,0.0384,0.0403,0.0,1,0,0,0,2026-08-19T06:19:35.549685+00:00,2026-08-19T06:19:59.635604+00:00
33,234,Mitchell,8,DEF,45,0.818,1.6046,0.22,0.1404,0.2158,0.0012,1,12,90,1,2026-08-19T06:19:35.549685+00:00,2026-08-19T06:19:59.635604+00:00
33,235,O'Brien,8,DEF,40,0,0,0.0,0.0,0.0,0,1,0,0,0,2026-08-19T06:19:35.549685+00:00,2026-08-19T06:19:59.635604+00:00
33,236,Olise,8,MID,56,2.48,2.8331,0.48,0.1456,0.458,0.0248,1,3,67,1,2026-08-19T06:19:35.549685+00:00,2026-08-19T06:19:59.635604+00:00
33,237,Plange,8,FWD,45,0,0,0.0,0.0,0.0,0,1,0,0,0,2026-08-19T06:19:35.549685+00:00,2026-08-19T06:19:59.635604+00:00
33,238,C.Richards,8,DEF,39,0.6984,1.4654,0.22,0.1404,0.2158,0.0012,1,0,0,0,2026-08-19T06:19:35.549685+00:00,2026-08-19T06:19:59.635604+00:00
33,239,Riedewald,8,MID,43,0.4428,0.8988,0.1,0.198,0.1088,0.0,1,1,13,0,2026-08-19T06:19:35.549685+00:00,2026-08-19T06:19:59.635604+00:00
33,240,Schlupp,8,MID,48,2.0004,1.9042,0.68,0.0704,0.638,0.006,1,1,13,0,2026-08-19T06:19:35.549685+00:00,2026-08-19T06:19:59.635604+00:00
33,241,Tomkins,8,DEF,40,0.4672,1.1005,0.1,0.198,0.1088,0.0004,1,0,0,0,2026-08-19T06:19:35.549685+00:00,2026-08-19T06:19:59.635604+00:00
33,242,Ward,8,DEF,45,0.6792,1.4459,0.22,0.1404,0.2158,0.0012,1,1,13,0,2026-08-19T06:19:35.549685+00:00,2026-08-19T06:19:59.635604+00:00
33,243,Whitworth,8,GKP,39,0.1668,0.7553,0.04,0.0384,0.0403,0.0,1,0,0,0,2026-08-19T06:19:35.549685+00:00,2026-08-19T06:19:59.635604+00:00
33,385,Henderson,8,GKP,44,2.9416,2.0884,0.9,0.004,0.8373,0.0012,1,9,90,1,2026-08-19T06:19:35.549685+00:00,2026-08-19T06:19:59.635604+00:00
33,615,Matheus França,8,MID,48,0,0,0.0,0.0,0.0,0,1,0,0,0,2026-08-19T06:19:35.549685+00:00,2026-08-19T06:19:59.635604+00:00
33,657,Rak-Sakyi,8,MID,45,0.4464,0.9035,0.1,0.198,0.1088,0.0,1,0,0,0,2026-08-19T06:19:35.549685+00:00,2026-08-19T06:19:59.635604+00:00
33,658,Gordon,8,FWD,45,0,0,0.0,0.0,0.0,0,1,0,0,0,2026-08-19T06:19:35.549685+00:00,2026-08-19T06:19:59.635604+00:00
33,720,Ola-Adebomi,8,FWD,45,0,0,0.0,0.0,0.0,0,1,0,0,0,2026-08-19T06:19:35.549685+00:00,2026-08-19T06:19:59.635604+00:00
33,721,Ozoh,8,MID,45,0.4612,0.88,0.1,0.198,0.1088,0.0,1,0,0,0,2026-08-19T06:19:35.549685+00:00,2026-08-19T06:19:59.635604+00:00
33,724,Raymond,8,MID,45,0.4552,0.8933,0.1,0.198,0.1088,0.0,1,0,0,0,2026-08-19T06:19:35.549685+00:00,2026-08-19T06:19:59.635604+00:00
33,763,Adaramola,8,DEF,40,0,0,0.0,0.0,0.0,0,1,0,0,0,2026-08-19T06:19:35.549685+00:00,2026-08-19T06:19:59.635604+00:00
33,792,Muñoz,8,DEF,45,0.7392,1.5454,0.22,0.1716,0.2183,0.0016,1,6,90,1,2026-08-19T06:19:35.549685+00:00,2026-08-19T06:19:59.635604+00:00
33,807,Wharton,8,MID,50,1.4448,1.5842,0.48,0.1144,0.4556,0.0008,1,3,90,1,2026-08-19T06:19:35.549685+00:00,2026-08-19T06:19:59.635604+00:00
33,821,Umeh-Chibueze,8,FWD,45,0.436,0.8259,0.1,0.198,0.1088,0.0,1,0,0,0,2026-08-19T06:19:35.549685+00:00,2026-08-19T06:19:59.635604+00:00
33,825,Rodney,8,MID,45,0.4484,0.9366,0.1,0.198,0.1088,0.0004,1,0,0,0,2026-08-19T06:19:35.549685+00:00,2026-08-19T06:19:59.635604+00:00
33,842,Mathurin,8,MID,45,0.486,0.9789,0.1,0.198,0.1088,0.0,1,0,0,0,2026-08-19T06:19:35.549685+00:00,2026-08-19T06:19:59.635604+00:00
33,244,André Gomes,9,MID,44,0.5464,1.0394,0.14,0.1892,0.1453,0.0008,1,1,45,1,2026-08-19T06:19:35.549685+00:00,2026-08-19T06:19:59.635604+00:00
33,245,Branthwaite,9,DEF,43,0.7352,1.5542,0.22,0.1404,0.2158,0.0032,1,-1,56,1,2026-08-19T06:19:35.549685+00:00,2026-08-19T06:19:59.635604+00:00
33,246,Calvert-Lewin,9,FWD,58,2.9628,3.032,0.68,0.0576,0.637,0.0516,1,0,0,0,2026-08-19T06:19:35.549685+00:00,2026-08-19T06:19:59.635604+00:00
33,247,Coleman,9,DEF,44,0.7216,1.4497,0.22,0.1716,0.2183,0.0012,1,-1,45,1,2026-08-19T06:19:35.549685+00:00,2026-08-19T06:19:59.635604+00:00
33,248,Dele,9,MID,48,0,0,0.0,0.0,0.0,0,1,0,0,0,2026-08-19T06:19:35.549685+00:00,2026-08-19T06:19:59.635604+00:00
33,249,A.Doucoure,9,MID,55,3.1588,2.8233,0.82,0.0324,0.7652,0.028,1,2,90,1,2026-08-19T06:19:35.549685+00:00,2026-08-19T06:19:59.635604+00:00
33,250,Garner,9,MID,49,2.4188,1.9372,0.82,0.0324,0.7652,0.0088,1,0,45,1,2026-08-19T06:19:35.549685+00:00,2026-08-19T06:19:59.635604+00:00
33,251,Gbamin,9,MID,44,0,0,0.0,0.0,0.0,0,1,0,0,0,2026-08-19T06:19:35.549685+00:00,2026-08-19T06:19:59.635604+00:00
33,252,Godfrey,9,DEF,43,0.7908,1.7219,0.22,0.1716,0.2183,0.0064,1,1,1,0,2026-08-19T06:19:35.549685+00:00,2026-08-19T06:19:59.635604+00:00
33,253,Gray,9,MID,53,0,0,0.0,0.0,0.0,0,1,0,0,0,2026-08-19T06:19:35.549685+00:00,2026-08-19T06:19:59.635604+00:00
33,254,Gana,9,MID,48,1.6092,1.4885,0.68,0.0704,0.638,0.0008,1,0,0,0,2026-08-19T06:19:35.549685+00:00,2026-08-19T06:19:59.635604+00:00
33,257,Keane,9,DEF,43,0.8004,1.5263,0.22,0.1716,0.2183,0.0016,1,-1,33,0,2026-08-19T06:19:35.549685+00:00,2026-08-19T06:19:59.635604+00:00
33,259,McNeil,9,MID,54,2.9676,2.3512,0.82,0.0324,0.7652,0.02,1,2,90,1,2026-08-19T06:19:35.549685+00:00,2026-08-19T06:19:59.635604+00:00
33,260,Mykolenko,9,DEF,46,0,0,0.0,0.0,0.0,0,1,-1,90,1,2026-08-19T06:19:35.549685+00:00,2026-08-19T06:19:59.635604+00:00
33,261,Onana,9,MID,47,1.988,1.8986,0.68,0.0576,0.637,0.0032,1,1,45,1,2026-08-19T06:19:35.549685+00:00,2026-08-19T06:19:59.635604+00:00
33,262,Patterson,9,DEF,43,0,0,0.0,0.0,0.0,0,1,0,46,1,2026-08-19T06:19:35.549685+00:00,2026-08-19T06:19:59.635604+00:00
33,263,Pickford,9,GKP,47,3.1536,2.2582,0.9,0.008,0.8376,0.002,1,0,90,1,2026-08-19T06:19:35.549685+00:00,2026-08-19T06:19:59.635604+00:00
33,264,Simms,9,FWD,45,0,0,0.0,0.0,0.0,0,1,0,0,0,2026-08-19T06:19:35.549685+00:00,2026-08-19T06:19:59.635604+00:00
33,265,Tarkowski,9,DEF,46,2.7036,2.5371,0.9,0.018,0.8384,0.0168,1,-2,90,1,2026-08-19T06:19:35.549685+00:00,2026-08-19T06:19:59.635604+00:00
33,266,J.Virginia,9,GKP,39,0.148,0.6662,0.04,0.0384,0.0403,0.0,1,0,0,0,2026-08-19T06:19:35.549685+00:00,2026-08-19T06:19:59.635604+00:00
33,579,Lonergan,9,GKP,39,0.1672,0.7431,0.04,0.0384,0.0403,0.0,1,0,0,0,2026-08-19T06:19:35.549685+00:00,2026-08-19T06:19:59.635604+00:00
33,588,Young,9,DEF,44,0.7524,1.568,0.22,0.1404,0.2158,0.0024,1,-2,90,1,2026-08-19T06:19:35.549685+00:00,2026-08-19T06:19:59.635604+00:00
33,601,Danjuma,9,MID,52,1.1236,1.9132,0.28,0.1584,0.2731,0.006,1,0,0,0,2026-08-19T06:19:35.549685+00:00,2026-08-19T06:19:59.635604+00:00
33,624,Dobbin,9,MID,45,0.454,0.9459,0.1,0.198,0.1088,0.0004,1,0,0,0,2026-08-19T06:19:35.549685+00:00,2026-08-19T06:19:59.635604+00:00
33,645,Y. Chermiti,9,FWD,48,0.636,1.1734,0.18,0.1804,0.1818,0.0012,1,0,0,0,2026-08-19T06:19:35.549685+00:00,2026-08-19T06:19:59.635604+00:00
33,649,Cannon,9,FWD,45,0,0,0.0,0.0,0.0,0,1,0,0,0,2026-08-19T06:19:35.549685+00:00,2026-08-19T06:19:59.635604+00:00
33,650,Onyango,9,MID,44,0.4436,0.8908,0.1,0.198,0.1088,0.0,1,0,0,0,2026-08-19T06:19:35.549685+00:00,2026-08-19T06:19:59.635604+00:00
33,661,Harrison,9,MID,55,0,0,0.0,0.0,0.0,0,1,1,45,1,2026-08-19T06:19:35.549685+00:00,2026-08-19T06:19:59.635604+00:00
33,691,Beto,9,FWD,57,1.8316,2.3477,0.48,0.1456,0.458,0.0164,1,2,90,1,2026-08-19T06:19:35.549685+00:00,2026-08-19T06:19:59.635604+00:00
33,719,Hunt,9,MID,45,0.4676,0.9439,0.1,0.198,0.1088,0.0,1,0,0,0,2026-08-19T06:19:35.549685+00:00,2026-08-19T06:19:59.635604+00:00
33,760,Metcalfe,9,MID,45,0.474,0.9377,0.1,0.198,0.1088,0.0,1,0,0,0,2026-08-19T06:19:35.549685+00:00,2026-08-19T06:19:59.635604+00:00
33,761,Campbell,9,DEF,40,0,0,0.0,0.0,0.0,0,1,0,0,0,2026-08-19T06:19:35.549685+00:00,2026-08-19T06:19:59.635604+00:00
33,841,Warrington,9,MID,45,0.4488,0.9177,0.1,0.198,0.1088,0.0,1,0,0,0,2026-08-19T06:19:35.549685+00:00,2026-08-19T06:19:59.635604+00:00
33,863,Crellin,9,GKP,40,0.1824,0.7862,0.04,0.0384,0.0403,0.0,1,,,,2026-08-19T06:19:35.549685+00:00,
33,193,Broja,10,FWD,49,0.9992,1.498,0.28,0.1584,0.2731,0.0016,1,1,1,0,2026-08-19T06:19:35.549685+00:00,2026-08-19T06:19:59.635604+00:00
33,256,Iwobi,10,MID,53,2.7808,2.772,0.68,0.0576,0.637,0.0284,1,6,73,1,2026-08-19T06:19:35.549685+00:00,2026-08-19T06:19:59.635604+00:00
33,267,Andreas,10,MID,53,2.6048,2.132,0.82,0.0324,0.7652,0.0092,1,15,73,1,2026-08-19T06:19:35.549685+00:00,2026-08-19T06:19:59.635604+00:00
33,268,Cairney,10,MID,49,1.4296,1.709,0.48,0.1144,0.4556,0.004,1,0,0,0,2026-08-19T06:19:35.549685+00:00,2026-08-19T06:19:59.635604+00:00
33,269,I.Cavaleiro,10,MID,50,0,0,0.0,0.0,0.0,0,1,0,0,0,2026-08-19T06:19:35.549685+00:00,2026-08-19T06:19:59.635604+00:00
33,270,De Cordova-Reid,10,MID,53,1.9008,2.4253,0.48,0.1144,0.4556,0.0128,1,0,16,0,2026-08-19T06:19:35.549685+00:00,2026-08-19T06:19:59.635604+00:00
33,271,Diop,10,DEF,44,0.7716,1.5191,0.22,0.1716,0.2183,0.002,1,0,0,0,2026-08-19T06:19:35.549685+00:00,2026-08-19T06:19:59.635604+00:00
33,272,Francois,10,MID,44,0,0,0.0,0.0,0.0,0,1,0,0,0,2026-08-19T06:19:35.549685+00:00,2026-08-19T06:19:59.635604+00:00
33,273,Knockaert,10,MID,44,0,0,0.0,0.0,0.0,0,1,0,0,0,2026-08-19T06:19:35.549685+00:00,2026-08-19T06:19:59.635604+00:00
33,274,Kongolo,10,DEF,40,0,0,0.0,0.0,0.0,0,1,0,0,0,2026-08-19T06:19:35.549685+00:00,2026-08-19T06:19:59.635604+00:00
33,275,Leno,10,GKP,48,3.2044,2.2132,0.9,0.008,0.8376,0.0016,1,9,90,1,2026-08-19T06:19:35.549685+00:00,2026-08-19T06:19:59.635604+00:00
33,276,Lukić,10,MID,43,0,0,0.0,0.0,0.0,0,1,3,90,1,2026-08-19T06:19:35.549685+00:00,2026-08-19T06:19:59.635604+00:00
33,277,Mbabu,10,DEF,40,0,0,0.0,0.0,0.0,0,1,0,0,0,2026-08-19T06:19:35.549685+00:00,2026-08-19T06:19:59.635604+00:00
33,278,Mitrović,10,FWD,74,0,0,0.0,0.0,0.0,0,1,0,0,0,2026-08-19T06:19:35.549685+00:00,2026-08-19T06:19:59.635604+00:00
33,279,Muniz,10,FWD,47,2.176,2.6575,0.48,0.1144,0.4556,0.02,1,2,90,1,2026-08-19T06:19:35.549685+00:00,2026-08-19T06:19:59.635604+00:00
33,280,J.Palhinha,10,MID,50,2.3256,2.0152,0.82,0.0324,0.7652,0.0056,1,3,90,1,2026-08-19T06:19:35.549685+00:00,2026-08-19T06:19:59.635604+00:00
33,281,Ream,10,DEF,45,0.8004,1.5291,0.22,0.1716,0.2183,0.002,1,0,0,0,2026-08-19T06:19:35.549685+00:00,2026-08-19T06:19:59.635604+00:00
33,282,Reed,10,MID,44,1.1688,1.377,0.48,0.1144,0.4556,0.0012,1,1,1,0,2026-08-19T06:19:35.549685+00:00,2026-08-19T06:19:59.635604+00:00
33,283,Robinson,10,DEF,46,2.7848,2.321,0.9,0.018,0.8384,0.0064,1,6,90,1,2026-08-19T06:19:35.549685+00:00,2026-08-19T06:19:59.635604+00:00
33,284,Rodák,10,GKP,39,0.1324,0.6323,0.04,0.0384,0.0403,0.0,1,0,0,0,2026-08-19T06:19:35.549685+00:00,2026-08-19T06:19:59.635604+00:00
33,285,Tete,10,DEF,44,0.7232,1.5053,0.22,0.1716,0.2183,0.0028,1,0,0,0,2026-08-19T06:19:35.549685+00:00,2026-08-19T06:19:59.635604+00:00
33,286,Tosin,10,DEF,43,0.8356,1.61,0.22,0.1716,0.2183,0.0024,1,6,90,1,2026-08-19T06:19:35.549685+00:00,2026-08-19T06:19:59.635604+00:00
33,287,Vinícius,10,FWD,45,0,0,0.0,0.0,0.0,0,1,0,0,0,2026-08-19T06:19:35.549685+00:00,2026-08-19T06:19:59.635604+00:00
33,288,Wilson,10,MID,53,2.1984,2.2934,0.68,0.0704,0.638,0.0096,1,1,16,0,2026-08-19T06:19:35.549685+00:00,2026-08-19T06:19:59.635604+00:00
33,558,Raúl,10,FWD,50,2.4816,2.4035,0.68,0.0704,0.638,0.0164,1,0,0,0,2026-08-19T06:19:35.549685+00:00,2026-08-19T06:19:59.635604+00:00
33,591,Willian,10,MID,53,2.93,2.8797,0.68,0.0576,0.637,0.0332,1,3,90,1,2026-08-19T06:19:35.549685+00:00,2026-08-19T06:19:59.635604+00:00
33,610,Bassey,10,DEF,44,0.7524,1.5001,0.22,0.1404,0.2158,0.0016,1,7,90,1,2026-08-19T06:19:35.549685+00:00,2026-08-19T06:19:59.635604+00:00
33,625,De Fougerolles,10,DEF,39,0.4688,1.1589,0.1,0.198,0.1088,0.0004,1,0,0,0,2026-08-19T06:19:35.549685+00:00,2026-08-19T06:19:59.635604+00:00
33,651,Stansfield,10,FWD,45,0,0,0.0,0.0,0.0,0,1,0,0,0,2026-08-19T06:19:35.549685+00:00,2026-08-19T06:19:59.635604+00:00
33,652,Dibley-Dias,10,MID,45,0.4644,0.9292,0.1,0.198,0.1088,0.0,1,0,0,0,2026-08-19T06:19:35.549685+00:00,2026-08-19T06:19:59.635604+00:00
33,662,Adama,10,MID,49,0.7432,1.3979,0.18,0.1804,0.1818,0.0028,1,1,1,0,2026-08-19T06:19:35.549685+00:00,2026-08-19T06:19:59.635604+00:00
33,683,Harris,10,MID,45,0,0,0.0,0.0,0.0,0,1,0,0,0,2026-08-19T06:19:35.549685+00:00,2026-08-19T06:19:59.635604+00:00
33,688,Castagne,10,DEF,45,0.8036,1.6489,0.22,0.1404,0.2158,0.0032,1,6,90,1,2026-08-19T06:19:35.549685+00:00,2026-08-19T06:19:59.635604+00:00
33,692,Benda,10,GKP,40,0.1704,0.7413,0.04,0.0384,0.0403,0.0,1,0,0,0,2026-08-19T06:19:35.549685+00:00,2026-08-19T06:19:59.635604+00:00
33,707,Ballo-Touré,10,DEF,45,0.4416,1.0384,0.1,0.198,0.1088,0.0008,1,0,0,0,2026-08-19T06:19:35.549685+00:00,2026-08-19T06:19:59.635604+00:00
33,732,Tanton,10,DEF,40,0.4832,1.0627,0.1,0.198,0.1088,0.0,1,0,0,0,2026-08-19T06:19:35.549685+00:00,2026-08-19T06:19:59.635604+00:00
33,796,Sekularac,10,MID,44,0.4392,0.9043,0.1,0.198,0.1088,0.0,1,0,0,0,2026-08-19T06:19:35.549685+00:00,2026-08-19T06:19:59.635604+00:00
33,810,King,10,MID,45,0.44,0.8906,0.1,0.198,0.1088,0.0004,1,0,0,0,2026-08-19T06:19:35.549685+00:00,2026-08-19T06:19:59.635604+00:00
33,289,Adrián,11,GKP,39,0.1512,0.692,0.04,0.0384,0.0403,0.0,1,0,0,0,2026-08-19T06:19:35.549685+00:00,2026-08-19T06:19:59.635604+00:00
33,290,Alexander-Arnold,11,DEF,84,3.5372,3.5056,0.68,0.0576,0.637,0.0584,1,1,42,0,2026-08-19T06:19:35.549685+00:00,2026-08-19T06:19:59.635604+00:00
33,291,A.Becker,11,GKP,57,3.53,2.3271,0.9,0.008,0.8376,0.0028,1,3,90,1,2026-08-19T06:19:35.549685+00:00,2026-08-19T06:19:59.635604+00:00
33,292,Bajcetic,11,MID,47,0.8988,1.4217,0.28,0.1584,0.2731,0.0008,1,0,0,0,2026-08-19T06:19:35.549685+00:00,2026-08-19T06:19:59.635604+00:00
33,293,Darwin,11,FWD,77,4.286,4.3051,0.68,0.0576,0.637,0.1384,1,2,65,1,2026-08-19T06:19:35.549685+00:00,2026-08-19T06:19:59.635604+00:00
33,294,Diogo J.,11,MID,79,2.5004,3.1654,0.48,0.1456,0.458,0.0392,1,1,24,0,2026-08-19T06:19:35.549685+00:00,2026-08-19T06:19:59.635604+00:00
33,295,Elliott,11,MID,48,2.0464,2.4415,0.48,0.1144,0.4556,0.0124,1,1,8,0,2026-08-19T06:19:35.549685+00:00,2026-08-19T06:19:59.635604+00:00
33,296,Fabinho,11,MID,50,0,0,0.0,0.0,0.0,0,1,0,0,0,2026-08-19T06:19:35.549685+00:00,2026-08-19T06:19:59.635604+00:00
33,297,Gakpo,11,FWD,71,2.422,2.9564,0.48,0.1456,0.458,0.0384,1,1,24,0,2026-08-19T06:19:35.549685+00:00,2026-08-19T06:19:59.635604+00:00
33,298,Gomez,11,DEF,46,2.194,2.5005,0.68,0.0576,0.637,0.0116,1,0,0,0,2026-08-19T06:19:35.549685+00:00,2026-08-19T06:19:59.635604+00:00
33,299,Henderson,11,MID,50,0,0,0.0,0.0,0.0,0,1,0,0,0,2026-08-19T06:19:35.549685+00:00,2026-08-19T06:19:59.635604+00:00
33,300,Jones,11,MID,49,1.6668,2.0777,0.48,0.1144,0.4556,0.0068,1,1,81,1,2026-08-19T06:19:35.549685+00:00,2026-08-19T06:19:59.635604+00:00
33,301,Kelleher,11,GKP,39,0.2136,0.9472,0.04,0.0384,0.0403,0.0,1,0,0,0,2026-08-19T06:19:35.549685+00:00,2026-08-19T06:19:59.635604+00:00
33,302,Konaté,11,DEF,49,2.23,2.401,0.68,0.0704,0.638,0.0088,1,2,90,1,2026-08-19T06:19:35.549685+00:00,2026-08-19T06:19:59.635604+00:00
33,303,Luis Díaz,11,MID,77,4.5536,3.8247,0.82,0.0324,0.7652,0.0972,1,2,65,1,2026-08-19T06:19:35.549685+00:00,2026-08-19T06:19:59.635604+00:00
33,304,Mac Allister,11,MID,59,2.9872,2.4426,0.82,0.0324,0.7652,0.0212,1,2,90,1,2026-08-19T06:19:35.549685+00:00,2026-08-19T06:19:59.635604+00:00
33,305,Matip,11,DEF,48,0,0,0.0,0.0,0.0,0,1,0,0,0,2026-08-19T06:19:35.549685+00:00,2026-08-19T06:19:59.635604+00:00
33,306,Phillips,11,DEF,40,0,0,0.0,0.0,0.0,0,1,0,0,0,2026-08-19T06:19:35.549685+00:00,2026-08-19T06:19:59.635604+00:00
33,307,Robertson,11,DEF,64,2.09,2.7648,0.48,0.1456,0.458,0.0224,1,2,90,1,2026-08-19T06:19:35.549685+00:00,2026-08-19T06:19:59.635604+00:00
33,308,Salah,11,MID,135,6.6464,5.1304,0.82,0.0324,0.7652,0.2696,1,2,90,1,2026-08-19T06:19:35.549685+00:00,2026-08-19T06:19:59.635604+00:00
33,309,Szoboszlai,11,MID,71,3.4212,2.7149,0.82,0.0324,0.7652,0.0352,1,1,45,1,2026-08-19T06:19:35.549685+00:00,2026-08-19T06:19:59.635604+00:00
33,310,Thiago,11,MID,47,0.46,0.9575,0.09,0.2002,0.0997,0.0004,1,0,0,0,2026-08-19T06:19:35.549685+00:00,2026-08-19T06:19:59.635604+00:00
33,311,Tsimikas,11,DEF,44,1.0808,1.9801,0.22,0.1716,0.2183,0.004,1,0,0,0,2026-08-19T06:19:35.549685+00:00,2026-08-19T06:19:59.635604+00:00
33,312,Van den Berg,11,DEF,40,0,0,0.0,0.0,0.0,0,1,0,0,0,2026-08-19T06:19:35.549685+00:00,2026-08-19T06:19:59.635604+00:00
33,313,Virgil,11,DEF,66,3.0252,2.6863,0.82,0.0324,0.7652,0.0208,1,2,90,1,2026-08-19T06:19:35.549685+00:00,2026-08-19T06:19:59.635604+00:00
33,626,Quansah,11,DEF,40,0.8448,1.6258,0.22,0.1716,0.2183,0.0024,1,0,0,0,2026-08-19T06:19:35.549685+00:00,2026-08-19T06:19:59.635604+00:00
33,627,Clark,11,MID,44,0.4372,0.9342,0.1,0.198,0.1088,0.0,1,0,0,0,2026-08-19T06:19:35.549685+00:00,2026-08-19T06:19:59.635604+00:00
33,628,Doak,11,MID,43,0,0,0.0,0.0,0.0,0,1,0,0,0,2026-08-19T06:19:35.549685+00:00,2026-08-19T06:19:59.635604+00:00
33,629,McConnell,11,MID,44,0.4952,1.0178,0.1,0.198,0.1088,0.0004,1,0,0,0,2026-08-19T06:19:35.549685+00:00,2026-08-19T06:19:59.635604+00:00
33,668,Endo,11,MID,54,1.3,1.6064,0.48,0.1144,0.4556,0.0028,1,1,45,1,2026-08-19T06:19:35.549685+00:00,2026-08-19T06:19:59.635604+00:00
33,708,Gravenberch,11,MID,50,1.5996,2.0251,0.48,0.1144,0.4556,0.0064,1,0,0,0,2026-08-19T06:19:35.549685+00:00,2026-08-19T06:19:59.635604+00:00
33,726,Chambers,11,DEF,40,0,0,0.0,0.0,0.0,0,1,0,0,0,2026-08-19T06:19:35.549685+00:00,2026-08-19T06:19:59.635604+00:00
33,728,Scanlon,11,DEF,39,0.5092,1.2225,0.1,0.198,0.1088,0.0008,1,0,0,0,2026-08-19T06:19:35.549685+00:00,2026-08-19T06:19:59.635604+00:00
33,743,Nyoni,11,MID,45,0.4968,0.9745,0.1,0.198,0.1088,0.0,1,0,0,0,2026-08-19T06:19:35.549685+00:00,2026-08-19T06:19:59.635604+00:00
33,756,Pitaluga,11,GKP,40,0,0,0.0,0.0,0.0,0,1,0,0,0,2026-08-19T06:19:35.549685+00:00,2026-08-19T06:19:59.635604+00:00
33,757,Bradley,11,DEF,43,1.126,2.1692,0.22,0.1716,0.2183,0.0076,1,1,47,1,2026-08-19T06:19:35.549685+00:00,2026-08-19T06:19:59.635604+00:00
33,782,Beck,11,DEF,45,0,0,0.0,0.0,0.0,0,1,0,0,0,2026-08-19T06:19:35.549685+00:00,2026-08-19T06:19:59.635604+00:00
33,783,Gordon,11,MID,45,0.4756,0.9638,0.1,0.198,0.1088,0.0,1,0,0,0,2026-08-19T06:19:35.549685+00:00,2026-08-19T06:19:59.635604+00:00
33,812,Koumas,11,FWD,45,0.4668,0.9468,0.1,0.198,0.1088,0.0004,1,0,0,0,2026-08-19T06:19:35.549685+00:00,2026-08-19T06:19:59.635604+00:00
33,813,Mrozek,11,GKP,40,0.1612,0.7779,0.04,0.0384,0.0403,0.0,1,0,0,0,2026-08-19T06:19:35.549685+00:00,2026-08-19T06:19:59.635604+00:00
33,824,Danns,11,FWD,43,0.4712,0.9712,0.1,0.198,0.1088,0.0008,1,0,0,0,2026-08-19T06:19:35.549685+00:00,2026-08-19T06:19:59.635604+00:00
33,837,Nallo,11,DEF,40,0.5228,1.236,0.1,0.198,0.1088,0.0004,1,0,0,0,2026-08-19T06:19:35.549685+00:00,2026-08-19T06:19:59.635604+00:00
33,21,Sambi,12,MID,49,1.3124,1.5831,0.48,0.1144,0.4556,0.0024,1,0,0,0,2026-08-19T06:19:35.549685+00:00,2026-08-19T06:19:59.635604+00:00
33,52,Nakamba,12,MID,43,0,0,0.0,0.0,0.0,0,1,0,0,0,2026-08-19T06:19:35.549685+00:00,2026-08-19T06:19:59.635604+00:00
33,314,Adebayo,12,FWD,48,1.7728,2.2414,0.48,0.1144,0.4556,0.014,1,0,0,0,2026-08-19T06:19:35.549685+00:00,2026-08-19T06:19:59.635604+00:00
33,315,Andersen,12,DEF,39,0.5204,1.1557,0.11,0.1958,0.118,0.0008,1,0,0,0,2026-08-19T06:19:35.549685+00:00,2026-08-19T06:19:59.635604+00:00
33,316,Bell,12,DEF,39,0,0,0.0,0.0,0.0,0,1,0,0,0,2026-08-19T06:19:35.549685+00:00,2026-08-19T06:19:59.635604+00:00
33,317,Berry,12,MID,46,0.6532,1.1558,0.18,0.1804,0.1818,0.0004,1,2,76,1,2026-08-19T06:19:35.549685+00:00,2026-08-19T06:19:59.635604+00:00
33,318,Burke,12,DEF,40,0,0,0.0,0.0,0.0,0,1,0,90,1,2026-08-19T06:19:35.549685+00:00,2026-08-19T06:19:59.635604+00:00
33,319,Campbell,12,MID,49,0,0,0.0,0.0,0.0,0,1,0,0,0,2026-08-19T06:19:35.549685+00:00,2026-08-19T06:19:59.635604+00:00
33,320,Clark,12,MID,48,1.4404,1.7478,0.48,0.1144,0.4556,0.0016,1,2,88,1,2026-08-19T06:19:35.549685+00:00,2026-08-19T06:19:59.635604+00:00
33,321,Doughty,12,DEF,46,2.9632,2.6783,0.82,0.0324,0.7652,0.0204,1,0,90,1,2026-08-19T06:19:35.549685+00:00,2026-08-19T06:19:59.635604+00:00
33,322,Freeman,12,MID,49,0,0,0.0,0.0,0.0,0,1,0,0,0,2026-08-19T06:19:35.549685+00:00,2026-08-19T06:19:59.635604+00:00
33,323,Macey,12,GKP,40,0,0,0.0,0.0,0.0,0,1,0,0,0,2026-08-19T06:19:35.549685+00:00,2026-08-19T06:19:59.635604+00:00
33,324,McAtee,12,FWD,45,0,0,0.0,0.0,0.0,0,1,0,0,0,2026-08-19T06:19:35.549685+00:00,2026-08-19T06:19:59.635604+00:00
33,325,Mendes,12,MID,45,0,0,0.0,0.0,0.0,0,1,0,0,0,2026-08-19T06:19:35.549685+00:00,2026-08-19T06:19:59.635604+00:00
33,326,Morris,12,FWD,50,3.3204,2.6165,0.82,0.0324,0.7652,0.0356,1,2,90,1,2026-08-19T06:19:35.549685+00:00,2026-08-19T06:19:59.635604+00:00
33,327,Muskwe,12,FWD,45,0,0,0.0,0.0,0.0,0,1,0,0,0,2026-08-19T06:19:35.549685+00:00,2026-08-19T06:19:59.635604+00:00
33,328,Ogbene,12,FWD,48,2.4484,2.4382,0.68,0.0576,0.637,0.0172,1,0,0,0,2026-08-19T06:19:35.549685+00:00,2026-08-19T06:19:59.635604+00:00
33,329,Onyedinma,12,MID,50,0.6728,1.2286,0.18,0.1804,0.1818,0.0008,1,2,87,1,2026-08-19T06:19:35.549685+00:00,2026-08-19T06:19:59.635604+00:00
33,330,Osho,12,DEF,44,0.7936,1.597,0.22,0.1716,0.2183,0.0028,1,0,0,0,2026-08-19T06:19:35.549685+00:00,2026-08-19T06:19:59.635604+00:00
33,331,Pepple,12,FWD,45,0,0,0.0,0.0,0.0,0,1,0,0,0,2026-08-19T06:19:35.549685+00:00,2026-08-19T06:19:59.635604+00:00
33,332,Pereira,12,MID,44,0,0,0.0,0.0,0.0,0,1,0,0,0,2026-08-19T06:19:35.549685+00:00,2026-08-19T06:19:59.635604+00:00
33,333,Potts,12,DEF,39,0.3416,0.8651,0.05,0.209,0.0632,0.0,1,0,0,0,2026-08-19T06:19:35.549685+00:00,2026-08-19T06:19:59.635604+00:00
33,334,Rea,12,MID,44,0,0,0.0,0.0,0.0,0,1,0,0,0,2026-08-19T06:19:35.549685+00:00,2026-08-19T06:19:59.635604+00:00
33,335,Shea,12,GKP,42,0.1656,0.7327,0.04,0.0384,0.0403,0.0,1,0,0,0,2026-08-19T06:19:35.549685+00:00,2026-08-19T06:19:59.635604+00:00
33,336,Taylor,12,FWD,45,0,0,0.0,0.0,0.0,0,1,0,0,0,2026-08-19T06:19:35.549685+00:00,2026-08-19T06:19:59.635604+00:00
33,337,Thorpe,12,MID,45,0,0,0.0,0.0,0.0,0,1,0,0,0,2026-08-19T06:19:35.549685+00:00,2026-08-19T06:19:59.635604+00:00
33,338,Walton,12,GKP,40,0,0,0.0,0.0,0.0,0,1,0,0,0,2026-08-19T06:19:35.549685+00:00,2026-08-19T06:19:59.635604+00:00
33,339,Watson,12,MID,44,0,0,0.0,0.0,0.0,0,1,0,0,0,2026-08-19T06:19:35.549685+00:00,2026-08-19T06:19:59.635604+00:00
33,340,Woodrow,12,FWD,43,0.858,1.3115,0.28,0.1584,0.2731,0.0,1,1,31,0,2026-08-19T06:19:35.549685+00:00,2026-08-19T06:19:59.635604+00:00
33,393,Mengi,12,DEF,39,0.7008,1.437,0.22,0.1404,0.2158,0.0016,1,0,0,0,2026-08-19T06:19:35.549685+00:00,2026-08-19T06:19:59.635604+00:00
33,553,Giles,12,DEF,42,0,0,0.0,0.0,0.0,0,1,0,0,0,2026-08-19T06:19:35.549685+00:00,2026-08-19T06:19:59.635604+00:00
33,575,Lockyer,12,DEF,42,0,0,0.0,0.0,0.0,0,1,0,0,0,2026-08-19T06:19:35.549685+00:00,2026-08-19T06:19:59.635604+00:00
33,582,Mpanzu,12,MID,46,1.36,1.5549,0.48,0.1144,0.4556,0.0024,1,1,13,0,2026-08-19T06:19:35.549685+00:00,2026-08-19T06:19:59.635604+00:00
33,586,Chong,12,MID,46,2.0908,2.0654,0.68,0.0704,0.638,0.0096,1,2,90,1,2026-08-19T06:19:35.549685+00:00,2026-08-19T06:19:59.635604+00:00
33,602,Kaboré,12,DEF,40,0,0,0.0,0.0,0.0,0,1,0,0,0,2026-08-19T06:19:35.549685+00:00,2026-08-19T06:19:59.635604+00:00
33,614,Kaminski,12,GKP,45,3.0652,2.1519,0.9,0.004,0.8373,0.0,1,3,90,1,2026-08-19T06:19:35.549685+00:00,2026-08-19T06:19:59.635604+00:00
33,630,Barkley,12,MID,47,0,0,0.0,0.0,0.0,0,1,7,90,1,2026-08-19T06:19:35.549685+00:00,2026-08-19T06:19:59.635604+00:00
33,631,Brown,12,FWD,49,0,0,0.0,0.0,0.0,0,1,0,0,0,2026-08-19T06:19:35.549685+00:00,2026-08-19T06:19:59.635604+00:00
33,648,Francis-Clarke,12,DEF,40,0,0,0.0,0.0,0.0,0,1,0,0,0,2026-08-19T06:19:35.549685+00:00,2026-08-19T06:19:59.635604+00:00
33,665,Krul,12,GKP,44,0.1708,0.7753,0.04,0.0384,0.0403,0.0,1,0,0,0,2026-08-19T06:19:35.549685+00:00,2026-08-19T06:19:59.635604+00:00
33,682,Johnson,12,DEF,40,0.4872,1.174,0.1,0.198,0.1088,0.0008,1,1,2,0,2026-08-19T06:19:35.549685+00:00,2026-08-19T06:19:59.635604+00:00
33,727,Townsend,12,MID,50,1.7028,2.0223,0.48,0.1144,0.4556,0.0048,1,1,58,1,2026-08-19T06:19:35.549685+00:00,2026-08-19T06:19:59.635604+00:00
33,729,Luker,12,MID,45,0,0,0.0,0.0,0.0,0,1,0,0,0,2026-08-19T06:19:35.549685+00:00,2026-08-19T06:19:59.635604+00:00
33,734,Nelson,12,MID,45,0.4272,0.9052,0.1,0.198,0.1088,0.0004,1,1,2,0,2026-08-19T06:19:35.549685+00:00,2026-08-19T06:19:59.635604+00:00
33,798,Hashioka,12,DEF,40,0.7196,1.3983,0.22,0.1716,0.2183,0.0004,1,-2,90,1,2026-08-19T06:19:35.549685+00:00,2026-08-19T06:19:59.635604+00:00
33,831,Piesold,12,MID,45,0.4852,1.0083,0.1,0.198,0.1088,0.0008,1,0,0,0,2026-08-19T06:19:35.549685+00:00,2026-08-19T06:19:59.635604+00:00
33,839,Martins,12,MID,45,0.4632,0.9807,0.1,0.198,0.1088,0.0012,1,0,0,0,2026-08-19T06:19:35.549685+00:00,2026-08-19T06:19:59.635604+00:00
33,844,Chigozie,12,DEF,40,0.4728,1.0572,0.1,0.198,0.1088,0.0,1,0,0,0,2026-08-19T06:19:35.549685+00:00,2026-08-19T06:19:59.635604+00:00
33,848,Harris,12,FWD,45,0.4552,0.8901,0.1,0.198,0.1088,0.0004,1,0,0,0,2026-08-19T06:19:35.549685+00:00,2026-08-19T06:19:59.635604+00:00
33,341,Akanji,13,DEF,50,2.5692,2.5849,0.68,0.0576,0.637,0.0112,1,2,90,1,2026-08-19T06:19:35.549685+00:00,2026-08-19T06:19:59.635604+00:00
33,342,Aké,13,DEF,50,2.8972,3.0536,0.68,0.0576,0.637,0.0308,1,0,0,0,2026-08-19T06:19:35.549685+00:00,2026-08-19T06:19:59.635604+00:00
33,343,J.Alvarez,13,FWD,64,4.1772,3.3201,0.82,0.0324,0.7652,0.084,1,5,90,1,2026-08-19T06:19:35.549685+00:00,2026-08-19T06:19:59.635604+00:00
33,344,Bernardo,13,MID,62,3.7116,3.0475,0.82,0.0324,0.7652,0.0528,1,0,0,0,2026-08-19T06:19:35.549685+00:00,2026-08-19T06:19:59.635604+00:00
33,345,Bobb,13,MID,44,0.5208,1.1372,0.1,0.198,0.1088,0.0008,1,1,9,0,2026-08-19T06:19:35.549685+00:00,2026-08-19T06:19:59.635604+00:00
33,346,Cancelo,13,DEF,58,0,0,0.0,0.0,0.0,0,1,0,0,0,2026-08-19T06:19:35.549685+00:00,2026-08-19T06:19:59.635604+00:00
33,347,Carson,13,GKP,38,0.1936,0.8402,0.04,0.0384,0.0403,0.0,1,0,0,0,2026-08-19T06:19:35.549685+00:00,2026-08-19T06:19:59.635604+00:00
33,348,Charles,13,MID,45,0,0,0.0,0.0,0.0,0,1,0,0,0,2026-08-19T06:19:35.549685+00:00,2026-08-19T06:19:59.635604+00:00
33,349,De Bruyne,13,MID,104,2.7776,3.4393,0.48,0.1456,0.458,0.0484,1,2,80,1,2026-08-19T06:19:35.549685+00:00,2026-08-19T06:19:59.635604+00:00
33,350,Rúben,13,DEF,55,2.812,2.4509,0.82,0.0324,0.7652,0.0108,1,2,90,1,2026-08-19T06:19:35.549685+00:00,2026-08-19T06:19:59.635604+00:00
33,352,Ederson M.,13,GKP,55,0,0,0.0,0.0,0.0,0,1,2,90,1,2026-08-19T06:19:35.549685+00:00,2026-08-19T06:19:59.635604+00:00
33,353,Foden,13,MID,83,4.806,3.7489,0.82,0.0324,0.7652,0.1044,1,0,0,0,2026-08-19T06:19:35.549685+00:00,2026-08-19T06:19:59.635604+00:00
33,354,Grealish,13,MID,72,2.2276,2.7921,0.48,0.1456,0.458,0.0256,1,0,0,0,2026-08-19T06:19:35.549685+00:00,2026-08-19T06:19:59.635604+00:00
33,355,Haaland,13,FWD,143,5.844,4.5634,0.82,0.0324,0.7652,0.2196,1,10,80,1,2026-08-19T06:19:35.549685+00:00,2026-08-19T06:19:59.635604+00:00
33,356,Kovačić,13,MID,46,1.3712,1.6841,0.48,0.1144,0.4556,0.0024,1,9,90,1,2026-08-19T06:19:35.549685+00:00,2026-08-19T06:19:59.635604+00:00
33,357,Laporte,13,DEF,49,0,0,0.0,0.0,0.0,0,1,0,0,0,2026-08-19T06:19:35.549685+00:00,2026-08-19T06:19:59.635604+00:00
33,358,R.Lewis,13,DEF,42,0.936,1.8297,0.22,0.1716,0.2183,0.0036,1,2,90,1,2026-08-19T06:19:35.549685+00:00,2026-08-19T06:19:59.635604+00:00
33,359,Mahrez,13,MID,75,0,0,0.0,0.0,0.0,0,1,0,0,0,2026-08-19T06:19:35.549685+00:00,2026-08-19T06:19:59.635604+00:00
33,361,Ortega Moreno,13,GKP,38,3.3824,2.3764,0.88,0.0048,0.8188,0.0016,1,0,0,0,2026-08-19T06:19:35.549685+00:00,2026-08-19T06:19:59.635604+00:00
33,363,Perrone,13,MID,44,0,0,0.0,0.0,0.0,0,1,0,0,0,2026-08-19T06:19:35.549685+00:00,2026-08-19T06:19:59.635604+00:00
33,365,Rodrigo,13,MID,56,3.364,2.7719,0.82,0.0324,0.7652,0.0344,1,0,0,0,2026-08-19T06:19:35.549685+00:00,2026-08-19T06:19:59.635604+00:00
33,366,Sergio Gómez,13,DEF,38,0.5264,1.2495,0.1,0.198,0.1088,0.0004,1,1,9,0,2026-08-19T06:19:35.549685+00:00,2026-08-19T06:19:59.635604+00:00
33,367,Steffen,13,GKP,39,0,0,0.0,0.0,0.0,0,1,0,0,0,2026-08-19T06:19:35.549685+00:00,2026-08-19T06:19:59.635604+00:00
33,368,Stones,13,DEF,53,1.8024,2.4658,0.48,0.1144,0.4556,0.0116,1,0,0,0,2026-08-19T06:19:35.549685+00:00,2026-08-19T06:19:59.635604+00:00
33,369,Walker,13,DEF,53,2.992,2.5883,0.82,0.0324,0.7652,0.0136,1,0,0,0,2026-08-19T06:19:35.549685+00:00,2026-08-19T06:19:59.635604+00:00
33,566,Matheus N.,13,MID,47,1.5008,1.7907,0.48,0.1144,0.4556,0.0032,1,2,90,1,2026-08-19T06:19:35.549685+00:00,2026-08-19T06:19:59.635604+00:00
33,616,Gvardiol,13,DEF,48,2.5932,2.853,0.68,0.0576,0.637,0.0248,1,12,90,1,2026-08-19T06:19:35.549685+00:00,2026-08-19T06:19:59.635604+00:00
33,678,Doku,13,MID,64,2.3324,2.7628,0.48,0.1456,0.458,0.0232,1,16,90,1,2026-08-19T06:19:35.549685+00:00,2026-08-19T06:19:59.635604+00:00
33,762,Susoho,13,MID,45,0.4932,1.0632,0.1,0.198,0.1088,0.0008,1,0,0,0,2026-08-19T06:19:35.549685+00:00,2026-08-19T06:19:59.635604+00:00
33,771,Hamilton,13,MID,45,0.4936,1.0206,0.1,0.198,0.1088,0.0,1,0,0,0,2026-08-19T06:19:35.549685+00:00,2026-08-19T06:19:59.635604+00:00
33,814,Wright,13,MID,45,0.4768,1.0121,0.1,0.198,0.1088,0.0004,1,0,0,0,2026-08-19T06:19:35.549685+00:00,2026-08-19T06:19:59.635604+00:00
33,209,Mount,14,MID,68,0.6732,1.2636,0.14,0.2408,0.1495,0.0004,1,1,12,0,2026-08-19T06:19:35.549685+00:00,2026-08-19T06:19:59.635604+00:00
33,370,Alex Telles,14,DEF,45,0,0,0.0,0.0,0.0,0,1,0,0,0,2026-08-19T06:19:35.549685+00:00,2026-08-19T06:19:59.635604+00:00
33,371,Amad,14,MID,44,0.4724,0.9449,0.1,0.198,0.1088,0.0,1,1,45,1,2026-08-19T06:19:35.549685+00:00,2026-08-19T06:19:59.635604+00:00
33,372,Antony,14,MID,68,1.5516,1.9988,0.48,0.1456,0.458,0.0068,1,0,0,0,2026-08-19T06:19:35.549685+00:00,2026-08-19T06:19:59.635604+00:00
33,373,B.Fernandes,14,MID,82,3.9228,2.9594,0.9,0.018,0.8384,0.0564,1,15,90,1,2026-08-19T06:19:35.549685+00:00,2026-08-19T06:19:59.635604+00:00
33,374,B.Williams,14,DEF,40,0,0,0.0,0.0,0.0,0,1,0,0,0,2026-08-19T06:19:35.549685+00:00,2026-08-19T06:19:59.635604+00:00
33,375,Bailly,14,DEF,40,0,0,0.0,0.0,0.0,0,1,0,0,0,2026-08-19T06:19:35.549685+00:00,2026-08-19T06:19:59.635604+00:00
33,376,Casemiro,14,MID,53,1.9648,2.0932,0.68,0.0704,0.638,0.008,1,2,90,1,2026-08-19T06:19:35.549685+00:00,2026-08-19T06:19:59.635604+00:00
33,377,Dalot,14,DEF,52,2.564,2.3778,0.82,0.0324,0.7652,0.01,1,1,90,1,2026-08-19T06:19:35.549685+00:00,2026-08-19T06:19:59.635604+00:00
33,379,Eriksen,14,MID,58,1.7808,2.0321,0.48,0.1456,0.458,0.0052,1,0,0,0,2026-08-19T06:19:35.549685+00:00,2026-08-19T06:19:59.635604+00:00
33,380,Fernandez,14,DEF,40,0,0,0.0,0.0,0.0,0,1,0,0,0,2026-08-19T06:19:35.549685+00:00,2026-08-19T06:19:59.635604+00:00
33,381,Fred,14,MID,50,0,0,0.0,0.0,0.0,0,1,0,0,0,2026-08-19T06:19:35.549685+00:00,2026-08-19T06:19:59.635604+00:00
33,382,Garnacho,14,MID,50,2.8192,2.8746,0.68,0.0576,0.637,0.0296,1,4,45,1,2026-08-19T06:19:35.549685+00:00,2026-08-19T06:19:59.635604+00:00
33,383,Hannibal,14,MID,43,0,0,0.0,0.0,0.0,0,1,0,0,0,2026-08-19T06:19:35.549685+00:00,2026-08-19T06:19:59.635604+00:00
33,384,Heaton,14,GKP,39,0.1744,0.769,0.04,0.0384,0.0403,0.0,1,0,0,0,2026-08-19T06:19:35.549685+00:00,2026-08-19T06:19:59.635604+00:00
33,386,Lindelof,14,DEF,45,0.5132,1.1947,0.11,0.1958,0.118,0.0012,1,0,0,0,2026-08-19T06:19:35.549685+00:00,2026-08-19T06:19:59.635604+00:00
33,387,Maguire,14,DEF,42,0,0,0.0,0.0,0.0,0,1,1,90,1,2026-08-19T06:19:35.549685+00:00,2026-08-19T06:19:59.635604+00:00
33,388,Mainoo,14,MID,44,1.9048,1.5707,0.68,0.0704,0.638,0.0008,1,2,77,1,2026-08-19T06:19:35.549685+00:00,2026-08-19T06:19:59.635604+00:00
33,389,Malacia,14,DEF,43,0,0,0.0,0.0,0.0,0,1,0,0,0,2026-08-19T06:19:35.549685+00:00,2026-08-19T06:19:59.635604+00:00
33,390,Martial,14,FWD,64,0.66,1.1957,0.14,0.2408,0.1495,0.0004,1,0,0,0,2026-08-19T06:19:35.549685+00:00,2026-08-19T06:19:59.635604+00:00
33,391,Martinez,14,DEF,47,0.7812,1.4499,0.28,0.1584,0.2731,0.0004,1,0,0,0,2026-08-19T06:19:35.549685+00:00,2026-08-19T06:19:59.635604+00:00
33,392,McTominay,14,MID,45,2.6244,2.5701,0.68,0.0576,0.637,0.0124,1,0,0,0,2026-08-19T06:19:35.549685+00:00,2026-08-19T06:19:59.635604+00:00
33,394,Pellistri,14,MID,42,0,0,0.0,0.0,0.0,0,1,0,0,0,2026-08-19T06:19:35.549685+00:00,2026-08-19T06:19:59.635604+00:00
33,395,R.Varane,14,DEF,49,1.904,2.1896,0.68,0.0704,0.638,0.0068,1,0,0,0,2026-08-19T06:19:35.549685+00:00,2026-08-19T06:19:59.635604+00:00
33,396,Rashford,14,MID,84,3.0328,2.7664,0.82,0.0324,0.7652,0.0368,1,2,90,1,2026-08-19T06:19:35.549685+00:00,2026-08-19T06:19:59.635604+00:00
33,397,Sancho,14,MID,67,0,0,0.0,0.0,0.0,0,1,0,0,0,2026-08-19T06:19:35.549685+00:00,2026-08-19T06:19:59.635604+00:00
33,398,Shaw,14,DEF,52,0,0,0.0,0.0,0.0,0,1,0,0,0,2026-08-19T06:19:35.549685+00:00,2026-08-19T06:19:59.635604+00:00
33,399,Shoretire,14,FWD,44,0.4652,0.8964,0.1,0.198,0.1088,0.0,1,0,0,0,2026-08-19T06:19:35.549685+00:00,2026-08-19T06:19:59.635604+00:00
33,400,Van de Beek,14,MID,47,0,0,0.0,0.0,0.0,0,1,0,0,0,2026-08-19T06:19:35.549685+00:00,2026-08-19T06:19:59.635604+00:00
33,401,Wan-Bissaka,14,DEF,44,0.808,1.5595,0.22,0.1716,0.2183,0.0012,1,1,90,1,2026-08-19T06:19:35.549685+00:00,2026-08-19T06:19:59.635604+00:00
33,597,Onana,14,GKP,49,3.156,2.2123,0.9,0.008,0.8376,0.002,1,2,90,1,2026-08-19T06:19:35.549685+00:00,2026-08-19T06:19:59.635604+00:00
33,617,Højlund,14,FWD,70,2.5724,2.4181,0.68,0.0576,0.637,0.0184,1,2,90,1,2026-08-19T06:19:35.549685+00:00,2026-08-19T06:19:59.635604+00:00
33,632,Forson,14,MID,44,0.476,0.9262,0.1,0.198,0.1088,0.0,1,0,0,0,2026-08-19T06:19:35.549685+00:00,2026-08-19T06:19:59.635604+00:00
33,669,Vítek,14,GKP,40,0,0,0.0,0.0,0.0,0,1,0,0,0,2026-08-19T06:19:35.549685+00:00,2026-08-19T06:19:59.635604+00:00
33,685,Gore,14,MID,45,0,0,0.0,0.0,0.0,0,1,0,0,0,2026-08-19T06:19:35.549685+00:00,2026-08-19T06:19:59.635604+00:00
33,695,Altay,14,GKP,39,0.1512,0.7103,0.04,0.0384,0.0403,0.0,1,0,0,0,2026-08-19T06:19:35.549685+00:00,2026-08-19T06:19:59.635604+00:00
33,703,Evans,14,DEF,40,0.7628,1.4539,0.22,0.1716,0.2183,0.0004,1,0,0,0,2026-08-19T06:19:35.549685+00:00,2026-08-19T06:19:59.635604+00:00
33,709,Amrabat,14,MID,50,0.796,1.238,0.28,0.1584,0.2731,0.0,1,0,0,0,2026-08-19T06:19:35.549685+00:00,2026-08-19T06:19:59.635604+00:00
33,748,Hugill,14,FWD,45,0,0,0.0,0.0,0.0,0,1,0,0,0,2026-08-19T06:19:35.549685+00:00,2026-08-19T06:19:59.635604+00:00
33,766,Kambwala,14,DEF,39,0.424,0.9939,0.1,0.198,0.1088,0.0004,1,1,90,1,2026-08-19T06:19:35.549685+00:00,2026-08-19T06:19:59.635604+00:00
33,768,Bennett,14,DEF,40,0,0,0.0,0.0,0.0,0,1,0,0,0,2026-08-19T06:19:35.549685+00:00,2026-08-19T06:19:59.635604+00:00
33,826,Collyer,14,MID,45,0.4572,0.9603,0.1,0.198,0.1088,0.0004,1,0,0,0,2026-08-19T06:19:35.549685+00:00,2026-08-19T06:19:59.635604+00:00
33,833,Ogunneye,14,DEF,40,0.4636,1.1298,0.1,0.198,0.1088,0.0008,1,0,0,0,2026-08-19T06:19:35.549685+00:00,2026-08-19T06:19:59.635604+00:00
33,835,Mee,14,GKP,40,0.1332,0.6649,0.04,0.0384,0.0403,0.0,1,0,0,0,2026-08-19T06:19:35.549685+00:00,2026-08-19T06:19:59.635604+00:00
33,846,Amass,14,DEF,40,0.4568,1.1059,0.1,0.198,0.1088,0.0,1,0,0,0,2026-08-19T06:19:35.549685+00:00,2026-08-19T06:19:59.635604+00:00
33,850,Wheatley,14,FWD,45,0.4596,0.8957,0.1,0.198,0.1088,0.0004,1,0,0,0,2026-08-19T06:19:35.549685+00:00,2026-08-19T06:19:59.635604+00:00
33,856,Jackson,14,DEF,40,0.428,1.0014,0.1,0.198,0.1088,0.0,1,,,,2026-08-19T06:19:35.549685+00:00,
33,204,Hall,15,DEF,42,0.8696,1.7376,0.22,0.1716,0.2183,0.0024,1,1,2,0,2026-08-19T06:19:35.549685+00:00,2026-08-19T06:19:59.635604+00:00
33,402,Almirón,15,MID,60,2.9204,2.9881,0.68,0.0576,0.637,0.034,1,0,0,0,2026-08-19T06:19:35.549685+00:00,2026-08-19T06:19:59.635604+00:00
33,403,Anderson,15,MID,42,0.97,1.472,0.28,0.1584,0.2731,0.0012,1,3,88,1,2026-08-19T06:19:35.549685+00:00,2026-08-19T06:19:59.635604+00:00
33,404,Ashby,15,DEF,40,0,0,0.0,0.0,0.0,0,1,0,0,0,2026-08-19T06:19:35.549685+00:00,2026-08-19T06:19:59.635604+00:00
33,405,Botman,15,DEF,45,0,0,0.0,0.0,0.0,0,1,0,0,0,2026-08-19T06:19:35.549685+00:00,2026-08-19T06:19:59.635604+00:00
33,406,Bruno G.,15,MID,58,2.946,2.4336,0.82,0.0324,0.7652,0.0216,1,6,90,1,2026-08-19T06:19:35.549685+00:00,2026-08-19T06:19:59.635604+00:00
33,407,Burn,15,DEF,45,1.0016,2.1619,0.22,0.1404,0.2158,0.0108,1,6,90,1,2026-08-19T06:19:35.549685+00:00,2026-08-19T06:19:59.635604+00:00
33,408,Darlow,15,GKP,40,0,0,0.0,0.0,0.0,0,1,0,0,0,2026-08-19T06:19:35.549685+00:00,2026-08-19T06:19:59.635604+00:00
33,409,Dubravka,15,GKP,42,3.68,2.3458,0.9,0.004,0.8373,0.0036,1,6,90,1,2026-08-19T06:19:35.549685+00:00,2026-08-19T06:19:59.635604+00:00
33,410,Fraser,15,MID,49,0,0,0.0,0.0,0.0,0,1,0,0,0,2026-08-19T06:19:35.549685+00:00,2026-08-19T06:19:59.635604+00:00
33,411,Gillespie,15,GKP,39,0.1608,0.7699,0.04,0.0384,0.0403,0.0,1,0,0,0,2026-08-19T06:19:35.549685+00:00,2026-08-19T06:19:59.635604+00:00
33,412,Gordon,15,MID,60,2.04,2.9477,0.41,0.1062,0.3898,0.0268,1,17,90,1,2026-08-19T06:19:35.549685+00:00,2026-08-19T06:19:59.635604+00:00
33,413,Hayden,15,MID,44,0,0,0.0,0.0,0.0,0,1,0,0,0,2026-08-19T06:19:35.549685+00:00,2026-08-19T06:19:59.635604+00:00
33,414,Hendrick,15,MID,44,0,0,0.0,0.0,0.0,0,1,0,0,0,2026-08-19T06:19:35.549685+00:00,2026-08-19T06:19:59.635604+00:00
33,415,Isak,15,FWD,79,4.5888,4.2888,0.68,0.0576,0.637,0.1432,1,12,90,1,2026-08-19T06:19:35.549685+00:00,2026-08-19T06:19:59.635604+00:00
33,416,Joelinton,15,MID,58,1.666,2.1289,0.48,0.1456,0.458,0.0092,1,0,0,0,2026-08-19T06:19:35.549685+00:00,2026-08-19T06:19:59.635604+00:00
33,417,Krafth,15,DEF,44,0.8932,1.7174,0.22,0.1716,0.2183,0.0016,1,6,90,1,2026-08-19T06:19:35.549685+00:00,2026-08-19T06:19:59.635604+00:00
33,418,Kuol,15,MID,45,0,0,0.0,0.0,0.0,0,1,0,0,0,2026-08-19T06:19:35.549685+00:00,2026-08-19T06:19:59.635604+00:00
33,419,Lascelles,15,DEF,38,0,0,0.0,0.0,0.0,0,1,0,0,0,2026-08-19T06:19:35.549685+00:00,2026-08-19T06:19:59.635604+00:00
33,420,J.Lewis,15,DEF,40,0,0,0.0,0.0,0.0,0,1,0,0,0,2026-08-19T06:19:35.549685+00:00,2026-08-19T06:19:59.635604+00:00
33,421,Longstaff,15,MID,48,2.9268,2.6008,0.82,0.0324,0.7652,0.0228,1,3,90,1,2026-08-19T06:19:35.549685+00:00,2026-08-19T06:19:59.635604+00:00
33,422,Manquillo,15,DEF,40,0,0,0.0,0.0,0.0,0,1,0,0,0,2026-08-19T06:19:35.549685+00:00,2026-08-19T06:19:59.635604+00:00
33,423,J.Murphy,15,MID,48,1.1288,1.8172,0.28,0.1584,0.2731,0.0052,1,3,77,1,2026-08-19T06:19:35.549685+00:00,2026-08-19T06:19:59.635604+00:00
33,424,Pope,15,GKP,53,0.3912,1.2219,0.08,0.0736,0.0803,0.0004,1,0,0,0,2026-08-19T06:19:35.549685+00:00,2026-08-19T06:19:59.635604+00:00
33,425,Ritchie,15,MID,43,0.5236,1.0633,0.1,0.198,0.1088,0.0,1,1,1,0,2026-08-19T06:19:35.549685+00:00,2026-08-19T06:19:59.635604+00:00
33,426,Saint-Maximin,15,MID,60,0,0,0.0,0.0,0.0,0,1,0,0,0,2026-08-19T06:19:35.549685+00:00,2026-08-19T06:19:59.635604+00:00
33,427,Schär,15,DEF,55,3.4284,2.7452,0.9,0.018,0.8384,0.0272,1,13,90,1,2026-08-19T06:19:35.549685+00:00,2026-08-19T06:19:59.635604+00:00
33,428,Targett,15,DEF,42,0,0,0.0,0.0,0.0,0,1,0,0,0,2026-08-19T06:19:35.549685+00:00,2026-08-19T06:19:59.635604+00:00
33,429,Tonali,15,MID,52,0,0,0.0,0.0,0.0,0,1,0,0,0,2026-08-19T06:19:35.549685+00:00,2026-08-19T06:19:59.635604+00:00
33,430,Trippier,15,DEF,66,3.894,3.0796,0.82,0.0324,0.7652,0.0452,1,0,0,0,2026-08-19T06:19:35.549685+00:00,2026-08-19T06:19:59.635604+00:00
33,431,Watts,15,DEF,40,0,0,0.0,0.0,0.0,0,1,0,0,0,2026-08-19T06:19:35.549685+00:00,2026-08-19T06:19:59.635604+00:00
33,432,Willock,15,MID,53,0,0,0.0,0.0,0.0,0,1,0,0,0,2026-08-19T06:19:35.549685+00:00,2026-08-19T06:19:59.635604+00:00
33,433,Wilson,15,FWD,78,2.3736,3.0251,0.48,0.1456,0.458,0.0408,1,0,0,0,2026-08-19T06:19:35.549685+00:00,2026-08-19T06:19:59.635604+00:00
33,580,Karius,15,GKP,39,0.1756,0.8397,0.04,0.0384,0.0403,0.0004,1,0,0,0,2026-08-19T06:19:35.549685+00:00,2026-08-19T06:19:59.635604+00:00
33,581,Dummett,15,DEF,39,0.5332,1.2403,0.1,0.198,0.1088,0.0012,1,1,1,0,2026-08-19T06:19:35.549685+00:00,2026-08-19T06:19:59.635604+00:00
33,603,Barnes,15,MID,62,1.3732,2.2663,0.28,0.2016,0.2765,0.0116,1,3,87,1,2026-08-19T06:19:35.549685+00:00,2026-08-19T06:19:59.635604+00:00
33,633,Livramento,15,DEF,40,0,0,0.0,0.0,0.0,0,1,1,12,0,2026-08-19T06:19:35.549685+00:00,2026-08-19T06:19:59.635604+00:00
33,634,A.Murphy,15,DEF,39,0.5516,1.3066,0.1,0.198,0.1088,0.0016,1,0,0,0,2026-08-19T06:19:35.549685+00:00,2026-08-19T06:19:59.635604+00:00
33,635,Miley,15,MID,45,0,0,0.0,0.0,0.0,0,1,0,0,0,2026-08-19T06:19:35.549685+00:00,2026-08-19T06:19:59.635604+00:00
33,738,Diallo,15,MID,45,0.5076,1.0545,0.1,0.198,0.1088,0.0012,1,0,0,0,2026-08-19T06:19:35.549685+00:00,2026-08-19T06:19:59.635604+00:00
33,739,Parkinson,15,FWD,45,0.4908,0.9545,0.1,0.198,0.1088,0.0,1,0,0,0,2026-08-19T06:19:35.549685+00:00,2026-08-19T06:19:59.635604+00:00
33,745,Ndiweni,15,FWD,44,0,0,0.0,0.0,0.0,0,1,0,0,0,2026-08-19T06:19:35.549685+00:00,2026-08-19T06:19:59.635604+00:00
33,794,White,15,MID,45,0.5108,0.9995,0.1,0.198,0.1088,0.0,1,1,1,0,2026-08-19T06:19:35.549685+00:00,2026-08-19T06:19:59.635604+00:00
33,795,Hernes,15,MID,45,0.4644,0.9446,0.1,0.198,0.1088,0.0004,1,0,0,0,2026-08-19T06:19:35.549685+00:00,2026-08-19T06:19:59.635604+00:00
33,23,Tavares,16,DEF,40,0.7924,1.595,0.22,0.1716,0.2183,0.0012,1,1,1,0,2026-08-19T06:19:35.549685+00:00,2026-08-19T06:19:59.635604+00:00
33,28,Turner,16,GKP,38,3.1728,2.2449,0.9,0.004,0.8373,0.0,1,0,0,0,2026-08-19T06:19:35.549685+00:00,2026-08-19T06:19:59.635604+00:00
33,205,Hudson-Odoi,16,MID,47,1.9184,2.314,0.48,0.1144,0.4556,0.0112,1,2,90,1,2026-08-19T06:19:35.549685+00:00,2026-08-19T06:19:59.635604+00:00
33,378,Elanga,16,MID,51,3.5248,3.0371,0.82,0.0324,0.7652,0.0492,1,0,0,0,2026-08-19T06:19:35.549685+00:00,2026-08-19T06:19:59.635604+00:00
33,434,B.Aguilera,16,MID,45,0,0,0.0,0.0,0.0,0,1,0,0,0,2026-08-19T06:19:35.549685+00:00,2026-08-19T06:19:59.635604+00:00
33,435,Arter,16,MID,43,0.4688,0.9528,0.1,0.198,0.1088,0.0,1,0,0,0,2026-08-19T06:19:35.549685+00:00,2026-08-19T06:19:59.635604+00:00
33,436,Aurier,16,DEF,45,0,0,0.0,0.0,0.0,0,1,0,0,0,2026-08-19T06:19:35.549685+00:00,2026-08-19T06:19:59.635604+00:00
33,437,Awoniyi,16,FWD,63,2.1316,2.6787,0.48,0.1456,0.458,0.022,1,0,0,0,2026-08-19T06:19:35.549685+00:00,2026-08-19T06:19:59.635604+00:00
33,438,Biancone,16,DEF,39,0,0,0.0,0.0,0.0,0,1,0,0,0,2026-08-19T06:19:35.549685+00:00,2026-08-19T06:19:59.635604+00:00
33,439,Boly,16,DEF,45,0.99,1.9788,0.22,0.1716,0.2183,0.0072,1,0,0,0,2026-08-19T06:19:35.549685+00:00,2026-08-19T06:19:59.635604+00:00
33,440,Bowler,16,MID,45,0,0,0.0,0.0,0.0,0,1,0,0,0,2026-08-19T06:19:35.549685+00:00,2026-08-19T06:19:59.635604+00:00
33,441,Cook,16,DEF,45,0,0,0.0,0.0,0.0,0,1,0,0,0,2026-08-19T06:19:35.549685+00:00,2026-08-19T06:19:59.635604+00:00
33,442,Danilo,16,MID,53,1.4124,1.6782,0.48,0.1144,0.4556,0.0012,1,9,88,1,2026-08-19T06:19:35.549685+00:00,2026-08-19T06:19:59.635604+00:00
33,443,Dennis,16,FWD,48,0,0,0.0,0.0,0.0,0,1,0,0,0,2026-08-19T06:19:35.549685+00:00,2026-08-19T06:19:59.635604+00:00
33,444,Dräger,16,DEF,40,0,0,0.0,0.0,0.0,0,1,0,0,0,2026-08-19T06:19:35.549685+00:00,2026-08-19T06:19:59.635604+00:00
33,445,Felipe,16,DEF,44,0.818,1.6303,0.22,0.1716,0.2183,0.0016,1,0,0,0,2026-08-19T06:19:35.549685+00:00,2026-08-19T06:19:59.635604+00:00
33,446,Freuler,16,MID,49,0,0,0.0,0.0,0.0,0,1,0,0,0,2026-08-19T06:19:35.549685+00:00,2026-08-19T06:19:59.635604+00:00
33,447,Gibbs-White,16,MID,57,3.3772,2.9458,0.82,0.0324,0.7652,0.04,1,6,90,1,2026-08-19T06:19:35.549685+00:00,2026-08-19T06:19:59.635604+00:00
33,448,Hennessey,16,GKP,39,0.1904,0.8967,0.04,0.0384,0.0403,0.0,1,0,0,0,2026-08-19T06:19:35.549685+00:00,2026-08-19T06:19:59.635604+00:00
33,449,Horvath,16,GKP,43,0,0,0.0,0.0,0.0,0,1,0,0,0,2026-08-19T06:19:35.549685+00:00,2026-08-19T06:19:59.635604+00:00
33,451,Kouyaté,16,MID,48,0.6376,1.1844,0.18,0.1804,0.1818,0.0004,1,0,0,0,2026-08-19T06:19:35.549685+00:00,2026-08-19T06:19:59.635604+00:00
33,452,Laryea,16,DEF,45,0,0,0.0,0.0,0.0,0,1,0,0,0,2026-08-19T06:19:35.549685+00:00,2026-08-19T06:19:59.635604+00:00
33,453,Mangala,16,MID,50,0,0,0.0,0.0,0.0,0,1,0,0,0,2026-08-19T06:19:35.549685+00:00,2026-08-19T06:19:59.635604+00:00
33,454,Mbe Soh,16,DEF,40,0,0,0.0,0.0,0.0,0,1,0,0,0,2026-08-19T06:19:35.549685+00:00,2026-08-19T06:19:59.635604+00:00
33,455,McKenna,16,DEF,44,0,0,0.0,0.0,0.0,0,1,0,0,0,2026-08-19T06:19:35.549685+00:00,2026-08-19T06:19:59.635604+00:00
33,456,Mighten,16,MID,44,0,0,0.0,0.0,0.0,0,1,0,0,0,2026-08-19T06:19:35.549685+00:00,2026-08-19T06:19:59.635604+00:00
33,457,Niakhaté,16,DEF,45,0.9512,1.9225,0.22,0.1716,0.2183,0.0068,1,0,0,0,2026-08-19T06:19:35.549685+00:00,2026-08-19T06:19:59.635604+00:00
33,458,O'Brien,16,MID,49,0,0,0.0,0.0,0.0,0,1,0,0,0,2026-08-19T06:19:35.549685+00:00,2026-08-19T06:19:59.635604+00:00
33,459,Ojeda,16,MID,45,0,0,0.0,0.0,0.0,0,1,0,0,0,2026-08-19T06:19:35.549685+00:00,2026-08-19T06:19:59.635604+00:00
33,460,Panzo,16,DEF,40,0,0,0.0,0.0,0.0,0,1,0,0,0,2026-08-19T06:19:35.549685+00:00,2026-08-19T06:19:59.635604+00:00
33,461,O.Richards,16,DEF,44,0,0,0.0,0.0,0.0,0,1,0,0,0,2026-08-19T06:19:35.549685+00:00,2026-08-19T06:19:59.635604+00:00
33,462,G.Scarpa,16,MID,45,0,0,0.0,0.0,0.0,0,1,0,0,0,2026-08-19T06:19:35.549685+00:00,2026-08-19T06:19:59.635604+00:00
33,463,J.Shelvey,16,MID,48,0,0,0.0,0.0,0.0,0,1,0,0,0,2026-08-19T06:19:35.549685+00:00,2026-08-19T06:19:59.635604+00:00
33,464,Surridge,16,FWD,45,0,0,0.0,0.0,0.0,0,1,0,0,0,2026-08-19T06:19:35.549685+00:00,2026-08-19T06:19:59.635604+00:00
33,465,Toffolo,16,DEF,44,0.9592,1.9204,0.22,0.1716,0.2183,0.0068,1,0,0,0,2026-08-19T06:19:35.549685+00:00,2026-08-19T06:19:59.635604+00:00
33,466,Ui-jo,16,FWD,44,0,0,0.0,0.0,0.0,0,1,0,0,0,2026-08-19T06:19:35.549685+00:00,2026-08-19T06:19:59.635604+00:00
33,467,Williams,16,DEF,43,0,0,0.0,0.0,0.0,0,1,1,90,1,2026-08-19T06:19:35.549685+00:00,2026-08-19T06:19:59.635604+00:00
33,468,Wood,16,FWD,49,2.5812,3.1331,0.48,0.1144,0.4556,0.0416,1,2,90,1,2026-08-19T06:19:35.549685+00:00,2026-08-19T06:19:59.635604+00:00
33,469,Worrall,16,DEF,43,0,0,0.0,0.0,0.0,0,1,0,0,0,2026-08-19T06:19:35.549685+00:00,2026-08-19T06:19:59.635604+00:00
33,470,Yates,16,MID,48,1.9836,2.053,0.68,0.0576,0.637,0.0072,1,2,65,1,2026-08-19T06:19:35.549685+00:00,2026-08-19T06:19:59.635604+00:00
33,604,Aina,16,DEF,45,0.8892,1.6564,0.22,0.1716,0.2183,0.0008,1,1,88,1,2026-08-19T06:19:35.549685+00:00,2026-08-19T06:19:59.635604+00:00
33,636,G.Shelvey,16,GKP,39,0,0,0.0,0.0,0.0,0,1,0,0,0,2026-08-19T06:19:35.549685+00:00,2026-08-19T06:19:59.635604+00:00
33,637,Powell,16,DEF,39,0.5524,1.2943,0.1,0.198,0.1088,0.0008,1,0,0,0,2026-08-19T06:19:35.549685+00:00,2026-08-19T06:19:59.635604+00:00
33,679,G.Montiel,16,DEF,44,0.9164,1.7716,0.22,0.1716,0.2183,0.0032,1,0,0,0,2026-08-19T06:19:35.549685+00:00,2026-08-19T06:19:59.635604+00:00
33,696,Murillo,16,DEF,45,0.8792,1.8085,0.22,0.1404,0.2158,0.0048,1,0,90,1,2026-08-19T06:19:35.549685+00:00,2026-08-19T06:19:59.635604+00:00
33,710,Odysseas,16,GKP,45,0.1616,0.7918,0.04,0.0384,0.0403,0.0,1,0,0,0,2026-08-19T06:19:35.549685+00:00,2026-08-19T06:19:59.635604+00:00
33,711,Omobamidele,16,DEF,45,0.7372,1.45,0.22,0.1716,0.2183,0.0,1,1,90,1,2026-08-19T06:19:35.549685+00:00,2026-08-19T06:19:59.635604+00:00
33,712,Dominguez,16,MID,50,0,0,0.0,0.0,0.0,0,1,1,24,0,2026-08-19T06:19:35.549685+00:00,2026-08-19T06:19:59.635604+00:00
33,713,Sangaré,16,MID,49,1.2532,1.493,0.48,0.1144,0.4556,0.0004,1,0,0,0,2026-08-19T06:19:35.549685+00:00,2026-08-19T06:19:59.635604+00:00
33,714,Origi,16,FWD,50,0.9264,1.4528,0.28,0.1584,0.2731,0.0008,1,1,19,0,2026-08-19T06:19:35.549685+00:00,2026-08-19T06:19:59.635604+00:00
33,779,McDonnell,16,MID,45,0.4912,1.026,0.1,0.198,0.1088,0.0008,1,0,0,0,2026-08-19T06:19:35.549685+00:00,2026-08-19T06:19:59.635604+00:00
33,780,Osong,16,FWD,45,0.442,0.8839,0.1,0.198,0.1088,0.0,1,0,0,0,2026-08-19T06:19:35.549685+00:00,2026-08-19T06:19:59.635604+00:00
33,781,Gardner,16,FWD,45,0.43,0.912,0.1,0.198,0.1088,0.0008,1,0,0,0,2026-08-19T06:19:35.549685+00:00,2026-08-19T06:19:59.635604+00:00
33,801,Reyna,16,MID,47,0.6904,1.2439,0.18,0.1804,0.1818,0.0004,1,5,70,1,2026-08-19T06:19:35.549685+00:00,2026-08-19T06:19:59.635604+00:00
33,808,Sels,16,GKP,45,0.1744,0.8155,0.04,0.0384,0.0403,0.0,1,1,90,1,2026-08-19T06:19:35.549685+00:00,2026-08-19T06:19:59.635604+00:00
33,809,Ribeiro,16,FWD,45,0.4292,0.901,0.1,0.198,0.1088,0.0,1,1,1,0,2026-08-19T06:19:35.549685+00:00,2026-08-19T06:19:59.635604+00:00
33,27,Trusty,17,DEF,39,0.7064,1.4154,0.22,0.1404,0.2158,0.0004,1,1,90,1,2026-08-19T06:19:35.549685+00:00,2026-08-19T06:19:59.635604+00:00
33,33,Archer,17,FWD,42,2.302,2.2096,0.68,0.0704,0.638,0.0124,1,1,14,0,2026-08-19T06:19:35.549685+00:00,2026-08-19T06:19:59.635604+00:00
33,255,Holgate,17,DEF,40,0.7292,1.4319,0.22,0.1716,0.2183,0.0004,1,2,90,1,2026-08-19T06:19:35.549685+00:00,2026-08-19T06:19:59.635604+00:00
33,360,McAtee,17,MID,44,2.0456,2.0876,0.68,0.0576,0.637,0.0104,1,1,33,0,2026-08-19T06:19:35.549685+00:00,2026-08-19T06:19:59.635604+00:00
33,471,Ahmedhodžić,17,DEF,43,0.7332,1.6497,0.22,0.1404,0.2158,0.004,1,1,90,1,2026-08-19T06:19:35.549685+00:00,2026-08-19T06:19:59.635604+00:00
33,472,Amissah,17,GKP,39,0.1688,0.7775,0.04,0.0384,0.0403,0.0,1,0,0,0,2026-08-19T06:19:35.549685+00:00,2026-08-19T06:19:59.635604+00:00
33,473,Baldock,17,DEF,38,0,0,0.0,0.0,0.0,0,1,0,0,0,2026-08-19T06:19:35.549685+00:00,2026-08-19T06:19:59.635604+00:00
33,474,Basham,17,DEF,39,0,0,0.0,0.0,0.0,0,1,0,0,0,2026-08-19T06:19:35.549685+00:00,2026-08-19T06:19:59.635604+00:00
33,476,Bogle,17,DEF,45,0.7144,1.5751,0.22,0.1404,0.2158,0.0052,1,2,75,1,2026-08-19T06:19:35.549685+00:00,2026-08-19T06:19:59.635604+00:00
33,477,Brewster,17,FWD,49,0.802,1.2969,0.28,0.1584,0.2731,0.002,1,0,0,0,2026-08-19T06:19:35.549685+00:00,2026-08-19T06:19:59.635604+00:00
33,478,Coulibaly,17,MID,44,0,0,0.0,0.0,0.0,0,1,0,0,0,2026-08-19T06:19:35.549685+00:00,2026-08-19T06:19:59.635604+00:00
33,479,A.Davies,17,GKP,40,0.1552,0.7094,0.04,0.0384,0.0403,0.0,1,0,0,0,2026-08-19T06:19:35.549685+00:00,2026-08-19T06:19:59.635604+00:00
33,480,Egan,17,DEF,42,0.3936,0.9616,0.11,0.1958,0.118,0.0004,1,0,0,0,2026-08-19T06:19:35.549685+00:00,2026-08-19T06:19:59.635604+00:00
33,481,Fleck,17,MID,49,0,0,0.0,0.0,0.0,0,1,0,0,0,2026-08-19T06:19:35.549685+00:00,2026-08-19T06:19:59.635604+00:00
33,482,Foderingham,17,GKP,44,3.416,2.26,0.9,0.004,0.8373,0.002,1,0,0,0,2026-08-19T06:19:35.549685+00:00,2026-08-19T06:19:59.635604+00:00
33,483,Jebbison,17,FWD,48,0.6104,1.1067,0.18,0.1804,0.1818,0.0008,1,0,0,0,2026-08-19T06:19:35.549685+00:00,2026-08-19T06:19:59.635604+00:00
33,484,Lowe,17,DEF,43,0.702,1.449,0.22,0.1716,0.2183,0.0008,1,0,0,0,2026-08-19T06:19:35.549685+00:00,2026-08-19T06:19:59.635604+00:00
33,485,McBurnie,17,FWD,54,1.9188,2.5092,0.48,0.1144,0.4556,0.016,1,2,90,1,2026-08-19T06:19:35.549685+00:00,2026-08-19T06:19:59.635604+00:00
33,486,Ndiaye,17,FWD,55,0,0,0.0,0.0,0.0,0,1,0,0,0,2026-08-19T06:19:35.549685+00:00,2026-08-19T06:19:59.635604+00:00
33,487,Norrington-Davies,17,DEF,39,0,0,0.0,0.0,0.0,0,1,0,0,0,2026-08-19T06:19:35.549685+00:00,2026-08-19T06:19:59.635604+00:00
33,488,Norwood,17,MID,48,1.7932,1.7638,0.68,0.0704,0.638,0.0028,1,0,0,0,2026-08-19T06:19:35.549685+00:00,2026-08-19T06:19:59.635604+00:00
33,489,Osborn,17,MID,48,0.74,1.1635,0.24,0.1672,0.2366,0.0004,1,2,90,1,2026-08-19T06:19:35.549685+00:00,2026-08-19T06:19:59.635604+00:00
33,490,Osula,17,FWD,43,1.1196,1.4315,0.48,0.1144,0.4556,0.002,1,0,0,0,2026-08-19T06:19:35.549685+00:00,2026-08-19T06:19:59.635604+00:00
33,576,Robinson,17,DEF,43,0.7104,1.4698,0.22,0.1404,0.2158,0.0008,1,0,0,0,2026-08-19T06:19:35.549685+00:00,2026-08-19T06:19:59.635604+00:00
33,587,Slimane,17,MID,47,0.872,1.3304,0.28,0.1584,0.2731,0.0004,1,1,1,0,2026-08-19T06:19:35.549685+00:00,2026-08-19T06:19:59.635604+00:00
33,592,Larouci,17,DEF,43,0.7036,1.4192,0.22,0.1716,0.2183,0.0004,1,1,56,1,2026-08-19T06:19:35.549685+00:00,2026-08-19T06:19:59.635604+00:00
33,593,T.Bénie,17,FWD,51,0,0,0.0,0.0,0.0,0,1,0,0,0,2026-08-19T06:19:35.549685+00:00,2026-08-19T06:19:59.635604+00:00
33,638,Vini Souza,17,MID,50,2.0712,1.2443,0.82,0.0324,0.7652,0.0,1,0,0,0,2026-08-19T06:19:35.549685+00:00,2026-08-19T06:19:59.635604+00:00
33,653,Seriki,17,DEF,39,0,0,0.0,0.0,0.0,0,1,0,0,0,2026-08-19T06:19:35.549685+00:00,2026-08-19T06:19:59.635604+00:00
33,654,Marsh,17,FWD,45,0,0,0.0,0.0,0.0,0,1,0,0,0,2026-08-19T06:19:35.549685+00:00,2026-08-19T06:19:59.635604+00:00
33,655,Brooks,17,MID,44,1.2244,1.3277,0.48,0.1144,0.4556,0.0004,1,0,0,0,2026-08-19T06:19:35.549685+00:00,2026-08-19T06:19:59.635604+00:00
33,656,Hackford,17,FWD,44,0,0,0.0,0.0,0.0,0,1,0,0,0,2026-08-19T06:19:35.549685+00:00,2026-08-19T06:19:59.635604+00:00
33,663,Hamer,17,MID,49,2.4128,1.9888,0.82,0.0324,0.7652,0.006,1,2,90,1,2026-08-19T06:19:35.549685+00:00,2026-08-19T06:19:59.635604+00:00
33,666,T.Davies,17,MID,50,0.4416,0.9801,0.09,0.2002,0.0997,0.0004,1,0,0,0,2026-08-19T06:19:35.549685+00:00,2026-08-19T06:19:59.635604+00:00
33,693,Thomas,17,DEF,40,0,0,0.0,0.0,0.0,0,1,0,0,0,2026-08-19T06:19:35.549685+00:00,2026-08-19T06:19:59.635604+00:00
33,730,Oné,17,MID,44,0.4652,0.9366,0.1,0.198,0.1088,0.0,1,0,0,0,2026-08-19T06:19:35.549685+00:00,2026-08-19T06:19:59.635604+00:00
33,731,Buyabu,17,DEF,40,0,0,0.0,0.0,0.0,0,1,0,0,0,2026-08-19T06:19:35.549685+00:00,2026-08-19T06:19:59.635604+00:00
33,759,Peck,17,MID,44,0.482,0.9861,0.1,0.198,0.1088,0.0,1,0,0,0,2026-08-19T06:19:35.549685+00:00,2026-08-19T06:19:59.635604+00:00
33,775,Brereton Díaz,17,MID,50,1.1008,1.8491,0.28,0.1584,0.2731,0.0024,1,1,90,1,2026-08-19T06:19:35.549685+00:00,2026-08-19T06:19:59.635604+00:00
33,790,Grbić,17,GKP,45,0.1488,0.6937,0.04,0.0384,0.0403,0.0,1,2,90,1,2026-08-19T06:19:35.549685+00:00,2026-08-19T06:19:59.635604+00:00
33,822,Blacker,17,FWD,45,0.4324,0.8281,0.1,0.198,0.1088,0.0004,1,0,0,0,2026-08-19T06:19:35.549685+00:00,2026-08-19T06:19:59.635604+00:00
33,823,Arblaster,17,MID,45,0.8412,1.1919,0.28,0.1584,0.2731,0.0004,1,0,90,1,2026-08-19T06:19:35.549685+00:00,2026-08-19T06:19:59.635604+00:00
33,827,Sasnauskas,17,DEF,40,0.4592,1.102,0.1,0.198,0.1088,0.0,1,0,0,0,2026-08-19T06:19:35.549685+00:00,2026-08-19T06:19:59.635604+00:00
33,828,Curtis,17,DEF,40,0.4596,1.1075,0.1,0.198,0.1088,0.0008,1,0,0,0,2026-08-19T06:19:35.549685+00:00,2026-08-19T06:19:59.635604+00:00
33,857,Hampson,17,MID,45,0.4468,0.9404,0.1,0.198,0.1088,0.0004,1,,,,2026-08-19T06:19:35.549685+00:00,
33,450,Johnson,18,MID,58,3.2164,3.4219,0.68,0.0576,0.637,0.0544,1,2,90,1,2026-08-19T06:19:35.549685+00:00,2026-08-19T06:19:59.635604+00:00
33,491,Austin,18,GKP,39,0.1416,0.6457,0.04,0.0384,0.0403,0.0,1,0,0,0,2026-08-19T06:19:35.549685+00:00,2026-08-19T06:19:59.635604+00:00
33,492,Bentancur,18,MID,54,1.3324,1.7095,0.48,0.1144,0.4556,0.0028,1,1,56,1,2026-08-19T06:19:35.549685+00:00,2026-08-19T06:19:59.635604+00:00
33,493,Bissouma,18,MID,50,0,0,0.0,0.0,0.0,0,1,0,56,1,2026-08-19T06:19:35.549685+00:00,2026-08-19T06:19:59.635604+00:00
33,494,Bryan,18,MID,49,0.7044,1.3042,0.18,0.1804,0.1818,0.0008,1,0,0,0,2026-08-19T06:19:35.549685+00:00,2026-08-19T06:19:59.635604+00:00
33,495,Davies,18,DEF,43,0,0,0.0,0.0,0.0,0,1,0,0,0,2026-08-19T06:19:35.549685+00:00,2026-08-19T06:19:59.635604+00:00
33,496,Dier,18,DEF,42,0,0,0.0,0.0,0.0,0,1,0,0,0,2026-08-19T06:19:35.549685+00:00,2026-08-19T06:19:59.635604+00:00
33,497,E.Royal,18,DEF,43,0.8416,1.5925,0.22,0.1716,0.2183,0.0012,1,0,41,0,2026-08-19T06:19:35.549685+00:00,2026-08-19T06:19:59.635604+00:00
33,498,Forster,18,GKP,38,0,0,0.0,0.0,0.0,0,1,0,0,0,2026-08-19T06:19:35.549685+00:00,2026-08-19T06:19:59.635604+00:00
33,499,Højbjerg,18,MID,51,1.2884,1.5719,0.48,0.1144,0.4556,0.002,1,1,33,0,2026-08-19T06:19:35.549685+00:00,2026-08-19T06:19:59.635604+00:00
33,500,Kane,18,FWD,125,0,0,0.0,0.0,0.0,0,1,0,0,0,2026-08-19T06:19:35.549685+00:00,2026-08-19T06:19:59.635604+00:00
33,501,Kulusevski,18,MID,68,3.0544,2.5051,0.82,0.0324,0.7652,0.0212,1,1,32,0,2026-08-19T06:19:35.549685+00:00,2026-08-19T06:19:59.635604+00:00
33,502,Lloris,18,GKP,47,0,0,0.0,0.0,0.0,0,1,0,0,0,2026-08-19T06:19:35.549685+00:00,2026-08-19T06:19:59.635604+00:00
33,503,Lo Celso,18,MID,48,0.7064,1.4191,0.14,0.1892,0.1453,0.0012,1,1,9,0,2026-08-19T06:19:35.549685+00:00,2026-08-19T06:19:59.635604+00:00
33,504,Maddison,18,MID,79,3.024,2.9217,0.68,0.0576,0.637,0.0352,1,1,80,1,2026-08-19T06:19:35.549685+00:00,2026-08-19T06:19:59.635604+00:00
33,505,Ndombele,18,MID,44,0,0,0.0,0.0,0.0,0,1,0,0,0,2026-08-19T06:19:35.549685+00:00,2026-08-19T06:19:59.635604+00:00
33,506,Pedro Porro,18,DEF,59,3.1972,2.9055,0.82,0.0324,0.7652,0.0328,1,0,48,1,2026-08-19T06:19:35.549685+00:00,2026-08-19T06:19:59.635604+00:00
33,507,Perišić,18,DEF,47,0,0,0.0,0.0,0.0,0,1,0,0,0,2026-08-19T06:19:35.549685+00:00,2026-08-19T06:19:59.635604+00:00
33,509,Richarlison,18,MID,68,0,0,0.0,0.0,0.0,0,1,0,0,0,2026-08-19T06:19:35.549685+00:00,2026-08-19T06:19:59.635604+00:00
33,510,Rodon,18,DEF,40,0,0,0.0,0.0,0.0,0,1,0,0,0,2026-08-19T06:19:35.549685+00:00,2026-08-19T06:19:59.635604+00:00
33,511,Romero,18,DEF,52,2.7188,2.472,0.82,0.0324,0.7652,0.0108,1,-1,90,1,2026-08-19T06:19:35.549685+00:00,2026-08-19T06:19:59.635604+00:00
33,512,Sánchez,18,DEF,44,0,0,0.0,0.0,0.0,0,1,0,0,0,2026-08-19T06:19:35.549685+00:00,2026-08-19T06:19:59.635604+00:00
33,513,Sarr,18,MID,44,2.1252,2.2372,0.68,0.0576,0.637,0.0136,1,1,33,0,2026-08-19T06:19:35.549685+00:00,2026-08-19T06:19:59.635604+00:00
33,514,Sessegnon,18,DEF,44,0,0,0.0,0.0,0.0,0,1,0,0,0,2026-08-19T06:19:35.549685+00:00,2026-08-19T06:19:59.635604+00:00
33,515,Skipp,18,MID,45,0.7788,1.2007,0.28,0.1584,0.2731,0.0,1,0,0,0,2026-08-19T06:19:35.549685+00:00,2026-08-19T06:19:59.635604+00:00
33,516,Son,18,MID,100,4.5728,3.601,0.82,0.0324,0.7652,0.0956,1,1,57,1,2026-08-19T06:19:35.549685+00:00,2026-08-19T06:19:59.635604+00:00
33,517,Spence,18,DEF,40,0,0,0.0,0.0,0.0,0,1,0,0,0,2026-08-19T06:19:35.549685+00:00,2026-08-19T06:19:59.635604+00:00
33,518,Tanganga,18,DEF,40,0,0,0.0,0.0,0.0,0,1,0,0,0,2026-08-19T06:19:35.549685+00:00,2026-08-19T06:19:59.635604+00:00
33,519,Udogie,18,DEF,50,0,0,0.0,0.0,0.0,0,1,0,90,1,2026-08-19T06:19:35.549685+00:00,2026-08-19T06:19:59.635604+00:00
33,520,Vicario,18,GKP,53,2.9528,2.0946,0.9,0.008,0.8376,0.0008,1,0,90,1,2026-08-19T06:19:35.549685+00:00,2026-08-19T06:19:59.635604+00:00
33,521,Whiteman,18,GKP,39,0.16,0.7559,0.04,0.0384,0.0403,0.0,1,0,0,0,2026-08-19T06:19:35.549685+00:00,2026-08-19T06:19:59.635604+00:00
33,583,Solomon,18,MID,51,0,0,0.0,0.0,0.0,0,1,0,0,0,2026-08-19T06:19:35.549685+00:00,2026-08-19T06:19:59.635604+00:00
33,639,Van de Ven,18,DEF,44,0.7936,1.6043,0.22,0.1404,0.2158,0.0012,1,-1,90,1,2026-08-19T06:19:35.549685+00:00,2026-08-19T06:19:59.635604+00:00
33,640,Scarlett,18,FWD,45,0.4488,0.867,0.1,0.198,0.1088,0.0,1,0,0,0,2026-08-19T06:19:35.549685+00:00,2026-08-19T06:19:59.635604+00:00
33,641,Veliz,18,FWD,54,0,0,0.0,0.0,0.0,0,1,0,0,0,2026-08-19T06:19:35.549685+00:00,2026-08-19T06:19:59.635604+00:00
33,702,Phillips,18,DEF,40,0,0,0.0,0.0,0.0,0,1,0,0,0,2026-08-19T06:19:35.549685+00:00,2026-08-19T06:19:59.635604+00:00
33,722,Donley,18,FWD,45,0.392,0.7976,0.1,0.198,0.1088,0.0004,1,0,0,0,2026-08-19T06:19:35.549685+00:00,2026-08-19T06:19:59.635604+00:00
33,740,Dorrington,18,DEF,40,0.5196,1.2148,0.1,0.198,0.1088,0.0004,1,0,0,0,2026-08-19T06:19:35.549685+00:00,2026-08-19T06:19:59.635604+00:00
33,754,Yago Santiago,18,MID,45,0.4428,0.8675,0.1,0.198,0.1088,0.0,1,0,0,0,2026-08-19T06:19:35.549685+00:00,2026-08-19T06:19:59.635604+00:00
33,776,Werner,18,FWD,63,0,0,0.0,0.0,0.0,0,1,2,90,1,2026-08-19T06:19:35.549685+00:00,2026-08-19T06:19:59.635604+00:00
33,777,Drăgușin,18,DEF,42,0.4604,1.1031,0.1,0.198,0.1088,0.0008,1,0,0,0,2026-08-19T06:19:35.549685+00:00,2026-08-19T06:19:59.635604+00:00
33,860,Moore,18,MID,45,0.476,0.9403,0.1,0.198,0.1088,0.0,1,,,,2026-08-19T06:19:35.549685+00:00,
33,862,Hall,18,MID,45,0.438,0.9113,0.1,0.198,0.1088,0.0,1,,,,2026-08-19T06:19:35.549685+00:00,
33,364,Phillips,19,MID,47,0.9288,1.4282,0.28,0.1584,0.2731,0.002,1,0,0,0,2026-08-19T06:19:35.549685+00:00,2026-08-19T06:19:59.635604+00:00
33,522,N.Aguerd,19,DEF,44,0.5252,1.3331,0.11,0.1602,0.1151,0.0028,1,1,90,1,2026-08-19T06:19:35.549685+00:00,2026-08-19T06:19:59.635604+00:00
33,523,Antonio,19,FWD,57,1.7828,2.212,0.48,0.1456,0.458,0.0092,1,2,81,1,2026-08-19T06:19:35.549685+00:00,2026-08-19T06:19:59.635604+00:00
33,524,Areola,19,GKP,42,3.876,2.4753,0.9,0.004,0.8373,0.0092,1,0,0,0,2026-08-19T06:19:35.549685+00:00,2026-08-19T06:19:59.635604+00:00
33,525,Benrahma,19,MID,56,0,0,0.0,0.0,0.0,0,1,0,0,0,2026-08-19T06:19:35.549685+00:00,2026-08-19T06:19:59.635604+00:00
33,526,Bowen,19,MID,78,4.5516,3.3802,0.9,0.018,0.8384,0.078,1,0,0,0,2026-08-19T06:19:35.549685+00:00,2026-08-19T06:19:59.635604+00:00
33,527,Cornet,19,MID,52,0.7568,1.4604,0.18,0.1804,0.1818,0.0036,1,1,1,0,2026-08-19T06:19:35.549685+00:00,2026-08-19T06:19:59.635604+00:00
33,528,Coufal,19,DEF,46,2.7456,2.4047,0.82,0.0324,0.7652,0.0068,1,2,68,1,2026-08-19T06:19:35.549685+00:00,2026-08-19T06:19:59.635604+00:00
33,529,Coventry,19,MID,43,0,0,0.0,0.0,0.0,0,1,0,0,0,2026-08-19T06:19:35.549685+00:00,2026-08-19T06:19:59.635604+00:00
33,530,Cresswell,19,DEF,42,0.812,1.6177,0.22,0.1716,0.2183,0.0016,1,0,0,0,2026-08-19T06:19:35.549685+00:00,2026-08-19T06:19:59.635604+00:00
33,531,Downes,19,MID,50,0,0,0.0,0.0,0.0,0,1,0,0,0,2026-08-19T06:19:35.549685+00:00,2026-08-19T06:19:59.635604+00:00
33,532,Emerson,19,DEF,44,0.962,1.9441,0.22,0.1404,0.2158,0.006,1,1,90,1,2026-08-19T06:19:35.549685+00:00,2026-08-19T06:19:59.635604+00:00
33,533,Fabianski,19,GKP,42,0.2568,1.0617,0.04,0.0384,0.0403,0.0004,1,3,90,1,2026-08-19T06:19:35.549685+00:00,2026-08-19T06:19:59.635604+00:00
33,534,P.Fornals,19,MID,46,0,0,0.0,0.0,0.0,0,1,0,0,0,2026-08-19T06:19:35.549685+00:00,2026-08-19T06:19:59.635604+00:00
33,535,Ings,19,FWD,55,1.4404,1.8763,0.45,0.154,0.4308,0.0064,1,2,90,1,2026-08-19T06:19:35.549685+00:00,2026-08-19T06:19:59.635604+00:00
33,536,Johnson,19,DEF,44,0.7572,1.5546,0.22,0.1716,0.2183,0.0032,1,1,21,0,2026-08-19T06:19:35.549685+00:00,2026-08-19T06:19:59.635604+00:00
33,537,Kehrer,19,DEF,42,0,0,0.0,0.0,0.0,0,1,0,0,0,2026-08-19T06:19:35.549685+00:00,2026-08-19T06:19:59.635604+00:00
33,538,Mubama,19,FWD,41,0.4416,0.8757,0.1,0.198,0.1088,0.0004,1,0,0,0,2026-08-19T06:19:35.549685+00:00,2026-08-19T06:19:59.635604+00:00
33,539,L.Paquetá,19,MID,60,3.3864,2.9495,0.82,0.0324,0.7652,0.0424,1,1,90,1,2026-08-19T06:19:35.549685+00:00,2026-08-19T06:19:59.635604+00:00
33,541,Scamacca,19,FWD,60,0,0,0.0,0.0,0.0,0,1,0,0,0,2026-08-19T06:19:35.549685+00:00,2026-08-19T06:19:59.635604+00:00
33,542,Souček,19,MID,49,3.0616,2.7023,0.82,0.0324,0.7652,0.0244,1,1,21,0,2026-08-19T06:19:35.549685+00:00,2026-08-19T06:19:59.635604+00:00
33,543,Vlašić,19,MID,45,0,0,0.0,0.0,0.0,0,1,0,0,0,2026-08-19T06:19:35.549685+00:00,2026-08-19T06:19:59.635604+00:00
33,544,Zouma,19,DEF,45,0.9436,1.8843,0.22,0.1404,0.2158,0.004,1,1,30,0,2026-08-19T06:19:35.549685+00:00,2026-08-19T06:19:59.635604+00:00
33,577,Ogbonna,19,DEF,42,0.8136,1.5499,0.22,0.1716,0.2183,0.0012,1,0,0,0,2026-08-19T06:19:35.549685+00:00,2026-08-19T06:19:59.635604+00:00
33,642,Álvarez,19,MID,50,2.0944,1.6926,0.82,0.0324,0.7652,0.0036,1,2,90,1,2026-08-19T06:19:35.549685+00:00,2026-08-19T06:19:59.635604+00:00
33,647,Anang,19,GKP,40,0.1892,0.8343,0.04,0.0384,0.0403,0.0,1,0,0,0,2026-08-19T06:19:35.549685+00:00,2026-08-19T06:19:59.635604+00:00
33,664,Ward-Prowse,19,MID,58,3.8036,3.0895,0.82,0.0324,0.7652,0.0556,1,2,68,1,2026-08-19T06:19:35.549685+00:00,2026-08-19T06:19:59.635604+00:00
33,676,Mavropanos,19,DEF,45,0.9108,1.7851,0.22,0.1716,0.2183,0.0028,1,1,59,1,2026-08-19T06:19:35.549685+00:00,2026-08-19T06:19:59.635604+00:00
33,689,Kudus,19,MID,68,2.8156,2.7176,0.68,0.0576,0.637,0.0252,1,2,90,1,2026-08-19T06:19:35.549685+00:00,2026-08-19T06:19:59.635604+00:00
33,773,Orford,19,MID,45,0.498,1.0052,0.1,0.198,0.1088,0.0,1,0,0,0,2026-08-19T06:19:35.549685+00:00,2026-08-19T06:19:59.635604+00:00
33,774,Casey,19,DEF,40,0.542,1.2785,0.1,0.198,0.1088,0.0,1,0,0,0,2026-08-19T06:19:35.549685+00:00,2026-08-19T06:19:59.635604+00:00
33,784,Scarles,19,DEF,40,0.496,1.1964,0.1,0.198,0.1088,0.0012,1,0,0,0,2026-08-19T06:19:35.549685+00:00,2026-08-19T06:19:59.635604+00:00
33,785,Marshall,19,FWD,45,0,0,0.0,0.0,0.0,0,1,0,0,0,2026-08-19T06:19:35.549685+00:00,2026-08-19T06:19:59.635604+00:00
33,829,Earthy,19,MID,45,0.4892,1.0071,0.1,0.198,0.1088,0.0004,1,1,9,0,2026-08-19T06:19:35.549685+00:00,2026-08-19T06:19:59.635604+00:00
33,351,Doyle,20,MID,44,1.28,1.4162,0.48,0.1144,0.4556,0.0008,1,2,90,1,2026-08-19T06:19:35.549685+00:00,2026-08-19T06:19:59.635604+00:00
33,545,Aït-Nouri,20,DEF,48,2.8504,2.8729,0.82,0.0324,0.7652,0.0304,1,0,0,0,2026-08-19T06:19:35.549685+00:00,2026-08-19T06:19:59.635604+00:00
33,546,Bentley,20,GKP,39,0.18,0.7439,0.04,0.0384,0.0403,0.0,1,0,0,0,2026-08-19T06:19:35.549685+00:00,2026-08-19T06:19:59.635604+00:00
33,547,Bolla,20,DEF,40,0,0,0.0,0.0,0.0,0,1,0,0,0,2026-08-19T06:19:35.549685+00:00,2026-08-19T06:19:59.635604+00:00
33,548,H.Bueno,20,DEF,44,0.7448,1.508,0.22,0.1716,0.2183,0.0016,1,1,31,0,2026-08-19T06:19:35.549685+00:00,2026-08-19T06:19:59.635604+00:00
33,549,Chiquinho,20,MID,45,0,0,0.0,0.0,0.0,0,1,0,0,0,2026-08-19T06:19:35.549685+00:00,2026-08-19T06:19:59.635604+00:00
33,550,Cundle,20,MID,45,0,0,0.0,0.0,0.0,0,1,0,0,0,2026-08-19T06:19:35.549685+00:00,2026-08-19T06:19:59.635604+00:00
33,551,Dawson,20,DEF,45,0,0,0.0,0.0,0.0,0,1,0,0,0,2026-08-19T06:19:35.549685+00:00,2026-08-19T06:19:59.635604+00:00
33,552,Fábio Silva,20,FWD,52,0,0,0.0,0.0,0.0,0,1,0,0,0,2026-08-19T06:19:35.549685+00:00,2026-08-19T06:19:59.635604+00:00
33,554,Guedes,20,MID,54,0,0,0.0,0.0,0.0,0,1,0,0,0,2026-08-19T06:19:35.549685+00:00,2026-08-19T06:19:59.635604+00:00
33,555,Hodge,20,MID,44,0,0,0.0,0.0,0.0,0,1,0,0,0,2026-08-19T06:19:35.549685+00:00,2026-08-19T06:19:59.635604+00:00
33,556,Hoever,20,DEF,40,0,0,0.0,0.0,0.0,0,1,0,0,0,2026-08-19T06:19:35.549685+00:00,2026-08-19T06:19:59.635604+00:00
33,557,Hee Chan,20,MID,54,3.044,3.0777,0.68,0.0576,0.637,0.0384,1,1,31,0,2026-08-19T06:19:35.549685+00:00,2026-08-19T06:19:59.635604+00:00
33,559,João Gomes,20,MID,49,2.072,1.7205,0.82,0.0324,0.7652,0.0048,1,0,58,1,2026-08-19T06:19:35.549685+00:00,2026-08-19T06:19:59.635604+00:00
33,560,J.Otto,20,DEF,43,0,0,0.0,0.0,0.0,0,1,0,0,0,2026-08-19T06:19:35.549685+00:00,2026-08-19T06:19:59.635604+00:00
33,561,Jordão,20,MID,43,0.434,0.9581,0.1,0.198,0.1088,0.0004,1,0,0,0,2026-08-19T06:19:35.549685+00:00,2026-08-19T06:19:59.635604+00:00
33,562,Kalajdžić,20,FWD,49,0,0,0.0,0.0,0.0,0,1,0,0,0,2026-08-19T06:19:35.549685+00:00,2026-08-19T06:19:59.635604+00:00
33,563,Kilman,20,DEF,45,0.7372,1.5219,0.22,0.1404,0.2158,0.0012,1,1,90,1,2026-08-19T06:19:35.549685+00:00,2026-08-19T06:19:59.635604+00:00
33,564,King,20,GKP,39,0.1652,0.7325,0.04,0.0384,0.0403,0.0,1,0,0,0,2026-08-19T06:19:35.549685+00:00,2026-08-19T06:19:59.635604+00:00
33,565,Mario Jr.,20,MID,49,2.5512,2.1272,0.82,0.0324,0.7652,0.0116,1,1,90,1,2026-08-19T06:19:35.549685+00:00,2026-08-19T06:19:59.635604+00:00
33,567,Neto,20,MID,55,2.6864,2.6316,0.68,0.0576,0.637,0.0224,1,0,0,0,2026-08-19T06:19:35.549685+00:00,2026-08-19T06:19:59.635604+00:00
33,568,Podence,20,MID,53,0,0,0.0,0.0,0.0,0,1,0,0,0,2026-08-19T06:19:35.549685+00:00,2026-08-19T06:19:59.635604+00:00
33,569,José Sá,20,GKP,50,2.9788,2.0906,0.9,0.008,0.8376,0.0,1,8,90,1,2026-08-19T06:19:35.549685+00:00,2026-08-19T06:19:59.635604+00:00
33,570,Sarabia,20,MID,47,1.5616,2.5559,0.34,0.1188,0.3257,0.0184,1,2,87,1,2026-08-19T06:19:35.549685+00:00,2026-08-19T06:19:59.635604+00:00
33,571,Šarkić,20,GKP,40,0,0,0.0,0.0,0.0,0,1,0,0,0,2026-08-19T06:19:35.549685+00:00,2026-08-19T06:19:59.635604+00:00
33,572,N.Semedo,20,DEF,45,0,0,0.0,0.0,0.0,0,1,1,87,1,2026-08-19T06:19:35.549685+00:00,2026-08-19T06:19:59.635604+00:00
33,573,Toti,20,DEF,44,0.8156,1.6296,0.22,0.1404,0.2158,0.0016,1,4,90,1,2026-08-19T06:19:35.549685+00:00,2026-08-19T06:19:59.635604+00:00
33,574,Boubacar Traore,20,MID,43,0.8768,1.2512,0.28,0.1584,0.2731,0.0004,1,1,14,0,2026-08-19T06:19:35.549685+00:00,2026-08-19T06:19:59.635604+00:00
33,590,Cunha,20,FWD,55,3.166,2.6446,0.82,0.0324,0.7652,0.0356,1,12,75,1,2026-08-19T06:19:35.549685+00:00,2026-08-19T06:19:59.635604+00:00
33,598,Doherty,20,DEF,43,0.8352,1.6088,0.22,0.1716,0.2183,0.002,1,0,58,1,2026-08-19T06:19:35.549685+00:00,2026-08-19T06:19:59.635604+00:00
33,697,S.Bueno,20,DEF,45,0.6744,1.331,0.22,0.1716,0.2183,0.0008,1,1,90,1,2026-08-19T06:19:35.549685+00:00,2026-08-19T06:19:59.635604+00:00
33,698,González,20,MID,50,0.6736,1.2386,0.18,0.1804,0.1818,0.0012,1,0,0,0,2026-08-19T06:19:35.549685+00:00,2026-08-19T06:19:59.635604+00:00
33,704,Fraser,20,FWD,45,0.45,0.9107,0.1,0.198,0.1088,0.0004,1,1,2,0,2026-08-19T06:19:35.549685+00:00,2026-08-19T06:19:59.635604+00:00
33,715,Bellegarde,20,MID,49,1.5324,1.7715,0.48,0.1144,0.4556,0.0028,1,0,0,0,2026-08-19T06:19:35.549685+00:00,2026-08-19T06:19:59.635604+00:00
33,749,Whittingham,20,MID,45,0.4488,0.9032,0.1,0.198,0.1088,0.0,1,0,0,0,2026-08-19T06:19:35.549685+00:00,2026-08-19T06:19:59.635604+00:00
33,750,Chirewa,20,MID,44,0.4776,0.9088,0.1,0.198,0.1088,0.0,1,1,2,0,2026-08-19T06:19:35.549685+00:00,2026-08-19T06:19:59.635604+00:00
33,751,Hubner,20,DEF,40,0.4924,1.1243,0.1,0.198,0.1088,0.0,1,0,0,0,2026-08-19T06:19:35.549685+00:00,2026-08-19T06:19:59.635604+00:00
33,769,Hesketh,20,MID,45,0,0,0.0,0.0,0.0,0,1,0,0,0,2026-08-19T06:19:35.549685+00:00,2026-08-19T06:19:59.635604+00:00
33,770,Barnett,20,MID,45,0.4752,0.9339,0.1,0.198,0.1088,0.0,1,0,0,0,2026-08-19T06:19:35.549685+00:00,2026-08-19T06:19:59.635604+00:00
33,787,Griffiths,20,MID,45,0.4468,0.9593,0.1,0.198,0.1088,0.0012,1,0,0,0,2026-08-19T06:19:35.549685+00:00,2026-08-19T06:19:59.635604+00:00
33,788,Mosquera,20,DEF,40,0,0,0.0,0.0,0.0,0,1,0,0,0,2026-08-19T06:19:35.549685+00:00,2026-08-19T06:19:59.635604+00:00
33,800,N.Lemina,20,MID,50,0.718,1.3306,0.18,0.1804,0.1818,0.0004,1,0,0,0,2026-08-19T06:19:35.549685+00:00,2026-08-19T06:19:59.635604+00:00
33,832,Okoduwa,20,DEF,40,0.472,1.1136,0.1,0.198,0.1088,0.0,1,0,0,0,2026-08-19T06:19:35.549685+00:00,2026-08-19T06:19:59.635604+00:00
33,836,Chiwome,20,FWD,45,0,0,0.0,0.0,0.0,0,1,0,0,0,2026-08-19T06:19:35.549685+00:00,2026-08-19T06:19:59.635604+00:00
33,840,Holman,20,FWD,45,0.4256,0.8504,0.1,0.198,0.1088,0.0,1,0,0,0,2026-08-19T06:19:35.549685+00:00,2026-08-19T06:19:59.635604+00:00
33,853,Ojinnaka,20,MID,45,0.4576,0.9477,0.1,0.198,0.1088,0.0,1,,,,2026-08-19T06:19:35.549685+00:00,
