gw,player_id,web_name,team_id,position,now_cost,mu,sigma,p_start,p_sub,p_60,p_10_plus,n_fixtures,actual_points,actual_minutes,did_start,captured_at,scored_at
35,1,Balogun,1,FWD,44,0,0,0.0,0.0,0.0,0,1,0,0,0,2026-08-19T06:19:39.194671+00:00,2026-08-19T06:19:59.705902+00:00
35,2,Cédric,1,DEF,38,0.4572,1.081,0.1,0.198,0.1088,0.0,1,0,0,0,2026-08-19T06:19:39.194671+00:00,2026-08-19T06:19:59.705902+00:00
35,3,M.Elneny,1,MID,44,0.4396,0.8788,0.1,0.198,0.1088,0.0,1,0,0,0,2026-08-19T06:19:39.194671+00:00,2026-08-19T06:19:59.705902+00:00
35,4,Fábio Vieira,1,MID,54,0.7216,1.4012,0.18,0.1804,0.1818,0.0024,1,0,0,0,2026-08-19T06:19:39.194671+00:00,2026-08-19T06:19:59.705902+00:00
35,5,Gabriel,1,DEF,54,3.072,2.8453,0.9,0.018,0.8384,0.0292,1,1,90,1,2026-08-19T06:19:39.194671+00:00,2026-08-19T06:19:59.705902+00:00
35,6,Havertz,1,MID,74,3.706,3.3348,0.82,0.0324,0.7652,0.0516,1,13,90,1,2026-08-19T06:19:39.194671+00:00,2026-08-19T06:19:59.705902+00:00
35,8,G.Jesus,1,FWD,77,2.7868,2.8446,0.68,0.0896,0.6396,0.0308,1,0,0,0,2026-08-19T06:19:39.194671+00:00,2026-08-19T06:19:59.705902+00:00
35,9,Jorginho,1,MID,53,1.4784,1.6791,0.48,0.1144,0.4556,0.0012,1,0,0,0,2026-08-19T06:19:39.194671+00:00,2026-08-19T06:19:59.705902+00:00
35,10,Kiwior,1,DEF,43,0.8088,1.5444,0.22,0.1716,0.2183,0.002,1,1,1,0,2026-08-19T06:19:39.194671+00:00,2026-08-19T06:19:59.705902+00:00
35,11,Marquinhos,1,MID,45,0,0,0.0,0.0,0.0,0,1,0,0,0,2026-08-19T06:19:39.194671+00:00,2026-08-19T06:19:59.705902+00:00
35,12,Martinelli,1,MID,76,3.0664,3.0839,0.68,0.0576,0.637,0.0396,1,1,27,0,2026-08-19T06:19:39.194671+00:00,2026-08-19T06:19:59.705902+00:00
35,13,Nketiah,1,FWD,50,1.676,2.1656,0.48,0.1144,0.4556,0.0088,1,0,0,0,2026-08-19T06:19:39.194671+00:00,2026-08-19T06:19:59.705902+00:00
35,14,Ødegaard,1,MID,86,4.28,2.9676,0.9,0.018,0.8384,0.0636,1,2,88,1,2026-08-19T06:19:39.194671+00:00,2026-08-19T06:19:59.705902+00:00
35,15,Thomas,1,MID,48,0.8936,1.3272,0.28,0.1584,0.2731,0.0008,1,1,90,1,2026-08-19T06:19:39.194671+00:00,2026-08-19T06:19:59.705902+00:00
35,16,Pepe,1,MID,49,0,0,0.0,0.0,0.0,0,1,0,0,0,2026-08-19T06:19:39.194671+00:00,2026-08-19T06:19:59.705902+00:00
35,17,Ramsdale,1,GKP,45,0.1368,0.6436,0.04,0.0384,0.0403,0.0,1,0,0,0,2026-08-19T06:19:39.194671+00:00,2026-08-19T06:19:59.705902+00:00
35,18,Rúnarsson,1,GKP,40,0,0,0.0,0.0,0.0,0,1,0,0,0,2026-08-19T06:19:39.194671+00:00,2026-08-19T06:19:59.705902+00:00
35,19,Saka,1,MID,90,2.9364,3.9151,0.45,0.099,0.4264,0.0752,1,12,90,1,2026-08-19T06:19:39.194671+00:00,2026-08-19T06:19:59.705902+00:00
35,20,Saliba,1,DEF,59,2.6348,2.3066,0.9,0.018,0.8384,0.012,1,1,90,1,2026-08-19T06:19:39.194671+00:00,2026-08-19T06:19:59.705902+00:00
35,22,Smith Rowe,1,MID,53,1.0052,1.6009,0.28,0.1584,0.2731,0.0024,1,0,0,0,2026-08-19T06:19:39.194671+00:00,2026-08-19T06:19:59.705902+00:00
35,24,Tierney,1,DEF,44,0,0,0.0,0.0,0.0,0,1,0,0,0,2026-08-19T06:19:39.194671+00:00,2026-08-19T06:19:59.705902+00:00
35,25,Tomiyasu,1,DEF,45,0.8836,1.7452,0.22,0.1716,0.2183,0.0032,1,1,90,1,2026-08-19T06:19:39.194671+00:00,2026-08-19T06:19:59.705902+00:00
35,26,Trossard,1,MID,65,2.5268,3.163,0.48,0.1456,0.458,0.038,1,3,62,1,2026-08-19T06:19:39.194671+00:00,2026-08-19T06:19:59.705902+00:00
35,29,White,1,DEF,60,2.6344,2.507,0.82,0.0324,0.7652,0.0152,1,1,90,1,2026-08-19T06:19:39.194671+00:00,2026-08-19T06:19:59.705902+00:00
35,30,Xhaka,1,MID,60,0,0,0.0,0.0,0.0,0,1,0,0,0,2026-08-19T06:19:39.194671+00:00,2026-08-19T06:19:59.705902+00:00
35,31,Zinchenko,1,DEF,50,2.5588,2.6154,0.68,0.0576,0.637,0.0144,1,0,0,0,2026-08-19T06:19:39.194671+00:00,2026-08-19T06:19:59.705902+00:00
35,113,Raya,1,GKP,52,2.5448,2.0225,0.9,0.008,0.8376,0.0,1,1,90,1,2026-08-19T06:19:39.194671+00:00,2026-08-19T06:19:59.705902+00:00
35,540,Rice,1,MID,55,3.0028,2.0017,0.9,0.018,0.8384,0.01,1,6,90,1,2026-08-19T06:19:39.194671+00:00,2026-08-19T06:19:59.705902+00:00
35,578,Nelson,1,MID,48,0.648,1.2039,0.18,0.1804,0.1818,0.0012,1,0,0,0,2026-08-19T06:19:39.194671+00:00,2026-08-19T06:19:59.705902+00:00
35,585,J.Timber,1,DEF,46,0.6692,1.4056,0.18,0.1804,0.1818,0.002,1,0,0,0,2026-08-19T06:19:39.194671+00:00,2026-08-19T06:19:59.705902+00:00
35,646,Hein,1,GKP,40,0.1552,0.7284,0.04,0.0384,0.0403,0.0,1,0,0,0,2026-08-19T06:19:39.194671+00:00,2026-08-19T06:19:59.705902+00:00
35,735,Sagoe,1,MID,45,0,0,0.0,0.0,0.0,0,1,0,0,0,2026-08-19T06:19:39.194671+00:00,2026-08-19T06:19:59.705902+00:00
35,736,Walters,1,DEF,40,0.4892,1.1447,0.1,0.198,0.1088,0.0008,1,0,0,0,2026-08-19T06:19:39.194671+00:00,2026-08-19T06:19:59.705902+00:00
35,737,Ibrahim,1,MID,45,0,0,0.0,0.0,0.0,0,1,0,0,0,2026-08-19T06:19:39.194671+00:00,2026-08-19T06:19:59.705902+00:00
35,764,Lewis-Skelly,1,MID,45,0.462,0.9415,0.1,0.198,0.1088,0.0,1,0,0,0,2026-08-19T06:19:39.194671+00:00,2026-08-19T06:19:59.705902+00:00
35,772,Nwaneri,1,MID,45,0.4816,0.9759,0.1,0.198,0.1088,0.0,1,0,0,0,2026-08-19T06:19:39.194671+00:00,2026-08-19T06:19:59.705902+00:00
35,815,Bandeira,1,MID,45,0.4652,0.9167,0.1,0.198,0.1088,0.0004,1,0,0,0,2026-08-19T06:19:39.194671+00:00,2026-08-19T06:19:59.705902+00:00
35,817,Sweet,1,DEF,40,0.456,1.0873,0.1,0.198,0.1088,0.0004,1,0,0,0,2026-08-19T06:19:39.194671+00:00,2026-08-19T06:19:59.705902+00:00
35,32,Alex Moreno,2,DEF,49,1.1076,2.1619,0.24,0.1672,0.2366,0.0096,1,0,0,0,2026-08-19T06:19:39.194671+00:00,2026-08-19T06:19:59.705902+00:00
35,34,Bailey,2,MID,55,3.8808,3.793,0.68,0.0576,0.637,0.0888,1,1,74,1,2026-08-19T06:19:39.194671+00:00,2026-08-19T06:19:59.705902+00:00
35,35,Buendia,2,MID,57,0,0,0.0,0.0,0.0,0,1,0,0,0,2026-08-19T06:19:39.194671+00:00,2026-08-19T06:19:59.705902+00:00
35,36,Cash,2,DEF,45,0,0,0.0,0.0,0.0,0,1,4,90,1,2026-08-19T06:19:39.194671+00:00,2026-08-19T06:19:59.705902+00:00
35,37,Chambers,2,DEF,38,0.5208,1.2582,0.1,0.198,0.1088,0.0016,1,0,0,0,2026-08-19T06:19:39.194671+00:00,2026-08-19T06:19:59.705902+00:00
35,38,Coutinho,2,MID,58,0,0,0.0,0.0,0.0,0,1,0,0,0,2026-08-19T06:19:39.194671+00:00,2026-08-19T06:19:59.705902+00:00
35,39,Davis,2,FWD,49,0,0,0.0,0.0,0.0,0,1,0,0,0,2026-08-19T06:19:39.194671+00:00,2026-08-19T06:19:59.705902+00:00
35,40,Dendoncker,2,MID,49,0,0,0.0,0.0,0.0,0,1,0,0,0,2026-08-19T06:19:39.194671+00:00,2026-08-19T06:19:59.705902+00:00
35,41,Diego Carlos,2,DEF,44,0.8812,1.7173,0.22,0.1404,0.2158,0.0016,1,1,15,0,2026-08-19T06:19:39.194671+00:00,2026-08-19T06:19:59.705902+00:00
35,42,Digne,2,DEF,46,2.966,2.6556,0.82,0.0324,0.7652,0.0148,1,1,90,1,2026-08-19T06:19:39.194671+00:00,2026-08-19T06:19:59.705902+00:00
35,43,Douglas Luiz,2,MID,54,3.7824,3.1107,0.82,0.0324,0.7652,0.0528,1,1,74,1,2026-08-19T06:19:39.194671+00:00,2026-08-19T06:19:59.705902+00:00
35,44,Duran,2,FWD,50,1.0144,1.6609,0.28,0.1584,0.2731,0.0032,1,1,7,0,2026-08-19T06:19:39.194671+00:00,2026-08-19T06:19:59.705902+00:00
35,45,Hause,2,DEF,39,0.508,1.2423,0.1,0.198,0.1088,0.0004,1,0,0,0,2026-08-19T06:19:39.194671+00:00,2026-08-19T06:19:59.705902+00:00
35,46,Iroegbunam,2,MID,44,0.5024,1.0194,0.1,0.198,0.1088,0.0004,1,1,15,0,2026-08-19T06:19:39.194671+00:00,2026-08-19T06:19:59.705902+00:00
35,47,Kamara,2,MID,50,0,0,0.0,0.0,0.0,0,1,0,0,0,2026-08-19T06:19:39.194671+00:00,2026-08-19T06:19:59.705902+00:00
35,48,Konsa,2,DEF,45,0.936,1.9189,0.22,0.1404,0.2158,0.0044,1,1,90,1,2026-08-19T06:19:39.194671+00:00,2026-08-19T06:19:59.705902+00:00
35,49,Martinez,2,GKP,53,3.5804,2.3752,0.9,0.008,0.8376,0.0012,1,1,45,1,2026-08-19T06:19:39.194671+00:00,2026-08-19T06:19:59.705902+00:00
35,50,McGinn,2,MID,53,3.1952,2.7378,0.82,0.0324,0.7652,0.0292,1,5,90,1,2026-08-19T06:19:39.194671+00:00,2026-08-19T06:19:59.705902+00:00
35,51,Mings,2,DEF,41,0,0,0.0,0.0,0.0,0,1,0,0,0,2026-08-19T06:19:39.194671+00:00,2026-08-19T06:19:59.705902+00:00
35,53,Olsen,2,GKP,39,0.2,0.8761,0.04,0.0384,0.0403,0.0,1,0,45,1,2026-08-19T06:19:39.194671+00:00,2026-08-19T06:19:59.705902+00:00
35,54,Philogene,2,MID,45,0,0,0.0,0.0,0.0,0,1,0,0,0,2026-08-19T06:19:39.194671+00:00,2026-08-19T06:19:59.705902+00:00
35,55,J.Ramsey,2,MID,59,0,0,0.0,0.0,0.0,0,1,0,0,0,2026-08-19T06:19:39.194671+00:00,2026-08-19T06:19:59.705902+00:00
35,56,Sanson,2,MID,45,0,0,0.0,0.0,0.0,0,1,0,0,0,2026-08-19T06:19:39.194671+00:00,2026-08-19T06:19:59.705902+00:00
35,57,Sinisalo,2,GKP,40,0,0,0.0,0.0,0.0,0,1,0,0,0,2026-08-19T06:19:39.194671+00:00,2026-08-19T06:19:59.705902+00:00
35,58,Tielemans,2,MID,56,0,0,0.0,0.0,0.0,0,1,1,26,0,2026-08-19T06:19:39.194671+00:00,2026-08-19T06:19:59.705902+00:00
35,59,Bertrand Traoré,2,MID,50,0,0,0.0,0.0,0.0,0,1,0,0,0,2026-08-19T06:19:39.194671+00:00,2026-08-19T06:19:59.705902+00:00
35,60,Watkins,2,FWD,90,4.7324,3.3215,0.9,0.018,0.8384,0.0964,1,2,90,1,2026-08-19T06:19:39.194671+00:00,2026-08-19T06:19:59.705902+00:00
35,61,Wesley,2,FWD,50,0,0,0.0,0.0,0.0,0,1,0,0,0,2026-08-19T06:19:39.194671+00:00,2026-08-19T06:19:59.705902+00:00
35,584,Pau,2,DEF,46,2.8736,2.5213,0.82,0.0324,0.7652,0.0144,1,1,90,1,2026-08-19T06:19:39.194671+00:00,2026-08-19T06:19:59.705902+00:00
35,599,Diaby,2,MID,63,3.4572,3.3669,0.68,0.0576,0.637,0.0596,1,1,56,1,2026-08-19T06:19:39.194671+00:00,2026-08-19T06:19:59.705902+00:00
35,618,Kellyman,2,MID,45,0.4864,0.9772,0.1,0.198,0.1088,0.0,1,0,0,0,2026-08-19T06:19:39.194671+00:00,2026-08-19T06:19:59.705902+00:00
35,670,Marschall,2,GKP,40,0,0,0.0,0.0,0.0,0,1,0,0,0,2026-08-19T06:19:39.194671+00:00,2026-08-19T06:19:59.705902+00:00
35,672,Zaniolo,2,MID,54,0,0,0.0,0.0,0.0,0,1,0,0,0,2026-08-19T06:19:39.194671+00:00,2026-08-19T06:19:59.705902+00:00
35,686,Zych,2,GKP,40,0,0,0.0,0.0,0.0,0,1,0,0,0,2026-08-19T06:19:39.194671+00:00,2026-08-19T06:19:59.705902+00:00
35,699,Lenglet,2,DEF,45,0.9308,1.8621,0.22,0.1716,0.2183,0.0064,1,0,0,0,2026-08-19T06:19:39.194671+00:00,2026-08-19T06:19:59.705902+00:00
35,765,Proctor,2,GKP,40,0.1744,0.815,0.04,0.0384,0.0403,0.0,1,0,0,0,2026-08-19T06:19:39.194671+00:00,2026-08-19T06:19:59.705902+00:00
35,767,O'Reilly,2,MID,45,0,0,0.0,0.0,0.0,0,1,0,0,0,2026-08-19T06:19:39.194671+00:00,2026-08-19T06:19:59.705902+00:00
35,778,Wright,2,GKP,40,0.1972,0.8937,0.04,0.0384,0.0403,0.0,1,0,0,0,2026-08-19T06:19:39.194671+00:00,2026-08-19T06:19:59.705902+00:00
35,793,Kesler-Hayden,2,DEF,40,0.4964,1.2229,0.1,0.198,0.1088,0.0008,1,0,0,0,2026-08-19T06:19:39.194671+00:00,2026-08-19T06:19:59.705902+00:00
35,803,Rogers,2,MID,50,0,0,0.0,0.0,0.0,0,1,6,90,1,2026-08-19T06:19:39.194671+00:00,2026-08-19T06:19:59.705902+00:00
35,818,Gauci,2,GKP,39,0.1668,0.791,0.04,0.0384,0.0403,0.0,1,0,0,0,2026-08-19T06:19:39.194671+00:00,2026-08-19T06:19:59.705902+00:00
35,854,Munroe,2,DEF,40,0.4884,1.1893,0.1,0.198,0.1088,0.0004,1,0,0,0,2026-08-19T06:19:39.194671+00:00,2026-08-19T06:19:59.705902+00:00
35,865,Young,2,MID,45,0.474,0.9823,0.1,0.198,0.1088,0.0,1,,,,2026-08-19T06:19:39.194671+00:00,
35,866,Emery,2,GKP,40,0.1712,0.8177,0.04,0.0384,0.0403,0.0,1,,,,2026-08-19T06:19:39.194671+00:00,
35,62,Anthony,3,MID,49,0,0,0.0,0.0,0.0,0,1,0,0,0,2026-08-19T06:19:39.194671+00:00,2026-08-19T06:19:59.705902+00:00
35,63,Billing,3,MID,51,1.856,2.3122,0.48,0.1144,0.4556,0.0096,1,0,0,0,2026-08-19T06:19:39.194671+00:00,2026-08-19T06:19:59.705902+00:00
35,64,Brooks,3,MID,47,0,0,0.0,0.0,0.0,0,1,0,0,0,2026-08-19T06:19:39.194671+00:00,2026-08-19T06:19:59.705902+00:00
35,65,Christie,3,MID,50,3.114,2.2184,0.9,0.018,0.8384,0.0176,1,4,23,0,2026-08-19T06:19:39.194671+00:00,2026-08-19T06:19:59.705902+00:00
35,66,L.Cook,3,MID,50,2.262,1.5809,0.82,0.0324,0.7652,0.0008,1,3,90,1,2026-08-19T06:19:39.194671+00:00,2026-08-19T06:19:59.705902+00:00
35,67,Siriki,3,MID,45,0,0,0.0,0.0,0.0,0,1,0,0,0,2026-08-19T06:19:39.194671+00:00,2026-08-19T06:19:59.705902+00:00
35,68,Fredericks,3,DEF,43,0,0,0.0,0.0,0.0,0,1,0,0,0,2026-08-19T06:19:39.194671+00:00,2026-08-19T06:19:59.705902+00:00
35,69,Hill,3,DEF,40,0.504,1.2143,0.1,0.198,0.1088,0.0004,1,1,1,0,2026-08-19T06:19:39.194671+00:00,2026-08-19T06:19:59.705902+00:00
35,70,Kelly,3,DEF,45,0.9452,1.7847,0.22,0.1716,0.2183,0.0032,1,6,90,1,2026-08-19T06:19:39.194671+00:00,2026-08-19T06:19:59.705902+00:00
35,71,Kilkenny,3,MID,43,0,0,0.0,0.0,0.0,0,1,0,0,0,2026-08-19T06:19:39.194671+00:00,2026-08-19T06:19:59.705902+00:00
35,72,Kluivert,3,MID,46,2.7784,2.9006,0.68,0.0576,0.637,0.032,1,7,90,1,2026-08-19T06:19:39.194671+00:00,2026-08-19T06:19:59.705902+00:00
35,73,Lowe,3,MID,49,0,0,0.0,0.0,0.0,0,1,0,0,0,2026-08-19T06:19:39.194671+00:00,2026-08-19T06:19:59.705902+00:00
35,74,Marcondes,3,MID,43,0,0,0.0,0.0,0.0,0,1,0,0,0,2026-08-19T06:19:39.194671+00:00,2026-08-19T06:19:59.705902+00:00
35,75,Mepham,3,DEF,43,0.4924,1.204,0.11,0.1958,0.118,0.0008,1,0,0,0,2026-08-19T06:19:39.194671+00:00,2026-08-19T06:19:59.705902+00:00
35,76,Moore,3,FWD,46,0,0,0.0,0.0,0.0,0,1,0,0,0,2026-08-19T06:19:39.194671+00:00,2026-08-19T06:19:59.705902+00:00
35,77,Neto,3,GKP,47,3.7088,2.4168,0.9,0.008,0.8376,0.0048,1,0,0,0,2026-08-19T06:19:39.194671+00:00,2026-08-19T06:19:59.705902+00:00
35,78,O.Dango,3,MID,47,1.7232,2.2646,0.48,0.1144,0.4556,0.01,1,6,90,1,2026-08-19T06:19:39.194671+00:00,2026-08-19T06:19:59.705902+00:00
35,79,Pearson,3,MID,45,0,0,0.0,0.0,0.0,0,1,0,0,0,2026-08-19T06:19:39.194671+00:00,2026-08-19T06:19:59.705902+00:00
35,80,Randolph,3,GKP,39,0.1824,0.8054,0.04,0.0384,0.0403,0.0,1,0,0,0,2026-08-19T06:19:39.194671+00:00,2026-08-19T06:19:59.705902+00:00
35,81,Rothwell,3,MID,48,0,0,0.0,0.0,0.0,0,1,0,0,0,2026-08-19T06:19:39.194671+00:00,2026-08-19T06:19:59.705902+00:00
35,82,Semenyo,3,FWD,45,2.5128,2.3858,0.68,0.0576,0.637,0.014,1,2,90,1,2026-08-19T06:19:39.194671+00:00,2026-08-19T06:19:59.705902+00:00
35,83,Senesi,3,DEF,44,0.9484,1.9436,0.22,0.1404,0.2158,0.0048,1,13,90,1,2026-08-19T06:19:39.194671+00:00,2026-08-19T06:19:59.705902+00:00
35,84,Smith,3,DEF,44,0.8092,1.619,0.22,0.1404,0.2158,0.0,1,7,90,1,2026-08-19T06:19:39.194671+00:00,2026-08-19T06:19:59.705902+00:00
35,85,Solanke,3,FWD,73,4.5972,3.3725,0.9,0.018,0.8384,0.1084,1,2,90,1,2026-08-19T06:19:39.194671+00:00,2026-08-19T06:19:59.705902+00:00
35,86,Tavernier,3,MID,50,3.33,2.8224,0.82,0.0324,0.7652,0.0372,1,0,0,0,2026-08-19T06:19:39.194671+00:00,2026-08-19T06:19:59.705902+00:00
35,87,Hamed Traorè,3,MID,47,0,0,0.0,0.0,0.0,0,1,0,0,0,2026-08-19T06:19:39.194671+00:00,2026-08-19T06:19:59.705902+00:00
35,88,Travers,3,GKP,40,0.1716,0.8333,0.04,0.0384,0.0403,0.0008,1,6,90,1,2026-08-19T06:19:39.194671+00:00,2026-08-19T06:19:59.705902+00:00
35,89,Zabarnyi,3,DEF,45,0.9136,1.8072,0.22,0.1404,0.2158,0.0028,1,0,0,0,2026-08-19T06:19:39.194671+00:00,2026-08-19T06:19:59.705902+00:00
35,595,Kerkez,3,DEF,44,0.902,1.8302,0.22,0.1404,0.2158,0.0056,1,0,0,0,2026-08-19T06:19:39.194671+00:00,2026-08-19T06:19:59.705902+00:00
35,607,Radu,3,GKP,43,0.172,0.7891,0.04,0.0384,0.0403,0.0,1,0,0,0,2026-08-19T06:19:39.194671+00:00,2026-08-19T06:19:59.705902+00:00
35,619,Greenwood,3,DEF,40,0,0,0.0,0.0,0.0,0,1,0,0,0,2026-08-19T06:19:39.194671+00:00,2026-08-19T06:19:59.705902+00:00
35,643,Aarons,3,DEF,44,0.8796,1.6368,0.22,0.1716,0.2183,0.0008,1,1,13,0,2026-08-19T06:19:39.194671+00:00,2026-08-19T06:19:59.705902+00:00
35,644,Scott,3,MID,49,1.5424,1.8225,0.48,0.1144,0.4556,0.0016,1,3,76,1,2026-08-19T06:19:39.194671+00:00,2026-08-19T06:19:59.705902+00:00
35,673,Adams,3,MID,49,0.674,1.2609,0.18,0.1804,0.1818,0.0008,1,0,0,0,2026-08-19T06:19:39.194671+00:00,2026-08-19T06:19:59.705902+00:00
35,705,Sinisterra,3,MID,55,0,0,0.0,0.0,0.0,0,1,0,0,0,2026-08-19T06:19:39.194671+00:00,2026-08-19T06:19:59.705902+00:00
35,799,Faivre,3,MID,50,0.7324,1.3517,0.18,0.1804,0.1818,0.0012,1,0,0,0,2026-08-19T06:19:39.194671+00:00,2026-08-19T06:19:59.705902+00:00
35,802,Kinsey,3,DEF,40,0.5512,1.3218,0.1,0.198,0.1088,0.0012,1,0,0,0,2026-08-19T06:19:39.194671+00:00,2026-08-19T06:19:59.705902+00:00
35,804,Enes Ünal,3,FWD,50,0.7464,1.4499,0.18,0.1804,0.1818,0.0024,1,12,66,1,2026-08-19T06:19:39.194671+00:00,2026-08-19T06:19:59.705902+00:00
35,811,Sadi,3,MID,45,0.4696,0.9333,0.1,0.198,0.1088,0.0004,1,1,1,0,2026-08-19T06:19:39.194671+00:00,2026-08-19T06:19:59.705902+00:00
35,849,Dacosta Gonzalez,3,MID,45,0.4992,1.0155,0.1,0.198,0.1088,0.0,1,0,0,0,2026-08-19T06:19:39.194671+00:00,2026-08-19T06:19:59.705902+00:00
35,855,McKenna,3,GKP,40,0.1708,0.7967,0.04,0.0384,0.0403,0.0004,1,0,0,0,2026-08-19T06:19:39.194671+00:00,2026-08-19T06:19:59.705902+00:00
35,90,Ajer,4,DEF,44,0.842,1.8011,0.22,0.1404,0.2158,0.0052,1,2,83,1,2026-08-19T06:19:39.194671+00:00,2026-08-19T06:19:59.705902+00:00
35,91,Balcombe,4,GKP,39,0.1744,0.7921,0.04,0.0384,0.0403,0.0,1,0,0,0,2026-08-19T06:19:39.194671+00:00,2026-08-19T06:19:59.705902+00:00
35,92,Baptiste,4,MID,43,0.4644,0.9795,0.1,0.198,0.1088,0.0004,1,0,0,0,2026-08-19T06:19:39.194671+00:00,2026-08-19T06:19:59.705902+00:00
35,93,Bech,4,DEF,40,0,0,0.0,0.0,0.0,0,1,0,0,0,2026-08-19T06:19:39.194671+00:00,2026-08-19T06:19:59.705902+00:00
35,94,Bidstrup,4,MID,45,0,0,0.0,0.0,0.0,0,1,0,0,0,2026-08-19T06:19:39.194671+00:00,2026-08-19T06:19:59.705902+00:00
35,95,Canós,4,MID,50,0,0,0.0,0.0,0.0,0,1,0,0,0,2026-08-19T06:19:39.194671+00:00,2026-08-19T06:19:59.705902+00:00
35,96,Collins,4,DEF,45,0.4744,1.3077,0.11,0.1602,0.1151,0.002,1,2,90,1,2026-08-19T06:19:39.194671+00:00,2026-08-19T06:19:59.705902+00:00
35,97,Cox,4,GKP,40,0,0,0.0,0.0,0.0,0,1,0,0,0,2026-08-19T06:19:39.194671+00:00,2026-08-19T06:19:59.705902+00:00
35,98,Damsgaard,4,MID,48,0.8812,1.3833,0.28,0.1584,0.2731,0.0012,1,1,23,0,2026-08-19T06:19:39.194671+00:00,2026-08-19T06:19:59.705902+00:00
35,99,Dasilva,4,MID,47,0,0,0.0,0.0,0.0,0,1,0,0,0,2026-08-19T06:19:39.194671+00:00,2026-08-19T06:19:59.705902+00:00
35,100,Dervişoğlu,4,FWD,45,0,0,0.0,0.0,0.0,0,1,0,0,0,2026-08-19T06:19:39.194671+00:00,2026-08-19T06:19:59.705902+00:00
35,101,Flekken,4,GKP,47,3.0372,2.1511,0.9,0.008,0.8376,0.0024,1,2,90,1,2026-08-19T06:19:39.194671+00:00,2026-08-19T06:19:59.705902+00:00
35,102,Goode,4,DEF,39,0,0,0.0,0.0,0.0,0,1,0,0,0,2026-08-19T06:19:39.194671+00:00,2026-08-19T06:19:59.705902+00:00
35,103,Henry,4,DEF,43,0,0,0.0,0.0,0.0,0,1,0,0,0,2026-08-19T06:19:39.194671+00:00,2026-08-19T06:19:59.705902+00:00
35,104,Hickey,4,DEF,43,0,0,0.0,0.0,0.0,0,1,0,0,0,2026-08-19T06:19:39.194671+00:00,2026-08-19T06:19:59.705902+00:00
35,105,Janelt,4,MID,53,2.3092,1.5572,0.9,0.018,0.8384,0.0016,1,2,66,1,2026-08-19T06:19:39.194671+00:00,2026-08-19T06:19:59.705902+00:00
35,106,Jensen,4,MID,53,2.7068,1.9337,0.82,0.0324,0.7652,0.0076,1,2,90,1,2026-08-19T06:19:39.194671+00:00,2026-08-19T06:19:59.705902+00:00
35,107,Lewis-Potter,4,MID,47,2.0012,2.6115,0.48,0.1144,0.4556,0.0176,1,1,22,0,2026-08-19T06:19:39.194671+00:00,2026-08-19T06:19:59.705902+00:00
35,108,Mbeumo,4,MID,68,3.7236,3.8325,0.68,0.0576,0.637,0.0856,1,1,90,1,2026-08-19T06:19:39.194671+00:00,2026-08-19T06:19:59.705902+00:00
35,109,Mee,4,DEF,48,0,0,0.0,0.0,0.0,0,1,0,0,0,2026-08-19T06:19:39.194671+00:00,2026-08-19T06:19:59.705902+00:00
35,110,Nørgaard,4,MID,52,2.4192,2.1233,0.82,0.0324,0.7652,0.0116,1,2,77,1,2026-08-19T06:19:39.194671+00:00,2026-08-19T06:19:59.705902+00:00
35,111,Onyeka,4,MID,49,0.8184,1.4851,0.24,0.1672,0.2366,0.0016,1,0,0,0,2026-08-19T06:19:39.194671+00:00,2026-08-19T06:19:59.705902+00:00
35,112,Pinnock,4,DEF,45,0.8124,1.7104,0.22,0.1404,0.2158,0.0028,1,2,90,1,2026-08-19T06:19:39.194671+00:00,2026-08-19T06:19:59.705902+00:00
35,114,Roerslev,4,DEF,44,0.7916,1.6409,0.22,0.1404,0.2158,0.0028,1,1,6,0,2026-08-19T06:19:39.194671+00:00,2026-08-19T06:19:59.705902+00:00
35,115,Schade,4,MID,52,0.9852,1.6406,0.28,0.1584,0.2731,0.0032,1,1,13,0,2026-08-19T06:19:39.194671+00:00,2026-08-19T06:19:59.705902+00:00
35,116,Strakosha,4,GKP,39,0.1568,0.7153,0.04,0.0384,0.0403,0.0,1,0,0,0,2026-08-19T06:19:39.194671+00:00,2026-08-19T06:19:59.705902+00:00
35,117,Toney,4,FWD,79,1.8108,2.2972,0.48,0.1456,0.458,0.0116,1,2,90,1,2026-08-19T06:19:39.194671+00:00,2026-08-19T06:19:59.705902+00:00
35,118,Trevitt,4,MID,45,0,0,0.0,0.0,0.0,0,1,0,0,0,2026-08-19T06:19:39.194671+00:00,2026-08-19T06:19:59.705902+00:00
35,119,Wissa,4,FWD,57,3.0892,2.64,0.82,0.0324,0.7652,0.0324,1,2,67,1,2026-08-19T06:19:39.194671+00:00,2026-08-19T06:19:59.705902+00:00
35,120,Yarmoliuk,4,MID,42,0.838,1.3196,0.28,0.1584,0.2731,0.0,1,1,12,0,2026-08-19T06:19:39.194671+00:00,2026-08-19T06:19:59.705902+00:00
35,121,Zanka,4,DEF,43,0.7848,1.6185,0.22,0.1716,0.2183,0.0036,1,0,0,0,2026-08-19T06:19:39.194671+00:00,2026-08-19T06:19:59.705902+00:00
35,258,Maupay,4,FWD,49,2.4668,2.6208,0.68,0.0704,0.638,0.0244,1,0,0,0,2026-08-19T06:19:39.194671+00:00,2026-08-19T06:19:59.705902+00:00
35,508,Reguilón,4,DEF,45,0.8984,1.7955,0.22,0.1716,0.2183,0.004,1,1,76,1,2026-08-19T06:19:39.194671+00:00,2026-08-19T06:19:59.705902+00:00
35,620,Olakigbe,4,MID,45,0,0,0.0,0.0,0.0,0,1,0,0,0,2026-08-19T06:19:39.194671+00:00,2026-08-19T06:19:59.705902+00:00
35,684,Brierley,4,MID,45,0.4532,0.9205,0.1,0.198,0.1088,0.0,1,0,0,0,2026-08-19T06:19:39.194671+00:00,2026-08-19T06:19:59.705902+00:00
35,701,Ghoddos,4,MID,45,0.7312,1.1539,0.28,0.1584,0.2731,0.0,1,0,0,0,2026-08-19T06:19:39.194671+00:00,2026-08-19T06:19:59.705902+00:00
35,725,Kim Ji-Soo,4,DEF,40,0.4852,1.1178,0.1,0.198,0.1088,0.0,1,0,0,0,2026-08-19T06:19:39.194671+00:00,2026-08-19T06:19:59.705902+00:00
35,733,Adedokun,4,DEF,40,0.4676,1.1012,0.1,0.198,0.1088,0.0004,1,0,0,0,2026-08-19T06:19:39.194671+00:00,2026-08-19T06:19:59.705902+00:00
35,744,Peart-Harris,4,MID,45,0,0,0.0,0.0,0.0,0,1,0,0,0,2026-08-19T06:19:39.194671+00:00,2026-08-19T06:19:59.705902+00:00
35,752,Angelini,4,GKP,40,0.1292,0.6215,0.04,0.0384,0.0403,0.0,1,0,0,0,2026-08-19T06:19:39.194671+00:00,2026-08-19T06:19:59.705902+00:00
35,789,Valdimarsson,4,GKP,40,0.1536,0.7047,0.04,0.0384,0.0403,0.0004,1,0,0,0,2026-08-19T06:19:39.194671+00:00,2026-08-19T06:19:59.705902+00:00
35,797,Fredrick,4,DEF,40,0.454,1.089,0.1,0.198,0.1088,0.0004,1,0,0,0,2026-08-19T06:19:39.194671+00:00,2026-08-19T06:19:59.705902+00:00
35,834,Arthur,4,DEF,40,0.4876,1.1764,0.1,0.198,0.1088,0.0004,1,0,0,0,2026-08-19T06:19:39.194671+00:00,2026-08-19T06:19:59.705902+00:00
35,864,Konak,4,MID,45,0.442,0.9199,0.1,0.198,0.1088,0.0004,1,,,,2026-08-19T06:19:39.194671+00:00,
35,122,Adingra,5,MID,50,2.4972,2.4082,0.68,0.0576,0.637,0.0136,1,2,65,1,2026-08-19T06:19:39.194671+00:00,2026-08-19T06:19:59.705902+00:00
35,123,Alzate,5,MID,44,0,0,0.0,0.0,0.0,0,1,0,0,0,2026-08-19T06:19:39.194671+00:00,2026-08-19T06:19:59.705902+00:00
35,124,Ayari,5,MID,45,0,0,0.0,0.0,0.0,0,1,0,0,0,2026-08-19T06:19:39.194671+00:00,2026-08-19T06:19:59.705902+00:00
35,125,Buonanotte,5,MID,47,1.3976,1.8282,0.48,0.1144,0.4556,0.0056,1,2,90,1,2026-08-19T06:19:39.194671+00:00,2026-08-19T06:19:59.705902+00:00
35,127,Connolly,5,FWD,45,0,0,0.0,0.0,0.0,0,1,0,0,0,2026-08-19T06:19:39.194671+00:00,2026-08-19T06:19:59.705902+00:00
35,128,Dahoud,5,MID,48,0,0,0.0,0.0,0.0,0,1,0,0,0,2026-08-19T06:19:39.194671+00:00,2026-08-19T06:19:59.705902+00:00
35,129,Dunk,5,DEF,52,0,0,0.0,0.0,0.0,0,1,1,90,1,2026-08-19T06:19:39.194671+00:00,2026-08-19T06:19:59.705902+00:00
35,130,Enciso,5,MID,50,0.972,1.5185,0.28,0.1584,0.2731,0.002,1,1,24,0,2026-08-19T06:19:39.194671+00:00,2026-08-19T06:19:59.705902+00:00
35,131,Estupiñan,5,DEF,48,0,0,0.0,0.0,0.0,0,1,0,0,0,2026-08-19T06:19:39.194671+00:00,2026-08-19T06:19:59.705902+00:00
35,132,Ferguson,5,FWD,57,0,0,0.0,0.0,0.0,0,1,0,0,0,2026-08-19T06:19:39.194671+00:00,2026-08-19T06:19:59.705902+00:00
35,133,Gilmour,5,MID,48,1.9012,1.7211,0.68,0.0576,0.637,0.002,1,1,90,1,2026-08-19T06:19:39.194671+00:00,2026-08-19T06:19:59.705902+00:00
35,134,Gross,5,MID,62,3.7372,2.9132,0.82,0.0324,0.7652,0.0444,1,2,90,1,2026-08-19T06:19:39.194671+00:00,2026-08-19T06:19:59.705902+00:00
35,135,João Pedro,5,FWD,52,3.254,3.1734,0.68,0.0576,0.637,0.0504,1,2,87,1,2026-08-19T06:19:39.194671+00:00,2026-08-19T06:19:59.705902+00:00
35,136,Karbownik,5,DEF,40,0,0,0.0,0.0,0.0,0,1,0,0,0,2026-08-19T06:19:39.194671+00:00,2026-08-19T06:19:59.705902+00:00
35,137,Kozłowski,5,MID,45,0,0,0.0,0.0,0.0,0,1,0,0,0,2026-08-19T06:19:39.194671+00:00,2026-08-19T06:19:59.705902+00:00
35,138,Lallana,5,MID,49,1.4024,1.6954,0.48,0.1144,0.4556,0.0028,1,0,0,0,2026-08-19T06:19:39.194671+00:00,2026-08-19T06:19:59.705902+00:00
35,139,Lamptey,5,DEF,39,0.7264,1.4597,0.22,0.1716,0.2183,0.0024,1,0,0,0,2026-08-19T06:19:39.194671+00:00,2026-08-19T06:19:59.705902+00:00
35,140,March,5,MID,61,0,0,0.0,0.0,0.0,0,1,0,0,0,2026-08-19T06:19:39.194671+00:00,2026-08-19T06:19:59.705902+00:00
35,141,McGill,5,GKP,39,0.1524,0.7058,0.04,0.0384,0.0403,0.0,1,0,0,0,2026-08-19T06:19:39.194671+00:00,2026-08-19T06:19:59.705902+00:00
35,142,Milner,5,MID,48,0,0,0.0,0.0,0.0,0,1,0,0,0,2026-08-19T06:19:39.194671+00:00,2026-08-19T06:19:59.705902+00:00
35,143,Mitoma,5,MID,64,0,0,0.0,0.0,0.0,0,1,0,0,0,2026-08-19T06:19:39.194671+00:00,2026-08-19T06:19:59.705902+00:00
35,144,Moder,5,MID,44,0.8236,1.3256,0.28,0.1584,0.2731,0.0008,1,0,0,0,2026-08-19T06:19:39.194671+00:00,2026-08-19T06:19:59.705902+00:00
35,146,Sarmiento,5,MID,45,0,0,0.0,0.0,0.0,0,1,0,0,0,2026-08-19T06:19:39.194671+00:00,2026-08-19T06:19:59.705902+00:00
35,147,Scherpen,5,GKP,40,0,0,0.0,0.0,0.0,0,1,0,0,0,2026-08-19T06:19:39.194671+00:00,2026-08-19T06:19:59.705902+00:00
35,148,Steele,5,GKP,41,3.0012,2.138,0.9,0.004,0.8373,0.002,1,0,0,0,2026-08-19T06:19:39.194671+00:00,2026-08-19T06:19:59.705902+00:00
35,149,Undav,5,FWD,55,0,0,0.0,0.0,0.0,0,1,0,0,0,2026-08-19T06:19:39.194671+00:00,2026-08-19T06:19:59.705902+00:00
35,150,Van Hecke,5,DEF,41,0,0,0.0,0.0,0.0,0,1,0,0,0,2026-08-19T06:19:39.194671+00:00,2026-08-19T06:19:59.705902+00:00
35,151,Veltman,5,DEF,43,0,0,0.0,0.0,0.0,0,1,1,16,0,2026-08-19T06:19:39.194671+00:00,2026-08-19T06:19:59.705902+00:00
35,152,Verbruggen,5,GKP,44,0.1744,0.7799,0.04,0.0384,0.0403,0.0,1,2,90,1,2026-08-19T06:19:39.194671+00:00,2026-08-19T06:19:59.705902+00:00
35,153,Webster,5,DEF,42,0.6944,1.4061,0.22,0.1716,0.2183,0.0012,1,1,16,0,2026-08-19T06:19:39.194671+00:00,2026-08-19T06:19:59.705902+00:00
35,154,Welbeck,5,FWD,57,2.3184,2.2253,0.68,0.0896,0.6396,0.0144,1,1,45,1,2026-08-19T06:19:39.194671+00:00,2026-08-19T06:19:59.705902+00:00
35,155,Zeqiri,5,FWD,44,0,0,0.0,0.0,0.0,0,1,0,0,0,2026-08-19T06:19:39.194671+00:00,2026-08-19T06:19:59.705902+00:00
35,606,Igor,5,DEF,43,0.6716,1.3409,0.22,0.1716,0.2183,0.0,1,1,73,1,2026-08-19T06:19:39.194671+00:00,2026-08-19T06:19:59.705902+00:00
35,621,Hinshelwood,5,MID,45,0,0,0.0,0.0,0.0,0,1,0,0,0,2026-08-19T06:19:39.194671+00:00,2026-08-19T06:19:59.705902+00:00
35,690,Baleba,5,MID,45,1.148,1.4324,0.48,0.1144,0.4556,0.0012,1,1,2,0,2026-08-19T06:19:39.194671+00:00,2026-08-19T06:19:59.705902+00:00
35,700,Ansu Fati,5,MID,64,1.288,2.1573,0.28,0.2016,0.2765,0.0108,1,0,0,0,2026-08-19T06:19:39.194671+00:00,2026-08-19T06:19:59.705902+00:00
35,741,O’Mahony,5,FWD,45,0.452,0.9231,0.1,0.198,0.1088,0.0,1,1,45,1,2026-08-19T06:19:39.194671+00:00,2026-08-19T06:19:59.705902+00:00
35,742,Baker-Boaitey,5,MID,45,0.458,0.9315,0.1,0.198,0.1088,0.0,1,0,0,0,2026-08-19T06:19:39.194671+00:00,2026-08-19T06:19:59.705902+00:00
35,746,Jackson,5,DEF,40,0.4632,1.0879,0.1,0.198,0.1088,0.0004,1,0,0,0,2026-08-19T06:19:39.194671+00:00,2026-08-19T06:19:59.705902+00:00
35,747,Duffus,5,MID,44,0.4816,0.931,0.1,0.198,0.1088,0.0,1,0,0,0,2026-08-19T06:19:39.194671+00:00,2026-08-19T06:19:59.705902+00:00
35,753,Kavanagh,5,DEF,40,0.452,1.0959,0.1,0.198,0.1088,0.0004,1,0,0,0,2026-08-19T06:19:39.194671+00:00,2026-08-19T06:19:59.705902+00:00
35,755,Barrington,5,MID,45,0.4888,0.9439,0.1,0.198,0.1088,0.0,1,0,0,0,2026-08-19T06:19:39.194671+00:00,2026-08-19T06:19:59.705902+00:00
35,786,Peupion,5,MID,45,0.4708,0.9453,0.1,0.198,0.1088,0.0,1,0,0,0,2026-08-19T06:19:39.194671+00:00,2026-08-19T06:19:59.705902+00:00
35,816,Barco,5,DEF,40,0.4864,1.1524,0.1,0.198,0.1088,0.0008,1,0,90,1,2026-08-19T06:19:39.194671+00:00,2026-08-19T06:19:59.705902+00:00
35,843,Chouchane,5,MID,45,0.4692,0.9732,0.1,0.198,0.1088,0.0004,1,0,0,0,2026-08-19T06:19:39.194671+00:00,2026-08-19T06:19:59.705902+00:00
35,845,Offiah,5,DEF,40,0.4836,1.1644,0.1,0.198,0.1088,0.0004,1,1,73,1,2026-08-19T06:19:39.194671+00:00,2026-08-19T06:19:59.705902+00:00
35,861,Atom,5,DEF,40,0.5072,1.1427,0.1,0.198,0.1088,0.0004,1,,,,2026-08-19T06:19:39.194671+00:00,
35,156,Agyei,6,MID,42,0.5076,0.9545,0.1,0.198,0.1088,0.0004,1,0,0,0,2026-08-19T06:19:39.194671+00:00,2026-08-19T06:19:59.705902+00:00
35,157,Al-Dakhil,6,DEF,38,0,0,0.0,0.0,0.0,0,1,0,0,0,2026-08-19T06:19:39.194671+00:00,2026-08-19T06:19:59.705902+00:00
35,158,Bastien,6,MID,49,0,0,0.0,0.0,0.0,0,1,0,0,0,2026-08-19T06:19:39.194671+00:00,2026-08-19T06:19:59.705902+00:00
35,159,Benson,6,MID,52,0.7432,1.3751,0.18,0.1804,0.1818,0.0016,1,0,0,0,2026-08-19T06:19:39.194671+00:00,2026-08-19T06:19:59.705902+00:00
35,160,Beyer,6,DEF,39,0,0,0.0,0.0,0.0,0,1,0,0,0,2026-08-19T06:19:39.194671+00:00,2026-08-19T06:19:59.705902+00:00
35,161,Brownhill,6,MID,47,2.3152,1.7156,0.82,0.0324,0.7652,0.0028,1,0,0,0,2026-08-19T06:19:39.194671+00:00,2026-08-19T06:19:59.705902+00:00
35,162,Churlinov,6,MID,44,0,0,0.0,0.0,0.0,0,1,0,0,0,2026-08-19T06:19:39.194671+00:00,2026-08-19T06:19:59.705902+00:00
35,163,Cork,6,MID,48,0.6644,1.2197,0.18,0.1804,0.1818,0.0008,1,0,0,0,2026-08-19T06:19:39.194671+00:00,2026-08-19T06:19:59.705902+00:00
35,164,Costelloe,6,MID,45,0,0,0.0,0.0,0.0,0,1,0,0,0,2026-08-19T06:19:39.194671+00:00,2026-08-19T06:19:59.705902+00:00
35,165,Cullen,6,MID,50,1.73,1.5957,0.68,0.0576,0.637,0.0028,1,1,90,1,2026-08-19T06:19:39.194671+00:00,2026-08-19T06:19:59.705902+00:00
35,166,Egan-Riley,6,DEF,39,0,0,0.0,0.0,0.0,0,1,0,0,0,2026-08-19T06:19:39.194671+00:00,2026-08-19T06:19:59.705902+00:00
35,167,Ekdal,6,DEF,39,0.6984,1.3648,0.22,0.1716,0.2183,0.0,1,0,0,0,2026-08-19T06:19:39.194671+00:00,2026-08-19T06:19:59.705902+00:00
35,168,Foster,6,FWD,47,2.1328,1.9575,0.68,0.0576,0.637,0.008,1,2,90,1,2026-08-19T06:19:39.194671+00:00,2026-08-19T06:19:59.705902+00:00
35,169,Franchi,6,GKP,39,0,0,0.0,0.0,0.0,0,1,0,0,0,2026-08-19T06:19:39.194671+00:00,2026-08-19T06:19:59.705902+00:00
35,170,Gudmundsson,6,MID,48,1.5732,1.9559,0.48,0.1144,0.4556,0.0056,1,1,18,0,2026-08-19T06:19:39.194671+00:00,2026-08-19T06:19:59.705902+00:00
35,171,McNally,6,DEF,40,0,0,0.0,0.0,0.0,0,1,0,0,0,2026-08-19T06:19:39.194671+00:00,2026-08-19T06:19:59.705902+00:00
35,172,Muric,6,GKP,43,0.2164,0.9685,0.04,0.0384,0.0403,0.0008,1,8,90,1,2026-08-19T06:19:39.194671+00:00,2026-08-19T06:19:59.705902+00:00
35,173,O'Shea,6,DEF,44,0.6864,1.4384,0.22,0.1404,0.2158,0.0016,1,2,90,1,2026-08-19T06:19:39.194671+00:00,2026-08-19T06:19:59.705902+00:00
35,174,Obafemi,6,FWD,49,0,0,0.0,0.0,0.0,0,1,0,0,0,2026-08-19T06:19:39.194671+00:00,2026-08-19T06:19:59.705902+00:00
35,175,Peacock-Farrell,6,GKP,40,0,0,0.0,0.0,0.0,0,1,0,0,0,2026-08-19T06:19:39.194671+00:00,2026-08-19T06:19:59.705902+00:00
35,176,Roberts,6,DEF,43,0,0,0.0,0.0,0.0,0,1,0,0,0,2026-08-19T06:19:39.194671+00:00,2026-08-19T06:19:59.705902+00:00
35,177,Rodriguez,6,FWD,53,1.1408,1.891,0.28,0.1584,0.2731,0.0092,1,0,0,0,2026-08-19T06:19:39.194671+00:00,2026-08-19T06:19:59.705902+00:00
35,178,Taylor,6,DEF,39,0.688,1.3975,0.22,0.1404,0.2158,0.0,1,0,0,0,2026-08-19T06:19:39.194671+00:00,2026-08-19T06:19:59.705902+00:00
35,179,Thomas,6,DEF,40,0,0,0.0,0.0,0.0,0,1,0,0,0,2026-08-19T06:19:39.194671+00:00,2026-08-19T06:19:59.705902+00:00
35,180,Twine,6,MID,49,0,0,0.0,0.0,0.0,0,1,0,0,0,2026-08-19T06:19:39.194671+00:00,2026-08-19T06:19:59.705902+00:00
35,181,Vigouroux,6,GKP,39,0.1588,0.7207,0.04,0.0384,0.0403,0.0,1,0,0,0,2026-08-19T06:19:39.194671+00:00,2026-08-19T06:19:59.705902+00:00
35,182,Vitinho,6,DEF,44,0.808,1.6748,0.22,0.1404,0.2158,0.0032,1,2,90,1,2026-08-19T06:19:39.194671+00:00,2026-08-19T06:19:59.705902+00:00
35,183,Weghorst,6,FWD,55,0,0,0.0,0.0,0.0,0,1,0,0,0,2026-08-19T06:19:39.194671+00:00,2026-08-19T06:19:59.705902+00:00
35,184,Zaroury,6,MID,46,0,0,0.0,0.0,0.0,0,1,0,0,0,2026-08-19T06:19:39.194671+00:00,2026-08-19T06:19:59.705902+00:00
35,200,D.D.Fofana,6,FWD,50,1.9356,2.3746,0.48,0.1144,0.4556,0.012,1,1,56,1,2026-08-19T06:19:39.194671+00:00,2026-08-19T06:19:59.705902+00:00
35,475,Berge,6,MID,46,2.1612,1.6474,0.82,0.0324,0.7652,0.0032,1,2,90,1,2026-08-19T06:19:39.194671+00:00,2026-08-19T06:19:59.705902+00:00
35,594,Amdouni,6,FWD,51,2.6652,2.126,0.82,0.0324,0.7652,0.0132,1,7,33,0,2026-08-19T06:19:39.194671+00:00,2026-08-19T06:19:59.705902+00:00
35,596,Trafford,6,GKP,44,3.0968,2.1653,0.9,0.004,0.8373,0.0008,1,0,0,0,2026-08-19T06:19:39.194671+00:00,2026-08-19T06:19:59.705902+00:00
35,600,Redmond,6,MID,47,0,0,0.0,0.0,0.0,0,1,0,0,0,2026-08-19T06:19:39.194671+00:00,2026-08-19T06:19:59.705902+00:00
35,605,Koleosho,6,MID,48,0.886,1.5002,0.24,0.1672,0.2366,0.0008,1,0,0,0,2026-08-19T06:19:39.194671+00:00,2026-08-19T06:19:59.705902+00:00
35,608,Bruun Larsen,6,MID,48,2.0764,2.5635,0.48,0.1144,0.4556,0.0164,1,3,71,1,2026-08-19T06:19:39.194671+00:00,2026-08-19T06:19:59.705902+00:00
35,622,Dodgson,6,DEF,40,0,0,0.0,0.0,0.0,0,1,0,0,0,2026-08-19T06:19:39.194671+00:00,2026-08-19T06:19:59.705902+00:00
35,660,Odobert,6,MID,50,2.3048,2.2118,0.68,0.0576,0.637,0.0104,1,1,90,1,2026-08-19T06:19:39.194671+00:00,2026-08-19T06:19:59.705902+00:00
35,674,Delcroix,6,DEF,40,0.6996,1.4025,0.22,0.1716,0.2183,0.0012,1,0,0,0,2026-08-19T06:19:39.194671+00:00,2026-08-19T06:19:59.705902+00:00
35,675,A.Ramsey,6,MID,50,0,0,0.0,0.0,0.0,0,1,0,0,0,2026-08-19T06:19:39.194671+00:00,2026-08-19T06:19:59.705902+00:00
35,694,Massengo,6,MID,49,0.6376,1.1783,0.18,0.1804,0.1818,0.0004,1,0,0,0,2026-08-19T06:19:39.194671+00:00,2026-08-19T06:19:59.705902+00:00
35,706,M.Trésor,6,MID,53,0.9288,1.4304,0.28,0.1584,0.2731,0.0012,1,0,0,0,2026-08-19T06:19:39.194671+00:00,2026-08-19T06:19:59.705902+00:00
35,805,Assignon,6,DEF,40,0.8008,1.5691,0.22,0.1716,0.2183,0.0012,1,2,90,1,2026-08-19T06:19:39.194671+00:00,2026-08-19T06:19:59.705902+00:00
35,806,Estève,6,DEF,40,0.684,1.3998,0.22,0.1716,0.2183,0.0004,1,1,90,1,2026-08-19T06:19:39.194671+00:00,2026-08-19T06:19:59.705902+00:00
35,126,Caicedo,7,MID,45,3.7212,1.7909,0.82,0.0324,0.7652,0.006,2,4,180,1,2026-08-19T06:19:39.194671+00:00,2026-08-19T06:19:59.705902+00:00
35,145,Sanchez,7,GKP,45,0.2348,0.9304,0.02,0.0392,0.0217,0.0004,2,0,0,0,2026-08-19T06:19:39.194671+00:00,2026-08-19T06:19:59.705902+00:00
35,185,Ampadu,7,DEF,40,0,0,0.0,0.0,0.0,0,2,0,0,0,2026-08-19T06:19:39.194671+00:00,2026-08-19T06:19:59.705902+00:00
35,186,Andrey,7,MID,42,0,0,0.0,0.0,0.0,0,2,0,0,0,2026-08-19T06:19:39.194671+00:00,2026-08-19T06:19:59.705902+00:00
35,187,Arrizabalaga,7,GKP,50,0,0,0.0,0.0,0.0,0,2,0,0,0,2026-08-19T06:19:39.194671+00:00,2026-08-19T06:19:59.705902+00:00
35,188,Aubameyang,7,FWD,65,0,0,0.0,0.0,0.0,0,2,0,0,0,2026-08-19T06:19:39.194671+00:00,2026-08-19T06:19:59.705902+00:00
35,189,Azpilicueta,7,DEF,45,0,0,0.0,0.0,0.0,0,2,0,0,0,2026-08-19T06:19:39.194671+00:00,2026-08-19T06:19:59.705902+00:00
35,190,Baba,7,DEF,40,0,0,0.0,0.0,0.0,0,2,0,0,0,2026-08-19T06:19:39.194671+00:00,2026-08-19T06:19:59.705902+00:00
35,191,B.Badiashile,7,DEF,44,1.8336,2.4812,0.22,0.1716,0.2183,0.0144,2,6,180,1,2026-08-19T06:19:39.194671+00:00,2026-08-19T06:19:59.705902+00:00
35,192,Bettinelli,7,GKP,40,0.3192,1.0385,0.04,0.0384,0.0403,0.0004,2,0,0,0,2026-08-19T06:19:39.194671+00:00,2026-08-19T06:19:59.705902+00:00
35,194,Chalobah,7,DEF,43,1.62,2.2129,0.22,0.1716,0.2183,0.0084,2,17,180,1,2026-08-19T06:19:39.194671+00:00,2026-08-19T06:19:59.705902+00:00
35,195,Chilwell,7,DEF,54,3.3872,3.3934,0.48,0.1144,0.4556,0.058,2,0,0,0,2026-08-19T06:19:39.194671+00:00,2026-08-19T06:19:59.705902+00:00
35,196,Chukwuemeka,7,MID,42,0.9436,1.2735,0.1,0.198,0.1088,0.0,2,0,0,0,2026-08-19T06:19:39.194671+00:00,2026-08-19T06:19:59.705902+00:00
35,197,Colwill,7,DEF,46,4.5612,3.6073,0.68,0.0576,0.637,0.0952,2,0,0,0,2026-08-19T06:19:39.194671+00:00,2026-08-19T06:19:59.705902+00:00
35,198,Cucurella,7,DEF,48,2.89,2.9689,0.48,0.1144,0.4556,0.0316,2,7,180,1,2026-08-19T06:19:39.194671+00:00,2026-08-19T06:19:59.705902+00:00
35,199,Enzo,7,MID,48,0,0,0.0,0.0,0.0,0,2,0,0,0,2026-08-19T06:19:39.194671+00:00,2026-08-19T06:19:59.705902+00:00
35,201,W.Fofana,7,DEF,44,0,0,0.0,0.0,0.0,0,2,0,0,0,2026-08-19T06:19:39.194671+00:00,2026-08-19T06:19:59.705902+00:00
35,202,Gallagher,7,MID,54,5.2992,3.0336,0.82,0.0324,0.7652,0.1008,2,15,180,1,2026-08-19T06:19:39.194671+00:00,2026-08-19T06:19:59.705902+00:00
35,203,Gusto,7,DEF,43,1.8644,2.651,0.22,0.1404,0.2158,0.0208,2,0,0,0,2026-08-19T06:19:39.194671+00:00,2026-08-19T06:19:59.705902+00:00
35,206,James,7,DEF,53,0,0,0.0,0.0,0.0,0,2,0,0,0,2026-08-19T06:19:39.194671+00:00,2026-08-19T06:19:59.705902+00:00
35,207,Lukaku,7,FWD,68,0,0,0.0,0.0,0.0,0,2,0,0,0,2026-08-19T06:19:39.194671+00:00,2026-08-19T06:19:59.705902+00:00
35,208,Madueke,7,MID,53,2.3524,2.8043,0.28,0.1584,0.2731,0.0272,2,15,180,1,2026-08-19T06:19:39.194671+00:00,2026-08-19T06:19:59.705902+00:00
35,210,Mudryk,7,MID,63,0,0,0.0,0.0,0.0,0,2,4,163,1,2026-08-19T06:19:39.194671+00:00,2026-08-19T06:19:59.705902+00:00
35,211,N.Jackson,7,FWD,69,7.3324,4.6356,0.82,0.0324,0.7652,0.274,2,8,180,1,2026-08-19T06:19:39.194671+00:00,2026-08-19T06:19:59.705902+00:00
35,212,Nkunku,7,FWD,72,2.4336,2.7105,0.28,0.2016,0.2765,0.0252,2,0,0,0,2026-08-19T06:19:39.194671+00:00,2026-08-19T06:19:59.705902+00:00
35,213,Pulisic,7,MID,55,0,0,0.0,0.0,0.0,0,2,0,0,0,2026-08-19T06:19:39.194671+00:00,2026-08-19T06:19:59.705902+00:00
35,214,M.Sarr,7,DEF,43,0.9884,1.6811,0.1,0.198,0.1088,0.0032,2,0,0,0,2026-08-19T06:19:39.194671+00:00,2026-08-19T06:19:59.705902+00:00
35,215,Slonina,7,GKP,40,0,0,0.0,0.0,0.0,0,2,0,0,0,2026-08-19T06:19:39.194671+00:00,2026-08-19T06:19:59.705902+00:00
35,216,Sterling,7,MID,68,6.0564,4.447,0.68,0.0576,0.637,0.2032,2,0,0,0,2026-08-19T06:19:39.194671+00:00,2026-08-19T06:19:59.705902+00:00
35,217,T.Silva,7,DEF,50,5.334,3.3321,0.82,0.0324,0.7652,0.1064,2,0,89,1,2026-08-19T06:19:39.194671+00:00,2026-08-19T06:19:59.705902+00:00
35,218,Ziyech,7,MID,54,0,0,0.0,0.0,0.0,0,2,0,0,0,2026-08-19T06:19:39.194671+00:00,2026-08-19T06:19:59.705902+00:00
35,362,Palmer,7,MID,62,11.3096,6.5821,0.82,0.0324,0.7652,0.5676,2,8,180,1,2026-08-19T06:19:39.194671+00:00,2026-08-19T06:19:59.705902+00:00
35,589,Ângelo,7,MID,50,0,0,0.0,0.0,0.0,0,2,0,0,0,2026-08-19T06:19:39.194671+00:00,2026-08-19T06:19:59.705902+00:00
35,609,Maatsen,7,MID,51,0,0,0.0,0.0,0.0,0,2,0,0,0,2026-08-19T06:19:39.194671+00:00,2026-08-19T06:19:59.705902+00:00
35,611,Disasi,7,DEF,49,5.5024,3.8211,0.82,0.0324,0.7652,0.138,2,1,1,0,2026-08-19T06:19:39.194671+00:00,2026-08-19T06:19:59.705902+00:00
35,613,Ugochukwu,7,MID,44,1.7408,1.7923,0.28,0.1584,0.2731,0.0048,2,0,0,0,2026-08-19T06:19:39.194671+00:00,2026-08-19T06:19:59.705902+00:00
35,623,Burstow,7,FWD,45,0,0,0.0,0.0,0.0,0,2,0,0,0,2026-08-19T06:19:39.194671+00:00,2026-08-19T06:19:59.705902+00:00
35,659,Bergström,7,GKP,39,0,0,0.0,0.0,0.0,0,2,0,0,0,2026-08-19T06:19:39.194671+00:00,2026-08-19T06:19:59.705902+00:00
35,667,Lavia,7,MID,49,0,0,0.0,0.0,0.0,0,2,0,0,0,2026-08-19T06:19:39.194671+00:00,2026-08-19T06:19:59.705902+00:00
35,671,Humphreys,7,DEF,40,0,0,0.0,0.0,0.0,0,2,0,0,0,2026-08-19T06:19:39.194671+00:00,2026-08-19T06:19:59.705902+00:00
35,677,Deivid,7,FWD,45,0.8908,1.3015,0.1,0.198,0.1088,0.0008,2,0,0,0,2026-08-19T06:19:39.194671+00:00,2026-08-19T06:19:59.705902+00:00
35,680,Beach,7,GKP,40,0,0,0.0,0.0,0.0,0,2,0,0,0,2026-08-19T06:19:39.194671+00:00,2026-08-19T06:19:59.705902+00:00
35,681,Diego Moreira,7,MID,45,0.9524,1.3924,0.1,0.198,0.1088,0.0016,2,0,0,0,2026-08-19T06:19:39.194671+00:00,2026-08-19T06:19:59.705902+00:00
35,687,Petrović,7,GKP,46,6.4864,3.1793,0.9,0.008,0.8376,0.1812,2,11,180,1,2026-08-19T06:19:39.194671+00:00,2026-08-19T06:19:59.705902+00:00
35,716,Gilchrist,7,DEF,40,0.968,1.6531,0.1,0.198,0.1088,0.004,2,6,84,1,2026-08-19T06:19:39.194671+00:00,2026-08-19T06:19:59.705902+00:00
35,717,Stutter,7,FWD,45,0.9052,1.2962,0.1,0.198,0.1088,0.0004,2,0,0,0,2026-08-19T06:19:39.194671+00:00,2026-08-19T06:19:59.705902+00:00
35,718,Matos,7,MID,45,0,0,0.0,0.0,0.0,0,2,0,0,0,2026-08-19T06:19:39.194671+00:00,2026-08-19T06:19:59.705902+00:00
35,723,Brooking,7,DEF,40,0.9608,1.6328,0.1,0.198,0.1088,0.002,2,0,0,0,2026-08-19T06:19:39.194671+00:00,2026-08-19T06:19:59.705902+00:00
35,758,Castledine,7,MID,45,0.9388,1.3552,0.1,0.198,0.1088,0.0,2,0,0,0,2026-08-19T06:19:39.194671+00:00,2026-08-19T06:19:59.705902+00:00
35,791,Casadei,7,MID,45,0.8956,1.2985,0.1,0.198,0.1088,0.0008,2,2,16,0,2026-08-19T06:19:39.194671+00:00,2026-08-19T06:19:59.705902+00:00
35,819,Samuels-Smith,7,DEF,40,1.016,1.7754,0.1,0.198,0.1088,0.0052,2,0,0,0,2026-08-19T06:19:39.194671+00:00,2026-08-19T06:19:59.705902+00:00
35,820,Harrison,7,MID,45,0.89,1.3297,0.1,0.198,0.1088,0.0,2,0,0,0,2026-08-19T06:19:39.194671+00:00,2026-08-19T06:19:59.705902+00:00
35,830,Tauriainen,7,MID,45,0.9332,1.3311,0.1,0.198,0.1088,0.0004,2,1,1,0,2026-08-19T06:19:39.194671+00:00,2026-08-19T06:19:59.705902+00:00
35,838,Acheampong,7,DEF,40,1.038,1.7189,0.1,0.198,0.1088,0.0044,2,1,5,0,2026-08-19T06:19:39.194671+00:00,2026-08-19T06:19:59.705902+00:00
35,847,Sharman-Lowe,7,GKP,40,0.2896,0.9882,0.04,0.0384,0.0403,0.0,2,0,0,0,2026-08-19T06:19:39.194671+00:00,2026-08-19T06:19:59.705902+00:00
35,851,George,7,FWD,45,0.9248,1.3641,0.1,0.198,0.1088,0.0004,2,0,0,0,2026-08-19T06:19:39.194671+00:00,2026-08-19T06:19:59.705902+00:00
35,852,Dyer,7,MID,45,0.944,1.3659,0.1,0.198,0.1088,0.0004,2,0,0,0,2026-08-19T06:19:39.194671+00:00,2026-08-19T06:19:59.705902+00:00
35,858,Curd,7,GKP,40,0.3168,1.0644,0.04,0.0384,0.0403,0.0,2,0,0,0,2026-08-19T06:19:39.194671+00:00,2026-08-19T06:19:59.705902+00:00
35,859,Sturge,7,DEF,40,0.994,1.7067,0.1,0.198,0.1088,0.0024,2,0,0,0,2026-08-19T06:19:39.194671+00:00,2026-08-19T06:19:59.705902+00:00
35,7,Holding,8,DEF,43,0.4656,1.1033,0.11,0.1958,0.118,0.0004,1,0,0,0,2026-08-19T06:19:39.194671+00:00,2026-08-19T06:19:59.705902+00:00
35,219,Ahamada,8,MID,43,0.4852,0.9682,0.1,0.198,0.1088,0.0004,1,1,5,0,2026-08-19T06:19:39.194671+00:00,2026-08-19T06:19:59.705902+00:00
35,220,Andersen,8,DEF,47,2.8312,2.4707,0.9,0.018,0.8384,0.014,1,1,90,1,2026-08-19T06:19:39.194671+00:00,2026-08-19T06:19:59.705902+00:00
35,221,J.Ayew,8,MID,54,2.476,2.113,0.82,0.0324,0.7652,0.01,1,2,75,1,2026-08-19T06:19:39.194671+00:00,2026-08-19T06:19:59.705902+00:00
35,222,Clyne,8,DEF,43,0.7408,1.3908,0.22,0.1716,0.2183,0.0008,1,2,90,1,2026-08-19T06:19:39.194671+00:00,2026-08-19T06:19:59.705902+00:00
35,223,C.Doucouré,8,MID,48,0,0,0.0,0.0,0.0,0,1,0,0,0,2026-08-19T06:19:39.194671+00:00,2026-08-19T06:19:59.705902+00:00
35,224,Ebiowei,8,MID,44,0,0,0.0,0.0,0.0,0,1,0,0,0,2026-08-19T06:19:39.194671+00:00,2026-08-19T06:19:59.705902+00:00
35,225,Edouard,8,FWD,53,2.6216,2.5325,0.68,0.0704,0.638,0.0224,1,1,21,0,2026-08-19T06:19:39.194671+00:00,2026-08-19T06:19:59.705902+00:00
35,226,Eze,8,MID,61,3.4044,3.4817,0.68,0.0576,0.637,0.0608,1,0,0,0,2026-08-19T06:19:39.194671+00:00,2026-08-19T06:19:59.705902+00:00
35,227,Guaita,8,GKP,44,0,0,0.0,0.0,0.0,0,1,0,0,0,2026-08-19T06:19:39.194671+00:00,2026-08-19T06:19:59.705902+00:00
35,228,Guéhi,8,DEF,42,0.778,1.5925,0.22,0.1404,0.2158,0.0016,1,0,0,0,2026-08-19T06:19:39.194671+00:00,2026-08-19T06:19:59.705902+00:00
35,229,Hughes,8,MID,49,0,0,0.0,0.0,0.0,0,1,1,90,1,2026-08-19T06:19:39.194671+00:00,2026-08-19T06:19:59.705902+00:00
35,230,Johnstone,8,GKP,43,0,0,0.0,0.0,0.0,0,1,0,0,0,2026-08-19T06:19:39.194671+00:00,2026-08-19T06:19:59.705902+00:00
35,231,Lerma,8,MID,47,2.3104,1.9276,0.82,0.0324,0.7652,0.0064,1,0,0,0,2026-08-19T06:19:39.194671+00:00,2026-08-19T06:19:59.705902+00:00
35,232,Mateta,8,FWD,51,2.8576,2.7234,0.68,0.0576,0.637,0.0296,1,2,68,1,2026-08-19T06:19:39.194671+00:00,2026-08-19T06:19:59.705902+00:00
35,233,Matthews,8,GKP,39,0.1488,0.7346,0.04,0.0384,0.0403,0.0,1,0,0,0,2026-08-19T06:19:39.194671+00:00,2026-08-19T06:19:59.705902+00:00
35,234,Mitchell,8,DEF,45,0.7344,1.5054,0.22,0.1404,0.2158,0.0008,1,2,84,1,2026-08-19T06:19:39.194671+00:00,2026-08-19T06:19:59.705902+00:00
35,235,O'Brien,8,DEF,40,0,0,0.0,0.0,0.0,0,1,0,0,0,2026-08-19T06:19:39.194671+00:00,2026-08-19T06:19:59.705902+00:00
35,236,Olise,8,MID,56,2.4,2.9038,0.48,0.1456,0.458,0.0268,1,2,90,1,2026-08-19T06:19:39.194671+00:00,2026-08-19T06:19:59.705902+00:00
35,237,Plange,8,FWD,45,0,0,0.0,0.0,0.0,0,1,0,0,0,2026-08-19T06:19:39.194671+00:00,2026-08-19T06:19:59.705902+00:00
35,238,C.Richards,8,DEF,39,0.7368,1.4728,0.22,0.1404,0.2158,0.0008,1,2,90,1,2026-08-19T06:19:39.194671+00:00,2026-08-19T06:19:59.705902+00:00
35,239,Riedewald,8,MID,43,0.438,0.9201,0.1,0.198,0.1088,0.0,1,0,0,0,2026-08-19T06:19:39.194671+00:00,2026-08-19T06:19:59.705902+00:00
35,240,Schlupp,8,MID,48,2.0192,1.8431,0.68,0.0704,0.638,0.0024,1,9,14,0,2026-08-19T06:19:39.194671+00:00,2026-08-19T06:19:59.705902+00:00
35,241,Tomkins,8,DEF,40,0.4944,1.1947,0.1,0.198,0.1088,0.0012,1,0,0,0,2026-08-19T06:19:39.194671+00:00,2026-08-19T06:19:59.705902+00:00
35,242,Ward,8,DEF,45,0.7096,1.4907,0.22,0.1404,0.2158,0.0012,1,0,0,0,2026-08-19T06:19:39.194671+00:00,2026-08-19T06:19:59.705902+00:00
35,243,Whitworth,8,GKP,39,0.1388,0.6515,0.04,0.0384,0.0403,0.0,1,0,0,0,2026-08-19T06:19:39.194671+00:00,2026-08-19T06:19:59.705902+00:00
35,385,Henderson,8,GKP,44,2.9016,2.0779,0.9,0.004,0.8373,0.0012,1,2,90,1,2026-08-19T06:19:39.194671+00:00,2026-08-19T06:19:59.705902+00:00
35,615,Matheus França,8,MID,48,0,0,0.0,0.0,0.0,0,1,0,0,0,2026-08-19T06:19:39.194671+00:00,2026-08-19T06:19:59.705902+00:00
35,657,Rak-Sakyi,8,MID,45,0.46,0.96,0.1,0.198,0.1088,0.0008,1,0,0,0,2026-08-19T06:19:39.194671+00:00,2026-08-19T06:19:59.705902+00:00
35,658,Gordon,8,FWD,45,0,0,0.0,0.0,0.0,0,1,0,0,0,2026-08-19T06:19:39.194671+00:00,2026-08-19T06:19:59.705902+00:00
35,720,Ola-Adebomi,8,FWD,45,0,0,0.0,0.0,0.0,0,1,0,0,0,2026-08-19T06:19:39.194671+00:00,2026-08-19T06:19:59.705902+00:00
35,721,Ozoh,8,MID,45,0.4608,0.8895,0.1,0.198,0.1088,0.0,1,0,0,0,2026-08-19T06:19:39.194671+00:00,2026-08-19T06:19:59.705902+00:00
35,724,Raymond,8,MID,45,0.4464,0.8972,0.1,0.198,0.1088,0.0,1,0,0,0,2026-08-19T06:19:39.194671+00:00,2026-08-19T06:19:59.705902+00:00
35,763,Adaramola,8,DEF,40,0,0,0.0,0.0,0.0,0,1,0,0,0,2026-08-19T06:19:39.194671+00:00,2026-08-19T06:19:59.705902+00:00
35,792,Muñoz,8,DEF,45,0.8172,1.676,0.22,0.1716,0.2183,0.0036,1,2,90,1,2026-08-19T06:19:39.194671+00:00,2026-08-19T06:19:59.705902+00:00
35,807,Wharton,8,MID,50,1.3932,1.5863,0.48,0.1144,0.4556,0.0004,1,8,90,1,2026-08-19T06:19:39.194671+00:00,2026-08-19T06:19:59.705902+00:00
35,821,Umeh-Chibueze,8,FWD,45,0.4264,0.8075,0.1,0.198,0.1088,0.0004,1,0,0,0,2026-08-19T06:19:39.194671+00:00,2026-08-19T06:19:59.705902+00:00
35,825,Rodney,8,MID,45,0.4572,0.9045,0.1,0.198,0.1088,0.0,1,0,0,0,2026-08-19T06:19:39.194671+00:00,2026-08-19T06:19:59.705902+00:00
35,842,Mathurin,8,MID,44,0.4764,0.9787,0.1,0.198,0.1088,0.0004,1,0,0,0,2026-08-19T06:19:39.194671+00:00,2026-08-19T06:19:59.705902+00:00
35,244,André Gomes,9,MID,44,0.59,1.0841,0.14,0.1892,0.1453,0.0004,1,0,0,0,2026-08-19T06:19:39.194671+00:00,2026-08-19T06:19:59.705902+00:00
35,245,Branthwaite,9,DEF,43,0.8616,1.7672,0.22,0.1404,0.2158,0.0036,1,6,90,1,2026-08-19T06:19:39.194671+00:00,2026-08-19T06:19:59.705902+00:00
35,246,Calvert-Lewin,9,FWD,58,3.2632,3.221,0.68,0.0576,0.637,0.0632,1,0,0,0,2026-08-19T06:19:39.194671+00:00,2026-08-19T06:19:59.705902+00:00
35,247,Coleman,9,DEF,44,0.9836,1.8291,0.22,0.1716,0.2183,0.0032,1,0,0,0,2026-08-19T06:19:39.194671+00:00,2026-08-19T06:19:59.705902+00:00
35,248,Dele,9,MID,48,0,0,0.0,0.0,0.0,0,1,0,0,0,2026-08-19T06:19:39.194671+00:00,2026-08-19T06:19:59.705902+00:00
35,249,A.Doucoure,9,MID,55,3.326,2.9577,0.82,0.0324,0.7652,0.0372,1,3,90,1,2026-08-19T06:19:39.194671+00:00,2026-08-19T06:19:59.705902+00:00
35,250,Garner,9,MID,49,2.5408,2.0466,0.82,0.0324,0.7652,0.012,1,3,90,1,2026-08-19T06:19:39.194671+00:00,2026-08-19T06:19:59.705902+00:00
35,251,Gbamin,9,MID,44,0,0,0.0,0.0,0.0,0,1,0,0,0,2026-08-19T06:19:39.194671+00:00,2026-08-19T06:19:59.705902+00:00
35,252,Godfrey,9,DEF,43,1.0412,2.1346,0.22,0.1716,0.2183,0.0112,1,6,90,1,2026-08-19T06:19:39.194671+00:00,2026-08-19T06:19:59.705902+00:00
35,253,Gray,9,MID,53,0,0,0.0,0.0,0.0,0,1,0,0,0,2026-08-19T06:19:39.194671+00:00,2026-08-19T06:19:59.705902+00:00
35,254,Gana,9,MID,48,1.8696,1.7934,0.68,0.0576,0.637,0.002,1,10,77,1,2026-08-19T06:19:39.194671+00:00,2026-08-19T06:19:59.705902+00:00
35,257,Keane,9,DEF,43,0.8992,1.7375,0.22,0.1716,0.2183,0.0036,1,1,1,0,2026-08-19T06:19:39.194671+00:00,2026-08-19T06:19:59.705902+00:00
35,259,McNeil,9,MID,54,3.238,2.5562,0.82,0.0324,0.7652,0.0228,1,3,90,1,2026-08-19T06:19:39.194671+00:00,2026-08-19T06:19:59.705902+00:00
35,260,Mykolenko,9,DEF,46,0,0,0.0,0.0,0.0,0,1,0,0,0,2026-08-19T06:19:39.194671+00:00,2026-08-19T06:19:59.705902+00:00
35,261,Onana,9,MID,47,2.188,2.081,0.68,0.0576,0.637,0.006,1,1,12,0,2026-08-19T06:19:39.194671+00:00,2026-08-19T06:19:59.705902+00:00
35,262,Patterson,9,DEF,43,0,0,0.0,0.0,0.0,0,1,0,0,0,2026-08-19T06:19:39.194671+00:00,2026-08-19T06:19:59.705902+00:00
35,263,Pickford,9,GKP,47,3.6628,2.4404,0.9,0.008,0.8376,0.0072,1,10,90,1,2026-08-19T06:19:39.194671+00:00,2026-08-19T06:19:59.705902+00:00
35,264,Simms,9,FWD,45,0,0,0.0,0.0,0.0,0,1,0,0,0,2026-08-19T06:19:39.194671+00:00,2026-08-19T06:19:59.705902+00:00
35,265,Tarkowski,9,DEF,46,3.178,2.7938,0.9,0.018,0.8384,0.0252,1,5,90,1,2026-08-19T06:19:39.194671+00:00,2026-08-19T06:19:59.705902+00:00
35,266,J.Virginia,9,GKP,39,0.1704,0.7854,0.04,0.0384,0.0403,0.0,1,0,0,0,2026-08-19T06:19:39.194671+00:00,2026-08-19T06:19:59.705902+00:00
35,579,Lonergan,9,GKP,39,0.1684,0.7649,0.04,0.0384,0.0403,0.0,1,0,0,0,2026-08-19T06:19:39.194671+00:00,2026-08-19T06:19:59.705902+00:00
35,588,Young,9,DEF,44,0.9576,1.895,0.22,0.1404,0.2158,0.0064,1,7,90,1,2026-08-19T06:19:39.194671+00:00,2026-08-19T06:19:59.705902+00:00
35,601,Danjuma,9,MID,52,1.2472,2.106,0.28,0.1584,0.2731,0.0088,1,0,0,0,2026-08-19T06:19:39.194671+00:00,2026-08-19T06:19:59.705902+00:00
35,624,Dobbin,9,MID,45,0.5092,1.1053,0.1,0.198,0.1088,0.002,1,0,0,0,2026-08-19T06:19:39.194671+00:00,2026-08-19T06:19:59.705902+00:00
35,645,Y. Chermiti,9,FWD,48,0.7256,1.3511,0.18,0.1804,0.1818,0.002,1,2,90,1,2026-08-19T06:19:39.194671+00:00,2026-08-19T06:19:59.705902+00:00
35,649,Cannon,9,FWD,45,0,0,0.0,0.0,0.0,0,1,0,0,0,2026-08-19T06:19:39.194671+00:00,2026-08-19T06:19:59.705902+00:00
35,650,Onyango,9,MID,44,0.4716,1.01,0.1,0.198,0.1088,0.0,1,0,0,0,2026-08-19T06:19:39.194671+00:00,2026-08-19T06:19:59.705902+00:00
35,661,Harrison,9,MID,55,0,0,0.0,0.0,0.0,0,1,3,90,1,2026-08-19T06:19:39.194671+00:00,2026-08-19T06:19:59.705902+00:00
35,691,Beto,9,FWD,57,2.094,2.5776,0.48,0.1456,0.458,0.024,1,0,0,0,2026-08-19T06:19:39.194671+00:00,2026-08-19T06:19:59.705902+00:00
35,719,Hunt,9,MID,45,0.4792,0.9853,0.1,0.198,0.1088,0.0,1,0,0,0,2026-08-19T06:19:39.194671+00:00,2026-08-19T06:19:59.705902+00:00
35,760,Metcalfe,9,MID,45,0.472,0.9859,0.1,0.198,0.1088,0.0,1,0,0,0,2026-08-19T06:19:39.194671+00:00,2026-08-19T06:19:59.705902+00:00
35,761,Campbell,9,DEF,40,0,0,0.0,0.0,0.0,0,1,0,0,0,2026-08-19T06:19:39.194671+00:00,2026-08-19T06:19:59.705902+00:00
35,841,Warrington,9,MID,45,0.4788,0.9522,0.1,0.198,0.1088,0.0,1,0,0,0,2026-08-19T06:19:39.194671+00:00,2026-08-19T06:19:59.705902+00:00
35,863,Crellin,9,GKP,40,0.156,0.732,0.04,0.0384,0.0403,0.0,1,,,,2026-08-19T06:19:39.194671+00:00,
35,193,Broja,10,FWD,49,1.016,1.6539,0.28,0.1584,0.2731,0.004,1,1,5,0,2026-08-19T06:19:39.194671+00:00,2026-08-19T06:19:59.705902+00:00
35,256,Iwobi,10,MID,53,3.0924,3.0511,0.68,0.0576,0.637,0.04,1,2,90,1,2026-08-19T06:19:39.194671+00:00,2026-08-19T06:19:59.705902+00:00
35,267,Andreas,10,MID,53,3.404,2.8279,0.82,0.0324,0.7652,0.0388,1,3,84,1,2026-08-19T06:19:39.194671+00:00,2026-08-19T06:19:59.705902+00:00
35,268,Cairney,10,MID,49,1.6116,1.9561,0.48,0.1144,0.4556,0.0052,1,1,5,0,2026-08-19T06:19:39.194671+00:00,2026-08-19T06:19:59.705902+00:00
35,269,I.Cavaleiro,10,MID,50,0,0,0.0,0.0,0.0,0,1,0,0,0,2026-08-19T06:19:39.194671+00:00,2026-08-19T06:19:59.705902+00:00
35,270,De Cordova-Reid,10,MID,52,2.0292,2.5845,0.48,0.1144,0.4556,0.0144,1,3,67,1,2026-08-19T06:19:39.194671+00:00,2026-08-19T06:19:59.705902+00:00
35,271,Diop,10,DEF,44,0.8436,1.6055,0.22,0.1716,0.2183,0.0012,1,2,90,1,2026-08-19T06:19:39.194671+00:00,2026-08-19T06:19:59.705902+00:00
35,272,Francois,10,MID,44,0,0,0.0,0.0,0.0,0,1,0,0,0,2026-08-19T06:19:39.194671+00:00,2026-08-19T06:19:59.705902+00:00
35,273,Knockaert,10,MID,44,0,0,0.0,0.0,0.0,0,1,0,0,0,2026-08-19T06:19:39.194671+00:00,2026-08-19T06:19:59.705902+00:00
35,274,Kongolo,10,DEF,40,0,0,0.0,0.0,0.0,0,1,0,0,0,2026-08-19T06:19:39.194671+00:00,2026-08-19T06:19:59.705902+00:00
35,275,Leno,10,GKP,48,3.7604,2.4053,0.9,0.008,0.8376,0.004,1,3,90,1,2026-08-19T06:19:39.194671+00:00,2026-08-19T06:19:59.705902+00:00
35,276,Lukić,10,MID,43,0,0,0.0,0.0,0.0,0,1,1,21,0,2026-08-19T06:19:39.194671+00:00,2026-08-19T06:19:59.705902+00:00
35,277,Mbabu,10,DEF,40,0,0,0.0,0.0,0.0,0,1,0,0,0,2026-08-19T06:19:39.194671+00:00,2026-08-19T06:19:59.705902+00:00
35,278,Mitrović,10,FWD,74,0,0,0.0,0.0,0.0,0,1,0,0,0,2026-08-19T06:19:39.194671+00:00,2026-08-19T06:19:59.705902+00:00
35,279,Muniz,10,FWD,45,2.2672,2.8247,0.48,0.1144,0.4556,0.0312,1,6,84,1,2026-08-19T06:19:39.194671+00:00,2026-08-19T06:19:59.705902+00:00
35,280,J.Palhinha,10,MID,50,2.4552,2.2021,0.82,0.0324,0.7652,0.0116,1,3,68,1,2026-08-19T06:19:39.194671+00:00,2026-08-19T06:19:59.705902+00:00
35,281,Ream,10,DEF,44,0.994,1.9533,0.22,0.1716,0.2183,0.0068,1,0,0,0,2026-08-19T06:19:39.194671+00:00,2026-08-19T06:19:59.705902+00:00
35,282,Reed,10,MID,44,1.2756,1.5197,0.48,0.1144,0.4556,0.002,1,3,84,1,2026-08-19T06:19:39.194671+00:00,2026-08-19T06:19:59.705902+00:00
35,283,Robinson,10,DEF,46,3.1812,2.4925,0.9,0.018,0.8384,0.0136,1,2,90,1,2026-08-19T06:19:39.194671+00:00,2026-08-19T06:19:59.705902+00:00
35,284,Rodák,10,GKP,39,0.1512,0.7182,0.04,0.0384,0.0403,0.0,1,0,0,0,2026-08-19T06:19:39.194671+00:00,2026-08-19T06:19:59.705902+00:00
35,285,Tete,10,DEF,44,0.9164,1.8617,0.22,0.1716,0.2183,0.0064,1,0,0,0,2026-08-19T06:19:39.194671+00:00,2026-08-19T06:19:59.705902+00:00
35,286,Tosin,10,DEF,43,0.8404,1.7158,0.22,0.1404,0.2158,0.0028,1,0,0,0,2026-08-19T06:19:39.194671+00:00,2026-08-19T06:19:59.705902+00:00
35,287,Vinícius,10,FWD,45,0,0,0.0,0.0,0.0,0,1,0,0,0,2026-08-19T06:19:39.194671+00:00,2026-08-19T06:19:59.705902+00:00
35,288,Wilson,10,MID,53,2.484,2.6299,0.68,0.0704,0.638,0.0248,1,1,5,0,2026-08-19T06:19:39.194671+00:00,2026-08-19T06:19:59.705902+00:00
35,558,Raúl,10,FWD,50,2.714,2.6392,0.68,0.0704,0.638,0.022,1,0,0,0,2026-08-19T06:19:39.194671+00:00,2026-08-19T06:19:59.705902+00:00
35,591,Willian,10,MID,53,3.1328,3.1502,0.68,0.0576,0.637,0.048,1,1,22,0,2026-08-19T06:19:39.194671+00:00,2026-08-19T06:19:59.705902+00:00
35,610,Bassey,10,DEF,44,0.8568,1.6514,0.22,0.1404,0.2158,0.0012,1,2,90,1,2026-08-19T06:19:39.194671+00:00,2026-08-19T06:19:59.705902+00:00
35,625,De Fougerolles,10,DEF,39,0.5328,1.347,0.1,0.198,0.1088,0.002,1,0,0,0,2026-08-19T06:19:39.194671+00:00,2026-08-19T06:19:59.705902+00:00
35,651,Stansfield,10,FWD,45,0,0,0.0,0.0,0.0,0,1,0,0,0,2026-08-19T06:19:39.194671+00:00,2026-08-19T06:19:59.705902+00:00
35,652,Dibley-Dias,10,MID,45,0.4884,1.0268,0.1,0.198,0.1088,0.0004,1,0,0,0,2026-08-19T06:19:39.194671+00:00,2026-08-19T06:19:59.705902+00:00
35,662,Adama,10,MID,49,0.7436,1.4064,0.18,0.1804,0.1818,0.0012,1,0,0,0,2026-08-19T06:19:39.194671+00:00,2026-08-19T06:19:59.705902+00:00
35,683,Harris,10,MID,45,0,0,0.0,0.0,0.0,0,1,0,0,0,2026-08-19T06:19:39.194671+00:00,2026-08-19T06:19:59.705902+00:00
35,688,Castagne,10,DEF,45,0.9608,1.953,0.22,0.1404,0.2158,0.0064,1,6,90,1,2026-08-19T06:19:39.194671+00:00,2026-08-19T06:19:59.705902+00:00
35,692,Benda,10,GKP,40,0.1988,0.8924,0.04,0.0384,0.0403,0.0,1,0,0,0,2026-08-19T06:19:39.194671+00:00,2026-08-19T06:19:59.705902+00:00
35,707,Ballo-Touré,10,DEF,45,0.5224,1.2871,0.1,0.198,0.1088,0.0008,1,0,0,0,2026-08-19T06:19:39.194671+00:00,2026-08-19T06:19:59.705902+00:00
35,732,Tanton,10,DEF,40,0.5324,1.2862,0.1,0.198,0.1088,0.0016,1,0,0,0,2026-08-19T06:19:39.194671+00:00,2026-08-19T06:19:59.705902+00:00
35,796,Sekularac,10,MID,44,0.4916,1.0198,0.1,0.198,0.1088,0.0008,1,0,0,0,2026-08-19T06:19:39.194671+00:00,2026-08-19T06:19:59.705902+00:00
35,810,King,10,MID,45,0.5156,1.0353,0.1,0.198,0.1088,0.0,1,0,0,0,2026-08-19T06:19:39.194671+00:00,2026-08-19T06:19:59.705902+00:00
35,289,Adrián,11,GKP,39,0.1712,0.7698,0.04,0.0384,0.0403,0.0,1,0,0,0,2026-08-19T06:19:39.194671+00:00,2026-08-19T06:19:59.705902+00:00
35,290,Alexander-Arnold,11,DEF,84,3.0796,3.2205,0.68,0.0576,0.637,0.0456,1,1,77,1,2026-08-19T06:19:39.194671+00:00,2026-08-19T06:19:59.705902+00:00
35,291,A.Becker,11,GKP,57,3.0524,2.1236,0.9,0.008,0.8376,0.0004,1,3,90,1,2026-08-19T06:19:39.194671+00:00,2026-08-19T06:19:59.705902+00:00
35,292,Bajcetic,11,MID,47,0.7912,1.3092,0.28,0.1584,0.2731,0.0012,1,0,0,0,2026-08-19T06:19:39.194671+00:00,2026-08-19T06:19:59.705902+00:00
35,293,Darwin,11,FWD,77,3.5484,3.6383,0.68,0.0576,0.637,0.0812,1,1,11,0,2026-08-19T06:19:39.194671+00:00,2026-08-19T06:19:59.705902+00:00
35,294,Diogo J.,11,MID,79,2.3256,2.9141,0.48,0.1456,0.458,0.0324,1,0,0,0,2026-08-19T06:19:39.194671+00:00,2026-08-19T06:19:59.705902+00:00
35,295,Elliott,11,MID,48,1.946,2.2219,0.48,0.1144,0.4556,0.0076,1,2,90,1,2026-08-19T06:19:39.194671+00:00,2026-08-19T06:19:59.705902+00:00
35,296,Fabinho,11,MID,50,0,0,0.0,0.0,0.0,0,1,0,0,0,2026-08-19T06:19:39.194671+00:00,2026-08-19T06:19:59.705902+00:00
35,297,Gakpo,11,FWD,71,2.2116,2.7227,0.48,0.1456,0.458,0.026,1,2,90,1,2026-08-19T06:19:39.194671+00:00,2026-08-19T06:19:59.705902+00:00
35,298,Gomez,11,DEF,46,1.8848,2.2409,0.68,0.0576,0.637,0.0076,1,1,12,0,2026-08-19T06:19:39.194671+00:00,2026-08-19T06:19:59.705902+00:00
35,299,Henderson,11,MID,50,0,0,0.0,0.0,0.0,0,1,0,0,0,2026-08-19T06:19:39.194671+00:00,2026-08-19T06:19:59.705902+00:00
35,300,Jones,11,MID,49,1.5568,1.9854,0.48,0.1144,0.4556,0.0076,1,0,0,0,2026-08-19T06:19:39.194671+00:00,2026-08-19T06:19:59.705902+00:00
35,301,Kelleher,11,GKP,38,0.1956,0.8823,0.04,0.0384,0.0403,0.0004,1,0,0,0,2026-08-19T06:19:39.194671+00:00,2026-08-19T06:19:59.705902+00:00
35,302,Konaté,11,DEF,49,1.9508,2.2747,0.68,0.0576,0.637,0.0088,1,0,0,0,2026-08-19T06:19:39.194671+00:00,2026-08-19T06:19:59.705902+00:00
35,303,Luis Díaz,11,MID,78,3.9344,3.5006,0.82,0.0324,0.7652,0.074,1,5,78,1,2026-08-19T06:19:39.194671+00:00,2026-08-19T06:19:59.705902+00:00
35,304,Mac Allister,11,MID,59,2.7816,2.2382,0.82,0.0324,0.7652,0.0104,1,1,90,1,2026-08-19T06:19:39.194671+00:00,2026-08-19T06:19:59.705902+00:00
35,305,Matip,11,DEF,48,0,0,0.0,0.0,0.0,0,1,0,0,0,2026-08-19T06:19:39.194671+00:00,2026-08-19T06:19:59.705902+00:00
35,306,Phillips,11,DEF,40,0,0,0.0,0.0,0.0,0,1,0,0,0,2026-08-19T06:19:39.194671+00:00,2026-08-19T06:19:59.705902+00:00
35,307,Robertson,11,DEF,65,2.2892,2.5106,0.68,0.0896,0.6396,0.0156,1,9,90,1,2026-08-19T06:19:39.194671+00:00,2026-08-19T06:19:59.705902+00:00
35,308,Salah,11,MID,136,5.7704,4.7037,0.82,0.0324,0.7652,0.1848,1,1,11,0,2026-08-19T06:19:39.194671+00:00,2026-08-19T06:19:59.705902+00:00
35,309,Szoboszlai,11,MID,71,3.0116,2.4243,0.82,0.0324,0.7652,0.0212,1,1,1,0,2026-08-19T06:19:39.194671+00:00,2026-08-19T06:19:59.705902+00:00
35,310,Thiago,11,MID,47,0.4544,0.9387,0.09,0.2002,0.0997,0.0004,1,0,0,0,2026-08-19T06:19:39.194671+00:00,2026-08-19T06:19:59.705902+00:00
35,311,Tsimikas,11,DEF,44,0.9412,1.7661,0.22,0.1716,0.2183,0.0028,1,0,0,0,2026-08-19T06:19:39.194671+00:00,2026-08-19T06:19:59.705902+00:00
35,312,Van den Berg,11,DEF,40,0,0,0.0,0.0,0.0,0,1,0,0,0,2026-08-19T06:19:39.194671+00:00,2026-08-19T06:19:59.705902+00:00
35,313,Virgil,11,DEF,67,2.8708,2.5008,0.9,0.018,0.8384,0.0176,1,1,90,1,2026-08-19T06:19:39.194671+00:00,2026-08-19T06:19:59.705902+00:00
35,626,Quansah,11,DEF,40,0.746,1.4905,0.22,0.1716,0.2183,0.0016,1,1,90,1,2026-08-19T06:19:39.194671+00:00,2026-08-19T06:19:59.705902+00:00
35,627,Clark,11,MID,44,0.4608,0.9291,0.1,0.198,0.1088,0.0,1,0,0,0,2026-08-19T06:19:39.194671+00:00,2026-08-19T06:19:59.705902+00:00
35,628,Doak,11,MID,43,0,0,0.0,0.0,0.0,0,1,0,0,0,2026-08-19T06:19:39.194671+00:00,2026-08-19T06:19:59.705902+00:00
35,629,McConnell,11,MID,44,0.4308,0.8681,0.1,0.198,0.1088,0.0,1,0,0,0,2026-08-19T06:19:39.194671+00:00,2026-08-19T06:19:59.705902+00:00
35,668,Endo,11,MID,54,1.5956,1.5119,0.68,0.0704,0.638,0.0008,1,1,78,1,2026-08-19T06:19:39.194671+00:00,2026-08-19T06:19:59.705902+00:00
35,708,Gravenberch,11,MID,50,1.7948,2.0908,0.48,0.1144,0.4556,0.0048,1,2,90,1,2026-08-19T06:19:39.194671+00:00,2026-08-19T06:19:59.705902+00:00
35,726,Chambers,11,DEF,40,0,0,0.0,0.0,0.0,0,1,0,0,0,2026-08-19T06:19:39.194671+00:00,2026-08-19T06:19:59.705902+00:00
35,728,Scanlon,11,DEF,39,0.4628,1.1108,0.1,0.198,0.1088,0.0004,1,0,0,0,2026-08-19T06:19:39.194671+00:00,2026-08-19T06:19:59.705902+00:00
35,743,Nyoni,11,MID,45,0.4552,0.9035,0.1,0.198,0.1088,0.0,1,0,0,0,2026-08-19T06:19:39.194671+00:00,2026-08-19T06:19:59.705902+00:00
35,756,Pitaluga,11,GKP,40,0,0,0.0,0.0,0.0,0,1,0,0,0,2026-08-19T06:19:39.194671+00:00,2026-08-19T06:19:59.705902+00:00
35,757,Bradley,11,DEF,42,0.9408,1.8831,0.22,0.1716,0.2183,0.0044,1,0,0,0,2026-08-19T06:19:39.194671+00:00,2026-08-19T06:19:59.705902+00:00
35,782,Beck,11,DEF,45,0,0,0.0,0.0,0.0,0,1,0,0,0,2026-08-19T06:19:39.194671+00:00,2026-08-19T06:19:59.705902+00:00
35,783,Gordon,11,MID,45,0.4496,0.8643,0.1,0.198,0.1088,0.0,1,0,0,0,2026-08-19T06:19:39.194671+00:00,2026-08-19T06:19:59.705902+00:00
35,812,Koumas,11,FWD,45,0.4684,0.9603,0.1,0.198,0.1088,0.0,1,0,0,0,2026-08-19T06:19:39.194671+00:00,2026-08-19T06:19:59.705902+00:00
35,813,Mrozek,11,GKP,40,0.1536,0.7081,0.04,0.0384,0.0403,0.0,1,0,0,0,2026-08-19T06:19:39.194671+00:00,2026-08-19T06:19:59.705902+00:00
35,824,Danns,11,FWD,43,0.4344,0.8651,0.1,0.198,0.1088,0.0004,1,0,0,0,2026-08-19T06:19:39.194671+00:00,2026-08-19T06:19:59.705902+00:00
35,837,Nallo,11,DEF,40,0.5056,1.2199,0.1,0.198,0.1088,0.0004,1,0,0,0,2026-08-19T06:19:39.194671+00:00,2026-08-19T06:19:59.705902+00:00
35,21,Sambi,12,MID,49,1.2996,1.5397,0.48,0.1144,0.4556,0.0016,1,1,90,1,2026-08-19T06:19:39.194671+00:00,2026-08-19T06:19:59.705902+00:00
35,52,Nakamba,12,MID,43,0,0,0.0,0.0,0.0,0,1,0,0,0,2026-08-19T06:19:39.194671+00:00,2026-08-19T06:19:59.705902+00:00
35,314,Adebayo,12,FWD,48,1.8268,2.2696,0.48,0.1144,0.4556,0.0112,1,1,12,0,2026-08-19T06:19:39.194671+00:00,2026-08-19T06:19:59.705902+00:00
35,315,Andersen,12,DEF,38,0.4552,1.1163,0.11,0.1958,0.118,0.0008,1,0,0,0,2026-08-19T06:19:39.194671+00:00,2026-08-19T06:19:59.705902+00:00
35,316,Bell,12,DEF,39,0,0,0.0,0.0,0.0,0,1,0,0,0,2026-08-19T06:19:39.194671+00:00,2026-08-19T06:19:59.705902+00:00
35,317,Berry,12,MID,46,0.6492,1.216,0.18,0.1804,0.1818,0.0008,1,1,24,0,2026-08-19T06:19:39.194671+00:00,2026-08-19T06:19:59.705902+00:00
35,318,Burke,12,DEF,40,0,0,0.0,0.0,0.0,0,1,4,90,1,2026-08-19T06:19:39.194671+00:00,2026-08-19T06:19:59.705902+00:00
35,319,Campbell,12,MID,49,0,0,0.0,0.0,0.0,0,1,0,0,0,2026-08-19T06:19:39.194671+00:00,2026-08-19T06:19:59.705902+00:00
35,320,Clark,12,MID,48,1.5,1.7731,0.48,0.1144,0.4556,0.0032,1,2,65,1,2026-08-19T06:19:39.194671+00:00,2026-08-19T06:19:59.705902+00:00
35,321,Doughty,12,DEF,45,0.9404,1.9322,0.22,0.1404,0.2158,0.0076,1,1,87,1,2026-08-19T06:19:39.194671+00:00,2026-08-19T06:19:59.705902+00:00
35,322,Freeman,12,MID,49,0,0,0.0,0.0,0.0,0,1,0,0,0,2026-08-19T06:19:39.194671+00:00,2026-08-19T06:19:59.705902+00:00
35,323,Macey,12,GKP,40,0,0,0.0,0.0,0.0,0,1,0,0,0,2026-08-19T06:19:39.194671+00:00,2026-08-19T06:19:59.705902+00:00
35,324,McAtee,12,FWD,45,0,0,0.0,0.0,0.0,0,1,0,0,0,2026-08-19T06:19:39.194671+00:00,2026-08-19T06:19:59.705902+00:00
35,325,Mendes,12,MID,45,0,0,0.0,0.0,0.0,0,1,0,0,0,2026-08-19T06:19:39.194671+00:00,2026-08-19T06:19:59.705902+00:00
35,326,Morris,12,FWD,48,3.206,2.5838,0.82,0.0324,0.7652,0.032,1,7,90,1,2026-08-19T06:19:39.194671+00:00,2026-08-19T06:19:59.705902+00:00
35,327,Muskwe,12,FWD,45,0,0,0.0,0.0,0.0,0,1,0,0,0,2026-08-19T06:19:39.194671+00:00,2026-08-19T06:19:59.705902+00:00
35,328,Ogbene,12,FWD,48,2.404,2.2463,0.68,0.0576,0.637,0.0112,1,0,0,0,2026-08-19T06:19:39.194671+00:00,2026-08-19T06:19:59.705902+00:00
35,329,Onyedinma,12,MID,50,0.6364,1.16,0.18,0.1804,0.1818,0.0008,1,1,2,0,2026-08-19T06:19:39.194671+00:00,2026-08-19T06:19:59.705902+00:00
35,330,Osho,12,DEF,44,0.7488,1.5703,0.22,0.1716,0.2183,0.0016,1,1,90,1,2026-08-19T06:19:39.194671+00:00,2026-08-19T06:19:59.705902+00:00
35,331,Pepple,12,FWD,45,0,0,0.0,0.0,0.0,0,1,0,0,0,2026-08-19T06:19:39.194671+00:00,2026-08-19T06:19:59.705902+00:00
35,332,Pereira,12,MID,44,0,0,0.0,0.0,0.0,0,1,0,0,0,2026-08-19T06:19:39.194671+00:00,2026-08-19T06:19:59.705902+00:00
35,333,Potts,12,DEF,39,0.3088,0.7839,0.05,0.209,0.0632,0.0,1,0,0,0,2026-08-19T06:19:39.194671+00:00,2026-08-19T06:19:59.705902+00:00
35,334,Rea,12,MID,44,0,0,0.0,0.0,0.0,0,1,0,0,0,2026-08-19T06:19:39.194671+00:00,2026-08-19T06:19:59.705902+00:00
35,335,Shea,12,GKP,42,0.1496,0.748,0.04,0.0384,0.0403,0.0,1,0,0,0,2026-08-19T06:19:39.194671+00:00,2026-08-19T06:19:59.705902+00:00
35,336,Taylor,12,FWD,45,0,0,0.0,0.0,0.0,0,1,0,0,0,2026-08-19T06:19:39.194671+00:00,2026-08-19T06:19:59.705902+00:00
35,337,Thorpe,12,MID,45,0,0,0.0,0.0,0.0,0,1,0,0,0,2026-08-19T06:19:39.194671+00:00,2026-08-19T06:19:59.705902+00:00
35,338,Walton,12,GKP,40,0,0,0.0,0.0,0.0,0,1,0,0,0,2026-08-19T06:19:39.194671+00:00,2026-08-19T06:19:59.705902+00:00
35,339,Watson,12,MID,44,0,0,0.0,0.0,0.0,0,1,0,0,0,2026-08-19T06:19:39.194671+00:00,2026-08-19T06:19:59.705902+00:00
35,340,Woodrow,12,FWD,43,0.8836,1.3525,0.28,0.1584,0.2731,0.0004,1,1,24,0,2026-08-19T06:19:39.194671+00:00,2026-08-19T06:19:59.705902+00:00
35,393,Mengi,12,DEF,39,0.6744,1.4298,0.22,0.1404,0.2158,0.0008,1,1,90,1,2026-08-19T06:19:39.194671+00:00,2026-08-19T06:19:59.705902+00:00
35,553,Giles,12,DEF,42,0,0,0.0,0.0,0.0,0,1,0,0,0,2026-08-19T06:19:39.194671+00:00,2026-08-19T06:19:59.705902+00:00
35,575,Lockyer,12,DEF,42,0,0,0.0,0.0,0.0,0,1,0,0,0,2026-08-19T06:19:39.194671+00:00,2026-08-19T06:19:59.705902+00:00
35,582,Mpanzu,12,MID,46,1.4396,1.6305,0.48,0.1144,0.4556,0.0024,1,0,0,0,2026-08-19T06:19:39.194671+00:00,2026-08-19T06:19:59.705902+00:00
35,586,Chong,12,MID,44,2.1896,2.1336,0.68,0.0576,0.637,0.008,1,2,90,1,2026-08-19T06:19:39.194671+00:00,2026-08-19T06:19:59.705902+00:00
35,602,Kaboré,12,DEF,40,0,0,0.0,0.0,0.0,0,1,0,0,0,2026-08-19T06:19:39.194671+00:00,2026-08-19T06:19:59.705902+00:00
35,614,Kaminski,12,GKP,45,3.1,2.1154,0.9,0.004,0.8373,0.0004,1,2,90,1,2026-08-19T06:19:39.194671+00:00,2026-08-19T06:19:59.705902+00:00
35,630,Barkley,12,MID,46,0,0,0.0,0.0,0.0,0,1,2,77,1,2026-08-19T06:19:39.194671+00:00,2026-08-19T06:19:59.705902+00:00
35,631,Brown,12,FWD,49,0,0,0.0,0.0,0.0,0,1,0,0,0,2026-08-19T06:19:39.194671+00:00,2026-08-19T06:19:59.705902+00:00
35,648,Francis-Clarke,12,DEF,40,0,0,0.0,0.0,0.0,0,1,0,0,0,2026-08-19T06:19:39.194671+00:00,2026-08-19T06:19:59.705902+00:00
35,665,Krul,12,GKP,44,0.158,0.7051,0.04,0.0384,0.0403,0.0,1,0,0,0,2026-08-19T06:19:39.194671+00:00,2026-08-19T06:19:59.705902+00:00
35,682,Johnson,12,DEF,40,0.5176,1.2302,0.1,0.198,0.1088,0.0008,1,0,0,0,2026-08-19T06:19:39.194671+00:00,2026-08-19T06:19:59.705902+00:00
35,727,Townsend,12,MID,50,1.6424,1.9653,0.48,0.1144,0.4556,0.0056,1,0,0,0,2026-08-19T06:19:39.194671+00:00,2026-08-19T06:19:59.705902+00:00
35,729,Luker,12,MID,45,0,0,0.0,0.0,0.0,0,1,0,0,0,2026-08-19T06:19:39.194671+00:00,2026-08-19T06:19:59.705902+00:00
35,734,Nelson,12,MID,45,0.4388,0.8557,0.1,0.198,0.1088,0.0,1,0,0,0,2026-08-19T06:19:39.194671+00:00,2026-08-19T06:19:59.705902+00:00
35,798,Hashioka,12,DEF,40,0.732,1.4309,0.22,0.1716,0.2183,0.0004,1,1,65,1,2026-08-19T06:19:39.194671+00:00,2026-08-19T06:19:59.705902+00:00
35,831,Piesold,12,MID,45,0.4692,0.9878,0.1,0.198,0.1088,0.0004,1,0,0,0,2026-08-19T06:19:39.194671+00:00,2026-08-19T06:19:59.705902+00:00
35,839,Martins,12,MID,45,0.4676,0.9817,0.1,0.198,0.1088,0.0004,1,0,0,0,2026-08-19T06:19:39.194671+00:00,2026-08-19T06:19:59.705902+00:00
35,844,Chigozie,12,DEF,40,0.4504,1.0867,0.1,0.198,0.1088,0.0004,1,0,0,0,2026-08-19T06:19:39.194671+00:00,2026-08-19T06:19:59.705902+00:00
35,848,Harris,12,FWD,45,0.4756,0.8932,0.1,0.198,0.1088,0.0,1,0,0,0,2026-08-19T06:19:39.194671+00:00,2026-08-19T06:19:59.705902+00:00
35,341,Akanji,13,DEF,50,2.474,2.2771,0.82,0.0324,0.7652,0.006,1,8,90,1,2026-08-19T06:19:39.194671+00:00,2026-08-19T06:19:59.705902+00:00
35,342,Aké,13,DEF,50,2.3908,2.679,0.68,0.0576,0.637,0.0172,1,6,90,1,2026-08-19T06:19:39.194671+00:00,2026-08-19T06:19:59.705902+00:00
35,343,J.Alvarez,13,FWD,64,3.7656,2.9898,0.82,0.0324,0.7652,0.0588,1,2,88,1,2026-08-19T06:19:39.194671+00:00,2026-08-19T06:19:59.705902+00:00
35,344,Bernardo,13,MID,62,3.254,2.6334,0.82,0.0324,0.7652,0.0308,1,3,90,1,2026-08-19T06:19:39.194671+00:00,2026-08-19T06:19:59.705902+00:00
35,345,Bobb,13,MID,44,0.5096,1.1566,0.1,0.198,0.1088,0.0008,1,1,1,0,2026-08-19T06:19:39.194671+00:00,2026-08-19T06:19:59.705902+00:00
35,346,Cancelo,13,DEF,58,0,0,0.0,0.0,0.0,0,1,0,0,0,2026-08-19T06:19:39.194671+00:00,2026-08-19T06:19:59.705902+00:00
35,347,Carson,13,GKP,38,0.1784,0.8122,0.04,0.0384,0.0403,0.0004,1,0,0,0,2026-08-19T06:19:39.194671+00:00,2026-08-19T06:19:59.705902+00:00
35,348,Charles,13,MID,45,0,0,0.0,0.0,0.0,0,1,0,0,0,2026-08-19T06:19:39.194671+00:00,2026-08-19T06:19:59.705902+00:00
35,349,De Bruyne,13,MID,104,2.6836,3.2166,0.48,0.1456,0.458,0.0444,1,11,88,1,2026-08-19T06:19:39.194671+00:00,2026-08-19T06:19:59.705902+00:00
35,350,Rúben,13,DEF,55,2.3908,2.24,0.82,0.0324,0.7652,0.0076,1,0,0,0,2026-08-19T06:19:39.194671+00:00,2026-08-19T06:19:59.705902+00:00
35,352,Ederson M.,13,GKP,55,0,0,0.0,0.0,0.0,0,1,1,45,1,2026-08-19T06:19:39.194671+00:00,2026-08-19T06:19:59.705902+00:00
35,353,Foden,13,MID,83,4.2876,3.3995,0.82,0.0324,0.7652,0.0772,1,0,0,0,2026-08-19T06:19:39.194671+00:00,2026-08-19T06:19:59.705902+00:00
35,354,Grealish,13,MID,72,2.0156,2.4609,0.48,0.1456,0.458,0.0128,1,3,61,1,2026-08-19T06:19:39.194671+00:00,2026-08-19T06:19:59.705902+00:00
35,355,Haaland,13,FWD,141,5.386,4.1796,0.82,0.0324,0.7652,0.1712,1,5,28,0,2026-08-19T06:19:39.194671+00:00,2026-08-19T06:19:59.705902+00:00
35,356,Kovačić,13,MID,46,1.4588,1.7336,0.48,0.1144,0.4556,0.0028,1,1,45,1,2026-08-19T06:19:39.194671+00:00,2026-08-19T06:19:59.705902+00:00
35,357,Laporte,13,DEF,49,0,0,0.0,0.0,0.0,0,1,0,0,0,2026-08-19T06:19:39.194671+00:00,2026-08-19T06:19:59.705902+00:00
35,358,R.Lewis,13,DEF,42,0.822,1.6525,0.22,0.1716,0.2183,0.0028,1,0,0,0,2026-08-19T06:19:39.194671+00:00,2026-08-19T06:19:59.705902+00:00
35,359,Mahrez,13,MID,75,0,0,0.0,0.0,0.0,0,1,0,0,0,2026-08-19T06:19:39.194671+00:00,2026-08-19T06:19:59.705902+00:00
35,361,Ortega Moreno,13,GKP,37,3.102,2.2239,0.88,0.0048,0.8188,0.0032,1,1,45,1,2026-08-19T06:19:39.194671+00:00,2026-08-19T06:19:59.705902+00:00
35,363,Perrone,13,MID,44,0,0,0.0,0.0,0.0,0,1,0,0,0,2026-08-19T06:19:39.194671+00:00,2026-08-19T06:19:59.705902+00:00
35,365,Rodrigo,13,MID,56,3.05,2.5094,0.82,0.0324,0.7652,0.022,1,3,90,1,2026-08-19T06:19:39.194671+00:00,2026-08-19T06:19:59.705902+00:00
35,366,Sergio Gómez,13,DEF,38,0.4816,1.1547,0.1,0.198,0.1088,0.0012,1,0,0,0,2026-08-19T06:19:39.194671+00:00,2026-08-19T06:19:59.705902+00:00
35,367,Steffen,13,GKP,39,0,0,0.0,0.0,0.0,0,1,0,0,0,2026-08-19T06:19:39.194671+00:00,2026-08-19T06:19:59.705902+00:00
35,368,Stones,13,DEF,53,1.6148,2.3082,0.48,0.1144,0.4556,0.0092,1,0,0,0,2026-08-19T06:19:39.194671+00:00,2026-08-19T06:19:59.705902+00:00
35,369,Walker,13,DEF,53,2.6468,2.3335,0.82,0.0324,0.7652,0.0112,1,8,90,1,2026-08-19T06:19:39.194671+00:00,2026-08-19T06:19:59.705902+00:00
35,566,Matheus N.,13,MID,47,1.5516,1.8174,0.48,0.1144,0.4556,0.0032,1,1,1,0,2026-08-19T06:19:39.194671+00:00,2026-08-19T06:19:59.705902+00:00
35,616,Gvardiol,13,DEF,49,2.1996,2.5012,0.68,0.0576,0.637,0.012,1,15,90,1,2026-08-19T06:19:39.194671+00:00,2026-08-19T06:19:59.705902+00:00
35,678,Doku,13,MID,64,2.952,2.7011,0.68,0.0896,0.6396,0.0252,1,1,45,1,2026-08-19T06:19:39.194671+00:00,2026-08-19T06:19:59.705902+00:00
35,762,Susoho,13,MID,45,0.456,0.9319,0.1,0.198,0.1088,0.0,1,0,0,0,2026-08-19T06:19:39.194671+00:00,2026-08-19T06:19:59.705902+00:00
35,771,Hamilton,13,MID,45,0.4944,0.967,0.1,0.198,0.1088,0.0,1,0,0,0,2026-08-19T06:19:39.194671+00:00,2026-08-19T06:19:59.705902+00:00
35,814,Wright,13,MID,45,0.4636,0.9909,0.1,0.198,0.1088,0.0008,1,0,0,0,2026-08-19T06:19:39.194671+00:00,2026-08-19T06:19:59.705902+00:00
35,209,Mount,14,MID,68,0.7212,1.3961,0.14,0.2408,0.1495,0.0012,1,1,1,0,2026-08-19T06:19:39.194671+00:00,2026-08-19T06:19:59.705902+00:00
35,370,Alex Telles,14,DEF,45,0,0,0.0,0.0,0.0,0,1,0,0,0,2026-08-19T06:19:39.194671+00:00,2026-08-19T06:19:59.705902+00:00
35,371,Amad,14,MID,44,0.4868,1.0365,0.1,0.198,0.1088,0.0004,1,1,25,0,2026-08-19T06:19:39.194671+00:00,2026-08-19T06:19:59.705902+00:00
35,372,Antony,14,MID,68,1.6392,2.1329,0.48,0.1456,0.458,0.0068,1,6,90,1,2026-08-19T06:19:39.194671+00:00,2026-08-19T06:19:59.705902+00:00
35,373,B.Fernandes,14,MID,84,4.7004,3.4533,0.9,0.018,0.8384,0.0896,1,4,90,1,2026-08-19T06:19:39.194671+00:00,2026-08-19T06:19:59.705902+00:00
35,374,B.Williams,14,DEF,40,0,0,0.0,0.0,0.0,0,1,0,0,0,2026-08-19T06:19:39.194671+00:00,2026-08-19T06:19:59.705902+00:00
35,375,Bailly,14,DEF,40,0,0,0.0,0.0,0.0,0,1,0,0,0,2026-08-19T06:19:39.194671+00:00,2026-08-19T06:19:59.705902+00:00
35,376,Casemiro,14,MID,53,2.2932,2.3764,0.68,0.0576,0.637,0.0124,1,2,90,1,2026-08-19T06:19:39.194671+00:00,2026-08-19T06:19:59.705902+00:00
35,377,Dalot,14,DEF,52,3.3124,2.5698,0.9,0.018,0.8384,0.0156,1,2,90,1,2026-08-19T06:19:39.194671+00:00,2026-08-19T06:19:59.705902+00:00
35,379,Eriksen,14,MID,58,1.8228,2.2249,0.48,0.1456,0.458,0.012,1,3,80,1,2026-08-19T06:19:39.194671+00:00,2026-08-19T06:19:59.705902+00:00
35,380,Fernandez,14,DEF,40,0,0,0.0,0.0,0.0,0,1,0,0,0,2026-08-19T06:19:39.194671+00:00,2026-08-19T06:19:59.705902+00:00
35,381,Fred,14,MID,50,0,0,0.0,0.0,0.0,0,1,0,0,0,2026-08-19T06:19:39.194671+00:00,2026-08-19T06:19:59.705902+00:00
35,382,Garnacho,14,MID,50,3.646,3.2291,0.82,0.0324,0.7652,0.0532,1,2,90,1,2026-08-19T06:19:39.194671+00:00,2026-08-19T06:19:59.705902+00:00
35,383,Hannibal,14,MID,43,0,0,0.0,0.0,0.0,0,1,0,0,0,2026-08-19T06:19:39.194671+00:00,2026-08-19T06:19:59.705902+00:00
35,384,Heaton,14,GKP,39,0.1708,0.8445,0.04,0.0384,0.0403,0.0,1,0,0,0,2026-08-19T06:19:39.194671+00:00,2026-08-19T06:19:59.705902+00:00
35,386,Lindelof,14,DEF,45,0.616,1.5192,0.11,0.1958,0.118,0.0032,1,0,0,0,2026-08-19T06:19:39.194671+00:00,2026-08-19T06:19:59.705902+00:00
35,387,Maguire,14,DEF,42,0,0,0.0,0.0,0.0,0,1,2,90,1,2026-08-19T06:19:39.194671+00:00,2026-08-19T06:19:59.705902+00:00
35,388,Mainoo,14,MID,44,1.9848,1.651,0.68,0.0576,0.637,0.0008,1,3,64,1,2026-08-19T06:19:39.194671+00:00,2026-08-19T06:19:59.705902+00:00
35,389,Malacia,14,DEF,43,0,0,0.0,0.0,0.0,0,1,0,0,0,2026-08-19T06:19:39.194671+00:00,2026-08-19T06:19:59.705902+00:00
35,390,Martial,14,FWD,64,0.71,1.3048,0.14,0.2408,0.1495,0.0012,1,0,0,0,2026-08-19T06:19:39.194671+00:00,2026-08-19T06:19:59.705902+00:00
35,391,Martinez,14,DEF,47,0.8792,1.5993,0.28,0.1584,0.2731,0.0008,1,0,0,0,2026-08-19T06:19:39.194671+00:00,2026-08-19T06:19:59.705902+00:00
35,392,McTominay,14,MID,45,2.7808,2.9843,0.68,0.0576,0.637,0.0308,1,1,26,0,2026-08-19T06:19:39.194671+00:00,2026-08-19T06:19:59.705902+00:00
35,394,Pellistri,14,MID,42,0,0,0.0,0.0,0.0,0,1,0,0,0,2026-08-19T06:19:39.194671+00:00,2026-08-19T06:19:59.705902+00:00
35,395,R.Varane,14,DEF,49,2.3384,2.4805,0.68,0.0704,0.638,0.0112,1,0,0,0,2026-08-19T06:19:39.194671+00:00,2026-08-19T06:19:59.705902+00:00
35,396,Rashford,14,MID,84,3.4344,3.049,0.82,0.0324,0.7652,0.0448,1,0,0,0,2026-08-19T06:19:39.194671+00:00,2026-08-19T06:19:59.705902+00:00
35,397,Sancho,14,MID,67,0,0,0.0,0.0,0.0,0,1,0,0,0,2026-08-19T06:19:39.194671+00:00,2026-08-19T06:19:59.705902+00:00
35,398,Shaw,14,DEF,52,0,0,0.0,0.0,0.0,0,1,0,0,0,2026-08-19T06:19:39.194671+00:00,2026-08-19T06:19:59.705902+00:00
35,399,Shoretire,14,FWD,44,0.4332,0.8524,0.1,0.198,0.1088,0.0,1,0,0,0,2026-08-19T06:19:39.194671+00:00,2026-08-19T06:19:59.705902+00:00
35,400,Van de Beek,14,MID,47,0,0,0.0,0.0,0.0,0,1,0,0,0,2026-08-19T06:19:39.194671+00:00,2026-08-19T06:19:59.705902+00:00
35,401,Wan-Bissaka,14,DEF,44,0.8976,1.7192,0.22,0.1716,0.2183,0.0012,1,2,90,1,2026-08-19T06:19:39.194671+00:00,2026-08-19T06:19:59.705902+00:00
35,597,Onana,14,GKP,50,3.5956,2.3605,0.9,0.008,0.8376,0.0016,1,4,90,1,2026-08-19T06:19:39.194671+00:00,2026-08-19T06:19:59.705902+00:00
35,617,Højlund,14,FWD,70,2.7984,2.8191,0.68,0.0576,0.637,0.0328,1,2,64,1,2026-08-19T06:19:39.194671+00:00,2026-08-19T06:19:59.705902+00:00
35,632,Forson,14,MID,44,0.4964,0.9928,0.1,0.198,0.1088,0.0,1,0,0,0,2026-08-19T06:19:39.194671+00:00,2026-08-19T06:19:59.705902+00:00
35,669,Vítek,14,GKP,40,0,0,0.0,0.0,0.0,0,1,0,0,0,2026-08-19T06:19:39.194671+00:00,2026-08-19T06:19:59.705902+00:00
35,685,Gore,14,MID,45,0,0,0.0,0.0,0.0,0,1,0,0,0,2026-08-19T06:19:39.194671+00:00,2026-08-19T06:19:59.705902+00:00
35,695,Altay,14,GKP,39,0.1796,0.8393,0.04,0.0384,0.0403,0.0004,1,0,0,0,2026-08-19T06:19:39.194671+00:00,2026-08-19T06:19:59.705902+00:00
35,703,Evans,14,DEF,40,0.7944,1.5495,0.22,0.1716,0.2183,0.0012,1,0,0,0,2026-08-19T06:19:39.194671+00:00,2026-08-19T06:19:59.705902+00:00
35,709,Amrabat,14,MID,50,0.7556,1.2425,0.28,0.1584,0.2731,0.0004,1,1,9,0,2026-08-19T06:19:39.194671+00:00,2026-08-19T06:19:59.705902+00:00
35,748,Hugill,14,FWD,45,0,0,0.0,0.0,0.0,0,1,0,0,0,2026-08-19T06:19:39.194671+00:00,2026-08-19T06:19:59.705902+00:00
35,766,Kambwala,14,DEF,39,0.8392,1.5912,0.22,0.1716,0.2183,0.0004,1,0,0,0,2026-08-19T06:19:39.194671+00:00,2026-08-19T06:19:59.705902+00:00
35,768,Bennett,14,DEF,40,0,0,0.0,0.0,0.0,0,1,0,0,0,2026-08-19T06:19:39.194671+00:00,2026-08-19T06:19:59.705902+00:00
35,826,Collyer,14,MID,45,0.4832,0.969,0.1,0.198,0.1088,0.0,1,0,0,0,2026-08-19T06:19:39.194671+00:00,2026-08-19T06:19:59.705902+00:00
35,833,Ogunneye,14,DEF,40,0.5496,1.282,0.1,0.198,0.1088,0.0008,1,0,0,0,2026-08-19T06:19:39.194671+00:00,2026-08-19T06:19:59.705902+00:00
35,835,Mee,14,GKP,40,0.1896,0.9009,0.04,0.0384,0.0403,0.0008,1,0,0,0,2026-08-19T06:19:39.194671+00:00,2026-08-19T06:19:59.705902+00:00
35,846,Amass,14,DEF,40,0.5108,1.2313,0.1,0.198,0.1088,0.0,1,0,0,0,2026-08-19T06:19:39.194671+00:00,2026-08-19T06:19:59.705902+00:00
35,850,Wheatley,14,FWD,45,0.4672,0.9747,0.1,0.198,0.1088,0.0008,1,0,0,0,2026-08-19T06:19:39.194671+00:00,2026-08-19T06:19:59.705902+00:00
35,856,Jackson,14,DEF,40,0.538,1.2917,0.1,0.198,0.1088,0.0008,1,0,0,0,2026-08-19T06:19:39.194671+00:00,2026-08-19T06:19:59.705902+00:00
35,204,Hall,15,DEF,42,0.8392,1.6251,0.22,0.1716,0.2183,0.0016,1,2,81,1,2026-08-19T06:19:39.194671+00:00,2026-08-19T06:19:59.705902+00:00
35,402,Almirón,15,MID,60,2.868,2.8441,0.68,0.0576,0.637,0.03,1,0,0,0,2026-08-19T06:19:39.194671+00:00,2026-08-19T06:19:59.705902+00:00
35,403,Anderson,15,MID,42,0.9648,1.546,0.28,0.1584,0.2731,0.0024,1,2,65,1,2026-08-19T06:19:39.194671+00:00,2026-08-19T06:19:59.705902+00:00
35,404,Ashby,15,DEF,40,0,0,0.0,0.0,0.0,0,1,0,0,0,2026-08-19T06:19:39.194671+00:00,2026-08-19T06:19:59.705902+00:00
35,405,Botman,15,DEF,45,0,0,0.0,0.0,0.0,0,1,0,0,0,2026-08-19T06:19:39.194671+00:00,2026-08-19T06:19:59.705902+00:00
35,406,Bruno G.,15,MID,58,3.2192,2.353,0.9,0.018,0.8384,0.018,1,8,90,1,2026-08-19T06:19:39.194671+00:00,2026-08-19T06:19:59.705902+00:00
35,407,Burn,15,DEF,45,1.0432,2.0805,0.22,0.1404,0.2158,0.0076,1,2,90,1,2026-08-19T06:19:39.194671+00:00,2026-08-19T06:19:59.705902+00:00
35,408,Darlow,15,GKP,40,0,0,0.0,0.0,0.0,0,1,0,0,0,2026-08-19T06:19:39.194671+00:00,2026-08-19T06:19:59.705902+00:00
35,409,Dubravka,15,GKP,43,3.6552,2.385,0.9,0.004,0.8373,0.0028,1,3,90,1,2026-08-19T06:19:39.194671+00:00,2026-08-19T06:19:59.705902+00:00
35,410,Fraser,15,MID,49,0,0,0.0,0.0,0.0,0,1,0,0,0,2026-08-19T06:19:39.194671+00:00,2026-08-19T06:19:59.705902+00:00
35,411,Gillespie,15,GKP,39,0.1948,0.9093,0.04,0.0384,0.0403,0.0004,1,0,0,0,2026-08-19T06:19:39.194671+00:00,2026-08-19T06:19:59.705902+00:00
35,412,Gordon,15,MID,62,2.0664,3.0173,0.41,0.1062,0.3898,0.0312,1,10,81,1,2026-08-19T06:19:39.194671+00:00,2026-08-19T06:19:59.705902+00:00
35,413,Hayden,15,MID,44,0,0,0.0,0.0,0.0,0,1,0,0,0,2026-08-19T06:19:39.194671+00:00,2026-08-19T06:19:59.705902+00:00
35,414,Hendrick,15,MID,44,0,0,0.0,0.0,0.0,0,1,0,0,0,2026-08-19T06:19:39.194671+00:00,2026-08-19T06:19:59.705902+00:00
35,415,Isak,15,FWD,82,4.496,4.4227,0.68,0.0576,0.637,0.1448,1,13,90,1,2026-08-19T06:19:39.194671+00:00,2026-08-19T06:19:59.705902+00:00
35,416,Joelinton,15,MID,58,1.6588,2.1338,0.48,0.1456,0.458,0.008,1,0,0,0,2026-08-19T06:19:39.194671+00:00,2026-08-19T06:19:59.705902+00:00
35,417,Krafth,15,DEF,44,0.854,1.6631,0.22,0.1716,0.2183,0.0012,1,1,45,1,2026-08-19T06:19:39.194671+00:00,2026-08-19T06:19:59.705902+00:00
35,418,Kuol,15,MID,45,0,0,0.0,0.0,0.0,0,1,0,0,0,2026-08-19T06:19:39.194671+00:00,2026-08-19T06:19:59.705902+00:00
35,419,Lascelles,15,DEF,38,0,0,0.0,0.0,0.0,0,1,0,0,0,2026-08-19T06:19:39.194671+00:00,2026-08-19T06:19:59.705902+00:00
35,420,J.Lewis,15,DEF,40,0,0,0.0,0.0,0.0,0,1,0,0,0,2026-08-19T06:19:39.194671+00:00,2026-08-19T06:19:59.705902+00:00
35,421,Longstaff,15,MID,48,2.8152,2.5277,0.82,0.0324,0.7652,0.0216,1,2,90,1,2026-08-19T06:19:39.194671+00:00,2026-08-19T06:19:59.705902+00:00
35,422,Manquillo,15,DEF,40,0,0,0.0,0.0,0.0,0,1,0,0,0,2026-08-19T06:19:39.194671+00:00,2026-08-19T06:19:59.705902+00:00
35,423,J.Murphy,15,MID,48,1.768,2.1507,0.48,0.1144,0.4556,0.0068,1,5,65,1,2026-08-19T06:19:39.194671+00:00,2026-08-19T06:19:59.705902+00:00
35,424,Pope,15,GKP,53,0.3852,1.2109,0.08,0.0736,0.0803,0.0,1,0,0,0,2026-08-19T06:19:39.194671+00:00,2026-08-19T06:19:59.705902+00:00
35,425,Ritchie,15,MID,43,0.4952,1.0534,0.1,0.198,0.1088,0.0004,1,1,8,0,2026-08-19T06:19:39.194671+00:00,2026-08-19T06:19:59.705902+00:00
35,426,Saint-Maximin,15,MID,60,0,0,0.0,0.0,0.0,0,1,0,0,0,2026-08-19T06:19:39.194671+00:00,2026-08-19T06:19:59.705902+00:00
35,427,Schär,15,DEF,57,3.4256,2.6836,0.9,0.018,0.8384,0.0228,1,1,45,1,2026-08-19T06:19:39.194671+00:00,2026-08-19T06:19:59.705902+00:00
35,428,Targett,15,DEF,42,0,0,0.0,0.0,0.0,0,1,0,0,0,2026-08-19T06:19:39.194671+00:00,2026-08-19T06:19:59.705902+00:00
35,429,Tonali,15,MID,52,0,0,0.0,0.0,0.0,0,1,0,0,0,2026-08-19T06:19:39.194671+00:00,2026-08-19T06:19:59.705902+00:00
35,430,Trippier,15,DEF,66,3.8796,3.1012,0.82,0.0324,0.7652,0.0492,1,0,0,0,2026-08-19T06:19:39.194671+00:00,2026-08-19T06:19:59.705902+00:00
35,431,Watts,15,DEF,40,0,0,0.0,0.0,0.0,0,1,0,0,0,2026-08-19T06:19:39.194671+00:00,2026-08-19T06:19:59.705902+00:00
35,432,Willock,15,MID,53,0,0,0.0,0.0,0.0,0,1,0,0,0,2026-08-19T06:19:39.194671+00:00,2026-08-19T06:19:59.705902+00:00
35,433,Wilson,15,FWD,78,2.5332,3.126,0.48,0.1456,0.458,0.0452,1,5,24,0,2026-08-19T06:19:39.194671+00:00,2026-08-19T06:19:59.705902+00:00
35,580,Karius,15,GKP,39,0.198,0.909,0.04,0.0384,0.0403,0.0004,1,0,0,0,2026-08-19T06:19:39.194671+00:00,2026-08-19T06:19:59.705902+00:00
35,581,Dummett,15,DEF,39,0.57,1.3665,0.1,0.198,0.1088,0.0016,1,0,0,0,2026-08-19T06:19:39.194671+00:00,2026-08-19T06:19:59.705902+00:00
35,603,Barnes,15,MID,62,1.4516,2.382,0.28,0.2016,0.2765,0.0156,1,4,24,0,2026-08-19T06:19:39.194671+00:00,2026-08-19T06:19:59.705902+00:00
35,633,Livramento,15,DEF,40,0,0,0.0,0.0,0.0,0,1,2,90,1,2026-08-19T06:19:39.194671+00:00,2026-08-19T06:19:59.705902+00:00
35,634,A.Murphy,15,DEF,39,0.536,1.2905,0.1,0.198,0.1088,0.0008,1,1,8,0,2026-08-19T06:19:39.194671+00:00,2026-08-19T06:19:59.705902+00:00
35,635,Miley,15,MID,45,0,0,0.0,0.0,0.0,0,1,0,0,0,2026-08-19T06:19:39.194671+00:00,2026-08-19T06:19:59.705902+00:00
35,738,Diallo,15,MID,45,0.4972,1.0496,0.1,0.198,0.1088,0.0004,1,0,0,0,2026-08-19T06:19:39.194671+00:00,2026-08-19T06:19:59.705902+00:00
35,739,Parkinson,15,FWD,45,0.4616,0.9373,0.1,0.198,0.1088,0.0,1,0,0,0,2026-08-19T06:19:39.194671+00:00,2026-08-19T06:19:59.705902+00:00
35,745,Ndiweni,15,FWD,44,0,0,0.0,0.0,0.0,0,1,0,0,0,2026-08-19T06:19:39.194671+00:00,2026-08-19T06:19:59.705902+00:00
35,794,White,15,MID,45,0.4928,1.0488,0.1,0.198,0.1088,0.0004,1,0,0,0,2026-08-19T06:19:39.194671+00:00,2026-08-19T06:19:59.705902+00:00
35,795,Hernes,15,MID,45,0.4968,1.0396,0.1,0.198,0.1088,0.0,1,0,0,0,2026-08-19T06:19:39.194671+00:00,2026-08-19T06:19:59.705902+00:00
35,23,Tavares,16,DEF,40,0.7956,1.5861,0.22,0.1716,0.2183,0.0024,1,0,0,0,2026-08-19T06:19:39.194671+00:00,2026-08-19T06:19:59.705902+00:00
35,28,Turner,16,GKP,38,3.166,2.1924,0.9,0.004,0.8373,0.0004,1,0,0,0,2026-08-19T06:19:39.194671+00:00,2026-08-19T06:19:59.705902+00:00
35,205,Hudson-Odoi,16,MID,47,2.7376,2.5078,0.68,0.0704,0.638,0.0156,1,2,90,1,2026-08-19T06:19:39.194671+00:00,2026-08-19T06:19:59.705902+00:00
35,378,Elanga,16,MID,50,3.6192,3.0606,0.82,0.0324,0.7652,0.0444,1,2,73,1,2026-08-19T06:19:39.194671+00:00,2026-08-19T06:19:59.705902+00:00
35,434,B.Aguilera,16,MID,45,0,0,0.0,0.0,0.0,0,1,0,0,0,2026-08-19T06:19:39.194671+00:00,2026-08-19T06:19:59.705902+00:00
35,435,Arter,16,MID,43,0.4936,1.0194,0.1,0.198,0.1088,0.0008,1,0,0,0,2026-08-19T06:19:39.194671+00:00,2026-08-19T06:19:59.705902+00:00
35,436,Aurier,16,DEF,45,0,0,0.0,0.0,0.0,0,1,0,0,0,2026-08-19T06:19:39.194671+00:00,2026-08-19T06:19:59.705902+00:00
35,437,Awoniyi,16,FWD,63,2.1352,2.6442,0.48,0.1456,0.458,0.0248,1,0,0,0,2026-08-19T06:19:39.194671+00:00,2026-08-19T06:19:59.705902+00:00
35,438,Biancone,16,DEF,39,0,0,0.0,0.0,0.0,0,1,0,0,0,2026-08-19T06:19:39.194671+00:00,2026-08-19T06:19:59.705902+00:00
35,439,Boly,16,DEF,45,1.018,2.0306,0.22,0.1716,0.2183,0.008,1,1,83,1,2026-08-19T06:19:39.194671+00:00,2026-08-19T06:19:59.705902+00:00
35,440,Bowler,16,MID,45,0,0,0.0,0.0,0.0,0,1,0,0,0,2026-08-19T06:19:39.194671+00:00,2026-08-19T06:19:59.705902+00:00
35,441,Cook,16,DEF,45,0,0,0.0,0.0,0.0,0,1,0,0,0,2026-08-19T06:19:39.194671+00:00,2026-08-19T06:19:59.705902+00:00
35,442,Danilo,16,MID,53,2.1412,2.0448,0.68,0.0704,0.638,0.0056,1,2,73,1,2026-08-19T06:19:39.194671+00:00,2026-08-19T06:19:59.705902+00:00
35,443,Dennis,16,FWD,48,0,0,0.0,0.0,0.0,0,1,0,0,0,2026-08-19T06:19:39.194671+00:00,2026-08-19T06:19:59.705902+00:00
35,444,Dräger,16,DEF,40,0,0,0.0,0.0,0.0,0,1,0,0,0,2026-08-19T06:19:39.194671+00:00,2026-08-19T06:19:59.705902+00:00
35,445,Felipe,16,DEF,44,0.8452,1.5909,0.22,0.1716,0.2183,0.0012,1,0,0,0,2026-08-19T06:19:39.194671+00:00,2026-08-19T06:19:59.705902+00:00
35,446,Freuler,16,MID,49,0,0,0.0,0.0,0.0,0,1,0,0,0,2026-08-19T06:19:39.194671+00:00,2026-08-19T06:19:59.705902+00:00
35,447,Gibbs-White,16,MID,57,3.7068,2.8667,0.9,0.018,0.8384,0.0428,1,2,90,1,2026-08-19T06:19:39.194671+00:00,2026-08-19T06:19:59.705902+00:00
35,448,Hennessey,16,GKP,39,0.1628,0.8023,0.04,0.0384,0.0403,0.0004,1,0,0,0,2026-08-19T06:19:39.194671+00:00,2026-08-19T06:19:59.705902+00:00
35,449,Horvath,16,GKP,43,0,0,0.0,0.0,0.0,0,1,0,0,0,2026-08-19T06:19:39.194671+00:00,2026-08-19T06:19:59.705902+00:00
35,451,Kouyaté,16,MID,48,0.706,1.2894,0.18,0.1804,0.1818,0.0012,1,0,0,0,2026-08-19T06:19:39.194671+00:00,2026-08-19T06:19:59.705902+00:00
35,452,Laryea,16,DEF,45,0,0,0.0,0.0,0.0,0,1,0,0,0,2026-08-19T06:19:39.194671+00:00,2026-08-19T06:19:59.705902+00:00
35,453,Mangala,16,MID,50,0,0,0.0,0.0,0.0,0,1,0,0,0,2026-08-19T06:19:39.194671+00:00,2026-08-19T06:19:59.705902+00:00
35,454,Mbe Soh,16,DEF,40,0,0,0.0,0.0,0.0,0,1,0,0,0,2026-08-19T06:19:39.194671+00:00,2026-08-19T06:19:59.705902+00:00
35,455,McKenna,16,DEF,44,0,0,0.0,0.0,0.0,0,1,0,0,0,2026-08-19T06:19:39.194671+00:00,2026-08-19T06:19:59.705902+00:00
35,456,Mighten,16,MID,44,0,0,0.0,0.0,0.0,0,1,0,0,0,2026-08-19T06:19:39.194671+00:00,2026-08-19T06:19:59.705902+00:00
35,457,Niakhaté,16,DEF,45,0.9292,1.8853,0.22,0.1716,0.2183,0.006,1,1,90,1,2026-08-19T06:19:39.194671+00:00,2026-08-19T06:19:59.705902+00:00
35,458,O'Brien,16,MID,49,0,0,0.0,0.0,0.0,0,1,0,0,0,2026-08-19T06:19:39.194671+00:00,2026-08-19T06:19:59.705902+00:00
35,459,Ojeda,16,MID,45,0,0,0.0,0.0,0.0,0,1,0,0,0,2026-08-19T06:19:39.194671+00:00,2026-08-19T06:19:59.705902+00:00
35,460,Panzo,16,DEF,40,0,0,0.0,0.0,0.0,0,1,0,0,0,2026-08-19T06:19:39.194671+00:00,2026-08-19T06:19:59.705902+00:00
35,461,O.Richards,16,DEF,44,0,0,0.0,0.0,0.0,0,1,0,0,0,2026-08-19T06:19:39.194671+00:00,2026-08-19T06:19:59.705902+00:00
35,462,G.Scarpa,16,MID,45,0,0,0.0,0.0,0.0,0,1,0,0,0,2026-08-19T06:19:39.194671+00:00,2026-08-19T06:19:59.705902+00:00
35,463,J.Shelvey,16,MID,48,0,0,0.0,0.0,0.0,0,1,0,0,0,2026-08-19T06:19:39.194671+00:00,2026-08-19T06:19:59.705902+00:00
35,464,Surridge,16,FWD,45,0,0,0.0,0.0,0.0,0,1,0,0,0,2026-08-19T06:19:39.194671+00:00,2026-08-19T06:19:59.705902+00:00
35,465,Toffolo,16,DEF,44,1.0152,2.0035,0.22,0.1716,0.2183,0.0072,1,0,0,0,2026-08-19T06:19:39.194671+00:00,2026-08-19T06:19:59.705902+00:00
35,466,Ui-jo,16,FWD,44,0,0,0.0,0.0,0.0,0,1,0,0,0,2026-08-19T06:19:39.194671+00:00,2026-08-19T06:19:59.705902+00:00
35,467,Williams,16,DEF,43,0,0,0.0,0.0,0.0,0,1,1,34,0,2026-08-19T06:19:39.194671+00:00,2026-08-19T06:19:59.705902+00:00
35,468,Wood,16,FWD,48,3.496,3.2387,0.68,0.0704,0.638,0.0564,1,2,90,1,2026-08-19T06:19:39.194671+00:00,2026-08-19T06:19:59.705902+00:00
35,469,Worrall,16,DEF,43,0,0,0.0,0.0,0.0,0,1,0,0,0,2026-08-19T06:19:39.194671+00:00,2026-08-19T06:19:59.705902+00:00
35,470,Yates,16,MID,48,1.9708,2.0267,0.68,0.0576,0.637,0.0084,1,1,16,0,2026-08-19T06:19:39.194671+00:00,2026-08-19T06:19:59.705902+00:00
35,604,Aina,16,DEF,45,0.8096,1.5707,0.22,0.1716,0.2183,0.0004,1,1,90,1,2026-08-19T06:19:39.194671+00:00,2026-08-19T06:19:59.705902+00:00
35,636,G.Shelvey,16,GKP,39,0,0,0.0,0.0,0.0,0,1,0,0,0,2026-08-19T06:19:39.194671+00:00,2026-08-19T06:19:59.705902+00:00
35,637,Powell,16,DEF,39,0.5272,1.2501,0.1,0.198,0.1088,0.0008,1,0,0,0,2026-08-19T06:19:39.194671+00:00,2026-08-19T06:19:59.705902+00:00
35,679,G.Montiel,16,DEF,44,0.862,1.7284,0.22,0.1716,0.2183,0.0016,1,1,55,1,2026-08-19T06:19:39.194671+00:00,2026-08-19T06:19:59.705902+00:00
35,696,Murillo,16,DEF,45,0.9088,1.8085,0.22,0.1404,0.2158,0.0036,1,1,73,1,2026-08-19T06:19:39.194671+00:00,2026-08-19T06:19:59.705902+00:00
35,710,Odysseas,16,GKP,45,0.1604,0.7214,0.04,0.0384,0.0403,0.0,1,0,0,0,2026-08-19T06:19:39.194671+00:00,2026-08-19T06:19:59.705902+00:00
35,711,Omobamidele,16,DEF,45,0.8376,1.614,0.22,0.1716,0.2183,0.002,1,1,16,0,2026-08-19T06:19:39.194671+00:00,2026-08-19T06:19:59.705902+00:00
35,712,Dominguez,16,MID,50,0,0,0.0,0.0,0.0,0,1,0,0,0,2026-08-19T06:19:39.194671+00:00,2026-08-19T06:19:59.705902+00:00
35,713,Sangaré,16,MID,49,1.2448,1.5591,0.48,0.1144,0.4556,0.0016,1,1,6,0,2026-08-19T06:19:39.194671+00:00,2026-08-19T06:19:59.705902+00:00
35,714,Origi,16,FWD,50,0.8944,1.4572,0.28,0.1584,0.2731,0.002,1,0,0,0,2026-08-19T06:19:39.194671+00:00,2026-08-19T06:19:59.705902+00:00
35,779,McDonnell,16,MID,45,0.46,0.9575,0.1,0.198,0.1088,0.0,1,0,0,0,2026-08-19T06:19:39.194671+00:00,2026-08-19T06:19:59.705902+00:00
35,780,Osong,16,FWD,45,0.4312,0.8357,0.1,0.198,0.1088,0.0,1,0,0,0,2026-08-19T06:19:39.194671+00:00,2026-08-19T06:19:59.705902+00:00
35,781,Gardner,16,FWD,45,0.4576,0.9203,0.1,0.198,0.1088,0.0008,1,0,0,0,2026-08-19T06:19:39.194671+00:00,2026-08-19T06:19:59.705902+00:00
35,801,Reyna,16,MID,47,0.7352,1.3823,0.18,0.1804,0.1818,0.002,1,1,16,0,2026-08-19T06:19:39.194671+00:00,2026-08-19T06:19:59.705902+00:00
35,808,Sels,16,GKP,45,0.1516,0.7611,0.04,0.0384,0.0403,0.0004,1,2,90,1,2026-08-19T06:19:39.194671+00:00,2026-08-19T06:19:59.705902+00:00
35,809,Ribeiro,16,FWD,45,0.4816,0.9636,0.1,0.198,0.1088,0.0008,1,0,0,0,2026-08-19T06:19:39.194671+00:00,2026-08-19T06:19:59.705902+00:00
35,27,Trusty,17,DEF,39,0.668,1.3583,0.22,0.1404,0.2158,0.0004,1,0,90,1,2026-08-19T06:19:39.194671+00:00,2026-08-19T06:19:59.705902+00:00
35,33,Archer,17,FWD,42,2.238,2.2017,0.68,0.0576,0.637,0.012,1,2,66,1,2026-08-19T06:19:39.194671+00:00,2026-08-19T06:19:59.705902+00:00
35,255,Holgate,17,DEF,40,0.6612,1.4221,0.22,0.1716,0.2183,0.0016,1,0,66,1,2026-08-19T06:19:39.194671+00:00,2026-08-19T06:19:59.705902+00:00
35,360,McAtee,17,MID,44,2.166,2.187,0.68,0.0576,0.637,0.0096,1,0,0,0,2026-08-19T06:19:39.194671+00:00,2026-08-19T06:19:59.705902+00:00
35,471,Ahmedhodžić,17,DEF,43,0.772,1.6527,0.22,0.1404,0.2158,0.0032,1,6,90,1,2026-08-19T06:19:39.194671+00:00,2026-08-19T06:19:59.705902+00:00
35,472,Amissah,17,GKP,39,0.158,0.728,0.04,0.0384,0.0403,0.0,1,0,0,0,2026-08-19T06:19:39.194671+00:00,2026-08-19T06:19:59.705902+00:00
35,473,Baldock,17,DEF,38,0,0,0.0,0.0,0.0,0,1,0,0,0,2026-08-19T06:19:39.194671+00:00,2026-08-19T06:19:59.705902+00:00
35,474,Basham,17,DEF,39,0,0,0.0,0.0,0.0,0,1,0,0,0,2026-08-19T06:19:39.194671+00:00,2026-08-19T06:19:59.705902+00:00
35,476,Bogle,17,DEF,45,0.7044,1.6066,0.22,0.1404,0.2158,0.0044,1,0,90,1,2026-08-19T06:19:39.194671+00:00,2026-08-19T06:19:59.705902+00:00
35,477,Brewster,17,FWD,49,0.8052,1.1875,0.28,0.1584,0.2731,0.0,1,0,0,0,2026-08-19T06:19:39.194671+00:00,2026-08-19T06:19:59.705902+00:00
35,478,Coulibaly,17,MID,44,0,0,0.0,0.0,0.0,0,1,0,0,0,2026-08-19T06:19:39.194671+00:00,2026-08-19T06:19:59.705902+00:00
35,479,A.Davies,17,GKP,40,0.1652,0.7159,0.04,0.0384,0.0403,0.0,1,0,0,0,2026-08-19T06:19:39.194671+00:00,2026-08-19T06:19:59.705902+00:00
35,480,Egan,17,DEF,42,0.422,0.9998,0.11,0.1958,0.118,0.0,1,0,0,0,2026-08-19T06:19:39.194671+00:00,2026-08-19T06:19:59.705902+00:00
35,481,Fleck,17,MID,49,0,0,0.0,0.0,0.0,0,1,0,0,0,2026-08-19T06:19:39.194671+00:00,2026-08-19T06:19:59.705902+00:00
35,482,Foderingham,17,GKP,44,3.3344,2.2398,0.9,0.004,0.8373,0.0028,1,1,90,1,2026-08-19T06:19:39.194671+00:00,2026-08-19T06:19:59.705902+00:00
35,483,Jebbison,17,FWD,48,0.5932,1.0159,0.18,0.1804,0.1818,0.0,1,0,0,0,2026-08-19T06:19:39.194671+00:00,2026-08-19T06:19:59.705902+00:00
35,484,Lowe,17,DEF,43,0.7396,1.5187,0.22,0.1716,0.2183,0.0028,1,0,0,0,2026-08-19T06:19:39.194671+00:00,2026-08-19T06:19:59.705902+00:00
35,485,McBurnie,17,FWD,54,2.0472,2.6139,0.48,0.1144,0.4556,0.0184,1,0,0,0,2026-08-19T06:19:39.194671+00:00,2026-08-19T06:19:59.705902+00:00
35,486,Ndiaye,17,FWD,55,0,0,0.0,0.0,0.0,0,1,0,0,0,2026-08-19T06:19:39.194671+00:00,2026-08-19T06:19:59.705902+00:00
35,487,Norrington-Davies,17,DEF,39,0,0,0.0,0.0,0.0,0,1,0,0,0,2026-08-19T06:19:39.194671+00:00,2026-08-19T06:19:59.705902+00:00
35,488,Norwood,17,MID,48,1.7732,1.6291,0.68,0.0704,0.638,0.002,1,0,0,0,2026-08-19T06:19:39.194671+00:00,2026-08-19T06:19:59.705902+00:00
35,489,Osborn,17,MID,48,0.7464,1.1833,0.24,0.1672,0.2366,0.0004,1,0,90,1,2026-08-19T06:19:39.194671+00:00,2026-08-19T06:19:59.705902+00:00
35,490,Osula,17,FWD,43,1.128,1.3918,0.48,0.1144,0.4556,0.0004,1,1,23,0,2026-08-19T06:19:39.194671+00:00,2026-08-19T06:19:59.705902+00:00
35,576,Robinson,17,DEF,43,0.7092,1.5323,0.22,0.1404,0.2158,0.0024,1,1,23,0,2026-08-19T06:19:39.194671+00:00,2026-08-19T06:19:59.705902+00:00
35,587,Slimane,17,MID,47,0.8888,1.4059,0.28,0.1584,0.2731,0.0004,1,1,11,0,2026-08-19T06:19:39.194671+00:00,2026-08-19T06:19:59.705902+00:00
35,592,Larouci,17,DEF,43,0.7304,1.479,0.22,0.1716,0.2183,0.0012,1,0,0,0,2026-08-19T06:19:39.194671+00:00,2026-08-19T06:19:59.705902+00:00
35,593,T.Bénie,17,FWD,51,0,0,0.0,0.0,0.0,0,1,0,0,0,2026-08-19T06:19:39.194671+00:00,2026-08-19T06:19:59.705902+00:00
35,638,Vini Souza,17,MID,50,2.1324,1.325,0.82,0.0324,0.7652,0.0004,1,1,20,0,2026-08-19T06:19:39.194671+00:00,2026-08-19T06:19:59.705902+00:00
35,653,Seriki,17,DEF,39,0,0,0.0,0.0,0.0,0,1,0,0,0,2026-08-19T06:19:39.194671+00:00,2026-08-19T06:19:59.705902+00:00
35,654,Marsh,17,FWD,45,0,0,0.0,0.0,0.0,0,1,0,0,0,2026-08-19T06:19:39.194671+00:00,2026-08-19T06:19:59.705902+00:00
35,655,Brooks,17,MID,44,1.3244,1.4433,0.48,0.1144,0.4556,0.0012,1,2,69,1,2026-08-19T06:19:39.194671+00:00,2026-08-19T06:19:59.705902+00:00
35,656,Hackford,17,FWD,44,0,0,0.0,0.0,0.0,0,1,0,0,0,2026-08-19T06:19:39.194671+00:00,2026-08-19T06:19:59.705902+00:00
35,663,Hamer,17,MID,49,2.4028,2.0037,0.82,0.0324,0.7652,0.008,1,5,78,1,2026-08-19T06:19:39.194671+00:00,2026-08-19T06:19:59.705902+00:00
35,666,T.Davies,17,MID,50,0.4812,0.9767,0.09,0.2002,0.0997,0.0,1,0,0,0,2026-08-19T06:19:39.194671+00:00,2026-08-19T06:19:59.705902+00:00
35,693,Thomas,17,DEF,40,0,0,0.0,0.0,0.0,0,1,0,0,0,2026-08-19T06:19:39.194671+00:00,2026-08-19T06:19:59.705902+00:00
35,730,Oné,17,MID,44,0.4736,0.9424,0.1,0.198,0.1088,0.0,1,0,0,0,2026-08-19T06:19:39.194671+00:00,2026-08-19T06:19:59.705902+00:00
35,731,Buyabu,17,DEF,40,0,0,0.0,0.0,0.0,0,1,0,0,0,2026-08-19T06:19:39.194671+00:00,2026-08-19T06:19:59.705902+00:00
35,759,Peck,17,MID,44,0.446,0.9096,0.1,0.198,0.1088,0.0,1,0,0,0,2026-08-19T06:19:39.194671+00:00,2026-08-19T06:19:59.705902+00:00
35,775,Brereton Díaz,17,MID,50,1.7744,2.3114,0.48,0.1144,0.4556,0.0112,1,2,90,1,2026-08-19T06:19:39.194671+00:00,2026-08-19T06:19:59.705902+00:00
35,790,Grbić,17,GKP,45,0.1868,0.8372,0.04,0.0384,0.0403,0.0,1,0,0,0,2026-08-19T06:19:39.194671+00:00,2026-08-19T06:19:59.705902+00:00
35,822,Blacker,17,FWD,45,0.4224,0.8946,0.1,0.198,0.1088,0.0,1,0,0,0,2026-08-19T06:19:39.194671+00:00,2026-08-19T06:19:59.705902+00:00
35,823,Arblaster,17,MID,45,0.8128,1.1835,0.28,0.1584,0.2731,0.0004,1,2,90,1,2026-08-19T06:19:39.194671+00:00,2026-08-19T06:19:59.705902+00:00
35,827,Sasnauskas,17,DEF,40,0.454,1.0656,0.1,0.198,0.1088,0.0008,1,0,0,0,2026-08-19T06:19:39.194671+00:00,2026-08-19T06:19:59.705902+00:00
35,828,Curtis,17,DEF,40,0.4652,1.1174,0.1,0.198,0.1088,0.0004,1,0,0,0,2026-08-19T06:19:39.194671+00:00,2026-08-19T06:19:59.705902+00:00
35,857,Hampson,17,MID,45,0.462,0.9466,0.1,0.198,0.1088,0.0,1,0,0,0,2026-08-19T06:19:39.194671+00:00,2026-08-19T06:19:59.705902+00:00
35,450,Johnson,18,MID,58,6.8332,5.0229,0.68,0.0576,0.637,0.2616,2,3,136,1,2026-08-19T06:19:39.194671+00:00,2026-08-19T06:19:59.705902+00:00
35,491,Austin,18,GKP,39,0.3636,1.1203,0.04,0.0384,0.0403,0.0004,2,0,0,0,2026-08-19T06:19:39.194671+00:00,2026-08-19T06:19:59.705902+00:00
35,492,Bentancur,18,MID,54,2.8328,2.6638,0.48,0.1144,0.4556,0.0276,2,2,72,1,2026-08-19T06:19:39.194671+00:00,2026-08-19T06:19:59.705902+00:00
35,493,Bissouma,18,MID,50,0,0,0.0,0.0,0.0,0,2,3,88,1,2026-08-19T06:19:39.194671+00:00,2026-08-19T06:19:59.705902+00:00
35,494,Bryan,18,MID,49,1.372,1.8077,0.18,0.1804,0.1818,0.0028,2,1,12,0,2026-08-19T06:19:39.194671+00:00,2026-08-19T06:19:59.705902+00:00
35,495,Davies,18,DEF,43,0,0,0.0,0.0,0.0,0,2,3,87,1,2026-08-19T06:19:39.194671+00:00,2026-08-19T06:19:59.705902+00:00
35,496,Dier,18,DEF,42,0,0,0.0,0.0,0.0,0,2,0,0,0,2026-08-19T06:19:39.194671+00:00,2026-08-19T06:19:59.705902+00:00
35,497,E.Royal,18,DEF,43,1.6604,2.3219,0.22,0.1716,0.2183,0.0108,2,1,85,1,2026-08-19T06:19:39.194671+00:00,2026-08-19T06:19:59.705902+00:00
35,498,Forster,18,GKP,38,0,0,0.0,0.0,0.0,0,2,0,0,0,2026-08-19T06:19:39.194671+00:00,2026-08-19T06:19:59.705902+00:00
35,499,Højbjerg,18,MID,51,2.732,2.3009,0.48,0.1144,0.4556,0.0116,2,1,90,1,2026-08-19T06:19:39.194671+00:00,2026-08-19T06:19:59.705902+00:00
35,500,Kane,18,FWD,125,0,0,0.0,0.0,0.0,0,2,0,0,0,2026-08-19T06:19:39.194671+00:00,2026-08-19T06:19:59.705902+00:00
35,501,Kulusevski,18,MID,67,6.3964,3.6439,0.82,0.0324,0.7652,0.1948,2,3,180,1,2026-08-19T06:19:39.194671+00:00,2026-08-19T06:19:59.705902+00:00
35,502,Lloris,18,GKP,47,0,0,0.0,0.0,0.0,0,2,0,0,0,2026-08-19T06:19:39.194671+00:00,2026-08-19T06:19:59.705902+00:00
35,503,Lo Celso,18,MID,48,1.44,2.1039,0.14,0.1892,0.1453,0.0076,2,2,6,0,2026-08-19T06:19:39.194671+00:00,2026-08-19T06:19:59.705902+00:00
35,504,Maddison,18,MID,78,6.2832,4.4509,0.68,0.0576,0.637,0.2156,2,3,90,1,2026-08-19T06:19:39.194671+00:00,2026-08-19T06:19:59.705902+00:00
35,505,Ndombele,18,MID,44,0,0,0.0,0.0,0.0,0,2,0,0,0,2026-08-19T06:19:39.194671+00:00,2026-08-19T06:19:59.705902+00:00
35,506,Pedro Porro,18,DEF,58,6.9484,4.3212,0.82,0.0324,0.7652,0.2432,2,2,180,1,2026-08-19T06:19:39.194671+00:00,2026-08-19T06:19:59.705902+00:00
35,507,Perišić,18,DEF,47,0,0,0.0,0.0,0.0,0,2,0,0,0,2026-08-19T06:19:39.194671+00:00,2026-08-19T06:19:59.705902+00:00
35,509,Richarlison,18,MID,68,0,0,0.0,0.0,0.0,0,2,3,88,1,2026-08-19T06:19:39.194671+00:00,2026-08-19T06:19:59.705902+00:00
35,510,Rodon,18,DEF,40,0,0,0.0,0.0,0.0,0,2,0,0,0,2026-08-19T06:19:39.194671+00:00,2026-08-19T06:19:59.705902+00:00
35,511,Romero,18,DEF,51,5.9092,3.7928,0.82,0.0324,0.7652,0.1672,2,8,180,1,2026-08-19T06:19:39.194671+00:00,2026-08-19T06:19:59.705902+00:00
35,512,Sánchez,18,DEF,44,0,0,0.0,0.0,0.0,0,2,0,0,0,2026-08-19T06:19:39.194671+00:00,2026-08-19T06:19:59.705902+00:00
35,513,Sarr,18,MID,44,4.5404,3.3592,0.68,0.0576,0.637,0.0852,2,3,107,1,2026-08-19T06:19:39.194671+00:00,2026-08-19T06:19:59.705902+00:00
35,514,Sessegnon,18,DEF,44,0,0,0.0,0.0,0.0,0,2,0,0,0,2026-08-19T06:19:39.194671+00:00,2026-08-19T06:19:59.705902+00:00
35,515,Skipp,18,MID,45,1.638,1.9168,0.28,0.1584,0.2731,0.0068,2,0,0,0,2026-08-19T06:19:39.194671+00:00,2026-08-19T06:19:59.705902+00:00
35,516,Son,18,MID,99,9.1804,5.167,0.82,0.0324,0.7652,0.434,2,9,180,1,2026-08-19T06:19:39.194671+00:00,2026-08-19T06:19:59.705902+00:00
35,517,Spence,18,DEF,40,0,0,0.0,0.0,0.0,0,2,0,0,0,2026-08-19T06:19:39.194671+00:00,2026-08-19T06:19:59.705902+00:00
35,518,Tanganga,18,DEF,40,0,0,0.0,0.0,0.0,0,2,0,0,0,2026-08-19T06:19:39.194671+00:00,2026-08-19T06:19:59.705902+00:00
35,519,Udogie,18,DEF,50,0,0,0.0,0.0,0.0,0,2,0,0,0,2026-08-19T06:19:39.194671+00:00,2026-08-19T06:19:59.705902+00:00
35,520,Vicario,18,GKP,53,6.3412,3.082,0.9,0.008,0.8376,0.1496,2,2,180,1,2026-08-19T06:19:39.194671+00:00,2026-08-19T06:19:59.705902+00:00
35,521,Whiteman,18,GKP,39,0.2968,1.0164,0.04,0.0384,0.0403,0.0008,2,0,0,0,2026-08-19T06:19:39.194671+00:00,2026-08-19T06:19:59.705902+00:00
35,583,Solomon,18,MID,51,0,0,0.0,0.0,0.0,0,2,0,0,0,2026-08-19T06:19:39.194671+00:00,2026-08-19T06:19:59.705902+00:00
35,639,Van de Ven,18,DEF,44,1.6272,2.3629,0.22,0.1404,0.2158,0.0124,2,1,180,1,2026-08-19T06:19:39.194671+00:00,2026-08-19T06:19:59.705902+00:00
35,640,Scarlett,18,FWD,45,0.9412,1.3747,0.1,0.198,0.1088,0.002,2,0,0,0,2026-08-19T06:19:39.194671+00:00,2026-08-19T06:19:59.705902+00:00
35,641,Veliz,18,FWD,54,0,0,0.0,0.0,0.0,0,2,0,0,0,2026-08-19T06:19:39.194671+00:00,2026-08-19T06:19:59.705902+00:00
35,702,Phillips,18,DEF,40,0,0,0.0,0.0,0.0,0,2,0,0,0,2026-08-19T06:19:39.194671+00:00,2026-08-19T06:19:59.705902+00:00
35,722,Donley,18,FWD,45,0.8948,1.2523,0.1,0.198,0.1088,0.0008,2,0,0,0,2026-08-19T06:19:39.194671+00:00,2026-08-19T06:19:59.705902+00:00
35,740,Dorrington,18,DEF,40,1.0588,1.7412,0.1,0.198,0.1088,0.0024,2,0,0,0,2026-08-19T06:19:39.194671+00:00,2026-08-19T06:19:59.705902+00:00
35,754,Yago Santiago,18,MID,45,0.9556,1.3263,0.1,0.198,0.1088,0.0,2,0,0,0,2026-08-19T06:19:39.194671+00:00,2026-08-19T06:19:59.705902+00:00
35,776,Werner,18,FWD,63,0,0,0.0,0.0,0.0,0,2,1,30,0,2026-08-19T06:19:39.194671+00:00,2026-08-19T06:19:59.705902+00:00
35,777,Drăgușin,18,DEF,42,0.944,1.6399,0.1,0.198,0.1088,0.002,2,0,0,0,2026-08-19T06:19:39.194671+00:00,2026-08-19T06:19:59.705902+00:00
35,860,Moore,18,MID,45,0.9,1.3092,0.1,0.198,0.1088,0.0016,2,0,0,0,2026-08-19T06:19:39.194671+00:00,2026-08-19T06:19:59.705902+00:00
35,862,Hall,18,MID,45,0.9212,1.3353,0.1,0.198,0.1088,0.0008,2,,,,2026-08-19T06:19:39.194671+00:00,
35,364,Phillips,19,MID,47,0.9508,1.4259,0.28,0.1584,0.2731,0.0,1,0,0,0,2026-08-19T06:19:39.194671+00:00,2026-08-19T06:19:59.705902+00:00
35,522,N.Aguerd,19,DEF,44,0.5492,1.4401,0.11,0.1602,0.1151,0.0032,1,0,0,0,2026-08-19T06:19:39.194671+00:00,2026-08-19T06:19:59.705902+00:00
35,523,Antonio,19,FWD,57,2.4624,2.4552,0.68,0.0896,0.6396,0.0184,1,7,90,1,2026-08-19T06:19:39.194671+00:00,2026-08-19T06:19:59.705902+00:00
35,524,Areola,19,GKP,42,3.8912,2.3995,0.9,0.004,0.8373,0.0072,1,1,90,1,2026-08-19T06:19:39.194671+00:00,2026-08-19T06:19:59.705902+00:00
35,525,Benrahma,19,MID,56,0,0,0.0,0.0,0.0,0,1,0,0,0,2026-08-19T06:19:39.194671+00:00,2026-08-19T06:19:59.705902+00:00
35,526,Bowen,19,MID,77,4.3548,3.3392,0.9,0.018,0.8384,0.0704,1,13,90,1,2026-08-19T06:19:39.194671+00:00,2026-08-19T06:19:59.705902+00:00
35,527,Cornet,19,MID,52,0.7548,1.4376,0.18,0.1804,0.1818,0.0012,1,0,0,0,2026-08-19T06:19:39.194671+00:00,2026-08-19T06:19:59.705902+00:00
35,528,Coufal,19,DEF,46,3.072,2.4142,0.9,0.018,0.8384,0.0092,1,1,90,1,2026-08-19T06:19:39.194671+00:00,2026-08-19T06:19:59.705902+00:00
35,529,Coventry,19,MID,43,0,0,0.0,0.0,0.0,0,1,0,0,0,2026-08-19T06:19:39.194671+00:00,2026-08-19T06:19:59.705902+00:00
35,530,Cresswell,19,DEF,42,0.8952,1.6697,0.22,0.1716,0.2183,0.0008,1,0,0,0,2026-08-19T06:19:39.194671+00:00,2026-08-19T06:19:59.705902+00:00
35,531,Downes,19,MID,50,0,0,0.0,0.0,0.0,0,1,0,0,0,2026-08-19T06:19:39.194671+00:00,2026-08-19T06:19:59.705902+00:00
35,532,Emerson,19,DEF,44,0.8636,1.8278,0.22,0.1404,0.2158,0.004,1,1,90,1,2026-08-19T06:19:39.194671+00:00,2026-08-19T06:19:59.705902+00:00
35,533,Fabianski,19,GKP,42,0.212,0.9807,0.04,0.0384,0.0403,0.0,1,0,0,0,2026-08-19T06:19:39.194671+00:00,2026-08-19T06:19:59.705902+00:00
35,534,P.Fornals,19,MID,46,0,0,0.0,0.0,0.0,0,1,0,0,0,2026-08-19T06:19:39.194671+00:00,2026-08-19T06:19:59.705902+00:00
35,535,Ings,19,FWD,55,1.0152,1.5263,0.28,0.2016,0.2765,0.0024,1,0,0,0,2026-08-19T06:19:39.194671+00:00,2026-08-19T06:19:59.705902+00:00
35,536,Johnson,19,DEF,44,0.8484,1.6633,0.22,0.1716,0.2183,0.0012,1,0,0,0,2026-08-19T06:19:39.194671+00:00,2026-08-19T06:19:59.705902+00:00
35,537,Kehrer,19,DEF,42,0,0,0.0,0.0,0.0,0,1,0,0,0,2026-08-19T06:19:39.194671+00:00,2026-08-19T06:19:59.705902+00:00
35,538,Mubama,19,FWD,41,0.4284,0.8825,0.1,0.198,0.1088,0.0004,1,0,0,0,2026-08-19T06:19:39.194671+00:00,2026-08-19T06:19:59.705902+00:00
35,539,L.Paquetá,19,MID,60,3.2464,2.8437,0.82,0.0324,0.7652,0.0336,1,2,90,1,2026-08-19T06:19:39.194671+00:00,2026-08-19T06:19:59.705902+00:00
35,541,Scamacca,19,FWD,60,0,0,0.0,0.0,0.0,0,1,0,0,0,2026-08-19T06:19:39.194671+00:00,2026-08-19T06:19:59.705902+00:00
35,542,Souček,19,MID,49,3.0592,2.6663,0.82,0.0324,0.7652,0.0248,1,2,73,1,2026-08-19T06:19:39.194671+00:00,2026-08-19T06:19:59.705902+00:00
35,543,Vlašić,19,MID,45,0,0,0.0,0.0,0.0,0,1,0,0,0,2026-08-19T06:19:39.194671+00:00,2026-08-19T06:19:59.705902+00:00
35,544,Zouma,19,DEF,45,0.9804,1.9685,0.22,0.1404,0.2158,0.0068,1,1,90,1,2026-08-19T06:19:39.194671+00:00,2026-08-19T06:19:59.705902+00:00
35,577,Ogbonna,19,DEF,42,0.8344,1.5877,0.22,0.1716,0.2183,0.0008,1,1,90,1,2026-08-19T06:19:39.194671+00:00,2026-08-19T06:19:59.705902+00:00
35,642,Álvarez,19,MID,50,2.0548,1.67,0.82,0.0324,0.7652,0.0028,1,2,90,1,2026-08-19T06:19:39.194671+00:00,2026-08-19T06:19:59.705902+00:00
35,647,Anang,19,GKP,40,0.136,0.661,0.04,0.0384,0.0403,0.0,1,0,0,0,2026-08-19T06:19:39.194671+00:00,2026-08-19T06:19:59.705902+00:00
35,664,Ward-Prowse,19,MID,58,4.1604,2.9843,0.9,0.018,0.8384,0.0548,1,1,16,0,2026-08-19T06:19:39.194671+00:00,2026-08-19T06:19:59.705902+00:00
35,676,Mavropanos,19,DEF,45,0.9748,1.8939,0.22,0.1716,0.2183,0.0056,1,0,0,0,2026-08-19T06:19:39.194671+00:00,2026-08-19T06:19:59.705902+00:00
35,689,Kudus,19,MID,68,3.2344,2.6465,0.82,0.0324,0.7652,0.0272,1,5,90,1,2026-08-19T06:19:39.194671+00:00,2026-08-19T06:19:59.705902+00:00
35,773,Orford,19,MID,45,0.4544,0.9153,0.1,0.198,0.1088,0.0,1,0,0,0,2026-08-19T06:19:39.194671+00:00,2026-08-19T06:19:59.705902+00:00
35,774,Casey,19,DEF,40,0.5256,1.2527,0.1,0.198,0.1088,0.0,1,0,0,0,2026-08-19T06:19:39.194671+00:00,2026-08-19T06:19:59.705902+00:00
35,784,Scarles,19,DEF,40,0.5336,1.2598,0.1,0.198,0.1088,0.0012,1,0,0,0,2026-08-19T06:19:39.194671+00:00,2026-08-19T06:19:59.705902+00:00
35,785,Marshall,19,FWD,45,0,0,0.0,0.0,0.0,0,1,0,0,0,2026-08-19T06:19:39.194671+00:00,2026-08-19T06:19:59.705902+00:00
35,829,Earthy,19,MID,45,0.4992,1.0076,0.1,0.198,0.1088,0.0008,1,0,0,0,2026-08-19T06:19:39.194671+00:00,2026-08-19T06:19:59.705902+00:00
35,351,Doyle,20,MID,44,1.374,1.5297,0.48,0.1144,0.4556,0.0008,1,0,0,0,2026-08-19T06:19:39.194671+00:00,2026-08-19T06:19:59.705902+00:00
35,545,Aït-Nouri,20,DEF,48,3.2852,3.1017,0.82,0.0324,0.7652,0.042,1,2,84,1,2026-08-19T06:19:39.194671+00:00,2026-08-19T06:19:59.705902+00:00
35,546,Bentley,20,GKP,39,0.1708,0.785,0.04,0.0384,0.0403,0.0,1,0,0,0,2026-08-19T06:19:39.194671+00:00,2026-08-19T06:19:59.705902+00:00
35,547,Bolla,20,DEF,40,0,0,0.0,0.0,0.0,0,1,0,0,0,2026-08-19T06:19:39.194671+00:00,2026-08-19T06:19:59.705902+00:00
35,548,H.Bueno,20,DEF,44,0.904,1.747,0.22,0.1716,0.2183,0.004,1,1,5,0,2026-08-19T06:19:39.194671+00:00,2026-08-19T06:19:59.705902+00:00
35,549,Chiquinho,20,MID,45,0,0,0.0,0.0,0.0,0,1,0,0,0,2026-08-19T06:19:39.194671+00:00,2026-08-19T06:19:59.705902+00:00
35,550,Cundle,20,MID,45,0,0,0.0,0.0,0.0,0,1,0,0,0,2026-08-19T06:19:39.194671+00:00,2026-08-19T06:19:59.705902+00:00
35,551,Dawson,20,DEF,45,0,0,0.0,0.0,0.0,0,1,0,0,0,2026-08-19T06:19:39.194671+00:00,2026-08-19T06:19:59.705902+00:00
35,552,Fábio Silva,20,FWD,52,0,0,0.0,0.0,0.0,0,1,0,0,0,2026-08-19T06:19:39.194671+00:00,2026-08-19T06:19:59.705902+00:00
35,554,Guedes,20,MID,54,0,0,0.0,0.0,0.0,0,1,0,0,0,2026-08-19T06:19:39.194671+00:00,2026-08-19T06:19:59.705902+00:00
35,555,Hodge,20,MID,44,0,0,0.0,0.0,0.0,0,1,0,0,0,2026-08-19T06:19:39.194671+00:00,2026-08-19T06:19:59.705902+00:00
35,556,Hoever,20,DEF,40,0,0,0.0,0.0,0.0,0,1,0,0,0,2026-08-19T06:19:39.194671+00:00,2026-08-19T06:19:59.705902+00:00
35,557,Hee Chan,20,MID,54,3.2184,3.313,0.68,0.0576,0.637,0.0472,1,6,90,1,2026-08-19T06:19:39.194671+00:00,2026-08-19T06:19:59.705902+00:00
35,559,João Gomes,20,MID,49,2.256,1.7825,0.82,0.0324,0.7652,0.0016,1,1,90,1,2026-08-19T06:19:39.194671+00:00,2026-08-19T06:19:59.705902+00:00
35,560,J.Otto,20,DEF,43,0,0,0.0,0.0,0.0,0,1,0,0,0,2026-08-19T06:19:39.194671+00:00,2026-08-19T06:19:59.705902+00:00
35,561,Jordão,20,MID,43,0.4416,0.9341,0.1,0.198,0.1088,0.0,1,0,0,0,2026-08-19T06:19:39.194671+00:00,2026-08-19T06:19:59.705902+00:00
35,562,Kalajdžić,20,FWD,49,0,0,0.0,0.0,0.0,0,1,0,0,0,2026-08-19T06:19:39.194671+00:00,2026-08-19T06:19:59.705902+00:00
35,563,Kilman,20,DEF,46,3.0184,2.5852,0.9,0.018,0.8384,0.0172,1,2,90,1,2026-08-19T06:19:39.194671+00:00,2026-08-19T06:19:59.705902+00:00
35,564,King,20,GKP,39,0.1508,0.7442,0.04,0.0384,0.0403,0.0,1,0,0,0,2026-08-19T06:19:39.194671+00:00,2026-08-19T06:19:59.705902+00:00
35,565,Mario Jr.,20,MID,49,2.6348,2.2955,0.82,0.0324,0.7652,0.0128,1,8,90,1,2026-08-19T06:19:39.194671+00:00,2026-08-19T06:19:59.705902+00:00
35,567,Neto,20,MID,55,2.9716,2.9279,0.68,0.0576,0.637,0.0364,1,0,0,0,2026-08-19T06:19:39.194671+00:00,2026-08-19T06:19:59.705902+00:00
35,568,Podence,20,MID,53,0,0,0.0,0.0,0.0,0,1,0,0,0,2026-08-19T06:19:39.194671+00:00,2026-08-19T06:19:59.705902+00:00
35,569,José Sá,20,GKP,50,3.592,2.323,0.9,0.008,0.8376,0.0016,1,3,90,1,2026-08-19T06:19:39.194671+00:00,2026-08-19T06:19:59.705902+00:00
35,570,Sarabia,20,MID,48,1.8544,2.9826,0.34,0.1188,0.3257,0.0348,1,0,14,0,2026-08-19T06:19:39.194671+00:00,2026-08-19T06:19:59.705902+00:00
35,571,Šarkić,20,GKP,40,0,0,0.0,0.0,0.0,0,1,0,0,0,2026-08-19T06:19:39.194671+00:00,2026-08-19T06:19:59.705902+00:00
35,572,N.Semedo,20,DEF,45,0,0,0.0,0.0,0.0,0,1,2,90,1,2026-08-19T06:19:39.194671+00:00,2026-08-19T06:19:59.705902+00:00
35,573,Toti,20,DEF,44,0.8388,1.6612,0.22,0.1404,0.2158,0.0028,1,11,90,1,2026-08-19T06:19:39.194671+00:00,2026-08-19T06:19:59.705902+00:00
35,574,Boubacar Traore,20,MID,43,0.8144,1.2543,0.28,0.1584,0.2731,0.0,1,2,90,1,2026-08-19T06:19:39.194671+00:00,2026-08-19T06:19:59.705902+00:00
35,590,Cunha,20,FWD,56,3.5956,3.0434,0.82,0.0324,0.7652,0.0556,1,5,75,1,2026-08-19T06:19:39.194671+00:00,2026-08-19T06:19:59.705902+00:00
35,598,Doherty,20,DEF,43,0.924,1.7974,0.22,0.1716,0.2183,0.0032,1,2,90,1,2026-08-19T06:19:39.194671+00:00,2026-08-19T06:19:59.705902+00:00
35,697,S.Bueno,20,DEF,45,0.8316,1.569,0.22,0.1716,0.2183,0.0024,1,0,0,0,2026-08-19T06:19:39.194671+00:00,2026-08-19T06:19:59.705902+00:00
35,698,González,20,MID,50,0.7496,1.3436,0.18,0.1804,0.1818,0.0008,1,0,0,0,2026-08-19T06:19:39.194671+00:00,2026-08-19T06:19:59.705902+00:00
35,704,Fraser,20,FWD,45,0.494,1.0167,0.1,0.198,0.1088,0.0,1,0,0,0,2026-08-19T06:19:39.194671+00:00,2026-08-19T06:19:59.705902+00:00
35,715,Bellegarde,20,MID,49,1.6252,1.9606,0.48,0.1144,0.4556,0.006,1,0,0,0,2026-08-19T06:19:39.194671+00:00,2026-08-19T06:19:59.705902+00:00
35,749,Whittingham,20,MID,45,0.474,0.9932,0.1,0.198,0.1088,0.0004,1,0,0,0,2026-08-19T06:19:39.194671+00:00,2026-08-19T06:19:59.705902+00:00
35,750,Chirewa,20,MID,44,0.4824,0.9833,0.1,0.198,0.1088,0.0,1,0,0,0,2026-08-19T06:19:39.194671+00:00,2026-08-19T06:19:59.705902+00:00
35,751,Hubner,20,DEF,40,0.5548,1.2963,0.1,0.198,0.1088,0.0008,1,0,0,0,2026-08-19T06:19:39.194671+00:00,2026-08-19T06:19:59.705902+00:00
35,769,Hesketh,20,MID,45,0,0,0.0,0.0,0.0,0,1,0,0,0,2026-08-19T06:19:39.194671+00:00,2026-08-19T06:19:59.705902+00:00
35,770,Barnett,20,MID,45,0.4756,0.9279,0.1,0.198,0.1088,0.0,1,0,0,0,2026-08-19T06:19:39.194671+00:00,2026-08-19T06:19:59.705902+00:00
35,787,Griffiths,20,MID,45,0.4772,0.9828,0.1,0.198,0.1088,0.0004,1,0,0,0,2026-08-19T06:19:39.194671+00:00,2026-08-19T06:19:59.705902+00:00
35,788,Mosquera,20,DEF,40,0,0,0.0,0.0,0.0,0,1,0,0,0,2026-08-19T06:19:39.194671+00:00,2026-08-19T06:19:59.705902+00:00
35,800,N.Lemina,20,MID,50,0.7604,1.3907,0.18,0.1804,0.1818,0.0016,1,0,0,0,2026-08-19T06:19:39.194671+00:00,2026-08-19T06:19:59.705902+00:00
35,832,Okoduwa,20,DEF,40,0.53,1.2462,0.1,0.198,0.1088,0.0004,1,0,0,0,2026-08-19T06:19:39.194671+00:00,2026-08-19T06:19:59.705902+00:00
35,836,Chiwome,20,FWD,45,0,0,0.0,0.0,0.0,0,1,0,0,0,2026-08-19T06:19:39.194671+00:00,2026-08-19T06:19:59.705902+00:00
35,840,Holman,20,FWD,45,0.4384,0.9201,0.1,0.198,0.1088,0.0,1,0,0,0,2026-08-19T06:19:39.194671+00:00,2026-08-19T06:19:59.705902+00:00
35,853,Ojinnaka,20,MID,45,0.4852,0.9813,0.1,0.198,0.1088,0.0,1,0,0,0,2026-08-19T06:19:39.194671+00:00,2026-08-19T06:19:59.705902+00:00
