gw,player_id,web_name,team_id,position,now_cost,mu,sigma,p_start,p_sub,p_60,p_10_plus,n_fixtures,actual_points,actual_minutes,did_start,captured_at,scored_at
36,1,Balogun,1,FWD,44,0,0,0.0,0.0,0.0,0,1,0,0,0,2026-08-19T06:19:40.821219+00:00,2026-08-19T06:19:59.737663+00:00
36,2,Cédric,1,DEF,38,0.4988,1.1693,0.1,0.198,0.1088,0.0,1,0,0,0,2026-08-19T06:19:40.821219+00:00,2026-08-19T06:19:59.737663+00:00
36,3,M.Elneny,1,MID,44,0.4528,0.9091,0.1,0.198,0.1088,0.0004,1,0,0,0,2026-08-19T06:19:40.821219+00:00,2026-08-19T06:19:59.737663+00:00
36,4,Fábio Vieira,1,MID,54,0.8412,1.6148,0.18,0.1804,0.1818,0.0032,1,0,0,0,2026-08-19T06:19:40.821219+00:00,2026-08-19T06:19:59.737663+00:00
36,5,Gabriel,1,DEF,54,3.4072,3.0618,0.9,0.018,0.8384,0.0404,1,7,90,1,2026-08-19T06:19:40.821219+00:00,2026-08-19T06:19:59.737663+00:00
36,6,Havertz,1,MID,75,4.4988,3.9029,0.82,0.0324,0.7652,0.1036,1,5,90,1,2026-08-19T06:19:40.821219+00:00,2026-08-19T06:19:59.737663+00:00
36,8,G.Jesus,1,FWD,77,3.1684,3.0866,0.68,0.0896,0.6396,0.0476,1,4,4,0,2026-08-19T06:19:40.821219+00:00,2026-08-19T06:19:59.737663+00:00
36,9,Jorginho,1,MID,53,1.5908,1.8665,0.48,0.1144,0.4556,0.0044,1,0,0,0,2026-08-19T06:19:40.821219+00:00,2026-08-19T06:19:59.737663+00:00
36,10,Kiwior,1,DEF,42,0.9304,1.8099,0.22,0.1716,0.2183,0.0028,1,0,0,0,2026-08-19T06:19:40.821219+00:00,2026-08-19T06:19:59.737663+00:00
36,11,Marquinhos,1,MID,45,0,0,0.0,0.0,0.0,0,1,0,0,0,2026-08-19T06:19:40.821219+00:00,2026-08-19T06:19:59.737663+00:00
36,12,Martinelli,1,MID,76,3.4824,3.5154,0.68,0.0576,0.637,0.0684,1,1,9,0,2026-08-19T06:19:40.821219+00:00,2026-08-19T06:19:59.737663+00:00
36,13,Nketiah,1,FWD,50,1.7704,2.402,0.48,0.1144,0.4556,0.018,1,0,0,0,2026-08-19T06:19:40.821219+00:00,2026-08-19T06:19:59.737663+00:00
36,14,Ødegaard,1,MID,86,4.5708,3.0967,0.9,0.018,0.8384,0.0716,1,3,90,1,2026-08-19T06:19:40.821219+00:00,2026-08-19T06:19:59.737663+00:00
36,15,Thomas,1,MID,48,0.9224,1.4326,0.28,0.1584,0.2731,0.0004,1,2,90,1,2026-08-19T06:19:40.821219+00:00,2026-08-19T06:19:59.737663+00:00
36,16,Pepe,1,MID,49,0,0,0.0,0.0,0.0,0,1,0,0,0,2026-08-19T06:19:40.821219+00:00,2026-08-19T06:19:59.737663+00:00
36,17,Ramsdale,1,GKP,45,0.1636,0.7279,0.04,0.0384,0.0403,0.0,1,0,0,0,2026-08-19T06:19:40.821219+00:00,2026-08-19T06:19:59.737663+00:00
36,18,Rúnarsson,1,GKP,40,0,0,0.0,0.0,0.0,0,1,0,0,0,2026-08-19T06:19:40.821219+00:00,2026-08-19T06:19:59.737663+00:00
36,19,Saka,1,MID,90,3.0608,4.0978,0.45,0.099,0.4264,0.088,1,10,85,1,2026-08-19T06:19:40.821219+00:00,2026-08-19T06:19:59.737663+00:00
36,20,Saliba,1,DEF,59,3.1636,2.5593,0.9,0.018,0.8384,0.0176,1,6,90,1,2026-08-19T06:19:40.821219+00:00,2026-08-19T06:19:59.737663+00:00
36,22,Smith Rowe,1,MID,53,1.0772,1.793,0.28,0.1584,0.2731,0.0036,1,0,0,0,2026-08-19T06:19:40.821219+00:00,2026-08-19T06:19:59.737663+00:00
36,24,Tierney,1,DEF,44,0,0,0.0,0.0,0.0,0,1,0,0,0,2026-08-19T06:19:40.821219+00:00,2026-08-19T06:19:59.737663+00:00
36,25,Tomiyasu,1,DEF,45,1.0424,1.9788,0.22,0.1716,0.2183,0.0048,1,6,90,1,2026-08-19T06:19:40.821219+00:00,2026-08-19T06:19:59.737663+00:00
36,26,Trossard,1,MID,65,3.6472,3.6815,0.68,0.0896,0.6396,0.0712,1,8,80,1,2026-08-19T06:19:40.821219+00:00,2026-08-19T06:19:59.737663+00:00
36,29,White,1,DEF,61,3.416,2.658,0.9,0.018,0.8384,0.0192,1,6,90,1,2026-08-19T06:19:40.821219+00:00,2026-08-19T06:19:59.737663+00:00
36,30,Xhaka,1,MID,60,0,0,0.0,0.0,0.0,0,1,0,0,0,2026-08-19T06:19:40.821219+00:00,2026-08-19T06:19:59.737663+00:00
36,31,Zinchenko,1,DEF,50,3.026,2.9704,0.68,0.0576,0.637,0.028,1,0,0,0,2026-08-19T06:19:40.821219+00:00,2026-08-19T06:19:59.737663+00:00
36,113,Raya,1,GKP,52,2.9536,2.1477,0.9,0.008,0.8376,0.0,1,6,90,1,2026-08-19T06:19:40.821219+00:00,2026-08-19T06:19:59.737663+00:00
36,540,Rice,1,MID,55,3.2856,2.3559,0.9,0.018,0.8384,0.0212,1,14,90,1,2026-08-19T06:19:40.821219+00:00,2026-08-19T06:19:59.737663+00:00
36,578,Nelson,1,MID,48,0.7032,1.3254,0.18,0.1804,0.1818,0.0012,1,0,0,0,2026-08-19T06:19:40.821219+00:00,2026-08-19T06:19:59.737663+00:00
36,585,J.Timber,1,DEF,46,0.76,1.5498,0.18,0.1804,0.1818,0.0008,1,0,0,0,2026-08-19T06:19:40.821219+00:00,2026-08-19T06:19:59.737663+00:00
36,646,Hein,1,GKP,40,0.146,0.6946,0.04,0.0384,0.0403,0.0,1,0,0,0,2026-08-19T06:19:40.821219+00:00,2026-08-19T06:19:59.737663+00:00
36,735,Sagoe,1,MID,45,0,0,0.0,0.0,0.0,0,1,0,0,0,2026-08-19T06:19:40.821219+00:00,2026-08-19T06:19:59.737663+00:00
36,736,Walters,1,DEF,40,0.4936,1.2385,0.1,0.198,0.1088,0.0016,1,0,0,0,2026-08-19T06:19:40.821219+00:00,2026-08-19T06:19:59.737663+00:00
36,737,Ibrahim,1,MID,45,0,0,0.0,0.0,0.0,0,1,0,0,0,2026-08-19T06:19:40.821219+00:00,2026-08-19T06:19:59.737663+00:00
36,764,Lewis-Skelly,1,MID,45,0.4848,0.9959,0.1,0.198,0.1088,0.0,1,0,0,0,2026-08-19T06:19:40.821219+00:00,2026-08-19T06:19:59.737663+00:00
36,772,Nwaneri,1,MID,45,0.4712,0.9625,0.1,0.198,0.1088,0.0,1,0,0,0,2026-08-19T06:19:40.821219+00:00,2026-08-19T06:19:59.737663+00:00
36,815,Bandeira,1,MID,45,0.488,1.0142,0.1,0.198,0.1088,0.0008,1,0,0,0,2026-08-19T06:19:40.821219+00:00,2026-08-19T06:19:59.737663+00:00
36,817,Sweet,1,DEF,40,0.536,1.2518,0.1,0.198,0.1088,0.0,1,0,0,0,2026-08-19T06:19:40.821219+00:00,2026-08-19T06:19:59.737663+00:00
36,32,Alex Moreno,2,DEF,49,0.9956,1.9142,0.24,0.1672,0.2366,0.006,1,1,1,0,2026-08-19T06:19:40.821219+00:00,2026-08-19T06:19:59.737663+00:00
36,34,Bailey,2,MID,55,3.2684,3.3588,0.68,0.0576,0.637,0.0568,1,2,90,1,2026-08-19T06:19:40.821219+00:00,2026-08-19T06:19:59.737663+00:00
36,35,Buendia,2,MID,57,0,0,0.0,0.0,0.0,0,1,0,0,0,2026-08-19T06:19:40.821219+00:00,2026-08-19T06:19:59.737663+00:00
36,36,Cash,2,DEF,45,0,0,0.0,0.0,0.0,0,1,1,64,1,2026-08-19T06:19:40.821219+00:00,2026-08-19T06:19:59.737663+00:00
36,37,Chambers,2,DEF,38,0.4832,1.1073,0.1,0.198,0.1088,0.0,1,1,1,0,2026-08-19T06:19:40.821219+00:00,2026-08-19T06:19:59.737663+00:00
36,38,Coutinho,2,MID,58,0,0,0.0,0.0,0.0,0,1,0,0,0,2026-08-19T06:19:40.821219+00:00,2026-08-19T06:19:59.737663+00:00
36,39,Davis,2,FWD,49,0,0,0.0,0.0,0.0,0,1,0,0,0,2026-08-19T06:19:40.821219+00:00,2026-08-19T06:19:59.737663+00:00
36,40,Dendoncker,2,MID,49,0,0,0.0,0.0,0.0,0,1,0,0,0,2026-08-19T06:19:40.821219+00:00,2026-08-19T06:19:59.737663+00:00
36,41,Diego Carlos,2,DEF,44,0.714,1.5026,0.22,0.1404,0.2158,0.0016,1,2,90,1,2026-08-19T06:19:40.821219+00:00,2026-08-19T06:19:59.737663+00:00
36,42,Digne,2,DEF,46,2.4824,2.4567,0.82,0.0324,0.7652,0.012,1,2,89,1,2026-08-19T06:19:40.821219+00:00,2026-08-19T06:19:59.737663+00:00
36,43,Douglas Luiz,2,MID,54,3.6904,2.7313,0.9,0.018,0.8384,0.0356,1,2,90,1,2026-08-19T06:19:40.821219+00:00,2026-08-19T06:19:59.737663+00:00
36,44,Duran,2,FWD,50,0.9076,1.4243,0.28,0.1584,0.2731,0.0024,1,1,17,0,2026-08-19T06:19:40.821219+00:00,2026-08-19T06:19:59.737663+00:00
36,45,Hause,2,DEF,39,0.486,1.1754,0.1,0.198,0.1088,0.0008,1,0,0,0,2026-08-19T06:19:40.821219+00:00,2026-08-19T06:19:59.737663+00:00
36,46,Iroegbunam,2,MID,44,0.4656,0.9476,0.1,0.198,0.1088,0.0004,1,0,0,0,2026-08-19T06:19:40.821219+00:00,2026-08-19T06:19:59.737663+00:00
36,47,Kamara,2,MID,50,0,0,0.0,0.0,0.0,0,1,0,0,0,2026-08-19T06:19:40.821219+00:00,2026-08-19T06:19:59.737663+00:00
36,48,Konsa,2,DEF,45,0.7976,1.6561,0.22,0.1404,0.2158,0.0028,1,2,89,1,2026-08-19T06:19:40.821219+00:00,2026-08-19T06:19:59.737663+00:00
36,49,Martinez,2,GKP,53,3.172,2.1968,0.9,0.008,0.8376,0.0008,1,0,0,0,2026-08-19T06:19:40.821219+00:00,2026-08-19T06:19:59.737663+00:00
36,50,McGinn,2,MID,53,3.1576,2.4126,0.9,0.018,0.8384,0.0204,1,2,90,1,2026-08-19T06:19:40.821219+00:00,2026-08-19T06:19:59.737663+00:00
36,51,Mings,2,DEF,41,0,0,0.0,0.0,0.0,0,1,0,0,0,2026-08-19T06:19:40.821219+00:00,2026-08-19T06:19:59.737663+00:00
36,53,Olsen,2,GKP,39,0.16,0.7633,0.04,0.0384,0.0403,0.0,1,12,90,1,2026-08-19T06:19:40.821219+00:00,2026-08-19T06:19:59.737663+00:00
36,54,Philogene,2,MID,45,0,0,0.0,0.0,0.0,0,1,0,0,0,2026-08-19T06:19:40.821219+00:00,2026-08-19T06:19:59.737663+00:00
36,55,J.Ramsey,2,MID,59,0,0,0.0,0.0,0.0,0,1,0,0,0,2026-08-19T06:19:40.821219+00:00,2026-08-19T06:19:59.737663+00:00
36,56,Sanson,2,MID,45,0,0,0.0,0.0,0.0,0,1,0,0,0,2026-08-19T06:19:40.821219+00:00,2026-08-19T06:19:59.737663+00:00
36,57,Sinisalo,2,GKP,40,0,0,0.0,0.0,0.0,0,1,0,0,0,2026-08-19T06:19:40.821219+00:00,2026-08-19T06:19:59.737663+00:00
36,58,Tielemans,2,MID,56,0,0,0.0,0.0,0.0,0,1,0,0,0,2026-08-19T06:19:40.821219+00:00,2026-08-19T06:19:59.737663+00:00
36,59,Bertrand Traoré,2,MID,50,0,0,0.0,0.0,0.0,0,1,0,0,0,2026-08-19T06:19:40.821219+00:00,2026-08-19T06:19:59.737663+00:00
36,60,Watkins,2,FWD,90,4.3048,3.0208,0.9,0.018,0.8384,0.0632,1,2,90,1,2026-08-19T06:19:40.821219+00:00,2026-08-19T06:19:59.737663+00:00
36,61,Wesley,2,FWD,50,0,0,0.0,0.0,0.0,0,1,0,0,0,2026-08-19T06:19:40.821219+00:00,2026-08-19T06:19:59.737663+00:00
36,584,Pau,2,DEF,46,2.4308,2.2092,0.82,0.0324,0.7652,0.0044,1,2,90,1,2026-08-19T06:19:40.821219+00:00,2026-08-19T06:19:59.737663+00:00
36,599,Diaby,2,MID,63,3.0868,3.0962,0.68,0.0576,0.637,0.0408,1,3,72,1,2026-08-19T06:19:40.821219+00:00,2026-08-19T06:19:59.737663+00:00
36,618,Kellyman,2,MID,45,0.4876,1.0119,0.1,0.198,0.1088,0.0,1,0,0,0,2026-08-19T06:19:40.821219+00:00,2026-08-19T06:19:59.737663+00:00
36,670,Marschall,2,GKP,40,0,0,0.0,0.0,0.0,0,1,0,0,0,2026-08-19T06:19:40.821219+00:00,2026-08-19T06:19:59.737663+00:00
36,672,Zaniolo,2,MID,54,0,0,0.0,0.0,0.0,0,1,0,0,0,2026-08-19T06:19:40.821219+00:00,2026-08-19T06:19:59.737663+00:00
36,686,Zych,2,GKP,40,0,0,0.0,0.0,0.0,0,1,0,0,0,2026-08-19T06:19:40.821219+00:00,2026-08-19T06:19:59.737663+00:00
36,699,Lenglet,2,DEF,45,0.8116,1.6232,0.22,0.1716,0.2183,0.0028,1,0,0,0,2026-08-19T06:19:40.821219+00:00,2026-08-19T06:19:59.737663+00:00
36,765,Proctor,2,GKP,40,0.1656,0.7446,0.04,0.0384,0.0403,0.0,1,0,0,0,2026-08-19T06:19:40.821219+00:00,2026-08-19T06:19:59.737663+00:00
36,767,O'Reilly,2,MID,45,0,0,0.0,0.0,0.0,0,1,0,0,0,2026-08-19T06:19:40.821219+00:00,2026-08-19T06:19:59.737663+00:00
36,778,Wright,2,GKP,40,0.1668,0.7736,0.04,0.0384,0.0403,0.0,1,0,0,0,2026-08-19T06:19:40.821219+00:00,2026-08-19T06:19:59.737663+00:00
36,793,Kesler-Hayden,2,DEF,40,0.4624,1.1126,0.1,0.198,0.1088,0.0004,1,0,0,0,2026-08-19T06:19:40.821219+00:00,2026-08-19T06:19:59.737663+00:00
36,803,Rogers,2,MID,50,0,0,0.0,0.0,0.0,0,1,1,25,0,2026-08-19T06:19:40.821219+00:00,2026-08-19T06:19:59.737663+00:00
36,818,Gauci,2,GKP,39,0.1556,0.7096,0.04,0.0384,0.0403,0.0,1,0,0,0,2026-08-19T06:19:40.821219+00:00,2026-08-19T06:19:59.737663+00:00
36,854,Munroe,2,DEF,40,0.4828,1.1324,0.1,0.198,0.1088,0.0004,1,0,0,0,2026-08-19T06:19:40.821219+00:00,2026-08-19T06:19:59.737663+00:00
36,865,Young,2,MID,45,0.4272,0.9391,0.1,0.198,0.1088,0.0004,1,,,,2026-08-19T06:19:40.821219+00:00,
36,866,Emery,2,GKP,40,0.142,0.6785,0.04,0.0384,0.0403,0.0,1,,,,2026-08-19T06:19:40.821219+00:00,
36,62,Anthony,3,MID,49,0,0,0.0,0.0,0.0,0,1,0,0,0,2026-08-19T06:19:40.821219+00:00,2026-08-19T06:19:59.737663+00:00
36,63,Billing,3,MID,51,1.7056,2.1322,0.48,0.1144,0.4556,0.0088,1,1,19,0,2026-08-19T06:19:40.821219+00:00,2026-08-19T06:19:59.737663+00:00
36,64,Brooks,3,MID,47,0,0,0.0,0.0,0.0,0,1,0,0,0,2026-08-19T06:19:40.821219+00:00,2026-08-19T06:19:59.737663+00:00
36,65,Christie,3,MID,50,2.7836,1.9545,0.9,0.018,0.8384,0.0084,1,1,90,1,2026-08-19T06:19:40.821219+00:00,2026-08-19T06:19:59.737663+00:00
36,66,L.Cook,3,MID,49,2.1716,1.4288,0.82,0.0324,0.7652,0.0004,1,2,90,1,2026-08-19T06:19:40.821219+00:00,2026-08-19T06:19:59.737663+00:00
36,67,Siriki,3,MID,45,0,0,0.0,0.0,0.0,0,1,0,0,0,2026-08-19T06:19:40.821219+00:00,2026-08-19T06:19:59.737663+00:00
36,68,Fredericks,3,DEF,43,0,0,0.0,0.0,0.0,0,1,0,0,0,2026-08-19T06:19:40.821219+00:00,2026-08-19T06:19:59.737663+00:00
36,69,Hill,3,DEF,40,0.4428,1.087,0.1,0.198,0.1088,0.0008,1,0,0,0,2026-08-19T06:19:40.821219+00:00,2026-08-19T06:19:59.737663+00:00
36,70,Kelly,3,DEF,45,0.7816,1.5421,0.22,0.1716,0.2183,0.0008,1,0,0,0,2026-08-19T06:19:40.821219+00:00,2026-08-19T06:19:59.737663+00:00
36,71,Kilkenny,3,MID,43,0,0,0.0,0.0,0.0,0,1,0,0,0,2026-08-19T06:19:40.821219+00:00,2026-08-19T06:19:59.737663+00:00
36,72,Kluivert,3,MID,46,2.422,2.5806,0.68,0.0576,0.637,0.0168,1,2,88,1,2026-08-19T06:19:40.821219+00:00,2026-08-19T06:19:59.737663+00:00
36,73,Lowe,3,MID,49,0,0,0.0,0.0,0.0,0,1,0,0,0,2026-08-19T06:19:40.821219+00:00,2026-08-19T06:19:59.737663+00:00
36,74,Marcondes,3,MID,43,0,0,0.0,0.0,0.0,0,1,0,0,0,2026-08-19T06:19:40.821219+00:00,2026-08-19T06:19:59.737663+00:00
36,75,Mepham,3,DEF,43,0.4508,1.0365,0.11,0.1958,0.118,0.0004,1,0,0,0,2026-08-19T06:19:40.821219+00:00,2026-08-19T06:19:59.737663+00:00
36,76,Moore,3,FWD,46,0,0,0.0,0.0,0.0,0,1,0,0,0,2026-08-19T06:19:40.821219+00:00,2026-08-19T06:19:59.737663+00:00
36,77,Neto,3,GKP,47,3.1776,2.19,0.9,0.008,0.8376,0.002,1,0,0,0,2026-08-19T06:19:40.821219+00:00,2026-08-19T06:19:59.737663+00:00
36,78,O.Dango,3,MID,47,1.6388,2.0711,0.48,0.1144,0.4556,0.0056,1,2,90,1,2026-08-19T06:19:40.821219+00:00,2026-08-19T06:19:59.737663+00:00
36,79,Pearson,3,MID,45,0,0,0.0,0.0,0.0,0,1,0,0,0,2026-08-19T06:19:40.821219+00:00,2026-08-19T06:19:59.737663+00:00
36,80,Randolph,3,GKP,39,0.1456,0.6698,0.04,0.0384,0.0403,0.0,1,0,0,0,2026-08-19T06:19:40.821219+00:00,2026-08-19T06:19:59.737663+00:00
36,81,Rothwell,3,MID,48,0,0,0.0,0.0,0.0,0,1,0,0,0,2026-08-19T06:19:40.821219+00:00,2026-08-19T06:19:59.737663+00:00
36,82,Semenyo,3,FWD,45,2.468,2.4033,0.68,0.0576,0.637,0.0148,1,2,90,1,2026-08-19T06:19:40.821219+00:00,2026-08-19T06:19:59.737663+00:00
36,83,Senesi,3,DEF,44,0.8792,1.8624,0.22,0.1404,0.2158,0.0056,1,1,79,1,2026-08-19T06:19:40.821219+00:00,2026-08-19T06:19:59.737663+00:00
36,84,Smith,3,DEF,44,0.7164,1.4283,0.22,0.1404,0.2158,0.0004,1,0,88,1,2026-08-19T06:19:40.821219+00:00,2026-08-19T06:19:59.737663+00:00
36,85,Solanke,3,FWD,72,4.1368,3.0243,0.9,0.018,0.8384,0.0712,1,2,90,1,2026-08-19T06:19:40.821219+00:00,2026-08-19T06:19:59.737663+00:00
36,86,Tavernier,3,MID,50,3.0196,2.5102,0.82,0.0324,0.7652,0.022,1,0,0,0,2026-08-19T06:19:40.821219+00:00,2026-08-19T06:19:59.737663+00:00
36,87,Hamed Traorè,3,MID,47,0,0,0.0,0.0,0.0,0,1,0,0,0,2026-08-19T06:19:40.821219+00:00,2026-08-19T06:19:59.737663+00:00
36,88,Travers,3,GKP,40,0.1512,0.6949,0.04,0.0384,0.0403,0.0,1,3,90,1,2026-08-19T06:19:40.821219+00:00,2026-08-19T06:19:59.737663+00:00
36,89,Zabarnyi,3,DEF,45,0.7072,1.4565,0.22,0.1404,0.2158,0.0016,1,1,90,1,2026-08-19T06:19:40.821219+00:00,2026-08-19T06:19:59.737663+00:00
36,595,Kerkez,3,DEF,44,0.7948,1.6734,0.22,0.1404,0.2158,0.0036,1,0,0,0,2026-08-19T06:19:40.821219+00:00,2026-08-19T06:19:59.737663+00:00
36,607,Radu,3,GKP,43,0.1672,0.7464,0.04,0.0384,0.0403,0.0,1,0,0,0,2026-08-19T06:19:40.821219+00:00,2026-08-19T06:19:59.737663+00:00
36,619,Greenwood,3,DEF,40,0,0,0.0,0.0,0.0,0,1,0,0,0,2026-08-19T06:19:40.821219+00:00,2026-08-19T06:19:59.737663+00:00
36,643,Aarons,3,DEF,44,0.76,1.4648,0.22,0.1716,0.2183,0.0004,1,1,1,0,2026-08-19T06:19:40.821219+00:00,2026-08-19T06:19:59.737663+00:00
36,644,Scott,3,MID,49,1.5164,1.7572,0.48,0.1144,0.4556,0.0024,1,1,70,1,2026-08-19T06:19:40.821219+00:00,2026-08-19T06:19:59.737663+00:00
36,673,Adams,3,MID,49,0.6884,1.2649,0.18,0.1804,0.1818,0.0012,1,0,0,0,2026-08-19T06:19:40.821219+00:00,2026-08-19T06:19:59.737663+00:00
36,705,Sinisterra,3,MID,55,0,0,0.0,0.0,0.0,0,1,0,0,0,2026-08-19T06:19:40.821219+00:00,2026-08-19T06:19:59.737663+00:00
36,799,Faivre,3,MID,50,0.7116,1.2773,0.18,0.1804,0.1818,0.0012,1,1,1,0,2026-08-19T06:19:40.821219+00:00,2026-08-19T06:19:59.737663+00:00
36,802,Kinsey,3,DEF,40,0.4988,1.1497,0.1,0.198,0.1088,0.0,1,0,0,0,2026-08-19T06:19:40.821219+00:00,2026-08-19T06:19:59.737663+00:00
36,804,Enes Ünal,3,FWD,50,0.712,1.3762,0.18,0.1804,0.1818,0.0032,1,1,10,0,2026-08-19T06:19:40.821219+00:00,2026-08-19T06:19:59.737663+00:00
36,811,Sadi,3,MID,45,0.4644,0.982,0.1,0.198,0.1088,0.0008,1,0,0,0,2026-08-19T06:19:40.821219+00:00,2026-08-19T06:19:59.737663+00:00
36,849,Dacosta Gonzalez,3,MID,45,0.4772,0.9369,0.1,0.198,0.1088,0.0,1,0,0,0,2026-08-19T06:19:40.821219+00:00,2026-08-19T06:19:59.737663+00:00
36,855,McKenna,3,GKP,40,0.1708,0.7447,0.04,0.0384,0.0403,0.0,1,0,0,0,2026-08-19T06:19:40.821219+00:00,2026-08-19T06:19:59.737663+00:00
36,90,Ajer,4,DEF,44,1.0248,2.0916,0.22,0.1404,0.2158,0.0088,1,1,45,1,2026-08-19T06:19:40.821219+00:00,2026-08-19T06:19:59.737663+00:00
36,91,Balcombe,4,GKP,39,0.1588,0.7612,0.04,0.0384,0.0403,0.0,1,0,0,0,2026-08-19T06:19:40.821219+00:00,2026-08-19T06:19:59.737663+00:00
36,92,Baptiste,4,MID,43,0.4848,1.059,0.1,0.198,0.1088,0.0008,1,0,0,0,2026-08-19T06:19:40.821219+00:00,2026-08-19T06:19:59.737663+00:00
36,93,Bech,4,DEF,40,0,0,0.0,0.0,0.0,0,1,0,0,0,2026-08-19T06:19:40.821219+00:00,2026-08-19T06:19:59.737663+00:00
36,94,Bidstrup,4,MID,45,0,0,0.0,0.0,0.0,0,1,0,0,0,2026-08-19T06:19:40.821219+00:00,2026-08-19T06:19:59.737663+00:00
36,95,Canós,4,MID,50,0,0,0.0,0.0,0.0,0,1,0,0,0,2026-08-19T06:19:40.821219+00:00,2026-08-19T06:19:59.737663+00:00
36,96,Collins,4,DEF,45,0.5156,1.3784,0.11,0.1602,0.1151,0.0028,1,7,90,1,2026-08-19T06:19:40.821219+00:00,2026-08-19T06:19:59.737663+00:00
36,97,Cox,4,GKP,40,0,0,0.0,0.0,0.0,0,1,0,0,0,2026-08-19T06:19:40.821219+00:00,2026-08-19T06:19:59.737663+00:00
36,98,Damsgaard,4,MID,48,0.972,1.5616,0.28,0.1584,0.2731,0.0012,1,3,81,1,2026-08-19T06:19:40.821219+00:00,2026-08-19T06:19:59.737663+00:00
36,99,Dasilva,4,MID,47,0,0,0.0,0.0,0.0,0,1,0,0,0,2026-08-19T06:19:40.821219+00:00,2026-08-19T06:19:59.737663+00:00
36,100,Dervişoğlu,4,FWD,45,0,0,0.0,0.0,0.0,0,1,0,0,0,2026-08-19T06:19:40.821219+00:00,2026-08-19T06:19:59.737663+00:00
36,101,Flekken,4,GKP,47,3.4528,2.3022,0.9,0.008,0.8376,0.0016,1,10,90,1,2026-08-19T06:19:40.821219+00:00,2026-08-19T06:19:59.737663+00:00
36,102,Goode,4,DEF,39,0,0,0.0,0.0,0.0,0,1,0,0,0,2026-08-19T06:19:40.821219+00:00,2026-08-19T06:19:59.737663+00:00
36,103,Henry,4,DEF,43,0,0,0.0,0.0,0.0,0,1,0,0,0,2026-08-19T06:19:40.821219+00:00,2026-08-19T06:19:59.737663+00:00
36,104,Hickey,4,DEF,43,0,0,0.0,0.0,0.0,0,1,0,0,0,2026-08-19T06:19:40.821219+00:00,2026-08-19T06:19:59.737663+00:00
36,105,Janelt,4,MID,52,2.4624,1.7203,0.9,0.018,0.8384,0.0036,1,3,65,1,2026-08-19T06:19:40.821219+00:00,2026-08-19T06:19:59.737663+00:00
36,106,Jensen,4,MID,52,2.9684,2.1246,0.82,0.0324,0.7652,0.01,1,0,0,0,2026-08-19T06:19:40.821219+00:00,2026-08-19T06:19:59.737663+00:00
36,107,Lewis-Potter,4,MID,47,2.1972,2.8634,0.48,0.1144,0.4556,0.028,1,3,65,1,2026-08-19T06:19:40.821219+00:00,2026-08-19T06:19:59.737663+00:00
36,108,Mbeumo,4,MID,68,4.1636,4.2956,0.68,0.0576,0.637,0.1176,1,3,90,1,2026-08-19T06:19:40.821219+00:00,2026-08-19T06:19:59.737663+00:00
36,109,Mee,4,DEF,47,0,0,0.0,0.0,0.0,0,1,0,0,0,2026-08-19T06:19:40.821219+00:00,2026-08-19T06:19:59.737663+00:00
36,110,Nørgaard,4,MID,52,2.774,2.4891,0.82,0.0324,0.7652,0.0236,1,3,81,1,2026-08-19T06:19:40.821219+00:00,2026-08-19T06:19:59.737663+00:00
36,111,Onyeka,4,MID,49,0.9004,1.6298,0.24,0.1672,0.2366,0.0036,1,1,8,0,2026-08-19T06:19:40.821219+00:00,2026-08-19T06:19:59.737663+00:00
36,112,Pinnock,4,DEF,45,1.0096,1.9859,0.22,0.1404,0.2158,0.0064,1,6,90,1,2026-08-19T06:19:40.821219+00:00,2026-08-19T06:19:59.737663+00:00
36,114,Roerslev,4,DEF,44,1.0288,2.0595,0.22,0.1404,0.2158,0.0068,1,1,45,1,2026-08-19T06:19:40.821219+00:00,2026-08-19T06:19:59.737663+00:00
36,115,Schade,4,MID,52,1.1512,1.8554,0.28,0.1584,0.2731,0.0048,1,1,8,0,2026-08-19T06:19:40.821219+00:00,2026-08-19T06:19:59.737663+00:00
36,116,Strakosha,4,GKP,39,0.2076,0.9609,0.04,0.0384,0.0403,0.0008,1,0,0,0,2026-08-19T06:19:40.821219+00:00,2026-08-19T06:19:59.737663+00:00
36,117,Toney,4,FWD,78,2.112,2.617,0.48,0.1456,0.458,0.0216,1,2,90,1,2026-08-19T06:19:40.821219+00:00,2026-08-19T06:19:59.737663+00:00
36,118,Trevitt,4,MID,45,0,0,0.0,0.0,0.0,0,1,0,0,0,2026-08-19T06:19:40.821219+00:00,2026-08-19T06:19:59.737663+00:00
36,119,Wissa,4,FWD,57,3.4108,2.9957,0.82,0.0324,0.7652,0.0548,1,1,24,0,2026-08-19T06:19:40.821219+00:00,2026-08-19T06:19:59.737663+00:00
36,120,Yarmoliuk,4,MID,42,0.9116,1.4748,0.28,0.1584,0.2731,0.0024,1,1,24,0,2026-08-19T06:19:40.821219+00:00,2026-08-19T06:19:59.737663+00:00
36,121,Zanka,4,DEF,43,0.8752,1.768,0.22,0.1716,0.2183,0.004,1,0,0,0,2026-08-19T06:19:40.821219+00:00,2026-08-19T06:19:59.737663+00:00
36,258,Maupay,4,FWD,49,2.6872,2.7814,0.68,0.0704,0.638,0.0352,1,0,0,0,2026-08-19T06:19:40.821219+00:00,2026-08-19T06:19:59.737663+00:00
36,508,Reguilón,4,DEF,45,1.1072,2.1757,0.22,0.1716,0.2183,0.0096,1,8,90,1,2026-08-19T06:19:40.821219+00:00,2026-08-19T06:19:59.737663+00:00
36,620,Olakigbe,4,MID,45,0,0,0.0,0.0,0.0,0,1,0,0,0,2026-08-19T06:19:40.821219+00:00,2026-08-19T06:19:59.737663+00:00
36,684,Brierley,4,MID,45,0.4992,1.0218,0.1,0.198,0.1088,0.0,1,0,0,0,2026-08-19T06:19:40.821219+00:00,2026-08-19T06:19:59.737663+00:00
36,701,Ghoddos,4,MID,45,0.834,1.3565,0.28,0.1584,0.2731,0.0008,1,0,0,0,2026-08-19T06:19:40.821219+00:00,2026-08-19T06:19:59.737663+00:00
36,725,Kim Ji-Soo,4,DEF,40,0.5364,1.2746,0.1,0.198,0.1088,0.0004,1,0,0,0,2026-08-19T06:19:40.821219+00:00,2026-08-19T06:19:59.737663+00:00
36,733,Adedokun,4,DEF,40,0.4968,1.1991,0.1,0.198,0.1088,0.0004,1,0,0,0,2026-08-19T06:19:40.821219+00:00,2026-08-19T06:19:59.737663+00:00
36,744,Peart-Harris,4,MID,45,0,0,0.0,0.0,0.0,0,1,0,0,0,2026-08-19T06:19:40.821219+00:00,2026-08-19T06:19:59.737663+00:00
36,752,Angelini,4,GKP,40,0.1684,0.768,0.04,0.0384,0.0403,0.0,1,0,0,0,2026-08-19T06:19:40.821219+00:00,2026-08-19T06:19:59.737663+00:00
36,789,Valdimarsson,4,GKP,40,0.1752,0.8055,0.04,0.0384,0.0403,0.0004,1,0,0,0,2026-08-19T06:19:40.821219+00:00,2026-08-19T06:19:59.737663+00:00
36,797,Fredrick,4,DEF,40,0.5308,1.3017,0.1,0.198,0.1088,0.0004,1,0,0,0,2026-08-19T06:19:40.821219+00:00,2026-08-19T06:19:59.737663+00:00
36,834,Arthur,4,DEF,40,0.5156,1.2132,0.1,0.198,0.1088,0.0,1,0,0,0,2026-08-19T06:19:40.821219+00:00,2026-08-19T06:19:59.737663+00:00
36,864,Konak,4,MID,45,0.4864,0.9707,0.1,0.198,0.1088,0.0,1,,,,2026-08-19T06:19:40.821219+00:00,
36,122,Adingra,5,MID,50,2.7924,2.7519,0.68,0.0576,0.637,0.0228,1,2,90,1,2026-08-19T06:19:40.821219+00:00,2026-08-19T06:19:59.737663+00:00
36,123,Alzate,5,MID,44,0,0,0.0,0.0,0.0,0,1,0,0,0,2026-08-19T06:19:40.821219+00:00,2026-08-19T06:19:59.737663+00:00
36,124,Ayari,5,MID,45,0,0,0.0,0.0,0.0,0,1,0,0,0,2026-08-19T06:19:40.821219+00:00,2026-08-19T06:19:59.737663+00:00
36,125,Buonanotte,5,MID,47,1.5532,2.063,0.48,0.1144,0.4556,0.006,1,3,60,1,2026-08-19T06:19:40.821219+00:00,2026-08-19T06:19:59.737663+00:00
36,127,Connolly,5,FWD,45,0,0,0.0,0.0,0.0,0,1,0,0,0,2026-08-19T06:19:40.821219+00:00,2026-08-19T06:19:59.737663+00:00
36,128,Dahoud,5,MID,48,0,0,0.0,0.0,0.0,0,1,0,0,0,2026-08-19T06:19:40.821219+00:00,2026-08-19T06:19:59.737663+00:00
36,129,Dunk,5,DEF,52,0,0,0.0,0.0,0.0,0,1,7,90,1,2026-08-19T06:19:40.821219+00:00,2026-08-19T06:19:59.737663+00:00
36,130,Enciso,5,MID,50,1.0452,1.6539,0.28,0.1584,0.2731,0.0024,1,1,29,0,2026-08-19T06:19:40.821219+00:00,2026-08-19T06:19:59.737663+00:00
36,131,Estupiñan,5,DEF,48,0,0,0.0,0.0,0.0,0,1,0,0,0,2026-08-19T06:19:40.821219+00:00,2026-08-19T06:19:59.737663+00:00
36,132,Ferguson,5,FWD,57,0,0,0.0,0.0,0.0,0,1,0,0,0,2026-08-19T06:19:40.821219+00:00,2026-08-19T06:19:59.737663+00:00
36,133,Gilmour,5,MID,48,2.006,1.816,0.68,0.0576,0.637,0.0052,1,3,87,1,2026-08-19T06:19:40.821219+00:00,2026-08-19T06:19:59.737663+00:00
36,134,Gross,5,MID,61,4.4716,3.0423,0.9,0.018,0.8384,0.0688,1,2,90,1,2026-08-19T06:19:40.821219+00:00,2026-08-19T06:19:59.737663+00:00
36,135,João Pedro,5,FWD,52,3.6488,3.469,0.68,0.0576,0.637,0.078,1,5,90,1,2026-08-19T06:19:40.821219+00:00,2026-08-19T06:19:59.737663+00:00
36,136,Karbownik,5,DEF,40,0,0,0.0,0.0,0.0,0,1,0,0,0,2026-08-19T06:19:40.821219+00:00,2026-08-19T06:19:59.737663+00:00
36,137,Kozłowski,5,MID,45,0,0,0.0,0.0,0.0,0,1,0,0,0,2026-08-19T06:19:40.821219+00:00,2026-08-19T06:19:59.737663+00:00
36,138,Lallana,5,MID,49,1.5156,1.8525,0.48,0.1144,0.4556,0.0036,1,0,0,0,2026-08-19T06:19:40.821219+00:00,2026-08-19T06:19:59.737663+00:00
36,139,Lamptey,5,DEF,39,0.8224,1.6312,0.22,0.1716,0.2183,0.0032,1,0,0,0,2026-08-19T06:19:40.821219+00:00,2026-08-19T06:19:59.737663+00:00
36,140,March,5,MID,61,0,0,0.0,0.0,0.0,0,1,0,0,0,2026-08-19T06:19:40.821219+00:00,2026-08-19T06:19:59.737663+00:00
36,141,McGill,5,GKP,39,0.1552,0.6998,0.04,0.0384,0.0403,0.0,1,0,0,0,2026-08-19T06:19:40.821219+00:00,2026-08-19T06:19:59.737663+00:00
36,142,Milner,5,MID,48,0,0,0.0,0.0,0.0,0,1,0,0,0,2026-08-19T06:19:40.821219+00:00,2026-08-19T06:19:59.737663+00:00
36,143,Mitoma,5,MID,64,0,0,0.0,0.0,0.0,0,1,0,0,0,2026-08-19T06:19:40.821219+00:00,2026-08-19T06:19:59.737663+00:00
36,144,Moder,5,MID,44,0.8236,1.3358,0.28,0.1584,0.2731,0.0012,1,1,2,0,2026-08-19T06:19:40.821219+00:00,2026-08-19T06:19:59.737663+00:00
36,146,Sarmiento,5,MID,45,0,0,0.0,0.0,0.0,0,1,0,0,0,2026-08-19T06:19:40.821219+00:00,2026-08-19T06:19:59.737663+00:00
36,147,Scherpen,5,GKP,40,0,0,0.0,0.0,0.0,0,1,0,0,0,2026-08-19T06:19:40.821219+00:00,2026-08-19T06:19:59.737663+00:00
36,148,Steele,5,GKP,41,3.36,2.218,0.9,0.004,0.8373,0.0008,1,0,0,0,2026-08-19T06:19:40.821219+00:00,2026-08-19T06:19:59.737663+00:00
36,149,Undav,5,FWD,55,0,0,0.0,0.0,0.0,0,1,0,0,0,2026-08-19T06:19:40.821219+00:00,2026-08-19T06:19:59.737663+00:00
36,150,Van Hecke,5,DEF,41,0,0,0.0,0.0,0.0,0,1,0,0,0,2026-08-19T06:19:40.821219+00:00,2026-08-19T06:19:59.737663+00:00
36,151,Veltman,5,DEF,43,0,0,0.0,0.0,0.0,0,1,6,90,1,2026-08-19T06:19:40.821219+00:00,2026-08-19T06:19:59.737663+00:00
36,152,Verbruggen,5,GKP,44,0.1948,0.8852,0.04,0.0384,0.0403,0.0,1,6,90,1,2026-08-19T06:19:40.821219+00:00,2026-08-19T06:19:59.737663+00:00
36,153,Webster,5,DEF,42,0.8428,1.6331,0.22,0.1716,0.2183,0.0008,1,8,90,1,2026-08-19T06:19:40.821219+00:00,2026-08-19T06:19:59.737663+00:00
36,154,Welbeck,5,FWD,57,2.45,2.411,0.68,0.0896,0.6396,0.0172,1,2,87,1,2026-08-19T06:19:40.821219+00:00,2026-08-19T06:19:59.737663+00:00
36,155,Zeqiri,5,FWD,44,0,0,0.0,0.0,0.0,0,1,0,0,0,2026-08-19T06:19:40.821219+00:00,2026-08-19T06:19:59.737663+00:00
36,606,Igor,5,DEF,43,0.774,1.5304,0.22,0.1716,0.2183,0.0012,1,6,90,1,2026-08-19T06:19:40.821219+00:00,2026-08-19T06:19:59.737663+00:00
36,621,Hinshelwood,5,MID,45,0,0,0.0,0.0,0.0,0,1,0,0,0,2026-08-19T06:19:40.821219+00:00,2026-08-19T06:19:59.737663+00:00
36,690,Baleba,5,MID,45,1.2176,1.4827,0.48,0.1144,0.4556,0.0008,1,1,2,0,2026-08-19T06:19:40.821219+00:00,2026-08-19T06:19:59.737663+00:00
36,700,Ansu Fati,5,MID,64,1.4352,2.3845,0.28,0.2016,0.2765,0.014,1,0,0,0,2026-08-19T06:19:40.821219+00:00,2026-08-19T06:19:59.737663+00:00
36,741,O’Mahony,5,FWD,45,0.4492,0.8789,0.1,0.198,0.1088,0.0,1,0,0,0,2026-08-19T06:19:40.821219+00:00,2026-08-19T06:19:59.737663+00:00
36,742,Baker-Boaitey,5,MID,45,0.4764,0.9844,0.1,0.198,0.1088,0.0,1,0,0,0,2026-08-19T06:19:40.821219+00:00,2026-08-19T06:19:59.737663+00:00
36,746,Jackson,5,DEF,40,0.576,1.3897,0.1,0.198,0.1088,0.0024,1,0,0,0,2026-08-19T06:19:40.821219+00:00,2026-08-19T06:19:59.737663+00:00
36,747,Duffus,5,MID,44,0.4632,0.9412,0.1,0.198,0.1088,0.0004,1,0,0,0,2026-08-19T06:19:40.821219+00:00,2026-08-19T06:19:59.737663+00:00
36,753,Kavanagh,5,DEF,40,0.5028,1.2602,0.1,0.198,0.1088,0.0008,1,0,0,0,2026-08-19T06:19:40.821219+00:00,2026-08-19T06:19:59.737663+00:00
36,755,Barrington,5,MID,45,0.4672,0.9293,0.1,0.198,0.1088,0.0,1,0,0,0,2026-08-19T06:19:40.821219+00:00,2026-08-19T06:19:59.737663+00:00
36,786,Peupion,5,MID,45,0.4596,0.9516,0.1,0.198,0.1088,0.0,1,0,0,0,2026-08-19T06:19:40.821219+00:00,2026-08-19T06:19:59.737663+00:00
36,816,Barco,5,DEF,40,0.5136,1.229,0.1,0.198,0.1088,0.0008,1,1,1,0,2026-08-19T06:19:40.821219+00:00,2026-08-19T06:19:59.737663+00:00
36,843,Chouchane,5,MID,45,0.4748,0.9684,0.1,0.198,0.1088,0.0,1,0,0,0,2026-08-19T06:19:40.821219+00:00,2026-08-19T06:19:59.737663+00:00
36,845,Offiah,5,DEF,40,0.5044,1.1927,0.1,0.198,0.1088,0.0004,1,0,0,0,2026-08-19T06:19:40.821219+00:00,2026-08-19T06:19:59.737663+00:00
36,861,Atom,5,DEF,40,0.518,1.2338,0.1,0.198,0.1088,0.0,1,,,,2026-08-19T06:19:40.821219+00:00,
36,156,Agyei,6,MID,42,0.444,0.9108,0.1,0.198,0.1088,0.0,1,0,0,0,2026-08-19T06:19:40.821219+00:00,2026-08-19T06:19:59.737663+00:00
36,157,Al-Dakhil,6,DEF,38,0,0,0.0,0.0,0.0,0,1,0,0,0,2026-08-19T06:19:40.821219+00:00,2026-08-19T06:19:59.737663+00:00
36,158,Bastien,6,MID,49,0,0,0.0,0.0,0.0,0,1,0,0,0,2026-08-19T06:19:40.821219+00:00,2026-08-19T06:19:59.737663+00:00
36,159,Benson,6,MID,52,0.7468,1.3938,0.18,0.1804,0.1818,0.0024,1,0,0,0,2026-08-19T06:19:40.821219+00:00,2026-08-19T06:19:59.737663+00:00
36,160,Beyer,6,DEF,39,0,0,0.0,0.0,0.0,0,1,0,0,0,2026-08-19T06:19:40.821219+00:00,2026-08-19T06:19:59.737663+00:00
36,161,Brownhill,6,MID,47,2.5012,1.9699,0.82,0.0324,0.7652,0.0092,1,1,84,1,2026-08-19T06:19:40.821219+00:00,2026-08-19T06:19:59.737663+00:00
36,162,Churlinov,6,MID,44,0,0,0.0,0.0,0.0,0,1,0,0,0,2026-08-19T06:19:40.821219+00:00,2026-08-19T06:19:59.737663+00:00
36,163,Cork,6,MID,48,0.7208,1.3619,0.18,0.1804,0.1818,0.0012,1,0,0,0,2026-08-19T06:19:40.821219+00:00,2026-08-19T06:19:59.737663+00:00
36,164,Costelloe,6,MID,45,0,0,0.0,0.0,0.0,0,1,0,0,0,2026-08-19T06:19:40.821219+00:00,2026-08-19T06:19:59.737663+00:00
36,165,Cullen,6,MID,50,1.826,1.703,0.68,0.0576,0.637,0.0012,1,2,90,1,2026-08-19T06:19:40.821219+00:00,2026-08-19T06:19:59.737663+00:00
36,166,Egan-Riley,6,DEF,39,0,0,0.0,0.0,0.0,0,1,0,0,0,2026-08-19T06:19:40.821219+00:00,2026-08-19T06:19:59.737663+00:00
36,167,Ekdal,6,DEF,39,0.788,1.5147,0.22,0.1716,0.2183,0.0012,1,1,45,1,2026-08-19T06:19:40.821219+00:00,2026-08-19T06:19:59.737663+00:00
36,168,Foster,6,FWD,47,2.2812,2.1352,0.68,0.0576,0.637,0.0108,1,2,84,1,2026-08-19T06:19:40.821219+00:00,2026-08-19T06:19:59.737663+00:00
36,169,Franchi,6,GKP,39,0,0,0.0,0.0,0.0,0,1,0,0,0,2026-08-19T06:19:40.821219+00:00,2026-08-19T06:19:59.737663+00:00
36,170,Gudmundsson,6,MID,48,1.7464,2.1117,0.48,0.1144,0.4556,0.0076,1,4,28,0,2026-08-19T06:19:40.821219+00:00,2026-08-19T06:19:59.737663+00:00
36,171,McNally,6,DEF,40,0,0,0.0,0.0,0.0,0,1,0,0,0,2026-08-19T06:19:40.821219+00:00,2026-08-19T06:19:59.737663+00:00
36,172,Muric,6,GKP,43,0.2532,1.1713,0.04,0.0384,0.0403,0.0028,1,10,90,1,2026-08-19T06:19:40.821219+00:00,2026-08-19T06:19:59.737663+00:00
36,173,O'Shea,6,DEF,44,0.8116,1.6713,0.22,0.1404,0.2158,0.0036,1,6,90,1,2026-08-19T06:19:40.821219+00:00,2026-08-19T06:19:59.737663+00:00
36,174,Obafemi,6,FWD,49,0,0,0.0,0.0,0.0,0,1,0,0,0,2026-08-19T06:19:40.821219+00:00,2026-08-19T06:19:59.737663+00:00
36,175,Peacock-Farrell,6,GKP,40,0,0,0.0,0.0,0.0,0,1,0,0,0,2026-08-19T06:19:40.821219+00:00,2026-08-19T06:19:59.737663+00:00
36,176,Roberts,6,DEF,43,0,0,0.0,0.0,0.0,0,1,0,0,0,2026-08-19T06:19:40.821219+00:00,2026-08-19T06:19:59.737663+00:00
36,177,Rodriguez,6,FWD,53,1.202,1.8951,0.28,0.1584,0.2731,0.006,1,0,0,0,2026-08-19T06:19:40.821219+00:00,2026-08-19T06:19:59.737663+00:00
36,178,Taylor,6,DEF,39,0.796,1.6135,0.22,0.1404,0.2158,0.0012,1,0,0,0,2026-08-19T06:19:40.821219+00:00,2026-08-19T06:19:59.737663+00:00
36,179,Thomas,6,DEF,40,0,0,0.0,0.0,0.0,0,1,0,0,0,2026-08-19T06:19:40.821219+00:00,2026-08-19T06:19:59.737663+00:00
36,180,Twine,6,MID,49,0,0,0.0,0.0,0.0,0,1,0,0,0,2026-08-19T06:19:40.821219+00:00,2026-08-19T06:19:59.737663+00:00
36,181,Vigouroux,6,GKP,39,0.1936,0.8683,0.04,0.0384,0.0403,0.0,1,0,0,0,2026-08-19T06:19:40.821219+00:00,2026-08-19T06:19:59.737663+00:00
36,182,Vitinho,6,DEF,44,0.9376,1.8995,0.22,0.1404,0.2158,0.0056,1,0,90,1,2026-08-19T06:19:40.821219+00:00,2026-08-19T06:19:59.737663+00:00
36,183,Weghorst,6,FWD,55,0,0,0.0,0.0,0.0,0,1,0,0,0,2026-08-19T06:19:40.821219+00:00,2026-08-19T06:19:59.737663+00:00
36,184,Zaroury,6,MID,46,0,0,0.0,0.0,0.0,0,1,0,0,0,2026-08-19T06:19:40.821219+00:00,2026-08-19T06:19:59.737663+00:00
36,200,D.D.Fofana,6,FWD,50,2.1008,2.5406,0.48,0.1144,0.4556,0.0148,1,1,5,0,2026-08-19T06:19:40.821219+00:00,2026-08-19T06:19:59.737663+00:00
36,475,Berge,6,MID,46,2.4892,1.7022,0.9,0.018,0.8384,0.0052,1,2,90,1,2026-08-19T06:19:40.821219+00:00,2026-08-19T06:19:59.737663+00:00
36,594,Amdouni,6,FWD,51,2.9916,2.4915,0.82,0.0324,0.7652,0.0252,1,1,5,0,2026-08-19T06:19:40.821219+00:00,2026-08-19T06:19:59.737663+00:00
36,596,Trafford,6,GKP,44,3.526,2.3466,0.9,0.004,0.8373,0.0024,1,0,0,0,2026-08-19T06:19:40.821219+00:00,2026-08-19T06:19:59.737663+00:00
36,600,Redmond,6,MID,47,0,0,0.0,0.0,0.0,0,1,0,0,0,2026-08-19T06:19:40.821219+00:00,2026-08-19T06:19:59.737663+00:00
36,605,Koleosho,6,MID,48,0.9608,1.6995,0.24,0.1672,0.2366,0.0036,1,0,0,0,2026-08-19T06:19:40.821219+00:00,2026-08-19T06:19:59.737663+00:00
36,608,Bruun Larsen,6,MID,48,2.2388,2.8026,0.48,0.1144,0.4556,0.0228,1,2,61,1,2026-08-19T06:19:40.821219+00:00,2026-08-19T06:19:59.737663+00:00
36,622,Dodgson,6,DEF,40,0,0,0.0,0.0,0.0,0,1,0,0,0,2026-08-19T06:19:40.821219+00:00,2026-08-19T06:19:59.737663+00:00
36,660,Odobert,6,MID,50,2.4932,2.487,0.68,0.0576,0.637,0.0164,1,2,90,1,2026-08-19T06:19:40.821219+00:00,2026-08-19T06:19:59.737663+00:00
36,674,Delcroix,6,DEF,40,0.786,1.5994,0.22,0.1716,0.2183,0.0036,1,0,0,0,2026-08-19T06:19:40.821219+00:00,2026-08-19T06:19:59.737663+00:00
36,675,A.Ramsey,6,MID,50,0,0,0.0,0.0,0.0,0,1,0,0,0,2026-08-19T06:19:40.821219+00:00,2026-08-19T06:19:59.737663+00:00
36,694,Massengo,6,MID,49,0.7044,1.3176,0.18,0.1804,0.1818,0.0024,1,0,0,0,2026-08-19T06:19:40.821219+00:00,2026-08-19T06:19:59.737663+00:00
36,706,M.Trésor,6,MID,53,0.9628,1.5758,0.28,0.1584,0.2731,0.0012,1,0,0,0,2026-08-19T06:19:40.821219+00:00,2026-08-19T06:19:59.737663+00:00
36,805,Assignon,6,DEF,40,0.9604,1.8692,0.22,0.1716,0.2183,0.0036,1,0,90,1,2026-08-19T06:19:40.821219+00:00,2026-08-19T06:19:59.737663+00:00
36,806,Estève,6,DEF,40,0.792,1.5179,0.22,0.1716,0.2183,0.0004,1,-1,45,1,2026-08-19T06:19:40.821219+00:00,2026-08-19T06:19:59.737663+00:00
36,126,Caicedo,7,MID,45,1.9096,1.3681,0.82,0.0324,0.7652,0.0004,1,6,90,1,2026-08-19T06:19:40.821219+00:00,2026-08-19T06:19:59.737663+00:00
36,145,Sanchez,7,GKP,45,0.1204,0.6809,0.02,0.0392,0.0217,0.0004,1,0,0,0,2026-08-19T06:19:40.821219+00:00,2026-08-19T06:19:59.737663+00:00
36,185,Ampadu,7,DEF,40,0,0,0.0,0.0,0.0,0,1,0,0,0,2026-08-19T06:19:40.821219+00:00,2026-08-19T06:19:59.737663+00:00
36,186,Andrey,7,MID,42,0,0,0.0,0.0,0.0,0,1,0,0,0,2026-08-19T06:19:40.821219+00:00,2026-08-19T06:19:59.737663+00:00
36,187,Arrizabalaga,7,GKP,50,0,0,0.0,0.0,0.0,0,1,0,0,0,2026-08-19T06:19:40.821219+00:00,2026-08-19T06:19:59.737663+00:00
36,188,Aubameyang,7,FWD,65,0,0,0.0,0.0,0.0,0,1,0,0,0,2026-08-19T06:19:40.821219+00:00,2026-08-19T06:19:59.737663+00:00
36,189,Azpilicueta,7,DEF,45,0,0,0.0,0.0,0.0,0,1,0,0,0,2026-08-19T06:19:40.821219+00:00,2026-08-19T06:19:59.737663+00:00
36,190,Baba,7,DEF,40,0,0,0.0,0.0,0.0,0,1,0,0,0,2026-08-19T06:19:40.821219+00:00,2026-08-19T06:19:59.737663+00:00
36,191,B.Badiashile,7,DEF,44,0.954,1.8277,0.22,0.1716,0.2183,0.0032,1,6,90,1,2026-08-19T06:19:40.821219+00:00,2026-08-19T06:19:59.737663+00:00
36,192,Bettinelli,7,GKP,40,0.1704,0.7849,0.04,0.0384,0.0403,0.0,1,0,0,0,2026-08-19T06:19:40.821219+00:00,2026-08-19T06:19:59.737663+00:00
36,194,Chalobah,7,DEF,43,0.9716,1.7929,0.22,0.1716,0.2183,0.0016,1,6,82,1,2026-08-19T06:19:40.821219+00:00,2026-08-19T06:19:59.737663+00:00
36,195,Chilwell,7,DEF,54,1.79,2.5805,0.48,0.1144,0.4556,0.0176,1,0,0,0,2026-08-19T06:19:40.821219+00:00,2026-08-19T06:19:59.737663+00:00
36,196,Chukwuemeka,7,MID,42,0.4828,0.9665,0.1,0.198,0.1088,0.0,1,0,0,0,2026-08-19T06:19:40.821219+00:00,2026-08-19T06:19:59.737663+00:00
36,197,Colwill,7,DEF,46,2.544,2.6416,0.68,0.0576,0.637,0.014,1,0,0,0,2026-08-19T06:19:40.821219+00:00,2026-08-19T06:19:59.737663+00:00
36,198,Cucurella,7,DEF,48,2.2464,2.5884,0.68,0.0704,0.638,0.0136,1,5,90,1,2026-08-19T06:19:40.821219+00:00,2026-08-19T06:19:59.737663+00:00
36,199,Enzo,7,MID,48,0,0,0.0,0.0,0.0,0,1,0,0,0,2026-08-19T06:19:40.821219+00:00,2026-08-19T06:19:59.737663+00:00
36,201,W.Fofana,7,DEF,44,0,0,0.0,0.0,0.0,0,1,0,0,0,2026-08-19T06:19:40.821219+00:00,2026-08-19T06:19:59.737663+00:00
36,202,Gallagher,7,MID,54,3.1056,2.2467,0.9,0.018,0.8384,0.0148,1,8,90,1,2026-08-19T06:19:40.821219+00:00,2026-08-19T06:19:59.737663+00:00
36,203,Gusto,7,DEF,43,0.9304,1.9093,0.22,0.1404,0.2158,0.0044,1,1,7,0,2026-08-19T06:19:40.821219+00:00,2026-08-19T06:19:59.737663+00:00
36,206,James,7,DEF,53,0,0,0.0,0.0,0.0,0,1,0,0,0,2026-08-19T06:19:40.821219+00:00,2026-08-19T06:19:59.737663+00:00
36,207,Lukaku,7,FWD,68,0,0,0.0,0.0,0.0,0,1,0,0,0,2026-08-19T06:19:40.821219+00:00,2026-08-19T06:19:59.737663+00:00
36,208,Madueke,7,MID,53,1.9012,2.4267,0.48,0.1144,0.4556,0.0144,1,13,75,1,2026-08-19T06:19:40.821219+00:00,2026-08-19T06:19:59.737663+00:00
36,210,Mudryk,7,MID,63,0,0,0.0,0.0,0.0,0,1,3,75,1,2026-08-19T06:19:40.821219+00:00,2026-08-19T06:19:59.737663+00:00
36,211,N.Jackson,7,FWD,69,3.7376,3.2578,0.82,0.0324,0.7652,0.0712,1,16,90,1,2026-08-19T06:19:40.821219+00:00,2026-08-19T06:19:59.737663+00:00
36,212,Nkunku,7,FWD,72,1.2948,2.0468,0.28,0.2016,0.2765,0.0108,1,1,14,0,2026-08-19T06:19:40.821219+00:00,2026-08-19T06:19:59.737663+00:00
36,213,Pulisic,7,MID,55,0,0,0.0,0.0,0.0,0,1,0,0,0,2026-08-19T06:19:40.821219+00:00,2026-08-19T06:19:59.737663+00:00
36,214,M.Sarr,7,DEF,43,0.5368,1.2886,0.1,0.198,0.1088,0.0004,1,0,0,0,2026-08-19T06:19:40.821219+00:00,2026-08-19T06:19:59.737663+00:00
36,215,Slonina,7,GKP,40,0,0,0.0,0.0,0.0,0,1,0,0,0,2026-08-19T06:19:40.821219+00:00,2026-08-19T06:19:59.737663+00:00
36,216,Sterling,7,MID,68,3.2528,3.3531,0.68,0.0576,0.637,0.0536,1,0,0,0,2026-08-19T06:19:40.821219+00:00,2026-08-19T06:19:59.737663+00:00
36,217,T.Silva,7,DEF,50,2.8532,2.4667,0.82,0.0324,0.7652,0.008,1,11,81,1,2026-08-19T06:19:40.821219+00:00,2026-08-19T06:19:59.737663+00:00
36,218,Ziyech,7,MID,54,0,0,0.0,0.0,0.0,0,1,0,0,0,2026-08-19T06:19:40.821219+00:00,2026-08-19T06:19:59.737663+00:00
36,362,Palmer,7,MID,62,5.8228,4.7908,0.82,0.0324,0.7652,0.2008,1,8,88,1,2026-08-19T06:19:40.821219+00:00,2026-08-19T06:19:59.737663+00:00
36,589,Ângelo,7,MID,50,0,0,0.0,0.0,0.0,0,1,0,0,0,2026-08-19T06:19:40.821219+00:00,2026-08-19T06:19:59.737663+00:00
36,609,Maatsen,7,MID,51,0,0,0.0,0.0,0.0,0,1,0,0,0,2026-08-19T06:19:40.821219+00:00,2026-08-19T06:19:59.737663+00:00
36,611,Disasi,7,DEF,49,3.0192,2.7748,0.82,0.0324,0.7652,0.0236,1,1,8,0,2026-08-19T06:19:40.821219+00:00,2026-08-19T06:19:59.737663+00:00
36,613,Ugochukwu,7,MID,44,0.8568,1.2532,0.28,0.1584,0.2731,0.0,1,0,0,0,2026-08-19T06:19:40.821219+00:00,2026-08-19T06:19:59.737663+00:00
36,623,Burstow,7,FWD,45,0,0,0.0,0.0,0.0,0,1,0,0,0,2026-08-19T06:19:40.821219+00:00,2026-08-19T06:19:59.737663+00:00
36,659,Bergström,7,GKP,39,0,0,0.0,0.0,0.0,0,1,0,0,0,2026-08-19T06:19:40.821219+00:00,2026-08-19T06:19:59.737663+00:00
36,667,Lavia,7,MID,49,0,0,0.0,0.0,0.0,0,1,0,0,0,2026-08-19T06:19:40.821219+00:00,2026-08-19T06:19:59.737663+00:00
36,671,Humphreys,7,DEF,40,0,0,0.0,0.0,0.0,0,1,0,0,0,2026-08-19T06:19:40.821219+00:00,2026-08-19T06:19:59.737663+00:00
36,677,Deivid,7,FWD,45,0.5216,1.0532,0.1,0.198,0.1088,0.0,1,0,0,0,2026-08-19T06:19:40.821219+00:00,2026-08-19T06:19:59.737663+00:00
36,680,Beach,7,GKP,40,0,0,0.0,0.0,0.0,0,1,0,0,0,2026-08-19T06:19:40.821219+00:00,2026-08-19T06:19:59.737663+00:00
36,681,Diego Moreira,7,MID,45,0.48,1.0649,0.1,0.198,0.1088,0.0004,1,0,0,0,2026-08-19T06:19:40.821219+00:00,2026-08-19T06:19:59.737663+00:00
36,687,Petrović,7,GKP,46,3.5444,2.3163,0.9,0.008,0.8376,0.002,1,6,90,1,2026-08-19T06:19:40.821219+00:00,2026-08-19T06:19:59.737663+00:00
36,716,Gilchrist,7,DEF,40,0.5496,1.3094,0.1,0.198,0.1088,0.0012,1,1,1,0,2026-08-19T06:19:40.821219+00:00,2026-08-19T06:19:59.737663+00:00
36,717,Stutter,7,FWD,45,0.4624,0.939,0.1,0.198,0.1088,0.0,1,0,0,0,2026-08-19T06:19:40.821219+00:00,2026-08-19T06:19:59.737663+00:00
36,718,Matos,7,MID,45,0,0,0.0,0.0,0.0,0,1,0,0,0,2026-08-19T06:19:40.821219+00:00,2026-08-19T06:19:59.737663+00:00
36,723,Brooking,7,DEF,40,0.5516,1.2992,0.1,0.198,0.1088,0.0,1,0,0,0,2026-08-19T06:19:40.821219+00:00,2026-08-19T06:19:59.737663+00:00
36,758,Castledine,7,MID,45,0.4504,0.929,0.1,0.198,0.1088,0.0,1,0,0,0,2026-08-19T06:19:40.821219+00:00,2026-08-19T06:19:59.737663+00:00
36,791,Casadei,7,MID,45,0.5136,1.0268,0.1,0.198,0.1088,0.0,1,1,14,0,2026-08-19T06:19:40.821219+00:00,2026-08-19T06:19:59.737663+00:00
36,819,Samuels-Smith,7,DEF,40,0.5636,1.3391,0.1,0.198,0.1088,0.0016,1,0,0,0,2026-08-19T06:19:40.821219+00:00,2026-08-19T06:19:59.737663+00:00
36,820,Harrison,7,MID,45,0.4844,1.0035,0.1,0.198,0.1088,0.0012,1,0,0,0,2026-08-19T06:19:40.821219+00:00,2026-08-19T06:19:59.737663+00:00
36,830,Tauriainen,7,MID,45,0.506,1.0549,0.1,0.198,0.1088,0.0008,1,0,0,0,2026-08-19T06:19:40.821219+00:00,2026-08-19T06:19:59.737663+00:00
36,838,Acheampong,7,DEF,40,0.5196,1.2338,0.1,0.198,0.1088,0.0012,1,0,0,0,2026-08-19T06:19:40.821219+00:00,2026-08-19T06:19:59.737663+00:00
36,847,Sharman-Lowe,7,GKP,40,0.1816,0.8065,0.04,0.0384,0.0403,0.0,1,0,0,0,2026-08-19T06:19:40.821219+00:00,2026-08-19T06:19:59.737663+00:00
36,851,George,7,FWD,45,0.44,0.8802,0.1,0.198,0.1088,0.0,1,0,0,0,2026-08-19T06:19:40.821219+00:00,2026-08-19T06:19:59.737663+00:00
36,852,Dyer,7,MID,45,0.49,1.0407,0.1,0.198,0.1088,0.0004,1,0,0,0,2026-08-19T06:19:40.821219+00:00,2026-08-19T06:19:59.737663+00:00
36,858,Curd,7,GKP,40,0.1848,0.8389,0.04,0.0384,0.0403,0.0,1,0,0,0,2026-08-19T06:19:40.821219+00:00,2026-08-19T06:19:59.737663+00:00
36,859,Sturge,7,DEF,40,0.5444,1.2946,0.1,0.198,0.1088,0.002,1,0,0,0,2026-08-19T06:19:40.821219+00:00,2026-08-19T06:19:59.737663+00:00
36,7,Holding,8,DEF,43,0.5824,1.3431,0.11,0.1958,0.118,0.0012,1,0,0,0,2026-08-19T06:19:40.821219+00:00,2026-08-19T06:19:59.737663+00:00
36,219,Ahamada,8,MID,43,0.4788,1.0164,0.1,0.198,0.1088,0.0,1,0,0,0,2026-08-19T06:19:40.821219+00:00,2026-08-19T06:19:59.737663+00:00
36,220,Andersen,8,DEF,47,3.344,2.7408,0.9,0.018,0.8384,0.0276,1,6,90,1,2026-08-19T06:19:40.821219+00:00,2026-08-19T06:19:59.737663+00:00
36,221,J.Ayew,8,MID,54,2.6656,2.228,0.82,0.0324,0.7652,0.0128,1,1,5,0,2026-08-19T06:19:40.821219+00:00,2026-08-19T06:19:59.737663+00:00
36,222,Clyne,8,DEF,43,0.8788,1.6379,0.22,0.1716,0.2183,0.0004,1,6,77,1,2026-08-19T06:19:40.821219+00:00,2026-08-19T06:19:59.737663+00:00
36,223,C.Doucouré,8,MID,48,0,0,0.0,0.0,0.0,0,1,0,0,0,2026-08-19T06:19:40.821219+00:00,2026-08-19T06:19:59.737663+00:00
36,224,Ebiowei,8,MID,44,0,0,0.0,0.0,0.0,0,1,0,0,0,2026-08-19T06:19:40.821219+00:00,2026-08-19T06:19:59.737663+00:00
36,225,Edouard,8,FWD,53,2.8144,2.8252,0.68,0.0704,0.638,0.0372,1,0,22,0,2026-08-19T06:19:40.821219+00:00,2026-08-19T06:19:59.737663+00:00
36,226,Eze,8,MID,61,3.8224,3.835,0.68,0.0576,0.637,0.0916,1,3,84,1,2026-08-19T06:19:40.821219+00:00,2026-08-19T06:19:59.737663+00:00
36,227,Guaita,8,GKP,44,0,0,0.0,0.0,0.0,0,1,0,0,0,2026-08-19T06:19:40.821219+00:00,2026-08-19T06:19:59.737663+00:00
36,228,Guéhi,8,DEF,42,0.8612,1.7295,0.22,0.1404,0.2158,0.0016,1,1,12,0,2026-08-19T06:19:40.821219+00:00,2026-08-19T06:19:59.737663+00:00
36,229,Hughes,8,MID,49,0,0,0.0,0.0,0.0,0,1,3,67,1,2026-08-19T06:19:40.821219+00:00,2026-08-19T06:19:59.737663+00:00
36,230,Johnstone,8,GKP,43,0,0,0.0,0.0,0.0,0,1,0,0,0,2026-08-19T06:19:40.821219+00:00,2026-08-19T06:19:59.737663+00:00
36,231,Lerma,8,MID,47,2.4776,2.0649,0.82,0.0324,0.7652,0.0084,1,0,0,0,2026-08-19T06:19:40.821219+00:00,2026-08-19T06:19:59.737663+00:00
36,232,Mateta,8,FWD,51,3.5584,2.8925,0.82,0.0324,0.7652,0.0536,1,6,67,1,2026-08-19T06:19:40.821219+00:00,2026-08-19T06:19:59.737663+00:00
36,233,Matthews,8,GKP,39,0.1876,0.8226,0.04,0.0384,0.0403,0.0,1,0,0,0,2026-08-19T06:19:40.821219+00:00,2026-08-19T06:19:59.737663+00:00
36,234,Mitchell,8,DEF,45,0.894,1.7758,0.22,0.1404,0.2158,0.002,1,12,90,1,2026-08-19T06:19:40.821219+00:00,2026-08-19T06:19:59.737663+00:00
36,235,O'Brien,8,DEF,40,0,0,0.0,0.0,0.0,0,1,0,0,0,2026-08-19T06:19:40.821219+00:00,2026-08-19T06:19:59.737663+00:00
36,236,Olise,8,MID,56,2.678,3.2453,0.48,0.1456,0.458,0.0416,1,16,84,1,2026-08-19T06:19:40.821219+00:00,2026-08-19T06:19:59.737663+00:00
36,237,Plange,8,FWD,45,0,0,0.0,0.0,0.0,0,1,0,0,0,2026-08-19T06:19:40.821219+00:00,2026-08-19T06:19:59.737663+00:00
36,238,C.Richards,8,DEF,39,0.8388,1.6418,0.22,0.1404,0.2158,0.0004,1,11,90,1,2026-08-19T06:19:40.821219+00:00,2026-08-19T06:19:59.737663+00:00
36,239,Riedewald,8,MID,43,0.4724,0.9064,0.1,0.198,0.1088,0.0,1,1,22,0,2026-08-19T06:19:40.821219+00:00,2026-08-19T06:19:59.737663+00:00
36,240,Schlupp,8,MID,48,2.366,2.171,0.68,0.0704,0.638,0.008,1,1,5,0,2026-08-19T06:19:40.821219+00:00,2026-08-19T06:19:59.737663+00:00
36,241,Tomkins,8,DEF,40,0.5404,1.2621,0.1,0.198,0.1088,0.0004,1,0,0,0,2026-08-19T06:19:40.821219+00:00,2026-08-19T06:19:59.737663+00:00
36,242,Ward,8,DEF,45,0.8036,1.689,0.22,0.1404,0.2158,0.0024,1,0,0,0,2026-08-19T06:19:40.821219+00:00,2026-08-19T06:19:59.737663+00:00
36,243,Whitworth,8,GKP,39,0.1676,0.7816,0.04,0.0384,0.0403,0.0,1,0,0,0,2026-08-19T06:19:40.821219+00:00,2026-08-19T06:19:59.737663+00:00
36,385,Henderson,8,GKP,44,3.356,2.2735,0.9,0.004,0.8373,0.0012,1,6,90,1,2026-08-19T06:19:40.821219+00:00,2026-08-19T06:19:59.737663+00:00
36,615,Matheus França,8,MID,48,0,0,0.0,0.0,0.0,0,1,0,0,0,2026-08-19T06:19:40.821219+00:00,2026-08-19T06:19:59.737663+00:00
36,657,Rak-Sakyi,8,MID,45,0.4968,1.0257,0.1,0.198,0.1088,0.0004,1,0,0,0,2026-08-19T06:19:40.821219+00:00,2026-08-19T06:19:59.737663+00:00
36,658,Gordon,8,FWD,45,0,0,0.0,0.0,0.0,0,1,0,0,0,2026-08-19T06:19:40.821219+00:00,2026-08-19T06:19:59.737663+00:00
36,720,Ola-Adebomi,8,FWD,45,0,0,0.0,0.0,0.0,0,1,0,0,0,2026-08-19T06:19:40.821219+00:00,2026-08-19T06:19:59.737663+00:00
36,721,Ozoh,8,MID,45,0.4804,0.9926,0.1,0.198,0.1088,0.0,1,0,0,0,2026-08-19T06:19:40.821219+00:00,2026-08-19T06:19:59.737663+00:00
36,724,Raymond,8,MID,45,0.4744,0.9717,0.1,0.198,0.1088,0.0004,1,0,0,0,2026-08-19T06:19:40.821219+00:00,2026-08-19T06:19:59.737663+00:00
36,763,Adaramola,8,DEF,40,0,0,0.0,0.0,0.0,0,1,0,0,0,2026-08-19T06:19:40.821219+00:00,2026-08-19T06:19:59.737663+00:00
36,792,Muñoz,8,DEF,45,0.9324,1.8684,0.22,0.1716,0.2183,0.0056,1,13,90,1,2026-08-19T06:19:40.821219+00:00,2026-08-19T06:19:59.737663+00:00
36,807,Wharton,8,MID,50,1.6748,1.8938,0.48,0.1144,0.4556,0.0024,1,3,90,1,2026-08-19T06:19:40.821219+00:00,2026-08-19T06:19:59.737663+00:00
36,821,Umeh-Chibueze,8,FWD,45,0.4396,0.8874,0.1,0.198,0.1088,0.0,1,0,0,0,2026-08-19T06:19:40.821219+00:00,2026-08-19T06:19:59.737663+00:00
36,825,Rodney,8,MID,45,0.4936,1.0617,0.1,0.198,0.1088,0.0016,1,0,0,0,2026-08-19T06:19:40.821219+00:00,2026-08-19T06:19:59.737663+00:00
36,842,Mathurin,8,MID,44,0.4648,0.956,0.1,0.198,0.1088,0.0,1,0,0,0,2026-08-19T06:19:40.821219+00:00,2026-08-19T06:19:59.737663+00:00
36,244,André Gomes,9,MID,44,0.5456,0.9622,0.14,0.1892,0.1453,0.0,1,0,36,0,2026-08-19T06:19:40.821219+00:00,2026-08-19T06:19:59.737663+00:00
36,245,Branthwaite,9,DEF,44,0.7428,1.5533,0.22,0.1404,0.2158,0.002,1,5,90,1,2026-08-19T06:19:40.821219+00:00,2026-08-19T06:19:59.737663+00:00
36,246,Calvert-Lewin,9,FWD,58,2.928,2.9947,0.68,0.0576,0.637,0.0476,1,8,79,1,2026-08-19T06:19:40.821219+00:00,2026-08-19T06:19:59.737663+00:00
36,247,Coleman,9,DEF,44,0.8544,1.6146,0.22,0.1716,0.2183,0.002,1,1,23,0,2026-08-19T06:19:40.821219+00:00,2026-08-19T06:19:59.737663+00:00
36,248,Dele,9,MID,48,0,0,0.0,0.0,0.0,0,1,0,0,0,2026-08-19T06:19:40.821219+00:00,2026-08-19T06:19:59.737663+00:00
36,249,A.Doucoure,9,MID,55,2.8952,2.64,0.82,0.0324,0.7652,0.0212,1,1,53,1,2026-08-19T06:19:40.821219+00:00,2026-08-19T06:19:59.737663+00:00
36,250,Garner,9,MID,49,2.4944,1.7502,0.9,0.018,0.8384,0.0052,1,0,54,1,2026-08-19T06:19:40.821219+00:00,2026-08-19T06:19:59.737663+00:00
36,251,Gbamin,9,MID,44,0,0,0.0,0.0,0.0,0,1,0,0,0,2026-08-19T06:19:40.821219+00:00,2026-08-19T06:19:59.737663+00:00
36,252,Godfrey,9,DEF,43,0.8304,1.7143,0.22,0.1716,0.2183,0.0044,1,2,90,1,2026-08-19T06:19:40.821219+00:00,2026-08-19T06:19:59.737663+00:00
36,253,Gray,9,MID,53,0,0,0.0,0.0,0.0,0,1,0,0,0,2026-08-19T06:19:40.821219+00:00,2026-08-19T06:19:59.737663+00:00
36,254,Gana,9,MID,48,1.7964,1.714,0.68,0.0576,0.637,0.0016,1,1,79,1,2026-08-19T06:19:40.821219+00:00,2026-08-19T06:19:59.737663+00:00
36,257,Keane,9,DEF,43,0.77,1.5209,0.22,0.1716,0.2183,0.0028,1,0,0,0,2026-08-19T06:19:40.821219+00:00,2026-08-19T06:19:59.737663+00:00
36,259,McNeil,9,MID,54,2.932,2.3214,0.82,0.0324,0.7652,0.0188,1,2,90,1,2026-08-19T06:19:40.821219+00:00,2026-08-19T06:19:59.737663+00:00
36,260,Mykolenko,9,DEF,46,0,0,0.0,0.0,0.0,0,1,0,0,0,2026-08-19T06:19:40.821219+00:00,2026-08-19T06:19:59.737663+00:00
36,261,Onana,9,MID,47,2.0052,1.8766,0.68,0.0576,0.637,0.002,1,1,35,0,2026-08-19T06:19:40.821219+00:00,2026-08-19T06:19:59.737663+00:00
36,262,Patterson,9,DEF,43,0,0,0.0,0.0,0.0,0,1,0,0,0,2026-08-19T06:19:40.821219+00:00,2026-08-19T06:19:59.737663+00:00
36,263,Pickford,9,GKP,48,3.2428,2.2053,0.9,0.008,0.8376,0.0032,1,3,90,1,2026-08-19T06:19:40.821219+00:00,2026-08-19T06:19:59.737663+00:00
36,264,Simms,9,FWD,45,0,0,0.0,0.0,0.0,0,1,0,0,0,2026-08-19T06:19:40.821219+00:00,2026-08-19T06:19:59.737663+00:00
36,265,Tarkowski,9,DEF,46,2.6712,2.5892,0.9,0.018,0.8384,0.02,1,2,90,1,2026-08-19T06:19:40.821219+00:00,2026-08-19T06:19:59.737663+00:00
36,266,J.Virginia,9,GKP,39,0.1668,0.7397,0.04,0.0384,0.0403,0.0,1,0,0,0,2026-08-19T06:19:40.821219+00:00,2026-08-19T06:19:59.737663+00:00
36,579,Lonergan,9,GKP,39,0.1632,0.7172,0.04,0.0384,0.0403,0.0,1,0,0,0,2026-08-19T06:19:40.821219+00:00,2026-08-19T06:19:59.737663+00:00
36,588,Young,9,DEF,44,0.748,1.5312,0.22,0.1404,0.2158,0.0012,1,2,66,1,2026-08-19T06:19:40.821219+00:00,2026-08-19T06:19:59.737663+00:00
36,601,Danjuma,9,MID,52,1.1476,1.8743,0.28,0.1584,0.2731,0.0072,1,0,0,0,2026-08-19T06:19:40.821219+00:00,2026-08-19T06:19:59.737663+00:00
36,624,Dobbin,9,MID,45,0.4648,0.9779,0.1,0.198,0.1088,0.0008,1,0,0,0,2026-08-19T06:19:40.821219+00:00,2026-08-19T06:19:59.737663+00:00
36,645,Y. Chermiti,9,FWD,48,0.6168,1.15,0.18,0.1804,0.1818,0.0008,1,1,10,0,2026-08-19T06:19:40.821219+00:00,2026-08-19T06:19:59.737663+00:00
36,649,Cannon,9,FWD,45,0,0,0.0,0.0,0.0,0,1,0,0,0,2026-08-19T06:19:40.821219+00:00,2026-08-19T06:19:59.737663+00:00
36,650,Onyango,9,MID,44,0.5084,1.0253,0.1,0.198,0.1088,0.0004,1,0,0,0,2026-08-19T06:19:40.821219+00:00,2026-08-19T06:19:59.737663+00:00
36,661,Harrison,9,MID,55,0,0,0.0,0.0,0.0,0,1,2,90,1,2026-08-19T06:19:40.821219+00:00,2026-08-19T06:19:59.737663+00:00
36,691,Beto,9,FWD,57,2.0616,2.5438,0.48,0.1456,0.458,0.0224,1,1,10,0,2026-08-19T06:19:40.821219+00:00,2026-08-19T06:19:59.737663+00:00
36,719,Hunt,9,MID,45,0.4516,0.8832,0.1,0.198,0.1088,0.0,1,0,0,0,2026-08-19T06:19:40.821219+00:00,2026-08-19T06:19:59.737663+00:00
36,760,Metcalfe,9,MID,45,0.4356,0.8693,0.1,0.198,0.1088,0.0,1,0,0,0,2026-08-19T06:19:40.821219+00:00,2026-08-19T06:19:59.737663+00:00
36,761,Campbell,9,DEF,40,0,0,0.0,0.0,0.0,0,1,0,0,0,2026-08-19T06:19:40.821219+00:00,2026-08-19T06:19:59.737663+00:00
36,841,Warrington,9,MID,45,0.47,0.9372,0.1,0.198,0.1088,0.0004,1,0,0,0,2026-08-19T06:19:40.821219+00:00,2026-08-19T06:19:59.737663+00:00
36,863,Crellin,9,GKP,40,0.1688,0.739,0.04,0.0384,0.0403,0.0,1,,,,2026-08-19T06:19:40.821219+00:00,
36,193,Broja,10,FWD,49,0.9896,1.5802,0.28,0.1584,0.2731,0.0036,1,0,0,0,2026-08-19T06:19:40.821219+00:00,2026-08-19T06:19:59.737663+00:00
36,256,Iwobi,10,MID,53,3.2084,2.6581,0.82,0.0324,0.7652,0.0276,1,3,90,1,2026-08-19T06:19:40.821219+00:00,2026-08-19T06:19:59.737663+00:00
36,267,Andreas,10,MID,53,3.3036,2.4441,0.9,0.018,0.8384,0.0244,1,3,74,1,2026-08-19T06:19:40.821219+00:00,2026-08-19T06:19:59.737663+00:00
36,268,Cairney,10,MID,49,1.5504,1.8179,0.48,0.1144,0.4556,0.0028,1,1,15,0,2026-08-19T06:19:40.821219+00:00,2026-08-19T06:19:59.737663+00:00
36,269,I.Cavaleiro,10,MID,50,0,0,0.0,0.0,0.0,0,1,0,0,0,2026-08-19T06:19:40.821219+00:00,2026-08-19T06:19:59.737663+00:00
36,270,De Cordova-Reid,10,MID,52,2.5996,2.5988,0.68,0.0704,0.638,0.0184,1,1,15,0,2026-08-19T06:19:40.821219+00:00,2026-08-19T06:19:59.737663+00:00
36,271,Diop,10,DEF,44,0.79,1.5501,0.22,0.1716,0.2183,0.0016,1,6,90,1,2026-08-19T06:19:40.821219+00:00,2026-08-19T06:19:59.737663+00:00
36,272,Francois,10,MID,44,0,0,0.0,0.0,0.0,0,1,0,0,0,2026-08-19T06:19:40.821219+00:00,2026-08-19T06:19:59.737663+00:00
36,273,Knockaert,10,MID,44,0,0,0.0,0.0,0.0,0,1,0,0,0,2026-08-19T06:19:40.821219+00:00,2026-08-19T06:19:59.737663+00:00
36,274,Kongolo,10,DEF,40,0,0,0.0,0.0,0.0,0,1,0,0,0,2026-08-19T06:19:40.821219+00:00,2026-08-19T06:19:59.737663+00:00
36,275,Leno,10,GKP,48,3.2568,2.1925,0.9,0.008,0.8376,0.0008,1,6,90,1,2026-08-19T06:19:40.821219+00:00,2026-08-19T06:19:59.737663+00:00
36,276,Lukić,10,MID,43,0,0,0.0,0.0,0.0,0,1,3,74,1,2026-08-19T06:19:40.821219+00:00,2026-08-19T06:19:59.737663+00:00
36,277,Mbabu,10,DEF,40,0,0,0.0,0.0,0.0,0,1,0,0,0,2026-08-19T06:19:40.821219+00:00,2026-08-19T06:19:59.737663+00:00
36,278,Mitrović,10,FWD,74,0,0,0.0,0.0,0.0,0,1,0,0,0,2026-08-19T06:19:40.821219+00:00,2026-08-19T06:19:59.737663+00:00
36,279,Muniz,10,FWD,45,2.9712,2.8879,0.68,0.0704,0.638,0.0384,1,2,63,1,2026-08-19T06:19:40.821219+00:00,2026-08-19T06:19:59.737663+00:00
36,280,J.Palhinha,10,MID,50,2.2676,2.0062,0.82,0.0324,0.7652,0.0068,1,3,90,1,2026-08-19T06:19:40.821219+00:00,2026-08-19T06:19:59.737663+00:00
36,281,Ream,10,DEF,44,0.8656,1.7636,0.22,0.1716,0.2183,0.0044,1,0,0,0,2026-08-19T06:19:40.821219+00:00,2026-08-19T06:19:59.737663+00:00
36,282,Reed,10,MID,44,1.1892,1.3731,0.48,0.1144,0.4556,0.0008,1,0,0,0,2026-08-19T06:19:40.821219+00:00,2026-08-19T06:19:59.737663+00:00
36,283,Robinson,10,DEF,46,2.7112,2.2169,0.9,0.018,0.8384,0.0032,1,7,90,1,2026-08-19T06:19:40.821219+00:00,2026-08-19T06:19:59.737663+00:00
36,284,Rodák,10,GKP,39,0.1488,0.6873,0.04,0.0384,0.0403,0.0,1,0,0,0,2026-08-19T06:19:40.821219+00:00,2026-08-19T06:19:59.737663+00:00
36,285,Tete,10,DEF,44,0.7316,1.5765,0.22,0.1716,0.2183,0.004,1,0,0,0,2026-08-19T06:19:40.821219+00:00,2026-08-19T06:19:59.737663+00:00
36,286,Tosin,10,DEF,43,0.6916,1.4799,0.22,0.1404,0.2158,0.002,1,0,0,0,2026-08-19T06:19:40.821219+00:00,2026-08-19T06:19:59.737663+00:00
36,287,Vinícius,10,FWD,45,0,0,0.0,0.0,0.0,0,1,0,0,0,2026-08-19T06:19:40.821219+00:00,2026-08-19T06:19:59.737663+00:00
36,288,Wilson,10,MID,53,2.1948,2.282,0.68,0.0704,0.638,0.0112,1,1,1,0,2026-08-19T06:19:40.821219+00:00,2026-08-19T06:19:59.737663+00:00
36,558,Raúl,10,FWD,50,2.5772,2.4226,0.68,0.0704,0.638,0.0172,1,1,26,0,2026-08-19T06:19:40.821219+00:00,2026-08-19T06:19:59.737663+00:00
36,591,Willian,10,MID,53,2.8692,2.8991,0.68,0.0576,0.637,0.0352,1,3,63,1,2026-08-19T06:19:40.821219+00:00,2026-08-19T06:19:59.737663+00:00
36,610,Bassey,10,DEF,44,0.6956,1.4609,0.22,0.1404,0.2158,0.0012,1,5,90,1,2026-08-19T06:19:40.821219+00:00,2026-08-19T06:19:59.737663+00:00
36,625,De Fougerolles,10,DEF,39,0.5008,1.1984,0.1,0.198,0.1088,0.0004,1,0,0,0,2026-08-19T06:19:40.821219+00:00,2026-08-19T06:19:59.737663+00:00
36,651,Stansfield,10,FWD,45,0,0,0.0,0.0,0.0,0,1,0,0,0,2026-08-19T06:19:40.821219+00:00,2026-08-19T06:19:59.737663+00:00
36,652,Dibley-Dias,10,MID,45,0.488,0.9723,0.1,0.198,0.1088,0.0004,1,0,0,0,2026-08-19T06:19:40.821219+00:00,2026-08-19T06:19:59.737663+00:00
36,662,Adama,10,MID,49,0.704,1.3403,0.18,0.1804,0.1818,0.0016,1,1,26,0,2026-08-19T06:19:40.821219+00:00,2026-08-19T06:19:59.737663+00:00
36,683,Harris,10,MID,45,0,0,0.0,0.0,0.0,0,1,0,0,0,2026-08-19T06:19:40.821219+00:00,2026-08-19T06:19:59.737663+00:00
36,688,Castagne,10,DEF,45,0.822,1.6541,0.22,0.1404,0.2158,0.0024,1,6,90,1,2026-08-19T06:19:40.821219+00:00,2026-08-19T06:19:59.737663+00:00
36,692,Benda,10,GKP,40,0.1436,0.648,0.04,0.0384,0.0403,0.0,1,0,0,0,2026-08-19T06:19:40.821219+00:00,2026-08-19T06:19:59.737663+00:00
36,707,Ballo-Touré,10,DEF,45,0.476,1.1209,0.1,0.198,0.1088,0.0,1,0,0,0,2026-08-19T06:19:40.821219+00:00,2026-08-19T06:19:59.737663+00:00
36,732,Tanton,10,DEF,40,0.4372,1.0583,0.1,0.198,0.1088,0.0004,1,0,0,0,2026-08-19T06:19:40.821219+00:00,2026-08-19T06:19:59.737663+00:00
36,796,Sekularac,10,MID,44,0.4496,0.9255,0.1,0.198,0.1088,0.0004,1,0,0,0,2026-08-19T06:19:40.821219+00:00,2026-08-19T06:19:59.737663+00:00
36,810,King,10,MID,45,0.4572,0.8834,0.1,0.198,0.1088,0.0,1,0,0,0,2026-08-19T06:19:40.821219+00:00,2026-08-19T06:19:59.737663+00:00
36,289,Adrián,11,GKP,38,0.1808,0.8469,0.04,0.0384,0.0403,0.0,1,0,0,0,2026-08-19T06:19:40.821219+00:00,2026-08-19T06:19:59.737663+00:00
36,290,Alexander-Arnold,11,DEF,84,3.638,3.5883,0.68,0.0576,0.637,0.0732,1,0,90,1,2026-08-19T06:19:40.821219+00:00,2026-08-19T06:19:59.737663+00:00
36,291,A.Becker,11,GKP,57,3.5168,2.3222,0.9,0.008,0.8376,0.0012,1,2,90,1,2026-08-19T06:19:40.821219+00:00,2026-08-19T06:19:59.737663+00:00
36,292,Bajcetic,11,MID,47,0.832,1.3893,0.28,0.1584,0.2731,0.0012,1,1,25,0,2026-08-19T06:19:40.821219+00:00,2026-08-19T06:19:59.737663+00:00
36,293,Darwin,11,FWD,76,3.9984,4.0755,0.68,0.0576,0.637,0.1208,1,1,15,0,2026-08-19T06:19:40.821219+00:00,2026-08-19T06:19:59.737663+00:00
36,294,Diogo J.,11,MID,79,2.552,3.2754,0.48,0.1456,0.458,0.0448,1,0,0,0,2026-08-19T06:19:40.821219+00:00,2026-08-19T06:19:59.737663+00:00
36,295,Elliott,11,MID,48,2.0872,2.5196,0.48,0.1144,0.4556,0.0148,1,12,82,1,2026-08-19T06:19:40.821219+00:00,2026-08-19T06:19:59.737663+00:00
36,296,Fabinho,11,MID,50,0,0,0.0,0.0,0.0,0,1,0,0,0,2026-08-19T06:19:40.821219+00:00,2026-08-19T06:19:59.737663+00:00
36,297,Gakpo,11,FWD,71,2.3308,2.947,0.48,0.1456,0.458,0.0328,1,12,90,1,2026-08-19T06:19:40.821219+00:00,2026-08-19T06:19:59.737663+00:00
36,298,Gomez,11,DEF,46,2.3068,2.57,0.68,0.0576,0.637,0.0152,1,0,26,0,2026-08-19T06:19:40.821219+00:00,2026-08-19T06:19:59.737663+00:00
36,299,Henderson,11,MID,50,0,0,0.0,0.0,0.0,0,1,0,0,0,2026-08-19T06:19:40.821219+00:00,2026-08-19T06:19:59.737663+00:00
36,300,Jones,11,MID,49,1.6844,2.1512,0.48,0.1144,0.4556,0.0084,1,0,0,0,2026-08-19T06:19:40.821219+00:00,2026-08-19T06:19:59.737663+00:00
36,301,Kelleher,11,GKP,38,0.166,0.7789,0.04,0.0384,0.0403,0.0,1,0,0,0,2026-08-19T06:19:40.821219+00:00,2026-08-19T06:19:59.737663+00:00
36,302,Konaté,11,DEF,49,2.254,2.4651,0.68,0.0576,0.637,0.0104,1,0,0,0,2026-08-19T06:19:40.821219+00:00,2026-08-19T06:19:59.737663+00:00
36,303,Luis Díaz,11,MID,77,4.4776,3.8163,0.82,0.0324,0.7652,0.0976,1,2,74,1,2026-08-19T06:19:40.821219+00:00,2026-08-19T06:19:59.737663+00:00
36,304,Mac Allister,11,MID,59,3.0196,2.4572,0.82,0.0324,0.7652,0.0224,1,2,74,1,2026-08-19T06:19:40.821219+00:00,2026-08-19T06:19:59.737663+00:00
36,305,Matip,11,DEF,48,0,0,0.0,0.0,0.0,0,1,0,0,0,2026-08-19T06:19:40.821219+00:00,2026-08-19T06:19:59.737663+00:00
36,306,Phillips,11,DEF,40,0,0,0.0,0.0,0.0,0,1,0,0,0,2026-08-19T06:19:40.821219+00:00,2026-08-19T06:19:59.737663+00:00
36,307,Robertson,11,DEF,65,2.8344,2.9279,0.68,0.0576,0.637,0.0268,1,13,63,1,2026-08-19T06:19:40.821219+00:00,2026-08-19T06:19:59.737663+00:00
36,308,Salah,11,MID,135,6.5212,5.1181,0.82,0.0324,0.7652,0.242,1,13,90,1,2026-08-19T06:19:40.821219+00:00,2026-08-19T06:19:59.737663+00:00
36,309,Szoboszlai,11,MID,71,3.3872,2.7164,0.82,0.0324,0.7652,0.0352,1,1,7,0,2026-08-19T06:19:40.821219+00:00,2026-08-19T06:19:59.737663+00:00
36,310,Thiago,11,MID,47,0.4796,0.9779,0.09,0.2002,0.0997,0.0004,1,0,0,0,2026-08-19T06:19:40.821219+00:00,2026-08-19T06:19:59.737663+00:00
36,311,Tsimikas,11,DEF,44,1.0516,1.9531,0.22,0.1716,0.2183,0.0032,1,0,0,0,2026-08-19T06:19:40.821219+00:00,2026-08-19T06:19:59.737663+00:00
36,312,Van den Berg,11,DEF,40,0,0,0.0,0.0,0.0,0,1,0,0,0,2026-08-19T06:19:40.821219+00:00,2026-08-19T06:19:59.737663+00:00
36,313,Virgil,11,DEF,67,3.3608,2.7722,0.9,0.018,0.8384,0.0272,1,1,90,1,2026-08-19T06:19:40.821219+00:00,2026-08-19T06:19:59.737663+00:00
36,626,Quansah,11,DEF,40,0.8572,1.5731,0.22,0.1716,0.2183,0.0004,1,1,90,1,2026-08-19T06:19:40.821219+00:00,2026-08-19T06:19:59.737663+00:00
36,627,Clark,11,MID,44,0.4736,1.0108,0.1,0.198,0.1088,0.0004,1,0,0,0,2026-08-19T06:19:40.821219+00:00,2026-08-19T06:19:59.737663+00:00
36,628,Doak,11,MID,43,0,0,0.0,0.0,0.0,0,1,0,0,0,2026-08-19T06:19:40.821219+00:00,2026-08-19T06:19:59.737663+00:00
36,629,McConnell,11,MID,44,0.4956,0.9956,0.1,0.198,0.1088,0.0,1,0,0,0,2026-08-19T06:19:40.821219+00:00,2026-08-19T06:19:59.737663+00:00
36,668,Endo,11,MID,54,1.6408,1.5967,0.68,0.0704,0.638,0.0016,1,3,64,1,2026-08-19T06:19:40.821219+00:00,2026-08-19T06:19:59.737663+00:00
36,708,Gravenberch,11,MID,50,1.8652,2.2916,0.48,0.1144,0.4556,0.0104,1,1,15,0,2026-08-19T06:19:40.821219+00:00,2026-08-19T06:19:59.737663+00:00
36,726,Chambers,11,DEF,40,0,0,0.0,0.0,0.0,0,1,0,0,0,2026-08-19T06:19:40.821219+00:00,2026-08-19T06:19:59.737663+00:00
36,728,Scanlon,11,DEF,39,0.518,1.2425,0.1,0.198,0.1088,0.0004,1,0,0,0,2026-08-19T06:19:40.821219+00:00,2026-08-19T06:19:59.737663+00:00
36,743,Nyoni,11,MID,45,0.4432,0.9191,0.1,0.198,0.1088,0.0,1,0,0,0,2026-08-19T06:19:40.821219+00:00,2026-08-19T06:19:59.737663+00:00
36,756,Pitaluga,11,GKP,40,0,0,0.0,0.0,0.0,0,1,0,0,0,2026-08-19T06:19:40.821219+00:00,2026-08-19T06:19:59.737663+00:00
36,757,Bradley,11,DEF,42,1.1024,2.1206,0.22,0.1716,0.2183,0.0072,1,0,0,0,2026-08-19T06:19:40.821219+00:00,2026-08-19T06:19:59.737663+00:00
36,782,Beck,11,DEF,45,0,0,0.0,0.0,0.0,0,1,0,0,0,2026-08-19T06:19:40.821219+00:00,2026-08-19T06:19:59.737663+00:00
36,783,Gordon,11,MID,45,0.4912,1.0213,0.1,0.198,0.1088,0.0008,1,0,0,0,2026-08-19T06:19:40.821219+00:00,2026-08-19T06:19:59.737663+00:00
36,812,Koumas,11,FWD,45,0.452,0.9222,0.1,0.198,0.1088,0.0004,1,0,0,0,2026-08-19T06:19:40.821219+00:00,2026-08-19T06:19:59.737663+00:00
36,813,Mrozek,11,GKP,40,0.1868,0.8453,0.04,0.0384,0.0403,0.0,1,0,0,0,2026-08-19T06:19:40.821219+00:00,2026-08-19T06:19:59.737663+00:00
36,824,Danns,11,FWD,43,0.4704,0.957,0.1,0.198,0.1088,0.0004,1,0,0,0,2026-08-19T06:19:40.821219+00:00,2026-08-19T06:19:59.737663+00:00
36,837,Nallo,11,DEF,40,0.4928,1.1775,0.1,0.198,0.1088,0.0004,1,0,0,0,2026-08-19T06:19:40.821219+00:00,2026-08-19T06:19:59.737663+00:00
36,21,Sambi,12,MID,49,1.4084,1.5713,0.48,0.1144,0.4556,0.0004,1,6,90,1,2026-08-19T06:19:40.821219+00:00,2026-08-19T06:19:59.737663+00:00
36,52,Nakamba,12,MID,43,0,0,0.0,0.0,0.0,0,1,0,0,0,2026-08-19T06:19:40.821219+00:00,2026-08-19T06:19:59.737663+00:00
36,314,Adebayo,12,FWD,48,1.9244,2.4075,0.48,0.1144,0.4556,0.0156,1,9,79,1,2026-08-19T06:19:40.821219+00:00,2026-08-19T06:19:59.737663+00:00
36,315,Andersen,12,DEF,38,0.5176,1.1909,0.11,0.1958,0.118,0.0008,1,0,0,0,2026-08-19T06:19:40.821219+00:00,2026-08-19T06:19:59.737663+00:00
36,316,Bell,12,DEF,39,0,0,0.0,0.0,0.0,0,1,0,0,0,2026-08-19T06:19:40.821219+00:00,2026-08-19T06:19:59.737663+00:00
36,317,Berry,12,MID,46,0.958,1.4893,0.28,0.1584,0.2731,0.0012,1,1,3,0,2026-08-19T06:19:40.821219+00:00,2026-08-19T06:19:59.737663+00:00
36,318,Burke,12,DEF,40,0,0,0.0,0.0,0.0,0,1,2,90,1,2026-08-19T06:19:40.821219+00:00,2026-08-19T06:19:59.737663+00:00
36,319,Campbell,12,MID,49,0,0,0.0,0.0,0.0,0,1,0,0,0,2026-08-19T06:19:40.821219+00:00,2026-08-19T06:19:59.737663+00:00
36,320,Clark,12,MID,48,1.5412,1.8963,0.48,0.1144,0.4556,0.0044,1,0,0,0,2026-08-19T06:19:40.821219+00:00,2026-08-19T06:19:59.737663+00:00
36,321,Doughty,12,DEF,44,0.9448,1.937,0.22,0.1404,0.2158,0.0052,1,2,90,1,2026-08-19T06:19:40.821219+00:00,2026-08-19T06:19:59.737663+00:00
36,322,Freeman,12,MID,49,0,0,0.0,0.0,0.0,0,1,0,0,0,2026-08-19T06:19:40.821219+00:00,2026-08-19T06:19:59.737663+00:00
36,323,Macey,12,GKP,40,0,0,0.0,0.0,0.0,0,1,0,0,0,2026-08-19T06:19:40.821219+00:00,2026-08-19T06:19:59.737663+00:00
36,324,McAtee,12,FWD,45,0,0,0.0,0.0,0.0,0,1,0,0,0,2026-08-19T06:19:40.821219+00:00,2026-08-19T06:19:59.737663+00:00
36,325,Mendes,12,MID,45,0,0,0.0,0.0,0.0,0,1,0,0,0,2026-08-19T06:19:40.821219+00:00,2026-08-19T06:19:59.737663+00:00
36,326,Morris,12,FWD,48,3.5556,2.872,0.82,0.0324,0.7652,0.0484,1,2,90,1,2026-08-19T06:19:40.821219+00:00,2026-08-19T06:19:59.737663+00:00
36,327,Muskwe,12,FWD,45,0,0,0.0,0.0,0.0,0,1,0,0,0,2026-08-19T06:19:40.821219+00:00,2026-08-19T06:19:59.737663+00:00
36,328,Ogbene,12,FWD,48,2.528,2.4699,0.68,0.0576,0.637,0.016,1,0,0,0,2026-08-19T06:19:40.821219+00:00,2026-08-19T06:19:59.737663+00:00
36,329,Onyedinma,12,MID,50,0.6432,1.1442,0.18,0.1804,0.1818,0.0,1,2,69,1,2026-08-19T06:19:40.821219+00:00,2026-08-19T06:19:59.737663+00:00
36,330,Osho,12,DEF,44,0.8432,1.7366,0.22,0.1404,0.2158,0.0032,1,2,90,1,2026-08-19T06:19:40.821219+00:00,2026-08-19T06:19:59.737663+00:00
36,331,Pepple,12,FWD,45,0,0,0.0,0.0,0.0,0,1,0,0,0,2026-08-19T06:19:40.821219+00:00,2026-08-19T06:19:59.737663+00:00
36,332,Pereira,12,MID,44,0,0,0.0,0.0,0.0,0,1,0,0,0,2026-08-19T06:19:40.821219+00:00,2026-08-19T06:19:59.737663+00:00
36,333,Potts,12,DEF,39,0.3956,1.0045,0.05,0.209,0.0632,0.0008,1,0,0,0,2026-08-19T06:19:40.821219+00:00,2026-08-19T06:19:59.737663+00:00
36,334,Rea,12,MID,44,0,0,0.0,0.0,0.0,0,1,0,0,0,2026-08-19T06:19:40.821219+00:00,2026-08-19T06:19:59.737663+00:00
36,335,Shea,12,GKP,42,0.1452,0.7186,0.04,0.0384,0.0403,0.0,1,0,0,0,2026-08-19T06:19:40.821219+00:00,2026-08-19T06:19:59.737663+00:00
36,336,Taylor,12,FWD,45,0,0,0.0,0.0,0.0,0,1,0,0,0,2026-08-19T06:19:40.821219+00:00,2026-08-19T06:19:59.737663+00:00
36,337,Thorpe,12,MID,45,0,0,0.0,0.0,0.0,0,1,0,0,0,2026-08-19T06:19:40.821219+00:00,2026-08-19T06:19:59.737663+00:00
36,338,Walton,12,GKP,40,0,0,0.0,0.0,0.0,0,1,0,0,0,2026-08-19T06:19:40.821219+00:00,2026-08-19T06:19:59.737663+00:00
36,339,Watson,12,MID,44,0,0,0.0,0.0,0.0,0,1,0,0,0,2026-08-19T06:19:40.821219+00:00,2026-08-19T06:19:59.737663+00:00
36,340,Woodrow,12,FWD,43,0.916,1.5098,0.28,0.1584,0.2731,0.0024,1,1,20,0,2026-08-19T06:19:40.821219+00:00,2026-08-19T06:19:59.737663+00:00
36,393,Mengi,12,DEF,39,0.8648,1.688,0.22,0.1404,0.2158,0.0016,1,2,90,1,2026-08-19T06:19:40.821219+00:00,2026-08-19T06:19:59.737663+00:00
36,553,Giles,12,DEF,42,0,0,0.0,0.0,0.0,0,1,0,0,0,2026-08-19T06:19:40.821219+00:00,2026-08-19T06:19:59.737663+00:00
36,575,Lockyer,12,DEF,42,0,0,0.0,0.0,0.0,0,1,0,0,0,2026-08-19T06:19:40.821219+00:00,2026-08-19T06:19:59.737663+00:00
36,582,Mpanzu,12,MID,46,1.5072,1.7031,0.48,0.1144,0.4556,0.002,1,0,0,0,2026-08-19T06:19:40.821219+00:00,2026-08-19T06:19:59.737663+00:00
36,586,Chong,12,MID,44,2.3716,2.3728,0.68,0.0576,0.637,0.0164,1,1,86,1,2026-08-19T06:19:40.821219+00:00,2026-08-19T06:19:59.737663+00:00
36,602,Kaboré,12,DEF,40,0,0,0.0,0.0,0.0,0,1,0,0,0,2026-08-19T06:19:40.821219+00:00,2026-08-19T06:19:59.737663+00:00
36,614,Kaminski,12,GKP,45,3.4856,2.3136,0.9,0.004,0.8373,0.002,1,3,90,1,2026-08-19T06:19:40.821219+00:00,2026-08-19T06:19:59.737663+00:00
36,630,Barkley,12,MID,46,0,0,0.0,0.0,0.0,0,1,2,90,1,2026-08-19T06:19:40.821219+00:00,2026-08-19T06:19:59.737663+00:00
36,631,Brown,12,FWD,49,0,0,0.0,0.0,0.0,0,1,0,0,0,2026-08-19T06:19:40.821219+00:00,2026-08-19T06:19:59.737663+00:00
36,648,Francis-Clarke,12,DEF,40,0,0,0.0,0.0,0.0,0,1,0,0,0,2026-08-19T06:19:40.821219+00:00,2026-08-19T06:19:59.737663+00:00
36,665,Krul,12,GKP,44,0.17,0.7933,0.04,0.0384,0.0403,0.0,1,0,0,0,2026-08-19T06:19:40.821219+00:00,2026-08-19T06:19:59.737663+00:00
36,682,Johnson,12,DEF,40,0.4932,1.1717,0.1,0.198,0.1088,0.0012,1,0,0,0,2026-08-19T06:19:40.821219+00:00,2026-08-19T06:19:59.737663+00:00
36,727,Townsend,12,MID,50,1.744,2.1072,0.48,0.1144,0.4556,0.0084,1,1,10,0,2026-08-19T06:19:40.821219+00:00,2026-08-19T06:19:59.737663+00:00
36,729,Luker,12,MID,45,0,0,0.0,0.0,0.0,0,1,0,0,0,2026-08-19T06:19:40.821219+00:00,2026-08-19T06:19:59.737663+00:00
36,734,Nelson,12,MID,45,0.4436,0.9006,0.1,0.198,0.1088,0.0,1,0,0,0,2026-08-19T06:19:40.821219+00:00,2026-08-19T06:19:59.737663+00:00
36,798,Hashioka,12,DEF,40,0.8856,1.6488,0.22,0.1716,0.2183,0.0004,1,0,0,0,2026-08-19T06:19:40.821219+00:00,2026-08-19T06:19:59.737663+00:00
36,831,Piesold,12,MID,45,0.4836,0.976,0.1,0.198,0.1088,0.0004,1,0,0,0,2026-08-19T06:19:40.821219+00:00,2026-08-19T06:19:59.737663+00:00
36,839,Martins,12,MID,45,0.4664,1.007,0.1,0.198,0.1088,0.0012,1,0,0,0,2026-08-19T06:19:40.821219+00:00,2026-08-19T06:19:59.737663+00:00
36,844,Chigozie,12,DEF,40,0.5364,1.2543,0.1,0.198,0.1088,0.0008,1,0,0,0,2026-08-19T06:19:40.821219+00:00,2026-08-19T06:19:59.737663+00:00
36,848,Harris,12,FWD,45,0.4616,0.9051,0.1,0.198,0.1088,0.0,1,0,0,0,2026-08-19T06:19:40.821219+00:00,2026-08-19T06:19:59.737663+00:00
36,341,Akanji,13,DEF,50,3.0144,2.5684,0.82,0.0324,0.7652,0.0148,1,2,90,1,2026-08-19T06:19:40.821219+00:00,2026-08-19T06:19:59.737663+00:00
36,342,Aké,13,DEF,50,2.964,3.1547,0.68,0.0576,0.637,0.0356,1,2,68,1,2026-08-19T06:19:40.821219+00:00,2026-08-19T06:19:59.737663+00:00
36,343,J.Alvarez,13,FWD,64,4.19,3.4098,0.82,0.0324,0.7652,0.0804,1,5,8,0,2026-08-19T06:19:40.821219+00:00,2026-08-19T06:19:59.737663+00:00
36,344,Bernardo,13,MID,62,3.5924,2.8962,0.82,0.0324,0.7652,0.0436,1,2,79,1,2026-08-19T06:19:40.821219+00:00,2026-08-19T06:19:59.737663+00:00
36,345,Bobb,13,MID,44,0.5956,1.2658,0.1,0.198,0.1088,0.0004,1,0,0,0,2026-08-19T06:19:40.821219+00:00,2026-08-19T06:19:59.737663+00:00
36,346,Cancelo,13,DEF,58,0,0,0.0,0.0,0.0,0,1,0,0,0,2026-08-19T06:19:40.821219+00:00,2026-08-19T06:19:59.737663+00:00
36,347,Carson,13,GKP,38,0.178,0.8276,0.04,0.0384,0.0403,0.0,1,0,0,0,2026-08-19T06:19:40.821219+00:00,2026-08-19T06:19:59.737663+00:00
36,348,Charles,13,MID,45,0,0,0.0,0.0,0.0,0,1,0,0,0,2026-08-19T06:19:40.821219+00:00,2026-08-19T06:19:59.737663+00:00
36,349,De Bruyne,13,MID,105,2.8196,3.4875,0.48,0.1456,0.458,0.0576,1,2,78,1,2026-08-19T06:19:40.821219+00:00,2026-08-19T06:19:59.737663+00:00
36,350,Rúben,13,DEF,55,2.9088,2.5914,0.82,0.0324,0.7652,0.0164,1,0,0,0,2026-08-19T06:19:40.821219+00:00,2026-08-19T06:19:59.737663+00:00
36,352,Ederson M.,13,GKP,55,0,0,0.0,0.0,0.0,0,1,2,90,1,2026-08-19T06:19:40.821219+00:00,2026-08-19T06:19:59.737663+00:00
36,353,Foden,13,MID,84,4.684,3.6663,0.82,0.0324,0.7652,0.0976,1,5,79,1,2026-08-19T06:19:40.821219+00:00,2026-08-19T06:19:59.737663+00:00
36,354,Grealish,13,MID,72,2.0188,2.6241,0.48,0.1456,0.458,0.0156,1,1,10,0,2026-08-19T06:19:40.821219+00:00,2026-08-19T06:19:59.737663+00:00
36,355,Haaland,13,FWD,141,6.162,4.7653,0.82,0.0324,0.7652,0.2384,1,21,82,1,2026-08-19T06:19:40.821219+00:00,2026-08-19T06:19:59.737663+00:00
36,356,Kovačić,13,MID,46,1.5048,1.8835,0.48,0.1144,0.4556,0.004,1,2,90,1,2026-08-19T06:19:40.821219+00:00,2026-08-19T06:19:59.737663+00:00
36,357,Laporte,13,DEF,49,0,0,0.0,0.0,0.0,0,1,0,0,0,2026-08-19T06:19:40.821219+00:00,2026-08-19T06:19:59.737663+00:00
36,358,R.Lewis,13,DEF,42,0.9784,1.9075,0.22,0.1716,0.2183,0.0052,1,0,0,0,2026-08-19T06:19:40.821219+00:00,2026-08-19T06:19:59.737663+00:00
36,359,Mahrez,13,MID,75,0,0,0.0,0.0,0.0,0,1,0,0,0,2026-08-19T06:19:40.821219+00:00,2026-08-19T06:19:59.737663+00:00
36,361,Ortega Moreno,13,GKP,37,3.4628,2.3642,0.88,0.0048,0.8188,0.0032,1,0,0,0,2026-08-19T06:19:40.821219+00:00,2026-08-19T06:19:59.737663+00:00
36,363,Perrone,13,MID,44,0,0,0.0,0.0,0.0,0,1,0,0,0,2026-08-19T06:19:40.821219+00:00,2026-08-19T06:19:59.737663+00:00
36,365,Rodrigo,13,MID,56,3.3172,2.6748,0.82,0.0324,0.7652,0.03,1,10,90,1,2026-08-19T06:19:40.821219+00:00,2026-08-19T06:19:59.737663+00:00
36,366,Sergio Gómez,13,DEF,38,0.5356,1.2961,0.1,0.198,0.1088,0.002,1,0,0,0,2026-08-19T06:19:40.821219+00:00,2026-08-19T06:19:59.737663+00:00
36,367,Steffen,13,GKP,39,0,0,0.0,0.0,0.0,0,1,0,0,0,2026-08-19T06:19:40.821219+00:00,2026-08-19T06:19:59.737663+00:00
36,368,Stones,13,DEF,53,1.8912,2.599,0.48,0.1144,0.4556,0.014,1,1,21,0,2026-08-19T06:19:40.821219+00:00,2026-08-19T06:19:59.737663+00:00
36,369,Walker,13,DEF,54,3.1736,2.5799,0.82,0.0324,0.7652,0.014,1,2,90,1,2026-08-19T06:19:40.821219+00:00,2026-08-19T06:19:59.737663+00:00
36,566,Matheus N.,13,MID,47,1.6924,2.0022,0.48,0.1144,0.4556,0.0056,1,1,11,0,2026-08-19T06:19:40.821219+00:00,2026-08-19T06:19:59.737663+00:00
36,616,Gvardiol,13,DEF,50,2.8988,3.0113,0.68,0.0576,0.637,0.0332,1,6,90,1,2026-08-19T06:19:40.821219+00:00,2026-08-19T06:19:59.737663+00:00
36,678,Doku,13,MID,64,3.1904,2.9283,0.68,0.0896,0.6396,0.0332,1,1,10,0,2026-08-19T06:19:40.821219+00:00,2026-08-19T06:19:59.737663+00:00
36,762,Susoho,13,MID,45,0.4844,0.9817,0.1,0.198,0.1088,0.0004,1,0,0,0,2026-08-19T06:19:40.821219+00:00,2026-08-19T06:19:59.737663+00:00
36,771,Hamilton,13,MID,45,0.488,1.0142,0.1,0.198,0.1088,0.0004,1,0,0,0,2026-08-19T06:19:40.821219+00:00,2026-08-19T06:19:59.737663+00:00
36,814,Wright,13,MID,45,0.5332,1.0302,0.1,0.198,0.1088,0.0,1,0,0,0,2026-08-19T06:19:40.821219+00:00,2026-08-19T06:19:59.737663+00:00
36,209,Mount,14,MID,68,0.706,1.4041,0.14,0.2408,0.1495,0.0024,1,2,79,1,2026-08-19T06:19:40.821219+00:00,2026-08-19T06:19:59.737663+00:00
36,370,Alex Telles,14,DEF,45,0,0,0.0,0.0,0.0,0,1,0,0,0,2026-08-19T06:19:40.821219+00:00,2026-08-19T06:19:59.737663+00:00
36,371,Amad,14,MID,44,0.4404,0.8701,0.1,0.198,0.1088,0.0,1,1,10,0,2026-08-19T06:19:40.821219+00:00,2026-08-19T06:19:59.737663+00:00
36,372,Antony,14,MID,68,1.6392,2.1916,0.48,0.1456,0.458,0.0096,1,1,59,1,2026-08-19T06:19:40.821219+00:00,2026-08-19T06:19:59.737663+00:00
36,373,B.Fernandes,14,MID,85,4.3104,3.2127,0.9,0.018,0.8384,0.0712,1,0,0,0,2026-08-19T06:19:40.821219+00:00,2026-08-19T06:19:59.737663+00:00
36,374,B.Williams,14,DEF,40,0,0,0.0,0.0,0.0,0,1,0,0,0,2026-08-19T06:19:40.821219+00:00,2026-08-19T06:19:59.737663+00:00
36,375,Bailly,14,DEF,40,0,0,0.0,0.0,0.0,0,1,0,0,0,2026-08-19T06:19:40.821219+00:00,2026-08-19T06:19:59.737663+00:00
36,376,Casemiro,14,MID,53,2.128,2.2455,0.68,0.0576,0.637,0.0108,1,2,90,1,2026-08-19T06:19:40.821219+00:00,2026-08-19T06:19:59.737663+00:00
36,377,Dalot,14,DEF,52,2.7856,2.3237,0.9,0.018,0.8384,0.0092,1,0,90,1,2026-08-19T06:19:40.821219+00:00,2026-08-19T06:19:59.737663+00:00
36,379,Eriksen,14,MID,58,1.792,2.0601,0.48,0.1456,0.458,0.008,1,2,90,1,2026-08-19T06:19:40.821219+00:00,2026-08-19T06:19:59.737663+00:00
36,380,Fernandez,14,DEF,40,0,0,0.0,0.0,0.0,0,1,0,0,0,2026-08-19T06:19:40.821219+00:00,2026-08-19T06:19:59.737663+00:00
36,381,Fred,14,MID,50,0,0,0.0,0.0,0.0,0,1,0,0,0,2026-08-19T06:19:40.821219+00:00,2026-08-19T06:19:59.737663+00:00
36,382,Garnacho,14,MID,50,3.3736,2.9985,0.82,0.0324,0.7652,0.0388,1,2,90,1,2026-08-19T06:19:40.821219+00:00,2026-08-19T06:19:59.737663+00:00
36,383,Hannibal,14,MID,43,0,0,0.0,0.0,0.0,0,1,0,0,0,2026-08-19T06:19:40.821219+00:00,2026-08-19T06:19:59.737663+00:00
36,384,Heaton,14,GKP,39,0.1672,0.7512,0.04,0.0384,0.0403,0.0,1,0,0,0,2026-08-19T06:19:40.821219+00:00,2026-08-19T06:19:59.737663+00:00
36,386,Lindelof,14,DEF,45,0.5448,1.2846,0.11,0.1958,0.118,0.0008,1,0,0,0,2026-08-19T06:19:40.821219+00:00,2026-08-19T06:19:59.737663+00:00
36,387,Maguire,14,DEF,42,0,0,0.0,0.0,0.0,0,1,0,0,0,2026-08-19T06:19:40.821219+00:00,2026-08-19T06:19:59.737663+00:00
36,388,Mainoo,14,MID,44,1.8544,1.5648,0.68,0.0576,0.637,0.0012,1,2,90,1,2026-08-19T06:19:40.821219+00:00,2026-08-19T06:19:59.737663+00:00
36,389,Malacia,14,DEF,43,0,0,0.0,0.0,0.0,0,1,0,0,0,2026-08-19T06:19:40.821219+00:00,2026-08-19T06:19:59.737663+00:00
36,390,Martial,14,FWD,64,0.6788,1.2888,0.14,0.2408,0.1495,0.0016,1,0,0,0,2026-08-19T06:19:40.821219+00:00,2026-08-19T06:19:59.737663+00:00
36,391,Martinez,14,DEF,47,0.7376,1.4088,0.28,0.1584,0.2731,0.0004,1,0,0,0,2026-08-19T06:19:40.821219+00:00,2026-08-19T06:19:59.737663+00:00
36,392,McTominay,14,MID,45,2.5628,2.6447,0.68,0.0576,0.637,0.0188,1,0,0,0,2026-08-19T06:19:40.821219+00:00,2026-08-19T06:19:59.737663+00:00
36,394,Pellistri,14,MID,42,0,0,0.0,0.0,0.0,0,1,0,0,0,2026-08-19T06:19:40.821219+00:00,2026-08-19T06:19:59.737663+00:00
36,395,R.Varane,14,DEF,49,1.9976,2.3058,0.68,0.0704,0.638,0.0092,1,0,0,0,2026-08-19T06:19:40.821219+00:00,2026-08-19T06:19:59.737663+00:00
36,396,Rashford,14,MID,84,3.0344,2.7807,0.82,0.0324,0.7652,0.0312,1,0,0,0,2026-08-19T06:19:40.821219+00:00,2026-08-19T06:19:59.737663+00:00
36,397,Sancho,14,MID,67,0,0,0.0,0.0,0.0,0,1,0,0,0,2026-08-19T06:19:40.821219+00:00,2026-08-19T06:19:59.737663+00:00
36,398,Shaw,14,DEF,52,0,0,0.0,0.0,0.0,0,1,0,0,0,2026-08-19T06:19:40.821219+00:00,2026-08-19T06:19:59.737663+00:00
36,399,Shoretire,14,FWD,44,0.4656,0.918,0.1,0.198,0.1088,0.0,1,0,0,0,2026-08-19T06:19:40.821219+00:00,2026-08-19T06:19:59.737663+00:00
36,400,Van de Beek,14,MID,47,0,0,0.0,0.0,0.0,0,1,0,0,0,2026-08-19T06:19:40.821219+00:00,2026-08-19T06:19:59.737663+00:00
36,401,Wan-Bissaka,14,DEF,44,0.782,1.4954,0.22,0.1716,0.2183,0.0008,1,0,90,1,2026-08-19T06:19:40.821219+00:00,2026-08-19T06:19:59.737663+00:00
36,597,Onana,14,GKP,50,3.2008,2.202,0.9,0.008,0.8376,0.0024,1,2,90,1,2026-08-19T06:19:40.821219+00:00,2026-08-19T06:19:59.737663+00:00
36,617,Højlund,14,FWD,71,2.5604,2.5034,0.68,0.0576,0.637,0.022,1,2,79,1,2026-08-19T06:19:40.821219+00:00,2026-08-19T06:19:59.737663+00:00
36,632,Forson,14,MID,44,0.4656,0.9374,0.1,0.198,0.1088,0.0004,1,0,0,0,2026-08-19T06:19:40.821219+00:00,2026-08-19T06:19:59.737663+00:00
36,669,Vítek,14,GKP,40,0,0,0.0,0.0,0.0,0,1,0,0,0,2026-08-19T06:19:40.821219+00:00,2026-08-19T06:19:59.737663+00:00
36,685,Gore,14,MID,45,0,0,0.0,0.0,0.0,0,1,0,0,0,2026-08-19T06:19:40.821219+00:00,2026-08-19T06:19:59.737663+00:00
36,695,Altay,14,GKP,39,0.1472,0.6813,0.04,0.0384,0.0403,0.0,1,0,0,0,2026-08-19T06:19:40.821219+00:00,2026-08-19T06:19:59.737663+00:00
36,703,Evans,14,DEF,40,0.7696,1.4318,0.22,0.1716,0.2183,0.0008,1,0,90,1,2026-08-19T06:19:40.821219+00:00,2026-08-19T06:19:59.737663+00:00
36,709,Amrabat,14,MID,50,0.7392,1.108,0.28,0.1584,0.2731,0.0004,1,0,30,0,2026-08-19T06:19:40.821219+00:00,2026-08-19T06:19:59.737663+00:00
36,748,Hugill,14,FWD,45,0,0,0.0,0.0,0.0,0,1,0,0,0,2026-08-19T06:19:40.821219+00:00,2026-08-19T06:19:59.737663+00:00
36,766,Kambwala,14,DEF,39,0.7036,1.3907,0.22,0.1716,0.2183,0.0004,1,0,0,0,2026-08-19T06:19:40.821219+00:00,2026-08-19T06:19:59.737663+00:00
36,768,Bennett,14,DEF,40,0,0,0.0,0.0,0.0,0,1,0,0,0,2026-08-19T06:19:40.821219+00:00,2026-08-19T06:19:59.737663+00:00
36,826,Collyer,14,MID,45,0.4564,0.9623,0.1,0.198,0.1088,0.0008,1,0,0,0,2026-08-19T06:19:40.821219+00:00,2026-08-19T06:19:59.737663+00:00
36,833,Ogunneye,14,DEF,40,0.502,1.1951,0.1,0.198,0.1088,0.0004,1,0,0,0,2026-08-19T06:19:40.821219+00:00,2026-08-19T06:19:59.737663+00:00
36,835,Mee,14,GKP,40,0.1672,0.7727,0.04,0.0384,0.0403,0.0,1,0,0,0,2026-08-19T06:19:40.821219+00:00,2026-08-19T06:19:59.737663+00:00
36,846,Amass,14,DEF,40,0.4404,1.0414,0.1,0.198,0.1088,0.0,1,0,0,0,2026-08-19T06:19:40.821219+00:00,2026-08-19T06:19:59.737663+00:00
36,850,Wheatley,14,FWD,45,0.4812,0.9176,0.1,0.198,0.1088,0.0004,1,1,10,0,2026-08-19T06:19:40.821219+00:00,2026-08-19T06:19:59.737663+00:00
36,856,Jackson,14,DEF,40,0.47,1.1293,0.1,0.198,0.1088,0.0004,1,0,0,0,2026-08-19T06:19:40.821219+00:00,2026-08-19T06:19:59.737663+00:00
36,204,Hall,15,DEF,42,0.688,1.3462,0.22,0.1716,0.2183,0.0004,1,2,90,1,2026-08-19T06:19:40.821219+00:00,2026-08-19T06:19:59.737663+00:00
36,402,Almirón,15,MID,60,2.5684,2.6329,0.68,0.0576,0.637,0.0196,1,1,13,0,2026-08-19T06:19:40.821219+00:00,2026-08-19T06:19:59.737663+00:00
36,403,Anderson,15,MID,42,1.4704,1.7228,0.48,0.1144,0.4556,0.004,1,0,21,0,2026-08-19T06:19:40.821219+00:00,2026-08-19T06:19:59.737663+00:00
36,404,Ashby,15,DEF,40,0,0,0.0,0.0,0.0,0,1,0,0,0,2026-08-19T06:19:40.821219+00:00,2026-08-19T06:19:59.737663+00:00
36,405,Botman,15,DEF,45,0,0,0.0,0.0,0.0,0,1,0,0,0,2026-08-19T06:19:40.821219+00:00,2026-08-19T06:19:59.737663+00:00
36,406,Bruno G.,15,MID,58,2.9496,2.2628,0.9,0.018,0.8384,0.018,1,9,90,1,2026-08-19T06:19:40.821219+00:00,2026-08-19T06:19:59.737663+00:00
36,407,Burn,15,DEF,46,2.684,2.7049,0.82,0.0324,0.7652,0.02,1,2,90,1,2026-08-19T06:19:40.821219+00:00,2026-08-19T06:19:59.737663+00:00
36,408,Darlow,15,GKP,40,0,0,0.0,0.0,0.0,0,1,0,0,0,2026-08-19T06:19:40.821219+00:00,2026-08-19T06:19:59.737663+00:00
36,409,Dubravka,15,GKP,43,3.2408,2.1918,0.9,0.004,0.8373,0.0008,1,3,90,1,2026-08-19T06:19:40.821219+00:00,2026-08-19T06:19:59.737663+00:00
36,410,Fraser,15,MID,49,0,0,0.0,0.0,0.0,0,1,0,0,0,2026-08-19T06:19:40.821219+00:00,2026-08-19T06:19:59.737663+00:00
36,411,Gillespie,15,GKP,39,0.1592,0.7159,0.04,0.0384,0.0403,0.0,1,0,0,0,2026-08-19T06:19:40.821219+00:00,2026-08-19T06:19:59.737663+00:00
36,412,Gordon,15,MID,63,1.8368,2.6673,0.41,0.1062,0.3898,0.0192,1,6,84,1,2026-08-19T06:19:40.821219+00:00,2026-08-19T06:19:59.737663+00:00
36,413,Hayden,15,MID,44,0,0,0.0,0.0,0.0,0,1,0,0,0,2026-08-19T06:19:40.821219+00:00,2026-08-19T06:19:59.737663+00:00
36,414,Hendrick,15,MID,44,0,0,0.0,0.0,0.0,0,1,0,0,0,2026-08-19T06:19:40.821219+00:00,2026-08-19T06:19:59.737663+00:00
36,415,Isak,15,FWD,83,4.0284,3.8291,0.68,0.0576,0.637,0.1028,1,7,76,1,2026-08-19T06:19:40.821219+00:00,2026-08-19T06:19:59.737663+00:00
36,416,Joelinton,15,MID,58,1.6028,2.0557,0.48,0.1456,0.458,0.0044,1,1,13,0,2026-08-19T06:19:40.821219+00:00,2026-08-19T06:19:59.737663+00:00
36,417,Krafth,15,DEF,44,0.8076,1.5529,0.22,0.1716,0.2183,0.0016,1,2,90,1,2026-08-19T06:19:40.821219+00:00,2026-08-19T06:19:59.737663+00:00
36,418,Kuol,15,MID,45,0,0,0.0,0.0,0.0,0,1,0,0,0,2026-08-19T06:19:40.821219+00:00,2026-08-19T06:19:59.737663+00:00
36,419,Lascelles,15,DEF,38,0,0,0.0,0.0,0.0,0,1,0,0,0,2026-08-19T06:19:40.821219+00:00,2026-08-19T06:19:59.737663+00:00
36,420,J.Lewis,15,DEF,40,0,0,0.0,0.0,0.0,0,1,0,0,0,2026-08-19T06:19:40.821219+00:00,2026-08-19T06:19:59.737663+00:00
36,421,Longstaff,15,MID,48,2.4964,2.2571,0.82,0.0324,0.7652,0.012,1,8,76,1,2026-08-19T06:19:40.821219+00:00,2026-08-19T06:19:59.737663+00:00
36,422,Manquillo,15,DEF,40,0,0,0.0,0.0,0.0,0,1,0,0,0,2026-08-19T06:19:40.821219+00:00,2026-08-19T06:19:59.737663+00:00
36,423,J.Murphy,15,MID,48,1.6032,1.9242,0.48,0.1144,0.4556,0.0036,1,10,68,1,2026-08-19T06:19:40.821219+00:00,2026-08-19T06:19:59.737663+00:00
36,424,Pope,15,GKP,53,0.3044,1.0092,0.08,0.0736,0.0803,0.0,1,0,0,0,2026-08-19T06:19:40.821219+00:00,2026-08-19T06:19:59.737663+00:00
36,425,Ritchie,15,MID,43,0.4564,0.9598,0.1,0.198,0.1088,0.0004,1,1,5,0,2026-08-19T06:19:40.821219+00:00,2026-08-19T06:19:59.737663+00:00
36,426,Saint-Maximin,15,MID,60,0,0,0.0,0.0,0.0,0,1,0,0,0,2026-08-19T06:19:40.821219+00:00,2026-08-19T06:19:59.737663+00:00
36,427,Schär,15,DEF,57,2.9684,2.543,0.9,0.018,0.8384,0.0152,1,0,0,0,2026-08-19T06:19:40.821219+00:00,2026-08-19T06:19:59.737663+00:00
36,428,Targett,15,DEF,42,0,0,0.0,0.0,0.0,0,1,0,0,0,2026-08-19T06:19:40.821219+00:00,2026-08-19T06:19:59.737663+00:00
36,429,Tonali,15,MID,52,0,0,0.0,0.0,0.0,0,1,0,0,0,2026-08-19T06:19:40.821219+00:00,2026-08-19T06:19:59.737663+00:00
36,430,Trippier,15,DEF,66,3.4316,2.8599,0.82,0.0324,0.7652,0.0308,1,0,0,0,2026-08-19T06:19:40.821219+00:00,2026-08-19T06:19:59.737663+00:00
36,431,Watts,15,DEF,40,0,0,0.0,0.0,0.0,0,1,0,0,0,2026-08-19T06:19:40.821219+00:00,2026-08-19T06:19:59.737663+00:00
36,432,Willock,15,MID,53,0,0,0.0,0.0,0.0,0,1,0,0,0,2026-08-19T06:19:40.821219+00:00,2026-08-19T06:19:59.737663+00:00
36,433,Wilson,15,FWD,78,2.2368,2.8271,0.48,0.1456,0.458,0.0332,1,5,68,1,2026-08-19T06:19:40.821219+00:00,2026-08-19T06:19:59.737663+00:00
36,580,Karius,15,GKP,39,0.1768,0.8218,0.04,0.0384,0.0403,0.0,1,0,0,0,2026-08-19T06:19:40.821219+00:00,2026-08-19T06:19:59.737663+00:00
36,581,Dummett,15,DEF,39,0.4436,1.0576,0.1,0.198,0.1088,0.0,1,0,0,0,2026-08-19T06:19:40.821219+00:00,2026-08-19T06:19:59.737663+00:00
36,603,Barnes,15,MID,62,1.2584,2.1292,0.28,0.2016,0.2765,0.0096,1,1,21,0,2026-08-19T06:19:40.821219+00:00,2026-08-19T06:19:59.737663+00:00
36,633,Livramento,15,DEF,40,0,0,0.0,0.0,0.0,0,1,2,90,1,2026-08-19T06:19:40.821219+00:00,2026-08-19T06:19:59.737663+00:00
36,634,A.Murphy,15,DEF,39,0.4384,1.0374,0.1,0.198,0.1088,0.0,1,0,0,0,2026-08-19T06:19:40.821219+00:00,2026-08-19T06:19:59.737663+00:00
36,635,Miley,15,MID,45,0,0,0.0,0.0,0.0,0,1,0,0,0,2026-08-19T06:19:40.821219+00:00,2026-08-19T06:19:59.737663+00:00
36,738,Diallo,15,MID,45,0.4484,0.9375,0.1,0.198,0.1088,0.0,1,0,0,0,2026-08-19T06:19:40.821219+00:00,2026-08-19T06:19:59.737663+00:00
36,739,Parkinson,15,FWD,45,0.4464,0.9052,0.1,0.198,0.1088,0.0004,1,0,0,0,2026-08-19T06:19:40.821219+00:00,2026-08-19T06:19:59.737663+00:00
36,745,Ndiweni,15,FWD,44,0,0,0.0,0.0,0.0,0,1,0,0,0,2026-08-19T06:19:40.821219+00:00,2026-08-19T06:19:59.737663+00:00
36,794,White,15,MID,45,0.4528,0.9148,0.1,0.198,0.1088,0.0,1,0,0,0,2026-08-19T06:19:40.821219+00:00,2026-08-19T06:19:59.737663+00:00
36,795,Hernes,15,MID,45,0.4328,0.8833,0.1,0.198,0.1088,0.0,1,0,0,0,2026-08-19T06:19:40.821219+00:00,2026-08-19T06:19:59.737663+00:00
36,23,Tavares,16,DEF,40,0.652,1.3382,0.22,0.1716,0.2183,0.0004,1,0,0,0,2026-08-19T06:19:40.821219+00:00,2026-08-19T06:19:59.737663+00:00
36,28,Turner,16,GKP,38,2.8156,2.0439,0.9,0.004,0.8373,0.0004,1,0,0,0,2026-08-19T06:19:40.821219+00:00,2026-08-19T06:19:59.737663+00:00
36,205,Hudson-Odoi,16,MID,47,2.5132,2.2154,0.68,0.0576,0.637,0.008,1,15,89,1,2026-08-19T06:19:40.821219+00:00,2026-08-19T06:19:59.737663+00:00
36,378,Elanga,16,MID,50,3.14,2.7819,0.82,0.0324,0.7652,0.0308,1,2,66,1,2026-08-19T06:19:40.821219+00:00,2026-08-19T06:19:59.737663+00:00
36,434,B.Aguilera,16,MID,45,0,0,0.0,0.0,0.0,0,1,0,0,0,2026-08-19T06:19:40.821219+00:00,2026-08-19T06:19:59.737663+00:00
36,435,Arter,16,MID,43,0.4504,0.9129,0.1,0.198,0.1088,0.0,1,0,0,0,2026-08-19T06:19:40.821219+00:00,2026-08-19T06:19:59.737663+00:00
36,436,Aurier,16,DEF,45,0,0,0.0,0.0,0.0,0,1,0,0,0,2026-08-19T06:19:40.821219+00:00,2026-08-19T06:19:59.737663+00:00
36,437,Awoniyi,16,FWD,63,1.8624,2.3673,0.48,0.1456,0.458,0.0172,1,1,1,0,2026-08-19T06:19:40.821219+00:00,2026-08-19T06:19:59.737663+00:00
36,438,Biancone,16,DEF,39,0,0,0.0,0.0,0.0,0,1,0,0,0,2026-08-19T06:19:40.821219+00:00,2026-08-19T06:19:59.737663+00:00
36,439,Boly,16,DEF,45,0.8536,1.729,0.22,0.1716,0.2183,0.0028,1,6,90,1,2026-08-19T06:19:40.821219+00:00,2026-08-19T06:19:59.737663+00:00
36,440,Bowler,16,MID,45,0,0,0.0,0.0,0.0,0,1,0,0,0,2026-08-19T06:19:40.821219+00:00,2026-08-19T06:19:59.737663+00:00
36,441,Cook,16,DEF,45,0,0,0.0,0.0,0.0,0,1,0,0,0,2026-08-19T06:19:40.821219+00:00,2026-08-19T06:19:59.737663+00:00
36,442,Danilo,16,MID,53,1.9464,1.8601,0.68,0.0576,0.637,0.0028,1,5,90,1,2026-08-19T06:19:40.821219+00:00,2026-08-19T06:19:59.737663+00:00
36,443,Dennis,16,FWD,48,0,0,0.0,0.0,0.0,0,1,0,0,0,2026-08-19T06:19:40.821219+00:00,2026-08-19T06:19:59.737663+00:00
36,444,Dräger,16,DEF,40,0,0,0.0,0.0,0.0,0,1,0,0,0,2026-08-19T06:19:40.821219+00:00,2026-08-19T06:19:59.737663+00:00
36,445,Felipe,16,DEF,44,0.7332,1.4217,0.22,0.1716,0.2183,0.0004,1,0,0,0,2026-08-19T06:19:40.821219+00:00,2026-08-19T06:19:59.737663+00:00
36,446,Freuler,16,MID,49,0,0,0.0,0.0,0.0,0,1,0,0,0,2026-08-19T06:19:40.821219+00:00,2026-08-19T06:19:59.737663+00:00
36,447,Gibbs-White,16,MID,57,3.3164,2.7219,0.9,0.018,0.8384,0.036,1,7,90,1,2026-08-19T06:19:40.821219+00:00,2026-08-19T06:19:59.737663+00:00
36,448,Hennessey,16,GKP,39,0.1588,0.7622,0.04,0.0384,0.0403,0.0,1,0,0,0,2026-08-19T06:19:40.821219+00:00,2026-08-19T06:19:59.737663+00:00
36,449,Horvath,16,GKP,43,0,0,0.0,0.0,0.0,0,1,0,0,0,2026-08-19T06:19:40.821219+00:00,2026-08-19T06:19:59.737663+00:00
36,451,Kouyaté,16,MID,48,0.678,1.2131,0.18,0.1804,0.1818,0.0004,1,0,0,0,2026-08-19T06:19:40.821219+00:00,2026-08-19T06:19:59.737663+00:00
36,452,Laryea,16,DEF,45,0,0,0.0,0.0,0.0,0,1,0,0,0,2026-08-19T06:19:40.821219+00:00,2026-08-19T06:19:59.737663+00:00
36,453,Mangala,16,MID,50,0,0,0.0,0.0,0.0,0,1,0,0,0,2026-08-19T06:19:40.821219+00:00,2026-08-19T06:19:59.737663+00:00
36,454,Mbe Soh,16,DEF,40,0,0,0.0,0.0,0.0,0,1,0,0,0,2026-08-19T06:19:40.821219+00:00,2026-08-19T06:19:59.737663+00:00
36,455,McKenna,16,DEF,44,0,0,0.0,0.0,0.0,0,1,0,0,0,2026-08-19T06:19:40.821219+00:00,2026-08-19T06:19:59.737663+00:00
36,456,Mighten,16,MID,44,0,0,0.0,0.0,0.0,0,1,0,0,0,2026-08-19T06:19:40.821219+00:00,2026-08-19T06:19:59.737663+00:00
36,457,Niakhaté,16,DEF,45,0.8144,1.6078,0.22,0.1716,0.2183,0.0024,1,1,23,0,2026-08-19T06:19:40.821219+00:00,2026-08-19T06:19:59.737663+00:00
36,458,O'Brien,16,MID,49,0,0,0.0,0.0,0.0,0,1,0,0,0,2026-08-19T06:19:40.821219+00:00,2026-08-19T06:19:59.737663+00:00
36,459,Ojeda,16,MID,45,0,0,0.0,0.0,0.0,0,1,0,0,0,2026-08-19T06:19:40.821219+00:00,2026-08-19T06:19:59.737663+00:00
36,460,Panzo,16,DEF,40,0,0,0.0,0.0,0.0,0,1,0,0,0,2026-08-19T06:19:40.821219+00:00,2026-08-19T06:19:59.737663+00:00
36,461,O.Richards,16,DEF,44,0,0,0.0,0.0,0.0,0,1,0,0,0,2026-08-19T06:19:40.821219+00:00,2026-08-19T06:19:59.737663+00:00
36,462,G.Scarpa,16,MID,45,0,0,0.0,0.0,0.0,0,1,0,0,0,2026-08-19T06:19:40.821219+00:00,2026-08-19T06:19:59.737663+00:00
36,463,J.Shelvey,16,MID,48,0,0,0.0,0.0,0.0,0,1,0,0,0,2026-08-19T06:19:40.821219+00:00,2026-08-19T06:19:59.737663+00:00
36,464,Surridge,16,FWD,45,0,0,0.0,0.0,0.0,0,1,0,0,0,2026-08-19T06:19:40.821219+00:00,2026-08-19T06:19:59.737663+00:00
36,465,Toffolo,16,DEF,44,0.7976,1.6817,0.22,0.1716,0.2183,0.0044,1,1,7,0,2026-08-19T06:19:40.821219+00:00,2026-08-19T06:19:59.737663+00:00
36,466,Ui-jo,16,FWD,44,0,0,0.0,0.0,0.0,0,1,0,0,0,2026-08-19T06:19:40.821219+00:00,2026-08-19T06:19:59.737663+00:00
36,467,Williams,16,DEF,43,0,0,0.0,0.0,0.0,0,1,0,0,0,2026-08-19T06:19:40.821219+00:00,2026-08-19T06:19:59.737663+00:00
36,468,Wood,16,FWD,48,3.2304,3.0687,0.68,0.0576,0.637,0.0404,1,2,89,1,2026-08-19T06:19:40.821219+00:00,2026-08-19T06:19:59.737663+00:00
36,469,Worrall,16,DEF,43,0,0,0.0,0.0,0.0,0,1,0,0,0,2026-08-19T06:19:40.821219+00:00,2026-08-19T06:19:59.737663+00:00
36,470,Yates,16,MID,48,1.8752,1.8455,0.68,0.0576,0.637,0.0044,1,7,90,1,2026-08-19T06:19:40.821219+00:00,2026-08-19T06:19:59.737663+00:00
36,604,Aina,16,DEF,45,0.692,1.3927,0.22,0.1404,0.2158,0.0004,1,2,90,1,2026-08-19T06:19:40.821219+00:00,2026-08-19T06:19:59.737663+00:00
36,636,G.Shelvey,16,GKP,39,0,0,0.0,0.0,0.0,0,1,0,0,0,2026-08-19T06:19:40.821219+00:00,2026-08-19T06:19:59.737663+00:00
36,637,Powell,16,DEF,39,0.466,1.1084,0.1,0.198,0.1088,0.0004,1,0,0,0,2026-08-19T06:19:40.821219+00:00,2026-08-19T06:19:59.737663+00:00
36,679,G.Montiel,16,DEF,44,0.7576,1.5011,0.22,0.1716,0.2183,0.0016,1,1,82,1,2026-08-19T06:19:40.821219+00:00,2026-08-19T06:19:59.737663+00:00
36,696,Murillo,16,DEF,45,0.7052,1.4964,0.22,0.1404,0.2158,0.0016,1,2,90,1,2026-08-19T06:19:40.821219+00:00,2026-08-19T06:19:59.737663+00:00
36,710,Odysseas,16,GKP,45,0.1776,0.7884,0.04,0.0384,0.0403,0.0,1,0,0,0,2026-08-19T06:19:40.821219+00:00,2026-08-19T06:19:59.737663+00:00
36,711,Omobamidele,16,DEF,45,0.6772,1.3691,0.22,0.1716,0.2183,0.0008,1,0,0,0,2026-08-19T06:19:40.821219+00:00,2026-08-19T06:19:59.737663+00:00
36,712,Dominguez,16,MID,50,0,0,0.0,0.0,0.0,0,1,1,1,0,2026-08-19T06:19:40.821219+00:00,2026-08-19T06:19:59.737663+00:00
36,713,Sangaré,16,MID,49,1.126,1.3611,0.48,0.1144,0.4556,0.0004,1,0,0,0,2026-08-19T06:19:40.821219+00:00,2026-08-19T06:19:59.737663+00:00
36,714,Origi,16,FWD,50,0.8456,1.36,0.28,0.1584,0.2731,0.0008,1,0,0,0,2026-08-19T06:19:40.821219+00:00,2026-08-19T06:19:59.737663+00:00
36,779,McDonnell,16,MID,45,0.4612,0.9191,0.1,0.198,0.1088,0.0,1,0,0,0,2026-08-19T06:19:40.821219+00:00,2026-08-19T06:19:59.737663+00:00
36,780,Osong,16,FWD,45,0.4676,0.8951,0.1,0.198,0.1088,0.0,1,0,0,0,2026-08-19T06:19:40.821219+00:00,2026-08-19T06:19:59.737663+00:00
36,781,Gardner,16,FWD,45,0.4748,0.9466,0.1,0.198,0.1088,0.0008,1,0,0,0,2026-08-19T06:19:40.821219+00:00,2026-08-19T06:19:59.737663+00:00
36,801,Reyna,16,MID,47,0.6504,1.2123,0.18,0.1804,0.1818,0.0024,1,0,0,0,2026-08-19T06:19:40.821219+00:00,2026-08-19T06:19:59.737663+00:00
36,808,Sels,16,GKP,45,0.124,0.6248,0.04,0.0384,0.0403,0.0,1,3,90,1,2026-08-19T06:19:40.821219+00:00,2026-08-19T06:19:59.737663+00:00
36,809,Ribeiro,16,FWD,45,0.452,0.8695,0.1,0.198,0.1088,0.0004,1,0,0,0,2026-08-19T06:19:40.821219+00:00,2026-08-19T06:19:59.737663+00:00
36,27,Trusty,17,DEF,39,0.7764,1.5685,0.22,0.1404,0.2158,0.0016,1,1,90,1,2026-08-19T06:19:40.821219+00:00,2026-08-19T06:19:59.737663+00:00
36,33,Archer,17,FWD,42,2.4796,2.3613,0.68,0.0576,0.637,0.0176,1,2,73,1,2026-08-19T06:19:40.821219+00:00,2026-08-19T06:19:59.737663+00:00
36,255,Holgate,17,DEF,40,0.7992,1.6463,0.22,0.1716,0.2183,0.0028,1,0,0,0,2026-08-19T06:19:40.821219+00:00,2026-08-19T06:19:59.737663+00:00
36,360,McAtee,17,MID,44,2.4704,2.5133,0.68,0.0576,0.637,0.0208,1,1,24,0,2026-08-19T06:19:40.821219+00:00,2026-08-19T06:19:59.737663+00:00
36,471,Ahmedhodžić,17,DEF,43,0.96,2.057,0.22,0.1404,0.2158,0.0084,1,-2,90,1,2026-08-19T06:19:40.821219+00:00,2026-08-19T06:19:59.737663+00:00
36,472,Amissah,17,GKP,39,0.1996,0.8333,0.04,0.0384,0.0403,0.0,1,0,0,0,2026-08-19T06:19:40.821219+00:00,2026-08-19T06:19:59.737663+00:00
36,473,Baldock,17,DEF,38,0,0,0.0,0.0,0.0,0,1,0,0,0,2026-08-19T06:19:40.821219+00:00,2026-08-19T06:19:59.737663+00:00
36,474,Basham,17,DEF,39,0,0,0.0,0.0,0.0,0,1,0,0,0,2026-08-19T06:19:40.821219+00:00,2026-08-19T06:19:59.737663+00:00
36,476,Bogle,17,DEF,45,0.914,1.967,0.22,0.1404,0.2158,0.0092,1,1,90,1,2026-08-19T06:19:40.821219+00:00,2026-08-19T06:19:59.737663+00:00
36,477,Brewster,17,FWD,49,0.8512,1.3491,0.28,0.1584,0.2731,0.0016,1,0,0,0,2026-08-19T06:19:40.821219+00:00,2026-08-19T06:19:59.737663+00:00
36,478,Coulibaly,17,MID,44,0,0,0.0,0.0,0.0,0,1,0,0,0,2026-08-19T06:19:40.821219+00:00,2026-08-19T06:19:59.737663+00:00
36,479,A.Davies,17,GKP,40,0.182,0.8141,0.04,0.0384,0.0403,0.0,1,0,0,0,2026-08-19T06:19:40.821219+00:00,2026-08-19T06:19:59.737663+00:00
36,480,Egan,17,DEF,42,0.5208,1.2544,0.11,0.1958,0.118,0.0008,1,0,0,0,2026-08-19T06:19:40.821219+00:00,2026-08-19T06:19:59.737663+00:00
36,481,Fleck,17,MID,49,0,0,0.0,0.0,0.0,0,1,0,0,0,2026-08-19T06:19:40.821219+00:00,2026-08-19T06:19:59.737663+00:00
36,482,Foderingham,17,GKP,44,3.7992,2.4149,0.9,0.004,0.8373,0.0048,1,1,90,1,2026-08-19T06:19:40.821219+00:00,2026-08-19T06:19:59.737663+00:00
36,483,Jebbison,17,FWD,48,0.6772,1.2608,0.18,0.1804,0.1818,0.0016,1,0,0,0,2026-08-19T06:19:40.821219+00:00,2026-08-19T06:19:59.737663+00:00
36,484,Lowe,17,DEF,43,0.9012,1.7837,0.22,0.1716,0.2183,0.0048,1,0,0,0,2026-08-19T06:19:40.821219+00:00,2026-08-19T06:19:59.737663+00:00
36,485,McBurnie,17,FWD,54,2.2816,2.9994,0.48,0.1144,0.4556,0.0372,1,0,0,0,2026-08-19T06:19:40.821219+00:00,2026-08-19T06:19:59.737663+00:00
36,486,Ndiaye,17,FWD,55,0,0,0.0,0.0,0.0,0,1,0,0,0,2026-08-19T06:19:40.821219+00:00,2026-08-19T06:19:59.737663+00:00
36,487,Norrington-Davies,17,DEF,39,0,0,0.0,0.0,0.0,0,1,0,0,0,2026-08-19T06:19:40.821219+00:00,2026-08-19T06:19:59.737663+00:00
36,488,Norwood,17,MID,48,1.9168,1.8254,0.68,0.0704,0.638,0.004,1,0,0,0,2026-08-19T06:19:40.821219+00:00,2026-08-19T06:19:59.737663+00:00
36,489,Osborn,17,MID,48,0.7796,1.2292,0.24,0.1672,0.2366,0.0,1,2,90,1,2026-08-19T06:19:40.821219+00:00,2026-08-19T06:19:59.737663+00:00
36,490,Osula,17,FWD,43,1.1688,1.5954,0.48,0.1144,0.4556,0.0028,1,0,0,0,2026-08-19T06:19:40.821219+00:00,2026-08-19T06:19:59.737663+00:00
36,576,Robinson,17,DEF,43,0.8768,1.789,0.22,0.1404,0.2158,0.004,1,1,90,1,2026-08-19T06:19:40.821219+00:00,2026-08-19T06:19:59.737663+00:00
36,587,Slimane,17,MID,47,0.9904,1.5605,0.28,0.1584,0.2731,0.0008,1,0,0,0,2026-08-19T06:19:40.821219+00:00,2026-08-19T06:19:59.737663+00:00
36,592,Larouci,17,DEF,43,0.8964,1.6746,0.22,0.1716,0.2183,0.0012,1,0,0,0,2026-08-19T06:19:40.821219+00:00,2026-08-19T06:19:59.737663+00:00
36,593,T.Bénie,17,FWD,51,0,0,0.0,0.0,0.0,0,1,0,0,0,2026-08-19T06:19:40.821219+00:00,2026-08-19T06:19:59.737663+00:00
36,638,Vini Souza,17,MID,50,2.1188,1.4136,0.82,0.0324,0.7652,0.0008,1,1,16,0,2026-08-19T06:19:40.821219+00:00,2026-08-19T06:19:59.737663+00:00
36,653,Seriki,17,DEF,39,0,0,0.0,0.0,0.0,0,1,0,0,0,2026-08-19T06:19:40.821219+00:00,2026-08-19T06:19:59.737663+00:00
36,654,Marsh,17,FWD,45,0,0,0.0,0.0,0.0,0,1,0,0,0,2026-08-19T06:19:40.821219+00:00,2026-08-19T06:19:59.737663+00:00
36,655,Brooks,17,MID,44,1.3832,1.5735,0.48,0.1144,0.4556,0.0012,1,2,65,1,2026-08-19T06:19:40.821219+00:00,2026-08-19T06:19:59.737663+00:00
36,656,Hackford,17,FWD,44,0,0,0.0,0.0,0.0,0,1,0,0,0,2026-08-19T06:19:40.821219+00:00,2026-08-19T06:19:59.737663+00:00
36,663,Hamer,17,MID,49,2.6352,2.1563,0.82,0.0324,0.7652,0.0104,1,2,90,1,2026-08-19T06:19:40.821219+00:00,2026-08-19T06:19:59.737663+00:00
36,666,T.Davies,17,MID,50,0.482,1.0788,0.09,0.2002,0.0997,0.0008,1,0,0,0,2026-08-19T06:19:40.821219+00:00,2026-08-19T06:19:59.737663+00:00
36,693,Thomas,17,DEF,40,0,0,0.0,0.0,0.0,0,1,0,0,0,2026-08-19T06:19:40.821219+00:00,2026-08-19T06:19:59.737663+00:00
36,730,Oné,17,MID,44,0.4744,0.9965,0.1,0.198,0.1088,0.0,1,0,0,0,2026-08-19T06:19:40.821219+00:00,2026-08-19T06:19:59.737663+00:00
36,731,Buyabu,17,DEF,40,0,0,0.0,0.0,0.0,0,1,0,0,0,2026-08-19T06:19:40.821219+00:00,2026-08-19T06:19:59.737663+00:00
36,759,Peck,17,MID,44,0.5064,1.0369,0.1,0.198,0.1088,0.0004,1,0,0,0,2026-08-19T06:19:40.821219+00:00,2026-08-19T06:19:59.737663+00:00
36,775,Brereton Díaz,17,MID,50,2.0552,2.7157,0.48,0.1144,0.4556,0.0212,1,8,90,1,2026-08-19T06:19:40.821219+00:00,2026-08-19T06:19:59.737663+00:00
36,790,Grbić,17,GKP,45,0.2044,0.9027,0.04,0.0384,0.0403,0.0,1,0,0,0,2026-08-19T06:19:40.821219+00:00,2026-08-19T06:19:59.737663+00:00
36,822,Blacker,17,FWD,45,0.4628,0.9559,0.1,0.198,0.1088,0.0,1,0,0,0,2026-08-19T06:19:40.821219+00:00,2026-08-19T06:19:59.737663+00:00
36,823,Arblaster,17,MID,45,1.3056,1.4191,0.48,0.1144,0.4556,0.0012,1,2,90,1,2026-08-19T06:19:40.821219+00:00,2026-08-19T06:19:59.737663+00:00
36,827,Sasnauskas,17,DEF,40,0.502,1.1877,0.1,0.198,0.1088,0.0004,1,0,0,0,2026-08-19T06:19:40.821219+00:00,2026-08-19T06:19:59.737663+00:00
36,828,Curtis,17,DEF,40,0.5876,1.3717,0.1,0.198,0.1088,0.0012,1,0,0,0,2026-08-19T06:19:40.821219+00:00,2026-08-19T06:19:59.737663+00:00
36,857,Hampson,17,MID,45,0.5152,0.9898,0.1,0.198,0.1088,0.0004,1,0,0,0,2026-08-19T06:19:40.821219+00:00,2026-08-19T06:19:59.737663+00:00
36,450,Johnson,18,MID,58,3.2016,3.3109,0.68,0.0576,0.637,0.0452,1,5,90,1,2026-08-19T06:19:40.821219+00:00,2026-08-19T06:19:59.737663+00:00
36,491,Austin,18,GKP,39,0.1388,0.6435,0.04,0.0384,0.0403,0.0,1,0,0,0,2026-08-19T06:19:40.821219+00:00,2026-08-19T06:19:59.737663+00:00
36,492,Bentancur,18,MID,54,1.4016,1.8858,0.48,0.1144,0.4556,0.0064,1,2,60,1,2026-08-19T06:19:40.821219+00:00,2026-08-19T06:19:59.737663+00:00
36,493,Bissouma,18,MID,50,0,0,0.0,0.0,0.0,0,1,1,90,1,2026-08-19T06:19:40.821219+00:00,2026-08-19T06:19:59.737663+00:00
36,494,Bryan,18,MID,49,0.694,1.2863,0.18,0.1804,0.1818,0.0012,1,0,0,0,2026-08-19T06:19:40.821219+00:00,2026-08-19T06:19:59.737663+00:00
36,495,Davies,18,DEF,43,0,0,0.0,0.0,0.0,0,1,0,0,0,2026-08-19T06:19:40.821219+00:00,2026-08-19T06:19:59.737663+00:00
36,496,Dier,18,DEF,42,0,0,0.0,0.0,0.0,0,1,0,0,0,2026-08-19T06:19:40.821219+00:00,2026-08-19T06:19:59.737663+00:00
36,497,E.Royal,18,DEF,43,0.7972,1.5441,0.22,0.1716,0.2183,0.0004,1,-1,60,1,2026-08-19T06:19:40.821219+00:00,2026-08-19T06:19:59.737663+00:00
36,498,Forster,18,GKP,38,0,0,0.0,0.0,0.0,0,1,0,0,0,2026-08-19T06:19:40.821219+00:00,2026-08-19T06:19:59.737663+00:00
36,499,Højbjerg,18,MID,51,1.3268,1.6332,0.48,0.1144,0.4556,0.0028,1,0,0,0,2026-08-19T06:19:40.821219+00:00,2026-08-19T06:19:59.737663+00:00
36,500,Kane,18,FWD,125,0,0,0.0,0.0,0.0,0,1,0,0,0,2026-08-19T06:19:40.821219+00:00,2026-08-19T06:19:59.737663+00:00
36,501,Kulusevski,18,MID,67,2.9992,2.4123,0.82,0.0324,0.7652,0.0176,1,2,60,1,2026-08-19T06:19:40.821219+00:00,2026-08-19T06:19:59.737663+00:00
36,502,Lloris,18,GKP,47,0,0,0.0,0.0,0.0,0,1,0,0,0,2026-08-19T06:19:40.821219+00:00,2026-08-19T06:19:59.737663+00:00
36,503,Lo Celso,18,MID,48,0.7224,1.4966,0.14,0.1892,0.1453,0.0028,1,1,15,0,2026-08-19T06:19:40.821219+00:00,2026-08-19T06:19:59.737663+00:00
36,504,Maddison,18,MID,78,2.8652,2.8961,0.68,0.0576,0.637,0.0292,1,1,29,0,2026-08-19T06:19:40.821219+00:00,2026-08-19T06:19:59.737663+00:00
36,505,Ndombele,18,MID,44,0,0,0.0,0.0,0.0,0,1,0,0,0,2026-08-19T06:19:40.821219+00:00,2026-08-19T06:19:59.737663+00:00
36,506,Pedro Porro,18,DEF,58,3.6788,2.9766,0.9,0.018,0.8384,0.0432,1,0,90,1,2026-08-19T06:19:40.821219+00:00,2026-08-19T06:19:59.737663+00:00
36,507,Perišić,18,DEF,47,0,0,0.0,0.0,0.0,0,1,0,0,0,2026-08-19T06:19:40.821219+00:00,2026-08-19T06:19:59.737663+00:00
36,509,Richarlison,18,MID,68,0,0,0.0,0.0,0.0,0,1,9,29,0,2026-08-19T06:19:40.821219+00:00,2026-08-19T06:19:59.737663+00:00
36,510,Rodon,18,DEF,40,0,0,0.0,0.0,0.0,0,1,0,0,0,2026-08-19T06:19:40.821219+00:00,2026-08-19T06:19:59.737663+00:00
36,511,Romero,18,DEF,51,2.8868,2.7761,0.82,0.0324,0.7652,0.0232,1,0,90,1,2026-08-19T06:19:40.821219+00:00,2026-08-19T06:19:59.737663+00:00
36,512,Sánchez,18,DEF,44,0,0,0.0,0.0,0.0,0,1,0,0,0,2026-08-19T06:19:40.821219+00:00,2026-08-19T06:19:59.737663+00:00
36,513,Sarr,18,MID,44,2.1888,2.2532,0.68,0.0576,0.637,0.0128,1,1,74,1,2026-08-19T06:19:40.821219+00:00,2026-08-19T06:19:59.737663+00:00
36,514,Sessegnon,18,DEF,44,0,0,0.0,0.0,0.0,0,1,0,0,0,2026-08-19T06:19:40.821219+00:00,2026-08-19T06:19:59.737663+00:00
36,515,Skipp,18,MID,45,0.8064,1.269,0.28,0.1584,0.2731,0.0008,1,1,29,0,2026-08-19T06:19:40.821219+00:00,2026-08-19T06:19:59.737663+00:00
36,516,Son,18,MID,99,4.4232,3.5509,0.82,0.0324,0.7652,0.0888,1,7,90,1,2026-08-19T06:19:40.821219+00:00,2026-08-19T06:19:59.737663+00:00
36,517,Spence,18,DEF,40,0,0,0.0,0.0,0.0,0,1,0,0,0,2026-08-19T06:19:40.821219+00:00,2026-08-19T06:19:59.737663+00:00
36,518,Tanganga,18,DEF,40,0,0,0.0,0.0,0.0,0,1,0,0,0,2026-08-19T06:19:40.821219+00:00,2026-08-19T06:19:59.737663+00:00
36,519,Udogie,18,DEF,50,0,0,0.0,0.0,0.0,0,1,0,0,0,2026-08-19T06:19:40.821219+00:00,2026-08-19T06:19:59.737663+00:00
36,520,Vicario,18,GKP,53,2.9808,2.1311,0.9,0.008,0.8376,0.0004,1,2,90,1,2026-08-19T06:19:40.821219+00:00,2026-08-19T06:19:59.737663+00:00
36,521,Whiteman,18,GKP,39,0.1568,0.754,0.04,0.0384,0.0403,0.0,1,0,0,0,2026-08-19T06:19:40.821219+00:00,2026-08-19T06:19:59.737663+00:00
36,583,Solomon,18,MID,51,0,0,0.0,0.0,0.0,0,1,0,0,0,2026-08-19T06:19:40.821219+00:00,2026-08-19T06:19:59.737663+00:00
36,639,Van de Ven,18,DEF,44,0.7256,1.4519,0.22,0.1404,0.2158,0.0004,1,-1,90,1,2026-08-19T06:19:40.821219+00:00,2026-08-19T06:19:59.737663+00:00
36,640,Scarlett,18,FWD,45,0.456,0.8973,0.1,0.198,0.1088,0.0004,1,0,0,0,2026-08-19T06:19:40.821219+00:00,2026-08-19T06:19:59.737663+00:00
36,641,Veliz,18,FWD,54,0,0,0.0,0.0,0.0,0,1,0,0,0,2026-08-19T06:19:40.821219+00:00,2026-08-19T06:19:59.737663+00:00
36,702,Phillips,18,DEF,40,0,0,0.0,0.0,0.0,0,1,0,0,0,2026-08-19T06:19:40.821219+00:00,2026-08-19T06:19:59.737663+00:00
36,722,Donley,18,FWD,45,0.4344,0.9289,0.1,0.198,0.1088,0.0,1,0,0,0,2026-08-19T06:19:40.821219+00:00,2026-08-19T06:19:59.737663+00:00
36,740,Dorrington,18,DEF,40,0.5288,1.2561,0.1,0.198,0.1088,0.0016,1,0,0,0,2026-08-19T06:19:40.821219+00:00,2026-08-19T06:19:59.737663+00:00
36,754,Yago Santiago,18,MID,45,0.4752,0.9659,0.1,0.198,0.1088,0.0,1,0,0,0,2026-08-19T06:19:40.821219+00:00,2026-08-19T06:19:59.737663+00:00
36,776,Werner,18,FWD,63,0,0,0.0,0.0,0.0,0,1,0,0,0,2026-08-19T06:19:40.821219+00:00,2026-08-19T06:19:59.737663+00:00
36,777,Drăgușin,18,DEF,42,0.486,1.1475,0.1,0.198,0.1088,0.0016,1,0,0,0,2026-08-19T06:19:40.821219+00:00,2026-08-19T06:19:59.737663+00:00
36,860,Moore,18,MID,45,0.4416,0.9041,0.1,0.198,0.1088,0.0,1,0,0,0,2026-08-19T06:19:40.821219+00:00,2026-08-19T06:19:59.737663+00:00
36,862,Hall,18,MID,45,0.4636,0.9593,0.1,0.198,0.1088,0.0004,1,,,,2026-08-19T06:19:40.821219+00:00,
36,364,Phillips,19,MID,47,0.8456,1.2413,0.28,0.1584,0.2731,0.0008,1,0,0,0,2026-08-19T06:19:40.821219+00:00,2026-08-19T06:19:59.737663+00:00
36,522,N.Aguerd,19,DEF,44,0.4752,1.2453,0.11,0.1602,0.1151,0.002,1,0,0,0,2026-08-19T06:19:40.821219+00:00,2026-08-19T06:19:59.737663+00:00
36,523,Antonio,19,FWD,57,2.3796,2.3565,0.68,0.0896,0.6396,0.0172,1,2,69,1,2026-08-19T06:19:40.821219+00:00,2026-08-19T06:19:59.737663+00:00
36,524,Areola,19,GKP,42,3.5532,2.2322,0.9,0.004,0.8373,0.0032,1,3,90,1,2026-08-19T06:19:40.821219+00:00,2026-08-19T06:19:59.737663+00:00
36,525,Benrahma,19,MID,56,0,0,0.0,0.0,0.0,0,1,0,0,0,2026-08-19T06:19:40.821219+00:00,2026-08-19T06:19:59.737663+00:00
36,526,Bowen,19,MID,76,4.0008,3.0774,0.9,0.018,0.8384,0.0512,1,2,90,1,2026-08-19T06:19:40.821219+00:00,2026-08-19T06:19:59.737663+00:00
36,527,Cornet,19,MID,52,0.6392,1.1771,0.18,0.1804,0.1818,0.0004,1,0,0,0,2026-08-19T06:19:40.821219+00:00,2026-08-19T06:19:59.737663+00:00
36,528,Coufal,19,DEF,46,2.6344,2.1888,0.9,0.018,0.8384,0.0048,1,0,90,1,2026-08-19T06:19:40.821219+00:00,2026-08-19T06:19:59.737663+00:00
36,529,Coventry,19,MID,43,0,0,0.0,0.0,0.0,0,1,0,0,0,2026-08-19T06:19:40.821219+00:00,2026-08-19T06:19:59.737663+00:00
36,530,Cresswell,19,DEF,42,0.7292,1.4372,0.22,0.1716,0.2183,0.0008,1,1,14,0,2026-08-19T06:19:40.821219+00:00,2026-08-19T06:19:59.737663+00:00
36,531,Downes,19,MID,50,0,0,0.0,0.0,0.0,0,1,0,0,0,2026-08-19T06:19:40.821219+00:00,2026-08-19T06:19:59.737663+00:00
36,532,Emerson,19,DEF,44,0.704,1.5019,0.22,0.1404,0.2158,0.002,1,-1,90,1,2026-08-19T06:19:40.821219+00:00,2026-08-19T06:19:59.737663+00:00
36,533,Fabianski,19,GKP,42,0.1656,0.7813,0.04,0.0384,0.0403,0.0,1,0,0,0,2026-08-19T06:19:40.821219+00:00,2026-08-19T06:19:59.737663+00:00
36,534,P.Fornals,19,MID,46,0,0,0.0,0.0,0.0,0,1,0,0,0,2026-08-19T06:19:40.821219+00:00,2026-08-19T06:19:59.737663+00:00
36,535,Ings,19,FWD,55,1.0068,1.4987,0.28,0.2016,0.2765,0.002,1,1,20,0,2026-08-19T06:19:40.821219+00:00,2026-08-19T06:19:59.737663+00:00
36,536,Johnson,19,DEF,44,0.7156,1.4015,0.22,0.1716,0.2183,0.0012,1,0,0,0,2026-08-19T06:19:40.821219+00:00,2026-08-19T06:19:59.737663+00:00
36,537,Kehrer,19,DEF,42,0,0,0.0,0.0,0.0,0,1,0,0,0,2026-08-19T06:19:40.821219+00:00,2026-08-19T06:19:59.737663+00:00
36,538,Mubama,19,FWD,41,0.462,0.91,0.1,0.198,0.1088,0.0008,1,0,0,0,2026-08-19T06:19:40.821219+00:00,2026-08-19T06:19:59.737663+00:00
36,539,L.Paquetá,19,MID,60,2.9448,2.5634,0.82,0.0324,0.7652,0.0244,1,1,75,1,2026-08-19T06:19:40.821219+00:00,2026-08-19T06:19:59.737663+00:00
36,541,Scamacca,19,FWD,60,0,0,0.0,0.0,0.0,0,1,0,0,0,2026-08-19T06:19:40.821219+00:00,2026-08-19T06:19:59.737663+00:00
36,542,Souček,19,MID,49,2.7764,2.548,0.82,0.0324,0.7652,0.0208,1,2,90,1,2026-08-19T06:19:40.821219+00:00,2026-08-19T06:19:59.737663+00:00
36,543,Vlašić,19,MID,45,0,0,0.0,0.0,0.0,0,1,0,0,0,2026-08-19T06:19:40.821219+00:00,2026-08-19T06:19:59.737663+00:00
36,544,Zouma,19,DEF,45,0.7864,1.6488,0.22,0.1404,0.2158,0.0032,1,0,90,1,2026-08-19T06:19:40.821219+00:00,2026-08-19T06:19:59.737663+00:00
36,577,Ogbonna,19,DEF,42,0.7964,1.4961,0.22,0.1716,0.2183,0.0008,1,-1,90,1,2026-08-19T06:19:40.821219+00:00,2026-08-19T06:19:59.737663+00:00
36,642,Álvarez,19,MID,50,1.9792,1.4823,0.82,0.0324,0.7652,0.0016,1,1,45,1,2026-08-19T06:19:40.821219+00:00,2026-08-19T06:19:59.737663+00:00
36,647,Anang,19,GKP,40,0.1944,0.8208,0.04,0.0384,0.0403,0.0,1,0,0,0,2026-08-19T06:19:40.821219+00:00,2026-08-19T06:19:59.737663+00:00
36,664,Ward-Prowse,19,MID,58,3.652,2.6127,0.9,0.018,0.8384,0.0336,1,1,45,1,2026-08-19T06:19:40.821219+00:00,2026-08-19T06:19:59.737663+00:00
36,676,Mavropanos,19,DEF,45,0.8356,1.7039,0.22,0.1716,0.2183,0.0032,1,0,0,0,2026-08-19T06:19:40.821219+00:00,2026-08-19T06:19:59.737663+00:00
36,689,Kudus,19,MID,67,2.9036,2.4166,0.82,0.0324,0.7652,0.0176,1,2,90,1,2026-08-19T06:19:40.821219+00:00,2026-08-19T06:19:59.737663+00:00
36,773,Orford,19,MID,45,0.462,0.9104,0.1,0.198,0.1088,0.0004,1,0,0,0,2026-08-19T06:19:40.821219+00:00,2026-08-19T06:19:59.737663+00:00
36,774,Casey,19,DEF,40,0.458,1.0415,0.1,0.198,0.1088,0.0,1,0,0,0,2026-08-19T06:19:40.821219+00:00,2026-08-19T06:19:59.737663+00:00
36,784,Scarles,19,DEF,40,0.4564,1.0928,0.1,0.198,0.1088,0.0004,1,0,0,0,2026-08-19T06:19:40.821219+00:00,2026-08-19T06:19:59.737663+00:00
36,785,Marshall,19,FWD,45,0,0,0.0,0.0,0.0,0,1,0,0,0,2026-08-19T06:19:40.821219+00:00,2026-08-19T06:19:59.737663+00:00
36,829,Earthy,19,MID,45,0.4516,0.8593,0.1,0.198,0.1088,0.0,1,0,0,0,2026-08-19T06:19:40.821219+00:00,2026-08-19T06:19:59.737663+00:00
36,351,Doyle,20,MID,44,1.2976,1.449,0.48,0.1144,0.4556,0.0008,1,0,0,0,2026-08-19T06:19:40.821219+00:00,2026-08-19T06:19:59.737663+00:00
36,545,Aït-Nouri,20,DEF,48,2.7484,2.8561,0.82,0.0324,0.7652,0.028,1,0,90,1,2026-08-19T06:19:40.821219+00:00,2026-08-19T06:19:59.737663+00:00
36,546,Bentley,20,GKP,39,0.1512,0.657,0.04,0.0384,0.0403,0.0,1,0,0,0,2026-08-19T06:19:40.821219+00:00,2026-08-19T06:19:59.737663+00:00
36,547,Bolla,20,DEF,40,0,0,0.0,0.0,0.0,0,1,0,0,0,2026-08-19T06:19:40.821219+00:00,2026-08-19T06:19:59.737663+00:00
36,548,H.Bueno,20,DEF,44,0.7184,1.4422,0.22,0.1716,0.2183,0.0004,1,0,70,1,2026-08-19T06:19:40.821219+00:00,2026-08-19T06:19:59.737663+00:00
36,549,Chiquinho,20,MID,45,0,0,0.0,0.0,0.0,0,1,0,0,0,2026-08-19T06:19:40.821219+00:00,2026-08-19T06:19:59.737663+00:00
36,550,Cundle,20,MID,45,0,0,0.0,0.0,0.0,0,1,0,0,0,2026-08-19T06:19:40.821219+00:00,2026-08-19T06:19:59.737663+00:00
36,551,Dawson,20,DEF,45,0,0,0.0,0.0,0.0,0,1,0,0,0,2026-08-19T06:19:40.821219+00:00,2026-08-19T06:19:59.737663+00:00
36,552,Fábio Silva,20,FWD,52,0,0,0.0,0.0,0.0,0,1,0,0,0,2026-08-19T06:19:40.821219+00:00,2026-08-19T06:19:59.737663+00:00
36,554,Guedes,20,MID,54,0,0,0.0,0.0,0.0,0,1,0,0,0,2026-08-19T06:19:40.821219+00:00,2026-08-19T06:19:59.737663+00:00
36,555,Hodge,20,MID,44,0,0,0.0,0.0,0.0,0,1,0,0,0,2026-08-19T06:19:40.821219+00:00,2026-08-19T06:19:59.737663+00:00
36,556,Hoever,20,DEF,40,0,0,0.0,0.0,0.0,0,1,0,0,0,2026-08-19T06:19:40.821219+00:00,2026-08-19T06:19:59.737663+00:00
36,557,Hee Chan,20,MID,54,2.882,3.0765,0.68,0.0576,0.637,0.0352,1,7,86,1,2026-08-19T06:19:40.821219+00:00,2026-08-19T06:19:59.737663+00:00
36,559,João Gomes,20,MID,49,1.9716,1.5517,0.82,0.0324,0.7652,0.0016,1,1,90,1,2026-08-19T06:19:40.821219+00:00,2026-08-19T06:19:59.737663+00:00
36,560,J.Otto,20,DEF,43,0,0,0.0,0.0,0.0,0,1,0,0,0,2026-08-19T06:19:40.821219+00:00,2026-08-19T06:19:59.737663+00:00
36,561,Jordão,20,MID,43,0.4916,0.9703,0.1,0.198,0.1088,0.0,1,0,0,0,2026-08-19T06:19:40.821219+00:00,2026-08-19T06:19:59.737663+00:00
36,562,Kalajdžić,20,FWD,49,0,0,0.0,0.0,0.0,0,1,0,0,0,2026-08-19T06:19:40.821219+00:00,2026-08-19T06:19:59.737663+00:00
36,563,Kilman,20,DEF,46,2.536,2.4316,0.9,0.018,0.8384,0.0164,1,0,90,1,2026-08-19T06:19:40.821219+00:00,2026-08-19T06:19:59.737663+00:00
36,564,King,20,GKP,39,0.1728,0.7451,0.04,0.0384,0.0403,0.0,1,0,0,0,2026-08-19T06:19:40.821219+00:00,2026-08-19T06:19:59.737663+00:00
36,565,Mario Jr.,20,MID,49,2.8172,2.1234,0.9,0.018,0.8384,0.0092,1,0,45,1,2026-08-19T06:19:40.821219+00:00,2026-08-19T06:19:59.737663+00:00
36,567,Neto,20,MID,55,2.6584,2.694,0.68,0.0576,0.637,0.0248,1,0,0,0,2026-08-19T06:19:40.821219+00:00,2026-08-19T06:19:59.737663+00:00
36,568,Podence,20,MID,53,0,0,0.0,0.0,0.0,0,1,0,0,0,2026-08-19T06:19:40.821219+00:00,2026-08-19T06:19:59.737663+00:00
36,569,José Sá,20,GKP,50,3.1712,2.1769,0.9,0.008,0.8376,0.0024,1,2,90,1,2026-08-19T06:19:40.821219+00:00,2026-08-19T06:19:59.737663+00:00
36,570,Sarabia,20,MID,47,1.5564,2.5099,0.34,0.1188,0.3257,0.016,1,1,14,0,2026-08-19T06:19:40.821219+00:00,2026-08-19T06:19:59.737663+00:00
36,571,Šarkić,20,GKP,40,0,0,0.0,0.0,0.0,0,1,0,0,0,2026-08-19T06:19:40.821219+00:00,2026-08-19T06:19:59.737663+00:00
36,572,N.Semedo,20,DEF,45,0,0,0.0,0.0,0.0,0,1,-1,90,1,2026-08-19T06:19:40.821219+00:00,2026-08-19T06:19:59.737663+00:00
36,573,Toti,20,DEF,44,0.8016,1.724,0.22,0.1404,0.2158,0.0048,1,0,90,1,2026-08-19T06:19:40.821219+00:00,2026-08-19T06:19:59.737663+00:00
36,574,Boubacar Traore,20,MID,43,0.7692,1.1871,0.28,0.1584,0.2731,0.0004,1,1,90,1,2026-08-19T06:19:40.821219+00:00,2026-08-19T06:19:59.737663+00:00
36,590,Cunha,20,FWD,56,3.256,2.7253,0.82,0.0324,0.7652,0.0328,1,2,75,1,2026-08-19T06:19:40.821219+00:00,2026-08-19T06:19:59.737663+00:00
36,598,Doherty,20,DEF,43,0.744,1.5216,0.22,0.1716,0.2183,0.0024,1,0,0,0,2026-08-19T06:19:40.821219+00:00,2026-08-19T06:19:59.737663+00:00
36,697,S.Bueno,20,DEF,45,0.6932,1.3561,0.22,0.1716,0.2183,0.0004,1,1,19,0,2026-08-19T06:19:40.821219+00:00,2026-08-19T06:19:59.737663+00:00
36,698,González,20,MID,50,0.7332,1.2782,0.18,0.1804,0.1818,0.0004,1,0,0,0,2026-08-19T06:19:40.821219+00:00,2026-08-19T06:19:59.737663+00:00
36,704,Fraser,20,FWD,45,0.4596,0.9342,0.1,0.198,0.1088,0.0004,1,0,0,0,2026-08-19T06:19:40.821219+00:00,2026-08-19T06:19:59.737663+00:00
36,715,Bellegarde,20,MID,49,1.5872,1.8716,0.48,0.1144,0.4556,0.0036,1,4,45,1,2026-08-19T06:19:40.821219+00:00,2026-08-19T06:19:59.737663+00:00
36,749,Whittingham,20,MID,45,0.448,0.9302,0.1,0.198,0.1088,0.0004,1,0,0,0,2026-08-19T06:19:40.821219+00:00,2026-08-19T06:19:59.737663+00:00
36,750,Chirewa,20,MID,44,0.4756,0.9339,0.1,0.198,0.1088,0.0004,1,1,3,0,2026-08-19T06:19:40.821219+00:00,2026-08-19T06:19:59.737663+00:00
36,751,Hubner,20,DEF,40,0.4772,1.1159,0.1,0.198,0.1088,0.0004,1,0,0,0,2026-08-19T06:19:40.821219+00:00,2026-08-19T06:19:59.737663+00:00
36,769,Hesketh,20,MID,45,0,0,0.0,0.0,0.0,0,1,0,0,0,2026-08-19T06:19:40.821219+00:00,2026-08-19T06:19:59.737663+00:00
36,770,Barnett,20,MID,45,0.4412,0.8933,0.1,0.198,0.1088,0.0,1,0,0,0,2026-08-19T06:19:40.821219+00:00,2026-08-19T06:19:59.737663+00:00
36,787,Griffiths,20,MID,45,0.4688,0.9414,0.1,0.198,0.1088,0.0,1,0,0,0,2026-08-19T06:19:40.821219+00:00,2026-08-19T06:19:59.737663+00:00
36,788,Mosquera,20,DEF,40,0,0,0.0,0.0,0.0,0,1,0,0,0,2026-08-19T06:19:40.821219+00:00,2026-08-19T06:19:59.737663+00:00
36,800,N.Lemina,20,MID,50,0.7364,1.2932,0.18,0.1804,0.1818,0.0004,1,0,0,0,2026-08-19T06:19:40.821219+00:00,2026-08-19T06:19:59.737663+00:00
36,832,Okoduwa,20,DEF,40,0.5224,1.2902,0.1,0.198,0.1088,0.002,1,0,0,0,2026-08-19T06:19:40.821219+00:00,2026-08-19T06:19:59.737663+00:00
36,836,Chiwome,20,FWD,45,0,0,0.0,0.0,0.0,0,1,0,0,0,2026-08-19T06:19:40.821219+00:00,2026-08-19T06:19:59.737663+00:00
36,840,Holman,20,FWD,45,0.4576,0.8753,0.1,0.198,0.1088,0.0,1,0,0,0,2026-08-19T06:19:40.821219+00:00,2026-08-19T06:19:59.737663+00:00
36,853,Ojinnaka,20,MID,45,0.4652,0.8865,0.1,0.198,0.1088,0.0004,1,0,0,0,2026-08-19T06:19:40.821219+00:00,2026-08-19T06:19:59.737663+00:00
