gw,player_id,web_name,team_id,position,now_cost,mu,sigma,p_start,p_sub,p_60,p_10_plus,n_fixtures,actual_points,actual_minutes,did_start,captured_at,scored_at
6,1,Fábio Vieira,1,MID,54,0,0,0.0,0.0,0.0,0,1,0,0,0,2026-08-18T09:51:42.143142+00:00,2026-08-18T09:52:48.752707+00:00
6,2,G.Jesus,1,FWD,68,0,0,0.0,0.0,0.0,0,1,1,1,0,2026-08-18T09:51:42.143142+00:00,2026-08-18T09:52:48.752707+00:00
6,3,Gabriel,1,DEF,61,0,0,0.0,0.0,0.0,0,1,1,90,1,2026-08-18T09:51:42.143142+00:00,2026-08-18T09:52:48.752707+00:00
6,4,Havertz,1,FWD,82,1.5864,2.3774,0.28,0.2016,0.2765,0.012,1,6,90,1,2026-08-18T09:51:42.143142+00:00,2026-08-18T09:52:48.752707+00:00
6,5,Hein,1,GKP,40,0,0,0.0,0.0,0.0,0,1,0,0,0,2026-08-18T09:51:42.143142+00:00,2026-08-18T09:52:48.752707+00:00
6,6,J.Timber,1,DEF,55,0,0,0.0,0.0,0.0,0,1,4,90,1,2026-08-18T09:51:42.143142+00:00,2026-08-18T09:52:48.752707+00:00
6,7,Jorginho,1,MID,49,0.662,1.1941,0.18,0.1804,0.1818,0.0004,1,0,0,0,2026-08-18T09:51:42.143142+00:00,2026-08-18T09:52:48.752707+00:00
6,8,Kiwior,1,DEF,48,0.8068,1.7107,0.18,0.1804,0.1818,0.0028,1,0,0,0,2026-08-18T09:51:42.143142+00:00,2026-08-18T09:52:48.752707+00:00
6,9,Martinelli,1,MID,69,1.166,1.8952,0.28,0.2016,0.2765,0.0056,1,13,73,1,2026-08-18T09:51:42.143142+00:00,2026-08-18T09:52:48.752707+00:00
6,12,Nwaneri,1,MID,45,0.4736,1.037,0.1,0.198,0.1088,0.0008,1,1,5,0,2026-08-18T09:51:42.143142+00:00,2026-08-18T09:52:48.752707+00:00
6,13,Ødegaard,1,MID,82,1.4276,2.345,0.28,0.2016,0.2765,0.0152,1,0,0,0,2026-08-18T09:51:42.143142+00:00,2026-08-18T09:52:48.752707+00:00
6,15,Raya,1,GKP,56,4.39,2.731,0.88,0.0096,0.8192,0.0308,1,1,90,1,2026-08-18T09:51:42.143142+00:00,2026-08-18T09:52:48.752707+00:00
6,16,Rice,1,MID,63,1.0976,1.7769,0.28,0.2016,0.2765,0.0032,1,2,90,1,2026-08-18T09:51:42.143142+00:00,2026-08-18T09:52:48.752707+00:00
6,17,Saka,1,MID,101,1.854,3.1165,0.28,0.2016,0.2765,0.0384,1,3,90,1,2026-08-18T09:51:42.143142+00:00,2026-08-18T09:52:48.752707+00:00
6,18,Saliba,1,DEF,60,0,0,0.0,0.0,0.0,0,1,0,90,1,2026-08-18T09:51:42.143142+00:00,2026-08-18T09:52:48.752707+00:00
6,20,Thomas,1,MID,50,0.9992,1.5971,0.28,0.1584,0.2731,0.002,1,2,84,1,2026-08-18T09:51:42.143142+00:00,2026-08-18T09:52:48.752707+00:00
6,21,Tierney,1,DEF,44,0.5508,1.2788,0.1,0.198,0.1088,0.0012,1,0,0,0,2026-08-18T09:51:42.143142+00:00,2026-08-18T09:52:48.752707+00:00
6,22,Tomiyasu,1,DEF,48,0,0,0.0,0.0,0.0,0,1,0,0,0,2026-08-18T09:51:42.143142+00:00,2026-08-18T09:52:48.752707+00:00
6,23,Trossard,1,MID,69,1.1924,1.9213,0.28,0.2016,0.2765,0.0064,1,12,90,1,2026-08-18T09:51:42.143142+00:00,2026-08-18T09:52:48.752707+00:00
6,24,White,1,DEF,64,1.14,1.9558,0.28,0.2016,0.2765,0.0064,1,0,0,0,2026-08-18T09:51:42.143142+00:00,2026-08-18T09:52:48.752707+00:00
6,25,Zinchenko,1,DEF,48,0.7368,1.5509,0.18,0.1804,0.1818,0.0024,1,0,0,0,2026-08-18T09:51:42.143142+00:00,2026-08-18T09:52:48.752707+00:00
6,73,Neto,1,GKP,43,0.2456,1.0288,0.04,0.0384,0.0403,0.0008,1,0,0,0,2026-08-18T09:51:42.143142+00:00,2026-08-18T09:52:48.752707+00:00
6,186,Sterling,1,MID,68,1.782,2.1955,0.45,0.154,0.4308,0.0084,1,1,16,0,2026-08-18T09:51:42.143142+00:00,2026-08-18T09:52:48.752707+00:00
6,578,Calafiori,1,DEF,58,1.6488,2.2411,0.45,0.154,0.4308,0.0064,1,0,90,1,2026-08-18T09:51:42.143142+00:00,2026-08-18T09:52:48.752707+00:00
6,597,Lewis-Skelly,1,MID,45,0.4476,0.9246,0.1,0.198,0.1088,0.0,1,0,0,0,2026-08-18T09:51:42.143142+00:00,2026-08-18T09:52:48.752707+00:00
6,633,Merino,1,MID,60,1.6252,2.0785,0.45,0.154,0.4308,0.01,1,0,0,0,2026-08-18T09:51:42.143142+00:00,2026-08-18T09:52:48.752707+00:00
6,638,Oulad M'hand,1,MID,45,0.4948,1.0385,0.1,0.198,0.1088,0.0,1,0,0,0,2026-08-18T09:51:42.143142+00:00,2026-08-18T09:52:48.752707+00:00
6,639,Setford,1,GKP,45,0.188,0.8319,0.04,0.0384,0.0403,0.0,1,0,0,0,2026-08-18T09:51:42.143142+00:00,2026-08-18T09:52:48.752707+00:00
6,657,Kacurri,1,DEF,40,0,0,0.0,0.0,0.0,0,1,0,0,0,2026-08-18T09:51:42.143142+00:00,2026-08-18T09:52:48.752707+00:00
6,659,Kabia,1,MID,45,0.4852,1.013,0.1,0.198,0.1088,0.0,1,0,0,0,2026-08-18T09:51:42.143142+00:00,2026-08-18T09:52:48.752707+00:00
6,662,Nichols,1,DEF,40,0.5516,1.2819,0.1,0.198,0.1088,0.0016,1,0,0,0,2026-08-18T09:51:42.143142+00:00,2026-08-18T09:52:48.752707+00:00
6,665,Butler-Oyedeji,1,FWD,45,0.4668,0.9644,0.1,0.198,0.1088,0.0,1,,,,2026-08-18T09:51:42.143142+00:00,
6,735,Arteta,1,MID,15,0.4876,0.9882,0.1,0.198,0.1088,0.0,1,,,,2026-08-18T09:51:42.143142+00:00,
6,756,Porter,1,GKP,40,0.1796,0.8249,0.04,0.0384,0.0403,0.0,1,,,,2026-08-18T09:51:42.143142+00:00,
6,790,Gower,1,MID,45,0.4984,1.0222,0.1,0.198,0.1088,0.0,1,,,,2026-08-18T09:51:42.143142+00:00,
6,793,Jack Henry-Francis,1,MID,45,0.444,0.9121,0.1,0.198,0.1088,0.0,1,,,,2026-08-18T09:51:42.143142+00:00,
6,801,Clarke,1,DEF,40,0.526,1.2398,0.1,0.198,0.1088,0.0004,1,,,,2026-08-18T09:51:42.143142+00:00,
6,28,Bailey,2,MID,64,1.0744,1.7159,0.28,0.2016,0.2765,0.0056,1,5,63,1,2026-08-18T09:51:42.143142+00:00,2026-08-18T09:52:48.752707+00:00
6,29,Barkley,2,MID,53,0.7132,1.2695,0.18,0.1804,0.1818,0.0012,1,1,6,0,2026-08-18T09:51:42.143142+00:00,2026-08-18T09:52:48.752707+00:00
6,30,Barrenechea,2,MID,49,0,0,0.0,0.0,0.0,0,1,0,0,0,2026-08-18T09:51:42.143142+00:00,2026-08-18T09:52:48.752707+00:00
6,31,Buendia,2,MID,53,0,0,0.0,0.0,0.0,0,1,1,6,0,2026-08-18T09:51:42.143142+00:00,2026-08-18T09:52:48.752707+00:00
6,32,Cash,2,DEF,44,0.444,1.1039,0.1,0.198,0.1088,0.0004,1,0,0,0,2026-08-18T09:51:42.143142+00:00,2026-08-18T09:52:48.752707+00:00
6,33,Dendoncker,2,MID,45,0,0,0.0,0.0,0.0,0,1,0,0,0,2026-08-18T09:51:42.143142+00:00,2026-08-18T09:52:48.752707+00:00
6,34,Diaby,2,MID,65,0,0,0.0,0.0,0.0,0,1,0,0,0,2026-08-18T09:51:42.143142+00:00,2026-08-18T09:52:48.752707+00:00
6,35,Diego Carlos,2,DEF,45,0,0,0.0,0.0,0.0,0,1,1,90,1,2026-08-18T09:51:42.143142+00:00,2026-08-18T09:52:48.752707+00:00
6,36,Digne,2,DEF,46,0.8992,1.5596,0.28,0.1584,0.2731,0.0008,1,0,83,1,2026-08-18T09:51:42.143142+00:00,2026-08-18T09:52:48.752707+00:00
6,37,Dobbin,2,MID,50,0,0,0.0,0.0,0.0,0,1,0,0,0,2026-08-18T09:51:42.143142+00:00,2026-08-18T09:52:48.752707+00:00
6,38,Duran,2,FWD,62,0,0,0.0,0.0,0.0,0,1,1,26,0,2026-08-18T09:51:42.143142+00:00,2026-08-18T09:52:48.752707+00:00
6,39,Gauci,2,GKP,40,0,0,0.0,0.0,0.0,0,1,0,0,0,2026-08-18T09:51:42.143142+00:00,2026-08-18T09:52:48.752707+00:00
6,40,Hause,2,DEF,40,0.4828,1.0924,0.1,0.198,0.1088,0.0,1,0,0,0,2026-08-18T09:51:42.143142+00:00,2026-08-18T09:52:48.752707+00:00
6,41,Iling Jr,2,MID,54,0,0,0.0,0.0,0.0,0,1,0,0,0,2026-08-18T09:51:42.143142+00:00,2026-08-18T09:52:48.752707+00:00
6,42,Kamara,2,MID,50,1.596,1.408,0.68,0.0576,0.637,0.0008,1,0,0,0,2026-08-18T09:51:42.143142+00:00,2026-08-18T09:52:48.752707+00:00
6,43,Kesler-Hayden,2,DEF,40,0,0,0.0,0.0,0.0,0,1,0,0,0,2026-08-18T09:51:42.143142+00:00,2026-08-18T09:52:48.752707+00:00
6,44,Konsa,2,DEF,45,0.8192,1.5749,0.22,0.1716,0.2183,0.0008,1,1,90,1,2026-08-18T09:51:42.143142+00:00,2026-08-18T09:52:48.752707+00:00
6,45,Maatsen,2,DEF,49,0.7076,1.4672,0.18,0.1804,0.1818,0.0012,1,1,6,0,2026-08-18T09:51:42.143142+00:00,2026-08-18T09:52:48.752707+00:00
6,46,Marschall,2,GKP,40,0,0,0.0,0.0,0.0,0,1,0,0,0,2026-08-18T09:51:42.143142+00:00,2026-08-18T09:52:48.752707+00:00
6,47,Martinez,2,GKP,50,0,0,0.0,0.0,0.0,0,1,2,90,1,2026-08-18T09:51:42.143142+00:00,2026-08-18T09:52:48.752707+00:00
6,48,McGinn,2,MID,53,0.9132,1.4686,0.28,0.1584,0.2731,0.0024,1,0,0,0,2026-08-18T09:51:42.143142+00:00,2026-08-18T09:52:48.752707+00:00
6,49,Mings,2,DEF,44,0.4684,1.0628,0.1,0.198,0.1088,0.0,1,0,0,0,2026-08-18T09:51:42.143142+00:00,2026-08-18T09:52:48.752707+00:00
6,50,Nedeljkovic,2,DEF,40,0,0,0.0,0.0,0.0,0,1,0,0,0,2026-08-18T09:51:42.143142+00:00,2026-08-18T09:52:48.752707+00:00
6,51,Olsen,2,GKP,45,3.19,2.1732,0.88,0.0048,0.8188,0.0008,1,0,0,0,2026-08-18T09:51:42.143142+00:00,2026-08-18T09:52:48.752707+00:00
6,52,Pau,2,DEF,45,0.7152,1.3806,0.22,0.1716,0.2183,0.0004,1,1,90,1,2026-08-18T09:51:42.143142+00:00,2026-08-18T09:52:48.752707+00:00
6,53,Ramsey,2,MID,55,1.3876,1.6527,0.45,0.154,0.4308,0.002,1,2,90,1,2026-08-18T09:51:42.143142+00:00,2026-08-18T09:52:48.752707+00:00
6,54,Rogers,2,MID,52,1.1308,1.7877,0.28,0.1584,0.2731,0.0028,1,7,63,1,2026-08-18T09:51:42.143142+00:00,2026-08-18T09:52:48.752707+00:00
6,55,Sinisalo,2,GKP,40,0,0,0.0,0.0,0.0,0,1,0,0,0,2026-08-18T09:51:42.143142+00:00,2026-08-18T09:52:48.752707+00:00
6,56,Sousa,2,DEF,40,0,0,0.0,0.0,0.0,0,1,0,0,0,2026-08-18T09:51:42.143142+00:00,2026-08-18T09:52:48.752707+00:00
6,57,Tielemans,2,MID,55,1.0752,1.6212,0.28,0.2016,0.2765,0.0024,1,2,83,1,2026-08-18T09:51:42.143142+00:00,2026-08-18T09:52:48.752707+00:00
6,58,Watkins,2,FWD,90,1.3992,2.3716,0.28,0.2016,0.2765,0.0228,1,11,83,1,2026-08-18T09:51:42.143142+00:00,2026-08-18T09:52:48.752707+00:00
6,167,Disasi,2,DEF,44,0.4736,1.1226,0.1,0.198,0.1088,0.0,1,0,0,0,2026-08-18T09:51:42.143142+00:00,2026-08-18T09:52:48.752707+00:00
6,233,Onana,2,MID,52,0.9508,1.5259,0.28,0.1584,0.2731,0.0024,1,2,90,1,2026-08-18T09:51:42.143142+00:00,2026-08-18T09:52:48.752707+00:00
6,385,Rashford,2,MID,69,1.0944,1.7766,0.28,0.2016,0.2765,0.0056,1,2,72,1,2026-08-18T09:51:42.143142+00:00,2026-08-18T09:52:48.752707+00:00
6,598,Bogarde,2,DEF,40,0.4368,1.0412,0.1,0.198,0.1088,0.0,1,0,0,0,2026-08-18T09:51:42.143142+00:00,2026-08-18T09:52:48.752707+00:00
6,640,Swinkels,2,DEF,40,0,0,0.0,0.0,0.0,0,1,0,0,0,2026-08-18T09:51:42.143142+00:00,2026-08-18T09:52:48.752707+00:00
6,641,Zych,2,GKP,40,0.1628,0.7281,0.04,0.0384,0.0403,0.0,1,0,0,0,2026-08-18T09:51:42.143142+00:00,2026-08-18T09:52:48.752707+00:00
6,656,Young,2,MID,45,0,0,0.0,0.0,0.0,0,1,0,0,0,2026-08-18T09:51:42.143142+00:00,2026-08-18T09:52:48.752707+00:00
6,679,Broggio,2,MID,45,0.434,0.8595,0.1,0.198,0.1088,0.0,1,,,,2026-08-18T09:51:42.143142+00:00,
6,710,Jimoh,2,MID,45,0.4916,1.0392,0.1,0.198,0.1088,0.0012,1,,,,2026-08-18T09:51:42.143142+00:00,
6,725,Malen,2,MID,53,0.73,1.3267,0.18,0.1804,0.1818,0.0012,1,,,,2026-08-18T09:51:42.143142+00:00,
6,731,A. Garcia,2,DEF,45,0.4828,1.1641,0.1,0.198,0.1088,0.0016,1,,,,2026-08-18T09:51:42.143142+00:00,
6,737,Emery,2,MID,8,0.4332,0.8856,0.1,0.198,0.1088,0.0,1,,,,2026-08-18T09:51:42.143142+00:00,
6,762,M.Asensio,2,MID,60,1.5632,1.9693,0.45,0.154,0.4308,0.0076,1,,,,2026-08-18T09:51:42.143142+00:00,
6,59,Aarons,3,DEF,44,0,0,0.0,0.0,0.0,0,1,0,0,0,2026-08-18T09:51:42.143142+00:00,2026-08-18T09:52:48.752707+00:00
6,60,Adams,3,MID,49,0.6856,1.208,0.18,0.1804,0.1818,0.0004,1,0,0,0,2026-08-18T09:51:42.143142+00:00,2026-08-18T09:52:48.752707+00:00
6,61,Anthony,3,MID,45,0,0,0.0,0.0,0.0,0,1,0,0,0,2026-08-18T09:51:42.143142+00:00,2026-08-18T09:52:48.752707+00:00
6,62,Brooks,3,MID,49,0.8364,1.6765,0.18,0.1804,0.1818,0.0036,1,0,0,0,2026-08-18T09:51:42.143142+00:00,2026-08-18T09:52:48.752707+00:00
6,63,Christie,3,MID,49,0,0,0.0,0.0,0.0,0,1,2,90,1,2026-08-18T09:51:42.143142+00:00,2026-08-18T09:52:48.752707+00:00
6,64,Cook,3,MID,50,0,0,0.0,0.0,0.0,0,1,10,90,1,2026-08-18T09:51:42.143142+00:00,2026-08-18T09:52:48.752707+00:00
6,65,Enes Ünal,3,FWD,54,0,0,0.0,0.0,0.0,0,1,1,14,0,2026-08-18T09:51:42.143142+00:00,2026-08-18T09:52:48.752707+00:00
6,66,Faivre,3,MID,50,0,0,0.0,0.0,0.0,0,1,0,0,0,2026-08-18T09:51:42.143142+00:00,2026-08-18T09:52:48.752707+00:00
6,67,H.Traorè,3,MID,45,0,0,0.0,0.0,0.0,0,1,0,0,0,2026-08-18T09:51:42.143142+00:00,2026-08-18T09:52:48.752707+00:00
6,68,Hill,3,DEF,40,0.4892,1.1758,0.1,0.198,0.1088,0.0004,1,0,0,0,2026-08-18T09:51:42.143142+00:00,2026-08-18T09:52:48.752707+00:00
6,69,Jebbison,3,FWD,45,0.48,0.9489,0.1,0.198,0.1088,0.0004,1,0,0,0,2026-08-18T09:51:42.143142+00:00,2026-08-18T09:52:48.752707+00:00
6,70,Kerkez,3,DEF,45,0.8232,1.6273,0.22,0.1716,0.2183,0.002,1,1,90,1,2026-08-18T09:51:42.143142+00:00,2026-08-18T09:52:48.752707+00:00
6,71,Kluivert,3,MID,54,1.276,2.2191,0.28,0.1584,0.2731,0.0124,1,1,29,0,2026-08-18T09:51:42.143142+00:00,2026-08-18T09:52:48.752707+00:00
6,72,Mepham,3,DEF,44,0,0,0.0,0.0,0.0,0,1,0,0,0,2026-08-18T09:51:42.143142+00:00,2026-08-18T09:52:48.752707+00:00
6,74,O.Dango,3,MID,50,0,0,0.0,0.0,0.0,0,1,8,60,1,2026-08-18T09:51:42.143142+00:00,2026-08-18T09:52:48.752707+00:00
6,75,Paulsen,3,GKP,40,0,0,0.0,0.0,0.0,0,1,0,0,0,2026-08-18T09:51:42.143142+00:00,2026-08-18T09:52:48.752707+00:00
6,76,Philip,3,MID,48,0,0,0.0,0.0,0.0,0,1,0,0,0,2026-08-18T09:51:42.143142+00:00,2026-08-18T09:52:48.752707+00:00
6,77,Scott,3,MID,49,0.694,1.241,0.18,0.1804,0.1818,0.0012,1,1,14,0,2026-08-18T09:51:42.143142+00:00,2026-08-18T09:52:48.752707+00:00
6,78,Semenyo,3,MID,57,1.2248,1.9925,0.28,0.2016,0.2765,0.0088,1,7,88,1,2026-08-18T09:51:42.143142+00:00,2026-08-18T09:52:48.752707+00:00
6,79,Senesi,3,DEF,48,1.04,1.8321,0.28,0.1584,0.2731,0.0032,1,2,90,1,2026-08-18T09:51:42.143142+00:00,2026-08-18T09:52:48.752707+00:00
6,80,Sinisterra,3,MID,50,0,0,0.0,0.0,0.0,0,1,1,1,0,2026-08-18T09:51:42.143142+00:00,2026-08-18T09:52:48.752707+00:00
6,81,Smith,3,DEF,45,0.4568,1.0732,0.1,0.198,0.1088,0.0,1,2,90,1,2026-08-18T09:51:42.143142+00:00,2026-08-18T09:52:48.752707+00:00
6,83,Tavernier,3,MID,55,1.1548,1.8348,0.28,0.2016,0.2765,0.0028,1,4,75,1,2026-08-18T09:51:42.143142+00:00,2026-08-18T09:52:48.752707+00:00
6,84,Travers,3,GKP,44,0,0,0.0,0.0,0.0,0,1,0,0,0,2026-08-18T09:51:42.143142+00:00,2026-08-18T09:52:48.752707+00:00
6,85,Zabarnyi,3,DEF,45,0.8416,1.6363,0.22,0.1716,0.2183,0.0016,1,2,90,1,2026-08-18T09:51:42.143142+00:00,2026-08-18T09:52:48.752707+00:00
6,152,Arrizabalaga,3,GKP,45,4.3672,2.589,0.88,0.0048,0.8188,0.0164,1,2,90,1,2026-08-18T09:51:42.143142+00:00,2026-08-18T09:52:48.752707+00:00
6,580,Huijsen,3,DEF,44,0.5288,1.1974,0.1,0.198,0.1088,0.0008,1,0,0,0,2026-08-18T09:51:42.143142+00:00,2026-08-18T09:52:48.752707+00:00
6,592,J.Araujo,3,DEF,45,0.8828,1.6634,0.22,0.1716,0.2183,0.0008,1,0,0,0,2026-08-18T09:51:42.143142+00:00,2026-08-18T09:52:48.752707+00:00
6,599,Dennis,3,GKP,40,0.1852,0.8343,0.04,0.0384,0.0403,0.0,1,0,0,0,2026-08-18T09:51:42.143142+00:00,2026-08-18T09:52:48.752707+00:00
6,617,Evanilson,3,FWD,59,1.1748,1.8545,0.28,0.2016,0.2765,0.0052,1,9,75,1,2026-08-18T09:51:42.143142+00:00,2026-08-18T09:52:48.752707+00:00
6,680,Kinsey,3,DEF,40,0.5016,1.1951,0.1,0.198,0.1088,0.0008,1,,,,2026-08-18T09:51:42.143142+00:00,
6,687,Winterburn,3,MID,45,0.4836,1.046,0.1,0.198,0.1088,0.0008,1,,,,2026-08-18T09:51:42.143142+00:00,
6,702,Harris,3,DEF,40,0.5116,1.1805,0.1,0.198,0.1088,0.0004,1,,,,2026-08-18T09:51:42.143142+00:00,
6,707,Rees-Dottin,3,FWD,45,0.4752,0.9651,0.1,0.198,0.1088,0.0004,1,,,,2026-08-18T09:51:42.143142+00:00,
6,712,Akinmboni,3,DEF,40,0.5508,1.2832,0.1,0.198,0.1088,0.0,1,,,,2026-08-18T09:51:42.143142+00:00,
6,713,Soler,3,DEF,39,0.5596,1.338,0.1,0.198,0.1088,0.0008,1,,,,2026-08-18T09:51:42.143142+00:00,
6,722,Adu-Adjei,3,FWD,45,0.4684,0.9341,0.1,0.198,0.1088,0.0004,1,,,,2026-08-18T09:51:42.143142+00:00,
6,723,Sadi,3,MID,45,0.4928,1.0147,0.1,0.198,0.1088,0.0008,1,,,,2026-08-18T09:51:42.143142+00:00,
6,727,McKenna,3,GKP,40,0.1848,0.854,0.04,0.0384,0.0403,0.0,1,,,,2026-08-18T09:51:42.143142+00:00,
6,728,Silcott-Duberry,3,MID,45,0.4872,0.9882,0.1,0.198,0.1088,0.0004,1,,,,2026-08-18T09:51:42.143142+00:00,
6,738,Iraola,3,MID,11,0.4588,0.9612,0.1,0.198,0.1088,0.0,1,,,,2026-08-18T09:51:42.143142+00:00,
6,86,Ajer,4,DEF,45,0.8968,1.7598,0.22,0.1716,0.2183,0.004,1,2,90,1,2026-08-18T09:51:42.143142+00:00,2026-08-18T09:52:48.752707+00:00
6,87,Brierley,4,MID,45,0.4956,1.0229,0.1,0.198,0.1088,0.0004,1,0,0,0,2026-08-18T09:51:42.143142+00:00,2026-08-18T09:52:48.752707+00:00
6,88,Collins,4,DEF,45,0.9364,1.8153,0.22,0.1716,0.2183,0.0032,1,2,90,1,2026-08-18T09:51:42.143142+00:00,2026-08-18T09:52:48.752707+00:00
6,89,Damsgaard,4,MID,50,1.0816,1.7004,0.28,0.1584,0.2731,0.0036,1,3,90,1,2026-08-18T09:51:42.143142+00:00,2026-08-18T09:52:48.752707+00:00
6,90,Dasilva,4,MID,49,0,0,0.0,0.0,0.0,0,1,0,0,0,2026-08-18T09:51:42.143142+00:00,2026-08-18T09:52:48.752707+00:00
6,91,Flekken,4,GKP,45,3.8992,2.4148,0.88,0.0048,0.8188,0.0032,1,2,90,1,2026-08-18T09:51:42.143142+00:00,2026-08-18T09:52:48.752707+00:00
6,92,Henry,4,DEF,44,0.9116,1.748,0.22,0.1716,0.2183,0.0032,1,0,0,0,2026-08-18T09:51:42.143142+00:00,2026-08-18T09:52:48.752707+00:00
6,93,Hickey,4,DEF,44,0.7572,1.5812,0.22,0.1716,0.2183,0.0028,1,0,0,0,2026-08-18T09:51:42.143142+00:00,2026-08-18T09:52:48.752707+00:00
6,94,Janelt,4,MID,49,0,0,0.0,0.0,0.0,0,1,2,90,1,2026-08-18T09:51:42.143142+00:00,2026-08-18T09:52:48.752707+00:00
6,95,Jensen,4,MID,54,1.0036,1.5997,0.28,0.1584,0.2731,0.002,1,0,0,0,2026-08-18T09:51:42.143142+00:00,2026-08-18T09:52:48.752707+00:00
6,96,Ji-soo,4,DEF,40,0.566,1.357,0.1,0.198,0.1088,0.0016,1,0,0,0,2026-08-18T09:51:42.143142+00:00,2026-08-18T09:52:48.752707+00:00
6,97,Konak,4,MID,45,0.4452,0.9105,0.1,0.198,0.1088,0.0,1,1,5,0,2026-08-18T09:51:42.143142+00:00,2026-08-18T09:52:48.752707+00:00
6,98,Lewis-Potter,4,MID,50,0.924,1.4604,0.28,0.1584,0.2731,0.0,1,1,90,1,2026-08-18T09:51:42.143142+00:00,2026-08-18T09:52:48.752707+00:00
6,99,Mbeumo,4,MID,73,1.298,2.1457,0.28,0.2016,0.2765,0.0096,1,9,90,1,2026-08-18T09:51:42.143142+00:00,2026-08-18T09:52:48.752707+00:00
6,100,Mee,4,DEF,44,0.5392,1.3217,0.1,0.198,0.1088,0.002,1,0,0,0,2026-08-18T09:51:42.143142+00:00,2026-08-18T09:52:48.752707+00:00
6,101,Nørgaard,4,MID,49,0.9308,1.4393,0.28,0.1584,0.2731,0.0,1,0,0,0,2026-08-18T09:51:42.143142+00:00,2026-08-18T09:52:48.752707+00:00
6,102,Onyeka,4,MID,49,0,0,0.0,0.0,0.0,0,1,0,0,0,2026-08-18T09:51:42.143142+00:00,2026-08-18T09:52:48.752707+00:00
6,103,Peart-Harris,4,MID,45,0,0,0.0,0.0,0.0,0,1,0,0,0,2026-08-18T09:51:42.143142+00:00,2026-08-18T09:52:48.752707+00:00
6,104,Pinnock,4,DEF,45,0.89,1.7645,0.22,0.1716,0.2183,0.0036,1,2,90,1,2026-08-18T09:51:42.143142+00:00,2026-08-18T09:52:48.752707+00:00
6,105,Roerslev,4,DEF,44,0,0,0.0,0.0,0.0,0,1,0,0,0,2026-08-18T09:51:42.143142+00:00,2026-08-18T09:52:48.752707+00:00
6,106,Schade,4,MID,54,0.7372,1.3825,0.18,0.1804,0.1818,0.0,1,1,59,1,2026-08-18T09:51:42.143142+00:00,2026-08-18T09:52:48.752707+00:00
6,107,Thiago,4,FWD,59,1.4472,1.7879,0.45,0.154,0.4308,0.0056,1,0,0,0,2026-08-18T09:51:42.143142+00:00,2026-08-18T09:52:48.752707+00:00
6,108,Toney,4,FWD,73,0,0,0.0,0.0,0.0,0,1,0,0,0,2026-08-18T09:51:42.143142+00:00,2026-08-18T09:52:48.752707+00:00
6,109,Valdimarsson,4,GKP,40,0.1828,0.8208,0.04,0.0384,0.0403,0.0,1,0,0,0,2026-08-18T09:51:42.143142+00:00,2026-08-18T09:52:48.752707+00:00
6,110,Wissa,4,FWD,60,1.1392,1.9134,0.28,0.2016,0.2765,0.0108,1,0,0,0,2026-08-18T09:51:42.143142+00:00,2026-08-18T09:52:48.752707+00:00
6,111,Yarmoliuk,4,MID,45,0.4712,0.9042,0.1,0.198,0.1088,0.0,1,0,30,0,2026-08-18T09:51:42.143142+00:00,2026-08-18T09:52:48.752707+00:00
6,112,Zanka,4,DEF,45,0,0,0.0,0.0,0.0,0,1,0,0,0,2026-08-18T09:51:42.143142+00:00,2026-08-18T09:52:48.752707+00:00
6,314,Carvalho,4,MID,48,0,0,0.0,0.0,0.0,0,1,6,84,1,2026-08-18T09:51:42.143142+00:00,2026-08-18T09:52:48.752707+00:00
6,338,Van den Berg,4,DEF,40,0.4984,1.185,0.1,0.198,0.1088,0.0008,1,2,90,1,2026-08-18T09:51:42.143142+00:00,2026-08-18T09:52:48.752707+00:00
6,602,Trevitt,4,MID,45,0,0,0.0,0.0,0.0,0,1,0,0,0,2026-08-18T09:51:42.143142+00:00,2026-08-18T09:52:48.752707+00:00
6,634,G.Nunes,4,MID,50,0.7376,1.3281,0.18,0.1804,0.1818,0.0012,1,0,0,0,2026-08-18T09:51:42.143142+00:00,2026-08-18T09:52:48.752707+00:00
6,649,Meghoma,4,DEF,40,0,0,0.0,0.0,0.0,0,1,0,0,0,2026-08-18T09:51:42.143142+00:00,2026-08-18T09:52:48.752707+00:00
6,661,Yogane,4,MID,45,0,0,0.0,0.0,0.0,0,1,0,0,0,2026-08-18T09:51:42.143142+00:00,2026-08-18T09:52:48.752707+00:00
6,674,Maghoma,4,MID,45,0.478,0.9957,0.1,0.198,0.1088,0.0008,1,,,,2026-08-18T09:51:42.143142+00:00,
6,705,Arthur,4,DEF,40,0.5188,1.2412,0.1,0.198,0.1088,0.0008,1,,,,2026-08-18T09:51:42.143142+00:00,
6,752,Frank,4,MID,8,0.4904,1.0166,0.1,0.198,0.1088,0.0,1,,,,2026-08-18T09:51:42.143142+00:00,
6,757,Kayode,4,DEF,45,0.5272,1.2391,0.1,0.198,0.1088,0.0012,1,,,,2026-08-18T09:51:42.143142+00:00,
6,759,Eyestone,4,GKP,40,0.1892,0.8372,0.04,0.0384,0.0403,0.0,1,,,,2026-08-18T09:51:42.143142+00:00,
6,780,Morgan,4,FWD,45,0.4848,1.0051,0.1,0.198,0.1088,0.0008,1,,,,2026-08-18T09:51:42.143142+00:00,
6,786,Benjamin Fredrick,4,DEF,40,0.5524,1.2874,0.1,0.198,0.1088,0.0012,1,,,,2026-08-18T09:51:42.143142+00:00,
6,113,Adingra,5,MID,55,1.4904,1.7645,0.45,0.154,0.4308,0.0036,1,0,0,0,2026-08-18T09:51:42.143142+00:00,2026-08-18T09:52:48.752707+00:00
6,114,Baker-Boaitey,5,MID,45,0,0,0.0,0.0,0.0,0,1,0,0,0,2026-08-18T09:51:42.143142+00:00,2026-08-18T09:52:48.752707+00:00
6,115,Baleba,5,MID,50,0.9264,1.4225,0.28,0.1584,0.2731,0.0012,1,12,90,1,2026-08-18T09:51:42.143142+00:00,2026-08-18T09:52:48.752707+00:00
6,116,Barco,5,DEF,40,0,0,0.0,0.0,0.0,0,1,0,0,0,2026-08-18T09:51:42.143142+00:00,2026-08-18T09:52:48.752707+00:00
6,118,Cozier-Duberry,5,MID,45,0,0,0.0,0.0,0.0,0,1,0,0,0,2026-08-18T09:51:42.143142+00:00,2026-08-18T09:52:48.752707+00:00
6,119,Dahoud,5,MID,49,0,0,0.0,0.0,0.0,0,1,0,0,0,2026-08-18T09:51:42.143142+00:00,2026-08-18T09:52:48.752707+00:00
6,120,Dunk,5,DEF,46,0.94,1.6847,0.28,0.1584,0.2731,0.002,1,-1,90,1,2026-08-18T09:51:42.143142+00:00,2026-08-18T09:52:48.752707+00:00
6,122,Estupiñan,5,DEF,50,0.6624,1.3984,0.18,0.1804,0.1818,0.0016,1,-1,90,1,2026-08-18T09:51:42.143142+00:00,2026-08-18T09:52:48.752707+00:00
6,124,Gilmour,5,MID,50,0,0,0.0,0.0,0.0,0,1,0,0,0,2026-08-18T09:51:42.143142+00:00,2026-08-18T09:52:48.752707+00:00
6,125,Gross,5,MID,65,0,0,0.0,0.0,0.0,0,1,0,0,0,2026-08-18T09:51:42.143142+00:00,2026-08-18T09:52:48.752707+00:00
6,126,Hinshelwood,5,MID,50,0.9228,1.4345,0.28,0.1584,0.2731,0.0012,1,2,90,1,2026-08-18T09:51:42.143142+00:00,2026-08-18T09:52:48.752707+00:00
6,127,I.Osman,5,MID,50,0,0,0.0,0.0,0.0,0,1,0,0,0,2026-08-18T09:51:42.143142+00:00,2026-08-18T09:52:48.752707+00:00
6,128,Igor,5,DEF,44,0.6876,1.3866,0.22,0.1404,0.2158,0.0004,1,1,33,0,2026-08-18T09:51:42.143142+00:00,2026-08-18T09:52:48.752707+00:00
6,129,João Pedro,5,FWD,56,1.0712,1.7221,0.28,0.2016,0.2765,0.0048,1,0,0,0,2026-08-18T09:51:42.143142+00:00,2026-08-18T09:52:48.752707+00:00
6,130,Kozlowski,5,MID,45,0,0,0.0,0.0,0.0,0,1,0,0,0,2026-08-18T09:51:42.143142+00:00,2026-08-18T09:52:48.752707+00:00
6,131,Lamptey,5,DEF,45,0.4636,1.1014,0.11,0.1958,0.118,0.0008,1,0,0,0,2026-08-18T09:51:42.143142+00:00,2026-08-18T09:52:48.752707+00:00
6,132,March,5,MID,65,0,0,0.0,0.0,0.0,0,1,0,0,0,2026-08-18T09:51:42.143142+00:00,2026-08-18T09:52:48.752707+00:00
6,133,Mazilu,5,MID,45,0,0,0.0,0.0,0.0,0,1,0,0,0,2026-08-18T09:51:42.143142+00:00,2026-08-18T09:52:48.752707+00:00
6,134,Milner,5,MID,50,0.8732,1.3447,0.28,0.1584,0.2731,0.0012,1,0,0,0,2026-08-18T09:51:42.143142+00:00,2026-08-18T09:52:48.752707+00:00
6,135,Minteh,5,MID,55,0.9888,1.5076,0.28,0.2016,0.2765,0.0012,1,1,19,0,2026-08-18T09:51:42.143142+00:00,2026-08-18T09:52:48.752707+00:00
6,136,Mitoma,5,MID,67,1.1304,1.8861,0.28,0.2016,0.2765,0.0068,1,2,90,1,2026-08-18T09:51:42.143142+00:00,2026-08-18T09:52:48.752707+00:00
6,137,Moder,5,MID,44,0,0,0.0,0.0,0.0,0,1,0,0,0,2026-08-18T09:51:42.143142+00:00,2026-08-18T09:52:48.752707+00:00
6,138,O’Mahony,5,FWD,45,0,0,0.0,0.0,0.0,0,1,0,0,0,2026-08-18T09:51:42.143142+00:00,2026-08-18T09:52:48.752707+00:00
6,139,Offiah,5,DEF,40,0,0,0.0,0.0,0.0,0,1,0,0,0,2026-08-18T09:51:42.143142+00:00,2026-08-18T09:52:48.752707+00:00
6,140,Peupion,5,MID,45,0,0,0.0,0.0,0.0,0,1,0,0,0,2026-08-18T09:51:42.143142+00:00,2026-08-18T09:52:48.752707+00:00
6,141,Sarmiento,5,MID,49,0,0,0.0,0.0,0.0,0,1,0,0,0,2026-08-18T09:51:42.143142+00:00,2026-08-18T09:52:48.752707+00:00
6,142,Steele,5,GKP,45,0.0848,0.4908,0.02,0.0392,0.0217,0.0,1,0,0,0,2026-08-18T09:51:42.143142+00:00,2026-08-18T09:52:48.752707+00:00
6,143,Undav,5,FWD,55,0,0,0.0,0.0,0.0,0,1,0,0,0,2026-08-18T09:51:42.143142+00:00,2026-08-18T09:52:48.752707+00:00
6,144,Van Hecke,5,DEF,45,0.7304,1.3997,0.22,0.1716,0.2183,0.0004,1,0,0,0,2026-08-18T09:51:42.143142+00:00,2026-08-18T09:52:48.752707+00:00
6,145,Veltman,5,DEF,45,0.7584,1.4841,0.22,0.1716,0.2183,0.002,1,0,0,0,2026-08-18T09:51:42.143142+00:00,2026-08-18T09:52:48.752707+00:00
6,146,Verbruggen,5,GKP,45,2.766,2.1043,0.88,0.0048,0.8188,0.0016,1,0,90,1,2026-08-18T09:51:42.143142+00:00,2026-08-18T09:52:48.752707+00:00
6,147,Webster,5,DEF,44,0.4656,1.0905,0.1,0.198,0.1088,0.0012,1,-1,56,1,2026-08-18T09:51:42.143142+00:00,2026-08-18T09:52:48.752707+00:00
6,148,Welbeck,5,FWD,58,1.0192,1.5628,0.28,0.2016,0.2765,0.0032,1,2,80,1,2026-08-18T09:51:42.143142+00:00,2026-08-18T09:52:48.752707+00:00
6,149,Wieffer,5,MID,49,0.662,1.1428,0.18,0.1804,0.1818,0.0,1,1,56,1,2026-08-18T09:51:42.143142+00:00,2026-08-18T09:52:48.752707+00:00
6,595,Gruda,5,MID,54,0.6948,1.3053,0.18,0.1804,0.1818,0.0004,1,0,0,0,2026-08-18T09:51:42.143142+00:00,2026-08-18T09:52:48.752707+00:00
6,600,Ayari,5,MID,50,0.6916,1.2767,0.18,0.1804,0.1818,0.0016,1,1,33,0,2026-08-18T09:51:42.143142+00:00,2026-08-18T09:52:48.752707+00:00
6,601,Moran,5,MID,50,0,0,0.0,0.0,0.0,0,1,0,0,0,2026-08-18T09:51:42.143142+00:00,2026-08-18T09:52:48.752707+00:00
6,615,Rushworth,5,GKP,40,0.1484,0.6795,0.04,0.0384,0.0403,0.0,1,0,0,0,2026-08-18T09:51:42.143142+00:00,2026-08-18T09:52:48.752707+00:00
6,618,Georginio,5,MID,55,0,0,0.0,0.0,0.0,0,1,7,70,1,2026-08-18T09:51:42.143142+00:00,2026-08-18T09:52:48.752707+00:00
6,628,F.Kadıoğlu,5,DEF,45,0,0,0.0,0.0,0.0,0,1,0,70,1,2026-08-18T09:51:42.143142+00:00,2026-08-18T09:52:48.752707+00:00
6,629,O'Riley,5,MID,55,1.4284,1.7906,0.45,0.154,0.4308,0.004,1,0,0,0,2026-08-18T09:51:42.143142+00:00,2026-08-18T09:52:48.752707+00:00
6,663,Samuels,5,DEF,40,0,0,0.0,0.0,0.0,0,1,0,0,0,2026-08-18T09:51:42.143142+00:00,2026-08-18T09:52:48.752707+00:00
6,668,Cahill,5,GKP,39,0.1696,0.7784,0.04,0.0384,0.0403,0.0,1,,,,2026-08-18T09:51:42.143142+00:00,
6,681,McConville,5,DEF,40,0,0,0.0,0.0,0.0,0,1,,,,2026-08-18T09:51:42.143142+00:00,
6,685,Slater,5,DEF,40,0.4772,1.1449,0.1,0.198,0.1088,0.0008,1,,,,2026-08-18T09:51:42.143142+00:00,
6,714,Gómez,5,MID,55,1.3876,1.6529,0.45,0.154,0.4308,0.002,1,,,,2026-08-18T09:51:42.143142+00:00,
6,739,Hürzeler,5,MID,11,0.4476,0.9062,0.1,0.198,0.1088,0.0,1,,,,2026-08-18T09:51:42.143142+00:00,
6,758,Knight,5,MID,45,0.4656,0.904,0.1,0.198,0.1088,0.0,1,,,,2026-08-18T09:51:42.143142+00:00,
6,763,Cashin,5,DEF,45,0.48,1.132,0.1,0.198,0.1088,0.0004,1,,,,2026-08-18T09:51:42.143142+00:00,
6,791,Charlie Tasker,5,DEF,40,0.4624,1.0901,0.1,0.198,0.1088,0.0004,1,,,,2026-08-18T09:51:42.143142+00:00,
6,794,Freddie Simmonds,5,DEF,40,0.5,1.1829,0.1,0.198,0.1088,0.0,1,,,,2026-08-18T09:51:42.143142+00:00,
6,795,Harry Howell,5,MID,45,0.4488,0.8974,0.1,0.198,0.1088,0.0004,1,,,,2026-08-18T09:51:42.143142+00:00,
6,150,Andrey Santos,6,MID,45,0,0,0.0,0.0,0.0,0,1,0,0,0,2026-08-18T09:51:42.143142+00:00,2026-08-18T09:52:48.752707+00:00
6,151,Ângelo,6,MID,45,0,0,0.0,0.0,0.0,0,1,0,0,0,2026-08-18T09:51:42.143142+00:00,2026-08-18T09:52:48.752707+00:00
6,153,B.Badiashile,6,DEF,44,0.9664,1.8043,0.22,0.1716,0.2183,0.002,1,0,0,0,2026-08-18T09:51:42.143142+00:00,2026-08-18T09:52:48.752707+00:00
6,154,Bergström,6,GKP,40,0.192,0.8883,0.04,0.0384,0.0403,0.0,1,0,0,0,2026-08-18T09:51:42.143142+00:00,2026-08-18T09:52:48.752707+00:00
6,155,Bettinelli,6,GKP,40,0.1608,0.7337,0.04,0.0384,0.0403,0.0,1,0,0,0,2026-08-18T09:51:42.143142+00:00,2026-08-18T09:52:48.752707+00:00
6,157,Caicedo,6,MID,49,0.9184,1.4201,0.28,0.1584,0.2731,0.0012,1,2,90,1,2026-08-18T09:51:42.143142+00:00,2026-08-18T09:52:48.752707+00:00
6,158,Casadei,6,MID,45,0,0,0.0,0.0,0.0,0,1,0,0,0,2026-08-18T09:51:42.143142+00:00,2026-08-18T09:52:48.752707+00:00
6,159,Chalobah,6,DEF,44,0.9208,1.7336,0.22,0.1716,0.2183,0.0012,1,0,0,0,2026-08-18T09:51:42.143142+00:00,2026-08-18T09:52:48.752707+00:00
6,161,Chukwuemeka,6,MID,49,0,0,0.0,0.0,0.0,0,1,0,0,0,2026-08-18T09:51:42.143142+00:00,2026-08-18T09:52:48.752707+00:00
6,162,Colwill,6,DEF,45,0.8976,1.7338,0.22,0.1716,0.2183,0.0024,1,1,90,1,2026-08-18T09:51:42.143142+00:00,2026-08-18T09:52:48.752707+00:00
6,163,Cucurella,6,DEF,50,0.9572,1.6927,0.28,0.1584,0.2731,0.0016,1,0,69,1,2026-08-18T09:51:42.143142+00:00,2026-08-18T09:52:48.752707+00:00
6,164,D.D.Fofana,6,FWD,54,0,0,0.0,0.0,0.0,0,1,0,0,0,2026-08-18T09:51:42.143142+00:00,2026-08-18T09:52:48.752707+00:00
6,165,Deivid,6,FWD,50,0,0,0.0,0.0,0.0,0,1,0,0,0,2026-08-18T09:51:42.143142+00:00,2026-08-18T09:52:48.752707+00:00
6,166,Dewsbury-Hall,6,MID,57,1.5476,1.9293,0.45,0.154,0.4308,0.0048,1,0,0,0,2026-08-18T09:51:42.143142+00:00,2026-08-18T09:52:48.752707+00:00
6,168,Enzo,6,MID,50,0.8856,1.4504,0.28,0.1584,0.2731,0.0008,1,1,78,1,2026-08-18T09:51:42.143142+00:00,2026-08-18T09:52:48.752707+00:00
6,169,Gallagher,6,MID,59,0,0,0.0,0.0,0.0,0,1,0,0,0,2026-08-18T09:51:42.143142+00:00,2026-08-18T09:52:48.752707+00:00
6,170,Gilchrist,6,DEF,40,0,0,0.0,0.0,0.0,0,1,0,0,0,2026-08-18T09:51:42.143142+00:00,2026-08-18T09:52:48.752707+00:00
6,171,Gusto,6,DEF,49,1.0776,1.8642,0.28,0.1584,0.2731,0.0012,1,1,90,1,2026-08-18T09:51:42.143142+00:00,2026-08-18T09:52:48.752707+00:00
6,172,James,6,DEF,50,1.1356,2.0596,0.28,0.1584,0.2731,0.008,1,0,0,0,2026-08-18T09:51:42.143142+00:00,2026-08-18T09:52:48.752707+00:00
6,173,Kellyman,6,MID,45,0,0,0.0,0.0,0.0,0,1,0,0,0,2026-08-18T09:51:42.143142+00:00,2026-08-18T09:52:48.752707+00:00
6,174,Lavia,6,MID,45,0.4624,0.9222,0.1,0.198,0.1088,0.0,1,1,11,0,2026-08-18T09:51:42.143142+00:00,2026-08-18T09:52:48.752707+00:00
6,175,Lukaku,6,FWD,63,0,0,0.0,0.0,0.0,0,1,0,0,0,2026-08-18T09:51:42.143142+00:00,2026-08-18T09:52:48.752707+00:00
6,176,M.Sarr,6,DEF,45,0,0,0.0,0.0,0.0,0,1,0,0,0,2026-08-18T09:51:42.143142+00:00,2026-08-18T09:52:48.752707+00:00
6,177,Madueke,6,MID,66,1.2548,1.9777,0.28,0.2016,0.2765,0.0068,1,5,62,1,2026-08-18T09:51:42.143142+00:00,2026-08-18T09:52:48.752707+00:00
6,178,Marc Guiu,6,FWD,49,0.6396,1.161,0.18,0.1804,0.1818,0.0008,1,0,0,0,2026-08-18T09:51:42.143142+00:00,2026-08-18T09:52:48.752707+00:00
6,179,Mudryk,6,MID,63,0,0,0.0,0.0,0.0,0,1,1,19,0,2026-08-18T09:51:42.143142+00:00,2026-08-18T09:52:48.752707+00:00
6,180,N.Jackson,6,FWD,78,0,0,0.0,0.0,0.0,0,1,5,78,1,2026-08-18T09:51:42.143142+00:00,2026-08-18T09:52:48.752707+00:00
6,181,Nkunku,6,MID,61,1.8204,2.2512,0.45,0.154,0.4308,0.0108,1,1,11,0,2026-08-18T09:51:42.143142+00:00,2026-08-18T09:52:48.752707+00:00
6,182,Palmer,6,MID,106,1.8952,3.1894,0.28,0.2016,0.2765,0.0436,1,25,90,1,2026-08-18T09:51:42.143142+00:00,2026-08-18T09:52:48.752707+00:00
6,183,Petrović,6,GKP,44,0,0,0.0,0.0,0.0,0,1,0,0,0,2026-08-18T09:51:42.143142+00:00,2026-08-18T09:52:48.752707+00:00
6,184,Renato Veiga,6,MID,45,0,0,0.0,0.0,0.0,0,1,1,20,0,2026-08-18T09:51:42.143142+00:00,2026-08-18T09:52:48.752707+00:00
6,185,Sánchez,6,GKP,47,4.1612,2.7086,0.88,0.0096,0.8192,0.0228,1,2,90,1,2026-08-18T09:51:42.143142+00:00,2026-08-18T09:52:48.752707+00:00
6,187,Tosin,6,DEF,44,0.52,1.254,0.1,0.198,0.1088,0.0016,1,0,0,0,2026-08-18T09:51:42.143142+00:00,2026-08-18T09:52:48.752707+00:00
6,189,W.Fofana,6,DEF,45,0,0,0.0,0.0,0.0,0,1,0,90,1,2026-08-18T09:51:42.143142+00:00,2026-08-18T09:52:48.752707+00:00
6,386,Sancho,6,MID,63,1.6968,2.1043,0.45,0.154,0.4308,0.006,1,9,70,1,2026-08-18T09:51:42.143142+00:00,2026-08-18T09:52:48.752707+00:00
6,560,Neto,6,MID,63,1.6372,2.0729,0.45,0.154,0.4308,0.0072,1,1,27,0,2026-08-18T09:51:42.143142+00:00,2026-08-18T09:52:48.752707+00:00
6,575,Wiley,6,DEF,40,0,0,0.0,0.0,0.0,0,1,0,0,0,2026-08-18T09:51:42.143142+00:00,2026-08-18T09:52:48.752707+00:00
6,581,Jørgensen,6,GKP,43,0.2048,0.8841,0.04,0.0384,0.0403,0.0,1,0,0,0,2026-08-18T09:51:42.143142+00:00,2026-08-18T09:52:48.752707+00:00
6,621,João Félix,6,MID,63,0,0,0.0,0.0,0.0,0,1,0,0,0,2026-08-18T09:51:42.143142+00:00,2026-08-18T09:52:48.752707+00:00
6,695,Rak-Sakyi,6,MID,45,0.4652,0.9905,0.1,0.198,0.1088,0.0,1,,,,2026-08-18T09:51:42.143142+00:00,
6,696,George,6,MID,45,0.4468,0.9348,0.1,0.198,0.1088,0.0,1,,,,2026-08-18T09:51:42.143142+00:00,
6,697,Acheampong,6,DEF,40,0.5744,1.3337,0.1,0.198,0.1088,0.0016,1,,,,2026-08-18T09:51:42.143142+00:00,
6,740,Maresca,6,MID,15,0.5352,1.0615,0.1,0.198,0.1088,0.0,1,,,,2026-08-18T09:51:42.143142+00:00,
6,771,Amougou,6,MID,45,0.4864,0.9821,0.1,0.198,0.1088,0.0,1,,,,2026-08-18T09:51:42.143142+00:00,
6,774,Anselmino,6,DEF,40,0.5288,1.2901,0.1,0.198,0.1088,0.0,1,,,,2026-08-18T09:51:42.143142+00:00,
6,781,Mheuka,6,FWD,45,0.4384,0.8851,0.1,0.198,0.1088,0.0,1,,,,2026-08-18T09:51:42.143142+00:00,
6,782,Samuels-Smith,6,DEF,40,0.5004,1.1785,0.1,0.198,0.1088,0.0008,1,,,,2026-08-18T09:51:42.143142+00:00,
6,787,Genesis Antwi,6,DEF,40,0.55,1.3474,0.1,0.198,0.1088,0.0008,1,,,,2026-08-18T09:51:42.143142+00:00,
6,11,Nketiah,7,FWD,59,1.3444,1.6482,0.45,0.154,0.4308,0.004,1,2,72,1,2026-08-18T09:51:42.143142+00:00,2026-08-18T09:52:48.752707+00:00
6,160,Chilwell,7,DEF,48,0.9396,1.8503,0.24,0.1672,0.2366,0.0052,1,0,0,0,2026-08-18T09:51:42.143142+00:00,2026-08-18T09:52:48.752707+00:00
6,190,Ahamada,7,MID,45,0,0,0.0,0.0,0.0,0,1,0,0,0,2026-08-18T09:51:42.143142+00:00,2026-08-18T09:52:48.752707+00:00
6,193,C.Doucouré,7,MID,49,0,0,0.0,0.0,0.0,0,1,0,0,0,2026-08-18T09:51:42.143142+00:00,2026-08-18T09:52:48.752707+00:00
6,194,C.Richards,7,DEF,45,0.7064,1.4289,0.22,0.1716,0.2183,0.0012,1,0,0,0,2026-08-18T09:51:42.143142+00:00,2026-08-18T09:52:48.752707+00:00
6,195,Chadi Riad,7,DEF,44,0,0,0.0,0.0,0.0,0,1,0,0,0,2026-08-18T09:51:42.143142+00:00,2026-08-18T09:52:48.752707+00:00
6,196,Clyne,7,DEF,44,0.3304,0.8265,0.05,0.209,0.0632,0.0,1,0,0,0,2026-08-18T09:51:42.143142+00:00,2026-08-18T09:52:48.752707+00:00
6,197,Ebiowei,7,MID,45,0,0,0.0,0.0,0.0,0,1,0,0,0,2026-08-18T09:51:42.143142+00:00,2026-08-18T09:52:48.752707+00:00
6,199,Eze,7,MID,69,1.3672,2.2003,0.28,0.2016,0.2765,0.0108,1,2,90,1,2026-08-18T09:51:42.143142+00:00,2026-08-18T09:52:48.752707+00:00
6,200,Guéhi,7,DEF,44,0,0,0.0,0.0,0.0,0,1,9,90,1,2026-08-18T09:51:42.143142+00:00,2026-08-18T09:52:48.752707+00:00
6,201,Henderson,7,GKP,45,0.1992,0.8657,0.04,0.0384,0.0403,0.0,1,1,90,1,2026-08-18T09:51:42.143142+00:00,2026-08-18T09:52:48.752707+00:00
6,202,Holding,7,DEF,44,0,0,0.0,0.0,0.0,0,1,0,0,0,2026-08-18T09:51:42.143142+00:00,2026-08-18T09:52:48.752707+00:00
6,203,Hughes,7,MID,49,0.6352,1.0734,0.18,0.1804,0.1818,0.0004,1,1,2,0,2026-08-18T09:51:42.143142+00:00,2026-08-18T09:52:48.752707+00:00
6,205,Kamada,7,MID,53,0.9264,1.4465,0.28,0.1584,0.2731,0.002,1,2,61,1,2026-08-18T09:51:42.143142+00:00,2026-08-18T09:52:48.752707+00:00
6,206,Lerma,7,MID,49,0.6728,1.1341,0.18,0.1804,0.1818,0.0,1,2,90,1,2026-08-18T09:51:42.143142+00:00,2026-08-18T09:52:48.752707+00:00
6,207,Mateta,7,FWD,74,1.2556,2.0211,0.28,0.2016,0.2765,0.0104,1,2,90,1,2026-08-18T09:51:42.143142+00:00,2026-08-18T09:52:48.752707+00:00
6,208,M.França,7,MID,44,0.508,1.0518,0.1,0.198,0.1088,0.0,1,0,0,0,2026-08-18T09:51:42.143142+00:00,2026-08-18T09:52:48.752707+00:00
6,209,Matthews,7,GKP,40,0.1496,0.6819,0.04,0.0384,0.0403,0.0,1,0,0,0,2026-08-18T09:51:42.143142+00:00,2026-08-18T09:52:48.752707+00:00
6,210,Mitchell,7,DEF,49,0.8948,1.6105,0.28,0.1584,0.2731,0.0004,1,1,90,1,2026-08-18T09:51:42.143142+00:00,2026-08-18T09:52:48.752707+00:00
6,211,Muñoz,7,DEF,49,0.8812,1.6403,0.28,0.1584,0.2731,0.0016,1,1,90,1,2026-08-18T09:51:42.143142+00:00,2026-08-18T09:52:48.752707+00:00
6,212,Ozoh,7,MID,45,0,0,0.0,0.0,0.0,0,1,0,0,0,2026-08-18T09:51:42.143142+00:00,2026-08-18T09:52:48.752707+00:00
6,213,Rak-Sakyi,7,MID,45,0,0,0.0,0.0,0.0,0,1,0,0,0,2026-08-18T09:51:42.143142+00:00,2026-08-18T09:52:48.752707+00:00
6,214,Schlupp,7,MID,48,0,0,0.0,0.0,0.0,0,1,1,17,0,2026-08-18T09:51:42.143142+00:00,2026-08-18T09:52:48.752707+00:00
6,215,Ward,7,DEF,44,0.6928,1.4034,0.22,0.1404,0.2158,0.0008,1,0,0,0,2026-08-18T09:51:42.143142+00:00,2026-08-18T09:52:48.752707+00:00
6,216,Wharton,7,MID,49,0,0,0.0,0.0,0.0,0,1,2,87,1,2026-08-18T09:51:42.143142+00:00,2026-08-18T09:52:48.752707+00:00
6,445,Turner,7,GKP,40,2.7132,2.0834,0.88,0.0048,0.8188,0.0012,1,0,0,0,2026-08-18T09:51:42.143142+00:00,2026-08-18T09:52:48.752707+00:00
6,585,I.Sarr,7,MID,58,1.586,1.9755,0.45,0.154,0.4308,0.0048,1,1,28,0,2026-08-18T09:51:42.143142+00:00,2026-08-18T09:52:48.752707+00:00
6,644,Umeh-Chibueze,7,MID,45,0.4716,0.9372,0.1,0.198,0.1088,0.0004,1,0,0,0,2026-08-18T09:51:42.143142+00:00,2026-08-18T09:52:48.752707+00:00
6,645,Devenny,7,MID,45,0.4448,0.91,0.1,0.198,0.1088,0.0004,1,0,0,0,2026-08-18T09:51:42.143142+00:00,2026-08-18T09:52:48.752707+00:00
6,646,Agbinone,7,MID,45,0,0,0.0,0.0,0.0,0,1,0,0,0,2026-08-18T09:51:42.143142+00:00,2026-08-18T09:52:48.752707+00:00
6,647,Rodney,7,MID,45,0.4352,0.8436,0.1,0.198,0.1088,0.0,1,0,0,0,2026-08-18T09:51:42.143142+00:00,2026-08-18T09:52:48.752707+00:00
6,650,Lacroix,7,DEF,45,0.492,1.136,0.1,0.198,0.1088,0.0008,1,4,90,1,2026-08-18T09:51:42.143142+00:00,2026-08-18T09:52:48.752707+00:00
6,666,Kporha,7,DEF,40,0.482,1.1163,0.1,0.198,0.1088,0.0,1,,,,2026-08-18T09:51:42.143142+00:00,
6,676,Marsh,7,FWD,45,0.462,0.9339,0.1,0.198,0.1088,0.0,1,,,,2026-08-18T09:51:42.143142+00:00,
6,730,Esse,7,MID,47,0.6532,1.1603,0.18,0.1804,0.1818,0.0004,1,,,,2026-08-18T09:51:42.143142+00:00,
6,741,Glasner,7,MID,8,0.4656,0.9421,0.1,0.198,0.1088,0.0,1,,,,2026-08-18T09:51:42.143142+00:00,
6,156,Broja,8,FWD,54,1.1104,1.7894,0.28,0.1584,0.2731,0.0064,1,0,0,0,2026-08-18T09:51:42.143142+00:00,2026-08-18T09:52:48.752707+00:00
6,217,A.Doucoure,8,MID,52,0.9656,1.4979,0.28,0.1584,0.2731,0.0012,1,2,90,1,2026-08-18T09:51:42.143142+00:00,2026-08-18T09:52:48.752707+00:00
6,218,Beto,8,FWD,50,0.6704,1.2468,0.18,0.1804,0.1818,0.002,1,0,0,0,2026-08-18T09:51:42.143142+00:00,2026-08-18T09:52:48.752707+00:00
6,219,Branthwaite,8,DEF,48,0,0,0.0,0.0,0.0,0,1,2,90,1,2026-08-18T09:51:42.143142+00:00,2026-08-18T09:52:48.752707+00:00
6,220,Calvert-Lewin,8,FWD,60,1.2676,2.0599,0.28,0.2016,0.2765,0.0124,1,1,90,1,2026-08-18T09:51:42.143142+00:00,2026-08-18T09:52:48.752707+00:00
6,221,Coleman,8,DEF,44,0,0,0.0,0.0,0.0,0,1,0,0,0,2026-08-18T09:51:42.143142+00:00,2026-08-18T09:52:48.752707+00:00
6,222,Gana,8,MID,49,0.908,1.3975,0.28,0.1584,0.2731,0.0008,1,1,7,0,2026-08-18T09:51:42.143142+00:00,2026-08-18T09:52:48.752707+00:00
6,223,Garner,8,MID,50,0.6816,1.2309,0.18,0.1804,0.1818,0.0004,1,1,7,0,2026-08-18T09:51:42.143142+00:00,2026-08-18T09:52:48.752707+00:00
6,224,Harrison,8,MID,53,1.0248,1.6849,0.28,0.1584,0.2731,0.0028,1,4,45,1,2026-08-18T09:51:42.143142+00:00,2026-08-18T09:52:48.752707+00:00
6,225,Holgate,8,DEF,40,0,0,0.0,0.0,0.0,0,1,0,0,0,2026-08-18T09:51:42.143142+00:00,2026-08-18T09:52:48.752707+00:00
6,226,Iroegbunam,8,MID,45,0,0,0.0,0.0,0.0,0,1,0,0,0,2026-08-18T09:51:42.143142+00:00,2026-08-18T09:52:48.752707+00:00
6,227,J.Virginia,8,GKP,40,0.1556,0.7507,0.04,0.0384,0.0403,0.0,1,0,0,0,2026-08-18T09:51:42.143142+00:00,2026-08-18T09:52:48.752707+00:00
6,228,Keane,8,DEF,40,0.834,1.6374,0.22,0.1716,0.2183,0.0032,1,0,0,0,2026-08-18T09:51:42.143142+00:00,2026-08-18T09:52:48.752707+00:00
6,229,Maupay,8,FWD,49,0,0,0.0,0.0,0.0,0,1,0,0,0,2026-08-18T09:51:42.143142+00:00,2026-08-18T09:52:48.752707+00:00
6,230,McNeil,8,MID,55,1.3864,2.066,0.28,0.2016,0.2765,0.0044,1,15,82,1,2026-08-18T09:51:42.143142+00:00,2026-08-18T09:52:48.752707+00:00
6,231,Mykolenko,8,DEF,43,0.8472,1.6466,0.22,0.1716,0.2183,0.0008,1,2,90,1,2026-08-18T09:51:42.143142+00:00,2026-08-18T09:52:48.752707+00:00
6,232,Ndiaye,8,FWD,54,0.9548,1.5562,0.28,0.1584,0.2731,0.0024,1,3,90,1,2026-08-18T09:51:42.143142+00:00,2026-08-18T09:52:48.752707+00:00
6,234,Patterson,8,DEF,44,0.8948,1.7936,0.22,0.1716,0.2183,0.0024,1,0,0,0,2026-08-18T09:51:42.143142+00:00,2026-08-18T09:52:48.752707+00:00
6,235,Pickford,8,GKP,48,3.118,2.2066,0.88,0.0096,0.8192,0.0,1,2,90,1,2026-08-18T09:51:42.143142+00:00,2026-08-18T09:52:48.752707+00:00
6,236,Tarkowski,8,DEF,48,0,0,0.0,0.0,0.0,0,1,2,90,1,2026-08-18T09:51:42.143142+00:00,2026-08-18T09:52:48.752707+00:00
6,237,Y. Chermiti,8,FWD,49,0.6736,1.3022,0.18,0.1804,0.1818,0.0016,1,0,0,0,2026-08-18T09:51:42.143142+00:00,2026-08-18T09:52:48.752707+00:00
6,238,Young,8,DEF,45,0.836,1.655,0.22,0.1716,0.2183,0.0004,1,5,90,1,2026-08-18T09:51:42.143142+00:00,2026-08-18T09:52:48.752707+00:00
6,450,Alcaraz,8,MID,49,0.7164,1.305,0.18,0.1804,0.1818,0.0004,1,0,0,0,2026-08-18T09:51:42.143142+00:00,2026-08-18T09:52:48.752707+00:00
6,577,Lindstrøm,8,MID,53,0,0,0.0,0.0,0.0,0,1,1,45,1,2026-08-18T09:51:42.143142+00:00,2026-08-18T09:52:48.752707+00:00
6,582,O'Brien,8,DEF,48,0.7676,1.6088,0.18,0.1804,0.1818,0.0024,1,0,0,0,2026-08-18T09:51:42.143142+00:00,2026-08-18T09:52:48.752707+00:00
6,603,Armstrong,8,MID,45,0,0,0.0,0.0,0.0,0,1,0,0,0,2026-08-18T09:51:42.143142+00:00,2026-08-18T09:52:48.752707+00:00
6,614,Metcalfe,8,MID,45,0,0,0.0,0.0,0.0,0,1,0,0,0,2026-08-18T09:51:42.143142+00:00,2026-08-18T09:52:48.752707+00:00
6,624,Begovic,8,GKP,40,0.168,0.801,0.04,0.0384,0.0403,0.0,1,0,0,0,2026-08-18T09:51:42.143142+00:00,2026-08-18T09:52:48.752707+00:00
6,627,Dixon,8,DEF,40,0.4832,1.1692,0.1,0.198,0.1088,0.0008,1,0,0,0,2026-08-18T09:51:42.143142+00:00,2026-08-18T09:52:48.752707+00:00
6,651,Mangala,8,MID,50,0,0,0.0,0.0,0.0,0,1,2,82,1,2026-08-18T09:51:42.143142+00:00,2026-08-18T09:52:48.752707+00:00
6,678,Bates,8,MID,45,0.4864,1.0099,0.1,0.198,0.1088,0.0004,1,,,,2026-08-18T09:51:42.143142+00:00,
6,724,Sherif,8,FWD,45,0.444,0.9402,0.1,0.198,0.1088,0.0004,1,,,,2026-08-18T09:51:42.143142+00:00,
6,742,Moyes,8,MID,5,0.4924,1.0056,0.1,0.198,0.1088,0.0,1,,,,2026-08-18T09:51:42.143142+00:00,
6,773,Heath,8,MID,45,0.506,1.028,0.1,0.198,0.1088,0.0,1,,,,2026-08-18T09:51:42.143142+00:00,
6,775,Coby Ebere,8,MID,45,0.4976,1.0507,0.1,0.198,0.1088,0.0012,1,,,,2026-08-18T09:51:42.143142+00:00,
6,803,Welch,8,DEF,40,0.4804,1.1814,0.1,0.198,0.1088,0.0008,1,,,,2026-08-18T09:51:42.143142+00:00,
6,10,Nelson,9,MID,50,0,0,0.0,0.0,0.0,0,1,1,21,0,2026-08-18T09:51:42.143142+00:00,2026-08-18T09:52:48.752707+00:00
6,19,Smith Rowe,9,MID,58,1.0728,1.7438,0.28,0.2016,0.2765,0.0048,1,3,87,1,2026-08-18T09:51:42.143142+00:00,2026-08-18T09:52:48.752707+00:00
6,191,Andersen,9,DEF,44,0.7416,1.4365,0.22,0.1716,0.2183,0.0004,1,8,90,1,2026-08-18T09:51:42.143142+00:00,2026-08-18T09:52:48.752707+00:00
6,239,Adama,9,MID,51,1.008,1.659,0.28,0.1584,0.2731,0.0036,1,3,68,1,2026-08-18T09:51:42.143142+00:00,2026-08-18T09:52:48.752707+00:00
6,240,Andreas,9,MID,53,1.2448,2.0822,0.28,0.1584,0.2731,0.0072,1,6,68,1,2026-08-18T09:51:42.143142+00:00,2026-08-18T09:52:48.752707+00:00
6,241,Bassey,9,DEF,45,0.6928,1.3951,0.22,0.1716,0.2183,0.0004,1,6,90,1,2026-08-18T09:51:42.143142+00:00,2026-08-18T09:52:48.752707+00:00
6,242,Benda,9,GKP,40,0.1396,0.6427,0.04,0.0384,0.0403,0.0,1,0,0,0,2026-08-18T09:51:42.143142+00:00,2026-08-18T09:52:48.752707+00:00
6,243,Cairney,9,MID,49,0.7192,1.2516,0.18,0.1804,0.1818,0.0008,1,0,0,0,2026-08-18T09:51:42.143142+00:00,2026-08-18T09:52:48.752707+00:00
6,244,Castagne,9,DEF,43,0,0,0.0,0.0,0.0,0,1,0,0,0,2026-08-18T09:51:42.143142+00:00,2026-08-18T09:52:48.752707+00:00
6,245,Diop,9,DEF,45,0.7236,1.4527,0.22,0.1716,0.2183,0.0016,1,1,2,0,2026-08-18T09:51:42.143142+00:00,2026-08-18T09:52:48.752707+00:00
6,246,Harris,9,MID,45,0,0,0.0,0.0,0.0,0,1,0,0,0,2026-08-18T09:51:42.143142+00:00,2026-08-18T09:52:48.752707+00:00
6,247,Iwobi,9,MID,55,0.9964,1.499,0.28,0.2016,0.2765,0.0012,1,3,90,1,2026-08-18T09:51:42.143142+00:00,2026-08-18T09:52:48.752707+00:00
6,248,Leno,9,GKP,50,2.7004,2.0905,0.88,0.0096,0.8192,0.0004,1,5,90,1,2026-08-18T09:51:42.143142+00:00,2026-08-18T09:52:48.752707+00:00
6,249,Lukić,9,MID,50,0.9044,1.3544,0.28,0.1584,0.2731,0.0012,1,2,82,1,2026-08-18T09:51:42.143142+00:00,2026-08-18T09:52:48.752707+00:00
6,250,Mbabu,9,DEF,40,0,0,0.0,0.0,0.0,0,1,0,0,0,2026-08-18T09:51:42.143142+00:00,2026-08-18T09:52:48.752707+00:00
6,251,Muniz,9,FWD,59,0,0,0.0,0.0,0.0,0,1,1,7,0,2026-08-18T09:51:42.143142+00:00,2026-08-18T09:52:48.752707+00:00
6,252,Raúl,9,FWD,55,1.4156,1.6935,0.45,0.154,0.4308,0.0016,1,9,82,1,2026-08-18T09:51:42.143142+00:00,2026-08-18T09:52:48.752707+00:00
6,253,Ream,9,DEF,45,0,0,0.0,0.0,0.0,0,1,0,0,0,2026-08-18T09:51:42.143142+00:00,2026-08-18T09:52:48.752707+00:00
6,254,Reed,9,MID,49,0,0,0.0,0.0,0.0,0,1,0,7,0,2026-08-18T09:51:42.143142+00:00,2026-08-18T09:52:48.752707+00:00
6,255,Robinson,9,DEF,47,0.9744,1.7274,0.28,0.1584,0.2731,0.0016,1,7,90,1,2026-08-18T09:51:42.143142+00:00,2026-08-18T09:52:48.752707+00:00
6,256,Stansfield,9,FWD,50,0,0,0.0,0.0,0.0,0,1,0,0,0,2026-08-18T09:51:42.143142+00:00,2026-08-18T09:52:48.752707+00:00
6,257,Tete,9,DEF,45,0.7252,1.4989,0.22,0.1716,0.2183,0.0024,1,5,90,1,2026-08-18T09:51:42.143142+00:00,2026-08-18T09:52:48.752707+00:00
6,258,Vinicius,9,FWD,50,0.8992,1.4682,0.28,0.1584,0.2731,0.0024,1,0,0,0,2026-08-18T09:51:42.143142+00:00,2026-08-18T09:52:48.752707+00:00
6,259,Wilson,9,MID,53,0.6676,1.2397,0.18,0.1804,0.1818,0.0008,1,0,0,0,2026-08-18T09:51:42.143142+00:00,2026-08-18T09:52:48.752707+00:00
6,579,Sessegnon,9,DEF,43,0.4476,1.0664,0.1,0.198,0.1088,0.0004,1,0,0,0,2026-08-18T09:51:42.143142+00:00,2026-08-18T09:52:48.752707+00:00
6,586,J.Cuenca,9,DEF,44,0.458,1.1185,0.1,0.198,0.1088,0.0004,1,0,0,0,2026-08-18T09:51:42.143142+00:00,2026-08-18T09:52:48.752707+00:00
6,604,King,9,MID,45,0.424,0.8757,0.1,0.198,0.1088,0.0,1,0,0,0,2026-08-18T09:51:42.143142+00:00,2026-08-18T09:52:48.752707+00:00
6,605,Godo,9,MID,45,0.4888,0.9515,0.1,0.198,0.1088,0.0004,1,0,0,0,2026-08-18T09:51:42.143142+00:00,2026-08-18T09:52:48.752707+00:00
6,622,Berge,9,MID,50,0.668,1.2277,0.18,0.1804,0.1818,0.0008,1,1,21,0,2026-08-18T09:51:42.143142+00:00,2026-08-18T09:52:48.752707+00:00
6,690,Amissah,9,DEF,40,0.468,1.0906,0.1,0.198,0.1088,0.0004,1,,,,2026-08-18T09:51:42.143142+00:00,
6,753,Silva,9,MID,11,0.4584,0.9723,0.1,0.198,0.1088,0.0008,1,,,,2026-08-18T09:51:42.143142+00:00,
6,772,Willian,9,MID,50,3.3212,2.7379,0.82,0.0324,0.7652,0.0348,1,,,,2026-08-18T09:51:42.143142+00:00,
6,121,Enciso,10,MID,54,0.754,1.4441,0.18,0.1804,0.1818,0.0036,1,1,19,0,2026-08-18T09:51:42.143142+00:00,2026-08-18T09:52:48.752707+00:00
6,260,Al-Hamadi,10,FWD,49,0,0,0.0,0.0,0.0,0,1,0,0,0,2026-08-18T09:51:42.143142+00:00,2026-08-18T09:52:48.752707+00:00
6,261,Baggott,10,DEF,40,0,0,0.0,0.0,0.0,0,1,0,0,0,2026-08-18T09:51:42.143142+00:00,2026-08-18T09:52:48.752707+00:00
6,262,Broadhead,10,MID,49,0.7328,1.3451,0.18,0.1804,0.1818,0.0004,1,0,0,0,2026-08-18T09:51:42.143142+00:00,2026-08-18T09:52:48.752707+00:00
6,263,Burgess,10,DEF,40,0.5396,1.348,0.1,0.198,0.1088,0.0008,1,0,0,0,2026-08-18T09:51:42.143142+00:00,2026-08-18T09:52:48.752707+00:00
6,264,Burns,10,MID,49,0,0,0.0,0.0,0.0,0,1,1,21,0,2026-08-18T09:51:42.143142+00:00,2026-08-18T09:52:48.752707+00:00
6,265,Chaplin,10,MID,53,0.7164,1.3227,0.18,0.1804,0.1818,0.0004,1,0,0,0,2026-08-18T09:51:42.143142+00:00,2026-08-18T09:52:48.752707+00:00
6,266,H.Clarke,10,DEF,40,0,0,0.0,0.0,0.0,0,1,0,0,0,2026-08-18T09:51:42.143142+00:00,2026-08-18T09:52:48.752707+00:00
6,267,Davis,10,DEF,45,0.9744,1.8306,0.22,0.1716,0.2183,0.0032,1,2,90,1,2026-08-18T09:51:42.143142+00:00,2026-08-18T09:52:48.752707+00:00
6,268,Delap,10,FWD,55,0.91,1.3904,0.28,0.2016,0.2765,0.0016,1,12,90,1,2026-08-18T09:51:42.143142+00:00,2026-08-18T09:52:48.752707+00:00
6,269,Edmundson,10,DEF,40,0,0,0.0,0.0,0.0,0,1,0,0,0,2026-08-18T09:51:42.143142+00:00,2026-08-18T09:52:48.752707+00:00
6,270,Greaves,10,DEF,40,0.8144,1.5541,0.22,0.1716,0.2183,0.0012,1,0,90,1,2026-08-18T09:51:42.143142+00:00,2026-08-18T09:52:48.752707+00:00
6,271,Harness,10,MID,49,0,0,0.0,0.0,0.0,0,1,0,0,0,2026-08-18T09:51:42.143142+00:00,2026-08-18T09:52:48.752707+00:00
6,272,Hirst,10,FWD,54,0.8412,1.6662,0.18,0.1804,0.1818,0.0044,1,1,1,0,2026-08-18T09:51:42.143142+00:00,2026-08-18T09:52:48.752707+00:00
6,273,Humphreys,10,MID,45,0,0,0.0,0.0,0.0,0,1,0,0,0,2026-08-18T09:51:42.143142+00:00,2026-08-18T09:52:48.752707+00:00
6,274,Hutchinson,10,MID,54,0.9564,1.5624,0.28,0.1584,0.2731,0.0024,1,6,90,1,2026-08-18T09:51:42.143142+00:00,2026-08-18T09:52:48.752707+00:00
6,275,Johnson,10,DEF,40,0.4964,1.1583,0.1,0.198,0.1088,0.0,1,0,0,0,2026-08-18T09:51:42.143142+00:00,2026-08-18T09:52:48.752707+00:00
6,276,Ladapo,10,FWD,45,0,0,0.0,0.0,0.0,0,1,0,0,0,2026-08-18T09:51:42.143142+00:00,2026-08-18T09:52:48.752707+00:00
6,277,Luongo,10,MID,45,0.46,0.9545,0.1,0.198,0.1088,0.0,1,1,1,0,2026-08-18T09:51:42.143142+00:00,2026-08-18T09:52:48.752707+00:00
6,278,Morsy,10,MID,49,0.9432,1.4235,0.28,0.1584,0.2731,0.0004,1,1,90,1,2026-08-18T09:51:42.143142+00:00,2026-08-18T09:52:48.752707+00:00
6,279,Ndaba,10,DEF,40,0,0,0.0,0.0,0.0,0,1,0,0,0,2026-08-18T09:51:42.143142+00:00,2026-08-18T09:52:48.752707+00:00
6,280,Slicker,10,GKP,40,0.1772,0.7902,0.04,0.0384,0.0403,0.0,1,0,0,0,2026-08-18T09:51:42.143142+00:00,2026-08-18T09:52:48.752707+00:00
6,281,Taylor,10,MID,49,0.6976,1.3129,0.18,0.1804,0.1818,0.0008,1,1,21,0,2026-08-18T09:51:42.143142+00:00,2026-08-18T09:52:48.752707+00:00
6,282,Tuanzebe,10,DEF,40,0.8468,1.6076,0.22,0.1716,0.2183,0.002,1,0,90,1,2026-08-18T09:51:42.143142+00:00,2026-08-18T09:52:48.752707+00:00
6,283,Walton,10,GKP,44,3.1264,2.2279,0.88,0.0048,0.8188,0.0012,1,0,0,0,2026-08-18T09:51:42.143142+00:00,2026-08-18T09:52:48.752707+00:00
6,284,Woolfenden,10,DEF,40,0.8796,1.6426,0.22,0.1716,0.2183,0.0004,1,0,0,0,2026-08-18T09:51:42.143142+00:00,2026-08-18T09:52:48.752707+00:00
6,359,Phillips,10,MID,50,0,0,0.0,0.0,0.0,0,1,2,68,1,2026-08-18T09:51:42.143142+00:00,2026-08-18T09:52:48.752707+00:00
6,568,Muric,10,GKP,44,0,0,0.0,0.0,0.0,0,1,1,90,1,2026-08-18T09:51:42.143142+00:00,2026-08-18T09:52:48.752707+00:00
6,569,Jaden,10,MID,53,0,0,0.0,0.0,0.0,0,1,1,26,0,2026-08-18T09:51:42.143142+00:00,2026-08-18T09:52:48.752707+00:00
6,583,Townsend,10,DEF,40,0.3792,0.9793,0.05,0.209,0.0632,0.0012,1,0,0,0,2026-08-18T09:51:42.143142+00:00,2026-08-18T09:52:48.752707+00:00
6,611,Szmodics,10,MID,60,1.1576,1.8458,0.28,0.2016,0.2765,0.0064,1,1,1,0,2026-08-18T09:51:42.143142+00:00,2026-08-18T09:52:48.752707+00:00
6,619,Cajuste,10,MID,45,0.4444,0.8722,0.1,0.198,0.1088,0.0,1,0,0,0,2026-08-18T09:51:42.143142+00:00,2026-08-18T09:52:48.752707+00:00
6,630,O'Shea,10,DEF,40,0.4908,1.1493,0.1,0.198,0.1088,0.0008,1,1,90,1,2026-08-18T09:51:42.143142+00:00,2026-08-18T09:52:48.752707+00:00
6,631,J.Clarke,10,MID,55,1.5364,1.9026,0.45,0.154,0.4308,0.0048,1,5,90,1,2026-08-18T09:51:42.143142+00:00,2026-08-18T09:52:48.752707+00:00
6,632,Ogbene,10,MID,50,0,0,0.0,0.0,0.0,0,1,2,68,1,2026-08-18T09:51:42.143142+00:00,2026-08-18T09:52:48.752707+00:00
6,715,Godfrey,10,DEF,40,1.0076,2.0015,0.22,0.1716,0.2183,0.0072,1,,,,2026-08-18T09:51:42.143142+00:00,
6,743,McKenna,10,MID,5,0.4904,1.0091,0.1,0.198,0.1088,0.0,1,,,,2026-08-18T09:51:42.143142+00:00,
6,764,Palmer,10,GKP,45,0.1876,0.8414,0.04,0.0384,0.0403,0.0,1,,,,2026-08-18T09:51:42.143142+00:00,
6,799,Boniface,10,DEF,40,0.4976,1.1897,0.1,0.198,0.1088,0.0004,1,,,,2026-08-18T09:51:42.143142+00:00,
6,800,Tom Taylor,10,MID,45,0.4728,0.9554,0.1,0.198,0.1088,0.0,1,,,,2026-08-18T09:51:42.143142+00:00,
6,117,Buonanotte,11,MID,50,0.692,1.2497,0.18,0.1804,0.1818,0.0012,1,4,84,1,2026-08-18T09:51:42.143142+00:00,2026-08-18T09:52:48.752707+00:00
6,192,J.Ayew,11,MID,53,0.886,1.4752,0.28,0.1584,0.2731,0.0024,1,1,5,0,2026-08-18T09:51:42.143142+00:00,2026-08-18T09:52:48.752707+00:00
6,198,Edouard,11,FWD,54,0.6128,1.1642,0.18,0.1804,0.1818,0.0004,1,1,1,0,2026-08-18T09:51:42.143142+00:00,2026-08-18T09:52:48.752707+00:00
6,285,B.Soumaré,11,MID,45,0.4596,0.9448,0.1,0.198,0.1088,0.0,1,0,0,0,2026-08-18T09:51:42.143142+00:00,2026-08-18T09:52:48.752707+00:00
6,286,Cannon,11,FWD,45,0,0,0.0,0.0,0.0,0,1,0,0,0,2026-08-18T09:51:42.143142+00:00,2026-08-18T09:52:48.752707+00:00
6,287,Choudhury,11,MID,44,0,0,0.0,0.0,0.0,0,1,0,0,0,2026-08-18T09:51:42.143142+00:00,2026-08-18T09:52:48.752707+00:00
6,288,Coady,11,DEF,40,0.4692,1.0987,0.1,0.198,0.1088,0.0008,1,0,0,0,2026-08-18T09:51:42.143142+00:00,2026-08-18T09:52:48.752707+00:00
6,289,Daka,11,FWD,49,0.6452,1.1513,0.18,0.1804,0.1818,0.0008,1,0,0,0,2026-08-18T09:51:42.143142+00:00,2026-08-18T09:52:48.752707+00:00
6,290,De Cordova-Reid,11,MID,53,0,0,0.0,0.0,0.0,0,1,1,1,0,2026-08-18T09:51:42.143142+00:00,2026-08-18T09:52:48.752707+00:00
6,291,Faes,11,DEF,41,0.7496,1.4859,0.22,0.1716,0.2183,0.0016,1,0,90,1,2026-08-18T09:51:42.143142+00:00,2026-08-18T09:52:48.752707+00:00
6,292,Golding,11,MID,45,0.48,0.94,0.1,0.198,0.1088,0.0,1,0,0,0,2026-08-18T09:51:42.143142+00:00,2026-08-18T09:52:48.752707+00:00
6,293,Hermansen,11,GKP,45,0,0,0.0,0.0,0.0,0,1,4,90,1,2026-08-18T09:51:42.143142+00:00,2026-08-18T09:52:48.752707+00:00
6,294,Iversen,11,GKP,40,2.568,2.0531,0.88,0.0048,0.8188,0.0008,1,0,0,0,2026-08-18T09:51:42.143142+00:00,2026-08-18T09:52:48.752707+00:00
6,295,Justin,11,DEF,45,0.8096,1.5105,0.22,0.1716,0.2183,0.0016,1,12,90,1,2026-08-18T09:51:42.143142+00:00,2026-08-18T09:52:48.752707+00:00
6,296,Kristiansen,11,DEF,45,0.7456,1.4938,0.22,0.1716,0.2183,0.0016,1,0,90,1,2026-08-18T09:51:42.143142+00:00,2026-08-18T09:52:48.752707+00:00
6,297,Marcal,11,MID,45,0,0,0.0,0.0,0.0,0,1,0,0,0,2026-08-18T09:51:42.143142+00:00,2026-08-18T09:52:48.752707+00:00
6,298,Mavididi,11,MID,53,0,0,0.0,0.0,0.0,0,1,2,90,1,2026-08-18T09:51:42.143142+00:00,2026-08-18T09:52:48.752707+00:00
6,299,McAteer,11,MID,49,0.6668,1.1837,0.18,0.1804,0.1818,0.0004,1,0,0,0,2026-08-18T09:51:42.143142+00:00,2026-08-18T09:52:48.752707+00:00
6,300,Ndidi,11,MID,50,0.9408,1.4234,0.28,0.1584,0.2731,0.0016,1,2,90,1,2026-08-18T09:51:42.143142+00:00,2026-08-18T09:52:48.752707+00:00
6,301,Okoli,11,DEF,40,0.758,1.4373,0.22,0.1716,0.2183,0.0012,1,1,90,1,2026-08-18T09:51:42.143142+00:00,2026-08-18T09:52:48.752707+00:00
6,302,Ricardo,11,DEF,43,0.496,1.169,0.1,0.198,0.1088,0.0,1,0,0,0,2026-08-18T09:51:42.143142+00:00,2026-08-18T09:52:48.752707+00:00
6,303,Souttar,11,DEF,40,0,0,0.0,0.0,0.0,0,1,0,0,0,2026-08-18T09:51:42.143142+00:00,2026-08-18T09:52:48.752707+00:00
6,304,Stolarczyk,11,GKP,40,0.16,0.7213,0.04,0.0384,0.0403,0.0,1,0,0,0,2026-08-18T09:51:42.143142+00:00,2026-08-18T09:52:48.752707+00:00
6,305,Thomas,11,DEF,40,0.7004,1.4381,0.22,0.1716,0.2183,0.0016,1,0,0,0,2026-08-18T09:51:42.143142+00:00,2026-08-18T09:52:48.752707+00:00
6,306,Vardy,11,FWD,57,1.204,1.9214,0.28,0.2016,0.2765,0.0096,1,1,90,1,2026-08-18T09:51:42.143142+00:00,2026-08-18T09:52:48.752707+00:00
6,307,Vestergaard,11,DEF,40,0.4456,1.0697,0.1,0.198,0.1088,0.0004,1,0,0,0,2026-08-18T09:51:42.143142+00:00,2026-08-18T09:52:48.752707+00:00
6,308,Ward,11,GKP,40,0.1812,0.8118,0.04,0.0384,0.0403,0.0,1,0,0,0,2026-08-18T09:51:42.143142+00:00,2026-08-18T09:52:48.752707+00:00
6,309,Winks,11,MID,45,0.8248,1.2366,0.28,0.1584,0.2731,0.0,1,2,90,1,2026-08-18T09:51:42.143142+00:00,2026-08-18T09:52:48.752707+00:00
6,501,Skipp,11,MID,49,0.6444,1.1416,0.18,0.1804,0.1818,0.0004,1,1,90,1,2026-08-18T09:51:42.143142+00:00,2026-08-18T09:52:48.752707+00:00
6,570,A.Fatawu,11,MID,55,0,0,0.0,0.0,0.0,0,1,1,1,0,2026-08-18T09:51:42.143142+00:00,2026-08-18T09:52:48.752707+00:00
6,606,Alves,11,MID,45,0,0,0.0,0.0,0.0,0,1,0,0,0,2026-08-18T09:51:42.143142+00:00,2026-08-18T09:52:48.752707+00:00
6,616,Nelson,11,DEF,40,0,0,0.0,0.0,0.0,0,1,0,0,0,2026-08-18T09:51:42.143142+00:00,2026-08-18T09:52:48.752707+00:00
6,635,El Khannouss,11,MID,50,0.638,1.1864,0.18,0.1804,0.1818,0.0008,1,1,1,0,2026-08-18T09:51:42.143142+00:00,2026-08-18T09:52:48.752707+00:00
6,694,Cartwright,11,MID,45,0.4964,0.9372,0.1,0.198,0.1088,0.0004,1,,,,2026-08-18T09:51:42.143142+00:00,
6,708,Wilson-Brown,11,DEF,40,0,0,0.0,0.0,0.0,0,1,,,,2026-08-18T09:51:42.143142+00:00,
6,726,Coulibaly,11,DEF,40,0.5124,1.1706,0.1,0.198,0.1088,0.0,1,,,,2026-08-18T09:51:42.143142+00:00,
6,754,Van Nistelrooy,11,MID,5,0.458,0.932,0.1,0.198,0.1088,0.0,1,,,,2026-08-18T09:51:42.143142+00:00,
6,792,Monga,11,MID,45,0.43,0.8573,0.1,0.198,0.1088,0.0,1,,,,2026-08-18T09:51:42.143142+00:00,
6,796,Olabade Aluko,11,DEF,40,0.4744,1.1322,0.1,0.198,0.1088,0.0004,1,,,,2026-08-18T09:51:42.143142+00:00,
6,797,Jake Evans,11,MID,45,0.4676,0.9498,0.1,0.198,0.1088,0.0,1,,,,2026-08-18T09:51:42.143142+00:00,
6,802,Braybrooke,11,MID,45,0.468,0.9388,0.1,0.198,0.1088,0.0004,1,,,,2026-08-18T09:51:42.143142+00:00,
6,310,A.Becker,12,GKP,55,2.6096,2.0238,0.88,0.0096,0.8192,0.0004,1,2,90,1,2026-08-18T09:51:42.143142+00:00,2026-08-18T09:52:48.752707+00:00
6,311,Alexander-Arnold,12,DEF,71,1.1168,1.8823,0.28,0.2016,0.2765,0.004,1,1,90,1,2026-08-18T09:51:42.143142+00:00,2026-08-18T09:52:48.752707+00:00
6,312,Bajcetic,12,MID,45,0,0,0.0,0.0,0.0,0,1,0,0,0,2026-08-18T09:51:42.143142+00:00,2026-08-18T09:52:48.752707+00:00
6,313,Bradley,12,DEF,48,0.6952,1.4702,0.18,0.1804,0.1818,0.0016,1,0,0,0,2026-08-18T09:51:42.143142+00:00,2026-08-18T09:52:48.752707+00:00
6,315,Clark,12,MID,45,0,0,0.0,0.0,0.0,0,1,0,0,0,2026-08-18T09:51:42.143142+00:00,2026-08-18T09:52:48.752707+00:00
6,316,Darwin,12,FWD,72,2.136,2.0478,0.72,0.0784,0.6759,0.0112,1,0,0,0,2026-08-18T09:51:42.143142+00:00,2026-08-18T09:52:48.752707+00:00
6,317,Diogo J.,12,MID,75,1.2468,2.1135,0.28,0.2016,0.2765,0.0116,1,8,90,1,2026-08-18T09:51:42.143142+00:00,2026-08-18T09:52:48.752707+00:00
6,318,Doak,12,MID,45,0,0,0.0,0.0,0.0,0,1,0,0,0,2026-08-18T09:51:42.143142+00:00,2026-08-18T09:52:48.752707+00:00
6,319,Elliott,12,MID,52,0.6956,1.3006,0.18,0.1804,0.1818,0.0012,1,0,0,0,2026-08-18T09:51:42.143142+00:00,2026-08-18T09:52:48.752707+00:00
6,320,Endo,12,MID,48,0.6508,1.154,0.18,0.1804,0.1818,0.0,1,0,0,0,2026-08-18T09:51:42.143142+00:00,2026-08-18T09:52:48.752707+00:00
6,321,Gakpo,12,FWD,72,2.236,2.0828,0.72,0.0784,0.6759,0.0128,1,1,17,0,2026-08-18T09:51:42.143142+00:00,2026-08-18T09:52:48.752707+00:00
6,322,Gomez,12,DEF,48,1.916,2.2416,0.68,0.0576,0.637,0.0088,1,1,1,0,2026-08-18T09:51:42.143142+00:00,2026-08-18T09:52:48.752707+00:00
6,323,Gravenberch,12,MID,50,0,0,0.0,0.0,0.0,0,1,3,90,1,2026-08-18T09:51:42.143142+00:00,2026-08-18T09:52:48.752707+00:00
6,324,Jones,12,MID,53,0.7172,1.3153,0.18,0.1804,0.1818,0.0012,1,1,17,0,2026-08-18T09:51:42.143142+00:00,2026-08-18T09:52:48.752707+00:00
6,325,Kelleher,12,GKP,44,0.2352,1.0239,0.04,0.0384,0.0403,0.0004,1,0,0,0,2026-08-18T09:51:42.143142+00:00,2026-08-18T09:52:48.752707+00:00
6,326,Konaté,12,DEF,51,0.8752,1.5829,0.28,0.1584,0.2731,0.0024,1,7,90,1,2026-08-18T09:51:42.143142+00:00,2026-08-18T09:52:48.752707+00:00
6,327,Luis Díaz,12,MID,80,1.304,2.2626,0.28,0.2016,0.2765,0.016,1,2,72,1,2026-08-18T09:51:42.143142+00:00,2026-08-18T09:52:48.752707+00:00
6,328,M.Salah,12,MID,128,1.6604,2.8302,0.28,0.2016,0.2765,0.0272,1,10,90,1,2026-08-18T09:51:42.143142+00:00,2026-08-18T09:52:48.752707+00:00
6,329,Mac Allister,12,MID,63,0,0,0.0,0.0,0.0,0,1,2,90,1,2026-08-18T09:51:42.143142+00:00,2026-08-18T09:52:48.752707+00:00
6,330,McConnell,12,MID,45,0.464,0.9158,0.1,0.198,0.1088,0.0,1,0,0,0,2026-08-18T09:51:42.143142+00:00,2026-08-18T09:52:48.752707+00:00
6,331,Morton,12,MID,45,0.4532,0.9223,0.1,0.198,0.1088,0.0004,1,0,0,0,2026-08-18T09:51:42.143142+00:00,2026-08-18T09:52:48.752707+00:00
6,332,N.Phillips,12,DEF,40,0,0,0.0,0.0,0.0,0,1,0,0,0,2026-08-18T09:51:42.143142+00:00,2026-08-18T09:52:48.752707+00:00
6,333,Quansah,12,DEF,41,0.4612,1.073,0.1,0.198,0.1088,0.0004,1,0,0,0,2026-08-18T09:51:42.143142+00:00,2026-08-18T09:52:48.752707+00:00
6,334,R.Williams,12,DEF,40,0,0,0.0,0.0,0.0,0,1,0,0,0,2026-08-18T09:51:42.143142+00:00,2026-08-18T09:52:48.752707+00:00
6,335,Robertson,12,DEF,60,1.0184,1.7328,0.28,0.2016,0.2765,0.0016,1,2,88,1,2026-08-18T09:51:42.143142+00:00,2026-08-18T09:52:48.752707+00:00
6,336,Szoboszlai,12,MID,65,1.0416,1.6669,0.28,0.2016,0.2765,0.0036,1,2,72,1,2026-08-18T09:51:42.143142+00:00,2026-08-18T09:52:48.752707+00:00
6,337,Tsimikas,12,DEF,47,0.6684,1.3799,0.18,0.1804,0.1818,0.0004,1,0,0,0,2026-08-18T09:51:42.143142+00:00,2026-08-18T09:52:48.752707+00:00
6,339,Virgil,12,DEF,60,1.0112,1.71,0.28,0.2016,0.2765,0.0028,1,2,90,1,2026-08-18T09:51:42.143142+00:00,2026-08-18T09:52:48.752707+00:00
6,636,Chiesa,12,MID,70,2.3772,2.2379,0.72,0.0784,0.6759,0.0136,1,0,0,0,2026-08-18T09:51:42.143142+00:00,2026-08-18T09:52:48.752707+00:00
6,660,Jaros,12,GKP,40,0.1672,0.7906,0.04,0.0384,0.0403,0.0004,1,0,0,0,2026-08-18T09:51:42.143142+00:00,2026-08-18T09:52:48.752707+00:00
6,669,Davies,12,GKP,40,0.1328,0.6172,0.04,0.0384,0.0403,0.0,1,,,,2026-08-18T09:51:42.143142+00:00,
6,688,Nyoni,12,MID,45,0.4592,0.9608,0.1,0.198,0.1088,0.0,1,,,,2026-08-18T09:51:42.143142+00:00,
6,692,Nallo,12,DEF,40,0.49,1.1617,0.1,0.198,0.1088,0.0,1,,,,2026-08-18T09:51:42.143142+00:00,
6,709,Danns,12,FWD,45,0,0,0.0,0.0,0.0,0,1,,,,2026-08-18T09:51:42.143142+00:00,
6,744,Slot,12,MID,15,0.4708,0.9732,0.1,0.198,0.1088,0.0,1,,,,2026-08-18T09:51:42.143142+00:00,
6,340,Akanji,13,DEF,55,0.9208,1.5918,0.28,0.2016,0.2765,0.0016,1,2,90,1,2026-08-18T09:51:42.143142+00:00,2026-08-18T09:52:48.752707+00:00
6,341,Aké,13,DEF,53,0.6572,1.4096,0.18,0.1804,0.1818,0.0016,1,0,0,0,2026-08-18T09:51:42.143142+00:00,2026-08-18T09:52:48.752707+00:00
6,342,Bernardo,13,MID,65,1.084,1.666,0.28,0.2016,0.2765,0.0028,1,2,90,1,2026-08-18T09:51:42.143142+00:00,2026-08-18T09:52:48.752707+00:00
6,343,Bobb,13,MID,48,0.7016,1.3566,0.18,0.1804,0.1818,0.0012,1,0,0,0,2026-08-18T09:51:42.143142+00:00,2026-08-18T09:52:48.752707+00:00
6,344,Carson,13,GKP,40,0.1668,0.7467,0.04,0.0384,0.0403,0.0,1,0,0,0,2026-08-18T09:51:42.143142+00:00,2026-08-18T09:52:48.752707+00:00
6,345,De Bruyne,13,MID,95,1.4308,2.3818,0.28,0.2016,0.2765,0.014,1,0,0,0,2026-08-18T09:51:42.143142+00:00,2026-08-18T09:52:48.752707+00:00
6,346,Doku,13,MID,64,1.082,1.6811,0.28,0.2016,0.2765,0.0036,1,1,9,0,2026-08-18T09:51:42.143142+00:00,2026-08-18T09:52:48.752707+00:00
6,347,Ederson M.,13,GKP,55,0.2832,0.9373,0.08,0.0736,0.0803,0.0,1,2,90,1,2026-08-18T09:51:42.143142+00:00,2026-08-18T09:52:48.752707+00:00
6,348,Foden,13,MID,93,2.8628,2.7711,0.72,0.0784,0.6759,0.0348,1,1,24,0,2026-08-18T09:51:42.143142+00:00,2026-08-18T09:52:48.752707+00:00
6,349,Grealish,13,MID,64,1.5224,1.951,0.45,0.154,0.4308,0.0048,1,7,80,1,2026-08-18T09:51:42.143142+00:00,2026-08-18T09:52:48.752707+00:00
6,350,Gvardiol,13,DEF,59,0.964,1.7364,0.28,0.2016,0.2765,0.0036,1,9,90,1,2026-08-18T09:51:42.143142+00:00,2026-08-18T09:52:48.752707+00:00
6,351,Haaland,13,FWD,153,1.9352,3.2002,0.28,0.2016,0.2765,0.054,1,2,90,1,2026-08-18T09:51:42.143142+00:00,2026-08-18T09:52:48.752707+00:00
6,352,J.Alvarez,13,FWD,70,0,0,0.0,0.0,0.0,0,1,0,0,0,2026-08-18T09:51:42.143142+00:00,2026-08-18T09:52:48.752707+00:00
6,353,João Cancelo,13,DEF,53,0,0,0.0,0.0,0.0,0,1,0,0,0,2026-08-18T09:51:42.143142+00:00,2026-08-18T09:52:48.752707+00:00
6,354,Kovačić,13,MID,55,1.0748,1.5699,0.28,0.2016,0.2765,0.002,1,1,90,1,2026-08-18T09:51:42.143142+00:00,2026-08-18T09:52:48.752707+00:00
6,355,Lewis,13,DEF,47,0.916,1.7101,0.28,0.1584,0.2731,0.004,1,2,80,1,2026-08-18T09:51:42.143142+00:00,2026-08-18T09:52:48.752707+00:00
6,356,Matheus N.,13,MID,49,0.6832,1.2097,0.18,0.1804,0.1818,0.0008,1,0,0,0,2026-08-18T09:51:42.143142+00:00,2026-08-18T09:52:48.752707+00:00
6,357,McAtee,13,MID,48,0.678,1.2115,0.18,0.1804,0.1818,0.0004,1,0,0,0,2026-08-18T09:51:42.143142+00:00,2026-08-18T09:52:48.752707+00:00
6,358,Ortega Moreno,13,GKP,53,2.9392,2.1057,0.88,0.0096,0.8192,0.0012,1,0,0,0,2026-08-18T09:51:42.143142+00:00,2026-08-18T09:52:48.752707+00:00
6,360,Rodrigo,13,MID,64,1.57,1.9294,0.45,0.154,0.4308,0.006,1,0,0,0,2026-08-18T09:51:42.143142+00:00,2026-08-18T09:52:48.752707+00:00
6,361,Rúben,13,DEF,55,0.9948,1.7302,0.28,0.2016,0.2765,0.0016,1,1,90,1,2026-08-18T09:51:42.143142+00:00,2026-08-18T09:52:48.752707+00:00
6,362,Stones,13,DEF,54,0,0,0.0,0.0,0.0,0,1,0,0,0,2026-08-18T09:51:42.143142+00:00,2026-08-18T09:52:48.752707+00:00
6,363,Walker,13,DEF,53,0,0,0.0,0.0,0.0,0,1,2,90,1,2026-08-18T09:51:42.143142+00:00,2026-08-18T09:52:48.752707+00:00
6,571,Savinho,13,MID,65,1.0744,1.6925,0.28,0.2016,0.2765,0.004,1,1,9,0,2026-08-18T09:51:42.143142+00:00,2026-08-18T09:52:48.752707+00:00
6,607,O’Reilly,13,MID,50,0.7048,1.2072,0.18,0.1804,0.1818,0.0012,1,0,0,0,2026-08-18T09:51:42.143142+00:00,2026-08-18T09:52:48.752707+00:00
6,625,Gündogan,13,MID,65,1.5156,1.9045,0.45,0.154,0.4308,0.004,1,2,65,1,2026-08-18T09:51:42.143142+00:00,2026-08-18T09:52:48.752707+00:00
6,626,Kaboré,13,DEF,45,0,0,0.0,0.0,0.0,0,1,0,0,0,2026-08-18T09:51:42.143142+00:00,2026-08-18T09:52:48.752707+00:00
6,671,Wright,13,MID,45,0,0,0.0,0.0,0.0,0,1,,,,2026-08-18T09:51:42.143142+00:00,
6,672,Simpson-Pusey,13,DEF,40,0.4664,1.112,0.1,0.198,0.1088,0.0004,1,,,,2026-08-18T09:51:42.143142+00:00,
6,675,Wilson-Esbrand,13,DEF,40,0,0,0.0,0.0,0.0,0,1,,,,2026-08-18T09:51:42.143142+00:00,
6,698,Mubama,13,FWD,45,0.4552,0.8525,0.1,0.198,0.1088,0.0,1,,,,2026-08-18T09:51:42.143142+00:00,
6,703,Alleyne,13,DEF,40,0.4848,1.1408,0.1,0.198,0.1088,0.0,1,,,,2026-08-18T09:51:42.143142+00:00,
6,704,Brits,13,GKP,40,0.124,0.5966,0.04,0.0384,0.0403,0.0,1,,,,2026-08-18T09:51:42.143142+00:00,
6,732,Khusanov,13,DEF,50,0.7732,1.6036,0.18,0.1804,0.1818,0.0028,1,,,,2026-08-18T09:51:42.143142+00:00,
6,733,Vitor Reis,13,DEF,45,0.4976,1.1883,0.1,0.198,0.1088,0.0004,1,,,,2026-08-18T09:51:42.143142+00:00,
6,736,Guardiola,13,MID,15,0.4652,0.8824,0.1,0.198,0.1088,0.0,1,,,,2026-08-18T09:51:42.143142+00:00,
6,755,Marmoush,13,FWD,74,2.2672,2.12,0.72,0.0784,0.6759,0.0128,1,,,,2026-08-18T09:51:42.143142+00:00,
6,765,N.Gonzalez,13,MID,60,1.5168,1.8827,0.45,0.154,0.4308,0.0044,1,,,,2026-08-18T09:51:42.143142+00:00,
6,785,Echeverri,13,MID,58,1.538,1.8446,0.45,0.154,0.4308,0.0036,1,,,,2026-08-18T09:51:42.143142+00:00,
6,364,Amad,14,MID,50,1.0364,1.6604,0.28,0.1584,0.2731,0.0028,1,1,5,0,2026-08-18T09:51:42.143142+00:00,2026-08-18T09:52:48.752707+00:00
6,365,Antony,14,MID,58,0,0,0.0,0.0,0.0,0,1,0,0,0,2026-08-18T09:51:42.143142+00:00,2026-08-18T09:52:48.752707+00:00
6,366,B.Fernandes,14,MID,83,1.742,2.9596,0.28,0.2016,0.2765,0.0364,1,-2,41,0,2026-08-18T09:51:42.143142+00:00,2026-08-18T09:52:48.752707+00:00
6,367,Bayindir,14,GKP,44,0.1756,0.7612,0.04,0.0384,0.0403,0.0,1,0,0,0,2026-08-18T09:51:42.143142+00:00,2026-08-18T09:52:48.752707+00:00
6,368,Casemiro,14,MID,49,0.9612,1.5612,0.28,0.1584,0.2731,0.0036,1,1,45,1,2026-08-18T09:51:42.143142+00:00,2026-08-18T09:52:48.752707+00:00
6,369,Dalot,14,DEF,50,1.3676,2.3019,0.28,0.1584,0.2731,0.0076,1,0,90,1,2026-08-18T09:51:42.143142+00:00,2026-08-18T09:52:48.752707+00:00
6,370,Eriksen,14,MID,54,0.7316,1.324,0.18,0.1804,0.1818,0.0016,1,1,18,0,2026-08-18T09:51:42.143142+00:00,2026-08-18T09:52:48.752707+00:00
6,371,Evans,14,DEF,44,0.5364,1.3232,0.1,0.198,0.1088,0.0016,1,0,0,0,2026-08-18T09:51:42.143142+00:00,2026-08-18T09:52:48.752707+00:00
6,372,Garnacho,14,MID,63,1.9236,2.5027,0.45,0.154,0.4308,0.0156,1,2,90,1,2026-08-18T09:51:42.143142+00:00,2026-08-18T09:52:48.752707+00:00
6,373,Hannibal,14,MID,45,0,0,0.0,0.0,0.0,0,1,0,0,0,2026-08-18T09:51:42.143142+00:00,2026-08-18T09:52:48.752707+00:00
6,374,Heaton,14,GKP,40,0.1888,0.8587,0.04,0.0384,0.0403,0.0,1,0,0,0,2026-08-18T09:51:42.143142+00:00,2026-08-18T09:52:48.752707+00:00
6,375,Højlund,14,FWD,69,1.5792,2.0493,0.45,0.154,0.4308,0.0092,1,1,17,0,2026-08-18T09:51:42.143142+00:00,2026-08-18T09:52:48.752707+00:00
6,376,Lindelof,14,DEF,43,0.9928,1.9019,0.22,0.1716,0.2183,0.004,1,0,0,0,2026-08-18T09:51:42.143142+00:00,2026-08-18T09:52:48.752707+00:00
6,377,Maguire,14,DEF,49,0.744,1.558,0.18,0.1804,0.1818,0.0012,1,0,0,0,2026-08-18T09:51:42.143142+00:00,2026-08-18T09:52:48.752707+00:00
6,378,Mainoo,14,MID,53,0.922,1.4322,0.28,0.1584,0.2731,0.0004,1,1,44,0,2026-08-18T09:51:42.143142+00:00,2026-08-18T09:52:48.752707+00:00
6,379,Malacia,14,DEF,44,0,0,0.0,0.0,0.0,0,1,0,0,0,2026-08-18T09:51:42.143142+00:00,2026-08-18T09:52:48.752707+00:00
6,380,Martinez,14,DEF,45,0,0,0.0,0.0,0.0,0,1,0,90,1,2026-08-18T09:51:42.143142+00:00,2026-08-18T09:52:48.752707+00:00
6,381,McTominay,14,MID,49,0,0,0.0,0.0,0.0,0,1,0,0,0,2026-08-18T09:51:42.143142+00:00,2026-08-18T09:52:48.752707+00:00
6,382,Mount,14,MID,63,1.6656,2.2097,0.45,0.154,0.4308,0.0084,1,0,39,0,2026-08-18T09:51:42.143142+00:00,2026-08-18T09:52:48.752707+00:00
6,383,Onana,14,GKP,50,3.4752,2.3675,0.88,0.0096,0.8192,0.004,1,3,90,1,2026-08-18T09:51:42.143142+00:00,2026-08-18T09:52:48.752707+00:00
6,384,Pellistri,14,MID,50,0,0,0.0,0.0,0.0,0,1,0,0,0,2026-08-18T09:51:42.143142+00:00,2026-08-18T09:52:48.752707+00:00
6,387,Shaw,14,DEF,49,1.4248,2.0672,0.48,0.1144,0.4556,0.0036,1,0,0,0,2026-08-18T09:51:42.143142+00:00,2026-08-18T09:52:48.752707+00:00
6,389,Zirkzee,14,FWD,69,1.2712,2.0318,0.28,0.2016,0.2765,0.0096,1,1,45,1,2026-08-18T09:51:42.143142+00:00,2026-08-18T09:52:48.752707+00:00
6,572,Yoro,14,DEF,44,0.5336,1.2512,0.1,0.198,0.1088,0.0004,1,0,0,0,2026-08-18T09:51:42.143142+00:00,2026-08-18T09:52:48.752707+00:00
6,593,De Ligt,14,DEF,50,0.6776,1.5376,0.14,0.1892,0.1453,0.0028,1,1,90,1,2026-08-18T09:51:42.143142+00:00,2026-08-18T09:52:48.752707+00:00
6,594,Mazraoui,14,DEF,46,1.0884,1.8578,0.28,0.1584,0.2731,0.0032,1,0,90,1,2026-08-18T09:51:42.143142+00:00,2026-08-18T09:52:48.752707+00:00
6,613,Collyer,14,MID,45,0.4768,0.9881,0.1,0.198,0.1088,0.0004,1,0,0,0,2026-08-18T09:51:42.143142+00:00,2026-08-18T09:52:48.752707+00:00
6,648,Wheatley,14,FWD,45,0,0,0.0,0.0,0.0,0,1,0,0,0,2026-08-18T09:51:42.143142+00:00,2026-08-18T09:52:48.752707+00:00
6,652,Ugarte,14,MID,50,0.7408,1.3538,0.18,0.1804,0.1818,0.0012,1,1,71,1,2026-08-18T09:51:42.143142+00:00,2026-08-18T09:52:48.752707+00:00
6,658,Heaven,14,DEF,40,0.5248,1.2379,0.1,0.198,0.1088,0.0012,1,0,0,0,2026-08-18T09:51:42.143142+00:00,2026-08-18T09:52:48.752707+00:00
6,667,Fletcher,14,MID,45,0.4528,0.9334,0.1,0.198,0.1088,0.0,1,,,,2026-08-18T09:51:42.143142+00:00,
6,670,Amass,14,DEF,40,0.5024,1.1984,0.1,0.198,0.1088,0.0016,1,,,,2026-08-18T09:51:42.143142+00:00,
6,673,Fitzgerald,14,MID,45,0.4848,1.0248,0.1,0.198,0.1088,0.0,1,,,,2026-08-18T09:51:42.143142+00:00,
6,691,Kukonki,14,DEF,40,0.4896,1.1927,0.1,0.198,0.1088,0.0012,1,,,,2026-08-18T09:51:42.143142+00:00,
6,745,Amorim,14,MID,8,0.4832,1.0062,0.1,0.198,0.1088,0.0008,1,,,,2026-08-18T09:51:42.143142+00:00,
6,761,Harrison,14,GKP,40,0.1928,0.8957,0.04,0.0384,0.0403,0.0004,1,,,,2026-08-18T09:51:42.143142+00:00,
6,766,Dorgu,14,DEF,45,0.5364,1.2607,0.1,0.198,0.1088,0.0012,1,,,,2026-08-18T09:51:42.143142+00:00,
6,776,Obi,14,FWD,45,0.4496,0.9208,0.1,0.198,0.1088,0.0,1,,,,2026-08-18T09:51:42.143142+00:00,
6,777,Fredricson,14,DEF,40,0.5156,1.2277,0.1,0.198,0.1088,0.0012,1,,,,2026-08-18T09:51:42.143142+00:00,
6,778,Moorhouse,14,MID,45,0.4716,0.9654,0.1,0.198,0.1088,0.0,1,,,,2026-08-18T09:51:42.143142+00:00,
6,779,Koné,14,MID,45,0.4748,1.0037,0.1,0.198,0.1088,0.0004,1,,,,2026-08-18T09:51:42.143142+00:00,
6,783,Graczyk,14,GKP,40,0.1608,0.7579,0.04,0.0384,0.0403,0.0,1,,,,2026-08-18T09:51:42.143142+00:00,
6,788,Dermot Mee,14,GKP,40,0.1948,0.8692,0.04,0.0384,0.0403,0.0004,1,,,,2026-08-18T09:51:42.143142+00:00,
6,390,A.Murphy,15,DEF,40,0,0,0.0,0.0,0.0,0,1,0,0,0,2026-08-18T09:51:42.143142+00:00,2026-08-18T09:52:48.752707+00:00
6,391,Almirón,15,MID,57,0,0,0.0,0.0,0.0,0,1,0,0,0,2026-08-18T09:51:42.143142+00:00,2026-08-18T09:52:48.752707+00:00
6,392,Barnes,15,MID,65,1.7668,2.3458,0.45,0.154,0.4308,0.0144,1,2,76,1,2026-08-18T09:51:42.143142+00:00,2026-08-18T09:52:48.752707+00:00
6,393,Botman,15,DEF,44,0.9756,1.8561,0.22,0.1716,0.2183,0.0044,1,0,0,0,2026-08-18T09:51:42.143142+00:00,2026-08-18T09:52:48.752707+00:00
6,394,Bruno G.,15,MID,63,1.0768,1.6613,0.28,0.2016,0.2765,0.0032,1,1,90,1,2026-08-18T09:51:42.143142+00:00,2026-08-18T09:52:48.752707+00:00
6,395,Burn,15,DEF,45,0.7804,1.5886,0.22,0.1716,0.2183,0.0016,1,2,90,1,2026-08-18T09:51:42.143142+00:00,2026-08-18T09:52:48.752707+00:00
6,396,Dúbravka,15,GKP,43,3.5136,2.3784,0.88,0.0048,0.8188,0.0008,1,0,0,0,2026-08-18T09:51:42.143142+00:00,2026-08-18T09:52:48.752707+00:00
6,398,Gordon,15,MID,73,1.3336,2.2156,0.28,0.2016,0.2765,0.0116,1,9,90,1,2026-08-18T09:51:42.143142+00:00,2026-08-18T09:52:48.752707+00:00
6,399,Hall,15,DEF,43,0,0,0.0,0.0,0.0,0,1,2,90,1,2026-08-18T09:51:42.143142+00:00,2026-08-18T09:52:48.752707+00:00
6,400,Hayden,15,MID,45,0,0,0.0,0.0,0.0,0,1,0,0,0,2026-08-18T09:51:42.143142+00:00,2026-08-18T09:52:48.752707+00:00
6,401,Isak,15,FWD,83,1.2112,1.9445,0.28,0.2016,0.2765,0.0076,1,0,0,0,2026-08-18T09:51:42.143142+00:00,2026-08-18T09:52:48.752707+00:00
6,402,J.Murphy,15,MID,52,1.0588,1.678,0.28,0.1584,0.2731,0.0032,1,2,90,1,2026-08-18T09:51:42.143142+00:00,2026-08-18T09:52:48.752707+00:00
6,403,Joelinton,15,MID,60,0,0,0.0,0.0,0.0,0,1,1,90,1,2026-08-18T09:51:42.143142+00:00,2026-08-18T09:52:48.752707+00:00
6,404,Kelly,15,DEF,45,0,0,0.0,0.0,0.0,0,1,0,0,0,2026-08-18T09:51:42.143142+00:00,2026-08-18T09:52:48.752707+00:00
6,405,Krafth,15,DEF,45,0.4864,1.1282,0.1,0.198,0.1088,0.0,1,0,0,0,2026-08-18T09:51:42.143142+00:00,2026-08-18T09:52:48.752707+00:00
6,406,Kuol,15,MID,45,0.4832,0.9611,0.1,0.198,0.1088,0.0,1,0,0,0,2026-08-18T09:51:42.143142+00:00,2026-08-18T09:52:48.752707+00:00
6,407,Lascelles,15,DEF,45,0.8824,1.7685,0.22,0.1716,0.2183,0.0036,1,0,0,0,2026-08-18T09:51:42.143142+00:00,2026-08-18T09:52:48.752707+00:00
6,408,Lewis,15,DEF,40,0,0,0.0,0.0,0.0,0,1,0,0,0,2026-08-18T09:51:42.143142+00:00,2026-08-18T09:52:48.752707+00:00
6,409,Livramento,15,DEF,45,0.8164,1.5686,0.22,0.1716,0.2183,0.0,1,1,12,0,2026-08-18T09:51:42.143142+00:00,2026-08-18T09:52:48.752707+00:00
6,410,Longstaff,15,MID,48,0.8872,1.3354,0.28,0.1584,0.2731,0.0004,1,1,12,0,2026-08-18T09:51:42.143142+00:00,2026-08-18T09:52:48.752707+00:00
6,411,Miley,15,MID,50,1.5808,1.8493,0.48,0.1144,0.4556,0.0024,1,0,0,0,2026-08-18T09:51:42.143142+00:00,2026-08-18T09:52:48.752707+00:00
6,412,Odysseas,15,GKP,44,0.1536,0.7013,0.04,0.0384,0.0403,0.0,1,0,0,0,2026-08-18T09:51:42.143142+00:00,2026-08-18T09:52:48.752707+00:00
6,413,Pope,15,GKP,50,0.4212,1.3555,0.08,0.0736,0.0803,0.0004,1,3,90,1,2026-08-18T09:51:42.143142+00:00,2026-08-18T09:52:48.752707+00:00
6,414,Ruddy,15,GKP,40,0.15,0.7677,0.04,0.0384,0.0403,0.0,1,0,0,0,2026-08-18T09:51:42.143142+00:00,2026-08-18T09:52:48.752707+00:00
6,415,Schär,15,DEF,54,1.0984,1.9762,0.28,0.1584,0.2731,0.0044,1,1,90,1,2026-08-18T09:51:42.143142+00:00,2026-08-18T09:52:48.752707+00:00
6,416,Targett,15,DEF,40,0.38,1.0269,0.05,0.209,0.0632,0.0008,1,0,0,0,2026-08-18T09:51:42.143142+00:00,2026-08-18T09:52:48.752707+00:00
6,417,Tonali,15,MID,55,1.5188,1.9598,0.45,0.154,0.4308,0.006,1,1,77,1,2026-08-18T09:51:42.143142+00:00,2026-08-18T09:52:48.752707+00:00
6,418,Trippier,15,DEF,57,1.7272,2.3291,0.45,0.154,0.4308,0.008,1,2,77,1,2026-08-18T09:51:42.143142+00:00,2026-08-18T09:52:48.752707+00:00
6,419,White,15,MID,45,0,0,0.0,0.0,0.0,0,1,0,0,0,2026-08-18T09:51:42.143142+00:00,2026-08-18T09:52:48.752707+00:00
6,420,Willock,15,MID,48,0.7512,1.3713,0.18,0.1804,0.1818,0.0016,1,1,13,0,2026-08-18T09:51:42.143142+00:00,2026-08-18T09:52:48.752707+00:00
6,421,Wilson,15,FWD,69,2.5084,3.0913,0.48,0.1456,0.458,0.0468,1,0,0,0,2026-08-18T09:51:42.143142+00:00,2026-08-18T09:52:48.752707+00:00
6,574,Pivas,15,DEF,40,0,0,0.0,0.0,0.0,0,1,0,0,0,2026-08-18T09:51:42.143142+00:00,2026-08-18T09:52:48.752707+00:00
6,590,Osula,15,FWD,50,0.6808,1.2761,0.18,0.1804,0.1818,0.0012,1,0,0,0,2026-08-18T09:51:42.143142+00:00,2026-08-18T09:52:48.752707+00:00
6,746,Howe,15,MID,15,0.4888,0.9858,0.1,0.198,0.1088,0.0,1,,,,2026-08-18T09:51:42.143142+00:00,
6,789,Neave,15,FWD,45,0.446,0.9296,0.1,0.198,0.1088,0.0012,1,,,,2026-08-18T09:51:42.143142+00:00,
6,26,Alex Moreno,16,DEF,44,0.5072,1.1829,0.1,0.198,0.1088,0.0004,1,2,83,1,2026-08-18T09:51:42.143142+00:00,2026-08-18T09:52:48.752707+00:00
6,422,Aina,16,DEF,45,0.8356,1.596,0.22,0.1716,0.2183,0.0012,1,2,90,1,2026-08-18T09:51:42.143142+00:00,2026-08-18T09:52:48.752707+00:00
6,423,Anderson,16,MID,50,0.9548,1.5161,0.28,0.1584,0.2731,0.002,1,1,56,1,2026-08-18T09:51:42.143142+00:00,2026-08-18T09:52:48.752707+00:00
6,424,Awoniyi,16,FWD,57,0,0,0.0,0.0,0.0,0,1,1,45,1,2026-08-18T09:51:42.143142+00:00,2026-08-18T09:52:48.752707+00:00
6,425,Boly,16,DEF,44,0.5184,1.2797,0.1,0.198,0.1088,0.0016,1,0,0,0,2026-08-18T09:51:42.143142+00:00,2026-08-18T09:52:48.752707+00:00
6,426,Bowler,16,MID,45,0,0,0.0,0.0,0.0,0,1,0,0,0,2026-08-18T09:51:42.143142+00:00,2026-08-18T09:52:48.752707+00:00
6,427,C.Miguel,16,GKP,43,0.2072,0.8979,0.04,0.0384,0.0403,0.0,1,0,0,0,2026-08-18T09:51:42.143142+00:00,2026-08-18T09:52:48.752707+00:00
6,428,Da Silva Moreira,16,MID,45,0.48,1.0058,0.1,0.198,0.1088,0.0,1,0,0,0,2026-08-18T09:51:42.143142+00:00,2026-08-18T09:52:48.752707+00:00
6,429,Danilo,16,MID,48,0.698,1.2813,0.18,0.1804,0.1818,0.0016,1,0,0,0,2026-08-18T09:51:42.143142+00:00,2026-08-18T09:52:48.752707+00:00
6,430,Dennis,16,FWD,49,0,0,0.0,0.0,0.0,0,1,0,0,0,2026-08-18T09:51:42.143142+00:00,2026-08-18T09:52:48.752707+00:00
6,431,Dominguez,16,MID,49,0.706,1.303,0.18,0.1804,0.1818,0.0012,1,1,56,1,2026-08-18T09:51:42.143142+00:00,2026-08-18T09:52:48.752707+00:00
6,432,Elanga,16,MID,53,1.1028,1.7083,0.28,0.1584,0.2731,0.0024,1,1,45,1,2026-08-18T09:51:42.143142+00:00,2026-08-18T09:52:48.752707+00:00
6,433,Gibbs-White,16,MID,63,1.1788,1.9525,0.28,0.2016,0.2765,0.008,1,0,0,0,2026-08-18T09:51:42.143142+00:00,2026-08-18T09:52:48.752707+00:00
6,434,Hudson-Odoi,16,MID,54,0.982,1.6301,0.28,0.1584,0.2731,0.0032,1,1,33,0,2026-08-18T09:51:42.143142+00:00,2026-08-18T09:52:48.752707+00:00
6,435,Mighten,16,MID,45,0,0,0.0,0.0,0.0,0,1,0,0,0,2026-08-18T09:51:42.143142+00:00,2026-08-18T09:52:48.752707+00:00
6,436,Murillo,16,DEF,45,0.876,1.6219,0.22,0.1716,0.2183,0.0012,1,1,90,1,2026-08-18T09:51:42.143142+00:00,2026-08-18T09:52:48.752707+00:00
6,437,N.Williams,16,DEF,45,0.906,1.7207,0.22,0.1716,0.2183,0.0024,1,1,6,0,2026-08-18T09:51:42.143142+00:00,2026-08-18T09:52:48.752707+00:00
6,438,O.Richards,16,DEF,45,0,0,0.0,0.0,0.0,0,1,0,0,0,2026-08-18T09:51:42.143142+00:00,2026-08-18T09:52:48.752707+00:00
6,439,O'Brien,16,MID,50,0,0,0.0,0.0,0.0,0,1,0,0,0,2026-08-18T09:51:42.143142+00:00,2026-08-18T09:52:48.752707+00:00
6,440,Omobamidele,16,DEF,44,0,0,0.0,0.0,0.0,0,1,0,0,0,2026-08-18T09:51:42.143142+00:00,2026-08-18T09:52:48.752707+00:00
6,441,Panzo,16,DEF,40,0,0,0.0,0.0,0.0,0,1,0,0,0,2026-08-18T09:51:42.143142+00:00,2026-08-18T09:52:48.752707+00:00
6,442,Sangaré,16,MID,45,0.9096,1.3528,0.28,0.1584,0.2731,0.0008,1,0,0,0,2026-08-18T09:51:42.143142+00:00,2026-08-18T09:52:48.752707+00:00
6,443,Sels,16,GKP,45,3.3796,2.4172,0.88,0.0048,0.8188,0.004,1,2,90,1,2026-08-18T09:51:42.143142+00:00,2026-08-18T09:52:48.752707+00:00
6,444,Toffolo,16,DEF,44,0.544,1.2828,0.1,0.198,0.1088,0.0008,1,0,0,0,2026-08-18T09:51:42.143142+00:00,2026-08-18T09:52:48.752707+00:00
6,446,Ui-jo,16,FWD,45,0,0,0.0,0.0,0.0,0,1,0,0,0,2026-08-18T09:51:42.143142+00:00,2026-08-18T09:52:48.752707+00:00
6,447,Wood,16,FWD,62,1.3888,2.3243,0.28,0.2016,0.2765,0.0196,1,2,90,1,2026-08-18T09:51:42.143142+00:00,2026-08-18T09:52:48.752707+00:00
6,448,Worrall,16,DEF,45,0,0,0.0,0.0,0.0,0,1,0,0,0,2026-08-18T09:51:42.143142+00:00,2026-08-18T09:52:48.752707+00:00
6,449,Yates,16,MID,50,0.7008,1.2772,0.18,0.1804,0.1818,0.0004,1,1,90,1,2026-08-18T09:51:42.143142+00:00,2026-08-18T09:52:48.752707+00:00
6,573,Milenković,16,DEF,45,0.9116,1.8167,0.22,0.1716,0.2183,0.0048,1,2,90,1,2026-08-18T09:51:42.143142+00:00,2026-08-18T09:52:48.752707+00:00
6,596,Jota Silva,16,MID,59,1.6292,2.06,0.45,0.154,0.4308,0.006,1,1,33,0,2026-08-18T09:51:42.143142+00:00,2026-08-18T09:52:48.752707+00:00
6,620,Sosa,16,MID,55,1.7388,2.0954,0.45,0.154,0.4308,0.006,1,1,15,0,2026-08-18T09:51:42.143142+00:00,2026-08-18T09:52:48.752707+00:00
6,653,Morato,16,DEF,45,0.5136,1.3036,0.1,0.198,0.1088,0.002,1,0,0,0,2026-08-18T09:51:42.143142+00:00,2026-08-18T09:52:48.752707+00:00
6,706,Abbott,16,DEF,40,0.4884,1.1943,0.1,0.198,0.1088,0.0,1,,,,2026-08-18T09:51:42.143142+00:00,
6,721,Hennessey,16,GKP,40,0.1624,0.7633,0.04,0.0384,0.0403,0.0,1,,,,2026-08-18T09:51:42.143142+00:00,
6,747,Nuno,16,MID,11,0.4616,0.9679,0.1,0.198,0.1088,0.0004,1,,,,2026-08-18T09:51:42.143142+00:00,
6,14,Ramsdale,17,GKP,44,3.3528,2.2884,0.88,0.0048,0.8188,0.0036,1,2,90,1,2026-08-18T09:51:42.143142+00:00,2026-08-18T09:52:48.752707+00:00
6,27,Archer,17,FWD,50,0.7232,1.418,0.18,0.1804,0.1818,0.002,1,1,14,0,2026-08-18T09:51:42.143142+00:00,2026-08-18T09:52:48.752707+00:00
6,188,Ugochukwu,17,MID,45,0.5,0.9936,0.1,0.198,0.1088,0.0,1,1,45,1,2026-08-18T09:51:42.143142+00:00,2026-08-18T09:52:48.752707+00:00
6,397,Fraser,17,MID,49,0.658,1.1706,0.18,0.1804,0.1818,0.0004,1,1,45,1,2026-08-18T09:51:42.143142+00:00,2026-08-18T09:52:48.752707+00:00
6,451,Amo-Ameyaw,17,MID,45,0,0,0.0,0.0,0.0,0,1,0,0,0,2026-08-18T09:51:42.143142+00:00,2026-08-18T09:52:48.752707+00:00
6,452,Aribo,17,MID,49,0.94,1.4904,0.28,0.1584,0.2731,0.0028,1,1,45,1,2026-08-18T09:51:42.143142+00:00,2026-08-18T09:52:48.752707+00:00
6,453,Armstrong,17,FWD,53,0,0,0.0,0.0,0.0,0,1,0,0,0,2026-08-18T09:51:42.143142+00:00,2026-08-18T09:52:48.752707+00:00
6,454,Bazunu,17,GKP,44,0,0,0.0,0.0,0.0,0,1,0,0,0,2026-08-18T09:51:42.143142+00:00,2026-08-18T09:52:48.752707+00:00
6,455,Bednarek,17,DEF,40,0.4632,1.0671,0.11,0.1958,0.118,0.0,1,1,90,1,2026-08-18T09:51:42.143142+00:00,2026-08-18T09:52:48.752707+00:00
6,456,Bella-Kotchap,17,DEF,40,0.4436,1.1002,0.1,0.198,0.1088,0.0,1,0,0,0,2026-08-18T09:51:42.143142+00:00,2026-08-18T09:52:48.752707+00:00
6,457,Bree,17,DEF,40,0.4948,1.1994,0.1,0.198,0.1088,0.0012,1,0,0,0,2026-08-18T09:51:42.143142+00:00,2026-08-18T09:52:48.752707+00:00
6,458,Charles,17,MID,45,0,0,0.0,0.0,0.0,0,1,0,0,0,2026-08-18T09:51:42.143142+00:00,2026-08-18T09:52:48.752707+00:00
6,459,Edozie,17,MID,49,0,0,0.0,0.0,0.0,0,1,0,0,0,2026-08-18T09:51:42.143142+00:00,2026-08-18T09:52:48.752707+00:00
6,460,Edwards,17,DEF,40,0,0,0.0,0.0,0.0,0,1,0,0,0,2026-08-18T09:51:42.143142+00:00,2026-08-18T09:52:48.752707+00:00
6,461,Harwood-Bellis,17,DEF,40,0,0,0.0,0.0,0.0,0,1,7,90,1,2026-08-18T09:51:42.143142+00:00,2026-08-18T09:52:48.752707+00:00
6,462,Kamaldeen,17,MID,50,0.6712,1.1962,0.18,0.1804,0.1818,0.0008,1,0,0,0,2026-08-18T09:51:42.143142+00:00,2026-08-18T09:52:48.752707+00:00
6,463,Lallana,17,MID,50,0.6604,1.2397,0.18,0.1804,0.1818,0.0008,1,0,20,0,2026-08-18T09:51:42.143142+00:00,2026-08-18T09:52:48.752707+00:00
6,464,Larios,17,DEF,40,0.4736,1.0875,0.1,0.198,0.1088,0.0004,1,0,0,0,2026-08-18T09:51:42.143142+00:00,2026-08-18T09:52:48.752707+00:00
6,465,Lis,17,GKP,40,0,0,0.0,0.0,0.0,0,1,0,0,0,2026-08-18T09:51:42.143142+00:00,2026-08-18T09:52:48.752707+00:00
6,466,Lumley,17,GKP,40,0.1608,0.7354,0.04,0.0384,0.0403,0.0,1,0,0,0,2026-08-18T09:51:42.143142+00:00,2026-08-18T09:52:48.752707+00:00
6,467,Manning,17,DEF,44,0.4912,1.2182,0.1,0.198,0.1088,0.0016,1,0,0,0,2026-08-18T09:51:42.143142+00:00,2026-08-18T09:52:48.752707+00:00
6,468,Mara,17,FWD,50,0,0,0.0,0.0,0.0,0,1,0,0,0,2026-08-18T09:51:42.143142+00:00,2026-08-18T09:52:48.752707+00:00
6,469,McCarthy,17,GKP,45,0.1736,0.7692,0.04,0.0384,0.0403,0.0,1,0,0,0,2026-08-18T09:51:42.143142+00:00,2026-08-18T09:52:48.752707+00:00
6,470,Onuachu,17,FWD,49,0.6496,1.1395,0.18,0.1804,0.1818,0.0008,1,0,0,0,2026-08-18T09:51:42.143142+00:00,2026-08-18T09:52:48.752707+00:00
6,471,Smallbone,17,MID,50,0.9424,1.498,0.28,0.1584,0.2731,0.0016,1,0,0,0,2026-08-18T09:51:42.143142+00:00,2026-08-18T09:52:48.752707+00:00
6,472,Stephens,17,DEF,40,0.7616,1.5065,0.22,0.1716,0.2183,0.0024,1,0,0,0,2026-08-18T09:51:42.143142+00:00,2026-08-18T09:52:48.752707+00:00
6,473,Stewart,17,FWD,46,0.616,1.0412,0.18,0.1804,0.1818,0.0,1,1,45,1,2026-08-18T09:51:42.143142+00:00,2026-08-18T09:52:48.752707+00:00
6,474,Sugawara,17,DEF,45,0.8012,1.5431,0.22,0.1716,0.2183,0.0012,1,0,90,1,2026-08-18T09:51:42.143142+00:00,2026-08-18T09:52:48.752707+00:00
6,475,Taylor,17,DEF,40,0.4548,1.0456,0.1,0.198,0.1088,0.0004,1,1,90,1,2026-08-18T09:51:42.143142+00:00,2026-08-18T09:52:48.752707+00:00
6,476,Walker-Peters,17,DEF,45,0.4612,1.0816,0.11,0.1958,0.118,0.0004,1,0,0,0,2026-08-18T09:51:42.143142+00:00,2026-08-18T09:52:48.752707+00:00
6,477,Wood,17,DEF,40,0.4636,1.0686,0.1,0.198,0.1088,0.0,1,0,0,0,2026-08-18T09:51:42.143142+00:00,2026-08-18T09:52:48.752707+00:00
6,515,Cornet,17,MID,49,0,0,0.0,0.0,0.0,0,1,1,45,1,2026-08-18T09:51:42.143142+00:00,2026-08-18T09:52:48.752707+00:00
6,518,Downes,17,MID,49,0.7956,1.2719,0.28,0.1584,0.2731,0.0004,1,1,90,1,2026-08-18T09:51:42.143142+00:00,2026-08-18T09:52:48.752707+00:00
6,584,Brereton Díaz,17,MID,53,0,0,0.0,0.0,0.0,0,1,1,45,1,2026-08-18T09:51:42.143142+00:00,2026-08-18T09:52:48.752707+00:00
6,608,Dibling,17,MID,45,0.4952,1.0202,0.1,0.198,0.1088,0.0,1,1,75,1,2026-08-18T09:51:42.143142+00:00,2026-08-18T09:52:48.752707+00:00
6,623,M.Fernandes,17,MID,50,0.6836,1.2407,0.18,0.1804,0.1818,0.0008,1,1,69,1,2026-08-18T09:51:42.143142+00:00,2026-08-18T09:52:48.752707+00:00
6,693,O'Brien-Whitmarsh,17,MID,45,0,0,0.0,0.0,0.0,0,1,,,,2026-08-18T09:51:42.143142+00:00,
6,718,Welington,17,DEF,40,0.4768,1.1036,0.1,0.198,0.1088,0.0004,1,,,,2026-08-18T09:51:42.143142+00:00,
6,719,Kayi Sanda,17,DEF,40,0.488,1.1916,0.1,0.198,0.1088,0.0012,1,,,,2026-08-18T09:51:42.143142+00:00,
6,734,Grønbæk,17,MID,49,0.4464,0.8923,0.09,0.2002,0.0997,0.0,1,,,,2026-08-18T09:51:42.143142+00:00,
6,748,Rusk,17,MID,5,0.4788,0.9438,0.1,0.198,0.1088,0.0,1,,,,2026-08-18T09:51:42.143142+00:00,
6,798,Jay Robinson,17,FWD,44,0.4256,0.8178,0.1,0.198,0.1088,0.0,1,,,,2026-08-18T09:51:42.143142+00:00,
6,804,Moore,17,DEF,40,0.4828,1.1811,0.1,0.198,0.1088,0.0016,1,,,,2026-08-18T09:51:42.143142+00:00,
6,82,Solanke,18,FWD,75,1.1308,1.7997,0.28,0.2016,0.2765,0.004,1,6,90,1,2026-08-18T09:51:42.143142+00:00,2026-08-18T09:52:48.752707+00:00
6,478,A.Phillips,18,DEF,40,0,0,0.0,0.0,0.0,0,1,0,0,0,2026-08-18T09:51:42.143142+00:00,2026-08-18T09:52:48.752707+00:00
6,479,Austin,18,GKP,40,0.1448,0.6865,0.04,0.0384,0.0403,0.0,1,0,0,0,2026-08-18T09:51:42.143142+00:00,2026-08-18T09:52:48.752707+00:00
6,480,Bentancur,18,MID,50,0.8672,1.3254,0.28,0.1584,0.2731,0.0004,1,3,90,1,2026-08-18T09:51:42.143142+00:00,2026-08-18T09:52:48.752707+00:00
6,481,Bergvall,18,MID,45,0,0,0.0,0.0,0.0,0,1,1,13,0,2026-08-18T09:51:42.143142+00:00,2026-08-18T09:52:48.752707+00:00
6,482,Bissouma,18,MID,49,0.6564,1.1712,0.18,0.1804,0.1818,0.0004,1,0,0,0,2026-08-18T09:51:42.143142+00:00,2026-08-18T09:52:48.752707+00:00
6,483,Bryan,18,MID,50,0,0,0.0,0.0,0.0,0,1,0,0,0,2026-08-18T09:51:42.143142+00:00,2026-08-18T09:52:48.752707+00:00
6,484,Davies,18,DEF,44,0.9216,1.909,0.22,0.1716,0.2183,0.0076,1,0,0,0,2026-08-18T09:51:42.143142+00:00,2026-08-18T09:52:48.752707+00:00
6,485,Devine,18,MID,45,0,0,0.0,0.0,0.0,0,1,0,0,0,2026-08-18T09:51:42.143142+00:00,2026-08-18T09:52:48.752707+00:00
6,486,Dragusin,18,DEF,44,0,0,0.0,0.0,0.0,0,1,1,9,0,2026-08-18T09:51:42.143142+00:00,2026-08-18T09:52:48.752707+00:00
6,487,E.Royal,18,DEF,45,0,0,0.0,0.0,0.0,0,1,0,0,0,2026-08-18T09:51:42.143142+00:00,2026-08-18T09:52:48.752707+00:00
6,488,Forster,18,GKP,44,0.1388,0.6564,0.04,0.0384,0.0403,0.0004,1,0,0,0,2026-08-18T09:51:42.143142+00:00,2026-08-18T09:52:48.752707+00:00
6,489,Gray,18,MID,48,0.6548,1.1867,0.18,0.1804,0.1818,0.0012,1,0,0,0,2026-08-18T09:51:42.143142+00:00,2026-08-18T09:52:48.752707+00:00
6,490,Højbjerg,18,MID,50,0,0,0.0,0.0,0.0,0,1,0,0,0,2026-08-18T09:51:42.143142+00:00,2026-08-18T09:52:48.752707+00:00
6,491,Johnson,18,MID,64,1.0796,1.7511,0.28,0.2016,0.2765,0.0048,1,11,75,1,2026-08-18T09:51:42.143142+00:00,2026-08-18T09:52:48.752707+00:00
6,492,Kulusevski,18,MID,63,0,0,0.0,0.0,0.0,0,1,11,90,1,2026-08-18T09:51:42.143142+00:00,2026-08-18T09:52:48.752707+00:00
6,493,Lo Celso,18,MID,49,0,0,0.0,0.0,0.0,0,1,0,0,0,2026-08-18T09:51:42.143142+00:00,2026-08-18T09:52:48.752707+00:00
6,494,Maddison,18,MID,75,0,0,0.0,0.0,0.0,0,1,3,76,1,2026-08-18T09:51:42.143142+00:00,2026-08-18T09:52:48.752707+00:00
6,495,Pedro Porro,18,DEF,56,0.99,1.7353,0.28,0.2016,0.2765,0.0036,1,5,90,1,2026-08-18T09:51:42.143142+00:00,2026-08-18T09:52:48.752707+00:00
6,496,Reguilón,18,DEF,43,0.9624,1.9525,0.22,0.1404,0.2158,0.004,1,0,0,0,2026-08-18T09:51:42.143142+00:00,2026-08-18T09:52:48.752707+00:00
6,497,Richarlison,18,FWD,69,1.5292,1.9278,0.45,0.154,0.4308,0.0076,1,0,0,0,2026-08-18T09:51:42.143142+00:00,2026-08-18T09:52:48.752707+00:00
6,498,Romero,18,DEF,51,0,0,0.0,0.0,0.0,0,1,6,90,1,2026-08-18T09:51:42.143142+00:00,2026-08-18T09:52:48.752707+00:00
6,499,P.M.Sarr,18,MID,49,0.6812,1.2475,0.18,0.1804,0.1818,0.0012,1,4,13,0,2026-08-18T09:51:42.143142+00:00,2026-08-18T09:52:48.752707+00:00
6,500,Scarlett,18,FWD,45,0.448,0.8734,0.1,0.198,0.1088,0.0004,1,0,0,0,2026-08-18T09:51:42.143142+00:00,2026-08-18T09:52:48.752707+00:00
6,502,Solomon,18,MID,54,0,0,0.0,0.0,0.0,0,1,0,0,0,2026-08-18T09:51:42.143142+00:00,2026-08-18T09:52:48.752707+00:00
6,503,Son,18,MID,100,1.1044,2.2099,0.14,0.2408,0.1495,0.0144,1,0,0,0,2026-08-18T09:51:42.143142+00:00,2026-08-18T09:52:48.752707+00:00
6,504,Spence,18,DEF,44,0.4372,1.1017,0.1,0.198,0.1088,0.0012,1,0,45,1,2026-08-18T09:51:42.143142+00:00,2026-08-18T09:52:48.752707+00:00
6,505,Udogie,18,DEF,50,0.9728,1.6958,0.28,0.1584,0.2731,0.0012,1,1,45,1,2026-08-18T09:51:42.143142+00:00,2026-08-18T09:52:48.752707+00:00
6,506,Van de Ven,18,DEF,45,0.7148,1.3722,0.22,0.1716,0.2183,0.0016,1,11,80,1,2026-08-18T09:51:42.143142+00:00,2026-08-18T09:52:48.752707+00:00
6,507,Veliz,18,FWD,50,0,0,0.0,0.0,0.0,0,1,0,0,0,2026-08-18T09:51:42.143142+00:00,2026-08-18T09:52:48.752707+00:00
6,508,Vicario,18,GKP,50,2.486,2.0229,0.88,0.0096,0.8192,0.0004,1,6,90,1,2026-08-18T09:51:42.143142+00:00,2026-08-18T09:52:48.752707+00:00
6,509,Werner,18,MID,62,0.9172,1.5237,0.225,0.217,0.2266,0.0024,1,3,76,1,2026-08-18T09:51:42.143142+00:00,2026-08-18T09:52:48.752707+00:00
6,510,Whiteman,18,GKP,40,0.1676,0.7417,0.04,0.0384,0.0403,0.0,1,0,0,0,2026-08-18T09:51:42.143142+00:00,2026-08-18T09:52:48.752707+00:00
6,609,Lankshear,18,FWD,45,0,0,0.0,0.0,0.0,0,1,0,0,0,2026-08-18T09:51:42.143142+00:00,2026-08-18T09:52:48.752707+00:00
6,610,Moore,18,MID,45,0.4488,0.9225,0.1,0.198,0.1088,0.0,1,1,14,0,2026-08-18T09:51:42.143142+00:00,2026-08-18T09:52:48.752707+00:00
6,612,Odobert,18,MID,54,0.6888,1.3001,0.18,0.1804,0.1818,0.0012,1,0,0,0,2026-08-18T09:51:42.143142+00:00,2026-08-18T09:52:48.752707+00:00
6,683,Olusesi,18,MID,45,0.4456,0.9288,0.1,0.198,0.1088,0.0004,1,,,,2026-08-18T09:51:42.143142+00:00,
6,684,Hardy,18,DEF,40,0.5032,1.1738,0.1,0.198,0.1088,0.0008,1,,,,2026-08-18T09:51:42.143142+00:00,
6,689,Williams-Barnett,18,MID,45,0,0,0.0,0.0,0.0,0,1,,,,2026-08-18T09:51:42.143142+00:00,
6,699,Dorrington,18,DEF,40,0,0,0.0,0.0,0.0,0,1,,,,2026-08-18T09:51:42.143142+00:00,
6,700,King,18,DEF,40,0.4812,1.1252,0.1,0.198,0.1088,0.0004,1,,,,2026-08-18T09:51:42.143142+00:00,
6,716,Kinsky,18,GKP,41,0.1552,0.7393,0.04,0.0384,0.0403,0.0004,1,,,,2026-08-18T09:51:42.143142+00:00,
6,717,Yang,18,MID,45,0,0,0.0,0.0,0.0,0,1,,,,2026-08-18T09:51:42.143142+00:00,
6,729,Ajayi,18,MID,45,0.4692,0.9715,0.1,0.198,0.1088,0.0,1,,,,2026-08-18T09:51:42.143142+00:00,
6,749,Postecoglou,18,MID,11,0.4808,0.9898,0.1,0.198,0.1088,0.0,1,,,,2026-08-18T09:51:42.143142+00:00,
6,760,Cassanova,18,DEF,40,0.4724,1.1017,0.1,0.198,0.1088,0.0004,1,,,,2026-08-18T09:51:42.143142+00:00,
6,767,Danso,18,DEF,44,0.4924,1.1751,0.1,0.198,0.1088,0.0008,1,,,,2026-08-18T09:51:42.143142+00:00,
6,768,Tel,18,MID,58,1.4628,1.7719,0.45,0.154,0.4308,0.0024,1,,,,2026-08-18T09:51:42.143142+00:00,
6,123,Ferguson,19,FWD,55,1.298,1.5325,0.45,0.154,0.4308,0.0016,1,1,9,0,2026-08-18T09:51:42.143142+00:00,2026-08-18T09:52:48.752707+00:00
6,388,Wan-Bissaka,19,DEF,45,0.792,1.498,0.22,0.1716,0.2183,0.0004,1,2,90,1,2026-08-18T09:51:42.143142+00:00,2026-08-18T09:52:48.752707+00:00
6,511,Álvarez,19,MID,50,0.896,1.3634,0.28,0.1584,0.2731,0.0012,1,0,0,0,2026-08-18T09:51:42.143142+00:00,2026-08-18T09:52:48.752707+00:00
6,512,Antonio,19,FWD,54,0,0,0.0,0.0,0.0,0,1,5,74,1,2026-08-18T09:51:42.143142+00:00,2026-08-18T09:52:48.752707+00:00
6,513,Areola,19,GKP,45,0.1804,0.8085,0.04,0.0384,0.0403,0.0004,1,2,90,1,2026-08-18T09:51:42.143142+00:00,2026-08-18T09:52:48.752707+00:00
6,514,Bowen,19,MID,75,1.1116,1.7535,0.28,0.2016,0.2765,0.0044,1,2,90,1,2026-08-18T09:51:42.143142+00:00,2026-08-18T09:52:48.752707+00:00
6,516,Coufal,19,DEF,45,0.4324,1.0328,0.1,0.198,0.1088,0.0,1,0,0,0,2026-08-18T09:51:42.143142+00:00,2026-08-18T09:52:48.752707+00:00
6,517,Cresswell,19,DEF,40,0.428,1.005,0.1,0.198,0.1088,0.0,1,0,0,0,2026-08-18T09:51:42.143142+00:00,2026-08-18T09:52:48.752707+00:00
6,519,Earthy,19,MID,45,0,0,0.0,0.0,0.0,0,1,0,0,0,2026-08-18T09:51:42.143142+00:00,2026-08-18T09:52:48.752707+00:00
6,520,Emerson,19,DEF,44,0.6928,1.3644,0.22,0.1716,0.2183,0.0004,1,0,45,1,2026-08-18T09:51:42.143142+00:00,2026-08-18T09:52:48.752707+00:00
6,521,Fabianski,19,GKP,40,0.1896,0.8784,0.04,0.0384,0.0403,0.0,1,0,0,0,2026-08-18T09:51:42.143142+00:00,2026-08-18T09:52:48.752707+00:00
6,522,Foderingham,19,GKP,44,3.3696,2.2414,0.88,0.0048,0.8188,0.0016,1,0,0,0,2026-08-18T09:51:42.143142+00:00,2026-08-18T09:52:48.752707+00:00
6,523,Ings,19,FWD,50,0.664,1.1463,0.18,0.1804,0.1818,0.0004,1,1,15,0,2026-08-18T09:51:42.143142+00:00,2026-08-18T09:52:48.752707+00:00
6,524,Kilman,19,DEF,45,0.868,1.666,0.22,0.1716,0.2183,0.0028,1,1,90,1,2026-08-18T09:51:42.143142+00:00,2026-08-18T09:52:48.752707+00:00
6,525,Kudus,19,MID,63,1.0676,1.6473,0.28,0.2016,0.2765,0.0036,1,1,45,1,2026-08-18T09:51:42.143142+00:00,2026-08-18T09:52:48.752707+00:00
6,526,L.Guilherme,19,MID,48,0.6836,1.213,0.18,0.1804,0.1818,0.0004,1,0,0,0,2026-08-18T09:51:42.143142+00:00,2026-08-18T09:52:48.752707+00:00
6,527,L.Paquetá,19,MID,60,1.278,2.0973,0.28,0.2016,0.2765,0.0076,1,2,75,1,2026-08-18T09:51:42.143142+00:00,2026-08-18T09:52:48.752707+00:00
6,528,Mavropanos,19,DEF,45,0.8208,1.5381,0.22,0.1716,0.2183,0.0012,1,1,45,1,2026-08-18T09:51:42.143142+00:00,2026-08-18T09:52:48.752707+00:00
6,529,N.Aguerd,19,DEF,44,0,0,0.0,0.0,0.0,0,1,0,0,0,2026-08-18T09:51:42.143142+00:00,2026-08-18T09:52:48.752707+00:00
6,530,Souček,19,MID,50,0.968,1.5554,0.28,0.1584,0.2731,0.0004,1,10,90,1,2026-08-18T09:51:42.143142+00:00,2026-08-18T09:52:48.752707+00:00
6,531,Ward-Prowse,19,MID,63,1.5864,2.0138,0.45,0.154,0.4308,0.0068,1,2,74,1,2026-08-18T09:51:42.143142+00:00,2026-08-18T09:52:48.752707+00:00
6,532,Zouma,19,DEF,44,0,0,0.0,0.0,0.0,0,1,0,0,0,2026-08-18T09:51:42.143142+00:00,2026-08-18T09:52:48.752707+00:00
6,576,Irving,19,MID,49,0.6448,1.1852,0.18,0.1804,0.1818,0.0,1,0,1,0,2026-08-18T09:51:42.143142+00:00,2026-08-18T09:52:48.752707+00:00
6,587,Summerville,19,MID,58,0,0,0.0,0.0,0.0,0,1,1,14,0,2026-08-18T09:51:42.143142+00:00,2026-08-18T09:52:48.752707+00:00
6,588,G.Rodríguez,19,MID,50,0.8524,1.3249,0.28,0.1584,0.2731,0.0004,1,2,90,1,2026-08-18T09:51:42.143142+00:00,2026-08-18T09:52:48.752707+00:00
6,589,Füllkrug,19,FWD,67,1.4312,1.7938,0.45,0.154,0.4308,0.0064,1,0,0,0,2026-08-18T09:51:42.143142+00:00,2026-08-18T09:52:48.752707+00:00
6,591,Todibo,19,DEF,44,0.4804,1.132,0.1,0.198,0.1088,0.0004,1,2,90,1,2026-08-18T09:51:42.143142+00:00,2026-08-18T09:52:48.752707+00:00
6,643,Casey,19,DEF,40,0.4608,1.1268,0.1,0.198,0.1088,0.0012,1,0,0,0,2026-08-18T09:51:42.143142+00:00,2026-08-18T09:52:48.752707+00:00
6,654,C.Soler,19,MID,50,0.702,1.2542,0.18,0.1804,0.1818,0.0016,1,1,45,1,2026-08-18T09:51:42.143142+00:00,2026-08-18T09:52:48.752707+00:00
6,677,Scarles,19,DEF,40,0.474,1.1205,0.1,0.198,0.1088,0.0004,1,,,,2026-08-18T09:51:42.143142+00:00,
6,686,Mayers,19,DEF,40,0.4592,1.1257,0.1,0.198,0.1088,0.0008,1,,,,2026-08-18T09:51:42.143142+00:00,
6,701,Orford,19,MID,45,0.44,0.8765,0.1,0.198,0.1088,0.0,1,,,,2026-08-18T09:51:42.143142+00:00,
6,750,Potter,19,MID,5,0.442,0.8956,0.1,0.198,0.1088,0.0004,1,,,,2026-08-18T09:51:42.143142+00:00,
6,204,Johnstone,20,GKP,44,0,0,0.0,0.0,0.0,0,1,2,90,1,2026-08-18T09:51:42.143142+00:00,2026-08-18T09:52:48.752707+00:00
6,533,Aït-Nouri,20,DEF,44,0.8672,1.7446,0.22,0.1716,0.2183,0.0048,1,9,90,1,2026-08-18T09:51:42.143142+00:00,2026-08-18T09:52:48.752707+00:00
6,534,B.Traore,20,MID,49,1.2404,1.5032,0.48,0.1144,0.4556,0.0012,1,0,0,0,2026-08-18T09:51:42.143142+00:00,2026-08-18T09:52:48.752707+00:00
6,535,Bellegarde,20,MID,50,0.9524,1.443,0.28,0.1584,0.2731,0.0004,1,1,52,1,2026-08-18T09:51:42.143142+00:00,2026-08-18T09:52:48.752707+00:00
6,536,Bentley,20,GKP,40,2.782,2.1422,0.88,0.0048,0.8188,0.0,1,0,0,0,2026-08-18T09:51:42.143142+00:00,2026-08-18T09:52:48.752707+00:00
6,537,Chiquinho,20,MID,45,0,0,0.0,0.0,0.0,0,1,0,0,0,2026-08-18T09:51:42.143142+00:00,2026-08-18T09:52:48.752707+00:00
6,538,Chirewa,20,MID,45,0,0,0.0,0.0,0.0,0,1,0,0,0,2026-08-18T09:51:42.143142+00:00,2026-08-18T09:52:48.752707+00:00
6,539,Chiwome,20,FWD,45,0,0,0.0,0.0,0.0,0,1,0,0,0,2026-08-18T09:51:42.143142+00:00,2026-08-18T09:52:48.752707+00:00
6,540,Cundle,20,MID,45,0,0,0.0,0.0,0.0,0,1,0,0,0,2026-08-18T09:51:42.143142+00:00,2026-08-18T09:52:48.752707+00:00
6,541,Cunha,20,FWD,65,1.1948,1.9013,0.28,0.2016,0.2765,0.0068,1,2,90,1,2026-08-18T09:51:42.143142+00:00,2026-08-18T09:52:48.752707+00:00
6,542,Dawson,20,DEF,45,0.8564,1.603,0.22,0.1716,0.2183,0.0016,1,0,0,0,2026-08-18T09:51:42.143142+00:00,2026-08-18T09:52:48.752707+00:00
6,543,Doherty,20,DEF,44,0.4828,1.1464,0.1,0.198,0.1088,0.0004,1,0,0,0,2026-08-18T09:51:42.143142+00:00,2026-08-18T09:52:48.752707+00:00
6,544,Doyle,20,MID,49,0.6796,1.2605,0.18,0.1804,0.1818,0.0004,1,1,13,0,2026-08-18T09:51:42.143142+00:00,2026-08-18T09:52:48.752707+00:00
6,545,Fábio Silva,20,FWD,50,0,0,0.0,0.0,0.0,0,1,0,0,0,2026-08-18T09:51:42.143142+00:00,2026-08-18T09:52:48.752707+00:00
6,546,Fraser,20,FWD,45,0,0,0.0,0.0,0.0,0,1,0,0,0,2026-08-18T09:51:42.143142+00:00,2026-08-18T09:52:48.752707+00:00
6,547,Gonzalez,20,MID,45,0,0,0.0,0.0,0.0,0,1,0,0,0,2026-08-18T09:51:42.143142+00:00,2026-08-18T09:52:48.752707+00:00
6,548,Guedes,20,MID,53,0.7792,1.5076,0.18,0.1804,0.1818,0.0028,1,0,0,0,2026-08-18T09:51:42.143142+00:00,2026-08-18T09:52:48.752707+00:00
6,549,H.Bueno,20,DEF,45,0,0,0.0,0.0,0.0,0,1,0,0,0,2026-08-18T09:51:42.143142+00:00,2026-08-18T09:52:48.752707+00:00
6,550,Hee Chan,20,MID,62,1.8708,2.5601,0.45,0.154,0.4308,0.02,1,1,22,0,2026-08-18T09:51:42.143142+00:00,2026-08-18T09:52:48.752707+00:00
6,551,Hodge,20,MID,45,0,0,0.0,0.0,0.0,0,1,0,0,0,2026-08-18T09:51:42.143142+00:00,2026-08-18T09:52:48.752707+00:00
6,552,Hoever,20,DEF,40,0,0,0.0,0.0,0.0,0,1,0,0,0,2026-08-18T09:51:42.143142+00:00,2026-08-18T09:52:48.752707+00:00
6,553,J.Gomes,20,MID,49,0.9236,1.4179,0.28,0.1584,0.2731,0.0012,1,2,90,1,2026-08-18T09:51:42.143142+00:00,2026-08-18T09:52:48.752707+00:00
6,554,José Sá,20,GKP,44,0.1592,0.7656,0.04,0.0384,0.0403,0.0,1,0,0,0,2026-08-18T09:51:42.143142+00:00,2026-08-18T09:52:48.752707+00:00
6,555,Kalajdžić,20,FWD,49,0,0,0.0,0.0,0.0,0,1,0,0,0,2026-08-18T09:51:42.143142+00:00,2026-08-18T09:52:48.752707+00:00
6,556,King,20,GKP,40,0.1768,0.7981,0.04,0.0384,0.0403,0.0,1,0,0,0,2026-08-18T09:51:42.143142+00:00,2026-08-18T09:52:48.752707+00:00
6,557,Mario Jr.,20,MID,50,0,0,0.0,0.0,0.0,0,1,2,90,1,2026-08-18T09:51:42.143142+00:00,2026-08-18T09:52:48.752707+00:00
6,558,Mosquera,20,DEF,40,0,0,0.0,0.0,0.0,0,1,0,0,0,2026-08-18T09:51:42.143142+00:00,2026-08-18T09:52:48.752707+00:00
6,559,N.Semedo,20,DEF,45,0.9044,1.6981,0.22,0.1716,0.2183,0.0012,1,1,90,1,2026-08-18T09:51:42.143142+00:00,2026-08-18T09:52:48.752707+00:00
6,561,Pedro Lima,20,DEF,40,0.5596,1.3179,0.1,0.198,0.1088,0.0008,1,0,0,0,2026-08-18T09:51:42.143142+00:00,2026-08-18T09:52:48.752707+00:00
6,562,Podence,20,MID,55,0,0,0.0,0.0,0.0,0,1,0,0,0,2026-08-18T09:51:42.143142+00:00,2026-08-18T09:52:48.752707+00:00
6,563,R.Gomes,20,MID,53,0.6864,1.2843,0.18,0.1804,0.1818,0.0008,1,0,0,0,2026-08-18T09:51:42.143142+00:00,2026-08-18T09:52:48.752707+00:00
6,564,S.Bueno,20,DEF,44,0.5284,1.271,0.1,0.198,0.1088,0.0008,1,1,76,1,2026-08-18T09:51:42.143142+00:00,2026-08-18T09:52:48.752707+00:00
6,565,Sarabia,20,MID,52,0.7944,1.4681,0.18,0.1804,0.1818,0.0028,1,0,0,0,2026-08-18T09:51:42.143142+00:00,2026-08-18T09:52:48.752707+00:00
6,566,Strand Larsen,20,FWD,55,1.01,1.5322,0.28,0.2016,0.2765,0.0016,1,2,67,1,2026-08-18T09:51:42.143142+00:00,2026-08-18T09:52:48.752707+00:00
6,567,Toti,20,DEF,44,0.8848,1.6306,0.22,0.1716,0.2183,0.0004,1,1,90,1,2026-08-18T09:51:42.143142+00:00,2026-08-18T09:52:48.752707+00:00
6,637,Meupiyou,20,DEF,40,0.5092,1.2146,0.1,0.198,0.1088,0.0008,1,0,0,0,2026-08-18T09:51:42.143142+00:00,2026-08-18T09:52:48.752707+00:00
6,642,André,20,MID,50,0.684,1.2384,0.18,0.1804,0.1818,0.0,1,1,90,1,2026-08-18T09:51:42.143142+00:00,2026-08-18T09:52:48.752707+00:00
6,655,Forbs,20,MID,55,1.5768,1.9127,0.45,0.154,0.4308,0.0044,1,0,38,0,2026-08-18T09:51:42.143142+00:00,2026-08-18T09:52:48.752707+00:00
6,664,Pond,20,DEF,40,0.5004,1.1576,0.1,0.198,0.1088,0.0004,1,0,0,0,2026-08-18T09:51:42.143142+00:00,2026-08-18T09:52:48.752707+00:00
6,682,Edozie,20,MID,45,0.4772,0.973,0.1,0.198,0.1088,0.0004,1,,,,2026-08-18T09:51:42.143142+00:00,
6,711,Okoduwa,20,DEF,40,0.5252,1.3074,0.1,0.198,0.1088,0.0016,1,,,,2026-08-18T09:51:42.143142+00:00,
6,720,Agbadou,20,DEF,40,0.5148,1.2576,0.1,0.198,0.1088,0.0012,1,,,,2026-08-18T09:51:42.143142+00:00,
6,751,Pereira,20,MID,8,0.4952,1.0458,0.1,0.198,0.1088,0.0004,1,,,,2026-08-18T09:51:42.143142+00:00,
6,769,Djiga,20,DEF,45,0.5308,1.257,0.1,0.198,0.1088,0.0004,1,,,,2026-08-18T09:51:42.143142+00:00,
6,770,Munetsi,20,MID,50,0.6888,1.236,0.18,0.1804,0.1818,0.0004,1,,,,2026-08-18T09:51:42.143142+00:00,
6,784,Mané,20,FWD,45,0.4396,0.8608,0.1,0.198,0.1088,0.0,1,,,,2026-08-18T09:51:42.143142+00:00,
