gw,player_id,web_name,team_id,position,now_cost,mu,sigma,p_start,p_sub,p_60,p_10_plus,n_fixtures,actual_points,actual_minutes,did_start,captured_at,scored_at
9,1,Fábio Vieira,1,MID,54,0,0,0.0,0.0,0.0,0,1,0,0,0,2026-08-18T09:51:47.153337+00:00,2026-08-18T09:52:48.837419+00:00
9,2,G.Jesus,1,FWD,68,0,0,0.0,0.0,0.0,0,1,0,5,0,2026-08-18T09:51:47.153337+00:00,2026-08-18T09:52:48.837419+00:00
9,3,Gabriel,1,DEF,63,0,0,0.0,0.0,0.0,0,1,1,53,1,2026-08-18T09:51:47.153337+00:00,2026-08-18T09:52:48.837419+00:00
9,4,Havertz,1,FWD,82,2.7184,3.2107,0.48,0.1456,0.458,0.0412,1,2,90,1,2026-08-18T09:51:47.153337+00:00,2026-08-18T09:52:48.837419+00:00
9,5,Hein,1,GKP,40,0,0,0.0,0.0,0.0,0,1,0,0,0,2026-08-18T09:51:47.153337+00:00,2026-08-18T09:52:48.837419+00:00
9,6,J.Timber,1,DEF,55,0,0,0.0,0.0,0.0,0,1,2,75,1,2026-08-18T09:51:47.153337+00:00,2026-08-18T09:52:48.837419+00:00
9,7,Jorginho,1,MID,48,0.714,1.2922,0.18,0.1804,0.1818,0.0004,1,0,0,0,2026-08-18T09:51:47.153337+00:00,2026-08-18T09:52:48.837419+00:00
9,8,Kiwior,1,DEF,48,0.7628,1.6059,0.18,0.1804,0.1818,0.0024,1,1,36,0,2026-08-18T09:51:47.153337+00:00,2026-08-18T09:52:48.837419+00:00
9,9,Martinelli,1,MID,70,1.4292,2.3222,0.28,0.2016,0.2765,0.012,1,2,84,1,2026-08-18T09:51:47.153337+00:00,2026-08-18T09:52:48.837419+00:00
9,12,Nwaneri,1,MID,45,0.4556,0.951,0.1,0.198,0.1088,0.0,1,1,5,0,2026-08-18T09:51:47.153337+00:00,2026-08-18T09:52:48.837419+00:00
9,13,Ødegaard,1,MID,82,1.3448,2.208,0.28,0.2016,0.2765,0.012,1,0,0,0,2026-08-18T09:51:47.153337+00:00,2026-08-18T09:52:48.837419+00:00
9,15,Raya,1,GKP,57,3.7184,2.5219,0.88,0.0096,0.8192,0.008,1,0,90,1,2026-08-18T09:51:47.153337+00:00,2026-08-18T09:52:48.837419+00:00
9,16,Rice,1,MID,63,1.0396,1.7029,0.28,0.2016,0.2765,0.0036,1,5,90,1,2026-08-18T09:51:47.153337+00:00,2026-08-18T09:52:48.837419+00:00
9,17,Saka,1,MID,100,1.9536,3.1245,0.28,0.2016,0.2765,0.0404,1,9,84,1,2026-08-18T09:51:47.153337+00:00,2026-08-18T09:52:48.837419+00:00
9,18,Saliba,1,DEF,60,0,0,0.0,0.0,0.0,0,1,0,0,0,2026-08-18T09:51:47.153337+00:00,2026-08-18T09:52:48.837419+00:00
9,20,Thomas,1,MID,50,1.5636,1.847,0.48,0.1144,0.4556,0.0024,1,2,90,1,2026-08-18T09:51:47.153337+00:00,2026-08-18T09:52:48.837419+00:00
9,21,Tierney,1,DEF,43,0.5236,1.2292,0.1,0.198,0.1088,0.0016,1,0,0,0,2026-08-18T09:51:47.153337+00:00,2026-08-18T09:52:48.837419+00:00
9,22,Tomiyasu,1,DEF,48,0,0,0.0,0.0,0.0,0,1,0,0,0,2026-08-18T09:51:47.153337+00:00,2026-08-18T09:52:48.837419+00:00
9,23,Trossard,1,MID,69,1.254,2.0792,0.28,0.2016,0.2765,0.0088,1,2,90,1,2026-08-18T09:51:47.153337+00:00,2026-08-18T09:52:48.837419+00:00
9,24,White,1,DEF,63,1.1048,1.8925,0.28,0.2016,0.2765,0.0044,1,4,90,1,2026-08-18T09:51:47.153337+00:00,2026-08-18T09:52:48.837419+00:00
9,25,Zinchenko,1,DEF,48,0.7552,1.5838,0.18,0.1804,0.1818,0.0016,1,0,0,0,2026-08-18T09:51:47.153337+00:00,2026-08-18T09:52:48.837419+00:00
9,73,Neto,1,GKP,43,0.2332,1.0214,0.04,0.0384,0.0403,0.0004,1,0,0,0,2026-08-18T09:51:47.153337+00:00,2026-08-18T09:52:48.837419+00:00
9,186,Sterling,1,MID,67,1.768,2.2949,0.45,0.154,0.4308,0.0116,1,0,0,0,2026-08-18T09:51:47.153337+00:00,2026-08-18T09:52:48.837419+00:00
9,578,Calafiori,1,DEF,58,1.0664,1.8409,0.28,0.2016,0.2765,0.0032,1,0,0,0,2026-08-18T09:51:47.153337+00:00,2026-08-18T09:52:48.837419+00:00
9,597,Lewis-Skelly,1,MID,45,0.4504,0.9558,0.1,0.198,0.1088,0.0,1,1,14,0,2026-08-18T09:51:47.153337+00:00,2026-08-18T09:52:48.837419+00:00
9,633,Merino,1,MID,60,1.584,2.0305,0.45,0.154,0.4308,0.01,1,8,90,1,2026-08-18T09:51:47.153337+00:00,2026-08-18T09:52:48.837419+00:00
9,638,Oulad M'hand,1,MID,45,0.478,0.9647,0.1,0.198,0.1088,0.0,1,0,0,0,2026-08-18T09:51:47.153337+00:00,2026-08-18T09:52:48.837419+00:00
9,639,Setford,1,GKP,45,0.178,0.8247,0.04,0.0384,0.0403,0.0,1,0,0,0,2026-08-18T09:51:47.153337+00:00,2026-08-18T09:52:48.837419+00:00
9,657,Kacurri,1,DEF,40,0,0,0.0,0.0,0.0,0,1,0,0,0,2026-08-18T09:51:47.153337+00:00,2026-08-18T09:52:48.837419+00:00
9,659,Kabia,1,MID,45,0.4788,0.9771,0.1,0.198,0.1088,0.0004,1,0,0,0,2026-08-18T09:51:47.153337+00:00,2026-08-18T09:52:48.837419+00:00
9,662,Nichols,1,DEF,40,0.5112,1.2293,0.1,0.198,0.1088,0.0008,1,0,0,0,2026-08-18T09:51:47.153337+00:00,2026-08-18T09:52:48.837419+00:00
9,665,Butler-Oyedeji,1,FWD,45,0.466,0.98,0.1,0.198,0.1088,0.0004,1,0,0,0,2026-08-18T09:51:47.153337+00:00,2026-08-18T09:52:48.837419+00:00
9,735,Arteta,1,MID,15,0.5016,1.0044,0.1,0.198,0.1088,0.0,1,,,,2026-08-18T09:51:47.153337+00:00,
9,756,Porter,1,GKP,40,0.222,0.973,0.04,0.0384,0.0403,0.0,1,,,,2026-08-18T09:51:47.153337+00:00,
9,790,Gower,1,MID,45,0.4604,1.0072,0.1,0.198,0.1088,0.0008,1,,,,2026-08-18T09:51:47.153337+00:00,
9,793,Jack Henry-Francis,1,MID,45,0.5012,0.9984,0.1,0.198,0.1088,0.0,1,,,,2026-08-18T09:51:47.153337+00:00,
9,801,Clarke,1,DEF,40,0.5372,1.2632,0.1,0.198,0.1088,0.0004,1,,,,2026-08-18T09:51:47.153337+00:00,
9,28,Bailey,2,MID,63,1.1492,1.908,0.28,0.2016,0.2765,0.008,1,4,19,0,2026-08-18T09:51:47.153337+00:00,2026-08-18T09:52:48.837419+00:00
9,29,Barkley,2,MID,52,0.768,1.4279,0.18,0.1804,0.1818,0.0024,1,5,45,1,2026-08-18T09:51:47.153337+00:00,2026-08-18T09:52:48.837419+00:00
9,30,Barrenechea,2,MID,49,0,0,0.0,0.0,0.0,0,1,0,0,0,2026-08-18T09:51:47.153337+00:00,2026-08-18T09:52:48.837419+00:00
9,31,Buendia,2,MID,53,0,0,0.0,0.0,0.0,0,1,0,0,0,2026-08-18T09:51:47.153337+00:00,2026-08-18T09:52:48.837419+00:00
9,32,Cash,2,DEF,44,0.8192,1.5888,0.22,0.1716,0.2183,0.0016,1,1,90,1,2026-08-18T09:51:47.153337+00:00,2026-08-18T09:52:48.837419+00:00
9,33,Dendoncker,2,MID,45,0,0,0.0,0.0,0.0,0,1,0,0,0,2026-08-18T09:51:47.153337+00:00,2026-08-18T09:52:48.837419+00:00
9,34,Diaby,2,MID,65,0,0,0.0,0.0,0.0,0,1,0,0,0,2026-08-18T09:51:47.153337+00:00,2026-08-18T09:52:48.837419+00:00
9,35,Diego Carlos,2,DEF,45,0,0,0.0,0.0,0.0,0,1,0,0,0,2026-08-18T09:51:47.153337+00:00,2026-08-18T09:52:48.837419+00:00
9,36,Digne,2,DEF,46,1.8744,2.4588,0.48,0.1144,0.4556,0.0076,1,7,70,1,2026-08-18T09:51:47.153337+00:00,2026-08-18T09:52:48.837419+00:00
9,37,Dobbin,2,MID,50,0,0,0.0,0.0,0.0,0,1,0,0,0,2026-08-18T09:51:47.153337+00:00,2026-08-18T09:52:48.837419+00:00
9,38,Duran,2,FWD,62,0,0,0.0,0.0,0.0,0,1,1,33,0,2026-08-18T09:51:47.153337+00:00,2026-08-18T09:52:48.837419+00:00
9,39,Gauci,2,GKP,40,0,0,0.0,0.0,0.0,0,1,0,0,0,2026-08-18T09:51:47.153337+00:00,2026-08-18T09:52:48.837419+00:00
9,40,Hause,2,DEF,40,0.504,1.1762,0.1,0.198,0.1088,0.0008,1,0,0,0,2026-08-18T09:51:47.153337+00:00,2026-08-18T09:52:48.837419+00:00
9,41,Iling Jr,2,MID,54,0,0,0.0,0.0,0.0,0,1,0,0,0,2026-08-18T09:51:47.153337+00:00,2026-08-18T09:52:48.837419+00:00
9,42,Kamara,2,MID,50,1.6708,1.4626,0.68,0.0576,0.637,0.0004,1,1,8,0,2026-08-18T09:51:47.153337+00:00,2026-08-18T09:52:48.837419+00:00
9,43,Kesler-Hayden,2,DEF,40,0,0,0.0,0.0,0.0,0,1,0,0,0,2026-08-18T09:51:47.153337+00:00,2026-08-18T09:52:48.837419+00:00
9,44,Konsa,2,DEF,45,0.8956,1.7617,0.22,0.1716,0.2183,0.0028,1,2,90,1,2026-08-18T09:51:47.153337+00:00,2026-08-18T09:52:48.837419+00:00
9,45,Maatsen,2,DEF,48,0.778,1.6609,0.18,0.1804,0.1818,0.004,1,1,19,0,2026-08-18T09:51:47.153337+00:00,2026-08-18T09:52:48.837419+00:00
9,46,Marschall,2,GKP,40,0,0,0.0,0.0,0.0,0,1,0,0,0,2026-08-18T09:51:47.153337+00:00,2026-08-18T09:52:48.837419+00:00
9,47,Martinez,2,GKP,50,0,0,0.0,0.0,0.0,0,1,2,90,1,2026-08-18T09:51:47.153337+00:00,2026-08-18T09:52:48.837419+00:00
9,48,McGinn,2,MID,52,1.03,1.6397,0.28,0.1584,0.2731,0.0024,1,2,70,1,2026-08-18T09:51:47.153337+00:00,2026-08-18T09:52:48.837419+00:00
9,49,Mings,2,DEF,44,0.5128,1.2519,0.1,0.198,0.1088,0.0012,1,0,0,0,2026-08-18T09:51:47.153337+00:00,2026-08-18T09:52:48.837419+00:00
9,50,Nedeljkovic,2,DEF,40,0,0,0.0,0.0,0.0,0,1,0,0,0,2026-08-18T09:51:47.153337+00:00,2026-08-18T09:52:48.837419+00:00
9,51,Olsen,2,GKP,45,3.572,2.4053,0.88,0.0048,0.8188,0.002,1,0,0,0,2026-08-18T09:51:47.153337+00:00,2026-08-18T09:52:48.837419+00:00
9,52,Pau,2,DEF,45,0.8396,1.626,0.22,0.1716,0.2183,0.002,1,2,90,1,2026-08-18T09:51:47.153337+00:00,2026-08-18T09:52:48.837419+00:00
9,53,Ramsey,2,MID,54,0.9948,1.5914,0.28,0.1584,0.2731,0.0028,1,1,90,1,2026-08-18T09:51:47.153337+00:00,2026-08-18T09:52:48.837419+00:00
9,54,Rogers,2,MID,54,1.8136,2.2491,0.48,0.1144,0.4556,0.0108,1,1,56,1,2026-08-18T09:51:47.153337+00:00,2026-08-18T09:52:48.837419+00:00
9,55,Sinisalo,2,GKP,40,0,0,0.0,0.0,0.0,0,1,0,0,0,2026-08-18T09:51:47.153337+00:00,2026-08-18T09:52:48.837419+00:00
9,56,Sousa,2,DEF,40,0,0,0.0,0.0,0.0,0,1,0,0,0,2026-08-18T09:51:47.153337+00:00,2026-08-18T09:52:48.837419+00:00
9,57,Tielemans,2,MID,55,1.9868,2.2634,0.48,0.1456,0.458,0.01,1,1,90,1,2026-08-18T09:51:47.153337+00:00,2026-08-18T09:52:48.837419+00:00
9,58,Watkins,2,FWD,91,2.6624,3.1493,0.48,0.1456,0.458,0.0408,1,2,81,1,2026-08-18T09:51:47.153337+00:00,2026-08-18T09:52:48.837419+00:00
9,167,Disasi,2,DEF,43,0.5248,1.2424,0.1,0.198,0.1088,0.0008,1,0,0,0,2026-08-18T09:51:47.153337+00:00,2026-08-18T09:52:48.837419+00:00
9,233,Onana,2,MID,51,1.2316,1.9804,0.28,0.1584,0.2731,0.0056,1,0,45,1,2026-08-18T09:51:47.153337+00:00,2026-08-18T09:52:48.837419+00:00
9,385,Rashford,2,MID,69,1.2524,2.0404,0.28,0.2016,0.2765,0.01,1,1,58,1,2026-08-18T09:51:47.153337+00:00,2026-08-18T09:52:48.837419+00:00
9,598,Bogarde,2,DEF,40,0.5156,1.2589,0.1,0.198,0.1088,0.0016,1,0,0,0,2026-08-18T09:51:47.153337+00:00,2026-08-18T09:52:48.837419+00:00
9,640,Swinkels,2,DEF,40,0,0,0.0,0.0,0.0,0,1,0,0,0,2026-08-18T09:51:47.153337+00:00,2026-08-18T09:52:48.837419+00:00
9,641,Zych,2,GKP,40,0.1312,0.6804,0.04,0.0384,0.0403,0.0,1,0,0,0,2026-08-18T09:51:47.153337+00:00,2026-08-18T09:52:48.837419+00:00
9,656,Young,2,MID,45,0,0,0.0,0.0,0.0,0,1,0,0,0,2026-08-18T09:51:47.153337+00:00,2026-08-18T09:52:48.837419+00:00
9,679,Broggio,2,MID,45,0.4908,0.9649,0.1,0.198,0.1088,0.0,1,,,,2026-08-18T09:51:47.153337+00:00,
9,710,Jimoh,2,MID,45,0.4688,0.9532,0.1,0.198,0.1088,0.0004,1,,,,2026-08-18T09:51:47.153337+00:00,
9,725,Malen,2,MID,53,0.7904,1.432,0.18,0.1804,0.1818,0.002,1,,,,2026-08-18T09:51:47.153337+00:00,
9,731,A. Garcia,2,DEF,45,0.5192,1.3365,0.1,0.198,0.1088,0.0016,1,,,,2026-08-18T09:51:47.153337+00:00,
9,737,Emery,2,MID,8,0.4976,1.0072,0.1,0.198,0.1088,0.0004,1,,,,2026-08-18T09:51:47.153337+00:00,
9,762,M.Asensio,2,MID,60,1.6328,2.0579,0.45,0.154,0.4308,0.0084,1,,,,2026-08-18T09:51:47.153337+00:00,
9,59,Aarons,3,DEF,43,0,0,0.0,0.0,0.0,0,1,0,0,0,2026-08-18T09:51:47.153337+00:00,2026-08-18T09:52:48.837419+00:00
9,60,Adams,3,MID,49,0.6192,1.1244,0.18,0.1804,0.1818,0.0,1,1,9,0,2026-08-18T09:51:47.153337+00:00,2026-08-18T09:52:48.837419+00:00
9,61,Anthony,3,MID,45,0,0,0.0,0.0,0.0,0,1,0,0,0,2026-08-18T09:51:47.153337+00:00,2026-08-18T09:52:48.837419+00:00
9,62,Brooks,3,MID,49,0.6584,1.1726,0.18,0.1804,0.1818,0.0004,1,1,9,0,2026-08-18T09:51:47.153337+00:00,2026-08-18T09:52:48.837419+00:00
9,63,Christie,3,MID,49,0,0,0.0,0.0,0.0,0,1,2,80,1,2026-08-18T09:51:47.153337+00:00,2026-08-18T09:52:48.837419+00:00
9,64,Cook,3,MID,50,0,0,0.0,0.0,0.0,0,1,2,90,1,2026-08-18T09:51:47.153337+00:00,2026-08-18T09:52:48.837419+00:00
9,65,Enes Ünal,3,FWD,54,0,0,0.0,0.0,0.0,0,1,1,63,1,2026-08-18T09:51:47.153337+00:00,2026-08-18T09:52:48.837419+00:00
9,66,Faivre,3,MID,50,0,0,0.0,0.0,0.0,0,1,0,0,0,2026-08-18T09:51:47.153337+00:00,2026-08-18T09:52:48.837419+00:00
9,67,H.Traorè,3,MID,45,0,0,0.0,0.0,0.0,0,1,0,0,0,2026-08-18T09:51:47.153337+00:00,2026-08-18T09:52:48.837419+00:00
9,68,Hill,3,DEF,40,0.4416,1.0665,0.1,0.198,0.1088,0.0004,1,0,0,0,2026-08-18T09:51:47.153337+00:00,2026-08-18T09:52:48.837419+00:00
9,69,Jebbison,3,FWD,45,0.4556,0.8632,0.1,0.198,0.1088,0.0,1,0,0,0,2026-08-18T09:51:47.153337+00:00,2026-08-18T09:52:48.837419+00:00
9,70,Kerkez,3,DEF,44,0.7284,1.4328,0.22,0.1716,0.2183,0.0,1,2,80,1,2026-08-18T09:51:47.153337+00:00,2026-08-18T09:52:48.837419+00:00
9,71,Kluivert,3,MID,53,1.1788,2.1061,0.28,0.1584,0.2731,0.0088,1,2,63,1,2026-08-18T09:51:47.153337+00:00,2026-08-18T09:52:48.837419+00:00
9,72,Mepham,3,DEF,44,0,0,0.0,0.0,0.0,0,1,0,0,0,2026-08-18T09:51:47.153337+00:00,2026-08-18T09:52:48.837419+00:00
9,74,O.Dango,3,MID,50,0,0,0.0,0.0,0.0,0,1,2,90,1,2026-08-18T09:51:47.153337+00:00,2026-08-18T09:52:48.837419+00:00
9,75,Paulsen,3,GKP,40,0,0,0.0,0.0,0.0,0,1,0,0,0,2026-08-18T09:51:47.153337+00:00,2026-08-18T09:52:48.837419+00:00
9,76,Philip,3,MID,48,0,0,0.0,0.0,0.0,0,1,0,0,0,2026-08-18T09:51:47.153337+00:00,2026-08-18T09:52:48.837419+00:00
9,77,Scott,3,MID,48,0.6404,1.1407,0.18,0.1804,0.1818,0.0008,1,0,0,0,2026-08-18T09:51:47.153337+00:00,2026-08-18T09:52:48.837419+00:00
9,78,Semenyo,3,MID,56,1.7484,2.2738,0.48,0.1456,0.458,0.0136,1,1,90,1,2026-08-18T09:51:47.153337+00:00,2026-08-18T09:52:48.837419+00:00
9,79,Senesi,3,DEF,48,0.95,1.7218,0.28,0.1584,0.2731,0.0024,1,2,90,1,2026-08-18T09:51:47.153337+00:00,2026-08-18T09:52:48.837419+00:00
9,80,Sinisterra,3,MID,50,0,0,0.0,0.0,0.0,0,1,0,0,0,2026-08-18T09:51:47.153337+00:00,2026-08-18T09:52:48.837419+00:00
9,81,Smith,3,DEF,45,0.7176,1.4049,0.22,0.1716,0.2183,0.0008,1,1,60,1,2026-08-18T09:51:47.153337+00:00,2026-08-18T09:52:48.837419+00:00
9,83,Tavernier,3,MID,55,1.754,2.102,0.48,0.1456,0.458,0.0064,1,3,26,0,2026-08-18T09:51:47.153337+00:00,2026-08-18T09:52:48.837419+00:00
9,84,Travers,3,GKP,44,0,0,0.0,0.0,0.0,0,1,5,90,1,2026-08-18T09:51:47.153337+00:00,2026-08-18T09:52:48.837419+00:00
9,85,Zabarnyi,3,DEF,44,0.7612,1.4289,0.22,0.1716,0.2183,0.0008,1,2,90,1,2026-08-18T09:51:47.153337+00:00,2026-08-18T09:52:48.837419+00:00
9,152,Arrizabalaga,3,GKP,45,2.9992,2.1463,0.88,0.0048,0.8188,0.0008,1,0,0,0,2026-08-18T09:51:47.153337+00:00,2026-08-18T09:52:48.837419+00:00
9,580,Huijsen,3,DEF,44,0.4316,1.0084,0.1,0.198,0.1088,0.0004,1,0,0,0,2026-08-18T09:51:47.153337+00:00,2026-08-18T09:52:48.837419+00:00
9,592,J.Araujo,3,DEF,44,0.7256,1.428,0.22,0.1716,0.2183,0.0004,1,0,29,0,2026-08-18T09:51:47.153337+00:00,2026-08-18T09:52:48.837419+00:00
9,599,Dennis,3,GKP,40,0.1304,0.619,0.04,0.0384,0.0403,0.0,1,0,0,0,2026-08-18T09:51:47.153337+00:00,2026-08-18T09:52:48.837419+00:00
9,617,Evanilson,3,FWD,59,1.2568,1.9576,0.28,0.2016,0.2765,0.01,1,8,26,0,2026-08-18T09:51:47.153337+00:00,2026-08-18T09:52:48.837419+00:00
9,680,Kinsey,3,DEF,40,0.4788,1.112,0.1,0.198,0.1088,0.0004,1,,,,2026-08-18T09:51:47.153337+00:00,
9,687,Winterburn,3,MID,45,0.4456,0.9386,0.1,0.198,0.1088,0.0008,1,,,,2026-08-18T09:51:47.153337+00:00,
9,702,Harris,3,DEF,40,0.5164,1.1723,0.1,0.198,0.1088,0.0004,1,,,,2026-08-18T09:51:47.153337+00:00,
9,707,Rees-Dottin,3,FWD,45,0.4552,0.9088,0.1,0.198,0.1088,0.0004,1,,,,2026-08-18T09:51:47.153337+00:00,
9,712,Akinmboni,3,DEF,40,0.4848,1.1822,0.1,0.198,0.1088,0.0,1,,,,2026-08-18T09:51:47.153337+00:00,
9,713,Soler,3,DEF,39,0.4696,1.1203,0.1,0.198,0.1088,0.0,1,,,,2026-08-18T09:51:47.153337+00:00,
9,722,Adu-Adjei,3,FWD,45,0.4492,0.8844,0.1,0.198,0.1088,0.0,1,,,,2026-08-18T09:51:47.153337+00:00,
9,723,Sadi,3,MID,45,0.4448,0.9343,0.1,0.198,0.1088,0.0004,1,,,,2026-08-18T09:51:47.153337+00:00,
9,727,McKenna,3,GKP,40,0.1584,0.7249,0.04,0.0384,0.0403,0.0,1,,,,2026-08-18T09:51:47.153337+00:00,
9,728,Silcott-Duberry,3,MID,45,0.48,0.9573,0.1,0.198,0.1088,0.0,1,,,,2026-08-18T09:51:47.153337+00:00,
9,738,Iraola,3,MID,11,0.4692,0.9645,0.1,0.198,0.1088,0.0,1,,,,2026-08-18T09:51:47.153337+00:00,
9,86,Ajer,4,DEF,45,0.74,1.5246,0.22,0.1716,0.2183,0.002,1,0,0,0,2026-08-18T09:51:47.153337+00:00,2026-08-18T09:52:48.837419+00:00
9,87,Brierley,4,MID,45,0.5176,1.0739,0.1,0.198,0.1088,0.0008,1,0,0,0,2026-08-18T09:51:47.153337+00:00,2026-08-18T09:52:48.837419+00:00
9,88,Collins,4,DEF,45,0.9252,1.8894,0.22,0.1716,0.2183,0.0068,1,1,90,1,2026-08-18T09:51:47.153337+00:00,2026-08-18T09:52:48.837419+00:00
9,89,Damsgaard,4,MID,50,1.128,1.9071,0.28,0.1584,0.2731,0.0052,1,2,76,1,2026-08-18T09:51:47.153337+00:00,2026-08-18T09:52:48.837419+00:00
9,90,Dasilva,4,MID,48,0,0,0.0,0.0,0.0,0,1,0,0,0,2026-08-18T09:51:47.153337+00:00,2026-08-18T09:52:48.837419+00:00
9,91,Flekken,4,GKP,45,3.7604,2.4401,0.88,0.0048,0.8188,0.0056,1,1,90,1,2026-08-18T09:51:47.153337+00:00,2026-08-18T09:52:48.837419+00:00
9,92,Henry,4,DEF,43,0.8308,1.6599,0.22,0.1716,0.2183,0.0028,1,0,0,0,2026-08-18T09:51:47.153337+00:00,2026-08-18T09:52:48.837419+00:00
9,93,Hickey,4,DEF,44,0.7292,1.4902,0.22,0.1716,0.2183,0.0016,1,0,0,0,2026-08-18T09:51:47.153337+00:00,2026-08-18T09:52:48.837419+00:00
9,94,Janelt,4,MID,49,0,0,0.0,0.0,0.0,0,1,5,90,1,2026-08-18T09:51:47.153337+00:00,2026-08-18T09:52:48.837419+00:00
9,95,Jensen,4,MID,53,0.9704,1.5289,0.28,0.1584,0.2731,0.0008,1,1,12,0,2026-08-18T09:51:47.153337+00:00,2026-08-18T09:52:48.837419+00:00
9,96,Ji-soo,4,DEF,39,0.4788,1.1526,0.1,0.198,0.1088,0.0004,1,0,0,0,2026-08-18T09:51:47.153337+00:00,2026-08-18T09:52:48.837419+00:00
9,97,Konak,4,MID,45,0.4588,0.9628,0.1,0.198,0.1088,0.0008,1,0,0,0,2026-08-18T09:51:47.153337+00:00,2026-08-18T09:52:48.837419+00:00
9,98,Lewis-Potter,4,MID,50,0.9076,1.4626,0.28,0.1584,0.2731,0.0008,1,5,80,1,2026-08-18T09:51:47.153337+00:00,2026-08-18T09:52:48.837419+00:00
9,99,Mbeumo,4,MID,76,2.5296,3.1414,0.48,0.1456,0.458,0.0368,1,15,90,1,2026-08-18T09:51:47.153337+00:00,2026-08-18T09:52:48.837419+00:00
9,100,Mee,4,DEF,43,0.548,1.2907,0.1,0.198,0.1088,0.0008,1,0,0,0,2026-08-18T09:51:47.153337+00:00,2026-08-18T09:52:48.837419+00:00
9,101,Nørgaard,4,MID,48,0.878,1.3908,0.28,0.1584,0.2731,0.0004,1,2,77,1,2026-08-18T09:51:47.153337+00:00,2026-08-18T09:52:48.837419+00:00
9,102,Onyeka,4,MID,49,0,0,0.0,0.0,0.0,0,1,0,0,0,2026-08-18T09:51:47.153337+00:00,2026-08-18T09:52:48.837419+00:00
9,103,Peart-Harris,4,MID,45,0,0,0.0,0.0,0.0,0,1,0,0,0,2026-08-18T09:51:47.153337+00:00,2026-08-18T09:52:48.837419+00:00
9,104,Pinnock,4,DEF,45,0.858,1.7891,0.22,0.1716,0.2183,0.0064,1,1,90,1,2026-08-18T09:51:47.153337+00:00,2026-08-18T09:52:48.837419+00:00
9,105,Roerslev,4,DEF,44,0,0,0.0,0.0,0.0,0,1,4,90,1,2026-08-18T09:51:47.153337+00:00,2026-08-18T09:52:48.837419+00:00
9,106,Schade,4,MID,53,0.9992,1.61,0.28,0.1584,0.2731,0.002,1,1,13,0,2026-08-18T09:51:47.153337+00:00,2026-08-18T09:52:48.837419+00:00
9,107,Thiago,4,FWD,59,1.4128,1.7917,0.45,0.154,0.4308,0.0044,1,0,0,0,2026-08-18T09:51:47.153337+00:00,2026-08-18T09:52:48.837419+00:00
9,108,Toney,4,FWD,73,0,0,0.0,0.0,0.0,0,1,0,0,0,2026-08-18T09:51:47.153337+00:00,2026-08-18T09:52:48.837419+00:00
9,109,Valdimarsson,4,GKP,40,0.1712,0.7872,0.04,0.0384,0.0403,0.0,1,0,0,0,2026-08-18T09:51:47.153337+00:00,2026-08-18T09:52:48.837419+00:00
9,110,Wissa,4,FWD,59,1.1092,1.794,0.28,0.2016,0.2765,0.008,1,10,90,1,2026-08-18T09:51:47.153337+00:00,2026-08-18T09:52:48.837419+00:00
9,111,Yarmoliuk,4,MID,44,0.4804,0.9873,0.1,0.198,0.1088,0.0,1,0,0,0,2026-08-18T09:51:47.153337+00:00,2026-08-18T09:52:48.837419+00:00
9,112,Zanka,4,DEF,45,0,0,0.0,0.0,0.0,0,1,0,0,0,2026-08-18T09:51:47.153337+00:00,2026-08-18T09:52:48.837419+00:00
9,314,Carvalho,4,MID,48,0,0,0.0,0.0,0.0,0,1,1,9,0,2026-08-18T09:51:47.153337+00:00,2026-08-18T09:52:48.837419+00:00
9,338,Van den Berg,4,DEF,40,0.8736,1.6376,0.22,0.1716,0.2183,0.0008,1,1,90,1,2026-08-18T09:51:47.153337+00:00,2026-08-18T09:52:48.837419+00:00
9,602,Trevitt,4,MID,45,0,0,0.0,0.0,0.0,0,1,0,0,0,2026-08-18T09:51:47.153337+00:00,2026-08-18T09:52:48.837419+00:00
9,634,G.Nunes,4,MID,49,0.7284,1.2894,0.18,0.1804,0.1818,0.0008,1,0,0,0,2026-08-18T09:51:47.153337+00:00,2026-08-18T09:52:48.837419+00:00
9,649,Meghoma,4,DEF,40,0,0,0.0,0.0,0.0,0,1,0,0,0,2026-08-18T09:51:47.153337+00:00,2026-08-18T09:52:48.837419+00:00
9,661,Yogane,4,MID,45,0,0,0.0,0.0,0.0,0,1,0,0,0,2026-08-18T09:51:47.153337+00:00,2026-08-18T09:52:48.837419+00:00
9,674,Maghoma,4,MID,45,0.4616,0.9492,0.1,0.198,0.1088,0.0,1,,,,2026-08-18T09:51:47.153337+00:00,
9,705,Arthur,4,DEF,40,0.4904,1.213,0.1,0.198,0.1088,0.0004,1,,,,2026-08-18T09:51:47.153337+00:00,
9,752,Frank,4,MID,8,0.4984,1.0488,0.1,0.198,0.1088,0.0004,1,,,,2026-08-18T09:51:47.153337+00:00,
9,757,Kayode,4,DEF,45,0.4868,1.2,0.1,0.198,0.1088,0.0004,1,,,,2026-08-18T09:51:47.153337+00:00,
9,759,Eyestone,4,GKP,40,0.1872,0.836,0.04,0.0384,0.0403,0.0,1,,,,2026-08-18T09:51:47.153337+00:00,
9,780,Morgan,4,FWD,45,0.428,0.8788,0.1,0.198,0.1088,0.0,1,,,,2026-08-18T09:51:47.153337+00:00,
9,786,Benjamin Fredrick,4,DEF,40,0.5452,1.2721,0.1,0.198,0.1088,0.0008,1,,,,2026-08-18T09:51:47.153337+00:00,
9,113,Adingra,5,MID,54,0.7984,1.4855,0.18,0.1804,0.1818,0.002,1,0,0,0,2026-08-18T09:51:47.153337+00:00,2026-08-18T09:52:48.837419+00:00
9,114,Baker-Boaitey,5,MID,45,0,0,0.0,0.0,0.0,0,1,0,0,0,2026-08-18T09:51:47.153337+00:00,2026-08-18T09:52:48.837419+00:00
9,115,Baleba,5,MID,50,1.0648,1.6819,0.28,0.1584,0.2731,0.0016,1,3,79,1,2026-08-18T09:51:47.153337+00:00,2026-08-18T09:52:48.837419+00:00
9,116,Barco,5,DEF,40,0,0,0.0,0.0,0.0,0,1,0,0,0,2026-08-18T09:51:47.153337+00:00,2026-08-18T09:52:48.837419+00:00
9,118,Cozier-Duberry,5,MID,45,0,0,0.0,0.0,0.0,0,1,0,0,0,2026-08-18T09:51:47.153337+00:00,2026-08-18T09:52:48.837419+00:00
9,119,Dahoud,5,MID,49,0,0,0.0,0.0,0.0,0,1,0,0,0,2026-08-18T09:51:47.153337+00:00,2026-08-18T09:52:48.837419+00:00
9,120,Dunk,5,DEF,45,0.8092,1.6195,0.22,0.1716,0.2183,0.0024,1,0,0,0,2026-08-18T09:51:47.153337+00:00,2026-08-18T09:52:48.837419+00:00
9,122,Estupiñan,5,DEF,50,0.7744,1.5911,0.18,0.1804,0.1818,0.0016,1,0,90,1,2026-08-18T09:51:47.153337+00:00,2026-08-18T09:52:48.837419+00:00
9,124,Gilmour,5,MID,50,0,0,0.0,0.0,0.0,0,1,0,0,0,2026-08-18T09:51:47.153337+00:00,2026-08-18T09:52:48.837419+00:00
9,125,Gross,5,MID,65,0,0,0.0,0.0,0.0,0,1,0,0,0,2026-08-18T09:51:47.153337+00:00,2026-08-18T09:52:48.837419+00:00
9,126,Hinshelwood,5,MID,50,1.5548,1.8447,0.48,0.1144,0.4556,0.002,1,0,0,0,2026-08-18T09:51:47.153337+00:00,2026-08-18T09:52:48.837419+00:00
9,127,I.Osman,5,MID,50,0,0,0.0,0.0,0.0,0,1,0,0,0,2026-08-18T09:51:47.153337+00:00,2026-08-18T09:52:48.837419+00:00
9,128,Igor,5,DEF,44,0.5128,1.2103,0.1,0.198,0.1088,0.0012,1,0,90,1,2026-08-18T09:51:47.153337+00:00,2026-08-18T09:52:48.837419+00:00
9,129,João Pedro,5,FWD,54,1.1384,1.9483,0.28,0.1584,0.2731,0.0104,1,0,0,0,2026-08-18T09:51:47.153337+00:00,2026-08-18T09:52:48.837419+00:00
9,130,Kozlowski,5,MID,45,0,0,0.0,0.0,0.0,0,1,0,0,0,2026-08-18T09:51:47.153337+00:00,2026-08-18T09:52:48.837419+00:00
9,131,Lamptey,5,DEF,44,0.5216,1.273,0.11,0.1958,0.118,0.002,1,3,10,0,2026-08-18T09:51:47.153337+00:00,2026-08-18T09:52:48.837419+00:00
9,132,March,5,MID,65,0,0,0.0,0.0,0.0,0,1,0,0,0,2026-08-18T09:51:47.153337+00:00,2026-08-18T09:52:48.837419+00:00
9,133,Mazilu,5,MID,45,0,0,0.0,0.0,0.0,0,1,0,0,0,2026-08-18T09:51:47.153337+00:00,2026-08-18T09:52:48.837419+00:00
9,134,Milner,5,MID,50,0.9816,1.5338,0.28,0.1584,0.2731,0.0024,1,0,0,0,2026-08-18T09:51:47.153337+00:00,2026-08-18T09:52:48.837419+00:00
9,135,Minteh,5,MID,54,1.076,1.7698,0.28,0.1584,0.2731,0.0056,1,0,0,0,2026-08-18T09:51:47.153337+00:00,2026-08-18T09:52:48.837419+00:00
9,136,Mitoma,5,MID,66,1.3352,2.1249,0.28,0.2016,0.2765,0.0092,1,2,88,1,2026-08-18T09:51:47.153337+00:00,2026-08-18T09:52:48.837419+00:00
9,137,Moder,5,MID,44,0,0,0.0,0.0,0.0,0,1,0,0,0,2026-08-18T09:51:47.153337+00:00,2026-08-18T09:52:48.837419+00:00
9,138,O’Mahony,5,FWD,45,0,0,0.0,0.0,0.0,0,1,0,0,0,2026-08-18T09:51:47.153337+00:00,2026-08-18T09:52:48.837419+00:00
9,139,Offiah,5,DEF,40,0,0,0.0,0.0,0.0,0,1,0,0,0,2026-08-18T09:51:47.153337+00:00,2026-08-18T09:52:48.837419+00:00
9,140,Peupion,5,MID,45,0,0,0.0,0.0,0.0,0,1,0,0,0,2026-08-18T09:51:47.153337+00:00,2026-08-18T09:52:48.837419+00:00
9,141,Sarmiento,5,MID,49,0,0,0.0,0.0,0.0,0,1,0,0,0,2026-08-18T09:51:47.153337+00:00,2026-08-18T09:52:48.837419+00:00
9,142,Steele,5,GKP,44,0.1012,0.5328,0.02,0.0392,0.0217,0.0,1,0,0,0,2026-08-18T09:51:47.153337+00:00,2026-08-18T09:52:48.837419+00:00
9,143,Undav,5,FWD,55,0,0,0.0,0.0,0.0,0,1,0,0,0,2026-08-18T09:51:47.153337+00:00,2026-08-18T09:52:48.837419+00:00
9,144,Van Hecke,5,DEF,45,0.8428,1.6075,0.22,0.1716,0.2183,0.0028,1,1,90,1,2026-08-18T09:51:47.153337+00:00,2026-08-18T09:52:48.837419+00:00
9,145,Veltman,5,DEF,45,1.0208,1.8888,0.22,0.1716,0.2183,0.0024,1,1,90,1,2026-08-18T09:51:47.153337+00:00,2026-08-18T09:52:48.837419+00:00
9,146,Verbruggen,5,GKP,45,3.1892,2.3748,0.88,0.0048,0.8188,0.0024,1,2,90,1,2026-08-18T09:51:47.153337+00:00,2026-08-18T09:52:48.837419+00:00
9,147,Webster,5,DEF,44,0.4836,1.1214,0.1,0.198,0.1088,0.0004,1,0,0,0,2026-08-18T09:51:47.153337+00:00,2026-08-18T09:52:48.837419+00:00
9,148,Welbeck,5,FWD,59,2.2968,2.7189,0.48,0.1456,0.458,0.0208,1,7,72,1,2026-08-18T09:51:47.153337+00:00,2026-08-18T09:52:48.837419+00:00
9,149,Wieffer,5,MID,48,0.7052,1.3344,0.18,0.1804,0.1818,0.002,1,1,10,0,2026-08-18T09:51:47.153337+00:00,2026-08-18T09:52:48.837419+00:00
9,595,Gruda,5,MID,54,0.756,1.465,0.18,0.1804,0.1818,0.0016,1,1,18,0,2026-08-18T09:51:47.153337+00:00,2026-08-18T09:52:48.837419+00:00
9,600,Ayari,5,MID,50,0.7144,1.3752,0.18,0.1804,0.1818,0.002,1,2,90,1,2026-08-18T09:51:47.153337+00:00,2026-08-18T09:52:48.837419+00:00
9,601,Moran,5,MID,50,0,0,0.0,0.0,0.0,0,1,0,0,0,2026-08-18T09:51:47.153337+00:00,2026-08-18T09:52:48.837419+00:00
9,615,Rushworth,5,GKP,40,0.1612,0.815,0.04,0.0384,0.0403,0.0,1,0,0,0,2026-08-18T09:51:47.153337+00:00,2026-08-18T09:52:48.837419+00:00
9,618,Georginio,5,MID,55,0,0,0.0,0.0,0.0,0,1,5,79,1,2026-08-18T09:51:47.153337+00:00,2026-08-18T09:52:48.837419+00:00
9,628,F.Kadıoğlu,5,DEF,45,0,0,0.0,0.0,0.0,0,1,6,71,1,2026-08-18T09:51:47.153337+00:00,2026-08-18T09:52:48.837419+00:00
9,629,O'Riley,5,MID,55,1.618,2.0377,0.45,0.154,0.4308,0.006,1,0,0,0,2026-08-18T09:51:47.153337+00:00,2026-08-18T09:52:48.837419+00:00
9,663,Samuels,5,DEF,40,0,0,0.0,0.0,0.0,0,1,0,0,0,2026-08-18T09:51:47.153337+00:00,2026-08-18T09:52:48.837419+00:00
9,668,Cahill,5,GKP,40,0.1832,0.8311,0.04,0.0384,0.0403,0.0,1,0,0,0,2026-08-18T09:51:47.153337+00:00,2026-08-18T09:52:48.837419+00:00
9,681,McConville,5,DEF,40,0,0,0.0,0.0,0.0,0,1,,,,2026-08-18T09:51:47.153337+00:00,
9,685,Slater,5,DEF,40,0.5116,1.204,0.1,0.198,0.1088,0.0004,1,,,,2026-08-18T09:51:47.153337+00:00,
9,714,Gómez,5,MID,55,1.578,1.9365,0.45,0.154,0.4308,0.0036,1,,,,2026-08-18T09:51:47.153337+00:00,
9,739,Hürzeler,5,MID,11,0.48,0.9906,0.1,0.198,0.1088,0.0,1,,,,2026-08-18T09:51:47.153337+00:00,
9,758,Knight,5,MID,45,0.5188,1.0942,0.1,0.198,0.1088,0.0016,1,,,,2026-08-18T09:51:47.153337+00:00,
9,763,Cashin,5,DEF,45,0.5572,1.3987,0.1,0.198,0.1088,0.0028,1,,,,2026-08-18T09:51:47.153337+00:00,
9,791,Charlie Tasker,5,DEF,40,0.5124,1.2208,0.1,0.198,0.1088,0.0016,1,,,,2026-08-18T09:51:47.153337+00:00,
9,794,Freddie Simmonds,5,DEF,40,0.5244,1.2389,0.1,0.198,0.1088,0.0004,1,,,,2026-08-18T09:51:47.153337+00:00,
9,795,Harry Howell,5,MID,45,0.4764,0.9973,0.1,0.198,0.1088,0.0004,1,,,,2026-08-18T09:51:47.153337+00:00,
9,150,Andrey Santos,6,MID,45,0,0,0.0,0.0,0.0,0,1,0,0,0,2026-08-18T09:51:47.153337+00:00,2026-08-18T09:52:48.837419+00:00
9,151,Ângelo,6,MID,45,0,0,0.0,0.0,0.0,0,1,0,0,0,2026-08-18T09:51:47.153337+00:00,2026-08-18T09:52:48.837419+00:00
9,153,B.Badiashile,6,DEF,43,0.5664,1.347,0.1,0.198,0.1088,0.002,1,0,0,0,2026-08-18T09:51:47.153337+00:00,2026-08-18T09:52:48.837419+00:00
9,154,Bergström,6,GKP,40,0.1544,0.7841,0.04,0.0384,0.0403,0.0,1,0,0,0,2026-08-18T09:51:47.153337+00:00,2026-08-18T09:52:48.837419+00:00
9,155,Bettinelli,6,GKP,40,0.1532,0.7135,0.04,0.0384,0.0403,0.0,1,0,0,0,2026-08-18T09:51:47.153337+00:00,2026-08-18T09:52:48.837419+00:00
9,157,Caicedo,6,MID,49,1.362,1.6427,0.48,0.1144,0.4556,0.0028,1,2,90,1,2026-08-18T09:51:47.153337+00:00,2026-08-18T09:52:48.837419+00:00
9,158,Casadei,6,MID,45,0,0,0.0,0.0,0.0,0,1,0,0,0,2026-08-18T09:51:47.153337+00:00,2026-08-18T09:52:48.837419+00:00
9,159,Chalobah,6,DEF,44,0.482,1.1592,0.1,0.198,0.1088,0.0008,1,8,90,1,2026-08-18T09:51:47.153337+00:00,2026-08-18T09:52:48.837419+00:00
9,161,Chukwuemeka,6,MID,48,0,0,0.0,0.0,0.0,0,1,0,0,0,2026-08-18T09:51:47.153337+00:00,2026-08-18T09:52:48.837419+00:00
9,162,Colwill,6,DEF,46,1.6652,2.2235,0.48,0.1144,0.4556,0.0064,1,2,90,1,2026-08-18T09:51:47.153337+00:00,2026-08-18T09:52:48.837419+00:00
9,163,Cucurella,6,DEF,50,0.9704,1.7768,0.28,0.1584,0.2731,0.0016,1,1,12,0,2026-08-18T09:51:47.153337+00:00,2026-08-18T09:52:48.837419+00:00
9,164,D.D.Fofana,6,FWD,54,0,0,0.0,0.0,0.0,0,1,0,0,0,2026-08-18T09:51:47.153337+00:00,2026-08-18T09:52:48.837419+00:00
9,165,Deivid,6,FWD,50,0,0,0.0,0.0,0.0,0,1,0,0,0,2026-08-18T09:51:47.153337+00:00,2026-08-18T09:52:48.837419+00:00
9,166,Dewsbury-Hall,6,MID,56,1.474,1.8602,0.45,0.154,0.4308,0.0048,1,0,0,0,2026-08-18T09:51:47.153337+00:00,2026-08-18T09:52:48.837419+00:00
9,168,Enzo,6,MID,49,0.9456,1.4467,0.28,0.1584,0.2731,0.0012,1,1,18,0,2026-08-18T09:51:47.153337+00:00,2026-08-18T09:52:48.837419+00:00
9,169,Gallagher,6,MID,59,0,0,0.0,0.0,0.0,0,1,0,0,0,2026-08-18T09:51:47.153337+00:00,2026-08-18T09:52:48.837419+00:00
9,170,Gilchrist,6,DEF,40,0,0,0.0,0.0,0.0,0,1,0,0,0,2026-08-18T09:51:47.153337+00:00,2026-08-18T09:52:48.837419+00:00
9,171,Gusto,6,DEF,49,0.9972,1.7792,0.28,0.1584,0.2731,0.0024,1,2,77,1,2026-08-18T09:51:47.153337+00:00,2026-08-18T09:52:48.837419+00:00
9,172,James,6,DEF,49,0.7572,1.6283,0.18,0.1804,0.1818,0.0028,1,2,90,1,2026-08-18T09:51:47.153337+00:00,2026-08-18T09:52:48.837419+00:00
9,173,Kellyman,6,MID,44,0,0,0.0,0.0,0.0,0,1,0,0,0,2026-08-18T09:51:47.153337+00:00,2026-08-18T09:52:48.837419+00:00
9,174,Lavia,6,MID,45,0.4596,0.9952,0.1,0.198,0.1088,0.0008,1,4,71,1,2026-08-18T09:51:47.153337+00:00,2026-08-18T09:52:48.837419+00:00
9,175,Lukaku,6,FWD,63,0,0,0.0,0.0,0.0,0,1,0,0,0,2026-08-18T09:51:47.153337+00:00,2026-08-18T09:52:48.837419+00:00
9,176,M.Sarr,6,DEF,45,0,0,0.0,0.0,0.0,0,1,0,0,0,2026-08-18T09:51:47.153337+00:00,2026-08-18T09:52:48.837419+00:00
9,177,Madueke,6,MID,65,1.6644,2.5725,0.28,0.2016,0.2765,0.0172,1,1,66,1,2026-08-18T09:51:47.153337+00:00,2026-08-18T09:52:48.837419+00:00
9,178,Marc Guiu,6,FWD,49,0.67,1.2449,0.18,0.1804,0.1818,0.0016,1,0,0,0,2026-08-18T09:51:47.153337+00:00,2026-08-18T09:52:48.837419+00:00
9,179,Mudryk,6,MID,62,0,0,0.0,0.0,0.0,0,1,1,23,0,2026-08-18T09:51:47.153337+00:00,2026-08-18T09:52:48.837419+00:00
9,180,N.Jackson,6,FWD,79,0,0,0.0,0.0,0.0,0,1,9,77,1,2026-08-18T09:51:47.153337+00:00,2026-08-18T09:52:48.837419+00:00
9,181,Nkunku,6,MID,60,1.8556,2.4282,0.45,0.154,0.4308,0.0152,1,0,12,0,2026-08-18T09:51:47.153337+00:00,2026-08-18T09:52:48.837419+00:00
9,182,Palmer,6,MID,109,2.9828,3.789,0.48,0.1456,0.458,0.0772,1,10,90,1,2026-08-18T09:51:47.153337+00:00,2026-08-18T09:52:48.837419+00:00
9,183,Petrović,6,GKP,44,0,0,0.0,0.0,0.0,0,1,0,0,0,2026-08-18T09:51:47.153337+00:00,2026-08-18T09:52:48.837419+00:00
9,184,Renato Veiga,6,MID,45,0,0,0.0,0.0,0.0,0,1,0,0,0,2026-08-18T09:51:47.153337+00:00,2026-08-18T09:52:48.837419+00:00
9,185,Sánchez,6,GKP,47,4.1344,2.6374,0.88,0.0096,0.8192,0.0204,1,1,90,1,2026-08-18T09:51:47.153337+00:00,2026-08-18T09:52:48.837419+00:00
9,187,Tosin,6,DEF,44,0.4896,1.1799,0.1,0.198,0.1088,0.0,1,0,0,0,2026-08-18T09:51:47.153337+00:00,2026-08-18T09:52:48.837419+00:00
9,189,W.Fofana,6,DEF,45,0,0,0.0,0.0,0.0,0,1,1,90,1,2026-08-18T09:51:47.153337+00:00,2026-08-18T09:52:48.837419+00:00
9,386,Sancho,6,MID,64,1.1836,1.7913,0.28,0.2016,0.2765,0.0036,1,0,0,0,2026-08-18T09:51:47.153337+00:00,2026-08-18T09:52:48.837419+00:00
9,560,Neto,6,MID,62,1.5696,1.9925,0.45,0.154,0.4308,0.0072,1,5,90,1,2026-08-18T09:51:47.153337+00:00,2026-08-18T09:52:48.837419+00:00
9,575,Wiley,6,DEF,40,0,0,0.0,0.0,0.0,0,1,0,0,0,2026-08-18T09:51:47.153337+00:00,2026-08-18T09:52:48.837419+00:00
9,581,Jørgensen,6,GKP,43,0.1848,0.8535,0.04,0.0384,0.0403,0.0,1,0,0,0,2026-08-18T09:51:47.153337+00:00,2026-08-18T09:52:48.837419+00:00
9,621,João Félix,6,MID,61,0,0,0.0,0.0,0.0,0,1,0,0,0,2026-08-18T09:51:47.153337+00:00,2026-08-18T09:52:48.837419+00:00
9,695,Rak-Sakyi,6,MID,45,0.466,0.9539,0.1,0.198,0.1088,0.0008,1,,,,2026-08-18T09:51:47.153337+00:00,
9,696,George,6,MID,45,0.4788,1.0026,0.1,0.198,0.1088,0.0008,1,,,,2026-08-18T09:51:47.153337+00:00,
9,697,Acheampong,6,DEF,40,0.5188,1.2315,0.1,0.198,0.1088,0.0012,1,,,,2026-08-18T09:51:47.153337+00:00,
9,740,Maresca,6,MID,15,0.4632,0.9597,0.1,0.198,0.1088,0.0004,1,,,,2026-08-18T09:51:47.153337+00:00,
9,771,Amougou,6,MID,45,0.5032,1.0249,0.1,0.198,0.1088,0.0,1,,,,2026-08-18T09:51:47.153337+00:00,
9,774,Anselmino,6,DEF,40,0.5164,1.2286,0.1,0.198,0.1088,0.0004,1,,,,2026-08-18T09:51:47.153337+00:00,
9,781,Mheuka,6,FWD,45,0.4564,0.9036,0.1,0.198,0.1088,0.0,1,,,,2026-08-18T09:51:47.153337+00:00,
9,782,Samuels-Smith,6,DEF,40,0.5308,1.2888,0.1,0.198,0.1088,0.0008,1,,,,2026-08-18T09:51:47.153337+00:00,
9,787,Genesis Antwi,6,DEF,40,0.4944,1.195,0.1,0.198,0.1088,0.0008,1,,,,2026-08-18T09:51:47.153337+00:00,
9,11,Nketiah,7,FWD,59,1.0844,1.6978,0.28,0.2016,0.2765,0.0048,1,1,23,0,2026-08-18T09:51:47.153337+00:00,2026-08-18T09:52:48.837419+00:00
9,160,Chilwell,7,DEF,47,1.0296,2.0357,0.24,0.1672,0.2366,0.0084,1,0,0,0,2026-08-18T09:51:47.153337+00:00,2026-08-18T09:52:48.837419+00:00
9,190,Ahamada,7,MID,45,0,0,0.0,0.0,0.0,0,1,0,0,0,2026-08-18T09:51:47.153337+00:00,2026-08-18T09:52:48.837419+00:00
9,193,C.Doucouré,7,MID,49,0,0,0.0,0.0,0.0,0,1,0,0,0,2026-08-18T09:51:47.153337+00:00,2026-08-18T09:52:48.837419+00:00
9,194,C.Richards,7,DEF,44,0.8488,1.6533,0.22,0.1716,0.2183,0.0016,1,0,0,0,2026-08-18T09:51:47.153337+00:00,2026-08-18T09:52:48.837419+00:00
9,195,Chadi Riad,7,DEF,43,0,0,0.0,0.0,0.0,0,1,0,0,0,2026-08-18T09:51:47.153337+00:00,2026-08-18T09:52:48.837419+00:00
9,196,Clyne,7,DEF,44,0.3368,0.8674,0.05,0.209,0.0632,0.0,1,0,0,0,2026-08-18T09:51:47.153337+00:00,2026-08-18T09:52:48.837419+00:00
9,197,Ebiowei,7,MID,45,0,0,0.0,0.0,0.0,0,1,0,0,0,2026-08-18T09:51:47.153337+00:00,2026-08-18T09:52:48.837419+00:00
9,199,Eze,7,MID,67,2.186,2.7002,0.48,0.1456,0.458,0.0208,1,6,90,1,2026-08-18T09:51:47.153337+00:00,2026-08-18T09:52:48.837419+00:00
9,200,Guéhi,7,DEF,44,0,0,0.0,0.0,0.0,0,1,6,90,1,2026-08-18T09:51:47.153337+00:00,2026-08-18T09:52:48.837419+00:00
9,201,Henderson,7,GKP,45,0.162,0.802,0.04,0.0384,0.0403,0.0,1,8,90,1,2026-08-18T09:51:47.153337+00:00,2026-08-18T09:52:48.837419+00:00
9,202,Holding,7,DEF,43,0,0,0.0,0.0,0.0,0,1,0,0,0,2026-08-18T09:51:47.153337+00:00,2026-08-18T09:52:48.837419+00:00
9,203,Hughes,7,MID,49,0.9064,1.3711,0.28,0.1584,0.2731,0.0,1,2,68,1,2026-08-18T09:51:47.153337+00:00,2026-08-18T09:52:48.837419+00:00
9,205,Kamada,7,MID,52,0.9196,1.4957,0.28,0.1584,0.2731,0.0012,1,1,2,0,2026-08-18T09:51:47.153337+00:00,2026-08-18T09:52:48.837419+00:00
9,206,Lerma,7,MID,48,0.9576,1.4127,0.28,0.1584,0.2731,0.0008,1,1,21,0,2026-08-18T09:51:47.153337+00:00,2026-08-18T09:52:48.837419+00:00
9,207,Mateta,7,FWD,73,1.392,2.2081,0.28,0.2016,0.2765,0.014,1,8,90,1,2026-08-18T09:51:47.153337+00:00,2026-08-18T09:52:48.837419+00:00
9,208,M.França,7,MID,44,0.4564,0.9586,0.1,0.198,0.1088,0.0,1,0,0,0,2026-08-18T09:51:47.153337+00:00,2026-08-18T09:52:48.837419+00:00
9,209,Matthews,7,GKP,40,0.1532,0.7362,0.04,0.0384,0.0403,0.0,1,0,0,0,2026-08-18T09:51:47.153337+00:00,2026-08-18T09:52:48.837419+00:00
9,210,Mitchell,7,DEF,49,1.694,2.2617,0.48,0.1144,0.4556,0.0068,1,6,90,1,2026-08-18T09:51:47.153337+00:00,2026-08-18T09:52:48.837419+00:00
9,211,Muñoz,7,DEF,48,1.4896,2.1095,0.48,0.1144,0.4556,0.0052,1,5,90,1,2026-08-18T09:51:47.153337+00:00,2026-08-18T09:52:48.837419+00:00
9,212,Ozoh,7,MID,45,0,0,0.0,0.0,0.0,0,1,0,0,0,2026-08-18T09:51:47.153337+00:00,2026-08-18T09:52:48.837419+00:00
9,213,Rak-Sakyi,7,MID,45,0,0,0.0,0.0,0.0,0,1,0,0,0,2026-08-18T09:51:47.153337+00:00,2026-08-18T09:52:48.837419+00:00
9,214,Schlupp,7,MID,48,0,0,0.0,0.0,0.0,0,1,0,0,0,2026-08-18T09:51:47.153337+00:00,2026-08-18T09:52:48.837419+00:00
9,215,Ward,7,DEF,43,0.746,1.5948,0.22,0.1404,0.2158,0.0024,1,0,0,0,2026-08-18T09:51:47.153337+00:00,2026-08-18T09:52:48.837419+00:00
9,216,Wharton,7,MID,48,0,0,0.0,0.0,0.0,0,1,3,87,1,2026-08-18T09:51:47.153337+00:00,2026-08-18T09:52:48.837419+00:00
9,445,Turner,7,GKP,40,3.1468,2.2248,0.88,0.0048,0.8188,0.0004,1,0,0,0,2026-08-18T09:51:47.153337+00:00,2026-08-18T09:52:48.837419+00:00
9,585,I.Sarr,7,MID,58,1.5532,1.9813,0.45,0.154,0.4308,0.0052,1,3,66,1,2026-08-18T09:51:47.153337+00:00,2026-08-18T09:52:48.837419+00:00
9,644,Umeh-Chibueze,7,MID,45,0.47,0.9435,0.1,0.198,0.1088,0.0,1,0,0,0,2026-08-18T09:51:47.153337+00:00,2026-08-18T09:52:48.837419+00:00
9,645,Devenny,7,MID,45,0.4876,0.9858,0.1,0.198,0.1088,0.0004,1,0,0,0,2026-08-18T09:51:47.153337+00:00,2026-08-18T09:52:48.837419+00:00
9,646,Agbinone,7,MID,45,0,0,0.0,0.0,0.0,0,1,0,0,0,2026-08-18T09:51:47.153337+00:00,2026-08-18T09:52:48.837419+00:00
9,647,Rodney,7,MID,45,0.4696,1.0095,0.1,0.198,0.1088,0.0004,1,0,0,0,2026-08-18T09:51:47.153337+00:00,2026-08-18T09:52:48.837419+00:00
9,650,Lacroix,7,DEF,45,0.8532,1.6683,0.22,0.1716,0.2183,0.0008,1,5,90,1,2026-08-18T09:51:47.153337+00:00,2026-08-18T09:52:48.837419+00:00
9,666,Kporha,7,DEF,40,0.5272,1.3083,0.1,0.198,0.1088,0.0004,1,0,0,0,2026-08-18T09:51:47.153337+00:00,2026-08-18T09:52:48.837419+00:00
9,676,Marsh,7,FWD,45,0.4868,0.9748,0.1,0.198,0.1088,0.0004,1,,,,2026-08-18T09:51:47.153337+00:00,
9,730,Esse,7,MID,47,0.6976,1.2802,0.18,0.1804,0.1818,0.0004,1,,,,2026-08-18T09:51:47.153337+00:00,
9,741,Glasner,7,MID,8,0.4992,1.0419,0.1,0.198,0.1088,0.0004,1,,,,2026-08-18T09:51:47.153337+00:00,
9,156,Broja,8,FWD,54,1.0312,1.706,0.28,0.1584,0.2731,0.0044,1,0,0,0,2026-08-18T09:51:47.153337+00:00,2026-08-18T09:52:48.837419+00:00
9,217,A.Doucoure,8,MID,52,0.9604,1.4767,0.28,0.1584,0.2731,0.0008,1,2,79,1,2026-08-18T09:51:47.153337+00:00,2026-08-18T09:52:48.837419+00:00
9,218,Beto,8,FWD,50,0.648,1.2016,0.18,0.1804,0.1818,0.0012,1,7,9,0,2026-08-18T09:51:47.153337+00:00,2026-08-18T09:52:48.837419+00:00
9,219,Branthwaite,8,DEF,48,0,0,0.0,0.0,0.0,0,1,1,4,0,2026-08-18T09:51:47.153337+00:00,2026-08-18T09:52:48.837419+00:00
9,220,Calvert-Lewin,8,FWD,60,1.8896,2.3487,0.48,0.1456,0.458,0.0152,1,2,80,1,2026-08-18T09:51:47.153337+00:00,2026-08-18T09:52:48.837419+00:00
9,221,Coleman,8,DEF,43,0,0,0.0,0.0,0.0,0,1,0,0,0,2026-08-18T09:51:47.153337+00:00,2026-08-18T09:52:48.837419+00:00
9,222,Gana,8,MID,49,0.9784,1.5024,0.28,0.1584,0.2731,0.002,1,2,90,1,2026-08-18T09:51:47.153337+00:00,2026-08-18T09:52:48.837419+00:00
9,223,Garner,8,MID,50,0.6912,1.2698,0.18,0.1804,0.1818,0.0008,1,0,0,0,2026-08-18T09:51:47.153337+00:00,2026-08-18T09:52:48.837419+00:00
9,224,Harrison,8,MID,53,1.0688,1.6605,0.28,0.1584,0.2731,0.0024,1,2,67,1,2026-08-18T09:51:47.153337+00:00,2026-08-18T09:52:48.837419+00:00
9,225,Holgate,8,DEF,40,0,0,0.0,0.0,0.0,0,1,0,0,0,2026-08-18T09:51:47.153337+00:00,2026-08-18T09:52:48.837419+00:00
9,226,Iroegbunam,8,MID,45,0,0,0.0,0.0,0.0,0,1,0,0,0,2026-08-18T09:51:47.153337+00:00,2026-08-18T09:52:48.837419+00:00
9,227,J.Virginia,8,GKP,40,0.18,0.8113,0.04,0.0384,0.0403,0.0,1,0,0,0,2026-08-18T09:51:47.153337+00:00,2026-08-18T09:52:48.837419+00:00
9,228,Keane,8,DEF,42,0.8144,1.6848,0.22,0.1716,0.2183,0.0024,1,2,90,1,2026-08-18T09:51:47.153337+00:00,2026-08-18T09:52:48.837419+00:00
9,229,Maupay,8,FWD,49,0,0,0.0,0.0,0.0,0,1,0,0,0,2026-08-18T09:51:47.153337+00:00,2026-08-18T09:52:48.837419+00:00
9,230,McNeil,8,MID,58,2.2124,2.5286,0.48,0.1456,0.458,0.0124,1,2,85,1,2026-08-18T09:51:47.153337+00:00,2026-08-18T09:52:48.837419+00:00
9,231,Mykolenko,8,DEF,43,0.9408,1.7539,0.22,0.1716,0.2183,0.002,1,2,90,1,2026-08-18T09:51:47.153337+00:00,2026-08-18T09:52:48.837419+00:00
9,232,Ndiaye,8,FWD,54,1.1752,1.7932,0.28,0.1584,0.2731,0.002,1,2,90,1,2026-08-18T09:51:47.153337+00:00,2026-08-18T09:52:48.837419+00:00
9,234,Patterson,8,DEF,44,0.9056,1.7626,0.22,0.1716,0.2183,0.0032,1,0,0,0,2026-08-18T09:51:47.153337+00:00,2026-08-18T09:52:48.837419+00:00
9,235,Pickford,8,GKP,48,3.4116,2.3299,0.88,0.0096,0.8192,0.0004,1,2,90,1,2026-08-18T09:51:47.153337+00:00,2026-08-18T09:52:48.837419+00:00
9,236,Tarkowski,8,DEF,48,0,0,0.0,0.0,0.0,0,1,1,90,1,2026-08-18T09:51:47.153337+00:00,2026-08-18T09:52:48.837419+00:00
9,237,Y. Chermiti,8,FWD,49,0.6992,1.3056,0.18,0.1804,0.1818,0.002,1,0,0,0,2026-08-18T09:51:47.153337+00:00,2026-08-18T09:52:48.837419+00:00
9,238,Young,8,DEF,45,0.9408,1.7591,0.22,0.1716,0.2183,0.0028,1,6,90,1,2026-08-18T09:51:47.153337+00:00,2026-08-18T09:52:48.837419+00:00
9,450,Alcaraz,8,MID,49,0.6872,1.2898,0.18,0.1804,0.1818,0.0004,1,0,0,0,2026-08-18T09:51:47.153337+00:00,2026-08-18T09:52:48.837419+00:00
9,577,Lindstrøm,8,MID,52,0,0,0.0,0.0,0.0,0,1,1,22,0,2026-08-18T09:51:47.153337+00:00,2026-08-18T09:52:48.837419+00:00
9,582,O'Brien,8,DEF,47,0.7968,1.6783,0.18,0.1804,0.1818,0.0044,1,0,0,0,2026-08-18T09:51:47.153337+00:00,2026-08-18T09:52:48.837419+00:00
9,603,Armstrong,8,MID,45,0,0,0.0,0.0,0.0,0,1,0,0,0,2026-08-18T09:51:47.153337+00:00,2026-08-18T09:52:48.837419+00:00
9,614,Metcalfe,8,MID,45,0,0,0.0,0.0,0.0,0,1,0,0,0,2026-08-18T09:51:47.153337+00:00,2026-08-18T09:52:48.837419+00:00
9,624,Begovic,8,GKP,40,0.1704,0.8193,0.04,0.0384,0.0403,0.0004,1,0,0,0,2026-08-18T09:51:47.153337+00:00,2026-08-18T09:52:48.837419+00:00
9,627,Dixon,8,DEF,40,0.4888,1.1771,0.1,0.198,0.1088,0.0008,1,0,0,0,2026-08-18T09:51:47.153337+00:00,2026-08-18T09:52:48.837419+00:00
9,651,Mangala,8,MID,50,0,0,0.0,0.0,0.0,0,1,1,10,0,2026-08-18T09:51:47.153337+00:00,2026-08-18T09:52:48.837419+00:00
9,678,Bates,8,MID,45,0.4472,0.9535,0.1,0.198,0.1088,0.0,1,,,,2026-08-18T09:51:47.153337+00:00,
9,724,Sherif,8,FWD,45,0.4504,0.9195,0.1,0.198,0.1088,0.0,1,,,,2026-08-18T09:51:47.153337+00:00,
9,742,Moyes,8,MID,5,0.4984,1.0507,0.1,0.198,0.1088,0.0008,1,,,,2026-08-18T09:51:47.153337+00:00,
9,773,Heath,8,MID,45,0.5084,1.0419,0.1,0.198,0.1088,0.0008,1,,,,2026-08-18T09:51:47.153337+00:00,
9,775,Coby Ebere,8,MID,45,0.4944,1.0315,0.1,0.198,0.1088,0.0008,1,,,,2026-08-18T09:51:47.153337+00:00,
9,803,Welch,8,DEF,40,0.5268,1.3229,0.1,0.198,0.1088,0.002,1,,,,2026-08-18T09:51:47.153337+00:00,
9,10,Nelson,9,MID,50,0,0,0.0,0.0,0.0,0,1,1,22,0,2026-08-18T09:51:47.153337+00:00,2026-08-18T09:52:48.837419+00:00
9,19,Smith Rowe,9,MID,57,1.2992,1.9846,0.28,0.2016,0.2765,0.0048,1,6,78,1,2026-08-18T09:51:47.153337+00:00,2026-08-18T09:52:48.837419+00:00
9,191,Andersen,9,DEF,43,0.8424,1.5978,0.22,0.1716,0.2183,0.002,1,0,0,0,2026-08-18T09:51:47.153337+00:00,2026-08-18T09:52:48.837419+00:00
9,239,Adama,9,MID,51,1.7552,2.2503,0.48,0.1144,0.4556,0.0084,1,3,67,1,2026-08-18T09:51:47.153337+00:00,2026-08-18T09:52:48.837419+00:00
9,240,Andreas,9,MID,53,1.5992,1.9992,0.48,0.1144,0.4556,0.0056,1,3,78,1,2026-08-18T09:51:47.153337+00:00,2026-08-18T09:52:48.837419+00:00
9,241,Bassey,9,DEF,45,0.6972,1.4198,0.22,0.1716,0.2183,0.0004,1,2,90,1,2026-08-18T09:51:47.153337+00:00,2026-08-18T09:52:48.837419+00:00
9,242,Benda,9,GKP,40,0.1744,0.7773,0.04,0.0384,0.0403,0.0004,1,0,0,0,2026-08-18T09:51:47.153337+00:00,2026-08-18T09:52:48.837419+00:00
9,243,Cairney,9,MID,48,0.6704,1.2237,0.18,0.1804,0.1818,0.0008,1,0,0,0,2026-08-18T09:51:47.153337+00:00,2026-08-18T09:52:48.837419+00:00
9,244,Castagne,9,DEF,42,0,0,0.0,0.0,0.0,0,1,0,0,0,2026-08-18T09:51:47.153337+00:00,2026-08-18T09:52:48.837419+00:00
9,245,Diop,9,DEF,44,0.7288,1.4911,0.22,0.1716,0.2183,0.0016,1,2,90,1,2026-08-18T09:51:47.153337+00:00,2026-08-18T09:52:48.837419+00:00
9,246,Harris,9,MID,45,0,0,0.0,0.0,0.0,0,1,0,0,0,2026-08-18T09:51:47.153337+00:00,2026-08-18T09:52:48.837419+00:00
9,247,Iwobi,9,MID,55,1.8368,2.0311,0.48,0.1456,0.458,0.0044,1,11,90,1,2026-08-18T09:51:47.153337+00:00,2026-08-18T09:52:48.837419+00:00
9,248,Leno,9,GKP,50,2.586,2.0619,0.88,0.0096,0.8192,0.0004,1,3,90,1,2026-08-18T09:51:47.153337+00:00,2026-08-18T09:52:48.837419+00:00
9,249,Lukić,9,MID,49,0.746,1.1898,0.28,0.1584,0.2731,0.0,1,0,0,0,2026-08-18T09:51:47.153337+00:00,2026-08-18T09:52:48.837419+00:00
9,250,Mbabu,9,DEF,40,0,0,0.0,0.0,0.0,0,1,0,0,0,2026-08-18T09:51:47.153337+00:00,2026-08-18T09:52:48.837419+00:00
9,251,Muniz,9,FWD,57,0,0,0.0,0.0,0.0,0,1,1,1,0,2026-08-18T09:51:47.153337+00:00,2026-08-18T09:52:48.837419+00:00
9,252,Raúl,9,FWD,57,1.028,1.6763,0.28,0.2016,0.2765,0.0064,1,2,90,1,2026-08-18T09:51:47.153337+00:00,2026-08-18T09:52:48.837419+00:00
9,253,Ream,9,DEF,45,0,0,0.0,0.0,0.0,0,1,0,0,0,2026-08-18T09:51:47.153337+00:00,2026-08-18T09:52:48.837419+00:00
9,254,Reed,9,MID,48,0,0,0.0,0.0,0.0,0,1,1,11,0,2026-08-18T09:51:47.153337+00:00,2026-08-18T09:52:48.837419+00:00
9,255,Robinson,9,DEF,47,1.5592,2.0365,0.48,0.1144,0.4556,0.0024,1,2,90,1,2026-08-18T09:51:47.153337+00:00,2026-08-18T09:52:48.837419+00:00
9,256,Stansfield,9,FWD,50,0,0,0.0,0.0,0.0,0,1,0,0,0,2026-08-18T09:51:47.153337+00:00,2026-08-18T09:52:48.837419+00:00
9,257,Tete,9,DEF,45,0.6788,1.4004,0.22,0.1716,0.2183,0.0012,1,2,90,1,2026-08-18T09:51:47.153337+00:00,2026-08-18T09:52:48.837419+00:00
9,258,Vinicius,9,FWD,50,0.9388,1.4854,0.28,0.1584,0.2731,0.0032,1,0,0,0,2026-08-18T09:51:47.153337+00:00,2026-08-18T09:52:48.837419+00:00
9,259,Wilson,9,MID,53,0.7284,1.3258,0.18,0.1804,0.1818,0.0016,1,1,11,0,2026-08-18T09:51:47.153337+00:00,2026-08-18T09:52:48.837419+00:00
9,579,Sessegnon,9,DEF,43,0.4968,1.1388,0.1,0.198,0.1088,0.0,1,0,0,0,2026-08-18T09:51:47.153337+00:00,2026-08-18T09:52:48.837419+00:00
9,586,J.Cuenca,9,DEF,44,0.4652,1.1453,0.1,0.198,0.1088,0.0004,1,1,1,0,2026-08-18T09:51:47.153337+00:00,2026-08-18T09:52:48.837419+00:00
9,604,King,9,MID,45,0.49,0.9777,0.1,0.198,0.1088,0.0004,1,0,0,0,2026-08-18T09:51:47.153337+00:00,2026-08-18T09:52:48.837419+00:00
9,605,Godo,9,MID,45,0.4344,0.878,0.1,0.198,0.1088,0.0,1,0,0,0,2026-08-18T09:51:47.153337+00:00,2026-08-18T09:52:48.837419+00:00
9,622,Berge,9,MID,50,0.6464,1.1891,0.18,0.1804,0.1818,0.0016,1,2,90,1,2026-08-18T09:51:47.153337+00:00,2026-08-18T09:52:48.837419+00:00
9,690,Amissah,9,DEF,40,0.4408,1.0391,0.1,0.198,0.1088,0.0,1,,,,2026-08-18T09:51:47.153337+00:00,
9,753,Silva,9,MID,11,0.4448,0.9424,0.1,0.198,0.1088,0.0,1,,,,2026-08-18T09:51:47.153337+00:00,
9,772,Willian,9,MID,50,3.3948,2.824,0.82,0.0324,0.7652,0.0368,1,,,,2026-08-18T09:51:47.153337+00:00,
9,121,Enciso,10,MID,54,0.7032,1.2874,0.18,0.1804,0.1818,0.0008,1,1,1,0,2026-08-18T09:51:47.153337+00:00,2026-08-18T09:52:48.837419+00:00
9,260,Al-Hamadi,10,FWD,49,0,0,0.0,0.0,0.0,0,1,0,0,0,2026-08-18T09:51:47.153337+00:00,2026-08-18T09:52:48.837419+00:00
9,261,Baggott,10,DEF,40,0,0,0.0,0.0,0.0,0,1,0,0,0,2026-08-18T09:51:47.153337+00:00,2026-08-18T09:52:48.837419+00:00
9,262,Broadhead,10,MID,49,0.6804,1.2243,0.18,0.1804,0.1818,0.0004,1,0,0,0,2026-08-18T09:51:47.153337+00:00,2026-08-18T09:52:48.837419+00:00
9,263,Burgess,10,DEF,39,0.4676,1.0983,0.1,0.198,0.1088,0.0004,1,0,90,1,2026-08-18T09:51:47.153337+00:00,2026-08-18T09:52:48.837419+00:00
9,264,Burns,10,MID,49,0,0,0.0,0.0,0.0,0,1,1,55,1,2026-08-18T09:51:47.153337+00:00,2026-08-18T09:52:48.837419+00:00
9,265,Chaplin,10,MID,52,0.6152,1.1858,0.18,0.1804,0.1818,0.0008,1,5,72,1,2026-08-18T09:51:47.153337+00:00,2026-08-18T09:52:48.837419+00:00
9,266,H.Clarke,10,DEF,40,0,0,0.0,0.0,0.0,0,1,-5,68,1,2026-08-18T09:51:47.153337+00:00,2026-08-18T09:52:48.837419+00:00
9,267,Davis,10,DEF,45,0.8728,1.6626,0.22,0.1716,0.2183,0.0012,1,2,90,1,2026-08-18T09:51:47.153337+00:00,2026-08-18T09:52:48.837419+00:00
9,268,Delap,10,FWD,57,1.5884,1.8726,0.48,0.1456,0.458,0.0052,1,5,17,0,2026-08-18T09:51:47.153337+00:00,2026-08-18T09:52:48.837419+00:00
9,269,Edmundson,10,DEF,40,0,0,0.0,0.0,0.0,0,1,0,0,0,2026-08-18T09:51:47.153337+00:00,2026-08-18T09:52:48.837419+00:00
9,270,Greaves,10,DEF,41,0.7452,1.4583,0.22,0.1716,0.2183,0.0024,1,0,0,0,2026-08-18T09:51:47.153337+00:00,2026-08-18T09:52:48.837419+00:00
9,271,Harness,10,MID,49,0,0,0.0,0.0,0.0,0,1,0,0,0,2026-08-18T09:51:47.153337+00:00,2026-08-18T09:52:48.837419+00:00
9,272,Hirst,10,FWD,54,0.7796,1.5659,0.18,0.1804,0.1818,0.0056,1,11,72,1,2026-08-18T09:51:47.153337+00:00,2026-08-18T09:52:48.837419+00:00
9,273,Humphreys,10,MID,45,0,0,0.0,0.0,0.0,0,1,0,0,0,2026-08-18T09:51:47.153337+00:00,2026-08-18T09:52:48.837419+00:00
9,274,Hutchinson,10,MID,53,1.2656,1.4969,0.48,0.1144,0.4556,0.0008,1,0,0,0,2026-08-18T09:51:47.153337+00:00,2026-08-18T09:52:48.837419+00:00
9,275,Johnson,10,DEF,40,0.462,1.1111,0.1,0.198,0.1088,0.0012,1,0,0,0,2026-08-18T09:51:47.153337+00:00,2026-08-18T09:52:48.837419+00:00
9,276,Ladapo,10,FWD,45,0,0,0.0,0.0,0.0,0,1,0,0,0,2026-08-18T09:51:47.153337+00:00,2026-08-18T09:52:48.837419+00:00
9,277,Luongo,10,MID,45,0.4172,0.8995,0.1,0.198,0.1088,0.0,1,0,0,0,2026-08-18T09:51:47.153337+00:00,2026-08-18T09:52:48.837419+00:00
9,278,Morsy,10,MID,49,1.28,1.4596,0.48,0.1144,0.4556,0.0008,1,0,0,0,2026-08-18T09:51:47.153337+00:00,2026-08-18T09:52:48.837419+00:00
9,279,Ndaba,10,DEF,40,0,0,0.0,0.0,0.0,0,1,0,0,0,2026-08-18T09:51:47.153337+00:00,2026-08-18T09:52:48.837419+00:00
9,280,Slicker,10,GKP,40,0.1916,0.8323,0.04,0.0384,0.0403,0.0,1,0,0,0,2026-08-18T09:51:47.153337+00:00,2026-08-18T09:52:48.837419+00:00
9,281,Taylor,10,MID,48,0.6296,1.1497,0.18,0.1804,0.1818,0.0,1,0,0,0,2026-08-18T09:51:47.153337+00:00,2026-08-18T09:52:48.837419+00:00
9,282,Tuanzebe,10,DEF,40,0.6732,1.3278,0.22,0.1716,0.2183,0.0,1,0,0,0,2026-08-18T09:51:47.153337+00:00,2026-08-18T09:52:48.837419+00:00
9,283,Walton,10,GKP,44,2.7528,2.0705,0.88,0.0048,0.8188,0.0012,1,0,0,0,2026-08-18T09:51:47.153337+00:00,2026-08-18T09:52:48.837419+00:00
9,284,Woolfenden,10,DEF,40,0.7004,1.3462,0.22,0.1716,0.2183,0.0004,1,1,17,0,2026-08-18T09:51:47.153337+00:00,2026-08-18T09:52:48.837419+00:00
9,359,Phillips,10,MID,49,0,0,0.0,0.0,0.0,0,1,2,90,1,2026-08-18T09:51:47.153337+00:00,2026-08-18T09:52:48.837419+00:00
9,568,Muric,10,GKP,44,0,0,0.0,0.0,0.0,0,1,2,90,1,2026-08-18T09:51:47.153337+00:00,2026-08-18T09:52:48.837419+00:00
9,569,Jaden,10,MID,53,0,0,0.0,0.0,0.0,0,1,0,0,0,2026-08-18T09:51:47.153337+00:00,2026-08-18T09:52:48.837419+00:00
9,583,Townsend,10,DEF,40,0.34,0.8313,0.05,0.209,0.0632,0.0,1,1,1,0,2026-08-18T09:51:47.153337+00:00,2026-08-18T09:52:48.837419+00:00
9,611,Szmodics,10,MID,58,1.1112,1.745,0.28,0.2016,0.2765,0.004,1,7,72,1,2026-08-18T09:51:47.153337+00:00,2026-08-18T09:52:48.837419+00:00
9,619,Cajuste,10,MID,45,0.4396,0.8788,0.1,0.198,0.1088,0.0,1,2,90,1,2026-08-18T09:51:47.153337+00:00,2026-08-18T09:52:48.837419+00:00
9,630,O'Shea,10,DEF,40,0.736,1.4291,0.22,0.1716,0.2183,0.0008,1,0,90,1,2026-08-18T09:51:47.153337+00:00,2026-08-18T09:52:48.837419+00:00
9,631,J.Clarke,10,MID,55,1.002,1.5527,0.28,0.2016,0.2765,0.0028,1,1,17,0,2026-08-18T09:51:47.153337+00:00,2026-08-18T09:52:48.837419+00:00
9,632,Ogbene,10,MID,50,0,0,0.0,0.0,0.0,0,1,1,34,0,2026-08-18T09:51:47.153337+00:00,2026-08-18T09:52:48.837419+00:00
9,715,Godfrey,10,DEF,40,0.842,1.66,0.22,0.1716,0.2183,0.0028,1,,,,2026-08-18T09:51:47.153337+00:00,
9,743,McKenna,10,MID,5,0.4388,0.8954,0.1,0.198,0.1088,0.0,1,,,,2026-08-18T09:51:47.153337+00:00,
9,764,Palmer,10,GKP,45,0.1152,0.5745,0.04,0.0384,0.0403,0.0,1,,,,2026-08-18T09:51:47.153337+00:00,
9,799,Boniface,10,DEF,40,0.4664,1.1138,0.1,0.198,0.1088,0.0008,1,,,,2026-08-18T09:51:47.153337+00:00,
9,800,Tom Taylor,10,MID,45,0.4544,0.9214,0.1,0.198,0.1088,0.0004,1,,,,2026-08-18T09:51:47.153337+00:00,
9,117,Buonanotte,11,MID,50,1.1336,1.9431,0.28,0.1584,0.2731,0.0044,1,2,90,1,2026-08-18T09:51:47.153337+00:00,2026-08-18T09:52:48.837419+00:00
9,192,J.Ayew,11,MID,52,1.0748,1.6961,0.28,0.1584,0.2731,0.0024,1,0,22,0,2026-08-18T09:51:47.153337+00:00,2026-08-18T09:52:48.837419+00:00
9,198,Edouard,11,FWD,53,0.7164,1.2759,0.18,0.1804,0.1818,0.0012,1,0,0,0,2026-08-18T09:51:47.153337+00:00,2026-08-18T09:52:48.837419+00:00
9,285,B.Soumaré,11,MID,44,0.468,0.9801,0.1,0.198,0.1088,0.0012,1,0,16,0,2026-08-18T09:51:47.153337+00:00,2026-08-18T09:52:48.837419+00:00
9,286,Cannon,11,FWD,45,0,0,0.0,0.0,0.0,0,1,0,0,0,2026-08-18T09:51:47.153337+00:00,2026-08-18T09:52:48.837419+00:00
9,287,Choudhury,11,MID,44,0,0,0.0,0.0,0.0,0,1,0,0,0,2026-08-18T09:51:47.153337+00:00,2026-08-18T09:52:48.837419+00:00
9,288,Coady,11,DEF,40,0.4844,1.1334,0.1,0.198,0.1088,0.0004,1,0,0,0,2026-08-18T09:51:47.153337+00:00,2026-08-18T09:52:48.837419+00:00
9,289,Daka,11,FWD,48,0.6184,1.1166,0.18,0.1804,0.1818,0.0004,1,0,0,0,2026-08-18T09:51:47.153337+00:00,2026-08-18T09:52:48.837419+00:00
9,290,De Cordova-Reid,11,MID,52,0,0,0.0,0.0,0.0,0,1,0,0,0,2026-08-18T09:51:47.153337+00:00,2026-08-18T09:52:48.837419+00:00
9,291,Faes,11,DEF,42,0.8656,1.6949,0.22,0.1716,0.2183,0.0036,1,1,90,1,2026-08-18T09:51:47.153337+00:00,2026-08-18T09:52:48.837419+00:00
9,292,Golding,11,MID,44,0.4368,0.8948,0.1,0.198,0.1088,0.0,1,0,0,0,2026-08-18T09:51:47.153337+00:00,2026-08-18T09:52:48.837419+00:00
9,293,Hermansen,11,GKP,45,0,0,0.0,0.0,0.0,0,1,1,90,1,2026-08-18T09:51:47.153337+00:00,2026-08-18T09:52:48.837419+00:00
9,294,Iversen,11,GKP,40,3.0252,2.2293,0.88,0.0048,0.8188,0.0012,1,0,0,0,2026-08-18T09:51:47.153337+00:00,2026-08-18T09:52:48.837419+00:00
9,295,Justin,11,DEF,46,1.7516,2.2723,0.48,0.1144,0.4556,0.0044,1,1,90,1,2026-08-18T09:51:47.153337+00:00,2026-08-18T09:52:48.837419+00:00
9,296,Kristiansen,11,DEF,45,0.84,1.6214,0.22,0.1716,0.2183,0.0008,1,0,0,0,2026-08-18T09:51:47.153337+00:00,2026-08-18T09:52:48.837419+00:00
9,297,Marcal,11,MID,45,0,0,0.0,0.0,0.0,0,1,0,0,0,2026-08-18T09:51:47.153337+00:00,2026-08-18T09:52:48.837419+00:00
9,298,Mavididi,11,MID,53,0,0,0.0,0.0,0.0,0,1,1,67,1,2026-08-18T09:51:47.153337+00:00,2026-08-18T09:52:48.837419+00:00
9,299,McAteer,11,MID,48,0.75,1.3447,0.18,0.1804,0.1818,0.0004,1,0,0,0,2026-08-18T09:51:47.153337+00:00,2026-08-18T09:52:48.837419+00:00
9,300,Ndidi,11,MID,50,1.4184,1.7593,0.48,0.1144,0.4556,0.0036,1,2,73,1,2026-08-18T09:51:47.153337+00:00,2026-08-18T09:52:48.837419+00:00
9,301,Okoli,11,DEF,40,0.86,1.6358,0.22,0.1716,0.2183,0.0012,1,1,90,1,2026-08-18T09:51:47.153337+00:00,2026-08-18T09:52:48.837419+00:00
9,302,Ricardo,11,DEF,43,0.534,1.2806,0.1,0.198,0.1088,0.0016,1,0,67,1,2026-08-18T09:51:47.153337+00:00,2026-08-18T09:52:48.837419+00:00
9,303,Souttar,11,DEF,40,0,0,0.0,0.0,0.0,0,1,0,0,0,2026-08-18T09:51:47.153337+00:00,2026-08-18T09:52:48.837419+00:00
9,304,Stolarczyk,11,GKP,40,0.1576,0.729,0.04,0.0384,0.0403,0.0,1,0,0,0,2026-08-18T09:51:47.153337+00:00,2026-08-18T09:52:48.837419+00:00
9,305,Thomas,11,DEF,39,0.772,1.5769,0.22,0.1716,0.2183,0.0016,1,0,0,0,2026-08-18T09:51:47.153337+00:00,2026-08-18T09:52:48.837419+00:00
9,306,Vardy,11,FWD,57,1.894,2.2687,0.48,0.1456,0.458,0.01,1,8,90,1,2026-08-18T09:51:47.153337+00:00,2026-08-18T09:52:48.837419+00:00
9,307,Vestergaard,11,DEF,40,0.5116,1.1876,0.1,0.198,0.1088,0.0,1,0,0,0,2026-08-18T09:51:47.153337+00:00,2026-08-18T09:52:48.837419+00:00
9,308,Ward,11,GKP,40,0.1848,0.8259,0.04,0.0384,0.0403,0.0004,1,0,0,0,2026-08-18T09:51:47.153337+00:00,2026-08-18T09:52:48.837419+00:00
9,309,Winks,11,MID,45,0.8232,1.3215,0.28,0.1584,0.2731,0.0008,1,4,90,1,2026-08-18T09:51:47.153337+00:00,2026-08-18T09:52:48.837419+00:00
9,501,Skipp,11,MID,49,0.8844,1.3205,0.28,0.1584,0.2731,0.0004,1,0,0,0,2026-08-18T09:51:47.153337+00:00,2026-08-18T09:52:48.837419+00:00
9,570,A.Fatawu,11,MID,54,0,0,0.0,0.0,0.0,0,1,2,90,1,2026-08-18T09:51:47.153337+00:00,2026-08-18T09:52:48.837419+00:00
9,606,Alves,11,MID,45,0,0,0.0,0.0,0.0,0,1,0,0,0,2026-08-18T09:51:47.153337+00:00,2026-08-18T09:52:48.837419+00:00
9,616,Nelson,11,DEF,40,0,0,0.0,0.0,0.0,0,1,0,0,0,2026-08-18T09:51:47.153337+00:00,2026-08-18T09:52:48.837419+00:00
9,635,El Khannouss,11,MID,49,0.7008,1.3363,0.18,0.1804,0.1818,0.0016,1,1,22,0,2026-08-18T09:51:47.153337+00:00,2026-08-18T09:52:48.837419+00:00
9,694,Cartwright,11,MID,45,0.4536,0.9643,0.1,0.198,0.1088,0.0004,1,,,,2026-08-18T09:51:47.153337+00:00,
9,708,Wilson-Brown,11,DEF,40,0,0,0.0,0.0,0.0,0,1,,,,2026-08-18T09:51:47.153337+00:00,
9,726,Coulibaly,11,DEF,40,0.4872,1.1775,0.1,0.198,0.1088,0.0004,1,,,,2026-08-18T09:51:47.153337+00:00,
9,754,Van Nistelrooy,11,MID,5,0.4724,0.9952,0.1,0.198,0.1088,0.0,1,,,,2026-08-18T09:51:47.153337+00:00,
9,792,Monga,11,MID,45,0.4632,1.0005,0.1,0.198,0.1088,0.0008,1,,,,2026-08-18T09:51:47.153337+00:00,
9,796,Olabade Aluko,11,DEF,40,0.5224,1.2569,0.1,0.198,0.1088,0.0008,1,,,,2026-08-18T09:51:47.153337+00:00,
9,797,Jake Evans,11,MID,45,0.4868,0.9494,0.1,0.198,0.1088,0.0,1,,,,2026-08-18T09:51:47.153337+00:00,
9,802,Braybrooke,11,MID,45,0.4508,0.9916,0.1,0.198,0.1088,0.0004,1,,,,2026-08-18T09:51:47.153337+00:00,
9,310,A.Becker,12,GKP,54,3.4024,2.3066,0.88,0.0096,0.8192,0.0028,1,0,0,0,2026-08-18T09:51:47.153337+00:00,2026-08-18T09:52:48.837419+00:00
9,311,Alexander-Arnold,12,DEF,71,1.9828,2.5853,0.48,0.1456,0.458,0.0148,1,1,90,1,2026-08-18T09:51:47.153337+00:00,2026-08-18T09:52:48.837419+00:00
9,312,Bajcetic,12,MID,45,0,0,0.0,0.0,0.0,0,1,0,0,0,2026-08-18T09:51:47.153337+00:00,2026-08-18T09:52:48.837419+00:00
9,313,Bradley,12,DEF,47,0.6744,1.4426,0.18,0.1804,0.1818,0.0024,1,0,0,0,2026-08-18T09:51:47.153337+00:00,2026-08-18T09:52:48.837419+00:00
9,315,Clark,12,MID,45,0,0,0.0,0.0,0.0,0,1,0,0,0,2026-08-18T09:51:47.153337+00:00,2026-08-18T09:52:48.837419+00:00
9,316,Darwin,12,FWD,71,2.2616,2.1382,0.72,0.0784,0.6759,0.016,1,4,90,1,2026-08-18T09:51:47.153337+00:00,2026-08-18T09:52:48.837419+00:00
9,317,Diogo J.,12,MID,74,1.3056,2.0878,0.28,0.2016,0.2765,0.0056,1,0,0,0,2026-08-18T09:51:47.153337+00:00,2026-08-18T09:52:48.837419+00:00
9,318,Doak,12,MID,45,0,0,0.0,0.0,0.0,0,1,0,0,0,2026-08-18T09:51:47.153337+00:00,2026-08-18T09:52:48.837419+00:00
9,319,Elliott,12,MID,52,0.7344,1.3365,0.18,0.1804,0.1818,0.0012,1,0,0,0,2026-08-18T09:51:47.153337+00:00,2026-08-18T09:52:48.837419+00:00
9,320,Endo,12,MID,48,0.6224,1.1553,0.18,0.1804,0.1818,0.0004,1,1,1,0,2026-08-18T09:51:47.153337+00:00,2026-08-18T09:52:48.837419+00:00
9,321,Gakpo,12,FWD,71,2.2124,2.0377,0.72,0.0784,0.6759,0.0108,1,1,27,0,2026-08-18T09:51:47.153337+00:00,2026-08-18T09:52:48.837419+00:00
9,322,Gomez,12,DEF,48,0.6136,1.3204,0.18,0.1804,0.1818,0.0012,1,0,0,0,2026-08-18T09:51:47.153337+00:00,2026-08-18T09:52:48.837419+00:00
9,323,Gravenberch,12,MID,50,0,0,0.0,0.0,0.0,0,1,2,90,1,2026-08-18T09:51:47.153337+00:00,2026-08-18T09:52:48.837419+00:00
9,324,Jones,12,MID,53,0.7212,1.3886,0.18,0.1804,0.1818,0.0016,1,2,90,1,2026-08-18T09:51:47.153337+00:00,2026-08-18T09:52:48.837419+00:00
9,325,Kelleher,12,GKP,44,0.1796,0.8057,0.04,0.0384,0.0403,0.0,1,1,90,1,2026-08-18T09:51:47.153337+00:00,2026-08-18T09:52:48.837419+00:00
9,326,Konaté,12,DEF,53,0.8348,1.6094,0.28,0.1584,0.2731,0.0032,1,1,90,1,2026-08-18T09:51:47.153337+00:00,2026-08-18T09:52:48.837419+00:00
9,327,Luis Díaz,12,MID,79,1.7068,2.6972,0.28,0.2016,0.2765,0.02,1,5,62,1,2026-08-18T09:51:47.153337+00:00,2026-08-18T09:52:48.837419+00:00
9,328,M.Salah,12,MID,126,3.0684,3.6266,0.48,0.1456,0.458,0.0632,1,10,90,1,2026-08-18T09:51:47.153337+00:00,2026-08-18T09:52:48.837419+00:00
9,329,Mac Allister,12,MID,62,0,0,0.0,0.0,0.0,0,1,1,62,1,2026-08-18T09:51:47.153337+00:00,2026-08-18T09:52:48.837419+00:00
9,330,McConnell,12,MID,45,0.4624,0.9253,0.1,0.198,0.1088,0.0,1,0,0,0,2026-08-18T09:51:47.153337+00:00,2026-08-18T09:52:48.837419+00:00
9,331,Morton,12,MID,44,0.4632,0.8882,0.1,0.198,0.1088,0.0,1,0,0,0,2026-08-18T09:51:47.153337+00:00,2026-08-18T09:52:48.837419+00:00
9,332,N.Phillips,12,DEF,40,0,0,0.0,0.0,0.0,0,1,0,0,0,2026-08-18T09:51:47.153337+00:00,2026-08-18T09:52:48.837419+00:00
9,333,Quansah,12,DEF,40,0.486,1.1285,0.1,0.198,0.1088,0.0004,1,0,0,0,2026-08-18T09:51:47.153337+00:00,2026-08-18T09:52:48.837419+00:00
9,334,R.Williams,12,DEF,40,0,0,0.0,0.0,0.0,0,1,0,0,0,2026-08-18T09:51:47.153337+00:00,2026-08-18T09:52:48.837419+00:00
9,335,Robertson,12,DEF,60,1.0268,1.8422,0.28,0.2016,0.2765,0.0064,1,1,62,1,2026-08-18T09:51:47.153337+00:00,2026-08-18T09:52:48.837419+00:00
9,336,Szoboszlai,12,MID,64,1.0812,1.7679,0.28,0.2016,0.2765,0.004,1,1,27,0,2026-08-18T09:51:47.153337+00:00,2026-08-18T09:52:48.837419+00:00
9,337,Tsimikas,12,DEF,46,0.6616,1.3725,0.18,0.1804,0.1818,0.0012,1,1,27,0,2026-08-18T09:51:47.153337+00:00,2026-08-18T09:52:48.837419+00:00
9,339,Virgil,12,DEF,61,1.604,2.1401,0.48,0.1456,0.458,0.0044,1,7,90,1,2026-08-18T09:51:47.153337+00:00,2026-08-18T09:52:48.837419+00:00
9,636,Chiesa,12,MID,68,1.6476,2.1423,0.45,0.154,0.4308,0.0088,1,0,0,0,2026-08-18T09:51:47.153337+00:00,2026-08-18T09:52:48.837419+00:00
9,660,Jaros,12,GKP,40,0.26,1.1154,0.04,0.0384,0.0403,0.0012,1,0,0,0,2026-08-18T09:51:47.153337+00:00,2026-08-18T09:52:48.837419+00:00
9,669,Davies,12,GKP,40,0.152,0.7459,0.04,0.0384,0.0403,0.0,1,0,0,0,2026-08-18T09:51:47.153337+00:00,2026-08-18T09:52:48.837419+00:00
9,688,Nyoni,12,MID,45,0.4692,0.9346,0.1,0.198,0.1088,0.0004,1,,,,2026-08-18T09:51:47.153337+00:00,
9,692,Nallo,12,DEF,40,0.454,1.1025,0.1,0.198,0.1088,0.0,1,,,,2026-08-18T09:51:47.153337+00:00,
9,709,Danns,12,FWD,45,0,0,0.0,0.0,0.0,0,1,,,,2026-08-18T09:51:47.153337+00:00,
9,744,Slot,12,MID,15,0.4556,0.9245,0.1,0.198,0.1088,0.0,1,,,,2026-08-18T09:51:47.153337+00:00,
9,340,Akanji,13,DEF,55,1.1492,1.904,0.28,0.2016,0.2765,0.0032,1,6,90,1,2026-08-18T09:51:47.153337+00:00,2026-08-18T09:52:48.837419+00:00
9,341,Aké,13,DEF,53,0.7968,1.6523,0.18,0.1804,0.1818,0.0028,1,0,0,0,2026-08-18T09:51:47.153337+00:00,2026-08-18T09:52:48.837419+00:00
9,342,Bernardo,13,MID,65,1.2856,2.0737,0.28,0.2016,0.2765,0.0076,1,3,90,1,2026-08-18T09:51:47.153337+00:00,2026-08-18T09:52:48.837419+00:00
9,343,Bobb,13,MID,47,0.7784,1.5398,0.18,0.1804,0.1818,0.0032,1,0,0,0,2026-08-18T09:51:47.153337+00:00,2026-08-18T09:52:48.837419+00:00
9,344,Carson,13,GKP,40,0.164,0.7791,0.04,0.0384,0.0403,0.0,1,0,0,0,2026-08-18T09:51:47.153337+00:00,2026-08-18T09:52:48.837419+00:00
9,345,De Bruyne,13,MID,94,1.5712,2.5682,0.28,0.2016,0.2765,0.0216,1,0,0,0,2026-08-18T09:51:47.153337+00:00,2026-08-18T09:52:48.837419+00:00
9,346,Doku,13,MID,63,1.1784,1.8974,0.28,0.2016,0.2765,0.0068,1,0,0,0,2026-08-18T09:51:47.153337+00:00,2026-08-18T09:52:48.837419+00:00
9,347,Ederson M.,13,GKP,55,2.8752,2.2423,0.88,0.0096,0.8192,0.0012,1,6,90,1,2026-08-18T09:51:47.153337+00:00,2026-08-18T09:52:48.837419+00:00
9,348,Foden,13,MID,92,3.192,3.0902,0.72,0.0784,0.6759,0.0476,1,3,90,1,2026-08-18T09:51:47.153337+00:00,2026-08-18T09:52:48.837419+00:00
9,349,Grealish,13,MID,64,1.1796,1.944,0.28,0.2016,0.2765,0.0088,1,0,0,0,2026-08-18T09:51:47.153337+00:00,2026-08-18T09:52:48.837419+00:00
9,350,Gvardiol,13,DEF,61,1.3504,2.2114,0.28,0.2016,0.2765,0.0084,1,9,90,1,2026-08-18T09:51:47.153337+00:00,2026-08-18T09:52:48.837419+00:00
9,351,Haaland,13,FWD,154,3.2908,4.0587,0.48,0.1456,0.458,0.0988,1,6,90,1,2026-08-18T09:51:47.153337+00:00,2026-08-18T09:52:48.837419+00:00
9,352,J.Alvarez,13,FWD,70,0,0,0.0,0.0,0.0,0,1,0,0,0,2026-08-18T09:51:47.153337+00:00,2026-08-18T09:52:48.837419+00:00
9,353,João Cancelo,13,DEF,53,0,0,0.0,0.0,0.0,0,1,0,0,0,2026-08-18T09:51:47.153337+00:00,2026-08-18T09:52:48.837419+00:00
9,354,Kovačić,13,MID,56,1.2776,2.0848,0.28,0.2016,0.2765,0.0072,1,2,90,1,2026-08-18T09:51:47.153337+00:00,2026-08-18T09:52:48.837419+00:00
9,355,Lewis,13,DEF,48,1.1752,2.024,0.28,0.1584,0.2731,0.0068,1,6,90,1,2026-08-18T09:51:47.153337+00:00,2026-08-18T09:52:48.837419+00:00
9,356,Matheus N.,13,MID,49,0.684,1.3327,0.18,0.1804,0.1818,0.0012,1,6,85,1,2026-08-18T09:51:47.153337+00:00,2026-08-18T09:52:48.837419+00:00
9,357,McAtee,13,MID,47,0.7,1.3082,0.18,0.1804,0.1818,0.0008,1,0,0,0,2026-08-18T09:51:47.153337+00:00,2026-08-18T09:52:48.837419+00:00
9,358,Ortega Moreno,13,GKP,53,0.4032,1.2444,0.08,0.0736,0.0803,0.0004,1,0,0,0,2026-08-18T09:51:47.153337+00:00,2026-08-18T09:52:48.837419+00:00
9,360,Rodrigo,13,MID,63,1.6976,2.1659,0.45,0.154,0.4308,0.008,1,0,0,0,2026-08-18T09:51:47.153337+00:00,2026-08-18T09:52:48.837419+00:00
9,361,Rúben,13,DEF,55,1.0484,1.9159,0.28,0.2016,0.2765,0.006,1,7,90,1,2026-08-18T09:51:47.153337+00:00,2026-08-18T09:52:48.837419+00:00
9,362,Stones,13,DEF,53,0,0,0.0,0.0,0.0,0,1,1,1,0,2026-08-18T09:51:47.153337+00:00,2026-08-18T09:52:48.837419+00:00
9,363,Walker,13,DEF,53,0,0,0.0,0.0,0.0,0,1,0,0,0,2026-08-18T09:51:47.153337+00:00,2026-08-18T09:52:48.837419+00:00
9,571,Savinho,13,MID,65,1.2968,2.0731,0.28,0.2016,0.2765,0.0076,1,6,90,1,2026-08-18T09:51:47.153337+00:00,2026-08-18T09:52:48.837419+00:00
9,607,O’Reilly,13,MID,50,0.722,1.3481,0.18,0.1804,0.1818,0.0008,1,0,0,0,2026-08-18T09:51:47.153337+00:00,2026-08-18T09:52:48.837419+00:00
9,625,Gündogan,13,MID,65,1.3,2.0905,0.28,0.2016,0.2765,0.01,1,1,4,0,2026-08-18T09:51:47.153337+00:00,2026-08-18T09:52:48.837419+00:00
9,626,Kaboré,13,DEF,45,0,0,0.0,0.0,0.0,0,1,0,0,0,2026-08-18T09:51:47.153337+00:00,2026-08-18T09:52:48.837419+00:00
9,671,Wright,13,MID,45,0,0,0.0,0.0,0.0,0,1,,,,2026-08-18T09:51:47.153337+00:00,
9,672,Simpson-Pusey,13,DEF,40,0.5236,1.219,0.1,0.198,0.1088,0.0004,1,,,,2026-08-18T09:51:47.153337+00:00,
9,675,Wilson-Esbrand,13,DEF,40,0,0,0.0,0.0,0.0,0,1,,,,2026-08-18T09:51:47.153337+00:00,
9,698,Mubama,13,FWD,45,0.4468,0.9331,0.1,0.198,0.1088,0.0004,1,,,,2026-08-18T09:51:47.153337+00:00,
9,703,Alleyne,13,DEF,40,0.548,1.3003,0.1,0.198,0.1088,0.0012,1,,,,2026-08-18T09:51:47.153337+00:00,
9,704,Brits,13,GKP,40,0.1896,0.8402,0.04,0.0384,0.0403,0.0004,1,,,,2026-08-18T09:51:47.153337+00:00,
9,732,Khusanov,13,DEF,50,0.7988,1.6855,0.18,0.1804,0.1818,0.004,1,,,,2026-08-18T09:51:47.153337+00:00,
9,733,Vitor Reis,13,DEF,45,0.5452,1.3383,0.1,0.198,0.1088,0.0004,1,,,,2026-08-18T09:51:47.153337+00:00,
9,736,Guardiola,13,MID,15,0.474,0.939,0.1,0.198,0.1088,0.0,1,,,,2026-08-18T09:51:47.153337+00:00,
9,755,Marmoush,13,FWD,74,2.3868,2.2682,0.72,0.0784,0.6759,0.0172,1,,,,2026-08-18T09:51:47.153337+00:00,
9,765,N.Gonzalez,13,MID,60,1.6948,2.0795,0.45,0.154,0.4308,0.006,1,,,,2026-08-18T09:51:47.153337+00:00,
9,785,Echeverri,13,MID,58,1.5512,1.9712,0.45,0.154,0.4308,0.0064,1,,,,2026-08-18T09:51:47.153337+00:00,
9,364,Amad,14,MID,50,0.948,1.4723,0.28,0.1584,0.2731,0.0004,1,1,31,0,2026-08-18T09:51:47.153337+00:00,2026-08-18T09:52:48.837419+00:00
9,365,Antony,14,MID,57,0,0,0.0,0.0,0.0,0,1,0,0,0,2026-08-18T09:51:47.153337+00:00,2026-08-18T09:52:48.837419+00:00
9,366,B.Fernandes,14,MID,82,1.8516,2.3625,0.48,0.1456,0.458,0.0136,1,2,90,1,2026-08-18T09:51:47.153337+00:00,2026-08-18T09:52:48.837419+00:00
9,367,Bayindir,14,GKP,44,0.148,0.7104,0.04,0.0384,0.0403,0.0,1,0,0,0,2026-08-18T09:51:47.153337+00:00,2026-08-18T09:52:48.837419+00:00
9,368,Casemiro,14,MID,48,0.9592,1.4082,0.28,0.1584,0.2731,0.0012,1,10,90,1,2026-08-18T09:51:47.153337+00:00,2026-08-18T09:52:48.837419+00:00
9,369,Dalot,14,DEF,51,1.7024,2.2952,0.48,0.1144,0.4556,0.008,1,1,90,1,2026-08-18T09:51:47.153337+00:00,2026-08-18T09:52:48.837419+00:00
9,370,Eriksen,14,MID,54,0.9948,1.5563,0.28,0.1584,0.2731,0.0028,1,2,78,1,2026-08-18T09:51:47.153337+00:00,2026-08-18T09:52:48.837419+00:00
9,371,Evans,14,DEF,44,0.4772,1.1033,0.1,0.198,0.1088,0.0,1,0,0,0,2026-08-18T09:51:47.153337+00:00,2026-08-18T09:52:48.837419+00:00
9,372,Garnacho,14,MID,62,1.2528,2.0727,0.28,0.2016,0.2765,0.0068,1,2,90,1,2026-08-18T09:51:47.153337+00:00,2026-08-18T09:52:48.837419+00:00
9,373,Hannibal,14,MID,45,0,0,0.0,0.0,0.0,0,1,0,0,0,2026-08-18T09:51:47.153337+00:00,2026-08-18T09:52:48.837419+00:00
9,374,Heaton,14,GKP,40,0.1536,0.7226,0.04,0.0384,0.0403,0.0,1,0,0,0,2026-08-18T09:51:47.153337+00:00,2026-08-18T09:52:48.837419+00:00
9,375,Højlund,14,FWD,69,1.508,1.8591,0.45,0.154,0.4308,0.0064,1,2,90,1,2026-08-18T09:51:47.153337+00:00,2026-08-18T09:52:48.837419+00:00
9,376,Lindelof,14,DEF,43,0.4888,1.1621,0.1,0.198,0.1088,0.0012,1,1,6,0,2026-08-18T09:51:47.153337+00:00,2026-08-18T09:52:48.837419+00:00
9,377,Maguire,14,DEF,49,0.9512,1.672,0.28,0.1584,0.2731,0.0028,1,0,0,0,2026-08-18T09:51:47.153337+00:00,2026-08-18T09:52:48.837419+00:00
9,378,Mainoo,14,MID,52,0.7428,1.2334,0.28,0.1584,0.2731,0.0008,1,0,0,0,2026-08-18T09:51:47.153337+00:00,2026-08-18T09:52:48.837419+00:00
9,379,Malacia,14,DEF,44,0,0,0.0,0.0,0.0,0,1,0,0,0,2026-08-18T09:51:47.153337+00:00,2026-08-18T09:52:48.837419+00:00
9,380,Martinez,14,DEF,45,0,0,0.0,0.0,0.0,0,1,1,90,1,2026-08-18T09:51:47.153337+00:00,2026-08-18T09:52:48.837419+00:00
9,381,McTominay,14,MID,49,0,0,0.0,0.0,0.0,0,1,0,0,0,2026-08-18T09:51:47.153337+00:00,2026-08-18T09:52:48.837419+00:00
9,382,Mount,14,MID,63,1.5292,1.9646,0.45,0.154,0.4308,0.0064,1,0,0,0,2026-08-18T09:51:47.153337+00:00,2026-08-18T09:52:48.837419+00:00
9,383,Onana,14,GKP,50,2.9988,2.1685,0.88,0.0096,0.8192,0.0012,1,1,90,1,2026-08-18T09:51:47.153337+00:00,2026-08-18T09:52:48.837419+00:00
9,384,Pellistri,14,MID,50,0,0,0.0,0.0,0.0,0,1,0,0,0,2026-08-18T09:51:47.153337+00:00,2026-08-18T09:52:48.837419+00:00
9,387,Shaw,14,DEF,49,1.1864,1.8096,0.48,0.1144,0.4556,0.0024,1,0,0,0,2026-08-18T09:51:47.153337+00:00,2026-08-18T09:52:48.837419+00:00
9,389,Zirkzee,14,FWD,67,1.0828,1.7247,0.28,0.2016,0.2765,0.006,1,4,11,0,2026-08-18T09:51:47.153337+00:00,2026-08-18T09:52:48.837419+00:00
9,572,Yoro,14,DEF,43,0.49,1.1576,0.1,0.198,0.1088,0.0,1,0,0,0,2026-08-18T09:51:47.153337+00:00,2026-08-18T09:52:48.837419+00:00
9,593,De Ligt,14,DEF,50,0.6296,1.439,0.14,0.1892,0.1453,0.0024,1,0,90,1,2026-08-18T09:51:47.153337+00:00,2026-08-18T09:52:48.837419+00:00
9,594,Mazraoui,14,DEF,46,1.02,1.741,0.28,0.1584,0.2731,0.0016,1,2,83,1,2026-08-18T09:51:47.153337+00:00,2026-08-18T09:52:48.837419+00:00
9,613,Collyer,14,MID,45,0.4056,0.8578,0.1,0.198,0.1088,0.0004,1,0,0,0,2026-08-18T09:51:47.153337+00:00,2026-08-18T09:52:48.837419+00:00
9,648,Wheatley,14,FWD,45,0,0,0.0,0.0,0.0,0,1,0,0,0,2026-08-18T09:51:47.153337+00:00,2026-08-18T09:52:48.837419+00:00
9,652,Ugarte,14,MID,49,0.6124,1.0908,0.18,0.1804,0.1818,0.0,1,0,0,0,2026-08-18T09:51:47.153337+00:00,2026-08-18T09:52:48.837419+00:00
9,658,Heaven,14,DEF,40,0.4744,1.0901,0.1,0.198,0.1088,0.0,1,0,0,0,2026-08-18T09:51:47.153337+00:00,2026-08-18T09:52:48.837419+00:00
9,667,Fletcher,14,MID,45,0.4816,0.9481,0.1,0.198,0.1088,0.0,1,0,0,0,2026-08-18T09:51:47.153337+00:00,2026-08-18T09:52:48.837419+00:00
9,670,Amass,14,DEF,40,0.4768,1.1407,0.1,0.198,0.1088,0.0004,1,0,0,0,2026-08-18T09:51:47.153337+00:00,2026-08-18T09:52:48.837419+00:00
9,673,Fitzgerald,14,MID,45,0.464,0.8995,0.1,0.198,0.1088,0.0,1,,,,2026-08-18T09:51:47.153337+00:00,
9,691,Kukonki,14,DEF,40,0.48,1.1681,0.1,0.198,0.1088,0.0004,1,,,,2026-08-18T09:51:47.153337+00:00,
9,745,Amorim,14,MID,8,0.4608,0.9304,0.1,0.198,0.1088,0.0,1,,,,2026-08-18T09:51:47.153337+00:00,
9,761,Harrison,14,GKP,40,0.1456,0.7007,0.04,0.0384,0.0403,0.0004,1,,,,2026-08-18T09:51:47.153337+00:00,
9,766,Dorgu,14,DEF,45,0.4596,1.0617,0.1,0.198,0.1088,0.0004,1,,,,2026-08-18T09:51:47.153337+00:00,
9,776,Obi,14,FWD,45,0.454,0.8486,0.1,0.198,0.1088,0.0,1,,,,2026-08-18T09:51:47.153337+00:00,
9,777,Fredricson,14,DEF,40,0.4692,1.0862,0.1,0.198,0.1088,0.0,1,,,,2026-08-18T09:51:47.153337+00:00,
9,778,Moorhouse,14,MID,45,0.4804,0.9702,0.1,0.198,0.1088,0.0,1,,,,2026-08-18T09:51:47.153337+00:00,
9,779,Koné,14,MID,45,0.4744,1.0021,0.1,0.198,0.1088,0.0004,1,,,,2026-08-18T09:51:47.153337+00:00,
9,783,Graczyk,14,GKP,40,0.1712,0.7614,0.04,0.0384,0.0403,0.0,1,,,,2026-08-18T09:51:47.153337+00:00,
9,788,Dermot Mee,14,GKP,40,0.142,0.6508,0.04,0.0384,0.0403,0.0,1,,,,2026-08-18T09:51:47.153337+00:00,
9,390,A.Murphy,15,DEF,40,0,0,0.0,0.0,0.0,0,1,0,0,0,2026-08-18T09:51:47.153337+00:00,2026-08-18T09:52:48.837419+00:00
9,391,Almirón,15,MID,56,0,0,0.0,0.0,0.0,0,1,2,67,1,2026-08-18T09:51:47.153337+00:00,2026-08-18T09:52:48.837419+00:00
9,392,Barnes,15,MID,65,1.1132,1.7609,0.28,0.2016,0.2765,0.0028,1,2,67,1,2026-08-18T09:51:47.153337+00:00,2026-08-18T09:52:48.837419+00:00
9,393,Botman,15,DEF,44,0.794,1.5661,0.22,0.1716,0.2183,0.0016,1,0,0,0,2026-08-18T09:51:47.153337+00:00,2026-08-18T09:52:48.837419+00:00
9,394,Bruno G.,15,MID,62,1.6276,1.8708,0.48,0.1456,0.458,0.0024,1,2,90,1,2026-08-18T09:51:47.153337+00:00,2026-08-18T09:52:48.837419+00:00
9,395,Burn,15,DEF,44,0.734,1.4572,0.22,0.1716,0.2183,0.0008,1,1,90,1,2026-08-18T09:51:47.153337+00:00,2026-08-18T09:52:48.837419+00:00
9,396,Dúbravka,15,GKP,43,3.1272,2.2176,0.88,0.0048,0.8188,0.0016,1,0,0,0,2026-08-18T09:51:47.153337+00:00,2026-08-18T09:52:48.837419+00:00
9,398,Gordon,15,MID,73,2.4312,2.8704,0.48,0.1456,0.458,0.0232,1,0,0,0,2026-08-18T09:51:47.153337+00:00,2026-08-18T09:52:48.837419+00:00
9,399,Hall,15,DEF,43,0,0,0.0,0.0,0.0,0,1,4,88,1,2026-08-18T09:51:47.153337+00:00,2026-08-18T09:52:48.837419+00:00
9,400,Hayden,15,MID,45,0,0,0.0,0.0,0.0,0,1,0,0,0,2026-08-18T09:51:47.153337+00:00,2026-08-18T09:52:48.837419+00:00
9,401,Isak,15,FWD,83,1.4168,2.1521,0.28,0.2016,0.2765,0.01,1,6,90,1,2026-08-18T09:51:47.153337+00:00,2026-08-18T09:52:48.837419+00:00
9,402,J.Murphy,15,MID,51,0.902,1.3956,0.28,0.1584,0.2731,0.0012,1,1,22,0,2026-08-18T09:51:47.153337+00:00,2026-08-18T09:52:48.837419+00:00
9,403,Joelinton,15,MID,60,0,0,0.0,0.0,0.0,0,1,2,88,1,2026-08-18T09:51:47.153337+00:00,2026-08-18T09:52:48.837419+00:00
9,404,Kelly,15,DEF,44,0,0,0.0,0.0,0.0,0,1,1,1,0,2026-08-18T09:51:47.153337+00:00,2026-08-18T09:52:48.837419+00:00
9,405,Krafth,15,DEF,44,0.3956,0.9812,0.1,0.198,0.1088,0.0008,1,0,0,0,2026-08-18T09:51:47.153337+00:00,2026-08-18T09:52:48.837419+00:00
9,406,Kuol,15,MID,45,0.462,0.9278,0.1,0.198,0.1088,0.0,1,0,0,0,2026-08-18T09:51:47.153337+00:00,2026-08-18T09:52:48.837419+00:00
9,407,Lascelles,15,DEF,45,0.718,1.4752,0.22,0.1716,0.2183,0.002,1,0,0,0,2026-08-18T09:51:47.153337+00:00,2026-08-18T09:52:48.837419+00:00
9,408,Lewis,15,DEF,40,0,0,0.0,0.0,0.0,0,1,0,0,0,2026-08-18T09:51:47.153337+00:00,2026-08-18T09:52:48.837419+00:00
9,409,Livramento,15,DEF,45,0.6652,1.3261,0.22,0.1716,0.2183,0.0008,1,1,90,1,2026-08-18T09:51:47.153337+00:00,2026-08-18T09:52:48.837419+00:00
9,410,Longstaff,15,MID,47,0.8716,1.3263,0.28,0.1584,0.2731,0.0008,1,0,22,0,2026-08-18T09:51:47.153337+00:00,2026-08-18T09:52:48.837419+00:00
9,411,Miley,15,MID,50,1.4488,1.6899,0.48,0.1144,0.4556,0.0016,1,0,0,0,2026-08-18T09:51:47.153337+00:00,2026-08-18T09:52:48.837419+00:00
9,412,Odysseas,15,GKP,44,0.1468,0.6473,0.04,0.0384,0.0403,0.0,1,0,0,0,2026-08-18T09:51:47.153337+00:00,2026-08-18T09:52:48.837419+00:00
9,413,Pope,15,GKP,50,0.388,1.2226,0.08,0.0736,0.0803,0.0004,1,2,90,1,2026-08-18T09:51:47.153337+00:00,2026-08-18T09:52:48.837419+00:00
9,414,Ruddy,15,GKP,40,0.1568,0.7119,0.04,0.0384,0.0403,0.0,1,0,0,0,2026-08-18T09:51:47.153337+00:00,2026-08-18T09:52:48.837419+00:00
9,415,Schär,15,DEF,54,0.8448,1.6803,0.28,0.1584,0.2731,0.0044,1,0,90,1,2026-08-18T09:51:47.153337+00:00,2026-08-18T09:52:48.837419+00:00
9,416,Targett,15,DEF,40,0.3624,0.9339,0.05,0.209,0.0632,0.0,1,0,0,0,2026-08-18T09:51:47.153337+00:00,2026-08-18T09:52:48.837419+00:00
9,417,Tonali,15,MID,55,0.9464,1.4939,0.28,0.2016,0.2765,0.0032,1,1,67,1,2026-08-18T09:51:47.153337+00:00,2026-08-18T09:52:48.837419+00:00
9,418,Trippier,15,DEF,57,0.9812,1.7234,0.28,0.2016,0.2765,0.0032,1,0,0,0,2026-08-18T09:51:47.153337+00:00,2026-08-18T09:52:48.837419+00:00
9,419,White,15,MID,45,0,0,0.0,0.0,0.0,0,1,0,0,0,2026-08-18T09:51:47.153337+00:00,2026-08-18T09:52:48.837419+00:00
9,420,Willock,15,MID,48,0.6332,1.16,0.18,0.1804,0.1818,0.0016,1,1,22,0,2026-08-18T09:51:47.153337+00:00,2026-08-18T09:52:48.837419+00:00
9,421,Wilson,15,FWD,69,2.2216,2.8553,0.48,0.1456,0.458,0.0344,1,0,0,0,2026-08-18T09:51:47.153337+00:00,2026-08-18T09:52:48.837419+00:00
9,574,Pivas,15,DEF,40,0,0,0.0,0.0,0.0,0,1,0,0,0,2026-08-18T09:51:47.153337+00:00,2026-08-18T09:52:48.837419+00:00
9,590,Osula,15,FWD,50,0.64,1.1138,0.18,0.1804,0.1818,0.0012,1,1,1,0,2026-08-18T09:51:47.153337+00:00,2026-08-18T09:52:48.837419+00:00
9,746,Howe,15,MID,15,0.5104,1.0322,0.1,0.198,0.1088,0.0004,1,,,,2026-08-18T09:51:47.153337+00:00,
9,789,Neave,15,FWD,45,0.4448,0.9038,0.1,0.198,0.1088,0.0,1,,,,2026-08-18T09:51:47.153337+00:00,
9,26,Alex Moreno,16,DEF,44,0.7868,1.5432,0.22,0.1716,0.2183,0.0024,1,1,71,1,2026-08-18T09:51:47.153337+00:00,2026-08-18T09:52:48.837419+00:00
9,422,Aina,16,DEF,45,0.9584,1.7981,0.22,0.1716,0.2183,0.002,1,2,90,1,2026-08-18T09:51:47.153337+00:00,2026-08-18T09:52:48.837419+00:00
9,423,Anderson,16,MID,50,0.928,1.4487,0.28,0.1584,0.2731,0.0008,1,5,71,1,2026-08-18T09:51:47.153337+00:00,2026-08-18T09:52:48.837419+00:00
9,424,Awoniyi,16,FWD,57,0,0,0.0,0.0,0.0,0,1,1,9,0,2026-08-18T09:51:47.153337+00:00,2026-08-18T09:52:48.837419+00:00
9,425,Boly,16,DEF,43,0.4536,1.1025,0.1,0.198,0.1088,0.0004,1,0,0,0,2026-08-18T09:51:47.153337+00:00,2026-08-18T09:52:48.837419+00:00
9,426,Bowler,16,MID,45,0,0,0.0,0.0,0.0,0,1,0,0,0,2026-08-18T09:51:47.153337+00:00,2026-08-18T09:52:48.837419+00:00
9,427,C.Miguel,16,GKP,43,0.1488,0.7147,0.04,0.0384,0.0403,0.0004,1,0,0,0,2026-08-18T09:51:47.153337+00:00,2026-08-18T09:52:48.837419+00:00
9,428,Da Silva Moreira,16,MID,45,0.4508,0.8948,0.1,0.198,0.1088,0.0004,1,0,0,0,2026-08-18T09:51:47.153337+00:00,2026-08-18T09:52:48.837419+00:00
9,429,Danilo,16,MID,48,0.684,1.203,0.18,0.1804,0.1818,0.0004,1,0,0,0,2026-08-18T09:51:47.153337+00:00,2026-08-18T09:52:48.837419+00:00
9,430,Dennis,16,FWD,49,0,0,0.0,0.0,0.0,0,1,0,0,0,2026-08-18T09:51:47.153337+00:00,2026-08-18T09:52:48.837419+00:00
9,431,Dominguez,16,MID,48,0.9068,1.3832,0.28,0.1584,0.2731,0.0004,1,1,90,1,2026-08-18T09:51:47.153337+00:00,2026-08-18T09:52:48.837419+00:00
9,432,Elanga,16,MID,52,0.8608,1.3454,0.28,0.1584,0.2731,0.0004,1,2,75,1,2026-08-18T09:51:47.153337+00:00,2026-08-18T09:52:48.837419+00:00
9,433,Gibbs-White,16,MID,63,1.1836,1.8159,0.28,0.2016,0.2765,0.0028,1,0,0,0,2026-08-18T09:51:47.153337+00:00,2026-08-18T09:52:48.837419+00:00
9,434,Hudson-Odoi,16,MID,54,0.9844,1.5256,0.28,0.1584,0.2731,0.0004,1,2,75,1,2026-08-18T09:51:47.153337+00:00,2026-08-18T09:52:48.837419+00:00
9,435,Mighten,16,MID,45,0,0,0.0,0.0,0.0,0,1,0,0,0,2026-08-18T09:51:47.153337+00:00,2026-08-18T09:52:48.837419+00:00
9,436,Murillo,16,DEF,45,0.8808,1.6465,0.22,0.1716,0.2183,0.0012,1,2,90,1,2026-08-18T09:51:47.153337+00:00,2026-08-18T09:52:48.837419+00:00
9,437,N.Williams,16,DEF,44,0.7956,1.5675,0.22,0.1716,0.2183,0.0036,1,1,18,0,2026-08-18T09:51:47.153337+00:00,2026-08-18T09:52:48.837419+00:00
9,438,O.Richards,16,DEF,45,0,0,0.0,0.0,0.0,0,1,0,0,0,2026-08-18T09:51:47.153337+00:00,2026-08-18T09:52:48.837419+00:00
9,439,O'Brien,16,MID,50,0,0,0.0,0.0,0.0,0,1,0,0,0,2026-08-18T09:51:47.153337+00:00,2026-08-18T09:52:48.837419+00:00
9,440,Omobamidele,16,DEF,43,0,0,0.0,0.0,0.0,0,1,0,0,0,2026-08-18T09:51:47.153337+00:00,2026-08-18T09:52:48.837419+00:00
9,441,Panzo,16,DEF,40,0,0,0.0,0.0,0.0,0,1,0,0,0,2026-08-18T09:51:47.153337+00:00,2026-08-18T09:52:48.837419+00:00
9,442,Sangaré,16,MID,44,0.87,1.2316,0.28,0.1584,0.2731,0.0,1,0,0,0,2026-08-18T09:51:47.153337+00:00,2026-08-18T09:52:48.837419+00:00
9,443,Sels,16,GKP,45,3.2664,2.3578,0.88,0.0048,0.8188,0.0048,1,5,90,1,2026-08-18T09:51:47.153337+00:00,2026-08-18T09:52:48.837419+00:00
9,444,Toffolo,16,DEF,43,0.4716,1.0984,0.1,0.198,0.1088,0.0004,1,0,0,0,2026-08-18T09:51:47.153337+00:00,2026-08-18T09:52:48.837419+00:00
9,446,Ui-jo,16,FWD,45,0,0,0.0,0.0,0.0,0,1,0,0,0,2026-08-18T09:51:47.153337+00:00,2026-08-18T09:52:48.837419+00:00
9,447,Wood,16,FWD,63,2.1496,2.4604,0.48,0.1456,0.458,0.0124,1,13,80,1,2026-08-18T09:51:47.153337+00:00,2026-08-18T09:52:48.837419+00:00
9,448,Worrall,16,DEF,45,0,0,0.0,0.0,0.0,0,1,0,0,0,2026-08-18T09:51:47.153337+00:00,2026-08-18T09:52:48.837419+00:00
9,449,Yates,16,MID,49,0.9324,1.4634,0.28,0.1584,0.2731,0.0012,1,8,90,1,2026-08-18T09:51:47.153337+00:00,2026-08-18T09:52:48.837419+00:00
9,573,Milenković,16,DEF,45,0.8656,1.6984,0.22,0.1716,0.2183,0.0024,1,1,90,1,2026-08-18T09:51:47.153337+00:00,2026-08-18T09:52:48.837419+00:00
9,596,Jota Silva,16,MID,59,1.5492,1.9058,0.45,0.154,0.4308,0.0068,1,1,14,0,2026-08-18T09:51:47.153337+00:00,2026-08-18T09:52:48.837419+00:00
9,620,Sosa,16,MID,55,1.5376,1.8527,0.45,0.154,0.4308,0.0028,1,1,14,0,2026-08-18T09:51:47.153337+00:00,2026-08-18T09:52:48.837419+00:00
9,653,Morato,16,DEF,45,0.4744,1.0856,0.1,0.198,0.1088,0.0,1,1,18,0,2026-08-18T09:51:47.153337+00:00,2026-08-18T09:52:48.837419+00:00
9,706,Abbott,16,DEF,40,0.484,1.1433,0.1,0.198,0.1088,0.0008,1,,,,2026-08-18T09:51:47.153337+00:00,
9,721,Hennessey,16,GKP,40,0.1632,0.744,0.04,0.0384,0.0403,0.0,1,,,,2026-08-18T09:51:47.153337+00:00,
9,747,Nuno,16,MID,11,0.4688,0.9469,0.1,0.198,0.1088,0.0,1,,,,2026-08-18T09:51:47.153337+00:00,
9,14,Ramsdale,17,GKP,44,2.9796,2.158,0.88,0.0048,0.8188,0.0016,1,4,90,1,2026-08-18T09:51:47.153337+00:00,2026-08-18T09:52:48.837419+00:00
9,27,Archer,17,FWD,50,0.9876,1.634,0.28,0.1584,0.2731,0.0044,1,2,86,1,2026-08-18T09:51:47.153337+00:00,2026-08-18T09:52:48.837419+00:00
9,188,Ugochukwu,17,MID,45,0.482,0.9328,0.1,0.198,0.1088,0.0,1,0,0,0,2026-08-18T09:51:47.153337+00:00,2026-08-18T09:52:48.837419+00:00
9,397,Fraser,17,MID,48,0.6584,1.1589,0.18,0.1804,0.1818,0.0012,1,0,0,0,2026-08-18T09:51:47.153337+00:00,2026-08-18T09:52:48.837419+00:00
9,451,Amo-Ameyaw,17,MID,45,0,0,0.0,0.0,0.0,0,1,0,0,0,2026-08-18T09:51:47.153337+00:00,2026-08-18T09:52:48.837419+00:00
9,452,Aribo,17,MID,49,1.0616,1.7059,0.28,0.1584,0.2731,0.0036,1,1,30,0,2026-08-18T09:51:47.153337+00:00,2026-08-18T09:52:48.837419+00:00
9,453,Armstrong,17,FWD,52,0,0,0.0,0.0,0.0,0,1,0,45,1,2026-08-18T09:51:47.153337+00:00,2026-08-18T09:52:48.837419+00:00
9,454,Bazunu,17,GKP,44,0,0,0.0,0.0,0.0,0,1,0,0,0,2026-08-18T09:51:47.153337+00:00,2026-08-18T09:52:48.837419+00:00
9,455,Bednarek,17,DEF,40,0.458,1.0426,0.11,0.1958,0.118,0.0,1,2,90,1,2026-08-18T09:51:47.153337+00:00,2026-08-18T09:52:48.837419+00:00
9,456,Bella-Kotchap,17,DEF,39,0.4716,1.1147,0.1,0.198,0.1088,0.0004,1,0,0,0,2026-08-18T09:51:47.153337+00:00,2026-08-18T09:52:48.837419+00:00
9,457,Bree,17,DEF,40,0.4772,1.1123,0.1,0.198,0.1088,0.0,1,1,13,0,2026-08-18T09:51:47.153337+00:00,2026-08-18T09:52:48.837419+00:00
9,458,Charles,17,MID,45,0,0,0.0,0.0,0.0,0,1,0,0,0,2026-08-18T09:51:47.153337+00:00,2026-08-18T09:52:48.837419+00:00
9,459,Edozie,17,MID,49,0,0,0.0,0.0,0.0,0,1,0,0,0,2026-08-18T09:51:47.153337+00:00,2026-08-18T09:52:48.837419+00:00
9,460,Edwards,17,DEF,39,0,0,0.0,0.0,0.0,0,1,0,0,0,2026-08-18T09:51:47.153337+00:00,2026-08-18T09:52:48.837419+00:00
9,461,Harwood-Bellis,17,DEF,40,0,0,0.0,0.0,0.0,0,1,2,90,1,2026-08-18T09:51:47.153337+00:00,2026-08-18T09:52:48.837419+00:00
9,462,Kamaldeen,17,MID,50,0.6372,1.1509,0.18,0.1804,0.1818,0.0004,1,1,3,0,2026-08-18T09:51:47.153337+00:00,2026-08-18T09:52:48.837419+00:00
9,463,Lallana,17,MID,50,0.6572,1.2018,0.18,0.1804,0.1818,0.0004,1,0,59,1,2026-08-18T09:51:47.153337+00:00,2026-08-18T09:52:48.837419+00:00
9,464,Larios,17,DEF,40,0.4884,1.1433,0.1,0.198,0.1088,0.0008,1,0,0,0,2026-08-18T09:51:47.153337+00:00,2026-08-18T09:52:48.837419+00:00
9,465,Lis,17,GKP,40,0,0,0.0,0.0,0.0,0,1,0,0,0,2026-08-18T09:51:47.153337+00:00,2026-08-18T09:52:48.837419+00:00
9,466,Lumley,17,GKP,40,0.1716,0.7408,0.04,0.0384,0.0403,0.0,1,0,0,0,2026-08-18T09:51:47.153337+00:00,2026-08-18T09:52:48.837419+00:00
9,467,Manning,17,DEF,43,0.4596,1.1038,0.1,0.198,0.1088,0.0004,1,2,76,1,2026-08-18T09:51:47.153337+00:00,2026-08-18T09:52:48.837419+00:00
9,468,Mara,17,FWD,50,0,0,0.0,0.0,0.0,0,1,0,0,0,2026-08-18T09:51:47.153337+00:00,2026-08-18T09:52:48.837419+00:00
9,469,McCarthy,17,GKP,44,0.1616,0.7645,0.04,0.0384,0.0403,0.0004,1,0,0,0,2026-08-18T09:51:47.153337+00:00,2026-08-18T09:52:48.837419+00:00
9,470,Onuachu,17,FWD,49,0.6064,1.0781,0.18,0.1804,0.1818,0.0,1,1,3,0,2026-08-18T09:51:47.153337+00:00,2026-08-18T09:52:48.837419+00:00
9,471,Smallbone,17,MID,50,0.918,1.432,0.28,0.1584,0.2731,0.0012,1,0,0,0,2026-08-18T09:51:47.153337+00:00,2026-08-18T09:52:48.837419+00:00
9,472,Stephens,17,DEF,40,0.7312,1.4371,0.22,0.1716,0.2183,0.0008,1,2,90,1,2026-08-18T09:51:47.153337+00:00,2026-08-18T09:52:48.837419+00:00
9,473,Stewart,17,FWD,46,0.6352,1.1466,0.18,0.1804,0.1818,0.0008,1,0,0,0,2026-08-18T09:51:47.153337+00:00,2026-08-18T09:52:48.837419+00:00
9,474,Sugawara,17,DEF,45,0.718,1.486,0.22,0.1716,0.2183,0.0016,1,0,0,0,2026-08-18T09:51:47.153337+00:00,2026-08-18T09:52:48.837419+00:00
9,475,Taylor,17,DEF,39,0.4524,1.0289,0.1,0.198,0.1088,0.0,1,0,0,0,2026-08-18T09:51:47.153337+00:00,2026-08-18T09:52:48.837419+00:00
9,476,Walker-Peters,17,DEF,44,0.4808,1.1202,0.11,0.1958,0.118,0.0008,1,2,90,1,2026-08-18T09:51:47.153337+00:00,2026-08-18T09:52:48.837419+00:00
9,477,Wood,17,DEF,40,0.5328,1.2747,0.1,0.198,0.1088,0.0016,1,0,0,0,2026-08-18T09:51:47.153337+00:00,2026-08-18T09:52:48.837419+00:00
9,515,Cornet,17,MID,48,0,0,0.0,0.0,0.0,0,1,0,0,0,2026-08-18T09:51:47.153337+00:00,2026-08-18T09:52:48.837419+00:00
9,518,Downes,17,MID,49,1.2692,1.5771,0.48,0.1144,0.4556,0.0016,1,1,86,1,2026-08-18T09:51:47.153337+00:00,2026-08-18T09:52:48.837419+00:00
9,584,Brereton Díaz,17,MID,51,0,0,0.0,0.0,0.0,0,1,0,0,0,2026-08-18T09:51:47.153337+00:00,2026-08-18T09:52:48.837419+00:00
9,608,Dibling,17,MID,46,0.972,1.4727,0.28,0.1584,0.2731,0.0008,1,1,45,1,2026-08-18T09:51:47.153337+00:00,2026-08-18T09:52:48.837419+00:00
9,623,M.Fernandes,17,MID,50,0.8628,1.3705,0.28,0.1584,0.2731,0.0004,1,2,90,1,2026-08-18T09:51:47.153337+00:00,2026-08-18T09:52:48.837419+00:00
9,693,O'Brien-Whitmarsh,17,MID,45,0,0,0.0,0.0,0.0,0,1,,,,2026-08-18T09:51:47.153337+00:00,
9,718,Welington,17,DEF,40,0.4496,1.0545,0.1,0.198,0.1088,0.0,1,,,,2026-08-18T09:51:47.153337+00:00,
9,719,Kayi Sanda,17,DEF,40,0.4156,0.9855,0.1,0.198,0.1088,0.0,1,,,,2026-08-18T09:51:47.153337+00:00,
9,734,Grønbæk,17,MID,49,0.462,0.9492,0.09,0.2002,0.0997,0.0,1,,,,2026-08-18T09:51:47.153337+00:00,
9,748,Rusk,17,MID,5,0.462,0.9038,0.1,0.198,0.1088,0.0,1,,,,2026-08-18T09:51:47.153337+00:00,
9,798,Jay Robinson,17,FWD,44,0.4496,0.8956,0.1,0.198,0.1088,0.0,1,,,,2026-08-18T09:51:47.153337+00:00,
9,804,Moore,17,DEF,40,0.4564,1.0668,0.1,0.198,0.1088,0.0004,1,,,,2026-08-18T09:51:47.153337+00:00,
9,82,Solanke,18,FWD,77,1.2384,2.0543,0.28,0.2016,0.2765,0.0132,1,2,90,1,2026-08-18T09:51:47.153337+00:00,2026-08-18T09:52:48.837419+00:00
9,478,A.Phillips,18,DEF,40,0,0,0.0,0.0,0.0,0,1,0,0,0,2026-08-18T09:51:47.153337+00:00,2026-08-18T09:52:48.837419+00:00
9,479,Austin,18,GKP,40,0.1588,0.7463,0.04,0.0384,0.0403,0.0,1,0,0,0,2026-08-18T09:51:47.153337+00:00,2026-08-18T09:52:48.837419+00:00
9,480,Bentancur,18,MID,50,0.876,1.3626,0.28,0.1584,0.2731,0.0024,1,1,3,0,2026-08-18T09:51:47.153337+00:00,2026-08-18T09:52:48.837419+00:00
9,481,Bergvall,18,MID,45,0,0,0.0,0.0,0.0,0,1,0,0,0,2026-08-18T09:51:47.153337+00:00,2026-08-18T09:52:48.837419+00:00
9,482,Bissouma,18,MID,49,0.8576,1.2997,0.28,0.1584,0.2731,0.0,1,2,86,1,2026-08-18T09:51:47.153337+00:00,2026-08-18T09:52:48.837419+00:00
9,483,Bryan,18,MID,50,0,0,0.0,0.0,0.0,0,1,0,0,0,2026-08-18T09:51:47.153337+00:00,2026-08-18T09:52:48.837419+00:00
9,484,Davies,18,DEF,44,0.8816,1.85,0.22,0.1716,0.2183,0.0068,1,0,0,0,2026-08-18T09:51:47.153337+00:00,2026-08-18T09:52:48.837419+00:00
9,485,Devine,18,MID,45,0,0,0.0,0.0,0.0,0,1,0,0,0,2026-08-18T09:51:47.153337+00:00,2026-08-18T09:52:48.837419+00:00
9,486,Dragusin,18,DEF,43,0,0,0.0,0.0,0.0,0,1,0,0,0,2026-08-18T09:51:47.153337+00:00,2026-08-18T09:52:48.837419+00:00
9,487,E.Royal,18,DEF,45,0,0,0.0,0.0,0.0,0,1,0,0,0,2026-08-18T09:51:47.153337+00:00,2026-08-18T09:52:48.837419+00:00
9,488,Forster,18,GKP,44,0.1592,0.7114,0.04,0.0384,0.0403,0.0,1,0,0,0,2026-08-18T09:51:47.153337+00:00,2026-08-18T09:52:48.837419+00:00
9,489,Gray,18,MID,47,0.64,1.2016,0.18,0.1804,0.1818,0.0012,1,0,0,0,2026-08-18T09:51:47.153337+00:00,2026-08-18T09:52:48.837419+00:00
9,490,Højbjerg,18,MID,50,0,0,0.0,0.0,0.0,0,1,0,0,0,2026-08-18T09:51:47.153337+00:00,2026-08-18T09:52:48.837419+00:00
9,491,Johnson,18,MID,67,1.3252,2.1764,0.28,0.2016,0.2765,0.0128,1,1,90,1,2026-08-18T09:51:47.153337+00:00,2026-08-18T09:52:48.837419+00:00
9,492,Kulusevski,18,MID,62,0,0,0.0,0.0,0.0,0,1,1,61,1,2026-08-18T09:51:47.153337+00:00,2026-08-18T09:52:48.837419+00:00
9,493,Lo Celso,18,MID,49,0,0,0.0,0.0,0.0,0,1,0,0,0,2026-08-18T09:51:47.153337+00:00,2026-08-18T09:52:48.837419+00:00
9,494,Maddison,18,MID,76,0,0,0.0,0.0,0.0,0,1,2,61,1,2026-08-18T09:51:47.153337+00:00,2026-08-18T09:52:48.837419+00:00
9,495,Pedro Porro,18,DEF,55,1.6192,2.1696,0.48,0.1456,0.458,0.006,1,2,90,1,2026-08-18T09:51:47.153337+00:00,2026-08-18T09:52:48.837419+00:00
9,496,Reguilón,18,DEF,43,0.9604,1.9593,0.22,0.1404,0.2158,0.0076,1,0,0,0,2026-08-18T09:51:47.153337+00:00,2026-08-18T09:52:48.837419+00:00
9,497,Richarlison,18,FWD,68,1.4488,1.7888,0.45,0.154,0.4308,0.0028,1,0,28,0,2026-08-18T09:51:47.153337+00:00,2026-08-18T09:52:48.837419+00:00
9,498,Romero,18,DEF,51,0,0,0.0,0.0,0.0,0,1,2,90,1,2026-08-18T09:51:47.153337+00:00,2026-08-18T09:52:48.837419+00:00
9,499,P.M.Sarr,18,MID,49,0.6608,1.2483,0.18,0.1804,0.1818,0.0012,1,1,28,0,2026-08-18T09:51:47.153337+00:00,2026-08-18T09:52:48.837419+00:00
9,500,Scarlett,18,FWD,45,0.4144,0.8142,0.1,0.198,0.1088,0.0,1,0,0,0,2026-08-18T09:51:47.153337+00:00,2026-08-18T09:52:48.837419+00:00
9,502,Solomon,18,MID,54,0,0,0.0,0.0,0.0,0,1,0,0,0,2026-08-18T09:51:47.153337+00:00,2026-08-18T09:52:48.837419+00:00
9,503,Son,18,MID,99,1.09,2.1887,0.14,0.2408,0.1495,0.0132,1,0,0,0,2026-08-18T09:51:47.153337+00:00,2026-08-18T09:52:48.837419+00:00
9,504,Spence,18,DEF,44,0.4764,1.1365,0.1,0.198,0.1088,0.0008,1,0,0,0,2026-08-18T09:51:47.153337+00:00,2026-08-18T09:52:48.837419+00:00
9,505,Udogie,18,DEF,49,1.3204,1.919,0.48,0.1144,0.4556,0.0028,1,2,90,1,2026-08-18T09:51:47.153337+00:00,2026-08-18T09:52:48.837419+00:00
9,506,Van de Ven,18,DEF,47,0.9184,1.6983,0.28,0.1584,0.2731,0.0024,1,1,90,1,2026-08-18T09:51:47.153337+00:00,2026-08-18T09:52:48.837419+00:00
9,507,Veliz,18,FWD,50,0,0,0.0,0.0,0.0,0,1,0,0,0,2026-08-18T09:51:47.153337+00:00,2026-08-18T09:52:48.837419+00:00
9,508,Vicario,18,GKP,50,2.4264,1.9877,0.88,0.0096,0.8192,0.0004,1,3,90,1,2026-08-18T09:51:47.153337+00:00,2026-08-18T09:52:48.837419+00:00
9,509,Werner,18,MID,62,0.9644,1.6474,0.225,0.217,0.2266,0.0052,1,1,28,0,2026-08-18T09:51:47.153337+00:00,2026-08-18T09:52:48.837419+00:00
9,510,Whiteman,18,GKP,40,0.146,0.6413,0.04,0.0384,0.0403,0.0,1,0,0,0,2026-08-18T09:51:47.153337+00:00,2026-08-18T09:52:48.837419+00:00
9,609,Lankshear,18,FWD,45,0,0,0.0,0.0,0.0,0,1,0,0,0,2026-08-18T09:51:47.153337+00:00,2026-08-18T09:52:48.837419+00:00
9,610,Moore,18,MID,45,0.484,0.9686,0.1,0.198,0.1088,0.0004,1,2,61,1,2026-08-18T09:51:47.153337+00:00,2026-08-18T09:52:48.837419+00:00
9,612,Odobert,18,MID,53,0.7324,1.3428,0.18,0.1804,0.1818,0.0008,1,0,0,0,2026-08-18T09:51:47.153337+00:00,2026-08-18T09:52:48.837419+00:00
9,683,Olusesi,18,MID,45,0.478,0.9905,0.1,0.198,0.1088,0.0004,1,,,,2026-08-18T09:51:47.153337+00:00,
9,684,Hardy,18,DEF,40,0.4256,1.0175,0.1,0.198,0.1088,0.0,1,,,,2026-08-18T09:51:47.153337+00:00,
9,689,Williams-Barnett,18,MID,45,0,0,0.0,0.0,0.0,0,1,,,,2026-08-18T09:51:47.153337+00:00,
9,699,Dorrington,18,DEF,40,0,0,0.0,0.0,0.0,0,1,,,,2026-08-18T09:51:47.153337+00:00,
9,700,King,18,DEF,40,0.4984,1.1147,0.1,0.198,0.1088,0.0,1,,,,2026-08-18T09:51:47.153337+00:00,
9,716,Kinsky,18,GKP,41,0.1388,0.6404,0.04,0.0384,0.0403,0.0,1,,,,2026-08-18T09:51:47.153337+00:00,
9,717,Yang,18,MID,45,0,0,0.0,0.0,0.0,0,1,,,,2026-08-18T09:51:47.153337+00:00,
9,729,Ajayi,18,MID,45,0.4744,0.9377,0.1,0.198,0.1088,0.0,1,,,,2026-08-18T09:51:47.153337+00:00,
9,749,Postecoglou,18,MID,11,0.4448,0.89,0.1,0.198,0.1088,0.0,1,,,,2026-08-18T09:51:47.153337+00:00,
9,760,Cassanova,18,DEF,40,0.4572,1.1063,0.1,0.198,0.1088,0.0004,1,,,,2026-08-18T09:51:47.153337+00:00,
9,767,Danso,18,DEF,44,0.468,1.0972,0.1,0.198,0.1088,0.0004,1,,,,2026-08-18T09:51:47.153337+00:00,
9,768,Tel,18,MID,58,1.526,1.9272,0.45,0.154,0.4308,0.0052,1,,,,2026-08-18T09:51:47.153337+00:00,
9,123,Ferguson,19,FWD,55,1.3908,1.7062,0.45,0.154,0.4308,0.0028,1,7,17,0,2026-08-18T09:51:47.153337+00:00,2026-08-18T09:52:48.837419+00:00
9,388,Wan-Bissaka,19,DEF,44,0.8428,1.5967,0.22,0.1716,0.2183,0.0004,1,2,90,1,2026-08-18T09:51:47.153337+00:00,2026-08-18T09:52:48.837419+00:00
9,511,Álvarez,19,MID,50,0.9512,1.4792,0.28,0.1584,0.2731,0.0008,1,2,90,1,2026-08-18T09:51:47.153337+00:00,2026-08-18T09:52:48.837419+00:00
9,512,Antonio,19,FWD,54,0,0,0.0,0.0,0.0,0,1,2,70,1,2026-08-18T09:51:47.153337+00:00,2026-08-18T09:52:48.837419+00:00
9,513,Areola,19,GKP,44,0.1764,0.8231,0.04,0.0384,0.0403,0.0,1,0,0,0,2026-08-18T09:51:47.153337+00:00,2026-08-18T09:52:48.837419+00:00
9,514,Bowen,19,MID,74,2.1224,2.5602,0.48,0.1456,0.458,0.016,1,7,90,1,2026-08-18T09:51:47.153337+00:00,2026-08-18T09:52:48.837419+00:00
9,516,Coufal,19,DEF,44,0.464,1.1223,0.1,0.198,0.1088,0.0004,1,0,0,0,2026-08-18T09:51:47.153337+00:00,2026-08-18T09:52:48.837419+00:00
9,517,Cresswell,19,DEF,40,0.556,1.3361,0.1,0.198,0.1088,0.0004,1,0,1,0,2026-08-18T09:51:47.153337+00:00,2026-08-18T09:52:48.837419+00:00
9,519,Earthy,19,MID,45,0,0,0.0,0.0,0.0,0,1,0,0,0,2026-08-18T09:51:47.153337+00:00,2026-08-18T09:52:48.837419+00:00
9,520,Emerson,19,DEF,44,0.8584,1.6941,0.22,0.1716,0.2183,0.0024,1,1,90,1,2026-08-18T09:51:47.153337+00:00,2026-08-18T09:52:48.837419+00:00
9,521,Fabianski,19,GKP,40,0.1992,0.9612,0.04,0.0384,0.0403,0.0,1,3,90,1,2026-08-18T09:51:47.153337+00:00,2026-08-18T09:52:48.837419+00:00
9,522,Foderingham,19,GKP,44,3.7232,2.4508,0.88,0.0048,0.8188,0.0044,1,0,0,0,2026-08-18T09:51:47.153337+00:00,2026-08-18T09:52:48.837419+00:00
9,523,Ings,19,FWD,50,0.718,1.3708,0.18,0.1804,0.1818,0.0024,1,8,19,0,2026-08-18T09:51:47.153337+00:00,2026-08-18T09:52:48.837419+00:00
9,524,Kilman,19,DEF,45,0.8684,1.7187,0.22,0.1716,0.2183,0.0012,1,2,90,1,2026-08-18T09:51:47.153337+00:00,2026-08-18T09:52:48.837419+00:00
9,525,Kudus,19,MID,63,2.054,2.5569,0.48,0.1456,0.458,0.0196,1,0,0,0,2026-08-18T09:51:47.153337+00:00,2026-08-18T09:52:48.837419+00:00
9,526,L.Guilherme,19,MID,48,0.7328,1.2657,0.18,0.1804,0.1818,0.0008,1,0,0,0,2026-08-18T09:51:47.153337+00:00,2026-08-18T09:52:48.837419+00:00
9,527,L.Paquetá,19,MID,59,1.1852,1.9652,0.28,0.2016,0.2765,0.0088,1,0,45,1,2026-08-18T09:51:47.153337+00:00,2026-08-18T09:52:48.837419+00:00
9,528,Mavropanos,19,DEF,45,0.9156,1.7193,0.22,0.1716,0.2183,0.0012,1,0,45,1,2026-08-18T09:51:47.153337+00:00,2026-08-18T09:52:48.837419+00:00
9,529,N.Aguerd,19,DEF,44,0,0,0.0,0.0,0.0,0,1,0,0,0,2026-08-18T09:51:47.153337+00:00,2026-08-18T09:52:48.837419+00:00
9,530,Souček,19,MID,50,1.2356,2.0921,0.28,0.1584,0.2731,0.0088,1,1,45,1,2026-08-18T09:51:47.153337+00:00,2026-08-18T09:52:48.837419+00:00
9,531,Ward-Prowse,19,MID,62,1.0676,1.6679,0.28,0.2016,0.2765,0.002,1,0,0,0,2026-08-18T09:51:47.153337+00:00,2026-08-18T09:52:48.837419+00:00
9,532,Zouma,19,DEF,44,0,0,0.0,0.0,0.0,0,1,0,0,0,2026-08-18T09:51:47.153337+00:00,2026-08-18T09:52:48.837419+00:00
9,576,Irving,19,MID,49,0.6976,1.2957,0.18,0.1804,0.1818,0.0012,1,0,0,0,2026-08-18T09:51:47.153337+00:00,2026-08-18T09:52:48.837419+00:00
9,587,Summerville,19,MID,57,0,0,0.0,0.0,0.0,0,1,7,45,1,2026-08-18T09:51:47.153337+00:00,2026-08-18T09:52:48.837419+00:00
9,588,G.Rodríguez,19,MID,49,1.2664,1.489,0.48,0.1144,0.4556,0.0004,1,2,90,1,2026-08-18T09:51:47.153337+00:00,2026-08-18T09:52:48.837419+00:00
9,589,Füllkrug,19,FWD,67,1.5344,1.9813,0.45,0.154,0.4308,0.0072,1,0,0,0,2026-08-18T09:51:47.153337+00:00,2026-08-18T09:52:48.837419+00:00
9,591,Todibo,19,DEF,44,0.8588,1.6688,0.22,0.1716,0.2183,0.0012,1,1,45,1,2026-08-18T09:51:47.153337+00:00,2026-08-18T09:52:48.837419+00:00
9,643,Casey,19,DEF,40,0.5476,1.2685,0.1,0.198,0.1088,0.0004,1,0,0,0,2026-08-18T09:51:47.153337+00:00,2026-08-18T09:52:48.837419+00:00
9,654,C.Soler,19,MID,50,0.7328,1.357,0.18,0.1804,0.1818,0.0008,1,1,45,1,2026-08-18T09:51:47.153337+00:00,2026-08-18T09:52:48.837419+00:00
9,677,Scarles,19,DEF,40,0.5084,1.212,0.1,0.198,0.1088,0.0,1,,,,2026-08-18T09:51:47.153337+00:00,
9,686,Mayers,19,DEF,40,0.546,1.2914,0.1,0.198,0.1088,0.0,1,,,,2026-08-18T09:51:47.153337+00:00,
9,701,Orford,19,MID,45,0.486,0.9866,0.1,0.198,0.1088,0.0,1,,,,2026-08-18T09:51:47.153337+00:00,
9,750,Potter,19,MID,5,0.49,1.0091,0.1,0.198,0.1088,0.0004,1,,,,2026-08-18T09:51:47.153337+00:00,
9,204,Johnstone,20,GKP,44,0,0,0.0,0.0,0.0,0,1,0,0,0,2026-08-18T09:51:47.153337+00:00,2026-08-18T09:52:48.837419+00:00
9,533,Aït-Nouri,20,DEF,45,0.7548,1.6178,0.22,0.1716,0.2183,0.002,1,6,90,1,2026-08-18T09:51:47.153337+00:00,2026-08-18T09:52:48.837419+00:00
9,534,B.Traore,20,MID,48,1.142,1.3802,0.48,0.1144,0.4556,0.0004,1,0,0,0,2026-08-18T09:51:47.153337+00:00,2026-08-18T09:52:48.837419+00:00
9,535,Bellegarde,20,MID,50,0.8884,1.3896,0.28,0.1584,0.2731,0.0008,1,0,0,0,2026-08-18T09:51:47.153337+00:00,2026-08-18T09:52:48.837419+00:00
9,536,Bentley,20,GKP,40,2.4236,1.9692,0.88,0.0048,0.8188,0.0012,1,0,0,0,2026-08-18T09:51:47.153337+00:00,2026-08-18T09:52:48.837419+00:00
9,537,Chiquinho,20,MID,45,0,0,0.0,0.0,0.0,0,1,0,0,0,2026-08-18T09:51:47.153337+00:00,2026-08-18T09:52:48.837419+00:00
9,538,Chirewa,20,MID,45,0,0,0.0,0.0,0.0,0,1,0,0,0,2026-08-18T09:51:47.153337+00:00,2026-08-18T09:52:48.837419+00:00
9,539,Chiwome,20,FWD,45,0,0,0.0,0.0,0.0,0,1,0,0,0,2026-08-18T09:51:47.153337+00:00,2026-08-18T09:52:48.837419+00:00
9,540,Cundle,20,MID,45,0,0,0.0,0.0,0.0,0,1,0,0,0,2026-08-18T09:51:47.153337+00:00,2026-08-18T09:52:48.837419+00:00
9,541,Cunha,20,FWD,65,1.2904,1.9963,0.28,0.2016,0.2765,0.0044,1,9,90,1,2026-08-18T09:51:47.153337+00:00,2026-08-18T09:52:48.837419+00:00
9,542,Dawson,20,DEF,44,0.7588,1.4408,0.22,0.1716,0.2183,0.0004,1,4,90,1,2026-08-18T09:51:47.153337+00:00,2026-08-18T09:52:48.837419+00:00
9,543,Doherty,20,DEF,44,0.494,1.1649,0.1,0.198,0.1088,0.0004,1,0,0,0,2026-08-18T09:51:47.153337+00:00,2026-08-18T09:52:48.837419+00:00
9,544,Doyle,20,MID,48,0.654,1.1708,0.18,0.1804,0.1818,0.0004,1,5,90,1,2026-08-18T09:51:47.153337+00:00,2026-08-18T09:52:48.837419+00:00
9,545,Fábio Silva,20,FWD,50,0,0,0.0,0.0,0.0,0,1,0,0,0,2026-08-18T09:51:47.153337+00:00,2026-08-18T09:52:48.837419+00:00
9,546,Fraser,20,FWD,45,0,0,0.0,0.0,0.0,0,1,0,0,0,2026-08-18T09:51:47.153337+00:00,2026-08-18T09:52:48.837419+00:00
9,547,Gonzalez,20,MID,45,0,0,0.0,0.0,0.0,0,1,0,0,0,2026-08-18T09:51:47.153337+00:00,2026-08-18T09:52:48.837419+00:00
9,548,Guedes,20,MID,53,0.694,1.2513,0.18,0.1804,0.1818,0.0,1,1,1,0,2026-08-18T09:51:47.153337+00:00,2026-08-18T09:52:48.837419+00:00
9,549,H.Bueno,20,DEF,45,0,0,0.0,0.0,0.0,0,1,0,0,0,2026-08-18T09:51:47.153337+00:00,2026-08-18T09:52:48.837419+00:00
9,550,Hee Chan,20,MID,61,1.722,2.2266,0.45,0.154,0.4308,0.0108,1,0,0,0,2026-08-18T09:51:47.153337+00:00,2026-08-18T09:52:48.837419+00:00
9,551,Hodge,20,MID,45,0,0,0.0,0.0,0.0,0,1,0,0,0,2026-08-18T09:51:47.153337+00:00,2026-08-18T09:52:48.837419+00:00
9,552,Hoever,20,DEF,40,0,0,0.0,0.0,0.0,0,1,0,0,0,2026-08-18T09:51:47.153337+00:00,2026-08-18T09:52:48.837419+00:00
9,553,J.Gomes,20,MID,49,1.1496,1.3532,0.48,0.1144,0.4556,0.0008,1,2,90,1,2026-08-18T09:51:47.153337+00:00,2026-08-18T09:52:48.837419+00:00
9,554,José Sá,20,GKP,43,0.1756,0.7778,0.04,0.0384,0.0403,0.0,1,2,90,1,2026-08-18T09:51:47.153337+00:00,2026-08-18T09:52:48.837419+00:00
9,555,Kalajdžić,20,FWD,48,0,0,0.0,0.0,0.0,0,1,0,0,0,2026-08-18T09:51:47.153337+00:00,2026-08-18T09:52:48.837419+00:00
9,556,King,20,GKP,40,0.1776,0.7787,0.04,0.0384,0.0403,0.0,1,0,0,0,2026-08-18T09:51:47.153337+00:00,2026-08-18T09:52:48.837419+00:00
9,557,Mario Jr.,20,MID,50,0,0,0.0,0.0,0.0,0,1,1,45,1,2026-08-18T09:51:47.153337+00:00,2026-08-18T09:52:48.837419+00:00
9,558,Mosquera,20,DEF,40,0,0,0.0,0.0,0.0,0,1,0,0,0,2026-08-18T09:51:47.153337+00:00,2026-08-18T09:52:48.837419+00:00
9,559,N.Semedo,20,DEF,45,0.7184,1.47,0.22,0.1716,0.2183,0.0016,1,1,90,1,2026-08-18T09:51:47.153337+00:00,2026-08-18T09:52:48.837419+00:00
9,561,Pedro Lima,20,DEF,40,0.4508,1.0598,0.1,0.198,0.1088,0.0,1,0,0,0,2026-08-18T09:51:47.153337+00:00,2026-08-18T09:52:48.837419+00:00
9,562,Podence,20,MID,55,0,0,0.0,0.0,0.0,0,1,0,0,0,2026-08-18T09:51:47.153337+00:00,2026-08-18T09:52:48.837419+00:00
9,563,R.Gomes,20,MID,52,0.6732,1.2718,0.18,0.1804,0.1818,0.0012,1,1,1,0,2026-08-18T09:51:47.153337+00:00,2026-08-18T09:52:48.837419+00:00
9,564,S.Bueno,20,DEF,43,0.4156,1.0044,0.1,0.198,0.1088,0.0012,1,1,90,1,2026-08-18T09:51:47.153337+00:00,2026-08-18T09:52:48.837419+00:00
9,565,Sarabia,20,MID,51,0.6652,1.2516,0.18,0.1804,0.1818,0.0016,1,1,45,1,2026-08-18T09:51:47.153337+00:00,2026-08-18T09:52:48.837419+00:00
9,566,Strand Larsen,20,FWD,55,1.6912,1.9074,0.48,0.1456,0.458,0.0056,1,1,90,1,2026-08-18T09:51:47.153337+00:00,2026-08-18T09:52:48.837419+00:00
9,567,Toti,20,DEF,43,0.6268,1.2922,0.22,0.1716,0.2183,0.0012,1,0,45,1,2026-08-18T09:51:47.153337+00:00,2026-08-18T09:52:48.837419+00:00
9,637,Meupiyou,20,DEF,40,0.4868,1.172,0.1,0.198,0.1088,0.0004,1,0,0,0,2026-08-18T09:51:47.153337+00:00,2026-08-18T09:52:48.837419+00:00
9,642,André,20,MID,50,0.888,1.2928,0.28,0.1584,0.2731,0.0004,1,1,1,0,2026-08-18T09:51:47.153337+00:00,2026-08-18T09:52:48.837419+00:00
9,655,Forbs,20,MID,55,1.3216,1.6315,0.45,0.154,0.4308,0.0028,1,1,49,1,2026-08-18T09:51:47.153337+00:00,2026-08-18T09:52:48.837419+00:00
9,664,Pond,20,DEF,40,0.4948,1.1175,0.1,0.198,0.1088,0.0008,1,0,0,0,2026-08-18T09:51:47.153337+00:00,2026-08-18T09:52:48.837419+00:00
9,682,Edozie,20,MID,45,0.4732,0.9256,0.1,0.198,0.1088,0.0,1,,,,2026-08-18T09:51:47.153337+00:00,
9,711,Okoduwa,20,DEF,40,0.462,1.101,0.1,0.198,0.1088,0.0,1,,,,2026-08-18T09:51:47.153337+00:00,
9,720,Agbadou,20,DEF,40,0.5024,1.1673,0.1,0.198,0.1088,0.0008,1,,,,2026-08-18T09:51:47.153337+00:00,
9,751,Pereira,20,MID,8,0.4824,0.9392,0.1,0.198,0.1088,0.0,1,,,,2026-08-18T09:51:47.153337+00:00,
9,769,Djiga,20,DEF,45,0.482,1.1627,0.1,0.198,0.1088,0.0004,1,,,,2026-08-18T09:51:47.153337+00:00,
9,770,Munetsi,20,MID,50,0.694,1.265,0.18,0.1804,0.1818,0.0004,1,,,,2026-08-18T09:51:47.153337+00:00,
9,784,Mané,20,FWD,45,0.4524,0.91,0.1,0.198,0.1088,0.0004,1,,,,2026-08-18T09:51:47.153337+00:00,
