gw,player_id,web_name,team_id,position,now_cost,mu,sigma,p_start,p_sub,p_60,p_10_plus,n_fixtures,actual_points,actual_minutes,did_start,captured_at,scored_at
12,1,Fábio Vieira,1,MID,54,0,0,0.0,0.0,0.0,0,1,0,0,0,2026-08-18T09:51:52.141332+00:00,2026-08-18T09:52:48.920728+00:00
12,2,G.Jesus,1,FWD,68,0,0,0.0,0.0,0.0,0,1,1,90,1,2026-08-18T09:51:52.141332+00:00,2026-08-18T09:52:48.920728+00:00
12,3,Gabriel,1,DEF,61,0,0,0.0,0.0,0.0,0,1,6,90,1,2026-08-18T09:51:52.141332+00:00,2026-08-18T09:52:48.920728+00:00
12,4,Havertz,1,FWD,80,2.292,2.8471,0.48,0.1456,0.458,0.032,1,0,0,0,2026-08-18T09:51:52.141332+00:00,2026-08-18T09:52:48.920728+00:00
12,5,Hein,1,GKP,40,0,0,0.0,0.0,0.0,0,1,0,0,0,2026-08-18T09:51:52.141332+00:00,2026-08-18T09:52:48.920728+00:00
12,6,J.Timber,1,DEF,55,0,0,0.0,0.0,0.0,0,1,6,87,1,2026-08-18T09:51:52.141332+00:00,2026-08-18T09:52:48.920728+00:00
12,7,Jorginho,1,MID,48,0.6984,1.275,0.18,0.1804,0.1818,0.0004,1,0,45,1,2026-08-18T09:51:52.141332+00:00,2026-08-18T09:52:48.920728+00:00
12,8,Kiwior,1,DEF,48,0.7636,1.5577,0.18,0.1804,0.1818,0.0008,1,1,2,0,2026-08-18T09:51:52.141332+00:00,2026-08-18T09:52:48.920728+00:00
12,9,Martinelli,1,MID,69,2.27,2.7712,0.48,0.1456,0.458,0.024,1,0,0,0,2026-08-18T09:51:52.141332+00:00,2026-08-18T09:52:48.920728+00:00
12,12,Nwaneri,1,MID,45,0.4736,1.0092,0.1,0.198,0.1088,0.0008,1,6,8,0,2026-08-18T09:51:52.141332+00:00,2026-08-18T09:52:48.920728+00:00
12,13,Ødegaard,1,MID,82,1.408,2.2509,0.28,0.2016,0.2765,0.014,1,6,81,1,2026-08-18T09:51:52.141332+00:00,2026-08-18T09:52:48.920728+00:00
12,15,Raya,1,GKP,55,3.6168,2.4059,0.9,0.008,0.8376,0.006,1,6,90,1,2026-08-18T09:51:52.141332+00:00,2026-08-18T09:52:48.920728+00:00
12,16,Rice,1,MID,63,1.6088,2.0035,0.48,0.1456,0.458,0.0068,1,0,0,0,2026-08-18T09:51:52.141332+00:00,2026-08-18T09:52:48.920728+00:00
12,17,Saka,1,MID,101,2.9028,3.5174,0.48,0.1456,0.458,0.0528,1,13,82,1,2026-08-18T09:51:52.141332+00:00,2026-08-18T09:52:48.920728+00:00
12,18,Saliba,1,DEF,60,0,0,0.0,0.0,0.0,0,1,7,90,1,2026-08-18T09:51:52.141332+00:00,2026-08-18T09:52:48.920728+00:00
12,20,Thomas,1,MID,50,1.5212,1.8012,0.48,0.1144,0.4556,0.002,1,8,45,1,2026-08-18T09:51:52.141332+00:00,2026-08-18T09:52:48.920728+00:00
12,21,Tierney,1,DEF,43,0.4868,1.1645,0.1,0.198,0.1088,0.0008,1,0,0,0,2026-08-18T09:51:52.141332+00:00,2026-08-18T09:52:48.920728+00:00
12,22,Tomiyasu,1,DEF,48,0,0,0.0,0.0,0.0,0,1,0,0,0,2026-08-18T09:51:52.141332+00:00,2026-08-18T09:52:48.920728+00:00
12,23,Trossard,1,MID,69,1.442,2.3445,0.28,0.2016,0.2765,0.0156,1,3,90,1,2026-08-18T09:51:52.141332+00:00,2026-08-18T09:52:48.920728+00:00
12,24,White,1,DEF,62,1.0312,1.7876,0.28,0.2016,0.2765,0.0028,1,0,0,0,2026-08-18T09:51:52.141332+00:00,2026-08-18T09:52:48.920728+00:00
12,25,Zinchenko,1,DEF,48,0.7912,1.6608,0.18,0.1804,0.1818,0.0028,1,1,23,0,2026-08-18T09:51:52.141332+00:00,2026-08-18T09:52:48.920728+00:00
12,73,Neto,1,GKP,43,0.216,0.9888,0.04,0.0384,0.0403,0.0004,1,0,0,0,2026-08-18T09:51:52.141332+00:00,2026-08-18T09:52:48.920728+00:00
12,186,Sterling,1,MID,67,1.6928,2.2408,0.45,0.154,0.4308,0.0108,1,4,7,0,2026-08-18T09:51:52.141332+00:00,2026-08-18T09:52:48.920728+00:00
12,578,Calafiori,1,DEF,58,1.1568,1.9578,0.28,0.2016,0.2765,0.0056,1,6,66,1,2026-08-18T09:51:52.141332+00:00,2026-08-18T09:52:48.920728+00:00
12,597,Lewis-Skelly,1,MID,45,0.5412,1.0969,0.1,0.198,0.1088,0.0004,1,0,0,0,2026-08-18T09:51:52.141332+00:00,2026-08-18T09:52:48.920728+00:00
12,633,Merino,1,MID,60,1.186,1.8588,0.28,0.2016,0.2765,0.0044,1,3,90,1,2026-08-18T09:51:52.141332+00:00,2026-08-18T09:52:48.920728+00:00
12,638,Oulad M'hand,1,MID,45,0.4744,0.9659,0.1,0.198,0.1088,0.0,1,0,0,0,2026-08-18T09:51:52.141332+00:00,2026-08-18T09:52:48.920728+00:00
12,639,Setford,1,GKP,45,0.158,0.7085,0.04,0.0384,0.0403,0.0,1,0,0,0,2026-08-18T09:51:52.141332+00:00,2026-08-18T09:52:48.920728+00:00
12,657,Kacurri,1,DEF,40,0,0,0.0,0.0,0.0,0,1,0,0,0,2026-08-18T09:51:52.141332+00:00,2026-08-18T09:52:48.920728+00:00
12,659,Kabia,1,MID,45,0.482,1.0325,0.1,0.198,0.1088,0.0004,1,0,0,0,2026-08-18T09:51:52.141332+00:00,2026-08-18T09:52:48.920728+00:00
12,662,Nichols,1,DEF,40,0.4996,1.1762,0.1,0.198,0.1088,0.0004,1,0,0,0,2026-08-18T09:51:52.141332+00:00,2026-08-18T09:52:48.920728+00:00
12,665,Butler-Oyedeji,1,FWD,45,0.438,0.9012,0.1,0.198,0.1088,0.0,1,0,0,0,2026-08-18T09:51:52.141332+00:00,2026-08-18T09:52:48.920728+00:00
12,735,Arteta,1,MID,15,0.4824,0.9934,0.1,0.198,0.1088,0.0004,1,,,,2026-08-18T09:51:52.141332+00:00,
12,756,Porter,1,GKP,40,0.2124,0.9053,0.04,0.0384,0.0403,0.0004,1,,,,2026-08-18T09:51:52.141332+00:00,
12,790,Gower,1,MID,45,0.5084,1.1006,0.1,0.198,0.1088,0.0012,1,,,,2026-08-18T09:51:52.141332+00:00,
12,793,Jack Henry-Francis,1,MID,45,0.4832,0.9837,0.1,0.198,0.1088,0.0,1,,,,2026-08-18T09:51:52.141332+00:00,
12,801,Clarke,1,DEF,40,0.514,1.227,0.1,0.198,0.1088,0.0,1,,,,2026-08-18T09:51:52.141332+00:00,
12,28,Bailey,2,MID,63,1.0904,1.7714,0.28,0.2016,0.2765,0.0048,1,2,81,1,2026-08-18T09:51:52.141332+00:00,2026-08-18T09:52:48.920728+00:00
12,29,Barkley,2,MID,52,0.7208,1.4772,0.18,0.1804,0.1818,0.0032,1,9,90,1,2026-08-18T09:51:52.141332+00:00,2026-08-18T09:52:48.920728+00:00
12,30,Barrenechea,2,MID,49,0,0,0.0,0.0,0.0,0,1,0,0,0,2026-08-18T09:51:52.141332+00:00,2026-08-18T09:52:48.920728+00:00
12,31,Buendia,2,MID,52,0,0,0.0,0.0,0.0,0,1,0,8,0,2026-08-18T09:51:52.141332+00:00,2026-08-18T09:52:48.920728+00:00
12,32,Cash,2,DEF,44,0.8516,1.5956,0.22,0.1716,0.2183,0.0012,1,1,45,1,2026-08-18T09:51:52.141332+00:00,2026-08-18T09:52:48.920728+00:00
12,33,Dendoncker,2,MID,45,0,0,0.0,0.0,0.0,0,1,0,0,0,2026-08-18T09:51:52.141332+00:00,2026-08-18T09:52:48.920728+00:00
12,34,Diaby,2,MID,65,0,0,0.0,0.0,0.0,0,1,0,0,0,2026-08-18T09:51:52.141332+00:00,2026-08-18T09:52:48.920728+00:00
12,35,Diego Carlos,2,DEF,45,0,0,0.0,0.0,0.0,0,1,0,90,1,2026-08-18T09:51:52.141332+00:00,2026-08-18T09:52:48.920728+00:00
12,36,Digne,2,DEF,47,1.8864,2.5882,0.48,0.1144,0.4556,0.0152,1,1,21,0,2026-08-18T09:51:52.141332+00:00,2026-08-18T09:52:48.920728+00:00
12,37,Dobbin,2,MID,50,0,0,0.0,0.0,0.0,0,1,0,0,0,2026-08-18T09:51:52.141332+00:00,2026-08-18T09:52:48.920728+00:00
12,38,Duran,2,FWD,59,0,0,0.0,0.0,0.0,0,1,1,21,0,2026-08-18T09:51:52.141332+00:00,2026-08-18T09:52:48.920728+00:00
12,39,Gauci,2,GKP,40,0,0,0.0,0.0,0.0,0,1,0,0,0,2026-08-18T09:51:52.141332+00:00,2026-08-18T09:52:48.920728+00:00
12,40,Hause,2,DEF,40,0.5428,1.289,0.1,0.198,0.1088,0.0012,1,0,0,0,2026-08-18T09:51:52.141332+00:00,2026-08-18T09:52:48.920728+00:00
12,41,Iling Jr,2,MID,54,0,0,0.0,0.0,0.0,0,1,0,0,0,2026-08-18T09:51:52.141332+00:00,2026-08-18T09:52:48.920728+00:00
12,42,Kamara,2,MID,50,0.6908,1.2642,0.18,0.1804,0.1818,0.0,1,0,0,0,2026-08-18T09:51:52.141332+00:00,2026-08-18T09:52:48.920728+00:00
12,43,Kesler-Hayden,2,DEF,40,0,0,0.0,0.0,0.0,0,1,0,0,0,2026-08-18T09:51:52.141332+00:00,2026-08-18T09:52:48.920728+00:00
12,44,Konsa,2,DEF,44,0.9712,1.8434,0.22,0.1716,0.2183,0.0052,1,0,0,0,2026-08-18T09:51:52.141332+00:00,2026-08-18T09:52:48.920728+00:00
12,45,Maatsen,2,DEF,47,0.79,1.6134,0.18,0.1804,0.1818,0.0016,1,0,68,1,2026-08-18T09:51:52.141332+00:00,2026-08-18T09:52:48.920728+00:00
12,46,Marschall,2,GKP,40,0,0,0.0,0.0,0.0,0,1,0,0,0,2026-08-18T09:51:52.141332+00:00,2026-08-18T09:52:48.920728+00:00
12,47,Martinez,2,GKP,50,0,0,0.0,0.0,0.0,0,1,2,90,1,2026-08-18T09:51:52.141332+00:00,2026-08-18T09:52:48.920728+00:00
12,48,McGinn,2,MID,52,0.8984,1.4782,0.28,0.1584,0.2731,0.0024,1,5,68,1,2026-08-18T09:51:52.141332+00:00,2026-08-18T09:52:48.920728+00:00
12,49,Mings,2,DEF,44,0.5032,1.2433,0.1,0.198,0.1088,0.0012,1,0,0,0,2026-08-18T09:51:52.141332+00:00,2026-08-18T09:52:48.920728+00:00
12,50,Nedeljkovic,2,DEF,40,0,0,0.0,0.0,0.0,0,1,0,0,0,2026-08-18T09:51:52.141332+00:00,2026-08-18T09:52:48.920728+00:00
12,51,Olsen,2,GKP,45,3.6336,2.406,0.88,0.0048,0.8188,0.0052,1,0,0,0,2026-08-18T09:51:52.141332+00:00,2026-08-18T09:52:48.920728+00:00
12,52,Pau,2,DEF,45,0.8412,1.6269,0.22,0.1716,0.2183,0.0016,1,1,90,1,2026-08-18T09:51:52.141332+00:00,2026-08-18T09:52:48.920728+00:00
12,53,Ramsey,2,MID,54,1.0532,1.6732,0.28,0.1584,0.2731,0.004,1,0,0,0,2026-08-18T09:51:52.141332+00:00,2026-08-18T09:52:48.920728+00:00
12,54,Rogers,2,MID,54,1.956,2.4231,0.48,0.1144,0.4556,0.0148,1,2,81,1,2026-08-18T09:51:52.141332+00:00,2026-08-18T09:52:48.920728+00:00
12,55,Sinisalo,2,GKP,40,0,0,0.0,0.0,0.0,0,1,0,0,0,2026-08-18T09:51:52.141332+00:00,2026-08-18T09:52:48.920728+00:00
12,56,Sousa,2,DEF,40,0,0,0.0,0.0,0.0,0,1,0,0,0,2026-08-18T09:51:52.141332+00:00,2026-08-18T09:52:48.920728+00:00
12,57,Tielemans,2,MID,55,1.8056,2.1228,0.48,0.1456,0.458,0.0056,1,3,90,1,2026-08-18T09:51:52.141332+00:00,2026-08-18T09:52:48.920728+00:00
12,58,Watkins,2,FWD,90,2.5264,3.0915,0.48,0.1456,0.458,0.0436,1,7,90,1,2026-08-18T09:51:52.141332+00:00,2026-08-18T09:52:48.920728+00:00
12,167,Disasi,2,DEF,43,0.516,1.2172,0.1,0.198,0.1088,0.0004,1,0,0,0,2026-08-18T09:51:52.141332+00:00,2026-08-18T09:52:48.920728+00:00
12,233,Onana,2,MID,49,1.7248,2.1892,0.48,0.1144,0.4556,0.0084,1,0,0,0,2026-08-18T09:51:52.141332+00:00,2026-08-18T09:52:48.920728+00:00
12,385,Rashford,2,MID,69,1.7316,2.221,0.48,0.1456,0.458,0.0096,1,8,67,1,2026-08-18T09:51:52.141332+00:00,2026-08-18T09:52:48.920728+00:00
12,598,Bogarde,2,DEF,40,0.5628,1.272,0.1,0.198,0.1088,0.0012,1,0,45,1,2026-08-18T09:51:52.141332+00:00,2026-08-18T09:52:48.920728+00:00
12,640,Swinkels,2,DEF,40,0,0,0.0,0.0,0.0,0,1,0,0,0,2026-08-18T09:51:52.141332+00:00,2026-08-18T09:52:48.920728+00:00
12,641,Zych,2,GKP,40,0.1588,0.8031,0.04,0.0384,0.0403,0.0,1,0,0,0,2026-08-18T09:51:52.141332+00:00,2026-08-18T09:52:48.920728+00:00
12,656,Young,2,MID,45,0,0,0.0,0.0,0.0,0,1,0,0,0,2026-08-18T09:51:52.141332+00:00,2026-08-18T09:52:48.920728+00:00
12,679,Broggio,2,MID,45,0.4544,0.9365,0.1,0.198,0.1088,0.0,1,0,0,0,2026-08-18T09:51:52.141332+00:00,2026-08-18T09:52:48.920728+00:00
12,710,Jimoh,2,MID,45,0.4544,0.9395,0.1,0.198,0.1088,0.0,1,,,,2026-08-18T09:51:52.141332+00:00,
12,725,Malen,2,MID,53,0.762,1.4324,0.18,0.1804,0.1818,0.0016,1,,,,2026-08-18T09:51:52.141332+00:00,
12,731,A. Garcia,2,DEF,45,0.5376,1.3059,0.1,0.198,0.1088,0.0012,1,,,,2026-08-18T09:51:52.141332+00:00,
12,737,Emery,2,MID,8,0.4824,0.9375,0.1,0.198,0.1088,0.0,1,,,,2026-08-18T09:51:52.141332+00:00,
12,762,M.Asensio,2,MID,60,1.7064,2.1694,0.45,0.154,0.4308,0.0092,1,,,,2026-08-18T09:51:52.141332+00:00,
12,59,Aarons,3,DEF,43,0,0,0.0,0.0,0.0,0,1,1,15,0,2026-08-18T09:51:52.141332+00:00,2026-08-18T09:52:48.920728+00:00
12,60,Adams,3,MID,49,0.658,1.196,0.18,0.1804,0.1818,0.0008,1,2,64,1,2026-08-18T09:51:52.141332+00:00,2026-08-18T09:52:48.920728+00:00
12,61,Anthony,3,MID,45,0,0,0.0,0.0,0.0,0,1,0,0,0,2026-08-18T09:51:52.141332+00:00,2026-08-18T09:52:48.920728+00:00
12,62,Brooks,3,MID,49,0.7196,1.3381,0.18,0.1804,0.1818,0.0004,1,7,15,0,2026-08-18T09:51:52.141332+00:00,2026-08-18T09:52:48.920728+00:00
12,63,Christie,3,MID,49,0,0,0.0,0.0,0.0,0,1,0,0,0,2026-08-18T09:51:52.141332+00:00,2026-08-18T09:52:48.920728+00:00
12,64,Cook,3,MID,50,0,0,0.0,0.0,0.0,0,1,1,90,1,2026-08-18T09:51:52.141332+00:00,2026-08-18T09:52:48.920728+00:00
12,65,Enes Ünal,3,FWD,54,0,0,0.0,0.0,0.0,0,1,4,10,0,2026-08-18T09:51:52.141332+00:00,2026-08-18T09:52:48.920728+00:00
12,66,Faivre,3,MID,50,0,0,0.0,0.0,0.0,0,1,0,0,0,2026-08-18T09:51:52.141332+00:00,2026-08-18T09:52:48.920728+00:00
12,67,H.Traorè,3,MID,45,0,0,0.0,0.0,0.0,0,1,0,0,0,2026-08-18T09:51:52.141332+00:00,2026-08-18T09:52:48.920728+00:00
12,68,Hill,3,DEF,40,0.5036,1.1941,0.1,0.198,0.1088,0.0004,1,0,0,0,2026-08-18T09:51:52.141332+00:00,2026-08-18T09:52:48.920728+00:00
12,69,Jebbison,3,FWD,45,0.4824,0.9477,0.1,0.198,0.1088,0.0,1,0,0,0,2026-08-18T09:51:52.141332+00:00,2026-08-18T09:52:48.920728+00:00
12,70,Kerkez,3,DEF,44,0.9156,1.7534,0.22,0.1716,0.2183,0.002,1,1,80,1,2026-08-18T09:51:52.141332+00:00,2026-08-18T09:52:48.920728+00:00
12,71,Kluivert,3,MID,53,1.7396,2.3085,0.48,0.1144,0.4556,0.0112,1,2,74,1,2026-08-18T09:51:52.141332+00:00,2026-08-18T09:52:48.920728+00:00
12,72,Mepham,3,DEF,44,0,0,0.0,0.0,0.0,0,1,0,0,0,2026-08-18T09:51:52.141332+00:00,2026-08-18T09:52:48.920728+00:00
12,74,O.Dango,3,MID,50,0,0,0.0,0.0,0.0,0,1,1,25,0,2026-08-18T09:51:52.141332+00:00,2026-08-18T09:52:48.920728+00:00
12,75,Paulsen,3,GKP,40,0,0,0.0,0.0,0.0,0,1,0,0,0,2026-08-18T09:51:52.141332+00:00,2026-08-18T09:52:48.920728+00:00
12,76,Philip,3,MID,48,0,0,0.0,0.0,0.0,0,1,0,0,0,2026-08-18T09:51:52.141332+00:00,2026-08-18T09:52:48.920728+00:00
12,77,Scott,3,MID,48,0.6688,1.2648,0.18,0.1804,0.1818,0.0004,1,0,0,0,2026-08-18T09:51:52.141332+00:00,2026-08-18T09:52:48.920728+00:00
12,78,Semenyo,3,MID,57,2.0636,2.687,0.48,0.1456,0.458,0.0264,1,1,90,1,2026-08-18T09:51:52.141332+00:00,2026-08-18T09:52:48.920728+00:00
12,79,Senesi,3,DEF,48,1.6684,2.3361,0.48,0.1144,0.4556,0.0076,1,1,64,1,2026-08-18T09:51:52.141332+00:00,2026-08-18T09:52:48.920728+00:00
12,80,Sinisterra,3,MID,49,0,0,0.0,0.0,0.0,0,1,0,0,0,2026-08-18T09:51:52.141332+00:00,2026-08-18T09:52:48.920728+00:00
12,81,Smith,3,DEF,45,0.7688,1.5835,0.22,0.1716,0.2183,0.0028,1,1,74,1,2026-08-18T09:51:52.141332+00:00,2026-08-18T09:52:48.920728+00:00
12,83,Tavernier,3,MID,55,1.8464,2.3223,0.48,0.1456,0.458,0.01,1,2,90,1,2026-08-18T09:51:52.141332+00:00,2026-08-18T09:52:48.920728+00:00
12,84,Travers,3,GKP,44,0,0,0.0,0.0,0.0,0,1,0,0,0,2026-08-18T09:51:52.141332+00:00,2026-08-18T09:52:48.920728+00:00
12,85,Zabarnyi,3,DEF,44,0.8068,1.6117,0.22,0.1716,0.2183,0.0032,1,1,90,1,2026-08-18T09:51:52.141332+00:00,2026-08-18T09:52:48.920728+00:00
12,152,Arrizabalaga,3,GKP,45,3.3836,2.313,0.88,0.0048,0.8188,0.002,1,1,90,1,2026-08-18T09:51:52.141332+00:00,2026-08-18T09:52:48.920728+00:00
12,580,Huijsen,3,DEF,43,0.4864,1.19,0.1,0.198,0.1088,0.0016,1,1,25,0,2026-08-18T09:51:52.141332+00:00,2026-08-18T09:52:48.920728+00:00
12,592,J.Araujo,3,DEF,44,0.8636,1.6804,0.22,0.1716,0.2183,0.0016,1,0,0,0,2026-08-18T09:51:52.141332+00:00,2026-08-18T09:52:48.920728+00:00
12,599,Dennis,3,GKP,40,0.1688,0.7943,0.04,0.0384,0.0403,0.0,1,0,0,0,2026-08-18T09:51:52.141332+00:00,2026-08-18T09:52:48.920728+00:00
12,617,Evanilson,3,FWD,60,2.3132,2.8073,0.48,0.1456,0.458,0.0252,1,2,90,1,2026-08-18T09:51:52.141332+00:00,2026-08-18T09:52:48.920728+00:00
12,680,Kinsey,3,DEF,40,0.5276,1.2716,0.1,0.198,0.1088,0.0012,1,0,0,0,2026-08-18T09:51:52.141332+00:00,2026-08-18T09:52:48.920728+00:00
12,687,Winterburn,3,MID,45,0.4732,0.9888,0.1,0.198,0.1088,0.0,1,,,,2026-08-18T09:51:52.141332+00:00,
12,702,Harris,3,DEF,40,0.5284,1.3289,0.1,0.198,0.1088,0.0008,1,,,,2026-08-18T09:51:52.141332+00:00,
12,707,Rees-Dottin,3,FWD,45,0.438,0.8846,0.1,0.198,0.1088,0.0,1,,,,2026-08-18T09:51:52.141332+00:00,
12,712,Akinmboni,3,DEF,40,0.5048,1.1961,0.1,0.198,0.1088,0.0004,1,,,,2026-08-18T09:51:52.141332+00:00,
12,713,Soler,3,DEF,39,0.5056,1.2179,0.1,0.198,0.1088,0.0008,1,,,,2026-08-18T09:51:52.141332+00:00,
12,722,Adu-Adjei,3,FWD,45,0.4664,0.9869,0.1,0.198,0.1088,0.0008,1,,,,2026-08-18T09:51:52.141332+00:00,
12,723,Sadi,3,MID,45,0.4672,1.0058,0.1,0.198,0.1088,0.0004,1,,,,2026-08-18T09:51:52.141332+00:00,
12,727,McKenna,3,GKP,40,0.2088,0.9239,0.04,0.0384,0.0403,0.0,1,,,,2026-08-18T09:51:52.141332+00:00,
12,728,Silcott-Duberry,3,MID,45,0.4864,0.9707,0.1,0.198,0.1088,0.0008,1,,,,2026-08-18T09:51:52.141332+00:00,
12,738,Iraola,3,MID,11,0.4748,0.9659,0.1,0.198,0.1088,0.0,1,,,,2026-08-18T09:51:52.141332+00:00,
12,86,Ajer,4,DEF,44,0.6324,1.3495,0.22,0.1716,0.2183,0.0004,1,0,0,0,2026-08-18T09:51:52.141332+00:00,2026-08-18T09:52:48.920728+00:00
12,87,Brierley,4,MID,45,0.4956,0.981,0.1,0.198,0.1088,0.0004,1,0,0,0,2026-08-18T09:51:52.141332+00:00,2026-08-18T09:52:48.920728+00:00
12,88,Collins,4,DEF,45,0.8572,1.7446,0.22,0.1716,0.2183,0.004,1,6,90,1,2026-08-18T09:51:52.141332+00:00,2026-08-18T09:52:48.920728+00:00
12,89,Damsgaard,4,MID,50,1.7208,1.9766,0.48,0.1144,0.4556,0.004,1,3,71,1,2026-08-18T09:51:52.141332+00:00,2026-08-18T09:52:48.920728+00:00
12,90,Dasilva,4,MID,48,0,0,0.0,0.0,0.0,0,1,0,0,0,2026-08-18T09:51:52.141332+00:00,2026-08-18T09:52:48.920728+00:00
12,91,Flekken,4,GKP,45,3.4284,2.166,0.9,0.004,0.8373,0.0016,1,9,90,1,2026-08-18T09:51:52.141332+00:00,2026-08-18T09:52:48.920728+00:00
12,92,Henry,4,DEF,43,0.7404,1.4825,0.22,0.1716,0.2183,0.0016,1,0,0,0,2026-08-18T09:51:52.141332+00:00,2026-08-18T09:52:48.920728+00:00
12,93,Hickey,4,DEF,43,0.6396,1.3179,0.22,0.1716,0.2183,0.0004,1,0,0,0,2026-08-18T09:51:52.141332+00:00,2026-08-18T09:52:48.920728+00:00
12,94,Janelt,4,MID,49,0,0,0.0,0.0,0.0,0,1,3,85,1,2026-08-18T09:51:52.141332+00:00,2026-08-18T09:52:48.920728+00:00
12,95,Jensen,4,MID,53,0.8828,1.3426,0.28,0.1584,0.2731,0.0012,1,3,90,1,2026-08-18T09:51:52.141332+00:00,2026-08-18T09:52:48.920728+00:00
12,96,Ji-soo,4,DEF,39,0.5088,1.2176,0.1,0.198,0.1088,0.0008,1,0,0,0,2026-08-18T09:51:52.141332+00:00,2026-08-18T09:52:48.920728+00:00
12,97,Konak,4,MID,45,0.4568,0.9272,0.1,0.198,0.1088,0.0,1,0,0,0,2026-08-18T09:51:52.141332+00:00,2026-08-18T09:52:48.920728+00:00
12,98,Lewis-Potter,4,MID,50,1.4664,1.715,0.48,0.1144,0.4556,0.0012,1,3,90,1,2026-08-18T09:51:52.141332+00:00,2026-08-18T09:52:48.920728+00:00
12,99,Mbeumo,4,MID,79,2.5092,2.9713,0.48,0.1456,0.458,0.032,1,3,90,1,2026-08-18T09:51:52.141332+00:00,2026-08-18T09:52:48.920728+00:00
12,100,Mee,4,DEF,42,0.4696,1.1275,0.1,0.198,0.1088,0.0,1,0,0,0,2026-08-18T09:51:52.141332+00:00,2026-08-18T09:52:48.920728+00:00
12,101,Nørgaard,4,MID,48,1.312,1.6054,0.48,0.1144,0.4556,0.0012,1,-2,40,0,2026-08-18T09:51:52.141332+00:00,2026-08-18T09:52:48.920728+00:00
12,102,Onyeka,4,MID,49,0,0,0.0,0.0,0.0,0,1,0,0,0,2026-08-18T09:51:52.141332+00:00,2026-08-18T09:52:48.920728+00:00
12,103,Peart-Harris,4,MID,45,0,0,0.0,0.0,0.0,0,1,0,0,0,2026-08-18T09:51:52.141332+00:00,2026-08-18T09:52:48.920728+00:00
12,104,Pinnock,4,DEF,45,0.7756,1.5732,0.22,0.1716,0.2183,0.0028,1,6,90,1,2026-08-18T09:51:52.141332+00:00,2026-08-18T09:52:48.920728+00:00
12,105,Roerslev,4,DEF,44,0,0,0.0,0.0,0.0,0,1,0,0,0,2026-08-18T09:51:52.141332+00:00,2026-08-18T09:52:48.920728+00:00
12,106,Schade,4,MID,51,0.9336,1.5952,0.28,0.1584,0.2731,0.0032,1,1,18,0,2026-08-18T09:51:52.141332+00:00,2026-08-18T09:52:48.920728+00:00
12,107,Thiago,4,FWD,59,1.3848,1.7026,0.45,0.154,0.4308,0.0036,1,1,18,0,2026-08-18T09:51:52.141332+00:00,2026-08-18T09:52:48.920728+00:00
12,108,Toney,4,FWD,73,0,0,0.0,0.0,0.0,0,1,0,0,0,2026-08-18T09:51:52.141332+00:00,2026-08-18T09:52:48.920728+00:00
12,109,Valdimarsson,4,GKP,40,0.1748,0.746,0.04,0.0384,0.0403,0.0,1,0,0,0,2026-08-18T09:51:52.141332+00:00,2026-08-18T09:52:48.920728+00:00
12,110,Wissa,4,FWD,61,1.4152,2.259,0.28,0.2016,0.2765,0.0108,1,2,71,1,2026-08-18T09:51:52.141332+00:00,2026-08-18T09:52:48.920728+00:00
12,111,Yarmoliuk,4,MID,44,0.456,0.9284,0.1,0.198,0.1088,0.0004,1,1,4,0,2026-08-18T09:51:52.141332+00:00,2026-08-18T09:52:48.920728+00:00
12,112,Zanka,4,DEF,45,0,0,0.0,0.0,0.0,0,1,0,0,0,2026-08-18T09:51:52.141332+00:00,2026-08-18T09:52:48.920728+00:00
12,314,Carvalho,4,MID,48,0,0,0.0,0.0,0.0,0,1,0,0,0,2026-08-18T09:51:52.141332+00:00,2026-08-18T09:52:48.920728+00:00
12,338,Van den Berg,4,DEF,41,0.7708,1.4767,0.22,0.1716,0.2183,0.0,1,6,90,1,2026-08-18T09:51:52.141332+00:00,2026-08-18T09:52:48.920728+00:00
12,602,Trevitt,4,MID,45,0,0,0.0,0.0,0.0,0,1,0,0,0,2026-08-18T09:51:52.141332+00:00,2026-08-18T09:52:48.920728+00:00
12,634,G.Nunes,4,MID,49,0.672,1.2041,0.18,0.1804,0.1818,0.0,1,0,0,0,2026-08-18T09:51:52.141332+00:00,2026-08-18T09:52:48.920728+00:00
12,649,Meghoma,4,DEF,40,0,0,0.0,0.0,0.0,0,1,0,0,0,2026-08-18T09:51:52.141332+00:00,2026-08-18T09:52:48.920728+00:00
12,661,Yogane,4,MID,45,0,0,0.0,0.0,0.0,0,1,0,0,0,2026-08-18T09:51:52.141332+00:00,2026-08-18T09:52:48.920728+00:00
12,674,Maghoma,4,MID,45,0.4692,1.0039,0.1,0.198,0.1088,0.0004,1,0,0,0,2026-08-18T09:51:52.141332+00:00,2026-08-18T09:52:48.920728+00:00
12,705,Arthur,4,DEF,40,0.4448,1.0497,0.1,0.198,0.1088,0.0,1,,,,2026-08-18T09:51:52.141332+00:00,
12,752,Frank,4,MID,8,0.4628,0.9475,0.1,0.198,0.1088,0.0,1,,,,2026-08-18T09:51:52.141332+00:00,
12,757,Kayode,4,DEF,45,0.4972,1.1894,0.1,0.198,0.1088,0.0012,1,,,,2026-08-18T09:51:52.141332+00:00,
12,759,Eyestone,4,GKP,40,0.172,0.7711,0.04,0.0384,0.0403,0.0,1,,,,2026-08-18T09:51:52.141332+00:00,
12,780,Morgan,4,FWD,45,0.434,0.8752,0.1,0.198,0.1088,0.0,1,,,,2026-08-18T09:51:52.141332+00:00,
12,786,Benjamin Fredrick,4,DEF,40,0.4592,1.1031,0.1,0.198,0.1088,0.0004,1,,,,2026-08-18T09:51:52.141332+00:00,
12,113,Adingra,5,MID,53,0.706,1.3143,0.18,0.1804,0.1818,0.0008,1,1,26,0,2026-08-18T09:51:52.141332+00:00,2026-08-18T09:52:48.920728+00:00
12,114,Baker-Boaitey,5,MID,45,0,0,0.0,0.0,0.0,0,1,0,0,0,2026-08-18T09:51:52.141332+00:00,2026-08-18T09:52:48.920728+00:00
12,115,Baleba,5,MID,50,1.0092,1.5932,0.28,0.1584,0.2731,0.0016,1,-2,58,1,2026-08-18T09:51:52.141332+00:00,2026-08-18T09:52:48.920728+00:00
12,116,Barco,5,DEF,40,0,0,0.0,0.0,0.0,0,1,0,0,0,2026-08-18T09:51:52.141332+00:00,2026-08-18T09:52:48.920728+00:00
12,118,Cozier-Duberry,5,MID,45,0,0,0.0,0.0,0.0,0,1,0,0,0,2026-08-18T09:51:52.141332+00:00,2026-08-18T09:52:48.920728+00:00
12,119,Dahoud,5,MID,49,0,0,0.0,0.0,0.0,0,1,0,0,0,2026-08-18T09:51:52.141332+00:00,2026-08-18T09:52:48.920728+00:00
12,120,Dunk,5,DEF,44,0.7704,1.5438,0.22,0.1716,0.2183,0.0024,1,0,0,0,2026-08-18T09:51:52.141332+00:00,2026-08-18T09:52:48.920728+00:00
12,122,Estupiñan,5,DEF,50,0.9008,1.6705,0.28,0.1584,0.2731,0.0032,1,2,90,1,2026-08-18T09:51:52.141332+00:00,2026-08-18T09:52:48.920728+00:00
12,124,Gilmour,5,MID,50,0,0,0.0,0.0,0.0,0,1,0,0,0,2026-08-18T09:51:52.141332+00:00,2026-08-18T09:52:48.920728+00:00
12,125,Gross,5,MID,65,0,0,0.0,0.0,0.0,0,1,0,0,0,2026-08-18T09:51:52.141332+00:00,2026-08-18T09:52:48.920728+00:00
12,126,Hinshelwood,5,MID,50,1.446,1.7367,0.48,0.1144,0.4556,0.002,1,0,0,0,2026-08-18T09:51:52.141332+00:00,2026-08-18T09:52:48.920728+00:00
12,127,I.Osman,5,MID,50,0,0,0.0,0.0,0.0,0,1,0,0,0,2026-08-18T09:51:52.141332+00:00,2026-08-18T09:52:48.920728+00:00
12,128,Igor,5,DEF,44,0.652,1.38,0.22,0.1716,0.2183,0.0012,1,2,90,1,2026-08-18T09:51:52.141332+00:00,2026-08-18T09:52:48.920728+00:00
12,129,João Pedro,5,FWD,55,1.2088,1.9804,0.28,0.2016,0.2765,0.0092,1,12,63,1,2026-08-18T09:51:52.141332+00:00,2026-08-18T09:52:48.920728+00:00
12,130,Kozlowski,5,MID,45,0,0,0.0,0.0,0.0,0,1,0,0,0,2026-08-18T09:51:52.141332+00:00,2026-08-18T09:52:48.920728+00:00
12,131,Lamptey,5,DEF,44,0.358,0.9768,0.05,0.209,0.0632,0.0012,1,0,0,0,2026-08-18T09:51:52.141332+00:00,2026-08-18T09:52:48.920728+00:00
12,132,March,5,MID,65,0,0,0.0,0.0,0.0,0,1,0,0,0,2026-08-18T09:51:52.141332+00:00,2026-08-18T09:52:48.920728+00:00
12,133,Mazilu,5,MID,45,0,0,0.0,0.0,0.0,0,1,0,0,0,2026-08-18T09:51:52.141332+00:00,2026-08-18T09:52:48.920728+00:00
12,134,Milner,5,MID,50,0.8896,1.3708,0.28,0.1584,0.2731,0.0012,1,0,0,0,2026-08-18T09:51:52.141332+00:00,2026-08-18T09:52:48.920728+00:00
12,135,Minteh,5,MID,52,0.9652,1.5751,0.28,0.1584,0.2731,0.0032,1,0,0,0,2026-08-18T09:51:52.141332+00:00,2026-08-18T09:52:48.920728+00:00
12,136,Mitoma,5,MID,64,1.8644,2.2798,0.48,0.1456,0.458,0.0128,1,9,90,1,2026-08-18T09:51:52.141332+00:00,2026-08-18T09:52:48.920728+00:00
12,137,Moder,5,MID,44,0,0,0.0,0.0,0.0,0,1,0,0,0,2026-08-18T09:51:52.141332+00:00,2026-08-18T09:52:48.920728+00:00
12,138,O’Mahony,5,FWD,45,0,0,0.0,0.0,0.0,0,1,0,0,0,2026-08-18T09:51:52.141332+00:00,2026-08-18T09:52:48.920728+00:00
12,139,Offiah,5,DEF,40,0,0,0.0,0.0,0.0,0,1,0,0,0,2026-08-18T09:51:52.141332+00:00,2026-08-18T09:52:48.920728+00:00
12,140,Peupion,5,MID,45,0,0,0.0,0.0,0.0,0,1,0,0,0,2026-08-18T09:51:52.141332+00:00,2026-08-18T09:52:48.920728+00:00
12,141,Sarmiento,5,MID,49,0,0,0.0,0.0,0.0,0,1,0,0,0,2026-08-18T09:51:52.141332+00:00,2026-08-18T09:52:48.920728+00:00
12,142,Steele,5,GKP,43,0.0816,0.4594,0.02,0.0392,0.0217,0.0,1,0,0,0,2026-08-18T09:51:52.141332+00:00,2026-08-18T09:52:48.920728+00:00
12,143,Undav,5,FWD,55,0,0,0.0,0.0,0.0,0,1,0,0,0,2026-08-18T09:51:52.141332+00:00,2026-08-18T09:52:48.920728+00:00
12,144,Van Hecke,5,DEF,45,0.7124,1.4467,0.22,0.1716,0.2183,0.0016,1,1,90,1,2026-08-18T09:51:52.141332+00:00,2026-08-18T09:52:48.920728+00:00
12,145,Veltman,5,DEF,45,0.8732,1.6392,0.22,0.1716,0.2183,0.0004,1,2,90,1,2026-08-18T09:51:52.141332+00:00,2026-08-18T09:52:48.920728+00:00
12,146,Verbruggen,5,GKP,45,3.0588,2.2034,0.88,0.0048,0.8188,0.002,1,3,90,1,2026-08-18T09:51:52.141332+00:00,2026-08-18T09:52:48.920728+00:00
12,147,Webster,5,DEF,43,0.4616,1.1151,0.1,0.198,0.1088,0.0,1,0,0,0,2026-08-18T09:51:52.141332+00:00,2026-08-18T09:52:48.920728+00:00
12,148,Welbeck,5,FWD,60,2.2072,2.6397,0.48,0.1456,0.458,0.0188,1,2,85,1,2026-08-18T09:51:52.141332+00:00,2026-08-18T09:52:48.920728+00:00
12,149,Wieffer,5,MID,48,0.6796,1.1627,0.18,0.1804,0.1818,0.0004,1,1,26,0,2026-08-18T09:51:52.141332+00:00,2026-08-18T09:52:48.920728+00:00
12,595,Gruda,5,MID,54,0.6808,1.2398,0.18,0.1804,0.1818,0.0008,1,0,0,0,2026-08-18T09:51:52.141332+00:00,2026-08-18T09:52:48.920728+00:00
12,600,Ayari,5,MID,50,0.7968,1.2602,0.28,0.1584,0.2731,0.0004,1,3,75,1,2026-08-18T09:51:52.141332+00:00,2026-08-18T09:52:48.920728+00:00
12,601,Moran,5,MID,50,0,0,0.0,0.0,0.0,0,1,0,0,0,2026-08-18T09:51:52.141332+00:00,2026-08-18T09:52:48.920728+00:00
12,615,Rushworth,5,GKP,40,0.1796,0.7644,0.04,0.0384,0.0403,0.0,1,0,0,0,2026-08-18T09:51:52.141332+00:00,2026-08-18T09:52:48.920728+00:00
12,618,Georginio,5,MID,56,0,0,0.0,0.0,0.0,0,1,5,63,1,2026-08-18T09:51:52.141332+00:00,2026-08-18T09:52:48.920728+00:00
12,628,F.Kadıoğlu,5,DEF,45,0,0,0.0,0.0,0.0,0,1,0,0,0,2026-08-18T09:51:52.141332+00:00,2026-08-18T09:52:48.920728+00:00
12,629,O'Riley,5,MID,55,1.5492,1.8911,0.45,0.154,0.4308,0.0032,1,1,14,0,2026-08-18T09:51:52.141332+00:00,2026-08-18T09:52:48.920728+00:00
12,663,Samuels,5,DEF,40,0,0,0.0,0.0,0.0,0,1,0,0,0,2026-08-18T09:51:52.141332+00:00,2026-08-18T09:52:48.920728+00:00
12,668,Cahill,5,GKP,39,0.1396,0.6878,0.04,0.0384,0.0403,0.0,1,0,0,0,2026-08-18T09:51:52.141332+00:00,2026-08-18T09:52:48.920728+00:00
12,681,McConville,5,DEF,40,0,0,0.0,0.0,0.0,0,1,0,0,0,2026-08-18T09:51:52.141332+00:00,2026-08-18T09:52:48.920728+00:00
12,685,Slater,5,DEF,40,0.512,1.1617,0.1,0.198,0.1088,0.0,1,,,,2026-08-18T09:51:52.141332+00:00,
12,714,Gómez,5,MID,55,1.464,1.6983,0.45,0.154,0.4308,0.0028,1,,,,2026-08-18T09:51:52.141332+00:00,
12,739,Hürzeler,5,MID,11,0.4656,0.9327,0.1,0.198,0.1088,0.0004,1,,,,2026-08-18T09:51:52.141332+00:00,
12,758,Knight,5,MID,45,0.4572,0.925,0.1,0.198,0.1088,0.0,1,,,,2026-08-18T09:51:52.141332+00:00,
12,763,Cashin,5,DEF,45,0.4852,1.196,0.1,0.198,0.1088,0.0004,1,,,,2026-08-18T09:51:52.141332+00:00,
12,791,Charlie Tasker,5,DEF,40,0.5216,1.1875,0.1,0.198,0.1088,0.0004,1,,,,2026-08-18T09:51:52.141332+00:00,
12,794,Freddie Simmonds,5,DEF,40,0.4528,1.0656,0.1,0.198,0.1088,0.0004,1,,,,2026-08-18T09:51:52.141332+00:00,
12,795,Harry Howell,5,MID,45,0.4544,0.9301,0.1,0.198,0.1088,0.0,1,,,,2026-08-18T09:51:52.141332+00:00,
12,150,Andrey Santos,6,MID,45,0,0,0.0,0.0,0.0,0,1,0,0,0,2026-08-18T09:51:52.141332+00:00,2026-08-18T09:52:48.920728+00:00
12,151,Ângelo,6,MID,45,0,0,0.0,0.0,0.0,0,1,0,0,0,2026-08-18T09:51:52.141332+00:00,2026-08-18T09:52:48.920728+00:00
12,153,B.Badiashile,6,DEF,43,0.428,1.0153,0.1,0.198,0.1088,0.0004,1,2,90,1,2026-08-18T09:51:52.141332+00:00,2026-08-18T09:52:48.920728+00:00
12,154,Bergström,6,GKP,40,0.1576,0.7273,0.04,0.0384,0.0403,0.0,1,0,0,0,2026-08-18T09:51:52.141332+00:00,2026-08-18T09:52:48.920728+00:00
12,155,Bettinelli,6,GKP,40,0.1276,0.6514,0.04,0.0384,0.0403,0.0,1,0,0,0,2026-08-18T09:51:52.141332+00:00,2026-08-18T09:52:48.920728+00:00
12,157,Caicedo,6,MID,49,1.4076,1.586,0.48,0.1144,0.4556,0.0012,1,2,80,1,2026-08-18T09:51:52.141332+00:00,2026-08-18T09:52:48.920728+00:00
12,158,Casadei,6,MID,44,0,0,0.0,0.0,0.0,0,1,0,0,0,2026-08-18T09:51:52.141332+00:00,2026-08-18T09:52:48.920728+00:00
12,159,Chalobah,6,DEF,44,0.782,1.5095,0.22,0.1716,0.2183,0.0016,1,0,90,1,2026-08-18T09:51:52.141332+00:00,2026-08-18T09:52:48.920728+00:00
12,161,Chukwuemeka,6,MID,48,0,0,0.0,0.0,0.0,0,1,0,0,0,2026-08-18T09:51:52.141332+00:00,2026-08-18T09:52:48.920728+00:00
12,162,Colwill,6,DEF,45,0.7648,1.5123,0.22,0.1716,0.2183,0.0016,1,2,90,1,2026-08-18T09:51:52.141332+00:00,2026-08-18T09:52:48.920728+00:00
12,163,Cucurella,6,DEF,50,1.2716,1.8982,0.48,0.1144,0.4556,0.0032,1,2,90,1,2026-08-18T09:51:52.141332+00:00,2026-08-18T09:52:48.920728+00:00
12,164,D.D.Fofana,6,FWD,54,0,0,0.0,0.0,0.0,0,1,0,0,0,2026-08-18T09:51:52.141332+00:00,2026-08-18T09:52:48.920728+00:00
12,165,Deivid,6,FWD,50,0,0,0.0,0.0,0.0,0,1,0,0,0,2026-08-18T09:51:52.141332+00:00,2026-08-18T09:52:48.920728+00:00
12,166,Dewsbury-Hall,6,MID,56,1.4864,1.7834,0.45,0.154,0.4308,0.0036,1,1,1,0,2026-08-18T09:51:52.141332+00:00,2026-08-18T09:52:48.920728+00:00
12,168,Enzo,6,MID,48,0.9368,1.3275,0.28,0.1584,0.2731,0.0,1,12,90,1,2026-08-18T09:51:52.141332+00:00,2026-08-18T09:52:48.920728+00:00
12,169,Gallagher,6,MID,59,0,0,0.0,0.0,0.0,0,1,0,0,0,2026-08-18T09:51:52.141332+00:00,2026-08-18T09:52:48.920728+00:00
12,170,Gilchrist,6,DEF,40,0,0,0.0,0.0,0.0,0,1,0,0,0,2026-08-18T09:51:52.141332+00:00,2026-08-18T09:52:48.920728+00:00
12,171,Gusto,6,DEF,49,1.4968,2.159,0.48,0.1144,0.4556,0.008,1,0,0,0,2026-08-18T09:51:52.141332+00:00,2026-08-18T09:52:48.920728+00:00
12,172,James,6,DEF,49,0.8664,1.5786,0.28,0.1584,0.2731,0.0024,1,0,0,0,2026-08-18T09:51:52.141332+00:00,2026-08-18T09:52:48.920728+00:00
12,173,Kellyman,6,MID,44,0,0,0.0,0.0,0.0,0,1,0,0,0,2026-08-18T09:51:52.141332+00:00,2026-08-18T09:52:48.920728+00:00
12,174,Lavia,6,MID,45,0.8584,1.2305,0.28,0.1584,0.2731,0.0004,1,0,9,0,2026-08-18T09:51:52.141332+00:00,2026-08-18T09:52:48.920728+00:00
12,175,Lukaku,6,FWD,63,0,0,0.0,0.0,0.0,0,1,0,0,0,2026-08-18T09:51:52.141332+00:00,2026-08-18T09:52:48.920728+00:00
12,176,M.Sarr,6,DEF,45,0,0,0.0,0.0,0.0,0,1,0,0,0,2026-08-18T09:51:52.141332+00:00,2026-08-18T09:52:48.920728+00:00
12,177,Madueke,6,MID,64,2.032,2.4864,0.48,0.1456,0.458,0.0144,1,3,84,1,2026-08-18T09:51:52.141332+00:00,2026-08-18T09:52:48.920728+00:00
12,178,Marc Guiu,6,FWD,48,0.6456,1.1348,0.18,0.1804,0.1818,0.0012,1,0,0,0,2026-08-18T09:51:52.141332+00:00,2026-08-18T09:52:48.920728+00:00
12,179,Mudryk,6,MID,62,0,0,0.0,0.0,0.0,0,1,0,0,0,2026-08-18T09:51:52.141332+00:00,2026-08-18T09:52:48.920728+00:00
12,180,N.Jackson,6,FWD,79,0,0,0.0,0.0,0.0,0,1,12,90,1,2026-08-18T09:51:52.141332+00:00,2026-08-18T09:52:48.920728+00:00
12,181,Nkunku,6,MID,59,1.6616,2.1315,0.45,0.154,0.4308,0.0076,1,1,9,0,2026-08-18T09:51:52.141332+00:00,2026-08-18T09:52:48.920728+00:00
12,182,Palmer,6,MID,109,2.7568,3.3799,0.48,0.1456,0.458,0.0488,1,2,90,1,2026-08-18T09:51:52.141332+00:00,2026-08-18T09:52:48.920728+00:00
12,183,Petrović,6,GKP,44,0,0,0.0,0.0,0.0,0,1,0,0,0,2026-08-18T09:51:52.141332+00:00,2026-08-18T09:52:48.920728+00:00
12,184,Renato Veiga,6,MID,45,0,0,0.0,0.0,0.0,0,1,0,0,0,2026-08-18T09:51:52.141332+00:00,2026-08-18T09:52:48.920728+00:00
12,185,Sánchez,6,GKP,47,3.2916,2.238,0.9,0.008,0.8376,0.0012,1,1,90,1,2026-08-18T09:51:52.141332+00:00,2026-08-18T09:52:48.920728+00:00
12,187,Tosin,6,DEF,43,0.4772,1.1202,0.1,0.198,0.1088,0.0008,1,0,0,0,2026-08-18T09:51:52.141332+00:00,2026-08-18T09:52:48.920728+00:00
12,189,W.Fofana,6,DEF,45,0,0,0.0,0.0,0.0,0,1,2,90,1,2026-08-18T09:51:52.141332+00:00,2026-08-18T09:52:48.920728+00:00
12,386,Sancho,6,MID,63,1.0728,1.6348,0.28,0.2016,0.2765,0.0044,1,1,5,0,2026-08-18T09:51:52.141332+00:00,2026-08-18T09:52:48.920728+00:00
12,560,Neto,6,MID,62,1.1212,1.7471,0.28,0.2016,0.2765,0.0016,1,0,0,0,2026-08-18T09:51:52.141332+00:00,2026-08-18T09:52:48.920728+00:00
12,575,Wiley,6,DEF,40,0,0,0.0,0.0,0.0,0,1,0,0,0,2026-08-18T09:51:52.141332+00:00,2026-08-18T09:52:48.920728+00:00
12,581,Jørgensen,6,GKP,42,0.1724,0.7698,0.04,0.0384,0.0403,0.0,1,0,0,0,2026-08-18T09:51:52.141332+00:00,2026-08-18T09:52:48.920728+00:00
12,621,João Félix,6,MID,61,0,0,0.0,0.0,0.0,0,1,3,80,1,2026-08-18T09:51:52.141332+00:00,2026-08-18T09:52:48.920728+00:00
12,695,Rak-Sakyi,6,MID,45,0.4708,0.9077,0.1,0.198,0.1088,0.0004,1,,,,2026-08-18T09:51:52.141332+00:00,
12,696,George,6,MID,45,0.4924,0.9486,0.1,0.198,0.1088,0.0,1,,,,2026-08-18T09:51:52.141332+00:00,
12,697,Acheampong,6,DEF,40,0.4784,1.1112,0.1,0.198,0.1088,0.0,1,,,,2026-08-18T09:51:52.141332+00:00,
12,740,Maresca,6,MID,15,0.4556,0.8933,0.1,0.198,0.1088,0.0,1,,,,2026-08-18T09:51:52.141332+00:00,
12,771,Amougou,6,MID,45,0.4588,0.9307,0.1,0.198,0.1088,0.0,1,,,,2026-08-18T09:51:52.141332+00:00,
12,774,Anselmino,6,DEF,40,0.4652,1.1156,0.1,0.198,0.1088,0.0008,1,,,,2026-08-18T09:51:52.141332+00:00,
12,781,Mheuka,6,FWD,45,0.3972,0.8053,0.1,0.198,0.1088,0.0,1,,,,2026-08-18T09:51:52.141332+00:00,
12,782,Samuels-Smith,6,DEF,40,0.444,0.9761,0.1,0.198,0.1088,0.0,1,,,,2026-08-18T09:51:52.141332+00:00,
12,787,Genesis Antwi,6,DEF,40,0.452,1.1272,0.1,0.198,0.1088,0.0008,1,,,,2026-08-18T09:51:52.141332+00:00,
12,11,Nketiah,7,FWD,59,0.934,1.4905,0.28,0.2016,0.2765,0.0036,1,0,0,0,2026-08-18T09:51:52.141332+00:00,2026-08-18T09:52:48.920728+00:00
12,160,Chilwell,7,DEF,47,0.8548,1.7453,0.24,0.1672,0.2366,0.004,1,0,0,0,2026-08-18T09:51:52.141332+00:00,2026-08-18T09:52:48.920728+00:00
12,190,Ahamada,7,MID,45,0,0,0.0,0.0,0.0,0,1,0,0,0,2026-08-18T09:51:52.141332+00:00,2026-08-18T09:52:48.920728+00:00
12,193,C.Doucouré,7,MID,49,0,0,0.0,0.0,0.0,0,1,2,63,1,2026-08-18T09:51:52.141332+00:00,2026-08-18T09:52:48.920728+00:00
12,194,C.Richards,7,DEF,44,0.7412,1.4502,0.22,0.1716,0.2183,0.0012,1,1,1,0,2026-08-18T09:51:52.141332+00:00,2026-08-18T09:52:48.920728+00:00
12,195,Chadi Riad,7,DEF,43,0,0,0.0,0.0,0.0,0,1,0,0,0,2026-08-18T09:51:52.141332+00:00,2026-08-18T09:52:48.920728+00:00
12,196,Clyne,7,DEF,44,0.4872,1.1142,0.11,0.1958,0.118,0.0004,1,1,1,0,2026-08-18T09:51:52.141332+00:00,2026-08-18T09:52:48.920728+00:00
12,197,Ebiowei,7,MID,45,0,0,0.0,0.0,0.0,0,1,0,0,0,2026-08-18T09:51:52.141332+00:00,2026-08-18T09:52:48.920728+00:00
12,199,Eze,7,MID,66,2.0948,2.5116,0.48,0.1456,0.458,0.0168,1,0,0,0,2026-08-18T09:51:52.141332+00:00,2026-08-18T09:52:48.920728+00:00
12,200,Guéhi,7,DEF,45,0,0,0.0,0.0,0.0,0,1,1,90,1,2026-08-18T09:51:52.141332+00:00,2026-08-18T09:52:48.920728+00:00
12,201,Henderson,7,GKP,44,3.136,2.201,0.9,0.004,0.8373,0.0016,1,7,90,1,2026-08-18T09:51:52.141332+00:00,2026-08-18T09:52:48.920728+00:00
12,202,Holding,7,DEF,43,0,0,0.0,0.0,0.0,0,1,0,0,0,2026-08-18T09:51:52.141332+00:00,2026-08-18T09:52:48.920728+00:00
12,203,Hughes,7,MID,49,0.8136,1.3307,0.28,0.1584,0.2731,0.0016,1,2,89,1,2026-08-18T09:51:52.141332+00:00,2026-08-18T09:52:48.920728+00:00
12,205,Kamada,7,MID,51,0.856,1.3106,0.28,0.1584,0.2731,0.0,1,0,0,0,2026-08-18T09:51:52.141332+00:00,2026-08-18T09:52:48.920728+00:00
12,206,Lerma,7,MID,48,0.856,1.255,0.28,0.1584,0.2731,0.0004,1,1,26,0,2026-08-18T09:51:52.141332+00:00,2026-08-18T09:52:48.920728+00:00
12,207,Mateta,7,FWD,73,1.9516,2.319,0.48,0.1456,0.458,0.0128,1,5,90,1,2026-08-18T09:51:52.141332+00:00,2026-08-18T09:52:48.920728+00:00
12,208,M.França,7,MID,44,0.462,0.9386,0.1,0.198,0.1088,0.0,1,0,0,0,2026-08-18T09:51:52.141332+00:00,2026-08-18T09:52:48.920728+00:00
12,209,Matthews,7,GKP,40,0.1492,0.72,0.04,0.0384,0.0403,0.0,1,0,0,0,2026-08-18T09:51:52.141332+00:00,2026-08-18T09:52:48.920728+00:00
12,210,Mitchell,7,DEF,49,1.5328,2.032,0.48,0.1144,0.4556,0.0032,1,0,90,1,2026-08-18T09:51:52.141332+00:00,2026-08-18T09:52:48.920728+00:00
12,211,Muñoz,7,DEF,48,1.3844,2.097,0.48,0.1144,0.4556,0.008,1,1,90,1,2026-08-18T09:51:52.141332+00:00,2026-08-18T09:52:48.920728+00:00
12,212,Ozoh,7,MID,45,0,0,0.0,0.0,0.0,0,1,0,0,0,2026-08-18T09:51:52.141332+00:00,2026-08-18T09:52:48.920728+00:00
12,213,Rak-Sakyi,7,MID,45,0,0,0.0,0.0,0.0,0,1,0,0,0,2026-08-18T09:51:52.141332+00:00,2026-08-18T09:52:48.920728+00:00
12,214,Schlupp,7,MID,47,0,0,0.0,0.0,0.0,0,1,1,16,0,2026-08-18T09:51:52.141332+00:00,2026-08-18T09:52:48.920728+00:00
12,215,Ward,7,DEF,43,0.6972,1.4527,0.22,0.1404,0.2158,0.0024,1,0,0,0,2026-08-18T09:51:52.141332+00:00,2026-08-18T09:52:48.920728+00:00
12,216,Wharton,7,MID,47,0,0,0.0,0.0,0.0,0,1,0,0,0,2026-08-18T09:51:52.141332+00:00,2026-08-18T09:52:48.920728+00:00
12,445,Turner,7,GKP,40,0.1752,0.7904,0.04,0.0384,0.0403,0.0,1,0,0,0,2026-08-18T09:51:52.141332+00:00,2026-08-18T09:52:48.920728+00:00
12,585,I.Sarr,7,MID,57,1.0856,1.7959,0.28,0.2016,0.2765,0.0068,1,13,89,1,2026-08-18T09:51:52.141332+00:00,2026-08-18T09:52:48.920728+00:00
12,644,Umeh-Chibueze,7,MID,45,0.4808,0.9569,0.1,0.198,0.1088,0.0004,1,0,0,0,2026-08-18T09:51:52.141332+00:00,2026-08-18T09:52:48.920728+00:00
12,645,Devenny,7,MID,45,0.4628,0.8769,0.1,0.198,0.1088,0.0,1,8,73,1,2026-08-18T09:51:52.141332+00:00,2026-08-18T09:52:48.920728+00:00
12,646,Agbinone,7,MID,45,0,0,0.0,0.0,0.0,0,1,0,0,0,2026-08-18T09:51:52.141332+00:00,2026-08-18T09:52:48.920728+00:00
12,647,Rodney,7,MID,45,0.4348,0.8889,0.1,0.198,0.1088,0.0004,1,0,0,0,2026-08-18T09:51:52.141332+00:00,2026-08-18T09:52:48.920728+00:00
12,650,Lacroix,7,DEF,45,0.6844,1.4054,0.22,0.1716,0.2183,0.0004,1,1,90,1,2026-08-18T09:51:52.141332+00:00,2026-08-18T09:52:48.920728+00:00
12,666,Kporha,7,DEF,40,0.4956,1.2024,0.1,0.198,0.1088,0.0,1,0,0,0,2026-08-18T09:51:52.141332+00:00,2026-08-18T09:52:48.920728+00:00
12,676,Marsh,7,FWD,45,0.4128,0.8641,0.1,0.198,0.1088,0.0,1,0,0,0,2026-08-18T09:51:52.141332+00:00,2026-08-18T09:52:48.920728+00:00
12,730,Esse,7,MID,47,0.658,1.1717,0.18,0.1804,0.1818,0.0004,1,,,,2026-08-18T09:51:52.141332+00:00,
12,741,Glasner,7,MID,8,0.462,0.9356,0.1,0.198,0.1088,0.0,1,,,,2026-08-18T09:51:52.141332+00:00,
12,156,Broja,8,FWD,54,1.0608,1.744,0.28,0.1584,0.2731,0.0056,1,0,0,0,2026-08-18T09:51:52.141332+00:00,2026-08-18T09:52:48.920728+00:00
12,217,A.Doucoure,8,MID,51,1.5216,1.7287,0.48,0.1144,0.4556,0.0048,1,3,71,1,2026-08-18T09:51:52.141332+00:00,2026-08-18T09:52:48.920728+00:00
12,218,Beto,8,FWD,50,0.766,1.4846,0.18,0.1804,0.1818,0.0028,1,1,18,0,2026-08-18T09:51:52.141332+00:00,2026-08-18T09:52:48.920728+00:00
12,219,Branthwaite,8,DEF,48,0,0,0.0,0.0,0.0,0,1,6,90,1,2026-08-18T09:51:52.141332+00:00,2026-08-18T09:52:48.920728+00:00
12,220,Calvert-Lewin,8,FWD,57,1.7968,2.2574,0.48,0.1456,0.458,0.0136,1,2,90,1,2026-08-18T09:51:52.141332+00:00,2026-08-18T09:52:48.920728+00:00
12,221,Coleman,8,DEF,43,0,0,0.0,0.0,0.0,0,1,0,0,0,2026-08-18T09:51:52.141332+00:00,2026-08-18T09:52:48.920728+00:00
12,222,Gana,8,MID,49,1.5272,1.7768,0.48,0.1144,0.4556,0.0032,1,3,90,1,2026-08-18T09:51:52.141332+00:00,2026-08-18T09:52:48.920728+00:00
12,223,Garner,8,MID,49,0.6824,1.2431,0.18,0.1804,0.1818,0.0012,1,0,0,0,2026-08-18T09:51:52.141332+00:00,2026-08-18T09:52:48.920728+00:00
12,224,Harrison,8,MID,53,1.1624,1.8806,0.28,0.1584,0.2731,0.0064,1,0,0,0,2026-08-18T09:51:52.141332+00:00,2026-08-18T09:52:48.920728+00:00
12,225,Holgate,8,DEF,40,0,0,0.0,0.0,0.0,0,1,0,0,0,2026-08-18T09:51:52.141332+00:00,2026-08-18T09:52:48.920728+00:00
12,226,Iroegbunam,8,MID,45,0,0,0.0,0.0,0.0,0,1,0,0,0,2026-08-18T09:51:52.141332+00:00,2026-08-18T09:52:48.920728+00:00
12,227,J.Virginia,8,GKP,40,0.178,0.8076,0.04,0.0384,0.0403,0.0,1,0,0,0,2026-08-18T09:51:52.141332+00:00,2026-08-18T09:52:48.920728+00:00
12,228,Keane,8,DEF,43,0.8492,1.7271,0.22,0.1716,0.2183,0.0024,1,0,0,0,2026-08-18T09:51:52.141332+00:00,2026-08-18T09:52:48.920728+00:00
12,229,Maupay,8,FWD,49,0,0,0.0,0.0,0.0,0,1,0,0,0,2026-08-18T09:51:52.141332+00:00,2026-08-18T09:52:48.920728+00:00
12,230,McNeil,8,MID,57,2.1672,2.4573,0.48,0.1456,0.458,0.0116,1,3,90,1,2026-08-18T09:51:52.141332+00:00,2026-08-18T09:52:48.920728+00:00
12,231,Mykolenko,8,DEF,43,0.89,1.6514,0.22,0.1716,0.2183,0.0012,1,6,90,1,2026-08-18T09:51:52.141332+00:00,2026-08-18T09:52:48.920728+00:00
12,232,Ndiaye,8,FWD,54,1.6476,1.9465,0.48,0.1144,0.4556,0.0024,1,2,90,1,2026-08-18T09:51:52.141332+00:00,2026-08-18T09:52:48.920728+00:00
12,234,Patterson,8,DEF,44,0.8576,1.7509,0.22,0.1716,0.2183,0.0028,1,0,0,0,2026-08-18T09:51:52.141332+00:00,2026-08-18T09:52:48.920728+00:00
12,235,Pickford,8,GKP,49,3.5712,2.3723,0.9,0.008,0.8376,0.004,1,6,90,1,2026-08-18T09:51:52.141332+00:00,2026-08-18T09:52:48.920728+00:00
12,236,Tarkowski,8,DEF,48,0,0,0.0,0.0,0.0,0,1,7,90,1,2026-08-18T09:51:52.141332+00:00,2026-08-18T09:52:48.920728+00:00
12,237,Y. Chermiti,8,FWD,49,0.6968,1.2778,0.18,0.1804,0.1818,0.0012,1,0,0,0,2026-08-18T09:51:52.141332+00:00,2026-08-18T09:52:48.920728+00:00
12,238,Young,8,DEF,45,0.9724,1.8051,0.22,0.1716,0.2183,0.0024,1,9,90,1,2026-08-18T09:51:52.141332+00:00,2026-08-18T09:52:48.920728+00:00
12,450,Alcaraz,8,MID,49,0.7168,1.3037,0.18,0.1804,0.1818,0.0004,1,0,0,0,2026-08-18T09:51:52.141332+00:00,2026-08-18T09:52:48.920728+00:00
12,577,Lindstrøm,8,MID,51,0,0,0.0,0.0,0.0,0,1,3,71,1,2026-08-18T09:51:52.141332+00:00,2026-08-18T09:52:48.920728+00:00
12,582,O'Brien,8,DEF,46,0.8056,1.6707,0.18,0.1804,0.1818,0.0028,1,0,0,0,2026-08-18T09:51:52.141332+00:00,2026-08-18T09:52:48.920728+00:00
12,603,Armstrong,8,MID,45,0,0,0.0,0.0,0.0,0,1,0,0,0,2026-08-18T09:51:52.141332+00:00,2026-08-18T09:52:48.920728+00:00
12,614,Metcalfe,8,MID,45,0,0,0.0,0.0,0.0,0,1,0,0,0,2026-08-18T09:51:52.141332+00:00,2026-08-18T09:52:48.920728+00:00
12,624,Begovic,8,GKP,40,0.1852,0.8236,0.04,0.0384,0.0403,0.0,1,0,0,0,2026-08-18T09:51:52.141332+00:00,2026-08-18T09:52:48.920728+00:00
12,627,Dixon,8,DEF,40,0.532,1.2319,0.1,0.198,0.1088,0.0004,1,0,0,0,2026-08-18T09:51:52.141332+00:00,2026-08-18T09:52:48.920728+00:00
12,651,Mangala,8,MID,50,0,0,0.0,0.0,0.0,0,1,1,18,0,2026-08-18T09:51:52.141332+00:00,2026-08-18T09:52:48.920728+00:00
12,678,Bates,8,MID,45,0.4932,1.0774,0.1,0.198,0.1088,0.0012,1,0,0,0,2026-08-18T09:51:52.141332+00:00,2026-08-18T09:52:48.920728+00:00
12,724,Sherif,8,FWD,45,0.44,0.8991,0.1,0.198,0.1088,0.0,1,,,,2026-08-18T09:51:52.141332+00:00,
12,742,Moyes,8,MID,5,0.5008,1.0538,0.1,0.198,0.1088,0.0004,1,,,,2026-08-18T09:51:52.141332+00:00,
12,773,Heath,8,MID,45,0.4888,1.0115,0.1,0.198,0.1088,0.0,1,,,,2026-08-18T09:51:52.141332+00:00,
12,775,Coby Ebere,8,MID,45,0.4616,0.9721,0.1,0.198,0.1088,0.0,1,,,,2026-08-18T09:51:52.141332+00:00,
12,803,Welch,8,DEF,40,0.5636,1.3733,0.1,0.198,0.1088,0.0012,1,,,,2026-08-18T09:51:52.141332+00:00,
12,10,Nelson,9,MID,50,0,0,0.0,0.0,0.0,0,1,2,70,1,2026-08-18T09:51:52.141332+00:00,2026-08-18T09:52:48.920728+00:00
12,19,Smith Rowe,9,MID,58,2.2736,2.6664,0.48,0.1456,0.458,0.0168,1,1,58,1,2026-08-18T09:51:52.141332+00:00,2026-08-18T09:52:48.920728+00:00
12,191,Andersen,9,DEF,43,0.8872,1.7033,0.22,0.1716,0.2183,0.0024,1,0,90,1,2026-08-18T09:51:52.141332+00:00,2026-08-18T09:52:48.920728+00:00
12,239,Adama,9,MID,50,1.9536,2.5091,0.48,0.1144,0.4556,0.0136,1,1,19,0,2026-08-18T09:51:52.141332+00:00,2026-08-18T09:52:48.920728+00:00
12,240,Andreas,9,MID,52,1.9,2.4663,0.48,0.1144,0.4556,0.0152,1,0,58,1,2026-08-18T09:51:52.141332+00:00,2026-08-18T09:52:48.920728+00:00
12,241,Bassey,9,DEF,45,0.8436,1.6325,0.22,0.1716,0.2183,0.002,1,-1,90,1,2026-08-18T09:51:52.141332+00:00,2026-08-18T09:52:48.920728+00:00
12,242,Benda,9,GKP,40,0.1876,0.847,0.04,0.0384,0.0403,0.0004,1,0,0,0,2026-08-18T09:51:52.141332+00:00,2026-08-18T09:52:48.920728+00:00
12,243,Cairney,9,MID,48,0.6712,1.1945,0.18,0.1804,0.1818,0.0012,1,1,31,0,2026-08-18T09:51:52.141332+00:00,2026-08-18T09:52:48.920728+00:00
12,244,Castagne,9,DEF,42,0,0,0.0,0.0,0.0,0,1,0,19,0,2026-08-18T09:51:52.141332+00:00,2026-08-18T09:52:48.920728+00:00
12,245,Diop,9,DEF,44,0.8524,1.6382,0.22,0.1716,0.2183,0.0016,1,0,0,0,2026-08-18T09:51:52.141332+00:00,2026-08-18T09:52:48.920728+00:00
12,246,Harris,9,MID,45,0,0,0.0,0.0,0.0,0,1,0,0,0,2026-08-18T09:51:52.141332+00:00,2026-08-18T09:52:48.920728+00:00
12,247,Iwobi,9,MID,56,2.0572,2.4427,0.48,0.1456,0.458,0.0112,1,7,90,1,2026-08-18T09:51:52.141332+00:00,2026-08-18T09:52:48.920728+00:00
12,248,Leno,9,GKP,50,3.2252,2.299,0.9,0.008,0.8376,0.0028,1,0,90,1,2026-08-18T09:51:52.141332+00:00,2026-08-18T09:52:48.920728+00:00
12,249,Lukić,9,MID,48,0.8144,1.2515,0.28,0.1584,0.2731,0.0008,1,2,90,1,2026-08-18T09:51:52.141332+00:00,2026-08-18T09:52:48.920728+00:00
12,250,Mbabu,9,DEF,40,0,0,0.0,0.0,0.0,0,1,0,0,0,2026-08-18T09:51:52.141332+00:00,2026-08-18T09:52:48.920728+00:00
12,251,Muniz,9,FWD,56,0,0,0.0,0.0,0.0,0,1,1,19,0,2026-08-18T09:51:52.141332+00:00,2026-08-18T09:52:48.920728+00:00
12,252,Raúl,9,FWD,58,2.288,2.7119,0.48,0.1456,0.458,0.0232,1,2,70,1,2026-08-18T09:51:52.141332+00:00,2026-08-18T09:52:48.920728+00:00
12,253,Ream,9,DEF,45,0,0,0.0,0.0,0.0,0,1,0,0,0,2026-08-18T09:51:52.141332+00:00,2026-08-18T09:52:48.920728+00:00
12,254,Reed,9,MID,48,0,0,0.0,0.0,0.0,0,1,0,0,0,2026-08-18T09:51:52.141332+00:00,2026-08-18T09:52:48.920728+00:00
12,255,Robinson,9,DEF,47,1.8944,2.4385,0.48,0.1144,0.4556,0.008,1,0,90,1,2026-08-18T09:51:52.141332+00:00,2026-08-18T09:52:48.920728+00:00
12,256,Stansfield,9,FWD,50,0,0,0.0,0.0,0.0,0,1,0,0,0,2026-08-18T09:51:52.141332+00:00,2026-08-18T09:52:48.920728+00:00
12,257,Tete,9,DEF,45,0.9184,1.8357,0.22,0.1716,0.2183,0.0052,1,3,70,1,2026-08-18T09:51:52.141332+00:00,2026-08-18T09:52:48.920728+00:00
12,258,Vinicius,9,FWD,50,0.9752,1.548,0.28,0.1584,0.2731,0.0032,1,0,0,0,2026-08-18T09:51:52.141332+00:00,2026-08-18T09:52:48.920728+00:00
12,259,Wilson,9,MID,52,0.692,1.414,0.18,0.1804,0.1818,0.002,1,1,31,0,2026-08-18T09:51:52.141332+00:00,2026-08-18T09:52:48.920728+00:00
12,579,Sessegnon,9,DEF,42,0.5104,1.2719,0.1,0.198,0.1088,0.0008,1,0,0,0,2026-08-18T09:51:52.141332+00:00,2026-08-18T09:52:48.920728+00:00
12,586,J.Cuenca,9,DEF,44,0.4928,1.1727,0.1,0.198,0.1088,0.0008,1,0,0,0,2026-08-18T09:51:52.141332+00:00,2026-08-18T09:52:48.920728+00:00
12,604,King,9,MID,45,0.4612,0.9819,0.1,0.198,0.1088,0.0008,1,0,0,0,2026-08-18T09:51:52.141332+00:00,2026-08-18T09:52:48.920728+00:00
12,605,Godo,9,MID,45,0.5064,1.0841,0.1,0.198,0.1088,0.0012,1,0,0,0,2026-08-18T09:51:52.141332+00:00,2026-08-18T09:52:48.920728+00:00
12,622,Berge,9,MID,50,0.9352,1.4192,0.28,0.1584,0.2731,0.0012,1,0,0,0,2026-08-18T09:51:52.141332+00:00,2026-08-18T09:52:48.920728+00:00
12,690,Amissah,9,DEF,40,0.4916,1.1559,0.1,0.198,0.1088,0.0004,1,,,,2026-08-18T09:51:52.141332+00:00,
12,753,Silva,9,MID,11,0.4688,1.0122,0.1,0.198,0.1088,0.0012,1,,,,2026-08-18T09:51:52.141332+00:00,
12,772,Willian,9,MID,50,3.6668,3.0716,0.82,0.0324,0.7652,0.0548,1,,,,2026-08-18T09:51:52.141332+00:00,
12,121,Enciso,10,MID,54,0.718,1.4029,0.18,0.1804,0.1818,0.0012,1,0,0,0,2026-08-18T09:51:52.141332+00:00,2026-08-18T09:52:48.920728+00:00
12,260,Al-Hamadi,10,FWD,48,0,0,0.0,0.0,0.0,0,1,1,9,0,2026-08-18T09:51:52.141332+00:00,2026-08-18T09:52:48.920728+00:00
12,261,Baggott,10,DEF,40,0,0,0.0,0.0,0.0,0,1,0,0,0,2026-08-18T09:51:52.141332+00:00,2026-08-18T09:52:48.920728+00:00
12,262,Broadhead,10,MID,49,0.7192,1.2791,0.18,0.1804,0.1818,0.0004,1,0,0,0,2026-08-18T09:51:52.141332+00:00,2026-08-18T09:52:48.920728+00:00
12,263,Burgess,10,DEF,39,0.862,1.6551,0.22,0.1716,0.2183,0.002,1,2,90,1,2026-08-18T09:51:52.141332+00:00,2026-08-18T09:52:48.920728+00:00
12,264,Burns,10,MID,49,0,0,0.0,0.0,0.0,0,1,5,81,1,2026-08-18T09:51:52.141332+00:00,2026-08-18T09:52:48.920728+00:00
12,265,Chaplin,10,MID,51,0.9816,1.5522,0.28,0.1584,0.2731,0.002,1,1,8,0,2026-08-18T09:51:52.141332+00:00,2026-08-18T09:52:48.920728+00:00
12,266,H.Clarke,10,DEF,40,0,0,0.0,0.0,0.0,0,1,0,0,0,2026-08-18T09:51:52.141332+00:00,2026-08-18T09:52:48.920728+00:00
12,267,Davis,10,DEF,45,1.0148,1.986,0.22,0.1716,0.2183,0.0044,1,2,90,1,2026-08-18T09:51:52.141332+00:00,2026-08-18T09:52:48.920728+00:00
12,268,Delap,10,FWD,56,1.8624,2.2936,0.48,0.1456,0.458,0.0116,1,2,80,1,2026-08-18T09:51:52.141332+00:00,2026-08-18T09:52:48.920728+00:00
12,269,Edmundson,10,DEF,40,0,0,0.0,0.0,0.0,0,1,0,0,0,2026-08-18T09:51:52.141332+00:00,2026-08-18T09:52:48.920728+00:00
12,270,Greaves,10,DEF,40,0.864,1.6391,0.22,0.1716,0.2183,0.0012,1,0,0,0,2026-08-18T09:51:52.141332+00:00,2026-08-18T09:52:48.920728+00:00
12,271,Harness,10,MID,49,0,0,0.0,0.0,0.0,0,1,0,0,0,2026-08-18T09:51:52.141332+00:00,2026-08-18T09:52:48.920728+00:00
12,272,Hirst,10,FWD,54,0.8476,1.7088,0.18,0.1804,0.1818,0.0064,1,0,0,0,2026-08-18T09:51:52.141332+00:00,2026-08-18T09:52:48.920728+00:00
12,273,Humphreys,10,MID,45,0,0,0.0,0.0,0.0,0,1,0,0,0,2026-08-18T09:51:52.141332+00:00,2026-08-18T09:52:48.920728+00:00
12,274,Hutchinson,10,MID,52,1.4284,1.7773,0.48,0.1144,0.4556,0.0028,1,9,90,1,2026-08-18T09:51:52.141332+00:00,2026-08-18T09:52:48.920728+00:00
12,275,Johnson,10,DEF,40,0.8228,1.5724,0.22,0.1716,0.2183,0.0008,1,0,0,0,2026-08-18T09:51:52.141332+00:00,2026-08-18T09:52:48.920728+00:00
12,276,Ladapo,10,FWD,45,0,0,0.0,0.0,0.0,0,1,0,0,0,2026-08-18T09:51:52.141332+00:00,2026-08-18T09:52:48.920728+00:00
12,277,Luongo,10,MID,45,0.4656,0.9784,0.1,0.198,0.1088,0.0004,1,0,0,0,2026-08-18T09:51:52.141332+00:00,2026-08-18T09:52:48.920728+00:00
12,278,Morsy,10,MID,49,1.4464,1.6607,0.48,0.1144,0.4556,0.0004,1,2,90,1,2026-08-18T09:51:52.141332+00:00,2026-08-18T09:52:48.920728+00:00
12,279,Ndaba,10,DEF,40,0,0,0.0,0.0,0.0,0,1,0,0,0,2026-08-18T09:51:52.141332+00:00,2026-08-18T09:52:48.920728+00:00
12,280,Slicker,10,GKP,40,0.1764,0.8357,0.04,0.0384,0.0403,0.0004,1,0,0,0,2026-08-18T09:51:52.141332+00:00,2026-08-18T09:52:48.920728+00:00
12,281,Taylor,10,MID,48,0.6732,1.2338,0.18,0.1804,0.1818,0.0008,1,1,25,0,2026-08-18T09:51:52.141332+00:00,2026-08-18T09:52:48.920728+00:00
12,282,Tuanzebe,10,DEF,40,0.7448,1.5011,0.22,0.1716,0.2183,0.0004,1,2,90,1,2026-08-18T09:51:52.141332+00:00,2026-08-18T09:52:48.920728+00:00
12,283,Walton,10,GKP,44,3.0544,2.2464,0.88,0.0048,0.8188,0.0008,1,0,0,0,2026-08-18T09:51:52.141332+00:00,2026-08-18T09:52:48.920728+00:00
12,284,Woolfenden,10,DEF,40,0.8084,1.5821,0.22,0.1716,0.2183,0.0004,1,0,0,0,2026-08-18T09:51:52.141332+00:00,2026-08-18T09:52:48.920728+00:00
12,359,Phillips,10,MID,49,0,0,0.0,0.0,0.0,0,1,0,0,0,2026-08-18T09:51:52.141332+00:00,2026-08-18T09:52:48.920728+00:00
12,568,Muric,10,GKP,44,0,0,0.0,0.0,0.0,0,1,3,90,1,2026-08-18T09:51:52.141332+00:00,2026-08-18T09:52:48.920728+00:00
12,569,Jaden,10,MID,53,0,0,0.0,0.0,0.0,0,1,1,8,0,2026-08-18T09:51:52.141332+00:00,2026-08-18T09:52:48.920728+00:00
12,583,Townsend,10,DEF,40,0.3636,0.9694,0.05,0.209,0.0632,0.0008,1,0,0,0,2026-08-18T09:51:52.141332+00:00,2026-08-18T09:52:48.920728+00:00
12,611,Szmodics,10,MID,58,1.3016,2.1144,0.28,0.2016,0.2765,0.0056,1,2,64,1,2026-08-18T09:51:52.141332+00:00,2026-08-18T09:52:48.920728+00:00
12,619,Cajuste,10,MID,45,0.8984,1.3142,0.28,0.1584,0.2731,0.0004,1,2,64,1,2026-08-18T09:51:52.141332+00:00,2026-08-18T09:52:48.920728+00:00
12,630,O'Shea,10,DEF,40,0.8896,1.7436,0.22,0.1716,0.2183,0.0036,1,2,90,1,2026-08-18T09:51:52.141332+00:00,2026-08-18T09:52:48.920728+00:00
12,631,J.Clarke,10,MID,55,1.0568,1.6133,0.28,0.2016,0.2765,0.002,1,1,25,0,2026-08-18T09:51:52.141332+00:00,2026-08-18T09:52:48.920728+00:00
12,632,Ogbene,10,MID,49,0,0,0.0,0.0,0.0,0,1,0,0,0,2026-08-18T09:51:52.141332+00:00,2026-08-18T09:52:48.920728+00:00
12,715,Godfrey,10,DEF,40,0.9812,2.0165,0.22,0.1716,0.2183,0.0092,1,,,,2026-08-18T09:51:52.141332+00:00,
12,743,McKenna,10,MID,5,0.4608,0.965,0.1,0.198,0.1088,0.0,1,,,,2026-08-18T09:51:52.141332+00:00,
12,764,Palmer,10,GKP,45,0.1868,0.83,0.04,0.0384,0.0403,0.0,1,,,,2026-08-18T09:51:52.141332+00:00,
12,799,Boniface,10,DEF,40,0.5188,1.2633,0.1,0.198,0.1088,0.0012,1,,,,2026-08-18T09:51:52.141332+00:00,
12,800,Tom Taylor,10,MID,45,0.4652,0.9154,0.1,0.198,0.1088,0.0,1,,,,2026-08-18T09:51:52.141332+00:00,
12,117,Buonanotte,11,MID,50,1.83,2.3238,0.48,0.1144,0.4556,0.0104,1,0,0,0,2026-08-18T09:51:52.141332+00:00,2026-08-18T09:52:48.920728+00:00
12,192,J.Ayew,11,MID,52,1.0044,1.7311,0.28,0.1584,0.2731,0.0024,1,7,19,0,2026-08-18T09:51:52.141332+00:00,2026-08-18T09:52:48.920728+00:00
12,198,Edouard,11,FWD,52,0.71,1.333,0.18,0.1804,0.1818,0.0008,1,0,0,0,2026-08-18T09:51:52.141332+00:00,2026-08-18T09:52:48.920728+00:00
12,285,B.Soumaré,11,MID,44,0.4732,1.0147,0.1,0.198,0.1088,0.0008,1,1,90,1,2026-08-18T09:51:52.141332+00:00,2026-08-18T09:52:48.920728+00:00
12,286,Cannon,11,FWD,45,0,0,0.0,0.0,0.0,0,1,0,0,0,2026-08-18T09:51:52.141332+00:00,2026-08-18T09:52:48.920728+00:00
12,287,Choudhury,11,MID,44,0,0,0.0,0.0,0.0,0,1,0,0,0,2026-08-18T09:51:52.141332+00:00,2026-08-18T09:52:48.920728+00:00
12,288,Coady,11,DEF,40,0.5204,1.2528,0.1,0.198,0.1088,0.0004,1,0,0,0,2026-08-18T09:51:52.141332+00:00,2026-08-18T09:52:48.920728+00:00
12,289,Daka,11,FWD,48,0.646,1.1588,0.18,0.1804,0.1818,0.0016,1,1,11,0,2026-08-18T09:51:52.141332+00:00,2026-08-18T09:52:48.920728+00:00
12,290,De Cordova-Reid,11,MID,52,0,0,0.0,0.0,0.0,0,1,4,11,0,2026-08-18T09:51:52.141332+00:00,2026-08-18T09:52:48.920728+00:00
12,291,Faes,11,DEF,42,0.9612,1.825,0.22,0.1716,0.2183,0.0024,1,0,90,1,2026-08-18T09:51:52.141332+00:00,2026-08-18T09:52:48.920728+00:00
12,292,Golding,11,MID,44,0.4912,1.0748,0.1,0.198,0.1088,0.0012,1,0,0,0,2026-08-18T09:51:52.141332+00:00,2026-08-18T09:52:48.920728+00:00
12,293,Hermansen,11,GKP,45,0,0,0.0,0.0,0.0,0,1,2,90,1,2026-08-18T09:51:52.141332+00:00,2026-08-18T09:52:48.920728+00:00
12,294,Iversen,11,GKP,40,3.0516,2.2193,0.88,0.0048,0.8188,0.0008,1,0,0,0,2026-08-18T09:51:52.141332+00:00,2026-08-18T09:52:48.920728+00:00
12,295,Justin,11,DEF,46,1.7088,2.271,0.48,0.1144,0.4556,0.0048,1,1,90,1,2026-08-18T09:51:52.141332+00:00,2026-08-18T09:52:48.920728+00:00
12,296,Kristiansen,11,DEF,45,0.8368,1.5758,0.22,0.1716,0.2183,0.0004,1,1,90,1,2026-08-18T09:51:52.141332+00:00,2026-08-18T09:52:48.920728+00:00
12,297,Marcal,11,MID,45,0,0,0.0,0.0,0.0,0,1,0,0,0,2026-08-18T09:51:52.141332+00:00,2026-08-18T09:52:48.920728+00:00
12,298,Mavididi,11,MID,53,0,0,0.0,0.0,0.0,0,1,1,19,0,2026-08-18T09:51:52.141332+00:00,2026-08-18T09:52:48.920728+00:00
12,299,McAteer,11,MID,47,0.682,1.2534,0.18,0.1804,0.1818,0.0004,1,2,70,1,2026-08-18T09:51:52.141332+00:00,2026-08-18T09:52:48.920728+00:00
12,300,Ndidi,11,MID,50,1.5048,1.8649,0.48,0.1144,0.4556,0.0032,1,1,70,1,2026-08-18T09:51:52.141332+00:00,2026-08-18T09:52:48.920728+00:00
12,301,Okoli,11,DEF,40,0.842,1.6402,0.22,0.1716,0.2183,0.0016,1,1,90,1,2026-08-18T09:51:52.141332+00:00,2026-08-18T09:52:48.920728+00:00
12,302,Ricardo,11,DEF,42,0.5116,1.1886,0.1,0.198,0.1088,0.0008,1,0,0,0,2026-08-18T09:51:52.141332+00:00,2026-08-18T09:52:48.920728+00:00
12,303,Souttar,11,DEF,40,0,0,0.0,0.0,0.0,0,1,0,0,0,2026-08-18T09:51:52.141332+00:00,2026-08-18T09:52:48.920728+00:00
12,304,Stolarczyk,11,GKP,40,0.1912,0.8474,0.04,0.0384,0.0403,0.0,1,0,0,0,2026-08-18T09:51:52.141332+00:00,2026-08-18T09:52:48.920728+00:00
12,305,Thomas,11,DEF,39,0.9,1.7232,0.22,0.1716,0.2183,0.0024,1,0,0,0,2026-08-18T09:51:52.141332+00:00,2026-08-18T09:52:48.920728+00:00
12,306,Vardy,11,FWD,56,2.034,2.3968,0.48,0.1456,0.458,0.0136,1,2,78,1,2026-08-18T09:51:52.141332+00:00,2026-08-18T09:52:48.920728+00:00
12,307,Vestergaard,11,DEF,40,0.8272,1.6142,0.22,0.1716,0.2183,0.002,1,0,0,0,2026-08-18T09:51:52.141332+00:00,2026-08-18T09:52:48.920728+00:00
12,308,Ward,11,GKP,40,0.2148,0.9008,0.04,0.0384,0.0403,0.0,1,0,0,0,2026-08-18T09:51:52.141332+00:00,2026-08-18T09:52:48.920728+00:00
12,309,Winks,11,MID,45,1.2956,1.4906,0.48,0.1144,0.4556,0.0008,1,1,10,0,2026-08-18T09:51:52.141332+00:00,2026-08-18T09:52:48.920728+00:00
12,501,Skipp,11,MID,48,0.9316,1.4135,0.28,0.1584,0.2731,0.0008,1,1,79,1,2026-08-18T09:51:52.141332+00:00,2026-08-18T09:52:48.920728+00:00
12,570,A.Fatawu,11,MID,53,0,0,0.0,0.0,0.0,0,1,0,0,0,2026-08-18T09:51:52.141332+00:00,2026-08-18T09:52:48.920728+00:00
12,606,Alves,11,MID,45,0,0,0.0,0.0,0.0,0,1,0,0,0,2026-08-18T09:51:52.141332+00:00,2026-08-18T09:52:48.920728+00:00
12,616,Nelson,11,DEF,40,0,0,0.0,0.0,0.0,0,1,0,0,0,2026-08-18T09:51:52.141332+00:00,2026-08-18T09:52:48.920728+00:00
12,635,El Khannouss,11,MID,49,0.7116,1.3174,0.18,0.1804,0.1818,0.002,1,2,78,1,2026-08-18T09:51:52.141332+00:00,2026-08-18T09:52:48.920728+00:00
12,694,Cartwright,11,MID,45,0.47,1.0178,0.1,0.198,0.1088,0.0,1,,,,2026-08-18T09:51:52.141332+00:00,
12,708,Wilson-Brown,11,DEF,40,0,0,0.0,0.0,0.0,0,1,,,,2026-08-18T09:51:52.141332+00:00,
12,726,Coulibaly,11,DEF,40,0.5172,1.2557,0.1,0.198,0.1088,0.002,1,,,,2026-08-18T09:51:52.141332+00:00,
12,754,Van Nistelrooy,11,MID,5,0.5072,1.0534,0.1,0.198,0.1088,0.0004,1,,,,2026-08-18T09:51:52.141332+00:00,
12,792,Monga,11,MID,45,0.4724,0.9712,0.1,0.198,0.1088,0.0004,1,,,,2026-08-18T09:51:52.141332+00:00,
12,796,Olabade Aluko,11,DEF,40,0.5604,1.3081,0.1,0.198,0.1088,0.0004,1,,,,2026-08-18T09:51:52.141332+00:00,
12,797,Jake Evans,11,MID,45,0.4392,0.9193,0.1,0.198,0.1088,0.0004,1,,,,2026-08-18T09:51:52.141332+00:00,
12,802,Braybrooke,11,MID,45,0.4696,0.9147,0.1,0.198,0.1088,0.0,1,,,,2026-08-18T09:51:52.141332+00:00,
12,310,A.Becker,12,GKP,54,3.3672,2.3248,0.88,0.0096,0.8192,0.0044,1,0,0,0,2026-08-18T09:51:52.141332+00:00,2026-08-18T09:52:48.920728+00:00
12,311,Alexander-Arnold,12,DEF,69,1.8612,2.4679,0.48,0.1456,0.458,0.0112,1,0,0,0,2026-08-18T09:51:52.141332+00:00,2026-08-18T09:52:48.920728+00:00
12,312,Bajcetic,12,MID,45,0,0,0.0,0.0,0.0,0,1,0,0,0,2026-08-18T09:51:52.141332+00:00,2026-08-18T09:52:48.920728+00:00
12,313,Bradley,12,DEF,47,0.7268,1.542,0.18,0.1804,0.1818,0.0024,1,0,90,1,2026-08-18T09:51:52.141332+00:00,2026-08-18T09:52:48.920728+00:00
12,315,Clark,12,MID,45,0,0,0.0,0.0,0.0,0,1,0,0,0,2026-08-18T09:51:52.141332+00:00,2026-08-18T09:52:48.920728+00:00
12,316,Darwin,12,FWD,71,1.0532,1.6406,0.28,0.2016,0.2765,0.0044,1,2,89,1,2026-08-18T09:51:52.141332+00:00,2026-08-18T09:52:48.920728+00:00
12,317,Diogo J.,12,MID,72,1.2932,2.0958,0.28,0.2016,0.2765,0.0084,1,0,0,0,2026-08-18T09:51:52.141332+00:00,2026-08-18T09:52:48.920728+00:00
12,318,Doak,12,MID,45,0,0,0.0,0.0,0.0,0,1,0,0,0,2026-08-18T09:51:52.141332+00:00,2026-08-18T09:52:48.920728+00:00
12,319,Elliott,12,MID,52,0.6772,1.2579,0.18,0.1804,0.1818,0.0012,1,0,0,0,2026-08-18T09:51:52.141332+00:00,2026-08-18T09:52:48.920728+00:00
12,320,Endo,12,MID,47,0.694,1.2183,0.18,0.1804,0.1818,0.0,1,1,1,0,2026-08-18T09:51:52.141332+00:00,2026-08-18T09:52:48.920728+00:00
12,321,Gakpo,12,FWD,71,1.046,1.5842,0.28,0.2016,0.2765,0.0032,1,1,61,1,2026-08-18T09:51:52.141332+00:00,2026-08-18T09:52:48.920728+00:00
12,322,Gomez,12,DEF,48,0.6988,1.5045,0.18,0.1804,0.1818,0.0028,1,0,0,0,2026-08-18T09:51:52.141332+00:00,2026-08-18T09:52:48.920728+00:00
12,323,Gravenberch,12,MID,50,0,0,0.0,0.0,0.0,0,1,5,90,1,2026-08-18T09:51:52.141332+00:00,2026-08-18T09:52:48.920728+00:00
12,324,Jones,12,MID,53,1.0228,1.6464,0.28,0.1584,0.2731,0.0028,1,2,61,1,2026-08-18T09:51:52.141332+00:00,2026-08-18T09:52:48.920728+00:00
12,325,Kelleher,12,GKP,45,0.1776,0.8255,0.04,0.0384,0.0403,0.0004,1,7,90,1,2026-08-18T09:51:52.141332+00:00,2026-08-18T09:52:48.920728+00:00
12,326,Konaté,12,DEF,54,1.4072,2.0944,0.48,0.1144,0.4556,0.0064,1,0,90,1,2026-08-18T09:51:52.141332+00:00,2026-08-18T09:52:48.920728+00:00
12,327,Luis Díaz,12,MID,77,2.486,2.9522,0.48,0.1456,0.458,0.0328,1,1,28,0,2026-08-18T09:51:52.141332+00:00,2026-08-18T09:52:48.920728+00:00
12,328,M.Salah,12,MID,130,3.1312,3.8732,0.48,0.1456,0.458,0.0736,1,13,90,1,2026-08-18T09:51:52.141332+00:00,2026-08-18T09:52:48.920728+00:00
12,329,Mac Allister,12,MID,62,0,0,0.0,0.0,0.0,0,1,1,28,0,2026-08-18T09:51:52.141332+00:00,2026-08-18T09:52:48.920728+00:00
12,330,McConnell,12,MID,44,0.4428,0.901,0.1,0.198,0.1088,0.0,1,0,0,0,2026-08-18T09:51:52.141332+00:00,2026-08-18T09:52:48.920728+00:00
12,331,Morton,12,MID,44,0.4528,0.8895,0.1,0.198,0.1088,0.0,1,0,0,0,2026-08-18T09:51:52.141332+00:00,2026-08-18T09:52:48.920728+00:00
12,332,N.Phillips,12,DEF,40,0,0,0.0,0.0,0.0,0,1,0,0,0,2026-08-18T09:51:52.141332+00:00,2026-08-18T09:52:48.920728+00:00
12,333,Quansah,12,DEF,39,0.4624,1.1262,0.1,0.198,0.1088,0.0004,1,0,0,0,2026-08-18T09:51:52.141332+00:00,2026-08-18T09:52:48.920728+00:00
12,334,R.Williams,12,DEF,40,0,0,0.0,0.0,0.0,0,1,0,0,0,2026-08-18T09:51:52.141332+00:00,2026-08-18T09:52:48.920728+00:00
12,335,Robertson,12,DEF,59,1.6028,2.1103,0.48,0.1456,0.458,0.0048,1,1,90,1,2026-08-18T09:51:52.141332+00:00,2026-08-18T09:52:48.920728+00:00
12,336,Szoboszlai,12,MID,63,1.616,2.0337,0.48,0.1456,0.458,0.0064,1,10,90,1,2026-08-18T09:51:52.141332+00:00,2026-08-18T09:52:48.920728+00:00
12,337,Tsimikas,12,DEF,46,0.6628,1.3706,0.18,0.1804,0.1818,0.0008,1,0,0,0,2026-08-18T09:51:52.141332+00:00,2026-08-18T09:52:48.920728+00:00
12,339,Virgil,12,DEF,63,1.4816,2.0251,0.48,0.1456,0.458,0.004,1,1,90,1,2026-08-18T09:51:52.141332+00:00,2026-08-18T09:52:48.920728+00:00
12,636,Chiesa,12,MID,68,1.7,2.1525,0.45,0.154,0.4308,0.0092,1,0,0,0,2026-08-18T09:51:52.141332+00:00,2026-08-18T09:52:48.920728+00:00
12,660,Jaros,12,GKP,40,0.2368,1.0425,0.04,0.0384,0.0403,0.0012,1,0,0,0,2026-08-18T09:51:52.141332+00:00,2026-08-18T09:52:48.920728+00:00
12,669,Davies,12,GKP,40,0.1576,0.7295,0.04,0.0384,0.0403,0.0,1,0,0,0,2026-08-18T09:51:52.141332+00:00,2026-08-18T09:52:48.920728+00:00
12,688,Nyoni,12,MID,45,0.4448,0.898,0.1,0.198,0.1088,0.0,1,,,,2026-08-18T09:51:52.141332+00:00,
12,692,Nallo,12,DEF,40,0.4688,1.1135,0.1,0.198,0.1088,0.0004,1,,,,2026-08-18T09:51:52.141332+00:00,
12,709,Danns,12,FWD,45,0,0,0.0,0.0,0.0,0,1,,,,2026-08-18T09:51:52.141332+00:00,
12,744,Slot,12,MID,15,0.466,0.9417,0.1,0.198,0.1088,0.0004,1,,,,2026-08-18T09:51:52.141332+00:00,
12,340,Akanji,13,DEF,54,1.7124,2.2272,0.48,0.1144,0.4556,0.0048,1,-1,90,1,2026-08-18T09:51:52.141332+00:00,2026-08-18T09:52:48.920728+00:00
12,341,Aké,13,DEF,53,0.7888,1.6615,0.18,0.1804,0.1818,0.0028,1,0,45,1,2026-08-18T09:51:52.141332+00:00,2026-08-18T09:52:48.920728+00:00
12,342,Bernardo,13,MID,64,2.0832,2.5018,0.48,0.1456,0.458,0.0144,1,1,90,1,2026-08-18T09:51:52.141332+00:00,2026-08-18T09:52:48.920728+00:00
12,343,Bobb,13,MID,47,0.796,1.5433,0.18,0.1804,0.1818,0.0032,1,0,0,0,2026-08-18T09:51:52.141332+00:00,2026-08-18T09:52:48.920728+00:00
12,344,Carson,13,GKP,40,0.1816,0.7995,0.04,0.0384,0.0403,0.0,1,0,0,0,2026-08-18T09:51:52.141332+00:00,2026-08-18T09:52:48.920728+00:00
12,345,De Bruyne,13,MID,94,1.5724,2.6862,0.28,0.2016,0.2765,0.0284,1,0,16,0,2026-08-18T09:51:52.141332+00:00,2026-08-18T09:52:48.920728+00:00
12,346,Doku,13,MID,63,1.152,1.8317,0.28,0.2016,0.2765,0.0044,1,0,0,0,2026-08-18T09:51:52.141332+00:00,2026-08-18T09:52:48.920728+00:00
12,347,Ederson M.,13,GKP,55,2.946,2.2162,0.9,0.008,0.8376,0.0012,1,1,90,1,2026-08-18T09:51:52.141332+00:00,2026-08-18T09:52:48.920728+00:00
12,348,Foden,13,MID,92,1.5128,2.5414,0.28,0.2016,0.2765,0.0224,1,2,90,1,2026-08-18T09:51:52.141332+00:00,2026-08-18T09:52:48.920728+00:00
12,349,Grealish,13,MID,64,1.1864,1.8955,0.28,0.2016,0.2765,0.006,1,1,16,0,2026-08-18T09:51:52.141332+00:00,2026-08-18T09:52:48.920728+00:00
12,350,Gvardiol,13,DEF,63,2.0808,2.6033,0.48,0.1456,0.458,0.0124,1,0,90,1,2026-08-18T09:51:52.141332+00:00,2026-08-18T09:52:48.920728+00:00
12,351,Haaland,13,FWD,152,3.4212,4.0878,0.48,0.1456,0.458,0.108,1,2,90,1,2026-08-18T09:51:52.141332+00:00,2026-08-18T09:52:48.920728+00:00
12,352,J.Alvarez,13,FWD,70,0,0,0.0,0.0,0.0,0,1,0,0,0,2026-08-18T09:51:52.141332+00:00,2026-08-18T09:52:48.920728+00:00
12,353,João Cancelo,13,DEF,53,0,0,0.0,0.0,0.0,0,1,0,0,0,2026-08-18T09:51:52.141332+00:00,2026-08-18T09:52:48.920728+00:00
12,354,Kovačić,13,MID,56,1.9408,2.2576,0.48,0.1456,0.458,0.008,1,0,0,0,2026-08-18T09:51:52.141332+00:00,2026-08-18T09:52:48.920728+00:00
12,355,Lewis,13,DEF,48,1.7832,2.3373,0.48,0.1144,0.4556,0.0072,1,0,73,1,2026-08-18T09:51:52.141332+00:00,2026-08-18T09:52:48.920728+00:00
12,356,Matheus N.,13,MID,49,0.9776,1.5734,0.28,0.1584,0.2731,0.002,1,0,0,0,2026-08-18T09:51:52.141332+00:00,2026-08-18T09:52:48.920728+00:00
12,357,McAtee,13,MID,47,0.7444,1.364,0.18,0.1804,0.1818,0.002,1,0,0,0,2026-08-18T09:51:52.141332+00:00,2026-08-18T09:52:48.920728+00:00
12,358,Ortega Moreno,13,GKP,53,0.3404,1.0992,0.08,0.0736,0.0803,0.0,1,0,0,0,2026-08-18T09:51:52.141332+00:00,2026-08-18T09:52:48.920728+00:00
12,360,Rodrigo,13,MID,63,1.6652,2.0732,0.45,0.154,0.4308,0.0052,1,0,0,0,2026-08-18T09:51:52.141332+00:00,2026-08-18T09:52:48.920728+00:00
12,361,Rúben,13,DEF,54,1.6336,2.2752,0.48,0.1144,0.4556,0.0068,1,0,0,0,2026-08-18T09:51:52.141332+00:00,2026-08-18T09:52:48.920728+00:00
12,362,Stones,13,DEF,53,0,0,0.0,0.0,0.0,0,1,0,45,1,2026-08-18T09:51:52.141332+00:00,2026-08-18T09:52:48.920728+00:00
12,363,Walker,13,DEF,52,0,0,0.0,0.0,0.0,0,1,0,90,1,2026-08-18T09:51:52.141332+00:00,2026-08-18T09:52:48.920728+00:00
12,571,Savinho,13,MID,65,1.4504,2.3702,0.28,0.2016,0.2765,0.0136,1,2,73,1,2026-08-18T09:51:52.141332+00:00,2026-08-18T09:52:48.920728+00:00
12,607,O’Reilly,13,MID,50,0.7332,1.4189,0.18,0.1804,0.1818,0.0016,1,0,0,0,2026-08-18T09:51:52.141332+00:00,2026-08-18T09:52:48.920728+00:00
12,625,Gündogan,13,MID,65,1.2444,1.9784,0.28,0.2016,0.2765,0.0072,1,2,90,1,2026-08-18T09:51:52.141332+00:00,2026-08-18T09:52:48.920728+00:00
12,626,Kaboré,13,DEF,45,0,0,0.0,0.0,0.0,0,1,0,0,0,2026-08-18T09:51:52.141332+00:00,2026-08-18T09:52:48.920728+00:00
12,671,Wright,13,MID,45,0,0,0.0,0.0,0.0,0,1,0,0,0,2026-08-18T09:51:52.141332+00:00,2026-08-18T09:52:48.920728+00:00
12,672,Simpson-Pusey,13,DEF,40,0.5052,1.2555,0.1,0.198,0.1088,0.0004,1,0,0,0,2026-08-18T09:51:52.141332+00:00,2026-08-18T09:52:48.920728+00:00
12,675,Wilson-Esbrand,13,DEF,40,0,0,0.0,0.0,0.0,0,1,0,0,0,2026-08-18T09:51:52.141332+00:00,2026-08-18T09:52:48.920728+00:00
12,698,Mubama,13,FWD,45,0.4976,1.0012,0.1,0.198,0.1088,0.0,1,,,,2026-08-18T09:51:52.141332+00:00,
12,703,Alleyne,13,DEF,40,0.588,1.3404,0.1,0.198,0.1088,0.0012,1,,,,2026-08-18T09:51:52.141332+00:00,
12,704,Brits,13,GKP,40,0.2012,0.8833,0.04,0.0384,0.0403,0.0004,1,,,,2026-08-18T09:51:52.141332+00:00,
12,732,Khusanov,13,DEF,50,0.8256,1.7345,0.18,0.1804,0.1818,0.0036,1,,,,2026-08-18T09:51:52.141332+00:00,
12,733,Vitor Reis,13,DEF,45,0.5596,1.3398,0.1,0.198,0.1088,0.0008,1,,,,2026-08-18T09:51:52.141332+00:00,
12,736,Guardiola,13,MID,15,0.4652,0.9648,0.1,0.198,0.1088,0.0,1,,,,2026-08-18T09:51:52.141332+00:00,
12,755,Marmoush,13,FWD,74,2.424,2.2983,0.72,0.0784,0.6759,0.0196,1,,,,2026-08-18T09:51:52.141332+00:00,
12,765,N.Gonzalez,13,MID,60,1.6388,2.0027,0.45,0.154,0.4308,0.0072,1,,,,2026-08-18T09:51:52.141332+00:00,
12,785,Echeverri,13,MID,58,1.5764,1.9896,0.45,0.154,0.4308,0.0048,1,,,,2026-08-18T09:51:52.141332+00:00,
12,364,Amad,14,MID,49,0.862,1.4565,0.28,0.1584,0.2731,0.0028,1,8,90,1,2026-08-18T09:51:52.141332+00:00,2026-08-18T09:52:48.920728+00:00
12,365,Antony,14,MID,57,0,0,0.0,0.0,0.0,0,1,0,0,0,2026-08-18T09:51:52.141332+00:00,2026-08-18T09:52:48.920728+00:00
12,366,B.Fernandes,14,MID,84,2.3088,2.8991,0.48,0.1456,0.458,0.0304,1,2,90,1,2026-08-18T09:51:52.141332+00:00,2026-08-18T09:52:48.920728+00:00
12,367,Bayindir,14,GKP,43,0.13,0.6564,0.04,0.0384,0.0403,0.0,1,0,0,0,2026-08-18T09:51:52.141332+00:00,2026-08-18T09:52:48.920728+00:00
12,368,Casemiro,14,MID,48,1.148,1.7223,0.28,0.1584,0.2731,0.0016,1,1,55,1,2026-08-18T09:51:52.141332+00:00,2026-08-18T09:52:48.920728+00:00
12,369,Dalot,14,DEF,52,1.63,2.2738,0.48,0.1144,0.4556,0.0076,1,2,90,1,2026-08-18T09:51:52.141332+00:00,2026-08-18T09:52:48.920728+00:00
12,370,Eriksen,14,MID,54,0.9532,1.4802,0.28,0.1584,0.2731,0.002,1,2,67,1,2026-08-18T09:51:52.141332+00:00,2026-08-18T09:52:48.920728+00:00
12,371,Evans,14,DEF,44,0.4608,1.1021,0.1,0.198,0.1088,0.0004,1,1,55,1,2026-08-18T09:51:52.141332+00:00,2026-08-18T09:52:48.920728+00:00
12,372,Garnacho,14,MID,64,1.2832,2.1678,0.28,0.2016,0.2765,0.006,1,2,85,1,2026-08-18T09:51:52.141332+00:00,2026-08-18T09:52:48.920728+00:00
12,373,Hannibal,14,MID,45,0,0,0.0,0.0,0.0,0,1,0,0,0,2026-08-18T09:51:52.141332+00:00,2026-08-18T09:52:48.920728+00:00
12,374,Heaton,14,GKP,40,0.1784,0.7769,0.04,0.0384,0.0403,0.0,1,0,0,0,2026-08-18T09:51:52.141332+00:00,2026-08-18T09:52:48.920728+00:00
12,375,Højlund,14,FWD,69,1.0472,1.633,0.28,0.2016,0.2765,0.0052,1,1,22,0,2026-08-18T09:51:52.141332+00:00,2026-08-18T09:52:48.920728+00:00
12,376,Lindelof,14,DEF,43,0.4908,1.0976,0.1,0.198,0.1088,0.0,1,0,0,0,2026-08-18T09:51:52.141332+00:00,2026-08-18T09:52:48.920728+00:00
12,377,Maguire,14,DEF,49,0.9232,1.6505,0.28,0.1584,0.2731,0.0008,1,0,0,0,2026-08-18T09:51:52.141332+00:00,2026-08-18T09:52:48.920728+00:00
12,378,Mainoo,14,MID,52,0.7952,1.315,0.28,0.1584,0.2731,0.0008,1,0,0,0,2026-08-18T09:51:52.141332+00:00,2026-08-18T09:52:48.920728+00:00
12,379,Malacia,14,DEF,44,0,0,0.0,0.0,0.0,0,1,0,0,0,2026-08-18T09:51:52.141332+00:00,2026-08-18T09:52:48.920728+00:00
12,380,Martinez,14,DEF,44,0,0,0.0,0.0,0.0,0,1,0,0,0,2026-08-18T09:51:52.141332+00:00,2026-08-18T09:52:48.920728+00:00
12,381,McTominay,14,MID,49,0,0,0.0,0.0,0.0,0,1,0,0,0,2026-08-18T09:51:52.141332+00:00,2026-08-18T09:52:48.920728+00:00
12,382,Mount,14,MID,63,1.5192,1.9304,0.45,0.154,0.4308,0.0064,1,1,4,0,2026-08-18T09:51:52.141332+00:00,2026-08-18T09:52:48.920728+00:00
12,383,Onana,14,GKP,51,3.176,2.1905,0.9,0.008,0.8376,0.002,1,3,90,1,2026-08-18T09:51:52.141332+00:00,2026-08-18T09:52:48.920728+00:00
12,384,Pellistri,14,MID,50,0,0,0.0,0.0,0.0,0,1,0,0,0,2026-08-18T09:51:52.141332+00:00,2026-08-18T09:52:48.920728+00:00
12,387,Shaw,14,DEF,49,1.208,1.8066,0.48,0.1144,0.4556,0.0012,1,1,34,0,2026-08-18T09:51:52.141332+00:00,2026-08-18T09:52:48.920728+00:00
12,389,Zirkzee,14,FWD,66,1.1584,1.8014,0.28,0.2016,0.2765,0.0072,1,1,22,0,2026-08-18T09:51:52.141332+00:00,2026-08-18T09:52:48.920728+00:00
12,572,Yoro,14,DEF,43,0.4712,1.1413,0.1,0.198,0.1088,0.0012,1,0,0,0,2026-08-18T09:51:52.141332+00:00,2026-08-18T09:52:48.920728+00:00
12,593,De Ligt,14,DEF,50,0.9104,1.7753,0.24,0.1672,0.2366,0.0036,1,2,90,1,2026-08-18T09:51:52.141332+00:00,2026-08-18T09:52:48.920728+00:00
12,594,Mazraoui,14,DEF,46,1.6232,2.1181,0.48,0.1144,0.4556,0.004,1,2,90,1,2026-08-18T09:51:52.141332+00:00,2026-08-18T09:52:48.920728+00:00
12,613,Collyer,14,MID,45,0.4596,0.926,0.1,0.198,0.1088,0.0,1,0,0,0,2026-08-18T09:51:52.141332+00:00,2026-08-18T09:52:48.920728+00:00
12,648,Wheatley,14,FWD,45,0,0,0.0,0.0,0.0,0,1,0,0,0,2026-08-18T09:51:52.141332+00:00,2026-08-18T09:52:48.920728+00:00
12,652,Ugarte,14,MID,49,0.8484,1.2533,0.28,0.1584,0.2731,0.0,1,1,34,0,2026-08-18T09:51:52.141332+00:00,2026-08-18T09:52:48.920728+00:00
12,658,Heaven,14,DEF,40,0.4848,1.0983,0.1,0.198,0.1088,0.0004,1,0,0,0,2026-08-18T09:51:52.141332+00:00,2026-08-18T09:52:48.920728+00:00
12,667,Fletcher,14,MID,45,0.4916,0.9604,0.1,0.198,0.1088,0.0,1,0,0,0,2026-08-18T09:51:52.141332+00:00,2026-08-18T09:52:48.920728+00:00
12,670,Amass,14,DEF,40,0.45,1.0929,0.1,0.198,0.1088,0.0004,1,0,0,0,2026-08-18T09:51:52.141332+00:00,2026-08-18T09:52:48.920728+00:00
12,673,Fitzgerald,14,MID,45,0.4608,0.9126,0.1,0.198,0.1088,0.0,1,0,0,0,2026-08-18T09:51:52.141332+00:00,2026-08-18T09:52:48.920728+00:00
12,691,Kukonki,14,DEF,40,0.4452,1.0405,0.1,0.198,0.1088,0.0,1,,,,2026-08-18T09:51:52.141332+00:00,
12,745,Amorim,14,MID,8,0.4844,0.9599,0.1,0.198,0.1088,0.0004,1,,,,2026-08-18T09:51:52.141332+00:00,
12,761,Harrison,14,GKP,40,0.1396,0.6263,0.04,0.0384,0.0403,0.0,1,,,,2026-08-18T09:51:52.141332+00:00,
12,766,Dorgu,14,DEF,45,0.4784,1.1619,0.1,0.198,0.1088,0.0004,1,,,,2026-08-18T09:51:52.141332+00:00,
12,776,Obi,14,FWD,45,0.438,0.8518,0.1,0.198,0.1088,0.0,1,,,,2026-08-18T09:51:52.141332+00:00,
12,777,Fredricson,14,DEF,40,0.4852,1.1767,0.1,0.198,0.1088,0.0012,1,,,,2026-08-18T09:51:52.141332+00:00,
12,778,Moorhouse,14,MID,45,0.4752,0.9622,0.1,0.198,0.1088,0.0004,1,,,,2026-08-18T09:51:52.141332+00:00,
12,779,Koné,14,MID,45,0.4604,0.9213,0.1,0.198,0.1088,0.0,1,,,,2026-08-18T09:51:52.141332+00:00,
12,783,Graczyk,14,GKP,40,0.152,0.6683,0.04,0.0384,0.0403,0.0,1,,,,2026-08-18T09:51:52.141332+00:00,
12,788,Dermot Mee,14,GKP,40,0.1404,0.6249,0.04,0.0384,0.0403,0.0,1,,,,2026-08-18T09:51:52.141332+00:00,
12,390,A.Murphy,15,DEF,40,0,0,0.0,0.0,0.0,0,1,0,0,0,2026-08-18T09:51:52.141332+00:00,2026-08-18T09:52:48.920728+00:00
12,391,Almirón,15,MID,55,0,0,0.0,0.0,0.0,0,1,0,0,0,2026-08-18T09:51:52.141332+00:00,2026-08-18T09:52:48.920728+00:00
12,392,Barnes,15,MID,63,1.6256,2.4738,0.28,0.2016,0.2765,0.0176,1,1,45,1,2026-08-18T09:51:52.141332+00:00,2026-08-18T09:52:48.920728+00:00
12,393,Botman,15,DEF,44,0.9276,1.766,0.22,0.1716,0.2183,0.0036,1,0,0,0,2026-08-18T09:51:52.141332+00:00,2026-08-18T09:52:48.920728+00:00
12,394,Bruno G.,15,MID,62,1.6472,1.9733,0.48,0.1456,0.458,0.0036,1,2,83,1,2026-08-18T09:51:52.141332+00:00,2026-08-18T09:52:48.920728+00:00
12,395,Burn,15,DEF,44,0.804,1.6313,0.22,0.1716,0.2183,0.0028,1,0,0,0,2026-08-18T09:51:52.141332+00:00,2026-08-18T09:52:48.920728+00:00
12,396,Dúbravka,15,GKP,43,0.1868,0.8372,0.04,0.0384,0.0403,0.0,1,0,0,0,2026-08-18T09:51:52.141332+00:00,2026-08-18T09:52:48.920728+00:00
12,398,Gordon,15,MID,72,2.596,3.1462,0.48,0.1456,0.458,0.0368,1,2,67,1,2026-08-18T09:51:52.141332+00:00,2026-08-18T09:52:48.920728+00:00
12,399,Hall,15,DEF,44,0,0,0.0,0.0,0.0,0,1,1,90,1,2026-08-18T09:51:52.141332+00:00,2026-08-18T09:52:48.920728+00:00
12,400,Hayden,15,MID,45,0,0,0.0,0.0,0.0,0,1,0,0,0,2026-08-18T09:51:52.141332+00:00,2026-08-18T09:52:48.920728+00:00
12,401,Isak,15,FWD,85,2.5464,3.0504,0.48,0.1456,0.458,0.0364,1,2,90,1,2026-08-18T09:51:52.141332+00:00,2026-08-18T09:52:48.920728+00:00
12,402,J.Murphy,15,MID,50,1.0224,1.6119,0.28,0.1584,0.2731,0.0024,1,1,21,0,2026-08-18T09:51:52.141332+00:00,2026-08-18T09:52:48.920728+00:00
12,403,Joelinton,15,MID,60,0,0,0.0,0.0,0.0,0,1,2,68,1,2026-08-18T09:51:52.141332+00:00,2026-08-18T09:52:48.920728+00:00
12,404,Kelly,15,DEF,43,0,0,0.0,0.0,0.0,0,1,0,90,1,2026-08-18T09:51:52.141332+00:00,2026-08-18T09:52:48.920728+00:00
12,405,Krafth,15,DEF,44,0.5104,1.2254,0.1,0.198,0.1088,0.0004,1,0,0,0,2026-08-18T09:51:52.141332+00:00,2026-08-18T09:52:48.920728+00:00
12,406,Kuol,15,MID,45,0.4708,0.9625,0.1,0.198,0.1088,0.0,1,0,0,0,2026-08-18T09:51:52.141332+00:00,2026-08-18T09:52:48.920728+00:00
12,407,Lascelles,15,DEF,45,0.796,1.676,0.22,0.1716,0.2183,0.0032,1,0,0,0,2026-08-18T09:51:52.141332+00:00,2026-08-18T09:52:48.920728+00:00
12,408,Lewis,15,DEF,40,0,0,0.0,0.0,0.0,0,1,0,0,0,2026-08-18T09:51:52.141332+00:00,2026-08-18T09:52:48.920728+00:00
12,409,Livramento,15,DEF,45,0.8404,1.6596,0.22,0.1716,0.2183,0.0012,1,1,90,1,2026-08-18T09:51:52.141332+00:00,2026-08-18T09:52:48.920728+00:00
12,410,Longstaff,15,MID,47,0.8604,1.3473,0.28,0.1584,0.2731,0.0,1,1,56,1,2026-08-18T09:51:52.141332+00:00,2026-08-18T09:52:48.920728+00:00
12,411,Miley,15,MID,50,1.554,1.8665,0.48,0.1144,0.4556,0.0044,1,0,0,0,2026-08-18T09:51:52.141332+00:00,2026-08-18T09:52:48.920728+00:00
12,412,Odysseas,15,GKP,43,0.2024,0.8755,0.04,0.0384,0.0403,0.0004,1,0,0,0,2026-08-18T09:51:52.141332+00:00,2026-08-18T09:52:48.920728+00:00
12,413,Pope,15,GKP,50,3.5728,2.3511,0.9,0.008,0.8376,0.0016,1,2,90,1,2026-08-18T09:51:52.141332+00:00,2026-08-18T09:52:48.920728+00:00
12,414,Ruddy,15,GKP,40,0.1844,0.8233,0.04,0.0384,0.0403,0.0,1,0,0,0,2026-08-18T09:51:52.141332+00:00,2026-08-18T09:52:48.920728+00:00
12,415,Schär,15,DEF,54,1.6528,2.3992,0.48,0.1144,0.4556,0.0132,1,1,90,1,2026-08-18T09:51:52.141332+00:00,2026-08-18T09:52:48.920728+00:00
12,416,Targett,15,DEF,40,0.3696,0.9507,0.05,0.209,0.0632,0.0004,1,0,0,0,2026-08-18T09:51:52.141332+00:00,2026-08-18T09:52:48.920728+00:00
12,417,Tonali,15,MID,55,1.0288,1.6202,0.28,0.2016,0.2765,0.0036,1,1,33,0,2026-08-18T09:51:52.141332+00:00,2026-08-18T09:52:48.920728+00:00
12,418,Trippier,15,DEF,56,1.1204,1.8889,0.28,0.2016,0.2765,0.002,1,1,6,0,2026-08-18T09:51:52.141332+00:00,2026-08-18T09:52:48.920728+00:00
12,419,White,15,MID,45,0,0,0.0,0.0,0.0,0,1,0,0,0,2026-08-18T09:51:52.141332+00:00,2026-08-18T09:52:48.920728+00:00
12,420,Willock,15,MID,48,0.966,1.5542,0.28,0.1584,0.2731,0.0028,1,1,45,1,2026-08-18T09:51:52.141332+00:00,2026-08-18T09:52:48.920728+00:00
12,421,Wilson,15,FWD,69,2.4548,3.1279,0.48,0.1456,0.458,0.0512,1,1,22,0,2026-08-18T09:51:52.141332+00:00,2026-08-18T09:52:48.920728+00:00
12,574,Pivas,15,DEF,40,0,0,0.0,0.0,0.0,0,1,0,0,0,2026-08-18T09:51:52.141332+00:00,2026-08-18T09:52:48.920728+00:00
12,590,Osula,15,FWD,50,0.6384,1.1483,0.18,0.1804,0.1818,0.0012,1,0,0,0,2026-08-18T09:51:52.141332+00:00,2026-08-18T09:52:48.920728+00:00
12,746,Howe,15,MID,15,0.5024,1.0628,0.1,0.198,0.1088,0.0004,1,,,,2026-08-18T09:51:52.141332+00:00,
12,789,Neave,15,FWD,45,0.4608,0.9222,0.1,0.198,0.1088,0.0,1,,,,2026-08-18T09:51:52.141332+00:00,
12,26,Alex Moreno,16,DEF,44,0.7324,1.4994,0.22,0.1716,0.2183,0.0028,1,1,71,1,2026-08-18T09:51:52.141332+00:00,2026-08-18T09:52:48.920728+00:00
12,422,Aina,16,DEF,48,1.788,2.2773,0.48,0.1144,0.4556,0.0052,1,0,90,1,2026-08-18T09:51:52.141332+00:00,2026-08-18T09:52:48.920728+00:00
12,423,Anderson,16,MID,50,1.4404,1.7419,0.48,0.1144,0.4556,0.0012,1,0,0,0,2026-08-18T09:51:52.141332+00:00,2026-08-18T09:52:48.920728+00:00
12,424,Awoniyi,16,FWD,56,0,0,0.0,0.0,0.0,0,1,2,62,1,2026-08-18T09:51:52.141332+00:00,2026-08-18T09:52:48.920728+00:00
12,425,Boly,16,DEF,43,0.5104,1.1751,0.1,0.198,0.1088,0.0,1,0,0,0,2026-08-18T09:51:52.141332+00:00,2026-08-18T09:52:48.920728+00:00
12,426,Bowler,16,MID,45,0,0,0.0,0.0,0.0,0,1,0,0,0,2026-08-18T09:51:52.141332+00:00,2026-08-18T09:52:48.920728+00:00
12,427,C.Miguel,16,GKP,42,0.1524,0.6727,0.04,0.0384,0.0403,0.0,1,0,0,0,2026-08-18T09:51:52.141332+00:00,2026-08-18T09:52:48.920728+00:00
12,428,Da Silva Moreira,16,MID,45,0.476,0.9593,0.1,0.198,0.1088,0.0008,1,0,0,0,2026-08-18T09:51:52.141332+00:00,2026-08-18T09:52:48.920728+00:00
12,429,Danilo,16,MID,47,0.6344,1.1191,0.18,0.1804,0.1818,0.0008,1,0,0,0,2026-08-18T09:51:52.141332+00:00,2026-08-18T09:52:48.920728+00:00
12,430,Dennis,16,FWD,49,0,0,0.0,0.0,0.0,0,1,0,0,0,2026-08-18T09:51:52.141332+00:00,2026-08-18T09:52:48.920728+00:00
12,431,Dominguez,16,MID,48,0.8204,1.3577,0.28,0.1584,0.2731,0.0008,1,2,62,1,2026-08-18T09:51:52.141332+00:00,2026-08-18T09:52:48.920728+00:00
12,432,Elanga,16,MID,52,1.512,1.8441,0.48,0.1144,0.4556,0.0064,1,1,45,1,2026-08-18T09:51:52.141332+00:00,2026-08-18T09:52:48.920728+00:00
12,433,Gibbs-White,16,MID,63,1.7164,2.0584,0.48,0.1456,0.458,0.0056,1,0,0,0,2026-08-18T09:51:52.141332+00:00,2026-08-18T09:52:48.920728+00:00
12,434,Hudson-Odoi,16,MID,54,1.6896,2.0117,0.48,0.1144,0.4556,0.0036,1,2,90,1,2026-08-18T09:51:52.141332+00:00,2026-08-18T09:52:48.920728+00:00
12,435,Mighten,16,MID,45,0,0,0.0,0.0,0.0,0,1,0,0,0,2026-08-18T09:51:52.141332+00:00,2026-08-18T09:52:48.920728+00:00
12,436,Murillo,16,DEF,46,1.5236,2.0953,0.48,0.1144,0.4556,0.0048,1,1,90,1,2026-08-18T09:51:52.141332+00:00,2026-08-18T09:52:48.920728+00:00
12,437,N.Williams,16,DEF,43,0.7652,1.5481,0.22,0.1716,0.2183,0.0032,1,1,18,0,2026-08-18T09:51:52.141332+00:00,2026-08-18T09:52:48.920728+00:00
12,438,O.Richards,16,DEF,45,0,0,0.0,0.0,0.0,0,1,0,0,0,2026-08-18T09:51:52.141332+00:00,2026-08-18T09:52:48.920728+00:00
12,439,O'Brien,16,MID,50,0,0,0.0,0.0,0.0,0,1,0,0,0,2026-08-18T09:51:52.141332+00:00,2026-08-18T09:52:48.920728+00:00
12,440,Omobamidele,16,DEF,43,0,0,0.0,0.0,0.0,0,1,0,0,0,2026-08-18T09:51:52.141332+00:00,2026-08-18T09:52:48.920728+00:00
12,441,Panzo,16,DEF,40,0,0,0.0,0.0,0.0,0,1,0,0,0,2026-08-18T09:51:52.141332+00:00,2026-08-18T09:52:48.920728+00:00
12,442,Sangaré,16,MID,44,0.8284,1.2203,0.28,0.1584,0.2731,0.0008,1,0,0,0,2026-08-18T09:51:52.141332+00:00,2026-08-18T09:52:48.920728+00:00
12,443,Sels,16,GKP,47,3.0892,2.2206,0.9,0.008,0.8376,0.0016,1,2,90,1,2026-08-18T09:51:52.141332+00:00,2026-08-18T09:52:48.920728+00:00
12,444,Toffolo,16,DEF,43,0.428,1.0153,0.1,0.198,0.1088,0.0,1,0,0,0,2026-08-18T09:51:52.141332+00:00,2026-08-18T09:52:48.920728+00:00
12,446,Ui-jo,16,FWD,45,0,0,0.0,0.0,0.0,0,1,0,0,0,2026-08-18T09:51:52.141332+00:00,2026-08-18T09:52:48.920728+00:00
12,447,Wood,16,FWD,66,2.176,2.4729,0.48,0.1456,0.458,0.0124,1,1,27,0,2026-08-18T09:51:52.141332+00:00,2026-08-18T09:52:48.920728+00:00
12,448,Worrall,16,DEF,45,0,0,0.0,0.0,0.0,0,1,0,0,0,2026-08-18T09:51:52.141332+00:00,2026-08-18T09:52:48.920728+00:00
12,449,Yates,16,MID,49,1.4692,1.755,0.48,0.1144,0.4556,0.0012,1,1,90,1,2026-08-18T09:51:52.141332+00:00,2026-08-18T09:52:48.920728+00:00
12,573,Milenković,16,DEF,45,0.8548,1.7852,0.22,0.1716,0.2183,0.0072,1,1,90,1,2026-08-18T09:51:52.141332+00:00,2026-08-18T09:52:48.920728+00:00
12,596,Jota Silva,16,MID,59,1.3916,1.7551,0.45,0.154,0.4308,0.0044,1,1,45,1,2026-08-18T09:51:52.141332+00:00,2026-08-18T09:52:48.920728+00:00
12,620,Sosa,16,MID,55,1.4072,1.8173,0.45,0.154,0.4308,0.0052,1,1,27,0,2026-08-18T09:51:52.141332+00:00,2026-08-18T09:52:48.920728+00:00
12,653,Morato,16,DEF,45,0.4508,1.0733,0.1,0.198,0.1088,0.0004,1,0,0,0,2026-08-18T09:51:52.141332+00:00,2026-08-18T09:52:48.920728+00:00
12,706,Abbott,16,DEF,40,0.4688,1.0987,0.1,0.198,0.1088,0.0004,1,,,,2026-08-18T09:51:52.141332+00:00,
12,721,Hennessey,16,GKP,40,0.1508,0.718,0.04,0.0384,0.0403,0.0,1,,,,2026-08-18T09:51:52.141332+00:00,
12,747,Nuno,16,MID,11,0.482,1.0002,0.1,0.198,0.1088,0.0004,1,,,,2026-08-18T09:51:52.141332+00:00,
12,14,Ramsdale,17,GKP,44,3.5688,2.3694,0.88,0.0048,0.8188,0.0012,1,0,0,0,2026-08-18T09:51:52.141332+00:00,2026-08-18T09:52:48.920728+00:00
12,27,Archer,17,FWD,50,1.2632,2.0067,0.28,0.1584,0.2731,0.0064,1,1,13,0,2026-08-18T09:51:52.141332+00:00,2026-08-18T09:52:48.920728+00:00
12,188,Ugochukwu,17,MID,45,0.5032,1.0334,0.1,0.198,0.1088,0.0004,1,1,38,0,2026-08-18T09:51:52.141332+00:00,2026-08-18T09:52:48.920728+00:00
12,397,Fraser,17,MID,48,0.7068,1.2626,0.18,0.1804,0.1818,0.0004,1,2,76,1,2026-08-18T09:51:52.141332+00:00,2026-08-18T09:52:48.920728+00:00
12,451,Amo-Ameyaw,17,MID,44,0,0,0.0,0.0,0.0,0,1,0,0,0,2026-08-18T09:51:52.141332+00:00,2026-08-18T09:52:48.920728+00:00
12,452,Aribo,17,MID,49,1.1036,1.8321,0.28,0.1584,0.2731,0.0044,1,1,53,1,2026-08-18T09:51:52.141332+00:00,2026-08-18T09:52:48.920728+00:00
12,453,Armstrong,17,FWD,51,0,0,0.0,0.0,0.0,0,1,7,76,1,2026-08-18T09:51:52.141332+00:00,2026-08-18T09:52:48.920728+00:00
12,454,Bazunu,17,GKP,43,0,0,0.0,0.0,0.0,0,1,0,0,0,2026-08-18T09:51:52.141332+00:00,2026-08-18T09:52:48.920728+00:00
12,455,Bednarek,17,DEF,40,0.5216,1.2108,0.11,0.1958,0.118,0.0008,1,0,0,0,2026-08-18T09:51:52.141332+00:00,2026-08-18T09:52:48.920728+00:00
12,456,Bella-Kotchap,17,DEF,39,0.556,1.3201,0.1,0.198,0.1088,0.0024,1,0,0,0,2026-08-18T09:51:52.141332+00:00,2026-08-18T09:52:48.920728+00:00
12,457,Bree,17,DEF,39,0.5404,1.2791,0.1,0.198,0.1088,0.0012,1,0,0,0,2026-08-18T09:51:52.141332+00:00,2026-08-18T09:52:48.920728+00:00
12,458,Charles,17,MID,45,0,0,0.0,0.0,0.0,0,1,0,0,0,2026-08-18T09:51:52.141332+00:00,2026-08-18T09:52:48.920728+00:00
12,459,Edozie,17,MID,49,0,0,0.0,0.0,0.0,0,1,0,0,0,2026-08-18T09:51:52.141332+00:00,2026-08-18T09:52:48.920728+00:00
12,460,Edwards,17,DEF,39,0,0,0.0,0.0,0.0,0,1,0,0,0,2026-08-18T09:51:52.141332+00:00,2026-08-18T09:52:48.920728+00:00
12,461,Harwood-Bellis,17,DEF,41,0,0,0.0,0.0,0.0,0,1,1,90,1,2026-08-18T09:51:52.141332+00:00,2026-08-18T09:52:48.920728+00:00
12,462,Kamaldeen,17,MID,50,0.6936,1.283,0.18,0.1804,0.1818,0.0016,1,0,0,0,2026-08-18T09:51:52.141332+00:00,2026-08-18T09:52:48.920728+00:00
12,463,Lallana,17,MID,50,1.0076,1.6069,0.28,0.1584,0.2731,0.0024,1,0,36,0,2026-08-18T09:51:52.141332+00:00,2026-08-18T09:52:48.920728+00:00
12,464,Larios,17,DEF,40,0.508,1.2666,0.1,0.198,0.1088,0.0012,1,0,0,0,2026-08-18T09:51:52.141332+00:00,2026-08-18T09:52:48.920728+00:00
12,465,Lis,17,GKP,40,0,0,0.0,0.0,0.0,0,1,0,0,0,2026-08-18T09:51:52.141332+00:00,2026-08-18T09:52:48.920728+00:00
12,466,Lumley,17,GKP,40,0.1664,0.7482,0.04,0.0384,0.0403,0.0004,1,0,0,0,2026-08-18T09:51:52.141332+00:00,2026-08-18T09:52:48.920728+00:00
12,467,Manning,17,DEF,43,0.906,1.7752,0.22,0.1716,0.2183,0.0024,1,0,0,0,2026-08-18T09:51:52.141332+00:00,2026-08-18T09:52:48.920728+00:00
12,468,Mara,17,FWD,50,0,0,0.0,0.0,0.0,0,1,0,0,0,2026-08-18T09:51:52.141332+00:00,2026-08-18T09:52:48.920728+00:00
12,469,McCarthy,17,GKP,43,0.1952,0.8726,0.04,0.0384,0.0403,0.0,1,3,90,1,2026-08-18T09:51:52.141332+00:00,2026-08-18T09:52:48.920728+00:00
12,470,Onuachu,17,FWD,49,0.656,1.2435,0.18,0.1804,0.1818,0.002,1,1,51,1,2026-08-18T09:51:52.141332+00:00,2026-08-18T09:52:48.920728+00:00
12,471,Smallbone,17,MID,50,0.9912,1.6427,0.28,0.1584,0.2731,0.0024,1,0,0,0,2026-08-18T09:51:52.141332+00:00,2026-08-18T09:52:48.920728+00:00
12,472,Stephens,17,DEF,40,0.7728,1.4963,0.22,0.1716,0.2183,0.0008,1,0,90,1,2026-08-18T09:51:52.141332+00:00,2026-08-18T09:52:48.920728+00:00
12,473,Stewart,17,FWD,45,0.5152,1.0468,0.1,0.198,0.1088,0.0012,1,0,0,0,2026-08-18T09:51:52.141332+00:00,2026-08-18T09:52:48.920728+00:00
12,474,Sugawara,17,DEF,45,0.8268,1.6619,0.22,0.1716,0.2183,0.0012,1,1,13,0,2026-08-18T09:51:52.141332+00:00,2026-08-18T09:52:48.920728+00:00
12,475,Taylor,17,DEF,39,0.508,1.2027,0.1,0.198,0.1088,0.0008,1,0,0,0,2026-08-18T09:51:52.141332+00:00,2026-08-18T09:52:48.920728+00:00
12,476,Walker-Peters,17,DEF,44,0.564,1.3348,0.11,0.1958,0.118,0.0016,1,1,90,1,2026-08-18T09:51:52.141332+00:00,2026-08-18T09:52:48.920728+00:00
12,477,Wood,17,DEF,40,0.5452,1.2945,0.1,0.198,0.1088,0.0008,1,0,0,0,2026-08-18T09:51:52.141332+00:00,2026-08-18T09:52:48.920728+00:00
12,515,Cornet,17,MID,48,0,0,0.0,0.0,0.0,0,1,0,0,0,2026-08-18T09:51:52.141332+00:00,2026-08-18T09:52:48.920728+00:00
12,518,Downes,17,MID,48,1.328,1.6184,0.48,0.1144,0.4556,0.002,1,2,90,1,2026-08-18T09:51:52.141332+00:00,2026-08-18T09:52:48.920728+00:00
12,584,Brereton Díaz,17,MID,50,0,0,0.0,0.0,0.0,0,1,0,0,0,2026-08-18T09:51:52.141332+00:00,2026-08-18T09:52:48.920728+00:00
12,608,Dibling,17,MID,45,0.998,1.6331,0.28,0.1584,0.2731,0.002,1,2,90,1,2026-08-18T09:51:52.141332+00:00,2026-08-18T09:52:48.920728+00:00
12,623,M.Fernandes,17,MID,50,1.3828,1.7024,0.48,0.1144,0.4556,0.002,1,7,90,1,2026-08-18T09:51:52.141332+00:00,2026-08-18T09:52:48.920728+00:00
12,693,O'Brien-Whitmarsh,17,MID,45,0,0,0.0,0.0,0.0,0,1,,,,2026-08-18T09:51:52.141332+00:00,
12,718,Welington,17,DEF,40,0.5224,1.2295,0.1,0.198,0.1088,0.0004,1,,,,2026-08-18T09:51:52.141332+00:00,
12,719,Kayi Sanda,17,DEF,40,0.4904,1.201,0.1,0.198,0.1088,0.0004,1,,,,2026-08-18T09:51:52.141332+00:00,
12,734,Grønbæk,17,MID,49,0.4672,1.007,0.09,0.2002,0.0997,0.0,1,,,,2026-08-18T09:51:52.141332+00:00,
12,748,Rusk,17,MID,5,0.4924,1.0071,0.1,0.198,0.1088,0.0004,1,,,,2026-08-18T09:51:52.141332+00:00,
12,798,Jay Robinson,17,FWD,44,0.4884,0.9789,0.1,0.198,0.1088,0.0008,1,,,,2026-08-18T09:51:52.141332+00:00,
12,804,Moore,17,DEF,40,0.5084,1.2136,0.1,0.198,0.1088,0.0008,1,,,,2026-08-18T09:51:52.141332+00:00,
12,82,Solanke,18,FWD,77,2.1524,2.6037,0.48,0.1456,0.458,0.0244,1,5,90,1,2026-08-18T09:51:52.141332+00:00,2026-08-18T09:52:48.920728+00:00
12,478,A.Phillips,18,DEF,40,0,0,0.0,0.0,0.0,0,1,0,0,0,2026-08-18T09:51:52.141332+00:00,2026-08-18T09:52:48.920728+00:00
12,479,Austin,18,GKP,40,0.162,0.7413,0.04,0.0384,0.0403,0.0,1,0,0,0,2026-08-18T09:51:52.141332+00:00,2026-08-18T09:52:48.920728+00:00
12,480,Bentancur,18,MID,50,0.8636,1.4437,0.28,0.1584,0.2731,0.0012,1,0,0,0,2026-08-18T09:51:52.141332+00:00,2026-08-18T09:52:48.920728+00:00
12,481,Bergvall,18,MID,44,0,0,0.0,0.0,0.0,0,1,1,1,0,2026-08-18T09:51:52.141332+00:00,2026-08-18T09:52:48.920728+00:00
12,482,Bissouma,18,MID,49,0.8888,1.3548,0.28,0.1584,0.2731,0.0,1,2,90,1,2026-08-18T09:51:52.141332+00:00,2026-08-18T09:52:48.920728+00:00
12,483,Bryan,18,MID,50,0,0,0.0,0.0,0.0,0,1,0,0,0,2026-08-18T09:51:52.141332+00:00,2026-08-18T09:52:48.920728+00:00
12,484,Davies,18,DEF,43,0.4948,1.124,0.1,0.198,0.1088,0.0004,1,6,90,1,2026-08-18T09:51:52.141332+00:00,2026-08-18T09:52:48.920728+00:00
12,485,Devine,18,MID,45,0,0,0.0,0.0,0.0,0,1,0,0,0,2026-08-18T09:51:52.141332+00:00,2026-08-18T09:52:48.920728+00:00
12,486,Dragusin,18,DEF,43,0,0,0.0,0.0,0.0,0,1,6,90,1,2026-08-18T09:51:52.141332+00:00,2026-08-18T09:52:48.920728+00:00
12,487,E.Royal,18,DEF,45,0,0,0.0,0.0,0.0,0,1,0,0,0,2026-08-18T09:51:52.141332+00:00,2026-08-18T09:52:48.920728+00:00
12,488,Forster,18,GKP,43,0.148,0.7099,0.04,0.0384,0.0403,0.0004,1,0,0,0,2026-08-18T09:51:52.141332+00:00,2026-08-18T09:52:48.920728+00:00
12,489,Gray,18,MID,47,0.614,1.0844,0.18,0.1804,0.1818,0.0004,1,0,0,0,2026-08-18T09:51:52.141332+00:00,2026-08-18T09:52:48.920728+00:00
12,490,Højbjerg,18,MID,50,0,0,0.0,0.0,0.0,0,1,0,0,0,2026-08-18T09:51:52.141332+00:00,2026-08-18T09:52:48.920728+00:00
12,491,Johnson,18,MID,67,2.0068,2.7228,0.48,0.1456,0.458,0.0256,1,6,27,0,2026-08-18T09:51:52.141332+00:00,2026-08-18T09:52:48.920728+00:00
12,492,Kulusevski,18,MID,63,0,0,0.0,0.0,0.0,0,1,6,90,1,2026-08-18T09:51:52.141332+00:00,2026-08-18T09:52:48.920728+00:00
12,493,Lo Celso,18,MID,49,0,0,0.0,0.0,0.0,0,1,0,0,0,2026-08-18T09:51:52.141332+00:00,2026-08-18T09:52:48.920728+00:00
12,494,Maddison,18,MID,75,0,0,0.0,0.0,0.0,0,1,16,88,1,2026-08-18T09:51:52.141332+00:00,2026-08-18T09:52:48.920728+00:00
12,495,Pedro Porro,18,DEF,55,1.59,2.1651,0.48,0.1456,0.458,0.0064,1,14,90,1,2026-08-18T09:51:52.141332+00:00,2026-08-18T09:52:48.920728+00:00
12,496,Reguilón,18,DEF,42,0.9912,1.952,0.22,0.1404,0.2158,0.0052,1,0,0,0,2026-08-18T09:51:52.141332+00:00,2026-08-18T09:52:48.920728+00:00
12,497,Richarlison,18,FWD,68,1.394,1.7756,0.45,0.154,0.4308,0.0052,1,0,0,0,2026-08-18T09:51:52.141332+00:00,2026-08-18T09:52:48.920728+00:00
12,498,Romero,18,DEF,50,0,0,0.0,0.0,0.0,0,1,0,0,0,2026-08-18T09:51:52.141332+00:00,2026-08-18T09:52:48.920728+00:00
12,499,P.M.Sarr,18,MID,48,0.8148,1.3235,0.28,0.1584,0.2731,0.0016,1,2,89,1,2026-08-18T09:51:52.141332+00:00,2026-08-18T09:52:48.920728+00:00
12,500,Scarlett,18,FWD,45,0.444,0.9148,0.1,0.198,0.1088,0.0004,1,0,0,0,2026-08-18T09:51:52.141332+00:00,2026-08-18T09:52:48.920728+00:00
12,502,Solomon,18,MID,54,0,0,0.0,0.0,0.0,0,1,0,0,0,2026-08-18T09:51:52.141332+00:00,2026-08-18T09:52:48.920728+00:00
12,503,Son,18,MID,99,1.484,2.5174,0.24,0.2128,0.2402,0.0172,1,6,62,1,2026-08-18T09:51:52.141332+00:00,2026-08-18T09:52:48.920728+00:00
12,504,Spence,18,DEF,44,0.4496,1.0484,0.1,0.198,0.1088,0.0008,1,1,1,0,2026-08-18T09:51:52.141332+00:00,2026-08-18T09:52:48.920728+00:00
12,505,Udogie,18,DEF,49,1.3296,1.9198,0.48,0.1144,0.4556,0.0032,1,6,89,1,2026-08-18T09:51:52.141332+00:00,2026-08-18T09:52:48.920728+00:00
12,506,Van de Ven,18,DEF,46,1.3564,1.974,0.48,0.1144,0.4556,0.0024,1,0,0,0,2026-08-18T09:51:52.141332+00:00,2026-08-18T09:52:48.920728+00:00
12,507,Veliz,18,FWD,50,0,0,0.0,0.0,0.0,0,1,0,0,0,2026-08-18T09:51:52.141332+00:00,2026-08-18T09:52:48.920728+00:00
12,508,Vicario,18,GKP,50,2.5244,1.9965,0.9,0.008,0.8376,0.0,1,8,90,1,2026-08-18T09:51:52.141332+00:00,2026-08-18T09:52:48.920728+00:00
12,509,Werner,18,MID,62,0.8848,1.5016,0.225,0.217,0.2266,0.0024,1,4,1,0,2026-08-18T09:51:52.141332+00:00,2026-08-18T09:52:48.920728+00:00
12,510,Whiteman,18,GKP,40,0.1732,0.7675,0.04,0.0384,0.0403,0.0,1,0,0,0,2026-08-18T09:51:52.141332+00:00,2026-08-18T09:52:48.920728+00:00
12,609,Lankshear,18,FWD,45,0,0,0.0,0.0,0.0,0,1,0,0,0,2026-08-18T09:51:52.141332+00:00,2026-08-18T09:52:48.920728+00:00
12,610,Moore,18,MID,45,0.4176,0.8397,0.1,0.198,0.1088,0.0,1,0,0,0,2026-08-18T09:51:52.141332+00:00,2026-08-18T09:52:48.920728+00:00
12,612,Odobert,18,MID,53,0.7004,1.3465,0.18,0.1804,0.1818,0.0028,1,0,0,0,2026-08-18T09:51:52.141332+00:00,2026-08-18T09:52:48.920728+00:00
12,683,Olusesi,18,MID,45,0.4524,0.8994,0.1,0.198,0.1088,0.0,1,0,0,0,2026-08-18T09:51:52.141332+00:00,2026-08-18T09:52:48.920728+00:00
12,684,Hardy,18,DEF,40,0.4732,1.0933,0.1,0.198,0.1088,0.0004,1,0,0,0,2026-08-18T09:51:52.141332+00:00,2026-08-18T09:52:48.920728+00:00
12,689,Williams-Barnett,18,MID,45,0,0,0.0,0.0,0.0,0,1,,,,2026-08-18T09:51:52.141332+00:00,
12,699,Dorrington,18,DEF,40,0,0,0.0,0.0,0.0,0,1,,,,2026-08-18T09:51:52.141332+00:00,
12,700,King,18,DEF,40,0.47,1.0991,0.1,0.198,0.1088,0.0008,1,,,,2026-08-18T09:51:52.141332+00:00,
12,716,Kinsky,18,GKP,41,0.1596,0.7144,0.04,0.0384,0.0403,0.0,1,,,,2026-08-18T09:51:52.141332+00:00,
12,717,Yang,18,MID,45,0,0,0.0,0.0,0.0,0,1,,,,2026-08-18T09:51:52.141332+00:00,
12,729,Ajayi,18,MID,45,0.4804,0.9893,0.1,0.198,0.1088,0.0004,1,,,,2026-08-18T09:51:52.141332+00:00,
12,749,Postecoglou,18,MID,11,0.4804,0.9631,0.1,0.198,0.1088,0.0004,1,,,,2026-08-18T09:51:52.141332+00:00,
12,760,Cassanova,18,DEF,40,0.4812,1.1066,0.1,0.198,0.1088,0.0,1,,,,2026-08-18T09:51:52.141332+00:00,
12,767,Danso,18,DEF,44,0.4484,1.1558,0.1,0.198,0.1088,0.0016,1,,,,2026-08-18T09:51:52.141332+00:00,
12,768,Tel,18,MID,58,1.4564,1.8022,0.45,0.154,0.4308,0.0044,1,,,,2026-08-18T09:51:52.141332+00:00,
12,123,Ferguson,19,FWD,55,1.252,1.5144,0.45,0.154,0.4308,0.0012,1,1,4,0,2026-08-18T09:51:52.141332+00:00,2026-08-18T09:52:48.920728+00:00
12,388,Wan-Bissaka,19,DEF,44,0.7724,1.4702,0.22,0.1716,0.2183,0.0016,1,15,90,1,2026-08-18T09:51:52.141332+00:00,2026-08-18T09:52:48.920728+00:00
12,511,Álvarez,19,MID,50,0.8252,1.2554,0.28,0.1584,0.2731,0.0,1,0,0,0,2026-08-18T09:51:52.141332+00:00,2026-08-18T09:52:48.920728+00:00
12,512,Antonio,19,FWD,54,0,0,0.0,0.0,0.0,0,1,2,74,1,2026-08-18T09:51:52.141332+00:00,2026-08-18T09:52:48.920728+00:00
12,513,Areola,19,GKP,43,0.1276,0.5708,0.04,0.0384,0.0403,0.0,1,0,0,0,2026-08-18T09:51:52.141332+00:00,2026-08-18T09:52:48.920728+00:00
12,514,Bowen,19,MID,75,2.0708,2.4176,0.48,0.1456,0.458,0.0108,1,7,90,1,2026-08-18T09:51:52.141332+00:00,2026-08-18T09:52:48.920728+00:00
12,516,Coufal,19,DEF,43,0.4668,1.0567,0.1,0.198,0.1088,0.0,1,1,15,0,2026-08-18T09:51:52.141332+00:00,2026-08-18T09:52:48.920728+00:00
12,517,Cresswell,19,DEF,40,0.4636,1.1025,0.1,0.198,0.1088,0.0004,1,0,0,0,2026-08-18T09:51:52.141332+00:00,2026-08-18T09:52:48.920728+00:00
12,519,Earthy,19,MID,45,0,0,0.0,0.0,0.0,0,1,0,0,0,2026-08-18T09:51:52.141332+00:00,2026-08-18T09:52:48.920728+00:00
12,520,Emerson,19,DEF,44,0.79,1.5997,0.22,0.1716,0.2183,0.0024,1,9,74,1,2026-08-18T09:51:52.141332+00:00,2026-08-18T09:52:48.920728+00:00
12,521,Fabianski,19,GKP,41,0.1816,0.7885,0.04,0.0384,0.0403,0.0,1,6,90,1,2026-08-18T09:51:52.141332+00:00,2026-08-18T09:52:48.920728+00:00
12,522,Foderingham,19,GKP,44,3.3612,2.2393,0.88,0.0048,0.8188,0.002,1,0,0,0,2026-08-18T09:51:52.141332+00:00,2026-08-18T09:52:48.920728+00:00
12,523,Ings,19,FWD,50,0.6832,1.2504,0.18,0.1804,0.1818,0.0012,1,1,15,0,2026-08-18T09:51:52.141332+00:00,2026-08-18T09:52:48.920728+00:00
12,524,Kilman,19,DEF,45,0.8076,1.6153,0.22,0.1716,0.2183,0.002,1,6,90,1,2026-08-18T09:51:52.141332+00:00,2026-08-18T09:52:48.920728+00:00
12,525,Kudus,19,MID,62,1.806,2.2954,0.48,0.1456,0.458,0.0124,1,0,0,0,2026-08-18T09:51:52.141332+00:00,2026-08-18T09:52:48.920728+00:00
12,526,L.Guilherme,19,MID,47,0.6596,1.1511,0.18,0.1804,0.1818,0.0004,1,0,0,0,2026-08-18T09:51:52.141332+00:00,2026-08-18T09:52:48.920728+00:00
12,527,L.Paquetá,19,MID,58,1.5792,2.0448,0.48,0.1456,0.458,0.0052,1,3,90,1,2026-08-18T09:51:52.141332+00:00,2026-08-18T09:52:48.920728+00:00
12,528,Mavropanos,19,DEF,45,0.8264,1.6101,0.22,0.1716,0.2183,0.0016,1,1,33,0,2026-08-18T09:51:52.141332+00:00,2026-08-18T09:52:48.920728+00:00
12,529,N.Aguerd,19,DEF,44,0,0,0.0,0.0,0.0,0,1,0,0,0,2026-08-18T09:51:52.141332+00:00,2026-08-18T09:52:48.920728+00:00
12,530,Souček,19,MID,49,1.0884,1.801,0.28,0.1584,0.2731,0.0024,1,10,90,1,2026-08-18T09:51:52.141332+00:00,2026-08-18T09:52:48.920728+00:00
12,531,Ward-Prowse,19,MID,62,1.0516,1.6384,0.28,0.2016,0.2765,0.0024,1,2,90,1,2026-08-18T09:51:52.141332+00:00,2026-08-18T09:52:48.920728+00:00
12,532,Zouma,19,DEF,44,0,0,0.0,0.0,0.0,0,1,0,0,0,2026-08-18T09:51:52.141332+00:00,2026-08-18T09:52:48.920728+00:00
12,576,Irving,19,MID,48,0.6332,1.1593,0.18,0.1804,0.1818,0.0,1,1,6,0,2026-08-18T09:51:52.141332+00:00,2026-08-18T09:52:48.920728+00:00
12,587,Summerville,19,MID,57,0,0,0.0,0.0,0.0,0,1,3,83,1,2026-08-18T09:51:52.141332+00:00,2026-08-18T09:52:48.920728+00:00
12,588,G.Rodríguez,19,MID,49,1.148,1.3253,0.48,0.1144,0.4556,0.0004,1,1,6,0,2026-08-18T09:51:52.141332+00:00,2026-08-18T09:52:48.920728+00:00
12,589,Füllkrug,19,FWD,67,1.4272,1.8613,0.45,0.154,0.4308,0.0064,1,0,0,0,2026-08-18T09:51:52.141332+00:00,2026-08-18T09:52:48.920728+00:00
12,591,Todibo,19,DEF,43,0.7248,1.4633,0.22,0.1716,0.2183,0.0016,1,1,56,1,2026-08-18T09:51:52.141332+00:00,2026-08-18T09:52:48.920728+00:00
12,643,Casey,19,DEF,40,0.474,1.076,0.1,0.198,0.1088,0.0,1,0,0,0,2026-08-18T09:51:52.141332+00:00,2026-08-18T09:52:48.920728+00:00
12,654,C.Soler,19,MID,50,0.6388,1.1391,0.18,0.1804,0.1818,0.0004,1,3,83,1,2026-08-18T09:51:52.141332+00:00,2026-08-18T09:52:48.920728+00:00
12,677,Scarles,19,DEF,40,0.4676,1.1398,0.1,0.198,0.1088,0.0004,1,0,0,0,2026-08-18T09:51:52.141332+00:00,2026-08-18T09:52:48.920728+00:00
12,686,Mayers,19,DEF,40,0.456,1.1051,0.1,0.198,0.1088,0.0004,1,,,,2026-08-18T09:51:52.141332+00:00,
12,701,Orford,19,MID,45,0.4764,0.9488,0.1,0.198,0.1088,0.0004,1,,,,2026-08-18T09:51:52.141332+00:00,
12,750,Potter,19,MID,5,0.4624,0.9483,0.1,0.198,0.1088,0.0004,1,,,,2026-08-18T09:51:52.141332+00:00,
12,204,Johnstone,20,GKP,44,0,0,0.0,0.0,0.0,0,1,0,0,0,2026-08-18T09:51:52.141332+00:00,2026-08-18T09:52:48.920728+00:00
12,533,Aït-Nouri,20,DEF,48,1.47,2.1175,0.48,0.1144,0.4556,0.0056,1,2,90,1,2026-08-18T09:51:52.141332+00:00,2026-08-18T09:52:48.920728+00:00
12,534,B.Traore,20,MID,48,1.1416,1.3911,0.48,0.1144,0.4556,0.0,1,0,0,0,2026-08-18T09:51:52.141332+00:00,2026-08-18T09:52:48.920728+00:00
12,535,Bellegarde,20,MID,50,0.742,1.2146,0.28,0.1584,0.2731,0.0004,1,2,86,1,2026-08-18T09:51:52.141332+00:00,2026-08-18T09:52:48.920728+00:00
12,536,Bentley,20,GKP,40,0.1444,0.6903,0.04,0.0384,0.0403,0.0,1,0,0,0,2026-08-18T09:51:52.141332+00:00,2026-08-18T09:52:48.920728+00:00
12,537,Chiquinho,20,MID,45,0,0,0.0,0.0,0.0,0,1,0,0,0,2026-08-18T09:51:52.141332+00:00,2026-08-18T09:52:48.920728+00:00
12,538,Chirewa,20,MID,45,0,0,0.0,0.0,0.0,0,1,0,0,0,2026-08-18T09:51:52.141332+00:00,2026-08-18T09:52:48.920728+00:00
12,539,Chiwome,20,FWD,45,0,0,0.0,0.0,0.0,0,1,0,0,0,2026-08-18T09:51:52.141332+00:00,2026-08-18T09:52:48.920728+00:00
12,540,Cundle,20,MID,45,0,0,0.0,0.0,0.0,0,1,0,0,0,2026-08-18T09:51:52.141332+00:00,2026-08-18T09:52:48.920728+00:00
12,541,Cunha,20,FWD,68,2.0936,2.443,0.48,0.1456,0.458,0.012,1,16,90,1,2026-08-18T09:51:52.141332+00:00,2026-08-18T09:52:48.920728+00:00
12,542,Dawson,20,DEF,44,0.8016,1.5349,0.22,0.1716,0.2183,0.0012,1,0,0,0,2026-08-18T09:51:52.141332+00:00,2026-08-18T09:52:48.920728+00:00
12,543,Doherty,20,DEF,43,0.444,1.0808,0.1,0.198,0.1088,0.0008,1,1,3,0,2026-08-18T09:51:52.141332+00:00,2026-08-18T09:52:48.920728+00:00
12,544,Doyle,20,MID,48,0.6676,1.171,0.18,0.1804,0.1818,0.0004,1,1,1,0,2026-08-18T09:51:52.141332+00:00,2026-08-18T09:52:48.920728+00:00
12,545,Fábio Silva,20,FWD,50,0,0,0.0,0.0,0.0,0,1,0,0,0,2026-08-18T09:51:52.141332+00:00,2026-08-18T09:52:48.920728+00:00
12,546,Fraser,20,FWD,45,0,0,0.0,0.0,0.0,0,1,0,0,0,2026-08-18T09:51:52.141332+00:00,2026-08-18T09:52:48.920728+00:00
12,547,Gonzalez,20,MID,44,0,0,0.0,0.0,0.0,0,1,0,0,0,2026-08-18T09:51:52.141332+00:00,2026-08-18T09:52:48.920728+00:00
12,548,Guedes,20,MID,53,0.7036,1.2907,0.18,0.1804,0.1818,0.002,1,6,1,0,2026-08-18T09:51:52.141332+00:00,2026-08-18T09:52:48.920728+00:00
12,549,H.Bueno,20,DEF,45,0,0,0.0,0.0,0.0,0,1,0,0,0,2026-08-18T09:51:52.141332+00:00,2026-08-18T09:52:48.920728+00:00
12,550,Hee Chan,20,MID,61,1.7552,2.3246,0.45,0.154,0.4308,0.0128,1,1,1,0,2026-08-18T09:51:52.141332+00:00,2026-08-18T09:52:48.920728+00:00
12,551,Hodge,20,MID,45,0,0,0.0,0.0,0.0,0,1,0,0,0,2026-08-18T09:51:52.141332+00:00,2026-08-18T09:52:48.920728+00:00
12,552,Hoever,20,DEF,40,0,0,0.0,0.0,0.0,0,1,0,0,0,2026-08-18T09:51:52.141332+00:00,2026-08-18T09:52:48.920728+00:00
12,553,J.Gomes,20,MID,49,1.3272,1.5698,0.48,0.1144,0.4556,0.0004,1,12,90,1,2026-08-18T09:51:52.141332+00:00,2026-08-18T09:52:48.920728+00:00
12,554,José Sá,20,GKP,43,2.7452,2.0639,0.88,0.0048,0.8188,0.0008,1,2,90,1,2026-08-18T09:51:52.141332+00:00,2026-08-18T09:52:48.920728+00:00
12,555,Kalajdžić,20,FWD,48,0,0,0.0,0.0,0.0,0,1,0,0,0,2026-08-18T09:51:52.141332+00:00,2026-08-18T09:52:48.920728+00:00
12,556,King,20,GKP,40,0.1436,0.6597,0.04,0.0384,0.0403,0.0,1,0,0,0,2026-08-18T09:51:52.141332+00:00,2026-08-18T09:52:48.920728+00:00
12,557,Mario Jr.,20,MID,50,0,0,0.0,0.0,0.0,0,1,6,90,1,2026-08-18T09:51:52.141332+00:00,2026-08-18T09:52:48.920728+00:00
12,558,Mosquera,20,DEF,39,0,0,0.0,0.0,0.0,0,1,0,0,0,2026-08-18T09:51:52.141332+00:00,2026-08-18T09:52:48.920728+00:00
12,559,N.Semedo,20,DEF,45,0.7004,1.5306,0.22,0.1716,0.2183,0.004,1,2,90,1,2026-08-18T09:51:52.141332+00:00,2026-08-18T09:52:48.920728+00:00
12,561,Pedro Lima,20,DEF,40,0.4684,1.1121,0.1,0.198,0.1088,0.0,1,0,0,0,2026-08-18T09:51:52.141332+00:00,2026-08-18T09:52:48.920728+00:00
12,562,Podence,20,MID,55,0,0,0.0,0.0,0.0,0,1,0,0,0,2026-08-18T09:51:52.141332+00:00,2026-08-18T09:52:48.920728+00:00
12,563,R.Gomes,20,MID,52,0.6572,1.26,0.18,0.1804,0.1818,0.0012,1,2,90,1,2026-08-18T09:51:52.141332+00:00,2026-08-18T09:52:48.920728+00:00
12,564,S.Bueno,20,DEF,43,0.8,1.5331,0.22,0.1716,0.2183,0.0016,1,0,0,0,2026-08-18T09:51:52.141332+00:00,2026-08-18T09:52:48.920728+00:00
12,565,Sarabia,20,MID,51,0.7236,1.3923,0.18,0.1804,0.1818,0.0008,1,0,0,0,2026-08-18T09:51:52.141332+00:00,2026-08-18T09:52:48.920728+00:00
12,566,Strand Larsen,20,FWD,56,1.8224,2.1001,0.48,0.1456,0.458,0.008,1,5,90,1,2026-08-18T09:51:52.141332+00:00,2026-08-18T09:52:48.920728+00:00
12,567,Toti,20,DEF,43,0.6624,1.3683,0.22,0.1716,0.2183,0.0012,1,2,90,1,2026-08-18T09:51:52.141332+00:00,2026-08-18T09:52:48.920728+00:00
12,637,Meupiyou,20,DEF,40,0.4416,1.0461,0.1,0.198,0.1088,0.0008,1,0,0,0,2026-08-18T09:51:52.141332+00:00,2026-08-18T09:52:48.920728+00:00
12,642,André,20,MID,50,0.8804,1.2991,0.28,0.1584,0.2731,0.0,1,2,90,1,2026-08-18T09:51:52.141332+00:00,2026-08-18T09:52:48.920728+00:00
12,655,Forbs,20,MID,55,1.404,1.6837,0.45,0.154,0.4308,0.0032,1,0,0,0,2026-08-18T09:51:52.141332+00:00,2026-08-18T09:52:48.920728+00:00
12,664,Pond,20,DEF,39,0.45,1.0837,0.1,0.198,0.1088,0.0004,1,1,1,0,2026-08-18T09:51:52.141332+00:00,2026-08-18T09:52:48.920728+00:00
12,682,Edozie,20,MID,45,0.4744,0.8985,0.1,0.198,0.1088,0.0004,1,0,0,0,2026-08-18T09:51:52.141332+00:00,2026-08-18T09:52:48.920728+00:00
12,711,Okoduwa,20,DEF,40,0.4788,1.1661,0.1,0.198,0.1088,0.0012,1,,,,2026-08-18T09:51:52.141332+00:00,
12,720,Agbadou,20,DEF,40,0.4428,1.035,0.1,0.198,0.1088,0.0004,1,,,,2026-08-18T09:51:52.141332+00:00,
12,751,Pereira,20,MID,8,0.4604,0.9368,0.1,0.198,0.1088,0.0,1,,,,2026-08-18T09:51:52.141332+00:00,
12,769,Djiga,20,DEF,45,0.4772,1.1848,0.1,0.198,0.1088,0.0004,1,,,,2026-08-18T09:51:52.141332+00:00,
12,770,Munetsi,20,MID,50,0.6564,1.1705,0.18,0.1804,0.1818,0.0,1,,,,2026-08-18T09:51:52.141332+00:00,
12,784,Mané,20,FWD,45,0.4524,0.936,0.1,0.198,0.1088,0.0008,1,,,,2026-08-18T09:51:52.141332+00:00,
