gw,player_id,web_name,team_id,position,now_cost,mu,sigma,p_start,p_sub,p_60,p_10_plus,n_fixtures,actual_points,actual_minutes,did_start,captured_at,scored_at
16,1,Fábio Vieira,1,MID,54,0,0,0.0,0.0,0.0,0,1,0,0,0,2026-08-18T09:51:58.857286+00:00,2026-08-18T09:52:49.038143+00:00
16,2,G.Jesus,1,FWD,68,0,0,0.0,0.0,0.0,0,1,1,21,0,2026-08-18T09:51:58.857286+00:00,2026-08-18T09:52:49.038143+00:00
16,3,Gabriel,1,DEF,62,0,0,0.0,0.0,0.0,0,1,9,90,1,2026-08-18T09:51:58.857286+00:00,2026-08-18T09:52:49.038143+00:00
16,4,Havertz,1,FWD,79,2.1212,2.7514,0.48,0.1456,0.458,0.0308,1,2,90,1,2026-08-18T09:51:58.857286+00:00,2026-08-18T09:52:49.038143+00:00
16,5,Hein,1,GKP,40,0,0,0.0,0.0,0.0,0,1,0,0,0,2026-08-18T09:51:58.857286+00:00,2026-08-18T09:52:49.038143+00:00
16,6,J.Timber,1,DEF,57,0,0,0.0,0.0,0.0,0,1,6,90,1,2026-08-18T09:51:58.857286+00:00,2026-08-18T09:52:49.038143+00:00
16,7,Jorginho,1,MID,47,0.9104,1.3395,0.28,0.1584,0.2731,0.0008,1,1,28,0,2026-08-18T09:51:58.857286+00:00,2026-08-18T09:52:49.038143+00:00
16,8,Kiwior,1,DEF,48,0.9712,1.7224,0.28,0.1584,0.2731,0.002,1,0,0,0,2026-08-18T09:51:58.857286+00:00,2026-08-18T09:52:49.038143+00:00
16,9,Martinelli,1,MID,67,2.3876,2.8143,0.48,0.1456,0.458,0.0224,1,3,73,1,2026-08-18T09:51:58.857286+00:00,2026-08-18T09:52:49.038143+00:00
16,12,Nwaneri,1,MID,45,0.4944,1.0095,0.1,0.198,0.1088,0.0008,1,1,28,0,2026-08-18T09:51:58.857286+00:00,2026-08-18T09:52:49.038143+00:00
16,13,Ødegaard,1,MID,83,2.3656,2.9053,0.48,0.1456,0.458,0.0312,1,3,61,1,2026-08-18T09:51:58.857286+00:00,2026-08-18T09:52:49.038143+00:00
16,15,Raya,1,GKP,56,3.4052,2.3766,0.9,0.008,0.8376,0.0024,1,6,90,1,2026-08-18T09:51:58.857286+00:00,2026-08-18T09:52:49.038143+00:00
16,16,Rice,1,MID,62,1.7376,2.0929,0.48,0.1456,0.458,0.008,1,3,61,1,2026-08-18T09:51:58.857286+00:00,2026-08-18T09:52:49.038143+00:00
16,17,Saka,1,MID,106,2.9744,3.7336,0.48,0.1456,0.458,0.0616,1,3,90,1,2026-08-18T09:51:58.857286+00:00,2026-08-18T09:52:49.038143+00:00
16,18,Saliba,1,DEF,62,0,0,0.0,0.0,0.0,0,1,6,90,1,2026-08-18T09:51:58.857286+00:00,2026-08-18T09:52:49.038143+00:00
16,20,Thomas,1,MID,50,1.7056,2.0305,0.48,0.1144,0.4556,0.0048,1,1,21,0,2026-08-18T09:51:58.857286+00:00,2026-08-18T09:52:49.038143+00:00
16,21,Tierney,1,DEF,43,0.4768,1.1553,0.1,0.198,0.1088,0.0004,1,0,0,0,2026-08-18T09:51:58.857286+00:00,2026-08-18T09:52:49.038143+00:00
16,22,Tomiyasu,1,DEF,48,0,0,0.0,0.0,0.0,0,1,0,0,0,2026-08-18T09:51:58.857286+00:00,2026-08-18T09:52:49.038143+00:00
16,23,Trossard,1,MID,68,2.2196,2.7424,0.48,0.1456,0.458,0.0224,1,1,16,0,2026-08-18T09:51:58.857286+00:00,2026-08-18T09:52:49.038143+00:00
16,24,White,1,DEF,61,1.088,1.8965,0.28,0.2016,0.2765,0.004,1,0,0,0,2026-08-18T09:51:58.857286+00:00,2026-08-18T09:52:49.038143+00:00
16,25,Zinchenko,1,DEF,48,0.7196,1.497,0.18,0.1804,0.1818,0.0016,1,0,0,0,2026-08-18T09:51:58.857286+00:00,2026-08-18T09:52:49.038143+00:00
16,73,Neto,1,GKP,42,0.1708,0.8544,0.04,0.0384,0.0403,0.0004,1,0,0,0,2026-08-18T09:51:58.857286+00:00,2026-08-18T09:52:49.038143+00:00
16,186,Sterling,1,MID,67,1.714,2.1868,0.45,0.154,0.4308,0.0108,1,0,0,0,2026-08-18T09:51:58.857286+00:00,2026-08-18T09:52:49.038143+00:00
16,578,Calafiori,1,DEF,58,1.2208,2.0628,0.28,0.2016,0.2765,0.0056,1,0,0,0,2026-08-18T09:51:58.857286+00:00,2026-08-18T09:52:49.038143+00:00
16,597,Lewis-Skelly,1,MID,45,0.51,1.0662,0.1,0.198,0.1088,0.0008,1,3,68,1,2026-08-18T09:51:58.857286+00:00,2026-08-18T09:52:49.038143+00:00
16,633,Merino,1,MID,60,1.168,1.847,0.28,0.2016,0.2765,0.0052,1,3,68,1,2026-08-18T09:51:58.857286+00:00,2026-08-18T09:52:49.038143+00:00
16,638,Oulad M'hand,1,MID,45,0.5172,1.0279,0.1,0.198,0.1088,0.0012,1,0,0,0,2026-08-18T09:51:58.857286+00:00,2026-08-18T09:52:49.038143+00:00
16,639,Setford,1,GKP,45,0.196,0.8783,0.04,0.0384,0.0403,0.0,1,0,0,0,2026-08-18T09:51:58.857286+00:00,2026-08-18T09:52:49.038143+00:00
16,657,Kacurri,1,DEF,40,0,0,0.0,0.0,0.0,0,1,0,0,0,2026-08-18T09:51:58.857286+00:00,2026-08-18T09:52:49.038143+00:00
16,659,Kabia,1,MID,45,0.4732,0.9819,0.1,0.198,0.1088,0.0004,1,0,0,0,2026-08-18T09:51:58.857286+00:00,2026-08-18T09:52:49.038143+00:00
16,662,Nichols,1,DEF,40,0.5456,1.2537,0.1,0.198,0.1088,0.0,1,0,0,0,2026-08-18T09:51:58.857286+00:00,2026-08-18T09:52:49.038143+00:00
16,665,Butler-Oyedeji,1,FWD,45,0.4404,0.8243,0.1,0.198,0.1088,0.0,1,0,0,0,2026-08-18T09:51:58.857286+00:00,2026-08-18T09:52:49.038143+00:00
16,735,Arteta,1,MID,15,0.464,0.9865,0.1,0.198,0.1088,0.0,1,,,,2026-08-18T09:51:58.857286+00:00,
16,756,Porter,1,GKP,40,0.1748,0.822,0.04,0.0384,0.0403,0.0,1,,,,2026-08-18T09:51:58.857286+00:00,
16,790,Gower,1,MID,45,0.4896,0.9814,0.1,0.198,0.1088,0.0,1,,,,2026-08-18T09:51:58.857286+00:00,
16,793,Jack Henry-Francis,1,MID,45,0.4868,1.0419,0.1,0.198,0.1088,0.0004,1,,,,2026-08-18T09:51:58.857286+00:00,
16,801,Clarke,1,DEF,40,0.4964,1.1937,0.1,0.198,0.1088,0.0004,1,,,,2026-08-18T09:51:58.857286+00:00,
16,28,Bailey,2,MID,62,1.5996,1.9091,0.48,0.1456,0.458,0.0036,1,0,0,0,2026-08-18T09:51:58.857286+00:00,2026-08-18T09:52:49.038143+00:00
16,29,Barkley,2,MID,52,0.97,1.4963,0.28,0.1584,0.2731,0.0012,1,1,1,0,2026-08-18T09:51:58.857286+00:00,2026-08-18T09:52:49.038143+00:00
16,30,Barrenechea,2,MID,49,0,0,0.0,0.0,0.0,0,1,0,0,0,2026-08-18T09:51:58.857286+00:00,2026-08-18T09:52:49.038143+00:00
16,31,Buendia,2,MID,52,0,0,0.0,0.0,0.0,0,1,0,0,0,2026-08-18T09:51:58.857286+00:00,2026-08-18T09:52:49.038143+00:00
16,32,Cash,2,DEF,44,0.6648,1.3349,0.22,0.1716,0.2183,0.0008,1,1,90,1,2026-08-18T09:51:58.857286+00:00,2026-08-18T09:52:49.038143+00:00
16,33,Dendoncker,2,MID,45,0,0,0.0,0.0,0.0,0,1,0,0,0,2026-08-18T09:51:58.857286+00:00,2026-08-18T09:52:49.038143+00:00
16,34,Diaby,2,MID,65,0,0,0.0,0.0,0.0,0,1,0,0,0,2026-08-18T09:51:58.857286+00:00,2026-08-18T09:52:49.038143+00:00
16,35,Diego Carlos,2,DEF,45,0,0,0.0,0.0,0.0,0,1,1,90,1,2026-08-18T09:51:58.857286+00:00,2026-08-18T09:52:49.038143+00:00
16,36,Digne,2,DEF,47,1.5972,2.1818,0.48,0.1144,0.4556,0.0044,1,2,90,1,2026-08-18T09:51:58.857286+00:00,2026-08-18T09:52:49.038143+00:00
16,37,Dobbin,2,MID,50,0,0,0.0,0.0,0.0,0,1,0,0,0,2026-08-18T09:51:58.857286+00:00,2026-08-18T09:52:49.038143+00:00
16,38,Duran,2,FWD,58,0,0,0.0,0.0,0.0,0,1,5,73,1,2026-08-18T09:51:58.857286+00:00,2026-08-18T09:52:49.038143+00:00
16,39,Gauci,2,GKP,40,0,0,0.0,0.0,0.0,0,1,0,0,0,2026-08-18T09:51:58.857286+00:00,2026-08-18T09:52:49.038143+00:00
16,40,Hause,2,DEF,40,0.478,1.089,0.1,0.198,0.1088,0.0004,1,0,0,0,2026-08-18T09:51:58.857286+00:00,2026-08-18T09:52:49.038143+00:00
16,41,Iling Jr,2,MID,54,0,0,0.0,0.0,0.0,0,1,0,0,0,2026-08-18T09:51:58.857286+00:00,2026-08-18T09:52:49.038143+00:00
16,42,Kamara,2,MID,50,0.9108,1.3754,0.28,0.1584,0.2731,0.0004,1,2,90,1,2026-08-18T09:51:58.857286+00:00,2026-08-18T09:52:49.038143+00:00
16,43,Kesler-Hayden,2,DEF,40,0,0,0.0,0.0,0.0,0,1,0,0,0,2026-08-18T09:51:58.857286+00:00,2026-08-18T09:52:49.038143+00:00
16,44,Konsa,2,DEF,44,0.8168,1.5792,0.22,0.1716,0.2183,0.002,1,1,90,1,2026-08-18T09:51:58.857286+00:00,2026-08-18T09:52:49.038143+00:00
16,45,Maatsen,2,DEF,46,0.6784,1.4268,0.18,0.1804,0.1818,0.0008,1,1,1,0,2026-08-18T09:51:58.857286+00:00,2026-08-18T09:52:49.038143+00:00
16,46,Marschall,2,GKP,40,0,0,0.0,0.0,0.0,0,1,0,0,0,2026-08-18T09:51:58.857286+00:00,2026-08-18T09:52:49.038143+00:00
16,47,Martinez,2,GKP,50,0,0,0.0,0.0,0.0,0,1,2,90,1,2026-08-18T09:51:58.857286+00:00,2026-08-18T09:52:49.038143+00:00
16,48,McGinn,2,MID,52,1.45,1.8704,0.48,0.1144,0.4556,0.0036,1,6,90,1,2026-08-18T09:51:58.857286+00:00,2026-08-18T09:52:49.038143+00:00
16,49,Mings,2,DEF,44,0.4584,1.0829,0.1,0.198,0.1088,0.0004,1,0,0,0,2026-08-18T09:51:58.857286+00:00,2026-08-18T09:52:49.038143+00:00
16,50,Nedeljkovic,2,DEF,40,0,0,0.0,0.0,0.0,0,1,0,0,0,2026-08-18T09:51:58.857286+00:00,2026-08-18T09:52:49.038143+00:00
16,51,Olsen,2,GKP,45,3.0252,2.1609,0.88,0.0048,0.8188,0.0016,1,0,0,0,2026-08-18T09:51:58.857286+00:00,2026-08-18T09:52:49.038143+00:00
16,52,Pau,2,DEF,44,0.7396,1.438,0.22,0.1716,0.2183,0.0012,1,1,90,1,2026-08-18T09:51:58.857286+00:00,2026-08-18T09:52:49.038143+00:00
16,53,Ramsey,2,MID,54,0.9036,1.4358,0.28,0.1584,0.2731,0.0016,1,0,0,0,2026-08-18T09:51:58.857286+00:00,2026-08-18T09:52:49.038143+00:00
16,54,Rogers,2,MID,54,1.8496,2.4699,0.48,0.1144,0.4556,0.0176,1,2,90,1,2026-08-18T09:51:58.857286+00:00,2026-08-18T09:52:49.038143+00:00
16,55,Sinisalo,2,GKP,40,0,0,0.0,0.0,0.0,0,1,0,0,0,2026-08-18T09:51:58.857286+00:00,2026-08-18T09:52:49.038143+00:00
16,56,Sousa,2,DEF,40,0,0,0.0,0.0,0.0,0,1,0,0,0,2026-08-18T09:51:58.857286+00:00,2026-08-18T09:52:49.038143+00:00
16,57,Tielemans,2,MID,55,1.7708,2.1541,0.48,0.1456,0.458,0.0068,1,3,73,1,2026-08-18T09:51:58.857286+00:00,2026-08-18T09:52:49.038143+00:00
16,58,Watkins,2,FWD,90,2.7192,3.3014,0.48,0.1456,0.458,0.0436,1,1,16,0,2026-08-18T09:51:58.857286+00:00,2026-08-18T09:52:49.038143+00:00
16,167,Disasi,2,DEF,42,0.486,1.195,0.1,0.198,0.1088,0.0016,1,0,0,0,2026-08-18T09:51:58.857286+00:00,2026-08-18T09:52:49.038143+00:00
16,233,Onana,2,MID,49,1.5992,1.9668,0.48,0.1144,0.4556,0.0068,1,1,16,0,2026-08-18T09:51:58.857286+00:00,2026-08-18T09:52:49.038143+00:00
16,385,Rashford,2,MID,69,1.732,2.0872,0.48,0.1456,0.458,0.006,1,0,0,0,2026-08-18T09:51:58.857286+00:00,2026-08-18T09:52:49.038143+00:00
16,598,Bogarde,2,DEF,40,0.7532,1.4834,0.22,0.1716,0.2183,0.0008,1,0,0,0,2026-08-18T09:51:58.857286+00:00,2026-08-18T09:52:49.038143+00:00
16,640,Swinkels,2,DEF,40,0,0,0.0,0.0,0.0,0,1,0,0,0,2026-08-18T09:51:58.857286+00:00,2026-08-18T09:52:49.038143+00:00
16,641,Zych,2,GKP,40,0.1576,0.6935,0.04,0.0384,0.0403,0.0,1,0,0,0,2026-08-18T09:51:58.857286+00:00,2026-08-18T09:52:49.038143+00:00
16,656,Young,2,MID,45,0,0,0.0,0.0,0.0,0,1,0,0,0,2026-08-18T09:51:58.857286+00:00,2026-08-18T09:52:49.038143+00:00
16,679,Broggio,2,MID,45,0.4544,0.9074,0.1,0.198,0.1088,0.0004,1,0,0,0,2026-08-18T09:51:58.857286+00:00,2026-08-18T09:52:49.038143+00:00
16,710,Jimoh,2,MID,45,0.4488,0.9032,0.1,0.198,0.1088,0.0004,1,,,,2026-08-18T09:51:58.857286+00:00,
16,725,Malen,2,MID,53,0.7304,1.3048,0.18,0.1804,0.1818,0.0008,1,,,,2026-08-18T09:51:58.857286+00:00,
16,731,A. Garcia,2,DEF,45,0.5224,1.262,0.1,0.198,0.1088,0.0016,1,,,,2026-08-18T09:51:58.857286+00:00,
16,737,Emery,2,MID,8,0.498,1.0159,0.1,0.198,0.1088,0.0004,1,,,,2026-08-18T09:51:58.857286+00:00,
16,762,M.Asensio,2,MID,60,1.4984,1.8498,0.45,0.154,0.4308,0.0048,1,,,,2026-08-18T09:51:58.857286+00:00,
16,59,Aarons,3,DEF,43,0,0,0.0,0.0,0.0,0,1,0,0,0,2026-08-18T09:51:58.857286+00:00,2026-08-18T09:52:49.038143+00:00
16,60,Adams,3,MID,49,0.982,1.5721,0.28,0.1584,0.2731,0.0012,1,1,22,0,2026-08-18T09:51:58.857286+00:00,2026-08-18T09:52:49.038143+00:00
16,61,Anthony,3,MID,45,0,0,0.0,0.0,0.0,0,1,0,0,0,2026-08-18T09:51:58.857286+00:00,2026-08-18T09:52:49.038143+00:00
16,62,Brooks,3,MID,49,0.7412,1.4099,0.18,0.1804,0.1818,0.0016,1,1,22,0,2026-08-18T09:51:58.857286+00:00,2026-08-18T09:52:49.038143+00:00
16,63,Christie,3,MID,49,0,0,0.0,0.0,0.0,0,1,3,90,1,2026-08-18T09:51:58.857286+00:00,2026-08-18T09:52:49.038143+00:00
16,64,Cook,3,MID,50,0,0,0.0,0.0,0.0,0,1,2,90,1,2026-08-18T09:51:58.857286+00:00,2026-08-18T09:52:49.038143+00:00
16,65,Enes Ünal,3,FWD,54,0,0,0.0,0.0,0.0,0,1,8,10,0,2026-08-18T09:51:58.857286+00:00,2026-08-18T09:52:49.038143+00:00
16,66,Faivre,3,MID,50,0,0,0.0,0.0,0.0,0,1,0,0,0,2026-08-18T09:51:58.857286+00:00,2026-08-18T09:52:49.038143+00:00
16,67,H.Traorè,3,MID,45,0,0,0.0,0.0,0.0,0,1,0,0,0,2026-08-18T09:51:58.857286+00:00,2026-08-18T09:52:49.038143+00:00
16,68,Hill,3,DEF,39,0.5592,1.2825,0.1,0.198,0.1088,0.0008,1,0,0,0,2026-08-18T09:51:58.857286+00:00,2026-08-18T09:52:49.038143+00:00
16,69,Jebbison,3,FWD,45,0.4772,0.973,0.1,0.198,0.1088,0.0004,1,0,0,0,2026-08-18T09:51:58.857286+00:00,2026-08-18T09:52:49.038143+00:00
16,70,Kerkez,3,DEF,46,1.8688,2.3702,0.48,0.1144,0.4556,0.0064,1,2,90,1,2026-08-18T09:51:58.857286+00:00,2026-08-18T09:52:49.038143+00:00
16,71,Kluivert,3,MID,55,2.3508,2.9951,0.48,0.1456,0.458,0.0288,1,3,79,1,2026-08-18T09:51:58.857286+00:00,2026-08-18T09:52:49.038143+00:00
16,72,Mepham,3,DEF,44,0,0,0.0,0.0,0.0,0,1,0,0,0,2026-08-18T09:51:58.857286+00:00,2026-08-18T09:52:49.038143+00:00
16,74,O.Dango,3,MID,50,0,0,0.0,0.0,0.0,0,1,2,90,1,2026-08-18T09:51:58.857286+00:00,2026-08-18T09:52:49.038143+00:00
16,75,Paulsen,3,GKP,40,0,0,0.0,0.0,0.0,0,1,0,0,0,2026-08-18T09:51:58.857286+00:00,2026-08-18T09:52:49.038143+00:00
16,76,Philip,3,MID,48,0,0,0.0,0.0,0.0,0,1,1,10,0,2026-08-18T09:51:58.857286+00:00,2026-08-18T09:52:49.038143+00:00
16,77,Scott,3,MID,47,0.6672,1.1748,0.18,0.1804,0.1818,0.0,1,0,0,0,2026-08-18T09:51:58.857286+00:00,2026-08-18T09:52:49.038143+00:00
16,78,Semenyo,3,MID,57,2.132,2.8086,0.48,0.1456,0.458,0.0264,1,3,67,1,2026-08-18T09:51:58.857286+00:00,2026-08-18T09:52:49.038143+00:00
16,79,Senesi,3,DEF,48,1.724,2.4068,0.48,0.1144,0.4556,0.0116,1,0,0,0,2026-08-18T09:51:58.857286+00:00,2026-08-18T09:52:49.038143+00:00
16,80,Sinisterra,3,MID,49,0,0,0.0,0.0,0.0,0,1,0,0,0,2026-08-18T09:51:58.857286+00:00,2026-08-18T09:52:49.038143+00:00
16,81,Smith,3,DEF,45,0.7932,1.6242,0.22,0.1716,0.2183,0.0024,1,6,67,1,2026-08-18T09:51:58.857286+00:00,2026-08-18T09:52:49.038143+00:00
16,83,Tavernier,3,MID,55,2.1292,2.7119,0.48,0.1456,0.458,0.0208,1,0,0,0,2026-08-18T09:51:58.857286+00:00,2026-08-18T09:52:49.038143+00:00
16,84,Travers,3,GKP,44,0,0,0.0,0.0,0.0,0,1,0,0,0,2026-08-18T09:51:58.857286+00:00,2026-08-18T09:52:49.038143+00:00
16,85,Zabarnyi,3,DEF,44,0.8268,1.6337,0.22,0.1716,0.2183,0.0008,1,2,90,1,2026-08-18T09:51:58.857286+00:00,2026-08-18T09:52:49.038143+00:00
16,152,Arrizabalaga,3,GKP,45,3.3408,2.2529,0.9,0.004,0.8373,0.0,1,2,90,1,2026-08-18T09:51:58.857286+00:00,2026-08-18T09:52:49.038143+00:00
16,580,Huijsen,3,DEF,43,0.8804,1.7862,0.22,0.1716,0.2183,0.0036,1,2,90,1,2026-08-18T09:51:58.857286+00:00,2026-08-18T09:52:49.038143+00:00
16,592,J.Araujo,3,DEF,43,0.8512,1.6026,0.22,0.1716,0.2183,0.0008,1,0,0,0,2026-08-18T09:51:58.857286+00:00,2026-08-18T09:52:49.038143+00:00
16,599,Dennis,3,GKP,40,0.1768,0.8091,0.04,0.0384,0.0403,0.0,1,0,0,0,2026-08-18T09:51:58.857286+00:00,2026-08-18T09:52:49.038143+00:00
16,617,Evanilson,3,FWD,61,2.4156,2.8508,0.48,0.1456,0.458,0.028,1,2,79,1,2026-08-18T09:51:58.857286+00:00,2026-08-18T09:52:49.038143+00:00
16,680,Kinsey,3,DEF,40,0.5316,1.3237,0.1,0.198,0.1088,0.0012,1,0,0,0,2026-08-18T09:51:58.857286+00:00,2026-08-18T09:52:49.038143+00:00
16,687,Winterburn,3,MID,45,0.5052,1.0662,0.1,0.198,0.1088,0.0,1,0,0,0,2026-08-18T09:51:58.857286+00:00,2026-08-18T09:52:49.038143+00:00
16,702,Harris,3,DEF,40,0.5428,1.2921,0.1,0.198,0.1088,0.0004,1,,,,2026-08-18T09:51:58.857286+00:00,
16,707,Rees-Dottin,3,FWD,45,0.4028,0.8736,0.1,0.198,0.1088,0.0008,1,,,,2026-08-18T09:51:58.857286+00:00,
16,712,Akinmboni,3,DEF,40,0.5512,1.2557,0.1,0.198,0.1088,0.0004,1,,,,2026-08-18T09:51:58.857286+00:00,
16,713,Soler,3,DEF,39,0.5152,1.2175,0.1,0.198,0.1088,0.0008,1,,,,2026-08-18T09:51:58.857286+00:00,
16,722,Adu-Adjei,3,FWD,45,0.4704,0.9307,0.1,0.198,0.1088,0.0,1,,,,2026-08-18T09:51:58.857286+00:00,
16,723,Sadi,3,MID,45,0.4756,1.0033,0.1,0.198,0.1088,0.0004,1,,,,2026-08-18T09:51:58.857286+00:00,
16,727,McKenna,3,GKP,40,0.1932,0.8599,0.04,0.0384,0.0403,0.0,1,,,,2026-08-18T09:51:58.857286+00:00,
16,728,Silcott-Duberry,3,MID,45,0.4676,0.9743,0.1,0.198,0.1088,0.0004,1,,,,2026-08-18T09:51:58.857286+00:00,
16,738,Iraola,3,MID,11,0.4796,0.9832,0.1,0.198,0.1088,0.0,1,,,,2026-08-18T09:51:58.857286+00:00,
16,86,Ajer,4,DEF,44,0.6416,1.2672,0.22,0.1716,0.2183,0.0004,1,1,14,0,2026-08-18T09:51:58.857286+00:00,2026-08-18T09:52:49.038143+00:00
16,87,Brierley,4,MID,45,0.4472,0.915,0.1,0.198,0.1088,0.0,1,0,0,0,2026-08-18T09:51:58.857286+00:00,2026-08-18T09:52:49.038143+00:00
16,88,Collins,4,DEF,45,0.8568,1.7794,0.22,0.1716,0.2183,0.0032,1,1,90,1,2026-08-18T09:51:58.857286+00:00,2026-08-18T09:52:49.038143+00:00
16,89,Damsgaard,4,MID,50,1.8324,2.2011,0.48,0.1144,0.4556,0.0064,1,2,62,1,2026-08-18T09:51:58.857286+00:00,2026-08-18T09:52:49.038143+00:00
16,90,Dasilva,4,MID,48,0,0,0.0,0.0,0.0,0,1,0,0,0,2026-08-18T09:51:58.857286+00:00,2026-08-18T09:52:49.038143+00:00
16,91,Flekken,4,GKP,45,3.4136,2.2618,0.9,0.004,0.8373,0.0024,1,3,90,1,2026-08-18T09:51:58.857286+00:00,2026-08-18T09:52:49.038143+00:00
16,92,Henry,4,DEF,43,0.7412,1.4474,0.22,0.1716,0.2183,0.0016,1,0,0,0,2026-08-18T09:51:58.857286+00:00,2026-08-18T09:52:49.038143+00:00
16,93,Hickey,4,DEF,43,0.646,1.326,0.22,0.1716,0.2183,0.0008,1,0,0,0,2026-08-18T09:51:58.857286+00:00,2026-08-18T09:52:49.038143+00:00
16,94,Janelt,4,MID,49,0,0,0.0,0.0,0.0,0,1,0,27,0,2026-08-18T09:51:58.857286+00:00,2026-08-18T09:52:49.038143+00:00
16,95,Jensen,4,MID,53,0.9412,1.4654,0.28,0.1584,0.2731,0.0,1,0,0,0,2026-08-18T09:51:58.857286+00:00,2026-08-18T09:52:49.038143+00:00
16,96,Ji-soo,4,DEF,39,0.444,1.0366,0.1,0.198,0.1088,0.0,1,0,0,0,2026-08-18T09:51:58.857286+00:00,2026-08-18T09:52:49.038143+00:00
16,97,Konak,4,MID,45,0.436,0.9169,0.1,0.198,0.1088,0.0004,1,0,0,0,2026-08-18T09:51:58.857286+00:00,2026-08-18T09:52:49.038143+00:00
16,98,Lewis-Potter,4,MID,50,1.3884,1.6734,0.48,0.1144,0.4556,0.0024,1,2,85,1,2026-08-18T09:51:58.857286+00:00,2026-08-18T09:52:49.038143+00:00
16,99,Mbeumo,4,MID,76,2.41,2.978,0.48,0.1456,0.458,0.0324,1,9,90,1,2026-08-18T09:51:58.857286+00:00,2026-08-18T09:52:49.038143+00:00
16,100,Mee,4,DEF,42,0.4872,1.1081,0.1,0.198,0.1088,0.0004,1,0,0,0,2026-08-18T09:51:58.857286+00:00,2026-08-18T09:52:49.038143+00:00
16,101,Nørgaard,4,MID,48,1.3104,1.5791,0.48,0.1144,0.4556,0.0004,1,2,90,1,2026-08-18T09:51:58.857286+00:00,2026-08-18T09:52:49.038143+00:00
16,102,Onyeka,4,MID,49,0,0,0.0,0.0,0.0,0,1,0,0,0,2026-08-18T09:51:58.857286+00:00,2026-08-18T09:52:49.038143+00:00
16,103,Peart-Harris,4,MID,45,0,0,0.0,0.0,0.0,0,1,0,0,0,2026-08-18T09:51:58.857286+00:00,2026-08-18T09:52:49.038143+00:00
16,104,Pinnock,4,DEF,45,0.7552,1.5042,0.22,0.1716,0.2183,0.002,1,1,90,1,2026-08-18T09:51:58.857286+00:00,2026-08-18T09:52:49.038143+00:00
16,105,Roerslev,4,DEF,43,0,0,0.0,0.0,0.0,0,1,2,75,1,2026-08-18T09:51:58.857286+00:00,2026-08-18T09:52:49.038143+00:00
16,106,Schade,4,MID,51,1.1336,1.9478,0.28,0.1584,0.2731,0.0048,1,3,14,0,2026-08-18T09:51:58.857286+00:00,2026-08-18T09:52:49.038143+00:00
16,107,Thiago,4,FWD,59,1.2884,1.5571,0.45,0.154,0.4308,0.0032,1,0,0,0,2026-08-18T09:51:58.857286+00:00,2026-08-18T09:52:49.038143+00:00
16,108,Toney,4,FWD,73,0,0,0.0,0.0,0.0,0,1,0,0,0,2026-08-18T09:51:58.857286+00:00,2026-08-18T09:52:49.038143+00:00
16,109,Valdimarsson,4,GKP,39,0.1516,0.6567,0.04,0.0384,0.0403,0.0,1,0,0,0,2026-08-18T09:51:58.857286+00:00,2026-08-18T09:52:49.038143+00:00
16,110,Wissa,4,FWD,62,2.2872,2.7145,0.48,0.1456,0.458,0.0184,1,2,75,1,2026-08-18T09:51:58.857286+00:00,2026-08-18T09:52:49.038143+00:00
16,111,Yarmoliuk,4,MID,44,0.844,1.2408,0.28,0.1584,0.2731,0.0,1,2,74,1,2026-08-18T09:51:58.857286+00:00,2026-08-18T09:52:49.038143+00:00
16,112,Zanka,4,DEF,45,0,0,0.0,0.0,0.0,0,1,0,0,0,2026-08-18T09:51:58.857286+00:00,2026-08-18T09:52:49.038143+00:00
16,314,Carvalho,4,MID,47,0,0,0.0,0.0,0.0,0,1,1,15,0,2026-08-18T09:51:58.857286+00:00,2026-08-18T09:52:49.038143+00:00
16,338,Van den Berg,4,DEF,41,0.7804,1.5272,0.22,0.1716,0.2183,0.0016,1,1,90,1,2026-08-18T09:51:58.857286+00:00,2026-08-18T09:52:49.038143+00:00
16,602,Trevitt,4,MID,45,0,0,0.0,0.0,0.0,0,1,0,0,0,2026-08-18T09:51:58.857286+00:00,2026-08-18T09:52:49.038143+00:00
16,634,G.Nunes,4,MID,49,0.6976,1.3052,0.18,0.1804,0.1818,0.0016,1,0,0,0,2026-08-18T09:51:58.857286+00:00,2026-08-18T09:52:49.038143+00:00
16,649,Meghoma,4,DEF,40,0,0,0.0,0.0,0.0,0,1,1,4,0,2026-08-18T09:51:58.857286+00:00,2026-08-18T09:52:49.038143+00:00
16,661,Yogane,4,MID,45,0,0,0.0,0.0,0.0,0,1,0,0,0,2026-08-18T09:51:58.857286+00:00,2026-08-18T09:52:49.038143+00:00
16,674,Maghoma,4,MID,45,0.5128,0.9756,0.1,0.198,0.1088,0.0,1,0,0,0,2026-08-18T09:51:58.857286+00:00,2026-08-18T09:52:49.038143+00:00
16,705,Arthur,4,DEF,40,0.4716,1.0564,0.1,0.198,0.1088,0.0,1,,,,2026-08-18T09:51:58.857286+00:00,
16,752,Frank,4,MID,8,0.45,0.8916,0.1,0.198,0.1088,0.0,1,,,,2026-08-18T09:51:58.857286+00:00,
16,757,Kayode,4,DEF,45,0.478,1.1191,0.1,0.198,0.1088,0.0,1,,,,2026-08-18T09:51:58.857286+00:00,
16,759,Eyestone,4,GKP,40,0.1828,0.8105,0.04,0.0384,0.0403,0.0,1,,,,2026-08-18T09:51:58.857286+00:00,
16,780,Morgan,4,FWD,45,0.4916,0.9633,0.1,0.198,0.1088,0.0004,1,,,,2026-08-18T09:51:58.857286+00:00,
16,786,Benjamin Fredrick,4,DEF,40,0.4484,1.0818,0.1,0.198,0.1088,0.0008,1,,,,2026-08-18T09:51:58.857286+00:00,
16,113,Adingra,5,MID,52,1.0732,1.7542,0.28,0.1584,0.2731,0.0024,1,1,18,0,2026-08-18T09:51:58.857286+00:00,2026-08-18T09:52:49.038143+00:00
16,114,Baker-Boaitey,5,MID,45,0,0,0.0,0.0,0.0,0,1,0,0,0,2026-08-18T09:51:58.857286+00:00,2026-08-18T09:52:49.038143+00:00
16,115,Baleba,5,MID,50,1.6244,1.9162,0.48,0.1144,0.4556,0.0036,1,2,87,1,2026-08-18T09:51:58.857286+00:00,2026-08-18T09:52:49.038143+00:00
16,116,Barco,5,DEF,40,0,0,0.0,0.0,0.0,0,1,0,0,0,2026-08-18T09:51:58.857286+00:00,2026-08-18T09:52:49.038143+00:00
16,118,Cozier-Duberry,5,MID,45,0,0,0.0,0.0,0.0,0,1,0,0,0,2026-08-18T09:51:58.857286+00:00,2026-08-18T09:52:49.038143+00:00
16,119,Dahoud,5,MID,49,0,0,0.0,0.0,0.0,0,1,0,0,0,2026-08-18T09:51:58.857286+00:00,2026-08-18T09:52:49.038143+00:00
16,120,Dunk,5,DEF,44,0.8364,1.6266,0.22,0.1716,0.2183,0.0016,1,0,90,1,2026-08-18T09:51:58.857286+00:00,2026-08-18T09:52:49.038143+00:00
16,122,Estupiñan,5,DEF,51,1.8668,2.5332,0.48,0.1144,0.4556,0.0136,1,1,90,1,2026-08-18T09:51:58.857286+00:00,2026-08-18T09:52:49.038143+00:00
16,124,Gilmour,5,MID,50,0,0,0.0,0.0,0.0,0,1,0,0,0,2026-08-18T09:51:58.857286+00:00,2026-08-18T09:52:49.038143+00:00
16,125,Gross,5,MID,65,0,0,0.0,0.0,0.0,0,1,0,0,0,2026-08-18T09:51:58.857286+00:00,2026-08-18T09:52:49.038143+00:00
16,126,Hinshelwood,5,MID,50,1.5556,1.886,0.48,0.1144,0.4556,0.0028,1,0,0,0,2026-08-18T09:51:58.857286+00:00,2026-08-18T09:52:49.038143+00:00
16,127,I.Osman,5,MID,50,0,0,0.0,0.0,0.0,0,1,0,0,0,2026-08-18T09:51:58.857286+00:00,2026-08-18T09:52:49.038143+00:00
16,128,Igor,5,DEF,44,0.762,1.5722,0.22,0.1716,0.2183,0.002,1,0,0,0,2026-08-18T09:51:58.857286+00:00,2026-08-18T09:52:49.038143+00:00
16,129,João Pedro,5,FWD,59,1.5268,2.3123,0.28,0.2016,0.2765,0.016,1,2,90,1,2026-08-18T09:51:58.857286+00:00,2026-08-18T09:52:49.038143+00:00
16,130,Kozlowski,5,MID,45,0,0,0.0,0.0,0.0,0,1,0,0,0,2026-08-18T09:51:58.857286+00:00,2026-08-18T09:52:49.038143+00:00
16,131,Lamptey,5,DEF,44,0.3892,0.9544,0.05,0.209,0.0632,0.0,1,0,45,1,2026-08-18T09:51:58.857286+00:00,2026-08-18T09:52:49.038143+00:00
16,132,March,5,MID,65,0,0,0.0,0.0,0.0,0,1,0,0,0,2026-08-18T09:51:58.857286+00:00,2026-08-18T09:52:49.038143+00:00
16,133,Mazilu,5,MID,45,0,0,0.0,0.0,0.0,0,1,0,0,0,2026-08-18T09:51:58.857286+00:00,2026-08-18T09:52:49.038143+00:00
16,134,Milner,5,MID,50,0.964,1.5447,0.28,0.1584,0.2731,0.002,1,0,0,0,2026-08-18T09:51:58.857286+00:00,2026-08-18T09:52:49.038143+00:00
16,135,Minteh,5,MID,51,1.0512,1.7698,0.28,0.1584,0.2731,0.0032,1,2,71,1,2026-08-18T09:51:58.857286+00:00,2026-08-18T09:52:49.038143+00:00
16,136,Mitoma,5,MID,66,2.2584,2.7603,0.48,0.1456,0.458,0.024,1,2,90,1,2026-08-18T09:51:58.857286+00:00,2026-08-18T09:52:49.038143+00:00
16,137,Moder,5,MID,44,0,0,0.0,0.0,0.0,0,1,0,0,0,2026-08-18T09:51:58.857286+00:00,2026-08-18T09:52:49.038143+00:00
16,138,O’Mahony,5,FWD,45,0,0,0.0,0.0,0.0,0,1,0,0,0,2026-08-18T09:51:58.857286+00:00,2026-08-18T09:52:49.038143+00:00
16,139,Offiah,5,DEF,40,0,0,0.0,0.0,0.0,0,1,0,0,0,2026-08-18T09:51:58.857286+00:00,2026-08-18T09:52:49.038143+00:00
16,140,Peupion,5,MID,44,0,0,0.0,0.0,0.0,0,1,0,0,0,2026-08-18T09:51:58.857286+00:00,2026-08-18T09:52:49.038143+00:00
16,141,Sarmiento,5,MID,49,0,0,0.0,0.0,0.0,0,1,0,0,0,2026-08-18T09:51:58.857286+00:00,2026-08-18T09:52:49.038143+00:00
16,142,Steele,5,GKP,42,0.0752,0.4336,0.02,0.0392,0.0217,0.0,1,0,0,0,2026-08-18T09:51:58.857286+00:00,2026-08-18T09:52:49.038143+00:00
16,143,Undav,5,FWD,55,0,0,0.0,0.0,0.0,0,1,0,0,0,2026-08-18T09:51:58.857286+00:00,2026-08-18T09:52:49.038143+00:00
16,144,Van Hecke,5,DEF,45,0.8796,1.7618,0.22,0.1716,0.2183,0.0032,1,1,90,1,2026-08-18T09:51:58.857286+00:00,2026-08-18T09:52:49.038143+00:00
16,145,Veltman,5,DEF,45,0.9844,1.853,0.22,0.1716,0.2183,0.0044,1,0,0,0,2026-08-18T09:51:58.857286+00:00,2026-08-18T09:52:49.038143+00:00
16,146,Verbruggen,5,GKP,45,3.2252,2.2419,0.9,0.004,0.8373,0.0008,1,1,90,1,2026-08-18T09:51:58.857286+00:00,2026-08-18T09:52:49.038143+00:00
16,147,Webster,5,DEF,43,0.4892,1.1943,0.1,0.198,0.1088,0.0004,1,0,0,0,2026-08-18T09:51:58.857286+00:00,2026-08-18T09:52:49.038143+00:00
16,148,Welbeck,5,FWD,58,2.3496,2.8157,0.48,0.1456,0.458,0.0284,1,0,0,0,2026-08-18T09:51:58.857286+00:00,2026-08-18T09:52:49.038143+00:00
16,149,Wieffer,5,MID,47,0.9712,1.4455,0.28,0.1584,0.2731,0.0008,1,1,2,0,2026-08-18T09:51:58.857286+00:00,2026-08-18T09:52:49.038143+00:00
16,595,Gruda,5,MID,54,0.7516,1.4152,0.18,0.1804,0.1818,0.0012,1,1,18,0,2026-08-18T09:51:58.857286+00:00,2026-08-18T09:52:49.038143+00:00
16,600,Ayari,5,MID,50,1.4032,1.7173,0.48,0.1144,0.4556,0.0036,1,2,71,1,2026-08-18T09:51:58.857286+00:00,2026-08-18T09:52:49.038143+00:00
16,601,Moran,5,MID,50,0,0,0.0,0.0,0.0,0,1,0,0,0,2026-08-18T09:51:58.857286+00:00,2026-08-18T09:52:49.038143+00:00
16,615,Rushworth,5,GKP,40,0.1896,0.8665,0.04,0.0384,0.0403,0.0,1,0,0,0,2026-08-18T09:51:58.857286+00:00,2026-08-18T09:52:49.038143+00:00
16,618,Georginio,5,MID,56,0,0,0.0,0.0,0.0,0,1,2,71,1,2026-08-18T09:51:58.857286+00:00,2026-08-18T09:52:49.038143+00:00
16,628,F.Kadıoğlu,5,DEF,45,0,0,0.0,0.0,0.0,0,1,0,0,0,2026-08-18T09:51:58.857286+00:00,2026-08-18T09:52:49.038143+00:00
16,629,O'Riley,5,MID,55,1.7088,2.1968,0.45,0.154,0.4308,0.01,1,0,0,0,2026-08-18T09:51:58.857286+00:00,2026-08-18T09:52:49.038143+00:00
16,663,Samuels,5,DEF,40,0,0,0.0,0.0,0.0,0,1,0,0,0,2026-08-18T09:51:58.857286+00:00,2026-08-18T09:52:49.038143+00:00
16,668,Cahill,5,GKP,39,0.15,0.7108,0.04,0.0384,0.0403,0.0,1,0,0,0,2026-08-18T09:51:58.857286+00:00,2026-08-18T09:52:49.038143+00:00
16,681,McConville,5,DEF,40,0,0,0.0,0.0,0.0,0,1,0,0,0,2026-08-18T09:51:58.857286+00:00,2026-08-18T09:52:49.038143+00:00
16,685,Slater,5,DEF,40,0.5724,1.3478,0.1,0.198,0.1088,0.0012,1,0,0,0,2026-08-18T09:51:58.857286+00:00,2026-08-18T09:52:49.038143+00:00
16,714,Gómez,5,MID,55,1.5512,1.8821,0.45,0.154,0.4308,0.0036,1,,,,2026-08-18T09:51:58.857286+00:00,
16,739,Hürzeler,5,MID,11,0.4536,0.9509,0.1,0.198,0.1088,0.0,1,,,,2026-08-18T09:51:58.857286+00:00,
16,758,Knight,5,MID,45,0.4972,0.9936,0.1,0.198,0.1088,0.0,1,,,,2026-08-18T09:51:58.857286+00:00,
16,763,Cashin,5,DEF,45,0.5512,1.2887,0.1,0.198,0.1088,0.0012,1,,,,2026-08-18T09:51:58.857286+00:00,
16,791,Charlie Tasker,5,DEF,40,0.5632,1.3492,0.1,0.198,0.1088,0.0016,1,,,,2026-08-18T09:51:58.857286+00:00,
16,794,Freddie Simmonds,5,DEF,40,0.5316,1.2509,0.1,0.198,0.1088,0.0008,1,,,,2026-08-18T09:51:58.857286+00:00,
16,795,Harry Howell,5,MID,45,0.4904,1.0357,0.1,0.198,0.1088,0.0012,1,,,,2026-08-18T09:51:58.857286+00:00,
16,150,Andrey Santos,6,MID,45,0,0,0.0,0.0,0.0,0,1,0,0,0,2026-08-18T09:51:58.857286+00:00,2026-08-18T09:52:49.038143+00:00
16,151,Ângelo,6,MID,45,0,0,0.0,0.0,0.0,0,1,0,0,0,2026-08-18T09:51:58.857286+00:00,2026-08-18T09:52:49.038143+00:00
16,153,B.Badiashile,6,DEF,43,0.5092,1.2027,0.1,0.198,0.1088,0.0008,1,0,0,0,2026-08-18T09:51:58.857286+00:00,2026-08-18T09:52:49.038143+00:00
16,154,Bergström,6,GKP,40,0.1844,0.8609,0.04,0.0384,0.0403,0.0004,1,0,0,0,2026-08-18T09:51:58.857286+00:00,2026-08-18T09:52:49.038143+00:00
16,155,Bettinelli,6,GKP,39,0.1744,0.7997,0.04,0.0384,0.0403,0.0,1,0,0,0,2026-08-18T09:51:58.857286+00:00,2026-08-18T09:52:49.038143+00:00
16,157,Caicedo,6,MID,49,1.3984,1.6635,0.48,0.1144,0.4556,0.0016,1,2,90,1,2026-08-18T09:51:58.857286+00:00,2026-08-18T09:52:49.038143+00:00
16,158,Casadei,6,MID,44,0,0,0.0,0.0,0.0,0,1,0,0,0,2026-08-18T09:51:58.857286+00:00,2026-08-18T09:52:49.038143+00:00
16,159,Chalobah,6,DEF,44,0.9508,1.8065,0.22,0.1716,0.2183,0.004,1,9,90,1,2026-08-18T09:51:58.857286+00:00,2026-08-18T09:52:49.038143+00:00
16,161,Chukwuemeka,6,MID,48,0,0,0.0,0.0,0.0,0,1,0,0,0,2026-08-18T09:51:58.857286+00:00,2026-08-18T09:52:49.038143+00:00
16,162,Colwill,6,DEF,45,0.8604,1.7458,0.22,0.1716,0.2183,0.0048,1,2,90,1,2026-08-18T09:51:58.857286+00:00,2026-08-18T09:52:49.038143+00:00
16,163,Cucurella,6,DEF,51,1.5956,2.1782,0.48,0.1144,0.4556,0.0044,1,5,90,1,2026-08-18T09:51:58.857286+00:00,2026-08-18T09:52:49.038143+00:00
16,164,D.D.Fofana,6,FWD,54,0,0,0.0,0.0,0.0,0,1,0,0,0,2026-08-18T09:51:58.857286+00:00,2026-08-18T09:52:49.038143+00:00
16,165,Deivid,6,FWD,49,0,0,0.0,0.0,0.0,0,1,0,0,0,2026-08-18T09:51:58.857286+00:00,2026-08-18T09:52:49.038143+00:00
16,166,Dewsbury-Hall,6,MID,56,1.5092,1.9001,0.45,0.154,0.4308,0.0056,1,0,0,0,2026-08-18T09:51:58.857286+00:00,2026-08-18T09:52:49.038143+00:00
16,168,Enzo,6,MID,50,1.9032,2.3389,0.48,0.1144,0.4556,0.0124,1,5,90,1,2026-08-18T09:51:58.857286+00:00,2026-08-18T09:52:49.038143+00:00
16,169,Gallagher,6,MID,59,0,0,0.0,0.0,0.0,0,1,0,0,0,2026-08-18T09:51:58.857286+00:00,2026-08-18T09:52:49.038143+00:00
16,170,Gilchrist,6,DEF,40,0,0,0.0,0.0,0.0,0,1,0,0,0,2026-08-18T09:51:58.857286+00:00,2026-08-18T09:52:49.038143+00:00
16,171,Gusto,6,DEF,49,1.7772,2.3843,0.48,0.1144,0.4556,0.0104,1,2,90,1,2026-08-18T09:51:58.857286+00:00,2026-08-18T09:52:49.038143+00:00
16,172,James,6,DEF,48,1.0648,1.8525,0.28,0.1584,0.2731,0.0024,1,0,0,0,2026-08-18T09:51:58.857286+00:00,2026-08-18T09:52:49.038143+00:00
16,173,Kellyman,6,MID,44,0,0,0.0,0.0,0.0,0,1,0,0,0,2026-08-18T09:51:58.857286+00:00,2026-08-18T09:52:49.038143+00:00
16,174,Lavia,6,MID,45,0.8228,1.2461,0.28,0.1584,0.2731,0.0004,1,0,0,0,2026-08-18T09:51:58.857286+00:00,2026-08-18T09:52:49.038143+00:00
16,175,Lukaku,6,FWD,63,0,0,0.0,0.0,0.0,0,1,0,0,0,2026-08-18T09:51:58.857286+00:00,2026-08-18T09:52:49.038143+00:00
16,176,M.Sarr,6,DEF,45,0,0,0.0,0.0,0.0,0,1,0,0,0,2026-08-18T09:51:58.857286+00:00,2026-08-18T09:52:49.038143+00:00
16,177,Madueke,6,MID,63,2.456,3.078,0.48,0.1456,0.458,0.0348,1,6,90,1,2026-08-18T09:51:58.857286+00:00,2026-08-18T09:52:49.038143+00:00
16,178,Marc Guiu,6,FWD,47,0.6464,1.1732,0.18,0.1804,0.1818,0.0012,1,0,0,0,2026-08-18T09:51:58.857286+00:00,2026-08-18T09:52:49.038143+00:00
16,179,Mudryk,6,MID,62,0,0,0.0,0.0,0.0,0,1,0,0,0,2026-08-18T09:51:58.857286+00:00,2026-08-18T09:52:49.038143+00:00
16,180,N.Jackson,6,FWD,82,0,0,0.0,0.0,0.0,0,1,9,82,1,2026-08-18T09:51:58.857286+00:00,2026-08-18T09:52:49.038143+00:00
16,181,Nkunku,6,MID,58,1.8932,2.5626,0.45,0.154,0.4308,0.0196,1,1,7,0,2026-08-18T09:51:58.857286+00:00,2026-08-18T09:52:49.038143+00:00
16,182,Palmer,6,MID,111,3.5472,4.4647,0.48,0.1456,0.458,0.112,1,3,90,1,2026-08-18T09:51:58.857286+00:00,2026-08-18T09:52:49.038143+00:00
16,183,Petrović,6,GKP,44,0,0,0.0,0.0,0.0,0,1,0,0,0,2026-08-18T09:51:58.857286+00:00,2026-08-18T09:52:49.038143+00:00
16,184,Renato Veiga,6,MID,45,0,0,0.0,0.0,0.0,0,1,0,0,0,2026-08-18T09:51:58.857286+00:00,2026-08-18T09:52:49.038143+00:00
16,185,Sánchez,6,GKP,48,3.3236,2.2963,0.9,0.008,0.8376,0.002,1,3,90,1,2026-08-18T09:51:58.857286+00:00,2026-08-18T09:52:49.038143+00:00
16,187,Tosin,6,DEF,42,0.7924,1.6201,0.22,0.1716,0.2183,0.002,1,2,90,1,2026-08-18T09:51:58.857286+00:00,2026-08-18T09:52:49.038143+00:00
16,189,W.Fofana,6,DEF,44,0,0,0.0,0.0,0.0,0,1,0,0,0,2026-08-18T09:51:58.857286+00:00,2026-08-18T09:52:49.038143+00:00
16,386,Sancho,6,MID,62,1.2296,1.9728,0.28,0.2016,0.2765,0.006,1,2,90,1,2026-08-18T09:51:58.857286+00:00,2026-08-18T09:52:49.038143+00:00
16,560,Neto,6,MID,62,1.166,1.9001,0.28,0.2016,0.2765,0.0064,1,0,0,0,2026-08-18T09:51:58.857286+00:00,2026-08-18T09:52:49.038143+00:00
16,575,Wiley,6,DEF,40,0,0,0.0,0.0,0.0,0,1,0,0,0,2026-08-18T09:51:58.857286+00:00,2026-08-18T09:52:49.038143+00:00
16,581,Jørgensen,6,GKP,42,0.1724,0.8142,0.04,0.0384,0.0403,0.0,1,0,0,0,2026-08-18T09:51:58.857286+00:00,2026-08-18T09:52:49.038143+00:00
16,621,João Félix,6,MID,60,0,0,0.0,0.0,0.0,0,1,0,0,0,2026-08-18T09:51:58.857286+00:00,2026-08-18T09:52:49.038143+00:00
16,695,Rak-Sakyi,6,MID,45,0.5128,1.0095,0.1,0.198,0.1088,0.0,1,0,0,0,2026-08-18T09:51:58.857286+00:00,2026-08-18T09:52:49.038143+00:00
16,696,George,6,MID,45,0.4988,1.006,0.1,0.198,0.1088,0.0004,1,0,0,0,2026-08-18T09:51:58.857286+00:00,2026-08-18T09:52:49.038143+00:00
16,697,Acheampong,6,DEF,40,0.56,1.329,0.1,0.198,0.1088,0.0012,1,0,0,0,2026-08-18T09:51:58.857286+00:00,2026-08-18T09:52:49.038143+00:00
16,740,Maresca,6,MID,15,0.4776,0.9606,0.1,0.198,0.1088,0.0,1,,,,2026-08-18T09:51:58.857286+00:00,
16,771,Amougou,6,MID,45,0.5188,1.0961,0.1,0.198,0.1088,0.0004,1,,,,2026-08-18T09:51:58.857286+00:00,
16,774,Anselmino,6,DEF,40,0.5188,1.2649,0.1,0.198,0.1088,0.0008,1,,,,2026-08-18T09:51:58.857286+00:00,
16,781,Mheuka,6,FWD,45,0.4436,0.8975,0.1,0.198,0.1088,0.0,1,,,,2026-08-18T09:51:58.857286+00:00,
16,782,Samuels-Smith,6,DEF,40,0.5204,1.2595,0.1,0.198,0.1088,0.0004,1,,,,2026-08-18T09:51:58.857286+00:00,
16,787,Genesis Antwi,6,DEF,40,0.5112,1.2681,0.1,0.198,0.1088,0.0008,1,,,,2026-08-18T09:51:58.857286+00:00,
16,11,Nketiah,7,FWD,59,0.8756,1.4503,0.28,0.2016,0.2765,0.002,1,4,30,0,2026-08-18T09:51:58.857286+00:00,2026-08-18T09:52:49.038143+00:00
16,160,Chilwell,7,DEF,47,0.818,1.6946,0.24,0.1672,0.2366,0.0024,1,0,0,0,2026-08-18T09:51:58.857286+00:00,2026-08-18T09:52:49.038143+00:00
16,190,Ahamada,7,MID,45,0,0,0.0,0.0,0.0,0,1,0,0,0,2026-08-18T09:51:58.857286+00:00,2026-08-18T09:52:49.038143+00:00
16,193,C.Doucouré,7,MID,49,0,0,0.0,0.0,0.0,0,1,1,5,0,2026-08-18T09:51:58.857286+00:00,2026-08-18T09:52:49.038143+00:00
16,194,C.Richards,7,DEF,44,0.7284,1.4284,0.22,0.1716,0.2183,0.0004,1,0,0,0,2026-08-18T09:51:58.857286+00:00,2026-08-18T09:52:49.038143+00:00
16,195,Chadi Riad,7,DEF,43,0,0,0.0,0.0,0.0,0,1,0,0,0,2026-08-18T09:51:58.857286+00:00,2026-08-18T09:52:49.038143+00:00
16,196,Clyne,7,DEF,43,0.4472,1.0375,0.11,0.1958,0.118,0.0004,1,1,5,0,2026-08-18T09:51:58.857286+00:00,2026-08-18T09:52:49.038143+00:00
16,197,Ebiowei,7,MID,45,0,0,0.0,0.0,0.0,0,1,0,0,0,2026-08-18T09:51:58.857286+00:00,2026-08-18T09:52:49.038143+00:00
16,199,Eze,7,MID,66,2.0652,2.5635,0.48,0.1456,0.458,0.0172,1,1,59,1,2026-08-18T09:51:58.857286+00:00,2026-08-18T09:52:49.038143+00:00
16,200,Guéhi,7,DEF,45,0,0,0.0,0.0,0.0,0,1,-1,90,1,2026-08-18T09:51:58.857286+00:00,2026-08-18T09:52:49.038143+00:00
16,201,Henderson,7,GKP,44,2.9956,2.1273,0.9,0.004,0.8373,0.0008,1,2,90,1,2026-08-18T09:51:58.857286+00:00,2026-08-18T09:52:49.038143+00:00
16,202,Holding,7,DEF,43,0,0,0.0,0.0,0.0,0,1,0,0,0,2026-08-18T09:51:58.857286+00:00,2026-08-18T09:52:49.038143+00:00
16,203,Hughes,7,MID,49,1.3568,1.6631,0.48,0.1144,0.4556,0.0024,1,3,84,1,2026-08-18T09:51:58.857286+00:00,2026-08-18T09:52:49.038143+00:00
16,205,Kamada,7,MID,51,0.8464,1.2631,0.28,0.1584,0.2731,0.0012,1,1,30,0,2026-08-18T09:51:58.857286+00:00,2026-08-18T09:52:49.038143+00:00
16,206,Lerma,7,MID,48,0.7944,1.2033,0.28,0.1584,0.2731,0.0004,1,2,90,1,2026-08-18T09:51:58.857286+00:00,2026-08-18T09:52:49.038143+00:00
16,207,Mateta,7,FWD,72,2.048,2.4815,0.48,0.1456,0.458,0.018,1,1,59,1,2026-08-18T09:51:58.857286+00:00,2026-08-18T09:52:49.038143+00:00
16,208,M.França,7,MID,44,0.4408,0.9031,0.1,0.198,0.1088,0.0,1,0,0,0,2026-08-18T09:51:58.857286+00:00,2026-08-18T09:52:49.038143+00:00
16,209,Matthews,7,GKP,40,0.1376,0.6083,0.04,0.0384,0.0403,0.0,1,0,0,0,2026-08-18T09:51:58.857286+00:00,2026-08-18T09:52:49.038143+00:00
16,210,Mitchell,7,DEF,48,1.3616,1.9144,0.48,0.1144,0.4556,0.002,1,11,84,1,2026-08-18T09:51:58.857286+00:00,2026-08-18T09:52:49.038143+00:00
16,211,Muñoz,7,DEF,47,1.628,2.503,0.48,0.1144,0.4556,0.0168,1,1,90,1,2026-08-18T09:51:58.857286+00:00,2026-08-18T09:52:49.038143+00:00
16,212,Ozoh,7,MID,45,0,0,0.0,0.0,0.0,0,1,0,0,0,2026-08-18T09:51:58.857286+00:00,2026-08-18T09:52:49.038143+00:00
16,213,Rak-Sakyi,7,MID,45,0,0,0.0,0.0,0.0,0,1,0,0,0,2026-08-18T09:51:58.857286+00:00,2026-08-18T09:52:49.038143+00:00
16,214,Schlupp,7,MID,47,0,0,0.0,0.0,0.0,0,1,0,0,0,2026-08-18T09:51:58.857286+00:00,2026-08-18T09:52:49.038143+00:00
16,215,Ward,7,DEF,43,0.664,1.4113,0.22,0.1404,0.2158,0.0008,1,0,0,0,2026-08-18T09:51:58.857286+00:00,2026-08-18T09:52:49.038143+00:00
16,216,Wharton,7,MID,47,0,0,0.0,0.0,0.0,0,1,0,0,0,2026-08-18T09:51:58.857286+00:00,2026-08-18T09:52:49.038143+00:00
16,445,Turner,7,GKP,40,0.1344,0.6564,0.04,0.0384,0.0403,0.0,1,0,0,0,2026-08-18T09:51:58.857286+00:00,2026-08-18T09:52:49.038143+00:00
16,585,I.Sarr,7,MID,57,1.9036,2.3203,0.48,0.1456,0.458,0.0124,1,17,90,1,2026-08-18T09:51:58.857286+00:00,2026-08-18T09:52:49.038143+00:00
16,644,Umeh-Chibueze,7,MID,44,0.4736,0.9449,0.1,0.198,0.1088,0.0,1,0,0,0,2026-08-18T09:51:58.857286+00:00,2026-08-18T09:52:49.038143+00:00
16,645,Devenny,7,MID,45,0.4344,0.8595,0.1,0.198,0.1088,0.0,1,1,1,0,2026-08-18T09:51:58.857286+00:00,2026-08-18T09:52:49.038143+00:00
16,646,Agbinone,7,MID,45,0,0,0.0,0.0,0.0,0,1,0,0,0,2026-08-18T09:51:58.857286+00:00,2026-08-18T09:52:49.038143+00:00
16,647,Rodney,7,MID,45,0.4404,0.915,0.1,0.198,0.1088,0.0,1,0,0,0,2026-08-18T09:51:58.857286+00:00,2026-08-18T09:52:49.038143+00:00
16,650,Lacroix,7,DEF,45,0.8448,1.724,0.22,0.1716,0.2183,0.0036,1,2,90,1,2026-08-18T09:51:58.857286+00:00,2026-08-18T09:52:49.038143+00:00
16,666,Kporha,7,DEF,40,0.4896,1.1005,0.1,0.198,0.1088,0.0,1,0,0,0,2026-08-18T09:51:58.857286+00:00,2026-08-18T09:52:49.038143+00:00
16,676,Marsh,7,FWD,45,0.4512,0.9082,0.1,0.198,0.1088,0.0008,1,0,0,0,2026-08-18T09:51:58.857286+00:00,2026-08-18T09:52:49.038143+00:00
16,730,Esse,7,MID,47,0.6792,1.2228,0.18,0.1804,0.1818,0.0008,1,,,,2026-08-18T09:51:58.857286+00:00,
16,741,Glasner,7,MID,8,0.4492,0.9089,0.1,0.198,0.1088,0.0008,1,,,,2026-08-18T09:51:58.857286+00:00,
16,156,Broja,8,FWD,54,0.6124,1.1428,0.18,0.1804,0.1818,0.0008,1,0,24,0,2026-08-18T09:51:58.857286+00:00,2026-08-18T09:52:49.038143+00:00
16,217,A.Doucoure,8,MID,51,1.3728,1.5924,0.48,0.1144,0.4556,0.002,1,3,90,1,2026-08-18T09:51:58.857286+00:00,2026-08-18T09:52:49.038143+00:00
16,218,Beto,8,FWD,50,0.7356,1.3673,0.18,0.1804,0.1818,0.0028,1,0,0,0,2026-08-18T09:51:58.857286+00:00,2026-08-18T09:52:49.038143+00:00
16,219,Branthwaite,8,DEF,48,0,0,0.0,0.0,0.0,0,1,6,90,1,2026-08-18T09:51:58.857286+00:00,2026-08-18T09:52:49.038143+00:00
16,220,Calvert-Lewin,8,FWD,55,1.7748,2.1302,0.48,0.1456,0.458,0.0104,1,2,65,1,2026-08-18T09:51:58.857286+00:00,2026-08-18T09:52:49.038143+00:00
16,221,Coleman,8,DEF,43,0,0,0.0,0.0,0.0,0,1,0,0,0,2026-08-18T09:51:58.857286+00:00,2026-08-18T09:52:49.038143+00:00
16,222,Gana,8,MID,49,1.3476,1.6213,0.48,0.1144,0.4556,0.0008,1,3,90,1,2026-08-18T09:51:58.857286+00:00,2026-08-18T09:52:49.038143+00:00
16,223,Garner,8,MID,49,0.6088,1.0988,0.18,0.1804,0.1818,0.0004,1,0,0,0,2026-08-18T09:51:58.857286+00:00,2026-08-18T09:52:49.038143+00:00
16,224,Harrison,8,MID,52,0.9836,1.6271,0.28,0.1584,0.2731,0.0024,1,3,65,1,2026-08-18T09:51:58.857286+00:00,2026-08-18T09:52:49.038143+00:00
16,225,Holgate,8,DEF,40,0,0,0.0,0.0,0.0,0,1,0,0,0,2026-08-18T09:51:58.857286+00:00,2026-08-18T09:52:49.038143+00:00
16,226,Iroegbunam,8,MID,44,0,0,0.0,0.0,0.0,0,1,0,0,0,2026-08-18T09:51:58.857286+00:00,2026-08-18T09:52:49.038143+00:00
16,227,J.Virginia,8,GKP,39,0.1748,0.779,0.04,0.0384,0.0403,0.0,1,0,0,0,2026-08-18T09:51:58.857286+00:00,2026-08-18T09:52:49.038143+00:00
16,228,Keane,8,DEF,41,0.6716,1.387,0.22,0.1716,0.2183,0.0004,1,0,0,0,2026-08-18T09:51:58.857286+00:00,2026-08-18T09:52:49.038143+00:00
16,229,Maupay,8,FWD,49,0,0,0.0,0.0,0.0,0,1,0,0,0,2026-08-18T09:51:58.857286+00:00,2026-08-18T09:52:49.038143+00:00
16,230,McNeil,8,MID,54,1.91,2.2402,0.48,0.1144,0.4556,0.008,1,0,0,0,2026-08-18T09:51:58.857286+00:00,2026-08-18T09:52:49.038143+00:00
16,231,Mykolenko,8,DEF,43,0.7816,1.5306,0.22,0.1716,0.2183,0.0008,1,7,90,1,2026-08-18T09:51:58.857286+00:00,2026-08-18T09:52:49.038143+00:00
16,232,Ndiaye,8,FWD,54,1.564,1.7788,0.48,0.1144,0.4556,0.0032,1,2,90,1,2026-08-18T09:51:58.857286+00:00,2026-08-18T09:52:49.038143+00:00
16,234,Patterson,8,DEF,44,0.4536,1.1036,0.1,0.198,0.1088,0.0004,1,0,0,0,2026-08-18T09:51:58.857286+00:00,2026-08-18T09:52:49.038143+00:00
16,235,Pickford,8,GKP,49,2.992,2.1362,0.9,0.008,0.8376,0.002,1,8,90,1,2026-08-18T09:51:58.857286+00:00,2026-08-18T09:52:49.038143+00:00
16,236,Tarkowski,8,DEF,48,0,0,0.0,0.0,0.0,0,1,6,90,1,2026-08-18T09:51:58.857286+00:00,2026-08-18T09:52:49.038143+00:00
16,237,Y. Chermiti,8,FWD,49,0.6688,1.2331,0.18,0.1804,0.1818,0.002,1,0,0,0,2026-08-18T09:51:58.857286+00:00,2026-08-18T09:52:49.038143+00:00
16,238,Young,8,DEF,46,1.6452,2.1688,0.48,0.1144,0.4556,0.0024,1,5,90,1,2026-08-18T09:51:58.857286+00:00,2026-08-18T09:52:49.038143+00:00
16,450,Alcaraz,8,MID,49,0.6628,1.2293,0.18,0.1804,0.1818,0.0008,1,0,0,0,2026-08-18T09:51:58.857286+00:00,2026-08-18T09:52:49.038143+00:00
16,577,Lindstrøm,8,MID,51,0,0,0.0,0.0,0.0,0,1,1,24,0,2026-08-18T09:51:58.857286+00:00,2026-08-18T09:52:49.038143+00:00
16,582,O'Brien,8,DEF,46,0.6908,1.4648,0.18,0.1804,0.1818,0.0016,1,0,0,0,2026-08-18T09:51:58.857286+00:00,2026-08-18T09:52:49.038143+00:00
16,603,Armstrong,8,MID,45,0,0,0.0,0.0,0.0,0,1,0,0,0,2026-08-18T09:51:58.857286+00:00,2026-08-18T09:52:49.038143+00:00
16,614,Metcalfe,8,MID,45,0,0,0.0,0.0,0.0,0,1,0,0,0,2026-08-18T09:51:58.857286+00:00,2026-08-18T09:52:49.038143+00:00
16,624,Begovic,8,GKP,40,0.186,0.8526,0.04,0.0384,0.0403,0.0,1,0,0,0,2026-08-18T09:51:58.857286+00:00,2026-08-18T09:52:49.038143+00:00
16,627,Dixon,8,DEF,40,0.4808,1.1443,0.1,0.198,0.1088,0.0008,1,0,0,0,2026-08-18T09:51:58.857286+00:00,2026-08-18T09:52:49.038143+00:00
16,651,Mangala,8,MID,50,0,0,0.0,0.0,0.0,0,1,3,90,1,2026-08-18T09:51:58.857286+00:00,2026-08-18T09:52:49.038143+00:00
16,678,Bates,8,MID,45,0.4856,0.9315,0.1,0.198,0.1088,0.0,1,0,0,0,2026-08-18T09:51:58.857286+00:00,2026-08-18T09:52:49.038143+00:00
16,724,Sherif,8,FWD,45,0.4488,0.8656,0.1,0.198,0.1088,0.0,1,,,,2026-08-18T09:51:58.857286+00:00,
16,742,Moyes,8,MID,5,0.4548,0.9017,0.1,0.198,0.1088,0.0,1,,,,2026-08-18T09:51:58.857286+00:00,
16,773,Heath,8,MID,45,0.4744,0.936,0.1,0.198,0.1088,0.0,1,,,,2026-08-18T09:51:58.857286+00:00,
16,775,Coby Ebere,8,MID,45,0.4632,0.9799,0.1,0.198,0.1088,0.0008,1,,,,2026-08-18T09:51:58.857286+00:00,
16,803,Welch,8,DEF,40,0.4688,1.0844,0.1,0.198,0.1088,0.0,1,,,,2026-08-18T09:51:58.857286+00:00,
16,10,Nelson,9,MID,50,0,0,0.0,0.0,0.0,0,1,0,0,0,2026-08-18T09:51:58.857286+00:00,2026-08-18T09:52:49.038143+00:00
16,19,Smith Rowe,9,MID,55,1.882,2.2312,0.48,0.1456,0.458,0.0068,1,1,21,0,2026-08-18T09:51:58.857286+00:00,2026-08-18T09:52:49.038143+00:00
16,191,Andersen,9,DEF,42,0.812,1.5373,0.22,0.1716,0.2183,0.0004,1,0,0,0,2026-08-18T09:51:58.857286+00:00,2026-08-18T09:52:49.038143+00:00
16,239,Adama,9,MID,48,1.8092,2.2878,0.48,0.1144,0.4556,0.0124,1,1,3,0,2026-08-18T09:51:58.857286+00:00,2026-08-18T09:52:49.038143+00:00
16,240,Andreas,9,MID,50,1.574,2.068,0.48,0.1144,0.4556,0.0068,1,6,68,1,2026-08-18T09:51:58.857286+00:00,2026-08-18T09:52:49.038143+00:00
16,241,Bassey,9,DEF,45,0.7012,1.387,0.22,0.1716,0.2183,0.0004,1,0,0,0,2026-08-18T09:51:58.857286+00:00,2026-08-18T09:52:49.038143+00:00
16,242,Benda,9,GKP,40,0.1444,0.6961,0.04,0.0384,0.0403,0.0,1,0,0,0,2026-08-18T09:51:58.857286+00:00,2026-08-18T09:52:49.038143+00:00
16,243,Cairney,9,MID,48,0.6684,1.1633,0.18,0.1804,0.1818,0.0,1,0,0,0,2026-08-18T09:51:58.857286+00:00,2026-08-18T09:52:49.038143+00:00
16,244,Castagne,9,DEF,42,0,0,0.0,0.0,0.0,0,1,1,35,0,2026-08-18T09:51:58.857286+00:00,2026-08-18T09:52:49.038143+00:00
16,245,Diop,9,DEF,44,0.7096,1.3742,0.22,0.1716,0.2183,0.0008,1,0,90,1,2026-08-18T09:51:58.857286+00:00,2026-08-18T09:52:49.038143+00:00
16,246,Harris,9,MID,45,0,0,0.0,0.0,0.0,0,1,0,0,0,2026-08-18T09:51:58.857286+00:00,2026-08-18T09:52:49.038143+00:00
16,247,Iwobi,9,MID,57,1.996,2.3387,0.48,0.1456,0.458,0.01,1,2,90,1,2026-08-18T09:51:58.857286+00:00,2026-08-18T09:52:49.038143+00:00
16,248,Leno,9,GKP,50,2.778,2.0686,0.9,0.008,0.8376,0.0012,1,1,90,1,2026-08-18T09:51:58.857286+00:00,2026-08-18T09:52:49.038143+00:00
16,249,Lukić,9,MID,48,1.0988,1.3194,0.48,0.1144,0.4556,0.0004,1,2,90,1,2026-08-18T09:51:58.857286+00:00,2026-08-18T09:52:49.038143+00:00
16,250,Mbabu,9,DEF,40,0,0,0.0,0.0,0.0,0,1,0,0,0,2026-08-18T09:51:58.857286+00:00,2026-08-18T09:52:49.038143+00:00
16,251,Muniz,9,FWD,55,0,0,0.0,0.0,0.0,0,1,7,22,0,2026-08-18T09:51:58.857286+00:00,2026-08-18T09:52:49.038143+00:00
16,252,Raúl,9,FWD,55,2.2996,2.6076,0.48,0.1456,0.458,0.0156,1,2,67,1,2026-08-18T09:51:58.857286+00:00,2026-08-18T09:52:49.038143+00:00
16,253,Ream,9,DEF,45,0,0,0.0,0.0,0.0,0,1,0,0,0,2026-08-18T09:51:58.857286+00:00,2026-08-18T09:52:49.038143+00:00
16,254,Reed,9,MID,47,0,0,0.0,0.0,0.0,0,1,0,0,0,2026-08-18T09:51:58.857286+00:00,2026-08-18T09:52:49.038143+00:00
16,255,Robinson,9,DEF,47,1.5584,2.118,0.48,0.1144,0.4556,0.0036,1,6,90,1,2026-08-18T09:51:58.857286+00:00,2026-08-18T09:52:49.038143+00:00
16,256,Stansfield,9,FWD,50,0,0,0.0,0.0,0.0,0,1,0,0,0,2026-08-18T09:51:58.857286+00:00,2026-08-18T09:52:49.038143+00:00
16,257,Tete,9,DEF,45,0.75,1.5291,0.22,0.1716,0.2183,0.0016,1,1,54,1,2026-08-18T09:51:58.857286+00:00,2026-08-18T09:52:49.038143+00:00
16,258,Vinicius,9,FWD,50,0.9548,1.514,0.28,0.1584,0.2731,0.0044,1,0,0,0,2026-08-18T09:51:58.857286+00:00,2026-08-18T09:52:49.038143+00:00
16,259,Wilson,9,MID,52,0.7064,1.3127,0.18,0.1804,0.1818,0.0012,1,2,86,1,2026-08-18T09:51:58.857286+00:00,2026-08-18T09:52:49.038143+00:00
16,579,Sessegnon,9,DEF,42,0.4988,1.1462,0.1,0.198,0.1088,0.0,1,0,0,0,2026-08-18T09:51:58.857286+00:00,2026-08-18T09:52:49.038143+00:00
16,586,J.Cuenca,9,DEF,44,0.4828,1.162,0.1,0.198,0.1088,0.0008,1,1,90,1,2026-08-18T09:51:58.857286+00:00,2026-08-18T09:52:49.038143+00:00
16,604,King,9,MID,45,0.4728,0.9588,0.1,0.198,0.1088,0.0004,1,0,0,0,2026-08-18T09:51:58.857286+00:00,2026-08-18T09:52:49.038143+00:00
16,605,Godo,9,MID,45,0.458,0.9094,0.1,0.198,0.1088,0.0,1,0,0,0,2026-08-18T09:51:58.857286+00:00,2026-08-18T09:52:49.038143+00:00
16,622,Berge,9,MID,50,1.38,1.5424,0.48,0.1144,0.4556,0.0,1,1,90,1,2026-08-18T09:51:58.857286+00:00,2026-08-18T09:52:49.038143+00:00
16,690,Amissah,9,DEF,40,0.4768,1.1657,0.1,0.198,0.1088,0.0016,1,0,0,0,2026-08-18T09:51:58.857286+00:00,2026-08-18T09:52:49.038143+00:00
16,753,Silva,9,MID,11,0.444,0.9046,0.1,0.198,0.1088,0.0,1,,,,2026-08-18T09:51:58.857286+00:00,
16,772,Willian,9,MID,50,3.3828,2.7162,0.82,0.0324,0.7652,0.0324,1,,,,2026-08-18T09:51:58.857286+00:00,
16,121,Enciso,10,MID,54,0.6944,1.3342,0.18,0.1804,0.1818,0.002,1,1,45,1,2026-08-18T09:51:58.857286+00:00,2026-08-18T09:52:49.038143+00:00
16,260,Al-Hamadi,10,FWD,48,0,0,0.0,0.0,0.0,0,1,1,6,0,2026-08-18T09:51:58.857286+00:00,2026-08-18T09:52:49.038143+00:00
16,261,Baggott,10,DEF,40,0,0,0.0,0.0,0.0,0,1,0,0,0,2026-08-18T09:51:58.857286+00:00,2026-08-18T09:52:49.038143+00:00
16,262,Broadhead,10,MID,49,0.6548,1.1762,0.18,0.1804,0.1818,0.0,1,0,0,0,2026-08-18T09:51:58.857286+00:00,2026-08-18T09:52:49.038143+00:00
16,263,Burgess,10,DEF,40,0.7128,1.3821,0.22,0.1716,0.2183,0.0016,1,2,90,1,2026-08-18T09:51:58.857286+00:00,2026-08-18T09:52:49.038143+00:00
16,264,Burns,10,MID,48,0,0,0.0,0.0,0.0,0,1,2,83,1,2026-08-18T09:51:58.857286+00:00,2026-08-18T09:52:49.038143+00:00
16,265,Chaplin,10,MID,51,0.898,1.4462,0.28,0.1584,0.2731,0.0008,1,5,74,1,2026-08-18T09:51:58.857286+00:00,2026-08-18T09:52:49.038143+00:00
16,266,H.Clarke,10,DEF,40,0,0,0.0,0.0,0.0,0,1,1,90,1,2026-08-18T09:51:58.857286+00:00,2026-08-18T09:52:49.038143+00:00
16,267,Davis,10,DEF,45,0.9624,1.8876,0.22,0.1716,0.2183,0.0052,1,2,90,1,2026-08-18T09:51:58.857286+00:00,2026-08-18T09:52:49.038143+00:00
16,268,Delap,10,FWD,56,1.6784,2.0947,0.48,0.1456,0.458,0.0096,1,1,83,1,2026-08-18T09:51:58.857286+00:00,2026-08-18T09:52:49.038143+00:00
16,269,Edmundson,10,DEF,40,0,0,0.0,0.0,0.0,0,1,0,0,0,2026-08-18T09:51:58.857286+00:00,2026-08-18T09:52:49.038143+00:00
16,270,Greaves,10,DEF,40,0.734,1.4331,0.22,0.1716,0.2183,0.0008,1,0,0,0,2026-08-18T09:51:58.857286+00:00,2026-08-18T09:52:49.038143+00:00
16,271,Harness,10,MID,49,0,0,0.0,0.0,0.0,0,1,0,0,0,2026-08-18T09:51:58.857286+00:00,2026-08-18T09:52:49.038143+00:00
16,272,Hirst,10,FWD,54,0.7976,1.6087,0.18,0.1804,0.1818,0.0048,1,0,0,0,2026-08-18T09:51:58.857286+00:00,2026-08-18T09:52:49.038143+00:00
16,273,Humphreys,10,MID,45,0,0,0.0,0.0,0.0,0,1,0,0,0,2026-08-18T09:51:58.857286+00:00,2026-08-18T09:52:49.038143+00:00
16,274,Hutchinson,10,MID,52,1.4324,1.7133,0.48,0.1144,0.4556,0.0024,1,2,90,1,2026-08-18T09:51:58.857286+00:00,2026-08-18T09:52:49.038143+00:00
16,275,Johnson,10,DEF,39,0.6948,1.381,0.22,0.1716,0.2183,0.0,1,1,6,0,2026-08-18T09:51:58.857286+00:00,2026-08-18T09:52:49.038143+00:00
16,276,Ladapo,10,FWD,45,0,0,0.0,0.0,0.0,0,1,0,0,0,2026-08-18T09:51:58.857286+00:00,2026-08-18T09:52:49.038143+00:00
16,277,Luongo,10,MID,44,0.444,0.8962,0.1,0.198,0.1088,0.0,1,0,0,0,2026-08-18T09:51:58.857286+00:00,2026-08-18T09:52:49.038143+00:00
16,278,Morsy,10,MID,49,1.3448,1.54,0.48,0.1144,0.4556,0.0004,1,2,90,1,2026-08-18T09:51:58.857286+00:00,2026-08-18T09:52:49.038143+00:00
16,279,Ndaba,10,DEF,40,0,0,0.0,0.0,0.0,0,1,0,0,0,2026-08-18T09:51:58.857286+00:00,2026-08-18T09:52:49.038143+00:00
16,280,Slicker,10,GKP,40,0.1536,0.7126,0.04,0.0384,0.0403,0.0,1,0,0,0,2026-08-18T09:51:58.857286+00:00,2026-08-18T09:52:49.038143+00:00
16,281,Taylor,10,MID,48,0.6688,1.2181,0.18,0.1804,0.1818,0.0004,1,6,15,0,2026-08-18T09:51:58.857286+00:00,2026-08-18T09:52:49.038143+00:00
16,282,Tuanzebe,10,DEF,40,0.6392,1.3091,0.22,0.1716,0.2183,0.0008,1,0,0,0,2026-08-18T09:51:58.857286+00:00,2026-08-18T09:52:49.038143+00:00
16,283,Walton,10,GKP,43,2.848,2.1422,0.88,0.0048,0.8188,0.002,1,0,0,0,2026-08-18T09:51:58.857286+00:00,2026-08-18T09:52:49.038143+00:00
16,284,Woolfenden,10,DEF,40,0.6756,1.3047,0.22,0.1716,0.2183,0.0004,1,0,0,0,2026-08-18T09:51:58.857286+00:00,2026-08-18T09:52:49.038143+00:00
16,359,Phillips,10,MID,48,0,0,0.0,0.0,0.0,0,1,0,0,0,2026-08-18T09:51:58.857286+00:00,2026-08-18T09:52:49.038143+00:00
16,568,Muric,10,GKP,44,0,0,0.0,0.0,0.0,0,1,5,90,1,2026-08-18T09:51:58.857286+00:00,2026-08-18T09:52:49.038143+00:00
16,569,Jaden,10,MID,53,0,0,0.0,0.0,0.0,0,1,0,0,0,2026-08-18T09:51:58.857286+00:00,2026-08-18T09:52:49.038143+00:00
16,583,Townsend,10,DEF,40,0.3504,0.863,0.05,0.209,0.0632,0.0,1,0,0,0,2026-08-18T09:51:58.857286+00:00,2026-08-18T09:52:49.038143+00:00
16,611,Szmodics,10,MID,58,1.7412,2.1993,0.48,0.1456,0.458,0.0068,1,0,0,0,2026-08-18T09:51:58.857286+00:00,2026-08-18T09:52:49.038143+00:00
16,619,Cajuste,10,MID,45,0.726,1.073,0.28,0.1584,0.2731,0.0,1,2,74,1,2026-08-18T09:51:58.857286+00:00,2026-08-18T09:52:49.038143+00:00
16,630,O'Shea,10,DEF,40,0.7024,1.4151,0.22,0.1716,0.2183,0.0004,1,2,90,1,2026-08-18T09:51:58.857286+00:00,2026-08-18T09:52:49.038143+00:00
16,631,J.Clarke,10,MID,55,0.9828,1.5293,0.28,0.2016,0.2765,0.0036,1,4,15,0,2026-08-18T09:51:58.857286+00:00,2026-08-18T09:52:49.038143+00:00
16,632,Ogbene,10,MID,49,0,0,0.0,0.0,0.0,0,1,0,0,0,2026-08-18T09:51:58.857286+00:00,2026-08-18T09:52:49.038143+00:00
16,715,Godfrey,10,DEF,40,0.796,1.6729,0.22,0.1716,0.2183,0.0052,1,,,,2026-08-18T09:51:58.857286+00:00,
16,743,McKenna,10,MID,5,0.466,0.9755,0.1,0.198,0.1088,0.0004,1,,,,2026-08-18T09:51:58.857286+00:00,
16,764,Palmer,10,GKP,45,0.142,0.6409,0.04,0.0384,0.0403,0.0,1,,,,2026-08-18T09:51:58.857286+00:00,
16,799,Boniface,10,DEF,40,0.496,1.1573,0.1,0.198,0.1088,0.0012,1,,,,2026-08-18T09:51:58.857286+00:00,
16,800,Tom Taylor,10,MID,45,0.4576,0.9392,0.1,0.198,0.1088,0.0,1,,,,2026-08-18T09:51:58.857286+00:00,
16,117,Buonanotte,11,MID,50,1.686,2.2772,0.48,0.1144,0.4556,0.0136,1,1,31,0,2026-08-18T09:51:58.857286+00:00,2026-08-18T09:52:49.038143+00:00
16,192,J.Ayew,11,MID,52,1.0376,1.7834,0.28,0.1584,0.2731,0.0048,1,0,0,0,2026-08-18T09:51:58.857286+00:00,2026-08-18T09:52:49.038143+00:00
16,198,Edouard,11,FWD,51,0.65,1.1997,0.18,0.1804,0.1818,0.0016,1,0,0,0,2026-08-18T09:51:58.857286+00:00,2026-08-18T09:52:49.038143+00:00
16,285,B.Soumaré,11,MID,44,0.7364,1.1219,0.28,0.1584,0.2731,0.0004,1,0,0,0,2026-08-18T09:51:58.857286+00:00,2026-08-18T09:52:49.038143+00:00
16,286,Cannon,11,FWD,45,0,0,0.0,0.0,0.0,0,1,0,0,0,2026-08-18T09:51:58.857286+00:00,2026-08-18T09:52:49.038143+00:00
16,287,Choudhury,11,MID,43,0,0,0.0,0.0,0.0,0,1,1,58,1,2026-08-18T09:51:58.857286+00:00,2026-08-18T09:52:49.038143+00:00
16,288,Coady,11,DEF,40,0.7028,1.4029,0.22,0.1716,0.2183,0.0012,1,0,90,1,2026-08-18T09:51:58.857286+00:00,2026-08-18T09:52:49.038143+00:00
16,289,Daka,11,FWD,48,0.6632,1.1422,0.18,0.1804,0.1818,0.0,1,1,31,0,2026-08-18T09:51:58.857286+00:00,2026-08-18T09:52:49.038143+00:00
16,290,De Cordova-Reid,11,MID,52,0,0,0.0,0.0,0.0,0,1,1,8,0,2026-08-18T09:51:58.857286+00:00,2026-08-18T09:52:49.038143+00:00
16,291,Faes,11,DEF,41,0.7472,1.5259,0.22,0.1716,0.2183,0.002,1,0,0,0,2026-08-18T09:51:58.857286+00:00,2026-08-18T09:52:49.038143+00:00
16,292,Golding,11,MID,44,0.4812,0.9421,0.1,0.198,0.1088,0.0,1,0,0,0,2026-08-18T09:51:58.857286+00:00,2026-08-18T09:52:49.038143+00:00
16,293,Hermansen,11,GKP,45,0,0,0.0,0.0,0.0,0,1,2,45,1,2026-08-18T09:51:58.857286+00:00,2026-08-18T09:52:49.038143+00:00
16,294,Iversen,11,GKP,40,2.6548,2.0462,0.88,0.0048,0.8188,0.0004,1,0,0,0,2026-08-18T09:51:58.857286+00:00,2026-08-18T09:52:49.038143+00:00
16,295,Justin,11,DEF,44,0.8096,1.5643,0.22,0.1716,0.2183,0.0016,1,0,90,1,2026-08-18T09:51:58.857286+00:00,2026-08-18T09:52:49.038143+00:00
16,296,Kristiansen,11,DEF,45,0.7516,1.4556,0.22,0.1716,0.2183,0.0008,1,0,90,1,2026-08-18T09:51:58.857286+00:00,2026-08-18T09:52:49.038143+00:00
16,297,Marcal,11,MID,45,0,0,0.0,0.0,0.0,0,1,0,0,0,2026-08-18T09:51:58.857286+00:00,2026-08-18T09:52:49.038143+00:00
16,298,Mavididi,11,MID,52,0,0,0.0,0.0,0.0,0,1,1,58,1,2026-08-18T09:51:58.857286+00:00,2026-08-18T09:52:49.038143+00:00
16,299,McAteer,11,MID,47,0.854,1.309,0.28,0.1584,0.2731,0.0008,1,2,90,1,2026-08-18T09:51:58.857286+00:00,2026-08-18T09:52:49.038143+00:00
16,300,Ndidi,11,MID,50,1.344,1.7665,0.48,0.1144,0.4556,0.0044,1,0,0,0,2026-08-18T09:51:58.857286+00:00,2026-08-18T09:52:49.038143+00:00
16,301,Okoli,11,DEF,40,0.7252,1.4678,0.22,0.1716,0.2183,0.0024,1,0,31,0,2026-08-18T09:51:58.857286+00:00,2026-08-18T09:52:49.038143+00:00
16,302,Ricardo,11,DEF,42,0.4012,0.9469,0.1,0.198,0.1088,0.0,1,0,0,0,2026-08-18T09:51:58.857286+00:00,2026-08-18T09:52:49.038143+00:00
16,303,Souttar,11,DEF,40,0,0,0.0,0.0,0.0,0,1,0,0,0,2026-08-18T09:51:58.857286+00:00,2026-08-18T09:52:49.038143+00:00
16,304,Stolarczyk,11,GKP,40,0.1468,0.6979,0.04,0.0384,0.0403,0.0,1,0,0,0,2026-08-18T09:51:58.857286+00:00,2026-08-18T09:52:49.038143+00:00
16,305,Thomas,11,DEF,39,0.4664,1.1091,0.1,0.198,0.1088,0.0,1,0,0,0,2026-08-18T09:51:58.857286+00:00,2026-08-18T09:52:49.038143+00:00
16,306,Vardy,11,FWD,56,1.964,2.3833,0.48,0.1456,0.458,0.0116,1,1,58,1,2026-08-18T09:51:58.857286+00:00,2026-08-18T09:52:49.038143+00:00
16,307,Vestergaard,11,DEF,40,0.7332,1.4206,0.22,0.1716,0.2183,0.0004,1,-1,90,1,2026-08-18T09:51:58.857286+00:00,2026-08-18T09:52:49.038143+00:00
16,308,Ward,11,GKP,40,0.1452,0.6785,0.04,0.0384,0.0403,0.0,1,1,45,1,2026-08-18T09:51:58.857286+00:00,2026-08-18T09:52:49.038143+00:00
16,309,Winks,11,MID,45,1.2716,1.475,0.48,0.1144,0.4556,0.0008,1,0,0,0,2026-08-18T09:51:58.857286+00:00,2026-08-18T09:52:49.038143+00:00
16,501,Skipp,11,MID,48,0.7704,1.2132,0.28,0.1584,0.2731,0.0008,1,1,90,1,2026-08-18T09:51:58.857286+00:00,2026-08-18T09:52:49.038143+00:00
16,570,A.Fatawu,11,MID,52,0,0,0.0,0.0,0.0,0,1,0,0,0,2026-08-18T09:51:58.857286+00:00,2026-08-18T09:52:49.038143+00:00
16,606,Alves,11,MID,45,0,0,0.0,0.0,0.0,0,1,0,0,0,2026-08-18T09:51:58.857286+00:00,2026-08-18T09:52:49.038143+00:00
16,616,Nelson,11,DEF,40,0,0,0.0,0.0,0.0,0,1,0,0,0,2026-08-18T09:51:58.857286+00:00,2026-08-18T09:52:49.038143+00:00
16,635,El Khannouss,11,MID,48,0.8916,1.3253,0.28,0.1584,0.2731,0.0,1,2,81,1,2026-08-18T09:51:58.857286+00:00,2026-08-18T09:52:49.038143+00:00
16,694,Cartwright,11,MID,45,0.4748,0.9496,0.1,0.198,0.1088,0.0,1,0,0,0,2026-08-18T09:51:58.857286+00:00,2026-08-18T09:52:49.038143+00:00
16,708,Wilson-Brown,11,DEF,40,0,0,0.0,0.0,0.0,0,1,,,,2026-08-18T09:51:58.857286+00:00,
16,726,Coulibaly,11,DEF,40,0.462,1.1025,0.1,0.198,0.1088,0.0008,1,,,,2026-08-18T09:51:58.857286+00:00,
16,754,Van Nistelrooy,11,MID,5,0.414,0.8264,0.1,0.198,0.1088,0.0,1,,,,2026-08-18T09:51:58.857286+00:00,
16,792,Monga,11,MID,45,0.4648,0.9357,0.1,0.198,0.1088,0.0,1,,,,2026-08-18T09:51:58.857286+00:00,
16,796,Olabade Aluko,11,DEF,40,0.4504,1.0811,0.1,0.198,0.1088,0.0008,1,,,,2026-08-18T09:51:58.857286+00:00,
16,797,Jake Evans,11,MID,45,0.4804,0.9171,0.1,0.198,0.1088,0.0,1,,,,2026-08-18T09:51:58.857286+00:00,
16,802,Braybrooke,11,MID,45,0.4576,0.8974,0.1,0.198,0.1088,0.0,1,,,,2026-08-18T09:51:58.857286+00:00,
16,310,A.Becker,12,GKP,54,0.3988,1.2613,0.08,0.0736,0.0803,0.0004,1,1,90,1,2026-08-18T09:51:58.857286+00:00,2026-08-18T09:52:49.038143+00:00
16,311,Alexander-Arnold,12,DEF,70,2.3708,2.9362,0.48,0.1456,0.458,0.0264,1,1,78,1,2026-08-18T09:51:58.857286+00:00,2026-08-18T09:52:49.038143+00:00
16,312,Bajcetic,12,MID,45,0,0,0.0,0.0,0.0,0,1,0,0,0,2026-08-18T09:51:58.857286+00:00,2026-08-18T09:52:49.038143+00:00
16,313,Bradley,12,DEF,47,0.7576,1.5952,0.18,0.1804,0.1818,0.004,1,0,0,0,2026-08-18T09:51:58.857286+00:00,2026-08-18T09:52:49.038143+00:00
16,315,Clark,12,MID,45,0,0,0.0,0.0,0.0,0,1,0,0,0,2026-08-18T09:51:58.857286+00:00,2026-08-18T09:52:49.038143+00:00
16,316,Darwin,12,FWD,71,1.0544,1.8295,0.28,0.2016,0.2765,0.0052,1,3,20,0,2026-08-18T09:51:58.857286+00:00,2026-08-18T09:52:49.038143+00:00
16,317,Diogo J.,12,MID,72,1.4656,2.4046,0.28,0.2016,0.2765,0.016,1,8,11,0,2026-08-18T09:51:58.857286+00:00,2026-08-18T09:52:49.038143+00:00
16,318,Doak,12,MID,45,0,0,0.0,0.0,0.0,0,1,0,0,0,2026-08-18T09:51:58.857286+00:00,2026-08-18T09:52:49.038143+00:00
16,319,Elliott,12,MID,52,0.728,1.3346,0.18,0.1804,0.1818,0.0004,1,1,11,0,2026-08-18T09:51:58.857286+00:00,2026-08-18T09:52:49.038143+00:00
16,320,Endo,12,MID,47,0.6472,1.1937,0.18,0.1804,0.1818,0.0,1,0,0,0,2026-08-18T09:51:58.857286+00:00,2026-08-18T09:52:49.038143+00:00
16,321,Gakpo,12,FWD,71,1.3732,2.2161,0.28,0.2016,0.2765,0.008,1,9,69,1,2026-08-18T09:51:58.857286+00:00,2026-08-18T09:52:49.038143+00:00
16,322,Gomez,12,DEF,49,0.7448,1.5538,0.18,0.1804,0.1818,0.0012,1,1,90,1,2026-08-18T09:51:58.857286+00:00,2026-08-18T09:52:49.038143+00:00
16,323,Gravenberch,12,MID,50,0,0,0.0,0.0,0.0,0,1,2,90,1,2026-08-18T09:51:58.857286+00:00,2026-08-18T09:52:49.038143+00:00
16,324,Jones,12,MID,53,1.2788,2.1084,0.28,0.1584,0.2731,0.006,1,1,69,1,2026-08-18T09:51:58.857286+00:00,2026-08-18T09:52:49.038143+00:00
16,325,Kelleher,12,GKP,46,3.3028,2.2736,0.88,0.0096,0.8192,0.002,1,0,0,0,2026-08-18T09:51:58.857286+00:00,2026-08-18T09:52:49.038143+00:00
16,326,Konaté,12,DEF,52,1.628,2.2453,0.48,0.1144,0.4556,0.006,1,0,0,0,2026-08-18T09:51:58.857286+00:00,2026-08-18T09:52:49.038143+00:00
16,327,Luis Díaz,12,MID,74,2.72,3.2948,0.48,0.1456,0.458,0.0444,1,1,90,1,2026-08-18T09:51:58.857286+00:00,2026-08-18T09:52:49.038143+00:00
16,328,M.Salah,12,MID,134,3.7996,4.65,0.48,0.1456,0.458,0.1276,1,5,90,1,2026-08-18T09:51:58.857286+00:00,2026-08-18T09:52:49.038143+00:00
16,329,Mac Allister,12,MID,62,0,0,0.0,0.0,0.0,0,1,0,0,0,2026-08-18T09:51:58.857286+00:00,2026-08-18T09:52:49.038143+00:00
16,330,McConnell,12,MID,44,0.4564,0.9594,0.1,0.198,0.1088,0.0,1,0,0,0,2026-08-18T09:51:58.857286+00:00,2026-08-18T09:52:49.038143+00:00
16,331,Morton,12,MID,44,0.4964,1.0257,0.1,0.198,0.1088,0.0004,1,0,0,0,2026-08-18T09:51:58.857286+00:00,2026-08-18T09:52:49.038143+00:00
16,332,N.Phillips,12,DEF,40,0,0,0.0,0.0,0.0,0,1,0,0,0,2026-08-18T09:51:58.857286+00:00,2026-08-18T09:52:49.038143+00:00
16,333,Quansah,12,DEF,39,0.532,1.2023,0.1,0.198,0.1088,0.0,1,1,20,0,2026-08-18T09:51:58.857286+00:00,2026-08-18T09:52:49.038143+00:00
16,334,R.Williams,12,DEF,40,0,0,0.0,0.0,0.0,0,1,0,0,0,2026-08-18T09:51:58.857286+00:00,2026-08-18T09:52:49.038143+00:00
16,335,Robertson,12,DEF,59,1.938,2.5206,0.48,0.1456,0.458,0.0104,1,-3,16,0,2026-08-18T09:51:58.857286+00:00,2026-08-18T09:52:49.038143+00:00
16,336,Szoboszlai,12,MID,63,1.978,2.4247,0.48,0.1456,0.458,0.0132,1,2,78,1,2026-08-18T09:51:58.857286+00:00,2026-08-18T09:52:49.038143+00:00
16,337,Tsimikas,12,DEF,46,0.7412,1.543,0.18,0.1804,0.1818,0.0016,1,0,0,0,2026-08-18T09:51:58.857286+00:00,2026-08-18T09:52:49.038143+00:00
16,339,Virgil,12,DEF,64,1.8848,2.4092,0.48,0.1456,0.458,0.0108,1,1,90,1,2026-08-18T09:51:58.857286+00:00,2026-08-18T09:52:49.038143+00:00
16,636,Chiesa,12,MID,68,1.7828,2.2661,0.45,0.154,0.4308,0.01,1,0,0,0,2026-08-18T09:51:58.857286+00:00,2026-08-18T09:52:49.038143+00:00
16,660,Jaros,12,GKP,40,0.2836,1.2389,0.04,0.0384,0.0403,0.002,1,0,0,0,2026-08-18T09:51:58.857286+00:00,2026-08-18T09:52:49.038143+00:00
16,669,Davies,12,GKP,40,0.1824,0.8385,0.04,0.0384,0.0403,0.0004,1,0,0,0,2026-08-18T09:51:58.857286+00:00,2026-08-18T09:52:49.038143+00:00
16,688,Nyoni,12,MID,45,0.4728,0.947,0.1,0.198,0.1088,0.0,1,0,0,0,2026-08-18T09:51:58.857286+00:00,2026-08-18T09:52:49.038143+00:00
16,692,Nallo,12,DEF,40,0.5356,1.2673,0.1,0.198,0.1088,0.0008,1,0,0,0,2026-08-18T09:51:58.857286+00:00,2026-08-18T09:52:49.038143+00:00
16,709,Danns,12,FWD,45,0,0,0.0,0.0,0.0,0,1,,,,2026-08-18T09:51:58.857286+00:00,
16,744,Slot,12,MID,15,0.4572,0.9349,0.1,0.198,0.1088,0.0,1,,,,2026-08-18T09:51:58.857286+00:00,
16,340,Akanji,13,DEF,53,1.5996,2.2285,0.48,0.1144,0.4556,0.0056,1,0,0,0,2026-08-18T09:51:58.857286+00:00,2026-08-18T09:52:49.038143+00:00
16,341,Aké,13,DEF,53,1.0868,1.8731,0.28,0.1584,0.2731,0.0028,1,0,0,0,2026-08-18T09:51:58.857286+00:00,2026-08-18T09:52:49.038143+00:00
16,342,Bernardo,13,MID,63,1.968,2.4256,0.48,0.1456,0.458,0.0144,1,2,90,1,2026-08-18T09:51:58.857286+00:00,2026-08-18T09:52:49.038143+00:00
16,343,Bobb,13,MID,47,0.7744,1.5008,0.18,0.1804,0.1818,0.002,1,0,0,0,2026-08-18T09:51:58.857286+00:00,2026-08-18T09:52:49.038143+00:00
16,344,Carson,13,GKP,40,0.1544,0.7443,0.04,0.0384,0.0403,0.0,1,0,0,0,2026-08-18T09:51:58.857286+00:00,2026-08-18T09:52:49.038143+00:00
16,345,De Bruyne,13,MID,95,1.6808,2.8291,0.28,0.2016,0.2765,0.0272,1,6,67,1,2026-08-18T09:51:58.857286+00:00,2026-08-18T09:52:49.038143+00:00
16,346,Doku,13,MID,62,1.3076,2.0512,0.28,0.2016,0.2765,0.008,1,3,76,1,2026-08-18T09:51:58.857286+00:00,2026-08-18T09:52:49.038143+00:00
16,347,Ederson M.,13,GKP,54,2.9936,2.22,0.9,0.008,0.8376,0.0008,1,1,90,1,2026-08-18T09:51:58.857286+00:00,2026-08-18T09:52:49.038143+00:00
16,348,Foden,13,MID,91,1.4376,2.3697,0.28,0.2016,0.2765,0.0104,1,2,90,1,2026-08-18T09:51:58.857286+00:00,2026-08-18T09:52:49.038143+00:00
16,349,Grealish,13,MID,64,1.2464,2.0197,0.28,0.2016,0.2765,0.008,1,1,13,0,2026-08-18T09:51:58.857286+00:00,2026-08-18T09:52:49.038143+00:00
16,350,Gvardiol,13,DEF,61,2.2348,2.8505,0.48,0.1456,0.458,0.0216,1,7,90,1,2026-08-18T09:51:58.857286+00:00,2026-08-18T09:52:49.038143+00:00
16,351,Haaland,13,FWD,149,3.3016,4.0837,0.48,0.1456,0.458,0.1016,1,2,90,1,2026-08-18T09:51:58.857286+00:00,2026-08-18T09:52:49.038143+00:00
16,352,J.Alvarez,13,FWD,70,0,0,0.0,0.0,0.0,0,1,0,0,0,2026-08-18T09:51:58.857286+00:00,2026-08-18T09:52:49.038143+00:00
16,353,João Cancelo,13,DEF,53,0,0,0.0,0.0,0.0,0,1,0,0,0,2026-08-18T09:51:58.857286+00:00,2026-08-18T09:52:49.038143+00:00
16,354,Kovačić,13,MID,54,1.9268,2.247,0.48,0.1144,0.4556,0.0052,1,1,22,0,2026-08-18T09:51:58.857286+00:00,2026-08-18T09:52:49.038143+00:00
16,355,Lewis,13,DEF,46,1.7556,2.4049,0.48,0.1144,0.4556,0.01,1,0,0,0,2026-08-18T09:51:58.857286+00:00,2026-08-18T09:52:49.038143+00:00
16,356,Matheus N.,13,MID,49,0.9408,1.5512,0.28,0.1584,0.2731,0.002,1,2,90,1,2026-08-18T09:51:58.857286+00:00,2026-08-18T09:52:49.038143+00:00
16,357,McAtee,13,MID,46,0.7044,1.2738,0.18,0.1804,0.1818,0.0,1,0,0,0,2026-08-18T09:51:58.857286+00:00,2026-08-18T09:52:49.038143+00:00
16,358,Ortega Moreno,13,GKP,52,0.3708,1.1325,0.08,0.0736,0.0803,0.0,1,0,0,0,2026-08-18T09:51:58.857286+00:00,2026-08-18T09:52:49.038143+00:00
16,360,Rodrigo,13,MID,63,1.6816,2.0927,0.45,0.154,0.4308,0.0092,1,0,0,0,2026-08-18T09:51:58.857286+00:00,2026-08-18T09:52:49.038143+00:00
16,361,Rúben,13,DEF,54,1.7728,2.3966,0.48,0.1144,0.4556,0.0116,1,1,90,1,2026-08-18T09:51:58.857286+00:00,2026-08-18T09:52:49.038143+00:00
16,362,Stones,13,DEF,53,0,0,0.0,0.0,0.0,0,1,0,0,0,2026-08-18T09:51:58.857286+00:00,2026-08-18T09:52:49.038143+00:00
16,363,Walker,13,DEF,52,0,0,0.0,0.0,0.0,0,1,0,90,1,2026-08-18T09:51:58.857286+00:00,2026-08-18T09:52:49.038143+00:00
16,571,Savinho,13,MID,65,2.3276,2.8881,0.48,0.1456,0.458,0.0272,1,1,1,0,2026-08-18T09:51:58.857286+00:00,2026-08-18T09:52:49.038143+00:00
16,607,O’Reilly,13,MID,49,0.6932,1.2768,0.18,0.1804,0.1818,0.0008,1,0,0,0,2026-08-18T09:51:58.857286+00:00,2026-08-18T09:52:49.038143+00:00
16,625,Gündogan,13,MID,65,1.7708,2.1774,0.48,0.1456,0.458,0.0088,1,2,88,1,2026-08-18T09:51:58.857286+00:00,2026-08-18T09:52:49.038143+00:00
16,626,Kaboré,13,DEF,45,0,0,0.0,0.0,0.0,0,1,0,0,0,2026-08-18T09:51:58.857286+00:00,2026-08-18T09:52:49.038143+00:00
16,671,Wright,13,MID,45,0,0,0.0,0.0,0.0,0,1,0,0,0,2026-08-18T09:51:58.857286+00:00,2026-08-18T09:52:49.038143+00:00
16,672,Simpson-Pusey,13,DEF,40,0.5236,1.2154,0.1,0.198,0.1088,0.0004,1,0,0,0,2026-08-18T09:51:58.857286+00:00,2026-08-18T09:52:49.038143+00:00
16,675,Wilson-Esbrand,13,DEF,40,0,0,0.0,0.0,0.0,0,1,0,0,0,2026-08-18T09:51:58.857286+00:00,2026-08-18T09:52:49.038143+00:00
16,698,Mubama,13,FWD,45,0.4576,0.9776,0.1,0.198,0.1088,0.0,1,0,0,0,2026-08-18T09:51:58.857286+00:00,2026-08-18T09:52:49.038143+00:00
16,703,Alleyne,13,DEF,40,0.51,1.21,0.1,0.198,0.1088,0.0,1,,,,2026-08-18T09:51:58.857286+00:00,
16,704,Brits,13,GKP,40,0.17,0.7692,0.04,0.0384,0.0403,0.0,1,,,,2026-08-18T09:51:58.857286+00:00,
16,732,Khusanov,13,DEF,50,0.8492,1.6464,0.18,0.1804,0.1818,0.0012,1,,,,2026-08-18T09:51:58.857286+00:00,
16,733,Vitor Reis,13,DEF,45,0.5404,1.3231,0.1,0.198,0.1088,0.0024,1,,,,2026-08-18T09:51:58.857286+00:00,
16,736,Guardiola,13,MID,15,0.4908,1.0388,0.1,0.198,0.1088,0.0008,1,,,,2026-08-18T09:51:58.857286+00:00,
16,755,Marmoush,13,FWD,74,2.5084,2.3514,0.72,0.0784,0.6759,0.0192,1,,,,2026-08-18T09:51:58.857286+00:00,
16,765,N.Gonzalez,13,MID,60,1.6748,2.0565,0.45,0.154,0.4308,0.0072,1,,,,2026-08-18T09:51:58.857286+00:00,
16,785,Echeverri,13,MID,58,1.6316,2.0262,0.45,0.154,0.4308,0.0068,1,,,,2026-08-18T09:51:58.857286+00:00,
16,364,Amad,14,MID,51,1.7204,2.0531,0.48,0.1144,0.4556,0.0056,1,13,90,1,2026-08-18T09:51:58.857286+00:00,2026-08-18T09:52:49.038143+00:00
16,365,Antony,14,MID,57,0,0,0.0,0.0,0.0,0,1,1,12,0,2026-08-18T09:51:58.857286+00:00,2026-08-18T09:52:49.038143+00:00
16,366,B.Fernandes,14,MID,84,2.424,2.8796,0.48,0.1456,0.458,0.0256,1,9,90,1,2026-08-18T09:51:58.857286+00:00,2026-08-18T09:52:49.038143+00:00
16,367,Bayindir,14,GKP,43,0.1452,0.6731,0.04,0.0384,0.0403,0.0,1,0,0,0,2026-08-18T09:51:58.857286+00:00,2026-08-18T09:52:49.038143+00:00
16,368,Casemiro,14,MID,48,1.6504,1.833,0.48,0.1144,0.4556,0.0016,1,0,0,0,2026-08-18T09:51:58.857286+00:00,2026-08-18T09:52:49.038143+00:00
16,369,Dalot,14,DEF,52,1.6108,2.1734,0.48,0.1144,0.4556,0.0072,1,2,90,1,2026-08-18T09:51:58.857286+00:00,2026-08-18T09:52:49.038143+00:00
16,370,Eriksen,14,MID,53,0.8508,1.4217,0.28,0.1584,0.2731,0.002,1,0,0,0,2026-08-18T09:51:58.857286+00:00,2026-08-18T09:52:49.038143+00:00
16,371,Evans,14,DEF,44,0.726,1.3959,0.22,0.1716,0.2183,0.002,1,0,0,0,2026-08-18T09:51:58.857286+00:00,2026-08-18T09:52:49.038143+00:00
16,372,Garnacho,14,MID,62,1.9932,2.4994,0.48,0.1456,0.458,0.014,1,0,0,0,2026-08-18T09:51:58.857286+00:00,2026-08-18T09:52:49.038143+00:00
16,373,Hannibal,14,MID,45,0,0,0.0,0.0,0.0,0,1,0,0,0,2026-08-18T09:51:58.857286+00:00,2026-08-18T09:52:49.038143+00:00
16,374,Heaton,14,GKP,40,0.174,0.7456,0.04,0.0384,0.0403,0.0,1,0,0,0,2026-08-18T09:51:58.857286+00:00,2026-08-18T09:52:49.038143+00:00
16,375,Højlund,14,FWD,69,1.2836,1.9407,0.28,0.2016,0.2765,0.0056,1,1,77,1,2026-08-18T09:51:58.857286+00:00,2026-08-18T09:52:49.038143+00:00
16,376,Lindelof,14,DEF,43,0.4872,1.1349,0.1,0.198,0.1088,0.0008,1,1,1,0,2026-08-18T09:51:58.857286+00:00,2026-08-18T09:52:49.038143+00:00
16,377,Maguire,14,DEF,49,0.9272,1.6158,0.28,0.1584,0.2731,0.0008,1,2,90,1,2026-08-18T09:51:58.857286+00:00,2026-08-18T09:52:49.038143+00:00
16,378,Mainoo,14,MID,52,1.1748,1.4412,0.48,0.1144,0.4556,0.0008,1,2,76,1,2026-08-18T09:51:58.857286+00:00,2026-08-18T09:52:49.038143+00:00
16,379,Malacia,14,DEF,44,0,0,0.0,0.0,0.0,0,1,0,0,0,2026-08-18T09:51:58.857286+00:00,2026-08-18T09:52:49.038143+00:00
16,380,Martinez,14,DEF,44,0,0,0.0,0.0,0.0,0,1,6,90,1,2026-08-18T09:51:58.857286+00:00,2026-08-18T09:52:49.038143+00:00
16,381,McTominay,14,MID,49,0,0,0.0,0.0,0.0,0,1,0,0,0,2026-08-18T09:51:58.857286+00:00,2026-08-18T09:52:49.038143+00:00
16,382,Mount,14,MID,63,1.0236,1.603,0.28,0.2016,0.2765,0.0016,1,1,13,0,2026-08-18T09:51:58.857286+00:00,2026-08-18T09:52:49.038143+00:00
16,383,Onana,14,GKP,52,3.0348,2.1687,0.9,0.008,0.8376,0.002,1,2,90,1,2026-08-18T09:51:58.857286+00:00,2026-08-18T09:52:49.038143+00:00
16,384,Pellistri,14,MID,50,0,0,0.0,0.0,0.0,0,1,0,0,0,2026-08-18T09:51:58.857286+00:00,2026-08-18T09:52:49.038143+00:00
16,387,Shaw,14,DEF,49,0.7208,1.4265,0.18,0.1804,0.1818,0.0008,1,0,0,0,2026-08-18T09:51:58.857286+00:00,2026-08-18T09:52:49.038143+00:00
16,389,Zirkzee,14,FWD,66,1.2968,2.0347,0.28,0.2016,0.2765,0.0072,1,1,12,0,2026-08-18T09:51:58.857286+00:00,2026-08-18T09:52:49.038143+00:00
16,572,Yoro,14,DEF,43,0.4764,1.1333,0.1,0.198,0.1088,0.0016,1,1,11,0,2026-08-18T09:51:58.857286+00:00,2026-08-18T09:52:49.038143+00:00
16,593,De Ligt,14,DEF,50,0.9292,1.7877,0.24,0.1672,0.2366,0.0044,1,2,78,1,2026-08-18T09:51:58.857286+00:00,2026-08-18T09:52:49.038143+00:00
16,594,Mazraoui,14,DEF,47,1.5508,2.0559,0.48,0.1144,0.4556,0.0036,1,2,77,1,2026-08-18T09:51:58.857286+00:00,2026-08-18T09:52:49.038143+00:00
16,613,Collyer,14,MID,45,0.444,0.8597,0.1,0.198,0.1088,0.0,1,0,0,0,2026-08-18T09:51:58.857286+00:00,2026-08-18T09:52:49.038143+00:00
16,648,Wheatley,14,FWD,45,0,0,0.0,0.0,0.0,0,1,0,0,0,2026-08-18T09:51:58.857286+00:00,2026-08-18T09:52:49.038143+00:00
16,652,Ugarte,14,MID,49,0.7272,1.1512,0.28,0.1584,0.2731,0.0004,1,2,90,1,2026-08-18T09:51:58.857286+00:00,2026-08-18T09:52:49.038143+00:00
16,658,Heaven,14,DEF,40,0.4852,1.1384,0.1,0.198,0.1088,0.0008,1,0,0,0,2026-08-18T09:51:58.857286+00:00,2026-08-18T09:52:49.038143+00:00
16,667,Fletcher,14,MID,45,0.4908,0.9871,0.1,0.198,0.1088,0.0,1,0,0,0,2026-08-18T09:51:58.857286+00:00,2026-08-18T09:52:49.038143+00:00
16,670,Amass,14,DEF,40,0.4576,1.0487,0.1,0.198,0.1088,0.0,1,0,0,0,2026-08-18T09:51:58.857286+00:00,2026-08-18T09:52:49.038143+00:00
16,673,Fitzgerald,14,MID,45,0.4752,0.9218,0.1,0.198,0.1088,0.0,1,0,0,0,2026-08-18T09:51:58.857286+00:00,2026-08-18T09:52:49.038143+00:00
16,691,Kukonki,14,DEF,40,0.4676,1.1214,0.1,0.198,0.1088,0.0004,1,0,0,0,2026-08-18T09:51:58.857286+00:00,2026-08-18T09:52:49.038143+00:00
16,745,Amorim,14,MID,8,0.4732,0.9741,0.1,0.198,0.1088,0.0,1,,,,2026-08-18T09:51:58.857286+00:00,
16,761,Harrison,14,GKP,40,0.1592,0.7566,0.04,0.0384,0.0403,0.0,1,,,,2026-08-18T09:51:58.857286+00:00,
16,766,Dorgu,14,DEF,45,0.468,1.1412,0.1,0.198,0.1088,0.0004,1,,,,2026-08-18T09:51:58.857286+00:00,
16,776,Obi,14,FWD,45,0.444,0.8904,0.1,0.198,0.1088,0.0,1,,,,2026-08-18T09:51:58.857286+00:00,
16,777,Fredricson,14,DEF,40,0.4436,1.0481,0.1,0.198,0.1088,0.0004,1,,,,2026-08-18T09:51:58.857286+00:00,
16,778,Moorhouse,14,MID,45,0.4832,0.9527,0.1,0.198,0.1088,0.0,1,,,,2026-08-18T09:51:58.857286+00:00,
16,779,Koné,14,MID,45,0.4568,0.9176,0.1,0.198,0.1088,0.0004,1,,,,2026-08-18T09:51:58.857286+00:00,
16,783,Graczyk,14,GKP,40,0.1428,0.6754,0.04,0.0384,0.0403,0.0,1,,,,2026-08-18T09:51:58.857286+00:00,
16,788,Dermot Mee,14,GKP,40,0.186,0.7687,0.04,0.0384,0.0403,0.0,1,,,,2026-08-18T09:51:58.857286+00:00,
16,390,A.Murphy,15,DEF,40,0,0,0.0,0.0,0.0,0,1,0,0,0,2026-08-18T09:51:58.857286+00:00,2026-08-18T09:52:49.038143+00:00
16,391,Almirón,15,MID,55,0,0,0.0,0.0,0.0,0,1,0,0,0,2026-08-18T09:51:58.857286+00:00,2026-08-18T09:52:49.038143+00:00
16,392,Barnes,15,MID,62,1.5864,2.45,0.28,0.2016,0.2765,0.0156,1,1,26,0,2026-08-18T09:51:58.857286+00:00,2026-08-18T09:52:49.038143+00:00
16,393,Botman,15,DEF,44,0.8588,1.7095,0.22,0.1716,0.2183,0.0032,1,0,0,0,2026-08-18T09:51:58.857286+00:00,2026-08-18T09:52:49.038143+00:00
16,394,Bruno G.,15,MID,61,1.6612,1.9243,0.48,0.1456,0.458,0.004,1,7,63,1,2026-08-18T09:51:58.857286+00:00,2026-08-18T09:52:49.038143+00:00
16,395,Burn,15,DEF,44,0.8488,1.6918,0.22,0.1716,0.2183,0.002,1,6,90,1,2026-08-18T09:51:58.857286+00:00,2026-08-18T09:52:49.038143+00:00
16,396,Dúbravka,15,GKP,42,0.2028,0.9106,0.04,0.0384,0.0403,0.0,1,6,90,1,2026-08-18T09:51:58.857286+00:00,2026-08-18T09:52:49.038143+00:00
16,398,Gordon,15,MID,72,2.5112,3.0779,0.48,0.1456,0.458,0.0356,1,6,80,1,2026-08-18T09:51:58.857286+00:00,2026-08-18T09:52:49.038143+00:00
16,399,Hall,15,DEF,45,0,0,0.0,0.0,0.0,0,1,15,90,1,2026-08-18T09:51:58.857286+00:00,2026-08-18T09:52:49.038143+00:00
16,400,Hayden,15,MID,44,0,0,0.0,0.0,0.0,0,1,0,0,0,2026-08-18T09:51:58.857286+00:00,2026-08-18T09:52:49.038143+00:00
16,401,Isak,15,FWD,86,2.7464,3.2785,0.48,0.1456,0.458,0.0508,1,11,72,1,2026-08-18T09:51:58.857286+00:00,2026-08-18T09:52:49.038143+00:00
16,402,J.Murphy,15,MID,49,1.5276,1.8877,0.48,0.1144,0.4556,0.004,1,13,63,1,2026-08-18T09:51:58.857286+00:00,2026-08-18T09:52:49.038143+00:00
16,403,Joelinton,15,MID,60,0,0,0.0,0.0,0.0,0,1,2,90,1,2026-08-18T09:51:58.857286+00:00,2026-08-18T09:52:49.038143+00:00
16,404,Kelly,15,DEF,43,0,0,0.0,0.0,0.0,0,1,0,0,0,2026-08-18T09:51:58.857286+00:00,2026-08-18T09:52:49.038143+00:00
16,405,Krafth,15,DEF,43,0.462,1.0999,0.1,0.198,0.1088,0.0,1,0,0,0,2026-08-18T09:51:58.857286+00:00,2026-08-18T09:52:49.038143+00:00
16,406,Kuol,15,MID,44,0.5008,1.0442,0.1,0.198,0.1088,0.0004,1,0,0,0,2026-08-18T09:51:58.857286+00:00,2026-08-18T09:52:49.038143+00:00
16,407,Lascelles,15,DEF,45,0.8872,1.7719,0.22,0.1716,0.2183,0.0044,1,0,0,0,2026-08-18T09:51:58.857286+00:00,2026-08-18T09:52:49.038143+00:00
16,408,Lewis,15,DEF,40,0,0,0.0,0.0,0.0,0,1,0,0,0,2026-08-18T09:51:58.857286+00:00,2026-08-18T09:52:49.038143+00:00
16,409,Livramento,15,DEF,45,0.93,1.6921,0.22,0.1716,0.2183,0.0008,1,6,63,1,2026-08-18T09:51:58.857286+00:00,2026-08-18T09:52:49.038143+00:00
16,410,Longstaff,15,MID,47,1.3372,1.5732,0.48,0.1144,0.4556,0.0012,1,1,26,0,2026-08-18T09:51:58.857286+00:00,2026-08-18T09:52:49.038143+00:00
16,411,Miley,15,MID,50,1.5296,1.8586,0.48,0.1144,0.4556,0.0032,1,0,0,0,2026-08-18T09:51:58.857286+00:00,2026-08-18T09:52:49.038143+00:00
16,412,Odysseas,15,GKP,43,0.1612,0.7835,0.04,0.0384,0.0403,0.0,1,0,0,0,2026-08-18T09:51:58.857286+00:00,2026-08-18T09:52:49.038143+00:00
16,413,Pope,15,GKP,50,3.3584,2.27,0.9,0.008,0.8376,0.0012,1,0,0,0,2026-08-18T09:51:58.857286+00:00,2026-08-18T09:52:49.038143+00:00
16,414,Ruddy,15,GKP,40,0.1712,0.8028,0.04,0.0384,0.0403,0.0004,1,0,0,0,2026-08-18T09:51:58.857286+00:00,2026-08-18T09:52:49.038143+00:00
16,415,Schär,15,DEF,54,1.7744,2.5898,0.48,0.1144,0.4556,0.0192,1,6,90,1,2026-08-18T09:51:58.857286+00:00,2026-08-18T09:52:49.038143+00:00
16,416,Targett,15,DEF,40,0.352,0.9062,0.05,0.209,0.0632,0.0,1,0,0,0,2026-08-18T09:51:58.857286+00:00,2026-08-18T09:52:49.038143+00:00
16,417,Tonali,15,MID,55,0.968,1.5615,0.28,0.2016,0.2765,0.002,1,3,90,1,2026-08-18T09:51:58.857286+00:00,2026-08-18T09:52:49.038143+00:00
16,418,Trippier,15,DEF,56,1.1508,1.9275,0.28,0.2016,0.2765,0.004,1,1,26,0,2026-08-18T09:51:58.857286+00:00,2026-08-18T09:52:49.038143+00:00
16,419,White,15,MID,45,0,0,0.0,0.0,0.0,0,1,0,0,0,2026-08-18T09:51:58.857286+00:00,2026-08-18T09:52:49.038143+00:00
16,420,Willock,15,MID,48,0.9724,1.5458,0.28,0.1584,0.2731,0.002,1,1,9,0,2026-08-18T09:51:58.857286+00:00,2026-08-18T09:52:49.038143+00:00
16,421,Wilson,15,FWD,69,1.8692,2.5491,0.45,0.154,0.4308,0.0248,1,0,0,0,2026-08-18T09:51:58.857286+00:00,2026-08-18T09:52:49.038143+00:00
16,574,Pivas,15,DEF,40,0,0,0.0,0.0,0.0,0,1,0,0,0,2026-08-18T09:51:58.857286+00:00,2026-08-18T09:52:49.038143+00:00
16,590,Osula,15,FWD,49,0.6492,1.2193,0.18,0.1804,0.1818,0.0012,1,1,17,0,2026-08-18T09:51:58.857286+00:00,2026-08-18T09:52:49.038143+00:00
16,746,Howe,15,MID,15,0.4672,0.9906,0.1,0.198,0.1088,0.0,1,,,,2026-08-18T09:51:58.857286+00:00,
16,789,Neave,15,FWD,45,0.4452,0.9343,0.1,0.198,0.1088,0.0008,1,,,,2026-08-18T09:51:58.857286+00:00,
16,26,Alex Moreno,16,DEF,44,0.8136,1.5793,0.22,0.1716,0.2183,0.0012,1,0,0,0,2026-08-18T09:51:58.857286+00:00,2026-08-18T09:52:49.038143+00:00
16,422,Aina,16,DEF,49,1.9756,2.5104,0.48,0.1144,0.4556,0.0084,1,2,90,1,2026-08-18T09:51:58.857286+00:00,2026-08-18T09:52:49.038143+00:00
16,423,Anderson,16,MID,50,1.568,1.9877,0.48,0.1144,0.4556,0.0048,1,7,90,1,2026-08-18T09:51:58.857286+00:00,2026-08-18T09:52:49.038143+00:00
16,424,Awoniyi,16,FWD,55,0,0,0.0,0.0,0.0,0,1,0,0,0,2026-08-18T09:51:58.857286+00:00,2026-08-18T09:52:49.038143+00:00
16,425,Boly,16,DEF,42,0.4908,1.191,0.1,0.198,0.1088,0.0004,1,1,1,0,2026-08-18T09:51:58.857286+00:00,2026-08-18T09:52:49.038143+00:00
16,426,Bowler,16,MID,45,0,0,0.0,0.0,0.0,0,1,0,0,0,2026-08-18T09:51:58.857286+00:00,2026-08-18T09:52:49.038143+00:00
16,427,C.Miguel,16,GKP,42,0.1808,0.8807,0.04,0.0384,0.0403,0.0004,1,0,0,0,2026-08-18T09:51:58.857286+00:00,2026-08-18T09:52:49.038143+00:00
16,428,Da Silva Moreira,16,MID,44,0.468,0.9862,0.1,0.198,0.1088,0.0,1,0,0,0,2026-08-18T09:51:58.857286+00:00,2026-08-18T09:52:49.038143+00:00
16,429,Danilo,16,MID,47,0.6776,1.2598,0.18,0.1804,0.1818,0.0004,1,0,0,0,2026-08-18T09:51:58.857286+00:00,2026-08-18T09:52:49.038143+00:00
16,430,Dennis,16,FWD,49,0,0,0.0,0.0,0.0,0,1,0,0,0,2026-08-18T09:51:58.857286+00:00,2026-08-18T09:52:49.038143+00:00
16,431,Dominguez,16,MID,48,1.3204,1.7054,0.48,0.1144,0.4556,0.004,1,2,76,1,2026-08-18T09:51:58.857286+00:00,2026-08-18T09:52:49.038143+00:00
16,432,Elanga,16,MID,51,1.5944,1.9248,0.48,0.1144,0.4556,0.0044,1,6,13,0,2026-08-18T09:51:58.857286+00:00,2026-08-18T09:52:49.038143+00:00
16,433,Gibbs-White,16,MID,63,1.9944,2.44,0.48,0.1456,0.458,0.014,1,8,90,1,2026-08-18T09:51:58.857286+00:00,2026-08-18T09:52:49.038143+00:00
16,434,Hudson-Odoi,16,MID,54,1.7544,2.0982,0.48,0.1144,0.4556,0.0052,1,2,90,1,2026-08-18T09:51:58.857286+00:00,2026-08-18T09:52:49.038143+00:00
16,435,Mighten,16,MID,45,0,0,0.0,0.0,0.0,0,1,0,0,0,2026-08-18T09:51:58.857286+00:00,2026-08-18T09:52:49.038143+00:00
16,436,Murillo,16,DEF,46,1.8756,2.429,0.48,0.1144,0.4556,0.0096,1,2,67,1,2026-08-18T09:51:58.857286+00:00,2026-08-18T09:52:49.038143+00:00
16,437,N.Williams,16,DEF,43,0.8136,1.6504,0.22,0.1716,0.2183,0.0024,1,2,90,1,2026-08-18T09:51:58.857286+00:00,2026-08-18T09:52:49.038143+00:00
16,438,O.Richards,16,DEF,45,0,0,0.0,0.0,0.0,0,1,0,0,0,2026-08-18T09:51:58.857286+00:00,2026-08-18T09:52:49.038143+00:00
16,439,O'Brien,16,MID,50,0,0,0.0,0.0,0.0,0,1,0,0,0,2026-08-18T09:51:58.857286+00:00,2026-08-18T09:52:49.038143+00:00
16,440,Omobamidele,16,DEF,43,0,0,0.0,0.0,0.0,0,1,0,0,0,2026-08-18T09:51:58.857286+00:00,2026-08-18T09:52:49.038143+00:00
16,441,Panzo,16,DEF,40,0,0,0.0,0.0,0.0,0,1,0,0,0,2026-08-18T09:51:58.857286+00:00,2026-08-18T09:52:49.038143+00:00
16,442,Sangaré,16,MID,44,0.8884,1.3093,0.28,0.1584,0.2731,0.0,1,0,0,0,2026-08-18T09:51:58.857286+00:00,2026-08-18T09:52:49.038143+00:00
16,443,Sels,16,GKP,47,3.5152,2.387,0.9,0.008,0.8376,0.0032,1,2,90,1,2026-08-18T09:51:58.857286+00:00,2026-08-18T09:52:49.038143+00:00
16,444,Toffolo,16,DEF,43,0.4788,1.2069,0.1,0.198,0.1088,0.0004,1,0,0,0,2026-08-18T09:51:58.857286+00:00,2026-08-18T09:52:49.038143+00:00
16,446,Ui-jo,16,FWD,45,0,0,0.0,0.0,0.0,0,1,0,0,0,2026-08-18T09:51:58.857286+00:00,2026-08-18T09:52:49.038143+00:00
16,447,Wood,16,FWD,66,2.2904,2.8551,0.48,0.1456,0.458,0.0252,1,2,90,1,2026-08-18T09:51:58.857286+00:00,2026-08-18T09:52:49.038143+00:00
16,448,Worrall,16,DEF,45,0,0,0.0,0.0,0.0,0,1,0,0,0,2026-08-18T09:51:58.857286+00:00,2026-08-18T09:52:49.038143+00:00
16,449,Yates,16,MID,49,1.544,1.9229,0.48,0.1144,0.4556,0.002,1,2,67,1,2026-08-18T09:51:58.857286+00:00,2026-08-18T09:52:49.038143+00:00
16,573,Milenković,16,DEF,45,0.9704,1.997,0.22,0.1716,0.2183,0.0076,1,9,90,1,2026-08-18T09:51:58.857286+00:00,2026-08-18T09:52:49.038143+00:00
16,596,Jota Silva,16,MID,59,1.0684,1.6724,0.28,0.2016,0.2765,0.0024,1,1,22,0,2026-08-18T09:51:58.857286+00:00,2026-08-18T09:52:49.038143+00:00
16,620,Sosa,16,MID,55,1.6244,2.1017,0.45,0.154,0.4308,0.0076,1,0,0,0,2026-08-18T09:51:58.857286+00:00,2026-08-18T09:52:49.038143+00:00
16,653,Morato,16,DEF,45,0.4508,1.1125,0.1,0.198,0.1088,0.0008,1,1,22,0,2026-08-18T09:51:58.857286+00:00,2026-08-18T09:52:49.038143+00:00
16,706,Abbott,16,DEF,40,0.514,1.2576,0.1,0.198,0.1088,0.0012,1,,,,2026-08-18T09:51:58.857286+00:00,
16,721,Hennessey,16,GKP,40,0.1768,0.7834,0.04,0.0384,0.0403,0.0,1,,,,2026-08-18T09:51:58.857286+00:00,
16,747,Nuno,16,MID,11,0.4848,1.0035,0.1,0.198,0.1088,0.0004,1,,,,2026-08-18T09:51:58.857286+00:00,
16,14,Ramsdale,17,GKP,44,3.5148,2.4103,0.88,0.0048,0.8188,0.0044,1,0,0,0,2026-08-18T09:51:58.857286+00:00,2026-08-18T09:52:49.038143+00:00
16,27,Archer,17,FWD,50,1.9024,2.346,0.48,0.1144,0.4556,0.0148,1,1,8,0,2026-08-18T09:51:58.857286+00:00,2026-08-18T09:52:49.038143+00:00
16,188,Ugochukwu,17,MID,45,0.4508,0.9195,0.1,0.198,0.1088,0.0004,1,0,0,0,2026-08-18T09:51:58.857286+00:00,2026-08-18T09:52:49.038143+00:00
16,397,Fraser,17,MID,48,0.9496,1.3974,0.28,0.1584,0.2731,0.0,1,0,0,0,2026-08-18T09:51:58.857286+00:00,2026-08-18T09:52:49.038143+00:00
16,451,Amo-Ameyaw,17,MID,44,0,0,0.0,0.0,0.0,0,1,0,0,0,2026-08-18T09:51:58.857286+00:00,2026-08-18T09:52:49.038143+00:00
16,452,Aribo,17,MID,49,1.888,2.3649,0.48,0.1144,0.4556,0.0108,1,2,90,1,2026-08-18T09:51:58.857286+00:00,2026-08-18T09:52:49.038143+00:00
16,453,Armstrong,17,FWD,51,0,0,0.0,0.0,0.0,0,1,2,81,1,2026-08-18T09:51:58.857286+00:00,2026-08-18T09:52:49.038143+00:00
16,454,Bazunu,17,GKP,43,0,0,0.0,0.0,0.0,0,1,0,0,0,2026-08-18T09:51:58.857286+00:00,2026-08-18T09:52:49.038143+00:00
16,455,Bednarek,17,DEF,40,0.5404,1.2381,0.11,0.1958,0.118,0.0,1,0,90,1,2026-08-18T09:51:58.857286+00:00,2026-08-18T09:52:49.038143+00:00
16,456,Bella-Kotchap,17,DEF,39,0.5284,1.2691,0.1,0.198,0.1088,0.0004,1,0,0,0,2026-08-18T09:51:58.857286+00:00,2026-08-18T09:52:49.038143+00:00
16,457,Bree,17,DEF,39,0.5208,1.2512,0.1,0.198,0.1088,0.0008,1,0,0,0,2026-08-18T09:51:58.857286+00:00,2026-08-18T09:52:49.038143+00:00
16,458,Charles,17,MID,45,0,0,0.0,0.0,0.0,0,1,0,0,0,2026-08-18T09:51:58.857286+00:00,2026-08-18T09:52:49.038143+00:00
16,459,Edozie,17,MID,49,0,0,0.0,0.0,0.0,0,1,0,0,0,2026-08-18T09:51:58.857286+00:00,2026-08-18T09:52:49.038143+00:00
16,460,Edwards,17,DEF,39,0,0,0.0,0.0,0.0,0,1,0,0,0,2026-08-18T09:51:58.857286+00:00,2026-08-18T09:52:49.038143+00:00
16,461,Harwood-Bellis,17,DEF,41,0,0,0.0,0.0,0.0,0,1,0,90,1,2026-08-18T09:51:58.857286+00:00,2026-08-18T09:52:49.038143+00:00
16,462,Kamaldeen,17,MID,50,0.6912,1.2755,0.18,0.1804,0.1818,0.0012,1,1,14,0,2026-08-18T09:51:58.857286+00:00,2026-08-18T09:52:49.038143+00:00
16,463,Lallana,17,MID,50,0.9796,1.5034,0.28,0.1584,0.2731,0.0016,1,0,0,0,2026-08-18T09:51:58.857286+00:00,2026-08-18T09:52:49.038143+00:00
16,464,Larios,17,DEF,40,0.4788,1.1962,0.1,0.198,0.1088,0.0004,1,0,0,0,2026-08-18T09:51:58.857286+00:00,2026-08-18T09:52:49.038143+00:00
16,465,Lis,17,GKP,40,0,0,0.0,0.0,0.0,0,1,0,0,0,2026-08-18T09:51:58.857286+00:00,2026-08-18T09:52:49.038143+00:00
16,466,Lumley,17,GKP,40,0.214,0.9469,0.04,0.0384,0.0403,0.0,1,0,0,0,2026-08-18T09:51:58.857286+00:00,2026-08-18T09:52:49.038143+00:00
16,467,Manning,17,DEF,43,0.8608,1.7006,0.22,0.1716,0.2183,0.0032,1,0,61,1,2026-08-18T09:51:58.857286+00:00,2026-08-18T09:52:49.038143+00:00
16,468,Mara,17,FWD,50,0,0,0.0,0.0,0.0,0,1,0,0,0,2026-08-18T09:51:58.857286+00:00,2026-08-18T09:52:49.038143+00:00
16,469,McCarthy,17,GKP,43,0.198,0.9221,0.04,0.0384,0.0403,0.0,1,1,90,1,2026-08-18T09:51:58.857286+00:00,2026-08-18T09:52:49.038143+00:00
16,470,Onuachu,17,FWD,49,0.6712,1.1722,0.18,0.1804,0.1818,0.0004,1,0,0,0,2026-08-18T09:51:58.857286+00:00,2026-08-18T09:52:49.038143+00:00
16,471,Smallbone,17,MID,50,1.0092,1.6414,0.28,0.1584,0.2731,0.0024,1,0,0,0,2026-08-18T09:51:58.857286+00:00,2026-08-18T09:52:49.038143+00:00
16,472,Stephens,17,DEF,40,0.8288,1.6198,0.22,0.1716,0.2183,0.0024,1,0,0,0,2026-08-18T09:51:58.857286+00:00,2026-08-18T09:52:49.038143+00:00
16,473,Stewart,17,FWD,44,0.4872,1.0326,0.1,0.198,0.1088,0.0008,1,0,0,0,2026-08-18T09:51:58.857286+00:00,2026-08-18T09:52:49.038143+00:00
16,474,Sugawara,17,DEF,44,0.9148,1.7355,0.22,0.1716,0.2183,0.0024,1,1,28,0,2026-08-18T09:51:58.857286+00:00,2026-08-18T09:52:49.038143+00:00
16,475,Taylor,17,DEF,39,0.4876,1.1819,0.1,0.198,0.1088,0.0004,1,0,0,0,2026-08-18T09:51:58.857286+00:00,2026-08-18T09:52:49.038143+00:00
16,476,Walker-Peters,17,DEF,44,0.5268,1.2446,0.11,0.1958,0.118,0.0,1,0,90,1,2026-08-18T09:51:58.857286+00:00,2026-08-18T09:52:49.038143+00:00
16,477,Wood,17,DEF,40,0.544,1.2112,0.1,0.198,0.1088,0.0004,1,1,75,1,2026-08-18T09:51:58.857286+00:00,2026-08-18T09:52:49.038143+00:00
16,515,Cornet,17,MID,47,0,0,0.0,0.0,0.0,0,1,0,0,0,2026-08-18T09:51:58.857286+00:00,2026-08-18T09:52:49.038143+00:00
16,518,Downes,17,MID,48,1.284,1.5539,0.48,0.1144,0.4556,0.0004,1,2,90,1,2026-08-18T09:51:58.857286+00:00,2026-08-18T09:52:49.038143+00:00
16,584,Brereton Díaz,17,MID,49,0,0,0.0,0.0,0.0,0,1,0,0,0,2026-08-18T09:51:58.857286+00:00,2026-08-18T09:52:49.038143+00:00
16,608,Dibling,17,MID,45,1.4584,1.7958,0.48,0.1144,0.4556,0.002,1,2,90,1,2026-08-18T09:51:58.857286+00:00,2026-08-18T09:52:49.038143+00:00
16,623,M.Fernandes,17,MID,50,1.5536,1.9407,0.48,0.1144,0.4556,0.0064,1,1,90,1,2026-08-18T09:51:58.857286+00:00,2026-08-18T09:52:49.038143+00:00
16,693,O'Brien-Whitmarsh,17,MID,45,0,0,0.0,0.0,0.0,0,1,0,0,0,2026-08-18T09:51:58.857286+00:00,2026-08-18T09:52:49.038143+00:00
16,718,Welington,17,DEF,40,0.5096,1.214,0.1,0.198,0.1088,0.0004,1,,,,2026-08-18T09:51:58.857286+00:00,
16,719,Kayi Sanda,17,DEF,40,0.5728,1.3714,0.1,0.198,0.1088,0.0024,1,,,,2026-08-18T09:51:58.857286+00:00,
16,734,Grønbæk,17,MID,49,0.48,1.0224,0.09,0.2002,0.0997,0.0,1,,,,2026-08-18T09:51:58.857286+00:00,
16,748,Rusk,17,MID,5,0.4664,0.9306,0.1,0.198,0.1088,0.0,1,,,,2026-08-18T09:51:58.857286+00:00,
16,798,Jay Robinson,17,FWD,44,0.476,0.9488,0.1,0.198,0.1088,0.0004,1,,,,2026-08-18T09:51:58.857286+00:00,
16,804,Moore,17,DEF,40,0.55,1.3152,0.1,0.198,0.1088,0.0008,1,,,,2026-08-18T09:51:58.857286+00:00,
16,82,Solanke,18,FWD,75,2.1012,2.6075,0.48,0.1456,0.458,0.0264,1,5,81,1,2026-08-18T09:51:58.857286+00:00,2026-08-18T09:52:49.038143+00:00
16,478,A.Phillips,18,DEF,40,0,0,0.0,0.0,0.0,0,1,0,0,0,2026-08-18T09:51:58.857286+00:00,2026-08-18T09:52:49.038143+00:00
16,479,Austin,18,GKP,40,0.1532,0.7241,0.04,0.0384,0.0403,0.0,1,0,0,0,2026-08-18T09:51:58.857286+00:00,2026-08-18T09:52:49.038143+00:00
16,480,Bentancur,18,MID,49,0.8064,1.3218,0.28,0.1584,0.2731,0.0012,1,0,0,0,2026-08-18T09:51:58.857286+00:00,2026-08-18T09:52:49.038143+00:00
16,481,Bergvall,18,MID,44,0,0,0.0,0.0,0.0,0,1,2,90,1,2026-08-18T09:51:58.857286+00:00,2026-08-18T09:52:49.038143+00:00
16,482,Bissouma,18,MID,49,1.3752,1.6051,0.48,0.1144,0.4556,0.0008,1,0,0,0,2026-08-18T09:51:58.857286+00:00,2026-08-18T09:52:49.038143+00:00
16,483,Bryan,18,MID,50,0,0,0.0,0.0,0.0,0,1,0,0,0,2026-08-18T09:51:58.857286+00:00,2026-08-18T09:52:49.038143+00:00
16,484,Davies,18,DEF,43,0.75,1.405,0.22,0.1716,0.2183,0.0004,1,0,0,0,2026-08-18T09:51:58.857286+00:00,2026-08-18T09:52:49.038143+00:00
16,485,Devine,18,MID,45,0,0,0.0,0.0,0.0,0,1,0,0,0,2026-08-18T09:51:58.857286+00:00,2026-08-18T09:52:49.038143+00:00
16,486,Dragusin,18,DEF,43,0,0,0.0,0.0,0.0,0,1,6,90,1,2026-08-18T09:51:58.857286+00:00,2026-08-18T09:52:49.038143+00:00
16,487,E.Royal,18,DEF,45,0,0,0.0,0.0,0.0,0,1,0,0,0,2026-08-18T09:51:58.857286+00:00,2026-08-18T09:52:49.038143+00:00
16,488,Forster,18,GKP,43,0.1952,0.8408,0.04,0.0384,0.0403,0.0,1,7,90,1,2026-08-18T09:51:58.857286+00:00,2026-08-18T09:52:49.038143+00:00
16,489,Gray,18,MID,46,0.6204,1.0609,0.18,0.1804,0.1818,0.0,1,3,90,1,2026-08-18T09:51:58.857286+00:00,2026-08-18T09:52:49.038143+00:00
16,490,Højbjerg,18,MID,50,0,0,0.0,0.0,0.0,0,1,0,0,0,2026-08-18T09:51:58.857286+00:00,2026-08-18T09:52:49.038143+00:00
16,491,Johnson,18,MID,67,2.3976,3.0542,0.48,0.1456,0.458,0.032,1,0,45,1,2026-08-18T09:51:58.857286+00:00,2026-08-18T09:52:49.038143+00:00
16,492,Kulusevski,18,MID,63,0,0,0.0,0.0,0.0,0,1,8,90,1,2026-08-18T09:51:58.857286+00:00,2026-08-18T09:52:49.038143+00:00
16,493,Lo Celso,18,MID,49,0,0,0.0,0.0,0.0,0,1,0,0,0,2026-08-18T09:51:58.857286+00:00,2026-08-18T09:52:49.038143+00:00
16,494,Maddison,18,MID,76,0,0,0.0,0.0,0.0,0,1,15,76,1,2026-08-18T09:51:58.857286+00:00,2026-08-18T09:52:49.038143+00:00
16,495,Pedro Porro,18,DEF,56,1.6704,2.3021,0.48,0.1456,0.458,0.0104,1,6,62,1,2026-08-18T09:51:58.857286+00:00,2026-08-18T09:52:49.038143+00:00
16,496,Reguilón,18,DEF,42,0.9544,1.9498,0.22,0.1404,0.2158,0.0064,1,0,0,0,2026-08-18T09:51:58.857286+00:00,2026-08-18T09:52:49.038143+00:00
16,497,Richarlison,18,FWD,68,1.4508,1.7828,0.45,0.154,0.4308,0.0032,1,0,0,0,2026-08-18T09:51:58.857286+00:00,2026-08-18T09:52:49.038143+00:00
16,498,Romero,18,DEF,50,0,0,0.0,0.0,0.0,0,1,0,0,0,2026-08-18T09:51:58.857286+00:00,2026-08-18T09:52:49.038143+00:00
16,499,P.M.Sarr,18,MID,48,1.3268,1.6518,0.48,0.1144,0.4556,0.0032,1,9,90,1,2026-08-18T09:51:58.857286+00:00,2026-08-18T09:52:49.038143+00:00
16,500,Scarlett,18,FWD,45,0.4268,0.9034,0.1,0.198,0.1088,0.0,1,0,0,0,2026-08-18T09:51:58.857286+00:00,2026-08-18T09:52:49.038143+00:00
16,502,Solomon,18,MID,54,0,0,0.0,0.0,0.0,0,1,0,0,0,2026-08-18T09:51:58.857286+00:00,2026-08-18T09:52:49.038143+00:00
16,503,Son,18,MID,98,1.3724,2.3664,0.24,0.2128,0.2402,0.0144,1,14,45,1,2026-08-18T09:51:58.857286+00:00,2026-08-18T09:52:49.038143+00:00
16,504,Spence,18,DEF,44,0.496,1.1782,0.1,0.198,0.1088,0.0012,1,9,76,1,2026-08-18T09:51:58.857286+00:00,2026-08-18T09:52:49.038143+00:00
16,505,Udogie,18,DEF,49,1.436,2.0029,0.48,0.1144,0.4556,0.0028,1,1,27,0,2026-08-18T09:51:58.857286+00:00,2026-08-18T09:52:49.038143+00:00
16,506,Van de Ven,18,DEF,45,0.7168,1.4977,0.22,0.1716,0.2183,0.0012,1,0,0,0,2026-08-18T09:51:58.857286+00:00,2026-08-18T09:52:49.038143+00:00
16,507,Veliz,18,FWD,50,0,0,0.0,0.0,0.0,0,1,0,0,0,2026-08-18T09:51:58.857286+00:00,2026-08-18T09:52:49.038143+00:00
16,508,Vicario,18,GKP,49,2.6992,2.0934,0.9,0.008,0.8376,0.0004,1,0,0,0,2026-08-18T09:51:58.857286+00:00,2026-08-18T09:52:49.038143+00:00
16,509,Werner,18,MID,62,0.678,1.305,0.14,0.2408,0.1495,0.0012,1,1,13,0,2026-08-18T09:51:58.857286+00:00,2026-08-18T09:52:49.038143+00:00
16,510,Whiteman,18,GKP,40,0.1576,0.7201,0.04,0.0384,0.0403,0.0,1,0,0,0,2026-08-18T09:51:58.857286+00:00,2026-08-18T09:52:49.038143+00:00
16,609,Lankshear,18,FWD,45,0,0,0.0,0.0,0.0,0,1,1,8,0,2026-08-18T09:51:58.857286+00:00,2026-08-18T09:52:49.038143+00:00
16,610,Moore,18,MID,45,0.4708,0.9814,0.1,0.198,0.1088,0.0008,1,0,0,0,2026-08-18T09:51:58.857286+00:00,2026-08-18T09:52:49.038143+00:00
16,612,Odobert,18,MID,53,0.686,1.2678,0.18,0.1804,0.1818,0.0008,1,0,0,0,2026-08-18T09:51:58.857286+00:00,2026-08-18T09:52:49.038143+00:00
16,683,Olusesi,18,MID,45,0.4548,0.9101,0.1,0.198,0.1088,0.0,1,0,0,0,2026-08-18T09:51:58.857286+00:00,2026-08-18T09:52:49.038143+00:00
16,684,Hardy,18,DEF,40,0.4356,1.0268,0.1,0.198,0.1088,0.0,1,0,0,0,2026-08-18T09:51:58.857286+00:00,2026-08-18T09:52:49.038143+00:00
16,689,Williams-Barnett,18,MID,45,0,0,0.0,0.0,0.0,0,1,0,0,0,2026-08-18T09:51:58.857286+00:00,2026-08-18T09:52:49.038143+00:00
16,699,Dorrington,18,DEF,40,0,0,0.0,0.0,0.0,0,1,1,13,0,2026-08-18T09:51:58.857286+00:00,2026-08-18T09:52:49.038143+00:00
16,700,King,18,DEF,40,0.4688,1.1774,0.1,0.198,0.1088,0.0008,1,0,0,0,2026-08-18T09:51:58.857286+00:00,2026-08-18T09:52:49.038143+00:00
16,716,Kinsky,18,GKP,41,0.1548,0.7143,0.04,0.0384,0.0403,0.0,1,,,,2026-08-18T09:51:58.857286+00:00,
16,717,Yang,18,MID,45,0,0,0.0,0.0,0.0,0,1,,,,2026-08-18T09:51:58.857286+00:00,
16,729,Ajayi,18,MID,45,0.47,0.9367,0.1,0.198,0.1088,0.0,1,,,,2026-08-18T09:51:58.857286+00:00,
16,749,Postecoglou,18,MID,11,0.462,0.885,0.1,0.198,0.1088,0.0,1,,,,2026-08-18T09:51:58.857286+00:00,
16,760,Cassanova,18,DEF,40,0.4744,1.1036,0.1,0.198,0.1088,0.0,1,,,,2026-08-18T09:51:58.857286+00:00,
16,767,Danso,18,DEF,44,0.478,1.1543,0.1,0.198,0.1088,0.0,1,,,,2026-08-18T09:51:58.857286+00:00,
16,768,Tel,18,MID,58,1.4896,1.8788,0.45,0.154,0.4308,0.004,1,,,,2026-08-18T09:51:58.857286+00:00,
16,123,Ferguson,19,FWD,55,1.2656,1.5221,0.45,0.154,0.4308,0.002,1,1,18,0,2026-08-18T09:51:58.857286+00:00,2026-08-18T09:52:49.038143+00:00
16,388,Wan-Bissaka,19,DEF,46,1.4952,2.0305,0.48,0.1144,0.4556,0.0032,1,5,90,1,2026-08-18T09:51:58.857286+00:00,2026-08-18T09:52:49.038143+00:00
16,511,Álvarez,19,MID,50,0.7428,1.1749,0.28,0.1584,0.2731,0.0008,1,2,74,1,2026-08-18T09:51:58.857286+00:00,2026-08-18T09:52:49.038143+00:00
16,512,Antonio,19,FWD,54,0,0,0.0,0.0,0.0,0,1,0,0,0,2026-08-18T09:51:58.857286+00:00,2026-08-18T09:52:49.038143+00:00
16,513,Areola,19,GKP,42,0.1716,0.751,0.04,0.0384,0.0403,0.0,1,0,0,0,2026-08-18T09:51:58.857286+00:00,2026-08-18T09:52:49.038143+00:00
16,514,Bowen,19,MID,74,2.1928,2.6893,0.48,0.1456,0.458,0.0212,1,2,90,1,2026-08-18T09:51:58.857286+00:00,2026-08-18T09:52:49.038143+00:00
16,516,Coufal,19,DEF,42,0.7404,1.4398,0.22,0.1716,0.2183,0.0016,1,2,90,1,2026-08-18T09:51:58.857286+00:00,2026-08-18T09:52:49.038143+00:00
16,517,Cresswell,19,DEF,39,0.4712,1.1182,0.1,0.198,0.1088,0.0008,1,0,0,0,2026-08-18T09:51:58.857286+00:00,2026-08-18T09:52:49.038143+00:00
16,519,Earthy,19,MID,45,0,0,0.0,0.0,0.0,0,1,0,0,0,2026-08-18T09:51:58.857286+00:00,2026-08-18T09:52:49.038143+00:00
16,520,Emerson,19,DEF,44,0.792,1.7002,0.22,0.1716,0.2183,0.0048,1,0,0,0,2026-08-18T09:51:58.857286+00:00,2026-08-18T09:52:49.038143+00:00
16,521,Fabianski,19,GKP,41,0.1504,0.7094,0.04,0.0384,0.0403,0.0,1,4,90,1,2026-08-18T09:51:58.857286+00:00,2026-08-18T09:52:49.038143+00:00
16,522,Foderingham,19,GKP,43,3.39,2.286,0.88,0.0048,0.8188,0.0036,1,0,0,0,2026-08-18T09:51:58.857286+00:00,2026-08-18T09:52:49.038143+00:00
16,523,Ings,19,FWD,50,0.68,1.2759,0.18,0.1804,0.1818,0.002,1,0,0,0,2026-08-18T09:51:58.857286+00:00,2026-08-18T09:52:49.038143+00:00
16,524,Kilman,19,DEF,45,0.7816,1.5894,0.22,0.1716,0.2183,0.002,1,2,90,1,2026-08-18T09:51:58.857286+00:00,2026-08-18T09:52:49.038143+00:00
16,525,Kudus,19,MID,62,1.9276,2.3918,0.48,0.1456,0.458,0.0152,1,3,74,1,2026-08-18T09:51:58.857286+00:00,2026-08-18T09:52:49.038143+00:00
16,526,L.Guilherme,19,MID,47,0.6364,1.1781,0.18,0.1804,0.1818,0.0012,1,0,0,0,2026-08-18T09:51:58.857286+00:00,2026-08-18T09:52:49.038143+00:00
16,527,L.Paquetá,19,MID,57,1.6084,2.0568,0.48,0.1456,0.458,0.0076,1,10,90,1,2026-08-18T09:51:58.857286+00:00,2026-08-18T09:52:49.038143+00:00
16,528,Mavropanos,19,DEF,44,0.8612,1.7083,0.22,0.1716,0.2183,0.0036,1,2,90,1,2026-08-18T09:51:58.857286+00:00,2026-08-18T09:52:49.038143+00:00
16,529,N.Aguerd,19,DEF,44,0,0,0.0,0.0,0.0,0,1,0,0,0,2026-08-18T09:51:58.857286+00:00,2026-08-18T09:52:49.038143+00:00
16,530,Souček,19,MID,49,1.8684,2.365,0.48,0.1144,0.4556,0.0104,1,2,90,1,2026-08-18T09:51:58.857286+00:00,2026-08-18T09:52:49.038143+00:00
16,531,Ward-Prowse,19,MID,62,1.0768,1.6422,0.28,0.2016,0.2765,0.0024,1,0,0,0,2026-08-18T09:51:58.857286+00:00,2026-08-18T09:52:49.038143+00:00
16,532,Zouma,19,DEF,44,0,0,0.0,0.0,0.0,0,1,0,0,0,2026-08-18T09:51:58.857286+00:00,2026-08-18T09:52:49.038143+00:00
16,576,Irving,19,MID,48,0.6812,1.2381,0.18,0.1804,0.1818,0.0004,1,0,0,0,2026-08-18T09:51:58.857286+00:00,2026-08-18T09:52:49.038143+00:00
16,587,Summerville,19,MID,57,0,0,0.0,0.0,0.0,0,1,1,15,0,2026-08-18T09:51:58.857286+00:00,2026-08-18T09:52:49.038143+00:00
16,588,G.Rodríguez,19,MID,48,1.1128,1.2518,0.48,0.1144,0.4556,0.0,1,0,0,0,2026-08-18T09:51:58.857286+00:00,2026-08-18T09:52:49.038143+00:00
16,589,Füllkrug,19,FWD,67,1.4792,1.8665,0.45,0.154,0.4308,0.0044,1,1,34,0,2026-08-18T09:51:58.857286+00:00,2026-08-18T09:52:49.038143+00:00
16,591,Todibo,19,DEF,43,0.7264,1.384,0.22,0.1716,0.2183,0.0008,1,0,0,0,2026-08-18T09:51:58.857286+00:00,2026-08-18T09:52:49.038143+00:00
16,643,Casey,19,DEF,40,0.4844,1.1149,0.1,0.198,0.1088,0.0,1,1,1,0,2026-08-18T09:51:58.857286+00:00,2026-08-18T09:52:49.038143+00:00
16,654,C.Soler,19,MID,50,0.8096,1.3472,0.28,0.1584,0.2731,0.0004,1,0,55,1,2026-08-18T09:51:58.857286+00:00,2026-08-18T09:52:49.038143+00:00
16,677,Scarles,19,DEF,40,0.4368,1.035,0.1,0.198,0.1088,0.0,1,1,15,0,2026-08-18T09:51:58.857286+00:00,2026-08-18T09:52:49.038143+00:00
16,686,Mayers,19,DEF,40,0.4788,1.1678,0.1,0.198,0.1088,0.0,1,0,0,0,2026-08-18T09:51:58.857286+00:00,2026-08-18T09:52:49.038143+00:00
16,701,Orford,19,MID,45,0.4816,0.9619,0.1,0.198,0.1088,0.0,1,0,0,0,2026-08-18T09:51:58.857286+00:00,2026-08-18T09:52:49.038143+00:00
16,750,Potter,19,MID,5,0.4676,0.9764,0.1,0.198,0.1088,0.0,1,,,,2026-08-18T09:51:58.857286+00:00,
16,204,Johnstone,20,GKP,43,0,0,0.0,0.0,0.0,0,1,1,90,1,2026-08-18T09:51:58.857286+00:00,2026-08-18T09:52:49.038143+00:00
16,533,Aït-Nouri,20,DEF,49,1.8412,2.5713,0.48,0.1144,0.4556,0.0168,1,-2,90,1,2026-08-18T09:51:58.857286+00:00,2026-08-18T09:52:49.038143+00:00
16,534,B.Traore,20,MID,48,1.2168,1.4409,0.48,0.1144,0.4556,0.0008,1,0,0,0,2026-08-18T09:51:58.857286+00:00,2026-08-18T09:52:49.038143+00:00
16,535,Bellegarde,20,MID,50,1.4108,1.7062,0.48,0.1144,0.4556,0.0012,1,2,71,1,2026-08-18T09:51:58.857286+00:00,2026-08-18T09:52:49.038143+00:00
16,536,Bentley,20,GKP,40,0.1656,0.7537,0.04,0.0384,0.0403,0.0,1,0,0,0,2026-08-18T09:51:58.857286+00:00,2026-08-18T09:52:49.038143+00:00
16,537,Chiquinho,20,MID,45,0,0,0.0,0.0,0.0,0,1,0,0,0,2026-08-18T09:51:58.857286+00:00,2026-08-18T09:52:49.038143+00:00
16,538,Chirewa,20,MID,45,0,0,0.0,0.0,0.0,0,1,0,0,0,2026-08-18T09:51:58.857286+00:00,2026-08-18T09:52:49.038143+00:00
16,539,Chiwome,20,FWD,45,0,0,0.0,0.0,0.0,0,1,0,0,0,2026-08-18T09:51:58.857286+00:00,2026-08-18T09:52:49.038143+00:00
16,540,Cundle,20,MID,45,0,0,0.0,0.0,0.0,0,1,0,0,0,2026-08-18T09:51:58.857286+00:00,2026-08-18T09:52:49.038143+00:00
16,541,Cunha,20,FWD,71,2.2768,2.7173,0.48,0.1456,0.458,0.022,1,9,90,1,2026-08-18T09:51:58.857286+00:00,2026-08-18T09:52:49.038143+00:00
16,542,Dawson,20,DEF,44,0.9024,1.7515,0.22,0.1716,0.2183,0.0032,1,0,0,0,2026-08-18T09:51:58.857286+00:00,2026-08-18T09:52:49.038143+00:00
16,543,Doherty,20,DEF,43,0.8604,1.7007,0.22,0.1716,0.2183,0.0036,1,0,63,1,2026-08-18T09:51:58.857286+00:00,2026-08-18T09:52:49.038143+00:00
16,544,Doyle,20,MID,48,0.6784,1.2581,0.18,0.1804,0.1818,0.0004,1,1,45,1,2026-08-18T09:51:58.857286+00:00,2026-08-18T09:52:49.038143+00:00
16,545,Fábio Silva,20,FWD,50,0,0,0.0,0.0,0.0,0,1,0,0,0,2026-08-18T09:51:58.857286+00:00,2026-08-18T09:52:49.038143+00:00
16,546,Fraser,20,FWD,45,0,0,0.0,0.0,0.0,0,1,0,0,0,2026-08-18T09:51:58.857286+00:00,2026-08-18T09:52:49.038143+00:00
16,547,Gonzalez,20,MID,44,0,0,0.0,0.0,0.0,0,1,0,0,0,2026-08-18T09:51:58.857286+00:00,2026-08-18T09:52:49.038143+00:00
16,548,Guedes,20,MID,53,0.7952,1.517,0.18,0.1804,0.1818,0.0032,1,4,26,0,2026-08-18T09:51:58.857286+00:00,2026-08-18T09:52:49.038143+00:00
16,549,H.Bueno,20,DEF,45,0,0,0.0,0.0,0.0,0,1,0,0,0,2026-08-18T09:51:58.857286+00:00,2026-08-18T09:52:49.038143+00:00
16,550,Hee Chan,20,MID,61,1.9048,2.6381,0.45,0.154,0.4308,0.0208,1,1,18,0,2026-08-18T09:51:58.857286+00:00,2026-08-18T09:52:49.038143+00:00
16,551,Hodge,20,MID,45,0,0,0.0,0.0,0.0,0,1,0,0,0,2026-08-18T09:51:58.857286+00:00,2026-08-18T09:52:49.038143+00:00
16,552,Hoever,20,DEF,40,0,0,0.0,0.0,0.0,0,1,0,0,0,2026-08-18T09:51:58.857286+00:00,2026-08-18T09:52:49.038143+00:00
16,553,J.Gomes,20,MID,49,1.5168,1.8432,0.48,0.1144,0.4556,0.002,1,0,0,0,2026-08-18T09:51:58.857286+00:00,2026-08-18T09:52:49.038143+00:00
16,554,José Sá,20,GKP,43,3.0448,2.264,0.88,0.0048,0.8188,0.0,1,0,0,0,2026-08-18T09:51:58.857286+00:00,2026-08-18T09:52:49.038143+00:00
16,555,Kalajdžić,20,FWD,48,0,0,0.0,0.0,0.0,0,1,0,0,0,2026-08-18T09:51:58.857286+00:00,2026-08-18T09:52:49.038143+00:00
16,556,King,20,GKP,40,0.1604,0.7454,0.04,0.0384,0.0403,0.0,1,0,0,0,2026-08-18T09:51:58.857286+00:00,2026-08-18T09:52:49.038143+00:00
16,557,Mario Jr.,20,MID,50,0,0,0.0,0.0,0.0,0,1,2,90,1,2026-08-18T09:51:58.857286+00:00,2026-08-18T09:52:49.038143+00:00
16,558,Mosquera,20,DEF,39,0,0,0.0,0.0,0.0,0,1,0,0,0,2026-08-18T09:51:58.857286+00:00,2026-08-18T09:52:49.038143+00:00
16,559,N.Semedo,20,DEF,45,0.856,1.722,0.22,0.1716,0.2183,0.004,1,1,90,1,2026-08-18T09:51:58.857286+00:00,2026-08-18T09:52:49.038143+00:00
16,561,Pedro Lima,20,DEF,40,0.552,1.2541,0.1,0.198,0.1088,0.0008,1,0,0,0,2026-08-18T09:51:58.857286+00:00,2026-08-18T09:52:49.038143+00:00
16,562,Podence,20,MID,55,0,0,0.0,0.0,0.0,0,1,0,0,0,2026-08-18T09:51:58.857286+00:00,2026-08-18T09:52:49.038143+00:00
16,563,R.Gomes,20,MID,52,0.8656,1.3998,0.28,0.1584,0.2731,0.0024,1,0,0,0,2026-08-18T09:51:58.857286+00:00,2026-08-18T09:52:49.038143+00:00
16,564,S.Bueno,20,DEF,43,0.8684,1.6371,0.22,0.1716,0.2183,0.002,1,1,90,1,2026-08-18T09:51:58.857286+00:00,2026-08-18T09:52:49.038143+00:00
16,565,Sarabia,20,MID,51,0.7796,1.4974,0.18,0.1804,0.1818,0.002,1,0,0,0,2026-08-18T09:51:58.857286+00:00,2026-08-18T09:52:49.038143+00:00
16,566,Strand Larsen,20,FWD,57,1.8528,2.2147,0.48,0.1456,0.458,0.0108,1,2,90,1,2026-08-18T09:51:58.857286+00:00,2026-08-18T09:52:49.038143+00:00
16,567,Toti,20,DEF,43,0.8324,1.5924,0.22,0.1716,0.2183,0.0004,1,1,90,1,2026-08-18T09:51:58.857286+00:00,2026-08-18T09:52:49.038143+00:00
16,637,Meupiyou,20,DEF,40,0.5408,1.276,0.1,0.198,0.1088,0.0,1,0,0,0,2026-08-18T09:51:58.857286+00:00,2026-08-18T09:52:49.038143+00:00
16,642,André,20,MID,50,1.3096,1.5045,0.48,0.1144,0.4556,0.0004,1,1,45,1,2026-08-18T09:51:58.857286+00:00,2026-08-18T09:52:49.038143+00:00
16,655,Forbs,20,MID,55,1.4704,1.7506,0.45,0.154,0.4308,0.0032,1,0,0,0,2026-08-18T09:51:58.857286+00:00,2026-08-18T09:52:49.038143+00:00
16,664,Pond,20,DEF,39,0.5512,1.2794,0.1,0.198,0.1088,0.0004,1,0,0,0,2026-08-18T09:51:58.857286+00:00,2026-08-18T09:52:49.038143+00:00
16,682,Edozie,20,MID,45,0.4932,0.9891,0.1,0.198,0.1088,0.0008,1,0,0,0,2026-08-18T09:51:58.857286+00:00,2026-08-18T09:52:49.038143+00:00
16,711,Okoduwa,20,DEF,40,0.5204,1.2448,0.1,0.198,0.1088,0.0004,1,,,,2026-08-18T09:51:58.857286+00:00,
16,720,Agbadou,20,DEF,40,0.5384,1.2742,0.1,0.198,0.1088,0.0004,1,,,,2026-08-18T09:51:58.857286+00:00,
16,751,Pereira,20,MID,8,0.4784,1.0093,0.1,0.198,0.1088,0.0,1,,,,2026-08-18T09:51:58.857286+00:00,
16,769,Djiga,20,DEF,45,0.4908,1.2182,0.1,0.198,0.1088,0.0008,1,,,,2026-08-18T09:51:58.857286+00:00,
16,770,Munetsi,20,MID,50,0.712,1.2738,0.18,0.1804,0.1818,0.0,1,,,,2026-08-18T09:51:58.857286+00:00,
16,784,Mané,20,FWD,45,0.4468,0.9497,0.1,0.198,0.1088,0.0,1,,,,2026-08-18T09:51:58.857286+00:00,
