gw,player_id,web_name,team_id,position,now_cost,mu,sigma,p_start,p_sub,p_60,p_10_plus,n_fixtures,actual_points,actual_minutes,did_start,captured_at,scored_at
19,1,Fábio Vieira,1,MID,54,0,0,0.0,0.0,0.0,0,1,0,0,0,2026-08-18T09:52:03.974505+00:00,2026-08-18T09:52:49.122154+00:00
19,2,G.Jesus,1,FWD,68,0,0,0.0,0.0,0.0,0,1,12,90,1,2026-08-18T09:52:03.974505+00:00,2026-08-18T09:52:49.122154+00:00
19,3,Gabriel,1,DEF,63,0,0,0.0,0.0,0.0,0,1,2,90,1,2026-08-18T09:52:03.974505+00:00,2026-08-18T09:52:49.122154+00:00
19,4,Havertz,1,FWD,79,2.8316,2.8604,0.68,0.0896,0.6396,0.0348,1,0,0,0,2026-08-18T09:52:03.974505+00:00,2026-08-18T09:52:49.122154+00:00
19,5,Hein,1,GKP,40,0,0,0.0,0.0,0.0,0,1,0,0,0,2026-08-18T09:52:03.974505+00:00,2026-08-18T09:52:49.122154+00:00
19,6,J.Timber,1,DEF,57,0,0,0.0,0.0,0.0,0,1,1,90,1,2026-08-18T09:52:03.974505+00:00,2026-08-18T09:52:49.122154+00:00
19,7,Jorginho,1,MID,47,0.8364,1.2357,0.28,0.1584,0.2731,0.0,1,1,2,0,2026-08-18T09:52:03.974505+00:00,2026-08-18T09:52:49.122154+00:00
19,8,Kiwior,1,DEF,48,0.918,1.6053,0.28,0.1584,0.2731,0.0004,1,0,0,0,2026-08-18T09:52:03.974505+00:00,2026-08-18T09:52:49.122154+00:00
19,9,Martinelli,1,MID,68,2.1448,2.6051,0.48,0.1456,0.458,0.0208,1,9,90,1,2026-08-18T09:52:03.974505+00:00,2026-08-18T09:52:49.122154+00:00
19,12,Nwaneri,1,MID,45,0.4856,0.9739,0.1,0.198,0.1088,0.0,1,2,77,1,2026-08-18T09:52:03.974505+00:00,2026-08-18T09:52:49.122154+00:00
19,13,Ødegaard,1,MID,84,2.106,2.6406,0.48,0.1456,0.458,0.0196,1,2,87,1,2026-08-18T09:52:03.974505+00:00,2026-08-18T09:52:49.122154+00:00
19,15,Raya,1,GKP,56,2.85,2.0943,0.9,0.008,0.8376,0.0008,1,2,90,1,2026-08-18T09:52:03.974505+00:00,2026-08-18T09:52:49.122154+00:00
19,16,Rice,1,MID,62,1.6552,2.0336,0.48,0.1456,0.458,0.006,1,1,12,0,2026-08-18T09:52:03.974505+00:00,2026-08-18T09:52:49.122154+00:00
19,17,Saka,1,MID,103,3.708,3.4402,0.68,0.0896,0.6396,0.068,1,0,0,0,2026-08-18T09:52:03.974505+00:00,2026-08-18T09:52:49.122154+00:00
19,18,Saliba,1,DEF,63,0,0,0.0,0.0,0.0,0,1,2,90,1,2026-08-18T09:52:03.974505+00:00,2026-08-18T09:52:49.122154+00:00
19,20,Thomas,1,MID,50,1.5468,1.822,0.48,0.1144,0.4556,0.0016,1,5,90,1,2026-08-18T09:52:03.974505+00:00,2026-08-18T09:52:49.122154+00:00
19,21,Tierney,1,DEF,43,0.4724,1.1183,0.1,0.198,0.1088,0.0008,1,0,0,0,2026-08-18T09:52:03.974505+00:00,2026-08-18T09:52:49.122154+00:00
19,22,Tomiyasu,1,DEF,48,0,0,0.0,0.0,0.0,0,1,0,0,0,2026-08-18T09:52:03.974505+00:00,2026-08-18T09:52:49.122154+00:00
19,23,Trossard,1,MID,68,1.9968,2.4576,0.48,0.1456,0.458,0.0168,1,1,12,0,2026-08-18T09:52:03.974505+00:00,2026-08-18T09:52:49.122154+00:00
19,24,White,1,DEF,61,0.8872,1.5978,0.28,0.2016,0.2765,0.0028,1,0,0,0,2026-08-18T09:52:03.974505+00:00,2026-08-18T09:52:49.122154+00:00
19,25,Zinchenko,1,DEF,48,0.6648,1.3229,0.18,0.1804,0.1818,0.0008,1,1,1,0,2026-08-18T09:52:03.974505+00:00,2026-08-18T09:52:49.122154+00:00
19,73,Neto,1,GKP,42,0.1972,0.8719,0.04,0.0384,0.0403,0.0,1,0,0,0,2026-08-18T09:52:03.974505+00:00,2026-08-18T09:52:49.122154+00:00
19,186,Sterling,1,MID,67,1.556,1.9911,0.45,0.154,0.4308,0.0048,1,0,0,0,2026-08-18T09:52:03.974505+00:00,2026-08-18T09:52:49.122154+00:00
19,578,Calafiori,1,DEF,58,0.9876,1.7078,0.28,0.2016,0.2765,0.002,1,1,77,1,2026-08-18T09:52:03.974505+00:00,2026-08-18T09:52:49.122154+00:00
19,597,Lewis-Skelly,1,MID,45,0.8732,1.194,0.28,0.1584,0.2731,0.0,1,1,12,0,2026-08-18T09:52:03.974505+00:00,2026-08-18T09:52:49.122154+00:00
19,633,Merino,1,MID,60,1.0752,1.7049,0.28,0.2016,0.2765,0.0056,1,8,77,1,2026-08-18T09:52:03.974505+00:00,2026-08-18T09:52:49.122154+00:00
19,638,Oulad M'hand,1,MID,45,0.454,0.942,0.1,0.198,0.1088,0.0,1,0,0,0,2026-08-18T09:52:03.974505+00:00,2026-08-18T09:52:49.122154+00:00
19,639,Setford,1,GKP,45,0.1524,0.7243,0.04,0.0384,0.0403,0.0,1,0,0,0,2026-08-18T09:52:03.974505+00:00,2026-08-18T09:52:49.122154+00:00
19,657,Kacurri,1,DEF,40,0,0,0.0,0.0,0.0,0,1,0,0,0,2026-08-18T09:52:03.974505+00:00,2026-08-18T09:52:49.122154+00:00
19,659,Kabia,1,MID,45,0.4704,0.9553,0.1,0.198,0.1088,0.0,1,0,0,0,2026-08-18T09:52:03.974505+00:00,2026-08-18T09:52:49.122154+00:00
19,662,Nichols,1,DEF,40,0.4768,1.1003,0.1,0.198,0.1088,0.0004,1,0,0,0,2026-08-18T09:52:03.974505+00:00,2026-08-18T09:52:49.122154+00:00
19,665,Butler-Oyedeji,1,FWD,45,0.4228,0.8586,0.1,0.198,0.1088,0.0004,1,0,0,0,2026-08-18T09:52:03.974505+00:00,2026-08-18T09:52:49.122154+00:00
19,735,Arteta,1,MID,15,0.4524,0.9011,0.1,0.198,0.1088,0.0,1,,,,2026-08-18T09:52:03.974505+00:00,
19,756,Porter,1,GKP,40,0.1516,0.7167,0.04,0.0384,0.0403,0.0008,1,,,,2026-08-18T09:52:03.974505+00:00,
19,790,Gower,1,MID,45,0.4452,0.9043,0.1,0.198,0.1088,0.0,1,,,,2026-08-18T09:52:03.974505+00:00,
19,793,Jack Henry-Francis,1,MID,45,0.4568,0.9447,0.1,0.198,0.1088,0.0,1,,,,2026-08-18T09:52:03.974505+00:00,
19,801,Clarke,1,DEF,40,0.4592,1.1475,0.1,0.198,0.1088,0.0012,1,,,,2026-08-18T09:52:03.974505+00:00,
19,28,Bailey,2,MID,62,1.6684,2.0379,0.48,0.1456,0.458,0.0072,1,2,76,1,2026-08-18T09:52:03.974505+00:00,2026-08-18T09:52:49.122154+00:00
19,29,Barkley,2,MID,52,1.0376,1.7953,0.28,0.1584,0.2731,0.004,1,1,7,0,2026-08-18T09:52:03.974505+00:00,2026-08-18T09:52:49.122154+00:00
19,30,Barrenechea,2,MID,49,0,0,0.0,0.0,0.0,0,1,0,0,0,2026-08-18T09:52:03.974505+00:00,2026-08-18T09:52:49.122154+00:00
19,31,Buendia,2,MID,51,0,0,0.0,0.0,0.0,0,1,0,0,0,2026-08-18T09:52:03.974505+00:00,2026-08-18T09:52:49.122154+00:00
19,32,Cash,2,DEF,44,0.8968,1.7081,0.22,0.1716,0.2183,0.0016,1,0,0,0,2026-08-18T09:52:03.974505+00:00,2026-08-18T09:52:49.122154+00:00
19,33,Dendoncker,2,MID,45,0,0,0.0,0.0,0.0,0,1,0,0,0,2026-08-18T09:52:03.974505+00:00,2026-08-18T09:52:49.122154+00:00
19,34,Diaby,2,MID,65,0,0,0.0,0.0,0.0,0,1,0,0,0,2026-08-18T09:52:03.974505+00:00,2026-08-18T09:52:49.122154+00:00
19,35,Diego Carlos,2,DEF,45,0,0,0.0,0.0,0.0,0,1,1,90,1,2026-08-18T09:52:03.974505+00:00,2026-08-18T09:52:49.122154+00:00
19,36,Digne,2,DEF,46,2.6904,2.7535,0.68,0.0704,0.638,0.0216,1,1,82,1,2026-08-18T09:52:03.974505+00:00,2026-08-18T09:52:49.122154+00:00
19,37,Dobbin,2,MID,50,0,0,0.0,0.0,0.0,0,1,0,0,0,2026-08-18T09:52:03.974505+00:00,2026-08-18T09:52:49.122154+00:00
19,38,Duran,2,FWD,59,0,0,0.0,0.0,0.0,0,1,0,0,0,2026-08-18T09:52:03.974505+00:00,2026-08-18T09:52:49.122154+00:00
19,39,Gauci,2,GKP,40,0,0,0.0,0.0,0.0,0,1,0,0,0,2026-08-18T09:52:03.974505+00:00,2026-08-18T09:52:49.122154+00:00
19,40,Hause,2,DEF,39,0.5276,1.2333,0.1,0.198,0.1088,0.0004,1,0,0,0,2026-08-18T09:52:03.974505+00:00,2026-08-18T09:52:49.122154+00:00
19,41,Iling Jr,2,MID,54,0,0,0.0,0.0,0.0,0,1,0,0,0,2026-08-18T09:52:03.974505+00:00,2026-08-18T09:52:49.122154+00:00
19,42,Kamara,2,MID,50,0.8672,1.332,0.28,0.1584,0.2731,0.002,1,2,82,1,2026-08-18T09:52:03.974505+00:00,2026-08-18T09:52:49.122154+00:00
19,43,Kesler-Hayden,2,DEF,40,0,0,0.0,0.0,0.0,0,1,0,0,0,2026-08-18T09:52:03.974505+00:00,2026-08-18T09:52:49.122154+00:00
19,44,Konsa,2,DEF,44,0.94,1.8274,0.22,0.1716,0.2183,0.0024,1,1,90,1,2026-08-18T09:52:03.974505+00:00,2026-08-18T09:52:49.122154+00:00
19,45,Maatsen,2,DEF,46,0.8132,1.6679,0.18,0.1804,0.1818,0.0016,1,1,7,0,2026-08-18T09:52:03.974505+00:00,2026-08-18T09:52:49.122154+00:00
19,46,Marschall,2,GKP,40,0,0,0.0,0.0,0.0,0,1,0,0,0,2026-08-18T09:52:03.974505+00:00,2026-08-18T09:52:49.122154+00:00
19,47,Martinez,2,GKP,50,0,0,0.0,0.0,0.0,0,1,2,90,1,2026-08-18T09:52:03.974505+00:00,2026-08-18T09:52:49.122154+00:00
19,48,McGinn,2,MID,52,1.6764,2.1215,0.48,0.1144,0.4556,0.0088,1,2,90,1,2026-08-18T09:52:03.974505+00:00,2026-08-18T09:52:49.122154+00:00
19,49,Mings,2,DEF,44,0.5244,1.2929,0.1,0.198,0.1088,0.002,1,1,70,1,2026-08-18T09:52:03.974505+00:00,2026-08-18T09:52:49.122154+00:00
19,50,Nedeljkovic,2,DEF,39,0,0,0.0,0.0,0.0,0,1,0,0,0,2026-08-18T09:52:03.974505+00:00,2026-08-18T09:52:49.122154+00:00
19,51,Olsen,2,GKP,45,3.47,2.3747,0.88,0.0048,0.8188,0.0044,1,0,0,0,2026-08-18T09:52:03.974505+00:00,2026-08-18T09:52:49.122154+00:00
19,52,Pau,2,DEF,43,0.8192,1.6428,0.22,0.1404,0.2158,0.0012,1,1,19,0,2026-08-18T09:52:03.974505+00:00,2026-08-18T09:52:49.122154+00:00
19,53,Ramsey,2,MID,54,0.948,1.5914,0.28,0.1584,0.2731,0.0028,1,1,13,0,2026-08-18T09:52:03.974505+00:00,2026-08-18T09:52:49.122154+00:00
19,54,Rogers,2,MID,55,3.0068,2.8962,0.68,0.0896,0.6396,0.0352,1,11,90,1,2026-08-18T09:52:03.974505+00:00,2026-08-18T09:52:49.122154+00:00
19,55,Sinisalo,2,GKP,40,0,0,0.0,0.0,0.0,0,1,0,0,0,2026-08-18T09:52:03.974505+00:00,2026-08-18T09:52:49.122154+00:00
19,56,Sousa,2,DEF,40,0,0,0.0,0.0,0.0,0,1,0,0,0,2026-08-18T09:52:03.974505+00:00,2026-08-18T09:52:49.122154+00:00
19,57,Tielemans,2,MID,55,2.5372,2.4336,0.68,0.0576,0.637,0.0136,1,2,82,1,2026-08-18T09:52:03.974505+00:00,2026-08-18T09:52:49.122154+00:00
19,58,Watkins,2,FWD,88,2.8708,3.5313,0.48,0.1456,0.458,0.0628,1,12,90,1,2026-08-18T09:52:03.974505+00:00,2026-08-18T09:52:49.122154+00:00
19,167,Disasi,2,DEF,42,0.8832,1.665,0.22,0.1716,0.2183,0.0012,1,1,76,1,2026-08-18T09:52:03.974505+00:00,2026-08-18T09:52:49.122154+00:00
19,233,Onana,2,MID,49,1.7516,2.2168,0.48,0.1144,0.4556,0.0096,1,1,7,0,2026-08-18T09:52:03.974505+00:00,2026-08-18T09:52:49.122154+00:00
19,385,Rashford,2,MID,67,1.9048,2.3311,0.48,0.1456,0.458,0.0108,1,0,0,0,2026-08-18T09:52:03.974505+00:00,2026-08-18T09:52:49.122154+00:00
19,598,Bogarde,2,DEF,40,0.7976,1.5541,0.22,0.1716,0.2183,0.0016,1,0,0,0,2026-08-18T09:52:03.974505+00:00,2026-08-18T09:52:49.122154+00:00
19,640,Swinkels,2,DEF,40,0,0,0.0,0.0,0.0,0,1,0,0,0,2026-08-18T09:52:03.974505+00:00,2026-08-18T09:52:49.122154+00:00
19,641,Zych,2,GKP,40,0.158,0.7438,0.04,0.0384,0.0403,0.0,1,0,0,0,2026-08-18T09:52:03.974505+00:00,2026-08-18T09:52:49.122154+00:00
19,656,Young,2,MID,45,0,0,0.0,0.0,0.0,0,1,0,0,0,2026-08-18T09:52:03.974505+00:00,2026-08-18T09:52:49.122154+00:00
19,679,Broggio,2,MID,45,0.4936,1.0315,0.1,0.198,0.1088,0.0008,1,0,0,0,2026-08-18T09:52:03.974505+00:00,2026-08-18T09:52:49.122154+00:00
19,710,Jimoh,2,MID,45,0.4488,0.8992,0.1,0.198,0.1088,0.0,1,,,,2026-08-18T09:52:03.974505+00:00,
19,725,Malen,2,MID,53,0.7332,1.3812,0.18,0.1804,0.1818,0.0016,1,,,,2026-08-18T09:52:03.974505+00:00,
19,731,A. Garcia,2,DEF,45,0.486,1.2202,0.1,0.198,0.1088,0.0008,1,,,,2026-08-18T09:52:03.974505+00:00,
19,737,Emery,2,MID,8,0.4908,1.0186,0.1,0.198,0.1088,0.0,1,,,,2026-08-18T09:52:03.974505+00:00,
19,762,M.Asensio,2,MID,60,1.5932,2.0147,0.45,0.154,0.4308,0.0052,1,,,,2026-08-18T09:52:03.974505+00:00,
19,59,Aarons,3,DEF,43,0,0,0.0,0.0,0.0,0,1,1,8,0,2026-08-18T09:52:03.974505+00:00,2026-08-18T09:52:49.122154+00:00
19,60,Adams,3,MID,49,0.8384,1.3297,0.28,0.1584,0.2731,0.0008,1,0,0,0,2026-08-18T09:52:03.974505+00:00,2026-08-18T09:52:49.122154+00:00
19,61,Anthony,3,MID,45,0,0,0.0,0.0,0.0,0,1,0,0,0,2026-08-18T09:52:03.974505+00:00,2026-08-18T09:52:49.122154+00:00
19,62,Brooks,3,MID,49,0.6904,1.3378,0.18,0.1804,0.1818,0.0016,1,2,63,1,2026-08-18T09:52:03.974505+00:00,2026-08-18T09:52:49.122154+00:00
19,63,Christie,3,MID,49,0,0,0.0,0.0,0.0,0,1,1,90,1,2026-08-18T09:52:03.974505+00:00,2026-08-18T09:52:49.122154+00:00
19,64,Cook,3,MID,50,0,0,0.0,0.0,0.0,0,1,2,90,1,2026-08-18T09:52:03.974505+00:00,2026-08-18T09:52:49.122154+00:00
19,65,Enes Ünal,3,FWD,54,0,0,0.0,0.0,0.0,0,1,0,17,0,2026-08-18T09:52:03.974505+00:00,2026-08-18T09:52:49.122154+00:00
19,66,Faivre,3,MID,50,0,0,0.0,0.0,0.0,0,1,0,0,0,2026-08-18T09:52:03.974505+00:00,2026-08-18T09:52:49.122154+00:00
19,67,H.Traorè,3,MID,45,0,0,0.0,0.0,0.0,0,1,0,0,0,2026-08-18T09:52:03.974505+00:00,2026-08-18T09:52:49.122154+00:00
19,68,Hill,3,DEF,39,0.4692,1.1207,0.1,0.198,0.1088,0.0,1,4,81,1,2026-08-18T09:52:03.974505+00:00,2026-08-18T09:52:49.122154+00:00
19,69,Jebbison,3,FWD,45,0.4396,0.8562,0.1,0.198,0.1088,0.0,1,0,0,0,2026-08-18T09:52:03.974505+00:00,2026-08-18T09:52:49.122154+00:00
19,70,Kerkez,3,DEF,47,2.092,2.331,0.68,0.0576,0.637,0.01,1,1,90,1,2026-08-18T09:52:03.974505+00:00,2026-08-18T09:52:49.122154+00:00
19,71,Kluivert,3,MID,55,2.0988,2.7936,0.48,0.1456,0.458,0.0228,1,0,0,0,2026-08-18T09:52:03.974505+00:00,2026-08-18T09:52:49.122154+00:00
19,72,Mepham,3,DEF,44,0,0,0.0,0.0,0.0,0,1,0,0,0,2026-08-18T09:52:03.974505+00:00,2026-08-18T09:52:49.122154+00:00
19,74,O.Dango,3,MID,50,0,0,0.0,0.0,0.0,0,1,6,26,0,2026-08-18T09:52:03.974505+00:00,2026-08-18T09:52:49.122154+00:00
19,75,Paulsen,3,GKP,40,0,0,0.0,0.0,0.0,0,1,0,0,0,2026-08-18T09:52:03.974505+00:00,2026-08-18T09:52:49.122154+00:00
19,76,Philip,3,MID,48,0,0,0.0,0.0,0.0,0,1,1,72,1,2026-08-18T09:52:03.974505+00:00,2026-08-18T09:52:49.122154+00:00
19,77,Scott,3,MID,47,0.6712,1.1844,0.18,0.1804,0.1818,0.0008,1,0,0,0,2026-08-18T09:52:03.974505+00:00,2026-08-18T09:52:49.122154+00:00
19,78,Semenyo,3,MID,56,2.6188,2.7549,0.68,0.0896,0.6396,0.0252,1,5,90,1,2026-08-18T09:52:03.974505+00:00,2026-08-18T09:52:49.122154+00:00
19,79,Senesi,3,DEF,47,1.5132,2.2199,0.48,0.1144,0.4556,0.0072,1,0,0,0,2026-08-18T09:52:03.974505+00:00,2026-08-18T09:52:49.122154+00:00
19,80,Sinisterra,3,MID,48,0,0,0.0,0.0,0.0,0,1,0,0,0,2026-08-18T09:52:03.974505+00:00,2026-08-18T09:52:49.122154+00:00
19,81,Smith,3,DEF,45,0.7488,1.5678,0.22,0.1716,0.2183,0.0028,1,0,0,0,2026-08-18T09:52:03.974505+00:00,2026-08-18T09:52:49.122154+00:00
19,83,Tavernier,3,MID,54,1.9176,2.4762,0.48,0.1144,0.4556,0.0172,1,0,0,0,2026-08-18T09:52:03.974505+00:00,2026-08-18T09:52:49.122154+00:00
19,84,Travers,3,GKP,44,0,0,0.0,0.0,0.0,0,1,0,0,0,2026-08-18T09:52:03.974505+00:00,2026-08-18T09:52:49.122154+00:00
19,85,Zabarnyi,3,DEF,44,0.7172,1.4729,0.22,0.1404,0.2158,0.0012,1,1,90,1,2026-08-18T09:52:03.974505+00:00,2026-08-18T09:52:49.122154+00:00
19,152,Arrizabalaga,3,GKP,45,3.1968,2.2732,0.9,0.004,0.8373,0.0036,1,2,90,1,2026-08-18T09:52:03.974505+00:00,2026-08-18T09:52:49.122154+00:00
19,580,Huijsen,3,DEF,44,0.9344,1.8492,0.22,0.1716,0.2183,0.004,1,1,90,1,2026-08-18T09:52:03.974505+00:00,2026-08-18T09:52:49.122154+00:00
19,592,J.Araujo,3,DEF,43,0.6812,1.3397,0.22,0.1716,0.2183,0.0008,1,0,0,0,2026-08-18T09:52:03.974505+00:00,2026-08-18T09:52:49.122154+00:00
19,599,Dennis,3,GKP,40,0.156,0.7076,0.04,0.0384,0.0403,0.0,1,0,0,0,2026-08-18T09:52:03.974505+00:00,2026-08-18T09:52:49.122154+00:00
19,617,Evanilson,3,FWD,60,2.2132,2.637,0.48,0.1456,0.458,0.0212,1,8,81,1,2026-08-18T09:52:03.974505+00:00,2026-08-18T09:52:49.122154+00:00
19,680,Kinsey,3,DEF,40,0.47,1.1559,0.1,0.198,0.1088,0.0016,1,0,0,0,2026-08-18T09:52:03.974505+00:00,2026-08-18T09:52:49.122154+00:00
19,687,Winterburn,3,MID,45,0.4688,0.9345,0.1,0.198,0.1088,0.0,1,1,8,0,2026-08-18T09:52:03.974505+00:00,2026-08-18T09:52:49.122154+00:00
19,702,Harris,3,DEF,40,0.5128,1.1913,0.1,0.198,0.1088,0.0004,1,0,0,0,2026-08-18T09:52:03.974505+00:00,2026-08-18T09:52:49.122154+00:00
19,707,Rees-Dottin,3,FWD,45,0.4724,0.9222,0.1,0.198,0.1088,0.0004,1,0,0,0,2026-08-18T09:52:03.974505+00:00,2026-08-18T09:52:49.122154+00:00
19,712,Akinmboni,3,DEF,40,0.5232,1.1372,0.1,0.198,0.1088,0.0,1,,,,2026-08-18T09:52:03.974505+00:00,
19,713,Soler,3,DEF,39,0.4564,1.0754,0.1,0.198,0.1088,0.0008,1,,,,2026-08-18T09:52:03.974505+00:00,
19,722,Adu-Adjei,3,FWD,45,0.4484,0.9058,0.1,0.198,0.1088,0.0,1,,,,2026-08-18T09:52:03.974505+00:00,
19,723,Sadi,3,MID,45,0.4596,0.9072,0.1,0.198,0.1088,0.0,1,,,,2026-08-18T09:52:03.974505+00:00,
19,727,McKenna,3,GKP,40,0.1476,0.713,0.04,0.0384,0.0403,0.0,1,,,,2026-08-18T09:52:03.974505+00:00,
19,728,Silcott-Duberry,3,MID,45,0.4284,0.9004,0.1,0.198,0.1088,0.0,1,,,,2026-08-18T09:52:03.974505+00:00,
19,738,Iraola,3,MID,11,0.4544,0.9245,0.1,0.198,0.1088,0.0,1,,,,2026-08-18T09:52:03.974505+00:00,
19,86,Ajer,4,DEF,44,0.84,1.7016,0.22,0.1716,0.2183,0.0036,1,0,0,0,2026-08-18T09:52:03.974505+00:00,2026-08-18T09:52:49.122154+00:00
19,87,Brierley,4,MID,44,0.5052,1.0091,0.1,0.198,0.1088,0.0004,1,0,0,0,2026-08-18T09:52:03.974505+00:00,2026-08-18T09:52:49.122154+00:00
19,88,Collins,4,DEF,46,2.6336,2.9269,0.68,0.0576,0.637,0.0272,1,1,90,1,2026-08-18T09:52:03.974505+00:00,2026-08-18T09:52:49.122154+00:00
19,89,Damsgaard,4,MID,50,2.0552,2.4474,0.48,0.1144,0.4556,0.0136,1,5,74,1,2026-08-18T09:52:03.974505+00:00,2026-08-18T09:52:49.122154+00:00
19,90,Dasilva,4,MID,48,0,0,0.0,0.0,0.0,0,1,0,0,0,2026-08-18T09:52:03.974505+00:00,2026-08-18T09:52:49.122154+00:00
19,91,Flekken,4,GKP,45,3.9276,2.3993,0.9,0.004,0.8373,0.0036,1,1,90,1,2026-08-18T09:52:03.974505+00:00,2026-08-18T09:52:49.122154+00:00
19,92,Henry,4,DEF,43,0.834,1.659,0.22,0.1716,0.2183,0.0024,1,0,0,0,2026-08-18T09:52:03.974505+00:00,2026-08-18T09:52:49.122154+00:00
19,93,Hickey,4,DEF,43,0.7568,1.5164,0.22,0.1716,0.2183,0.0004,1,0,0,0,2026-08-18T09:52:03.974505+00:00,2026-08-18T09:52:49.122154+00:00
19,94,Janelt,4,MID,49,0,0,0.0,0.0,0.0,0,1,2,90,1,2026-08-18T09:52:03.974505+00:00,2026-08-18T09:52:49.122154+00:00
19,95,Jensen,4,MID,53,0.9632,1.5688,0.28,0.1584,0.2731,0.0016,1,1,15,0,2026-08-18T09:52:03.974505+00:00,2026-08-18T09:52:49.122154+00:00
19,96,Ji-soo,4,DEF,39,0.506,1.2084,0.1,0.198,0.1088,0.0,1,1,15,0,2026-08-18T09:52:03.974505+00:00,2026-08-18T09:52:49.122154+00:00
19,97,Konak,4,MID,45,0.5068,1.0511,0.1,0.198,0.1088,0.0004,1,0,0,0,2026-08-18T09:52:03.974505+00:00,2026-08-18T09:52:49.122154+00:00
19,98,Lewis-Potter,4,MID,50,2.082,2.0594,0.68,0.0704,0.638,0.0064,1,2,90,1,2026-08-18T09:52:03.974505+00:00,2026-08-18T09:52:49.122154+00:00
19,99,Mbeumo,4,MID,76,3.7624,3.5253,0.68,0.0576,0.637,0.0732,1,7,90,1,2026-08-18T09:52:03.974505+00:00,2026-08-18T09:52:49.122154+00:00
19,100,Mee,4,DEF,42,0.5128,1.207,0.1,0.198,0.1088,0.0,1,0,0,0,2026-08-18T09:52:03.974505+00:00,2026-08-18T09:52:49.122154+00:00
19,101,Nørgaard,4,MID,48,1.4388,1.7687,0.48,0.1144,0.4556,0.0024,1,1,74,1,2026-08-18T09:52:03.974505+00:00,2026-08-18T09:52:49.122154+00:00
19,102,Onyeka,4,MID,49,0,0,0.0,0.0,0.0,0,1,0,0,0,2026-08-18T09:52:03.974505+00:00,2026-08-18T09:52:49.122154+00:00
19,103,Peart-Harris,4,MID,45,0,0,0.0,0.0,0.0,0,1,0,0,0,2026-08-18T09:52:03.974505+00:00,2026-08-18T09:52:49.122154+00:00
19,104,Pinnock,4,DEF,45,0.9204,1.8023,0.22,0.1716,0.2183,0.0036,1,0,0,0,2026-08-18T09:52:03.974505+00:00,2026-08-18T09:52:49.122154+00:00
19,105,Roerslev,4,DEF,43,0,0,0.0,0.0,0.0,0,1,1,90,1,2026-08-18T09:52:03.974505+00:00,2026-08-18T09:52:49.122154+00:00
19,106,Schade,4,MID,51,1.942,2.5348,0.48,0.1144,0.4556,0.0152,1,1,15,0,2026-08-18T09:52:03.974505+00:00,2026-08-18T09:52:49.122154+00:00
19,107,Thiago,4,FWD,59,1.3968,1.7699,0.45,0.154,0.4308,0.0048,1,0,0,0,2026-08-18T09:52:03.974505+00:00,2026-08-18T09:52:49.122154+00:00
19,108,Toney,4,FWD,73,0,0,0.0,0.0,0.0,0,1,0,0,0,2026-08-18T09:52:03.974505+00:00,2026-08-18T09:52:49.122154+00:00
19,109,Valdimarsson,4,GKP,39,0.1692,0.8314,0.04,0.0384,0.0403,0.0,1,0,0,0,2026-08-18T09:52:03.974505+00:00,2026-08-18T09:52:49.122154+00:00
19,110,Wissa,4,FWD,62,2.5136,2.952,0.48,0.1456,0.458,0.0296,1,2,74,1,2026-08-18T09:52:03.974505+00:00,2026-08-18T09:52:49.122154+00:00
19,111,Yarmoliuk,4,MID,44,0.8948,1.3669,0.28,0.1584,0.2731,0.0004,1,2,90,1,2026-08-18T09:52:03.974505+00:00,2026-08-18T09:52:49.122154+00:00
19,112,Zanka,4,DEF,45,0,0,0.0,0.0,0.0,0,1,0,0,0,2026-08-18T09:52:03.974505+00:00,2026-08-18T09:52:49.122154+00:00
19,314,Carvalho,4,MID,46,0,0,0.0,0.0,0.0,0,1,0,0,0,2026-08-18T09:52:03.974505+00:00,2026-08-18T09:52:49.122154+00:00
19,338,Van den Berg,4,DEF,41,0.9524,1.857,0.22,0.1716,0.2183,0.0044,1,1,74,1,2026-08-18T09:52:03.974505+00:00,2026-08-18T09:52:49.122154+00:00
19,602,Trevitt,4,MID,44,0,0,0.0,0.0,0.0,0,1,0,0,0,2026-08-18T09:52:03.974505+00:00,2026-08-18T09:52:49.122154+00:00
19,634,G.Nunes,4,MID,49,0.6996,1.2975,0.18,0.1804,0.1818,0.0012,1,0,0,0,2026-08-18T09:52:03.974505+00:00,2026-08-18T09:52:49.122154+00:00
19,649,Meghoma,4,DEF,40,0,0,0.0,0.0,0.0,0,1,0,0,0,2026-08-18T09:52:03.974505+00:00,2026-08-18T09:52:49.122154+00:00
19,661,Yogane,4,MID,45,0,0,0.0,0.0,0.0,0,1,0,0,0,2026-08-18T09:52:03.974505+00:00,2026-08-18T09:52:49.122154+00:00
19,674,Maghoma,4,MID,45,0.486,1.0221,0.1,0.198,0.1088,0.0004,1,1,15,0,2026-08-18T09:52:03.974505+00:00,2026-08-18T09:52:49.122154+00:00
19,705,Arthur,4,DEF,40,0.514,1.2709,0.1,0.198,0.1088,0.0008,1,0,0,0,2026-08-18T09:52:03.974505+00:00,2026-08-18T09:52:49.122154+00:00
19,752,Frank,4,MID,8,0.4976,1.0198,0.1,0.198,0.1088,0.0,1,,,,2026-08-18T09:52:03.974505+00:00,
19,757,Kayode,4,DEF,45,0.5124,1.2891,0.1,0.198,0.1088,0.0008,1,,,,2026-08-18T09:52:03.974505+00:00,
19,759,Eyestone,4,GKP,40,0.164,0.7918,0.04,0.0384,0.0403,0.0,1,,,,2026-08-18T09:52:03.974505+00:00,
19,780,Morgan,4,FWD,45,0.472,0.9453,0.1,0.198,0.1088,0.0004,1,,,,2026-08-18T09:52:03.974505+00:00,
19,786,Benjamin Fredrick,4,DEF,40,0.5008,1.2143,0.1,0.198,0.1088,0.0008,1,,,,2026-08-18T09:52:03.974505+00:00,
19,113,Adingra,5,MID,52,0.902,1.4856,0.28,0.1584,0.2731,0.0028,1,6,57,1,2026-08-18T09:52:03.974505+00:00,2026-08-18T09:52:49.122154+00:00
19,114,Baker-Boaitey,5,MID,45,0,0,0.0,0.0,0.0,0,1,0,0,0,2026-08-18T09:52:03.974505+00:00,2026-08-18T09:52:49.122154+00:00
19,115,Baleba,5,MID,50,1.5248,1.8025,0.48,0.1144,0.4556,0.0016,1,1,85,1,2026-08-18T09:52:03.974505+00:00,2026-08-18T09:52:49.122154+00:00
19,116,Barco,5,DEF,40,0,0,0.0,0.0,0.0,0,1,0,0,0,2026-08-18T09:52:03.974505+00:00,2026-08-18T09:52:49.122154+00:00
19,118,Cozier-Duberry,5,MID,45,0,0,0.0,0.0,0.0,0,1,0,0,0,2026-08-18T09:52:03.974505+00:00,2026-08-18T09:52:49.122154+00:00
19,119,Dahoud,5,MID,49,0,0,0.0,0.0,0.0,0,1,0,0,0,2026-08-18T09:52:03.974505+00:00,2026-08-18T09:52:49.122154+00:00
19,120,Dunk,5,DEF,44,0.7,1.4715,0.22,0.1716,0.2183,0.0008,1,1,90,1,2026-08-18T09:52:03.974505+00:00,2026-08-18T09:52:49.122154+00:00
19,122,Estupiñan,5,DEF,51,1.4992,2.0647,0.48,0.1144,0.4556,0.0032,1,0,0,0,2026-08-18T09:52:03.974505+00:00,2026-08-18T09:52:49.122154+00:00
19,124,Gilmour,5,MID,50,0,0,0.0,0.0,0.0,0,1,0,0,0,2026-08-18T09:52:03.974505+00:00,2026-08-18T09:52:49.122154+00:00
19,125,Gross,5,MID,65,0,0,0.0,0.0,0.0,0,1,0,0,0,2026-08-18T09:52:03.974505+00:00,2026-08-18T09:52:49.122154+00:00
19,126,Hinshelwood,5,MID,49,1.4424,1.7267,0.48,0.1144,0.4556,0.0008,1,0,0,0,2026-08-18T09:52:03.974505+00:00,2026-08-18T09:52:49.122154+00:00
19,127,I.Osman,5,MID,50,0,0,0.0,0.0,0.0,0,1,0,0,0,2026-08-18T09:52:03.974505+00:00,2026-08-18T09:52:49.122154+00:00
19,128,Igor,5,DEF,44,0.6764,1.3898,0.22,0.1716,0.2183,0.0008,1,0,90,1,2026-08-18T09:52:03.974505+00:00,2026-08-18T09:52:49.122154+00:00
19,129,João Pedro,5,FWD,57,2.0972,2.4263,0.48,0.1456,0.458,0.0104,1,9,90,1,2026-08-18T09:52:03.974505+00:00,2026-08-18T09:52:49.122154+00:00
19,130,Kozlowski,5,MID,45,0,0,0.0,0.0,0.0,0,1,0,0,0,2026-08-18T09:52:03.974505+00:00,2026-08-18T09:52:49.122154+00:00
19,131,Lamptey,5,DEF,44,0.4968,1.2216,0.11,0.1958,0.118,0.0016,1,7,90,1,2026-08-18T09:52:03.974505+00:00,2026-08-18T09:52:49.122154+00:00
19,132,March,5,MID,65,0,0,0.0,0.0,0.0,0,1,0,0,0,2026-08-18T09:52:03.974505+00:00,2026-08-18T09:52:49.122154+00:00
19,133,Mazilu,5,MID,45,0,0,0.0,0.0,0.0,0,1,0,0,0,2026-08-18T09:52:03.974505+00:00,2026-08-18T09:52:49.122154+00:00
19,134,Milner,5,MID,50,0.8504,1.329,0.28,0.1584,0.2731,0.0008,1,0,0,0,2026-08-18T09:52:03.974505+00:00,2026-08-18T09:52:49.122154+00:00
19,135,Minteh,5,MID,51,0.9096,1.5202,0.28,0.1584,0.2731,0.0024,1,1,32,0,2026-08-18T09:52:03.974505+00:00,2026-08-18T09:52:49.122154+00:00
19,136,Mitoma,5,MID,65,2.8372,2.8721,0.68,0.0576,0.637,0.0308,1,1,32,0,2026-08-18T09:52:03.974505+00:00,2026-08-18T09:52:49.122154+00:00
19,137,Moder,5,MID,44,0,0,0.0,0.0,0.0,0,1,1,4,0,2026-08-18T09:52:03.974505+00:00,2026-08-18T09:52:49.122154+00:00
19,138,O’Mahony,5,FWD,45,0,0,0.0,0.0,0.0,0,1,0,0,0,2026-08-18T09:52:03.974505+00:00,2026-08-18T09:52:49.122154+00:00
19,139,Offiah,5,DEF,40,0,0,0.0,0.0,0.0,0,1,0,0,0,2026-08-18T09:52:03.974505+00:00,2026-08-18T09:52:49.122154+00:00
19,140,Peupion,5,MID,44,0,0,0.0,0.0,0.0,0,1,0,0,0,2026-08-18T09:52:03.974505+00:00,2026-08-18T09:52:49.122154+00:00
19,141,Sarmiento,5,MID,49,0,0,0.0,0.0,0.0,0,1,0,0,0,2026-08-18T09:52:03.974505+00:00,2026-08-18T09:52:49.122154+00:00
19,142,Steele,5,GKP,42,0.0828,0.4418,0.02,0.0392,0.0217,0.0,1,0,0,0,2026-08-18T09:52:03.974505+00:00,2026-08-18T09:52:49.122154+00:00
19,143,Undav,5,FWD,55,0,0,0.0,0.0,0.0,0,1,0,0,0,2026-08-18T09:52:03.974505+00:00,2026-08-18T09:52:49.122154+00:00
19,144,Van Hecke,5,DEF,45,0.7732,1.5568,0.22,0.1716,0.2183,0.0016,1,1,90,1,2026-08-18T09:52:03.974505+00:00,2026-08-18T09:52:49.122154+00:00
19,145,Veltman,5,DEF,45,0.8832,1.6498,0.22,0.1716,0.2183,0.0004,1,0,0,0,2026-08-18T09:52:03.974505+00:00,2026-08-18T09:52:49.122154+00:00
19,146,Verbruggen,5,GKP,45,2.9184,2.1448,0.9,0.004,0.8373,0.0008,1,2,90,1,2026-08-18T09:52:03.974505+00:00,2026-08-18T09:52:49.122154+00:00
19,147,Webster,5,DEF,43,0.4476,1.0165,0.1,0.198,0.1088,0.0,1,0,0,0,2026-08-18T09:52:03.974505+00:00,2026-08-18T09:52:49.122154+00:00
19,148,Welbeck,5,FWD,56,2.0864,2.5236,0.48,0.1456,0.458,0.0172,1,0,0,0,2026-08-18T09:52:03.974505+00:00,2026-08-18T09:52:49.122154+00:00
19,149,Wieffer,5,MID,47,0.9468,1.5386,0.28,0.1584,0.2731,0.002,1,0,0,0,2026-08-18T09:52:03.974505+00:00,2026-08-18T09:52:49.122154+00:00
19,595,Gruda,5,MID,54,0.6996,1.2858,0.18,0.1804,0.1818,0.0008,1,1,57,1,2026-08-18T09:52:03.974505+00:00,2026-08-18T09:52:49.122154+00:00
19,600,Ayari,5,MID,50,1.3808,1.6947,0.48,0.1144,0.4556,0.002,1,1,68,1,2026-08-18T09:52:03.974505+00:00,2026-08-18T09:52:49.122154+00:00
19,601,Moran,5,MID,50,0,0,0.0,0.0,0.0,0,1,0,0,0,2026-08-18T09:52:03.974505+00:00,2026-08-18T09:52:49.122154+00:00
19,615,Rushworth,5,GKP,40,0.162,0.715,0.04,0.0384,0.0403,0.0,1,0,0,0,2026-08-18T09:52:03.974505+00:00,2026-08-18T09:52:49.122154+00:00
19,618,Georginio,5,MID,53,0,0,0.0,0.0,0.0,0,1,1,32,0,2026-08-18T09:52:03.974505+00:00,2026-08-18T09:52:49.122154+00:00
19,628,F.Kadıoğlu,5,DEF,45,0,0,0.0,0.0,0.0,0,1,0,0,0,2026-08-18T09:52:03.974505+00:00,2026-08-18T09:52:49.122154+00:00
19,629,O'Riley,5,MID,55,1.0864,1.6905,0.28,0.2016,0.2765,0.0036,1,1,21,0,2026-08-18T09:52:03.974505+00:00,2026-08-18T09:52:49.122154+00:00
19,663,Samuels,5,DEF,40,0,0,0.0,0.0,0.0,0,1,0,0,0,2026-08-18T09:52:03.974505+00:00,2026-08-18T09:52:49.122154+00:00
19,668,Cahill,5,GKP,39,0.148,0.7144,0.04,0.0384,0.0403,0.0,1,0,0,0,2026-08-18T09:52:03.974505+00:00,2026-08-18T09:52:49.122154+00:00
19,681,McConville,5,DEF,40,0,0,0.0,0.0,0.0,0,1,0,0,0,2026-08-18T09:52:03.974505+00:00,2026-08-18T09:52:49.122154+00:00
19,685,Slater,5,DEF,40,0.4656,1.0709,0.1,0.198,0.1088,0.0004,1,0,0,0,2026-08-18T09:52:03.974505+00:00,2026-08-18T09:52:49.122154+00:00
19,714,Gómez,5,MID,55,1.4056,1.7483,0.45,0.154,0.4308,0.0036,1,,,,2026-08-18T09:52:03.974505+00:00,
19,739,Hürzeler,5,MID,11,0.4792,0.9288,0.1,0.198,0.1088,0.0,1,,,,2026-08-18T09:52:03.974505+00:00,
19,758,Knight,5,MID,45,0.48,0.9044,0.1,0.198,0.1088,0.0,1,,,,2026-08-18T09:52:03.974505+00:00,
19,763,Cashin,5,DEF,45,0.4948,1.1631,0.1,0.198,0.1088,0.0016,1,,,,2026-08-18T09:52:03.974505+00:00,
19,791,Charlie Tasker,5,DEF,40,0.4848,1.1377,0.1,0.198,0.1088,0.0,1,,,,2026-08-18T09:52:03.974505+00:00,
19,794,Freddie Simmonds,5,DEF,40,0.4856,1.0954,0.1,0.198,0.1088,0.0004,1,,,,2026-08-18T09:52:03.974505+00:00,
19,795,Harry Howell,5,MID,45,0.502,1.0241,0.1,0.198,0.1088,0.0004,1,,,,2026-08-18T09:52:03.974505+00:00,
19,150,Andrey Santos,6,MID,45,0,0,0.0,0.0,0.0,0,1,0,0,0,2026-08-18T09:52:03.974505+00:00,2026-08-18T09:52:49.122154+00:00
19,151,Ângelo,6,MID,45,0,0,0.0,0.0,0.0,0,1,0,0,0,2026-08-18T09:52:03.974505+00:00,2026-08-18T09:52:49.122154+00:00
19,153,B.Badiashile,6,DEF,43,0.4644,1.0846,0.1,0.198,0.1088,0.0,1,0,0,0,2026-08-18T09:52:03.974505+00:00,2026-08-18T09:52:49.122154+00:00
19,154,Bergström,6,GKP,39,0.1736,0.7713,0.04,0.0384,0.0403,0.0,1,0,0,0,2026-08-18T09:52:03.974505+00:00,2026-08-18T09:52:49.122154+00:00
19,155,Bettinelli,6,GKP,39,0.1628,0.776,0.04,0.0384,0.0403,0.0004,1,0,0,0,2026-08-18T09:52:03.974505+00:00,2026-08-18T09:52:49.122154+00:00
19,157,Caicedo,6,MID,49,1.8252,1.5583,0.68,0.0576,0.637,0.0008,1,1,90,1,2026-08-18T09:52:03.974505+00:00,2026-08-18T09:52:49.122154+00:00
19,158,Casadei,6,MID,44,0,0,0.0,0.0,0.0,0,1,0,0,0,2026-08-18T09:52:03.974505+00:00,2026-08-18T09:52:49.122154+00:00
19,159,Chalobah,6,DEF,44,0.8688,1.7093,0.22,0.1716,0.2183,0.004,1,10,90,1,2026-08-18T09:52:03.974505+00:00,2026-08-18T09:52:49.122154+00:00
19,161,Chukwuemeka,6,MID,48,0,0,0.0,0.0,0.0,0,1,0,0,0,2026-08-18T09:52:03.974505+00:00,2026-08-18T09:52:49.122154+00:00
19,162,Colwill,6,DEF,46,1.9336,2.1412,0.68,0.0576,0.637,0.0036,1,0,90,1,2026-08-18T09:52:03.974505+00:00,2026-08-18T09:52:49.122154+00:00
19,163,Cucurella,6,DEF,52,1.3452,1.9533,0.48,0.1144,0.4556,0.0024,1,1,90,1,2026-08-18T09:52:03.974505+00:00,2026-08-18T09:52:49.122154+00:00
19,164,D.D.Fofana,6,FWD,54,0,0,0.0,0.0,0.0,0,1,0,0,0,2026-08-18T09:52:03.974505+00:00,2026-08-18T09:52:49.122154+00:00
19,165,Deivid,6,FWD,49,0,0,0.0,0.0,0.0,0,1,0,0,0,2026-08-18T09:52:03.974505+00:00,2026-08-18T09:52:49.122154+00:00
19,166,Dewsbury-Hall,6,MID,55,1.4228,1.6631,0.45,0.154,0.4308,0.0024,1,0,0,0,2026-08-18T09:52:03.974505+00:00,2026-08-18T09:52:49.122154+00:00
19,168,Enzo,6,MID,51,1.8388,2.1497,0.48,0.1144,0.4556,0.0064,1,1,90,1,2026-08-18T09:52:03.974505+00:00,2026-08-18T09:52:49.122154+00:00
19,169,Gallagher,6,MID,59,0,0,0.0,0.0,0.0,0,1,0,0,0,2026-08-18T09:52:03.974505+00:00,2026-08-18T09:52:49.122154+00:00
19,170,Gilchrist,6,DEF,40,0,0,0.0,0.0,0.0,0,1,0,0,0,2026-08-18T09:52:03.974505+00:00,2026-08-18T09:52:49.122154+00:00
19,171,Gusto,6,DEF,49,1.4556,2.1811,0.48,0.1144,0.4556,0.0104,1,0,13,0,2026-08-18T09:52:03.974505+00:00,2026-08-18T09:52:49.122154+00:00
19,172,James,6,DEF,48,0.8552,1.5842,0.28,0.1584,0.2731,0.0016,1,0,0,0,2026-08-18T09:52:03.974505+00:00,2026-08-18T09:52:49.122154+00:00
19,173,Kellyman,6,MID,44,0,0,0.0,0.0,0.0,0,1,0,0,0,2026-08-18T09:52:03.974505+00:00,2026-08-18T09:52:49.122154+00:00
19,174,Lavia,6,MID,45,0.75,1.1479,0.28,0.1584,0.2731,0.0,1,0,0,0,2026-08-18T09:52:03.974505+00:00,2026-08-18T09:52:49.122154+00:00
19,175,Lukaku,6,FWD,63,0,0,0.0,0.0,0.0,0,1,0,0,0,2026-08-18T09:52:03.974505+00:00,2026-08-18T09:52:49.122154+00:00
19,176,M.Sarr,6,DEF,45,0,0,0.0,0.0,0.0,0,1,0,0,0,2026-08-18T09:52:03.974505+00:00,2026-08-18T09:52:49.122154+00:00
19,177,Madueke,6,MID,63,2.43,2.9683,0.48,0.1456,0.458,0.0296,1,2,76,1,2026-08-18T09:52:03.974505+00:00,2026-08-18T09:52:49.122154+00:00
19,178,Marc Guiu,6,FWD,47,0.6224,1.0849,0.18,0.1804,0.1818,0.0,1,0,0,0,2026-08-18T09:52:03.974505+00:00,2026-08-18T09:52:49.122154+00:00
19,179,Mudryk,6,MID,62,0,0,0.0,0.0,0.0,0,1,0,0,0,2026-08-18T09:52:03.974505+00:00,2026-08-18T09:52:49.122154+00:00
19,180,N.Jackson,6,FWD,83,0,0,0.0,0.0,0.0,0,1,1,35,0,2026-08-18T09:52:03.974505+00:00,2026-08-18T09:52:49.122154+00:00
19,181,Nkunku,6,MID,58,1.1508,1.9349,0.28,0.2016,0.2765,0.006,1,2,64,1,2026-08-18T09:52:03.974505+00:00,2026-08-18T09:52:49.122154+00:00
19,182,Palmer,6,MID,114,4.3536,4.0668,0.68,0.0576,0.637,0.1148,1,2,90,1,2026-08-18T09:52:03.974505+00:00,2026-08-18T09:52:49.122154+00:00
19,183,Petrović,6,GKP,44,0,0,0.0,0.0,0.0,0,1,0,0,0,2026-08-18T09:52:03.974505+00:00,2026-08-18T09:52:49.122154+00:00
19,184,Renato Veiga,6,MID,45,0,0,0.0,0.0,0.0,0,1,0,0,0,2026-08-18T09:52:03.974505+00:00,2026-08-18T09:52:49.122154+00:00
19,185,Sánchez,6,GKP,48,3.1832,2.1875,0.9,0.008,0.8376,0.0024,1,0,0,0,2026-08-18T09:52:03.974505+00:00,2026-08-18T09:52:49.122154+00:00
19,187,Tosin,6,DEF,42,0.8288,1.6267,0.22,0.1716,0.2183,0.002,1,1,90,1,2026-08-18T09:52:03.974505+00:00,2026-08-18T09:52:49.122154+00:00
19,189,W.Fofana,6,DEF,44,0,0,0.0,0.0,0.0,0,1,0,0,0,2026-08-18T09:52:03.974505+00:00,2026-08-18T09:52:49.122154+00:00
19,386,Sancho,6,MID,62,1.7764,2.1317,0.48,0.1456,0.458,0.0092,1,1,25,0,2026-08-18T09:52:03.974505+00:00,2026-08-18T09:52:49.122154+00:00
19,560,Neto,6,MID,62,1.5872,1.9495,0.48,0.1456,0.458,0.0048,1,1,13,0,2026-08-18T09:52:03.974505+00:00,2026-08-18T09:52:49.122154+00:00
19,575,Wiley,6,DEF,40,0,0,0.0,0.0,0.0,0,1,0,0,0,2026-08-18T09:52:03.974505+00:00,2026-08-18T09:52:49.122154+00:00
19,581,Jørgensen,6,GKP,42,0.152,0.7079,0.04,0.0384,0.0403,0.0,1,2,90,1,2026-08-18T09:52:03.974505+00:00,2026-08-18T09:52:49.122154+00:00
19,621,João Félix,6,MID,60,0,0,0.0,0.0,0.0,0,1,1,54,1,2026-08-18T09:52:03.974505+00:00,2026-08-18T09:52:49.122154+00:00
19,695,Rak-Sakyi,6,MID,45,0.4728,0.9274,0.1,0.198,0.1088,0.0004,1,0,0,0,2026-08-18T09:52:03.974505+00:00,2026-08-18T09:52:49.122154+00:00
19,696,George,6,MID,45,0.452,0.9313,0.1,0.198,0.1088,0.0004,1,0,0,0,2026-08-18T09:52:03.974505+00:00,2026-08-18T09:52:49.122154+00:00
19,697,Acheampong,6,DEF,40,0.454,1.0787,0.1,0.198,0.1088,0.0004,1,0,0,0,2026-08-18T09:52:03.974505+00:00,2026-08-18T09:52:49.122154+00:00
19,740,Maresca,6,MID,15,0.466,0.9271,0.1,0.198,0.1088,0.0,1,,,,2026-08-18T09:52:03.974505+00:00,
19,771,Amougou,6,MID,45,0.4864,0.9959,0.1,0.198,0.1088,0.0004,1,,,,2026-08-18T09:52:03.974505+00:00,
19,774,Anselmino,6,DEF,40,0.5256,1.2117,0.1,0.198,0.1088,0.0008,1,,,,2026-08-18T09:52:03.974505+00:00,
19,781,Mheuka,6,FWD,45,0.4368,0.8854,0.1,0.198,0.1088,0.0004,1,,,,2026-08-18T09:52:03.974505+00:00,
19,782,Samuels-Smith,6,DEF,40,0.5036,1.2054,0.1,0.198,0.1088,0.0004,1,,,,2026-08-18T09:52:03.974505+00:00,
19,787,Genesis Antwi,6,DEF,40,0.4664,1.0758,0.1,0.198,0.1088,0.0004,1,,,,2026-08-18T09:52:03.974505+00:00,
19,11,Nketiah,7,FWD,59,1.0484,1.6916,0.28,0.2016,0.2765,0.0044,1,0,1,0,2026-08-18T09:52:03.974505+00:00,2026-08-18T09:52:49.122154+00:00
19,160,Chilwell,7,DEF,47,0.9628,1.9957,0.24,0.1672,0.2366,0.0068,1,0,0,0,2026-08-18T09:52:03.974505+00:00,2026-08-18T09:52:49.122154+00:00
19,190,Ahamada,7,MID,45,0,0,0.0,0.0,0.0,0,1,0,0,0,2026-08-18T09:52:03.974505+00:00,2026-08-18T09:52:49.122154+00:00
19,193,C.Doucouré,7,MID,49,0,0,0.0,0.0,0.0,0,1,1,4,0,2026-08-18T09:52:03.974505+00:00,2026-08-18T09:52:49.122154+00:00
19,194,C.Richards,7,DEF,44,0.8048,1.553,0.22,0.1716,0.2183,0.0008,1,2,90,1,2026-08-18T09:52:03.974505+00:00,2026-08-18T09:52:49.122154+00:00
19,195,Chadi Riad,7,DEF,43,0,0,0.0,0.0,0.0,0,1,0,0,0,2026-08-18T09:52:03.974505+00:00,2026-08-18T09:52:49.122154+00:00
19,196,Clyne,7,DEF,43,0.4832,1.1586,0.11,0.1958,0.118,0.0004,1,0,0,0,2026-08-18T09:52:03.974505+00:00,2026-08-18T09:52:49.122154+00:00
19,197,Ebiowei,7,MID,45,0,0,0.0,0.0,0.0,0,1,0,0,0,2026-08-18T09:52:03.974505+00:00,2026-08-18T09:52:49.122154+00:00
19,199,Eze,7,MID,66,2.2552,2.7674,0.48,0.1456,0.458,0.024,1,10,85,1,2026-08-18T09:52:03.974505+00:00,2026-08-18T09:52:49.122154+00:00
19,200,Guéhi,7,DEF,45,0,0,0.0,0.0,0.0,0,1,0,0,0,2026-08-18T09:52:03.974505+00:00,2026-08-18T09:52:49.122154+00:00
19,201,Henderson,7,GKP,45,3.3396,2.3003,0.9,0.004,0.8373,0.0012,1,2,90,1,2026-08-18T09:52:03.974505+00:00,2026-08-18T09:52:49.122154+00:00
19,202,Holding,7,DEF,43,0,0,0.0,0.0,0.0,0,1,0,0,0,2026-08-18T09:52:03.974505+00:00,2026-08-18T09:52:49.122154+00:00
19,203,Hughes,7,MID,49,1.5096,1.8896,0.48,0.1144,0.4556,0.006,1,4,85,1,2026-08-18T09:52:03.974505+00:00,2026-08-18T09:52:49.122154+00:00
19,205,Kamada,7,MID,51,1.3688,1.6758,0.48,0.1144,0.4556,0.002,1,1,4,0,2026-08-18T09:52:03.974505+00:00,2026-08-18T09:52:49.122154+00:00
19,206,Lerma,7,MID,48,1.3384,1.6357,0.48,0.1144,0.4556,0.0024,1,2,90,1,2026-08-18T09:52:03.974505+00:00,2026-08-18T09:52:49.122154+00:00
19,207,Mateta,7,FWD,72,2.8592,2.8518,0.68,0.0896,0.6396,0.036,1,2,90,1,2026-08-18T09:52:03.974505+00:00,2026-08-18T09:52:49.122154+00:00
19,208,M.França,7,MID,44,0.4668,0.9743,0.1,0.198,0.1088,0.0004,1,0,0,0,2026-08-18T09:52:03.974505+00:00,2026-08-18T09:52:49.122154+00:00
19,209,Matthews,7,GKP,39,0.16,0.7279,0.04,0.0384,0.0403,0.0,1,0,0,0,2026-08-18T09:52:03.974505+00:00,2026-08-18T09:52:49.122154+00:00
19,210,Mitchell,7,DEF,48,2.4284,2.5502,0.68,0.0576,0.637,0.0124,1,2,90,1,2026-08-18T09:52:03.974505+00:00,2026-08-18T09:52:49.122154+00:00
19,211,Muñoz,7,DEF,47,2.8104,3.208,0.68,0.0704,0.638,0.0428,1,2,90,1,2026-08-18T09:52:03.974505+00:00,2026-08-18T09:52:49.122154+00:00
19,212,Ozoh,7,MID,45,0,0,0.0,0.0,0.0,0,1,0,0,0,2026-08-18T09:52:03.974505+00:00,2026-08-18T09:52:49.122154+00:00
19,213,Rak-Sakyi,7,MID,45,0,0,0.0,0.0,0.0,0,1,0,0,0,2026-08-18T09:52:03.974505+00:00,2026-08-18T09:52:49.122154+00:00
19,214,Schlupp,7,MID,47,0,0,0.0,0.0,0.0,0,1,0,0,0,2026-08-18T09:52:03.974505+00:00,2026-08-18T09:52:49.122154+00:00
19,215,Ward,7,DEF,43,0.7688,1.6041,0.22,0.1404,0.2158,0.0012,1,0,0,0,2026-08-18T09:52:03.974505+00:00,2026-08-18T09:52:49.122154+00:00
19,216,Wharton,7,MID,47,0,0,0.0,0.0,0.0,0,1,0,0,0,2026-08-18T09:52:03.974505+00:00,2026-08-18T09:52:49.122154+00:00
19,445,Turner,7,GKP,40,0.152,0.7491,0.04,0.0384,0.0403,0.0,1,0,0,0,2026-08-18T09:52:03.974505+00:00,2026-08-18T09:52:49.122154+00:00
19,585,I.Sarr,7,MID,59,2.2968,2.8668,0.48,0.1456,0.458,0.0248,1,2,90,1,2026-08-18T09:52:03.974505+00:00,2026-08-18T09:52:49.122154+00:00
19,644,Umeh-Chibueze,7,MID,44,0.4792,0.9885,0.1,0.198,0.1088,0.0,1,0,0,0,2026-08-18T09:52:03.974505+00:00,2026-08-18T09:52:49.122154+00:00
19,645,Devenny,7,MID,45,0.4844,0.9837,0.1,0.198,0.1088,0.0,1,0,0,0,2026-08-18T09:52:03.974505+00:00,2026-08-18T09:52:49.122154+00:00
19,646,Agbinone,7,MID,45,0,0,0.0,0.0,0.0,0,1,0,0,0,2026-08-18T09:52:03.974505+00:00,2026-08-18T09:52:49.122154+00:00
19,647,Rodney,7,MID,45,0.4872,0.9899,0.1,0.198,0.1088,0.0,1,0,0,0,2026-08-18T09:52:03.974505+00:00,2026-08-18T09:52:49.122154+00:00
19,650,Lacroix,7,DEF,45,0.9396,1.8518,0.22,0.1716,0.2183,0.0048,1,2,90,1,2026-08-18T09:52:03.974505+00:00,2026-08-18T09:52:49.122154+00:00
19,666,Kporha,7,DEF,40,0.5608,1.3365,0.1,0.198,0.1088,0.0004,1,0,0,0,2026-08-18T09:52:03.974505+00:00,2026-08-18T09:52:49.122154+00:00
19,676,Marsh,7,FWD,45,0.456,0.9594,0.1,0.198,0.1088,0.0004,1,0,0,0,2026-08-18T09:52:03.974505+00:00,2026-08-18T09:52:49.122154+00:00
19,730,Esse,7,MID,47,0.7088,1.2964,0.18,0.1804,0.1818,0.0004,1,,,,2026-08-18T09:52:03.974505+00:00,
19,741,Glasner,7,MID,8,0.45,0.9333,0.1,0.198,0.1088,0.0004,1,,,,2026-08-18T09:52:03.974505+00:00,
19,156,Broja,8,FWD,54,0.698,1.324,0.18,0.1804,0.1818,0.0024,1,2,74,1,2026-08-18T09:52:03.974505+00:00,2026-08-18T09:52:49.122154+00:00
19,217,A.Doucoure,8,MID,51,1.446,1.6691,0.48,0.1144,0.4556,0.002,1,2,90,1,2026-08-18T09:52:03.974505+00:00,2026-08-18T09:52:49.122154+00:00
19,218,Beto,8,FWD,49,0.722,1.3893,0.18,0.1804,0.1818,0.0036,1,1,15,0,2026-08-18T09:52:03.974505+00:00,2026-08-18T09:52:49.122154+00:00
19,219,Branthwaite,8,DEF,48,0,0,0.0,0.0,0.0,0,1,0,90,1,2026-08-18T09:52:03.974505+00:00,2026-08-18T09:52:49.122154+00:00
19,220,Calvert-Lewin,8,FWD,54,2.4584,2.3452,0.68,0.0704,0.638,0.0176,1,1,22,0,2026-08-18T09:52:03.974505+00:00,2026-08-18T09:52:49.122154+00:00
19,221,Coleman,8,DEF,43,0,0,0.0,0.0,0.0,0,1,0,0,0,2026-08-18T09:52:03.974505+00:00,2026-08-18T09:52:49.122154+00:00
19,222,Gana,8,MID,48,1.378,1.6108,0.48,0.1144,0.4556,0.0012,1,1,67,1,2026-08-18T09:52:03.974505+00:00,2026-08-18T09:52:49.122154+00:00
19,223,Garner,8,MID,49,0.6924,1.2374,0.18,0.1804,0.1818,0.0008,1,0,0,0,2026-08-18T09:52:03.974505+00:00,2026-08-18T09:52:49.122154+00:00
19,224,Harrison,8,MID,52,1.7836,2.2481,0.48,0.1144,0.4556,0.0104,1,1,45,1,2026-08-18T09:52:03.974505+00:00,2026-08-18T09:52:49.122154+00:00
19,225,Holgate,8,DEF,40,0,0,0.0,0.0,0.0,0,1,0,0,0,2026-08-18T09:52:03.974505+00:00,2026-08-18T09:52:49.122154+00:00
19,226,Iroegbunam,8,MID,44,0,0,0.0,0.0,0.0,0,1,0,0,0,2026-08-18T09:52:03.974505+00:00,2026-08-18T09:52:49.122154+00:00
19,227,J.Virginia,8,GKP,39,0.2076,0.9209,0.04,0.0384,0.0403,0.0,1,0,0,0,2026-08-18T09:52:03.974505+00:00,2026-08-18T09:52:49.122154+00:00
19,228,Keane,8,DEF,40,0.9008,1.6992,0.22,0.1716,0.2183,0.0008,1,0,0,0,2026-08-18T09:52:03.974505+00:00,2026-08-18T09:52:49.122154+00:00
19,229,Maupay,8,FWD,49,0,0,0.0,0.0,0.0,0,1,0,0,0,2026-08-18T09:52:03.974505+00:00,2026-08-18T09:52:49.122154+00:00
19,230,McNeil,8,MID,52,1.9884,2.2978,0.48,0.1144,0.4556,0.006,1,0,0,0,2026-08-18T09:52:03.974505+00:00,2026-08-18T09:52:49.122154+00:00
19,231,Mykolenko,8,DEF,43,0.9228,1.776,0.22,0.1716,0.2183,0.0024,1,1,90,1,2026-08-18T09:52:03.974505+00:00,2026-08-18T09:52:49.122154+00:00
19,232,Ndiaye,8,FWD,54,1.6376,1.9657,0.48,0.1144,0.4556,0.0056,1,2,90,1,2026-08-18T09:52:03.974505+00:00,2026-08-18T09:52:49.122154+00:00
19,234,Patterson,8,DEF,44,0.5676,1.3649,0.1,0.198,0.1088,0.0004,1,1,22,0,2026-08-18T09:52:03.974505+00:00,2026-08-18T09:52:49.122154+00:00
19,235,Pickford,8,GKP,50,3.626,2.4021,0.9,0.008,0.8376,0.0056,1,1,90,1,2026-08-18T09:52:03.974505+00:00,2026-08-18T09:52:49.122154+00:00
19,236,Tarkowski,8,DEF,48,0,0,0.0,0.0,0.0,0,1,0,90,1,2026-08-18T09:52:03.974505+00:00,2026-08-18T09:52:49.122154+00:00
19,237,Y. Chermiti,8,FWD,49,0.732,1.4003,0.18,0.1804,0.1818,0.002,1,0,0,0,2026-08-18T09:52:03.974505+00:00,2026-08-18T09:52:49.122154+00:00
19,238,Young,8,DEF,47,1.8788,2.4525,0.48,0.1144,0.4556,0.0096,1,1,67,1,2026-08-18T09:52:03.974505+00:00,2026-08-18T09:52:49.122154+00:00
19,450,Alcaraz,8,MID,49,0.7488,1.4322,0.18,0.1804,0.1818,0.002,1,0,0,0,2026-08-18T09:52:03.974505+00:00,2026-08-18T09:52:49.122154+00:00
19,577,Lindstrøm,8,MID,51,0,0,0.0,0.0,0.0,0,1,1,45,1,2026-08-18T09:52:03.974505+00:00,2026-08-18T09:52:49.122154+00:00
19,582,O'Brien,8,DEF,46,0.7972,1.7171,0.18,0.1804,0.1818,0.0028,1,0,0,0,2026-08-18T09:52:03.974505+00:00,2026-08-18T09:52:49.122154+00:00
19,603,Armstrong,8,MID,45,0,0,0.0,0.0,0.0,0,1,0,0,0,2026-08-18T09:52:03.974505+00:00,2026-08-18T09:52:49.122154+00:00
19,614,Metcalfe,8,MID,45,0,0,0.0,0.0,0.0,0,1,0,0,0,2026-08-18T09:52:03.974505+00:00,2026-08-18T09:52:49.122154+00:00
19,624,Begovic,8,GKP,40,0.1916,0.8381,0.04,0.0384,0.0403,0.0,1,0,0,0,2026-08-18T09:52:03.974505+00:00,2026-08-18T09:52:49.122154+00:00
19,627,Dixon,8,DEF,40,0.5132,1.2093,0.1,0.198,0.1088,0.0,1,0,0,0,2026-08-18T09:52:03.974505+00:00,2026-08-18T09:52:49.122154+00:00
19,651,Mangala,8,MID,50,0,0,0.0,0.0,0.0,0,1,2,90,1,2026-08-18T09:52:03.974505+00:00,2026-08-18T09:52:49.122154+00:00
19,678,Bates,8,MID,45,0.4784,1.0054,0.1,0.198,0.1088,0.0004,1,0,0,0,2026-08-18T09:52:03.974505+00:00,2026-08-18T09:52:49.122154+00:00
19,724,Sherif,8,FWD,45,0.45,0.9264,0.1,0.198,0.1088,0.0,1,,,,2026-08-18T09:52:03.974505+00:00,
19,742,Moyes,8,MID,5,0.478,1.0278,0.1,0.198,0.1088,0.0004,1,,,,2026-08-18T09:52:03.974505+00:00,
19,773,Heath,8,MID,45,0.4588,0.9574,0.1,0.198,0.1088,0.0004,1,,,,2026-08-18T09:52:03.974505+00:00,
19,775,Coby Ebere,8,MID,45,0.446,0.895,0.1,0.198,0.1088,0.0,1,,,,2026-08-18T09:52:03.974505+00:00,
19,803,Welch,8,DEF,40,0.5036,1.1941,0.1,0.198,0.1088,0.0,1,,,,2026-08-18T09:52:03.974505+00:00,
19,10,Nelson,9,MID,50,0,0,0.0,0.0,0.0,0,1,0,0,0,2026-08-18T09:52:03.974505+00:00,2026-08-18T09:52:49.122154+00:00
19,19,Smith Rowe,9,MID,54,2.038,2.5036,0.48,0.1144,0.4556,0.0132,1,1,1,0,2026-08-18T09:52:03.974505+00:00,2026-08-18T09:52:49.122154+00:00
19,191,Andersen,9,DEF,42,0.9052,1.7251,0.22,0.1716,0.2183,0.0008,1,0,90,1,2026-08-18T09:52:03.974505+00:00,2026-08-18T09:52:49.122154+00:00
19,239,Adama,9,MID,47,2.1272,2.6848,0.48,0.1144,0.4556,0.0212,1,1,12,0,2026-08-18T09:52:03.974505+00:00,2026-08-18T09:52:49.122154+00:00
19,240,Andreas,9,MID,50,1.7772,2.3774,0.48,0.1144,0.4556,0.0124,1,5,67,1,2026-08-18T09:52:03.974505+00:00,2026-08-18T09:52:49.122154+00:00
19,241,Bassey,9,DEF,45,0.756,1.5408,0.22,0.1404,0.2158,0.0012,1,1,90,1,2026-08-18T09:52:03.974505+00:00,2026-08-18T09:52:49.122154+00:00
19,242,Benda,9,GKP,40,0.1616,0.7811,0.04,0.0384,0.0403,0.0,1,0,0,0,2026-08-18T09:52:03.974505+00:00,2026-08-18T09:52:49.122154+00:00
19,243,Cairney,9,MID,48,0.6856,1.286,0.18,0.1804,0.1818,0.0012,1,1,22,0,2026-08-18T09:52:03.974505+00:00,2026-08-18T09:52:49.122154+00:00
19,244,Castagne,9,DEF,42,0,0,0.0,0.0,0.0,0,1,1,90,1,2026-08-18T09:52:03.974505+00:00,2026-08-18T09:52:49.122154+00:00
19,245,Diop,9,DEF,44,0.8376,1.613,0.22,0.1716,0.2183,0.0008,1,1,90,1,2026-08-18T09:52:03.974505+00:00,2026-08-18T09:52:49.122154+00:00
19,246,Harris,9,MID,45,0,0,0.0,0.0,0.0,0,1,0,0,0,2026-08-18T09:52:03.974505+00:00,2026-08-18T09:52:49.122154+00:00
19,247,Iwobi,9,MID,58,2.7956,2.71,0.68,0.0576,0.637,0.0272,1,2,90,1,2026-08-18T09:52:03.974505+00:00,2026-08-18T09:52:49.122154+00:00
19,248,Leno,9,GKP,50,3.2248,2.2564,0.9,0.008,0.8376,0.0004,1,3,90,1,2026-08-18T09:52:03.974505+00:00,2026-08-18T09:52:49.122154+00:00
19,249,Lukić,9,MID,48,1.2416,1.4673,0.48,0.1144,0.4556,0.0004,1,2,90,1,2026-08-18T09:52:03.974505+00:00,2026-08-18T09:52:49.122154+00:00
19,250,Mbabu,9,DEF,40,0,0,0.0,0.0,0.0,0,1,0,0,0,2026-08-18T09:52:03.974505+00:00,2026-08-18T09:52:49.122154+00:00
19,251,Muniz,9,FWD,55,0,0,0.0,0.0,0.0,0,1,1,22,0,2026-08-18T09:52:03.974505+00:00,2026-08-18T09:52:49.122154+00:00
19,252,Raúl,9,FWD,55,2.3204,2.787,0.48,0.1456,0.458,0.0272,1,9,67,1,2026-08-18T09:52:03.974505+00:00,2026-08-18T09:52:49.122154+00:00
19,253,Ream,9,DEF,45,0,0,0.0,0.0,0.0,0,1,0,0,0,2026-08-18T09:52:03.974505+00:00,2026-08-18T09:52:49.122154+00:00
19,254,Reed,9,MID,47,0,0,0.0,0.0,0.0,0,1,0,0,0,2026-08-18T09:52:03.974505+00:00,2026-08-18T09:52:49.122154+00:00
19,255,Robinson,9,DEF,49,2.546,2.6823,0.68,0.0576,0.637,0.0156,1,4,90,1,2026-08-18T09:52:03.974505+00:00,2026-08-18T09:52:49.122154+00:00
19,256,Stansfield,9,FWD,50,0,0,0.0,0.0,0.0,0,1,0,0,0,2026-08-18T09:52:03.974505+00:00,2026-08-18T09:52:49.122154+00:00
19,257,Tete,9,DEF,45,0.938,1.8662,0.22,0.1716,0.2183,0.0052,1,0,0,0,2026-08-18T09:52:03.974505+00:00,2026-08-18T09:52:49.122154+00:00
19,258,Vinicius,9,FWD,50,0.6548,1.2028,0.18,0.1804,0.1818,0.0008,1,0,0,0,2026-08-18T09:52:03.974505+00:00,2026-08-18T09:52:49.122154+00:00
19,259,Wilson,9,MID,52,1.1436,1.9991,0.28,0.1584,0.2731,0.0076,1,8,77,1,2026-08-18T09:52:03.974505+00:00,2026-08-18T09:52:49.122154+00:00
19,579,Sessegnon,9,DEF,42,0.5296,1.2394,0.1,0.198,0.1088,0.0004,1,0,0,0,2026-08-18T09:52:03.974505+00:00,2026-08-18T09:52:49.122154+00:00
19,586,J.Cuenca,9,DEF,44,0.5312,1.2487,0.1,0.198,0.1088,0.0004,1,0,0,0,2026-08-18T09:52:03.974505+00:00,2026-08-18T09:52:49.122154+00:00
19,604,King,9,MID,45,0.4768,0.9597,0.1,0.198,0.1088,0.0,1,1,1,0,2026-08-18T09:52:03.974505+00:00,2026-08-18T09:52:49.122154+00:00
19,605,Godo,9,MID,45,0.4752,0.9876,0.1,0.198,0.1088,0.0004,1,0,0,0,2026-08-18T09:52:03.974505+00:00,2026-08-18T09:52:49.122154+00:00
19,622,Berge,9,MID,50,1.4008,1.6311,0.48,0.1144,0.4556,0.002,1,0,0,0,2026-08-18T09:52:03.974505+00:00,2026-08-18T09:52:49.122154+00:00
19,690,Amissah,9,DEF,40,0.532,1.2866,0.1,0.198,0.1088,0.0016,1,0,0,0,2026-08-18T09:52:03.974505+00:00,2026-08-18T09:52:49.122154+00:00
19,753,Silva,9,MID,11,0.4516,0.9196,0.1,0.198,0.1088,0.0004,1,,,,2026-08-18T09:52:03.974505+00:00,
19,772,Willian,9,MID,50,3.7656,3.1565,0.82,0.0324,0.7652,0.0572,1,,,,2026-08-18T09:52:03.974505+00:00,
19,121,Enciso,10,MID,54,0.742,1.4569,0.18,0.1804,0.1818,0.0012,1,1,57,1,2026-08-18T09:52:03.974505+00:00,2026-08-18T09:52:49.122154+00:00
19,260,Al-Hamadi,10,FWD,48,0,0,0.0,0.0,0.0,0,1,1,1,0,2026-08-18T09:52:03.974505+00:00,2026-08-18T09:52:49.122154+00:00
19,261,Baggott,10,DEF,40,0,0,0.0,0.0,0.0,0,1,0,0,0,2026-08-18T09:52:03.974505+00:00,2026-08-18T09:52:49.122154+00:00
19,262,Broadhead,10,MID,49,0.6824,1.2515,0.18,0.1804,0.1818,0.0008,1,3,76,1,2026-08-18T09:52:03.974505+00:00,2026-08-18T09:52:49.122154+00:00
19,263,Burgess,10,DEF,40,0.9116,1.7448,0.22,0.1716,0.2183,0.0036,1,0,0,0,2026-08-18T09:52:03.974505+00:00,2026-08-18T09:52:49.122154+00:00
19,264,Burns,10,MID,48,0,0,0.0,0.0,0.0,0,1,3,85,1,2026-08-18T09:52:03.974505+00:00,2026-08-18T09:52:49.122154+00:00
19,265,Chaplin,10,MID,51,1.0388,1.6909,0.28,0.1584,0.2731,0.0024,1,0,0,0,2026-08-18T09:52:03.974505+00:00,2026-08-18T09:52:49.122154+00:00
19,266,H.Clarke,10,DEF,40,0,0,0.0,0.0,0.0,0,1,0,0,0,2026-08-18T09:52:03.974505+00:00,2026-08-18T09:52:49.122154+00:00
19,267,Davis,10,DEF,45,1.0456,2.0891,0.22,0.1404,0.2158,0.0084,1,5,90,1,2026-08-18T09:52:03.974505+00:00,2026-08-18T09:52:49.122154+00:00
19,268,Delap,10,FWD,56,2.4844,2.4441,0.68,0.0896,0.6396,0.0164,1,11,90,1,2026-08-18T09:52:03.974505+00:00,2026-08-18T09:52:49.122154+00:00
19,269,Edmundson,10,DEF,40,0,0,0.0,0.0,0.0,0,1,0,0,0,2026-08-18T09:52:03.974505+00:00,2026-08-18T09:52:49.122154+00:00
19,270,Greaves,10,DEF,39,0.8636,1.6725,0.22,0.1716,0.2183,0.0016,1,6,90,1,2026-08-18T09:52:03.974505+00:00,2026-08-18T09:52:49.122154+00:00
19,271,Harness,10,MID,49,0,0,0.0,0.0,0.0,0,1,0,0,0,2026-08-18T09:52:03.974505+00:00,2026-08-18T09:52:49.122154+00:00
19,272,Hirst,10,FWD,54,0.834,1.66,0.18,0.1804,0.1818,0.0072,1,0,0,0,2026-08-18T09:52:03.974505+00:00,2026-08-18T09:52:49.122154+00:00
19,273,Humphreys,10,MID,45,0,0,0.0,0.0,0.0,0,1,0,0,0,2026-08-18T09:52:03.974505+00:00,2026-08-18T09:52:49.122154+00:00
19,274,Hutchinson,10,MID,52,2.1016,1.9734,0.68,0.0704,0.638,0.0056,1,9,90,1,2026-08-18T09:52:03.974505+00:00,2026-08-18T09:52:49.122154+00:00
19,275,Johnson,10,DEF,39,0.8608,1.651,0.22,0.1716,0.2183,0.0016,1,1,4,0,2026-08-18T09:52:03.974505+00:00,2026-08-18T09:52:49.122154+00:00
19,276,Ladapo,10,FWD,45,0,0,0.0,0.0,0.0,0,1,0,0,0,2026-08-18T09:52:03.974505+00:00,2026-08-18T09:52:49.122154+00:00
19,277,Luongo,10,MID,44,0.4664,0.98,0.1,0.198,0.1088,0.0004,1,0,0,0,2026-08-18T09:52:03.974505+00:00,2026-08-18T09:52:49.122154+00:00
19,278,Morsy,10,MID,49,1.9376,1.6684,0.68,0.0704,0.638,0.0012,1,2,90,1,2026-08-18T09:52:03.974505+00:00,2026-08-18T09:52:49.122154+00:00
19,279,Ndaba,10,DEF,40,0,0,0.0,0.0,0.0,0,1,0,0,0,2026-08-18T09:52:03.974505+00:00,2026-08-18T09:52:49.122154+00:00
19,280,Slicker,10,GKP,39,0.176,0.8235,0.04,0.0384,0.0403,0.0004,1,0,0,0,2026-08-18T09:52:03.974505+00:00,2026-08-18T09:52:49.122154+00:00
19,281,Taylor,10,MID,48,1.006,1.5719,0.28,0.1584,0.2731,0.0032,1,1,1,0,2026-08-18T09:52:03.974505+00:00,2026-08-18T09:52:49.122154+00:00
19,282,Tuanzebe,10,DEF,39,0.79,1.5519,0.22,0.1716,0.2183,0.0012,1,0,0,0,2026-08-18T09:52:03.974505+00:00,2026-08-18T09:52:49.122154+00:00
19,283,Walton,10,GKP,43,3.196,2.3063,0.88,0.0048,0.8188,0.0024,1,9,90,1,2026-08-18T09:52:03.974505+00:00,2026-08-18T09:52:49.122154+00:00
19,284,Woolfenden,10,DEF,40,0.78,1.5223,0.22,0.1716,0.2183,0.0,1,6,90,1,2026-08-18T09:52:03.974505+00:00,2026-08-18T09:52:49.122154+00:00
19,359,Phillips,10,MID,48,0,0,0.0,0.0,0.0,0,1,1,13,0,2026-08-18T09:52:03.974505+00:00,2026-08-18T09:52:49.122154+00:00
19,568,Muric,10,GKP,44,0,0,0.0,0.0,0.0,0,1,0,0,0,2026-08-18T09:52:03.974505+00:00,2026-08-18T09:52:49.122154+00:00
19,569,Jaden,10,MID,53,0,0,0.0,0.0,0.0,0,1,0,0,0,2026-08-18T09:52:03.974505+00:00,2026-08-18T09:52:49.122154+00:00
19,583,Townsend,10,DEF,40,0.3532,0.9183,0.05,0.209,0.0632,0.0,1,0,0,0,2026-08-18T09:52:03.974505+00:00,2026-08-18T09:52:49.122154+00:00
19,611,Szmodics,10,MID,58,1.9644,2.5146,0.48,0.1456,0.458,0.0164,1,1,13,0,2026-08-18T09:52:03.974505+00:00,2026-08-18T09:52:49.122154+00:00
19,619,Cajuste,10,MID,45,1.2956,1.4134,0.48,0.1144,0.4556,0.0,1,3,76,1,2026-08-18T09:52:03.974505+00:00,2026-08-18T09:52:49.122154+00:00
19,630,O'Shea,10,DEF,41,0.8908,1.7675,0.22,0.1716,0.2183,0.0032,1,5,90,1,2026-08-18T09:52:03.974505+00:00,2026-08-18T09:52:49.122154+00:00
19,631,J.Clarke,10,MID,54,1.008,1.7342,0.28,0.1584,0.2731,0.0056,1,0,0,0,2026-08-18T09:52:03.974505+00:00,2026-08-18T09:52:49.122154+00:00
19,632,Ogbene,10,MID,49,0,0,0.0,0.0,0.0,0,1,0,0,0,2026-08-18T09:52:03.974505+00:00,2026-08-18T09:52:49.122154+00:00
19,715,Godfrey,10,DEF,40,1.006,2.0797,0.22,0.1716,0.2183,0.008,1,,,,2026-08-18T09:52:03.974505+00:00,
19,743,McKenna,10,MID,5,0.4788,0.9881,0.1,0.198,0.1088,0.0,1,,,,2026-08-18T09:52:03.974505+00:00,
19,764,Palmer,10,GKP,45,0.1564,0.7106,0.04,0.0384,0.0403,0.0,1,,,,2026-08-18T09:52:03.974505+00:00,
19,799,Boniface,10,DEF,40,0.5568,1.3131,0.1,0.198,0.1088,0.0008,1,,,,2026-08-18T09:52:03.974505+00:00,
19,800,Tom Taylor,10,MID,45,0.4868,0.9959,0.1,0.198,0.1088,0.0,1,,,,2026-08-18T09:52:03.974505+00:00,
19,117,Buonanotte,11,MID,49,1.77,2.3629,0.48,0.1144,0.4556,0.0088,1,2,90,1,2026-08-18T09:52:03.974505+00:00,2026-08-18T09:52:49.122154+00:00
19,192,J.Ayew,11,MID,52,1.7756,2.4001,0.48,0.1144,0.4556,0.0128,1,0,0,0,2026-08-18T09:52:03.974505+00:00,2026-08-18T09:52:49.122154+00:00
19,198,Edouard,11,FWD,51,0.6752,1.2743,0.18,0.1804,0.1818,0.0016,1,0,0,0,2026-08-18T09:52:03.974505+00:00,2026-08-18T09:52:49.122154+00:00
19,285,B.Soumaré,11,MID,44,0.774,1.1445,0.28,0.1584,0.2731,0.0,1,1,90,1,2026-08-18T09:52:03.974505+00:00,2026-08-18T09:52:49.122154+00:00
19,286,Cannon,11,FWD,45,0,0,0.0,0.0,0.0,0,1,0,0,0,2026-08-18T09:52:03.974505+00:00,2026-08-18T09:52:49.122154+00:00
19,287,Choudhury,11,MID,43,0,0,0.0,0.0,0.0,0,1,1,20,0,2026-08-18T09:52:03.974505+00:00,2026-08-18T09:52:49.122154+00:00
19,288,Coady,11,DEF,40,0.82,1.5826,0.22,0.1716,0.2183,0.0012,1,1,84,1,2026-08-18T09:52:03.974505+00:00,2026-08-18T09:52:49.122154+00:00
19,289,Daka,11,FWD,48,0.6424,1.2155,0.18,0.1804,0.1818,0.0008,1,1,5,0,2026-08-18T09:52:03.974505+00:00,2026-08-18T09:52:49.122154+00:00
19,290,De Cordova-Reid,11,MID,52,0,0,0.0,0.0,0.0,0,1,0,0,0,2026-08-18T09:52:03.974505+00:00,2026-08-18T09:52:49.122154+00:00
19,291,Faes,11,DEF,40,0.8812,1.7592,0.22,0.1716,0.2183,0.0048,1,0,0,0,2026-08-18T09:52:03.974505+00:00,2026-08-18T09:52:49.122154+00:00
19,292,Golding,11,MID,44,0.4892,1.0115,0.1,0.198,0.1088,0.0008,1,0,0,0,2026-08-18T09:52:03.974505+00:00,2026-08-18T09:52:49.122154+00:00
19,293,Hermansen,11,GKP,45,0,0,0.0,0.0,0.0,0,1,0,0,0,2026-08-18T09:52:03.974505+00:00,2026-08-18T09:52:49.122154+00:00
19,294,Iversen,11,GKP,39,0.18,0.8423,0.04,0.0384,0.0403,0.0,1,0,0,0,2026-08-18T09:52:03.974505+00:00,2026-08-18T09:52:49.122154+00:00
19,295,Justin,11,DEF,43,0.9108,1.8014,0.22,0.1716,0.2183,0.0056,1,2,69,1,2026-08-18T09:52:03.974505+00:00,2026-08-18T09:52:49.122154+00:00
19,296,Kristiansen,11,DEF,45,0.8504,1.5883,0.22,0.1716,0.2183,0.0,1,1,90,1,2026-08-18T09:52:03.974505+00:00,2026-08-18T09:52:49.122154+00:00
19,297,Marcal,11,MID,45,0,0,0.0,0.0,0.0,0,1,0,0,0,2026-08-18T09:52:03.974505+00:00,2026-08-18T09:52:49.122154+00:00
19,298,Mavididi,11,MID,51,0,0,0.0,0.0,0.0,0,1,2,89,1,2026-08-18T09:52:03.974505+00:00,2026-08-18T09:52:49.122154+00:00
19,299,McAteer,11,MID,47,0.9284,1.4151,0.28,0.1584,0.2731,0.0008,1,0,0,0,2026-08-18T09:52:03.974505+00:00,2026-08-18T09:52:49.122154+00:00
19,300,Ndidi,11,MID,49,1.5048,1.852,0.48,0.1144,0.4556,0.0028,1,0,0,0,2026-08-18T09:52:03.974505+00:00,2026-08-18T09:52:49.122154+00:00
19,301,Okoli,11,DEF,40,0.8408,1.6402,0.22,0.1716,0.2183,0.0012,1,1,5,0,2026-08-18T09:52:03.974505+00:00,2026-08-18T09:52:49.122154+00:00
19,302,Ricardo,11,DEF,41,0.5116,1.2199,0.1,0.198,0.1088,0.0012,1,0,0,0,2026-08-18T09:52:03.974505+00:00,2026-08-18T09:52:49.122154+00:00
19,303,Souttar,11,DEF,40,0,0,0.0,0.0,0.0,0,1,0,0,0,2026-08-18T09:52:03.974505+00:00,2026-08-18T09:52:49.122154+00:00
19,304,Stolarczyk,11,GKP,40,0.2208,0.9869,0.04,0.0384,0.0403,0.0,1,2,90,1,2026-08-18T09:52:03.974505+00:00,2026-08-18T09:52:49.122154+00:00
19,305,Thomas,11,DEF,39,0.56,1.2933,0.1,0.198,0.1088,0.0,1,0,0,0,2026-08-18T09:52:03.974505+00:00,2026-08-18T09:52:49.122154+00:00
19,306,Vardy,11,FWD,56,2.8932,2.8174,0.68,0.0896,0.6396,0.0316,1,2,90,1,2026-08-18T09:52:03.974505+00:00,2026-08-18T09:52:49.122154+00:00
19,307,Vestergaard,11,DEF,40,0.7364,1.4821,0.22,0.1716,0.2183,0.0008,1,1,90,1,2026-08-18T09:52:03.974505+00:00,2026-08-18T09:52:49.122154+00:00
19,308,Ward,11,GKP,40,3.006,2.2092,0.88,0.0048,0.8188,0.0016,1,0,0,0,2026-08-18T09:52:03.974505+00:00,2026-08-18T09:52:49.122154+00:00
19,309,Winks,11,MID,45,1.316,1.5629,0.48,0.1144,0.4556,0.0016,1,2,84,1,2026-08-18T09:52:03.974505+00:00,2026-08-18T09:52:49.122154+00:00
19,501,Skipp,11,MID,48,0.7888,1.1893,0.28,0.1584,0.2731,0.0004,1,0,0,0,2026-08-18T09:52:03.974505+00:00,2026-08-18T09:52:49.122154+00:00
19,570,A.Fatawu,11,MID,52,0,0,0.0,0.0,0.0,0,1,0,0,0,2026-08-18T09:52:03.974505+00:00,2026-08-18T09:52:49.122154+00:00
19,606,Alves,11,MID,45,0,0,0.0,0.0,0.0,0,1,1,1,0,2026-08-18T09:52:03.974505+00:00,2026-08-18T09:52:49.122154+00:00
19,616,Nelson,11,DEF,40,0,0,0.0,0.0,0.0,0,1,0,0,0,2026-08-18T09:52:03.974505+00:00,2026-08-18T09:52:49.122154+00:00
19,635,El Khannouss,11,MID,48,1.7364,1.9452,0.48,0.1144,0.4556,0.0032,1,1,90,1,2026-08-18T09:52:03.974505+00:00,2026-08-18T09:52:49.122154+00:00
19,694,Cartwright,11,MID,45,0.4688,1.0007,0.1,0.198,0.1088,0.0,1,0,0,0,2026-08-18T09:52:03.974505+00:00,2026-08-18T09:52:49.122154+00:00
19,708,Wilson-Brown,11,DEF,40,0,0,0.0,0.0,0.0,0,1,0,0,0,2026-08-18T09:52:03.974505+00:00,2026-08-18T09:52:49.122154+00:00
19,726,Coulibaly,11,DEF,40,0.5184,1.2416,0.1,0.198,0.1088,0.0004,1,,,,2026-08-18T09:52:03.974505+00:00,
19,754,Van Nistelrooy,11,MID,5,0.4544,0.9501,0.1,0.198,0.1088,0.0004,1,,,,2026-08-18T09:52:03.974505+00:00,
19,792,Monga,11,MID,45,0.496,1.0431,0.1,0.198,0.1088,0.0,1,,,,2026-08-18T09:52:03.974505+00:00,
19,796,Olabade Aluko,11,DEF,40,0.5312,1.2653,0.1,0.198,0.1088,0.0008,1,,,,2026-08-18T09:52:03.974505+00:00,
19,797,Jake Evans,11,MID,45,0.486,1.017,0.1,0.198,0.1088,0.0004,1,,,,2026-08-18T09:52:03.974505+00:00,
19,802,Braybrooke,11,MID,45,0.4888,0.9963,0.1,0.198,0.1088,0.0,1,,,,2026-08-18T09:52:03.974505+00:00,
19,310,A.Becker,12,GKP,54,2.9872,2.2095,0.88,0.0096,0.8192,0.0028,1,6,90,1,2026-08-18T09:52:03.974505+00:00,2026-08-18T09:52:49.122154+00:00
19,311,Alexander-Arnold,12,DEF,71,2.0052,2.6133,0.48,0.1456,0.458,0.0172,1,15,90,1,2026-08-18T09:52:03.974505+00:00,2026-08-18T09:52:49.122154+00:00
19,312,Bajcetic,12,MID,45,0,0,0.0,0.0,0.0,0,1,0,0,0,2026-08-18T09:52:03.974505+00:00,2026-08-18T09:52:49.122154+00:00
19,313,Bradley,12,DEF,47,0.6784,1.4953,0.18,0.1804,0.1818,0.0044,1,0,0,0,2026-08-18T09:52:03.974505+00:00,2026-08-18T09:52:49.122154+00:00
19,315,Clark,12,MID,45,0,0,0.0,0.0,0.0,0,1,0,0,0,2026-08-18T09:52:03.974505+00:00,2026-08-18T09:52:49.122154+00:00
19,316,Darwin,12,FWD,71,0.9772,1.6276,0.28,0.2016,0.2765,0.0044,1,0,0,0,2026-08-18T09:52:03.974505+00:00,2026-08-18T09:52:49.122154+00:00
19,317,Diogo J.,12,MID,72,1.4032,2.2676,0.28,0.2016,0.2765,0.0108,1,6,32,0,2026-08-18T09:52:03.974505+00:00,2026-08-18T09:52:49.122154+00:00
19,318,Doak,12,MID,45,0,0,0.0,0.0,0.0,0,1,0,0,0,2026-08-18T09:52:03.974505+00:00,2026-08-18T09:52:49.122154+00:00
19,319,Elliott,12,MID,52,0.6996,1.2932,0.18,0.1804,0.1818,0.0012,1,1,16,0,2026-08-18T09:52:03.974505+00:00,2026-08-18T09:52:49.122154+00:00
19,320,Endo,12,MID,46,0.6356,1.135,0.18,0.1804,0.1818,0.0004,1,1,33,0,2026-08-18T09:52:03.974505+00:00,2026-08-18T09:52:49.122154+00:00
19,321,Gakpo,12,FWD,72,2.0492,2.4517,0.48,0.1456,0.458,0.0124,1,5,57,1,2026-08-18T09:52:03.974505+00:00,2026-08-18T09:52:49.122154+00:00
19,322,Gomez,12,DEF,49,0.8608,1.6159,0.28,0.1584,0.2731,0.0024,1,1,36,0,2026-08-18T09:52:03.974505+00:00,2026-08-18T09:52:49.122154+00:00
19,323,Gravenberch,12,MID,50,0,0,0.0,0.0,0.0,0,1,4,56,1,2026-08-18T09:52:03.974505+00:00,2026-08-18T09:52:49.122154+00:00
19,324,Jones,12,MID,53,1.8132,2.2974,0.48,0.1144,0.4556,0.0072,1,6,73,1,2026-08-18T09:52:03.974505+00:00,2026-08-18T09:52:49.122154+00:00
19,325,Kelleher,12,GKP,43,0.164,0.7614,0.04,0.0384,0.0403,0.0,1,0,0,0,2026-08-18T09:52:03.974505+00:00,2026-08-18T09:52:49.122154+00:00
19,326,Konaté,12,DEF,51,1.324,1.9984,0.48,0.1144,0.4556,0.0056,1,0,0,0,2026-08-18T09:52:03.974505+00:00,2026-08-18T09:52:49.122154+00:00
19,327,Luis Díaz,12,MID,75,2.462,2.9744,0.48,0.1456,0.458,0.0328,1,9,90,1,2026-08-18T09:52:03.974505+00:00,2026-08-18T09:52:49.122154+00:00
19,328,M.Salah,12,MID,136,4.89,4.6479,0.68,0.0896,0.6396,0.1528,1,16,90,1,2026-08-18T09:52:03.974505+00:00,2026-08-18T09:52:49.122154+00:00
19,329,Mac Allister,12,MID,62,0,0,0.0,0.0,0.0,0,1,3,90,1,2026-08-18T09:52:03.974505+00:00,2026-08-18T09:52:49.122154+00:00
19,330,McConnell,12,MID,44,0.4276,0.8802,0.1,0.198,0.1088,0.0004,1,0,0,0,2026-08-18T09:52:03.974505+00:00,2026-08-18T09:52:49.122154+00:00
19,331,Morton,12,MID,44,0.4764,0.9292,0.1,0.198,0.1088,0.0,1,0,0,0,2026-08-18T09:52:03.974505+00:00,2026-08-18T09:52:49.122154+00:00
19,332,N.Phillips,12,DEF,40,0,0,0.0,0.0,0.0,0,1,0,0,0,2026-08-18T09:52:03.974505+00:00,2026-08-18T09:52:49.122154+00:00
19,333,Quansah,12,DEF,39,0.478,1.0953,0.1,0.198,0.1088,0.0,1,1,53,1,2026-08-18T09:52:03.974505+00:00,2026-08-18T09:52:49.122154+00:00
19,334,R.Williams,12,DEF,40,0,0,0.0,0.0,0.0,0,1,0,0,0,2026-08-18T09:52:03.974505+00:00,2026-08-18T09:52:49.122154+00:00
19,335,Robertson,12,DEF,59,1.6772,2.1842,0.48,0.1456,0.458,0.006,1,6,73,1,2026-08-18T09:52:03.974505+00:00,2026-08-18T09:52:49.122154+00:00
19,336,Szoboszlai,12,MID,63,1.9748,2.5644,0.48,0.1456,0.458,0.016,1,0,0,0,2026-08-18T09:52:03.974505+00:00,2026-08-18T09:52:49.122154+00:00
19,337,Tsimikas,12,DEF,46,0.6764,1.3927,0.18,0.1804,0.1818,0.0004,1,1,16,0,2026-08-18T09:52:03.974505+00:00,2026-08-18T09:52:49.122154+00:00
19,339,Virgil,12,DEF,65,2.1044,2.3489,0.68,0.0576,0.637,0.0112,1,6,90,1,2026-08-18T09:52:03.974505+00:00,2026-08-18T09:52:49.122154+00:00
19,636,Chiesa,12,MID,68,1.6056,2.036,0.45,0.154,0.4308,0.0068,1,0,0,0,2026-08-18T09:52:03.974505+00:00,2026-08-18T09:52:49.122154+00:00
19,660,Jaros,12,GKP,40,0.2316,1.0245,0.04,0.0384,0.0403,0.0004,1,0,0,0,2026-08-18T09:52:03.974505+00:00,2026-08-18T09:52:49.122154+00:00
19,669,Davies,12,GKP,40,0.1504,0.6899,0.04,0.0384,0.0403,0.0,1,0,0,0,2026-08-18T09:52:03.974505+00:00,2026-08-18T09:52:49.122154+00:00
19,688,Nyoni,12,MID,45,0.474,0.9758,0.1,0.198,0.1088,0.0,1,0,0,0,2026-08-18T09:52:03.974505+00:00,2026-08-18T09:52:49.122154+00:00
19,692,Nallo,12,DEF,40,0.4808,1.1446,0.1,0.198,0.1088,0.0004,1,0,0,0,2026-08-18T09:52:03.974505+00:00,2026-08-18T09:52:49.122154+00:00
19,709,Danns,12,FWD,45,0,0,0.0,0.0,0.0,0,1,0,0,0,2026-08-18T09:52:03.974505+00:00,2026-08-18T09:52:49.122154+00:00
19,744,Slot,12,MID,15,0.4548,0.9232,0.1,0.198,0.1088,0.0,1,,,,2026-08-18T09:52:03.974505+00:00,
19,340,Akanji,13,DEF,53,1.3308,1.9251,0.48,0.1144,0.4556,0.0012,1,7,90,1,2026-08-18T09:52:03.974505+00:00,2026-08-18T09:52:49.122154+00:00
19,341,Aké,13,DEF,53,0.9552,1.7399,0.28,0.1584,0.2731,0.0036,1,6,69,1,2026-08-18T09:52:03.974505+00:00,2026-08-18T09:52:49.122154+00:00
19,342,Bernardo,13,MID,63,2.5612,2.4793,0.68,0.0896,0.6396,0.0176,1,3,90,1,2026-08-18T09:52:03.974505+00:00,2026-08-18T09:52:49.122154+00:00
19,343,Bobb,13,MID,47,0.7128,1.4472,0.18,0.1804,0.1818,0.0044,1,0,0,0,2026-08-18T09:52:03.974505+00:00,2026-08-18T09:52:49.122154+00:00
19,344,Carson,13,GKP,40,0.172,0.7399,0.04,0.0384,0.0403,0.0,1,0,0,0,2026-08-18T09:52:03.974505+00:00,2026-08-18T09:52:49.122154+00:00
19,345,De Bruyne,13,MID,94,1.5564,2.5249,0.28,0.2016,0.2765,0.0192,1,3,90,1,2026-08-18T09:52:03.974505+00:00,2026-08-18T09:52:49.122154+00:00
19,346,Doku,13,MID,62,1.7356,2.0002,0.48,0.1456,0.458,0.006,1,0,0,0,2026-08-18T09:52:03.974505+00:00,2026-08-18T09:52:49.122154+00:00
19,347,Ederson M.,13,GKP,53,2.5344,2.0312,0.9,0.008,0.8376,0.0012,1,0,0,0,2026-08-18T09:52:03.974505+00:00,2026-08-18T09:52:49.122154+00:00
19,348,Foden,13,MID,92,2.1596,2.6705,0.48,0.1456,0.458,0.0196,1,6,65,1,2026-08-18T09:52:03.974505+00:00,2026-08-18T09:52:49.122154+00:00
19,349,Grealish,13,MID,64,1.0864,1.7958,0.28,0.2016,0.2765,0.0052,1,0,0,0,2026-08-18T09:52:03.974505+00:00,2026-08-18T09:52:49.122154+00:00
19,350,Gvardiol,13,DEF,60,2.8096,3.0043,0.68,0.0896,0.6396,0.0292,1,6,90,1,2026-08-18T09:52:03.974505+00:00,2026-08-18T09:52:49.122154+00:00
19,351,Haaland,13,FWD,148,3.9516,3.7711,0.68,0.0576,0.637,0.096,1,8,90,1,2026-08-18T09:52:03.974505+00:00,2026-08-18T09:52:49.122154+00:00
19,352,J.Alvarez,13,FWD,70,0,0,0.0,0.0,0.0,0,1,0,0,0,2026-08-18T09:52:03.974505+00:00,2026-08-18T09:52:49.122154+00:00
19,353,João Cancelo,13,DEF,53,0,0,0.0,0.0,0.0,0,1,0,0,0,2026-08-18T09:52:03.974505+00:00,2026-08-18T09:52:49.122154+00:00
19,354,Kovačić,13,MID,54,1.7452,2.1158,0.48,0.1144,0.4556,0.0064,1,3,90,1,2026-08-18T09:52:03.974505+00:00,2026-08-18T09:52:49.122154+00:00
19,355,Lewis,13,DEF,46,1.434,2.1102,0.48,0.1144,0.4556,0.0068,1,6,90,1,2026-08-18T09:52:03.974505+00:00,2026-08-18T09:52:49.122154+00:00
19,356,Matheus N.,13,MID,49,0.956,1.5072,0.28,0.1584,0.2731,0.0012,1,0,0,0,2026-08-18T09:52:03.974505+00:00,2026-08-18T09:52:49.122154+00:00
19,357,McAtee,13,MID,46,0.6436,1.149,0.18,0.1804,0.1818,0.0,1,1,24,0,2026-08-18T09:52:03.974505+00:00,2026-08-18T09:52:49.122154+00:00
19,358,Ortega Moreno,13,GKP,52,0.3204,1.0201,0.08,0.0736,0.0803,0.0,1,6,90,1,2026-08-18T09:52:03.974505+00:00,2026-08-18T09:52:49.122154+00:00
19,360,Rodrigo,13,MID,63,1.5008,1.9134,0.45,0.154,0.4308,0.004,1,0,0,0,2026-08-18T09:52:03.974505+00:00,2026-08-18T09:52:49.122154+00:00
19,361,Rúben,13,DEF,54,1.4572,2.1078,0.48,0.1144,0.4556,0.0072,1,0,0,0,2026-08-18T09:52:03.974505+00:00,2026-08-18T09:52:49.122154+00:00
19,362,Stones,13,DEF,53,0,0,0.0,0.0,0.0,0,1,0,0,0,2026-08-18T09:52:03.974505+00:00,2026-08-18T09:52:49.122154+00:00
19,363,Walker,13,DEF,52,0,0,0.0,0.0,0.0,0,1,1,20,0,2026-08-18T09:52:03.974505+00:00,2026-08-18T09:52:49.122154+00:00
19,571,Savinho,13,MID,64,2.236,2.6827,0.48,0.1456,0.458,0.0232,1,14,90,1,2026-08-18T09:52:03.974505+00:00,2026-08-18T09:52:49.122154+00:00
19,607,O’Reilly,13,MID,49,0.6352,1.1567,0.18,0.1804,0.1818,0.0,1,0,0,0,2026-08-18T09:52:03.974505+00:00,2026-08-18T09:52:49.122154+00:00
19,625,Gündogan,13,MID,65,1.7052,2.0735,0.48,0.1456,0.458,0.01,1,0,0,0,2026-08-18T09:52:03.974505+00:00,2026-08-18T09:52:49.122154+00:00
19,626,Kaboré,13,DEF,45,0,0,0.0,0.0,0.0,0,1,0,0,0,2026-08-18T09:52:03.974505+00:00,2026-08-18T09:52:49.122154+00:00
19,671,Wright,13,MID,45,0,0,0.0,0.0,0.0,0,1,0,0,0,2026-08-18T09:52:03.974505+00:00,2026-08-18T09:52:49.122154+00:00
19,672,Simpson-Pusey,13,DEF,40,0.4288,1.0031,0.1,0.198,0.1088,0.0,1,0,0,0,2026-08-18T09:52:03.974505+00:00,2026-08-18T09:52:49.122154+00:00
19,675,Wilson-Esbrand,13,DEF,40,0,0,0.0,0.0,0.0,0,1,0,0,0,2026-08-18T09:52:03.974505+00:00,2026-08-18T09:52:49.122154+00:00
19,698,Mubama,13,FWD,45,0.4256,0.8555,0.1,0.198,0.1088,0.0,1,0,0,0,2026-08-18T09:52:03.974505+00:00,2026-08-18T09:52:49.122154+00:00
19,703,Alleyne,13,DEF,40,0.4724,1.106,0.1,0.198,0.1088,0.0012,1,0,0,0,2026-08-18T09:52:03.974505+00:00,2026-08-18T09:52:49.122154+00:00
19,704,Brits,13,GKP,40,0.1436,0.6788,0.04,0.0384,0.0403,0.0004,1,0,0,0,2026-08-18T09:52:03.974505+00:00,2026-08-18T09:52:49.122154+00:00
19,732,Khusanov,13,DEF,50,0.6892,1.4735,0.18,0.1804,0.1818,0.0028,1,,,,2026-08-18T09:52:03.974505+00:00,
19,733,Vitor Reis,13,DEF,45,0.4936,1.1772,0.1,0.198,0.1088,0.0004,1,,,,2026-08-18T09:52:03.974505+00:00,
19,736,Guardiola,13,MID,15,0.4468,0.9141,0.1,0.198,0.1088,0.0,1,,,,2026-08-18T09:52:03.974505+00:00,
19,755,Marmoush,13,FWD,74,2.2444,2.1206,0.72,0.0784,0.6759,0.0136,1,,,,2026-08-18T09:52:03.974505+00:00,
19,765,N.Gonzalez,13,MID,60,1.616,1.9622,0.45,0.154,0.4308,0.0056,1,,,,2026-08-18T09:52:03.974505+00:00,
19,785,Echeverri,13,MID,58,1.5044,1.8541,0.45,0.154,0.4308,0.0032,1,,,,2026-08-18T09:52:03.974505+00:00,
19,364,Amad,14,MID,54,2.134,2.5885,0.48,0.1144,0.4556,0.0188,1,2,90,1,2026-08-18T09:52:03.974505+00:00,2026-08-18T09:52:49.122154+00:00
19,365,Antony,14,MID,57,0,0,0.0,0.0,0.0,0,1,1,7,0,2026-08-18T09:52:03.974505+00:00,2026-08-18T09:52:49.122154+00:00
19,366,B.Fernandes,14,MID,84,3.7884,3.6795,0.68,0.0896,0.6396,0.0784,1,0,0,0,2026-08-18T09:52:03.974505+00:00,2026-08-18T09:52:49.122154+00:00
19,367,Bayindir,14,GKP,43,0.1888,0.8366,0.04,0.0384,0.0403,0.0,1,0,0,0,2026-08-18T09:52:03.974505+00:00,2026-08-18T09:52:49.122154+00:00
19,368,Casemiro,14,MID,48,1.7544,2.1115,0.48,0.1144,0.4556,0.0068,1,2,63,1,2026-08-18T09:52:03.974505+00:00,2026-08-18T09:52:49.122154+00:00
19,369,Dalot,14,DEF,51,2.6624,2.8409,0.68,0.0576,0.637,0.0204,1,1,90,1,2026-08-18T09:52:03.974505+00:00,2026-08-18T09:52:49.122154+00:00
19,370,Eriksen,14,MID,53,0.8968,1.4848,0.28,0.1584,0.2731,0.002,1,2,90,1,2026-08-18T09:52:03.974505+00:00,2026-08-18T09:52:49.122154+00:00
19,371,Evans,14,DEF,44,0.8,1.5751,0.22,0.1716,0.2183,0.0,1,0,0,0,2026-08-18T09:52:03.974505+00:00,2026-08-18T09:52:49.122154+00:00
19,372,Garnacho,14,MID,60,2.1772,2.7794,0.48,0.1456,0.458,0.0204,1,1,26,0,2026-08-18T09:52:03.974505+00:00,2026-08-18T09:52:49.122154+00:00
19,373,Hannibal,14,MID,45,0,0,0.0,0.0,0.0,0,1,0,0,0,2026-08-18T09:52:03.974505+00:00,2026-08-18T09:52:49.122154+00:00
19,374,Heaton,14,GKP,40,0.1468,0.7193,0.04,0.0384,0.0403,0.0,1,0,0,0,2026-08-18T09:52:03.974505+00:00,2026-08-18T09:52:49.122154+00:00
19,375,Højlund,14,FWD,69,1.792,2.1772,0.48,0.1456,0.458,0.0092,1,2,90,1,2026-08-18T09:52:03.974505+00:00,2026-08-18T09:52:49.122154+00:00
19,376,Lindelof,14,DEF,43,0.5472,1.3089,0.1,0.198,0.1088,0.0016,1,0,0,0,2026-08-18T09:52:03.974505+00:00,2026-08-18T09:52:49.122154+00:00
19,377,Maguire,14,DEF,49,0.876,1.6371,0.28,0.1584,0.2731,0.0,1,1,90,1,2026-08-18T09:52:03.974505+00:00,2026-08-18T09:52:49.122154+00:00
19,378,Mainoo,14,MID,52,1.2492,1.5456,0.48,0.1144,0.4556,0.0008,1,1,57,1,2026-08-18T09:52:03.974505+00:00,2026-08-18T09:52:49.122154+00:00
19,379,Malacia,14,DEF,44,0,0,0.0,0.0,0.0,0,1,0,0,0,2026-08-18T09:52:03.974505+00:00,2026-08-18T09:52:49.122154+00:00
19,380,Martinez,14,DEF,44,0,0,0.0,0.0,0.0,0,1,0,64,1,2026-08-18T09:52:03.974505+00:00,2026-08-18T09:52:49.122154+00:00
19,381,McTominay,14,MID,49,0,0,0.0,0.0,0.0,0,1,0,0,0,2026-08-18T09:52:03.974505+00:00,2026-08-18T09:52:49.122154+00:00
19,382,Mount,14,MID,63,1.1332,1.8011,0.28,0.2016,0.2765,0.0044,1,0,0,0,2026-08-18T09:52:03.974505+00:00,2026-08-18T09:52:49.122154+00:00
19,383,Onana,14,GKP,52,3.374,2.3302,0.9,0.008,0.8376,0.0028,1,1,90,1,2026-08-18T09:52:03.974505+00:00,2026-08-18T09:52:49.122154+00:00
19,384,Pellistri,14,MID,50,0,0,0.0,0.0,0.0,0,1,0,0,0,2026-08-18T09:52:03.974505+00:00,2026-08-18T09:52:49.122154+00:00
19,387,Shaw,14,DEF,49,0.776,1.6247,0.18,0.1804,0.1818,0.0032,1,0,0,0,2026-08-18T09:52:03.974505+00:00,2026-08-18T09:52:49.122154+00:00
19,389,Zirkzee,14,FWD,65,1.4024,2.2053,0.28,0.2016,0.2765,0.0112,1,1,32,0,2026-08-18T09:52:03.974505+00:00,2026-08-18T09:52:49.122154+00:00
19,572,Yoro,14,DEF,43,0.5968,1.4198,0.1,0.198,0.1088,0.002,1,1,25,0,2026-08-18T09:52:03.974505+00:00,2026-08-18T09:52:49.122154+00:00
19,593,De Ligt,14,DEF,50,1.0016,1.9122,0.24,0.1672,0.2366,0.0044,1,1,82,1,2026-08-18T09:52:03.974505+00:00,2026-08-18T09:52:49.122154+00:00
19,594,Mazraoui,14,DEF,45,1.0176,1.8934,0.22,0.1716,0.2183,0.0036,1,1,90,1,2026-08-18T09:52:03.974505+00:00,2026-08-18T09:52:49.122154+00:00
19,613,Collyer,14,MID,45,0.4728,0.9875,0.1,0.198,0.1088,0.0008,1,0,0,0,2026-08-18T09:52:03.974505+00:00,2026-08-18T09:52:49.122154+00:00
19,648,Wheatley,14,FWD,45,0,0,0.0,0.0,0.0,0,1,0,0,0,2026-08-18T09:52:03.974505+00:00,2026-08-18T09:52:49.122154+00:00
19,652,Ugarte,14,MID,49,1.2608,1.4951,0.48,0.1144,0.4556,0.0004,1,0,0,0,2026-08-18T09:52:03.974505+00:00,2026-08-18T09:52:49.122154+00:00
19,658,Heaven,14,DEF,40,0.524,1.2527,0.1,0.198,0.1088,0.0008,1,0,0,0,2026-08-18T09:52:03.974505+00:00,2026-08-18T09:52:49.122154+00:00
19,667,Fletcher,14,MID,45,0.5052,1.0538,0.1,0.198,0.1088,0.0012,1,0,0,0,2026-08-18T09:52:03.974505+00:00,2026-08-18T09:52:49.122154+00:00
19,670,Amass,14,DEF,40,0.5376,1.2873,0.1,0.198,0.1088,0.0004,1,0,0,0,2026-08-18T09:52:03.974505+00:00,2026-08-18T09:52:49.122154+00:00
19,673,Fitzgerald,14,MID,45,0.5104,1.0079,0.1,0.198,0.1088,0.0,1,0,0,0,2026-08-18T09:52:03.974505+00:00,2026-08-18T09:52:49.122154+00:00
19,691,Kukonki,14,DEF,40,0.4864,1.1548,0.1,0.198,0.1088,0.0004,1,0,0,0,2026-08-18T09:52:03.974505+00:00,2026-08-18T09:52:49.122154+00:00
19,745,Amorim,14,MID,8,0.4648,0.948,0.1,0.198,0.1088,0.0,1,,,,2026-08-18T09:52:03.974505+00:00,
19,761,Harrison,14,GKP,40,0.1648,0.7779,0.04,0.0384,0.0403,0.0,1,,,,2026-08-18T09:52:03.974505+00:00,
19,766,Dorgu,14,DEF,45,0.5088,1.2212,0.1,0.198,0.1088,0.0008,1,,,,2026-08-18T09:52:03.974505+00:00,
19,776,Obi,14,FWD,45,0.4452,0.9003,0.1,0.198,0.1088,0.0,1,,,,2026-08-18T09:52:03.974505+00:00,
19,777,Fredricson,14,DEF,40,0.5644,1.3158,0.1,0.198,0.1088,0.0016,1,,,,2026-08-18T09:52:03.974505+00:00,
19,778,Moorhouse,14,MID,45,0.5004,1.0526,0.1,0.198,0.1088,0.0008,1,,,,2026-08-18T09:52:03.974505+00:00,
19,779,Koné,14,MID,45,0.4844,0.9862,0.1,0.198,0.1088,0.0,1,,,,2026-08-18T09:52:03.974505+00:00,
19,783,Graczyk,14,GKP,40,0.1764,0.7899,0.04,0.0384,0.0403,0.0,1,,,,2026-08-18T09:52:03.974505+00:00,
19,788,Dermot Mee,14,GKP,40,0.1956,0.8895,0.04,0.0384,0.0403,0.0004,1,,,,2026-08-18T09:52:03.974505+00:00,
19,390,A.Murphy,15,DEF,40,0,0,0.0,0.0,0.0,0,1,0,0,0,2026-08-18T09:52:03.974505+00:00,2026-08-18T09:52:49.122154+00:00
19,391,Almirón,15,MID,55,0,0,0.0,0.0,0.0,0,1,0,0,0,2026-08-18T09:52:03.974505+00:00,2026-08-18T09:52:49.122154+00:00
19,392,Barnes,15,MID,61,1.5772,2.4108,0.28,0.2016,0.2765,0.0124,1,1,5,0,2026-08-18T09:52:03.974505+00:00,2026-08-18T09:52:49.122154+00:00
19,393,Botman,15,DEF,44,0.8144,1.5867,0.22,0.1716,0.2183,0.002,1,0,0,0,2026-08-18T09:52:03.974505+00:00,2026-08-18T09:52:49.122154+00:00
19,394,Bruno G.,15,MID,61,2.1336,2.1228,0.68,0.0576,0.637,0.0084,1,3,90,1,2026-08-18T09:52:03.974505+00:00,2026-08-18T09:52:49.122154+00:00
19,395,Burn,15,DEF,44,0.7984,1.6889,0.22,0.1404,0.2158,0.0036,1,7,90,1,2026-08-18T09:52:03.974505+00:00,2026-08-18T09:52:49.122154+00:00
19,396,Dúbravka,15,GKP,42,0.152,0.705,0.04,0.0384,0.0403,0.0,1,6,90,1,2026-08-18T09:52:03.974505+00:00,2026-08-18T09:52:49.122154+00:00
19,398,Gordon,15,MID,73,3.2884,3.2555,0.68,0.0896,0.6396,0.0516,1,6,84,1,2026-08-18T09:52:03.974505+00:00,2026-08-18T09:52:49.122154+00:00
19,399,Hall,15,DEF,47,0,0,0.0,0.0,0.0,0,1,12,90,1,2026-08-18T09:52:03.974505+00:00,2026-08-18T09:52:49.122154+00:00
19,400,Hayden,15,MID,44,0,0,0.0,0.0,0.0,0,1,0,0,0,2026-08-18T09:52:03.974505+00:00,2026-08-18T09:52:49.122154+00:00
19,401,Isak,15,FWD,91,3.7916,3.459,0.68,0.0896,0.6396,0.078,1,7,90,1,2026-08-18T09:52:03.974505+00:00,2026-08-18T09:52:49.122154+00:00
19,402,J.Murphy,15,MID,50,1.774,2.3384,0.48,0.1144,0.4556,0.0136,1,3,84,1,2026-08-18T09:52:03.974505+00:00,2026-08-18T09:52:49.122154+00:00
19,403,Joelinton,15,MID,60,0,0,0.0,0.0,0.0,0,1,10,90,1,2026-08-18T09:52:03.974505+00:00,2026-08-18T09:52:49.122154+00:00
19,404,Kelly,15,DEF,42,0,0,0.0,0.0,0.0,0,1,0,0,0,2026-08-18T09:52:03.974505+00:00,2026-08-18T09:52:49.122154+00:00
19,405,Krafth,15,DEF,43,0.4576,1.0895,0.1,0.198,0.1088,0.0004,1,0,0,0,2026-08-18T09:52:03.974505+00:00,2026-08-18T09:52:49.122154+00:00
19,406,Kuol,15,MID,44,0.4804,0.9581,0.1,0.198,0.1088,0.0,1,0,0,0,2026-08-18T09:52:03.974505+00:00,2026-08-18T09:52:49.122154+00:00
19,407,Lascelles,15,DEF,45,0.7584,1.5459,0.22,0.1716,0.2183,0.0032,1,0,0,0,2026-08-18T09:52:03.974505+00:00,2026-08-18T09:52:49.122154+00:00
19,408,Lewis,15,DEF,40,0,0,0.0,0.0,0.0,0,1,0,0,0,2026-08-18T09:52:03.974505+00:00,2026-08-18T09:52:49.122154+00:00
19,409,Livramento,15,DEF,45,0.7904,1.4445,0.22,0.1716,0.2183,0.0004,1,1,32,0,2026-08-18T09:52:03.974505+00:00,2026-08-18T09:52:49.122154+00:00
19,410,Longstaff,15,MID,47,1.2636,1.5354,0.48,0.1144,0.4556,0.0024,1,0,0,0,2026-08-18T09:52:03.974505+00:00,2026-08-18T09:52:49.122154+00:00
19,411,Miley,15,MID,50,0.6656,1.23,0.18,0.1804,0.1818,0.0008,1,0,0,0,2026-08-18T09:52:03.974505+00:00,2026-08-18T09:52:49.122154+00:00
19,412,Odysseas,15,GKP,43,0.1476,0.6891,0.04,0.0384,0.0403,0.0,1,0,0,0,2026-08-18T09:52:03.974505+00:00,2026-08-18T09:52:49.122154+00:00
19,413,Pope,15,GKP,49,3.0388,2.1187,0.9,0.008,0.8376,0.0016,1,0,0,0,2026-08-18T09:52:03.974505+00:00,2026-08-18T09:52:49.122154+00:00
19,414,Ruddy,15,GKP,40,0.16,0.7633,0.04,0.0384,0.0403,0.0,1,0,0,0,2026-08-18T09:52:03.974505+00:00,2026-08-18T09:52:49.122154+00:00
19,415,Schär,15,DEF,54,1.9564,2.3618,0.68,0.0704,0.638,0.0116,1,5,90,1,2026-08-18T09:52:03.974505+00:00,2026-08-18T09:52:49.122154+00:00
19,416,Targett,15,DEF,40,0.354,0.9061,0.05,0.209,0.0632,0.0,1,0,0,0,2026-08-18T09:52:03.974505+00:00,2026-08-18T09:52:49.122154+00:00
19,417,Tonali,15,MID,55,1.3948,1.7923,0.48,0.1456,0.458,0.004,1,3,90,1,2026-08-18T09:52:03.974505+00:00,2026-08-18T09:52:49.122154+00:00
19,418,Trippier,15,DEF,56,0.9656,1.7125,0.28,0.2016,0.2765,0.0028,1,1,57,1,2026-08-18T09:52:03.974505+00:00,2026-08-18T09:52:49.122154+00:00
19,419,White,15,MID,45,0,0,0.0,0.0,0.0,0,1,0,0,0,2026-08-18T09:52:03.974505+00:00,2026-08-18T09:52:49.122154+00:00
19,420,Willock,15,MID,48,0.766,1.2309,0.28,0.1584,0.2731,0.0004,1,1,5,0,2026-08-18T09:52:03.974505+00:00,2026-08-18T09:52:49.122154+00:00
19,421,Wilson,15,FWD,69,1.6404,2.1517,0.45,0.154,0.4308,0.0116,1,0,0,0,2026-08-18T09:52:03.974505+00:00,2026-08-18T09:52:49.122154+00:00
19,574,Pivas,15,DEF,40,0,0,0.0,0.0,0.0,0,1,0,0,0,2026-08-18T09:52:03.974505+00:00,2026-08-18T09:52:49.122154+00:00
19,590,Osula,15,FWD,49,0.62,1.0933,0.18,0.1804,0.1818,0.0008,1,0,0,0,2026-08-18T09:52:03.974505+00:00,2026-08-18T09:52:49.122154+00:00
19,746,Howe,15,MID,15,0.4512,0.9278,0.1,0.198,0.1088,0.0,1,,,,2026-08-18T09:52:03.974505+00:00,
19,789,Neave,15,FWD,45,0.4312,0.8124,0.1,0.198,0.1088,0.0,1,,,,2026-08-18T09:52:03.974505+00:00,
19,26,Alex Moreno,16,DEF,44,0.7124,1.4322,0.22,0.1716,0.2183,0.0012,1,0,0,0,2026-08-18T09:52:03.974505+00:00,2026-08-18T09:52:49.122154+00:00
19,422,Aina,16,DEF,51,2.4492,2.5067,0.68,0.0576,0.637,0.0076,1,8,90,1,2026-08-18T09:52:03.974505+00:00,2026-08-18T09:52:49.122154+00:00
19,423,Anderson,16,MID,50,1.54,1.8219,0.48,0.1144,0.4556,0.0024,1,3,81,1,2026-08-18T09:52:03.974505+00:00,2026-08-18T09:52:49.122154+00:00
19,424,Awoniyi,16,FWD,55,0,0,0.0,0.0,0.0,0,1,1,14,0,2026-08-18T09:52:03.974505+00:00,2026-08-18T09:52:49.122154+00:00
19,425,Boly,16,DEF,42,0.4676,1.1443,0.1,0.198,0.1088,0.0008,1,0,21,0,2026-08-18T09:52:03.974505+00:00,2026-08-18T09:52:49.122154+00:00
19,426,Bowler,16,MID,45,0,0,0.0,0.0,0.0,0,1,0,0,0,2026-08-18T09:52:03.974505+00:00,2026-08-18T09:52:49.122154+00:00
19,427,C.Miguel,16,GKP,42,0.1548,0.7287,0.04,0.0384,0.0403,0.0004,1,0,0,0,2026-08-18T09:52:03.974505+00:00,2026-08-18T09:52:49.122154+00:00
19,428,Da Silva Moreira,16,MID,44,0.4604,0.9583,0.1,0.198,0.1088,0.0004,1,0,0,0,2026-08-18T09:52:03.974505+00:00,2026-08-18T09:52:49.122154+00:00
19,429,Danilo,16,MID,47,0.628,1.0979,0.18,0.1804,0.1818,0.0,1,0,0,0,2026-08-18T09:52:03.974505+00:00,2026-08-18T09:52:49.122154+00:00
19,430,Dennis,16,FWD,49,0,0,0.0,0.0,0.0,0,1,0,0,0,2026-08-18T09:52:03.974505+00:00,2026-08-18T09:52:49.122154+00:00
19,431,Dominguez,16,MID,48,1.236,1.5643,0.48,0.1144,0.4556,0.0012,1,3,90,1,2026-08-18T09:52:03.974505+00:00,2026-08-18T09:52:49.122154+00:00
19,432,Elanga,16,MID,51,1.6636,1.9843,0.48,0.1144,0.4556,0.0044,1,6,90,1,2026-08-18T09:52:03.974505+00:00,2026-08-18T09:52:49.122154+00:00
19,433,Gibbs-White,16,MID,63,1.9324,2.2878,0.48,0.1456,0.458,0.0072,1,10,75,1,2026-08-18T09:52:03.974505+00:00,2026-08-18T09:52:49.122154+00:00
19,434,Hudson-Odoi,16,MID,53,1.6172,1.9196,0.48,0.1144,0.4556,0.0032,1,0,0,0,2026-08-18T09:52:03.974505+00:00,2026-08-18T09:52:49.122154+00:00
19,435,Mighten,16,MID,45,0,0,0.0,0.0,0.0,0,1,0,0,0,2026-08-18T09:52:03.974505+00:00,2026-08-18T09:52:49.122154+00:00
19,436,Murillo,16,DEF,46,2.1348,2.4074,0.68,0.0576,0.637,0.0088,1,0,0,0,2026-08-18T09:52:03.974505+00:00,2026-08-18T09:52:49.122154+00:00
19,437,N.Williams,16,DEF,43,0.778,1.5817,0.22,0.1716,0.2183,0.0024,1,6,81,1,2026-08-18T09:52:03.974505+00:00,2026-08-18T09:52:49.122154+00:00
19,438,O.Richards,16,DEF,45,0,0,0.0,0.0,0.0,0,1,0,0,0,2026-08-18T09:52:03.974505+00:00,2026-08-18T09:52:49.122154+00:00
19,439,O'Brien,16,MID,50,0,0,0.0,0.0,0.0,0,1,0,0,0,2026-08-18T09:52:03.974505+00:00,2026-08-18T09:52:49.122154+00:00
19,440,Omobamidele,16,DEF,42,0,0,0.0,0.0,0.0,0,1,0,0,0,2026-08-18T09:52:03.974505+00:00,2026-08-18T09:52:49.122154+00:00
19,441,Panzo,16,DEF,40,0,0,0.0,0.0,0.0,0,1,0,0,0,2026-08-18T09:52:03.974505+00:00,2026-08-18T09:52:49.122154+00:00
19,442,Sangaré,16,MID,43,0.8268,1.2211,0.28,0.1584,0.2731,0.0004,1,0,0,0,2026-08-18T09:52:03.974505+00:00,2026-08-18T09:52:49.122154+00:00
19,443,Sels,16,GKP,48,2.9988,2.2003,0.9,0.008,0.8376,0.0024,1,6,90,1,2026-08-18T09:52:03.974505+00:00,2026-08-18T09:52:49.122154+00:00
19,444,Toffolo,16,DEF,42,0.48,1.1341,0.1,0.198,0.1088,0.0004,1,1,8,0,2026-08-18T09:52:03.974505+00:00,2026-08-18T09:52:49.122154+00:00
19,446,Ui-jo,16,FWD,45,0,0,0.0,0.0,0.0,0,1,0,0,0,2026-08-18T09:52:03.974505+00:00,2026-08-18T09:52:49.122154+00:00
19,447,Wood,16,FWD,66,3.0852,2.7171,0.68,0.0896,0.6396,0.0248,1,12,75,1,2026-08-18T09:52:03.974505+00:00,2026-08-18T09:52:49.122154+00:00
19,448,Worrall,16,DEF,45,0,0,0.0,0.0,0.0,0,1,0,0,0,2026-08-18T09:52:03.974505+00:00,2026-08-18T09:52:49.122154+00:00
19,449,Yates,16,MID,49,1.3884,1.7356,0.48,0.1144,0.4556,0.002,1,0,0,0,2026-08-18T09:52:03.974505+00:00,2026-08-18T09:52:49.122154+00:00
19,573,Milenković,16,DEF,47,2.2568,2.7467,0.68,0.0576,0.637,0.0224,1,6,90,1,2026-08-18T09:52:03.974505+00:00,2026-08-18T09:52:49.122154+00:00
19,596,Jota Silva,16,MID,59,0.9468,1.5182,0.28,0.2016,0.2765,0.0028,1,1,14,0,2026-08-18T09:52:03.974505+00:00,2026-08-18T09:52:49.122154+00:00
19,620,Sosa,16,MID,55,1.438,1.799,0.45,0.154,0.4308,0.0056,1,3,68,1,2026-08-18T09:52:03.974505+00:00,2026-08-18T09:52:49.122154+00:00
19,653,Morato,16,DEF,45,0.4432,1.04,0.1,0.198,0.1088,0.0004,1,8,90,1,2026-08-18T09:52:03.974505+00:00,2026-08-18T09:52:49.122154+00:00
19,706,Abbott,16,DEF,40,0.4544,1.0293,0.1,0.198,0.1088,0.0004,1,0,0,0,2026-08-18T09:52:03.974505+00:00,2026-08-18T09:52:49.122154+00:00
19,721,Hennessey,16,GKP,40,0.1464,0.6539,0.04,0.0384,0.0403,0.0,1,,,,2026-08-18T09:52:03.974505+00:00,
19,747,Nuno,16,MID,11,0.4456,0.8742,0.1,0.198,0.1088,0.0,1,,,,2026-08-18T09:52:03.974505+00:00,
19,14,Ramsdale,17,GKP,44,3.4,2.2176,0.9,0.004,0.8373,0.0028,1,3,90,1,2026-08-18T09:52:03.974505+00:00,2026-08-18T09:52:49.122154+00:00
19,27,Archer,17,FWD,50,1.8344,2.2406,0.48,0.1144,0.4556,0.0116,1,1,25,0,2026-08-18T09:52:03.974505+00:00,2026-08-18T09:52:49.122154+00:00
19,188,Ugochukwu,17,MID,45,0.8144,1.2418,0.28,0.1584,0.2731,0.0,1,1,39,0,2026-08-18T09:52:03.974505+00:00,2026-08-18T09:52:49.122154+00:00
19,397,Fraser,17,MID,48,0.8768,1.2815,0.28,0.1584,0.2731,0.0004,1,0,0,0,2026-08-18T09:52:03.974505+00:00,2026-08-18T09:52:49.122154+00:00
19,451,Amo-Ameyaw,17,MID,44,0,0,0.0,0.0,0.0,0,1,0,0,0,2026-08-18T09:52:03.974505+00:00,2026-08-18T09:52:49.122154+00:00
19,452,Aribo,17,MID,49,1.7552,2.1078,0.48,0.1144,0.4556,0.0076,1,1,50,1,2026-08-18T09:52:03.974505+00:00,2026-08-18T09:52:49.122154+00:00
19,453,Armstrong,17,FWD,51,0,0,0.0,0.0,0.0,0,1,5,64,1,2026-08-18T09:52:03.974505+00:00,2026-08-18T09:52:49.122154+00:00
19,454,Bazunu,17,GKP,43,0,0,0.0,0.0,0.0,0,1,0,0,0,2026-08-18T09:52:03.974505+00:00,2026-08-18T09:52:49.122154+00:00
19,455,Bednarek,17,DEF,40,0.464,1.085,0.11,0.1958,0.118,0.0,1,0,90,1,2026-08-18T09:52:03.974505+00:00,2026-08-18T09:52:49.122154+00:00
19,456,Bella-Kotchap,17,DEF,39,0.4736,1.093,0.1,0.198,0.1088,0.0004,1,0,0,0,2026-08-18T09:52:03.974505+00:00,2026-08-18T09:52:49.122154+00:00
19,457,Bree,17,DEF,39,0.4456,1.0857,0.1,0.198,0.1088,0.0004,1,1,90,1,2026-08-18T09:52:03.974505+00:00,2026-08-18T09:52:49.122154+00:00
19,458,Charles,17,MID,45,0,0,0.0,0.0,0.0,0,1,0,0,0,2026-08-18T09:52:03.974505+00:00,2026-08-18T09:52:49.122154+00:00
19,459,Edozie,17,MID,49,0,0,0.0,0.0,0.0,0,1,0,0,0,2026-08-18T09:52:03.974505+00:00,2026-08-18T09:52:49.122154+00:00
19,460,Edwards,17,DEF,39,0,0,0.0,0.0,0.0,0,1,0,0,0,2026-08-18T09:52:03.974505+00:00,2026-08-18T09:52:49.122154+00:00
19,461,Harwood-Bellis,17,DEF,41,0,0,0.0,0.0,0.0,0,1,0,90,1,2026-08-18T09:52:03.974505+00:00,2026-08-18T09:52:49.122154+00:00
19,462,Kamaldeen,17,MID,50,0.7172,1.2842,0.18,0.1804,0.1818,0.0004,1,1,25,0,2026-08-18T09:52:03.974505+00:00,2026-08-18T09:52:49.122154+00:00
19,463,Lallana,17,MID,50,0.8996,1.4162,0.28,0.1584,0.2731,0.0012,1,1,4,0,2026-08-18T09:52:03.974505+00:00,2026-08-18T09:52:49.122154+00:00
19,464,Larios,17,DEF,40,0.4692,1.098,0.1,0.198,0.1088,0.0012,1,0,0,0,2026-08-18T09:52:03.974505+00:00,2026-08-18T09:52:49.122154+00:00
19,465,Lis,17,GKP,40,0,0,0.0,0.0,0.0,0,1,0,0,0,2026-08-18T09:52:03.974505+00:00,2026-08-18T09:52:49.122154+00:00
19,466,Lumley,17,GKP,40,0.1844,0.8701,0.04,0.0384,0.0403,0.0004,1,0,0,0,2026-08-18T09:52:03.974505+00:00,2026-08-18T09:52:49.122154+00:00
19,467,Manning,17,DEF,43,0.776,1.4887,0.22,0.1716,0.2183,0.0016,1,1,4,0,2026-08-18T09:52:03.974505+00:00,2026-08-18T09:52:49.122154+00:00
19,468,Mara,17,FWD,50,0,0,0.0,0.0,0.0,0,1,0,0,0,2026-08-18T09:52:03.974505+00:00,2026-08-18T09:52:49.122154+00:00
19,469,McCarthy,17,GKP,43,0.174,0.8188,0.04,0.0384,0.0403,0.0,1,0,0,0,2026-08-18T09:52:03.974505+00:00,2026-08-18T09:52:49.122154+00:00
19,470,Onuachu,17,FWD,49,0.6592,1.2174,0.18,0.1804,0.1818,0.0008,1,2,64,1,2026-08-18T09:52:03.974505+00:00,2026-08-18T09:52:49.122154+00:00
19,471,Smallbone,17,MID,50,0.9056,1.3725,0.28,0.1584,0.2731,0.0008,1,0,0,0,2026-08-18T09:52:03.974505+00:00,2026-08-18T09:52:49.122154+00:00
19,472,Stephens,17,DEF,40,0.7676,1.5012,0.22,0.1716,0.2183,0.0008,1,0,0,0,2026-08-18T09:52:03.974505+00:00,2026-08-18T09:52:49.122154+00:00
19,473,Stewart,17,FWD,44,0.4292,0.8798,0.1,0.198,0.1088,0.0008,1,0,0,0,2026-08-18T09:52:03.974505+00:00,2026-08-18T09:52:49.122154+00:00
19,474,Sugawara,17,DEF,43,0.7112,1.4494,0.22,0.1716,0.2183,0.002,1,0,0,0,2026-08-18T09:52:03.974505+00:00,2026-08-18T09:52:49.122154+00:00
19,475,Taylor,17,DEF,39,0.4508,1.0863,0.1,0.198,0.1088,0.0008,1,0,0,0,2026-08-18T09:52:03.974505+00:00,2026-08-18T09:52:49.122154+00:00
19,476,Walker-Peters,17,DEF,43,0.4884,1.1947,0.11,0.1958,0.118,0.0004,1,1,85,1,2026-08-18T09:52:03.974505+00:00,2026-08-18T09:52:49.122154+00:00
19,477,Wood,17,DEF,40,0.724,1.4116,0.22,0.1716,0.2183,0.0016,1,1,90,1,2026-08-18T09:52:03.974505+00:00,2026-08-18T09:52:49.122154+00:00
19,515,Cornet,17,MID,47,0,0,0.0,0.0,0.0,0,1,0,0,0,2026-08-18T09:52:03.974505+00:00,2026-08-18T09:52:49.122154+00:00
19,518,Downes,17,MID,48,1.5424,1.388,0.68,0.0704,0.638,0.0004,1,0,0,0,2026-08-18T09:52:03.974505+00:00,2026-08-18T09:52:49.122154+00:00
19,584,Brereton Díaz,17,MID,49,0,0,0.0,0.0,0.0,0,1,0,0,0,2026-08-18T09:52:03.974505+00:00,2026-08-18T09:52:49.122154+00:00
19,608,Dibling,17,MID,45,1.3516,1.691,0.48,0.1144,0.4556,0.0028,1,8,85,1,2026-08-18T09:52:03.974505+00:00,2026-08-18T09:52:49.122154+00:00
19,623,M.Fernandes,17,MID,50,1.4892,1.8402,0.48,0.1144,0.4556,0.0036,1,1,90,1,2026-08-18T09:52:03.974505+00:00,2026-08-18T09:52:49.122154+00:00
19,693,O'Brien-Whitmarsh,17,MID,45,0,0,0.0,0.0,0.0,0,1,0,0,0,2026-08-18T09:52:03.974505+00:00,2026-08-18T09:52:49.122154+00:00
19,718,Welington,17,DEF,40,0.4384,1.0308,0.1,0.198,0.1088,0.0004,1,,,,2026-08-18T09:52:03.974505+00:00,
19,719,Kayi Sanda,17,DEF,40,0.444,1.0565,0.1,0.198,0.1088,0.0,1,,,,2026-08-18T09:52:03.974505+00:00,
19,734,Grønbæk,17,MID,49,0.4976,1.0303,0.09,0.2002,0.0997,0.0004,1,,,,2026-08-18T09:52:03.974505+00:00,
19,748,Rusk,17,MID,5,0.4828,0.9632,0.1,0.198,0.1088,0.0,1,,,,2026-08-18T09:52:03.974505+00:00,
19,798,Jay Robinson,17,FWD,44,0.4464,0.8829,0.1,0.198,0.1088,0.0,1,,,,2026-08-18T09:52:03.974505+00:00,
19,804,Moore,17,DEF,40,0.4748,1.0827,0.1,0.198,0.1088,0.0004,1,,,,2026-08-18T09:52:03.974505+00:00,
19,82,Solanke,18,FWD,75,2.372,2.9266,0.48,0.1456,0.458,0.0424,1,2,90,1,2026-08-18T09:52:03.974505+00:00,2026-08-18T09:52:49.122154+00:00
19,478,A.Phillips,18,DEF,40,0,0,0.0,0.0,0.0,0,1,0,0,0,2026-08-18T09:52:03.974505+00:00,2026-08-18T09:52:49.122154+00:00
19,479,Austin,18,GKP,40,0.1792,0.8011,0.04,0.0384,0.0403,0.0,1,0,0,0,2026-08-18T09:52:03.974505+00:00,2026-08-18T09:52:49.122154+00:00
19,480,Bentancur,18,MID,49,1.388,1.7603,0.48,0.1144,0.4556,0.0024,1,6,90,1,2026-08-18T09:52:03.974505+00:00,2026-08-18T09:52:49.122154+00:00
19,481,Bergvall,18,MID,44,0,0,0.0,0.0,0.0,0,1,0,0,0,2026-08-18T09:52:03.974505+00:00,2026-08-18T09:52:49.122154+00:00
19,482,Bissouma,18,MID,49,1.442,1.7826,0.48,0.1144,0.4556,0.0028,1,2,63,1,2026-08-18T09:52:03.974505+00:00,2026-08-18T09:52:49.122154+00:00
19,483,Bryan,18,MID,50,0,0,0.0,0.0,0.0,0,1,0,0,0,2026-08-18T09:52:03.974505+00:00,2026-08-18T09:52:49.122154+00:00
19,484,Davies,18,DEF,43,0.8296,1.5917,0.22,0.1716,0.2183,0.0008,1,0,0,0,2026-08-18T09:52:03.974505+00:00,2026-08-18T09:52:49.122154+00:00
19,485,Devine,18,MID,45,0,0,0.0,0.0,0.0,0,1,0,0,0,2026-08-18T09:52:03.974505+00:00,2026-08-18T09:52:49.122154+00:00
19,486,Dragusin,18,DEF,43,0,0,0.0,0.0,0.0,0,1,1,90,1,2026-08-18T09:52:03.974505+00:00,2026-08-18T09:52:49.122154+00:00
19,487,E.Royal,18,DEF,45,0,0,0.0,0.0,0.0,0,1,0,0,0,2026-08-18T09:52:03.974505+00:00,2026-08-18T09:52:49.122154+00:00
19,488,Forster,18,GKP,43,0.19,0.8698,0.04,0.0384,0.0403,0.0,1,1,90,1,2026-08-18T09:52:03.974505+00:00,2026-08-18T09:52:49.122154+00:00
19,489,Gray,18,MID,46,0.908,1.3399,0.28,0.1584,0.2731,0.0,1,2,90,1,2026-08-18T09:52:03.974505+00:00,2026-08-18T09:52:49.122154+00:00
19,490,Højbjerg,18,MID,50,0,0,0.0,0.0,0.0,0,1,0,0,0,2026-08-18T09:52:03.974505+00:00,2026-08-18T09:52:49.122154+00:00
19,491,Johnson,18,MID,65,2.6784,3.4515,0.48,0.1456,0.458,0.0508,1,9,63,1,2026-08-18T09:52:03.974505+00:00,2026-08-18T09:52:49.122154+00:00
19,492,Kulusevski,18,MID,64,0,0,0.0,0.0,0.0,0,1,5,90,1,2026-08-18T09:52:03.974505+00:00,2026-08-18T09:52:49.122154+00:00
19,493,Lo Celso,18,MID,49,0,0,0.0,0.0,0.0,0,1,0,0,0,2026-08-18T09:52:03.974505+00:00,2026-08-18T09:52:49.122154+00:00
19,494,Maddison,18,MID,77,0,0,0.0,0.0,0.0,0,1,1,26,0,2026-08-18T09:52:03.974505+00:00,2026-08-18T09:52:49.122154+00:00
19,495,Pedro Porro,18,DEF,55,2.6944,2.7776,0.68,0.0896,0.6396,0.0228,1,4,90,1,2026-08-18T09:52:03.974505+00:00,2026-08-18T09:52:49.122154+00:00
19,496,Reguilón,18,DEF,42,1.1124,2.2765,0.22,0.1404,0.2158,0.0092,1,1,40,0,2026-08-18T09:52:03.974505+00:00,2026-08-18T09:52:49.122154+00:00
19,497,Richarlison,18,FWD,68,1.614,2.0617,0.45,0.154,0.4308,0.008,1,0,0,0,2026-08-18T09:52:03.974505+00:00,2026-08-18T09:52:49.122154+00:00
19,498,Romero,18,DEF,49,0,0,0.0,0.0,0.0,0,1,0,0,0,2026-08-18T09:52:03.974505+00:00,2026-08-18T09:52:49.122154+00:00
19,499,P.M.Sarr,18,MID,48,1.504,1.8766,0.48,0.1144,0.4556,0.0044,1,1,26,0,2026-08-18T09:52:03.974505+00:00,2026-08-18T09:52:49.122154+00:00
19,500,Scarlett,18,FWD,45,0.4632,0.9475,0.1,0.198,0.1088,0.0004,1,0,0,0,2026-08-18T09:52:03.974505+00:00,2026-08-18T09:52:49.122154+00:00
19,502,Solomon,18,MID,54,0,0,0.0,0.0,0.0,0,1,0,0,0,2026-08-18T09:52:03.974505+00:00,2026-08-18T09:52:49.122154+00:00
19,503,Son,18,MID,99,1.6416,2.816,0.24,0.2128,0.2402,0.0252,1,0,63,1,2026-08-18T09:52:03.974505+00:00,2026-08-18T09:52:49.122154+00:00
19,504,Spence,18,DEF,44,0.8272,1.641,0.22,0.1716,0.2183,0.0016,1,0,0,0,2026-08-18T09:52:03.974505+00:00,2026-08-18T09:52:49.122154+00:00
19,505,Udogie,18,DEF,49,2.224,2.3546,0.68,0.0704,0.638,0.0056,1,1,49,1,2026-08-18T09:52:03.974505+00:00,2026-08-18T09:52:49.122154+00:00
19,506,Van de Ven,18,DEF,45,0.8636,1.7097,0.22,0.1716,0.2183,0.0024,1,0,0,0,2026-08-18T09:52:03.974505+00:00,2026-08-18T09:52:49.122154+00:00
19,507,Veliz,18,FWD,50,0,0,0.0,0.0,0.0,0,1,0,0,0,2026-08-18T09:52:03.974505+00:00,2026-08-18T09:52:49.122154+00:00
19,508,Vicario,18,GKP,48,3.0088,2.17,0.9,0.008,0.8376,0.0,1,0,0,0,2026-08-18T09:52:03.974505+00:00,2026-08-18T09:52:49.122154+00:00
19,509,Werner,18,MID,62,0.7616,1.5153,0.14,0.2408,0.1495,0.0032,1,1,26,0,2026-08-18T09:52:03.974505+00:00,2026-08-18T09:52:49.122154+00:00
19,510,Whiteman,18,GKP,40,0.2092,0.9039,0.04,0.0384,0.0403,0.0,1,0,0,0,2026-08-18T09:52:03.974505+00:00,2026-08-18T09:52:49.122154+00:00
19,609,Lankshear,18,FWD,45,0,0,0.0,0.0,0.0,0,1,0,0,0,2026-08-18T09:52:03.974505+00:00,2026-08-18T09:52:49.122154+00:00
19,610,Moore,18,MID,45,0.4728,1.0016,0.1,0.198,0.1088,0.0004,1,0,0,0,2026-08-18T09:52:03.974505+00:00,2026-08-18T09:52:49.122154+00:00
19,612,Odobert,18,MID,53,0.7224,1.3307,0.18,0.1804,0.1818,0.0004,1,0,0,0,2026-08-18T09:52:03.974505+00:00,2026-08-18T09:52:49.122154+00:00
19,683,Olusesi,18,MID,45,0.4824,0.9685,0.1,0.198,0.1088,0.0004,1,0,0,0,2026-08-18T09:52:03.974505+00:00,2026-08-18T09:52:49.122154+00:00
19,684,Hardy,18,DEF,40,0.5548,1.3519,0.1,0.198,0.1088,0.0016,1,0,0,0,2026-08-18T09:52:03.974505+00:00,2026-08-18T09:52:49.122154+00:00
19,689,Williams-Barnett,18,MID,45,0,0,0.0,0.0,0.0,0,1,0,0,0,2026-08-18T09:52:03.974505+00:00,2026-08-18T09:52:49.122154+00:00
19,699,Dorrington,18,DEF,40,0,0,0.0,0.0,0.0,0,1,0,0,0,2026-08-18T09:52:03.974505+00:00,2026-08-18T09:52:49.122154+00:00
19,700,King,18,DEF,40,0.4988,1.2027,0.1,0.198,0.1088,0.0,1,0,0,0,2026-08-18T09:52:03.974505+00:00,2026-08-18T09:52:49.122154+00:00
19,716,Kinsky,18,GKP,41,0.18,0.8148,0.04,0.0384,0.0403,0.0,1,,,,2026-08-18T09:52:03.974505+00:00,
19,717,Yang,18,MID,45,0,0,0.0,0.0,0.0,0,1,,,,2026-08-18T09:52:03.974505+00:00,
19,729,Ajayi,18,MID,45,0.4696,0.9674,0.1,0.198,0.1088,0.0008,1,,,,2026-08-18T09:52:03.974505+00:00,
19,749,Postecoglou,18,MID,11,0.4836,0.9886,0.1,0.198,0.1088,0.0,1,,,,2026-08-18T09:52:03.974505+00:00,
19,760,Cassanova,18,DEF,40,0.576,1.3536,0.1,0.198,0.1088,0.0016,1,,,,2026-08-18T09:52:03.974505+00:00,
19,767,Danso,18,DEF,44,0.524,1.2692,0.1,0.198,0.1088,0.0008,1,,,,2026-08-18T09:52:03.974505+00:00,
19,768,Tel,18,MID,58,1.6124,1.9784,0.45,0.154,0.4308,0.0036,1,,,,2026-08-18T09:52:03.974505+00:00,
19,123,Ferguson,19,FWD,55,1.4368,1.79,0.45,0.154,0.4308,0.0056,1,0,0,0,2026-08-18T09:52:03.974505+00:00,2026-08-18T09:52:49.122154+00:00
19,388,Wan-Bissaka,19,DEF,46,2.666,2.6675,0.68,0.0704,0.638,0.0148,1,0,90,1,2026-08-18T09:52:03.974505+00:00,2026-08-18T09:52:49.122154+00:00
19,511,Álvarez,19,MID,50,1.2844,1.5493,0.48,0.1144,0.4556,0.0024,1,1,45,1,2026-08-18T09:52:03.974505+00:00,2026-08-18T09:52:49.122154+00:00
19,512,Antonio,19,FWD,53,0,0,0.0,0.0,0.0,0,1,0,0,0,2026-08-18T09:52:03.974505+00:00,2026-08-18T09:52:49.122154+00:00
19,513,Areola,19,GKP,42,0.2012,0.8678,0.04,0.0384,0.0403,0.0,1,2,90,1,2026-08-18T09:52:03.974505+00:00,2026-08-18T09:52:49.122154+00:00
19,514,Bowen,19,MID,75,3.5104,3.5147,0.68,0.0576,0.637,0.0648,1,1,59,1,2026-08-18T09:52:03.974505+00:00,2026-08-18T09:52:49.122154+00:00
19,516,Coufal,19,DEF,42,0.8344,1.603,0.22,0.1716,0.2183,0.0012,1,0,45,1,2026-08-18T09:52:03.974505+00:00,2026-08-18T09:52:49.122154+00:00
19,517,Cresswell,19,DEF,39,0.5236,1.2645,0.1,0.198,0.1088,0.0008,1,0,0,0,2026-08-18T09:52:03.974505+00:00,2026-08-18T09:52:49.122154+00:00
19,519,Earthy,19,MID,45,0,0,0.0,0.0,0.0,0,1,0,0,0,2026-08-18T09:52:03.974505+00:00,2026-08-18T09:52:49.122154+00:00
19,520,Emerson,19,DEF,44,0.9252,1.864,0.22,0.1716,0.2183,0.0044,1,0,90,1,2026-08-18T09:52:03.974505+00:00,2026-08-18T09:52:49.122154+00:00
19,521,Fabianski,19,GKP,41,0.1948,0.8738,0.04,0.0384,0.0403,0.0,1,0,0,0,2026-08-18T09:52:03.974505+00:00,2026-08-18T09:52:49.122154+00:00
19,522,Foderingham,19,GKP,43,3.7604,2.436,0.88,0.0048,0.8188,0.0056,1,0,0,0,2026-08-18T09:52:03.974505+00:00,2026-08-18T09:52:49.122154+00:00
19,523,Ings,19,FWD,50,0.7012,1.3469,0.18,0.1804,0.1818,0.002,1,0,0,0,2026-08-18T09:52:03.974505+00:00,2026-08-18T09:52:49.122154+00:00
19,524,Kilman,19,DEF,44,0.9176,1.9917,0.22,0.1404,0.2158,0.0088,1,0,90,1,2026-08-18T09:52:03.974505+00:00,2026-08-18T09:52:49.122154+00:00
19,525,Kudus,19,MID,62,2.2804,2.842,0.48,0.1456,0.458,0.0276,1,2,80,1,2026-08-18T09:52:03.974505+00:00,2026-08-18T09:52:49.122154+00:00
19,526,L.Guilherme,19,MID,47,0.7444,1.3126,0.18,0.1804,0.1818,0.0008,1,1,9,0,2026-08-18T09:52:03.974505+00:00,2026-08-18T09:52:49.122154+00:00
19,527,L.Paquetá,19,MID,57,1.9944,2.5624,0.48,0.1456,0.458,0.0176,1,2,90,1,2026-08-18T09:52:03.974505+00:00,2026-08-18T09:52:49.122154+00:00
19,528,Mavropanos,19,DEF,44,0.9824,1.8989,0.22,0.1716,0.2183,0.004,1,0,90,1,2026-08-18T09:52:03.974505+00:00,2026-08-18T09:52:49.122154+00:00
19,529,N.Aguerd,19,DEF,44,0,0,0.0,0.0,0.0,0,1,0,0,0,2026-08-18T09:52:03.974505+00:00,2026-08-18T09:52:49.122154+00:00
19,530,Souček,19,MID,49,1.9892,2.5789,0.48,0.1144,0.4556,0.0188,1,0,0,0,2026-08-18T09:52:03.974505+00:00,2026-08-18T09:52:49.122154+00:00
19,531,Ward-Prowse,19,MID,62,1.0792,1.7092,0.28,0.2016,0.2765,0.0032,1,1,8,0,2026-08-18T09:52:03.974505+00:00,2026-08-18T09:52:49.122154+00:00
19,532,Zouma,19,DEF,44,0,0,0.0,0.0,0.0,0,1,0,0,0,2026-08-18T09:52:03.974505+00:00,2026-08-18T09:52:49.122154+00:00
19,576,Irving,19,MID,48,0.7064,1.2887,0.18,0.1804,0.1818,0.0004,1,1,17,0,2026-08-18T09:52:03.974505+00:00,2026-08-18T09:52:49.122154+00:00
19,587,Summerville,19,MID,56,0,0,0.0,0.0,0.0,0,1,1,30,0,2026-08-18T09:52:03.974505+00:00,2026-08-18T09:52:49.122154+00:00
19,588,G.Rodríguez,19,MID,48,1.1388,1.3231,0.48,0.1144,0.4556,0.0,1,0,0,0,2026-08-18T09:52:03.974505+00:00,2026-08-18T09:52:49.122154+00:00
19,589,Füllkrug,19,FWD,67,1.576,2.007,0.45,0.154,0.4308,0.0068,1,1,45,1,2026-08-18T09:52:03.974505+00:00,2026-08-18T09:52:49.122154+00:00
19,591,Todibo,19,DEF,43,0.8724,1.6073,0.22,0.1716,0.2183,0.0012,1,0,45,1,2026-08-18T09:52:03.974505+00:00,2026-08-18T09:52:49.122154+00:00
19,643,Casey,19,DEF,40,0.5088,1.1934,0.1,0.198,0.1088,0.0004,1,0,0,0,2026-08-18T09:52:03.974505+00:00,2026-08-18T09:52:49.122154+00:00
19,654,C.Soler,19,MID,50,0.9104,1.5756,0.28,0.1584,0.2731,0.0044,1,2,72,1,2026-08-18T09:52:03.974505+00:00,2026-08-18T09:52:49.122154+00:00
19,677,Scarles,19,DEF,40,0.5232,1.2058,0.1,0.198,0.1088,0.0,1,0,0,0,2026-08-18T09:52:03.974505+00:00,2026-08-18T09:52:49.122154+00:00
19,686,Mayers,19,DEF,40,0.566,1.2812,0.1,0.198,0.1088,0.0,1,0,0,0,2026-08-18T09:52:03.974505+00:00,2026-08-18T09:52:49.122154+00:00
19,701,Orford,19,MID,45,0.4544,0.9318,0.1,0.198,0.1088,0.0,1,0,0,0,2026-08-18T09:52:03.974505+00:00,2026-08-18T09:52:49.122154+00:00
19,750,Potter,19,MID,5,0.4872,1.033,0.1,0.198,0.1088,0.0008,1,,,,2026-08-18T09:52:03.974505+00:00,
19,204,Johnstone,20,GKP,43,0,0,0.0,0.0,0.0,0,1,0,0,0,2026-08-18T09:52:03.974505+00:00,2026-08-18T09:52:49.122154+00:00
19,533,Aït-Nouri,20,DEF,48,2.0112,2.3943,0.68,0.0704,0.638,0.0124,1,10,90,1,2026-08-18T09:52:03.974505+00:00,2026-08-18T09:52:49.122154+00:00
19,534,B.Traore,20,MID,48,1.1324,1.3436,0.48,0.1144,0.4556,0.0004,1,0,0,0,2026-08-18T09:52:03.974505+00:00,2026-08-18T09:52:49.122154+00:00
19,535,Bellegarde,20,MID,49,1.3384,1.5226,0.48,0.1144,0.4556,0.0012,1,0,45,1,2026-08-18T09:52:03.974505+00:00,2026-08-18T09:52:49.122154+00:00
19,536,Bentley,20,GKP,40,0.1552,0.7026,0.04,0.0384,0.0403,0.0,1,0,0,0,2026-08-18T09:52:03.974505+00:00,2026-08-18T09:52:49.122154+00:00
19,537,Chiquinho,20,MID,45,0,0,0.0,0.0,0.0,0,1,0,0,0,2026-08-18T09:52:03.974505+00:00,2026-08-18T09:52:49.122154+00:00
19,538,Chirewa,20,MID,45,0,0,0.0,0.0,0.0,0,1,0,0,0,2026-08-18T09:52:03.974505+00:00,2026-08-18T09:52:49.122154+00:00
19,539,Chiwome,20,FWD,45,0,0,0.0,0.0,0.0,0,1,0,0,0,2026-08-18T09:52:03.974505+00:00,2026-08-18T09:52:49.122154+00:00
19,540,Cundle,20,MID,45,0,0,0.0,0.0,0.0,0,1,0,0,0,2026-08-18T09:52:03.974505+00:00,2026-08-18T09:52:49.122154+00:00
19,541,Cunha,20,FWD,71,2.9252,2.718,0.68,0.0576,0.637,0.0256,1,1,45,1,2026-08-18T09:52:03.974505+00:00,2026-08-18T09:52:49.122154+00:00
19,542,Dawson,20,DEF,44,0.7516,1.5075,0.22,0.1716,0.2183,0.0028,1,1,77,1,2026-08-18T09:52:03.974505+00:00,2026-08-18T09:52:49.122154+00:00
19,543,Doherty,20,DEF,43,0.7784,1.5489,0.22,0.1716,0.2183,0.002,1,1,90,1,2026-08-18T09:52:03.974505+00:00,2026-08-18T09:52:49.122154+00:00
19,544,Doyle,20,MID,48,0.8832,1.3726,0.28,0.1584,0.2731,0.0012,1,1,21,0,2026-08-18T09:52:03.974505+00:00,2026-08-18T09:52:49.122154+00:00
19,545,Fábio Silva,20,FWD,50,0,0,0.0,0.0,0.0,0,1,0,0,0,2026-08-18T09:52:03.974505+00:00,2026-08-18T09:52:49.122154+00:00
19,546,Fraser,20,FWD,45,0,0,0.0,0.0,0.0,0,1,0,0,0,2026-08-18T09:52:03.974505+00:00,2026-08-18T09:52:49.122154+00:00
19,547,Gonzalez,20,MID,44,0,0,0.0,0.0,0.0,0,1,0,0,0,2026-08-18T09:52:03.974505+00:00,2026-08-18T09:52:49.122154+00:00
19,548,Guedes,20,MID,53,0.9316,1.4482,0.28,0.1584,0.2731,0.0004,1,1,45,1,2026-08-18T09:52:03.974505+00:00,2026-08-18T09:52:49.122154+00:00
19,549,H.Bueno,20,DEF,45,0,0,0.0,0.0,0.0,0,1,0,0,0,2026-08-18T09:52:03.974505+00:00,2026-08-18T09:52:49.122154+00:00
19,550,Hee Chan,20,MID,61,1.1628,1.968,0.28,0.2016,0.2765,0.0056,1,7,77,1,2026-08-18T09:52:03.974505+00:00,2026-08-18T09:52:49.122154+00:00
19,551,Hodge,20,MID,45,0,0,0.0,0.0,0.0,0,1,0,0,0,2026-08-18T09:52:03.974505+00:00,2026-08-18T09:52:49.122154+00:00
19,552,Hoever,20,DEF,40,0,0,0.0,0.0,0.0,0,1,0,0,0,2026-08-18T09:52:03.974505+00:00,2026-08-18T09:52:49.122154+00:00
19,553,J.Gomes,20,MID,49,1.916,1.8961,0.68,0.0704,0.638,0.0036,1,2,90,1,2026-08-18T09:52:03.974505+00:00,2026-08-18T09:52:49.122154+00:00
19,554,José Sá,20,GKP,43,2.9272,2.0851,0.9,0.004,0.8373,0.0004,1,6,90,1,2026-08-18T09:52:03.974505+00:00,2026-08-18T09:52:49.122154+00:00
19,555,Kalajdžić,20,FWD,48,0,0,0.0,0.0,0.0,0,1,0,0,0,2026-08-18T09:52:03.974505+00:00,2026-08-18T09:52:49.122154+00:00
19,556,King,20,GKP,40,0.1668,0.7413,0.04,0.0384,0.0403,0.0,1,0,0,0,2026-08-18T09:52:03.974505+00:00,2026-08-18T09:52:49.122154+00:00
19,557,Mario Jr.,20,MID,50,0,0,0.0,0.0,0.0,0,1,0,0,0,2026-08-18T09:52:03.974505+00:00,2026-08-18T09:52:49.122154+00:00
19,558,Mosquera,20,DEF,39,0,0,0.0,0.0,0.0,0,1,0,0,0,2026-08-18T09:52:03.974505+00:00,2026-08-18T09:52:49.122154+00:00
19,559,N.Semedo,20,DEF,45,0.73,1.469,0.22,0.1716,0.2183,0.002,1,0,90,1,2026-08-18T09:52:03.974505+00:00,2026-08-18T09:52:49.122154+00:00
19,561,Pedro Lima,20,DEF,39,0.4564,1.0769,0.1,0.198,0.1088,0.0008,1,0,0,0,2026-08-18T09:52:03.974505+00:00,2026-08-18T09:52:49.122154+00:00
19,562,Podence,20,MID,55,0,0,0.0,0.0,0.0,0,1,0,0,0,2026-08-18T09:52:03.974505+00:00,2026-08-18T09:52:49.122154+00:00
19,563,R.Gomes,20,MID,52,0.8728,1.3614,0.28,0.1584,0.2731,0.0016,1,1,12,0,2026-08-18T09:52:03.974505+00:00,2026-08-18T09:52:49.122154+00:00
19,564,S.Bueno,20,DEF,43,0.7436,1.3828,0.22,0.1716,0.2183,0.0004,1,1,90,1,2026-08-18T09:52:03.974505+00:00,2026-08-18T09:52:49.122154+00:00
19,565,Sarabia,20,MID,50,0.7376,1.4153,0.18,0.1804,0.1818,0.0016,1,0,0,0,2026-08-18T09:52:03.974505+00:00,2026-08-18T09:52:49.122154+00:00
19,566,Strand Larsen,20,FWD,56,2.2764,2.1675,0.68,0.0896,0.6396,0.0124,1,6,45,1,2026-08-18T09:52:03.974505+00:00,2026-08-18T09:52:49.122154+00:00
19,567,Toti,20,DEF,43,0.7272,1.4364,0.22,0.1716,0.2183,0.0004,1,0,0,0,2026-08-18T09:52:03.974505+00:00,2026-08-18T09:52:49.122154+00:00
19,637,Meupiyou,20,DEF,40,0.4732,1.1927,0.1,0.198,0.1088,0.0016,1,0,0,0,2026-08-18T09:52:03.974505+00:00,2026-08-18T09:52:49.122154+00:00
19,642,André,20,MID,50,1.2132,1.3646,0.48,0.1144,0.4556,0.0008,1,2,68,1,2026-08-18T09:52:03.974505+00:00,2026-08-18T09:52:49.122154+00:00
19,655,Forbs,20,MID,55,1.4412,1.7176,0.45,0.154,0.4308,0.002,1,1,12,0,2026-08-18T09:52:03.974505+00:00,2026-08-18T09:52:49.122154+00:00
19,664,Pond,20,DEF,39,0.4736,1.1642,0.1,0.198,0.1088,0.0004,1,0,0,0,2026-08-18T09:52:03.974505+00:00,2026-08-18T09:52:49.122154+00:00
19,682,Edozie,20,MID,45,0.468,0.9225,0.1,0.198,0.1088,0.0,1,0,0,0,2026-08-18T09:52:03.974505+00:00,2026-08-18T09:52:49.122154+00:00
19,711,Okoduwa,20,DEF,40,0.4948,1.1741,0.1,0.198,0.1088,0.0016,1,,,,2026-08-18T09:52:03.974505+00:00,
19,720,Agbadou,20,DEF,40,0.4644,1.0798,0.1,0.198,0.1088,0.0,1,,,,2026-08-18T09:52:03.974505+00:00,
19,751,Pereira,20,MID,8,0.4916,1.0048,0.1,0.198,0.1088,0.0004,1,,,,2026-08-18T09:52:03.974505+00:00,
19,769,Djiga,20,DEF,45,0.462,1.079,0.1,0.198,0.1088,0.0,1,,,,2026-08-18T09:52:03.974505+00:00,
19,770,Munetsi,20,MID,50,0.6932,1.2068,0.18,0.1804,0.1818,0.0008,1,,,,2026-08-18T09:52:03.974505+00:00,
19,784,Mané,20,FWD,45,0.4628,0.927,0.1,0.198,0.1088,0.0,1,,,,2026-08-18T09:52:03.974505+00:00,
