gw,player_id,web_name,team_id,position,now_cost,mu,sigma,p_start,p_sub,p_60,p_10_plus,n_fixtures,actual_points,actual_minutes,did_start,captured_at,scored_at
20,1,Fábio Vieira,1,MID,54,0,0,0.0,0.0,0.0,0,1,0,0,0,2026-08-18T09:52:05.815893+00:00,2026-08-18T09:52:49.149509+00:00
20,2,G.Jesus,1,FWD,69,0,0,0.0,0.0,0.0,0,1,2,90,1,2026-08-18T09:52:05.815893+00:00,2026-08-18T09:52:49.149509+00:00
20,3,Gabriel,1,DEF,64,0,0,0.0,0.0,0.0,0,1,2,90,1,2026-08-18T09:52:05.815893+00:00,2026-08-18T09:52:49.149509+00:00
20,4,Havertz,1,FWD,79,2.9264,2.8338,0.68,0.0896,0.6396,0.0376,1,0,0,0,2026-08-18T09:52:05.815893+00:00,2026-08-18T09:52:49.149509+00:00
20,5,Hein,1,GKP,40,0,0,0.0,0.0,0.0,0,1,0,0,0,2026-08-18T09:52:05.815893+00:00,2026-08-18T09:52:49.149509+00:00
20,6,J.Timber,1,DEF,57,0,0,0.0,0.0,0.0,0,1,0,0,0,2026-08-18T09:52:05.815893+00:00,2026-08-18T09:52:49.149509+00:00
20,7,Jorginho,1,MID,47,0.834,1.2598,0.28,0.1584,0.2731,0.0004,1,2,63,1,2026-08-18T09:52:05.815893+00:00,2026-08-18T09:52:49.149509+00:00
20,8,Kiwior,1,DEF,48,0.8092,1.5282,0.28,0.1584,0.2731,0.0012,1,0,0,0,2026-08-18T09:52:05.815893+00:00,2026-08-18T09:52:49.149509+00:00
20,9,Martinelli,1,MID,68,2.1408,2.6825,0.48,0.1456,0.458,0.0184,1,1,45,1,2026-08-18T09:52:05.815893+00:00,2026-08-18T09:52:49.149509+00:00
20,12,Nwaneri,1,MID,45,0.4704,0.9516,0.1,0.198,0.1088,0.0,1,6,45,1,2026-08-18T09:52:05.815893+00:00,2026-08-18T09:52:49.149509+00:00
20,13,Ødegaard,1,MID,84,1.97,2.4543,0.48,0.1456,0.458,0.0144,1,1,26,0,2026-08-18T09:52:05.815893+00:00,2026-08-18T09:52:49.149509+00:00
20,15,Raya,1,GKP,56,2.9304,2.1028,0.9,0.008,0.8376,0.0004,1,3,90,1,2026-08-18T09:52:05.815893+00:00,2026-08-18T09:52:49.149509+00:00
20,16,Rice,1,MID,62,1.67,2.0362,0.48,0.1456,0.458,0.0076,1,4,90,1,2026-08-18T09:52:05.815893+00:00,2026-08-18T09:52:49.149509+00:00
20,17,Saka,1,MID,103,3.6792,3.4334,0.68,0.0896,0.6396,0.0672,1,0,0,0,2026-08-18T09:52:05.815893+00:00,2026-08-18T09:52:49.149509+00:00
20,18,Saliba,1,DEF,63,0,0,0.0,0.0,0.0,0,1,2,90,1,2026-08-18T09:52:05.815893+00:00,2026-08-18T09:52:49.149509+00:00
20,20,Thomas,1,MID,50,2.1196,1.9484,0.68,0.0704,0.638,0.0044,1,2,90,1,2026-08-18T09:52:05.815893+00:00,2026-08-18T09:52:49.149509+00:00
20,21,Tierney,1,DEF,43,0.51,1.1761,0.1,0.198,0.1088,0.0008,1,0,0,0,2026-08-18T09:52:05.815893+00:00,2026-08-18T09:52:49.149509+00:00
20,22,Tomiyasu,1,DEF,48,0,0,0.0,0.0,0.0,0,1,0,0,0,2026-08-18T09:52:05.815893+00:00,2026-08-18T09:52:49.149509+00:00
20,23,Trossard,1,MID,68,2.1496,2.5409,0.48,0.1456,0.458,0.0176,1,2,90,1,2026-08-18T09:52:05.815893+00:00,2026-08-18T09:52:49.149509+00:00
20,24,White,1,DEF,61,0.9756,1.7678,0.28,0.2016,0.2765,0.004,1,0,0,0,2026-08-18T09:52:05.815893+00:00,2026-08-18T09:52:49.149509+00:00
20,25,Zinchenko,1,DEF,48,0.6608,1.3455,0.18,0.1804,0.1818,0.0004,1,0,0,0,2026-08-18T09:52:05.815893+00:00,2026-08-18T09:52:49.149509+00:00
20,73,Neto,1,GKP,41,0.1824,0.8437,0.04,0.0384,0.0403,0.0,1,0,0,0,2026-08-18T09:52:05.815893+00:00,2026-08-18T09:52:49.149509+00:00
20,186,Sterling,1,MID,67,1.5712,2.0138,0.45,0.154,0.4308,0.0076,1,0,0,0,2026-08-18T09:52:05.815893+00:00,2026-08-18T09:52:49.149509+00:00
20,578,Calafiori,1,DEF,58,0.9656,1.7648,0.28,0.2016,0.2765,0.0044,1,1,90,1,2026-08-18T09:52:05.815893+00:00,2026-08-18T09:52:49.149509+00:00
20,597,Lewis-Skelly,1,MID,45,0.8164,1.2133,0.28,0.1584,0.2731,0.0,1,0,0,0,2026-08-18T09:52:05.815893+00:00,2026-08-18T09:52:49.149509+00:00
20,633,Merino,1,MID,60,1.1852,1.9094,0.28,0.2016,0.2765,0.0036,1,4,90,1,2026-08-18T09:52:05.815893+00:00,2026-08-18T09:52:49.149509+00:00
20,638,Oulad M'hand,1,MID,45,0.4616,0.9321,0.1,0.198,0.1088,0.0,1,0,0,0,2026-08-18T09:52:05.815893+00:00,2026-08-18T09:52:49.149509+00:00
20,639,Setford,1,GKP,45,0.194,0.8615,0.04,0.0384,0.0403,0.0,1,0,0,0,2026-08-18T09:52:05.815893+00:00,2026-08-18T09:52:49.149509+00:00
20,657,Kacurri,1,DEF,40,0,0,0.0,0.0,0.0,0,1,0,0,0,2026-08-18T09:52:05.815893+00:00,2026-08-18T09:52:49.149509+00:00
20,659,Kabia,1,MID,45,0.448,0.9036,0.1,0.198,0.1088,0.0,1,0,0,0,2026-08-18T09:52:05.815893+00:00,2026-08-18T09:52:49.149509+00:00
20,662,Nichols,1,DEF,40,0.4632,1.1223,0.1,0.198,0.1088,0.0008,1,0,0,0,2026-08-18T09:52:05.815893+00:00,2026-08-18T09:52:49.149509+00:00
20,665,Butler-Oyedeji,1,FWD,45,0.4456,0.8981,0.1,0.198,0.1088,0.0008,1,0,0,0,2026-08-18T09:52:05.815893+00:00,2026-08-18T09:52:49.149509+00:00
20,735,Arteta,1,MID,15,0.4456,0.9382,0.1,0.198,0.1088,0.0004,1,,,,2026-08-18T09:52:05.815893+00:00,
20,756,Porter,1,GKP,40,0.154,0.7217,0.04,0.0384,0.0403,0.0,1,,,,2026-08-18T09:52:05.815893+00:00,
20,790,Gower,1,MID,45,0.4324,0.8705,0.1,0.198,0.1088,0.0,1,,,,2026-08-18T09:52:05.815893+00:00,
20,793,Jack Henry-Francis,1,MID,45,0.462,0.9257,0.1,0.198,0.1088,0.0,1,,,,2026-08-18T09:52:05.815893+00:00,
20,801,Clarke,1,DEF,40,0.4668,1.1153,0.1,0.198,0.1088,0.0004,1,,,,2026-08-18T09:52:05.815893+00:00,
20,28,Bailey,2,MID,62,1.8148,2.2839,0.48,0.1456,0.458,0.0136,1,9,90,1,2026-08-18T09:52:05.815893+00:00,2026-08-18T09:52:49.149509+00:00
20,29,Barkley,2,MID,52,1.1184,1.9418,0.28,0.1584,0.2731,0.0052,1,10,75,1,2026-08-18T09:52:05.815893+00:00,2026-08-18T09:52:49.149509+00:00
20,30,Barrenechea,2,MID,49,0,0,0.0,0.0,0.0,0,1,0,0,0,2026-08-18T09:52:05.815893+00:00,2026-08-18T09:52:49.149509+00:00
20,31,Buendia,2,MID,51,0,0,0.0,0.0,0.0,0,1,1,14,0,2026-08-18T09:52:05.815893+00:00,2026-08-18T09:52:49.149509+00:00
20,32,Cash,2,DEF,44,0.7248,1.4682,0.22,0.1716,0.2183,0.0004,1,3,90,1,2026-08-18T09:52:05.815893+00:00,2026-08-18T09:52:49.149509+00:00
20,33,Dendoncker,2,MID,45,0,0,0.0,0.0,0.0,0,1,0,0,0,2026-08-18T09:52:05.815893+00:00,2026-08-18T09:52:49.149509+00:00
20,34,Diaby,2,MID,65,0,0,0.0,0.0,0.0,0,1,0,0,0,2026-08-18T09:52:05.815893+00:00,2026-08-18T09:52:49.149509+00:00
20,35,Diego Carlos,2,DEF,45,0,0,0.0,0.0,0.0,0,1,0,0,0,2026-08-18T09:52:05.815893+00:00,2026-08-18T09:52:49.149509+00:00
20,36,Digne,2,DEF,46,2.7704,2.8469,0.68,0.0704,0.638,0.0208,1,2,75,1,2026-08-18T09:52:05.815893+00:00,2026-08-18T09:52:49.149509+00:00
20,37,Dobbin,2,MID,50,0,0,0.0,0.0,0.0,0,1,0,0,0,2026-08-18T09:52:05.815893+00:00,2026-08-18T09:52:49.149509+00:00
20,38,Duran,2,FWD,58,0,0,0.0,0.0,0.0,0,1,0,0,0,2026-08-18T09:52:05.815893+00:00,2026-08-18T09:52:49.149509+00:00
20,39,Gauci,2,GKP,40,0,0,0.0,0.0,0.0,0,1,0,0,0,2026-08-18T09:52:05.815893+00:00,2026-08-18T09:52:49.149509+00:00
20,40,Hause,2,DEF,39,0.5444,1.2749,0.1,0.198,0.1088,0.0008,1,0,0,0,2026-08-18T09:52:05.815893+00:00,2026-08-18T09:52:49.149509+00:00
20,41,Iling Jr,2,MID,54,0,0,0.0,0.0,0.0,0,1,0,0,0,2026-08-18T09:52:05.815893+00:00,2026-08-18T09:52:49.149509+00:00
20,42,Kamara,2,MID,50,0.9008,1.3418,0.28,0.1584,0.2731,0.002,1,2,90,1,2026-08-18T09:52:05.815893+00:00,2026-08-18T09:52:49.149509+00:00
20,43,Kesler-Hayden,2,DEF,40,0,0,0.0,0.0,0.0,0,1,0,0,0,2026-08-18T09:52:05.815893+00:00,2026-08-18T09:52:49.149509+00:00
20,44,Konsa,2,DEF,44,0.8908,1.7429,0.22,0.1716,0.2183,0.0032,1,2,90,1,2026-08-18T09:52:05.815893+00:00,2026-08-18T09:52:49.149509+00:00
20,45,Maatsen,2,DEF,46,0.8072,1.679,0.18,0.1804,0.1818,0.0036,1,4,14,0,2026-08-18T09:52:05.815893+00:00,2026-08-18T09:52:49.149509+00:00
20,46,Marschall,2,GKP,40,0,0,0.0,0.0,0.0,0,1,0,0,0,2026-08-18T09:52:05.815893+00:00,2026-08-18T09:52:49.149509+00:00
20,47,Martinez,2,GKP,50,0,0,0.0,0.0,0.0,0,1,2,90,1,2026-08-18T09:52:05.815893+00:00,2026-08-18T09:52:49.149509+00:00
20,48,McGinn,2,MID,52,1.6576,2.1512,0.48,0.1144,0.4556,0.01,1,1,18,0,2026-08-18T09:52:05.815893+00:00,2026-08-18T09:52:49.149509+00:00
20,49,Mings,2,DEF,44,0.5072,1.2449,0.1,0.198,0.1088,0.002,1,2,90,1,2026-08-18T09:52:05.815893+00:00,2026-08-18T09:52:49.149509+00:00
20,50,Nedeljkovic,2,DEF,39,0,0,0.0,0.0,0.0,0,1,0,0,0,2026-08-18T09:52:05.815893+00:00,2026-08-18T09:52:49.149509+00:00
20,51,Olsen,2,GKP,45,3.3868,2.3067,0.88,0.0048,0.8188,0.0032,1,0,0,0,2026-08-18T09:52:05.815893+00:00,2026-08-18T09:52:49.149509+00:00
20,52,Pau,2,DEF,43,0.8496,1.7044,0.22,0.1404,0.2158,0.0028,1,0,0,0,2026-08-18T09:52:05.815893+00:00,2026-08-18T09:52:49.149509+00:00
20,53,Ramsey,2,MID,54,1.032,1.6597,0.28,0.1584,0.2731,0.0032,1,2,71,1,2026-08-18T09:52:05.815893+00:00,2026-08-18T09:52:49.149509+00:00
20,54,Rogers,2,MID,55,3.0212,2.9864,0.68,0.0576,0.637,0.0352,1,0,0,0,2026-08-18T09:52:05.815893+00:00,2026-08-18T09:52:49.149509+00:00
20,55,Sinisalo,2,GKP,40,0,0,0.0,0.0,0.0,0,1,0,0,0,2026-08-18T09:52:05.815893+00:00,2026-08-18T09:52:49.149509+00:00
20,56,Sousa,2,DEF,40,0,0,0.0,0.0,0.0,0,1,0,0,0,2026-08-18T09:52:05.815893+00:00,2026-08-18T09:52:49.149509+00:00
20,57,Tielemans,2,MID,55,2.5764,2.4208,0.68,0.0576,0.637,0.0152,1,2,90,1,2026-08-18T09:52:05.815893+00:00,2026-08-18T09:52:49.149509+00:00
20,58,Watkins,2,FWD,89,2.862,3.5153,0.48,0.1456,0.458,0.062,1,2,90,1,2026-08-18T09:52:05.815893+00:00,2026-08-18T09:52:49.149509+00:00
20,167,Disasi,2,DEF,42,0.8396,1.7116,0.22,0.1716,0.2183,0.0036,1,0,0,0,2026-08-18T09:52:05.815893+00:00,2026-08-18T09:52:49.149509+00:00
20,233,Onana,2,MID,49,1.6948,2.1223,0.48,0.1144,0.4556,0.0048,1,0,0,0,2026-08-18T09:52:05.815893+00:00,2026-08-18T09:52:49.149509+00:00
20,385,Rashford,2,MID,66,1.8668,2.2945,0.48,0.1456,0.458,0.0112,1,0,0,0,2026-08-18T09:52:05.815893+00:00,2026-08-18T09:52:49.149509+00:00
20,598,Bogarde,2,DEF,40,0.882,1.6749,0.22,0.1716,0.2183,0.002,1,0,0,0,2026-08-18T09:52:05.815893+00:00,2026-08-18T09:52:49.149509+00:00
20,640,Swinkels,2,DEF,40,0,0,0.0,0.0,0.0,0,1,0,0,0,2026-08-18T09:52:05.815893+00:00,2026-08-18T09:52:49.149509+00:00
20,641,Zych,2,GKP,40,0.1832,0.8287,0.04,0.0384,0.0403,0.0,1,0,0,0,2026-08-18T09:52:05.815893+00:00,2026-08-18T09:52:49.149509+00:00
20,656,Young,2,MID,45,0,0,0.0,0.0,0.0,0,1,0,0,0,2026-08-18T09:52:05.815893+00:00,2026-08-18T09:52:49.149509+00:00
20,679,Broggio,2,MID,45,0.4512,0.9073,0.1,0.198,0.1088,0.0,1,0,0,0,2026-08-18T09:52:05.815893+00:00,2026-08-18T09:52:49.149509+00:00
20,710,Jimoh,2,MID,45,0.4844,1.0201,0.1,0.198,0.1088,0.0004,1,0,0,0,2026-08-18T09:52:05.815893+00:00,2026-08-18T09:52:49.149509+00:00
20,725,Malen,2,MID,53,0.7488,1.3665,0.18,0.1804,0.1818,0.0008,1,,,,2026-08-18T09:52:05.815893+00:00,
20,731,A. Garcia,2,DEF,45,0.5428,1.2592,0.1,0.198,0.1088,0.0012,1,,,,2026-08-18T09:52:05.815893+00:00,
20,737,Emery,2,MID,8,0.446,1.0065,0.1,0.198,0.1088,0.0012,1,,,,2026-08-18T09:52:05.815893+00:00,
20,762,M.Asensio,2,MID,60,1.6404,2.1081,0.45,0.154,0.4308,0.0092,1,,,,2026-08-18T09:52:05.815893+00:00,
20,59,Aarons,3,DEF,43,0,0,0.0,0.0,0.0,0,1,0,0,0,2026-08-18T09:52:05.815893+00:00,2026-08-18T09:52:49.149509+00:00
20,60,Adams,3,MID,49,0.8516,1.4444,0.28,0.1584,0.2731,0.002,1,0,20,0,2026-08-18T09:52:05.815893+00:00,2026-08-18T09:52:49.149509+00:00
20,61,Anthony,3,MID,45,0,0,0.0,0.0,0.0,0,1,0,0,0,2026-08-18T09:52:05.815893+00:00,2026-08-18T09:52:49.149509+00:00
20,62,Brooks,3,MID,49,0.7372,1.4409,0.18,0.1804,0.1818,0.0028,1,5,20,0,2026-08-18T09:52:05.815893+00:00,2026-08-18T09:52:49.149509+00:00
20,63,Christie,3,MID,49,0,0,0.0,0.0,0.0,0,1,3,90,1,2026-08-18T09:52:05.815893+00:00,2026-08-18T09:52:49.149509+00:00
20,64,Cook,3,MID,50,0,0,0.0,0.0,0.0,0,1,3,90,1,2026-08-18T09:52:05.815893+00:00,2026-08-18T09:52:49.149509+00:00
20,65,Enes Ünal,3,FWD,54,0,0,0.0,0.0,0.0,0,1,1,20,0,2026-08-18T09:52:05.815893+00:00,2026-08-18T09:52:49.149509+00:00
20,66,Faivre,3,MID,50,0,0,0.0,0.0,0.0,0,1,0,0,0,2026-08-18T09:52:05.815893+00:00,2026-08-18T09:52:49.149509+00:00
20,67,H.Traorè,3,MID,45,0,0,0.0,0.0,0.0,0,1,0,0,0,2026-08-18T09:52:05.815893+00:00,2026-08-18T09:52:49.149509+00:00
20,68,Hill,3,DEF,39,0.5616,1.3095,0.1,0.198,0.1088,0.0004,1,6,69,1,2026-08-18T09:52:05.815893+00:00,2026-08-18T09:52:49.149509+00:00
20,69,Jebbison,3,FWD,45,0.422,0.8742,0.1,0.198,0.1088,0.0008,1,0,0,0,2026-08-18T09:52:05.815893+00:00,2026-08-18T09:52:49.149509+00:00
20,70,Kerkez,3,DEF,47,2.514,2.54,0.68,0.0576,0.637,0.0108,1,12,90,1,2026-08-18T09:52:05.815893+00:00,2026-08-18T09:52:49.149509+00:00
20,71,Kluivert,3,MID,55,2.2896,3.0595,0.48,0.1456,0.458,0.0364,1,3,69,1,2026-08-18T09:52:05.815893+00:00,2026-08-18T09:52:49.149509+00:00
20,72,Mepham,3,DEF,44,0,0,0.0,0.0,0.0,0,1,0,0,0,2026-08-18T09:52:05.815893+00:00,2026-08-18T09:52:49.149509+00:00
20,74,O.Dango,3,MID,50,0,0,0.0,0.0,0.0,0,1,3,69,1,2026-08-18T09:52:05.815893+00:00,2026-08-18T09:52:49.149509+00:00
20,75,Paulsen,3,GKP,40,0,0,0.0,0.0,0.0,0,1,0,0,0,2026-08-18T09:52:05.815893+00:00,2026-08-18T09:52:49.149509+00:00
20,76,Philip,3,MID,48,0,0,0.0,0.0,0.0,0,1,1,8,0,2026-08-18T09:52:05.815893+00:00,2026-08-18T09:52:49.149509+00:00
20,77,Scott,3,MID,47,0.6448,1.1706,0.18,0.1804,0.1818,0.0,1,0,0,0,2026-08-18T09:52:05.815893+00:00,2026-08-18T09:52:49.149509+00:00
20,78,Semenyo,3,MID,56,3.0408,3.1634,0.68,0.0576,0.637,0.0428,1,3,90,1,2026-08-18T09:52:05.815893+00:00,2026-08-18T09:52:49.149509+00:00
20,79,Senesi,3,DEF,47,1.7024,2.4477,0.48,0.1144,0.4556,0.0116,1,0,0,0,2026-08-18T09:52:05.815893+00:00,2026-08-18T09:52:49.149509+00:00
20,80,Sinisterra,3,MID,48,0,0,0.0,0.0,0.0,0,1,0,0,0,2026-08-18T09:52:05.815893+00:00,2026-08-18T09:52:49.149509+00:00
20,81,Smith,3,DEF,45,0.8352,1.6384,0.22,0.1716,0.2183,0.002,1,0,0,0,2026-08-18T09:52:05.815893+00:00,2026-08-18T09:52:49.149509+00:00
20,83,Tavernier,3,MID,54,2.0576,2.7185,0.48,0.1144,0.4556,0.0224,1,0,0,0,2026-08-18T09:52:05.815893+00:00,2026-08-18T09:52:49.149509+00:00
20,84,Travers,3,GKP,44,0,0,0.0,0.0,0.0,0,1,6,90,1,2026-08-18T09:52:05.815893+00:00,2026-08-18T09:52:49.149509+00:00
20,85,Zabarnyi,3,DEF,44,0.8572,1.6837,0.22,0.1404,0.2158,0.0016,1,7,90,1,2026-08-18T09:52:05.815893+00:00,2026-08-18T09:52:49.149509+00:00
20,152,Arrizabalaga,3,GKP,45,3.5916,2.3916,0.9,0.004,0.8373,0.004,1,0,0,0,2026-08-18T09:52:05.815893+00:00,2026-08-18T09:52:49.149509+00:00
20,580,Huijsen,3,DEF,44,1.1628,2.2751,0.22,0.1716,0.2183,0.012,1,8,90,1,2026-08-18T09:52:05.815893+00:00,2026-08-18T09:52:49.149509+00:00
20,592,J.Araujo,3,DEF,43,0.8392,1.5889,0.22,0.1716,0.2183,0.0012,1,0,0,0,2026-08-18T09:52:05.815893+00:00,2026-08-18T09:52:49.149509+00:00
20,599,Dennis,3,GKP,40,0.1524,0.7081,0.04,0.0384,0.0403,0.0,1,0,0,0,2026-08-18T09:52:05.815893+00:00,2026-08-18T09:52:49.149509+00:00
20,617,Evanilson,3,FWD,59,3.2872,3.0352,0.68,0.0896,0.6396,0.0472,1,2,81,1,2026-08-18T09:52:05.815893+00:00,2026-08-18T09:52:49.149509+00:00
20,680,Kinsey,3,DEF,40,0.5112,1.1994,0.1,0.198,0.1088,0.0,1,0,0,0,2026-08-18T09:52:05.815893+00:00,2026-08-18T09:52:49.149509+00:00
20,687,Winterburn,3,MID,45,0.4828,0.9991,0.1,0.198,0.1088,0.0004,1,0,0,0,2026-08-18T09:52:05.815893+00:00,2026-08-18T09:52:49.149509+00:00
20,702,Harris,3,DEF,40,0.5044,1.2143,0.1,0.198,0.1088,0.0012,1,0,0,0,2026-08-18T09:52:05.815893+00:00,2026-08-18T09:52:49.149509+00:00
20,707,Rees-Dottin,3,FWD,45,0.466,0.9569,0.1,0.198,0.1088,0.0,1,0,0,0,2026-08-18T09:52:05.815893+00:00,2026-08-18T09:52:49.149509+00:00
20,712,Akinmboni,3,DEF,40,0.542,1.2884,0.1,0.198,0.1088,0.0004,1,,,,2026-08-18T09:52:05.815893+00:00,
20,713,Soler,3,DEF,39,0.5504,1.2478,0.1,0.198,0.1088,0.0008,1,,,,2026-08-18T09:52:05.815893+00:00,
20,722,Adu-Adjei,3,FWD,45,0.4552,0.9097,0.1,0.198,0.1088,0.0,1,,,,2026-08-18T09:52:05.815893+00:00,
20,723,Sadi,3,MID,45,0.4748,0.9659,0.1,0.198,0.1088,0.0008,1,,,,2026-08-18T09:52:05.815893+00:00,
20,727,McKenna,3,GKP,40,0.1664,0.7791,0.04,0.0384,0.0403,0.0,1,,,,2026-08-18T09:52:05.815893+00:00,
20,728,Silcott-Duberry,3,MID,45,0.4804,1.0086,0.1,0.198,0.1088,0.0004,1,,,,2026-08-18T09:52:05.815893+00:00,
20,738,Iraola,3,MID,11,0.4572,0.9168,0.1,0.198,0.1088,0.0,1,,,,2026-08-18T09:52:05.815893+00:00,
20,86,Ajer,4,DEF,44,0.7208,1.4934,0.22,0.1716,0.2183,0.0016,1,0,0,0,2026-08-18T09:52:05.815893+00:00,2026-08-18T09:52:49.149509+00:00
20,87,Brierley,4,MID,44,0.4556,0.9585,0.1,0.198,0.1088,0.0004,1,0,0,0,2026-08-18T09:52:05.815893+00:00,2026-08-18T09:52:49.149509+00:00
20,88,Collins,4,DEF,46,2.1168,2.499,0.68,0.0576,0.637,0.0144,1,6,90,1,2026-08-18T09:52:05.815893+00:00,2026-08-18T09:52:49.149509+00:00
20,89,Damsgaard,4,MID,50,2.5036,2.2615,0.68,0.0704,0.638,0.012,1,6,90,1,2026-08-18T09:52:05.815893+00:00,2026-08-18T09:52:49.149509+00:00
20,90,Dasilva,4,MID,48,0,0,0.0,0.0,0.0,0,1,0,0,0,2026-08-18T09:52:05.815893+00:00,2026-08-18T09:52:49.149509+00:00
20,91,Flekken,4,GKP,44,3.402,2.217,0.9,0.004,0.8373,0.0012,1,6,90,1,2026-08-18T09:52:05.815893+00:00,2026-08-18T09:52:49.149509+00:00
20,92,Henry,4,DEF,43,0.8144,1.5731,0.22,0.1716,0.2183,0.0012,1,0,0,0,2026-08-18T09:52:05.815893+00:00,2026-08-18T09:52:49.149509+00:00
20,93,Hickey,4,DEF,43,0.6872,1.4073,0.22,0.1716,0.2183,0.0012,1,0,0,0,2026-08-18T09:52:05.815893+00:00,2026-08-18T09:52:49.149509+00:00
20,94,Janelt,4,MID,49,0,0,0.0,0.0,0.0,0,1,1,19,0,2026-08-18T09:52:05.815893+00:00,2026-08-18T09:52:49.149509+00:00
20,95,Jensen,4,MID,53,0.9528,1.5267,0.28,0.1584,0.2731,0.0016,1,3,70,1,2026-08-18T09:52:05.815893+00:00,2026-08-18T09:52:49.149509+00:00
20,96,Ji-soo,4,DEF,39,0.4552,1.0769,0.1,0.198,0.1088,0.0004,1,0,0,0,2026-08-18T09:52:05.815893+00:00,2026-08-18T09:52:49.149509+00:00
20,97,Konak,4,MID,45,0.4596,0.9545,0.1,0.198,0.1088,0.0,1,0,0,0,2026-08-18T09:52:05.815893+00:00,2026-08-18T09:52:49.149509+00:00
20,98,Lewis-Potter,4,MID,50,1.952,1.805,0.68,0.0704,0.638,0.0024,1,8,90,1,2026-08-18T09:52:05.815893+00:00,2026-08-18T09:52:49.149509+00:00
20,99,Mbeumo,4,MID,77,3.212,3.1179,0.68,0.0576,0.637,0.0412,1,19,90,1,2026-08-18T09:52:05.815893+00:00,2026-08-18T09:52:49.149509+00:00
20,100,Mee,4,DEF,42,0.478,1.118,0.1,0.198,0.1088,0.0008,1,0,0,0,2026-08-18T09:52:05.815893+00:00,2026-08-18T09:52:49.149509+00:00
20,101,Nørgaard,4,MID,48,1.8612,1.8208,0.68,0.0704,0.638,0.0032,1,3,80,1,2026-08-18T09:52:05.815893+00:00,2026-08-18T09:52:49.149509+00:00
20,102,Onyeka,4,MID,49,0,0,0.0,0.0,0.0,0,1,0,0,0,2026-08-18T09:52:05.815893+00:00,2026-08-18T09:52:49.149509+00:00
20,103,Peart-Harris,4,MID,45,0,0,0.0,0.0,0.0,0,1,0,0,0,2026-08-18T09:52:05.815893+00:00,2026-08-18T09:52:49.149509+00:00
20,104,Pinnock,4,DEF,45,0.7204,1.4466,0.22,0.1716,0.2183,0.0004,1,0,0,0,2026-08-18T09:52:05.815893+00:00,2026-08-18T09:52:49.149509+00:00
20,105,Roerslev,4,DEF,43,0,0,0.0,0.0,0.0,0,1,6,90,1,2026-08-18T09:52:05.815893+00:00,2026-08-18T09:52:49.149509+00:00
20,106,Schade,4,MID,51,1.684,2.2114,0.48,0.1144,0.4556,0.0088,1,8,80,1,2026-08-18T09:52:05.815893+00:00,2026-08-18T09:52:49.149509+00:00
20,107,Thiago,4,FWD,59,1.3876,1.6417,0.45,0.154,0.4308,0.0028,1,0,0,0,2026-08-18T09:52:05.815893+00:00,2026-08-18T09:52:49.149509+00:00
20,108,Toney,4,FWD,73,0,0,0.0,0.0,0.0,0,1,0,0,0,2026-08-18T09:52:05.815893+00:00,2026-08-18T09:52:49.149509+00:00
20,109,Valdimarsson,4,GKP,39,0.1648,0.7607,0.04,0.0384,0.0403,0.0,1,0,0,0,2026-08-18T09:52:05.815893+00:00,2026-08-18T09:52:49.149509+00:00
20,110,Wissa,4,FWD,62,2.2868,2.7837,0.48,0.1456,0.458,0.0228,1,11,90,1,2026-08-18T09:52:05.815893+00:00,2026-08-18T09:52:49.149509+00:00
20,111,Yarmoliuk,4,MID,44,0.7656,1.1634,0.28,0.1584,0.2731,0.0,1,1,9,0,2026-08-18T09:52:05.815893+00:00,2026-08-18T09:52:49.149509+00:00
20,112,Zanka,4,DEF,45,0,0,0.0,0.0,0.0,0,1,0,0,0,2026-08-18T09:52:05.815893+00:00,2026-08-18T09:52:49.149509+00:00
20,314,Carvalho,4,MID,46,0,0,0.0,0.0,0.0,0,1,0,0,0,2026-08-18T09:52:05.815893+00:00,2026-08-18T09:52:49.149509+00:00
20,338,Van den Berg,4,DEF,41,0.7696,1.4601,0.22,0.1716,0.2183,0.0008,1,10,90,1,2026-08-18T09:52:05.815893+00:00,2026-08-18T09:52:49.149509+00:00
20,602,Trevitt,4,MID,44,0,0,0.0,0.0,0.0,0,1,0,0,0,2026-08-18T09:52:05.815893+00:00,2026-08-18T09:52:49.149509+00:00
20,634,G.Nunes,4,MID,49,0.6764,1.2281,0.18,0.1804,0.1818,0.0008,1,0,0,0,2026-08-18T09:52:05.815893+00:00,2026-08-18T09:52:49.149509+00:00
20,649,Meghoma,4,DEF,40,0,0,0.0,0.0,0.0,0,1,0,0,0,2026-08-18T09:52:05.815893+00:00,2026-08-18T09:52:49.149509+00:00
20,661,Yogane,4,MID,45,0,0,0.0,0.0,0.0,0,1,0,0,0,2026-08-18T09:52:05.815893+00:00,2026-08-18T09:52:49.149509+00:00
20,674,Maghoma,4,MID,45,0.448,0.9224,0.1,0.198,0.1088,0.0004,1,1,9,0,2026-08-18T09:52:05.815893+00:00,2026-08-18T09:52:49.149509+00:00
20,705,Arthur,4,DEF,40,0.4892,1.1583,0.1,0.198,0.1088,0.0012,1,0,0,0,2026-08-18T09:52:05.815893+00:00,2026-08-18T09:52:49.149509+00:00
20,752,Frank,4,MID,8,0.4796,0.9832,0.1,0.198,0.1088,0.0,1,,,,2026-08-18T09:52:05.815893+00:00,
20,757,Kayode,4,DEF,45,0.4416,1.0755,0.1,0.198,0.1088,0.0,1,,,,2026-08-18T09:52:05.815893+00:00,
20,759,Eyestone,4,GKP,40,0.1528,0.7239,0.04,0.0384,0.0403,0.0,1,,,,2026-08-18T09:52:05.815893+00:00,
20,780,Morgan,4,FWD,45,0.4316,0.8546,0.1,0.198,0.1088,0.0,1,,,,2026-08-18T09:52:05.815893+00:00,
20,786,Benjamin Fredrick,4,DEF,40,0.4624,1.1258,0.1,0.198,0.1088,0.0004,1,,,,2026-08-18T09:52:05.815893+00:00,
20,113,Adingra,5,MID,52,1.0924,1.7098,0.28,0.1584,0.2731,0.004,1,2,61,1,2026-08-18T09:52:05.815893+00:00,2026-08-18T09:52:49.149509+00:00
20,114,Baker-Boaitey,5,MID,45,0,0,0.0,0.0,0.0,0,1,0,0,0,2026-08-18T09:52:05.815893+00:00,2026-08-18T09:52:49.149509+00:00
20,115,Baleba,5,MID,50,1.646,1.9809,0.48,0.1144,0.4556,0.004,1,2,90,1,2026-08-18T09:52:05.815893+00:00,2026-08-18T09:52:49.149509+00:00
20,116,Barco,5,DEF,40,0,0,0.0,0.0,0.0,0,1,0,0,0,2026-08-18T09:52:05.815893+00:00,2026-08-18T09:52:49.149509+00:00
20,118,Cozier-Duberry,5,MID,45,0,0,0.0,0.0,0.0,0,1,0,0,0,2026-08-18T09:52:05.815893+00:00,2026-08-18T09:52:49.149509+00:00
20,119,Dahoud,5,MID,49,0,0,0.0,0.0,0.0,0,1,0,0,0,2026-08-18T09:52:05.815893+00:00,2026-08-18T09:52:49.149509+00:00
20,120,Dunk,5,DEF,43,0.8376,1.7423,0.22,0.1716,0.2183,0.004,1,0,0,0,2026-08-18T09:52:05.815893+00:00,2026-08-18T09:52:49.149509+00:00
20,122,Estupiñan,5,DEF,51,1.8572,2.4821,0.48,0.1144,0.4556,0.0112,1,2,90,1,2026-08-18T09:52:05.815893+00:00,2026-08-18T09:52:49.149509+00:00
20,124,Gilmour,5,MID,50,0,0,0.0,0.0,0.0,0,1,0,0,0,2026-08-18T09:52:05.815893+00:00,2026-08-18T09:52:49.149509+00:00
20,125,Gross,5,MID,65,0,0,0.0,0.0,0.0,0,1,0,0,0,2026-08-18T09:52:05.815893+00:00,2026-08-18T09:52:49.149509+00:00
20,126,Hinshelwood,5,MID,49,1.6484,1.945,0.48,0.1144,0.4556,0.0028,1,0,0,0,2026-08-18T09:52:05.815893+00:00,2026-08-18T09:52:49.149509+00:00
20,127,I.Osman,5,MID,50,0,0,0.0,0.0,0.0,0,1,0,0,0,2026-08-18T09:52:05.815893+00:00,2026-08-18T09:52:49.149509+00:00
20,128,Igor,5,DEF,44,0.744,1.4865,0.22,0.1716,0.2183,0.0016,1,2,65,1,2026-08-18T09:52:05.815893+00:00,2026-08-18T09:52:49.149509+00:00
20,129,João Pedro,5,FWD,57,2.1924,2.5565,0.48,0.1456,0.458,0.0144,1,9,90,1,2026-08-18T09:52:05.815893+00:00,2026-08-18T09:52:49.149509+00:00
20,130,Kozlowski,5,MID,45,0,0,0.0,0.0,0.0,0,1,0,0,0,2026-08-18T09:52:05.815893+00:00,2026-08-18T09:52:49.149509+00:00
20,131,Lamptey,5,DEF,44,0.5384,1.2767,0.11,0.1958,0.118,0.0012,1,0,0,0,2026-08-18T09:52:05.815893+00:00,2026-08-18T09:52:49.149509+00:00
20,132,March,5,MID,65,0,0,0.0,0.0,0.0,0,1,0,0,0,2026-08-18T09:52:05.815893+00:00,2026-08-18T09:52:49.149509+00:00
20,133,Mazilu,5,MID,45,0,0,0.0,0.0,0.0,0,1,0,0,0,2026-08-18T09:52:05.815893+00:00,2026-08-18T09:52:49.149509+00:00
20,134,Milner,5,MID,50,0.9372,1.4338,0.28,0.1584,0.2731,0.0008,1,0,0,0,2026-08-18T09:52:05.815893+00:00,2026-08-18T09:52:49.149509+00:00
20,135,Minteh,5,MID,51,1.0684,1.8246,0.28,0.1584,0.2731,0.0036,1,0,45,1,2026-08-18T09:52:05.815893+00:00,2026-08-18T09:52:49.149509+00:00
20,136,Mitoma,5,MID,64,3.1336,3.0383,0.68,0.0576,0.637,0.0404,1,1,28,0,2026-08-18T09:52:05.815893+00:00,2026-08-18T09:52:49.149509+00:00
20,137,Moder,5,MID,44,0,0,0.0,0.0,0.0,0,1,0,0,0,2026-08-18T09:52:05.815893+00:00,2026-08-18T09:52:49.149509+00:00
20,138,O’Mahony,5,FWD,45,0,0,0.0,0.0,0.0,0,1,0,0,0,2026-08-18T09:52:05.815893+00:00,2026-08-18T09:52:49.149509+00:00
20,139,Offiah,5,DEF,40,0,0,0.0,0.0,0.0,0,1,0,0,0,2026-08-18T09:52:05.815893+00:00,2026-08-18T09:52:49.149509+00:00
20,140,Peupion,5,MID,44,0,0,0.0,0.0,0.0,0,1,0,0,0,2026-08-18T09:52:05.815893+00:00,2026-08-18T09:52:49.149509+00:00
20,141,Sarmiento,5,MID,49,0,0,0.0,0.0,0.0,0,1,0,0,0,2026-08-18T09:52:05.815893+00:00,2026-08-18T09:52:49.149509+00:00
20,142,Steele,5,GKP,41,0.0984,0.56,0.02,0.0392,0.0217,0.0,1,0,0,0,2026-08-18T09:52:05.815893+00:00,2026-08-18T09:52:49.149509+00:00
20,143,Undav,5,FWD,55,0,0,0.0,0.0,0.0,0,1,0,0,0,2026-08-18T09:52:05.815893+00:00,2026-08-18T09:52:49.149509+00:00
20,144,Van Hecke,5,DEF,45,0.8612,1.7288,0.22,0.1716,0.2183,0.0024,1,2,90,1,2026-08-18T09:52:05.815893+00:00,2026-08-18T09:52:49.149509+00:00
20,145,Veltman,5,DEF,45,0.9844,1.8428,0.22,0.1716,0.2183,0.0012,1,1,90,1,2026-08-18T09:52:05.815893+00:00,2026-08-18T09:52:49.149509+00:00
20,146,Verbruggen,5,GKP,45,3.2848,2.2381,0.9,0.004,0.8373,0.0008,1,2,90,1,2026-08-18T09:52:05.815893+00:00,2026-08-18T09:52:49.149509+00:00
20,147,Webster,5,DEF,43,0.492,1.2675,0.1,0.198,0.1088,0.0016,1,1,24,0,2026-08-18T09:52:05.815893+00:00,2026-08-18T09:52:49.149509+00:00
20,148,Welbeck,5,FWD,55,2.3752,2.7914,0.48,0.1456,0.458,0.0252,1,0,0,0,2026-08-18T09:52:05.815893+00:00,2026-08-18T09:52:49.149509+00:00
20,149,Wieffer,5,MID,47,0.9892,1.5924,0.28,0.1584,0.2731,0.0028,1,0,0,0,2026-08-18T09:52:05.815893+00:00,2026-08-18T09:52:49.149509+00:00
20,595,Gruda,5,MID,54,0.9804,1.5827,0.28,0.1584,0.2731,0.0024,1,1,45,1,2026-08-18T09:52:05.815893+00:00,2026-08-18T09:52:49.149509+00:00
20,600,Ayari,5,MID,50,1.4644,1.9103,0.48,0.1144,0.4556,0.004,1,2,90,1,2026-08-18T09:52:05.815893+00:00,2026-08-18T09:52:49.149509+00:00
20,601,Moran,5,MID,50,0,0,0.0,0.0,0.0,0,1,0,0,0,2026-08-18T09:52:05.815893+00:00,2026-08-18T09:52:49.149509+00:00
20,615,Rushworth,5,GKP,40,0.1848,0.8573,0.04,0.0384,0.0403,0.0,1,0,0,0,2026-08-18T09:52:05.815893+00:00,2026-08-18T09:52:49.149509+00:00
20,618,Georginio,5,MID,52,0,0,0.0,0.0,0.0,0,1,1,45,1,2026-08-18T09:52:05.815893+00:00,2026-08-18T09:52:49.149509+00:00
20,628,F.Kadıoğlu,5,DEF,45,0,0,0.0,0.0,0.0,0,1,0,0,0,2026-08-18T09:52:05.815893+00:00,2026-08-18T09:52:49.149509+00:00
20,629,O'Riley,5,MID,55,1.2208,1.9164,0.28,0.2016,0.2765,0.006,1,1,45,1,2026-08-18T09:52:05.815893+00:00,2026-08-18T09:52:49.149509+00:00
20,663,Samuels,5,DEF,40,0,0,0.0,0.0,0.0,0,1,0,0,0,2026-08-18T09:52:05.815893+00:00,2026-08-18T09:52:49.149509+00:00
20,668,Cahill,5,GKP,39,0.1864,0.8442,0.04,0.0384,0.0403,0.0,1,0,0,0,2026-08-18T09:52:05.815893+00:00,2026-08-18T09:52:49.149509+00:00
20,681,McConville,5,DEF,40,0,0,0.0,0.0,0.0,0,1,0,0,0,2026-08-18T09:52:05.815893+00:00,2026-08-18T09:52:49.149509+00:00
20,685,Slater,5,DEF,40,0.542,1.3014,0.1,0.198,0.1088,0.0008,1,0,0,0,2026-08-18T09:52:05.815893+00:00,2026-08-18T09:52:49.149509+00:00
20,714,Gómez,5,MID,55,1.5364,1.9187,0.45,0.154,0.4308,0.006,1,,,,2026-08-18T09:52:05.815893+00:00,
20,739,Hürzeler,5,MID,11,0.474,0.9868,0.1,0.198,0.1088,0.0,1,,,,2026-08-18T09:52:05.815893+00:00,
20,758,Knight,5,MID,45,0.4752,1.0108,0.1,0.198,0.1088,0.0004,1,,,,2026-08-18T09:52:05.815893+00:00,
20,763,Cashin,5,DEF,45,0.53,1.2788,0.1,0.198,0.1088,0.0012,1,,,,2026-08-18T09:52:05.815893+00:00,
20,791,Charlie Tasker,5,DEF,40,0.464,1.1316,0.1,0.198,0.1088,0.0008,1,,,,2026-08-18T09:52:05.815893+00:00,
20,794,Freddie Simmonds,5,DEF,40,0.5584,1.3048,0.1,0.198,0.1088,0.0008,1,,,,2026-08-18T09:52:05.815893+00:00,
20,795,Harry Howell,5,MID,45,0.4924,1.0214,0.1,0.198,0.1088,0.0008,1,,,,2026-08-18T09:52:05.815893+00:00,
20,150,Andrey Santos,6,MID,45,0,0,0.0,0.0,0.0,0,1,0,0,0,2026-08-18T09:52:05.815893+00:00,2026-08-18T09:52:49.149509+00:00
20,151,Ângelo,6,MID,45,0,0,0.0,0.0,0.0,0,1,0,0,0,2026-08-18T09:52:05.815893+00:00,2026-08-18T09:52:49.149509+00:00
20,153,B.Badiashile,6,DEF,43,0.4708,1.0602,0.1,0.198,0.1088,0.0004,1,0,0,0,2026-08-18T09:52:05.815893+00:00,2026-08-18T09:52:49.149509+00:00
20,154,Bergström,6,GKP,39,0.1648,0.7421,0.04,0.0384,0.0403,0.0,1,0,0,0,2026-08-18T09:52:05.815893+00:00,2026-08-18T09:52:49.149509+00:00
20,155,Bettinelli,6,GKP,39,0.1216,0.6143,0.04,0.0384,0.0403,0.0,1,0,0,0,2026-08-18T09:52:05.815893+00:00,2026-08-18T09:52:49.149509+00:00
20,157,Caicedo,6,MID,49,1.7736,1.5227,0.68,0.0576,0.637,0.0012,1,2,90,1,2026-08-18T09:52:05.815893+00:00,2026-08-18T09:52:49.149509+00:00
20,158,Casadei,6,MID,44,0,0,0.0,0.0,0.0,0,1,0,0,0,2026-08-18T09:52:05.815893+00:00,2026-08-18T09:52:49.149509+00:00
20,159,Chalobah,6,DEF,44,0.9212,1.8285,0.22,0.1716,0.2183,0.004,1,0,0,0,2026-08-18T09:52:05.815893+00:00,2026-08-18T09:52:49.149509+00:00
20,161,Chukwuemeka,6,MID,48,0,0,0.0,0.0,0.0,0,1,0,0,0,2026-08-18T09:52:05.815893+00:00,2026-08-18T09:52:49.149509+00:00
20,162,Colwill,6,DEF,46,1.8652,2.1757,0.68,0.0576,0.637,0.0048,1,1,90,1,2026-08-18T09:52:05.815893+00:00,2026-08-18T09:52:49.149509+00:00
20,163,Cucurella,6,DEF,52,1.3612,2.0176,0.48,0.1144,0.4556,0.0044,1,2,90,1,2026-08-18T09:52:05.815893+00:00,2026-08-18T09:52:49.149509+00:00
20,164,D.D.Fofana,6,FWD,54,0,0,0.0,0.0,0.0,0,1,0,0,0,2026-08-18T09:52:05.815893+00:00,2026-08-18T09:52:49.149509+00:00
20,165,Deivid,6,FWD,49,0,0,0.0,0.0,0.0,0,1,0,0,0,2026-08-18T09:52:05.815893+00:00,2026-08-18T09:52:49.149509+00:00
20,166,Dewsbury-Hall,6,MID,55,1.4284,1.7492,0.45,0.154,0.4308,0.0044,1,0,0,0,2026-08-18T09:52:05.815893+00:00,2026-08-18T09:52:49.149509+00:00
20,168,Enzo,6,MID,51,1.764,2.1525,0.48,0.1144,0.4556,0.0048,1,1,90,1,2026-08-18T09:52:05.815893+00:00,2026-08-18T09:52:49.149509+00:00
20,169,Gallagher,6,MID,59,0,0,0.0,0.0,0.0,0,1,0,0,0,2026-08-18T09:52:05.815893+00:00,2026-08-18T09:52:49.149509+00:00
20,170,Gilchrist,6,DEF,40,0,0,0.0,0.0,0.0,0,1,0,0,0,2026-08-18T09:52:05.815893+00:00,2026-08-18T09:52:49.149509+00:00
20,171,Gusto,6,DEF,49,1.4456,2.1459,0.48,0.1144,0.4556,0.0068,1,2,90,1,2026-08-18T09:52:05.815893+00:00,2026-08-18T09:52:49.149509+00:00
20,172,James,6,DEF,48,0.9136,1.5902,0.28,0.1584,0.2731,0.0008,1,0,0,0,2026-08-18T09:52:05.815893+00:00,2026-08-18T09:52:49.149509+00:00
20,173,Kellyman,6,MID,44,0,0,0.0,0.0,0.0,0,1,0,0,0,2026-08-18T09:52:05.815893+00:00,2026-08-18T09:52:49.149509+00:00
20,174,Lavia,6,MID,45,0.752,1.1835,0.28,0.1584,0.2731,0.0,1,0,0,0,2026-08-18T09:52:05.815893+00:00,2026-08-18T09:52:49.149509+00:00
20,175,Lukaku,6,FWD,63,0,0,0.0,0.0,0.0,0,1,0,0,0,2026-08-18T09:52:05.815893+00:00,2026-08-18T09:52:49.149509+00:00
20,176,M.Sarr,6,DEF,45,0,0,0.0,0.0,0.0,0,1,0,0,0,2026-08-18T09:52:05.815893+00:00,2026-08-18T09:52:49.149509+00:00
20,177,Madueke,6,MID,62,2.2964,2.8934,0.48,0.1456,0.458,0.028,1,1,4,0,2026-08-18T09:52:05.815893+00:00,2026-08-18T09:52:49.149509+00:00
20,178,Marc Guiu,6,FWD,47,0.6088,1.0868,0.18,0.1804,0.1818,0.0012,1,1,9,0,2026-08-18T09:52:05.815893+00:00,2026-08-18T09:52:49.149509+00:00
20,179,Mudryk,6,MID,62,0,0,0.0,0.0,0.0,0,1,0,0,0,2026-08-18T09:52:05.815893+00:00,2026-08-18T09:52:49.149509+00:00
20,180,N.Jackson,6,FWD,82,0,0,0.0,0.0,0.0,0,1,2,80,1,2026-08-18T09:52:05.815893+00:00,2026-08-18T09:52:49.149509+00:00
20,181,Nkunku,6,MID,58,1.338,2.2257,0.28,0.2016,0.2765,0.012,1,0,0,0,2026-08-18T09:52:05.815893+00:00,2026-08-18T09:52:49.149509+00:00
20,182,Palmer,6,MID,114,4.3092,4.4187,0.68,0.0576,0.637,0.1192,1,10,90,1,2026-08-18T09:52:05.815893+00:00,2026-08-18T09:52:49.149509+00:00
20,183,Petrović,6,GKP,44,0,0,0.0,0.0,0.0,0,1,0,0,0,2026-08-18T09:52:05.815893+00:00,2026-08-18T09:52:49.149509+00:00
20,184,Renato Veiga,6,MID,45,0,0,0.0,0.0,0.0,0,1,0,0,0,2026-08-18T09:52:05.815893+00:00,2026-08-18T09:52:49.149509+00:00
20,185,Sánchez,6,GKP,48,3.1216,2.192,0.9,0.008,0.8376,0.0012,1,3,90,1,2026-08-18T09:52:05.815893+00:00,2026-08-18T09:52:49.149509+00:00
20,187,Tosin,6,DEF,42,0.7572,1.5239,0.22,0.1716,0.2183,0.0008,1,0,0,0,2026-08-18T09:52:05.815893+00:00,2026-08-18T09:52:49.149509+00:00
20,189,W.Fofana,6,DEF,44,0,0,0.0,0.0,0.0,0,1,0,0,0,2026-08-18T09:52:05.815893+00:00,2026-08-18T09:52:49.149509+00:00
20,386,Sancho,6,MID,62,1.7368,2.0903,0.48,0.1456,0.458,0.008,1,6,85,1,2026-08-18T09:52:05.815893+00:00,2026-08-18T09:52:49.149509+00:00
20,560,Neto,6,MID,62,1.5248,1.909,0.48,0.1456,0.458,0.0052,1,2,90,1,2026-08-18T09:52:05.815893+00:00,2026-08-18T09:52:49.149509+00:00
20,575,Wiley,6,DEF,40,0,0,0.0,0.0,0.0,0,1,0,0,0,2026-08-18T09:52:05.815893+00:00,2026-08-18T09:52:49.149509+00:00
20,581,Jørgensen,6,GKP,42,0.1588,0.7251,0.04,0.0384,0.0403,0.0,1,0,0,0,2026-08-18T09:52:05.815893+00:00,2026-08-18T09:52:49.149509+00:00
20,621,João Félix,6,MID,60,0,0,0.0,0.0,0.0,0,1,0,0,0,2026-08-18T09:52:05.815893+00:00,2026-08-18T09:52:49.149509+00:00
20,695,Rak-Sakyi,6,MID,45,0.4428,0.9019,0.1,0.198,0.1088,0.0004,1,0,0,0,2026-08-18T09:52:05.815893+00:00,2026-08-18T09:52:49.149509+00:00
20,696,George,6,MID,45,0.4644,0.9097,0.1,0.198,0.1088,0.0,1,0,0,0,2026-08-18T09:52:05.815893+00:00,2026-08-18T09:52:49.149509+00:00
20,697,Acheampong,6,DEF,40,0.4968,1.1535,0.1,0.198,0.1088,0.0008,1,2,90,1,2026-08-18T09:52:05.815893+00:00,2026-08-18T09:52:49.149509+00:00
20,740,Maresca,6,MID,15,0.44,0.9057,0.1,0.198,0.1088,0.0,1,,,,2026-08-18T09:52:05.815893+00:00,
20,771,Amougou,6,MID,45,0.4624,0.9605,0.1,0.198,0.1088,0.0004,1,,,,2026-08-18T09:52:05.815893+00:00,
20,774,Anselmino,6,DEF,40,0.4732,1.0944,0.1,0.198,0.1088,0.0,1,,,,2026-08-18T09:52:05.815893+00:00,
20,781,Mheuka,6,FWD,45,0.4584,0.8921,0.1,0.198,0.1088,0.0,1,,,,2026-08-18T09:52:05.815893+00:00,
20,782,Samuels-Smith,6,DEF,40,0.4852,1.1644,0.1,0.198,0.1088,0.0008,1,,,,2026-08-18T09:52:05.815893+00:00,
20,787,Genesis Antwi,6,DEF,40,0.484,1.1306,0.1,0.198,0.1088,0.0008,1,,,,2026-08-18T09:52:05.815893+00:00,
20,11,Nketiah,7,FWD,59,0.9776,1.5939,0.28,0.2016,0.2765,0.002,1,1,3,0,2026-08-18T09:52:05.815893+00:00,2026-08-18T09:52:49.149509+00:00
20,160,Chilwell,7,DEF,47,1.0036,1.9778,0.24,0.1672,0.2366,0.0064,1,0,0,0,2026-08-18T09:52:05.815893+00:00,2026-08-18T09:52:49.149509+00:00
20,190,Ahamada,7,MID,45,0,0,0.0,0.0,0.0,0,1,0,0,0,2026-08-18T09:52:05.815893+00:00,2026-08-18T09:52:49.149509+00:00
20,193,C.Doucouré,7,MID,49,0,0,0.0,0.0,0.0,0,1,2,68,1,2026-08-18T09:52:05.815893+00:00,2026-08-18T09:52:49.149509+00:00
20,194,C.Richards,7,DEF,44,0.8108,1.5778,0.22,0.1716,0.2183,0.0012,1,2,90,1,2026-08-18T09:52:05.815893+00:00,2026-08-18T09:52:49.149509+00:00
20,195,Chadi Riad,7,DEF,43,0,0,0.0,0.0,0.0,0,1,0,0,0,2026-08-18T09:52:05.815893+00:00,2026-08-18T09:52:49.149509+00:00
20,196,Clyne,7,DEF,43,0.548,1.2408,0.11,0.1958,0.118,0.0008,1,0,0,0,2026-08-18T09:52:05.815893+00:00,2026-08-18T09:52:49.149509+00:00
20,197,Ebiowei,7,MID,45,0,0,0.0,0.0,0.0,0,1,0,0,0,2026-08-18T09:52:05.815893+00:00,2026-08-18T09:52:49.149509+00:00
20,199,Eze,7,MID,66,2.3856,2.8986,0.48,0.1456,0.458,0.0264,1,5,86,1,2026-08-18T09:52:05.815893+00:00,2026-08-18T09:52:49.149509+00:00
20,200,Guéhi,7,DEF,45,0,0,0.0,0.0,0.0,0,1,2,90,1,2026-08-18T09:52:05.815893+00:00,2026-08-18T09:52:49.149509+00:00
20,201,Henderson,7,GKP,45,3.3552,2.2901,0.9,0.004,0.8373,0.0012,1,2,90,1,2026-08-18T09:52:05.815893+00:00,2026-08-18T09:52:49.149509+00:00
20,202,Holding,7,DEF,43,0,0,0.0,0.0,0.0,0,1,0,0,0,2026-08-18T09:52:05.815893+00:00,2026-08-18T09:52:49.149509+00:00
20,203,Hughes,7,MID,49,1.4952,1.8677,0.48,0.1144,0.4556,0.0048,1,0,0,0,2026-08-18T09:52:05.815893+00:00,2026-08-18T09:52:49.149509+00:00
20,205,Kamada,7,MID,51,1.472,1.8241,0.48,0.1144,0.4556,0.0056,1,1,21,0,2026-08-18T09:52:05.815893+00:00,2026-08-18T09:52:49.149509+00:00
20,206,Lerma,7,MID,48,1.3184,1.6742,0.48,0.1144,0.4556,0.0036,1,2,90,1,2026-08-18T09:52:05.815893+00:00,2026-08-18T09:52:49.149509+00:00
20,207,Mateta,7,FWD,72,2.826,2.7791,0.68,0.0896,0.6396,0.0368,1,8,90,1,2026-08-18T09:52:05.815893+00:00,2026-08-18T09:52:49.149509+00:00
20,208,M.França,7,MID,44,0.518,1.0608,0.1,0.198,0.1088,0.0004,1,0,0,0,2026-08-18T09:52:05.815893+00:00,2026-08-18T09:52:49.149509+00:00
20,209,Matthews,7,GKP,39,0.1816,0.8129,0.04,0.0384,0.0403,0.0,1,0,0,0,2026-08-18T09:52:05.815893+00:00,2026-08-18T09:52:49.149509+00:00
20,210,Mitchell,7,DEF,48,2.5564,2.5944,0.68,0.0576,0.637,0.0108,1,2,90,1,2026-08-18T09:52:05.815893+00:00,2026-08-18T09:52:49.149509+00:00
20,211,Muñoz,7,DEF,47,2.8832,3.3225,0.68,0.0576,0.637,0.0472,1,2,90,1,2026-08-18T09:52:05.815893+00:00,2026-08-18T09:52:49.149509+00:00
20,212,Ozoh,7,MID,45,0,0,0.0,0.0,0.0,0,1,0,0,0,2026-08-18T09:52:05.815893+00:00,2026-08-18T09:52:49.149509+00:00
20,213,Rak-Sakyi,7,MID,45,0,0,0.0,0.0,0.0,0,1,0,0,0,2026-08-18T09:52:05.815893+00:00,2026-08-18T09:52:49.149509+00:00
20,214,Schlupp,7,MID,46,0,0,0.0,0.0,0.0,0,1,0,0,0,2026-08-18T09:52:05.815893+00:00,2026-08-18T09:52:49.149509+00:00
20,215,Ward,7,DEF,43,0.8136,1.7062,0.22,0.1404,0.2158,0.0036,1,0,0,0,2026-08-18T09:52:05.815893+00:00,2026-08-18T09:52:49.149509+00:00
20,216,Wharton,7,MID,47,0,0,0.0,0.0,0.0,0,1,0,0,0,2026-08-18T09:52:05.815893+00:00,2026-08-18T09:52:49.149509+00:00
20,445,Turner,7,GKP,39,0.1556,0.7697,0.04,0.0384,0.0403,0.0,1,0,0,0,2026-08-18T09:52:05.815893+00:00,2026-08-18T09:52:49.149509+00:00
20,585,I.Sarr,7,MID,59,2.3748,2.9896,0.48,0.1456,0.458,0.0312,1,2,90,1,2026-08-18T09:52:05.815893+00:00,2026-08-18T09:52:49.149509+00:00
20,644,Umeh-Chibueze,7,MID,44,0.4784,0.9958,0.1,0.198,0.1088,0.0,1,0,0,0,2026-08-18T09:52:05.815893+00:00,2026-08-18T09:52:49.149509+00:00
20,645,Devenny,7,MID,45,0.4792,0.9689,0.1,0.198,0.1088,0.0,1,0,0,0,2026-08-18T09:52:05.815893+00:00,2026-08-18T09:52:49.149509+00:00
20,646,Agbinone,7,MID,45,0,0,0.0,0.0,0.0,0,1,0,0,0,2026-08-18T09:52:05.815893+00:00,2026-08-18T09:52:49.149509+00:00
20,647,Rodney,7,MID,45,0.4232,0.8879,0.1,0.198,0.1088,0.0,1,0,0,0,2026-08-18T09:52:05.815893+00:00,2026-08-18T09:52:49.149509+00:00
20,650,Lacroix,7,DEF,45,0.8976,1.8414,0.22,0.1716,0.2183,0.0068,1,2,90,1,2026-08-18T09:52:05.815893+00:00,2026-08-18T09:52:49.149509+00:00
20,666,Kporha,7,DEF,40,0.5324,1.2188,0.1,0.198,0.1088,0.0004,1,0,0,0,2026-08-18T09:52:05.815893+00:00,2026-08-18T09:52:49.149509+00:00
20,676,Marsh,7,FWD,45,0.4588,0.9121,0.1,0.198,0.1088,0.0004,1,0,0,0,2026-08-18T09:52:05.815893+00:00,2026-08-18T09:52:49.149509+00:00
20,730,Esse,7,MID,47,0.6796,1.2277,0.18,0.1804,0.1818,0.0012,1,,,,2026-08-18T09:52:05.815893+00:00,
20,741,Glasner,7,MID,8,0.4888,1.0415,0.1,0.198,0.1088,0.0004,1,,,,2026-08-18T09:52:05.815893+00:00,
20,156,Broja,8,FWD,54,0.6604,1.1896,0.18,0.1804,0.1818,0.0016,1,1,31,0,2026-08-18T09:52:05.815893+00:00,2026-08-18T09:52:49.149509+00:00
20,217,A.Doucoure,8,MID,51,1.3524,1.4895,0.48,0.1144,0.4556,0.0004,1,1,90,1,2026-08-18T09:52:05.815893+00:00,2026-08-18T09:52:49.149509+00:00
20,218,Beto,8,FWD,49,0.6476,1.1815,0.18,0.1804,0.1818,0.0008,1,1,9,0,2026-08-18T09:52:05.815893+00:00,2026-08-18T09:52:49.149509+00:00
20,219,Branthwaite,8,DEF,48,0,0,0.0,0.0,0.0,0,1,1,90,1,2026-08-18T09:52:05.815893+00:00,2026-08-18T09:52:49.149509+00:00
20,220,Calvert-Lewin,8,FWD,54,2.2452,2.1534,0.68,0.0704,0.638,0.0128,1,1,58,1,2026-08-18T09:52:05.815893+00:00,2026-08-18T09:52:49.149509+00:00
20,221,Coleman,8,DEF,43,0,0,0.0,0.0,0.0,0,1,0,0,0,2026-08-18T09:52:05.815893+00:00,2026-08-18T09:52:49.149509+00:00
20,222,Gana,8,MID,48,1.2656,1.4732,0.48,0.1144,0.4556,0.0004,1,2,80,1,2026-08-18T09:52:05.815893+00:00,2026-08-18T09:52:49.149509+00:00
20,223,Garner,8,MID,49,0.634,1.163,0.18,0.1804,0.1818,0.0004,1,0,0,0,2026-08-18T09:52:05.815893+00:00,2026-08-18T09:52:49.149509+00:00
20,224,Harrison,8,MID,52,1.6376,2.0183,0.48,0.1144,0.4556,0.0064,1,0,0,0,2026-08-18T09:52:05.815893+00:00,2026-08-18T09:52:49.149509+00:00
20,225,Holgate,8,DEF,40,0,0,0.0,0.0,0.0,0,1,0,0,0,2026-08-18T09:52:05.815893+00:00,2026-08-18T09:52:49.149509+00:00
20,226,Iroegbunam,8,MID,44,0,0,0.0,0.0,0.0,0,1,0,0,0,2026-08-18T09:52:05.815893+00:00,2026-08-18T09:52:49.149509+00:00
20,227,J.Virginia,8,GKP,39,0.1368,0.6716,0.04,0.0384,0.0403,0.0,1,0,0,0,2026-08-18T09:52:05.815893+00:00,2026-08-18T09:52:49.149509+00:00
20,228,Keane,8,DEF,40,0.7492,1.5915,0.22,0.1716,0.2183,0.004,1,0,0,0,2026-08-18T09:52:05.815893+00:00,2026-08-18T09:52:49.149509+00:00
20,229,Maupay,8,FWD,49,0,0,0.0,0.0,0.0,0,1,0,0,0,2026-08-18T09:52:05.815893+00:00,2026-08-18T09:52:49.149509+00:00
20,230,McNeil,8,MID,52,1.8364,2.1871,0.48,0.1144,0.4556,0.0084,1,0,0,0,2026-08-18T09:52:05.815893+00:00,2026-08-18T09:52:49.149509+00:00
20,231,Mykolenko,8,DEF,43,0.7824,1.4854,0.22,0.1716,0.2183,0.0012,1,2,90,1,2026-08-18T09:52:05.815893+00:00,2026-08-18T09:52:49.149509+00:00
20,232,Ndiaye,8,FWD,54,2.126,1.9147,0.68,0.0704,0.638,0.0052,1,2,90,1,2026-08-18T09:52:05.815893+00:00,2026-08-18T09:52:49.149509+00:00
20,234,Patterson,8,DEF,44,0.4536,1.1301,0.1,0.198,0.1088,0.0008,1,1,45,1,2026-08-18T09:52:05.815893+00:00,2026-08-18T09:52:49.149509+00:00
20,235,Pickford,8,GKP,50,3.1492,2.2407,0.9,0.008,0.8376,0.0028,1,4,90,1,2026-08-18T09:52:05.815893+00:00,2026-08-18T09:52:49.149509+00:00
20,236,Tarkowski,8,DEF,48,0,0,0.0,0.0,0.0,0,1,2,90,1,2026-08-18T09:52:05.815893+00:00,2026-08-18T09:52:49.149509+00:00
20,237,Y. Chermiti,8,FWD,49,0.6168,1.1462,0.18,0.1804,0.1818,0.0012,1,0,0,0,2026-08-18T09:52:05.815893+00:00,2026-08-18T09:52:49.149509+00:00
20,238,Young,8,DEF,47,1.5456,2.1244,0.48,0.1144,0.4556,0.0052,1,2,90,1,2026-08-18T09:52:05.815893+00:00,2026-08-18T09:52:49.149509+00:00
20,450,Alcaraz,8,MID,49,0.6992,1.2768,0.18,0.1804,0.1818,0.0012,1,0,0,0,2026-08-18T09:52:05.815893+00:00,2026-08-18T09:52:49.149509+00:00
20,577,Lindstrøm,8,MID,51,0,0,0.0,0.0,0.0,0,1,1,45,1,2026-08-18T09:52:05.815893+00:00,2026-08-18T09:52:49.149509+00:00
20,582,O'Brien,8,DEF,46,0.6548,1.4234,0.18,0.1804,0.1818,0.0012,1,0,0,0,2026-08-18T09:52:05.815893+00:00,2026-08-18T09:52:49.149509+00:00
20,603,Armstrong,8,MID,45,0,0,0.0,0.0,0.0,0,1,1,45,1,2026-08-18T09:52:05.815893+00:00,2026-08-18T09:52:49.149509+00:00
20,614,Metcalfe,8,MID,45,0,0,0.0,0.0,0.0,0,1,0,0,0,2026-08-18T09:52:05.815893+00:00,2026-08-18T09:52:49.149509+00:00
20,624,Begovic,8,GKP,40,0.1792,0.7971,0.04,0.0384,0.0403,0.0,1,0,0,0,2026-08-18T09:52:05.815893+00:00,2026-08-18T09:52:49.149509+00:00
20,627,Dixon,8,DEF,40,0.4552,1.0547,0.1,0.198,0.1088,0.0,1,0,0,0,2026-08-18T09:52:05.815893+00:00,2026-08-18T09:52:49.149509+00:00
20,651,Mangala,8,MID,50,0,0,0.0,0.0,0.0,0,1,1,45,1,2026-08-18T09:52:05.815893+00:00,2026-08-18T09:52:49.149509+00:00
20,678,Bates,8,MID,45,0.4496,0.9264,0.1,0.198,0.1088,0.0,1,0,0,0,2026-08-18T09:52:05.815893+00:00,2026-08-18T09:52:49.149509+00:00
20,724,Sherif,8,FWD,45,0.4504,0.9325,0.1,0.198,0.1088,0.0008,1,,,,2026-08-18T09:52:05.815893+00:00,
20,742,Moyes,8,MID,5,0.468,0.8825,0.1,0.198,0.1088,0.0,1,,,,2026-08-18T09:52:05.815893+00:00,
20,773,Heath,8,MID,45,0.4552,0.9079,0.1,0.198,0.1088,0.0,1,,,,2026-08-18T09:52:05.815893+00:00,
20,775,Coby Ebere,8,MID,45,0.4716,0.9749,0.1,0.198,0.1088,0.0,1,,,,2026-08-18T09:52:05.815893+00:00,
20,803,Welch,8,DEF,40,0.48,1.1217,0.1,0.198,0.1088,0.0004,1,,,,2026-08-18T09:52:05.815893+00:00,
20,10,Nelson,9,MID,50,0,0,0.0,0.0,0.0,0,1,0,0,0,2026-08-18T09:52:05.815893+00:00,2026-08-18T09:52:49.149509+00:00
20,19,Smith Rowe,9,MID,53,2.032,2.422,0.48,0.1144,0.4556,0.0128,1,1,45,1,2026-08-18T09:52:05.815893+00:00,2026-08-18T09:52:49.149509+00:00
20,191,Andersen,9,DEF,42,0.9176,1.7543,0.22,0.1716,0.2183,0.0024,1,1,90,1,2026-08-18T09:52:05.815893+00:00,2026-08-18T09:52:49.149509+00:00
20,239,Adama,9,MID,47,2.0204,2.5862,0.48,0.1144,0.4556,0.0192,1,1,11,0,2026-08-18T09:52:05.815893+00:00,2026-08-18T09:52:49.149509+00:00
20,240,Andreas,9,MID,50,1.8012,2.3876,0.48,0.1144,0.4556,0.0136,1,0,27,0,2026-08-18T09:52:05.815893+00:00,2026-08-18T09:52:49.149509+00:00
20,241,Bassey,9,DEF,45,0.7956,1.5914,0.22,0.1404,0.2158,0.002,1,1,90,1,2026-08-18T09:52:05.815893+00:00,2026-08-18T09:52:49.149509+00:00
20,242,Benda,9,GKP,40,0.2048,0.9174,0.04,0.0384,0.0403,0.0,1,0,0,0,2026-08-18T09:52:05.815893+00:00,2026-08-18T09:52:49.149509+00:00
20,243,Cairney,9,MID,48,0.7332,1.3104,0.18,0.1804,0.1818,0.0012,1,2,62,1,2026-08-18T09:52:05.815893+00:00,2026-08-18T09:52:49.149509+00:00
20,244,Castagne,9,DEF,42,0,0,0.0,0.0,0.0,0,1,1,90,1,2026-08-18T09:52:05.815893+00:00,2026-08-18T09:52:49.149509+00:00
20,245,Diop,9,DEF,44,0.8504,1.7166,0.22,0.1716,0.2183,0.0048,1,1,45,1,2026-08-18T09:52:05.815893+00:00,2026-08-18T09:52:49.149509+00:00
20,246,Harris,9,MID,45,0,0,0.0,0.0,0.0,0,1,0,0,0,2026-08-18T09:52:05.815893+00:00,2026-08-18T09:52:49.149509+00:00
20,247,Iwobi,9,MID,59,2.7632,2.5902,0.68,0.0576,0.637,0.0192,1,2,62,1,2026-08-18T09:52:05.815893+00:00,2026-08-18T09:52:49.149509+00:00
20,248,Leno,9,GKP,50,3.2348,2.2496,0.9,0.008,0.8376,0.0,1,1,90,1,2026-08-18T09:52:05.815893+00:00,2026-08-18T09:52:49.149509+00:00
20,249,Lukić,9,MID,48,1.2464,1.4414,0.48,0.1144,0.4556,0.002,1,2,78,1,2026-08-18T09:52:05.815893+00:00,2026-08-18T09:52:49.149509+00:00
20,250,Mbabu,9,DEF,40,0,0,0.0,0.0,0.0,0,1,0,0,0,2026-08-18T09:52:05.815893+00:00,2026-08-18T09:52:49.149509+00:00
20,251,Muniz,9,FWD,55,0,0,0.0,0.0,0.0,0,1,1,27,0,2026-08-18T09:52:05.815893+00:00,2026-08-18T09:52:49.149509+00:00
20,252,Raúl,9,FWD,56,2.354,2.8387,0.48,0.1456,0.458,0.0236,1,13,90,1,2026-08-18T09:52:05.815893+00:00,2026-08-18T09:52:49.149509+00:00
20,253,Ream,9,DEF,45,0,0,0.0,0.0,0.0,0,1,0,0,0,2026-08-18T09:52:05.815893+00:00,2026-08-18T09:52:49.149509+00:00
20,254,Reed,9,MID,47,0,0,0.0,0.0,0.0,0,1,0,0,0,2026-08-18T09:52:05.815893+00:00,2026-08-18T09:52:49.149509+00:00
20,255,Robinson,9,DEF,50,2.5872,2.6654,0.68,0.0576,0.637,0.0156,1,1,90,1,2026-08-18T09:52:05.815893+00:00,2026-08-18T09:52:49.149509+00:00
20,256,Stansfield,9,FWD,50,0,0,0.0,0.0,0.0,0,1,0,0,0,2026-08-18T09:52:05.815893+00:00,2026-08-18T09:52:49.149509+00:00
20,257,Tete,9,DEF,45,0.9004,1.856,0.22,0.1716,0.2183,0.004,1,0,0,0,2026-08-18T09:52:05.815893+00:00,2026-08-18T09:52:49.149509+00:00
20,258,Vinicius,9,FWD,50,0.6612,1.2428,0.18,0.1804,0.1818,0.0012,1,0,0,0,2026-08-18T09:52:05.815893+00:00,2026-08-18T09:52:49.149509+00:00
20,259,Wilson,9,MID,52,1.2624,2.1647,0.28,0.1584,0.2731,0.0096,1,6,90,1,2026-08-18T09:52:05.815893+00:00,2026-08-18T09:52:49.149509+00:00
20,579,Sessegnon,9,DEF,42,0.5328,1.2263,0.1,0.198,0.1088,0.0004,1,0,0,0,2026-08-18T09:52:05.815893+00:00,2026-08-18T09:52:49.149509+00:00
20,586,J.Cuenca,9,DEF,44,0.5132,1.2257,0.1,0.198,0.1088,0.0008,1,0,0,0,2026-08-18T09:52:05.815893+00:00,2026-08-18T09:52:49.149509+00:00
20,604,King,9,MID,45,0.4616,0.9521,0.1,0.198,0.1088,0.0,1,0,0,0,2026-08-18T09:52:05.815893+00:00,2026-08-18T09:52:49.149509+00:00
20,605,Godo,9,MID,45,0.492,1.0083,0.1,0.198,0.1088,0.0004,1,0,0,0,2026-08-18T09:52:05.815893+00:00,2026-08-18T09:52:49.149509+00:00
20,622,Berge,9,MID,50,1.4116,1.5572,0.48,0.1144,0.4556,0.0,1,0,0,0,2026-08-18T09:52:05.815893+00:00,2026-08-18T09:52:49.149509+00:00
20,690,Amissah,9,DEF,40,0.5128,1.2525,0.1,0.198,0.1088,0.0008,1,0,0,0,2026-08-18T09:52:05.815893+00:00,2026-08-18T09:52:49.149509+00:00
20,753,Silva,9,MID,11,0.4648,0.995,0.1,0.198,0.1088,0.0,1,,,,2026-08-18T09:52:05.815893+00:00,
20,772,Willian,9,MID,50,3.7892,3.0659,0.82,0.0324,0.7652,0.0544,1,,,,2026-08-18T09:52:05.815893+00:00,
20,121,Enciso,10,MID,54,0.7032,1.3148,0.18,0.1804,0.1818,0.0008,1,0,0,0,2026-08-18T09:52:05.815893+00:00,2026-08-18T09:52:49.149509+00:00
20,260,Al-Hamadi,10,FWD,48,0,0,0.0,0.0,0.0,0,1,1,2,0,2026-08-18T09:52:05.815893+00:00,2026-08-18T09:52:49.149509+00:00
20,261,Baggott,10,DEF,40,0,0,0.0,0.0,0.0,0,1,0,0,0,2026-08-18T09:52:05.815893+00:00,2026-08-18T09:52:49.149509+00:00
20,262,Broadhead,10,MID,49,0.71,1.3073,0.18,0.1804,0.1818,0.0004,1,1,79,1,2026-08-18T09:52:05.815893+00:00,2026-08-18T09:52:49.149509+00:00
20,263,Burgess,10,DEF,40,0.774,1.5331,0.22,0.1716,0.2183,0.0012,1,0,0,0,2026-08-18T09:52:05.815893+00:00,2026-08-18T09:52:49.149509+00:00
20,264,Burns,10,MID,48,0,0,0.0,0.0,0.0,0,1,1,10,0,2026-08-18T09:52:05.815893+00:00,2026-08-18T09:52:49.149509+00:00
20,265,Chaplin,10,MID,51,0.9564,1.5026,0.28,0.1584,0.2731,0.0012,1,0,0,0,2026-08-18T09:52:05.815893+00:00,2026-08-18T09:52:49.149509+00:00
20,266,H.Clarke,10,DEF,40,0,0,0.0,0.0,0.0,0,1,0,0,0,2026-08-18T09:52:05.815893+00:00,2026-08-18T09:52:49.149509+00:00
20,267,Davis,10,DEF,45,0.842,1.7556,0.22,0.1404,0.2158,0.0024,1,0,90,1,2026-08-18T09:52:05.815893+00:00,2026-08-18T09:52:49.149509+00:00
20,268,Delap,10,FWD,56,2.532,2.4992,0.68,0.0896,0.6396,0.02,1,8,87,1,2026-08-18T09:52:05.815893+00:00,2026-08-18T09:52:49.149509+00:00
20,269,Edmundson,10,DEF,40,0,0,0.0,0.0,0.0,0,1,0,0,0,2026-08-18T09:52:05.815893+00:00,2026-08-18T09:52:49.149509+00:00
20,270,Greaves,10,DEF,39,0.7236,1.4168,0.22,0.1716,0.2183,0.002,1,1,90,1,2026-08-18T09:52:05.815893+00:00,2026-08-18T09:52:49.149509+00:00
20,271,Harness,10,MID,49,0,0,0.0,0.0,0.0,0,1,0,0,0,2026-08-18T09:52:05.815893+00:00,2026-08-18T09:52:49.149509+00:00
20,272,Hirst,10,FWD,54,0.7316,1.4529,0.18,0.1804,0.1818,0.0028,1,0,0,0,2026-08-18T09:52:05.815893+00:00,2026-08-18T09:52:49.149509+00:00
20,273,Humphreys,10,MID,45,0,0,0.0,0.0,0.0,0,1,0,0,0,2026-08-18T09:52:05.815893+00:00,2026-08-18T09:52:49.149509+00:00
20,274,Hutchinson,10,MID,52,1.9984,1.9015,0.68,0.0576,0.637,0.0036,1,0,0,0,2026-08-18T09:52:05.815893+00:00,2026-08-18T09:52:49.149509+00:00
20,275,Johnson,10,DEF,39,0.7136,1.3918,0.22,0.1716,0.2183,0.0012,1,1,79,1,2026-08-18T09:52:05.815893+00:00,2026-08-18T09:52:49.149509+00:00
20,276,Ladapo,10,FWD,45,0,0,0.0,0.0,0.0,0,1,0,0,0,2026-08-18T09:52:05.815893+00:00,2026-08-18T09:52:49.149509+00:00
20,277,Luongo,10,MID,44,0.4608,0.9126,0.1,0.198,0.1088,0.0004,1,0,0,0,2026-08-18T09:52:05.815893+00:00,2026-08-18T09:52:49.149509+00:00
20,278,Morsy,10,MID,49,1.7912,1.5447,0.68,0.0576,0.637,0.0004,1,1,90,1,2026-08-18T09:52:05.815893+00:00,2026-08-18T09:52:49.149509+00:00
20,279,Ndaba,10,DEF,40,0,0,0.0,0.0,0.0,0,1,0,0,0,2026-08-18T09:52:05.815893+00:00,2026-08-18T09:52:49.149509+00:00
20,280,Slicker,10,GKP,39,0.146,0.667,0.04,0.0384,0.0403,0.0,1,0,0,0,2026-08-18T09:52:05.815893+00:00,2026-08-18T09:52:49.149509+00:00
20,281,Taylor,10,MID,48,0.944,1.5098,0.28,0.1584,0.2731,0.0016,1,1,18,0,2026-08-18T09:52:05.815893+00:00,2026-08-18T09:52:49.149509+00:00
20,282,Tuanzebe,10,DEF,39,0.6752,1.388,0.22,0.1716,0.2183,0.0012,1,0,0,0,2026-08-18T09:52:05.815893+00:00,2026-08-18T09:52:49.149509+00:00
20,283,Walton,10,GKP,43,2.958,2.1252,0.88,0.0048,0.8188,0.0008,1,1,90,1,2026-08-18T09:52:05.815893+00:00,2026-08-18T09:52:49.149509+00:00
20,284,Woolfenden,10,DEF,40,0.7732,1.4852,0.22,0.1716,0.2183,0.0008,1,1,90,1,2026-08-18T09:52:05.815893+00:00,2026-08-18T09:52:49.149509+00:00
20,359,Phillips,10,MID,48,0,0,0.0,0.0,0.0,0,1,1,17,0,2026-08-18T09:52:05.815893+00:00,2026-08-18T09:52:49.149509+00:00
20,568,Muric,10,GKP,44,0,0,0.0,0.0,0.0,0,1,0,0,0,2026-08-18T09:52:05.815893+00:00,2026-08-18T09:52:49.149509+00:00
20,569,Jaden,10,MID,53,0,0,0.0,0.0,0.0,0,1,0,0,0,2026-08-18T09:52:05.815893+00:00,2026-08-18T09:52:49.149509+00:00
20,583,Townsend,10,DEF,39,0.3496,0.8889,0.05,0.209,0.0632,0.0008,1,0,0,0,2026-08-18T09:52:05.815893+00:00,2026-08-18T09:52:49.149509+00:00
20,611,Szmodics,10,MID,58,1.814,2.3072,0.48,0.1456,0.458,0.012,1,7,72,1,2026-08-18T09:52:05.815893+00:00,2026-08-18T09:52:49.149509+00:00
20,619,Cajuste,10,MID,45,1.1896,1.268,0.48,0.1144,0.4556,0.0,1,2,72,1,2026-08-18T09:52:05.815893+00:00,2026-08-18T09:52:49.149509+00:00
20,630,O'Shea,10,DEF,41,0.7544,1.5011,0.22,0.1716,0.2183,0.002,1,0,90,1,2026-08-18T09:52:05.815893+00:00,2026-08-18T09:52:49.149509+00:00
20,631,J.Clarke,10,MID,54,0.928,1.4815,0.28,0.1584,0.2731,0.0016,1,1,10,0,2026-08-18T09:52:05.815893+00:00,2026-08-18T09:52:49.149509+00:00
20,632,Ogbene,10,MID,49,0,0,0.0,0.0,0.0,0,1,0,0,0,2026-08-18T09:52:05.815893+00:00,2026-08-18T09:52:49.149509+00:00
20,715,Godfrey,10,DEF,40,0.7788,1.6345,0.22,0.1716,0.2183,0.0044,1,,,,2026-08-18T09:52:05.815893+00:00,
20,743,McKenna,10,MID,5,0.4432,0.9295,0.1,0.198,0.1088,0.0,1,,,,2026-08-18T09:52:05.815893+00:00,
20,764,Palmer,10,GKP,45,0.14,0.6781,0.04,0.0384,0.0403,0.0,1,,,,2026-08-18T09:52:05.815893+00:00,
20,799,Boniface,10,DEF,40,0.4828,1.1048,0.1,0.198,0.1088,0.0004,1,,,,2026-08-18T09:52:05.815893+00:00,
20,800,Tom Taylor,10,MID,45,0.4528,0.9588,0.1,0.198,0.1088,0.0004,1,,,,2026-08-18T09:52:05.815893+00:00,
20,117,Buonanotte,11,MID,48,1.662,2.1517,0.48,0.1144,0.4556,0.0076,1,1,7,0,2026-08-18T09:52:05.815893+00:00,2026-08-18T09:52:49.149509+00:00
20,192,J.Ayew,11,MID,52,1.5684,2.1101,0.48,0.1144,0.4556,0.0076,1,2,82,1,2026-08-18T09:52:05.815893+00:00,2026-08-18T09:52:49.149509+00:00
20,198,Edouard,11,FWD,51,0.5968,1.1003,0.18,0.1804,0.1818,0.0004,1,0,0,0,2026-08-18T09:52:05.815893+00:00,2026-08-18T09:52:49.149509+00:00
20,285,B.Soumaré,11,MID,44,1.0716,1.2515,0.48,0.1144,0.4556,0.0,1,1,90,1,2026-08-18T09:52:05.815893+00:00,2026-08-18T09:52:49.149509+00:00
20,286,Cannon,11,FWD,45,0,0,0.0,0.0,0.0,0,1,0,0,0,2026-08-18T09:52:05.815893+00:00,2026-08-18T09:52:49.149509+00:00
20,287,Choudhury,11,MID,43,0,0,0.0,0.0,0.0,0,1,0,0,0,2026-08-18T09:52:05.815893+00:00,2026-08-18T09:52:49.149509+00:00
20,288,Coady,11,DEF,40,0.6844,1.3062,0.22,0.1716,0.2183,0.0004,1,1,81,1,2026-08-18T09:52:05.815893+00:00,2026-08-18T09:52:49.149509+00:00
20,289,Daka,11,FWD,48,0.6352,1.1452,0.18,0.1804,0.1818,0.0012,1,1,8,0,2026-08-18T09:52:05.815893+00:00,2026-08-18T09:52:49.149509+00:00
20,290,De Cordova-Reid,11,MID,52,0,0,0.0,0.0,0.0,0,1,1,1,0,2026-08-18T09:52:05.815893+00:00,2026-08-18T09:52:49.149509+00:00
20,291,Faes,11,DEF,40,0.6888,1.419,0.22,0.1716,0.2183,0.002,1,1,28,0,2026-08-18T09:52:05.815893+00:00,2026-08-18T09:52:49.149509+00:00
20,292,Golding,11,MID,44,0.464,0.9395,0.1,0.198,0.1088,0.0,1,0,0,0,2026-08-18T09:52:05.815893+00:00,2026-08-18T09:52:49.149509+00:00
20,293,Hermansen,11,GKP,45,0,0,0.0,0.0,0.0,0,1,0,0,0,2026-08-18T09:52:05.815893+00:00,2026-08-18T09:52:49.149509+00:00
20,294,Iversen,11,GKP,39,0.1632,0.76,0.04,0.0384,0.0403,0.0004,1,0,0,0,2026-08-18T09:52:05.815893+00:00,2026-08-18T09:52:49.149509+00:00
20,295,Justin,11,DEF,42,0.8192,1.6428,0.22,0.1404,0.2158,0.002,1,1,90,1,2026-08-18T09:52:05.815893+00:00,2026-08-18T09:52:49.149509+00:00
20,296,Kristiansen,11,DEF,45,0.7084,1.3819,0.22,0.1716,0.2183,0.0,1,0,0,0,2026-08-18T09:52:05.815893+00:00,2026-08-18T09:52:49.149509+00:00
20,297,Marcal,11,MID,45,0,0,0.0,0.0,0.0,0,1,0,0,0,2026-08-18T09:52:05.815893+00:00,2026-08-18T09:52:49.149509+00:00
20,298,Mavididi,11,MID,51,0,0,0.0,0.0,0.0,0,1,7,90,1,2026-08-18T09:52:05.815893+00:00,2026-08-18T09:52:49.149509+00:00
20,299,McAteer,11,MID,47,0.8792,1.4119,0.28,0.1584,0.2731,0.0012,1,0,0,0,2026-08-18T09:52:05.815893+00:00,2026-08-18T09:52:49.149509+00:00
20,300,Ndidi,11,MID,49,1.3628,1.7217,0.48,0.1144,0.4556,0.0024,1,0,0,0,2026-08-18T09:52:05.815893+00:00,2026-08-18T09:52:49.149509+00:00
20,301,Okoli,11,DEF,40,0.712,1.3998,0.22,0.1716,0.2183,0.0008,1,1,8,0,2026-08-18T09:52:05.815893+00:00,2026-08-18T09:52:49.149509+00:00
20,302,Ricardo,11,DEF,41,0.4564,1.1185,0.1,0.198,0.1088,0.0012,1,0,0,0,2026-08-18T09:52:05.815893+00:00,2026-08-18T09:52:49.149509+00:00
20,303,Souttar,11,DEF,40,0,0,0.0,0.0,0.0,0,1,0,0,0,2026-08-18T09:52:05.815893+00:00,2026-08-18T09:52:49.149509+00:00
20,304,Stolarczyk,11,GKP,40,2.832,2.1126,0.88,0.0048,0.8188,0.0012,1,2,90,1,2026-08-18T09:52:05.815893+00:00,2026-08-18T09:52:49.149509+00:00
20,305,Thomas,11,DEF,39,0.4636,1.0482,0.1,0.198,0.1088,0.0,1,1,89,1,2026-08-18T09:52:05.815893+00:00,2026-08-18T09:52:49.149509+00:00
20,306,Vardy,11,FWD,55,2.702,2.6629,0.68,0.0896,0.6396,0.03,1,5,90,1,2026-08-18T09:52:05.815893+00:00,2026-08-18T09:52:49.149509+00:00
20,307,Vestergaard,11,DEF,40,0.6744,1.3901,0.22,0.1716,0.2183,0.0012,1,2,61,1,2026-08-18T09:52:05.815893+00:00,2026-08-18T09:52:49.149509+00:00
20,308,Ward,11,GKP,40,0.1596,0.7205,0.04,0.0384,0.0403,0.0,1,0,0,0,2026-08-18T09:52:05.815893+00:00,2026-08-18T09:52:49.149509+00:00
20,309,Winks,11,MID,45,1.2476,1.4266,0.48,0.1144,0.4556,0.0004,1,2,90,1,2026-08-18T09:52:05.815893+00:00,2026-08-18T09:52:49.149509+00:00
20,501,Skipp,11,MID,47,0.7696,1.1813,0.28,0.1584,0.2731,0.0004,1,0,0,0,2026-08-18T09:52:05.815893+00:00,2026-08-18T09:52:49.149509+00:00
20,570,A.Fatawu,11,MID,52,0,0,0.0,0.0,0.0,0,1,0,0,0,2026-08-18T09:52:05.815893+00:00,2026-08-18T09:52:49.149509+00:00
20,606,Alves,11,MID,45,0,0,0.0,0.0,0.0,0,1,0,0,0,2026-08-18T09:52:05.815893+00:00,2026-08-18T09:52:49.149509+00:00
20,616,Nelson,11,DEF,40,0,0,0.0,0.0,0.0,0,1,0,0,0,2026-08-18T09:52:05.815893+00:00,2026-08-18T09:52:49.149509+00:00
20,635,El Khannouss,11,MID,48,1.5876,1.8017,0.48,0.1144,0.4556,0.0028,1,2,81,1,2026-08-18T09:52:05.815893+00:00,2026-08-18T09:52:49.149509+00:00
20,694,Cartwright,11,MID,45,0.4456,0.9305,0.1,0.198,0.1088,0.0,1,0,0,0,2026-08-18T09:52:05.815893+00:00,2026-08-18T09:52:49.149509+00:00
20,708,Wilson-Brown,11,DEF,40,0,0,0.0,0.0,0.0,0,1,0,0,0,2026-08-18T09:52:05.815893+00:00,2026-08-18T09:52:49.149509+00:00
20,726,Coulibaly,11,DEF,40,0.474,1.105,0.1,0.198,0.1088,0.0,1,,,,2026-08-18T09:52:05.815893+00:00,
20,754,Van Nistelrooy,11,MID,5,0.4692,0.9363,0.1,0.198,0.1088,0.0,1,,,,2026-08-18T09:52:05.815893+00:00,
20,792,Monga,11,MID,45,0.4724,0.9575,0.1,0.198,0.1088,0.0,1,,,,2026-08-18T09:52:05.815893+00:00,
20,796,Olabade Aluko,11,DEF,40,0.5032,1.1731,0.1,0.198,0.1088,0.0004,1,,,,2026-08-18T09:52:05.815893+00:00,
20,797,Jake Evans,11,MID,45,0.4576,0.8934,0.1,0.198,0.1088,0.0,1,,,,2026-08-18T09:52:05.815893+00:00,
20,802,Braybrooke,11,MID,45,0.4528,0.9052,0.1,0.198,0.1088,0.0,1,,,,2026-08-18T09:52:05.815893+00:00,
20,310,A.Becker,12,GKP,54,3.3196,2.2935,0.88,0.0096,0.8192,0.002,1,1,90,1,2026-08-18T09:52:05.815893+00:00,2026-08-18T09:52:49.149509+00:00
20,311,Alexander-Arnold,12,DEF,72,3.3004,3.1322,0.68,0.0896,0.6396,0.04,1,0,85,1,2026-08-18T09:52:05.815893+00:00,2026-08-18T09:52:49.149509+00:00
20,312,Bajcetic,12,MID,45,0,0,0.0,0.0,0.0,0,1,0,0,0,2026-08-18T09:52:05.815893+00:00,2026-08-18T09:52:49.149509+00:00
20,313,Bradley,12,DEF,47,0.7356,1.5217,0.18,0.1804,0.1818,0.0012,1,1,4,0,2026-08-18T09:52:05.815893+00:00,2026-08-18T09:52:49.149509+00:00
20,315,Clark,12,MID,45,0,0,0.0,0.0,0.0,0,1,0,0,0,2026-08-18T09:52:05.815893+00:00,2026-08-18T09:52:49.149509+00:00
20,316,Darwin,12,FWD,70,1.0808,1.8658,0.28,0.2016,0.2765,0.0068,1,0,30,0,2026-08-18T09:52:05.815893+00:00,2026-08-18T09:52:49.149509+00:00
20,317,Diogo J.,12,MID,72,1.6044,2.6769,0.28,0.2016,0.2765,0.0196,1,1,29,0,2026-08-18T09:52:05.815893+00:00,2026-08-18T09:52:49.149509+00:00
20,318,Doak,12,MID,45,0,0,0.0,0.0,0.0,0,1,0,0,0,2026-08-18T09:52:05.815893+00:00,2026-08-18T09:52:49.149509+00:00
20,319,Elliott,12,MID,52,0.772,1.4003,0.18,0.1804,0.1818,0.0008,1,1,4,0,2026-08-18T09:52:05.815893+00:00,2026-08-18T09:52:49.149509+00:00
20,320,Endo,12,MID,46,0.688,1.2225,0.18,0.1804,0.1818,0.0004,1,0,0,0,2026-08-18T09:52:05.815893+00:00,2026-08-18T09:52:49.149509+00:00
20,321,Gakpo,12,FWD,73,2.2524,2.7426,0.48,0.1456,0.458,0.0228,1,6,85,1,2026-08-18T09:52:05.815893+00:00,2026-08-18T09:52:49.149509+00:00
20,322,Gomez,12,DEF,48,1.0096,1.7732,0.28,0.1584,0.2731,0.0016,1,0,0,0,2026-08-18T09:52:05.815893+00:00,2026-08-18T09:52:49.149509+00:00
20,323,Gravenberch,12,MID,50,0,0,0.0,0.0,0.0,0,1,2,90,1,2026-08-18T09:52:05.815893+00:00,2026-08-18T09:52:49.149509+00:00
20,324,Jones,12,MID,53,2.0576,2.6271,0.48,0.1144,0.4556,0.0176,1,2,60,1,2026-08-18T09:52:05.815893+00:00,2026-08-18T09:52:49.149509+00:00
20,325,Kelleher,12,GKP,42,0.168,0.8434,0.04,0.0384,0.0403,0.0,1,0,0,0,2026-08-18T09:52:05.815893+00:00,2026-08-18T09:52:49.149509+00:00
20,326,Konaté,12,DEF,51,1.688,2.3783,0.48,0.1144,0.4556,0.0124,1,1,90,1,2026-08-18T09:52:05.815893+00:00,2026-08-18T09:52:49.149509+00:00
20,327,Luis Díaz,12,MID,76,2.682,3.2874,0.48,0.1456,0.458,0.0476,1,1,59,1,2026-08-18T09:52:05.815893+00:00,2026-08-18T09:52:49.149509+00:00
20,328,M.Salah,12,MID,136,5.6604,5.3802,0.68,0.0576,0.637,0.2244,1,7,90,1,2026-08-18T09:52:05.815893+00:00,2026-08-18T09:52:49.149509+00:00
20,329,Mac Allister,12,MID,62,0,0,0.0,0.0,0.0,0,1,10,90,1,2026-08-18T09:52:05.815893+00:00,2026-08-18T09:52:49.149509+00:00
20,330,McConnell,12,MID,44,0.5136,1.0579,0.1,0.198,0.1088,0.0004,1,0,0,0,2026-08-18T09:52:05.815893+00:00,2026-08-18T09:52:49.149509+00:00
20,331,Morton,12,MID,44,0.4624,0.9904,0.1,0.198,0.1088,0.0004,1,0,0,0,2026-08-18T09:52:05.815893+00:00,2026-08-18T09:52:49.149509+00:00
20,332,N.Phillips,12,DEF,40,0,0,0.0,0.0,0.0,0,1,0,0,0,2026-08-18T09:52:05.815893+00:00,2026-08-18T09:52:49.149509+00:00
20,333,Quansah,12,DEF,39,0.4608,1.058,0.1,0.198,0.1088,0.0004,1,0,0,0,2026-08-18T09:52:05.815893+00:00,2026-08-18T09:52:49.149509+00:00
20,334,R.Williams,12,DEF,40,0,0,0.0,0.0,0.0,0,1,0,0,0,2026-08-18T09:52:05.815893+00:00,2026-08-18T09:52:49.149509+00:00
20,335,Robertson,12,DEF,59,2.6352,2.64,0.68,0.0896,0.6396,0.0172,1,1,90,1,2026-08-18T09:52:05.815893+00:00,2026-08-18T09:52:49.149509+00:00
20,336,Szoboszlai,12,MID,63,2.2212,2.8746,0.48,0.1456,0.458,0.0244,1,0,0,0,2026-08-18T09:52:05.815893+00:00,2026-08-18T09:52:49.149509+00:00
20,337,Tsimikas,12,DEF,46,0.7652,1.5942,0.18,0.1804,0.1818,0.0016,1,0,0,0,2026-08-18T09:52:05.815893+00:00,2026-08-18T09:52:49.149509+00:00
20,339,Virgil,12,DEF,65,2.314,2.4825,0.68,0.0576,0.637,0.01,1,1,90,1,2026-08-18T09:52:05.815893+00:00,2026-08-18T09:52:49.149509+00:00
20,636,Chiesa,12,MID,68,1.7776,2.3576,0.45,0.154,0.4308,0.0172,1,0,0,0,2026-08-18T09:52:05.815893+00:00,2026-08-18T09:52:49.149509+00:00
20,660,Jaros,12,GKP,40,0.2512,1.126,0.04,0.0384,0.0403,0.0008,1,0,0,0,2026-08-18T09:52:05.815893+00:00,2026-08-18T09:52:49.149509+00:00
20,669,Davies,12,GKP,40,0.1636,0.7301,0.04,0.0384,0.0403,0.0,1,0,0,0,2026-08-18T09:52:05.815893+00:00,2026-08-18T09:52:49.149509+00:00
20,688,Nyoni,12,MID,45,0.4584,0.9809,0.1,0.198,0.1088,0.0,1,0,0,0,2026-08-18T09:52:05.815893+00:00,2026-08-18T09:52:49.149509+00:00
20,692,Nallo,12,DEF,40,0.6044,1.3594,0.1,0.198,0.1088,0.0008,1,0,0,0,2026-08-18T09:52:05.815893+00:00,2026-08-18T09:52:49.149509+00:00
20,709,Danns,12,FWD,45,0,0,0.0,0.0,0.0,0,1,0,0,0,2026-08-18T09:52:05.815893+00:00,2026-08-18T09:52:49.149509+00:00
20,744,Slot,12,MID,15,0.5048,1.0103,0.1,0.198,0.1088,0.0,1,,,,2026-08-18T09:52:05.815893+00:00,
20,340,Akanji,13,DEF,53,1.6784,2.2909,0.48,0.1144,0.4556,0.0064,1,2,90,1,2026-08-18T09:52:05.815893+00:00,2026-08-18T09:52:49.149509+00:00
20,341,Aké,13,DEF,53,1.1236,1.9323,0.28,0.1584,0.2731,0.004,1,6,60,1,2026-08-18T09:52:05.815893+00:00,2026-08-18T09:52:49.149509+00:00
20,342,Bernardo,13,MID,63,2.8272,2.7789,0.68,0.0576,0.637,0.0284,1,2,90,1,2026-08-18T09:52:05.815893+00:00,2026-08-18T09:52:49.149509+00:00
20,343,Bobb,13,MID,47,0.718,1.4425,0.18,0.1804,0.1818,0.0032,1,0,0,0,2026-08-18T09:52:05.815893+00:00,2026-08-18T09:52:49.149509+00:00
20,344,Carson,13,GKP,40,0.2032,0.8858,0.04,0.0384,0.0403,0.0004,1,0,0,0,2026-08-18T09:52:05.815893+00:00,2026-08-18T09:52:49.149509+00:00
20,345,De Bruyne,13,MID,94,2.7396,3.3104,0.48,0.1456,0.458,0.0464,1,5,90,1,2026-08-18T09:52:05.815893+00:00,2026-08-18T09:52:49.149509+00:00
20,346,Doku,13,MID,62,1.8988,2.2699,0.48,0.1456,0.458,0.0092,1,0,0,0,2026-08-18T09:52:05.815893+00:00,2026-08-18T09:52:49.149509+00:00
20,347,Ederson M.,13,GKP,53,2.984,2.2189,0.9,0.008,0.8376,0.0012,1,0,0,0,2026-08-18T09:52:05.815893+00:00,2026-08-18T09:52:49.149509+00:00
20,348,Foden,13,MID,92,2.4652,3.0967,0.48,0.1456,0.458,0.0364,1,8,90,1,2026-08-18T09:52:05.815893+00:00,2026-08-18T09:52:49.149509+00:00
20,349,Grealish,13,MID,64,1.21,2.0485,0.28,0.2016,0.2765,0.0092,1,1,6,0,2026-08-18T09:52:05.815893+00:00,2026-08-18T09:52:49.149509+00:00
20,350,Gvardiol,13,DEF,60,3.3964,3.4891,0.68,0.0576,0.637,0.058,1,2,90,1,2026-08-18T09:52:05.815893+00:00,2026-08-18T09:52:49.149509+00:00
20,351,Haaland,13,FWD,148,4.2308,4.2064,0.68,0.0576,0.637,0.1308,1,13,83,1,2026-08-18T09:52:05.815893+00:00,2026-08-18T09:52:49.149509+00:00
20,352,J.Alvarez,13,FWD,70,0,0,0.0,0.0,0.0,0,1,0,0,0,2026-08-18T09:52:05.815893+00:00,2026-08-18T09:52:49.149509+00:00
20,353,João Cancelo,13,DEF,53,0,0,0.0,0.0,0.0,0,1,0,0,0,2026-08-18T09:52:05.815893+00:00,2026-08-18T09:52:49.149509+00:00
20,354,Kovačić,13,MID,54,1.77,2.152,0.48,0.1144,0.4556,0.0068,1,2,60,1,2026-08-18T09:52:05.815893+00:00,2026-08-18T09:52:49.149509+00:00
20,355,Lewis,13,DEF,46,1.7632,2.4128,0.48,0.1144,0.4556,0.0116,1,2,90,1,2026-08-18T09:52:05.815893+00:00,2026-08-18T09:52:49.149509+00:00
20,356,Matheus N.,13,MID,49,1.0496,1.6604,0.28,0.1584,0.2731,0.0028,1,0,0,0,2026-08-18T09:52:05.815893+00:00,2026-08-18T09:52:49.149509+00:00
20,357,McAtee,13,MID,46,0.712,1.2703,0.18,0.1804,0.1818,0.0012,1,1,10,0,2026-08-18T09:52:05.815893+00:00,2026-08-18T09:52:49.149509+00:00
20,358,Ortega Moreno,13,GKP,52,0.3368,1.1207,0.08,0.0736,0.0803,0.0,1,3,90,1,2026-08-18T09:52:05.815893+00:00,2026-08-18T09:52:49.149509+00:00
20,360,Rodrigo,13,MID,63,1.6304,2.0563,0.45,0.154,0.4308,0.0084,1,0,0,0,2026-08-18T09:52:05.815893+00:00,2026-08-18T09:52:49.149509+00:00
20,361,Rúben,13,DEF,54,1.804,2.4795,0.48,0.1144,0.4556,0.0148,1,0,0,0,2026-08-18T09:52:05.815893+00:00,2026-08-18T09:52:49.149509+00:00
20,362,Stones,13,DEF,53,0,0,0.0,0.0,0.0,0,1,0,0,0,2026-08-18T09:52:05.815893+00:00,2026-08-18T09:52:49.149509+00:00
20,363,Walker,13,DEF,52,0,0,0.0,0.0,0.0,0,1,0,29,0,2026-08-18T09:52:05.815893+00:00,2026-08-18T09:52:49.149509+00:00
20,571,Savinho,13,MID,64,2.514,3.1082,0.48,0.1456,0.458,0.0364,1,13,79,1,2026-08-18T09:52:05.815893+00:00,2026-08-18T09:52:49.149509+00:00
20,607,O’Reilly,13,MID,49,0.6672,1.2248,0.18,0.1804,0.1818,0.0008,1,0,0,0,2026-08-18T09:52:05.815893+00:00,2026-08-18T09:52:49.149509+00:00
20,625,Gündogan,13,MID,64,1.866,2.2946,0.48,0.1456,0.458,0.0128,1,1,29,0,2026-08-18T09:52:05.815893+00:00,2026-08-18T09:52:49.149509+00:00
20,626,Kaboré,13,DEF,45,0,0,0.0,0.0,0.0,0,1,0,0,0,2026-08-18T09:52:05.815893+00:00,2026-08-18T09:52:49.149509+00:00
20,671,Wright,13,MID,45,0,0,0.0,0.0,0.0,0,1,0,0,0,2026-08-18T09:52:05.815893+00:00,2026-08-18T09:52:49.149509+00:00
20,672,Simpson-Pusey,13,DEF,40,0.508,1.1927,0.1,0.198,0.1088,0.0004,1,0,0,0,2026-08-18T09:52:05.815893+00:00,2026-08-18T09:52:49.149509+00:00
20,675,Wilson-Esbrand,13,DEF,40,0,0,0.0,0.0,0.0,0,1,0,0,0,2026-08-18T09:52:05.815893+00:00,2026-08-18T09:52:49.149509+00:00
20,698,Mubama,13,FWD,45,0.4824,0.9685,0.1,0.198,0.1088,0.0,1,0,0,0,2026-08-18T09:52:05.815893+00:00,2026-08-18T09:52:49.149509+00:00
20,703,Alleyne,13,DEF,40,0.5652,1.3327,0.1,0.198,0.1088,0.0016,1,0,0,0,2026-08-18T09:52:05.815893+00:00,2026-08-18T09:52:49.149509+00:00
20,704,Brits,13,GKP,40,0.1728,0.7925,0.04,0.0384,0.0403,0.0004,1,0,0,0,2026-08-18T09:52:05.815893+00:00,2026-08-18T09:52:49.149509+00:00
20,732,Khusanov,13,DEF,50,0.7576,1.6265,0.18,0.1804,0.1818,0.0024,1,,,,2026-08-18T09:52:05.815893+00:00,
20,733,Vitor Reis,13,DEF,45,0.5552,1.3202,0.1,0.198,0.1088,0.0016,1,,,,2026-08-18T09:52:05.815893+00:00,
20,736,Guardiola,13,MID,15,0.464,0.9929,0.1,0.198,0.1088,0.0004,1,,,,2026-08-18T09:52:05.815893+00:00,
20,755,Marmoush,13,FWD,74,2.3712,2.3251,0.72,0.0784,0.6759,0.02,1,,,,2026-08-18T09:52:05.815893+00:00,
20,765,N.Gonzalez,13,MID,60,1.6272,2.1447,0.45,0.154,0.4308,0.008,1,,,,2026-08-18T09:52:05.815893+00:00,
20,785,Echeverri,13,MID,58,1.5896,1.9408,0.45,0.154,0.4308,0.0048,1,,,,2026-08-18T09:52:05.815893+00:00,
20,364,Amad,14,MID,53,1.8788,2.2671,0.48,0.1144,0.4556,0.0104,1,9,90,1,2026-08-18T09:52:05.815893+00:00,2026-08-18T09:52:49.149509+00:00
20,365,Antony,14,MID,57,0,0,0.0,0.0,0.0,0,1,0,0,0,2026-08-18T09:52:05.815893+00:00,2026-08-18T09:52:49.149509+00:00
20,366,B.Fernandes,14,MID,83,3.4768,3.3579,0.68,0.0896,0.6396,0.0624,1,7,90,1,2026-08-18T09:52:05.815893+00:00,2026-08-18T09:52:49.149509+00:00
20,367,Bayindir,14,GKP,43,0.1604,0.7209,0.04,0.0384,0.0403,0.0,1,0,0,0,2026-08-18T09:52:05.815893+00:00,2026-08-18T09:52:49.149509+00:00
20,368,Casemiro,14,MID,48,1.5884,1.8338,0.48,0.1144,0.4556,0.0024,1,0,0,0,2026-08-18T09:52:05.815893+00:00,2026-08-18T09:52:49.149509+00:00
20,369,Dalot,14,DEF,50,2.1384,2.4259,0.68,0.0576,0.637,0.012,1,0,90,1,2026-08-18T09:52:05.815893+00:00,2026-08-18T09:52:49.149509+00:00
20,370,Eriksen,14,MID,53,0.844,1.3666,0.28,0.1584,0.2731,0.0008,1,0,0,0,2026-08-18T09:52:05.815893+00:00,2026-08-18T09:52:49.149509+00:00
20,371,Evans,14,DEF,44,0.722,1.4079,0.22,0.1716,0.2183,0.0012,1,0,0,0,2026-08-18T09:52:05.815893+00:00,2026-08-18T09:52:49.149509+00:00
20,372,Garnacho,14,MID,60,2.1048,2.6524,0.48,0.1456,0.458,0.0208,1,1,18,0,2026-08-18T09:52:05.815893+00:00,2026-08-18T09:52:49.149509+00:00
20,373,Hannibal,14,MID,45,0,0,0.0,0.0,0.0,0,1,0,0,0,2026-08-18T09:52:05.815893+00:00,2026-08-18T09:52:49.149509+00:00
20,374,Heaton,14,GKP,40,0.1684,0.7876,0.04,0.0384,0.0403,0.0,1,0,0,0,2026-08-18T09:52:05.815893+00:00,2026-08-18T09:52:49.149509+00:00
20,375,Højlund,14,FWD,69,1.7456,2.1003,0.48,0.1456,0.458,0.0084,1,2,86,1,2026-08-18T09:52:05.815893+00:00,2026-08-18T09:52:49.149509+00:00
20,376,Lindelof,14,DEF,43,0.41,1.0043,0.1,0.198,0.1088,0.0,1,0,0,0,2026-08-18T09:52:05.815893+00:00,2026-08-18T09:52:49.149509+00:00
20,377,Maguire,14,DEF,49,1.2444,1.9581,0.48,0.1144,0.4556,0.0076,1,0,90,1,2026-08-18T09:52:05.815893+00:00,2026-08-18T09:52:49.149509+00:00
20,378,Mainoo,14,MID,52,1.1852,1.5239,0.48,0.1144,0.4556,0.0024,1,2,71,1,2026-08-18T09:52:05.815893+00:00,2026-08-18T09:52:49.149509+00:00
20,379,Malacia,14,DEF,44,0,0,0.0,0.0,0.0,0,1,0,0,0,2026-08-18T09:52:05.815893+00:00,2026-08-18T09:52:49.149509+00:00
20,380,Martinez,14,DEF,44,0,0,0.0,0.0,0.0,0,1,7,90,1,2026-08-18T09:52:05.815893+00:00,2026-08-18T09:52:49.149509+00:00
20,381,McTominay,14,MID,49,0,0,0.0,0.0,0.0,0,1,0,0,0,2026-08-18T09:52:05.815893+00:00,2026-08-18T09:52:49.149509+00:00
20,382,Mount,14,MID,63,1.0904,1.7077,0.28,0.2016,0.2765,0.0036,1,0,0,0,2026-08-18T09:52:05.815893+00:00,2026-08-18T09:52:49.149509+00:00
20,383,Onana,14,GKP,51,2.8924,2.0902,0.9,0.008,0.8376,0.0016,1,2,90,1,2026-08-18T09:52:05.815893+00:00,2026-08-18T09:52:49.149509+00:00
20,384,Pellistri,14,MID,50,0,0,0.0,0.0,0.0,0,1,0,0,0,2026-08-18T09:52:05.815893+00:00,2026-08-18T09:52:49.149509+00:00
20,387,Shaw,14,DEF,49,0.672,1.4385,0.18,0.1804,0.1818,0.0016,1,0,0,0,2026-08-18T09:52:05.815893+00:00,2026-08-18T09:52:49.149509+00:00
20,389,Zirkzee,14,FWD,65,1.1948,1.8415,0.28,0.2016,0.2765,0.0044,1,1,4,0,2026-08-18T09:52:05.815893+00:00,2026-08-18T09:52:49.149509+00:00
20,572,Yoro,14,DEF,43,0.4744,1.1854,0.1,0.198,0.1088,0.0012,1,1,7,0,2026-08-18T09:52:05.815893+00:00,2026-08-18T09:52:49.149509+00:00
20,593,De Ligt,14,DEF,49,0.9244,1.8887,0.24,0.1672,0.2366,0.0068,1,0,82,1,2026-08-18T09:52:05.815893+00:00,2026-08-18T09:52:49.149509+00:00
20,594,Mazraoui,14,DEF,45,0.8076,1.5951,0.22,0.1716,0.2183,0.0036,1,1,90,1,2026-08-18T09:52:05.815893+00:00,2026-08-18T09:52:49.149509+00:00
20,613,Collyer,14,MID,45,0.4544,0.8869,0.1,0.198,0.1088,0.0,1,0,0,0,2026-08-18T09:52:05.815893+00:00,2026-08-18T09:52:49.149509+00:00
20,648,Wheatley,14,FWD,45,0,0,0.0,0.0,0.0,0,1,0,0,0,2026-08-18T09:52:05.815893+00:00,2026-08-18T09:52:49.149509+00:00
20,652,Ugarte,14,MID,49,1.1592,1.3372,0.48,0.1144,0.4556,0.0008,1,2,90,1,2026-08-18T09:52:05.815893+00:00,2026-08-18T09:52:49.149509+00:00
20,658,Heaven,14,DEF,40,0.4996,1.1676,0.1,0.198,0.1088,0.0,1,0,0,0,2026-08-18T09:52:05.815893+00:00,2026-08-18T09:52:49.149509+00:00
20,667,Fletcher,14,MID,45,0.4564,0.9413,0.1,0.198,0.1088,0.0,1,0,0,0,2026-08-18T09:52:05.815893+00:00,2026-08-18T09:52:49.149509+00:00
20,670,Amass,14,DEF,40,0.4636,1.0853,0.1,0.198,0.1088,0.0,1,0,0,0,2026-08-18T09:52:05.815893+00:00,2026-08-18T09:52:49.149509+00:00
20,673,Fitzgerald,14,MID,45,0.4908,0.9418,0.1,0.198,0.1088,0.0,1,0,0,0,2026-08-18T09:52:05.815893+00:00,2026-08-18T09:52:49.149509+00:00
20,691,Kukonki,14,DEF,40,0.484,1.1362,0.1,0.198,0.1088,0.0004,1,0,0,0,2026-08-18T09:52:05.815893+00:00,2026-08-18T09:52:49.149509+00:00
20,745,Amorim,14,MID,8,0.4676,0.9233,0.1,0.198,0.1088,0.0,1,,,,2026-08-18T09:52:05.815893+00:00,
20,761,Harrison,14,GKP,40,0.1652,0.7385,0.04,0.0384,0.0403,0.0,1,,,,2026-08-18T09:52:05.815893+00:00,
20,766,Dorgu,14,DEF,45,0.51,1.2381,0.1,0.198,0.1088,0.0012,1,,,,2026-08-18T09:52:05.815893+00:00,
20,776,Obi,14,FWD,45,0.428,0.8463,0.1,0.198,0.1088,0.0,1,,,,2026-08-18T09:52:05.815893+00:00,
20,777,Fredricson,14,DEF,40,0.4672,1.1185,0.1,0.198,0.1088,0.0,1,,,,2026-08-18T09:52:05.815893+00:00,
20,778,Moorhouse,14,MID,45,0.4472,0.9184,0.1,0.198,0.1088,0.0008,1,,,,2026-08-18T09:52:05.815893+00:00,
20,779,Koné,14,MID,45,0.4584,0.897,0.1,0.198,0.1088,0.0004,1,,,,2026-08-18T09:52:05.815893+00:00,
20,783,Graczyk,14,GKP,40,0.1468,0.6486,0.04,0.0384,0.0403,0.0,1,,,,2026-08-18T09:52:05.815893+00:00,
20,788,Dermot Mee,14,GKP,40,0.1372,0.6718,0.04,0.0384,0.0403,0.0,1,,,,2026-08-18T09:52:05.815893+00:00,
20,390,A.Murphy,15,DEF,40,0,0,0.0,0.0,0.0,0,1,0,0,0,2026-08-18T09:52:05.815893+00:00,2026-08-18T09:52:49.149509+00:00
20,391,Almirón,15,MID,55,0,0,0.0,0.0,0.0,0,1,0,0,0,2026-08-18T09:52:05.815893+00:00,2026-08-18T09:52:49.149509+00:00
20,392,Barnes,15,MID,60,1.4332,2.1924,0.28,0.2016,0.2765,0.008,1,1,12,0,2026-08-18T09:52:05.815893+00:00,2026-08-18T09:52:49.149509+00:00
20,393,Botman,15,DEF,44,0.8544,1.6221,0.22,0.1716,0.2183,0.002,1,1,90,1,2026-08-18T09:52:05.815893+00:00,2026-08-18T09:52:49.149509+00:00
20,394,Bruno G.,15,MID,61,2.082,2.044,0.68,0.0576,0.637,0.006,1,6,90,1,2026-08-18T09:52:05.815893+00:00,2026-08-18T09:52:49.149509+00:00
20,395,Burn,15,DEF,44,0.7708,1.5438,0.22,0.1404,0.2158,0.0008,1,1,90,1,2026-08-18T09:52:05.815893+00:00,2026-08-18T09:52:49.149509+00:00
20,396,Dúbravka,15,GKP,42,0.1384,0.6532,0.04,0.0384,0.0403,0.0,1,3,90,1,2026-08-18T09:52:05.815893+00:00,2026-08-18T09:52:49.149509+00:00
20,398,Gordon,15,MID,74,3.2612,3.1685,0.68,0.0896,0.6396,0.0448,1,7,77,1,2026-08-18T09:52:05.815893+00:00,2026-08-18T09:52:49.149509+00:00
20,399,Hall,15,DEF,48,0,0,0.0,0.0,0.0,0,1,2,90,1,2026-08-18T09:52:05.815893+00:00,2026-08-18T09:52:49.149509+00:00
20,400,Hayden,15,MID,44,0,0,0.0,0.0,0.0,0,1,0,0,0,2026-08-18T09:52:05.815893+00:00,2026-08-18T09:52:49.149509+00:00
20,401,Isak,15,FWD,92,3.6772,3.4558,0.68,0.0896,0.6396,0.0728,1,7,85,1,2026-08-18T09:52:05.815893+00:00,2026-08-18T09:52:49.149509+00:00
20,402,J.Murphy,15,MID,51,1.8068,2.3059,0.48,0.1144,0.4556,0.012,1,5,85,1,2026-08-18T09:52:05.815893+00:00,2026-08-18T09:52:49.149509+00:00
20,403,Joelinton,15,MID,60,0,0,0.0,0.0,0.0,0,1,1,90,1,2026-08-18T09:52:05.815893+00:00,2026-08-18T09:52:49.149509+00:00
20,404,Kelly,15,DEF,42,0,0,0.0,0.0,0.0,0,1,1,1,0,2026-08-18T09:52:05.815893+00:00,2026-08-18T09:52:49.149509+00:00
20,405,Krafth,15,DEF,43,0.4508,1.0867,0.1,0.198,0.1088,0.0016,1,0,0,0,2026-08-18T09:52:05.815893+00:00,2026-08-18T09:52:49.149509+00:00
20,406,Kuol,15,MID,44,0.4736,1.0009,0.1,0.198,0.1088,0.0004,1,0,0,0,2026-08-18T09:52:05.815893+00:00,2026-08-18T09:52:49.149509+00:00
20,407,Lascelles,15,DEF,45,0.7832,1.5026,0.22,0.1716,0.2183,0.0012,1,0,0,0,2026-08-18T09:52:05.815893+00:00,2026-08-18T09:52:49.149509+00:00
20,408,Lewis,15,DEF,40,0,0,0.0,0.0,0.0,0,1,0,0,0,2026-08-18T09:52:05.815893+00:00,2026-08-18T09:52:49.149509+00:00
20,409,Livramento,15,DEF,45,0.7872,1.4561,0.22,0.1716,0.2183,0.0004,1,2,90,1,2026-08-18T09:52:05.815893+00:00,2026-08-18T09:52:49.149509+00:00
20,410,Longstaff,15,MID,46,1.2268,1.4314,0.48,0.1144,0.4556,0.0008,1,1,4,0,2026-08-18T09:52:05.815893+00:00,2026-08-18T09:52:49.149509+00:00
20,411,Miley,15,MID,50,0.6748,1.1852,0.18,0.1804,0.1818,0.0008,1,0,0,0,2026-08-18T09:52:05.815893+00:00,2026-08-18T09:52:49.149509+00:00
20,412,Odysseas,15,GKP,43,0.1236,0.6083,0.04,0.0384,0.0403,0.0,1,0,0,0,2026-08-18T09:52:05.815893+00:00,2026-08-18T09:52:49.149509+00:00
20,413,Pope,15,GKP,49,2.9816,2.1421,0.9,0.008,0.8376,0.0024,1,0,0,0,2026-08-18T09:52:05.815893+00:00,2026-08-18T09:52:49.149509+00:00
20,414,Ruddy,15,GKP,40,0.1428,0.6562,0.04,0.0384,0.0403,0.0,1,0,0,0,2026-08-18T09:52:05.815893+00:00,2026-08-18T09:52:49.149509+00:00
20,415,Schär,15,DEF,54,1.9788,2.3879,0.68,0.0704,0.638,0.0132,1,0,0,0,2026-08-18T09:52:05.815893+00:00,2026-08-18T09:52:49.149509+00:00
20,416,Targett,15,DEF,40,0.3608,0.9264,0.05,0.209,0.0632,0.0008,1,0,0,0,2026-08-18T09:52:05.815893+00:00,2026-08-18T09:52:49.149509+00:00
20,417,Tonali,15,MID,55,1.4744,1.9589,0.48,0.1456,0.458,0.0056,1,2,90,1,2026-08-18T09:52:05.815893+00:00,2026-08-18T09:52:49.149509+00:00
20,418,Trippier,15,DEF,56,0.9992,1.6713,0.28,0.2016,0.2765,0.002,1,0,0,0,2026-08-18T09:52:05.815893+00:00,2026-08-18T09:52:49.149509+00:00
20,419,White,15,MID,45,0,0,0.0,0.0,0.0,0,1,0,0,0,2026-08-18T09:52:05.815893+00:00,2026-08-18T09:52:49.149509+00:00
20,420,Willock,15,MID,48,0.8784,1.3987,0.28,0.1584,0.2731,0.0012,1,1,4,0,2026-08-18T09:52:05.815893+00:00,2026-08-18T09:52:49.149509+00:00
20,421,Wilson,15,FWD,69,1.6552,2.1574,0.45,0.154,0.4308,0.0132,1,0,0,0,2026-08-18T09:52:05.815893+00:00,2026-08-18T09:52:49.149509+00:00
20,574,Pivas,15,DEF,40,0,0,0.0,0.0,0.0,0,1,0,0,0,2026-08-18T09:52:05.815893+00:00,2026-08-18T09:52:49.149509+00:00
20,590,Osula,15,FWD,49,0.65,1.195,0.18,0.1804,0.1818,0.0008,1,0,0,0,2026-08-18T09:52:05.815893+00:00,2026-08-18T09:52:49.149509+00:00
20,746,Howe,15,MID,15,0.4244,0.909,0.1,0.198,0.1088,0.0004,1,,,,2026-08-18T09:52:05.815893+00:00,
20,789,Neave,15,FWD,45,0.4512,0.88,0.1,0.198,0.1088,0.0,1,,,,2026-08-18T09:52:05.815893+00:00,
20,26,Alex Moreno,16,DEF,43,0.7476,1.511,0.22,0.1716,0.2183,0.002,1,0,0,0,2026-08-18T09:52:05.815893+00:00,2026-08-18T09:52:49.149509+00:00
20,422,Aina,16,DEF,52,2.518,2.5204,0.68,0.0576,0.637,0.0084,1,6,90,1,2026-08-18T09:52:05.815893+00:00,2026-08-18T09:52:49.149509+00:00
20,423,Anderson,16,MID,50,1.4972,1.83,0.48,0.1144,0.4556,0.0024,1,2,68,1,2026-08-18T09:52:05.815893+00:00,2026-08-18T09:52:49.149509+00:00
20,424,Awoniyi,16,FWD,55,0,0,0.0,0.0,0.0,0,1,5,2,0,2026-08-18T09:52:05.815893+00:00,2026-08-18T09:52:49.149509+00:00
20,425,Boly,16,DEF,42,0.422,1.0042,0.1,0.198,0.1088,0.0004,1,0,0,0,2026-08-18T09:52:05.815893+00:00,2026-08-18T09:52:49.149509+00:00
20,426,Bowler,16,MID,45,0,0,0.0,0.0,0.0,0,1,0,0,0,2026-08-18T09:52:05.815893+00:00,2026-08-18T09:52:49.149509+00:00
20,427,C.Miguel,16,GKP,42,0.172,0.7512,0.04,0.0384,0.0403,0.0,1,0,0,0,2026-08-18T09:52:05.815893+00:00,2026-08-18T09:52:49.149509+00:00
20,428,Da Silva Moreira,16,MID,44,0.4768,0.9227,0.1,0.198,0.1088,0.0,1,0,0,0,2026-08-18T09:52:05.815893+00:00,2026-08-18T09:52:49.149509+00:00
20,429,Danilo,16,MID,47,0.6364,1.1475,0.18,0.1804,0.1818,0.0,1,0,0,0,2026-08-18T09:52:05.815893+00:00,2026-08-18T09:52:49.149509+00:00
20,430,Dennis,16,FWD,49,0,0,0.0,0.0,0.0,0,1,0,0,0,2026-08-18T09:52:05.815893+00:00,2026-08-18T09:52:49.149509+00:00
20,431,Dominguez,16,MID,48,1.2476,1.5796,0.48,0.1144,0.4556,0.002,1,0,59,1,2026-08-18T09:52:05.815893+00:00,2026-08-18T09:52:49.149509+00:00
20,432,Elanga,16,MID,52,1.7184,2.1649,0.48,0.1144,0.4556,0.0092,1,6,69,1,2026-08-18T09:52:05.815893+00:00,2026-08-18T09:52:49.149509+00:00
20,433,Gibbs-White,16,MID,64,2.0832,2.471,0.48,0.1456,0.458,0.014,1,8,87,1,2026-08-18T09:52:05.815893+00:00,2026-08-18T09:52:49.149509+00:00
20,434,Hudson-Odoi,16,MID,53,1.6108,1.8971,0.48,0.1144,0.4556,0.0032,1,6,90,1,2026-08-18T09:52:05.815893+00:00,2026-08-18T09:52:49.149509+00:00
20,435,Mighten,16,MID,45,0,0,0.0,0.0,0.0,0,1,0,0,0,2026-08-18T09:52:05.815893+00:00,2026-08-18T09:52:49.149509+00:00
20,436,Murillo,16,DEF,46,2.0904,2.3287,0.68,0.0576,0.637,0.0092,1,9,90,1,2026-08-18T09:52:05.815893+00:00,2026-08-18T09:52:49.149509+00:00
20,437,N.Williams,16,DEF,43,0.7604,1.5638,0.22,0.1716,0.2183,0.0016,1,6,90,1,2026-08-18T09:52:05.815893+00:00,2026-08-18T09:52:49.149509+00:00
20,438,O.Richards,16,DEF,45,0,0,0.0,0.0,0.0,0,1,0,0,0,2026-08-18T09:52:05.815893+00:00,2026-08-18T09:52:49.149509+00:00
20,439,O'Brien,16,MID,50,0,0,0.0,0.0,0.0,0,1,0,0,0,2026-08-18T09:52:05.815893+00:00,2026-08-18T09:52:49.149509+00:00
20,440,Omobamidele,16,DEF,42,0,0,0.0,0.0,0.0,0,1,0,0,0,2026-08-18T09:52:05.815893+00:00,2026-08-18T09:52:49.149509+00:00
20,441,Panzo,16,DEF,40,0,0,0.0,0.0,0.0,0,1,0,0,0,2026-08-18T09:52:05.815893+00:00,2026-08-18T09:52:49.149509+00:00
20,442,Sangaré,16,MID,43,0.8304,1.2026,0.28,0.1584,0.2731,0.0,1,0,0,0,2026-08-18T09:52:05.815893+00:00,2026-08-18T09:52:49.149509+00:00
20,443,Sels,16,GKP,49,2.9716,2.1247,0.9,0.008,0.8376,0.0,1,9,90,1,2026-08-18T09:52:05.815893+00:00,2026-08-18T09:52:49.149509+00:00
20,444,Toffolo,16,DEF,42,0.4408,1.0876,0.1,0.198,0.1088,0.0004,1,0,0,0,2026-08-18T09:52:05.815893+00:00,2026-08-18T09:52:49.149509+00:00
20,446,Ui-jo,16,FWD,45,0,0,0.0,0.0,0.0,0,1,0,0,0,2026-08-18T09:52:05.815893+00:00,2026-08-18T09:52:49.149509+00:00
20,447,Wood,16,FWD,68,2.99,2.7503,0.68,0.0896,0.6396,0.0264,1,8,87,1,2026-08-18T09:52:05.815893+00:00,2026-08-18T09:52:49.149509+00:00
20,448,Worrall,16,DEF,45,0,0,0.0,0.0,0.0,0,1,0,0,0,2026-08-18T09:52:05.815893+00:00,2026-08-18T09:52:49.149509+00:00
20,449,Yates,16,MID,49,1.4004,1.7545,0.48,0.1144,0.4556,0.002,1,1,20,0,2026-08-18T09:52:05.815893+00:00,2026-08-18T09:52:49.149509+00:00
20,573,Milenković,16,DEF,47,2.2752,2.7448,0.68,0.0576,0.637,0.024,1,6,90,1,2026-08-18T09:52:05.815893+00:00,2026-08-18T09:52:49.149509+00:00
20,596,Jota Silva,16,MID,59,0.9568,1.5636,0.28,0.2016,0.2765,0.002,1,1,21,0,2026-08-18T09:52:05.815893+00:00,2026-08-18T09:52:49.149509+00:00
20,620,Sosa,16,MID,55,1.4956,1.8543,0.45,0.154,0.4308,0.0044,1,0,0,0,2026-08-18T09:52:05.815893+00:00,2026-08-18T09:52:49.149509+00:00
20,653,Morato,16,DEF,45,0.7632,1.4653,0.22,0.1716,0.2183,0.0008,1,1,30,0,2026-08-18T09:52:05.815893+00:00,2026-08-18T09:52:49.149509+00:00
20,706,Abbott,16,DEF,40,0.51,1.1638,0.1,0.198,0.1088,0.0,1,0,0,0,2026-08-18T09:52:05.815893+00:00,2026-08-18T09:52:49.149509+00:00
20,721,Hennessey,16,GKP,40,0.1764,0.8104,0.04,0.0384,0.0403,0.0,1,,,,2026-08-18T09:52:05.815893+00:00,
20,747,Nuno,16,MID,11,0.4552,0.961,0.1,0.198,0.1088,0.0,1,,,,2026-08-18T09:52:05.815893+00:00,
20,14,Ramsdale,17,GKP,44,3.8448,2.4169,0.9,0.004,0.8373,0.0068,1,1,90,1,2026-08-18T09:52:05.815893+00:00,2026-08-18T09:52:49.149509+00:00
20,27,Archer,17,FWD,50,1.9016,2.3846,0.48,0.1144,0.4556,0.0168,1,1,35,0,2026-08-18T09:52:05.815893+00:00,2026-08-18T09:52:49.149509+00:00
20,188,Ugochukwu,17,MID,45,0.86,1.3189,0.28,0.1584,0.2731,0.0016,1,2,90,1,2026-08-18T09:52:05.815893+00:00,2026-08-18T09:52:49.149509+00:00
20,397,Fraser,17,MID,48,0.9268,1.4341,0.28,0.1584,0.2731,0.0008,1,0,0,0,2026-08-18T09:52:05.815893+00:00,2026-08-18T09:52:49.149509+00:00
20,451,Amo-Ameyaw,17,MID,44,0,0,0.0,0.0,0.0,0,1,0,0,0,2026-08-18T09:52:05.815893+00:00,2026-08-18T09:52:49.149509+00:00
20,452,Aribo,17,MID,49,1.8792,2.3295,0.48,0.1144,0.4556,0.0088,1,2,86,1,2026-08-18T09:52:05.815893+00:00,2026-08-18T09:52:49.149509+00:00
20,453,Armstrong,17,FWD,51,0,0,0.0,0.0,0.0,0,1,1,35,0,2026-08-18T09:52:05.815893+00:00,2026-08-18T09:52:49.149509+00:00
20,454,Bazunu,17,GKP,43,0,0,0.0,0.0,0.0,0,1,0,0,0,2026-08-18T09:52:05.815893+00:00,2026-08-18T09:52:49.149509+00:00
20,455,Bednarek,17,DEF,40,0.5456,1.2483,0.11,0.1958,0.118,0.0004,1,0,90,1,2026-08-18T09:52:05.815893+00:00,2026-08-18T09:52:49.149509+00:00
20,456,Bella-Kotchap,17,DEF,39,0.4964,1.2087,0.1,0.198,0.1088,0.0016,1,0,0,0,2026-08-18T09:52:05.815893+00:00,2026-08-18T09:52:49.149509+00:00
20,457,Bree,17,DEF,39,0.8604,1.6413,0.22,0.1716,0.2183,0.0016,1,1,45,1,2026-08-18T09:52:05.815893+00:00,2026-08-18T09:52:49.149509+00:00
20,458,Charles,17,MID,45,0,0,0.0,0.0,0.0,0,1,0,0,0,2026-08-18T09:52:05.815893+00:00,2026-08-18T09:52:49.149509+00:00
20,459,Edozie,17,MID,49,0,0,0.0,0.0,0.0,0,1,0,0,0,2026-08-18T09:52:05.815893+00:00,2026-08-18T09:52:49.149509+00:00
20,460,Edwards,17,DEF,39,0,0,0.0,0.0,0.0,0,1,0,0,0,2026-08-18T09:52:05.815893+00:00,2026-08-18T09:52:49.149509+00:00
20,461,Harwood-Bellis,17,DEF,41,0,0,0.0,0.0,0.0,0,1,-1,90,1,2026-08-18T09:52:05.815893+00:00,2026-08-18T09:52:49.149509+00:00
20,462,Kamaldeen,17,MID,50,0.6764,1.234,0.18,0.1804,0.1818,0.0012,1,1,54,1,2026-08-18T09:52:05.815893+00:00,2026-08-18T09:52:49.149509+00:00
20,463,Lallana,17,MID,50,0.9412,1.4309,0.28,0.1584,0.2731,0.0016,1,1,3,0,2026-08-18T09:52:05.815893+00:00,2026-08-18T09:52:49.149509+00:00
20,464,Larios,17,DEF,40,0.5416,1.2959,0.1,0.198,0.1088,0.0008,1,0,0,0,2026-08-18T09:52:05.815893+00:00,2026-08-18T09:52:49.149509+00:00
20,465,Lis,17,GKP,40,0,0,0.0,0.0,0.0,0,1,0,0,0,2026-08-18T09:52:05.815893+00:00,2026-08-18T09:52:49.149509+00:00
20,466,Lumley,17,GKP,40,0.2028,0.882,0.04,0.0384,0.0403,0.0,1,0,0,0,2026-08-18T09:52:05.815893+00:00,2026-08-18T09:52:49.149509+00:00
20,467,Manning,17,DEF,43,0.916,1.7574,0.22,0.1716,0.2183,0.0024,1,0,0,0,2026-08-18T09:52:05.815893+00:00,2026-08-18T09:52:49.149509+00:00
20,468,Mara,17,FWD,50,0,0,0.0,0.0,0.0,0,1,0,0,0,2026-08-18T09:52:05.815893+00:00,2026-08-18T09:52:49.149509+00:00
20,469,McCarthy,17,GKP,43,0.2096,0.918,0.04,0.0384,0.0403,0.0,1,0,0,0,2026-08-18T09:52:05.815893+00:00,2026-08-18T09:52:49.149509+00:00
20,470,Onuachu,17,FWD,49,0.9312,1.473,0.28,0.1584,0.2731,0.0016,1,1,54,1,2026-08-18T09:52:05.815893+00:00,2026-08-18T09:52:49.149509+00:00
20,471,Smallbone,17,MID,50,0.9684,1.5309,0.28,0.1584,0.2731,0.0032,1,0,0,0,2026-08-18T09:52:05.815893+00:00,2026-08-18T09:52:49.149509+00:00
20,472,Stephens,17,DEF,40,0.8452,1.6778,0.22,0.1716,0.2183,0.0028,1,0,0,0,2026-08-18T09:52:05.815893+00:00,2026-08-18T09:52:49.149509+00:00
20,473,Stewart,17,FWD,44,0.4788,0.9705,0.1,0.198,0.1088,0.0,1,0,0,0,2026-08-18T09:52:05.815893+00:00,2026-08-18T09:52:49.149509+00:00
20,474,Sugawara,17,DEF,43,0.9332,1.8358,0.22,0.1716,0.2183,0.0028,1,-1,45,1,2026-08-18T09:52:05.815893+00:00,2026-08-18T09:52:49.149509+00:00
20,475,Taylor,17,DEF,39,0.4816,1.154,0.1,0.198,0.1088,0.0004,1,-1,45,1,2026-08-18T09:52:05.815893+00:00,2026-08-18T09:52:49.149509+00:00
20,476,Walker-Peters,17,DEF,43,0.5092,1.2919,0.11,0.1602,0.1151,0.0012,1,-1,90,1,2026-08-18T09:52:05.815893+00:00,2026-08-18T09:52:49.149509+00:00
20,477,Wood,17,DEF,40,0.8896,1.7871,0.22,0.1716,0.2183,0.0028,1,1,45,1,2026-08-18T09:52:05.815893+00:00,2026-08-18T09:52:49.149509+00:00
20,515,Cornet,17,MID,47,0,0,0.0,0.0,0.0,0,1,0,0,0,2026-08-18T09:52:05.815893+00:00,2026-08-18T09:52:49.149509+00:00
20,518,Downes,17,MID,48,1.6656,1.5462,0.68,0.0704,0.638,0.0016,1,0,0,0,2026-08-18T09:52:05.815893+00:00,2026-08-18T09:52:49.149509+00:00
20,584,Brereton Díaz,17,MID,49,0,0,0.0,0.0,0.0,0,1,0,0,0,2026-08-18T09:52:05.815893+00:00,2026-08-18T09:52:49.149509+00:00
20,608,Dibling,17,MID,45,1.6084,2.102,0.48,0.1144,0.4556,0.0068,1,2,90,1,2026-08-18T09:52:05.815893+00:00,2026-08-18T09:52:49.149509+00:00
20,623,M.Fernandes,17,MID,50,2.0504,2.1311,0.68,0.0704,0.638,0.0068,1,0,0,0,2026-08-18T09:52:05.815893+00:00,2026-08-18T09:52:49.149509+00:00
20,693,O'Brien-Whitmarsh,17,MID,45,0,0,0.0,0.0,0.0,0,1,0,0,0,2026-08-18T09:52:05.815893+00:00,2026-08-18T09:52:49.149509+00:00
20,718,Welington,17,DEF,40,0.5208,1.2279,0.1,0.198,0.1088,0.0004,1,,,,2026-08-18T09:52:05.815893+00:00,
20,719,Kayi Sanda,17,DEF,40,0.5216,1.2155,0.1,0.198,0.1088,0.0,1,,,,2026-08-18T09:52:05.815893+00:00,
20,734,Grønbæk,17,MID,49,0.526,1.1459,0.09,0.2002,0.0997,0.0016,1,,,,2026-08-18T09:52:05.815893+00:00,
20,748,Rusk,17,MID,5,0.4968,1.0354,0.1,0.198,0.1088,0.0004,1,,,,2026-08-18T09:52:05.815893+00:00,
20,798,Jay Robinson,17,FWD,44,0.47,0.9553,0.1,0.198,0.1088,0.0004,1,,,,2026-08-18T09:52:05.815893+00:00,
20,804,Moore,17,DEF,40,0.4944,1.186,0.1,0.198,0.1088,0.0016,1,,,,2026-08-18T09:52:05.815893+00:00,
20,82,Solanke,18,FWD,75,3.0192,2.9558,0.68,0.0896,0.6396,0.052,1,9,90,1,2026-08-18T09:52:05.815893+00:00,2026-08-18T09:52:49.149509+00:00
20,478,A.Phillips,18,DEF,40,0,0,0.0,0.0,0.0,0,1,0,0,0,2026-08-18T09:52:05.815893+00:00,2026-08-18T09:52:49.149509+00:00
20,479,Austin,18,GKP,40,0.1812,0.7898,0.04,0.0384,0.0403,0.0,1,1,90,1,2026-08-18T09:52:05.815893+00:00,2026-08-18T09:52:49.149509+00:00
20,480,Bentancur,18,MID,49,1.3848,1.7917,0.48,0.1144,0.4556,0.004,1,0,0,0,2026-08-18T09:52:05.815893+00:00,2026-08-18T09:52:49.149509+00:00
20,481,Bergvall,18,MID,44,0,0,0.0,0.0,0.0,0,1,2,61,1,2026-08-18T09:52:05.815893+00:00,2026-08-18T09:52:49.149509+00:00
20,482,Bissouma,18,MID,49,1.4576,1.7285,0.48,0.1144,0.4556,0.0012,1,1,28,0,2026-08-18T09:52:05.815893+00:00,2026-08-18T09:52:49.149509+00:00
20,483,Bryan,18,MID,50,0,0,0.0,0.0,0.0,0,1,0,0,0,2026-08-18T09:52:05.815893+00:00,2026-08-18T09:52:49.149509+00:00
20,484,Davies,18,DEF,43,0.8452,1.6062,0.22,0.1716,0.2183,0.0008,1,0,0,0,2026-08-18T09:52:05.815893+00:00,2026-08-18T09:52:49.149509+00:00
20,485,Devine,18,MID,45,0,0,0.0,0.0,0.0,0,1,0,0,0,2026-08-18T09:52:05.815893+00:00,2026-08-18T09:52:49.149509+00:00
20,486,Dragusin,18,DEF,43,0,0,0.0,0.0,0.0,0,1,0,45,1,2026-08-18T09:52:05.815893+00:00,2026-08-18T09:52:49.149509+00:00
20,487,E.Royal,18,DEF,45,0,0,0.0,0.0,0.0,0,1,0,0,0,2026-08-18T09:52:05.815893+00:00,2026-08-18T09:52:49.149509+00:00
20,488,Forster,18,GKP,43,0.192,0.8742,0.04,0.0384,0.0403,0.0,1,0,0,0,2026-08-18T09:52:05.815893+00:00,2026-08-18T09:52:49.149509+00:00
20,489,Gray,18,MID,46,0.8692,1.3032,0.28,0.1584,0.2731,0.0008,1,2,90,1,2026-08-18T09:52:05.815893+00:00,2026-08-18T09:52:49.149509+00:00
20,490,Højbjerg,18,MID,50,0,0,0.0,0.0,0.0,0,1,0,0,0,2026-08-18T09:52:05.815893+00:00,2026-08-18T09:52:49.149509+00:00
20,491,Johnson,18,MID,65,2.752,3.5982,0.48,0.1456,0.458,0.0548,1,2,90,1,2026-08-18T09:52:05.815893+00:00,2026-08-18T09:52:49.149509+00:00
20,492,Kulusevski,18,MID,65,0,0,0.0,0.0,0.0,0,1,2,90,1,2026-08-18T09:52:05.815893+00:00,2026-08-18T09:52:49.149509+00:00
20,493,Lo Celso,18,MID,49,0,0,0.0,0.0,0.0,0,1,0,0,0,2026-08-18T09:52:05.815893+00:00,2026-08-18T09:52:49.149509+00:00
20,494,Maddison,18,MID,77,0,0,0.0,0.0,0.0,0,1,1,28,0,2026-08-18T09:52:05.815893+00:00,2026-08-18T09:52:49.149509+00:00
20,495,Pedro Porro,18,DEF,55,2.5068,2.7005,0.68,0.0576,0.637,0.0188,1,4,90,1,2026-08-18T09:52:05.815893+00:00,2026-08-18T09:52:49.149509+00:00
20,496,Reguilón,18,DEF,42,0.4972,1.2339,0.1,0.198,0.1088,0.0004,1,0,45,1,2026-08-18T09:52:05.815893+00:00,2026-08-18T09:52:49.149509+00:00
20,497,Richarlison,18,FWD,68,1.6304,2.0658,0.45,0.154,0.4308,0.0096,1,0,0,0,2026-08-18T09:52:05.815893+00:00,2026-08-18T09:52:49.149509+00:00
20,498,Romero,18,DEF,49,0,0,0.0,0.0,0.0,0,1,0,0,0,2026-08-18T09:52:05.815893+00:00,2026-08-18T09:52:49.149509+00:00
20,499,P.M.Sarr,18,MID,48,1.616,2.1377,0.48,0.1144,0.4556,0.0088,1,2,61,1,2026-08-18T09:52:05.815893+00:00,2026-08-18T09:52:49.149509+00:00
20,500,Scarlett,18,FWD,45,0.428,0.9497,0.1,0.198,0.1088,0.0008,1,0,0,0,2026-08-18T09:52:05.815893+00:00,2026-08-18T09:52:49.149509+00:00
20,502,Solomon,18,MID,54,0,0,0.0,0.0,0.0,0,1,0,0,0,2026-08-18T09:52:05.815893+00:00,2026-08-18T09:52:49.149509+00:00
20,503,Son,18,MID,99,1.6332,2.8873,0.24,0.2128,0.2402,0.0308,1,1,28,0,2026-08-18T09:52:05.815893+00:00,2026-08-18T09:52:49.149509+00:00
20,504,Spence,18,DEF,44,0.8464,1.6978,0.22,0.1716,0.2183,0.0028,1,1,90,1,2026-08-18T09:52:05.815893+00:00,2026-08-18T09:52:49.149509+00:00
20,505,Udogie,18,DEF,49,2.18,2.3055,0.68,0.0704,0.638,0.004,1,0,0,0,2026-08-18T09:52:05.815893+00:00,2026-08-18T09:52:49.149509+00:00
20,506,Van de Ven,18,DEF,45,0.8064,1.7236,0.22,0.1716,0.2183,0.0036,1,0,0,0,2026-08-18T09:52:05.815893+00:00,2026-08-18T09:52:49.149509+00:00
20,507,Veliz,18,FWD,50,0,0,0.0,0.0,0.0,0,1,0,0,0,2026-08-18T09:52:05.815893+00:00,2026-08-18T09:52:49.149509+00:00
20,508,Vicario,18,GKP,48,3.0548,2.2502,0.9,0.008,0.8376,0.0012,1,0,0,0,2026-08-18T09:52:05.815893+00:00,2026-08-18T09:52:49.149509+00:00
20,509,Werner,18,MID,62,0.7356,1.5431,0.14,0.2408,0.1495,0.004,1,2,61,1,2026-08-18T09:52:05.815893+00:00,2026-08-18T09:52:49.149509+00:00
20,510,Whiteman,18,GKP,40,0.1956,0.8713,0.04,0.0384,0.0403,0.0,1,0,0,0,2026-08-18T09:52:05.815893+00:00,2026-08-18T09:52:49.149509+00:00
20,609,Lankshear,18,FWD,45,0,0,0.0,0.0,0.0,0,1,0,0,0,2026-08-18T09:52:05.815893+00:00,2026-08-18T09:52:49.149509+00:00
20,610,Moore,18,MID,45,0.4512,0.9064,0.1,0.198,0.1088,0.0,1,0,0,0,2026-08-18T09:52:05.815893+00:00,2026-08-18T09:52:49.149509+00:00
20,612,Odobert,18,MID,53,0.7184,1.4226,0.18,0.1804,0.1818,0.0024,1,0,0,0,2026-08-18T09:52:05.815893+00:00,2026-08-18T09:52:49.149509+00:00
20,683,Olusesi,18,MID,45,0.4704,0.9486,0.1,0.198,0.1088,0.0,1,0,0,0,2026-08-18T09:52:05.815893+00:00,2026-08-18T09:52:49.149509+00:00
20,684,Hardy,18,DEF,40,0.5168,1.2332,0.1,0.198,0.1088,0.0004,1,0,0,0,2026-08-18T09:52:05.815893+00:00,2026-08-18T09:52:49.149509+00:00
20,689,Williams-Barnett,18,MID,45,0,0,0.0,0.0,0.0,0,1,0,0,0,2026-08-18T09:52:05.815893+00:00,2026-08-18T09:52:49.149509+00:00
20,699,Dorrington,18,DEF,40,0,0,0.0,0.0,0.0,0,1,0,0,0,2026-08-18T09:52:05.815893+00:00,2026-08-18T09:52:49.149509+00:00
20,700,King,18,DEF,40,0.5288,1.2685,0.1,0.198,0.1088,0.0004,1,0,0,0,2026-08-18T09:52:05.815893+00:00,2026-08-18T09:52:49.149509+00:00
20,716,Kinsky,18,GKP,41,0.174,0.7689,0.04,0.0384,0.0403,0.0,1,,,,2026-08-18T09:52:05.815893+00:00,
20,717,Yang,18,MID,45,0,0,0.0,0.0,0.0,0,1,,,,2026-08-18T09:52:05.815893+00:00,
20,729,Ajayi,18,MID,45,0.4684,0.9838,0.1,0.198,0.1088,0.0004,1,,,,2026-08-18T09:52:05.815893+00:00,
20,749,Postecoglou,18,MID,11,0.5028,1.0442,0.1,0.198,0.1088,0.0,1,,,,2026-08-18T09:52:05.815893+00:00,
20,760,Cassanova,18,DEF,40,0.4924,1.1947,0.1,0.198,0.1088,0.0004,1,,,,2026-08-18T09:52:05.815893+00:00,
20,767,Danso,18,DEF,44,0.5376,1.3365,0.1,0.198,0.1088,0.0016,1,,,,2026-08-18T09:52:05.815893+00:00,
20,768,Tel,18,MID,58,1.6864,2.0104,0.45,0.154,0.4308,0.0064,1,,,,2026-08-18T09:52:05.815893+00:00,
20,123,Ferguson,19,FWD,55,1.354,1.6817,0.45,0.154,0.4308,0.002,1,0,0,0,2026-08-18T09:52:05.815893+00:00,2026-08-18T09:52:49.149509+00:00
20,388,Wan-Bissaka,19,DEF,46,2.4036,2.5031,0.68,0.0576,0.637,0.0136,1,0,90,1,2026-08-18T09:52:05.815893+00:00,2026-08-18T09:52:49.149509+00:00
20,511,Álvarez,19,MID,50,1.1272,1.367,0.48,0.1144,0.4556,0.0004,1,2,86,1,2026-08-18T09:52:05.815893+00:00,2026-08-18T09:52:49.149509+00:00
20,512,Antonio,19,FWD,53,0,0,0.0,0.0,0.0,0,1,0,0,0,2026-08-18T09:52:05.815893+00:00,2026-08-18T09:52:49.149509+00:00
20,513,Areola,19,GKP,42,0.15,0.6995,0.04,0.0384,0.0403,0.0,1,1,90,1,2026-08-18T09:52:05.815893+00:00,2026-08-18T09:52:49.149509+00:00
20,514,Bowen,19,MID,74,2.9836,3.0321,0.68,0.0576,0.637,0.0376,1,0,0,0,2026-08-18T09:52:05.815893+00:00,2026-08-18T09:52:49.149509+00:00
20,516,Coufal,19,DEF,42,0.6912,1.3968,0.22,0.1716,0.2183,0.0008,1,-2,90,1,2026-08-18T09:52:05.815893+00:00,2026-08-18T09:52:49.149509+00:00
20,517,Cresswell,19,DEF,39,0.4676,1.1124,0.1,0.198,0.1088,0.0008,1,0,0,0,2026-08-18T09:52:05.815893+00:00,2026-08-18T09:52:49.149509+00:00
20,519,Earthy,19,MID,45,0,0,0.0,0.0,0.0,0,1,0,0,0,2026-08-18T09:52:05.815893+00:00,2026-08-18T09:52:49.149509+00:00
20,520,Emerson,19,DEF,44,0.7616,1.6325,0.22,0.1716,0.2183,0.004,1,0,0,0,2026-08-18T09:52:05.815893+00:00,2026-08-18T09:52:49.149509+00:00
20,521,Fabianski,19,GKP,41,0.1504,0.7189,0.04,0.0384,0.0403,0.0,1,0,0,0,2026-08-18T09:52:05.815893+00:00,2026-08-18T09:52:49.149509+00:00
20,522,Foderingham,19,GKP,43,3.3672,2.2881,0.88,0.0048,0.8188,0.0028,1,0,0,0,2026-08-18T09:52:05.815893+00:00,2026-08-18T09:52:49.149509+00:00
20,523,Ings,19,FWD,50,0.7044,1.3627,0.18,0.1804,0.1818,0.0036,1,1,3,0,2026-08-18T09:52:05.815893+00:00,2026-08-18T09:52:49.149509+00:00
20,524,Kilman,19,DEF,44,0.8124,1.713,0.22,0.1404,0.2158,0.0044,1,0,90,1,2026-08-18T09:52:05.815893+00:00,2026-08-18T09:52:49.149509+00:00
20,525,Kudus,19,MID,62,2.052,2.4634,0.48,0.1456,0.458,0.0124,1,2,71,1,2026-08-18T09:52:05.815893+00:00,2026-08-18T09:52:49.149509+00:00
20,526,L.Guilherme,19,MID,47,0.6656,1.209,0.18,0.1804,0.1818,0.0008,1,1,18,0,2026-08-18T09:52:05.815893+00:00,2026-08-18T09:52:49.149509+00:00
20,527,L.Paquetá,19,MID,57,1.7632,2.3417,0.48,0.1456,0.458,0.014,1,2,90,1,2026-08-18T09:52:05.815893+00:00,2026-08-18T09:52:49.149509+00:00
20,528,Mavropanos,19,DEF,43,0.8328,1.6556,0.22,0.1716,0.2183,0.0036,1,0,37,0,2026-08-18T09:52:05.815893+00:00,2026-08-18T09:52:49.149509+00:00
20,529,N.Aguerd,19,DEF,44,0,0,0.0,0.0,0.0,0,1,0,0,0,2026-08-18T09:52:05.815893+00:00,2026-08-18T09:52:49.149509+00:00
20,530,Souček,19,MID,49,1.7004,2.2439,0.48,0.1144,0.4556,0.0108,1,5,90,1,2026-08-18T09:52:05.815893+00:00,2026-08-18T09:52:49.149509+00:00
20,531,Ward-Prowse,19,MID,62,0.9876,1.4627,0.28,0.2016,0.2765,0.0012,1,4,2,0,2026-08-18T09:52:05.815893+00:00,2026-08-18T09:52:49.149509+00:00
20,532,Zouma,19,DEF,44,0,0,0.0,0.0,0.0,0,1,0,0,0,2026-08-18T09:52:05.815893+00:00,2026-08-18T09:52:49.149509+00:00
20,576,Irving,19,MID,48,0.6624,1.1649,0.18,0.1804,0.1818,0.0,1,0,0,0,2026-08-18T09:52:05.815893+00:00,2026-08-18T09:52:49.149509+00:00
20,587,Summerville,19,MID,56,0,0,0.0,0.0,0.0,0,1,2,90,1,2026-08-18T09:52:05.815893+00:00,2026-08-18T09:52:49.149509+00:00
20,588,G.Rodríguez,19,MID,48,1.1476,1.2974,0.48,0.1144,0.4556,0.0008,1,0,0,0,2026-08-18T09:52:05.815893+00:00,2026-08-18T09:52:49.149509+00:00
20,589,Füllkrug,19,FWD,67,1.478,1.8488,0.45,0.154,0.4308,0.006,1,5,90,1,2026-08-18T09:52:05.815893+00:00,2026-08-18T09:52:49.149509+00:00
20,591,Todibo,19,DEF,42,0.73,1.3642,0.22,0.1716,0.2183,0.0,1,0,52,1,2026-08-18T09:52:05.815893+00:00,2026-08-18T09:52:49.149509+00:00
20,643,Casey,19,DEF,40,0.4812,1.1366,0.1,0.198,0.1088,0.0012,1,0,0,0,2026-08-18T09:52:05.815893+00:00,2026-08-18T09:52:49.149509+00:00
20,654,C.Soler,19,MID,50,1.2076,1.5502,0.48,0.1144,0.4556,0.0024,1,0,0,0,2026-08-18T09:52:05.815893+00:00,2026-08-18T09:52:49.149509+00:00
20,677,Scarles,19,DEF,40,0.4648,1.0694,0.1,0.198,0.1088,0.0004,1,0,0,0,2026-08-18T09:52:05.815893+00:00,2026-08-18T09:52:49.149509+00:00
20,686,Mayers,19,DEF,40,0.5004,1.1416,0.1,0.198,0.1088,0.0,1,0,0,0,2026-08-18T09:52:05.815893+00:00,2026-08-18T09:52:49.149509+00:00
20,701,Orford,19,MID,45,0.4844,0.9979,0.1,0.198,0.1088,0.0004,1,0,0,0,2026-08-18T09:52:05.815893+00:00,2026-08-18T09:52:49.149509+00:00
20,750,Potter,19,MID,5,0.472,0.9329,0.1,0.198,0.1088,0.0,1,,,,2026-08-18T09:52:05.815893+00:00,
20,204,Johnstone,20,GKP,43,0,0,0.0,0.0,0.0,0,1,0,0,0,2026-08-18T09:52:05.815893+00:00,2026-08-18T09:52:49.149509+00:00
20,533,Aït-Nouri,20,DEF,48,2.5316,2.8204,0.68,0.0576,0.637,0.0228,1,1,90,1,2026-08-18T09:52:05.815893+00:00,2026-08-18T09:52:49.149509+00:00
20,534,B.Traore,20,MID,48,1.2184,1.4163,0.48,0.1144,0.4556,0.0008,1,0,0,0,2026-08-18T09:52:05.815893+00:00,2026-08-18T09:52:49.149509+00:00
20,535,Bellegarde,20,MID,49,1.4092,1.6732,0.48,0.1144,0.4556,0.0016,1,1,31,0,2026-08-18T09:52:05.815893+00:00,2026-08-18T09:52:49.149509+00:00
20,536,Bentley,20,GKP,40,0.1744,0.7804,0.04,0.0384,0.0403,0.0,1,0,0,0,2026-08-18T09:52:05.815893+00:00,2026-08-18T09:52:49.149509+00:00
20,537,Chiquinho,20,MID,45,0,0,0.0,0.0,0.0,0,1,0,0,0,2026-08-18T09:52:05.815893+00:00,2026-08-18T09:52:49.149509+00:00
20,538,Chirewa,20,MID,45,0,0,0.0,0.0,0.0,0,1,0,0,0,2026-08-18T09:52:05.815893+00:00,2026-08-18T09:52:49.149509+00:00
20,539,Chiwome,20,FWD,45,0,0,0.0,0.0,0.0,0,1,0,0,0,2026-08-18T09:52:05.815893+00:00,2026-08-18T09:52:49.149509+00:00
20,540,Cundle,20,MID,45,0,0,0.0,0.0,0.0,0,1,0,0,0,2026-08-18T09:52:05.815893+00:00,2026-08-18T09:52:49.149509+00:00
20,541,Cunha,20,FWD,70,3.2064,2.9138,0.68,0.0576,0.637,0.0352,1,0,0,0,2026-08-18T09:52:05.815893+00:00,2026-08-18T09:52:49.149509+00:00
20,542,Dawson,20,DEF,43,0.8728,1.7242,0.22,0.1716,0.2183,0.0028,1,0,0,0,2026-08-18T09:52:05.815893+00:00,2026-08-18T09:52:49.149509+00:00
20,543,Doherty,20,DEF,43,0.9204,1.8685,0.22,0.1716,0.2183,0.0064,1,1,90,1,2026-08-18T09:52:05.815893+00:00,2026-08-18T09:52:49.149509+00:00
20,544,Doyle,20,MID,48,0.932,1.4906,0.28,0.1584,0.2731,0.0024,1,0,58,1,2026-08-18T09:52:05.815893+00:00,2026-08-18T09:52:49.149509+00:00
20,545,Fábio Silva,20,FWD,50,0,0,0.0,0.0,0.0,0,1,0,0,0,2026-08-18T09:52:05.815893+00:00,2026-08-18T09:52:49.149509+00:00
20,546,Fraser,20,FWD,45,0,0,0.0,0.0,0.0,0,1,0,0,0,2026-08-18T09:52:05.815893+00:00,2026-08-18T09:52:49.149509+00:00
20,547,Gonzalez,20,MID,44,0,0,0.0,0.0,0.0,0,1,0,0,0,2026-08-18T09:52:05.815893+00:00,2026-08-18T09:52:49.149509+00:00
20,548,Guedes,20,MID,53,1.074,1.7702,0.28,0.1584,0.2731,0.0032,1,2,74,1,2026-08-18T09:52:05.815893+00:00,2026-08-18T09:52:49.149509+00:00
20,549,H.Bueno,20,DEF,45,0,0,0.0,0.0,0.0,0,1,0,0,0,2026-08-18T09:52:05.815893+00:00,2026-08-18T09:52:49.149509+00:00
20,550,Hee Chan,20,MID,61,1.34,2.2309,0.28,0.2016,0.2765,0.0116,1,2,74,1,2026-08-18T09:52:05.815893+00:00,2026-08-18T09:52:49.149509+00:00
20,551,Hodge,20,MID,45,0,0,0.0,0.0,0.0,0,1,0,0,0,2026-08-18T09:52:05.815893+00:00,2026-08-18T09:52:49.149509+00:00
20,552,Hoever,20,DEF,40,0,0,0.0,0.0,0.0,0,1,0,0,0,2026-08-18T09:52:05.815893+00:00,2026-08-18T09:52:49.149509+00:00
20,553,J.Gomes,20,MID,49,2.038,2.0043,0.68,0.0576,0.637,0.006,1,2,90,1,2026-08-18T09:52:05.815893+00:00,2026-08-18T09:52:49.149509+00:00
20,554,José Sá,20,GKP,43,3.2404,2.2346,0.9,0.004,0.8373,0.0012,1,1,90,1,2026-08-18T09:52:05.815893+00:00,2026-08-18T09:52:49.149509+00:00
20,555,Kalajdžić,20,FWD,48,0,0,0.0,0.0,0.0,0,1,0,0,0,2026-08-18T09:52:05.815893+00:00,2026-08-18T09:52:49.149509+00:00
20,556,King,20,GKP,40,0.1528,0.6876,0.04,0.0384,0.0403,0.0,1,0,0,0,2026-08-18T09:52:05.815893+00:00,2026-08-18T09:52:49.149509+00:00
20,557,Mario Jr.,20,MID,50,0,0,0.0,0.0,0.0,0,1,1,31,0,2026-08-18T09:52:05.815893+00:00,2026-08-18T09:52:49.149509+00:00
20,558,Mosquera,20,DEF,39,0,0,0.0,0.0,0.0,0,1,0,0,0,2026-08-18T09:52:05.815893+00:00,2026-08-18T09:52:49.149509+00:00
20,559,N.Semedo,20,DEF,45,0.8188,1.6426,0.22,0.1716,0.2183,0.0024,1,0,0,0,2026-08-18T09:52:05.815893+00:00,2026-08-18T09:52:49.149509+00:00
20,561,Pedro Lima,20,DEF,39,0.5536,1.3041,0.1,0.198,0.1088,0.0008,1,0,58,1,2026-08-18T09:52:05.815893+00:00,2026-08-18T09:52:49.149509+00:00
20,562,Podence,20,MID,55,0,0,0.0,0.0,0.0,0,1,0,0,0,2026-08-18T09:52:05.815893+00:00,2026-08-18T09:52:49.149509+00:00
20,563,R.Gomes,20,MID,52,0.9132,1.419,0.28,0.1584,0.2731,0.0004,1,2,90,1,2026-08-18T09:52:05.815893+00:00,2026-08-18T09:52:49.149509+00:00
20,564,S.Bueno,20,DEF,43,0.872,1.6814,0.22,0.1716,0.2183,0.0036,1,1,90,1,2026-08-18T09:52:05.815893+00:00,2026-08-18T09:52:49.149509+00:00
20,565,Sarabia,20,MID,50,0.7596,1.4641,0.18,0.1804,0.1818,0.0008,1,1,15,0,2026-08-18T09:52:05.815893+00:00,2026-08-18T09:52:49.149509+00:00
20,566,Strand Larsen,20,FWD,55,2.5728,2.5122,0.68,0.0576,0.637,0.024,1,2,90,1,2026-08-18T09:52:05.815893+00:00,2026-08-18T09:52:49.149509+00:00
20,567,Toti,20,DEF,43,0.87,1.6637,0.22,0.1716,0.2183,0.0004,1,0,0,0,2026-08-18T09:52:05.815893+00:00,2026-08-18T09:52:49.149509+00:00
20,637,Meupiyou,20,DEF,40,0.5248,1.2337,0.1,0.198,0.1088,0.0,1,0,0,0,2026-08-18T09:52:05.815893+00:00,2026-08-18T09:52:49.149509+00:00
20,642,André,20,MID,50,1.3492,1.5248,0.48,0.1144,0.4556,0.0,1,0,0,0,2026-08-18T09:52:05.815893+00:00,2026-08-18T09:52:49.149509+00:00
20,655,Forbs,20,MID,55,1.53,1.7886,0.45,0.154,0.4308,0.0032,1,1,15,0,2026-08-18T09:52:05.815893+00:00,2026-08-18T09:52:49.149509+00:00
20,664,Pond,20,DEF,39,0.5388,1.2698,0.1,0.198,0.1088,0.0008,1,0,0,0,2026-08-18T09:52:05.815893+00:00,2026-08-18T09:52:49.149509+00:00
20,682,Edozie,20,MID,45,0.5096,0.9887,0.1,0.198,0.1088,0.0,1,0,0,0,2026-08-18T09:52:05.815893+00:00,2026-08-18T09:52:49.149509+00:00
20,711,Okoduwa,20,DEF,40,0.5024,1.2209,0.1,0.198,0.1088,0.0016,1,0,0,0,2026-08-18T09:52:05.815893+00:00,2026-08-18T09:52:49.149509+00:00
20,720,Agbadou,20,DEF,40,0.5416,1.2675,0.1,0.198,0.1088,0.0008,1,,,,2026-08-18T09:52:05.815893+00:00,
20,751,Pereira,20,MID,8,0.4972,1.0257,0.1,0.198,0.1088,0.0,1,,,,2026-08-18T09:52:05.815893+00:00,
20,769,Djiga,20,DEF,45,0.512,1.2326,0.1,0.198,0.1088,0.0012,1,,,,2026-08-18T09:52:05.815893+00:00,
20,770,Munetsi,20,MID,50,0.732,1.3312,0.18,0.1804,0.1818,0.0,1,,,,2026-08-18T09:52:05.815893+00:00,
20,784,Mané,20,FWD,45,0.4464,0.9327,0.1,0.198,0.1088,0.0,1,,,,2026-08-18T09:52:05.815893+00:00,
