gw,player_id,web_name,team_id,position,now_cost,mu,sigma,p_start,p_sub,p_60,p_10_plus,n_fixtures,actual_points,actual_minutes,did_start,captured_at,scored_at
33,1,Fábio Vieira,1,MID,54,0,0,0.0,0.0,0.0,0,2,0,0,0,2026-08-18T09:52:28.690283+00:00,2026-08-18T09:52:49.579981+00:00
33,2,G.Jesus,1,FWD,65,0,0,0.0,0.0,0.0,0,2,0,0,0,2026-08-18T09:52:28.690283+00:00,2026-08-18T09:52:49.579981+00:00
33,3,Gabriel,1,DEF,62,0,0,0.0,0.0,0.0,0,2,0,0,0,2026-08-18T09:52:28.690283+00:00,2026-08-18T09:52:49.579981+00:00
33,4,Havertz,1,FWD,77,6.3672,4.4616,0.68,0.0576,0.637,0.2272,2,0,0,0,2026-08-18T09:52:28.690283+00:00,2026-08-18T09:52:49.579981+00:00
33,5,Hein,1,GKP,40,0,0,0.0,0.0,0.0,0,2,0,0,0,2026-08-18T09:52:28.690283+00:00,2026-08-18T09:52:49.579981+00:00
33,6,J.Timber,1,DEF,57,0,0,0.0,0.0,0.0,0,2,4,90,1,2026-08-18T09:52:28.690283+00:00,2026-08-18T09:52:49.579981+00:00
33,7,Jorginho,1,MID,46,2.2492,1.8693,0.48,0.1144,0.4556,0.0016,2,0,0,0,2026-08-18T09:52:28.690283+00:00,2026-08-18T09:52:49.579981+00:00
33,8,Kiwior,1,DEF,48,1.912,2.336,0.28,0.1584,0.2731,0.0084,2,7,90,1,2026-08-18T09:52:28.690283+00:00,2026-08-18T09:52:49.579981+00:00
33,9,Martinelli,1,MID,65,6.1272,4.3018,0.68,0.0576,0.637,0.2052,2,2,90,1,2026-08-18T09:52:28.690283+00:00,2026-08-18T09:52:49.579981+00:00
33,12,Nwaneri,1,MID,45,3.422,2.7838,0.48,0.1144,0.4556,0.032,2,1,4,0,2026-08-18T09:52:28.690283+00:00,2026-08-18T09:52:49.579981+00:00
33,13,Ødegaard,1,MID,82,6.0264,4.1911,0.68,0.0576,0.637,0.1912,2,5,85,1,2026-08-18T09:52:28.690283+00:00,2026-08-18T09:52:49.579981+00:00
33,15,Raya,1,GKP,56,6.1432,3.0722,0.9,0.008,0.8376,0.1348,2,1,90,1,2026-08-18T09:52:28.690283+00:00,2026-08-18T09:52:49.579981+00:00
33,16,Rice,1,MID,62,6.0372,3.3728,0.82,0.0324,0.7652,0.1504,2,1,90,1,2026-08-18T09:52:28.690283+00:00,2026-08-18T09:52:49.579981+00:00
33,17,Saka,1,MID,105,8.03,5.2921,0.68,0.0896,0.6396,0.3584,2,1,30,0,2026-08-18T09:52:28.690283+00:00,2026-08-18T09:52:49.579981+00:00
33,18,Saliba,1,DEF,66,0,0,0.0,0.0,0.0,0,2,1,90,1,2026-08-18T09:52:28.690283+00:00,2026-08-18T09:52:49.579981+00:00
33,20,Thomas,1,MID,49,5.18,2.7106,0.82,0.0324,0.7652,0.0744,2,2,90,1,2026-08-18T09:52:28.690283+00:00,2026-08-18T09:52:49.579981+00:00
33,21,Tierney,1,DEF,43,1.0152,1.6784,0.1,0.198,0.1088,0.0012,2,1,4,0,2026-08-18T09:52:28.690283+00:00,2026-08-18T09:52:49.579981+00:00
33,22,Tomiyasu,1,DEF,48,0,0,0.0,0.0,0.0,0,2,0,0,0,2026-08-18T09:52:28.690283+00:00,2026-08-18T09:52:49.579981+00:00
33,23,Trossard,1,MID,67,7.0624,4.0453,0.82,0.0324,0.7652,0.2496,2,8,90,1,2026-08-18T09:52:28.690283+00:00,2026-08-18T09:52:49.579981+00:00
33,24,White,1,DEF,61,3.144,3.0931,0.48,0.1456,0.458,0.0428,2,0,0,0,2026-08-18T09:52:28.690283+00:00,2026-08-18T09:52:49.579981+00:00
33,25,Zinchenko,1,DEF,48,1.8492,2.3993,0.28,0.1584,0.2731,0.012,2,0,0,0,2026-08-18T09:52:28.690283+00:00,2026-08-18T09:52:49.579981+00:00
33,73,Neto,1,GKP,41,0.404,1.2939,0.04,0.0384,0.0403,0.0004,2,0,0,0,2026-08-18T09:52:28.690283+00:00,2026-08-18T09:52:49.579981+00:00
33,186,Sterling,1,MID,67,2.3352,2.7991,0.28,0.2016,0.2765,0.0288,2,1,59,1,2026-08-18T09:52:28.690283+00:00,2026-08-18T09:52:49.579981+00:00
33,578,Calafiori,1,DEF,58,3.094,3.1078,0.48,0.1456,0.458,0.0416,2,0,0,0,2026-08-18T09:52:28.690283+00:00,2026-08-18T09:52:49.579981+00:00
33,597,Lewis-Skelly,1,MID,45,2.4696,1.9069,0.48,0.1144,0.4556,0.006,2,2,85,1,2026-08-18T09:52:28.690283+00:00,2026-08-18T09:52:49.579981+00:00
33,633,Merino,1,MID,61,4.2492,3.784,0.48,0.1456,0.458,0.0968,2,0,0,0,2026-08-18T09:52:28.690283+00:00,2026-08-18T09:52:49.579981+00:00
33,638,Oulad M'hand,1,MID,45,0.956,1.4096,0.1,0.198,0.1088,0.0016,2,0,0,0,2026-08-18T09:52:28.690283+00:00,2026-08-18T09:52:49.579981+00:00
33,639,Setford,1,GKP,45,0.3112,0.9966,0.04,0.0384,0.0403,0.0,2,0,0,0,2026-08-18T09:52:28.690283+00:00,2026-08-18T09:52:49.579981+00:00
33,657,Kacurri,1,DEF,40,0,0,0.0,0.0,0.0,0,2,0,0,0,2026-08-18T09:52:28.690283+00:00,2026-08-18T09:52:49.579981+00:00
33,659,Kabia,1,MID,45,0.9428,1.3642,0.1,0.198,0.1088,0.0008,2,0,0,0,2026-08-18T09:52:28.690283+00:00,2026-08-18T09:52:49.579981+00:00
33,662,Nichols,1,DEF,40,0.9876,1.6709,0.1,0.198,0.1088,0.0028,2,0,0,0,2026-08-18T09:52:28.690283+00:00,2026-08-18T09:52:49.579981+00:00
33,665,Butler-Oyedeji,1,FWD,45,0.89,1.3198,0.1,0.198,0.1088,0.0012,2,0,0,0,2026-08-18T09:52:28.690283+00:00,2026-08-18T09:52:49.579981+00:00
33,735,Arteta,1,MID,15,0.9272,1.348,0.1,0.198,0.1088,0.0008,2,5,0,0,2026-08-18T09:52:28.690283+00:00,2026-08-18T09:52:49.579981+00:00
33,756,Porter,1,GKP,40,0.3392,1.0449,0.04,0.0384,0.0403,0.0,2,0,0,0,2026-08-18T09:52:28.690283+00:00,2026-08-18T09:52:49.579981+00:00
33,790,Gower,1,MID,45,0.9376,1.4128,0.1,0.198,0.1088,0.0016,2,0,0,0,2026-08-18T09:52:28.690283+00:00,2026-08-18T09:52:49.579981+00:00
33,793,Jack Henry-Francis,1,MID,45,0.9564,1.4074,0.1,0.198,0.1088,0.0004,2,0,0,0,2026-08-18T09:52:28.690283+00:00,2026-08-18T09:52:49.579981+00:00
33,801,Clarke,1,DEF,40,0.9892,1.6975,0.1,0.198,0.1088,0.0032,2,,,,2026-08-18T09:52:28.690283+00:00,
33,28,Bailey,2,MID,62,3.5676,3.0974,0.48,0.1456,0.458,0.0512,2,0,0,0,2026-08-18T09:52:28.690283+00:00,2026-08-18T09:52:49.579981+00:00
33,29,Barkley,2,MID,52,2.2252,2.7083,0.28,0.1584,0.2731,0.0252,2,0,0,0,2026-08-18T09:52:28.690283+00:00,2026-08-18T09:52:49.579981+00:00
33,30,Barrenechea,2,MID,49,0,0,0.0,0.0,0.0,0,2,0,0,0,2026-08-18T09:52:28.690283+00:00,2026-08-18T09:52:49.579981+00:00
33,31,Buendia,2,MID,51,0,0,0.0,0.0,0.0,0,2,0,0,0,2026-08-18T09:52:28.690283+00:00,2026-08-18T09:52:49.579981+00:00
33,32,Cash,2,DEF,44,1.5532,2.2759,0.22,0.1404,0.2158,0.0096,2,2,60,1,2026-08-18T09:52:28.690283+00:00,2026-08-18T09:52:49.579981+00:00
33,33,Dendoncker,2,MID,45,0,0,0.0,0.0,0.0,0,2,0,0,0,2026-08-18T09:52:28.690283+00:00,2026-08-18T09:52:49.579981+00:00
33,34,Diaby,2,MID,65,0,0,0.0,0.0,0.0,0,2,0,0,0,2026-08-18T09:52:28.690283+00:00,2026-08-18T09:52:49.579981+00:00
33,35,Diego Carlos,2,DEF,45,0,0,0.0,0.0,0.0,0,2,0,0,0,2026-08-18T09:52:28.690283+00:00,2026-08-18T09:52:49.579981+00:00
33,36,Digne,2,DEF,45,1.7568,2.4887,0.22,0.1404,0.2158,0.018,2,0,90,1,2026-08-18T09:52:28.690283+00:00,2026-08-18T09:52:49.579981+00:00
33,37,Dobbin,2,MID,50,0,0,0.0,0.0,0.0,0,2,0,0,0,2026-08-18T09:52:28.690283+00:00,2026-08-18T09:52:49.579981+00:00
33,38,Duran,2,FWD,57,0,0,0.0,0.0,0.0,0,2,0,0,0,2026-08-18T09:52:28.690283+00:00,2026-08-18T09:52:49.579981+00:00
33,39,Gauci,2,GKP,40,0,0,0.0,0.0,0.0,0,2,0,0,0,2026-08-18T09:52:28.690283+00:00,2026-08-18T09:52:49.579981+00:00
33,40,Hause,2,DEF,39,1.0124,1.7385,0.1,0.198,0.1088,0.0032,2,0,0,0,2026-08-18T09:52:28.690283+00:00,2026-08-18T09:52:49.579981+00:00
33,41,Iling Jr,2,MID,54,0,0,0.0,0.0,0.0,0,2,0,0,0,2026-08-18T09:52:28.690283+00:00,2026-08-18T09:52:49.579981+00:00
33,42,Kamara,2,MID,50,2.5996,2.041,0.48,0.1144,0.4556,0.0076,2,2,90,1,2026-08-18T09:52:28.690283+00:00,2026-08-18T09:52:49.579981+00:00
33,43,Kesler-Hayden,2,DEF,40,0,0,0.0,0.0,0.0,0,2,0,0,0,2026-08-18T09:52:28.690283+00:00,2026-08-18T09:52:49.579981+00:00
33,44,Konsa,2,DEF,44,1.7228,2.3122,0.22,0.1404,0.2158,0.0096,2,1,90,1,2026-08-18T09:52:28.690283+00:00,2026-08-18T09:52:49.579981+00:00
33,45,Maatsen,2,DEF,45,1.7,2.3604,0.22,0.1716,0.2183,0.0088,2,0,0,0,2026-08-18T09:52:28.690283+00:00,2026-08-18T09:52:49.579981+00:00
33,46,Marschall,2,GKP,40,0,0,0.0,0.0,0.0,0,2,0,0,0,2026-08-18T09:52:28.690283+00:00,2026-08-18T09:52:49.579981+00:00
33,47,Martinez,2,GKP,50,0,0,0.0,0.0,0.0,0,2,2,90,1,2026-08-18T09:52:28.690283+00:00,2026-08-18T09:52:49.579981+00:00
33,48,McGinn,2,MID,52,4.2144,3.0812,0.68,0.0576,0.637,0.0672,2,1,29,0,2026-08-18T09:52:28.690283+00:00,2026-08-18T09:52:49.579981+00:00
33,49,Mings,2,DEF,44,1.8936,2.5803,0.22,0.1716,0.2183,0.0184,2,0,0,0,2026-08-18T09:52:28.690283+00:00,2026-08-18T09:52:49.579981+00:00
33,50,Nedeljkovic,2,DEF,39,0,0,0.0,0.0,0.0,0,2,0,0,0,2026-08-18T09:52:28.690283+00:00,2026-08-18T09:52:49.579981+00:00
33,51,Olsen,2,GKP,45,5.6104,3.0042,0.88,0.0048,0.8188,0.1024,2,0,0,0,2026-08-18T09:52:28.690283+00:00,2026-08-18T09:52:49.579981+00:00
33,52,Pau,2,DEF,42,1.5836,2.2452,0.22,0.1404,0.2158,0.0084,2,1,90,1,2026-08-18T09:52:28.690283+00:00,2026-08-18T09:52:49.579981+00:00
33,53,Ramsey,2,MID,54,4.608,3.0066,0.68,0.0704,0.638,0.0692,2,5,60,1,2026-08-18T09:52:28.690283+00:00,2026-08-18T09:52:49.579981+00:00
33,54,Rogers,2,MID,57,6.3512,3.8842,0.82,0.0324,0.7652,0.2012,2,1,85,1,2026-08-18T09:52:28.690283+00:00,2026-08-18T09:52:49.579981+00:00
33,55,Sinisalo,2,GKP,40,0,0,0.0,0.0,0.0,0,2,0,0,0,2026-08-18T09:52:28.690283+00:00,2026-08-18T09:52:49.579981+00:00
33,56,Sousa,2,DEF,40,0,0,0.0,0.0,0.0,0,2,0,0,0,2026-08-18T09:52:28.690283+00:00,2026-08-18T09:52:49.579981+00:00
33,57,Tielemans,2,MID,55,6.3,3.1821,0.9,0.018,0.8384,0.1528,2,2,90,1,2026-08-18T09:52:28.690283+00:00,2026-08-18T09:52:49.579981+00:00
33,58,Watkins,2,FWD,89,8.7776,4.789,0.82,0.0324,0.7652,0.4092,2,0,14,0,2026-08-18T09:52:28.690283+00:00,2026-08-18T09:52:49.579981+00:00
33,167,Disasi,2,DEF,42,1.5688,2.2576,0.22,0.1716,0.2183,0.0104,2,1,29,0,2026-08-18T09:52:28.690283+00:00,2026-08-18T09:52:49.579981+00:00
33,233,Onana,2,MID,48,4.352,2.9303,0.68,0.0704,0.638,0.0736,2,2,75,1,2026-08-18T09:52:28.690283+00:00,2026-08-18T09:52:49.579981+00:00
33,385,Rashford,2,MID,67,4.4352,3.753,0.48,0.1456,0.458,0.1076,2,8,75,1,2026-08-18T09:52:28.690283+00:00,2026-08-18T09:52:49.579981+00:00
33,598,Bogarde,2,DEF,39,1.4592,2.0419,0.22,0.1716,0.2183,0.0068,2,0,0,0,2026-08-18T09:52:28.690283+00:00,2026-08-18T09:52:49.579981+00:00
33,640,Swinkels,2,DEF,40,0,0,0.0,0.0,0.0,0,2,0,0,0,2026-08-18T09:52:28.690283+00:00,2026-08-18T09:52:49.579981+00:00
33,641,Zych,2,GKP,40,0.318,1.0582,0.04,0.0384,0.0403,0.0004,2,0,0,0,2026-08-18T09:52:28.690283+00:00,2026-08-18T09:52:49.579981+00:00
33,656,Young,2,MID,44,0,0,0.0,0.0,0.0,0,2,0,0,0,2026-08-18T09:52:28.690283+00:00,2026-08-18T09:52:49.579981+00:00
33,679,Broggio,2,MID,45,0.8984,1.2893,0.1,0.198,0.1088,0.0004,2,0,0,0,2026-08-18T09:52:28.690283+00:00,2026-08-18T09:52:49.579981+00:00
33,710,Jimoh,2,MID,45,0.96,1.3971,0.1,0.198,0.1088,0.0016,2,0,0,0,2026-08-18T09:52:28.690283+00:00,2026-08-18T09:52:49.579981+00:00
33,725,Malen,2,MID,53,1.594,2.1923,0.18,0.1804,0.1818,0.0104,2,1,4,0,2026-08-18T09:52:28.690283+00:00,2026-08-18T09:52:49.579981+00:00
33,731,A. Garcia,2,DEF,45,1.5176,2.1095,0.22,0.1716,0.2183,0.0048,2,0,0,0,2026-08-18T09:52:28.690283+00:00,2026-08-18T09:52:49.579981+00:00
33,737,Emery,2,MID,8,0.8852,1.3001,0.1,0.198,0.1088,0.002,2,1,0,0,2026-08-18T09:52:28.690283+00:00,2026-08-18T09:52:49.579981+00:00
33,762,M.Asensio,2,MID,62,2.7156,3.288,0.28,0.2016,0.2765,0.0428,2,1,14,0,2026-08-18T09:52:28.690283+00:00,2026-08-18T09:52:49.579981+00:00
33,59,Aarons,3,DEF,43,0,0,0.0,0.0,0.0,0,1,0,0,0,2026-08-18T09:52:28.690283+00:00,2026-08-18T09:52:49.579981+00:00
33,60,Adams,3,MID,49,1.7676,1.61,0.68,0.0704,0.638,0.0016,1,2,60,1,2026-08-18T09:52:28.690283+00:00,2026-08-18T09:52:49.579981+00:00
33,61,Anthony,3,MID,45,0,0,0.0,0.0,0.0,0,1,0,0,0,2026-08-18T09:52:28.690283+00:00,2026-08-18T09:52:49.579981+00:00
33,62,Brooks,3,MID,49,1.6504,2.1454,0.48,0.1144,0.4556,0.0096,1,1,21,0,2026-08-18T09:52:28.690283+00:00,2026-08-18T09:52:49.579981+00:00
33,63,Christie,3,MID,49,0,0,0.0,0.0,0.0,0,1,0,0,0,2026-08-18T09:52:28.690283+00:00,2026-08-18T09:52:49.579981+00:00
33,64,Cook,3,MID,50,0,0,0.0,0.0,0.0,0,1,1,45,1,2026-08-18T09:52:28.690283+00:00,2026-08-18T09:52:49.579981+00:00
33,65,Enes Ünal,3,FWD,54,0,0,0.0,0.0,0.0,0,1,0,0,0,2026-08-18T09:52:28.690283+00:00,2026-08-18T09:52:49.579981+00:00
33,66,Faivre,3,MID,50,0,0,0.0,0.0,0.0,0,1,0,0,0,2026-08-18T09:52:28.690283+00:00,2026-08-18T09:52:49.579981+00:00
33,67,H.Traorè,3,MID,45,0,0,0.0,0.0,0.0,0,1,0,0,0,2026-08-18T09:52:28.690283+00:00,2026-08-18T09:52:49.579981+00:00
33,68,Hill,3,DEF,39,0.7288,1.4238,0.22,0.1716,0.2183,0.0012,1,0,0,0,2026-08-18T09:52:28.690283+00:00,2026-08-18T09:52:49.579981+00:00
33,69,Jebbison,3,FWD,45,0.4172,0.8344,0.1,0.198,0.1088,0.0,1,0,0,0,2026-08-18T09:52:28.690283+00:00,2026-08-18T09:52:49.579981+00:00
33,70,Kerkez,3,DEF,53,2.6456,2.1283,0.9,0.018,0.8384,0.0032,1,8,90,1,2026-08-18T09:52:28.690283+00:00,2026-08-18T09:52:49.579981+00:00
33,71,Kluivert,3,MID,60,4.11,3.5534,0.82,0.0324,0.7652,0.072,1,2,90,1,2026-08-18T09:52:28.690283+00:00,2026-08-18T09:52:49.579981+00:00
33,72,Mepham,3,DEF,44,0,0,0.0,0.0,0.0,0,1,0,0,0,2026-08-18T09:52:28.690283+00:00,2026-08-18T09:52:49.579981+00:00
33,74,O.Dango,3,MID,47,0,0,0.0,0.0,0.0,0,1,2,68,1,2026-08-18T09:52:28.690283+00:00,2026-08-18T09:52:49.579981+00:00
33,75,Paulsen,3,GKP,40,0,0,0.0,0.0,0.0,0,1,0,0,0,2026-08-18T09:52:28.690283+00:00,2026-08-18T09:52:49.579981+00:00
33,76,Philip,3,MID,48,0,0,0.0,0.0,0.0,0,1,0,0,0,2026-08-18T09:52:28.690283+00:00,2026-08-18T09:52:49.579981+00:00
33,77,Scott,3,MID,47,0.9172,1.4187,0.28,0.1584,0.2731,0.0008,1,0,45,1,2026-08-18T09:52:28.690283+00:00,2026-08-18T09:52:49.579981+00:00
33,78,Semenyo,3,MID,57,3.6156,2.9074,0.9,0.018,0.8384,0.0452,1,3,90,1,2026-08-18T09:52:28.690283+00:00,2026-08-18T09:52:49.579981+00:00
33,79,Senesi,3,DEF,46,1.4796,2.1818,0.48,0.1144,0.4556,0.0092,1,0,0,0,2026-08-18T09:52:28.690283+00:00,2026-08-18T09:52:49.579981+00:00
33,80,Sinisterra,3,MID,48,0,0,0.0,0.0,0.0,0,1,0,0,0,2026-08-18T09:52:28.690283+00:00,2026-08-18T09:52:49.579981+00:00
33,81,Smith,3,DEF,44,0.6936,1.4407,0.22,0.1716,0.2183,0.0016,1,6,83,1,2026-08-18T09:52:28.690283+00:00,2026-08-18T09:52:49.579981+00:00
33,83,Tavernier,3,MID,54,2.5224,2.7191,0.68,0.0576,0.637,0.0264,1,1,29,0,2026-08-18T09:52:28.690283+00:00,2026-08-18T09:52:49.579981+00:00
33,84,Travers,3,GKP,44,0,0,0.0,0.0,0.0,0,1,0,0,0,2026-08-18T09:52:28.690283+00:00,2026-08-18T09:52:49.579981+00:00
33,85,Zabarnyi,3,DEF,44,0.7524,1.5195,0.22,0.1404,0.2158,0.0024,1,9,90,1,2026-08-18T09:52:28.690283+00:00,2026-08-18T09:52:49.579981+00:00
33,152,Arrizabalaga,3,GKP,46,3.0088,2.1649,0.9,0.008,0.8376,0.0016,1,6,90,1,2026-08-18T09:52:28.690283+00:00,2026-08-18T09:52:49.579981+00:00
33,580,Huijsen,3,DEF,45,0.91,1.8887,0.22,0.1404,0.2158,0.0044,1,8,90,1,2026-08-18T09:52:28.690283+00:00,2026-08-18T09:52:49.579981+00:00
33,592,J.Araujo,3,DEF,43,0.7176,1.3898,0.22,0.1716,0.2183,0.0004,1,1,6,0,2026-08-18T09:52:28.690283+00:00,2026-08-18T09:52:49.579981+00:00
33,599,Dennis,3,GKP,39,0.1568,0.7164,0.04,0.0384,0.0403,0.0,1,0,0,0,2026-08-18T09:52:28.690283+00:00,2026-08-18T09:52:49.579981+00:00
33,617,Evanilson,3,FWD,58,3.4236,3.2754,0.68,0.0576,0.637,0.0512,1,2,90,1,2026-08-18T09:52:28.690283+00:00,2026-08-18T09:52:49.579981+00:00
33,680,Kinsey,3,DEF,40,0.5216,1.2112,0.1,0.198,0.1088,0.0004,1,0,0,0,2026-08-18T09:52:28.690283+00:00,2026-08-18T09:52:49.579981+00:00
33,687,Winterburn,3,MID,45,0.4292,0.8642,0.1,0.198,0.1088,0.0,1,0,0,0,2026-08-18T09:52:28.690283+00:00,2026-08-18T09:52:49.579981+00:00
33,702,Harris,3,DEF,40,0.4892,1.1829,0.1,0.198,0.1088,0.0,1,0,0,0,2026-08-18T09:52:28.690283+00:00,2026-08-18T09:52:49.579981+00:00
33,707,Rees-Dottin,3,FWD,45,0.4584,0.8871,0.1,0.198,0.1088,0.0,1,0,0,0,2026-08-18T09:52:28.690283+00:00,2026-08-18T09:52:49.579981+00:00
33,712,Akinmboni,3,DEF,40,0.4624,1.1368,0.1,0.198,0.1088,0.0004,1,0,0,0,2026-08-18T09:52:28.690283+00:00,2026-08-18T09:52:49.579981+00:00
33,713,Soler,3,DEF,39,0.4936,1.1873,0.1,0.198,0.1088,0.0008,1,0,0,0,2026-08-18T09:52:28.690283+00:00,2026-08-18T09:52:49.579981+00:00
33,722,Adu-Adjei,3,FWD,45,0.4616,0.9317,0.1,0.198,0.1088,0.0012,1,0,0,0,2026-08-18T09:52:28.690283+00:00,2026-08-18T09:52:49.579981+00:00
33,723,Sadi,3,MID,45,0.454,0.9158,0.1,0.198,0.1088,0.0,1,0,0,0,2026-08-18T09:52:28.690283+00:00,2026-08-18T09:52:49.579981+00:00
33,727,McKenna,3,GKP,40,0.1776,0.8255,0.04,0.0384,0.0403,0.0,1,0,0,0,2026-08-18T09:52:28.690283+00:00,2026-08-18T09:52:49.579981+00:00
33,728,Silcott-Duberry,3,MID,45,0.4688,0.9557,0.1,0.198,0.1088,0.0,1,0,0,0,2026-08-18T09:52:28.690283+00:00,2026-08-18T09:52:49.579981+00:00
33,738,Iraola,3,MID,11,0.436,0.879,0.1,0.198,0.1088,0.0004,1,5,0,0,2026-08-18T09:52:28.690283+00:00,2026-08-18T09:52:49.579981+00:00
33,86,Ajer,4,DEF,44,0.8244,1.6806,0.22,0.1716,0.2183,0.0036,1,1,24,0,2026-08-18T09:52:28.690283+00:00,2026-08-18T09:52:49.579981+00:00
33,87,Brierley,4,MID,44,0.5004,1.061,0.1,0.198,0.1088,0.0012,1,0,0,0,2026-08-18T09:52:28.690283+00:00,2026-08-18T09:52:49.579981+00:00
33,88,Collins,4,DEF,45,0.9636,1.9867,0.22,0.1404,0.2158,0.0064,1,0,90,1,2026-08-18T09:52:28.690283+00:00,2026-08-18T09:52:49.579981+00:00
33,89,Damsgaard,4,MID,50,3.352,2.5947,0.82,0.0324,0.7652,0.0236,1,2,86,1,2026-08-18T09:52:28.690283+00:00,2026-08-18T09:52:49.579981+00:00
33,90,Dasilva,4,MID,48,0,0,0.0,0.0,0.0,0,1,0,0,0,2026-08-18T09:52:28.690283+00:00,2026-08-18T09:52:49.579981+00:00
33,91,Flekken,4,GKP,44,3.8008,2.3842,0.9,0.004,0.8373,0.0028,1,1,90,1,2026-08-18T09:52:28.690283+00:00,2026-08-18T09:52:49.579981+00:00
33,92,Henry,4,DEF,43,0.5396,1.3388,0.1,0.198,0.1088,0.0012,1,1,14,0,2026-08-18T09:52:28.690283+00:00,2026-08-18T09:52:49.579981+00:00
33,93,Hickey,4,DEF,43,0.8092,1.5657,0.22,0.1716,0.2183,0.0012,1,0,0,0,2026-08-18T09:52:28.690283+00:00,2026-08-18T09:52:49.579981+00:00
33,94,Janelt,4,MID,48,0,0,0.0,0.0,0.0,0,1,1,3,0,2026-08-18T09:52:28.690283+00:00,2026-08-18T09:52:49.579981+00:00
33,95,Jensen,4,MID,53,1.5308,1.8015,0.48,0.1144,0.4556,0.0028,1,3,14,0,2026-08-18T09:52:28.690283+00:00,2026-08-18T09:52:49.579981+00:00
33,96,Ji-soo,4,DEF,39,0.5328,1.2896,0.1,0.198,0.1088,0.002,1,0,0,0,2026-08-18T09:52:28.690283+00:00,2026-08-18T09:52:49.579981+00:00
33,97,Konak,4,MID,44,0.49,0.9744,0.1,0.198,0.1088,0.0004,1,1,19,0,2026-08-18T09:52:28.690283+00:00,2026-08-18T09:52:49.579981+00:00
33,98,Lewis-Potter,4,MID,50,2.6384,2.1826,0.82,0.0324,0.7652,0.0152,1,5,75,1,2026-08-18T09:52:28.690283+00:00,2026-08-18T09:52:49.579981+00:00
33,99,Mbeumo,4,MID,79,5.01,3.6245,0.9,0.018,0.8384,0.112,1,18,90,1,2026-08-18T09:52:28.690283+00:00,2026-08-18T09:52:49.579981+00:00
33,100,Mee,4,DEF,42,0.516,1.1973,0.1,0.198,0.1088,0.0008,1,0,0,0,2026-08-18T09:52:28.690283+00:00,2026-08-18T09:52:49.579981+00:00
33,101,Nørgaard,4,MID,48,2.652,2.2127,0.82,0.0324,0.7652,0.0104,1,7,90,1,2026-08-18T09:52:28.690283+00:00,2026-08-18T09:52:49.579981+00:00
33,102,Onyeka,4,MID,49,0,0,0.0,0.0,0.0,0,1,0,0,0,2026-08-18T09:52:28.690283+00:00,2026-08-18T09:52:49.579981+00:00
33,103,Peart-Harris,4,MID,45,0,0,0.0,0.0,0.0,0,1,0,0,0,2026-08-18T09:52:28.690283+00:00,2026-08-18T09:52:49.579981+00:00
33,104,Pinnock,4,DEF,44,0.894,1.8677,0.22,0.1404,0.2158,0.0056,1,0,0,0,2026-08-18T09:52:28.690283+00:00,2026-08-18T09:52:49.579981+00:00
33,105,Roerslev,4,DEF,43,0,0,0.0,0.0,0.0,0,1,0,0,0,2026-08-18T09:52:28.690283+00:00,2026-08-18T09:52:49.579981+00:00
33,106,Schade,4,MID,51,2.988,3.0901,0.68,0.0576,0.637,0.0384,1,2,86,1,2026-08-18T09:52:28.690283+00:00,2026-08-18T09:52:49.579981+00:00
33,107,Thiago,4,FWD,59,1.4396,1.7926,0.45,0.154,0.4308,0.0032,1,0,0,0,2026-08-18T09:52:28.690283+00:00,2026-08-18T09:52:49.579981+00:00
33,108,Toney,4,FWD,73,0,0,0.0,0.0,0.0,0,1,0,0,0,2026-08-18T09:52:28.690283+00:00,2026-08-18T09:52:49.579981+00:00
33,109,Valdimarsson,4,GKP,39,0.1828,0.8448,0.04,0.0384,0.0403,0.0,1,0,0,0,2026-08-18T09:52:28.690283+00:00,2026-08-18T09:52:49.579981+00:00
33,110,Wissa,4,FWD,65,4.4656,3.5753,0.82,0.0324,0.7652,0.1,1,11,90,1,2026-08-18T09:52:28.690283+00:00,2026-08-18T09:52:49.579981+00:00
33,111,Yarmoliuk,4,MID,43,1.2536,1.5466,0.48,0.1144,0.4556,0.0024,1,2,75,1,2026-08-18T09:52:28.690283+00:00,2026-08-18T09:52:49.579981+00:00
33,112,Zanka,4,DEF,45,0,0,0.0,0.0,0.0,0,1,0,0,0,2026-08-18T09:52:28.690283+00:00,2026-08-18T09:52:49.579981+00:00
33,314,Carvalho,4,MID,45,0,0,0.0,0.0,0.0,0,1,0,0,0,2026-08-18T09:52:28.690283+00:00,2026-08-18T09:52:49.579981+00:00
33,338,Van den Berg,4,DEF,41,0.8728,1.8198,0.22,0.1404,0.2158,0.0048,1,1,90,1,2026-08-18T09:52:28.690283+00:00,2026-08-18T09:52:49.579981+00:00
33,602,Trevitt,4,MID,44,0,0,0.0,0.0,0.0,0,1,0,0,0,2026-08-18T09:52:28.690283+00:00,2026-08-18T09:52:49.579981+00:00
33,634,G.Nunes,4,MID,49,0.7276,1.3211,0.18,0.1804,0.1818,0.0012,1,1,1,0,2026-08-18T09:52:28.690283+00:00,2026-08-18T09:52:49.579981+00:00
33,649,Meghoma,4,DEF,40,0,0,0.0,0.0,0.0,0,1,0,0,0,2026-08-18T09:52:28.690283+00:00,2026-08-18T09:52:49.579981+00:00
33,661,Yogane,4,MID,45,0,0,0.0,0.0,0.0,0,1,0,0,0,2026-08-18T09:52:28.690283+00:00,2026-08-18T09:52:49.579981+00:00
33,674,Maghoma,4,MID,45,0.456,0.9535,0.1,0.198,0.1088,0.0004,1,0,0,0,2026-08-18T09:52:28.690283+00:00,2026-08-18T09:52:49.579981+00:00
33,705,Arthur,4,DEF,40,0.5148,1.2687,0.1,0.198,0.1088,0.0016,1,0,0,0,2026-08-18T09:52:28.690283+00:00,2026-08-18T09:52:49.579981+00:00
33,752,Frank,4,MID,8,0.5056,1.0127,0.1,0.198,0.1088,0.0004,1,10,0,0,2026-08-18T09:52:28.690283+00:00,2026-08-18T09:52:49.579981+00:00
33,757,Kayode,4,DEF,45,0.512,1.2381,0.1,0.198,0.1088,0.0012,1,1,65,1,2026-08-18T09:52:28.690283+00:00,2026-08-18T09:52:49.579981+00:00
33,759,Eyestone,4,GKP,40,0.1624,0.785,0.04,0.0384,0.0403,0.0,1,0,0,0,2026-08-18T09:52:28.690283+00:00,2026-08-18T09:52:49.579981+00:00
33,780,Morgan,4,FWD,45,0.482,0.971,0.1,0.198,0.1088,0.0008,1,0,0,0,2026-08-18T09:52:28.690283+00:00,2026-08-18T09:52:49.579981+00:00
33,786,Benjamin Fredrick,4,DEF,40,0.5304,1.2516,0.1,0.198,0.1088,0.0,1,0,0,0,2026-08-18T09:52:28.690283+00:00,2026-08-18T09:52:49.579981+00:00
33,113,Adingra,5,MID,51,1.7272,2.1336,0.48,0.1144,0.4556,0.01,1,1,1,0,2026-08-18T09:52:28.690283+00:00,2026-08-18T09:52:49.579981+00:00
33,114,Baker-Boaitey,5,MID,45,0,0,0.0,0.0,0.0,0,1,0,0,0,2026-08-18T09:52:28.690283+00:00,2026-08-18T09:52:49.579981+00:00
33,115,Baleba,5,MID,50,2.3316,1.9988,0.82,0.0324,0.7652,0.0072,1,2,76,1,2026-08-18T09:52:28.690283+00:00,2026-08-18T09:52:49.579981+00:00
33,116,Barco,5,DEF,40,0,0,0.0,0.0,0.0,0,1,0,0,0,2026-08-18T09:52:28.690283+00:00,2026-08-18T09:52:49.579981+00:00
33,118,Cozier-Duberry,5,MID,45,0,0,0.0,0.0,0.0,0,1,0,0,0,2026-08-18T09:52:28.690283+00:00,2026-08-18T09:52:49.579981+00:00
33,119,Dahoud,5,MID,49,0,0,0.0,0.0,0.0,0,1,0,0,0,2026-08-18T09:52:28.690283+00:00,2026-08-18T09:52:49.579981+00:00
33,120,Dunk,5,DEF,42,0.7116,1.5351,0.22,0.1404,0.2158,0.0028,1,0,90,1,2026-08-18T09:52:28.690283+00:00,2026-08-18T09:52:49.579981+00:00
33,122,Estupiñan,5,DEF,49,2.1512,2.3935,0.68,0.0576,0.637,0.0076,1,-1,90,1,2026-08-18T09:52:28.690283+00:00,2026-08-18T09:52:49.579981+00:00
33,124,Gilmour,5,MID,50,0,0,0.0,0.0,0.0,0,1,0,0,0,2026-08-18T09:52:28.690283+00:00,2026-08-18T09:52:49.579981+00:00
33,125,Gross,5,MID,65,0,0,0.0,0.0,0.0,0,1,0,0,0,2026-08-18T09:52:28.690283+00:00,2026-08-18T09:52:49.579981+00:00
33,126,Hinshelwood,5,MID,49,2.0628,1.9044,0.68,0.0576,0.637,0.004,1,5,90,1,2026-08-18T09:52:28.690283+00:00,2026-08-18T09:52:49.579981+00:00
33,127,I.Osman,5,MID,50,0,0,0.0,0.0,0.0,0,1,0,0,0,2026-08-18T09:52:28.690283+00:00,2026-08-18T09:52:49.579981+00:00
33,128,Igor,5,DEF,43,0.6808,1.371,0.22,0.1716,0.2183,0.0008,1,0,0,0,2026-08-18T09:52:28.690283+00:00,2026-08-18T09:52:49.579981+00:00
33,129,João Pedro,5,FWD,56,3.1448,3.0803,0.68,0.0576,0.637,0.0424,1,-1,60,1,2026-08-18T09:52:28.690283+00:00,2026-08-18T09:52:49.579981+00:00
33,130,Kozlowski,5,MID,45,0,0,0.0,0.0,0.0,0,1,0,0,0,2026-08-18T09:52:28.690283+00:00,2026-08-18T09:52:49.579981+00:00
33,131,Lamptey,5,DEF,44,0.5104,1.1826,0.11,0.1958,0.118,0.0008,1,0,0,0,2026-08-18T09:52:28.690283+00:00,2026-08-18T09:52:49.579981+00:00
33,132,March,5,MID,65,0,0,0.0,0.0,0.0,0,1,1,25,0,2026-08-18T09:52:28.690283+00:00,2026-08-18T09:52:49.579981+00:00
33,133,Mazilu,5,MID,45,0,0,0.0,0.0,0.0,0,1,0,0,0,2026-08-18T09:52:28.690283+00:00,2026-08-18T09:52:49.579981+00:00
33,134,Milner,5,MID,50,0.9244,1.4123,0.28,0.1584,0.2731,0.0012,1,0,0,0,2026-08-18T09:52:28.690283+00:00,2026-08-18T09:52:49.579981+00:00
33,135,Minteh,5,MID,49,1.9184,2.5047,0.48,0.1144,0.4556,0.0164,1,2,64,1,2026-08-18T09:52:28.690283+00:00,2026-08-18T09:52:49.579981+00:00
33,136,Mitoma,5,MID,64,3.4352,2.8443,0.82,0.0324,0.7652,0.0384,1,6,25,0,2026-08-18T09:52:28.690283+00:00,2026-08-18T09:52:49.579981+00:00
33,137,Moder,5,MID,44,0,0,0.0,0.0,0.0,0,1,0,0,0,2026-08-18T09:52:28.690283+00:00,2026-08-18T09:52:49.579981+00:00
33,138,O’Mahony,5,FWD,45,0,0,0.0,0.0,0.0,0,1,0,0,0,2026-08-18T09:52:28.690283+00:00,2026-08-18T09:52:49.579981+00:00
33,139,Offiah,5,DEF,40,0,0,0.0,0.0,0.0,0,1,0,0,0,2026-08-18T09:52:28.690283+00:00,2026-08-18T09:52:49.579981+00:00
33,140,Peupion,5,MID,44,0,0,0.0,0.0,0.0,0,1,0,0,0,2026-08-18T09:52:28.690283+00:00,2026-08-18T09:52:49.579981+00:00
33,141,Sarmiento,5,MID,49,0,0,0.0,0.0,0.0,0,1,0,0,0,2026-08-18T09:52:28.690283+00:00,2026-08-18T09:52:49.579981+00:00
33,142,Steele,5,GKP,40,0.1008,0.5567,0.02,0.0392,0.0217,0.0,1,0,0,0,2026-08-18T09:52:28.690283+00:00,2026-08-18T09:52:49.579981+00:00
33,143,Undav,5,FWD,55,0,0,0.0,0.0,0.0,0,1,0,0,0,2026-08-18T09:52:28.690283+00:00,2026-08-18T09:52:49.579981+00:00
33,144,Van Hecke,5,DEF,45,0.8088,1.6059,0.22,0.1404,0.2158,0.0012,1,-1,90,1,2026-08-18T09:52:28.690283+00:00,2026-08-18T09:52:49.579981+00:00
33,145,Veltman,5,DEF,43,0.794,1.5977,0.22,0.1404,0.2158,0.0012,1,0,0,0,2026-08-18T09:52:28.690283+00:00,2026-08-18T09:52:49.579981+00:00
33,146,Verbruggen,5,GKP,46,2.6976,2.0759,0.9,0.008,0.8376,0.0,1,1,90,1,2026-08-18T09:52:28.690283+00:00,2026-08-18T09:52:49.579981+00:00
33,147,Webster,5,DEF,43,0.78,1.4712,0.22,0.1716,0.2183,0.0004,1,0,0,0,2026-08-18T09:52:28.690283+00:00,2026-08-18T09:52:49.579981+00:00
33,148,Welbeck,5,FWD,55,2.9652,2.8774,0.68,0.0576,0.637,0.0352,1,5,76,1,2026-08-18T09:52:28.690283+00:00,2026-08-18T09:52:49.579981+00:00
33,149,Wieffer,5,MID,47,0.962,1.5186,0.28,0.1584,0.2731,0.0004,1,6,88,1,2026-08-18T09:52:28.690283+00:00,2026-08-18T09:52:49.579981+00:00
33,595,Gruda,5,MID,54,0.9848,1.5641,0.28,0.1584,0.2731,0.0032,1,0,0,0,2026-08-18T09:52:28.690283+00:00,2026-08-18T09:52:49.579981+00:00
33,600,Ayari,5,MID,50,2.0192,2.0017,0.68,0.0576,0.637,0.0104,1,1,13,0,2026-08-18T09:52:28.690283+00:00,2026-08-18T09:52:49.579981+00:00
33,601,Moran,5,MID,50,0,0,0.0,0.0,0.0,0,1,0,0,0,2026-08-18T09:52:28.690283+00:00,2026-08-18T09:52:49.579981+00:00
33,615,Rushworth,5,GKP,39,0.1424,0.6852,0.04,0.0384,0.0403,0.0,1,0,0,0,2026-08-18T09:52:28.690283+00:00,2026-08-18T09:52:49.579981+00:00
33,618,Georginio,5,MID,50,0,0,0.0,0.0,0.0,0,1,0,0,0,2026-08-18T09:52:28.690283+00:00,2026-08-18T09:52:49.579981+00:00
33,628,F.Kadıoğlu,5,DEF,44,0,0,0.0,0.0,0.0,0,1,0,0,0,2026-08-18T09:52:28.690283+00:00,2026-08-18T09:52:49.579981+00:00
33,629,O'Riley,5,MID,55,1.1748,1.867,0.28,0.2016,0.2765,0.004,1,2,64,1,2026-08-18T09:52:28.690283+00:00,2026-08-18T09:52:49.579981+00:00
33,663,Samuels,5,DEF,40,0,0,0.0,0.0,0.0,0,1,0,0,0,2026-08-18T09:52:28.690283+00:00,2026-08-18T09:52:49.579981+00:00
33,668,Cahill,5,GKP,39,0.1604,0.7159,0.04,0.0384,0.0403,0.0,1,0,0,0,2026-08-18T09:52:28.690283+00:00,2026-08-18T09:52:49.579981+00:00
33,681,McConville,5,DEF,40,0,0,0.0,0.0,0.0,0,1,0,0,0,2026-08-18T09:52:28.690283+00:00,2026-08-18T09:52:49.579981+00:00
33,685,Slater,5,DEF,40,0.4544,1.082,0.1,0.198,0.1088,0.0,1,0,0,0,2026-08-18T09:52:28.690283+00:00,2026-08-18T09:52:49.579981+00:00
33,714,Gómez,5,MID,55,0.9904,1.498,0.28,0.2016,0.2765,0.002,1,1,13,0,2026-08-18T09:52:28.690283+00:00,2026-08-18T09:52:49.579981+00:00
33,739,Hürzeler,5,MID,11,0.448,0.8866,0.1,0.198,0.1088,0.0,1,2,0,0,2026-08-18T09:52:28.690283+00:00,2026-08-18T09:52:49.579981+00:00
33,758,Knight,5,MID,45,0.4404,0.9004,0.1,0.198,0.1088,0.0,1,0,0,0,2026-08-18T09:52:28.690283+00:00,2026-08-18T09:52:49.579981+00:00
33,763,Cashin,5,DEF,45,0.4984,1.1697,0.1,0.198,0.1088,0.0004,1,1,1,0,2026-08-18T09:52:28.690283+00:00,2026-08-18T09:52:49.579981+00:00
33,791,Charlie Tasker,5,DEF,40,0.4528,1.082,0.1,0.198,0.1088,0.0004,1,0,0,0,2026-08-18T09:52:28.690283+00:00,2026-08-18T09:52:49.579981+00:00
33,794,Freddie Simmonds,5,DEF,40,0.5072,1.1618,0.1,0.198,0.1088,0.0004,1,0,0,0,2026-08-18T09:52:28.690283+00:00,2026-08-18T09:52:49.579981+00:00
33,795,Harry Howell,5,MID,45,0.4372,0.8904,0.1,0.198,0.1088,0.0,1,0,0,0,2026-08-18T09:52:28.690283+00:00,2026-08-18T09:52:49.579981+00:00
33,150,Andrey Santos,6,MID,45,0,0,0.0,0.0,0.0,0,1,0,0,0,2026-08-18T09:52:28.690283+00:00,2026-08-18T09:52:49.579981+00:00
33,151,Ângelo,6,MID,45,0,0,0.0,0.0,0.0,0,1,0,0,0,2026-08-18T09:52:28.690283+00:00,2026-08-18T09:52:49.579981+00:00
33,153,B.Badiashile,6,DEF,42,0.7768,1.4821,0.22,0.1716,0.2183,0.0016,1,0,0,0,2026-08-18T09:52:28.690283+00:00,2026-08-18T09:52:49.579981+00:00
33,154,Bergström,6,GKP,39,0.154,0.7217,0.04,0.0384,0.0403,0.0,1,0,0,0,2026-08-18T09:52:28.690283+00:00,2026-08-18T09:52:49.579981+00:00
33,155,Bettinelli,6,GKP,39,0.1488,0.6972,0.04,0.0384,0.0403,0.0,1,0,0,0,2026-08-18T09:52:28.690283+00:00,2026-08-18T09:52:49.579981+00:00
33,157,Caicedo,6,MID,49,2.1908,1.3931,0.9,0.018,0.8384,0.0016,1,1,90,1,2026-08-18T09:52:28.690283+00:00,2026-08-18T09:52:49.579981+00:00
33,158,Casadei,6,MID,44,0,0,0.0,0.0,0.0,0,1,0,0,0,2026-08-18T09:52:28.690283+00:00,2026-08-18T09:52:49.579981+00:00
33,159,Chalobah,6,DEF,44,0.8852,1.803,0.22,0.1404,0.2158,0.0024,1,2,90,1,2026-08-18T09:52:28.690283+00:00,2026-08-18T09:52:49.579981+00:00
33,161,Chukwuemeka,6,MID,47,0,0,0.0,0.0,0.0,0,1,0,0,0,2026-08-18T09:52:28.690283+00:00,2026-08-18T09:52:49.579981+00:00
33,162,Colwill,6,DEF,44,0.754,1.5391,0.22,0.1404,0.2158,0.002,1,1,90,1,2026-08-18T09:52:28.690283+00:00,2026-08-18T09:52:49.579981+00:00
33,163,Cucurella,6,DEF,54,2.6204,2.6356,0.82,0.0324,0.7652,0.0192,1,1,90,1,2026-08-18T09:52:28.690283+00:00,2026-08-18T09:52:49.579981+00:00
33,164,D.D.Fofana,6,FWD,54,0,0,0.0,0.0,0.0,0,1,0,0,0,2026-08-18T09:52:28.690283+00:00,2026-08-18T09:52:49.579981+00:00
33,165,Deivid,6,FWD,49,0,0,0.0,0.0,0.0,0,1,0,0,0,2026-08-18T09:52:28.690283+00:00,2026-08-18T09:52:49.579981+00:00
33,166,Dewsbury-Hall,6,MID,55,1.3932,1.6491,0.45,0.154,0.4308,0.0012,1,0,0,0,2026-08-18T09:52:28.690283+00:00,2026-08-18T09:52:49.579981+00:00
33,168,Enzo,6,MID,47,3.1172,2.6659,0.82,0.0324,0.7652,0.0264,1,5,90,1,2026-08-18T09:52:28.690283+00:00,2026-08-18T09:52:49.579981+00:00
33,169,Gallagher,6,MID,59,0,0,0.0,0.0,0.0,0,1,0,0,0,2026-08-18T09:52:28.690283+00:00,2026-08-18T09:52:49.579981+00:00
33,170,Gilchrist,6,DEF,40,0,0,0.0,0.0,0.0,0,1,0,0,0,2026-08-18T09:52:28.690283+00:00,2026-08-18T09:52:49.579981+00:00
33,171,Gusto,6,DEF,49,2.0736,2.4606,0.68,0.0576,0.637,0.0116,1,1,43,0,2026-08-18T09:52:28.690283+00:00,2026-08-18T09:52:49.579981+00:00
33,172,James,6,DEF,48,1.6532,2.1815,0.48,0.1144,0.4556,0.0056,1,1,45,1,2026-08-18T09:52:28.690283+00:00,2026-08-18T09:52:49.579981+00:00
33,173,Kellyman,6,MID,43,0,0,0.0,0.0,0.0,0,1,0,0,0,2026-08-18T09:52:28.690283+00:00,2026-08-18T09:52:49.579981+00:00
33,174,Lavia,6,MID,45,1.1164,1.2682,0.48,0.1144,0.4556,0.0008,1,0,0,0,2026-08-18T09:52:28.690283+00:00,2026-08-18T09:52:49.579981+00:00
33,175,Lukaku,6,FWD,63,0,0,0.0,0.0,0.0,0,1,0,0,0,2026-08-18T09:52:28.690283+00:00,2026-08-18T09:52:49.579981+00:00
33,176,M.Sarr,6,DEF,45,0,0,0.0,0.0,0.0,0,1,0,0,0,2026-08-18T09:52:28.690283+00:00,2026-08-18T09:52:49.579981+00:00
33,177,Madueke,6,MID,60,3.4104,3.4753,0.68,0.0576,0.637,0.0576,1,1,45,1,2026-08-18T09:52:28.690283+00:00,2026-08-18T09:52:49.579981+00:00
33,178,Marc Guiu,6,FWD,47,0.6656,1.1475,0.18,0.1804,0.1818,0.0004,1,0,0,0,2026-08-18T09:52:28.690283+00:00,2026-08-18T09:52:49.579981+00:00
33,179,Mudryk,6,MID,61,0,0,0.0,0.0,0.0,0,1,0,0,0,2026-08-18T09:52:28.690283+00:00,2026-08-18T09:52:49.579981+00:00
33,180,N.Jackson,6,FWD,77,0,0,0.0,0.0,0.0,0,1,2,77,1,2026-08-18T09:52:28.690283+00:00,2026-08-18T09:52:49.579981+00:00
33,181,Nkunku,6,MID,57,2.1856,2.7425,0.48,0.1456,0.458,0.0212,1,0,0,0,2026-08-18T09:52:28.690283+00:00,2026-08-18T09:52:49.579981+00:00
33,182,Palmer,6,MID,106,4.858,4.1566,0.82,0.0324,0.7652,0.1248,1,2,90,1,2026-08-18T09:52:28.690283+00:00,2026-08-18T09:52:49.579981+00:00
33,183,Petrović,6,GKP,44,0,0,0.0,0.0,0.0,0,1,0,0,0,2026-08-18T09:52:28.690283+00:00,2026-08-18T09:52:49.579981+00:00
33,184,Renato Veiga,6,MID,44,0,0,0.0,0.0,0.0,0,1,0,0,0,2026-08-18T09:52:28.690283+00:00,2026-08-18T09:52:49.579981+00:00
33,185,Sánchez,6,GKP,45,2.9732,2.135,0.9,0.004,0.8373,0.0016,1,2,90,1,2026-08-18T09:52:28.690283+00:00,2026-08-18T09:52:49.579981+00:00
33,187,Tosin,6,DEF,42,0.8676,1.6807,0.22,0.1716,0.2183,0.0028,1,1,1,0,2026-08-18T09:52:28.690283+00:00,2026-08-18T09:52:49.579981+00:00
33,189,W.Fofana,6,DEF,43,0,0,0.0,0.0,0.0,0,1,0,0,0,2026-08-18T09:52:28.690283+00:00,2026-08-18T09:52:49.579981+00:00
33,386,Sancho,6,MID,62,2.2876,2.1002,0.68,0.0576,0.637,0.008,1,1,45,1,2026-08-18T09:52:28.690283+00:00,2026-08-18T09:52:49.579981+00:00
33,560,Neto,6,MID,61,2.3052,2.3488,0.68,0.0576,0.637,0.0132,1,10,90,1,2026-08-18T09:52:28.690283+00:00,2026-08-18T09:52:49.579981+00:00
33,575,Wiley,6,DEF,40,0,0,0.0,0.0,0.0,0,1,0,0,0,2026-08-18T09:52:28.690283+00:00,2026-08-18T09:52:49.579981+00:00
33,581,Jørgensen,6,GKP,42,0.1952,0.8103,0.04,0.0384,0.0403,0.0,1,0,0,0,2026-08-18T09:52:28.690283+00:00,2026-08-18T09:52:49.579981+00:00
33,621,João Félix,6,MID,59,0,0,0.0,0.0,0.0,0,1,0,0,0,2026-08-18T09:52:28.690283+00:00,2026-08-18T09:52:49.579981+00:00
33,695,Rak-Sakyi,6,MID,45,0.438,0.9109,0.1,0.198,0.1088,0.0008,1,0,0,0,2026-08-18T09:52:28.690283+00:00,2026-08-18T09:52:49.579981+00:00
33,696,George,6,MID,45,0.4852,1.0134,0.1,0.198,0.1088,0.0004,1,6,12,0,2026-08-18T09:52:28.690283+00:00,2026-08-18T09:52:49.579981+00:00
33,697,Acheampong,6,DEF,40,0.4488,1.0684,0.1,0.198,0.1088,0.0,1,0,0,0,2026-08-18T09:52:28.690283+00:00,2026-08-18T09:52:49.579981+00:00
33,740,Maresca,6,MID,15,0.4492,0.8839,0.1,0.198,0.1088,0.0,1,8,0,0,2026-08-18T09:52:28.690283+00:00,2026-08-18T09:52:49.579981+00:00
33,771,Amougou,6,MID,45,0.4528,0.9688,0.1,0.198,0.1088,0.0,1,0,0,0,2026-08-18T09:52:28.690283+00:00,2026-08-18T09:52:49.579981+00:00
33,774,Anselmino,6,DEF,40,0.5068,1.151,0.1,0.198,0.1088,0.0,1,0,0,0,2026-08-18T09:52:28.690283+00:00,2026-08-18T09:52:49.579981+00:00
33,781,Mheuka,6,FWD,45,0.4228,0.8595,0.1,0.198,0.1088,0.0004,1,0,0,0,2026-08-18T09:52:28.690283+00:00,2026-08-18T09:52:49.579981+00:00
33,782,Samuels-Smith,6,DEF,40,0.504,1.1476,0.1,0.198,0.1088,0.0004,1,0,0,0,2026-08-18T09:52:28.690283+00:00,2026-08-18T09:52:49.579981+00:00
33,787,Genesis Antwi,6,DEF,40,0.458,1.0774,0.1,0.198,0.1088,0.0,1,0,0,0,2026-08-18T09:52:28.690283+00:00,2026-08-18T09:52:49.579981+00:00
33,11,Nketiah,7,FWD,59,2.2132,2.7143,0.28,0.2016,0.2765,0.0292,2,2,79,1,2026-08-18T09:52:28.690283+00:00,2026-08-18T09:52:49.579981+00:00
33,160,Chilwell,7,DEF,46,0.93,1.6079,0.09,0.2002,0.0997,0.0028,2,0,0,0,2026-08-18T09:52:28.690283+00:00,2026-08-18T09:52:49.579981+00:00
33,190,Ahamada,7,MID,45,0,0,0.0,0.0,0.0,0,2,0,0,0,2026-08-18T09:52:28.690283+00:00,2026-08-18T09:52:49.579981+00:00
33,193,C.Doucouré,7,MID,48,0,0,0.0,0.0,0.0,0,2,0,0,0,2026-08-18T09:52:28.690283+00:00,2026-08-18T09:52:49.579981+00:00
33,194,C.Richards,7,DEF,44,1.7168,2.6157,0.22,0.1404,0.2158,0.018,2,0,0,0,2026-08-18T09:52:28.690283+00:00,2026-08-18T09:52:49.579981+00:00
33,195,Chadi Riad,7,DEF,43,0,0,0.0,0.0,0.0,0,2,0,0,0,2026-08-18T09:52:28.690283+00:00,2026-08-18T09:52:49.579981+00:00
33,196,Clyne,7,DEF,43,0.9828,1.6775,0.11,0.1958,0.118,0.0044,2,0,0,0,2026-08-18T09:52:28.690283+00:00,2026-08-18T09:52:49.579981+00:00
33,197,Ebiowei,7,MID,45,0,0,0.0,0.0,0.0,0,2,0,0,0,2026-08-18T09:52:28.690283+00:00,2026-08-18T09:52:49.579981+00:00
33,199,Eze,7,MID,69,7.504,4.5645,0.82,0.0324,0.7652,0.2996,2,9,62,1,2026-08-18T09:52:28.690283+00:00,2026-08-18T09:52:49.579981+00:00
33,200,Guéhi,7,DEF,47,0,0,0.0,0.0,0.0,0,2,1,90,1,2026-08-18T09:52:28.690283+00:00,2026-08-18T09:52:49.579981+00:00
33,201,Henderson,7,GKP,46,5.9396,3.062,0.9,0.008,0.8376,0.1332,2,1,90,1,2026-08-18T09:52:28.690283+00:00,2026-08-18T09:52:49.579981+00:00
33,202,Holding,7,DEF,42,0,0,0.0,0.0,0.0,0,2,0,0,0,2026-08-18T09:52:28.690283+00:00,2026-08-18T09:52:49.579981+00:00
33,203,Hughes,7,MID,49,3.714,2.5757,0.68,0.0576,0.637,0.0308,2,1,27,0,2026-08-18T09:52:28.690283+00:00,2026-08-18T09:52:49.579981+00:00
33,205,Kamada,7,MID,51,2.8144,2.4492,0.48,0.1144,0.4556,0.0228,2,2,90,1,2026-08-18T09:52:28.690283+00:00,2026-08-18T09:52:49.579981+00:00
33,206,Lerma,7,MID,48,3.6268,2.368,0.68,0.0576,0.637,0.0228,2,2,90,1,2026-08-18T09:52:28.690283+00:00,2026-08-18T09:52:49.579981+00:00
33,207,Mateta,7,FWD,78,8.0968,4.499,0.82,0.0324,0.7652,0.3452,2,8,10,0,2026-08-18T09:52:28.690283+00:00,2026-08-18T09:52:49.579981+00:00
33,208,M.França,7,MID,44,0.8912,1.3136,0.1,0.198,0.1088,0.0004,2,0,0,0,2026-08-18T09:52:28.690283+00:00,2026-08-18T09:52:49.579981+00:00
33,209,Matthews,7,GKP,39,0.3568,1.1411,0.04,0.0384,0.0403,0.0004,2,0,0,0,2026-08-18T09:52:28.690283+00:00,2026-08-18T09:52:49.579981+00:00
33,210,Mitchell,7,DEF,48,6.1352,3.6026,0.9,0.018,0.8384,0.1648,2,1,90,1,2026-08-18T09:52:28.690283+00:00,2026-08-18T09:52:49.579981+00:00
33,211,Muñoz,7,DEF,53,6.1984,4.4817,0.82,0.0324,0.7652,0.1996,2,1,90,1,2026-08-18T09:52:28.690283+00:00,2026-08-18T09:52:49.579981+00:00
33,212,Ozoh,7,MID,45,0,0,0.0,0.0,0.0,0,2,0,0,0,2026-08-18T09:52:28.690283+00:00,2026-08-18T09:52:49.579981+00:00
33,213,Rak-Sakyi,7,MID,45,0,0,0.0,0.0,0.0,0,2,0,0,0,2026-08-18T09:52:28.690283+00:00,2026-08-18T09:52:49.579981+00:00
33,214,Schlupp,7,MID,46,0,0,0.0,0.0,0.0,0,2,0,0,0,2026-08-18T09:52:28.690283+00:00,2026-08-18T09:52:49.579981+00:00
33,215,Ward,7,DEF,43,0.962,1.6319,0.1,0.198,0.1088,0.0016,2,0,0,0,2026-08-18T09:52:28.690283+00:00,2026-08-18T09:52:49.579981+00:00
33,216,Wharton,7,MID,47,0,0,0.0,0.0,0.0,0,2,5,62,1,2026-08-18T09:52:28.690283+00:00,2026-08-18T09:52:49.579981+00:00
33,445,Turner,7,GKP,39,0.348,1.158,0.04,0.0384,0.0403,0.0,2,0,0,0,2026-08-18T09:52:28.690283+00:00,2026-08-18T09:52:49.579981+00:00
33,585,I.Sarr,7,MID,58,8.1244,4.7867,0.82,0.0324,0.7652,0.3464,2,1,27,0,2026-08-18T09:52:28.690283+00:00,2026-08-18T09:52:49.579981+00:00
33,644,Umeh-Chibueze,7,MID,44,0.9404,1.3416,0.1,0.198,0.1088,0.0004,2,0,0,0,2026-08-18T09:52:28.690283+00:00,2026-08-18T09:52:49.579981+00:00
33,645,Devenny,7,MID,45,1.8412,1.933,0.28,0.1584,0.2731,0.0044,2,1,79,1,2026-08-18T09:52:28.690283+00:00,2026-08-18T09:52:49.579981+00:00
33,646,Agbinone,7,MID,45,0,0,0.0,0.0,0.0,0,2,0,0,0,2026-08-18T09:52:28.690283+00:00,2026-08-18T09:52:49.579981+00:00
33,647,Rodney,7,MID,45,0.9648,1.4018,0.1,0.198,0.1088,0.002,2,0,0,0,2026-08-18T09:52:28.690283+00:00,2026-08-18T09:52:49.579981+00:00
33,650,Lacroix,7,DEF,45,1.8924,2.7552,0.22,0.1404,0.2158,0.024,2,1,90,1,2026-08-18T09:52:28.690283+00:00,2026-08-18T09:52:49.579981+00:00
33,666,Kporha,7,DEF,40,0.9696,1.6705,0.1,0.198,0.1088,0.004,2,0,0,0,2026-08-18T09:52:28.690283+00:00,2026-08-18T09:52:49.579981+00:00
33,676,Marsh,7,FWD,45,0.94,1.3695,0.1,0.198,0.1088,0.002,2,0,0,0,2026-08-18T09:52:28.690283+00:00,2026-08-18T09:52:49.579981+00:00
33,730,Esse,7,MID,47,1.4096,1.7613,0.18,0.1804,0.1818,0.0044,2,1,10,0,2026-08-18T09:52:28.690283+00:00,2026-08-18T09:52:49.579981+00:00
33,741,Glasner,7,MID,8,0.932,1.3218,0.1,0.198,0.1088,0.0008,2,10,0,0,2026-08-18T09:52:28.690283+00:00,2026-08-18T09:52:49.579981+00:00
33,156,Broja,8,FWD,53,0.8916,1.3769,0.28,0.1584,0.2731,0.0008,1,2,62,1,2026-08-18T09:52:28.690283+00:00,2026-08-18T09:52:49.579981+00:00
33,217,A.Doucoure,8,MID,51,2.8748,2.3273,0.82,0.0324,0.7652,0.0132,1,2,90,1,2026-08-18T09:52:28.690283+00:00,2026-08-18T09:52:49.579981+00:00
33,218,Beto,8,FWD,48,2.0112,2.5663,0.48,0.1144,0.4556,0.0176,1,1,27,0,2026-08-18T09:52:28.690283+00:00,2026-08-18T09:52:49.579981+00:00
33,219,Branthwaite,8,DEF,48,0,0,0.0,0.0,0.0,0,1,1,90,1,2026-08-18T09:52:28.690283+00:00,2026-08-18T09:52:49.579981+00:00
33,220,Calvert-Lewin,8,FWD,54,2.5108,2.5805,0.68,0.0576,0.637,0.0304,1,0,0,0,2026-08-18T09:52:28.690283+00:00,2026-08-18T09:52:49.579981+00:00
33,221,Coleman,8,DEF,43,0,0,0.0,0.0,0.0,0,1,0,0,0,2026-08-18T09:52:28.690283+00:00,2026-08-18T09:52:49.579981+00:00
33,222,Gana,8,MID,48,2.352,1.7357,0.82,0.0324,0.7652,0.0036,1,2,78,1,2026-08-18T09:52:28.690283+00:00,2026-08-18T09:52:49.579981+00:00
33,223,Garner,8,MID,49,1.3532,1.5907,0.48,0.1144,0.4556,0.0016,1,2,90,1,2026-08-18T09:52:28.690283+00:00,2026-08-18T09:52:49.579981+00:00
33,224,Harrison,8,MID,52,2.7848,2.7558,0.68,0.0576,0.637,0.0272,1,3,78,1,2026-08-18T09:52:28.690283+00:00,2026-08-18T09:52:49.579981+00:00
33,225,Holgate,8,DEF,40,0,0,0.0,0.0,0.0,0,1,0,0,0,2026-08-18T09:52:28.690283+00:00,2026-08-18T09:52:49.579981+00:00
33,226,Iroegbunam,8,MID,43,0,0,0.0,0.0,0.0,0,1,0,11,0,2026-08-18T09:52:28.690283+00:00,2026-08-18T09:52:49.579981+00:00
33,227,J.Virginia,8,GKP,39,0.1676,0.8225,0.04,0.0384,0.0403,0.0,1,0,0,0,2026-08-18T09:52:28.690283+00:00,2026-08-18T09:52:49.579981+00:00
33,228,Keane,8,DEF,38,0.8412,1.6988,0.22,0.1716,0.2183,0.0024,1,-1,38,0,2026-08-18T09:52:28.690283+00:00,2026-08-18T09:52:49.579981+00:00
33,229,Maupay,8,FWD,49,0,0,0.0,0.0,0.0,0,1,0,0,0,2026-08-18T09:52:28.690283+00:00,2026-08-18T09:52:49.579981+00:00
33,230,McNeil,8,MID,51,1.9636,2.3113,0.48,0.1144,0.4556,0.0072,1,1,11,0,2026-08-18T09:52:28.690283+00:00,2026-08-18T09:52:49.579981+00:00
33,231,Mykolenko,8,DEF,43,0.94,1.858,0.22,0.1404,0.2158,0.0032,1,1,90,1,2026-08-18T09:52:28.690283+00:00,2026-08-18T09:52:49.579981+00:00
33,232,Ndiaye,8,FWD,52,3.1364,2.4679,0.82,0.0324,0.7652,0.0212,1,2,78,1,2026-08-18T09:52:28.690283+00:00,2026-08-18T09:52:49.579981+00:00
33,234,Patterson,8,DEF,44,0.52,1.2266,0.1,0.198,0.1088,0.0004,1,0,0,0,2026-08-18T09:52:28.690283+00:00,2026-08-18T09:52:49.579981+00:00
33,235,Pickford,8,GKP,51,3.4612,2.3523,0.9,0.008,0.8376,0.0032,1,1,90,1,2026-08-18T09:52:28.690283+00:00,2026-08-18T09:52:49.579981+00:00
33,236,Tarkowski,8,DEF,49,0,0,0.0,0.0,0.0,0,1,1,51,1,2026-08-18T09:52:28.690283+00:00,2026-08-18T09:52:49.579981+00:00
33,237,Y. Chermiti,8,FWD,49,0.626,1.2137,0.18,0.1804,0.1818,0.0008,1,0,0,0,2026-08-18T09:52:28.690283+00:00,2026-08-18T09:52:49.579981+00:00
33,238,Young,8,DEF,43,0.8948,1.829,0.22,0.1404,0.2158,0.0036,1,0,0,0,2026-08-18T09:52:28.690283+00:00,2026-08-18T09:52:49.579981+00:00
33,450,Alcaraz,8,MID,48,1.02,1.6092,0.28,0.1584,0.2731,0.002,1,1,11,0,2026-08-18T09:52:28.690283+00:00,2026-08-18T09:52:49.579981+00:00
33,577,Lindstrøm,8,MID,50,0,0,0.0,0.0,0.0,0,1,0,0,0,2026-08-18T09:52:28.690283+00:00,2026-08-18T09:52:49.579981+00:00
33,582,O'Brien,8,DEF,45,0.976,1.8595,0.22,0.1716,0.2183,0.002,1,1,90,1,2026-08-18T09:52:28.690283+00:00,2026-08-18T09:52:49.579981+00:00
33,603,Armstrong,8,MID,44,0,0,0.0,0.0,0.0,0,1,0,0,0,2026-08-18T09:52:28.690283+00:00,2026-08-18T09:52:49.579981+00:00
33,614,Metcalfe,8,MID,45,0,0,0.0,0.0,0.0,0,1,0,0,0,2026-08-18T09:52:28.690283+00:00,2026-08-18T09:52:49.579981+00:00
33,624,Begovic,8,GKP,40,0.1876,0.7979,0.04,0.0384,0.0403,0.0,1,0,0,0,2026-08-18T09:52:28.690283+00:00,2026-08-18T09:52:49.579981+00:00
33,627,Dixon,8,DEF,40,0.466,1.1359,0.1,0.198,0.1088,0.0008,1,0,0,0,2026-08-18T09:52:28.690283+00:00,2026-08-18T09:52:49.579981+00:00
33,651,Mangala,8,MID,50,0,0,0.0,0.0,0.0,0,1,0,0,0,2026-08-18T09:52:28.690283+00:00,2026-08-18T09:52:49.579981+00:00
33,678,Bates,8,MID,45,0.4608,0.9457,0.1,0.198,0.1088,0.0004,1,0,0,0,2026-08-18T09:52:28.690283+00:00,2026-08-18T09:52:49.579981+00:00
33,724,Sherif,8,FWD,45,0.4356,0.8974,0.1,0.198,0.1088,0.0004,1,0,0,0,2026-08-18T09:52:28.690283+00:00,2026-08-18T09:52:49.579981+00:00
33,742,Moyes,8,MID,5,0.4732,0.9774,0.1,0.198,0.1088,0.0,1,0,0,0,2026-08-18T09:52:28.690283+00:00,2026-08-18T09:52:49.579981+00:00
33,773,Heath,8,MID,45,0.494,1.0587,0.1,0.198,0.1088,0.0004,1,0,0,0,2026-08-18T09:52:28.690283+00:00,2026-08-18T09:52:49.579981+00:00
33,775,Coby Ebere,8,MID,45,0.458,0.9503,0.1,0.198,0.1088,0.0004,1,0,0,0,2026-08-18T09:52:28.690283+00:00,2026-08-18T09:52:49.579981+00:00
33,803,Welch,8,DEF,40,0.4652,1.133,0.1,0.198,0.1088,0.0004,1,,,,2026-08-18T09:52:28.690283+00:00,
33,10,Nelson,9,MID,50,0,0,0.0,0.0,0.0,0,1,0,0,0,2026-08-18T09:52:28.690283+00:00,2026-08-18T09:52:49.579981+00:00
33,19,Smith Rowe,9,MID,51,2.9576,2.9025,0.68,0.0576,0.637,0.0296,1,0,0,0,2026-08-18T09:52:28.690283+00:00,2026-08-18T09:52:49.579981+00:00
33,191,Andersen,9,DEF,42,0.7956,1.6106,0.22,0.1404,0.2158,0.0024,1,1,90,1,2026-08-18T09:52:28.690283+00:00,2026-08-18T09:52:49.579981+00:00
33,239,Adama,9,MID,45,3.1256,3.1785,0.68,0.0576,0.637,0.0456,1,1,6,0,2026-08-18T09:52:28.690283+00:00,2026-08-18T09:52:49.579981+00:00
33,240,Andreas,9,MID,49,2.5456,2.6848,0.68,0.0576,0.637,0.0244,1,2,90,1,2026-08-18T09:52:28.690283+00:00,2026-08-18T09:52:49.579981+00:00
33,241,Bassey,9,DEF,45,0.7748,1.5438,0.22,0.1404,0.2158,0.0008,1,0,90,1,2026-08-18T09:52:28.690283+00:00,2026-08-18T09:52:49.579981+00:00
33,242,Benda,9,GKP,39,0.1852,0.8188,0.04,0.0384,0.0403,0.0004,1,0,0,0,2026-08-18T09:52:28.690283+00:00,2026-08-18T09:52:49.579981+00:00
33,243,Cairney,9,MID,48,0.8404,1.3481,0.28,0.1584,0.2731,0.0004,1,1,18,0,2026-08-18T09:52:28.690283+00:00,2026-08-18T09:52:49.579981+00:00
33,244,Castagne,9,DEF,42,0,0,0.0,0.0,0.0,0,1,0,12,0,2026-08-18T09:52:28.690283+00:00,2026-08-18T09:52:49.579981+00:00
33,245,Diop,9,DEF,43,0.8696,1.6705,0.22,0.1716,0.2183,0.0024,1,0,0,0,2026-08-18T09:52:28.690283+00:00,2026-08-18T09:52:49.579981+00:00
33,246,Harris,9,MID,45,0,0,0.0,0.0,0.0,0,1,0,0,0,2026-08-18T09:52:28.690283+00:00,2026-08-18T09:52:49.579981+00:00
33,247,Iwobi,9,MID,55,3.6484,2.856,0.82,0.0324,0.7652,0.0368,1,8,83,1,2026-08-18T09:52:28.690283+00:00,2026-08-18T09:52:49.579981+00:00
33,248,Leno,9,GKP,50,3.2336,2.2573,0.9,0.008,0.8376,0.0008,1,2,90,1,2026-08-18T09:52:28.690283+00:00,2026-08-18T09:52:49.579981+00:00
33,249,Lukić,9,MID,48,2.02,1.6299,0.82,0.0324,0.7652,0.0008,1,3,71,1,2026-08-18T09:52:28.690283+00:00,2026-08-18T09:52:49.579981+00:00
33,250,Mbabu,9,DEF,40,0,0,0.0,0.0,0.0,0,1,0,0,0,2026-08-18T09:52:28.690283+00:00,2026-08-18T09:52:49.579981+00:00
33,251,Muniz,9,FWD,55,0,0,0.0,0.0,0.0,0,1,0,0,0,2026-08-18T09:52:28.690283+00:00,2026-08-18T09:52:49.579981+00:00
33,252,Raúl,9,FWD,53,4.216,3.4271,0.82,0.0324,0.7652,0.0804,1,2,83,1,2026-08-18T09:52:28.690283+00:00,2026-08-18T09:52:49.579981+00:00
33,253,Ream,9,DEF,45,0,0,0.0,0.0,0.0,0,1,0,0,0,2026-08-18T09:52:28.690283+00:00,2026-08-18T09:52:49.579981+00:00
33,254,Reed,9,MID,47,0,0,0.0,0.0,0.0,0,1,0,0,0,2026-08-18T09:52:28.690283+00:00,2026-08-18T09:52:49.579981+00:00
33,255,Robinson,9,DEF,49,3.2188,2.6006,0.9,0.018,0.8384,0.0188,1,1,90,1,2026-08-18T09:52:28.690283+00:00,2026-08-18T09:52:49.579981+00:00
33,256,Stansfield,9,FWD,50,0,0,0.0,0.0,0.0,0,1,0,0,0,2026-08-18T09:52:28.690283+00:00,2026-08-18T09:52:49.579981+00:00
33,257,Tete,9,DEF,44,0.9272,1.8599,0.22,0.1716,0.2183,0.0052,1,6,77,1,2026-08-18T09:52:28.690283+00:00,2026-08-18T09:52:49.579981+00:00
33,258,Vinicius,9,FWD,50,0.6268,1.1907,0.18,0.1804,0.1818,0.0008,1,1,6,0,2026-08-18T09:52:28.690283+00:00,2026-08-18T09:52:49.579981+00:00
33,259,Wilson,9,MID,52,2.1472,2.6666,0.48,0.1144,0.4556,0.0204,1,1,11,0,2026-08-18T09:52:28.690283+00:00,2026-08-18T09:52:49.579981+00:00
33,579,Sessegnon,9,DEF,41,0.9744,1.9287,0.22,0.1716,0.2183,0.0072,1,11,78,1,2026-08-18T09:52:28.690283+00:00,2026-08-18T09:52:49.579981+00:00
33,586,J.Cuenca,9,DEF,44,0.876,1.6485,0.22,0.1716,0.2183,0.0008,1,0,0,0,2026-08-18T09:52:28.690283+00:00,2026-08-18T09:52:49.579981+00:00
33,604,King,9,MID,44,0.4876,1.0903,0.1,0.198,0.1088,0.0012,1,0,0,0,2026-08-18T09:52:28.690283+00:00,2026-08-18T09:52:49.579981+00:00
33,605,Godo,9,MID,44,0.4808,1.0042,0.1,0.198,0.1088,0.0004,1,0,0,0,2026-08-18T09:52:28.690283+00:00,2026-08-18T09:52:49.579981+00:00
33,622,Berge,9,MID,50,1.7636,1.3999,0.68,0.0576,0.637,0.0004,1,2,90,1,2026-08-18T09:52:28.690283+00:00,2026-08-18T09:52:49.579981+00:00
33,690,Amissah,9,DEF,40,0.516,1.2244,0.1,0.198,0.1088,0.0008,1,0,0,0,2026-08-18T09:52:28.690283+00:00,2026-08-18T09:52:49.579981+00:00
33,753,Silva,9,MID,11,0.4704,0.9516,0.1,0.198,0.1088,0.0,1,1,0,0,2026-08-18T09:52:28.690283+00:00,2026-08-18T09:52:49.579981+00:00
33,772,Willian,9,MID,50,0.6892,1.2855,0.18,0.1804,0.1818,0.0016,1,0,0,0,2026-08-18T09:52:28.690283+00:00,2026-08-18T09:52:49.579981+00:00
33,121,Enciso,10,MID,54,1.8876,2.4758,0.48,0.1144,0.4556,0.0116,1,1,45,1,2026-08-18T09:52:28.690283+00:00,2026-08-18T09:52:49.579981+00:00
33,260,Al-Hamadi,10,FWD,47,0,0,0.0,0.0,0.0,0,1,0,0,0,2026-08-18T09:52:28.690283+00:00,2026-08-18T09:52:49.579981+00:00
33,261,Baggott,10,DEF,40,0,0,0.0,0.0,0.0,0,1,0,0,0,2026-08-18T09:52:28.690283+00:00,2026-08-18T09:52:49.579981+00:00
33,262,Broadhead,10,MID,49,1.0136,1.703,0.28,0.1584,0.2731,0.0044,1,0,0,0,2026-08-18T09:52:28.690283+00:00,2026-08-18T09:52:49.579981+00:00
33,263,Burgess,10,DEF,38,0.9364,1.8018,0.22,0.1716,0.2183,0.0024,1,0,55,1,2026-08-18T09:52:28.690283+00:00,2026-08-18T09:52:49.579981+00:00
33,264,Burns,10,MID,47,0,0,0.0,0.0,0.0,0,1,0,0,0,2026-08-18T09:52:28.690283+00:00,2026-08-18T09:52:49.579981+00:00
33,265,Chaplin,10,MID,51,0.9904,1.6118,0.28,0.1584,0.2731,0.0032,1,1,1,0,2026-08-18T09:52:28.690283+00:00,2026-08-18T09:52:49.579981+00:00
33,266,H.Clarke,10,DEF,40,0,0,0.0,0.0,0.0,0,1,0,0,0,2026-08-18T09:52:28.690283+00:00,2026-08-18T09:52:49.579981+00:00
33,267,Davis,10,DEF,42,1.0316,2.0188,0.22,0.1404,0.2158,0.0048,1,-4,31,0,2026-08-18T09:52:28.690283+00:00,2026-08-18T09:52:49.579981+00:00
33,268,Delap,10,FWD,56,3.5944,2.9359,0.82,0.0324,0.7652,0.0468,1,1,8,0,2026-08-18T09:52:28.690283+00:00,2026-08-18T09:52:49.579981+00:00
33,269,Edmundson,10,DEF,40,0,0,0.0,0.0,0.0,0,1,0,0,0,2026-08-18T09:52:28.690283+00:00,2026-08-18T09:52:49.579981+00:00
33,270,Greaves,10,DEF,39,0.8832,1.7977,0.22,0.1404,0.2158,0.0036,1,0,90,1,2026-08-18T09:52:28.690283+00:00,2026-08-18T09:52:49.579981+00:00
33,271,Harness,10,MID,49,0,0,0.0,0.0,0.0,0,1,0,0,0,2026-08-18T09:52:28.690283+00:00,2026-08-18T09:52:49.579981+00:00
33,272,Hirst,10,FWD,54,1.2116,2.0815,0.28,0.1584,0.2731,0.0128,1,2,81,1,2026-08-18T09:52:28.690283+00:00,2026-08-18T09:52:49.579981+00:00
33,273,Humphreys,10,MID,45,0,0,0.0,0.0,0.0,0,1,0,0,0,2026-08-18T09:52:28.690283+00:00,2026-08-18T09:52:49.579981+00:00
33,274,Hutchinson,10,MID,52,2.5552,2.0717,0.82,0.0324,0.7652,0.0088,1,0,0,0,2026-08-18T09:52:28.690283+00:00,2026-08-18T09:52:49.579981+00:00
33,275,Johnson,10,DEF,38,0.8632,1.7355,0.22,0.1716,0.2183,0.0036,1,0,90,1,2026-08-18T09:52:28.690283+00:00,2026-08-18T09:52:49.579981+00:00
33,276,Ladapo,10,FWD,45,0,0,0.0,0.0,0.0,0,1,0,0,0,2026-08-18T09:52:28.690283+00:00,2026-08-18T09:52:49.579981+00:00
33,277,Luongo,10,MID,43,0.4756,0.903,0.1,0.198,0.1088,0.0,1,1,8,0,2026-08-18T09:52:28.690283+00:00,2026-08-18T09:52:49.579981+00:00
33,278,Morsy,10,MID,48,2.074,1.4338,0.82,0.0324,0.7652,0.0004,1,2,90,1,2026-08-18T09:52:28.690283+00:00,2026-08-18T09:52:49.579981+00:00
33,279,Ndaba,10,DEF,40,0,0,0.0,0.0,0.0,0,1,0,0,0,2026-08-18T09:52:28.690283+00:00,2026-08-18T09:52:49.579981+00:00
33,280,Slicker,10,GKP,39,0.1672,0.7732,0.04,0.0384,0.0403,0.0,1,0,0,0,2026-08-18T09:52:28.690283+00:00,2026-08-18T09:52:49.579981+00:00
33,281,Taylor,10,MID,48,0.878,1.4486,0.28,0.1584,0.2731,0.0012,1,1,45,1,2026-08-18T09:52:28.690283+00:00,2026-08-18T09:52:49.579981+00:00
33,282,Tuanzebe,10,DEF,39,0.8104,1.5948,0.22,0.1716,0.2183,0.0012,1,0,90,1,2026-08-18T09:52:28.690283+00:00,2026-08-18T09:52:49.579981+00:00
33,283,Walton,10,GKP,43,0.1908,0.8525,0.04,0.0384,0.0403,0.0,1,0,0,0,2026-08-18T09:52:28.690283+00:00,2026-08-18T09:52:49.579981+00:00
33,284,Woolfenden,10,DEF,39,0.75,1.4334,0.22,0.1716,0.2183,0.0,1,0,0,0,2026-08-18T09:52:28.690283+00:00,2026-08-18T09:52:49.579981+00:00
33,359,Phillips,10,MID,48,0,0,0.0,0.0,0.0,0,1,0,0,0,2026-08-18T09:52:28.690283+00:00,2026-08-18T09:52:49.579981+00:00
33,568,Muric,10,GKP,44,0,0,0.0,0.0,0.0,0,1,0,0,0,2026-08-18T09:52:28.690283+00:00,2026-08-18T09:52:49.579981+00:00
33,569,Jaden,10,MID,53,0,0,0.0,0.0,0.0,0,1,0,0,0,2026-08-18T09:52:28.690283+00:00,2026-08-18T09:52:49.579981+00:00
33,583,Townsend,10,DEF,39,0.5328,1.2636,0.11,0.1958,0.118,0.0016,1,0,0,0,2026-08-18T09:52:28.690283+00:00,2026-08-18T09:52:49.579981+00:00
33,611,Szmodics,10,MID,57,1.9032,2.4647,0.48,0.1456,0.458,0.014,1,0,0,0,2026-08-18T09:52:28.690283+00:00,2026-08-18T09:52:49.579981+00:00
33,619,Cajuste,10,MID,45,1.8584,1.5232,0.68,0.0576,0.637,0.0008,1,2,81,1,2026-08-18T09:52:28.690283+00:00,2026-08-18T09:52:49.579981+00:00
33,630,O'Shea,10,DEF,39,0.8268,1.7084,0.22,0.1404,0.2158,0.0036,1,0,90,1,2026-08-18T09:52:28.690283+00:00,2026-08-18T09:52:49.579981+00:00
33,631,J.Clarke,10,MID,54,1.5744,1.929,0.48,0.1144,0.4556,0.0044,1,1,34,0,2026-08-18T09:52:28.690283+00:00,2026-08-18T09:52:49.579981+00:00
33,632,Ogbene,10,MID,48,0,0,0.0,0.0,0.0,0,1,0,0,0,2026-08-18T09:52:28.690283+00:00,2026-08-18T09:52:49.579981+00:00
33,715,Godfrey,10,DEF,40,0.49,1.1349,0.1,0.198,0.1088,0.0,1,0,0,0,2026-08-18T09:52:28.690283+00:00,2026-08-18T09:52:49.579981+00:00
33,743,McKenna,10,MID,5,0.4872,1.0213,0.1,0.198,0.1088,0.0004,1,0,0,0,2026-08-18T09:52:28.690283+00:00,2026-08-18T09:52:49.579981+00:00
33,764,Palmer,10,GKP,45,3.208,2.3071,0.88,0.0048,0.8188,0.0004,1,1,90,1,2026-08-18T09:52:28.690283+00:00,2026-08-18T09:52:49.579981+00:00
33,799,Boniface,10,DEF,40,0.5268,1.2839,0.1,0.198,0.1088,0.0004,1,0,0,0,2026-08-18T09:52:28.690283+00:00,2026-08-18T09:52:49.579981+00:00
33,800,Tom Taylor,10,MID,45,0.4808,1.0002,0.1,0.198,0.1088,0.0004,1,,,,2026-08-18T09:52:28.690283+00:00,
33,117,Buonanotte,11,MID,45,1.7972,2.4181,0.48,0.1144,0.4556,0.0136,1,1,29,0,2026-08-18T09:52:28.690283+00:00,2026-08-18T09:52:49.579981+00:00
33,192,J.Ayew,11,MID,51,1.8352,2.4217,0.48,0.1144,0.4556,0.0124,1,0,0,0,2026-08-18T09:52:28.690283+00:00,2026-08-18T09:52:49.579981+00:00
33,198,Edouard,11,FWD,51,0.674,1.2889,0.18,0.1804,0.1818,0.002,1,0,0,0,2026-08-18T09:52:28.690283+00:00,2026-08-18T09:52:49.579981+00:00
33,285,B.Soumaré,11,MID,44,1.5588,1.3515,0.68,0.0576,0.637,0.0,1,2,90,1,2026-08-18T09:52:28.690283+00:00,2026-08-18T09:52:49.579981+00:00
33,286,Cannon,11,FWD,45,0,0,0.0,0.0,0.0,0,1,0,0,0,2026-08-18T09:52:28.690283+00:00,2026-08-18T09:52:49.579981+00:00
33,287,Choudhury,11,MID,44,0,0,0.0,0.0,0.0,0,1,0,0,0,2026-08-18T09:52:28.690283+00:00,2026-08-18T09:52:49.579981+00:00
33,288,Coady,11,DEF,40,0.8176,1.6062,0.22,0.1716,0.2183,0.0008,1,2,90,1,2026-08-18T09:52:28.690283+00:00,2026-08-18T09:52:49.579981+00:00
33,289,Daka,11,FWD,48,1.0188,1.6081,0.28,0.1584,0.2731,0.0028,1,1,28,0,2026-08-18T09:52:28.690283+00:00,2026-08-18T09:52:49.579981+00:00
33,290,De Cordova-Reid,11,MID,52,0,0,0.0,0.0,0.0,0,1,3,60,1,2026-08-18T09:52:28.690283+00:00,2026-08-18T09:52:49.579981+00:00
33,291,Faes,11,DEF,38,0.8352,1.7825,0.22,0.1404,0.2158,0.0044,1,2,90,1,2026-08-18T09:52:28.690283+00:00,2026-08-18T09:52:49.579981+00:00
33,292,Golding,11,MID,44,0.494,0.9761,0.1,0.198,0.1088,0.0,1,0,0,0,2026-08-18T09:52:28.690283+00:00,2026-08-18T09:52:49.579981+00:00
33,293,Hermansen,11,GKP,44,0,0,0.0,0.0,0.0,0,1,4,90,1,2026-08-18T09:52:28.690283+00:00,2026-08-18T09:52:49.579981+00:00
33,294,Iversen,11,GKP,39,0.1748,0.8078,0.04,0.0384,0.0403,0.0,1,0,0,0,2026-08-18T09:52:28.690283+00:00,2026-08-18T09:52:49.579981+00:00
33,295,Justin,11,DEF,41,0.8,1.7073,0.22,0.1404,0.2158,0.0032,1,1,7,0,2026-08-18T09:52:28.690283+00:00,2026-08-18T09:52:49.579981+00:00
33,296,Kristiansen,11,DEF,44,0.84,1.6125,0.22,0.1404,0.2158,0.0,1,0,0,0,2026-08-18T09:52:28.690283+00:00,2026-08-18T09:52:49.579981+00:00
33,297,Marcal,11,MID,45,0,0,0.0,0.0,0.0,0,1,0,0,0,2026-08-18T09:52:28.690283+00:00,2026-08-18T09:52:49.579981+00:00
33,298,Mavididi,11,MID,50,0,0,0.0,0.0,0.0,0,1,2,84,1,2026-08-18T09:52:28.690283+00:00,2026-08-18T09:52:49.579981+00:00
33,299,McAteer,11,MID,47,0.9168,1.4997,0.28,0.1584,0.2731,0.0016,1,0,0,0,2026-08-18T09:52:28.690283+00:00,2026-08-18T09:52:49.579981+00:00
33,300,Ndidi,11,MID,49,1.9016,1.9045,0.68,0.0576,0.637,0.0036,1,1,82,1,2026-08-18T09:52:28.690283+00:00,2026-08-18T09:52:49.579981+00:00
33,301,Okoli,11,DEF,40,0.8076,1.6545,0.22,0.1716,0.2183,0.0028,1,0,0,0,2026-08-18T09:52:28.690283+00:00,2026-08-18T09:52:49.579981+00:00
33,302,Ricardo,11,DEF,41,0.5452,1.2942,0.1,0.198,0.1088,0.0008,1,2,82,1,2026-08-18T09:52:28.690283+00:00,2026-08-18T09:52:49.579981+00:00
33,303,Souttar,11,DEF,40,0,0,0.0,0.0,0.0,0,1,0,0,0,2026-08-18T09:52:28.690283+00:00,2026-08-18T09:52:49.579981+00:00
33,304,Stolarczyk,11,GKP,40,3.0084,2.2687,0.88,0.0048,0.8188,0.0016,1,0,0,0,2026-08-18T09:52:28.690283+00:00,2026-08-18T09:52:49.579981+00:00
33,305,Thomas,11,DEF,39,0.856,1.6195,0.22,0.1716,0.2183,0.0008,1,2,90,1,2026-08-18T09:52:28.690283+00:00,2026-08-18T09:52:49.579981+00:00
33,306,Vardy,11,FWD,53,3.3544,2.8725,0.82,0.0324,0.7652,0.0424,1,2,61,1,2026-08-18T09:52:28.690283+00:00,2026-08-18T09:52:49.579981+00:00
33,307,Vestergaard,11,DEF,39,0.7408,1.4486,0.22,0.1716,0.2183,0.0008,1,0,0,0,2026-08-18T09:52:28.690283+00:00,2026-08-18T09:52:49.579981+00:00
33,308,Ward,11,GKP,39,0.1756,0.8257,0.04,0.0384,0.0403,0.0,1,0,0,0,2026-08-18T09:52:28.690283+00:00,2026-08-18T09:52:49.579981+00:00
33,309,Winks,11,MID,43,1.7692,1.5063,0.68,0.0576,0.637,0.0012,1,0,0,0,2026-08-18T09:52:28.690283+00:00,2026-08-18T09:52:49.579981+00:00
33,501,Skipp,11,MID,47,1.2016,1.3473,0.48,0.1144,0.4556,0.0,1,1,7,0,2026-08-18T09:52:28.690283+00:00,2026-08-18T09:52:49.579981+00:00
33,570,A.Fatawu,11,MID,51,0,0,0.0,0.0,0.0,0,1,0,0,0,2026-08-18T09:52:28.690283+00:00,2026-08-18T09:52:49.579981+00:00
33,606,Alves,11,MID,44,0,0,0.0,0.0,0.0,0,1,0,0,0,2026-08-18T09:52:28.690283+00:00,2026-08-18T09:52:49.579981+00:00
33,616,Nelson,11,DEF,40,0,0,0.0,0.0,0.0,0,1,0,0,0,2026-08-18T09:52:28.690283+00:00,2026-08-18T09:52:49.579981+00:00
33,635,El Khannouss,11,MID,48,2.1264,1.9233,0.68,0.0576,0.637,0.0036,1,2,90,1,2026-08-18T09:52:28.690283+00:00,2026-08-18T09:52:49.579981+00:00
33,694,Cartwright,11,MID,45,0.5064,1.008,0.1,0.198,0.1088,0.0,1,0,0,0,2026-08-18T09:52:28.690283+00:00,2026-08-18T09:52:49.579981+00:00
33,708,Wilson-Brown,11,DEF,40,0,0,0.0,0.0,0.0,0,1,0,0,0,2026-08-18T09:52:28.690283+00:00,2026-08-18T09:52:49.579981+00:00
33,726,Coulibaly,11,DEF,40,0.528,1.244,0.1,0.198,0.1088,0.0008,1,0,0,0,2026-08-18T09:52:28.690283+00:00,2026-08-18T09:52:49.579981+00:00
33,754,Van Nistelrooy,11,MID,5,0.498,1.053,0.1,0.198,0.1088,0.0008,1,0,0,0,2026-08-18T09:52:28.690283+00:00,2026-08-18T09:52:49.579981+00:00
33,792,Monga,11,MID,45,0.4872,0.9731,0.1,0.198,0.1088,0.0004,1,1,5,0,2026-08-18T09:52:28.690283+00:00,2026-08-18T09:52:49.579981+00:00
33,796,Olabade Aluko,11,DEF,40,0.5092,1.2228,0.1,0.198,0.1088,0.0012,1,0,0,0,2026-08-18T09:52:28.690283+00:00,2026-08-18T09:52:49.579981+00:00
33,797,Jake Evans,11,MID,45,0.464,0.9676,0.1,0.198,0.1088,0.0,1,0,0,0,2026-08-18T09:52:28.690283+00:00,2026-08-18T09:52:49.579981+00:00
33,802,Braybrooke,11,MID,45,0.4616,1.0218,0.1,0.198,0.1088,0.0012,1,,,,2026-08-18T09:52:28.690283+00:00,
33,310,A.Becker,12,GKP,55,3.1332,2.1699,0.9,0.008,0.8376,0.0008,1,6,90,1,2026-08-18T09:52:28.690283+00:00,2026-08-18T09:52:49.579981+00:00
33,311,Alexander-Arnold,12,DEF,72,3.1212,2.8074,0.82,0.0324,0.7652,0.0296,1,6,19,0,2026-08-18T09:52:28.690283+00:00,2026-08-18T09:52:49.579981+00:00
33,312,Bajcetic,12,MID,45,0,0,0.0,0.0,0.0,0,1,0,0,0,2026-08-18T09:52:28.690283+00:00,2026-08-18T09:52:49.579981+00:00
33,313,Bradley,12,DEF,47,1.0136,1.8392,0.28,0.1584,0.2731,0.0028,1,5,70,1,2026-08-18T09:52:28.690283+00:00,2026-08-18T09:52:49.579981+00:00
33,315,Clark,12,MID,45,0,0,0.0,0.0,0.0,0,1,0,0,0,2026-08-18T09:52:28.690283+00:00,2026-08-18T09:52:49.579981+00:00
33,316,Darwin,12,FWD,70,1.738,2.1705,0.48,0.1456,0.458,0.0076,1,0,0,0,2026-08-18T09:52:28.690283+00:00,2026-08-18T09:52:49.579981+00:00
33,317,Diogo J.,12,MID,72,2.4204,3.1796,0.48,0.1456,0.458,0.0384,1,1,30,0,2026-08-18T09:52:28.690283+00:00,2026-08-18T09:52:49.579981+00:00
33,318,Doak,12,MID,45,0,0,0.0,0.0,0.0,0,1,0,0,0,2026-08-18T09:52:28.690283+00:00,2026-08-18T09:52:49.579981+00:00
33,319,Elliott,12,MID,52,0.7292,1.376,0.18,0.1804,0.1818,0.0012,1,1,19,0,2026-08-18T09:52:28.690283+00:00,2026-08-18T09:52:49.579981+00:00
33,320,Endo,12,MID,46,0.6032,1.015,0.18,0.1804,0.1818,0.0004,1,0,0,0,2026-08-18T09:52:28.690283+00:00,2026-08-18T09:52:49.579981+00:00
33,321,Gakpo,12,FWD,72,3.128,2.9189,0.68,0.0896,0.6396,0.032,1,1,59,1,2026-08-18T09:52:28.690283+00:00,2026-08-18T09:52:49.579981+00:00
33,322,Gomez,12,DEF,47,0.8992,1.6213,0.28,0.1584,0.2731,0.0016,1,0,0,0,2026-08-18T09:52:28.690283+00:00,2026-08-18T09:52:49.579981+00:00
33,323,Gravenberch,12,MID,50,0,0,0.0,0.0,0.0,0,1,3,90,1,2026-08-18T09:52:28.690283+00:00,2026-08-18T09:52:49.579981+00:00
33,324,Jones,12,MID,53,2.5364,2.5127,0.68,0.0704,0.638,0.0164,1,1,1,0,2026-08-18T09:52:28.690283+00:00,2026-08-18T09:52:49.579981+00:00
33,325,Kelleher,12,GKP,40,0.178,0.7669,0.04,0.0384,0.0403,0.0,1,0,0,0,2026-08-18T09:52:28.690283+00:00,2026-08-18T09:52:49.579981+00:00
33,326,Konaté,12,DEF,53,2.2908,2.3528,0.82,0.0324,0.7652,0.0104,1,9,90,1,2026-08-18T09:52:28.690283+00:00,2026-08-18T09:52:49.579981+00:00
33,327,Luis Díaz,12,MID,75,4.1084,3.4585,0.82,0.0324,0.7652,0.074,1,3,90,1,2026-08-18T09:52:28.690283+00:00,2026-08-18T09:52:49.579981+00:00
33,328,M.Salah,12,MID,138,6.18,4.4082,0.9,0.018,0.8384,0.2032,1,3,90,1,2026-08-18T09:52:28.690283+00:00,2026-08-18T09:52:49.579981+00:00
33,329,Mac Allister,12,MID,62,0,0,0.0,0.0,0.0,0,1,3,90,1,2026-08-18T09:52:28.690283+00:00,2026-08-18T09:52:49.579981+00:00
33,330,McConnell,12,MID,43,0.4476,0.872,0.1,0.198,0.1088,0.0,1,0,0,0,2026-08-18T09:52:28.690283+00:00,2026-08-18T09:52:49.579981+00:00
33,331,Morton,12,MID,44,0.49,1.0039,0.1,0.198,0.1088,0.0004,1,0,0,0,2026-08-18T09:52:28.690283+00:00,2026-08-18T09:52:49.579981+00:00
33,332,N.Phillips,12,DEF,40,0,0,0.0,0.0,0.0,0,1,0,0,0,2026-08-18T09:52:28.690283+00:00,2026-08-18T09:52:49.579981+00:00
33,333,Quansah,12,DEF,39,0.7684,1.485,0.22,0.1716,0.2183,0.0008,1,0,0,0,2026-08-18T09:52:28.690283+00:00,2026-08-18T09:52:49.579981+00:00
33,334,R.Williams,12,DEF,40,0,0,0.0,0.0,0.0,0,1,0,0,0,2026-08-18T09:52:28.690283+00:00,2026-08-18T09:52:49.579981+00:00
33,335,Robertson,12,DEF,58,2.6232,2.4343,0.82,0.0324,0.7652,0.012,1,0,0,0,2026-08-18T09:52:28.690283+00:00,2026-08-18T09:52:49.579981+00:00
33,336,Szoboszlai,12,MID,62,3.5856,2.9957,0.82,0.0324,0.7652,0.0468,1,3,70,1,2026-08-18T09:52:28.690283+00:00,2026-08-18T09:52:49.579981+00:00
33,337,Tsimikas,12,DEF,46,0.864,1.6177,0.28,0.1584,0.2731,0.0012,1,8,90,1,2026-08-18T09:52:28.690283+00:00,2026-08-18T09:52:49.579981+00:00
33,339,Virgil,12,DEF,66,2.652,2.3232,0.9,0.018,0.8384,0.008,1,7,90,1,2026-08-18T09:52:28.690283+00:00,2026-08-18T09:52:49.579981+00:00
33,636,Chiesa,12,MID,68,1.6044,2.0806,0.45,0.154,0.4308,0.008,1,0,0,0,2026-08-18T09:52:28.690283+00:00,2026-08-18T09:52:49.579981+00:00
33,660,Jaros,12,GKP,40,0.24,1.0894,0.04,0.0384,0.0403,0.0012,1,0,0,0,2026-08-18T09:52:28.690283+00:00,2026-08-18T09:52:49.579981+00:00
33,669,Davies,12,GKP,40,0.1664,0.7775,0.04,0.0384,0.0403,0.0,1,0,0,0,2026-08-18T09:52:28.690283+00:00,2026-08-18T09:52:49.579981+00:00
33,688,Nyoni,12,MID,45,0.4596,0.9633,0.1,0.198,0.1088,0.0,1,0,0,0,2026-08-18T09:52:28.690283+00:00,2026-08-18T09:52:49.579981+00:00
33,692,Nallo,12,DEF,40,0.4652,1.1166,0.1,0.198,0.1088,0.0012,1,0,0,0,2026-08-18T09:52:28.690283+00:00,2026-08-18T09:52:49.579981+00:00
33,709,Danns,12,FWD,45,0,0,0.0,0.0,0.0,0,1,0,0,0,2026-08-18T09:52:28.690283+00:00,2026-08-18T09:52:49.579981+00:00
33,744,Slot,12,MID,15,0.46,0.9286,0.1,0.198,0.1088,0.0004,1,9,0,0,2026-08-18T09:52:28.690283+00:00,2026-08-18T09:52:49.579981+00:00
33,340,Akanji,13,DEF,53,4.2456,3.4012,0.68,0.0576,0.637,0.078,2,1,1,0,2026-08-18T09:52:28.690283+00:00,2026-08-18T09:52:49.579981+00:00
33,341,Aké,13,DEF,53,3.078,2.884,0.48,0.1144,0.4556,0.0336,2,0,0,0,2026-08-18T09:52:28.690283+00:00,2026-08-18T09:52:49.579981+00:00
33,342,Bernardo,13,MID,61,5.6764,3.3248,0.82,0.0324,0.7652,0.1344,2,9,90,1,2026-08-18T09:52:28.690283+00:00,2026-08-18T09:52:49.579981+00:00
33,343,Bobb,13,MID,47,1.3744,1.7664,0.18,0.1804,0.1818,0.004,2,0,0,0,2026-08-18T09:52:28.690283+00:00,2026-08-18T09:52:49.579981+00:00
33,344,Carson,13,GKP,39,0.298,0.9699,0.04,0.0384,0.0403,0.0,2,0,0,0,2026-08-18T09:52:28.690283+00:00,2026-08-18T09:52:49.579981+00:00
33,345,De Bruyne,13,MID,93,5.2416,4.4853,0.48,0.1456,0.458,0.1656,2,2,90,1,2026-08-18T09:52:28.690283+00:00,2026-08-18T09:52:49.579981+00:00
33,346,Doku,13,MID,62,3.69,2.9988,0.48,0.1456,0.458,0.0472,2,4,16,0,2026-08-18T09:52:28.690283+00:00,2026-08-18T09:52:49.579981+00:00
33,347,Ederson M.,13,GKP,53,6.1544,3.162,0.9,0.008,0.8376,0.1444,2,0,0,0,2026-08-18T09:52:28.690283+00:00,2026-08-18T09:52:49.579981+00:00
33,348,Foden,13,MID,91,7.0644,4.8944,0.68,0.0576,0.637,0.274,2,0,0,0,2026-08-18T09:52:28.690283+00:00,2026-08-18T09:52:49.579981+00:00
33,349,Grealish,13,MID,64,2.4052,2.7178,0.28,0.2016,0.2765,0.0216,2,0,0,0,2026-08-18T09:52:28.690283+00:00,2026-08-18T09:52:49.579981+00:00
33,350,Gvardiol,13,DEF,62,7.492,4.4494,0.9,0.018,0.8384,0.2836,2,1,90,1,2026-08-18T09:52:28.690283+00:00,2026-08-18T09:52:49.579981+00:00
33,351,Haaland,13,FWD,148,9.8552,5.4687,0.82,0.0324,0.7652,0.4756,2,0,0,0,2026-08-18T09:52:28.690283+00:00,2026-08-18T09:52:49.579981+00:00
33,352,J.Alvarez,13,FWD,70,0,0,0.0,0.0,0.0,0,2,0,0,0,2026-08-18T09:52:28.690283+00:00,2026-08-18T09:52:49.579981+00:00
33,353,João Cancelo,13,DEF,53,0,0,0.0,0.0,0.0,0,2,0,0,0,2026-08-18T09:52:28.690283+00:00,2026-08-18T09:52:49.579981+00:00
33,354,Kovačić,13,MID,54,4.8192,3.2337,0.68,0.0576,0.637,0.0884,2,2,90,1,2026-08-18T09:52:28.690283+00:00,2026-08-18T09:52:49.579981+00:00
33,355,Lewis,13,DEF,43,1.5912,2.3462,0.22,0.1404,0.2158,0.0128,2,0,0,0,2026-08-18T09:52:28.690283+00:00,2026-08-18T09:52:49.579981+00:00
33,356,Matheus N.,13,MID,49,2.9584,2.4961,0.48,0.1144,0.4556,0.0224,2,8,90,1,2026-08-18T09:52:28.690283+00:00,2026-08-18T09:52:49.579981+00:00
33,357,McAtee,13,MID,46,1.578,2.2504,0.18,0.1804,0.1818,0.0108,2,2,73,1,2026-08-18T09:52:28.690283+00:00,2026-08-18T09:52:49.579981+00:00
33,358,Ortega Moreno,13,GKP,52,0.678,1.5479,0.08,0.0736,0.0803,0.0012,2,2,90,1,2026-08-18T09:52:28.690283+00:00,2026-08-18T09:52:49.579981+00:00
33,360,Rodrigo,13,MID,62,3.2944,2.874,0.45,0.154,0.4308,0.0396,2,0,0,0,2026-08-18T09:52:28.690283+00:00,2026-08-18T09:52:49.579981+00:00
33,361,Rúben,13,DEF,54,4.464,3.6739,0.68,0.0576,0.637,0.0912,2,2,90,1,2026-08-18T09:52:28.690283+00:00,2026-08-18T09:52:49.579981+00:00
33,362,Stones,13,DEF,53,0,0,0.0,0.0,0.0,0,2,0,0,0,2026-08-18T09:52:28.690283+00:00,2026-08-18T09:52:49.579981+00:00
33,363,Walker,13,DEF,51,0,0,0.0,0.0,0.0,0,2,0,0,0,2026-08-18T09:52:28.690283+00:00,2026-08-18T09:52:49.579981+00:00
33,571,Savinho,13,MID,62,7.0468,4.8606,0.68,0.0576,0.637,0.284,2,0,0,0,2026-08-18T09:52:28.690283+00:00,2026-08-18T09:52:49.579981+00:00
33,607,O’Reilly,13,MID,49,1.7808,1.9538,0.28,0.1584,0.2731,0.0048,2,2,90,1,2026-08-18T09:52:28.690283+00:00,2026-08-18T09:52:49.579981+00:00
33,625,Gündogan,13,MID,63,4.9264,3.3962,0.68,0.0576,0.637,0.1044,2,2,90,1,2026-08-18T09:52:28.690283+00:00,2026-08-18T09:52:49.579981+00:00
33,626,Kaboré,13,DEF,45,0,0,0.0,0.0,0.0,0,2,0,0,0,2026-08-18T09:52:28.690283+00:00,2026-08-18T09:52:49.579981+00:00
33,671,Wright,13,MID,45,0,0,0.0,0.0,0.0,0,2,0,0,0,2026-08-18T09:52:28.690283+00:00,2026-08-18T09:52:49.579981+00:00
33,672,Simpson-Pusey,13,DEF,40,0.9852,1.6944,0.1,0.198,0.1088,0.0024,2,0,0,0,2026-08-18T09:52:28.690283+00:00,2026-08-18T09:52:49.579981+00:00
33,675,Wilson-Esbrand,13,DEF,40,0,0,0.0,0.0,0.0,0,2,0,0,0,2026-08-18T09:52:28.690283+00:00,2026-08-18T09:52:49.579981+00:00
33,698,Mubama,13,FWD,45,0.9564,1.3805,0.1,0.198,0.1088,0.0012,2,0,0,0,2026-08-18T09:52:28.690283+00:00,2026-08-18T09:52:49.579981+00:00
33,703,Alleyne,13,DEF,40,0.96,1.6148,0.1,0.198,0.1088,0.0032,2,0,0,0,2026-08-18T09:52:28.690283+00:00,2026-08-18T09:52:49.579981+00:00
33,704,Brits,13,GKP,40,0.3476,1.1057,0.04,0.0384,0.0403,0.0,2,0,0,0,2026-08-18T09:52:28.690283+00:00,2026-08-18T09:52:49.579981+00:00
33,732,Khusanov,13,DEF,50,1.9412,2.4603,0.28,0.1584,0.2731,0.016,2,0,0,0,2026-08-18T09:52:28.690283+00:00,2026-08-18T09:52:49.579981+00:00
33,733,Vitor Reis,13,DEF,45,1.02,1.7445,0.1,0.198,0.1088,0.0036,2,0,0,0,2026-08-18T09:52:28.690283+00:00,2026-08-18T09:52:49.579981+00:00
33,736,Guardiola,13,MID,15,0.988,1.3882,0.1,0.198,0.1088,0.0008,2,8,0,0,2026-08-18T09:52:28.690283+00:00,2026-08-18T09:52:49.579981+00:00
33,755,Marmoush,13,FWD,77,4.9228,4.0445,0.48,0.1456,0.458,0.14,2,2,90,1,2026-08-18T09:52:28.690283+00:00,2026-08-18T09:52:49.579981+00:00
33,765,N.Gonzalez,13,MID,60,1.8512,2.0807,0.28,0.2016,0.2765,0.0072,2,0,0,0,2026-08-18T09:52:28.690283+00:00,2026-08-18T09:52:49.579981+00:00
33,785,Echeverri,13,MID,59,3.1324,2.7189,0.45,0.154,0.4308,0.0356,2,0,0,0,2026-08-18T09:52:28.690283+00:00,2026-08-18T09:52:49.579981+00:00
33,364,Amad,14,MID,53,3.2876,3.2055,0.68,0.0576,0.637,0.05,1,0,0,0,2026-08-18T09:52:28.690283+00:00,2026-08-18T09:52:49.579981+00:00
33,365,Antony,14,MID,57,0,0,0.0,0.0,0.0,0,1,0,0,0,2026-08-18T09:52:28.690283+00:00,2026-08-18T09:52:49.579981+00:00
33,366,B.Fernandes,14,MID,85,4.4768,3.5206,0.82,0.0324,0.7652,0.0956,1,1,31,0,2026-08-18T09:52:28.690283+00:00,2026-08-18T09:52:49.579981+00:00
33,367,Bayindir,14,GKP,43,0.1928,0.8485,0.04,0.0384,0.0403,0.0,1,0,0,0,2026-08-18T09:52:28.690283+00:00,2026-08-18T09:52:49.579981+00:00
33,368,Casemiro,14,MID,46,1.6096,2.06,0.48,0.1144,0.4556,0.0056,1,0,0,0,2026-08-18T09:52:28.690283+00:00,2026-08-18T09:52:49.579981+00:00
33,369,Dalot,14,DEF,50,3.474,2.7836,0.9,0.018,0.8384,0.0268,1,1,31,0,2026-08-18T09:52:28.690283+00:00,2026-08-18T09:52:49.579981+00:00
33,370,Eriksen,14,MID,52,1.4784,1.7658,0.48,0.1144,0.4556,0.0024,1,1,90,1,2026-08-18T09:52:28.690283+00:00,2026-08-18T09:52:49.579981+00:00
33,371,Evans,14,DEF,44,0.882,1.6701,0.22,0.1716,0.2183,0.0016,1,0,0,0,2026-08-18T09:52:28.690283+00:00,2026-08-18T09:52:49.579981+00:00
33,372,Garnacho,14,MID,59,2.964,3.1333,0.68,0.0576,0.637,0.0448,1,2,90,1,2026-08-18T09:52:28.690283+00:00,2026-08-18T09:52:49.579981+00:00
33,373,Hannibal,14,MID,45,0,0,0.0,0.0,0.0,0,1,0,0,0,2026-08-18T09:52:28.690283+00:00,2026-08-18T09:52:49.579981+00:00
33,374,Heaton,14,GKP,39,0.1904,0.8877,0.04,0.0384,0.0403,0.0004,1,0,0,0,2026-08-18T09:52:28.690283+00:00,2026-08-18T09:52:49.579981+00:00
33,375,Højlund,14,FWD,69,2.1228,2.0356,0.68,0.0576,0.637,0.008,1,2,69,1,2026-08-18T09:52:28.690283+00:00,2026-08-18T09:52:49.579981+00:00
33,376,Lindelof,14,DEF,43,0.8176,1.5949,0.22,0.1716,0.2183,0.0004,1,2,77,1,2026-08-18T09:52:28.690283+00:00,2026-08-18T09:52:49.579981+00:00
33,377,Maguire,14,DEF,49,2.2352,2.6189,0.68,0.0704,0.638,0.016,1,0,0,0,2026-08-18T09:52:28.690283+00:00,2026-08-18T09:52:49.579981+00:00
33,378,Mainoo,14,MID,52,1.3272,1.6257,0.48,0.1144,0.4556,0.0012,1,1,58,1,2026-08-18T09:52:28.690283+00:00,2026-08-18T09:52:49.579981+00:00
33,379,Malacia,14,DEF,44,0,0,0.0,0.0,0.0,0,1,0,0,0,2026-08-18T09:52:28.690283+00:00,2026-08-18T09:52:49.579981+00:00
33,380,Martinez,14,DEF,43,0,0,0.0,0.0,0.0,0,1,0,0,0,2026-08-18T09:52:28.690283+00:00,2026-08-18T09:52:49.579981+00:00
33,381,McTominay,14,MID,49,0,0,0.0,0.0,0.0,0,1,0,0,0,2026-08-18T09:52:28.690283+00:00,2026-08-18T09:52:49.579981+00:00
33,382,Mount,14,MID,63,1.152,1.8075,0.28,0.2016,0.2765,0.0052,1,1,31,0,2026-08-18T09:52:28.690283+00:00,2026-08-18T09:52:49.579981+00:00
33,383,Onana,14,GKP,49,3.4004,2.2331,0.9,0.008,0.8376,0.002,1,2,90,1,2026-08-18T09:52:28.690283+00:00,2026-08-18T09:52:49.579981+00:00
33,384,Pellistri,14,MID,50,0,0,0.0,0.0,0.0,0,1,0,0,0,2026-08-18T09:52:28.690283+00:00,2026-08-18T09:52:49.579981+00:00
33,387,Shaw,14,DEF,49,0.7516,1.5858,0.18,0.1804,0.1818,0.002,1,0,0,0,2026-08-18T09:52:28.690283+00:00,2026-08-18T09:52:49.579981+00:00
33,389,Zirkzee,14,FWD,65,1.8992,2.3846,0.48,0.1456,0.458,0.0176,1,0,0,0,2026-08-18T09:52:28.690283+00:00,2026-08-18T09:52:49.579981+00:00
33,572,Yoro,14,DEF,43,0.7336,1.579,0.22,0.1716,0.2183,0.0032,1,1,12,0,2026-08-18T09:52:28.690283+00:00,2026-08-18T09:52:49.579981+00:00
33,593,De Ligt,14,DEF,48,1.664,2.5453,0.41,0.1062,0.3898,0.0144,1,0,0,0,2026-08-18T09:52:28.690283+00:00,2026-08-18T09:52:49.579981+00:00
33,594,Mazraoui,14,DEF,42,0.8436,1.7347,0.22,0.1404,0.2158,0.0024,1,2,90,1,2026-08-18T09:52:28.690283+00:00,2026-08-18T09:52:49.579981+00:00
33,613,Collyer,14,MID,45,0.4664,0.9804,0.1,0.198,0.1088,0.0004,1,0,0,0,2026-08-18T09:52:28.690283+00:00,2026-08-18T09:52:49.579981+00:00
33,648,Wheatley,14,FWD,45,0,0,0.0,0.0,0.0,0,1,0,0,0,2026-08-18T09:52:28.690283+00:00,2026-08-18T09:52:49.579981+00:00
33,652,Ugarte,14,MID,49,1.6728,1.5632,0.68,0.0576,0.637,0.0016,1,1,58,1,2026-08-18T09:52:28.690283+00:00,2026-08-18T09:52:49.579981+00:00
33,658,Heaven,14,DEF,40,0.51,1.2126,0.1,0.198,0.1088,0.0004,1,0,0,0,2026-08-18T09:52:28.690283+00:00,2026-08-18T09:52:49.579981+00:00
33,667,Fletcher,14,MID,45,0.494,1.0052,0.1,0.198,0.1088,0.0,1,0,0,0,2026-08-18T09:52:28.690283+00:00,2026-08-18T09:52:49.579981+00:00
33,670,Amass,14,DEF,40,0.4872,1.1451,0.1,0.198,0.1088,0.0004,1,2,90,1,2026-08-18T09:52:28.690283+00:00,2026-08-18T09:52:49.579981+00:00
33,673,Fitzgerald,14,MID,45,0.478,0.9861,0.1,0.198,0.1088,0.0004,1,0,0,0,2026-08-18T09:52:28.690283+00:00,2026-08-18T09:52:49.579981+00:00
33,691,Kukonki,14,DEF,40,0.542,1.2297,0.1,0.198,0.1088,0.0,1,0,0,0,2026-08-18T09:52:28.690283+00:00,2026-08-18T09:52:49.579981+00:00
33,745,Amorim,14,MID,8,0.4796,0.9589,0.1,0.198,0.1088,0.0,1,0,0,0,2026-08-18T09:52:28.690283+00:00,2026-08-18T09:52:49.579981+00:00
33,761,Harrison,14,GKP,40,0.1648,0.7659,0.04,0.0384,0.0403,0.0,1,0,0,0,2026-08-18T09:52:28.690283+00:00,2026-08-18T09:52:49.579981+00:00
33,766,Dorgu,14,DEF,45,0.8864,1.761,0.22,0.1716,0.2183,0.0036,1,0,58,1,2026-08-18T09:52:28.690283+00:00,2026-08-18T09:52:49.579981+00:00
33,776,Obi,14,FWD,45,0.4596,0.9625,0.1,0.198,0.1088,0.0,1,1,20,0,2026-08-18T09:52:28.690283+00:00,2026-08-18T09:52:49.579981+00:00
33,777,Fredricson,14,DEF,40,0.5608,1.2988,0.1,0.198,0.1088,0.0008,1,2,90,1,2026-08-18T09:52:28.690283+00:00,2026-08-18T09:52:49.579981+00:00
33,778,Moorhouse,14,MID,45,0.4996,1.0175,0.1,0.198,0.1088,0.0,1,0,0,0,2026-08-18T09:52:28.690283+00:00,2026-08-18T09:52:49.579981+00:00
33,779,Koné,14,MID,45,0.4808,1.0387,0.1,0.198,0.1088,0.0,1,0,0,0,2026-08-18T09:52:28.690283+00:00,2026-08-18T09:52:49.579981+00:00
33,783,Graczyk,14,GKP,40,0.1616,0.7588,0.04,0.0384,0.0403,0.0,1,0,0,0,2026-08-18T09:52:28.690283+00:00,2026-08-18T09:52:49.579981+00:00
33,788,Dermot Mee,14,GKP,40,0.1724,0.8132,0.04,0.0384,0.0403,0.0004,1,0,0,0,2026-08-18T09:52:28.690283+00:00,2026-08-18T09:52:49.579981+00:00
33,390,A.Murphy,15,DEF,40,0,0,0.0,0.0,0.0,0,1,0,0,0,2026-08-18T09:52:28.690283+00:00,2026-08-18T09:52:49.579981+00:00
33,391,Almirón,15,MID,54,0,0,0.0,0.0,0.0,0,1,0,0,0,2026-08-18T09:52:28.690283+00:00,2026-08-18T09:52:49.579981+00:00
33,392,Barnes,15,MID,59,2.5984,3.1374,0.48,0.1456,0.458,0.0384,1,5,75,1,2026-08-18T09:52:28.690283+00:00,2026-08-18T09:52:49.579981+00:00
33,393,Botman,15,DEF,44,0.7444,1.4322,0.22,0.1716,0.2183,0.0012,1,0,0,0,2026-08-18T09:52:28.690283+00:00,2026-08-18T09:52:49.579981+00:00
33,394,Bruno G.,15,MID,62,2.876,1.9614,0.9,0.018,0.8384,0.0084,1,1,90,1,2026-08-18T09:52:28.690283+00:00,2026-08-18T09:52:49.579981+00:00
33,395,Burn,15,DEF,45,0.7156,1.5602,0.22,0.1404,0.2158,0.0024,1,-2,90,1,2026-08-18T09:52:28.690283+00:00,2026-08-18T09:52:49.579981+00:00
33,396,Dúbravka,15,GKP,41,0.1656,0.8168,0.04,0.0384,0.0403,0.0,1,0,0,0,2026-08-18T09:52:28.690283+00:00,2026-08-18T09:52:49.579981+00:00
33,398,Gordon,15,MID,74,3.7052,3.1224,0.82,0.0324,0.7652,0.0524,1,1,25,0,2026-08-18T09:52:28.690283+00:00,2026-08-18T09:52:49.579981+00:00
33,399,Hall,15,DEF,47,0,0,0.0,0.0,0.0,0,1,0,0,0,2026-08-18T09:52:28.690283+00:00,2026-08-18T09:52:49.579981+00:00
33,400,Hayden,15,MID,44,0,0,0.0,0.0,0.0,0,1,0,0,0,2026-08-18T09:52:28.690283+00:00,2026-08-18T09:52:49.579981+00:00
33,401,Isak,15,FWD,95,4.602,3.6065,0.82,0.0324,0.7652,0.1012,1,2,75,1,2026-08-18T09:52:28.690283+00:00,2026-08-18T09:52:49.579981+00:00
33,402,J.Murphy,15,MID,52,3.5888,2.9971,0.82,0.0324,0.7652,0.0468,1,2,64,1,2026-08-18T09:52:28.690283+00:00,2026-08-18T09:52:49.579981+00:00
33,403,Joelinton,15,MID,60,0,0,0.0,0.0,0.0,0,1,1,90,1,2026-08-18T09:52:28.690283+00:00,2026-08-18T09:52:49.579981+00:00
33,404,Kelly,15,DEF,42,0,0,0.0,0.0,0.0,0,1,0,0,0,2026-08-18T09:52:28.690283+00:00,2026-08-18T09:52:49.579981+00:00
33,405,Krafth,15,DEF,43,0.4524,1.0474,0.1,0.198,0.1088,0.0008,1,1,14,0,2026-08-18T09:52:28.690283+00:00,2026-08-18T09:52:49.579981+00:00
33,406,Kuol,15,MID,44,0.4552,0.9539,0.1,0.198,0.1088,0.0012,1,0,0,0,2026-08-18T09:52:28.690283+00:00,2026-08-18T09:52:49.579981+00:00
33,407,Lascelles,15,DEF,45,0.7128,1.5036,0.22,0.1716,0.2183,0.002,1,0,0,0,2026-08-18T09:52:28.690283+00:00,2026-08-18T09:52:49.579981+00:00
33,408,Lewis,15,DEF,40,0,0,0.0,0.0,0.0,0,1,0,0,0,2026-08-18T09:52:28.690283+00:00,2026-08-18T09:52:49.579981+00:00
33,409,Livramento,15,DEF,46,2.4264,2.1043,0.82,0.0324,0.7652,0.0024,1,0,90,1,2026-08-18T09:52:28.690283+00:00,2026-08-18T09:52:49.579981+00:00
33,410,Longstaff,15,MID,44,1.27,1.4267,0.48,0.1144,0.4556,0.0004,1,0,0,0,2026-08-18T09:52:28.690283+00:00,2026-08-18T09:52:49.579981+00:00
33,411,Miley,15,MID,50,0.67,1.3021,0.18,0.1804,0.1818,0.0012,1,0,0,0,2026-08-18T09:52:28.690283+00:00,2026-08-18T09:52:49.579981+00:00
33,412,Odysseas,15,GKP,42,0.1376,0.6334,0.04,0.0384,0.0403,0.0,1,0,0,0,2026-08-18T09:52:28.690283+00:00,2026-08-18T09:52:49.579981+00:00
33,413,Pope,15,GKP,49,2.844,2.0336,0.9,0.008,0.8376,0.0004,1,2,90,1,2026-08-18T09:52:28.690283+00:00,2026-08-18T09:52:49.579981+00:00
33,414,Ruddy,15,GKP,39,0.1768,0.7654,0.04,0.0384,0.0403,0.0,1,0,0,0,2026-08-18T09:52:28.690283+00:00,2026-08-18T09:52:49.579981+00:00
33,415,Schär,15,DEF,55,2.2924,2.3981,0.82,0.0324,0.7652,0.0116,1,5,81,1,2026-08-18T09:52:28.690283+00:00,2026-08-18T09:52:49.579981+00:00
33,416,Targett,15,DEF,39,0.3436,0.8599,0.05,0.209,0.0632,0.0,1,1,8,0,2026-08-18T09:52:28.690283+00:00,2026-08-18T09:52:49.579981+00:00
33,417,Tonali,15,MID,55,2.5976,2.1657,0.82,0.0324,0.7652,0.0104,1,2,90,1,2026-08-18T09:52:28.690283+00:00,2026-08-18T09:52:49.579981+00:00
33,418,Trippier,15,DEF,56,1.6588,2.1244,0.48,0.1456,0.458,0.0032,1,0,75,1,2026-08-18T09:52:28.690283+00:00,2026-08-18T09:52:49.579981+00:00
33,419,White,15,MID,45,0,0,0.0,0.0,0.0,0,1,0,0,0,2026-08-18T09:52:28.690283+00:00,2026-08-18T09:52:49.579981+00:00
33,420,Willock,15,MID,47,1.2864,1.5661,0.48,0.1144,0.4556,0.0016,1,1,14,0,2026-08-18T09:52:28.690283+00:00,2026-08-18T09:52:49.579981+00:00
33,421,Wilson,15,FWD,69,1.6452,2.153,0.45,0.154,0.4308,0.0156,1,1,14,0,2026-08-18T09:52:28.690283+00:00,2026-08-18T09:52:49.579981+00:00
33,574,Pivas,15,DEF,40,0,0,0.0,0.0,0.0,0,1,0,0,0,2026-08-18T09:52:28.690283+00:00,2026-08-18T09:52:49.579981+00:00
33,590,Osula,15,FWD,49,0.6348,1.1176,0.18,0.1804,0.1818,0.0008,1,0,0,0,2026-08-18T09:52:28.690283+00:00,2026-08-18T09:52:49.579981+00:00
33,746,Howe,15,MID,15,0.4468,0.928,0.1,0.198,0.1088,0.0,1,1,0,0,2026-08-18T09:52:28.690283+00:00,2026-08-18T09:52:49.579981+00:00
33,789,Neave,15,FWD,45,0.4676,0.9207,0.1,0.198,0.1088,0.0004,1,0,0,0,2026-08-18T09:52:28.690283+00:00,2026-08-18T09:52:49.579981+00:00
33,26,Alex Moreno,16,DEF,42,0.7252,1.4511,0.22,0.1716,0.2183,0.0008,1,0,0,0,2026-08-18T09:52:28.690283+00:00,2026-08-18T09:52:49.579981+00:00
33,422,Aina,16,DEF,52,2.6836,2.3115,0.82,0.0324,0.7652,0.0072,1,0,0,0,2026-08-18T09:52:28.690283+00:00,2026-08-18T09:52:49.579981+00:00
33,423,Anderson,16,MID,50,2.4072,1.896,0.82,0.0324,0.7652,0.0068,1,10,90,1,2026-08-18T09:52:28.690283+00:00,2026-08-18T09:52:49.579981+00:00
33,424,Awoniyi,16,FWD,55,0,0,0.0,0.0,0.0,0,1,1,14,0,2026-08-18T09:52:28.690283+00:00,2026-08-18T09:52:49.579981+00:00
33,425,Boly,16,DEF,42,0.4328,1.0133,0.1,0.198,0.1088,0.0,1,0,0,0,2026-08-18T09:52:28.690283+00:00,2026-08-18T09:52:49.579981+00:00
33,426,Bowler,16,MID,45,0,0,0.0,0.0,0.0,0,1,0,0,0,2026-08-18T09:52:28.690283+00:00,2026-08-18T09:52:49.579981+00:00
33,427,C.Miguel,16,GKP,41,0.172,0.7464,0.04,0.0384,0.0403,0.0,1,0,0,0,2026-08-18T09:52:28.690283+00:00,2026-08-18T09:52:49.579981+00:00
33,428,Da Silva Moreira,16,MID,43,0.4884,1.0256,0.1,0.198,0.1088,0.0008,1,0,0,0,2026-08-18T09:52:28.690283+00:00,2026-08-18T09:52:49.579981+00:00
33,429,Danilo,16,MID,47,0.856,1.2406,0.28,0.1584,0.2731,0.0,1,1,57,1,2026-08-18T09:52:28.690283+00:00,2026-08-18T09:52:49.579981+00:00
33,430,Dennis,16,FWD,49,0,0,0.0,0.0,0.0,0,1,0,0,0,2026-08-18T09:52:28.690283+00:00,2026-08-18T09:52:49.579981+00:00
33,431,Dominguez,16,MID,48,1.6228,1.641,0.68,0.0576,0.637,0.0024,1,4,57,1,2026-08-18T09:52:28.690283+00:00,2026-08-18T09:52:49.579981+00:00
33,432,Elanga,16,MID,54,3.2892,2.6948,0.82,0.0324,0.7652,0.0292,1,4,45,1,2026-08-18T09:52:28.690283+00:00,2026-08-18T09:52:49.579981+00:00
33,433,Gibbs-White,16,MID,65,3.0828,2.4921,0.82,0.0324,0.7652,0.0212,1,1,90,1,2026-08-18T09:52:28.690283+00:00,2026-08-18T09:52:49.579981+00:00
33,434,Hudson-Odoi,16,MID,52,2.666,2.0361,0.82,0.0324,0.7652,0.0084,1,1,32,0,2026-08-18T09:52:28.690283+00:00,2026-08-18T09:52:49.579981+00:00
33,435,Mighten,16,MID,45,0,0,0.0,0.0,0.0,0,1,0,0,0,2026-08-18T09:52:28.690283+00:00,2026-08-18T09:52:49.579981+00:00
33,436,Murillo,16,DEF,47,2.9156,2.3706,0.9,0.018,0.8384,0.0104,1,2,90,1,2026-08-18T09:52:28.690283+00:00,2026-08-18T09:52:49.579981+00:00
33,437,N.Williams,16,DEF,45,0.7496,1.6149,0.22,0.1404,0.2158,0.0024,1,2,90,1,2026-08-18T09:52:28.690283+00:00,2026-08-18T09:52:49.579981+00:00
33,438,O.Richards,16,DEF,45,0,0,0.0,0.0,0.0,0,1,0,0,0,2026-08-18T09:52:28.690283+00:00,2026-08-18T09:52:49.579981+00:00
33,439,O'Brien,16,MID,50,0,0,0.0,0.0,0.0,0,1,0,0,0,2026-08-18T09:52:28.690283+00:00,2026-08-18T09:52:49.579981+00:00
33,440,Omobamidele,16,DEF,42,0,0,0.0,0.0,0.0,0,1,0,0,0,2026-08-18T09:52:28.690283+00:00,2026-08-18T09:52:49.579981+00:00
33,441,Panzo,16,DEF,40,0,0,0.0,0.0,0.0,0,1,0,0,0,2026-08-18T09:52:28.690283+00:00,2026-08-18T09:52:49.579981+00:00
33,442,Sangaré,16,MID,43,0.8088,1.1579,0.28,0.1584,0.2731,0.0004,1,0,0,0,2026-08-18T09:52:28.690283+00:00,2026-08-18T09:52:49.579981+00:00
33,443,Sels,16,GKP,51,3.0268,2.1406,0.9,0.008,0.8376,0.0008,1,2,90,1,2026-08-18T09:52:28.690283+00:00,2026-08-18T09:52:49.579981+00:00
33,444,Toffolo,16,DEF,42,0.468,1.1278,0.1,0.198,0.1088,0.0,1,1,90,1,2026-08-18T09:52:28.690283+00:00,2026-08-18T09:52:49.579981+00:00
33,446,Ui-jo,16,FWD,45,0,0,0.0,0.0,0.0,0,1,0,0,0,2026-08-18T09:52:28.690283+00:00,2026-08-18T09:52:49.579981+00:00
33,447,Wood,16,FWD,69,3.71,2.891,0.82,0.0324,0.7652,0.0384,1,8,75,1,2026-08-18T09:52:28.690283+00:00,2026-08-18T09:52:49.579981+00:00
33,448,Worrall,16,DEF,45,0,0,0.0,0.0,0.0,0,1,0,0,0,2026-08-18T09:52:28.690283+00:00,2026-08-18T09:52:49.579981+00:00
33,449,Yates,16,MID,48,1.9464,1.9377,0.68,0.0576,0.637,0.0028,1,0,32,0,2026-08-18T09:52:28.690283+00:00,2026-08-18T09:52:49.579981+00:00
33,573,Milenković,16,DEF,51,2.7736,2.5919,0.9,0.018,0.8384,0.0208,1,2,90,1,2026-08-18T09:52:28.690283+00:00,2026-08-18T09:52:49.579981+00:00
33,596,Jota Silva,16,MID,59,1.5432,2.0363,0.48,0.1456,0.458,0.0104,1,0,0,0,2026-08-18T09:52:28.690283+00:00,2026-08-18T09:52:49.579981+00:00
33,620,Sosa,16,MID,55,1.4276,1.8231,0.45,0.154,0.4308,0.0068,1,1,1,0,2026-08-18T09:52:28.690283+00:00,2026-08-18T09:52:49.579981+00:00
33,653,Morato,16,DEF,45,0.712,1.4354,0.22,0.1716,0.2183,0.0004,1,1,45,1,2026-08-18T09:52:28.690283+00:00,2026-08-18T09:52:49.579981+00:00
33,706,Abbott,16,DEF,40,0.4964,1.1724,0.1,0.198,0.1088,0.0,1,0,0,0,2026-08-18T09:52:28.690283+00:00,2026-08-18T09:52:49.579981+00:00
33,721,Hennessey,16,GKP,40,0.1372,0.6476,0.04,0.0384,0.0403,0.0,1,0,0,0,2026-08-18T09:52:28.690283+00:00,2026-08-18T09:52:49.579981+00:00
33,747,Nuno,16,MID,11,0.4404,0.8468,0.1,0.198,0.1088,0.0,1,8,0,0,2026-08-18T09:52:28.690283+00:00,2026-08-18T09:52:49.579981+00:00
33,14,Ramsdale,17,GKP,44,3.4296,2.251,0.9,0.004,0.8373,0.0036,1,3,90,1,2026-08-18T09:52:28.690283+00:00,2026-08-18T09:52:49.579981+00:00
33,27,Archer,17,FWD,49,1.758,2.1252,0.48,0.1144,0.4556,0.0112,1,1,21,0,2026-08-18T09:52:28.690283+00:00,2026-08-18T09:52:49.579981+00:00
33,188,Ugochukwu,17,MID,44,1.1784,1.3892,0.48,0.1144,0.4556,0.0004,1,10,90,1,2026-08-18T09:52:28.690283+00:00,2026-08-18T09:52:49.579981+00:00
33,397,Fraser,17,MID,48,0.8252,1.2403,0.28,0.1584,0.2731,0.0008,1,0,0,0,2026-08-18T09:52:28.690283+00:00,2026-08-18T09:52:49.579981+00:00
33,451,Amo-Ameyaw,17,MID,44,0,0,0.0,0.0,0.0,0,1,0,0,0,2026-08-18T09:52:28.690283+00:00,2026-08-18T09:52:49.579981+00:00
33,452,Aribo,17,MID,49,2.252,2.1204,0.68,0.0576,0.637,0.006,1,0,0,0,2026-08-18T09:52:28.690283+00:00,2026-08-18T09:52:49.579981+00:00
33,453,Armstrong,17,FWD,51,0,0,0.0,0.0,0.0,0,1,0,0,0,2026-08-18T09:52:28.690283+00:00,2026-08-18T09:52:49.579981+00:00
33,454,Bazunu,17,GKP,43,0,0,0.0,0.0,0.0,0,1,0,0,0,2026-08-18T09:52:28.690283+00:00,2026-08-18T09:52:49.579981+00:00
33,455,Bednarek,17,DEF,40,0.4204,1.0481,0.11,0.1602,0.1151,0.0004,1,2,90,1,2026-08-18T09:52:28.690283+00:00,2026-08-18T09:52:49.579981+00:00
33,456,Bella-Kotchap,17,DEF,39,0.722,1.4615,0.22,0.1716,0.2183,0.0008,1,0,0,0,2026-08-18T09:52:28.690283+00:00,2026-08-18T09:52:49.579981+00:00
33,457,Bree,17,DEF,39,0.7428,1.4288,0.22,0.1716,0.2183,0.0012,1,0,0,0,2026-08-18T09:52:28.690283+00:00,2026-08-18T09:52:49.579981+00:00
33,458,Charles,17,MID,45,0,0,0.0,0.0,0.0,0,1,0,0,0,2026-08-18T09:52:28.690283+00:00,2026-08-18T09:52:49.579981+00:00
33,459,Edozie,17,MID,49,0,0,0.0,0.0,0.0,0,1,0,0,0,2026-08-18T09:52:28.690283+00:00,2026-08-18T09:52:49.579981+00:00
33,460,Edwards,17,DEF,39,0,0,0.0,0.0,0.0,0,1,0,0,0,2026-08-18T09:52:28.690283+00:00,2026-08-18T09:52:49.579981+00:00
33,461,Harwood-Bellis,17,DEF,40,0,0,0.0,0.0,0.0,0,1,2,84,1,2026-08-18T09:52:28.690283+00:00,2026-08-18T09:52:49.579981+00:00
33,462,Kamaldeen,17,MID,50,1.58,1.7991,0.48,0.1144,0.4556,0.0036,1,2,73,1,2026-08-18T09:52:28.690283+00:00,2026-08-18T09:52:49.579981+00:00
33,463,Lallana,17,MID,50,0.9264,1.4445,0.28,0.1584,0.2731,0.0012,1,0,0,0,2026-08-18T09:52:28.690283+00:00,2026-08-18T09:52:49.579981+00:00
33,464,Larios,17,DEF,39,0.4768,1.1553,0.1,0.198,0.1088,0.0004,1,0,0,0,2026-08-18T09:52:28.690283+00:00,2026-08-18T09:52:49.579981+00:00
33,465,Lis,17,GKP,40,0,0,0.0,0.0,0.0,0,1,0,0,0,2026-08-18T09:52:28.690283+00:00,2026-08-18T09:52:49.579981+00:00
33,466,Lumley,17,GKP,40,0.1848,0.8559,0.04,0.0384,0.0403,0.0,1,0,0,0,2026-08-18T09:52:28.690283+00:00,2026-08-18T09:52:49.579981+00:00
33,467,Manning,17,DEF,43,0.8164,1.5527,0.22,0.1716,0.2183,0.0008,1,2,84,1,2026-08-18T09:52:28.690283+00:00,2026-08-18T09:52:49.579981+00:00
33,468,Mara,17,FWD,50,0,0,0.0,0.0,0.0,0,1,0,0,0,2026-08-18T09:52:28.690283+00:00,2026-08-18T09:52:49.579981+00:00
33,469,McCarthy,17,GKP,42,0.2288,0.9217,0.04,0.0384,0.0403,0.0004,1,0,0,0,2026-08-18T09:52:28.690283+00:00,2026-08-18T09:52:49.579981+00:00
33,470,Onuachu,17,FWD,49,1.5004,1.9123,0.48,0.1144,0.4556,0.0056,1,1,68,1,2026-08-18T09:52:28.690283+00:00,2026-08-18T09:52:49.579981+00:00
33,471,Smallbone,17,MID,50,0.9112,1.4196,0.28,0.1584,0.2731,0.0004,1,0,0,0,2026-08-18T09:52:28.690283+00:00,2026-08-18T09:52:49.579981+00:00
33,472,Stephens,17,DEF,40,0.7292,1.4391,0.22,0.1716,0.2183,0.0012,1,2,90,1,2026-08-18T09:52:28.690283+00:00,2026-08-18T09:52:49.579981+00:00
33,473,Stewart,17,FWD,44,0.4736,0.9321,0.1,0.198,0.1088,0.0,1,1,5,0,2026-08-18T09:52:28.690283+00:00,2026-08-18T09:52:49.579981+00:00
33,474,Sugawara,17,DEF,42,0.816,1.5523,0.22,0.1716,0.2183,0.0012,1,0,0,0,2026-08-18T09:52:28.690283+00:00,2026-08-18T09:52:49.579981+00:00
33,475,Taylor,17,DEF,39,0.4732,1.0689,0.1,0.198,0.1088,0.0004,1,0,0,0,2026-08-18T09:52:28.690283+00:00,2026-08-18T09:52:49.579981+00:00
33,476,Walker-Peters,17,DEF,42,0.4816,1.2168,0.11,0.1602,0.1151,0.0008,1,5,90,1,2026-08-18T09:52:28.690283+00:00,2026-08-18T09:52:49.579981+00:00
33,477,Wood,17,DEF,40,0.7468,1.4398,0.22,0.1716,0.2183,0.0004,1,0,0,0,2026-08-18T09:52:28.690283+00:00,2026-08-18T09:52:49.579981+00:00
33,515,Cornet,17,MID,47,0,0,0.0,0.0,0.0,0,1,0,0,0,2026-08-18T09:52:28.690283+00:00,2026-08-18T09:52:49.579981+00:00
33,518,Downes,17,MID,47,1.538,1.4902,0.68,0.0576,0.637,0.0016,1,2,90,1,2026-08-18T09:52:28.690283+00:00,2026-08-18T09:52:49.579981+00:00
33,584,Brereton Díaz,17,MID,48,0,0,0.0,0.0,0.0,0,1,0,0,0,2026-08-18T09:52:28.690283+00:00,2026-08-18T09:52:49.579981+00:00
33,608,Dibling,17,MID,43,1.9976,2.001,0.68,0.0576,0.637,0.0052,1,1,16,0,2026-08-18T09:52:28.690283+00:00,2026-08-18T09:52:49.579981+00:00
33,623,M.Fernandes,17,MID,50,2.6696,2.3043,0.82,0.0324,0.7652,0.0132,1,2,90,1,2026-08-18T09:52:28.690283+00:00,2026-08-18T09:52:49.579981+00:00
33,693,O'Brien-Whitmarsh,17,MID,45,0,0,0.0,0.0,0.0,0,1,0,0,0,2026-08-18T09:52:28.690283+00:00,2026-08-18T09:52:49.579981+00:00
33,718,Welington,17,DEF,40,0.7212,1.452,0.22,0.1716,0.2183,0.0012,1,1,5,0,2026-08-18T09:52:28.690283+00:00,2026-08-18T09:52:49.579981+00:00
33,719,Kayi Sanda,17,DEF,40,0.4552,1.0321,0.1,0.198,0.1088,0.0,1,0,0,0,2026-08-18T09:52:28.690283+00:00,2026-08-18T09:52:49.579981+00:00
33,734,Grønbæk,17,MID,49,0.4224,0.8847,0.09,0.2002,0.0997,0.0,1,0,0,0,2026-08-18T09:52:28.690283+00:00,2026-08-18T09:52:49.579981+00:00
33,748,Rusk,17,MID,5,0.4496,0.9264,0.1,0.198,0.1088,0.0,1,4,0,0,2026-08-18T09:52:28.690283+00:00,2026-08-18T09:52:49.579981+00:00
33,798,Jay Robinson,17,FWD,45,0.4672,0.9224,0.1,0.198,0.1088,0.0008,1,0,0,0,2026-08-18T09:52:28.690283+00:00,2026-08-18T09:52:49.579981+00:00
33,804,Moore,17,DEF,40,0.4904,1.1293,0.1,0.198,0.1088,0.0008,1,,,,2026-08-18T09:52:28.690283+00:00,
33,82,Solanke,18,FWD,73,3.488,2.9246,0.82,0.0324,0.7652,0.0496,1,1,23,0,2026-08-18T09:52:28.690283+00:00,2026-08-18T09:52:49.579981+00:00
33,478,A.Phillips,18,DEF,40,0,0,0.0,0.0,0.0,0,1,0,0,0,2026-08-18T09:52:28.690283+00:00,2026-08-18T09:52:49.579981+00:00
33,479,Austin,18,GKP,40,0.1724,0.7671,0.04,0.0384,0.0403,0.0,1,0,0,0,2026-08-18T09:52:28.690283+00:00,2026-08-18T09:52:49.579981+00:00
33,480,Bentancur,18,MID,49,1.8976,1.9124,0.68,0.0704,0.638,0.0044,1,2,90,1,2026-08-18T09:52:28.690283+00:00,2026-08-18T09:52:49.579981+00:00
33,481,Bergvall,18,MID,44,0,0,0.0,0.0,0.0,0,1,1,9,0,2026-08-18T09:52:28.690283+00:00,2026-08-18T09:52:49.579981+00:00
33,482,Bissouma,18,MID,48,1.3624,1.6207,0.48,0.1144,0.4556,0.0008,1,0,0,0,2026-08-18T09:52:28.690283+00:00,2026-08-18T09:52:49.579981+00:00
33,483,Bryan,18,MID,50,0,0,0.0,0.0,0.0,0,1,0,0,0,2026-08-18T09:52:28.690283+00:00,2026-08-18T09:52:49.579981+00:00
33,484,Davies,18,DEF,43,0.802,1.625,0.22,0.1716,0.2183,0.0016,1,1,45,1,2026-08-18T09:52:28.690283+00:00,2026-08-18T09:52:49.579981+00:00
33,485,Devine,18,MID,45,0,0,0.0,0.0,0.0,0,1,0,0,0,2026-08-18T09:52:28.690283+00:00,2026-08-18T09:52:49.579981+00:00
33,486,Dragusin,18,DEF,43,0,0,0.0,0.0,0.0,0,1,0,0,0,2026-08-18T09:52:28.690283+00:00,2026-08-18T09:52:49.579981+00:00
33,487,E.Royal,18,DEF,45,0,0,0.0,0.0,0.0,0,1,0,0,0,2026-08-18T09:52:28.690283+00:00,2026-08-18T09:52:49.579981+00:00
33,488,Forster,18,GKP,43,0.1864,0.8827,0.04,0.0384,0.0403,0.0,1,0,0,0,2026-08-18T09:52:28.690283+00:00,2026-08-18T09:52:49.579981+00:00
33,489,Gray,18,MID,46,1.3448,1.3483,0.48,0.1144,0.4556,0.0,1,0,0,0,2026-08-18T09:52:28.690283+00:00,2026-08-18T09:52:49.579981+00:00
33,490,Højbjerg,18,MID,50,0,0,0.0,0.0,0.0,0,1,0,0,0,2026-08-18T09:52:28.690283+00:00,2026-08-18T09:52:49.579981+00:00
33,491,Johnson,18,MID,62,3.9856,4.1262,0.68,0.0576,0.637,0.0944,1,1,23,0,2026-08-18T09:52:28.690283+00:00,2026-08-18T09:52:49.579981+00:00
33,492,Kulusevski,18,MID,62,0,0,0.0,0.0,0.0,0,1,2,66,1,2026-08-18T09:52:28.690283+00:00,2026-08-18T09:52:49.579981+00:00
33,493,Lo Celso,18,MID,49,0,0,0.0,0.0,0.0,0,1,0,0,0,2026-08-18T09:52:28.690283+00:00,2026-08-18T09:52:49.579981+00:00
33,494,Maddison,18,MID,74,0,0,0.0,0.0,0.0,0,1,0,0,0,2026-08-18T09:52:28.690283+00:00,2026-08-18T09:52:49.579981+00:00
33,495,Pedro Porro,18,DEF,53,3.1148,2.8358,0.82,0.0324,0.7652,0.024,1,5,90,1,2026-08-18T09:52:28.690283+00:00,2026-08-18T09:52:49.579981+00:00
33,496,Reguilón,18,DEF,41,0.5348,1.2325,0.1,0.198,0.1088,0.0004,1,0,0,0,2026-08-18T09:52:28.690283+00:00,2026-08-18T09:52:49.579981+00:00
33,497,Richarlison,18,FWD,68,1.7356,2.2685,0.45,0.154,0.4308,0.0148,1,6,90,1,2026-08-18T09:52:28.690283+00:00,2026-08-18T09:52:49.579981+00:00
33,498,Romero,18,DEF,49,0,0,0.0,0.0,0.0,0,1,-1,45,1,2026-08-18T09:52:28.690283+00:00,2026-08-18T09:52:49.579981+00:00
33,499,P.M.Sarr,18,MID,47,2.3536,2.4253,0.68,0.0704,0.638,0.0136,1,2,80,1,2026-08-18T09:52:28.690283+00:00,2026-08-18T09:52:49.579981+00:00
33,500,Scarlett,18,FWD,44,0.4272,0.8995,0.1,0.198,0.1088,0.0,1,0,0,0,2026-08-18T09:52:28.690283+00:00,2026-08-18T09:52:49.579981+00:00
33,502,Solomon,18,MID,54,0,0,0.0,0.0,0.0,0,1,0,0,0,2026-08-18T09:52:28.690283+00:00,2026-08-18T09:52:49.579981+00:00
33,503,Son,18,MID,98,2.3564,3.355,0.41,0.1062,0.3898,0.0476,1,0,0,0,2026-08-18T09:52:28.690283+00:00,2026-08-18T09:52:49.579981+00:00
33,504,Spence,18,DEF,44,0.9756,1.8875,0.22,0.1716,0.2183,0.0052,1,1,90,1,2026-08-18T09:52:28.690283+00:00,2026-08-18T09:52:49.579981+00:00
33,505,Udogie,18,DEF,48,2.2248,2.3325,0.68,0.0576,0.637,0.0068,1,0,0,0,2026-08-18T09:52:28.690283+00:00,2026-08-18T09:52:49.579981+00:00
33,506,Van de Ven,18,DEF,45,0.8524,1.7111,0.22,0.1716,0.2183,0.004,1,0,45,1,2026-08-18T09:52:28.690283+00:00,2026-08-18T09:52:49.579981+00:00
33,507,Veliz,18,FWD,50,0,0,0.0,0.0,0.0,0,1,0,0,0,2026-08-18T09:52:28.690283+00:00,2026-08-18T09:52:49.579981+00:00
33,508,Vicario,18,GKP,48,3.3932,2.2724,0.9,0.008,0.8376,0.0008,1,1,90,1,2026-08-18T09:52:28.690283+00:00,2026-08-18T09:52:49.579981+00:00
33,509,Werner,18,MID,62,0.8868,1.7191,0.14,0.2408,0.1495,0.0052,1,0,0,0,2026-08-18T09:52:28.690283+00:00,2026-08-18T09:52:49.579981+00:00
33,510,Whiteman,18,GKP,39,0.1572,0.7472,0.04,0.0384,0.0403,0.0,1,0,0,0,2026-08-18T09:52:28.690283+00:00,2026-08-18T09:52:49.579981+00:00
33,609,Lankshear,18,FWD,45,0,0,0.0,0.0,0.0,0,1,0,0,0,2026-08-18T09:52:28.690283+00:00,2026-08-18T09:52:49.579981+00:00
33,610,Moore,18,MID,45,0.4956,1.0606,0.1,0.198,0.1088,0.0,1,0,0,0,2026-08-18T09:52:28.690283+00:00,2026-08-18T09:52:49.579981+00:00
33,612,Odobert,18,MID,53,1.0176,1.5952,0.28,0.1584,0.2731,0.0024,1,2,66,1,2026-08-18T09:52:28.690283+00:00,2026-08-18T09:52:49.579981+00:00
33,683,Olusesi,18,MID,45,0.474,1.0112,0.1,0.198,0.1088,0.0004,1,0,0,0,2026-08-18T09:52:28.690283+00:00,2026-08-18T09:52:49.579981+00:00
33,684,Hardy,18,DEF,40,0.5044,1.1877,0.1,0.198,0.1088,0.0008,1,0,0,0,2026-08-18T09:52:28.690283+00:00,2026-08-18T09:52:49.579981+00:00
33,689,Williams-Barnett,18,MID,45,0,0,0.0,0.0,0.0,0,1,0,0,0,2026-08-18T09:52:28.690283+00:00,2026-08-18T09:52:49.579981+00:00
33,699,Dorrington,18,DEF,40,0,0,0.0,0.0,0.0,0,1,0,0,0,2026-08-18T09:52:28.690283+00:00,2026-08-18T09:52:49.579981+00:00
33,700,King,18,DEF,40,0.516,1.2696,0.1,0.198,0.1088,0.0012,1,0,0,0,2026-08-18T09:52:28.690283+00:00,2026-08-18T09:52:49.579981+00:00
33,716,Kinsky,18,GKP,41,0.1916,0.8414,0.04,0.0384,0.0403,0.0,1,0,0,0,2026-08-18T09:52:28.690283+00:00,2026-08-18T09:52:49.579981+00:00
33,717,Yang,18,MID,45,0,0,0.0,0.0,0.0,0,1,0,0,0,2026-08-18T09:52:28.690283+00:00,2026-08-18T09:52:49.579981+00:00
33,729,Ajayi,18,MID,45,0.4752,1.0053,0.1,0.198,0.1088,0.0,1,0,0,0,2026-08-18T09:52:28.690283+00:00,2026-08-18T09:52:49.579981+00:00
33,749,Postecoglou,18,MID,11,0.456,0.9447,0.1,0.198,0.1088,0.0004,1,1,0,0,2026-08-18T09:52:28.690283+00:00,2026-08-18T09:52:49.579981+00:00
33,760,Cassanova,18,DEF,40,0.5132,1.2306,0.1,0.198,0.1088,0.0004,1,0,0,0,2026-08-18T09:52:28.690283+00:00,2026-08-18T09:52:49.579981+00:00
33,767,Danso,18,DEF,44,0.8376,1.6741,0.22,0.1716,0.2183,0.002,1,1,45,1,2026-08-18T09:52:28.690283+00:00,2026-08-18T09:52:49.579981+00:00
33,768,Tel,18,MID,58,1.142,1.9331,0.28,0.2016,0.2765,0.0056,1,2,90,1,2026-08-18T09:52:28.690283+00:00,2026-08-18T09:52:49.579981+00:00
33,123,Ferguson,19,FWD,55,1.0524,1.6038,0.28,0.2016,0.2765,0.0032,1,1,4,0,2026-08-18T09:52:28.690283+00:00,2026-08-18T09:52:49.579981+00:00
33,388,Wan-Bissaka,19,DEF,45,1.0084,2.0111,0.22,0.1404,0.2158,0.0072,1,0,0,0,2026-08-18T09:52:28.690283+00:00,2026-08-18T09:52:49.579981+00:00
33,511,Álvarez,19,MID,50,1.6664,1.4862,0.68,0.0576,0.637,0.0012,1,0,0,0,2026-08-18T09:52:28.690283+00:00,2026-08-18T09:52:49.579981+00:00
33,512,Antonio,19,FWD,52,0,0,0.0,0.0,0.0,0,1,0,0,0,2026-08-18T09:52:28.690283+00:00,2026-08-18T09:52:49.579981+00:00
33,513,Areola,19,GKP,42,0.1796,0.835,0.04,0.0384,0.0403,0.0,1,3,90,1,2026-08-18T09:52:28.690283+00:00,2026-08-18T09:52:49.579981+00:00
33,514,Bowen,19,MID,75,3.944,3.2757,0.82,0.0324,0.7652,0.0628,1,9,85,1,2026-08-18T09:52:28.690283+00:00,2026-08-18T09:52:49.579981+00:00
33,516,Coufal,19,DEF,41,0.8436,1.6974,0.22,0.1716,0.2183,0.002,1,1,90,1,2026-08-18T09:52:28.690283+00:00,2026-08-18T09:52:49.579981+00:00
33,517,Cresswell,19,DEF,39,0.978,1.8469,0.22,0.1716,0.2183,0.002,1,0,0,0,2026-08-18T09:52:28.690283+00:00,2026-08-18T09:52:49.579981+00:00
33,519,Earthy,19,MID,45,0,0,0.0,0.0,0.0,0,1,0,0,0,2026-08-18T09:52:28.690283+00:00,2026-08-18T09:52:49.579981+00:00
33,520,Emerson,19,DEF,44,1.01,2.1158,0.22,0.1404,0.2158,0.0088,1,8,79,1,2026-08-18T09:52:28.690283+00:00,2026-08-18T09:52:49.579981+00:00
33,521,Fabianski,19,GKP,40,3.548,2.3776,0.9,0.004,0.8373,0.0032,1,0,0,0,2026-08-18T09:52:28.690283+00:00,2026-08-18T09:52:49.579981+00:00
33,522,Foderingham,19,GKP,42,0.1868,0.899,0.04,0.0384,0.0403,0.0,1,0,0,0,2026-08-18T09:52:28.690283+00:00,2026-08-18T09:52:49.579981+00:00
33,523,Ings,19,FWD,49,0.7388,1.4415,0.18,0.1804,0.1818,0.0036,1,0,0,0,2026-08-18T09:52:28.690283+00:00,2026-08-18T09:52:49.579981+00:00
33,524,Kilman,19,DEF,43,0.876,1.7847,0.22,0.1404,0.2158,0.0032,1,1,90,1,2026-08-18T09:52:28.690283+00:00,2026-08-18T09:52:49.579981+00:00
33,525,Kudus,19,MID,62,3.4564,2.8848,0.82,0.0324,0.7652,0.0376,1,3,74,1,2026-08-18T09:52:28.690283+00:00,2026-08-18T09:52:49.579981+00:00
33,526,L.Guilherme,19,MID,46,0.7144,1.3096,0.18,0.1804,0.1818,0.0004,1,1,15,0,2026-08-18T09:52:28.690283+00:00,2026-08-18T09:52:49.579981+00:00
33,527,L.Paquetá,19,MID,57,3.2484,2.8646,0.82,0.0324,0.7652,0.0328,1,2,90,1,2026-08-18T09:52:28.690283+00:00,2026-08-18T09:52:49.579981+00:00
33,528,Mavropanos,19,DEF,43,0.9272,1.957,0.22,0.1404,0.2158,0.006,1,1,4,0,2026-08-18T09:52:28.690283+00:00,2026-08-18T09:52:49.579981+00:00
33,529,N.Aguerd,19,DEF,44,0,0,0.0,0.0,0.0,0,1,0,0,0,2026-08-18T09:52:28.690283+00:00,2026-08-18T09:52:49.579981+00:00
33,530,Souček,19,MID,49,3.3212,2.8791,0.82,0.0324,0.7652,0.0376,1,1,10,0,2026-08-18T09:52:28.690283+00:00,2026-08-18T09:52:49.579981+00:00
33,531,Ward-Prowse,19,MID,61,1.6,1.8594,0.48,0.1456,0.458,0.004,1,3,85,1,2026-08-18T09:52:28.690283+00:00,2026-08-18T09:52:49.579981+00:00
33,532,Zouma,19,DEF,44,0,0,0.0,0.0,0.0,0,1,0,0,0,2026-08-18T09:52:28.690283+00:00,2026-08-18T09:52:49.579981+00:00
33,576,Irving,19,MID,47,0.7312,1.2485,0.18,0.1804,0.1818,0.0004,1,0,0,0,2026-08-18T09:52:28.690283+00:00,2026-08-18T09:52:49.579981+00:00
33,587,Summerville,19,MID,55,0,0,0.0,0.0,0.0,0,1,0,0,0,2026-08-18T09:52:28.690283+00:00,2026-08-18T09:52:49.579981+00:00
33,588,G.Rodríguez,19,MID,48,1.2072,1.3906,0.48,0.1144,0.4556,0.0008,1,0,0,0,2026-08-18T09:52:28.690283+00:00,2026-08-18T09:52:49.579981+00:00
33,589,Füllkrug,19,FWD,67,1.2076,1.9713,0.28,0.2016,0.2765,0.0076,1,5,79,1,2026-08-18T09:52:28.690283+00:00,2026-08-18T09:52:49.579981+00:00
33,591,Todibo,19,DEF,42,0.8664,1.6534,0.22,0.1716,0.2183,0.002,1,2,90,1,2026-08-18T09:52:28.690283+00:00,2026-08-18T09:52:49.579981+00:00
33,643,Casey,19,DEF,40,0.5392,1.2941,0.1,0.198,0.1088,0.0004,1,0,0,0,2026-08-18T09:52:28.690283+00:00,2026-08-18T09:52:49.579981+00:00
33,654,C.Soler,19,MID,50,1.5576,1.9896,0.48,0.1144,0.4556,0.004,1,2,90,1,2026-08-18T09:52:28.690283+00:00,2026-08-18T09:52:49.579981+00:00
33,677,Scarles,19,DEF,40,0.8724,1.666,0.22,0.1716,0.2183,0.0012,1,1,10,0,2026-08-18T09:52:28.690283+00:00,2026-08-18T09:52:49.579981+00:00
33,686,Mayers,19,DEF,40,0.5184,1.2341,0.1,0.198,0.1088,0.0004,1,0,0,0,2026-08-18T09:52:28.690283+00:00,2026-08-18T09:52:49.579981+00:00
33,701,Orford,19,MID,45,0.4744,0.9424,0.1,0.198,0.1088,0.0,1,0,0,0,2026-08-18T09:52:28.690283+00:00,2026-08-18T09:52:49.579981+00:00
33,750,Potter,19,MID,5,0.4684,0.9574,0.1,0.198,0.1088,0.0004,1,4,0,0,2026-08-18T09:52:28.690283+00:00,2026-08-18T09:52:49.579981+00:00
33,204,Johnstone,20,GKP,41,0,0,0.0,0.0,0.0,0,1,0,0,0,2026-08-18T09:52:28.690283+00:00,2026-08-18T09:52:49.579981+00:00
33,533,Aït-Nouri,20,DEF,49,2.8416,2.6441,0.82,0.0324,0.7652,0.0236,1,5,81,1,2026-08-18T09:52:28.690283+00:00,2026-08-18T09:52:49.579981+00:00
33,534,B.Traore,20,MID,48,0.6596,1.185,0.18,0.1804,0.1818,0.0,1,0,0,0,2026-08-18T09:52:28.690283+00:00,2026-08-18T09:52:49.579981+00:00
33,535,Bellegarde,20,MID,49,2.0876,1.9324,0.68,0.0704,0.638,0.0048,1,0,0,0,2026-08-18T09:52:28.690283+00:00,2026-08-18T09:52:49.579981+00:00
33,536,Bentley,20,GKP,39,0.138,0.6449,0.04,0.0384,0.0403,0.0,1,7,90,1,2026-08-18T09:52:28.690283+00:00,2026-08-18T09:52:49.579981+00:00
33,537,Chiquinho,20,MID,45,0,0,0.0,0.0,0.0,0,1,0,0,0,2026-08-18T09:52:28.690283+00:00,2026-08-18T09:52:49.579981+00:00
33,538,Chirewa,20,MID,45,0,0,0.0,0.0,0.0,0,1,0,0,0,2026-08-18T09:52:28.690283+00:00,2026-08-18T09:52:49.579981+00:00
33,539,Chiwome,20,FWD,44,0,0,0.0,0.0,0.0,0,1,0,0,0,2026-08-18T09:52:28.690283+00:00,2026-08-18T09:52:49.579981+00:00
33,540,Cundle,20,MID,45,0,0,0.0,0.0,0.0,0,1,0,0,0,2026-08-18T09:52:28.690283+00:00,2026-08-18T09:52:49.579981+00:00
33,541,Cunha,20,FWD,68,3.6604,2.8313,0.82,0.0324,0.7652,0.0388,1,8,90,1,2026-08-18T09:52:28.690283+00:00,2026-08-18T09:52:49.579981+00:00
33,542,Dawson,20,DEF,42,0.7424,1.473,0.22,0.1716,0.2183,0.002,1,0,0,0,2026-08-18T09:52:28.690283+00:00,2026-08-18T09:52:49.579981+00:00
33,543,Doherty,20,DEF,43,0.7348,1.562,0.22,0.1404,0.2158,0.0024,1,1,8,0,2026-08-18T09:52:28.690283+00:00,2026-08-18T09:52:49.579981+00:00
33,544,Doyle,20,MID,47,0.846,1.3311,0.28,0.1584,0.2731,0.0008,1,0,0,0,2026-08-18T09:52:28.690283+00:00,2026-08-18T09:52:49.579981+00:00
33,545,Fábio Silva,20,FWD,50,0,0,0.0,0.0,0.0,0,1,0,0,0,2026-08-18T09:52:28.690283+00:00,2026-08-18T09:52:49.579981+00:00
33,546,Fraser,20,FWD,45,0,0,0.0,0.0,0.0,0,1,0,0,0,2026-08-18T09:52:28.690283+00:00,2026-08-18T09:52:49.579981+00:00
33,547,Gonzalez,20,MID,44,0,0,0.0,0.0,0.0,0,1,0,0,0,2026-08-18T09:52:28.690283+00:00,2026-08-18T09:52:49.579981+00:00
33,548,Guedes,20,MID,53,1.1292,1.8879,0.28,0.1584,0.2731,0.0052,1,0,0,0,2026-08-18T09:52:28.690283+00:00,2026-08-18T09:52:49.579981+00:00
33,549,H.Bueno,20,DEF,45,0,0,0.0,0.0,0.0,0,1,0,0,0,2026-08-18T09:52:28.690283+00:00,2026-08-18T09:52:49.579981+00:00
33,550,Hee Chan,20,MID,61,1.0512,1.6023,0.28,0.2016,0.2765,0.002,1,0,0,0,2026-08-18T09:52:28.690283+00:00,2026-08-18T09:52:49.579981+00:00
33,551,Hodge,20,MID,45,0,0,0.0,0.0,0.0,0,1,0,0,0,2026-08-18T09:52:28.690283+00:00,2026-08-18T09:52:49.579981+00:00
33,552,Hoever,20,DEF,40,0,0,0.0,0.0,0.0,0,1,0,0,0,2026-08-18T09:52:28.690283+00:00,2026-08-18T09:52:49.579981+00:00
33,553,J.Gomes,20,MID,49,2.3872,1.917,0.82,0.0324,0.7652,0.0092,1,3,90,1,2026-08-18T09:52:28.690283+00:00,2026-08-18T09:52:49.579981+00:00
33,554,José Sá,20,GKP,44,2.7464,2.0352,0.9,0.004,0.8373,0.0,1,0,0,0,2026-08-18T09:52:28.690283+00:00,2026-08-18T09:52:49.579981+00:00
33,555,Kalajdžić,20,FWD,48,0,0,0.0,0.0,0.0,0,1,0,0,0,2026-08-18T09:52:28.690283+00:00,2026-08-18T09:52:49.579981+00:00
33,556,King,20,GKP,40,0.1548,0.7482,0.04,0.0384,0.0403,0.0,1,0,0,0,2026-08-18T09:52:28.690283+00:00,2026-08-18T09:52:49.579981+00:00
33,557,Mario Jr.,20,MID,48,0,0,0.0,0.0,0.0,0,1,0,0,0,2026-08-18T09:52:28.690283+00:00,2026-08-18T09:52:49.579981+00:00
33,558,Mosquera,20,DEF,38,0,0,0.0,0.0,0.0,0,1,0,0,0,2026-08-18T09:52:28.690283+00:00,2026-08-18T09:52:49.579981+00:00
33,559,N.Semedo,20,DEF,45,0.7116,1.4769,0.22,0.1404,0.2158,0.0016,1,6,73,1,2026-08-18T09:52:28.690283+00:00,2026-08-18T09:52:49.579981+00:00
33,561,Pedro Lima,20,DEF,39,0.478,1.1155,0.1,0.198,0.1088,0.0004,1,0,0,0,2026-08-18T09:52:28.690283+00:00,2026-08-18T09:52:49.579981+00:00
33,562,Podence,20,MID,55,0,0,0.0,0.0,0.0,0,1,0,0,0,2026-08-18T09:52:28.690283+00:00,2026-08-18T09:52:49.579981+00:00
33,563,R.Gomes,20,MID,51,0.938,1.4296,0.28,0.1584,0.2731,0.0016,1,1,16,0,2026-08-18T09:52:28.690283+00:00,2026-08-18T09:52:49.579981+00:00
33,564,S.Bueno,20,DEF,43,0.7036,1.4644,0.22,0.1404,0.2158,0.0008,1,6,90,1,2026-08-18T09:52:28.690283+00:00,2026-08-18T09:52:49.579981+00:00
33,565,Sarabia,20,MID,50,1.1764,1.9741,0.28,0.1584,0.2731,0.0068,1,5,16,0,2026-08-18T09:52:28.690283+00:00,2026-08-18T09:52:49.579981+00:00
33,566,Strand Larsen,20,FWD,54,3.2572,2.6431,0.82,0.0324,0.7652,0.0364,1,2,73,1,2026-08-18T09:52:28.690283+00:00,2026-08-18T09:52:49.579981+00:00
33,567,Toti,20,DEF,43,0.6896,1.462,0.22,0.1404,0.2158,0.0012,1,9,90,1,2026-08-18T09:52:28.690283+00:00,2026-08-18T09:52:49.579981+00:00
33,637,Meupiyou,20,DEF,39,0.4532,1.1315,0.1,0.198,0.1088,0.0008,1,0,0,0,2026-08-18T09:52:28.690283+00:00,2026-08-18T09:52:49.579981+00:00
33,642,André,20,MID,50,1.8208,1.1567,0.82,0.0324,0.7652,0.0,1,2,90,1,2026-08-18T09:52:28.690283+00:00,2026-08-18T09:52:49.579981+00:00
33,655,Forbs,20,MID,54,0.6944,1.3222,0.18,0.1804,0.1818,0.0016,1,0,0,0,2026-08-18T09:52:28.690283+00:00,2026-08-18T09:52:49.579981+00:00
33,664,Pond,20,DEF,39,0.4644,1.0909,0.1,0.198,0.1088,0.0004,1,0,0,0,2026-08-18T09:52:28.690283+00:00,2026-08-18T09:52:49.579981+00:00
33,682,Edozie,20,MID,45,0.4784,0.9463,0.1,0.198,0.1088,0.0004,1,0,0,0,2026-08-18T09:52:28.690283+00:00,2026-08-18T09:52:49.579981+00:00
33,711,Okoduwa,20,DEF,40,0.48,1.092,0.1,0.198,0.1088,0.0,1,0,0,0,2026-08-18T09:52:28.690283+00:00,2026-08-18T09:52:49.579981+00:00
33,720,Agbadou,20,DEF,40,0.7072,1.3873,0.22,0.1716,0.2183,0.0012,1,7,90,1,2026-08-18T09:52:28.690283+00:00,2026-08-18T09:52:49.579981+00:00
33,751,Pereira,20,MID,8,0.4456,0.886,0.1,0.198,0.1088,0.0,1,9,0,0,2026-08-18T09:52:28.690283+00:00,2026-08-18T09:52:49.579981+00:00
33,769,Djiga,20,DEF,45,0.4516,1.0911,0.1,0.198,0.1088,0.0004,1,1,1,0,2026-08-18T09:52:28.690283+00:00,2026-08-18T09:52:49.579981+00:00
33,770,Munetsi,20,MID,50,1.138,1.8724,0.28,0.1584,0.2731,0.0052,1,3,90,1,2026-08-18T09:52:28.690283+00:00,2026-08-18T09:52:49.579981+00:00
33,784,Mané,20,FWD,45,0.4728,0.9617,0.1,0.198,0.1088,0.0004,1,0,0,0,2026-08-18T09:52:28.690283+00:00,2026-08-18T09:52:49.579981+00:00
