gw,player_id,web_name,team_id,position,now_cost,mu,sigma,p_start,p_sub,p_60,p_10_plus,n_fixtures,actual_points,actual_minutes,did_start,captured_at,scored_at
35,1,Fábio Vieira,1,MID,54,0,0,0.0,0.0,0.0,0,1,0,0,0,2026-08-18T09:52:32.132525+00:00,2026-08-18T09:52:49.641197+00:00
35,2,G.Jesus,1,FWD,65,0,0,0.0,0.0,0.0,0,1,0,0,0,2026-08-18T09:52:32.132525+00:00,2026-08-18T09:52:49.641197+00:00
35,3,Gabriel,1,DEF,62,0,0,0.0,0.0,0.0,0,1,0,0,0,2026-08-18T09:52:32.132525+00:00,2026-08-18T09:52:49.641197+00:00
35,4,Havertz,1,FWD,77,3.2824,3.2627,0.68,0.0576,0.637,0.058,1,0,0,0,2026-08-18T09:52:32.132525+00:00,2026-08-18T09:52:49.641197+00:00
35,5,Hein,1,GKP,40,0,0,0.0,0.0,0.0,0,1,0,0,0,2026-08-18T09:52:32.132525+00:00,2026-08-18T09:52:49.641197+00:00
35,6,J.Timber,1,DEF,57,0,0,0.0,0.0,0.0,0,1,0,0,0,2026-08-18T09:52:32.132525+00:00,2026-08-18T09:52:49.641197+00:00
35,7,Jorginho,1,MID,46,1.214,1.4646,0.48,0.1144,0.4556,0.0016,1,0,0,0,2026-08-18T09:52:32.132525+00:00,2026-08-18T09:52:49.641197+00:00
35,8,Kiwior,1,DEF,48,0.98,1.7465,0.28,0.1584,0.2731,0.0024,1,1,90,1,2026-08-18T09:52:32.132525+00:00,2026-08-18T09:52:49.641197+00:00
35,9,Martinelli,1,MID,65,3.2444,3.2703,0.68,0.0576,0.637,0.0492,1,2,85,1,2026-08-18T09:52:32.132525+00:00,2026-08-18T09:52:49.641197+00:00
35,12,Nwaneri,1,MID,44,1.7548,2.1017,0.48,0.1144,0.4556,0.006,1,1,4,0,2026-08-18T09:52:32.132525+00:00,2026-08-18T09:52:49.641197+00:00
35,13,Ødegaard,1,MID,82,3.7236,3.089,0.82,0.0324,0.7652,0.0536,1,8,90,1,2026-08-18T09:52:32.132525+00:00,2026-08-18T09:52:49.641197+00:00
35,15,Raya,1,GKP,56,3.1944,2.2306,0.9,0.008,0.8376,0.0004,1,1,90,1,2026-08-18T09:52:32.132525+00:00,2026-08-18T09:52:49.641197+00:00
35,16,Rice,1,MID,62,3.2408,2.518,0.82,0.0324,0.7652,0.024,1,9,73,1,2026-08-18T09:52:32.132525+00:00,2026-08-18T09:52:49.641197+00:00
35,17,Saka,1,MID,104,4.392,4.0909,0.68,0.0896,0.6396,0.1136,1,2,85,1,2026-08-18T09:52:32.132525+00:00,2026-08-18T09:52:49.641197+00:00
35,18,Saliba,1,DEF,66,0,0,0.0,0.0,0.0,0,1,1,90,1,2026-08-18T09:52:32.132525+00:00,2026-08-18T09:52:49.641197+00:00
35,20,Thomas,1,MID,49,2.6396,2.0066,0.82,0.0324,0.7652,0.0064,1,2,90,1,2026-08-18T09:52:32.132525+00:00,2026-08-18T09:52:49.641197+00:00
35,21,Tierney,1,DEF,43,0.5436,1.2918,0.1,0.198,0.1088,0.0004,1,0,0,0,2026-08-18T09:52:32.132525+00:00,2026-08-18T09:52:49.641197+00:00
35,22,Tomiyasu,1,DEF,48,0,0,0.0,0.0,0.0,0,1,0,0,0,2026-08-18T09:52:32.132525+00:00,2026-08-18T09:52:49.641197+00:00
35,23,Trossard,1,MID,67,3.7964,3.112,0.82,0.0324,0.7652,0.0504,1,2,90,1,2026-08-18T09:52:32.132525+00:00,2026-08-18T09:52:49.641197+00:00
35,24,White,1,DEF,61,1.6432,2.2214,0.48,0.1456,0.458,0.0064,1,1,85,1,2026-08-18T09:52:32.132525+00:00,2026-08-18T09:52:49.641197+00:00
35,25,Zinchenko,1,DEF,48,1.032,1.8149,0.28,0.1584,0.2731,0.0024,1,1,4,0,2026-08-18T09:52:32.132525+00:00,2026-08-18T09:52:49.641197+00:00
35,73,Neto,1,GKP,41,0.2208,0.9497,0.04,0.0384,0.0403,0.0,1,0,0,0,2026-08-18T09:52:32.132525+00:00,2026-08-18T09:52:49.641197+00:00
35,186,Sterling,1,MID,67,1.2656,1.9966,0.28,0.2016,0.2765,0.0092,1,1,4,0,2026-08-18T09:52:32.132525+00:00,2026-08-18T09:52:49.641197+00:00
35,578,Calafiori,1,DEF,58,1.718,2.3476,0.48,0.1456,0.458,0.0104,1,0,0,0,2026-08-18T09:52:32.132525+00:00,2026-08-18T09:52:49.641197+00:00
35,597,Lewis-Skelly,1,MID,45,1.2664,1.3453,0.48,0.1144,0.4556,0.0004,1,2,90,1,2026-08-18T09:52:32.132525+00:00,2026-08-18T09:52:49.641197+00:00
35,633,Merino,1,MID,61,2.2776,2.8812,0.48,0.1456,0.458,0.0232,1,1,16,0,2026-08-18T09:52:32.132525+00:00,2026-08-18T09:52:49.641197+00:00
35,638,Oulad M'hand,1,MID,45,0.5316,1.0803,0.1,0.198,0.1088,0.0008,1,0,0,0,2026-08-18T09:52:32.132525+00:00,2026-08-18T09:52:49.641197+00:00
35,639,Setford,1,GKP,45,0.1584,0.7364,0.04,0.0384,0.0403,0.0,1,0,0,0,2026-08-18T09:52:32.132525+00:00,2026-08-18T09:52:49.641197+00:00
35,657,Kacurri,1,DEF,40,0,0,0.0,0.0,0.0,0,1,0,0,0,2026-08-18T09:52:32.132525+00:00,2026-08-18T09:52:49.641197+00:00
35,659,Kabia,1,MID,45,0.4616,0.9458,0.1,0.198,0.1088,0.0,1,0,0,0,2026-08-18T09:52:32.132525+00:00,2026-08-18T09:52:49.641197+00:00
35,662,Nichols,1,DEF,40,0.5172,1.2247,0.1,0.198,0.1088,0.0,1,0,0,0,2026-08-18T09:52:32.132525+00:00,2026-08-18T09:52:49.641197+00:00
35,665,Butler-Oyedeji,1,FWD,45,0.464,0.9433,0.1,0.198,0.1088,0.0012,1,0,0,0,2026-08-18T09:52:32.132525+00:00,2026-08-18T09:52:49.641197+00:00
35,735,Arteta,1,MID,15,0.4732,0.9908,0.1,0.198,0.1088,0.0,1,1,0,0,2026-08-18T09:52:32.132525+00:00,2026-08-18T09:52:49.641197+00:00
35,756,Porter,1,GKP,40,0.1776,0.8241,0.04,0.0384,0.0403,0.0,1,0,0,0,2026-08-18T09:52:32.132525+00:00,2026-08-18T09:52:49.641197+00:00
35,790,Gower,1,MID,45,0.4748,1.0021,0.1,0.198,0.1088,0.0,1,0,0,0,2026-08-18T09:52:32.132525+00:00,2026-08-18T09:52:49.641197+00:00
35,793,Jack Henry-Francis,1,MID,45,0.4744,0.9745,0.1,0.198,0.1088,0.0,1,0,0,0,2026-08-18T09:52:32.132525+00:00,2026-08-18T09:52:49.641197+00:00
35,801,Clarke,1,DEF,40,0.4864,1.1839,0.1,0.198,0.1088,0.0,1,0,0,0,2026-08-18T09:52:32.132525+00:00,2026-08-18T09:52:49.641197+00:00
35,28,Bailey,2,MID,62,1.8172,2.317,0.48,0.1456,0.458,0.0128,1,0,0,0,2026-08-18T09:52:32.132525+00:00,2026-08-18T09:52:49.641197+00:00
35,29,Barkley,2,MID,52,1.1864,2.0493,0.28,0.1584,0.2731,0.0084,1,1,7,0,2026-08-18T09:52:32.132525+00:00,2026-08-18T09:52:49.641197+00:00
35,30,Barrenechea,2,MID,49,0,0,0.0,0.0,0.0,0,1,0,0,0,2026-08-18T09:52:32.132525+00:00,2026-08-18T09:52:49.641197+00:00
35,31,Buendia,2,MID,51,0,0,0.0,0.0,0.0,0,1,0,0,0,2026-08-18T09:52:32.132525+00:00,2026-08-18T09:52:49.641197+00:00
35,32,Cash,2,DEF,44,0.7904,1.6646,0.22,0.1404,0.2158,0.0024,1,7,90,1,2026-08-18T09:52:32.132525+00:00,2026-08-18T09:52:49.641197+00:00
35,33,Dendoncker,2,MID,45,0,0,0.0,0.0,0.0,0,1,0,0,0,2026-08-18T09:52:32.132525+00:00,2026-08-18T09:52:49.641197+00:00
35,34,Diaby,2,MID,65,0,0,0.0,0.0,0.0,0,1,0,0,0,2026-08-18T09:52:32.132525+00:00,2026-08-18T09:52:49.641197+00:00
35,35,Diego Carlos,2,DEF,45,0,0,0.0,0.0,0.0,0,1,0,0,0,2026-08-18T09:52:32.132525+00:00,2026-08-18T09:52:49.641197+00:00
35,36,Digne,2,DEF,45,1.0208,2.0095,0.22,0.1404,0.2158,0.0064,1,1,19,0,2026-08-18T09:52:32.132525+00:00,2026-08-18T09:52:49.641197+00:00
35,37,Dobbin,2,MID,50,0,0,0.0,0.0,0.0,0,1,0,0,0,2026-08-18T09:52:32.132525+00:00,2026-08-18T09:52:49.641197+00:00
35,38,Duran,2,FWD,57,0,0,0.0,0.0,0.0,0,1,0,0,0,2026-08-18T09:52:32.132525+00:00,2026-08-18T09:52:49.641197+00:00
35,39,Gauci,2,GKP,40,0,0,0.0,0.0,0.0,0,1,0,0,0,2026-08-18T09:52:32.132525+00:00,2026-08-18T09:52:49.641197+00:00
35,40,Hause,2,DEF,39,0.5428,1.2719,0.1,0.198,0.1088,0.0,1,0,0,0,2026-08-18T09:52:32.132525+00:00,2026-08-18T09:52:49.641197+00:00
35,41,Iling Jr,2,MID,54,0,0,0.0,0.0,0.0,0,1,0,0,0,2026-08-18T09:52:32.132525+00:00,2026-08-18T09:52:49.641197+00:00
35,42,Kamara,2,MID,50,1.9092,1.5759,0.68,0.0704,0.638,0.0004,1,3,90,1,2026-08-18T09:52:32.132525+00:00,2026-08-18T09:52:49.641197+00:00
35,43,Kesler-Hayden,2,DEF,40,0,0,0.0,0.0,0.0,0,1,0,0,0,2026-08-18T09:52:32.132525+00:00,2026-08-18T09:52:49.641197+00:00
35,44,Konsa,2,DEF,44,0.9384,1.8339,0.22,0.1404,0.2158,0.0024,1,6,90,1,2026-08-18T09:52:32.132525+00:00,2026-08-18T09:52:49.641197+00:00
35,45,Maatsen,2,DEF,45,0.8836,1.772,0.22,0.1716,0.2183,0.0032,1,6,70,1,2026-08-18T09:52:32.132525+00:00,2026-08-18T09:52:49.641197+00:00
35,46,Marschall,2,GKP,40,0,0,0.0,0.0,0.0,0,1,0,0,0,2026-08-18T09:52:32.132525+00:00,2026-08-18T09:52:49.641197+00:00
35,47,Martinez,2,GKP,50,0,0,0.0,0.0,0.0,0,1,9,90,1,2026-08-18T09:52:32.132525+00:00,2026-08-18T09:52:49.641197+00:00
35,48,McGinn,2,MID,52,2.5496,2.2557,0.82,0.0324,0.7652,0.0136,1,6,60,1,2026-08-18T09:52:32.132525+00:00,2026-08-18T09:52:49.641197+00:00
35,49,Mings,2,DEF,44,0.9748,1.9084,0.22,0.1716,0.2183,0.0056,1,0,0,0,2026-08-18T09:52:32.132525+00:00,2026-08-18T09:52:49.641197+00:00
35,50,Nedeljkovic,2,DEF,39,0,0,0.0,0.0,0.0,0,1,0,0,0,2026-08-18T09:52:32.132525+00:00,2026-08-18T09:52:49.641197+00:00
35,51,Olsen,2,GKP,45,3.0092,2.2197,0.88,0.0048,0.8188,0.002,1,0,0,0,2026-08-18T09:52:32.132525+00:00,2026-08-18T09:52:49.641197+00:00
35,52,Pau,2,DEF,42,0.8184,1.6302,0.22,0.1404,0.2158,0.0016,1,6,90,1,2026-08-18T09:52:32.132525+00:00,2026-08-18T09:52:49.641197+00:00
35,53,Ramsey,2,MID,54,2.2944,2.2049,0.68,0.0704,0.638,0.0108,1,1,30,0,2026-08-18T09:52:32.132525+00:00,2026-08-18T09:52:49.641197+00:00
35,54,Rogers,2,MID,57,3.6584,2.8279,0.9,0.018,0.8384,0.0448,1,3,90,1,2026-08-18T09:52:32.132525+00:00,2026-08-18T09:52:49.641197+00:00
35,55,Sinisalo,2,GKP,40,0,0,0.0,0.0,0.0,0,1,0,0,0,2026-08-18T09:52:32.132525+00:00,2026-08-18T09:52:49.641197+00:00
35,56,Sousa,2,DEF,40,0,0,0.0,0.0,0.0,0,1,0,0,0,2026-08-18T09:52:32.132525+00:00,2026-08-18T09:52:49.641197+00:00
35,57,Tielemans,2,MID,55,3.3448,2.3406,0.9,0.018,0.8384,0.0212,1,11,82,1,2026-08-18T09:52:32.132525+00:00,2026-08-18T09:52:49.641197+00:00
35,58,Watkins,2,FWD,89,4.73,3.8105,0.82,0.0324,0.7652,0.1212,1,2,70,1,2026-08-18T09:52:32.132525+00:00,2026-08-18T09:52:49.641197+00:00
35,167,Disasi,2,DEF,42,0.8156,1.6376,0.22,0.1716,0.2183,0.0024,1,0,0,0,2026-08-18T09:52:32.132525+00:00,2026-08-18T09:52:49.641197+00:00
35,233,Onana,2,MID,48,2.2084,2.1212,0.68,0.0704,0.638,0.0068,1,1,29,0,2026-08-18T09:52:32.132525+00:00,2026-08-18T09:52:49.641197+00:00
35,385,Rashford,2,MID,67,3.3908,3.3338,0.68,0.0896,0.6396,0.0564,1,0,0,0,2026-08-18T09:52:32.132525+00:00,2026-08-18T09:52:49.641197+00:00
35,598,Bogarde,2,DEF,39,0.754,1.48,0.22,0.1716,0.2183,0.0004,1,0,0,0,2026-08-18T09:52:32.132525+00:00,2026-08-18T09:52:49.641197+00:00
35,640,Swinkels,2,DEF,40,0,0,0.0,0.0,0.0,0,1,0,0,0,2026-08-18T09:52:32.132525+00:00,2026-08-18T09:52:49.641197+00:00
35,641,Zych,2,GKP,40,0.1768,0.8377,0.04,0.0384,0.0403,0.0004,1,0,0,0,2026-08-18T09:52:32.132525+00:00,2026-08-18T09:52:49.641197+00:00
35,656,Young,2,MID,44,0,0,0.0,0.0,0.0,0,1,0,0,0,2026-08-18T09:52:32.132525+00:00,2026-08-18T09:52:49.641197+00:00
35,679,Broggio,2,MID,45,0.4696,0.9719,0.1,0.198,0.1088,0.0,1,0,0,0,2026-08-18T09:52:32.132525+00:00,2026-08-18T09:52:49.641197+00:00
35,710,Jimoh,2,MID,45,0.48,0.9627,0.1,0.198,0.1088,0.0,1,0,0,0,2026-08-18T09:52:32.132525+00:00,2026-08-18T09:52:49.641197+00:00
35,725,Malen,2,MID,53,0.792,1.651,0.18,0.1804,0.1818,0.0056,1,1,19,0,2026-08-18T09:52:32.132525+00:00,2026-08-18T09:52:49.641197+00:00
35,731,A. Garcia,2,DEF,45,0.8504,1.6929,0.22,0.1716,0.2183,0.0016,1,0,0,0,2026-08-18T09:52:32.132525+00:00,2026-08-18T09:52:49.641197+00:00
35,737,Emery,2,MID,8,0.5128,1.051,0.1,0.198,0.1088,0.0008,1,9,0,0,2026-08-18T09:52:32.132525+00:00,2026-08-18T09:52:49.641197+00:00
35,762,M.Asensio,2,MID,62,1.712,2.8207,0.28,0.2016,0.2765,0.0248,1,1,59,1,2026-08-18T09:52:32.132525+00:00,2026-08-18T09:52:49.641197+00:00
35,59,Aarons,3,DEF,43,0,0,0.0,0.0,0.0,0,1,0,0,0,2026-08-18T09:52:32.132525+00:00,2026-08-18T09:52:49.641197+00:00
35,60,Adams,3,MID,49,1.6744,1.6235,0.68,0.0576,0.637,0.0012,1,2,90,1,2026-08-18T09:52:32.132525+00:00,2026-08-18T09:52:49.641197+00:00
35,61,Anthony,3,MID,45,0,0,0.0,0.0,0.0,0,1,0,0,0,2026-08-18T09:52:32.132525+00:00,2026-08-18T09:52:49.641197+00:00
35,62,Brooks,3,MID,49,1.6076,2.0547,0.48,0.1144,0.4556,0.0056,1,1,16,0,2026-08-18T09:52:32.132525+00:00,2026-08-18T09:52:49.641197+00:00
35,63,Christie,3,MID,49,0,0,0.0,0.0,0.0,0,1,0,0,0,2026-08-18T09:52:32.132525+00:00,2026-08-18T09:52:49.641197+00:00
35,64,Cook,3,MID,50,0,0,0.0,0.0,0.0,0,1,2,90,1,2026-08-18T09:52:32.132525+00:00,2026-08-18T09:52:49.641197+00:00
35,65,Enes Ünal,3,FWD,54,0,0,0.0,0.0,0.0,0,1,0,0,0,2026-08-18T09:52:32.132525+00:00,2026-08-18T09:52:49.641197+00:00
35,66,Faivre,3,MID,50,0,0,0.0,0.0,0.0,0,1,0,0,0,2026-08-18T09:52:32.132525+00:00,2026-08-18T09:52:49.641197+00:00
35,67,H.Traorè,3,MID,45,0,0,0.0,0.0,0.0,0,1,0,0,0,2026-08-18T09:52:32.132525+00:00,2026-08-18T09:52:49.641197+00:00
35,68,Hill,3,DEF,39,0.73,1.425,0.22,0.1716,0.2183,0.0008,1,0,0,0,2026-08-18T09:52:32.132525+00:00,2026-08-18T09:52:49.641197+00:00
35,69,Jebbison,3,FWD,45,0.4704,0.9355,0.1,0.198,0.1088,0.0,1,1,3,0,2026-08-18T09:52:32.132525+00:00,2026-08-18T09:52:49.641197+00:00
35,70,Kerkez,3,DEF,53,2.6748,2.201,0.9,0.018,0.8384,0.0064,1,2,90,1,2026-08-18T09:52:32.132525+00:00,2026-08-18T09:52:49.641197+00:00
35,71,Kluivert,3,MID,60,3.8864,3.3885,0.82,0.0324,0.7652,0.0636,1,2,64,1,2026-08-18T09:52:32.132525+00:00,2026-08-18T09:52:49.641197+00:00
35,72,Mepham,3,DEF,44,0,0,0.0,0.0,0.0,0,1,0,0,0,2026-08-18T09:52:32.132525+00:00,2026-08-18T09:52:49.641197+00:00
35,74,O.Dango,3,MID,47,0,0,0.0,0.0,0.0,0,1,1,73,1,2026-08-18T09:52:32.132525+00:00,2026-08-18T09:52:49.641197+00:00
35,75,Paulsen,3,GKP,40,0,0,0.0,0.0,0.0,0,1,0,0,0,2026-08-18T09:52:32.132525+00:00,2026-08-18T09:52:49.641197+00:00
35,76,Philip,3,MID,48,0,0,0.0,0.0,0.0,0,1,0,0,0,2026-08-18T09:52:32.132525+00:00,2026-08-18T09:52:49.641197+00:00
35,77,Scott,3,MID,47,0.8284,1.3074,0.28,0.1584,0.2731,0.0004,1,1,25,0,2026-08-18T09:52:32.132525+00:00,2026-08-18T09:52:49.641197+00:00
35,78,Semenyo,3,MID,57,3.4768,2.7707,0.9,0.018,0.8384,0.0344,1,4,25,0,2026-08-18T09:52:32.132525+00:00,2026-08-18T09:52:49.641197+00:00
35,79,Senesi,3,DEF,46,1.3924,2.0412,0.48,0.1144,0.4556,0.0052,1,0,0,0,2026-08-18T09:52:32.132525+00:00,2026-08-18T09:52:49.641197+00:00
35,80,Sinisterra,3,MID,48,0,0,0.0,0.0,0.0,0,1,0,0,0,2026-08-18T09:52:32.132525+00:00,2026-08-18T09:52:49.641197+00:00
35,81,Smith,3,DEF,44,0.6988,1.4629,0.22,0.1716,0.2183,0.0012,1,0,0,0,2026-08-18T09:52:32.132525+00:00,2026-08-18T09:52:49.641197+00:00
35,83,Tavernier,3,MID,54,2.5216,2.7096,0.68,0.0576,0.637,0.0232,1,5,90,1,2026-08-18T09:52:32.132525+00:00,2026-08-18T09:52:49.641197+00:00
35,84,Travers,3,GKP,44,0,0,0.0,0.0,0.0,0,1,0,0,0,2026-08-18T09:52:32.132525+00:00,2026-08-18T09:52:49.641197+00:00
35,85,Zabarnyi,3,DEF,44,0.698,1.4581,0.22,0.1404,0.2158,0.0016,1,2,90,1,2026-08-18T09:52:32.132525+00:00,2026-08-18T09:52:49.641197+00:00
35,152,Arrizabalaga,3,GKP,46,3.0604,2.1601,0.9,0.008,0.8376,0.0004,1,3,90,1,2026-08-18T09:52:32.132525+00:00,2026-08-18T09:52:49.641197+00:00
35,580,Huijsen,3,DEF,45,0.9008,1.9474,0.22,0.1404,0.2158,0.0068,1,8,90,1,2026-08-18T09:52:32.132525+00:00,2026-08-18T09:52:49.641197+00:00
35,592,J.Araujo,3,DEF,43,0.6908,1.3579,0.22,0.1716,0.2183,0.0008,1,2,64,1,2026-08-18T09:52:32.132525+00:00,2026-08-18T09:52:49.641197+00:00
35,599,Dennis,3,GKP,39,0.1448,0.6812,0.04,0.0384,0.0403,0.0,1,0,0,0,2026-08-18T09:52:32.132525+00:00,2026-08-18T09:52:49.641197+00:00
35,617,Evanilson,3,FWD,58,3.9348,3.0937,0.82,0.0324,0.7652,0.0544,1,6,86,1,2026-08-18T09:52:32.132525+00:00,2026-08-18T09:52:49.641197+00:00
35,680,Kinsey,3,DEF,40,0.4524,1.0816,0.1,0.198,0.1088,0.0004,1,0,0,0,2026-08-18T09:52:32.132525+00:00,2026-08-18T09:52:49.641197+00:00
35,687,Winterburn,3,MID,45,0.434,0.8397,0.1,0.198,0.1088,0.0,1,0,0,0,2026-08-18T09:52:32.132525+00:00,2026-08-18T09:52:49.641197+00:00
35,702,Harris,3,DEF,40,0.4424,1.043,0.1,0.198,0.1088,0.0,1,0,0,0,2026-08-18T09:52:32.132525+00:00,2026-08-18T09:52:49.641197+00:00
35,707,Rees-Dottin,3,FWD,45,0.42,0.8758,0.1,0.198,0.1088,0.0004,1,0,0,0,2026-08-18T09:52:32.132525+00:00,2026-08-18T09:52:49.641197+00:00
35,712,Akinmboni,3,DEF,40,0.4788,1.1227,0.1,0.198,0.1088,0.0004,1,0,0,0,2026-08-18T09:52:32.132525+00:00,2026-08-18T09:52:49.641197+00:00
35,713,Soler,3,DEF,39,0.4356,1.024,0.1,0.198,0.1088,0.0004,1,0,0,0,2026-08-18T09:52:32.132525+00:00,2026-08-18T09:52:49.641197+00:00
35,722,Adu-Adjei,3,FWD,45,0.4448,0.9166,0.1,0.198,0.1088,0.0008,1,0,0,0,2026-08-18T09:52:32.132525+00:00,2026-08-18T09:52:49.641197+00:00
35,723,Sadi,3,MID,45,0.4948,1.0261,0.1,0.198,0.1088,0.0,1,0,0,0,2026-08-18T09:52:32.132525+00:00,2026-08-18T09:52:49.641197+00:00
35,727,McKenna,3,GKP,40,0.1624,0.749,0.04,0.0384,0.0403,0.0,1,0,0,0,2026-08-18T09:52:32.132525+00:00,2026-08-18T09:52:49.641197+00:00
35,728,Silcott-Duberry,3,MID,45,0.4324,0.886,0.1,0.198,0.1088,0.0004,1,0,0,0,2026-08-18T09:52:32.132525+00:00,2026-08-18T09:52:49.641197+00:00
35,738,Iraola,3,MID,11,0.4916,1.0048,0.1,0.198,0.1088,0.0004,1,18,0,0,2026-08-18T09:52:32.132525+00:00,2026-08-18T09:52:49.641197+00:00
35,86,Ajer,4,DEF,44,0.8332,1.7509,0.22,0.1716,0.2183,0.006,1,0,9,0,2026-08-18T09:52:32.132525+00:00,2026-08-18T09:52:49.641197+00:00
35,87,Brierley,4,MID,44,0.4836,0.9934,0.1,0.198,0.1088,0.0,1,0,0,0,2026-08-18T09:52:32.132525+00:00,2026-08-18T09:52:49.641197+00:00
35,88,Collins,4,DEF,45,0.9448,1.9356,0.22,0.1404,0.2158,0.0068,1,1,90,1,2026-08-18T09:52:32.132525+00:00,2026-08-18T09:52:49.641197+00:00
35,89,Damsgaard,4,MID,49,3.2464,2.5393,0.82,0.0324,0.7652,0.0224,1,5,80,1,2026-08-18T09:52:32.132525+00:00,2026-08-18T09:52:49.641197+00:00
35,90,Dasilva,4,MID,48,0,0,0.0,0.0,0.0,0,1,0,0,0,2026-08-18T09:52:32.132525+00:00,2026-08-18T09:52:49.641197+00:00
35,91,Flekken,4,GKP,44,3.9032,2.3922,0.9,0.004,0.8373,0.0056,1,1,90,1,2026-08-18T09:52:32.132525+00:00,2026-08-18T09:52:49.641197+00:00
35,92,Henry,4,DEF,43,0.4836,1.1702,0.1,0.198,0.1088,0.0,1,0,18,0,2026-08-18T09:52:32.132525+00:00,2026-08-18T09:52:49.641197+00:00
35,93,Hickey,4,DEF,43,0.792,1.5748,0.22,0.1716,0.2183,0.0016,1,0,0,0,2026-08-18T09:52:32.132525+00:00,2026-08-18T09:52:49.641197+00:00
35,94,Janelt,4,MID,48,0,0,0.0,0.0,0.0,0,1,0,0,0,2026-08-18T09:52:32.132525+00:00,2026-08-18T09:52:49.641197+00:00
35,95,Jensen,4,MID,53,1.4712,1.7396,0.48,0.1144,0.4556,0.0004,1,1,22,0,2026-08-18T09:52:32.132525+00:00,2026-08-18T09:52:49.641197+00:00
35,96,Ji-soo,4,DEF,39,0.5212,1.2168,0.1,0.198,0.1088,0.0004,1,0,0,0,2026-08-18T09:52:32.132525+00:00,2026-08-18T09:52:49.641197+00:00
35,97,Konak,4,MID,44,0.4724,1.0346,0.1,0.198,0.1088,0.0004,1,0,0,0,2026-08-18T09:52:32.132525+00:00,2026-08-18T09:52:49.641197+00:00
35,98,Lewis-Potter,4,MID,50,2.8156,2.1026,0.9,0.018,0.8384,0.0124,1,2,80,1,2026-08-18T09:52:32.132525+00:00,2026-08-18T09:52:49.641197+00:00
35,99,Mbeumo,4,MID,81,5.2012,3.6636,0.9,0.018,0.8384,0.1268,1,5,90,1,2026-08-18T09:52:32.132525+00:00,2026-08-18T09:52:49.641197+00:00
35,100,Mee,4,DEF,42,0.5292,1.2678,0.1,0.198,0.1088,0.0008,1,0,0,0,2026-08-18T09:52:32.132525+00:00,2026-08-18T09:52:49.641197+00:00
35,101,Nørgaard,4,MID,48,2.5832,2.1534,0.82,0.0324,0.7652,0.0096,1,5,90,1,2026-08-18T09:52:32.132525+00:00,2026-08-18T09:52:49.641197+00:00
35,102,Onyeka,4,MID,49,0,0,0.0,0.0,0.0,0,1,0,0,0,2026-08-18T09:52:32.132525+00:00,2026-08-18T09:52:49.641197+00:00
35,103,Peart-Harris,4,MID,45,0,0,0.0,0.0,0.0,0,1,0,0,0,2026-08-18T09:52:32.132525+00:00,2026-08-18T09:52:49.641197+00:00
35,104,Pinnock,4,DEF,44,0.916,1.8725,0.22,0.1404,0.2158,0.0064,1,0,0,0,2026-08-18T09:52:32.132525+00:00,2026-08-18T09:52:49.641197+00:00
35,105,Roerslev,4,DEF,43,0,0,0.0,0.0,0.0,0,1,0,0,0,2026-08-18T09:52:32.132525+00:00,2026-08-18T09:52:49.641197+00:00
35,106,Schade,4,MID,51,3.1108,3.1806,0.68,0.0576,0.637,0.0428,1,14,71,1,2026-08-18T09:52:32.132525+00:00,2026-08-18T09:52:49.641197+00:00
35,107,Thiago,4,FWD,59,1.4312,1.7826,0.45,0.154,0.4308,0.0056,1,1,9,0,2026-08-18T09:52:32.132525+00:00,2026-08-18T09:52:49.641197+00:00
35,108,Toney,4,FWD,73,0,0,0.0,0.0,0.0,0,1,0,0,0,2026-08-18T09:52:32.132525+00:00,2026-08-18T09:52:49.641197+00:00
35,109,Valdimarsson,4,GKP,39,0.1708,0.7835,0.04,0.0384,0.0403,0.0,1,0,0,0,2026-08-18T09:52:32.132525+00:00,2026-08-18T09:52:49.641197+00:00
35,110,Wissa,4,FWD,66,4.558,3.5811,0.82,0.0324,0.7652,0.1032,1,7,90,1,2026-08-18T09:52:32.132525+00:00,2026-08-18T09:52:49.641197+00:00
35,111,Yarmoliuk,4,MID,43,1.1876,1.4127,0.48,0.1144,0.4556,0.0,1,2,67,1,2026-08-18T09:52:32.132525+00:00,2026-08-18T09:52:49.641197+00:00
35,112,Zanka,4,DEF,45,0,0,0.0,0.0,0.0,0,1,0,0,0,2026-08-18T09:52:32.132525+00:00,2026-08-18T09:52:49.641197+00:00
35,314,Carvalho,4,MID,45,0,0,0.0,0.0,0.0,0,1,0,0,0,2026-08-18T09:52:32.132525+00:00,2026-08-18T09:52:49.641197+00:00
35,338,Van den Berg,4,DEF,41,0.8996,1.8482,0.22,0.1404,0.2158,0.0044,1,1,90,1,2026-08-18T09:52:32.132525+00:00,2026-08-18T09:52:49.641197+00:00
35,602,Trevitt,4,MID,44,0,0,0.0,0.0,0.0,0,1,0,0,0,2026-08-18T09:52:32.132525+00:00,2026-08-18T09:52:49.641197+00:00
35,634,G.Nunes,4,MID,49,0.722,1.3001,0.18,0.1804,0.1818,0.0012,1,1,9,0,2026-08-18T09:52:32.132525+00:00,2026-08-18T09:52:49.641197+00:00
35,649,Meghoma,4,DEF,40,0,0,0.0,0.0,0.0,0,1,0,0,0,2026-08-18T09:52:32.132525+00:00,2026-08-18T09:52:49.641197+00:00
35,661,Yogane,4,MID,45,0,0,0.0,0.0,0.0,0,1,0,0,0,2026-08-18T09:52:32.132525+00:00,2026-08-18T09:52:49.641197+00:00
35,674,Maghoma,4,MID,45,0.4504,0.905,0.1,0.198,0.1088,0.0004,1,0,0,0,2026-08-18T09:52:32.132525+00:00,2026-08-18T09:52:49.641197+00:00
35,705,Arthur,4,DEF,40,0.5112,1.2691,0.1,0.198,0.1088,0.0012,1,0,0,0,2026-08-18T09:52:32.132525+00:00,2026-08-18T09:52:49.641197+00:00
35,752,Frank,4,MID,8,0.4604,0.9359,0.1,0.198,0.1088,0.0,1,10,0,0,2026-08-18T09:52:32.132525+00:00,2026-08-18T09:52:49.641197+00:00
35,757,Kayode,4,DEF,45,0.5252,1.2501,0.1,0.198,0.1088,0.0004,1,5,80,1,2026-08-18T09:52:32.132525+00:00,2026-08-18T09:52:49.641197+00:00
35,759,Eyestone,4,GKP,40,0.1692,0.804,0.04,0.0384,0.0403,0.0,1,0,0,0,2026-08-18T09:52:32.132525+00:00,2026-08-18T09:52:49.641197+00:00
35,780,Morgan,4,FWD,45,0.48,0.9598,0.1,0.198,0.1088,0.0,1,0,0,0,2026-08-18T09:52:32.132525+00:00,2026-08-18T09:52:49.641197+00:00
35,786,Benjamin Fredrick,4,DEF,40,0.5588,1.3209,0.1,0.198,0.1088,0.0012,1,0,0,0,2026-08-18T09:52:32.132525+00:00,2026-08-18T09:52:49.641197+00:00
35,113,Adingra,5,MID,51,1.8124,2.3097,0.48,0.1144,0.4556,0.0104,1,3,68,1,2026-08-18T09:52:32.132525+00:00,2026-08-18T09:52:49.641197+00:00
35,114,Baker-Boaitey,5,MID,45,0,0,0.0,0.0,0.0,0,1,0,0,0,2026-08-18T09:52:32.132525+00:00,2026-08-18T09:52:49.641197+00:00
35,115,Baleba,5,MID,50,2.6252,2.0929,0.82,0.0324,0.7652,0.0088,1,2,90,1,2026-08-18T09:52:32.132525+00:00,2026-08-18T09:52:49.641197+00:00
35,116,Barco,5,DEF,40,0,0,0.0,0.0,0.0,0,1,0,0,0,2026-08-18T09:52:32.132525+00:00,2026-08-18T09:52:49.641197+00:00
35,118,Cozier-Duberry,5,MID,45,0,0,0.0,0.0,0.0,0,1,0,0,0,2026-08-18T09:52:32.132525+00:00,2026-08-18T09:52:49.641197+00:00
35,119,Dahoud,5,MID,49,0,0,0.0,0.0,0.0,0,1,0,0,0,2026-08-18T09:52:32.132525+00:00,2026-08-18T09:52:49.641197+00:00
35,120,Dunk,5,DEF,42,0.9268,1.8494,0.22,0.1404,0.2158,0.0036,1,2,90,1,2026-08-18T09:52:32.132525+00:00,2026-08-18T09:52:49.641197+00:00
35,122,Estupiñan,5,DEF,49,2.986,2.6199,0.82,0.0324,0.7652,0.0184,1,2,90,1,2026-08-18T09:52:32.132525+00:00,2026-08-18T09:52:49.641197+00:00
35,124,Gilmour,5,MID,50,0,0,0.0,0.0,0.0,0,1,0,0,0,2026-08-18T09:52:32.132525+00:00,2026-08-18T09:52:49.641197+00:00
35,125,Gross,5,MID,65,0,0,0.0,0.0,0.0,0,1,0,0,0,2026-08-18T09:52:32.132525+00:00,2026-08-18T09:52:49.641197+00:00
35,126,Hinshelwood,5,MID,49,2.0944,1.9595,0.68,0.0576,0.637,0.0048,1,3,68,1,2026-08-18T09:52:32.132525+00:00,2026-08-18T09:52:49.641197+00:00
35,127,I.Osman,5,MID,50,0,0,0.0,0.0,0.0,0,1,0,0,0,2026-08-18T09:52:32.132525+00:00,2026-08-18T09:52:49.641197+00:00
35,128,Igor,5,DEF,43,0.8028,1.569,0.22,0.1716,0.2183,0.0012,1,0,0,0,2026-08-18T09:52:32.132525+00:00,2026-08-18T09:52:49.641197+00:00
35,129,João Pedro,5,FWD,55,3.552,3.3415,0.68,0.0576,0.637,0.062,1,0,0,0,2026-08-18T09:52:32.132525+00:00,2026-08-18T09:52:49.641197+00:00
35,130,Kozlowski,5,MID,45,0,0,0.0,0.0,0.0,0,1,0,0,0,2026-08-18T09:52:32.132525+00:00,2026-08-18T09:52:49.641197+00:00
35,131,Lamptey,5,DEF,44,0.6452,1.458,0.11,0.1958,0.118,0.002,1,1,36,0,2026-08-18T09:52:32.132525+00:00,2026-08-18T09:52:49.641197+00:00
35,132,March,5,MID,65,0,0,0.0,0.0,0.0,0,1,0,0,0,2026-08-18T09:52:32.132525+00:00,2026-08-18T09:52:49.641197+00:00
35,133,Mazilu,5,MID,45,0,0,0.0,0.0,0.0,0,1,0,0,0,2026-08-18T09:52:32.132525+00:00,2026-08-18T09:52:49.641197+00:00
35,134,Milner,5,MID,50,0.9632,1.5241,0.28,0.1584,0.2731,0.0016,1,0,0,0,2026-08-18T09:52:32.132525+00:00,2026-08-18T09:52:49.641197+00:00
35,135,Minteh,5,MID,49,2.882,2.9773,0.68,0.0704,0.638,0.0368,1,9,90,1,2026-08-18T09:52:32.132525+00:00,2026-08-18T09:52:49.641197+00:00
35,136,Mitoma,5,MID,64,4.0024,3.3879,0.82,0.0324,0.7652,0.0688,1,0,0,0,2026-08-18T09:52:32.132525+00:00,2026-08-18T09:52:49.641197+00:00
35,137,Moder,5,MID,44,0,0,0.0,0.0,0.0,0,1,0,0,0,2026-08-18T09:52:32.132525+00:00,2026-08-18T09:52:49.641197+00:00
35,138,O’Mahony,5,FWD,45,0,0,0.0,0.0,0.0,0,1,0,0,0,2026-08-18T09:52:32.132525+00:00,2026-08-18T09:52:49.641197+00:00
35,139,Offiah,5,DEF,40,0,0,0.0,0.0,0.0,0,1,0,0,0,2026-08-18T09:52:32.132525+00:00,2026-08-18T09:52:49.641197+00:00
35,140,Peupion,5,MID,44,0,0,0.0,0.0,0.0,0,1,0,0,0,2026-08-18T09:52:32.132525+00:00,2026-08-18T09:52:49.641197+00:00
35,141,Sarmiento,5,MID,49,0,0,0.0,0.0,0.0,0,1,0,0,0,2026-08-18T09:52:32.132525+00:00,2026-08-18T09:52:49.641197+00:00
35,142,Steele,5,GKP,40,0.0828,0.4499,0.02,0.0392,0.0217,0.0,1,0,0,0,2026-08-18T09:52:32.132525+00:00,2026-08-18T09:52:49.641197+00:00
35,143,Undav,5,FWD,55,0,0,0.0,0.0,0.0,0,1,0,0,0,2026-08-18T09:52:32.132525+00:00,2026-08-18T09:52:49.641197+00:00
35,144,Van Hecke,5,DEF,45,0.8912,1.8264,0.22,0.1404,0.2158,0.004,1,2,90,1,2026-08-18T09:52:32.132525+00:00,2026-08-18T09:52:49.641197+00:00
35,145,Veltman,5,DEF,43,0.9636,1.9097,0.22,0.1404,0.2158,0.0036,1,1,21,0,2026-08-18T09:52:32.132525+00:00,2026-08-18T09:52:49.641197+00:00
35,146,Verbruggen,5,GKP,46,3.0944,2.2002,0.9,0.008,0.8376,0.0,1,3,90,1,2026-08-18T09:52:32.132525+00:00,2026-08-18T09:52:49.641197+00:00
35,147,Webster,5,DEF,43,0.8556,1.6054,0.22,0.1716,0.2183,0.002,1,0,0,0,2026-08-18T09:52:32.132525+00:00,2026-08-18T09:52:49.641197+00:00
35,148,Welbeck,5,FWD,55,3.1704,3.204,0.68,0.0576,0.637,0.0544,1,1,90,1,2026-08-18T09:52:32.132525+00:00,2026-08-18T09:52:49.641197+00:00
35,149,Wieffer,5,MID,47,1.068,1.7488,0.28,0.1584,0.2731,0.0044,1,3,53,1,2026-08-18T09:52:32.132525+00:00,2026-08-18T09:52:49.641197+00:00
35,595,Gruda,5,MID,54,1.0648,1.639,0.28,0.1584,0.2731,0.0012,1,1,1,0,2026-08-18T09:52:32.132525+00:00,2026-08-18T09:52:49.641197+00:00
35,600,Ayari,5,MID,50,2.206,2.1758,0.68,0.0576,0.637,0.0084,1,1,21,0,2026-08-18T09:52:32.132525+00:00,2026-08-18T09:52:49.641197+00:00
35,601,Moran,5,MID,50,0,0,0.0,0.0,0.0,0,1,0,0,0,2026-08-18T09:52:32.132525+00:00,2026-08-18T09:52:49.641197+00:00
35,615,Rushworth,5,GKP,39,0.1804,0.8691,0.04,0.0384,0.0403,0.0008,1,0,0,0,2026-08-18T09:52:32.132525+00:00,2026-08-18T09:52:49.641197+00:00
35,618,Georginio,5,MID,50,0,0,0.0,0.0,0.0,0,1,0,0,0,2026-08-18T09:52:32.132525+00:00,2026-08-18T09:52:49.641197+00:00
35,628,F.Kadıoğlu,5,DEF,44,0,0,0.0,0.0,0.0,0,1,0,0,0,2026-08-18T09:52:32.132525+00:00,2026-08-18T09:52:49.641197+00:00
35,629,O'Riley,5,MID,55,1.9464,2.4125,0.48,0.1456,0.458,0.0136,1,2,90,1,2026-08-18T09:52:32.132525+00:00,2026-08-18T09:52:49.641197+00:00
35,663,Samuels,5,DEF,40,0,0,0.0,0.0,0.0,0,1,0,0,0,2026-08-18T09:52:32.132525+00:00,2026-08-18T09:52:49.641197+00:00
35,668,Cahill,5,GKP,39,0.1664,0.7862,0.04,0.0384,0.0403,0.0,1,0,0,0,2026-08-18T09:52:32.132525+00:00,2026-08-18T09:52:49.641197+00:00
35,681,McConville,5,DEF,40,0,0,0.0,0.0,0.0,0,1,0,0,0,2026-08-18T09:52:32.132525+00:00,2026-08-18T09:52:49.641197+00:00
35,685,Slater,5,DEF,40,0.5272,1.2482,0.1,0.198,0.1088,0.0004,1,0,0,0,2026-08-18T09:52:32.132525+00:00,2026-08-18T09:52:49.641197+00:00
35,714,Gómez,5,MID,55,1.0656,1.6368,0.28,0.2016,0.2765,0.0032,1,1,1,0,2026-08-18T09:52:32.132525+00:00,2026-08-18T09:52:49.641197+00:00
35,739,Hürzeler,5,MID,11,0.4536,0.9614,0.1,0.198,0.1088,0.0004,1,9,0,0,2026-08-18T09:52:32.132525+00:00,2026-08-18T09:52:49.641197+00:00
35,758,Knight,5,MID,45,0.5252,1.1304,0.1,0.198,0.1088,0.0012,1,0,0,0,2026-08-18T09:52:32.132525+00:00,2026-08-18T09:52:49.641197+00:00
35,763,Cashin,5,DEF,45,0.5676,1.3126,0.1,0.198,0.1088,0.0004,1,0,0,0,2026-08-18T09:52:32.132525+00:00,2026-08-18T09:52:49.641197+00:00
35,791,Charlie Tasker,5,DEF,40,0.5292,1.2685,0.1,0.198,0.1088,0.0016,1,0,0,0,2026-08-18T09:52:32.132525+00:00,2026-08-18T09:52:49.641197+00:00
35,794,Freddie Simmonds,5,DEF,40,0.4976,1.2222,0.1,0.198,0.1088,0.0008,1,0,0,0,2026-08-18T09:52:32.132525+00:00,2026-08-18T09:52:49.641197+00:00
35,795,Harry Howell,5,MID,45,0.4784,0.9767,0.1,0.198,0.1088,0.0,1,0,0,0,2026-08-18T09:52:32.132525+00:00,2026-08-18T09:52:49.641197+00:00
35,150,Andrey Santos,6,MID,45,0,0,0.0,0.0,0.0,0,1,0,0,0,2026-08-18T09:52:32.132525+00:00,2026-08-18T09:52:49.641197+00:00
35,151,Ângelo,6,MID,45,0,0,0.0,0.0,0.0,0,1,0,0,0,2026-08-18T09:52:32.132525+00:00,2026-08-18T09:52:49.641197+00:00
35,153,B.Badiashile,6,DEF,42,0.8272,1.5907,0.22,0.1716,0.2183,0.002,1,0,0,0,2026-08-18T09:52:32.132525+00:00,2026-08-18T09:52:49.641197+00:00
35,154,Bergström,6,GKP,39,0.1648,0.7458,0.04,0.0384,0.0403,0.0,1,0,0,0,2026-08-18T09:52:32.132525+00:00,2026-08-18T09:52:49.641197+00:00
35,155,Bettinelli,6,GKP,39,0.1756,0.7936,0.04,0.0384,0.0403,0.0,1,0,0,0,2026-08-18T09:52:32.132525+00:00,2026-08-18T09:52:49.641197+00:00
35,157,Caicedo,6,MID,49,2.3344,1.4703,0.9,0.018,0.8384,0.0016,1,6,90,1,2026-08-18T09:52:32.132525+00:00,2026-08-18T09:52:49.641197+00:00
35,158,Casadei,6,MID,44,0,0,0.0,0.0,0.0,0,1,0,0,0,2026-08-18T09:52:32.132525+00:00,2026-08-18T09:52:49.641197+00:00
35,159,Chalobah,6,DEF,44,1.0096,2.0104,0.22,0.1404,0.2158,0.0056,1,1,90,1,2026-08-18T09:52:32.132525+00:00,2026-08-18T09:52:49.641197+00:00
35,161,Chukwuemeka,6,MID,47,0,0,0.0,0.0,0.0,0,1,0,0,0,2026-08-18T09:52:32.132525+00:00,2026-08-18T09:52:49.641197+00:00
35,162,Colwill,6,DEF,44,0.8524,1.7433,0.22,0.1404,0.2158,0.0032,1,2,90,1,2026-08-18T09:52:32.132525+00:00,2026-08-18T09:52:49.641197+00:00
35,163,Cucurella,6,DEF,54,3.2304,3.0044,0.82,0.0324,0.7652,0.0368,1,2,90,1,2026-08-18T09:52:32.132525+00:00,2026-08-18T09:52:49.641197+00:00
35,164,D.D.Fofana,6,FWD,54,0,0,0.0,0.0,0.0,0,1,0,0,0,2026-08-18T09:52:32.132525+00:00,2026-08-18T09:52:49.641197+00:00
35,165,Deivid,6,FWD,49,0,0,0.0,0.0,0.0,0,1,0,0,0,2026-08-18T09:52:32.132525+00:00,2026-08-18T09:52:49.641197+00:00
35,166,Dewsbury-Hall,6,MID,55,1.4728,1.8401,0.45,0.154,0.4308,0.004,1,0,0,0,2026-08-18T09:52:32.132525+00:00,2026-08-18T09:52:49.641197+00:00
35,168,Enzo,6,MID,47,3.424,2.9239,0.82,0.0324,0.7652,0.0432,1,9,87,1,2026-08-18T09:52:32.132525+00:00,2026-08-18T09:52:49.641197+00:00
35,169,Gallagher,6,MID,59,0,0,0.0,0.0,0.0,0,1,0,0,0,2026-08-18T09:52:32.132525+00:00,2026-08-18T09:52:49.641197+00:00
35,170,Gilchrist,6,DEF,40,0,0,0.0,0.0,0.0,0,1,0,0,0,2026-08-18T09:52:32.132525+00:00,2026-08-18T09:52:49.641197+00:00
35,171,Gusto,6,DEF,49,2.478,2.7432,0.68,0.0576,0.637,0.0172,1,1,12,0,2026-08-18T09:52:32.132525+00:00,2026-08-18T09:52:49.641197+00:00
35,172,James,6,DEF,48,1.9108,2.4738,0.48,0.1144,0.4556,0.01,1,1,2,0,2026-08-18T09:52:32.132525+00:00,2026-08-18T09:52:49.641197+00:00
35,173,Kellyman,6,MID,43,0,0,0.0,0.0,0.0,0,1,0,0,0,2026-08-18T09:52:32.132525+00:00,2026-08-18T09:52:49.641197+00:00
35,174,Lavia,6,MID,45,1.1772,1.3694,0.48,0.1144,0.4556,0.0004,1,3,77,1,2026-08-18T09:52:32.132525+00:00,2026-08-18T09:52:49.641197+00:00
35,175,Lukaku,6,FWD,63,0,0,0.0,0.0,0.0,0,1,0,0,0,2026-08-18T09:52:32.132525+00:00,2026-08-18T09:52:49.641197+00:00
35,176,M.Sarr,6,DEF,45,0,0,0.0,0.0,0.0,0,1,0,0,0,2026-08-18T09:52:32.132525+00:00,2026-08-18T09:52:49.641197+00:00
35,177,Madueke,6,MID,60,3.9188,3.8642,0.68,0.0576,0.637,0.0892,1,2,90,1,2026-08-18T09:52:32.132525+00:00,2026-08-18T09:52:49.641197+00:00
35,178,Marc Guiu,6,FWD,47,0.6616,1.18,0.18,0.1804,0.1818,0.0004,1,0,0,0,2026-08-18T09:52:32.132525+00:00,2026-08-18T09:52:49.641197+00:00
35,179,Mudryk,6,MID,61,0,0,0.0,0.0,0.0,0,1,0,0,0,2026-08-18T09:52:32.132525+00:00,2026-08-18T09:52:49.641197+00:00
35,180,N.Jackson,6,FWD,77,0,0,0.0,0.0,0.0,0,1,2,71,1,2026-08-18T09:52:32.132525+00:00,2026-08-18T09:52:49.641197+00:00
35,181,Nkunku,6,MID,57,2.4636,3.0895,0.48,0.1456,0.458,0.0348,1,0,0,0,2026-08-18T09:52:32.132525+00:00,2026-08-18T09:52:49.641197+00:00
35,182,Palmer,6,MID,105,5.9172,4.3152,0.9,0.018,0.8384,0.1792,1,10,90,1,2026-08-18T09:52:32.132525+00:00,2026-08-18T09:52:49.641197+00:00
35,183,Petrović,6,GKP,44,0,0,0.0,0.0,0.0,0,1,0,0,0,2026-08-18T09:52:32.132525+00:00,2026-08-18T09:52:49.641197+00:00
35,184,Renato Veiga,6,MID,44,0,0,0.0,0.0,0.0,0,1,0,0,0,2026-08-18T09:52:32.132525+00:00,2026-08-18T09:52:49.641197+00:00
35,185,Sánchez,6,GKP,45,3.464,2.3289,0.9,0.004,0.8373,0.0,1,2,90,1,2026-08-18T09:52:32.132525+00:00,2026-08-18T09:52:49.641197+00:00
35,187,Tosin,6,DEF,42,0.8872,1.7185,0.22,0.1716,0.2183,0.0032,1,0,0,0,2026-08-18T09:52:32.132525+00:00,2026-08-18T09:52:49.641197+00:00
35,189,W.Fofana,6,DEF,43,0,0,0.0,0.0,0.0,0,1,0,0,0,2026-08-18T09:52:32.132525+00:00,2026-08-18T09:52:49.641197+00:00
35,386,Sancho,6,MID,62,2.4524,2.3388,0.68,0.0576,0.637,0.0156,1,0,18,0,2026-08-18T09:52:32.132525+00:00,2026-08-18T09:52:49.641197+00:00
35,560,Neto,6,MID,61,2.6676,2.6498,0.68,0.0576,0.637,0.0216,1,5,90,1,2026-08-18T09:52:32.132525+00:00,2026-08-18T09:52:49.641197+00:00
35,575,Wiley,6,DEF,40,0,0,0.0,0.0,0.0,0,1,0,0,0,2026-08-18T09:52:32.132525+00:00,2026-08-18T09:52:49.641197+00:00
35,581,Jørgensen,6,GKP,42,0.1892,0.8386,0.04,0.0384,0.0403,0.0,1,0,0,0,2026-08-18T09:52:32.132525+00:00,2026-08-18T09:52:49.641197+00:00
35,621,João Félix,6,MID,59,0,0,0.0,0.0,0.0,0,1,0,0,0,2026-08-18T09:52:32.132525+00:00,2026-08-18T09:52:49.641197+00:00
35,695,Rak-Sakyi,6,MID,45,0.4692,0.9666,0.1,0.198,0.1088,0.0,1,0,0,0,2026-08-18T09:52:32.132525+00:00,2026-08-18T09:52:49.641197+00:00
35,696,George,6,MID,45,0.494,0.9674,0.1,0.198,0.1088,0.0,1,0,0,0,2026-08-18T09:52:32.132525+00:00,2026-08-18T09:52:49.641197+00:00
35,697,Acheampong,6,DEF,40,0.5516,1.2819,0.1,0.198,0.1088,0.0004,1,0,0,0,2026-08-18T09:52:32.132525+00:00,2026-08-18T09:52:49.641197+00:00
35,740,Maresca,6,MID,15,0.4708,0.9879,0.1,0.198,0.1088,0.0,1,9,0,0,2026-08-18T09:52:32.132525+00:00,2026-08-18T09:52:49.641197+00:00
35,771,Amougou,6,MID,45,0.5132,1.1074,0.1,0.198,0.1088,0.0004,1,0,0,0,2026-08-18T09:52:32.132525+00:00,2026-08-18T09:52:49.641197+00:00
35,774,Anselmino,6,DEF,40,0.5212,1.2746,0.1,0.198,0.1088,0.0008,1,0,0,0,2026-08-18T09:52:32.132525+00:00,2026-08-18T09:52:49.641197+00:00
35,781,Mheuka,6,FWD,45,0.4408,0.934,0.1,0.198,0.1088,0.0008,1,0,0,0,2026-08-18T09:52:32.132525+00:00,2026-08-18T09:52:49.641197+00:00
35,782,Samuels-Smith,6,DEF,40,0.4988,1.2564,0.1,0.198,0.1088,0.0012,1,0,0,0,2026-08-18T09:52:32.132525+00:00,2026-08-18T09:52:49.641197+00:00
35,787,Genesis Antwi,6,DEF,40,0.5172,1.2396,0.1,0.198,0.1088,0.0,1,0,0,0,2026-08-18T09:52:32.132525+00:00,2026-08-18T09:52:49.641197+00:00
35,11,Nketiah,7,FWD,59,1.8096,2.3335,0.48,0.1456,0.458,0.0128,1,0,14,0,2026-08-18T09:52:32.132525+00:00,2026-08-18T09:52:49.641197+00:00
35,160,Chilwell,7,DEF,46,0.4624,1.1779,0.09,0.2002,0.0997,0.0012,1,0,0,0,2026-08-18T09:52:32.132525+00:00,2026-08-18T09:52:49.641197+00:00
35,190,Ahamada,7,MID,45,0,0,0.0,0.0,0.0,0,1,0,0,0,2026-08-18T09:52:32.132525+00:00,2026-08-18T09:52:49.641197+00:00
35,193,C.Doucouré,7,MID,48,0,0,0.0,0.0,0.0,0,1,0,0,0,2026-08-18T09:52:32.132525+00:00,2026-08-18T09:52:49.641197+00:00
35,194,C.Richards,7,DEF,44,0.936,1.888,0.22,0.1404,0.2158,0.006,1,2,90,1,2026-08-18T09:52:32.132525+00:00,2026-08-18T09:52:49.641197+00:00
35,195,Chadi Riad,7,DEF,43,0,0,0.0,0.0,0.0,0,1,0,0,0,2026-08-18T09:52:32.132525+00:00,2026-08-18T09:52:49.641197+00:00
35,196,Clyne,7,DEF,43,0.5104,1.2245,0.11,0.1958,0.118,0.0016,1,0,0,0,2026-08-18T09:52:32.132525+00:00,2026-08-18T09:52:49.641197+00:00
35,197,Ebiowei,7,MID,45,0,0,0.0,0.0,0.0,0,1,0,0,0,2026-08-18T09:52:32.132525+00:00,2026-08-18T09:52:49.641197+00:00
35,199,Eze,7,MID,69,3.988,3.3921,0.82,0.0324,0.7652,0.0668,1,10,90,1,2026-08-18T09:52:32.132525+00:00,2026-08-18T09:52:49.641197+00:00
35,200,Guéhi,7,DEF,47,0,0,0.0,0.0,0.0,0,1,2,90,1,2026-08-18T09:52:32.132525+00:00,2026-08-18T09:52:49.641197+00:00
35,201,Henderson,7,GKP,46,3.336,2.3092,0.9,0.008,0.8376,0.0008,1,3,90,1,2026-08-18T09:52:32.132525+00:00,2026-08-18T09:52:49.641197+00:00
35,202,Holding,7,DEF,42,0,0,0.0,0.0,0.0,0,1,0,0,0,2026-08-18T09:52:32.132525+00:00,2026-08-18T09:52:49.641197+00:00
35,203,Hughes,7,MID,49,1.8508,1.8147,0.68,0.0576,0.637,0.0024,1,1,29,0,2026-08-18T09:52:32.132525+00:00,2026-08-18T09:52:49.641197+00:00
35,205,Kamada,7,MID,51,1.4832,1.7859,0.48,0.1144,0.4556,0.0032,1,1,86,1,2026-08-18T09:52:32.132525+00:00,2026-08-18T09:52:49.641197+00:00
35,206,Lerma,7,MID,48,2.1968,1.7086,0.82,0.0324,0.7652,0.004,1,1,3,0,2026-08-18T09:52:32.132525+00:00,2026-08-18T09:52:49.641197+00:00
35,207,Mateta,7,FWD,77,4.1904,3.2884,0.82,0.0324,0.7652,0.078,1,2,75,1,2026-08-18T09:52:32.132525+00:00,2026-08-18T09:52:49.641197+00:00
35,208,M.França,7,MID,44,0.4736,0.9924,0.1,0.198,0.1088,0.0,1,0,0,0,2026-08-18T09:52:32.132525+00:00,2026-08-18T09:52:49.641197+00:00
35,209,Matthews,7,GKP,39,0.1904,0.8275,0.04,0.0384,0.0403,0.0,1,0,0,0,2026-08-18T09:52:32.132525+00:00,2026-08-18T09:52:49.641197+00:00
35,210,Mitchell,7,DEF,48,3.452,2.6857,0.9,0.018,0.8384,0.0256,1,5,90,1,2026-08-18T09:52:32.132525+00:00,2026-08-18T09:52:49.641197+00:00
35,211,Muñoz,7,DEF,53,3.7156,3.2525,0.9,0.018,0.8384,0.0528,1,1,90,1,2026-08-18T09:52:32.132525+00:00,2026-08-18T09:52:49.641197+00:00
35,212,Ozoh,7,MID,45,0,0,0.0,0.0,0.0,0,1,0,0,0,2026-08-18T09:52:32.132525+00:00,2026-08-18T09:52:49.641197+00:00
35,213,Rak-Sakyi,7,MID,45,0,0,0.0,0.0,0.0,0,1,0,0,0,2026-08-18T09:52:32.132525+00:00,2026-08-18T09:52:49.641197+00:00
35,214,Schlupp,7,MID,46,0,0,0.0,0.0,0.0,0,1,0,0,0,2026-08-18T09:52:32.132525+00:00,2026-08-18T09:52:49.641197+00:00
35,215,Ward,7,DEF,43,0.516,1.2312,0.1,0.198,0.1088,0.0012,1,0,0,0,2026-08-18T09:52:32.132525+00:00,2026-08-18T09:52:49.641197+00:00
35,216,Wharton,7,MID,47,0,0,0.0,0.0,0.0,0,1,3,60,1,2026-08-18T09:52:32.132525+00:00,2026-08-18T09:52:49.641197+00:00
35,445,Turner,7,GKP,39,0.1864,0.8236,0.04,0.0384,0.0403,0.0,1,0,0,0,2026-08-18T09:52:32.132525+00:00,2026-08-18T09:52:49.641197+00:00
35,585,I.Sarr,7,MID,57,4.1928,3.5023,0.82,0.0324,0.7652,0.0796,1,2,90,1,2026-08-18T09:52:32.132525+00:00,2026-08-18T09:52:49.641197+00:00
35,644,Umeh-Chibueze,7,MID,44,0.4832,1.0146,0.1,0.198,0.1088,0.0004,1,0,0,0,2026-08-18T09:52:32.132525+00:00,2026-08-18T09:52:49.641197+00:00
35,645,Devenny,7,MID,45,0.946,1.445,0.28,0.1584,0.2731,0.0012,1,0,0,0,2026-08-18T09:52:32.132525+00:00,2026-08-18T09:52:49.641197+00:00
35,646,Agbinone,7,MID,45,0,0,0.0,0.0,0.0,0,1,0,0,0,2026-08-18T09:52:32.132525+00:00,2026-08-18T09:52:49.641197+00:00
35,647,Rodney,7,MID,45,0.5176,1.0422,0.1,0.198,0.1088,0.0004,1,0,0,0,2026-08-18T09:52:32.132525+00:00,2026-08-18T09:52:49.641197+00:00
35,650,Lacroix,7,DEF,45,0.9732,2.025,0.22,0.1404,0.2158,0.0064,1,2,90,1,2026-08-18T09:52:32.132525+00:00,2026-08-18T09:52:49.641197+00:00
35,666,Kporha,7,DEF,40,0.5008,1.2097,0.1,0.198,0.1088,0.0004,1,0,0,0,2026-08-18T09:52:32.132525+00:00,2026-08-18T09:52:49.641197+00:00
35,676,Marsh,7,FWD,45,0.4348,0.9285,0.1,0.198,0.1088,0.0004,1,0,0,0,2026-08-18T09:52:32.132525+00:00,2026-08-18T09:52:49.641197+00:00
35,730,Esse,7,MID,47,0.6828,1.2786,0.18,0.1804,0.1818,0.0004,1,0,0,0,2026-08-18T09:52:32.132525+00:00,2026-08-18T09:52:49.641197+00:00
35,741,Glasner,7,MID,8,0.4744,1.0096,0.1,0.198,0.1088,0.0004,1,9,0,0,2026-08-18T09:52:32.132525+00:00,2026-08-18T09:52:49.641197+00:00
35,156,Broja,8,FWD,53,0.8824,1.4016,0.28,0.1584,0.2731,0.002,1,0,0,0,2026-08-18T09:52:32.132525+00:00,2026-08-18T09:52:49.641197+00:00
35,217,A.Doucoure,8,MID,51,2.8496,2.4291,0.82,0.0324,0.7652,0.0188,1,0,0,0,2026-08-18T09:52:32.132525+00:00,2026-08-18T09:52:49.641197+00:00
35,218,Beto,8,FWD,48,2.068,2.5732,0.48,0.1144,0.4556,0.0204,1,6,76,1,2026-08-18T09:52:32.132525+00:00,2026-08-18T09:52:49.641197+00:00
35,219,Branthwaite,8,DEF,48,0,0,0.0,0.0,0.0,0,1,1,90,1,2026-08-18T09:52:32.132525+00:00,2026-08-18T09:52:49.641197+00:00
35,220,Calvert-Lewin,8,FWD,54,2.5052,2.6086,0.68,0.0576,0.637,0.0304,1,1,13,0,2026-08-18T09:52:32.132525+00:00,2026-08-18T09:52:49.641197+00:00
35,221,Coleman,8,DEF,43,0,0,0.0,0.0,0.0,0,1,0,0,0,2026-08-18T09:52:32.132525+00:00,2026-08-18T09:52:49.641197+00:00
35,222,Gana,8,MID,48,2.384,1.563,0.9,0.018,0.8384,0.0024,1,2,89,1,2026-08-18T09:52:32.132525+00:00,2026-08-18T09:52:49.641197+00:00
35,223,Garner,8,MID,49,1.348,1.5945,0.48,0.1144,0.4556,0.002,1,2,90,1,2026-08-18T09:52:32.132525+00:00,2026-08-18T09:52:49.641197+00:00
35,224,Harrison,8,MID,52,2.7276,2.6056,0.68,0.0576,0.637,0.024,1,1,12,0,2026-08-18T09:52:32.132525+00:00,2026-08-18T09:52:49.641197+00:00
35,225,Holgate,8,DEF,40,0,0,0.0,0.0,0.0,0,1,0,0,0,2026-08-18T09:52:32.132525+00:00,2026-08-18T09:52:49.641197+00:00
35,226,Iroegbunam,8,MID,43,0,0,0.0,0.0,0.0,0,1,1,1,0,2026-08-18T09:52:32.132525+00:00,2026-08-18T09:52:49.641197+00:00
35,227,J.Virginia,8,GKP,39,0.1912,0.8619,0.04,0.0384,0.0403,0.0,1,0,0,0,2026-08-18T09:52:32.132525+00:00,2026-08-18T09:52:49.641197+00:00
35,228,Keane,8,DEF,38,0.8316,1.683,0.22,0.1716,0.2183,0.0024,1,0,0,0,2026-08-18T09:52:32.132525+00:00,2026-08-18T09:52:49.641197+00:00
35,229,Maupay,8,FWD,49,0,0,0.0,0.0,0.0,0,1,0,0,0,2026-08-18T09:52:32.132525+00:00,2026-08-18T09:52:49.641197+00:00
35,230,McNeil,8,MID,51,2.02,2.4228,0.48,0.1144,0.4556,0.0136,1,10,77,1,2026-08-18T09:52:32.132525+00:00,2026-08-18T09:52:49.641197+00:00
35,231,Mykolenko,8,DEF,43,0.8836,1.6942,0.22,0.1404,0.2158,0.0012,1,0,90,1,2026-08-18T09:52:32.132525+00:00,2026-08-18T09:52:49.641197+00:00
35,232,Ndiaye,8,FWD,52,3.0316,2.3831,0.82,0.0324,0.7652,0.0196,1,2,90,1,2026-08-18T09:52:32.132525+00:00,2026-08-18T09:52:49.641197+00:00
35,234,Patterson,8,DEF,44,0.518,1.2734,0.1,0.198,0.1088,0.002,1,3,81,1,2026-08-18T09:52:32.132525+00:00,2026-08-18T09:52:49.641197+00:00
35,235,Pickford,8,GKP,51,3.4028,2.3176,0.9,0.008,0.8376,0.002,1,2,90,1,2026-08-18T09:52:32.132525+00:00,2026-08-18T09:52:49.641197+00:00
35,236,Tarkowski,8,DEF,48,0,0,0.0,0.0,0.0,0,1,0,0,0,2026-08-18T09:52:32.132525+00:00,2026-08-18T09:52:49.641197+00:00
35,237,Y. Chermiti,8,FWD,49,0.6776,1.1872,0.18,0.1804,0.1818,0.0,1,1,1,0,2026-08-18T09:52:32.132525+00:00,2026-08-18T09:52:49.641197+00:00
35,238,Young,8,DEF,43,0.9908,1.9111,0.22,0.1404,0.2158,0.0024,1,1,8,0,2026-08-18T09:52:32.132525+00:00,2026-08-18T09:52:49.641197+00:00
35,450,Alcaraz,8,MID,47,1.0484,1.8118,0.28,0.1584,0.2731,0.0056,1,4,89,1,2026-08-18T09:52:32.132525+00:00,2026-08-18T09:52:49.641197+00:00
35,577,Lindstrøm,8,MID,50,0,0,0.0,0.0,0.0,0,1,0,0,0,2026-08-18T09:52:32.132525+00:00,2026-08-18T09:52:49.641197+00:00
35,582,O'Brien,8,DEF,45,0.8928,1.7914,0.22,0.1716,0.2183,0.004,1,0,90,1,2026-08-18T09:52:32.132525+00:00,2026-08-18T09:52:49.641197+00:00
35,603,Armstrong,8,MID,44,0,0,0.0,0.0,0.0,0,1,0,0,0,2026-08-18T09:52:32.132525+00:00,2026-08-18T09:52:49.641197+00:00
35,614,Metcalfe,8,MID,45,0,0,0.0,0.0,0.0,0,1,0,0,0,2026-08-18T09:52:32.132525+00:00,2026-08-18T09:52:49.641197+00:00
35,624,Begovic,8,GKP,40,0.1936,0.8445,0.04,0.0384,0.0403,0.0,1,0,0,0,2026-08-18T09:52:32.132525+00:00,2026-08-18T09:52:49.641197+00:00
35,627,Dixon,8,DEF,40,0.5088,1.1593,0.1,0.198,0.1088,0.0004,1,0,0,0,2026-08-18T09:52:32.132525+00:00,2026-08-18T09:52:49.641197+00:00
35,651,Mangala,8,MID,50,0,0,0.0,0.0,0.0,0,1,0,0,0,2026-08-18T09:52:32.132525+00:00,2026-08-18T09:52:49.641197+00:00
35,678,Bates,8,MID,45,0.4868,0.976,0.1,0.198,0.1088,0.0004,1,0,0,0,2026-08-18T09:52:32.132525+00:00,2026-08-18T09:52:49.641197+00:00
35,724,Sherif,8,FWD,45,0.4328,0.8932,0.1,0.198,0.1088,0.0,1,0,0,0,2026-08-18T09:52:32.132525+00:00,2026-08-18T09:52:49.641197+00:00
35,742,Moyes,8,MID,5,0.4864,0.9817,0.1,0.198,0.1088,0.0,1,5,0,0,2026-08-18T09:52:32.132525+00:00,2026-08-18T09:52:49.641197+00:00
35,773,Heath,8,MID,45,0.4708,0.9992,0.1,0.198,0.1088,0.0004,1,0,0,0,2026-08-18T09:52:32.132525+00:00,2026-08-18T09:52:49.641197+00:00
35,775,Coby Ebere,8,MID,45,0.4728,0.9629,0.1,0.198,0.1088,0.0,1,0,0,0,2026-08-18T09:52:32.132525+00:00,2026-08-18T09:52:49.641197+00:00
35,803,Welch,8,DEF,40,0.5164,1.2649,0.1,0.198,0.1088,0.0008,1,,,,2026-08-18T09:52:32.132525+00:00,
35,10,Nelson,9,MID,50,0,0,0.0,0.0,0.0,0,1,0,0,0,2026-08-18T09:52:32.132525+00:00,2026-08-18T09:52:49.641197+00:00
35,19,Smith Rowe,9,MID,51,2.8368,2.7071,0.68,0.0576,0.637,0.0224,1,1,33,0,2026-08-18T09:52:32.132525+00:00,2026-08-18T09:52:49.641197+00:00
35,191,Andersen,9,DEF,42,0.7136,1.4866,0.22,0.1404,0.2158,0.0012,1,2,90,1,2026-08-18T09:52:32.132525+00:00,2026-08-18T09:52:49.641197+00:00
35,239,Adama,9,MID,45,2.748,2.7026,0.68,0.0576,0.637,0.0256,1,0,23,0,2026-08-18T09:52:32.132525+00:00,2026-08-18T09:52:49.641197+00:00
35,240,Andreas,9,MID,49,2.3176,2.4745,0.68,0.0576,0.637,0.0172,1,0,0,0,2026-08-18T09:52:32.132525+00:00,2026-08-18T09:52:49.641197+00:00
35,241,Bassey,9,DEF,45,0.6644,1.3855,0.22,0.1404,0.2158,0.0012,1,1,90,1,2026-08-18T09:52:32.132525+00:00,2026-08-18T09:52:49.641197+00:00
35,242,Benda,9,GKP,39,0.152,0.6994,0.04,0.0384,0.0403,0.0,1,0,0,0,2026-08-18T09:52:32.132525+00:00,2026-08-18T09:52:49.641197+00:00
35,243,Cairney,9,MID,48,0.8228,1.2983,0.28,0.1584,0.2731,0.0008,1,0,0,0,2026-08-18T09:52:32.132525+00:00,2026-08-18T09:52:49.641197+00:00
35,244,Castagne,9,DEF,42,0,0,0.0,0.0,0.0,0,1,1,23,0,2026-08-18T09:52:32.132525+00:00,2026-08-18T09:52:49.641197+00:00
35,245,Diop,9,DEF,43,0.7192,1.4376,0.22,0.1716,0.2183,0.0012,1,0,0,0,2026-08-18T09:52:32.132525+00:00,2026-08-18T09:52:49.641197+00:00
35,246,Harris,9,MID,45,0,0,0.0,0.0,0.0,0,1,0,0,0,2026-08-18T09:52:32.132525+00:00,2026-08-18T09:52:49.641197+00:00
35,247,Iwobi,9,MID,56,3.5312,2.5175,0.9,0.018,0.8384,0.0312,1,2,75,1,2026-08-18T09:52:32.132525+00:00,2026-08-18T09:52:49.641197+00:00
35,248,Leno,9,GKP,50,2.8172,2.0476,0.9,0.008,0.8376,0.0,1,2,90,1,2026-08-18T09:52:32.132525+00:00,2026-08-18T09:52:49.641197+00:00
35,249,Lukić,9,MID,48,1.8304,1.3974,0.82,0.0324,0.7652,0.0008,1,2,90,1,2026-08-18T09:52:32.132525+00:00,2026-08-18T09:52:49.641197+00:00
35,250,Mbabu,9,DEF,40,0,0,0.0,0.0,0.0,0,1,0,0,0,2026-08-18T09:52:32.132525+00:00,2026-08-18T09:52:49.641197+00:00
35,251,Muniz,9,FWD,55,0,0,0.0,0.0,0.0,0,1,0,0,0,2026-08-18T09:52:32.132525+00:00,2026-08-18T09:52:49.641197+00:00
35,252,Raúl,9,FWD,53,3.7952,3.0164,0.82,0.0324,0.7652,0.0512,1,2,90,1,2026-08-18T09:52:32.132525+00:00,2026-08-18T09:52:49.641197+00:00
35,253,Ream,9,DEF,45,0,0,0.0,0.0,0.0,0,1,0,0,0,2026-08-18T09:52:32.132525+00:00,2026-08-18T09:52:49.641197+00:00
35,254,Reed,9,MID,47,0,0,0.0,0.0,0.0,0,1,1,15,0,2026-08-18T09:52:32.132525+00:00,2026-08-18T09:52:49.641197+00:00
35,255,Robinson,9,DEF,48,2.6344,2.3061,0.9,0.018,0.8384,0.0076,1,2,90,1,2026-08-18T09:52:32.132525+00:00,2026-08-18T09:52:49.641197+00:00
35,256,Stansfield,9,FWD,50,0,0,0.0,0.0,0.0,0,1,0,0,0,2026-08-18T09:52:32.132525+00:00,2026-08-18T09:52:49.641197+00:00
35,257,Tete,9,DEF,44,0.7056,1.5207,0.22,0.1716,0.2183,0.004,1,1,66,1,2026-08-18T09:52:32.132525+00:00,2026-08-18T09:52:49.641197+00:00
35,258,Vinicius,9,FWD,50,0.6528,1.1866,0.18,0.1804,0.1818,0.0008,1,0,0,0,2026-08-18T09:52:32.132525+00:00,2026-08-18T09:52:49.641197+00:00
35,259,Wilson,9,MID,52,1.9124,2.4336,0.48,0.1144,0.4556,0.014,1,2,66,1,2026-08-18T09:52:32.132525+00:00,2026-08-18T09:52:49.641197+00:00
35,579,Sessegnon,9,DEF,42,0.8708,1.7578,0.22,0.1716,0.2183,0.006,1,0,56,1,2026-08-18T09:52:32.132525+00:00,2026-08-18T09:52:49.641197+00:00
35,586,J.Cuenca,9,DEF,44,0.7288,1.3951,0.22,0.1716,0.2183,0.0,1,0,0,0,2026-08-18T09:52:32.132525+00:00,2026-08-18T09:52:49.641197+00:00
35,604,King,9,MID,44,0.5048,1.0365,0.1,0.198,0.1088,0.0004,1,0,0,0,2026-08-18T09:52:32.132525+00:00,2026-08-18T09:52:49.641197+00:00
35,605,Godo,9,MID,44,0.4896,0.9612,0.1,0.198,0.1088,0.0,1,0,0,0,2026-08-18T09:52:32.132525+00:00,2026-08-18T09:52:49.641197+00:00
35,622,Berge,9,MID,50,1.8848,1.102,0.82,0.0324,0.7652,0.0,1,1,74,1,2026-08-18T09:52:32.132525+00:00,2026-08-18T09:52:49.641197+00:00
35,690,Amissah,9,DEF,40,0.4808,1.1245,0.1,0.198,0.1088,0.0004,1,0,0,0,2026-08-18T09:52:32.132525+00:00,2026-08-18T09:52:49.641197+00:00
35,753,Silva,9,MID,11,0.4528,0.8823,0.1,0.198,0.1088,0.0,1,0,0,0,2026-08-18T09:52:32.132525+00:00,2026-08-18T09:52:49.641197+00:00
35,772,Willian,9,MID,50,0.658,1.2573,0.18,0.1804,0.1818,0.0016,1,1,14,0,2026-08-18T09:52:32.132525+00:00,2026-08-18T09:52:49.641197+00:00
35,121,Enciso,10,MID,54,1.7252,2.2405,0.48,0.1144,0.4556,0.008,1,9,90,1,2026-08-18T09:52:32.132525+00:00,2026-08-18T09:52:49.641197+00:00
35,260,Al-Hamadi,10,FWD,47,0,0,0.0,0.0,0.0,0,1,0,0,0,2026-08-18T09:52:32.132525+00:00,2026-08-18T09:52:49.641197+00:00
35,261,Baggott,10,DEF,40,0,0,0.0,0.0,0.0,0,1,0,0,0,2026-08-18T09:52:32.132525+00:00,2026-08-18T09:52:49.641197+00:00
35,262,Broadhead,10,MID,49,0.96,1.5794,0.28,0.1584,0.2731,0.0012,1,0,0,0,2026-08-18T09:52:32.132525+00:00,2026-08-18T09:52:49.641197+00:00
35,263,Burgess,10,DEF,38,0.7848,1.5815,0.22,0.1716,0.2183,0.0032,1,4,90,1,2026-08-18T09:52:32.132525+00:00,2026-08-18T09:52:49.641197+00:00
35,264,Burns,10,MID,47,0,0,0.0,0.0,0.0,0,1,0,0,0,2026-08-18T09:52:32.132525+00:00,2026-08-18T09:52:49.641197+00:00
35,265,Chaplin,10,MID,51,0.8708,1.4195,0.28,0.1584,0.2731,0.002,1,1,67,1,2026-08-18T09:52:32.132525+00:00,2026-08-18T09:52:49.641197+00:00
35,266,H.Clarke,10,DEF,40,0,0,0.0,0.0,0.0,0,1,0,0,0,2026-08-18T09:52:32.132525+00:00,2026-08-18T09:52:49.641197+00:00
35,267,Davis,10,DEF,42,0.8156,1.7159,0.22,0.1404,0.2158,0.0028,1,0,0,0,2026-08-18T09:52:32.132525+00:00,2026-08-18T09:52:49.641197+00:00
35,268,Delap,10,FWD,56,3.0952,2.5914,0.82,0.0324,0.7652,0.0284,1,1,67,1,2026-08-18T09:52:32.132525+00:00,2026-08-18T09:52:49.641197+00:00
35,269,Edmundson,10,DEF,40,0,0,0.0,0.0,0.0,0,1,0,0,0,2026-08-18T09:52:32.132525+00:00,2026-08-18T09:52:49.641197+00:00
35,270,Greaves,10,DEF,38,0.7184,1.5289,0.22,0.1404,0.2158,0.0012,1,1,90,1,2026-08-18T09:52:32.132525+00:00,2026-08-18T09:52:49.641197+00:00
35,271,Harness,10,MID,49,0,0,0.0,0.0,0.0,0,1,0,0,0,2026-08-18T09:52:32.132525+00:00,2026-08-18T09:52:49.641197+00:00
35,272,Hirst,10,FWD,54,1.0296,1.6674,0.28,0.1584,0.2731,0.004,1,5,22,0,2026-08-18T09:52:32.132525+00:00,2026-08-18T09:52:49.641197+00:00
35,273,Humphreys,10,MID,45,0,0,0.0,0.0,0.0,0,1,0,0,0,2026-08-18T09:52:32.132525+00:00,2026-08-18T09:52:49.641197+00:00
35,274,Hutchinson,10,MID,52,2.374,1.8645,0.82,0.0324,0.7652,0.0064,1,5,90,1,2026-08-18T09:52:32.132525+00:00,2026-08-18T09:52:49.641197+00:00
35,275,Johnson,10,DEF,38,0.8304,1.7366,0.22,0.1716,0.2183,0.004,1,0,0,0,2026-08-18T09:52:32.132525+00:00,2026-08-18T09:52:49.641197+00:00
35,276,Ladapo,10,FWD,45,0,0,0.0,0.0,0.0,0,1,0,0,0,2026-08-18T09:52:32.132525+00:00,2026-08-18T09:52:49.641197+00:00
35,277,Luongo,10,MID,43,0.46,0.8894,0.1,0.198,0.1088,0.0,1,0,0,0,2026-08-18T09:52:32.132525+00:00,2026-08-18T09:52:49.641197+00:00
35,278,Morsy,10,MID,48,1.8956,1.3074,0.82,0.0324,0.7652,0.0,1,1,67,1,2026-08-18T09:52:32.132525+00:00,2026-08-18T09:52:49.641197+00:00
35,279,Ndaba,10,DEF,40,0,0,0.0,0.0,0.0,0,1,0,0,0,2026-08-18T09:52:32.132525+00:00,2026-08-18T09:52:49.641197+00:00
35,280,Slicker,10,GKP,39,0.1692,0.7392,0.04,0.0384,0.0403,0.0,1,0,0,0,2026-08-18T09:52:32.132525+00:00,2026-08-18T09:52:49.641197+00:00
35,281,Taylor,10,MID,48,0.8828,1.442,0.28,0.1584,0.2731,0.0004,1,2,81,1,2026-08-18T09:52:32.132525+00:00,2026-08-18T09:52:49.641197+00:00
35,282,Tuanzebe,10,DEF,39,0.7072,1.3632,0.22,0.1716,0.2183,0.0008,1,1,1,0,2026-08-18T09:52:32.132525+00:00,2026-08-18T09:52:49.641197+00:00
35,283,Walton,10,GKP,43,0.1868,0.8091,0.04,0.0384,0.0403,0.0004,1,0,0,0,2026-08-18T09:52:32.132525+00:00,2026-08-18T09:52:49.641197+00:00
35,284,Woolfenden,10,DEF,39,0.6776,1.3401,0.22,0.1716,0.2183,0.0012,1,1,90,1,2026-08-18T09:52:32.132525+00:00,2026-08-18T09:52:49.641197+00:00
35,359,Phillips,10,MID,48,0,0,0.0,0.0,0.0,0,1,1,22,0,2026-08-18T09:52:32.132525+00:00,2026-08-18T09:52:49.641197+00:00
35,568,Muric,10,GKP,44,0,0,0.0,0.0,0.0,0,1,0,0,0,2026-08-18T09:52:32.132525+00:00,2026-08-18T09:52:49.641197+00:00
35,569,Jaden,10,MID,53,0,0,0.0,0.0,0.0,0,1,0,0,0,2026-08-18T09:52:32.132525+00:00,2026-08-18T09:52:49.641197+00:00
35,583,Townsend,10,DEF,39,0.4752,1.0783,0.11,0.1958,0.118,0.0004,1,0,0,0,2026-08-18T09:52:32.132525+00:00,2026-08-18T09:52:49.641197+00:00
35,611,Szmodics,10,MID,57,1.8308,2.3499,0.48,0.1456,0.458,0.0124,1,0,0,0,2026-08-18T09:52:32.132525+00:00,2026-08-18T09:52:49.641197+00:00
35,619,Cajuste,10,MID,45,1.7392,1.4122,0.68,0.0576,0.637,0.0008,1,1,8,0,2026-08-18T09:52:32.132525+00:00,2026-08-18T09:52:49.641197+00:00
35,630,O'Shea,10,DEF,39,0.7028,1.4308,0.22,0.1404,0.2158,0.0016,1,1,90,1,2026-08-18T09:52:32.132525+00:00,2026-08-18T09:52:49.641197+00:00
35,631,J.Clarke,10,MID,54,1.4684,1.7722,0.48,0.1144,0.4556,0.0048,1,1,22,0,2026-08-18T09:52:32.132525+00:00,2026-08-18T09:52:49.641197+00:00
35,632,Ogbene,10,MID,48,0,0,0.0,0.0,0.0,0,1,0,0,0,2026-08-18T09:52:32.132525+00:00,2026-08-18T09:52:49.641197+00:00
35,715,Godfrey,10,DEF,40,0.448,1.0445,0.1,0.198,0.1088,0.0,1,0,0,0,2026-08-18T09:52:32.132525+00:00,2026-08-18T09:52:49.641197+00:00
35,743,McKenna,10,MID,5,0.4716,0.9182,0.1,0.198,0.1088,0.0,1,5,0,0,2026-08-18T09:52:32.132525+00:00,2026-08-18T09:52:49.641197+00:00
35,764,Palmer,10,GKP,45,2.8616,2.1545,0.88,0.0048,0.8188,0.0004,1,1,90,1,2026-08-18T09:52:32.132525+00:00,2026-08-18T09:52:49.641197+00:00
35,799,Boniface,10,DEF,40,0.4612,1.0771,0.1,0.198,0.1088,0.0004,1,0,0,0,2026-08-18T09:52:32.132525+00:00,2026-08-18T09:52:49.641197+00:00
35,800,Tom Taylor,10,MID,45,0.4764,0.9696,0.1,0.198,0.1088,0.0004,1,0,0,0,2026-08-18T09:52:32.132525+00:00,2026-08-18T09:52:49.641197+00:00
35,117,Buonanotte,11,MID,45,2.5648,2.7218,0.68,0.0704,0.638,0.0264,1,0,0,0,2026-08-18T09:52:32.132525+00:00,2026-08-18T09:52:49.641197+00:00
35,192,J.Ayew,11,MID,51,1.7996,2.4592,0.48,0.1144,0.4556,0.0144,1,8,69,1,2026-08-18T09:52:32.132525+00:00,2026-08-18T09:52:49.641197+00:00
35,198,Edouard,11,FWD,51,0.644,1.2021,0.18,0.1804,0.1818,0.0008,1,0,0,0,2026-08-18T09:52:32.132525+00:00,2026-08-18T09:52:49.641197+00:00
35,285,B.Soumaré,11,MID,44,1.5624,1.3316,0.68,0.0576,0.637,0.0,1,1,6,0,2026-08-18T09:52:32.132525+00:00,2026-08-18T09:52:49.641197+00:00
35,286,Cannon,11,FWD,45,0,0,0.0,0.0,0.0,0,1,0,0,0,2026-08-18T09:52:32.132525+00:00,2026-08-18T09:52:49.641197+00:00
35,287,Choudhury,11,MID,44,0,0,0.0,0.0,0.0,0,1,0,0,0,2026-08-18T09:52:32.132525+00:00,2026-08-18T09:52:49.641197+00:00
35,288,Coady,11,DEF,40,0.8436,1.6263,0.22,0.1716,0.2183,0.0016,1,8,90,1,2026-08-18T09:52:32.132525+00:00,2026-08-18T09:52:49.641197+00:00
35,289,Daka,11,FWD,48,1.0072,1.5459,0.28,0.1584,0.2731,0.0036,1,1,5,0,2026-08-18T09:52:32.132525+00:00,2026-08-18T09:52:49.641197+00:00
35,290,De Cordova-Reid,11,MID,52,0,0,0.0,0.0,0.0,0,1,0,0,0,2026-08-18T09:52:32.132525+00:00,2026-08-18T09:52:49.641197+00:00
35,291,Faes,11,DEF,38,0.7992,1.6716,0.22,0.1404,0.2158,0.0032,1,7,90,1,2026-08-18T09:52:32.132525+00:00,2026-08-18T09:52:49.641197+00:00
35,292,Golding,11,MID,44,0.48,1.041,0.1,0.198,0.1088,0.0008,1,1,1,0,2026-08-18T09:52:32.132525+00:00,2026-08-18T09:52:49.641197+00:00
35,293,Hermansen,11,GKP,44,0,0,0.0,0.0,0.0,0,1,0,0,0,2026-08-18T09:52:32.132525+00:00,2026-08-18T09:52:49.641197+00:00
35,294,Iversen,11,GKP,39,0.1804,0.8324,0.04,0.0384,0.0403,0.0,1,0,0,0,2026-08-18T09:52:32.132525+00:00,2026-08-18T09:52:49.641197+00:00
35,295,Justin,11,DEF,41,0.8032,1.6843,0.22,0.1404,0.2158,0.002,1,7,90,1,2026-08-18T09:52:32.132525+00:00,2026-08-18T09:52:49.641197+00:00
35,296,Kristiansen,11,DEF,44,0.8544,1.6828,0.22,0.1404,0.2158,0.0008,1,0,0,0,2026-08-18T09:52:32.132525+00:00,2026-08-18T09:52:49.641197+00:00
35,297,Marcal,11,MID,45,0,0,0.0,0.0,0.0,0,1,0,0,0,2026-08-18T09:52:32.132525+00:00,2026-08-18T09:52:49.641197+00:00
35,298,Mavididi,11,MID,50,0,0,0.0,0.0,0.0,0,1,0,0,0,2026-08-18T09:52:32.132525+00:00,2026-08-18T09:52:49.641197+00:00
35,299,McAteer,11,MID,47,0.8604,1.4303,0.28,0.1584,0.2731,0.0008,1,3,83,1,2026-08-18T09:52:32.132525+00:00,2026-08-18T09:52:49.641197+00:00
35,300,Ndidi,11,MID,49,2.2904,1.9664,0.82,0.0324,0.7652,0.008,1,3,90,1,2026-08-18T09:52:32.132525+00:00,2026-08-18T09:52:49.641197+00:00
35,301,Okoli,11,DEF,40,0.8904,1.8314,0.22,0.1716,0.2183,0.0076,1,0,0,0,2026-08-18T09:52:32.132525+00:00,2026-08-18T09:52:49.641197+00:00
35,302,Ricardo,11,DEF,41,0.7948,1.5634,0.22,0.1716,0.2183,0.002,1,0,0,0,2026-08-18T09:52:32.132525+00:00,2026-08-18T09:52:49.641197+00:00
35,303,Souttar,11,DEF,40,0,0,0.0,0.0,0.0,0,1,0,0,0,2026-08-18T09:52:32.132525+00:00,2026-08-18T09:52:49.641197+00:00
35,304,Stolarczyk,11,GKP,40,3.0112,2.2881,0.88,0.0048,0.8188,0.0012,1,6,90,1,2026-08-18T09:52:32.132525+00:00,2026-08-18T09:52:49.641197+00:00
35,305,Thomas,11,DEF,39,0.8156,1.631,0.22,0.1716,0.2183,0.0016,1,6,90,1,2026-08-18T09:52:32.132525+00:00,2026-08-18T09:52:49.641197+00:00
35,306,Vardy,11,FWD,53,3.7364,2.8423,0.9,0.018,0.8384,0.0524,1,9,84,1,2026-08-18T09:52:32.132525+00:00,2026-08-18T09:52:49.641197+00:00
35,307,Vestergaard,11,DEF,39,0.756,1.4794,0.22,0.1716,0.2183,0.0016,1,0,0,0,2026-08-18T09:52:32.132525+00:00,2026-08-18T09:52:49.641197+00:00
35,308,Ward,11,GKP,39,0.182,0.8302,0.04,0.0384,0.0403,0.0,1,0,0,0,2026-08-18T09:52:32.132525+00:00,2026-08-18T09:52:49.641197+00:00
35,309,Winks,11,MID,43,1.7624,1.5249,0.68,0.0576,0.637,0.0,1,0,0,0,2026-08-18T09:52:32.132525+00:00,2026-08-18T09:52:49.641197+00:00
35,501,Skipp,11,MID,47,1.1248,1.3601,0.48,0.1144,0.4556,0.0008,1,2,90,1,2026-08-18T09:52:32.132525+00:00,2026-08-18T09:52:49.641197+00:00
35,570,A.Fatawu,11,MID,51,0,0,0.0,0.0,0.0,0,1,0,0,0,2026-08-18T09:52:32.132525+00:00,2026-08-18T09:52:49.641197+00:00
35,606,Alves,11,MID,44,0,0,0.0,0.0,0.0,0,1,0,0,0,2026-08-18T09:52:32.132525+00:00,2026-08-18T09:52:49.641197+00:00
35,616,Nelson,11,DEF,40,0,0,0.0,0.0,0.0,0,1,0,0,0,2026-08-18T09:52:32.132525+00:00,2026-08-18T09:52:49.641197+00:00
35,635,El Khannouss,11,MID,48,2.6316,1.9722,0.82,0.0324,0.7652,0.0068,1,6,83,1,2026-08-18T09:52:32.132525+00:00,2026-08-18T09:52:49.641197+00:00
35,694,Cartwright,11,MID,45,0.5148,1.107,0.1,0.198,0.1088,0.0004,1,0,0,0,2026-08-18T09:52:32.132525+00:00,2026-08-18T09:52:49.641197+00:00
35,708,Wilson-Brown,11,DEF,40,0,0,0.0,0.0,0.0,0,1,0,0,0,2026-08-18T09:52:32.132525+00:00,2026-08-18T09:52:49.641197+00:00
35,726,Coulibaly,11,DEF,40,0.4904,1.1672,0.1,0.198,0.1088,0.0004,1,0,0,0,2026-08-18T09:52:32.132525+00:00,2026-08-18T09:52:49.641197+00:00
35,754,Van Nistelrooy,11,MID,5,0.512,1.1074,0.1,0.198,0.1088,0.0004,1,10,0,0,2026-08-18T09:52:32.132525+00:00,2026-08-18T09:52:49.641197+00:00
35,792,Monga,11,MID,45,0.5088,1.0434,0.1,0.198,0.1088,0.0,1,1,20,0,2026-08-18T09:52:32.132525+00:00,2026-08-18T09:52:49.641197+00:00
35,796,Olabade Aluko,11,DEF,40,0.554,1.3425,0.1,0.198,0.1088,0.0012,1,0,0,0,2026-08-18T09:52:32.132525+00:00,2026-08-18T09:52:49.641197+00:00
35,797,Jake Evans,11,MID,45,0.4936,1.0056,0.1,0.198,0.1088,0.0004,1,1,6,0,2026-08-18T09:52:32.132525+00:00,2026-08-18T09:52:49.641197+00:00
35,802,Braybrooke,11,MID,45,0.496,1.021,0.1,0.198,0.1088,0.0004,1,,,,2026-08-18T09:52:32.132525+00:00,
35,310,A.Becker,12,GKP,55,2.9208,2.0446,0.9,0.008,0.8376,0.0004,1,2,90,1,2026-08-18T09:52:32.132525+00:00,2026-08-18T09:52:49.641197+00:00
35,311,Alexander-Arnold,12,DEF,72,3.2316,2.9213,0.82,0.0324,0.7652,0.03,1,0,56,1,2026-08-18T09:52:32.132525+00:00,2026-08-18T09:52:49.641197+00:00
35,312,Bajcetic,12,MID,45,0,0,0.0,0.0,0.0,0,1,0,0,0,2026-08-18T09:52:32.132525+00:00,2026-08-18T09:52:49.641197+00:00
35,313,Bradley,12,DEF,47,0.9616,1.7701,0.28,0.1584,0.2731,0.0032,1,1,33,0,2026-08-18T09:52:32.132525+00:00,2026-08-18T09:52:49.641197+00:00
35,315,Clark,12,MID,45,0,0,0.0,0.0,0.0,0,1,0,0,0,2026-08-18T09:52:32.132525+00:00,2026-08-18T09:52:49.641197+00:00
35,316,Darwin,12,FWD,70,1.8336,2.3432,0.48,0.1456,0.458,0.0148,1,1,32,0,2026-08-18T09:52:32.132525+00:00,2026-08-18T09:52:49.641197+00:00
35,317,Diogo J.,12,MID,72,2.3976,3.1656,0.48,0.1456,0.458,0.034,1,1,57,1,2026-08-18T09:52:32.132525+00:00,2026-08-18T09:52:49.641197+00:00
35,318,Doak,12,MID,45,0,0,0.0,0.0,0.0,0,1,0,0,0,2026-08-18T09:52:32.132525+00:00,2026-08-18T09:52:49.641197+00:00
35,319,Elliott,12,MID,52,0.696,1.3216,0.18,0.1804,0.1818,0.0012,1,2,68,1,2026-08-18T09:52:32.132525+00:00,2026-08-18T09:52:49.641197+00:00
35,320,Endo,12,MID,46,0.6656,1.1207,0.18,0.1804,0.1818,0.0008,1,2,68,1,2026-08-18T09:52:32.132525+00:00,2026-08-18T09:52:49.641197+00:00
35,321,Gakpo,12,FWD,72,2.9888,2.7977,0.68,0.0576,0.637,0.0248,1,2,90,1,2026-08-18T09:52:32.132525+00:00,2026-08-18T09:52:49.641197+00:00
35,322,Gomez,12,DEF,47,0.8732,1.5686,0.28,0.1584,0.2731,0.0012,1,0,0,0,2026-08-18T09:52:32.132525+00:00,2026-08-18T09:52:49.641197+00:00
35,323,Gravenberch,12,MID,50,0,0,0.0,0.0,0.0,0,1,0,0,0,2026-08-18T09:52:32.132525+00:00,2026-08-18T09:52:49.641197+00:00
35,324,Jones,12,MID,53,2.5352,2.5279,0.68,0.0704,0.638,0.018,1,2,90,1,2026-08-18T09:52:32.132525+00:00,2026-08-18T09:52:49.641197+00:00
35,325,Kelleher,12,GKP,40,0.1372,0.6964,0.04,0.0384,0.0403,0.0,1,0,0,0,2026-08-18T09:52:32.132525+00:00,2026-08-18T09:52:49.641197+00:00
35,326,Konaté,12,DEF,53,2.4752,2.3976,0.82,0.0324,0.7652,0.0092,1,0,0,0,2026-08-18T09:52:32.132525+00:00,2026-08-18T09:52:49.641197+00:00
35,327,Luis Díaz,12,MID,76,4.1212,3.4063,0.82,0.0324,0.7652,0.0716,1,0,0,0,2026-08-18T09:52:32.132525+00:00,2026-08-18T09:52:49.641197+00:00
35,328,M.Salah,12,MID,138,5.984,4.321,0.9,0.018,0.8384,0.1856,1,2,90,1,2026-08-18T09:52:32.132525+00:00,2026-08-18T09:52:49.641197+00:00
35,329,Mac Allister,12,MID,62,0,0,0.0,0.0,0.0,0,1,4,21,0,2026-08-18T09:52:32.132525+00:00,2026-08-18T09:52:49.641197+00:00
35,330,McConnell,12,MID,43,0.454,0.9475,0.1,0.198,0.1088,0.0004,1,0,0,0,2026-08-18T09:52:32.132525+00:00,2026-08-18T09:52:49.641197+00:00
35,331,Morton,12,MID,44,0.4268,0.8709,0.1,0.198,0.1088,0.0,1,0,0,0,2026-08-18T09:52:32.132525+00:00,2026-08-18T09:52:49.641197+00:00
35,332,N.Phillips,12,DEF,40,0,0,0.0,0.0,0.0,0,1,0,0,0,2026-08-18T09:52:32.132525+00:00,2026-08-18T09:52:49.641197+00:00
35,333,Quansah,12,DEF,39,0.7284,1.4406,0.22,0.1716,0.2183,0.0008,1,-2,90,1,2026-08-18T09:52:32.132525+00:00,2026-08-18T09:52:49.641197+00:00
35,334,R.Williams,12,DEF,40,0,0,0.0,0.0,0.0,0,1,0,0,0,2026-08-18T09:52:32.132525+00:00,2026-08-18T09:52:49.641197+00:00
35,335,Robertson,12,DEF,58,2.6868,2.5178,0.82,0.0324,0.7652,0.0124,1,0,0,0,2026-08-18T09:52:32.132525+00:00,2026-08-18T09:52:49.641197+00:00
35,336,Szoboszlai,12,MID,62,3.4852,2.9802,0.82,0.0324,0.7652,0.0432,1,1,21,0,2026-08-18T09:52:32.132525+00:00,2026-08-18T09:52:49.641197+00:00
35,337,Tsimikas,12,DEF,46,1.006,1.8457,0.28,0.1584,0.2731,0.0024,1,1,81,1,2026-08-18T09:52:32.132525+00:00,2026-08-18T09:52:49.641197+00:00
35,339,Virgil,12,DEF,67,2.7056,2.3302,0.9,0.018,0.8384,0.0128,1,6,90,1,2026-08-18T09:52:32.132525+00:00,2026-08-18T09:52:49.641197+00:00
35,636,Chiesa,12,MID,68,1.6228,2.069,0.45,0.154,0.4308,0.0076,1,1,8,0,2026-08-18T09:52:32.132525+00:00,2026-08-18T09:52:49.641197+00:00
35,660,Jaros,12,GKP,40,0.2312,1.0368,0.04,0.0384,0.0403,0.0012,1,0,0,0,2026-08-18T09:52:32.132525+00:00,2026-08-18T09:52:49.641197+00:00
35,669,Davies,12,GKP,40,0.1716,0.773,0.04,0.0384,0.0403,0.0,1,0,0,0,2026-08-18T09:52:32.132525+00:00,2026-08-18T09:52:49.641197+00:00
35,688,Nyoni,12,MID,45,0.4896,0.9979,0.1,0.198,0.1088,0.0004,1,0,0,0,2026-08-18T09:52:32.132525+00:00,2026-08-18T09:52:49.641197+00:00
35,692,Nallo,12,DEF,40,0.4828,1.1302,0.1,0.198,0.1088,0.0,1,0,0,0,2026-08-18T09:52:32.132525+00:00,2026-08-18T09:52:49.641197+00:00
35,709,Danns,12,FWD,45,0,0,0.0,0.0,0.0,0,1,0,0,0,2026-08-18T09:52:32.132525+00:00,2026-08-18T09:52:49.641197+00:00
35,744,Slot,12,MID,15,0.46,0.9024,0.1,0.198,0.1088,0.0,1,1,0,0,2026-08-18T09:52:32.132525+00:00,2026-08-18T09:52:49.641197+00:00
35,340,Akanji,13,DEF,53,2.346,2.4625,0.68,0.0576,0.637,0.0084,1,1,32,0,2026-08-18T09:52:32.132525+00:00,2026-08-18T09:52:49.641197+00:00
35,341,Aké,13,DEF,53,1.6716,2.2145,0.48,0.1144,0.4556,0.0056,1,0,0,0,2026-08-18T09:52:32.132525+00:00,2026-08-18T09:52:49.641197+00:00
35,342,Bernardo,13,MID,61,2.9816,2.4394,0.82,0.0324,0.7652,0.0152,1,3,90,1,2026-08-18T09:52:32.132525+00:00,2026-08-18T09:52:49.641197+00:00
35,343,Bobb,13,MID,47,0.6812,1.2491,0.18,0.1804,0.1818,0.0008,1,0,0,0,2026-08-18T09:52:32.132525+00:00,2026-08-18T09:52:49.641197+00:00
35,344,Carson,13,GKP,39,0.178,0.7622,0.04,0.0384,0.0403,0.0,1,0,0,0,2026-08-18T09:52:32.132525+00:00,2026-08-18T09:52:49.641197+00:00
35,345,De Bruyne,13,MID,94,3.482,3.3687,0.68,0.0896,0.6396,0.058,1,11,83,1,2026-08-18T09:52:32.132525+00:00,2026-08-18T09:52:49.641197+00:00
35,346,Doku,13,MID,62,1.944,2.3274,0.48,0.1456,0.458,0.0104,1,6,90,1,2026-08-18T09:52:32.132525+00:00,2026-08-18T09:52:49.641197+00:00
35,347,Ederson M.,13,GKP,53,3.2868,2.2935,0.9,0.008,0.8376,0.0016,1,6,90,1,2026-08-18T09:52:32.132525+00:00,2026-08-18T09:52:49.641197+00:00
35,348,Foden,13,MID,91,3.612,3.5537,0.68,0.0576,0.637,0.0688,1,1,6,0,2026-08-18T09:52:32.132525+00:00,2026-08-18T09:52:49.641197+00:00
35,349,Grealish,13,MID,64,1.2848,2.1196,0.28,0.2016,0.2765,0.0084,1,0,0,0,2026-08-18T09:52:32.132525+00:00,2026-08-18T09:52:49.641197+00:00
35,350,Gvardiol,13,DEF,63,3.876,3.1493,0.9,0.018,0.8384,0.052,1,8,90,1,2026-08-18T09:52:32.132525+00:00,2026-08-18T09:52:49.641197+00:00
35,351,Haaland,13,FWD,148,5.3104,4.0843,0.82,0.0324,0.7652,0.1568,1,0,0,0,2026-08-18T09:52:32.132525+00:00,2026-08-18T09:52:49.641197+00:00
35,352,J.Alvarez,13,FWD,70,0,0,0.0,0.0,0.0,0,1,0,0,0,2026-08-18T09:52:32.132525+00:00,2026-08-18T09:52:49.641197+00:00
35,353,João Cancelo,13,DEF,53,0,0,0.0,0.0,0.0,0,1,0,0,0,2026-08-18T09:52:32.132525+00:00,2026-08-18T09:52:49.641197+00:00
35,354,Kovačić,13,MID,54,2.5668,2.3728,0.68,0.0576,0.637,0.0104,1,3,90,1,2026-08-18T09:52:32.132525+00:00,2026-08-18T09:52:49.641197+00:00
35,355,Lewis,13,DEF,43,0.9132,1.838,0.22,0.1404,0.2158,0.004,1,1,7,0,2026-08-18T09:52:32.132525+00:00,2026-08-18T09:52:49.641197+00:00
35,356,Matheus N.,13,MID,49,2.3156,2.1298,0.68,0.0704,0.638,0.0068,1,3,90,1,2026-08-18T09:52:32.132525+00:00,2026-08-18T09:52:49.641197+00:00
35,357,McAtee,13,MID,46,0.8032,1.6285,0.18,0.1804,0.1818,0.0044,1,1,6,0,2026-08-18T09:52:32.132525+00:00,2026-08-18T09:52:49.641197+00:00
35,358,Ortega Moreno,13,GKP,52,0.3312,1.0328,0.08,0.0736,0.0803,0.0,1,0,0,0,2026-08-18T09:52:32.132525+00:00,2026-08-18T09:52:49.641197+00:00
35,360,Rodrigo,13,MID,62,1.6032,2.032,0.45,0.154,0.4308,0.0072,1,0,0,0,2026-08-18T09:52:32.132525+00:00,2026-08-18T09:52:49.641197+00:00
35,361,Rúben,13,DEF,54,2.388,2.6648,0.68,0.0576,0.637,0.0168,1,7,90,1,2026-08-18T09:52:32.132525+00:00,2026-08-18T09:52:49.641197+00:00
35,362,Stones,13,DEF,53,0,0,0.0,0.0,0.0,0,1,0,0,0,2026-08-18T09:52:32.132525+00:00,2026-08-18T09:52:49.641197+00:00
35,363,Walker,13,DEF,51,0,0,0.0,0.0,0.0,0,1,0,0,0,2026-08-18T09:52:32.132525+00:00,2026-08-18T09:52:49.641197+00:00
35,571,Savinho,13,MID,62,3.822,3.7042,0.68,0.0576,0.637,0.0856,1,0,0,0,2026-08-18T09:52:32.132525+00:00,2026-08-18T09:52:49.641197+00:00
35,607,O’Reilly,13,MID,49,1.2752,2.0033,0.28,0.1584,0.2731,0.004,1,1,57,1,2026-08-18T09:52:32.132525+00:00,2026-08-18T09:52:49.641197+00:00
35,625,Gündogan,13,MID,63,2.4844,2.4461,0.68,0.0576,0.637,0.0172,1,3,83,1,2026-08-18T09:52:32.132525+00:00,2026-08-18T09:52:49.641197+00:00
35,626,Kaboré,13,DEF,45,0,0,0.0,0.0,0.0,0,1,0,0,0,2026-08-18T09:52:32.132525+00:00,2026-08-18T09:52:49.641197+00:00
35,671,Wright,13,MID,45,0,0,0.0,0.0,0.0,0,1,0,0,0,2026-08-18T09:52:32.132525+00:00,2026-08-18T09:52:49.641197+00:00
35,672,Simpson-Pusey,13,DEF,40,0.4892,1.1562,0.1,0.198,0.1088,0.0,1,0,0,0,2026-08-18T09:52:32.132525+00:00,2026-08-18T09:52:49.641197+00:00
35,675,Wilson-Esbrand,13,DEF,40,0,0,0.0,0.0,0.0,0,1,0,0,0,2026-08-18T09:52:32.132525+00:00,2026-08-18T09:52:49.641197+00:00
35,698,Mubama,13,FWD,45,0.4416,0.8952,0.1,0.198,0.1088,0.0,1,0,0,0,2026-08-18T09:52:32.132525+00:00,2026-08-18T09:52:49.641197+00:00
35,703,Alleyne,13,DEF,40,0.5284,1.2732,0.1,0.198,0.1088,0.0012,1,0,0,0,2026-08-18T09:52:32.132525+00:00,2026-08-18T09:52:49.641197+00:00
35,704,Brits,13,GKP,40,0.15,0.712,0.04,0.0384,0.0403,0.0,1,0,0,0,2026-08-18T09:52:32.132525+00:00,2026-08-18T09:52:49.641197+00:00
35,732,Khusanov,13,DEF,50,1.018,1.8194,0.28,0.1584,0.2731,0.0028,1,0,0,0,2026-08-18T09:52:32.132525+00:00,2026-08-18T09:52:49.641197+00:00
35,733,Vitor Reis,13,DEF,45,0.54,1.2779,0.1,0.198,0.1088,0.0008,1,0,0,0,2026-08-18T09:52:32.132525+00:00,2026-08-18T09:52:49.641197+00:00
35,736,Guardiola,13,MID,15,0.482,0.9938,0.1,0.198,0.1088,0.0004,1,9,0,0,2026-08-18T09:52:32.132525+00:00,2026-08-18T09:52:49.641197+00:00
35,755,Marmoush,13,FWD,76,2.5908,3.0396,0.48,0.1456,0.458,0.0348,1,2,82,1,2026-08-18T09:52:32.132525+00:00,2026-08-18T09:52:49.641197+00:00
35,765,N.Gonzalez,13,MID,60,1.3804,1.7646,0.48,0.1456,0.458,0.0044,1,1,1,0,2026-08-18T09:52:32.132525+00:00,2026-08-18T09:52:49.641197+00:00
35,785,Echeverri,13,MID,58,1.616,1.9929,0.45,0.154,0.4308,0.0072,1,0,0,0,2026-08-18T09:52:32.132525+00:00,2026-08-18T09:52:49.641197+00:00
35,364,Amad,14,MID,53,3.0188,2.9954,0.68,0.0576,0.637,0.0364,1,6,45,1,2026-08-18T09:52:32.132525+00:00,2026-08-18T09:52:49.641197+00:00
35,365,Antony,14,MID,57,0,0,0.0,0.0,0.0,0,1,0,0,0,2026-08-18T09:52:32.132525+00:00,2026-08-18T09:52:49.641197+00:00
35,366,B.Fernandes,14,MID,85,4.5292,3.2366,0.9,0.018,0.8384,0.0756,1,0,0,0,2026-08-18T09:52:32.132525+00:00,2026-08-18T09:52:49.641197+00:00
35,367,Bayindir,14,GKP,43,0.1444,0.7148,0.04,0.0384,0.0403,0.0004,1,1,90,1,2026-08-18T09:52:32.132525+00:00,2026-08-18T09:52:49.641197+00:00
35,368,Casemiro,14,MID,46,2.0592,1.9392,0.68,0.0704,0.638,0.0044,1,0,0,0,2026-08-18T09:52:32.132525+00:00,2026-08-18T09:52:49.641197+00:00
35,369,Dalot,14,DEF,50,2.7856,2.4676,0.9,0.018,0.8384,0.0184,1,0,0,0,2026-08-18T09:52:32.132525+00:00,2026-08-18T09:52:49.641197+00:00
35,370,Eriksen,14,MID,52,1.358,1.6475,0.48,0.1144,0.4556,0.0028,1,4,33,0,2026-08-18T09:52:32.132525+00:00,2026-08-18T09:52:49.641197+00:00
35,371,Evans,14,DEF,44,0.7148,1.4466,0.22,0.1716,0.2183,0.0024,1,0,0,0,2026-08-18T09:52:32.132525+00:00,2026-08-18T09:52:49.641197+00:00
35,372,Garnacho,14,MID,59,3.214,2.9249,0.82,0.0324,0.7652,0.0392,1,12,90,1,2026-08-18T09:52:32.132525+00:00,2026-08-18T09:52:49.641197+00:00
35,373,Hannibal,14,MID,45,0,0,0.0,0.0,0.0,0,1,0,0,0,2026-08-18T09:52:32.132525+00:00,2026-08-18T09:52:49.641197+00:00
35,374,Heaton,14,GKP,39,0.1756,0.7659,0.04,0.0384,0.0403,0.0,1,0,0,0,2026-08-18T09:52:32.132525+00:00,2026-08-18T09:52:49.641197+00:00
35,375,Højlund,14,FWD,69,2.186,2.0778,0.68,0.0576,0.637,0.0092,1,0,0,0,2026-08-18T09:52:32.132525+00:00,2026-08-18T09:52:49.641197+00:00
35,376,Lindelof,14,DEF,43,0.7132,1.409,0.22,0.1716,0.2183,0.0012,1,1,14,0,2026-08-18T09:52:32.132525+00:00,2026-08-18T09:52:49.641197+00:00
35,377,Maguire,14,DEF,49,1.9088,2.3957,0.68,0.0704,0.638,0.0128,1,0,55,1,2026-08-18T09:52:32.132525+00:00,2026-08-18T09:52:49.641197+00:00
35,378,Mainoo,14,MID,52,1.648,1.5161,0.68,0.0704,0.638,0.0016,1,2,90,1,2026-08-18T09:52:32.132525+00:00,2026-08-18T09:52:49.641197+00:00
35,379,Malacia,14,DEF,44,0,0,0.0,0.0,0.0,0,1,0,0,0,2026-08-18T09:52:32.132525+00:00,2026-08-18T09:52:49.641197+00:00
35,380,Martinez,14,DEF,43,0,0,0.0,0.0,0.0,0,1,0,0,0,2026-08-18T09:52:32.132525+00:00,2026-08-18T09:52:49.641197+00:00
35,381,McTominay,14,MID,49,0,0,0.0,0.0,0.0,0,1,0,0,0,2026-08-18T09:52:32.132525+00:00,2026-08-18T09:52:49.641197+00:00
35,382,Mount,14,MID,63,1.0628,1.7083,0.28,0.2016,0.2765,0.0056,1,6,56,1,2026-08-18T09:52:32.132525+00:00,2026-08-18T09:52:49.641197+00:00
35,383,Onana,14,GKP,49,2.9096,2.0544,0.9,0.008,0.8376,0.0008,1,0,0,0,2026-08-18T09:52:32.132525+00:00,2026-08-18T09:52:49.641197+00:00
35,384,Pellistri,14,MID,50,0,0,0.0,0.0,0.0,0,1,0,0,0,2026-08-18T09:52:32.132525+00:00,2026-08-18T09:52:49.641197+00:00
35,387,Shaw,14,DEF,49,0.702,1.4688,0.18,0.1804,0.1818,0.0016,1,-2,45,1,2026-08-18T09:52:32.132525+00:00,2026-08-18T09:52:49.641197+00:00
35,389,Zirkzee,14,FWD,65,1.866,2.2556,0.48,0.1456,0.458,0.0152,1,0,0,0,2026-08-18T09:52:32.132525+00:00,2026-08-18T09:52:49.641197+00:00
35,572,Yoro,14,DEF,43,0.68,1.4469,0.22,0.1716,0.2183,0.0012,1,0,45,1,2026-08-18T09:52:32.132525+00:00,2026-08-18T09:52:49.641197+00:00
35,593,De Ligt,14,DEF,48,1.4356,2.3791,0.41,0.1062,0.3898,0.014,1,0,34,0,2026-08-18T09:52:32.132525+00:00,2026-08-18T09:52:49.641197+00:00
35,594,Mazraoui,14,DEF,42,0.7144,1.4392,0.22,0.1404,0.2158,0.0,1,0,0,0,2026-08-18T09:52:32.132525+00:00,2026-08-18T09:52:49.641197+00:00
35,613,Collyer,14,MID,45,0.4684,0.9886,0.1,0.198,0.1088,0.0004,1,0,0,0,2026-08-18T09:52:32.132525+00:00,2026-08-18T09:52:49.641197+00:00
35,648,Wheatley,14,FWD,45,0,0,0.0,0.0,0.0,0,1,0,0,0,2026-08-18T09:52:32.132525+00:00,2026-08-18T09:52:49.641197+00:00
35,652,Ugarte,14,MID,49,1.5472,1.4853,0.68,0.0576,0.637,0.0008,1,4,90,1,2026-08-18T09:52:32.132525+00:00,2026-08-18T09:52:49.641197+00:00
35,658,Heaven,14,DEF,40,0.4824,1.1145,0.1,0.198,0.1088,0.0004,1,0,0,0,2026-08-18T09:52:32.132525+00:00,2026-08-18T09:52:49.641197+00:00
35,667,Fletcher,14,MID,45,0.474,0.9884,0.1,0.198,0.1088,0.0004,1,0,0,0,2026-08-18T09:52:32.132525+00:00,2026-08-18T09:52:49.641197+00:00
35,670,Amass,14,DEF,40,0.4572,1.0499,0.1,0.198,0.1088,0.0004,1,0,90,1,2026-08-18T09:52:32.132525+00:00,2026-08-18T09:52:49.641197+00:00
35,673,Fitzgerald,14,MID,45,0.5096,1.0515,0.1,0.198,0.1088,0.0008,1,0,0,0,2026-08-18T09:52:32.132525+00:00,2026-08-18T09:52:49.641197+00:00
35,691,Kukonki,14,DEF,40,0.478,1.1861,0.1,0.198,0.1088,0.0008,1,0,0,0,2026-08-18T09:52:32.132525+00:00,2026-08-18T09:52:49.641197+00:00
35,745,Amorim,14,MID,8,0.4632,0.9576,0.1,0.198,0.1088,0.0,1,3,0,0,2026-08-18T09:52:32.132525+00:00,2026-08-18T09:52:49.641197+00:00
35,761,Harrison,14,GKP,40,0.1544,0.6902,0.04,0.0384,0.0403,0.0,1,0,0,0,2026-08-18T09:52:32.132525+00:00,2026-08-18T09:52:49.641197+00:00
35,766,Dorgu,14,DEF,45,0.7448,1.544,0.22,0.1716,0.2183,0.002,1,0,45,1,2026-08-18T09:52:32.132525+00:00,2026-08-18T09:52:49.641197+00:00
35,776,Obi,14,FWD,45,0.46,0.9059,0.1,0.198,0.1088,0.0004,1,2,90,1,2026-08-18T09:52:32.132525+00:00,2026-08-18T09:52:49.641197+00:00
35,777,Fredricson,14,DEF,40,0.4416,1.0349,0.1,0.198,0.1088,0.0,1,0,76,1,2026-08-18T09:52:32.132525+00:00,2026-08-18T09:52:49.641197+00:00
35,778,Moorhouse,14,MID,45,0.448,0.9053,0.1,0.198,0.1088,0.0,1,0,0,0,2026-08-18T09:52:32.132525+00:00,2026-08-18T09:52:49.641197+00:00
35,779,Koné,14,MID,45,0.452,0.9479,0.1,0.198,0.1088,0.0008,1,0,0,0,2026-08-18T09:52:32.132525+00:00,2026-08-18T09:52:49.641197+00:00
35,783,Graczyk,14,GKP,40,0.1788,0.7652,0.04,0.0384,0.0403,0.0,1,0,0,0,2026-08-18T09:52:32.132525+00:00,2026-08-18T09:52:49.641197+00:00
35,788,Dermot Mee,14,GKP,40,0.1672,0.7415,0.04,0.0384,0.0403,0.0,1,0,0,0,2026-08-18T09:52:32.132525+00:00,2026-08-18T09:52:49.641197+00:00
35,390,A.Murphy,15,DEF,40,0,0,0.0,0.0,0.0,0,1,0,0,0,2026-08-18T09:52:32.132525+00:00,2026-08-18T09:52:49.641197+00:00
35,391,Almirón,15,MID,54,0,0,0.0,0.0,0.0,0,1,0,0,0,2026-08-18T09:52:32.132525+00:00,2026-08-18T09:52:49.641197+00:00
35,392,Barnes,15,MID,60,3.5236,3.2438,0.68,0.0896,0.6396,0.0508,1,2,90,1,2026-08-18T09:52:32.132525+00:00,2026-08-18T09:52:49.641197+00:00
35,393,Botman,15,DEF,44,0.744,1.4599,0.22,0.1716,0.2183,0.0,1,1,1,0,2026-08-18T09:52:32.132525+00:00,2026-08-18T09:52:49.641197+00:00
35,394,Bruno G.,15,MID,62,2.9372,2.1725,0.9,0.018,0.8384,0.0168,1,2,90,1,2026-08-18T09:52:32.132525+00:00,2026-08-18T09:52:49.641197+00:00
35,395,Burn,15,DEF,45,0.714,1.5698,0.22,0.1404,0.2158,0.0032,1,2,90,1,2026-08-18T09:52:32.132525+00:00,2026-08-18T09:52:49.641197+00:00
35,396,Dúbravka,15,GKP,40,0.1452,0.6654,0.04,0.0384,0.0403,0.0,1,0,0,0,2026-08-18T09:52:32.132525+00:00,2026-08-18T09:52:49.641197+00:00
35,398,Gordon,15,MID,74,3.6936,3.1423,0.82,0.0324,0.7652,0.0496,1,1,34,0,2026-08-18T09:52:32.132525+00:00,2026-08-18T09:52:49.641197+00:00
35,399,Hall,15,DEF,47,0,0,0.0,0.0,0.0,0,1,0,0,0,2026-08-18T09:52:32.132525+00:00,2026-08-18T09:52:49.641197+00:00
35,400,Hayden,15,MID,44,0,0,0.0,0.0,0.0,0,1,0,0,0,2026-08-18T09:52:32.132525+00:00,2026-08-18T09:52:49.641197+00:00
35,401,Isak,15,FWD,96,4.6876,3.5915,0.82,0.0324,0.7652,0.1064,1,9,90,1,2026-08-18T09:52:32.132525+00:00,2026-08-18T09:52:49.641197+00:00
35,402,J.Murphy,15,MID,53,3.5832,2.9063,0.82,0.0324,0.7652,0.0412,1,1,55,1,2026-08-18T09:52:32.132525+00:00,2026-08-18T09:52:49.641197+00:00
35,403,Joelinton,15,MID,60,0,0,0.0,0.0,0.0,0,1,0,0,0,2026-08-18T09:52:32.132525+00:00,2026-08-18T09:52:49.641197+00:00
35,404,Kelly,15,DEF,42,0,0,0.0,0.0,0.0,0,1,0,0,0,2026-08-18T09:52:32.132525+00:00,2026-08-18T09:52:49.641197+00:00
35,405,Krafth,15,DEF,43,0.4132,1.0173,0.1,0.198,0.1088,0.0008,1,1,1,0,2026-08-18T09:52:32.132525+00:00,2026-08-18T09:52:49.641197+00:00
35,406,Kuol,15,MID,44,0.458,0.9059,0.1,0.198,0.1088,0.0,1,0,0,0,2026-08-18T09:52:32.132525+00:00,2026-08-18T09:52:49.641197+00:00
35,407,Lascelles,15,DEF,45,0.712,1.4624,0.22,0.1716,0.2183,0.0012,1,0,0,0,2026-08-18T09:52:32.132525+00:00,2026-08-18T09:52:49.641197+00:00
35,408,Lewis,15,DEF,40,0,0,0.0,0.0,0.0,0,1,0,0,0,2026-08-18T09:52:32.132525+00:00,2026-08-18T09:52:49.641197+00:00
35,409,Livramento,15,DEF,46,2.4508,2.1601,0.82,0.0324,0.7652,0.0024,1,2,90,1,2026-08-18T09:52:32.132525+00:00,2026-08-18T09:52:49.641197+00:00
35,410,Longstaff,15,MID,44,1.2612,1.442,0.48,0.1144,0.4556,0.0012,1,0,0,0,2026-08-18T09:52:32.132525+00:00,2026-08-18T09:52:49.641197+00:00
35,411,Miley,15,MID,50,0.6636,1.2668,0.18,0.1804,0.1818,0.0008,1,0,0,0,2026-08-18T09:52:32.132525+00:00,2026-08-18T09:52:49.641197+00:00
35,412,Odysseas,15,GKP,42,0.1608,0.7392,0.04,0.0384,0.0403,0.0,1,0,0,0,2026-08-18T09:52:32.132525+00:00,2026-08-18T09:52:49.641197+00:00
35,413,Pope,15,GKP,50,2.8368,2.0886,0.9,0.008,0.8376,0.0004,1,2,90,1,2026-08-18T09:52:32.132525+00:00,2026-08-18T09:52:49.641197+00:00
35,414,Ruddy,15,GKP,39,0.1504,0.6829,0.04,0.0384,0.0403,0.0,1,0,0,0,2026-08-18T09:52:32.132525+00:00,2026-08-18T09:52:49.641197+00:00
35,415,Schär,15,DEF,56,2.3424,2.451,0.82,0.0324,0.7652,0.0132,1,6,90,1,2026-08-18T09:52:32.132525+00:00,2026-08-18T09:52:49.641197+00:00
35,416,Targett,15,DEF,39,0.3396,0.7963,0.05,0.209,0.0632,0.0,1,0,0,0,2026-08-18T09:52:32.132525+00:00,2026-08-18T09:52:49.641197+00:00
35,417,Tonali,15,MID,55,2.692,2.2903,0.82,0.0324,0.7652,0.012,1,2,90,1,2026-08-18T09:52:32.132525+00:00,2026-08-18T09:52:49.641197+00:00
35,418,Trippier,15,DEF,57,1.7036,2.1991,0.48,0.1456,0.458,0.0036,1,2,90,1,2026-08-18T09:52:32.132525+00:00,2026-08-18T09:52:49.641197+00:00
35,419,White,15,MID,45,0,0,0.0,0.0,0.0,0,1,0,0,0,2026-08-18T09:52:32.132525+00:00,2026-08-18T09:52:49.641197+00:00
35,420,Willock,15,MID,47,1.3964,1.731,0.48,0.1144,0.4556,0.0024,1,1,73,1,2026-08-18T09:52:32.132525+00:00,2026-08-18T09:52:49.641197+00:00
35,421,Wilson,15,FWD,69,1.6268,2.1275,0.45,0.154,0.4308,0.0112,1,1,16,0,2026-08-18T09:52:32.132525+00:00,2026-08-18T09:52:49.641197+00:00
35,574,Pivas,15,DEF,40,0,0,0.0,0.0,0.0,0,1,0,0,0,2026-08-18T09:52:32.132525+00:00,2026-08-18T09:52:49.641197+00:00
35,590,Osula,15,FWD,49,0.618,1.0858,0.18,0.1804,0.1818,0.0,1,0,0,0,2026-08-18T09:52:32.132525+00:00,2026-08-18T09:52:49.641197+00:00
35,746,Howe,15,MID,15,0.4464,0.9167,0.1,0.198,0.1088,0.0004,1,4,0,0,2026-08-18T09:52:32.132525+00:00,2026-08-18T09:52:49.641197+00:00
35,789,Neave,15,FWD,45,0.426,0.8827,0.1,0.198,0.1088,0.0,1,0,0,0,2026-08-18T09:52:32.132525+00:00,2026-08-18T09:52:49.641197+00:00
35,26,Alex Moreno,16,DEF,42,0.7788,1.4553,0.22,0.1716,0.2183,0.0004,1,0,0,0,2026-08-18T09:52:32.132525+00:00,2026-08-18T09:52:49.641197+00:00
35,422,Aina,16,DEF,52,2.6796,2.3188,0.82,0.0324,0.7652,0.0068,1,1,90,1,2026-08-18T09:52:32.132525+00:00,2026-08-18T09:52:49.641197+00:00
35,423,Anderson,16,MID,50,2.4336,1.8986,0.82,0.0324,0.7652,0.0056,1,2,90,1,2026-08-18T09:52:32.132525+00:00,2026-08-18T09:52:49.641197+00:00
35,424,Awoniyi,16,FWD,55,0,0,0.0,0.0,0.0,0,1,0,0,0,2026-08-18T09:52:32.132525+00:00,2026-08-18T09:52:49.641197+00:00
35,425,Boly,16,DEF,42,0.4644,1.1058,0.1,0.198,0.1088,0.0008,1,0,0,0,2026-08-18T09:52:32.132525+00:00,2026-08-18T09:52:49.641197+00:00
35,426,Bowler,16,MID,45,0,0,0.0,0.0,0.0,0,1,0,0,0,2026-08-18T09:52:32.132525+00:00,2026-08-18T09:52:49.641197+00:00
35,427,C.Miguel,16,GKP,41,0.1624,0.7229,0.04,0.0384,0.0403,0.0,1,0,0,0,2026-08-18T09:52:32.132525+00:00,2026-08-18T09:52:49.641197+00:00
35,428,Da Silva Moreira,16,MID,43,0.4476,0.8669,0.1,0.198,0.1088,0.0,1,0,0,0,2026-08-18T09:52:32.132525+00:00,2026-08-18T09:52:49.641197+00:00
35,429,Danilo,16,MID,47,0.88,1.2128,0.28,0.1584,0.2731,0.0004,1,0,0,0,2026-08-18T09:52:32.132525+00:00,2026-08-18T09:52:49.641197+00:00
35,430,Dennis,16,FWD,49,0,0,0.0,0.0,0.0,0,1,0,0,0,2026-08-18T09:52:32.132525+00:00,2026-08-18T09:52:49.641197+00:00
35,431,Dominguez,16,MID,48,1.6764,1.6596,0.68,0.0576,0.637,0.0036,1,1,65,1,2026-08-18T09:52:32.132525+00:00,2026-08-18T09:52:49.641197+00:00
35,432,Elanga,16,MID,54,3.3628,2.6183,0.82,0.0324,0.7652,0.0252,1,2,90,1,2026-08-18T09:52:32.132525+00:00,2026-08-18T09:52:49.641197+00:00
35,433,Gibbs-White,16,MID,64,2.9792,2.5698,0.82,0.0324,0.7652,0.0228,1,1,90,1,2026-08-18T09:52:32.132525+00:00,2026-08-18T09:52:49.641197+00:00
35,434,Hudson-Odoi,16,MID,51,2.7508,2.1811,0.82,0.0324,0.7652,0.0104,1,0,0,0,2026-08-18T09:52:32.132525+00:00,2026-08-18T09:52:49.641197+00:00
35,435,Mighten,16,MID,45,0,0,0.0,0.0,0.0,0,1,0,0,0,2026-08-18T09:52:32.132525+00:00,2026-08-18T09:52:49.641197+00:00
35,436,Murillo,16,DEF,48,2.7896,2.3318,0.9,0.018,0.8384,0.0104,1,10,80,1,2026-08-18T09:52:32.132525+00:00,2026-08-18T09:52:49.641197+00:00
35,437,N.Williams,16,DEF,45,0.8248,1.7491,0.22,0.1404,0.2158,0.0044,1,5,90,1,2026-08-18T09:52:32.132525+00:00,2026-08-18T09:52:49.641197+00:00
35,438,O.Richards,16,DEF,45,0,0,0.0,0.0,0.0,0,1,0,0,0,2026-08-18T09:52:32.132525+00:00,2026-08-18T09:52:49.641197+00:00
35,439,O'Brien,16,MID,50,0,0,0.0,0.0,0.0,0,1,0,0,0,2026-08-18T09:52:32.132525+00:00,2026-08-18T09:52:49.641197+00:00
35,440,Omobamidele,16,DEF,42,0,0,0.0,0.0,0.0,0,1,0,0,0,2026-08-18T09:52:32.132525+00:00,2026-08-18T09:52:49.641197+00:00
35,441,Panzo,16,DEF,40,0,0,0.0,0.0,0.0,0,1,0,0,0,2026-08-18T09:52:32.132525+00:00,2026-08-18T09:52:49.641197+00:00
35,442,Sangaré,16,MID,43,0.846,1.246,0.28,0.1584,0.2731,0.0004,1,1,75,1,2026-08-18T09:52:32.132525+00:00,2026-08-18T09:52:49.641197+00:00
35,443,Sels,16,GKP,51,3.114,2.1679,0.9,0.008,0.8376,0.0032,1,1,90,1,2026-08-18T09:52:32.132525+00:00,2026-08-18T09:52:49.641197+00:00
35,444,Toffolo,16,DEF,42,0.4268,1.0152,0.1,0.198,0.1088,0.0,1,0,0,0,2026-08-18T09:52:32.132525+00:00,2026-08-18T09:52:49.641197+00:00
35,446,Ui-jo,16,FWD,45,0,0,0.0,0.0,0.0,0,1,0,0,0,2026-08-18T09:52:32.132525+00:00,2026-08-18T09:52:49.641197+00:00
35,447,Wood,16,FWD,70,3.6896,2.7774,0.82,0.0324,0.7652,0.036,1,2,90,1,2026-08-18T09:52:32.132525+00:00,2026-08-18T09:52:49.641197+00:00
35,448,Worrall,16,DEF,45,0,0,0.0,0.0,0.0,0,1,0,0,0,2026-08-18T09:52:32.132525+00:00,2026-08-18T09:52:49.641197+00:00
35,449,Yates,16,MID,48,1.74,1.8067,0.68,0.0576,0.637,0.0048,1,0,14,0,2026-08-18T09:52:32.132525+00:00,2026-08-18T09:52:49.641197+00:00
35,573,Milenković,16,DEF,52,2.8668,2.7174,0.9,0.018,0.8384,0.0264,1,2,90,1,2026-08-18T09:52:32.132525+00:00,2026-08-18T09:52:49.641197+00:00
35,596,Jota Silva,16,MID,59,1.5804,2.1031,0.48,0.1456,0.458,0.0088,1,0,0,0,2026-08-18T09:52:32.132525+00:00,2026-08-18T09:52:49.641197+00:00
35,620,Sosa,16,MID,55,1.4568,1.8417,0.45,0.154,0.4308,0.006,1,1,24,0,2026-08-18T09:52:32.132525+00:00,2026-08-18T09:52:49.641197+00:00
35,653,Morato,16,DEF,45,0.714,1.4741,0.22,0.1716,0.2183,0.0016,1,0,9,0,2026-08-18T09:52:32.132525+00:00,2026-08-18T09:52:49.641197+00:00
35,706,Abbott,16,DEF,40,0.4748,1.0753,0.1,0.198,0.1088,0.0004,1,0,0,0,2026-08-18T09:52:32.132525+00:00,2026-08-18T09:52:49.641197+00:00
35,721,Hennessey,16,GKP,40,0.1628,0.7286,0.04,0.0384,0.0403,0.0,1,0,0,0,2026-08-18T09:52:32.132525+00:00,2026-08-18T09:52:49.641197+00:00
35,747,Nuno,16,MID,11,0.4796,1.0078,0.1,0.198,0.1088,0.0008,1,4,0,0,2026-08-18T09:52:32.132525+00:00,2026-08-18T09:52:49.641197+00:00
35,14,Ramsdale,17,GKP,44,3.396,2.2579,0.9,0.004,0.8373,0.0032,1,1,90,1,2026-08-18T09:52:32.132525+00:00,2026-08-18T09:52:49.641197+00:00
35,27,Archer,17,FWD,49,1.7968,2.2321,0.48,0.1144,0.4556,0.0188,1,1,11,0,2026-08-18T09:52:32.132525+00:00,2026-08-18T09:52:49.641197+00:00
35,188,Ugochukwu,17,MID,44,1.7668,1.5569,0.68,0.0704,0.638,0.0016,1,1,78,1,2026-08-18T09:52:32.132525+00:00,2026-08-18T09:52:49.641197+00:00
35,397,Fraser,17,MID,48,0.8548,1.2471,0.28,0.1584,0.2731,0.0004,1,0,0,0,2026-08-18T09:52:32.132525+00:00,2026-08-18T09:52:49.641197+00:00
35,451,Amo-Ameyaw,17,MID,44,0,0,0.0,0.0,0.0,0,1,0,0,0,2026-08-18T09:52:32.132525+00:00,2026-08-18T09:52:49.641197+00:00
35,452,Aribo,17,MID,49,2.3012,2.2148,0.68,0.0576,0.637,0.0096,1,0,0,0,2026-08-18T09:52:32.132525+00:00,2026-08-18T09:52:49.641197+00:00
35,453,Armstrong,17,FWD,51,0,0,0.0,0.0,0.0,0,1,0,0,0,2026-08-18T09:52:32.132525+00:00,2026-08-18T09:52:49.641197+00:00
35,454,Bazunu,17,GKP,43,0,0,0.0,0.0,0.0,0,1,0,0,0,2026-08-18T09:52:32.132525+00:00,2026-08-18T09:52:49.641197+00:00
35,455,Bednarek,17,DEF,40,0.402,1.0542,0.11,0.1602,0.1151,0.0012,1,1,90,1,2026-08-18T09:52:32.132525+00:00,2026-08-18T09:52:49.641197+00:00
35,456,Bella-Kotchap,17,DEF,39,0.7168,1.4535,0.22,0.1716,0.2183,0.0016,1,0,0,0,2026-08-18T09:52:32.132525+00:00,2026-08-18T09:52:49.641197+00:00
35,457,Bree,17,DEF,39,0.7192,1.3918,0.22,0.1716,0.2183,0.0008,1,0,0,0,2026-08-18T09:52:32.132525+00:00,2026-08-18T09:52:49.641197+00:00
35,458,Charles,17,MID,45,0,0,0.0,0.0,0.0,0,1,0,0,0,2026-08-18T09:52:32.132525+00:00,2026-08-18T09:52:49.641197+00:00
35,459,Edozie,17,MID,49,0,0,0.0,0.0,0.0,0,1,0,0,0,2026-08-18T09:52:32.132525+00:00,2026-08-18T09:52:49.641197+00:00
35,460,Edwards,17,DEF,39,0,0,0.0,0.0,0.0,0,1,0,0,0,2026-08-18T09:52:32.132525+00:00,2026-08-18T09:52:49.641197+00:00
35,461,Harwood-Bellis,17,DEF,40,0,0,0.0,0.0,0.0,0,1,0,90,1,2026-08-18T09:52:32.132525+00:00,2026-08-18T09:52:49.641197+00:00
35,462,Kamaldeen,17,MID,50,1.4976,1.7954,0.48,0.1144,0.4556,0.0032,1,0,56,1,2026-08-18T09:52:32.132525+00:00,2026-08-18T09:52:49.641197+00:00
35,463,Lallana,17,MID,50,0.8944,1.3565,0.28,0.1584,0.2731,0.0008,1,0,0,0,2026-08-18T09:52:32.132525+00:00,2026-08-18T09:52:49.641197+00:00
35,464,Larios,17,DEF,39,0.4392,1.0794,0.1,0.198,0.1088,0.0008,1,0,0,0,2026-08-18T09:52:32.132525+00:00,2026-08-18T09:52:49.641197+00:00
35,465,Lis,17,GKP,40,0,0,0.0,0.0,0.0,0,1,0,0,0,2026-08-18T09:52:32.132525+00:00,2026-08-18T09:52:49.641197+00:00
35,466,Lumley,17,GKP,40,0.1824,0.8423,0.04,0.0384,0.0403,0.0,1,0,0,0,2026-08-18T09:52:32.132525+00:00,2026-08-18T09:52:49.641197+00:00
35,467,Manning,17,DEF,43,0.8044,1.6164,0.22,0.1716,0.2183,0.002,1,1,90,1,2026-08-18T09:52:32.132525+00:00,2026-08-18T09:52:49.641197+00:00
35,468,Mara,17,FWD,50,0,0,0.0,0.0,0.0,0,1,0,0,0,2026-08-18T09:52:32.132525+00:00,2026-08-18T09:52:49.641197+00:00
35,469,McCarthy,17,GKP,42,0.1932,0.8145,0.04,0.0384,0.0403,0.0,1,0,0,0,2026-08-18T09:52:32.132525+00:00,2026-08-18T09:52:49.641197+00:00
35,470,Onuachu,17,FWD,49,1.5476,1.9601,0.48,0.1144,0.4556,0.0044,1,1,45,1,2026-08-18T09:52:32.132525+00:00,2026-08-18T09:52:49.641197+00:00
35,471,Smallbone,17,MID,50,0.892,1.3742,0.28,0.1584,0.2731,0.0016,1,1,33,0,2026-08-18T09:52:32.132525+00:00,2026-08-18T09:52:49.641197+00:00
35,472,Stephens,17,DEF,40,0.7356,1.4202,0.22,0.1716,0.2183,0.0008,1,0,45,1,2026-08-18T09:52:32.132525+00:00,2026-08-18T09:52:49.641197+00:00
35,473,Stewart,17,FWD,44,0.4256,0.8499,0.1,0.198,0.1088,0.0008,1,1,45,1,2026-08-18T09:52:32.132525+00:00,2026-08-18T09:52:49.641197+00:00
35,474,Sugawara,17,DEF,42,0.7892,1.6065,0.22,0.1716,0.2183,0.0016,1,0,0,0,2026-08-18T09:52:32.132525+00:00,2026-08-18T09:52:49.641197+00:00
35,475,Taylor,17,DEF,39,0.4288,1.0023,0.1,0.198,0.1088,0.0,1,0,0,0,2026-08-18T09:52:32.132525+00:00,2026-08-18T09:52:49.641197+00:00
35,476,Walker-Peters,17,DEF,42,0.428,1.1149,0.11,0.1602,0.1151,0.0,1,1,90,1,2026-08-18T09:52:32.132525+00:00,2026-08-18T09:52:49.641197+00:00
35,477,Wood,17,DEF,40,0.7424,1.5214,0.22,0.1716,0.2183,0.0016,1,0,0,0,2026-08-18T09:52:32.132525+00:00,2026-08-18T09:52:49.641197+00:00
35,515,Cornet,17,MID,47,0,0,0.0,0.0,0.0,0,1,0,0,0,2026-08-18T09:52:32.132525+00:00,2026-08-18T09:52:49.641197+00:00
35,518,Downes,17,MID,47,1.4992,1.3967,0.68,0.0576,0.637,0.0008,1,2,90,1,2026-08-18T09:52:32.132525+00:00,2026-08-18T09:52:49.641197+00:00
35,584,Brereton Díaz,17,MID,48,0,0,0.0,0.0,0.0,0,1,0,0,0,2026-08-18T09:52:32.132525+00:00,2026-08-18T09:52:49.641197+00:00
35,608,Dibling,17,MID,43,2.0372,2.1145,0.68,0.0576,0.637,0.008,1,1,45,1,2026-08-18T09:52:32.132525+00:00,2026-08-18T09:52:49.641197+00:00
35,623,M.Fernandes,17,MID,50,2.5484,2.132,0.82,0.0324,0.7652,0.012,1,1,56,1,2026-08-18T09:52:32.132525+00:00,2026-08-18T09:52:49.641197+00:00
35,693,O'Brien-Whitmarsh,17,MID,45,0,0,0.0,0.0,0.0,0,1,0,0,0,2026-08-18T09:52:32.132525+00:00,2026-08-18T09:52:49.641197+00:00
35,718,Welington,17,DEF,40,0.6976,1.3678,0.22,0.1716,0.2183,0.0008,1,0,0,0,2026-08-18T09:52:32.132525+00:00,2026-08-18T09:52:49.641197+00:00
35,719,Kayi Sanda,17,DEF,40,0.4328,1.0791,0.1,0.198,0.1088,0.0,1,0,0,0,2026-08-18T09:52:32.132525+00:00,2026-08-18T09:52:49.641197+00:00
35,734,Grønbæk,17,MID,49,0.4488,1.0083,0.09,0.2002,0.0997,0.0,1,0,0,0,2026-08-18T09:52:32.132525+00:00,2026-08-18T09:52:49.641197+00:00
35,748,Rusk,17,MID,5,0.4516,0.9235,0.1,0.198,0.1088,0.0,1,0,0,0,2026-08-18T09:52:32.132525+00:00,2026-08-18T09:52:49.641197+00:00
35,798,Jay Robinson,17,FWD,45,0.4412,0.8697,0.1,0.198,0.1088,0.0,1,1,33,0,2026-08-18T09:52:32.132525+00:00,2026-08-18T09:52:49.641197+00:00
35,804,Moore,17,DEF,40,0.4752,1.1294,0.1,0.198,0.1088,0.0,1,,,,2026-08-18T09:52:32.132525+00:00,
35,82,Solanke,18,FWD,73,3.3176,2.7803,0.82,0.0324,0.7652,0.0492,1,0,0,0,2026-08-18T09:52:32.132525+00:00,2026-08-18T09:52:49.641197+00:00
35,478,A.Phillips,18,DEF,40,0,0,0.0,0.0,0.0,0,1,0,0,0,2026-08-18T09:52:32.132525+00:00,2026-08-18T09:52:49.641197+00:00
35,479,Austin,18,GKP,40,0.1464,0.6761,0.04,0.0384,0.0403,0.0,1,0,0,0,2026-08-18T09:52:32.132525+00:00,2026-08-18T09:52:49.641197+00:00
35,480,Bentancur,18,MID,49,1.7276,1.6962,0.68,0.0576,0.637,0.0012,1,0,0,0,2026-08-18T09:52:32.132525+00:00,2026-08-18T09:52:49.641197+00:00
35,481,Bergvall,18,MID,44,0,0,0.0,0.0,0.0,0,1,0,0,0,2026-08-18T09:52:32.132525+00:00,2026-08-18T09:52:49.641197+00:00
35,482,Bissouma,18,MID,48,1.3172,1.5707,0.48,0.1144,0.4556,0.002,1,2,90,1,2026-08-18T09:52:32.132525+00:00,2026-08-18T09:52:49.641197+00:00
35,483,Bryan,18,MID,50,0,0,0.0,0.0,0.0,0,1,0,0,0,2026-08-18T09:52:32.132525+00:00,2026-08-18T09:52:49.641197+00:00
35,484,Davies,18,DEF,43,0.7424,1.493,0.22,0.1716,0.2183,0.0012,1,1,90,1,2026-08-18T09:52:32.132525+00:00,2026-08-18T09:52:49.641197+00:00
35,485,Devine,18,MID,45,0,0,0.0,0.0,0.0,0,1,0,0,0,2026-08-18T09:52:32.132525+00:00,2026-08-18T09:52:49.641197+00:00
35,486,Dragusin,18,DEF,43,0,0,0.0,0.0,0.0,0,1,0,0,0,2026-08-18T09:52:32.132525+00:00,2026-08-18T09:52:49.641197+00:00
35,487,E.Royal,18,DEF,45,0,0,0.0,0.0,0.0,0,1,0,0,0,2026-08-18T09:52:32.132525+00:00,2026-08-18T09:52:49.641197+00:00
35,488,Forster,18,GKP,43,0.1816,0.806,0.04,0.0384,0.0403,0.0,1,0,0,0,2026-08-18T09:52:32.132525+00:00,2026-08-18T09:52:49.641197+00:00
35,489,Gray,18,MID,46,1.2408,1.2596,0.48,0.1144,0.4556,0.0,1,2,90,1,2026-08-18T09:52:32.132525+00:00,2026-08-18T09:52:49.641197+00:00
35,490,Højbjerg,18,MID,50,0,0,0.0,0.0,0.0,0,1,0,0,0,2026-08-18T09:52:32.132525+00:00,2026-08-18T09:52:49.641197+00:00
35,491,Johnson,18,MID,62,3.9224,3.4215,0.82,0.0324,0.7652,0.0612,1,0,0,0,2026-08-18T09:52:32.132525+00:00,2026-08-18T09:52:49.641197+00:00
35,492,Kulusevski,18,MID,62,0,0,0.0,0.0,0.0,0,1,2,90,1,2026-08-18T09:52:32.132525+00:00,2026-08-18T09:52:49.641197+00:00
35,493,Lo Celso,18,MID,49,0,0,0.0,0.0,0.0,0,1,0,0,0,2026-08-18T09:52:32.132525+00:00,2026-08-18T09:52:49.641197+00:00
35,494,Maddison,18,MID,74,0,0,0.0,0.0,0.0,0,1,0,0,0,2026-08-18T09:52:32.132525+00:00,2026-08-18T09:52:49.641197+00:00
35,495,Pedro Porro,18,DEF,53,2.8716,2.7386,0.82,0.0324,0.7652,0.024,1,0,0,0,2026-08-18T09:52:32.132525+00:00,2026-08-18T09:52:49.641197+00:00
35,496,Reguilón,18,DEF,41,0.4464,1.0332,0.1,0.198,0.1088,0.0004,1,0,0,0,2026-08-18T09:52:32.132525+00:00,2026-08-18T09:52:49.641197+00:00
35,497,Richarlison,18,FWD,68,1.1756,1.9691,0.28,0.2016,0.2765,0.008,1,2,67,1,2026-08-18T09:52:32.132525+00:00,2026-08-18T09:52:49.641197+00:00
35,498,Romero,18,DEF,49,0,0,0.0,0.0,0.0,0,1,0,0,0,2026-08-18T09:52:32.132525+00:00,2026-08-18T09:52:49.641197+00:00
35,499,P.M.Sarr,18,MID,47,2.1612,2.2657,0.68,0.0576,0.637,0.01,1,2,90,1,2026-08-18T09:52:32.132525+00:00,2026-08-18T09:52:49.641197+00:00
35,500,Scarlett,18,FWD,44,0.4144,0.8308,0.1,0.198,0.1088,0.0,1,0,0,0,2026-08-18T09:52:32.132525+00:00,2026-08-18T09:52:49.641197+00:00
35,502,Solomon,18,MID,54,0,0,0.0,0.0,0.0,0,1,0,0,0,2026-08-18T09:52:32.132525+00:00,2026-08-18T09:52:49.641197+00:00
35,503,Son,18,MID,97,2.0744,2.9205,0.41,0.1062,0.3898,0.03,1,0,0,0,2026-08-18T09:52:32.132525+00:00,2026-08-18T09:52:49.641197+00:00
35,504,Spence,18,DEF,44,0.7808,1.6381,0.22,0.1404,0.2158,0.002,1,2,90,1,2026-08-18T09:52:32.132525+00:00,2026-08-18T09:52:49.641197+00:00
35,505,Udogie,18,DEF,48,1.8896,2.0628,0.68,0.0576,0.637,0.0028,1,0,0,0,2026-08-18T09:52:32.132525+00:00,2026-08-18T09:52:49.641197+00:00
35,506,Van de Ven,18,DEF,45,0.7408,1.5746,0.22,0.1716,0.2183,0.0028,1,0,0,0,2026-08-18T09:52:32.132525+00:00,2026-08-18T09:52:49.641197+00:00
35,507,Veliz,18,FWD,50,0,0,0.0,0.0,0.0,0,1,0,0,0,2026-08-18T09:52:32.132525+00:00,2026-08-18T09:52:49.641197+00:00
35,508,Vicario,18,GKP,48,2.7868,2.0376,0.9,0.008,0.8376,0.0,1,2,90,1,2026-08-18T09:52:32.132525+00:00,2026-08-18T09:52:49.641197+00:00
35,509,Werner,18,MID,62,0.7452,1.455,0.14,0.2408,0.1495,0.0016,1,0,0,0,2026-08-18T09:52:32.132525+00:00,2026-08-18T09:52:49.641197+00:00
35,510,Whiteman,18,GKP,39,0.1472,0.6854,0.04,0.0384,0.0403,0.0,1,0,0,0,2026-08-18T09:52:32.132525+00:00,2026-08-18T09:52:49.641197+00:00
35,609,Lankshear,18,FWD,45,0,0,0.0,0.0,0.0,0,1,0,0,0,2026-08-18T09:52:32.132525+00:00,2026-08-18T09:52:49.641197+00:00
35,610,Moore,18,MID,45,0.4792,0.9522,0.1,0.198,0.1088,0.0004,1,1,22,0,2026-08-18T09:52:32.132525+00:00,2026-08-18T09:52:49.641197+00:00
35,612,Odobert,18,MID,53,0.9452,1.5097,0.28,0.1584,0.2731,0.0032,1,10,90,1,2026-08-18T09:52:32.132525+00:00,2026-08-18T09:52:49.641197+00:00
35,683,Olusesi,18,MID,45,0.4424,0.9337,0.1,0.198,0.1088,0.0004,1,0,0,0,2026-08-18T09:52:32.132525+00:00,2026-08-18T09:52:49.641197+00:00
35,684,Hardy,18,DEF,40,0.4184,1.0205,0.1,0.198,0.1088,0.0,1,0,0,0,2026-08-18T09:52:32.132525+00:00,2026-08-18T09:52:49.641197+00:00
35,689,Williams-Barnett,18,MID,45,0,0,0.0,0.0,0.0,0,1,0,0,0,2026-08-18T09:52:32.132525+00:00,2026-08-18T09:52:49.641197+00:00
35,699,Dorrington,18,DEF,40,0,0,0.0,0.0,0.0,0,1,0,0,0,2026-08-18T09:52:32.132525+00:00,2026-08-18T09:52:49.641197+00:00
35,700,King,18,DEF,40,0.438,1.0782,0.1,0.198,0.1088,0.0016,1,0,0,0,2026-08-18T09:52:32.132525+00:00,2026-08-18T09:52:49.641197+00:00
35,716,Kinsky,18,GKP,41,0.152,0.7252,0.04,0.0384,0.0403,0.0,1,0,0,0,2026-08-18T09:52:32.132525+00:00,2026-08-18T09:52:49.641197+00:00
35,717,Yang,18,MID,45,0,0,0.0,0.0,0.0,0,1,0,0,0,2026-08-18T09:52:32.132525+00:00,2026-08-18T09:52:49.641197+00:00
35,729,Ajayi,18,MID,45,0.4904,0.9875,0.1,0.198,0.1088,0.0004,1,0,0,0,2026-08-18T09:52:32.132525+00:00,2026-08-18T09:52:49.641197+00:00
35,749,Postecoglou,18,MID,11,0.4668,0.9237,0.1,0.198,0.1088,0.0,1,4,0,0,2026-08-18T09:52:32.132525+00:00,2026-08-18T09:52:49.641197+00:00
35,760,Cassanova,18,DEF,40,0.478,1.1643,0.1,0.198,0.1088,0.0004,1,0,0,0,2026-08-18T09:52:32.132525+00:00,2026-08-18T09:52:49.641197+00:00
35,767,Danso,18,DEF,44,0.8116,1.548,0.22,0.1716,0.2183,0.002,1,2,90,1,2026-08-18T09:52:32.132525+00:00,2026-08-18T09:52:49.641197+00:00
35,768,Tel,18,MID,58,1.288,2.0477,0.28,0.2016,0.2765,0.0092,1,4,90,1,2026-08-18T09:52:32.132525+00:00,2026-08-18T09:52:49.641197+00:00
35,123,Ferguson,19,FWD,55,1.0788,1.6502,0.28,0.2016,0.2765,0.0032,1,1,10,0,2026-08-18T09:52:32.132525+00:00,2026-08-18T09:52:49.641197+00:00
35,388,Wan-Bissaka,19,DEF,44,1.0124,1.9653,0.22,0.1404,0.2158,0.0044,1,7,90,1,2026-08-18T09:52:32.132525+00:00,2026-08-18T09:52:49.641197+00:00
35,511,Álvarez,19,MID,50,1.6156,1.4229,0.68,0.0576,0.637,0.0004,1,0,0,0,2026-08-18T09:52:32.132525+00:00,2026-08-18T09:52:49.641197+00:00
35,512,Antonio,19,FWD,52,0,0,0.0,0.0,0.0,0,1,0,0,0,2026-08-18T09:52:32.132525+00:00,2026-08-18T09:52:49.641197+00:00
35,513,Areola,19,GKP,42,0.1944,0.8954,0.04,0.0384,0.0403,0.0,1,2,90,1,2026-08-18T09:52:32.132525+00:00,2026-08-18T09:52:49.641197+00:00
35,514,Bowen,19,MID,76,3.996,3.296,0.82,0.0324,0.7652,0.0656,1,9,90,1,2026-08-18T09:52:32.132525+00:00,2026-08-18T09:52:49.641197+00:00
35,516,Coufal,19,DEF,41,0.8164,1.6186,0.22,0.1716,0.2183,0.0016,1,1,10,0,2026-08-18T09:52:32.132525+00:00,2026-08-18T09:52:49.641197+00:00
35,517,Cresswell,19,DEF,39,0.9768,1.8472,0.22,0.1716,0.2183,0.0024,1,2,87,1,2026-08-18T09:52:32.132525+00:00,2026-08-18T09:52:49.641197+00:00
35,519,Earthy,19,MID,45,0,0,0.0,0.0,0.0,0,1,0,0,0,2026-08-18T09:52:32.132525+00:00,2026-08-18T09:52:49.641197+00:00
35,520,Emerson,19,DEF,44,1.0208,2.1105,0.22,0.1404,0.2158,0.0096,1,2,90,1,2026-08-18T09:52:32.132525+00:00,2026-08-18T09:52:49.641197+00:00
35,521,Fabianski,19,GKP,40,3.5732,2.3128,0.9,0.004,0.8373,0.004,1,0,0,0,2026-08-18T09:52:32.132525+00:00,2026-08-18T09:52:49.641197+00:00
35,522,Foderingham,19,GKP,42,0.1976,0.9155,0.04,0.0384,0.0403,0.0,1,0,0,0,2026-08-18T09:52:32.132525+00:00,2026-08-18T09:52:49.641197+00:00
35,523,Ings,19,FWD,49,0.7248,1.4188,0.18,0.1804,0.1818,0.0036,1,0,0,0,2026-08-18T09:52:32.132525+00:00,2026-08-18T09:52:49.641197+00:00
35,524,Kilman,19,DEF,43,0.9364,1.7989,0.22,0.1404,0.2158,0.0024,1,2,90,1,2026-08-18T09:52:32.132525+00:00,2026-08-18T09:52:49.641197+00:00
35,525,Kudus,19,MID,62,3.4748,2.9999,0.82,0.0324,0.7652,0.0436,1,1,90,1,2026-08-18T09:52:32.132525+00:00,2026-08-18T09:52:49.641197+00:00
35,526,L.Guilherme,19,MID,46,0.6888,1.3016,0.18,0.1804,0.1818,0.0016,1,0,0,0,2026-08-18T09:52:32.132525+00:00,2026-08-18T09:52:49.641197+00:00
35,527,L.Paquetá,19,MID,57,3.2696,2.8457,0.82,0.0324,0.7652,0.0412,1,1,79,1,2026-08-18T09:52:32.132525+00:00,2026-08-18T09:52:49.641197+00:00
35,528,Mavropanos,19,DEF,43,0.9048,1.9301,0.22,0.1404,0.2158,0.0076,1,1,2,0,2026-08-18T09:52:32.132525+00:00,2026-08-18T09:52:49.641197+00:00
35,529,N.Aguerd,19,DEF,44,0,0,0.0,0.0,0.0,0,1,0,0,0,2026-08-18T09:52:32.132525+00:00,2026-08-18T09:52:49.641197+00:00
35,530,Souček,19,MID,48,3.1992,2.7577,0.82,0.0324,0.7652,0.0272,1,2,79,1,2026-08-18T09:52:32.132525+00:00,2026-08-18T09:52:49.641197+00:00
35,531,Ward-Prowse,19,MID,61,1.5552,1.8546,0.48,0.1456,0.458,0.004,1,1,10,0,2026-08-18T09:52:32.132525+00:00,2026-08-18T09:52:49.641197+00:00
35,532,Zouma,19,DEF,44,0,0,0.0,0.0,0.0,0,1,0,0,0,2026-08-18T09:52:32.132525+00:00,2026-08-18T09:52:49.641197+00:00
35,576,Irving,19,MID,47,0.7068,1.2604,0.18,0.1804,0.1818,0.0,1,0,0,0,2026-08-18T09:52:32.132525+00:00,2026-08-18T09:52:49.641197+00:00
35,587,Summerville,19,MID,55,0,0,0.0,0.0,0.0,0,1,0,0,0,2026-08-18T09:52:32.132525+00:00,2026-08-18T09:52:49.641197+00:00
35,588,G.Rodríguez,19,MID,48,1.1768,1.3062,0.48,0.1144,0.4556,0.0,1,0,0,0,2026-08-18T09:52:32.132525+00:00,2026-08-18T09:52:49.641197+00:00
35,589,Füllkrug,19,FWD,67,1.2228,1.9868,0.28,0.2016,0.2765,0.0064,1,2,79,1,2026-08-18T09:52:32.132525+00:00,2026-08-18T09:52:49.641197+00:00
35,591,Todibo,19,DEF,42,0.8092,1.5629,0.22,0.1716,0.2183,0.0008,1,2,79,1,2026-08-18T09:52:32.132525+00:00,2026-08-18T09:52:49.641197+00:00
35,643,Casey,19,DEF,40,0.5064,1.1514,0.1,0.198,0.1088,0.0004,1,0,0,0,2026-08-18T09:52:32.132525+00:00,2026-08-18T09:52:49.641197+00:00
35,654,C.Soler,19,MID,50,1.5612,2.0213,0.48,0.1144,0.4556,0.0052,1,1,10,0,2026-08-18T09:52:32.132525+00:00,2026-08-18T09:52:49.641197+00:00
35,677,Scarles,19,DEF,40,0.932,1.7647,0.22,0.1716,0.2183,0.0032,1,0,0,0,2026-08-18T09:52:32.132525+00:00,2026-08-18T09:52:49.641197+00:00
35,686,Mayers,19,DEF,40,0.5384,1.2917,0.1,0.198,0.1088,0.0016,1,0,0,0,2026-08-18T09:52:32.132525+00:00,2026-08-18T09:52:49.641197+00:00
35,701,Orford,19,MID,45,0.4876,1.0225,0.1,0.198,0.1088,0.0004,1,0,0,0,2026-08-18T09:52:32.132525+00:00,2026-08-18T09:52:49.641197+00:00
35,750,Potter,19,MID,5,0.4892,0.9826,0.1,0.198,0.1088,0.0,1,4,0,0,2026-08-18T09:52:32.132525+00:00,2026-08-18T09:52:49.641197+00:00
35,204,Johnstone,20,GKP,41,0,0,0.0,0.0,0.0,0,1,0,0,0,2026-08-18T09:52:32.132525+00:00,2026-08-18T09:52:49.641197+00:00
35,533,Aït-Nouri,20,DEF,50,3.1628,2.6571,0.9,0.018,0.8384,0.0224,1,2,90,1,2026-08-18T09:52:32.132525+00:00,2026-08-18T09:52:49.641197+00:00
35,534,B.Traore,20,MID,48,0.6672,1.2176,0.18,0.1804,0.1818,0.0,1,0,0,0,2026-08-18T09:52:32.132525+00:00,2026-08-18T09:52:49.641197+00:00
35,535,Bellegarde,20,MID,49,2.144,2.0193,0.68,0.0704,0.638,0.008,1,2,65,1,2026-08-18T09:52:32.132525+00:00,2026-08-18T09:52:49.641197+00:00
35,536,Bentley,20,GKP,39,0.1964,0.8379,0.04,0.0384,0.0403,0.0,1,0,0,0,2026-08-18T09:52:32.132525+00:00,2026-08-18T09:52:49.641197+00:00
35,537,Chiquinho,20,MID,45,0,0,0.0,0.0,0.0,0,1,0,0,0,2026-08-18T09:52:32.132525+00:00,2026-08-18T09:52:49.641197+00:00
35,538,Chirewa,20,MID,45,0,0,0.0,0.0,0.0,0,1,0,0,0,2026-08-18T09:52:32.132525+00:00,2026-08-18T09:52:49.641197+00:00
35,539,Chiwome,20,FWD,44,0,0,0.0,0.0,0.0,0,1,0,0,0,2026-08-18T09:52:32.132525+00:00,2026-08-18T09:52:49.641197+00:00
35,540,Cundle,20,MID,45,0,0,0.0,0.0,0.0,0,1,0,0,0,2026-08-18T09:52:32.132525+00:00,2026-08-18T09:52:49.641197+00:00
35,541,Cunha,20,FWD,70,3.7396,2.841,0.82,0.0324,0.7652,0.0408,1,2,84,1,2026-08-18T09:52:32.132525+00:00,2026-08-18T09:52:49.641197+00:00
35,542,Dawson,20,DEF,42,0.7384,1.4872,0.22,0.1716,0.2183,0.002,1,0,0,0,2026-08-18T09:52:32.132525+00:00,2026-08-18T09:52:49.641197+00:00
35,543,Doherty,20,DEF,43,0.7408,1.5583,0.22,0.1404,0.2158,0.0032,1,2,64,1,2026-08-18T09:52:32.132525+00:00,2026-08-18T09:52:49.641197+00:00
35,544,Doyle,20,MID,47,0.8164,1.2738,0.28,0.1584,0.2731,0.0004,1,0,0,0,2026-08-18T09:52:32.132525+00:00,2026-08-18T09:52:49.641197+00:00
35,545,Fábio Silva,20,FWD,50,0,0,0.0,0.0,0.0,0,1,0,0,0,2026-08-18T09:52:32.132525+00:00,2026-08-18T09:52:49.641197+00:00
35,546,Fraser,20,FWD,45,0,0,0.0,0.0,0.0,0,1,0,0,0,2026-08-18T09:52:32.132525+00:00,2026-08-18T09:52:49.641197+00:00
35,547,Gonzalez,20,MID,44,0,0,0.0,0.0,0.0,0,1,0,0,0,2026-08-18T09:52:32.132525+00:00,2026-08-18T09:52:49.641197+00:00
35,548,Guedes,20,MID,53,1.0304,1.7961,0.28,0.1584,0.2731,0.0056,1,1,10,0,2026-08-18T09:52:32.132525+00:00,2026-08-18T09:52:49.641197+00:00
35,549,H.Bueno,20,DEF,45,0,0,0.0,0.0,0.0,0,1,0,0,0,2026-08-18T09:52:32.132525+00:00,2026-08-18T09:52:49.641197+00:00
35,550,Hee Chan,20,MID,61,1.064,1.6337,0.28,0.2016,0.2765,0.004,1,1,5,0,2026-08-18T09:52:32.132525+00:00,2026-08-18T09:52:49.641197+00:00
35,551,Hodge,20,MID,45,0,0,0.0,0.0,0.0,0,1,0,0,0,2026-08-18T09:52:32.132525+00:00,2026-08-18T09:52:49.641197+00:00
35,552,Hoever,20,DEF,40,0,0,0.0,0.0,0.0,0,1,0,0,0,2026-08-18T09:52:32.132525+00:00,2026-08-18T09:52:49.641197+00:00
35,553,J.Gomes,20,MID,49,2.5756,1.8974,0.9,0.018,0.8384,0.0068,1,2,90,1,2026-08-18T09:52:32.132525+00:00,2026-08-18T09:52:49.641197+00:00
35,554,José Sá,20,GKP,44,2.7104,2.0528,0.9,0.004,0.8373,0.0,1,2,90,1,2026-08-18T09:52:32.132525+00:00,2026-08-18T09:52:49.641197+00:00
35,555,Kalajdžić,20,FWD,48,0,0,0.0,0.0,0.0,0,1,0,0,0,2026-08-18T09:52:32.132525+00:00,2026-08-18T09:52:49.641197+00:00
35,556,King,20,GKP,40,0.1728,0.796,0.04,0.0384,0.0403,0.0,1,0,0,0,2026-08-18T09:52:32.132525+00:00,2026-08-18T09:52:49.641197+00:00
35,557,Mario Jr.,20,MID,48,0,0,0.0,0.0,0.0,0,1,0,0,0,2026-08-18T09:52:32.132525+00:00,2026-08-18T09:52:49.641197+00:00
35,558,Mosquera,20,DEF,38,0,0,0.0,0.0,0.0,0,1,0,0,0,2026-08-18T09:52:32.132525+00:00,2026-08-18T09:52:49.641197+00:00
35,559,N.Semedo,20,DEF,45,0.7156,1.534,0.22,0.1404,0.2158,0.002,1,2,85,1,2026-08-18T09:52:32.132525+00:00,2026-08-18T09:52:49.641197+00:00
35,561,Pedro Lima,20,DEF,39,0.4544,1.0824,0.1,0.198,0.1088,0.0004,1,0,0,0,2026-08-18T09:52:32.132525+00:00,2026-08-18T09:52:49.641197+00:00
35,562,Podence,20,MID,55,0,0,0.0,0.0,0.0,0,1,0,0,0,2026-08-18T09:52:32.132525+00:00,2026-08-18T09:52:49.641197+00:00
35,563,R.Gomes,20,MID,51,0.93,1.4638,0.28,0.1584,0.2731,0.002,1,1,24,0,2026-08-18T09:52:32.132525+00:00,2026-08-18T09:52:49.641197+00:00
35,564,S.Bueno,20,DEF,43,0.7236,1.4784,0.22,0.1404,0.2158,0.0012,1,1,4,0,2026-08-18T09:52:32.132525+00:00,2026-08-18T09:52:49.641197+00:00
35,565,Sarabia,20,MID,50,1.1812,2.018,0.28,0.1584,0.2731,0.0056,1,1,25,0,2026-08-18T09:52:32.132525+00:00,2026-08-18T09:52:49.641197+00:00
35,566,Strand Larsen,20,FWD,54,3.1684,2.5825,0.82,0.0324,0.7652,0.0296,1,0,0,0,2026-08-18T09:52:32.132525+00:00,2026-08-18T09:52:49.641197+00:00
35,567,Toti,20,DEF,43,0.7392,1.5536,0.22,0.1404,0.2158,0.0024,1,2,90,1,2026-08-18T09:52:32.132525+00:00,2026-08-18T09:52:49.641197+00:00
35,637,Meupiyou,20,DEF,39,0.4704,1.0844,0.1,0.198,0.1088,0.0,1,0,0,0,2026-08-18T09:52:32.132525+00:00,2026-08-18T09:52:49.641197+00:00
35,642,André,20,MID,50,1.746,1.1484,0.82,0.0324,0.7652,0.0,1,2,79,1,2026-08-18T09:52:32.132525+00:00,2026-08-18T09:52:49.641197+00:00
35,655,Forbs,20,MID,54,0.6808,1.291,0.18,0.1804,0.1818,0.0016,1,0,0,0,2026-08-18T09:52:32.132525+00:00,2026-08-18T09:52:49.641197+00:00
35,664,Pond,20,DEF,39,0.4564,1.0597,0.1,0.198,0.1088,0.0012,1,0,0,0,2026-08-18T09:52:32.132525+00:00,2026-08-18T09:52:49.641197+00:00
35,682,Edozie,20,MID,45,0.4772,0.9684,0.1,0.198,0.1088,0.0,1,0,0,0,2026-08-18T09:52:32.132525+00:00,2026-08-18T09:52:49.641197+00:00
35,711,Okoduwa,20,DEF,40,0.4352,1.0844,0.1,0.198,0.1088,0.0004,1,0,0,0,2026-08-18T09:52:32.132525+00:00,2026-08-18T09:52:49.641197+00:00
35,720,Agbadou,20,DEF,40,0.7244,1.3907,0.22,0.1716,0.2183,0.0004,1,2,90,1,2026-08-18T09:52:32.132525+00:00,2026-08-18T09:52:49.641197+00:00
35,751,Pereira,20,MID,8,0.448,0.9673,0.1,0.198,0.1088,0.0008,1,0,0,0,2026-08-18T09:52:32.132525+00:00,2026-08-18T09:52:49.641197+00:00
35,769,Djiga,20,DEF,45,0.5164,1.2267,0.1,0.198,0.1088,0.0016,1,0,0,0,2026-08-18T09:52:32.132525+00:00,2026-08-18T09:52:49.641197+00:00
35,770,Munetsi,20,MID,50,1.8112,2.2696,0.48,0.1144,0.4556,0.0112,1,2,90,1,2026-08-18T09:52:32.132525+00:00,2026-08-18T09:52:49.641197+00:00
35,784,Mané,20,FWD,45,0.4916,0.9461,0.1,0.198,0.1088,0.0,1,0,0,0,2026-08-18T09:52:32.132525+00:00,2026-08-18T09:52:49.641197+00:00
