gw,player_id,web_name,team_id,position,now_cost,mu,sigma,p_start,p_sub,p_60,p_10_plus,n_fixtures,actual_points,actual_minutes,did_start,captured_at,scored_at
38,1,Fábio Vieira,1,MID,54,0,0,0.0,0.0,0.0,0,1,0,0,0,2026-08-18T09:52:37.444481+00:00,2026-08-18T09:52:49.740080+00:00
38,2,G.Jesus,1,FWD,65,0,0,0.0,0.0,0.0,0,1,0,0,0,2026-08-18T09:52:37.444481+00:00,2026-08-18T09:52:49.740080+00:00
38,3,Gabriel,1,DEF,61,0,0,0.0,0.0,0.0,0,1,0,0,0,2026-08-18T09:52:37.444481+00:00,2026-08-18T09:52:49.740080+00:00
38,4,Havertz,1,FWD,77,2.9572,2.9689,0.68,0.0576,0.637,0.038,1,1,19,0,2026-08-18T09:52:37.444481+00:00,2026-08-18T09:52:49.740080+00:00
38,5,Hein,1,GKP,40,0,0,0.0,0.0,0.0,0,1,0,0,0,2026-08-18T09:52:37.444481+00:00,2026-08-18T09:52:49.740080+00:00
38,6,J.Timber,1,DEF,55,0,0,0.0,0.0,0.0,0,1,0,0,0,2026-08-18T09:52:37.444481+00:00,2026-08-18T09:52:49.740080+00:00
38,7,Jorginho,1,MID,46,1.1836,1.377,0.48,0.1144,0.4556,0.0004,1,0,0,0,2026-08-18T09:52:37.444481+00:00,2026-08-18T09:52:49.740080+00:00
38,8,Kiwior,1,DEF,49,1.4316,1.9433,0.48,0.1144,0.4556,0.0036,1,2,90,1,2026-08-18T09:52:37.444481+00:00,2026-08-18T09:52:49.740080+00:00
38,9,Martinelli,1,MID,65,3.372,2.865,0.82,0.0324,0.7652,0.0368,1,2,70,1,2026-08-18T09:52:37.444481+00:00,2026-08-18T09:52:49.740080+00:00
38,12,Nwaneri,1,MID,43,1.6892,2.0173,0.48,0.1144,0.4556,0.0044,1,2,74,1,2026-08-18T09:52:37.444481+00:00,2026-08-18T09:52:49.740080+00:00
38,13,Ødegaard,1,MID,82,3.3916,2.8125,0.82,0.0324,0.7652,0.0368,1,7,15,0,2026-08-18T09:52:37.444481+00:00,2026-08-18T09:52:49.740080+00:00
38,15,Raya,1,GKP,56,2.8344,2.0999,0.9,0.008,0.8376,0.0004,1,2,90,1,2026-08-18T09:52:37.444481+00:00,2026-08-18T09:52:49.740080+00:00
38,16,Rice,1,MID,63,3.2204,2.2651,0.9,0.018,0.8384,0.0184,1,2,90,1,2026-08-18T09:52:37.444481+00:00,2026-08-18T09:52:49.740080+00:00
38,17,Saka,1,MID,104,3.9452,3.7789,0.68,0.0576,0.637,0.0872,1,1,27,0,2026-08-18T09:52:37.444481+00:00,2026-08-18T09:52:49.740080+00:00
38,18,Saliba,1,DEF,64,0,0,0.0,0.0,0.0,0,1,0,0,0,2026-08-18T09:52:37.444481+00:00,2026-08-18T09:52:49.740080+00:00
38,20,Thomas,1,MID,49,2.6668,1.7947,0.9,0.018,0.8384,0.006,1,2,90,1,2026-08-18T09:52:37.444481+00:00,2026-08-18T09:52:49.740080+00:00
38,21,Tierney,1,DEF,43,0.4908,1.1778,0.1,0.198,0.1088,0.0004,1,10,62,1,2026-08-18T09:52:37.444481+00:00,2026-08-18T09:52:49.740080+00:00
38,22,Tomiyasu,1,DEF,48,0,0,0.0,0.0,0.0,0,1,0,0,0,2026-08-18T09:52:37.444481+00:00,2026-08-18T09:52:49.740080+00:00
38,23,Trossard,1,MID,67,3.526,2.9599,0.82,0.0324,0.7652,0.0436,1,4,27,0,2026-08-18T09:52:37.444481+00:00,2026-08-18T09:52:49.740080+00:00
38,24,White,1,DEF,62,1.3896,1.9502,0.48,0.1456,0.458,0.0032,1,5,90,1,2026-08-18T09:52:37.444481+00:00,2026-08-18T09:52:49.740080+00:00
38,25,Zinchenko,1,DEF,48,0.874,1.5892,0.28,0.1584,0.2731,0.0004,1,2,69,1,2026-08-18T09:52:37.444481+00:00,2026-08-18T09:52:49.740080+00:00
38,73,Neto,1,GKP,41,0.2128,0.9307,0.04,0.0384,0.0403,0.0,1,0,0,0,2026-08-18T09:52:37.444481+00:00,2026-08-18T09:52:49.740080+00:00
38,186,Sterling,1,MID,67,1.126,1.7516,0.28,0.2016,0.2765,0.0044,1,2,62,1,2026-08-18T09:52:37.444481+00:00,2026-08-18T09:52:49.740080+00:00
38,578,Calafiori,1,DEF,58,1.484,2.1723,0.48,0.1456,0.458,0.008,1,0,0,0,2026-08-18T09:52:37.444481+00:00,2026-08-18T09:52:49.740080+00:00
38,597,Lewis-Skelly,1,MID,45,1.2064,1.2363,0.48,0.1144,0.4556,0.0008,1,1,20,0,2026-08-18T09:52:37.444481+00:00,2026-08-18T09:52:49.740080+00:00
38,633,Merino,1,MID,60,2.8196,2.7964,0.68,0.0896,0.6396,0.024,1,2,90,1,2026-08-18T09:52:37.444481+00:00,2026-08-18T09:52:49.740080+00:00
38,638,Oulad M'hand,1,MID,45,0.4596,0.9173,0.1,0.198,0.1088,0.0,1,0,0,0,2026-08-18T09:52:37.444481+00:00,2026-08-18T09:52:49.740080+00:00
38,639,Setford,1,GKP,45,0.172,0.7257,0.04,0.0384,0.0403,0.0,1,0,0,0,2026-08-18T09:52:37.444481+00:00,2026-08-18T09:52:49.740080+00:00
38,657,Kacurri,1,DEF,40,0,0,0.0,0.0,0.0,0,1,0,0,0,2026-08-18T09:52:37.444481+00:00,2026-08-18T09:52:49.740080+00:00
38,659,Kabia,1,MID,45,0.454,0.973,0.1,0.198,0.1088,0.0004,1,0,0,0,2026-08-18T09:52:37.444481+00:00,2026-08-18T09:52:49.740080+00:00
38,662,Nichols,1,DEF,40,0.4616,1.1656,0.1,0.198,0.1088,0.0004,1,0,0,0,2026-08-18T09:52:37.444481+00:00,2026-08-18T09:52:49.740080+00:00
38,665,Butler-Oyedeji,1,FWD,45,0.448,0.8848,0.1,0.198,0.1088,0.0,1,0,0,0,2026-08-18T09:52:37.444481+00:00,2026-08-18T09:52:49.740080+00:00
38,735,Arteta,1,MID,15,0.4912,0.9802,0.1,0.198,0.1088,0.0,1,8,0,0,2026-08-18T09:52:37.444481+00:00,2026-08-18T09:52:49.740080+00:00
38,756,Porter,1,GKP,40,0.1472,0.7089,0.04,0.0384,0.0403,0.0,1,0,0,0,2026-08-18T09:52:37.444481+00:00,2026-08-18T09:52:49.740080+00:00
38,790,Gower,1,MID,45,0.4536,0.9551,0.1,0.198,0.1088,0.0004,1,0,0,0,2026-08-18T09:52:37.444481+00:00,2026-08-18T09:52:49.740080+00:00
38,793,Jack Henry-Francis,1,MID,45,0.4172,0.843,0.1,0.198,0.1088,0.0,1,0,0,0,2026-08-18T09:52:37.444481+00:00,2026-08-18T09:52:49.740080+00:00
38,801,Clarke,1,DEF,40,0.4892,1.1822,0.1,0.198,0.1088,0.0008,1,0,0,0,2026-08-18T09:52:37.444481+00:00,2026-08-18T09:52:49.740080+00:00
38,28,Bailey,2,MID,62,1.7176,2.2025,0.48,0.1456,0.458,0.0112,1,0,0,0,2026-08-18T09:52:37.444481+00:00,2026-08-18T09:52:49.740080+00:00
38,29,Barkley,2,MID,52,1.0672,1.7897,0.28,0.1584,0.2731,0.0056,1,1,6,0,2026-08-18T09:52:37.444481+00:00,2026-08-18T09:52:49.740080+00:00
38,30,Barrenechea,2,MID,49,0,0,0.0,0.0,0.0,0,1,0,0,0,2026-08-18T09:52:37.444481+00:00,2026-08-18T09:52:49.740080+00:00
38,31,Buendia,2,MID,51,0,0,0.0,0.0,0.0,0,1,0,0,0,2026-08-18T09:52:37.444481+00:00,2026-08-18T09:52:49.740080+00:00
38,32,Cash,2,DEF,44,0.6932,1.4249,0.22,0.1404,0.2158,0.0004,1,1,90,1,2026-08-18T09:52:37.444481+00:00,2026-08-18T09:52:49.740080+00:00
38,33,Dendoncker,2,MID,45,0,0,0.0,0.0,0.0,0,1,0,0,0,2026-08-18T09:52:37.444481+00:00,2026-08-18T09:52:49.740080+00:00
38,34,Diaby,2,MID,65,0,0,0.0,0.0,0.0,0,1,0,0,0,2026-08-18T09:52:37.444481+00:00,2026-08-18T09:52:49.740080+00:00
38,35,Diego Carlos,2,DEF,45,0,0,0.0,0.0,0.0,0,1,0,0,0,2026-08-18T09:52:37.444481+00:00,2026-08-18T09:52:49.740080+00:00
38,36,Digne,2,DEF,44,0.8712,1.7389,0.22,0.1404,0.2158,0.002,1,0,0,0,2026-08-18T09:52:37.444481+00:00,2026-08-18T09:52:49.740080+00:00
38,37,Dobbin,2,MID,50,0,0,0.0,0.0,0.0,0,1,0,0,0,2026-08-18T09:52:37.444481+00:00,2026-08-18T09:52:49.740080+00:00
38,38,Duran,2,FWD,57,0,0,0.0,0.0,0.0,0,1,0,0,0,2026-08-18T09:52:37.444481+00:00,2026-08-18T09:52:49.740080+00:00
38,39,Gauci,2,GKP,40,0,0,0.0,0.0,0.0,0,1,0,0,0,2026-08-18T09:52:37.444481+00:00,2026-08-18T09:52:49.740080+00:00
38,40,Hause,2,DEF,39,0.44,1.0942,0.1,0.198,0.1088,0.0008,1,0,0,0,2026-08-18T09:52:37.444481+00:00,2026-08-18T09:52:49.740080+00:00
38,41,Iling Jr,2,MID,54,0,0,0.0,0.0,0.0,0,1,0,0,0,2026-08-18T09:52:37.444481+00:00,2026-08-18T09:52:49.740080+00:00
38,42,Kamara,2,MID,50,1.8764,1.5645,0.68,0.0576,0.637,0.0016,1,2,83,1,2026-08-18T09:52:37.444481+00:00,2026-08-18T09:52:49.740080+00:00
38,43,Kesler-Hayden,2,DEF,40,0,0,0.0,0.0,0.0,0,1,0,0,0,2026-08-18T09:52:37.444481+00:00,2026-08-18T09:52:49.740080+00:00
38,44,Konsa,2,DEF,45,0.8628,1.7227,0.22,0.1404,0.2158,0.0036,1,1,90,1,2026-08-18T09:52:37.444481+00:00,2026-08-18T09:52:49.740080+00:00
38,45,Maatsen,2,DEF,45,0.8156,1.6758,0.22,0.1716,0.2183,0.0048,1,1,90,1,2026-08-18T09:52:37.444481+00:00,2026-08-18T09:52:49.740080+00:00
38,46,Marschall,2,GKP,40,0,0,0.0,0.0,0.0,0,1,0,0,0,2026-08-18T09:52:37.444481+00:00,2026-08-18T09:52:49.740080+00:00
38,47,Martinez,2,GKP,50,0,0,0.0,0.0,0.0,0,1,-2,45,1,2026-08-18T09:52:37.444481+00:00,2026-08-18T09:52:49.740080+00:00
38,48,McGinn,2,MID,52,2.4348,2.0625,0.82,0.0324,0.7652,0.0072,1,3,61,1,2026-08-18T09:52:37.444481+00:00,2026-08-18T09:52:49.740080+00:00
38,49,Mings,2,DEF,44,0.8692,1.7412,0.22,0.1716,0.2183,0.0036,1,0,0,0,2026-08-18T09:52:37.444481+00:00,2026-08-18T09:52:49.740080+00:00
38,50,Nedeljkovic,2,DEF,39,0,0,0.0,0.0,0.0,0,1,0,0,0,2026-08-18T09:52:37.444481+00:00,2026-08-18T09:52:49.740080+00:00
38,51,Olsen,2,GKP,45,2.526,2.0236,0.88,0.0048,0.8188,0.0,1,1,45,1,2026-08-18T09:52:37.444481+00:00,2026-08-18T09:52:49.740080+00:00
38,52,Pau,2,DEF,42,0.7528,1.5165,0.22,0.1404,0.2158,0.0012,1,0,90,1,2026-08-18T09:52:37.444481+00:00,2026-08-18T09:52:49.740080+00:00
38,53,Ramsey,2,MID,54,2.0732,1.9726,0.68,0.0576,0.637,0.006,1,1,27,0,2026-08-18T09:52:37.444481+00:00,2026-08-18T09:52:49.740080+00:00
38,54,Rogers,2,MID,58,3.3228,2.5411,0.9,0.018,0.8384,0.0288,1,1,83,1,2026-08-18T09:52:37.444481+00:00,2026-08-18T09:52:49.740080+00:00
38,55,Sinisalo,2,GKP,40,0,0,0.0,0.0,0.0,0,1,0,0,0,2026-08-18T09:52:37.444481+00:00,2026-08-18T09:52:49.740080+00:00
38,56,Sousa,2,DEF,40,0,0,0.0,0.0,0.0,0,1,0,0,0,2026-08-18T09:52:37.444481+00:00,2026-08-18T09:52:49.740080+00:00
38,57,Tielemans,2,MID,55,3.108,2.1525,0.9,0.018,0.8384,0.0168,1,1,28,0,2026-08-18T09:52:37.444481+00:00,2026-08-18T09:52:49.740080+00:00
38,58,Watkins,2,FWD,92,4.1496,3.2754,0.82,0.0324,0.7652,0.0692,1,2,90,1,2026-08-18T09:52:37.444481+00:00,2026-08-18T09:52:49.740080+00:00
38,167,Disasi,2,DEF,42,0.7132,1.4396,0.22,0.1716,0.2183,0.0008,1,0,0,0,2026-08-18T09:52:37.444481+00:00,2026-08-18T09:52:49.740080+00:00
38,233,Onana,2,MID,48,2.1176,2.0238,0.68,0.0576,0.637,0.0068,1,3,62,1,2026-08-18T09:52:37.444481+00:00,2026-08-18T09:52:49.740080+00:00
38,385,Rashford,2,MID,66,3.2348,3.0787,0.68,0.0896,0.6396,0.0428,1,0,0,0,2026-08-18T09:52:37.444481+00:00,2026-08-18T09:52:49.740080+00:00
38,598,Bogarde,2,DEF,39,0.638,1.3319,0.22,0.1716,0.2183,0.0004,1,0,0,0,2026-08-18T09:52:37.444481+00:00,2026-08-18T09:52:49.740080+00:00
38,640,Swinkels,2,DEF,40,0,0,0.0,0.0,0.0,0,1,0,0,0,2026-08-18T09:52:37.444481+00:00,2026-08-18T09:52:49.740080+00:00
38,641,Zych,2,GKP,40,0.1404,0.664,0.04,0.0384,0.0403,0.0,1,0,0,0,2026-08-18T09:52:37.444481+00:00,2026-08-18T09:52:49.740080+00:00
38,656,Young,2,MID,44,0,0,0.0,0.0,0.0,0,1,0,0,0,2026-08-18T09:52:37.444481+00:00,2026-08-18T09:52:49.740080+00:00
38,679,Broggio,2,MID,45,0.4512,0.923,0.1,0.198,0.1088,0.0008,1,0,0,0,2026-08-18T09:52:37.444481+00:00,2026-08-18T09:52:49.740080+00:00
38,710,Jimoh,2,MID,45,0.472,0.9282,0.1,0.198,0.1088,0.0004,1,0,0,0,2026-08-18T09:52:37.444481+00:00,2026-08-18T09:52:49.740080+00:00
38,725,Malen,2,MID,53,0.738,1.5067,0.18,0.1804,0.1818,0.0028,1,1,6,0,2026-08-18T09:52:37.444481+00:00,2026-08-18T09:52:49.740080+00:00
38,731,A. Garcia,2,DEF,45,0.71,1.3987,0.22,0.1716,0.2183,0.0004,1,0,0,0,2026-08-18T09:52:37.444481+00:00,2026-08-18T09:52:49.740080+00:00
38,737,Emery,2,MID,8,0.512,1.0087,0.1,0.198,0.1088,0.0,1,0,0,0,2026-08-18T09:52:37.444481+00:00,2026-08-18T09:52:49.740080+00:00
38,762,M.Asensio,2,MID,60,2.2224,2.7858,0.48,0.1456,0.458,0.0236,1,1,45,1,2026-08-18T09:52:37.444481+00:00,2026-08-18T09:52:49.740080+00:00
38,59,Aarons,3,DEF,43,0,0,0.0,0.0,0.0,0,1,0,0,0,2026-08-18T09:52:37.444481+00:00,2026-08-18T09:52:49.740080+00:00
38,60,Adams,3,MID,49,1.8296,1.7603,0.68,0.0576,0.637,0.0024,1,3,90,1,2026-08-18T09:52:37.444481+00:00,2026-08-18T09:52:49.740080+00:00
38,61,Anthony,3,MID,45,0,0,0.0,0.0,0.0,0,1,0,0,0,2026-08-18T09:52:37.444481+00:00,2026-08-18T09:52:49.740080+00:00
38,62,Brooks,3,MID,49,1.7504,2.311,0.48,0.1144,0.4556,0.0132,1,3,62,1,2026-08-18T09:52:37.444481+00:00,2026-08-18T09:52:49.740080+00:00
38,63,Christie,3,MID,48,0,0,0.0,0.0,0.0,0,1,0,0,0,2026-08-18T09:52:37.444481+00:00,2026-08-18T09:52:49.740080+00:00
38,64,Cook,3,MID,50,0,0,0.0,0.0,0.0,0,1,0,0,0,2026-08-18T09:52:37.444481+00:00,2026-08-18T09:52:49.740080+00:00
38,65,Enes Ünal,3,FWD,54,0,0,0.0,0.0,0.0,0,1,0,0,0,2026-08-18T09:52:37.444481+00:00,2026-08-18T09:52:49.740080+00:00
38,66,Faivre,3,MID,50,0,0,0.0,0.0,0.0,0,1,0,0,0,2026-08-18T09:52:37.444481+00:00,2026-08-18T09:52:49.740080+00:00
38,67,H.Traorè,3,MID,45,0,0,0.0,0.0,0.0,0,1,0,0,0,2026-08-18T09:52:37.444481+00:00,2026-08-18T09:52:49.740080+00:00
38,68,Hill,3,DEF,39,0.8016,1.5998,0.22,0.1716,0.2183,0.002,1,0,0,0,2026-08-18T09:52:37.444481+00:00,2026-08-18T09:52:49.740080+00:00
38,69,Jebbison,3,FWD,45,0.4728,1.0515,0.1,0.198,0.1088,0.0008,1,1,27,0,2026-08-18T09:52:37.444481+00:00,2026-08-18T09:52:49.740080+00:00
38,70,Kerkez,3,DEF,53,3.102,2.3594,0.9,0.018,0.8384,0.008,1,6,90,1,2026-08-18T09:52:37.444481+00:00,2026-08-18T09:52:49.740080+00:00
38,71,Kluivert,3,MID,59,4.1884,3.6887,0.82,0.0324,0.7652,0.0788,1,3,90,1,2026-08-18T09:52:37.444481+00:00,2026-08-18T09:52:49.740080+00:00
38,72,Mepham,3,DEF,44,0,0,0.0,0.0,0.0,0,1,0,0,0,2026-08-18T09:52:37.444481+00:00,2026-08-18T09:52:49.740080+00:00
38,74,O.Dango,3,MID,45,0,0,0.0,0.0,0.0,0,1,0,0,0,2026-08-18T09:52:37.444481+00:00,2026-08-18T09:52:49.740080+00:00
38,75,Paulsen,3,GKP,40,0,0,0.0,0.0,0.0,0,1,0,0,0,2026-08-18T09:52:37.444481+00:00,2026-08-18T09:52:49.740080+00:00
38,76,Philip,3,MID,48,0,0,0.0,0.0,0.0,0,1,0,0,0,2026-08-18T09:52:37.444481+00:00,2026-08-18T09:52:49.740080+00:00
38,77,Scott,3,MID,47,1.4404,1.7496,0.48,0.1144,0.4556,0.0024,1,1,1,0,2026-08-18T09:52:37.444481+00:00,2026-08-18T09:52:49.740080+00:00
38,78,Semenyo,3,MID,57,3.8444,3.1439,0.9,0.018,0.8384,0.058,1,16,90,1,2026-08-18T09:52:37.444481+00:00,2026-08-18T09:52:49.740080+00:00
38,79,Senesi,3,DEF,46,1.6232,2.2893,0.48,0.1144,0.4556,0.0072,1,6,77,1,2026-08-18T09:52:37.444481+00:00,2026-08-18T09:52:49.740080+00:00
38,80,Sinisterra,3,MID,48,0,0,0.0,0.0,0.0,0,1,0,0,0,2026-08-18T09:52:37.444481+00:00,2026-08-18T09:52:49.740080+00:00
38,81,Smith,3,DEF,44,0.8104,1.6293,0.22,0.1716,0.2183,0.0016,1,6,90,1,2026-08-18T09:52:37.444481+00:00,2026-08-18T09:52:49.740080+00:00
38,83,Tavernier,3,MID,54,2.8864,3.1011,0.68,0.0576,0.637,0.0448,1,4,90,1,2026-08-18T09:52:37.444481+00:00,2026-08-18T09:52:49.740080+00:00
38,84,Travers,3,GKP,44,0,0,0.0,0.0,0.0,0,1,0,0,0,2026-08-18T09:52:37.444481+00:00,2026-08-18T09:52:49.740080+00:00
38,85,Zabarnyi,3,DEF,44,0.8408,1.7026,0.22,0.1404,0.2158,0.0028,1,11,90,1,2026-08-18T09:52:37.444481+00:00,2026-08-18T09:52:49.740080+00:00
38,152,Arrizabalaga,3,GKP,46,3.4036,2.341,0.9,0.008,0.8376,0.0012,1,6,90,1,2026-08-18T09:52:37.444481+00:00,2026-08-18T09:52:49.740080+00:00
38,580,Huijsen,3,DEF,45,0.958,1.9743,0.22,0.1404,0.2158,0.006,1,4,12,0,2026-08-18T09:52:37.444481+00:00,2026-08-18T09:52:49.740080+00:00
38,592,J.Araujo,3,DEF,43,0.722,1.4716,0.22,0.1716,0.2183,0.0004,1,0,0,0,2026-08-18T09:52:37.444481+00:00,2026-08-18T09:52:49.740080+00:00
38,599,Dennis,3,GKP,39,0.1948,0.8445,0.04,0.0384,0.0403,0.0,1,0,0,0,2026-08-18T09:52:37.444481+00:00,2026-08-18T09:52:49.740080+00:00
38,617,Evanilson,3,FWD,59,4.3296,3.391,0.82,0.0324,0.7652,0.0844,1,2,90,1,2026-08-18T09:52:37.444481+00:00,2026-08-18T09:52:49.740080+00:00
38,680,Kinsey,3,DEF,40,0.5396,1.2829,0.1,0.198,0.1088,0.0004,1,0,0,0,2026-08-18T09:52:37.444481+00:00,2026-08-18T09:52:49.740080+00:00
38,687,Winterburn,3,MID,45,0.4432,0.9226,0.1,0.198,0.1088,0.0004,1,1,1,0,2026-08-18T09:52:37.444481+00:00,2026-08-18T09:52:49.740080+00:00
38,702,Harris,3,DEF,40,0.5216,1.2383,0.1,0.198,0.1088,0.0008,1,0,0,0,2026-08-18T09:52:37.444481+00:00,2026-08-18T09:52:49.740080+00:00
38,707,Rees-Dottin,3,FWD,45,0.46,0.9591,0.1,0.198,0.1088,0.0004,1,0,0,0,2026-08-18T09:52:37.444481+00:00,2026-08-18T09:52:49.740080+00:00
38,712,Akinmboni,3,DEF,40,0.504,1.1765,0.1,0.198,0.1088,0.0,1,0,0,0,2026-08-18T09:52:37.444481+00:00,2026-08-18T09:52:49.740080+00:00
38,713,Soler,3,DEF,39,0.5232,1.2415,0.1,0.198,0.1088,0.0008,1,1,1,0,2026-08-18T09:52:37.444481+00:00,2026-08-18T09:52:49.740080+00:00
38,722,Adu-Adjei,3,FWD,45,0.4536,0.9175,0.1,0.198,0.1088,0.0,1,0,0,0,2026-08-18T09:52:37.444481+00:00,2026-08-18T09:52:49.740080+00:00
38,723,Sadi,3,MID,45,0.4704,0.9842,0.1,0.198,0.1088,0.0,1,0,0,0,2026-08-18T09:52:37.444481+00:00,2026-08-18T09:52:49.740080+00:00
38,727,McKenna,3,GKP,40,0.1756,0.852,0.04,0.0384,0.0403,0.0,1,0,0,0,2026-08-18T09:52:37.444481+00:00,2026-08-18T09:52:49.740080+00:00
38,728,Silcott-Duberry,3,MID,45,0.474,0.988,0.1,0.198,0.1088,0.0,1,0,0,0,2026-08-18T09:52:37.444481+00:00,2026-08-18T09:52:49.740080+00:00
38,738,Iraola,3,MID,11,0.4992,0.996,0.1,0.198,0.1088,0.0,1,10,0,0,2026-08-18T09:52:37.444481+00:00,2026-08-18T09:52:49.740080+00:00
38,86,Ajer,4,DEF,44,0.7436,1.5447,0.22,0.1716,0.2183,0.0032,1,1,4,0,2026-08-18T09:52:37.444481+00:00,2026-08-18T09:52:49.740080+00:00
38,87,Brierley,4,MID,44,0.4496,0.9251,0.1,0.198,0.1088,0.0,1,0,0,0,2026-08-18T09:52:37.444481+00:00,2026-08-18T09:52:49.740080+00:00
38,88,Collins,4,DEF,46,2.8576,2.4587,0.9,0.018,0.8384,0.0132,1,2,90,1,2026-08-18T09:52:37.444481+00:00,2026-08-18T09:52:49.740080+00:00
38,89,Damsgaard,4,MID,49,3.1868,2.1939,0.9,0.018,0.8384,0.0136,1,2,79,1,2026-08-18T09:52:37.444481+00:00,2026-08-18T09:52:49.740080+00:00
38,90,Dasilva,4,MID,48,0,0,0.0,0.0,0.0,0,1,0,0,0,2026-08-18T09:52:37.444481+00:00,2026-08-18T09:52:49.740080+00:00
38,91,Flekken,4,GKP,45,3.4472,2.2374,0.9,0.004,0.8373,0.0032,1,3,90,1,2026-08-18T09:52:37.444481+00:00,2026-08-18T09:52:49.740080+00:00
38,92,Henry,4,DEF,43,0.4124,0.9824,0.1,0.198,0.1088,0.0,1,0,0,0,2026-08-18T09:52:37.444481+00:00,2026-08-18T09:52:49.740080+00:00
38,93,Hickey,4,DEF,43,0.6524,1.3756,0.22,0.1716,0.2183,0.0008,1,0,0,0,2026-08-18T09:52:37.444481+00:00,2026-08-18T09:52:49.740080+00:00
38,94,Janelt,4,MID,48,0,0,0.0,0.0,0.0,0,1,0,0,0,2026-08-18T09:52:37.444481+00:00,2026-08-18T09:52:49.740080+00:00
38,95,Jensen,4,MID,53,1.3884,1.6011,0.48,0.1144,0.4556,0.0016,1,1,10,0,2026-08-18T09:52:37.444481+00:00,2026-08-18T09:52:49.740080+00:00
38,96,Ji-soo,4,DEF,39,0.4424,1.0748,0.1,0.198,0.1088,0.0,1,0,0,0,2026-08-18T09:52:37.444481+00:00,2026-08-18T09:52:49.740080+00:00
38,97,Konak,4,MID,44,0.4308,0.902,0.1,0.198,0.1088,0.0,1,0,0,0,2026-08-18T09:52:37.444481+00:00,2026-08-18T09:52:49.740080+00:00
38,98,Lewis-Potter,4,MID,50,2.4892,1.8586,0.9,0.018,0.8384,0.0072,1,2,90,1,2026-08-18T09:52:37.444481+00:00,2026-08-18T09:52:49.740080+00:00
38,99,Mbeumo,4,MID,83,4.5248,3.2178,0.9,0.018,0.8384,0.0768,1,8,90,1,2026-08-18T09:52:37.444481+00:00,2026-08-18T09:52:49.740080+00:00
38,100,Mee,4,DEF,42,0.4744,1.1304,0.1,0.198,0.1088,0.0004,1,0,0,0,2026-08-18T09:52:37.444481+00:00,2026-08-18T09:52:49.740080+00:00
38,101,Nørgaard,4,MID,48,2.556,1.9859,0.9,0.018,0.8384,0.0052,1,8,90,1,2026-08-18T09:52:37.444481+00:00,2026-08-18T09:52:49.740080+00:00
38,102,Onyeka,4,MID,49,0,0,0.0,0.0,0.0,0,1,0,0,0,2026-08-18T09:52:37.444481+00:00,2026-08-18T09:52:49.740080+00:00
38,103,Peart-Harris,4,MID,45,0,0,0.0,0.0,0.0,0,1,0,0,0,2026-08-18T09:52:37.444481+00:00,2026-08-18T09:52:49.740080+00:00
38,104,Pinnock,4,DEF,44,0.7804,1.6284,0.22,0.1404,0.2158,0.0028,1,0,0,0,2026-08-18T09:52:37.444481+00:00,2026-08-18T09:52:49.740080+00:00
38,105,Roerslev,4,DEF,43,0,0,0.0,0.0,0.0,0,1,0,0,0,2026-08-18T09:52:37.444481+00:00,2026-08-18T09:52:49.740080+00:00
38,106,Schade,4,MID,53,3.5512,3.1224,0.82,0.0324,0.7652,0.0444,1,2,79,1,2026-08-18T09:52:37.444481+00:00,2026-08-18T09:52:49.740080+00:00
38,107,Thiago,4,FWD,59,1.3216,1.5844,0.45,0.154,0.4308,0.0028,1,1,10,0,2026-08-18T09:52:37.444481+00:00,2026-08-18T09:52:49.740080+00:00
38,108,Toney,4,FWD,73,0,0,0.0,0.0,0.0,0,1,0,0,0,2026-08-18T09:52:37.444481+00:00,2026-08-18T09:52:49.740080+00:00
38,109,Valdimarsson,4,GKP,39,0.1652,0.7325,0.04,0.0384,0.0403,0.0,1,0,0,0,2026-08-18T09:52:37.444481+00:00,2026-08-18T09:52:49.740080+00:00
38,110,Wissa,4,FWD,69,4.5592,3.2013,0.9,0.018,0.8384,0.0796,1,1,90,1,2026-08-18T09:52:37.444481+00:00,2026-08-18T09:52:49.740080+00:00
38,111,Yarmoliuk,4,MID,43,1.218,1.4605,0.48,0.1144,0.4556,0.0012,1,2,90,1,2026-08-18T09:52:37.444481+00:00,2026-08-18T09:52:49.740080+00:00
38,112,Zanka,4,DEF,45,0,0,0.0,0.0,0.0,0,1,0,0,0,2026-08-18T09:52:37.444481+00:00,2026-08-18T09:52:49.740080+00:00
38,314,Carvalho,4,MID,45,0,0,0.0,0.0,0.0,0,1,0,0,0,2026-08-18T09:52:37.444481+00:00,2026-08-18T09:52:49.740080+00:00
38,338,Van den Berg,4,DEF,41,0.8148,1.7461,0.22,0.1404,0.2158,0.0056,1,2,90,1,2026-08-18T09:52:37.444481+00:00,2026-08-18T09:52:49.740080+00:00
38,602,Trevitt,4,MID,44,0,0,0.0,0.0,0.0,0,1,0,0,0,2026-08-18T09:52:37.444481+00:00,2026-08-18T09:52:49.740080+00:00
38,634,G.Nunes,4,MID,49,0.6852,1.1826,0.18,0.1804,0.1818,0.0,1,0,0,0,2026-08-18T09:52:37.444481+00:00,2026-08-18T09:52:49.740080+00:00
38,649,Meghoma,4,DEF,40,0,0,0.0,0.0,0.0,0,1,0,0,0,2026-08-18T09:52:37.444481+00:00,2026-08-18T09:52:49.740080+00:00
38,661,Yogane,4,MID,45,0,0,0.0,0.0,0.0,0,1,0,0,0,2026-08-18T09:52:37.444481+00:00,2026-08-18T09:52:49.740080+00:00
38,674,Maghoma,4,MID,45,0.4832,0.9577,0.1,0.198,0.1088,0.0004,1,0,0,0,2026-08-18T09:52:37.444481+00:00,2026-08-18T09:52:49.740080+00:00
38,705,Arthur,4,DEF,40,0.4696,1.1218,0.1,0.198,0.1088,0.0004,1,0,0,0,2026-08-18T09:52:37.444481+00:00,2026-08-18T09:52:49.740080+00:00
38,752,Frank,4,MID,8,0.4688,0.9203,0.1,0.198,0.1088,0.0,1,4,0,0,2026-08-18T09:52:37.444481+00:00,2026-08-18T09:52:49.740080+00:00
38,757,Kayode,4,DEF,45,0.73,1.4376,0.22,0.1716,0.2183,0.0016,1,2,85,1,2026-08-18T09:52:37.444481+00:00,2026-08-18T09:52:49.740080+00:00
38,759,Eyestone,4,GKP,40,0.1388,0.6528,0.04,0.0384,0.0403,0.0,1,0,0,0,2026-08-18T09:52:37.444481+00:00,2026-08-18T09:52:49.740080+00:00
38,780,Morgan,4,FWD,45,0.4272,0.8377,0.1,0.198,0.1088,0.0,1,0,0,0,2026-08-18T09:52:37.444481+00:00,2026-08-18T09:52:49.740080+00:00
38,786,Benjamin Fredrick,4,DEF,40,0.4592,1.0878,0.1,0.198,0.1088,0.0004,1,0,0,0,2026-08-18T09:52:37.444481+00:00,2026-08-18T09:52:49.740080+00:00
38,113,Adingra,5,MID,51,1.6828,2.0989,0.48,0.1144,0.4556,0.008,1,1,45,1,2026-08-18T09:52:37.444481+00:00,2026-08-18T09:52:49.740080+00:00
38,114,Baker-Boaitey,5,MID,45,0,0,0.0,0.0,0.0,0,1,0,0,0,2026-08-18T09:52:37.444481+00:00,2026-08-18T09:52:49.740080+00:00
38,115,Baleba,5,MID,50,2.4352,1.9722,0.82,0.0324,0.7652,0.0072,1,2,90,1,2026-08-18T09:52:37.444481+00:00,2026-08-18T09:52:49.740080+00:00
38,116,Barco,5,DEF,40,0,0,0.0,0.0,0.0,0,1,0,0,0,2026-08-18T09:52:37.444481+00:00,2026-08-18T09:52:49.740080+00:00
38,118,Cozier-Duberry,5,MID,45,0,0,0.0,0.0,0.0,0,1,0,0,0,2026-08-18T09:52:37.444481+00:00,2026-08-18T09:52:49.740080+00:00
38,119,Dahoud,5,MID,49,0,0,0.0,0.0,0.0,0,1,0,0,0,2026-08-18T09:52:37.444481+00:00,2026-08-18T09:52:49.740080+00:00
38,120,Dunk,5,DEF,42,0.6796,1.4241,0.22,0.1404,0.2158,0.0012,1,0,0,0,2026-08-18T09:52:37.444481+00:00,2026-08-18T09:52:49.740080+00:00
38,122,Estupiñan,5,DEF,49,2.4552,2.3547,0.82,0.0324,0.7652,0.0096,1,0,0,0,2026-08-18T09:52:37.444481+00:00,2026-08-18T09:52:49.740080+00:00
38,124,Gilmour,5,MID,50,0,0,0.0,0.0,0.0,0,1,0,0,0,2026-08-18T09:52:37.444481+00:00,2026-08-18T09:52:49.740080+00:00
38,125,Gross,5,MID,65,0,0,0.0,0.0,0.0,0,1,0,0,0,2026-08-18T09:52:37.444481+00:00,2026-08-18T09:52:49.740080+00:00
38,126,Hinshelwood,5,MID,49,2.076,2.0189,0.68,0.0576,0.637,0.0072,1,15,90,1,2026-08-18T09:52:37.444481+00:00,2026-08-18T09:52:49.740080+00:00
38,127,I.Osman,5,MID,50,0,0,0.0,0.0,0.0,0,1,0,0,0,2026-08-18T09:52:37.444481+00:00,2026-08-18T09:52:49.740080+00:00
38,128,Igor,5,DEF,43,0.6636,1.352,0.22,0.1716,0.2183,0.0008,1,1,59,1,2026-08-18T09:52:37.444481+00:00,2026-08-18T09:52:49.740080+00:00
38,129,João Pedro,5,FWD,55,3.2076,3.0813,0.68,0.0576,0.637,0.0416,1,0,0,0,2026-08-18T09:52:37.444481+00:00,2026-08-18T09:52:49.740080+00:00
38,130,Kozlowski,5,MID,45,0,0,0.0,0.0,0.0,0,1,0,0,0,2026-08-18T09:52:37.444481+00:00,2026-08-18T09:52:49.740080+00:00
38,131,Lamptey,5,DEF,44,0.5272,1.1981,0.11,0.1958,0.118,0.0008,1,0,0,0,2026-08-18T09:52:37.444481+00:00,2026-08-18T09:52:49.740080+00:00
38,132,March,5,MID,65,0,0,0.0,0.0,0.0,0,1,0,0,0,2026-08-18T09:52:37.444481+00:00,2026-08-18T09:52:49.740080+00:00
38,133,Mazilu,5,MID,45,0,0,0.0,0.0,0.0,0,1,0,0,0,2026-08-18T09:52:37.444481+00:00,2026-08-18T09:52:49.740080+00:00
38,134,Milner,5,MID,50,0.9164,1.4455,0.28,0.1584,0.2731,0.0004,1,1,1,0,2026-08-18T09:52:37.444481+00:00,2026-08-18T09:52:49.740080+00:00
38,135,Minteh,5,MID,48,2.774,2.749,0.68,0.0576,0.637,0.0264,1,2,90,1,2026-08-18T09:52:37.444481+00:00,2026-08-18T09:52:49.740080+00:00
38,136,Mitoma,5,MID,63,3.6112,3.0911,0.82,0.0324,0.7652,0.0496,1,4,45,1,2026-08-18T09:52:37.444481+00:00,2026-08-18T09:52:49.740080+00:00
38,137,Moder,5,MID,44,0,0,0.0,0.0,0.0,0,1,0,0,0,2026-08-18T09:52:37.444481+00:00,2026-08-18T09:52:49.740080+00:00
38,138,O’Mahony,5,FWD,45,0,0,0.0,0.0,0.0,0,1,0,0,0,2026-08-18T09:52:37.444481+00:00,2026-08-18T09:52:49.740080+00:00
38,139,Offiah,5,DEF,40,0,0,0.0,0.0,0.0,0,1,0,0,0,2026-08-18T09:52:37.444481+00:00,2026-08-18T09:52:49.740080+00:00
38,140,Peupion,5,MID,44,0,0,0.0,0.0,0.0,0,1,0,0,0,2026-08-18T09:52:37.444481+00:00,2026-08-18T09:52:49.740080+00:00
38,141,Sarmiento,5,MID,49,0,0,0.0,0.0,0.0,0,1,0,0,0,2026-08-18T09:52:37.444481+00:00,2026-08-18T09:52:49.740080+00:00
38,142,Steele,5,GKP,40,0.0788,0.4723,0.02,0.0392,0.0217,0.0,1,0,0,0,2026-08-18T09:52:37.444481+00:00,2026-08-18T09:52:49.740080+00:00
38,143,Undav,5,FWD,55,0,0,0.0,0.0,0.0,0,1,0,0,0,2026-08-18T09:52:37.444481+00:00,2026-08-18T09:52:49.740080+00:00
38,144,Van Hecke,5,DEF,45,0.7128,1.462,0.22,0.1404,0.2158,0.0004,1,2,90,1,2026-08-18T09:52:37.444481+00:00,2026-08-18T09:52:49.740080+00:00
38,145,Veltman,5,DEF,43,0.8196,1.6561,0.22,0.1404,0.2158,0.0016,1,0,31,0,2026-08-18T09:52:37.444481+00:00,2026-08-18T09:52:49.740080+00:00
38,146,Verbruggen,5,GKP,45,2.706,2.0565,0.9,0.004,0.8373,0.0,1,2,90,1,2026-08-18T09:52:37.444481+00:00,2026-08-18T09:52:49.740080+00:00
38,147,Webster,5,DEF,43,0.7632,1.4447,0.22,0.1716,0.2183,0.0,1,5,90,1,2026-08-18T09:52:37.444481+00:00,2026-08-18T09:52:49.740080+00:00
38,148,Welbeck,5,FWD,55,3.5768,2.9077,0.82,0.0324,0.7652,0.0396,1,0,0,0,2026-08-18T09:52:37.444481+00:00,2026-08-18T09:52:49.740080+00:00
38,149,Wieffer,5,MID,47,1.3848,1.6844,0.48,0.1144,0.4556,0.0016,1,2,90,1,2026-08-18T09:52:37.444481+00:00,2026-08-18T09:52:49.740080+00:00
38,595,Gruda,5,MID,54,1.048,1.6467,0.28,0.1584,0.2731,0.002,1,2,75,1,2026-08-18T09:52:37.444481+00:00,2026-08-18T09:52:49.740080+00:00
38,600,Ayari,5,MID,50,2.0988,2.0617,0.68,0.0576,0.637,0.0092,1,1,45,1,2026-08-18T09:52:37.444481+00:00,2026-08-18T09:52:49.740080+00:00
38,601,Moran,5,MID,50,0,0,0.0,0.0,0.0,0,1,0,0,0,2026-08-18T09:52:37.444481+00:00,2026-08-18T09:52:49.740080+00:00
38,615,Rushworth,5,GKP,39,0.156,0.7149,0.04,0.0384,0.0403,0.0,1,0,0,0,2026-08-18T09:52:37.444481+00:00,2026-08-18T09:52:49.740080+00:00
38,618,Georginio,5,MID,50,0,0,0.0,0.0,0.0,0,1,0,0,0,2026-08-18T09:52:37.444481+00:00,2026-08-18T09:52:49.740080+00:00
38,628,F.Kadıoğlu,5,DEF,44,0,0,0.0,0.0,0.0,0,1,0,0,0,2026-08-18T09:52:37.444481+00:00,2026-08-18T09:52:49.740080+00:00
38,629,O'Riley,5,MID,55,1.7456,2.125,0.48,0.1456,0.458,0.0088,1,6,14,0,2026-08-18T09:52:37.444481+00:00,2026-08-18T09:52:49.740080+00:00
38,663,Samuels,5,DEF,40,0,0,0.0,0.0,0.0,0,1,0,0,0,2026-08-18T09:52:37.444481+00:00,2026-08-18T09:52:49.740080+00:00
38,668,Cahill,5,GKP,39,0.1608,0.7348,0.04,0.0384,0.0403,0.0,1,0,0,0,2026-08-18T09:52:37.444481+00:00,2026-08-18T09:52:49.740080+00:00
38,681,McConville,5,DEF,40,0,0,0.0,0.0,0.0,0,1,0,0,0,2026-08-18T09:52:37.444481+00:00,2026-08-18T09:52:49.740080+00:00
38,685,Slater,5,DEF,40,0.4644,1.1206,0.1,0.198,0.1088,0.0004,1,0,0,0,2026-08-18T09:52:37.444481+00:00,2026-08-18T09:52:49.740080+00:00
38,714,Gómez,5,MID,55,1.0616,1.5256,0.28,0.2016,0.2765,0.0024,1,11,45,1,2026-08-18T09:52:37.444481+00:00,2026-08-18T09:52:49.740080+00:00
38,739,Hürzeler,5,MID,11,0.4456,0.895,0.1,0.198,0.1088,0.0,1,10,0,0,2026-08-18T09:52:37.444481+00:00,2026-08-18T09:52:49.740080+00:00
38,758,Knight,5,MID,45,0.4436,0.9217,0.1,0.198,0.1088,0.0,1,0,0,0,2026-08-18T09:52:37.444481+00:00,2026-08-18T09:52:49.740080+00:00
38,763,Cashin,5,DEF,45,0.4392,1.0474,0.1,0.198,0.1088,0.0004,1,0,0,0,2026-08-18T09:52:37.444481+00:00,2026-08-18T09:52:49.740080+00:00
38,791,Charlie Tasker,5,DEF,40,0.4836,1.1805,0.1,0.198,0.1088,0.0016,1,0,0,0,2026-08-18T09:52:37.444481+00:00,2026-08-18T09:52:49.740080+00:00
38,794,Freddie Simmonds,5,DEF,40,0.4804,1.1238,0.1,0.198,0.1088,0.0008,1,0,0,0,2026-08-18T09:52:37.444481+00:00,2026-08-18T09:52:49.740080+00:00
38,795,Harry Howell,5,MID,45,0.4652,0.9459,0.1,0.198,0.1088,0.0004,1,0,0,0,2026-08-18T09:52:37.444481+00:00,2026-08-18T09:52:49.740080+00:00
38,150,Andrey Santos,6,MID,45,0,0,0.0,0.0,0.0,0,1,0,0,0,2026-08-18T09:52:37.444481+00:00,2026-08-18T09:52:49.740080+00:00
38,151,Ângelo,6,MID,45,0,0,0.0,0.0,0.0,0,1,0,0,0,2026-08-18T09:52:37.444481+00:00,2026-08-18T09:52:49.740080+00:00
38,153,B.Badiashile,6,DEF,42,0.676,1.3272,0.22,0.1716,0.2183,0.0004,1,0,0,0,2026-08-18T09:52:37.444481+00:00,2026-08-18T09:52:49.740080+00:00
38,154,Bergström,6,GKP,39,0.1644,0.771,0.04,0.0384,0.0403,0.0,1,0,0,0,2026-08-18T09:52:37.444481+00:00,2026-08-18T09:52:49.740080+00:00
38,155,Bettinelli,6,GKP,39,0.1444,0.732,0.04,0.0384,0.0403,0.0004,1,0,0,0,2026-08-18T09:52:37.444481+00:00,2026-08-18T09:52:49.740080+00:00
38,157,Caicedo,6,MID,49,2.196,1.3606,0.9,0.018,0.8384,0.0004,1,2,90,1,2026-08-18T09:52:37.444481+00:00,2026-08-18T09:52:49.740080+00:00
38,158,Casadei,6,MID,44,0,0,0.0,0.0,0.0,0,1,0,0,0,2026-08-18T09:52:37.444481+00:00,2026-08-18T09:52:49.740080+00:00
38,159,Chalobah,6,DEF,44,0.9112,1.8534,0.22,0.1404,0.2158,0.0048,1,0,0,0,2026-08-18T09:52:37.444481+00:00,2026-08-18T09:52:49.740080+00:00
38,161,Chukwuemeka,6,MID,47,0,0,0.0,0.0,0.0,0,1,0,0,0,2026-08-18T09:52:37.444481+00:00,2026-08-18T09:52:49.740080+00:00
38,162,Colwill,6,DEF,44,0.7252,1.5544,0.22,0.1404,0.2158,0.002,1,15,90,1,2026-08-18T09:52:37.444481+00:00,2026-08-18T09:52:49.740080+00:00
38,163,Cucurella,6,DEF,54,3.0056,2.6731,0.9,0.018,0.8384,0.0228,1,8,90,1,2026-08-18T09:52:37.444481+00:00,2026-08-18T09:52:49.740080+00:00
38,164,D.D.Fofana,6,FWD,54,0,0,0.0,0.0,0.0,0,1,0,0,0,2026-08-18T09:52:37.444481+00:00,2026-08-18T09:52:49.740080+00:00
38,165,Deivid,6,FWD,49,0,0,0.0,0.0,0.0,0,1,0,0,0,2026-08-18T09:52:37.444481+00:00,2026-08-18T09:52:49.740080+00:00
38,166,Dewsbury-Hall,6,MID,55,1.338,1.5804,0.45,0.154,0.4308,0.0016,1,1,4,0,2026-08-18T09:52:37.444481+00:00,2026-08-18T09:52:49.740080+00:00
38,168,Enzo,6,MID,47,3.3904,2.5698,0.9,0.018,0.8384,0.0272,1,3,90,1,2026-08-18T09:52:37.444481+00:00,2026-08-18T09:52:49.740080+00:00
38,169,Gallagher,6,MID,59,0,0,0.0,0.0,0.0,0,1,0,0,0,2026-08-18T09:52:37.444481+00:00,2026-08-18T09:52:49.740080+00:00
38,170,Gilchrist,6,DEF,40,0,0,0.0,0.0,0.0,0,1,0,0,0,2026-08-18T09:52:37.444481+00:00,2026-08-18T09:52:49.740080+00:00
38,171,Gusto,6,DEF,49,2.184,2.5243,0.68,0.0576,0.637,0.016,1,1,12,0,2026-08-18T09:52:37.444481+00:00,2026-08-18T09:52:49.740080+00:00
38,172,James,6,DEF,48,1.686,2.1705,0.48,0.1144,0.4556,0.0064,1,6,90,1,2026-08-18T09:52:37.444481+00:00,2026-08-18T09:52:49.740080+00:00
38,173,Kellyman,6,MID,43,0,0,0.0,0.0,0.0,0,1,0,0,0,2026-08-18T09:52:37.444481+00:00,2026-08-18T09:52:49.740080+00:00
38,174,Lavia,6,MID,45,1.07,1.2381,0.48,0.1144,0.4556,0.0,1,1,28,0,2026-08-18T09:52:37.444481+00:00,2026-08-18T09:52:49.740080+00:00
38,175,Lukaku,6,FWD,63,0,0,0.0,0.0,0.0,0,1,0,0,0,2026-08-18T09:52:37.444481+00:00,2026-08-18T09:52:49.740080+00:00
38,176,M.Sarr,6,DEF,45,0,0,0.0,0.0,0.0,0,1,0,0,0,2026-08-18T09:52:37.444481+00:00,2026-08-18T09:52:49.740080+00:00
38,177,Madueke,6,MID,60,3.9832,3.4399,0.82,0.0324,0.7652,0.0652,1,3,85,1,2026-08-18T09:52:37.444481+00:00,2026-08-18T09:52:49.740080+00:00
38,178,Marc Guiu,6,FWD,47,0.5992,1.0189,0.18,0.1804,0.1818,0.0,1,0,0,0,2026-08-18T09:52:37.444481+00:00,2026-08-18T09:52:49.740080+00:00
38,179,Mudryk,6,MID,61,0,0,0.0,0.0,0.0,0,1,0,0,0,2026-08-18T09:52:37.444481+00:00,2026-08-18T09:52:49.740080+00:00
38,180,N.Jackson,6,FWD,77,0,0,0.0,0.0,0.0,0,1,0,0,0,2026-08-18T09:52:37.444481+00:00,2026-08-18T09:52:49.740080+00:00
38,181,Nkunku,6,MID,57,2.1928,2.8241,0.48,0.1456,0.458,0.0264,1,0,0,0,2026-08-18T09:52:37.444481+00:00,2026-08-18T09:52:49.740080+00:00
38,182,Palmer,6,MID,105,5.2312,3.8127,0.9,0.018,0.8384,0.1296,1,3,90,1,2026-08-18T09:52:37.444481+00:00,2026-08-18T09:52:49.740080+00:00
38,183,Petrović,6,GKP,44,0,0,0.0,0.0,0.0,0,1,0,0,0,2026-08-18T09:52:37.444481+00:00,2026-08-18T09:52:49.740080+00:00
38,184,Renato Veiga,6,MID,44,0,0,0.0,0.0,0.0,0,1,0,0,0,2026-08-18T09:52:37.444481+00:00,2026-08-18T09:52:49.740080+00:00
38,185,Sánchez,6,GKP,45,2.942,2.1252,0.9,0.004,0.8373,0.0008,1,6,90,1,2026-08-18T09:52:37.444481+00:00,2026-08-18T09:52:49.740080+00:00
38,187,Tosin,6,DEF,42,0.75,1.5442,0.22,0.1716,0.2183,0.0012,1,6,90,1,2026-08-18T09:52:37.444481+00:00,2026-08-18T09:52:49.740080+00:00
38,189,W.Fofana,6,DEF,43,0,0,0.0,0.0,0.0,0,1,0,0,0,2026-08-18T09:52:37.444481+00:00,2026-08-18T09:52:49.740080+00:00
38,386,Sancho,6,MID,62,2.264,2.2589,0.68,0.0576,0.637,0.0108,1,3,61,1,2026-08-18T09:52:37.444481+00:00,2026-08-18T09:52:49.740080+00:00
38,560,Neto,6,MID,61,2.9248,2.48,0.82,0.0324,0.7652,0.0216,1,6,77,1,2026-08-18T09:52:37.444481+00:00,2026-08-18T09:52:49.740080+00:00
38,575,Wiley,6,DEF,40,0,0,0.0,0.0,0.0,0,1,0,0,0,2026-08-18T09:52:37.444481+00:00,2026-08-18T09:52:49.740080+00:00
38,581,Jørgensen,6,GKP,42,0.1792,0.7767,0.04,0.0384,0.0403,0.0,1,0,0,0,2026-08-18T09:52:37.444481+00:00,2026-08-18T09:52:49.740080+00:00
38,621,João Félix,6,MID,59,0,0,0.0,0.0,0.0,0,1,0,0,0,2026-08-18T09:52:37.444481+00:00,2026-08-18T09:52:49.740080+00:00
38,695,Rak-Sakyi,6,MID,45,0.454,0.9509,0.1,0.198,0.1088,0.0,1,0,0,0,2026-08-18T09:52:37.444481+00:00,2026-08-18T09:52:49.740080+00:00
38,696,George,6,MID,45,0.4576,0.9615,0.1,0.198,0.1088,0.0008,1,0,0,0,2026-08-18T09:52:37.444481+00:00,2026-08-18T09:52:49.740080+00:00
38,697,Acheampong,6,DEF,40,0.482,1.146,0.1,0.198,0.1088,0.0004,1,0,0,0,2026-08-18T09:52:37.444481+00:00,2026-08-18T09:52:49.740080+00:00
38,740,Maresca,6,MID,15,0.4736,0.9007,0.1,0.198,0.1088,0.0,1,9,0,0,2026-08-18T09:52:37.444481+00:00,2026-08-18T09:52:49.740080+00:00
38,771,Amougou,6,MID,45,0.4668,0.969,0.1,0.198,0.1088,0.0004,1,0,0,0,2026-08-18T09:52:37.444481+00:00,2026-08-18T09:52:49.740080+00:00
38,774,Anselmino,6,DEF,40,0.4688,1.103,0.1,0.198,0.1088,0.0004,1,0,0,0,2026-08-18T09:52:37.444481+00:00,2026-08-18T09:52:49.740080+00:00
38,781,Mheuka,6,FWD,45,0.4456,0.8851,0.1,0.198,0.1088,0.0004,1,0,0,0,2026-08-18T09:52:37.444481+00:00,2026-08-18T09:52:49.740080+00:00
38,782,Samuels-Smith,6,DEF,40,0.468,1.1128,0.1,0.198,0.1088,0.0004,1,0,0,0,2026-08-18T09:52:37.444481+00:00,2026-08-18T09:52:49.740080+00:00
38,787,Genesis Antwi,6,DEF,40,0.5392,1.2388,0.1,0.198,0.1088,0.0004,1,0,0,0,2026-08-18T09:52:37.444481+00:00,2026-08-18T09:52:49.740080+00:00
38,11,Nketiah,7,FWD,59,1.8188,2.356,0.48,0.1456,0.458,0.0164,1,1,28,0,2026-08-18T09:52:37.444481+00:00,2026-08-18T09:52:49.740080+00:00
38,160,Chilwell,7,DEF,46,0.452,1.105,0.09,0.2002,0.0997,0.0008,1,0,0,0,2026-08-18T09:52:37.444481+00:00,2026-08-18T09:52:49.740080+00:00
38,190,Ahamada,7,MID,45,0,0,0.0,0.0,0.0,0,1,0,0,0,2026-08-18T09:52:37.444481+00:00,2026-08-18T09:52:49.740080+00:00
38,193,C.Doucouré,7,MID,48,0,0,0.0,0.0,0.0,0,1,0,0,0,2026-08-18T09:52:37.444481+00:00,2026-08-18T09:52:49.740080+00:00
38,194,C.Richards,7,DEF,44,0.8212,1.7291,0.22,0.1404,0.2158,0.0028,1,2,90,1,2026-08-18T09:52:37.444481+00:00,2026-08-18T09:52:49.740080+00:00
38,195,Chadi Riad,7,DEF,43,0,0,0.0,0.0,0.0,0,1,0,0,0,2026-08-18T09:52:37.444481+00:00,2026-08-18T09:52:49.740080+00:00
38,196,Clyne,7,DEF,43,0.4608,1.0633,0.11,0.1958,0.118,0.0,1,0,0,0,2026-08-18T09:52:37.444481+00:00,2026-08-18T09:52:49.740080+00:00
38,197,Ebiowei,7,MID,45,0,0,0.0,0.0,0.0,0,1,0,0,0,2026-08-18T09:52:37.444481+00:00,2026-08-18T09:52:49.740080+00:00
38,199,Eze,7,MID,70,3.9456,3.3029,0.82,0.0324,0.7652,0.0632,1,3,61,1,2026-08-18T09:52:37.444481+00:00,2026-08-18T09:52:49.740080+00:00
38,200,Guéhi,7,DEF,47,0,0,0.0,0.0,0.0,0,1,0,0,0,2026-08-18T09:52:37.444481+00:00,2026-08-18T09:52:49.740080+00:00
38,201,Henderson,7,GKP,46,2.8244,2.0848,0.9,0.008,0.8376,0.0,1,2,90,1,2026-08-18T09:52:37.444481+00:00,2026-08-18T09:52:49.740080+00:00
38,202,Holding,7,DEF,42,0,0,0.0,0.0,0.0,0,1,0,0,0,2026-08-18T09:52:37.444481+00:00,2026-08-18T09:52:49.740080+00:00
38,203,Hughes,7,MID,49,2.042,1.6372,0.82,0.0324,0.7652,0.0012,1,3,78,1,2026-08-18T09:52:37.444481+00:00,2026-08-18T09:52:49.740080+00:00
38,205,Kamada,7,MID,51,1.8212,1.7763,0.68,0.0704,0.638,0.0056,1,2,90,1,2026-08-18T09:52:37.444481+00:00,2026-08-18T09:52:49.740080+00:00
38,206,Lerma,7,MID,48,1.9972,1.6243,0.82,0.0324,0.7652,0.0024,1,2,90,1,2026-08-18T09:52:37.444481+00:00,2026-08-18T09:52:49.740080+00:00
38,207,Mateta,7,FWD,75,4.2252,2.8904,0.9,0.018,0.8384,0.0552,1,2,61,1,2026-08-18T09:52:37.444481+00:00,2026-08-18T09:52:49.740080+00:00
38,208,M.França,7,MID,44,0.4744,0.9725,0.1,0.198,0.1088,0.0004,1,1,1,0,2026-08-18T09:52:37.444481+00:00,2026-08-18T09:52:49.740080+00:00
38,209,Matthews,7,GKP,39,0.182,0.7917,0.04,0.0384,0.0403,0.0,1,0,0,0,2026-08-18T09:52:37.444481+00:00,2026-08-18T09:52:49.740080+00:00
38,210,Mitchell,7,DEF,48,2.8292,2.3649,0.9,0.018,0.8384,0.0104,1,5,90,1,2026-08-18T09:52:37.444481+00:00,2026-08-18T09:52:49.740080+00:00
38,211,Muñoz,7,DEF,52,3.1492,2.9731,0.9,0.018,0.8384,0.038,1,2,90,1,2026-08-18T09:52:37.444481+00:00,2026-08-18T09:52:49.740080+00:00
38,212,Ozoh,7,MID,45,0,0,0.0,0.0,0.0,0,1,0,0,0,2026-08-18T09:52:37.444481+00:00,2026-08-18T09:52:49.740080+00:00
38,213,Rak-Sakyi,7,MID,45,0,0,0.0,0.0,0.0,0,1,0,0,0,2026-08-18T09:52:37.444481+00:00,2026-08-18T09:52:49.740080+00:00
38,214,Schlupp,7,MID,46,0,0,0.0,0.0,0.0,0,1,0,0,0,2026-08-18T09:52:37.444481+00:00,2026-08-18T09:52:49.740080+00:00
38,215,Ward,7,DEF,43,0.4372,1.0511,0.1,0.198,0.1088,0.0004,1,0,0,0,2026-08-18T09:52:37.444481+00:00,2026-08-18T09:52:49.740080+00:00
38,216,Wharton,7,MID,47,0,0,0.0,0.0,0.0,0,1,0,0,0,2026-08-18T09:52:37.444481+00:00,2026-08-18T09:52:49.740080+00:00
38,445,Turner,7,GKP,39,0.1724,0.7577,0.04,0.0384,0.0403,0.0,1,0,0,0,2026-08-18T09:52:37.444481+00:00,2026-08-18T09:52:49.740080+00:00
38,585,I.Sarr,7,MID,55,3.874,3.2929,0.82,0.0324,0.7652,0.064,1,9,90,1,2026-08-18T09:52:37.444481+00:00,2026-08-18T09:52:49.740080+00:00
38,644,Umeh-Chibueze,7,MID,44,0.4712,0.9465,0.1,0.198,0.1088,0.0008,1,0,0,0,2026-08-18T09:52:37.444481+00:00,2026-08-18T09:52:49.740080+00:00
38,645,Devenny,7,MID,45,0.904,1.4129,0.28,0.1584,0.2731,0.002,1,1,28,0,2026-08-18T09:52:37.444481+00:00,2026-08-18T09:52:49.740080+00:00
38,646,Agbinone,7,MID,45,0,0,0.0,0.0,0.0,0,1,0,0,0,2026-08-18T09:52:37.444481+00:00,2026-08-18T09:52:49.740080+00:00
38,647,Rodney,7,MID,45,0.4652,0.9132,0.1,0.198,0.1088,0.0,1,0,0,0,2026-08-18T09:52:37.444481+00:00,2026-08-18T09:52:49.740080+00:00
38,650,Lacroix,7,DEF,45,0.8664,1.8401,0.22,0.1404,0.2158,0.0052,1,2,90,1,2026-08-18T09:52:37.444481+00:00,2026-08-18T09:52:49.740080+00:00
38,666,Kporha,7,DEF,40,0.522,1.235,0.1,0.198,0.1088,0.0008,1,0,0,0,2026-08-18T09:52:37.444481+00:00,2026-08-18T09:52:49.740080+00:00
38,676,Marsh,7,FWD,45,0.442,0.8912,0.1,0.198,0.1088,0.0004,1,0,0,0,2026-08-18T09:52:37.444481+00:00,2026-08-18T09:52:49.740080+00:00
38,730,Esse,7,MID,47,0.6696,1.2014,0.18,0.1804,0.1818,0.0012,1,1,14,0,2026-08-18T09:52:37.444481+00:00,2026-08-18T09:52:49.740080+00:00
38,741,Glasner,7,MID,8,0.4136,0.9176,0.1,0.198,0.1088,0.0004,1,9,0,0,2026-08-18T09:52:37.444481+00:00,2026-08-18T09:52:49.740080+00:00
38,156,Broja,8,FWD,53,0.8356,1.3043,0.28,0.1584,0.2731,0.0012,1,0,0,0,2026-08-18T09:52:37.444481+00:00,2026-08-18T09:52:49.740080+00:00
38,217,A.Doucoure,8,MID,51,2.6008,2.1504,0.82,0.0324,0.7652,0.0092,1,1,14,0,2026-08-18T09:52:37.444481+00:00,2026-08-18T09:52:49.740080+00:00
38,218,Beto,8,FWD,48,2.8492,2.744,0.68,0.0704,0.638,0.0284,1,2,87,1,2026-08-18T09:52:37.444481+00:00,2026-08-18T09:52:49.740080+00:00
38,219,Branthwaite,8,DEF,49,0,0,0.0,0.0,0.0,0,1,0,0,0,2026-08-18T09:52:37.444481+00:00,2026-08-18T09:52:49.740080+00:00
38,220,Calvert-Lewin,8,FWD,54,2.3316,2.3908,0.68,0.0576,0.637,0.0188,1,1,2,0,2026-08-18T09:52:37.444481+00:00,2026-08-18T09:52:49.740080+00:00
38,221,Coleman,8,DEF,43,0,0,0.0,0.0,0.0,0,1,0,0,0,2026-08-18T09:52:37.444481+00:00,2026-08-18T09:52:49.740080+00:00
38,222,Gana,8,MID,48,2.2964,1.4535,0.9,0.018,0.8384,0.002,1,2,90,1,2026-08-18T09:52:37.444481+00:00,2026-08-18T09:52:49.740080+00:00
38,223,Garner,8,MID,49,1.6668,1.4715,0.68,0.0576,0.637,0.0004,1,2,90,1,2026-08-18T09:52:37.444481+00:00,2026-08-18T09:52:49.740080+00:00
38,224,Harrison,8,MID,52,2.4536,2.4465,0.68,0.0576,0.637,0.0164,1,3,90,1,2026-08-18T09:52:37.444481+00:00,2026-08-18T09:52:49.740080+00:00
38,225,Holgate,8,DEF,40,0,0,0.0,0.0,0.0,0,1,0,0,0,2026-08-18T09:52:37.444481+00:00,2026-08-18T09:52:49.740080+00:00
38,226,Iroegbunam,8,MID,43,0,0,0.0,0.0,0.0,0,1,0,0,0,2026-08-18T09:52:37.444481+00:00,2026-08-18T09:52:49.740080+00:00
38,227,J.Virginia,8,GKP,38,0.144,0.6635,0.04,0.0384,0.0403,0.0,1,0,0,0,2026-08-18T09:52:37.444481+00:00,2026-08-18T09:52:49.740080+00:00
38,228,Keane,8,DEF,38,0.75,1.5167,0.22,0.1716,0.2183,0.0016,1,6,90,1,2026-08-18T09:52:37.444481+00:00,2026-08-18T09:52:49.740080+00:00
38,229,Maupay,8,FWD,49,0,0,0.0,0.0,0.0,0,1,0,0,0,2026-08-18T09:52:37.444481+00:00,2026-08-18T09:52:49.740080+00:00
38,230,McNeil,8,MID,51,1.9288,2.2368,0.48,0.1144,0.4556,0.0072,1,1,14,0,2026-08-18T09:52:37.444481+00:00,2026-08-18T09:52:49.740080+00:00
38,231,Mykolenko,8,DEF,44,0.782,1.5552,0.22,0.1404,0.2158,0.002,1,9,90,1,2026-08-18T09:52:37.444481+00:00,2026-08-18T09:52:49.740080+00:00
38,232,Ndiaye,8,FWD,52,3.0932,2.3304,0.82,0.0324,0.7652,0.0204,1,2,75,1,2026-08-18T09:52:37.444481+00:00,2026-08-18T09:52:49.740080+00:00
38,234,Patterson,8,DEF,44,0.7616,1.4686,0.22,0.1716,0.2183,0.0008,1,0,0,0,2026-08-18T09:52:37.444481+00:00,2026-08-18T09:52:49.740080+00:00
38,235,Pickford,8,GKP,52,3.0196,2.173,0.9,0.008,0.8376,0.002,1,11,90,1,2026-08-18T09:52:37.444481+00:00,2026-08-18T09:52:49.740080+00:00
38,236,Tarkowski,8,DEF,47,0,0,0.0,0.0,0.0,0,1,0,0,0,2026-08-18T09:52:37.444481+00:00,2026-08-18T09:52:49.740080+00:00
38,237,Y. Chermiti,8,FWD,49,0.5768,1.0555,0.18,0.1804,0.1818,0.0004,1,0,0,0,2026-08-18T09:52:37.444481+00:00,2026-08-18T09:52:49.740080+00:00
38,238,Young,8,DEF,42,0.84,1.7261,0.22,0.1404,0.2158,0.0024,1,5,90,1,2026-08-18T09:52:37.444481+00:00,2026-08-18T09:52:49.740080+00:00
38,450,Alcaraz,8,MID,47,0.9884,1.6326,0.28,0.1584,0.2731,0.0016,1,10,75,1,2026-08-18T09:52:37.444481+00:00,2026-08-18T09:52:49.740080+00:00
38,577,Lindstrøm,8,MID,50,0,0,0.0,0.0,0.0,0,1,0,0,0,2026-08-18T09:52:37.444481+00:00,2026-08-18T09:52:49.740080+00:00
38,582,O'Brien,8,DEF,45,0.7824,1.5892,0.22,0.1716,0.2183,0.002,1,6,90,1,2026-08-18T09:52:37.444481+00:00,2026-08-18T09:52:49.740080+00:00
38,603,Armstrong,8,MID,44,0,0,0.0,0.0,0.0,0,1,0,0,0,2026-08-18T09:52:37.444481+00:00,2026-08-18T09:52:49.740080+00:00
38,614,Metcalfe,8,MID,45,0,0,0.0,0.0,0.0,0,1,0,0,0,2026-08-18T09:52:37.444481+00:00,2026-08-18T09:52:49.740080+00:00
38,624,Begovic,8,GKP,40,0.1644,0.725,0.04,0.0384,0.0403,0.0,1,0,0,0,2026-08-18T09:52:37.444481+00:00,2026-08-18T09:52:49.740080+00:00
38,627,Dixon,8,DEF,39,0.4604,1.0915,0.1,0.198,0.1088,0.0004,1,0,0,0,2026-08-18T09:52:37.444481+00:00,2026-08-18T09:52:49.740080+00:00
38,651,Mangala,8,MID,50,0,0,0.0,0.0,0.0,0,1,0,0,0,2026-08-18T09:52:37.444481+00:00,2026-08-18T09:52:49.740080+00:00
38,678,Bates,8,MID,45,0.4564,0.9349,0.1,0.198,0.1088,0.0,1,0,0,0,2026-08-18T09:52:37.444481+00:00,2026-08-18T09:52:49.740080+00:00
38,724,Sherif,8,FWD,45,0.4804,0.9271,0.1,0.198,0.1088,0.0004,1,0,0,0,2026-08-18T09:52:37.444481+00:00,2026-08-18T09:52:49.740080+00:00
38,742,Moyes,8,MID,5,0.4476,0.9206,0.1,0.198,0.1088,0.0,1,19,0,0,2026-08-18T09:52:37.444481+00:00,2026-08-18T09:52:49.740080+00:00
38,773,Heath,8,MID,45,0.4436,0.8957,0.1,0.198,0.1088,0.0,1,0,0,0,2026-08-18T09:52:37.444481+00:00,2026-08-18T09:52:49.740080+00:00
38,775,Coby Ebere,8,MID,45,0.4696,1.0059,0.1,0.198,0.1088,0.0012,1,0,0,0,2026-08-18T09:52:37.444481+00:00,2026-08-18T09:52:49.740080+00:00
38,803,Welch,8,DEF,40,0.4612,1.0827,0.1,0.198,0.1088,0.0,1,0,0,0,2026-08-18T09:52:37.444481+00:00,2026-08-18T09:52:49.740080+00:00
38,10,Nelson,9,MID,50,0,0,0.0,0.0,0.0,0,1,0,0,0,2026-08-18T09:52:37.444481+00:00,2026-08-18T09:52:49.740080+00:00
38,19,Smith Rowe,9,MID,50,3.5188,2.8831,0.82,0.0324,0.7652,0.04,1,1,29,0,2026-08-18T09:52:37.444481+00:00,2026-08-18T09:52:49.740080+00:00
38,191,Andersen,9,DEF,42,0.8148,1.7293,0.22,0.1404,0.2158,0.0044,1,1,90,1,2026-08-18T09:52:37.444481+00:00,2026-08-18T09:52:49.740080+00:00
38,239,Adama,9,MID,45,3.0252,2.9825,0.68,0.0576,0.637,0.0352,1,2,73,1,2026-08-18T09:52:37.444481+00:00,2026-08-18T09:52:49.740080+00:00
38,240,Andreas,9,MID,49,3.0264,2.6386,0.82,0.0324,0.7652,0.028,1,2,60,1,2026-08-18T09:52:37.444481+00:00,2026-08-18T09:52:49.740080+00:00
38,241,Bassey,9,DEF,45,0.7772,1.6119,0.22,0.1404,0.2158,0.0032,1,0,0,0,2026-08-18T09:52:37.444481+00:00,2026-08-18T09:52:49.740080+00:00
38,242,Benda,9,GKP,39,0.148,0.6962,0.04,0.0384,0.0403,0.0,1,0,0,0,2026-08-18T09:52:37.444481+00:00,2026-08-18T09:52:49.740080+00:00
38,243,Cairney,9,MID,48,0.9372,1.5727,0.28,0.1584,0.2731,0.002,1,2,72,1,2026-08-18T09:52:37.444481+00:00,2026-08-18T09:52:49.740080+00:00
38,244,Castagne,9,DEF,42,0,0,0.0,0.0,0.0,0,1,0,0,0,2026-08-18T09:52:37.444481+00:00,2026-08-18T09:52:49.740080+00:00
38,245,Diop,9,DEF,43,0.8796,1.6654,0.22,0.1716,0.2183,0.0012,1,0,0,0,2026-08-18T09:52:37.444481+00:00,2026-08-18T09:52:49.740080+00:00
38,246,Harris,9,MID,45,0,0,0.0,0.0,0.0,0,1,0,0,0,2026-08-18T09:52:37.444481+00:00,2026-08-18T09:52:49.740080+00:00
38,247,Iwobi,9,MID,54,3.7944,2.6197,0.9,0.018,0.8384,0.0336,1,1,29,0,2026-08-18T09:52:37.444481+00:00,2026-08-18T09:52:49.740080+00:00
38,248,Leno,9,GKP,50,3.178,2.1851,0.9,0.008,0.8376,0.0012,1,2,90,1,2026-08-18T09:52:37.444481+00:00,2026-08-18T09:52:49.740080+00:00
38,249,Lukić,9,MID,48,1.9336,1.5783,0.82,0.0324,0.7652,0.0016,1,2,85,1,2026-08-18T09:52:37.444481+00:00,2026-08-18T09:52:49.740080+00:00
38,250,Mbabu,9,DEF,40,0,0,0.0,0.0,0.0,0,1,0,0,0,2026-08-18T09:52:37.444481+00:00,2026-08-18T09:52:49.740080+00:00
38,251,Muniz,9,FWD,55,0,0,0.0,0.0,0.0,0,1,0,0,0,2026-08-18T09:52:37.444481+00:00,2026-08-18T09:52:49.740080+00:00
38,252,Raúl,9,FWD,53,4.1432,3.2758,0.82,0.0324,0.7652,0.0684,1,2,90,1,2026-08-18T09:52:37.444481+00:00,2026-08-18T09:52:49.740080+00:00
38,253,Ream,9,DEF,45,0,0,0.0,0.0,0.0,0,1,0,0,0,2026-08-18T09:52:37.444481+00:00,2026-08-18T09:52:49.740080+00:00
38,254,Reed,9,MID,47,0,0,0.0,0.0,0.0,0,1,0,0,0,2026-08-18T09:52:37.444481+00:00,2026-08-18T09:52:49.740080+00:00
38,255,Robinson,9,DEF,47,3.1856,2.5883,0.9,0.018,0.8384,0.0168,1,1,90,1,2026-08-18T09:52:37.444481+00:00,2026-08-18T09:52:49.740080+00:00
38,256,Stansfield,9,FWD,50,0,0,0.0,0.0,0.0,0,1,0,0,0,2026-08-18T09:52:37.444481+00:00,2026-08-18T09:52:49.740080+00:00
38,257,Tete,9,DEF,44,0.8652,1.8233,0.22,0.1404,0.2158,0.006,1,1,90,1,2026-08-18T09:52:37.444481+00:00,2026-08-18T09:52:49.740080+00:00
38,258,Vinicius,9,FWD,50,0.6504,1.2267,0.18,0.1804,0.1818,0.0016,1,0,0,0,2026-08-18T09:52:37.444481+00:00,2026-08-18T09:52:49.740080+00:00
38,259,Wilson,9,MID,52,2.1796,2.7574,0.48,0.1144,0.4556,0.0176,1,2,60,1,2026-08-18T09:52:37.444481+00:00,2026-08-18T09:52:49.740080+00:00
38,579,Sessegnon,9,DEF,42,1.1928,2.2923,0.22,0.1716,0.2183,0.012,1,1,16,0,2026-08-18T09:52:37.444481+00:00,2026-08-18T09:52:49.740080+00:00
38,586,J.Cuenca,9,DEF,44,0.822,1.606,0.22,0.1716,0.2183,0.0012,1,1,90,1,2026-08-18T09:52:37.444481+00:00,2026-08-18T09:52:49.740080+00:00
38,604,King,9,MID,44,0.4856,1.0162,0.1,0.198,0.1088,0.0008,1,1,17,0,2026-08-18T09:52:37.444481+00:00,2026-08-18T09:52:49.740080+00:00
38,605,Godo,9,MID,44,0.4752,0.9941,0.1,0.198,0.1088,0.0004,1,0,0,0,2026-08-18T09:52:37.444481+00:00,2026-08-18T09:52:49.740080+00:00
38,622,Berge,9,MID,50,1.9344,1.2366,0.82,0.0324,0.7652,0.0,1,1,4,0,2026-08-18T09:52:37.444481+00:00,2026-08-18T09:52:49.740080+00:00
38,690,Amissah,9,DEF,40,0.5052,1.2064,0.1,0.198,0.1088,0.0004,1,0,0,0,2026-08-18T09:52:37.444481+00:00,2026-08-18T09:52:49.740080+00:00
38,753,Silva,9,MID,11,0.464,1.0022,0.1,0.198,0.1088,0.0,1,0,0,0,2026-08-18T09:52:37.444481+00:00,2026-08-18T09:52:49.740080+00:00
38,772,Willian,9,MID,50,0.6984,1.2937,0.18,0.1804,0.1818,0.0008,1,0,0,0,2026-08-18T09:52:37.444481+00:00,2026-08-18T09:52:49.740080+00:00
38,121,Enciso,10,MID,54,1.9136,2.4465,0.48,0.1144,0.4556,0.014,1,0,0,0,2026-08-18T09:52:37.444481+00:00,2026-08-18T09:52:49.740080+00:00
38,260,Al-Hamadi,10,FWD,47,0,0,0.0,0.0,0.0,0,1,0,0,0,2026-08-18T09:52:37.444481+00:00,2026-08-18T09:52:49.740080+00:00
38,261,Baggott,10,DEF,40,0,0,0.0,0.0,0.0,0,1,0,0,0,2026-08-18T09:52:37.444481+00:00,2026-08-18T09:52:49.740080+00:00
38,262,Broadhead,10,MID,49,1.0712,1.818,0.28,0.1584,0.2731,0.006,1,8,77,1,2026-08-18T09:52:37.444481+00:00,2026-08-18T09:52:49.740080+00:00
38,263,Burgess,10,DEF,38,0.9404,1.9133,0.22,0.1404,0.2158,0.006,1,0,0,0,2026-08-18T09:52:37.444481+00:00,2026-08-18T09:52:49.740080+00:00
38,264,Burns,10,MID,47,0,0,0.0,0.0,0.0,0,1,0,0,0,2026-08-18T09:52:37.444481+00:00,2026-08-18T09:52:49.740080+00:00
38,265,Chaplin,10,MID,51,1.5724,1.9766,0.48,0.1144,0.4556,0.0084,1,2,69,1,2026-08-18T09:52:37.444481+00:00,2026-08-18T09:52:49.740080+00:00
38,266,H.Clarke,10,DEF,40,0,0,0.0,0.0,0.0,0,1,0,0,0,2026-08-18T09:52:37.444481+00:00,2026-08-18T09:52:49.740080+00:00
38,267,Davis,10,DEF,42,0.9756,2.0345,0.22,0.1404,0.2158,0.0084,1,1,90,1,2026-08-18T09:52:37.444481+00:00,2026-08-18T09:52:49.740080+00:00
38,268,Delap,10,FWD,56,3.5448,2.6564,0.9,0.018,0.8384,0.0348,1,0,20,0,2026-08-18T09:52:37.444481+00:00,2026-08-18T09:52:49.740080+00:00
38,269,Edmundson,10,DEF,40,0,0,0.0,0.0,0.0,0,1,0,0,0,2026-08-18T09:52:37.444481+00:00,2026-08-18T09:52:49.740080+00:00
38,270,Greaves,10,DEF,38,0.828,1.7262,0.22,0.1404,0.2158,0.0036,1,1,90,1,2026-08-18T09:52:37.444481+00:00,2026-08-18T09:52:49.740080+00:00
38,271,Harness,10,MID,49,0,0,0.0,0.0,0.0,0,1,0,0,0,2026-08-18T09:52:37.444481+00:00,2026-08-18T09:52:49.740080+00:00
38,272,Hirst,10,FWD,54,0.9752,1.6763,0.28,0.1584,0.2731,0.0016,1,2,69,1,2026-08-18T09:52:37.444481+00:00,2026-08-18T09:52:49.740080+00:00
38,273,Humphreys,10,MID,45,0,0,0.0,0.0,0.0,0,1,0,0,0,2026-08-18T09:52:37.444481+00:00,2026-08-18T09:52:49.740080+00:00
38,274,Hutchinson,10,MID,52,2.658,2.1357,0.82,0.0324,0.7652,0.0112,1,2,90,1,2026-08-18T09:52:37.444481+00:00,2026-08-18T09:52:49.740080+00:00
38,275,Johnson,10,DEF,38,0.9028,1.834,0.22,0.1716,0.2183,0.0032,1,0,0,0,2026-08-18T09:52:37.444481+00:00,2026-08-18T09:52:49.740080+00:00
38,276,Ladapo,10,FWD,45,0,0,0.0,0.0,0.0,0,1,0,0,0,2026-08-18T09:52:37.444481+00:00,2026-08-18T09:52:49.740080+00:00
38,277,Luongo,10,MID,43,0.4508,0.9138,0.1,0.198,0.1088,0.0,1,1,2,0,2026-08-18T09:52:37.444481+00:00,2026-08-18T09:52:49.740080+00:00
38,278,Morsy,10,MID,48,2.0556,1.3277,0.82,0.0324,0.7652,0.0004,1,2,87,1,2026-08-18T09:52:37.444481+00:00,2026-08-18T09:52:49.740080+00:00
38,279,Ndaba,10,DEF,40,0,0,0.0,0.0,0.0,0,1,0,0,0,2026-08-18T09:52:37.444481+00:00,2026-08-18T09:52:49.740080+00:00
38,280,Slicker,10,GKP,39,0.158,0.764,0.04,0.0384,0.0403,0.0,1,0,0,0,2026-08-18T09:52:37.444481+00:00,2026-08-18T09:52:49.740080+00:00
38,281,Taylor,10,MID,48,1.3684,1.7238,0.48,0.1144,0.4556,0.002,1,1,12,0,2026-08-18T09:52:37.444481+00:00,2026-08-18T09:52:49.740080+00:00
38,282,Tuanzebe,10,DEF,39,0.7908,1.5718,0.22,0.1404,0.2158,0.002,1,1,90,1,2026-08-18T09:52:37.444481+00:00,2026-08-18T09:52:49.740080+00:00
38,283,Walton,10,GKP,43,0.196,0.9154,0.04,0.0384,0.0403,0.0004,1,2,90,1,2026-08-18T09:52:37.444481+00:00,2026-08-18T09:52:49.740080+00:00
38,284,Woolfenden,10,DEF,39,0.8024,1.4975,0.22,0.1716,0.2183,0.0004,1,0,0,0,2026-08-18T09:52:37.444481+00:00,2026-08-18T09:52:49.740080+00:00
38,359,Phillips,10,MID,48,0,0,0.0,0.0,0.0,0,1,0,0,0,2026-08-18T09:52:37.444481+00:00,2026-08-18T09:52:49.740080+00:00
38,568,Muric,10,GKP,44,0,0,0.0,0.0,0.0,0,1,0,0,0,2026-08-18T09:52:37.444481+00:00,2026-08-18T09:52:49.740080+00:00
38,569,Jaden,10,MID,53,0,0,0.0,0.0,0.0,0,1,0,0,0,2026-08-18T09:52:37.444481+00:00,2026-08-18T09:52:49.740080+00:00
38,583,Townsend,10,DEF,39,0.5108,1.1933,0.11,0.1958,0.118,0.0008,1,0,0,0,2026-08-18T09:52:37.444481+00:00,2026-08-18T09:52:49.740080+00:00
38,611,Szmodics,10,MID,57,2.0024,2.5126,0.48,0.1456,0.458,0.0148,1,1,12,0,2026-08-18T09:52:37.444481+00:00,2026-08-18T09:52:49.740080+00:00
38,619,Cajuste,10,MID,45,2.1812,1.4734,0.82,0.0324,0.7652,0.0016,1,5,77,1,2026-08-18T09:52:37.444481+00:00,2026-08-18T09:52:49.740080+00:00
38,630,O'Shea,10,DEF,38,0.838,1.7016,0.22,0.1404,0.2158,0.0036,1,1,90,1,2026-08-18T09:52:37.444481+00:00,2026-08-18T09:52:49.740080+00:00
38,631,J.Clarke,10,MID,54,1.4956,1.8828,0.48,0.1144,0.4556,0.0048,1,1,20,0,2026-08-18T09:52:37.444481+00:00,2026-08-18T09:52:49.740080+00:00
38,632,Ogbene,10,MID,48,0,0,0.0,0.0,0.0,0,1,0,0,0,2026-08-18T09:52:37.444481+00:00,2026-08-18T09:52:49.740080+00:00
38,715,Godfrey,10,DEF,40,0.5088,1.2271,0.1,0.198,0.1088,0.0012,1,0,0,0,2026-08-18T09:52:37.444481+00:00,2026-08-18T09:52:49.740080+00:00
38,743,McKenna,10,MID,5,0.476,0.9601,0.1,0.198,0.1088,0.0004,1,1,0,0,2026-08-18T09:52:37.444481+00:00,2026-08-18T09:52:49.740080+00:00
38,764,Palmer,10,GKP,45,3.1604,2.2565,0.88,0.0048,0.8188,0.0012,1,0,0,0,2026-08-18T09:52:37.444481+00:00,2026-08-18T09:52:49.740080+00:00
38,799,Boniface,10,DEF,40,0.5244,1.2914,0.1,0.198,0.1088,0.0008,1,0,0,0,2026-08-18T09:52:37.444481+00:00,2026-08-18T09:52:49.740080+00:00
38,800,Tom Taylor,10,MID,45,0.4516,0.9542,0.1,0.198,0.1088,0.0,1,0,0,0,2026-08-18T09:52:37.444481+00:00,2026-08-18T09:52:49.740080+00:00
38,117,Buonanotte,11,MID,45,2.352,2.4318,0.68,0.0704,0.638,0.0152,1,1,18,0,2026-08-18T09:52:37.444481+00:00,2026-08-18T09:52:49.740080+00:00
38,192,J.Ayew,11,MID,51,2.1544,2.2724,0.68,0.0576,0.637,0.008,1,2,90,1,2026-08-18T09:52:37.444481+00:00,2026-08-18T09:52:49.740080+00:00
38,198,Edouard,11,FWD,51,0.6612,1.2237,0.18,0.1804,0.1818,0.0016,1,0,0,0,2026-08-18T09:52:37.444481+00:00,2026-08-18T09:52:49.740080+00:00
38,285,B.Soumaré,11,MID,44,1.702,1.1332,0.82,0.0324,0.7652,0.0,1,2,90,1,2026-08-18T09:52:37.444481+00:00,2026-08-18T09:52:49.740080+00:00
38,286,Cannon,11,FWD,45,0,0,0.0,0.0,0.0,0,1,0,0,0,2026-08-18T09:52:37.444481+00:00,2026-08-18T09:52:49.740080+00:00
38,287,Choudhury,11,MID,44,0,0,0.0,0.0,0.0,0,1,0,0,0,2026-08-18T09:52:37.444481+00:00,2026-08-18T09:52:49.740080+00:00
38,288,Coady,11,DEF,40,0.746,1.4827,0.22,0.1404,0.2158,0.0004,1,0,90,1,2026-08-18T09:52:37.444481+00:00,2026-08-18T09:52:49.740080+00:00
38,289,Daka,11,FWD,48,1.042,1.5343,0.28,0.1584,0.2731,0.0008,1,2,71,1,2026-08-18T09:52:37.444481+00:00,2026-08-18T09:52:49.740080+00:00
38,290,De Cordova-Reid,11,MID,52,0,0,0.0,0.0,0.0,0,1,0,0,0,2026-08-18T09:52:37.444481+00:00,2026-08-18T09:52:49.740080+00:00
38,291,Faes,11,DEF,38,0.6884,1.43,0.22,0.1404,0.2158,0.0008,1,1,90,1,2026-08-18T09:52:37.444481+00:00,2026-08-18T09:52:49.740080+00:00
38,292,Golding,11,MID,44,0.4848,0.9698,0.1,0.198,0.1088,0.0004,1,0,0,0,2026-08-18T09:52:37.444481+00:00,2026-08-18T09:52:49.740080+00:00
38,293,Hermansen,11,GKP,44,0,0,0.0,0.0,0.0,0,1,0,0,0,2026-08-18T09:52:37.444481+00:00,2026-08-18T09:52:49.740080+00:00
38,294,Iversen,11,GKP,39,0.174,0.7735,0.04,0.0384,0.0403,0.0,1,0,0,0,2026-08-18T09:52:37.444481+00:00,2026-08-18T09:52:49.740080+00:00
38,295,Justin,11,DEF,41,0.7496,1.5935,0.22,0.1404,0.2158,0.0024,1,1,90,1,2026-08-18T09:52:37.444481+00:00,2026-08-18T09:52:49.740080+00:00
38,296,Kristiansen,11,DEF,44,0.7032,1.435,0.22,0.1404,0.2158,0.0,1,1,88,1,2026-08-18T09:52:37.444481+00:00,2026-08-18T09:52:49.740080+00:00
38,297,Marcal,11,MID,45,0,0,0.0,0.0,0.0,0,1,0,0,0,2026-08-18T09:52:37.444481+00:00,2026-08-18T09:52:49.740080+00:00
38,298,Mavididi,11,MID,50,0,0,0.0,0.0,0.0,0,1,0,0,0,2026-08-18T09:52:37.444481+00:00,2026-08-18T09:52:49.740080+00:00
38,299,McAteer,11,MID,47,1.286,1.6136,0.48,0.1144,0.4556,0.0028,1,2,85,1,2026-08-18T09:52:37.444481+00:00,2026-08-18T09:52:49.740080+00:00
38,300,Ndidi,11,MID,49,2.0956,1.6725,0.82,0.0324,0.7652,0.0024,1,0,0,0,2026-08-18T09:52:37.444481+00:00,2026-08-18T09:52:49.740080+00:00
38,301,Okoli,11,DEF,40,0.778,1.525,0.22,0.1716,0.2183,0.0024,1,0,0,0,2026-08-18T09:52:37.444481+00:00,2026-08-18T09:52:49.740080+00:00
38,302,Ricardo,11,DEF,41,0.7112,1.3608,0.22,0.1716,0.2183,0.0004,1,0,18,0,2026-08-18T09:52:37.444481+00:00,2026-08-18T09:52:49.740080+00:00
38,303,Souttar,11,DEF,40,0,0,0.0,0.0,0.0,0,1,0,0,0,2026-08-18T09:52:37.444481+00:00,2026-08-18T09:52:49.740080+00:00
38,304,Stolarczyk,11,GKP,40,2.5552,2.0782,0.88,0.0048,0.8188,0.0,1,2,90,1,2026-08-18T09:52:37.444481+00:00,2026-08-18T09:52:49.740080+00:00
38,305,Thomas,11,DEF,39,0.75,1.42,0.22,0.1716,0.2183,0.0004,1,5,71,1,2026-08-18T09:52:37.444481+00:00,2026-08-18T09:52:49.740080+00:00
38,306,Vardy,11,FWD,54,3.4764,2.5476,0.9,0.018,0.8384,0.0364,1,0,0,0,2026-08-18T09:52:37.444481+00:00,2026-08-18T09:52:49.740080+00:00
38,307,Vestergaard,11,DEF,39,0.6452,1.2884,0.22,0.1716,0.2183,0.0008,1,0,0,0,2026-08-18T09:52:37.444481+00:00,2026-08-18T09:52:49.740080+00:00
38,308,Ward,11,GKP,39,0.1308,0.6166,0.04,0.0384,0.0403,0.0,1,0,0,0,2026-08-18T09:52:37.444481+00:00,2026-08-18T09:52:49.740080+00:00
38,309,Winks,11,MID,43,1.6696,1.4254,0.68,0.0576,0.637,0.0004,1,0,0,0,2026-08-18T09:52:37.444481+00:00,2026-08-18T09:52:49.740080+00:00
38,501,Skipp,11,MID,47,1.0888,1.2335,0.48,0.1144,0.4556,0.0,1,3,71,1,2026-08-18T09:52:37.444481+00:00,2026-08-18T09:52:49.740080+00:00
38,570,A.Fatawu,11,MID,51,0,0,0.0,0.0,0.0,0,1,0,0,0,2026-08-18T09:52:37.444481+00:00,2026-08-18T09:52:49.740080+00:00
38,606,Alves,11,MID,44,0,0,0.0,0.0,0.0,0,1,0,0,0,2026-08-18T09:52:37.444481+00:00,2026-08-18T09:52:49.740080+00:00
38,616,Nelson,11,DEF,40,0,0,0.0,0.0,0.0,0,1,0,0,0,2026-08-18T09:52:37.444481+00:00,2026-08-18T09:52:49.740080+00:00
38,635,El Khannouss,11,MID,48,2.3776,1.8312,0.82,0.0324,0.7652,0.0048,1,0,0,0,2026-08-18T09:52:37.444481+00:00,2026-08-18T09:52:49.740080+00:00
38,694,Cartwright,11,MID,45,0.4456,0.9047,0.1,0.198,0.1088,0.0,1,0,0,0,2026-08-18T09:52:37.444481+00:00,2026-08-18T09:52:49.740080+00:00
38,708,Wilson-Brown,11,DEF,40,0,0,0.0,0.0,0.0,0,1,0,0,0,2026-08-18T09:52:37.444481+00:00,2026-08-18T09:52:49.740080+00:00
38,726,Coulibaly,11,DEF,40,0.428,0.9873,0.1,0.198,0.1088,0.0004,1,0,0,0,2026-08-18T09:52:37.444481+00:00,2026-08-18T09:52:49.740080+00:00
38,754,Van Nistelrooy,11,MID,5,0.4688,0.9443,0.1,0.198,0.1088,0.0004,1,0,0,0,2026-08-18T09:52:37.444481+00:00,2026-08-18T09:52:49.740080+00:00
38,792,Monga,11,MID,45,0.452,0.9183,0.1,0.198,0.1088,0.0,1,1,18,0,2026-08-18T09:52:37.444481+00:00,2026-08-18T09:52:49.740080+00:00
38,796,Olabade Aluko,11,DEF,40,0.4648,1.1414,0.1,0.198,0.1088,0.0008,1,1,1,0,2026-08-18T09:52:37.444481+00:00,2026-08-18T09:52:49.740080+00:00
38,797,Jake Evans,11,MID,45,0.4892,0.9711,0.1,0.198,0.1088,0.0,1,1,4,0,2026-08-18T09:52:37.444481+00:00,2026-08-18T09:52:49.740080+00:00
38,802,Braybrooke,11,MID,45,0.4572,0.9263,0.1,0.198,0.1088,0.0,1,0,0,0,2026-08-18T09:52:37.444481+00:00,2026-08-18T09:52:49.740080+00:00
38,310,A.Becker,12,GKP,55,3.4276,2.3175,0.9,0.008,0.8376,0.0036,1,3,90,1,2026-08-18T09:52:37.444481+00:00,2026-08-18T09:52:49.740080+00:00
38,311,Alexander-Arnold,12,DEF,72,3.8888,3.2629,0.82,0.0324,0.7652,0.0564,1,1,45,1,2026-08-18T09:52:37.444481+00:00,2026-08-18T09:52:49.740080+00:00
38,312,Bajcetic,12,MID,45,0,0,0.0,0.0,0.0,0,1,0,0,0,2026-08-18T09:52:37.444481+00:00,2026-08-18T09:52:49.740080+00:00
38,313,Bradley,12,DEF,47,1.1288,2.0373,0.28,0.1584,0.2731,0.0064,1,1,45,1,2026-08-18T09:52:37.444481+00:00,2026-08-18T09:52:49.740080+00:00
38,315,Clark,12,MID,45,0,0,0.0,0.0,0.0,0,1,0,0,0,2026-08-18T09:52:37.444481+00:00,2026-08-18T09:52:49.740080+00:00
38,316,Darwin,12,FWD,70,2.0476,2.6541,0.48,0.1456,0.458,0.024,1,1,29,0,2026-08-18T09:52:37.444481+00:00,2026-08-18T09:52:49.740080+00:00
38,317,Diogo J.,12,MID,72,2.678,3.5435,0.48,0.1456,0.458,0.0532,1,1,28,0,2026-08-18T09:52:37.444481+00:00,2026-08-18T09:52:49.740080+00:00
38,318,Doak,12,MID,45,0,0,0.0,0.0,0.0,0,1,0,0,0,2026-08-18T09:52:37.444481+00:00,2026-08-18T09:52:49.740080+00:00
38,319,Elliott,12,MID,52,1.0736,1.808,0.28,0.1584,0.2731,0.004,1,1,5,0,2026-08-18T09:52:37.444481+00:00,2026-08-18T09:52:49.740080+00:00
38,320,Endo,12,MID,46,0.664,1.1763,0.18,0.1804,0.1818,0.0004,1,1,21,0,2026-08-18T09:52:37.444481+00:00,2026-08-18T09:52:49.740080+00:00
38,321,Gakpo,12,FWD,72,3.3908,3.3012,0.68,0.0576,0.637,0.0568,1,7,90,1,2026-08-18T09:52:37.444481+00:00,2026-08-18T09:52:49.740080+00:00
38,322,Gomez,12,DEF,47,1.06,1.8485,0.28,0.1584,0.2731,0.0024,1,0,0,0,2026-08-18T09:52:37.444481+00:00,2026-08-18T09:52:49.740080+00:00
38,323,Gravenberch,12,MID,50,0,0,0.0,0.0,0.0,0,1,-1,67,1,2026-08-18T09:52:37.444481+00:00,2026-08-18T09:52:49.740080+00:00
38,324,Jones,12,MID,53,2.7852,2.8691,0.68,0.0576,0.637,0.0248,1,2,90,1,2026-08-18T09:52:37.444481+00:00,2026-08-18T09:52:49.740080+00:00
38,325,Kelleher,12,GKP,39,0.1908,0.8567,0.04,0.0384,0.0403,0.0,1,0,0,0,2026-08-18T09:52:37.444481+00:00,2026-08-18T09:52:49.740080+00:00
38,326,Konaté,12,DEF,53,2.9228,2.6354,0.82,0.0324,0.7652,0.0172,1,2,61,1,2026-08-18T09:52:37.444481+00:00,2026-08-18T09:52:49.740080+00:00
38,327,Luis Díaz,12,MID,75,4.9624,3.9197,0.82,0.0324,0.7652,0.1168,1,2,68,1,2026-08-18T09:52:37.444481+00:00,2026-08-18T09:52:49.740080+00:00
38,328,M.Salah,12,MID,136,6.8376,4.8185,0.9,0.018,0.8384,0.2504,1,10,90,1,2026-08-18T09:52:37.444481+00:00,2026-08-18T09:52:49.740080+00:00
38,329,Mac Allister,12,MID,62,0,0,0.0,0.0,0.0,0,1,0,0,0,2026-08-18T09:52:37.444481+00:00,2026-08-18T09:52:49.740080+00:00
38,330,McConnell,12,MID,43,0.48,1.0042,0.1,0.198,0.1088,0.0,1,0,0,0,2026-08-18T09:52:37.444481+00:00,2026-08-18T09:52:49.740080+00:00
38,331,Morton,12,MID,44,0.4808,0.9615,0.1,0.198,0.1088,0.0,1,0,0,0,2026-08-18T09:52:37.444481+00:00,2026-08-18T09:52:49.740080+00:00
38,332,N.Phillips,12,DEF,40,0,0,0.0,0.0,0.0,0,1,0,0,0,2026-08-18T09:52:37.444481+00:00,2026-08-18T09:52:49.740080+00:00
38,333,Quansah,12,DEF,39,0.8476,1.6695,0.22,0.1716,0.2183,0.0028,1,0,0,0,2026-08-18T09:52:37.444481+00:00,2026-08-18T09:52:49.740080+00:00
38,334,R.Williams,12,DEF,40,0,0,0.0,0.0,0.0,0,1,0,0,0,2026-08-18T09:52:37.444481+00:00,2026-08-18T09:52:49.740080+00:00
38,335,Robertson,12,DEF,58,3.0644,2.7606,0.82,0.0324,0.7652,0.0216,1,2,84,1,2026-08-18T09:52:37.444481+00:00,2026-08-18T09:52:49.740080+00:00
38,336,Szoboszlai,12,MID,61,4.0016,3.3676,0.82,0.0324,0.7652,0.0736,1,2,60,1,2026-08-18T09:52:37.444481+00:00,2026-08-18T09:52:49.740080+00:00
38,337,Tsimikas,12,DEF,46,1.8812,2.5136,0.48,0.1144,0.4556,0.0096,1,0,0,0,2026-08-18T09:52:37.444481+00:00,2026-08-18T09:52:49.740080+00:00
38,339,Virgil,12,DEF,67,3.324,2.6595,0.9,0.018,0.8384,0.0208,1,1,90,1,2026-08-18T09:52:37.444481+00:00,2026-08-18T09:52:49.740080+00:00
38,636,Chiesa,12,MID,68,1.7524,2.2699,0.45,0.154,0.4308,0.0148,1,0,0,0,2026-08-18T09:52:37.444481+00:00,2026-08-18T09:52:49.740080+00:00
38,660,Jaros,12,GKP,40,0.2448,1.1327,0.04,0.0384,0.0403,0.0012,1,0,0,0,2026-08-18T09:52:37.444481+00:00,2026-08-18T09:52:49.740080+00:00
38,669,Davies,12,GKP,40,0.1968,0.8442,0.04,0.0384,0.0403,0.0,1,0,0,0,2026-08-18T09:52:37.444481+00:00,2026-08-18T09:52:49.740080+00:00
38,688,Nyoni,12,MID,45,0.5164,1.0502,0.1,0.198,0.1088,0.0004,1,0,0,0,2026-08-18T09:52:37.444481+00:00,2026-08-18T09:52:49.740080+00:00
38,692,Nallo,12,DEF,40,0.5084,1.2146,0.1,0.198,0.1088,0.0008,1,0,0,0,2026-08-18T09:52:37.444481+00:00,2026-08-18T09:52:49.740080+00:00
38,709,Danns,12,FWD,45,0,0,0.0,0.0,0.0,0,1,0,0,0,2026-08-18T09:52:37.444481+00:00,2026-08-18T09:52:49.740080+00:00
38,744,Slot,12,MID,15,0.4988,1.0016,0.1,0.198,0.1088,0.0,1,4,0,0,2026-08-18T09:52:37.444481+00:00,2026-08-18T09:52:49.740080+00:00
38,340,Akanji,13,DEF,53,2.0072,2.3215,0.68,0.0576,0.637,0.0092,1,6,90,1,2026-08-18T09:52:37.444481+00:00,2026-08-18T09:52:49.740080+00:00
38,341,Aké,13,DEF,53,1.4228,1.9754,0.48,0.1144,0.4556,0.004,1,0,0,0,2026-08-18T09:52:37.444481+00:00,2026-08-18T09:52:49.740080+00:00
38,342,Bernardo,13,MID,61,2.9264,2.3573,0.82,0.0324,0.7652,0.0168,1,3,90,1,2026-08-18T09:52:37.444481+00:00,2026-08-18T09:52:49.740080+00:00
38,343,Bobb,13,MID,47,0.7008,1.2276,0.18,0.1804,0.1818,0.0008,1,0,0,0,2026-08-18T09:52:37.444481+00:00,2026-08-18T09:52:49.740080+00:00
38,344,Carson,13,GKP,39,0.1532,0.723,0.04,0.0384,0.0403,0.0,1,0,0,0,2026-08-18T09:52:37.444481+00:00,2026-08-18T09:52:49.740080+00:00
38,345,De Bruyne,13,MID,95,3.5232,3.3929,0.68,0.0576,0.637,0.066,1,1,5,0,2026-08-18T09:52:37.444481+00:00,2026-08-18T09:52:49.740080+00:00
38,346,Doku,13,MID,62,2.294,2.0843,0.68,0.0896,0.6396,0.0064,1,3,73,1,2026-08-18T09:52:37.444481+00:00,2026-08-18T09:52:49.740080+00:00
38,347,Ederson M.,13,GKP,53,2.806,2.1486,0.9,0.008,0.8376,0.002,1,7,90,1,2026-08-18T09:52:37.444481+00:00,2026-08-18T09:52:49.740080+00:00
38,348,Foden,13,MID,91,3.1104,3.0711,0.68,0.0576,0.637,0.0416,1,1,8,0,2026-08-18T09:52:37.444481+00:00,2026-08-18T09:52:49.740080+00:00
38,349,Grealish,13,MID,64,1.1732,1.9122,0.28,0.2016,0.2765,0.0048,1,0,0,0,2026-08-18T09:52:37.444481+00:00,2026-08-18T09:52:49.740080+00:00
38,350,Gvardiol,13,DEF,65,3.2804,2.8658,0.9,0.018,0.8384,0.0308,1,8,90,1,2026-08-18T09:52:37.444481+00:00,2026-08-18T09:52:49.740080+00:00
38,351,Haaland,13,FWD,149,4.4544,3.5984,0.82,0.0324,0.7652,0.1004,1,6,84,1,2026-08-18T09:52:37.444481+00:00,2026-08-18T09:52:49.740080+00:00
38,352,J.Alvarez,13,FWD,70,0,0,0.0,0.0,0.0,0,1,0,0,0,2026-08-18T09:52:37.444481+00:00,2026-08-18T09:52:49.740080+00:00
38,353,João Cancelo,13,DEF,53,0,0,0.0,0.0,0.0,0,1,0,0,0,2026-08-18T09:52:37.444481+00:00,2026-08-18T09:52:49.740080+00:00
38,354,Kovačić,13,MID,54,2.7296,2.053,0.82,0.0324,0.7652,0.0052,1,0,0,0,2026-08-18T09:52:37.444481+00:00,2026-08-18T09:52:49.740080+00:00
38,355,Lewis,13,DEF,43,0.772,1.612,0.22,0.1404,0.2158,0.0032,1,0,0,0,2026-08-18T09:52:37.444481+00:00,2026-08-18T09:52:49.740080+00:00
38,356,Matheus N.,13,MID,49,2.1372,1.9671,0.68,0.0576,0.637,0.0052,1,6,90,1,2026-08-18T09:52:37.444481+00:00,2026-08-18T09:52:49.740080+00:00
38,357,McAtee,13,MID,46,1.0528,1.8051,0.28,0.1584,0.2731,0.006,1,0,0,0,2026-08-18T09:52:37.444481+00:00,2026-08-18T09:52:49.740080+00:00
38,358,Ortega Moreno,13,GKP,52,0.3644,1.1129,0.08,0.0736,0.0803,0.0,1,0,0,0,2026-08-18T09:52:37.444481+00:00,2026-08-18T09:52:49.740080+00:00
38,360,Rodrigo,13,MID,62,1.4796,1.8079,0.45,0.154,0.4308,0.0024,1,0,0,0,2026-08-18T09:52:37.444481+00:00,2026-08-18T09:52:49.740080+00:00
38,361,Rúben,13,DEF,55,2.6192,2.5619,0.82,0.0324,0.7652,0.0188,1,7,90,1,2026-08-18T09:52:37.444481+00:00,2026-08-18T09:52:49.740080+00:00
38,362,Stones,13,DEF,53,0,0,0.0,0.0,0.0,0,1,0,0,0,2026-08-18T09:52:37.444481+00:00,2026-08-18T09:52:49.740080+00:00
38,363,Walker,13,DEF,51,0,0,0.0,0.0,0.0,0,1,0,0,0,2026-08-18T09:52:37.444481+00:00,2026-08-18T09:52:49.740080+00:00
38,571,Savinho,13,MID,60,3.3336,3.2023,0.68,0.0576,0.637,0.05,1,1,16,0,2026-08-18T09:52:37.444481+00:00,2026-08-18T09:52:49.740080+00:00
38,607,O’Reilly,13,MID,49,1.1804,1.8975,0.28,0.1584,0.2731,0.004,1,0,0,0,2026-08-18T09:52:37.444481+00:00,2026-08-18T09:52:49.740080+00:00
38,625,Gündogan,13,MID,63,2.7192,2.2121,0.82,0.0324,0.7652,0.0184,1,14,84,1,2026-08-18T09:52:37.444481+00:00,2026-08-18T09:52:49.740080+00:00
38,626,Kaboré,13,DEF,45,0,0,0.0,0.0,0.0,0,1,0,0,0,2026-08-18T09:52:37.444481+00:00,2026-08-18T09:52:49.740080+00:00
38,671,Wright,13,MID,45,0,0,0.0,0.0,0.0,0,1,0,0,0,2026-08-18T09:52:37.444481+00:00,2026-08-18T09:52:49.740080+00:00
38,672,Simpson-Pusey,13,DEF,40,0.4952,1.1479,0.1,0.198,0.1088,0.0012,1,0,0,0,2026-08-18T09:52:37.444481+00:00,2026-08-18T09:52:49.740080+00:00
38,675,Wilson-Esbrand,13,DEF,40,0,0,0.0,0.0,0.0,0,1,0,0,0,2026-08-18T09:52:37.444481+00:00,2026-08-18T09:52:49.740080+00:00
38,698,Mubama,13,FWD,45,0.452,0.8962,0.1,0.198,0.1088,0.0004,1,0,0,0,2026-08-18T09:52:37.444481+00:00,2026-08-18T09:52:49.740080+00:00
38,703,Alleyne,13,DEF,40,0.4856,1.174,0.1,0.198,0.1088,0.0004,1,0,0,0,2026-08-18T09:52:37.444481+00:00,2026-08-18T09:52:49.740080+00:00
38,704,Brits,13,GKP,40,0.1448,0.698,0.04,0.0384,0.0403,0.0,1,0,0,0,2026-08-18T09:52:37.444481+00:00,2026-08-18T09:52:49.740080+00:00
38,732,Khusanov,13,DEF,50,0.8904,1.583,0.28,0.1584,0.2731,0.0004,1,0,0,0,2026-08-18T09:52:37.444481+00:00,2026-08-18T09:52:49.740080+00:00
38,733,Vitor Reis,13,DEF,45,0.4524,1.0889,0.1,0.198,0.1088,0.0012,1,0,0,0,2026-08-18T09:52:37.444481+00:00,2026-08-18T09:52:49.740080+00:00
38,736,Guardiola,13,MID,15,0.4756,0.9196,0.1,0.198,0.1088,0.0,1,10,0,0,2026-08-18T09:52:37.444481+00:00,2026-08-18T09:52:49.740080+00:00
38,755,Marmoush,13,FWD,74,2.3632,2.8189,0.48,0.1456,0.458,0.026,1,2,81,1,2026-08-18T09:52:37.444481+00:00,2026-08-18T09:52:49.740080+00:00
38,765,N.Gonzalez,13,MID,60,1.3064,1.656,0.48,0.1456,0.458,0.004,1,3,90,1,2026-08-18T09:52:37.444481+00:00,2026-08-18T09:52:49.740080+00:00
38,785,Echeverri,13,MID,58,1.444,1.7976,0.45,0.154,0.4308,0.0032,1,1,5,0,2026-08-18T09:52:37.444481+00:00,2026-08-18T09:52:49.740080+00:00
38,364,Amad,14,MID,53,3.2536,3.2189,0.68,0.0576,0.637,0.0512,1,13,90,1,2026-08-18T09:52:37.444481+00:00,2026-08-18T09:52:49.740080+00:00
38,365,Antony,14,MID,57,0,0,0.0,0.0,0.0,0,1,0,0,0,2026-08-18T09:52:37.444481+00:00,2026-08-18T09:52:49.740080+00:00
38,366,B.Fernandes,14,MID,84,4.9016,3.589,0.9,0.018,0.8384,0.1092,1,7,90,1,2026-08-18T09:52:37.444481+00:00,2026-08-18T09:52:49.740080+00:00
38,367,Bayindir,14,GKP,43,0.1508,0.7296,0.04,0.0384,0.0403,0.0,1,6,90,1,2026-08-18T09:52:37.444481+00:00,2026-08-18T09:52:49.740080+00:00
38,368,Casemiro,14,MID,46,2.1676,2.1044,0.68,0.0704,0.638,0.0088,1,2,90,1,2026-08-18T09:52:37.444481+00:00,2026-08-18T09:52:49.740080+00:00
38,369,Dalot,14,DEF,50,3.4644,2.8075,0.9,0.018,0.8384,0.0292,1,1,25,0,2026-08-18T09:52:37.444481+00:00,2026-08-18T09:52:49.740080+00:00
38,370,Eriksen,14,MID,52,1.4708,1.8293,0.48,0.1144,0.4556,0.0048,1,6,24,0,2026-08-18T09:52:37.444481+00:00,2026-08-18T09:52:49.740080+00:00
38,371,Evans,14,DEF,44,0.872,1.6272,0.22,0.1716,0.2183,0.0008,1,1,24,0,2026-08-18T09:52:37.444481+00:00,2026-08-18T09:52:49.740080+00:00
38,372,Garnacho,14,MID,59,3.764,3.2201,0.82,0.0324,0.7652,0.0528,1,0,0,0,2026-08-18T09:52:37.444481+00:00,2026-08-18T09:52:49.740080+00:00
38,373,Hannibal,14,MID,45,0,0,0.0,0.0,0.0,0,1,0,0,0,2026-08-18T09:52:37.444481+00:00,2026-08-18T09:52:49.740080+00:00
38,374,Heaton,14,GKP,39,0.17,0.7739,0.04,0.0384,0.0403,0.0,1,0,0,0,2026-08-18T09:52:37.444481+00:00,2026-08-18T09:52:49.740080+00:00
38,375,Højlund,14,FWD,69,2.3424,2.3242,0.68,0.0576,0.637,0.0176,1,2,80,1,2026-08-18T09:52:37.444481+00:00,2026-08-18T09:52:49.740080+00:00
38,376,Lindelof,14,DEF,43,0.8832,1.6283,0.22,0.1716,0.2183,0.0008,1,6,90,1,2026-08-18T09:52:37.444481+00:00,2026-08-18T09:52:49.740080+00:00
38,377,Maguire,14,DEF,49,2.344,2.7095,0.68,0.0576,0.637,0.0228,1,6,90,1,2026-08-18T09:52:37.444481+00:00,2026-08-18T09:52:49.740080+00:00
38,378,Mainoo,14,MID,52,1.856,1.7173,0.68,0.0576,0.637,0.0028,1,1,45,1,2026-08-18T09:52:37.444481+00:00,2026-08-18T09:52:49.740080+00:00
38,379,Malacia,14,DEF,44,0,0,0.0,0.0,0.0,0,1,0,0,0,2026-08-18T09:52:37.444481+00:00,2026-08-18T09:52:49.740080+00:00
38,380,Martinez,14,DEF,43,0,0,0.0,0.0,0.0,0,1,0,0,0,2026-08-18T09:52:37.444481+00:00,2026-08-18T09:52:49.740080+00:00
38,381,McTominay,14,MID,49,0,0,0.0,0.0,0.0,0,1,0,0,0,2026-08-18T09:52:37.444481+00:00,2026-08-18T09:52:49.740080+00:00
38,382,Mount,14,MID,63,1.1628,2.0069,0.28,0.2016,0.2765,0.008,1,3,65,1,2026-08-18T09:52:37.444481+00:00,2026-08-18T09:52:49.740080+00:00
38,383,Onana,14,GKP,49,3.2596,2.233,0.9,0.008,0.8376,0.0,1,0,0,0,2026-08-18T09:52:37.444481+00:00,2026-08-18T09:52:49.740080+00:00
38,384,Pellistri,14,MID,50,0,0,0.0,0.0,0.0,0,1,0,0,0,2026-08-18T09:52:37.444481+00:00,2026-08-18T09:52:49.740080+00:00
38,387,Shaw,14,DEF,49,1.0884,1.899,0.28,0.1584,0.2731,0.004,1,0,0,0,2026-08-18T09:52:37.444481+00:00,2026-08-18T09:52:49.740080+00:00
38,389,Zirkzee,14,FWD,65,1.9264,2.343,0.48,0.1456,0.458,0.0164,1,0,0,0,2026-08-18T09:52:37.444481+00:00,2026-08-18T09:52:49.740080+00:00
38,572,Yoro,14,DEF,43,0.8284,1.675,0.22,0.1716,0.2183,0.0028,1,0,0,0,2026-08-18T09:52:37.444481+00:00,2026-08-18T09:52:49.740080+00:00
38,593,De Ligt,14,DEF,48,1.5284,2.4671,0.41,0.1062,0.3898,0.0156,1,0,0,0,2026-08-18T09:52:37.444481+00:00,2026-08-18T09:52:49.740080+00:00
38,594,Mazraoui,14,DEF,42,0.882,1.7517,0.22,0.1404,0.2158,0.0024,1,1,19,0,2026-08-18T09:52:37.444481+00:00,2026-08-18T09:52:49.740080+00:00
38,613,Collyer,14,MID,45,0.4768,0.9799,0.1,0.198,0.1088,0.0004,1,0,0,0,2026-08-18T09:52:37.444481+00:00,2026-08-18T09:52:49.740080+00:00
38,648,Wheatley,14,FWD,45,0,0,0.0,0.0,0.0,0,1,0,0,0,2026-08-18T09:52:37.444481+00:00,2026-08-18T09:52:49.740080+00:00
38,652,Ugarte,14,MID,49,1.6396,1.6178,0.68,0.0576,0.637,0.0024,1,0,0,0,2026-08-18T09:52:37.444481+00:00,2026-08-18T09:52:49.740080+00:00
38,658,Heaven,14,DEF,40,0.5096,1.2404,0.1,0.198,0.1088,0.0012,1,8,65,1,2026-08-18T09:52:37.444481+00:00,2026-08-18T09:52:49.740080+00:00
38,667,Fletcher,14,MID,45,0.462,0.9326,0.1,0.198,0.1088,0.0,1,0,0,0,2026-08-18T09:52:37.444481+00:00,2026-08-18T09:52:49.740080+00:00
38,670,Amass,14,DEF,40,0.8596,1.6244,0.22,0.1716,0.2183,0.0012,1,0,0,0,2026-08-18T09:52:37.444481+00:00,2026-08-18T09:52:49.740080+00:00
38,673,Fitzgerald,14,MID,45,0.4904,1.0055,0.1,0.198,0.1088,0.0004,1,0,0,0,2026-08-18T09:52:37.444481+00:00,2026-08-18T09:52:49.740080+00:00
38,691,Kukonki,14,DEF,40,0.4984,1.184,0.1,0.198,0.1088,0.0008,1,0,0,0,2026-08-18T09:52:37.444481+00:00,2026-08-18T09:52:49.740080+00:00
38,745,Amorim,14,MID,8,0.5204,1.075,0.1,0.198,0.1088,0.0008,1,20,0,0,2026-08-18T09:52:37.444481+00:00,2026-08-18T09:52:49.740080+00:00
38,761,Harrison,14,GKP,40,0.1772,0.8073,0.04,0.0384,0.0403,0.0,1,0,0,0,2026-08-18T09:52:37.444481+00:00,2026-08-18T09:52:49.740080+00:00
38,766,Dorgu,14,DEF,45,0.8036,1.6496,0.22,0.1716,0.2183,0.0028,1,7,90,1,2026-08-18T09:52:37.444481+00:00,2026-08-18T09:52:49.740080+00:00
38,776,Obi,14,FWD,45,0.4576,0.9418,0.1,0.198,0.1088,0.0,1,1,9,0,2026-08-18T09:52:37.444481+00:00,2026-08-18T09:52:49.740080+00:00
38,777,Fredricson,14,DEF,40,0.5128,1.2516,0.1,0.198,0.1088,0.0012,1,0,0,0,2026-08-18T09:52:37.444481+00:00,2026-08-18T09:52:49.740080+00:00
38,778,Moorhouse,14,MID,45,0.4864,1.0103,0.1,0.198,0.1088,0.0004,1,0,0,0,2026-08-18T09:52:37.444481+00:00,2026-08-18T09:52:49.740080+00:00
38,779,Koné,14,MID,45,0.462,0.9449,0.1,0.198,0.1088,0.0,1,0,0,0,2026-08-18T09:52:37.444481+00:00,2026-08-18T09:52:49.740080+00:00
38,783,Graczyk,14,GKP,40,0.1844,0.8459,0.04,0.0384,0.0403,0.0,1,0,0,0,2026-08-18T09:52:37.444481+00:00,2026-08-18T09:52:49.740080+00:00
38,788,Dermot Mee,14,GKP,40,0.1756,0.8296,0.04,0.0384,0.0403,0.0004,1,0,0,0,2026-08-18T09:52:37.444481+00:00,2026-08-18T09:52:49.740080+00:00
38,390,A.Murphy,15,DEF,40,0,0,0.0,0.0,0.0,0,1,0,0,0,2026-08-18T09:52:37.444481+00:00,2026-08-18T09:52:49.740080+00:00
38,391,Almirón,15,MID,54,0,0,0.0,0.0,0.0,0,1,0,0,0,2026-08-18T09:52:37.444481+00:00,2026-08-18T09:52:49.740080+00:00
38,392,Barnes,15,MID,59,3.8708,3.7358,0.68,0.0576,0.637,0.0824,1,2,87,1,2026-08-18T09:52:37.444481+00:00,2026-08-18T09:52:49.740080+00:00
38,393,Botman,15,DEF,44,0.8408,1.6328,0.22,0.1716,0.2183,0.002,1,6,62,1,2026-08-18T09:52:37.444481+00:00,2026-08-18T09:52:49.740080+00:00
38,394,Bruno G.,15,MID,62,3.2692,2.3706,0.9,0.018,0.8384,0.02,1,2,90,1,2026-08-18T09:52:37.444481+00:00,2026-08-18T09:52:49.740080+00:00
38,395,Burn,15,DEF,46,3.1096,2.6719,0.9,0.018,0.8384,0.022,1,2,90,1,2026-08-18T09:52:37.444481+00:00,2026-08-18T09:52:49.740080+00:00
38,396,Dúbravka,15,GKP,40,0.1964,0.8507,0.04,0.0384,0.0403,0.0,1,0,0,0,2026-08-18T09:52:37.444481+00:00,2026-08-18T09:52:49.740080+00:00
38,398,Gordon,15,MID,74,3.9288,3.3686,0.82,0.0324,0.7652,0.0712,1,1,45,1,2026-08-18T09:52:37.444481+00:00,2026-08-18T09:52:49.740080+00:00
38,399,Hall,15,DEF,47,0,0,0.0,0.0,0.0,0,1,0,0,0,2026-08-18T09:52:37.444481+00:00,2026-08-18T09:52:49.740080+00:00
38,400,Hayden,15,MID,44,0,0,0.0,0.0,0.0,0,1,0,0,0,2026-08-18T09:52:37.444481+00:00,2026-08-18T09:52:49.740080+00:00
38,401,Isak,15,FWD,94,5.5428,3.8485,0.9,0.018,0.8384,0.1632,1,2,90,1,2026-08-18T09:52:37.444481+00:00,2026-08-18T09:52:49.740080+00:00
38,402,J.Murphy,15,MID,52,3.9424,3.2608,0.82,0.0324,0.7652,0.0632,1,2,69,1,2026-08-18T09:52:37.444481+00:00,2026-08-18T09:52:49.740080+00:00
38,403,Joelinton,15,MID,60,0,0,0.0,0.0,0.0,0,1,0,0,0,2026-08-18T09:52:37.444481+00:00,2026-08-18T09:52:49.740080+00:00
38,404,Kelly,15,DEF,42,0,0,0.0,0.0,0.0,0,1,0,0,0,2026-08-18T09:52:37.444481+00:00,2026-08-18T09:52:49.740080+00:00
38,405,Krafth,15,DEF,43,0.8704,1.6592,0.22,0.1716,0.2183,0.002,1,0,0,0,2026-08-18T09:52:37.444481+00:00,2026-08-18T09:52:49.740080+00:00
38,406,Kuol,15,MID,44,0.4876,0.9732,0.1,0.198,0.1088,0.0004,1,0,0,0,2026-08-18T09:52:37.444481+00:00,2026-08-18T09:52:49.740080+00:00
38,407,Lascelles,15,DEF,45,0.9156,1.9178,0.22,0.1716,0.2183,0.0052,1,0,0,0,2026-08-18T09:52:37.444481+00:00,2026-08-18T09:52:49.740080+00:00
38,408,Lewis,15,DEF,40,0,0,0.0,0.0,0.0,0,1,0,0,0,2026-08-18T09:52:37.444481+00:00,2026-08-18T09:52:49.740080+00:00
38,409,Livramento,15,DEF,46,3.1564,2.3765,0.9,0.018,0.8384,0.0068,1,2,90,1,2026-08-18T09:52:37.444481+00:00,2026-08-18T09:52:49.740080+00:00
38,410,Longstaff,15,MID,44,1.3008,1.5978,0.48,0.1144,0.4556,0.0028,1,0,0,0,2026-08-18T09:52:37.444481+00:00,2026-08-18T09:52:49.740080+00:00
38,411,Miley,15,MID,50,0.9212,1.4913,0.28,0.1584,0.2731,0.0012,1,0,0,0,2026-08-18T09:52:37.444481+00:00,2026-08-18T09:52:49.740080+00:00
38,412,Odysseas,15,GKP,42,0.198,0.8643,0.04,0.0384,0.0403,0.0,1,0,0,0,2026-08-18T09:52:37.444481+00:00,2026-08-18T09:52:49.740080+00:00
38,413,Pope,15,GKP,50,3.2308,2.2447,0.9,0.008,0.8376,0.0004,1,3,90,1,2026-08-18T09:52:37.444481+00:00,2026-08-18T09:52:49.740080+00:00
38,414,Ruddy,15,GKP,39,0.2012,0.8742,0.04,0.0384,0.0403,0.0,1,0,0,0,2026-08-18T09:52:37.444481+00:00,2026-08-18T09:52:49.740080+00:00
38,415,Schär,15,DEF,55,3.3144,2.9847,0.9,0.018,0.8384,0.0404,1,1,90,1,2026-08-18T09:52:37.444481+00:00,2026-08-18T09:52:49.740080+00:00
38,416,Targett,15,DEF,39,0.3684,0.975,0.05,0.209,0.0632,0.0008,1,0,0,0,2026-08-18T09:52:37.444481+00:00,2026-08-18T09:52:49.740080+00:00
38,417,Tonali,15,MID,55,3.1004,2.527,0.82,0.0324,0.7652,0.024,1,2,90,1,2026-08-18T09:52:37.444481+00:00,2026-08-18T09:52:49.740080+00:00
38,418,Trippier,15,DEF,56,1.9808,2.4072,0.48,0.1456,0.458,0.006,1,1,27,0,2026-08-18T09:52:37.444481+00:00,2026-08-18T09:52:49.740080+00:00
38,419,White,15,MID,45,0,0,0.0,0.0,0.0,0,1,0,0,0,2026-08-18T09:52:37.444481+00:00,2026-08-18T09:52:49.740080+00:00
38,420,Willock,15,MID,47,1.5048,1.9375,0.48,0.1144,0.4556,0.004,1,1,45,1,2026-08-18T09:52:37.444481+00:00,2026-08-18T09:52:49.740080+00:00
38,421,Wilson,15,FWD,69,1.2488,2.0991,0.28,0.2016,0.2765,0.01,1,1,20,0,2026-08-18T09:52:37.444481+00:00,2026-08-18T09:52:49.740080+00:00
38,574,Pivas,15,DEF,40,0,0,0.0,0.0,0.0,0,1,0,0,0,2026-08-18T09:52:37.444481+00:00,2026-08-18T09:52:49.740080+00:00
38,590,Osula,15,FWD,49,0.6648,1.2143,0.18,0.1804,0.1818,0.0008,1,1,2,0,2026-08-18T09:52:37.444481+00:00,2026-08-18T09:52:49.740080+00:00
38,746,Howe,15,MID,15,0.5148,1.0027,0.1,0.198,0.1088,0.0004,1,0,0,0,2026-08-18T09:52:37.444481+00:00,2026-08-18T09:52:49.740080+00:00
38,789,Neave,15,FWD,45,0.448,0.8839,0.1,0.198,0.1088,0.0008,1,0,0,0,2026-08-18T09:52:37.444481+00:00,2026-08-18T09:52:49.740080+00:00
38,26,Alex Moreno,16,DEF,42,0.9048,1.7161,0.22,0.1716,0.2183,0.0012,1,0,0,0,2026-08-18T09:52:37.444481+00:00,2026-08-18T09:52:49.740080+00:00
38,422,Aina,16,DEF,53,3.2664,2.4847,0.9,0.018,0.8384,0.0112,1,1,82,1,2026-08-18T09:52:37.444481+00:00,2026-08-18T09:52:49.740080+00:00
38,423,Anderson,16,MID,50,2.718,1.9202,0.9,0.018,0.8384,0.0076,1,1,90,1,2026-08-18T09:52:37.444481+00:00,2026-08-18T09:52:49.740080+00:00
38,424,Awoniyi,16,FWD,55,0,0,0.0,0.0,0.0,0,1,0,0,0,2026-08-18T09:52:37.444481+00:00,2026-08-18T09:52:49.740080+00:00
38,425,Boly,16,DEF,42,0.5,1.168,0.1,0.198,0.1088,0.0004,1,0,0,0,2026-08-18T09:52:37.444481+00:00,2026-08-18T09:52:49.740080+00:00
38,426,Bowler,16,MID,45,0,0,0.0,0.0,0.0,0,1,0,0,0,2026-08-18T09:52:37.444481+00:00,2026-08-18T09:52:49.740080+00:00
38,427,C.Miguel,16,GKP,41,0.1712,0.7923,0.04,0.0384,0.0403,0.0004,1,0,0,0,2026-08-18T09:52:37.444481+00:00,2026-08-18T09:52:49.740080+00:00
38,428,Da Silva Moreira,16,MID,43,0.5308,1.0811,0.1,0.198,0.1088,0.0,1,0,0,0,2026-08-18T09:52:37.444481+00:00,2026-08-18T09:52:49.740080+00:00
38,429,Danilo,16,MID,47,0.9048,1.3223,0.28,0.1584,0.2731,0.0008,1,0,0,0,2026-08-18T09:52:37.444481+00:00,2026-08-18T09:52:49.740080+00:00
38,430,Dennis,16,FWD,49,0,0,0.0,0.0,0.0,0,1,0,0,0,2026-08-18T09:52:37.444481+00:00,2026-08-18T09:52:49.740080+00:00
38,431,Dominguez,16,MID,48,1.86,1.9414,0.68,0.0576,0.637,0.0068,1,2,67,1,2026-08-18T09:52:37.444481+00:00,2026-08-18T09:52:49.740080+00:00
38,432,Elanga,16,MID,55,3.6732,2.8138,0.82,0.0324,0.7652,0.0404,1,2,90,1,2026-08-18T09:52:37.444481+00:00,2026-08-18T09:52:49.740080+00:00
38,433,Gibbs-White,16,MID,65,3.928,3.0262,0.9,0.018,0.8384,0.054,1,2,90,1,2026-08-18T09:52:37.444481+00:00,2026-08-18T09:52:49.740080+00:00
38,434,Hudson-Odoi,16,MID,51,2.8904,2.278,0.82,0.0324,0.7652,0.0128,1,1,33,0,2026-08-18T09:52:37.444481+00:00,2026-08-18T09:52:49.740080+00:00
38,435,Mighten,16,MID,45,0,0,0.0,0.0,0.0,0,1,0,0,0,2026-08-18T09:52:37.444481+00:00,2026-08-18T09:52:49.740080+00:00
38,436,Murillo,16,DEF,47,3.344,2.5979,0.9,0.018,0.8384,0.0164,1,2,90,1,2026-08-18T09:52:37.444481+00:00,2026-08-18T09:52:49.740080+00:00
38,437,N.Williams,16,DEF,45,0.9576,2.0002,0.22,0.1404,0.2158,0.0076,1,2,90,1,2026-08-18T09:52:37.444481+00:00,2026-08-18T09:52:49.740080+00:00
38,438,O.Richards,16,DEF,45,0,0,0.0,0.0,0.0,0,1,0,0,0,2026-08-18T09:52:37.444481+00:00,2026-08-18T09:52:49.740080+00:00
38,439,O'Brien,16,MID,50,0,0,0.0,0.0,0.0,0,1,0,0,0,2026-08-18T09:52:37.444481+00:00,2026-08-18T09:52:49.740080+00:00
38,440,Omobamidele,16,DEF,42,0,0,0.0,0.0,0.0,0,1,0,0,0,2026-08-18T09:52:37.444481+00:00,2026-08-18T09:52:49.740080+00:00
38,441,Panzo,16,DEF,40,0,0,0.0,0.0,0.0,0,1,0,0,0,2026-08-18T09:52:37.444481+00:00,2026-08-18T09:52:49.740080+00:00
38,442,Sangaré,16,MID,43,0.7968,1.17,0.28,0.1584,0.2731,0.0004,1,1,56,1,2026-08-18T09:52:37.444481+00:00,2026-08-18T09:52:49.740080+00:00
38,443,Sels,16,GKP,52,3.4996,2.3257,0.9,0.008,0.8376,0.0028,1,2,90,1,2026-08-18T09:52:37.444481+00:00,2026-08-18T09:52:49.740080+00:00
38,444,Toffolo,16,DEF,42,0.5156,1.2218,0.1,0.198,0.1088,0.0,1,0,0,0,2026-08-18T09:52:37.444481+00:00,2026-08-18T09:52:49.740080+00:00
38,446,Ui-jo,16,FWD,45,0,0,0.0,0.0,0.0,0,1,0,0,0,2026-08-18T09:52:37.444481+00:00,2026-08-18T09:52:49.740080+00:00
38,447,Wood,16,FWD,72,4.2772,2.9286,0.9,0.018,0.8384,0.0596,1,2,90,1,2026-08-18T09:52:37.444481+00:00,2026-08-18T09:52:49.740080+00:00
38,448,Worrall,16,DEF,45,0,0,0.0,0.0,0.0,0,1,0,0,0,2026-08-18T09:52:37.444481+00:00,2026-08-18T09:52:49.740080+00:00
38,449,Yates,16,MID,48,1.946,2.0278,0.68,0.0576,0.637,0.0044,1,1,22,0,2026-08-18T09:52:37.444481+00:00,2026-08-18T09:52:49.740080+00:00
38,573,Milenković,16,DEF,52,3.4128,2.9104,0.9,0.018,0.8384,0.0368,1,2,90,1,2026-08-18T09:52:37.444481+00:00,2026-08-18T09:52:49.740080+00:00
38,596,Jota Silva,16,MID,59,1.6992,2.2708,0.48,0.1456,0.458,0.0124,1,1,7,0,2026-08-18T09:52:37.444481+00:00,2026-08-18T09:52:49.740080+00:00
38,620,Sosa,16,MID,55,1.6156,2.0529,0.45,0.154,0.4308,0.0064,1,0,0,0,2026-08-18T09:52:37.444481+00:00,2026-08-18T09:52:49.740080+00:00
38,653,Morato,16,DEF,45,0.7596,1.5767,0.22,0.1716,0.2183,0.002,1,0,0,0,2026-08-18T09:52:37.444481+00:00,2026-08-18T09:52:49.740080+00:00
38,706,Abbott,16,DEF,40,0.502,1.2491,0.1,0.198,0.1088,0.0004,1,0,0,0,2026-08-18T09:52:37.444481+00:00,2026-08-18T09:52:49.740080+00:00
38,721,Hennessey,16,GKP,40,0.1728,0.7637,0.04,0.0384,0.0403,0.0,1,0,0,0,2026-08-18T09:52:37.444481+00:00,2026-08-18T09:52:49.740080+00:00
38,747,Nuno,16,MID,11,0.4776,1.0336,0.1,0.198,0.1088,0.0004,1,0,0,0,2026-08-18T09:52:37.444481+00:00,2026-08-18T09:52:49.740080+00:00
38,14,Ramsdale,17,GKP,44,3.7348,2.3731,0.9,0.004,0.8373,0.004,1,3,90,1,2026-08-18T09:52:37.444481+00:00,2026-08-18T09:52:49.740080+00:00
38,27,Archer,17,FWD,48,2.6068,2.6076,0.68,0.0704,0.638,0.0312,1,1,11,0,2026-08-18T09:52:37.444481+00:00,2026-08-18T09:52:49.740080+00:00
38,188,Ugochukwu,17,MID,44,1.7856,1.6719,0.68,0.0576,0.637,0.0024,1,2,85,1,2026-08-18T09:52:37.444481+00:00,2026-08-18T09:52:49.740080+00:00
38,397,Fraser,17,MID,48,0.92,1.355,0.28,0.1584,0.2731,0.0004,1,0,0,0,2026-08-18T09:52:37.444481+00:00,2026-08-18T09:52:49.740080+00:00
38,451,Amo-Ameyaw,17,MID,44,0,0,0.0,0.0,0.0,0,1,0,0,0,2026-08-18T09:52:37.444481+00:00,2026-08-18T09:52:49.740080+00:00
38,452,Aribo,17,MID,49,2.8416,2.1801,0.82,0.0324,0.7652,0.0136,1,0,0,0,2026-08-18T09:52:37.444481+00:00,2026-08-18T09:52:49.740080+00:00
38,453,Armstrong,17,FWD,51,0,0,0.0,0.0,0.0,0,1,0,0,0,2026-08-18T09:52:37.444481+00:00,2026-08-18T09:52:49.740080+00:00
38,454,Bazunu,17,GKP,43,0,0,0.0,0.0,0.0,0,1,0,0,0,2026-08-18T09:52:37.444481+00:00,2026-08-18T09:52:49.740080+00:00
38,455,Bednarek,17,DEF,40,0.4864,1.1983,0.11,0.1602,0.1151,0.0004,1,0,0,0,2026-08-18T09:52:37.444481+00:00,2026-08-18T09:52:49.740080+00:00
38,456,Bella-Kotchap,17,DEF,39,0.8972,1.6673,0.22,0.1716,0.2183,0.0012,1,0,0,0,2026-08-18T09:52:37.444481+00:00,2026-08-18T09:52:49.740080+00:00
38,457,Bree,17,DEF,39,0.856,1.6653,0.22,0.1716,0.2183,0.0012,1,0,0,0,2026-08-18T09:52:37.444481+00:00,2026-08-18T09:52:49.740080+00:00
38,458,Charles,17,MID,45,0,0,0.0,0.0,0.0,0,1,0,0,0,2026-08-18T09:52:37.444481+00:00,2026-08-18T09:52:49.740080+00:00
38,459,Edozie,17,MID,49,0,0,0.0,0.0,0.0,0,1,0,0,0,2026-08-18T09:52:37.444481+00:00,2026-08-18T09:52:49.740080+00:00
38,460,Edwards,17,DEF,39,0,0,0.0,0.0,0.0,0,1,0,0,0,2026-08-18T09:52:37.444481+00:00,2026-08-18T09:52:49.740080+00:00
38,461,Harwood-Bellis,17,DEF,39,0,0,0.0,0.0,0.0,0,1,0,0,0,2026-08-18T09:52:37.444481+00:00,2026-08-18T09:52:49.740080+00:00
38,462,Kamaldeen,17,MID,50,2.0712,1.9261,0.68,0.0704,0.638,0.0028,1,2,78,1,2026-08-18T09:52:37.444481+00:00,2026-08-18T09:52:49.740080+00:00
38,463,Lallana,17,MID,50,0.9208,1.4381,0.28,0.1584,0.2731,0.0008,1,0,0,0,2026-08-18T09:52:37.444481+00:00,2026-08-18T09:52:49.740080+00:00
38,464,Larios,17,DEF,39,0.4876,1.1747,0.1,0.198,0.1088,0.0004,1,0,0,0,2026-08-18T09:52:37.444481+00:00,2026-08-18T09:52:49.740080+00:00
38,465,Lis,17,GKP,40,0,0,0.0,0.0,0.0,0,1,0,0,0,2026-08-18T09:52:37.444481+00:00,2026-08-18T09:52:49.740080+00:00
38,466,Lumley,17,GKP,40,0.2052,0.9048,0.04,0.0384,0.0403,0.0,1,0,0,0,2026-08-18T09:52:37.444481+00:00,2026-08-18T09:52:49.740080+00:00
38,467,Manning,17,DEF,43,0.9692,1.8921,0.22,0.1716,0.2183,0.004,1,0,0,0,2026-08-18T09:52:37.444481+00:00,2026-08-18T09:52:49.740080+00:00
38,468,Mara,17,FWD,50,0,0,0.0,0.0,0.0,0,1,0,0,0,2026-08-18T09:52:37.444481+00:00,2026-08-18T09:52:49.740080+00:00
38,469,McCarthy,17,GKP,42,0.186,0.9027,0.04,0.0384,0.0403,0.0004,1,0,0,0,2026-08-18T09:52:37.444481+00:00,2026-08-18T09:52:49.740080+00:00
38,470,Onuachu,17,FWD,49,1.5428,2.0689,0.48,0.1144,0.4556,0.01,1,1,20,0,2026-08-18T09:52:37.444481+00:00,2026-08-18T09:52:49.740080+00:00
38,471,Smallbone,17,MID,50,0.9772,1.5623,0.28,0.1584,0.2731,0.002,1,1,11,0,2026-08-18T09:52:37.444481+00:00,2026-08-18T09:52:49.740080+00:00
38,472,Stephens,17,DEF,40,0.904,1.7447,0.22,0.1716,0.2183,0.0024,1,0,0,0,2026-08-18T09:52:37.444481+00:00,2026-08-18T09:52:49.740080+00:00
38,473,Stewart,17,FWD,44,0.93,1.4657,0.28,0.1584,0.2731,0.0032,1,9,69,1,2026-08-18T09:52:37.444481+00:00,2026-08-18T09:52:49.740080+00:00
38,474,Sugawara,17,DEF,42,0.8828,1.7541,0.22,0.1716,0.2183,0.0028,1,1,90,1,2026-08-18T09:52:37.444481+00:00,2026-08-18T09:52:49.740080+00:00
38,475,Taylor,17,DEF,39,0.5096,1.2116,0.1,0.198,0.1088,0.0004,1,1,90,1,2026-08-18T09:52:37.444481+00:00,2026-08-18T09:52:49.740080+00:00
38,476,Walker-Peters,17,DEF,42,0.5316,1.3342,0.11,0.1602,0.1151,0.0008,1,0,0,0,2026-08-18T09:52:37.444481+00:00,2026-08-18T09:52:49.740080+00:00
38,477,Wood,17,DEF,39,0.8932,1.7311,0.22,0.1716,0.2183,0.0024,1,1,90,1,2026-08-18T09:52:37.444481+00:00,2026-08-18T09:52:49.740080+00:00
38,515,Cornet,17,MID,47,0,0,0.0,0.0,0.0,0,1,0,0,0,2026-08-18T09:52:37.444481+00:00,2026-08-18T09:52:49.740080+00:00
38,518,Downes,17,MID,47,1.9016,1.415,0.82,0.0324,0.7652,0.0008,1,2,90,1,2026-08-18T09:52:37.444481+00:00,2026-08-18T09:52:49.740080+00:00
38,584,Brereton Díaz,17,MID,48,0,0,0.0,0.0,0.0,0,1,0,0,0,2026-08-18T09:52:37.444481+00:00,2026-08-18T09:52:49.740080+00:00
38,608,Dibling,17,MID,43,2.2764,2.2972,0.68,0.0576,0.637,0.0124,1,0,0,0,2026-08-18T09:52:37.444481+00:00,2026-08-18T09:52:49.740080+00:00
38,623,M.Fernandes,17,MID,50,3.0492,2.2902,0.9,0.018,0.8384,0.0184,1,6,90,1,2026-08-18T09:52:37.444481+00:00,2026-08-18T09:52:49.740080+00:00
38,693,O'Brien-Whitmarsh,17,MID,45,0,0,0.0,0.0,0.0,0,1,0,0,0,2026-08-18T09:52:37.444481+00:00,2026-08-18T09:52:49.740080+00:00
38,718,Welington,17,DEF,40,0.8108,1.5281,0.22,0.1716,0.2183,0.0008,1,1,90,1,2026-08-18T09:52:37.444481+00:00,2026-08-18T09:52:49.740080+00:00
38,719,Kayi Sanda,17,DEF,40,0.5204,1.2796,0.1,0.198,0.1088,0.0012,1,1,4,0,2026-08-18T09:52:37.444481+00:00,2026-08-18T09:52:49.740080+00:00
38,734,Grønbæk,17,MID,49,0.4692,0.9883,0.09,0.2002,0.0997,0.0004,1,0,0,0,2026-08-18T09:52:37.444481+00:00,2026-08-18T09:52:49.740080+00:00
38,748,Rusk,17,MID,5,0.4672,0.922,0.1,0.198,0.1088,0.0,1,1,0,0,2026-08-18T09:52:37.444481+00:00,2026-08-18T09:52:49.740080+00:00
38,798,Jay Robinson,17,FWD,44,0.47,0.962,0.1,0.198,0.1088,0.0004,1,2,78,1,2026-08-18T09:52:37.444481+00:00,2026-08-18T09:52:49.740080+00:00
38,804,Moore,17,DEF,40,0.4968,1.2196,0.1,0.198,0.1088,0.0012,1,0,0,0,2026-08-18T09:52:37.444481+00:00,2026-08-18T09:52:49.740080+00:00
38,82,Solanke,18,FWD,73,3.4912,3.0217,0.82,0.0324,0.7652,0.0652,1,7,65,1,2026-08-18T09:52:37.444481+00:00,2026-08-18T09:52:49.740080+00:00
38,478,A.Phillips,18,DEF,40,0,0,0.0,0.0,0.0,0,1,0,0,0,2026-08-18T09:52:37.444481+00:00,2026-08-18T09:52:49.740080+00:00
38,479,Austin,18,GKP,40,0.1528,0.7032,0.04,0.0384,0.0403,0.0,1,0,0,0,2026-08-18T09:52:37.444481+00:00,2026-08-18T09:52:49.740080+00:00
38,480,Bentancur,18,MID,49,1.7788,1.8166,0.68,0.0576,0.637,0.002,1,1,65,1,2026-08-18T09:52:37.444481+00:00,2026-08-18T09:52:49.740080+00:00
38,481,Bergvall,18,MID,44,0,0,0.0,0.0,0.0,0,1,0,0,0,2026-08-18T09:52:37.444481+00:00,2026-08-18T09:52:49.740080+00:00
38,482,Bissouma,18,MID,48,1.826,1.7149,0.68,0.0704,0.638,0.0012,1,1,24,0,2026-08-18T09:52:37.444481+00:00,2026-08-18T09:52:49.740080+00:00
38,483,Bryan,18,MID,50,0,0,0.0,0.0,0.0,0,1,0,0,0,2026-08-18T09:52:37.444481+00:00,2026-08-18T09:52:49.740080+00:00
38,484,Davies,18,DEF,43,0.7496,1.5304,0.22,0.1716,0.2183,0.0012,1,-1,24,0,2026-08-18T09:52:37.444481+00:00,2026-08-18T09:52:49.740080+00:00
38,485,Devine,18,MID,45,0,0,0.0,0.0,0.0,0,1,0,0,0,2026-08-18T09:52:37.444481+00:00,2026-08-18T09:52:49.740080+00:00
38,486,Dragusin,18,DEF,43,0,0,0.0,0.0,0.0,0,1,0,0,0,2026-08-18T09:52:37.444481+00:00,2026-08-18T09:52:49.740080+00:00
38,487,E.Royal,18,DEF,45,0,0,0.0,0.0,0.0,0,1,0,0,0,2026-08-18T09:52:37.444481+00:00,2026-08-18T09:52:49.740080+00:00
38,488,Forster,18,GKP,43,0.1804,0.8533,0.04,0.0384,0.0403,0.0004,1,0,0,0,2026-08-18T09:52:37.444481+00:00,2026-08-18T09:52:49.740080+00:00
38,489,Gray,18,MID,46,1.6368,1.2056,0.68,0.0576,0.637,0.0,1,2,90,1,2026-08-18T09:52:37.444481+00:00,2026-08-18T09:52:49.740080+00:00
38,490,Højbjerg,18,MID,50,0,0,0.0,0.0,0.0,0,1,0,0,0,2026-08-18T09:52:37.444481+00:00,2026-08-18T09:52:49.740080+00:00
38,491,Johnson,18,MID,62,4.2708,3.7003,0.82,0.0324,0.7652,0.078,1,2,90,1,2026-08-18T09:52:37.444481+00:00,2026-08-18T09:52:49.740080+00:00
38,492,Kulusevski,18,MID,62,0,0,0.0,0.0,0.0,0,1,0,0,0,2026-08-18T09:52:37.444481+00:00,2026-08-18T09:52:49.740080+00:00
38,493,Lo Celso,18,MID,49,0,0,0.0,0.0,0.0,0,1,0,0,0,2026-08-18T09:52:37.444481+00:00,2026-08-18T09:52:49.740080+00:00
38,494,Maddison,18,MID,74,0,0,0.0,0.0,0.0,0,1,0,0,0,2026-08-18T09:52:37.444481+00:00,2026-08-18T09:52:49.740080+00:00
38,495,Pedro Porro,18,DEF,52,3.22,2.8241,0.82,0.0324,0.7652,0.0252,1,-1,90,1,2026-08-18T09:52:37.444481+00:00,2026-08-18T09:52:49.740080+00:00
38,496,Reguilón,18,DEF,41,0.5268,1.2239,0.1,0.198,0.1088,0.0004,1,0,0,0,2026-08-18T09:52:37.444481+00:00,2026-08-18T09:52:49.740080+00:00
38,497,Richarlison,18,FWD,68,1.2228,2.035,0.28,0.2016,0.2765,0.0116,1,1,24,0,2026-08-18T09:52:37.444481+00:00,2026-08-18T09:52:49.740080+00:00
38,498,Romero,18,DEF,49,0,0,0.0,0.0,0.0,0,1,0,0,0,2026-08-18T09:52:37.444481+00:00,2026-08-18T09:52:49.740080+00:00
38,499,P.M.Sarr,18,MID,47,2.3836,2.4236,0.68,0.0576,0.637,0.0128,1,1,45,1,2026-08-18T09:52:37.444481+00:00,2026-08-18T09:52:49.740080+00:00
38,500,Scarlett,18,FWD,44,0.4868,1.0079,0.1,0.198,0.1088,0.0008,1,0,0,0,2026-08-18T09:52:37.444481+00:00,2026-08-18T09:52:49.740080+00:00
38,502,Solomon,18,MID,54,0,0,0.0,0.0,0.0,0,1,0,0,0,2026-08-18T09:52:37.444481+00:00,2026-08-18T09:52:49.740080+00:00
38,503,Son,18,MID,97,2.16,3.113,0.41,0.1062,0.3898,0.0352,1,0,0,0,2026-08-18T09:52:37.444481+00:00,2026-08-18T09:52:49.740080+00:00
38,504,Spence,18,DEF,44,0.9604,1.8745,0.22,0.1404,0.2158,0.004,1,0,7,0,2026-08-18T09:52:37.444481+00:00,2026-08-18T09:52:49.740080+00:00
38,505,Udogie,18,DEF,48,2.2208,2.3718,0.68,0.0576,0.637,0.006,1,0,90,1,2026-08-18T09:52:37.444481+00:00,2026-08-18T09:52:49.740080+00:00
38,506,Van de Ven,18,DEF,45,0.9448,1.8413,0.22,0.1716,0.2183,0.0024,1,1,65,1,2026-08-18T09:52:37.444481+00:00,2026-08-18T09:52:49.740080+00:00
38,507,Veliz,18,FWD,50,0,0,0.0,0.0,0.0,0,1,0,0,0,2026-08-18T09:52:37.444481+00:00,2026-08-18T09:52:49.740080+00:00
38,508,Vicario,18,GKP,48,3.2372,2.2528,0.9,0.008,0.8376,0.0004,1,1,90,1,2026-08-18T09:52:37.444481+00:00,2026-08-18T09:52:49.740080+00:00
38,509,Werner,18,MID,62,0.8756,1.6537,0.14,0.2408,0.1495,0.0048,1,0,0,0,2026-08-18T09:52:37.444481+00:00,2026-08-18T09:52:49.740080+00:00
38,510,Whiteman,18,GKP,39,0.1628,0.754,0.04,0.0384,0.0403,0.0,1,0,0,0,2026-08-18T09:52:37.444481+00:00,2026-08-18T09:52:49.740080+00:00
38,609,Lankshear,18,FWD,45,0,0,0.0,0.0,0.0,0,1,0,0,0,2026-08-18T09:52:37.444481+00:00,2026-08-18T09:52:49.740080+00:00
38,610,Moore,18,MID,45,1.0108,1.478,0.28,0.1584,0.2731,0.002,1,0,0,0,2026-08-18T09:52:37.444481+00:00,2026-08-18T09:52:49.740080+00:00
38,612,Odobert,18,MID,53,1.9148,2.2359,0.48,0.1144,0.4556,0.0076,1,1,45,1,2026-08-18T09:52:37.444481+00:00,2026-08-18T09:52:49.740080+00:00
38,683,Olusesi,18,MID,45,0.4692,0.9603,0.1,0.198,0.1088,0.0,1,0,0,0,2026-08-18T09:52:37.444481+00:00,2026-08-18T09:52:49.740080+00:00
38,684,Hardy,18,DEF,40,0.5232,1.2331,0.1,0.198,0.1088,0.0008,1,0,0,0,2026-08-18T09:52:37.444481+00:00,2026-08-18T09:52:49.740080+00:00
38,689,Williams-Barnett,18,MID,45,0,0,0.0,0.0,0.0,0,1,0,0,0,2026-08-18T09:52:37.444481+00:00,2026-08-18T09:52:49.740080+00:00
38,699,Dorrington,18,DEF,40,0,0,0.0,0.0,0.0,0,1,0,0,0,2026-08-18T09:52:37.444481+00:00,2026-08-18T09:52:49.740080+00:00
38,700,King,18,DEF,40,0.5176,1.247,0.1,0.198,0.1088,0.0008,1,0,0,0,2026-08-18T09:52:37.444481+00:00,2026-08-18T09:52:49.740080+00:00
38,716,Kinsky,18,GKP,41,0.2084,0.9452,0.04,0.0384,0.0403,0.0004,1,0,0,0,2026-08-18T09:52:37.444481+00:00,2026-08-18T09:52:49.740080+00:00
38,717,Yang,18,MID,45,0,0,0.0,0.0,0.0,0,1,0,0,0,2026-08-18T09:52:37.444481+00:00,2026-08-18T09:52:49.740080+00:00
38,729,Ajayi,18,MID,45,0.5264,1.0261,0.1,0.198,0.1088,0.0,1,0,0,0,2026-08-18T09:52:37.444481+00:00,2026-08-18T09:52:49.740080+00:00
38,749,Postecoglou,18,MID,11,0.4952,1.0056,0.1,0.198,0.1088,0.0004,1,1,0,0,2026-08-18T09:52:37.444481+00:00,2026-08-18T09:52:49.740080+00:00
38,760,Cassanova,18,DEF,40,0.5112,1.1859,0.1,0.198,0.1088,0.0,1,0,0,0,2026-08-18T09:52:37.444481+00:00,2026-08-18T09:52:49.740080+00:00
38,767,Danso,18,DEF,44,0.8824,1.6594,0.22,0.1716,0.2183,0.0008,1,0,90,1,2026-08-18T09:52:37.444481+00:00,2026-08-18T09:52:49.740080+00:00
38,768,Tel,18,MID,58,1.9776,2.4045,0.48,0.1456,0.458,0.0128,1,5,82,1,2026-08-18T09:52:37.444481+00:00,2026-08-18T09:52:49.740080+00:00
38,123,Ferguson,19,FWD,55,0.9844,1.5098,0.28,0.2016,0.2765,0.0028,1,0,0,0,2026-08-18T09:52:37.444481+00:00,2026-08-18T09:52:49.740080+00:00
38,388,Wan-Bissaka,19,DEF,45,0.8824,1.7791,0.22,0.1404,0.2158,0.0036,1,5,90,1,2026-08-18T09:52:37.444481+00:00,2026-08-18T09:52:49.740080+00:00
38,511,Álvarez,19,MID,50,1.4724,1.3107,0.68,0.0576,0.637,0.0004,1,2,79,1,2026-08-18T09:52:37.444481+00:00,2026-08-18T09:52:49.740080+00:00
38,512,Antonio,19,FWD,52,0,0,0.0,0.0,0.0,0,1,0,0,0,2026-08-18T09:52:37.444481+00:00,2026-08-18T09:52:49.740080+00:00
38,513,Areola,19,GKP,42,0.1448,0.6986,0.04,0.0384,0.0403,0.0,1,0,0,0,2026-08-18T09:52:37.444481+00:00,2026-08-18T09:52:49.740080+00:00
38,514,Bowen,19,MID,79,4.0116,2.8795,0.9,0.018,0.8384,0.0468,1,13,90,1,2026-08-18T09:52:37.444481+00:00,2026-08-18T09:52:49.740080+00:00
38,516,Coufal,19,DEF,41,0.6796,1.4395,0.22,0.1716,0.2183,0.0012,1,1,18,0,2026-08-18T09:52:37.444481+00:00,2026-08-18T09:52:49.740080+00:00
38,517,Cresswell,19,DEF,39,0.8024,1.6576,0.22,0.1716,0.2183,0.0024,1,1,1,0,2026-08-18T09:52:37.444481+00:00,2026-08-18T09:52:49.740080+00:00
38,519,Earthy,19,MID,45,0,0,0.0,0.0,0.0,0,1,0,0,0,2026-08-18T09:52:37.444481+00:00,2026-08-18T09:52:49.740080+00:00
38,520,Emerson,19,DEF,44,0.9268,1.9446,0.22,0.1404,0.2158,0.008,1,0,0,0,2026-08-18T09:52:37.444481+00:00,2026-08-18T09:52:49.740080+00:00
38,521,Fabianski,19,GKP,39,3.1704,2.1867,0.9,0.004,0.8373,0.0012,1,3,90,1,2026-08-18T09:52:37.444481+00:00,2026-08-18T09:52:49.740080+00:00
38,522,Foderingham,19,GKP,42,0.1908,0.8557,0.04,0.0384,0.0403,0.0,1,0,0,0,2026-08-18T09:52:37.444481+00:00,2026-08-18T09:52:49.740080+00:00
38,523,Ings,19,FWD,48,0.674,1.2562,0.18,0.1804,0.1818,0.0004,1,0,0,0,2026-08-18T09:52:37.444481+00:00,2026-08-18T09:52:49.740080+00:00
38,524,Kilman,19,DEF,43,0.7392,1.4991,0.22,0.1404,0.2158,0.0008,1,1,90,1,2026-08-18T09:52:37.444481+00:00,2026-08-18T09:52:49.740080+00:00
38,525,Kudus,19,MID,62,3.09,2.6816,0.82,0.0324,0.7652,0.0264,1,7,17,0,2026-08-18T09:52:37.444481+00:00,2026-08-18T09:52:49.740080+00:00
38,526,L.Guilherme,19,MID,46,0.6332,1.1221,0.18,0.1804,0.1818,0.0004,1,0,0,0,2026-08-18T09:52:37.444481+00:00,2026-08-18T09:52:49.740080+00:00
38,527,L.Paquetá,19,MID,57,2.7336,2.5476,0.82,0.0324,0.7652,0.0212,1,1,10,0,2026-08-18T09:52:37.444481+00:00,2026-08-18T09:52:49.740080+00:00
38,528,Mavropanos,19,DEF,43,0.7748,1.6832,0.22,0.1404,0.2158,0.0048,1,2,90,1,2026-08-18T09:52:37.444481+00:00,2026-08-18T09:52:49.740080+00:00
38,529,N.Aguerd,19,DEF,44,0,0,0.0,0.0,0.0,0,1,0,0,0,2026-08-18T09:52:37.444481+00:00,2026-08-18T09:52:49.740080+00:00
38,530,Souček,19,MID,48,3.0676,2.5475,0.82,0.0324,0.7652,0.0228,1,2,90,1,2026-08-18T09:52:37.444481+00:00,2026-08-18T09:52:49.740080+00:00
38,531,Ward-Prowse,19,MID,61,2.0484,1.9517,0.68,0.0896,0.6396,0.006,1,9,79,1,2026-08-18T09:52:37.444481+00:00,2026-08-18T09:52:49.740080+00:00
38,532,Zouma,19,DEF,44,0,0,0.0,0.0,0.0,0,1,0,0,0,2026-08-18T09:52:37.444481+00:00,2026-08-18T09:52:49.740080+00:00
38,576,Irving,19,MID,47,0.6372,1.1291,0.18,0.1804,0.1818,0.0004,1,0,0,0,2026-08-18T09:52:37.444481+00:00,2026-08-18T09:52:49.740080+00:00
38,587,Summerville,19,MID,55,0,0,0.0,0.0,0.0,0,1,0,0,0,2026-08-18T09:52:37.444481+00:00,2026-08-18T09:52:49.740080+00:00
38,588,G.Rodríguez,19,MID,48,1.464,1.3254,0.68,0.0704,0.638,0.0008,1,4,10,0,2026-08-18T09:52:37.444481+00:00,2026-08-18T09:52:49.740080+00:00
38,589,Füllkrug,19,FWD,67,1.07,1.6579,0.28,0.2016,0.2765,0.002,1,2,72,1,2026-08-18T09:52:37.444481+00:00,2026-08-18T09:52:49.740080+00:00
38,591,Todibo,19,DEF,42,0.7312,1.4288,0.22,0.1404,0.2158,0.0008,1,2,90,1,2026-08-18T09:52:37.444481+00:00,2026-08-18T09:52:49.740080+00:00
38,643,Casey,19,DEF,40,0.4344,1.0337,0.1,0.198,0.1088,0.0004,1,0,0,0,2026-08-18T09:52:37.444481+00:00,2026-08-18T09:52:49.740080+00:00
38,654,C.Soler,19,MID,50,1.4664,1.8373,0.48,0.1144,0.4556,0.0048,1,0,0,0,2026-08-18T09:52:37.444481+00:00,2026-08-18T09:52:49.740080+00:00
38,677,Scarles,19,DEF,40,0.7848,1.5122,0.22,0.1716,0.2183,0.0012,1,2,71,1,2026-08-18T09:52:37.444481+00:00,2026-08-18T09:52:49.740080+00:00
38,686,Mayers,19,DEF,40,0.4556,1.1291,0.1,0.198,0.1088,0.0008,1,0,0,0,2026-08-18T09:52:37.444481+00:00,2026-08-18T09:52:49.740080+00:00
38,701,Orford,19,MID,45,0.5032,0.9822,0.1,0.198,0.1088,0.0,1,0,0,0,2026-08-18T09:52:37.444481+00:00,2026-08-18T09:52:49.740080+00:00
38,750,Potter,19,MID,5,0.4944,0.9393,0.1,0.198,0.1088,0.0,1,9,0,0,2026-08-18T09:52:37.444481+00:00,2026-08-18T09:52:49.740080+00:00
38,204,Johnstone,20,GKP,41,0,0,0.0,0.0,0.0,0,1,0,0,0,2026-08-18T09:52:37.444481+00:00,2026-08-18T09:52:49.740080+00:00
38,533,Aït-Nouri,20,DEF,51,3.6236,2.8668,0.9,0.018,0.8384,0.0352,1,2,64,1,2026-08-18T09:52:37.444481+00:00,2026-08-18T09:52:49.740080+00:00
38,534,B.Traore,20,MID,48,0.6928,1.279,0.18,0.1804,0.1818,0.0016,1,0,0,0,2026-08-18T09:52:37.444481+00:00,2026-08-18T09:52:49.740080+00:00
38,535,Bellegarde,20,MID,49,2.4132,2.2623,0.68,0.0576,0.637,0.0112,1,1,3,0,2026-08-18T09:52:37.444481+00:00,2026-08-18T09:52:49.740080+00:00
38,536,Bentley,20,GKP,39,0.2032,0.884,0.04,0.0384,0.0403,0.0,1,0,0,0,2026-08-18T09:52:37.444481+00:00,2026-08-18T09:52:49.740080+00:00
38,537,Chiquinho,20,MID,45,0,0,0.0,0.0,0.0,0,1,0,0,0,2026-08-18T09:52:37.444481+00:00,2026-08-18T09:52:49.740080+00:00
38,538,Chirewa,20,MID,45,0,0,0.0,0.0,0.0,0,1,0,0,0,2026-08-18T09:52:37.444481+00:00,2026-08-18T09:52:49.740080+00:00
38,539,Chiwome,20,FWD,44,0,0,0.0,0.0,0.0,0,1,0,0,0,2026-08-18T09:52:37.444481+00:00,2026-08-18T09:52:49.740080+00:00
38,540,Cundle,20,MID,45,0,0,0.0,0.0,0.0,0,1,0,0,0,2026-08-18T09:52:37.444481+00:00,2026-08-18T09:52:49.740080+00:00
38,541,Cunha,20,FWD,70,3.8952,3.0269,0.82,0.0324,0.7652,0.054,1,2,90,1,2026-08-18T09:52:37.444481+00:00,2026-08-18T09:52:49.740080+00:00
38,542,Dawson,20,DEF,42,0.8244,1.5966,0.22,0.1716,0.2183,0.002,1,0,0,0,2026-08-18T09:52:37.444481+00:00,2026-08-18T09:52:49.740080+00:00
38,543,Doherty,20,DEF,43,0.952,1.9322,0.22,0.1404,0.2158,0.0048,1,2,86,1,2026-08-18T09:52:37.444481+00:00,2026-08-18T09:52:49.740080+00:00
38,544,Doyle,20,MID,47,0.8884,1.4552,0.28,0.1584,0.2731,0.0012,1,0,0,0,2026-08-18T09:52:37.444481+00:00,2026-08-18T09:52:49.740080+00:00
38,545,Fábio Silva,20,FWD,50,0,0,0.0,0.0,0.0,0,1,0,0,0,2026-08-18T09:52:37.444481+00:00,2026-08-18T09:52:49.740080+00:00
38,546,Fraser,20,FWD,45,0,0,0.0,0.0,0.0,0,1,0,0,0,2026-08-18T09:52:37.444481+00:00,2026-08-18T09:52:49.740080+00:00
38,547,Gonzalez,20,MID,44,0,0,0.0,0.0,0.0,0,1,0,0,0,2026-08-18T09:52:37.444481+00:00,2026-08-18T09:52:49.740080+00:00
38,548,Guedes,20,MID,53,1.9744,2.4992,0.48,0.1144,0.4556,0.0136,1,2,64,1,2026-08-18T09:52:37.444481+00:00,2026-08-18T09:52:49.740080+00:00
38,549,H.Bueno,20,DEF,45,0,0,0.0,0.0,0.0,0,1,0,0,0,2026-08-18T09:52:37.444481+00:00,2026-08-18T09:52:49.740080+00:00
38,550,Hee Chan,20,MID,61,1.1756,1.8799,0.28,0.2016,0.2765,0.006,1,0,0,0,2026-08-18T09:52:37.444481+00:00,2026-08-18T09:52:49.740080+00:00
38,551,Hodge,20,MID,45,0,0,0.0,0.0,0.0,0,1,0,0,0,2026-08-18T09:52:37.444481+00:00,2026-08-18T09:52:49.740080+00:00
38,552,Hoever,20,DEF,40,0,0,0.0,0.0,0.0,0,1,0,0,0,2026-08-18T09:52:37.444481+00:00,2026-08-18T09:52:49.740080+00:00
38,553,J.Gomes,20,MID,49,2.798,1.9899,0.9,0.018,0.8384,0.0084,1,1,90,1,2026-08-18T09:52:37.444481+00:00,2026-08-18T09:52:49.740080+00:00
38,554,José Sá,20,GKP,44,3.108,2.1725,0.9,0.004,0.8373,0.0,1,4,90,1,2026-08-18T09:52:37.444481+00:00,2026-08-18T09:52:49.740080+00:00
38,555,Kalajdžić,20,FWD,48,0,0,0.0,0.0,0.0,0,1,0,0,0,2026-08-18T09:52:37.444481+00:00,2026-08-18T09:52:49.740080+00:00
38,556,King,20,GKP,39,0.1884,0.8581,0.04,0.0384,0.0403,0.0004,1,1,1,0,2026-08-18T09:52:37.444481+00:00,2026-08-18T09:52:49.740080+00:00
38,557,Mario Jr.,20,MID,48,0,0,0.0,0.0,0.0,0,1,0,0,0,2026-08-18T09:52:37.444481+00:00,2026-08-18T09:52:49.740080+00:00
38,558,Mosquera,20,DEF,38,0,0,0.0,0.0,0.0,0,1,0,0,0,2026-08-18T09:52:37.444481+00:00,2026-08-18T09:52:49.740080+00:00
38,559,N.Semedo,20,DEF,45,0.8612,1.7573,0.22,0.1404,0.2158,0.004,1,1,90,1,2026-08-18T09:52:37.444481+00:00,2026-08-18T09:52:49.740080+00:00
38,561,Pedro Lima,20,DEF,39,0.5484,1.2929,0.1,0.198,0.1088,0.0004,1,0,0,0,2026-08-18T09:52:37.444481+00:00,2026-08-18T09:52:49.740080+00:00
38,562,Podence,20,MID,55,0,0,0.0,0.0,0.0,0,1,0,0,0,2026-08-18T09:52:37.444481+00:00,2026-08-18T09:52:49.740080+00:00
38,563,R.Gomes,20,MID,51,1.0584,1.611,0.28,0.1584,0.2731,0.0028,1,1,25,0,2026-08-18T09:52:37.444481+00:00,2026-08-18T09:52:49.740080+00:00
38,564,S.Bueno,20,DEF,43,0.7744,1.5591,0.22,0.1404,0.2158,0.0012,1,1,3,0,2026-08-18T09:52:37.444481+00:00,2026-08-18T09:52:49.740080+00:00
38,565,Sarabia,20,MID,50,1.832,2.378,0.48,0.1144,0.4556,0.0108,1,0,0,0,2026-08-18T09:52:37.444481+00:00,2026-08-18T09:52:49.740080+00:00
38,566,Strand Larsen,20,FWD,52,3.4652,2.889,0.82,0.0324,0.7652,0.0496,1,4,25,0,2026-08-18T09:52:37.444481+00:00,2026-08-18T09:52:49.740080+00:00
38,567,Toti,20,DEF,43,0.886,1.7749,0.22,0.1404,0.2158,0.0032,1,2,90,1,2026-08-18T09:52:37.444481+00:00,2026-08-18T09:52:49.740080+00:00
38,637,Meupiyou,20,DEF,39,0.5384,1.3123,0.1,0.198,0.1088,0.0012,1,0,0,0,2026-08-18T09:52:37.444481+00:00,2026-08-18T09:52:49.740080+00:00
38,642,André,20,MID,50,1.9328,1.2439,0.82,0.0324,0.7652,0.0008,1,2,90,1,2026-08-18T09:52:37.444481+00:00,2026-08-18T09:52:49.740080+00:00
38,655,Forbs,20,MID,54,0.6916,1.3125,0.18,0.1804,0.1818,0.0012,1,0,0,0,2026-08-18T09:52:37.444481+00:00,2026-08-18T09:52:49.740080+00:00
38,664,Pond,20,DEF,39,0.5296,1.2931,0.1,0.198,0.1088,0.0012,1,0,0,0,2026-08-18T09:52:37.444481+00:00,2026-08-18T09:52:49.740080+00:00
38,682,Edozie,20,MID,45,0.5164,1.0094,0.1,0.198,0.1088,0.0012,1,0,0,0,2026-08-18T09:52:37.444481+00:00,2026-08-18T09:52:49.740080+00:00
38,711,Okoduwa,20,DEF,40,0.4856,1.1801,0.1,0.198,0.1088,0.0016,1,0,0,0,2026-08-18T09:52:37.444481+00:00,2026-08-18T09:52:49.740080+00:00
38,720,Agbadou,20,DEF,40,0.8476,1.7151,0.22,0.1716,0.2183,0.004,1,2,90,1,2026-08-18T09:52:37.444481+00:00,2026-08-18T09:52:49.740080+00:00
38,751,Pereira,20,MID,8,0.4764,0.9917,0.1,0.198,0.1088,0.0,1,9,0,0,2026-08-18T09:52:37.444481+00:00,2026-08-18T09:52:49.740080+00:00
38,769,Djiga,20,DEF,45,0.5352,1.3215,0.1,0.198,0.1088,0.0016,1,0,0,0,2026-08-18T09:52:37.444481+00:00,2026-08-18T09:52:49.740080+00:00
38,770,Munetsi,20,MID,50,1.9088,2.4419,0.48,0.1144,0.4556,0.0108,1,9,86,1,2026-08-18T09:52:37.444481+00:00,2026-08-18T09:52:49.740080+00:00
38,784,Mané,20,FWD,45,0.4524,0.9513,0.1,0.198,0.1088,0.0004,1,0,0,0,2026-08-18T09:52:37.444481+00:00,2026-08-18T09:52:49.740080+00:00
