gw,player_id,web_name,team_id,position,now_cost,mu,sigma,p_start,p_sub,p_60,p_10_plus,n_fixtures,actual_points,actual_minutes,did_start,captured_at,scored_at
29,3,Xhaka,1,MID,49,2.5556,1.8926,0.82,0.0324,0.7652,0.0064,1,9,85,1,2026-08-19T06:20:39.576311+00:00,2026-08-19T06:20:53.757003+00:00
29,4,Elneny,1,MID,41,0,0,0.0,0.0,0.0,0,1,0,0,0,2026-08-19T06:20:39.576311+00:00,2026-08-19T06:20:53.757003+00:00
29,5,Holding,1,DEF,42,0.542,1.2656,0.1,0.198,0.1088,0.0,1,2,90,1,2026-08-19T06:20:39.576311+00:00,2026-08-19T06:20:53.757003+00:00
29,6,Partey,1,MID,47,2.142,1.9152,0.68,0.0576,0.637,0.0028,1,1,59,1,2026-08-19T06:20:39.576311+00:00,2026-08-19T06:20:53.757003+00:00
29,7,Ødegaard,1,MID,68,3.8004,2.9924,0.82,0.0324,0.7652,0.0496,1,6,84,1,2026-08-19T06:20:39.576311+00:00,2026-08-19T06:20:53.757003+00:00
29,8,Tierney,1,DEF,46,1.16,1.9984,0.28,0.1584,0.2731,0.0044,1,1,5,0,2026-08-19T06:20:39.576311+00:00,2026-08-19T06:20:53.757003+00:00
29,9,Pépé,1,MID,53,0,0,0.0,0.0,0.0,0,1,0,0,0,2026-08-19T06:20:39.576311+00:00,2026-08-19T06:20:53.757003+00:00
29,10,White,1,DEF,47,2.9052,2.4881,0.82,0.0324,0.7652,0.0096,1,8,90,1,2026-08-19T06:20:39.576311+00:00,2026-08-19T06:20:53.757003+00:00
29,11,Nketiah,1,FWD,65,2.2216,2.8323,0.48,0.1456,0.458,0.0292,1,0,0,0,2026-08-19T06:20:39.576311+00:00,2026-08-19T06:20:53.757003+00:00
29,12,Smith Rowe,1,MID,56,1.6052,1.9474,0.45,0.154,0.4308,0.0044,1,1,5,0,2026-08-19T06:20:39.576311+00:00,2026-08-19T06:20:53.757003+00:00
29,13,Saka,1,MID,86,1.8012,2.5154,0.41,0.1062,0.3898,0.0156,1,1,30,0,2026-08-19T06:20:39.576311+00:00,2026-08-19T06:20:53.757003+00:00
29,14,Tomiyasu,1,DEF,42,0,0,0.0,0.0,0.0,0,1,0,0,0,2026-08-19T06:20:39.576311+00:00,2026-08-19T06:20:53.757003+00:00
29,15,Ramsdale,1,GKP,49,3.1908,2.2451,0.9,0.008,0.8376,0.0004,1,3,90,1,2026-08-19T06:20:39.576311+00:00,2026-08-19T06:20:53.757003+00:00
29,16,Gabriel,1,DEF,52,3.0476,2.6589,0.82,0.0324,0.7652,0.0148,1,2,90,1,2026-08-19T06:20:39.576311+00:00,2026-08-19T06:20:53.757003+00:00
29,17,Tavares,1,DEF,45,0,0,0.0,0.0,0.0,0,1,0,0,0,2026-08-19T06:20:39.576311+00:00,2026-08-19T06:20:53.757003+00:00
29,19,Martinelli,1,MID,66,0,0,0.0,0.0,0.0,0,1,5,90,1,2026-08-19T06:20:39.576311+00:00,2026-08-19T06:20:53.757003+00:00
29,20,Pablo Marí,1,DEF,45,0,0,0.0,0.0,0.0,0,1,0,0,0,2026-08-19T06:20:39.576311+00:00,2026-08-19T06:20:53.757003+00:00
29,22,Torreira,1,MID,45,0,0,0.0,0.0,0.0,0,1,0,0,0,2026-08-19T06:20:39.576311+00:00,2026-08-19T06:20:53.757003+00:00
29,23,Nelson,1,MID,47,0.4732,1.0749,0.09,0.2002,0.0997,0.0008,1,0,0,0,2026-08-19T06:20:39.576311+00:00,2026-08-19T06:20:53.757003+00:00
29,24,Turner,1,GKP,38,0.176,0.8043,0.04,0.0384,0.0403,0.0,1,0,0,0,2026-08-19T06:20:39.576311+00:00,2026-08-19T06:20:53.757003+00:00
29,25,Fábio Vieira,1,MID,56,1.094,1.6947,0.28,0.2016,0.2765,0.0028,1,1,4,0,2026-08-19T06:20:39.576311+00:00,2026-08-19T06:20:53.757003+00:00
29,26,Saliba,1,DEF,52,0,0,0.0,0.0,0.0,0,1,0,0,0,2026-08-19T06:20:39.576311+00:00,2026-08-19T06:20:53.757003+00:00
29,27,Marquinhos,1,MID,46,0,0,0.0,0.0,0.0,0,1,0,0,0,2026-08-19T06:20:39.576311+00:00,2026-08-19T06:20:53.757003+00:00
29,28,Jesus,1,FWD,79,1.5072,1.8033,0.48,0.1456,0.458,0.0044,1,12,59,1,2026-08-19T06:20:39.576311+00:00,2026-08-19T06:20:53.757003+00:00
29,111,Trossard,1,MID,67,1.3804,2.0491,0.34,0.1188,0.3257,0.0052,1,5,90,1,2026-08-19T06:20:39.576311+00:00,2026-08-19T06:20:53.757003+00:00
29,130,Jorginho,1,MID,57,1.8044,1.5059,0.68,0.0576,0.637,0.0008,1,1,30,0,2026-08-19T06:20:39.576311+00:00,2026-08-19T06:20:53.757003+00:00
29,313,Zinchenko,1,DEF,52,0,0,0.0,0.0,0.0,0,1,2,85,1,2026-08-19T06:20:39.576311+00:00,2026-08-19T06:20:53.757003+00:00
29,607,Smith,1,MID,44,0.478,0.9547,0.1,0.198,0.1088,0.0004,1,0,0,0,2026-08-19T06:20:39.576311+00:00,2026-08-19T06:20:53.757003+00:00
29,630,Nwaneri,1,MID,45,0,0,0.0,0.0,0.0,0,1,0,0,0,2026-08-19T06:20:39.576311+00:00,2026-08-19T06:20:53.757003+00:00
29,631,Sousa,1,DEF,40,0.5384,1.2504,0.1,0.198,0.1088,0.0008,1,0,0,0,2026-08-19T06:20:39.576311+00:00,2026-08-19T06:20:53.757003+00:00
29,655,Hein,1,GKP,39,0.1724,0.7677,0.04,0.0384,0.0403,0.0,1,0,0,0,2026-08-19T06:20:39.576311+00:00,2026-08-19T06:20:53.757003+00:00
29,668,Cozier-Duberry,1,MID,45,0.4688,0.9736,0.1,0.198,0.1088,0.0,1,0,0,0,2026-08-19T06:20:39.576311+00:00,2026-08-19T06:20:53.757003+00:00
29,685,Butler-Oyedeji,1,FWD,45,0,0,0.0,0.0,0.0,0,1,0,0,0,2026-08-19T06:20:39.576311+00:00,2026-08-19T06:20:53.757003+00:00
29,710,Kiwior,1,DEF,40,0.5416,1.3396,0.1,0.198,0.1088,0.0012,1,0,0,0,2026-08-19T06:20:39.576311+00:00,2026-08-19T06:20:53.757003+00:00
29,751,Walters,1,DEF,40,0.5136,1.2106,0.1,0.198,0.1088,0.0012,1,0,0,0,2026-08-19T06:20:39.576311+00:00,2026-08-19T06:20:53.757003+00:00
29,767,Bandeira,1,MID,45,0.4992,0.9956,0.1,0.198,0.1088,0.0,1,,,,2026-08-19T06:20:39.576311+00:00,
29,29,Coutinho,2,MID,66,0,0,0.0,0.0,0.0,0,2,0,0,0,2026-08-19T06:20:39.576311+00:00,2026-08-19T06:20:53.757003+00:00
29,31,Martínez,2,GKP,49,5.8128,3.0239,0.9,0.008,0.8376,0.1204,2,14,180,1,2026-08-19T06:20:39.576311+00:00,2026-08-19T06:20:53.757003+00:00
29,32,Chambers,2,DEF,42,0.9168,1.4989,0.1,0.198,0.1088,0.0012,2,1,50,1,2026-08-19T06:20:39.576311+00:00,2026-08-19T06:20:53.757003+00:00
29,33,Digne,2,DEF,46,2.8684,2.746,0.48,0.1144,0.4556,0.0232,2,1,6,0,2026-08-19T06:20:39.576311+00:00,2026-08-19T06:20:53.757003+00:00
29,34,Traoré,2,MID,49,1.3324,1.7399,0.18,0.1804,0.1818,0.0024,2,7,5,0,2026-08-19T06:20:39.576311+00:00,2026-08-19T06:20:53.757003+00:00
29,35,Olsen,2,GKP,39,0.322,1.0513,0.04,0.0384,0.0403,0.0,2,0,0,0,2026-08-19T06:20:39.576311+00:00,2026-08-19T06:20:53.757003+00:00
29,36,Sanson,2,MID,43,0,0,0.0,0.0,0.0,0,2,0,0,0,2026-08-19T06:20:39.576311+00:00,2026-08-19T06:20:53.757003+00:00
29,37,McGinn,2,MID,51,3.4184,2.159,0.68,0.0576,0.637,0.0164,2,10,180,1,2026-08-19T06:20:39.576311+00:00,2026-08-19T06:20:53.757003+00:00
29,38,Hause,2,DEF,44,0,0,0.0,0.0,0.0,0,2,0,0,0,2026-08-19T06:20:39.576311+00:00,2026-08-19T06:20:53.757003+00:00
29,39,Mings,2,DEF,44,1.5324,2.2153,0.22,0.1404,0.2158,0.0088,2,10,180,1,2026-08-19T06:20:39.576311+00:00,2026-08-19T06:20:53.757003+00:00
29,40,Watkins,2,FWD,75,5.5528,3.0532,0.82,0.0324,0.7652,0.1016,2,17,180,1,2026-08-19T06:20:39.576311+00:00,2026-08-19T06:20:53.757003+00:00
29,41,Nakamba,2,MID,43,0,0,0.0,0.0,0.0,0,2,0,0,0,2026-08-19T06:20:39.576311+00:00,2026-08-19T06:20:53.757003+00:00
29,42,Buendía,2,MID,57,4.6644,3.0524,0.68,0.0576,0.637,0.0792,2,9,165,1,2026-08-19T06:20:39.576311+00:00,2026-08-19T06:20:53.757003+00:00
29,43,Cash,2,DEF,46,3.5992,2.8168,0.68,0.0576,0.637,0.0308,2,0,0,0,2026-08-19T06:20:39.576311+00:00,2026-08-19T06:20:53.757003+00:00
29,44,Konsa,2,DEF,44,1.4308,2.0715,0.22,0.1404,0.2158,0.006,2,8,180,1,2026-08-19T06:20:39.576311+00:00,2026-08-19T06:20:53.757003+00:00
29,45,Bailey,2,MID,44,4.454,3.1678,0.68,0.0576,0.637,0.0748,2,3,98,1,2026-08-19T06:20:39.576311+00:00,2026-08-19T06:20:53.757003+00:00
29,46,Douglas Luiz,2,MID,48,4.2356,2.794,0.68,0.0576,0.637,0.0484,2,8,176,1,2026-08-19T06:20:39.576311+00:00,2026-08-19T06:20:53.757003+00:00
29,47,Ramsey,2,MID,52,3.9424,2.5243,0.68,0.0576,0.637,0.0352,2,8,168,1,2026-08-19T06:20:39.576311+00:00,2026-08-19T06:20:53.757003+00:00
29,49,Iroegbunam,2,MID,45,0,0,0.0,0.0,0.0,0,2,0,0,0,2026-08-19T06:20:39.576311+00:00,2026-08-19T06:20:53.757003+00:00
29,50,Diego Carlos,2,DEF,47,1.3512,1.962,0.18,0.1804,0.1818,0.006,2,0,0,0,2026-08-19T06:20:39.576311+00:00,2026-08-19T06:20:53.757003+00:00
29,51,El Ghazi,2,MID,48,0,0,0.0,0.0,0.0,0,2,0,0,0,2026-08-19T06:20:39.576311+00:00,2026-08-19T06:20:53.757003+00:00
29,52,Davis,2,FWD,54,0,0,0.0,0.0,0.0,0,2,0,0,0,2026-08-19T06:20:39.576311+00:00,2026-08-19T06:20:53.757003+00:00
29,53,Kamara,2,MID,48,3.2424,1.8572,0.68,0.0576,0.637,0.0064,2,0,45,1,2026-08-19T06:20:39.576311+00:00,2026-08-19T06:20:53.757003+00:00
29,54,Archer,2,FWD,42,0,0,0.0,0.0,0.0,0,2,0,0,0,2026-08-19T06:20:39.576311+00:00,2026-08-19T06:20:53.757003+00:00
29,55,Philogene-Bidace,2,MID,45,0,0,0.0,0.0,0.0,0,2,0,0,0,2026-08-19T06:20:39.576311+00:00,2026-08-19T06:20:53.757003+00:00
29,56,Guilbert,2,DEF,39,0,0,0.0,0.0,0.0,0,2,0,0,0,2026-08-19T06:20:39.576311+00:00,2026-08-19T06:20:53.757003+00:00
29,479,Dendoncker,2,MID,47,1.7184,1.7212,0.28,0.1584,0.2731,0.0008,2,1,3,0,2026-08-19T06:20:39.576311+00:00,2026-08-19T06:20:53.757003+00:00
29,525,Augustinsson,2,DEF,43,0,0,0.0,0.0,0.0,0,2,0,0,0,2026-08-19T06:20:39.576311+00:00,2026-08-19T06:20:53.757003+00:00
29,537,Kesler Hayden,2,DEF,40,0,0,0.0,0.0,0.0,0,2,0,0,0,2026-08-19T06:20:39.576311+00:00,2026-08-19T06:20:53.757003+00:00
29,538,Young,2,DEF,43,1.6016,2.19,0.22,0.1716,0.2183,0.0072,2,8,174,1,2026-08-19T06:20:39.576311+00:00,2026-08-19T06:20:53.757003+00:00
29,638,Bogarde,2,DEF,40,0,0,0.0,0.0,0.0,0,2,0,0,0,2026-08-19T06:20:39.576311+00:00,2026-08-19T06:20:53.757003+00:00
29,670,Marschall,2,GKP,40,0,0,0.0,0.0,0.0,0,2,0,0,0,2026-08-19T06:20:39.576311+00:00,2026-08-19T06:20:53.757003+00:00
29,672,Kadan Young,2,MID,45,0,0,0.0,0.0,0.0,0,2,0,0,0,2026-08-19T06:20:39.576311+00:00,2026-08-19T06:20:53.757003+00:00
29,694,Álex Moreno,2,DEF,44,0,0,0.0,0.0,0.0,0,2,8,172,1,2026-08-19T06:20:39.576311+00:00,2026-08-19T06:20:53.757003+00:00
29,707,Sinisalo,2,GKP,40,0.3208,1.0469,0.04,0.0384,0.0403,0.0004,2,0,0,0,2026-08-19T06:20:39.576311+00:00,2026-08-19T06:20:53.757003+00:00
29,711,Durán,2,FWD,55,2.672,2.3036,0.45,0.154,0.4308,0.0144,2,1,11,0,2026-08-19T06:20:39.576311+00:00,2026-08-19T06:20:53.757003+00:00
29,744,Swinkels,2,DEF,40,0.9704,1.6527,0.1,0.198,0.1088,0.0036,2,0,0,0,2026-08-19T06:20:39.576311+00:00,2026-08-19T06:20:53.757003+00:00
29,745,Zych,2,GKP,40,0.2988,0.9463,0.04,0.0384,0.0403,0.0,2,0,0,0,2026-08-19T06:20:39.576311+00:00,2026-08-19T06:20:53.757003+00:00
29,753,Wright,2,GKP,40,0.3344,1.0766,0.04,0.0384,0.0403,0.0004,2,0,0,0,2026-08-19T06:20:39.576311+00:00,2026-08-19T06:20:53.757003+00:00
29,754,Revan,2,DEF,40,0.9708,1.6062,0.1,0.198,0.1088,0.0024,2,0,0,0,2026-08-19T06:20:39.576311+00:00,2026-08-19T06:20:53.757003+00:00
29,755,Patterson,2,MID,45,0.9092,1.2962,0.1,0.198,0.1088,0.0004,2,,,,2026-08-19T06:20:39.576311+00:00,
29,761,O'Reilly,2,MID,45,0.9208,1.33,0.1,0.198,0.1088,0.0004,2,,,,2026-08-19T06:20:39.576311+00:00,
29,57,Smith,3,DEF,43,1.5688,2.2303,0.22,0.1404,0.2158,0.0068,2,3,180,1,2026-08-19T06:20:39.576311+00:00,2026-08-19T06:20:53.757003+00:00
29,58,Stanislas,3,MID,48,0,0,0.0,0.0,0.0,0,2,0,0,0,2026-08-19T06:20:39.576311+00:00,2026-08-19T06:20:53.757003+00:00
29,59,Fredericks,3,DEF,44,0,0,0.0,0.0,0.0,0,2,0,0,0,2026-08-19T06:20:39.576311+00:00,2026-08-19T06:20:53.757003+00:00
29,60,Brooks,3,MID,53,1.572,2.04,0.18,0.1804,0.1818,0.008,2,1,18,0,2026-08-19T06:20:39.576311+00:00,2026-08-19T06:20:53.757003+00:00
29,61,Lowe,3,MID,52,0,0,0.0,0.0,0.0,0,2,0,0,0,2026-08-19T06:20:39.576311+00:00,2026-08-19T06:20:53.757003+00:00
29,62,Moore,3,FWD,50,3.0196,2.451,0.48,0.1144,0.4556,0.0172,2,0,0,0,2026-08-19T06:20:39.576311+00:00,2026-08-19T06:20:53.757003+00:00
29,63,Marcondes,3,MID,47,0,0,0.0,0.0,0.0,0,2,0,0,0,2026-08-19T06:20:39.576311+00:00,2026-08-19T06:20:53.757003+00:00
29,64,Lerma,3,MID,47,4.0392,1.7899,0.82,0.0324,0.7652,0.012,2,3,180,1,2026-08-19T06:20:39.576311+00:00,2026-08-19T06:20:53.757003+00:00
29,65,Stacey,3,DEF,43,1.054,1.7498,0.1,0.198,0.1088,0.0028,2,0,0,0,2026-08-19T06:20:39.576311+00:00,2026-08-19T06:20:53.757003+00:00
29,66,Solanke,3,FWD,55,4.008,2.5713,0.68,0.0576,0.637,0.0312,2,11,179,1,2026-08-19T06:20:39.576311+00:00,2026-08-19T06:20:53.757003+00:00
29,67,Cook,3,MID,49,3.5632,2.0589,0.68,0.0576,0.637,0.0108,2,0,5,0,2026-08-19T06:20:39.576311+00:00,2026-08-19T06:20:53.757003+00:00
29,68,Pearson,3,MID,44,0,0,0.0,0.0,0.0,0,2,0,0,0,2026-08-19T06:20:39.576311+00:00,2026-08-19T06:20:53.757003+00:00
29,69,Christie,3,MID,53,2.876,2.3166,0.48,0.1144,0.4556,0.0152,2,5,102,1,2026-08-19T06:20:39.576311+00:00,2026-08-19T06:20:53.757003+00:00
29,70,Billing,3,MID,52,2.4864,2.6153,0.34,0.1188,0.3257,0.0228,2,4,174,1,2026-08-19T06:20:39.576311+00:00,2026-08-19T06:20:53.757003+00:00
29,71,Mepham,3,DEF,43,1.5232,2.1849,0.22,0.1404,0.2158,0.0072,2,0,0,0,2026-08-19T06:20:39.576311+00:00,2026-08-19T06:20:53.757003+00:00
29,72,Travers,3,GKP,42,0.3928,1.2218,0.04,0.0384,0.0403,0.0,2,0,0,0,2026-08-19T06:20:39.576311+00:00,2026-08-19T06:20:53.757003+00:00
29,73,Kelly,3,DEF,43,1.6912,2.3692,0.22,0.1716,0.2183,0.0116,2,3,180,1,2026-08-19T06:20:39.576311+00:00,2026-08-19T06:20:53.757003+00:00
29,74,Dembélé,3,MID,47,0,0,0.0,0.0,0.0,0,2,0,0,0,2026-08-19T06:20:39.576311+00:00,2026-08-19T06:20:53.757003+00:00
29,75,Anthony,3,MID,52,3.3388,2.9408,0.48,0.1144,0.4556,0.042,2,1,45,1,2026-08-19T06:20:39.576311+00:00,2026-08-19T06:20:53.757003+00:00
29,76,Zemura,3,DEF,43,1.8984,2.5221,0.22,0.1716,0.2183,0.0152,2,0,0,0,2026-08-19T06:20:39.576311+00:00,2026-08-19T06:20:53.757003+00:00
29,77,Dennis,3,GKP,39,0,0,0.0,0.0,0.0,0,2,0,0,0,2026-08-19T06:20:39.576311+00:00,2026-08-19T06:20:53.757003+00:00
29,404,Stephens,3,DEF,43,1.6764,2.2725,0.22,0.1716,0.2183,0.0096,2,3,180,1,2026-08-19T06:20:39.576311+00:00,2026-08-19T06:20:53.757003+00:00
29,505,Rothwell,3,MID,49,1.1232,1.5161,0.14,0.1892,0.1453,0.002,2,2,71,1,2026-08-19T06:20:39.576311+00:00,2026-08-19T06:20:53.757003+00:00
29,535,Tavernier,3,MID,47,0,0,0.0,0.0,0.0,0,2,8,77,1,2026-08-19T06:20:39.576311+00:00,2026-08-19T06:20:53.757003+00:00
29,539,Hill,3,DEF,44,0,0,0.0,0.0,0.0,0,2,0,0,0,2026-08-19T06:20:39.576311+00:00,2026-08-19T06:20:53.757003+00:00
29,571,Randolph,3,GKP,40,0.3672,1.1462,0.04,0.0384,0.0403,0.0004,2,0,0,0,2026-08-19T06:20:39.576311+00:00,2026-08-19T06:20:53.757003+00:00
29,574,Neto,3,GKP,45,7.2844,3.4376,0.9,0.004,0.8373,0.2672,2,4,180,1,2026-08-19T06:20:39.576311+00:00,2026-08-19T06:20:53.757003+00:00
29,576,Senesi,3,DEF,44,1.7788,2.6139,0.22,0.1404,0.2158,0.0164,2,4,174,1,2026-08-19T06:20:39.576311+00:00,2026-08-19T06:20:53.757003+00:00
29,597,Saydee,3,FWD,45,0,0,0.0,0.0,0.0,0,2,0,0,0,2026-08-19T06:20:39.576311+00:00,2026-08-19T06:20:53.757003+00:00
29,598,Bevan,3,DEF,40,0,0,0.0,0.0,0.0,0,2,0,0,0,2026-08-19T06:20:39.576311+00:00,2026-08-19T06:20:53.757003+00:00
29,649,Plain,3,GKP,40,0.3896,1.1846,0.04,0.0384,0.0403,0.0,2,0,0,0,2026-08-19T06:20:39.576311+00:00,2026-08-19T06:20:53.757003+00:00
29,695,Adu-Adjei,3,FWD,45,0.8816,1.3325,0.1,0.198,0.1088,0.002,2,0,0,0,2026-08-19T06:20:39.576311+00:00,2026-08-19T06:20:53.757003+00:00
29,696,Dacosta Gonzalez,3,MID,44,0.9804,1.4263,0.1,0.198,0.1088,0.0004,2,0,0,0,2026-08-19T06:20:39.576311+00:00,2026-08-19T06:20:53.757003+00:00
29,697,Sadi,3,FWD,45,0.9612,1.3698,0.1,0.198,0.1088,0.0016,2,0,0,0,2026-08-19T06:20:39.576311+00:00,2026-08-19T06:20:53.757003+00:00
29,705,Ouattara,3,MID,50,3.694,3.2509,0.48,0.1144,0.4556,0.0648,2,3,129,1,2026-08-19T06:20:39.576311+00:00,2026-08-19T06:20:53.757003+00:00
29,706,Pollock,3,FWD,45,0.9864,1.4164,0.1,0.198,0.1088,0.0004,2,0,0,0,2026-08-19T06:20:39.576311+00:00,2026-08-19T06:20:53.757003+00:00
29,714,Semenyo,3,FWD,50,0,0,0.0,0.0,0.0,0,2,2,6,0,2026-08-19T06:20:39.576311+00:00,2026-08-19T06:20:53.757003+00:00
29,718,Viña,3,DEF,45,1.0076,1.7593,0.1,0.198,0.1088,0.004,2,0,0,0,2026-08-19T06:20:39.576311+00:00,2026-08-19T06:20:53.757003+00:00
29,722,Zabarnyi,3,DEF,45,1.0228,1.7131,0.1,0.198,0.1088,0.0032,2,1,5,0,2026-08-19T06:20:39.576311+00:00,2026-08-19T06:20:53.757003+00:00
29,723,H.Traorè,3,MID,45,1.226,1.6402,0.14,0.1892,0.1453,0.0028,2,3,89,1,2026-08-19T06:20:39.576311+00:00,2026-08-19T06:20:53.757003+00:00
29,737,Greenwood,3,DEF,40,1.0772,1.7941,0.1,0.198,0.1088,0.0036,2,0,0,0,2026-08-19T06:20:39.576311+00:00,2026-08-19T06:20:53.757003+00:00
29,738,Kinsey-Wellings,3,DEF,40,1.0264,1.7164,0.1,0.198,0.1088,0.0024,2,0,0,0,2026-08-19T06:20:39.576311+00:00,2026-08-19T06:20:53.757003+00:00
29,78,Jansson,4,DEF,42,0,0,0.0,0.0,0.0,0,2,9,180,1,2026-08-19T06:20:39.576311+00:00,2026-08-19T06:20:53.757003+00:00
29,79,Nørgaard,4,MID,53,0,0,0.0,0.0,0.0,0,2,3,164,1,2026-08-19T06:20:39.576311+00:00,2026-08-19T06:20:53.757003+00:00
29,80,Toney,4,FWD,79,0,0,0.0,0.0,0.0,0,2,11,180,1,2026-08-19T06:20:39.576311+00:00,2026-08-19T06:20:53.757003+00:00
29,81,Raya,4,GKP,49,6.9684,3.2618,0.9,0.008,0.8376,0.2252,2,8,180,1,2026-08-19T06:20:39.576311+00:00,2026-08-19T06:20:53.757003+00:00
29,82,Canós,4,DEF,50,0,0,0.0,0.0,0.0,0,2,0,0,0,2026-08-19T06:20:39.576311+00:00,2026-08-19T06:20:53.757003+00:00
29,83,Dasilva,4,MID,41,2.6504,2.1921,0.48,0.1144,0.4556,0.0104,2,2,45,0,2026-08-19T06:20:39.576311+00:00,2026-08-19T06:20:53.757003+00:00
29,84,Ajer,4,DEF,45,1.5912,2.1315,0.22,0.1716,0.2183,0.008,2,0,0,0,2026-08-19T06:20:39.576311+00:00,2026-08-19T06:20:53.757003+00:00
29,85,Henry,4,DEF,46,4.8572,3.249,0.82,0.0324,0.7652,0.09,2,3,180,1,2026-08-19T06:20:39.576311+00:00,2026-08-19T06:20:53.757003+00:00
29,86,Janelt,4,MID,55,4.0712,2.627,0.68,0.0576,0.637,0.0428,2,0,0,0,2026-08-19T06:20:39.576311+00:00,2026-08-19T06:20:53.757003+00:00
29,87,Ghoddos,4,MID,48,1.2704,1.6504,0.18,0.1804,0.1818,0.002,2,1,5,0,2026-08-19T06:20:39.576311+00:00,2026-08-19T06:20:53.757003+00:00
29,88,Jensen,4,MID,48,5.0852,2.4965,0.82,0.0324,0.7652,0.0616,2,7,145,1,2026-08-19T06:20:39.576311+00:00,2026-08-19T06:20:53.757003+00:00
29,89,Wissa,4,MID,53,3.1036,2.6078,0.48,0.1144,0.4556,0.0308,2,2,26,0,2026-08-19T06:20:39.576311+00:00,2026-08-19T06:20:53.757003+00:00
29,90,Roerslev,4,DEF,43,1.4972,1.9919,0.22,0.1716,0.2183,0.0044,2,2,74,1,2026-08-19T06:20:39.576311+00:00,2026-08-19T06:20:53.757003+00:00
29,91,Bech,4,DEF,45,0,0,0.0,0.0,0.0,0,2,0,0,0,2026-08-19T06:20:39.576311+00:00,2026-08-19T06:20:53.757003+00:00
29,92,Pinnock,4,DEF,44,1.672,2.4697,0.22,0.1404,0.2158,0.0152,2,9,180,1,2026-08-19T06:20:39.576311+00:00,2026-08-19T06:20:53.757003+00:00
29,93,Onyeka,4,MID,48,1.7508,1.8353,0.28,0.1584,0.2731,0.0036,2,0,0,0,2026-08-19T06:20:39.576311+00:00,2026-08-19T06:20:53.757003+00:00
29,94,Baptiste,4,MID,45,1.6228,1.6495,0.28,0.1584,0.2731,0.002,2,1,28,0,2026-08-19T06:20:39.576311+00:00,2026-08-19T06:20:53.757003+00:00
29,95,Mbeumo,4,FWD,59,4.9028,2.6291,0.82,0.0324,0.7652,0.0552,2,11,139,1,2026-08-19T06:20:39.576311+00:00,2026-08-19T06:20:53.757003+00:00
29,96,Goode,4,DEF,39,0,0,0.0,0.0,0.0,0,2,0,0,0,2026-08-19T06:20:39.576311+00:00,2026-08-19T06:20:53.757003+00:00
29,97,Forss,4,FWD,45,0,0,0.0,0.0,0.0,0,2,0,0,0,2026-08-19T06:20:39.576311+00:00,2026-08-19T06:20:53.757003+00:00
29,98,Thompson,4,DEF,40,0,0,0.0,0.0,0.0,0,2,0,0,0,2026-08-19T06:20:39.576311+00:00,2026-08-19T06:20:53.757003+00:00
29,99,Bidstrup,4,MID,45,0,0,0.0,0.0,0.0,0,2,0,0,0,2026-08-19T06:20:39.576311+00:00,2026-08-19T06:20:53.757003+00:00
29,100,Balcombe,4,GKP,40,0,0,0.0,0.0,0.0,0,2,0,0,0,2026-08-19T06:20:39.576311+00:00,2026-08-19T06:20:53.757003+00:00
29,510,Hickey,4,DEF,49,2.5868,2.6449,0.48,0.1144,0.4556,0.0204,2,1,105,1,2026-08-19T06:20:39.576311+00:00,2026-08-19T06:20:53.757003+00:00
29,515,Lewis-Potter,4,MID,52,0,0,0.0,0.0,0.0,0,2,0,0,0,2026-08-19T06:20:39.576311+00:00,2026-08-19T06:20:53.757003+00:00
29,517,Strakosha,4,GKP,43,0.2948,0.9783,0.04,0.0384,0.0403,0.0004,2,0,0,0,2026-08-19T06:20:39.576311+00:00,2026-08-19T06:20:53.757003+00:00
29,526,Mee,4,DEF,51,4.8676,3.0206,0.82,0.0324,0.7652,0.0752,2,3,180,1,2026-08-19T06:20:39.576311+00:00,2026-08-19T06:20:53.757003+00:00
29,540,Stevens,4,DEF,40,0,0,0.0,0.0,0.0,0,2,0,0,0,2026-08-19T06:20:39.576311+00:00,2026-08-19T06:20:53.757003+00:00
29,541,Dervişoğlu,4,FWD,45,0,0,0.0,0.0,0.0,0,2,0,0,0,2026-08-19T06:20:39.576311+00:00,2026-08-19T06:20:53.757003+00:00
29,580,Damsgaard,4,MID,50,1.5628,1.7332,0.28,0.1584,0.2731,0.0008,2,3,133,1,2026-08-19T06:20:39.576311+00:00,2026-08-19T06:20:53.757003+00:00
29,595,Zanka,4,DEF,40,1.4936,2.1248,0.22,0.1716,0.2183,0.0072,2,0,0,0,2026-08-19T06:20:39.576311+00:00,2026-08-19T06:20:53.757003+00:00
29,632,Trevitt,4,MID,44,0.8928,1.2255,0.1,0.198,0.1088,0.0008,2,0,0,0,2026-08-19T06:20:39.576311+00:00,2026-08-19T06:20:53.757003+00:00
29,633,Cox,4,GKP,39,0,0,0.0,0.0,0.0,0,2,0,0,0,2026-08-19T06:20:39.576311+00:00,2026-08-19T06:20:53.757003+00:00
29,646,Crama,4,DEF,40,0.9368,1.5926,0.1,0.198,0.1088,0.0024,2,0,0,0,2026-08-19T06:20:39.576311+00:00,2026-08-19T06:20:53.757003+00:00
29,650,Yarmolyuk,4,MID,45,0.9316,1.3719,0.1,0.198,0.1088,0.0016,2,0,0,0,2026-08-19T06:20:39.576311+00:00,2026-08-19T06:20:53.757003+00:00
29,688,Schade,4,MID,49,1.4228,1.8829,0.18,0.1804,0.1818,0.0052,2,1,28,0,2026-08-19T06:20:39.576311+00:00,2026-08-19T06:20:53.757003+00:00
29,752,Olakigbe,4,MID,45,0.9052,1.3023,0.1,0.198,0.1088,0.0004,2,0,0,0,2026-08-19T06:20:39.576311+00:00,2026-08-19T06:20:53.757003+00:00
29,101,Lallana,5,MID,48,0,0,0.0,0.0,0.0,0,2,0,0,0,2026-08-19T06:20:39.576311+00:00,2026-08-19T06:20:53.757003+00:00
29,102,Steele,5,GKP,39,0.2968,0.9775,0.04,0.0384,0.0403,0.0,2,10,180,1,2026-08-19T06:20:39.576311+00:00,2026-08-19T06:20:53.757003+00:00
29,103,Welbeck,5,FWD,65,3.0436,2.5113,0.48,0.1456,0.458,0.0208,2,7,99,1,2026-08-19T06:20:39.576311+00:00,2026-08-19T06:20:53.757003+00:00
29,104,Groß,5,MID,54,5.228,2.6024,0.82,0.0324,0.7652,0.0648,2,7,180,1,2026-08-19T06:20:39.576311+00:00,2026-08-19T06:20:53.757003+00:00
29,106,Dunk,5,DEF,47,5.0172,3.0971,0.82,0.0324,0.7652,0.0768,2,7,180,1,2026-08-19T06:20:39.576311+00:00,2026-08-19T06:20:53.757003+00:00
29,107,March,5,MID,52,3.2344,3.1047,0.41,0.1062,0.3898,0.0456,2,8,180,1,2026-08-19T06:20:39.576311+00:00,2026-08-19T06:20:53.757003+00:00
29,108,Webster,5,DEF,45,1.5628,2.073,0.22,0.1716,0.2183,0.0032,2,9,90,1,2026-08-19T06:20:39.576311+00:00,2026-08-19T06:20:53.757003+00:00
29,109,Veltman,5,DEF,46,4.5812,3.4501,0.68,0.0576,0.637,0.0828,2,7,161,1,2026-08-19T06:20:39.576311+00:00,2026-08-19T06:20:53.757003+00:00
29,113,Sánchez,5,GKP,46,6.236,3.1527,0.9,0.008,0.8376,0.1568,2,0,0,0,2026-08-19T06:20:39.576311+00:00,2026-08-19T06:20:53.757003+00:00
29,114,Lamptey,5,DEF,42,0,0,0.0,0.0,0.0,0,2,0,0,0,2026-08-19T06:20:39.576311+00:00,2026-08-19T06:20:53.757003+00:00
29,115,Alzate,5,MID,44,0,0,0.0,0.0,0.0,0,2,0,0,0,2026-08-19T06:20:39.576311+00:00,2026-08-19T06:20:53.757003+00:00
29,116,Mac Allister,5,MID,55,5.3424,3.7783,0.68,0.0576,0.637,0.136,2,9,162,1,2026-08-19T06:20:39.576311+00:00,2026-08-19T06:20:53.757003+00:00
29,117,Moder,5,MID,44,0,0,0.0,0.0,0.0,0,2,0,0,0,2026-08-19T06:20:39.576311+00:00,2026-08-19T06:20:53.757003+00:00
29,118,Mwepu,5,MID,53,0,0,0.0,0.0,0.0,0,2,0,0,0,2026-08-19T06:20:39.576311+00:00,2026-08-19T06:20:53.757003+00:00
29,119,Sarmiento,5,MID,45,0,0,0.0,0.0,0.0,0,2,0,0,0,2026-08-19T06:20:39.576311+00:00,2026-08-19T06:20:53.757003+00:00
29,120,Caicedo,5,MID,50,3.5212,1.6337,0.82,0.0324,0.7652,0.004,2,5,169,1,2026-08-19T06:20:39.576311+00:00,2026-08-19T06:20:53.757003+00:00
29,121,Richards,5,MID,45,0,0,0.0,0.0,0.0,0,2,0,0,0,2026-08-19T06:20:39.576311+00:00,2026-08-19T06:20:53.757003+00:00
29,122,Roberts,5,DEF,40,0,0,0.0,0.0,0.0,0,2,0,0,0,2026-08-19T06:20:39.576311+00:00,2026-08-19T06:20:53.757003+00:00
29,123,Undav,5,FWD,50,1.452,1.9607,0.18,0.1804,0.1818,0.006,2,5,8,0,2026-08-19T06:20:39.576311+00:00,2026-08-19T06:20:53.757003+00:00
29,124,Mitoma,5,MID,56,4.4352,3.7671,0.48,0.1456,0.458,0.106,2,14,180,1,2026-08-19T06:20:39.576311+00:00,2026-08-19T06:20:53.757003+00:00
29,125,Enciso,5,FWD,46,1.2736,1.6355,0.18,0.1804,0.1818,0.0032,2,8,35,0,2026-08-19T06:20:39.576311+00:00,2026-08-19T06:20:53.757003+00:00
29,126,Kozłowski,5,MID,45,0,0,0.0,0.0,0.0,0,2,0,0,0,2026-08-19T06:20:39.576311+00:00,2026-08-19T06:20:53.757003+00:00
29,149,Gilmour,5,MID,42,0.9672,1.3979,0.1,0.198,0.1088,0.0008,2,0,0,0,2026-08-19T06:20:39.576311+00:00,2026-08-19T06:20:53.757003+00:00
29,542,Scherpen,5,GKP,40,0,0,0.0,0.0,0.0,0,2,0,0,0,2026-08-19T06:20:39.576311+00:00,2026-08-19T06:20:53.757003+00:00
29,543,Clarke,5,DEF,40,0,0,0.0,0.0,0.0,0,2,0,0,0,2026-08-19T06:20:39.576311+00:00,2026-08-19T06:20:53.757003+00:00
29,544,Van Hecke,5,DEF,40,1.0232,1.7819,0.1,0.198,0.1088,0.0044,2,0,0,0,2026-08-19T06:20:39.576311+00:00,2026-08-19T06:20:53.757003+00:00
29,559,Colwill,5,DEF,44,1.822,2.4397,0.22,0.1716,0.2183,0.0128,2,1,90,1,2026-08-19T06:20:39.576311+00:00,2026-08-19T06:20:53.757003+00:00
29,586,Estupiñán,5,DEF,48,4.6796,3.4509,0.68,0.0576,0.637,0.0868,2,7,172,1,2026-08-19T06:20:39.576311+00:00,2026-08-19T06:20:53.757003+00:00
29,596,Ferguson,5,FWD,46,2.3448,2.7097,0.28,0.1584,0.2731,0.0268,2,7,72,1,2026-08-19T06:20:39.576311+00:00,2026-08-19T06:20:53.757003+00:00
29,640,Turns,5,DEF,40,0,0,0.0,0.0,0.0,0,2,0,0,0,2026-08-19T06:20:39.576311+00:00,2026-08-19T06:20:53.757003+00:00
29,651,Moran,5,MID,45,0.9308,1.3826,0.1,0.198,0.1088,0.0008,2,0,0,0,2026-08-19T06:20:39.576311+00:00,2026-08-19T06:20:53.757003+00:00
29,652,Furlong,5,DEF,40,0,0,0.0,0.0,0.0,0,2,0,0,0,2026-08-19T06:20:39.576311+00:00,2026-08-19T06:20:53.757003+00:00
29,677,Hinshelwood,5,MID,45,0.9368,1.3729,0.1,0.198,0.1088,0.0008,2,0,0,0,2026-08-19T06:20:39.576311+00:00,2026-08-19T06:20:53.757003+00:00
29,679,Buonanotte,5,MID,45,0.9444,1.4315,0.1,0.198,0.1088,0.0024,2,1,7,0,2026-08-19T06:20:39.576311+00:00,2026-08-19T06:20:53.757003+00:00
29,719,Ayari,5,MID,45,0.9632,1.4233,0.1,0.198,0.1088,0.0012,2,1,10,0,2026-08-19T06:20:39.576311+00:00,2026-08-19T06:20:53.757003+00:00
29,736,Offiah,5,DEF,40,0.9848,1.6753,0.1,0.198,0.1088,0.002,2,0,0,0,2026-08-19T06:20:39.576311+00:00,2026-08-19T06:20:53.757003+00:00
29,756,McGill,5,GKP,40,0.3344,1.0968,0.04,0.0384,0.0403,0.0004,2,,,,2026-08-19T06:20:39.576311+00:00,
29,762,Peupion,5,MID,45,0.9216,1.3264,0.1,0.198,0.1088,0.0,2,,,,2026-08-19T06:20:39.576311+00:00,
29,765,Samuels,5,DEF,40,0,0,0.0,0.0,0.0,0,2,,,,2026-08-19T06:20:39.576311+00:00,
29,48,Chukwuemeka,6,MID,42,0.9404,1.4111,0.1,0.198,0.1088,0.0012,2,0,0,0,2026-08-19T06:20:39.576311+00:00,2026-08-19T06:20:53.757003+00:00
29,112,Cucurella,6,DEF,50,2.2744,2.5319,0.34,0.1452,0.3278,0.0128,2,7,169,1,2026-08-19T06:20:39.576311+00:00,2026-08-19T06:20:53.757003+00:00
29,127,Azpilicueta,6,DEF,47,3.3324,3.0965,0.48,0.1144,0.4556,0.0408,2,0,0,0,2026-08-19T06:20:39.576311+00:00,2026-08-19T06:20:53.757003+00:00
29,128,Thiago Silva,6,DEF,54,4.9316,3.5749,0.68,0.0576,0.637,0.1088,2,0,0,0,2026-08-19T06:20:39.576311+00:00,2026-08-19T06:20:53.757003+00:00
29,129,Alonso,6,DEF,53,0,0,0.0,0.0,0.0,0,2,0,0,0,2026-08-19T06:20:39.576311+00:00,2026-08-19T06:20:53.757003+00:00
29,131,Barkley,6,MID,49,0,0,0.0,0.0,0.0,0,2,0,0,0,2026-08-19T06:20:39.576311+00:00,2026-08-19T06:20:53.757003+00:00
29,132,Kovacic,6,MID,49,1.566,1.8412,0.24,0.1672,0.2366,0.0028,2,3,169,1,2026-08-19T06:20:39.576311+00:00,2026-08-19T06:20:53.757003+00:00
29,133,Arrizabalaga,6,GKP,47,7.6836,3.426,0.9,0.008,0.8376,0.2968,2,8,180,1,2026-08-19T06:20:39.576311+00:00,2026-08-19T06:20:53.757003+00:00
29,134,Kanté,6,MID,48,0.93,1.375,0.09,0.2002,0.0997,0.0012,2,4,101,1,2026-08-19T06:20:39.576311+00:00,2026-08-19T06:20:53.757003+00:00
29,135,Ziyech,6,MID,55,2.0704,2.2483,0.28,0.2016,0.2765,0.0108,2,0,0,0,2026-08-19T06:20:39.576311+00:00,2026-08-19T06:20:53.757003+00:00
29,136,Loftus-Cheek,6,MID,50,2.6996,1.9736,0.48,0.1144,0.4556,0.004,2,1,56,1,2026-08-19T06:20:39.576311+00:00,2026-08-19T06:20:53.757003+00:00
29,137,Werner,6,FWD,79,0,0,0.0,0.0,0.0,0,2,0,0,0,2026-08-19T06:20:39.576311+00:00,2026-08-19T06:20:53.757003+00:00
29,138,Kenedy,6,DEF,39,0,0,0.0,0.0,0.0,0,2,0,0,0,2026-08-19T06:20:39.576311+00:00,2026-08-19T06:20:53.757003+00:00
29,139,Chilwell,6,DEF,60,2.1504,2.7715,0.24,0.2128,0.2402,0.0268,2,9,167,1,2026-08-19T06:20:39.576311+00:00,2026-08-19T06:20:53.757003+00:00
29,140,Pulisic,6,MID,56,2.0324,2.2453,0.28,0.2016,0.2765,0.0116,2,1,10,0,2026-08-19T06:20:39.576311+00:00,2026-08-19T06:20:53.757003+00:00
29,141,Chalobah,6,DEF,44,1.5692,2.1416,0.22,0.1716,0.2183,0.008,2,0,0,0,2026-08-19T06:20:39.576311+00:00,2026-08-19T06:20:53.757003+00:00
29,142,Mount,6,MID,72,2.3368,2.414,0.34,0.1188,0.3257,0.014,2,0,0,0,2026-08-19T06:20:39.576311+00:00,2026-08-19T06:20:53.757003+00:00
29,143,Sarr,6,DEF,50,0,0,0.0,0.0,0.0,0,2,0,0,0,2026-08-19T06:20:39.576311+00:00,2026-08-19T06:20:53.757003+00:00
29,144,Hudson-Odoi,6,MID,53,0,0,0.0,0.0,0.0,0,2,0,0,0,2026-08-19T06:20:39.576311+00:00,2026-08-19T06:20:53.757003+00:00
29,145,Havertz,6,FWD,76,5.446,3.7526,0.68,0.0576,0.637,0.138,2,4,180,1,2026-08-19T06:20:39.576311+00:00,2026-08-19T06:20:53.757003+00:00
29,146,James,6,DEF,58,0,0,0.0,0.0,0.0,0,2,7,180,1,2026-08-19T06:20:39.576311+00:00,2026-08-19T06:20:53.757003+00:00
29,147,Mendy,6,GKP,48,0.6996,1.5385,0.08,0.0736,0.0803,0.0008,2,0,0,0,2026-08-19T06:20:39.576311+00:00,2026-08-19T06:20:53.757003+00:00
29,148,Gallagher,6,MID,56,2.8076,2.4392,0.48,0.1456,0.458,0.0188,2,2,31,0,2026-08-19T06:20:39.576311+00:00,2026-08-19T06:20:53.757003+00:00
29,150,Broja,6,FWD,52,0,0,0.0,0.0,0.0,0,2,0,0,0,2026-08-19T06:20:39.576311+00:00,2026-08-19T06:20:53.757003+00:00
29,151,Ampadu,6,DEF,44,0,0,0.0,0.0,0.0,0,2,0,0,0,2026-08-19T06:20:39.576311+00:00,2026-08-19T06:20:53.757003+00:00
29,272,W.Fofana,6,DEF,43,1.7264,2.4406,0.22,0.1716,0.2183,0.014,2,7,90,1,2026-08-19T06:20:39.576311+00:00,2026-08-19T06:20:53.757003+00:00
29,304,Sterling,6,MID,97,2.3028,2.8343,0.24,0.2128,0.2402,0.0244,2,1,5,0,2026-08-19T06:20:39.576311+00:00,2026-08-19T06:20:53.757003+00:00
29,520,Koulibaly,6,DEF,55,4.5848,3.3906,0.68,0.0576,0.637,0.076,2,9,180,1,2026-08-19T06:20:39.576311+00:00,2026-08-19T06:20:53.757003+00:00
29,606,Vale,6,MID,45,0,0,0.0,0.0,0.0,0,2,0,0,0,2026-08-19T06:20:39.576311+00:00,2026-08-19T06:20:53.757003+00:00
29,616,Zakaria,6,MID,49,1.8512,2.0023,0.28,0.1584,0.2731,0.0064,2,0,0,0,2026-08-19T06:20:39.576311+00:00,2026-08-19T06:20:53.757003+00:00
29,617,Aubameyang,6,FWD,84,2.2356,2.5845,0.28,0.2016,0.2765,0.026,2,0,0,0,2026-08-19T06:20:39.576311+00:00,2026-08-19T06:20:53.757003+00:00
29,635,Bettinelli,6,GKP,40,0.1988,0.7613,0.02,0.0392,0.0217,0.0,2,0,0,0,2026-08-19T06:20:39.576311+00:00,2026-08-19T06:20:53.757003+00:00
29,653,Hutchinson,6,MID,42,1.022,1.4519,0.1,0.198,0.1088,0.0008,2,0,0,0,2026-08-19T06:20:39.576311+00:00,2026-08-19T06:20:53.757003+00:00
29,661,Hall,6,MID,43,1.8176,1.9455,0.28,0.1584,0.2731,0.006,2,0,0,0,2026-08-19T06:20:39.576311+00:00,2026-08-19T06:20:53.757003+00:00
29,673,Humphreys,6,DEF,45,0,0,0.0,0.0,0.0,0,2,0,0,0,2026-08-19T06:20:39.576311+00:00,2026-08-19T06:20:53.757003+00:00
29,684,D.D.Fofana,6,FWD,50,1.3584,1.7593,0.18,0.1804,0.1818,0.004,2,0,0,0,2026-08-19T06:20:39.576311+00:00,2026-08-19T06:20:53.757003+00:00
29,689,Badiashile,6,DEF,50,1.4196,2.3363,0.14,0.1892,0.1453,0.0136,2,0,0,0,2026-08-19T06:20:39.576311+00:00,2026-08-19T06:20:53.757003+00:00
29,690,João Félix,6,FWD,76,3.166,3.5197,0.28,0.2016,0.2765,0.062,2,4,174,1,2026-08-19T06:20:39.576311+00:00,2026-08-19T06:20:53.757003+00:00
29,699,Mudryk,6,MID,65,2.3716,2.636,0.28,0.2016,0.2765,0.0244,2,2,68,1,2026-08-19T06:20:39.576311+00:00,2026-08-19T06:20:53.757003+00:00
29,702,Andrey Santos,6,MID,45,0,0,0.0,0.0,0.0,0,2,0,0,0,2026-08-19T06:20:39.576311+00:00,2026-08-19T06:20:53.757003+00:00
29,708,Madueke,6,MID,55,3.0388,2.6708,0.45,0.154,0.4308,0.0328,2,1,33,0,2026-08-19T06:20:39.576311+00:00,2026-08-19T06:20:53.757003+00:00
29,724,Enzo,6,MID,50,2.1944,2.3628,0.28,0.1584,0.2731,0.0132,2,4,180,1,2026-08-19T06:20:39.576311+00:00,2026-08-19T06:20:53.757003+00:00
29,771,Wady,6,GKP,40,0.39,1.2176,0.04,0.0384,0.0403,0.0012,2,,,,2026-08-19T06:20:39.576311+00:00,
29,775,Gilchrist,6,DEF,40,1.038,1.7077,0.1,0.198,0.1088,0.0024,2,,,,2026-08-19T06:20:39.576311+00:00,
29,18,Sambi,7,MID,43,0.8428,1.2523,0.28,0.1584,0.2731,0.0,1,0,0,0,2026-08-19T06:20:39.576311+00:00,2026-08-19T06:20:53.757003+00:00
29,152,Guaita,7,GKP,44,3.55,2.3081,0.9,0.004,0.8373,0.0028,1,2,90,1,2026-08-19T06:20:39.576311+00:00,2026-08-19T06:20:53.757003+00:00
29,153,Tomkins,7,DEF,39,0,0,0.0,0.0,0.0,0,1,0,0,0,2026-08-19T06:20:39.576311+00:00,2026-08-19T06:20:53.757003+00:00
29,154,McArthur,7,MID,48,0.688,1.2731,0.18,0.1804,0.1818,0.0012,1,0,0,0,2026-08-19T06:20:39.576311+00:00,2026-08-19T06:20:53.757003+00:00
29,155,Benteke,7,FWD,55,0,0,0.0,0.0,0.0,0,1,0,0,0,2026-08-19T06:20:39.576311+00:00,2026-08-19T06:20:53.757003+00:00
29,156,Ward,7,DEF,44,0.8112,1.5638,0.22,0.1716,0.2183,0.0008,1,2,90,1,2026-08-19T06:20:39.576311+00:00,2026-08-19T06:20:53.757003+00:00
29,157,Clyne,7,DEF,45,0.806,1.5684,0.22,0.1404,0.2158,0.0,1,0,0,0,2026-08-19T06:20:39.576311+00:00,2026-08-19T06:20:53.757003+00:00
29,158,Milivojevic,7,MID,42,0,0,0.0,0.0,0.0,0,1,0,0,0,2026-08-19T06:20:39.576311+00:00,2026-08-19T06:20:53.757003+00:00
29,159,J.Ayew,7,MID,52,1.7976,1.5142,0.68,0.0576,0.637,0.0,1,4,45,1,2026-08-19T06:20:39.576311+00:00,2026-08-19T06:20:53.757003+00:00
29,160,Zaha,7,MID,72,0,0,0.0,0.0,0.0,0,1,1,45,1,2026-08-19T06:20:39.576311+00:00,2026-08-19T06:20:53.757003+00:00
29,161,Schlupp,7,MID,47,0,0,0.0,0.0,0.0,0,1,2,80,1,2026-08-19T06:20:39.576311+00:00,2026-08-19T06:20:53.757003+00:00
29,163,Hughes,7,MID,48,0.8948,1.3803,0.28,0.1584,0.2731,0.0004,1,1,9,0,2026-08-19T06:20:39.576311+00:00,2026-08-19T06:20:53.757003+00:00
29,164,Riedewald,7,MID,42,0.4844,0.9926,0.1,0.198,0.1088,0.0004,1,0,0,0,2026-08-19T06:20:39.576311+00:00,2026-08-19T06:20:53.757003+00:00
29,165,Andersen,7,DEF,45,0.8104,1.6135,0.22,0.1404,0.2158,0.0028,1,2,90,1,2026-08-19T06:20:39.576311+00:00,2026-08-19T06:20:53.757003+00:00
29,166,Edouard,7,FWD,50,1.3884,1.6846,0.48,0.1144,0.4556,0.0048,1,2,85,1,2026-08-19T06:20:39.576311+00:00,2026-08-19T06:20:53.757003+00:00
29,167,Guéhi,7,DEF,44,0.692,1.4337,0.22,0.1404,0.2158,0.0008,1,1,90,1,2026-08-19T06:20:39.576311+00:00,2026-08-19T06:20:53.757003+00:00
29,168,Mateta,7,FWD,51,0.9088,1.4788,0.28,0.1584,0.2731,0.002,1,7,4,0,2026-08-19T06:20:39.576311+00:00,2026-08-19T06:20:53.757003+00:00
29,169,Eze,7,MID,54,2.392,2.1485,0.68,0.0576,0.637,0.0076,1,4,90,1,2026-08-19T06:20:39.576311+00:00,2026-08-19T06:20:53.757003+00:00
29,170,Mitchell,7,DEF,44,0.8124,1.5856,0.22,0.1404,0.2158,0.0004,1,2,90,1,2026-08-19T06:20:39.576311+00:00,2026-08-19T06:20:53.757003+00:00
29,171,Olise,7,MID,54,2.4204,2.1358,0.68,0.0576,0.637,0.0068,1,2,90,1,2026-08-19T06:20:39.576311+00:00,2026-08-19T06:20:53.757003+00:00
29,172,Rak-Sakyi,7,MID,45,0,0,0.0,0.0,0.0,0,1,0,0,0,2026-08-19T06:20:39.576311+00:00,2026-08-19T06:20:53.757003+00:00
29,173,Ebiowei,7,MID,42,0,0,0.0,0.0,0.0,0,1,0,0,0,2026-08-19T06:20:39.576311+00:00,2026-08-19T06:20:53.757003+00:00
29,174,Ferguson,7,DEF,39,0,0,0.0,0.0,0.0,0,1,0,0,0,2026-08-19T06:20:39.576311+00:00,2026-08-19T06:20:53.757003+00:00
29,175,Johnstone,7,GKP,44,0.1784,0.7912,0.04,0.0384,0.0403,0.0,1,0,0,0,2026-08-19T06:20:39.576311+00:00,2026-08-19T06:20:53.757003+00:00
29,495,Matthews,7,GKP,40,0,0,0.0,0.0,0.0,0,1,0,0,0,2026-08-19T06:20:39.576311+00:00,2026-08-19T06:20:53.757003+00:00
29,496,Plange,7,FWD,45,0,0,0.0,0.0,0.0,0,1,0,0,0,2026-08-19T06:20:39.576311+00:00,2026-08-19T06:20:53.757003+00:00
29,514,C.Doucouré,7,MID,50,1.9772,1.3681,0.82,0.0324,0.7652,0.0004,1,2,90,1,2026-08-19T06:20:39.576311+00:00,2026-08-19T06:20:53.757003+00:00
29,530,Richards,7,DEF,44,0.9456,1.8245,0.22,0.1716,0.2183,0.0028,1,0,0,0,2026-08-19T06:20:39.576311+00:00,2026-08-19T06:20:53.757003+00:00
29,590,Whitworth,7,GKP,40,0.1736,0.8196,0.04,0.0384,0.0403,0.0,1,0,0,0,2026-08-19T06:20:39.576311+00:00,2026-08-19T06:20:53.757003+00:00
29,601,Rodney,7,MID,45,0.4384,0.9205,0.1,0.198,0.1088,0.0004,1,0,0,0,2026-08-19T06:20:39.576311+00:00,2026-08-19T06:20:53.757003+00:00
29,604,Phillips,7,MID,45,0,0,0.0,0.0,0.0,0,1,0,0,0,2026-08-19T06:20:39.576311+00:00,2026-08-19T06:20:53.757003+00:00
29,634,Gordon,7,FWD,45,0,0,0.0,0.0,0.0,0,1,0,0,0,2026-08-19T06:20:39.576311+00:00,2026-08-19T06:20:53.757003+00:00
29,642,Balmer,7,DEF,40,0.5456,1.2865,0.1,0.198,0.1088,0.0008,1,0,0,0,2026-08-19T06:20:39.576311+00:00,2026-08-19T06:20:53.757003+00:00
29,644,Goodman,7,GKP,40,0.1452,0.7011,0.04,0.0384,0.0403,0.0,1,0,0,0,2026-08-19T06:20:39.576311+00:00,2026-08-19T06:20:53.757003+00:00
29,654,Wells-Morrison,7,MID,45,0.5016,1.0143,0.1,0.198,0.1088,0.0004,1,0,0,0,2026-08-19T06:20:39.576311+00:00,2026-08-19T06:20:53.757003+00:00
29,676,Ozoh,7,MID,45,0.4828,0.9776,0.1,0.198,0.1088,0.0,1,0,0,0,2026-08-19T06:20:39.576311+00:00,2026-08-19T06:20:53.757003+00:00
29,725,Ahamada,7,MID,45,0.516,1.065,0.1,0.198,0.1088,0.0008,1,0,0,0,2026-08-19T06:20:39.576311+00:00,2026-08-19T06:20:53.757003+00:00
29,766,Adaramola,7,DEF,40,0.536,1.3335,0.1,0.198,0.1088,0.0016,1,,,,2026-08-19T06:20:39.576311+00:00,
29,110,Maupay,8,FWD,57,1.5568,1.9709,0.48,0.1456,0.458,0.0068,1,0,0,0,2026-08-19T06:20:39.576311+00:00,2026-08-19T06:20:53.757003+00:00
29,176,Begović,8,GKP,39,0.2076,0.9402,0.04,0.0384,0.0403,0.0,1,0,0,0,2026-08-19T06:20:39.576311+00:00,2026-08-19T06:20:53.757003+00:00
29,177,Rondón,8,FWD,49,0,0,0.0,0.0,0.0,0,1,0,0,0,2026-08-19T06:20:39.576311+00:00,2026-08-19T06:20:53.757003+00:00
29,178,Coleman,8,DEF,44,0,0,0.0,0.0,0.0,0,1,2,76,1,2026-08-19T06:20:39.576311+00:00,2026-08-19T06:20:53.757003+00:00
29,179,Townsend,8,MID,54,0,0,0.0,0.0,0.0,0,1,0,0,0,2026-08-19T06:20:39.576311+00:00,2026-08-19T06:20:53.757003+00:00
29,180,Keane,8,DEF,42,0.9048,1.758,0.22,0.1716,0.2183,0.0036,1,10,90,1,2026-08-19T06:20:39.576311+00:00,2026-08-19T06:20:53.757003+00:00
29,181,Dele,8,MID,53,0,0,0.0,0.0,0.0,0,1,0,0,0,2026-08-19T06:20:39.576311+00:00,2026-08-19T06:20:53.757003+00:00
29,182,Pickford,8,GKP,44,3.404,2.3243,0.9,0.004,0.8373,0.0032,1,2,90,1,2026-08-19T06:20:39.576311+00:00,2026-08-19T06:20:53.757003+00:00
29,183,Allan,8,MID,48,0,0,0.0,0.0,0.0,0,1,0,0,0,2026-08-19T06:20:39.576311+00:00,2026-08-19T06:20:53.757003+00:00
29,184,André Gomes,8,MID,45,0,0,0.0,0.0,0.0,0,1,0,0,0,2026-08-19T06:20:39.576311+00:00,2026-08-19T06:20:53.757003+00:00
29,185,A.Doucouré,8,MID,53,1.6392,2.108,0.48,0.1144,0.4556,0.008,1,-2,57,1,2026-08-19T06:20:39.576311+00:00,2026-08-19T06:20:53.757003+00:00
29,186,Iwobi,8,MID,51,2.3768,1.6599,0.82,0.0324,0.7652,0.0024,1,2,90,1,2026-08-19T06:20:39.576311+00:00,2026-08-19T06:20:53.757003+00:00
29,187,Gbamin,8,MID,45,0,0,0.0,0.0,0.0,0,1,0,0,0,2026-08-19T06:20:39.576311+00:00,2026-08-19T06:20:53.757003+00:00
29,188,Mina,8,DEF,43,0.5056,1.2869,0.1,0.198,0.1088,0.0016,1,0,0,0,2026-08-19T06:20:39.576311+00:00,2026-08-19T06:20:53.757003+00:00
29,189,Gray,8,MID,53,2.6956,2.2199,0.82,0.0324,0.7652,0.0136,1,2,76,1,2026-08-19T06:20:39.576311+00:00,2026-08-19T06:20:53.757003+00:00
29,190,Davies,8,MID,49,0.5316,1.0691,0.14,0.1892,0.1453,0.0004,1,1,7,0,2026-08-19T06:20:39.576311+00:00,2026-08-19T06:20:53.757003+00:00
29,191,Calvert-Lewin,8,FWD,79,0,0,0.0,0.0,0.0,0,1,0,0,0,2026-08-19T06:20:39.576311+00:00,2026-08-19T06:20:53.757003+00:00
29,192,Holgate,8,DEF,42,0.8604,1.6586,0.22,0.1716,0.2183,0.0016,1,0,0,0,2026-08-19T06:20:39.576311+00:00,2026-08-19T06:20:53.757003+00:00
29,193,Godfrey,8,DEF,43,0,0,0.0,0.0,0.0,0,1,5,90,1,2026-08-19T06:20:39.576311+00:00,2026-08-19T06:20:53.757003+00:00
29,194,Mykolenko,8,DEF,41,0.5184,1.2528,0.11,0.1602,0.1151,0.0008,1,1,13,0,2026-08-19T06:20:39.576311+00:00,2026-08-19T06:20:53.757003+00:00
29,196,Branthwaite,8,DEF,40,0,0,0.0,0.0,0.0,0,1,0,0,0,2026-08-19T06:20:39.576311+00:00,2026-08-19T06:20:53.757003+00:00
29,197,Patterson,8,DEF,39,0,0,0.0,0.0,0.0,0,1,0,0,0,2026-08-19T06:20:39.576311+00:00,2026-08-19T06:20:53.757003+00:00
29,198,Nkounkou,8,DEF,40,0,0,0.0,0.0,0.0,0,1,0,0,0,2026-08-19T06:20:39.576311+00:00,2026-08-19T06:20:53.757003+00:00
29,199,Tarkowski,8,DEF,42,0.9084,1.8456,0.22,0.1404,0.2158,0.004,1,2,90,1,2026-08-19T06:20:39.576311+00:00,2026-08-19T06:20:53.757003+00:00
29,475,Coady,8,DEF,48,2.1588,2.1886,0.68,0.0576,0.637,0.0012,1,0,0,0,2026-08-19T06:20:39.576311+00:00,2026-08-19T06:20:53.757003+00:00
29,531,Vinagre,8,DEF,43,0,0,0.0,0.0,0.0,0,1,0,0,0,2026-08-19T06:20:39.576311+00:00,2026-08-19T06:20:53.757003+00:00
29,534,McNeil,8,MID,51,2.0972,1.9216,0.68,0.0576,0.637,0.004,1,2,90,1,2026-08-19T06:20:39.576311+00:00,2026-08-19T06:20:53.757003+00:00
29,560,Mills,8,MID,43,0.4504,0.9806,0.1,0.198,0.1088,0.0004,1,0,0,0,2026-08-19T06:20:39.576311+00:00,2026-08-19T06:20:53.757003+00:00
29,561,Warrington,8,MID,44,0,0,0.0,0.0,0.0,0,1,0,0,0,2026-08-19T06:20:39.576311+00:00,2026-08-19T06:20:53.757003+00:00
29,570,Garner,8,MID,45,0.4712,0.9695,0.1,0.198,0.1088,0.0008,1,1,6,0,2026-08-19T06:20:39.576311+00:00,2026-08-19T06:20:53.757003+00:00
29,577,Onana,8,MID,48,2.0288,1.5161,0.82,0.0324,0.7652,0.0008,1,2,83,1,2026-08-19T06:20:39.576311+00:00,2026-08-19T06:20:53.757003+00:00
29,605,Welch,8,DEF,40,0.5096,1.2057,0.1,0.198,0.1088,0.0008,1,0,0,0,2026-08-19T06:20:39.576311+00:00,2026-08-19T06:20:53.757003+00:00
29,611,Gueye,8,MID,48,1.6232,1.2987,0.68,0.0576,0.637,0.0,1,2,83,1,2026-08-19T06:20:39.576311+00:00,2026-08-19T06:20:53.757003+00:00
29,627,Jakupović,8,GKP,40,0,0,0.0,0.0,0.0,0,1,0,0,0,2026-08-19T06:20:39.576311+00:00,2026-08-19T06:20:53.757003+00:00
29,637,John,8,DEF,40,0.498,1.2398,0.1,0.198,0.1088,0.0012,1,0,0,0,2026-08-19T06:20:39.576311+00:00,2026-08-19T06:20:53.757003+00:00
29,662,Cannon,8,FWD,45,0,0,0.0,0.0,0.0,0,1,0,0,0,2026-08-19T06:20:39.576311+00:00,2026-08-19T06:20:53.757003+00:00
29,678,Price,8,MID,45,0.4772,0.9721,0.1,0.198,0.1088,0.0,1,0,0,0,2026-08-19T06:20:39.576311+00:00,2026-08-19T06:20:53.757003+00:00
29,686,Simms,8,FWD,45,0.4816,1.0294,0.1,0.198,0.1088,0.0004,1,1,13,0,2026-08-19T06:20:39.576311+00:00,2026-08-19T06:20:53.757003+00:00
29,757,Samuels-Smith,8,DEF,40,0,0,0.0,0.0,0.0,0,1,,,,2026-08-19T06:20:39.576311+00:00,
29,760,Lonergan,8,GKP,40,0.1912,0.8375,0.04,0.0384,0.0403,0.0,1,,,,2026-08-19T06:20:39.576311+00:00,
29,768,McAllister,8,MID,45,0.5068,1.0119,0.1,0.198,0.1088,0.0,1,,,,2026-08-19T06:20:39.576311+00:00,
29,1,Cédric,9,DEF,42,0.4672,1.081,0.1,0.198,0.1088,0.0,1,1,8,0,2026-08-19T06:20:39.576311+00:00,2026-08-19T06:20:53.757003+00:00
29,2,Leno,9,GKP,45,3.5396,2.2989,0.9,0.004,0.8373,0.0048,1,2,90,1,2026-08-19T06:20:39.576311+00:00,2026-08-19T06:20:53.757003+00:00
29,105,Duffy,9,DEF,43,0.4632,1.1379,0.1,0.198,0.1088,0.0004,1,0,0,0,2026-08-19T06:20:39.576311+00:00,2026-08-19T06:20:53.757003+00:00
29,200,Cairney,9,MID,47,0.8952,1.3738,0.28,0.1584,0.2731,0.0008,1,0,21,0,2026-08-19T06:20:39.576311+00:00,2026-08-19T06:20:53.757003+00:00
29,201,Ream,9,DEF,46,0,0,0.0,0.0,0.0,0,1,1,90,1,2026-08-19T06:20:39.576311+00:00,2026-08-19T06:20:53.757003+00:00
29,202,Knockaert,9,MID,47,0,0,0.0,0.0,0.0,0,1,0,0,0,2026-08-19T06:20:39.576311+00:00,2026-08-19T06:20:53.757003+00:00
29,203,Chalobah,9,MID,44,0,0,0.0,0.0,0.0,0,1,0,0,0,2026-08-19T06:20:39.576311+00:00,2026-08-19T06:20:53.757003+00:00
29,204,Kebano,9,MID,54,0.8496,1.2334,0.28,0.1584,0.2731,0.0004,1,0,0,0,2026-08-19T06:20:39.576311+00:00,2026-08-19T06:20:53.757003+00:00
29,205,De Cordova-Reid,9,MID,54,1.9896,1.5071,0.82,0.0324,0.7652,0.0004,1,2,68,1,2026-08-19T06:20:39.576311+00:00,2026-08-19T06:20:53.757003+00:00
29,206,Bryan,9,DEF,44,0,0,0.0,0.0,0.0,0,1,0,0,0,2026-08-19T06:20:39.576311+00:00,2026-08-19T06:20:53.757003+00:00
29,207,Gazzaniga,9,GKP,40,0,0,0.0,0.0,0.0,0,1,0,0,0,2026-08-19T06:20:39.576311+00:00,2026-08-19T06:20:53.757003+00:00
29,208,Kongolo,9,DEF,39,0,0,0.0,0.0,0.0,0,1,0,0,0,2026-08-19T06:20:39.576311+00:00,2026-08-19T06:20:53.757003+00:00
29,209,Tosin,9,DEF,44,0.7684,1.4095,0.22,0.1716,0.2183,0.0004,1,0,0,0,2026-08-19T06:20:39.576311+00:00,2026-08-19T06:20:53.757003+00:00
29,210,Mitrović,9,FWD,66,2.1868,2.155,0.68,0.0576,0.637,0.012,1,0,0,0,2026-08-19T06:20:39.576311+00:00,2026-08-19T06:20:53.757003+00:00
29,211,Reed,9,MID,43,2.0584,1.3238,0.82,0.0324,0.7652,0.0,1,7,68,1,2026-08-19T06:20:39.576311+00:00,2026-08-19T06:20:53.757003+00:00
29,212,Wilson,9,MID,57,1.0016,1.543,0.28,0.2016,0.2765,0.0024,1,1,2,0,2026-08-19T06:20:39.576311+00:00,2026-08-19T06:20:53.757003+00:00
29,213,Rodák,9,GKP,43,0.1384,0.6433,0.04,0.0384,0.0403,0.0,1,0,0,0,2026-08-19T06:20:39.576311+00:00,2026-08-19T06:20:53.757003+00:00
29,214,Cavaleiro,9,MID,48,0,0,0.0,0.0,0.0,0,1,0,0,0,2026-08-19T06:20:39.576311+00:00,2026-08-19T06:20:53.757003+00:00
29,215,Tete,9,DEF,44,0.6424,1.3816,0.22,0.1404,0.2158,0.0012,1,0,81,1,2026-08-19T06:20:39.576311+00:00,2026-08-19T06:20:53.757003+00:00
29,216,Onomah,9,MID,43,0,0,0.0,0.0,0.0,0,1,0,0,0,2026-08-19T06:20:39.576311+00:00,2026-08-19T06:20:53.757003+00:00
29,217,Robinson,9,DEF,44,0.724,1.4563,0.22,0.1404,0.2158,0.0004,1,0,90,1,2026-08-19T06:20:39.576311+00:00,2026-08-19T06:20:53.757003+00:00
29,218,Muniz,9,FWD,54,0,0,0.0,0.0,0.0,0,1,0,0,0,2026-08-19T06:20:39.576311+00:00,2026-08-19T06:20:53.757003+00:00
29,219,Stansfield,9,FWD,45,0,0,0.0,0.0,0.0,0,1,0,0,0,2026-08-19T06:20:39.576311+00:00,2026-08-19T06:20:53.757003+00:00
29,220,Palhinha,9,MID,49,2.0016,1.5938,0.82,0.0324,0.7652,0.0016,1,2,87,1,2026-08-19T06:20:39.576311+00:00,2026-08-19T06:20:53.757003+00:00
29,231,James,9,MID,59,0.6492,1.1403,0.14,0.2408,0.1495,0.0,1,1,21,0,2026-08-19T06:20:39.576311+00:00,2026-08-19T06:20:53.757003+00:00
29,346,Andreas,9,MID,43,0,0,0.0,0.0,0.0,0,1,6,81,1,2026-08-19T06:20:39.576311+00:00,2026-08-19T06:20:53.757003+00:00
29,470,Diop,9,DEF,43,0.8116,1.513,0.22,0.1716,0.2183,0.0,1,1,90,1,2026-08-19T06:20:39.576311+00:00,2026-08-19T06:20:53.757003+00:00
29,521,Francois,9,MID,44,0,0,0.0,0.0,0.0,0,1,0,0,0,2026-08-19T06:20:39.576311+00:00,2026-08-19T06:20:53.757003+00:00
29,532,Mbabu,9,DEF,43,0,0,0.0,0.0,0.0,0,1,0,0,0,2026-08-19T06:20:39.576311+00:00,2026-08-19T06:20:53.757003+00:00
29,546,Harris,9,MID,44,0.4516,0.9226,0.1,0.198,0.1088,0.0,1,0,0,0,2026-08-19T06:20:39.576311+00:00,2026-08-19T06:20:53.757003+00:00
29,562,Solomon,9,MID,49,0.6776,1.2771,0.18,0.1804,0.1818,0.002,1,2,90,1,2026-08-19T06:20:39.576311+00:00,2026-08-19T06:20:53.757003+00:00
29,591,Ablade,9,FWD,45,0.4624,0.9597,0.1,0.198,0.1088,0.0,1,0,0,0,2026-08-19T06:20:39.576311+00:00,2026-08-19T06:20:53.757003+00:00
29,613,Kurzawa,9,DEF,43,0.4644,1.0772,0.1,0.198,0.1088,0.0,1,0,0,0,2026-08-19T06:20:39.576311+00:00,2026-08-19T06:20:53.757003+00:00
29,614,Willian,9,MID,55,2.1348,1.797,0.68,0.0896,0.6396,0.0028,1,0,0,0,2026-08-19T06:20:39.576311+00:00,2026-08-19T06:20:53.757003+00:00
29,618,Vinícius,9,FWD,54,0.9624,1.528,0.28,0.1584,0.2731,0.0008,1,2,90,1,2026-08-19T06:20:39.576311+00:00,2026-08-19T06:20:53.757003+00:00
29,636,Parkes,9,DEF,40,0.4448,1.0343,0.1,0.198,0.1088,0.0,1,0,0,0,2026-08-19T06:20:39.576311+00:00,2026-08-19T06:20:53.757003+00:00
29,641,Godo,9,MID,45,0.5068,0.9838,0.1,0.198,0.1088,0.0,1,0,0,0,2026-08-19T06:20:39.576311+00:00,2026-08-19T06:20:53.757003+00:00
29,667,Sekularac,9,MID,45,0.4764,0.984,0.1,0.198,0.1088,0.0012,1,0,0,0,2026-08-19T06:20:39.576311+00:00,2026-08-19T06:20:53.757003+00:00
29,726,Lukic,9,MID,45,0.4676,0.9371,0.1,0.198,0.1088,0.0,1,1,8,0,2026-08-19T06:20:39.576311+00:00,2026-08-19T06:20:53.757003+00:00
29,747,Wickens,9,GKP,40,0.1684,0.7633,0.04,0.0384,0.0403,0.0,1,0,0,0,2026-08-19T06:20:39.576311+00:00,2026-08-19T06:20:53.757003+00:00
29,750,C.Robinson,9,DEF,40,0.5008,1.1364,0.1,0.198,0.1088,0.0,1,0,0,0,2026-08-19T06:20:39.576311+00:00,2026-08-19T06:20:53.757003+00:00
29,763,Dibley-Dias,9,MID,45,0.4856,0.964,0.1,0.198,0.1088,0.0,1,,,,2026-08-19T06:20:39.576311+00:00,
29,248,Schmeichel,10,GKP,50,0,0,0.0,0.0,0.0,0,2,0,0,0,2026-08-19T06:20:39.576311+00:00,2026-08-19T06:20:53.757003+00:00
29,249,Evans,10,DEF,44,1.5908,2.1527,0.22,0.1716,0.2183,0.006,2,0,0,0,2026-08-19T06:20:39.576311+00:00,2026-08-19T06:20:53.757003+00:00
29,250,Bertrand,10,DEF,39,0.968,1.5661,0.11,0.1958,0.118,0.0012,2,0,0,0,2026-08-19T06:20:39.576311+00:00,2026-08-19T06:20:53.757003+00:00
29,251,Albrighton,10,MID,47,0,0,0.0,0.0,0.0,0,2,0,0,0,2026-08-19T06:20:39.576311+00:00,2026-08-19T06:20:53.757003+00:00
29,252,Mendy,10,MID,43,1.7476,1.8419,0.28,0.1584,0.2731,0.004,2,2,90,1,2026-08-19T06:20:39.576311+00:00,2026-08-19T06:20:53.757003+00:00
29,253,Vestergaard,10,DEF,38,0,0,0.0,0.0,0.0,0,2,0,0,0,2026-08-19T06:20:39.576311+00:00,2026-08-19T06:20:53.757003+00:00
29,254,Ward,10,GKP,40,0.2292,0.9344,0.02,0.0392,0.0217,0.0004,2,0,0,0,2026-08-19T06:20:39.576311+00:00,2026-08-19T06:20:53.757003+00:00
29,255,Vardy,10,FWD,91,3.0104,2.436,0.48,0.1456,0.458,0.02,2,2,75,1,2026-08-19T06:20:39.576311+00:00,2026-08-19T06:20:53.757003+00:00
29,256,Ricardo,10,DEF,43,1.5072,2.151,0.22,0.1716,0.2183,0.0084,2,8,50,1,2026-08-19T06:20:39.576311+00:00,2026-08-19T06:20:53.757003+00:00
29,257,Amartey,10,DEF,40,1.6876,2.3759,0.22,0.1404,0.2158,0.0112,2,0,0,0,2026-08-19T06:20:39.576311+00:00,2026-08-19T06:20:53.757003+00:00
29,258,Castagne,10,DEF,44,1.688,2.273,0.22,0.1404,0.2158,0.0076,2,6,180,1,2026-08-19T06:20:39.576311+00:00,2026-08-19T06:20:53.757003+00:00
29,259,Tielemans,10,MID,61,3.9748,2.5445,0.68,0.0576,0.637,0.0368,2,0,0,0,2026-08-19T06:20:39.576311+00:00,2026-08-19T06:20:53.757003+00:00
29,260,Pérez,10,MID,47,0,0,0.0,0.0,0.0,0,2,0,0,0,2026-08-19T06:20:39.576311+00:00,2026-08-19T06:20:53.757003+00:00
29,261,Maddison,10,MID,83,4.4276,3.1102,0.68,0.0576,0.637,0.078,2,4,174,1,2026-08-19T06:20:39.576311+00:00,2026-08-19T06:20:53.757003+00:00
29,262,Iheanacho,10,FWD,61,2.664,2.8793,0.28,0.2016,0.2765,0.0292,2,1,18,0,2026-08-19T06:20:39.576311+00:00,2026-08-19T06:20:53.757003+00:00
29,263,Choudhury,10,MID,45,0,0,0.0,0.0,0.0,0,2,0,0,0,2026-08-19T06:20:39.576311+00:00,2026-08-19T06:20:53.757003+00:00
29,264,Barnes,10,MID,67,5.5652,3.3729,0.82,0.0324,0.7652,0.13,2,9,180,1,2026-08-19T06:20:39.576311+00:00,2026-08-19T06:20:53.757003+00:00
29,265,Ndidi,10,MID,48,1.3552,1.4586,0.24,0.1672,0.2366,0.0008,2,3,180,1,2026-08-19T06:20:39.576311+00:00,2026-08-19T06:20:53.757003+00:00
29,266,Dewsbury-Hall,10,MID,49,3.9384,2.5032,0.68,0.0576,0.637,0.0348,2,0,159,1,2026-08-19T06:20:39.576311+00:00,2026-08-19T06:20:53.757003+00:00
29,267,Söyüncü,10,DEF,42,0,0,0.0,0.0,0.0,0,2,0,0,0,2026-08-19T06:20:39.576311+00:00,2026-08-19T06:20:53.757003+00:00
29,268,Justin,10,DEF,42,0,0,0.0,0.0,0.0,0,2,0,0,0,2026-08-19T06:20:39.576311+00:00,2026-08-19T06:20:53.757003+00:00
29,269,Soumaré,10,MID,44,2.1904,1.6931,0.48,0.1144,0.4556,0.0004,2,0,0,0,2026-08-19T06:20:39.576311+00:00,2026-08-19T06:20:53.757003+00:00
29,270,Thomas,10,DEF,39,1.564,2.0751,0.22,0.1716,0.2183,0.004,2,1,30,0,2026-08-19T06:20:39.576311+00:00,2026-08-19T06:20:53.757003+00:00
29,271,Daka,10,FWD,56,2.872,2.3178,0.48,0.1456,0.458,0.0128,2,3,85,1,2026-08-19T06:20:39.576311+00:00,2026-08-19T06:20:53.757003+00:00
29,273,Brunt,10,DEF,39,1.0104,1.6522,0.1,0.198,0.1088,0.0016,2,0,0,0,2026-08-19T06:20:39.576311+00:00,2026-08-19T06:20:53.757003+00:00
29,548,Iversen,10,GKP,38,5.0108,2.9171,0.88,0.0048,0.8188,0.0684,2,3,180,1,2026-08-19T06:20:39.576311+00:00,2026-08-19T06:20:53.757003+00:00
29,549,Praet,10,MID,48,1.7656,1.956,0.28,0.1584,0.2731,0.006,2,0,0,0,2026-08-19T06:20:39.576311+00:00,2026-08-19T06:20:53.757003+00:00
29,581,Smithies,10,GKP,39,0.3564,1.079,0.04,0.0384,0.0403,0.0,2,0,0,0,2026-08-19T06:20:39.576311+00:00,2026-08-19T06:20:53.757003+00:00
29,612,Faes,10,DEF,42,1.4276,1.9886,0.22,0.1404,0.2158,0.0036,2,6,180,1,2026-08-19T06:20:39.576311+00:00,2026-08-19T06:20:53.757003+00:00
29,639,Braybrooke,10,MID,45,0,0,0.0,0.0,0.0,0,2,0,0,0,2026-08-19T06:20:39.576311+00:00,2026-08-19T06:20:53.757003+00:00
29,645,Wormleighton,10,DEF,40,0.9104,1.5659,0.1,0.198,0.1088,0.0024,2,0,0,0,2026-08-19T06:20:39.576311+00:00,2026-08-19T06:20:53.757003+00:00
29,687,McAteer,10,MID,45,0,0,0.0,0.0,0.0,0,2,0,0,0,2026-08-19T06:20:39.576311+00:00,2026-08-19T06:20:53.757003+00:00
29,709,Kristiansen,10,DEF,45,1.666,2.274,0.22,0.1716,0.2183,0.0104,2,1,149,1,2026-08-19T06:20:39.576311+00:00,2026-08-19T06:20:53.757003+00:00
29,715,Tetê,10,MID,53,2.0832,2.4,0.28,0.1584,0.2731,0.0168,2,1,45,1,2026-08-19T06:20:39.576311+00:00,2026-08-19T06:20:53.757003+00:00
29,727,Souttar,10,DEF,45,1.6624,2.3947,0.22,0.1716,0.2183,0.0112,2,1,180,1,2026-08-19T06:20:39.576311+00:00,2026-08-19T06:20:53.757003+00:00
29,735,Marçal-Madivadua,10,MID,45,0.9376,1.3443,0.1,0.198,0.1088,0.0008,2,0,0,0,2026-08-19T06:20:39.576311+00:00,2026-08-19T06:20:53.757003+00:00
29,221,Cooper,11,DEF,44,1.646,2.2663,0.22,0.1716,0.2183,0.0108,2,1,16,0,2026-08-19T06:20:39.576311+00:00,2026-08-19T06:20:53.757003+00:00
29,222,Ayling,11,DEF,45,1.8844,2.6816,0.22,0.1716,0.2183,0.0196,2,2,180,1,2026-08-19T06:20:39.576311+00:00,2026-08-19T06:20:53.757003+00:00
29,223,Klich,11,MID,46,0,0,0.0,0.0,0.0,0,2,0,0,0,2026-08-19T06:20:39.576311+00:00,2026-08-19T06:20:53.757003+00:00
29,224,Forshaw,11,MID,44,0.9052,1.2928,0.1,0.198,0.1088,0.0016,2,0,0,0,2026-08-19T06:20:39.576311+00:00,2026-08-19T06:20:53.757003+00:00
29,225,Rodrigo,11,MID,63,2.0656,2.357,0.24,0.2128,0.2402,0.0136,2,2,41,0,2026-08-19T06:20:39.576311+00:00,2026-08-19T06:20:53.757003+00:00
29,226,Dallas,11,DEF,49,0,0,0.0,0.0,0.0,0,2,0,0,0,2026-08-19T06:20:39.576311+00:00,2026-08-19T06:20:53.757003+00:00
29,227,Bamford,11,FWD,71,1.8992,2.1657,0.24,0.2128,0.2402,0.0096,2,2,95,1,2026-08-19T06:20:39.576311+00:00,2026-08-19T06:20:53.757003+00:00
29,228,Llorente,11,DEF,44,0,0,0.0,0.0,0.0,0,2,0,0,0,2026-08-19T06:20:39.576311+00:00,2026-08-19T06:20:53.757003+00:00
29,229,Roberts,11,MID,50,0,0,0.0,0.0,0.0,0,2,0,0,0,2026-08-19T06:20:39.576311+00:00,2026-08-19T06:20:53.757003+00:00
29,230,Koch,11,DEF,45,1.4856,2.1379,0.22,0.1404,0.2158,0.006,2,2,163,1,2026-08-19T06:20:39.576311+00:00,2026-08-19T06:20:53.757003+00:00
29,232,Raphinha,11,MID,70,0,0,0.0,0.0,0.0,0,2,0,0,0,2026-08-19T06:20:39.576311+00:00,2026-08-19T06:20:53.757003+00:00
29,233,Harrison,11,MID,57,5.146,3.3517,0.68,0.0576,0.637,0.1132,2,10,174,1,2026-08-19T06:20:39.576311+00:00,2026-08-19T06:20:53.757003+00:00
29,234,Shackleton,11,MID,45,0,0,0.0,0.0,0.0,0,2,0,0,0,2026-08-19T06:20:39.576311+00:00,2026-08-19T06:20:53.757003+00:00
29,235,Struijk,11,DEF,45,1.6392,2.2715,0.22,0.1404,0.2158,0.01,2,2,180,1,2026-08-19T06:20:39.576311+00:00,2026-08-19T06:20:53.757003+00:00
29,236,Klaesson,11,GKP,39,0.5564,1.7477,0.04,0.0384,0.0403,0.0072,2,0,0,0,2026-08-19T06:20:39.576311+00:00,2026-08-19T06:20:53.757003+00:00
29,237,Greenwood,11,FWD,40,1.7052,1.8611,0.28,0.1584,0.2731,0.004,2,0,0,0,2026-08-19T06:20:39.576311+00:00,2026-08-19T06:20:53.757003+00:00
29,238,Meslier,11,GKP,45,6.3332,3.1457,0.9,0.004,0.8373,0.1632,2,2,180,1,2026-08-19T06:20:39.576311+00:00,2026-08-19T06:20:53.757003+00:00
29,239,Firpo,11,DEF,45,1.5852,2.2188,0.22,0.1716,0.2183,0.0064,2,5,180,1,2026-08-19T06:20:39.576311+00:00,2026-08-19T06:20:53.757003+00:00
29,240,Summerville,11,MID,42,3.07,2.5898,0.48,0.1144,0.4556,0.0256,2,2,89,1,2026-08-19T06:20:39.576311+00:00,2026-08-19T06:20:53.757003+00:00
29,241,Bate,11,MID,45,0,0,0.0,0.0,0.0,0,2,0,0,0,2026-08-19T06:20:39.576311+00:00,2026-08-19T06:20:53.757003+00:00
29,242,Gelhardt,11,FWD,51,0,0,0.0,0.0,0.0,0,2,0,0,0,2026-08-19T06:20:39.576311+00:00,2026-08-19T06:20:53.757003+00:00
29,243,Hjelde,11,DEF,39,0,0,0.0,0.0,0.0,0,2,0,0,0,2026-08-19T06:20:39.576311+00:00,2026-08-19T06:20:53.757003+00:00
29,244,Kristensen,11,DEF,47,2.7688,2.7238,0.48,0.1144,0.4556,0.0228,2,7,91,1,2026-08-19T06:20:39.576311+00:00,2026-08-19T06:20:53.757003+00:00
29,245,Roca,11,MID,48,3.2704,1.9792,0.68,0.0576,0.637,0.0108,2,9,180,1,2026-08-19T06:20:39.576311+00:00,2026-08-19T06:20:53.757003+00:00
29,246,Aaronson,11,MID,53,3.6184,2.2573,0.68,0.0576,0.637,0.022,2,4,137,1,2026-08-19T06:20:39.576311+00:00,2026-08-19T06:20:53.757003+00:00
29,247,Gyabi,11,MID,42,0,0,0.0,0.0,0.0,0,2,0,0,0,2026-08-19T06:20:39.576311+00:00,2026-08-19T06:20:53.757003+00:00
29,506,Adams,11,MID,49,0,0,0.0,0.0,0.0,0,2,0,0,0,2026-08-19T06:20:39.576311+00:00,2026-08-19T06:20:53.757003+00:00
29,508,Sinisterra,11,MID,65,0,0,0.0,0.0,0.0,0,2,12,137,1,2026-08-19T06:20:39.576311+00:00,2026-08-19T06:20:53.757003+00:00
29,547,Drameh,11,DEF,40,0,0,0.0,0.0,0.0,0,2,0,0,0,2026-08-19T06:20:39.576311+00:00,2026-08-19T06:20:53.757003+00:00
29,565,Gray,11,MID,45,0,0,0.0,0.0,0.0,0,2,0,0,0,2026-08-19T06:20:39.576311+00:00,2026-08-19T06:20:53.757003+00:00
29,578,Robles,11,GKP,40,0.3452,1.1186,0.04,0.0384,0.0403,0.0004,2,0,0,0,2026-08-19T06:20:39.576311+00:00,2026-08-19T06:20:53.757003+00:00
29,619,Gnonto,11,FWD,49,2.9612,2.5276,0.48,0.1144,0.4556,0.0188,2,0,0,0,2026-08-19T06:20:39.576311+00:00,2026-08-19T06:20:53.757003+00:00
29,659,Mateo Joseph,11,FWD,45,0,0,0.0,0.0,0.0,0,2,0,0,0,2026-08-19T06:20:39.576311+00:00,2026-08-19T06:20:53.757003+00:00
29,663,Perkins,11,FWD,45,0.8948,1.2839,0.1,0.198,0.1088,0.0012,2,0,0,0,2026-08-19T06:20:39.576311+00:00,2026-08-19T06:20:53.757003+00:00
29,691,Wöber,11,DEF,45,1.674,2.3596,0.22,0.1716,0.2183,0.0128,2,0,0,0,2026-08-19T06:20:39.576311+00:00,2026-08-19T06:20:53.757003+00:00
29,700,Rutter,11,FWD,53,1.3268,1.7382,0.18,0.1804,0.1818,0.0036,2,1,16,0,2026-08-19T06:20:39.576311+00:00,2026-08-19T06:20:53.757003+00:00
29,720,McKennie,11,MID,47,1.6332,1.8078,0.28,0.1584,0.2731,0.0032,2,3,115,1,2026-08-19T06:20:39.576311+00:00,2026-08-19T06:20:53.757003+00:00
29,742,Chilokoa-Mullen,11,DEF,40,0.946,1.597,0.1,0.198,0.1088,0.0016,2,0,0,0,2026-08-19T06:20:39.576311+00:00,2026-08-19T06:20:53.757003+00:00
29,743,Monteiro,11,DEF,40,0.978,1.6798,0.1,0.198,0.1088,0.0028,2,0,0,0,2026-08-19T06:20:39.576311+00:00,2026-08-19T06:20:53.757003+00:00
29,274,Milner,12,MID,44,1.6252,1.6844,0.28,0.1584,0.2731,0.0016,2,2,19,0,2026-08-19T06:20:39.576311+00:00,2026-08-19T06:20:53.757003+00:00
29,275,Henderson,12,MID,53,2.4364,1.8888,0.48,0.1144,0.4556,0.0044,2,5,180,1,2026-08-19T06:20:39.576311+00:00,2026-08-19T06:20:53.757003+00:00
29,276,Matip,12,DEF,59,2.9,2.8809,0.48,0.1456,0.458,0.0324,2,5,90,1,2026-08-19T06:20:39.576311+00:00,2026-08-19T06:20:53.757003+00:00
29,277,Thiago,12,MID,51,0,0,0.0,0.0,0.0,0,2,0,0,0,2026-08-19T06:20:39.576311+00:00,2026-08-19T06:20:53.757003+00:00
29,278,Chamberlain,12,MID,49,1.8164,2.0789,0.28,0.1584,0.2731,0.0064,2,1,20,0,2026-08-19T06:20:39.576311+00:00,2026-08-19T06:20:53.757003+00:00
29,279,Firmino,12,FWD,80,3.6536,2.7782,0.48,0.1456,0.458,0.0352,2,3,84,1,2026-08-19T06:20:39.576311+00:00,2026-08-19T06:20:53.757003+00:00
29,280,Van Dijk,12,DEF,65,4.636,3.5361,0.68,0.0576,0.637,0.1024,2,0,90,1,2026-08-19T06:20:39.576311+00:00,2026-08-19T06:20:53.757003+00:00
29,281,Alisson,12,GKP,54,6.2444,3.0895,0.9,0.008,0.8376,0.1536,2,7,180,1,2026-08-19T06:20:39.576311+00:00,2026-08-19T06:20:53.757003+00:00
29,282,Fabinho,12,MID,52,2.9052,1.7253,0.68,0.0576,0.637,0.0048,2,4,180,1,2026-08-19T06:20:39.576311+00:00,2026-08-19T06:20:53.757003+00:00
29,283,Salah,12,MID,128,6.8852,3.9454,0.82,0.0324,0.7652,0.256,2,7,94,1,2026-08-19T06:20:39.576311+00:00,2026-08-19T06:20:53.757003+00:00
29,284,Robertson,12,DEF,68,2.6432,3.1074,0.34,0.1188,0.3257,0.042,2,2,93,1,2026-08-19T06:20:39.576311+00:00,2026-08-19T06:20:53.757003+00:00
29,285,Alexander-Arnold,12,DEF,73,4.868,3.5752,0.68,0.0576,0.637,0.106,2,0,90,1,2026-08-19T06:20:39.576311+00:00,2026-08-19T06:20:53.757003+00:00
29,286,Gomez,12,DEF,43,1.6568,2.2386,0.22,0.1716,0.2183,0.0076,2,6,90,1,2026-08-19T06:20:39.576311+00:00,2026-08-19T06:20:53.757003+00:00
29,287,Keita,12,MID,47,0,0,0.0,0.0,0.0,0,2,0,0,0,2026-08-19T06:20:39.576311+00:00,2026-08-19T06:20:53.757003+00:00
29,288,Diogo Jota,12,FWD,87,2.332,2.6524,0.28,0.2016,0.2765,0.0228,2,7,159,1,2026-08-19T06:20:39.576311+00:00,2026-08-19T06:20:53.757003+00:00
29,289,Kelleher,12,GKP,40,0.3248,1.0605,0.04,0.0384,0.0403,0.0004,2,0,0,0,2026-08-19T06:20:39.576311+00:00,2026-08-19T06:20:53.757003+00:00
29,290,Konaté,12,DEF,48,1.138,1.8202,0.14,0.1892,0.1453,0.0056,2,6,180,1,2026-08-19T06:20:39.576311+00:00,2026-08-19T06:20:53.757003+00:00
29,291,Jones,12,MID,49,1.254,1.6063,0.18,0.1804,0.1818,0.0012,2,2,78,1,2026-08-19T06:20:39.576311+00:00,2026-08-19T06:20:53.757003+00:00
29,292,Tsimikas,12,DEF,43,1.5944,2.267,0.22,0.1716,0.2183,0.0124,2,6,85,1,2026-08-19T06:20:39.576311+00:00,2026-08-19T06:20:53.757003+00:00
29,293,Luis Díaz,12,MID,78,2.2076,2.4975,0.28,0.2016,0.2765,0.0212,2,0,0,0,2026-08-19T06:20:39.576311+00:00,2026-08-19T06:20:53.757003+00:00
29,294,Elliott,12,MID,48,3.8948,2.4457,0.68,0.0704,0.638,0.0248,2,2,69,1,2026-08-19T06:20:39.576311+00:00,2026-08-19T06:20:53.757003+00:00
29,296,Carvalho,12,MID,51,1.7588,1.8499,0.28,0.1584,0.2731,0.002,2,0,0,0,2026-08-19T06:20:39.576311+00:00,2026-08-19T06:20:53.757003+00:00
29,297,Darwin,12,FWD,88,2.5504,3.0318,0.24,0.2128,0.2402,0.038,2,3,98,1,2026-08-19T06:20:39.576311+00:00,2026-08-19T06:20:53.757003+00:00
29,298,Ramsay,12,DEF,39,0,0,0.0,0.0,0.0,0,2,0,0,0,2026-08-19T06:20:39.576311+00:00,2026-08-19T06:20:53.757003+00:00
29,497,Adrián,12,GKP,39,0.302,0.9579,0.04,0.0384,0.0403,0.0,2,0,0,0,2026-08-19T06:20:39.576311+00:00,2026-08-19T06:20:53.757003+00:00
29,498,R.Williams,12,DEF,40,0,0,0.0,0.0,0.0,0,2,0,0,0,2026-08-19T06:20:39.576311+00:00,2026-08-19T06:20:53.757003+00:00
29,499,Davies,12,DEF,40,0,0,0.0,0.0,0.0,0,2,0,0,0,2026-08-19T06:20:39.576311+00:00,2026-08-19T06:20:53.757003+00:00
29,500,Van den Berg,12,DEF,40,0,0,0.0,0.0,0.0,0,2,0,0,0,2026-08-19T06:20:39.576311+00:00,2026-08-19T06:20:53.757003+00:00
29,501,Phillips,12,DEF,38,0.9244,1.5496,0.1,0.198,0.1088,0.0012,2,0,0,0,2026-08-19T06:20:39.576311+00:00,2026-08-19T06:20:53.757003+00:00
29,563,Chambers,12,DEF,40,0,0,0.0,0.0,0.0,0,2,0,0,0,2026-08-19T06:20:39.576311+00:00,2026-08-19T06:20:53.757003+00:00
29,564,Bajcetic,12,MID,44,0,0,0.0,0.0,0.0,0,2,0,0,0,2026-08-19T06:20:39.576311+00:00,2026-08-19T06:20:53.757003+00:00
29,584,Clark,12,MID,45,0.9132,1.3312,0.1,0.198,0.1088,0.0008,2,0,0,0,2026-08-19T06:20:39.576311+00:00,2026-08-19T06:20:53.757003+00:00
29,592,H.Davies,12,GKP,40,0.282,0.9302,0.04,0.0384,0.0403,0.0,2,0,0,0,2026-08-19T06:20:39.576311+00:00,2026-08-19T06:20:53.757003+00:00
29,620,Arthur,12,MID,48,1.2984,1.6652,0.18,0.1804,0.1818,0.0024,2,0,0,0,2026-08-19T06:20:39.576311+00:00,2026-08-19T06:20:53.757003+00:00
29,665,Doak,12,MID,45,0.9108,1.3147,0.1,0.198,0.1088,0.0004,2,0,0,0,2026-08-19T06:20:39.576311+00:00,2026-08-19T06:20:53.757003+00:00
29,680,Gakpo,12,MID,77,4.1028,3.6197,0.48,0.1456,0.458,0.0932,2,3,92,1,2026-08-19T06:20:39.576311+00:00,2026-08-19T06:20:53.757003+00:00
29,299,Walker,13,DEF,47,1.5624,2.0922,0.48,0.1144,0.4556,0.0024,1,0,0,0,2026-08-19T06:20:39.576311+00:00,2026-08-19T06:20:53.757003+00:00
29,300,Gündogan,13,MID,73,2.5772,2.6256,0.68,0.0576,0.637,0.022,1,7,90,1,2026-08-19T06:20:39.576311+00:00,2026-08-19T06:20:53.757003+00:00
29,301,De Bruyne,13,MID,120,2.936,2.6229,0.68,0.0576,0.637,0.0184,1,13,90,1,2026-08-19T06:20:39.576311+00:00,2026-08-19T06:20:53.757003+00:00
29,302,Stones,13,DEF,54,2.01,2.5195,0.48,0.1144,0.4556,0.0088,1,2,90,1,2026-08-19T06:20:39.576311+00:00,2026-08-19T06:20:53.757003+00:00
29,303,Mahrez,13,MID,73,2.4436,3.0239,0.48,0.1456,0.458,0.0312,1,5,90,1,2026-08-19T06:20:39.576311+00:00,2026-08-19T06:20:53.757003+00:00
29,305,Grealish,13,MID,68,1.518,2.3084,0.34,0.1188,0.3257,0.0112,1,12,88,1,2026-08-19T06:20:39.576311+00:00,2026-08-19T06:20:53.757003+00:00
29,306,Cancelo,13,DEF,71,0,0,0.0,0.0,0.0,0,1,0,0,0,2026-08-19T06:20:39.576311+00:00,2026-08-19T06:20:53.757003+00:00
29,307,Ederson,13,GKP,54,2.988,2.1794,0.9,0.008,0.8376,0.0004,1,2,90,1,2026-08-19T06:20:39.576311+00:00,2026-08-19T06:20:53.757003+00:00
29,308,Aké,13,DEF,50,1.3708,2.2507,0.34,0.1188,0.3257,0.008,1,2,90,1,2026-08-19T06:20:39.576311+00:00,2026-08-19T06:20:53.757003+00:00
29,309,Laporte,13,DEF,57,0.7324,1.5081,0.14,0.2408,0.1495,0.0028,1,0,0,0,2026-08-19T06:20:39.576311+00:00,2026-08-19T06:20:53.757003+00:00
29,310,Steffen,13,GKP,40,0,0,0.0,0.0,0.0,0,1,0,0,0,2026-08-19T06:20:39.576311+00:00,2026-08-19T06:20:53.757003+00:00
29,311,Bernardo,13,MID,67,2.138,1.8178,0.68,0.0576,0.637,0.0028,1,1,7,0,2026-08-19T06:20:39.576311+00:00,2026-08-19T06:20:53.757003+00:00
29,312,Dias,13,DEF,59,1.0008,1.8404,0.24,0.2128,0.2402,0.004,1,2,90,1,2026-08-19T06:20:39.576311+00:00,2026-08-19T06:20:53.757003+00:00
29,314,Foden,13,MID,80,2.1676,2.4909,0.48,0.1456,0.458,0.0136,1,0,0,0,2026-08-19T06:20:39.576311+00:00,2026-08-19T06:20:53.757003+00:00
29,315,Rodri,13,MID,56,2.8628,2.2618,0.82,0.0324,0.7652,0.016,1,1,82,1,2026-08-19T06:20:39.576311+00:00,2026-08-19T06:20:53.757003+00:00
29,316,Palmer,13,MID,42,0.4648,0.9097,0.1,0.198,0.1088,0.0,1,1,1,0,2026-08-19T06:20:39.576311+00:00,2026-08-19T06:20:53.757003+00:00
29,317,McAtee,13,MID,45,0,0,0.0,0.0,0.0,0,1,0,0,0,2026-08-19T06:20:39.576311+00:00,2026-08-19T06:20:53.757003+00:00
29,318,Haaland,13,FWD,120,3.9424,3.1294,0.82,0.0324,0.7652,0.0548,1,0,0,0,2026-08-19T06:20:39.576311+00:00,2026-08-19T06:20:53.757003+00:00
29,319,Álvarez,13,FWD,60,1.4056,2.1607,0.28,0.2016,0.2765,0.0072,1,10,90,1,2026-08-19T06:20:39.576311+00:00,2026-08-19T06:20:53.757003+00:00
29,320,Mbete,13,DEF,39,0,0,0.0,0.0,0.0,0,1,0,0,0,2026-08-19T06:20:39.576311+00:00,2026-08-19T06:20:53.757003+00:00
29,322,Wilson-Esbrand,13,DEF,38,0,0,0.0,0.0,0.0,0,1,0,0,0,2026-08-19T06:20:39.576311+00:00,2026-08-19T06:20:53.757003+00:00
29,323,Delap,13,FWD,44,0,0,0.0,0.0,0.0,0,1,0,0,0,2026-08-19T06:20:39.576311+00:00,2026-08-19T06:20:53.757003+00:00
29,324,Ortega,13,GKP,38,0.1776,0.8074,0.04,0.0384,0.0403,0.0004,1,0,0,0,2026-08-19T06:20:39.576311+00:00,2026-08-19T06:20:53.757003+00:00
29,325,Phillips,13,MID,48,0.7112,1.2708,0.18,0.1804,0.1818,0.0004,1,0,0,0,2026-08-19T06:20:39.576311+00:00,2026-08-19T06:20:53.757003+00:00
29,502,Carson,13,GKP,38,0.1596,0.7626,0.04,0.0384,0.0403,0.0,1,0,0,0,2026-08-19T06:20:39.576311+00:00,2026-08-19T06:20:53.757003+00:00
29,573,Lewis,13,DEF,39,0.802,1.6067,0.22,0.1716,0.2183,0.0016,1,0,0,0,2026-08-19T06:20:39.576311+00:00,2026-08-19T06:20:53.757003+00:00
29,587,Sergio Gómez,13,DEF,44,0.5624,1.3501,0.1,0.198,0.1088,0.002,1,0,0,0,2026-08-19T06:20:39.576311+00:00,2026-08-19T06:20:53.757003+00:00
29,599,Gomes,13,MID,45,0,0,0.0,0.0,0.0,0,1,0,0,0,2026-08-19T06:20:39.576311+00:00,2026-08-19T06:20:53.757003+00:00
29,600,Knight,13,MID,45,0.5048,1.028,0.1,0.198,0.1088,0.0004,1,0,0,0,2026-08-19T06:20:39.576311+00:00,2026-08-19T06:20:53.757003+00:00
29,610,Akanji,13,DEF,50,1.3656,2.1689,0.34,0.1188,0.3257,0.0072,1,2,90,1,2026-08-19T06:20:39.576311+00:00,2026-08-19T06:20:53.757003+00:00
29,712,Perrone,13,MID,44,0,0,0.0,0.0,0.0,0,1,0,0,0,2026-08-19T06:20:39.576311+00:00,2026-08-19T06:20:53.757003+00:00
29,772,Robertson,13,MID,45,0.4784,0.9779,0.1,0.198,0.1088,0.0004,1,,,,2026-08-19T06:20:39.576311+00:00,
29,773,Charles,13,MID,45,0.4828,0.9451,0.1,0.198,0.1088,0.0,1,,,,2026-08-19T06:20:39.576311+00:00,
29,774,O'Reilly,13,MID,45,0.526,1.0622,0.1,0.198,0.1088,0.0,1,,,,2026-08-19T06:20:39.576311+00:00,
29,162,Butland,14,GKP,44,0.338,1.1061,0.04,0.0384,0.0403,0.0004,2,0,0,0,2026-08-19T06:20:39.576311+00:00,2026-08-19T06:20:53.757003+00:00
29,326,Ronaldo,14,FWD,102,0,0,0.0,0.0,0.0,0,2,0,0,0,2026-08-19T06:20:39.576311+00:00,2026-08-19T06:20:53.757003+00:00
29,327,De Gea,14,GKP,50,6.3248,3.0827,0.9,0.008,0.8376,0.1536,2,8,180,1,2026-08-19T06:20:39.576311+00:00,2026-08-19T06:20:53.757003+00:00
29,328,Jones,14,DEF,38,0.9764,1.6597,0.1,0.198,0.1088,0.0028,2,0,0,0,2026-08-19T06:20:39.576311+00:00,2026-08-19T06:20:53.757003+00:00
29,329,Varane,14,DEF,48,4.1292,3.1659,0.68,0.0704,0.638,0.0616,2,9,172,1,2026-08-19T06:20:39.576311+00:00,2026-08-19T06:20:53.757003+00:00
29,330,Maguire,14,DEF,47,1.8424,2.424,0.28,0.1584,0.2731,0.0108,2,0,0,0,2026-08-19T06:20:39.576311+00:00,2026-08-19T06:20:53.757003+00:00
29,331,Fred,14,MID,51,2.7184,2.4199,0.48,0.1144,0.4556,0.018,2,2,27,0,2026-08-19T06:20:39.576311+00:00,2026-08-19T06:20:53.757003+00:00
29,332,Shaw,14,DEF,52,2.5712,3.0481,0.34,0.1188,0.3257,0.034,2,1,126,1,2026-08-19T06:20:39.576311+00:00,2026-08-19T06:20:53.757003+00:00
29,333,Fernandes,14,MID,96,6.4416,3.6988,0.82,0.0324,0.7652,0.1852,2,4,180,1,2026-08-19T06:20:39.576311+00:00,2026-08-19T06:20:53.757003+00:00
29,334,Telles,14,DEF,50,0,0,0.0,0.0,0.0,0,2,0,0,0,2026-08-19T06:20:39.576311+00:00,2026-08-19T06:20:53.757003+00:00
29,335,Rashford,14,MID,73,7.4164,4.3491,0.82,0.0324,0.7652,0.2876,2,12,180,1,2026-08-19T06:20:39.576311+00:00,2026-08-19T06:20:53.757003+00:00
29,336,Van de Beek,14,MID,51,0,0,0.0,0.0,0.0,0,2,0,0,0,2026-08-19T06:20:39.576311+00:00,2026-08-19T06:20:53.757003+00:00
29,337,Lindelöf,14,DEF,41,1.71,2.236,0.22,0.1716,0.2183,0.008,2,2,11,0,2026-08-19T06:20:39.576311+00:00,2026-08-19T06:20:53.757003+00:00
29,338,McTominay,14,MID,49,2.3512,2.0107,0.48,0.1144,0.4556,0.0056,2,4,172,1,2026-08-19T06:20:39.576311+00:00,2026-08-19T06:20:53.757003+00:00
29,339,Bailly,14,DEF,40,0,0,0.0,0.0,0.0,0,2,0,0,0,2026-08-19T06:20:39.576311+00:00,2026-08-19T06:20:53.757003+00:00
29,340,Sancho,14,MID,71,3.7408,3.1638,0.48,0.1456,0.458,0.0572,2,4,98,1,2026-08-19T06:20:39.576311+00:00,2026-08-19T06:20:53.757003+00:00
29,341,Wan-Bissaka,14,DEF,43,1.84,2.3215,0.22,0.1716,0.2183,0.0068,2,0,0,0,2026-08-19T06:20:39.576311+00:00,2026-08-19T06:20:53.757003+00:00
29,342,Dalot,14,DEF,47,5.0448,3.7504,0.68,0.0576,0.637,0.1124,2,7,180,1,2026-08-19T06:20:39.576311+00:00,2026-08-19T06:20:53.757003+00:00
29,343,B.Williams,14,DEF,38,1.4256,2.0103,0.22,0.1404,0.2158,0.002,2,0,0,0,2026-08-19T06:20:39.576311+00:00,2026-08-19T06:20:53.757003+00:00
29,344,Elanga,14,MID,46,1.7892,1.9154,0.28,0.1584,0.2731,0.0044,2,0,0,0,2026-08-19T06:20:39.576311+00:00,2026-08-19T06:20:53.757003+00:00
29,345,Martial,14,FWD,63,2.3628,2.6241,0.28,0.2016,0.2765,0.0216,2,2,47,0,2026-08-19T06:20:39.576311+00:00,2026-08-19T06:20:53.757003+00:00
29,347,Pellistri,14,MID,43,0.9708,1.3915,0.1,0.198,0.1088,0.002,2,1,7,0,2026-08-19T06:20:39.576311+00:00,2026-08-19T06:20:53.757003+00:00
29,348,Heaton,14,GKP,38,0.3508,1.157,0.04,0.0384,0.0403,0.0012,2,0,0,0,2026-08-19T06:20:39.576311+00:00,2026-08-19T06:20:53.757003+00:00
29,504,Malacia,14,DEF,42,1.5952,2.2056,0.22,0.1716,0.2183,0.0052,2,1,53,1,2026-08-19T06:20:39.576311+00:00,2026-08-19T06:20:53.757003+00:00
29,519,Eriksen,14,MID,62,4.3528,2.7906,0.68,0.0896,0.6396,0.0584,2,0,0,0,2026-08-19T06:20:39.576311+00:00,2026-08-19T06:20:53.757003+00:00
29,533,Martínez,14,DEF,45,0,0,0.0,0.0,0.0,0,2,11,172,1,2026-08-19T06:20:39.576311+00:00,2026-08-19T06:20:53.757003+00:00
29,550,Amad,14,MID,44,0,0,0.0,0.0,0.0,0,2,0,0,0,2026-08-19T06:20:39.576311+00:00,2026-08-19T06:20:53.757003+00:00
29,551,Iqbal,14,MID,42,0.9288,1.334,0.1,0.198,0.1088,0.0004,2,0,0,0,2026-08-19T06:20:39.576311+00:00,2026-08-19T06:20:53.757003+00:00
29,569,Garnacho,14,MID,42,1.9484,2.272,0.28,0.1584,0.2731,0.0116,2,0,0,0,2026-08-19T06:20:39.576311+00:00,2026-08-19T06:20:53.757003+00:00
29,593,Casemiro,14,MID,49,3.4528,3.0032,0.48,0.1144,0.4556,0.05,2,0,0,0,2026-08-19T06:20:39.576311+00:00,2026-08-19T06:20:53.757003+00:00
29,609,Antony,14,MID,73,1.834,2.3033,0.24,0.2128,0.2402,0.0136,2,6,146,1,2026-08-19T06:20:39.576311+00:00,2026-08-19T06:20:53.757003+00:00
29,615,Kovár,14,GKP,40,0,0,0.0,0.0,0.0,0,2,0,0,0,2026-08-19T06:20:39.576311+00:00,2026-08-19T06:20:53.757003+00:00
29,643,Mainoo,14,MID,45,0.9352,1.332,0.1,0.198,0.1088,0.0012,2,0,0,0,2026-08-19T06:20:39.576311+00:00,2026-08-19T06:20:53.757003+00:00
29,656,Bishop,14,GKP,40,0.3364,1.0713,0.04,0.0384,0.0403,0.0,2,0,0,0,2026-08-19T06:20:39.576311+00:00,2026-08-19T06:20:53.757003+00:00
29,660,Shoretire,14,FWD,45,0,0,0.0,0.0,0.0,0,2,0,0,0,2026-08-19T06:20:39.576311+00:00,2026-08-19T06:20:53.757003+00:00
29,674,Bennett,14,DEF,40,0.9756,1.6955,0.1,0.198,0.1088,0.0032,2,0,0,0,2026-08-19T06:20:39.576311+00:00,2026-08-19T06:20:53.757003+00:00
29,701,Weghorst,14,FWD,56,3.088,2.5823,0.48,0.1456,0.458,0.0236,2,2,61,1,2026-08-19T06:20:39.576311+00:00,2026-08-19T06:20:53.757003+00:00
29,728,Sabitzer,14,MID,47,0,0,0.0,0.0,0.0,0,2,8,160,1,2026-08-19T06:20:39.576311+00:00,2026-08-19T06:20:53.757003+00:00
29,759,Jurado,14,DEF,40,0.9956,1.6615,0.1,0.198,0.1088,0.0024,2,,,,2026-08-19T06:20:39.576311+00:00,
29,195,Gordon,15,MID,51,2.5348,2.2876,0.48,0.1144,0.4556,0.014,2,2,48,0,2026-08-19T06:20:39.576311+00:00,2026-08-19T06:20:53.757003+00:00
29,350,Ritchie,15,DEF,42,0,0,0.0,0.0,0.0,0,2,0,0,0,2026-08-19T06:20:39.576311+00:00,2026-08-19T06:20:53.757003+00:00
29,351,Fernández,15,DEF,44,0,0,0.0,0.0,0.0,0,2,0,0,0,2026-08-19T06:20:39.576311+00:00,2026-08-19T06:20:53.757003+00:00
29,352,Clark,15,DEF,45,0,0,0.0,0.0,0.0,0,2,0,0,0,2026-08-19T06:20:39.576311+00:00,2026-08-19T06:20:53.757003+00:00
29,353,Darlow,15,GKP,39,0,0,0.0,0.0,0.0,0,2,0,0,0,2026-08-19T06:20:39.576311+00:00,2026-08-19T06:20:53.757003+00:00
29,355,Dubravka,15,GKP,41,8.1036,3.4252,0.88,0.0048,0.8188,0.3476,2,0,0,0,2026-08-19T06:20:39.576311+00:00,2026-08-19T06:20:53.757003+00:00
29,356,Wilson,15,FWD,69,3.0892,2.7426,0.48,0.1456,0.458,0.0296,2,19,73,1,2026-08-19T06:20:39.576311+00:00,2026-08-19T06:20:53.757003+00:00
29,357,Trippier,15,DEF,61,6.7424,3.8036,0.82,0.0324,0.7652,0.2304,2,14,176,1,2026-08-19T06:20:39.576311+00:00,2026-08-19T06:20:53.757003+00:00
29,358,Burn,15,DEF,45,1.5968,2.3793,0.22,0.1404,0.2158,0.014,2,8,174,1,2026-08-19T06:20:39.576311+00:00,2026-08-19T06:20:53.757003+00:00
29,359,Fraser,15,MID,52,1.794,1.9494,0.28,0.1584,0.2731,0.0048,2,0,0,0,2026-08-19T06:20:39.576311+00:00,2026-08-19T06:20:53.757003+00:00
29,360,Lascelles,15,DEF,43,0,0,0.0,0.0,0.0,0,2,0,0,0,2026-08-19T06:20:39.576311+00:00,2026-08-19T06:20:53.757003+00:00
29,361,Gayle,15,FWD,45,0,0,0.0,0.0,0.0,0,2,0,0,0,2026-08-19T06:20:39.576311+00:00,2026-08-19T06:20:53.757003+00:00
29,362,Dummett,15,DEF,39,0.9824,1.6129,0.1,0.198,0.1088,0.0016,2,0,0,0,2026-08-19T06:20:39.576311+00:00,2026-08-19T06:20:53.757003+00:00
29,363,Manquillo,15,DEF,42,0,0,0.0,0.0,0.0,0,2,1,3,0,2026-08-19T06:20:39.576311+00:00,2026-08-19T06:20:53.757003+00:00
29,364,Krafth,15,DEF,43,0,0,0.0,0.0,0.0,0,2,0,0,0,2026-08-19T06:20:39.576311+00:00,2026-08-19T06:20:53.757003+00:00
29,365,Murphy,15,MID,41,1.866,1.9984,0.28,0.1584,0.2731,0.0036,2,8,130,1,2026-08-19T06:20:39.576311+00:00,2026-08-19T06:20:53.757003+00:00
29,366,Schär,15,DEF,50,5.6372,3.7729,0.82,0.0324,0.7652,0.1424,2,11,180,1,2026-08-19T06:20:39.576311+00:00,2026-08-19T06:20:53.757003+00:00
29,367,Targett,15,DEF,47,1.8864,2.3441,0.28,0.1584,0.2731,0.0092,2,1,5,0,2026-08-19T06:20:39.576311+00:00,2026-08-19T06:20:53.757003+00:00
29,368,Saint-Maximin,15,MID,61,3.464,2.7451,0.48,0.1456,0.458,0.0344,2,11,130,1,2026-08-19T06:20:39.576311+00:00,2026-08-19T06:20:53.757003+00:00
29,369,Almirón,15,MID,54,4.7684,2.9165,0.68,0.0576,0.637,0.0748,2,0,0,0,2026-08-19T06:20:39.576311+00:00,2026-08-19T06:20:53.757003+00:00
29,370,S.Longstaff,15,MID,43,4.6608,2.5201,0.82,0.0324,0.7652,0.0572,2,5,180,1,2026-08-19T06:20:39.576311+00:00,2026-08-19T06:20:53.757003+00:00
29,371,Joelinton,15,MID,59,0,0,0.0,0.0,0.0,0,2,14,112,1,2026-08-19T06:20:39.576311+00:00,2026-08-19T06:20:53.757003+00:00
29,372,Lewis,15,DEF,44,0.9852,1.6861,0.1,0.198,0.1088,0.002,2,0,0,0,2026-08-19T06:20:39.576311+00:00,2026-08-19T06:20:53.757003+00:00
29,373,Willock,15,MID,47,0,0,0.0,0.0,0.0,0,2,11,109,1,2026-08-19T06:20:39.576311+00:00,2026-08-19T06:20:53.757003+00:00
29,374,Bruno Guimarães,15,MID,55,3.712,2.3872,0.68,0.0576,0.637,0.0272,2,8,180,1,2026-08-19T06:20:39.576311+00:00,2026-08-19T06:20:53.757003+00:00
29,375,Hendrick,15,MID,45,0,0,0.0,0.0,0.0,0,2,0,0,0,2026-08-19T06:20:39.576311+00:00,2026-08-19T06:20:53.757003+00:00
29,376,Pope,15,GKP,54,0,0,0.0,0.0,0.0,0,2,8,180,1,2026-08-19T06:20:39.576311+00:00,2026-08-19T06:20:53.757003+00:00
29,377,Botman,15,DEF,45,1.6756,2.3908,0.22,0.1404,0.2158,0.0132,2,9,180,1,2026-08-19T06:20:39.576311+00:00,2026-08-19T06:20:53.757003+00:00
29,552,Anderson,15,MID,43,0.926,1.3572,0.1,0.198,0.1088,0.002,2,1,6,0,2026-08-19T06:20:39.576311+00:00,2026-08-19T06:20:53.757003+00:00
29,555,Ashby,15,DEF,38,0.9996,1.6821,0.1,0.198,0.1088,0.0024,2,0,0,0,2026-08-19T06:20:39.576311+00:00,2026-08-19T06:20:53.757003+00:00
29,594,Isak,15,FWD,67,2.8076,3.2633,0.28,0.2016,0.2765,0.0512,2,8,105,1,2026-08-19T06:20:39.576311+00:00,2026-08-19T06:20:53.757003+00:00
29,626,Karius,15,GKP,39,0.3204,1.0691,0.04,0.0384,0.0403,0.0,2,0,0,0,2026-08-19T06:20:39.576311+00:00,2026-08-19T06:20:53.757003+00:00
29,683,Kuol,15,MID,45,0,0,0.0,0.0,0.0,0,2,0,0,0,2026-08-19T06:20:39.576311+00:00,2026-08-19T06:20:53.757003+00:00
29,741,Miley,15,MID,45,0.9728,1.4012,0.1,0.198,0.1088,0.0012,2,0,0,0,2026-08-19T06:20:39.576311+00:00,2026-08-19T06:20:53.757003+00:00
29,776,Gillespie,15,GKP,40,0.3292,1.1044,0.04,0.0384,0.0403,0.0008,2,,,,2026-08-19T06:20:39.576311+00:00,
29,295,N.Williams,16,DEF,38,0,0,0.0,0.0,0.0,0,2,2,180,1,2026-08-19T06:20:39.576311+00:00,2026-08-19T06:20:53.757003+00:00
29,349,Shelvey,16,MID,48,1.7484,1.9366,0.28,0.1584,0.2731,0.004,2,1,34,0,2026-08-19T06:20:39.576311+00:00,2026-08-19T06:20:53.757003+00:00
29,354,Wood,16,FWD,56,0,0,0.0,0.0,0.0,0,2,0,0,0,2026-08-19T06:20:39.576311+00:00,2026-08-19T06:20:53.757003+00:00
29,378,Arter,16,MID,41,0.9432,1.398,0.1,0.198,0.1088,0.0024,2,0,0,0,2026-08-19T06:20:39.576311+00:00,2026-08-19T06:20:53.757003+00:00
29,379,Cook,16,DEF,43,1.372,2.0024,0.22,0.1716,0.2183,0.0056,2,0,0,0,2026-08-19T06:20:39.576311+00:00,2026-08-19T06:20:53.757003+00:00
29,380,Lyle Taylor,16,FWD,41,0.9084,1.3368,0.1,0.198,0.1088,0.0024,2,0,0,0,2026-08-19T06:20:39.576311+00:00,2026-08-19T06:20:53.757003+00:00
29,381,Colback,16,MID,41,1.1192,1.3929,0.14,0.1892,0.1453,0.0,2,0,0,0,2026-08-19T06:20:39.576311+00:00,2026-08-19T06:20:53.757003+00:00
29,382,Samba,16,GKP,45,0,0,0.0,0.0,0.0,0,2,0,0,0,2026-08-19T06:20:39.576311+00:00,2026-08-19T06:20:53.757003+00:00
29,383,Cafú,16,MID,42,0.9424,1.3517,0.1,0.198,0.1088,0.0008,2,0,0,0,2026-08-19T06:20:39.576311+00:00,2026-08-19T06:20:53.757003+00:00
29,384,Lolley,16,MID,49,0,0,0.0,0.0,0.0,0,2,0,0,0,2026-08-19T06:20:39.576311+00:00,2026-08-19T06:20:53.757003+00:00
29,385,McKenna,16,DEF,44,0,0,0.0,0.0,0.0,0,2,0,0,0,2026-08-19T06:20:39.576311+00:00,2026-08-19T06:20:53.757003+00:00
29,386,Dräger,16,DEF,40,0,0,0.0,0.0,0.0,0,2,0,0,0,2026-08-19T06:20:39.576311+00:00,2026-08-19T06:20:53.757003+00:00
29,387,Yates,16,MID,50,3.2808,1.9564,0.68,0.0704,0.638,0.0124,2,0,0,0,2026-08-19T06:20:39.576311+00:00,2026-08-19T06:20:53.757003+00:00
29,388,Worrall,16,DEF,42,1.4076,2.1012,0.22,0.1404,0.2158,0.0076,2,1,23,0,2026-08-19T06:20:39.576311+00:00,2026-08-19T06:20:53.757003+00:00
29,389,Panzo,16,DEF,40,0,0,0.0,0.0,0.0,0,2,0,0,0,2026-08-19T06:20:39.576311+00:00,2026-08-19T06:20:53.757003+00:00
29,390,Xande Silva,16,MID,50,0,0,0.0,0.0,0.0,0,2,0,0,0,2026-08-19T06:20:39.576311+00:00,2026-08-19T06:20:53.757003+00:00
29,391,Surridge,16,FWD,47,1.3256,1.706,0.18,0.1804,0.1818,0.0032,2,0,0,0,2026-08-19T06:20:39.576311+00:00,2026-08-19T06:20:53.757003+00:00
29,392,Laryea,16,DEF,45,0,0,0.0,0.0,0.0,0,2,0,0,0,2026-08-19T06:20:39.576311+00:00,2026-08-19T06:20:53.757003+00:00
29,393,Mbe Soh,16,DEF,42,0,0,0.0,0.0,0.0,0,2,0,0,0,2026-08-19T06:20:39.576311+00:00,2026-08-19T06:20:53.757003+00:00
29,394,Johnson,16,FWD,57,5.0916,2.8154,0.82,0.0324,0.7652,0.0652,2,8,180,1,2026-08-19T06:20:39.576311+00:00,2026-08-19T06:20:53.757003+00:00
29,395,Mighten,16,MID,49,0,0,0.0,0.0,0.0,0,2,0,0,0,2026-08-19T06:20:39.576311+00:00,2026-08-19T06:20:53.757003+00:00
29,396,Ojeda,16,MID,45,0,0,0.0,0.0,0.0,0,2,0,0,0,2026-08-19T06:20:39.576311+00:00,2026-08-19T06:20:53.757003+00:00
29,397,Awoniyi,16,FWD,56,2.5452,2.5845,0.28,0.2016,0.2765,0.0168,2,2,38,0,2026-08-19T06:20:39.576311+00:00,2026-08-19T06:20:53.757003+00:00
29,398,Henderson,16,GKP,46,0,0,0.0,0.0,0.0,0,2,0,0,0,2026-08-19T06:20:39.576311+00:00,2026-08-19T06:20:53.757003+00:00
29,399,Biancone,16,DEF,42,0,0,0.0,0.0,0.0,0,2,0,0,0,2026-08-19T06:20:39.576311+00:00,2026-08-19T06:20:53.757003+00:00
29,474,Boly,16,DEF,41,1.9632,2.5895,0.22,0.1716,0.2183,0.0172,2,0,0,0,2026-08-19T06:20:39.576311+00:00,2026-08-19T06:20:53.757003+00:00
29,493,Gibbs-White,16,MID,55,5.2396,2.7573,0.82,0.0324,0.7652,0.078,2,4,161,1,2026-08-19T06:20:39.576311+00:00,2026-08-19T06:20:53.757003+00:00
29,507,Niakhaté,16,DEF,43,0.9472,1.5914,0.1,0.198,0.1088,0.0028,2,3,180,1,2026-08-19T06:20:39.576311+00:00,2026-08-19T06:20:53.757003+00:00
29,511,Richards,16,DEF,44,0,0,0.0,0.0,0.0,0,2,0,0,0,2026-08-19T06:20:39.576311+00:00,2026-08-19T06:20:53.757003+00:00
29,518,Hennessey,16,GKP,39,6.2676,3.2293,0.88,0.0048,0.8188,0.1664,2,0,0,0,2026-08-19T06:20:39.576311+00:00,2026-08-19T06:20:53.757003+00:00
29,523,Toffolo,16,DEF,43,1.6848,2.2158,0.22,0.1716,0.2183,0.008,2,6,150,1,2026-08-19T06:20:39.576311+00:00,2026-08-19T06:20:53.757003+00:00
29,524,O'Brien,16,MID,47,0,0,0.0,0.0,0.0,0,2,0,0,0,2026-08-19T06:20:39.576311+00:00,2026-08-19T06:20:53.757003+00:00
29,527,Lingard,16,MID,54,1.566,1.7439,0.24,0.1672,0.2366,0.0036,2,0,0,0,2026-08-19T06:20:39.576311+00:00,2026-08-19T06:20:53.757003+00:00
29,536,Mangala,16,MID,49,2.6708,2.0714,0.48,0.1144,0.4556,0.0068,2,8,140,1,2026-08-19T06:20:39.576311+00:00,2026-08-19T06:20:53.757003+00:00
29,553,Hammond,16,MID,43,0.982,1.4049,0.1,0.198,0.1088,0.0004,2,0,0,0,2026-08-19T06:20:39.576311+00:00,2026-08-19T06:20:53.757003+00:00
29,582,Freuler,16,MID,49,3.1776,1.6529,0.68,0.0576,0.637,0.0024,2,3,153,1,2026-08-19T06:20:39.576311+00:00,2026-08-19T06:20:53.757003+00:00
29,583,Kouyaté,16,MID,44,1.7312,1.852,0.28,0.1584,0.2731,0.0036,2,1,30,0,2026-08-19T06:20:39.576311+00:00,2026-08-19T06:20:53.757003+00:00
29,585,Dennis,16,FWD,56,1.9348,2.0998,0.28,0.2016,0.2765,0.0068,2,7,136,1,2026-08-19T06:20:39.576311+00:00,2026-08-19T06:20:53.757003+00:00
29,602,Renan Lodi,16,DEF,43,1.4832,2.146,0.22,0.1404,0.2158,0.0088,2,1,29,0,2026-08-19T06:20:39.576311+00:00,2026-08-19T06:20:53.757003+00:00
29,621,Badé,16,DEF,45,0,0,0.0,0.0,0.0,0,2,0,0,0,2026-08-19T06:20:39.576311+00:00,2026-08-19T06:20:53.757003+00:00
29,628,Aurier,16,DEF,44,1.9264,2.5912,0.22,0.1716,0.2183,0.0176,2,0,0,0,2026-08-19T06:20:39.576311+00:00,2026-08-19T06:20:53.757003+00:00
29,666,Dale Taylor,16,FWD,45,0,0,0.0,0.0,0.0,0,2,0,0,0,2026-08-19T06:20:39.576311+00:00,2026-08-19T06:20:53.757003+00:00
29,675,Smith,16,GKP,40,0,0,0.0,0.0,0.0,0,2,0,0,0,2026-08-19T06:20:39.576311+00:00,2026-08-19T06:20:53.757003+00:00
29,681,Scarpa,16,MID,47,0.9104,1.3842,0.09,0.2002,0.0997,0.0008,2,1,18,0,2026-08-19T06:20:39.576311+00:00,2026-08-19T06:20:53.757003+00:00
29,703,Danilo,16,MID,45,0.7108,1.0716,0.05,0.209,0.0632,0.0,2,6,140,1,2026-08-19T06:20:39.576311+00:00,2026-08-19T06:20:53.757003+00:00
29,729,Navas,16,GKP,45,0,0,0.0,0.0,0.0,0,2,4,180,1,2026-08-19T06:20:39.576311+00:00,2026-08-19T06:20:53.757003+00:00
29,730,Felipe,16,DEF,45,1.0132,1.712,0.11,0.1958,0.118,0.0036,2,2,180,1,2026-08-19T06:20:39.576311+00:00,2026-08-19T06:20:53.757003+00:00
29,734,A.Ayew,16,MID,50,1.4316,1.9249,0.18,0.1804,0.1818,0.006,2,1,19,0,2026-08-19T06:20:39.576311+00:00,2026-08-19T06:20:53.757003+00:00
29,749,G.Shelvey,16,GKP,40,0.2988,1.0049,0.04,0.0384,0.0403,0.0,2,0,0,0,2026-08-19T06:20:39.576311+00:00,2026-08-19T06:20:53.757003+00:00
29,21,Maitland-Niles,17,MID,48,1.136,1.2616,0.48,0.1144,0.4556,0.0004,1,1,19,0,2026-08-19T06:20:39.576311+00:00,2026-08-19T06:20:53.757003+00:00
29,321,Lavia,17,MID,45,1.0844,1.2014,0.48,0.1144,0.4556,0.0004,1,2,90,1,2026-08-19T06:20:39.576311+00:00,2026-08-19T06:20:53.757003+00:00
29,400,Walcott,17,MID,48,1.0032,1.6744,0.28,0.1584,0.2731,0.0036,1,2,71,1,2026-08-19T06:20:39.576311+00:00,2026-08-19T06:20:53.757003+00:00
29,401,McCarthy,17,GKP,43,0.1444,0.7401,0.04,0.0384,0.0403,0.0,1,0,0,0,2026-08-19T06:20:39.576311+00:00,2026-08-19T06:20:53.757003+00:00
29,402,Romeu,17,MID,48,0,0,0.0,0.0,0.0,0,1,0,0,0,2026-08-19T06:20:39.576311+00:00,2026-08-19T06:20:53.757003+00:00
29,403,Redmond,17,MID,53,0,0,0.0,0.0,0.0,0,1,0,0,0,2026-08-19T06:20:39.576311+00:00,2026-08-19T06:20:53.757003+00:00
29,405,S.Armstrong,17,MID,47,1.2104,1.4518,0.48,0.1144,0.4556,0.0016,1,2,71,1,2026-08-19T06:20:39.576311+00:00,2026-08-19T06:20:53.757003+00:00
29,406,Elyounoussi,17,MID,51,1.6144,1.3635,0.68,0.0576,0.637,0.0,1,1,53,1,2026-08-19T06:20:39.576311+00:00,2026-08-19T06:20:53.757003+00:00
29,407,Ward-Prowse,17,MID,63,2.8784,2.3185,0.82,0.0324,0.7652,0.014,1,2,90,1,2026-08-19T06:20:39.576311+00:00,2026-08-19T06:20:53.757003+00:00
29,408,A.Armstrong,17,FWD,53,1.2948,1.4702,0.48,0.1144,0.4556,0.0008,1,0,0,0,2026-08-19T06:20:39.576311+00:00,2026-08-19T06:20:53.757003+00:00
29,409,Walker-Peters,17,DEF,44,0.7512,1.5299,0.22,0.1404,0.2158,0.002,1,2,90,1,2026-08-19T06:20:39.576311+00:00,2026-08-19T06:20:53.757003+00:00
29,410,Bednarek,17,DEF,42,0.79,1.5067,0.22,0.1716,0.2183,0.0008,1,1,90,1,2026-08-19T06:20:39.576311+00:00,2026-08-19T06:20:53.757003+00:00
29,411,Adams,17,FWD,61,0,0,0.0,0.0,0.0,0,1,0,0,0,2026-08-19T06:20:39.576311+00:00,2026-08-19T06:20:53.757003+00:00
29,412,Tella,17,MID,50,0,0,0.0,0.0,0.0,0,1,0,0,0,2026-08-19T06:20:39.576311+00:00,2026-08-19T06:20:53.757003+00:00
29,413,Lyanco,17,DEF,44,0.6936,1.4474,0.22,0.1716,0.2183,0.0028,1,0,0,0,2026-08-19T06:20:39.576311+00:00,2026-08-19T06:20:53.757003+00:00
29,414,Valery,17,DEF,40,0,0,0.0,0.0,0.0,0,1,0,0,0,2026-08-19T06:20:39.576311+00:00,2026-08-19T06:20:53.757003+00:00
29,415,Smallbone,17,MID,45,0,0,0.0,0.0,0.0,0,1,0,0,0,2026-08-19T06:20:39.576311+00:00,2026-08-19T06:20:53.757003+00:00
29,416,Diallo,17,MID,42,0.7616,1.108,0.28,0.1584,0.2731,0.0,1,0,0,0,2026-08-19T06:20:39.576311+00:00,2026-08-19T06:20:53.757003+00:00
29,417,Perraud,17,DEF,41,0,0,0.0,0.0,0.0,0,1,2,90,1,2026-08-19T06:20:39.576311+00:00,2026-08-19T06:20:53.757003+00:00
29,418,Djenepo,17,MID,50,0.9016,1.2902,0.28,0.1584,0.2731,0.0004,1,0,0,0,2026-08-19T06:20:39.576311+00:00,2026-08-19T06:20:53.757003+00:00
29,419,Livramento,17,DEF,44,0.8376,1.6777,0.22,0.1404,0.2158,0.0016,1,0,0,0,2026-08-19T06:20:39.576311+00:00,2026-08-19T06:20:53.757003+00:00
29,420,Salisu,17,DEF,43,0,0,0.0,0.0,0.0,0,1,0,0,0,2026-08-19T06:20:39.576311+00:00,2026-08-19T06:20:53.757003+00:00
29,421,Lis,17,GKP,40,0,0,0.0,0.0,0.0,0,1,0,0,0,2026-08-19T06:20:39.576311+00:00,2026-08-19T06:20:53.757003+00:00
29,422,Bazunu,17,GKP,45,2.6084,1.9915,0.88,0.0048,0.8188,0.0,1,2,90,1,2026-08-19T06:20:39.576311+00:00,2026-08-19T06:20:53.757003+00:00
29,423,Bella-Kotchap,17,DEF,45,0,0,0.0,0.0,0.0,0,1,0,0,0,2026-08-19T06:20:39.576311+00:00,2026-08-19T06:20:53.757003+00:00
29,424,Caballero,17,GKP,39,0.1908,0.8435,0.04,0.0384,0.0403,0.0,1,0,0,0,2026-08-19T06:20:39.576311+00:00,2026-08-19T06:20:53.757003+00:00
29,512,Aribo,17,MID,50,1.3256,1.4053,0.48,0.1144,0.4556,0.0,1,0,0,0,2026-08-19T06:20:39.576311+00:00,2026-08-19T06:20:53.757003+00:00
29,528,Mara,17,FWD,53,0.8188,1.2336,0.28,0.1584,0.2731,0.0,1,1,53,1,2026-08-19T06:20:39.576311+00:00,2026-08-19T06:20:53.757003+00:00
29,622,Larios,17,DEF,40,0,0,0.0,0.0,0.0,0,1,0,0,0,2026-08-19T06:20:39.576311+00:00,2026-08-19T06:20:53.757003+00:00
29,623,Caleta-Car,17,DEF,44,0.7804,1.504,0.22,0.1716,0.2183,0.0008,1,1,90,1,2026-08-19T06:20:39.576311+00:00,2026-08-19T06:20:53.757003+00:00
29,624,Edozie,17,MID,47,0,0,0.0,0.0,0.0,0,1,0,0,0,2026-08-19T06:20:39.576311+00:00,2026-08-19T06:20:53.757003+00:00
29,647,Payne,17,MID,45,0,0,0.0,0.0,0.0,0,1,0,0,0,2026-08-19T06:20:39.576311+00:00,2026-08-19T06:20:53.757003+00:00
29,648,Finnigan,17,MID,45,0,0,0.0,0.0,0.0,0,1,0,0,0,2026-08-19T06:20:39.576311+00:00,2026-08-19T06:20:53.757003+00:00
29,671,Morgan,17,FWD,45,0,0,0.0,0.0,0.0,0,1,0,0,0,2026-08-19T06:20:39.576311+00:00,2026-08-19T06:20:53.757003+00:00
29,692,Orsic,17,MID,52,0.7256,1.2824,0.18,0.1804,0.1818,0.0008,1,0,0,0,2026-08-19T06:20:39.576311+00:00,2026-08-19T06:20:53.757003+00:00
29,693,Alcaraz,17,MID,50,0.8912,1.4412,0.28,0.1584,0.2731,0.0032,1,1,36,0,2026-08-19T06:20:39.576311+00:00,2026-08-19T06:20:53.757003+00:00
29,716,Bree,17,DEF,45,0.4492,1.0586,0.1,0.198,0.1088,0.0004,1,0,0,0,2026-08-19T06:20:39.576311+00:00,2026-08-19T06:20:53.757003+00:00
29,731,Kamaldeen,17,MID,50,0.9408,1.4254,0.28,0.1584,0.2731,0.0016,1,1,36,0,2026-08-19T06:20:39.576311+00:00,2026-08-19T06:20:53.757003+00:00
29,732,Onuachu,17,FWD,55,0.6212,1.0975,0.14,0.2408,0.1495,0.0008,1,1,18,0,2026-08-19T06:20:39.576311+00:00,2026-08-19T06:20:53.757003+00:00
29,769,Doyle,17,MID,45,0.4428,0.9032,0.1,0.198,0.1088,0.0,1,,,,2026-08-19T06:20:39.576311+00:00,
29,770,Ballard,17,FWD,45,0.4188,0.8408,0.1,0.198,0.1088,0.0,1,,,,2026-08-19T06:20:39.576311+00:00,
29,778,Amo-Ameyaw,17,MID,45,0.4688,0.9203,0.1,0.198,0.1088,0.0004,1,,,,2026-08-19T06:20:39.576311+00:00,
29,425,Lloris,18,GKP,54,0,0,0.0,0.0,0.0,0,1,3,90,1,2026-08-19T06:20:39.576311+00:00,2026-08-19T06:20:53.757003+00:00
29,426,Forster,18,GKP,39,2.7968,2.0841,0.88,0.0048,0.8188,0.0016,1,0,0,0,2026-08-19T06:20:39.576311+00:00,2026-08-19T06:20:53.757003+00:00
29,427,Kane,18,FWD,118,3.1868,2.3161,0.82,0.0324,0.7652,0.0116,1,7,90,1,2026-08-19T06:20:39.576311+00:00,2026-08-19T06:20:53.757003+00:00
29,428,Son,18,MID,116,2.6488,2.1465,0.82,0.0324,0.7652,0.0092,1,3,81,1,2026-08-19T06:20:39.576311+00:00,2026-08-19T06:20:53.757003+00:00
29,429,Doherty,18,DEF,46,0,0,0.0,0.0,0.0,0,1,0,0,0,2026-08-19T06:20:39.576311+00:00,2026-08-19T06:20:53.757003+00:00
29,430,Dier,18,DEF,51,0,0,0.0,0.0,0.0,0,1,2,90,1,2026-08-19T06:20:39.576311+00:00,2026-08-19T06:20:53.757003+00:00
29,431,Lucas Moura,18,MID,58,1.4956,1.8195,0.45,0.154,0.4308,0.0036,1,-2,6,0,2026-08-19T06:20:39.576311+00:00,2026-08-19T06:20:53.757003+00:00
29,432,Davies,18,DEF,48,1.8668,2.1599,0.68,0.0576,0.637,0.0076,1,0,0,0,2026-08-19T06:20:39.576311+00:00,2026-08-19T06:20:53.757003+00:00
29,433,Højbjerg,18,MID,55,1.2404,1.5382,0.41,0.1062,0.3898,0.0004,1,2,90,1,2026-08-19T06:20:39.576311+00:00,2026-08-19T06:20:53.757003+00:00
29,434,Winks,18,MID,44,0,0,0.0,0.0,0.0,0,1,0,0,0,2026-08-19T06:20:39.576311+00:00,2026-08-19T06:20:53.757003+00:00
29,435,Sánchez,18,DEF,42,0.7316,1.441,0.22,0.1716,0.2183,0.0012,1,1,13,0,2026-08-19T06:20:39.576311+00:00,2026-08-19T06:20:53.757003+00:00
29,436,R.Sessegnon,18,DEF,44,0,0,0.0,0.0,0.0,0,1,0,0,0,2026-08-19T06:20:39.576311+00:00,2026-08-19T06:20:53.757003+00:00
29,437,Bergwijn,18,MID,55,0,0,0.0,0.0,0.0,0,1,0,0,0,2026-08-19T06:20:39.576311+00:00,2026-08-19T06:20:53.757003+00:00
29,438,Reguilón,18,DEF,42,0,0,0.0,0.0,0.0,0,1,0,0,0,2026-08-19T06:20:39.576311+00:00,2026-08-19T06:20:53.757003+00:00
29,439,Tanganga,18,DEF,38,0.3956,0.9201,0.1,0.198,0.1088,0.0,1,0,0,0,2026-08-19T06:20:39.576311+00:00,2026-08-19T06:20:53.757003+00:00
29,440,Bentancur,18,MID,53,0,0,0.0,0.0,0.0,0,1,0,0,0,2026-08-19T06:20:39.576311+00:00,2026-08-19T06:20:53.757003+00:00
29,441,Skipp,18,MID,43,0.7872,1.1832,0.28,0.1584,0.2731,0.0,1,2,90,1,2026-08-19T06:20:39.576311+00:00,2026-08-19T06:20:53.757003+00:00
29,442,Rodon,18,DEF,40,0,0,0.0,0.0,0.0,0,1,0,0,0,2026-08-19T06:20:39.576311+00:00,2026-08-19T06:20:53.757003+00:00
29,443,Romero,18,DEF,49,0,0,0.0,0.0,0.0,0,1,4,90,1,2026-08-19T06:20:39.576311+00:00,2026-08-19T06:20:53.757003+00:00
29,444,Bissouma,18,MID,47,1.0904,1.2701,0.48,0.1144,0.4556,0.0004,1,0,0,0,2026-08-19T06:20:39.576311+00:00,2026-08-19T06:20:53.757003+00:00
29,445,Emerson Royal,18,DEF,49,1.7264,2.302,0.48,0.1144,0.4556,0.0072,1,0,0,0,2026-08-19T06:20:39.576311+00:00,2026-08-19T06:20:53.757003+00:00
29,446,Kulusevski,18,MID,79,2.3972,2.092,0.68,0.0896,0.6396,0.0044,1,2,90,1,2026-08-19T06:20:39.576311+00:00,2026-08-19T06:20:53.757003+00:00
29,447,Scarlett,18,FWD,45,0,0,0.0,0.0,0.0,0,1,0,0,0,2026-08-19T06:20:39.576311+00:00,2026-08-19T06:20:53.757003+00:00
29,448,Perišić,18,DEF,53,2.17,2.397,0.68,0.0576,0.637,0.0088,1,2,90,1,2026-08-19T06:20:39.576311+00:00,2026-08-19T06:20:53.757003+00:00
29,449,White,18,MID,44,0,0,0.0,0.0,0.0,0,1,0,0,0,2026-08-19T06:20:39.576311+00:00,2026-08-19T06:20:53.757003+00:00
29,450,Sarr,18,MID,42,0.4496,0.8799,0.1,0.198,0.1088,0.0,1,0,0,0,2026-08-19T06:20:39.576311+00:00,2026-08-19T06:20:53.757003+00:00
29,451,Austin,18,GKP,39,0.1436,0.6505,0.04,0.0384,0.0403,0.0,1,0,0,0,2026-08-19T06:20:39.576311+00:00,2026-08-19T06:20:53.757003+00:00
29,452,Devine,18,MID,43,0,0,0.0,0.0,0.0,0,1,0,0,0,2026-08-19T06:20:39.576311+00:00,2026-08-19T06:20:53.757003+00:00
29,453,Parrott,18,FWD,45,0,0,0.0,0.0,0.0,0,1,0,0,0,2026-08-19T06:20:39.576311+00:00,2026-08-19T06:20:53.757003+00:00
29,454,Richarlison,18,FWD,84,1.0656,1.6731,0.28,0.2016,0.2765,0.0028,1,0,0,0,2026-08-19T06:20:39.576311+00:00,2026-08-19T06:20:53.757003+00:00
29,513,Lenglet,18,DEF,48,1.3828,1.9075,0.48,0.1144,0.4556,0.002,1,8,76,1,2026-08-19T06:20:39.576311+00:00,2026-08-19T06:20:53.757003+00:00
29,522,Spence,18,DEF,41,0,0,0.0,0.0,0.0,0,1,0,0,0,2026-08-19T06:20:39.576311+00:00,2026-08-19T06:20:53.757003+00:00
29,554,Bryan,18,MID,50,0,0,0.0,0.0,0.0,0,1,0,0,0,2026-08-19T06:20:39.576311+00:00,2026-08-19T06:20:53.757003+00:00
29,713,Danjuma,18,MID,62,1.5052,1.8928,0.45,0.154,0.4308,0.0052,1,0,0,0,2026-08-19T06:20:39.576311+00:00,2026-08-19T06:20:53.757003+00:00
29,733,Pedro Porro,18,DEF,48,0.938,1.7639,0.28,0.1584,0.2731,0.0036,1,2,90,1,2026-08-19T06:20:39.576311+00:00,2026-08-19T06:20:53.757003+00:00
29,748,Mundle,18,MID,45,0.442,0.8629,0.1,0.198,0.1088,0.0,1,0,0,0,2026-08-19T06:20:39.576311+00:00,2026-08-19T06:20:53.757003+00:00
29,758,Abbott,18,MID,45,0.4724,0.9217,0.1,0.198,0.1088,0.0,1,,,,2026-08-19T06:20:39.576311+00:00,
29,764,Craig,18,MID,45,0.4664,0.9176,0.1,0.198,0.1088,0.0,1,,,,2026-08-19T06:20:39.576311+00:00,
29,777,Alonso,18,MID,45,0.4656,0.925,0.1,0.198,0.1088,0.0004,1,,,,2026-08-19T06:20:39.576311+00:00,
29,30,Ings,19,FWD,64,4.3688,3.6833,0.48,0.1456,0.458,0.0952,2,3,91,1,2026-08-19T06:20:39.576311+00:00,2026-08-19T06:20:53.757003+00:00
29,455,Fabianski,19,GKP,49,7.07,3.2597,0.9,0.008,0.8376,0.2372,2,8,180,1,2026-08-19T06:20:39.576311+00:00,2026-08-19T06:20:53.757003+00:00
29,456,Ogbonna,19,DEF,44,1.8096,2.4335,0.22,0.1716,0.2183,0.0112,2,0,0,0,2026-08-19T06:20:39.576311+00:00,2026-08-19T06:20:53.757003+00:00
29,457,Cresswell,19,DEF,47,4.4888,3.2161,0.68,0.0576,0.637,0.0708,2,1,2,0,2026-08-19T06:20:39.576311+00:00,2026-08-19T06:20:53.757003+00:00
29,458,Antonio,19,FWD,70,3.1328,2.674,0.48,0.1456,0.458,0.0292,2,3,87,1,2026-08-19T06:20:39.576311+00:00,2026-08-19T06:20:53.757003+00:00
29,460,Lanzini,19,MID,50,1.7752,2.5006,0.18,0.1804,0.1818,0.02,2,0,0,0,2026-08-19T06:20:39.576311+00:00,2026-08-19T06:20:53.757003+00:00
29,461,Zouma,19,DEF,44,1.988,2.5084,0.22,0.1716,0.2183,0.0112,2,12,180,1,2026-08-19T06:20:39.576311+00:00,2026-08-19T06:20:53.757003+00:00
29,462,Masuaku,19,DEF,45,0,0,0.0,0.0,0.0,0,2,0,0,0,2026-08-19T06:20:39.576311+00:00,2026-08-19T06:20:53.757003+00:00
29,463,Coufal,19,DEF,40,1.7092,2.3511,0.22,0.1716,0.2183,0.0132,2,0,27,0,2026-08-19T06:20:39.576311+00:00,2026-08-19T06:20:53.757003+00:00
29,464,Benrahma,19,MID,55,5.206,3.5214,0.68,0.0896,0.6396,0.1344,2,5,152,1,2026-08-19T06:20:39.576311+00:00,2026-08-19T06:20:53.757003+00:00
29,465,Bowen,19,MID,80,5.7972,3.3358,0.82,0.0324,0.7652,0.1352,2,8,180,1,2026-08-19T06:20:39.576311+00:00,2026-08-19T06:20:53.757003+00:00
29,466,Vlasic,19,MID,50,0,0,0.0,0.0,0.0,0,2,0,0,0,2026-08-19T06:20:39.576311+00:00,2026-08-19T06:20:53.757003+00:00
29,467,Rice,19,MID,47,4.6428,2.1214,0.82,0.0324,0.7652,0.0284,2,5,180,1,2026-08-19T06:20:39.576311+00:00,2026-08-19T06:20:53.757003+00:00
29,468,Soucek,19,MID,50,3.6196,2.034,0.68,0.0576,0.637,0.0108,2,5,129,1,2026-08-19T06:20:39.576311+00:00,2026-08-19T06:20:53.757003+00:00
29,469,Fornals,19,MID,49,3.27,2.5993,0.48,0.1144,0.4556,0.0244,2,1,2,0,2026-08-19T06:20:39.576311+00:00,2026-08-19T06:20:53.757003+00:00
29,471,Johnson,19,DEF,44,1.782,2.2531,0.22,0.1716,0.2183,0.0048,2,0,0,0,2026-08-19T06:20:39.576311+00:00,2026-08-19T06:20:53.757003+00:00
29,472,Aguerd,19,DEF,48,3.3244,3.379,0.48,0.1144,0.4556,0.0616,2,15,180,1,2026-08-19T06:20:39.576311+00:00,2026-08-19T06:20:53.757003+00:00
29,473,Areola,19,GKP,43,0.3576,1.1658,0.04,0.0384,0.0403,0.0004,2,0,0,0,2026-08-19T06:20:39.576311+00:00,2026-08-19T06:20:53.757003+00:00
29,509,Downes,19,MID,42,1.7748,1.8328,0.28,0.1584,0.2731,0.004,2,1,49,0,2026-08-19T06:20:39.576311+00:00,2026-08-19T06:20:53.757003+00:00
29,529,Scamacca,19,FWD,66,0,0,0.0,0.0,0.0,0,2,0,0,0,2026-08-19T06:20:39.576311+00:00,2026-08-19T06:20:53.757003+00:00
29,545,Emerson,19,DEF,40,1.1776,1.9927,0.11,0.1958,0.118,0.0072,2,5,177,1,2026-08-19T06:20:39.576311+00:00,2026-08-19T06:20:53.757003+00:00
29,556,Coventry,19,MID,44,0,0,0.0,0.0,0.0,0,2,0,0,0,2026-08-19T06:20:39.576311+00:00,2026-08-19T06:20:53.757003+00:00
29,572,Oko-Flex,19,MID,44,0,0,0.0,0.0,0.0,0,2,0,0,0,2026-08-19T06:20:39.576311+00:00,2026-08-19T06:20:53.757003+00:00
29,575,Cornet,19,MID,59,3.1252,2.7799,0.45,0.154,0.4308,0.034,2,1,27,0,2026-08-19T06:20:39.576311+00:00,2026-08-19T06:20:53.757003+00:00
29,588,Kehrer,19,DEF,43,1.612,2.2039,0.22,0.1404,0.2158,0.0044,2,12,152,1,2026-08-19T06:20:39.576311+00:00,2026-08-19T06:20:53.757003+00:00
29,603,Paquetá,19,MID,59,3.7848,3.2967,0.48,0.1456,0.458,0.0656,2,5,177,1,2026-08-19T06:20:39.576311+00:00,2026-08-19T06:20:53.757003+00:00
29,669,Mubama,19,FWD,45,0.896,1.2959,0.1,0.198,0.1088,0.0004,2,0,0,0,2026-08-19T06:20:39.576311+00:00,2026-08-19T06:20:53.757003+00:00
29,739,Anang,19,GKP,40,0.3404,1.0996,0.04,0.0384,0.0403,0.0,2,0,0,0,2026-08-19T06:20:39.576311+00:00,2026-08-19T06:20:53.757003+00:00
29,740,Hegyi,19,GKP,39,0.3524,1.131,0.04,0.0384,0.0403,0.0,2,0,0,0,2026-08-19T06:20:39.576311+00:00,2026-08-19T06:20:53.757003+00:00
29,746,Casey,19,DEF,40,1.022,1.657,0.1,0.198,0.1088,0.002,2,0,0,0,2026-08-19T06:20:39.576311+00:00,2026-08-19T06:20:53.757003+00:00
29,459,Dawson,20,DEF,48,1.5232,2.161,0.48,0.1144,0.4556,0.0072,1,2,64,1,2026-08-19T06:20:39.576311+00:00,2026-08-19T06:20:53.757003+00:00
29,476,Jiménez,20,FWD,67,0.9884,1.5301,0.28,0.2016,0.2765,0.004,1,0,0,0,2026-08-19T06:20:39.576311+00:00,2026-08-19T06:20:53.757003+00:00
29,477,Jonny,20,DEF,43,0.7152,1.4335,0.22,0.1716,0.2183,0.0008,1,0,0,0,2026-08-19T06:20:39.576311+00:00,2026-08-19T06:20:53.757003+00:00
29,478,Sá,20,GKP,50,3.1692,2.2075,0.9,0.008,0.8376,0.0024,1,6,90,1,2026-08-19T06:20:39.576311+00:00,2026-08-19T06:20:53.757003+00:00
29,480,Neves,20,MID,53,2.354,1.7802,0.82,0.0324,0.7652,0.0028,1,1,90,1,2026-08-19T06:20:39.576311+00:00,2026-08-19T06:20:53.757003+00:00
29,481,Hwang,20,MID,57,1.004,1.5329,0.28,0.2016,0.2765,0.0024,1,0,0,0,2026-08-19T06:20:39.576311+00:00,2026-08-19T06:20:53.757003+00:00
29,482,Semedo,20,DEF,50,1.6436,2.0123,0.68,0.0576,0.637,0.0032,1,1,90,1,2026-08-19T06:20:39.576311+00:00,2026-08-19T06:20:53.757003+00:00
29,483,Podence,20,MID,52,1.9904,1.824,0.68,0.0576,0.637,0.002,1,9,45,1,2026-08-19T06:20:39.576311+00:00,2026-08-19T06:20:53.757003+00:00
29,484,Kilman,20,DEF,44,0.7348,1.4971,0.22,0.1404,0.2158,0.0008,1,2,90,1,2026-08-19T06:20:39.576311+00:00,2026-08-19T06:20:53.757003+00:00
29,485,Cundle,20,MID,44,0,0,0.0,0.0,0.0,0,1,0,0,0,2026-08-19T06:20:39.576311+00:00,2026-08-19T06:20:53.757003+00:00
29,486,Neto,20,MID,49,0.8652,1.3223,0.28,0.1584,0.2731,0.0004,1,4,9,0,2026-08-19T06:20:39.576311+00:00,2026-08-19T06:20:53.757003+00:00
29,487,Aït-Nouri,20,DEF,42,0.6664,1.3682,0.22,0.1716,0.2183,0.0008,1,0,0,0,2026-08-19T06:20:39.576311+00:00,2026-08-19T06:20:53.757003+00:00
29,488,Fabio Silva,20,FWD,55,0,0,0.0,0.0,0.0,0,1,0,0,0,2026-08-19T06:20:39.576311+00:00,2026-08-19T06:20:53.757003+00:00
29,489,Toti,20,DEF,39,0.7408,1.41,0.22,0.1716,0.2183,0.0004,1,1,90,1,2026-08-19T06:20:39.576311+00:00,2026-08-19T06:20:53.757003+00:00
29,490,Chiquinho,20,MID,50,0,0,0.0,0.0,0.0,0,1,0,0,0,2026-08-19T06:20:39.576311+00:00,2026-08-19T06:20:53.757003+00:00
29,491,Adama,20,MID,54,1.5228,1.743,0.48,0.1144,0.4556,0.002,1,2,64,1,2026-08-19T06:20:39.576311+00:00,2026-08-19T06:20:53.757003+00:00
29,492,Šarkić,20,GKP,39,0,0,0.0,0.0,0.0,0,1,0,0,0,2026-08-19T06:20:39.576311+00:00,2026-08-19T06:20:53.757003+00:00
29,494,Mosquera,20,DEF,39,0,0,0.0,0.0,0.0,0,1,0,0,0,2026-08-19T06:20:39.576311+00:00,2026-08-19T06:20:53.757003+00:00
29,503,Moutinho,20,MID,46,1.6932,1.4059,0.68,0.0576,0.637,0.0004,1,0,45,1,2026-08-19T06:20:39.576311+00:00,2026-08-19T06:20:53.757003+00:00
29,516,Collins,20,DEF,43,0.7808,1.5253,0.22,0.1404,0.2158,0.0,1,0,0,0,2026-08-19T06:20:39.576311+00:00,2026-08-19T06:20:53.757003+00:00
29,557,Smith,20,GKP,39,0,0,0.0,0.0,0.0,0,1,0,0,0,2026-08-19T06:20:39.576311+00:00,2026-08-19T06:20:53.757003+00:00
29,558,Bueno,20,DEF,38,0.8084,1.5215,0.22,0.1716,0.2183,0.0,1,1,25,0,2026-08-19T06:20:39.576311+00:00,2026-08-19T06:20:53.757003+00:00
29,566,Hodge,20,MID,44,0.4216,0.8481,0.1,0.198,0.1088,0.0,1,0,0,0,2026-08-19T06:20:39.576311+00:00,2026-08-19T06:20:53.757003+00:00
29,567,Ronan,20,MID,44,0,0,0.0,0.0,0.0,0,1,0,0,0,2026-08-19T06:20:39.576311+00:00,2026-08-19T06:20:53.757003+00:00
29,568,Campbell,20,MID,44,0,0,0.0,0.0,0.0,0,1,0,0,0,2026-08-19T06:20:39.576311+00:00,2026-08-19T06:20:53.757003+00:00
29,579,Guedes,20,MID,58,0,0,0.0,0.0,0.0,0,1,0,0,0,2026-08-19T06:20:39.576311+00:00,2026-08-19T06:20:53.757003+00:00
29,589,Matheus,20,MID,48,1.8624,1.5653,0.68,0.0576,0.637,0.0008,1,2,90,1,2026-08-19T06:20:39.576311+00:00,2026-08-19T06:20:53.757003+00:00
29,608,Kalajdžić,20,FWD,53,0,0,0.0,0.0,0.0,0,1,0,0,0,2026-08-19T06:20:39.576311+00:00,2026-08-19T06:20:53.757003+00:00
29,625,Diego Costa,20,FWD,53,0.81,1.2487,0.28,0.1584,0.2731,0.0008,1,1,25,0,2026-08-19T06:20:39.576311+00:00,2026-08-19T06:20:53.757003+00:00
29,629,Traoré,20,MID,43,0.8056,1.1773,0.28,0.1584,0.2731,0.0,1,0,0,0,2026-08-19T06:20:39.576311+00:00,2026-08-19T06:20:53.757003+00:00
29,657,Fraser,20,FWD,45,0.4384,0.8566,0.1,0.198,0.1088,0.0004,1,0,0,0,2026-08-19T06:20:39.576311+00:00,2026-08-19T06:20:53.757003+00:00
29,658,Griffiths,20,MID,44,0.4524,0.9051,0.1,0.198,0.1088,0.0,1,0,0,0,2026-08-19T06:20:39.576311+00:00,2026-08-19T06:20:53.757003+00:00
29,664,Lembikisa,20,DEF,40,0.4756,1.1543,0.1,0.198,0.1088,0.0016,1,0,0,0,2026-08-19T06:20:39.576311+00:00,2026-08-19T06:20:53.757003+00:00
29,682,Cunha,20,FWD,54,0.8972,1.4236,0.28,0.1584,0.2731,0.002,1,2,80,1,2026-08-19T06:20:39.576311+00:00,2026-08-19T06:20:53.757003+00:00
29,698,Lemina,20,MID,45,1.24,1.3416,0.48,0.1144,0.4556,0.0004,1,1,45,1,2026-08-19T06:20:39.576311+00:00,2026-08-19T06:20:53.757003+00:00
29,704,Sarabia,20,MID,55,1.2124,1.9833,0.28,0.2016,0.2765,0.0072,1,0,45,1,2026-08-19T06:20:39.576311+00:00,2026-08-19T06:20:53.757003+00:00
29,717,Bentley,20,GKP,40,0.136,0.6432,0.04,0.0384,0.0403,0.0,1,0,0,0,2026-08-19T06:20:39.576311+00:00,2026-08-19T06:20:53.757003+00:00
29,721,João Gomes,20,MID,45,0.4488,0.8785,0.1,0.198,0.1088,0.0,1,0,0,0,2026-08-19T06:20:39.576311+00:00,2026-08-19T06:20:53.757003+00:00
