gw,player_id,web_name,team_id,position,now_cost,mu,sigma,p_start,p_sub,p_60,p_10_plus,n_fixtures,actual_points,actual_minutes,did_start,captured_at,scored_at
31,3,Xhaka,1,MID,49,2.4452,1.7212,0.82,0.0324,0.7652,0.004,1,2,90,1,2026-08-19T06:20:42.475339+00:00,2026-08-19T06:20:53.817897+00:00
31,4,Elneny,1,MID,41,0,0,0.0,0.0,0.0,0,1,0,0,0,2026-08-19T06:20:42.475339+00:00,2026-08-19T06:20:53.817897+00:00
31,5,Holding,1,DEF,42,0.7744,1.4523,0.22,0.1716,0.2183,0.0,1,1,90,1,2026-08-19T06:20:42.475339+00:00,2026-08-19T06:20:53.817897+00:00
31,6,Partey,1,MID,47,2.3712,1.6339,0.82,0.0324,0.7652,0.0008,1,1,66,1,2026-08-19T06:20:42.475339+00:00,2026-08-19T06:20:53.817897+00:00
31,7,Ødegaard,1,MID,67,3.3552,2.6304,0.82,0.0324,0.7652,0.0292,1,10,89,1,2026-08-19T06:20:42.475339+00:00,2026-08-19T06:20:53.817897+00:00
31,8,Tierney,1,DEF,46,0.8676,1.5504,0.28,0.1584,0.2731,0.0008,1,1,84,1,2026-08-19T06:20:42.475339+00:00,2026-08-19T06:20:53.817897+00:00
31,9,Pépé,1,MID,53,0,0,0.0,0.0,0.0,0,1,0,0,0,2026-08-19T06:20:42.475339+00:00,2026-08-19T06:20:53.817897+00:00
31,10,White,1,DEF,49,2.5876,2.4158,0.82,0.0324,0.7652,0.0108,1,6,90,1,2026-08-19T06:20:42.475339+00:00,2026-08-19T06:20:53.817897+00:00
31,11,Nketiah,1,FWD,64,2.0452,2.5552,0.48,0.1456,0.458,0.0184,1,1,1,0,2026-08-19T06:20:42.475339+00:00,2026-08-19T06:20:53.817897+00:00
31,12,Smith Rowe,1,MID,56,1.4788,1.7335,0.45,0.154,0.4308,0.004,1,0,0,0,2026-08-19T06:20:42.475339+00:00,2026-08-19T06:20:53.817897+00:00
31,13,Saka,1,MID,86,1.5348,2.2329,0.41,0.1062,0.3898,0.0088,1,0,90,1,2026-08-19T06:20:42.475339+00:00,2026-08-19T06:20:53.817897+00:00
31,14,Tomiyasu,1,DEF,42,0,0,0.0,0.0,0.0,0,1,0,0,0,2026-08-19T06:20:42.475339+00:00,2026-08-19T06:20:53.817897+00:00
31,15,Ramsdale,1,GKP,49,2.7824,2.0423,0.9,0.008,0.8376,0.0008,1,1,90,1,2026-08-19T06:20:42.475339+00:00,2026-08-19T06:20:53.817897+00:00
31,16,Gabriel,1,DEF,53,2.6372,2.4601,0.82,0.0324,0.7652,0.012,1,1,90,1,2026-08-19T06:20:42.475339+00:00,2026-08-19T06:20:53.817897+00:00
31,17,Tavares,1,DEF,45,0,0,0.0,0.0,0.0,0,1,0,0,0,2026-08-19T06:20:42.475339+00:00,2026-08-19T06:20:53.817897+00:00
31,19,Martinelli,1,MID,68,0,0,0.0,0.0,0.0,0,1,5,84,1,2026-08-19T06:20:42.475339+00:00,2026-08-19T06:20:53.817897+00:00
31,20,Pablo Marí,1,DEF,45,0,0,0.0,0.0,0.0,0,1,0,0,0,2026-08-19T06:20:42.475339+00:00,2026-08-19T06:20:53.817897+00:00
31,22,Torreira,1,MID,45,0,0,0.0,0.0,0.0,0,1,0,0,0,2026-08-19T06:20:42.475339+00:00,2026-08-19T06:20:53.817897+00:00
31,23,Nelson,1,MID,47,0.4592,0.944,0.09,0.2002,0.0997,0.0,1,1,5,0,2026-08-19T06:20:42.475339+00:00,2026-08-19T06:20:53.817897+00:00
31,24,Turner,1,GKP,38,0.1596,0.7456,0.04,0.0384,0.0403,0.0,1,0,0,0,2026-08-19T06:20:42.475339+00:00,2026-08-19T06:20:53.817897+00:00
31,25,Fábio Vieira,1,MID,56,1.0628,1.6341,0.28,0.2016,0.2765,0.004,1,1,5,0,2026-08-19T06:20:42.475339+00:00,2026-08-19T06:20:53.817897+00:00
31,26,Saliba,1,DEF,50,0,0,0.0,0.0,0.0,0,1,0,0,0,2026-08-19T06:20:42.475339+00:00,2026-08-19T06:20:53.817897+00:00
31,27,Marquinhos,1,MID,46,0,0,0.0,0.0,0.0,0,1,0,0,0,2026-08-19T06:20:42.475339+00:00,2026-08-19T06:20:53.817897+00:00
31,28,Jesus,1,FWD,81,1.7176,2.0212,0.48,0.1456,0.458,0.0056,1,7,66,1,2026-08-19T06:20:42.475339+00:00,2026-08-19T06:20:53.817897+00:00
31,111,Trossard,1,MID,67,1.2448,1.8397,0.34,0.1188,0.3257,0.002,1,1,23,0,2026-08-19T06:20:42.475339+00:00,2026-08-19T06:20:53.817897+00:00
31,130,Jorginho,1,MID,57,1.7996,1.4298,0.68,0.0576,0.637,0.0,1,1,23,0,2026-08-19T06:20:42.475339+00:00,2026-08-19T06:20:53.817897+00:00
31,313,Zinchenko,1,DEF,52,0,0,0.0,0.0,0.0,0,1,0,0,0,2026-08-19T06:20:42.475339+00:00,2026-08-19T06:20:53.817897+00:00
31,607,Smith,1,MID,44,0.4548,0.9889,0.1,0.198,0.1088,0.0008,1,0,0,0,2026-08-19T06:20:42.475339+00:00,2026-08-19T06:20:53.817897+00:00
31,630,Nwaneri,1,MID,45,0,0,0.0,0.0,0.0,0,1,0,0,0,2026-08-19T06:20:42.475339+00:00,2026-08-19T06:20:53.817897+00:00
31,631,Sousa,1,DEF,40,0.4296,1.0099,0.1,0.198,0.1088,0.0,1,0,0,0,2026-08-19T06:20:42.475339+00:00,2026-08-19T06:20:53.817897+00:00
31,655,Hein,1,GKP,39,0.1516,0.751,0.04,0.0384,0.0403,0.0,1,0,0,0,2026-08-19T06:20:42.475339+00:00,2026-08-19T06:20:53.817897+00:00
31,668,Cozier-Duberry,1,MID,45,0.4564,0.8929,0.1,0.198,0.1088,0.0,1,0,0,0,2026-08-19T06:20:42.475339+00:00,2026-08-19T06:20:53.817897+00:00
31,685,Butler-Oyedeji,1,FWD,45,0,0,0.0,0.0,0.0,0,1,0,0,0,2026-08-19T06:20:42.475339+00:00,2026-08-19T06:20:53.817897+00:00
31,710,Kiwior,1,DEF,40,0.4672,1.0895,0.1,0.198,0.1088,0.0004,1,0,0,0,2026-08-19T06:20:42.475339+00:00,2026-08-19T06:20:53.817897+00:00
31,751,Walters,1,DEF,40,0.478,1.166,0.1,0.198,0.1088,0.0012,1,0,0,0,2026-08-19T06:20:42.475339+00:00,2026-08-19T06:20:53.817897+00:00
31,767,Bandeira,1,MID,45,0.4652,0.9075,0.1,0.198,0.1088,0.0,1,,,,2026-08-19T06:20:42.475339+00:00,
31,29,Coutinho,2,MID,66,0,0,0.0,0.0,0.0,0,1,0,0,0,2026-08-19T06:20:42.475339+00:00,2026-08-19T06:20:53.817897+00:00
31,31,Martínez,2,GKP,50,3.5528,2.4001,0.9,0.008,0.8376,0.006,1,6,90,1,2026-08-19T06:20:42.475339+00:00,2026-08-19T06:20:53.817897+00:00
31,32,Chambers,2,DEF,42,0.5332,1.2496,0.1,0.198,0.1088,0.0004,1,1,5,0,2026-08-19T06:20:42.475339+00:00,2026-08-19T06:20:53.817897+00:00
31,33,Digne,2,DEF,46,1.6048,2.1571,0.48,0.1144,0.4556,0.0052,1,0,0,0,2026-08-19T06:20:42.475339+00:00,2026-08-19T06:20:53.817897+00:00
31,34,Traoré,2,MID,49,0.7156,1.375,0.18,0.1804,0.1818,0.0028,1,0,0,0,2026-08-19T06:20:42.475339+00:00,2026-08-19T06:20:53.817897+00:00
31,35,Olsen,2,GKP,39,0.1796,0.853,0.04,0.0384,0.0403,0.0,1,0,0,0,2026-08-19T06:20:42.475339+00:00,2026-08-19T06:20:53.817897+00:00
31,36,Sanson,2,MID,43,0,0,0.0,0.0,0.0,0,1,0,0,0,2026-08-19T06:20:42.475339+00:00,2026-08-19T06:20:53.817897+00:00
31,37,McGinn,2,MID,51,1.918,1.7211,0.68,0.0576,0.637,0.004,1,3,90,1,2026-08-19T06:20:42.475339+00:00,2026-08-19T06:20:53.817897+00:00
31,38,Hause,2,DEF,44,0,0,0.0,0.0,0.0,0,1,0,0,0,2026-08-19T06:20:42.475339+00:00,2026-08-19T06:20:53.817897+00:00
31,39,Mings,2,DEF,45,0.8628,1.686,0.22,0.1404,0.2158,0.0004,1,6,90,1,2026-08-19T06:20:42.475339+00:00,2026-08-19T06:20:53.817897+00:00
31,40,Watkins,2,FWD,76,3.2384,2.5399,0.82,0.0324,0.7652,0.0292,1,16,90,1,2026-08-19T06:20:42.475339+00:00,2026-08-19T06:20:53.817897+00:00
31,41,Nakamba,2,MID,43,0,0,0.0,0.0,0.0,0,1,0,0,0,2026-08-19T06:20:42.475339+00:00,2026-08-19T06:20:53.817897+00:00
31,42,Buendía,2,MID,57,2.5044,2.349,0.68,0.0576,0.637,0.014,1,3,90,1,2026-08-19T06:20:42.475339+00:00,2026-08-19T06:20:53.817897+00:00
31,43,Cash,2,DEF,46,2.1044,2.1889,0.68,0.0576,0.637,0.0004,1,0,0,0,2026-08-19T06:20:42.475339+00:00,2026-08-19T06:20:53.817897+00:00
31,44,Konsa,2,DEF,44,0.8164,1.5863,0.22,0.1404,0.2158,0.0004,1,6,90,1,2026-08-19T06:20:42.475339+00:00,2026-08-19T06:20:53.817897+00:00
31,45,Bailey,2,MID,44,2.5004,2.4673,0.68,0.0576,0.637,0.012,1,0,0,0,2026-08-19T06:20:42.475339+00:00,2026-08-19T06:20:53.817897+00:00
31,46,Douglas Luiz,2,MID,48,2.5964,2.0296,0.82,0.0324,0.7652,0.0088,1,3,90,1,2026-08-19T06:20:42.475339+00:00,2026-08-19T06:20:53.817897+00:00
31,47,Ramsey,2,MID,52,2.1168,1.9351,0.68,0.0576,0.637,0.004,1,13,84,1,2026-08-19T06:20:42.475339+00:00,2026-08-19T06:20:53.817897+00:00
31,49,Iroegbunam,2,MID,45,0,0,0.0,0.0,0.0,0,1,0,0,0,2026-08-19T06:20:42.475339+00:00,2026-08-19T06:20:53.817897+00:00
31,50,Diego Carlos,2,DEF,47,0.7756,1.5737,0.18,0.1804,0.1818,0.0012,1,0,0,0,2026-08-19T06:20:42.475339+00:00,2026-08-19T06:20:53.817897+00:00
31,51,El Ghazi,2,MID,48,0,0,0.0,0.0,0.0,0,1,0,0,0,2026-08-19T06:20:42.475339+00:00,2026-08-19T06:20:53.817897+00:00
31,52,Davis,2,FWD,54,0,0,0.0,0.0,0.0,0,1,0,0,0,2026-08-19T06:20:42.475339+00:00,2026-08-19T06:20:53.817897+00:00
31,53,Kamara,2,MID,48,1.612,1.3511,0.68,0.0576,0.637,0.0004,1,0,0,0,2026-08-19T06:20:42.475339+00:00,2026-08-19T06:20:53.817897+00:00
31,54,Archer,2,FWD,42,0,0,0.0,0.0,0.0,0,1,0,0,0,2026-08-19T06:20:42.475339+00:00,2026-08-19T06:20:53.817897+00:00
31,55,Philogene-Bidace,2,MID,45,0,0,0.0,0.0,0.0,0,1,0,0,0,2026-08-19T06:20:42.475339+00:00,2026-08-19T06:20:53.817897+00:00
31,56,Guilbert,2,DEF,39,0,0,0.0,0.0,0.0,0,1,0,0,0,2026-08-19T06:20:42.475339+00:00,2026-08-19T06:20:53.817897+00:00
31,479,Dendoncker,2,MID,47,0.8948,1.2889,0.28,0.1584,0.2731,0.0,1,3,90,1,2026-08-19T06:20:42.475339+00:00,2026-08-19T06:20:53.817897+00:00
31,525,Augustinsson,2,DEF,43,0,0,0.0,0.0,0.0,0,1,0,0,0,2026-08-19T06:20:42.475339+00:00,2026-08-19T06:20:53.817897+00:00
31,537,Kesler Hayden,2,DEF,40,0,0,0.0,0.0,0.0,0,1,0,0,0,2026-08-19T06:20:42.475339+00:00,2026-08-19T06:20:53.817897+00:00
31,538,Young,2,DEF,43,0.8788,1.7148,0.22,0.1404,0.2158,0.0016,1,6,90,1,2026-08-19T06:20:42.475339+00:00,2026-08-19T06:20:53.817897+00:00
31,638,Bogarde,2,DEF,40,0,0,0.0,0.0,0.0,0,1,0,0,0,2026-08-19T06:20:42.475339+00:00,2026-08-19T06:20:53.817897+00:00
31,670,Marschall,2,GKP,40,0,0,0.0,0.0,0.0,0,1,0,0,0,2026-08-19T06:20:42.475339+00:00,2026-08-19T06:20:53.817897+00:00
31,672,Kadan Young,2,MID,45,0,0,0.0,0.0,0.0,0,1,0,0,0,2026-08-19T06:20:42.475339+00:00,2026-08-19T06:20:53.817897+00:00
31,694,Álex Moreno,2,DEF,44,0,0,0.0,0.0,0.0,0,1,10,90,1,2026-08-19T06:20:42.475339+00:00,2026-08-19T06:20:53.817897+00:00
31,707,Sinisalo,2,GKP,40,0.166,0.8057,0.04,0.0384,0.0403,0.0004,1,0,0,0,2026-08-19T06:20:42.475339+00:00,2026-08-19T06:20:53.817897+00:00
31,711,Durán,2,FWD,55,1.4744,1.8276,0.45,0.154,0.4308,0.0052,1,0,1,0,2026-08-19T06:20:42.475339+00:00,2026-08-19T06:20:53.817897+00:00
31,744,Swinkels,2,DEF,40,0.536,1.2683,0.1,0.198,0.1088,0.0004,1,0,0,0,2026-08-19T06:20:42.475339+00:00,2026-08-19T06:20:53.817897+00:00
31,745,Zych,2,GKP,40,0.1644,0.7756,0.04,0.0384,0.0403,0.0,1,0,0,0,2026-08-19T06:20:42.475339+00:00,2026-08-19T06:20:53.817897+00:00
31,753,Wright,2,GKP,40,0.1932,0.8627,0.04,0.0384,0.0403,0.0004,1,0,0,0,2026-08-19T06:20:42.475339+00:00,2026-08-19T06:20:53.817897+00:00
31,754,Revan,2,DEF,40,0.4812,1.1432,0.1,0.198,0.1088,0.0012,1,0,0,0,2026-08-19T06:20:42.475339+00:00,2026-08-19T06:20:53.817897+00:00
31,755,Patterson,2,MID,45,0.5004,1.0507,0.1,0.198,0.1088,0.0004,1,0,0,0,2026-08-19T06:20:42.475339+00:00,2026-08-19T06:20:53.817897+00:00
31,761,O'Reilly,2,MID,45,0.4552,0.925,0.1,0.198,0.1088,0.0,1,,,,2026-08-19T06:20:42.475339+00:00,
31,57,Smith,3,DEF,43,0.688,1.3706,0.22,0.1404,0.2158,0.0004,1,1,41,0,2026-08-19T06:20:42.475339+00:00,2026-08-19T06:20:53.817897+00:00
31,58,Stanislas,3,MID,48,0,0,0.0,0.0,0.0,0,1,0,0,0,2026-08-19T06:20:42.475339+00:00,2026-08-19T06:20:53.817897+00:00
31,59,Fredericks,3,DEF,44,0,0,0.0,0.0,0.0,0,1,0,0,0,2026-08-19T06:20:42.475339+00:00,2026-08-19T06:20:53.817897+00:00
31,60,Brooks,3,MID,53,0.704,1.2925,0.18,0.1804,0.1818,0.0016,1,0,0,0,2026-08-19T06:20:42.475339+00:00,2026-08-19T06:20:53.817897+00:00
31,61,Lowe,3,MID,52,0,0,0.0,0.0,0.0,0,1,0,0,0,2026-08-19T06:20:42.475339+00:00,2026-08-19T06:20:53.817897+00:00
31,62,Moore,3,FWD,50,1.4256,1.6233,0.48,0.1144,0.4556,0.002,1,0,0,0,2026-08-19T06:20:42.475339+00:00,2026-08-19T06:20:53.817897+00:00
31,63,Marcondes,3,MID,47,0,0,0.0,0.0,0.0,0,1,0,0,0,2026-08-19T06:20:42.475339+00:00,2026-08-19T06:20:53.817897+00:00
31,64,Lerma,3,MID,47,1.9996,1.4321,0.82,0.0324,0.7652,0.0012,1,2,90,1,2026-08-19T06:20:42.475339+00:00,2026-08-19T06:20:53.817897+00:00
31,65,Stacey,3,DEF,43,0.4164,0.9945,0.1,0.198,0.1088,0.0008,1,0,0,0,2026-08-19T06:20:42.475339+00:00,2026-08-19T06:20:53.817897+00:00
31,66,Solanke,3,FWD,55,2.7048,2.1741,0.82,0.0324,0.7652,0.0168,1,15,90,1,2026-08-19T06:20:42.475339+00:00,2026-08-19T06:20:53.817897+00:00
31,67,Cook,3,MID,49,1.6476,1.3601,0.68,0.0576,0.637,0.0,1,0,0,0,2026-08-19T06:20:42.475339+00:00,2026-08-19T06:20:53.817897+00:00
31,68,Pearson,3,MID,44,0,0,0.0,0.0,0.0,0,1,0,0,0,2026-08-19T06:20:42.475339+00:00,2026-08-19T06:20:53.817897+00:00
31,69,Christie,3,MID,53,1.3964,1.4825,0.48,0.1144,0.4556,0.0008,1,1,65,1,2026-08-19T06:20:42.475339+00:00,2026-08-19T06:20:53.817897+00:00
31,70,Billing,3,MID,52,1.4524,1.9833,0.41,0.1062,0.3898,0.0032,1,2,78,1,2026-08-19T06:20:42.475339+00:00,2026-08-19T06:20:53.817897+00:00
31,71,Mepham,3,DEF,43,0.6772,1.4547,0.22,0.1404,0.2158,0.0012,1,1,90,1,2026-08-19T06:20:42.475339+00:00,2026-08-19T06:20:53.817897+00:00
31,72,Travers,3,GKP,42,0.1812,0.7984,0.04,0.0384,0.0403,0.0,1,0,0,0,2026-08-19T06:20:42.475339+00:00,2026-08-19T06:20:53.817897+00:00
31,73,Kelly,3,DEF,43,0.716,1.4481,0.22,0.1716,0.2183,0.0012,1,1,90,1,2026-08-19T06:20:42.475339+00:00,2026-08-19T06:20:53.817897+00:00
31,74,Dembélé,3,MID,47,0,0,0.0,0.0,0.0,0,1,0,0,0,2026-08-19T06:20:42.475339+00:00,2026-08-19T06:20:53.817897+00:00
31,75,Anthony,3,MID,52,1.5484,1.835,0.48,0.1144,0.4556,0.0036,1,1,24,0,2026-08-19T06:20:42.475339+00:00,2026-08-19T06:20:53.817897+00:00
31,76,Zemura,3,DEF,43,0.7736,1.48,0.22,0.1716,0.2183,0.0008,1,0,0,0,2026-08-19T06:20:42.475339+00:00,2026-08-19T06:20:53.817897+00:00
31,77,Dennis,3,GKP,39,0,0,0.0,0.0,0.0,0,1,0,0,0,2026-08-19T06:20:42.475339+00:00,2026-08-19T06:20:53.817897+00:00
31,404,Stephens,3,DEF,43,0.748,1.5192,0.22,0.1716,0.2183,0.002,1,0,90,1,2026-08-19T06:20:42.475339+00:00,2026-08-19T06:20:53.817897+00:00
31,505,Rothwell,3,MID,49,0.5572,1.0572,0.14,0.1892,0.1453,0.0,1,2,90,1,2026-08-19T06:20:42.475339+00:00,2026-08-19T06:20:53.817897+00:00
31,535,Tavernier,3,MID,47,0,0,0.0,0.0,0.0,0,1,2,78,1,2026-08-19T06:20:42.475339+00:00,2026-08-19T06:20:53.817897+00:00
31,539,Hill,3,DEF,44,0,0,0.0,0.0,0.0,0,1,0,0,0,2026-08-19T06:20:42.475339+00:00,2026-08-19T06:20:53.817897+00:00
31,571,Randolph,3,GKP,40,0.1636,0.7306,0.04,0.0384,0.0403,0.0,1,0,0,0,2026-08-19T06:20:42.475339+00:00,2026-08-19T06:20:53.817897+00:00
31,574,Neto,3,GKP,45,3.2252,2.2485,0.9,0.004,0.8373,0.0008,1,3,90,1,2026-08-19T06:20:42.475339+00:00,2026-08-19T06:20:53.817897+00:00
31,576,Senesi,3,DEF,44,0.8096,1.6753,0.22,0.1404,0.2158,0.0036,1,1,11,0,2026-08-19T06:20:42.475339+00:00,2026-08-19T06:20:53.817897+00:00
31,597,Saydee,3,FWD,45,0,0,0.0,0.0,0.0,0,1,0,0,0,2026-08-19T06:20:42.475339+00:00,2026-08-19T06:20:53.817897+00:00
31,598,Bevan,3,DEF,40,0,0,0.0,0.0,0.0,0,1,0,0,0,2026-08-19T06:20:42.475339+00:00,2026-08-19T06:20:53.817897+00:00
31,649,Plain,3,GKP,40,0.1552,0.7382,0.04,0.0384,0.0403,0.0,1,0,0,0,2026-08-19T06:20:42.475339+00:00,2026-08-19T06:20:53.817897+00:00
31,695,Adu-Adjei,3,FWD,45,0.4408,0.8757,0.1,0.198,0.1088,0.0,1,0,0,0,2026-08-19T06:20:42.475339+00:00,2026-08-19T06:20:53.817897+00:00
31,696,Dacosta Gonzalez,3,MID,44,0.4848,0.9715,0.1,0.198,0.1088,0.0004,1,0,0,0,2026-08-19T06:20:42.475339+00:00,2026-08-19T06:20:53.817897+00:00
31,697,Sadi,3,FWD,45,0.4468,0.8765,0.1,0.198,0.1088,0.0,1,0,0,0,2026-08-19T06:20:42.475339+00:00,2026-08-19T06:20:53.817897+00:00
31,705,Ouattara,3,MID,50,1.6872,2.0817,0.48,0.1144,0.4556,0.0068,1,8,11,0,2026-08-19T06:20:42.475339+00:00,2026-08-19T06:20:53.817897+00:00
31,706,Pollock,3,FWD,45,0.4428,0.8648,0.1,0.198,0.1088,0.0,1,0,0,0,2026-08-19T06:20:42.475339+00:00,2026-08-19T06:20:53.817897+00:00
31,714,Semenyo,3,FWD,50,0,0,0.0,0.0,0.0,0,1,0,0,0,2026-08-19T06:20:42.475339+00:00,2026-08-19T06:20:53.817897+00:00
31,718,Viña,3,DEF,45,0.4984,1.158,0.1,0.198,0.1088,0.0004,1,7,48,1,2026-08-19T06:20:42.475339+00:00,2026-08-19T06:20:53.817897+00:00
31,722,Zabarnyi,3,DEF,45,0.4436,1.0545,0.1,0.198,0.1088,0.0,1,0,0,0,2026-08-19T06:20:42.475339+00:00,2026-08-19T06:20:53.817897+00:00
31,723,H.Traorè,3,MID,45,0.6228,1.2058,0.14,0.1892,0.1453,0.0,1,0,0,0,2026-08-19T06:20:42.475339+00:00,2026-08-19T06:20:53.817897+00:00
31,737,Greenwood,3,DEF,40,0.4412,1.0224,0.1,0.198,0.1088,0.0,1,0,0,0,2026-08-19T06:20:42.475339+00:00,2026-08-19T06:20:53.817897+00:00
31,738,Kinsey-Wellings,3,DEF,40,0.466,1.0776,0.1,0.198,0.1088,0.0,1,0,0,0,2026-08-19T06:20:42.475339+00:00,2026-08-19T06:20:53.817897+00:00
31,78,Jansson,4,DEF,42,0,0,0.0,0.0,0.0,0,1,0,0,0,2026-08-19T06:20:42.475339+00:00,2026-08-19T06:20:53.817897+00:00
31,79,Nørgaard,4,MID,53,0,0,0.0,0.0,0.0,0,1,2,90,1,2026-08-19T06:20:42.475339+00:00,2026-08-19T06:20:53.817897+00:00
31,80,Toney,4,FWD,78,0,0,0.0,0.0,0.0,0,1,2,90,1,2026-08-19T06:20:42.475339+00:00,2026-08-19T06:20:53.817897+00:00
31,81,Raya,4,GKP,49,3.5876,2.3715,0.9,0.008,0.8376,0.0068,1,5,90,1,2026-08-19T06:20:42.475339+00:00,2026-08-19T06:20:53.817897+00:00
31,82,Canós,4,DEF,50,0,0,0.0,0.0,0.0,0,1,0,0,0,2026-08-19T06:20:42.475339+00:00,2026-08-19T06:20:53.817897+00:00
31,83,Dasilva,4,MID,41,1.3124,1.444,0.48,0.1144,0.4556,0.0004,1,2,60,1,2026-08-19T06:20:42.475339+00:00,2026-08-19T06:20:53.817897+00:00
31,84,Ajer,4,DEF,45,0.7704,1.4213,0.22,0.1716,0.2183,0.0,1,0,0,0,2026-08-19T06:20:42.475339+00:00,2026-08-19T06:20:53.817897+00:00
31,85,Henry,4,DEF,46,2.4284,2.2304,0.82,0.0324,0.7652,0.0052,1,1,73,1,2026-08-19T06:20:42.475339+00:00,2026-08-19T06:20:53.817897+00:00
31,86,Janelt,4,MID,55,2.0716,1.8174,0.68,0.0576,0.637,0.0024,1,1,29,0,2026-08-19T06:20:42.475339+00:00,2026-08-19T06:20:53.817897+00:00
31,87,Ghoddos,4,MID,48,0.6464,1.182,0.18,0.1804,0.1818,0.0012,1,1,16,0,2026-08-19T06:20:42.475339+00:00,2026-08-19T06:20:53.817897+00:00
31,88,Jensen,4,MID,48,2.5448,1.8229,0.82,0.0324,0.7652,0.002,1,1,60,1,2026-08-19T06:20:42.475339+00:00,2026-08-19T06:20:53.817897+00:00
31,89,Wissa,4,MID,53,1.5344,1.7512,0.48,0.1144,0.4556,0.0004,1,1,29,0,2026-08-19T06:20:42.475339+00:00,2026-08-19T06:20:53.817897+00:00
31,90,Roerslev,4,DEF,43,0.7652,1.5006,0.22,0.1716,0.2183,0.0012,1,0,0,0,2026-08-19T06:20:42.475339+00:00,2026-08-19T06:20:53.817897+00:00
31,91,Bech,4,DEF,45,0,0,0.0,0.0,0.0,0,1,0,0,0,2026-08-19T06:20:42.475339+00:00,2026-08-19T06:20:53.817897+00:00
31,92,Pinnock,4,DEF,44,0.8632,1.8188,0.22,0.1404,0.2158,0.0056,1,1,90,1,2026-08-19T06:20:42.475339+00:00,2026-08-19T06:20:53.817897+00:00
31,93,Onyeka,4,MID,48,0.8996,1.312,0.28,0.1584,0.2731,0.002,1,0,0,0,2026-08-19T06:20:42.475339+00:00,2026-08-19T06:20:53.817897+00:00
31,94,Baptiste,4,MID,45,0.8044,1.2154,0.28,0.1584,0.2731,0.0008,1,1,16,0,2026-08-19T06:20:42.475339+00:00,2026-08-19T06:20:53.817897+00:00
31,95,Mbeumo,4,FWD,58,2.4588,1.9848,0.82,0.0324,0.7652,0.0088,1,2,90,1,2026-08-19T06:20:42.475339+00:00,2026-08-19T06:20:53.817897+00:00
31,96,Goode,4,DEF,39,0,0,0.0,0.0,0.0,0,1,0,0,0,2026-08-19T06:20:42.475339+00:00,2026-08-19T06:20:53.817897+00:00
31,97,Forss,4,FWD,45,0,0,0.0,0.0,0.0,0,1,0,0,0,2026-08-19T06:20:42.475339+00:00,2026-08-19T06:20:53.817897+00:00
31,98,Thompson,4,DEF,40,0,0,0.0,0.0,0.0,0,1,0,0,0,2026-08-19T06:20:42.475339+00:00,2026-08-19T06:20:53.817897+00:00
31,99,Bidstrup,4,MID,45,0,0,0.0,0.0,0.0,0,1,0,0,0,2026-08-19T06:20:42.475339+00:00,2026-08-19T06:20:53.817897+00:00
31,100,Balcombe,4,GKP,40,0,0,0.0,0.0,0.0,0,1,0,0,0,2026-08-19T06:20:42.475339+00:00,2026-08-19T06:20:53.817897+00:00
31,510,Hickey,4,DEF,49,1.2564,1.8188,0.48,0.1144,0.4556,0.0008,1,1,73,1,2026-08-19T06:20:42.475339+00:00,2026-08-19T06:20:53.817897+00:00
31,515,Lewis-Potter,4,MID,52,0,0,0.0,0.0,0.0,0,1,0,0,0,2026-08-19T06:20:42.475339+00:00,2026-08-19T06:20:53.817897+00:00
31,517,Strakosha,4,GKP,43,0.152,0.652,0.04,0.0384,0.0403,0.0,1,0,0,0,2026-08-19T06:20:42.475339+00:00,2026-08-19T06:20:53.817897+00:00
31,526,Mee,4,DEF,51,2.4008,2.1903,0.82,0.0324,0.7652,0.0056,1,1,90,1,2026-08-19T06:20:42.475339+00:00,2026-08-19T06:20:53.817897+00:00
31,540,Stevens,4,DEF,40,0,0,0.0,0.0,0.0,0,1,0,0,0,2026-08-19T06:20:42.475339+00:00,2026-08-19T06:20:53.817897+00:00
31,541,Dervişoğlu,4,FWD,45,0,0,0.0,0.0,0.0,0,1,0,0,0,2026-08-19T06:20:42.475339+00:00,2026-08-19T06:20:53.817897+00:00
31,580,Damsgaard,4,MID,50,0.7604,1.182,0.28,0.1584,0.2731,0.0004,1,1,29,0,2026-08-19T06:20:42.475339+00:00,2026-08-19T06:20:53.817897+00:00
31,595,Zanka,4,DEF,39,0.7696,1.5189,0.22,0.1716,0.2183,0.0012,1,0,0,0,2026-08-19T06:20:42.475339+00:00,2026-08-19T06:20:53.817897+00:00
31,632,Trevitt,4,MID,44,0.4424,0.8634,0.1,0.198,0.1088,0.0,1,0,0,0,2026-08-19T06:20:42.475339+00:00,2026-08-19T06:20:53.817897+00:00
31,633,Cox,4,GKP,39,0,0,0.0,0.0,0.0,0,1,0,0,0,2026-08-19T06:20:42.475339+00:00,2026-08-19T06:20:53.817897+00:00
31,646,Crama,4,DEF,40,0.4672,1.1163,0.1,0.198,0.1088,0.0004,1,0,0,0,2026-08-19T06:20:42.475339+00:00,2026-08-19T06:20:53.817897+00:00
31,650,Yarmolyuk,4,MID,45,0.4696,0.9435,0.1,0.198,0.1088,0.0,1,0,0,0,2026-08-19T06:20:42.475339+00:00,2026-08-19T06:20:53.817897+00:00
31,688,Schade,4,MID,49,0.97,1.5517,0.28,0.1584,0.2731,0.0024,1,2,60,1,2026-08-19T06:20:42.475339+00:00,2026-08-19T06:20:53.817897+00:00
31,752,Olakigbe,4,MID,45,0.458,0.9285,0.1,0.198,0.1088,0.0,1,0,0,0,2026-08-19T06:20:42.475339+00:00,2026-08-19T06:20:53.817897+00:00
31,101,Lallana,5,MID,48,0,0,0.0,0.0,0.0,0,1,0,0,0,2026-08-19T06:20:42.475339+00:00,2026-08-19T06:20:53.817897+00:00
31,102,Steele,5,GKP,39,0.1736,0.8043,0.04,0.0384,0.0403,0.0,1,0,0,0,2026-08-19T06:20:42.475339+00:00,2026-08-19T06:20:53.817897+00:00
31,103,Welbeck,5,FWD,65,2.0336,1.9069,0.68,0.0896,0.6396,0.0068,1,5,51,1,2026-08-19T06:20:42.475339+00:00,2026-08-19T06:20:53.817897+00:00
31,104,Groß,5,MID,54,2.6228,2.0003,0.82,0.0324,0.7652,0.0076,1,5,90,1,2026-08-19T06:20:42.475339+00:00,2026-08-19T06:20:53.817897+00:00
31,106,Dunk,5,DEF,47,2.4172,2.232,0.82,0.0324,0.7652,0.0076,1,2,90,1,2026-08-19T06:20:42.475339+00:00,2026-08-19T06:20:53.817897+00:00
31,107,March,5,MID,52,1.6316,2.2131,0.41,0.1062,0.3898,0.0056,1,5,90,1,2026-08-19T06:20:42.475339+00:00,2026-08-19T06:20:53.817897+00:00
31,108,Webster,5,DEF,45,0.7524,1.4883,0.22,0.1404,0.2158,0.0008,1,2,86,1,2026-08-19T06:20:42.475339+00:00,2026-08-19T06:20:53.817897+00:00
31,109,Veltman,5,DEF,46,2.0336,2.2514,0.68,0.0576,0.637,0.008,1,0,27,0,2026-08-19T06:20:42.475339+00:00,2026-08-19T06:20:53.817897+00:00
31,113,Sánchez,5,GKP,45,2.9336,2.101,0.9,0.004,0.8373,0.0,1,1,90,1,2026-08-19T06:20:42.475339+00:00,2026-08-19T06:20:53.817897+00:00
31,114,Lamptey,5,DEF,42,0,0,0.0,0.0,0.0,0,1,0,0,0,2026-08-19T06:20:42.475339+00:00,2026-08-19T06:20:53.817897+00:00
31,115,Alzate,5,MID,44,0,0,0.0,0.0,0.0,0,1,0,0,0,2026-08-19T06:20:42.475339+00:00,2026-08-19T06:20:53.817897+00:00
31,116,Mac Allister,5,MID,55,3.1592,2.7268,0.82,0.0324,0.7652,0.0284,1,2,90,1,2026-08-19T06:20:42.475339+00:00,2026-08-19T06:20:53.817897+00:00
31,117,Moder,5,MID,44,0,0,0.0,0.0,0.0,0,1,0,0,0,2026-08-19T06:20:42.475339+00:00,2026-08-19T06:20:53.817897+00:00
31,118,Mwepu,5,MID,53,0,0,0.0,0.0,0.0,0,1,0,0,0,2026-08-19T06:20:42.475339+00:00,2026-08-19T06:20:53.817897+00:00
31,119,Sarmiento,5,MID,45,0,0,0.0,0.0,0.0,0,1,0,0,0,2026-08-19T06:20:42.475339+00:00,2026-08-19T06:20:53.817897+00:00
31,120,Caicedo,5,MID,50,1.8404,1.3241,0.82,0.0324,0.7652,0.0004,1,2,90,1,2026-08-19T06:20:42.475339+00:00,2026-08-19T06:20:53.817897+00:00
31,121,Richards,5,MID,45,0,0,0.0,0.0,0.0,0,1,0,0,0,2026-08-19T06:20:42.475339+00:00,2026-08-19T06:20:53.817897+00:00
31,122,Roberts,5,DEF,40,0,0,0.0,0.0,0.0,0,1,0,0,0,2026-08-19T06:20:42.475339+00:00,2026-08-19T06:20:53.817897+00:00
31,123,Undav,5,FWD,50,0.6832,1.3131,0.18,0.1804,0.1818,0.0016,1,0,0,0,2026-08-19T06:20:42.475339+00:00,2026-08-19T06:20:53.817897+00:00
31,124,Mitoma,5,MID,57,2.868,2.7263,0.68,0.0576,0.637,0.0236,1,2,90,1,2026-08-19T06:20:42.475339+00:00,2026-08-19T06:20:53.817897+00:00
31,125,Enciso,5,FWD,46,0.6844,1.2302,0.18,0.1804,0.1818,0.0008,1,9,62,1,2026-08-19T06:20:42.475339+00:00,2026-08-19T06:20:53.817897+00:00
31,126,Kozłowski,5,MID,45,0,0,0.0,0.0,0.0,0,1,0,0,0,2026-08-19T06:20:42.475339+00:00,2026-08-19T06:20:53.817897+00:00
31,149,Gilmour,5,MID,42,0.4456,0.9122,0.1,0.198,0.1088,0.0004,1,0,0,0,2026-08-19T06:20:42.475339+00:00,2026-08-19T06:20:53.817897+00:00
31,542,Scherpen,5,GKP,40,0,0,0.0,0.0,0.0,0,1,0,0,0,2026-08-19T06:20:42.475339+00:00,2026-08-19T06:20:53.817897+00:00
31,543,Clarke,5,DEF,40,0,0,0.0,0.0,0.0,0,1,0,0,0,2026-08-19T06:20:42.475339+00:00,2026-08-19T06:20:53.817897+00:00
31,544,Van Hecke,5,DEF,40,0.4536,1.0897,0.1,0.198,0.1088,0.0008,1,1,4,0,2026-08-19T06:20:42.475339+00:00,2026-08-19T06:20:53.817897+00:00
31,559,Colwill,5,DEF,44,0.8672,1.6561,0.22,0.1716,0.2183,0.0024,1,0,0,0,2026-08-19T06:20:42.475339+00:00,2026-08-19T06:20:53.817897+00:00
31,586,Estupiñán,5,DEF,48,2.2316,2.3722,0.68,0.0576,0.637,0.008,1,2,90,1,2026-08-19T06:20:42.475339+00:00,2026-08-19T06:20:53.817897+00:00
31,596,Ferguson,5,FWD,46,1.1204,1.835,0.28,0.1584,0.2731,0.004,1,1,38,0,2026-08-19T06:20:42.475339+00:00,2026-08-19T06:20:53.817897+00:00
31,640,Turns,5,DEF,40,0,0,0.0,0.0,0.0,0,1,0,0,0,2026-08-19T06:20:42.475339+00:00,2026-08-19T06:20:53.817897+00:00
31,651,Moran,5,MID,45,0.4352,0.9337,0.1,0.198,0.1088,0.0004,1,0,0,0,2026-08-19T06:20:42.475339+00:00,2026-08-19T06:20:53.817897+00:00
31,652,Furlong,5,DEF,40,0,0,0.0,0.0,0.0,0,1,0,0,0,2026-08-19T06:20:42.475339+00:00,2026-08-19T06:20:53.817897+00:00
31,677,Hinshelwood,5,MID,45,0.4564,0.9185,0.1,0.198,0.1088,0.0,1,0,0,0,2026-08-19T06:20:42.475339+00:00,2026-08-19T06:20:53.817897+00:00
31,679,Buonanotte,5,MID,45,0.4316,0.863,0.1,0.198,0.1088,0.0,1,0,0,0,2026-08-19T06:20:42.475339+00:00,2026-08-19T06:20:53.817897+00:00
31,719,Ayari,5,MID,45,0.4652,0.9145,0.1,0.198,0.1088,0.0,1,0,0,0,2026-08-19T06:20:42.475339+00:00,2026-08-19T06:20:53.817897+00:00
31,736,Offiah,5,DEF,40,0.4552,1.0989,0.1,0.198,0.1088,0.0004,1,0,0,0,2026-08-19T06:20:42.475339+00:00,2026-08-19T06:20:53.817897+00:00
31,756,McGill,5,GKP,40,0.1596,0.7462,0.04,0.0384,0.0403,0.0,1,0,0,0,2026-08-19T06:20:42.475339+00:00,2026-08-19T06:20:53.817897+00:00
31,762,Peupion,5,MID,45,0.4552,0.9714,0.1,0.198,0.1088,0.0004,1,,,,2026-08-19T06:20:42.475339+00:00,
31,765,Samuels,5,DEF,40,0,0,0.0,0.0,0.0,0,1,,,,2026-08-19T06:20:42.475339+00:00,
31,48,Chukwuemeka,6,MID,42,0.468,0.9216,0.1,0.198,0.1088,0.0004,1,0,0,0,2026-08-19T06:20:42.475339+00:00,2026-08-19T06:20:53.817897+00:00
31,112,Cucurella,6,DEF,49,1.186,1.9533,0.34,0.1188,0.3257,0.0016,1,0,0,0,2026-08-19T06:20:42.475339+00:00,2026-08-19T06:20:53.817897+00:00
31,127,Azpilicueta,6,DEF,47,1.6764,2.2422,0.48,0.1144,0.4556,0.0032,1,0,0,0,2026-08-19T06:20:42.475339+00:00,2026-08-19T06:20:53.817897+00:00
31,128,Thiago Silva,6,DEF,54,2.4276,2.4357,0.68,0.0576,0.637,0.0084,1,0,0,0,2026-08-19T06:20:42.475339+00:00,2026-08-19T06:20:53.817897+00:00
31,129,Alonso,6,DEF,53,0,0,0.0,0.0,0.0,0,1,0,0,0,2026-08-19T06:20:42.475339+00:00,2026-08-19T06:20:53.817897+00:00
31,131,Barkley,6,MID,49,0,0,0.0,0.0,0.0,0,1,0,0,0,2026-08-19T06:20:42.475339+00:00,2026-08-19T06:20:53.817897+00:00
31,132,Kovacic,6,MID,49,1.0544,1.6069,0.34,0.1452,0.3278,0.0024,1,1,33,0,2026-08-19T06:20:42.475339+00:00,2026-08-19T06:20:53.817897+00:00
31,133,Arrizabalaga,6,GKP,47,3.6804,2.3738,0.9,0.008,0.8376,0.0044,1,6,90,1,2026-08-19T06:20:42.475339+00:00,2026-08-19T06:20:53.817897+00:00
31,134,Kanté,6,MID,48,0.5028,1.0553,0.09,0.2002,0.0997,0.0008,1,0,0,0,2026-08-19T06:20:42.475339+00:00,2026-08-19T06:20:53.817897+00:00
31,135,Ziyech,6,MID,55,1.032,1.6429,0.28,0.2016,0.2765,0.0028,1,1,34,0,2026-08-19T06:20:42.475339+00:00,2026-08-19T06:20:53.817897+00:00
31,136,Loftus-Cheek,6,MID,50,1.2772,1.3817,0.48,0.1144,0.4556,0.0004,1,0,0,0,2026-08-19T06:20:42.475339+00:00,2026-08-19T06:20:53.817897+00:00
31,137,Werner,6,FWD,79,0,0,0.0,0.0,0.0,0,1,0,0,0,2026-08-19T06:20:42.475339+00:00,2026-08-19T06:20:53.817897+00:00
31,138,Kenedy,6,DEF,39,0,0,0.0,0.0,0.0,0,1,0,0,0,2026-08-19T06:20:42.475339+00:00,2026-08-19T06:20:53.817897+00:00
31,139,Chilwell,6,DEF,60,1.1372,2.0443,0.24,0.2128,0.2402,0.0072,1,1,90,1,2026-08-19T06:20:42.475339+00:00,2026-08-19T06:20:53.817897+00:00
31,140,Pulisic,6,MID,56,1.018,1.5211,0.28,0.2016,0.2765,0.0012,1,1,55,1,2026-08-19T06:20:42.475339+00:00,2026-08-19T06:20:53.817897+00:00
31,141,Chalobah,6,DEF,44,0.7444,1.4513,0.22,0.1716,0.2183,0.0004,1,0,90,1,2026-08-19T06:20:42.475339+00:00,2026-08-19T06:20:53.817897+00:00
31,142,Mount,6,MID,72,1.232,1.7566,0.34,0.1188,0.3257,0.0012,1,1,16,0,2026-08-19T06:20:42.475339+00:00,2026-08-19T06:20:53.817897+00:00
31,143,Sarr,6,DEF,50,0,0,0.0,0.0,0.0,0,1,0,0,0,2026-08-19T06:20:42.475339+00:00,2026-08-19T06:20:53.817897+00:00
31,144,Hudson-Odoi,6,MID,53,0,0,0.0,0.0,0.0,0,1,0,0,0,2026-08-19T06:20:42.475339+00:00,2026-08-19T06:20:53.817897+00:00
31,145,Havertz,6,FWD,75,3.2088,2.7736,0.82,0.0324,0.7652,0.0432,1,0,0,0,2026-08-19T06:20:42.475339+00:00,2026-08-19T06:20:53.817897+00:00
31,146,James,6,DEF,58,0,0,0.0,0.0,0.0,0,1,1,33,0,2026-08-19T06:20:42.475339+00:00,2026-08-19T06:20:53.817897+00:00
31,147,Mendy,6,GKP,48,0.3724,1.1561,0.08,0.0736,0.0803,0.0,1,0,0,0,2026-08-19T06:20:42.475339+00:00,2026-08-19T06:20:53.817897+00:00
31,148,Gallagher,6,MID,56,1.4136,1.6915,0.48,0.1456,0.458,0.0024,1,8,90,1,2026-08-19T06:20:42.475339+00:00,2026-08-19T06:20:53.817897+00:00
31,150,Broja,6,FWD,52,0,0,0.0,0.0,0.0,0,1,0,0,0,2026-08-19T06:20:42.475339+00:00,2026-08-19T06:20:53.817897+00:00
31,151,Ampadu,6,DEF,44,0,0,0.0,0.0,0.0,0,1,0,0,0,2026-08-19T06:20:42.475339+00:00,2026-08-19T06:20:53.817897+00:00
31,272,W.Fofana,6,DEF,43,0.9284,1.7964,0.22,0.1716,0.2183,0.0024,1,1,56,1,2026-08-19T06:20:42.475339+00:00,2026-08-19T06:20:53.817897+00:00
31,304,Sterling,6,MID,97,1.5264,2.2179,0.34,0.1848,0.331,0.01,1,1,56,1,2026-08-19T06:20:42.475339+00:00,2026-08-19T06:20:53.817897+00:00
31,520,Koulibaly,6,DEF,55,2.3112,2.4224,0.68,0.0576,0.637,0.0068,1,0,0,0,2026-08-19T06:20:42.475339+00:00,2026-08-19T06:20:53.817897+00:00
31,606,Vale,6,MID,45,0,0,0.0,0.0,0.0,0,1,0,0,0,2026-08-19T06:20:42.475339+00:00,2026-08-19T06:20:53.817897+00:00
31,616,Zakaria,6,MID,49,0.928,1.4507,0.28,0.1584,0.2731,0.0008,1,2,73,1,2026-08-19T06:20:42.475339+00:00,2026-08-19T06:20:53.817897+00:00
31,617,Aubameyang,6,FWD,84,1.2892,2.0624,0.28,0.2016,0.2765,0.0076,1,0,0,0,2026-08-19T06:20:42.475339+00:00,2026-08-19T06:20:53.817897+00:00
31,635,Bettinelli,6,GKP,40,0.1108,0.6029,0.02,0.0392,0.0217,0.0,1,0,0,0,2026-08-19T06:20:42.475339+00:00,2026-08-19T06:20:53.817897+00:00
31,653,Hutchinson,6,MID,42,0.4856,0.9825,0.1,0.198,0.1088,0.0,1,0,0,0,2026-08-19T06:20:42.475339+00:00,2026-08-19T06:20:53.817897+00:00
31,661,Hall,6,MID,43,0.9252,1.4284,0.28,0.1584,0.2731,0.0012,1,0,0,0,2026-08-19T06:20:42.475339+00:00,2026-08-19T06:20:53.817897+00:00
31,673,Humphreys,6,DEF,45,0,0,0.0,0.0,0.0,0,1,0,0,0,2026-08-19T06:20:42.475339+00:00,2026-08-19T06:20:53.817897+00:00
31,684,D.D.Fofana,6,FWD,50,0.686,1.2352,0.18,0.1804,0.1818,0.0008,1,0,0,0,2026-08-19T06:20:42.475339+00:00,2026-08-19T06:20:53.817897+00:00
31,689,Badiashile,6,DEF,50,0.7016,1.5492,0.14,0.1892,0.1453,0.0016,1,1,90,1,2026-08-19T06:20:42.475339+00:00,2026-08-19T06:20:53.817897+00:00
31,690,João Félix,6,FWD,75,2.1632,2.576,0.48,0.1456,0.458,0.0196,1,1,33,0,2026-08-19T06:20:42.475339+00:00,2026-08-19T06:20:53.817897+00:00
31,699,Mudryk,6,MID,65,1.1792,1.8615,0.28,0.2016,0.2765,0.0036,1,5,90,1,2026-08-19T06:20:42.475339+00:00,2026-08-19T06:20:53.817897+00:00
31,702,Andrey Santos,6,MID,45,0,0,0.0,0.0,0.0,0,1,0,0,0,2026-08-19T06:20:42.475339+00:00,2026-08-19T06:20:53.817897+00:00
31,708,Madueke,6,MID,55,1.5424,1.8249,0.45,0.154,0.4308,0.0044,1,0,0,0,2026-08-19T06:20:42.475339+00:00,2026-08-19T06:20:53.817897+00:00
31,724,Enzo,6,MID,50,1.5496,1.8124,0.48,0.1144,0.4556,0.0032,1,1,56,1,2026-08-19T06:20:42.475339+00:00,2026-08-19T06:20:53.817897+00:00
31,771,Wady,6,GKP,40,0.1704,0.7874,0.04,0.0384,0.0403,0.0004,1,,,,2026-08-19T06:20:42.475339+00:00,
31,775,Gilchrist,6,DEF,40,0.5184,1.2175,0.1,0.198,0.1088,0.0,1,,,,2026-08-19T06:20:42.475339+00:00,
31,18,Sambi,7,MID,43,0.8116,1.1919,0.28,0.1584,0.2731,0.0008,1,1,5,0,2026-08-19T06:20:42.475339+00:00,2026-08-19T06:20:53.817897+00:00
31,152,Guaita,7,GKP,44,3.2508,2.203,0.9,0.004,0.8373,0.0016,1,0,0,0,2026-08-19T06:20:42.475339+00:00,2026-08-19T06:20:53.817897+00:00
31,153,Tomkins,7,DEF,39,0,0,0.0,0.0,0.0,0,1,1,1,0,2026-08-19T06:20:42.475339+00:00,2026-08-19T06:20:53.817897+00:00
31,154,McArthur,7,MID,48,0.6468,1.1371,0.18,0.1804,0.1818,0.0,1,0,0,0,2026-08-19T06:20:42.475339+00:00,2026-08-19T06:20:53.817897+00:00
31,155,Benteke,7,FWD,55,0,0,0.0,0.0,0.0,0,1,0,0,0,2026-08-19T06:20:42.475339+00:00,2026-08-19T06:20:53.817897+00:00
31,156,Ward,7,DEF,44,0.632,1.3129,0.22,0.1404,0.2158,0.0,1,6,90,1,2026-08-19T06:20:42.475339+00:00,2026-08-19T06:20:53.817897+00:00
31,157,Clyne,7,DEF,45,0.6512,1.3455,0.22,0.1404,0.2158,0.0004,1,0,0,0,2026-08-19T06:20:42.475339+00:00,2026-08-19T06:20:53.817897+00:00
31,158,Milivojevic,7,MID,42,0,0,0.0,0.0,0.0,0,1,1,5,0,2026-08-19T06:20:42.475339+00:00,2026-08-19T06:20:53.817897+00:00
31,159,J.Ayew,7,MID,52,1.9268,1.7452,0.68,0.0576,0.637,0.0032,1,3,90,1,2026-08-19T06:20:42.475339+00:00,2026-08-19T06:20:53.817897+00:00
31,160,Zaha,7,MID,72,0,0,0.0,0.0,0.0,0,1,0,0,0,2026-08-19T06:20:42.475339+00:00,2026-08-19T06:20:53.817897+00:00
31,161,Schlupp,7,MID,47,0,0,0.0,0.0,0.0,0,1,3,84,1,2026-08-19T06:20:42.475339+00:00,2026-08-19T06:20:53.817897+00:00
31,163,Hughes,7,MID,48,0.8152,1.227,0.28,0.1584,0.2731,0.0012,1,1,16,0,2026-08-19T06:20:42.475339+00:00,2026-08-19T06:20:53.817897+00:00
31,164,Riedewald,7,MID,42,0.48,0.9689,0.1,0.198,0.1088,0.0,1,0,0,0,2026-08-19T06:20:42.475339+00:00,2026-08-19T06:20:53.817897+00:00
31,165,Andersen,7,DEF,45,0.718,1.5258,0.22,0.1404,0.2158,0.002,1,5,90,1,2026-08-19T06:20:42.475339+00:00,2026-08-19T06:20:53.817897+00:00
31,166,Edouard,7,FWD,50,1.8108,1.6997,0.68,0.0704,0.638,0.0044,1,2,73,1,2026-08-19T06:20:42.475339+00:00,2026-08-19T06:20:53.817897+00:00
31,167,Guéhi,7,DEF,44,0.758,1.5259,0.22,0.1404,0.2158,0.0004,1,7,90,1,2026-08-19T06:20:42.475339+00:00,2026-08-19T06:20:53.817897+00:00
31,168,Mateta,7,FWD,51,0.9312,1.4779,0.28,0.1584,0.2731,0.0012,1,1,1,0,2026-08-19T06:20:42.475339+00:00,2026-08-19T06:20:53.817897+00:00
31,169,Eze,7,MID,54,2.3656,2.1125,0.68,0.0576,0.637,0.0064,1,16,90,1,2026-08-19T06:20:42.475339+00:00,2026-08-19T06:20:53.817897+00:00
31,170,Mitchell,7,DEF,44,0.7188,1.4116,0.22,0.1404,0.2158,0.0004,1,6,90,1,2026-08-19T06:20:42.475339+00:00,2026-08-19T06:20:53.817897+00:00
31,171,Olise,7,MID,55,2.83,2.06,0.82,0.0324,0.7652,0.0104,1,3,90,1,2026-08-19T06:20:42.475339+00:00,2026-08-19T06:20:53.817897+00:00
31,172,Rak-Sakyi,7,MID,45,0,0,0.0,0.0,0.0,0,1,0,0,0,2026-08-19T06:20:42.475339+00:00,2026-08-19T06:20:53.817897+00:00
31,173,Ebiowei,7,MID,42,0,0,0.0,0.0,0.0,0,1,0,0,0,2026-08-19T06:20:42.475339+00:00,2026-08-19T06:20:53.817897+00:00
31,174,Ferguson,7,DEF,39,0,0,0.0,0.0,0.0,0,1,0,0,0,2026-08-19T06:20:42.475339+00:00,2026-08-19T06:20:53.817897+00:00
31,175,Johnstone,7,GKP,44,0.214,0.9181,0.04,0.0384,0.0403,0.0,1,9,90,1,2026-08-19T06:20:42.475339+00:00,2026-08-19T06:20:53.817897+00:00
31,495,Matthews,7,GKP,40,0,0,0.0,0.0,0.0,0,1,0,0,0,2026-08-19T06:20:42.475339+00:00,2026-08-19T06:20:53.817897+00:00
31,496,Plange,7,FWD,45,0,0,0.0,0.0,0.0,0,1,0,0,0,2026-08-19T06:20:42.475339+00:00,2026-08-19T06:20:53.817897+00:00
31,514,C.Doucouré,7,MID,50,1.8748,1.3549,0.82,0.0324,0.7652,0.0012,1,6,84,1,2026-08-19T06:20:42.475339+00:00,2026-08-19T06:20:53.817897+00:00
31,530,Richards,7,DEF,44,0.7416,1.5434,0.22,0.1716,0.2183,0.0036,1,0,0,0,2026-08-19T06:20:42.475339+00:00,2026-08-19T06:20:53.817897+00:00
31,590,Whitworth,7,GKP,40,0.1348,0.653,0.04,0.0384,0.0403,0.0,1,0,0,0,2026-08-19T06:20:42.475339+00:00,2026-08-19T06:20:53.817897+00:00
31,601,Rodney,7,MID,45,0.46,0.9457,0.1,0.198,0.1088,0.0,1,0,0,0,2026-08-19T06:20:42.475339+00:00,2026-08-19T06:20:53.817897+00:00
31,604,Phillips,7,MID,45,0,0,0.0,0.0,0.0,0,1,0,0,0,2026-08-19T06:20:42.475339+00:00,2026-08-19T06:20:53.817897+00:00
31,634,Gordon,7,FWD,45,0,0,0.0,0.0,0.0,0,1,0,0,0,2026-08-19T06:20:42.475339+00:00,2026-08-19T06:20:53.817897+00:00
31,642,Balmer,7,DEF,40,0.474,1.1325,0.1,0.198,0.1088,0.0004,1,0,0,0,2026-08-19T06:20:42.475339+00:00,2026-08-19T06:20:53.817897+00:00
31,644,Goodman,7,GKP,40,0.134,0.6395,0.04,0.0384,0.0403,0.0,1,0,0,0,2026-08-19T06:20:42.475339+00:00,2026-08-19T06:20:53.817897+00:00
31,654,Wells-Morrison,7,MID,45,0.4684,0.9072,0.1,0.198,0.1088,0.0,1,0,0,0,2026-08-19T06:20:42.475339+00:00,2026-08-19T06:20:53.817897+00:00
31,676,Ozoh,7,MID,45,0.4704,0.967,0.1,0.198,0.1088,0.0004,1,0,0,0,2026-08-19T06:20:42.475339+00:00,2026-08-19T06:20:53.817897+00:00
31,725,Ahamada,7,MID,45,0.48,0.961,0.1,0.198,0.1088,0.0,1,0,0,0,2026-08-19T06:20:42.475339+00:00,2026-08-19T06:20:53.817897+00:00
31,766,Adaramola,7,DEF,40,0.496,1.1486,0.1,0.198,0.1088,0.0012,1,,,,2026-08-19T06:20:42.475339+00:00,
31,110,Maupay,8,FWD,57,1.6568,1.9784,0.48,0.1456,0.458,0.0068,1,2,73,1,2026-08-19T06:20:42.475339+00:00,2026-08-19T06:20:53.817897+00:00
31,176,Begović,8,GKP,39,0.192,0.8524,0.04,0.0384,0.0403,0.0,1,0,0,0,2026-08-19T06:20:42.475339+00:00,2026-08-19T06:20:53.817897+00:00
31,177,Rondón,8,FWD,49,0,0,0.0,0.0,0.0,0,1,0,0,0,2026-08-19T06:20:42.475339+00:00,2026-08-19T06:20:53.817897+00:00
31,178,Coleman,8,DEF,43,0,0,0.0,0.0,0.0,0,1,0,0,0,2026-08-19T06:20:42.475339+00:00,2026-08-19T06:20:53.817897+00:00
31,179,Townsend,8,MID,54,0,0,0.0,0.0,0.0,0,1,0,0,0,2026-08-19T06:20:42.475339+00:00,2026-08-19T06:20:53.817897+00:00
31,180,Keane,8,DEF,42,1.0268,1.9601,0.22,0.1716,0.2183,0.0056,1,1,90,1,2026-08-19T06:20:42.475339+00:00,2026-08-19T06:20:53.817897+00:00
31,181,Dele,8,MID,53,0,0,0.0,0.0,0.0,0,1,0,0,0,2026-08-19T06:20:42.475339+00:00,2026-08-19T06:20:53.817897+00:00
31,182,Pickford,8,GKP,44,3.4492,2.331,0.9,0.004,0.8373,0.0016,1,2,90,1,2026-08-19T06:20:42.475339+00:00,2026-08-19T06:20:53.817897+00:00
31,183,Allan,8,MID,48,0,0,0.0,0.0,0.0,0,1,0,0,0,2026-08-19T06:20:42.475339+00:00,2026-08-19T06:20:53.817897+00:00
31,184,André Gomes,8,MID,45,0,0,0.0,0.0,0.0,0,1,0,0,0,2026-08-19T06:20:42.475339+00:00,2026-08-19T06:20:53.817897+00:00
31,185,A.Doucouré,8,MID,53,1.7204,2.0856,0.48,0.1144,0.4556,0.0048,1,0,0,0,2026-08-19T06:20:42.475339+00:00,2026-08-19T06:20:53.817897+00:00
31,186,Iwobi,8,MID,50,2.4928,1.7826,0.82,0.0324,0.7652,0.0036,1,2,90,1,2026-08-19T06:20:42.475339+00:00,2026-08-19T06:20:53.817897+00:00
31,187,Gbamin,8,MID,45,0,0,0.0,0.0,0.0,0,1,0,0,0,2026-08-19T06:20:42.475339+00:00,2026-08-19T06:20:53.817897+00:00
31,188,Mina,8,DEF,43,0.5012,1.2507,0.1,0.198,0.1088,0.0016,1,0,0,0,2026-08-19T06:20:42.475339+00:00,2026-08-19T06:20:53.817897+00:00
31,189,Gray,8,MID,52,2.6864,2.2214,0.82,0.0324,0.7652,0.0136,1,1,90,1,2026-08-19T06:20:42.475339+00:00,2026-08-19T06:20:53.817897+00:00
31,190,Davies,8,MID,49,0.5124,1.0965,0.14,0.1892,0.1453,0.0004,1,1,21,0,2026-08-19T06:20:42.475339+00:00,2026-08-19T06:20:53.817897+00:00
31,191,Calvert-Lewin,8,FWD,79,0,0,0.0,0.0,0.0,0,1,0,0,0,2026-08-19T06:20:42.475339+00:00,2026-08-19T06:20:53.817897+00:00
31,192,Holgate,8,DEF,42,0.852,1.563,0.22,0.1716,0.2183,0.0008,1,0,0,0,2026-08-19T06:20:42.475339+00:00,2026-08-19T06:20:53.817897+00:00
31,193,Godfrey,8,DEF,43,0,0,0.0,0.0,0.0,0,1,0,57,1,2026-08-19T06:20:42.475339+00:00,2026-08-19T06:20:53.817897+00:00
31,194,Mykolenko,8,DEF,41,0.4556,1.1401,0.11,0.1602,0.1151,0.0004,1,0,90,1,2026-08-19T06:20:42.475339+00:00,2026-08-19T06:20:53.817897+00:00
31,196,Branthwaite,8,DEF,40,0,0,0.0,0.0,0.0,0,1,0,0,0,2026-08-19T06:20:42.475339+00:00,2026-08-19T06:20:53.817897+00:00
31,197,Patterson,8,DEF,39,0,0,0.0,0.0,0.0,0,1,1,32,0,2026-08-19T06:20:42.475339+00:00,2026-08-19T06:20:53.817897+00:00
31,198,Nkounkou,8,DEF,40,0,0,0.0,0.0,0.0,0,1,0,0,0,2026-08-19T06:20:42.475339+00:00,2026-08-19T06:20:53.817897+00:00
31,199,Tarkowski,8,DEF,42,0.9076,1.82,0.22,0.1404,0.2158,0.0032,1,1,90,1,2026-08-19T06:20:42.475339+00:00,2026-08-19T06:20:53.817897+00:00
31,475,Coady,8,DEF,48,2.3152,2.3135,0.68,0.0576,0.637,0.002,1,0,0,0,2026-08-19T06:20:42.475339+00:00,2026-08-19T06:20:53.817897+00:00
31,531,Vinagre,8,DEF,43,0,0,0.0,0.0,0.0,0,1,0,0,0,2026-08-19T06:20:42.475339+00:00,2026-08-19T06:20:53.817897+00:00
31,534,McNeil,8,MID,51,2.1744,1.943,0.68,0.0576,0.637,0.0036,1,10,90,1,2026-08-19T06:20:42.475339+00:00,2026-08-19T06:20:53.817897+00:00
31,560,Mills,8,MID,43,0.4676,0.9854,0.1,0.198,0.1088,0.0004,1,0,0,0,2026-08-19T06:20:42.475339+00:00,2026-08-19T06:20:53.817897+00:00
31,561,Warrington,8,MID,44,0,0,0.0,0.0,0.0,0,1,0,0,0,2026-08-19T06:20:42.475339+00:00,2026-08-19T06:20:53.817897+00:00
31,570,Garner,8,MID,45,0.482,0.9665,0.1,0.198,0.1088,0.0008,1,5,90,1,2026-08-19T06:20:42.475339+00:00,2026-08-19T06:20:53.817897+00:00
31,577,Onana,8,MID,48,2.1336,1.669,0.82,0.0324,0.7652,0.0028,1,0,0,0,2026-08-19T06:20:42.475339+00:00,2026-08-19T06:20:53.817897+00:00
31,605,Welch,8,DEF,40,0.5284,1.2494,0.1,0.198,0.1088,0.0004,1,0,0,0,2026-08-19T06:20:42.475339+00:00,2026-08-19T06:20:53.817897+00:00
31,611,Gueye,8,MID,48,1.6996,1.3469,0.68,0.0576,0.637,0.0008,1,1,68,1,2026-08-19T06:20:42.475339+00:00,2026-08-19T06:20:53.817897+00:00
31,627,Jakupović,8,GKP,40,0,0,0.0,0.0,0.0,0,1,0,0,0,2026-08-19T06:20:42.475339+00:00,2026-08-19T06:20:53.817897+00:00
31,637,John,8,DEF,40,0.4952,1.1721,0.1,0.198,0.1088,0.0004,1,0,0,0,2026-08-19T06:20:42.475339+00:00,2026-08-19T06:20:53.817897+00:00
31,662,Cannon,8,FWD,45,0,0,0.0,0.0,0.0,0,1,0,0,0,2026-08-19T06:20:42.475339+00:00,2026-08-19T06:20:53.817897+00:00
31,678,Price,8,MID,45,0.48,0.9958,0.1,0.198,0.1088,0.0008,1,0,0,0,2026-08-19T06:20:42.475339+00:00,2026-08-19T06:20:53.817897+00:00
31,686,Simms,8,FWD,45,0.4804,1.0117,0.1,0.198,0.1088,0.0004,1,1,16,0,2026-08-19T06:20:42.475339+00:00,2026-08-19T06:20:53.817897+00:00
31,757,Samuels-Smith,8,DEF,40,0,0,0.0,0.0,0.0,0,1,0,0,0,2026-08-19T06:20:42.475339+00:00,2026-08-19T06:20:53.817897+00:00
31,760,Lonergan,8,GKP,40,0.17,0.7933,0.04,0.0384,0.0403,0.0,1,,,,2026-08-19T06:20:42.475339+00:00,
31,768,McAllister,8,MID,45,0.48,0.9763,0.1,0.198,0.1088,0.0,1,,,,2026-08-19T06:20:42.475339+00:00,
31,1,Cédric,9,DEF,42,0.4756,1.129,0.1,0.198,0.1088,0.0004,1,0,0,0,2026-08-19T06:20:42.475339+00:00,2026-08-19T06:20:53.817897+00:00
31,2,Leno,9,GKP,46,3.5324,2.2842,0.9,0.008,0.8376,0.0076,1,3,90,1,2026-08-19T06:20:42.475339+00:00,2026-08-19T06:20:53.817897+00:00
31,105,Duffy,9,DEF,43,0.4788,1.1312,0.1,0.198,0.1088,0.0004,1,0,0,0,2026-08-19T06:20:42.475339+00:00,2026-08-19T06:20:53.817897+00:00
31,200,Cairney,9,MID,47,0.7864,1.2868,0.28,0.1584,0.2731,0.0008,1,1,11,0,2026-08-19T06:20:42.475339+00:00,2026-08-19T06:20:53.817897+00:00
31,201,Ream,9,DEF,46,0,0,0.0,0.0,0.0,0,1,2,90,1,2026-08-19T06:20:42.475339+00:00,2026-08-19T06:20:53.817897+00:00
31,202,Knockaert,9,MID,47,0,0,0.0,0.0,0.0,0,1,0,0,0,2026-08-19T06:20:42.475339+00:00,2026-08-19T06:20:53.817897+00:00
31,203,Chalobah,9,MID,44,0,0,0.0,0.0,0.0,0,1,0,0,0,2026-08-19T06:20:42.475339+00:00,2026-08-19T06:20:53.817897+00:00
31,204,Kebano,9,MID,54,0.8672,1.2812,0.28,0.1584,0.2731,0.0008,1,0,0,0,2026-08-19T06:20:42.475339+00:00,2026-08-19T06:20:53.817897+00:00
31,205,De Cordova-Reid,9,MID,54,1.9968,1.568,0.82,0.0324,0.7652,0.0008,1,1,11,0,2026-08-19T06:20:42.475339+00:00,2026-08-19T06:20:53.817897+00:00
31,206,Bryan,9,DEF,44,0,0,0.0,0.0,0.0,0,1,0,0,0,2026-08-19T06:20:42.475339+00:00,2026-08-19T06:20:53.817897+00:00
31,207,Gazzaniga,9,GKP,40,0,0,0.0,0.0,0.0,0,1,0,0,0,2026-08-19T06:20:42.475339+00:00,2026-08-19T06:20:53.817897+00:00
31,208,Kongolo,9,DEF,39,0,0,0.0,0.0,0.0,0,1,0,0,0,2026-08-19T06:20:42.475339+00:00,2026-08-19T06:20:53.817897+00:00
31,209,Tosin,9,DEF,44,0.788,1.5145,0.22,0.1716,0.2183,0.0008,1,1,90,1,2026-08-19T06:20:42.475339+00:00,2026-08-19T06:20:53.817897+00:00
31,210,Mitrović,9,FWD,66,2.2212,2.2407,0.68,0.0576,0.637,0.014,1,0,0,0,2026-08-19T06:20:42.475339+00:00,2026-08-19T06:20:53.817897+00:00
31,211,Reed,9,MID,43,2.126,1.351,0.82,0.0324,0.7652,0.0004,1,8,84,1,2026-08-19T06:20:42.475339+00:00,2026-08-19T06:20:53.817897+00:00
31,212,Wilson,9,MID,57,1.0048,1.5738,0.28,0.2016,0.2765,0.002,1,7,90,1,2026-08-19T06:20:42.475339+00:00,2026-08-19T06:20:53.817897+00:00
31,213,Rodák,9,GKP,43,0.1336,0.5979,0.04,0.0384,0.0403,0.0,1,0,0,0,2026-08-19T06:20:42.475339+00:00,2026-08-19T06:20:53.817897+00:00
31,214,Cavaleiro,9,MID,48,0,0,0.0,0.0,0.0,0,1,0,0,0,2026-08-19T06:20:42.475339+00:00,2026-08-19T06:20:53.817897+00:00
31,215,Tete,9,DEF,44,0.6616,1.4664,0.22,0.1404,0.2158,0.0004,1,2,90,1,2026-08-19T06:20:42.475339+00:00,2026-08-19T06:20:53.817897+00:00
31,216,Onomah,9,MID,43,0,0,0.0,0.0,0.0,0,1,0,0,0,2026-08-19T06:20:42.475339+00:00,2026-08-19T06:20:53.817897+00:00
31,217,Robinson,9,DEF,44,0.6552,1.3648,0.22,0.1404,0.2158,0.0004,1,2,90,1,2026-08-19T06:20:42.475339+00:00,2026-08-19T06:20:53.817897+00:00
31,218,Muniz,9,FWD,54,0,0,0.0,0.0,0.0,0,1,0,0,0,2026-08-19T06:20:42.475339+00:00,2026-08-19T06:20:53.817897+00:00
31,219,Stansfield,9,FWD,45,0,0,0.0,0.0,0.0,0,1,0,0,0,2026-08-19T06:20:42.475339+00:00,2026-08-19T06:20:53.817897+00:00
31,220,Palhinha,9,MID,49,1.9948,1.527,0.82,0.0324,0.7652,0.0016,1,2,90,1,2026-08-19T06:20:42.475339+00:00,2026-08-19T06:20:53.817897+00:00
31,231,James,9,MID,59,0.7072,1.3044,0.14,0.2408,0.1495,0.0,1,12,89,1,2026-08-19T06:20:42.475339+00:00,2026-08-19T06:20:53.817897+00:00
31,346,Andreas,9,MID,43,0,0,0.0,0.0,0.0,0,1,2,78,1,2026-08-19T06:20:42.475339+00:00,2026-08-19T06:20:53.817897+00:00
31,470,Diop,9,DEF,43,0.742,1.4619,0.22,0.1404,0.2158,0.0,1,0,0,0,2026-08-19T06:20:42.475339+00:00,2026-08-19T06:20:53.817897+00:00
31,521,Francois,9,MID,44,0,0,0.0,0.0,0.0,0,1,0,0,0,2026-08-19T06:20:42.475339+00:00,2026-08-19T06:20:53.817897+00:00
31,532,Mbabu,9,DEF,43,0,0,0.0,0.0,0.0,0,1,0,0,0,2026-08-19T06:20:42.475339+00:00,2026-08-19T06:20:53.817897+00:00
31,546,Harris,9,MID,43,0.4692,0.9041,0.1,0.198,0.1088,0.0,1,0,0,0,2026-08-19T06:20:42.475339+00:00,2026-08-19T06:20:53.817897+00:00
31,562,Solomon,9,MID,49,0.9332,1.5113,0.28,0.1584,0.2731,0.0012,1,0,0,0,2026-08-19T06:20:42.475339+00:00,2026-08-19T06:20:53.817897+00:00
31,591,Ablade,9,FWD,45,0.4192,0.8422,0.1,0.198,0.1088,0.0004,1,0,0,0,2026-08-19T06:20:42.475339+00:00,2026-08-19T06:20:53.817897+00:00
31,613,Kurzawa,9,DEF,43,0.502,1.1704,0.1,0.198,0.1088,0.0004,1,0,0,0,2026-08-19T06:20:42.475339+00:00,2026-08-19T06:20:53.817897+00:00
31,614,Willian,9,MID,55,2.0668,1.7784,0.68,0.0576,0.637,0.0024,1,5,78,1,2026-08-19T06:20:42.475339+00:00,2026-08-19T06:20:53.817897+00:00
31,618,Vinícius,9,FWD,54,1.044,1.663,0.28,0.1584,0.2731,0.0036,1,1,1,0,2026-08-19T06:20:42.475339+00:00,2026-08-19T06:20:53.817897+00:00
31,636,Parkes,9,DEF,40,0.4924,1.1275,0.1,0.198,0.1088,0.0,1,0,0,0,2026-08-19T06:20:42.475339+00:00,2026-08-19T06:20:53.817897+00:00
31,641,Godo,9,MID,45,0.4384,0.9279,0.1,0.198,0.1088,0.0004,1,0,0,0,2026-08-19T06:20:42.475339+00:00,2026-08-19T06:20:53.817897+00:00
31,667,Sekularac,9,MID,45,0.4724,0.9402,0.1,0.198,0.1088,0.0004,1,0,0,0,2026-08-19T06:20:42.475339+00:00,2026-08-19T06:20:53.817897+00:00
31,726,Lukic,9,MID,45,0.4584,0.8921,0.1,0.198,0.1088,0.0,1,1,5,0,2026-08-19T06:20:42.475339+00:00,2026-08-19T06:20:53.817897+00:00
31,747,Wickens,9,GKP,40,0.1476,0.6943,0.04,0.0384,0.0403,0.0,1,0,0,0,2026-08-19T06:20:42.475339+00:00,2026-08-19T06:20:53.817897+00:00
31,750,C.Robinson,9,DEF,40,0.5032,1.1914,0.1,0.198,0.1088,0.0,1,0,0,0,2026-08-19T06:20:42.475339+00:00,2026-08-19T06:20:53.817897+00:00
31,763,Dibley-Dias,9,MID,45,0.4928,1.0095,0.1,0.198,0.1088,0.0004,1,,,,2026-08-19T06:20:42.475339+00:00,
31,248,Schmeichel,10,GKP,50,0,0,0.0,0.0,0.0,0,1,0,0,0,2026-08-19T06:20:42.475339+00:00,2026-08-19T06:20:53.817897+00:00
31,249,Evans,10,DEF,44,0.7388,1.3464,0.22,0.1716,0.2183,0.0004,1,0,0,0,2026-08-19T06:20:42.475339+00:00,2026-08-19T06:20:53.817897+00:00
31,250,Bertrand,10,DEF,39,0.4384,1.0543,0.11,0.1958,0.118,0.0004,1,0,0,0,2026-08-19T06:20:42.475339+00:00,2026-08-19T06:20:53.817897+00:00
31,251,Albrighton,10,MID,47,0,0,0.0,0.0,0.0,0,1,0,0,0,2026-08-19T06:20:42.475339+00:00,2026-08-19T06:20:53.817897+00:00
31,252,Mendy,10,MID,43,0.8712,1.264,0.28,0.1584,0.2731,0.0,1,1,28,0,2026-08-19T06:20:42.475339+00:00,2026-08-19T06:20:53.817897+00:00
31,253,Vestergaard,10,DEF,38,0,0,0.0,0.0,0.0,0,1,0,0,0,2026-08-19T06:20:42.475339+00:00,2026-08-19T06:20:53.817897+00:00
31,254,Ward,10,GKP,39,0.114,0.6308,0.02,0.0392,0.0217,0.0,1,0,0,0,2026-08-19T06:20:42.475339+00:00,2026-08-19T06:20:53.817897+00:00
31,255,Vardy,10,FWD,91,1.8448,1.6258,0.68,0.0896,0.6396,0.0032,1,1,45,1,2026-08-19T06:20:42.475339+00:00,2026-08-19T06:20:53.817897+00:00
31,256,Ricardo,10,DEF,43,0.7192,1.4581,0.22,0.1716,0.2183,0.0012,1,0,0,0,2026-08-19T06:20:42.475339+00:00,2026-08-19T06:20:53.817897+00:00
31,257,Amartey,10,DEF,40,0.81,1.6545,0.22,0.1404,0.2158,0.0024,1,0,0,0,2026-08-19T06:20:42.475339+00:00,2026-08-19T06:20:53.817897+00:00
31,258,Castagne,10,DEF,43,0.8124,1.5689,0.22,0.1404,0.2158,0.0008,1,1,90,1,2026-08-19T06:20:42.475339+00:00,2026-08-19T06:20:53.817897+00:00
31,259,Tielemans,10,MID,61,1.984,1.8202,0.68,0.0576,0.637,0.0024,1,2,61,1,2026-08-19T06:20:42.475339+00:00,2026-08-19T06:20:53.817897+00:00
31,260,Pérez,10,MID,47,0,0,0.0,0.0,0.0,0,1,0,0,0,2026-08-19T06:20:42.475339+00:00,2026-08-19T06:20:53.817897+00:00
31,261,Maddison,10,MID,81,2.0312,1.9656,0.68,0.0576,0.637,0.0052,1,2,90,1,2026-08-19T06:20:42.475339+00:00,2026-08-19T06:20:53.817897+00:00
31,262,Iheanacho,10,FWD,59,1.2508,1.9863,0.28,0.2016,0.2765,0.0076,1,6,45,1,2026-08-19T06:20:42.475339+00:00,2026-08-19T06:20:53.817897+00:00
31,263,Choudhury,10,MID,45,0,0,0.0,0.0,0.0,0,1,0,0,0,2026-08-19T06:20:42.475339+00:00,2026-08-19T06:20:53.817897+00:00
31,264,Barnes,10,MID,67,2.6104,2.3119,0.82,0.0324,0.7652,0.016,1,0,0,0,2026-08-19T06:20:42.475339+00:00,2026-08-19T06:20:53.817897+00:00
31,265,Ndidi,10,MID,48,0.6588,1.001,0.24,0.1672,0.2366,0.0,1,2,86,1,2026-08-19T06:20:42.475339+00:00,2026-08-19T06:20:53.817897+00:00
31,266,Dewsbury-Hall,10,MID,49,2.252,1.6434,0.82,0.0324,0.7652,0.002,1,2,61,1,2026-08-19T06:20:42.475339+00:00,2026-08-19T06:20:53.817897+00:00
31,267,Söyüncü,10,DEF,42,0,0,0.0,0.0,0.0,0,1,0,90,1,2026-08-19T06:20:42.475339+00:00,2026-08-19T06:20:53.817897+00:00
31,268,Justin,10,DEF,41,0,0,0.0,0.0,0.0,0,1,0,0,0,2026-08-19T06:20:42.475339+00:00,2026-08-19T06:20:53.817897+00:00
31,269,Soumaré,10,MID,44,1.0584,1.1389,0.48,0.1144,0.4556,0.0,1,0,0,0,2026-08-19T06:20:42.475339+00:00,2026-08-19T06:20:53.817897+00:00
31,270,Thomas,10,DEF,39,0.6824,1.2746,0.22,0.1716,0.2183,0.0,1,1,45,1,2026-08-19T06:20:42.475339+00:00,2026-08-19T06:20:53.817897+00:00
31,271,Daka,10,FWD,56,1.366,1.5842,0.48,0.1456,0.458,0.0032,1,1,3,0,2026-08-19T06:20:42.475339+00:00,2026-08-19T06:20:53.817897+00:00
31,273,Brunt,10,DEF,39,0.4716,1.1096,0.1,0.198,0.1088,0.0004,1,0,0,0,2026-08-19T06:20:42.475339+00:00,2026-08-19T06:20:53.817897+00:00
31,548,Iversen,10,GKP,38,3.1076,2.1612,0.88,0.0048,0.8188,0.0004,1,1,90,1,2026-08-19T06:20:42.475339+00:00,2026-08-19T06:20:53.817897+00:00
31,549,Praet,10,MID,48,0.8728,1.2874,0.28,0.1584,0.2731,0.0004,1,1,28,0,2026-08-19T06:20:42.475339+00:00,2026-08-19T06:20:53.817897+00:00
31,581,Smithies,10,GKP,39,0.1676,0.7433,0.04,0.0384,0.0403,0.0,1,0,0,0,2026-08-19T06:20:42.475339+00:00,2026-08-19T06:20:53.817897+00:00
31,612,Faes,10,DEF,42,0.7636,1.5147,0.22,0.1404,0.2158,0.0012,1,1,90,1,2026-08-19T06:20:42.475339+00:00,2026-08-19T06:20:53.817897+00:00
31,639,Braybrooke,10,MID,45,0,0,0.0,0.0,0.0,0,1,0,0,0,2026-08-19T06:20:42.475339+00:00,2026-08-19T06:20:53.817897+00:00
31,645,Wormleighton,10,DEF,40,0.4924,1.1427,0.1,0.198,0.1088,0.0004,1,0,0,0,2026-08-19T06:20:42.475339+00:00,2026-08-19T06:20:53.817897+00:00
31,687,McAteer,10,MID,45,0,0,0.0,0.0,0.0,0,1,0,0,0,2026-08-19T06:20:42.475339+00:00,2026-08-19T06:20:53.817897+00:00
31,709,Kristiansen,10,DEF,45,0.7148,1.3902,0.22,0.1716,0.2183,0.0004,1,0,45,1,2026-08-19T06:20:42.475339+00:00,2026-08-19T06:20:53.817897+00:00
31,715,Tetê,10,MID,52,0.9976,1.6782,0.28,0.1584,0.2731,0.002,1,0,0,0,2026-08-19T06:20:42.475339+00:00,2026-08-19T06:20:53.817897+00:00
31,727,Souttar,10,DEF,45,0.7588,1.6045,0.22,0.1716,0.2183,0.0036,1,1,90,1,2026-08-19T06:20:42.475339+00:00,2026-08-19T06:20:53.817897+00:00
31,735,Marçal-Madivadua,10,MID,45,0.4572,0.9294,0.1,0.198,0.1088,0.0,1,0,0,0,2026-08-19T06:20:42.475339+00:00,2026-08-19T06:20:53.817897+00:00
31,221,Cooper,11,DEF,44,0.838,1.7224,0.22,0.1716,0.2183,0.0048,1,0,0,0,2026-08-19T06:20:42.475339+00:00,2026-08-19T06:20:53.817897+00:00
31,222,Ayling,11,DEF,45,1.0176,2.0742,0.22,0.1404,0.2158,0.008,1,0,0,0,2026-08-19T06:20:42.475339+00:00,2026-08-19T06:20:53.817897+00:00
31,223,Klich,11,MID,46,0,0,0.0,0.0,0.0,0,1,0,0,0,2026-08-19T06:20:42.475339+00:00,2026-08-19T06:20:53.817897+00:00
31,224,Forshaw,11,MID,44,0.4452,0.9113,0.1,0.198,0.1088,0.0,1,1,13,0,2026-08-19T06:20:42.475339+00:00,2026-08-19T06:20:53.817897+00:00
31,225,Rodrigo,11,MID,63,1.4044,1.9229,0.34,0.1848,0.331,0.0048,1,2,65,1,2026-08-19T06:20:42.475339+00:00,2026-08-19T06:20:53.817897+00:00
31,226,Dallas,11,DEF,49,0,0,0.0,0.0,0.0,0,1,0,0,0,2026-08-19T06:20:42.475339+00:00,2026-08-19T06:20:53.817897+00:00
31,227,Bamford,11,FWD,71,0.9808,1.6114,0.24,0.2128,0.2402,0.0036,1,0,0,0,2026-08-19T06:20:42.475339+00:00,2026-08-19T06:20:53.817897+00:00
31,228,Llorente,11,DEF,44,0,0,0.0,0.0,0.0,0,1,0,0,0,2026-08-19T06:20:42.475339+00:00,2026-08-19T06:20:53.817897+00:00
31,229,Roberts,11,MID,50,0,0,0.0,0.0,0.0,0,1,0,0,0,2026-08-19T06:20:42.475339+00:00,2026-08-19T06:20:53.817897+00:00
31,230,Koch,11,DEF,45,0.8052,1.6564,0.22,0.1404,0.2158,0.0024,1,-1,90,1,2026-08-19T06:20:42.475339+00:00,2026-08-19T06:20:53.817897+00:00
31,232,Raphinha,11,MID,70,0,0,0.0,0.0,0.0,0,1,0,0,0,2026-08-19T06:20:42.475339+00:00,2026-08-19T06:20:53.817897+00:00
31,233,Harrison,11,MID,57,3.16,2.4921,0.82,0.0324,0.7652,0.022,1,2,76,1,2026-08-19T06:20:42.475339+00:00,2026-08-19T06:20:53.817897+00:00
31,234,Shackleton,11,MID,45,0,0,0.0,0.0,0.0,0,1,0,0,0,2026-08-19T06:20:42.475339+00:00,2026-08-19T06:20:53.817897+00:00
31,235,Struijk,11,DEF,45,0.8376,1.6573,0.22,0.1404,0.2158,0.0012,1,-1,90,1,2026-08-19T06:20:42.475339+00:00,2026-08-19T06:20:53.817897+00:00
31,236,Klaesson,11,GKP,38,0.348,1.3867,0.04,0.0384,0.0403,0.0036,1,0,0,0,2026-08-19T06:20:42.475339+00:00,2026-08-19T06:20:53.817897+00:00
31,237,Greenwood,11,FWD,40,0.9016,1.3847,0.28,0.1584,0.2731,0.0004,1,0,0,0,2026-08-19T06:20:42.475339+00:00,2026-08-19T06:20:53.817897+00:00
31,238,Meslier,11,GKP,45,3.23,2.2716,0.9,0.004,0.8373,0.0016,1,-1,90,1,2026-08-19T06:20:42.475339+00:00,2026-08-19T06:20:53.817897+00:00
31,239,Firpo,11,DEF,45,0.8124,1.6129,0.22,0.1716,0.2183,0.002,1,-1,90,1,2026-08-19T06:20:42.475339+00:00,2026-08-19T06:20:53.817897+00:00
31,240,Summerville,11,MID,42,1.5852,1.9903,0.48,0.1144,0.4556,0.0056,1,1,24,0,2026-08-19T06:20:42.475339+00:00,2026-08-19T06:20:53.817897+00:00
31,241,Bate,11,MID,45,0,0,0.0,0.0,0.0,0,1,0,0,0,2026-08-19T06:20:42.475339+00:00,2026-08-19T06:20:53.817897+00:00
31,242,Gelhardt,11,FWD,51,0,0,0.0,0.0,0.0,0,1,0,0,0,2026-08-19T06:20:42.475339+00:00,2026-08-19T06:20:53.817897+00:00
31,243,Hjelde,11,DEF,39,0,0,0.0,0.0,0.0,0,1,0,0,0,2026-08-19T06:20:42.475339+00:00,2026-08-19T06:20:53.817897+00:00
31,244,Kristensen,11,DEF,47,1.5816,2.2121,0.48,0.1144,0.4556,0.0064,1,-1,90,1,2026-08-19T06:20:42.475339+00:00,2026-08-19T06:20:53.817897+00:00
31,245,Roca,11,MID,48,1.8548,1.5777,0.68,0.0576,0.637,0.0004,1,2,90,1,2026-08-19T06:20:42.475339+00:00,2026-08-19T06:20:53.817897+00:00
31,246,Aaronson,11,MID,53,2.4052,1.8936,0.82,0.0324,0.7652,0.0044,1,2,65,1,2026-08-19T06:20:42.475339+00:00,2026-08-19T06:20:53.817897+00:00
31,247,Gyabi,11,MID,42,0,0,0.0,0.0,0.0,0,1,0,0,0,2026-08-19T06:20:42.475339+00:00,2026-08-19T06:20:53.817897+00:00
31,506,Adams,11,MID,49,0,0,0.0,0.0,0.0,0,1,0,0,0,2026-08-19T06:20:42.475339+00:00,2026-08-19T06:20:53.817897+00:00
31,508,Sinisterra,11,MID,65,0,0,0.0,0.0,0.0,0,1,7,76,1,2026-08-19T06:20:42.475339+00:00,2026-08-19T06:20:53.817897+00:00
31,547,Drameh,11,DEF,40,0,0,0.0,0.0,0.0,0,1,0,0,0,2026-08-19T06:20:42.475339+00:00,2026-08-19T06:20:53.817897+00:00
31,565,Gray,11,MID,45,0,0,0.0,0.0,0.0,0,1,0,0,0,2026-08-19T06:20:42.475339+00:00,2026-08-19T06:20:53.817897+00:00
31,578,Robles,11,GKP,40,0.1572,0.7331,0.04,0.0384,0.0403,0.0004,1,0,0,0,2026-08-19T06:20:42.475339+00:00,2026-08-19T06:20:53.817897+00:00
31,619,Gnonto,11,FWD,48,1.5032,1.8784,0.48,0.1144,0.4556,0.0044,1,1,13,0,2026-08-19T06:20:42.475339+00:00,2026-08-19T06:20:53.817897+00:00
31,659,Mateo Joseph,11,FWD,45,0,0,0.0,0.0,0.0,0,1,0,0,0,2026-08-19T06:20:42.475339+00:00,2026-08-19T06:20:53.817897+00:00
31,663,Perkins,11,FWD,45,0.4368,0.9432,0.1,0.198,0.1088,0.0008,1,0,0,0,2026-08-19T06:20:42.475339+00:00,2026-08-19T06:20:53.817897+00:00
31,691,Wöber,11,DEF,44,0.896,1.7532,0.22,0.1716,0.2183,0.0028,1,0,0,0,2026-08-19T06:20:42.475339+00:00,2026-08-19T06:20:53.817897+00:00
31,700,Rutter,11,FWD,52,0.6384,1.2134,0.18,0.1804,0.1818,0.002,1,1,24,0,2026-08-19T06:20:42.475339+00:00,2026-08-19T06:20:53.817897+00:00
31,720,McKennie,11,MID,47,1.2324,1.5028,0.48,0.1144,0.4556,0.0004,1,2,90,1,2026-08-19T06:20:42.475339+00:00,2026-08-19T06:20:53.817897+00:00
31,742,Chilokoa-Mullen,11,DEF,40,0.5556,1.3265,0.1,0.198,0.1088,0.0012,1,0,0,0,2026-08-19T06:20:42.475339+00:00,2026-08-19T06:20:53.817897+00:00
31,743,Monteiro,11,DEF,40,0.5428,1.3075,0.1,0.198,0.1088,0.0004,1,0,0,0,2026-08-19T06:20:42.475339+00:00,2026-08-19T06:20:53.817897+00:00
31,274,Milner,12,MID,44,0.7808,1.1523,0.28,0.1584,0.2731,0.0004,1,1,9,0,2026-08-19T06:20:42.475339+00:00,2026-08-19T06:20:53.817897+00:00
31,275,Henderson,12,MID,53,1.7124,1.4782,0.68,0.0576,0.637,0.0012,1,5,80,1,2026-08-19T06:20:42.475339+00:00,2026-08-19T06:20:53.817897+00:00
31,276,Matip,12,DEF,59,1.4156,1.9652,0.48,0.1456,0.458,0.0036,1,0,0,0,2026-08-19T06:20:42.475339+00:00,2026-08-19T06:20:53.817897+00:00
31,277,Thiago,12,MID,51,0,0,0.0,0.0,0.0,0,1,1,5,0,2026-08-19T06:20:42.475339+00:00,2026-08-19T06:20:53.817897+00:00
31,278,Chamberlain,12,MID,49,0.968,1.5365,0.28,0.1584,0.2731,0.0008,1,0,0,0,2026-08-19T06:20:42.475339+00:00,2026-08-19T06:20:53.817897+00:00
31,279,Firmino,12,FWD,80,1.772,1.969,0.48,0.1456,0.458,0.004,1,1,8,0,2026-08-19T06:20:42.475339+00:00,2026-08-19T06:20:53.817897+00:00
31,280,Van Dijk,12,DEF,65,2.584,2.4589,0.82,0.0324,0.7652,0.0156,1,2,90,1,2026-08-19T06:20:42.475339+00:00,2026-08-19T06:20:53.817897+00:00
31,281,Alisson,12,GKP,54,3.0976,2.1203,0.9,0.008,0.8376,0.0004,1,2,90,1,2026-08-19T06:20:42.475339+00:00,2026-08-19T06:20:53.817897+00:00
31,282,Fabinho,12,MID,52,1.428,1.227,0.68,0.0576,0.637,0.0004,1,1,84,1,2026-08-19T06:20:42.475339+00:00,2026-08-19T06:20:53.817897+00:00
31,283,Salah,12,MID,128,3.6016,3.0041,0.82,0.0324,0.7652,0.0408,1,14,80,1,2026-08-19T06:20:42.475339+00:00,2026-08-19T06:20:53.817897+00:00
31,284,Robertson,12,DEF,68,1.2824,2.1316,0.34,0.1188,0.3257,0.006,1,2,90,1,2026-08-19T06:20:42.475339+00:00,2026-08-19T06:20:53.817897+00:00
31,285,Alexander-Arnold,12,DEF,73,2.906,2.5427,0.82,0.0324,0.7652,0.0172,1,9,90,1,2026-08-19T06:20:42.475339+00:00,2026-08-19T06:20:53.817897+00:00
31,286,Gomez,12,DEF,43,0.8248,1.5325,0.22,0.1716,0.2183,0.0004,1,0,0,0,2026-08-19T06:20:42.475339+00:00,2026-08-19T06:20:53.817897+00:00
31,287,Keita,12,MID,47,0,0,0.0,0.0,0.0,0,1,0,0,0,2026-08-19T06:20:42.475339+00:00,2026-08-19T06:20:53.817897+00:00
31,288,Diogo Jota,12,FWD,87,1.0808,1.7626,0.28,0.2016,0.2765,0.0076,1,16,81,1,2026-08-19T06:20:42.475339+00:00,2026-08-19T06:20:53.817897+00:00
31,289,Kelleher,12,GKP,40,0.152,0.7399,0.04,0.0384,0.0403,0.0,1,0,0,0,2026-08-19T06:20:42.475339+00:00,2026-08-19T06:20:53.817897+00:00
31,290,Konaté,12,DEF,48,0.8832,1.7275,0.24,0.1672,0.2366,0.0028,1,2,90,1,2026-08-19T06:20:42.475339+00:00,2026-08-19T06:20:53.817897+00:00
31,291,Jones,12,MID,49,0.8772,1.3183,0.28,0.1584,0.2731,0.0004,1,5,90,1,2026-08-19T06:20:42.475339+00:00,2026-08-19T06:20:53.817897+00:00
31,292,Tsimikas,12,DEF,43,0.822,1.6633,0.22,0.1716,0.2183,0.0036,1,0,0,0,2026-08-19T06:20:42.475339+00:00,2026-08-19T06:20:53.817897+00:00
31,293,Luis Díaz,12,MID,78,1.18,1.8728,0.28,0.2016,0.2765,0.0064,1,1,9,0,2026-08-19T06:20:42.475339+00:00,2026-08-19T06:20:53.817897+00:00
31,294,Elliott,12,MID,48,2.0128,1.777,0.68,0.0704,0.638,0.0032,1,0,0,0,2026-08-19T06:20:42.475339+00:00,2026-08-19T06:20:53.817897+00:00
31,296,Carvalho,12,MID,51,0.8772,1.2957,0.28,0.1584,0.2731,0.0,1,0,0,0,2026-08-19T06:20:42.475339+00:00,2026-08-19T06:20:53.817897+00:00
31,297,Darwin,12,FWD,87,1.6612,2.3769,0.34,0.1848,0.331,0.0144,1,5,9,0,2026-08-19T06:20:42.475339+00:00,2026-08-19T06:20:53.817897+00:00
31,298,Ramsay,12,DEF,39,0,0,0.0,0.0,0.0,0,1,0,0,0,2026-08-19T06:20:42.475339+00:00,2026-08-19T06:20:53.817897+00:00
31,497,Adrián,12,GKP,38,0.1564,0.7393,0.04,0.0384,0.0403,0.0,1,0,0,0,2026-08-19T06:20:42.475339+00:00,2026-08-19T06:20:53.817897+00:00
31,498,R.Williams,12,DEF,40,0,0,0.0,0.0,0.0,0,1,0,0,0,2026-08-19T06:20:42.475339+00:00,2026-08-19T06:20:53.817897+00:00
31,499,Davies,12,DEF,40,0,0,0.0,0.0,0.0,0,1,0,0,0,2026-08-19T06:20:42.475339+00:00,2026-08-19T06:20:53.817897+00:00
31,500,Van den Berg,12,DEF,40,0,0,0.0,0.0,0.0,0,1,0,0,0,2026-08-19T06:20:42.475339+00:00,2026-08-19T06:20:53.817897+00:00
31,501,Phillips,12,DEF,38,0.4608,1.1107,0.1,0.198,0.1088,0.0008,1,0,0,0,2026-08-19T06:20:42.475339+00:00,2026-08-19T06:20:53.817897+00:00
31,563,Chambers,12,DEF,40,0,0,0.0,0.0,0.0,0,1,0,0,0,2026-08-19T06:20:42.475339+00:00,2026-08-19T06:20:53.817897+00:00
31,564,Bajcetic,12,MID,44,0,0,0.0,0.0,0.0,0,1,0,0,0,2026-08-19T06:20:42.475339+00:00,2026-08-19T06:20:53.817897+00:00
31,584,Clark,12,MID,45,0.4408,0.9013,0.1,0.198,0.1088,0.0004,1,0,0,0,2026-08-19T06:20:42.475339+00:00,2026-08-19T06:20:53.817897+00:00
31,592,H.Davies,12,GKP,40,0.146,0.6859,0.04,0.0384,0.0403,0.0,1,0,0,0,2026-08-19T06:20:42.475339+00:00,2026-08-19T06:20:53.817897+00:00
31,620,Arthur,12,MID,48,0.6632,1.2162,0.18,0.1804,0.1818,0.0012,1,0,0,0,2026-08-19T06:20:42.475339+00:00,2026-08-19T06:20:53.817897+00:00
31,665,Doak,12,MID,45,0.4792,0.9861,0.1,0.198,0.1088,0.0004,1,0,0,0,2026-08-19T06:20:42.475339+00:00,2026-08-19T06:20:53.817897+00:00
31,680,Gakpo,12,MID,76,1.9484,2.4376,0.48,0.1456,0.458,0.014,1,10,80,1,2026-08-19T06:20:42.475339+00:00,2026-08-19T06:20:53.817897+00:00
31,299,Walker,13,DEF,47,1.55,2.083,0.48,0.1144,0.4556,0.0012,1,2,90,1,2026-08-19T06:20:42.475339+00:00,2026-08-19T06:20:53.817897+00:00
31,300,Gündogan,13,MID,73,2.658,2.7159,0.68,0.0576,0.637,0.0256,1,0,0,0,2026-08-19T06:20:42.475339+00:00,2026-08-19T06:20:53.817897+00:00
31,301,De Bruyne,13,MID,121,3.8136,2.7945,0.82,0.0324,0.7652,0.0396,1,8,61,1,2026-08-19T06:20:42.475339+00:00,2026-08-19T06:20:53.817897+00:00
31,302,Stones,13,DEF,54,2.7216,2.5996,0.68,0.0704,0.638,0.01,1,8,45,1,2026-08-19T06:20:42.475339+00:00,2026-08-19T06:20:53.817897+00:00
31,303,Mahrez,13,MID,73,2.4632,3.0519,0.48,0.1456,0.458,0.036,1,2,90,1,2026-08-19T06:20:42.475339+00:00,2026-08-19T06:20:53.817897+00:00
31,305,Grealish,13,MID,72,1.5116,2.4608,0.34,0.1188,0.3257,0.014,1,7,73,1,2026-08-19T06:20:42.475339+00:00,2026-08-19T06:20:53.817897+00:00
31,306,Cancelo,13,DEF,71,0,0,0.0,0.0,0.0,0,1,0,0,0,2026-08-19T06:20:42.475339+00:00,2026-08-19T06:20:53.817897+00:00
31,307,Ederson,13,GKP,54,2.9332,2.1663,0.9,0.008,0.8376,0.0004,1,3,90,1,2026-08-19T06:20:42.475339+00:00,2026-08-19T06:20:53.817897+00:00
31,308,Aké,13,DEF,51,1.3056,2.1562,0.34,0.1188,0.3257,0.006,1,0,0,0,2026-08-19T06:20:42.475339+00:00,2026-08-19T06:20:53.817897+00:00
31,309,Laporte,13,DEF,56,0.8244,1.6884,0.14,0.2408,0.1495,0.0028,1,2,90,1,2026-08-19T06:20:42.475339+00:00,2026-08-19T06:20:53.817897+00:00
31,310,Steffen,13,GKP,40,0,0,0.0,0.0,0.0,0,1,0,0,0,2026-08-19T06:20:42.475339+00:00,2026-08-19T06:20:53.817897+00:00
31,311,Bernardo,13,MID,67,2.1088,1.8796,0.68,0.0576,0.637,0.0028,1,1,90,1,2026-08-19T06:20:42.475339+00:00,2026-08-19T06:20:53.817897+00:00
31,312,Dias,13,DEF,60,1.258,2.0459,0.34,0.1188,0.3257,0.0044,1,2,90,1,2026-08-19T06:20:42.475339+00:00,2026-08-19T06:20:53.817897+00:00
31,314,Foden,13,MID,80,2.052,2.3812,0.48,0.1456,0.458,0.0104,1,0,0,0,2026-08-19T06:20:42.475339+00:00,2026-08-19T06:20:53.817897+00:00
31,315,Rodri,13,MID,56,2.67,2.1421,0.82,0.0324,0.7652,0.0084,1,4,52,1,2026-08-19T06:20:42.475339+00:00,2026-08-19T06:20:53.817897+00:00
31,316,Palmer,13,MID,42,0.484,0.9673,0.1,0.198,0.1088,0.0,1,1,28,0,2026-08-19T06:20:42.475339+00:00,2026-08-19T06:20:53.817897+00:00
31,317,McAtee,13,MID,45,0,0,0.0,0.0,0.0,0,1,0,0,0,2026-08-19T06:20:42.475339+00:00,2026-08-19T06:20:53.817897+00:00
31,318,Haaland,13,FWD,122,4.0272,3.1999,0.82,0.0324,0.7652,0.0628,1,12,45,1,2026-08-19T06:20:42.475339+00:00,2026-08-19T06:20:53.817897+00:00
31,319,Álvarez,13,FWD,60,2.1712,2.6226,0.48,0.1456,0.458,0.0172,1,1,45,1,2026-08-19T06:20:42.475339+00:00,2026-08-19T06:20:53.817897+00:00
31,320,Mbete,13,DEF,39,0,0,0.0,0.0,0.0,0,1,0,0,0,2026-08-19T06:20:42.475339+00:00,2026-08-19T06:20:53.817897+00:00
31,322,Wilson-Esbrand,13,DEF,38,0,0,0.0,0.0,0.0,0,1,0,0,0,2026-08-19T06:20:42.475339+00:00,2026-08-19T06:20:53.817897+00:00
31,323,Delap,13,FWD,44,0,0,0.0,0.0,0.0,0,1,0,0,0,2026-08-19T06:20:42.475339+00:00,2026-08-19T06:20:53.817897+00:00
31,324,Ortega,13,GKP,38,0.1856,0.8204,0.04,0.0384,0.0403,0.0,1,0,0,0,2026-08-19T06:20:42.475339+00:00,2026-08-19T06:20:53.817897+00:00
31,325,Phillips,13,MID,48,0.668,1.239,0.18,0.1804,0.1818,0.0,1,1,37,0,2026-08-19T06:20:42.475339+00:00,2026-08-19T06:20:53.817897+00:00
31,502,Carson,13,GKP,38,0.1932,0.8276,0.04,0.0384,0.0403,0.0,1,0,0,0,2026-08-19T06:20:42.475339+00:00,2026-08-19T06:20:53.817897+00:00
31,573,Lewis,13,DEF,39,0.8628,1.6522,0.22,0.1716,0.2183,0.0016,1,0,0,0,2026-08-19T06:20:42.475339+00:00,2026-08-19T06:20:53.817897+00:00
31,587,Sergio Gómez,13,DEF,44,0.5036,1.231,0.1,0.198,0.1088,0.0008,1,1,16,0,2026-08-19T06:20:42.475339+00:00,2026-08-19T06:20:53.817897+00:00
31,599,Gomes,13,MID,45,0,0,0.0,0.0,0.0,0,1,0,0,0,2026-08-19T06:20:42.475339+00:00,2026-08-19T06:20:53.817897+00:00
31,600,Knight,13,MID,45,0.4808,1.0086,0.1,0.198,0.1088,0.0,1,0,0,0,2026-08-19T06:20:42.475339+00:00,2026-08-19T06:20:53.817897+00:00
31,610,Akanji,13,DEF,50,1.2376,2.0485,0.34,0.1188,0.3257,0.0044,1,1,45,1,2026-08-19T06:20:42.475339+00:00,2026-08-19T06:20:53.817897+00:00
31,712,Perrone,13,MID,44,0,0,0.0,0.0,0.0,0,1,0,0,0,2026-08-19T06:20:42.475339+00:00,2026-08-19T06:20:53.817897+00:00
31,772,Robertson,13,MID,45,0.4988,1.0008,0.1,0.198,0.1088,0.0,1,,,,2026-08-19T06:20:42.475339+00:00,
31,773,Charles,13,MID,45,0.4604,0.9411,0.1,0.198,0.1088,0.0,1,,,,2026-08-19T06:20:42.475339+00:00,
31,774,O'Reilly,13,MID,45,0.4736,0.9964,0.1,0.198,0.1088,0.0,1,,,,2026-08-19T06:20:42.475339+00:00,
31,162,Butland,14,GKP,44,0.1608,0.7424,0.04,0.0384,0.0403,0.0,1,0,0,0,2026-08-19T06:20:42.475339+00:00,2026-08-19T06:20:53.817897+00:00
31,326,Ronaldo,14,FWD,102,0,0,0.0,0.0,0.0,0,1,0,0,0,2026-08-19T06:20:42.475339+00:00,2026-08-19T06:20:53.817897+00:00
31,327,De Gea,14,GKP,50,2.8856,2.0792,0.9,0.008,0.8376,0.0,1,6,90,1,2026-08-19T06:20:42.475339+00:00,2026-08-19T06:20:53.817897+00:00
31,328,Jones,14,DEF,38,0.4776,1.1234,0.1,0.198,0.1088,0.0,1,0,0,0,2026-08-19T06:20:42.475339+00:00,2026-08-19T06:20:53.817897+00:00
31,329,Varane,14,DEF,48,1.9416,2.1606,0.68,0.0576,0.637,0.0056,1,0,0,0,2026-08-19T06:20:42.475339+00:00,2026-08-19T06:20:53.817897+00:00
31,330,Maguire,14,DEF,47,0.8216,1.5275,0.28,0.1584,0.2731,0.0008,1,5,90,1,2026-08-19T06:20:42.475339+00:00,2026-08-19T06:20:53.817897+00:00
31,331,Fred,14,MID,51,1.3024,1.6493,0.48,0.1144,0.4556,0.0016,1,1,11,0,2026-08-19T06:20:42.475339+00:00,2026-08-19T06:20:53.817897+00:00
31,332,Shaw,14,DEF,51,1.1296,1.8992,0.34,0.1188,0.3257,0.0028,1,0,0,0,2026-08-19T06:20:42.475339+00:00,2026-08-19T06:20:53.817897+00:00
31,333,Fernandes,14,MID,96,3.0788,2.4345,0.82,0.0324,0.7652,0.0196,1,3,90,1,2026-08-19T06:20:42.475339+00:00,2026-08-19T06:20:53.817897+00:00
31,334,Telles,14,DEF,50,0,0,0.0,0.0,0.0,0,1,0,0,0,2026-08-19T06:20:42.475339+00:00,2026-08-19T06:20:53.817897+00:00
31,335,Rashford,14,MID,72,3.5796,2.9504,0.82,0.0324,0.7652,0.0372,1,0,0,0,2026-08-19T06:20:42.475339+00:00,2026-08-19T06:20:53.817897+00:00
31,336,Van de Beek,14,MID,51,0,0,0.0,0.0,0.0,0,1,0,0,0,2026-08-19T06:20:42.475339+00:00,2026-08-19T06:20:53.817897+00:00
31,337,Lindelöf,14,DEF,41,0.7896,1.4694,0.22,0.1716,0.2183,0.0004,1,7,90,1,2026-08-19T06:20:42.475339+00:00,2026-08-19T06:20:53.817897+00:00
31,338,McTominay,14,MID,49,1.2044,1.539,0.48,0.1144,0.4556,0.0,1,0,0,0,2026-08-19T06:20:42.475339+00:00,2026-08-19T06:20:53.817897+00:00
31,339,Bailly,14,DEF,40,0,0,0.0,0.0,0.0,0,1,0,0,0,2026-08-19T06:20:42.475339+00:00,2026-08-19T06:20:53.817897+00:00
31,340,Sancho,14,MID,71,1.7948,2.006,0.48,0.1456,0.458,0.0052,1,3,90,1,2026-08-19T06:20:42.475339+00:00,2026-08-19T06:20:53.817897+00:00
31,341,Wan-Bissaka,14,DEF,43,0.8752,1.6601,0.22,0.1716,0.2183,0.0028,1,6,90,1,2026-08-19T06:20:42.475339+00:00,2026-08-19T06:20:53.817897+00:00
31,342,Dalot,14,DEF,47,2.3284,2.4796,0.68,0.0576,0.637,0.01,1,14,90,1,2026-08-19T06:20:42.475339+00:00,2026-08-19T06:20:53.817897+00:00
31,343,B.Williams,14,DEF,38,0.6396,1.3333,0.22,0.1404,0.2158,0.0,1,0,0,0,2026-08-19T06:20:42.475339+00:00,2026-08-19T06:20:53.817897+00:00
31,344,Elanga,14,MID,46,0.8384,1.281,0.28,0.1584,0.2731,0.0004,1,0,0,0,2026-08-19T06:20:42.475339+00:00,2026-08-19T06:20:53.817897+00:00
31,345,Martial,14,FWD,63,1.1596,1.7623,0.28,0.2016,0.2765,0.0072,1,5,71,1,2026-08-19T06:20:42.475339+00:00,2026-08-19T06:20:53.817897+00:00
31,347,Pellistri,14,MID,43,0.4984,0.9924,0.1,0.198,0.1088,0.0004,1,0,0,0,2026-08-19T06:20:42.475339+00:00,2026-08-19T06:20:53.817897+00:00
31,348,Heaton,14,GKP,38,0.1488,0.7308,0.04,0.0384,0.0403,0.0,1,0,0,0,2026-08-19T06:20:42.475339+00:00,2026-08-19T06:20:53.817897+00:00
31,504,Malacia,14,DEF,42,0.824,1.546,0.22,0.1716,0.2183,0.0,1,0,0,0,2026-08-19T06:20:42.475339+00:00,2026-08-19T06:20:53.817897+00:00
31,519,Eriksen,14,MID,62,2.0868,1.9143,0.68,0.0576,0.637,0.0028,1,3,78,1,2026-08-19T06:20:42.475339+00:00,2026-08-19T06:20:53.817897+00:00
31,533,Martínez,14,DEF,45,0,0,0.0,0.0,0.0,0,1,0,0,0,2026-08-19T06:20:42.475339+00:00,2026-08-19T06:20:53.817897+00:00
31,550,Amad,14,MID,44,0,0,0.0,0.0,0.0,0,1,0,0,0,2026-08-19T06:20:42.475339+00:00,2026-08-19T06:20:53.817897+00:00
31,551,Iqbal,14,MID,42,0.4396,0.8585,0.1,0.198,0.1088,0.0,1,0,0,0,2026-08-19T06:20:42.475339+00:00,2026-08-19T06:20:53.817897+00:00
31,569,Garnacho,14,MID,42,0.9552,1.5411,0.28,0.1584,0.2731,0.002,1,0,0,0,2026-08-19T06:20:42.475339+00:00,2026-08-19T06:20:53.817897+00:00
31,593,Casemiro,14,MID,49,1.7052,2.0653,0.48,0.1144,0.4556,0.0044,1,3,90,1,2026-08-19T06:20:42.475339+00:00,2026-08-19T06:20:53.817897+00:00
31,609,Antony,14,MID,73,0.9524,1.6385,0.24,0.2128,0.2402,0.004,1,14,90,1,2026-08-19T06:20:42.475339+00:00,2026-08-19T06:20:53.817897+00:00
31,615,Kovár,14,GKP,40,0,0,0.0,0.0,0.0,0,1,0,0,0,2026-08-19T06:20:42.475339+00:00,2026-08-19T06:20:53.817897+00:00
31,643,Mainoo,14,MID,45,0.4524,0.8989,0.1,0.198,0.1088,0.0,1,0,0,0,2026-08-19T06:20:42.475339+00:00,2026-08-19T06:20:53.817897+00:00
31,656,Bishop,14,GKP,40,0.154,0.7077,0.04,0.0384,0.0403,0.0,1,0,0,0,2026-08-19T06:20:42.475339+00:00,2026-08-19T06:20:53.817897+00:00
31,660,Shoretire,14,FWD,45,0,0,0.0,0.0,0.0,0,1,0,0,0,2026-08-19T06:20:42.475339+00:00,2026-08-19T06:20:53.817897+00:00
31,674,Bennett,14,DEF,40,0.4644,1.1029,0.1,0.198,0.1088,0.0004,1,0,0,0,2026-08-19T06:20:42.475339+00:00,2026-08-19T06:20:53.817897+00:00
31,701,Weghorst,14,FWD,55,1.504,1.7682,0.48,0.1456,0.458,0.0056,1,0,18,0,2026-08-19T06:20:42.475339+00:00,2026-08-19T06:20:53.817897+00:00
31,728,Sabitzer,14,MID,47,0,0,0.0,0.0,0.0,0,1,0,0,0,2026-08-19T06:20:42.475339+00:00,2026-08-19T06:20:53.817897+00:00
31,759,Jurado,14,DEF,40,0.4632,1.1184,0.1,0.198,0.1088,0.0008,1,0,0,0,2026-08-19T06:20:42.475339+00:00,2026-08-19T06:20:53.817897+00:00
31,195,Gordon,15,MID,51,1.2656,1.5349,0.48,0.1144,0.4556,0.0008,1,1,55,1,2026-08-19T06:20:42.475339+00:00,2026-08-19T06:20:53.817897+00:00
31,350,Ritchie,15,DEF,42,0,0,0.0,0.0,0.0,0,1,0,0,0,2026-08-19T06:20:42.475339+00:00,2026-08-19T06:20:53.817897+00:00
31,351,Fernández,15,DEF,44,0,0,0.0,0.0,0.0,0,1,0,0,0,2026-08-19T06:20:42.475339+00:00,2026-08-19T06:20:53.817897+00:00
31,352,Clark,15,DEF,45,0,0,0.0,0.0,0.0,0,1,0,0,0,2026-08-19T06:20:42.475339+00:00,2026-08-19T06:20:53.817897+00:00
31,353,Darlow,15,GKP,39,0,0,0.0,0.0,0.0,0,1,0,0,0,2026-08-19T06:20:42.475339+00:00,2026-08-19T06:20:53.817897+00:00
31,355,Dubravka,15,GKP,41,3.8884,2.4215,0.88,0.0048,0.8188,0.01,1,0,0,0,2026-08-19T06:20:42.475339+00:00,2026-08-19T06:20:53.817897+00:00
31,356,Wilson,15,FWD,69,1.794,2.1819,0.48,0.1456,0.458,0.0112,1,1,34,0,2026-08-19T06:20:42.475339+00:00,2026-08-19T06:20:53.817897+00:00
31,357,Trippier,15,DEF,62,3.1772,2.6231,0.82,0.0324,0.7652,0.0152,1,1,90,1,2026-08-19T06:20:42.475339+00:00,2026-08-19T06:20:53.817897+00:00
31,358,Burn,15,DEF,45,0.7712,1.5829,0.22,0.1404,0.2158,0.0024,1,1,67,1,2026-08-19T06:20:42.475339+00:00,2026-08-19T06:20:53.817897+00:00
31,359,Fraser,15,MID,52,0.832,1.2994,0.28,0.1584,0.2731,0.0004,1,0,0,0,2026-08-19T06:20:42.475339+00:00,2026-08-19T06:20:53.817897+00:00
31,360,Lascelles,15,DEF,43,0,0,0.0,0.0,0.0,0,1,0,0,0,2026-08-19T06:20:42.475339+00:00,2026-08-19T06:20:53.817897+00:00
31,361,Gayle,15,FWD,45,0,0,0.0,0.0,0.0,0,1,0,0,0,2026-08-19T06:20:42.475339+00:00,2026-08-19T06:20:53.817897+00:00
31,362,Dummett,15,DEF,39,0.454,1.0077,0.1,0.198,0.1088,0.0,1,0,0,0,2026-08-19T06:20:42.475339+00:00,2026-08-19T06:20:53.817897+00:00
31,363,Manquillo,15,DEF,42,0,0,0.0,0.0,0.0,0,1,0,0,0,2026-08-19T06:20:42.475339+00:00,2026-08-19T06:20:53.817897+00:00
31,364,Krafth,15,DEF,43,0,0,0.0,0.0,0.0,0,1,0,0,0,2026-08-19T06:20:42.475339+00:00,2026-08-19T06:20:53.817897+00:00
31,365,Murphy,15,MID,41,1.5172,1.6655,0.48,0.1144,0.4556,0.0016,1,1,55,1,2026-08-19T06:20:42.475339+00:00,2026-08-19T06:20:53.817897+00:00
31,366,Schär,15,DEF,51,2.5736,2.5687,0.82,0.0324,0.7652,0.0184,1,0,90,1,2026-08-19T06:20:42.475339+00:00,2026-08-19T06:20:53.817897+00:00
31,367,Targett,15,DEF,47,0.8604,1.5347,0.28,0.1584,0.2731,0.002,1,1,22,0,2026-08-19T06:20:42.475339+00:00,2026-08-19T06:20:53.817897+00:00
31,368,Saint-Maximin,15,MID,61,1.7696,1.9153,0.48,0.1456,0.458,0.0028,1,0,0,0,2026-08-19T06:20:42.475339+00:00,2026-08-19T06:20:53.817897+00:00
31,369,Almirón,15,MID,54,2.3344,2.0504,0.68,0.0576,0.637,0.0068,1,1,34,0,2026-08-19T06:20:42.475339+00:00,2026-08-19T06:20:53.817897+00:00
31,370,S.Longstaff,15,MID,43,2.3164,1.8526,0.82,0.0324,0.7652,0.0072,1,1,22,0,2026-08-19T06:20:42.475339+00:00,2026-08-19T06:20:53.817897+00:00
31,371,Joelinton,15,MID,59,0,0,0.0,0.0,0.0,0,1,2,79,1,2026-08-19T06:20:42.475339+00:00,2026-08-19T06:20:53.817897+00:00
31,372,Lewis,15,DEF,44,0.498,1.1409,0.1,0.198,0.1088,0.0,1,0,0,0,2026-08-19T06:20:42.475339+00:00,2026-08-19T06:20:53.817897+00:00
31,373,Willock,15,MID,47,0,0,0.0,0.0,0.0,0,1,2,67,1,2026-08-19T06:20:42.475339+00:00,2026-08-19T06:20:53.817897+00:00
31,374,Bruno Guimarães,15,MID,55,1.8096,1.551,0.68,0.0576,0.637,0.0012,1,2,90,1,2026-08-19T06:20:42.475339+00:00,2026-08-19T06:20:53.817897+00:00
31,375,Hendrick,15,MID,45,0,0,0.0,0.0,0.0,0,1,0,0,0,2026-08-19T06:20:42.475339+00:00,2026-08-19T06:20:53.817897+00:00
31,376,Pope,15,GKP,54,0,0,0.0,0.0,0.0,0,1,2,90,1,2026-08-19T06:20:42.475339+00:00,2026-08-19T06:20:53.817897+00:00
31,377,Botman,15,DEF,45,0.75,1.5522,0.22,0.1404,0.2158,0.002,1,1,90,1,2026-08-19T06:20:42.475339+00:00,2026-08-19T06:20:53.817897+00:00
31,552,Anderson,15,MID,43,0.472,0.99,0.1,0.198,0.1088,0.0,1,1,10,0,2026-08-19T06:20:42.475339+00:00,2026-08-19T06:20:53.817897+00:00
31,555,Ashby,15,DEF,38,0.482,1.1682,0.1,0.198,0.1088,0.0012,1,0,0,0,2026-08-19T06:20:42.475339+00:00,2026-08-19T06:20:53.817897+00:00
31,594,Isak,15,FWD,67,2.1528,2.632,0.48,0.1456,0.458,0.0204,1,2,90,1,2026-08-19T06:20:42.475339+00:00,2026-08-19T06:20:53.817897+00:00
31,626,Karius,15,GKP,39,0.148,0.6956,0.04,0.0384,0.0403,0.0,1,0,0,0,2026-08-19T06:20:42.475339+00:00,2026-08-19T06:20:53.817897+00:00
31,683,Kuol,15,MID,45,0,0,0.0,0.0,0.0,0,1,0,0,0,2026-08-19T06:20:42.475339+00:00,2026-08-19T06:20:53.817897+00:00
31,741,Miley,15,MID,45,0.4632,0.9925,0.1,0.198,0.1088,0.0012,1,0,0,0,2026-08-19T06:20:42.475339+00:00,2026-08-19T06:20:53.817897+00:00
31,776,Gillespie,15,GKP,40,0.1524,0.6697,0.04,0.0384,0.0403,0.0,1,,,,2026-08-19T06:20:42.475339+00:00,
31,295,N.Williams,16,DEF,38,0,0,0.0,0.0,0.0,0,1,0,90,1,2026-08-19T06:20:42.475339+00:00,2026-08-19T06:20:53.817897+00:00
31,349,Shelvey,16,MID,48,0.8656,1.3334,0.28,0.1584,0.2731,0.0004,1,0,0,0,2026-08-19T06:20:42.475339+00:00,2026-08-19T06:20:53.817897+00:00
31,354,Wood,16,FWD,56,0,0,0.0,0.0,0.0,0,1,0,0,0,2026-08-19T06:20:42.475339+00:00,2026-08-19T06:20:53.817897+00:00
31,378,Arter,16,MID,41,0.4748,0.9795,0.1,0.198,0.1088,0.0,1,0,0,0,2026-08-19T06:20:42.475339+00:00,2026-08-19T06:20:53.817897+00:00
31,379,Cook,16,DEF,43,0.7592,1.5157,0.22,0.1716,0.2183,0.0012,1,0,0,0,2026-08-19T06:20:42.475339+00:00,2026-08-19T06:20:53.817897+00:00
31,380,Lyle Taylor,16,FWD,41,0.4428,0.8465,0.1,0.198,0.1088,0.0,1,0,0,0,2026-08-19T06:20:42.475339+00:00,2026-08-19T06:20:53.817897+00:00
31,381,Colback,16,MID,41,0.5664,1.0176,0.14,0.1892,0.1453,0.0,1,0,0,0,2026-08-19T06:20:42.475339+00:00,2026-08-19T06:20:53.817897+00:00
31,382,Samba,16,GKP,45,0,0,0.0,0.0,0.0,0,1,0,0,0,2026-08-19T06:20:42.475339+00:00,2026-08-19T06:20:53.817897+00:00
31,383,Cafú,16,MID,42,0.5064,1.0789,0.1,0.198,0.1088,0.0004,1,0,0,0,2026-08-19T06:20:42.475339+00:00,2026-08-19T06:20:53.817897+00:00
31,384,Lolley,16,MID,49,0,0,0.0,0.0,0.0,0,1,0,0,0,2026-08-19T06:20:42.475339+00:00,2026-08-19T06:20:53.817897+00:00
31,385,McKenna,16,DEF,44,0,0,0.0,0.0,0.0,0,1,1,80,1,2026-08-19T06:20:42.475339+00:00,2026-08-19T06:20:53.817897+00:00
31,386,Dräger,16,DEF,40,0,0,0.0,0.0,0.0,0,1,0,0,0,2026-08-19T06:20:42.475339+00:00,2026-08-19T06:20:53.817897+00:00
31,387,Yates,16,MID,50,1.6584,1.3455,0.68,0.0704,0.638,0.0,1,0,0,0,2026-08-19T06:20:42.475339+00:00,2026-08-19T06:20:53.817897+00:00
31,388,Worrall,16,DEF,42,0.7444,1.5789,0.22,0.1404,0.2158,0.0024,1,0,0,0,2026-08-19T06:20:42.475339+00:00,2026-08-19T06:20:53.817897+00:00
31,389,Panzo,16,DEF,40,0,0,0.0,0.0,0.0,0,1,0,0,0,2026-08-19T06:20:42.475339+00:00,2026-08-19T06:20:53.817897+00:00
31,390,Xande Silva,16,MID,50,0,0,0.0,0.0,0.0,0,1,0,0,0,2026-08-19T06:20:42.475339+00:00,2026-08-19T06:20:53.817897+00:00
31,391,Surridge,16,FWD,46,0.704,1.2798,0.18,0.1804,0.1818,0.0016,1,1,25,0,2026-08-19T06:20:42.475339+00:00,2026-08-19T06:20:53.817897+00:00
31,392,Laryea,16,DEF,45,0,0,0.0,0.0,0.0,0,1,0,0,0,2026-08-19T06:20:42.475339+00:00,2026-08-19T06:20:53.817897+00:00
31,393,Mbe Soh,16,DEF,42,0,0,0.0,0.0,0.0,0,1,0,0,0,2026-08-19T06:20:42.475339+00:00,2026-08-19T06:20:53.817897+00:00
31,394,Johnson,16,FWD,57,2.6456,2.0748,0.82,0.0324,0.7652,0.0088,1,2,90,1,2026-08-19T06:20:42.475339+00:00,2026-08-19T06:20:53.817897+00:00
31,395,Mighten,16,MID,49,0,0,0.0,0.0,0.0,0,1,0,0,0,2026-08-19T06:20:42.475339+00:00,2026-08-19T06:20:53.817897+00:00
31,396,Ojeda,16,MID,45,0,0,0.0,0.0,0.0,0,1,0,0,0,2026-08-19T06:20:42.475339+00:00,2026-08-19T06:20:53.817897+00:00
31,397,Awoniyi,16,FWD,56,1.2668,1.8374,0.28,0.2016,0.2765,0.002,1,2,64,1,2026-08-19T06:20:42.475339+00:00,2026-08-19T06:20:53.817897+00:00
31,398,Henderson,16,GKP,46,0,0,0.0,0.0,0.0,0,1,0,0,0,2026-08-19T06:20:42.475339+00:00,2026-08-19T06:20:53.817897+00:00
31,399,Biancone,16,DEF,42,0,0,0.0,0.0,0.0,0,1,0,0,0,2026-08-19T06:20:42.475339+00:00,2026-08-19T06:20:53.817897+00:00
31,474,Boly,16,DEF,41,1.1176,2.0065,0.22,0.1716,0.2183,0.0032,1,0,0,0,2026-08-19T06:20:42.475339+00:00,2026-08-19T06:20:53.817897+00:00
31,493,Gibbs-White,16,MID,55,2.6624,2.0554,0.82,0.0324,0.7652,0.008,1,2,87,1,2026-08-19T06:20:42.475339+00:00,2026-08-19T06:20:53.817897+00:00
31,507,Niakhaté,16,DEF,43,0.8804,1.5925,0.22,0.1716,0.2183,0.0008,1,1,90,1,2026-08-19T06:20:42.475339+00:00,2026-08-19T06:20:53.817897+00:00
31,511,Richards,16,DEF,44,0,0,0.0,0.0,0.0,0,1,0,0,0,2026-08-19T06:20:42.475339+00:00,2026-08-19T06:20:53.817897+00:00
31,518,Hennessey,16,GKP,39,3.2496,2.2673,0.88,0.0048,0.8188,0.0008,1,0,0,0,2026-08-19T06:20:42.475339+00:00,2026-08-19T06:20:53.817897+00:00
31,523,Toffolo,16,DEF,43,0.8236,1.6152,0.22,0.1716,0.2183,0.0008,1,0,0,0,2026-08-19T06:20:42.475339+00:00,2026-08-19T06:20:53.817897+00:00
31,524,O'Brien,16,MID,47,0,0,0.0,0.0,0.0,0,1,0,0,0,2026-08-19T06:20:42.475339+00:00,2026-08-19T06:20:53.817897+00:00
31,527,Lingard,16,MID,54,0.78,1.2258,0.24,0.1672,0.2366,0.0,1,1,2,0,2026-08-19T06:20:42.475339+00:00,2026-08-19T06:20:53.817897+00:00
31,536,Mangala,16,MID,49,1.3068,1.4985,0.48,0.1144,0.4556,0.0008,1,0,25,0,2026-08-19T06:20:42.475339+00:00,2026-08-19T06:20:53.817897+00:00
31,553,Hammond,16,MID,43,0.49,0.9842,0.1,0.198,0.1088,0.0004,1,0,0,0,2026-08-19T06:20:42.475339+00:00,2026-08-19T06:20:53.817897+00:00
31,582,Freuler,16,MID,49,1.9192,1.1834,0.82,0.0324,0.7652,0.0004,1,2,64,1,2026-08-19T06:20:42.475339+00:00,2026-08-19T06:20:53.817897+00:00
31,583,Kouyaté,16,MID,44,0.8452,1.2475,0.28,0.1584,0.2731,0.0,1,0,0,0,2026-08-19T06:20:42.475339+00:00,2026-08-19T06:20:53.817897+00:00
31,585,Dennis,16,FWD,56,1.0256,1.6274,0.28,0.2016,0.2765,0.0032,1,1,9,0,2026-08-19T06:20:42.475339+00:00,2026-08-19T06:20:53.817897+00:00
31,602,Renan Lodi,16,DEF,43,0.8308,1.6662,0.22,0.1404,0.2158,0.002,1,1,90,1,2026-08-19T06:20:42.475339+00:00,2026-08-19T06:20:53.817897+00:00
31,621,Badé,16,DEF,45,0,0,0.0,0.0,0.0,0,1,0,0,0,2026-08-19T06:20:42.475339+00:00,2026-08-19T06:20:53.817897+00:00
31,628,Aurier,16,DEF,44,0.9744,1.9009,0.22,0.1716,0.2183,0.004,1,0,0,0,2026-08-19T06:20:42.475339+00:00,2026-08-19T06:20:53.817897+00:00
31,666,Dale Taylor,16,FWD,45,0,0,0.0,0.0,0.0,0,1,0,0,0,2026-08-19T06:20:42.475339+00:00,2026-08-19T06:20:53.817897+00:00
31,675,Smith,16,GKP,40,0,0,0.0,0.0,0.0,0,1,0,0,0,2026-08-19T06:20:42.475339+00:00,2026-08-19T06:20:53.817897+00:00
31,681,Scarpa,16,MID,47,0.4564,0.9515,0.09,0.2002,0.0997,0.0004,1,0,0,0,2026-08-19T06:20:42.475339+00:00,2026-08-19T06:20:53.817897+00:00
31,703,Danilo,16,MID,45,0.5472,1.0017,0.14,0.1892,0.1453,0.0,1,2,90,1,2026-08-19T06:20:42.475339+00:00,2026-08-19T06:20:53.817897+00:00
31,729,Navas,16,GKP,45,0,0,0.0,0.0,0.0,0,1,2,90,1,2026-08-19T06:20:42.475339+00:00,2026-08-19T06:20:53.817897+00:00
31,730,Felipe,16,DEF,45,0.5532,1.3084,0.11,0.1958,0.118,0.0016,1,1,90,1,2026-08-19T06:20:42.475339+00:00,2026-08-19T06:20:53.817897+00:00
31,734,A.Ayew,16,MID,50,0.7736,1.4743,0.18,0.1804,0.1818,0.002,1,0,0,0,2026-08-19T06:20:42.475339+00:00,2026-08-19T06:20:53.817897+00:00
31,749,G.Shelvey,16,GKP,40,0.1524,0.7487,0.04,0.0384,0.0403,0.0,1,0,0,0,2026-08-19T06:20:42.475339+00:00,2026-08-19T06:20:53.817897+00:00
31,21,Maitland-Niles,17,MID,48,1.2304,1.3841,0.48,0.1144,0.4556,0.0008,1,2,90,1,2026-08-19T06:20:42.475339+00:00,2026-08-19T06:20:53.817897+00:00
31,321,Lavia,17,MID,45,1.4832,1.2499,0.68,0.0576,0.637,0.0,1,1,90,1,2026-08-19T06:20:42.475339+00:00,2026-08-19T06:20:53.817897+00:00
31,400,Walcott,17,MID,48,1.0708,1.7382,0.28,0.1584,0.2731,0.0036,1,2,61,1,2026-08-19T06:20:42.475339+00:00,2026-08-19T06:20:53.817897+00:00
31,401,McCarthy,17,GKP,43,0.1756,0.8286,0.04,0.0384,0.0403,0.0,1,0,0,0,2026-08-19T06:20:42.475339+00:00,2026-08-19T06:20:53.817897+00:00
31,402,Romeu,17,MID,48,0,0,0.0,0.0,0.0,0,1,0,0,0,2026-08-19T06:20:42.475339+00:00,2026-08-19T06:20:53.817897+00:00
31,403,Redmond,17,MID,53,0,0,0.0,0.0,0.0,0,1,0,0,0,2026-08-19T06:20:42.475339+00:00,2026-08-19T06:20:53.817897+00:00
31,405,S.Armstrong,17,MID,47,1.298,1.5517,0.48,0.1144,0.4556,0.0016,1,1,10,0,2026-08-19T06:20:42.475339+00:00,2026-08-19T06:20:53.817897+00:00
31,406,Elyounoussi,17,MID,51,1.7892,1.4741,0.68,0.0576,0.637,0.0016,1,0,0,0,2026-08-19T06:20:42.475339+00:00,2026-08-19T06:20:53.817897+00:00
31,407,Ward-Prowse,17,MID,63,3.3312,2.4025,0.9,0.018,0.8384,0.026,1,2,90,1,2026-08-19T06:20:42.475339+00:00,2026-08-19T06:20:53.817897+00:00
31,408,A.Armstrong,17,FWD,53,1.3384,1.5559,0.48,0.1144,0.4556,0.002,1,0,0,0,2026-08-19T06:20:42.475339+00:00,2026-08-19T06:20:53.817897+00:00
31,409,Walker-Peters,17,DEF,44,0.902,1.7657,0.22,0.1404,0.2158,0.0024,1,1,90,1,2026-08-19T06:20:42.475339+00:00,2026-08-19T06:20:53.817897+00:00
31,410,Bednarek,17,DEF,42,0.9052,1.7288,0.22,0.1716,0.2183,0.0012,1,0,90,1,2026-08-19T06:20:42.475339+00:00,2026-08-19T06:20:53.817897+00:00
31,411,Adams,17,FWD,61,0,0,0.0,0.0,0.0,0,1,0,0,0,2026-08-19T06:20:42.475339+00:00,2026-08-19T06:20:53.817897+00:00
31,412,Tella,17,MID,50,0,0,0.0,0.0,0.0,0,1,0,0,0,2026-08-19T06:20:42.475339+00:00,2026-08-19T06:20:53.817897+00:00
31,413,Lyanco,17,DEF,44,0.7736,1.5837,0.22,0.1716,0.2183,0.002,1,0,0,0,2026-08-19T06:20:42.475339+00:00,2026-08-19T06:20:53.817897+00:00
31,414,Valery,17,DEF,40,0,0,0.0,0.0,0.0,0,1,0,0,0,2026-08-19T06:20:42.475339+00:00,2026-08-19T06:20:53.817897+00:00
31,415,Smallbone,17,MID,45,0,0,0.0,0.0,0.0,0,1,0,0,0,2026-08-19T06:20:42.475339+00:00,2026-08-19T06:20:53.817897+00:00
31,416,Diallo,17,MID,42,1.1888,1.3604,0.48,0.1144,0.4556,0.0012,1,0,0,0,2026-08-19T06:20:42.475339+00:00,2026-08-19T06:20:53.817897+00:00
31,417,Perraud,17,DEF,41,0,0,0.0,0.0,0.0,0,1,0,0,0,2026-08-19T06:20:42.475339+00:00,2026-08-19T06:20:53.817897+00:00
31,418,Djenepo,17,MID,50,0.9148,1.3834,0.28,0.1584,0.2731,0.0008,1,1,28,0,2026-08-19T06:20:42.475339+00:00,2026-08-19T06:20:53.817897+00:00
31,419,Livramento,17,DEF,44,0.9932,1.967,0.22,0.1404,0.2158,0.0064,1,0,0,0,2026-08-19T06:20:42.475339+00:00,2026-08-19T06:20:53.817897+00:00
31,420,Salisu,17,DEF,43,0,0,0.0,0.0,0.0,0,1,0,0,0,2026-08-19T06:20:42.475339+00:00,2026-08-19T06:20:53.817897+00:00
31,421,Lis,17,GKP,40,0,0,0.0,0.0,0.0,0,1,0,0,0,2026-08-19T06:20:42.475339+00:00,2026-08-19T06:20:53.817897+00:00
31,422,Bazunu,17,GKP,45,3.0216,2.1773,0.88,0.0048,0.8188,0.0,1,1,90,1,2026-08-19T06:20:42.475339+00:00,2026-08-19T06:20:53.817897+00:00
31,423,Bella-Kotchap,17,DEF,45,0,0,0.0,0.0,0.0,0,1,0,90,1,2026-08-19T06:20:42.475339+00:00,2026-08-19T06:20:53.817897+00:00
31,424,Caballero,17,GKP,39,0.2012,0.8869,0.04,0.0384,0.0403,0.0,1,0,0,0,2026-08-19T06:20:42.475339+00:00,2026-08-19T06:20:53.817897+00:00
31,512,Aribo,17,MID,50,1.4504,1.5468,0.48,0.1144,0.4556,0.0008,1,2,61,1,2026-08-19T06:20:42.475339+00:00,2026-08-19T06:20:53.817897+00:00
31,528,Mara,17,FWD,53,0.834,1.3075,0.28,0.1584,0.2731,0.0012,1,0,0,0,2026-08-19T06:20:42.475339+00:00,2026-08-19T06:20:53.817897+00:00
31,622,Larios,17,DEF,40,0,0,0.0,0.0,0.0,0,1,0,0,0,2026-08-19T06:20:42.475339+00:00,2026-08-19T06:20:53.817897+00:00
31,623,Caleta-Car,17,DEF,44,0.8724,1.6761,0.22,0.1716,0.2183,0.0016,1,0,0,0,2026-08-19T06:20:42.475339+00:00,2026-08-19T06:20:53.817897+00:00
31,624,Edozie,17,MID,46,0,0,0.0,0.0,0.0,0,1,1,10,0,2026-08-19T06:20:42.475339+00:00,2026-08-19T06:20:53.817897+00:00
31,647,Payne,17,MID,45,0,0,0.0,0.0,0.0,0,1,0,0,0,2026-08-19T06:20:42.475339+00:00,2026-08-19T06:20:53.817897+00:00
31,648,Finnigan,17,MID,45,0,0,0.0,0.0,0.0,0,1,0,0,0,2026-08-19T06:20:42.475339+00:00,2026-08-19T06:20:53.817897+00:00
31,671,Morgan,17,FWD,45,0,0,0.0,0.0,0.0,0,1,0,0,0,2026-08-19T06:20:42.475339+00:00,2026-08-19T06:20:53.817897+00:00
31,692,Orsic,17,MID,51,0.7468,1.3929,0.18,0.1804,0.1818,0.002,1,0,0,0,2026-08-19T06:20:42.475339+00:00,2026-08-19T06:20:53.817897+00:00
31,693,Alcaraz,17,MID,50,0.9664,1.5466,0.28,0.1584,0.2731,0.0012,1,2,79,1,2026-08-19T06:20:42.475339+00:00,2026-08-19T06:20:53.817897+00:00
31,716,Bree,17,DEF,45,0.5112,1.2231,0.1,0.198,0.1088,0.0008,1,0,0,0,2026-08-19T06:20:42.475339+00:00,2026-08-19T06:20:53.817897+00:00
31,731,Kamaldeen,17,MID,50,0.9532,1.537,0.28,0.1584,0.2731,0.002,1,2,79,1,2026-08-19T06:20:42.475339+00:00,2026-08-19T06:20:53.817897+00:00
31,732,Onuachu,17,FWD,55,0.7092,1.2239,0.14,0.2408,0.1495,0.0008,1,1,28,0,2026-08-19T06:20:42.475339+00:00,2026-08-19T06:20:53.817897+00:00
31,769,Doyle,17,MID,45,0.4584,0.949,0.1,0.198,0.1088,0.0,1,,,,2026-08-19T06:20:42.475339+00:00,
31,770,Ballard,17,FWD,45,0.4736,0.95,0.1,0.198,0.1088,0.0004,1,,,,2026-08-19T06:20:42.475339+00:00,
31,778,Amo-Ameyaw,17,MID,45,0.5108,1.0349,0.1,0.198,0.1088,0.0,1,,,,2026-08-19T06:20:42.475339+00:00,
31,425,Lloris,18,GKP,54,0,0,0.0,0.0,0.0,0,1,2,90,1,2026-08-19T06:20:42.475339+00:00,2026-08-19T06:20:53.817897+00:00
31,426,Forster,18,GKP,39,3.266,2.2883,0.88,0.0048,0.8188,0.0004,1,0,0,0,2026-08-19T06:20:42.475339+00:00,2026-08-19T06:20:53.817897+00:00
31,427,Kane,18,FWD,117,3.5092,2.6909,0.82,0.0324,0.7652,0.0344,1,2,90,1,2026-08-19T06:20:42.475339+00:00,2026-08-19T06:20:53.817897+00:00
31,428,Son,18,MID,116,2.7952,2.2244,0.82,0.0324,0.7652,0.0136,1,9,90,1,2026-08-19T06:20:42.475339+00:00,2026-08-19T06:20:53.817897+00:00
31,429,Doherty,18,DEF,46,0,0,0.0,0.0,0.0,0,1,0,0,0,2026-08-19T06:20:42.475339+00:00,2026-08-19T06:20:53.817897+00:00
31,430,Dier,18,DEF,51,0,0,0.0,0.0,0.0,0,1,1,90,1,2026-08-19T06:20:42.475339+00:00,2026-08-19T06:20:53.817897+00:00
31,431,Lucas Moura,18,MID,58,1.5696,1.8433,0.45,0.154,0.4308,0.0036,1,0,0,0,2026-08-19T06:20:42.475339+00:00,2026-08-19T06:20:53.817897+00:00
31,432,Davies,18,DEF,47,2.34,2.3984,0.68,0.0576,0.637,0.0052,1,0,0,0,2026-08-19T06:20:42.475339+00:00,2026-08-19T06:20:53.817897+00:00
31,433,Højbjerg,18,MID,54,1.2652,1.6022,0.41,0.1062,0.3898,0.0012,1,2,90,1,2026-08-19T06:20:42.475339+00:00,2026-08-19T06:20:53.817897+00:00
31,434,Winks,18,MID,44,0,0,0.0,0.0,0.0,0,1,0,0,0,2026-08-19T06:20:42.475339+00:00,2026-08-19T06:20:53.817897+00:00
31,435,Sánchez,18,DEF,42,0.838,1.6117,0.22,0.1716,0.2183,0.0008,1,0,22,0,2026-08-19T06:20:42.475339+00:00,2026-08-19T06:20:53.817897+00:00
31,436,R.Sessegnon,18,DEF,44,0,0,0.0,0.0,0.0,0,1,0,0,0,2026-08-19T06:20:42.475339+00:00,2026-08-19T06:20:53.817897+00:00
31,437,Bergwijn,18,MID,55,0,0,0.0,0.0,0.0,0,1,0,0,0,2026-08-19T06:20:42.475339+00:00,2026-08-19T06:20:53.817897+00:00
31,438,Reguilón,18,DEF,42,0,0,0.0,0.0,0.0,0,1,0,0,0,2026-08-19T06:20:42.475339+00:00,2026-08-19T06:20:53.817897+00:00
31,439,Tanganga,18,DEF,38,0.5088,1.1785,0.1,0.198,0.1088,0.0004,1,0,0,0,2026-08-19T06:20:42.475339+00:00,2026-08-19T06:20:53.817897+00:00
31,440,Bentancur,18,MID,53,0,0,0.0,0.0,0.0,0,1,0,0,0,2026-08-19T06:20:42.475339+00:00,2026-08-19T06:20:53.817897+00:00
31,441,Skipp,18,MID,43,1.2508,1.435,0.48,0.1144,0.4556,0.0012,1,2,76,1,2026-08-19T06:20:42.475339+00:00,2026-08-19T06:20:53.817897+00:00
31,442,Rodon,18,DEF,40,0,0,0.0,0.0,0.0,0,1,0,0,0,2026-08-19T06:20:42.475339+00:00,2026-08-19T06:20:53.817897+00:00
31,443,Romero,18,DEF,49,0,0,0.0,0.0,0.0,0,1,1,90,1,2026-08-19T06:20:42.475339+00:00,2026-08-19T06:20:53.817897+00:00
31,444,Bissouma,18,MID,47,1.1652,1.3715,0.48,0.1144,0.4556,0.0012,1,0,0,0,2026-08-19T06:20:42.475339+00:00,2026-08-19T06:20:53.817897+00:00
31,445,Emerson Royal,18,DEF,48,2.0348,2.622,0.48,0.1144,0.4556,0.0132,1,0,0,0,2026-08-19T06:20:42.475339+00:00,2026-08-19T06:20:53.817897+00:00
31,446,Kulusevski,18,MID,78,2.482,2.3227,0.68,0.0576,0.637,0.016,1,2,90,1,2026-08-19T06:20:42.475339+00:00,2026-08-19T06:20:53.817897+00:00
31,447,Scarlett,18,FWD,45,0,0,0.0,0.0,0.0,0,1,0,0,0,2026-08-19T06:20:42.475339+00:00,2026-08-19T06:20:53.817897+00:00
31,448,Perišić,18,DEF,53,2.6476,2.7884,0.68,0.0576,0.637,0.02,1,3,90,1,2026-08-19T06:20:42.475339+00:00,2026-08-19T06:20:53.817897+00:00
31,449,White,18,MID,44,0,0,0.0,0.0,0.0,0,1,0,0,0,2026-08-19T06:20:42.475339+00:00,2026-08-19T06:20:53.817897+00:00
31,450,Sarr,18,MID,42,0.4568,0.9747,0.1,0.198,0.1088,0.0,1,0,0,0,2026-08-19T06:20:42.475339+00:00,2026-08-19T06:20:53.817897+00:00
31,451,Austin,18,GKP,39,0.156,0.7188,0.04,0.0384,0.0403,0.0,1,0,0,0,2026-08-19T06:20:42.475339+00:00,2026-08-19T06:20:53.817897+00:00
31,452,Devine,18,MID,43,0,0,0.0,0.0,0.0,0,1,0,0,0,2026-08-19T06:20:42.475339+00:00,2026-08-19T06:20:53.817897+00:00
31,453,Parrott,18,FWD,45,0,0,0.0,0.0,0.0,0,1,0,0,0,2026-08-19T06:20:42.475339+00:00,2026-08-19T06:20:53.817897+00:00
31,454,Richarlison,18,FWD,84,1.0564,1.7511,0.28,0.2016,0.2765,0.0048,1,1,13,0,2026-08-19T06:20:42.475339+00:00,2026-08-19T06:20:53.817897+00:00
31,513,Lenglet,18,DEF,48,2.3472,2.4381,0.68,0.0576,0.637,0.0076,1,1,34,0,2026-08-19T06:20:42.475339+00:00,2026-08-19T06:20:53.817897+00:00
31,522,Spence,18,DEF,41,0,0,0.0,0.0,0.0,0,1,0,0,0,2026-08-19T06:20:42.475339+00:00,2026-08-19T06:20:53.817897+00:00
31,554,Bryan,18,MID,50,0,0,0.0,0.0,0.0,0,1,0,0,0,2026-08-19T06:20:42.475339+00:00,2026-08-19T06:20:53.817897+00:00
31,713,Danjuma,18,MID,61,1.608,1.9805,0.45,0.154,0.4308,0.0056,1,6,32,0,2026-08-19T06:20:42.475339+00:00,2026-08-19T06:20:53.817897+00:00
31,733,Pedro Porro,18,DEF,48,1.2912,2.2456,0.28,0.1584,0.2731,0.0084,1,1,90,1,2026-08-19T06:20:42.475339+00:00,2026-08-19T06:20:53.817897+00:00
31,748,Mundle,18,MID,45,0.4848,0.9874,0.1,0.198,0.1088,0.0,1,0,0,0,2026-08-19T06:20:42.475339+00:00,2026-08-19T06:20:53.817897+00:00
31,758,Abbott,18,MID,45,0.4788,0.9958,0.1,0.198,0.1088,0.0,1,0,0,0,2026-08-19T06:20:42.475339+00:00,2026-08-19T06:20:53.817897+00:00
31,764,Craig,18,MID,45,0.4588,0.952,0.1,0.198,0.1088,0.0008,1,,,,2026-08-19T06:20:42.475339+00:00,
31,777,Alonso,18,MID,45,0.4992,1.0446,0.1,0.198,0.1088,0.0008,1,,,,2026-08-19T06:20:42.475339+00:00,
31,30,Ings,19,FWD,64,2.0968,2.5218,0.48,0.1456,0.458,0.0144,1,0,0,0,2026-08-19T06:20:42.475339+00:00,2026-08-19T06:20:53.817897+00:00
31,455,Fabianski,19,GKP,49,3.5344,2.3004,0.9,0.008,0.8376,0.0012,1,2,90,1,2026-08-19T06:20:42.475339+00:00,2026-08-19T06:20:53.817897+00:00
31,456,Ogbonna,19,DEF,44,0.8972,1.7141,0.22,0.1716,0.2183,0.002,1,0,0,0,2026-08-19T06:20:42.475339+00:00,2026-08-19T06:20:53.817897+00:00
31,457,Cresswell,19,DEF,47,2.354,2.3613,0.68,0.0576,0.637,0.0036,1,0,90,1,2026-08-19T06:20:42.475339+00:00,2026-08-19T06:20:53.817897+00:00
31,458,Antonio,19,FWD,70,1.6124,1.9328,0.48,0.1456,0.458,0.0092,1,2,87,1,2026-08-19T06:20:42.475339+00:00,2026-08-19T06:20:53.817897+00:00
31,460,Lanzini,19,MID,50,0.7884,1.689,0.18,0.1804,0.1818,0.006,1,0,0,0,2026-08-19T06:20:42.475339+00:00,2026-08-19T06:20:53.817897+00:00
31,461,Zouma,19,DEF,44,0.896,1.7749,0.22,0.1404,0.2158,0.0024,1,1,90,1,2026-08-19T06:20:42.475339+00:00,2026-08-19T06:20:53.817897+00:00
31,462,Masuaku,19,DEF,45,0,0,0.0,0.0,0.0,0,1,0,0,0,2026-08-19T06:20:42.475339+00:00,2026-08-19T06:20:53.817897+00:00
31,463,Coufal,19,DEF,40,0.7248,1.5141,0.22,0.1404,0.2158,0.0012,1,1,90,1,2026-08-19T06:20:42.475339+00:00,2026-08-19T06:20:53.817897+00:00
31,464,Benrahma,19,MID,55,2.5248,2.6352,0.68,0.0576,0.637,0.0212,1,7,90,1,2026-08-19T06:20:42.475339+00:00,2026-08-19T06:20:53.817897+00:00
31,465,Bowen,19,MID,80,2.8684,2.3554,0.82,0.0324,0.7652,0.0168,1,7,90,1,2026-08-19T06:20:42.475339+00:00,2026-08-19T06:20:53.817897+00:00
31,466,Vlasic,19,MID,50,0,0,0.0,0.0,0.0,0,1,0,0,0,2026-08-19T06:20:42.475339+00:00,2026-08-19T06:20:53.817897+00:00
31,467,Rice,19,MID,47,2.2968,1.4781,0.82,0.0324,0.7652,0.0004,1,2,90,1,2026-08-19T06:20:42.475339+00:00,2026-08-19T06:20:53.817897+00:00
31,468,Soucek,19,MID,50,2.146,1.3585,0.82,0.0324,0.7652,0.0012,1,2,90,1,2026-08-19T06:20:42.475339+00:00,2026-08-19T06:20:53.817897+00:00
31,469,Fornals,19,MID,49,1.5748,1.8036,0.48,0.1144,0.4556,0.0028,1,1,1,0,2026-08-19T06:20:42.475339+00:00,2026-08-19T06:20:53.817897+00:00
31,471,Johnson,19,DEF,44,0.872,1.5994,0.22,0.1716,0.2183,0.0,1,0,0,0,2026-08-19T06:20:42.475339+00:00,2026-08-19T06:20:53.817897+00:00
31,472,Aguerd,19,DEF,48,1.8508,2.5379,0.48,0.1144,0.4556,0.0172,1,0,0,0,2026-08-19T06:20:42.475339+00:00,2026-08-19T06:20:53.817897+00:00
31,473,Areola,19,GKP,43,0.1744,0.7931,0.04,0.0384,0.0403,0.0,1,0,0,0,2026-08-19T06:20:42.475339+00:00,2026-08-19T06:20:53.817897+00:00
31,509,Downes,19,MID,42,0.8204,1.2627,0.28,0.1584,0.2731,0.0008,1,1,3,0,2026-08-19T06:20:42.475339+00:00,2026-08-19T06:20:53.817897+00:00
31,529,Scamacca,19,FWD,66,0,0,0.0,0.0,0.0,0,1,0,0,0,2026-08-19T06:20:42.475339+00:00,2026-08-19T06:20:53.817897+00:00
31,545,Emerson,19,DEF,40,0.544,1.2961,0.11,0.1958,0.118,0.0008,1,0,0,0,2026-08-19T06:20:42.475339+00:00,2026-08-19T06:20:53.817897+00:00
31,556,Coventry,19,MID,44,0,0,0.0,0.0,0.0,0,1,0,0,0,2026-08-19T06:20:42.475339+00:00,2026-08-19T06:20:53.817897+00:00
31,572,Oko-Flex,19,MID,44,0,0,0.0,0.0,0.0,0,1,0,0,0,2026-08-19T06:20:42.475339+00:00,2026-08-19T06:20:53.817897+00:00
31,575,Cornet,19,MID,59,1.648,2.0975,0.45,0.154,0.4308,0.008,1,1,3,0,2026-08-19T06:20:42.475339+00:00,2026-08-19T06:20:53.817897+00:00
31,588,Kehrer,19,DEF,43,0.7456,1.4801,0.22,0.1404,0.2158,0.0,1,4,90,1,2026-08-19T06:20:42.475339+00:00,2026-08-19T06:20:53.817897+00:00
31,603,Paquetá,19,MID,59,2.5344,2.3747,0.68,0.0896,0.6396,0.0152,1,5,86,1,2026-08-19T06:20:42.475339+00:00,2026-08-19T06:20:53.817897+00:00
31,669,Mubama,19,FWD,45,0.4372,0.8949,0.1,0.198,0.1088,0.0008,1,0,0,0,2026-08-19T06:20:42.475339+00:00,2026-08-19T06:20:53.817897+00:00
31,739,Anang,19,GKP,40,0.1764,0.8148,0.04,0.0384,0.0403,0.0,1,0,0,0,2026-08-19T06:20:42.475339+00:00,2026-08-19T06:20:53.817897+00:00
31,740,Hegyi,19,GKP,39,0.1652,0.8028,0.04,0.0384,0.0403,0.0,1,0,0,0,2026-08-19T06:20:42.475339+00:00,2026-08-19T06:20:53.817897+00:00
31,746,Casey,19,DEF,40,0.5536,1.3965,0.1,0.198,0.1088,0.0024,1,0,0,0,2026-08-19T06:20:42.475339+00:00,2026-08-19T06:20:53.817897+00:00
31,459,Dawson,20,DEF,48,2.3328,2.6089,0.68,0.0576,0.637,0.016,1,8,90,1,2026-08-19T06:20:42.475339+00:00,2026-08-19T06:20:53.817897+00:00
31,476,Jiménez,20,FWD,66,1.0684,1.7217,0.28,0.2016,0.2765,0.0056,1,0,0,0,2026-08-19T06:20:42.475339+00:00,2026-08-19T06:20:53.817897+00:00
31,477,Jonny,20,DEF,43,0.8184,1.5487,0.22,0.1716,0.2183,0.0,1,0,0,0,2026-08-19T06:20:42.475339+00:00,2026-08-19T06:20:53.817897+00:00
31,478,Sá,20,GKP,50,3.632,2.3497,0.9,0.008,0.8376,0.0036,1,7,90,1,2026-08-19T06:20:42.475339+00:00,2026-08-19T06:20:53.817897+00:00
31,480,Neves,20,MID,52,2.4008,1.8849,0.82,0.0324,0.7652,0.0064,1,0,0,0,2026-08-19T06:20:42.475339+00:00,2026-08-19T06:20:53.817897+00:00
31,481,Hwang,20,MID,57,1.0484,1.6577,0.28,0.2016,0.2765,0.0036,1,6,26,0,2026-08-19T06:20:42.475339+00:00,2026-08-19T06:20:53.817897+00:00
31,482,Semedo,20,DEF,50,2.1992,2.3434,0.68,0.0576,0.637,0.006,1,6,90,1,2026-08-19T06:20:42.475339+00:00,2026-08-19T06:20:53.817897+00:00
31,483,Podence,20,MID,52,2.2024,2.1166,0.68,0.0576,0.637,0.008,1,0,0,0,2026-08-19T06:20:42.475339+00:00,2026-08-19T06:20:53.817897+00:00
31,484,Kilman,20,DEF,43,0.8792,1.7263,0.22,0.1404,0.2158,0.002,1,6,90,1,2026-08-19T06:20:42.475339+00:00,2026-08-19T06:20:53.817897+00:00
31,485,Cundle,20,MID,44,0,0,0.0,0.0,0.0,0,1,0,0,0,2026-08-19T06:20:42.475339+00:00,2026-08-19T06:20:53.817897+00:00
31,486,Neto,20,MID,49,0.8924,1.3446,0.28,0.1584,0.2731,0.0008,1,1,1,0,2026-08-19T06:20:42.475339+00:00,2026-08-19T06:20:53.817897+00:00
31,487,Aït-Nouri,20,DEF,42,0.7724,1.5857,0.22,0.1716,0.2183,0.0032,1,0,0,0,2026-08-19T06:20:42.475339+00:00,2026-08-19T06:20:53.817897+00:00
31,488,Fabio Silva,20,FWD,55,0,0,0.0,0.0,0.0,0,1,0,0,0,2026-08-19T06:20:42.475339+00:00,2026-08-19T06:20:53.817897+00:00
31,489,Toti,20,DEF,38,0.8312,1.6101,0.22,0.1716,0.2183,0.0004,1,6,90,1,2026-08-19T06:20:42.475339+00:00,2026-08-19T06:20:53.817897+00:00
31,490,Chiquinho,20,MID,50,0,0,0.0,0.0,0.0,0,1,0,0,0,2026-08-19T06:20:42.475339+00:00,2026-08-19T06:20:53.817897+00:00
31,491,Adama,20,MID,54,1.7064,2.0221,0.48,0.1144,0.4556,0.0072,1,1,17,0,2026-08-19T06:20:42.475339+00:00,2026-08-19T06:20:53.817897+00:00
31,492,Šarkić,20,GKP,39,0,0,0.0,0.0,0.0,0,1,0,0,0,2026-08-19T06:20:42.475339+00:00,2026-08-19T06:20:53.817897+00:00
31,494,Mosquera,20,DEF,39,0,0,0.0,0.0,0.0,0,1,0,0,0,2026-08-19T06:20:42.475339+00:00,2026-08-19T06:20:53.817897+00:00
31,503,Moutinho,20,MID,46,1.8192,1.4943,0.68,0.0576,0.637,0.0012,1,1,17,0,2026-08-19T06:20:42.475339+00:00,2026-08-19T06:20:53.817897+00:00
31,516,Collins,20,DEF,43,0.8868,1.7263,0.22,0.1404,0.2158,0.0012,1,0,0,0,2026-08-19T06:20:42.475339+00:00,2026-08-19T06:20:53.817897+00:00
31,557,Smith,20,GKP,39,0,0,0.0,0.0,0.0,0,1,0,0,0,2026-08-19T06:20:42.475339+00:00,2026-08-19T06:20:53.817897+00:00
31,558,Bueno,20,DEF,38,0.9008,1.7102,0.22,0.1716,0.2183,0.0012,1,1,1,0,2026-08-19T06:20:42.475339+00:00,2026-08-19T06:20:53.817897+00:00
31,566,Hodge,20,MID,43,0.4728,0.9436,0.1,0.198,0.1088,0.0004,1,0,0,0,2026-08-19T06:20:42.475339+00:00,2026-08-19T06:20:53.817897+00:00
31,567,Ronan,20,MID,44,0,0,0.0,0.0,0.0,0,1,0,0,0,2026-08-19T06:20:42.475339+00:00,2026-08-19T06:20:53.817897+00:00
31,568,Campbell,20,MID,44,0,0,0.0,0.0,0.0,0,1,0,0,0,2026-08-19T06:20:42.475339+00:00,2026-08-19T06:20:53.817897+00:00
31,579,Guedes,20,MID,58,0,0,0.0,0.0,0.0,0,1,0,0,0,2026-08-19T06:20:42.475339+00:00,2026-08-19T06:20:53.817897+00:00
31,589,Matheus,20,MID,48,2.0332,1.7368,0.68,0.0576,0.637,0.002,1,3,90,1,2026-08-19T06:20:42.475339+00:00,2026-08-19T06:20:53.817897+00:00
31,608,Kalajdžić,20,FWD,53,0,0,0.0,0.0,0.0,0,1,0,0,0,2026-08-19T06:20:42.475339+00:00,2026-08-19T06:20:53.817897+00:00
31,625,Diego Costa,20,FWD,53,0.8388,1.3359,0.28,0.1584,0.2731,0.0012,1,9,72,1,2026-08-19T06:20:42.475339+00:00,2026-08-19T06:20:53.817897+00:00
31,629,Traoré,20,MID,43,0.9036,1.3383,0.28,0.1584,0.2731,0.0,1,0,0,0,2026-08-19T06:20:42.475339+00:00,2026-08-19T06:20:53.817897+00:00
31,657,Fraser,20,FWD,45,0.4332,0.8599,0.1,0.198,0.1088,0.0,1,0,0,0,2026-08-19T06:20:42.475339+00:00,2026-08-19T06:20:53.817897+00:00
31,658,Griffiths,20,MID,44,0.4788,1.0433,0.1,0.198,0.1088,0.0004,1,0,0,0,2026-08-19T06:20:42.475339+00:00,2026-08-19T06:20:53.817897+00:00
31,664,Lembikisa,20,DEF,40,0.5128,1.2235,0.1,0.198,0.1088,0.0008,1,0,0,0,2026-08-19T06:20:42.475339+00:00,2026-08-19T06:20:53.817897+00:00
31,682,Cunha,20,FWD,53,1.0936,1.6808,0.28,0.1584,0.2731,0.0024,1,2,88,1,2026-08-19T06:20:42.475339+00:00,2026-08-19T06:20:53.817897+00:00
31,698,Lemina,20,MID,45,1.3316,1.4659,0.48,0.1144,0.4556,0.0,1,3,88,1,2026-08-19T06:20:42.475339+00:00,2026-08-19T06:20:53.817897+00:00
31,704,Sarabia,20,MID,52,1.196,2.1429,0.28,0.1584,0.2731,0.008,1,3,63,1,2026-08-19T06:20:42.475339+00:00,2026-08-19T06:20:53.817897+00:00
31,717,Bentley,20,GKP,40,0.1876,0.7714,0.04,0.0384,0.0403,0.0,1,0,0,0,2026-08-19T06:20:42.475339+00:00,2026-08-19T06:20:53.817897+00:00
31,721,João Gomes,20,MID,45,0.458,0.9247,0.1,0.198,0.1088,0.0,1,2,72,1,2026-08-19T06:20:42.475339+00:00,2026-08-19T06:20:53.817897+00:00
