gw,player_id,web_name,team_id,position,now_cost,mu,sigma,p_start,p_sub,p_60,p_10_plus,n_fixtures,actual_points,actual_minutes,did_start,captured_at,scored_at
33,3,Xhaka,1,MID,49,2.4528,1.7454,0.82,0.0324,0.7652,0.004,1,1,59,1,2026-08-19T06:20:45.230144+00:00,2026-08-19T06:20:53.875890+00:00
33,4,Elneny,1,MID,41,0,0,0.0,0.0,0.0,0,1,0,0,0,2026-08-19T06:20:45.230144+00:00,2026-08-19T06:20:53.875890+00:00
33,5,Holding,1,DEF,42,0.7348,1.4113,0.22,0.1716,0.2183,0.0004,1,6,90,1,2026-08-19T06:20:45.230144+00:00,2026-08-19T06:20:53.875890+00:00
33,6,Partey,1,MID,47,2.422,1.8237,0.82,0.0324,0.7652,0.0064,1,1,90,1,2026-08-19T06:20:45.230144+00:00,2026-08-19T06:20:53.875890+00:00
33,7,Ødegaard,1,MID,67,3.4804,2.7785,0.82,0.0324,0.7652,0.03,1,2,70,1,2026-08-19T06:20:45.230144+00:00,2026-08-19T06:20:53.875890+00:00
33,8,Tierney,1,DEF,46,0.8984,1.5991,0.28,0.1584,0.2731,0.002,1,0,0,0,2026-08-19T06:20:45.230144+00:00,2026-08-19T06:20:53.875890+00:00
33,9,Pépé,1,MID,53,0,0,0.0,0.0,0.0,0,1,0,0,0,2026-08-19T06:20:45.230144+00:00,2026-08-19T06:20:53.875890+00:00
33,10,White,1,DEF,50,2.596,2.408,0.82,0.0324,0.7652,0.0108,1,0,90,1,2026-08-19T06:20:45.230144+00:00,2026-08-19T06:20:53.875890+00:00
33,11,Nketiah,1,FWD,64,2.118,2.6162,0.48,0.1456,0.458,0.0244,1,1,10,0,2026-08-19T06:20:45.230144+00:00,2026-08-19T06:20:53.875890+00:00
33,12,Smith Rowe,1,MID,56,1.47,1.7248,0.45,0.154,0.4308,0.002,1,1,19,0,2026-08-19T06:20:45.230144+00:00,2026-08-19T06:20:53.875890+00:00
33,13,Saka,1,MID,84,1.824,2.4626,0.45,0.099,0.4264,0.014,1,2,79,1,2026-08-19T06:20:45.230144+00:00,2026-08-19T06:20:53.875890+00:00
33,14,Tomiyasu,1,DEF,42,0,0,0.0,0.0,0.0,0,1,0,0,0,2026-08-19T06:20:45.230144+00:00,2026-08-19T06:20:53.875890+00:00
33,15,Ramsdale,1,GKP,49,2.8028,2.0177,0.9,0.008,0.8376,0.0,1,1,90,1,2026-08-19T06:20:45.230144+00:00,2026-08-19T06:20:53.875890+00:00
33,16,Gabriel,1,DEF,53,2.8708,2.4874,0.9,0.018,0.8384,0.0148,1,0,90,1,2026-08-19T06:20:45.230144+00:00,2026-08-19T06:20:53.875890+00:00
33,17,Tavares,1,DEF,45,0,0,0.0,0.0,0.0,0,1,0,0,0,2026-08-19T06:20:45.230144+00:00,2026-08-19T06:20:53.875890+00:00
33,19,Martinelli,1,MID,69,0,0,0.0,0.0,0.0,0,1,1,59,1,2026-08-19T06:20:45.230144+00:00,2026-08-19T06:20:53.875890+00:00
33,20,Pablo Marí,1,DEF,45,0,0,0.0,0.0,0.0,0,1,0,0,0,2026-08-19T06:20:45.230144+00:00,2026-08-19T06:20:53.875890+00:00
33,22,Torreira,1,MID,45,0,0,0.0,0.0,0.0,0,1,0,0,0,2026-08-19T06:20:45.230144+00:00,2026-08-19T06:20:53.875890+00:00
33,23,Nelson,1,MID,47,0.4704,0.9757,0.09,0.2002,0.0997,0.0,1,1,10,0,2026-08-19T06:20:45.230144+00:00,2026-08-19T06:20:53.875890+00:00
33,24,Turner,1,GKP,38,0.1552,0.7173,0.04,0.0384,0.0403,0.0,1,0,0,0,2026-08-19T06:20:45.230144+00:00,2026-08-19T06:20:53.875890+00:00
33,25,Fábio Vieira,1,MID,56,1.1676,1.6854,0.28,0.2016,0.2765,0.002,1,0,0,0,2026-08-19T06:20:45.230144+00:00,2026-08-19T06:20:53.875890+00:00
33,26,Saliba,1,DEF,50,0,0,0.0,0.0,0.0,0,1,0,0,0,2026-08-19T06:20:45.230144+00:00,2026-08-19T06:20:53.875890+00:00
33,27,Marquinhos,1,MID,46,0,0,0.0,0.0,0.0,0,1,0,0,0,2026-08-19T06:20:45.230144+00:00,2026-08-19T06:20:53.875890+00:00
33,28,Jesus,1,FWD,82,2.532,2.512,0.68,0.0576,0.637,0.0176,1,2,80,1,2026-08-19T06:20:45.230144+00:00,2026-08-19T06:20:53.875890+00:00
33,111,Trossard,1,MID,67,1.2292,1.8628,0.34,0.1188,0.3257,0.0028,1,4,30,0,2026-08-19T06:20:45.230144+00:00,2026-08-19T06:20:53.875890+00:00
33,130,Jorginho,1,MID,57,1.7248,1.3929,0.68,0.0576,0.637,0.0,1,1,30,0,2026-08-19T06:20:45.230144+00:00,2026-08-19T06:20:53.875890+00:00
33,313,Zinchenko,1,DEF,52,0,0,0.0,0.0,0.0,0,1,0,90,1,2026-08-19T06:20:45.230144+00:00,2026-08-19T06:20:53.875890+00:00
33,607,Smith,1,MID,44,0.4496,0.9773,0.1,0.198,0.1088,0.0012,1,0,0,0,2026-08-19T06:20:45.230144+00:00,2026-08-19T06:20:53.875890+00:00
33,630,Nwaneri,1,MID,45,0,0,0.0,0.0,0.0,0,1,0,0,0,2026-08-19T06:20:45.230144+00:00,2026-08-19T06:20:53.875890+00:00
33,631,Sousa,1,DEF,40,0.4816,1.1533,0.1,0.198,0.1088,0.0,1,0,0,0,2026-08-19T06:20:45.230144+00:00,2026-08-19T06:20:53.875890+00:00
33,655,Hein,1,GKP,39,0.1424,0.6974,0.04,0.0384,0.0403,0.0,1,0,0,0,2026-08-19T06:20:45.230144+00:00,2026-08-19T06:20:53.875890+00:00
33,668,Cozier-Duberry,1,MID,45,0.4616,0.9479,0.1,0.198,0.1088,0.0004,1,0,0,0,2026-08-19T06:20:45.230144+00:00,2026-08-19T06:20:53.875890+00:00
33,685,Butler-Oyedeji,1,FWD,45,0,0,0.0,0.0,0.0,0,1,0,0,0,2026-08-19T06:20:45.230144+00:00,2026-08-19T06:20:53.875890+00:00
33,710,Kiwior,1,DEF,40,0.4464,1.0425,0.1,0.198,0.1088,0.0,1,0,0,0,2026-08-19T06:20:45.230144+00:00,2026-08-19T06:20:53.875890+00:00
33,751,Walters,1,DEF,40,0.4812,1.1408,0.1,0.198,0.1088,0.0004,1,0,0,0,2026-08-19T06:20:45.230144+00:00,2026-08-19T06:20:53.875890+00:00
33,767,Bandeira,1,MID,45,0.4432,0.913,0.1,0.198,0.1088,0.0004,1,,,,2026-08-19T06:20:45.230144+00:00,
33,29,Coutinho,2,MID,66,0,0,0.0,0.0,0.0,0,1,0,0,0,2026-08-19T06:20:45.230144+00:00,2026-08-19T06:20:53.875890+00:00
33,31,Martínez,2,GKP,50,3.528,2.4039,0.9,0.008,0.8376,0.0036,1,5,90,1,2026-08-19T06:20:45.230144+00:00,2026-08-19T06:20:53.875890+00:00
33,32,Chambers,2,DEF,42,0.8488,1.6728,0.22,0.1716,0.2183,0.002,1,1,5,0,2026-08-19T06:20:45.230144+00:00,2026-08-19T06:20:53.875890+00:00
33,33,Digne,2,DEF,46,1.6376,2.1964,0.48,0.1144,0.4556,0.0048,1,1,13,0,2026-08-19T06:20:45.230144+00:00,2026-08-19T06:20:53.875890+00:00
33,34,Traoré,2,MID,49,0.7072,1.4005,0.18,0.1804,0.1818,0.0024,1,0,13,0,2026-08-19T06:20:45.230144+00:00,2026-08-19T06:20:53.875890+00:00
33,35,Olsen,2,GKP,39,0.176,0.8137,0.04,0.0384,0.0403,0.0,1,0,0,0,2026-08-19T06:20:45.230144+00:00,2026-08-19T06:20:53.875890+00:00
33,36,Sanson,2,MID,43,0,0,0.0,0.0,0.0,0,1,0,0,0,2026-08-19T06:20:45.230144+00:00,2026-08-19T06:20:53.875890+00:00
33,37,McGinn,2,MID,51,2.2416,1.6856,0.82,0.0324,0.7652,0.0048,1,6,90,1,2026-08-19T06:20:45.230144+00:00,2026-08-19T06:20:53.875890+00:00
33,38,Hause,2,DEF,44,0,0,0.0,0.0,0.0,0,1,0,0,0,2026-08-19T06:20:45.230144+00:00,2026-08-19T06:20:53.875890+00:00
33,39,Mings,2,DEF,46,2.81,2.343,0.82,0.0324,0.7652,0.0032,1,15,90,1,2026-08-19T06:20:45.230144+00:00,2026-08-19T06:20:53.875890+00:00
33,40,Watkins,2,FWD,77,3.4044,2.665,0.82,0.0324,0.7652,0.0324,1,2,90,1,2026-08-19T06:20:45.230144+00:00,2026-08-19T06:20:53.875890+00:00
33,41,Nakamba,2,MID,43,0,0,0.0,0.0,0.0,0,1,0,0,0,2026-08-19T06:20:45.230144+00:00,2026-08-19T06:20:53.875890+00:00
33,42,Buendía,2,MID,57,3.238,2.5664,0.82,0.0324,0.7652,0.024,1,3,90,1,2026-08-19T06:20:45.230144+00:00,2026-08-19T06:20:53.875890+00:00
33,43,Cash,2,DEF,46,2.1804,2.1957,0.68,0.0576,0.637,0.0016,1,0,0,0,2026-08-19T06:20:45.230144+00:00,2026-08-19T06:20:53.875890+00:00
33,44,Konsa,2,DEF,44,0.8012,1.6269,0.22,0.1404,0.2158,0.0012,1,8,90,1,2026-08-19T06:20:45.230144+00:00,2026-08-19T06:20:53.875890+00:00
33,45,Bailey,2,MID,43,2.4664,2.4568,0.68,0.0576,0.637,0.012,1,0,0,0,2026-08-19T06:20:45.230144+00:00,2026-08-19T06:20:53.875890+00:00
33,46,Douglas Luiz,2,MID,48,2.6472,1.9844,0.82,0.0324,0.7652,0.0064,1,3,90,1,2026-08-19T06:20:45.230144+00:00,2026-08-19T06:20:53.875890+00:00
33,47,Ramsey,2,MID,53,2.6976,2.0542,0.82,0.0324,0.7652,0.0068,1,3,76,1,2026-08-19T06:20:45.230144+00:00,2026-08-19T06:20:53.875890+00:00
33,49,Iroegbunam,2,MID,45,0,0,0.0,0.0,0.0,0,1,0,0,0,2026-08-19T06:20:45.230144+00:00,2026-08-19T06:20:53.875890+00:00
33,50,Diego Carlos,2,DEF,47,0.7304,1.4949,0.18,0.1804,0.1818,0.0012,1,0,0,0,2026-08-19T06:20:45.230144+00:00,2026-08-19T06:20:53.875890+00:00
33,51,El Ghazi,2,MID,48,0,0,0.0,0.0,0.0,0,1,0,0,0,2026-08-19T06:20:45.230144+00:00,2026-08-19T06:20:53.875890+00:00
33,52,Davis,2,FWD,54,0,0,0.0,0.0,0.0,0,1,0,0,0,2026-08-19T06:20:45.230144+00:00,2026-08-19T06:20:53.875890+00:00
33,53,Kamara,2,MID,48,1.6764,1.3867,0.68,0.0576,0.637,0.0,1,0,0,0,2026-08-19T06:20:45.230144+00:00,2026-08-19T06:20:53.875890+00:00
33,54,Archer,2,FWD,42,0,0,0.0,0.0,0.0,0,1,0,0,0,2026-08-19T06:20:45.230144+00:00,2026-08-19T06:20:53.875890+00:00
33,55,Philogene-Bidace,2,MID,45,0,0,0.0,0.0,0.0,0,1,0,0,0,2026-08-19T06:20:45.230144+00:00,2026-08-19T06:20:53.875890+00:00
33,56,Guilbert,2,DEF,39,0,0,0.0,0.0,0.0,0,1,0,0,0,2026-08-19T06:20:45.230144+00:00,2026-08-19T06:20:53.875890+00:00
33,479,Dendoncker,2,MID,47,0.8692,1.2371,0.28,0.1584,0.2731,0.0004,1,3,90,1,2026-08-19T06:20:45.230144+00:00,2026-08-19T06:20:53.875890+00:00
33,525,Augustinsson,2,DEF,43,0,0,0.0,0.0,0.0,0,1,0,0,0,2026-08-19T06:20:45.230144+00:00,2026-08-19T06:20:53.875890+00:00
33,537,Kesler Hayden,2,DEF,40,0,0,0.0,0.0,0.0,0,1,0,0,0,2026-08-19T06:20:45.230144+00:00,2026-08-19T06:20:53.875890+00:00
33,538,Young,2,DEF,43,0.8404,1.6848,0.22,0.1404,0.2158,0.0008,1,5,84,1,2026-08-19T06:20:45.230144+00:00,2026-08-19T06:20:53.875890+00:00
33,638,Bogarde,2,DEF,40,0,0,0.0,0.0,0.0,0,1,0,0,0,2026-08-19T06:20:45.230144+00:00,2026-08-19T06:20:53.875890+00:00
33,670,Marschall,2,GKP,40,0,0,0.0,0.0,0.0,0,1,0,0,0,2026-08-19T06:20:45.230144+00:00,2026-08-19T06:20:53.875890+00:00
33,672,Kadan Young,2,MID,45,0,0,0.0,0.0,0.0,0,1,0,0,0,2026-08-19T06:20:45.230144+00:00,2026-08-19T06:20:53.875890+00:00
33,694,Álex Moreno,2,DEF,45,0,0,0.0,0.0,0.0,0,1,7,76,1,2026-08-19T06:20:45.230144+00:00,2026-08-19T06:20:53.875890+00:00
33,707,Sinisalo,2,GKP,40,0.1768,0.8358,0.04,0.0384,0.0403,0.0,1,0,0,0,2026-08-19T06:20:45.230144+00:00,2026-08-19T06:20:53.875890+00:00
33,711,Durán,2,FWD,55,1.3908,1.7752,0.45,0.154,0.4308,0.004,1,0,0,0,2026-08-19T06:20:45.230144+00:00,2026-08-19T06:20:53.875890+00:00
33,744,Swinkels,2,DEF,40,0.5288,1.264,0.1,0.198,0.1088,0.0016,1,0,0,0,2026-08-19T06:20:45.230144+00:00,2026-08-19T06:20:53.875890+00:00
33,745,Zych,2,GKP,40,0.1764,0.8342,0.04,0.0384,0.0403,0.0,1,0,0,0,2026-08-19T06:20:45.230144+00:00,2026-08-19T06:20:53.875890+00:00
33,753,Wright,2,GKP,40,0.1712,0.7857,0.04,0.0384,0.0403,0.0,1,0,0,0,2026-08-19T06:20:45.230144+00:00,2026-08-19T06:20:53.875890+00:00
33,754,Revan,2,DEF,40,0.5528,1.3302,0.1,0.198,0.1088,0.0008,1,0,0,0,2026-08-19T06:20:45.230144+00:00,2026-08-19T06:20:53.875890+00:00
33,755,Patterson,2,MID,45,0.504,1.045,0.1,0.198,0.1088,0.0008,1,0,0,0,2026-08-19T06:20:45.230144+00:00,2026-08-19T06:20:53.875890+00:00
33,761,O'Reilly,2,MID,45,0.4348,0.922,0.1,0.198,0.1088,0.0004,1,0,0,0,2026-08-19T06:20:45.230144+00:00,2026-08-19T06:20:53.875890+00:00
33,57,Smith,3,DEF,43,0.6284,1.3269,0.22,0.1404,0.2158,0.0,1,1,12,0,2026-08-19T06:20:45.230144+00:00,2026-08-19T06:20:53.875890+00:00
33,58,Stanislas,3,MID,48,0,0,0.0,0.0,0.0,0,1,0,0,0,2026-08-19T06:20:45.230144+00:00,2026-08-19T06:20:53.875890+00:00
33,59,Fredericks,3,DEF,44,0,0,0.0,0.0,0.0,0,1,0,0,0,2026-08-19T06:20:45.230144+00:00,2026-08-19T06:20:53.875890+00:00
33,60,Brooks,3,MID,53,0.7344,1.3365,0.18,0.1804,0.1818,0.0,1,0,0,0,2026-08-19T06:20:45.230144+00:00,2026-08-19T06:20:53.875890+00:00
33,61,Lowe,3,MID,52,0,0,0.0,0.0,0.0,0,1,0,0,0,2026-08-19T06:20:45.230144+00:00,2026-08-19T06:20:53.875890+00:00
33,62,Moore,3,FWD,49,1.392,1.6616,0.48,0.1144,0.4556,0.0012,1,1,1,0,2026-08-19T06:20:45.230144+00:00,2026-08-19T06:20:53.875890+00:00
33,63,Marcondes,3,MID,47,0,0,0.0,0.0,0.0,0,1,0,0,0,2026-08-19T06:20:45.230144+00:00,2026-08-19T06:20:53.875890+00:00
33,64,Lerma,3,MID,47,2.1876,1.3292,0.9,0.018,0.8384,0.0008,1,2,90,1,2026-08-19T06:20:45.230144+00:00,2026-08-19T06:20:53.875890+00:00
33,65,Stacey,3,DEF,43,0.4312,1.0016,0.1,0.198,0.1088,0.0008,1,0,0,0,2026-08-19T06:20:45.230144+00:00,2026-08-19T06:20:53.875890+00:00
33,66,Solanke,3,FWD,56,2.774,2.1643,0.82,0.0324,0.7652,0.0116,1,5,90,1,2026-08-19T06:20:45.230144+00:00,2026-08-19T06:20:53.875890+00:00
33,67,Cook,3,MID,49,1.6728,1.3405,0.68,0.0576,0.637,0.0,1,0,0,0,2026-08-19T06:20:45.230144+00:00,2026-08-19T06:20:53.875890+00:00
33,68,Pearson,3,MID,44,0,0,0.0,0.0,0.0,0,1,0,0,0,2026-08-19T06:20:45.230144+00:00,2026-08-19T06:20:53.875890+00:00
33,69,Christie,3,MID,53,1.3616,1.5432,0.48,0.1144,0.4556,0.0012,1,3,90,1,2026-08-19T06:20:45.230144+00:00,2026-08-19T06:20:53.875890+00:00
33,70,Billing,3,MID,52,1.3976,1.8324,0.41,0.1062,0.3898,0.0016,1,3,90,1,2026-08-19T06:20:45.230144+00:00,2026-08-19T06:20:53.875890+00:00
33,71,Mepham,3,DEF,43,0.658,1.4075,0.22,0.1404,0.2158,0.0008,1,6,90,1,2026-08-19T06:20:45.230144+00:00,2026-08-19T06:20:53.875890+00:00
33,72,Travers,3,GKP,42,0.1532,0.723,0.04,0.0384,0.0403,0.0,1,0,0,0,2026-08-19T06:20:45.230144+00:00,2026-08-19T06:20:53.875890+00:00
33,73,Kelly,3,DEF,43,0.73,1.4459,0.22,0.1404,0.2158,0.0004,1,8,90,1,2026-08-19T06:20:45.230144+00:00,2026-08-19T06:20:53.875890+00:00
33,74,Dembélé,3,MID,47,0,0,0.0,0.0,0.0,0,1,0,0,0,2026-08-19T06:20:45.230144+00:00,2026-08-19T06:20:53.875890+00:00
33,75,Anthony,3,MID,52,1.5484,1.9165,0.48,0.1144,0.4556,0.0056,1,0,0,0,2026-08-19T06:20:45.230144+00:00,2026-08-19T06:20:53.875890+00:00
33,76,Zemura,3,DEF,43,0.7944,1.5345,0.22,0.1716,0.2183,0.0016,1,0,0,0,2026-08-19T06:20:45.230144+00:00,2026-08-19T06:20:53.875890+00:00
33,77,Dennis,3,GKP,39,0,0,0.0,0.0,0.0,0,1,0,0,0,2026-08-19T06:20:45.230144+00:00,2026-08-19T06:20:53.875890+00:00
33,404,Stephens,3,DEF,43,0.7164,1.4505,0.22,0.1716,0.2183,0.0016,1,0,0,0,2026-08-19T06:20:45.230144+00:00,2026-08-19T06:20:53.875890+00:00
33,505,Rothwell,3,MID,49,0.8312,1.2785,0.24,0.1672,0.2366,0.0,1,3,90,1,2026-08-19T06:20:45.230144+00:00,2026-08-19T06:20:53.875890+00:00
33,535,Tavernier,3,MID,47,0,0,0.0,0.0,0.0,0,1,11,77,1,2026-08-19T06:20:45.230144+00:00,2026-08-19T06:20:53.875890+00:00
33,539,Hill,3,DEF,44,0,0,0.0,0.0,0.0,0,1,0,0,0,2026-08-19T06:20:45.230144+00:00,2026-08-19T06:20:53.875890+00:00
33,571,Randolph,3,GKP,40,0.1512,0.7215,0.04,0.0384,0.0403,0.0,1,0,0,0,2026-08-19T06:20:45.230144+00:00,2026-08-19T06:20:53.875890+00:00
33,574,Neto,3,GKP,45,3.2348,2.2665,0.9,0.004,0.8373,0.0036,1,7,90,1,2026-08-19T06:20:45.230144+00:00,2026-08-19T06:20:53.875890+00:00
33,576,Senesi,3,DEF,44,0.766,1.6229,0.22,0.1404,0.2158,0.0024,1,5,67,1,2026-08-19T06:20:45.230144+00:00,2026-08-19T06:20:53.875890+00:00
33,597,Saydee,3,FWD,45,0,0,0.0,0.0,0.0,0,1,0,0,0,2026-08-19T06:20:45.230144+00:00,2026-08-19T06:20:53.875890+00:00
33,598,Bevan,3,DEF,40,0,0,0.0,0.0,0.0,0,1,0,0,0,2026-08-19T06:20:45.230144+00:00,2026-08-19T06:20:53.875890+00:00
33,649,Plain,3,GKP,40,0.1412,0.695,0.04,0.0384,0.0403,0.0,1,0,0,0,2026-08-19T06:20:45.230144+00:00,2026-08-19T06:20:53.875890+00:00
33,695,Adu-Adjei,3,FWD,45,0.4756,0.9326,0.1,0.198,0.1088,0.0,1,0,0,0,2026-08-19T06:20:45.230144+00:00,2026-08-19T06:20:53.875890+00:00
33,696,Dacosta Gonzalez,3,MID,44,0.4308,0.8342,0.1,0.198,0.1088,0.0,1,0,0,0,2026-08-19T06:20:45.230144+00:00,2026-08-19T06:20:53.875890+00:00
33,697,Sadi,3,FWD,45,0.426,0.8998,0.1,0.198,0.1088,0.0004,1,0,0,0,2026-08-19T06:20:45.230144+00:00,2026-08-19T06:20:53.875890+00:00
33,705,Ouattara,3,MID,50,1.8368,2.3085,0.48,0.1144,0.4556,0.0096,1,1,1,0,2026-08-19T06:20:45.230144+00:00,2026-08-19T06:20:53.875890+00:00
33,706,Pollock,3,FWD,45,0.4772,0.9605,0.1,0.198,0.1088,0.0,1,0,0,0,2026-08-19T06:20:45.230144+00:00,2026-08-19T06:20:53.875890+00:00
33,714,Semenyo,3,FWD,50,0,0,0.0,0.0,0.0,0,1,0,0,0,2026-08-19T06:20:45.230144+00:00,2026-08-19T06:20:53.875890+00:00
33,718,Viña,3,DEF,45,0.4748,1.1108,0.1,0.198,0.1088,0.0,1,5,90,1,2026-08-19T06:20:45.230144+00:00,2026-08-19T06:20:53.875890+00:00
33,722,Zabarnyi,3,DEF,45,0.4728,1.1247,0.1,0.198,0.1088,0.0004,1,1,22,0,2026-08-19T06:20:45.230144+00:00,2026-08-19T06:20:53.875890+00:00
33,723,H.Traorè,3,MID,45,0.5928,1.2187,0.14,0.1892,0.1453,0.0008,1,0,0,0,2026-08-19T06:20:45.230144+00:00,2026-08-19T06:20:53.875890+00:00
33,737,Greenwood,3,DEF,40,0.4632,1.0588,0.1,0.198,0.1088,0.0004,1,0,0,0,2026-08-19T06:20:45.230144+00:00,2026-08-19T06:20:53.875890+00:00
33,738,Kinsey-Wellings,3,DEF,40,0.4428,1.0796,0.1,0.198,0.1088,0.0,1,0,0,0,2026-08-19T06:20:45.230144+00:00,2026-08-19T06:20:53.875890+00:00
33,78,Jansson,4,DEF,42,0,0,0.0,0.0,0.0,0,1,0,0,0,2026-08-19T06:20:45.230144+00:00,2026-08-19T06:20:53.875890+00:00
33,79,Nørgaard,4,MID,53,0,0,0.0,0.0,0.0,0,1,0,0,0,2026-08-19T06:20:45.230144+00:00,2026-08-19T06:20:53.875890+00:00
33,80,Toney,4,FWD,76,0,0,0.0,0.0,0.0,0,1,2,82,1,2026-08-19T06:20:45.230144+00:00,2026-08-19T06:20:53.875890+00:00
33,81,Raya,4,GKP,49,3.6352,2.2953,0.9,0.008,0.8376,0.006,1,9,90,1,2026-08-19T06:20:45.230144+00:00,2026-08-19T06:20:53.875890+00:00
33,82,Canós,4,DEF,50,0,0,0.0,0.0,0.0,0,1,0,0,0,2026-08-19T06:20:45.230144+00:00,2026-08-19T06:20:53.875890+00:00
33,83,Dasilva,4,MID,41,1.3492,1.5277,0.48,0.1144,0.4556,0.0016,1,0,0,0,2026-08-19T06:20:45.230144+00:00,2026-08-19T06:20:53.875890+00:00
33,84,Ajer,4,DEF,45,0.7172,1.356,0.22,0.1716,0.2183,0.0004,1,0,0,0,2026-08-19T06:20:45.230144+00:00,2026-08-19T06:20:53.875890+00:00
33,85,Henry,4,DEF,46,2.696,2.2224,0.9,0.018,0.8384,0.0068,1,5,90,1,2026-08-19T06:20:45.230144+00:00,2026-08-19T06:20:53.875890+00:00
33,86,Janelt,4,MID,55,1.9352,1.6843,0.68,0.0576,0.637,0.0016,1,3,90,1,2026-08-19T06:20:45.230144+00:00,2026-08-19T06:20:53.875890+00:00
33,87,Ghoddos,4,MID,48,0.6108,1.1281,0.18,0.1804,0.1818,0.0004,1,0,0,0,2026-08-19T06:20:45.230144+00:00,2026-08-19T06:20:53.875890+00:00
33,88,Jensen,4,MID,48,2.5216,1.9245,0.82,0.0324,0.7652,0.0088,1,2,61,1,2026-08-19T06:20:45.230144+00:00,2026-08-19T06:20:53.875890+00:00
33,89,Wissa,4,MID,53,1.5924,1.8481,0.48,0.1144,0.4556,0.0016,1,3,61,1,2026-08-19T06:20:45.230144+00:00,2026-08-19T06:20:53.875890+00:00
33,90,Roerslev,4,DEF,43,0.6972,1.3242,0.22,0.1716,0.2183,0.0004,1,6,90,1,2026-08-19T06:20:45.230144+00:00,2026-08-19T06:20:53.875890+00:00
33,91,Bech,4,DEF,45,0,0,0.0,0.0,0.0,0,1,0,0,0,2026-08-19T06:20:45.230144+00:00,2026-08-19T06:20:53.875890+00:00
33,92,Pinnock,4,DEF,44,0.776,1.6525,0.22,0.1404,0.2158,0.0032,1,6,90,1,2026-08-19T06:20:45.230144+00:00,2026-08-19T06:20:53.875890+00:00
33,93,Onyeka,4,MID,48,0.9076,1.4048,0.28,0.1584,0.2731,0.0004,1,3,61,1,2026-08-19T06:20:45.230144+00:00,2026-08-19T06:20:53.875890+00:00
33,94,Baptiste,4,MID,45,0.7972,1.1976,0.28,0.1584,0.2731,0.0,1,4,28,0,2026-08-19T06:20:45.230144+00:00,2026-08-19T06:20:53.875890+00:00
33,95,Mbeumo,4,FWD,58,2.6132,2.0434,0.82,0.0324,0.7652,0.0092,1,6,28,0,2026-08-19T06:20:45.230144+00:00,2026-08-19T06:20:53.875890+00:00
33,96,Goode,4,DEF,39,0,0,0.0,0.0,0.0,0,1,0,0,0,2026-08-19T06:20:45.230144+00:00,2026-08-19T06:20:53.875890+00:00
33,97,Forss,4,FWD,45,0,0,0.0,0.0,0.0,0,1,0,0,0,2026-08-19T06:20:45.230144+00:00,2026-08-19T06:20:53.875890+00:00
33,98,Thompson,4,DEF,40,0,0,0.0,0.0,0.0,0,1,0,0,0,2026-08-19T06:20:45.230144+00:00,2026-08-19T06:20:53.875890+00:00
33,99,Bidstrup,4,MID,45,0,0,0.0,0.0,0.0,0,1,0,0,0,2026-08-19T06:20:45.230144+00:00,2026-08-19T06:20:53.875890+00:00
33,100,Balcombe,4,GKP,40,0,0,0.0,0.0,0.0,0,1,0,0,0,2026-08-19T06:20:45.230144+00:00,2026-08-19T06:20:53.875890+00:00
33,510,Hickey,4,DEF,49,1.6948,1.9912,0.68,0.0704,0.638,0.002,1,1,1,0,2026-08-19T06:20:45.230144+00:00,2026-08-19T06:20:53.875890+00:00
33,515,Lewis-Potter,4,MID,52,0,0,0.0,0.0,0.0,0,1,0,0,0,2026-08-19T06:20:45.230144+00:00,2026-08-19T06:20:53.875890+00:00
33,517,Strakosha,4,GKP,43,0.1724,0.7614,0.04,0.0384,0.0403,0.0,1,0,0,0,2026-08-19T06:20:45.230144+00:00,2026-08-19T06:20:53.875890+00:00
33,526,Mee,4,DEF,51,2.5964,2.1319,0.9,0.018,0.8384,0.004,1,6,90,1,2026-08-19T06:20:45.230144+00:00,2026-08-19T06:20:53.875890+00:00
33,540,Stevens,4,DEF,40,0,0,0.0,0.0,0.0,0,1,0,0,0,2026-08-19T06:20:45.230144+00:00,2026-08-19T06:20:53.875890+00:00
33,541,Dervişoğlu,4,FWD,45,0,0,0.0,0.0,0.0,0,1,0,0,0,2026-08-19T06:20:45.230144+00:00,2026-08-19T06:20:53.875890+00:00
33,580,Damsgaard,4,MID,50,0.7736,1.1834,0.28,0.1584,0.2731,0.0,1,1,28,0,2026-08-19T06:20:45.230144+00:00,2026-08-19T06:20:53.875890+00:00
33,595,Zanka,4,DEF,39,0.7236,1.464,0.22,0.1716,0.2183,0.0028,1,12,90,1,2026-08-19T06:20:45.230144+00:00,2026-08-19T06:20:53.875890+00:00
33,632,Trevitt,4,MID,44,0.4608,0.9196,0.1,0.198,0.1088,0.0,1,0,0,0,2026-08-19T06:20:45.230144+00:00,2026-08-19T06:20:53.875890+00:00
33,633,Cox,4,GKP,39,0,0,0.0,0.0,0.0,0,1,0,0,0,2026-08-19T06:20:45.230144+00:00,2026-08-19T06:20:53.875890+00:00
33,646,Crama,4,DEF,40,0.4416,1.0544,0.1,0.198,0.1088,0.0004,1,0,0,0,2026-08-19T06:20:45.230144+00:00,2026-08-19T06:20:53.875890+00:00
33,650,Yarmolyuk,4,MID,45,0.454,0.9162,0.1,0.198,0.1088,0.0,1,0,0,0,2026-08-19T06:20:45.230144+00:00,2026-08-19T06:20:53.875890+00:00
33,688,Schade,4,MID,49,1.0448,1.6757,0.28,0.1584,0.2731,0.0036,1,1,7,0,2026-08-19T06:20:45.230144+00:00,2026-08-19T06:20:53.875890+00:00
33,752,Olakigbe,4,MID,45,0.4716,0.9173,0.1,0.198,0.1088,0.0,1,0,0,0,2026-08-19T06:20:45.230144+00:00,2026-08-19T06:20:53.875890+00:00
33,101,Lallana,5,MID,48,0,0,0.0,0.0,0.0,0,1,0,0,0,2026-08-19T06:20:45.230144+00:00,2026-08-19T06:20:53.875890+00:00
33,102,Steele,5,GKP,39,0.168,0.806,0.04,0.0384,0.0403,0.0004,1,10,90,1,2026-08-19T06:20:45.230144+00:00,2026-08-19T06:20:53.875890+00:00
33,103,Welbeck,5,FWD,65,2.188,2.0521,0.68,0.0896,0.6396,0.014,1,1,17,0,2026-08-19T06:20:45.230144+00:00,2026-08-19T06:20:53.875890+00:00
33,104,Groß,5,MID,54,2.6476,1.9854,0.82,0.0324,0.7652,0.008,1,0,90,1,2026-08-19T06:20:45.230144+00:00,2026-08-19T06:20:53.875890+00:00
33,106,Dunk,5,DEF,48,2.4512,2.2834,0.82,0.0324,0.7652,0.0076,1,1,90,1,2026-08-19T06:20:45.230144+00:00,2026-08-19T06:20:53.875890+00:00
33,107,March,5,MID,52,1.6536,2.2383,0.41,0.1062,0.3898,0.0084,1,5,90,1,2026-08-19T06:20:45.230144+00:00,2026-08-19T06:20:53.875890+00:00
33,108,Webster,5,DEF,45,0.7364,1.4485,0.22,0.1404,0.2158,0.0004,1,0,0,0,2026-08-19T06:20:45.230144+00:00,2026-08-19T06:20:53.875890+00:00
33,109,Veltman,5,DEF,46,2.0888,2.3646,0.68,0.0576,0.637,0.0132,1,0,0,0,2026-08-19T06:20:45.230144+00:00,2026-08-19T06:20:53.875890+00:00
33,113,Sánchez,5,GKP,45,2.9016,2.1676,0.9,0.004,0.8373,0.0012,1,0,0,0,2026-08-19T06:20:45.230144+00:00,2026-08-19T06:20:53.875890+00:00
33,114,Lamptey,5,DEF,42,0,0,0.0,0.0,0.0,0,1,0,0,0,2026-08-19T06:20:45.230144+00:00,2026-08-19T06:20:53.875890+00:00
33,115,Alzate,5,MID,44,0,0,0.0,0.0,0.0,0,1,0,0,0,2026-08-19T06:20:45.230144+00:00,2026-08-19T06:20:53.875890+00:00
33,116,Mac Allister,5,MID,55,3.1072,2.6739,0.82,0.0324,0.7652,0.0256,1,2,90,1,2026-08-19T06:20:45.230144+00:00,2026-08-19T06:20:53.875890+00:00
33,117,Moder,5,MID,44,0,0,0.0,0.0,0.0,0,1,0,0,0,2026-08-19T06:20:45.230144+00:00,2026-08-19T06:20:53.875890+00:00
33,118,Mwepu,5,MID,53,0,0,0.0,0.0,0.0,0,1,0,0,0,2026-08-19T06:20:45.230144+00:00,2026-08-19T06:20:53.875890+00:00
33,119,Sarmiento,5,MID,45,0,0,0.0,0.0,0.0,0,1,0,0,0,2026-08-19T06:20:45.230144+00:00,2026-08-19T06:20:53.875890+00:00
33,120,Caicedo,5,MID,50,1.83,1.2452,0.82,0.0324,0.7652,0.0008,1,2,90,1,2026-08-19T06:20:45.230144+00:00,2026-08-19T06:20:53.875890+00:00
33,121,Richards,5,MID,45,0,0,0.0,0.0,0.0,0,1,0,0,0,2026-08-19T06:20:45.230144+00:00,2026-08-19T06:20:53.875890+00:00
33,122,Roberts,5,DEF,40,0,0,0.0,0.0,0.0,0,1,0,0,0,2026-08-19T06:20:45.230144+00:00,2026-08-19T06:20:53.875890+00:00
33,123,Undav,5,FWD,50,0.732,1.416,0.18,0.1804,0.1818,0.0036,1,1,15,0,2026-08-19T06:20:45.230144+00:00,2026-08-19T06:20:53.875890+00:00
33,124,Mitoma,5,MID,56,2.9184,2.7303,0.68,0.0576,0.637,0.024,1,2,90,1,2026-08-19T06:20:45.230144+00:00,2026-08-19T06:20:53.875890+00:00
33,125,Enciso,5,FWD,46,0.6604,1.2047,0.18,0.1804,0.1818,0.0008,1,2,74,1,2026-08-19T06:20:45.230144+00:00,2026-08-19T06:20:53.875890+00:00
33,126,Kozłowski,5,MID,45,0,0,0.0,0.0,0.0,0,1,0,0,0,2026-08-19T06:20:45.230144+00:00,2026-08-19T06:20:53.875890+00:00
33,149,Gilmour,5,MID,42,0.4556,0.9267,0.1,0.198,0.1088,0.0,1,0,0,0,2026-08-19T06:20:45.230144+00:00,2026-08-19T06:20:53.875890+00:00
33,542,Scherpen,5,GKP,40,0,0,0.0,0.0,0.0,0,1,0,0,0,2026-08-19T06:20:45.230144+00:00,2026-08-19T06:20:53.875890+00:00
33,543,Clarke,5,DEF,40,0,0,0.0,0.0,0.0,0,1,0,0,0,2026-08-19T06:20:45.230144+00:00,2026-08-19T06:20:53.875890+00:00
33,544,Van Hecke,5,DEF,40,0.4564,1.1654,0.1,0.198,0.1088,0.0024,1,0,0,0,2026-08-19T06:20:45.230144+00:00,2026-08-19T06:20:53.875890+00:00
33,559,Colwill,5,DEF,44,0.8904,1.6133,0.22,0.1716,0.2183,0.0016,1,1,90,1,2026-08-19T06:20:45.230144+00:00,2026-08-19T06:20:53.875890+00:00
33,586,Estupiñán,5,DEF,48,2.3328,2.453,0.68,0.0576,0.637,0.0096,1,1,72,1,2026-08-19T06:20:45.230144+00:00,2026-08-19T06:20:53.875890+00:00
33,596,Ferguson,5,FWD,46,1.1848,1.9173,0.28,0.1584,0.2731,0.0036,1,0,0,0,2026-08-19T06:20:45.230144+00:00,2026-08-19T06:20:53.875890+00:00
33,640,Turns,5,DEF,40,0,0,0.0,0.0,0.0,0,1,0,0,0,2026-08-19T06:20:45.230144+00:00,2026-08-19T06:20:53.875890+00:00
33,651,Moran,5,MID,45,0.4704,0.962,0.1,0.198,0.1088,0.0,1,0,0,0,2026-08-19T06:20:45.230144+00:00,2026-08-19T06:20:53.875890+00:00
33,652,Furlong,5,DEF,40,0,0,0.0,0.0,0.0,0,1,0,0,0,2026-08-19T06:20:45.230144+00:00,2026-08-19T06:20:53.875890+00:00
33,677,Hinshelwood,5,MID,45,0.466,0.9523,0.1,0.198,0.1088,0.0004,1,0,0,0,2026-08-19T06:20:45.230144+00:00,2026-08-19T06:20:53.875890+00:00
33,679,Buonanotte,5,MID,45,0.4948,0.9798,0.1,0.198,0.1088,0.0004,1,9,87,1,2026-08-19T06:20:45.230144+00:00,2026-08-19T06:20:53.875890+00:00
33,719,Ayari,5,MID,45,0.4868,1.013,0.1,0.198,0.1088,0.0004,1,0,0,0,2026-08-19T06:20:45.230144+00:00,2026-08-19T06:20:53.875890+00:00
33,736,Offiah,5,DEF,40,0.4652,1.0913,0.1,0.198,0.1088,0.0,1,1,2,0,2026-08-19T06:20:45.230144+00:00,2026-08-19T06:20:53.875890+00:00
33,756,McGill,5,GKP,40,0.1724,0.7913,0.04,0.0384,0.0403,0.0008,1,0,0,0,2026-08-19T06:20:45.230144+00:00,2026-08-19T06:20:53.875890+00:00
33,762,Peupion,5,MID,45,0.4412,0.8969,0.1,0.198,0.1088,0.0,1,,,,2026-08-19T06:20:45.230144+00:00,
33,765,Samuels,5,DEF,40,0,0,0.0,0.0,0.0,0,1,,,,2026-08-19T06:20:45.230144+00:00,
33,48,Chukwuemeka,6,MID,42,0.4736,0.9989,0.1,0.198,0.1088,0.0004,1,0,0,0,2026-08-19T06:20:45.230144+00:00,2026-08-19T06:20:53.875890+00:00
33,112,Cucurella,6,DEF,49,1.1744,1.8998,0.34,0.1188,0.3257,0.0008,1,0,0,0,2026-08-19T06:20:45.230144+00:00,2026-08-19T06:20:53.875890+00:00
33,127,Azpilicueta,6,DEF,47,1.6408,2.2154,0.48,0.1144,0.4556,0.0044,1,-1,45,1,2026-08-19T06:20:45.230144+00:00,2026-08-19T06:20:53.875890+00:00
33,128,Thiago Silva,6,DEF,54,2.4704,2.5168,0.68,0.0576,0.637,0.0108,1,1,90,1,2026-08-19T06:20:45.230144+00:00,2026-08-19T06:20:53.875890+00:00
33,129,Alonso,6,DEF,53,0,0,0.0,0.0,0.0,0,1,0,0,0,2026-08-19T06:20:45.230144+00:00,2026-08-19T06:20:53.875890+00:00
33,131,Barkley,6,MID,49,0,0,0.0,0.0,0.0,0,1,0,0,0,2026-08-19T06:20:45.230144+00:00,2026-08-19T06:20:53.875890+00:00
33,132,Kovacic,6,MID,49,1.0992,1.6473,0.34,0.1452,0.3278,0.0028,1,2,90,1,2026-08-19T06:20:45.230144+00:00,2026-08-19T06:20:53.875890+00:00
33,133,Arrizabalaga,6,GKP,47,3.834,2.4372,0.9,0.008,0.8376,0.0064,1,1,90,1,2026-08-19T06:20:45.230144+00:00,2026-08-19T06:20:53.875890+00:00
33,134,Kanté,6,MID,48,0.4524,0.9609,0.09,0.2002,0.0997,0.0004,1,2,90,1,2026-08-19T06:20:45.230144+00:00,2026-08-19T06:20:53.875890+00:00
33,135,Ziyech,6,MID,55,1.0412,1.6331,0.28,0.2016,0.2765,0.0028,1,0,0,0,2026-08-19T06:20:45.230144+00:00,2026-08-19T06:20:53.875890+00:00
33,136,Loftus-Cheek,6,MID,50,1.3276,1.3921,0.48,0.1144,0.4556,0.0008,1,0,0,0,2026-08-19T06:20:45.230144+00:00,2026-08-19T06:20:53.875890+00:00
33,137,Werner,6,FWD,79,0,0,0.0,0.0,0.0,0,1,0,0,0,2026-08-19T06:20:45.230144+00:00,2026-08-19T06:20:53.875890+00:00
33,138,Kenedy,6,DEF,39,0,0,0.0,0.0,0.0,0,1,0,0,0,2026-08-19T06:20:45.230144+00:00,2026-08-19T06:20:53.875890+00:00
33,139,Chilwell,6,DEF,58,1.118,2.0231,0.24,0.2128,0.2402,0.0048,1,1,90,1,2026-08-19T06:20:45.230144+00:00,2026-08-19T06:20:53.875890+00:00
33,140,Pulisic,6,MID,56,1.06,1.5167,0.28,0.2016,0.2765,0.0008,1,0,0,0,2026-08-19T06:20:45.230144+00:00,2026-08-19T06:20:53.875890+00:00
33,141,Chalobah,6,DEF,44,0.766,1.4938,0.22,0.1716,0.2183,0.0008,1,1,90,1,2026-08-19T06:20:45.230144+00:00,2026-08-19T06:20:53.875890+00:00
33,142,Mount,6,MID,72,1.1144,1.7163,0.34,0.1188,0.3257,0.0028,1,0,0,0,2026-08-19T06:20:45.230144+00:00,2026-08-19T06:20:53.875890+00:00
33,143,Sarr,6,DEF,50,0,0,0.0,0.0,0.0,0,1,0,0,0,2026-08-19T06:20:45.230144+00:00,2026-08-19T06:20:53.875890+00:00
33,144,Hudson-Odoi,6,MID,53,0,0,0.0,0.0,0.0,0,1,0,0,0,2026-08-19T06:20:45.230144+00:00,2026-08-19T06:20:53.875890+00:00
33,145,Havertz,6,FWD,74,3.2244,2.6869,0.82,0.0324,0.7652,0.0328,1,0,0,0,2026-08-19T06:20:45.230144+00:00,2026-08-19T06:20:53.875890+00:00
33,146,James,6,DEF,58,0,0,0.0,0.0,0.0,0,1,0,0,0,2026-08-19T06:20:45.230144+00:00,2026-08-19T06:20:53.875890+00:00
33,147,Mendy,6,GKP,48,0.336,1.072,0.08,0.0736,0.0803,0.0004,1,0,0,0,2026-08-19T06:20:45.230144+00:00,2026-08-19T06:20:53.875890+00:00
33,148,Gallagher,6,MID,56,1.5628,1.893,0.48,0.1456,0.458,0.004,1,1,45,1,2026-08-19T06:20:45.230144+00:00,2026-08-19T06:20:53.875890+00:00
33,150,Broja,6,FWD,52,0,0,0.0,0.0,0.0,0,1,0,0,0,2026-08-19T06:20:45.230144+00:00,2026-08-19T06:20:53.875890+00:00
33,151,Ampadu,6,DEF,44,0,0,0.0,0.0,0.0,0,1,0,0,0,2026-08-19T06:20:45.230144+00:00,2026-08-19T06:20:53.875890+00:00
33,272,W.Fofana,6,DEF,43,0.8948,1.7603,0.22,0.1716,0.2183,0.0028,1,0,90,1,2026-08-19T06:20:45.230144+00:00,2026-08-19T06:20:53.875890+00:00
33,304,Sterling,6,MID,97,1.4376,2.119,0.34,0.1848,0.331,0.0076,1,2,78,1,2026-08-19T06:20:45.230144+00:00,2026-08-19T06:20:53.875890+00:00
33,520,Koulibaly,6,DEF,55,2.2968,2.4108,0.68,0.0576,0.637,0.0072,1,0,0,0,2026-08-19T06:20:45.230144+00:00,2026-08-19T06:20:53.875890+00:00
33,606,Vale,6,MID,45,0,0,0.0,0.0,0.0,0,1,0,0,0,2026-08-19T06:20:45.230144+00:00,2026-08-19T06:20:53.875890+00:00
33,616,Zakaria,6,MID,49,0.912,1.3857,0.28,0.1584,0.2731,0.0008,1,0,0,0,2026-08-19T06:20:45.230144+00:00,2026-08-19T06:20:53.875890+00:00
33,617,Aubameyang,6,FWD,84,1.2552,2.0335,0.28,0.2016,0.2765,0.0084,1,1,45,1,2026-08-19T06:20:45.230144+00:00,2026-08-19T06:20:53.875890+00:00
33,635,Bettinelli,6,GKP,40,0.1016,0.558,0.02,0.0392,0.0217,0.0,1,0,0,0,2026-08-19T06:20:45.230144+00:00,2026-08-19T06:20:53.875890+00:00
33,653,Hutchinson,6,MID,42,0.4712,0.9683,0.1,0.198,0.1088,0.0008,1,0,0,0,2026-08-19T06:20:45.230144+00:00,2026-08-19T06:20:53.875890+00:00
33,661,Hall,6,MID,43,0.9028,1.3652,0.28,0.1584,0.2731,0.0008,1,0,0,0,2026-08-19T06:20:45.230144+00:00,2026-08-19T06:20:53.875890+00:00
33,673,Humphreys,6,DEF,45,0,0,0.0,0.0,0.0,0,1,0,0,0,2026-08-19T06:20:45.230144+00:00,2026-08-19T06:20:53.875890+00:00
33,684,D.D.Fofana,6,FWD,50,0.6804,1.2357,0.18,0.1804,0.1818,0.0004,1,0,0,0,2026-08-19T06:20:45.230144+00:00,2026-08-19T06:20:53.875890+00:00
33,689,Badiashile,6,DEF,50,1.0316,1.9702,0.24,0.1672,0.2366,0.0064,1,0,0,0,2026-08-19T06:20:45.230144+00:00,2026-08-19T06:20:53.875890+00:00
33,690,João Félix,6,FWD,73,2.1868,2.5917,0.48,0.1456,0.458,0.024,1,1,11,0,2026-08-19T06:20:45.230144+00:00,2026-08-19T06:20:53.875890+00:00
33,699,Mudryk,6,MID,65,1.1568,1.8359,0.28,0.2016,0.2765,0.004,1,1,45,1,2026-08-19T06:20:45.230144+00:00,2026-08-19T06:20:53.875890+00:00
33,702,Andrey Santos,6,MID,45,0,0,0.0,0.0,0.0,0,1,0,0,0,2026-08-19T06:20:45.230144+00:00,2026-08-19T06:20:53.875890+00:00
33,708,Madueke,6,MID,54,0.7344,1.3728,0.18,0.1804,0.1818,0.0012,1,1,11,0,2026-08-19T06:20:45.230144+00:00,2026-08-19T06:20:53.875890+00:00
33,724,Enzo,6,MID,50,1.5544,1.7905,0.48,0.1144,0.4556,0.002,1,2,78,1,2026-08-19T06:20:45.230144+00:00,2026-08-19T06:20:53.875890+00:00
33,771,Wady,6,GKP,40,0.1728,0.8362,0.04,0.0384,0.0403,0.0,1,,,,2026-08-19T06:20:45.230144+00:00,
33,775,Gilchrist,6,DEF,40,0.53,1.2439,0.1,0.198,0.1088,0.0008,1,,,,2026-08-19T06:20:45.230144+00:00,
33,18,Sambi,7,MID,43,0.8148,1.1378,0.28,0.1584,0.2731,0.0,1,1,64,1,2026-08-19T06:20:45.230144+00:00,2026-08-19T06:20:53.875890+00:00
33,152,Guaita,7,GKP,44,3.1728,2.1783,0.9,0.004,0.8373,0.0004,1,0,0,0,2026-08-19T06:20:45.230144+00:00,2026-08-19T06:20:53.875890+00:00
33,153,Tomkins,7,DEF,39,0,0,0.0,0.0,0.0,0,1,0,0,0,2026-08-19T06:20:45.230144+00:00,2026-08-19T06:20:53.875890+00:00
33,154,McArthur,7,MID,48,0.6332,1.1645,0.18,0.1804,0.1818,0.0,1,0,0,0,2026-08-19T06:20:45.230144+00:00,2026-08-19T06:20:53.875890+00:00
33,155,Benteke,7,FWD,55,0,0,0.0,0.0,0.0,0,1,0,0,0,2026-08-19T06:20:45.230144+00:00,2026-08-19T06:20:53.875890+00:00
33,156,Ward,7,DEF,44,0.7196,1.416,0.22,0.1404,0.2158,0.0,1,1,45,1,2026-08-19T06:20:45.230144+00:00,2026-08-19T06:20:53.875890+00:00
33,157,Clyne,7,DEF,45,0.7112,1.391,0.22,0.1404,0.2158,0.0008,1,0,0,0,2026-08-19T06:20:45.230144+00:00,2026-08-19T06:20:53.875890+00:00
33,158,Milivojevic,7,MID,42,0,0,0.0,0.0,0.0,0,1,1,64,1,2026-08-19T06:20:45.230144+00:00,2026-08-19T06:20:53.875890+00:00
33,159,J.Ayew,7,MID,52,2.3592,1.7284,0.82,0.0324,0.7652,0.002,1,2,90,1,2026-08-19T06:20:45.230144+00:00,2026-08-19T06:20:53.875890+00:00
33,160,Zaha,7,MID,72,0,0,0.0,0.0,0.0,0,1,0,0,0,2026-08-19T06:20:45.230144+00:00,2026-08-19T06:20:53.875890+00:00
33,161,Schlupp,7,MID,47,0,0,0.0,0.0,0.0,0,1,0,25,0,2026-08-19T06:20:45.230144+00:00,2026-08-19T06:20:53.875890+00:00
33,163,Hughes,7,MID,48,0.736,1.1291,0.28,0.1584,0.2731,0.0004,1,2,88,1,2026-08-19T06:20:45.230144+00:00,2026-08-19T06:20:53.875890+00:00
33,164,Riedewald,7,MID,42,0.4784,0.9352,0.1,0.198,0.1088,0.0,1,0,0,0,2026-08-19T06:20:45.230144+00:00,2026-08-19T06:20:53.875890+00:00
33,165,Andersen,7,DEF,45,0.6616,1.4111,0.22,0.1404,0.2158,0.0012,1,-1,45,1,2026-08-19T06:20:45.230144+00:00,2026-08-19T06:20:53.875890+00:00
33,166,Edouard,7,FWD,50,1.7064,1.5568,0.68,0.0576,0.637,0.0016,1,1,25,0,2026-08-19T06:20:45.230144+00:00,2026-08-19T06:20:53.875890+00:00
33,167,Guéhi,7,DEF,45,0.6732,1.3908,0.22,0.1404,0.2158,0.0,1,1,90,1,2026-08-19T06:20:45.230144+00:00,2026-08-19T06:20:53.875890+00:00
33,168,Mateta,7,FWD,51,0.9172,1.586,0.28,0.1584,0.2731,0.0044,1,1,1,0,2026-08-19T06:20:45.230144+00:00,2026-08-19T06:20:53.875890+00:00
33,169,Eze,7,MID,56,2.7972,2.1366,0.82,0.0324,0.7652,0.0112,1,2,90,1,2026-08-19T06:20:45.230144+00:00,2026-08-19T06:20:53.875890+00:00
33,170,Mitchell,7,DEF,44,0.7424,1.5153,0.22,0.1404,0.2158,0.002,1,1,90,1,2026-08-19T06:20:45.230144+00:00,2026-08-19T06:20:53.875890+00:00
33,171,Olise,7,MID,56,2.8076,2.0231,0.82,0.0324,0.7652,0.0068,1,2,90,1,2026-08-19T06:20:45.230144+00:00,2026-08-19T06:20:53.875890+00:00
33,172,Rak-Sakyi,7,MID,45,0,0,0.0,0.0,0.0,0,1,0,0,0,2026-08-19T06:20:45.230144+00:00,2026-08-19T06:20:53.875890+00:00
33,173,Ebiowei,7,MID,42,0,0,0.0,0.0,0.0,0,1,0,0,0,2026-08-19T06:20:45.230144+00:00,2026-08-19T06:20:53.875890+00:00
33,174,Ferguson,7,DEF,39,0,0,0.0,0.0,0.0,0,1,0,0,0,2026-08-19T06:20:45.230144+00:00,2026-08-19T06:20:53.875890+00:00
33,175,Johnstone,7,GKP,44,0.19,0.8235,0.04,0.0384,0.0403,0.0,1,0,90,1,2026-08-19T06:20:45.230144+00:00,2026-08-19T06:20:53.875890+00:00
33,495,Matthews,7,GKP,40,0,0,0.0,0.0,0.0,0,1,0,0,0,2026-08-19T06:20:45.230144+00:00,2026-08-19T06:20:53.875890+00:00
33,496,Plange,7,FWD,45,0,0,0.0,0.0,0.0,0,1,0,0,0,2026-08-19T06:20:45.230144+00:00,2026-08-19T06:20:53.875890+00:00
33,514,C.Doucouré,7,MID,50,1.8916,1.3646,0.82,0.0324,0.7652,0.0012,1,0,0,0,2026-08-19T06:20:45.230144+00:00,2026-08-19T06:20:53.875890+00:00
33,530,Richards,7,DEF,44,0.7892,1.5567,0.22,0.1716,0.2183,0.0028,1,1,90,1,2026-08-19T06:20:45.230144+00:00,2026-08-19T06:20:53.875890+00:00
33,590,Whitworth,7,GKP,40,0.166,0.7881,0.04,0.0384,0.0403,0.0,1,0,0,0,2026-08-19T06:20:45.230144+00:00,2026-08-19T06:20:53.875890+00:00
33,601,Rodney,7,MID,45,0.4608,0.9261,0.1,0.198,0.1088,0.0,1,0,0,0,2026-08-19T06:20:45.230144+00:00,2026-08-19T06:20:53.875890+00:00
33,604,Phillips,7,MID,45,0,0,0.0,0.0,0.0,0,1,0,0,0,2026-08-19T06:20:45.230144+00:00,2026-08-19T06:20:53.875890+00:00
33,634,Gordon,7,FWD,45,0,0,0.0,0.0,0.0,0,1,0,0,0,2026-08-19T06:20:45.230144+00:00,2026-08-19T06:20:53.875890+00:00
33,642,Balmer,7,DEF,40,0.4724,1.1028,0.1,0.198,0.1088,0.0008,1,0,0,0,2026-08-19T06:20:45.230144+00:00,2026-08-19T06:20:53.875890+00:00
33,644,Goodman,7,GKP,40,0.1788,0.7969,0.04,0.0384,0.0403,0.0,1,0,0,0,2026-08-19T06:20:45.230144+00:00,2026-08-19T06:20:53.875890+00:00
33,654,Wells-Morrison,7,MID,45,0.4508,0.9015,0.1,0.198,0.1088,0.0,1,0,0,0,2026-08-19T06:20:45.230144+00:00,2026-08-19T06:20:53.875890+00:00
33,676,Ozoh,7,MID,45,0.4596,0.9402,0.1,0.198,0.1088,0.0,1,0,0,0,2026-08-19T06:20:45.230144+00:00,2026-08-19T06:20:53.875890+00:00
33,725,Ahamada,7,MID,45,0.4668,0.8706,0.1,0.198,0.1088,0.0,1,0,0,0,2026-08-19T06:20:45.230144+00:00,2026-08-19T06:20:53.875890+00:00
33,766,Adaramola,7,DEF,40,0.46,1.0918,0.1,0.198,0.1088,0.0004,1,,,,2026-08-19T06:20:45.230144+00:00,
33,110,Maupay,8,FWD,56,1.6568,2.0406,0.48,0.1456,0.458,0.0092,1,0,17,0,2026-08-19T06:20:45.230144+00:00,2026-08-19T06:20:53.875890+00:00
33,176,Begović,8,GKP,39,0.1792,0.8467,0.04,0.0384,0.0403,0.0,1,0,0,0,2026-08-19T06:20:45.230144+00:00,2026-08-19T06:20:53.875890+00:00
33,177,Rondón,8,FWD,49,0,0,0.0,0.0,0.0,0,1,0,0,0,2026-08-19T06:20:45.230144+00:00,2026-08-19T06:20:53.875890+00:00
33,178,Coleman,8,DEF,42,0,0,0.0,0.0,0.0,0,1,0,0,0,2026-08-19T06:20:45.230144+00:00,2026-08-19T06:20:53.875890+00:00
33,179,Townsend,8,MID,54,0,0,0.0,0.0,0.0,0,1,0,0,0,2026-08-19T06:20:45.230144+00:00,2026-08-19T06:20:53.875890+00:00
33,180,Keane,8,DEF,42,1.0576,1.9827,0.22,0.1716,0.2183,0.0052,1,0,90,1,2026-08-19T06:20:45.230144+00:00,2026-08-19T06:20:53.875890+00:00
33,181,Dele,8,MID,53,0,0,0.0,0.0,0.0,0,1,0,0,0,2026-08-19T06:20:45.230144+00:00,2026-08-19T06:20:53.875890+00:00
33,182,Pickford,8,GKP,44,3.452,2.3288,0.9,0.004,0.8373,0.002,1,1,90,1,2026-08-19T06:20:45.230144+00:00,2026-08-19T06:20:53.875890+00:00
33,183,Allan,8,MID,48,0,0,0.0,0.0,0.0,0,1,0,0,0,2026-08-19T06:20:45.230144+00:00,2026-08-19T06:20:53.875890+00:00
33,184,André Gomes,8,MID,45,0,0,0.0,0.0,0.0,0,1,0,0,0,2026-08-19T06:20:45.230144+00:00,2026-08-19T06:20:53.875890+00:00
33,185,A.Doucouré,8,MID,53,1.6352,2.1056,0.48,0.1144,0.4556,0.0064,1,2,90,1,2026-08-19T06:20:45.230144+00:00,2026-08-19T06:20:53.875890+00:00
33,186,Iwobi,8,MID,50,2.5996,1.5632,0.9,0.018,0.8384,0.004,1,2,90,1,2026-08-19T06:20:45.230144+00:00,2026-08-19T06:20:53.875890+00:00
33,187,Gbamin,8,MID,45,0,0,0.0,0.0,0.0,0,1,0,0,0,2026-08-19T06:20:45.230144+00:00,2026-08-19T06:20:53.875890+00:00
33,188,Mina,8,DEF,43,0.5116,1.2484,0.1,0.198,0.1088,0.0012,1,0,0,0,2026-08-19T06:20:45.230144+00:00,2026-08-19T06:20:53.875890+00:00
33,189,Gray,8,MID,52,2.7368,2.238,0.82,0.0324,0.7652,0.0124,1,0,0,0,2026-08-19T06:20:45.230144+00:00,2026-08-19T06:20:53.875890+00:00
33,190,Davies,8,MID,49,0.5256,1.1061,0.14,0.1892,0.1453,0.0004,1,0,0,0,2026-08-19T06:20:45.230144+00:00,2026-08-19T06:20:53.875890+00:00
33,191,Calvert-Lewin,8,FWD,79,0,0,0.0,0.0,0.0,0,1,2,81,1,2026-08-19T06:20:45.230144+00:00,2026-08-19T06:20:53.875890+00:00
33,192,Holgate,8,DEF,42,0.8676,1.6223,0.22,0.1716,0.2183,0.0004,1,0,0,0,2026-08-19T06:20:45.230144+00:00,2026-08-19T06:20:53.875890+00:00
33,193,Godfrey,8,DEF,43,0,0,0.0,0.0,0.0,0,1,0,90,1,2026-08-19T06:20:45.230144+00:00,2026-08-19T06:20:53.875890+00:00
33,194,Mykolenko,8,DEF,41,0.4724,1.1717,0.11,0.1602,0.1151,0.0,1,0,90,1,2026-08-19T06:20:45.230144+00:00,2026-08-19T06:20:53.875890+00:00
33,196,Branthwaite,8,DEF,40,0,0,0.0,0.0,0.0,0,1,0,0,0,2026-08-19T06:20:45.230144+00:00,2026-08-19T06:20:53.875890+00:00
33,197,Patterson,8,DEF,39,0,0,0.0,0.0,0.0,0,1,0,0,0,2026-08-19T06:20:45.230144+00:00,2026-08-19T06:20:53.875890+00:00
33,198,Nkounkou,8,DEF,40,0,0,0.0,0.0,0.0,0,1,0,0,0,2026-08-19T06:20:45.230144+00:00,2026-08-19T06:20:53.875890+00:00
33,199,Tarkowski,8,DEF,42,0.9392,1.8997,0.22,0.1404,0.2158,0.0052,1,0,90,1,2026-08-19T06:20:45.230144+00:00,2026-08-19T06:20:53.875890+00:00
33,475,Coady,8,DEF,48,2.2292,2.2593,0.68,0.0576,0.637,0.0032,1,0,0,0,2026-08-19T06:20:45.230144+00:00,2026-08-19T06:20:53.875890+00:00
33,531,Vinagre,8,DEF,43,0,0,0.0,0.0,0.0,0,1,0,0,0,2026-08-19T06:20:45.230144+00:00,2026-08-19T06:20:53.875890+00:00
33,534,McNeil,8,MID,51,2.3016,2.1065,0.68,0.0576,0.637,0.0068,1,8,90,1,2026-08-19T06:20:45.230144+00:00,2026-08-19T06:20:53.875890+00:00
33,560,Mills,8,MID,43,0.4332,0.8797,0.1,0.198,0.1088,0.0,1,0,0,0,2026-08-19T06:20:45.230144+00:00,2026-08-19T06:20:53.875890+00:00
33,561,Warrington,8,MID,44,0,0,0.0,0.0,0.0,0,1,0,0,0,2026-08-19T06:20:45.230144+00:00,2026-08-19T06:20:53.875890+00:00
33,570,Garner,8,MID,45,0.8388,1.2774,0.28,0.1584,0.2731,0.0008,1,1,8,0,2026-08-19T06:20:45.230144+00:00,2026-08-19T06:20:53.875890+00:00
33,577,Onana,8,MID,48,2.158,1.6101,0.82,0.0324,0.7652,0.0024,1,1,72,1,2026-08-19T06:20:45.230144+00:00,2026-08-19T06:20:53.875890+00:00
33,605,Welch,8,DEF,40,0.542,1.2863,0.1,0.198,0.1088,0.002,1,0,0,0,2026-08-19T06:20:45.230144+00:00,2026-08-19T06:20:53.875890+00:00
33,611,Gueye,8,MID,48,1.978,1.2849,0.82,0.0324,0.7652,0.0,1,2,81,1,2026-08-19T06:20:45.230144+00:00,2026-08-19T06:20:53.875890+00:00
33,627,Jakupović,8,GKP,40,0,0,0.0,0.0,0.0,0,1,0,0,0,2026-08-19T06:20:45.230144+00:00,2026-08-19T06:20:53.875890+00:00
33,637,John,8,DEF,40,0.4916,1.1583,0.1,0.198,0.1088,0.0,1,0,0,0,2026-08-19T06:20:45.230144+00:00,2026-08-19T06:20:53.875890+00:00
33,662,Cannon,8,FWD,45,0,0,0.0,0.0,0.0,0,1,0,0,0,2026-08-19T06:20:45.230144+00:00,2026-08-19T06:20:53.875890+00:00
33,678,Price,8,MID,45,0.4724,0.9835,0.1,0.198,0.1088,0.0,1,0,0,0,2026-08-19T06:20:45.230144+00:00,2026-08-19T06:20:53.875890+00:00
33,686,Simms,8,FWD,45,0.4728,1.0288,0.1,0.198,0.1088,0.0008,1,1,9,0,2026-08-19T06:20:45.230144+00:00,2026-08-19T06:20:53.875890+00:00
33,757,Samuels-Smith,8,DEF,40,0,0,0.0,0.0,0.0,0,1,0,0,0,2026-08-19T06:20:45.230144+00:00,2026-08-19T06:20:53.875890+00:00
33,760,Lonergan,8,GKP,40,0.1576,0.7431,0.04,0.0384,0.0403,0.0,1,0,0,0,2026-08-19T06:20:45.230144+00:00,2026-08-19T06:20:53.875890+00:00
33,768,McAllister,8,MID,45,0.508,1.0319,0.1,0.198,0.1088,0.0,1,,,,2026-08-19T06:20:45.230144+00:00,
33,1,Cédric,9,DEF,42,0.4724,1.0907,0.1,0.198,0.1088,0.0004,1,1,22,0,2026-08-19T06:20:45.230144+00:00,2026-08-19T06:20:53.875890+00:00
33,2,Leno,9,GKP,46,3.4068,2.28,0.9,0.008,0.8376,0.0048,1,2,90,1,2026-08-19T06:20:45.230144+00:00,2026-08-19T06:20:53.875890+00:00
33,105,Duffy,9,DEF,43,0.4768,1.1051,0.1,0.198,0.1088,0.0,1,0,0,0,2026-08-19T06:20:45.230144+00:00,2026-08-19T06:20:53.875890+00:00
33,200,Cairney,9,MID,47,0.858,1.2993,0.28,0.1584,0.2731,0.0008,1,1,22,0,2026-08-19T06:20:45.230144+00:00,2026-08-19T06:20:53.875890+00:00
33,201,Ream,9,DEF,46,0,0,0.0,0.0,0.0,0,1,2,90,1,2026-08-19T06:20:45.230144+00:00,2026-08-19T06:20:53.875890+00:00
33,202,Knockaert,9,MID,47,0,0,0.0,0.0,0.0,0,1,0,0,0,2026-08-19T06:20:45.230144+00:00,2026-08-19T06:20:53.875890+00:00
33,203,Chalobah,9,MID,44,0,0,0.0,0.0,0.0,0,1,0,0,0,2026-08-19T06:20:45.230144+00:00,2026-08-19T06:20:53.875890+00:00
33,204,Kebano,9,MID,54,0.8908,1.3198,0.28,0.1584,0.2731,0.0004,1,1,7,0,2026-08-19T06:20:45.230144+00:00,2026-08-19T06:20:53.875890+00:00
33,205,De Cordova-Reid,9,MID,54,2.0448,1.4891,0.82,0.0324,0.7652,0.002,1,1,73,1,2026-08-19T06:20:45.230144+00:00,2026-08-19T06:20:53.875890+00:00
33,206,Bryan,9,DEF,44,0,0,0.0,0.0,0.0,0,1,0,0,0,2026-08-19T06:20:45.230144+00:00,2026-08-19T06:20:53.875890+00:00
33,207,Gazzaniga,9,GKP,40,0,0,0.0,0.0,0.0,0,1,0,0,0,2026-08-19T06:20:45.230144+00:00,2026-08-19T06:20:53.875890+00:00
33,208,Kongolo,9,DEF,39,0,0,0.0,0.0,0.0,0,1,0,0,0,2026-08-19T06:20:45.230144+00:00,2026-08-19T06:20:53.875890+00:00
33,209,Tosin,9,DEF,44,0.7068,1.3848,0.22,0.1716,0.2183,0.0004,1,2,90,1,2026-08-19T06:20:45.230144+00:00,2026-08-19T06:20:53.875890+00:00
33,210,Mitrović,9,FWD,66,2.2632,2.1925,0.68,0.0576,0.637,0.0084,1,0,0,0,2026-08-19T06:20:45.230144+00:00,2026-08-19T06:20:53.875890+00:00
33,211,Reed,9,MID,43,2.1564,1.4805,0.82,0.0324,0.7652,0.0012,1,2,82,1,2026-08-19T06:20:45.230144+00:00,2026-08-19T06:20:53.875890+00:00
33,212,Wilson,9,MID,57,1.1016,1.7421,0.28,0.2016,0.2765,0.0032,1,1,16,0,2026-08-19T06:20:45.230144+00:00,2026-08-19T06:20:53.875890+00:00
33,213,Rodák,9,GKP,43,0.1312,0.6379,0.04,0.0384,0.0403,0.0,1,0,0,0,2026-08-19T06:20:45.230144+00:00,2026-08-19T06:20:53.875890+00:00
33,214,Cavaleiro,9,MID,48,0,0,0.0,0.0,0.0,0,1,0,0,0,2026-08-19T06:20:45.230144+00:00,2026-08-19T06:20:53.875890+00:00
33,215,Tete,9,DEF,44,0.7236,1.5153,0.22,0.1404,0.2158,0.0016,1,2,67,1,2026-08-19T06:20:45.230144+00:00,2026-08-19T06:20:53.875890+00:00
33,216,Onomah,9,MID,43,0,0,0.0,0.0,0.0,0,1,0,0,0,2026-08-19T06:20:45.230144+00:00,2026-08-19T06:20:53.875890+00:00
33,217,Robinson,9,DEF,44,0.6512,1.3882,0.22,0.1404,0.2158,0.0004,1,2,90,1,2026-08-19T06:20:45.230144+00:00,2026-08-19T06:20:53.875890+00:00
33,218,Muniz,9,FWD,54,0,0,0.0,0.0,0.0,0,1,0,0,0,2026-08-19T06:20:45.230144+00:00,2026-08-19T06:20:53.875890+00:00
33,219,Stansfield,9,FWD,45,0,0,0.0,0.0,0.0,0,1,0,0,0,2026-08-19T06:20:45.230144+00:00,2026-08-19T06:20:53.875890+00:00
33,220,Palhinha,9,MID,49,1.9788,1.4876,0.82,0.0324,0.7652,0.0008,1,1,90,1,2026-08-19T06:20:45.230144+00:00,2026-08-19T06:20:53.875890+00:00
33,231,James,9,MID,59,0.7236,1.3726,0.14,0.2408,0.1495,0.002,1,2,90,1,2026-08-19T06:20:45.230144+00:00,2026-08-19T06:20:53.875890+00:00
33,346,Andreas,9,MID,44,0,0,0.0,0.0,0.0,0,1,2,67,1,2026-08-19T06:20:45.230144+00:00,2026-08-19T06:20:53.875890+00:00
33,470,Diop,9,DEF,43,0.7612,1.4776,0.22,0.1404,0.2158,0.0,1,0,0,0,2026-08-19T06:20:45.230144+00:00,2026-08-19T06:20:53.875890+00:00
33,521,Francois,9,MID,44,0,0,0.0,0.0,0.0,0,1,0,0,0,2026-08-19T06:20:45.230144+00:00,2026-08-19T06:20:53.875890+00:00
33,532,Mbabu,9,DEF,43,0,0,0.0,0.0,0.0,0,1,0,0,0,2026-08-19T06:20:45.230144+00:00,2026-08-19T06:20:53.875890+00:00
33,546,Harris,9,MID,43,0.446,0.9249,0.1,0.198,0.1088,0.0,1,0,0,0,2026-08-19T06:20:45.230144+00:00,2026-08-19T06:20:53.875890+00:00
33,562,Solomon,9,MID,49,0.9748,1.5205,0.28,0.1584,0.2731,0.0028,1,2,66,1,2026-08-19T06:20:45.230144+00:00,2026-08-19T06:20:53.875890+00:00
33,591,Ablade,9,FWD,45,0.4296,0.8549,0.1,0.198,0.1088,0.0,1,0,0,0,2026-08-19T06:20:45.230144+00:00,2026-08-19T06:20:53.875890+00:00
33,613,Kurzawa,9,DEF,43,0.4768,1.155,0.1,0.198,0.1088,0.0004,1,0,0,0,2026-08-19T06:20:45.230144+00:00,2026-08-19T06:20:53.875890+00:00
33,614,Willian,9,MID,55,2.1232,1.9395,0.68,0.0576,0.637,0.0064,1,0,0,0,2026-08-19T06:20:45.230144+00:00,2026-08-19T06:20:53.875890+00:00
33,618,Vinícius,9,FWD,54,0.9784,1.6007,0.28,0.1584,0.2731,0.0024,1,1,23,0,2026-08-19T06:20:45.230144+00:00,2026-08-19T06:20:53.875890+00:00
33,636,Parkes,9,DEF,40,0.4676,1.0795,0.1,0.198,0.1088,0.0,1,0,0,0,2026-08-19T06:20:45.230144+00:00,2026-08-19T06:20:53.875890+00:00
33,641,Godo,9,MID,45,0.4656,0.9677,0.1,0.198,0.1088,0.0,1,0,0,0,2026-08-19T06:20:45.230144+00:00,2026-08-19T06:20:53.875890+00:00
33,667,Sekularac,9,MID,45,0.466,0.9726,0.1,0.198,0.1088,0.0,1,0,0,0,2026-08-19T06:20:45.230144+00:00,2026-08-19T06:20:53.875890+00:00
33,726,Lukic,9,MID,45,0.4732,0.9235,0.1,0.198,0.1088,0.0,1,0,0,0,2026-08-19T06:20:45.230144+00:00,2026-08-19T06:20:53.875890+00:00
33,747,Wickens,9,GKP,40,0.1464,0.6648,0.04,0.0384,0.0403,0.0,1,0,0,0,2026-08-19T06:20:45.230144+00:00,2026-08-19T06:20:53.875890+00:00
33,750,C.Robinson,9,DEF,40,0.4836,1.1238,0.1,0.198,0.1088,0.0008,1,0,0,0,2026-08-19T06:20:45.230144+00:00,2026-08-19T06:20:53.875890+00:00
33,763,Dibley-Dias,9,MID,45,0.4464,0.9305,0.1,0.198,0.1088,0.0004,1,,,,2026-08-19T06:20:45.230144+00:00,
33,248,Schmeichel,10,GKP,50,0,0,0.0,0.0,0.0,0,1,0,0,0,2026-08-19T06:20:45.230144+00:00,2026-08-19T06:20:53.875890+00:00
33,249,Evans,10,DEF,44,0.73,1.4007,0.22,0.1716,0.2183,0.0004,1,0,0,0,2026-08-19T06:20:45.230144+00:00,2026-08-19T06:20:53.875890+00:00
33,250,Bertrand,10,DEF,39,0.4872,1.0781,0.11,0.1958,0.118,0.0,1,0,0,0,2026-08-19T06:20:45.230144+00:00,2026-08-19T06:20:53.875890+00:00
33,251,Albrighton,10,MID,47,0,0,0.0,0.0,0.0,0,1,0,0,0,2026-08-19T06:20:45.230144+00:00,2026-08-19T06:20:53.875890+00:00
33,252,Mendy,10,MID,43,0.8468,1.2387,0.28,0.1584,0.2731,0.0004,1,0,0,0,2026-08-19T06:20:45.230144+00:00,2026-08-19T06:20:53.875890+00:00
33,253,Vestergaard,10,DEF,38,0,0,0.0,0.0,0.0,0,1,0,0,0,2026-08-19T06:20:45.230144+00:00,2026-08-19T06:20:53.875890+00:00
33,254,Ward,10,GKP,39,0.098,0.5504,0.02,0.0392,0.0217,0.0,1,0,0,0,2026-08-19T06:20:45.230144+00:00,2026-08-19T06:20:53.875890+00:00
33,255,Vardy,10,FWD,91,1.7552,1.4795,0.68,0.0896,0.6396,0.0012,1,7,20,0,2026-08-19T06:20:45.230144+00:00,2026-08-19T06:20:53.875890+00:00
33,256,Ricardo,10,DEF,42,0.6948,1.4308,0.22,0.1716,0.2183,0.0004,1,0,0,0,2026-08-19T06:20:45.230144+00:00,2026-08-19T06:20:53.875890+00:00
33,257,Amartey,10,DEF,40,0.8096,1.6349,0.22,0.1404,0.2158,0.0024,1,0,0,0,2026-08-19T06:20:45.230144+00:00,2026-08-19T06:20:53.875890+00:00
33,258,Castagne,10,DEF,43,0.7568,1.5106,0.22,0.1404,0.2158,0.0016,1,2,90,1,2026-08-19T06:20:45.230144+00:00,2026-08-19T06:20:53.875890+00:00
33,259,Tielemans,10,MID,61,1.8624,1.6148,0.68,0.0576,0.637,0.0012,1,1,90,1,2026-08-19T06:20:45.230144+00:00,2026-08-19T06:20:53.875890+00:00
33,260,Pérez,10,MID,47,0,0,0.0,0.0,0.0,0,1,0,0,0,2026-08-19T06:20:45.230144+00:00,2026-08-19T06:20:53.875890+00:00
33,261,Maddison,10,MID,80,2.0968,2.0945,0.68,0.0576,0.637,0.0076,1,6,90,1,2026-08-19T06:20:45.230144+00:00,2026-08-19T06:20:53.875890+00:00
33,262,Iheanacho,10,FWD,59,2.146,2.5167,0.48,0.1456,0.458,0.0136,1,2,81,1,2026-08-19T06:20:45.230144+00:00,2026-08-19T06:20:53.875890+00:00
33,263,Choudhury,10,MID,45,0,0,0.0,0.0,0.0,0,1,0,0,0,2026-08-19T06:20:45.230144+00:00,2026-08-19T06:20:53.875890+00:00
33,264,Barnes,10,MID,67,2.6268,2.2617,0.82,0.0324,0.7652,0.014,1,2,69,1,2026-08-19T06:20:45.230144+00:00,2026-08-19T06:20:53.875890+00:00
33,265,Ndidi,10,MID,48,0.8428,1.0988,0.34,0.1452,0.3278,0.0,1,0,0,0,2026-08-19T06:20:45.230144+00:00,2026-08-19T06:20:53.875890+00:00
33,266,Dewsbury-Hall,10,MID,49,2.2988,1.6841,0.82,0.0324,0.7652,0.0024,1,0,0,0,2026-08-19T06:20:45.230144+00:00,2026-08-19T06:20:53.875890+00:00
33,267,Söyüncü,10,DEF,42,0,0,0.0,0.0,0.0,0,1,2,90,1,2026-08-19T06:20:45.230144+00:00,2026-08-19T06:20:53.875890+00:00
33,268,Justin,10,DEF,41,0,0,0.0,0.0,0.0,0,1,0,0,0,2026-08-19T06:20:45.230144+00:00,2026-08-19T06:20:53.875890+00:00
33,269,Soumaré,10,MID,44,1.0652,1.1617,0.48,0.1144,0.4556,0.0,1,1,90,1,2026-08-19T06:20:45.230144+00:00,2026-08-19T06:20:53.875890+00:00
33,270,Thomas,10,DEF,39,0.7256,1.3885,0.22,0.1716,0.2183,0.0004,1,0,0,0,2026-08-19T06:20:45.230144+00:00,2026-08-19T06:20:53.875890+00:00
33,271,Daka,10,FWD,56,1.398,1.6042,0.48,0.1456,0.458,0.0012,1,1,20,0,2026-08-19T06:20:45.230144+00:00,2026-08-19T06:20:53.875890+00:00
33,273,Brunt,10,DEF,39,0.4656,1.0784,0.1,0.198,0.1088,0.0,1,0,0,0,2026-08-19T06:20:45.230144+00:00,2026-08-19T06:20:53.875890+00:00
33,548,Iversen,10,GKP,38,2.9376,2.1669,0.88,0.0048,0.8188,0.0012,1,2,90,1,2026-08-19T06:20:45.230144+00:00,2026-08-19T06:20:53.875890+00:00
33,549,Praet,10,MID,48,0.8432,1.3164,0.28,0.1584,0.2731,0.0,1,1,8,0,2026-08-19T06:20:45.230144+00:00,2026-08-19T06:20:53.875890+00:00
33,581,Smithies,10,GKP,39,0.1576,0.749,0.04,0.0384,0.0403,0.0,1,0,0,0,2026-08-19T06:20:45.230144+00:00,2026-08-19T06:20:53.875890+00:00
33,612,Faes,10,DEF,42,0.7168,1.426,0.22,0.1404,0.2158,0.0,1,2,90,1,2026-08-19T06:20:45.230144+00:00,2026-08-19T06:20:53.875890+00:00
33,639,Braybrooke,10,MID,45,0,0,0.0,0.0,0.0,0,1,0,0,0,2026-08-19T06:20:45.230144+00:00,2026-08-19T06:20:53.875890+00:00
33,645,Wormleighton,10,DEF,40,0.4452,1.0359,0.1,0.198,0.1088,0.0004,1,0,0,0,2026-08-19T06:20:45.230144+00:00,2026-08-19T06:20:53.875890+00:00
33,687,McAteer,10,MID,45,0,0,0.0,0.0,0.0,0,1,0,0,0,2026-08-19T06:20:45.230144+00:00,2026-08-19T06:20:53.875890+00:00
33,709,Kristiansen,10,DEF,45,0.7264,1.4197,0.22,0.1716,0.2183,0.0004,1,2,90,1,2026-08-19T06:20:45.230144+00:00,2026-08-19T06:20:53.875890+00:00
33,715,Tetê,10,MID,51,1.708,2.0658,0.48,0.1144,0.4556,0.0052,1,2,69,1,2026-08-19T06:20:45.230144+00:00,2026-08-19T06:20:53.875890+00:00
33,727,Souttar,10,DEF,45,0.794,1.6062,0.22,0.1716,0.2183,0.0024,1,0,0,0,2026-08-19T06:20:45.230144+00:00,2026-08-19T06:20:53.875890+00:00
33,735,Marçal-Madivadua,10,MID,45,0.4708,0.941,0.1,0.198,0.1088,0.0,1,0,0,0,2026-08-19T06:20:45.230144+00:00,2026-08-19T06:20:53.875890+00:00
33,221,Cooper,11,DEF,44,0.8844,1.7284,0.22,0.1716,0.2183,0.002,1,1,90,1,2026-08-19T06:20:45.230144+00:00,2026-08-19T06:20:53.875890+00:00
33,222,Ayling,11,DEF,45,0.928,1.9082,0.22,0.1404,0.2158,0.0056,1,1,90,1,2026-08-19T06:20:45.230144+00:00,2026-08-19T06:20:53.875890+00:00
33,223,Klich,11,MID,46,0,0,0.0,0.0,0.0,0,1,0,0,0,2026-08-19T06:20:45.230144+00:00,2026-08-19T06:20:53.875890+00:00
33,224,Forshaw,11,MID,44,0.4588,0.9695,0.1,0.198,0.1088,0.0004,1,0,0,0,2026-08-19T06:20:45.230144+00:00,2026-08-19T06:20:53.875890+00:00
33,225,Rodrigo,11,MID,63,1.2604,1.9907,0.34,0.1188,0.3257,0.0052,1,2,67,1,2026-08-19T06:20:45.230144+00:00,2026-08-19T06:20:53.875890+00:00
33,226,Dallas,11,DEF,49,0,0,0.0,0.0,0.0,0,1,0,0,0,2026-08-19T06:20:45.230144+00:00,2026-08-19T06:20:53.875890+00:00
33,227,Bamford,11,FWD,71,0.9792,1.6502,0.24,0.2128,0.2402,0.0068,1,2,90,1,2026-08-19T06:20:45.230144+00:00,2026-08-19T06:20:53.875890+00:00
33,228,Llorente,11,DEF,44,0,0,0.0,0.0,0.0,0,1,0,0,0,2026-08-19T06:20:45.230144+00:00,2026-08-19T06:20:53.875890+00:00
33,229,Roberts,11,MID,50,0,0,0.0,0.0,0.0,0,1,0,0,0,2026-08-19T06:20:45.230144+00:00,2026-08-19T06:20:53.875890+00:00
33,230,Koch,11,DEF,45,0.7956,1.624,0.22,0.1404,0.2158,0.002,1,2,90,1,2026-08-19T06:20:45.230144+00:00,2026-08-19T06:20:53.875890+00:00
33,232,Raphinha,11,MID,70,0,0,0.0,0.0,0.0,0,1,0,0,0,2026-08-19T06:20:45.230144+00:00,2026-08-19T06:20:53.875890+00:00
33,233,Harrison,11,MID,57,3.1628,2.5856,0.82,0.0324,0.7652,0.0212,1,8,90,1,2026-08-19T06:20:45.230144+00:00,2026-08-19T06:20:53.875890+00:00
33,234,Shackleton,11,MID,45,0,0,0.0,0.0,0.0,0,1,0,0,0,2026-08-19T06:20:45.230144+00:00,2026-08-19T06:20:53.875890+00:00
33,235,Struijk,11,DEF,45,0.8376,1.6566,0.22,0.1404,0.2158,0.0004,1,0,0,0,2026-08-19T06:20:45.230144+00:00,2026-08-19T06:20:53.875890+00:00
33,236,Klaesson,11,GKP,38,0.2792,1.2294,0.04,0.0384,0.0403,0.0032,1,0,0,0,2026-08-19T06:20:45.230144+00:00,2026-08-19T06:20:53.875890+00:00
33,237,Greenwood,11,FWD,40,0.916,1.368,0.28,0.1584,0.2731,0.0008,1,0,0,0,2026-08-19T06:20:45.230144+00:00,2026-08-19T06:20:53.875890+00:00
33,238,Meslier,11,GKP,45,3.3688,2.3273,0.9,0.004,0.8373,0.002,1,2,90,1,2026-08-19T06:20:45.230144+00:00,2026-08-19T06:20:53.875890+00:00
33,239,Firpo,11,DEF,45,0.7852,1.5852,0.22,0.1716,0.2183,0.0012,1,2,90,1,2026-08-19T06:20:45.230144+00:00,2026-08-19T06:20:53.875890+00:00
33,240,Summerville,11,MID,42,1.5544,1.9158,0.48,0.1144,0.4556,0.002,1,1,58,1,2026-08-19T06:20:45.230144+00:00,2026-08-19T06:20:53.875890+00:00
33,241,Bate,11,MID,45,0,0,0.0,0.0,0.0,0,1,0,0,0,2026-08-19T06:20:45.230144+00:00,2026-08-19T06:20:53.875890+00:00
33,242,Gelhardt,11,FWD,51,0,0,0.0,0.0,0.0,0,1,0,0,0,2026-08-19T06:20:45.230144+00:00,2026-08-19T06:20:53.875890+00:00
33,243,Hjelde,11,DEF,39,0,0,0.0,0.0,0.0,0,1,0,0,0,2026-08-19T06:20:45.230144+00:00,2026-08-19T06:20:53.875890+00:00
33,244,Kristensen,11,DEF,47,2.0636,2.2709,0.68,0.0576,0.637,0.0064,1,0,0,0,2026-08-19T06:20:45.230144+00:00,2026-08-19T06:20:53.875890+00:00
33,245,Roca,11,MID,48,2.1936,1.6286,0.82,0.0324,0.7652,0.0016,1,1,90,1,2026-08-19T06:20:45.230144+00:00,2026-08-19T06:20:53.875890+00:00
33,246,Aaronson,11,MID,53,2.4152,1.9063,0.82,0.0324,0.7652,0.0072,1,1,22,0,2026-08-19T06:20:45.230144+00:00,2026-08-19T06:20:53.875890+00:00
33,247,Gyabi,11,MID,42,0,0,0.0,0.0,0.0,0,1,0,0,0,2026-08-19T06:20:45.230144+00:00,2026-08-19T06:20:53.875890+00:00
33,506,Adams,11,MID,49,0,0,0.0,0.0,0.0,0,1,0,0,0,2026-08-19T06:20:45.230144+00:00,2026-08-19T06:20:53.875890+00:00
33,508,Sinisterra,11,MID,65,0,0,0.0,0.0,0.0,0,1,6,31,0,2026-08-19T06:20:45.230144+00:00,2026-08-19T06:20:53.875890+00:00
33,547,Drameh,11,DEF,40,0,0,0.0,0.0,0.0,0,1,0,0,0,2026-08-19T06:20:45.230144+00:00,2026-08-19T06:20:53.875890+00:00
33,565,Gray,11,MID,45,0,0,0.0,0.0,0.0,0,1,0,0,0,2026-08-19T06:20:45.230144+00:00,2026-08-19T06:20:53.875890+00:00
33,578,Robles,11,GKP,40,0.1744,0.815,0.04,0.0384,0.0403,0.0004,1,0,0,0,2026-08-19T06:20:45.230144+00:00,2026-08-19T06:20:53.875890+00:00
33,619,Gnonto,11,FWD,48,1.4756,1.836,0.48,0.1144,0.4556,0.0032,1,0,0,0,2026-08-19T06:20:45.230144+00:00,2026-08-19T06:20:53.875890+00:00
33,659,Mateo Joseph,11,FWD,45,0,0,0.0,0.0,0.0,0,1,0,0,0,2026-08-19T06:20:45.230144+00:00,2026-08-19T06:20:53.875890+00:00
33,663,Perkins,11,FWD,45,0.464,0.9292,0.1,0.198,0.1088,0.0,1,0,0,0,2026-08-19T06:20:45.230144+00:00,2026-08-19T06:20:53.875890+00:00
33,691,Wöber,11,DEF,44,0.8508,1.6344,0.22,0.1716,0.2183,0.0016,1,0,0,0,2026-08-19T06:20:45.230144+00:00,2026-08-19T06:20:53.875890+00:00
33,700,Rutter,11,FWD,51,0.702,1.2863,0.18,0.1804,0.1818,0.0004,1,0,0,0,2026-08-19T06:20:45.230144+00:00,2026-08-19T06:20:53.875890+00:00
33,720,McKennie,11,MID,46,1.1792,1.4128,0.48,0.1144,0.4556,0.0004,1,2,90,1,2026-08-19T06:20:45.230144+00:00,2026-08-19T06:20:53.875890+00:00
33,742,Chilokoa-Mullen,11,DEF,40,0.498,1.1528,0.1,0.198,0.1088,0.0004,1,0,0,0,2026-08-19T06:20:45.230144+00:00,2026-08-19T06:20:53.875890+00:00
33,743,Monteiro,11,DEF,40,0.516,1.2582,0.1,0.198,0.1088,0.0012,1,0,0,0,2026-08-19T06:20:45.230144+00:00,2026-08-19T06:20:53.875890+00:00
33,274,Milner,12,MID,44,0.8304,1.1519,0.28,0.1584,0.2731,0.0,1,1,6,0,2026-08-19T06:20:45.230144+00:00,2026-08-19T06:20:53.875890+00:00
33,275,Henderson,12,MID,53,1.7668,1.478,0.68,0.0576,0.637,0.0008,1,1,58,1,2026-08-19T06:20:45.230144+00:00,2026-08-19T06:20:53.875890+00:00
33,276,Matip,12,DEF,59,1.4536,2.0066,0.48,0.1456,0.458,0.0036,1,10,90,1,2026-08-19T06:20:45.230144+00:00,2026-08-19T06:20:53.875890+00:00
33,277,Thiago,12,MID,51,0,0,0.0,0.0,0.0,0,1,1,31,0,2026-08-19T06:20:45.230144+00:00,2026-08-19T06:20:53.875890+00:00
33,278,Chamberlain,12,MID,49,0.9696,1.609,0.28,0.1584,0.2731,0.0028,1,0,0,0,2026-08-19T06:20:45.230144+00:00,2026-08-19T06:20:53.875890+00:00
33,279,Firmino,12,FWD,80,1.8092,1.9845,0.48,0.1456,0.458,0.004,1,0,0,0,2026-08-19T06:20:45.230144+00:00,2026-08-19T06:20:53.875890+00:00
33,280,Van Dijk,12,DEF,66,2.5736,2.3738,0.82,0.0324,0.7652,0.01,1,2,90,1,2026-08-19T06:20:45.230144+00:00,2026-08-19T06:20:53.875890+00:00
33,281,Alisson,12,GKP,54,3.0932,2.1583,0.9,0.008,0.8376,0.0008,1,2,90,1,2026-08-19T06:20:45.230144+00:00,2026-08-19T06:20:53.875890+00:00
33,282,Fabinho,12,MID,52,1.7684,1.189,0.82,0.0324,0.7652,0.0,1,2,90,1,2026-08-19T06:20:45.230144+00:00,2026-08-19T06:20:53.875890+00:00
33,283,Salah,12,MID,130,3.756,3.0996,0.82,0.0324,0.7652,0.0492,1,2,90,1,2026-08-19T06:20:45.230144+00:00,2026-08-19T06:20:53.875890+00:00
33,284,Robertson,12,DEF,68,1.46,2.2212,0.41,0.1062,0.3898,0.0068,1,6,90,1,2026-08-19T06:20:45.230144+00:00,2026-08-19T06:20:53.875890+00:00
33,285,Alexander-Arnold,12,DEF,75,3.0072,2.5908,0.82,0.0324,0.7652,0.0164,1,5,90,1,2026-08-19T06:20:45.230144+00:00,2026-08-19T06:20:53.875890+00:00
33,286,Gomez,12,DEF,43,0.8444,1.6648,0.22,0.1716,0.2183,0.0012,1,0,0,0,2026-08-19T06:20:45.230144+00:00,2026-08-19T06:20:53.875890+00:00
33,287,Keita,12,MID,47,0,0,0.0,0.0,0.0,0,1,0,0,0,2026-08-19T06:20:45.230144+00:00,2026-08-19T06:20:53.875890+00:00
33,288,Diogo Jota,12,FWD,88,2.0772,2.5269,0.48,0.1456,0.458,0.02,1,1,58,1,2026-08-19T06:20:45.230144+00:00,2026-08-19T06:20:53.875890+00:00
33,289,Kelleher,12,GKP,40,0.1904,0.8579,0.04,0.0384,0.0403,0.0,1,0,0,0,2026-08-19T06:20:45.230144+00:00,2026-08-19T06:20:53.875890+00:00
33,290,Konaté,12,DEF,48,0.95,1.8304,0.24,0.1672,0.2366,0.0048,1,0,0,0,2026-08-19T06:20:45.230144+00:00,2026-08-19T06:20:53.875890+00:00
33,291,Jones,12,MID,49,0.8048,1.2993,0.28,0.1584,0.2731,0.0012,1,2,83,1,2026-08-19T06:20:45.230144+00:00,2026-08-19T06:20:53.875890+00:00
33,292,Tsimikas,12,DEF,43,0.82,1.6321,0.22,0.1716,0.2183,0.002,1,0,0,0,2026-08-19T06:20:45.230144+00:00,2026-08-19T06:20:53.875890+00:00
33,293,Luis Díaz,12,MID,78,1.1892,1.8854,0.28,0.2016,0.2765,0.0044,1,1,31,0,2026-08-19T06:20:45.230144+00:00,2026-08-19T06:20:53.875890+00:00
33,294,Elliott,12,MID,48,2.0228,1.7753,0.68,0.0704,0.638,0.0036,1,0,0,0,2026-08-19T06:20:45.230144+00:00,2026-08-19T06:20:53.875890+00:00
33,296,Carvalho,12,MID,51,0.85,1.2863,0.28,0.1584,0.2731,0.0012,1,0,0,0,2026-08-19T06:20:45.230144+00:00,2026-08-19T06:20:53.875890+00:00
33,297,Darwin,12,FWD,86,1.5228,2.4268,0.34,0.1188,0.3257,0.0188,1,1,12,0,2026-08-19T06:20:45.230144+00:00,2026-08-19T06:20:53.875890+00:00
33,298,Ramsay,12,DEF,39,0,0,0.0,0.0,0.0,0,1,0,0,0,2026-08-19T06:20:45.230144+00:00,2026-08-19T06:20:53.875890+00:00
33,497,Adrián,12,GKP,38,0.1776,0.7863,0.04,0.0384,0.0403,0.0,1,0,0,0,2026-08-19T06:20:45.230144+00:00,2026-08-19T06:20:53.875890+00:00
33,498,R.Williams,12,DEF,40,0,0,0.0,0.0,0.0,0,1,0,0,0,2026-08-19T06:20:45.230144+00:00,2026-08-19T06:20:53.875890+00:00
33,499,Davies,12,DEF,40,0,0,0.0,0.0,0.0,0,1,0,0,0,2026-08-19T06:20:45.230144+00:00,2026-08-19T06:20:53.875890+00:00
33,500,Van den Berg,12,DEF,40,0,0,0.0,0.0,0.0,0,1,0,0,0,2026-08-19T06:20:45.230144+00:00,2026-08-19T06:20:53.875890+00:00
33,501,Phillips,12,DEF,38,0.452,1.0793,0.1,0.198,0.1088,0.0,1,0,0,0,2026-08-19T06:20:45.230144+00:00,2026-08-19T06:20:53.875890+00:00
33,563,Chambers,12,DEF,40,0,0,0.0,0.0,0.0,0,1,0,0,0,2026-08-19T06:20:45.230144+00:00,2026-08-19T06:20:53.875890+00:00
33,564,Bajcetic,12,MID,43,0,0,0.0,0.0,0.0,0,1,0,0,0,2026-08-19T06:20:45.230144+00:00,2026-08-19T06:20:53.875890+00:00
33,584,Clark,12,MID,45,0.4572,0.9405,0.1,0.198,0.1088,0.0,1,0,0,0,2026-08-19T06:20:45.230144+00:00,2026-08-19T06:20:53.875890+00:00
33,592,H.Davies,12,GKP,40,0.1632,0.772,0.04,0.0384,0.0403,0.0,1,0,0,0,2026-08-19T06:20:45.230144+00:00,2026-08-19T06:20:53.875890+00:00
33,620,Arthur,12,MID,48,0.658,1.1737,0.18,0.1804,0.1818,0.0004,1,0,0,0,2026-08-19T06:20:45.230144+00:00,2026-08-19T06:20:53.875890+00:00
33,665,Doak,12,MID,45,0.4568,0.8996,0.1,0.198,0.1088,0.0,1,0,0,0,2026-08-19T06:20:45.230144+00:00,2026-08-19T06:20:53.875890+00:00
33,680,Gakpo,12,MID,77,2.0156,2.5199,0.48,0.1456,0.458,0.0156,1,10,77,1,2026-08-19T06:20:45.230144+00:00,2026-08-19T06:20:53.875890+00:00
33,299,Walker,13,DEF,47,1.5312,2.0613,0.48,0.1144,0.4556,0.0016,1,2,90,1,2026-08-19T06:20:45.230144+00:00,2026-08-19T06:20:53.875890+00:00
33,300,Gündogan,13,MID,73,2.6616,2.6744,0.68,0.0576,0.637,0.0208,1,3,71,1,2026-08-19T06:20:45.230144+00:00,2026-08-19T06:20:53.875890+00:00
33,301,De Bruyne,13,MID,121,3.7812,2.7667,0.82,0.0324,0.7652,0.0356,1,19,79,1,2026-08-19T06:20:45.230144+00:00,2026-08-19T06:20:53.875890+00:00
33,302,Stones,13,DEF,55,2.6624,2.588,0.68,0.0896,0.6396,0.01,1,9,90,1,2026-08-19T06:20:45.230144+00:00,2026-08-19T06:20:53.875890+00:00
33,303,Mahrez,13,MID,73,2.5144,3.1382,0.48,0.1456,0.458,0.0412,1,1,18,0,2026-08-19T06:20:45.230144+00:00,2026-08-19T06:20:53.875890+00:00
33,305,Grealish,13,MID,72,1.5288,2.4777,0.34,0.1188,0.3257,0.0172,1,1,86,1,2026-08-19T06:20:45.230144+00:00,2026-08-19T06:20:53.875890+00:00
33,306,Cancelo,13,DEF,71,0,0,0.0,0.0,0.0,0,1,0,0,0,2026-08-19T06:20:45.230144+00:00,2026-08-19T06:20:53.875890+00:00
33,307,Ederson,13,GKP,54,2.8796,2.1329,0.9,0.008,0.8376,0.0,1,2,90,1,2026-08-19T06:20:45.230144+00:00,2026-08-19T06:20:53.875890+00:00
33,308,Aké,13,DEF,51,1.2516,2.059,0.34,0.1188,0.3257,0.004,1,0,0,0,2026-08-19T06:20:45.230144+00:00,2026-08-19T06:20:53.875890+00:00
33,309,Laporte,13,DEF,56,0.736,1.524,0.14,0.2408,0.1495,0.0024,1,0,0,0,2026-08-19T06:20:45.230144+00:00,2026-08-19T06:20:53.875890+00:00
33,310,Steffen,13,GKP,40,0,0,0.0,0.0,0.0,0,1,0,0,0,2026-08-19T06:20:45.230144+00:00,2026-08-19T06:20:53.875890+00:00
33,311,Bernardo,13,MID,67,2.0508,1.8247,0.68,0.0576,0.637,0.0012,1,2,90,1,2026-08-19T06:20:45.230144+00:00,2026-08-19T06:20:53.875890+00:00
33,312,Dias,13,DEF,60,1.2208,2.0034,0.34,0.1188,0.3257,0.0036,1,1,90,1,2026-08-19T06:20:45.230144+00:00,2026-08-19T06:20:53.875890+00:00
33,314,Foden,13,MID,80,2.09,2.4626,0.48,0.1456,0.458,0.0176,1,4,3,0,2026-08-19T06:20:45.230144+00:00,2026-08-19T06:20:53.875890+00:00
33,315,Rodri,13,MID,56,2.7128,2.2128,0.82,0.0324,0.7652,0.012,1,1,90,1,2026-08-19T06:20:45.230144+00:00,2026-08-19T06:20:53.875890+00:00
33,316,Palmer,13,MID,42,0.48,0.9982,0.1,0.198,0.1088,0.0008,1,0,0,0,2026-08-19T06:20:45.230144+00:00,2026-08-19T06:20:53.875890+00:00
33,317,McAtee,13,MID,45,0,0,0.0,0.0,0.0,0,1,0,0,0,2026-08-19T06:20:45.230144+00:00,2026-08-19T06:20:53.875890+00:00
33,318,Haaland,13,FWD,123,4.0596,3.2753,0.82,0.0324,0.7652,0.0708,1,14,90,1,2026-08-19T06:20:45.230144+00:00,2026-08-19T06:20:53.875890+00:00
33,319,Álvarez,13,FWD,60,2.2988,2.7374,0.48,0.1456,0.458,0.024,1,1,10,0,2026-08-19T06:20:45.230144+00:00,2026-08-19T06:20:53.875890+00:00
33,320,Mbete,13,DEF,39,0,0,0.0,0.0,0.0,0,1,0,0,0,2026-08-19T06:20:45.230144+00:00,2026-08-19T06:20:53.875890+00:00
33,322,Wilson-Esbrand,13,DEF,38,0,0,0.0,0.0,0.0,0,1,0,0,0,2026-08-19T06:20:45.230144+00:00,2026-08-19T06:20:53.875890+00:00
33,323,Delap,13,FWD,44,0,0,0.0,0.0,0.0,0,1,0,0,0,2026-08-19T06:20:45.230144+00:00,2026-08-19T06:20:53.875890+00:00
33,324,Ortega,13,GKP,38,0.178,0.8262,0.04,0.0384,0.0403,0.0,1,0,0,0,2026-08-19T06:20:45.230144+00:00,2026-08-19T06:20:53.875890+00:00
33,325,Phillips,13,MID,48,0.6852,1.2268,0.18,0.1804,0.1818,0.0004,1,0,0,0,2026-08-19T06:20:45.230144+00:00,2026-08-19T06:20:53.875890+00:00
33,502,Carson,13,GKP,38,0.1536,0.6933,0.04,0.0384,0.0403,0.0,1,0,0,0,2026-08-19T06:20:45.230144+00:00,2026-08-19T06:20:53.875890+00:00
33,573,Lewis,13,DEF,39,0.8852,1.7243,0.22,0.1716,0.2183,0.0016,1,0,0,0,2026-08-19T06:20:45.230144+00:00,2026-08-19T06:20:53.875890+00:00
33,587,Sergio Gómez,13,DEF,44,0.5564,1.3376,0.1,0.198,0.1088,0.002,1,0,0,0,2026-08-19T06:20:45.230144+00:00,2026-08-19T06:20:53.875890+00:00
33,599,Gomes,13,MID,45,0,0,0.0,0.0,0.0,0,1,0,0,0,2026-08-19T06:20:45.230144+00:00,2026-08-19T06:20:53.875890+00:00
33,600,Knight,13,MID,45,0.474,0.9721,0.1,0.198,0.1088,0.0,1,0,0,0,2026-08-19T06:20:45.230144+00:00,2026-08-19T06:20:53.875890+00:00
33,610,Akanji,13,DEF,50,1.1644,1.918,0.34,0.1188,0.3257,0.0028,1,2,90,1,2026-08-19T06:20:45.230144+00:00,2026-08-19T06:20:53.875890+00:00
33,712,Perrone,13,MID,44,0,0,0.0,0.0,0.0,0,1,0,0,0,2026-08-19T06:20:45.230144+00:00,2026-08-19T06:20:53.875890+00:00
33,772,Robertson,13,MID,45,0.4464,0.9236,0.1,0.198,0.1088,0.0,1,,,,2026-08-19T06:20:45.230144+00:00,
33,773,Charles,13,MID,45,0.5276,1.0995,0.1,0.198,0.1088,0.0004,1,,,,2026-08-19T06:20:45.230144+00:00,
33,774,O'Reilly,13,MID,45,0.4316,0.9196,0.1,0.198,0.1088,0.0,1,,,,2026-08-19T06:20:45.230144+00:00,
33,162,Butland,14,GKP,44,0.1396,0.6408,0.04,0.0384,0.0403,0.0,1,0,0,0,2026-08-19T06:20:45.230144+00:00,2026-08-19T06:20:53.875890+00:00
33,326,Ronaldo,14,FWD,102,0,0,0.0,0.0,0.0,0,1,0,0,0,2026-08-19T06:20:45.230144+00:00,2026-08-19T06:20:53.875890+00:00
33,327,De Gea,14,GKP,50,2.8788,2.0831,0.9,0.008,0.8376,0.0008,1,2,90,1,2026-08-19T06:20:45.230144+00:00,2026-08-19T06:20:53.875890+00:00
33,328,Jones,14,DEF,38,0.4248,0.9855,0.1,0.198,0.1088,0.0004,1,0,0,0,2026-08-19T06:20:45.230144+00:00,2026-08-19T06:20:53.875890+00:00
33,329,Varane,14,DEF,48,1.9412,2.1392,0.68,0.0576,0.637,0.0048,1,0,0,0,2026-08-19T06:20:45.230144+00:00,2026-08-19T06:20:53.875890+00:00
33,330,Maguire,14,DEF,47,0.8524,1.6375,0.28,0.1584,0.2731,0.0012,1,0,0,0,2026-08-19T06:20:45.230144+00:00,2026-08-19T06:20:53.875890+00:00
33,331,Fred,14,MID,51,1.3412,1.6481,0.48,0.1144,0.4556,0.0012,1,1,29,0,2026-08-19T06:20:45.230144+00:00,2026-08-19T06:20:53.875890+00:00
33,332,Shaw,14,DEF,51,1.1756,1.9606,0.34,0.1188,0.3257,0.0024,1,1,90,1,2026-08-19T06:20:45.230144+00:00,2026-08-19T06:20:53.875890+00:00
33,333,Fernandes,14,MID,95,3.0984,2.4584,0.82,0.0324,0.7652,0.0188,1,5,90,1,2026-08-19T06:20:45.230144+00:00,2026-08-19T06:20:53.875890+00:00
33,334,Telles,14,DEF,50,0,0,0.0,0.0,0.0,0,1,0,0,0,2026-08-19T06:20:45.230144+00:00,2026-08-19T06:20:53.875890+00:00
33,335,Rashford,14,MID,71,3.5928,2.9527,0.82,0.0324,0.7652,0.0424,1,12,90,1,2026-08-19T06:20:45.230144+00:00,2026-08-19T06:20:53.875890+00:00
33,336,Van de Beek,14,MID,51,0,0,0.0,0.0,0.0,0,1,0,0,0,2026-08-19T06:20:45.230144+00:00,2026-08-19T06:20:53.875890+00:00
33,337,Lindelöf,14,DEF,41,0.8452,1.5302,0.22,0.1716,0.2183,0.0004,1,0,90,1,2026-08-19T06:20:45.230144+00:00,2026-08-19T06:20:53.875890+00:00
33,338,McTominay,14,MID,49,1.236,1.5537,0.48,0.1144,0.4556,0.0016,1,0,0,0,2026-08-19T06:20:45.230144+00:00,2026-08-19T06:20:53.875890+00:00
33,339,Bailly,14,DEF,40,0,0,0.0,0.0,0.0,0,1,0,0,0,2026-08-19T06:20:45.230144+00:00,2026-08-19T06:20:53.875890+00:00
33,340,Sancho,14,MID,71,1.8692,2.1448,0.48,0.1456,0.458,0.0072,1,7,60,1,2026-08-19T06:20:45.230144+00:00,2026-08-19T06:20:53.875890+00:00
33,341,Wan-Bissaka,14,DEF,43,0.9268,1.7903,0.22,0.1716,0.2183,0.0044,1,1,70,1,2026-08-19T06:20:45.230144+00:00,2026-08-19T06:20:53.875890+00:00
33,342,Dalot,14,DEF,47,2.5548,2.7813,0.68,0.0576,0.637,0.0212,1,1,90,1,2026-08-19T06:20:45.230144+00:00,2026-08-19T06:20:53.875890+00:00
33,343,B.Williams,14,DEF,38,0.6832,1.3895,0.22,0.1404,0.2158,0.0,1,0,0,0,2026-08-19T06:20:45.230144+00:00,2026-08-19T06:20:53.875890+00:00
33,344,Elanga,14,MID,46,0.8396,1.1628,0.28,0.1584,0.2731,0.0,1,0,0,0,2026-08-19T06:20:45.230144+00:00,2026-08-19T06:20:53.875890+00:00
33,345,Martial,14,FWD,63,1.248,1.9337,0.28,0.2016,0.2765,0.0096,1,1,29,0,2026-08-19T06:20:45.230144+00:00,2026-08-19T06:20:53.875890+00:00
33,347,Pellistri,14,MID,43,0.4032,0.8164,0.1,0.198,0.1088,0.0,1,0,0,0,2026-08-19T06:20:45.230144+00:00,2026-08-19T06:20:53.875890+00:00
33,348,Heaton,14,GKP,38,0.1436,0.6621,0.04,0.0384,0.0403,0.0,1,0,0,0,2026-08-19T06:20:45.230144+00:00,2026-08-19T06:20:53.875890+00:00
33,504,Malacia,14,DEF,42,0.8764,1.6792,0.22,0.1716,0.2183,0.0016,1,1,19,0,2026-08-19T06:20:45.230144+00:00,2026-08-19T06:20:53.875890+00:00
33,519,Eriksen,14,MID,62,2.1856,2.1197,0.68,0.0576,0.637,0.0076,1,2,60,1,2026-08-19T06:20:45.230144+00:00,2026-08-19T06:20:53.875890+00:00
33,533,Martínez,14,DEF,45,0,0,0.0,0.0,0.0,0,1,0,0,0,2026-08-19T06:20:45.230144+00:00,2026-08-19T06:20:53.875890+00:00
33,550,Amad,14,MID,44,0,0,0.0,0.0,0.0,0,1,0,0,0,2026-08-19T06:20:45.230144+00:00,2026-08-19T06:20:53.875890+00:00
33,551,Iqbal,14,MID,42,0.4724,0.9317,0.1,0.198,0.1088,0.0,1,0,0,0,2026-08-19T06:20:45.230144+00:00,2026-08-19T06:20:53.875890+00:00
33,569,Garnacho,14,MID,41,1.0028,1.6174,0.28,0.1584,0.2731,0.0024,1,0,0,0,2026-08-19T06:20:45.230144+00:00,2026-08-19T06:20:53.875890+00:00
33,593,Casemiro,14,MID,49,2.318,2.1036,0.68,0.0704,0.638,0.0088,1,2,90,1,2026-08-19T06:20:45.230144+00:00,2026-08-19T06:20:53.875890+00:00
33,609,Antony,14,MID,73,1.1004,1.8791,0.24,0.2128,0.2402,0.004,1,2,70,1,2026-08-19T06:20:45.230144+00:00,2026-08-19T06:20:53.875890+00:00
33,615,Kovár,14,GKP,40,0,0,0.0,0.0,0.0,0,1,0,0,0,2026-08-19T06:20:45.230144+00:00,2026-08-19T06:20:53.875890+00:00
33,643,Mainoo,14,MID,45,0.4548,0.8892,0.1,0.198,0.1088,0.0,1,0,0,0,2026-08-19T06:20:45.230144+00:00,2026-08-19T06:20:53.875890+00:00
33,656,Bishop,14,GKP,40,0.1652,0.7275,0.04,0.0384,0.0403,0.0,1,0,0,0,2026-08-19T06:20:45.230144+00:00,2026-08-19T06:20:53.875890+00:00
33,660,Shoretire,14,FWD,45,0,0,0.0,0.0,0.0,0,1,0,0,0,2026-08-19T06:20:45.230144+00:00,2026-08-19T06:20:53.875890+00:00
33,674,Bennett,14,DEF,40,0.4852,1.1088,0.1,0.198,0.1088,0.0,1,0,0,0,2026-08-19T06:20:45.230144+00:00,2026-08-19T06:20:53.875890+00:00
33,701,Weghorst,14,FWD,54,1.3092,1.6527,0.48,0.1144,0.4556,0.004,1,1,19,0,2026-08-19T06:20:45.230144+00:00,2026-08-19T06:20:53.875890+00:00
33,728,Sabitzer,14,MID,47,0,0,0.0,0.0,0.0,0,1,0,0,0,2026-08-19T06:20:45.230144+00:00,2026-08-19T06:20:53.875890+00:00
33,759,Jurado,14,DEF,40,0.494,1.1755,0.1,0.198,0.1088,0.0008,1,0,0,0,2026-08-19T06:20:45.230144+00:00,2026-08-19T06:20:53.875890+00:00
33,195,Gordon,15,MID,51,1.708,1.7422,0.68,0.0704,0.638,0.0044,1,1,3,0,2026-08-19T06:20:45.230144+00:00,2026-08-19T06:20:53.875890+00:00
33,350,Ritchie,15,DEF,42,0,0,0.0,0.0,0.0,0,1,0,0,0,2026-08-19T06:20:45.230144+00:00,2026-08-19T06:20:53.875890+00:00
33,351,Fernández,15,DEF,44,0,0,0.0,0.0,0.0,0,1,0,0,0,2026-08-19T06:20:45.230144+00:00,2026-08-19T06:20:53.875890+00:00
33,352,Clark,15,DEF,45,0,0,0.0,0.0,0.0,0,1,0,0,0,2026-08-19T06:20:45.230144+00:00,2026-08-19T06:20:53.875890+00:00
33,353,Darlow,15,GKP,39,0,0,0.0,0.0,0.0,0,1,0,0,0,2026-08-19T06:20:45.230144+00:00,2026-08-19T06:20:53.875890+00:00
33,355,Dubravka,15,GKP,41,3.8,2.3149,0.88,0.0048,0.8188,0.0052,1,0,0,0,2026-08-19T06:20:45.230144+00:00,2026-08-19T06:20:53.875890+00:00
33,356,Wilson,15,FWD,69,2.4116,2.293,0.68,0.0896,0.6396,0.0136,1,13,86,1,2026-08-19T06:20:45.230144+00:00,2026-08-19T06:20:53.875890+00:00
33,357,Trippier,15,DEF,62,3.4784,2.5574,0.9,0.018,0.8384,0.0184,1,2,90,1,2026-08-19T06:20:45.230144+00:00,2026-08-19T06:20:53.875890+00:00
33,358,Burn,15,DEF,45,0.7244,1.5003,0.22,0.1404,0.2158,0.0008,1,1,22,0,2026-08-19T06:20:45.230144+00:00,2026-08-19T06:20:53.875890+00:00
33,359,Fraser,15,MID,52,0.858,1.2872,0.28,0.1584,0.2731,0.0,1,0,0,0,2026-08-19T06:20:45.230144+00:00,2026-08-19T06:20:53.875890+00:00
33,360,Lascelles,15,DEF,43,0,0,0.0,0.0,0.0,0,1,0,0,0,2026-08-19T06:20:45.230144+00:00,2026-08-19T06:20:53.875890+00:00
33,361,Gayle,15,FWD,45,0,0,0.0,0.0,0.0,0,1,0,0,0,2026-08-19T06:20:45.230144+00:00,2026-08-19T06:20:53.875890+00:00
33,362,Dummett,15,DEF,39,0.438,1.0187,0.1,0.198,0.1088,0.0,1,0,0,0,2026-08-19T06:20:45.230144+00:00,2026-08-19T06:20:53.875890+00:00
33,363,Manquillo,15,DEF,42,0,0,0.0,0.0,0.0,0,1,0,0,0,2026-08-19T06:20:45.230144+00:00,2026-08-19T06:20:53.875890+00:00
33,364,Krafth,15,DEF,43,0,0,0.0,0.0,0.0,0,1,0,0,0,2026-08-19T06:20:45.230144+00:00,2026-08-19T06:20:53.875890+00:00
33,365,Murphy,15,MID,41,1.6408,1.8118,0.48,0.1144,0.4556,0.004,1,6,22,0,2026-08-19T06:20:45.230144+00:00,2026-08-19T06:20:53.875890+00:00
33,366,Schär,15,DEF,51,2.5304,2.5898,0.82,0.0324,0.7652,0.0184,1,2,90,1,2026-08-19T06:20:45.230144+00:00,2026-08-19T06:20:53.875890+00:00
33,367,Targett,15,DEF,47,1.0448,1.7605,0.28,0.1584,0.2731,0.0024,1,5,67,1,2026-08-19T06:20:45.230144+00:00,2026-08-19T06:20:53.875890+00:00
33,368,Saint-Maximin,15,MID,61,1.6828,1.9885,0.48,0.1456,0.458,0.006,1,0,0,0,2026-08-19T06:20:45.230144+00:00,2026-08-19T06:20:53.875890+00:00
33,369,Almirón,15,MID,54,2.7636,1.9472,0.82,0.0324,0.7652,0.0056,1,3,67,1,2026-08-19T06:20:45.230144+00:00,2026-08-19T06:20:53.875890+00:00
33,370,S.Longstaff,15,MID,43,2.3192,1.8237,0.82,0.0324,0.7652,0.0056,1,3,73,1,2026-08-19T06:20:45.230144+00:00,2026-08-19T06:20:53.875890+00:00
33,371,Joelinton,15,MID,60,0,0,0.0,0.0,0.0,0,1,9,90,1,2026-08-19T06:20:45.230144+00:00,2026-08-19T06:20:53.875890+00:00
33,372,Lewis,15,DEF,44,0.4908,1.1863,0.1,0.198,0.1088,0.0008,1,0,0,0,2026-08-19T06:20:45.230144+00:00,2026-08-19T06:20:53.875890+00:00
33,373,Willock,15,MID,47,0,0,0.0,0.0,0.0,0,1,5,86,1,2026-08-19T06:20:45.230144+00:00,2026-08-19T06:20:53.875890+00:00
33,374,Bruno Guimarães,15,MID,55,2.1764,1.6027,0.82,0.0324,0.7652,0.0016,1,6,90,1,2026-08-19T06:20:45.230144+00:00,2026-08-19T06:20:53.875890+00:00
33,375,Hendrick,15,MID,45,0,0,0.0,0.0,0.0,0,1,0,0,0,2026-08-19T06:20:45.230144+00:00,2026-08-19T06:20:53.875890+00:00
33,376,Pope,15,GKP,54,0,0,0.0,0.0,0.0,0,1,3,90,1,2026-08-19T06:20:45.230144+00:00,2026-08-19T06:20:53.875890+00:00
33,377,Botman,15,DEF,45,0.8204,1.6054,0.22,0.1404,0.2158,0.002,1,2,90,1,2026-08-19T06:20:45.230144+00:00,2026-08-19T06:20:53.875890+00:00
33,552,Anderson,15,MID,43,0.4156,0.8741,0.1,0.198,0.1088,0.0004,1,1,3,0,2026-08-19T06:20:45.230144+00:00,2026-08-19T06:20:53.875890+00:00
33,555,Ashby,15,DEF,38,0.4908,1.1873,0.1,0.198,0.1088,0.0008,1,0,0,0,2026-08-19T06:20:45.230144+00:00,2026-08-19T06:20:53.875890+00:00
33,594,Isak,15,FWD,68,2.1288,2.562,0.48,0.1456,0.458,0.0168,1,1,16,0,2026-08-19T06:20:45.230144+00:00,2026-08-19T06:20:53.875890+00:00
33,626,Karius,15,GKP,39,0.1524,0.7148,0.04,0.0384,0.0403,0.0,1,0,0,0,2026-08-19T06:20:45.230144+00:00,2026-08-19T06:20:53.875890+00:00
33,683,Kuol,15,MID,45,0,0,0.0,0.0,0.0,0,1,0,0,0,2026-08-19T06:20:45.230144+00:00,2026-08-19T06:20:53.875890+00:00
33,741,Miley,15,MID,45,0.4792,0.9685,0.1,0.198,0.1088,0.0,1,0,0,0,2026-08-19T06:20:45.230144+00:00,2026-08-19T06:20:53.875890+00:00
33,776,Gillespie,15,GKP,40,0.1652,0.7693,0.04,0.0384,0.0403,0.0,1,,,,2026-08-19T06:20:45.230144+00:00,
33,295,N.Williams,16,DEF,38,0,0,0.0,0.0,0.0,0,1,2,64,1,2026-08-19T06:20:45.230144+00:00,2026-08-19T06:20:53.875890+00:00
33,349,Shelvey,16,MID,48,0.9052,1.3618,0.28,0.1584,0.2731,0.0004,1,0,0,0,2026-08-19T06:20:45.230144+00:00,2026-08-19T06:20:53.875890+00:00
33,354,Wood,16,FWD,56,0,0,0.0,0.0,0.0,0,1,0,0,0,2026-08-19T06:20:45.230144+00:00,2026-08-19T06:20:53.875890+00:00
33,378,Arter,16,MID,41,0.5032,0.9899,0.1,0.198,0.1088,0.0004,1,0,0,0,2026-08-19T06:20:45.230144+00:00,2026-08-19T06:20:53.875890+00:00
33,379,Cook,16,DEF,43,0.7084,1.4398,0.22,0.1716,0.2183,0.0008,1,0,0,0,2026-08-19T06:20:45.230144+00:00,2026-08-19T06:20:53.875890+00:00
33,380,Lyle Taylor,16,FWD,41,0.4608,0.9679,0.1,0.198,0.1088,0.0008,1,0,0,0,2026-08-19T06:20:45.230144+00:00,2026-08-19T06:20:53.875890+00:00
33,381,Colback,16,MID,41,0.5624,1.0155,0.14,0.1892,0.1453,0.0,1,0,0,0,2026-08-19T06:20:45.230144+00:00,2026-08-19T06:20:53.875890+00:00
33,382,Samba,16,GKP,45,0,0,0.0,0.0,0.0,0,1,0,0,0,2026-08-19T06:20:45.230144+00:00,2026-08-19T06:20:53.875890+00:00
33,383,Cafú,16,MID,42,0.4932,1.0048,0.1,0.198,0.1088,0.0004,1,0,0,0,2026-08-19T06:20:45.230144+00:00,2026-08-19T06:20:53.875890+00:00
33,384,Lolley,16,MID,49,0,0,0.0,0.0,0.0,0,1,0,0,0,2026-08-19T06:20:45.230144+00:00,2026-08-19T06:20:53.875890+00:00
33,385,McKenna,16,DEF,44,0,0,0.0,0.0,0.0,0,1,0,0,0,2026-08-19T06:20:45.230144+00:00,2026-08-19T06:20:53.875890+00:00
33,386,Dräger,16,DEF,40,0,0,0.0,0.0,0.0,0,1,0,0,0,2026-08-19T06:20:45.230144+00:00,2026-08-19T06:20:53.875890+00:00
33,387,Yates,16,MID,50,1.7192,1.4426,0.68,0.0704,0.638,0.0012,1,0,0,0,2026-08-19T06:20:45.230144+00:00,2026-08-19T06:20:53.875890+00:00
33,388,Worrall,16,DEF,42,0.8004,1.6671,0.22,0.1404,0.2158,0.0028,1,2,76,1,2026-08-19T06:20:45.230144+00:00,2026-08-19T06:20:53.875890+00:00
33,389,Panzo,16,DEF,40,0,0,0.0,0.0,0.0,0,1,0,0,0,2026-08-19T06:20:45.230144+00:00,2026-08-19T06:20:53.875890+00:00
33,390,Xande Silva,16,MID,50,0,0,0.0,0.0,0.0,0,1,0,0,0,2026-08-19T06:20:45.230144+00:00,2026-08-19T06:20:53.875890+00:00
33,391,Surridge,16,FWD,46,0.7164,1.3227,0.18,0.1804,0.1818,0.0012,1,0,0,0,2026-08-19T06:20:45.230144+00:00,2026-08-19T06:20:53.875890+00:00
33,392,Laryea,16,DEF,45,0,0,0.0,0.0,0.0,0,1,0,0,0,2026-08-19T06:20:45.230144+00:00,2026-08-19T06:20:53.875890+00:00
33,393,Mbe Soh,16,DEF,42,0,0,0.0,0.0,0.0,0,1,0,0,0,2026-08-19T06:20:45.230144+00:00,2026-08-19T06:20:53.875890+00:00
33,394,Johnson,16,FWD,56,2.6636,2.0772,0.82,0.0324,0.7652,0.0132,1,0,85,1,2026-08-19T06:20:45.230144+00:00,2026-08-19T06:20:53.875890+00:00
33,395,Mighten,16,MID,49,0,0,0.0,0.0,0.0,0,1,0,0,0,2026-08-19T06:20:45.230144+00:00,2026-08-19T06:20:53.875890+00:00
33,396,Ojeda,16,MID,45,0,0,0.0,0.0,0.0,0,1,0,0,0,2026-08-19T06:20:45.230144+00:00,2026-08-19T06:20:53.875890+00:00
33,397,Awoniyi,16,FWD,56,1.8496,2.1788,0.48,0.1456,0.458,0.0092,1,5,80,1,2026-08-19T06:20:45.230144+00:00,2026-08-19T06:20:53.875890+00:00
33,398,Henderson,16,GKP,46,0,0,0.0,0.0,0.0,0,1,0,0,0,2026-08-19T06:20:45.230144+00:00,2026-08-19T06:20:53.875890+00:00
33,399,Biancone,16,DEF,42,0,0,0.0,0.0,0.0,0,1,0,0,0,2026-08-19T06:20:45.230144+00:00,2026-08-19T06:20:53.875890+00:00
33,474,Boly,16,DEF,41,1.048,1.9696,0.22,0.1716,0.2183,0.0028,1,0,0,0,2026-08-19T06:20:45.230144+00:00,2026-08-19T06:20:53.875890+00:00
33,493,Gibbs-White,16,MID,55,2.7752,2.1715,0.82,0.0324,0.7652,0.0128,1,7,90,1,2026-08-19T06:20:45.230144+00:00,2026-08-19T06:20:53.875890+00:00
33,507,Niakhaté,16,DEF,43,0.836,1.5876,0.22,0.1716,0.2183,0.0012,1,1,13,0,2026-08-19T06:20:45.230144+00:00,2026-08-19T06:20:53.875890+00:00
33,511,Richards,16,DEF,44,0,0,0.0,0.0,0.0,0,1,0,0,0,2026-08-19T06:20:45.230144+00:00,2026-08-19T06:20:53.875890+00:00
33,518,Hennessey,16,GKP,39,3.3292,2.2957,0.88,0.0048,0.8188,0.0008,1,0,0,0,2026-08-19T06:20:45.230144+00:00,2026-08-19T06:20:53.875890+00:00
33,523,Toffolo,16,DEF,43,0.804,1.5441,0.22,0.1716,0.2183,0.0008,1,1,4,0,2026-08-19T06:20:45.230144+00:00,2026-08-19T06:20:53.875890+00:00
33,524,O'Brien,16,MID,47,0,0,0.0,0.0,0.0,0,1,0,0,0,2026-08-19T06:20:45.230144+00:00,2026-08-19T06:20:53.875890+00:00
33,527,Lingard,16,MID,54,0.8328,1.3215,0.24,0.1672,0.2366,0.0008,1,0,0,0,2026-08-19T06:20:45.230144+00:00,2026-08-19T06:20:53.875890+00:00
33,536,Mangala,16,MID,49,1.2696,1.5111,0.48,0.1144,0.4556,0.0008,1,2,90,1,2026-08-19T06:20:45.230144+00:00,2026-08-19T06:20:53.875890+00:00
33,553,Hammond,16,MID,43,0.4648,0.9365,0.1,0.198,0.1088,0.0,1,0,0,0,2026-08-19T06:20:45.230144+00:00,2026-08-19T06:20:53.875890+00:00
33,582,Freuler,16,MID,49,1.9676,1.2023,0.82,0.0324,0.7652,0.0004,1,0,0,0,2026-08-19T06:20:45.230144+00:00,2026-08-19T06:20:53.875890+00:00
33,583,Kouyaté,16,MID,44,0.836,1.2439,0.28,0.1584,0.2731,0.0,1,1,25,0,2026-08-19T06:20:45.230144+00:00,2026-08-19T06:20:53.875890+00:00
33,585,Dennis,16,FWD,56,1.0008,1.5852,0.28,0.2016,0.2765,0.0036,1,0,0,0,2026-08-19T06:20:45.230144+00:00,2026-08-19T06:20:53.875890+00:00
33,602,Renan Lodi,16,DEF,43,0.8196,1.6544,0.22,0.1404,0.2158,0.0004,1,5,90,1,2026-08-19T06:20:45.230144+00:00,2026-08-19T06:20:53.875890+00:00
33,621,Badé,16,DEF,45,0,0,0.0,0.0,0.0,0,1,0,0,0,2026-08-19T06:20:45.230144+00:00,2026-08-19T06:20:53.875890+00:00
33,628,Aurier,16,DEF,43,1.0048,1.9561,0.22,0.1716,0.2183,0.0056,1,2,90,1,2026-08-19T06:20:45.230144+00:00,2026-08-19T06:20:53.875890+00:00
33,666,Dale Taylor,16,FWD,45,0,0,0.0,0.0,0.0,0,1,0,0,0,2026-08-19T06:20:45.230144+00:00,2026-08-19T06:20:53.875890+00:00
33,675,Smith,16,GKP,40,0,0,0.0,0.0,0.0,0,1,0,0,0,2026-08-19T06:20:45.230144+00:00,2026-08-19T06:20:53.875890+00:00
33,681,Scarpa,16,MID,47,0.4636,0.9622,0.09,0.2002,0.0997,0.0004,1,0,0,0,2026-08-19T06:20:45.230144+00:00,2026-08-19T06:20:53.875890+00:00
33,703,Danilo,16,MID,45,0.5288,1.0365,0.14,0.1892,0.1453,0.0004,1,9,90,1,2026-08-19T06:20:45.230144+00:00,2026-08-19T06:20:53.875890+00:00
33,729,Navas,16,GKP,45,0,0,0.0,0.0,0.0,0,1,3,90,1,2026-08-19T06:20:45.230144+00:00,2026-08-19T06:20:53.875890+00:00
33,730,Felipe,16,DEF,45,0.5532,1.3793,0.11,0.1958,0.118,0.0024,1,1,90,1,2026-08-19T06:20:45.230144+00:00,2026-08-19T06:20:53.875890+00:00
33,734,A.Ayew,16,MID,50,0.7356,1.4219,0.18,0.1804,0.1818,0.0012,1,1,10,0,2026-08-19T06:20:45.230144+00:00,2026-08-19T06:20:53.875890+00:00
33,749,G.Shelvey,16,GKP,40,0.1872,0.846,0.04,0.0384,0.0403,0.0,1,0,0,0,2026-08-19T06:20:45.230144+00:00,2026-08-19T06:20:53.875890+00:00
33,21,Maitland-Niles,17,MID,48,1.2728,1.3925,0.48,0.1144,0.4556,0.0016,1,1,54,1,2026-08-19T06:20:45.230144+00:00,2026-08-19T06:20:53.875890+00:00
33,321,Lavia,17,MID,45,1.5088,1.2238,0.68,0.0576,0.637,0.0,1,2,90,1,2026-08-19T06:20:45.230144+00:00,2026-08-19T06:20:53.875890+00:00
33,400,Walcott,17,MID,48,1.0496,1.7836,0.28,0.1584,0.2731,0.0028,1,2,60,1,2026-08-19T06:20:45.230144+00:00,2026-08-19T06:20:53.875890+00:00
33,401,McCarthy,17,GKP,43,0.1632,0.76,0.04,0.0384,0.0403,0.0,1,2,90,1,2026-08-19T06:20:45.230144+00:00,2026-08-19T06:20:53.875890+00:00
33,402,Romeu,17,MID,48,0,0,0.0,0.0,0.0,0,1,0,0,0,2026-08-19T06:20:45.230144+00:00,2026-08-19T06:20:53.875890+00:00
33,403,Redmond,17,MID,53,0,0,0.0,0.0,0.0,0,1,0,0,0,2026-08-19T06:20:45.230144+00:00,2026-08-19T06:20:53.875890+00:00
33,405,S.Armstrong,17,MID,47,1.2724,1.4582,0.48,0.1144,0.4556,0.0008,1,1,29,0,2026-08-19T06:20:45.230144+00:00,2026-08-19T06:20:53.875890+00:00
33,406,Elyounoussi,17,MID,51,1.782,1.5547,0.68,0.0576,0.637,0.0008,1,2,60,1,2026-08-19T06:20:45.230144+00:00,2026-08-19T06:20:53.875890+00:00
33,407,Ward-Prowse,17,MID,62,3.28,2.2724,0.9,0.018,0.8384,0.0156,1,1,45,1,2026-08-19T06:20:45.230144+00:00,2026-08-19T06:20:53.875890+00:00
33,408,A.Armstrong,17,FWD,53,1.3404,1.6176,0.48,0.1144,0.4556,0.0012,1,2,75,1,2026-08-19T06:20:45.230144+00:00,2026-08-19T06:20:53.875890+00:00
33,409,Walker-Peters,17,DEF,44,0.7552,1.5637,0.22,0.1404,0.2158,0.0004,1,2,90,1,2026-08-19T06:20:45.230144+00:00,2026-08-19T06:20:53.875890+00:00
33,410,Bednarek,17,DEF,42,0.8832,1.721,0.22,0.1716,0.2183,0.0032,1,2,90,1,2026-08-19T06:20:45.230144+00:00,2026-08-19T06:20:53.875890+00:00
33,411,Adams,17,FWD,60,0,0,0.0,0.0,0.0,0,1,1,29,0,2026-08-19T06:20:45.230144+00:00,2026-08-19T06:20:53.875890+00:00
33,412,Tella,17,MID,50,0,0,0.0,0.0,0.0,0,1,0,0,0,2026-08-19T06:20:45.230144+00:00,2026-08-19T06:20:53.875890+00:00
33,413,Lyanco,17,DEF,44,0.7648,1.5781,0.22,0.1716,0.2183,0.0024,1,1,45,1,2026-08-19T06:20:45.230144+00:00,2026-08-19T06:20:53.875890+00:00
33,414,Valery,17,DEF,40,0,0,0.0,0.0,0.0,0,1,0,0,0,2026-08-19T06:20:45.230144+00:00,2026-08-19T06:20:53.875890+00:00
33,415,Smallbone,17,MID,45,0,0,0.0,0.0,0.0,0,1,0,0,0,2026-08-19T06:20:45.230144+00:00,2026-08-19T06:20:53.875890+00:00
33,416,Diallo,17,MID,42,1.1228,1.244,0.48,0.1144,0.4556,0.0,1,0,0,0,2026-08-19T06:20:45.230144+00:00,2026-08-19T06:20:53.875890+00:00
33,417,Perraud,17,DEF,41,0,0,0.0,0.0,0.0,0,1,1,35,0,2026-08-19T06:20:45.230144+00:00,2026-08-19T06:20:53.875890+00:00
33,418,Djenepo,17,MID,50,0.9732,1.4576,0.28,0.1584,0.2731,0.0008,1,0,0,0,2026-08-19T06:20:45.230144+00:00,2026-08-19T06:20:53.875890+00:00
33,419,Livramento,17,DEF,44,0.9796,1.9837,0.22,0.1404,0.2158,0.006,1,0,0,0,2026-08-19T06:20:45.230144+00:00,2026-08-19T06:20:53.875890+00:00
33,420,Salisu,17,DEF,43,0,0,0.0,0.0,0.0,0,1,0,0,0,2026-08-19T06:20:45.230144+00:00,2026-08-19T06:20:53.875890+00:00
33,421,Lis,17,GKP,40,0,0,0.0,0.0,0.0,0,1,0,0,0,2026-08-19T06:20:45.230144+00:00,2026-08-19T06:20:53.875890+00:00
33,422,Bazunu,17,GKP,45,3.0368,2.1877,0.88,0.0048,0.8188,0.0004,1,0,0,0,2026-08-19T06:20:45.230144+00:00,2026-08-19T06:20:53.875890+00:00
33,423,Bella-Kotchap,17,DEF,45,0,0,0.0,0.0,0.0,0,1,0,0,0,2026-08-19T06:20:45.230144+00:00,2026-08-19T06:20:53.875890+00:00
33,424,Caballero,17,GKP,39,0.1968,0.8745,0.04,0.0384,0.0403,0.0,1,0,0,0,2026-08-19T06:20:45.230144+00:00,2026-08-19T06:20:53.875890+00:00
33,512,Aribo,17,MID,50,1.3992,1.5551,0.48,0.1144,0.4556,0.0004,1,0,0,0,2026-08-19T06:20:45.230144+00:00,2026-08-19T06:20:53.875890+00:00
33,528,Mara,17,FWD,53,0.8668,1.3823,0.28,0.1584,0.2731,0.0028,1,0,0,0,2026-08-19T06:20:45.230144+00:00,2026-08-19T06:20:53.875890+00:00
33,622,Larios,17,DEF,40,0,0,0.0,0.0,0.0,0,1,0,0,0,2026-08-19T06:20:45.230144+00:00,2026-08-19T06:20:53.875890+00:00
33,623,Caleta-Car,17,DEF,44,0.852,1.6693,0.22,0.1716,0.2183,0.0012,1,2,90,1,2026-08-19T06:20:45.230144+00:00,2026-08-19T06:20:53.875890+00:00
33,624,Edozie,17,MID,46,0,0,0.0,0.0,0.0,0,1,0,0,0,2026-08-19T06:20:45.230144+00:00,2026-08-19T06:20:53.875890+00:00
33,647,Payne,17,MID,45,0,0,0.0,0.0,0.0,0,1,0,0,0,2026-08-19T06:20:45.230144+00:00,2026-08-19T06:20:53.875890+00:00
33,648,Finnigan,17,MID,45,0,0,0.0,0.0,0.0,0,1,0,0,0,2026-08-19T06:20:45.230144+00:00,2026-08-19T06:20:53.875890+00:00
33,671,Morgan,17,FWD,45,0,0,0.0,0.0,0.0,0,1,0,0,0,2026-08-19T06:20:45.230144+00:00,2026-08-19T06:20:53.875890+00:00
33,692,Orsic,17,MID,51,0.738,1.3608,0.18,0.1804,0.1818,0.0008,1,0,0,0,2026-08-19T06:20:45.230144+00:00,2026-08-19T06:20:53.875890+00:00
33,693,Alcaraz,17,MID,50,1.1008,1.7922,0.28,0.1584,0.2731,0.0024,1,2,90,1,2026-08-19T06:20:45.230144+00:00,2026-08-19T06:20:53.875890+00:00
33,716,Bree,17,DEF,45,0.5336,1.2553,0.1,0.198,0.1088,0.0,1,0,0,0,2026-08-19T06:20:45.230144+00:00,2026-08-19T06:20:53.875890+00:00
33,731,Kamaldeen,17,MID,50,1.5008,1.814,0.48,0.1144,0.4556,0.0036,1,1,14,0,2026-08-19T06:20:45.230144+00:00,2026-08-19T06:20:53.875890+00:00
33,732,Onuachu,17,FWD,55,0.6172,1.1074,0.14,0.2408,0.1495,0.0004,1,0,0,0,2026-08-19T06:20:45.230144+00:00,2026-08-19T06:20:53.875890+00:00
33,769,Doyle,17,MID,45,0.5164,1.0337,0.1,0.198,0.1088,0.0,1,,,,2026-08-19T06:20:45.230144+00:00,
33,770,Ballard,17,FWD,45,0.4476,0.9284,0.1,0.198,0.1088,0.0,1,,,,2026-08-19T06:20:45.230144+00:00,
33,778,Amo-Ameyaw,17,MID,45,0.5024,1.0257,0.1,0.198,0.1088,0.0,1,,,,2026-08-19T06:20:45.230144+00:00,
33,425,Lloris,18,GKP,54,0,0,0.0,0.0,0.0,0,1,0,0,0,2026-08-19T06:20:45.230144+00:00,2026-08-19T06:20:53.875890+00:00
33,426,Forster,18,GKP,39,3.2008,2.2723,0.88,0.0048,0.8188,0.0008,1,2,90,1,2026-08-19T06:20:45.230144+00:00,2026-08-19T06:20:53.875890+00:00
33,427,Kane,18,FWD,115,3.7588,2.621,0.9,0.018,0.8384,0.0324,1,11,90,1,2026-08-19T06:20:45.230144+00:00,2026-08-19T06:20:53.875890+00:00
33,428,Son,18,MID,116,2.9488,2.4209,0.82,0.0324,0.7652,0.0168,1,8,86,1,2026-08-19T06:20:45.230144+00:00,2026-08-19T06:20:53.875890+00:00
33,429,Doherty,18,DEF,46,0,0,0.0,0.0,0.0,0,1,0,0,0,2026-08-19T06:20:45.230144+00:00,2026-08-19T06:20:53.875890+00:00
33,430,Dier,18,DEF,51,0,0,0.0,0.0,0.0,0,1,1,90,1,2026-08-19T06:20:45.230144+00:00,2026-08-19T06:20:53.875890+00:00
33,431,Lucas Moura,18,MID,58,1.5612,1.9316,0.45,0.154,0.4308,0.004,1,0,0,0,2026-08-19T06:20:45.230144+00:00,2026-08-19T06:20:53.875890+00:00
33,432,Davies,18,DEF,47,2.3648,2.4548,0.68,0.0576,0.637,0.0072,1,1,13,0,2026-08-19T06:20:45.230144+00:00,2026-08-19T06:20:53.875890+00:00
33,433,Højbjerg,18,MID,54,1.3796,1.6429,0.45,0.099,0.4264,0.0016,1,1,90,1,2026-08-19T06:20:45.230144+00:00,2026-08-19T06:20:53.875890+00:00
33,434,Winks,18,MID,44,0,0,0.0,0.0,0.0,0,1,0,0,0,2026-08-19T06:20:45.230144+00:00,2026-08-19T06:20:53.875890+00:00
33,435,Sánchez,18,DEF,42,0.8208,1.5753,0.22,0.1716,0.2183,0.0008,1,0,0,0,2026-08-19T06:20:45.230144+00:00,2026-08-19T06:20:53.875890+00:00
33,436,R.Sessegnon,18,DEF,44,0,0,0.0,0.0,0.0,0,1,0,0,0,2026-08-19T06:20:45.230144+00:00,2026-08-19T06:20:53.875890+00:00
33,437,Bergwijn,18,MID,55,0,0,0.0,0.0,0.0,0,1,0,0,0,2026-08-19T06:20:45.230144+00:00,2026-08-19T06:20:53.875890+00:00
33,438,Reguilón,18,DEF,42,0,0,0.0,0.0,0.0,0,1,0,0,0,2026-08-19T06:20:45.230144+00:00,2026-08-19T06:20:53.875890+00:00
33,439,Tanganga,18,DEF,38,0.5216,1.2708,0.1,0.198,0.1088,0.0004,1,1,3,0,2026-08-19T06:20:45.230144+00:00,2026-08-19T06:20:53.875890+00:00
33,440,Bentancur,18,MID,53,0,0,0.0,0.0,0.0,0,1,0,0,0,2026-08-19T06:20:45.230144+00:00,2026-08-19T06:20:53.875890+00:00
33,441,Skipp,18,MID,43,1.1792,1.4116,0.48,0.1144,0.4556,0.0004,1,2,90,1,2026-08-19T06:20:45.230144+00:00,2026-08-19T06:20:53.875890+00:00
33,442,Rodon,18,DEF,40,0,0,0.0,0.0,0.0,0,1,0,0,0,2026-08-19T06:20:45.230144+00:00,2026-08-19T06:20:53.875890+00:00
33,443,Romero,18,DEF,49,0,0,0.0,0.0,0.0,0,1,1,90,1,2026-08-19T06:20:45.230144+00:00,2026-08-19T06:20:53.875890+00:00
33,444,Bissouma,18,MID,47,1.1416,1.3608,0.48,0.1144,0.4556,0.0008,1,0,0,0,2026-08-19T06:20:45.230144+00:00,2026-08-19T06:20:53.875890+00:00
33,445,Emerson Royal,18,DEF,48,1.9812,2.5601,0.48,0.1144,0.4556,0.0116,1,0,0,0,2026-08-19T06:20:45.230144+00:00,2026-08-19T06:20:53.875890+00:00
33,446,Kulusevski,18,MID,78,2.366,2.2471,0.68,0.0576,0.637,0.01,1,1,29,0,2026-08-19T06:20:45.230144+00:00,2026-08-19T06:20:53.875890+00:00
33,447,Scarlett,18,FWD,45,0,0,0.0,0.0,0.0,0,1,0,0,0,2026-08-19T06:20:45.230144+00:00,2026-08-19T06:20:53.875890+00:00
33,448,Perišić,18,DEF,53,2.5772,2.7961,0.68,0.0576,0.637,0.0204,1,1,76,1,2026-08-19T06:20:45.230144+00:00,2026-08-19T06:20:53.875890+00:00
33,449,White,18,MID,44,0,0,0.0,0.0,0.0,0,1,0,0,0,2026-08-19T06:20:45.230144+00:00,2026-08-19T06:20:53.875890+00:00
33,450,Sarr,18,MID,42,0.4596,0.9524,0.1,0.198,0.1088,0.0,1,0,0,0,2026-08-19T06:20:45.230144+00:00,2026-08-19T06:20:53.875890+00:00
33,451,Austin,18,GKP,39,0.2228,0.9802,0.04,0.0384,0.0403,0.0,1,0,0,0,2026-08-19T06:20:45.230144+00:00,2026-08-19T06:20:53.875890+00:00
33,452,Devine,18,MID,43,0,0,0.0,0.0,0.0,0,1,0,0,0,2026-08-19T06:20:45.230144+00:00,2026-08-19T06:20:53.875890+00:00
33,453,Parrott,18,FWD,45,0,0,0.0,0.0,0.0,0,1,0,0,0,2026-08-19T06:20:45.230144+00:00,2026-08-19T06:20:53.875890+00:00
33,454,Richarlison,18,FWD,84,1.16,1.8139,0.28,0.2016,0.2765,0.0056,1,2,60,1,2026-08-19T06:20:45.230144+00:00,2026-08-19T06:20:53.875890+00:00
33,513,Lenglet,18,DEF,48,2.2936,2.3915,0.68,0.0576,0.637,0.0076,1,1,90,1,2026-08-19T06:20:45.230144+00:00,2026-08-19T06:20:53.875890+00:00
33,522,Spence,18,DEF,41,0,0,0.0,0.0,0.0,0,1,0,0,0,2026-08-19T06:20:45.230144+00:00,2026-08-19T06:20:53.875890+00:00
33,554,Bryan,18,MID,50,0,0,0.0,0.0,0.0,0,1,0,0,0,2026-08-19T06:20:45.230144+00:00,2026-08-19T06:20:53.875890+00:00
33,713,Danjuma,18,MID,61,1.6752,2.11,0.45,0.154,0.4308,0.0072,1,1,13,0,2026-08-19T06:20:45.230144+00:00,2026-08-19T06:20:53.875890+00:00
33,733,Pedro Porro,18,DEF,48,1.7688,2.452,0.48,0.1144,0.4556,0.012,1,7,76,1,2026-08-19T06:20:45.230144+00:00,2026-08-19T06:20:53.875890+00:00
33,748,Mundle,18,MID,45,0.4832,1.0418,0.1,0.198,0.1088,0.0008,1,0,0,0,2026-08-19T06:20:45.230144+00:00,2026-08-19T06:20:53.875890+00:00
33,758,Abbott,18,MID,45,0.4728,0.9757,0.1,0.198,0.1088,0.0,1,0,0,0,2026-08-19T06:20:45.230144+00:00,2026-08-19T06:20:53.875890+00:00
33,764,Craig,18,MID,45,0.4516,0.9621,0.1,0.198,0.1088,0.0,1,,,,2026-08-19T06:20:45.230144+00:00,
33,777,Alonso,18,MID,45,0.4708,1.0008,0.1,0.198,0.1088,0.0008,1,,,,2026-08-19T06:20:45.230144+00:00,
33,30,Ings,19,FWD,64,2.0832,2.5621,0.48,0.1456,0.458,0.016,1,1,20,0,2026-08-19T06:20:45.230144+00:00,2026-08-19T06:20:53.875890+00:00
33,455,Fabianski,19,GKP,49,3.5024,2.2924,0.9,0.008,0.8376,0.004,1,1,90,1,2026-08-19T06:20:45.230144+00:00,2026-08-19T06:20:53.875890+00:00
33,456,Ogbonna,19,DEF,44,0.9136,1.7186,0.22,0.1716,0.2183,0.0024,1,0,0,0,2026-08-19T06:20:45.230144+00:00,2026-08-19T06:20:53.875890+00:00
33,457,Cresswell,19,DEF,47,2.4836,2.457,0.68,0.0576,0.637,0.0052,1,1,90,1,2026-08-19T06:20:45.230144+00:00,2026-08-19T06:20:53.875890+00:00
33,458,Antonio,19,FWD,70,2.1036,1.9434,0.68,0.0896,0.6396,0.006,1,5,69,1,2026-08-19T06:20:45.230144+00:00,2026-08-19T06:20:53.875890+00:00
33,460,Lanzini,19,MID,50,0.856,1.7733,0.18,0.1804,0.1818,0.0052,1,0,0,0,2026-08-19T06:20:45.230144+00:00,2026-08-19T06:20:53.875890+00:00
33,461,Zouma,19,DEF,44,0.9284,1.8609,0.22,0.1404,0.2158,0.0044,1,1,90,1,2026-08-19T06:20:45.230144+00:00,2026-08-19T06:20:53.875890+00:00
33,462,Masuaku,19,DEF,45,0,0,0.0,0.0,0.0,0,1,0,0,0,2026-08-19T06:20:45.230144+00:00,2026-08-19T06:20:53.875890+00:00
33,463,Coufal,19,DEF,40,0.7988,1.6172,0.22,0.1404,0.2158,0.0008,1,1,90,1,2026-08-19T06:20:45.230144+00:00,2026-08-19T06:20:53.875890+00:00
33,464,Benrahma,19,MID,55,2.758,2.8531,0.68,0.0576,0.637,0.0308,1,2,69,1,2026-08-19T06:20:45.230144+00:00,2026-08-19T06:20:53.875890+00:00
33,465,Bowen,19,MID,80,3.208,2.2998,0.9,0.018,0.8384,0.0172,1,2,90,1,2026-08-19T06:20:45.230144+00:00,2026-08-19T06:20:53.875890+00:00
33,466,Vlasic,19,MID,50,0,0,0.0,0.0,0.0,0,1,0,0,0,2026-08-19T06:20:45.230144+00:00,2026-08-19T06:20:53.875890+00:00
33,467,Rice,19,MID,47,2.5716,1.4657,0.9,0.018,0.8384,0.0028,1,2,90,1,2026-08-19T06:20:45.230144+00:00,2026-08-19T06:20:53.875890+00:00
33,468,Soucek,19,MID,50,2.2008,1.3987,0.82,0.0324,0.7652,0.0012,1,2,90,1,2026-08-19T06:20:45.230144+00:00,2026-08-19T06:20:53.875890+00:00
33,469,Fornals,19,MID,49,1.6836,1.9554,0.48,0.1144,0.4556,0.0044,1,0,0,0,2026-08-19T06:20:45.230144+00:00,2026-08-19T06:20:53.875890+00:00
33,471,Johnson,19,DEF,44,0.8656,1.6178,0.22,0.1716,0.2183,0.0,1,0,0,0,2026-08-19T06:20:45.230144+00:00,2026-08-19T06:20:53.875890+00:00
33,472,Aguerd,19,DEF,48,1.7932,2.4931,0.48,0.1144,0.4556,0.0092,1,1,90,1,2026-08-19T06:20:45.230144+00:00,2026-08-19T06:20:53.875890+00:00
33,473,Areola,19,GKP,43,0.1908,0.8747,0.04,0.0384,0.0403,0.0,1,0,0,0,2026-08-19T06:20:45.230144+00:00,2026-08-19T06:20:53.875890+00:00
33,509,Downes,19,MID,42,0.8468,1.2515,0.28,0.1584,0.2731,0.0004,1,0,0,0,2026-08-19T06:20:45.230144+00:00,2026-08-19T06:20:53.875890+00:00
33,529,Scamacca,19,FWD,66,0,0,0.0,0.0,0.0,0,1,0,0,0,2026-08-19T06:20:45.230144+00:00,2026-08-19T06:20:53.875890+00:00
33,545,Emerson,19,DEF,40,0.5612,1.364,0.11,0.1958,0.118,0.002,1,0,0,0,2026-08-19T06:20:45.230144+00:00,2026-08-19T06:20:53.875890+00:00
33,556,Coventry,19,MID,44,0,0,0.0,0.0,0.0,0,1,0,0,0,2026-08-19T06:20:45.230144+00:00,2026-08-19T06:20:53.875890+00:00
33,572,Oko-Flex,19,MID,44,0,0,0.0,0.0,0.0,0,1,0,0,0,2026-08-19T06:20:45.230144+00:00,2026-08-19T06:20:53.875890+00:00
33,575,Cornet,19,MID,59,1.5696,1.9684,0.45,0.154,0.4308,0.006,1,1,20,0,2026-08-19T06:20:45.230144+00:00,2026-08-19T06:20:53.875890+00:00
33,588,Kehrer,19,DEF,43,0.8432,1.624,0.22,0.1404,0.2158,0.0008,1,0,0,0,2026-08-19T06:20:45.230144+00:00,2026-08-19T06:20:53.875890+00:00
33,603,Paquetá,19,MID,59,2.452,2.3677,0.68,0.0576,0.637,0.0116,1,8,90,1,2026-08-19T06:20:45.230144+00:00,2026-08-19T06:20:53.875890+00:00
33,669,Mubama,19,FWD,45,0.4676,0.9396,0.1,0.198,0.1088,0.0004,1,0,0,0,2026-08-19T06:20:45.230144+00:00,2026-08-19T06:20:53.875890+00:00
33,739,Anang,19,GKP,40,0.1708,0.816,0.04,0.0384,0.0403,0.0,1,0,0,0,2026-08-19T06:20:45.230144+00:00,2026-08-19T06:20:53.875890+00:00
33,740,Hegyi,19,GKP,39,0.1628,0.7614,0.04,0.0384,0.0403,0.0004,1,0,0,0,2026-08-19T06:20:45.230144+00:00,2026-08-19T06:20:53.875890+00:00
33,746,Casey,19,DEF,40,0.5128,1.1672,0.1,0.198,0.1088,0.0,1,0,0,0,2026-08-19T06:20:45.230144+00:00,2026-08-19T06:20:53.875890+00:00
33,459,Dawson,20,DEF,48,2.5312,2.6557,0.68,0.0576,0.637,0.0148,1,6,90,1,2026-08-19T06:20:45.230144+00:00,2026-08-19T06:20:53.875890+00:00
33,476,Jiménez,20,FWD,66,1.0384,1.5614,0.28,0.2016,0.2765,0.0028,1,0,0,0,2026-08-19T06:20:45.230144+00:00,2026-08-19T06:20:53.875890+00:00
33,477,Jonny,20,DEF,43,0.7652,1.4928,0.22,0.1716,0.2183,0.0008,1,0,0,0,2026-08-19T06:20:45.230144+00:00,2026-08-19T06:20:53.875890+00:00
33,478,Sá,20,GKP,50,3.6076,2.3359,0.9,0.008,0.8376,0.0016,1,8,90,1,2026-08-19T06:20:45.230144+00:00,2026-08-19T06:20:53.875890+00:00
33,480,Neves,20,MID,52,2.4164,1.8754,0.82,0.0324,0.7652,0.0048,1,13,90,1,2026-08-19T06:20:45.230144+00:00,2026-08-19T06:20:53.875890+00:00
33,481,Hwang,20,MID,57,1.0444,1.5988,0.28,0.2016,0.2765,0.0008,1,3,78,1,2026-08-19T06:20:45.230144+00:00,2026-08-19T06:20:53.875890+00:00
33,482,Semedo,20,DEF,50,2.486,2.2907,0.82,0.0324,0.7652,0.0028,1,6,90,1,2026-08-19T06:20:45.230144+00:00,2026-08-19T06:20:53.875890+00:00
33,483,Podence,20,MID,52,2.3376,2.1544,0.68,0.0576,0.637,0.0064,1,0,0,0,2026-08-19T06:20:45.230144+00:00,2026-08-19T06:20:53.875890+00:00
33,484,Kilman,20,DEF,43,0.8296,1.6774,0.22,0.1404,0.2158,0.002,1,6,90,1,2026-08-19T06:20:45.230144+00:00,2026-08-19T06:20:53.875890+00:00
33,485,Cundle,20,MID,44,0,0,0.0,0.0,0.0,0,1,0,0,0,2026-08-19T06:20:45.230144+00:00,2026-08-19T06:20:53.875890+00:00
33,486,Neto,20,MID,49,0.9304,1.3344,0.28,0.1584,0.2731,0.0004,1,4,1,0,2026-08-19T06:20:45.230144+00:00,2026-08-19T06:20:53.875890+00:00
33,487,Aït-Nouri,20,DEF,41,0.8004,1.6022,0.22,0.1716,0.2183,0.0028,1,0,0,0,2026-08-19T06:20:45.230144+00:00,2026-08-19T06:20:53.875890+00:00
33,488,Fabio Silva,20,FWD,55,0,0,0.0,0.0,0.0,0,1,0,0,0,2026-08-19T06:20:45.230144+00:00,2026-08-19T06:20:53.875890+00:00
33,489,Toti,20,DEF,38,0.8004,1.6241,0.22,0.1716,0.2183,0.0016,1,0,11,0,2026-08-19T06:20:45.230144+00:00,2026-08-19T06:20:53.875890+00:00
33,490,Chiquinho,20,MID,50,0,0,0.0,0.0,0.0,0,1,0,0,0,2026-08-19T06:20:45.230144+00:00,2026-08-19T06:20:53.875890+00:00
33,491,Adama,20,MID,54,1.6044,1.8746,0.48,0.1144,0.4556,0.0032,1,1,11,0,2026-08-19T06:20:45.230144+00:00,2026-08-19T06:20:53.875890+00:00
33,492,Šarkić,20,GKP,39,0,0,0.0,0.0,0.0,0,1,0,0,0,2026-08-19T06:20:45.230144+00:00,2026-08-19T06:20:53.875890+00:00
33,494,Mosquera,20,DEF,39,0,0,0.0,0.0,0.0,0,1,0,0,0,2026-08-19T06:20:45.230144+00:00,2026-08-19T06:20:53.875890+00:00
33,503,Moutinho,20,MID,46,1.732,1.476,0.68,0.0576,0.637,0.0008,1,0,0,0,2026-08-19T06:20:45.230144+00:00,2026-08-19T06:20:53.875890+00:00
33,516,Collins,20,DEF,43,0.9024,1.7171,0.22,0.1404,0.2158,0.0004,1,1,1,0,2026-08-19T06:20:45.230144+00:00,2026-08-19T06:20:53.875890+00:00
33,557,Smith,20,GKP,39,0,0,0.0,0.0,0.0,0,1,0,0,0,2026-08-19T06:20:45.230144+00:00,2026-08-19T06:20:53.875890+00:00
33,558,Bueno,20,DEF,38,0.9308,1.7153,0.22,0.1716,0.2183,0.0012,1,7,78,1,2026-08-19T06:20:45.230144+00:00,2026-08-19T06:20:53.875890+00:00
33,566,Hodge,20,MID,43,0.4848,0.922,0.1,0.198,0.1088,0.0,1,0,0,0,2026-08-19T06:20:45.230144+00:00,2026-08-19T06:20:53.875890+00:00
33,567,Ronan,20,MID,44,0,0,0.0,0.0,0.0,0,1,0,0,0,2026-08-19T06:20:45.230144+00:00,2026-08-19T06:20:53.875890+00:00
33,568,Campbell,20,MID,44,0,0,0.0,0.0,0.0,0,1,0,0,0,2026-08-19T06:20:45.230144+00:00,2026-08-19T06:20:53.875890+00:00
33,579,Guedes,20,MID,58,0,0,0.0,0.0,0.0,0,1,0,0,0,2026-08-19T06:20:45.230144+00:00,2026-08-19T06:20:53.875890+00:00
33,589,Matheus,20,MID,48,2.3876,1.6209,0.82,0.0324,0.7652,0.0024,1,3,88,1,2026-08-19T06:20:45.230144+00:00,2026-08-19T06:20:53.875890+00:00
33,608,Kalajdžić,20,FWD,53,0,0,0.0,0.0,0.0,0,1,0,0,0,2026-08-19T06:20:45.230144+00:00,2026-08-19T06:20:53.875890+00:00
33,625,Diego Costa,20,FWD,53,1.4216,1.7133,0.48,0.1144,0.4556,0.0036,1,1,88,1,2026-08-19T06:20:45.230144+00:00,2026-08-19T06:20:53.875890+00:00
33,629,Traoré,20,MID,43,0.9068,1.3168,0.28,0.1584,0.2731,0.0,1,0,0,0,2026-08-19T06:20:45.230144+00:00,2026-08-19T06:20:53.875890+00:00
33,657,Fraser,20,FWD,45,0.4684,0.9902,0.1,0.198,0.1088,0.0004,1,0,0,0,2026-08-19T06:20:45.230144+00:00,2026-08-19T06:20:53.875890+00:00
33,658,Griffiths,20,MID,44,0.4632,0.9977,0.1,0.198,0.1088,0.0008,1,0,0,0,2026-08-19T06:20:45.230144+00:00,2026-08-19T06:20:53.875890+00:00
33,664,Lembikisa,20,DEF,40,0.5368,1.3,0.1,0.198,0.1088,0.0008,1,0,0,0,2026-08-19T06:20:45.230144+00:00,2026-08-19T06:20:53.875890+00:00
33,682,Cunha,20,FWD,53,1.7576,1.9983,0.48,0.1144,0.4556,0.004,1,2,67,1,2026-08-19T06:20:45.230144+00:00,2026-08-19T06:20:53.875890+00:00
33,698,Lemina,20,MID,45,1.2524,1.4266,0.48,0.1144,0.4556,0.0016,1,3,90,1,2026-08-19T06:20:45.230144+00:00,2026-08-19T06:20:53.875890+00:00
33,704,Sarabia,20,MID,51,1.8428,2.4581,0.48,0.1144,0.4556,0.014,1,0,0,0,2026-08-19T06:20:45.230144+00:00,2026-08-19T06:20:53.875890+00:00
33,717,Bentley,20,GKP,40,0.1808,0.8383,0.04,0.0384,0.0403,0.0,1,0,0,0,2026-08-19T06:20:45.230144+00:00,2026-08-19T06:20:53.875890+00:00
33,721,João Gomes,20,MID,45,0.8876,1.3528,0.28,0.1584,0.2731,0.0012,1,0,22,0,2026-08-19T06:20:45.230144+00:00,2026-08-19T06:20:53.875890+00:00
