gw,player_id,web_name,team_id,position,now_cost,mu,sigma,p_start,p_sub,p_60,p_10_plus,n_fixtures,actual_points,actual_minutes,did_start,captured_at,scored_at
34,3,Xhaka,1,MID,48,2.5848,1.8858,0.82,0.0324,0.7652,0.004,1,13,90,1,2026-08-19T06:20:46.775195+00:00,2026-08-19T06:20:53.910649+00:00
34,4,Elneny,1,MID,41,0,0,0.0,0.0,0.0,0,1,0,0,0,2026-08-19T06:20:46.775195+00:00,2026-08-19T06:20:53.910649+00:00
34,5,Holding,1,DEF,42,0.864,1.593,0.22,0.1716,0.2183,0.0004,1,1,5,0,2026-08-19T06:20:46.775195+00:00,2026-08-19T06:20:53.910649+00:00
34,6,Partey,1,MID,47,2.5052,1.8815,0.82,0.0324,0.7652,0.0064,1,1,4,0,2026-08-19T06:20:46.775195+00:00,2026-08-19T06:20:53.910649+00:00
34,7,Ødegaard,1,MID,66,4.0576,2.7987,0.9,0.018,0.8384,0.0468,1,15,90,1,2026-08-19T06:20:46.775195+00:00,2026-08-19T06:20:53.910649+00:00
34,8,Tierney,1,DEF,46,1.0168,1.7109,0.28,0.1584,0.2731,0.0008,1,1,17,0,2026-08-19T06:20:46.775195+00:00,2026-08-19T06:20:53.910649+00:00
34,9,Pépé,1,MID,53,0,0,0.0,0.0,0.0,0,1,0,0,0,2026-08-19T06:20:46.775195+00:00,2026-08-19T06:20:53.910649+00:00
34,10,White,1,DEF,50,3.0556,2.5866,0.82,0.0324,0.7652,0.0124,1,2,90,1,2026-08-19T06:20:46.775195+00:00,2026-08-19T06:20:53.910649+00:00
34,11,Nketiah,1,FWD,64,2.2744,2.8947,0.48,0.1456,0.458,0.0368,1,0,0,0,2026-08-19T06:20:46.775195+00:00,2026-08-19T06:20:53.910649+00:00
34,12,Smith Rowe,1,MID,56,1.506,1.8877,0.45,0.154,0.4308,0.0056,1,0,0,0,2026-08-19T06:20:46.775195+00:00,2026-08-19T06:20:53.910649+00:00
34,13,Saka,1,MID,83,2.0664,2.7719,0.45,0.099,0.4264,0.0236,1,2,73,1,2026-08-19T06:20:46.775195+00:00,2026-08-19T06:20:53.910649+00:00
34,14,Tomiyasu,1,DEF,42,0,0,0.0,0.0,0.0,0,1,0,0,0,2026-08-19T06:20:46.775195+00:00,2026-08-19T06:20:53.910649+00:00
34,15,Ramsdale,1,GKP,48,3.2536,2.2381,0.9,0.008,0.8376,0.0004,1,3,90,1,2026-08-19T06:20:46.775195+00:00,2026-08-19T06:20:53.910649+00:00
34,16,Gabriel,1,DEF,53,3.3836,2.7328,0.9,0.018,0.8384,0.022,1,2,84,1,2026-08-19T06:20:46.775195+00:00,2026-08-19T06:20:53.910649+00:00
34,17,Tavares,1,DEF,45,0,0,0.0,0.0,0.0,0,1,0,0,0,2026-08-19T06:20:46.775195+00:00,2026-08-19T06:20:53.910649+00:00
34,19,Martinelli,1,MID,68,0,0,0.0,0.0,0.0,0,1,1,31,0,2026-08-19T06:20:46.775195+00:00,2026-08-19T06:20:53.910649+00:00
34,20,Pablo Marí,1,DEF,45,0,0,0.0,0.0,0.0,0,1,0,0,0,2026-08-19T06:20:46.775195+00:00,2026-08-19T06:20:53.910649+00:00
34,22,Torreira,1,MID,45,0,0,0.0,0.0,0.0,0,1,0,0,0,2026-08-19T06:20:46.775195+00:00,2026-08-19T06:20:53.910649+00:00
34,23,Nelson,1,MID,47,0.4688,1.0154,0.09,0.2002,0.0997,0.0,1,1,16,0,2026-08-19T06:20:46.775195+00:00,2026-08-19T06:20:53.910649+00:00
34,24,Turner,1,GKP,38,0.1516,0.7327,0.04,0.0384,0.0403,0.0,1,0,0,0,2026-08-19T06:20:46.775195+00:00,2026-08-19T06:20:53.910649+00:00
34,25,Fábio Vieira,1,MID,56,1.2676,1.9393,0.28,0.2016,0.2765,0.0076,1,0,0,0,2026-08-19T06:20:46.775195+00:00,2026-08-19T06:20:53.910649+00:00
34,26,Saliba,1,DEF,50,0,0,0.0,0.0,0.0,0,1,0,0,0,2026-08-19T06:20:46.775195+00:00,2026-08-19T06:20:53.910649+00:00
34,27,Marquinhos,1,MID,46,0,0,0.0,0.0,0.0,0,1,0,0,0,2026-08-19T06:20:46.775195+00:00,2026-08-19T06:20:53.910649+00:00
34,28,Jesus,1,FWD,81,2.6768,2.7312,0.68,0.0576,0.637,0.028,1,7,90,1,2026-08-19T06:20:46.775195+00:00,2026-08-19T06:20:53.910649+00:00
34,111,Trossard,1,MID,66,1.374,2.0439,0.34,0.1188,0.3257,0.0044,1,1,58,1,2026-08-19T06:20:46.775195+00:00,2026-08-19T06:20:53.910649+00:00
34,130,Jorginho,1,MID,57,1.7844,1.449,0.68,0.0576,0.637,0.0,1,2,85,1,2026-08-19T06:20:46.775195+00:00,2026-08-19T06:20:53.910649+00:00
34,313,Zinchenko,1,DEF,51,0,0,0.0,0.0,0.0,0,1,2,72,1,2026-08-19T06:20:46.775195+00:00,2026-08-19T06:20:53.910649+00:00
34,607,Smith,1,MID,44,0.468,0.9332,0.1,0.198,0.1088,0.0,1,0,0,0,2026-08-19T06:20:46.775195+00:00,2026-08-19T06:20:53.910649+00:00
34,630,Nwaneri,1,MID,45,0,0,0.0,0.0,0.0,0,1,0,0,0,2026-08-19T06:20:46.775195+00:00,2026-08-19T06:20:53.910649+00:00
34,631,Sousa,1,DEF,40,0.5364,1.246,0.1,0.198,0.1088,0.0016,1,0,0,0,2026-08-19T06:20:46.775195+00:00,2026-08-19T06:20:53.910649+00:00
34,655,Hein,1,GKP,39,0.1524,0.7314,0.04,0.0384,0.0403,0.0,1,0,0,0,2026-08-19T06:20:46.775195+00:00,2026-08-19T06:20:53.910649+00:00
34,668,Cozier-Duberry,1,MID,45,0.5272,1.0926,0.1,0.198,0.1088,0.0004,1,0,0,0,2026-08-19T06:20:46.775195+00:00,2026-08-19T06:20:53.910649+00:00
34,685,Butler-Oyedeji,1,FWD,45,0,0,0.0,0.0,0.0,0,1,0,0,0,2026-08-19T06:20:46.775195+00:00,2026-08-19T06:20:53.910649+00:00
34,710,Kiwior,1,DEF,40,0.5368,1.3257,0.1,0.198,0.1088,0.0012,1,2,90,1,2026-08-19T06:20:46.775195+00:00,2026-08-19T06:20:53.910649+00:00
34,751,Walters,1,DEF,40,0.4896,1.2179,0.1,0.198,0.1088,0.0012,1,0,0,0,2026-08-19T06:20:46.775195+00:00,2026-08-19T06:20:53.910649+00:00
34,767,Bandeira,1,MID,45,0.4624,0.9403,0.1,0.198,0.1088,0.0,1,,,,2026-08-19T06:20:46.775195+00:00,
34,29,Coutinho,2,MID,66,0,0,0.0,0.0,0.0,0,1,0,0,0,2026-08-19T06:20:46.775195+00:00,2026-08-19T06:20:53.910649+00:00
34,31,Martínez,2,GKP,50,3.0504,2.2106,0.9,0.008,0.8376,0.0016,1,3,90,1,2026-08-19T06:20:46.775195+00:00,2026-08-19T06:20:53.910649+00:00
34,32,Chambers,2,DEF,42,0.7576,1.4704,0.22,0.1716,0.2183,0.0012,1,1,26,0,2026-08-19T06:20:46.775195+00:00,2026-08-19T06:20:53.910649+00:00
34,33,Digne,2,DEF,45,0.7336,1.4906,0.22,0.1716,0.2183,0.0008,1,1,15,0,2026-08-19T06:20:46.775195+00:00,2026-08-19T06:20:53.910649+00:00
34,34,Traoré,2,MID,49,0.658,1.2264,0.18,0.1804,0.1818,0.0016,1,1,26,0,2026-08-19T06:20:46.775195+00:00,2026-08-19T06:20:53.910649+00:00
34,35,Olsen,2,GKP,39,0.1624,0.7649,0.04,0.0384,0.0403,0.0,1,0,0,0,2026-08-19T06:20:46.775195+00:00,2026-08-19T06:20:53.910649+00:00
34,36,Sanson,2,MID,43,0,0,0.0,0.0,0.0,0,1,0,0,0,2026-08-19T06:20:46.775195+00:00,2026-08-19T06:20:53.910649+00:00
34,37,McGinn,2,MID,51,2.1876,1.6702,0.82,0.0324,0.7652,0.0044,1,2,90,1,2026-08-19T06:20:46.775195+00:00,2026-08-19T06:20:53.910649+00:00
34,38,Hause,2,DEF,44,0,0,0.0,0.0,0.0,0,1,0,0,0,2026-08-19T06:20:46.775195+00:00,2026-08-19T06:20:53.910649+00:00
34,39,Mings,2,DEF,47,2.7088,2.1528,0.9,0.018,0.8384,0.0036,1,2,90,1,2026-08-19T06:20:46.775195+00:00,2026-08-19T06:20:53.910649+00:00
34,40,Watkins,2,FWD,77,3.2484,2.4346,0.82,0.0324,0.7652,0.0232,1,2,90,1,2026-08-19T06:20:46.775195+00:00,2026-08-19T06:20:53.910649+00:00
34,41,Nakamba,2,MID,43,0,0,0.0,0.0,0.0,0,1,0,0,0,2026-08-19T06:20:46.775195+00:00,2026-08-19T06:20:53.910649+00:00
34,42,Buendía,2,MID,57,2.948,2.3111,0.82,0.0324,0.7652,0.0172,1,2,75,1,2026-08-19T06:20:46.775195+00:00,2026-08-19T06:20:53.910649+00:00
34,43,Cash,2,DEF,46,1.9,1.9832,0.68,0.0576,0.637,0.0,1,0,0,0,2026-08-19T06:20:46.775195+00:00,2026-08-19T06:20:53.910649+00:00
34,44,Konsa,2,DEF,44,0.7576,1.5096,0.22,0.1404,0.2158,0.0012,1,2,90,1,2026-08-19T06:20:46.775195+00:00,2026-08-19T06:20:53.910649+00:00
34,45,Bailey,2,MID,43,2.33,2.3119,0.68,0.0576,0.637,0.0132,1,0,0,0,2026-08-19T06:20:46.775195+00:00,2026-08-19T06:20:53.910649+00:00
34,46,Douglas Luiz,2,MID,48,2.4744,1.9,0.82,0.0324,0.7652,0.0028,1,2,90,1,2026-08-19T06:20:46.775195+00:00,2026-08-19T06:20:53.910649+00:00
34,47,Ramsey,2,MID,52,2.5332,1.936,0.82,0.0324,0.7652,0.006,1,2,90,1,2026-08-19T06:20:46.775195+00:00,2026-08-19T06:20:53.910649+00:00
34,49,Iroegbunam,2,MID,45,0,0,0.0,0.0,0.0,0,1,0,0,0,2026-08-19T06:20:46.775195+00:00,2026-08-19T06:20:53.910649+00:00
34,50,Diego Carlos,2,DEF,47,0.6364,1.3464,0.18,0.1804,0.1818,0.0012,1,0,0,0,2026-08-19T06:20:46.775195+00:00,2026-08-19T06:20:53.910649+00:00
34,51,El Ghazi,2,MID,48,0,0,0.0,0.0,0.0,0,1,0,0,0,2026-08-19T06:20:46.775195+00:00,2026-08-19T06:20:53.910649+00:00
34,52,Davis,2,FWD,54,0,0,0.0,0.0,0.0,0,1,0,0,0,2026-08-19T06:20:46.775195+00:00,2026-08-19T06:20:53.910649+00:00
34,53,Kamara,2,MID,48,1.5784,1.2635,0.68,0.0576,0.637,0.0004,1,0,0,0,2026-08-19T06:20:46.775195+00:00,2026-08-19T06:20:53.910649+00:00
34,54,Archer,2,FWD,42,0,0,0.0,0.0,0.0,0,1,0,0,0,2026-08-19T06:20:46.775195+00:00,2026-08-19T06:20:53.910649+00:00
34,55,Philogene-Bidace,2,MID,45,0,0,0.0,0.0,0.0,0,1,0,0,0,2026-08-19T06:20:46.775195+00:00,2026-08-19T06:20:53.910649+00:00
34,56,Guilbert,2,DEF,39,0,0,0.0,0.0,0.0,0,1,0,0,0,2026-08-19T06:20:46.775195+00:00,2026-08-19T06:20:53.910649+00:00
34,479,Dendoncker,2,MID,47,1.3048,1.3652,0.48,0.1144,0.4556,0.0004,1,2,63,1,2026-08-19T06:20:46.775195+00:00,2026-08-19T06:20:53.910649+00:00
34,525,Augustinsson,2,DEF,43,0,0,0.0,0.0,0.0,0,1,0,0,0,2026-08-19T06:20:46.775195+00:00,2026-08-19T06:20:53.910649+00:00
34,537,Kesler Hayden,2,DEF,40,0,0,0.0,0.0,0.0,0,1,0,0,0,2026-08-19T06:20:46.775195+00:00,2026-08-19T06:20:53.910649+00:00
34,538,Young,2,DEF,43,0.7136,1.416,0.22,0.1404,0.2158,0.0004,1,2,63,1,2026-08-19T06:20:46.775195+00:00,2026-08-19T06:20:53.910649+00:00
34,638,Bogarde,2,DEF,40,0,0,0.0,0.0,0.0,0,1,0,0,0,2026-08-19T06:20:46.775195+00:00,2026-08-19T06:20:53.910649+00:00
34,670,Marschall,2,GKP,40,0,0,0.0,0.0,0.0,0,1,0,0,0,2026-08-19T06:20:46.775195+00:00,2026-08-19T06:20:53.910649+00:00
34,672,Kadan Young,2,MID,45,0,0,0.0,0.0,0.0,0,1,0,0,0,2026-08-19T06:20:46.775195+00:00,2026-08-19T06:20:53.910649+00:00
34,694,Álex Moreno,2,DEF,45,0,0,0.0,0.0,0.0,0,1,2,74,1,2026-08-19T06:20:46.775195+00:00,2026-08-19T06:20:53.910649+00:00
34,707,Sinisalo,2,GKP,40,0.154,0.6998,0.04,0.0384,0.0403,0.0,1,0,0,0,2026-08-19T06:20:46.775195+00:00,2026-08-19T06:20:53.910649+00:00
34,711,Durán,2,FWD,55,1.3268,1.5731,0.45,0.154,0.4308,0.0032,1,1,14,0,2026-08-19T06:20:46.775195+00:00,2026-08-19T06:20:53.910649+00:00
34,744,Swinkels,2,DEF,40,0.4916,1.1559,0.1,0.198,0.1088,0.0004,1,0,0,0,2026-08-19T06:20:46.775195+00:00,2026-08-19T06:20:53.910649+00:00
34,745,Zych,2,GKP,40,0.182,0.8224,0.04,0.0384,0.0403,0.0,1,0,0,0,2026-08-19T06:20:46.775195+00:00,2026-08-19T06:20:53.910649+00:00
34,753,Wright,2,GKP,40,0.1472,0.667,0.04,0.0384,0.0403,0.0,1,0,0,0,2026-08-19T06:20:46.775195+00:00,2026-08-19T06:20:53.910649+00:00
34,754,Revan,2,DEF,40,0.4872,1.1669,0.1,0.198,0.1088,0.0,1,0,0,0,2026-08-19T06:20:46.775195+00:00,2026-08-19T06:20:53.910649+00:00
34,755,Patterson,2,MID,45,0.4604,0.8989,0.1,0.198,0.1088,0.0,1,0,0,0,2026-08-19T06:20:46.775195+00:00,2026-08-19T06:20:53.910649+00:00
34,761,O'Reilly,2,MID,45,0.4564,0.922,0.1,0.198,0.1088,0.0,1,0,0,0,2026-08-19T06:20:46.775195+00:00,2026-08-19T06:20:53.910649+00:00
34,57,Smith,3,DEF,43,0.7576,1.5579,0.22,0.1404,0.2158,0.0004,1,1,90,1,2026-08-19T06:20:46.775195+00:00,2026-08-19T06:20:53.910649+00:00
34,58,Stanislas,3,MID,48,0,0,0.0,0.0,0.0,0,1,0,0,0,2026-08-19T06:20:46.775195+00:00,2026-08-19T06:20:53.910649+00:00
34,59,Fredericks,3,DEF,44,0,0,0.0,0.0,0.0,0,1,0,0,0,2026-08-19T06:20:46.775195+00:00,2026-08-19T06:20:53.910649+00:00
34,60,Brooks,3,MID,53,0.6988,1.2718,0.18,0.1804,0.1818,0.0004,1,0,0,0,2026-08-19T06:20:46.775195+00:00,2026-08-19T06:20:53.910649+00:00
34,61,Lowe,3,MID,52,0,0,0.0,0.0,0.0,0,1,0,0,0,2026-08-19T06:20:46.775195+00:00,2026-08-19T06:20:53.910649+00:00
34,62,Moore,3,FWD,49,1.4484,1.7895,0.48,0.1144,0.4556,0.0048,1,1,20,0,2026-08-19T06:20:46.775195+00:00,2026-08-19T06:20:53.910649+00:00
34,63,Marcondes,3,MID,47,0,0,0.0,0.0,0.0,0,1,0,0,0,2026-08-19T06:20:46.775195+00:00,2026-08-19T06:20:53.910649+00:00
34,64,Lerma,3,MID,47,2.342,1.4225,0.9,0.018,0.8384,0.0024,1,15,90,1,2026-08-19T06:20:46.775195+00:00,2026-08-19T06:20:53.910649+00:00
34,65,Stacey,3,DEF,42,0.514,1.1662,0.1,0.198,0.1088,0.0,1,1,1,0,2026-08-19T06:20:46.775195+00:00,2026-08-19T06:20:53.910649+00:00
34,66,Solanke,3,FWD,56,2.862,2.2772,0.82,0.0324,0.7652,0.0164,1,8,88,1,2026-08-19T06:20:46.775195+00:00,2026-08-19T06:20:53.910649+00:00
34,67,Cook,3,MID,49,1.7536,1.4533,0.68,0.0576,0.637,0.0008,1,1,17,0,2026-08-19T06:20:46.775195+00:00,2026-08-19T06:20:53.910649+00:00
34,68,Pearson,3,MID,44,0,0,0.0,0.0,0.0,0,1,0,0,0,2026-08-19T06:20:46.775195+00:00,2026-08-19T06:20:53.910649+00:00
34,69,Christie,3,MID,53,1.9712,1.7372,0.68,0.0704,0.638,0.0016,1,2,90,1,2026-08-19T06:20:46.775195+00:00,2026-08-19T06:20:53.910649+00:00
34,70,Billing,3,MID,52,1.5448,2.1039,0.41,0.1062,0.3898,0.0076,1,5,61,1,2026-08-19T06:20:46.775195+00:00,2026-08-19T06:20:53.910649+00:00
34,71,Mepham,3,DEF,43,0.8228,1.6491,0.22,0.1404,0.2158,0.0016,1,0,0,0,2026-08-19T06:20:46.775195+00:00,2026-08-19T06:20:53.910649+00:00
34,72,Travers,3,GKP,42,0.1888,0.8726,0.04,0.0384,0.0403,0.0,1,0,0,0,2026-08-19T06:20:46.775195+00:00,2026-08-19T06:20:53.910649+00:00
34,73,Kelly,3,DEF,43,0.85,1.6526,0.22,0.1404,0.2158,0.0004,1,2,90,1,2026-08-19T06:20:46.775195+00:00,2026-08-19T06:20:53.910649+00:00
34,74,Dembélé,3,MID,47,0,0,0.0,0.0,0.0,0,1,0,0,0,2026-08-19T06:20:46.775195+00:00,2026-08-19T06:20:53.910649+00:00
34,75,Anthony,3,MID,52,1.678,2.0888,0.48,0.1144,0.4556,0.0052,1,4,28,0,2026-08-19T06:20:46.775195+00:00,2026-08-19T06:20:53.910649+00:00
34,76,Zemura,3,DEF,43,0.9124,1.7236,0.22,0.1716,0.2183,0.002,1,0,0,0,2026-08-19T06:20:46.775195+00:00,2026-08-19T06:20:53.910649+00:00
34,77,Dennis,3,GKP,39,0,0,0.0,0.0,0.0,0,1,0,0,0,2026-08-19T06:20:46.775195+00:00,2026-08-19T06:20:53.910649+00:00
34,404,Stephens,3,DEF,43,0.8832,1.6957,0.22,0.1716,0.2183,0.002,1,0,0,0,2026-08-19T06:20:46.775195+00:00,2026-08-19T06:20:53.910649+00:00
34,505,Rothwell,3,MID,49,0.8056,1.2839,0.24,0.1672,0.2366,0.0004,1,2,72,1,2026-08-19T06:20:46.775195+00:00,2026-08-19T06:20:53.910649+00:00
34,535,Tavernier,3,MID,47,0,0,0.0,0.0,0.0,0,1,0,0,0,2026-08-19T06:20:46.775195+00:00,2026-08-19T06:20:53.910649+00:00
34,539,Hill,3,DEF,44,0,0,0.0,0.0,0.0,0,1,0,0,0,2026-08-19T06:20:46.775195+00:00,2026-08-19T06:20:53.910649+00:00
34,571,Randolph,3,GKP,40,0.1728,0.792,0.04,0.0384,0.0403,0.0,1,0,0,0,2026-08-19T06:20:46.775195+00:00,2026-08-19T06:20:53.910649+00:00
34,574,Neto,3,GKP,45,3.6432,2.3508,0.9,0.004,0.8373,0.0044,1,3,90,1,2026-08-19T06:20:46.775195+00:00,2026-08-19T06:20:53.910649+00:00
34,576,Senesi,3,DEF,44,0.92,1.9089,0.22,0.1404,0.2158,0.0056,1,2,90,1,2026-08-19T06:20:46.775195+00:00,2026-08-19T06:20:53.910649+00:00
34,597,Saydee,3,FWD,45,0,0,0.0,0.0,0.0,0,1,0,0,0,2026-08-19T06:20:46.775195+00:00,2026-08-19T06:20:53.910649+00:00
34,598,Bevan,3,DEF,40,0,0,0.0,0.0,0.0,0,1,0,0,0,2026-08-19T06:20:46.775195+00:00,2026-08-19T06:20:53.910649+00:00
34,649,Plain,3,GKP,40,0.1804,0.8401,0.04,0.0384,0.0403,0.0004,1,0,0,0,2026-08-19T06:20:46.775195+00:00,2026-08-19T06:20:53.910649+00:00
34,695,Adu-Adjei,3,FWD,45,0.4504,0.9094,0.1,0.198,0.1088,0.0,1,0,0,0,2026-08-19T06:20:46.775195+00:00,2026-08-19T06:20:53.910649+00:00
34,696,Dacosta Gonzalez,3,MID,44,0.4732,0.9563,0.1,0.198,0.1088,0.0,1,0,0,0,2026-08-19T06:20:46.775195+00:00,2026-08-19T06:20:53.910649+00:00
34,697,Sadi,3,FWD,45,0.4476,0.915,0.1,0.198,0.1088,0.0,1,0,0,0,2026-08-19T06:20:46.775195+00:00,2026-08-19T06:20:53.910649+00:00
34,705,Ouattara,3,MID,50,1.9584,2.4709,0.48,0.1144,0.4556,0.0128,1,2,90,1,2026-08-19T06:20:46.775195+00:00,2026-08-19T06:20:53.910649+00:00
34,706,Pollock,3,FWD,45,0.4688,0.9785,0.1,0.198,0.1088,0.0004,1,0,0,0,2026-08-19T06:20:46.775195+00:00,2026-08-19T06:20:53.910649+00:00
34,714,Semenyo,3,FWD,50,0,0,0.0,0.0,0.0,0,1,6,7,0,2026-08-19T06:20:46.775195+00:00,2026-08-19T06:20:53.910649+00:00
34,718,Viña,3,DEF,45,0.5228,1.2982,0.1,0.198,0.1088,0.0016,1,2,61,1,2026-08-19T06:20:46.775195+00:00,2026-08-19T06:20:53.910649+00:00
34,722,Zabarnyi,3,DEF,45,0.4688,1.1791,0.1,0.198,0.1088,0.0004,1,0,0,0,2026-08-19T06:20:46.775195+00:00,2026-08-19T06:20:53.910649+00:00
34,723,H.Traorè,3,MID,45,0.6692,1.4296,0.14,0.1892,0.1453,0.0032,1,0,0,0,2026-08-19T06:20:46.775195+00:00,2026-08-19T06:20:53.910649+00:00
34,737,Greenwood,3,DEF,40,0.5148,1.2532,0.1,0.198,0.1088,0.0004,1,0,0,0,2026-08-19T06:20:46.775195+00:00,2026-08-19T06:20:53.910649+00:00
34,738,Kinsey-Wellings,3,DEF,40,0.568,1.3516,0.1,0.198,0.1088,0.0012,1,0,0,0,2026-08-19T06:20:46.775195+00:00,2026-08-19T06:20:53.910649+00:00
34,78,Jansson,4,DEF,42,0,0,0.0,0.0,0.0,0,1,0,0,0,2026-08-19T06:20:46.775195+00:00,2026-08-19T06:20:53.910649+00:00
34,79,Nørgaard,4,MID,53,0,0,0.0,0.0,0.0,0,1,0,0,0,2026-08-19T06:20:46.775195+00:00,2026-08-19T06:20:53.910649+00:00
34,80,Toney,4,FWD,75,0,0,0.0,0.0,0.0,0,1,7,90,1,2026-08-19T06:20:46.775195+00:00,2026-08-19T06:20:53.910649+00:00
34,81,Raya,4,GKP,49,4.1152,2.4891,0.9,0.008,0.8376,0.0128,1,2,90,1,2026-08-19T06:20:46.775195+00:00,2026-08-19T06:20:53.910649+00:00
34,82,Canós,4,DEF,50,0,0,0.0,0.0,0.0,0,1,0,0,0,2026-08-19T06:20:46.775195+00:00,2026-08-19T06:20:53.910649+00:00
34,83,Dasilva,4,MID,41,1.5244,1.7532,0.48,0.1144,0.4556,0.0036,1,9,30,0,2026-08-19T06:20:46.775195+00:00,2026-08-19T06:20:53.910649+00:00
34,84,Ajer,4,DEF,45,0.8136,1.5783,0.22,0.1716,0.2183,0.0012,1,0,0,0,2026-08-19T06:20:46.775195+00:00,2026-08-19T06:20:53.910649+00:00
34,85,Henry,4,DEF,45,0.8836,1.7862,0.22,0.1404,0.2158,0.0028,1,0,59,1,2026-08-19T06:20:46.775195+00:00,2026-08-19T06:20:53.910649+00:00
34,86,Janelt,4,MID,55,2.0764,1.8777,0.68,0.0576,0.637,0.0032,1,2,70,1,2026-08-19T06:20:46.775195+00:00,2026-08-19T06:20:53.910649+00:00
34,87,Ghoddos,4,MID,48,0.634,1.1682,0.18,0.1804,0.1818,0.0,1,1,13,0,2026-08-19T06:20:46.775195+00:00,2026-08-19T06:20:53.910649+00:00
34,88,Jensen,4,MID,48,2.7084,2.0576,0.82,0.0324,0.7652,0.0108,1,2,70,1,2026-08-19T06:20:46.775195+00:00,2026-08-19T06:20:53.910649+00:00
34,89,Wissa,4,MID,53,1.6204,1.989,0.48,0.1144,0.4556,0.0048,1,1,30,0,2026-08-19T06:20:46.775195+00:00,2026-08-19T06:20:53.910649+00:00
34,90,Roerslev,4,DEF,43,0.8448,1.6005,0.22,0.1716,0.2183,0.0004,1,0,0,0,2026-08-19T06:20:46.775195+00:00,2026-08-19T06:20:53.910649+00:00
34,91,Bech,4,DEF,45,0,0,0.0,0.0,0.0,0,1,0,0,0,2026-08-19T06:20:46.775195+00:00,2026-08-19T06:20:53.910649+00:00
34,92,Pinnock,4,DEF,44,0.968,2.0001,0.22,0.1404,0.2158,0.006,1,2,90,1,2026-08-19T06:20:46.775195+00:00,2026-08-19T06:20:53.910649+00:00
34,93,Onyeka,4,MID,48,1.016,1.4818,0.28,0.1584,0.2731,0.0008,1,7,19,0,2026-08-19T06:20:46.775195+00:00,2026-08-19T06:20:53.910649+00:00
34,94,Baptiste,4,MID,45,0.848,1.2377,0.28,0.1584,0.2731,0.0,1,1,19,0,2026-08-19T06:20:46.775195+00:00,2026-08-19T06:20:53.910649+00:00
34,95,Mbeumo,4,FWD,57,2.7808,2.2361,0.82,0.0324,0.7652,0.0128,1,2,90,1,2026-08-19T06:20:46.775195+00:00,2026-08-19T06:20:53.910649+00:00
34,96,Goode,4,DEF,39,0,0,0.0,0.0,0.0,0,1,0,0,0,2026-08-19T06:20:46.775195+00:00,2026-08-19T06:20:53.910649+00:00
34,97,Forss,4,FWD,45,0,0,0.0,0.0,0.0,0,1,0,0,0,2026-08-19T06:20:46.775195+00:00,2026-08-19T06:20:53.910649+00:00
34,98,Thompson,4,DEF,40,0,0,0.0,0.0,0.0,0,1,0,0,0,2026-08-19T06:20:46.775195+00:00,2026-08-19T06:20:53.910649+00:00
34,99,Bidstrup,4,MID,45,0,0,0.0,0.0,0.0,0,1,0,0,0,2026-08-19T06:20:46.775195+00:00,2026-08-19T06:20:53.910649+00:00
34,100,Balcombe,4,GKP,40,0,0,0.0,0.0,0.0,0,1,0,0,0,2026-08-19T06:20:46.775195+00:00,2026-08-19T06:20:53.910649+00:00
34,510,Hickey,4,DEF,49,1.9592,2.1999,0.68,0.0576,0.637,0.0028,1,2,90,1,2026-08-19T06:20:46.775195+00:00,2026-08-19T06:20:53.910649+00:00
34,515,Lewis-Potter,4,MID,52,0,0,0.0,0.0,0.0,0,1,0,0,0,2026-08-19T06:20:46.775195+00:00,2026-08-19T06:20:53.910649+00:00
34,517,Strakosha,4,GKP,43,0.1552,0.7522,0.04,0.0384,0.0403,0.0,1,0,0,0,2026-08-19T06:20:46.775195+00:00,2026-08-19T06:20:53.910649+00:00
34,526,Mee,4,DEF,50,3.036,2.319,0.9,0.018,0.8384,0.0088,1,2,90,1,2026-08-19T06:20:46.775195+00:00,2026-08-19T06:20:53.910649+00:00
34,540,Stevens,4,DEF,40,0,0,0.0,0.0,0.0,0,1,0,0,0,2026-08-19T06:20:46.775195+00:00,2026-08-19T06:20:53.910649+00:00
34,541,Dervişoğlu,4,FWD,45,0,0,0.0,0.0,0.0,0,1,0,0,0,2026-08-19T06:20:46.775195+00:00,2026-08-19T06:20:53.910649+00:00
34,580,Damsgaard,4,MID,50,0.8764,1.3373,0.28,0.1584,0.2731,0.0004,1,1,59,1,2026-08-19T06:20:46.775195+00:00,2026-08-19T06:20:53.910649+00:00
34,595,Zanka,4,DEF,39,0.928,1.8254,0.22,0.1716,0.2183,0.0036,1,0,0,0,2026-08-19T06:20:46.775195+00:00,2026-08-19T06:20:53.910649+00:00
34,632,Trevitt,4,MID,44,0.4676,0.9698,0.1,0.198,0.1088,0.0004,1,0,0,0,2026-08-19T06:20:46.775195+00:00,2026-08-19T06:20:53.910649+00:00
34,633,Cox,4,GKP,39,0,0,0.0,0.0,0.0,0,1,0,0,0,2026-08-19T06:20:46.775195+00:00,2026-08-19T06:20:53.910649+00:00
34,646,Crama,4,DEF,40,0.5236,1.2447,0.1,0.198,0.1088,0.0004,1,0,0,0,2026-08-19T06:20:46.775195+00:00,2026-08-19T06:20:53.910649+00:00
34,650,Yarmolyuk,4,MID,45,0.5036,1.0481,0.1,0.198,0.1088,0.0008,1,0,0,0,2026-08-19T06:20:46.775195+00:00,2026-08-19T06:20:53.910649+00:00
34,688,Schade,4,MID,49,1.0644,1.7666,0.28,0.1584,0.2731,0.0036,1,2,76,1,2026-08-19T06:20:46.775195+00:00,2026-08-19T06:20:53.910649+00:00
34,752,Olakigbe,4,MID,45,0.484,1.0256,0.1,0.198,0.1088,0.0008,1,0,0,0,2026-08-19T06:20:46.775195+00:00,2026-08-19T06:20:53.910649+00:00
34,101,Lallana,5,MID,48,0,0,0.0,0.0,0.0,0,2,0,0,0,2026-08-19T06:20:46.775195+00:00,2026-08-19T06:20:53.910649+00:00
34,102,Steele,5,GKP,39,0.388,1.3235,0.04,0.0384,0.0403,0.0016,2,15,180,1,2026-08-19T06:20:46.775195+00:00,2026-08-19T06:20:53.910649+00:00
34,103,Welbeck,5,FWD,65,4.644,3.2195,0.68,0.0896,0.6396,0.074,2,17,129,1,2026-08-19T06:20:46.775195+00:00,2026-08-19T06:20:53.910649+00:00
34,104,Groß,5,MID,54,5.6192,2.98,0.82,0.0324,0.7652,0.1044,2,14,90,1,2026-08-19T06:20:46.775195+00:00,2026-08-19T06:20:53.910649+00:00
34,106,Dunk,5,DEF,48,6.0924,3.3793,0.9,0.018,0.8384,0.1416,2,11,180,1,2026-08-19T06:20:46.775195+00:00,2026-08-19T06:20:53.910649+00:00
34,107,March,5,MID,53,3.578,3.5078,0.41,0.1062,0.3898,0.0748,2,2,82,1,2026-08-19T06:20:46.775195+00:00,2026-08-19T06:20:53.910649+00:00
34,108,Webster,5,DEF,45,1.7408,2.4115,0.22,0.1404,0.2158,0.0092,2,11,180,1,2026-08-19T06:20:46.775195+00:00,2026-08-19T06:20:53.910649+00:00
34,109,Veltman,5,DEF,46,4.8728,3.661,0.68,0.0576,0.637,0.1,2,5,64,1,2026-08-19T06:20:46.775195+00:00,2026-08-19T06:20:53.910649+00:00
34,113,Sánchez,5,GKP,45,6.5852,3.2465,0.9,0.004,0.8373,0.1836,2,0,0,0,2026-08-19T06:20:46.775195+00:00,2026-08-19T06:20:53.910649+00:00
34,114,Lamptey,5,DEF,42,0,0,0.0,0.0,0.0,0,2,0,0,0,2026-08-19T06:20:46.775195+00:00,2026-08-19T06:20:53.910649+00:00
34,115,Alzate,5,MID,44,0,0,0.0,0.0,0.0,0,2,0,0,0,2026-08-19T06:20:46.775195+00:00,2026-08-19T06:20:53.910649+00:00
34,116,Mac Allister,5,MID,55,7.0892,4.3809,0.82,0.0324,0.7652,0.2668,2,12,115,1,2026-08-19T06:20:46.775195+00:00,2026-08-19T06:20:53.910649+00:00
34,117,Moder,5,MID,44,0,0,0.0,0.0,0.0,0,2,0,0,0,2026-08-19T06:20:46.775195+00:00,2026-08-19T06:20:53.910649+00:00
34,118,Mwepu,5,MID,53,0,0,0.0,0.0,0.0,0,2,0,0,0,2026-08-19T06:20:46.775195+00:00,2026-08-19T06:20:53.910649+00:00
34,119,Sarmiento,5,MID,45,0,0,0.0,0.0,0.0,0,2,0,0,0,2026-08-19T06:20:46.775195+00:00,2026-08-19T06:20:53.910649+00:00
34,120,Caicedo,5,MID,50,3.8164,1.8504,0.82,0.0324,0.7652,0.008,2,3,115,1,2026-08-19T06:20:46.775195+00:00,2026-08-19T06:20:53.910649+00:00
34,121,Richards,5,MID,45,0,0,0.0,0.0,0.0,0,2,0,0,0,2026-08-19T06:20:46.775195+00:00,2026-08-19T06:20:53.910649+00:00
34,122,Roberts,5,DEF,40,0,0,0.0,0.0,0.0,0,2,0,0,0,2026-08-19T06:20:46.775195+00:00,2026-08-19T06:20:53.910649+00:00
34,123,Undav,5,FWD,50,1.49,2.0466,0.18,0.1804,0.1818,0.0096,2,13,94,1,2026-08-19T06:20:46.775195+00:00,2026-08-19T06:20:53.910649+00:00
34,124,Mitoma,5,MID,56,6.562,4.4603,0.68,0.0576,0.637,0.2364,2,4,124,1,2026-08-19T06:20:46.775195+00:00,2026-08-19T06:20:53.910649+00:00
34,125,Enciso,5,FWD,46,1.9704,2.2376,0.28,0.1584,0.2731,0.0104,2,10,154,1,2026-08-19T06:20:46.775195+00:00,2026-08-19T06:20:53.910649+00:00
34,126,Kozłowski,5,MID,45,0,0,0.0,0.0,0.0,0,2,0,0,0,2026-08-19T06:20:46.775195+00:00,2026-08-19T06:20:53.910649+00:00
34,149,Gilmour,5,MID,42,0.9404,1.3594,0.1,0.198,0.1088,0.0,2,6,164,1,2026-08-19T06:20:46.775195+00:00,2026-08-19T06:20:53.910649+00:00
34,542,Scherpen,5,GKP,40,0,0,0.0,0.0,0.0,0,2,0,0,0,2026-08-19T06:20:46.775195+00:00,2026-08-19T06:20:53.910649+00:00
34,543,Clarke,5,DEF,40,0,0,0.0,0.0,0.0,0,2,0,0,0,2026-08-19T06:20:46.775195+00:00,2026-08-19T06:20:53.910649+00:00
34,544,Van Hecke,5,DEF,40,1.0884,1.9084,0.1,0.198,0.1088,0.0056,2,0,0,0,2026-08-19T06:20:46.775195+00:00,2026-08-19T06:20:53.910649+00:00
34,559,Colwill,5,DEF,44,2.0472,2.795,0.22,0.1716,0.2183,0.0224,2,0,15,0,2026-08-19T06:20:46.775195+00:00,2026-08-19T06:20:53.910649+00:00
34,586,Estupiñán,5,DEF,48,5.2028,3.7516,0.68,0.0576,0.637,0.1316,2,16,180,1,2026-08-19T06:20:46.775195+00:00,2026-08-19T06:20:53.910649+00:00
34,596,Ferguson,5,FWD,46,2.594,2.8822,0.28,0.1584,0.2731,0.0316,2,0,0,0,2026-08-19T06:20:46.775195+00:00,2026-08-19T06:20:53.910649+00:00
34,640,Turns,5,DEF,40,0,0,0.0,0.0,0.0,0,2,0,0,0,2026-08-19T06:20:46.775195+00:00,2026-08-19T06:20:53.910649+00:00
34,651,Moran,5,MID,45,0.9204,1.3739,0.1,0.198,0.1088,0.0008,2,0,0,0,2026-08-19T06:20:46.775195+00:00,2026-08-19T06:20:53.910649+00:00
34,652,Furlong,5,DEF,40,0,0,0.0,0.0,0.0,0,2,0,0,0,2026-08-19T06:20:46.775195+00:00,2026-08-19T06:20:53.910649+00:00
34,677,Hinshelwood,5,MID,45,0.9532,1.4175,0.1,0.198,0.1088,0.0008,2,0,0,0,2026-08-19T06:20:46.775195+00:00,2026-08-19T06:20:53.910649+00:00
34,679,Buonanotte,5,MID,45,1.016,1.5755,0.1,0.198,0.1088,0.0044,2,4,96,1,2026-08-19T06:20:46.775195+00:00,2026-08-19T06:20:53.910649+00:00
34,719,Ayari,5,MID,45,0.9972,1.4737,0.1,0.198,0.1088,0.0008,2,1,10,0,2026-08-19T06:20:46.775195+00:00,2026-08-19T06:20:53.910649+00:00
34,736,Offiah,5,DEF,40,1.0752,1.7517,0.1,0.198,0.1088,0.0024,2,0,0,0,2026-08-19T06:20:46.775195+00:00,2026-08-19T06:20:53.910649+00:00
34,756,McGill,5,GKP,40,0.3184,1.0669,0.04,0.0384,0.0403,0.0004,2,0,0,0,2026-08-19T06:20:46.775195+00:00,2026-08-19T06:20:53.910649+00:00
34,762,Peupion,5,MID,45,0.9724,1.4424,0.1,0.198,0.1088,0.0012,2,0,0,0,2026-08-19T06:20:46.775195+00:00,2026-08-19T06:20:53.910649+00:00
34,765,Samuels,5,DEF,40,0,0,0.0,0.0,0.0,0,2,,,,2026-08-19T06:20:46.775195+00:00,
34,48,Chukwuemeka,6,MID,42,0.4612,0.9449,0.1,0.198,0.1088,0.0,1,0,0,0,2026-08-19T06:20:46.775195+00:00,2026-08-19T06:20:53.910649+00:00
34,112,Cucurella,6,DEF,49,0.9412,1.5792,0.34,0.1188,0.3257,0.0,1,0,0,0,2026-08-19T06:20:46.775195+00:00,2026-08-19T06:20:53.910649+00:00
34,127,Azpilicueta,6,DEF,47,1.446,2.0327,0.48,0.1144,0.4556,0.0024,1,1,90,1,2026-08-19T06:20:46.775195+00:00,2026-08-19T06:20:53.910649+00:00
34,128,Thiago Silva,6,DEF,54,2.19,2.2786,0.68,0.0576,0.637,0.0044,1,1,90,1,2026-08-19T06:20:46.775195+00:00,2026-08-19T06:20:53.910649+00:00
34,129,Alonso,6,DEF,53,0,0,0.0,0.0,0.0,0,1,0,0,0,2026-08-19T06:20:46.775195+00:00,2026-08-19T06:20:53.910649+00:00
34,131,Barkley,6,MID,49,0,0,0.0,0.0,0.0,0,1,0,0,0,2026-08-19T06:20:46.775195+00:00,2026-08-19T06:20:53.910649+00:00
34,132,Kovacic,6,MID,49,0.9948,1.4245,0.34,0.1188,0.3257,0.0004,1,4,90,1,2026-08-19T06:20:46.775195+00:00,2026-08-19T06:20:53.910649+00:00
34,133,Arrizabalaga,6,GKP,46,3.3332,2.2815,0.9,0.008,0.8376,0.0032,1,3,90,1,2026-08-19T06:20:46.775195+00:00,2026-08-19T06:20:53.910649+00:00
34,134,Kanté,6,MID,48,0.532,1.0426,0.14,0.1892,0.1453,0.0,1,2,90,1,2026-08-19T06:20:46.775195+00:00,2026-08-19T06:20:53.910649+00:00
34,135,Ziyech,6,MID,55,1.0316,1.5122,0.28,0.2016,0.2765,0.0012,1,1,11,0,2026-08-19T06:20:46.775195+00:00,2026-08-19T06:20:53.910649+00:00
34,136,Loftus-Cheek,6,MID,50,1.2932,1.2803,0.48,0.1144,0.4556,0.0004,1,0,0,0,2026-08-19T06:20:46.775195+00:00,2026-08-19T06:20:53.910649+00:00
34,137,Werner,6,FWD,79,0,0,0.0,0.0,0.0,0,1,0,0,0,2026-08-19T06:20:46.775195+00:00,2026-08-19T06:20:53.910649+00:00
34,138,Kenedy,6,DEF,39,0,0,0.0,0.0,0.0,0,1,0,0,0,2026-08-19T06:20:46.775195+00:00,2026-08-19T06:20:53.910649+00:00
34,139,Chilwell,6,DEF,57,1.0112,1.8342,0.24,0.2128,0.2402,0.0036,1,1,90,1,2026-08-19T06:20:46.775195+00:00,2026-08-19T06:20:53.910649+00:00
34,140,Pulisic,6,MID,56,1.0144,1.4565,0.28,0.2016,0.2765,0.0016,1,0,0,0,2026-08-19T06:20:46.775195+00:00,2026-08-19T06:20:53.910649+00:00
34,141,Chalobah,6,DEF,44,0.6728,1.3342,0.22,0.1716,0.2183,0.0008,1,1,4,0,2026-08-19T06:20:46.775195+00:00,2026-08-19T06:20:53.910649+00:00
34,142,Mount,6,MID,72,1.12,1.5675,0.34,0.1188,0.3257,0.0,1,0,0,0,2026-08-19T06:20:46.775195+00:00,2026-08-19T06:20:53.910649+00:00
34,143,Sarr,6,DEF,50,0,0,0.0,0.0,0.0,0,1,0,0,0,2026-08-19T06:20:46.775195+00:00,2026-08-19T06:20:53.910649+00:00
34,144,Hudson-Odoi,6,MID,53,0,0,0.0,0.0,0.0,0,1,0,0,0,2026-08-19T06:20:46.775195+00:00,2026-08-19T06:20:53.910649+00:00
34,145,Havertz,6,FWD,74,3.0248,2.4315,0.82,0.0324,0.7652,0.0192,1,1,45,1,2026-08-19T06:20:46.775195+00:00,2026-08-19T06:20:53.910649+00:00
34,146,James,6,DEF,58,0,0,0.0,0.0,0.0,0,1,0,0,0,2026-08-19T06:20:46.775195+00:00,2026-08-19T06:20:53.910649+00:00
34,147,Mendy,6,GKP,48,0.3248,1.036,0.08,0.0736,0.0803,0.0,1,0,0,0,2026-08-19T06:20:46.775195+00:00,2026-08-19T06:20:53.910649+00:00
34,148,Gallagher,6,MID,56,1.41,1.6596,0.48,0.1456,0.458,0.0008,1,0,19,0,2026-08-19T06:20:46.775195+00:00,2026-08-19T06:20:53.910649+00:00
34,150,Broja,6,FWD,52,0,0,0.0,0.0,0.0,0,1,0,0,0,2026-08-19T06:20:46.775195+00:00,2026-08-19T06:20:53.910649+00:00
34,151,Ampadu,6,DEF,44,0,0,0.0,0.0,0.0,0,1,0,0,0,2026-08-19T06:20:46.775195+00:00,2026-08-19T06:20:53.910649+00:00
34,272,W.Fofana,6,DEF,43,0.7136,1.4842,0.22,0.1716,0.2183,0.0012,1,1,85,1,2026-08-19T06:20:46.775195+00:00,2026-08-19T06:20:53.910649+00:00
34,304,Sterling,6,MID,97,1.2272,1.8627,0.34,0.1188,0.3257,0.004,1,2,70,1,2026-08-19T06:20:46.775195+00:00,2026-08-19T06:20:53.910649+00:00
34,520,Koulibaly,6,DEF,55,1.9488,2.1832,0.68,0.0576,0.637,0.0044,1,0,0,0,2026-08-19T06:20:46.775195+00:00,2026-08-19T06:20:53.910649+00:00
34,606,Vale,6,MID,45,0,0,0.0,0.0,0.0,0,1,0,0,0,2026-08-19T06:20:46.775195+00:00,2026-08-19T06:20:53.910649+00:00
34,616,Zakaria,6,MID,49,0.9152,1.3755,0.28,0.1584,0.2731,0.0004,1,0,0,0,2026-08-19T06:20:46.775195+00:00,2026-08-19T06:20:53.910649+00:00
34,617,Aubameyang,6,FWD,84,1.2172,1.9278,0.28,0.2016,0.2765,0.0052,1,1,45,1,2026-08-19T06:20:46.775195+00:00,2026-08-19T06:20:53.910649+00:00
34,635,Bettinelli,6,GKP,40,0.0872,0.4477,0.02,0.0392,0.0217,0.0,1,0,0,0,2026-08-19T06:20:46.775195+00:00,2026-08-19T06:20:53.910649+00:00
34,653,Hutchinson,6,MID,42,0.43,0.888,0.1,0.198,0.1088,0.0004,1,0,0,0,2026-08-19T06:20:46.775195+00:00,2026-08-19T06:20:53.910649+00:00
34,661,Hall,6,MID,43,0.8528,1.2696,0.28,0.1584,0.2731,0.0,1,0,0,0,2026-08-19T06:20:46.775195+00:00,2026-08-19T06:20:53.910649+00:00
34,673,Humphreys,6,DEF,45,0,0,0.0,0.0,0.0,0,1,0,0,0,2026-08-19T06:20:46.775195+00:00,2026-08-19T06:20:53.910649+00:00
34,684,D.D.Fofana,6,FWD,50,0.6616,1.2035,0.18,0.1804,0.1818,0.0008,1,0,0,0,2026-08-19T06:20:46.775195+00:00,2026-08-19T06:20:53.910649+00:00
34,689,Badiashile,6,DEF,50,0.8716,1.6732,0.24,0.1672,0.2366,0.0032,1,0,0,0,2026-08-19T06:20:46.775195+00:00,2026-08-19T06:20:53.910649+00:00
34,690,João Félix,6,FWD,72,2.0064,2.4119,0.48,0.1456,0.458,0.0176,1,0,0,0,2026-08-19T06:20:46.775195+00:00,2026-08-19T06:20:53.910649+00:00
34,699,Mudryk,6,MID,65,1.1276,1.7497,0.28,0.2016,0.2765,0.0044,1,1,19,0,2026-08-19T06:20:46.775195+00:00,2026-08-19T06:20:53.910649+00:00
34,702,Andrey Santos,6,MID,45,0,0,0.0,0.0,0.0,0,1,0,0,0,2026-08-19T06:20:46.775195+00:00,2026-08-19T06:20:53.910649+00:00
34,708,Madueke,6,MID,54,0.6876,1.2385,0.18,0.1804,0.1818,0.0,1,8,78,1,2026-08-19T06:20:46.775195+00:00,2026-08-19T06:20:53.910649+00:00
34,724,Enzo,6,MID,50,1.4432,1.6723,0.48,0.1144,0.4556,0.0008,1,2,70,1,2026-08-19T06:20:46.775195+00:00,2026-08-19T06:20:53.910649+00:00
34,771,Wady,6,GKP,40,0.1628,0.7192,0.04,0.0384,0.0403,0.0,1,,,,2026-08-19T06:20:46.775195+00:00,
34,775,Gilchrist,6,DEF,40,0.4264,1.0187,0.1,0.198,0.1088,0.0,1,,,,2026-08-19T06:20:46.775195+00:00,
34,18,Sambi,7,MID,43,0.802,1.1611,0.28,0.1584,0.2731,0.0,1,0,0,0,2026-08-19T06:20:46.775195+00:00,2026-08-19T06:20:53.910649+00:00
34,152,Guaita,7,GKP,44,3.5992,2.3552,0.9,0.004,0.8373,0.0012,1,0,0,0,2026-08-19T06:20:46.775195+00:00,2026-08-19T06:20:53.910649+00:00
34,153,Tomkins,7,DEF,39,0,0,0.0,0.0,0.0,0,1,0,0,0,2026-08-19T06:20:46.775195+00:00,2026-08-19T06:20:53.910649+00:00
34,154,McArthur,7,MID,48,0.6704,1.2211,0.18,0.1804,0.1818,0.0004,1,0,0,0,2026-08-19T06:20:46.775195+00:00,2026-08-19T06:20:53.910649+00:00
34,155,Benteke,7,FWD,55,0,0,0.0,0.0,0.0,0,1,0,0,0,2026-08-19T06:20:46.775195+00:00,2026-08-19T06:20:53.910649+00:00
34,156,Ward,7,DEF,44,0.7872,1.5405,0.22,0.1404,0.2158,0.0,1,1,90,1,2026-08-19T06:20:46.775195+00:00,2026-08-19T06:20:53.910649+00:00
34,157,Clyne,7,DEF,45,0.7256,1.4544,0.22,0.1404,0.2158,0.0004,1,0,0,0,2026-08-19T06:20:46.775195+00:00,2026-08-19T06:20:53.910649+00:00
34,158,Milivojevic,7,MID,42,0,0,0.0,0.0,0.0,0,1,1,1,0,2026-08-19T06:20:46.775195+00:00,2026-08-19T06:20:53.910649+00:00
34,159,J.Ayew,7,MID,52,2.4908,1.8726,0.82,0.0324,0.7652,0.0048,1,6,90,1,2026-08-19T06:20:46.775195+00:00,2026-08-19T06:20:53.910649+00:00
34,160,Zaha,7,MID,72,0,0,0.0,0.0,0.0,0,1,7,83,1,2026-08-19T06:20:46.775195+00:00,2026-08-19T06:20:53.910649+00:00
34,161,Schlupp,7,MID,47,0,0,0.0,0.0,0.0,0,1,8,90,1,2026-08-19T06:20:46.775195+00:00,2026-08-19T06:20:53.910649+00:00
34,163,Hughes,7,MID,48,0.822,1.293,0.28,0.1584,0.2731,0.0008,1,0,0,0,2026-08-19T06:20:46.775195+00:00,2026-08-19T06:20:53.910649+00:00
34,164,Riedewald,7,MID,42,0.5044,0.9903,0.1,0.198,0.1088,0.0004,1,0,0,0,2026-08-19T06:20:46.775195+00:00,2026-08-19T06:20:53.910649+00:00
34,165,Andersen,7,DEF,45,0.7444,1.5628,0.22,0.1404,0.2158,0.0016,1,1,90,1,2026-08-19T06:20:46.775195+00:00,2026-08-19T06:20:53.910649+00:00
34,166,Edouard,7,FWD,50,1.7936,1.7018,0.68,0.0576,0.637,0.0032,1,1,6,0,2026-08-19T06:20:46.775195+00:00,2026-08-19T06:20:53.910649+00:00
34,167,Guéhi,7,DEF,45,0.7488,1.5583,0.22,0.1404,0.2158,0.0008,1,1,90,1,2026-08-19T06:20:46.775195+00:00,2026-08-19T06:20:53.910649+00:00
34,168,Mateta,7,FWD,51,0.9952,1.6464,0.28,0.1584,0.2731,0.002,1,0,0,0,2026-08-19T06:20:46.775195+00:00,2026-08-19T06:20:53.910649+00:00
34,169,Eze,7,MID,55,3.0164,2.2808,0.82,0.0324,0.7652,0.014,1,9,90,1,2026-08-19T06:20:46.775195+00:00,2026-08-19T06:20:53.910649+00:00
34,170,Mitchell,7,DEF,44,0.7668,1.5689,0.22,0.1404,0.2158,0.0016,1,1,90,1,2026-08-19T06:20:46.775195+00:00,2026-08-19T06:20:53.910649+00:00
34,171,Olise,7,MID,54,3.0868,2.2397,0.82,0.0324,0.7652,0.0144,1,5,90,1,2026-08-19T06:20:46.775195+00:00,2026-08-19T06:20:53.910649+00:00
34,172,Rak-Sakyi,7,MID,45,0,0,0.0,0.0,0.0,0,1,0,0,0,2026-08-19T06:20:46.775195+00:00,2026-08-19T06:20:53.910649+00:00
34,173,Ebiowei,7,MID,42,0,0,0.0,0.0,0.0,0,1,0,0,0,2026-08-19T06:20:46.775195+00:00,2026-08-19T06:20:53.910649+00:00
34,174,Ferguson,7,DEF,39,0,0,0.0,0.0,0.0,0,1,0,0,0,2026-08-19T06:20:46.775195+00:00,2026-08-19T06:20:53.910649+00:00
34,175,Johnstone,7,GKP,44,0.1872,0.8798,0.04,0.0384,0.0403,0.0,1,1,90,1,2026-08-19T06:20:46.775195+00:00,2026-08-19T06:20:53.910649+00:00
34,495,Matthews,7,GKP,40,0,0,0.0,0.0,0.0,0,1,0,0,0,2026-08-19T06:20:46.775195+00:00,2026-08-19T06:20:53.910649+00:00
34,496,Plange,7,FWD,45,0,0,0.0,0.0,0.0,0,1,0,0,0,2026-08-19T06:20:46.775195+00:00,2026-08-19T06:20:53.910649+00:00
34,514,C.Doucouré,7,MID,50,2.0328,1.4532,0.82,0.0324,0.7652,0.0008,1,2,90,1,2026-08-19T06:20:46.775195+00:00,2026-08-19T06:20:53.910649+00:00
34,530,Richards,7,DEF,44,0.8656,1.7493,0.22,0.1716,0.2183,0.0044,1,0,0,0,2026-08-19T06:20:46.775195+00:00,2026-08-19T06:20:53.910649+00:00
34,590,Whitworth,7,GKP,40,0.1852,0.8158,0.04,0.0384,0.0403,0.0,1,0,0,0,2026-08-19T06:20:46.775195+00:00,2026-08-19T06:20:53.910649+00:00
34,601,Rodney,7,MID,45,0.4976,0.9956,0.1,0.198,0.1088,0.0004,1,0,0,0,2026-08-19T06:20:46.775195+00:00,2026-08-19T06:20:53.910649+00:00
34,604,Phillips,7,MID,45,0,0,0.0,0.0,0.0,0,1,0,0,0,2026-08-19T06:20:46.775195+00:00,2026-08-19T06:20:53.910649+00:00
34,634,Gordon,7,FWD,45,0,0,0.0,0.0,0.0,0,1,0,0,0,2026-08-19T06:20:46.775195+00:00,2026-08-19T06:20:53.910649+00:00
34,642,Balmer,7,DEF,40,0.5072,1.1618,0.1,0.198,0.1088,0.0004,1,0,0,0,2026-08-19T06:20:46.775195+00:00,2026-08-19T06:20:53.910649+00:00
34,644,Goodman,7,GKP,40,0.2052,0.8972,0.04,0.0384,0.0403,0.0,1,0,0,0,2026-08-19T06:20:46.775195+00:00,2026-08-19T06:20:53.910649+00:00
34,654,Wells-Morrison,7,MID,45,0.486,1.0039,0.1,0.198,0.1088,0.0,1,0,0,0,2026-08-19T06:20:46.775195+00:00,2026-08-19T06:20:53.910649+00:00
34,676,Ozoh,7,MID,45,0.43,0.8957,0.1,0.198,0.1088,0.0,1,0,0,0,2026-08-19T06:20:46.775195+00:00,2026-08-19T06:20:53.910649+00:00
34,725,Ahamada,7,MID,45,0.4824,0.9743,0.1,0.198,0.1088,0.0008,1,0,0,0,2026-08-19T06:20:46.775195+00:00,2026-08-19T06:20:53.910649+00:00
34,766,Adaramola,7,DEF,40,0.5108,1.2179,0.1,0.198,0.1088,0.0012,1,,,,2026-08-19T06:20:46.775195+00:00,
34,110,Maupay,8,FWD,56,1.4228,1.7651,0.48,0.1456,0.458,0.006,1,0,0,0,2026-08-19T06:20:46.775195+00:00,2026-08-19T06:20:53.910649+00:00
34,176,Begović,8,GKP,39,0.1648,0.7544,0.04,0.0384,0.0403,0.0,1,0,0,0,2026-08-19T06:20:46.775195+00:00,2026-08-19T06:20:53.910649+00:00
34,177,Rondón,8,FWD,49,0,0,0.0,0.0,0.0,0,1,0,0,0,2026-08-19T06:20:46.775195+00:00,2026-08-19T06:20:53.910649+00:00
34,178,Coleman,8,DEF,42,0,0,0.0,0.0,0.0,0,1,0,45,1,2026-08-19T06:20:46.775195+00:00,2026-08-19T06:20:53.910649+00:00
34,179,Townsend,8,MID,54,0,0,0.0,0.0,0.0,0,1,0,0,0,2026-08-19T06:20:46.775195+00:00,2026-08-19T06:20:53.910649+00:00
34,180,Keane,8,DEF,42,0.856,1.6939,0.22,0.1716,0.2183,0.0032,1,1,90,1,2026-08-19T06:20:46.775195+00:00,2026-08-19T06:20:53.910649+00:00
34,181,Dele,8,MID,53,0,0,0.0,0.0,0.0,0,1,0,0,0,2026-08-19T06:20:46.775195+00:00,2026-08-19T06:20:53.910649+00:00
34,182,Pickford,8,GKP,44,2.9776,2.1791,0.9,0.004,0.8373,0.0008,1,10,90,1,2026-08-19T06:20:46.775195+00:00,2026-08-19T06:20:53.910649+00:00
34,183,Allan,8,MID,48,0,0,0.0,0.0,0.0,0,1,0,0,0,2026-08-19T06:20:46.775195+00:00,2026-08-19T06:20:53.910649+00:00
34,184,André Gomes,8,MID,45,0,0,0.0,0.0,0.0,0,1,0,0,0,2026-08-19T06:20:46.775195+00:00,2026-08-19T06:20:53.910649+00:00
34,185,A.Doucouré,8,MID,53,1.5236,1.9505,0.48,0.1144,0.4556,0.0068,1,2,90,1,2026-08-19T06:20:46.775195+00:00,2026-08-19T06:20:53.910649+00:00
34,186,Iwobi,8,MID,49,2.4968,1.4845,0.9,0.018,0.8384,0.0028,1,10,90,1,2026-08-19T06:20:46.775195+00:00,2026-08-19T06:20:53.910649+00:00
34,187,Gbamin,8,MID,45,0,0,0.0,0.0,0.0,0,1,0,0,0,2026-08-19T06:20:46.775195+00:00,2026-08-19T06:20:53.910649+00:00
34,188,Mina,8,DEF,43,0.4212,1.0172,0.1,0.198,0.1088,0.0008,1,0,0,0,2026-08-19T06:20:46.775195+00:00,2026-08-19T06:20:53.910649+00:00
34,189,Gray,8,MID,52,2.5276,2.0828,0.82,0.0324,0.7652,0.01,1,0,0,0,2026-08-19T06:20:46.775195+00:00,2026-08-19T06:20:53.910649+00:00
34,190,Davies,8,MID,49,0.4992,0.9683,0.14,0.1892,0.1453,0.0,1,0,0,0,2026-08-19T06:20:46.775195+00:00,2026-08-19T06:20:53.910649+00:00
34,191,Calvert-Lewin,8,FWD,79,0,0,0.0,0.0,0.0,0,1,6,90,1,2026-08-19T06:20:46.775195+00:00,2026-08-19T06:20:53.910649+00:00
34,192,Holgate,8,DEF,42,0.6748,1.3405,0.22,0.1716,0.2183,0.0016,1,0,0,0,2026-08-19T06:20:46.775195+00:00,2026-08-19T06:20:53.910649+00:00
34,193,Godfrey,8,DEF,43,0,0,0.0,0.0,0.0,0,1,0,0,0,2026-08-19T06:20:46.775195+00:00,2026-08-19T06:20:53.910649+00:00
34,194,Mykolenko,8,DEF,41,0.4288,1.0939,0.11,0.1602,0.1151,0.0004,1,1,90,1,2026-08-19T06:20:46.775195+00:00,2026-08-19T06:20:53.910649+00:00
34,196,Branthwaite,8,DEF,40,0,0,0.0,0.0,0.0,0,1,0,0,0,2026-08-19T06:20:46.775195+00:00,2026-08-19T06:20:53.910649+00:00
34,197,Patterson,8,DEF,39,0,0,0.0,0.0,0.0,0,1,1,45,1,2026-08-19T06:20:46.775195+00:00,2026-08-19T06:20:53.910649+00:00
34,198,Nkounkou,8,DEF,40,0,0,0.0,0.0,0.0,0,1,0,0,0,2026-08-19T06:20:46.775195+00:00,2026-08-19T06:20:53.910649+00:00
34,199,Tarkowski,8,DEF,41,0.8208,1.6905,0.22,0.1404,0.2158,0.0028,1,1,90,1,2026-08-19T06:20:46.775195+00:00,2026-08-19T06:20:53.910649+00:00
34,475,Coady,8,DEF,47,1.886,1.995,0.68,0.0576,0.637,0.0024,1,0,0,0,2026-08-19T06:20:46.775195+00:00,2026-08-19T06:20:53.910649+00:00
34,531,Vinagre,8,DEF,43,0,0,0.0,0.0,0.0,0,1,0,0,0,2026-08-19T06:20:46.775195+00:00,2026-08-19T06:20:53.910649+00:00
34,534,McNeil,8,MID,51,2.5488,1.8239,0.82,0.0324,0.7652,0.0028,1,2,90,1,2026-08-19T06:20:46.775195+00:00,2026-08-19T06:20:53.910649+00:00
34,560,Mills,8,MID,43,0.5012,1.0096,0.1,0.198,0.1088,0.0008,1,0,0,0,2026-08-19T06:20:46.775195+00:00,2026-08-19T06:20:53.910649+00:00
34,561,Warrington,8,MID,44,0,0,0.0,0.0,0.0,0,1,0,0,0,2026-08-19T06:20:46.775195+00:00,2026-08-19T06:20:53.910649+00:00
34,570,Garner,8,MID,45,0.8364,1.2033,0.28,0.1584,0.2731,0.0,1,2,90,1,2026-08-19T06:20:46.775195+00:00,2026-08-19T06:20:53.910649+00:00
34,577,Onana,8,MID,47,1.9144,1.3853,0.82,0.0324,0.7652,0.0016,1,0,0,0,2026-08-19T06:20:46.775195+00:00,2026-08-19T06:20:53.910649+00:00
34,605,Welch,8,DEF,40,0.4912,1.1802,0.1,0.198,0.1088,0.0008,1,0,0,0,2026-08-19T06:20:46.775195+00:00,2026-08-19T06:20:53.910649+00:00
34,611,Gueye,8,MID,48,1.8516,1.2451,0.82,0.0324,0.7652,0.0,1,1,90,1,2026-08-19T06:20:46.775195+00:00,2026-08-19T06:20:53.910649+00:00
34,627,Jakupović,8,GKP,40,0,0,0.0,0.0,0.0,0,1,0,0,0,2026-08-19T06:20:46.775195+00:00,2026-08-19T06:20:53.910649+00:00
34,637,John,8,DEF,39,0.4868,1.1331,0.1,0.198,0.1088,0.0004,1,0,0,0,2026-08-19T06:20:46.775195+00:00,2026-08-19T06:20:53.910649+00:00
34,662,Cannon,8,FWD,45,0,0,0.0,0.0,0.0,0,1,0,0,0,2026-08-19T06:20:46.775195+00:00,2026-08-19T06:20:53.910649+00:00
34,678,Price,8,MID,45,0.4424,0.8952,0.1,0.198,0.1088,0.0004,1,0,0,0,2026-08-19T06:20:46.775195+00:00,2026-08-19T06:20:53.910649+00:00
34,686,Simms,8,FWD,45,0.4724,0.9608,0.1,0.198,0.1088,0.0008,1,0,0,0,2026-08-19T06:20:46.775195+00:00,2026-08-19T06:20:53.910649+00:00
34,757,Samuels-Smith,8,DEF,40,0,0,0.0,0.0,0.0,0,1,0,0,0,2026-08-19T06:20:46.775195+00:00,2026-08-19T06:20:53.910649+00:00
34,760,Lonergan,8,GKP,40,0.156,0.7337,0.04,0.0384,0.0403,0.0,1,0,0,0,2026-08-19T06:20:46.775195+00:00,2026-08-19T06:20:53.910649+00:00
34,768,McAllister,8,MID,45,0.5008,0.9814,0.1,0.198,0.1088,0.0004,1,,,,2026-08-19T06:20:46.775195+00:00,
34,1,Cédric,9,DEF,42,0.9704,1.6563,0.1,0.198,0.1088,0.0028,2,2,90,1,2026-08-19T06:20:46.775195+00:00,2026-08-19T06:20:53.910649+00:00
34,2,Leno,9,GKP,46,7.2912,3.3406,0.9,0.008,0.8376,0.266,2,5,180,1,2026-08-19T06:20:46.775195+00:00,2026-08-19T06:20:53.910649+00:00
34,105,Duffy,9,DEF,43,1.0036,1.6752,0.1,0.198,0.1088,0.0024,2,0,0,0,2026-08-19T06:20:46.775195+00:00,2026-08-19T06:20:53.910649+00:00
34,200,Cairney,9,MID,47,1.6056,1.85,0.28,0.1584,0.2731,0.0048,2,3,103,1,2026-08-19T06:20:46.775195+00:00,2026-08-19T06:20:53.910649+00:00
34,201,Ream,9,DEF,46,0,0,0.0,0.0,0.0,0,2,1,21,0,2026-08-19T06:20:46.775195+00:00,2026-08-19T06:20:53.910649+00:00
34,202,Knockaert,9,MID,47,0,0,0.0,0.0,0.0,0,2,0,0,0,2026-08-19T06:20:46.775195+00:00,2026-08-19T06:20:53.910649+00:00
34,203,Chalobah,9,MID,44,0,0,0.0,0.0,0.0,0,2,0,0,0,2026-08-19T06:20:46.775195+00:00,2026-08-19T06:20:53.910649+00:00
34,204,Kebano,9,MID,54,1.858,1.9872,0.28,0.1584,0.2731,0.006,2,1,19,0,2026-08-19T06:20:46.775195+00:00,2026-08-19T06:20:53.910649+00:00
34,205,De Cordova-Reid,9,MID,54,4.1096,2.1743,0.82,0.0324,0.7652,0.03,2,3,94,1,2026-08-19T06:20:46.775195+00:00,2026-08-19T06:20:53.910649+00:00
34,206,Bryan,9,DEF,44,0,0,0.0,0.0,0.0,0,2,0,0,0,2026-08-19T06:20:46.775195+00:00,2026-08-19T06:20:53.910649+00:00
34,207,Gazzaniga,9,GKP,40,0,0,0.0,0.0,0.0,0,2,0,0,0,2026-08-19T06:20:46.775195+00:00,2026-08-19T06:20:53.910649+00:00
34,208,Kongolo,9,DEF,39,0,0,0.0,0.0,0.0,0,2,0,0,0,2026-08-19T06:20:46.775195+00:00,2026-08-19T06:20:53.910649+00:00
34,209,Tosin,9,DEF,44,1.4416,2.1106,0.22,0.1404,0.2158,0.0056,2,3,180,1,2026-08-19T06:20:46.775195+00:00,2026-08-19T06:20:53.910649+00:00
34,210,Mitrović,9,FWD,66,4.5888,3.2738,0.68,0.0576,0.637,0.0812,2,0,0,0,2026-08-19T06:20:46.775195+00:00,2026-08-19T06:20:53.910649+00:00
34,211,Reed,9,MID,43,4.5068,2.0588,0.82,0.0324,0.7652,0.0252,2,3,94,1,2026-08-19T06:20:46.775195+00:00,2026-08-19T06:20:53.910649+00:00
34,212,Wilson,9,MID,57,2.3432,2.6242,0.28,0.2016,0.2765,0.0248,2,7,145,1,2026-08-19T06:20:46.775195+00:00,2026-08-19T06:20:53.910649+00:00
34,213,Rodák,9,GKP,43,0.276,0.8896,0.04,0.0384,0.0403,0.0,2,0,0,0,2026-08-19T06:20:46.775195+00:00,2026-08-19T06:20:53.910649+00:00
34,214,Cavaleiro,9,MID,48,0,0,0.0,0.0,0.0,0,2,0,0,0,2026-08-19T06:20:46.775195+00:00,2026-08-19T06:20:53.910649+00:00
34,215,Tete,9,DEF,44,1.52,2.289,0.22,0.1404,0.2158,0.0128,2,0,90,1,2026-08-19T06:20:46.775195+00:00,2026-08-19T06:20:53.910649+00:00
34,216,Onomah,9,MID,43,0,0,0.0,0.0,0.0,0,2,0,0,0,2026-08-19T06:20:46.775195+00:00,2026-08-19T06:20:53.910649+00:00
34,217,Robinson,9,DEF,44,1.5172,2.168,0.22,0.1404,0.2158,0.0072,2,3,180,1,2026-08-19T06:20:46.775195+00:00,2026-08-19T06:20:53.910649+00:00
34,218,Muniz,9,FWD,54,0,0,0.0,0.0,0.0,0,2,0,0,0,2026-08-19T06:20:46.775195+00:00,2026-08-19T06:20:53.910649+00:00
34,219,Stansfield,9,FWD,45,0,0,0.0,0.0,0.0,0,2,0,0,0,2026-08-19T06:20:46.775195+00:00,2026-08-19T06:20:53.910649+00:00
34,220,Palhinha,9,MID,49,3.9588,2.1961,0.82,0.0324,0.7652,0.0272,2,4,180,1,2026-08-19T06:20:46.775195+00:00,2026-08-19T06:20:53.910649+00:00
34,231,James,9,MID,59,1.4976,1.9511,0.14,0.2408,0.1495,0.0056,2,2,24,0,2026-08-19T06:20:46.775195+00:00,2026-08-19T06:20:53.910649+00:00
34,346,Andreas,9,MID,44,0,0,0.0,0.0,0.0,0,2,1,57,1,2026-08-19T06:20:46.775195+00:00,2026-08-19T06:20:53.910649+00:00
34,470,Diop,9,DEF,43,1.5252,2.1285,0.22,0.1404,0.2158,0.004,2,4,158,1,2026-08-19T06:20:46.775195+00:00,2026-08-19T06:20:53.910649+00:00
34,521,Francois,9,MID,44,0,0,0.0,0.0,0.0,0,2,0,0,0,2026-08-19T06:20:46.775195+00:00,2026-08-19T06:20:53.910649+00:00
34,532,Mbabu,9,DEF,43,0,0,0.0,0.0,0.0,0,2,0,0,0,2026-08-19T06:20:46.775195+00:00,2026-08-19T06:20:53.910649+00:00
34,546,Harris,9,MID,43,0.9276,1.3311,0.1,0.198,0.1088,0.0004,2,0,0,0,2026-08-19T06:20:46.775195+00:00,2026-08-19T06:20:53.910649+00:00
34,562,Solomon,9,MID,49,2.094,2.3475,0.28,0.1584,0.2731,0.0128,2,2,25,0,2026-08-19T06:20:46.775195+00:00,2026-08-19T06:20:53.910649+00:00
34,591,Ablade,9,FWD,45,0.892,1.2807,0.1,0.198,0.1088,0.0008,2,0,0,0,2026-08-19T06:20:46.775195+00:00,2026-08-19T06:20:53.910649+00:00
34,613,Kurzawa,9,DEF,43,0.93,1.6057,0.1,0.198,0.1088,0.0028,2,0,0,0,2026-08-19T06:20:46.775195+00:00,2026-08-19T06:20:53.910649+00:00
34,614,Willian,9,MID,55,4.354,2.6838,0.68,0.0576,0.637,0.0512,2,2,79,1,2026-08-19T06:20:46.775195+00:00,2026-08-19T06:20:53.910649+00:00
34,618,Vinícius,9,FWD,54,2.0348,2.3886,0.28,0.1584,0.2731,0.0128,2,10,168,1,2026-08-19T06:20:46.775195+00:00,2026-08-19T06:20:53.910649+00:00
34,636,Parkes,9,DEF,40,0.9708,1.625,0.1,0.198,0.1088,0.002,2,0,0,0,2026-08-19T06:20:46.775195+00:00,2026-08-19T06:20:53.910649+00:00
34,641,Godo,9,MID,45,0.9104,1.3175,0.1,0.198,0.1088,0.0012,2,0,0,0,2026-08-19T06:20:46.775195+00:00,2026-08-19T06:20:53.910649+00:00
34,667,Sekularac,9,MID,45,0.946,1.2967,0.1,0.198,0.1088,0.0004,2,0,0,0,2026-08-19T06:20:46.775195+00:00,2026-08-19T06:20:53.910649+00:00
34,726,Lukic,9,MID,45,0.9056,1.284,0.1,0.198,0.1088,0.0008,2,3,84,1,2026-08-19T06:20:46.775195+00:00,2026-08-19T06:20:53.910649+00:00
34,747,Wickens,9,GKP,40,0.3016,1.0146,0.04,0.0384,0.0403,0.0,2,0,0,0,2026-08-19T06:20:46.775195+00:00,2026-08-19T06:20:53.910649+00:00
34,750,C.Robinson,9,DEF,40,0.9716,1.6661,0.1,0.198,0.1088,0.0032,2,0,0,0,2026-08-19T06:20:46.775195+00:00,2026-08-19T06:20:53.910649+00:00
34,763,Dibley-Dias,9,MID,45,0.9528,1.3515,0.1,0.198,0.1088,0.0008,2,,,,2026-08-19T06:20:46.775195+00:00,
34,248,Schmeichel,10,GKP,50,0,0,0.0,0.0,0.0,0,1,0,0,0,2026-08-19T06:20:46.775195+00:00,2026-08-19T06:20:53.910649+00:00
34,249,Evans,10,DEF,44,0.8716,1.6155,0.22,0.1716,0.2183,0.0004,1,0,0,0,2026-08-19T06:20:46.775195+00:00,2026-08-19T06:20:53.910649+00:00
34,250,Bertrand,10,DEF,39,0.5432,1.2208,0.11,0.1958,0.118,0.0,1,0,0,0,2026-08-19T06:20:46.775195+00:00,2026-08-19T06:20:53.910649+00:00
34,251,Albrighton,10,MID,47,0,0,0.0,0.0,0.0,0,1,0,0,0,2026-08-19T06:20:46.775195+00:00,2026-08-19T06:20:53.910649+00:00
34,252,Mendy,10,MID,42,0.8544,1.2713,0.28,0.1584,0.2731,0.0004,1,0,0,0,2026-08-19T06:20:46.775195+00:00,2026-08-19T06:20:53.910649+00:00
34,253,Vestergaard,10,DEF,38,0,0,0.0,0.0,0.0,0,1,0,0,0,2026-08-19T06:20:46.775195+00:00,2026-08-19T06:20:53.910649+00:00
34,254,Ward,10,GKP,39,0.1348,0.6951,0.02,0.0392,0.0217,0.0,1,0,0,0,2026-08-19T06:20:46.775195+00:00,2026-08-19T06:20:53.910649+00:00
34,255,Vardy,10,FWD,91,1.9828,1.8323,0.68,0.0576,0.637,0.0044,1,6,90,1,2026-08-19T06:20:46.775195+00:00,2026-08-19T06:20:53.910649+00:00
34,256,Ricardo,10,DEF,42,0.8276,1.6037,0.22,0.1716,0.2183,0.0016,1,0,0,0,2026-08-19T06:20:46.775195+00:00,2026-08-19T06:20:53.910649+00:00
34,257,Amartey,10,DEF,40,0.9648,1.929,0.22,0.1404,0.2158,0.0056,1,0,0,0,2026-08-19T06:20:46.775195+00:00,2026-08-19T06:20:53.910649+00:00
34,258,Castagne,10,DEF,43,0.8496,1.7168,0.22,0.1404,0.2158,0.002,1,1,90,1,2026-08-19T06:20:46.775195+00:00,2026-08-19T06:20:53.910649+00:00
34,259,Tielemans,10,MID,61,1.9056,1.7592,0.68,0.0576,0.637,0.002,1,2,90,1,2026-08-19T06:20:46.775195+00:00,2026-08-19T06:20:53.910649+00:00
34,260,Pérez,10,MID,47,0,0,0.0,0.0,0.0,0,1,0,0,0,2026-08-19T06:20:46.775195+00:00,2026-08-19T06:20:53.910649+00:00
34,261,Maddison,10,MID,79,2.8956,2.3943,0.82,0.0324,0.7652,0.0164,1,2,90,1,2026-08-19T06:20:46.775195+00:00,2026-08-19T06:20:53.910649+00:00
34,262,Iheanacho,10,FWD,59,2.2792,2.787,0.48,0.1456,0.458,0.0252,1,0,0,0,2026-08-19T06:20:46.775195+00:00,2026-08-19T06:20:53.910649+00:00
34,263,Choudhury,10,MID,45,0,0,0.0,0.0,0.0,0,1,0,0,0,2026-08-19T06:20:46.775195+00:00,2026-08-19T06:20:53.910649+00:00
34,264,Barnes,10,MID,67,2.8088,2.3597,0.82,0.0324,0.7652,0.0144,1,2,87,1,2026-08-19T06:20:46.775195+00:00,2026-08-19T06:20:53.910649+00:00
34,265,Ndidi,10,MID,48,0.9084,1.1932,0.34,0.1452,0.3278,0.0,1,2,60,1,2026-08-19T06:20:46.775195+00:00,2026-08-19T06:20:53.910649+00:00
34,266,Dewsbury-Hall,10,MID,49,2.4552,1.859,0.82,0.0324,0.7652,0.0064,1,0,0,0,2026-08-19T06:20:46.775195+00:00,2026-08-19T06:20:53.910649+00:00
34,267,Söyüncü,10,DEF,42,0,0,0.0,0.0,0.0,0,1,10,90,1,2026-08-19T06:20:46.775195+00:00,2026-08-19T06:20:53.910649+00:00
34,268,Justin,10,DEF,41,0,0,0.0,0.0,0.0,0,1,0,0,0,2026-08-19T06:20:46.775195+00:00,2026-08-19T06:20:53.910649+00:00
34,269,Soumaré,10,MID,44,1.118,1.2299,0.48,0.1144,0.4556,0.0,1,1,90,1,2026-08-19T06:20:46.775195+00:00,2026-08-19T06:20:53.910649+00:00
34,270,Thomas,10,DEF,39,0.836,1.5861,0.22,0.1716,0.2183,0.0004,1,0,87,1,2026-08-19T06:20:46.775195+00:00,2026-08-19T06:20:53.910649+00:00
34,271,Daka,10,FWD,56,1.4356,1.6533,0.48,0.1456,0.458,0.0024,1,1,29,0,2026-08-19T06:20:46.775195+00:00,2026-08-19T06:20:53.910649+00:00
34,273,Brunt,10,DEF,39,0.502,1.2206,0.1,0.198,0.1088,0.0004,1,0,0,0,2026-08-19T06:20:46.775195+00:00,2026-08-19T06:20:53.910649+00:00
34,548,Iversen,10,GKP,38,3.2816,2.2716,0.88,0.0048,0.8188,0.002,1,3,90,1,2026-08-19T06:20:46.775195+00:00,2026-08-19T06:20:53.910649+00:00
34,549,Praet,10,MID,48,0.9052,1.4798,0.28,0.1584,0.2731,0.0008,1,1,2,0,2026-08-19T06:20:46.775195+00:00,2026-08-19T06:20:53.910649+00:00
34,581,Smithies,10,GKP,39,0.1636,0.7835,0.04,0.0384,0.0403,0.0,1,0,0,0,2026-08-19T06:20:46.775195+00:00,2026-08-19T06:20:53.910649+00:00
34,612,Faes,10,DEF,42,0.8104,1.6481,0.22,0.1404,0.2158,0.0012,1,4,90,1,2026-08-19T06:20:46.775195+00:00,2026-08-19T06:20:53.910649+00:00
34,639,Braybrooke,10,MID,45,0,0,0.0,0.0,0.0,0,1,0,0,0,2026-08-19T06:20:46.775195+00:00,2026-08-19T06:20:53.910649+00:00
34,645,Wormleighton,10,DEF,40,0.538,1.2651,0.1,0.198,0.1088,0.0,1,0,0,0,2026-08-19T06:20:46.775195+00:00,2026-08-19T06:20:53.910649+00:00
34,687,McAteer,10,MID,45,0,0,0.0,0.0,0.0,0,1,0,0,0,2026-08-19T06:20:46.775195+00:00,2026-08-19T06:20:53.910649+00:00
34,709,Kristiansen,10,DEF,45,0.8616,1.6143,0.22,0.1716,0.2183,0.0016,1,0,2,0,2026-08-19T06:20:46.775195+00:00,2026-08-19T06:20:53.910649+00:00
34,715,Tetê,10,MID,50,1.766,2.1603,0.48,0.1144,0.4556,0.0048,1,0,0,0,2026-08-19T06:20:46.775195+00:00,2026-08-19T06:20:53.910649+00:00
34,727,Souttar,10,DEF,45,0.9556,1.9413,0.22,0.1716,0.2183,0.008,1,0,0,0,2026-08-19T06:20:46.775195+00:00,2026-08-19T06:20:53.910649+00:00
34,735,Marçal-Madivadua,10,MID,45,0.4964,0.9562,0.1,0.198,0.1088,0.0,1,0,0,0,2026-08-19T06:20:46.775195+00:00,2026-08-19T06:20:53.910649+00:00
34,221,Cooper,11,DEF,44,0.7092,1.4974,0.22,0.1716,0.2183,0.0028,1,0,33,0,2026-08-19T06:20:46.775195+00:00,2026-08-19T06:20:53.910649+00:00
34,222,Ayling,11,DEF,45,0.8324,1.7806,0.22,0.1404,0.2158,0.0044,1,0,90,1,2026-08-19T06:20:46.775195+00:00,2026-08-19T06:20:53.910649+00:00
34,223,Klich,11,MID,46,0,0,0.0,0.0,0.0,0,1,0,0,0,2026-08-19T06:20:46.775195+00:00,2026-08-19T06:20:53.910649+00:00
34,224,Forshaw,11,MID,44,0.458,0.935,0.1,0.198,0.1088,0.0,1,1,19,0,2026-08-19T06:20:46.775195+00:00,2026-08-19T06:20:53.910649+00:00
34,225,Rodrigo,11,MID,63,1.0864,1.7184,0.34,0.1188,0.3257,0.0024,1,1,20,0,2026-08-19T06:20:46.775195+00:00,2026-08-19T06:20:53.910649+00:00
34,226,Dallas,11,DEF,49,0,0,0.0,0.0,0.0,0,1,0,0,0,2026-08-19T06:20:46.775195+00:00,2026-08-19T06:20:53.910649+00:00
34,227,Bamford,11,FWD,71,0.9492,1.5167,0.24,0.2128,0.2402,0.0024,1,6,70,1,2026-08-19T06:20:46.775195+00:00,2026-08-19T06:20:53.910649+00:00
34,228,Llorente,11,DEF,44,0,0,0.0,0.0,0.0,0,1,0,0,0,2026-08-19T06:20:46.775195+00:00,2026-08-19T06:20:53.910649+00:00
34,229,Roberts,11,MID,50,0,0,0.0,0.0,0.0,0,1,0,0,0,2026-08-19T06:20:46.775195+00:00,2026-08-19T06:20:53.910649+00:00
34,230,Koch,11,DEF,45,0.7432,1.5199,0.22,0.1404,0.2158,0.0016,1,0,90,1,2026-08-19T06:20:46.775195+00:00,2026-08-19T06:20:53.910649+00:00
34,232,Raphinha,11,MID,70,0,0,0.0,0.0,0.0,0,1,0,0,0,2026-08-19T06:20:46.775195+00:00,2026-08-19T06:20:53.910649+00:00
34,233,Harrison,11,MID,57,2.9728,2.363,0.82,0.0324,0.7652,0.0168,1,2,90,1,2026-08-19T06:20:46.775195+00:00,2026-08-19T06:20:53.910649+00:00
34,234,Shackleton,11,MID,45,0,0,0.0,0.0,0.0,0,1,0,0,0,2026-08-19T06:20:46.775195+00:00,2026-08-19T06:20:53.910649+00:00
34,235,Struijk,11,DEF,45,0.752,1.5332,0.22,0.1404,0.2158,0.0016,1,0,0,0,2026-08-19T06:20:46.775195+00:00,2026-08-19T06:20:53.910649+00:00
34,236,Klaesson,11,GKP,38,0.2576,1.0721,0.04,0.0384,0.0403,0.0012,1,0,0,0,2026-08-19T06:20:46.775195+00:00,2026-08-19T06:20:53.910649+00:00
34,237,Greenwood,11,FWD,40,0.8364,1.2683,0.28,0.1584,0.2731,0.0,1,0,0,0,2026-08-19T06:20:46.775195+00:00,2026-08-19T06:20:53.910649+00:00
34,238,Meslier,11,GKP,45,2.8392,2.157,0.9,0.004,0.8373,0.0012,1,1,90,1,2026-08-19T06:20:46.775195+00:00,2026-08-19T06:20:53.910649+00:00
34,239,Firpo,11,DEF,45,0.7308,1.4472,0.22,0.1716,0.2183,0.0008,1,0,0,0,2026-08-19T06:20:46.775195+00:00,2026-08-19T06:20:53.910649+00:00
34,240,Summerville,11,MID,42,1.4504,1.7341,0.48,0.1144,0.4556,0.0016,1,2,90,1,2026-08-19T06:20:46.775195+00:00,2026-08-19T06:20:53.910649+00:00
34,241,Bate,11,MID,45,0,0,0.0,0.0,0.0,0,1,0,0,0,2026-08-19T06:20:46.775195+00:00,2026-08-19T06:20:53.910649+00:00
34,242,Gelhardt,11,FWD,51,0,0,0.0,0.0,0.0,0,1,0,0,0,2026-08-19T06:20:46.775195+00:00,2026-08-19T06:20:53.910649+00:00
34,243,Hjelde,11,DEF,39,0,0,0.0,0.0,0.0,0,1,0,0,0,2026-08-19T06:20:46.775195+00:00,2026-08-19T06:20:53.910649+00:00
34,244,Kristensen,11,DEF,47,1.754,2.0427,0.68,0.0576,0.637,0.0036,1,0,90,1,2026-08-19T06:20:46.775195+00:00,2026-08-19T06:20:53.910649+00:00
34,245,Roca,11,MID,48,2.094,1.5398,0.82,0.0324,0.7652,0.0016,1,2,90,1,2026-08-19T06:20:46.775195+00:00,2026-08-19T06:20:53.910649+00:00
34,246,Aaronson,11,MID,53,2.3012,1.7506,0.82,0.0324,0.7652,0.0068,1,0,0,0,2026-08-19T06:20:46.775195+00:00,2026-08-19T06:20:53.910649+00:00
34,247,Gyabi,11,MID,42,0,0,0.0,0.0,0.0,0,1,0,0,0,2026-08-19T06:20:46.775195+00:00,2026-08-19T06:20:53.910649+00:00
34,506,Adams,11,MID,49,0,0,0.0,0.0,0.0,0,1,0,0,0,2026-08-19T06:20:46.775195+00:00,2026-08-19T06:20:53.910649+00:00
34,508,Sinisterra,11,MID,65,0,0,0.0,0.0,0.0,0,1,0,0,0,2026-08-19T06:20:46.775195+00:00,2026-08-19T06:20:53.910649+00:00
34,547,Drameh,11,DEF,40,0,0,0.0,0.0,0.0,0,1,0,0,0,2026-08-19T06:20:46.775195+00:00,2026-08-19T06:20:53.910649+00:00
34,565,Gray,11,MID,45,0,0,0.0,0.0,0.0,0,1,0,0,0,2026-08-19T06:20:46.775195+00:00,2026-08-19T06:20:53.910649+00:00
34,578,Robles,11,GKP,40,0.2024,0.858,0.04,0.0384,0.0403,0.0,1,0,0,0,2026-08-19T06:20:46.775195+00:00,2026-08-19T06:20:53.910649+00:00
34,619,Gnonto,11,FWD,47,1.4628,1.7694,0.48,0.1144,0.4556,0.0024,1,5,90,1,2026-08-19T06:20:46.775195+00:00,2026-08-19T06:20:53.910649+00:00
34,659,Mateo Joseph,11,FWD,45,0,0,0.0,0.0,0.0,0,1,0,0,0,2026-08-19T06:20:46.775195+00:00,2026-08-19T06:20:53.910649+00:00
34,663,Perkins,11,FWD,45,0.4436,0.9051,0.1,0.198,0.1088,0.0,1,0,0,0,2026-08-19T06:20:46.775195+00:00,2026-08-19T06:20:53.910649+00:00
34,691,Wöber,11,DEF,44,0.8212,1.5972,0.22,0.1716,0.2183,0.0028,1,0,56,1,2026-08-19T06:20:46.775195+00:00,2026-08-19T06:20:53.910649+00:00
34,700,Rutter,11,FWD,51,0.664,1.166,0.18,0.1804,0.1818,0.0,1,0,0,0,2026-08-19T06:20:46.775195+00:00,2026-08-19T06:20:53.910649+00:00
34,720,McKennie,11,MID,46,1.1104,1.3268,0.48,0.1144,0.4556,0.0008,1,2,70,1,2026-08-19T06:20:46.775195+00:00,2026-08-19T06:20:53.910649+00:00
34,742,Chilokoa-Mullen,11,DEF,40,0.4796,1.1467,0.1,0.198,0.1088,0.0008,1,0,0,0,2026-08-19T06:20:46.775195+00:00,2026-08-19T06:20:53.910649+00:00
34,743,Monteiro,11,DEF,40,0.4756,1.113,0.1,0.198,0.1088,0.0,1,0,0,0,2026-08-19T06:20:46.775195+00:00,2026-08-19T06:20:53.910649+00:00
34,274,Milner,12,MID,44,1.7688,1.7794,0.28,0.1584,0.2731,0.0044,2,1,10,0,2026-08-19T06:20:46.775195+00:00,2026-08-19T06:20:53.910649+00:00
34,275,Henderson,12,MID,53,3.826,2.4817,0.68,0.0576,0.637,0.0324,2,4,117,1,2026-08-19T06:20:46.775195+00:00,2026-08-19T06:20:53.910649+00:00
34,276,Matip,12,DEF,59,3.9216,3.6275,0.48,0.1456,0.458,0.078,2,0,0,0,2026-08-19T06:20:46.775195+00:00,2026-08-19T06:20:53.910649+00:00
34,277,Thiago,12,MID,51,0,0,0.0,0.0,0.0,0,2,0,0,0,2026-08-19T06:20:46.775195+00:00,2026-08-19T06:20:53.910649+00:00
34,278,Chamberlain,12,MID,49,1.9756,2.3741,0.28,0.1584,0.2731,0.0168,2,0,0,0,2026-08-19T06:20:46.775195+00:00,2026-08-19T06:20:53.910649+00:00
34,279,Firmino,12,FWD,80,3.79,3.0244,0.48,0.1456,0.458,0.0528,2,0,0,0,2026-08-19T06:20:46.775195+00:00,2026-08-19T06:20:53.910649+00:00
34,280,Van Dijk,12,DEF,66,6.1276,3.7705,0.82,0.0324,0.7652,0.1668,2,7,180,1,2026-08-19T06:20:46.775195+00:00,2026-08-19T06:20:53.910649+00:00
34,281,Alisson,12,GKP,54,7.042,3.2675,0.9,0.008,0.8376,0.2332,2,12,180,1,2026-08-19T06:20:46.775195+00:00,2026-08-19T06:20:53.910649+00:00
34,282,Fabinho,12,MID,52,3.7684,1.8953,0.82,0.0324,0.7652,0.0132,2,5,180,1,2026-08-19T06:20:46.775195+00:00,2026-08-19T06:20:53.910649+00:00
34,283,Salah,12,MID,130,8.9672,4.5856,0.9,0.018,0.8384,0.4236,2,18,173,1,2026-08-19T06:20:46.775195+00:00,2026-08-19T06:20:53.910649+00:00
34,284,Robertson,12,DEF,68,3.4896,3.6029,0.41,0.1062,0.3898,0.0724,2,2,114,1,2026-08-19T06:20:46.775195+00:00,2026-08-19T06:20:53.910649+00:00
34,285,Alexander-Arnold,12,DEF,76,7.0264,4.083,0.82,0.0324,0.7652,0.2628,2,11,180,1,2026-08-19T06:20:46.775195+00:00,2026-08-19T06:20:53.910649+00:00
34,286,Gomez,12,DEF,43,1.9064,2.5118,0.22,0.1716,0.2183,0.0112,2,0,0,0,2026-08-19T06:20:46.775195+00:00,2026-08-19T06:20:53.910649+00:00
34,287,Keita,12,MID,47,0,0,0.0,0.0,0.0,0,2,0,0,0,2026-08-19T06:20:46.775195+00:00,2026-08-19T06:20:53.910649+00:00
34,288,Diogo Jota,12,FWD,89,4.7356,3.9624,0.48,0.1456,0.458,0.122,2,5,34,0,2026-08-19T06:20:46.775195+00:00,2026-08-19T06:20:53.910649+00:00
34,289,Kelleher,12,GKP,40,0.3628,1.176,0.04,0.0384,0.0403,0.0008,2,0,0,0,2026-08-19T06:20:46.775195+00:00,2026-08-19T06:20:53.910649+00:00
34,290,Konaté,12,DEF,48,2.0028,2.7118,0.24,0.1672,0.2366,0.0228,2,6,180,1,2026-08-19T06:20:46.775195+00:00,2026-08-19T06:20:53.910649+00:00
34,291,Jones,12,MID,49,1.762,1.9634,0.28,0.1584,0.2731,0.0072,2,11,168,1,2026-08-19T06:20:46.775195+00:00,2026-08-19T06:20:53.910649+00:00
34,292,Tsimikas,12,DEF,43,1.9196,2.6679,0.22,0.1716,0.2183,0.018,2,6,65,1,2026-08-19T06:20:46.775195+00:00,2026-08-19T06:20:53.910649+00:00
34,293,Luis Díaz,12,MID,78,2.5008,2.7751,0.28,0.2016,0.2765,0.0272,2,13,127,1,2026-08-19T06:20:46.775195+00:00,2026-08-19T06:20:53.910649+00:00
34,294,Elliott,12,MID,48,4.2804,2.648,0.68,0.0704,0.638,0.0416,2,3,68,1,2026-08-19T06:20:46.775195+00:00,2026-08-19T06:20:53.910649+00:00
34,296,Carvalho,12,MID,51,1.8608,2.0145,0.28,0.1584,0.2731,0.0064,2,0,0,0,2026-08-19T06:20:46.775195+00:00,2026-08-19T06:20:53.910649+00:00
34,297,Darwin,12,FWD,86,3.3336,3.8258,0.34,0.1188,0.3257,0.0796,2,6,99,1,2026-08-19T06:20:46.775195+00:00,2026-08-19T06:20:53.910649+00:00
34,298,Ramsay,12,DEF,39,0,0,0.0,0.0,0.0,0,2,0,0,0,2026-08-19T06:20:46.775195+00:00,2026-08-19T06:20:53.910649+00:00
34,497,Adrián,12,GKP,38,0.3504,1.135,0.04,0.0384,0.0403,0.0004,2,0,0,0,2026-08-19T06:20:46.775195+00:00,2026-08-19T06:20:53.910649+00:00
34,498,R.Williams,12,DEF,40,0,0,0.0,0.0,0.0,0,2,0,0,0,2026-08-19T06:20:46.775195+00:00,2026-08-19T06:20:53.910649+00:00
34,499,Davies,12,DEF,40,0,0,0.0,0.0,0.0,0,2,0,0,0,2026-08-19T06:20:46.775195+00:00,2026-08-19T06:20:53.910649+00:00
34,500,Van den Berg,12,DEF,40,0,0,0.0,0.0,0.0,0,2,0,0,0,2026-08-19T06:20:46.775195+00:00,2026-08-19T06:20:53.910649+00:00
34,501,Phillips,12,DEF,38,0.9856,1.6295,0.1,0.198,0.1088,0.0016,2,0,0,0,2026-08-19T06:20:46.775195+00:00,2026-08-19T06:20:53.910649+00:00
34,563,Chambers,12,DEF,40,0,0,0.0,0.0,0.0,0,2,0,0,0,2026-08-19T06:20:46.775195+00:00,2026-08-19T06:20:53.910649+00:00
34,564,Bajcetic,12,MID,43,0,0,0.0,0.0,0.0,0,2,0,0,0,2026-08-19T06:20:46.775195+00:00,2026-08-19T06:20:53.910649+00:00
34,584,Clark,12,MID,45,0.9156,1.328,0.1,0.198,0.1088,0.0008,2,0,0,0,2026-08-19T06:20:46.775195+00:00,2026-08-19T06:20:53.910649+00:00
34,592,H.Davies,12,GKP,40,0.3476,1.1597,0.04,0.0384,0.0403,0.0008,2,0,0,0,2026-08-19T06:20:46.775195+00:00,2026-08-19T06:20:53.910649+00:00
34,620,Arthur,12,MID,48,1.37,1.7295,0.18,0.1804,0.1818,0.002,2,0,0,0,2026-08-19T06:20:46.775195+00:00,2026-08-19T06:20:53.910649+00:00
34,665,Doak,12,MID,45,0.9424,1.3687,0.1,0.198,0.1088,0.0004,2,0,0,0,2026-08-19T06:20:46.775195+00:00,2026-08-19T06:20:53.910649+00:00
34,680,Gakpo,12,MID,77,4.8108,4.3482,0.48,0.1456,0.458,0.1432,2,9,96,1,2026-08-19T06:20:46.775195+00:00,2026-08-19T06:20:53.910649+00:00
34,299,Walker,13,DEF,47,2.866,2.7479,0.48,0.1144,0.4556,0.0244,2,7,180,1,2026-08-19T06:20:46.775195+00:00,2026-08-19T06:20:53.910649+00:00
34,300,Gündogan,13,MID,73,6.06,3.5894,0.82,0.0324,0.7652,0.1724,2,2,90,1,2026-08-19T06:20:46.775195+00:00,2026-08-19T06:20:53.910649+00:00
34,301,De Bruyne,13,MID,122,7.576,3.9768,0.82,0.0324,0.7652,0.272,2,0,0,0,2026-08-19T06:20:46.775195+00:00,2026-08-19T06:20:53.910649+00:00
34,302,Stones,13,DEF,56,4.966,3.528,0.68,0.0576,0.637,0.1056,2,8,180,1,2026-08-19T06:20:46.775195+00:00,2026-08-19T06:20:53.910649+00:00
34,303,Mahrez,13,MID,73,4.7044,4.1638,0.48,0.1456,0.458,0.1332,2,11,172,1,2026-08-19T06:20:46.775195+00:00,2026-08-19T06:20:53.910649+00:00
34,305,Grealish,13,MID,73,3.0884,3.4271,0.34,0.1188,0.3257,0.0588,2,7,180,1,2026-08-19T06:20:46.775195+00:00,2026-08-19T06:20:53.910649+00:00
34,306,Cancelo,13,DEF,71,0,0,0.0,0.0,0.0,0,2,0,0,0,2026-08-19T06:20:46.775195+00:00,2026-08-19T06:20:53.910649+00:00
34,307,Ederson,13,GKP,54,5.4352,2.859,0.9,0.008,0.8376,0.0736,2,1,90,1,2026-08-19T06:20:46.775195+00:00,2026-08-19T06:20:53.910649+00:00
34,308,Aké,13,DEF,50,2.4708,2.8652,0.34,0.1188,0.3257,0.0264,2,15,76,1,2026-08-19T06:20:46.775195+00:00,2026-08-19T06:20:53.910649+00:00
34,309,Laporte,13,DEF,56,1.4888,2.0853,0.14,0.2408,0.1495,0.0052,2,0,0,0,2026-08-19T06:20:46.775195+00:00,2026-08-19T06:20:53.910649+00:00
34,310,Steffen,13,GKP,40,0,0,0.0,0.0,0.0,0,2,0,0,0,2026-08-19T06:20:46.775195+00:00,2026-08-19T06:20:53.910649+00:00
34,311,Bernardo,13,MID,67,4.8704,2.4578,0.82,0.0324,0.7652,0.0452,2,4,97,1,2026-08-19T06:20:46.775195+00:00,2026-08-19T06:20:53.910649+00:00
34,312,Dias,13,DEF,60,2.23,2.7269,0.34,0.1188,0.3257,0.0204,2,8,180,1,2026-08-19T06:20:46.775195+00:00,2026-08-19T06:20:53.910649+00:00
34,314,Foden,13,MID,80,5.5664,3.5073,0.68,0.0896,0.6396,0.1248,2,7,20,0,2026-08-19T06:20:46.775195+00:00,2026-08-19T06:20:53.910649+00:00
34,315,Rodri,13,MID,56,5.2704,3.0524,0.82,0.0324,0.7652,0.1096,2,5,180,1,2026-08-19T06:20:46.775195+00:00,2026-08-19T06:20:53.910649+00:00
34,316,Palmer,13,MID,42,0.9116,1.2994,0.1,0.198,0.1088,0.0012,2,0,0,0,2026-08-19T06:20:46.775195+00:00,2026-08-19T06:20:53.910649+00:00
34,317,McAtee,13,MID,45,0,0,0.0,0.0,0.0,0,2,0,0,0,2026-08-19T06:20:46.775195+00:00,2026-08-19T06:20:53.910649+00:00
34,318,Haaland,13,FWD,124,8.158,4.7335,0.82,0.0324,0.7652,0.3416,2,16,180,1,2026-08-19T06:20:46.775195+00:00,2026-08-19T06:20:53.910649+00:00
34,319,Álvarez,13,FWD,60,4.3048,3.5765,0.48,0.1456,0.458,0.094,2,14,158,1,2026-08-19T06:20:46.775195+00:00,2026-08-19T06:20:53.910649+00:00
34,320,Mbete,13,DEF,39,0,0,0.0,0.0,0.0,0,2,0,0,0,2026-08-19T06:20:46.775195+00:00,2026-08-19T06:20:53.910649+00:00
34,322,Wilson-Esbrand,13,DEF,38,0,0,0.0,0.0,0.0,0,2,0,0,0,2026-08-19T06:20:46.775195+00:00,2026-08-19T06:20:53.910649+00:00
34,323,Delap,13,FWD,44,0,0,0.0,0.0,0.0,0,2,0,0,0,2026-08-19T06:20:46.775195+00:00,2026-08-19T06:20:53.910649+00:00
34,324,Ortega,13,GKP,38,0.3492,1.1394,0.04,0.0384,0.0403,0.0008,2,7,90,1,2026-08-19T06:20:46.775195+00:00,2026-08-19T06:20:53.910649+00:00
34,325,Phillips,13,MID,48,1.3508,1.7321,0.18,0.1804,0.1818,0.0036,2,1,1,0,2026-08-19T06:20:46.775195+00:00,2026-08-19T06:20:53.910649+00:00
34,502,Carson,13,GKP,38,0.3716,1.1241,0.04,0.0384,0.0403,0.0,2,0,0,0,2026-08-19T06:20:46.775195+00:00,2026-08-19T06:20:53.910649+00:00
34,573,Lewis,13,DEF,39,1.5656,2.1743,0.22,0.1716,0.2183,0.0088,2,0,0,0,2026-08-19T06:20:46.775195+00:00,2026-08-19T06:20:53.910649+00:00
34,587,Sergio Gómez,13,DEF,44,0.9276,1.5817,0.1,0.198,0.1088,0.0036,2,0,0,0,2026-08-19T06:20:46.775195+00:00,2026-08-19T06:20:53.910649+00:00
34,599,Gomes,13,MID,45,0,0,0.0,0.0,0.0,0,2,0,0,0,2026-08-19T06:20:46.775195+00:00,2026-08-19T06:20:53.910649+00:00
34,600,Knight,13,MID,45,0.9004,1.2977,0.1,0.198,0.1088,0.0004,2,0,0,0,2026-08-19T06:20:46.775195+00:00,2026-08-19T06:20:53.910649+00:00
34,610,Akanji,13,DEF,50,2.324,2.6976,0.34,0.1188,0.3257,0.016,2,3,103,1,2026-08-19T06:20:46.775195+00:00,2026-08-19T06:20:53.910649+00:00
34,712,Perrone,13,MID,44,0,0,0.0,0.0,0.0,0,2,0,0,0,2026-08-19T06:20:46.775195+00:00,2026-08-19T06:20:53.910649+00:00
34,772,Robertson,13,MID,45,0.932,1.3983,0.1,0.198,0.1088,0.0012,2,,,,2026-08-19T06:20:46.775195+00:00,
34,773,Charles,13,MID,45,0.9744,1.3586,0.1,0.198,0.1088,0.0008,2,,,,2026-08-19T06:20:46.775195+00:00,
34,774,O'Reilly,13,MID,45,0.9204,1.3034,0.1,0.198,0.1088,0.0,2,,,,2026-08-19T06:20:46.775195+00:00,
34,162,Butland,14,GKP,44,0.324,1.0701,0.04,0.0384,0.0403,0.0012,2,0,0,0,2026-08-19T06:20:46.775195+00:00,2026-08-19T06:20:53.910649+00:00
34,326,Ronaldo,14,FWD,102,0,0,0.0,0.0,0.0,0,2,0,0,0,2026-08-19T06:20:46.775195+00:00,2026-08-19T06:20:53.910649+00:00
34,327,De Gea,14,GKP,50,6.0888,3.0616,0.9,0.008,0.8376,0.1364,2,9,180,1,2026-08-19T06:20:46.775195+00:00,2026-08-19T06:20:53.910649+00:00
34,328,Jones,14,DEF,38,1.0264,1.6691,0.1,0.198,0.1088,0.0024,2,0,0,0,2026-08-19T06:20:46.775195+00:00,2026-08-19T06:20:53.910649+00:00
34,329,Varane,14,DEF,48,4.2332,3.1921,0.68,0.0576,0.637,0.0568,2,0,0,0,2026-08-19T06:20:46.775195+00:00,2026-08-19T06:20:53.910649+00:00
34,330,Maguire,14,DEF,47,1.7964,2.418,0.28,0.1584,0.2731,0.0128,2,1,4,0,2026-08-19T06:20:46.775195+00:00,2026-08-19T06:20:53.910649+00:00
34,331,Fred,14,MID,51,2.7632,2.4539,0.48,0.1144,0.4556,0.02,2,3,89,1,2026-08-19T06:20:46.775195+00:00,2026-08-19T06:20:53.910649+00:00
34,332,Shaw,14,DEF,51,3.1204,3.2032,0.41,0.1062,0.3898,0.0452,2,8,180,1,2026-08-19T06:20:46.775195+00:00,2026-08-19T06:20:53.910649+00:00
34,333,Fernandes,14,MID,94,6.5788,3.8765,0.82,0.0324,0.7652,0.212,2,13,180,1,2026-08-19T06:20:46.775195+00:00,2026-08-19T06:20:53.910649+00:00
34,334,Telles,14,DEF,50,0,0,0.0,0.0,0.0,0,2,0,0,0,2026-08-19T06:20:46.775195+00:00,2026-08-19T06:20:53.910649+00:00
34,335,Rashford,14,MID,72,7.6504,4.4704,0.82,0.0324,0.7652,0.3124,2,8,175,1,2026-08-19T06:20:46.775195+00:00,2026-08-19T06:20:53.910649+00:00
34,336,Van de Beek,14,MID,51,0,0,0.0,0.0,0.0,0,2,0,0,0,2026-08-19T06:20:46.775195+00:00,2026-08-19T06:20:53.910649+00:00
34,337,Lindelöf,14,DEF,41,1.6664,2.2164,0.22,0.1716,0.2183,0.006,2,8,180,1,2026-08-19T06:20:46.775195+00:00,2026-08-19T06:20:53.910649+00:00
34,338,McTominay,14,MID,49,2.582,2.3028,0.48,0.1144,0.4556,0.018,2,0,0,0,2026-08-19T06:20:46.775195+00:00,2026-08-19T06:20:53.910649+00:00
34,339,Bailly,14,DEF,40,0,0,0.0,0.0,0.0,0,2,0,0,0,2026-08-19T06:20:46.775195+00:00,2026-08-19T06:20:53.910649+00:00
34,340,Sancho,14,MID,71,3.7624,3.249,0.48,0.1456,0.458,0.0652,2,4,89,1,2026-08-19T06:20:46.775195+00:00,2026-08-19T06:20:53.910649+00:00
34,341,Wan-Bissaka,14,DEF,43,1.8044,2.4956,0.22,0.1716,0.2183,0.0148,2,2,90,1,2026-08-19T06:20:46.775195+00:00,2026-08-19T06:20:53.910649+00:00
34,342,Dalot,14,DEF,47,5.242,3.9222,0.68,0.0576,0.637,0.1396,2,10,180,1,2026-08-19T06:20:46.775195+00:00,2026-08-19T06:20:53.910649+00:00
34,343,B.Williams,14,DEF,38,1.3992,2.0185,0.22,0.1404,0.2158,0.0044,2,0,0,0,2026-08-19T06:20:46.775195+00:00,2026-08-19T06:20:53.910649+00:00
34,344,Elanga,14,MID,46,1.6956,1.844,0.28,0.1584,0.2731,0.0056,2,0,0,0,2026-08-19T06:20:46.775195+00:00,2026-08-19T06:20:53.910649+00:00
34,345,Martial,14,FWD,63,2.4236,2.653,0.28,0.2016,0.2765,0.026,2,3,87,1,2026-08-19T06:20:46.775195+00:00,2026-08-19T06:20:53.910649+00:00
34,347,Pellistri,14,MID,43,1.0108,1.4103,0.1,0.198,0.1088,0.0012,2,0,0,0,2026-08-19T06:20:46.775195+00:00,2026-08-19T06:20:53.910649+00:00
34,348,Heaton,14,GKP,38,0.3272,1.0799,0.04,0.0384,0.0403,0.0004,2,0,0,0,2026-08-19T06:20:46.775195+00:00,2026-08-19T06:20:53.910649+00:00
34,504,Malacia,14,DEF,42,1.8588,2.4579,0.22,0.1716,0.2183,0.0076,2,5,90,1,2026-08-19T06:20:46.775195+00:00,2026-08-19T06:20:53.910649+00:00
34,519,Eriksen,14,MID,62,4.4632,3.0495,0.68,0.0576,0.637,0.0724,2,3,75,1,2026-08-19T06:20:46.775195+00:00,2026-08-19T06:20:53.910649+00:00
34,533,Martínez,14,DEF,44,0,0,0.0,0.0,0.0,0,2,0,0,0,2026-08-19T06:20:46.775195+00:00,2026-08-19T06:20:53.910649+00:00
34,550,Amad,14,MID,44,0,0,0.0,0.0,0.0,0,2,0,0,0,2026-08-19T06:20:46.775195+00:00,2026-08-19T06:20:53.910649+00:00
34,551,Iqbal,14,MID,42,0.9432,1.4196,0.1,0.198,0.1088,0.002,2,0,0,0,2026-08-19T06:20:46.775195+00:00,2026-08-19T06:20:53.910649+00:00
34,569,Garnacho,14,MID,41,1.974,2.3144,0.28,0.1584,0.2731,0.0148,2,0,0,0,2026-08-19T06:20:46.775195+00:00,2026-08-19T06:20:53.910649+00:00
34,593,Casemiro,14,MID,49,4.5216,3.0827,0.68,0.0576,0.637,0.0764,2,4,180,1,2026-08-19T06:20:46.775195+00:00,2026-08-19T06:20:53.910649+00:00
34,609,Antony,14,MID,73,2.8412,3.0245,0.34,0.1848,0.331,0.0376,2,3,89,1,2026-08-19T06:20:46.775195+00:00,2026-08-19T06:20:53.910649+00:00
34,615,Kovár,14,GKP,40,0,0,0.0,0.0,0.0,0,2,0,0,0,2026-08-19T06:20:46.775195+00:00,2026-08-19T06:20:53.910649+00:00
34,643,Mainoo,14,MID,45,0.9368,1.3114,0.1,0.198,0.1088,0.0,2,0,0,0,2026-08-19T06:20:46.775195+00:00,2026-08-19T06:20:53.910649+00:00
34,656,Bishop,14,GKP,40,0.3356,1.0775,0.04,0.0384,0.0403,0.0,2,0,0,0,2026-08-19T06:20:46.775195+00:00,2026-08-19T06:20:53.910649+00:00
34,660,Shoretire,14,FWD,45,0,0,0.0,0.0,0.0,0,2,0,0,0,2026-08-19T06:20:46.775195+00:00,2026-08-19T06:20:53.910649+00:00
34,674,Bennett,14,DEF,40,0.9688,1.6582,0.1,0.198,0.1088,0.0036,2,0,0,0,2026-08-19T06:20:46.775195+00:00,2026-08-19T06:20:53.910649+00:00
34,701,Weghorst,14,FWD,54,2.8656,2.4365,0.48,0.1144,0.4556,0.018,2,1,6,0,2026-08-19T06:20:46.775195+00:00,2026-08-19T06:20:53.910649+00:00
34,728,Sabitzer,14,MID,47,0,0,0.0,0.0,0.0,0,2,4,99,1,2026-08-19T06:20:46.775195+00:00,2026-08-19T06:20:53.910649+00:00
34,759,Jurado,14,DEF,40,1.0012,1.7072,0.1,0.198,0.1088,0.0036,2,0,0,0,2026-08-19T06:20:46.775195+00:00,2026-08-19T06:20:53.910649+00:00
34,195,Gordon,15,MID,51,1.878,1.8948,0.68,0.0704,0.638,0.0048,1,1,45,1,2026-08-19T06:20:46.775195+00:00,2026-08-19T06:20:53.910649+00:00
34,350,Ritchie,15,DEF,42,0,0,0.0,0.0,0.0,0,1,1,1,0,2026-08-19T06:20:46.775195+00:00,2026-08-19T06:20:53.910649+00:00
34,351,Fernández,15,DEF,44,0,0,0.0,0.0,0.0,0,1,0,0,0,2026-08-19T06:20:46.775195+00:00,2026-08-19T06:20:53.910649+00:00
34,352,Clark,15,DEF,45,0,0,0.0,0.0,0.0,0,1,0,0,0,2026-08-19T06:20:46.775195+00:00,2026-08-19T06:20:53.910649+00:00
34,353,Darlow,15,GKP,39,0,0,0.0,0.0,0.0,0,1,0,0,0,2026-08-19T06:20:46.775195+00:00,2026-08-19T06:20:53.910649+00:00
34,355,Dubravka,15,GKP,41,4.2292,2.5692,0.88,0.0048,0.8188,0.0092,1,0,0,0,2026-08-19T06:20:46.775195+00:00,2026-08-19T06:20:53.910649+00:00
34,356,Wilson,15,FWD,69,2.7388,2.5735,0.68,0.0896,0.6396,0.0184,1,12,45,1,2026-08-19T06:20:46.775195+00:00,2026-08-19T06:20:53.910649+00:00
34,357,Trippier,15,DEF,62,3.9352,2.7208,0.9,0.018,0.8384,0.0304,1,2,90,1,2026-08-19T06:20:46.775195+00:00,2026-08-19T06:20:53.910649+00:00
34,358,Burn,15,DEF,45,0.8968,1.8142,0.22,0.1404,0.2158,0.0032,1,2,90,1,2026-08-19T06:20:46.775195+00:00,2026-08-19T06:20:53.910649+00:00
34,359,Fraser,15,MID,52,0.9344,1.4658,0.28,0.1584,0.2731,0.002,1,0,0,0,2026-08-19T06:20:46.775195+00:00,2026-08-19T06:20:53.910649+00:00
34,360,Lascelles,15,DEF,43,0,0,0.0,0.0,0.0,0,1,0,0,0,2026-08-19T06:20:46.775195+00:00,2026-08-19T06:20:53.910649+00:00
34,361,Gayle,15,FWD,45,0,0,0.0,0.0,0.0,0,1,0,0,0,2026-08-19T06:20:46.775195+00:00,2026-08-19T06:20:53.910649+00:00
34,362,Dummett,15,DEF,39,0.4876,1.1314,0.1,0.198,0.1088,0.0012,1,0,0,0,2026-08-19T06:20:46.775195+00:00,2026-08-19T06:20:53.910649+00:00
34,363,Manquillo,15,DEF,42,0,0,0.0,0.0,0.0,0,1,0,0,0,2026-08-19T06:20:46.775195+00:00,2026-08-19T06:20:53.910649+00:00
34,364,Krafth,15,DEF,43,0,0,0.0,0.0,0.0,0,1,0,0,0,2026-08-19T06:20:46.775195+00:00,2026-08-19T06:20:53.910649+00:00
34,365,Murphy,15,MID,41,1.8712,2.3406,0.48,0.1144,0.4556,0.012,1,2,68,1,2026-08-19T06:20:46.775195+00:00,2026-08-19T06:20:53.910649+00:00
34,366,Schär,15,DEF,51,3.0652,2.806,0.82,0.0324,0.7652,0.0228,1,2,90,1,2026-08-19T06:20:46.775195+00:00,2026-08-19T06:20:53.910649+00:00
34,367,Targett,15,DEF,47,1.0744,1.8484,0.28,0.1584,0.2731,0.0012,1,0,0,0,2026-08-19T06:20:46.775195+00:00,2026-08-19T06:20:53.910649+00:00
34,368,Saint-Maximin,15,MID,61,1.8156,2.0692,0.48,0.1456,0.458,0.0048,1,0,0,0,2026-08-19T06:20:46.775195+00:00,2026-08-19T06:20:53.910649+00:00
34,369,Almirón,15,MID,54,2.9068,2.1031,0.82,0.0324,0.7652,0.01,1,1,21,0,2026-08-19T06:20:46.775195+00:00,2026-08-19T06:20:53.910649+00:00
34,370,S.Longstaff,15,MID,43,2.5708,2.012,0.82,0.0324,0.7652,0.0076,1,0,0,0,2026-08-19T06:20:46.775195+00:00,2026-08-19T06:20:53.910649+00:00
34,371,Joelinton,15,MID,60,0,0,0.0,0.0,0.0,0,1,1,90,1,2026-08-19T06:20:46.775195+00:00,2026-08-19T06:20:53.910649+00:00
34,372,Lewis,15,DEF,44,0.51,1.1984,0.1,0.198,0.1088,0.0,1,0,0,0,2026-08-19T06:20:46.775195+00:00,2026-08-19T06:20:53.910649+00:00
34,373,Willock,15,MID,47,0,0,0.0,0.0,0.0,0,1,2,90,1,2026-08-19T06:20:46.775195+00:00,2026-08-19T06:20:53.910649+00:00
34,374,Bruno Guimarães,15,MID,55,2.3888,1.787,0.82,0.0324,0.7652,0.0044,1,2,90,1,2026-08-19T06:20:46.775195+00:00,2026-08-19T06:20:53.910649+00:00
34,375,Hendrick,15,MID,45,0,0,0.0,0.0,0.0,0,1,0,0,0,2026-08-19T06:20:46.775195+00:00,2026-08-19T06:20:53.910649+00:00
34,376,Pope,15,GKP,54,0,0,0.0,0.0,0.0,0,1,2,90,1,2026-08-19T06:20:46.775195+00:00,2026-08-19T06:20:53.910649+00:00
34,377,Botman,15,DEF,45,0.8744,1.7835,0.22,0.1404,0.2158,0.0036,1,5,90,1,2026-08-19T06:20:46.775195+00:00,2026-08-19T06:20:53.910649+00:00
34,552,Anderson,15,MID,43,0.4824,0.931,0.1,0.198,0.1088,0.0,1,1,1,0,2026-08-19T06:20:46.775195+00:00,2026-08-19T06:20:53.910649+00:00
34,555,Ashby,15,DEF,38,0.5636,1.2804,0.1,0.198,0.1088,0.0,1,0,0,0,2026-08-19T06:20:46.775195+00:00,2026-08-19T06:20:53.910649+00:00
34,594,Isak,15,FWD,69,2.3412,2.7647,0.48,0.1456,0.458,0.0256,1,7,90,1,2026-08-19T06:20:46.775195+00:00,2026-08-19T06:20:53.910649+00:00
34,626,Karius,15,GKP,39,0.194,0.8804,0.04,0.0384,0.0403,0.0,1,0,0,0,2026-08-19T06:20:46.775195+00:00,2026-08-19T06:20:53.910649+00:00
34,683,Kuol,15,MID,45,0,0,0.0,0.0,0.0,0,1,0,0,0,2026-08-19T06:20:46.775195+00:00,2026-08-19T06:20:53.910649+00:00
34,741,Miley,15,MID,45,0.4836,0.9987,0.1,0.198,0.1088,0.0,1,0,0,0,2026-08-19T06:20:46.775195+00:00,2026-08-19T06:20:53.910649+00:00
34,776,Gillespie,15,GKP,40,0.1836,0.823,0.04,0.0384,0.0403,0.0004,1,,,,2026-08-19T06:20:46.775195+00:00,
34,295,N.Williams,16,DEF,38,0,0,0.0,0.0,0.0,0,1,0,0,0,2026-08-19T06:20:46.775195+00:00,2026-08-19T06:20:53.910649+00:00
34,349,Shelvey,16,MID,48,0.774,1.1904,0.28,0.1584,0.2731,0.0008,1,0,0,0,2026-08-19T06:20:46.775195+00:00,2026-08-19T06:20:53.910649+00:00
34,354,Wood,16,FWD,56,0,0,0.0,0.0,0.0,0,1,0,0,0,2026-08-19T06:20:46.775195+00:00,2026-08-19T06:20:53.910649+00:00
34,378,Arter,16,MID,41,0.4532,0.9144,0.1,0.198,0.1088,0.0004,1,0,0,0,2026-08-19T06:20:46.775195+00:00,2026-08-19T06:20:53.910649+00:00
34,379,Cook,16,DEF,43,0.7,1.3634,0.22,0.1716,0.2183,0.0004,1,0,0,0,2026-08-19T06:20:46.775195+00:00,2026-08-19T06:20:53.910649+00:00
34,380,Lyle Taylor,16,FWD,41,0.434,0.8761,0.1,0.198,0.1088,0.0004,1,0,0,0,2026-08-19T06:20:46.775195+00:00,2026-08-19T06:20:53.910649+00:00
34,381,Colback,16,MID,41,0.5252,0.9737,0.14,0.1892,0.1453,0.0,1,0,0,0,2026-08-19T06:20:46.775195+00:00,2026-08-19T06:20:53.910649+00:00
34,382,Samba,16,GKP,45,0,0,0.0,0.0,0.0,0,1,0,0,0,2026-08-19T06:20:46.775195+00:00,2026-08-19T06:20:53.910649+00:00
34,383,Cafú,16,MID,42,0.4676,0.9866,0.1,0.198,0.1088,0.0004,1,0,0,0,2026-08-19T06:20:46.775195+00:00,2026-08-19T06:20:53.910649+00:00
34,384,Lolley,16,MID,49,0,0,0.0,0.0,0.0,0,1,0,0,0,2026-08-19T06:20:46.775195+00:00,2026-08-19T06:20:53.910649+00:00
34,385,McKenna,16,DEF,44,0,0,0.0,0.0,0.0,0,1,0,0,0,2026-08-19T06:20:46.775195+00:00,2026-08-19T06:20:53.910649+00:00
34,386,Dräger,16,DEF,40,0,0,0.0,0.0,0.0,0,1,0,0,0,2026-08-19T06:20:46.775195+00:00,2026-08-19T06:20:53.910649+00:00
34,387,Yates,16,MID,50,1.5732,1.2833,0.68,0.0704,0.638,0.0,1,1,9,0,2026-08-19T06:20:46.775195+00:00,2026-08-19T06:20:53.910649+00:00
34,388,Worrall,16,DEF,42,0.6568,1.3859,0.22,0.1404,0.2158,0.0016,1,1,90,1,2026-08-19T06:20:46.775195+00:00,2026-08-19T06:20:53.910649+00:00
34,389,Panzo,16,DEF,40,0,0,0.0,0.0,0.0,0,1,0,0,0,2026-08-19T06:20:46.775195+00:00,2026-08-19T06:20:53.910649+00:00
34,390,Xande Silva,16,MID,50,0,0,0.0,0.0,0.0,0,1,0,0,0,2026-08-19T06:20:46.775195+00:00,2026-08-19T06:20:53.910649+00:00
34,391,Surridge,16,FWD,46,0.7184,1.2783,0.18,0.1804,0.1818,0.0004,1,0,0,0,2026-08-19T06:20:46.775195+00:00,2026-08-19T06:20:53.910649+00:00
34,392,Laryea,16,DEF,45,0,0,0.0,0.0,0.0,0,1,0,0,0,2026-08-19T06:20:46.775195+00:00,2026-08-19T06:20:53.910649+00:00
34,393,Mbe Soh,16,DEF,42,0,0,0.0,0.0,0.0,0,1,0,0,0,2026-08-19T06:20:46.775195+00:00,2026-08-19T06:20:53.910649+00:00
34,394,Johnson,16,FWD,56,2.5032,1.979,0.82,0.0324,0.7652,0.0088,1,2,65,1,2026-08-19T06:20:46.775195+00:00,2026-08-19T06:20:53.910649+00:00
34,395,Mighten,16,MID,49,0,0,0.0,0.0,0.0,0,1,0,0,0,2026-08-19T06:20:46.775195+00:00,2026-08-19T06:20:53.910649+00:00
34,396,Ojeda,16,MID,45,0,0,0.0,0.0,0.0,0,1,0,0,0,2026-08-19T06:20:46.775195+00:00,2026-08-19T06:20:53.910649+00:00
34,397,Awoniyi,16,FWD,56,1.7032,1.903,0.48,0.1456,0.458,0.0016,1,1,53,1,2026-08-19T06:20:46.775195+00:00,2026-08-19T06:20:53.910649+00:00
34,398,Henderson,16,GKP,46,0,0,0.0,0.0,0.0,0,1,0,0,0,2026-08-19T06:20:46.775195+00:00,2026-08-19T06:20:53.910649+00:00
34,399,Biancone,16,DEF,42,0,0,0.0,0.0,0.0,0,1,0,0,0,2026-08-19T06:20:46.775195+00:00,2026-08-19T06:20:53.910649+00:00
34,474,Boly,16,DEF,41,0.8744,1.7211,0.22,0.1716,0.2183,0.0008,1,0,0,0,2026-08-19T06:20:46.775195+00:00,2026-08-19T06:20:53.910649+00:00
34,493,Gibbs-White,16,MID,55,2.8904,2.056,0.9,0.018,0.8384,0.0108,1,5,90,1,2026-08-19T06:20:46.775195+00:00,2026-08-19T06:20:53.910649+00:00
34,507,Niakhaté,16,DEF,43,0.7552,1.4199,0.22,0.1716,0.2183,0.0012,1,1,90,1,2026-08-19T06:20:46.775195+00:00,2026-08-19T06:20:53.910649+00:00
34,511,Richards,16,DEF,44,0,0,0.0,0.0,0.0,0,1,0,0,0,2026-08-19T06:20:46.775195+00:00,2026-08-19T06:20:53.910649+00:00
34,518,Hennessey,16,GKP,39,2.8572,2.1588,0.88,0.0048,0.8188,0.0016,1,0,0,0,2026-08-19T06:20:46.775195+00:00,2026-08-19T06:20:53.910649+00:00
34,523,Toffolo,16,DEF,43,0.7208,1.3788,0.22,0.1716,0.2183,0.0008,1,0,0,0,2026-08-19T06:20:46.775195+00:00,2026-08-19T06:20:53.910649+00:00
34,524,O'Brien,16,MID,47,0,0,0.0,0.0,0.0,0,1,0,0,0,2026-08-19T06:20:46.775195+00:00,2026-08-19T06:20:53.910649+00:00
34,527,Lingard,16,MID,54,0.736,1.181,0.24,0.1672,0.2366,0.0004,1,0,0,0,2026-08-19T06:20:46.775195+00:00,2026-08-19T06:20:53.910649+00:00
34,536,Mangala,16,MID,49,1.194,1.3727,0.48,0.1144,0.4556,0.0004,1,3,80,1,2026-08-19T06:20:46.775195+00:00,2026-08-19T06:20:53.910649+00:00
34,553,Hammond,16,MID,43,0.4456,0.9279,0.1,0.198,0.1088,0.0,1,0,0,0,2026-08-19T06:20:46.775195+00:00,2026-08-19T06:20:53.910649+00:00
34,582,Freuler,16,MID,49,1.8816,1.1775,0.82,0.0324,0.7652,0.0,1,0,0,0,2026-08-19T06:20:46.775195+00:00,2026-08-19T06:20:53.910649+00:00
34,583,Kouyaté,16,MID,44,0.8016,1.2088,0.28,0.1584,0.2731,0.0004,1,1,24,0,2026-08-19T06:20:46.775195+00:00,2026-08-19T06:20:53.910649+00:00
34,585,Dennis,16,FWD,56,0.9344,1.4396,0.28,0.2016,0.2765,0.0012,1,0,0,0,2026-08-19T06:20:46.775195+00:00,2026-08-19T06:20:53.910649+00:00
34,602,Renan Lodi,16,DEF,43,0.6708,1.4026,0.22,0.1404,0.2158,0.0004,1,1,90,1,2026-08-19T06:20:46.775195+00:00,2026-08-19T06:20:53.910649+00:00
34,621,Badé,16,DEF,45,0,0,0.0,0.0,0.0,0,1,0,0,0,2026-08-19T06:20:46.775195+00:00,2026-08-19T06:20:53.910649+00:00
34,628,Aurier,16,DEF,43,0.818,1.6043,0.22,0.1404,0.2158,0.0004,1,1,90,1,2026-08-19T06:20:46.775195+00:00,2026-08-19T06:20:53.910649+00:00
34,666,Dale Taylor,16,FWD,45,0,0,0.0,0.0,0.0,0,1,0,0,0,2026-08-19T06:20:46.775195+00:00,2026-08-19T06:20:53.910649+00:00
34,675,Smith,16,GKP,40,0,0,0.0,0.0,0.0,0,1,0,0,0,2026-08-19T06:20:46.775195+00:00,2026-08-19T06:20:53.910649+00:00
34,681,Scarpa,16,MID,47,0.478,0.9601,0.09,0.2002,0.0997,0.0,1,0,0,0,2026-08-19T06:20:46.775195+00:00,2026-08-19T06:20:53.910649+00:00
34,703,Danilo,16,MID,45,0.816,1.349,0.24,0.1672,0.2366,0.0004,1,10,90,1,2026-08-19T06:20:46.775195+00:00,2026-08-19T06:20:53.910649+00:00
34,729,Navas,16,GKP,45,0,0,0.0,0.0,0.0,0,1,3,90,1,2026-08-19T06:20:46.775195+00:00,2026-08-19T06:20:53.910649+00:00
34,730,Felipe,16,DEF,45,0.4828,1.2155,0.11,0.1958,0.118,0.0016,1,0,90,1,2026-08-19T06:20:46.775195+00:00,2026-08-19T06:20:53.910649+00:00
34,734,A.Ayew,16,MID,50,0.65,1.2215,0.18,0.1804,0.1818,0.0004,1,0,36,0,2026-08-19T06:20:46.775195+00:00,2026-08-19T06:20:53.910649+00:00
34,749,G.Shelvey,16,GKP,40,0.1576,0.7145,0.04,0.0384,0.0403,0.0,1,0,0,0,2026-08-19T06:20:46.775195+00:00,2026-08-19T06:20:53.910649+00:00
34,21,Maitland-Niles,17,MID,48,1.2412,1.3068,0.48,0.1144,0.4556,0.0,1,1,20,0,2026-08-19T06:20:46.775195+00:00,2026-08-19T06:20:53.910649+00:00
34,321,Lavia,17,MID,45,1.4676,1.2073,0.68,0.0576,0.637,0.0,1,1,90,1,2026-08-19T06:20:46.775195+00:00,2026-08-19T06:20:53.910649+00:00
34,400,Walcott,17,MID,48,1.5572,1.9416,0.48,0.1144,0.4556,0.0036,1,-1,26,0,2026-08-19T06:20:46.775195+00:00,2026-08-19T06:20:53.910649+00:00
34,401,McCarthy,17,GKP,43,0.1512,0.6768,0.04,0.0384,0.0403,0.0,1,2,90,1,2026-08-19T06:20:46.775195+00:00,2026-08-19T06:20:53.910649+00:00
34,402,Romeu,17,MID,48,0,0,0.0,0.0,0.0,0,1,0,0,0,2026-08-19T06:20:46.775195+00:00,2026-08-19T06:20:53.910649+00:00
34,403,Redmond,17,MID,53,0,0,0.0,0.0,0.0,0,1,0,0,0,2026-08-19T06:20:46.775195+00:00,2026-08-19T06:20:53.910649+00:00
34,405,S.Armstrong,17,MID,47,1.1564,1.3731,0.48,0.1144,0.4556,0.0004,1,6,70,1,2026-08-19T06:20:46.775195+00:00,2026-08-19T06:20:53.910649+00:00
34,406,Elyounoussi,17,MID,51,1.65,1.4169,0.68,0.0576,0.637,0.0004,1,1,19,0,2026-08-19T06:20:46.775195+00:00,2026-08-19T06:20:53.910649+00:00
34,407,Ward-Prowse,17,MID,62,3.0304,2.1113,0.9,0.018,0.8384,0.0108,1,2,90,1,2026-08-19T06:20:46.775195+00:00,2026-08-19T06:20:53.910649+00:00
34,408,A.Armstrong,17,FWD,53,1.2352,1.4631,0.48,0.1144,0.4556,0.0016,1,1,20,0,2026-08-19T06:20:46.775195+00:00,2026-08-19T06:20:53.910649+00:00
34,409,Walker-Peters,17,DEF,44,0.7108,1.4367,0.22,0.1404,0.2158,0.0004,1,0,90,1,2026-08-19T06:20:46.775195+00:00,2026-08-19T06:20:53.910649+00:00
34,410,Bednarek,17,DEF,42,0.7044,1.4362,0.22,0.1716,0.2183,0.0012,1,0,90,1,2026-08-19T06:20:46.775195+00:00,2026-08-19T06:20:53.910649+00:00
34,411,Adams,17,FWD,60,0,0,0.0,0.0,0.0,0,1,1,13,0,2026-08-19T06:20:46.775195+00:00,2026-08-19T06:20:53.910649+00:00
34,412,Tella,17,MID,50,0,0,0.0,0.0,0.0,0,1,0,0,0,2026-08-19T06:20:46.775195+00:00,2026-08-19T06:20:53.910649+00:00
34,413,Lyanco,17,DEF,44,0.6744,1.3742,0.22,0.1716,0.2183,0.0004,1,2,69,1,2026-08-19T06:20:46.775195+00:00,2026-08-19T06:20:53.910649+00:00
34,414,Valery,17,DEF,40,0,0,0.0,0.0,0.0,0,1,0,0,0,2026-08-19T06:20:46.775195+00:00,2026-08-19T06:20:53.910649+00:00
34,415,Smallbone,17,MID,45,0,0,0.0,0.0,0.0,0,1,0,0,0,2026-08-19T06:20:46.775195+00:00,2026-08-19T06:20:53.910649+00:00
34,416,Diallo,17,MID,42,1.0952,1.2447,0.48,0.1144,0.4556,0.0,1,0,0,0,2026-08-19T06:20:46.775195+00:00,2026-08-19T06:20:53.910649+00:00
34,417,Perraud,17,DEF,41,0,0,0.0,0.0,0.0,0,1,0,0,0,2026-08-19T06:20:46.775195+00:00,2026-08-19T06:20:53.910649+00:00
34,418,Djenepo,17,MID,50,0.9156,1.3274,0.28,0.1584,0.2731,0.0012,1,2,63,1,2026-08-19T06:20:46.775195+00:00,2026-08-19T06:20:53.910649+00:00
34,419,Livramento,17,DEF,44,0.8276,1.6856,0.22,0.1404,0.2158,0.0008,1,0,0,0,2026-08-19T06:20:46.775195+00:00,2026-08-19T06:20:53.910649+00:00
34,420,Salisu,17,DEF,43,0,0,0.0,0.0,0.0,0,1,0,0,0,2026-08-19T06:20:46.775195+00:00,2026-08-19T06:20:53.910649+00:00
34,421,Lis,17,GKP,40,0,0,0.0,0.0,0.0,0,1,0,0,0,2026-08-19T06:20:46.775195+00:00,2026-08-19T06:20:53.910649+00:00
34,422,Bazunu,17,GKP,45,2.5744,1.9806,0.88,0.0048,0.8188,0.0,1,0,0,0,2026-08-19T06:20:46.775195+00:00,2026-08-19T06:20:53.910649+00:00
34,423,Bella-Kotchap,17,DEF,45,0,0,0.0,0.0,0.0,0,1,1,90,1,2026-08-19T06:20:46.775195+00:00,2026-08-19T06:20:53.910649+00:00
34,424,Caballero,17,GKP,39,0.1492,0.6776,0.04,0.0384,0.0403,0.0,1,0,0,0,2026-08-19T06:20:46.775195+00:00,2026-08-19T06:20:53.910649+00:00
34,512,Aribo,17,MID,50,1.3376,1.4848,0.48,0.1144,0.4556,0.0012,1,0,0,0,2026-08-19T06:20:46.775195+00:00,2026-08-19T06:20:53.910649+00:00
34,528,Mara,17,FWD,53,0.8164,1.2931,0.28,0.1584,0.2731,0.0008,1,0,0,0,2026-08-19T06:20:46.775195+00:00,2026-08-19T06:20:53.910649+00:00
34,622,Larios,17,DEF,40,0,0,0.0,0.0,0.0,0,1,0,0,0,2026-08-19T06:20:46.775195+00:00,2026-08-19T06:20:53.910649+00:00
34,623,Caleta-Car,17,DEF,44,0.7416,1.5,0.22,0.1716,0.2183,0.0016,1,0,0,0,2026-08-19T06:20:46.775195+00:00,2026-08-19T06:20:53.910649+00:00
34,624,Edozie,17,MID,46,0,0,0.0,0.0,0.0,0,1,0,0,0,2026-08-19T06:20:46.775195+00:00,2026-08-19T06:20:53.910649+00:00
34,647,Payne,17,MID,45,0,0,0.0,0.0,0.0,0,1,0,0,0,2026-08-19T06:20:46.775195+00:00,2026-08-19T06:20:53.910649+00:00
34,648,Finnigan,17,MID,45,0,0,0.0,0.0,0.0,0,1,0,0,0,2026-08-19T06:20:46.775195+00:00,2026-08-19T06:20:53.910649+00:00
34,671,Morgan,17,FWD,45,0,0,0.0,0.0,0.0,0,1,0,0,0,2026-08-19T06:20:46.775195+00:00,2026-08-19T06:20:53.910649+00:00
34,692,Orsic,17,MID,51,0.7136,1.286,0.18,0.1804,0.1818,0.0008,1,0,0,0,2026-08-19T06:20:46.775195+00:00,2026-08-19T06:20:53.910649+00:00
34,693,Alcaraz,17,MID,50,1.5908,1.8622,0.48,0.1144,0.4556,0.0012,1,2,76,1,2026-08-19T06:20:46.775195+00:00,2026-08-19T06:20:53.910649+00:00
34,716,Bree,17,DEF,45,0.4556,1.0828,0.1,0.198,0.1088,0.0008,1,0,0,0,2026-08-19T06:20:46.775195+00:00,2026-08-19T06:20:53.910649+00:00
34,731,Kamaldeen,17,MID,49,1.3912,1.6324,0.48,0.1144,0.4556,0.0028,1,6,69,1,2026-08-19T06:20:46.775195+00:00,2026-08-19T06:20:53.910649+00:00
34,732,Onuachu,17,FWD,54,0.5512,1.0337,0.14,0.1892,0.1453,0.0004,1,0,0,0,2026-08-19T06:20:46.775195+00:00,2026-08-19T06:20:53.910649+00:00
34,769,Doyle,17,MID,45,0.4936,1.0315,0.1,0.198,0.1088,0.0008,1,,,,2026-08-19T06:20:46.775195+00:00,
34,770,Ballard,17,FWD,45,0.4532,0.9201,0.1,0.198,0.1088,0.0004,1,,,,2026-08-19T06:20:46.775195+00:00,
34,778,Amo-Ameyaw,17,MID,45,0.4528,0.9074,0.1,0.198,0.1088,0.0,1,,,,2026-08-19T06:20:46.775195+00:00,
34,425,Lloris,18,GKP,54,0,0,0.0,0.0,0.0,0,1,0,0,0,2026-08-19T06:20:46.775195+00:00,2026-08-19T06:20:53.910649+00:00
34,426,Forster,18,GKP,39,2.8524,2.1,0.88,0.0048,0.8188,0.0008,1,0,90,1,2026-08-19T06:20:46.775195+00:00,2026-08-19T06:20:53.910649+00:00
34,427,Kane,18,FWD,114,3.6276,2.4616,0.9,0.018,0.8384,0.0244,1,8,90,1,2026-08-19T06:20:46.775195+00:00,2026-08-19T06:20:53.910649+00:00
34,428,Son,18,MID,115,2.8548,2.3245,0.82,0.0324,0.7652,0.014,1,9,90,1,2026-08-19T06:20:46.775195+00:00,2026-08-19T06:20:53.910649+00:00
34,429,Doherty,18,DEF,46,0,0,0.0,0.0,0.0,0,1,0,0,0,2026-08-19T06:20:46.775195+00:00,2026-08-19T06:20:53.910649+00:00
34,430,Dier,18,DEF,50,0,0,0.0,0.0,0.0,0,1,0,90,1,2026-08-19T06:20:46.775195+00:00,2026-08-19T06:20:53.910649+00:00
34,431,Lucas Moura,18,MID,58,1.4452,1.8189,0.45,0.154,0.4308,0.0044,1,1,1,0,2026-08-19T06:20:46.775195+00:00,2026-08-19T06:20:53.910649+00:00
34,432,Davies,18,DEF,47,1.9588,2.209,0.68,0.0576,0.637,0.0048,1,0,90,1,2026-08-19T06:20:46.775195+00:00,2026-08-19T06:20:53.910649+00:00
34,433,Højbjerg,18,MID,53,1.3028,1.4953,0.45,0.099,0.4264,0.0008,1,2,90,1,2026-08-19T06:20:46.775195+00:00,2026-08-19T06:20:53.910649+00:00
34,434,Winks,18,MID,44,0,0,0.0,0.0,0.0,0,1,0,0,0,2026-08-19T06:20:46.775195+00:00,2026-08-19T06:20:53.910649+00:00
34,435,Sánchez,18,DEF,42,0.7176,1.3601,0.22,0.1716,0.2183,0.0004,1,0,0,0,2026-08-19T06:20:46.775195+00:00,2026-08-19T06:20:53.910649+00:00
34,436,R.Sessegnon,18,DEF,44,0,0,0.0,0.0,0.0,0,1,0,0,0,2026-08-19T06:20:46.775195+00:00,2026-08-19T06:20:53.910649+00:00
34,437,Bergwijn,18,MID,55,0,0,0.0,0.0,0.0,0,1,0,0,0,2026-08-19T06:20:46.775195+00:00,2026-08-19T06:20:53.910649+00:00
34,438,Reguilón,18,DEF,42,0,0,0.0,0.0,0.0,0,1,0,0,0,2026-08-19T06:20:46.775195+00:00,2026-08-19T06:20:53.910649+00:00
34,439,Tanganga,18,DEF,38,0.4584,1.0837,0.1,0.198,0.1088,0.0004,1,0,0,0,2026-08-19T06:20:46.775195+00:00,2026-08-19T06:20:53.910649+00:00
34,440,Bentancur,18,MID,53,0,0,0.0,0.0,0.0,0,1,0,0,0,2026-08-19T06:20:46.775195+00:00,2026-08-19T06:20:53.910649+00:00
34,441,Skipp,18,MID,43,1.0928,1.2912,0.48,0.1144,0.4556,0.0012,1,2,83,1,2026-08-19T06:20:46.775195+00:00,2026-08-19T06:20:53.910649+00:00
34,442,Rodon,18,DEF,40,0,0,0.0,0.0,0.0,0,1,0,0,0,2026-08-19T06:20:46.775195+00:00,2026-08-19T06:20:53.910649+00:00
34,443,Romero,18,DEF,49,0,0,0.0,0.0,0.0,0,1,3,90,1,2026-08-19T06:20:46.775195+00:00,2026-08-19T06:20:53.910649+00:00
34,444,Bissouma,18,MID,47,1.0784,1.2608,0.48,0.1144,0.4556,0.0004,1,0,0,0,2026-08-19T06:20:46.775195+00:00,2026-08-19T06:20:53.910649+00:00
34,445,Emerson Royal,18,DEF,48,1.6892,2.2746,0.48,0.1144,0.4556,0.0052,1,0,0,0,2026-08-19T06:20:46.775195+00:00,2026-08-19T06:20:53.910649+00:00
34,446,Kulusevski,18,MID,78,2.1624,1.9912,0.68,0.0576,0.637,0.0056,1,2,65,1,2026-08-19T06:20:46.775195+00:00,2026-08-19T06:20:53.910649+00:00
34,447,Scarlett,18,FWD,45,0,0,0.0,0.0,0.0,0,1,0,0,0,2026-08-19T06:20:46.775195+00:00,2026-08-19T06:20:53.910649+00:00
34,448,Perišić,18,DEF,53,2.5748,2.6141,0.82,0.0324,0.7652,0.0196,1,4,89,1,2026-08-19T06:20:46.775195+00:00,2026-08-19T06:20:53.910649+00:00
34,449,White,18,MID,44,0,0,0.0,0.0,0.0,0,1,0,0,0,2026-08-19T06:20:46.775195+00:00,2026-08-19T06:20:53.910649+00:00
34,450,Sarr,18,MID,42,0.4344,0.852,0.1,0.198,0.1088,0.0,1,1,24,0,2026-08-19T06:20:46.775195+00:00,2026-08-19T06:20:53.910649+00:00
34,451,Austin,18,GKP,39,0.1484,0.7179,0.04,0.0384,0.0403,0.0004,1,0,0,0,2026-08-19T06:20:46.775195+00:00,2026-08-19T06:20:53.910649+00:00
34,452,Devine,18,MID,43,0,0,0.0,0.0,0.0,0,1,0,0,0,2026-08-19T06:20:46.775195+00:00,2026-08-19T06:20:53.910649+00:00
34,453,Parrott,18,FWD,45,0,0,0.0,0.0,0.0,0,1,0,0,0,2026-08-19T06:20:46.775195+00:00,2026-08-19T06:20:53.910649+00:00
34,454,Richarlison,18,FWD,84,1.516,1.8558,0.48,0.1456,0.458,0.0064,1,4,6,0,2026-08-19T06:20:46.775195+00:00,2026-08-19T06:20:53.910649+00:00
34,513,Lenglet,18,DEF,48,1.9612,2.1029,0.68,0.0576,0.637,0.0028,1,0,0,0,2026-08-19T06:20:46.775195+00:00,2026-08-19T06:20:53.910649+00:00
34,522,Spence,18,DEF,41,0,0,0.0,0.0,0.0,0,1,0,0,0,2026-08-19T06:20:46.775195+00:00,2026-08-19T06:20:53.910649+00:00
34,554,Bryan,18,MID,50,0,0,0.0,0.0,0.0,0,1,0,0,0,2026-08-19T06:20:46.775195+00:00,2026-08-19T06:20:53.910649+00:00
34,713,Danjuma,18,MID,61,1.5664,1.9736,0.45,0.154,0.4308,0.0052,1,1,1,0,2026-08-19T06:20:46.775195+00:00,2026-08-19T06:20:53.910649+00:00
34,733,Pedro Porro,18,DEF,48,1.7444,2.4285,0.48,0.1144,0.4556,0.012,1,1,89,1,2026-08-19T06:20:46.775195+00:00,2026-08-19T06:20:53.910649+00:00
34,748,Mundle,18,MID,45,0.4676,0.9841,0.1,0.198,0.1088,0.0008,1,0,0,0,2026-08-19T06:20:46.775195+00:00,2026-08-19T06:20:53.910649+00:00
34,758,Abbott,18,MID,45,0.4648,0.9535,0.1,0.198,0.1088,0.0004,1,0,0,0,2026-08-19T06:20:46.775195+00:00,2026-08-19T06:20:53.910649+00:00
34,764,Craig,18,MID,45,0.4276,0.8878,0.1,0.198,0.1088,0.0004,1,,,,2026-08-19T06:20:46.775195+00:00,
34,777,Alonso,18,MID,45,0.4576,0.9813,0.1,0.198,0.1088,0.0,1,,,,2026-08-19T06:20:46.775195+00:00,
34,30,Ings,19,FWD,64,3.8616,3.1983,0.48,0.1456,0.458,0.0652,2,2,44,0,2026-08-19T06:20:46.775195+00:00,2026-08-19T06:20:53.910649+00:00
34,455,Fabianski,19,GKP,49,6.126,2.9928,0.9,0.008,0.8376,0.1304,2,2,180,1,2026-08-19T06:20:46.775195+00:00,2026-08-19T06:20:53.910649+00:00
34,456,Ogbonna,19,DEF,44,1.8144,2.3747,0.22,0.1716,0.2183,0.0092,2,2,161,1,2026-08-19T06:20:46.775195+00:00,2026-08-19T06:20:53.910649+00:00
34,457,Cresswell,19,DEF,47,4.0712,3.0549,0.68,0.0576,0.637,0.0532,2,2,135,1,2026-08-19T06:20:46.775195+00:00,2026-08-19T06:20:53.910649+00:00
34,458,Antonio,19,FWD,70,3.9644,2.6463,0.68,0.0576,0.637,0.0336,2,9,155,1,2026-08-19T06:20:46.775195+00:00,2026-08-19T06:20:53.910649+00:00
34,460,Lanzini,19,MID,50,1.5956,2.2531,0.18,0.1804,0.1818,0.0092,2,0,0,0,2026-08-19T06:20:46.775195+00:00,2026-08-19T06:20:53.910649+00:00
34,461,Zouma,19,DEF,44,1.61,2.3055,0.22,0.1404,0.2158,0.0104,2,1,18,0,2026-08-19T06:20:46.775195+00:00,2026-08-19T06:20:53.910649+00:00
34,462,Masuaku,19,DEF,45,0,0,0.0,0.0,0.0,0,2,0,0,0,2026-08-19T06:20:46.775195+00:00,2026-08-19T06:20:53.910649+00:00
34,463,Coufal,19,DEF,40,1.3924,1.9706,0.22,0.1404,0.2158,0.0024,2,1,151,1,2026-08-19T06:20:46.775195+00:00,2026-08-19T06:20:53.910649+00:00
34,464,Benrahma,19,MID,55,4.896,3.5365,0.68,0.0576,0.637,0.114,2,2,56,1,2026-08-19T06:20:46.775195+00:00,2026-08-19T06:20:53.910649+00:00
34,465,Bowen,19,MID,80,5.7716,2.912,0.9,0.018,0.8384,0.122,2,4,168,1,2026-08-19T06:20:46.775195+00:00,2026-08-19T06:20:53.910649+00:00
34,466,Vlasic,19,MID,50,0,0,0.0,0.0,0.0,0,2,0,0,0,2026-08-19T06:20:46.775195+00:00,2026-08-19T06:20:53.910649+00:00
34,467,Rice,19,MID,47,4.7132,1.9377,0.9,0.018,0.8384,0.0244,2,2,90,1,2026-08-19T06:20:46.775195+00:00,2026-08-19T06:20:53.910649+00:00
34,468,Soucek,19,MID,50,4.1148,1.7751,0.82,0.0324,0.7652,0.0148,2,15,90,1,2026-08-19T06:20:46.775195+00:00,2026-08-19T06:20:53.910649+00:00
34,469,Fornals,19,MID,49,3.1196,2.5531,0.48,0.1144,0.4556,0.0264,2,3,135,1,2026-08-19T06:20:46.775195+00:00,2026-08-19T06:20:53.910649+00:00
34,471,Johnson,19,DEF,44,1.5996,2.1244,0.22,0.1716,0.2183,0.008,2,0,28,0,2026-08-19T06:20:46.775195+00:00,2026-08-19T06:20:53.910649+00:00
34,472,Aguerd,19,DEF,48,3.0884,3.2422,0.48,0.1144,0.4556,0.0448,2,6,90,1,2026-08-19T06:20:46.775195+00:00,2026-08-19T06:20:53.910649+00:00
34,473,Areola,19,GKP,43,0.3004,0.9819,0.04,0.0384,0.0403,0.0,2,0,0,0,2026-08-19T06:20:46.775195+00:00,2026-08-19T06:20:53.910649+00:00
34,509,Downes,19,MID,42,1.6512,1.7635,0.28,0.1584,0.2731,0.004,2,1,90,1,2026-08-19T06:20:46.775195+00:00,2026-08-19T06:20:53.910649+00:00
34,529,Scamacca,19,FWD,66,0,0,0.0,0.0,0.0,0,2,0,0,0,2026-08-19T06:20:46.775195+00:00,2026-08-19T06:20:53.910649+00:00
34,545,Emerson,19,DEF,40,0.9912,1.6727,0.11,0.1958,0.118,0.0036,2,1,135,1,2026-08-19T06:20:46.775195+00:00,2026-08-19T06:20:53.910649+00:00
34,556,Coventry,19,MID,44,0,0,0.0,0.0,0.0,0,2,0,0,0,2026-08-19T06:20:46.775195+00:00,2026-08-19T06:20:53.910649+00:00
34,572,Oko-Flex,19,MID,44,0,0,0.0,0.0,0.0,0,2,0,0,0,2026-08-19T06:20:46.775195+00:00,2026-08-19T06:20:53.910649+00:00
34,575,Cornet,19,MID,59,2.9192,2.6059,0.45,0.154,0.4308,0.0276,2,1,1,0,2026-08-19T06:20:46.775195+00:00,2026-08-19T06:20:53.910649+00:00
34,588,Kehrer,19,DEF,43,1.4456,1.9835,0.22,0.1404,0.2158,0.002,2,1,90,1,2026-08-19T06:20:46.775195+00:00,2026-08-19T06:20:53.910649+00:00
34,603,Paquetá,19,MID,59,4.5764,3.182,0.68,0.0576,0.637,0.0856,2,4,158,1,2026-08-19T06:20:46.775195+00:00,2026-08-19T06:20:53.910649+00:00
34,669,Mubama,19,FWD,45,0.8676,1.2229,0.1,0.198,0.1088,0.0004,2,0,0,0,2026-08-19T06:20:46.775195+00:00,2026-08-19T06:20:53.910649+00:00
34,739,Anang,19,GKP,40,0.3532,1.1028,0.04,0.0384,0.0403,0.0004,2,0,0,0,2026-08-19T06:20:46.775195+00:00,2026-08-19T06:20:53.910649+00:00
34,740,Hegyi,19,GKP,39,0.3028,0.9655,0.04,0.0384,0.0403,0.0004,2,0,0,0,2026-08-19T06:20:46.775195+00:00,2026-08-19T06:20:53.910649+00:00
34,746,Casey,19,DEF,40,0.9616,1.5868,0.1,0.198,0.1088,0.0024,2,0,0,0,2026-08-19T06:20:46.775195+00:00,2026-08-19T06:20:53.910649+00:00
34,459,Dawson,20,DEF,48,2.15,2.4543,0.68,0.0576,0.637,0.0128,1,-1,45,1,2026-08-19T06:20:46.775195+00:00,2026-08-19T06:20:53.910649+00:00
34,476,Jiménez,20,FWD,66,1.0552,1.5906,0.28,0.2016,0.2765,0.0032,1,0,0,0,2026-08-19T06:20:46.775195+00:00,2026-08-19T06:20:53.910649+00:00
34,477,Jonny,20,DEF,43,0.7004,1.3545,0.22,0.1716,0.2183,0.0,1,0,0,0,2026-08-19T06:20:46.775195+00:00,2026-08-19T06:20:53.910649+00:00
34,478,Sá,20,GKP,50,3.2408,2.221,0.9,0.008,0.8376,0.0032,1,-1,90,1,2026-08-19T06:20:46.775195+00:00,2026-08-19T06:20:53.910649+00:00
34,480,Neves,20,MID,52,2.5164,2.005,0.82,0.0324,0.7652,0.0068,1,2,90,1,2026-08-19T06:20:46.775195+00:00,2026-08-19T06:20:53.910649+00:00
34,481,Hwang,20,MID,57,1.4896,1.7964,0.48,0.1456,0.458,0.004,1,1,45,1,2026-08-19T06:20:46.775195+00:00,2026-08-19T06:20:53.910649+00:00
34,482,Semedo,20,DEF,50,2.1544,2.1398,0.82,0.0324,0.7652,0.0036,1,-1,45,1,2026-08-19T06:20:46.775195+00:00,2026-08-19T06:20:53.910649+00:00
34,483,Podence,20,MID,52,2.0516,1.9337,0.68,0.0576,0.637,0.0044,1,1,45,1,2026-08-19T06:20:46.775195+00:00,2026-08-19T06:20:53.910649+00:00
34,484,Kilman,20,DEF,43,0.7544,1.5178,0.22,0.1404,0.2158,0.0008,1,-1,90,1,2026-08-19T06:20:46.775195+00:00,2026-08-19T06:20:53.910649+00:00
34,485,Cundle,20,MID,44,0,0,0.0,0.0,0.0,0,1,0,0,0,2026-08-19T06:20:46.775195+00:00,2026-08-19T06:20:53.910649+00:00
34,486,Neto,20,MID,49,0.8872,1.2718,0.28,0.1584,0.2731,0.0004,1,2,82,1,2026-08-19T06:20:46.775195+00:00,2026-08-19T06:20:53.910649+00:00
34,487,Aït-Nouri,20,DEF,41,0.6856,1.4013,0.22,0.1716,0.2183,0.0012,1,0,0,0,2026-08-19T06:20:46.775195+00:00,2026-08-19T06:20:53.910649+00:00
34,488,Fabio Silva,20,FWD,55,0,0,0.0,0.0,0.0,0,1,0,0,0,2026-08-19T06:20:46.775195+00:00,2026-08-19T06:20:53.910649+00:00
34,489,Toti,20,DEF,38,0.6968,1.3419,0.22,0.1716,0.2183,0.0,1,0,45,1,2026-08-19T06:20:46.775195+00:00,2026-08-19T06:20:53.910649+00:00
34,490,Chiquinho,20,MID,50,0,0,0.0,0.0,0.0,0,1,0,0,0,2026-08-19T06:20:46.775195+00:00,2026-08-19T06:20:53.910649+00:00
34,491,Adama,20,MID,53,1.5024,1.7605,0.48,0.1144,0.4556,0.0024,1,0,7,0,2026-08-19T06:20:46.775195+00:00,2026-08-19T06:20:53.910649+00:00
34,492,Šarkić,20,GKP,39,0,0,0.0,0.0,0.0,0,1,0,0,0,2026-08-19T06:20:46.775195+00:00,2026-08-19T06:20:53.910649+00:00
34,494,Mosquera,20,DEF,39,0,0,0.0,0.0,0.0,0,1,0,0,0,2026-08-19T06:20:46.775195+00:00,2026-08-19T06:20:53.910649+00:00
34,503,Moutinho,20,MID,46,1.6224,1.343,0.68,0.0576,0.637,0.0012,1,0,0,0,2026-08-19T06:20:46.775195+00:00,2026-08-19T06:20:53.910649+00:00
34,516,Collins,20,DEF,43,0.7628,1.4852,0.22,0.1404,0.2158,0.0008,1,0,45,1,2026-08-19T06:20:46.775195+00:00,2026-08-19T06:20:53.910649+00:00
34,557,Smith,20,GKP,39,0,0,0.0,0.0,0.0,0,1,0,0,0,2026-08-19T06:20:46.775195+00:00,2026-08-19T06:20:53.910649+00:00
34,558,Bueno,20,DEF,38,0.7908,1.537,0.22,0.1716,0.2183,0.002,1,-1,90,1,2026-08-19T06:20:46.775195+00:00,2026-08-19T06:20:53.910649+00:00
34,566,Hodge,20,MID,43,0.4456,0.8631,0.1,0.198,0.1088,0.0004,1,0,0,0,2026-08-19T06:20:46.775195+00:00,2026-08-19T06:20:53.910649+00:00
34,567,Ronan,20,MID,44,0,0,0.0,0.0,0.0,0,1,0,0,0,2026-08-19T06:20:46.775195+00:00,2026-08-19T06:20:53.910649+00:00
34,568,Campbell,20,MID,44,0,0,0.0,0.0,0.0,0,1,0,0,0,2026-08-19T06:20:46.775195+00:00,2026-08-19T06:20:53.910649+00:00
34,579,Guedes,20,MID,58,0,0,0.0,0.0,0.0,0,1,0,0,0,2026-08-19T06:20:46.775195+00:00,2026-08-19T06:20:53.910649+00:00
34,589,Matheus,20,MID,48,2.1968,1.4441,0.82,0.0324,0.7652,0.0012,1,2,90,1,2026-08-19T06:20:46.775195+00:00,2026-08-19T06:20:53.910649+00:00
34,608,Kalajdžić,20,FWD,53,0,0,0.0,0.0,0.0,0,1,0,0,0,2026-08-19T06:20:46.775195+00:00,2026-08-19T06:20:53.910649+00:00
34,625,Diego Costa,20,FWD,53,1.3412,1.5649,0.48,0.1144,0.4556,0.0004,1,1,45,1,2026-08-19T06:20:46.775195+00:00,2026-08-19T06:20:53.910649+00:00
34,629,Traoré,20,MID,43,0.8328,1.1571,0.28,0.1584,0.2731,0.0,1,0,0,0,2026-08-19T06:20:46.775195+00:00,2026-08-19T06:20:53.910649+00:00
34,657,Fraser,20,FWD,45,0.4468,0.8571,0.1,0.198,0.1088,0.0,1,0,0,0,2026-08-19T06:20:46.775195+00:00,2026-08-19T06:20:53.910649+00:00
34,658,Griffiths,20,MID,44,0.4764,0.9416,0.1,0.198,0.1088,0.0004,1,0,0,0,2026-08-19T06:20:46.775195+00:00,2026-08-19T06:20:53.910649+00:00
34,664,Lembikisa,20,DEF,40,0.496,1.1268,0.1,0.198,0.1088,0.0,1,0,0,0,2026-08-19T06:20:46.775195+00:00,2026-08-19T06:20:53.910649+00:00
34,682,Cunha,20,FWD,53,1.6704,1.9112,0.48,0.1144,0.4556,0.004,1,0,0,0,2026-08-19T06:20:46.775195+00:00,2026-08-19T06:20:53.910649+00:00
34,698,Lemina,20,MID,45,1.2116,1.3587,0.48,0.1144,0.4556,0.0004,1,2,90,1,2026-08-19T06:20:46.775195+00:00,2026-08-19T06:20:53.910649+00:00
34,704,Sarabia,20,MID,50,1.6748,2.2945,0.48,0.1144,0.4556,0.0108,1,0,0,0,2026-08-19T06:20:46.775195+00:00,2026-08-19T06:20:53.910649+00:00
34,717,Bentley,20,GKP,40,0.1832,0.7881,0.04,0.0384,0.0403,0.0,1,0,0,0,2026-08-19T06:20:46.775195+00:00,2026-08-19T06:20:53.910649+00:00
34,721,João Gomes,20,MID,45,0.7992,1.1864,0.28,0.1584,0.2731,0.0004,1,1,45,1,2026-08-19T06:20:46.775195+00:00,2026-08-19T06:20:53.910649+00:00
