season,e024_gate,gw,strategy,movement,player_id,mu_lift,u_lift,v2b_mu_lift,actual_pts,mu_error,treat_mu,ctrl_mu
2022-23,FAIL,1,balanced,entered,256,0.234,0.234,0.234,0.0,-0.7732,0.7732,0.5392
2022-23,FAIL,1,balanced,entered,196,0.1532,0.1532,0.1532,0.0,-0.6888,0.6888,0.5356
2022-23,FAIL,1,balanced,entered,261,1.7204,1.7204,1.7204,5.0,0.3288,4.6712,2.9508
2022-23,FAIL,1,balanced,entered,139,1.3164,1.3164,1.3164,9.0,6.1196,2.8804,1.564
2022-23,FAIL,1,balanced,entered,303,2.0236,2.0236,2.0236,1.0,-3.7044,4.7044,2.6808
2022-23,FAIL,1,balanced,entered,242,0.9964,0.9964,0.9964,1.0,-1.34,2.34,1.3436
2022-23,FAIL,1,balanced,entered,446,2.0776,2.0776,2.0776,13.0,8.0948,4.9052,2.8276
2022-23,FAIL,1,balanced,entered,255,1.3988,1.3988,1.3988,5.0,0.7592,4.2408,2.842
2022-23,FAIL,1,balanced,left,356,0.5984,0.5984,0.5984,6.0,2.5408,3.4592,2.8608
2022-23,FAIL,1,balanced,left,428,1.504,1.504,1.504,5.0,-0.6048,5.6048,4.1008
2022-23,FAIL,1,balanced,left,13,0.6352,0.6352,0.6352,6.0,2.1844,3.8156,3.1804
2022-23,FAIL,1,balanced,left,653,0.0,0.0,0.0,0.0,-0.4596,0.4596,0.4596
2022-23,FAIL,1,balanced,left,306,0.4204,0.4204,0.4204,7.0,4.24,2.76,2.3396
2022-23,FAIL,1,balanced,left,595,0.074,0.074,0.074,0.0,-0.574,0.574,0.5
2022-23,FAIL,1,balanced,left,345,0.0,0.0,0.0,0.0,-2.7476,2.7476,2.7476
2022-23,FAIL,1,balanced,left,637,0.0,0.0,0.0,0.0,-0.5512,0.5512,0.5512
2022-23,FAIL,1,safe,entered,261,1.7204,1.1183,1.7204,5.0,0.3288,4.6712,2.9508
2022-23,FAIL,1,safe,entered,264,1.4948,0.9763,1.4948,0.0,-4.1684,4.1684,2.6736
2022-23,FAIL,1,safe,entered,622,0.0,0.0,0.0,0.0,-0.5088,0.5088,0.5088
2022-23,FAIL,1,safe,entered,303,2.0236,1.2174,2.0236,1.0,-3.7044,4.7044,2.6808
2022-23,FAIL,1,safe,entered,596,0.0,0.0,0.0,0.0,-0.5952,0.5952,0.5952
2022-23,FAIL,1,safe,entered,376,0.0,0.0,0.0,6.0,2.8264,3.1736,3.1736
2022-23,FAIL,1,safe,entered,446,2.0776,1.3855,2.0776,13.0,8.0948,4.9052,2.8276
2022-23,FAIL,1,safe,entered,255,1.3988,0.902,1.3988,5.0,0.7592,4.2408,2.842
2022-23,FAIL,1,safe,left,160,1.0904,0.6493,1.0904,2.0,-2.268,4.268,3.1776
2022-23,FAIL,1,safe,left,356,0.5984,0.3715,0.5984,6.0,2.5408,3.4592,2.8608
2022-23,FAIL,1,safe,left,428,1.504,1.062,1.504,5.0,-0.6048,5.6048,4.1008
2022-23,FAIL,1,safe,left,13,0.6352,0.4165,0.6352,6.0,2.1844,3.8156,3.1804
2022-23,FAIL,1,safe,left,653,0.0,0.0,0.0,0.0,-0.4596,0.4596,0.4596
2022-23,FAIL,1,safe,left,595,0.074,-0.0827,0.074,0.0,-0.574,0.574,0.5
2022-23,FAIL,1,safe,left,182,-0.0388,-0.0424,-0.0388,3.0,-0.1,3.1,3.1388
2022-23,FAIL,1,safe,left,345,0.0,0.0,0.0,0.0,-2.7476,2.7476,2.7476
2022-23,FAIL,2,balanced,entered,595,0.0716,0.0716,0.0716,0.0,-0.9616,0.9616,0.89
2022-23,FAIL,2,balanced,entered,596,0.0,0.0,0.0,0.0,-0.6112,0.6112,0.6112
2022-23,FAIL,2,balanced,entered,285,0.7988,0.7988,0.7988,3.0,-0.5096,3.5096,2.7108
2022-23,FAIL,2,balanced,entered,303,2.604,2.604,2.604,3.0,-2.5728,5.5728,2.9688
2022-23,FAIL,2,balanced,left,329,0.0,0.0,0.0,1.0,-1.2572,2.2572,2.2572
2022-23,FAIL,2,balanced,left,482,0.0,0.0,0.0,1.0,-1.8388,2.8388,2.8388
2022-23,FAIL,2,balanced,left,406,0.0,0.0,0.0,2.0,-1.1796,3.1796,3.1796
2022-23,FAIL,2,balanced,left,454,0.0,0.0,0.0,1.0,-2.4296,3.4296,3.4296
2022-23,FAIL,2,safe,entered,110,0.0,0.0,0.0,0.0,-2.906,2.906,2.906
2022-23,FAIL,2,safe,entered,303,2.604,1.7131,2.604,3.0,-2.5728,5.5728,2.9688
2022-23,FAIL,2,safe,left,406,0.0,0.0,0.0,2.0,-1.1796,3.1796,3.1796
2022-23,FAIL,2,safe,left,454,0.0,0.0,0.0,1.0,-2.4296,3.4296,3.4296
2022-23,FAIL,3,balanced,entered,261,1.4832,1.4832,1.4832,7.0,2.7584,4.2416,2.7584
2022-23,FAIL,3,balanced,entered,303,1.944,1.944,1.944,0.0,-4.6048,4.6048,2.6608
2022-23,FAIL,3,balanced,entered,595,0.2116,0.2116,0.2116,0.0,-0.9212,0.9212,0.7096
2022-23,FAIL,3,balanced,entered,343,0.0,0.0,0.0,0.0,-0.7532,0.7532,0.7532
2022-23,FAIL,3,balanced,entered,701,0.0,0.0,0.0,0.0,-2.3524,2.3524,2.3524
2022-23,FAIL,3,balanced,entered,446,1.6212,1.6212,1.6212,3.0,-1.3672,4.3672,2.746
2022-23,FAIL,3,balanced,entered,255,1.25,1.25,1.25,2.0,-2.028,4.028,2.778
2022-23,FAIL,3,balanced,left,439,0.0016,0.0016,0.0016,0.0,-0.7792,0.7792,0.7776
2022-23,FAIL,3,balanced,left,585,0.0,0.0,0.0,0.0,-3.6232,3.6232,3.6232
2022-23,FAIL,3,balanced,left,110,0.0,0.0,0.0,0.0,-3.3596,3.3596,3.3596
2022-23,FAIL,3,balanced,left,465,1.3436,1.3436,1.3436,2.0,-2.3044,4.3044,2.9608
2022-23,FAIL,3,balanced,left,180,0.0,0.0,0.0,0.0,-1.112,1.112,1.112
2022-23,FAIL,3,balanced,left,503,0.0,0.0,0.0,1.0,-1.366,2.366,2.366
2022-23,FAIL,3,balanced,left,283,1.186,1.186,1.186,8.0,3.4368,4.5632,3.3772
2022-23,FAIL,3,safe,entered,128,0.1224,0.0043,0.1224,1.0,-0.5284,1.5284,1.406
2022-23,FAIL,3,safe,entered,303,1.944,1.2246,1.944,0.0,-4.6048,4.6048,2.6608
2022-23,FAIL,3,safe,entered,446,1.6212,1.0037,1.6212,3.0,-1.3672,4.3672,2.746
2022-23,FAIL,3,safe,entered,456,0.0444,-0.0071,0.0444,0.0,-1.1488,1.1488,1.1044
2022-23,FAIL,3,safe,left,489,-0.0704,-0.0081,-0.0704,0.0,-0.6932,0.6932,0.7636
2022-23,FAIL,3,safe,left,283,1.186,0.7786,1.186,8.0,3.4368,4.5632,3.3772
2022-23,FAIL,3,safe,left,180,0.0,0.0,0.0,0.0,-1.112,1.112,1.112
2022-23,FAIL,3,safe,left,503,0.0,0.0,0.0,1.0,-1.366,2.366,2.366
2022-23,FAIL,4,balanced,entered,5,0.0024,0.0024,0.0024,1.0,-0.004,1.004,1.0016
2022-23,FAIL,4,balanced,entered,426,0.0,0.0,0.0,0.0,-3.0184,3.0184,3.0184
2022-23,FAIL,4,balanced,entered,465,1.0044,1.0044,1.0044,3.0,-0.5792,3.5792,2.5748
2022-23,FAIL,4,balanced,entered,314,0.8644,0.8644,0.8644,4.0,0.4512,3.5488,2.6844
2022-23,FAIL,4,balanced,entered,446,1.1856,1.1856,1.1856,6.0,2.396,3.604,2.4184
2022-23,FAIL,4,balanced,left,489,0.0136,0.0136,0.0136,0.0,-0.8276,0.8276,0.814
2022-23,FAIL,4,balanced,left,300,0.872,0.872,0.872,4.0,0.508,3.492,2.62
2022-23,FAIL,4,balanced,left,301,0.824,0.824,0.824,2.0,-2.3688,4.3688,3.5448
2022-23,FAIL,4,balanced,left,81,-0.0116,-0.0116,-0.0116,6.0,2.662,3.338,3.3496
2022-23,FAIL,4,balanced,left,149,0.0,0.0,0.0,0.0,-1.7236,1.7236,1.7236
2022-23,FAIL,4,safe,entered,446,1.1856,0.7218,1.1856,6.0,2.396,3.604,2.4184
2022-23,FAIL,4,safe,entered,439,-0.0144,0.0099,-0.0144,0.0,-0.6288,0.6288,0.6432
2022-23,FAIL,4,safe,left,314,0.8644,0.5018,0.8644,4.0,0.4512,3.5488,2.6844
2022-23,FAIL,4,safe,left,595,0.0676,-0.0428,0.0676,2.0,1.06,0.94,0.8724
2022-23,FAIL,5,balanced,entered,261,1.4424,1.4424,1.4424,1.0,-3.028,4.028,2.5856
2022-23,FAIL,5,balanced,entered,357,1.0772,1.0772,1.0772,0.0,-3.154,3.154,2.0768
2022-23,FAIL,5,balanced,entered,249,0.3132,0.3132,0.3132,2.0,-0.4332,2.4332,2.12
2022-23,FAIL,5,balanced,entered,457,0.3212,0.3212,0.3212,2.0,-0.58,2.58,2.2588
2022-23,FAIL,5,balanced,entered,303,2.5872,2.5872,2.5872,4.0,-1.2708,5.2708,2.6836
2022-23,FAIL,5,balanced,entered,463,0.208,0.208,0.208,2.0,-0.4008,2.4008,2.1928
2022-23,FAIL,5,balanced,entered,465,1.1432,1.1432,1.1432,2.0,-1.8672,3.8672,2.724
2022-23,FAIL,5,balanced,entered,279,1.1072,1.1072,1.1072,9.0,5.4956,3.5044,2.3972
2022-23,FAIL,5,balanced,entered,697,0.0,0.0,0.0,0.0,-0.4828,0.4828,0.4828
2022-23,FAIL,5,balanced,entered,285,0.576,0.576,0.576,2.0,-1.2212,3.2212,2.6452
2022-23,FAIL,5,balanced,entered,255,1.2076,1.2076,1.2076,2.0,-1.7528,3.7528,2.5452
2022-23,FAIL,5,balanced,left,288,0.0,0.0,0.0,0.0,-3.03,3.03,3.03
2022-23,FAIL,5,balanced,left,257,-0.2196,-0.2196,-0.2196,0.0,-2.128,2.128,2.3476
2022-23,FAIL,5,balanced,left,258,-0.0736,-0.0736,-0.0736,0.0,-2.2412,2.2412,2.3148
2022-23,FAIL,5,balanced,left,235,0.0772,0.0772,0.0772,4.0,1.6356,2.3644,2.2872
2022-23,FAIL,5,balanced,left,301,0.762,0.762,0.762,1.0,-3.176,4.176,3.414
2022-23,FAIL,5,balanced,left,210,0.0,0.0,0.0,9.0,6.4736,2.5264,2.5264
2022-23,FAIL,5,balanced,left,211,0.0,0.0,0.0,1.0,-0.9184,1.9184,1.9184
2022-23,FAIL,5,balanced,left,116,0.3692,0.3692,0.3692,10.0,7.2324,2.7676,2.3984
2022-23,FAIL,5,balanced,left,57,0.0,0.0,0.0,6.0,3.7488,2.2512,2.2512
2022-23,FAIL,5,balanced,left,156,-0.1408,-0.1408,-0.1408,2.0,-0.1672,2.1672,2.308
2022-23,FAIL,5,balanced,left,318,0.0,0.0,0.0,17.0,13.44,3.56,3.56
2022-23,FAIL,5,safe,entered,261,1.4424,0.8734,1.4424,1.0,-3.028,4.028,2.5856
2022-23,FAIL,5,safe,entered,357,1.0772,0.5049,1.0772,0.0,-3.154,3.154,2.0768
2022-23,FAIL,5,safe,entered,457,0.3212,0.1717,0.3212,2.0,-0.58,2.58,2.2588
2022-23,FAIL,5,safe,entered,463,0.208,0.1558,0.208,2.0,-0.4008,2.4008,2.1928
2022-23,FAIL,5,safe,entered,303,2.5872,1.6809,2.5872,4.0,-1.2708,5.2708,2.6836
2022-23,FAIL,5,safe,entered,465,1.1432,0.7029,1.1432,2.0,-1.8672,3.8672,2.724
2022-23,FAIL,5,safe,entered,695,0.0,0.0,0.0,0.0,-0.4652,0.4652,0.4652
2022-23,FAIL,5,safe,entered,249,0.3132,0.1526,0.3132,2.0,-0.4332,2.4332,2.12
2022-23,FAIL,5,safe,entered,279,1.1072,0.733,1.1072,9.0,5.4956,3.5044,2.3972
2022-23,FAIL,5,safe,entered,285,0.576,0.3359,0.576,2.0,-1.2212,3.2212,2.6452
2022-23,FAIL,5,safe,entered,255,1.2076,0.7586,1.2076,2.0,-1.7528,3.7528,2.5452
2022-23,FAIL,5,safe,left,257,-0.2196,-0.1137,-0.2196,0.0,-2.128,2.128,2.3476
2022-23,FAIL,5,safe,left,258,-0.0736,-0.0714,-0.0736,0.0,-2.2412,2.2412,2.3148
2022-23,FAIL,5,safe,left,71,0.0,0.0,0.0,8.0,5.7696,2.2304,2.2304
2022-23,FAIL,5,safe,left,680,0.0,0.0,0.0,0.0,-2.8404,2.8404,2.8404
2022-23,FAIL,5,safe,left,394,0.0,0.0,0.0,1.0,-1.1436,2.1436,2.1436
2022-23,FAIL,5,safe,left,301,0.762,0.4976,0.762,1.0,-3.176,4.176,3.414
2022-23,FAIL,5,safe,left,209,0.0,0.0,0.0,2.0,-0.296,2.296,2.296
2022-23,FAIL,5,safe,left,210,0.0,0.0,0.0,9.0,6.4736,2.5264,2.5264
2022-23,FAIL,5,safe,left,116,0.3692,0.1712,0.3692,10.0,7.2324,2.7676,2.3984
2022-23,FAIL,5,safe,left,57,0.0,0.0,0.0,6.0,3.7488,2.2512,2.2512
2022-23,FAIL,5,safe,left,318,0.0,0.0,0.0,17.0,13.44,3.56,3.56
2022-23,FAIL,6,balanced,entered,356,0.7308,0.7308,0.7308,0.0,-3.3292,3.3292,2.5984
2022-23,FAIL,6,balanced,entered,261,1.0744,1.0744,1.0744,2.0,-1.4236,3.4236,2.3492
2022-23,FAIL,6,balanced,entered,357,1.3584,1.3584,1.3584,8.0,4.3084,3.6916,2.3332
2022-23,FAIL,6,balanced,entered,303,1.8184,1.8184,1.8184,1.0,-3.3852,4.3852,2.5668
2022-23,FAIL,6,balanced,entered,145,0.5964,0.5964,0.5964,6.0,2.7788,3.2212,2.6248
2022-23,FAIL,6,balanced,entered,435,0.3988,0.3988,0.3988,0.0,-2.6924,2.6924,2.2936
2022-23,FAIL,6,balanced,entered,380,0.0,0.0,0.0,0.0,-0.4612,0.4612,0.4612
2022-23,FAIL,6,balanced,entered,477,0.5964,0.5964,0.5964,5.0,2.2284,2.7716,2.1752
2022-23,FAIL,6,balanced,entered,446,1.292,1.292,1.292,1.0,-2.9188,3.9188,2.6268
2022-23,FAIL,6,balanced,left,480,0.16,0.16,0.16,2.0,-0.768,2.768,2.608
2022-23,FAIL,6,balanced,left,288,0.0,0.0,0.0,1.0,-1.8292,2.8292,2.8292
2022-23,FAIL,6,balanced,left,64,0.0,0.0,0.0,2.0,-0.252,2.252,2.252
2022-23,FAIL,6,balanced,left,104,0.2288,0.2288,0.2288,5.0,1.8888,3.1112,2.8824
2022-23,FAIL,6,balanced,left,106,0.028,0.028,0.028,1.0,-1.66,2.66,2.632
2022-23,FAIL,6,balanced,left,235,0.0704,0.0704,0.0704,0.0,-2.4356,2.4356,2.3652
2022-23,FAIL,6,balanced,left,427,0.3352,0.3352,0.3352,9.0,5.4244,3.5756,3.2404
2022-23,FAIL,6,balanced,left,461,0.134,0.134,0.134,1.0,-1.4992,2.4992,2.3652
2022-23,FAIL,6,balanced,left,210,0.0,0.0,0.0,5.0,2.3204,2.6796,2.6796
2022-23,FAIL,6,safe,entered,33,0.3432,0.2528,0.3432,1.0,-1.604,2.604,2.2608
2022-23,FAIL,6,safe,entered,356,0.7308,0.4884,0.7308,0.0,-3.3292,3.3292,2.5984
2022-23,FAIL,6,safe,entered,357,1.3584,0.7026,1.3584,8.0,4.3084,3.6916,2.3332
2022-23,FAIL,6,safe,entered,518,0.0,0.0,0.0,0.0,-3.3004,3.3004,3.3004
2022-23,FAIL,6,safe,entered,103,0.8644,0.4983,0.8644,5.0,2.0008,2.9992,2.1348
2022-23,FAIL,6,safe,entered,303,1.8184,1.0616,1.8184,1.0,-3.3852,4.3852,2.5668
2022-23,FAIL,6,safe,entered,145,0.5964,0.4019,0.5964,6.0,2.7788,3.2212,2.6248
2022-23,FAIL,6,safe,entered,446,1.292,0.8406,1.292,1.0,-2.9188,3.9188,2.6268
2022-23,FAIL,6,safe,left,480,0.16,0.0687,0.16,2.0,-0.768,2.768,2.608
2022-23,FAIL,6,safe,left,40,0.296,0.1828,0.296,2.0,-0.8552,2.8552,2.5592
2022-23,FAIL,6,safe,left,427,0.3352,0.2364,0.3352,9.0,5.4244,3.5756,3.2404
2022-23,FAIL,6,safe,left,461,0.134,0.0724,0.134,1.0,-1.4992,2.4992,2.3652
2022-23,FAIL,6,safe,left,16,0.2768,0.0555,0.2768,1.0,-1.72,2.72,2.4432
2022-23,FAIL,6,safe,left,210,0.0,0.0,0.0,5.0,2.3204,2.6796,2.6796
2022-23,FAIL,6,safe,left,116,0.3784,0.1764,0.3784,14.0,11.0972,2.9028,2.5244
2022-23,FAIL,6,safe,left,31,-0.0156,-0.0125,-0.0156,3.0,-0.568,3.568,3.5836
2022-23,FAIL,8,balanced,entered,16,0.18,0.18,0.18,6.0,3.4264,2.5736,2.3936
2022-23,FAIL,8,balanced,entered,468,0.0788,0.0788,0.0788,2.0,-0.3824,2.3824,2.3036
2022-23,FAIL,8,balanced,entered,477,0.4104,0.4104,0.4104,1.0,-1.5996,2.5996,2.1892
2022-23,FAIL,8,balanced,entered,182,-0.0536,-0.0536,-0.0536,0.0,-3.54,3.54,3.5936
2022-23,FAIL,8,balanced,left,480,0.1364,0.1364,0.1364,1.0,-1.5668,2.5668,2.4304
2022-23,FAIL,8,balanced,left,445,-0.01,-0.01,-0.01,1.0,-1.4152,2.4152,2.4252
2022-23,FAIL,8,balanced,left,526,0.0,0.0,0.0,1.0,-1.4876,2.4876,2.4876
2022-23,FAIL,8,balanced,left,31,-0.114,-0.114,-0.114,6.0,2.4984,3.5016,3.6156
2022-23,FAIL,8,safe,entered,16,0.18,0.0511,0.18,6.0,3.4264,2.5736,2.3936
2022-23,FAIL,8,safe,entered,454,0.0,0.0,0.0,1.0,-1.5476,2.5476,2.5476
2022-23,FAIL,8,safe,entered,303,1.8008,1.0706,1.8008,1.0,-3.2448,4.2448,2.444
2022-23,FAIL,8,safe,left,468,0.0788,0.0253,0.0788,2.0,-0.3824,2.3824,2.3036
2022-23,FAIL,8,safe,left,356,0.622,-0.2464,0.622,0.0,-3.402,3.402,2.78
2022-23,FAIL,8,safe,left,445,-0.01,-0.041,-0.01,1.0,-1.4152,2.4152,2.4252
2022-23,FAIL,9,balanced,entered,357,0.8612,0.8612,0.8612,7.0,3.8572,3.1428,2.2816
2022-23,FAIL,9,balanced,entered,262,0.7836,0.7836,0.7836,0.0,-2.4824,2.4824,1.6988
2022-23,FAIL,9,balanced,entered,39,0.1636,0.1636,0.1636,6.0,3.492,2.508,2.3444
2022-23,FAIL,9,balanced,left,356,0.5216,0.0,0.5216,6.0,3.0388,2.9612,2.4396
2022-23,FAIL,9,balanced,left,209,0.0,0.0,0.0,0.0,-2.4172,2.4172,2.4172
2022-23,FAIL,9,balanced,left,484,0.0508,0.0508,0.0508,1.0,-1.4464,2.4464,2.3956
2022-23,FAIL,9,safe,entered,66,0.0,0.0,0.0,2.0,-0.3244,2.3244,2.3244
2022-23,FAIL,9,safe,entered,261,1.0488,0.627,1.0488,18.0,14.4864,3.5136,2.4648
2022-23,FAIL,9,safe,entered,357,0.8612,0.4068,0.8612,7.0,3.8572,3.1428,2.2816
2022-23,FAIL,9,safe,entered,454,0.0,0.0,0.0,5.0,2.7544,2.2456,2.2456
2022-23,FAIL,9,safe,entered,463,0.1264,0.0933,0.1264,0.0,-2.4808,2.4808,2.3544
2022-23,FAIL,9,safe,left,288,1.1496,-0.3382,1.1496,1.0,-2.9212,3.9212,2.7716
2022-23,FAIL,9,safe,left,356,0.5216,-0.2058,0.5216,6.0,3.0388,2.9612,2.4396
2022-23,FAIL,9,safe,left,484,0.0508,0.0371,0.0508,1.0,-1.4464,2.4464,2.3956
2022-23,FAIL,9,safe,left,209,0.0,0.0,0.0,0.0,-2.4172,2.4172,2.4172
2022-23,FAIL,9,safe,left,468,0.162,0.0479,0.162,3.0,0.4572,2.5428,2.3808
2022-23,FAIL,10,safe,entered,407,0.3148,0.1264,0.3148,2.0,-0.5732,2.5732,2.2584
2022-23,FAIL,10,safe,left,67,0.0,0.0,0.0,2.0,-0.1212,2.1212,2.1212
2022-23,FAIL,11,balanced,entered,40,0.2352,0.2352,0.2352,2.0,-0.6152,2.6152,2.38
2022-23,FAIL,11,balanced,entered,538,0.1656,0.1656,0.1656,1.0,-1.4516,2.4516,2.286
2022-23,FAIL,11,balanced,left,617,0.0,0.0,0.0,1.0,-1.4968,2.4968,2.4968
2022-23,FAIL,11,balanced,left,209,0.0,0.0,0.0,0.0,-2.3076,2.3076,2.3076
2022-23,FAIL,11,safe,entered,538,0.1656,0.1481,0.1656,1.0,-1.4516,2.4516,2.286
2022-23,FAIL,11,safe,left,209,0.0,0.0,0.0,0.0,-2.3076,2.3076,2.3076
2022-23,FAIL,12,balanced,entered,261,0.8508,0.8508,0.8508,0.0,-3.316,3.316,2.4652
2022-23,FAIL,12,balanced,entered,264,0.932,0.932,0.932,8.0,4.7356,3.2644,2.3324
2022-23,FAIL,12,balanced,entered,366,0.1532,0.1532,0.1532,5.0,2.358,2.642,2.4888
2022-23,FAIL,12,balanced,entered,465,0.5372,0.5372,0.5372,0.0,-2.9556,2.9556,2.4184
2022-23,FAIL,12,balanced,entered,84,0.352,0.352,0.352,0.0,-2.5996,2.5996,2.2476
2022-23,FAIL,12,balanced,left,680,0.0,0.0,0.0,0.0,-2.7748,2.7748,2.7748
2022-23,FAIL,12,balanced,left,333,0.0036,0.0036,0.0036,11.0,8.4524,2.5476,2.544
2022-23,FAIL,12,balanced,left,116,0.3148,0.3148,0.3148,2.0,-0.824,2.824,2.5092
2022-23,FAIL,12,balanced,left,342,-0.142,-0.142,-0.142,6.0,3.4072,2.5928,2.7348
2022-23,FAIL,12,balanced,left,377,0.0,0.0,0.0,7.0,4.4712,2.5288,2.5288
2022-23,FAIL,12,safe,entered,264,0.932,0.5356,0.932,8.0,4.7356,3.2644,2.3324
2022-23,FAIL,12,safe,entered,465,0.5372,0.3051,0.5372,0.0,-2.9556,2.9556,2.4184
2022-23,FAIL,12,safe,entered,2,0.0,0.0,0.0,11.0,7.6352,3.3648,3.3648
2022-23,FAIL,12,safe,entered,261,0.8508,0.4756,0.8508,0.0,-3.316,3.316,2.4652
2022-23,FAIL,12,safe,left,680,0.0,0.0,0.0,0.0,-2.7748,2.7748,2.7748
2022-23,FAIL,12,safe,left,281,0.0368,0.0114,0.0368,15.0,11.5308,3.4692,3.4324
2022-23,FAIL,12,safe,left,116,0.3148,0.1631,0.3148,2.0,-0.824,2.824,2.5092
2022-23,FAIL,12,safe,left,86,0.02,-0.0514,0.02,3.0,0.5656,2.4344,2.4144
2022-23,FAIL,13,balanced,entered,288,0.8268,0.8268,0.8268,0.0,-3.1564,3.1564,2.3296
2022-23,FAIL,13,balanced,entered,357,0.652,0.652,0.652,2.0,-1.1132,3.1132,2.4612
2022-23,FAIL,13,balanced,entered,166,0.5192,0.5192,0.5192,2.0,-0.3456,2.3456,1.8264
2022-23,FAIL,13,balanced,entered,171,0.7948,0.7948,0.7948,2.0,-0.7164,2.7164,1.9216
2022-23,FAIL,13,balanced,entered,141,0.718,0.718,0.718,2.0,-0.9716,2.9716,2.2536
2022-23,FAIL,13,balanced,entered,81,-0.0084,-0.0084,-0.0084,2.0,-1.4616,3.4616,3.47
2022-23,FAIL,13,balanced,entered,465,0.6448,0.6448,0.6448,3.0,-0.18,3.18,2.5352
2022-23,FAIL,13,balanced,entered,374,0.6676,0.6676,0.6676,2.0,-0.8396,2.8396,2.172
2022-23,FAIL,13,balanced,left,484,-0.014,-0.014,-0.014,0.0,-2.502,2.502,2.516
2022-23,FAIL,13,balanced,left,518,0.0,0.0,0.0,0.0,-3.3412,3.3412,3.3412
2022-23,FAIL,13,balanced,left,617,0.0,0.0,0.0,2.0,-0.708,2.708,2.708
2022-23,FAIL,13,balanced,left,589,0.0,0.0,0.0,2.0,-0.1492,2.1492,2.1492
2022-23,FAIL,13,balanced,left,467,0.0632,0.0632,0.0632,3.0,0.8136,2.1864,2.1232
2022-23,FAIL,13,balanced,left,211,0.0,0.0,0.0,6.0,4.0916,1.9084,1.9084
2022-23,FAIL,13,balanced,left,475,0.0,0.0,0.0,6.0,3.4296,2.5704,2.5704
2022-23,FAIL,13,balanced,left,318,0.0,0.0,0.0,13.0,9.6756,3.3244,3.3244
2022-23,FAIL,13,safe,entered,288,0.8268,0.503,0.8268,0.0,-3.1564,3.1564,2.3296
2022-23,FAIL,13,safe,entered,66,0.0,0.0,0.0,1.0,-1.314,2.314,2.314
2022-23,FAIL,13,safe,entered,357,0.652,0.2873,0.652,2.0,-1.1132,3.1132,2.4612
2022-23,FAIL,13,safe,entered,141,0.718,0.3404,0.718,2.0,-0.9716,2.9716,2.2536
2022-23,FAIL,13,safe,entered,374,0.6676,0.29,0.6676,2.0,-0.8396,2.8396,2.172
2022-23,FAIL,13,safe,entered,283,0.7196,0.3985,0.7196,2.0,-1.7452,3.7452,3.0256
2022-23,FAIL,13,safe,left,484,-0.014,-0.0143,-0.014,0.0,-2.502,2.502,2.516
2022-23,FAIL,13,safe,left,104,0.1224,0.0759,0.1224,1.0,-1.5592,2.5592,2.4368
2022-23,FAIL,13,safe,left,427,0.124,0.0684,0.124,8.0,4.9732,3.0268,2.9028
2022-23,FAIL,13,safe,left,467,0.0632,0.0516,0.0632,3.0,0.8136,2.1864,2.1232
2022-23,FAIL,13,safe,left,475,0.0,0.0,0.0,6.0,3.4296,2.5704,2.5704
2022-23,FAIL,13,safe,left,318,0.0,0.0,0.0,13.0,9.6756,3.3244,3.3244
2022-23,FAIL,14,balanced,entered,288,1.1636,1.1636,1.1636,0.0,-3.77,3.77,2.6064
2022-23,FAIL,14,balanced,entered,257,0.0336,0.0336,0.0336,2.0,-0.5636,2.5636,2.53
2022-23,FAIL,14,balanced,entered,261,0.838,0.838,0.838,2.0,-1.2036,3.2036,2.3656
2022-23,FAIL,14,balanced,entered,518,0.0,0.0,0.0,0.0,-2.92,2.92,2.92
2022-23,FAIL,14,balanced,entered,39,0.1328,0.1328,0.1328,0.0,-2.17,2.17,2.0372
2022-23,FAIL,14,balanced,entered,166,0.6292,0.6292,0.6292,6.0,3.4932,2.5068,1.8776
2022-23,FAIL,14,balanced,entered,428,0.5484,0.5484,0.5484,2.0,-1.2224,3.2224,2.674
2022-23,FAIL,14,balanced,entered,374,0.8988,0.8988,0.8988,3.0,-0.1712,3.1712,2.2724
2022-23,FAIL,14,balanced,left,576,0.0,0.0,0.0,1.0,-1.6296,2.6296,2.6296
2022-23,FAIL,14,balanced,left,2,0.0,0.0,0.0,10.0,6.3396,3.6604,3.6604
2022-23,FAIL,14,balanced,left,66,0.0,0.0,0.0,2.0,-0.3428,2.3428,2.3428
2022-23,FAIL,14,balanced,left,680,0.0,0.0,0.0,0.0,-2.8064,2.8064,2.8064
2022-23,FAIL,14,balanced,left,169,0.1668,0.1668,0.1668,3.0,0.2308,2.7692,2.6024
2022-23,FAIL,14,balanced,left,427,0.1592,0.1592,0.1592,1.0,-1.9044,2.9044,2.7452
2022-23,FAIL,14,balanced,left,369,-0.1856,-0.1856,-0.1856,12.0,9.6216,2.3784,2.564
2022-23,FAIL,14,balanced,left,342,0.0052,0.0052,0.0052,9.0,6.4004,2.5996,2.5944
2022-23,FAIL,14,safe,entered,288,1.1636,0.7354,1.1636,0.0,-3.77,3.77,2.6064
2022-23,FAIL,14,safe,entered,261,0.838,0.5156,0.838,2.0,-1.2036,3.2036,2.3656
2022-23,FAIL,14,safe,entered,6,0.1904,0.065,0.1904,9.0,6.5764,2.4236,2.2332
2022-23,FAIL,14,safe,entered,264,0.8076,0.4707,0.8076,2.0,-1.0296,3.0296,2.222
2022-23,FAIL,14,safe,entered,342,0.0052,0.0468,0.0052,9.0,6.4004,2.5996,2.5944
2022-23,FAIL,14,safe,entered,374,0.8988,0.405,0.8988,3.0,-0.1712,3.1712,2.2724
2022-23,FAIL,14,safe,entered,377,0.0,0.0,0.0,6.0,3.4132,2.5868,2.5868
2022-23,FAIL,14,safe,left,66,0.0,0.0,0.0,2.0,-0.3428,2.3428,2.3428
2022-23,FAIL,14,safe,left,680,0.0,0.0,0.0,0.0,-2.8064,2.8064,2.8064
2022-23,FAIL,14,safe,left,169,0.1668,0.0727,0.1668,3.0,0.2308,2.7692,2.6024
2022-23,FAIL,14,safe,left,106,-0.0944,-0.0877,-0.0944,2.0,-0.4888,2.4888,2.5832
2022-23,FAIL,14,safe,left,335,0.368,0.1594,0.368,8.0,5.0412,2.9588,2.5908
2022-23,FAIL,14,safe,left,16,0.1176,-0.0381,0.1176,6.0,3.2344,2.7656,2.648
2022-23,FAIL,14,safe,left,369,-0.1856,-0.1198,-0.1856,12.0,9.6216,2.3784,2.564
2022-23,FAIL,15,balanced,entered,288,0.9516,0.9516,0.9516,0.0,-3.298,3.298,2.3464
2022-23,FAIL,15,balanced,entered,483,0.2156,0.2156,0.2156,4.0,1.5948,2.4052,2.1896
2022-23,FAIL,15,balanced,entered,166,0.4836,0.4836,0.4836,0.0,-2.21,2.21,1.7264
2022-23,FAIL,15,balanced,entered,39,0.1336,0.1336,0.1336,1.0,-1.5516,2.5516,2.418
2022-23,FAIL,15,balanced,entered,141,0.5308,0.5308,0.5308,1.0,-1.91,2.91,2.3792
2022-23,FAIL,15,balanced,entered,465,0.6008,0.6008,0.6008,2.0,-0.9144,2.9144,2.3136
2022-23,FAIL,15,balanced,entered,538,0.218,0.218,0.218,1.0,-1.684,2.684,2.466
2022-23,FAIL,15,balanced,left,66,0.0,0.0,0.0,6.0,3.7616,2.2384,2.2384
2022-23,FAIL,15,balanced,left,516,0.0,0.0,0.0,0.0,-2.6692,2.6692,2.6692
2022-23,FAIL,15,balanced,left,6,0.0924,0.0924,0.0924,3.0,0.7712,2.2288,2.1364
2022-23,FAIL,15,balanced,left,427,0.16,0.16,0.16,8.0,5.1612,2.8388,2.6788
2022-23,FAIL,15,balanced,left,461,-0.046,-0.046,-0.046,1.0,-1.5492,2.5492,2.5952
2022-23,FAIL,15,balanced,left,593,0.0,0.0,0.0,2.0,-0.0652,2.0652,2.0652
2022-23,FAIL,15,balanced,left,475,0.0,0.0,0.0,1.0,-1.5244,2.5244,2.5244
2022-23,FAIL,15,safe,entered,288,0.9516,0.6,0.9516,0.0,-3.298,3.298,2.3464
2022-23,FAIL,15,safe,entered,357,0.4604,0.1912,0.4604,12.0,8.9776,3.0224,2.562
2022-23,FAIL,15,safe,entered,518,0.0,0.0,0.0,0.0,-3.3092,3.3092,3.3092
2022-23,FAIL,15,safe,entered,141,0.5308,0.2161,0.5308,1.0,-1.91,2.91,2.3792
2022-23,FAIL,15,safe,entered,465,0.6008,0.3614,0.6008,2.0,-0.9144,2.9144,2.3136
2022-23,FAIL,15,safe,entered,538,0.218,0.1714,0.218,1.0,-1.684,2.684,2.466
2022-23,FAIL,15,safe,left,128,0.1072,0.0213,0.1072,2.0,-0.7616,2.7616,2.6544
2022-23,FAIL,15,safe,left,2,0.0,0.0,0.0,2.0,-1.4696,3.4696,3.4696
2022-23,FAIL,15,safe,left,39,0.1336,0.0807,0.1336,1.0,-1.5516,2.5516,2.418
2022-23,FAIL,15,safe,left,427,0.16,0.1073,0.16,8.0,5.1612,2.8388,2.6788
2022-23,FAIL,15,safe,left,461,-0.046,-0.0404,-0.046,1.0,-1.5492,2.5492,2.5952
2022-23,FAIL,15,safe,left,369,-0.07,-0.0074,-0.07,8.0,5.6752,2.3248,2.3948
2022-23,FAIL,16,balanced,entered,464,0.818,0.818,0.818,2.0,-0.9488,2.9488,2.1308
2022-23,FAIL,16,balanced,entered,701,0.0,0.0,0.0,0.0,-1.7928,1.7928,1.7928
2022-23,FAIL,16,balanced,entered,374,0.7456,0.7456,0.7456,3.0,0.0692,2.9308,2.1852
2022-23,FAIL,16,balanced,entered,286,0.34,0.34,0.34,2.0,-0.8512,2.8512,2.5112
2022-23,FAIL,16,balanced,left,680,0.0,0.0,0.0,0.0,-2.774,2.774,2.774
2022-23,FAIL,16,balanced,left,558,0.0,0.0,0.0,0.0,-2.2252,2.2252,2.2252
2022-23,FAIL,16,balanced,left,380,0.0,0.0,0.0,0.0,-0.4608,0.4608,0.4608
2022-23,FAIL,16,balanced,left,614,0.0,0.0,0.0,2.0,-0.7236,2.7236,2.7236
2022-23,FAIL,16,safe,entered,171,0.6996,0.3629,0.6996,2.0,-0.8916,2.8916,2.192
2022-23,FAIL,16,safe,entered,428,0.5648,0.3348,0.5648,0.0,-3.3888,3.3888,2.824
2022-23,FAIL,16,safe,entered,286,0.34,0.2373,0.34,2.0,-0.8512,2.8512,2.5112
2022-23,FAIL,16,safe,entered,95,0.1296,0.0522,0.1296,1.0,-0.8924,1.8924,1.7628
2022-23,FAIL,16,safe,left,169,0.1532,0.0638,0.1532,2.0,-0.636,2.636,2.4828
2022-23,FAIL,16,safe,left,427,0.1192,0.0737,0.1192,11.0,8.238,2.762,2.6428
2022-23,FAIL,16,safe,left,470,0.0,0.0,0.0,1.0,-1.4764,2.4764,2.4764
2022-23,FAIL,16,safe,left,369,-0.1516,-0.0454,-0.1516,6.0,3.6624,2.3376,2.4892
2022-23,FAIL,17,balanced,entered,16,0.164,0.164,0.164,2.0,-0.702,2.702,2.538
2022-23,FAIL,17,balanced,entered,42,0.494,0.494,0.494,2.0,-0.8776,2.8776,2.3836
2022-23,FAIL,17,balanced,entered,171,0.8112,0.8112,0.8112,2.0,-1.1252,3.1252,2.314
2022-23,FAIL,17,balanced,entered,141,0.5076,0.5076,0.5076,1.0,-1.6652,2.6652,2.1576
2022-23,FAIL,17,balanced,left,257,-0.0672,-0.0672,-0.0672,1.0,-1.5516,2.5516,2.6188
2022-23,FAIL,17,balanced,left,342,-0.1316,-0.1316,-0.1316,0.0,-2.5832,2.5832,2.7148
2022-23,FAIL,17,balanced,left,614,0.0,0.0,0.0,6.0,3.472,2.528,2.528
2022-23,FAIL,17,balanced,left,519,0.0,0.0,0.0,5.0,2.4568,2.5432,2.5432
2022-23,FAIL,17,safe,entered,42,0.494,0.236,0.494,2.0,-0.8776,2.8776,2.3836
2022-23,FAIL,17,safe,entered,171,0.8112,0.4615,0.8112,2.0,-1.1252,3.1252,2.314
2022-23,FAIL,17,safe,entered,357,0.3776,0.1426,0.3776,12.0,9.036,2.964,2.5864
2022-23,FAIL,17,safe,entered,39,0.0308,-0.0079,0.0308,1.0,-1.3592,2.3592,2.3284
2022-23,FAIL,17,safe,left,342,-0.1316,-0.1016,-0.1316,0.0,-2.5832,2.5832,2.7148
2022-23,FAIL,17,safe,left,526,0.0,0.0,0.0,1.0,-1.504,2.504,2.504
2022-23,FAIL,17,safe,left,614,0.0,0.0,0.0,6.0,3.472,2.528,2.528
2022-23,FAIL,17,safe,left,7,0.1284,0.0432,0.1284,11.0,8.0668,2.9332,2.8048
2022-23,FAIL,18,balanced,entered,288,1.0292,0.0,1.0292,0.0,-3.6124,3.6124,2.5832
2022-23,FAIL,18,balanced,entered,300,0.5716,0.5716,0.5716,1.0,-2.1624,3.1624,2.5908
2022-23,FAIL,18,balanced,entered,285,0.4312,0.4312,0.4312,8.0,4.8856,3.1144,2.6832
2022-23,FAIL,18,balanced,entered,464,0.8088,0.8088,0.8088,2.0,-1.0532,3.0532,2.2444
2022-23,FAIL,18,balanced,left,680,0.0,0.0,0.0,0.0,-2.7892,2.7892,2.7892
2022-23,FAIL,18,balanced,left,369,-0.1088,-0.1088,-0.1088,3.0,0.5488,2.4512,2.56
2022-23,FAIL,18,balanced,left,427,0.1156,0.1156,0.1156,2.0,-0.8184,2.8184,2.7028
2022-23,FAIL,18,balanced,left,558,0.0,0.0,0.0,6.0,3.5124,2.4876,2.4876
2022-23,FAIL,18,safe,entered,464,0.8088,0.4172,0.8088,2.0,-1.0532,3.0532,2.2444
2022-23,FAIL,18,safe,entered,394,0.0,0.0,0.0,2.0,0.112,1.888,1.888
2022-23,FAIL,18,safe,entered,171,0.5792,0.3095,0.5792,12.0,9.2696,2.7304,2.1512
2022-23,FAIL,18,safe,entered,285,0.4312,0.3054,0.4312,8.0,4.8856,3.1144,2.6832
2022-23,FAIL,18,safe,left,680,0.0,0.0,0.0,0.0,-2.7892,2.7892,2.7892
2022-23,FAIL,18,safe,left,369,-0.1088,-0.0444,-0.1088,3.0,0.5488,2.4512,2.56
2022-23,FAIL,18,safe,left,66,0.0,0.0,0.0,1.0,-1.1848,2.1848,2.1848
2022-23,FAIL,18,safe,left,516,0.0,0.0,0.0,2.0,-0.5416,2.5416,2.5416
2022-23,FAIL,19,balanced,entered,171,0.6812,0.6812,0.6812,2.0,-1.1668,3.1668,2.4856
2022-23,FAIL,19,balanced,entered,92,0.0644,0.0644,0.0644,2.0,-0.5236,2.5236,2.4592
2022-23,FAIL,19,balanced,entered,518,0.0,0.0,0.0,0.0,-3.25,3.25,3.25
2022-23,FAIL,19,balanced,left,81,0.004,0.004,0.004,3.0,-0.892,3.892,3.888
2022-23,FAIL,19,balanced,left,257,-0.116,-0.116,-0.116,2.0,-0.4388,2.4388,2.5548
2022-23,FAIL,19,balanced,left,46,0.0948,0.0948,0.0948,2.0,-0.3964,2.3964,2.3016
2022-23,FAIL,19,safe,entered,171,0.6812,0.3805,0.6812,2.0,-1.1668,3.1668,2.4856
2022-23,FAIL,19,safe,entered,92,0.0644,0.0431,0.0644,2.0,-0.5236,2.5236,2.4592
2022-23,FAIL,19,safe,left,504,0.0,0.0,0.0,0.0,-2.5068,2.5068,2.5068
2022-23,FAIL,19,safe,left,169,0.1492,0.0695,0.1492,2.0,-0.6004,2.6004,2.4512
2022-23,FAIL,20,balanced,entered,513,0.0,0.0,0.0,1.0,-3.6312,4.6312,4.6312
2022-23,FAIL,20,balanced,entered,165,0.0768,0.0768,0.0768,1.0,-3.1164,4.1164,4.0396
2022-23,FAIL,20,balanced,entered,619,0.0,0.0,0.0,2.0,0.1704,1.8296,1.8296
2022-23,FAIL,20,balanced,entered,300,0.8296,0.8296,0.8296,2.0,-3.9276,5.9276,5.098
2022-23,FAIL,20,balanced,entered,81,0.002,0.002,0.002,5.0,1.2064,3.7936,3.7916
2022-23,FAIL,20,balanced,entered,595,0.4844,0.4844,0.4844,1.0,-1.8628,2.8628,2.3784
2022-23,FAIL,20,balanced,left,169,0.2004,0.2004,0.2004,2.0,-2.9736,4.9736,4.7732
2022-23,FAIL,20,balanced,left,426,0.0,0.0,0.0,0.0,-5.6644,5.6644,5.6644
2022-23,FAIL,20,balanced,left,11,0.702,0.702,0.702,2.0,-0.9204,2.9204,2.2184
2022-23,FAIL,20,balanced,left,302,0.0992,0.0992,0.0992,1.0,-4.1528,5.1528,5.0536
2022-23,FAIL,20,balanced,left,628,0.0,0.0,0.0,8.0,5.2048,2.7952,2.7952
2022-23,FAIL,20,balanced,left,92,0.0388,0.0388,0.0388,6.0,3.2724,2.7276,2.6888
2022-23,FAIL,20,safe,entered,595,0.4844,0.215,0.4844,1.0,-1.8628,2.8628,2.3784
2022-23,FAIL,20,safe,entered,11,0.702,0.3743,0.702,2.0,-0.9204,2.9204,2.2184
2022-23,FAIL,20,safe,entered,428,0.7496,0.4919,0.7496,4.0,-1.8524,5.8524,5.1028
2022-23,FAIL,20,safe,left,427,0.1368,0.1277,0.1368,7.0,1.868,5.132,4.9952
2022-23,FAIL,20,safe,left,92,0.0388,0.0396,0.0388,6.0,3.2724,2.7276,2.6888
2022-23,FAIL,20,safe,left,7,0.1064,0.0438,0.1064,9.0,5.9716,3.0284,2.922
2022-23,FAIL,21,balanced,entered,357,0.082,0.082,0.082,8.0,5.298,2.702,2.62
2022-23,FAIL,21,balanced,entered,133,0.0156,0.0156,0.0156,9.0,5.5264,3.4736,3.458
2022-23,FAIL,21,balanced,entered,171,0.452,0.452,0.452,0.0,-2.9276,2.9276,2.4756
2022-23,FAIL,21,balanced,entered,301,0.2408,0.2408,0.2408,6.0,2.652,3.348,3.1072
2022-23,FAIL,21,balanced,entered,16,0.054,0.054,0.054,1.0,-1.5792,2.5792,2.5252
2022-23,FAIL,21,balanced,entered,210,0.0,0.0,0.0,2.0,-0.5492,2.5492,2.5492
2022-23,FAIL,21,balanced,entered,278,0.8004,0.8004,0.8004,0.0,-3.0504,3.0504,2.25
2022-23,FAIL,21,balanced,entered,222,0.3916,0.3916,0.3916,8.0,5.3164,2.6836,2.292
2022-23,FAIL,21,balanced,left,518,0.0,0.0,0.0,2.0,-1.1932,3.1932,3.1932
2022-23,FAIL,21,balanced,left,680,0.0,0.0,0.0,3.0,0.09,2.91,2.91
2022-23,FAIL,21,balanced,left,73,0.0,0.0,0.0,1.0,-1.4508,2.4508,2.4508
2022-23,FAIL,21,balanced,left,619,0.0,0.0,0.0,2.0,-0.0108,2.0108,2.0108
2022-23,FAIL,21,balanced,left,302,0.0212,0.0212,0.0212,8.0,5.1808,2.8192,2.798
2022-23,FAIL,21,balanced,left,558,0.0,0.0,0.0,1.0,-1.0876,2.0876,2.0876
2022-23,FAIL,21,balanced,left,335,0.0664,0.0664,0.0664,7.0,4.1248,2.8752,2.8088
2022-23,FAIL,21,balanced,left,283,0.1772,0.1772,0.1772,3.0,-0.1716,3.1716,2.9944
2022-23,FAIL,21,safe,entered,357,0.082,0.0335,0.082,8.0,5.298,2.702,2.62
2022-23,FAIL,21,safe,entered,171,0.452,0.245,0.452,0.0,-2.9276,2.9276,2.4756
2022-23,FAIL,21,safe,entered,301,0.2408,0.1339,0.2408,6.0,2.652,3.348,3.1072
2022-23,FAIL,21,safe,entered,145,0.1224,0.0662,0.1224,2.0,-0.532,2.532,2.4096
2022-23,FAIL,21,safe,entered,278,0.8004,0.4089,0.8004,0.0,-3.0504,3.0504,2.25
2022-23,FAIL,21,safe,entered,222,0.3916,0.1952,0.3916,8.0,5.3164,2.6836,2.292
2022-23,FAIL,21,safe,left,614,0.0,0.0,0.0,2.0,-0.558,2.558,2.558
2022-23,FAIL,21,safe,left,680,0.0,0.0,0.0,3.0,0.09,2.91,2.91
2022-23,FAIL,21,safe,left,73,0.0,0.0,0.0,1.0,-1.4508,2.4508,2.4508
2022-23,FAIL,21,safe,left,302,0.0212,-0.0099,0.0212,8.0,5.1808,2.8192,2.798
2022-23,FAIL,21,safe,left,283,0.1772,0.1043,0.1772,3.0,-0.1716,3.1716,2.9944
2022-23,FAIL,21,safe,left,62,0.0,0.0,0.0,2.0,-0.142,2.142,2.142
2022-23,FAIL,22,balanced,entered,92,0.0276,0.0276,0.0276,6.0,3.3324,2.6676,2.64
2022-23,FAIL,22,balanced,entered,301,0.1756,0.1756,0.1756,1.0,-2.0764,3.0764,2.9008
2022-23,FAIL,22,balanced,entered,135,0.876,0.876,0.876,1.0,-2.166,3.166,2.29
2022-23,FAIL,22,balanced,left,448,0.0,0.0,0.0,5.0,2.352,2.648,2.648
2022-23,FAIL,22,balanced,left,699,0.0,0.0,0.0,1.0,-1.7352,2.7352,2.7352
2022-23,FAIL,22,balanced,left,7,0.048,0.048,0.048,2.0,-0.9492,2.9492,2.9012
2022-23,FAIL,22,safe,entered,42,0.3792,0.2068,0.3792,5.0,2.0308,2.9692,2.59
2022-23,FAIL,22,safe,entered,333,0.0688,0.0859,0.0688,12.0,6.84,5.16,5.0912
2022-23,FAIL,22,safe,left,593,0.0,0.0,0.0,-1.0,-6.0592,5.0592,5.0592
2022-23,FAIL,22,safe,left,7,0.048,-0.0024,0.048,2.0,-0.9492,2.9492,2.9012
2022-23,FAIL,23,balanced,entered,257,-0.032,-0.032,-0.032,0.0,-2.3224,2.3224,2.3544
2022-23,FAIL,23,balanced,entered,171,0.34,0.34,0.34,2.0,-0.8468,2.8468,2.5068
2022-23,FAIL,23,balanced,entered,463,0.0544,0.0544,0.0544,1.0,-1.2476,2.2476,2.1932
2022-23,FAIL,23,balanced,entered,15,0.0,0.0,0.0,3.0,-3.2316,6.2316,6.2316
2022-23,FAIL,23,balanced,entered,222,0.3392,0.3392,0.3392,1.0,-1.8272,2.8272,2.488
2022-23,FAIL,23,balanced,entered,446,0.6856,0.6856,0.6856,2.0,-1.3008,3.3008,2.6152
2022-23,FAIL,23,balanced,left,133,0.0124,0.0124,0.0124,2.0,-1.6744,3.6744,3.662
2022-23,FAIL,23,balanced,left,73,0.0,0.0,0.0,0.0,-2.4388,2.4388,2.4388
2022-23,FAIL,23,balanced,left,335,0.0,0.0,0.0,8.0,5.0916,2.9084,2.9084
2022-23,FAIL,23,balanced,left,16,0.0,0.0,0.0,3.0,-2.0456,5.0456,5.0456
2022-23,FAIL,23,balanced,left,470,0.0,0.0,0.0,6.0,3.4812,2.5188,2.5188
2022-23,FAIL,23,balanced,left,124,0.0,0.0,0.0,2.0,-0.76,2.76,2.76
2022-23,FAIL,23,safe,entered,257,-0.032,-0.0274,-0.032,0.0,-2.3224,2.3224,2.3544
2022-23,FAIL,23,safe,entered,446,0.6856,0.3826,0.6856,2.0,-1.3008,3.3008,2.6152
2022-23,FAIL,23,safe,entered,171,0.34,0.1607,0.34,2.0,-0.8468,2.8468,2.5068
2022-23,FAIL,23,safe,entered,463,0.0544,0.0423,0.0544,1.0,-1.2476,2.2476,2.1932
2022-23,FAIL,23,safe,entered,222,0.3392,0.2118,0.3392,1.0,-1.8272,2.8272,2.488
2022-23,FAIL,23,safe,left,258,0.0088,0.0103,0.0088,5.0,2.4816,2.5184,2.5096
2022-23,FAIL,23,safe,left,335,0.0,0.0,0.0,8.0,5.0916,2.9084,2.9084
2022-23,FAIL,23,safe,left,628,0.0,0.0,0.0,0.0,-2.56,2.56,2.56
2022-23,FAIL,23,safe,left,470,0.0,0.0,0.0,6.0,3.4812,2.5188,2.5188
2022-23,FAIL,23,safe,left,124,0.0,0.0,0.0,2.0,-0.76,2.76,2.76
2022-23,FAIL,24,balanced,entered,128,0.0,0.0,0.0,0.0,-2.6776,2.6776,2.6776
2022-23,FAIL,24,balanced,entered,42,0.2828,0.2828,0.2828,2.0,-0.8584,2.8584,2.5756
2022-23,FAIL,24,balanced,entered,11,0.5156,0.5156,0.5156,2.0,-1.188,3.188,2.6724
2022-23,FAIL,24,balanced,entered,366,0.0,0.0,0.0,1.0,-1.6444,2.6444,2.6444
2022-23,FAIL,24,balanced,entered,446,0.7388,0.7388,0.7388,3.0,-0.4444,3.4444,2.7056
2022-23,FAIL,24,balanced,left,7,0.0,0.0,0.0,8.0,5.2096,2.7904,2.7904
2022-23,FAIL,24,balanced,left,586,0.0,0.0,0.0,8.0,5.45,2.55,2.55
2022-23,FAIL,24,balanced,left,619,0.0,0.0,0.0,1.0,-1.3156,2.3156,2.3156
2022-23,FAIL,24,balanced,left,333,0.0,0.0,0.0,12.0,9.194,2.806,2.806
2022-23,FAIL,24,balanced,left,341,-0.1216,-0.1216,-0.1216,1.0,-1.4792,2.4792,2.6008
2022-23,FAIL,24,safe,entered,42,0.2828,0.181,0.2828,2.0,-0.8584,2.8584,2.5756
2022-23,FAIL,24,safe,entered,11,0.5156,0.3009,0.5156,2.0,-1.188,3.188,2.6724
2022-23,FAIL,24,safe,entered,92,0.0248,0.0077,0.0248,2.0,-0.67,2.67,2.6452
2022-23,FAIL,24,safe,entered,526,0.0,0.0,0.0,1.0,-1.5708,2.5708,2.5708
2022-23,FAIL,24,safe,left,448,0.0,0.0,0.0,0.0,-2.6676,2.6676,2.6676
2022-23,FAIL,24,safe,left,619,0.0,0.0,0.0,1.0,-1.3156,2.3156,2.3156
2022-23,FAIL,24,safe,left,341,-0.1216,-0.0559,-0.1216,1.0,-1.4792,2.4792,2.6008
2022-23,FAIL,24,safe,left,7,0.0,0.0,0.0,8.0,5.2096,2.7904,2.7904
2022-23,FAIL,25,balanced,entered,288,1.8748,1.0624,1.8748,7.0,0.0204,6.9796,5.1048
2022-23,FAIL,25,balanced,entered,222,0.212,0.212,0.212,6.0,3.1972,2.8028,2.5908
2022-23,FAIL,25,balanced,left,210,0.0,0.0,0.0,0.0,-2.3828,2.3828,2.3828
2022-23,FAIL,25,balanced,left,285,0.2212,0.2212,0.2212,13.0,7.4888,5.5112,5.29
2022-23,FAIL,25,safe,entered,288,1.8748,0.5949,1.8748,7.0,0.0204,6.9796,5.1048
2022-23,FAIL,25,safe,entered,222,0.212,0.1152,0.212,6.0,3.1972,2.8028,2.5908
2022-23,FAIL,25,safe,left,394,0.0,0.0,0.0,2.0,-0.2108,2.2108,2.2108
2022-23,FAIL,25,safe,left,285,0.2212,0.123,0.2212,13.0,7.4888,5.5112,5.29
2022-23,FAIL,26,balanced,entered,355,0.0684,0.0502,0.0684,0.0,-3.7472,3.7472,3.6788
2022-23,FAIL,26,balanced,entered,262,0.7972,0.7972,0.7972,2.0,-1.58,3.58,2.7828
2022-23,FAIL,26,balanced,entered,394,0.0,0.0,0.0,13.0,10.8204,2.1796,2.1796
2022-23,FAIL,26,balanced,entered,333,0.0,0.0,0.0,2.0,-1.2048,3.2048,3.2048
2022-23,FAIL,26,balanced,entered,303,0.8164,0.8164,0.8164,0.0,-3.3048,3.3048,2.4884
2022-23,FAIL,26,balanced,entered,92,0.0684,0.0684,0.0684,7.0,4.3908,2.6092,2.5408
2022-23,FAIL,26,balanced,left,518,0.0,0.0,0.0,0.0,-3.2108,3.2108,3.2108
2022-23,FAIL,26,balanced,left,619,0.0,0.0,0.0,1.0,-1.0856,2.0856,2.0856
2022-23,FAIL,26,balanced,left,335,0.0,0.0,0.0,2.0,-1.1072,3.1072,3.1072
2022-23,FAIL,26,balanced,left,602,0.0,0.0,0.0,1.0,-1.334,2.334,2.334
2022-23,FAIL,26,balanced,left,124,0.0,0.0,0.0,13.0,10.0972,2.9028,2.9028
2022-23,FAIL,26,balanced,left,318,0.0,0.0,0.0,4.0,0.75,3.25,3.25
2022-23,FAIL,26,safe,entered,286,0.1416,0.1112,0.1416,0.0,-2.6272,2.6272,2.4856
2022-23,FAIL,26,safe,left,92,0.0684,0.043,0.0684,7.0,4.3908,2.6092,2.5408
2022-23,FAIL,27,balanced,entered,152,0.0,0.0,0.0,3.0,-3.3728,6.3728,6.3728
2022-23,FAIL,27,balanced,entered,11,0.4236,0.4236,0.4236,0.0,-3.3228,3.3228,2.8992
2022-23,FAIL,27,balanced,entered,92,0.0556,0.0556,0.0556,8.0,3.5536,4.4464,4.3908
2022-23,FAIL,27,balanced,entered,262,0.8588,0.8588,0.8588,2.0,-1.9,3.9,3.0412
2022-23,FAIL,27,balanced,left,170,-0.0072,-0.0072,-0.0072,4.0,-0.282,4.282,4.2892
2022-23,FAIL,27,balanced,left,427,0.0,0.0,0.0,13.0,9.8948,3.1052,3.1052
2022-23,FAIL,27,balanced,left,422,0.0,0.0,0.0,8.0,2.5948,5.4052,5.4052
2022-23,FAIL,27,balanced,left,95,0.0,0.0,0.0,4.0,-0.0332,4.0332,4.0332
2022-23,FAIL,27,safe,entered,262,0.8588,0.5761,0.8588,2.0,-1.9,3.9,3.0412
2022-23,FAIL,27,safe,left,427,0.0,0.0,0.0,13.0,9.8948,3.1052,3.1052
2022-23,FAIL,28,balanced,entered,45,0.1916,0.1916,0.1916,6.0,3.4584,2.5416,2.35
2022-23,FAIL,28,balanced,left,233,-0.0112,-0.0112,-0.0112,9.0,6.4796,2.5204,2.5316
2022-23,FAIL,28,safe,entered,171,0.0564,0.038,0.0564,2.0,-0.4728,2.4728,2.4164
2022-23,FAIL,28,safe,entered,133,0.0208,0.0268,0.0208,1.0,-2.7492,3.7492,3.7284
2022-23,FAIL,28,safe,entered,366,0.0,0.0,0.0,2.0,-0.6072,2.6072,2.6072
2022-23,FAIL,28,safe,left,186,0.0,0.0,0.0,2.0,-0.2772,2.2772,2.2772
2022-23,FAIL,28,safe,left,355,-0.0108,-0.008,-0.0108,0.0,-3.6952,3.6952,3.706
2022-23,FAIL,28,safe,left,92,-0.0192,-0.0191,-0.0192,2.0,-0.6776,2.6776,2.6968
2022-23,FAIL,29,balanced,entered,256,1.4336,1.4336,1.4336,8.0,2.3928,5.6072,4.1736
2022-23,FAIL,29,balanced,entered,464,0.5172,0.5172,0.5172,5.0,-0.7232,5.7232,5.206
2022-23,FAIL,29,balanced,left,233,0.0,0.0,0.0,10.0,4.5732,5.4268,5.4268
2022-23,FAIL,29,balanced,left,342,-0.0908,-0.0908,-0.0908,7.0,2.046,4.954,5.0448
2022-23,FAIL,29,safe,entered,256,1.4336,1.0334,1.4336,8.0,2.3928,5.6072,4.1736
2022-23,FAIL,29,safe,left,526,0.0,0.0,0.0,3.0,-1.8676,4.8676,4.8676
2022-23,FAIL,30,balanced,entered,256,0.8256,0.8256,0.8256,1.0,-2.2252,3.2252,2.3996
2022-23,FAIL,30,balanced,entered,81,0.0,0.0,0.0,0.0,-3.804,3.804,3.804
2022-23,FAIL,30,balanced,entered,594,0.0,0.0,0.0,5.0,1.9648,3.0352,3.0352
2022-23,FAIL,30,balanced,entered,180,0.2988,0.2988,0.2988,1.0,-1.7672,2.7672,2.4684
2022-23,FAIL,30,balanced,entered,124,0.0,0.0,0.0,2.0,-1.0768,3.0768,3.0768
2022-23,FAIL,30,balanced,left,66,0.0,0.0,0.0,2.0,-0.6292,2.6292,2.6292
2022-23,FAIL,30,balanced,left,548,0.0,0.0,0.0,4.0,0.6672,3.3328,3.3328
2022-23,FAIL,30,balanced,left,116,0.0,0.0,0.0,2.0,-1.0752,3.0752,3.0752
2022-23,FAIL,30,balanced,left,280,0.0,0.0,0.0,0.0,-3.0684,3.0684,3.0684
2022-23,FAIL,30,balanced,left,92,0.0,0.0,0.0,1.0,-1.802,2.802,2.802
2022-23,FAIL,30,safe,entered,256,0.8256,0.5058,0.8256,1.0,-2.2252,3.2252,2.3996
2022-23,FAIL,30,safe,entered,81,0.0,0.0,0.0,0.0,-3.804,3.804,3.804
2022-23,FAIL,30,safe,left,2,0.0,0.0,0.0,3.0,-0.742,3.742,3.742
2022-23,FAIL,30,safe,left,342,0.0056,-0.0037,0.0056,0.0,-2.8488,2.8488,2.8432
2022-23,FAIL,32,balanced,entered,288,0.6824,0.6824,0.6824,13.0,9.5512,3.4488,2.7664
2022-23,FAIL,32,balanced,entered,88,0.0,0.0,0.0,2.0,-0.7308,2.7308,2.7308
2022-23,FAIL,32,balanced,left,40,0.0,0.0,0.0,2.0,-1.1336,3.1336,3.1336
2022-23,FAIL,32,balanced,left,233,0.0,0.0,0.0,2.0,-0.8948,2.8948,2.8948
2022-23,FAIL,32,safe,entered,288,0.6824,0.4597,0.6824,13.0,9.5512,3.4488,2.7664
2022-23,FAIL,32,safe,entered,2,0.0,0.0,0.0,2.0,-1.7348,3.7348,3.7348
2022-23,FAIL,32,safe,entered,365,0.3136,0.16,0.3136,13.0,10.3964,2.6036,2.29
2022-23,FAIL,32,safe,left,81,0.0,0.0,0.0,2.0,-1.8884,3.8884,3.8884
2022-23,FAIL,32,safe,left,233,0.0,0.0,0.0,2.0,-0.8948,2.8948,2.8948
2022-23,FAIL,32,safe,left,594,0.0,0.0,0.0,13.0,9.7628,3.2372,3.2372
2022-23,FAIL,33,balanced,entered,288,0.59,0.59,0.59,1.0,-2.5068,3.5068,2.9168
2022-23,FAIL,33,balanced,entered,285,0.0,0.0,0.0,5.0,1.9928,3.0072,3.0072
2022-23,FAIL,33,balanced,entered,199,0.0,0.0,0.0,0.0,-2.6328,2.6328,2.6328
2022-23,FAIL,33,balanced,left,427,0.0,0.0,0.0,11.0,7.4392,3.5608,3.5608
2022-23,FAIL,33,balanced,left,461,0.0,0.0,0.0,1.0,-1.6792,2.6792,2.6792
2022-23,FAIL,33,balanced,left,222,0.024,0.024,0.024,1.0,-1.7268,2.7268,2.7028
2022-23,FAIL,35,balanced,entered,448,0.0,0.0,0.0,0.0,-3.1024,3.1024,3.1024
2022-23,FAIL,35,balanced,entered,2,0.0,0.0,0.0,9.0,5.4468,3.5532,3.5532
2022-23,FAIL,35,balanced,entered,303,0.6312,0.6312,0.6312,10.0,5.9068,4.0932,3.462
2022-23,FAIL,35,balanced,entered,125,0.0,0.0,0.0,1.0,-1.8076,2.8076,2.8076
2022-23,FAIL,35,balanced,entered,285,0.0,0.0,0.0,7.0,3.4328,3.5672,3.5672
2022-23,FAIL,35,balanced,left,518,0.0,0.0,0.0,0.0,-3.2288,3.2288,3.2288
2022-23,FAIL,35,balanced,left,427,0.0,0.0,0.0,8.0,4.2552,3.7448,3.7448
2022-23,FAIL,35,balanced,left,461,0.0,0.0,0.0,0.0,-2.5432,2.5432,2.5432
2022-23,FAIL,35,balanced,left,180,0.2212,0.2212,0.2212,0.0,-2.68,2.68,2.4588
2022-23,FAIL,35,balanced,left,124,0.0,0.0,0.0,5.0,1.4708,3.5292,3.5292
2022-23,FAIL,35,safe,entered,180,0.2212,0.133,0.2212,0.0,-2.68,2.68,2.4588
2022-23,FAIL,35,safe,entered,125,0.0,0.0,0.0,1.0,-1.8076,2.8076,2.8076
2022-23,FAIL,35,safe,entered,303,0.6312,0.4194,0.6312,10.0,5.9068,4.0932,3.462
2022-23,FAIL,35,safe,left,66,0.0,0.0,0.0,2.0,-1.0028,3.0028,3.0028
2022-23,FAIL,35,safe,left,124,0.0,0.0,0.0,5.0,1.4708,3.5292,3.5292
2022-23,FAIL,35,safe,left,366,0.0,0.0,0.0,-2.0,-5.2056,3.2056,3.2056
2022-23,FAIL,36,balanced,entered,16,0.0,0.0,0.0,1.0,-2.2228,3.2228,3.2228
2022-23,FAIL,36,balanced,entered,356,0.1416,0.1416,0.1416,24.0,17.9736,6.0264,5.8848
2022-23,FAIL,36,balanced,entered,39,0.0,0.0,0.0,2.0,-1.0564,3.0564,3.0564
2022-23,FAIL,36,balanced,left,145,0.0,0.0,0.0,1.0,-2.2892,3.2892,3.2892
2022-23,FAIL,36,balanced,left,180,0.2056,0.2056,0.2056,0.0,-3.0268,3.0268,2.8212
2022-23,FAIL,36,balanced,left,366,0.0,0.0,0.0,2.0,-3.9488,5.9488,5.9488
2023-24,PASS,1,balanced,entered,294,1.2764,1.2764,1.2764,1.0,-2.8836,3.8836,2.6072
2023-24,PASS,1,balanced,entered,398,0.116,0.116,0.116,5.0,3.1872,1.8128,1.6968
2023-24,PASS,1,balanced,entered,245,0.2408,0.2408,0.2408,0.0,-0.7708,0.7708,0.53
2023-24,PASS,1,balanced,entered,149,1.2176,1.2176,1.2176,0.0,-2.576,2.576,1.3584
2023-24,PASS,1,balanced,entered,26,0.856,0.856,0.856,1.0,-2.516,3.516,2.66
2023-24,PASS,1,balanced,left,834,0.0,0.0,0.0,0.0,-0.6052,0.6052,0.6052
2023-24,PASS,1,balanced,left,396,0.1732,0.1732,0.1732,3.0,-0.3356,3.3356,3.1624
2023-24,PASS,1,balanced,left,781,0.0,0.0,0.0,0.0,-0.4972,0.4972,0.4972
2023-24,PASS,1,balanced,left,845,0.0,0.0,0.0,0.0,-0.6036,0.6036,0.6036
2023-24,PASS,1,balanced,left,14,-0.0736,-0.0736,-0.0736,2.0,-0.9932,2.9932,3.0668
2023-24,PASS,1,safe,entered,26,0.856,0.5431,0.856,1.0,-2.516,3.516,2.66
2023-24,PASS,1,safe,entered,398,0.116,0.0808,0.116,5.0,3.1872,1.8128,1.6968
2023-24,PASS,1,safe,entered,149,1.2176,0.5168,1.2176,0.0,-2.576,2.576,1.3584
2023-24,PASS,1,safe,entered,294,1.2764,0.7309,1.2764,1.0,-2.8836,3.8836,2.6072
2023-24,PASS,1,safe,left,781,0.0,0.0,0.0,0.0,-0.4972,0.4972,0.4972
2023-24,PASS,1,safe,left,349,0.284,0.1582,0.284,1.0,-2.6636,3.6636,3.3796
2023-24,PASS,1,safe,left,372,0.3624,0.1934,0.3624,3.0,-0.0844,3.0844,2.722
2023-24,PASS,1,safe,left,845,0.0,0.0,0.0,0.0,-0.6036,0.6036,0.6036
2023-24,PASS,2,balanced,entered,290,0.4828,0.4828,0.4828,2.0,-1.234,3.234,2.7512
2023-24,PASS,2,balanced,entered,294,1.4668,1.4668,1.4668,12.0,7.7356,4.2644,2.7976
2023-24,PASS,2,balanced,entered,232,0.2212,0.2212,0.2212,0.0,-1.1972,1.1972,0.976
2023-24,PASS,2,balanced,entered,361,-0.032,-0.032,-0.032,0.0,-3.4972,3.4972,3.5292
2023-24,PASS,2,balanced,entered,366,0.2232,0.2232,0.2232,0.0,-1.114,1.114,0.8908
2023-24,PASS,2,balanced,entered,526,0.8116,0.8116,0.8116,2.0,-1.4128,3.4128,2.6012
2023-24,PASS,2,balanced,entered,433,0.4252,0.4252,0.4252,1.0,-2.29,3.29,2.8648
2023-24,PASS,2,balanced,left,355,-0.4192,-0.4192,-0.4192,2.0,-1.8944,3.8944,4.3136
2023-24,PASS,2,balanced,left,37,0.1164,0.1164,0.1164,0.0,-1.01,1.01,0.8936
2023-24,PASS,2,balanced,left,236,0.0,0.0,0.0,0.0,-3.2504,3.2504,3.2504
2023-24,PASS,2,balanced,left,368,0.0,0.0,0.0,0.0,-2.666,2.666,2.666
2023-24,PASS,2,balanced,left,722,0.0,0.0,0.0,0.0,-0.4772,0.4772,0.4772
2023-24,PASS,2,balanced,left,664,0.0,0.0,0.0,9.0,5.84,3.16,3.16
2023-24,PASS,2,balanced,left,409,-0.034,-0.034,-0.034,0.0,-3.3576,3.3576,3.3916
2023-24,PASS,2,safe,entered,290,0.4828,0.3244,0.4828,2.0,-1.234,3.234,2.7512
2023-24,PASS,2,safe,entered,516,0.9004,0.5279,0.9004,3.0,-1.4676,4.4676,3.5672
2023-24,PASS,2,safe,entered,294,1.4668,0.8809,1.4668,12.0,7.7356,4.2644,2.7976
2023-24,PASS,2,safe,entered,340,0,0.0,0,0.0,0.0,0,0
2023-24,PASS,2,safe,left,355,-0.4192,-0.323,-0.4192,2.0,-1.8944,3.8944,4.3136
2023-24,PASS,2,safe,left,315,0,0.0,0,0.0,0.0,0,0
2023-24,PASS,2,safe,left,259,0.0,0.0,0.0,0.0,-2.9372,2.9372,2.9372
2023-24,PASS,2,safe,left,664,0.0,0.0,0.0,9.0,5.84,3.16,3.16
2023-24,PASS,3,balanced,entered,195,0.6488,0.6488,0.6488,6.0,3.5944,2.4056,1.7568
2023-24,PASS,3,balanced,entered,294,1.1492,1.1492,1.1492,4.0,0.2492,3.7508,2.6016
2023-24,PASS,3,balanced,entered,232,0.1356,0.1356,0.1356,1.0,-0.1068,1.1068,0.9712
2023-24,PASS,3,balanced,entered,433,0.6224,0.6224,0.6224,1.0,-2.716,3.716,3.0936
2023-24,PASS,3,balanced,entered,308,0.542,0.542,0.542,5.0,0.8776,4.1224,3.5804
2023-24,PASS,3,balanced,entered,766,0.0,0.0,0.0,0.0,-0.5016,0.5016,0.5016
2023-24,PASS,3,balanced,left,355,-0.3684,-0.3684,-0.3684,4.0,0.6452,3.3548,3.7232
2023-24,PASS,3,balanced,left,198,-0.0108,-0.0108,-0.0108,0.0,-1.9892,1.9892,2.0
2023-24,PASS,3,balanced,left,8,0.0,0.0,0.0,1.0,-2.2084,3.2084,3.2084
2023-24,PASS,3,balanced,left,204,0.0,0.0,0.0,0.0,-1.0012,1.0012,1.0012
2023-24,PASS,3,balanced,left,236,0.0,0.0,0.0,0.0,-2.9848,2.9848,2.9848
2023-24,PASS,3,balanced,left,86,0.0068,0.0068,0.0068,0.0,-2.442,2.442,2.4352
2023-24,PASS,3,safe,entered,294,1.1492,0.6602,1.1492,4.0,0.2492,3.7508,2.6016
2023-24,PASS,3,safe,entered,13,0.8476,0.3461,0.8476,5.0,2.6192,2.3808,1.5332
2023-24,PASS,3,safe,entered,433,0.6224,0.4169,0.6224,1.0,-2.716,3.716,3.0936
2023-24,PASS,3,safe,entered,308,0.542,0.3154,0.542,5.0,0.8776,4.1224,3.5804
2023-24,PASS,3,safe,entered,766,0.0,0.0,0.0,0.0,-0.5016,0.5016,0.5016
2023-24,PASS,3,safe,left,355,-0.3684,-0.2777,-0.3684,4.0,0.6452,3.3548,3.7232
2023-24,PASS,3,safe,left,8,0.0,0.0,0.0,1.0,-2.2084,3.2084,3.2084
2023-24,PASS,3,safe,left,204,0.0,0.0,0.0,0.0,-1.0012,1.0012,1.0012
2023-24,PASS,3,safe,left,236,0.0,0.0,0.0,0.0,-2.9848,2.9848,2.9848
2023-24,PASS,3,safe,left,86,0.0068,-0.0027,0.0068,0.0,-2.442,2.442,2.4352
2023-24,PASS,4,balanced,entered,113,0.0,0.0,0.0,0.0,-3.734,3.734,3.734
2023-24,PASS,4,balanced,entered,307,0.3088,0.3088,0.3088,6.0,4.5748,1.4252,1.1164
2023-24,PASS,4,balanced,entered,293,0.678,0.678,0.678,8.0,4.8604,3.1396,2.4616
2023-24,PASS,4,balanced,entered,430,0.1468,0.1468,0.1468,1.0,-0.1696,1.1696,1.0228
2023-24,PASS,4,balanced,left,8,0.0564,0.0564,0.0564,6.0,3.3796,2.6204,2.564
2023-24,PASS,4,balanced,left,313,0.1252,0.1252,0.1252,0.0,-1.2172,1.2172,1.092
2023-24,PASS,4,balanced,left,290,0.152,0.152,0.152,12.0,10.628,1.372,1.22
2023-24,PASS,4,balanced,left,275,-0.0796,-0.0796,-0.0796,0.0,-3.732,3.732,3.8116
2023-24,PASS,4,safe,entered,307,0.3088,0.0789,0.3088,6.0,4.5748,1.4252,1.1164
2023-24,PASS,4,safe,entered,293,0.678,0.4089,0.678,8.0,4.8604,3.1396,2.4616
2023-24,PASS,4,safe,left,8,0.0564,0.0287,0.0564,6.0,3.3796,2.6204,2.564
2023-24,PASS,4,safe,left,290,0.152,0.0477,0.152,12.0,10.628,1.372,1.22
2023-24,PASS,5,balanced,entered,195,0.6892,0.6892,0.6892,0.0,-3.1036,3.1036,2.4144
2023-24,PASS,5,balanced,entered,294,1.178,1.178,1.178,1.0,-2.884,3.884,2.706
2023-24,PASS,5,balanced,entered,42,0.2332,0.2332,0.2332,5.0,2.4124,2.5876,2.3544
2023-24,PASS,5,balanced,entered,523,0.5772,0.5772,0.5772,2.0,-0.8236,2.8236,2.2464
2023-24,PASS,5,balanced,entered,13,1.0836,1.0836,1.0836,2.0,-1.154,3.154,2.0704
2023-24,PASS,5,balanced,entered,430,0.3192,0.3192,0.3192,8.0,5.236,2.764,2.4448
2023-24,PASS,5,balanced,entered,526,0.618,0.618,0.618,2.0,-1.658,3.658,3.04
2023-24,PASS,5,balanced,entered,308,0.4564,0.4564,0.4564,10.0,6.0748,3.9252,3.4688
2023-24,PASS,5,balanced,entered,569,-0.0144,-0.0144,-0.0144,2.0,-1.5408,3.5408,3.5552
2023-24,PASS,5,balanced,left,226,0.1404,0.1404,0.1404,1.0,-2.1976,3.1976,3.0572
2023-24,PASS,5,balanced,left,355,-0.2592,-0.2592,-0.2592,6.0,2.3064,3.6936,3.9528
2023-24,PASS,5,balanced,left,265,0.0868,0.0868,0.0868,2.0,-0.4508,2.4508,2.364
2023-24,PASS,5,balanced,left,588,0.0,0.0,0.0,1.0,-1.3464,2.3464,2.3464
2023-24,PASS,5,balanced,left,396,0.1744,0.1744,0.1744,2.0,-1.4104,3.4104,3.236
2023-24,PASS,5,balanced,left,85,0.0996,0.0996,0.0996,2.0,-0.8652,2.8652,2.7656
2023-24,PASS,5,balanced,left,439,-0.078,-0.078,-0.078,0.0,-2.3512,2.3512,2.4292
2023-24,PASS,5,balanced,left,504,0.0,0.0,0.0,1.0,-2.3576,3.3576,3.3576
2023-24,PASS,5,balanced,left,28,0.0,0.0,0.0,2.0,-1.3428,3.3428,3.3428
2023-24,PASS,5,safe,entered,195,0.6892,0.3501,0.6892,0.0,-3.1036,3.1036,2.4144
2023-24,PASS,5,safe,entered,294,1.178,0.6828,1.178,1.0,-2.884,3.884,2.706
2023-24,PASS,5,safe,entered,265,0.0868,0.0478,0.0868,2.0,-0.4508,2.4508,2.364
2023-24,PASS,5,safe,entered,588,0.0,0.0,0.0,1.0,-1.3464,2.3464,2.3464
2023-24,PASS,5,safe,entered,13,1.0836,0.6021,1.0836,2.0,-1.154,3.154,2.0704
2023-24,PASS,5,safe,left,326,0.0,0.0,0.0,2.0,-0.3468,2.3468,2.3468
2023-24,PASS,5,safe,left,396,0.1744,0.0541,0.1744,2.0,-1.4104,3.4104,3.236
2023-24,PASS,5,safe,left,563,-0.024,-0.0131,-0.024,1.0,-1.334,2.334,2.358
2023-24,PASS,5,safe,left,532,0.1484,0.0493,0.1484,1.0,-1.4668,2.4668,2.3184
2023-24,PASS,5,safe,left,511,0.0268,-0.0215,0.0268,2.0,-0.4684,2.4684,2.4416
2023-24,PASS,6,balanced,entered,513,0.0,0.0,0.0,1.0,-1.1196,2.1196,2.1196
2023-24,PASS,6,balanced,entered,226,0.1736,0.1736,0.1736,3.0,-0.0244,3.0244,2.8508
2023-24,PASS,6,balanced,entered,433,0.4464,0.4464,0.4464,6.0,2.6144,3.3856,2.9392
2023-24,PASS,6,balanced,entered,293,0.5332,0.5332,0.5332,6.0,2.8592,3.1408,2.6076
2023-24,PASS,6,balanced,left,664,0.0,0.0,0.0,2.0,-0.8892,2.8892,2.8892
2023-24,PASS,6,balanced,left,490,0.0,0.0,0.0,0.0,-0.8476,0.8476,0.8476
2023-24,PASS,6,balanced,left,349,0.5072,0.0,0.5072,0.0,-4.1012,4.1012,3.594
2023-24,PASS,6,balanced,left,558,0.0,0.0,0.0,2.0,0.1192,1.8808,1.8808
2023-24,PASS,6,safe,entered,513,0.0,0.0,0.0,1.0,-1.1196,2.1196,2.1196
2023-24,PASS,6,safe,entered,226,0.1736,0.0835,0.1736,3.0,-0.0244,3.0244,2.8508
2023-24,PASS,6,safe,entered,293,0.5332,0.3463,0.5332,6.0,2.8592,3.1408,2.6076
2023-24,PASS,6,safe,entered,433,0.4464,0.2547,0.4464,6.0,2.6144,3.3856,2.9392
2023-24,PASS,6,safe,entered,275,-0.002,0.0097,-0.002,10.0,6.022,3.978,3.98
2023-24,PASS,6,safe,entered,245,0.6976,0.2951,0.6976,1.0,-1.6568,2.6568,1.9592
2023-24,PASS,6,safe,left,361,-0.042,0.0321,-0.042,0.0,-3.402,3.402,3.444
2023-24,PASS,6,safe,left,490,0.0,0.0,0.0,0.0,-0.8476,0.8476,0.8476
2023-24,PASS,6,safe,left,203,0.0,0.0,0.0,-2.0,-4.302,2.302,2.302
2023-24,PASS,6,safe,left,85,0.0304,0.0183,0.0304,6.0,3.3588,2.6412,2.6108
2023-24,PASS,6,safe,left,540,0.0,0.0,0.0,1.0,-1.6836,2.6836,2.6836
2023-24,PASS,6,safe,left,349,0.5072,-0.2133,0.5072,0.0,-4.1012,4.1012,3.594
2023-24,PASS,7,balanced,entered,526,0.5672,0.5672,0.5672,9.0,4.9476,4.0524,3.4852
2023-24,PASS,7,balanced,entered,433,0.4964,0.4964,0.4964,0.0,-3.9852,3.9852,3.4888
2023-24,PASS,7,balanced,entered,307,0.3776,0.3776,0.3776,0.0,-2.9728,2.9728,2.5952
2023-24,PASS,7,balanced,entered,245,0.6472,0.6472,0.6472,1.0,-1.9812,2.9812,2.334
2023-24,PASS,7,balanced,entered,504,0.0,0.0,0.0,2.0,-1.4968,3.4968,3.4968
2023-24,PASS,7,balanced,entered,506,0.662,0.662,0.662,7.0,3.8352,3.1648,2.5028
2023-24,PASS,7,balanced,left,544,0.0084,0.0084,0.0084,7.0,4.3832,2.6168,2.6084
2023-24,PASS,7,balanced,left,355,-0.2364,-0.2364,-0.2364,2.0,-2.262,4.262,4.4984
2023-24,PASS,7,balanced,left,165,0.0,0.0,0.0,4.0,0.5908,3.4092,3.4092
2023-24,PASS,7,balanced,left,563,-0.0404,-0.0404,-0.0404,2.0,-0.538,2.538,2.5784
2023-24,PASS,7,balanced,left,567,0.0584,0.0584,0.0584,4.0,0.6996,3.3004,3.242
2023-24,PASS,7,balanced,left,220,0.0436,0.0436,0.0436,15.0,12.1564,2.8436,2.8
2023-24,PASS,7,safe,entered,501,0.4812,0.2862,0.4812,2.0,-1.4136,3.4136,2.9324
2023-24,PASS,7,safe,entered,506,0.662,0.3795,0.662,7.0,3.8352,3.1648,2.5028
2023-24,PASS,7,safe,entered,245,0.6472,0.2786,0.6472,1.0,-1.9812,2.9812,2.334
2023-24,PASS,7,safe,entered,526,0.5672,0.3572,0.5672,9.0,4.9476,4.0524,3.4852
2023-24,PASS,7,safe,left,544,0.0084,-0.0208,0.0084,7.0,4.3832,2.6168,2.6084
2023-24,PASS,7,safe,left,48,-0.012,-0.0088,-0.012,1.0,-1.5452,2.5452,2.5572
2023-24,PASS,7,safe,left,373,0.1784,0.1045,0.1784,2.0,-1.78,3.78,3.6016
2023-24,PASS,7,safe,left,567,0.0584,0.0113,0.0584,4.0,0.6996,3.3004,3.242
2023-24,PASS,8,balanced,entered,361,-0.0204,0.0,-0.0204,0.0,-3.048,3.048,3.0684
2023-24,PASS,8,balanced,entered,516,0.422,0.422,0.422,3.0,-1.1024,4.1024,3.6804
2023-24,PASS,8,balanced,entered,13,1.1176,1.1176,1.1176,2.0,-1.5068,3.5068,2.3892
2023-24,PASS,8,balanced,entered,245,0.6544,0.6544,0.6544,6.0,3.2248,2.7752,2.1208
2023-24,PASS,8,balanced,left,281,-0.1312,-0.1312,-0.1312,2.0,-0.7268,2.7268,2.858
2023-24,PASS,8,balanced,left,482,0.0,0.0,0.0,0.0,-3.616,3.616,3.616
2023-24,PASS,8,balanced,left,326,0.0,0.0,0.0,1.0,-2.2032,3.2032,3.2032
2023-24,PASS,8,balanced,left,14,-0.0928,-0.0928,-0.0928,3.0,-0.5988,3.5988,3.6916
2023-24,PASS,8,safe,entered,544,0.0464,0.0043,0.0464,1.0,-1.8052,2.8052,2.7588
2023-24,PASS,8,safe,entered,106,-0.048,-0.018,-0.048,10.0,7.304,2.696,2.744
2023-24,PASS,8,safe,entered,13,1.1176,0.6614,1.1176,2.0,-1.5068,3.5068,2.3892
2023-24,PASS,8,safe,entered,528,0.078,0.0843,0.078,5.0,2.1884,2.8116,2.7336
2023-24,PASS,8,safe,entered,569,0.0152,0.0008,0.0152,3.0,-0.8436,3.8436,3.8284
2023-24,PASS,8,safe,left,33,0.0,0.0,0.0,2.0,0.2624,1.7376,1.7376
2023-24,PASS,8,safe,left,361,-0.0204,0.0335,-0.0204,0.0,-3.048,3.048,3.0684
2023-24,PASS,8,safe,left,14,-0.0928,-0.0616,-0.0928,3.0,-0.5988,3.5988,3.6916
2023-24,PASS,8,safe,left,178,0.0676,0.0405,0.0676,0.0,-2.3708,2.3708,2.3032
2023-24,PASS,8,safe,left,245,0.6544,0.2869,0.6544,6.0,3.2248,2.7752,2.1208
2023-24,PASS,9,balanced,entered,361,0.1148,0.0,0.1148,2.0,-1.5436,3.5436,3.4288
2023-24,PASS,9,balanced,entered,13,0.7468,0.7468,0.7468,0.0,-2.9968,2.9968,2.25
2023-24,PASS,9,balanced,entered,430,0.2728,0.2728,0.2728,10.0,6.4692,3.5308,3.258
2023-24,PASS,9,balanced,entered,433,0.6112,0.6112,0.6112,6.0,2.1404,3.8596,3.2484
2023-24,PASS,9,balanced,entered,307,0.3984,0.3984,0.3984,0.0,-3.1172,3.1172,2.7188
2023-24,PASS,9,balanced,entered,245,0.4588,0.4588,0.4588,1.0,-1.098,2.098,1.6392
2023-24,PASS,9,balanced,entered,506,0.6056,0.6056,0.6056,6.0,2.5536,3.4464,2.8408
2023-24,PASS,9,balanced,left,33,0.0,0.0,0.0,2.0,0.1636,1.8364,1.8364
2023-24,PASS,9,balanced,left,355,-0.1644,-0.1644,-0.1644,8.0,3.3256,4.6744,4.8388
2023-24,PASS,9,balanced,left,584,0.0,0.0,0.0,2.0,-0.778,2.778,2.778
2023-24,PASS,9,balanced,left,178,0.0496,0.0496,0.0496,1.0,-0.7604,1.7604,1.7108
2023-24,PASS,9,balanced,left,471,0.0,0.0,0.0,0.0,-2.1788,2.1788,2.1788
2023-24,PASS,9,balanced,left,88,-0.0096,0.0,-0.0096,0.0,-3.1496,3.1496,3.1592
2023-24,PASS,9,balanced,left,220,-0.044,-0.044,-0.044,0.0,-2.8144,2.8144,2.8584
2023-24,PASS,9,safe,entered,321,0.0,0.0,0.0,1.0,-1.6552,2.6552,2.6552
2023-24,PASS,9,safe,entered,526,0.3564,0.2142,0.3564,8.0,4.2724,3.7276,3.3712
2023-24,PASS,9,safe,entered,433,0.6112,0.3755,0.6112,6.0,2.1404,3.8596,3.2484
2023-24,PASS,9,safe,entered,275,-0.036,-0.0144,-0.036,2.0,-1.7052,3.7052,3.7412
2023-24,PASS,9,safe,entered,307,0.3984,0.288,0.3984,0.0,-3.1172,3.1172,2.7188
2023-24,PASS,9,safe,entered,343,0.1556,0.1071,0.1556,9.0,5.6316,3.3684,3.2128
2023-24,PASS,9,safe,entered,506,0.6056,0.3759,0.6056,6.0,2.5536,3.4464,2.8408
2023-24,PASS,9,safe,left,355,-0.1644,-0.0857,-0.1644,8.0,3.3256,4.6744,4.8388
2023-24,PASS,9,safe,left,197,0.0,0.0,0.0,1.0,-1.746,2.746,2.746
2023-24,PASS,9,safe,left,326,0.0,0.0,0.0,2.0,-0.846,2.846,2.846
2023-24,PASS,9,safe,left,361,0.1148,0.0019,0.1148,2.0,-1.5436,3.5436,3.4288
2023-24,PASS,9,safe,left,106,-0.0488,-0.0149,-0.0488,2.0,-0.8544,2.8544,2.9032
2023-24,PASS,9,safe,left,439,-0.022,0.0045,-0.022,6.0,3.1732,2.8268,2.8488
2023-24,PASS,9,safe,left,220,-0.044,-0.0107,-0.044,0.0,-2.8144,2.8144,2.8584
2023-24,PASS,10,balanced,entered,225,0.2576,0.2576,0.2576,2.0,-1.1608,3.1608,2.9032
2023-24,PASS,10,balanced,entered,291,-0.0164,-0.0164,-0.0164,7.0,3.3496,3.6504,3.6668
2023-24,PASS,10,balanced,entered,528,0.1116,0.1116,0.1116,2.0,-0.8224,2.8224,2.7108
2023-24,PASS,10,balanced,entered,307,0.3856,0.3856,0.3856,0.0,-3.2136,3.2136,2.828
2023-24,PASS,10,balanced,entered,569,0.0068,0.0068,0.0068,1.0,-2.6396,3.6396,3.6328
2023-24,PASS,10,balanced,entered,60,0.024,0.024,0.024,2.0,-1.4524,3.4524,3.4284
2023-24,PASS,10,balanced,left,33,0.0,0.0,0.0,1.0,-0.8952,1.8952,1.8952
2023-24,PASS,10,balanced,left,355,-0.116,-0.116,-0.116,16.0,11.8692,4.1308,4.2468
2023-24,PASS,10,balanced,left,178,0.0396,0.0396,0.0396,6.0,4.2048,1.7952,1.7556
2023-24,PASS,10,balanced,left,275,-0.0228,-0.0228,-0.0228,3.0,-0.592,3.592,3.6148
2023-24,PASS,10,balanced,left,471,0.0,0.0,0.0,0.0,-1.918,1.918,1.918
2023-24,PASS,10,balanced,left,88,-0.026,0.0,-0.026,0.0,-3.1452,3.1452,3.1712
2023-24,PASS,10,safe,entered,557,0.4552,0.2717,0.4552,7.0,3.6524,3.3476,2.8924
2023-24,PASS,10,safe,entered,528,0.1116,0.0842,0.1116,2.0,-0.8224,2.8224,2.7108
2023-24,PASS,10,safe,entered,275,-0.0228,0.0027,-0.0228,3.0,-0.592,3.592,3.6148
2023-24,PASS,10,safe,entered,307,0.3856,0.284,0.3856,0.0,-3.2136,3.2136,2.828
2023-24,PASS,10,safe,entered,119,0.2212,0.1163,0.2212,2.0,-1.2708,3.2708,3.0496
2023-24,PASS,10,safe,left,321,0.0,0.0,0.0,0.0,-2.614,2.614,2.614
2023-24,PASS,10,safe,left,43,-0.0052,-0.0102,-0.0052,7.0,3.8656,3.1344,3.1396
2023-24,PASS,10,safe,left,178,0.0396,0.0362,0.0396,6.0,4.2048,1.7952,1.7556
2023-24,PASS,10,safe,left,569,0.0068,0.0106,0.0068,1.0,-2.6396,3.6396,3.6328
2023-24,PASS,10,safe,left,60,0.024,-0.0048,0.024,2.0,-1.4524,3.4524,3.4284
2023-24,PASS,11,balanced,entered,361,0.0024,0.0024,0.0024,0.0,-2.7456,2.7456,2.7432
2023-24,PASS,11,balanced,entered,362,0.0,0.0,0.0,12.0,9.14,2.86,2.86
2023-24,PASS,11,balanced,entered,430,0.2432,0.2432,0.2432,9.0,5.5248,3.4752,3.232
2023-24,PASS,11,balanced,entered,245,0.5884,0.5884,0.5884,1.0,-1.814,2.814,2.2256
2023-24,PASS,11,balanced,entered,246,0.5288,0.5288,0.5288,2.0,-1.42,3.42,2.8912
2023-24,PASS,11,balanced,entered,506,0.4852,0.4852,0.4852,0.0,-3.2776,3.2776,2.7924
2023-24,PASS,11,balanced,left,33,0.0,0.0,0.0,9.0,6.9468,2.0532,2.0532
2023-24,PASS,11,balanced,left,482,0.0,0.0,0.0,2.0,-1.7396,3.7396,3.7396
2023-24,PASS,11,balanced,left,265,0.0648,0.0648,0.0648,1.0,-1.8628,2.8628,2.798
2023-24,PASS,11,balanced,left,112,0.0964,0.0964,0.0964,1.0,-1.9392,2.9392,2.8428
2023-24,PASS,11,balanced,left,504,0.0,0.0,0.0,1.0,-2.56,3.56,3.56
2023-24,PASS,11,balanced,left,511,0.07,0.07,0.07,-4.0,-6.9512,2.9512,2.8812
2023-24,PASS,11,safe,entered,513,0.0,0.0,0.0,4.0,1.6888,2.3112,2.3112
2023-24,PASS,11,safe,entered,361,0.0024,0.0269,0.0024,0.0,-2.7456,2.7456,2.7432
2023-24,PASS,11,safe,entered,430,0.2432,0.1899,0.2432,9.0,5.5248,3.4752,3.232
2023-24,PASS,11,safe,entered,246,0.5288,0.343,0.5288,2.0,-1.42,3.42,2.8912
2023-24,PASS,11,safe,entered,506,0.4852,0.2698,0.4852,0.0,-3.2776,3.2776,2.7924
2023-24,PASS,11,safe,left,33,0.0,0.0,0.0,9.0,6.9468,2.0532,2.0532
2023-24,PASS,11,safe,left,482,0.0,0.0,0.0,2.0,-1.7396,3.7396,3.7396
2023-24,PASS,11,safe,left,112,0.0964,0.057,0.0964,1.0,-1.9392,2.9392,2.8428
2023-24,PASS,11,safe,left,504,0.0,0.0,0.0,1.0,-2.56,3.56,3.56
2023-24,PASS,11,safe,left,511,0.07,0.0399,0.07,-4.0,-6.9512,2.9512,2.8812
2023-24,PASS,12,balanced,entered,516,0.236,0.236,0.236,2.0,-2.0164,4.0164,3.7804
2023-24,PASS,12,balanced,entered,245,0.432,0.432,0.432,1.0,-1.304,2.304,1.872
2023-24,PASS,12,balanced,entered,430,0.1804,0.1804,0.1804,1.0,-2.1064,3.1064,2.926
2023-24,PASS,12,balanced,entered,60,0.0572,0.0572,0.0572,6.0,2.3632,3.6368,3.5796
2023-24,PASS,12,balanced,left,362,0.0,0.0,0.0,6.0,2.7496,3.2504,3.2504
2023-24,PASS,12,balanced,left,355,-0.176,-0.176,-0.176,16.0,11.7468,4.2532,4.4292
2023-24,PASS,12,balanced,left,29,-0.0576,-0.0576,-0.0576,0.0,-2.9016,2.9016,2.9592
2023-24,PASS,12,balanced,left,703,0.0,0.0,0.0,0.0,-2.1808,2.1808,2.1808
2023-24,PASS,12,safe,entered,393,0.0,0.0,0.0,2.0,0.1132,1.8868,1.8868
2023-24,PASS,12,safe,entered,430,0.1804,0.1204,0.1804,1.0,-2.1064,3.1064,2.926
2023-24,PASS,12,safe,entered,703,0.0,0.0,0.0,0.0,-2.1808,2.1808,2.1808
2023-24,PASS,12,safe,left,544,-0.0316,-0.0324,-0.0316,1.0,-1.6292,2.6292,2.6608
2023-24,PASS,12,safe,left,584,0.0,0.0,0.0,2.0,-0.6108,2.6108,2.6108
2023-24,PASS,12,safe,left,29,-0.0576,-0.0215,-0.0576,0.0,-2.9016,2.9016,2.9592
2023-24,PASS,13,balanced,entered,249,0.0716,0.0716,0.0716,1.0,-2.0992,3.0992,3.0276
2023-24,PASS,13,balanced,entered,506,0.3784,0.3784,0.3784,5.0,1.6864,3.3136,2.9352
2023-24,PASS,13,balanced,entered,246,0.454,0.454,0.454,2.0,-1.25,3.25,2.796
2023-24,PASS,13,balanced,left,321,0.0,0.0,0.0,2.0,-0.78,2.78,2.78
2023-24,PASS,13,balanced,left,362,0.0,0.0,0.0,2.0,-1.0456,3.0456,3.0456
2023-24,PASS,13,balanced,left,343,0.124,0.124,0.124,2.0,-1.5016,3.5016,3.3776
2023-24,PASS,13,safe,entered,360,0.0,0.0,0.0,2.0,-0.0036,2.0036,2.0036
2023-24,PASS,13,safe,entered,28,0.0,0.0,0.0,0.0,-3.088,3.088,3.088
2023-24,PASS,13,safe,entered,246,0.454,0.2773,0.454,2.0,-1.25,3.25,2.796
2023-24,PASS,13,safe,left,33,0.0,0.0,0.0,2.0,-0.2012,2.2012,2.2012
2023-24,PASS,13,safe,left,482,0.0,0.0,0.0,3.0,-0.7512,3.7512,3.7512
2023-24,PASS,13,safe,left,362,0.0,0.0,0.0,2.0,-1.0456,3.0456,3.0456
2023-24,PASS,14,balanced,entered,393,0.0,0.0,0.0,1.0,-1.1124,2.1124,2.1124
2023-24,PASS,14,balanced,entered,178,0.0056,0.0056,0.0056,10.0,7.9116,2.0884,2.0828
2023-24,PASS,14,balanced,entered,524,-0.0196,-0.0196,-0.0196,2.0,-1.4064,3.4064,3.426
2023-24,PASS,14,balanced,entered,293,0.3652,0.3652,0.3652,2.0,-1.7256,3.7256,3.3604
2023-24,PASS,14,balanced,left,465,-0.0092,-0.0092,-0.0092,2.0,-0.6972,2.6972,2.7064
2023-24,PASS,14,balanced,left,211,0.0,0.0,0.0,5.0,1.6832,3.3168,3.3168
2023-24,PASS,14,balanced,left,28,0.0,0.0,0.0,0.0,-3.0596,3.0596,3.0596
2023-24,PASS,14,balanced,left,173,0.0,0.0,0.0,8.0,5.4984,2.5016,2.5016
2023-24,PASS,14,safe,entered,344,0.2144,0.1392,0.2144,2.0,-1.326,3.326,3.1116
2023-24,PASS,14,safe,entered,33,0.0,0.0,0.0,1.0,-1.0856,2.0856,2.0856
2023-24,PASS,14,safe,entered,178,0.0056,0.0101,0.0056,10.0,7.9116,2.0884,2.0828
2023-24,PASS,14,safe,entered,293,0.3652,0.2317,0.3652,2.0,-1.7256,3.7256,3.3604
2023-24,PASS,14,safe,left,465,-0.0092,0.0088,-0.0092,2.0,-0.6972,2.6972,2.7064
2023-24,PASS,14,safe,left,85,-0.0336,-0.0178,-0.0336,6.0,2.822,3.178,3.2116
2023-24,PASS,14,safe,left,343,0.1244,0.0657,0.1244,5.0,1.5416,3.4584,3.334
2023-24,PASS,14,safe,left,231,0.0,0.0,0.0,2.0,-0.1624,2.1624,2.1624
2023-24,PASS,15,balanced,entered,225,0.102,0.102,0.102,1.0,-2.1716,3.1716,3.0696
2023-24,PASS,15,balanced,entered,482,0.0,0.0,0.0,3.0,-0.8304,3.8304,3.8304
2023-24,PASS,15,balanced,entered,245,0.3648,0.3648,0.3648,6.0,3.1188,2.8812,2.5164
2023-24,PASS,15,balanced,entered,382,1.1452,1.1452,1.1452,4.0,0.6584,3.3416,2.1964
2023-24,PASS,15,balanced,left,33,0.0,0.0,0.0,2.0,-0.15,2.15,2.15
2023-24,PASS,15,balanced,left,43,-0.0252,-0.0252,-0.0252,3.0,-0.2164,3.2164,3.2416
2023-24,PASS,15,balanced,left,361,-0.0176,0.0,-0.0176,0.0,-2.3856,2.3856,2.4032
2023-24,PASS,15,balanced,left,377,-0.0284,-0.0284,-0.0284,1.0,-1.8268,2.8268,2.8552
2023-24,PASS,15,safe,entered,482,0.0,0.0,0.0,3.0,-0.8304,3.8304,3.8304
2023-24,PASS,15,safe,entered,506,0.246,0.1675,0.246,5.0,1.7468,3.2532,3.0072
2023-24,PASS,15,safe,entered,245,0.3648,0.1549,0.3648,6.0,3.1188,2.8812,2.5164
2023-24,PASS,15,safe,entered,382,1.1452,0.5605,1.1452,4.0,0.6584,3.3416,2.1964
2023-24,PASS,15,safe,left,27,0.0,0.0,0.0,2.0,-0.2256,2.2256,2.2256
2023-24,PASS,15,safe,left,361,-0.0176,0.0028,-0.0176,0.0,-2.3856,2.3856,2.4032
2023-24,PASS,15,safe,left,43,-0.0252,-0.0112,-0.0252,3.0,-0.2164,3.2164,3.2416
2023-24,PASS,15,safe,left,31,0.0372,-0.0359,0.0372,1.0,-1.86,2.86,2.8228
2023-24,PASS,16,balanced,entered,26,0.5396,0.5396,0.5396,1.0,-2.792,3.792,3.2524
2023-24,PASS,16,balanced,entered,27,0.0,0.0,0.0,5.0,2.838,2.162,2.162
2023-24,PASS,16,balanced,left,43,-0.0448,-0.0448,-0.0448,2.0,-1.3716,3.3716,3.4164
2023-24,PASS,16,balanced,left,220,-0.0104,-0.0104,-0.0104,0.0,-2.8932,2.8932,2.9036
2023-24,PASS,16,safe,entered,245,0.3852,0.1812,0.3852,5.0,2.1476,2.8524,2.4672
2023-24,PASS,16,safe,entered,26,0.5396,0.3384,0.5396,1.0,-2.792,3.792,3.2524
2023-24,PASS,16,safe,entered,524,0.0172,0.0249,0.0172,0.0,-2.956,2.956,2.9388
2023-24,PASS,16,safe,entered,557,0.2336,0.1266,0.2336,2.0,-1.502,3.502,3.2684
2023-24,PASS,16,safe,left,275,0.016,0.0041,0.016,9.0,5.2276,3.7724,3.7564
2023-24,PASS,16,safe,left,27,0.0,0.0,0.0,5.0,2.838,2.162,2.162
2023-24,PASS,16,safe,left,43,-0.0448,-0.0192,-0.0448,2.0,-1.3716,3.3716,3.4164
2023-24,PASS,16,safe,left,134,0.0004,0.0299,0.0004,7.0,3.7156,3.2844,3.284
2023-24,PASS,17,balanced,entered,238,0.2592,0.2592,0.2592,1.0,-1.168,2.168,1.9088
2023-24,PASS,17,balanced,left,178,-0.0236,-0.0236,-0.0236,0.0,-2.1484,2.1484,2.172
2023-24,PASS,17,safe,entered,344,0.056,0.0532,0.056,2.0,-1.3008,3.3008,3.2448
2023-24,PASS,17,safe,entered,27,0.0,0.0,0.0,1.0,-0.798,1.798,1.798
2023-24,PASS,17,safe,entered,238,0.2592,0.0739,0.2592,1.0,-1.168,2.168,1.9088
2023-24,PASS,17,safe,entered,311,0.2304,0.1599,0.2304,7.0,4.0332,2.9668,2.7364
2023-24,PASS,17,safe,left,112,0.0688,0.0111,0.0688,1.0,-1.9092,2.9092,2.8404
2023-24,PASS,17,safe,left,465,0.0212,0.0209,0.0212,0.0,-2.728,2.728,2.7068
2023-24,PASS,17,safe,left,178,-0.0236,0.0068,-0.0236,0.0,-2.1484,2.1484,2.172
2023-24,PASS,17,safe,left,664,0.0,0.0,0.0,3.0,-0.3136,3.3136,3.3136
2023-24,PASS,18,balanced,entered,557,0.1604,0.1604,0.1604,2.0,-1.3952,3.3952,3.2348
2023-24,PASS,18,balanced,entered,590,0.006,0.006,0.006,1.0,-1.776,2.776,2.77
2023-24,PASS,18,balanced,entered,31,0.076,0.076,0.076,2.0,-0.8716,2.8716,2.7956
2023-24,PASS,18,balanced,left,465,-0.0116,-0.0116,-0.0116,1.0,-1.6484,2.6484,2.66
2023-24,PASS,18,balanced,left,362,0.0,0.0,0.0,1.0,-2.3076,3.3076,3.3076
2023-24,PASS,18,balanced,left,211,0.0,0.0,0.0,1.0,-2.0576,3.0576,3.0576
2023-24,PASS,19,balanced,entered,290,0.1528,0.1528,0.1528,8.0,4.6816,3.3184,3.1656
2023-24,PASS,19,balanced,entered,134,0.054,0.054,0.054,2.0,-1.522,3.522,3.468
2023-24,PASS,19,balanced,entered,77,0.004,0.004,0.004,9.0,5.4496,3.5504,3.5464
2023-24,PASS,19,balanced,entered,245,0.2784,0.2784,0.2784,0.0,-2.7084,2.7084,2.43
2023-24,PASS,19,balanced,entered,246,0.3684,0.3684,0.3684,1.0,-2.406,3.406,3.0376
2023-24,PASS,19,balanced,left,385,0.0,0.0,0.0,1.0,-2.482,3.482,3.482
2023-24,PASS,19,balanced,left,265,-0.0272,-0.0272,-0.0272,1.0,-1.704,2.704,2.7312
2023-24,PASS,19,balanced,left,14,-0.084,-0.084,-0.084,2.0,-1.664,3.664,3.748
2023-24,PASS,19,balanced,left,211,0.0,0.0,0.0,2.0,-1.3944,3.3944,3.3944
2023-24,PASS,19,balanced,left,377,-0.0652,-0.0652,-0.0652,1.0,-1.7716,2.7716,2.8368
2023-24,PASS,19,safe,entered,290,0.1528,0.1159,0.1528,8.0,4.6816,3.3184,3.1656
2023-24,PASS,19,safe,entered,83,0.036,0.0212,0.036,6.0,3.248,2.752,2.716
2023-24,PASS,19,safe,entered,134,0.054,0.0393,0.054,2.0,-1.522,3.522,3.468
2023-24,PASS,19,safe,entered,246,0.3684,0.2445,0.3684,1.0,-2.406,3.406,3.0376
2023-24,PASS,19,safe,left,265,-0.0272,-0.0261,-0.0272,1.0,-1.704,2.704,2.7312
2023-24,PASS,19,safe,left,211,0.0,0.0,0.0,2.0,-1.3944,3.3944,3.3944
2023-24,PASS,19,safe,left,14,-0.084,-0.0512,-0.084,2.0,-1.664,3.664,3.748
2023-24,PASS,19,safe,left,377,-0.0652,-0.0259,-0.0652,1.0,-1.7716,2.7716,2.8368
2023-24,PASS,20,balanced,entered,232,0.3892,0.3892,0.3892,2.0,-0.9872,2.9872,2.598
2023-24,PASS,20,balanced,entered,191,0.328,0.328,0.328,0.0,-2.778,2.778,2.45
2023-24,PASS,20,balanced,entered,342,0.1872,0.1872,0.1872,6.0,2.8972,3.1028,2.9156
2023-24,PASS,20,balanced,entered,286,0.016,0.016,0.016,2.0,-0.5432,2.5432,2.5272
2023-24,PASS,20,balanced,left,33,0.0,0.0,0.0,1.0,-1.2308,2.2308,2.2308
2023-24,PASS,20,balanced,left,393,0.0,0.0,0.0,0.0,-2.3368,2.3368,2.3368
2023-24,PASS,20,balanced,left,238,0.266,0.266,0.266,2.0,-0.398,2.398,2.132
2023-24,PASS,20,balanced,left,313,0.028,0.028,0.028,1.0,-2.1176,3.1176,3.0896
2023-24,PASS,20,safe,entered,232,0.3892,0.2261,0.3892,2.0,-0.9872,2.9872,2.598
2023-24,PASS,20,safe,entered,191,0.328,0.1261,0.328,0.0,-2.778,2.778,2.45
2023-24,PASS,20,safe,entered,342,0.1872,0.0865,0.1872,6.0,2.8972,3.1028,2.9156
2023-24,PASS,20,safe,entered,286,0.016,0.0028,0.016,2.0,-0.5432,2.5432,2.5272
2023-24,PASS,20,safe,left,33,0.0,0.0,0.0,1.0,-1.2308,2.2308,2.2308
2023-24,PASS,20,safe,left,393,0.0,0.0,0.0,0.0,-2.3368,2.3368,2.3368
2023-24,PASS,20,safe,left,238,0.266,0.1022,0.266,2.0,-0.398,2.398,2.132
2023-24,PASS,20,safe,left,313,0.028,0.0152,0.028,1.0,-2.1176,3.1176,3.0896
2023-24,PASS,21,balanced,entered,236,0.2056,0.2056,0.2056,0.0,-3.5308,3.5308,3.3252
2023-24,PASS,21,balanced,entered,77,-0.0044,-0.0044,-0.0044,1.0,-2.4456,3.4456,3.45
2023-24,PASS,21,balanced,left,524,-0.0324,-0.0324,-0.0324,3.0,-0.3696,3.3696,3.402
2023-24,PASS,21,balanced,left,134,0.0524,0.0524,0.0524,3.0,-0.4944,3.4944,3.442
2023-24,PASS,21,safe,entered,83,0.042,0.029,0.042,0.0,-2.708,2.708,2.666
2023-24,PASS,21,safe,entered,77,-0.0044,-0.0197,-0.0044,1.0,-2.4456,3.4456,3.45
2023-24,PASS,21,safe,left,395,0.0296,-0.0115,0.0296,1.0,-1.698,2.698,2.6684
2023-24,PASS,21,safe,left,524,-0.0324,-0.0373,-0.0324,3.0,-0.3696,3.3696,3.402
2023-24,PASS,23,balanced,entered,382,0.5484,0.5484,0.5484,16.0,12.7224,3.2776,2.7292
2023-24,PASS,23,balanced,entered,31,0.098,0.098,0.098,1.0,-2.0844,3.0844,2.9864
2023-24,PASS,23,balanced,left,506,0.0,0.0,0.0,1.0,-2.0844,3.0844,3.0844
2023-24,PASS,23,balanced,left,107,-0.1404,-0.1404,-0.1404,1.0,-1.608,2.608,2.7484
2023-24,PASS,23,safe,entered,407,0.0924,0.0519,0.0924,-1.0,-3.8844,2.8844,2.792
2023-24,PASS,23,safe,left,112,0.0,0.0,0.0,1.0,-1.7848,2.7848,2.7848
2023-24,PASS,24,balanced,entered,321,0.0,0.0,0.0,1.0,-1.99,2.99,2.99
2023-24,PASS,24,balanced,entered,293,0.2384,0.2384,0.2384,6.0,1.7556,4.2444,4.006
2023-24,PASS,24,balanced,entered,294,0.6952,0.6952,0.6952,7.0,2.7276,4.2724,3.5772
2023-24,PASS,24,balanced,entered,43,0.0,0.0,0.0,10.0,6.5736,3.4264,3.4264
2023-24,PASS,24,balanced,entered,238,0.2224,0.2224,0.2224,1.0,-1.3572,2.3572,2.1348
2023-24,PASS,24,balanced,entered,28,0.0,0.0,0.0,0.0,-2.9692,2.9692,2.9692
2023-24,PASS,24,balanced,left,361,-0.0916,-0.0835,-0.0916,0.0,-2.9132,2.9132,3.0048
2023-24,PASS,24,balanced,left,526,0.0,0.0,0.0,2.0,-1.7232,3.7232,3.7232
2023-24,PASS,24,balanced,left,343,0.0,0.0,0.0,2.0,-2.024,4.024,4.024
2023-24,PASS,24,balanced,left,664,0.0,0.0,0.0,2.0,-1.504,3.504,3.504
2023-24,PASS,24,balanced,left,220,0.0,0.0,0.0,1.0,-2.0148,3.0148,3.0148
2023-24,PASS,24,balanced,left,286,-0.0168,-0.0168,-0.0168,0.0,-2.5228,2.5228,2.5396
2023-24,PASS,24,safe,entered,516,0.0476,0.0403,0.0476,4.0,0.0256,3.9744,3.9268
2023-24,PASS,24,safe,entered,293,0.2384,0.1667,0.2384,6.0,1.7556,4.2444,4.006
2023-24,PASS,24,safe,entered,294,0.6952,0.4388,0.6952,7.0,2.7276,4.2724,3.5772
2023-24,PASS,24,safe,entered,275,0.0,0.0,0.0,3.0,-0.5664,3.5664,3.5664
2023-24,PASS,24,safe,entered,342,0.076,0.005,0.076,11.0,8.0324,2.9676,2.8916
2023-24,PASS,24,safe,left,353,0.0552,0.0247,0.0552,3.0,-0.7116,3.7116,3.6564
2023-24,PASS,24,safe,left,355,-0.1152,-0.0963,-0.1152,13.0,8.1996,4.8004,4.9156
2023-24,PASS,24,safe,left,388,0.0,0.0,0.0,1.0,-1.0756,2.0756,2.0756
2023-24,PASS,24,safe,left,393,0.0,0.0,0.0,0.0,-2.2868,2.2868,2.2868
2023-24,PASS,24,safe,left,687,0.0,0.0,0.0,3.0,-0.378,3.378,3.378
2023-24,PASS,25,safe,entered,409,-0.026,0.0117,-0.026,2.0,-1.554,3.554,3.58
2023-24,PASS,25,safe,entered,114,0.1604,0.0858,0.1604,3.0,-1.5248,4.5248,4.3644
2023-24,PASS,25,safe,entered,591,0.0564,0.0211,0.0564,1.0,-2.2872,3.2872,3.2308
2023-24,PASS,25,safe,left,205,0.0,0.0,0.0,11.0,8.2156,2.7844,2.7844
2023-24,PASS,25,safe,left,101,0.0,0.0,0.0,6.0,0.0552,5.9448,5.9448
2023-24,PASS,25,safe,left,688,0.0,0.0,0.0,0.0,-2.6608,2.6608,2.6608
2023-24,PASS,29,balanced,entered,117,0.1532,0.1532,0.1532,1.0,-1.882,2.882,2.7288
2023-24,PASS,29,balanced,left,200,0.0,0.0,0.0,8.0,5.132,2.868,2.868
2023-24,PASS,31,balanced,entered,90,0.0876,0.0876,0.0876,6.0,3.2388,2.7612,2.6736
2023-24,PASS,31,balanced,left,114,0.0356,0.0356,0.0356,6.0,3.25,2.75,2.7144
2023-24,PASS,32,safe,entered,249,0.0,0.0,0.0,3.0,-0.5644,3.5644,3.5644
2023-24,PASS,32,safe,entered,220,0.0,0.0,0.0,0.0,-3.0996,3.0996,3.0996
2023-24,PASS,32,safe,entered,85,0.0,0.0,0.0,2.0,-1.9188,3.9188,3.9188
2023-24,PASS,32,safe,left,688,0.0,0.0,0.0,2.0,-1.0424,3.0424,3.0424
2023-24,PASS,32,safe,left,378,0.0,0.0,0.0,6.0,2.6552,3.3448,3.3448
2023-24,PASS,32,safe,left,415,0.0196,-0.0227,0.0196,2.0,-2.1788,4.1788,4.1592
2023-24,PASS,36,safe,entered,369,0.0,0.0,0.0,2.0,-1.1736,3.1736,3.1736
2023-24,PASS,36,safe,entered,194,0.2248,0.0701,0.2248,6.0,3.1672,2.8328,2.608
2023-24,PASS,36,safe,entered,524,0.0,0.0,0.0,3.0,-0.368,3.368,3.368
2023-24,PASS,36,safe,entered,6,0.0,0.0,0.0,5.0,0.5012,4.4988,4.4988
2023-24,PASS,36,safe,left,361,-0.1652,-0.1564,-0.1652,0.0,-3.1948,3.1948,3.36
2023-24,PASS,36,safe,left,29,0.0,0.0,0.0,6.0,2.7624,3.2376,3.2376
2023-24,PASS,36,safe,left,238,0.0,0.0,0.0,11.0,8.6872,2.3128,2.3128
2023-24,PASS,36,safe,left,303,0.0,0.0,0.0,2.0,-2.4776,4.4776,4.4776
2023-24,PASS,38,safe,entered,403,0.2964,0.1367,0.2964,1.0,-1.4824,2.4824,2.186
2023-24,PASS,38,safe,entered,524,0.0,0.0,0.0,4.0,0.71,3.29,3.29
2023-24,PASS,38,safe,entered,805,0.0,0.0,0.0,0.0,-2.5772,2.5772,2.5772
2023-24,PASS,38,safe,entered,211,0.0,0.0,0.0,2.0,-2.3412,4.3412,4.3412
2023-24,PASS,38,safe,left,321,0.0,0.0,0.0,5.0,1.9716,3.0284,3.0284
2023-24,PASS,38,safe,left,108,0.0,0.0,0.0,2.0,-2.5644,4.5644,4.5644
2023-24,PASS,38,safe,left,148,-0.064,-0.0521,-0.064,1.0,-2.1468,3.1468,3.2108
2023-24,PASS,38,safe,left,279,0.0,0.0,0.0,1.0,-2.196,3.196,3.196
2024-25,PASS,1,balanced,entered,129,0.9368,0.9368,0.9368,2.0,-0.5132,2.5132,1.5764
2024-25,PASS,1,balanced,entered,303,0.14,0.14,0.14,0.0,-0.6808,0.6808,0.5408
2024-25,PASS,1,balanced,entered,495,0.4924,0.4924,0.4924,9.0,7.0656,1.9344,1.442
2024-25,PASS,1,balanced,entered,23,1.142,1.142,1.142,1.0,-2.79,3.79,2.648
2024-25,PASS,1,balanced,entered,317,1.3312,1.3312,1.3312,8.0,4.1824,3.8176,2.4864
2024-25,PASS,1,balanced,left,3,0.15,0.15,0.15,6.0,4.074,1.926,1.776
2024-25,PASS,1,balanced,left,754,0.0,0.0,0.0,0.0,-0.534,0.534,0.534
2024-25,PASS,1,balanced,left,658,0.0,0.0,0.0,0.0,-0.592,0.592,0.592
2024-25,PASS,1,balanced,left,503,0.3992,0.3992,0.3992,2.0,-1.8968,3.8968,3.4976
2024-25,PASS,1,balanced,left,58,0.0864,0.0864,0.0864,2.0,-0.9456,2.9456,2.8592
2024-25,PASS,1,safe,entered,129,0.9368,0.4298,0.9368,2.0,-0.5132,2.5132,1.5764
2024-25,PASS,1,safe,entered,418,0.3464,0.1829,0.3464,0.0,-2.156,2.156,1.8096
2024-25,PASS,1,safe,entered,495,0.4924,0.2268,0.4924,9.0,7.0656,1.9344,1.442
2024-25,PASS,1,safe,entered,23,1.142,0.6539,1.142,1.0,-2.79,3.79,2.648
2024-25,PASS,1,safe,entered,317,1.3312,0.7711,1.3312,8.0,4.1824,3.8176,2.4864
2024-25,PASS,1,safe,left,578,0.0,0.0,0.0,0.0,-1.7468,1.7468,1.7468
2024-25,PASS,1,safe,left,3,0.15,0.0118,0.15,6.0,4.074,1.926,1.776
2024-25,PASS,1,safe,left,754,0.0,0.0,0.0,0.0,-0.534,0.534,0.534
2024-25,PASS,1,safe,left,503,0.3992,0.2181,0.3992,2.0,-1.8968,3.8968,3.4976
2024-25,PASS,1,safe,left,58,0.0864,0.0333,0.0864,2.0,-0.9456,2.9456,2.8592
2024-25,PASS,2,balanced,entered,743,0.0,0.0,0.0,0.0,-0.4848,0.4848,0.4848
2024-25,PASS,2,balanced,entered,715,0.0,0.0,0.0,0.0,-0.8536,0.8536,0.8536
2024-25,PASS,2,balanced,entered,207,0.3892,0.3892,0.3892,2.0,-1.2592,3.2592,2.87
2024-25,PASS,2,balanced,entered,317,1.384,1.384,1.384,6.0,1.7116,4.2884,2.9044
2024-25,PASS,2,balanced,entered,445,0.0,0.0,0.0,0.0,-3.0332,3.0332,3.0332
2024-25,PASS,2,balanced,left,322,0.0052,0.0052,0.0052,0.0,-2.3896,2.3896,2.3844
2024-25,PASS,2,balanced,left,360,0.0,0.0,0.0,0.0,-3.5016,3.5016,3.5016
2024-25,PASS,2,balanced,left,751,0.0,0.0,0.0,0.0,-0.492,0.492,0.492
2024-25,PASS,2,balanced,left,375,0.0,0.0,0.0,0.0,-2.9424,2.9424,2.9424
2024-25,PASS,2,balanced,left,91,-0.0412,-0.0412,-0.0412,3.0,-0.3756,3.3756,3.4168
2024-25,PASS,2,safe,entered,129,1.0872,0.5182,1.0872,8.0,5.2256,2.7744,1.6872
2024-25,PASS,2,safe,entered,445,0.0,0.0,0.0,0.0,-3.0332,3.0332,3.0332
2024-25,PASS,2,safe,entered,311,0.6356,0.4077,0.6356,6.0,2.5208,3.4792,2.8436
2024-25,PASS,2,safe,left,322,0.0052,0.0178,0.0052,0.0,-2.3896,2.3896,2.3844
2024-25,PASS,2,safe,left,51,-0.0612,-0.0415,-0.0612,0.0,-3.396,3.396,3.4572
2024-25,PASS,2,safe,left,375,0.0,0.0,0.0,0.0,-2.9424,2.9424,2.9424
2024-25,PASS,3,balanced,entered,418,0.3396,0.3396,0.3396,0.0,-2.044,2.044,1.7044
2024-25,PASS,3,balanced,entered,401,0.8988,0.8988,0.8988,9.0,5.5044,3.4956,2.5968
2024-25,PASS,3,balanced,entered,306,0.898,0.898,0.898,1.0,-1.592,2.592,1.694
2024-25,PASS,3,balanced,entered,122,-0.0844,-0.0844,-0.0844,1.0,-0.7424,1.7424,1.8268
2024-25,PASS,3,balanced,entered,317,1.0928,1.0928,1.0928,3.0,-0.7612,3.7612,2.6684
2024-25,PASS,3,balanced,left,743,0.0,0.0,0.0,0.0,-0.498,0.498,0.498
2024-25,PASS,3,balanced,left,715,0.0,0.0,0.0,0.0,-0.992,0.992,0.992
2024-25,PASS,3,balanced,left,630,0.0,0.0,0.0,0.0,-0.9124,0.9124,0.9124
2024-25,PASS,3,balanced,left,58,0.1028,0.1028,0.1028,5.0,2.0568,2.9432,2.8404
2024-25,PASS,3,balanced,left,351,0.018,0.018,0.018,17.0,12.9184,4.0816,4.0636
2024-25,PASS,3,safe,entered,401,0.8988,0.5483,0.8988,9.0,5.5044,3.4956,2.5968
2024-25,PASS,3,safe,entered,754,0.0,0.0,0.0,0.0,-0.4924,0.4924,0.4924
2024-25,PASS,3,safe,entered,366,0.3476,0.2363,0.3476,2.0,-2.148,4.148,3.8004
2024-25,PASS,3,safe,entered,159,0.0744,0.0164,0.0744,0.0,-1.0604,1.0604,0.986
2024-25,PASS,3,safe,left,360,0.0,0.0,0.0,0.0,-3.1628,3.1628,3.1628
2024-25,PASS,3,safe,left,122,-0.0844,-0.057,-0.0844,1.0,-0.7424,1.7424,1.8268
2024-25,PASS,3,safe,left,123,0.0,0.0,0.0,0.0,-1.8112,1.8112,1.8112
2024-25,PASS,3,safe,left,223,0.0,0.0,0.0,0.0,-2.6232,2.6232,2.6232
2024-25,PASS,4,balanced,entered,321,0.8304,0.8304,0.8304,1.0,-2.2432,3.2432,2.4128
2024-25,PASS,4,balanced,entered,491,0.8276,0.8276,0.8276,2.0,-0.5296,2.5296,1.702
2024-25,PASS,4,balanced,entered,316,1.3088,1.3088,1.3088,1.0,-2.7544,3.7544,2.4456
2024-25,PASS,4,balanced,entered,495,0.2296,0.2296,0.2296,2.0,0.6092,1.3908,1.1612
2024-25,PASS,4,balanced,left,82,0.0,0.0,0.0,2.0,-0.4124,2.4124,2.4124
2024-25,PASS,4,balanced,left,755,0.0,0.0,0.0,0.0,-2.4656,2.4656,2.4656
2024-25,PASS,4,balanced,left,636,0.0,0.0,0.0,0.0,-2.65,2.65,2.65
2024-25,PASS,4,balanced,left,311,0.3188,0.3188,0.3188,1.0,-0.562,1.562,1.2432
2024-25,PASS,4,safe,entered,321,0.8304,0.5094,0.8304,1.0,-2.2432,3.2432,2.4128
2024-25,PASS,4,safe,left,755,0.0,0.0,0.0,0.0,-2.4656,2.4656,2.4656
2024-25,PASS,5,balanced,entered,291,0.0568,0.0568,0.0568,2.0,-0.3,2.3,2.2432
2024-25,PASS,5,balanced,entered,491,1.2456,1.2456,1.2456,7.0,3.224,3.776,2.5304
2024-25,PASS,5,balanced,entered,495,0.5536,0.5536,0.5536,2.0,-0.9608,2.9608,2.4072
2024-25,PASS,5,balanced,entered,182,0.866,0.866,0.866,8.0,3.6728,4.3272,3.4612
2024-25,PASS,5,balanced,entered,317,1.0992,1.0992,1.0992,0.0,-4.094,4.094,2.9948
2024-25,PASS,5,balanced,entered,447,0.786,0.786,0.786,8.0,4.7544,3.2456,2.4596
2024-25,PASS,5,balanced,left,326,0.0204,0.0204,0.0204,8.0,5.5136,2.4864,2.466
2024-25,PASS,5,balanced,left,366,0.2664,0.2664,0.2664,3.0,-0.6496,3.6496,3.3832
2024-25,PASS,5,balanced,left,207,0.4148,0.4148,0.4148,1.0,-2.234,3.234,2.8192
2024-25,PASS,5,balanced,left,527,0.3268,0.3268,0.3268,2.0,-1.2364,3.2364,2.9096
2024-25,PASS,5,balanced,left,472,-0.1184,-0.1184,-0.1184,0.0,-2.1384,2.1384,2.2568
2024-25,PASS,5,balanced,left,345,0.3984,0.3984,0.3984,0.0,-3.9764,3.9764,3.578
2024-25,PASS,5,safe,entered,291,0.0568,0.0065,0.0568,2.0,-0.3,2.3,2.2432
2024-25,PASS,5,safe,entered,36,0.262,0.1903,0.262,1.0,-1.6452,2.6452,2.3832
2024-25,PASS,5,safe,entered,491,1.2456,0.7038,1.2456,7.0,3.224,3.776,2.5304
2024-25,PASS,5,safe,entered,495,0.5536,0.3139,0.5536,2.0,-0.9608,2.9608,2.4072
2024-25,PASS,5,safe,entered,182,0.866,0.5117,0.866,8.0,3.6728,4.3272,3.4612
2024-25,PASS,5,safe,entered,317,1.0992,0.6292,1.0992,0.0,-4.094,4.094,2.9948
2024-25,PASS,5,safe,entered,447,0.786,0.4917,0.786,8.0,4.7544,3.2456,2.4596
2024-25,PASS,5,safe,left,326,0.0204,0.0177,0.0204,8.0,5.5136,2.4864,2.466
2024-25,PASS,5,safe,left,366,0.2664,0.167,0.2664,3.0,-0.6496,3.6496,3.3832
2024-25,PASS,5,safe,left,207,0.4148,0.2418,0.4148,1.0,-2.234,3.234,2.8192
2024-25,PASS,5,safe,left,527,0.3268,0.1909,0.3268,2.0,-1.2364,3.2364,2.9096
2024-25,PASS,5,safe,left,472,-0.1184,-0.0499,-0.1184,0.0,-2.1384,2.1384,2.2568
2024-25,PASS,5,safe,left,345,0.3984,0.2303,0.3984,0.0,-3.9764,3.9764,3.578
2024-25,PASS,5,safe,left,255,-0.02,0.0025,-0.02,2.0,-0.3432,2.3432,2.3632
2024-25,PASS,6,balanced,entered,228,0.3236,0.3236,0.3236,0.0,-2.5216,2.5216,2.198
2024-25,PASS,6,balanced,entered,71,0.6084,0.6084,0.6084,1.0,-2.3688,3.3688,2.7604
2024-25,PASS,6,balanced,entered,396,0.0,0.0,0.0,0.0,-3.4148,3.4148,3.4148
2024-25,PASS,6,balanced,entered,239,1.0016,1.0016,1.0016,3.0,-0.2284,3.2284,2.2268
2024-25,PASS,6,balanced,entered,533,0.3164,0.3164,0.3164,9.0,6.2644,2.7356,2.4192
2024-25,PASS,6,balanced,entered,447,0.8136,0.8136,0.8136,2.0,-1.6708,3.6708,2.8572
2024-25,PASS,6,balanced,left,742,0.0,0.0,0.0,0.0,-0.4924,0.4924,0.4924
2024-25,PASS,6,balanced,left,199,0.304,0.304,0.304,2.0,-1.3488,3.3488,3.0448
2024-25,PASS,6,balanced,left,282,0.0,0.0,0.0,0.0,-2.222,2.222,2.222
2024-25,PASS,6,balanced,left,88,0.1356,0.1356,0.1356,2.0,-0.632,2.632,2.4964
2024-25,PASS,6,balanced,left,58,0.056,0.056,0.056,11.0,7.9272,3.0728,3.0168
2024-25,PASS,6,balanced,left,91,-0.0144,-0.0144,-0.0144,2.0,-1.7236,3.7236,3.738
2024-25,PASS,6,safe,entered,396,0.0,0.0,0.0,0.0,-3.4148,3.4148,3.4148
2024-25,PASS,6,safe,entered,239,1.0016,0.516,1.0016,3.0,-0.2284,3.2284,2.2268
2024-25,PASS,6,safe,entered,228,0.3236,0.168,0.3236,0.0,-2.5216,2.5216,2.198
2024-25,PASS,6,safe,entered,447,0.8136,0.5125,0.8136,2.0,-1.6708,3.6708,2.8572
2024-25,PASS,6,safe,left,436,0.1016,-0.0036,0.1016,1.0,-1.5456,2.5456,2.444
2024-25,PASS,6,safe,left,748,0.0,0.0,0.0,0.0,-0.4788,0.4788,0.4788
2024-25,PASS,6,safe,left,58,0.056,0.0223,0.056,11.0,7.9272,3.0728,3.0168
2024-25,PASS,6,safe,left,15,-0.0212,-0.0177,-0.0212,1.0,-3.1964,4.1964,4.2176
2024-25,PASS,7,balanced,entered,228,0.3728,0.3728,0.3728,6.0,3.4648,2.5352,2.1624
2024-25,PASS,7,balanced,entered,328,0.4832,0.4832,0.4832,3.0,-1.7672,4.7672,4.284
2024-25,PASS,7,balanced,entered,301,0.0,0.0,0.0,7.0,4.7676,2.2324,2.2324
2024-25,PASS,7,balanced,entered,306,0.9052,0.9052,0.9052,2.0,-1.3552,3.3552,2.45
2024-25,PASS,7,balanced,entered,445,0.0,0.0,0.0,0.0,-2.9784,2.9784,2.9784
2024-25,PASS,7,balanced,left,99,0.2548,0.2548,0.2548,8.0,4.1868,3.8132,3.5584
2024-25,PASS,7,balanced,left,291,0.0604,0.0604,0.0604,6.0,3.7052,2.2948,2.2344
2024-25,PASS,7,balanced,left,522,0.0,0.0,0.0,0.0,-3.62,3.62,3.62
2024-25,PASS,7,balanced,left,369,0.0524,0.0524,0.0524,6.0,3.3464,2.6536,2.6012
2024-25,PASS,7,balanced,left,58,0.0816,0.0816,0.0816,2.0,-1.59,3.59,3.5084
2024-25,PASS,7,safe,entered,328,0.4832,0.292,0.4832,3.0,-1.7672,4.7672,4.284
2024-25,PASS,7,safe,entered,306,0.9052,0.5576,0.9052,2.0,-1.3552,3.3552,2.45
2024-25,PASS,7,safe,entered,228,0.3728,0.1937,0.3728,6.0,3.4648,2.5352,2.1624
2024-25,PASS,7,safe,entered,15,-0.0104,-0.0046,-0.0104,2.0,-1.9968,3.9968,4.0072
2024-25,PASS,7,safe,left,17,0.1176,0.0583,0.1176,16.0,11.712,4.288,4.1704
2024-25,PASS,7,safe,left,522,0.0,0.0,0.0,0.0,-3.62,3.62,3.62
2024-25,PASS,7,safe,left,58,0.0816,0.0416,0.0816,2.0,-1.59,3.59,3.5084
2024-25,PASS,7,safe,left,301,0.0,0.0,0.0,7.0,4.7676,2.2324,2.2324
2024-25,PASS,8,balanced,entered,491,1.1004,1.1004,1.1004,2.0,-2.1168,4.1168,3.0164
2024-25,PASS,8,balanced,entered,239,1.004,1.004,1.004,2.0,-1.7904,3.7904,2.7864
2024-25,PASS,8,balanced,entered,495,0.4404,0.4404,0.4404,2.0,-1.0556,3.0556,2.6152
2024-25,PASS,8,balanced,entered,316,1.2088,1.2088,1.2088,1.0,-2.6212,3.6212,2.4124
2024-25,PASS,8,balanced,entered,447,0.7188,0.7188,0.7188,7.0,3.1948,3.8052,3.0864
2024-25,PASS,8,balanced,left,748,0.0,0.0,0.0,0.0,-0.5088,0.5088,0.5088
2024-25,PASS,8,balanced,left,17,0.0784,0.0784,0.0784,0.0,-3.8888,3.8888,3.8104
2024-25,PASS,8,balanced,left,58,0.092,0.092,0.092,8.0,4.5232,3.4768,3.3848
2024-25,PASS,8,balanced,left,541,0.2124,0.2124,0.2124,2.0,-1.3876,3.3876,3.1752
2024-25,PASS,8,balanced,left,191,0.0,0.0,0.0,-2.0,-4.584,2.584,2.584
2024-25,PASS,8,safe,entered,4,0.2624,0.1624,0.2624,2.0,-1.6572,3.6572,3.3948
2024-25,PASS,8,safe,entered,491,1.1004,0.6289,1.1004,2.0,-2.1168,4.1168,3.0164
2024-25,PASS,8,safe,entered,239,1.004,0.5874,1.004,2.0,-1.7904,3.7904,2.7864
2024-25,PASS,8,safe,entered,495,0.4404,0.2654,0.4404,2.0,-1.0556,3.0556,2.6152
2024-25,PASS,8,safe,entered,148,0.2468,0.1305,0.2468,9.0,5.776,3.224,2.9772
2024-25,PASS,8,safe,entered,310,0.0092,0.0038,0.0092,0.0,-3.6104,3.6104,3.6012
2024-25,PASS,8,safe,entered,182,0.6284,0.3907,0.6284,2.0,-2.5348,4.5348,3.9064
2024-25,PASS,8,safe,left,191,0.0,0.0,0.0,-2.0,-4.584,2.584,2.584
2024-25,PASS,8,safe,left,748,0.0,0.0,0.0,0.0,-0.5088,0.5088,0.5088
2024-25,PASS,8,safe,left,17,0.0784,0.049,0.0784,0.0,-3.8888,3.8888,3.8104
2024-25,PASS,8,safe,left,177,0.1844,0.098,0.1844,2.0,-1.4696,3.4696,3.2852
2024-25,PASS,8,safe,left,152,0.0,0.0,0.0,6.0,2.5112,3.4888,3.4888
2024-25,PASS,8,safe,left,541,0.2124,0.1108,0.2124,2.0,-1.3876,3.3876,3.1752
2024-25,PASS,8,safe,left,351,0.064,0.0003,0.064,2.0,-2.262,4.262,4.198
2024-25,PASS,9,balanced,entered,338,0.0,0.0,0.0,1.0,-1.2744,2.2744,2.2744
2024-25,PASS,9,balanced,entered,36,0.162,0.162,0.162,7.0,4.124,2.876,2.714
2024-25,PASS,9,balanced,left,88,0.0268,0.0268,0.0268,1.0,-1.7672,2.7672,2.7404
2024-25,PASS,9,balanced,left,291,0.0492,0.0492,0.0492,1.0,-1.4588,2.4588,2.4096
2024-25,PASS,9,safe,entered,522,0.0,0.0,0.0,0.0,-3.6104,3.6104,3.6104
2024-25,PASS,9,safe,left,91,-0.0352,-0.0296,-0.0352,1.0,-2.5836,3.5836,3.6188
2024-25,PASS,10,balanced,entered,422,0.0264,0.0264,0.0264,15.0,12.2368,2.7632,2.7368
2024-25,PASS,10,balanced,entered,491,0.8904,0.8904,0.8904,8.0,3.958,4.042,3.1516
2024-25,PASS,10,balanced,entered,396,0.0,0.0,0.0,0.0,-3.384,3.384,3.384
2024-25,PASS,10,balanced,entered,495,0.3984,0.3984,0.3984,1.0,-2.0552,3.0552,2.6568
2024-25,PASS,10,balanced,entered,239,0.98,0.98,0.98,4.0,0.2484,3.7516,2.7716
2024-25,PASS,10,balanced,entered,447,0.6372,0.6372,0.6372,7.0,3.1864,3.8136,3.1764
2024-25,PASS,10,balanced,left,99,0.132,0.132,0.132,3.0,-0.694,3.694,3.562
2024-25,PASS,10,balanced,left,14,0.0,0.0,0.0,9.0,5.5812,3.4188,3.4188
2024-25,PASS,10,balanced,left,338,0.0,0.0,0.0,1.0,-1.0988,2.0988,2.0988
2024-25,PASS,10,balanced,left,148,0.2764,0.2764,0.2764,5.0,1.5564,3.4436,3.1672
2024-25,PASS,10,balanced,left,372,0.6404,0.6404,0.6404,2.0,-1.78,3.78,3.1396
2024-25,PASS,10,balanced,left,630,0.0,0.0,0.0,2.0,-0.3824,2.3824,2.3824
2024-25,PASS,10,safe,entered,495,0.3984,0.2427,0.3984,1.0,-2.0552,3.0552,2.6568
2024-25,PASS,10,safe,entered,239,0.98,0.6016,0.98,4.0,0.2484,3.7516,2.7716
2024-25,PASS,10,safe,entered,491,0.8904,0.5439,0.8904,8.0,3.958,4.042,3.1516
2024-25,PASS,10,safe,entered,447,0.6372,0.3759,0.6372,7.0,3.1864,3.8136,3.1764
2024-25,PASS,10,safe,left,148,0.2764,0.1617,0.2764,5.0,1.5564,3.4436,3.1672
2024-25,PASS,10,safe,left,99,0.132,0.0472,0.132,3.0,-0.694,3.694,3.562
2024-25,PASS,10,safe,left,436,0.0764,0.0243,0.0764,6.0,3.376,2.624,2.5476
2024-25,PASS,10,safe,left,247,0.408,0.2321,0.408,2.0,-1.3036,3.3036,2.8956
2024-25,PASS,11,balanced,entered,491,0.7352,0.7352,0.7352,2.0,-1.9904,3.9904,3.2552
2024-25,PASS,11,balanced,entered,630,0.0,0.0,0.0,2.0,-0.0772,2.0772,2.0772
2024-25,PASS,11,balanced,entered,311,0.3528,0.3528,0.3528,1.0,-2.4848,3.4848,3.132
2024-25,PASS,11,balanced,left,520,0.1136,0.1136,0.1136,6.0,3.4448,2.5552,2.4416
2024-25,PASS,11,balanced,left,369,0.0216,0.0216,0.0216,1.0,-1.8628,2.8628,2.8412
2024-25,PASS,11,balanced,left,366,0.1328,0.1328,0.1328,17.0,13.3076,3.6924,3.5596
2024-25,PASS,11,safe,entered,491,0.7352,0.46,0.7352,2.0,-1.9904,3.9904,3.2552
2024-25,PASS,11,safe,entered,630,0.0,0.0,0.0,2.0,-0.0772,2.0772,2.0772
2024-25,PASS,11,safe,left,177,0.1788,0.0817,0.1788,1.0,-2.4324,3.4324,3.2536
2024-25,PASS,11,safe,left,388,0.0,0.0,0.0,6.0,3.6392,2.3608,2.3608
2024-25,PASS,12,balanced,entered,291,0.0164,0.0164,0.0164,0.0,-2.4832,2.4832,2.4668
2024-25,PASS,12,balanced,entered,247,0.3292,0.3292,0.3292,7.0,3.7868,3.2132,2.884
2024-25,PASS,12,balanced,left,19,0.0,0.0,0.0,1.0,-2.18,3.18,3.18
2024-25,PASS,12,balanced,left,263,0.0,0.0,0.0,2.0,-0.2572,2.2572,2.2572
2024-25,PASS,12,safe,entered,36,0.1488,0.1093,0.1488,1.0,-1.9524,2.9524,2.8036
2024-25,PASS,12,safe,left,255,-0.0564,-0.0284,-0.0564,0.0,-2.6812,2.6812,2.7376
2024-25,PASS,13,balanced,entered,159,0.206,0.206,0.206,2.0,-0.7264,2.7264,2.5204
2024-25,PASS,13,balanced,entered,350,0.0848,0.0848,0.0848,0.0,-2.934,2.934,2.8492
2024-25,PASS,13,balanced,entered,366,0.1332,0.1332,0.1332,9.0,5.1484,3.8516,3.7184
2024-25,PASS,13,balanced,entered,447,0.5008,0.5008,0.5008,9.0,5.2036,3.7964,3.2956
2024-25,PASS,13,balanced,left,369,0.0056,0.0056,0.0056,6.0,3.208,2.792,2.7864
2024-25,PASS,13,balanced,left,351,-0.0772,-0.0772,-0.0772,2.0,-2.3048,4.3048,4.382
2024-25,PASS,13,balanced,left,422,0.0292,0.0292,0.0292,8.0,5.2512,2.7488,2.7196
2024-25,PASS,13,balanced,left,750,0.0,0.0,0.0,0.0,-0.4824,0.4824,0.4824
2024-25,PASS,13,safe,entered,388,0.0,0.0,0.0,6.0,3.4276,2.5724,2.5724
2024-25,PASS,13,safe,entered,447,0.5008,0.2807,0.5008,9.0,5.2036,3.7964,3.2956
2024-25,PASS,13,safe,entered,491,0.6884,0.4421,0.6884,10.0,5.7504,4.2496,3.5612
2024-25,PASS,13,safe,entered,17,0.1452,0.1089,0.1452,18.0,14.134,3.866,3.7208
2024-25,PASS,13,safe,entered,159,0.206,0.073,0.206,2.0,-0.7264,2.7264,2.5204
2024-25,PASS,13,safe,left,743,0.0,0.0,0.0,0.0,-0.4688,0.4688,0.4688
2024-25,PASS,13,safe,left,263,0.0,0.0,0.0,2.0,0.0356,1.9644,1.9644
2024-25,PASS,13,safe,left,366,0.1332,0.068,0.1332,9.0,5.1484,3.8516,3.7184
2024-25,PASS,13,safe,left,591,0.0,0.0,0.0,0.0,-2.286,2.286,2.286
2024-25,PASS,13,safe,left,351,-0.0772,-0.0772,-0.0772,2.0,-2.3048,4.3048,4.382
2024-25,PASS,14,balanced,entered,401,0.5516,0.5516,0.5516,11.0,6.7624,4.2376,3.686
2024-25,PASS,14,balanced,entered,754,0.0,0.0,0.0,0.0,-0.4768,0.4768,0.4768
2024-25,PASS,14,balanced,entered,51,-0.0428,-0.0214,-0.0428,0.0,-3.312,3.312,3.3548
2024-25,PASS,14,balanced,entered,182,0.2632,0.2632,0.2632,7.0,2.6188,4.3812,4.118
2024-25,PASS,14,balanced,entered,630,0.0,0.0,0.0,1.0,-1.3524,2.3524,2.3524
2024-25,PASS,14,balanced,entered,252,0.3828,0.3828,0.3828,1.0,-2.666,3.666,3.2832
2024-25,PASS,14,balanced,left,291,-0.024,-0.024,-0.024,1.0,-1.3836,2.3836,2.4076
2024-25,PASS,14,balanced,left,294,-0.0628,0.0,-0.0628,0.0,-2.8352,2.8352,2.898
2024-25,PASS,14,balanced,left,743,0.0,0.0,0.0,0.0,-0.4804,0.4804,0.4804
2024-25,PASS,14,balanced,left,617,0.0,0.0,0.0,2.0,-1.3916,3.3916,3.3916
2024-25,PASS,14,balanced,left,17,0.126,0.126,0.126,3.0,-1.2212,4.2212,4.0952
2024-25,PASS,14,balanced,left,58,0.0444,0.0444,0.0444,12.0,8.104,3.896,3.8516
2024-25,PASS,14,safe,entered,472,-0.0664,-0.0301,-0.0664,-4.0,-6.3396,2.3396,2.406
2024-25,PASS,14,safe,entered,401,0.5516,0.3599,0.5516,11.0,6.7624,4.2376,3.686
2024-25,PASS,14,safe,entered,491,0.46,0.3126,0.46,2.0,-1.84,3.84,3.38
2024-25,PASS,14,safe,entered,398,0.2948,0.1594,0.2948,8.0,4.152,3.848,3.5532
2024-25,PASS,14,safe,left,617,0.0,0.0,0.0,2.0,-1.3916,3.3916,3.3916
2024-25,PASS,14,safe,left,19,0.0,0.0,0.0,2.0,-1.0732,3.0732,3.0732
2024-25,PASS,14,safe,left,17,0.126,0.0787,0.126,3.0,-1.2212,4.2212,4.0952
2024-25,PASS,14,safe,left,191,0.0,0.0,0.0,0.0,-2.6272,2.6272,2.6272
2024-25,PASS,15,balanced,entered,747,0.0,0.0,0.0,0.0,-0.5196,0.5196,0.5196
2024-25,PASS,15,balanced,entered,366,0.0816,0.0816,0.0816,9.0,5.2516,3.7484,3.6668
2024-25,PASS,15,balanced,entered,495,0.2084,0.2084,0.2084,3.0,0.016,2.984,2.7756
2024-25,PASS,15,balanced,left,17,0.07,0.07,0.07,2.0,-1.8292,3.8292,3.7592
2024-25,PASS,15,balanced,left,388,0.0,0.0,0.0,2.0,-0.684,2.684,2.684
2024-25,PASS,15,balanced,left,743,0.0,0.0,0.0,0.0,-0.4892,0.4892,0.4892
2024-25,PASS,15,safe,entered,401,0.404,0.2281,0.404,8.0,4.118,3.882,3.478
2024-25,PASS,15,safe,entered,247,0.1708,0.0889,0.1708,2.0,-1.3264,3.3264,3.1556
2024-25,PASS,15,safe,entered,495,0.2084,0.1167,0.2084,3.0,0.016,2.984,2.7756
2024-25,PASS,15,safe,left,388,0.0,0.0,0.0,2.0,-0.684,2.684,2.684
2024-25,PASS,15,safe,left,748,0.0,0.0,0.0,0.0,-0.4596,0.4596,0.4596
2024-25,PASS,15,safe,left,351,0.0828,0.047,0.0828,7.0,2.646,4.354,4.2712
2024-25,PASS,16,balanced,entered,129,1.0108,1.0108,1.0108,2.0,-2.1664,4.1664,3.1556
2024-25,PASS,16,balanced,entered,737,0.0,0.0,0.0,0.0,-0.498,0.498,0.498
2024-25,PASS,16,balanced,entered,71,0.3492,0.3492,0.3492,3.0,-0.5964,3.5964,3.2472
2024-25,PASS,16,balanced,entered,335,0.2792,0.2792,0.2792,-3.0,-5.9896,2.9896,2.7104
2024-25,PASS,16,balanced,entered,443,-0.0292,-0.0292,-0.0292,2.0,-1.2944,3.2944,3.3236
2024-25,PASS,16,balanced,left,99,0.0492,0.0492,0.0492,9.0,5.5104,3.4896,3.4404
2024-25,PASS,16,balanced,left,617,0.0,0.0,0.0,2.0,-1.3924,3.3924,3.3924
2024-25,PASS,16,balanced,left,522,0.0,0.0,0.0,0.0,-3.2556,3.2556,3.2556
2024-25,PASS,16,balanced,left,750,0.0,0.0,0.0,0.0,-0.4676,0.4676,0.4676
2024-25,PASS,16,balanced,left,436,0.0312,0.0312,0.0312,2.0,-0.7016,2.7016,2.6704
2024-25,PASS,16,safe,entered,129,1.0108,0.6274,1.0108,2.0,-2.1664,4.1664,3.1556
2024-25,PASS,16,safe,entered,71,0.3492,0.1644,0.3492,3.0,-0.5964,3.5964,3.2472
2024-25,PASS,16,safe,entered,749,0.0,0.0,0.0,0.0,-0.462,0.462,0.462
2024-25,PASS,16,safe,entered,335,0.2792,0.1922,0.2792,-3.0,-5.9896,2.9896,2.7104
2024-25,PASS,16,safe,entered,443,-0.0292,-0.0147,-0.0292,2.0,-1.2944,3.2944,3.3236
2024-25,PASS,16,safe,left,99,0.0492,0.0017,0.0492,9.0,5.5104,3.4896,3.4404
2024-25,PASS,16,safe,left,617,0.0,0.0,0.0,2.0,-1.3924,3.3924,3.3924
2024-25,PASS,16,safe,left,522,0.0,0.0,0.0,0.0,-3.2556,3.2556,3.2556
2024-25,PASS,16,safe,left,748,0.0,0.0,0.0,0.0,-0.4664,0.4664,0.4664
2024-25,PASS,16,safe,left,436,0.0312,0.0061,0.0312,2.0,-0.7016,2.7016,2.6704
2024-25,PASS,17,balanced,entered,495,0.1488,0.1488,0.1488,-1.0,-3.9768,2.9768,2.828
2024-25,PASS,17,balanced,entered,630,0.0,0.0,0.0,0.0,-2.2408,2.2408,2.2408
2024-25,PASS,17,balanced,entered,263,0.0,0.0,0.0,0.0,-2.466,2.466,2.466
2024-25,PASS,17,balanced,left,88,0.0412,0.0412,0.0412,1.0,-1.7976,2.7976,2.7564
2024-25,PASS,17,balanced,left,267,0.0,0.0,0.0,0.0,-2.8612,2.8612,2.8612
2024-25,PASS,17,balanced,left,524,0.0,0.0,0.0,2.0,-0.7136,2.7136,2.7136
2024-25,PASS,17,safe,entered,211,0.1288,0.0784,0.1288,0.0,-3.0752,3.0752,2.9464
2024-25,PASS,17,safe,entered,364,0.146,0.1037,0.146,2.0,-1.0776,3.0776,2.9316
2024-25,PASS,17,safe,entered,231,0.0436,0.0207,0.0436,7.0,4.3984,2.6016,2.558
2024-25,PASS,17,safe,left,369,0.0028,-0.0055,0.0028,1.0,-1.7972,2.7972,2.7944
2024-25,PASS,17,safe,left,530,0.118,0.0721,0.118,2.0,-0.8804,2.8804,2.7624
2024-25,PASS,17,safe,left,263,0.0,0.0,0.0,0.0,-2.466,2.466,2.466
2024-25,PASS,18,balanced,entered,129,0.8912,0.8912,0.8912,2.0,-1.99,3.99,3.0988
2024-25,PASS,18,balanced,entered,543,0.2656,0.2656,0.2656,6.0,3.2644,2.7356,2.47
2024-25,PASS,18,balanced,left,617,0.0,0.0,0.0,1.0,-2.3516,3.3516,3.3516
2024-25,PASS,18,balanced,left,187,0.0,0.0,0.0,1.0,-1.3392,2.3392,2.3392
2024-25,PASS,18,safe,entered,129,0.8912,0.5519,0.8912,2.0,-1.99,3.99,3.0988
2024-25,PASS,18,safe,entered,122,0.1264,0.0748,0.1264,6.0,3.2752,2.7248,2.5984
2024-25,PASS,18,safe,left,573,0.0,0.0,0.0,6.0,3.1652,2.8348,2.8348
2024-25,PASS,18,safe,left,541,0.0256,0.0277,0.0256,12.0,8.6192,3.3808,3.3552
2024-25,PASS,19,balanced,entered,528,0.0464,0.0464,0.0464,0.0,-2.7716,2.7716,2.7252
2024-25,PASS,19,balanced,entered,129,0.6112,0.6112,0.6112,9.0,5.4084,3.5916,2.9804
2024-25,PASS,19,balanced,entered,530,0.0436,0.0436,0.0436,0.0,-2.798,2.798,2.7544
2024-25,PASS,19,balanced,entered,350,0.0268,0.0268,0.0268,6.0,3.0012,2.9988,2.972
2024-25,PASS,19,balanced,left,288,0.0,0.0,0.0,1.0,-1.2732,2.2732,2.2732
2024-25,PASS,19,balanced,left,514,0.0824,0.0824,0.0824,1.0,-2.778,3.778,3.6956
2024-25,PASS,19,balanced,left,306,0.2664,0.2664,0.2664,2.0,-1.1596,3.1596,2.8932
2024-25,PASS,19,balanced,left,263,0.0,0.0,0.0,0.0,-2.3616,2.3616,2.3616
2024-25,PASS,19,safe,entered,364,0.1388,0.0945,0.1388,2.0,-1.206,3.206,3.0672
2024-25,PASS,19,safe,entered,350,0.0268,-0.004,0.0268,6.0,3.0012,2.9988,2.972
2024-25,PASS,19,safe,left,288,0.0,0.0,0.0,1.0,-1.2732,2.2732,2.2732
2024-25,PASS,19,safe,left,514,0.0824,0.0453,0.0824,1.0,-2.778,3.778,3.6956
2024-25,PASS,20,balanced,entered,744,0.0,0.0,0.0,0.0,-0.5048,0.5048,0.5048
2024-25,PASS,20,balanced,entered,129,0.7008,0.7008,0.7008,9.0,5.2056,3.7944,3.0936
2024-25,PASS,20,balanced,left,749,0.0,0.0,0.0,0.0,-0.5028,0.5028,0.5028
2024-25,PASS,20,balanced,left,110,0.1692,0.1692,0.1692,11.0,7.4868,3.5132,3.344
2024-25,PASS,20,safe,entered,136,0.1672,0.118,0.1672,1.0,-2.4752,3.4752,3.308
2024-25,PASS,20,safe,entered,129,0.7008,0.4148,0.7008,9.0,5.2056,3.7944,3.0936
2024-25,PASS,20,safe,entered,543,0.2736,0.1433,0.2736,1.0,-1.7456,2.7456,2.472
2024-25,PASS,20,safe,entered,351,0.0908,0.0678,0.0908,13.0,8.3608,4.6392,4.5484
2024-25,PASS,20,safe,left,17,-0.078,-0.0657,-0.078,0.0,-3.6012,3.6012,3.6792
2024-25,PASS,20,safe,left,401,0.1476,0.0687,0.1476,7.0,2.9572,4.0428,3.8952
2024-25,PASS,20,safe,left,211,0.0616,-0.0083,0.0616,2.0,-1.1092,3.1092,3.0476
2024-25,PASS,20,safe,left,541,-0.0072,-0.0168,-0.0072,0.0,-3.3568,3.3568,3.364
2024-25,PASS,21,balanced,entered,129,0.5392,0.5392,0.5392,1.0,-2.6092,3.6092,3.07
2024-25,PASS,21,balanced,entered,422,0.0116,0.0116,0.0116,2.0,-0.9336,2.9336,2.922
2024-25,PASS,21,balanced,entered,491,0.2572,0.2572,0.2572,1.0,-2.6672,3.6672,3.41
2024-25,PASS,21,balanced,entered,91,0.0112,0.0112,0.0112,3.0,-0.5584,3.5584,3.5472
2024-25,PASS,21,balanced,entered,573,0.0,0.0,0.0,2.0,-0.85,2.85,2.85
2024-25,PASS,21,balanced,left,295,-0.0788,-0.0788,-0.0788,1.0,-1.4392,2.4392,2.518
2024-25,PASS,21,balanced,left,267,0.0,0.0,0.0,1.0,-1.8176,2.8176,2.8176
2024-25,PASS,21,balanced,left,366,0.0224,0.0224,0.0224,4.0,0.2712,3.7288,3.7064
2024-25,PASS,21,balanced,left,304,0.0,0.0,0.0,1.0,-2.2136,3.2136,3.2136
2024-25,PASS,21,balanced,left,306,0.2272,0.2272,0.2272,2.0,-1.418,3.418,3.1908
2024-25,PASS,21,safe,entered,129,0.5392,0.3268,0.5392,1.0,-2.6092,3.6092,3.07
2024-25,PASS,21,safe,entered,491,0.2572,0.1645,0.2572,1.0,-2.6672,3.6672,3.41
2024-25,PASS,21,safe,entered,231,0.0384,0.019,0.0384,2.0,-0.6284,2.6284,2.59
2024-25,PASS,21,safe,left,187,0.0,0.0,0.0,1.0,-1.622,2.622,2.622
2024-25,PASS,21,safe,left,364,0.1336,0.0608,0.1336,20.0,16.6872,3.3128,3.1792
2024-25,PASS,21,safe,left,447,0.1228,0.07,0.1228,9.0,5.39,3.61,3.4872
2024-25,PASS,22,balanced,entered,528,0.0208,0.0208,0.0208,-2.0,-4.7076,2.7076,2.6868
2024-25,PASS,22,balanced,entered,521,-0.0416,-0.0416,-0.0416,2.0,-1.204,3.204,3.2456
2024-25,PASS,22,balanced,entered,306,0.2612,0.2612,0.2612,2.0,-1.5484,3.5484,3.2872
2024-25,PASS,22,balanced,entered,491,0.2596,0.2596,0.2596,0.0,-3.6784,3.6784,3.4188
2024-25,PASS,22,balanced,left,350,-0.0104,-0.0104,-0.0104,6.0,3.0616,2.9384,2.9488
2024-25,PASS,22,balanced,left,58,0.0552,0.0552,0.0552,8.0,4.1084,3.8916,3.8364
2024-25,PASS,22,balanced,left,14,0.0,0.0,0.0,1.0,-2.3784,3.3784,3.3784
2024-25,PASS,22,balanced,left,743,0.0,0.0,0.0,0.0,-0.4992,0.4992,0.4992
2024-25,PASS,22,safe,entered,528,0.0208,-0.0188,0.0208,-2.0,-4.7076,2.7076,2.6868
2024-25,PASS,22,safe,entered,364,-0.024,-0.0214,-0.024,2.0,-1.5252,3.5252,3.5492
2024-25,PASS,22,safe,entered,14,0.0,0.0,0.0,1.0,-2.3784,3.3784,3.3784
2024-25,PASS,22,safe,entered,432,0.2336,0.128,0.2336,2.0,-1.1212,3.1212,2.8876
2024-25,PASS,22,safe,left,521,-0.0416,-0.0445,-0.0416,2.0,-1.204,3.204,3.2456
2024-25,PASS,22,safe,left,748,0.0,0.0,0.0,0.0,-0.4732,0.4732,0.4732
2024-25,PASS,22,safe,left,398,-0.0092,-0.0331,-0.0092,2.0,-1.9852,3.9852,3.9944
2024-25,PASS,22,safe,left,311,0.0468,0.0211,0.0468,11.0,8.0936,2.9064,2.8596
2024-25,PASS,23,balanced,entered,129,0.458,0.458,0.458,1.0,-2.6932,3.6932,3.2352
2024-25,PASS,23,balanced,left,252,0.0968,0.0968,0.0968,2.0,-1.6548,3.6548,3.558
2024-25,PASS,23,safe,entered,129,0.458,0.2382,0.458,1.0,-2.6932,3.6932,3.2352
2024-25,PASS,23,safe,entered,348,0.1128,0.0624,0.1128,7.0,2.8364,4.1636,4.0508
2024-25,PASS,23,safe,entered,543,0.1568,0.0943,0.1568,2.0,-0.708,2.708,2.5512
2024-25,PASS,23,safe,left,99,0.0,0.0,0.0,7.0,3.3328,3.6672,3.6672
2024-25,PASS,23,safe,left,252,0.0968,0.0566,0.0968,2.0,-1.6548,3.6548,3.558
2024-25,PASS,23,safe,left,350,0.0,0.0,0.0,8.0,4.6848,3.3152,3.3152
2024-25,PASS,24,balanced,entered,402,0.234,0.234,0.234,8.0,4.958,3.042,2.808
2024-25,PASS,24,balanced,entered,543,0.1376,0.1376,0.1376,6.0,3.3424,2.6576,2.52
2024-25,PASS,24,balanced,entered,270,0.0,0.0,0.0,1.0,-1.292,2.292,2.292
2024-25,PASS,24,balanced,entered,327,0.2452,0.2452,0.2452,5.0,-2.0988,7.0988,6.8536
2024-25,PASS,24,balanced,left,573,0.0,0.0,0.0,6.0,3.164,2.836,2.836
2024-25,PASS,24,balanced,left,311,0.0212,0.0212,0.0212,7.0,1.0244,5.9756,5.9544
2024-25,PASS,24,balanced,left,398,0.002,0.002,0.002,1.0,-3.152,4.152,4.15
2024-25,PASS,24,balanced,left,751,0.0,0.0,0.0,20.0,19.496,0.504,0.504
2024-25,PASS,25,balanced,entered,457,0.0972,0.0972,0.0972,1.0,-1.4772,2.4772,2.38
2024-25,PASS,25,balanced,left,291,0.0016,0.0016,0.0016,1.0,-1.3972,2.3972,2.3956
2024-25,PASS,26,balanced,entered,283,0.0,0.0,0.0,0.0,-3.3,3.3,3.3
2024-25,PASS,26,balanced,entered,218,1.084,1.084,1.084,6.0,1.9452,4.0548,2.9708
2024-25,PASS,26,balanced,entered,211,0.0,0.0,0.0,13.0,10.0144,2.9856,2.9856
2024-25,PASS,26,balanced,entered,71,0.1292,0.1292,0.1292,2.0,-2.0004,4.0004,3.8712
2024-25,PASS,26,balanced,left,521,0.0036,0.0036,0.0036,0.0,-2.9148,2.9148,2.9112
2024-25,PASS,26,balanced,left,36,0.0,0.0,0.0,0.0,-2.952,2.952,2.952
2024-25,PASS,26,balanced,left,252,0.0612,0.0612,0.0612,2.0,-1.7992,3.7992,3.738
2024-25,PASS,26,balanced,left,78,0.0,0.0,0.0,2.0,-1.816,3.816,3.816
2024-25,PASS,26,safe,entered,218,1.084,0.6507,1.084,6.0,1.9452,4.0548,2.9708
2024-25,PASS,26,safe,entered,283,0.0,0.0,0.0,0.0,-3.3,3.3,3.3
2024-25,PASS,26,safe,entered,255,0.0,0.0,0.0,1.0,-2.008,3.008,3.008
2024-25,PASS,26,safe,left,521,0.0036,0.0096,0.0036,0.0,-2.9148,2.9148,2.9112
2024-25,PASS,26,safe,left,36,0.0,0.0,0.0,0.0,-2.952,2.952,2.952
2024-25,PASS,26,safe,left,252,0.0612,0.033,0.0612,2.0,-1.7992,3.7992,3.738
2024-25,PASS,28,balanced,entered,747,0.0,0.0,0.0,9.0,8.4472,0.5528,0.5528
2024-25,PASS,28,balanced,entered,210,0.0,0.0,0.0,6.0,2.8404,3.1596,3.1596
2024-25,PASS,28,balanced,entered,181,1.1388,1.1388,1.1388,3.0,-1.554,4.554,3.4152
2024-25,PASS,28,balanced,entered,443,0.0,0.0,0.0,8.0,4.6916,3.3084,3.3084
2024-25,PASS,28,balanced,entered,573,0.0,0.0,0.0,6.0,2.86,3.14,3.14
2024-25,PASS,28,balanced,left,291,0.0,0.0,0.0,2.0,0.0056,1.9944,1.9944
2024-25,PASS,28,balanced,left,388,0.0,0.0,0.0,2.0,-0.9656,2.9656,2.9656
2024-25,PASS,28,balanced,left,366,0.0,0.0,0.0,9.0,4.436,4.564,4.564
2024-25,PASS,28,balanced,left,14,0.0,0.0,0.0,2.0,-1.228,3.228,3.228
2024-25,PASS,28,balanced,left,750,0.0,0.0,0.0,0.0,-0.5044,0.5044,0.5044
2024-25,PASS,29,balanced,entered,218,0.7572,0.7572,0.7572,2.0,-2.03,4.03,3.2728
2024-25,PASS,29,balanced,entered,436,0.0,0.0,0.0,1.0,-1.6364,2.6364,2.6364
2024-25,PASS,29,balanced,entered,181,0.7556,0.7556,0.7556,2.0,-1.7744,3.7744,3.0188
2024-25,PASS,29,balanced,left,571,0.0,0.0,0.0,0.0,-3.7108,3.7108,3.7108
2024-25,PASS,29,balanced,left,252,0.0012,0.0012,0.0012,2.0,-1.6796,3.6796,3.6784
2024-25,PASS,29,balanced,left,270,0.0,0.0,0.0,0.0,-2.3896,2.3896,2.3896
2024-25,PASS,29,safe,entered,218,0.7572,0.4118,0.7572,2.0,-2.03,4.03,3.2728
2024-25,PASS,29,safe,entered,580,0.0,0.0,0.0,1.0,-1.7988,2.7988,2.7988
2024-25,PASS,29,safe,entered,247,0.0,0.0,0.0,3.0,-0.498,3.498,3.498
2024-25,PASS,29,safe,left,168,0.0,0.0,0.0,2.0,-1.0752,3.0752,3.0752
2024-25,PASS,29,safe,left,541,0.0,0.0,0.0,0.0,-3.648,3.648,3.648
2024-25,PASS,29,safe,left,270,0.0,0.0,0.0,0.0,-2.3896,2.3896,2.3896
2024-25,PASS,30,balanced,entered,456,-0.0368,-0.0368,-0.0368,0.0,-2.2592,2.2592,2.296
2024-25,PASS,30,balanced,entered,304,0.0,0.0,0.0,0.0,-2.5448,2.5448,2.5448
2024-25,PASS,30,balanced,entered,181,0.7376,0.7376,0.7376,0.0,-4.216,4.216,3.4784
2024-25,PASS,30,balanced,entered,218,0.5736,0.5736,0.5736,1.0,-2.5468,3.5468,2.9732
2024-25,PASS,30,balanced,entered,573,0.0,0.0,0.0,6.0,2.8136,3.1864,3.1864
2024-25,PASS,30,balanced,left,163,0.0,0.0,0.0,5.0,1.7128,3.2872,3.2872
2024-25,PASS,30,balanced,left,748,0.0,0.0,0.0,9.0,8.5068,0.4932,0.4932
2024-25,PASS,30,balanced,left,437,0.0,0.0,0.0,5.0,2.2,2.8,2.8
2024-25,PASS,30,balanced,left,185,0.0,0.0,0.0,6.0,2.7056,3.2944,3.2944
2024-25,PASS,30,balanced,left,58,0.0,0.0,0.0,0.0,-4.2324,4.2324,4.2324
2024-25,PASS,34,balanced,entered,392,0.3756,0.3756,0.3756,3.0,-1.3636,4.3636,3.988
2024-25,PASS,34,balanced,entered,443,0.0,0.0,0.0,1.0,-2.3128,3.3128,3.3128
2024-25,PASS,34,balanced,entered,335,0.0,0.0,0.0,2.0,-1.1128,3.1128,3.1128
2024-25,PASS,34,balanced,left,91,0.0,0.0,0.0,13.0,9.898,3.102,3.102
2024-25,PASS,34,balanced,left,99,0.0,0.0,0.0,2.0,-2.3628,4.3628,4.3628
2024-25,PASS,34,balanced,left,580,0.0,0.0,0.0,1.0,-1.8356,2.8356,2.8356
2025-26,FAIL,1,balanced,entered,384,1.1156,1.1156,1.1156,7.0,3.1572,3.8428,2.7272
2025-26,FAIL,1,balanced,entered,705,0.0,0.0,0.0,0.0,-0.4976,0.4976,0.4976
2025-26,FAIL,1,balanced,entered,710,0.0,0.0,0.0,0.0,-0.5068,0.5068,0.5068
2025-26,FAIL,1,balanced,entered,596,0.5548,0.5548,0.5548,1.0,-2.058,3.058,2.5032
2025-26,FAIL,1,balanced,entered,505,0.1684,0.1684,0.1684,2.0,0.1192,1.8808,1.7124
2025-26,FAIL,1,balanced,entered,383,0.8544,0.8544,0.8544,0.0,-3.8852,3.8852,3.0308
2025-26,FAIL,1,balanced,left,224,0.0716,0.0716,0.0716,8.0,6.0352,1.9648,1.8932
2025-26,FAIL,1,balanced,left,449,0.2824,0.2824,0.2824,2.0,-2.1036,4.1036,3.8212
2025-26,FAIL,1,balanced,left,485,0.5316,0.5316,0.5316,3.0,-0.5544,3.5544,3.0228
2025-26,FAIL,1,balanced,left,46,0.0,0.0,0.0,0.0,-0.5848,0.5848,0.5848
2025-26,FAIL,1,balanced,left,691,0.0,0.0,0.0,0.0,-1.7908,1.7908,1.7908
2025-26,FAIL,1,balanced,left,445,-0.0164,-0.0164,-0.0164,0.0,-0.568,0.568,0.5844
2025-26,FAIL,1,safe,entered,384,1.1156,0.6194,1.1156,7.0,3.1572,3.8428,2.7272
2025-26,FAIL,1,safe,entered,581,0.882,0.5454,0.882,0.0,-3.5296,3.5296,2.6476
2025-26,FAIL,1,safe,entered,596,0.5548,0.3063,0.5548,1.0,-2.058,3.058,2.5032
2025-26,FAIL,1,safe,entered,568,0.416,0.2102,0.416,6.0,3.8224,2.1776,1.7616
2025-26,FAIL,1,safe,entered,505,0.1684,0.0315,0.1684,2.0,0.1192,1.8808,1.7124
2025-26,FAIL,1,safe,entered,383,0.8544,0.5018,0.8544,0.0,-3.8852,3.8852,3.0308
2025-26,FAIL,1,safe,left,449,0.2824,0.2064,0.2824,2.0,-2.1036,4.1036,3.8212
2025-26,FAIL,1,safe,left,97,0.6764,0.3677,0.6764,1.0,-1.7816,2.7816,2.1052
2025-26,FAIL,1,safe,left,236,0.1224,0.0719,0.1224,3.0,0.158,2.842,2.7196
2025-26,FAIL,1,safe,left,81,0.6772,0.375,0.6772,0.0,-3.5504,3.5504,2.8732
2025-26,FAIL,1,safe,left,374,0.0644,0.0225,0.0644,1.0,-0.796,1.796,1.7316
2025-26,FAIL,1,safe,left,506,0.0252,0.0005,0.0252,2.0,0.2432,1.7568,1.7316
2025-26,FAIL,2,balanced,entered,288,0.0,0.0,0.0,0.0,-3.4912,3.4912,3.4912
2025-26,FAIL,2,balanced,entered,708,0.0,0.0,0.0,0.0,-2.9404,2.9404,2.9404
2025-26,FAIL,2,balanced,entered,292,0.0,0.0,0.0,0.0,-2.8496,2.8496,2.8496
2025-26,FAIL,2,balanced,entered,485,0.7312,0.7312,0.7312,-2.0,-5.986,3.986,3.2548
2025-26,FAIL,2,balanced,entered,77,0.0272,0.0272,0.0272,1.0,-0.1432,1.1432,1.116
2025-26,FAIL,2,balanced,entered,120,0.5408,0.5408,0.5408,3.0,-1.038,4.038,3.4972
2025-26,FAIL,2,balanced,left,674,0.0,0.0,0.0,0.0,-3.6224,3.6224,3.6224
2025-26,FAIL,2,balanced,left,227,0.0,0.0,0.0,0.0,-2.4168,2.4168,2.4168
2025-26,FAIL,2,balanced,left,710,0.0,0.0,0.0,0.0,-0.472,0.472,0.472
2025-26,FAIL,2,balanced,left,168,0.0,0.0,0.0,0.0,-2.4572,2.4572,2.4572
2025-26,FAIL,2,balanced,left,17,0.154,0.154,0.154,1.0,-2.984,3.984,3.83
2025-26,FAIL,2,balanced,left,415,0.062,0.062,0.062,0.0,-3.7668,3.7668,3.7048
2025-26,FAIL,2,safe,entered,288,0.0,0.0,0.0,0.0,-3.4912,3.4912,3.4912
2025-26,FAIL,2,safe,entered,88,0.0,0.0,0.0,0.0,-2.4172,2.4172,2.4172
2025-26,FAIL,2,safe,entered,116,0.0072,0.001,0.0072,1.0,-0.096,1.096,1.0888
2025-26,FAIL,2,safe,entered,120,0.5408,0.2858,0.5408,3.0,-1.038,4.038,3.4972
2025-26,FAIL,2,safe,left,121,0.0,0.0,0.0,5.0,1.7868,3.2132,3.2132
2025-26,FAIL,2,safe,left,674,0.0,0.0,0.0,0.0,-3.6224,3.6224,3.6224
2025-26,FAIL,2,safe,left,708,0.0,0.0,0.0,0.0,-2.9404,2.9404,2.9404
2025-26,FAIL,2,safe,left,77,0.0272,-0.0124,0.0272,1.0,-0.1432,1.1432,1.116
2025-26,FAIL,3,balanced,entered,235,1.0684,1.0684,1.0684,0.0,-4.9244,4.9244,3.856
2025-26,FAIL,3,balanced,entered,292,0.0,0.0,0.0,1.0,-1.4436,2.4436,2.4436
2025-26,FAIL,3,balanced,entered,525,0.4968,0.4968,0.4968,2.0,-1.6416,3.6416,3.1448
2025-26,FAIL,3,balanced,entered,437,0.0,0.0,0.0,0.0,-2.43,2.43,2.43
2025-26,FAIL,3,balanced,left,381,0.5532,0.5532,0.5532,3.0,-2.3544,5.3544,4.8012
2025-26,FAIL,3,balanced,left,706,0.0,0.0,0.0,1.0,0.1124,0.8876,0.8876
2025-26,FAIL,3,balanced,left,691,0.0,0.0,0.0,1.0,-1.548,2.548,2.548
2025-26,FAIL,3,balanced,left,77,0.0044,0.0044,0.0044,5.0,3.9952,1.0048,1.0004
2025-26,FAIL,3,safe,entered,235,1.0684,0.7216,1.0684,0.0,-4.9244,4.9244,3.856
2025-26,FAIL,3,safe,entered,525,0.4968,0.307,0.4968,2.0,-1.6416,3.6416,3.1448
2025-26,FAIL,3,safe,entered,782,0.0,0.0,0.0,0.0,-3.0184,3.0184,3.0184
2025-26,FAIL,3,safe,entered,437,0.0,0.0,0.0,0.0,-2.43,2.43,2.43
2025-26,FAIL,3,safe,entered,120,0.4744,0.2499,0.4744,0.0,-3.5128,3.5128,3.0384
2025-26,FAIL,3,safe,left,581,-0.0024,-0.0248,-0.0024,0.0,-3.6864,3.6864,3.6888
2025-26,FAIL,3,safe,left,749,0.0,0.0,0.0,0.0,-0.4476,0.4476,0.4476
2025-26,FAIL,3,safe,left,77,0.0044,-0.0277,0.0044,5.0,3.9952,1.0048,1.0004
2025-26,FAIL,3,safe,left,381,0.5532,0.3897,0.5532,3.0,-2.3544,5.3544,4.8012
2025-26,FAIL,3,safe,left,221,-0.1852,-0.1599,-0.1852,0.0,-3.0564,3.0564,3.2416
2025-26,FAIL,4,balanced,entered,225,0.398,0.398,0.398,1.0,-0.88,1.88,1.482
2025-26,FAIL,4,balanced,entered,338,0.6972,0.6972,0.6972,2.0,-0.0888,2.0888,1.3916
2025-26,FAIL,4,balanced,entered,235,0.7576,0.7576,0.7576,7.0,2.9068,4.0932,3.3356
2025-26,FAIL,4,balanced,entered,782,0.0,0.0,0.0,0.0,-3.4044,3.4044,3.4044
2025-26,FAIL,4,balanced,left,725,0.0,0.0,0.0,0.0,-1.734,1.734,1.734
2025-26,FAIL,4,balanced,left,674,0.0,0.0,0.0,0.0,-3.5884,3.5884,3.5884
2025-26,FAIL,4,balanced,left,453,0.0,0.0,0.0,1.0,-2.276,3.276,3.276
2025-26,FAIL,4,balanced,left,30,0.716,0.716,0.716,0.0,-3.3984,3.3984,2.6824
2025-26,FAIL,4,safe,entered,235,0.7576,0.4685,0.7576,7.0,2.9068,4.0932,3.3356
2025-26,FAIL,4,safe,entered,190,-0.0476,0.0042,-0.0476,4.0,2.9352,1.0648,1.1124
2025-26,FAIL,4,safe,entered,541,0.0,0.0,0.0,6.0,5.0728,0.9272,0.9272
2025-26,FAIL,4,safe,entered,782,0.0,0.0,0.0,0.0,-3.4044,3.4044,3.4044
2025-26,FAIL,4,safe,left,725,0.0,0.0,0.0,0.0,-1.734,1.734,1.734
2025-26,FAIL,4,safe,left,225,0.398,0.1259,0.398,1.0,-0.88,1.88,1.482
2025-26,FAIL,4,safe,left,674,0.0,0.0,0.0,0.0,-3.5884,3.5884,3.5884
2025-26,FAIL,4,safe,left,453,0.0,0.0,0.0,1.0,-2.276,3.276,3.276
2025-26,FAIL,5,balanced,entered,226,0.182,0.182,0.182,8.0,4.8948,3.1052,2.9232
2025-26,FAIL,5,balanced,entered,235,0.836,0.836,0.836,1.0,-3.1552,4.1552,3.3192
2025-26,FAIL,5,balanced,entered,499,0.0,0.0,0.0,1.0,-2.5372,3.5372,3.5372
2025-26,FAIL,5,balanced,entered,86,1.1912,1.1912,1.1912,3.0,-0.5388,3.5388,2.3476
2025-26,FAIL,5,balanced,entered,567,-0.0568,0.0,-0.0568,0.0,-2.9044,2.9044,2.9612
2025-26,FAIL,5,balanced,left,2,0.0,0.0,0.0,0.0,-3.1864,3.1864,3.1864
2025-26,FAIL,5,balanced,left,430,0.1212,0.1212,0.1212,9.0,4.8548,4.1452,4.024
2025-26,FAIL,5,balanced,left,81,0.812,0.397,0.812,1.0,-3.15,4.15,3.338
2025-26,FAIL,5,balanced,left,241,-0.1792,-0.1792,-0.1792,4.0,1.0184,2.9816,3.1608
2025-26,FAIL,5,balanced,left,541,0.0,0.0,0.0,-2.0,-4.718,2.718,2.718
2025-26,FAIL,5,safe,entered,226,0.182,0.0813,0.182,8.0,4.8948,3.1052,2.9232
2025-26,FAIL,5,safe,entered,387,0.44,0.2777,0.44,1.0,-2.5028,3.5028,3.0628
2025-26,FAIL,5,safe,entered,86,1.1912,0.6113,1.1912,3.0,-0.5388,3.5388,2.3476
2025-26,FAIL,5,safe,left,81,0.812,0.062,0.812,1.0,-3.15,4.15,3.338
2025-26,FAIL,5,safe,left,541,0.0,0.0,0.0,-2.0,-4.718,2.718,2.718
2025-26,FAIL,5,safe,left,241,-0.1792,-0.0847,-0.1792,4.0,1.0184,2.9816,3.1608
2025-26,FAIL,6,balanced,entered,257,0.3224,0.3224,0.3224,4.0,0.4292,3.5708,3.2484
2025-26,FAIL,6,balanced,entered,338,0.7788,0.7788,0.7788,0.0,-2.7212,2.7212,1.9424
2025-26,FAIL,6,balanced,entered,217,0.2032,0.2032,0.2032,2.0,-0.0556,2.0556,1.8524
2025-26,FAIL,6,balanced,entered,414,0.448,0.448,0.448,1.0,-3.0156,4.0156,3.5676
2025-26,FAIL,6,balanced,left,136,0.0,0.0,0.0,13.0,10.74,2.26,2.26
2025-26,FAIL,6,balanced,left,82,0.0,0.0,0.0,7.0,3.1776,3.8224,3.8224
2025-26,FAIL,6,balanced,left,732,0.0,0.0,0.0,0.0,-2.0808,2.0808,2.0808
2025-26,FAIL,6,balanced,left,348,0.0,0.0,0.0,7.0,3.7988,3.2012,3.2012
2025-26,FAIL,6,safe,entered,257,0.3224,0.2011,0.3224,4.0,0.4292,3.5708,3.2484
2025-26,FAIL,6,safe,entered,235,1.004,0.2704,1.004,0.0,-4.9676,4.9676,3.9636
2025-26,FAIL,6,safe,entered,597,0.682,0.386,0.682,2.0,-1.0692,3.0692,2.3872
2025-26,FAIL,6,safe,entered,217,0.2032,0.0976,0.2032,2.0,-0.0556,2.0556,1.8524
2025-26,FAIL,6,safe,entered,414,0.448,0.2337,0.448,1.0,-3.0156,4.0156,3.5676
2025-26,FAIL,6,safe,left,517,0.0416,0.0058,0.0416,3.0,-0.3708,3.3708,3.3292
2025-26,FAIL,6,safe,left,624,0.1956,0.113,0.1956,9.0,5.7552,3.2448,3.0492
2025-26,FAIL,6,safe,left,82,0.0,0.0,0.0,7.0,3.1776,3.8224,3.8224
2025-26,FAIL,6,safe,left,499,0.0,0.0,0.0,2.0,-1.4056,3.4056,3.4056
2025-26,FAIL,6,safe,left,348,0.0,0.0,0.0,7.0,3.7988,3.2012,3.2012
2025-26,FAIL,7,balanced,entered,295,0.2528,0.2528,0.2528,4.0,0.4756,3.5244,3.2716
2025-26,FAIL,7,balanced,entered,525,0.3756,0.3756,0.3756,2.0,-1.2836,3.2836,2.908
2025-26,FAIL,7,balanced,entered,237,0.274,0.274,0.274,2.0,-1.5212,3.5212,3.2472
2025-26,FAIL,7,balanced,entered,81,0.5504,0.5504,0.5504,7.0,3.2676,3.7324,3.182
2025-26,FAIL,7,balanced,entered,217,0.2424,0.2424,0.2424,1.0,-1.2536,2.2536,2.0112
2025-26,FAIL,7,balanced,entered,670,0.0,0.0,0.0,2.0,-1.4212,3.4212,3.4212
2025-26,FAIL,7,balanced,left,135,0.0,0.0,0.0,0.0,-3.0968,3.0968,3.0968
2025-26,FAIL,7,balanced,left,136,0.0,0.0,0.0,2.0,-0.6464,2.6464,2.6464
2025-26,FAIL,7,balanced,left,782,0.0,0.0,0.0,0.0,-3.3552,3.3552,3.3552
2025-26,FAIL,7,balanced,left,241,-0.2348,-0.2348,-0.2348,10.0,6.6312,3.3688,3.6036
2025-26,FAIL,7,balanced,left,694,0.0,0.0,0.0,3.0,-0.0144,3.0144,3.0144
2025-26,FAIL,7,balanced,left,119,0.0,0.0,0.0,6.0,2.4256,3.5744,3.5744
2025-26,FAIL,7,safe,entered,624,0.2496,0.1599,0.2496,2.0,-1.238,3.238,2.9884
2025-26,FAIL,7,safe,entered,217,0.2424,0.1095,0.2424,1.0,-1.2536,2.2536,2.0112
2025-26,FAIL,7,safe,entered,119,0.0,0.0,0.0,6.0,2.4256,3.5744,3.5744
2025-26,FAIL,7,safe,entered,295,0.2528,0.1013,0.2528,4.0,0.4756,3.5244,3.2716
2025-26,FAIL,7,safe,left,136,0.0,0.0,0.0,2.0,-0.6464,2.6464,2.6464
2025-26,FAIL,7,safe,left,249,0.0,0.0,0.0,2.0,-1.2068,3.2068,3.2068
2025-26,FAIL,7,safe,left,82,0.0,0.0,0.0,18.0,14.4448,3.5552,3.5552
2025-26,FAIL,7,safe,left,694,0.0,0.0,0.0,3.0,-0.0144,3.0144,3.0144
2025-26,FAIL,8,balanced,entered,384,0.5776,0.5776,0.5776,7.0,3.2416,3.7584,3.1808
2025-26,FAIL,8,balanced,entered,328,0.7736,0.7736,0.7736,2.0,-1.672,3.672,2.8984
2025-26,FAIL,8,balanced,entered,411,0.836,0.836,0.836,11.0,7.5324,3.4676,2.6316
2025-26,FAIL,8,balanced,entered,565,-0.0104,-0.0104,-0.0104,1.0,-2.82,3.82,3.8304
2025-26,FAIL,8,balanced,left,257,0.1764,0.1764,0.1764,1.0,-2.4084,3.4084,3.232
2025-26,FAIL,8,balanced,left,449,0.212,0.212,0.212,8.0,4.0488,3.9512,3.7392
2025-26,FAIL,8,balanced,left,493,0.0,0.0,0.0,2.0,-0.9428,2.9428,2.9428
2025-26,FAIL,8,balanced,left,470,0.0,0.0,0.0,9.0,5.6804,3.3196,3.3196
2025-26,FAIL,8,safe,entered,328,0.7736,0.4063,0.7736,2.0,-1.672,3.672,2.8984
2025-26,FAIL,8,safe,entered,387,0.4104,0.2864,0.4104,4.0,0.3496,3.6504,3.24
2025-26,FAIL,8,safe,entered,525,0.5712,0.3715,0.5712,1.0,-2.4832,3.4832,2.912
2025-26,FAIL,8,safe,entered,191,-0.0056,-0.0016,-0.0056,8.0,5.0608,2.9392,2.9448
2025-26,FAIL,8,safe,left,257,0.1764,0.0368,0.1764,1.0,-2.4084,3.4084,3.232
2025-26,FAIL,8,safe,left,722,0.0,0.0,0.0,8.0,4.9172,3.0828,3.0828
2025-26,FAIL,8,safe,left,467,0.0,0.0,0.0,0.0,-0.4932,0.4932,0.4932
2025-26,FAIL,8,safe,left,449,0.212,0.1333,0.212,8.0,4.0488,3.9512,3.7392
2025-26,FAIL,9,balanced,entered,136,0.0,0.0,0.0,5.0,2.0208,2.9792,2.9792
2025-26,FAIL,9,balanced,entered,81,0.5752,0.5752,0.5752,2.0,-1.7592,3.7592,3.184
2025-26,FAIL,9,balanced,entered,348,0.0,0.0,0.0,13.0,9.9692,3.0308,3.0308
2025-26,FAIL,9,balanced,entered,749,0.0,0.0,0.0,0.0,-0.4708,0.4708,0.4708
2025-26,FAIL,9,balanced,left,547,0.0,0.0,0.0,1.0,-1.908,2.908,2.908
2025-26,FAIL,9,balanced,left,291,0.0568,0.0568,0.0568,1.0,-2.478,3.478,3.4212
2025-26,FAIL,9,balanced,left,732,0.0,0.0,0.0,1.0,-0.8032,1.8032,1.8032
2025-26,FAIL,9,balanced,left,691,0.0,0.0,0.0,2.0,-0.6072,2.6072,2.6072
2025-26,FAIL,10,balanced,entered,384,0.502,0.502,0.502,3.0,-0.9156,3.9156,3.4136
2025-26,FAIL,10,balanced,entered,178,0.322,0.322,0.322,6.0,2.7252,3.2748,2.9528
2025-26,FAIL,10,balanced,entered,267,0.8568,0.8568,0.8568,3.0,-1.3732,4.3732,3.5164
2025-26,FAIL,10,balanced,entered,411,0.8552,0.8552,0.8552,8.0,4.2412,3.7588,2.9036
2025-26,FAIL,10,balanced,left,560,0.0,0.0,0.0,2.0,-1.0116,3.0116,3.0116
2025-26,FAIL,10,balanced,left,585,0.0964,0.0964,0.0964,0.0,-3.2528,3.2528,3.1564
2025-26,FAIL,10,balanced,left,5,0.0396,0.0396,0.0396,12.0,8.3612,3.6388,3.5992
2025-26,FAIL,10,balanced,left,119,0.0,0.0,0.0,2.0,-1.594,3.594,3.594
2025-26,FAIL,10,safe,entered,384,0.502,0.2775,0.502,3.0,-0.9156,3.9156,3.4136
2025-26,FAIL,10,safe,entered,585,0.0964,0.0662,0.0964,0.0,-3.2528,3.2528,3.1564
2025-26,FAIL,10,safe,entered,267,0.8568,0.5271,0.8568,3.0,-1.3732,4.3732,3.5164
2025-26,FAIL,10,safe,entered,624,0.2584,0.1416,0.2584,2.0,-1.4148,3.4148,3.1564
2025-26,FAIL,10,safe,entered,151,0.052,0.0243,0.052,7.0,3.6992,3.3008,3.2488
2025-26,FAIL,10,safe,entered,283,0.3608,0.2432,0.3608,9.0,5.0688,3.9312,3.5704
2025-26,FAIL,10,safe,left,72,0.104,0.0608,0.104,3.0,-0.4228,3.4228,3.3188
2025-26,FAIL,10,safe,left,560,0.0,0.0,0.0,2.0,-1.0116,3.0116,3.0116
2025-26,FAIL,10,safe,left,241,-0.1672,-0.0745,-0.1672,10.0,6.7984,3.2016,3.3688
2025-26,FAIL,10,safe,left,82,0.0,0.0,0.0,2.0,-1.7328,3.7328,3.7328
2025-26,FAIL,10,safe,left,178,0.322,0.2067,0.322,6.0,2.7252,3.2748,2.9528
2025-26,FAIL,10,safe,left,119,0.0,0.0,0.0,2.0,-1.594,3.594,3.594
2025-26,FAIL,11,balanced,entered,585,0.0876,0.0876,0.0876,1.0,-2.1112,3.1112,3.0236
2025-26,FAIL,11,balanced,entered,267,0.606,0.606,0.606,3.0,-1.0512,4.0512,3.4452
2025-26,FAIL,11,balanced,entered,411,0.7304,0.7304,0.7304,11.0,7.3912,3.6088,2.8784
2025-26,FAIL,11,balanced,entered,295,0.1184,0.1184,0.1184,15.0,11.4688,3.5312,3.4128
2025-26,FAIL,11,balanced,left,72,0.0692,0.0692,0.0692,2.0,-1.5284,3.5284,3.4592
2025-26,FAIL,11,balanced,left,241,-0.2084,-0.2084,-0.2084,2.0,-1.4704,3.4704,3.6788
2025-26,FAIL,11,balanced,left,299,0.1432,0.1432,0.1432,3.0,-0.6404,3.6404,3.4972
2025-26,FAIL,11,balanced,left,198,0.0,0.0,0.0,3.0,0.1108,2.8892,2.8892
2025-26,FAIL,11,safe,entered,257,0.2276,0.1273,0.2276,6.0,2.3508,3.6492,3.4216
2025-26,FAIL,11,safe,entered,714,0.0,0.0,0.0,5.0,1.8188,3.1812,3.1812
2025-26,FAIL,11,safe,entered,267,0.606,0.3398,0.606,3.0,-1.0512,4.0512,3.4452
2025-26,FAIL,11,safe,entered,670,0.0,0.0,0.0,2.0,-1.6044,3.6044,3.6044
2025-26,FAIL,11,safe,left,560,0.0,0.0,0.0,2.0,-1.008,3.008,3.008
2025-26,FAIL,11,safe,left,235,0.9984,-0.3373,0.9984,0.0,-4.9616,4.9616,3.9632
2025-26,FAIL,11,safe,left,470,0.0,0.0,0.0,2.0,-1.2572,3.2572,3.2572
2025-26,FAIL,11,safe,left,198,0.0,0.0,0.0,3.0,0.1108,2.8892,2.8892
2025-26,FAIL,12,balanced,entered,384,0.644,0.644,0.644,2.0,-2.0208,4.0208,3.3768
2025-26,FAIL,12,balanced,entered,283,0.1612,0.1612,0.1612,1.0,-2.5228,3.5228,3.3616
2025-26,FAIL,12,balanced,entered,452,0.2436,0.2436,0.2436,2.0,-1.7128,3.7128,3.4692
2025-26,FAIL,12,balanced,entered,348,0.0,0.0,0.0,3.0,-0.206,3.206,3.206
2025-26,FAIL,12,balanced,left,241,-0.1972,-0.1972,-0.1972,0.0,-3.3028,3.3028,3.5
2025-26,FAIL,12,balanced,left,215,0.0,0.0,0.0,2.0,-0.4112,2.4112,2.4112
2025-26,FAIL,12,balanced,left,373,0.07,0.07,0.07,3.0,-0.4568,3.4568,3.3868
2025-26,FAIL,12,balanced,left,119,0.0,0.0,0.0,1.0,-2.8044,3.8044,3.8044
2025-26,FAIL,12,safe,entered,384,0.644,0.3726,0.644,2.0,-2.0208,4.0208,3.3768
2025-26,FAIL,12,safe,entered,452,0.2436,0.1138,0.2436,2.0,-1.7128,3.7128,3.4692
2025-26,FAIL,12,safe,entered,469,-0.0144,0.0008,-0.0144,3.0,-0.3168,3.3168,3.3312
2025-26,FAIL,12,safe,entered,348,0.0,0.0,0.0,3.0,-0.206,3.206,3.206
2025-26,FAIL,12,safe,left,241,-0.1972,-0.0991,-0.1972,0.0,-3.3028,3.3028,3.5
2025-26,FAIL,12,safe,left,67,0.0,0.0,0.0,1.0,-2.0916,3.0916,3.0916
2025-26,FAIL,12,safe,left,191,0.0092,0.0078,0.0092,3.0,0.0636,2.9364,2.9272
2025-26,FAIL,12,safe,left,119,0.0,0.0,0.0,1.0,-2.8044,3.8044,3.8044
2025-26,FAIL,13,balanced,entered,267,0.5372,0.5372,0.5372,1.0,-2.8844,3.8844,3.3472
2025-26,FAIL,13,balanced,entered,100,0.0,0.0,0.0,1.0,-1.86,2.86,2.86
2025-26,FAIL,13,balanced,entered,411,0.6584,0.6584,0.6584,4.0,0.5116,3.4884,2.83
2025-26,FAIL,13,balanced,left,136,0.0,0.0,0.0,13.0,9.4428,3.5572,3.5572
2025-26,FAIL,13,balanced,left,241,-0.1324,-0.1324,-0.1324,-2.0,-5.3308,3.3308,3.4632
2025-26,FAIL,13,balanced,left,348,0.0,0.0,0.0,0.0,-2.8816,2.8816,2.8816
2025-26,FAIL,13,safe,entered,16,0.1444,0.1103,0.1444,5.0,1.1552,3.8448,3.7004
2025-26,FAIL,13,safe,entered,267,0.5372,0.3139,0.5372,1.0,-2.8844,3.8844,3.3472
2025-26,FAIL,13,safe,entered,237,0.1928,0.0984,0.1928,2.0,-1.8704,3.8704,3.6776
2025-26,FAIL,13,safe,left,241,-0.1324,-0.0485,-0.1324,-2.0,-5.3308,3.3308,3.4632
2025-26,FAIL,13,safe,left,235,0.8156,-0.3175,0.8156,0.0,-4.8084,4.8084,3.9928
2025-26,FAIL,13,safe,left,21,-0.0652,-0.0251,-0.0652,4.0,0.5184,3.4816,3.5468
2025-26,FAIL,14,balanced,entered,328,0.4728,0.4728,0.4728,2.0,-1.4372,3.4372,2.9644
2025-26,FAIL,14,balanced,entered,178,0.2716,0.2716,0.2716,1.0,-2.4532,3.4532,3.1816
2025-26,FAIL,14,balanced,entered,694,0.0,0.0,0.0,0.0,-3.0264,3.0264,3.0264
2025-26,FAIL,14,balanced,entered,283,0.16,0.16,0.16,2.0,-1.5496,3.5496,3.3896
2025-26,FAIL,14,balanced,entered,670,0.0,0.0,0.0,3.0,-0.2068,3.2068,3.2068
2025-26,FAIL,14,balanced,left,67,0.0,0.0,0.0,2.0,-1.0332,3.0332,3.0332
2025-26,FAIL,14,balanced,left,136,0.0,0.0,0.0,1.0,-2.3156,3.3156,3.3156
2025-26,FAIL,14,balanced,left,119,0.0,0.0,0.0,2.0,-1.5976,3.5976,3.5976
2025-26,FAIL,14,balanced,left,215,0.0,0.0,0.0,1.0,-1.3268,2.3268,2.3268
2025-26,FAIL,14,balanced,left,191,-0.052,-0.052,-0.052,4.0,1.0484,2.9516,3.0036
2025-26,FAIL,14,safe,entered,328,0.4728,0.2384,0.4728,2.0,-1.4372,3.4372,2.9644
2025-26,FAIL,14,safe,entered,178,0.2716,0.1487,0.2716,1.0,-2.4532,3.4532,3.1816
2025-26,FAIL,14,safe,entered,694,0.0,0.0,0.0,0.0,-3.0264,3.0264,3.0264
2025-26,FAIL,14,safe,entered,283,0.16,0.109,0.16,2.0,-1.5496,3.5496,3.3896
2025-26,FAIL,14,safe,entered,670,0.0,0.0,0.0,3.0,-0.2068,3.2068,3.2068
2025-26,FAIL,14,safe,left,517,0.0404,0.0499,0.0404,2.0,-1.2692,3.2692,3.2288
2025-26,FAIL,14,safe,left,136,0.0,0.0,0.0,1.0,-2.3156,3.3156,3.3156
2025-26,FAIL,14,safe,left,714,0.0,0.0,0.0,5.0,1.6712,3.3288,3.3288
2025-26,FAIL,14,safe,left,469,0.0568,0.0509,0.0568,0.0,-3.2828,3.2828,3.226
2025-26,FAIL,14,safe,left,191,-0.052,-0.0537,-0.052,4.0,1.0484,2.9516,3.0036
2025-26,FAIL,15,balanced,entered,235,0.6808,0.2194,0.6808,1.0,-3.194,4.194,3.5132
2025-26,FAIL,15,balanced,entered,470,0.0,0.0,0.0,3.0,-0.0016,3.0016,3.0016
2025-26,FAIL,15,balanced,entered,22,0.4324,0.4324,0.4324,1.0,-2.4988,3.4988,3.0664
2025-26,FAIL,15,balanced,entered,411,0.4696,0.4696,0.4696,6.0,2.444,3.556,3.0864
2025-26,FAIL,15,balanced,entered,348,0.0,0.0,0.0,1.0,-2.1708,3.1708,3.1708
2025-26,FAIL,15,balanced,entered,414,0.2224,0.2224,0.2224,12.0,8.2368,3.7632,3.5408
2025-26,FAIL,15,balanced,left,260,0.0,0.0,0.0,8.0,4.5756,3.4244,3.4244
2025-26,FAIL,15,balanced,left,684,0.0,0.0,0.0,2.0,-1.3716,3.3716,3.3716
2025-26,FAIL,15,balanced,left,173,0.1004,0.1004,0.1004,2.0,-1.2592,3.2592,3.1588
2025-26,FAIL,15,balanced,left,16,0.1156,0.1156,0.1156,4.0,0.3324,3.6676,3.552
2025-26,FAIL,15,balanced,left,82,0.0,0.0,0.0,3.0,-0.6552,3.6552,3.6552
2025-26,FAIL,15,balanced,left,565,-0.0068,-0.0068,-0.0068,6.0,2.6044,3.3956,3.4024
2025-26,FAIL,15,safe,entered,348,0.0,0.0,0.0,1.0,-2.1708,3.1708,3.1708
2025-26,FAIL,15,safe,entered,414,0.2224,0.1344,0.2224,12.0,8.2368,3.7632,3.5408
2025-26,FAIL,15,safe,left,82,0.0,0.0,0.0,3.0,-0.6552,3.6552,3.6552
2025-26,FAIL,15,safe,left,684,0.0,0.0,0.0,2.0,-1.3716,3.3716,3.3716
2025-26,FAIL,16,balanced,entered,384,0.3756,0.3756,0.3756,0.0,-3.8292,3.8292,3.4536
2025-26,FAIL,16,balanced,entered,606,0.1796,0.1796,0.1796,1.0,-2.4132,3.4132,3.2336
2025-26,FAIL,16,balanced,entered,283,0.2208,0.2208,0.2208,2.0,-1.8108,3.8108,3.59
2025-26,FAIL,16,balanced,entered,22,0.5444,0.5444,0.5444,1.0,-2.7476,3.7476,3.2032
2025-26,FAIL,16,balanced,left,119,0.0,0.0,0.0,2.0,-1.792,3.792,3.792
2025-26,FAIL,16,balanced,left,21,-0.0124,-0.0124,-0.0124,2.0,-1.6792,3.6792,3.6916
2025-26,FAIL,16,balanced,left,526,0.0,0.0,0.0,2.0,-0.5968,2.5968,2.5968
2025-26,FAIL,16,balanced,left,295,0.0856,0.0856,0.0856,1.0,-2.3548,3.3548,3.2692
2025-26,FAIL,16,safe,entered,606,0.1796,0.0712,0.1796,1.0,-2.4132,3.4132,3.2336
2025-26,FAIL,16,safe,entered,283,0.2208,0.136,0.2208,2.0,-1.8108,3.8108,3.59
2025-26,FAIL,16,safe,entered,22,0.5444,0.306,0.5444,1.0,-2.7476,3.7476,3.2032
2025-26,FAIL,16,safe,entered,295,0.0856,0.0358,0.0856,1.0,-2.3548,3.3548,3.2692
2025-26,FAIL,16,safe,left,191,-0.0104,-0.022,-0.0104,1.0,-2.0152,3.0152,3.0256
2025-26,FAIL,16,safe,left,106,0.13,0.0516,0.13,4.0,0.5208,3.4792,3.3492
2025-26,FAIL,16,safe,left,526,0.0,0.0,0.0,2.0,-0.5968,2.5968,2.5968
2025-26,FAIL,16,safe,left,119,0.0,0.0,0.0,2.0,-1.792,3.792,3.792
2025-26,FAIL,17,balanced,entered,217,0.0764,0.0764,0.0764,0.0,-2.1624,2.1624,2.086
2025-26,FAIL,17,balanced,entered,283,0.1892,0.1892,0.1892,2.0,-1.5456,3.5456,3.3564
2025-26,FAIL,17,balanced,entered,411,0.4496,0.4496,0.4496,6.0,2.4948,3.5052,3.0556
2025-26,FAIL,17,balanced,entered,348,0.0,0.0,0.0,2.0,-1.068,3.068,3.068
2025-26,FAIL,17,balanced,left,136,0.0,0.0,0.0,2.0,-1.3816,3.3816,3.3816
2025-26,FAIL,17,balanced,left,691,0.0,0.0,0.0,13.0,9.6868,3.3132,3.3132
2025-26,FAIL,17,balanced,left,260,0.0,0.0,0.0,1.0,-2.398,3.398,3.398
2025-26,FAIL,17,balanced,left,191,0.0104,0.0104,0.0104,0.0,-2.7104,2.7104,2.7
2025-26,FAIL,17,safe,entered,473,0.1332,0.0904,0.1332,2.0,-1.3972,3.3972,3.264
2025-26,FAIL,17,safe,entered,283,0.1892,0.1056,0.1892,2.0,-1.5456,3.5456,3.3564
2025-26,FAIL,17,safe,entered,470,0.0,0.0,0.0,2.0,-0.9284,2.9284,2.9284
2025-26,FAIL,17,safe,entered,191,0.0104,0.0047,0.0104,0.0,-2.7104,2.7104,2.7
2025-26,FAIL,17,safe,left,136,0.0,0.0,0.0,2.0,-1.3816,3.3816,3.3816
2025-26,FAIL,17,safe,left,67,0.0,0.0,0.0,2.0,-1.0936,3.0936,3.0936
2025-26,FAIL,17,safe,left,684,0.0,0.0,0.0,1.0,-2.3572,3.3572,3.3572
2025-26,FAIL,17,safe,left,348,0.0,0.0,0.0,2.0,-1.068,3.068,3.068
2025-26,FAIL,18,balanced,entered,606,0.0892,0.0892,0.0892,0.0,-3.3204,3.3204,3.2312
2025-26,FAIL,18,balanced,entered,283,0.0976,0.0976,0.0976,2.0,-1.6332,3.6332,3.5356
2025-26,FAIL,18,balanced,entered,470,0.0,0.0,0.0,11.0,7.8132,3.1868,3.1868
2025-26,FAIL,18,balanced,entered,447,0.0,0.0,0.0,8.0,4.998,3.002,3.002
2025-26,FAIL,18,balanced,left,136,0.0,0.0,0.0,5.0,1.468,3.532,3.532
2025-26,FAIL,18,balanced,left,670,0.0,0.0,0.0,3.0,-0.5288,3.5288,3.5288
2025-26,FAIL,18,balanced,left,190,-0.0304,-0.0304,-0.0304,9.0,6.012,2.988,3.0184
2025-26,FAIL,18,balanced,left,694,0.0,0.0,0.0,4.0,0.7944,3.2056,3.2056
2025-26,FAIL,18,safe,entered,72,0.0696,0.0619,0.0696,2.0,-1.3632,3.3632,3.2936
2025-26,FAIL,18,safe,entered,237,0.1844,0.1352,0.1844,1.0,-2.8324,3.8324,3.648
2025-26,FAIL,18,safe,entered,470,0.0,0.0,0.0,11.0,7.8132,3.1868,3.1868
2025-26,FAIL,18,safe,left,373,0.0376,0.0217,0.0376,2.0,-1.3972,3.3972,3.3596
2025-26,FAIL,18,safe,left,173,0.0764,0.06,0.0764,1.0,-2.0308,3.0308,2.9544
2025-26,FAIL,18,safe,left,670,0.0,0.0,0.0,3.0,-0.5288,3.5288,3.5288
2025-26,FAIL,19,balanced,entered,120,0.254,0.254,0.254,3.0,-0.704,3.704,3.45
2025-26,FAIL,19,balanced,entered,600,0.0336,0.0336,0.0336,2.0,-1.4676,3.4676,3.434
2025-26,FAIL,19,balanced,entered,691,0.0,0.0,0.0,1.0,-2.4232,3.4232,3.4232
2025-26,FAIL,19,balanced,entered,190,-0.0452,-0.0452,-0.0452,3.0,-0.1644,3.1644,3.2096
2025-26,FAIL,19,balanced,left,283,0.0484,0.0484,0.0484,9.0,5.3256,3.6744,3.626
2025-26,FAIL,19,balanced,left,125,0.0608,0.0608,0.0608,5.0,1.7972,3.2028,3.142
2025-26,FAIL,19,balanced,left,470,0.0,0.0,0.0,2.0,-1.4356,3.4356,3.4356
2025-26,FAIL,19,balanced,left,295,0.058,0.058,0.058,0.0,-3.3472,3.3472,3.2892
2025-26,FAIL,19,safe,entered,600,0.0336,0.0389,0.0336,2.0,-1.4676,3.4676,3.434
2025-26,FAIL,19,safe,entered,485,0.2604,0.1664,0.2604,5.0,1.3288,3.6712,3.4108
2025-26,FAIL,19,safe,entered,190,-0.0452,-0.0352,-0.0452,3.0,-0.1644,3.1644,3.2096
2025-26,FAIL,19,safe,left,417,0.0,0.0,0.0,5.0,1.6616,3.3384,3.3384
2025-26,FAIL,19,safe,left,470,0.0,0.0,0.0,2.0,-1.4356,3.4356,3.4356
2025-26,FAIL,19,safe,left,295,0.058,0.0,0.058,0.0,-3.3472,3.3472,3.2892
2025-26,FAIL,20,balanced,entered,684,0.0,0.0,0.0,17.0,13.722,3.278,3.278
2025-26,FAIL,20,balanced,entered,20,0.3292,0.3292,0.3292,1.0,-2.7356,3.7356,3.4064
2025-26,FAIL,20,balanced,entered,597,0.286,0.286,0.286,2.0,-1.2428,3.2428,2.9568
2025-26,FAIL,20,balanced,entered,694,0.0,0.0,0.0,4.0,0.946,3.054,3.054
2025-26,FAIL,20,balanced,entered,414,0.1328,0.1328,0.1328,2.0,-1.884,3.884,3.7512
2025-26,FAIL,20,balanced,left,417,0.0,0.0,0.0,4.0,0.2788,3.7212,3.7212
2025-26,FAIL,20,balanced,left,321,-0.078,-0.078,-0.078,3.0,-0.046,3.046,3.124
2025-26,FAIL,20,balanced,left,291,-0.0856,-0.0856,-0.0856,2.0,-1.242,3.242,3.3276
2025-26,FAIL,20,balanced,left,100,0.0,0.0,0.0,5.0,2.984,2.016,2.016
2025-26,FAIL,20,balanced,left,16,0.0184,0.0184,0.0184,4.0,0.1828,3.8172,3.7988
2025-26,FAIL,20,safe,entered,414,0.1328,0.1345,0.1328,2.0,-1.884,3.884,3.7512
2025-26,FAIL,20,safe,entered,20,0.3292,0.1907,0.3292,1.0,-2.7356,3.7356,3.4064
2025-26,FAIL,20,safe,entered,597,0.286,0.176,0.286,2.0,-1.2428,3.2428,2.9568
2025-26,FAIL,20,safe,entered,694,0.0,0.0,0.0,4.0,0.946,3.054,3.054
2025-26,FAIL,20,safe,left,136,0.0,0.0,0.0,17.0,13.8668,3.1332,3.1332
2025-26,FAIL,20,safe,left,82,0.0,0.0,0.0,1.0,-2.9584,3.9584,3.9584
2025-26,FAIL,20,safe,left,684,0.0,0.0,0.0,17.0,13.722,3.278,3.278
2025-26,FAIL,20,safe,left,21,-0.0448,-0.0499,-0.0448,17.0,13.4772,3.5228,3.5676
2025-26,FAIL,21,balanced,entered,485,0.3308,0.3308,0.3308,1.0,-2.878,3.878,3.5472
2025-26,FAIL,21,balanced,left,82,0.0,0.0,0.0,6.0,2.26,3.74,3.74
2025-26,FAIL,21,safe,entered,316,0.0844,0.0652,0.0844,2.0,-1.4424,3.4424,3.358
2025-26,FAIL,21,safe,entered,485,0.3308,0.218,0.3308,1.0,-2.878,3.878,3.5472
2025-26,FAIL,21,safe,left,417,0.0,0.0,0.0,1.0,-2.6812,3.6812,3.6812
2025-26,FAIL,21,safe,left,106,-0.0116,-0.0174,-0.0116,13.0,9.542,3.458,3.4696
2025-26,FAIL,22,balanced,entered,169,0.2784,0.2784,0.2784,2.0,-1.3184,3.3184,3.04
2025-26,FAIL,22,balanced,entered,139,0.0,0.0,0.0,2.0,-1.0948,3.0948,3.0948
2025-26,FAIL,22,balanced,entered,235,0.6608,0.6608,0.6608,9.0,4.8,4.2,3.5392
2025-26,FAIL,22,balanced,left,449,0.102,0.068,0.102,10.0,6.1488,3.8512,3.7492
2025-26,FAIL,22,balanced,left,417,0.0,0.0,0.0,1.0,-2.6348,3.6348,3.6348
2025-26,FAIL,22,balanced,left,470,0.0,0.0,0.0,5.0,1.9756,3.0244,3.0244
2025-26,FAIL,22,safe,entered,344,0.0,0.0,0.0,0.0,-3.0168,3.0168,3.0168
2025-26,FAIL,22,safe,entered,235,0.6608,0.4065,0.6608,9.0,4.8,4.2,3.5392
2025-26,FAIL,22,safe,entered,597,0.2904,0.1978,0.2904,0.0,-3.2304,3.2304,2.94
2025-26,FAIL,22,safe,entered,470,0.0,0.0,0.0,5.0,1.9756,3.0244,3.0244
2025-26,FAIL,22,safe,left,32,-0.0088,-0.0021,-0.0088,2.0,-1.182,3.182,3.1908
2025-26,FAIL,22,safe,left,21,0.0024,0.0052,0.0024,3.0,-0.6056,3.6056,3.6032
2025-26,FAIL,22,safe,left,136,0.0,0.0,0.0,2.0,-1.6372,3.6372,3.6372
2025-26,FAIL,22,safe,left,295,0.0164,0.0036,0.0164,0.0,-3.1684,3.1684,3.152
2025-26,FAIL,25,balanced,entered,106,0.0,0.0,0.0,0.0,-3.4132,3.4132,3.4132
2025-26,FAIL,25,balanced,entered,343,0.0,0.0,0.0,4.0,0.732,3.268,3.268
2025-26,FAIL,25,balanced,entered,487,0.4164,0.4164,0.4164,2.0,-2.1344,4.1344,3.718
2025-26,FAIL,25,balanced,left,706,0.0,0.0,0.0,7.0,3.8092,3.1908,3.1908
2025-26,FAIL,25,balanced,left,21,0.0,0.0,0.0,5.0,1.2148,3.7852,3.7852
2025-26,FAIL,25,balanced,left,77,0.0484,0.0484,0.0484,7.0,3.9212,3.0788,3.0304
2025-26,FAIL,25,safe,entered,139,0.0,0.0,0.0,3.0,-0.1824,3.1824,3.1824
2025-26,FAIL,25,safe,entered,5,0.0616,0.0177,0.0616,6.0,2.1836,3.8164,3.7548
2025-26,FAIL,25,safe,entered,487,0.4164,0.2307,0.4164,2.0,-2.1344,4.1344,3.718
2025-26,FAIL,25,safe,left,106,0.0,0.0,0.0,0.0,-3.4132,3.4132,3.4132
2025-26,FAIL,25,safe,left,469,-0.1012,-0.0801,-0.1012,2.0,-1.0916,3.0916,3.1928
2025-26,FAIL,25,safe,left,382,0.0,0.0,0.0,2.0,-1.9148,3.9148,3.9148
2025-26,FAIL,26,balanced,entered,634,0.1244,0.1244,0.1244,9.0,3.634,5.366,5.2416
2025-26,FAIL,26,balanced,left,633,-0.0064,-0.0064,-0.0064,8.0,2.6888,5.3112,5.3176
2025-26,FAIL,28,balanced,entered,706,0.0,0.0,0.0,2.0,-1.1956,3.1956,3.1956
2025-26,FAIL,28,balanced,entered,235,0.2096,0.2096,0.2096,1.0,-3.2432,4.2432,4.0336
2025-26,FAIL,28,balanced,entered,341,0.0,0.0,0.0,3.0,0.114,2.886,2.886
2025-26,FAIL,28,balanced,left,16,0.016,0.016,0.016,2.0,-2.1572,4.1572,4.1412
2025-26,FAIL,28,balanced,left,628,0.0196,0.0196,0.0196,8.0,4.7796,3.2204,3.2008
2025-26,FAIL,28,balanced,left,343,0.0,0.0,0.0,2.0,-1.2924,3.2924,3.2924
2025-26,FAIL,28,safe,entered,624,0.0,0.0,0.0,7.0,3.8688,3.1312,3.1312
2025-26,FAIL,28,safe,entered,77,0.1416,0.1023,0.1416,2.0,-1.4264,3.4264,3.2848
2025-26,FAIL,28,safe,left,291,0.0,0.0,0.0,3.0,-0.4204,3.4204,3.4204
2025-26,FAIL,28,safe,left,691,0.0,0.0,0.0,2.0,-1.4436,3.4436,3.4436
2025-26,FAIL,29,safe,entered,628,0.0048,0.0181,0.0048,3.0,-0.2172,3.2172,3.2124
2025-26,FAIL,29,safe,entered,77,0.1356,0.0729,0.1356,8.0,4.7792,3.2208,3.0852
2025-26,FAIL,29,safe,left,572,-0.0704,-0.0321,-0.0704,0.0,-3.226,3.226,3.2964
2025-26,FAIL,29,safe,left,470,0.0,0.0,0.0,2.0,-1.1044,3.1044,3.1044
2025-26,FAIL,30,balanced,entered,191,0.0,0.0,0.0,6.0,3.0876,2.9124,2.9124
2025-26,FAIL,30,balanced,entered,547,0.0,0.0,0.0,0.0,-3.4512,3.4512,3.4512
2025-26,FAIL,30,balanced,entered,341,0.0,0.0,0.0,6.0,3.4616,2.5384,2.5384
2025-26,FAIL,30,balanced,entered,235,0.2732,0.2732,0.2732,2.0,-2.7384,4.7384,4.4652
2025-26,FAIL,30,balanced,left,723,0.0,0.0,0.0,11.0,7.346,3.654,3.654
2025-26,FAIL,30,balanced,left,517,0.0,0.0,0.0,2.0,-1.8808,3.8808,3.8808
2025-26,FAIL,30,balanced,left,502,0.0,0.0,0.0,6.0,2.8036,3.1964,3.1964
2025-26,FAIL,30,balanced,left,119,0.0,0.0,0.0,2.0,-2.4888,4.4888,4.4888
2025-26,FAIL,31,balanced,entered,235,0.0984,0.0984,0.0984,2.0,-1.9588,3.9588,3.8604
2025-26,FAIL,31,balanced,left,457,0.0,0.0,0.0,1.0,-2.93,3.93,3.93
2025-26,FAIL,32,balanced,entered,191,0.0,0.0,0.0,2.0,-0.9964,2.9964,2.9964
2025-26,FAIL,32,balanced,entered,706,0.0,0.0,0.0,1.0,-1.7124,2.7124,2.7124
2025-26,FAIL,32,balanced,entered,547,0.0,0.0,0.0,3.0,-0.4548,3.4548,3.4548
2025-26,FAIL,32,balanced,entered,235,0.1472,0.1472,0.1472,4.0,-0.6592,4.6592,4.512
2025-26,FAIL,32,balanced,left,457,0.0,0.0,0.0,9.0,4.95,4.05,4.05
2025-26,FAIL,32,balanced,left,606,0.0,0.0,0.0,21.0,17.554,3.446,3.446
2025-26,FAIL,32,balanced,left,113,0.0,0.0,0.0,3.0,-0.7808,3.7808,3.7808
2025-26,FAIL,32,balanced,left,119,0.0,0.0,0.0,1.0,-3.3048,4.3048,4.3048
